2026-07-31 10:31:28 [INFO] CUDA 初始化成功
2026-07-31 10:31:28 [INFO] 引擎加载成功: dangerous.engine
2026-07-31 10:31:28 [INFO] 检测系统初始化成功
2026-07-31 10:31:30 [INFO] 引擎加载成功: dangerous.engine
2026-07-31 10:31:30 [INFO] 检测系统初始化成功
2026-07-31 10:31:31 [INFO] 图像预处理完成，原始尺寸: (2160, 3840)
2026-07-31 10:31:31 [INFO] 开始执行目标检测...
2026-07-31 10:31:31 [INFO] 检测完成，找到 0 个物体
2026-07-31 10:31:31 [INFO] 引擎上下文已释放
2026-07-31 10:31:31 [INFO] TensorRT 引擎已释放
2026-07-31 10:31:31 [INFO] 全局 CUDA 资源已释放
2026-07-31 10:31:31 [INFO] 检测系统资源已释放
2026-07-31 10:31:36 [INFO] CUDA 初始化成功
2026-07-31 10:31:36 [INFO] 引擎加载成功: dangerous.engine
2026-07-31 10:31:36 [INFO] 检测系统初始化成功
2026-07-31 10:31:36 [INFO] 图像预处理完成，原始尺寸: (2160, 3840)
2026-07-31 10:31:36 [INFO] 开始执行目标检测...
2026-07-31 10:31:36 [INFO] 检测完成，找到 1 个物体
2026-07-31 10:31:36 [INFO] 物体 1: FireExt1 (置信度: 0.36)
2026-07-31 10:31:36 [INFO] 准备保存检测结果到: C:\code\show\Scrap_Steel_In_Field\photos\dangerous_det\detection_20260731_103136.jpg
2026-07-31 10:31:36 [INFO] 图像形状: (2160, 3840, 3)
2026-07-31 10:31:36 [INFO] 图像数据类型: uint8
2026-07-31 10:31:36 [INFO] 图像最大值: 255
2026-07-31 10:31:36 [INFO] 图像最小值: 0
2026-07-31 10:31:36 [INFO] 开始保存检测结果图像: 图像尺寸=(2160, 3840, 3), 类型=uint8, 路径=C:\code\show\Scrap_Steel_In_Field\photos\dangerous_det\detection_20260731_103136.jpg
2026-07-31 10:31:36 [INFO] 成功保存检测结果到: C:\code\show\Scrap_Steel_In_Field\photos\dangerous_det\detection_20260731_103136.jpg
2026-07-31 10:31:36 [INFO] 保存的检测结果文件大小: 1357507 字节
2026-07-31 10:31:36 [INFO] 引擎上下文已释放
2026-07-31 10:31:36 [INFO] TensorRT 引擎已释放
2026-07-31 10:31:36 [INFO] 全局 CUDA 资源已释放
2026-07-31 10:31:36 [INFO] 检测系统资源已释放
2026-07-31 10:31:41 [INFO] CUDA 初始化成功
2026-07-31 10:31:41 [INFO] 引擎加载成功: dangerous.engine
2026-07-31 10:31:41 [INFO] 检测系统初始化成功
2026-07-31 10:31:41 [INFO] 图像预处理完成，原始尺寸: (2160, 3840)
2026-07-31 10:31:41 [INFO] 开始执行目标检测...
2026-07-31 10:31:41 [INFO] 检测完成，找到 2 个物体
2026-07-31 10:31:41 [INFO] 物体 1: FireExt1 (置信度: 0.40)
2026-07-31 10:31:41 [INFO] 物体 2: GasCyl1 (置信度: 0.40)
2026-07-31 10:31:41 [INFO] 准备保存检测结果到: C:\code\show\Scrap_Steel_In_Field\photos\dangerous_det\detection_20260731_103141.jpg
2026-07-31 10:31:41 [INFO] 图像形状: (2160, 3840, 3)
2026-07-31 10:31:41 [INFO] 图像数据类型: uint8
2026-07-31 10:31:41 [INFO] 图像最大值: 255
2026-07-31 10:31:41 [INFO] 图像最小值: 0
2026-07-31 10:31:41 [INFO] 开始保存检测结果图像: 图像尺寸=(2160, 3840, 3), 类型=uint8, 路径=C:\code\show\Scrap_Steel_In_Field\photos\dangerous_det\detection_20260731_103141.jpg
2026-07-31 10:31:41 [INFO] 成功保存检测结果到: C:\code\show\Scrap_Steel_In_Field\photos\dangerous_det\detection_20260731_103141.jpg
2026-07-31 10:31:41 [INFO] 保存的检测结果文件大小: 1358114 字节
2026-07-31 10:31:41 [INFO] 引擎上下文已释放
2026-07-31 10:31:41 [INFO] TensorRT 引擎已释放
2026-07-31 10:31:41 [INFO] 全局 CUDA 资源已释放
2026-07-31 10:31:41 [INFO] 检测系统资源已释放
2026-07-31 10:31:47 [INFO] CUDA 初始化成功
2026-07-31 10:31:47 [INFO] 引擎加载成功: dangerous.engine
2026-07-31 10:31:47 [INFO] 检测系统初始化成功
2026-07-31 10:31:47 [INFO] 图像预处理完成，原始尺寸: (2160, 3840)
2026-07-31 10:31:47 [INFO] 开始执行目标检测...
2026-07-31 10:31:47 [INFO] 检测完成，找到 1 个物体
2026-07-31 10:31:47 [INFO] 物体 1: FireExt1 (置信度: 0.39)
2026-07-31 10:31:47 [INFO] 准备保存检测结果到: C:\code\show\Scrap_Steel_In_Field\photos\dangerous_det\detection_20260731_103147.jpg
2026-07-31 10:31:47 [INFO] 图像形状: (2160, 3840, 3)
2026-07-31 10:31:47 [INFO] 图像数据类型: uint8
2026-07-31 10:31:47 [INFO] 图像最大值: 255
2026-07-31 10:31:47 [INFO] 图像最小值: 0
2026-07-31 10:31:47 [INFO] 开始保存检测结果图像: 图像尺寸=(2160, 3840, 3), 类型=uint8, 路径=C:\code\show\Scrap_Steel_In_Field\photos\dangerous_det\detection_20260731_103147.jpg
2026-07-31 10:31:47 [INFO] 成功保存检测结果到: C:\code\show\Scrap_Steel_In_Field\photos\dangerous_det\detection_20260731_103147.jpg
2026-07-31 10:31:47 [INFO] 保存的检测结果文件大小: 1351273 字节
2026-07-31 10:31:47 [INFO] 引擎上下文已释放
2026-07-31 10:31:47 [INFO] TensorRT 引擎已释放
2026-07-31 10:31:47 [INFO] 全局 CUDA 资源已释放
2026-07-31 10:31:47 [INFO] 检测系统资源已释放
2026-07-31 10:31:52 [INFO] CUDA 初始化成功
2026-07-31 10:31:52 [INFO] 引擎加载成功: dangerous.engine
2026-07-31 10:31:52 [INFO] 检测系统初始化成功
2026-07-31 10:31:52 [INFO] 图像预处理完成，原始尺寸: (2160, 3840)
2026-07-31 10:31:52 [INFO] 开始执行目标检测...
2026-07-31 10:31:52 [INFO] 检测完成，找到 3 个物体
2026-07-31 10:31:52 [INFO] 物体 1: GasCyl1 (置信度: 0.45)
2026-07-31 10:31:52 [INFO] 物体 2: FireExt1 (置信度: 0.39)
2026-07-31 10:31:52 [INFO] 物体 3: GasCyl1 (置信度: 0.38)
2026-07-31 10:31:52 [INFO] 准备保存检测结果到: C:\code\show\Scrap_Steel_In_Field\photos\dangerous_det\detection_20260731_103152.jpg
2026-07-31 10:31:52 [INFO] 图像形状: (2160, 3840, 3)
2026-07-31 10:31:52 [INFO] 图像数据类型: uint8
2026-07-31 10:31:52 [INFO] 图像最大值: 255
2026-07-31 10:31:52 [INFO] 图像最小值: 0
2026-07-31 10:31:52 [INFO] 开始保存检测结果图像: 图像尺寸=(2160, 3840, 3), 类型=uint8, 路径=C:\code\show\Scrap_Steel_In_Field\photos\dangerous_det\detection_20260731_103152.jpg
2026-07-31 10:31:52 [INFO] 成功保存检测结果到: C:\code\show\Scrap_Steel_In_Field\photos\dangerous_det\detection_20260731_103152.jpg
2026-07-31 10:31:52 [INFO] 保存的检测结果文件大小: 1343448 字节
2026-07-31 10:31:52 [INFO] 引擎上下文已释放
2026-07-31 10:31:53 [INFO] TensorRT 引擎已释放
2026-07-31 10:31:53 [INFO] 全局 CUDA 资源已释放
2026-07-31 10:31:53 [INFO] 检测系统资源已释放
2026-07-31 10:31:57 [INFO] CUDA 初始化成功
2026-07-31 10:31:57 [INFO] 引擎加载成功: dangerous.engine
2026-07-31 10:31:57 [INFO] 检测系统初始化成功
2026-07-31 10:31:57 [INFO] 图像预处理完成，原始尺寸: (2160, 3840)
2026-07-31 10:31:57 [INFO] 开始执行目标检测...
2026-07-31 10:31:57 [INFO] 检测完成，找到 1 个物体
2026-07-31 10:31:57 [INFO] 物体 1: FireExt1 (置信度: 0.38)
2026-07-31 10:31:57 [INFO] 准备保存检测结果到: C:\code\show\Scrap_Steel_In_Field\photos\dangerous_det\detection_20260731_103157.jpg
2026-07-31 10:31:57 [INFO] 图像形状: (2160, 3840, 3)
2026-07-31 10:31:57 [INFO] 图像数据类型: uint8
2026-07-31 10:31:57 [INFO] 图像最大值: 255
2026-07-31 10:31:57 [INFO] 图像最小值: 0
2026-07-31 10:31:57 [INFO] 开始保存检测结果图像: 图像尺寸=(2160, 3840, 3), 类型=uint8, 路径=C:\code\show\Scrap_Steel_In_Field\photos\dangerous_det\detection_20260731_103157.jpg
2026-07-31 10:31:57 [INFO] 成功保存检测结果到: C:\code\show\Scrap_Steel_In_Field\photos\dangerous_det\detection_20260731_103157.jpg
2026-07-31 10:31:57 [INFO] 保存的检测结果文件大小: 1363020 字节
2026-07-31 10:31:57 [INFO] 引擎上下文已释放
2026-07-31 10:31:58 [INFO] TensorRT 引擎已释放
2026-07-31 10:31:58 [INFO] 全局 CUDA 资源已释放
2026-07-31 10:31:58 [INFO] 检测系统资源已释放
2026-07-31 10:32:04 [INFO] CUDA 初始化成功
2026-07-31 10:32:04 [INFO] 引擎加载成功: dangerous.engine
2026-07-31 10:32:04 [INFO] 检测系统初始化成功
2026-07-31 10:32:04 [INFO] 图像预处理完成，原始尺寸: (2160, 3840)
2026-07-31 10:32:04 [INFO] 开始执行目标检测...
2026-07-31 10:32:04 [INFO] 检测完成，找到 2 个物体
2026-07-31 10:32:04 [INFO] 物体 1: GasCyl1 (置信度: 0.42)
2026-07-31 10:32:04 [INFO] 物体 2: FireExt1 (置信度: 0.39)
2026-07-31 10:32:04 [INFO] 准备保存检测结果到: C:\code\show\Scrap_Steel_In_Field\photos\dangerous_det\detection_20260731_103204.jpg
2026-07-31 10:32:04 [INFO] 图像形状: (2160, 3840, 3)
2026-07-31 10:32:04 [INFO] 图像数据类型: uint8
2026-07-31 10:32:04 [INFO] 图像最大值: 255
2026-07-31 10:32:04 [INFO] 图像最小值: 0
2026-07-31 10:32:04 [INFO] 开始保存检测结果图像: 图像尺寸=(2160, 3840, 3), 类型=uint8, 路径=C:\code\show\Scrap_Steel_In_Field\photos\dangerous_det\detection_20260731_103204.jpg
2026-07-31 10:32:04 [INFO] 成功保存检测结果到: C:\code\show\Scrap_Steel_In_Field\photos\dangerous_det\detection_20260731_103204.jpg
2026-07-31 10:32:04 [INFO] 保存的检测结果文件大小: 1354068 字节
2026-07-31 10:32:04 [INFO] 引擎上下文已释放
2026-07-31 10:32:04 [INFO] TensorRT 引擎已释放
2026-07-31 10:32:04 [INFO] 全局 CUDA 资源已释放
2026-07-31 10:32:04 [INFO] 检测系统资源已释放
2026-07-31 10:32:08 [INFO] CUDA 初始化成功
2026-07-31 10:32:08 [INFO] 引擎加载成功: dangerous.engine
2026-07-31 10:32:08 [INFO] 检测系统初始化成功
2026-07-31 10:32:08 [INFO] 图像预处理完成，原始尺寸: (2160, 3840)
2026-07-31 10:32:08 [INFO] 开始执行目标检测...
2026-07-31 10:32:08 [INFO] 检测完成，找到 3 个物体
2026-07-31 10:32:08 [INFO] 物体 1: FireExt1 (置信度: 0.38)
2026-07-31 10:32:08 [INFO] 物体 2: GasCyl1 (置信度: 0.37)
2026-07-31 10:32:08 [INFO] 物体 3: FireExt1 (置信度: 0.35)
2026-07-31 10:32:08 [INFO] 准备保存检测结果到: C:\code\show\Scrap_Steel_In_Field\photos\dangerous_det\detection_20260731_103208.jpg
2026-07-31 10:32:08 [INFO] 图像形状: (2160, 3840, 3)
2026-07-31 10:32:08 [INFO] 图像数据类型: uint8
2026-07-31 10:32:08 [INFO] 图像最大值: 255
2026-07-31 10:32:08 [INFO] 图像最小值: 0
2026-07-31 10:32:08 [INFO] 开始保存检测结果图像: 图像尺寸=(2160, 3840, 3), 类型=uint8, 路径=C:\code\show\Scrap_Steel_In_Field\photos\dangerous_det\detection_20260731_103208.jpg
2026-07-31 10:32:08 [INFO] 成功保存检测结果到: C:\code\show\Scrap_Steel_In_Field\photos\dangerous_det\detection_20260731_103208.jpg
2026-07-31 10:32:08 [INFO] 保存的检测结果文件大小: 1363935 字节
2026-07-31 10:32:08 [INFO] 引擎上下文已释放
2026-07-31 10:32:08 [INFO] TensorRT 引擎已释放
2026-07-31 10:32:08 [INFO] 全局 CUDA 资源已释放
2026-07-31 10:32:08 [INFO] 检测系统资源已释放
2026-07-31 10:32:13 [INFO] CUDA 初始化成功
2026-07-31 10:32:13 [INFO] 引擎加载成功: dangerous.engine
2026-07-31 10:32:13 [INFO] 检测系统初始化成功
2026-07-31 10:32:13 [INFO] 图像预处理完成，原始尺寸: (2160, 3840)
2026-07-31 10:32:13 [INFO] 开始执行目标检测...
2026-07-31 10:32:13 [INFO] 检测完成，找到 3 个物体
2026-07-31 10:32:13 [INFO] 物体 1: GasCyl1 (置信度: 0.40)
2026-07-31 10:32:13 [INFO] 物体 2: FireExt1 (置信度: 0.39)
2026-07-31 10:32:13 [INFO] 物体 3: FireExt1 (置信度: 0.35)
2026-07-31 10:32:14 [INFO] 准备保存检测结果到: C:\code\show\Scrap_Steel_In_Field\photos\dangerous_det\detection_20260731_103214.jpg
2026-07-31 10:32:14 [INFO] 图像形状: (2160, 3840, 3)
2026-07-31 10:32:14 [INFO] 图像数据类型: uint8
2026-07-31 10:32:14 [INFO] 图像最大值: 255
2026-07-31 10:32:14 [INFO] 图像最小值: 0
2026-07-31 10:32:14 [INFO] 开始保存检测结果图像: 图像尺寸=(2160, 3840, 3), 类型=uint8, 路径=C:\code\show\Scrap_Steel_In_Field\photos\dangerous_det\detection_20260731_103214.jpg
2026-07-31 10:32:14 [INFO] 成功保存检测结果到: C:\code\show\Scrap_Steel_In_Field\photos\dangerous_det\detection_20260731_103214.jpg
2026-07-31 10:32:14 [INFO] 保存的检测结果文件大小: 1361325 字节
2026-07-31 10:32:14 [INFO] 引擎上下文已释放
2026-07-31 10:32:14 [INFO] TensorRT 引擎已释放
2026-07-31 10:32:14 [INFO] 全局 CUDA 资源已释放
2026-07-31 10:32:14 [INFO] 检测系统资源已释放
2026-07-31 10:32:19 [INFO] CUDA 初始化成功
2026-07-31 10:32:19 [INFO] 引擎加载成功: dangerous.engine
2026-07-31 10:32:19 [INFO] 检测系统初始化成功
2026-07-31 10:32:19 [INFO] 图像预处理完成，原始尺寸: (2160, 3840)
2026-07-31 10:32:19 [INFO] 开始执行目标检测...
2026-07-31 10:32:19 [INFO] 检测完成，找到 1 个物体
2026-07-31 10:32:19 [INFO] 物体 1: GasCyl1 (置信度: 0.36)
2026-07-31 10:32:19 [INFO] 准备保存检测结果到: C:\code\show\Scrap_Steel_In_Field\photos\dangerous_det\detection_20260731_103219.jpg
2026-07-31 10:32:19 [INFO] 图像形状: (2160, 3840, 3)
2026-07-31 10:32:19 [INFO] 图像数据类型: uint8
2026-07-31 10:32:19 [INFO] 图像最大值: 255
2026-07-31 10:32:19 [INFO] 图像最小值: 0
2026-07-31 10:32:19 [INFO] 开始保存检测结果图像: 图像尺寸=(2160, 3840, 3), 类型=uint8, 路径=C:\code\show\Scrap_Steel_In_Field\photos\dangerous_det\detection_20260731_103219.jpg
2026-07-31 10:32:19 [INFO] 成功保存检测结果到: C:\code\show\Scrap_Steel_In_Field\photos\dangerous_det\detection_20260731_103219.jpg
2026-07-31 10:32:19 [INFO] 保存的检测结果文件大小: 1375853 字节
2026-07-31 10:32:19 [INFO] 引擎上下文已释放
2026-07-31 10:32:19 [INFO] TensorRT 引擎已释放
2026-07-31 10:32:19 [INFO] 全局 CUDA 资源已释放
2026-07-31 10:32:19 [INFO] 检测系统资源已释放
2026-07-31 10:32:24 [INFO] CUDA 初始化成功
2026-07-31 10:32:24 [INFO] 引擎加载成功: dangerous.engine
2026-07-31 10:32:24 [INFO] 检测系统初始化成功
2026-07-31 10:32:24 [INFO] 图像预处理完成，原始尺寸: (2160, 3840)
2026-07-31 10:32:24 [INFO] 开始执行目标检测...
2026-07-31 10:32:24 [INFO] 检测完成，找到 1 个物体
2026-07-31 10:32:24 [INFO] 物体 1: FireExt1 (置信度: 0.41)
2026-07-31 10:32:24 [INFO] 准备保存检测结果到: C:\code\show\Scrap_Steel_In_Field\photos\dangerous_det\detection_20260731_103224.jpg
2026-07-31 10:32:24 [INFO] 图像形状: (2160, 3840, 3)
2026-07-31 10:32:24 [INFO] 图像数据类型: uint8
2026-07-31 10:32:24 [INFO] 图像最大值: 255
2026-07-31 10:32:24 [INFO] 图像最小值: 0
2026-07-31 10:32:24 [INFO] 开始保存检测结果图像: 图像尺寸=(2160, 3840, 3), 类型=uint8, 路径=C:\code\show\Scrap_Steel_In_Field\photos\dangerous_det\detection_20260731_103224.jpg
2026-07-31 10:32:24 [INFO] 成功保存检测结果到: C:\code\show\Scrap_Steel_In_Field\photos\dangerous_det\detection_20260731_103224.jpg
2026-07-31 10:32:24 [INFO] 保存的检测结果文件大小: 1364859 字节
2026-07-31 10:32:24 [INFO] 引擎上下文已释放
2026-07-31 10:32:24 [INFO] TensorRT 引擎已释放
2026-07-31 10:32:25 [INFO] 全局 CUDA 资源已释放
2026-07-31 10:32:25 [INFO] 检测系统资源已释放
2026-07-31 10:32:29 [INFO] CUDA 初始化成功
2026-07-31 10:32:29 [INFO] 引擎加载成功: dangerous.engine
2026-07-31 10:32:29 [INFO] 检测系统初始化成功
2026-07-31 10:32:29 [INFO] 图像预处理完成，原始尺寸: (2160, 3840)
2026-07-31 10:32:29 [INFO] 开始执行目标检测...
2026-07-31 10:32:29 [INFO] 检测完成，找到 2 个物体
2026-07-31 10:32:29 [INFO] 物体 1: FireExt1 (置信度: 0.41)
2026-07-31 10:32:29 [INFO] 物体 2: GasCyl1 (置信度: 0.38)
2026-07-31 10:32:29 [INFO] 准备保存检测结果到: C:\code\show\Scrap_Steel_In_Field\photos\dangerous_det\detection_20260731_103229.jpg
2026-07-31 10:32:29 [INFO] 图像形状: (2160, 3840, 3)
2026-07-31 10:32:29 [INFO] 图像数据类型: uint8
2026-07-31 10:32:29 [INFO] 图像最大值: 255
2026-07-31 10:32:29 [INFO] 图像最小值: 0
2026-07-31 10:32:29 [INFO] 开始保存检测结果图像: 图像尺寸=(2160, 3840, 3), 类型=uint8, 路径=C:\code\show\Scrap_Steel_In_Field\photos\dangerous_det\detection_20260731_103229.jpg
2026-07-31 10:32:29 [INFO] 成功保存检测结果到: C:\code\show\Scrap_Steel_In_Field\photos\dangerous_det\detection_20260731_103229.jpg
2026-07-31 10:32:29 [INFO] 保存的检测结果文件大小: 1364752 字节
2026-07-31 10:32:29 [INFO] 引擎上下文已释放
2026-07-31 10:32:30 [INFO] TensorRT 引擎已释放
2026-07-31 10:32:30 [INFO] 全局 CUDA 资源已释放
2026-07-31 10:32:30 [INFO] 检测系统资源已释放
2026-07-31 10:32:34 [INFO] CUDA 初始化成功
2026-07-31 10:32:35 [INFO] 引擎加载成功: dangerous.engine
2026-07-31 10:32:35 [INFO] 检测系统初始化成功
2026-07-31 10:32:35 [INFO] 图像预处理完成，原始尺寸: (2160, 3840)
2026-07-31 10:32:35 [INFO] 开始执行目标检测...
2026-07-31 10:32:35 [INFO] 检测完成，找到 1 个物体
2026-07-31 10:32:35 [INFO] 物体 1: FireExt1 (置信度: 0.42)
2026-07-31 10:32:35 [INFO] 准备保存检测结果到: C:\code\show\Scrap_Steel_In_Field\photos\dangerous_det\detection_20260731_103235.jpg
2026-07-31 10:32:35 [INFO] 图像形状: (2160, 3840, 3)
2026-07-31 10:32:35 [INFO] 图像数据类型: uint8
2026-07-31 10:32:35 [INFO] 图像最大值: 255
2026-07-31 10:32:35 [INFO] 图像最小值: 0
2026-07-31 10:32:35 [INFO] 开始保存检测结果图像: 图像尺寸=(2160, 3840, 3), 类型=uint8, 路径=C:\code\show\Scrap_Steel_In_Field\photos\dangerous_det\detection_20260731_103235.jpg
2026-07-31 10:32:35 [INFO] 成功保存检测结果到: C:\code\show\Scrap_Steel_In_Field\photos\dangerous_det\detection_20260731_103235.jpg
2026-07-31 10:32:35 [INFO] 保存的检测结果文件大小: 1373689 字节
2026-07-31 10:32:35 [INFO] 引擎上下文已释放
2026-07-31 10:32:35 [INFO] TensorRT 引擎已释放
2026-07-31 10:32:35 [INFO] 全局 CUDA 资源已释放
2026-07-31 10:32:35 [INFO] 检测系统资源已释放
2026-07-31 10:32:40 [INFO] CUDA 初始化成功
2026-07-31 10:32:40 [INFO] 引擎加载成功: dangerous.engine
2026-07-31 10:32:40 [INFO] 检测系统初始化成功
2026-07-31 10:32:40 [INFO] 图像预处理完成，原始尺寸: (2160, 3840)
2026-07-31 10:32:40 [INFO] 开始执行目标检测...
2026-07-31 10:32:40 [INFO] 检测完成，找到 2 个物体
2026-07-31 10:32:40 [INFO] 物体 1: GasCyl1 (置信度: 0.40)
2026-07-31 10:32:40 [INFO] 物体 2: FireExt1 (置信度: 0.38)
2026-07-31 10:32:40 [INFO] 准备保存检测结果到: C:\code\show\Scrap_Steel_In_Field\photos\dangerous_det\detection_20260731_103240.jpg
2026-07-31 10:32:40 [INFO] 图像形状: (2160, 3840, 3)
2026-07-31 10:32:40 [INFO] 图像数据类型: uint8
2026-07-31 10:32:40 [INFO] 图像最大值: 255
2026-07-31 10:32:40 [INFO] 图像最小值: 0
2026-07-31 10:32:40 [INFO] 开始保存检测结果图像: 图像尺寸=(2160, 3840, 3), 类型=uint8, 路径=C:\code\show\Scrap_Steel_In_Field\photos\dangerous_det\detection_20260731_103240.jpg
2026-07-31 10:32:40 [INFO] 成功保存检测结果到: C:\code\show\Scrap_Steel_In_Field\photos\dangerous_det\detection_20260731_103240.jpg
2026-07-31 10:32:40 [INFO] 保存的检测结果文件大小: 1375996 字节
2026-07-31 10:32:40 [INFO] 引擎上下文已释放
2026-07-31 10:32:40 [INFO] TensorRT 引擎已释放
2026-07-31 10:32:40 [INFO] 全局 CUDA 资源已释放
2026-07-31 10:32:40 [INFO] 检测系统资源已释放
2026-07-31 10:32:45 [INFO] CUDA 初始化成功
2026-07-31 10:32:45 [INFO] 引擎加载成功: dangerous.engine
2026-07-31 10:32:45 [INFO] 检测系统初始化成功
2026-07-31 10:32:45 [INFO] 图像预处理完成，原始尺寸: (2160, 3840)
2026-07-31 10:32:45 [INFO] 开始执行目标检测...
2026-07-31 10:32:45 [INFO] 检测完成，找到 3 个物体
2026-07-31 10:32:45 [INFO] 物体 1: GasCyl1 (置信度: 0.43)
2026-07-31 10:32:45 [INFO] 物体 2: FireExt1 (置信度: 0.38)
2026-07-31 10:32:45 [INFO] 物体 3: GasCyl1 (置信度: 0.36)
2026-07-31 10:32:45 [INFO] 准备保存检测结果到: C:\code\show\Scrap_Steel_In_Field\photos\dangerous_det\detection_20260731_103245.jpg
2026-07-31 10:32:45 [INFO] 图像形状: (2160, 3840, 3)
2026-07-31 10:32:45 [INFO] 图像数据类型: uint8
2026-07-31 10:32:45 [INFO] 图像最大值: 255
2026-07-31 10:32:45 [INFO] 图像最小值: 0
2026-07-31 10:32:45 [INFO] 开始保存检测结果图像: 图像尺寸=(2160, 3840, 3), 类型=uint8, 路径=C:\code\show\Scrap_Steel_In_Field\photos\dangerous_det\detection_20260731_103245.jpg
2026-07-31 10:32:45 [INFO] 成功保存检测结果到: C:\code\show\Scrap_Steel_In_Field\photos\dangerous_det\detection_20260731_103245.jpg
2026-07-31 10:32:45 [INFO] 保存的检测结果文件大小: 1423274 字节
2026-07-31 10:32:45 [INFO] 引擎上下文已释放
2026-07-31 10:32:45 [INFO] TensorRT 引擎已释放
2026-07-31 10:32:45 [INFO] 全局 CUDA 资源已释放
2026-07-31 10:32:45 [INFO] 检测系统资源已释放
2026-07-31 10:32:50 [INFO] CUDA 初始化成功
2026-07-31 10:32:50 [INFO] 引擎加载成功: dangerous.engine
2026-07-31 10:32:50 [INFO] 检测系统初始化成功
2026-07-31 10:32:50 [INFO] 图像预处理完成，原始尺寸: (2160, 3840)
2026-07-31 10:32:50 [INFO] 开始执行目标检测...
2026-07-31 10:32:50 [INFO] 检测完成，找到 2 个物体
2026-07-31 10:32:50 [INFO] 物体 1: FireExt1 (置信度: 0.41)
2026-07-31 10:32:50 [INFO] 物体 2: GasCyl1 (置信度: 0.40)
2026-07-31 10:32:50 [INFO] 准备保存检测结果到: C:\code\show\Scrap_Steel_In_Field\photos\dangerous_det\detection_20260731_103250.jpg
2026-07-31 10:32:50 [INFO] 图像形状: (2160, 3840, 3)
2026-07-31 10:32:50 [INFO] 图像数据类型: uint8
2026-07-31 10:32:50 [INFO] 图像最大值: 255
2026-07-31 10:32:50 [INFO] 图像最小值: 0
2026-07-31 10:32:50 [INFO] 开始保存检测结果图像: 图像尺寸=(2160, 3840, 3), 类型=uint8, 路径=C:\code\show\Scrap_Steel_In_Field\photos\dangerous_det\detection_20260731_103250.jpg
2026-07-31 10:32:50 [INFO] 成功保存检测结果到: C:\code\show\Scrap_Steel_In_Field\photos\dangerous_det\detection_20260731_103250.jpg
2026-07-31 10:32:50 [INFO] 保存的检测结果文件大小: 1402764 字节
2026-07-31 10:32:50 [INFO] 引擎上下文已释放
2026-07-31 10:32:50 [INFO] TensorRT 引擎已释放
2026-07-31 10:32:50 [INFO] 全局 CUDA 资源已释放
2026-07-31 10:32:50 [INFO] 检测系统资源已释放
2026-07-31 10:32:55 [INFO] CUDA 初始化成功
2026-07-31 10:32:55 [INFO] 引擎加载成功: dangerous.engine
2026-07-31 10:32:55 [INFO] 检测系统初始化成功
2026-07-31 10:32:55 [INFO] 图像预处理完成，原始尺寸: (2160, 3840)
2026-07-31 10:32:55 [INFO] 开始执行目标检测...
2026-07-31 10:32:55 [INFO] 检测完成，找到 2 个物体
2026-07-31 10:32:55 [INFO] 物体 1: FireExt1 (置信度: 0.42)
2026-07-31 10:32:55 [INFO] 物体 2: FireExt1 (置信度: 0.39)
2026-07-31 10:32:55 [INFO] 准备保存检测结果到: C:\code\show\Scrap_Steel_In_Field\photos\dangerous_det\detection_20260731_103255.jpg
2026-07-31 10:32:55 [INFO] 图像形状: (2160, 3840, 3)
2026-07-31 10:32:55 [INFO] 图像数据类型: uint8
2026-07-31 10:32:55 [INFO] 图像最大值: 255
2026-07-31 10:32:55 [INFO] 图像最小值: 0
2026-07-31 10:32:55 [INFO] 开始保存检测结果图像: 图像尺寸=(2160, 3840, 3), 类型=uint8, 路径=C:\code\show\Scrap_Steel_In_Field\photos\dangerous_det\detection_20260731_103255.jpg
2026-07-31 10:32:55 [INFO] 成功保存检测结果到: C:\code\show\Scrap_Steel_In_Field\photos\dangerous_det\detection_20260731_103255.jpg
2026-07-31 10:32:55 [INFO] 保存的检测结果文件大小: 1420388 字节
2026-07-31 10:32:55 [INFO] 引擎上下文已释放
2026-07-31 10:32:55 [INFO] TensorRT 引擎已释放
2026-07-31 10:32:55 [INFO] 全局 CUDA 资源已释放
2026-07-31 10:32:55 [INFO] 检测系统资源已释放
2026-07-31 10:33:01 [INFO] CUDA 初始化成功
2026-07-31 10:33:01 [INFO] 引擎加载成功: dangerous.engine
2026-07-31 10:33:01 [INFO] 检测系统初始化成功
2026-07-31 10:33:01 [INFO] 图像预处理完成，原始尺寸: (2160, 3840)
2026-07-31 10:33:01 [INFO] 开始执行目标检测...
2026-07-31 10:33:01 [INFO] 检测完成，找到 2 个物体
2026-07-31 10:33:01 [INFO] 物体 1: FireExt1 (置信度: 0.41)
2026-07-31 10:33:01 [INFO] 物体 2: FireExt1 (置信度: 0.38)
2026-07-31 10:33:01 [INFO] 准备保存检测结果到: C:\code\show\Scrap_Steel_In_Field\photos\dangerous_det\detection_20260731_103301.jpg
2026-07-31 10:33:01 [INFO] 图像形状: (2160, 3840, 3)
2026-07-31 10:33:01 [INFO] 图像数据类型: uint8
2026-07-31 10:33:01 [INFO] 图像最大值: 255
2026-07-31 10:33:01 [INFO] 图像最小值: 0
2026-07-31 10:33:01 [INFO] 开始保存检测结果图像: 图像尺寸=(2160, 3840, 3), 类型=uint8, 路径=C:\code\show\Scrap_Steel_In_Field\photos\dangerous_det\detection_20260731_103301.jpg
2026-07-31 10:33:01 [INFO] 成功保存检测结果到: C:\code\show\Scrap_Steel_In_Field\photos\dangerous_det\detection_20260731_103301.jpg
2026-07-31 10:33:01 [INFO] 保存的检测结果文件大小: 1398378 字节
2026-07-31 10:33:01 [INFO] 引擎上下文已释放
2026-07-31 10:33:01 [INFO] TensorRT 引擎已释放
2026-07-31 10:33:01 [INFO] 全局 CUDA 资源已释放
2026-07-31 10:33:01 [INFO] 检测系统资源已释放
2026-07-31 10:33:06 [INFO] CUDA 初始化成功
2026-07-31 10:33:06 [INFO] 引擎加载成功: dangerous.engine
2026-07-31 10:33:06 [INFO] 检测系统初始化成功
2026-07-31 10:33:06 [INFO] 图像预处理完成，原始尺寸: (2160, 3840)
2026-07-31 10:33:06 [INFO] 开始执行目标检测...
2026-07-31 10:33:06 [INFO] 检测完成，找到 2 个物体
2026-07-31 10:33:06 [INFO] 物体 1: FireExt1 (置信度: 0.41)
2026-07-31 10:33:06 [INFO] 物体 2: GasCyl1 (置信度: 0.36)
2026-07-31 10:33:06 [INFO] 准备保存检测结果到: C:\code\show\Scrap_Steel_In_Field\photos\dangerous_det\detection_20260731_103306.jpg
2026-07-31 10:33:06 [INFO] 图像形状: (2160, 3840, 3)
2026-07-31 10:33:06 [INFO] 图像数据类型: uint8
2026-07-31 10:33:06 [INFO] 图像最大值: 255
2026-07-31 10:33:06 [INFO] 图像最小值: 0
2026-07-31 10:33:06 [INFO] 开始保存检测结果图像: 图像尺寸=(2160, 3840, 3), 类型=uint8, 路径=C:\code\show\Scrap_Steel_In_Field\photos\dangerous_det\detection_20260731_103306.jpg
2026-07-31 10:33:06 [INFO] 成功保存检测结果到: C:\code\show\Scrap_Steel_In_Field\photos\dangerous_det\detection_20260731_103306.jpg
2026-07-31 10:33:06 [INFO] 保存的检测结果文件大小: 1417594 字节
2026-07-31 10:33:06 [INFO] 引擎上下文已释放
2026-07-31 10:33:06 [INFO] TensorRT 引擎已释放
2026-07-31 10:33:06 [INFO] 全局 CUDA 资源已释放
2026-07-31 10:33:06 [INFO] 检测系统资源已释放
2026-07-31 10:33:11 [INFO] CUDA 初始化成功
2026-07-31 10:33:11 [INFO] 引擎加载成功: dangerous.engine
2026-07-31 10:33:11 [INFO] 检测系统初始化成功
2026-07-31 10:33:11 [INFO] 图像预处理完成，原始尺寸: (2160, 3840)
2026-07-31 10:33:11 [INFO] 开始执行目标检测...
2026-07-31 10:33:11 [INFO] 检测完成，找到 2 个物体
2026-07-31 10:33:11 [INFO] 物体 1: FireExt1 (置信度: 0.39)
2026-07-31 10:33:11 [INFO] 物体 2: GasCyl1 (置信度: 0.37)
2026-07-31 10:33:11 [INFO] 准备保存检测结果到: C:\code\show\Scrap_Steel_In_Field\photos\dangerous_det\detection_20260731_103311.jpg
2026-07-31 10:33:11 [INFO] 图像形状: (2160, 3840, 3)
2026-07-31 10:33:11 [INFO] 图像数据类型: uint8
2026-07-31 10:33:11 [INFO] 图像最大值: 255
2026-07-31 10:33:11 [INFO] 图像最小值: 0
2026-07-31 10:33:11 [INFO] 开始保存检测结果图像: 图像尺寸=(2160, 3840, 3), 类型=uint8, 路径=C:\code\show\Scrap_Steel_In_Field\photos\dangerous_det\detection_20260731_103311.jpg
2026-07-31 10:33:11 [INFO] 成功保存检测结果到: C:\code\show\Scrap_Steel_In_Field\photos\dangerous_det\detection_20260731_103311.jpg
2026-07-31 10:33:11 [INFO] 保存的检测结果文件大小: 1417983 字节
2026-07-31 10:33:11 [INFO] 引擎上下文已释放
2026-07-31 10:33:12 [INFO] TensorRT 引擎已释放
2026-07-31 10:33:12 [INFO] 全局 CUDA 资源已释放
2026-07-31 10:33:12 [INFO] 检测系统资源已释放
2026-07-31 10:33:16 [INFO] CUDA 初始化成功
2026-07-31 10:33:16 [INFO] 引擎加载成功: dangerous.engine
2026-07-31 10:33:16 [INFO] 检测系统初始化成功
2026-07-31 10:33:16 [INFO] 图像预处理完成，原始尺寸: (2160, 3840)
2026-07-31 10:33:16 [INFO] 开始执行目标检测...
2026-07-31 10:33:16 [INFO] 检测完成，找到 3 个物体
2026-07-31 10:33:16 [INFO] 物体 1: GasCyl1 (置信度: 0.39)
2026-07-31 10:33:16 [INFO] 物体 2: FireExt1 (置信度: 0.37)
2026-07-31 10:33:16 [INFO] 物体 3: FireExt1 (置信度: 0.36)
2026-07-31 10:33:16 [INFO] 准备保存检测结果到: C:\code\show\Scrap_Steel_In_Field\photos\dangerous_det\detection_20260731_103316.jpg
2026-07-31 10:33:16 [INFO] 图像形状: (2160, 3840, 3)
2026-07-31 10:33:16 [INFO] 图像数据类型: uint8
2026-07-31 10:33:16 [INFO] 图像最大值: 255
2026-07-31 10:33:16 [INFO] 图像最小值: 0
2026-07-31 10:33:16 [INFO] 开始保存检测结果图像: 图像尺寸=(2160, 3840, 3), 类型=uint8, 路径=C:\code\show\Scrap_Steel_In_Field\photos\dangerous_det\detection_20260731_103316.jpg
2026-07-31 10:33:16 [INFO] 成功保存检测结果到: C:\code\show\Scrap_Steel_In_Field\photos\dangerous_det\detection_20260731_103316.jpg
2026-07-31 10:33:16 [INFO] 保存的检测结果文件大小: 1419532 字节
2026-07-31 10:33:16 [INFO] 引擎上下文已释放
2026-07-31 10:33:17 [INFO] TensorRT 引擎已释放
2026-07-31 10:33:17 [INFO] 全局 CUDA 资源已释放
2026-07-31 10:33:17 [INFO] 检测系统资源已释放
2026-07-31 10:33:21 [INFO] CUDA 初始化成功
2026-07-31 10:33:21 [INFO] 引擎加载成功: dangerous.engine
2026-07-31 10:33:21 [INFO] 检测系统初始化成功
2026-07-31 10:33:21 [INFO] 图像预处理完成，原始尺寸: (2160, 3840)
2026-07-31 10:33:21 [INFO] 开始执行目标检测...
2026-07-31 10:33:21 [INFO] 检测完成，找到 1 个物体
2026-07-31 10:33:21 [INFO] 物体 1: FireExt1 (置信度: 0.38)
2026-07-31 10:33:21 [INFO] 准备保存检测结果到: C:\code\show\Scrap_Steel_In_Field\photos\dangerous_det\detection_20260731_103321.jpg
2026-07-31 10:33:21 [INFO] 图像形状: (2160, 3840, 3)
2026-07-31 10:33:21 [INFO] 图像数据类型: uint8
2026-07-31 10:33:21 [INFO] 图像最大值: 255
2026-07-31 10:33:21 [INFO] 图像最小值: 0
2026-07-31 10:33:21 [INFO] 开始保存检测结果图像: 图像尺寸=(2160, 3840, 3), 类型=uint8, 路径=C:\code\show\Scrap_Steel_In_Field\photos\dangerous_det\detection_20260731_103321.jpg
2026-07-31 10:33:21 [INFO] 成功保存检测结果到: C:\code\show\Scrap_Steel_In_Field\photos\dangerous_det\detection_20260731_103321.jpg
2026-07-31 10:33:21 [INFO] 保存的检测结果文件大小: 1427112 字节
2026-07-31 10:33:21 [INFO] 引擎上下文已释放
2026-07-31 10:33:22 [INFO] TensorRT 引擎已释放
2026-07-31 10:33:22 [INFO] 全局 CUDA 资源已释放
2026-07-31 10:33:22 [INFO] 检测系统资源已释放
2026-07-31 10:33:27 [INFO] CUDA 初始化成功
2026-07-31 10:33:27 [INFO] 引擎加载成功: dangerous.engine
2026-07-31 10:33:27 [INFO] 检测系统初始化成功
2026-07-31 10:33:27 [INFO] 图像预处理完成，原始尺寸: (2160, 3840)
2026-07-31 10:33:27 [INFO] 开始执行目标检测...
2026-07-31 10:33:27 [INFO] 检测完成，找到 3 个物体
2026-07-31 10:33:27 [INFO] 物体 1: GasCyl1 (置信度: 0.46)
2026-07-31 10:33:27 [INFO] 物体 2: FireExt1 (置信度: 0.40)
2026-07-31 10:33:27 [INFO] 物体 3: FireExt1 (置信度: 0.37)
2026-07-31 10:33:27 [INFO] 准备保存检测结果到: C:\code\show\Scrap_Steel_In_Field\photos\dangerous_det\detection_20260731_103327.jpg
2026-07-31 10:33:27 [INFO] 图像形状: (2160, 3840, 3)
2026-07-31 10:33:27 [INFO] 图像数据类型: uint8
2026-07-31 10:33:27 [INFO] 图像最大值: 255
2026-07-31 10:33:27 [INFO] 图像最小值: 0
2026-07-31 10:33:27 [INFO] 开始保存检测结果图像: 图像尺寸=(2160, 3840, 3), 类型=uint8, 路径=C:\code\show\Scrap_Steel_In_Field\photos\dangerous_det\detection_20260731_103327.jpg
2026-07-31 10:33:27 [INFO] 成功保存检测结果到: C:\code\show\Scrap_Steel_In_Field\photos\dangerous_det\detection_20260731_103327.jpg
2026-07-31 10:33:27 [INFO] 保存的检测结果文件大小: 1426896 字节
2026-07-31 10:33:27 [INFO] 引擎上下文已释放
2026-07-31 10:33:27 [INFO] TensorRT 引擎已释放
2026-07-31 10:33:27 [INFO] 全局 CUDA 资源已释放
2026-07-31 10:33:27 [INFO] 检测系统资源已释放
2026-07-31 10:33:32 [INFO] CUDA 初始化成功
2026-07-31 10:33:32 [INFO] 引擎加载成功: dangerous.engine
2026-07-31 10:33:32 [INFO] 检测系统初始化成功
2026-07-31 10:33:32 [INFO] 图像预处理完成，原始尺寸: (2160, 3840)
2026-07-31 10:33:32 [INFO] 开始执行目标检测...
2026-07-31 10:33:32 [INFO] 检测完成，找到 2 个物体
2026-07-31 10:33:32 [INFO] 物体 1: FireExt1 (置信度: 0.40)
2026-07-31 10:33:32 [INFO] 物体 2: GasCyl1 (置信度: 0.39)
2026-07-31 10:33:32 [INFO] 准备保存检测结果到: C:\code\show\Scrap_Steel_In_Field\photos\dangerous_det\detection_20260731_103332.jpg
2026-07-31 10:33:32 [INFO] 图像形状: (2160, 3840, 3)
2026-07-31 10:33:32 [INFO] 图像数据类型: uint8
2026-07-31 10:33:32 [INFO] 图像最大值: 255
2026-07-31 10:33:32 [INFO] 图像最小值: 0
2026-07-31 10:33:32 [INFO] 开始保存检测结果图像: 图像尺寸=(2160, 3840, 3), 类型=uint8, 路径=C:\code\show\Scrap_Steel_In_Field\photos\dangerous_det\detection_20260731_103332.jpg
2026-07-31 10:33:32 [INFO] 成功保存检测结果到: C:\code\show\Scrap_Steel_In_Field\photos\dangerous_det\detection_20260731_103332.jpg
2026-07-31 10:33:32 [INFO] 保存的检测结果文件大小: 1422267 字节
2026-07-31 10:33:32 [INFO] 引擎上下文已释放
2026-07-31 10:33:32 [INFO] TensorRT 引擎已释放
2026-07-31 10:33:32 [INFO] 全局 CUDA 资源已释放
2026-07-31 10:33:32 [INFO] 检测系统资源已释放
2026-07-31 10:33:37 [INFO] CUDA 初始化成功
2026-07-31 10:33:37 [INFO] 引擎加载成功: dangerous.engine
2026-07-31 10:33:37 [INFO] 检测系统初始化成功
2026-07-31 10:33:37 [INFO] 图像预处理完成，原始尺寸: (2160, 3840)
2026-07-31 10:33:37 [INFO] 开始执行目标检测...
2026-07-31 10:33:37 [INFO] 检测完成，找到 2 个物体
2026-07-31 10:33:37 [INFO] 物体 1: FireExt1 (置信度: 0.42)
2026-07-31 10:33:37 [INFO] 物体 2: GasCyl1 (置信度: 0.36)
2026-07-31 10:33:37 [INFO] 准备保存检测结果到: C:\code\show\Scrap_Steel_In_Field\photos\dangerous_det\detection_20260731_103337.jpg
2026-07-31 10:33:37 [INFO] 图像形状: (2160, 3840, 3)
2026-07-31 10:33:37 [INFO] 图像数据类型: uint8
2026-07-31 10:33:37 [INFO] 图像最大值: 255
2026-07-31 10:33:37 [INFO] 图像最小值: 0
2026-07-31 10:33:37 [INFO] 开始保存检测结果图像: 图像尺寸=(2160, 3840, 3), 类型=uint8, 路径=C:\code\show\Scrap_Steel_In_Field\photos\dangerous_det\detection_20260731_103337.jpg
2026-07-31 10:33:37 [INFO] 成功保存检测结果到: C:\code\show\Scrap_Steel_In_Field\photos\dangerous_det\detection_20260731_103337.jpg
2026-07-31 10:33:37 [INFO] 保存的检测结果文件大小: 1427549 字节
2026-07-31 10:33:37 [INFO] 引擎上下文已释放
2026-07-31 10:33:37 [INFO] TensorRT 引擎已释放
2026-07-31 10:33:37 [INFO] 全局 CUDA 资源已释放
2026-07-31 10:33:37 [INFO] 检测系统资源已释放
2026-07-31 10:33:42 [INFO] CUDA 初始化成功
2026-07-31 10:33:42 [INFO] 引擎加载成功: dangerous.engine
2026-07-31 10:33:42 [INFO] 检测系统初始化成功
2026-07-31 10:33:42 [INFO] 图像预处理完成，原始尺寸: (2160, 3840)
2026-07-31 10:33:42 [INFO] 开始执行目标检测...
2026-07-31 10:33:42 [INFO] 检测完成，找到 1 个物体
2026-07-31 10:33:42 [INFO] 物体 1: FireExt1 (置信度: 0.42)
2026-07-31 10:33:43 [INFO] 准备保存检测结果到: C:\code\show\Scrap_Steel_In_Field\photos\dangerous_det\detection_20260731_103343.jpg
2026-07-31 10:33:43 [INFO] 图像形状: (2160, 3840, 3)
2026-07-31 10:33:43 [INFO] 图像数据类型: uint8
2026-07-31 10:33:43 [INFO] 图像最大值: 255
2026-07-31 10:33:43 [INFO] 图像最小值: 0
2026-07-31 10:33:43 [INFO] 开始保存检测结果图像: 图像尺寸=(2160, 3840, 3), 类型=uint8, 路径=C:\code\show\Scrap_Steel_In_Field\photos\dangerous_det\detection_20260731_103343.jpg
2026-07-31 10:33:43 [INFO] 成功保存检测结果到: C:\code\show\Scrap_Steel_In_Field\photos\dangerous_det\detection_20260731_103343.jpg
2026-07-31 10:33:43 [INFO] 保存的检测结果文件大小: 1418923 字节
2026-07-31 10:33:43 [INFO] 引擎上下文已释放
2026-07-31 10:33:43 [INFO] TensorRT 引擎已释放
2026-07-31 10:33:43 [INFO] 全局 CUDA 资源已释放
2026-07-31 10:33:43 [INFO] 检测系统资源已释放
2026-07-31 10:33:48 [INFO] CUDA 初始化成功
2026-07-31 10:33:48 [INFO] 引擎加载成功: dangerous.engine
2026-07-31 10:33:48 [INFO] 检测系统初始化成功
2026-07-31 10:33:48 [INFO] 图像预处理完成，原始尺寸: (2160, 3840)
2026-07-31 10:33:48 [INFO] 开始执行目标检测...
2026-07-31 10:33:48 [INFO] 检测完成，找到 3 个物体
2026-07-31 10:33:48 [INFO] 物体 1: FireExt1 (置信度: 0.40)
2026-07-31 10:33:48 [INFO] 物体 2: GasCyl1 (置信度: 0.39)
2026-07-31 10:33:48 [INFO] 物体 3: GasCyl1 (置信度: 0.35)
2026-07-31 10:33:48 [INFO] 准备保存检测结果到: C:\code\show\Scrap_Steel_In_Field\photos\dangerous_det\detection_20260731_103348.jpg
2026-07-31 10:33:48 [INFO] 图像形状: (2160, 3840, 3)
2026-07-31 10:33:48 [INFO] 图像数据类型: uint8
2026-07-31 10:33:48 [INFO] 图像最大值: 255
2026-07-31 10:33:48 [INFO] 图像最小值: 0
2026-07-31 10:33:48 [INFO] 开始保存检测结果图像: 图像尺寸=(2160, 3840, 3), 类型=uint8, 路径=C:\code\show\Scrap_Steel_In_Field\photos\dangerous_det\detection_20260731_103348.jpg
2026-07-31 10:33:48 [INFO] 成功保存检测结果到: C:\code\show\Scrap_Steel_In_Field\photos\dangerous_det\detection_20260731_103348.jpg
2026-07-31 10:33:48 [INFO] 保存的检测结果文件大小: 1444439 字节
2026-07-31 10:33:48 [INFO] 引擎上下文已释放
2026-07-31 10:33:48 [INFO] TensorRT 引擎已释放
2026-07-31 10:33:48 [INFO] 全局 CUDA 资源已释放
2026-07-31 10:33:48 [INFO] 检测系统资源已释放
2026-07-31 10:33:53 [INFO] CUDA 初始化成功
2026-07-31 10:33:53 [INFO] 引擎加载成功: dangerous.engine
2026-07-31 10:33:53 [INFO] 检测系统初始化成功
2026-07-31 10:33:53 [INFO] 图像预处理完成，原始尺寸: (2160, 3840)
2026-07-31 10:33:53 [INFO] 开始执行目标检测...
2026-07-31 10:33:53 [INFO] 检测完成，找到 1 个物体
2026-07-31 10:33:53 [INFO] 物体 1: FireExt1 (置信度: 0.44)
2026-07-31 10:33:53 [INFO] 准备保存检测结果到: C:\code\show\Scrap_Steel_In_Field\photos\dangerous_det\detection_20260731_103353.jpg
2026-07-31 10:33:53 [INFO] 图像形状: (2160, 3840, 3)
2026-07-31 10:33:53 [INFO] 图像数据类型: uint8
2026-07-31 10:33:53 [INFO] 图像最大值: 255
2026-07-31 10:33:53 [INFO] 图像最小值: 0
2026-07-31 10:33:53 [INFO] 开始保存检测结果图像: 图像尺寸=(2160, 3840, 3), 类型=uint8, 路径=C:\code\show\Scrap_Steel_In_Field\photos\dangerous_det\detection_20260731_103353.jpg
2026-07-31 10:33:53 [INFO] 成功保存检测结果到: C:\code\show\Scrap_Steel_In_Field\photos\dangerous_det\detection_20260731_103353.jpg
2026-07-31 10:33:53 [INFO] 保存的检测结果文件大小: 1443117 字节
2026-07-31 10:33:53 [INFO] 引擎上下文已释放
2026-07-31 10:33:53 [INFO] TensorRT 引擎已释放
2026-07-31 10:33:53 [INFO] 全局 CUDA 资源已释放
2026-07-31 10:33:53 [INFO] 检测系统资源已释放
2026-07-31 10:33:58 [INFO] CUDA 初始化成功
2026-07-31 10:33:58 [INFO] 引擎加载成功: dangerous.engine
2026-07-31 10:33:58 [INFO] 检测系统初始化成功
2026-07-31 10:33:58 [INFO] 图像预处理完成，原始尺寸: (2160, 3840)
2026-07-31 10:33:58 [INFO] 开始执行目标检测...
2026-07-31 10:33:58 [INFO] 检测完成，找到 2 个物体
2026-07-31 10:33:58 [INFO] 物体 1: GasCyl1 (置信度: 0.40)
2026-07-31 10:33:58 [INFO] 物体 2: FireExt1 (置信度: 0.40)
2026-07-31 10:33:58 [INFO] 准备保存检测结果到: C:\code\show\Scrap_Steel_In_Field\photos\dangerous_det\detection_20260731_103358.jpg
2026-07-31 10:33:58 [INFO] 图像形状: (2160, 3840, 3)
2026-07-31 10:33:58 [INFO] 图像数据类型: uint8
2026-07-31 10:33:58 [INFO] 图像最大值: 255
2026-07-31 10:33:58 [INFO] 图像最小值: 0
2026-07-31 10:33:58 [INFO] 开始保存检测结果图像: 图像尺寸=(2160, 3840, 3), 类型=uint8, 路径=C:\code\show\Scrap_Steel_In_Field\photos\dangerous_det\detection_20260731_103358.jpg
2026-07-31 10:33:58 [INFO] 成功保存检测结果到: C:\code\show\Scrap_Steel_In_Field\photos\dangerous_det\detection_20260731_103358.jpg
2026-07-31 10:33:58 [INFO] 保存的检测结果文件大小: 1435157 字节
2026-07-31 10:33:59 [INFO] 引擎上下文已释放
2026-07-31 10:33:59 [INFO] TensorRT 引擎已释放
2026-07-31 10:33:59 [INFO] 全局 CUDA 资源已释放
2026-07-31 10:33:59 [INFO] 检测系统资源已释放
2026-07-31 10:34:03 [INFO] CUDA 初始化成功
2026-07-31 10:34:03 [INFO] 引擎加载成功: dangerous.engine
2026-07-31 10:34:03 [INFO] 检测系统初始化成功
2026-07-31 10:34:03 [INFO] 图像预处理完成，原始尺寸: (2160, 3840)
2026-07-31 10:34:03 [INFO] 开始执行目标检测...
2026-07-31 10:34:03 [INFO] 检测完成，找到 2 个物体
2026-07-31 10:34:03 [INFO] 物体 1: FireExt1 (置信度: 0.43)
2026-07-31 10:34:03 [INFO] 物体 2: GasCyl1 (置信度: 0.42)
2026-07-31 10:34:03 [INFO] 准备保存检测结果到: C:\code\show\Scrap_Steel_In_Field\photos\dangerous_det\detection_20260731_103403.jpg
2026-07-31 10:34:03 [INFO] 图像形状: (2160, 3840, 3)
2026-07-31 10:34:03 [INFO] 图像数据类型: uint8
2026-07-31 10:34:03 [INFO] 图像最大值: 255
2026-07-31 10:34:03 [INFO] 图像最小值: 0
2026-07-31 10:34:03 [INFO] 开始保存检测结果图像: 图像尺寸=(2160, 3840, 3), 类型=uint8, 路径=C:\code\show\Scrap_Steel_In_Field\photos\dangerous_det\detection_20260731_103403.jpg
2026-07-31 10:34:04 [INFO] 成功保存检测结果到: C:\code\show\Scrap_Steel_In_Field\photos\dangerous_det\detection_20260731_103403.jpg
2026-07-31 10:34:04 [INFO] 保存的检测结果文件大小: 1443072 字节
2026-07-31 10:34:04 [INFO] 引擎上下文已释放
2026-07-31 10:34:04 [INFO] TensorRT 引擎已释放
2026-07-31 10:34:04 [INFO] 全局 CUDA 资源已释放
2026-07-31 10:34:04 [INFO] 检测系统资源已释放
2026-07-31 10:34:09 [INFO] CUDA 初始化成功
2026-07-31 10:34:09 [INFO] 引擎加载成功: dangerous.engine
2026-07-31 10:34:09 [INFO] 检测系统初始化成功
2026-07-31 10:34:09 [INFO] 图像预处理完成，原始尺寸: (2160, 3840)
2026-07-31 10:34:09 [INFO] 开始执行目标检测...
2026-07-31 10:34:09 [INFO] 检测完成，找到 3 个物体
2026-07-31 10:34:09 [INFO] 物体 1: FireExt1 (置信度: 0.42)
2026-07-31 10:34:09 [INFO] 物体 2: FireExt1 (置信度: 0.39)
2026-07-31 10:34:09 [INFO] 物体 3: GasCyl1 (置信度: 0.37)
2026-07-31 10:34:09 [INFO] 准备保存检测结果到: C:\code\show\Scrap_Steel_In_Field\photos\dangerous_det\detection_20260731_103409.jpg
2026-07-31 10:34:09 [INFO] 图像形状: (2160, 3840, 3)
2026-07-31 10:34:09 [INFO] 图像数据类型: uint8
2026-07-31 10:34:09 [INFO] 图像最大值: 255
2026-07-31 10:34:09 [INFO] 图像最小值: 0
2026-07-31 10:34:09 [INFO] 开始保存检测结果图像: 图像尺寸=(2160, 3840, 3), 类型=uint8, 路径=C:\code\show\Scrap_Steel_In_Field\photos\dangerous_det\detection_20260731_103409.jpg
2026-07-31 10:34:09 [INFO] 成功保存检测结果到: C:\code\show\Scrap_Steel_In_Field\photos\dangerous_det\detection_20260731_103409.jpg
2026-07-31 10:34:09 [INFO] 保存的检测结果文件大小: 1451523 字节
2026-07-31 10:34:09 [INFO] 引擎上下文已释放
2026-07-31 10:34:09 [INFO] TensorRT 引擎已释放
2026-07-31 10:34:09 [INFO] 全局 CUDA 资源已释放
2026-07-31 10:34:09 [INFO] 检测系统资源已释放
2026-07-31 10:34:14 [INFO] CUDA 初始化成功
2026-07-31 10:34:14 [INFO] 引擎加载成功: dangerous.engine
2026-07-31 10:34:14 [INFO] 检测系统初始化成功
2026-07-31 10:34:14 [INFO] 图像预处理完成，原始尺寸: (2160, 3840)
2026-07-31 10:34:14 [INFO] 开始执行目标检测...
2026-07-31 10:34:14 [INFO] 检测完成，找到 3 个物体
2026-07-31 10:34:14 [INFO] 物体 1: GasCyl1 (置信度: 0.46)
2026-07-31 10:34:14 [INFO] 物体 2: FireExt1 (置信度: 0.42)
2026-07-31 10:34:14 [INFO] 物体 3: FireExt1 (置信度: 0.35)
2026-07-31 10:34:14 [INFO] 准备保存检测结果到: C:\code\show\Scrap_Steel_In_Field\photos\dangerous_det\detection_20260731_103414.jpg
2026-07-31 10:34:14 [INFO] 图像形状: (2160, 3840, 3)
2026-07-31 10:34:14 [INFO] 图像数据类型: uint8
2026-07-31 10:34:14 [INFO] 图像最大值: 255
2026-07-31 10:34:14 [INFO] 图像最小值: 0
2026-07-31 10:34:14 [INFO] 开始保存检测结果图像: 图像尺寸=(2160, 3840, 3), 类型=uint8, 路径=C:\code\show\Scrap_Steel_In_Field\photos\dangerous_det\detection_20260731_103414.jpg
2026-07-31 10:34:14 [INFO] 成功保存检测结果到: C:\code\show\Scrap_Steel_In_Field\photos\dangerous_det\detection_20260731_103414.jpg
2026-07-31 10:34:14 [INFO] 保存的检测结果文件大小: 1458169 字节
2026-07-31 10:34:14 [INFO] 引擎上下文已释放
2026-07-31 10:34:14 [INFO] TensorRT 引擎已释放
2026-07-31 10:34:14 [INFO] 全局 CUDA 资源已释放
2026-07-31 10:34:14 [INFO] 检测系统资源已释放
2026-07-31 10:34:19 [INFO] CUDA 初始化成功
2026-07-31 10:34:19 [INFO] 引擎加载成功: dangerous.engine
2026-07-31 10:34:19 [INFO] 检测系统初始化成功
2026-07-31 10:34:19 [INFO] 图像预处理完成，原始尺寸: (2160, 3840)
2026-07-31 10:34:19 [INFO] 开始执行目标检测...
2026-07-31 10:34:19 [INFO] 检测完成，找到 2 个物体
2026-07-31 10:34:19 [INFO] 物体 1: FireExt1 (置信度: 0.43)
2026-07-31 10:34:19 [INFO] 物体 2: FireExt1 (置信度: 0.38)
2026-07-31 10:34:19 [INFO] 准备保存检测结果到: C:\code\show\Scrap_Steel_In_Field\photos\dangerous_det\detection_20260731_103419.jpg
2026-07-31 10:34:19 [INFO] 图像形状: (2160, 3840, 3)
2026-07-31 10:34:19 [INFO] 图像数据类型: uint8
2026-07-31 10:34:19 [INFO] 图像最大值: 255
2026-07-31 10:34:19 [INFO] 图像最小值: 0
2026-07-31 10:34:19 [INFO] 开始保存检测结果图像: 图像尺寸=(2160, 3840, 3), 类型=uint8, 路径=C:\code\show\Scrap_Steel_In_Field\photos\dangerous_det\detection_20260731_103419.jpg
2026-07-31 10:34:19 [INFO] 成功保存检测结果到: C:\code\show\Scrap_Steel_In_Field\photos\dangerous_det\detection_20260731_103419.jpg
2026-07-31 10:34:19 [INFO] 保存的检测结果文件大小: 1450737 字节
2026-07-31 10:34:19 [INFO] 引擎上下文已释放
2026-07-31 10:34:20 [INFO] TensorRT 引擎已释放
2026-07-31 10:34:20 [INFO] 全局 CUDA 资源已释放
2026-07-31 10:34:20 [INFO] 检测系统资源已释放
2026-07-31 10:34:24 [INFO] CUDA 初始化成功
2026-07-31 10:34:24 [INFO] 引擎加载成功: dangerous.engine
2026-07-31 10:34:24 [INFO] 检测系统初始化成功
2026-07-31 10:34:25 [INFO] 图像预处理完成，原始尺寸: (2160, 3840)
2026-07-31 10:34:25 [INFO] 开始执行目标检测...
2026-07-31 10:34:25 [INFO] 检测完成，找到 2 个物体
2026-07-31 10:34:25 [INFO] 物体 1: FireExt1 (置信度: 0.44)
2026-07-31 10:34:25 [INFO] 物体 2: GasCyl1 (置信度: 0.40)
2026-07-31 10:34:25 [INFO] 准备保存检测结果到: C:\code\show\Scrap_Steel_In_Field\photos\dangerous_det\detection_20260731_103425.jpg
2026-07-31 10:34:25 [INFO] 图像形状: (2160, 3840, 3)
2026-07-31 10:34:25 [INFO] 图像数据类型: uint8
2026-07-31 10:34:25 [INFO] 图像最大值: 255
2026-07-31 10:34:25 [INFO] 图像最小值: 0
2026-07-31 10:34:25 [INFO] 开始保存检测结果图像: 图像尺寸=(2160, 3840, 3), 类型=uint8, 路径=C:\code\show\Scrap_Steel_In_Field\photos\dangerous_det\detection_20260731_103425.jpg
2026-07-31 10:34:25 [INFO] 成功保存检测结果到: C:\code\show\Scrap_Steel_In_Field\photos\dangerous_det\detection_20260731_103425.jpg
2026-07-31 10:34:25 [INFO] 保存的检测结果文件大小: 1445108 字节
2026-07-31 10:34:25 [INFO] 引擎上下文已释放
2026-07-31 10:34:25 [INFO] TensorRT 引擎已释放
2026-07-31 10:34:25 [INFO] 全局 CUDA 资源已释放
2026-07-31 10:34:25 [INFO] 检测系统资源已释放
2026-07-31 10:34:29 [INFO] CUDA 初始化成功
2026-07-31 10:34:29 [INFO] 引擎加载成功: dangerous.engine
2026-07-31 10:34:29 [INFO] 检测系统初始化成功
2026-07-31 10:34:30 [INFO] 图像预处理完成，原始尺寸: (2160, 3840)
2026-07-31 10:34:30 [INFO] 开始执行目标检测...
2026-07-31 10:34:30 [INFO] 检测完成，找到 3 个物体
2026-07-31 10:34:30 [INFO] 物体 1: FireExt1 (置信度: 0.43)
2026-07-31 10:34:30 [INFO] 物体 2: GasCyl1 (置信度: 0.43)
2026-07-31 10:34:30 [INFO] 物体 3: FireExt1 (置信度: 0.38)
2026-07-31 10:34:30 [INFO] 准备保存检测结果到: C:\code\show\Scrap_Steel_In_Field\photos\dangerous_det\detection_20260731_103430.jpg
2026-07-31 10:34:30 [INFO] 图像形状: (2160, 3840, 3)
2026-07-31 10:34:30 [INFO] 图像数据类型: uint8
2026-07-31 10:34:30 [INFO] 图像最大值: 255
2026-07-31 10:34:30 [INFO] 图像最小值: 0
2026-07-31 10:34:30 [INFO] 开始保存检测结果图像: 图像尺寸=(2160, 3840, 3), 类型=uint8, 路径=C:\code\show\Scrap_Steel_In_Field\photos\dangerous_det\detection_20260731_103430.jpg
2026-07-31 10:34:30 [INFO] 成功保存检测结果到: C:\code\show\Scrap_Steel_In_Field\photos\dangerous_det\detection_20260731_103430.jpg
2026-07-31 10:34:30 [INFO] 保存的检测结果文件大小: 1465041 字节
2026-07-31 10:34:30 [INFO] 引擎上下文已释放
2026-07-31 10:34:30 [INFO] TensorRT 引擎已释放
2026-07-31 10:34:30 [INFO] 全局 CUDA 资源已释放
2026-07-31 10:34:30 [INFO] 检测系统资源已释放
2026-07-31 10:34:35 [INFO] CUDA 初始化成功
2026-07-31 10:34:35 [INFO] 引擎加载成功: dangerous.engine
2026-07-31 10:34:35 [INFO] 检测系统初始化成功
2026-07-31 10:34:35 [INFO] 图像预处理完成，原始尺寸: (2160, 3840)
2026-07-31 10:34:35 [INFO] 开始执行目标检测...
2026-07-31 10:34:35 [INFO] 检测完成，找到 3 个物体
2026-07-31 10:34:35 [INFO] 物体 1: FireExt1 (置信度: 0.40)
2026-07-31 10:34:35 [INFO] 物体 2: FireExt1 (置信度: 0.38)
2026-07-31 10:34:35 [INFO] 物体 3: GasCyl1 (置信度: 0.37)
2026-07-31 10:34:35 [INFO] 准备保存检测结果到: C:\code\show\Scrap_Steel_In_Field\photos\dangerous_det\detection_20260731_103435.jpg
2026-07-31 10:34:35 [INFO] 图像形状: (2160, 3840, 3)
2026-07-31 10:34:35 [INFO] 图像数据类型: uint8
2026-07-31 10:34:35 [INFO] 图像最大值: 255
2026-07-31 10:34:35 [INFO] 图像最小值: 0
2026-07-31 10:34:35 [INFO] 开始保存检测结果图像: 图像尺寸=(2160, 3840, 3), 类型=uint8, 路径=C:\code\show\Scrap_Steel_In_Field\photos\dangerous_det\detection_20260731_103435.jpg
2026-07-31 10:34:35 [INFO] 成功保存检测结果到: C:\code\show\Scrap_Steel_In_Field\photos\dangerous_det\detection_20260731_103435.jpg
2026-07-31 10:34:35 [INFO] 保存的检测结果文件大小: 1456583 字节
2026-07-31 10:34:35 [INFO] 引擎上下文已释放
2026-07-31 10:34:35 [INFO] TensorRT 引擎已释放
2026-07-31 10:34:35 [INFO] 全局 CUDA 资源已释放
2026-07-31 10:34:35 [INFO] 检测系统资源已释放
2026-07-31 10:34:40 [INFO] CUDA 初始化成功
2026-07-31 10:34:40 [INFO] 引擎加载成功: dangerous.engine
2026-07-31 10:34:40 [INFO] 检测系统初始化成功
2026-07-31 10:34:40 [INFO] 图像预处理完成，原始尺寸: (2160, 3840)
2026-07-31 10:34:40 [INFO] 开始执行目标检测...
2026-07-31 10:34:40 [INFO] 检测完成，找到 3 个物体
2026-07-31 10:34:40 [INFO] 物体 1: GasCyl1 (置信度: 0.45)
2026-07-31 10:34:40 [INFO] 物体 2: FireExt1 (置信度: 0.44)
2026-07-31 10:34:40 [INFO] 物体 3: FireExt1 (置信度: 0.36)
2026-07-31 10:34:40 [INFO] 准备保存检测结果到: C:\code\show\Scrap_Steel_In_Field\photos\dangerous_det\detection_20260731_103440.jpg
2026-07-31 10:34:40 [INFO] 图像形状: (2160, 3840, 3)
2026-07-31 10:34:40 [INFO] 图像数据类型: uint8
2026-07-31 10:34:40 [INFO] 图像最大值: 255
2026-07-31 10:34:40 [INFO] 图像最小值: 0
2026-07-31 10:34:40 [INFO] 开始保存检测结果图像: 图像尺寸=(2160, 3840, 3), 类型=uint8, 路径=C:\code\show\Scrap_Steel_In_Field\photos\dangerous_det\detection_20260731_103440.jpg
2026-07-31 10:34:41 [INFO] 成功保存检测结果到: C:\code\show\Scrap_Steel_In_Field\photos\dangerous_det\detection_20260731_103440.jpg
2026-07-31 10:34:41 [INFO] 保存的检测结果文件大小: 1464551 字节
2026-07-31 10:34:41 [INFO] 引擎上下文已释放
2026-07-31 10:34:41 [INFO] TensorRT 引擎已释放
2026-07-31 10:34:41 [INFO] 全局 CUDA 资源已释放
2026-07-31 10:34:41 [INFO] 检测系统资源已释放
2026-07-31 10:34:45 [INFO] CUDA 初始化成功
2026-07-31 10:34:45 [INFO] 引擎加载成功: dangerous.engine
2026-07-31 10:34:45 [INFO] 检测系统初始化成功
2026-07-31 10:34:45 [INFO] 图像预处理完成，原始尺寸: (2160, 3840)
2026-07-31 10:34:45 [INFO] 开始执行目标检测...
2026-07-31 10:34:45 [INFO] 检测完成，找到 3 个物体
2026-07-31 10:34:45 [INFO] 物体 1: FireExt1 (置信度: 0.43)
2026-07-31 10:34:45 [INFO] 物体 2: GasCyl1 (置信度: 0.41)
2026-07-31 10:34:45 [INFO] 物体 3: FireExt1 (置信度: 0.40)
2026-07-31 10:34:45 [INFO] 准备保存检测结果到: C:\code\show\Scrap_Steel_In_Field\photos\dangerous_det\detection_20260731_103445.jpg
2026-07-31 10:34:45 [INFO] 图像形状: (2160, 3840, 3)
2026-07-31 10:34:45 [INFO] 图像数据类型: uint8
2026-07-31 10:34:45 [INFO] 图像最大值: 255
2026-07-31 10:34:45 [INFO] 图像最小值: 0
2026-07-31 10:34:45 [INFO] 开始保存检测结果图像: 图像尺寸=(2160, 3840, 3), 类型=uint8, 路径=C:\code\show\Scrap_Steel_In_Field\photos\dangerous_det\detection_20260731_103445.jpg
2026-07-31 10:34:46 [INFO] 成功保存检测结果到: C:\code\show\Scrap_Steel_In_Field\photos\dangerous_det\detection_20260731_103445.jpg
2026-07-31 10:34:46 [INFO] 保存的检测结果文件大小: 1467872 字节
2026-07-31 10:34:46 [INFO] 引擎上下文已释放
2026-07-31 10:34:46 [INFO] TensorRT 引擎已释放
2026-07-31 10:34:46 [INFO] 全局 CUDA 资源已释放
2026-07-31 10:34:46 [INFO] 检测系统资源已释放
2026-07-31 10:34:51 [INFO] CUDA 初始化成功
2026-07-31 10:34:51 [INFO] 引擎加载成功: dangerous.engine
2026-07-31 10:34:51 [INFO] 检测系统初始化成功
2026-07-31 10:34:51 [INFO] 图像预处理完成，原始尺寸: (2160, 3840)
2026-07-31 10:34:51 [INFO] 开始执行目标检测...
2026-07-31 10:34:51 [INFO] 检测完成，找到 3 个物体
2026-07-31 10:34:51 [INFO] 物体 1: FireExt1 (置信度: 0.43)
2026-07-31 10:34:51 [INFO] 物体 2: FireExt1 (置信度: 0.38)
2026-07-31 10:34:51 [INFO] 物体 3: GasCyl1 (置信度: 0.37)
2026-07-31 10:34:51 [INFO] 准备保存检测结果到: C:\code\show\Scrap_Steel_In_Field\photos\dangerous_det\detection_20260731_103451.jpg
2026-07-31 10:34:51 [INFO] 图像形状: (2160, 3840, 3)
2026-07-31 10:34:51 [INFO] 图像数据类型: uint8
2026-07-31 10:34:51 [INFO] 图像最大值: 255
2026-07-31 10:34:51 [INFO] 图像最小值: 0
2026-07-31 10:34:51 [INFO] 开始保存检测结果图像: 图像尺寸=(2160, 3840, 3), 类型=uint8, 路径=C:\code\show\Scrap_Steel_In_Field\photos\dangerous_det\detection_20260731_103451.jpg
2026-07-31 10:34:51 [INFO] 成功保存检测结果到: C:\code\show\Scrap_Steel_In_Field\photos\dangerous_det\detection_20260731_103451.jpg
2026-07-31 10:34:51 [INFO] 保存的检测结果文件大小: 1470091 字节
2026-07-31 10:34:51 [INFO] 引擎上下文已释放
2026-07-31 10:34:51 [INFO] TensorRT 引擎已释放
2026-07-31 10:34:51 [INFO] 全局 CUDA 资源已释放
2026-07-31 10:34:51 [INFO] 检测系统资源已释放
2026-07-31 10:34:56 [INFO] CUDA 初始化成功
2026-07-31 10:34:56 [INFO] 引擎加载成功: dangerous.engine
2026-07-31 10:34:56 [INFO] 检测系统初始化成功
2026-07-31 10:34:56 [INFO] 图像预处理完成，原始尺寸: (2160, 3840)
2026-07-31 10:34:56 [INFO] 开始执行目标检测...
2026-07-31 10:34:56 [INFO] 检测完成，找到 3 个物体
2026-07-31 10:34:56 [INFO] 物体 1: FireExt1 (置信度: 0.43)
2026-07-31 10:34:56 [INFO] 物体 2: FireExt1 (置信度: 0.36)
2026-07-31 10:34:56 [INFO] 物体 3: GasCyl1 (置信度: 0.36)
2026-07-31 10:34:56 [INFO] 准备保存检测结果到: C:\code\show\Scrap_Steel_In_Field\photos\dangerous_det\detection_20260731_103456.jpg
2026-07-31 10:34:56 [INFO] 图像形状: (2160, 3840, 3)
2026-07-31 10:34:56 [INFO] 图像数据类型: uint8
2026-07-31 10:34:56 [INFO] 图像最大值: 255
2026-07-31 10:34:56 [INFO] 图像最小值: 0
2026-07-31 10:34:56 [INFO] 开始保存检测结果图像: 图像尺寸=(2160, 3840, 3), 类型=uint8, 路径=C:\code\show\Scrap_Steel_In_Field\photos\dangerous_det\detection_20260731_103456.jpg
2026-07-31 10:34:56 [INFO] 成功保存检测结果到: C:\code\show\Scrap_Steel_In_Field\photos\dangerous_det\detection_20260731_103456.jpg
2026-07-31 10:34:56 [INFO] 保存的检测结果文件大小: 1468068 字节
2026-07-31 10:34:56 [INFO] 引擎上下文已释放
2026-07-31 10:34:56 [INFO] TensorRT 引擎已释放
2026-07-31 10:34:56 [INFO] 全局 CUDA 资源已释放
2026-07-31 10:34:56 [INFO] 检测系统资源已释放
2026-07-31 10:35:01 [INFO] CUDA 初始化成功
2026-07-31 10:35:01 [INFO] 引擎加载成功: dangerous.engine
2026-07-31 10:35:01 [INFO] 检测系统初始化成功
2026-07-31 10:35:01 [INFO] 图像预处理完成，原始尺寸: (2160, 3840)
2026-07-31 10:35:01 [INFO] 开始执行目标检测...
2026-07-31 10:35:01 [INFO] 检测完成，找到 2 个物体
2026-07-31 10:35:01 [INFO] 物体 1: FireExt1 (置信度: 0.42)
2026-07-31 10:35:01 [INFO] 物体 2: GasCyl1 (置信度: 0.37)
2026-07-31 10:35:01 [INFO] 准备保存检测结果到: C:\code\show\Scrap_Steel_In_Field\photos\dangerous_det\detection_20260731_103501.jpg
2026-07-31 10:35:01 [INFO] 图像形状: (2160, 3840, 3)
2026-07-31 10:35:01 [INFO] 图像数据类型: uint8
2026-07-31 10:35:01 [INFO] 图像最大值: 255
2026-07-31 10:35:01 [INFO] 图像最小值: 0
2026-07-31 10:35:01 [INFO] 开始保存检测结果图像: 图像尺寸=(2160, 3840, 3), 类型=uint8, 路径=C:\code\show\Scrap_Steel_In_Field\photos\dangerous_det\detection_20260731_103501.jpg
2026-07-31 10:35:01 [INFO] 成功保存检测结果到: C:\code\show\Scrap_Steel_In_Field\photos\dangerous_det\detection_20260731_103501.jpg
2026-07-31 10:35:01 [INFO] 保存的检测结果文件大小: 1479929 字节
2026-07-31 10:35:01 [INFO] 引擎上下文已释放
2026-07-31 10:35:01 [INFO] TensorRT 引擎已释放
2026-07-31 10:35:01 [INFO] 全局 CUDA 资源已释放
2026-07-31 10:35:01 [INFO] 检测系统资源已释放
2026-07-31 10:35:06 [INFO] CUDA 初始化成功
2026-07-31 10:35:06 [INFO] 引擎加载成功: dangerous.engine
2026-07-31 10:35:06 [INFO] 检测系统初始化成功
2026-07-31 10:35:06 [INFO] 图像预处理完成，原始尺寸: (2160, 3840)
2026-07-31 10:35:06 [INFO] 开始执行目标检测...
2026-07-31 10:35:06 [INFO] 检测完成，找到 2 个物体
2026-07-31 10:35:06 [INFO] 物体 1: FireExt1 (置信度: 0.43)
2026-07-31 10:35:06 [INFO] 物体 2: GasCyl1 (置信度: 0.38)
2026-07-31 10:35:06 [INFO] 准备保存检测结果到: C:\code\show\Scrap_Steel_In_Field\photos\dangerous_det\detection_20260731_103506.jpg
2026-07-31 10:35:06 [INFO] 图像形状: (2160, 3840, 3)
2026-07-31 10:35:06 [INFO] 图像数据类型: uint8
2026-07-31 10:35:06 [INFO] 图像最大值: 255
2026-07-31 10:35:06 [INFO] 图像最小值: 0
2026-07-31 10:35:06 [INFO] 开始保存检测结果图像: 图像尺寸=(2160, 3840, 3), 类型=uint8, 路径=C:\code\show\Scrap_Steel_In_Field\photos\dangerous_det\detection_20260731_103506.jpg
2026-07-31 10:35:07 [INFO] 成功保存检测结果到: C:\code\show\Scrap_Steel_In_Field\photos\dangerous_det\detection_20260731_103506.jpg
2026-07-31 10:35:07 [INFO] 保存的检测结果文件大小: 1426953 字节
2026-07-31 10:35:07 [INFO] 引擎上下文已释放
2026-07-31 10:35:07 [INFO] TensorRT 引擎已释放
2026-07-31 10:35:07 [INFO] 全局 CUDA 资源已释放
2026-07-31 10:35:07 [INFO] 检测系统资源已释放
2026-07-31 10:35:12 [INFO] CUDA 初始化成功
2026-07-31 10:35:12 [INFO] 引擎加载成功: dangerous.engine
2026-07-31 10:35:12 [INFO] 检测系统初始化成功
2026-07-31 10:35:12 [INFO] 图像预处理完成，原始尺寸: (2160, 3840)
2026-07-31 10:35:12 [INFO] 开始执行目标检测...
2026-07-31 10:35:12 [INFO] 检测完成，找到 3 个物体
2026-07-31 10:35:12 [INFO] 物体 1: GasCyl1 (置信度: 0.48)
2026-07-31 10:35:12 [INFO] 物体 2: FireExt1 (置信度: 0.42)
2026-07-31 10:35:12 [INFO] 物体 3: FireExt1 (置信度: 0.40)
2026-07-31 10:35:12 [INFO] 准备保存检测结果到: C:\code\show\Scrap_Steel_In_Field\photos\dangerous_det\detection_20260731_103512.jpg
2026-07-31 10:35:12 [INFO] 图像形状: (2160, 3840, 3)
2026-07-31 10:35:12 [INFO] 图像数据类型: uint8
2026-07-31 10:35:12 [INFO] 图像最大值: 255
2026-07-31 10:35:12 [INFO] 图像最小值: 0
2026-07-31 10:35:12 [INFO] 开始保存检测结果图像: 图像尺寸=(2160, 3840, 3), 类型=uint8, 路径=C:\code\show\Scrap_Steel_In_Field\photos\dangerous_det\detection_20260731_103512.jpg
2026-07-31 10:35:12 [INFO] 成功保存检测结果到: C:\code\show\Scrap_Steel_In_Field\photos\dangerous_det\detection_20260731_103512.jpg
2026-07-31 10:35:12 [INFO] 保存的检测结果文件大小: 1493683 字节
2026-07-31 10:35:12 [INFO] 引擎上下文已释放
2026-07-31 10:35:12 [INFO] TensorRT 引擎已释放
2026-07-31 10:35:12 [INFO] 全局 CUDA 资源已释放
2026-07-31 10:35:12 [INFO] 检测系统资源已释放
2026-07-31 10:35:17 [INFO] CUDA 初始化成功
2026-07-31 10:35:17 [INFO] 引擎加载成功: dangerous.engine
2026-07-31 10:35:17 [INFO] 检测系统初始化成功
2026-07-31 10:35:17 [INFO] 图像预处理完成，原始尺寸: (2160, 3840)
2026-07-31 10:35:17 [INFO] 开始执行目标检测...
2026-07-31 10:35:17 [INFO] 检测完成，找到 3 个物体
2026-07-31 10:35:17 [INFO] 物体 1: FireExt1 (置信度: 0.45)
2026-07-31 10:35:17 [INFO] 物体 2: GasCyl1 (置信度: 0.41)
2026-07-31 10:35:17 [INFO] 物体 3: FireExt1 (置信度: 0.36)
2026-07-31 10:35:17 [INFO] 准备保存检测结果到: C:\code\show\Scrap_Steel_In_Field\photos\dangerous_det\detection_20260731_103517.jpg
2026-07-31 10:35:17 [INFO] 图像形状: (2160, 3840, 3)
2026-07-31 10:35:17 [INFO] 图像数据类型: uint8
2026-07-31 10:35:17 [INFO] 图像最大值: 255
2026-07-31 10:35:17 [INFO] 图像最小值: 0
2026-07-31 10:35:17 [INFO] 开始保存检测结果图像: 图像尺寸=(2160, 3840, 3), 类型=uint8, 路径=C:\code\show\Scrap_Steel_In_Field\photos\dangerous_det\detection_20260731_103517.jpg
2026-07-31 10:35:17 [INFO] 成功保存检测结果到: C:\code\show\Scrap_Steel_In_Field\photos\dangerous_det\detection_20260731_103517.jpg
2026-07-31 10:35:17 [INFO] 保存的检测结果文件大小: 1485463 字节
2026-07-31 10:35:17 [INFO] 引擎上下文已释放
2026-07-31 10:35:17 [INFO] TensorRT 引擎已释放
2026-07-31 10:35:17 [INFO] 全局 CUDA 资源已释放
2026-07-31 10:35:17 [INFO] 检测系统资源已释放
2026-07-31 10:35:22 [INFO] CUDA 初始化成功
2026-07-31 10:35:22 [INFO] 引擎加载成功: dangerous.engine
2026-07-31 10:35:22 [INFO] 检测系统初始化成功
2026-07-31 10:35:22 [INFO] 图像预处理完成，原始尺寸: (2160, 3840)
2026-07-31 10:35:22 [INFO] 开始执行目标检测...
2026-07-31 10:35:22 [INFO] 检测完成，找到 2 个物体
2026-07-31 10:35:22 [INFO] 物体 1: FireExt1 (置信度: 0.42)
2026-07-31 10:35:22 [INFO] 物体 2: GasCyl1 (置信度: 0.37)
2026-07-31 10:35:22 [INFO] 准备保存检测结果到: C:\code\show\Scrap_Steel_In_Field\photos\dangerous_det\detection_20260731_103522.jpg
2026-07-31 10:35:22 [INFO] 图像形状: (2160, 3840, 3)
2026-07-31 10:35:22 [INFO] 图像数据类型: uint8
2026-07-31 10:35:22 [INFO] 图像最大值: 255
2026-07-31 10:35:22 [INFO] 图像最小值: 0
2026-07-31 10:35:22 [INFO] 开始保存检测结果图像: 图像尺寸=(2160, 3840, 3), 类型=uint8, 路径=C:\code\show\Scrap_Steel_In_Field\photos\dangerous_det\detection_20260731_103522.jpg
2026-07-31 10:35:22 [INFO] 成功保存检测结果到: C:\code\show\Scrap_Steel_In_Field\photos\dangerous_det\detection_20260731_103522.jpg
2026-07-31 10:35:22 [INFO] 保存的检测结果文件大小: 1486987 字节
2026-07-31 10:35:22 [INFO] 引擎上下文已释放
2026-07-31 10:35:22 [INFO] TensorRT 引擎已释放
2026-07-31 10:35:22 [INFO] 全局 CUDA 资源已释放
2026-07-31 10:35:22 [INFO] 检测系统资源已释放
2026-07-31 10:35:28 [INFO] CUDA 初始化成功
2026-07-31 10:35:28 [INFO] 引擎加载成功: dangerous.engine
2026-07-31 10:35:28 [INFO] 检测系统初始化成功
2026-07-31 10:35:28 [INFO] 图像预处理完成，原始尺寸: (2160, 3840)
2026-07-31 10:35:28 [INFO] 开始执行目标检测...
2026-07-31 10:35:28 [INFO] 检测完成，找到 3 个物体
2026-07-31 10:35:28 [INFO] 物体 1: FireExt1 (置信度: 0.43)
2026-07-31 10:35:28 [INFO] 物体 2: GasCyl1 (置信度: 0.39)
2026-07-31 10:35:28 [INFO] 物体 3: GasCyl1 (置信度: 0.35)
2026-07-31 10:35:28 [INFO] 准备保存检测结果到: C:\code\show\Scrap_Steel_In_Field\photos\dangerous_det\detection_20260731_103528.jpg
2026-07-31 10:35:28 [INFO] 图像形状: (2160, 3840, 3)
2026-07-31 10:35:28 [INFO] 图像数据类型: uint8
2026-07-31 10:35:28 [INFO] 图像最大值: 255
2026-07-31 10:35:28 [INFO] 图像最小值: 0
2026-07-31 10:35:28 [INFO] 开始保存检测结果图像: 图像尺寸=(2160, 3840, 3), 类型=uint8, 路径=C:\code\show\Scrap_Steel_In_Field\photos\dangerous_det\detection_20260731_103528.jpg
2026-07-31 10:35:28 [INFO] 成功保存检测结果到: C:\code\show\Scrap_Steel_In_Field\photos\dangerous_det\detection_20260731_103528.jpg
2026-07-31 10:35:28 [INFO] 保存的检测结果文件大小: 1482161 字节
2026-07-31 10:35:28 [INFO] 引擎上下文已释放
2026-07-31 10:35:28 [INFO] TensorRT 引擎已释放
2026-07-31 10:35:28 [INFO] 全局 CUDA 资源已释放
2026-07-31 10:35:28 [INFO] 检测系统资源已释放
2026-07-31 10:35:33 [INFO] CUDA 初始化成功
2026-07-31 10:35:33 [INFO] 引擎加载成功: dangerous.engine
2026-07-31 10:35:33 [INFO] 检测系统初始化成功
2026-07-31 10:35:33 [INFO] 图像预处理完成，原始尺寸: (2160, 3840)
2026-07-31 10:35:33 [INFO] 开始执行目标检测...
2026-07-31 10:35:33 [INFO] 检测完成，找到 0 个物体
2026-07-31 10:35:33 [INFO] 引擎上下文已释放
2026-07-31 10:35:33 [INFO] TensorRT 引擎已释放
2026-07-31 10:35:33 [INFO] 全局 CUDA 资源已释放
2026-07-31 10:35:33 [INFO] 检测系统资源已释放
2026-07-31 10:35:39 [INFO] CUDA 初始化成功
2026-07-31 10:35:39 [INFO] 引擎加载成功: dangerous.engine
2026-07-31 10:35:39 [INFO] 检测系统初始化成功
2026-07-31 10:35:39 [INFO] 图像预处理完成，原始尺寸: (2160, 3840)
2026-07-31 10:35:39 [INFO] 开始执行目标检测...
2026-07-31 10:35:39 [INFO] 检测完成，找到 1 个物体
2026-07-31 10:35:39 [INFO] 物体 1: FireExt1 (置信度: 0.57)
2026-07-31 10:35:39 [INFO] 准备保存检测结果到: C:\code\show\Scrap_Steel_In_Field\photos\dangerous_det\detection_20260731_103539.jpg
2026-07-31 10:35:39 [INFO] 图像形状: (2160, 3840, 3)
2026-07-31 10:35:39 [INFO] 图像数据类型: uint8
2026-07-31 10:35:39 [INFO] 图像最大值: 255
2026-07-31 10:35:39 [INFO] 图像最小值: 0
2026-07-31 10:35:39 [INFO] 开始保存检测结果图像: 图像尺寸=(2160, 3840, 3), 类型=uint8, 路径=C:\code\show\Scrap_Steel_In_Field\photos\dangerous_det\detection_20260731_103539.jpg
2026-07-31 10:35:39 [INFO] 成功保存检测结果到: C:\code\show\Scrap_Steel_In_Field\photos\dangerous_det\detection_20260731_103539.jpg
2026-07-31 10:35:39 [INFO] 保存的检测结果文件大小: 1468116 字节
2026-07-31 10:35:39 [INFO] 引擎上下文已释放
2026-07-31 10:35:39 [INFO] TensorRT 引擎已释放
2026-07-31 10:35:39 [INFO] 全局 CUDA 资源已释放
2026-07-31 10:35:39 [INFO] 检测系统资源已释放
2026-07-31 10:35:44 [INFO] CUDA 初始化成功
2026-07-31 10:35:44 [INFO] 引擎加载成功: dangerous.engine
2026-07-31 10:35:44 [INFO] 检测系统初始化成功
2026-07-31 10:35:44 [INFO] 图像预处理完成，原始尺寸: (2160, 3840)
2026-07-31 10:35:44 [INFO] 开始执行目标检测...
2026-07-31 10:35:44 [INFO] 检测完成，找到 2 个物体
2026-07-31 10:35:44 [INFO] 物体 1: FireExt1 (置信度: 0.48)
2026-07-31 10:35:44 [INFO] 物体 2: FireExt1 (置信度: 0.46)
2026-07-31 10:35:44 [INFO] 准备保存检测结果到: C:\code\show\Scrap_Steel_In_Field\photos\dangerous_det\detection_20260731_103544.jpg
2026-07-31 10:35:44 [INFO] 图像形状: (2160, 3840, 3)
2026-07-31 10:35:44 [INFO] 图像数据类型: uint8
2026-07-31 10:35:44 [INFO] 图像最大值: 255
2026-07-31 10:35:44 [INFO] 图像最小值: 0
2026-07-31 10:35:44 [INFO] 开始保存检测结果图像: 图像尺寸=(2160, 3840, 3), 类型=uint8, 路径=C:\code\show\Scrap_Steel_In_Field\photos\dangerous_det\detection_20260731_103544.jpg
2026-07-31 10:35:44 [INFO] 成功保存检测结果到: C:\code\show\Scrap_Steel_In_Field\photos\dangerous_det\detection_20260731_103544.jpg
2026-07-31 10:35:44 [INFO] 保存的检测结果文件大小: 1442943 字节
2026-07-31 10:35:44 [INFO] 引擎上下文已释放
2026-07-31 10:35:44 [INFO] TensorRT 引擎已释放
2026-07-31 10:35:44 [INFO] 全局 CUDA 资源已释放
2026-07-31 10:35:44 [INFO] 检测系统资源已释放
2026-07-31 10:35:49 [INFO] CUDA 初始化成功
2026-07-31 10:35:49 [INFO] 引擎加载成功: dangerous.engine
2026-07-31 10:35:49 [INFO] 检测系统初始化成功
2026-07-31 10:35:49 [INFO] 图像预处理完成，原始尺寸: (2160, 3840)
2026-07-31 10:35:49 [INFO] 开始执行目标检测...
2026-07-31 10:35:49 [INFO] 检测完成，找到 3 个物体
2026-07-31 10:35:49 [INFO] 物体 1: FireExt1 (置信度: 0.45)
2026-07-31 10:35:49 [INFO] 物体 2: FireExt1 (置信度: 0.43)
2026-07-31 10:35:49 [INFO] 物体 3: FireExt1 (置信度: 0.39)
2026-07-31 10:35:49 [INFO] 准备保存检测结果到: C:\code\show\Scrap_Steel_In_Field\photos\dangerous_det\detection_20260731_103549.jpg
2026-07-31 10:35:49 [INFO] 图像形状: (2160, 3840, 3)
2026-07-31 10:35:49 [INFO] 图像数据类型: uint8
2026-07-31 10:35:49 [INFO] 图像最大值: 255
2026-07-31 10:35:49 [INFO] 图像最小值: 0
2026-07-31 10:35:49 [INFO] 开始保存检测结果图像: 图像尺寸=(2160, 3840, 3), 类型=uint8, 路径=C:\code\show\Scrap_Steel_In_Field\photos\dangerous_det\detection_20260731_103549.jpg
2026-07-31 10:35:49 [INFO] 成功保存检测结果到: C:\code\show\Scrap_Steel_In_Field\photos\dangerous_det\detection_20260731_103549.jpg
2026-07-31 10:35:49 [INFO] 保存的检测结果文件大小: 1524402 字节
2026-07-31 10:35:49 [INFO] 引擎上下文已释放
2026-07-31 10:35:49 [INFO] TensorRT 引擎已释放
2026-07-31 10:35:49 [INFO] 全局 CUDA 资源已释放
2026-07-31 10:35:49 [INFO] 检测系统资源已释放
2026-07-31 10:35:54 [INFO] CUDA 初始化成功
2026-07-31 10:35:54 [INFO] 引擎加载成功: dangerous.engine
2026-07-31 10:35:54 [INFO] 检测系统初始化成功
2026-07-31 10:35:54 [INFO] 图像预处理完成，原始尺寸: (2160, 3840)
2026-07-31 10:35:54 [INFO] 开始执行目标检测...
2026-07-31 10:35:55 [INFO] 检测完成，找到 2 个物体
2026-07-31 10:35:55 [INFO] 物体 1: GasCyl1 (置信度: 0.60)
2026-07-31 10:35:55 [INFO] 物体 2: FireExt1 (置信度: 0.40)
2026-07-31 10:35:55 [INFO] 准备保存检测结果到: C:\code\show\Scrap_Steel_In_Field\photos\dangerous_det\detection_20260731_103555.jpg
2026-07-31 10:35:55 [INFO] 图像形状: (2160, 3840, 3)
2026-07-31 10:35:55 [INFO] 图像数据类型: uint8
2026-07-31 10:35:55 [INFO] 图像最大值: 255
2026-07-31 10:35:55 [INFO] 图像最小值: 0
2026-07-31 10:35:55 [INFO] 开始保存检测结果图像: 图像尺寸=(2160, 3840, 3), 类型=uint8, 路径=C:\code\show\Scrap_Steel_In_Field\photos\dangerous_det\detection_20260731_103555.jpg
2026-07-31 10:35:55 [INFO] 成功保存检测结果到: C:\code\show\Scrap_Steel_In_Field\photos\dangerous_det\detection_20260731_103555.jpg
2026-07-31 10:35:55 [INFO] 保存的检测结果文件大小: 1518968 字节
2026-07-31 10:35:55 [INFO] 引擎上下文已释放
2026-07-31 10:35:55 [INFO] TensorRT 引擎已释放
2026-07-31 10:35:55 [INFO] 全局 CUDA 资源已释放
2026-07-31 10:35:55 [INFO] 检测系统资源已释放
2026-07-31 10:35:59 [INFO] CUDA 初始化成功
2026-07-31 10:35:59 [INFO] 引擎加载成功: dangerous.engine
2026-07-31 10:35:59 [INFO] 检测系统初始化成功
2026-07-31 10:35:59 [INFO] 图像预处理完成，原始尺寸: (2160, 3840)
2026-07-31 10:35:59 [INFO] 开始执行目标检测...
2026-07-31 10:35:59 [INFO] 检测完成，找到 1 个物体
2026-07-31 10:35:59 [INFO] 物体 1: FireExt1 (置信度: 0.38)
2026-07-31 10:35:59 [INFO] 准备保存检测结果到: C:\code\show\Scrap_Steel_In_Field\photos\dangerous_det\detection_20260731_103559.jpg
2026-07-31 10:35:59 [INFO] 图像形状: (2160, 3840, 3)
2026-07-31 10:35:59 [INFO] 图像数据类型: uint8
2026-07-31 10:35:59 [INFO] 图像最大值: 255
2026-07-31 10:35:59 [INFO] 图像最小值: 0
2026-07-31 10:35:59 [INFO] 开始保存检测结果图像: 图像尺寸=(2160, 3840, 3), 类型=uint8, 路径=C:\code\show\Scrap_Steel_In_Field\photos\dangerous_det\detection_20260731_103559.jpg
2026-07-31 10:35:59 [INFO] 成功保存检测结果到: C:\code\show\Scrap_Steel_In_Field\photos\dangerous_det\detection_20260731_103559.jpg
2026-07-31 10:35:59 [INFO] 保存的检测结果文件大小: 1466921 字节
2026-07-31 10:35:59 [INFO] 引擎上下文已释放
2026-07-31 10:35:59 [INFO] TensorRT 引擎已释放
2026-07-31 10:35:59 [INFO] 全局 CUDA 资源已释放
2026-07-31 10:35:59 [INFO] 检测系统资源已释放
2026-07-31 10:36:04 [INFO] CUDA 初始化成功
2026-07-31 10:36:04 [INFO] 引擎加载成功: dangerous.engine
2026-07-31 10:36:04 [INFO] 检测系统初始化成功
2026-07-31 10:36:04 [INFO] 图像预处理完成，原始尺寸: (2160, 3840)
2026-07-31 10:36:04 [INFO] 开始执行目标检测...
2026-07-31 10:36:04 [INFO] 检测完成，找到 1 个物体
2026-07-31 10:36:04 [INFO] 物体 1: FireExt1 (置信度: 0.47)
2026-07-31 10:36:04 [INFO] 准备保存检测结果到: C:\code\show\Scrap_Steel_In_Field\photos\dangerous_det\detection_20260731_103604.jpg
2026-07-31 10:36:04 [INFO] 图像形状: (2160, 3840, 3)
2026-07-31 10:36:04 [INFO] 图像数据类型: uint8
2026-07-31 10:36:04 [INFO] 图像最大值: 255
2026-07-31 10:36:04 [INFO] 图像最小值: 0
2026-07-31 10:36:04 [INFO] 开始保存检测结果图像: 图像尺寸=(2160, 3840, 3), 类型=uint8, 路径=C:\code\show\Scrap_Steel_In_Field\photos\dangerous_det\detection_20260731_103604.jpg
2026-07-31 10:36:04 [INFO] 成功保存检测结果到: C:\code\show\Scrap_Steel_In_Field\photos\dangerous_det\detection_20260731_103604.jpg
2026-07-31 10:36:04 [INFO] 保存的检测结果文件大小: 1456405 字节
2026-07-31 10:36:04 [INFO] 引擎上下文已释放
2026-07-31 10:36:04 [INFO] TensorRT 引擎已释放
2026-07-31 10:36:04 [INFO] 全局 CUDA 资源已释放
2026-07-31 10:36:04 [INFO] 检测系统资源已释放
2026-07-31 10:36:10 [INFO] CUDA 初始化成功
2026-07-31 10:36:10 [INFO] 引擎加载成功: dangerous.engine
2026-07-31 10:36:10 [INFO] 检测系统初始化成功
2026-07-31 10:36:10 [INFO] 图像预处理完成，原始尺寸: (2160, 3840)
2026-07-31 10:36:10 [INFO] 开始执行目标检测...
2026-07-31 10:36:10 [INFO] 检测完成，找到 2 个物体
2026-07-31 10:36:10 [INFO] 物体 1: FireExt1 (置信度: 0.54)
2026-07-31 10:36:10 [INFO] 物体 2: FireExt1 (置信度: 0.39)
2026-07-31 10:36:10 [INFO] 准备保存检测结果到: C:\code\show\Scrap_Steel_In_Field\photos\dangerous_det\detection_20260731_103610.jpg
2026-07-31 10:36:10 [INFO] 图像形状: (2160, 3840, 3)
2026-07-31 10:36:10 [INFO] 图像数据类型: uint8
2026-07-31 10:36:10 [INFO] 图像最大值: 255
2026-07-31 10:36:10 [INFO] 图像最小值: 0
2026-07-31 10:36:10 [INFO] 开始保存检测结果图像: 图像尺寸=(2160, 3840, 3), 类型=uint8, 路径=C:\code\show\Scrap_Steel_In_Field\photos\dangerous_det\detection_20260731_103610.jpg
2026-07-31 10:36:10 [INFO] 成功保存检测结果到: C:\code\show\Scrap_Steel_In_Field\photos\dangerous_det\detection_20260731_103610.jpg
2026-07-31 10:36:10 [INFO] 保存的检测结果文件大小: 1508311 字节
2026-07-31 10:36:10 [INFO] 引擎上下文已释放
2026-07-31 10:36:10 [INFO] TensorRT 引擎已释放
2026-07-31 10:36:10 [INFO] 全局 CUDA 资源已释放
2026-07-31 10:36:10 [INFO] 检测系统资源已释放
2026-07-31 10:36:14 [INFO] CUDA 初始化成功
2026-07-31 10:36:14 [INFO] 引擎加载成功: dangerous.engine
2026-07-31 10:36:14 [INFO] 检测系统初始化成功
2026-07-31 10:36:15 [INFO] 图像预处理完成，原始尺寸: (2160, 3840)
2026-07-31 10:36:15 [INFO] 开始执行目标检测...
2026-07-31 10:36:15 [INFO] 检测完成，找到 2 个物体
2026-07-31 10:36:15 [INFO] 物体 1: FireExt1 (置信度: 0.57)
2026-07-31 10:36:15 [INFO] 物体 2: FireExt1 (置信度: 0.36)
2026-07-31 10:36:15 [INFO] 准备保存检测结果到: C:\code\show\Scrap_Steel_In_Field\photos\dangerous_det\detection_20260731_103615.jpg
2026-07-31 10:36:15 [INFO] 图像形状: (2160, 3840, 3)
2026-07-31 10:36:15 [INFO] 图像数据类型: uint8
2026-07-31 10:36:15 [INFO] 图像最大值: 255
2026-07-31 10:36:15 [INFO] 图像最小值: 0
2026-07-31 10:36:15 [INFO] 开始保存检测结果图像: 图像尺寸=(2160, 3840, 3), 类型=uint8, 路径=C:\code\show\Scrap_Steel_In_Field\photos\dangerous_det\detection_20260731_103615.jpg
2026-07-31 10:36:15 [INFO] 成功保存检测结果到: C:\code\show\Scrap_Steel_In_Field\photos\dangerous_det\detection_20260731_103615.jpg
2026-07-31 10:36:15 [INFO] 保存的检测结果文件大小: 1481487 字节
2026-07-31 10:36:15 [INFO] 引擎上下文已释放
2026-07-31 10:36:15 [INFO] TensorRT 引擎已释放
2026-07-31 10:36:15 [INFO] 全局 CUDA 资源已释放
2026-07-31 10:36:15 [INFO] 检测系统资源已释放
2026-07-31 10:36:19 [INFO] CUDA 初始化成功
2026-07-31 10:36:20 [INFO] 引擎加载成功: dangerous.engine
2026-07-31 10:36:20 [INFO] 检测系统初始化成功
2026-07-31 10:36:20 [INFO] 图像预处理完成，原始尺寸: (2160, 3840)
2026-07-31 10:36:20 [INFO] 开始执行目标检测...
2026-07-31 10:36:20 [INFO] 检测完成，找到 3 个物体
2026-07-31 10:36:20 [INFO] 物体 1: FireExt1 (置信度: 0.56)
2026-07-31 10:36:20 [INFO] 物体 2: FireExt1 (置信度: 0.48)
2026-07-31 10:36:20 [INFO] 物体 3: FireExt1 (置信度: 0.40)
2026-07-31 10:36:20 [INFO] 准备保存检测结果到: C:\code\show\Scrap_Steel_In_Field\photos\dangerous_det\detection_20260731_103620.jpg
2026-07-31 10:36:20 [INFO] 图像形状: (2160, 3840, 3)
2026-07-31 10:36:20 [INFO] 图像数据类型: uint8
2026-07-31 10:36:20 [INFO] 图像最大值: 255
2026-07-31 10:36:20 [INFO] 图像最小值: 0
2026-07-31 10:36:20 [INFO] 开始保存检测结果图像: 图像尺寸=(2160, 3840, 3), 类型=uint8, 路径=C:\code\show\Scrap_Steel_In_Field\photos\dangerous_det\detection_20260731_103620.jpg
2026-07-31 10:36:20 [INFO] 成功保存检测结果到: C:\code\show\Scrap_Steel_In_Field\photos\dangerous_det\detection_20260731_103620.jpg
2026-07-31 10:36:20 [INFO] 保存的检测结果文件大小: 1553652 字节
2026-07-31 10:36:20 [INFO] 引擎上下文已释放
2026-07-31 10:36:20 [INFO] TensorRT 引擎已释放
2026-07-31 10:36:20 [INFO] 全局 CUDA 资源已释放
2026-07-31 10:36:20 [INFO] 检测系统资源已释放
2026-07-31 10:36:25 [INFO] CUDA 初始化成功
2026-07-31 10:36:25 [INFO] 引擎加载成功: dangerous.engine
2026-07-31 10:36:25 [INFO] 检测系统初始化成功
2026-07-31 10:36:25 [INFO] 图像预处理完成，原始尺寸: (2160, 3840)
2026-07-31 10:36:25 [INFO] 开始执行目标检测...
2026-07-31 10:36:25 [INFO] 检测完成，找到 2 个物体
2026-07-31 10:36:25 [INFO] 物体 1: FireExt1 (置信度: 0.54)
2026-07-31 10:36:25 [INFO] 物体 2: FireExt1 (置信度: 0.44)
2026-07-31 10:36:25 [INFO] 准备保存检测结果到: C:\code\show\Scrap_Steel_In_Field\photos\dangerous_det\detection_20260731_103625.jpg
2026-07-31 10:36:25 [INFO] 图像形状: (2160, 3840, 3)
2026-07-31 10:36:25 [INFO] 图像数据类型: uint8
2026-07-31 10:36:25 [INFO] 图像最大值: 255
2026-07-31 10:36:25 [INFO] 图像最小值: 0
2026-07-31 10:36:25 [INFO] 开始保存检测结果图像: 图像尺寸=(2160, 3840, 3), 类型=uint8, 路径=C:\code\show\Scrap_Steel_In_Field\photos\dangerous_det\detection_20260731_103625.jpg
2026-07-31 10:36:26 [INFO] 成功保存检测结果到: C:\code\show\Scrap_Steel_In_Field\photos\dangerous_det\detection_20260731_103625.jpg
2026-07-31 10:36:26 [INFO] 保存的检测结果文件大小: 1546092 字节
2026-07-31 10:36:26 [INFO] 引擎上下文已释放
2026-07-31 10:36:26 [INFO] TensorRT 引擎已释放
2026-07-31 10:36:26 [INFO] 全局 CUDA 资源已释放
2026-07-31 10:36:26 [INFO] 检测系统资源已释放
2026-07-31 10:36:30 [INFO] CUDA 初始化成功
2026-07-31 10:36:30 [INFO] 引擎加载成功: dangerous.engine
2026-07-31 10:36:30 [INFO] 检测系统初始化成功
2026-07-31 10:36:30 [INFO] 图像预处理完成，原始尺寸: (2160, 3840)
2026-07-31 10:36:30 [INFO] 开始执行目标检测...
2026-07-31 10:36:30 [INFO] 检测完成，找到 3 个物体
2026-07-31 10:36:30 [INFO] 物体 1: GasCyl1 (置信度: 0.89)
2026-07-31 10:36:30 [INFO] 物体 2: FireExt1 (置信度: 0.51)
2026-07-31 10:36:30 [INFO] 物体 3: FireExt1 (置信度: 0.48)
2026-07-31 10:36:30 [INFO] 准备保存检测结果到: C:\code\show\Scrap_Steel_In_Field\photos\dangerous_det\detection_20260731_103630.jpg
2026-07-31 10:36:30 [INFO] 图像形状: (2160, 3840, 3)
2026-07-31 10:36:30 [INFO] 图像数据类型: uint8
2026-07-31 10:36:30 [INFO] 图像最大值: 255
2026-07-31 10:36:30 [INFO] 图像最小值: 0
2026-07-31 10:36:30 [INFO] 开始保存检测结果图像: 图像尺寸=(2160, 3840, 3), 类型=uint8, 路径=C:\code\show\Scrap_Steel_In_Field\photos\dangerous_det\detection_20260731_103630.jpg
2026-07-31 10:36:30 [INFO] 成功保存检测结果到: C:\code\show\Scrap_Steel_In_Field\photos\dangerous_det\detection_20260731_103630.jpg
2026-07-31 10:36:30 [INFO] 保存的检测结果文件大小: 1510153 字节
2026-07-31 10:36:30 [INFO] 引擎上下文已释放
2026-07-31 10:36:30 [INFO] TensorRT 引擎已释放
2026-07-31 10:36:30 [INFO] 全局 CUDA 资源已释放
2026-07-31 10:36:30 [INFO] 检测系统资源已释放
2026-07-31 10:36:35 [INFO] CUDA 初始化成功
2026-07-31 10:36:35 [INFO] 引擎加载成功: dangerous.engine
2026-07-31 10:36:35 [INFO] 检测系统初始化成功
2026-07-31 10:36:35 [INFO] 图像预处理完成，原始尺寸: (2160, 3840)
2026-07-31 10:36:35 [INFO] 开始执行目标检测...
2026-07-31 10:36:35 [INFO] 检测完成，找到 3 个物体
2026-07-31 10:36:35 [INFO] 物体 1: GasCyl1 (置信度: 0.92)
2026-07-31 10:36:35 [INFO] 物体 2: GasCyl1 (置信度: 0.47)
2026-07-31 10:36:35 [INFO] 物体 3: FireExt1 (置信度: 0.43)
2026-07-31 10:36:35 [INFO] 准备保存检测结果到: C:\code\show\Scrap_Steel_In_Field\photos\dangerous_det\detection_20260731_103635.jpg
2026-07-31 10:36:35 [INFO] 图像形状: (2160, 3840, 3)
2026-07-31 10:36:35 [INFO] 图像数据类型: uint8
2026-07-31 10:36:35 [INFO] 图像最大值: 255
2026-07-31 10:36:35 [INFO] 图像最小值: 0
2026-07-31 10:36:35 [INFO] 开始保存检测结果图像: 图像尺寸=(2160, 3840, 3), 类型=uint8, 路径=C:\code\show\Scrap_Steel_In_Field\photos\dangerous_det\detection_20260731_103635.jpg
2026-07-31 10:36:36 [INFO] 成功保存检测结果到: C:\code\show\Scrap_Steel_In_Field\photos\dangerous_det\detection_20260731_103635.jpg
2026-07-31 10:36:36 [INFO] 保存的检测结果文件大小: 1518944 字节
2026-07-31 10:36:36 [INFO] 引擎上下文已释放
2026-07-31 10:36:36 [INFO] TensorRT 引擎已释放
2026-07-31 10:36:36 [INFO] 全局 CUDA 资源已释放
2026-07-31 10:36:36 [INFO] 检测系统资源已释放
2026-07-31 10:36:40 [INFO] CUDA 初始化成功
2026-07-31 10:36:41 [INFO] 引擎加载成功: dangerous.engine
2026-07-31 10:36:41 [INFO] 检测系统初始化成功
2026-07-31 10:36:41 [INFO] 图像预处理完成，原始尺寸: (2160, 3840)
2026-07-31 10:36:41 [INFO] 开始执行目标检测...
2026-07-31 10:36:41 [INFO] 检测完成，找到 2 个物体
2026-07-31 10:36:41 [INFO] 物体 1: GasCyl1 (置信度: 0.88)
2026-07-31 10:36:41 [INFO] 物体 2: FireExt1 (置信度: 0.39)
2026-07-31 10:36:41 [INFO] 准备保存检测结果到: C:\code\show\Scrap_Steel_In_Field\photos\dangerous_det\detection_20260731_103641.jpg
2026-07-31 10:36:41 [INFO] 图像形状: (2160, 3840, 3)
2026-07-31 10:36:41 [INFO] 图像数据类型: uint8
2026-07-31 10:36:41 [INFO] 图像最大值: 255
2026-07-31 10:36:41 [INFO] 图像最小值: 0
2026-07-31 10:36:41 [INFO] 开始保存检测结果图像: 图像尺寸=(2160, 3840, 3), 类型=uint8, 路径=C:\code\show\Scrap_Steel_In_Field\photos\dangerous_det\detection_20260731_103641.jpg
2026-07-31 10:36:41 [INFO] 成功保存检测结果到: C:\code\show\Scrap_Steel_In_Field\photos\dangerous_det\detection_20260731_103641.jpg
2026-07-31 10:36:41 [INFO] 保存的检测结果文件大小: 1544778 字节
2026-07-31 10:36:41 [INFO] 引擎上下文已释放
2026-07-31 10:36:41 [INFO] TensorRT 引擎已释放
2026-07-31 10:36:41 [INFO] 全局 CUDA 资源已释放
2026-07-31 10:36:41 [INFO] 检测系统资源已释放
2026-07-31 10:36:46 [INFO] CUDA 初始化成功
2026-07-31 10:36:46 [INFO] 引擎加载成功: dangerous.engine
2026-07-31 10:36:46 [INFO] 检测系统初始化成功
2026-07-31 10:36:46 [INFO] 图像预处理完成，原始尺寸: (2160, 3840)
2026-07-31 10:36:46 [INFO] 开始执行目标检测...
2026-07-31 10:36:46 [INFO] 检测完成，找到 2 个物体
2026-07-31 10:36:46 [INFO] 物体 1: GasCyl1 (置信度: 0.90)
2026-07-31 10:36:46 [INFO] 物体 2: FireExt1 (置信度: 0.38)
2026-07-31 10:36:46 [INFO] 准备保存检测结果到: C:\code\show\Scrap_Steel_In_Field\photos\dangerous_det\detection_20260731_103646.jpg
2026-07-31 10:36:46 [INFO] 图像形状: (2160, 3840, 3)
2026-07-31 10:36:46 [INFO] 图像数据类型: uint8
2026-07-31 10:36:46 [INFO] 图像最大值: 255
2026-07-31 10:36:46 [INFO] 图像最小值: 0
2026-07-31 10:36:46 [INFO] 开始保存检测结果图像: 图像尺寸=(2160, 3840, 3), 类型=uint8, 路径=C:\code\show\Scrap_Steel_In_Field\photos\dangerous_det\detection_20260731_103646.jpg
2026-07-31 10:36:46 [INFO] 成功保存检测结果到: C:\code\show\Scrap_Steel_In_Field\photos\dangerous_det\detection_20260731_103646.jpg
2026-07-31 10:36:46 [INFO] 保存的检测结果文件大小: 1522266 字节
2026-07-31 10:36:46 [INFO] 引擎上下文已释放
2026-07-31 10:36:46 [INFO] TensorRT 引擎已释放
2026-07-31 10:36:46 [INFO] 全局 CUDA 资源已释放
2026-07-31 10:36:46 [INFO] 检测系统资源已释放
2026-07-31 10:36:51 [INFO] CUDA 初始化成功
2026-07-31 10:36:51 [INFO] 引擎加载成功: dangerous.engine
2026-07-31 10:36:51 [INFO] 检测系统初始化成功
2026-07-31 10:36:51 [INFO] 图像预处理完成，原始尺寸: (2160, 3840)
2026-07-31 10:36:51 [INFO] 开始执行目标检测...
2026-07-31 10:36:51 [INFO] 检测完成，找到 3 个物体
2026-07-31 10:36:51 [INFO] 物体 1: GasCyl1 (置信度: 0.94)
2026-07-31 10:36:51 [INFO] 物体 2: FireExt1 (置信度: 0.46)
2026-07-31 10:36:51 [INFO] 物体 3: FireExt1 (置信度: 0.42)
2026-07-31 10:36:51 [INFO] 准备保存检测结果到: C:\code\show\Scrap_Steel_In_Field\photos\dangerous_det\detection_20260731_103651.jpg
2026-07-31 10:36:51 [INFO] 图像形状: (2160, 3840, 3)
2026-07-31 10:36:51 [INFO] 图像数据类型: uint8
2026-07-31 10:36:51 [INFO] 图像最大值: 255
2026-07-31 10:36:51 [INFO] 图像最小值: 0
2026-07-31 10:36:51 [INFO] 开始保存检测结果图像: 图像尺寸=(2160, 3840, 3), 类型=uint8, 路径=C:\code\show\Scrap_Steel_In_Field\photos\dangerous_det\detection_20260731_103651.jpg
2026-07-31 10:36:51 [INFO] 成功保存检测结果到: C:\code\show\Scrap_Steel_In_Field\photos\dangerous_det\detection_20260731_103651.jpg
2026-07-31 10:36:51 [INFO] 保存的检测结果文件大小: 1516807 字节
2026-07-31 10:36:51 [INFO] 引擎上下文已释放
2026-07-31 10:36:51 [INFO] TensorRT 引擎已释放
2026-07-31 10:36:51 [INFO] 全局 CUDA 资源已释放
2026-07-31 10:36:51 [INFO] 检测系统资源已释放
2026-07-31 10:36:56 [INFO] CUDA 初始化成功
2026-07-31 10:36:56 [INFO] 引擎加载成功: dangerous.engine
2026-07-31 10:36:56 [INFO] 检测系统初始化成功
2026-07-31 10:36:56 [INFO] 图像预处理完成，原始尺寸: (2160, 3840)
2026-07-31 10:36:56 [INFO] 开始执行目标检测...
2026-07-31 10:36:56 [INFO] 检测完成，找到 3 个物体
2026-07-31 10:36:56 [INFO] 物体 1: GasCyl1 (置信度: 0.94)
2026-07-31 10:36:56 [INFO] 物体 2: FireExt1 (置信度: 0.42)
2026-07-31 10:36:56 [INFO] 物体 3: FireExt1 (置信度: 0.39)
2026-07-31 10:36:56 [INFO] 准备保存检测结果到: C:\code\show\Scrap_Steel_In_Field\photos\dangerous_det\detection_20260731_103656.jpg
2026-07-31 10:36:56 [INFO] 图像形状: (2160, 3840, 3)
2026-07-31 10:36:56 [INFO] 图像数据类型: uint8
2026-07-31 10:36:56 [INFO] 图像最大值: 255
2026-07-31 10:36:56 [INFO] 图像最小值: 0
2026-07-31 10:36:56 [INFO] 开始保存检测结果图像: 图像尺寸=(2160, 3840, 3), 类型=uint8, 路径=C:\code\show\Scrap_Steel_In_Field\photos\dangerous_det\detection_20260731_103656.jpg
2026-07-31 10:36:56 [INFO] 成功保存检测结果到: C:\code\show\Scrap_Steel_In_Field\photos\dangerous_det\detection_20260731_103656.jpg
2026-07-31 10:36:56 [INFO] 保存的检测结果文件大小: 1529893 字节
2026-07-31 10:36:56 [INFO] 引擎上下文已释放
2026-07-31 10:36:56 [INFO] TensorRT 引擎已释放
2026-07-31 10:36:56 [INFO] 全局 CUDA 资源已释放
2026-07-31 10:36:56 [INFO] 检测系统资源已释放
2026-07-31 10:37:01 [INFO] CUDA 初始化成功
2026-07-31 10:37:01 [INFO] 引擎加载成功: dangerous.engine
2026-07-31 10:37:01 [INFO] 检测系统初始化成功
2026-07-31 10:37:01 [INFO] 图像预处理完成，原始尺寸: (2160, 3840)
2026-07-31 10:37:01 [INFO] 开始执行目标检测...
2026-07-31 10:37:01 [INFO] 检测完成，找到 2 个物体
2026-07-31 10:37:01 [INFO] 物体 1: GasCyl1 (置信度: 0.91)
2026-07-31 10:37:01 [INFO] 物体 2: FireExt1 (置信度: 0.55)
2026-07-31 10:37:01 [INFO] 准备保存检测结果到: C:\code\show\Scrap_Steel_In_Field\photos\dangerous_det\detection_20260731_103701.jpg
2026-07-31 10:37:01 [INFO] 图像形状: (2160, 3840, 3)
2026-07-31 10:37:01 [INFO] 图像数据类型: uint8
2026-07-31 10:37:01 [INFO] 图像最大值: 255
2026-07-31 10:37:01 [INFO] 图像最小值: 0
2026-07-31 10:37:01 [INFO] 开始保存检测结果图像: 图像尺寸=(2160, 3840, 3), 类型=uint8, 路径=C:\code\show\Scrap_Steel_In_Field\photos\dangerous_det\detection_20260731_103701.jpg
2026-07-31 10:37:01 [INFO] 成功保存检测结果到: C:\code\show\Scrap_Steel_In_Field\photos\dangerous_det\detection_20260731_103701.jpg
2026-07-31 10:37:01 [INFO] 保存的检测结果文件大小: 1506983 字节
2026-07-31 10:37:01 [INFO] 引擎上下文已释放
2026-07-31 10:37:01 [INFO] TensorRT 引擎已释放
2026-07-31 10:37:01 [INFO] 全局 CUDA 资源已释放
2026-07-31 10:37:01 [INFO] 检测系统资源已释放
2026-07-31 10:37:06 [INFO] CUDA 初始化成功
2026-07-31 10:37:06 [INFO] 引擎加载成功: dangerous.engine
2026-07-31 10:37:06 [INFO] 检测系统初始化成功
2026-07-31 10:37:06 [INFO] 图像预处理完成，原始尺寸: (2160, 3840)
2026-07-31 10:37:06 [INFO] 开始执行目标检测...
2026-07-31 10:37:06 [INFO] 检测完成，找到 1 个物体
2026-07-31 10:37:06 [INFO] 物体 1: FireExt1 (置信度: 0.40)
2026-07-31 10:37:06 [INFO] 准备保存检测结果到: C:\code\show\Scrap_Steel_In_Field\photos\dangerous_det\detection_20260731_103706.jpg
2026-07-31 10:37:06 [INFO] 图像形状: (2160, 3840, 3)
2026-07-31 10:37:06 [INFO] 图像数据类型: uint8
2026-07-31 10:37:06 [INFO] 图像最大值: 255
2026-07-31 10:37:06 [INFO] 图像最小值: 0
2026-07-31 10:37:06 [INFO] 开始保存检测结果图像: 图像尺寸=(2160, 3840, 3), 类型=uint8, 路径=C:\code\show\Scrap_Steel_In_Field\photos\dangerous_det\detection_20260731_103706.jpg
2026-07-31 10:37:06 [INFO] 成功保存检测结果到: C:\code\show\Scrap_Steel_In_Field\photos\dangerous_det\detection_20260731_103706.jpg
2026-07-31 10:37:06 [INFO] 保存的检测结果文件大小: 1491328 字节
2026-07-31 10:37:06 [INFO] 引擎上下文已释放
2026-07-31 10:37:06 [INFO] TensorRT 引擎已释放
2026-07-31 10:37:06 [INFO] 全局 CUDA 资源已释放
2026-07-31 10:37:06 [INFO] 检测系统资源已释放
2026-07-31 10:37:11 [INFO] CUDA 初始化成功
2026-07-31 10:37:11 [INFO] 引擎加载成功: dangerous.engine
2026-07-31 10:37:11 [INFO] 检测系统初始化成功
2026-07-31 10:37:12 [INFO] 图像预处理完成，原始尺寸: (2160, 3840)
2026-07-31 10:37:12 [INFO] 开始执行目标检测...
2026-07-31 10:37:12 [INFO] 检测完成，找到 1 个物体
2026-07-31 10:37:12 [INFO] 物体 1: GasCyl1 (置信度: 0.41)
2026-07-31 10:37:12 [INFO] 准备保存检测结果到: C:\code\show\Scrap_Steel_In_Field\photos\dangerous_det\detection_20260731_103712.jpg
2026-07-31 10:37:12 [INFO] 图像形状: (2160, 3840, 3)
2026-07-31 10:37:12 [INFO] 图像数据类型: uint8
2026-07-31 10:37:12 [INFO] 图像最大值: 255
2026-07-31 10:37:12 [INFO] 图像最小值: 0
2026-07-31 10:37:12 [INFO] 开始保存检测结果图像: 图像尺寸=(2160, 3840, 3), 类型=uint8, 路径=C:\code\show\Scrap_Steel_In_Field\photos\dangerous_det\detection_20260731_103712.jpg
2026-07-31 10:37:12 [INFO] 成功保存检测结果到: C:\code\show\Scrap_Steel_In_Field\photos\dangerous_det\detection_20260731_103712.jpg
2026-07-31 10:37:12 [INFO] 保存的检测结果文件大小: 1471322 字节
2026-07-31 10:37:12 [INFO] 引擎上下文已释放
2026-07-31 10:37:12 [INFO] TensorRT 引擎已释放
2026-07-31 10:37:12 [INFO] 全局 CUDA 资源已释放
2026-07-31 10:37:12 [INFO] 检测系统资源已释放
2026-07-31 10:37:17 [INFO] CUDA 初始化成功
2026-07-31 10:37:17 [INFO] 引擎加载成功: dangerous.engine
2026-07-31 10:37:17 [INFO] 检测系统初始化成功
2026-07-31 10:37:17 [INFO] 图像预处理完成，原始尺寸: (2160, 3840)
2026-07-31 10:37:17 [INFO] 开始执行目标检测...
2026-07-31 10:37:17 [INFO] 检测完成，找到 3 个物体
2026-07-31 10:37:17 [INFO] 物体 1: GasCyl1 (置信度: 0.63)
2026-07-31 10:37:17 [INFO] 物体 2: FireExt1 (置信度: 0.55)
2026-07-31 10:37:17 [INFO] 物体 3: FireExt1 (置信度: 0.44)
2026-07-31 10:37:17 [INFO] 检测到车兜区域，将过滤区域外的目标
2026-07-31 10:37:17 [INFO] 车兜区域过滤: 3 -> 2 个目标
2026-07-31 10:37:17 [INFO] 准备保存检测结果到: C:\code\show\Scrap_Steel_In_Field\photos\dangerous_det\detection_20260731_103717.jpg
2026-07-31 10:37:17 [INFO] 图像形状: (2160, 3840, 3)
2026-07-31 10:37:17 [INFO] 图像数据类型: uint8
2026-07-31 10:37:17 [INFO] 图像最大值: 255
2026-07-31 10:37:17 [INFO] 图像最小值: 0
2026-07-31 10:37:17 [INFO] 开始保存检测结果图像: 图像尺寸=(2160, 3840, 3), 类型=uint8, 路径=C:\code\show\Scrap_Steel_In_Field\photos\dangerous_det\detection_20260731_103717.jpg
2026-07-31 10:37:17 [INFO] 成功保存检测结果到: C:\code\show\Scrap_Steel_In_Field\photos\dangerous_det\detection_20260731_103717.jpg
2026-07-31 10:37:17 [INFO] 保存的检测结果文件大小: 1323951 字节
2026-07-31 10:37:17 [INFO] 引擎上下文已释放
2026-07-31 10:37:17 [INFO] TensorRT 引擎已释放
2026-07-31 10:37:17 [INFO] 全局 CUDA 资源已释放
2026-07-31 10:37:17 [INFO] 检测系统资源已释放
2026-07-31 10:37:22 [INFO] CUDA 初始化成功
2026-07-31 10:37:22 [INFO] 引擎加载成功: dangerous.engine
2026-07-31 10:37:22 [INFO] 检测系统初始化成功
2026-07-31 10:37:22 [INFO] 图像预处理完成，原始尺寸: (2160, 3840)
2026-07-31 10:37:22 [INFO] 开始执行目标检测...
2026-07-31 10:37:22 [INFO] 检测完成，找到 3 个物体
2026-07-31 10:37:22 [INFO] 物体 1: GasCyl1 (置信度: 0.78)
2026-07-31 10:37:22 [INFO] 物体 2: FireExt1 (置信度: 0.51)
2026-07-31 10:37:22 [INFO] 物体 3: GasCyl1 (置信度: 0.46)
2026-07-31 10:37:22 [INFO] 准备保存检测结果到: C:\code\show\Scrap_Steel_In_Field\photos\dangerous_det\detection_20260731_103722.jpg
2026-07-31 10:37:22 [INFO] 图像形状: (2160, 3840, 3)
2026-07-31 10:37:22 [INFO] 图像数据类型: uint8
2026-07-31 10:37:22 [INFO] 图像最大值: 255
2026-07-31 10:37:22 [INFO] 图像最小值: 0
2026-07-31 10:37:22 [INFO] 开始保存检测结果图像: 图像尺寸=(2160, 3840, 3), 类型=uint8, 路径=C:\code\show\Scrap_Steel_In_Field\photos\dangerous_det\detection_20260731_103722.jpg
2026-07-31 10:37:22 [INFO] 成功保存检测结果到: C:\code\show\Scrap_Steel_In_Field\photos\dangerous_det\detection_20260731_103722.jpg
2026-07-31 10:37:22 [INFO] 保存的检测结果文件大小: 1465403 字节
2026-07-31 10:37:22 [INFO] 引擎上下文已释放
2026-07-31 10:37:22 [INFO] TensorRT 引擎已释放
2026-07-31 10:37:22 [INFO] 全局 CUDA 资源已释放
2026-07-31 10:37:22 [INFO] 检测系统资源已释放
2026-07-31 10:37:27 [INFO] CUDA 初始化成功
2026-07-31 10:37:27 [INFO] 引擎加载成功: dangerous.engine
2026-07-31 10:37:27 [INFO] 检测系统初始化成功
2026-07-31 10:37:27 [INFO] 图像预处理完成，原始尺寸: (2160, 3840)
2026-07-31 10:37:27 [INFO] 开始执行目标检测...
2026-07-31 10:37:27 [INFO] 检测完成，找到 3 个物体
2026-07-31 10:37:27 [INFO] 物体 1: GasCyl1 (置信度: 0.65)
2026-07-31 10:37:27 [INFO] 物体 2: FireExt1 (置信度: 0.48)
2026-07-31 10:37:27 [INFO] 物体 3: FireExt1 (置信度: 0.46)
2026-07-31 10:37:27 [INFO] 检测到车兜区域，将过滤区域外的目标
2026-07-31 10:37:27 [INFO] 准备保存检测结果到: C:\code\show\Scrap_Steel_In_Field\photos\dangerous_det\detection_20260731_103727.jpg
2026-07-31 10:37:27 [INFO] 图像形状: (2160, 3840, 3)
2026-07-31 10:37:27 [INFO] 图像数据类型: uint8
2026-07-31 10:37:27 [INFO] 图像最大值: 255
2026-07-31 10:37:27 [INFO] 图像最小值: 0
2026-07-31 10:37:27 [INFO] 开始保存检测结果图像: 图像尺寸=(2160, 3840, 3), 类型=uint8, 路径=C:\code\show\Scrap_Steel_In_Field\photos\dangerous_det\detection_20260731_103727.jpg
2026-07-31 10:37:27 [INFO] 成功保存检测结果到: C:\code\show\Scrap_Steel_In_Field\photos\dangerous_det\detection_20260731_103727.jpg
2026-07-31 10:37:27 [INFO] 保存的检测结果文件大小: 1502749 字节
2026-07-31 10:37:27 [INFO] 引擎上下文已释放
2026-07-31 10:37:27 [INFO] TensorRT 引擎已释放
2026-07-31 10:37:27 [INFO] 全局 CUDA 资源已释放
2026-07-31 10:37:27 [INFO] 检测系统资源已释放
2026-07-31 10:37:32 [INFO] CUDA 初始化成功
2026-07-31 10:37:33 [INFO] 引擎加载成功: dangerous.engine
2026-07-31 10:37:33 [INFO] 检测系统初始化成功
2026-07-31 10:37:33 [INFO] 图像预处理完成，原始尺寸: (2160, 3840)
2026-07-31 10:37:33 [INFO] 开始执行目标检测...
2026-07-31 10:37:33 [INFO] 检测完成，找到 3 个物体
2026-07-31 10:37:33 [INFO] 物体 1: GasCyl1 (置信度: 0.59)
2026-07-31 10:37:33 [INFO] 物体 2: FireExt1 (置信度: 0.48)
2026-07-31 10:37:33 [INFO] 物体 3: FireExt1 (置信度: 0.46)
2026-07-31 10:37:33 [INFO] 检测到车兜区域，将过滤区域外的目标
2026-07-31 10:37:33 [INFO] 准备保存检测结果到: C:\code\show\Scrap_Steel_In_Field\photos\dangerous_det\detection_20260731_103733.jpg
2026-07-31 10:37:33 [INFO] 图像形状: (2160, 3840, 3)
2026-07-31 10:37:33 [INFO] 图像数据类型: uint8
2026-07-31 10:37:33 [INFO] 图像最大值: 255
2026-07-31 10:37:33 [INFO] 图像最小值: 0
2026-07-31 10:37:33 [INFO] 开始保存检测结果图像: 图像尺寸=(2160, 3840, 3), 类型=uint8, 路径=C:\code\show\Scrap_Steel_In_Field\photos\dangerous_det\detection_20260731_103733.jpg
2026-07-31 10:37:33 [INFO] 成功保存检测结果到: C:\code\show\Scrap_Steel_In_Field\photos\dangerous_det\detection_20260731_103733.jpg
2026-07-31 10:37:33 [INFO] 保存的检测结果文件大小: 1791381 字节
2026-07-31 10:37:33 [INFO] 引擎上下文已释放
2026-07-31 10:37:33 [INFO] TensorRT 引擎已释放
2026-07-31 10:37:33 [INFO] 全局 CUDA 资源已释放
2026-07-31 10:37:33 [INFO] 检测系统资源已释放
2026-07-31 10:37:38 [INFO] CUDA 初始化成功
2026-07-31 10:37:38 [INFO] 引擎加载成功: dangerous.engine
2026-07-31 10:37:38 [INFO] 检测系统初始化成功
2026-07-31 10:37:38 [INFO] 图像预处理完成，原始尺寸: (2160, 3840)
2026-07-31 10:37:38 [INFO] 开始执行目标检测...
2026-07-31 10:37:38 [INFO] 检测完成，找到 3 个物体
2026-07-31 10:37:38 [INFO] 物体 1: GasCyl1 (置信度: 0.63)
2026-07-31 10:37:38 [INFO] 物体 2: FireExt1 (置信度: 0.49)
2026-07-31 10:37:38 [INFO] 物体 3: FireExt1 (置信度: 0.44)
2026-07-31 10:37:38 [INFO] 检测到车兜区域，将过滤区域外的目标
2026-07-31 10:37:38 [INFO] 准备保存检测结果到: C:\code\show\Scrap_Steel_In_Field\photos\dangerous_det\detection_20260731_103738.jpg
2026-07-31 10:37:38 [INFO] 图像形状: (2160, 3840, 3)
2026-07-31 10:37:38 [INFO] 图像数据类型: uint8
2026-07-31 10:37:38 [INFO] 图像最大值: 255
2026-07-31 10:37:38 [INFO] 图像最小值: 0
2026-07-31 10:37:38 [INFO] 开始保存检测结果图像: 图像尺寸=(2160, 3840, 3), 类型=uint8, 路径=C:\code\show\Scrap_Steel_In_Field\photos\dangerous_det\detection_20260731_103738.jpg
2026-07-31 10:37:38 [INFO] 成功保存检测结果到: C:\code\show\Scrap_Steel_In_Field\photos\dangerous_det\detection_20260731_103738.jpg
2026-07-31 10:37:38 [INFO] 保存的检测结果文件大小: 1790779 字节
2026-07-31 10:37:38 [INFO] 引擎上下文已释放
2026-07-31 10:37:38 [INFO] TensorRT 引擎已释放
2026-07-31 10:37:38 [INFO] 全局 CUDA 资源已释放
2026-07-31 10:37:38 [INFO] 检测系统资源已释放
2026-07-31 10:37:43 [INFO] CUDA 初始化成功
2026-07-31 10:37:43 [INFO] 引擎加载成功: dangerous.engine
2026-07-31 10:37:43 [INFO] 检测系统初始化成功
2026-07-31 10:37:43 [INFO] 图像预处理完成，原始尺寸: (2160, 3840)
2026-07-31 10:37:43 [INFO] 开始执行目标检测...
2026-07-31 10:37:43 [INFO] 检测完成，找到 4 个物体
2026-07-31 10:37:43 [INFO] 物体 1: GasCyl1 (置信度: 0.72)
2026-07-31 10:37:43 [INFO] 物体 2: FireExt1 (置信度: 0.51)
2026-07-31 10:37:43 [INFO] 物体 3: FireExt1 (置信度: 0.46)
2026-07-31 10:37:43 [INFO] 物体 4: FireExt1 (置信度: 0.42)
2026-07-31 10:37:43 [INFO] 准备保存检测结果到: C:\code\show\Scrap_Steel_In_Field\photos\dangerous_det\detection_20260731_103743.jpg
2026-07-31 10:37:43 [INFO] 图像形状: (2160, 3840, 3)
2026-07-31 10:37:43 [INFO] 图像数据类型: uint8
2026-07-31 10:37:43 [INFO] 图像最大值: 255
2026-07-31 10:37:43 [INFO] 图像最小值: 0
2026-07-31 10:37:43 [INFO] 开始保存检测结果图像: 图像尺寸=(2160, 3840, 3), 类型=uint8, 路径=C:\code\show\Scrap_Steel_In_Field\photos\dangerous_det\detection_20260731_103743.jpg
2026-07-31 10:37:43 [INFO] 成功保存检测结果到: C:\code\show\Scrap_Steel_In_Field\photos\dangerous_det\detection_20260731_103743.jpg
2026-07-31 10:37:43 [INFO] 保存的检测结果文件大小: 1582834 字节
2026-07-31 10:37:43 [INFO] 引擎上下文已释放
2026-07-31 10:37:43 [INFO] TensorRT 引擎已释放
2026-07-31 10:37:43 [INFO] 全局 CUDA 资源已释放
2026-07-31 10:37:43 [INFO] 检测系统资源已释放
2026-07-31 10:37:48 [INFO] CUDA 初始化成功
2026-07-31 10:37:48 [INFO] 引擎加载成功: dangerous.engine
2026-07-31 10:37:48 [INFO] 检测系统初始化成功
2026-07-31 10:37:48 [INFO] 图像预处理完成，原始尺寸: (2160, 3840)
2026-07-31 10:37:48 [INFO] 开始执行目标检测...
2026-07-31 10:37:48 [INFO] 检测完成，找到 3 个物体
2026-07-31 10:37:48 [INFO] 物体 1: GasCyl1 (置信度: 0.62)
2026-07-31 10:37:48 [INFO] 物体 2: FireExt1 (置信度: 0.52)
2026-07-31 10:37:48 [INFO] 物体 3: GasCyl1 (置信度: 0.50)
2026-07-31 10:37:48 [INFO] 准备保存检测结果到: C:\code\show\Scrap_Steel_In_Field\photos\dangerous_det\detection_20260731_103748.jpg
2026-07-31 10:37:48 [INFO] 图像形状: (2160, 3840, 3)
2026-07-31 10:37:48 [INFO] 图像数据类型: uint8
2026-07-31 10:37:48 [INFO] 图像最大值: 255
2026-07-31 10:37:48 [INFO] 图像最小值: 0
2026-07-31 10:37:48 [INFO] 开始保存检测结果图像: 图像尺寸=(2160, 3840, 3), 类型=uint8, 路径=C:\code\show\Scrap_Steel_In_Field\photos\dangerous_det\detection_20260731_103748.jpg
2026-07-31 10:37:48 [INFO] 成功保存检测结果到: C:\code\show\Scrap_Steel_In_Field\photos\dangerous_det\detection_20260731_103748.jpg
2026-07-31 10:37:48 [INFO] 保存的检测结果文件大小: 1756835 字节
2026-07-31 10:37:48 [INFO] 引擎上下文已释放
2026-07-31 10:37:48 [INFO] TensorRT 引擎已释放
2026-07-31 10:37:48 [INFO] 全局 CUDA 资源已释放
2026-07-31 10:37:48 [INFO] 检测系统资源已释放
2026-07-31 10:37:53 [INFO] CUDA 初始化成功
2026-07-31 10:37:53 [INFO] 引擎加载成功: dangerous.engine
2026-07-31 10:37:53 [INFO] 检测系统初始化成功
2026-07-31 10:37:53 [INFO] 图像预处理完成，原始尺寸: (2160, 3840)
2026-07-31 10:37:53 [INFO] 开始执行目标检测...
2026-07-31 10:37:53 [INFO] 检测完成，找到 3 个物体
2026-07-31 10:37:53 [INFO] 物体 1: FireExt1 (置信度: 0.54)
2026-07-31 10:37:53 [INFO] 物体 2: FireExt1 (置信度: 0.52)
2026-07-31 10:37:53 [INFO] 物体 3: FireExt1 (置信度: 0.48)
2026-07-31 10:37:54 [INFO] 准备保存检测结果到: C:\code\show\Scrap_Steel_In_Field\photos\dangerous_det\detection_20260731_103754.jpg
2026-07-31 10:37:54 [INFO] 图像形状: (2160, 3840, 3)
2026-07-31 10:37:54 [INFO] 图像数据类型: uint8
2026-07-31 10:37:54 [INFO] 图像最大值: 255
2026-07-31 10:37:54 [INFO] 图像最小值: 0
2026-07-31 10:37:54 [INFO] 开始保存检测结果图像: 图像尺寸=(2160, 3840, 3), 类型=uint8, 路径=C:\code\show\Scrap_Steel_In_Field\photos\dangerous_det\detection_20260731_103754.jpg
2026-07-31 10:37:54 [INFO] 成功保存检测结果到: C:\code\show\Scrap_Steel_In_Field\photos\dangerous_det\detection_20260731_103754.jpg
2026-07-31 10:37:54 [INFO] 保存的检测结果文件大小: 1800421 字节
2026-07-31 10:37:54 [INFO] 引擎上下文已释放
2026-07-31 10:37:54 [INFO] TensorRT 引擎已释放
2026-07-31 10:37:54 [INFO] 全局 CUDA 资源已释放
2026-07-31 10:37:54 [INFO] 检测系统资源已释放
2026-07-31 10:37:58 [INFO] CUDA 初始化成功
2026-07-31 10:37:58 [INFO] 引擎加载成功: dangerous.engine
2026-07-31 10:37:58 [INFO] 检测系统初始化成功
2026-07-31 10:37:58 [INFO] 图像预处理完成，原始尺寸: (2160, 3840)
2026-07-31 10:37:58 [INFO] 开始执行目标检测...
2026-07-31 10:37:59 [INFO] 检测完成，找到 4 个物体
2026-07-31 10:37:59 [INFO] 物体 1: FireExt1 (置信度: 0.50)
2026-07-31 10:37:59 [INFO] 物体 2: GasCyl1 (置信度: 0.50)
2026-07-31 10:37:59 [INFO] 物体 3: FireExt1 (置信度: 0.48)
2026-07-31 10:37:59 [INFO] 物体 4: FireExt1 (置信度: 0.47)
2026-07-31 10:37:59 [INFO] 准备保存检测结果到: C:\code\show\Scrap_Steel_In_Field\photos\dangerous_det\detection_20260731_103759.jpg
2026-07-31 10:37:59 [INFO] 图像形状: (2160, 3840, 3)
2026-07-31 10:37:59 [INFO] 图像数据类型: uint8
2026-07-31 10:37:59 [INFO] 图像最大值: 255
2026-07-31 10:37:59 [INFO] 图像最小值: 0
2026-07-31 10:37:59 [INFO] 开始保存检测结果图像: 图像尺寸=(2160, 3840, 3), 类型=uint8, 路径=C:\code\show\Scrap_Steel_In_Field\photos\dangerous_det\detection_20260731_103759.jpg
2026-07-31 10:37:59 [INFO] 成功保存检测结果到: C:\code\show\Scrap_Steel_In_Field\photos\dangerous_det\detection_20260731_103759.jpg
2026-07-31 10:37:59 [INFO] 保存的检测结果文件大小: 1794774 字节
2026-07-31 10:37:59 [INFO] 引擎上下文已释放
2026-07-31 10:37:59 [INFO] TensorRT 引擎已释放
2026-07-31 10:37:59 [INFO] 全局 CUDA 资源已释放
2026-07-31 10:37:59 [INFO] 检测系统资源已释放
2026-07-31 10:38:04 [INFO] CUDA 初始化成功
2026-07-31 10:38:04 [INFO] 引擎加载成功: dangerous.engine
2026-07-31 10:38:04 [INFO] 检测系统初始化成功
2026-07-31 10:38:04 [INFO] 图像预处理完成，原始尺寸: (2160, 3840)
2026-07-31 10:38:04 [INFO] 开始执行目标检测...
2026-07-31 10:38:04 [INFO] 检测完成，找到 3 个物体
2026-07-31 10:38:04 [INFO] 物体 1: GasCyl1 (置信度: 0.64)
2026-07-31 10:38:04 [INFO] 物体 2: GasCyl1 (置信度: 0.59)
2026-07-31 10:38:04 [INFO] 物体 3: FireExt1 (置信度: 0.51)
2026-07-31 10:38:04 [INFO] 检测到车兜区域，将过滤区域外的目标
2026-07-31 10:38:04 [INFO] 准备保存检测结果到: C:\code\show\Scrap_Steel_In_Field\photos\dangerous_det\detection_20260731_103804.jpg
2026-07-31 10:38:04 [INFO] 图像形状: (2160, 3840, 3)
2026-07-31 10:38:04 [INFO] 图像数据类型: uint8
2026-07-31 10:38:04 [INFO] 图像最大值: 255
2026-07-31 10:38:04 [INFO] 图像最小值: 0
2026-07-31 10:38:04 [INFO] 开始保存检测结果图像: 图像尺寸=(2160, 3840, 3), 类型=uint8, 路径=C:\code\show\Scrap_Steel_In_Field\photos\dangerous_det\detection_20260731_103804.jpg
2026-07-31 10:38:04 [INFO] 成功保存检测结果到: C:\code\show\Scrap_Steel_In_Field\photos\dangerous_det\detection_20260731_103804.jpg
2026-07-31 10:38:04 [INFO] 保存的检测结果文件大小: 1717452 字节
2026-07-31 10:38:04 [INFO] 引擎上下文已释放
2026-07-31 10:38:04 [INFO] TensorRT 引擎已释放
2026-07-31 10:38:04 [INFO] 全局 CUDA 资源已释放
2026-07-31 10:38:04 [INFO] 检测系统资源已释放
2026-07-31 10:38:09 [INFO] CUDA 初始化成功
2026-07-31 10:38:09 [INFO] 引擎加载成功: dangerous.engine
2026-07-31 10:38:09 [INFO] 检测系统初始化成功
2026-07-31 10:38:09 [INFO] 图像预处理完成，原始尺寸: (2160, 3840)
2026-07-31 10:38:09 [INFO] 开始执行目标检测...
2026-07-31 10:38:09 [INFO] 检测完成，找到 3 个物体
2026-07-31 10:38:09 [INFO] 物体 1: GasCyl1 (置信度: 0.82)
2026-07-31 10:38:09 [INFO] 物体 2: GasCyl1 (置信度: 0.53)
2026-07-31 10:38:09 [INFO] 物体 3: FireExt1 (置信度: 0.50)
2026-07-31 10:38:10 [INFO] 检测到车兜区域，将过滤区域外的目标
2026-07-31 10:38:10 [INFO] 准备保存检测结果到: C:\code\show\Scrap_Steel_In_Field\photos\dangerous_det\detection_20260731_103810.jpg
2026-07-31 10:38:10 [INFO] 图像形状: (2160, 3840, 3)
2026-07-31 10:38:10 [INFO] 图像数据类型: uint8
2026-07-31 10:38:10 [INFO] 图像最大值: 255
2026-07-31 10:38:10 [INFO] 图像最小值: 0
2026-07-31 10:38:10 [INFO] 开始保存检测结果图像: 图像尺寸=(2160, 3840, 3), 类型=uint8, 路径=C:\code\show\Scrap_Steel_In_Field\photos\dangerous_det\detection_20260731_103810.jpg
2026-07-31 10:38:10 [INFO] 成功保存检测结果到: C:\code\show\Scrap_Steel_In_Field\photos\dangerous_det\detection_20260731_103810.jpg
2026-07-31 10:38:10 [INFO] 保存的检测结果文件大小: 1778340 字节
2026-07-31 10:38:10 [INFO] 引擎上下文已释放
2026-07-31 10:38:10 [INFO] TensorRT 引擎已释放
2026-07-31 10:38:10 [INFO] 全局 CUDA 资源已释放
2026-07-31 10:38:10 [INFO] 检测系统资源已释放
2026-07-31 10:38:15 [INFO] CUDA 初始化成功
2026-07-31 10:38:15 [INFO] 引擎加载成功: dangerous.engine
2026-07-31 10:38:15 [INFO] 检测系统初始化成功
2026-07-31 10:38:15 [INFO] 图像预处理完成，原始尺寸: (2160, 3840)
2026-07-31 10:38:15 [INFO] 开始执行目标检测...
2026-07-31 10:38:15 [INFO] 检测完成，找到 3 个物体
2026-07-31 10:38:15 [INFO] 物体 1: GasCyl1 (置信度: 0.78)
2026-07-31 10:38:15 [INFO] 物体 2: FireExt1 (置信度: 0.51)
2026-07-31 10:38:15 [INFO] 物体 3: FireExt1 (置信度: 0.40)
2026-07-31 10:38:15 [INFO] 检测到车兜区域，将过滤区域外的目标
2026-07-31 10:38:15 [INFO] 准备保存检测结果到: C:\code\show\Scrap_Steel_In_Field\photos\dangerous_det\detection_20260731_103815.jpg
2026-07-31 10:38:15 [INFO] 图像形状: (2160, 3840, 3)
2026-07-31 10:38:15 [INFO] 图像数据类型: uint8
2026-07-31 10:38:15 [INFO] 图像最大值: 255
2026-07-31 10:38:15 [INFO] 图像最小值: 0
2026-07-31 10:38:15 [INFO] 开始保存检测结果图像: 图像尺寸=(2160, 3840, 3), 类型=uint8, 路径=C:\code\show\Scrap_Steel_In_Field\photos\dangerous_det\detection_20260731_103815.jpg
2026-07-31 10:38:15 [INFO] 成功保存检测结果到: C:\code\show\Scrap_Steel_In_Field\photos\dangerous_det\detection_20260731_103815.jpg
2026-07-31 10:38:15 [INFO] 保存的检测结果文件大小: 1849535 字节
2026-07-31 10:38:15 [INFO] 引擎上下文已释放
2026-07-31 10:38:15 [INFO] TensorRT 引擎已释放
2026-07-31 10:38:15 [INFO] 全局 CUDA 资源已释放
2026-07-31 10:38:15 [INFO] 检测系统资源已释放
2026-07-31 10:38:20 [INFO] CUDA 初始化成功
2026-07-31 10:38:20 [INFO] 引擎加载成功: dangerous.engine
2026-07-31 10:38:20 [INFO] 检测系统初始化成功
2026-07-31 10:38:20 [INFO] 图像预处理完成，原始尺寸: (2160, 3840)
2026-07-31 10:38:20 [INFO] 开始执行目标检测...
2026-07-31 10:38:20 [INFO] 检测完成，找到 3 个物体
2026-07-31 10:38:20 [INFO] 物体 1: GasCyl1 (置信度: 0.74)
2026-07-31 10:38:20 [INFO] 物体 2: FireExt1 (置信度: 0.50)
2026-07-31 10:38:20 [INFO] 物体 3: FireExt1 (置信度: 0.43)
2026-07-31 10:38:20 [INFO] 检测到车兜区域，将过滤区域外的目标
2026-07-31 10:38:20 [INFO] 准备保存检测结果到: C:\code\show\Scrap_Steel_In_Field\photos\dangerous_det\detection_20260731_103820.jpg
2026-07-31 10:38:20 [INFO] 图像形状: (2160, 3840, 3)
2026-07-31 10:38:20 [INFO] 图像数据类型: uint8
2026-07-31 10:38:20 [INFO] 图像最大值: 255
2026-07-31 10:38:20 [INFO] 图像最小值: 0
2026-07-31 10:38:20 [INFO] 开始保存检测结果图像: 图像尺寸=(2160, 3840, 3), 类型=uint8, 路径=C:\code\show\Scrap_Steel_In_Field\photos\dangerous_det\detection_20260731_103820.jpg
2026-07-31 10:38:20 [INFO] 成功保存检测结果到: C:\code\show\Scrap_Steel_In_Field\photos\dangerous_det\detection_20260731_103820.jpg
2026-07-31 10:38:20 [INFO] 保存的检测结果文件大小: 1870178 字节
2026-07-31 10:38:20 [INFO] 引擎上下文已释放
2026-07-31 10:38:20 [INFO] TensorRT 引擎已释放
2026-07-31 10:38:20 [INFO] 全局 CUDA 资源已释放
2026-07-31 10:38:20 [INFO] 检测系统资源已释放
2026-07-31 10:38:25 [INFO] CUDA 初始化成功
2026-07-31 10:38:26 [INFO] 引擎加载成功: dangerous.engine
2026-07-31 10:38:26 [INFO] 检测系统初始化成功
2026-07-31 10:38:26 [INFO] 图像预处理完成，原始尺寸: (2160, 3840)
2026-07-31 10:38:26 [INFO] 开始执行目标检测...
2026-07-31 10:38:26 [INFO] 检测完成，找到 3 个物体
2026-07-31 10:38:26 [INFO] 物体 1: GasCyl1 (置信度: 0.55)
2026-07-31 10:38:26 [INFO] 物体 2: FireExt1 (置信度: 0.50)
2026-07-31 10:38:26 [INFO] 物体 3: GasCyl1 (置信度: 0.36)
2026-07-31 10:38:26 [INFO] 检测到车兜区域，将过滤区域外的目标
2026-07-31 10:38:26 [INFO] 准备保存检测结果到: C:\code\show\Scrap_Steel_In_Field\photos\dangerous_det\detection_20260731_103826.jpg
2026-07-31 10:38:26 [INFO] 图像形状: (2160, 3840, 3)
2026-07-31 10:38:26 [INFO] 图像数据类型: uint8
2026-07-31 10:38:26 [INFO] 图像最大值: 255
2026-07-31 10:38:26 [INFO] 图像最小值: 0
2026-07-31 10:38:26 [INFO] 开始保存检测结果图像: 图像尺寸=(2160, 3840, 3), 类型=uint8, 路径=C:\code\show\Scrap_Steel_In_Field\photos\dangerous_det\detection_20260731_103826.jpg
2026-07-31 10:38:26 [INFO] 成功保存检测结果到: C:\code\show\Scrap_Steel_In_Field\photos\dangerous_det\detection_20260731_103826.jpg
2026-07-31 10:38:26 [INFO] 保存的检测结果文件大小: 1868248 字节
2026-07-31 10:38:26 [INFO] 引擎上下文已释放
2026-07-31 10:38:26 [INFO] TensorRT 引擎已释放
2026-07-31 10:38:26 [INFO] 全局 CUDA 资源已释放
2026-07-31 10:38:26 [INFO] 检测系统资源已释放
2026-07-31 10:38:31 [INFO] CUDA 初始化成功
2026-07-31 10:38:31 [INFO] 引擎加载成功: dangerous.engine
2026-07-31 10:38:31 [INFO] 检测系统初始化成功
2026-07-31 10:38:31 [INFO] 图像预处理完成，原始尺寸: (2160, 3840)
2026-07-31 10:38:31 [INFO] 开始执行目标检测...
2026-07-31 10:38:31 [INFO] 检测完成，找到 3 个物体
2026-07-31 10:38:31 [INFO] 物体 1: GasCyl1 (置信度: 0.67)
2026-07-31 10:38:31 [INFO] 物体 2: GasCyl1 (置信度: 0.52)
2026-07-31 10:38:31 [INFO] 物体 3: FireExt1 (置信度: 0.51)
2026-07-31 10:38:31 [INFO] 检测到车兜区域，将过滤区域外的目标
2026-07-31 10:38:31 [INFO] 准备保存检测结果到: C:\code\show\Scrap_Steel_In_Field\photos\dangerous_det\detection_20260731_103831.jpg
2026-07-31 10:38:31 [INFO] 图像形状: (2160, 3840, 3)
2026-07-31 10:38:31 [INFO] 图像数据类型: uint8
2026-07-31 10:38:31 [INFO] 图像最大值: 255
2026-07-31 10:38:31 [INFO] 图像最小值: 0
2026-07-31 10:38:31 [INFO] 开始保存检测结果图像: 图像尺寸=(2160, 3840, 3), 类型=uint8, 路径=C:\code\show\Scrap_Steel_In_Field\photos\dangerous_det\detection_20260731_103831.jpg
2026-07-31 10:38:31 [INFO] 成功保存检测结果到: C:\code\show\Scrap_Steel_In_Field\photos\dangerous_det\detection_20260731_103831.jpg
2026-07-31 10:38:31 [INFO] 保存的检测结果文件大小: 1877993 字节
2026-07-31 10:38:31 [INFO] 引擎上下文已释放
2026-07-31 10:38:31 [INFO] TensorRT 引擎已释放
2026-07-31 10:38:31 [INFO] 全局 CUDA 资源已释放
2026-07-31 10:38:31 [INFO] 检测系统资源已释放
2026-07-31 10:38:36 [INFO] CUDA 初始化成功
2026-07-31 10:38:36 [INFO] 引擎加载成功: dangerous.engine
2026-07-31 10:38:36 [INFO] 检测系统初始化成功
2026-07-31 10:38:36 [INFO] 图像预处理完成，原始尺寸: (2160, 3840)
2026-07-31 10:38:36 [INFO] 开始执行目标检测...
2026-07-31 10:38:36 [INFO] 检测完成，找到 3 个物体
2026-07-31 10:38:36 [INFO] 物体 1: GasCyl1 (置信度: 0.76)
2026-07-31 10:38:36 [INFO] 物体 2: FireExt1 (置信度: 0.51)
2026-07-31 10:38:36 [INFO] 物体 3: GasCyl1 (置信度: 0.44)
2026-07-31 10:38:36 [INFO] 检测到车兜区域，将过滤区域外的目标
2026-07-31 10:38:36 [INFO] 准备保存检测结果到: C:\code\show\Scrap_Steel_In_Field\photos\dangerous_det\detection_20260731_103836.jpg
2026-07-31 10:38:36 [INFO] 图像形状: (2160, 3840, 3)
2026-07-31 10:38:36 [INFO] 图像数据类型: uint8
2026-07-31 10:38:36 [INFO] 图像最大值: 255
2026-07-31 10:38:36 [INFO] 图像最小值: 0
2026-07-31 10:38:36 [INFO] 开始保存检测结果图像: 图像尺寸=(2160, 3840, 3), 类型=uint8, 路径=C:\code\show\Scrap_Steel_In_Field\photos\dangerous_det\detection_20260731_103836.jpg
2026-07-31 10:38:37 [INFO] 成功保存检测结果到: C:\code\show\Scrap_Steel_In_Field\photos\dangerous_det\detection_20260731_103836.jpg
2026-07-31 10:38:37 [INFO] 保存的检测结果文件大小: 1862816 字节
2026-07-31 10:38:37 [INFO] 引擎上下文已释放
2026-07-31 10:38:37 [INFO] TensorRT 引擎已释放
2026-07-31 10:38:37 [INFO] 全局 CUDA 资源已释放
2026-07-31 10:38:37 [INFO] 检测系统资源已释放
2026-07-31 10:38:41 [INFO] CUDA 初始化成功
2026-07-31 10:38:42 [INFO] 引擎加载成功: dangerous.engine
2026-07-31 10:38:42 [INFO] 检测系统初始化成功
2026-07-31 10:38:42 [INFO] 图像预处理完成，原始尺寸: (2160, 3840)
2026-07-31 10:38:42 [INFO] 开始执行目标检测...
2026-07-31 10:38:42 [INFO] 检测完成，找到 3 个物体
2026-07-31 10:38:42 [INFO] 物体 1: GasCyl1 (置信度: 0.74)
2026-07-31 10:38:42 [INFO] 物体 2: GasCyl1 (置信度: 0.53)
2026-07-31 10:38:42 [INFO] 物体 3: FireExt1 (置信度: 0.50)
2026-07-31 10:38:42 [INFO] 检测到车兜区域，将过滤区域外的目标
2026-07-31 10:38:42 [INFO] 准备保存检测结果到: C:\code\show\Scrap_Steel_In_Field\photos\dangerous_det\detection_20260731_103842.jpg
2026-07-31 10:38:42 [INFO] 图像形状: (2160, 3840, 3)
2026-07-31 10:38:42 [INFO] 图像数据类型: uint8
2026-07-31 10:38:42 [INFO] 图像最大值: 255
2026-07-31 10:38:42 [INFO] 图像最小值: 0
2026-07-31 10:38:42 [INFO] 开始保存检测结果图像: 图像尺寸=(2160, 3840, 3), 类型=uint8, 路径=C:\code\show\Scrap_Steel_In_Field\photos\dangerous_det\detection_20260731_103842.jpg
2026-07-31 10:38:42 [INFO] 成功保存检测结果到: C:\code\show\Scrap_Steel_In_Field\photos\dangerous_det\detection_20260731_103842.jpg
2026-07-31 10:38:42 [INFO] 保存的检测结果文件大小: 1874760 字节
2026-07-31 10:38:42 [INFO] 引擎上下文已释放
2026-07-31 10:38:42 [INFO] TensorRT 引擎已释放
2026-07-31 10:38:42 [INFO] 全局 CUDA 资源已释放
2026-07-31 10:38:42 [INFO] 检测系统资源已释放
2026-07-31 10:38:47 [INFO] CUDA 初始化成功
2026-07-31 10:38:47 [INFO] 引擎加载成功: dangerous.engine
2026-07-31 10:38:47 [INFO] 检测系统初始化成功
2026-07-31 10:38:47 [INFO] 图像预处理完成，原始尺寸: (2160, 3840)
2026-07-31 10:38:47 [INFO] 开始执行目标检测...
2026-07-31 10:38:47 [INFO] 检测完成，找到 3 个物体
2026-07-31 10:38:47 [INFO] 物体 1: GasCyl1 (置信度: 0.76)
2026-07-31 10:38:47 [INFO] 物体 2: FireExt1 (置信度: 0.50)
2026-07-31 10:38:47 [INFO] 物体 3: GasCyl1 (置信度: 0.41)
2026-07-31 10:38:47 [INFO] 检测到车兜区域，将过滤区域外的目标
2026-07-31 10:38:47 [INFO] 准备保存检测结果到: C:\code\show\Scrap_Steel_In_Field\photos\dangerous_det\detection_20260731_103847.jpg
2026-07-31 10:38:47 [INFO] 图像形状: (2160, 3840, 3)
2026-07-31 10:38:47 [INFO] 图像数据类型: uint8
2026-07-31 10:38:47 [INFO] 图像最大值: 255
2026-07-31 10:38:47 [INFO] 图像最小值: 0
2026-07-31 10:38:47 [INFO] 开始保存检测结果图像: 图像尺寸=(2160, 3840, 3), 类型=uint8, 路径=C:\code\show\Scrap_Steel_In_Field\photos\dangerous_det\detection_20260731_103847.jpg
2026-07-31 10:38:48 [INFO] 成功保存检测结果到: C:\code\show\Scrap_Steel_In_Field\photos\dangerous_det\detection_20260731_103847.jpg
2026-07-31 10:38:48 [INFO] 保存的检测结果文件大小: 1881758 字节
2026-07-31 10:38:48 [INFO] 引擎上下文已释放
2026-07-31 10:38:48 [INFO] TensorRT 引擎已释放
2026-07-31 10:38:48 [INFO] 全局 CUDA 资源已释放
2026-07-31 10:38:48 [INFO] 检测系统资源已释放
2026-07-31 10:38:52 [INFO] CUDA 初始化成功
2026-07-31 10:38:53 [INFO] 引擎加载成功: dangerous.engine
2026-07-31 10:38:53 [INFO] 检测系统初始化成功
2026-07-31 10:38:53 [INFO] 图像预处理完成，原始尺寸: (2160, 3840)
2026-07-31 10:38:53 [INFO] 开始执行目标检测...
2026-07-31 10:38:53 [INFO] 检测完成，找到 5 个物体
2026-07-31 10:38:53 [INFO] 物体 1: GasCyl1 (置信度: 0.68)
2026-07-31 10:38:53 [INFO] 物体 2: FireExt1 (置信度: 0.53)
2026-07-31 10:38:53 [INFO] 物体 3: GasCyl1 (置信度: 0.48)
2026-07-31 10:38:53 [INFO] 物体 4: FireExt1 (置信度: 0.39)
2026-07-31 10:38:53 [INFO] 物体 5: FireExt1 (置信度: 0.36)
2026-07-31 10:38:53 [INFO] 检测到车兜区域，将过滤区域外的目标
2026-07-31 10:38:53 [INFO] 车兜区域过滤: 5 -> 4 个目标
2026-07-31 10:38:53 [INFO] 准备保存检测结果到: C:\code\show\Scrap_Steel_In_Field\photos\dangerous_det\detection_20260731_103853.jpg
2026-07-31 10:38:53 [INFO] 图像形状: (2160, 3840, 3)
2026-07-31 10:38:53 [INFO] 图像数据类型: uint8
2026-07-31 10:38:53 [INFO] 图像最大值: 255
2026-07-31 10:38:53 [INFO] 图像最小值: 0
2026-07-31 10:38:53 [INFO] 开始保存检测结果图像: 图像尺寸=(2160, 3840, 3), 类型=uint8, 路径=C:\code\show\Scrap_Steel_In_Field\photos\dangerous_det\detection_20260731_103853.jpg
2026-07-31 10:38:53 [INFO] 成功保存检测结果到: C:\code\show\Scrap_Steel_In_Field\photos\dangerous_det\detection_20260731_103853.jpg
2026-07-31 10:38:53 [INFO] 保存的检测结果文件大小: 1880434 字节
2026-07-31 10:38:53 [INFO] 引擎上下文已释放
2026-07-31 10:38:53 [INFO] TensorRT 引擎已释放
2026-07-31 10:38:53 [INFO] 全局 CUDA 资源已释放
2026-07-31 10:38:53 [INFO] 检测系统资源已释放
2026-07-31 10:38:58 [INFO] CUDA 初始化成功
2026-07-31 10:38:58 [INFO] 引擎加载成功: dangerous.engine
2026-07-31 10:38:58 [INFO] 检测系统初始化成功
2026-07-31 10:38:58 [INFO] 图像预处理完成，原始尺寸: (2160, 3840)
2026-07-31 10:38:58 [INFO] 开始执行目标检测...
2026-07-31 10:38:58 [INFO] 检测完成，找到 5 个物体
2026-07-31 10:38:58 [INFO] 物体 1: GasCyl1 (置信度: 0.86)
2026-07-31 10:38:58 [INFO] 物体 2: GasCyl1 (置信度: 0.64)
2026-07-31 10:38:58 [INFO] 物体 3: FireExt1 (置信度: 0.51)
2026-07-31 10:38:58 [INFO] 物体 4: FireExt1 (置信度: 0.38)
2026-07-31 10:38:58 [INFO] 物体 5: FireExt1 (置信度: 0.38)
2026-07-31 10:38:58 [INFO] 检测到车兜区域，将过滤区域外的目标
2026-07-31 10:38:58 [INFO] 车兜区域过滤: 5 -> 4 个目标
2026-07-31 10:38:58 [INFO] 准备保存检测结果到: C:\code\show\Scrap_Steel_In_Field\photos\dangerous_det\detection_20260731_103858.jpg
2026-07-31 10:38:58 [INFO] 图像形状: (2160, 3840, 3)
2026-07-31 10:38:58 [INFO] 图像数据类型: uint8
2026-07-31 10:38:58 [INFO] 图像最大值: 255
2026-07-31 10:38:58 [INFO] 图像最小值: 0
2026-07-31 10:38:58 [INFO] 开始保存检测结果图像: 图像尺寸=(2160, 3840, 3), 类型=uint8, 路径=C:\code\show\Scrap_Steel_In_Field\photos\dangerous_det\detection_20260731_103858.jpg
2026-07-31 10:38:58 [INFO] 成功保存检测结果到: C:\code\show\Scrap_Steel_In_Field\photos\dangerous_det\detection_20260731_103858.jpg
2026-07-31 10:38:58 [INFO] 保存的检测结果文件大小: 1884678 字节
2026-07-31 10:38:58 [INFO] 引擎上下文已释放
2026-07-31 10:38:58 [INFO] TensorRT 引擎已释放
2026-07-31 10:38:58 [INFO] 全局 CUDA 资源已释放
2026-07-31 10:38:58 [INFO] 检测系统资源已释放
2026-07-31 10:39:03 [INFO] CUDA 初始化成功
2026-07-31 10:39:03 [INFO] 引擎加载成功: dangerous.engine
2026-07-31 10:39:03 [INFO] 检测系统初始化成功
2026-07-31 10:39:03 [INFO] 图像预处理完成，原始尺寸: (2160, 3840)
2026-07-31 10:39:03 [INFO] 开始执行目标检测...
2026-07-31 10:39:04 [INFO] 检测完成，找到 3 个物体
2026-07-31 10:39:04 [INFO] 物体 1: GasCyl1 (置信度: 0.75)
2026-07-31 10:39:04 [INFO] 物体 2: FireExt1 (置信度: 0.49)
2026-07-31 10:39:04 [INFO] 物体 3: FireExt1 (置信度: 0.45)
2026-07-31 10:39:04 [INFO] 检测到车兜区域，将过滤区域外的目标
2026-07-31 10:39:04 [INFO] 准备保存检测结果到: C:\code\show\Scrap_Steel_In_Field\photos\dangerous_det\detection_20260731_103904.jpg
2026-07-31 10:39:04 [INFO] 图像形状: (2160, 3840, 3)
2026-07-31 10:39:04 [INFO] 图像数据类型: uint8
2026-07-31 10:39:04 [INFO] 图像最大值: 255
2026-07-31 10:39:04 [INFO] 图像最小值: 0
2026-07-31 10:39:04 [INFO] 开始保存检测结果图像: 图像尺寸=(2160, 3840, 3), 类型=uint8, 路径=C:\code\show\Scrap_Steel_In_Field\photos\dangerous_det\detection_20260731_103904.jpg
2026-07-31 10:39:04 [INFO] 成功保存检测结果到: C:\code\show\Scrap_Steel_In_Field\photos\dangerous_det\detection_20260731_103904.jpg
2026-07-31 10:39:04 [INFO] 保存的检测结果文件大小: 1826958 字节
2026-07-31 10:39:04 [INFO] 引擎上下文已释放
2026-07-31 10:39:04 [INFO] TensorRT 引擎已释放
2026-07-31 10:39:04 [INFO] 全局 CUDA 资源已释放
2026-07-31 10:39:04 [INFO] 检测系统资源已释放
2026-07-31 10:39:09 [INFO] CUDA 初始化成功
2026-07-31 10:39:09 [INFO] 引擎加载成功: dangerous.engine
2026-07-31 10:39:09 [INFO] 检测系统初始化成功
2026-07-31 10:39:09 [INFO] 图像预处理完成，原始尺寸: (2160, 3840)
2026-07-31 10:39:09 [INFO] 开始执行目标检测...
2026-07-31 10:39:09 [INFO] 检测完成，找到 3 个物体
2026-07-31 10:39:09 [INFO] 物体 1: GasCyl1 (置信度: 0.78)
2026-07-31 10:39:09 [INFO] 物体 2: FireExt1 (置信度: 0.48)
2026-07-31 10:39:09 [INFO] 物体 3: FireExt1 (置信度: 0.44)
2026-07-31 10:39:09 [INFO] 检测到车兜区域，将过滤区域外的目标
2026-07-31 10:39:09 [INFO] 准备保存检测结果到: C:\code\show\Scrap_Steel_In_Field\photos\dangerous_det\detection_20260731_103909.jpg
2026-07-31 10:39:09 [INFO] 图像形状: (2160, 3840, 3)
2026-07-31 10:39:09 [INFO] 图像数据类型: uint8
2026-07-31 10:39:09 [INFO] 图像最大值: 255
2026-07-31 10:39:09 [INFO] 图像最小值: 0
2026-07-31 10:39:09 [INFO] 开始保存检测结果图像: 图像尺寸=(2160, 3840, 3), 类型=uint8, 路径=C:\code\show\Scrap_Steel_In_Field\photos\dangerous_det\detection_20260731_103909.jpg
2026-07-31 10:39:09 [INFO] 成功保存检测结果到: C:\code\show\Scrap_Steel_In_Field\photos\dangerous_det\detection_20260731_103909.jpg
2026-07-31 10:39:09 [INFO] 保存的检测结果文件大小: 1832289 字节
2026-07-31 10:39:09 [INFO] 引擎上下文已释放
2026-07-31 10:39:09 [INFO] TensorRT 引擎已释放
2026-07-31 10:39:09 [INFO] 全局 CUDA 资源已释放
2026-07-31 10:39:09 [INFO] 检测系统资源已释放
2026-07-31 10:39:15 [INFO] CUDA 初始化成功
2026-07-31 10:39:15 [INFO] 引擎加载成功: dangerous.engine
2026-07-31 10:39:15 [INFO] 检测系统初始化成功
2026-07-31 10:39:15 [INFO] 图像预处理完成，原始尺寸: (2160, 3840)
2026-07-31 10:39:15 [INFO] 开始执行目标检测...
2026-07-31 10:39:15 [INFO] 检测完成，找到 3 个物体
2026-07-31 10:39:15 [INFO] 物体 1: GasCyl1 (置信度: 0.69)
2026-07-31 10:39:15 [INFO] 物体 2: FireExt1 (置信度: 0.49)
2026-07-31 10:39:15 [INFO] 物体 3: FireExt1 (置信度: 0.45)
2026-07-31 10:39:15 [INFO] 检测到车兜区域，将过滤区域外的目标
2026-07-31 10:39:15 [INFO] 准备保存检测结果到: C:\code\show\Scrap_Steel_In_Field\photos\dangerous_det\detection_20260731_103915.jpg
2026-07-31 10:39:15 [INFO] 图像形状: (2160, 3840, 3)
2026-07-31 10:39:15 [INFO] 图像数据类型: uint8
2026-07-31 10:39:15 [INFO] 图像最大值: 255
2026-07-31 10:39:15 [INFO] 图像最小值: 0
2026-07-31 10:39:15 [INFO] 开始保存检测结果图像: 图像尺寸=(2160, 3840, 3), 类型=uint8, 路径=C:\code\show\Scrap_Steel_In_Field\photos\dangerous_det\detection_20260731_103915.jpg
2026-07-31 10:39:15 [INFO] 成功保存检测结果到: C:\code\show\Scrap_Steel_In_Field\photos\dangerous_det\detection_20260731_103915.jpg
2026-07-31 10:39:15 [INFO] 保存的检测结果文件大小: 1926069 字节
2026-07-31 10:39:15 [INFO] 引擎上下文已释放
2026-07-31 10:39:15 [INFO] TensorRT 引擎已释放
2026-07-31 10:39:15 [INFO] 全局 CUDA 资源已释放
2026-07-31 10:39:15 [INFO] 检测系统资源已释放
2026-07-31 10:39:19 [INFO] CUDA 初始化成功
2026-07-31 10:39:19 [INFO] 引擎加载成功: dangerous.engine
2026-07-31 10:39:19 [INFO] 检测系统初始化成功
2026-07-31 10:39:19 [INFO] 图像预处理完成，原始尺寸: (2160, 3840)
2026-07-31 10:39:19 [INFO] 开始执行目标检测...
2026-07-31 10:39:19 [INFO] 检测完成，找到 3 个物体
2026-07-31 10:39:19 [INFO] 物体 1: GasCyl1 (置信度: 0.72)
2026-07-31 10:39:19 [INFO] 物体 2: FireExt1 (置信度: 0.52)
2026-07-31 10:39:19 [INFO] 物体 3: FireExt1 (置信度: 0.43)
2026-07-31 10:39:19 [INFO] 检测到车兜区域，将过滤区域外的目标
2026-07-31 10:39:19 [INFO] 准备保存检测结果到: C:\code\show\Scrap_Steel_In_Field\photos\dangerous_det\detection_20260731_103919.jpg
2026-07-31 10:39:19 [INFO] 图像形状: (2160, 3840, 3)
2026-07-31 10:39:19 [INFO] 图像数据类型: uint8
2026-07-31 10:39:19 [INFO] 图像最大值: 255
2026-07-31 10:39:19 [INFO] 图像最小值: 0
2026-07-31 10:39:19 [INFO] 开始保存检测结果图像: 图像尺寸=(2160, 3840, 3), 类型=uint8, 路径=C:\code\show\Scrap_Steel_In_Field\photos\dangerous_det\detection_20260731_103919.jpg
2026-07-31 10:39:20 [INFO] 成功保存检测结果到: C:\code\show\Scrap_Steel_In_Field\photos\dangerous_det\detection_20260731_103919.jpg
2026-07-31 10:39:20 [INFO] 保存的检测结果文件大小: 1931172 字节
2026-07-31 10:39:20 [INFO] 引擎上下文已释放
2026-07-31 10:39:20 [INFO] TensorRT 引擎已释放
2026-07-31 10:39:20 [INFO] 全局 CUDA 资源已释放
2026-07-31 10:39:20 [INFO] 检测系统资源已释放
2026-07-31 10:39:25 [INFO] CUDA 初始化成功
2026-07-31 10:39:25 [INFO] 引擎加载成功: dangerous.engine
2026-07-31 10:39:25 [INFO] 检测系统初始化成功
2026-07-31 10:39:25 [INFO] 图像预处理完成，原始尺寸: (2160, 3840)
2026-07-31 10:39:25 [INFO] 开始执行目标检测...
2026-07-31 10:39:25 [INFO] 检测完成，找到 3 个物体
2026-07-31 10:39:25 [INFO] 物体 1: GasCyl1 (置信度: 0.68)
2026-07-31 10:39:25 [INFO] 物体 2: FireExt1 (置信度: 0.51)
2026-07-31 10:39:25 [INFO] 物体 3: FireExt1 (置信度: 0.44)
2026-07-31 10:39:25 [INFO] 检测到车兜区域，将过滤区域外的目标
2026-07-31 10:39:25 [INFO] 准备保存检测结果到: C:\code\show\Scrap_Steel_In_Field\photos\dangerous_det\detection_20260731_103925.jpg
2026-07-31 10:39:25 [INFO] 图像形状: (2160, 3840, 3)
2026-07-31 10:39:25 [INFO] 图像数据类型: uint8
2026-07-31 10:39:25 [INFO] 图像最大值: 255
2026-07-31 10:39:25 [INFO] 图像最小值: 0
2026-07-31 10:39:25 [INFO] 开始保存检测结果图像: 图像尺寸=(2160, 3840, 3), 类型=uint8, 路径=C:\code\show\Scrap_Steel_In_Field\photos\dangerous_det\detection_20260731_103925.jpg
2026-07-31 10:39:25 [INFO] 成功保存检测结果到: C:\code\show\Scrap_Steel_In_Field\photos\dangerous_det\detection_20260731_103925.jpg
2026-07-31 10:39:25 [INFO] 保存的检测结果文件大小: 1929072 字节
2026-07-31 10:39:25 [INFO] 引擎上下文已释放
2026-07-31 10:39:25 [INFO] TensorRT 引擎已释放
2026-07-31 10:39:25 [INFO] 全局 CUDA 资源已释放
2026-07-31 10:39:25 [INFO] 检测系统资源已释放
2026-07-31 10:39:30 [INFO] CUDA 初始化成功
2026-07-31 10:39:30 [INFO] 引擎加载成功: dangerous.engine
2026-07-31 10:39:30 [INFO] 检测系统初始化成功
2026-07-31 10:39:30 [INFO] 图像预处理完成，原始尺寸: (2160, 3840)
2026-07-31 10:39:30 [INFO] 开始执行目标检测...
2026-07-31 10:39:30 [INFO] 检测完成，找到 3 个物体
2026-07-31 10:39:30 [INFO] 物体 1: GasCyl1 (置信度: 0.54)
2026-07-31 10:39:30 [INFO] 物体 2: FireExt1 (置信度: 0.50)
2026-07-31 10:39:30 [INFO] 物体 3: FireExt1 (置信度: 0.41)
2026-07-31 10:39:30 [INFO] 检测到车兜区域，将过滤区域外的目标
2026-07-31 10:39:30 [INFO] 准备保存检测结果到: C:\code\show\Scrap_Steel_In_Field\photos\dangerous_det\detection_20260731_103930.jpg
2026-07-31 10:39:30 [INFO] 图像形状: (2160, 3840, 3)
2026-07-31 10:39:30 [INFO] 图像数据类型: uint8
2026-07-31 10:39:30 [INFO] 图像最大值: 255
2026-07-31 10:39:30 [INFO] 图像最小值: 0
2026-07-31 10:39:30 [INFO] 开始保存检测结果图像: 图像尺寸=(2160, 3840, 3), 类型=uint8, 路径=C:\code\show\Scrap_Steel_In_Field\photos\dangerous_det\detection_20260731_103930.jpg
2026-07-31 10:39:30 [INFO] 成功保存检测结果到: C:\code\show\Scrap_Steel_In_Field\photos\dangerous_det\detection_20260731_103930.jpg
2026-07-31 10:39:30 [INFO] 保存的检测结果文件大小: 1932765 字节
2026-07-31 10:39:30 [INFO] 引擎上下文已释放
2026-07-31 10:39:30 [INFO] TensorRT 引擎已释放
2026-07-31 10:39:30 [INFO] 全局 CUDA 资源已释放
2026-07-31 10:39:30 [INFO] 检测系统资源已释放
2026-07-31 10:39:35 [INFO] CUDA 初始化成功
2026-07-31 10:39:35 [INFO] 引擎加载成功: dangerous.engine
2026-07-31 10:39:35 [INFO] 检测系统初始化成功
2026-07-31 10:39:35 [INFO] 图像预处理完成，原始尺寸: (2160, 3840)
2026-07-31 10:39:35 [INFO] 开始执行目标检测...
2026-07-31 10:39:35 [INFO] 检测完成，找到 3 个物体
2026-07-31 10:39:35 [INFO] 物体 1: GasCyl1 (置信度: 0.66)
2026-07-31 10:39:35 [INFO] 物体 2: FireExt1 (置信度: 0.51)
2026-07-31 10:39:35 [INFO] 物体 3: FireExt1 (置信度: 0.47)
2026-07-31 10:39:35 [INFO] 检测到车兜区域，将过滤区域外的目标
2026-07-31 10:39:35 [INFO] 准备保存检测结果到: C:\code\show\Scrap_Steel_In_Field\photos\dangerous_det\detection_20260731_103935.jpg
2026-07-31 10:39:35 [INFO] 图像形状: (2160, 3840, 3)
2026-07-31 10:39:35 [INFO] 图像数据类型: uint8
2026-07-31 10:39:35 [INFO] 图像最大值: 255
2026-07-31 10:39:35 [INFO] 图像最小值: 0
2026-07-31 10:39:35 [INFO] 开始保存检测结果图像: 图像尺寸=(2160, 3840, 3), 类型=uint8, 路径=C:\code\show\Scrap_Steel_In_Field\photos\dangerous_det\detection_20260731_103935.jpg
2026-07-31 10:39:36 [INFO] 成功保存检测结果到: C:\code\show\Scrap_Steel_In_Field\photos\dangerous_det\detection_20260731_103935.jpg
2026-07-31 10:39:36 [INFO] 保存的检测结果文件大小: 1931951 字节
2026-07-31 10:39:36 [INFO] 引擎上下文已释放
2026-07-31 10:39:36 [INFO] TensorRT 引擎已释放
2026-07-31 10:39:36 [INFO] 全局 CUDA 资源已释放
2026-07-31 10:39:36 [INFO] 检测系统资源已释放
2026-07-31 10:39:40 [INFO] CUDA 初始化成功
2026-07-31 10:39:41 [INFO] 引擎加载成功: dangerous.engine
2026-07-31 10:39:41 [INFO] 检测系统初始化成功
2026-07-31 10:39:41 [INFO] 图像预处理完成，原始尺寸: (2160, 3840)
2026-07-31 10:39:41 [INFO] 开始执行目标检测...
2026-07-31 10:39:41 [INFO] 检测完成，找到 3 个物体
2026-07-31 10:39:41 [INFO] 物体 1: GasCyl1 (置信度: 0.56)
2026-07-31 10:39:41 [INFO] 物体 2: FireExt1 (置信度: 0.49)
2026-07-31 10:39:41 [INFO] 物体 3: FireExt1 (置信度: 0.44)
2026-07-31 10:39:41 [INFO] 检测到车兜区域，将过滤区域外的目标
2026-07-31 10:39:41 [INFO] 准备保存检测结果到: C:\code\show\Scrap_Steel_In_Field\photos\dangerous_det\detection_20260731_103941.jpg
2026-07-31 10:39:41 [INFO] 图像形状: (2160, 3840, 3)
2026-07-31 10:39:41 [INFO] 图像数据类型: uint8
2026-07-31 10:39:41 [INFO] 图像最大值: 255
2026-07-31 10:39:41 [INFO] 图像最小值: 0
2026-07-31 10:39:41 [INFO] 开始保存检测结果图像: 图像尺寸=(2160, 3840, 3), 类型=uint8, 路径=C:\code\show\Scrap_Steel_In_Field\photos\dangerous_det\detection_20260731_103941.jpg
2026-07-31 10:39:41 [INFO] 成功保存检测结果到: C:\code\show\Scrap_Steel_In_Field\photos\dangerous_det\detection_20260731_103941.jpg
2026-07-31 10:39:41 [INFO] 保存的检测结果文件大小: 1938317 字节
2026-07-31 10:39:41 [INFO] 引擎上下文已释放
2026-07-31 10:39:41 [INFO] TensorRT 引擎已释放
2026-07-31 10:39:41 [INFO] 全局 CUDA 资源已释放
2026-07-31 10:39:41 [INFO] 检测系统资源已释放
2026-07-31 10:39:46 [INFO] CUDA 初始化成功
2026-07-31 10:39:46 [INFO] 引擎加载成功: dangerous.engine
2026-07-31 10:39:46 [INFO] 检测系统初始化成功
2026-07-31 10:39:46 [INFO] 图像预处理完成，原始尺寸: (2160, 3840)
2026-07-31 10:39:46 [INFO] 开始执行目标检测...
2026-07-31 10:39:46 [INFO] 检测完成，找到 3 个物体
2026-07-31 10:39:46 [INFO] 物体 1: GasCyl1 (置信度: 0.57)
2026-07-31 10:39:46 [INFO] 物体 2: FireExt1 (置信度: 0.45)
2026-07-31 10:39:46 [INFO] 物体 3: FireExt1 (置信度: 0.43)
2026-07-31 10:39:46 [INFO] 检测到车兜区域，将过滤区域外的目标
2026-07-31 10:39:46 [INFO] 准备保存检测结果到: C:\code\show\Scrap_Steel_In_Field\photos\dangerous_det\detection_20260731_103946.jpg
2026-07-31 10:39:46 [INFO] 图像形状: (2160, 3840, 3)
2026-07-31 10:39:46 [INFO] 图像数据类型: uint8
2026-07-31 10:39:46 [INFO] 图像最大值: 255
2026-07-31 10:39:46 [INFO] 图像最小值: 0
2026-07-31 10:39:46 [INFO] 开始保存检测结果图像: 图像尺寸=(2160, 3840, 3), 类型=uint8, 路径=C:\code\show\Scrap_Steel_In_Field\photos\dangerous_det\detection_20260731_103946.jpg
2026-07-31 10:39:46 [INFO] 成功保存检测结果到: C:\code\show\Scrap_Steel_In_Field\photos\dangerous_det\detection_20260731_103946.jpg
2026-07-31 10:39:46 [INFO] 保存的检测结果文件大小: 1960635 字节
2026-07-31 10:39:46 [INFO] 引擎上下文已释放
2026-07-31 10:39:46 [INFO] TensorRT 引擎已释放
2026-07-31 10:39:46 [INFO] 全局 CUDA 资源已释放
2026-07-31 10:39:46 [INFO] 检测系统资源已释放
2026-07-31 10:39:51 [INFO] CUDA 初始化成功
2026-07-31 10:39:51 [INFO] 引擎加载成功: dangerous.engine
2026-07-31 10:39:51 [INFO] 检测系统初始化成功
2026-07-31 10:39:51 [INFO] 图像预处理完成，原始尺寸: (2160, 3840)
2026-07-31 10:39:51 [INFO] 开始执行目标检测...
2026-07-31 10:39:51 [INFO] 检测完成，找到 3 个物体
2026-07-31 10:39:51 [INFO] 物体 1: GasCyl1 (置信度: 0.60)
2026-07-31 10:39:51 [INFO] 物体 2: FireExt1 (置信度: 0.50)
2026-07-31 10:39:51 [INFO] 物体 3: FireExt1 (置信度: 0.44)
2026-07-31 10:39:51 [INFO] 检测到车兜区域，将过滤区域外的目标
2026-07-31 10:39:51 [INFO] 准备保存检测结果到: C:\code\show\Scrap_Steel_In_Field\photos\dangerous_det\detection_20260731_103951.jpg
2026-07-31 10:39:51 [INFO] 图像形状: (2160, 3840, 3)
2026-07-31 10:39:51 [INFO] 图像数据类型: uint8
2026-07-31 10:39:51 [INFO] 图像最大值: 255
2026-07-31 10:39:51 [INFO] 图像最小值: 0
2026-07-31 10:39:51 [INFO] 开始保存检测结果图像: 图像尺寸=(2160, 3840, 3), 类型=uint8, 路径=C:\code\show\Scrap_Steel_In_Field\photos\dangerous_det\detection_20260731_103951.jpg
2026-07-31 10:39:51 [INFO] 成功保存检测结果到: C:\code\show\Scrap_Steel_In_Field\photos\dangerous_det\detection_20260731_103951.jpg
2026-07-31 10:39:51 [INFO] 保存的检测结果文件大小: 1955395 字节
2026-07-31 10:39:51 [INFO] 引擎上下文已释放
2026-07-31 10:39:51 [INFO] TensorRT 引擎已释放
2026-07-31 10:39:51 [INFO] 全局 CUDA 资源已释放
2026-07-31 10:39:51 [INFO] 检测系统资源已释放
2026-07-31 10:39:56 [INFO] CUDA 初始化成功
2026-07-31 10:39:56 [INFO] 引擎加载成功: dangerous.engine
2026-07-31 10:39:56 [INFO] 检测系统初始化成功
2026-07-31 10:39:56 [INFO] 图像预处理完成，原始尺寸: (2160, 3840)
2026-07-31 10:39:56 [INFO] 开始执行目标检测...
2026-07-31 10:39:57 [INFO] 检测完成，找到 3 个物体
2026-07-31 10:39:57 [INFO] 物体 1: GasCyl1 (置信度: 0.60)
2026-07-31 10:39:57 [INFO] 物体 2: FireExt1 (置信度: 0.51)
2026-07-31 10:39:57 [INFO] 物体 3: FireExt1 (置信度: 0.43)
2026-07-31 10:39:57 [INFO] 检测到车兜区域，将过滤区域外的目标
2026-07-31 10:39:57 [INFO] 准备保存检测结果到: C:\code\show\Scrap_Steel_In_Field\photos\dangerous_det\detection_20260731_103957.jpg
2026-07-31 10:39:57 [INFO] 图像形状: (2160, 3840, 3)
2026-07-31 10:39:57 [INFO] 图像数据类型: uint8
2026-07-31 10:39:57 [INFO] 图像最大值: 255
2026-07-31 10:39:57 [INFO] 图像最小值: 0
2026-07-31 10:39:57 [INFO] 开始保存检测结果图像: 图像尺寸=(2160, 3840, 3), 类型=uint8, 路径=C:\code\show\Scrap_Steel_In_Field\photos\dangerous_det\detection_20260731_103957.jpg
2026-07-31 10:39:57 [INFO] 成功保存检测结果到: C:\code\show\Scrap_Steel_In_Field\photos\dangerous_det\detection_20260731_103957.jpg
2026-07-31 10:39:57 [INFO] 保存的检测结果文件大小: 1957608 字节
2026-07-31 10:39:57 [INFO] 引擎上下文已释放
2026-07-31 10:39:57 [INFO] TensorRT 引擎已释放
2026-07-31 10:39:57 [INFO] 全局 CUDA 资源已释放
2026-07-31 10:39:57 [INFO] 检测系统资源已释放
2026-07-31 10:40:02 [INFO] CUDA 初始化成功
2026-07-31 10:40:02 [INFO] 引擎加载成功: dangerous.engine
2026-07-31 10:40:02 [INFO] 检测系统初始化成功
2026-07-31 10:40:02 [INFO] 图像预处理完成，原始尺寸: (2160, 3840)
2026-07-31 10:40:02 [INFO] 开始执行目标检测...
2026-07-31 10:40:02 [INFO] 检测完成，找到 3 个物体
2026-07-31 10:40:02 [INFO] 物体 1: GasCyl1 (置信度: 0.61)
2026-07-31 10:40:02 [INFO] 物体 2: FireExt1 (置信度: 0.52)
2026-07-31 10:40:02 [INFO] 物体 3: FireExt1 (置信度: 0.44)
2026-07-31 10:40:02 [INFO] 检测到车兜区域，将过滤区域外的目标
2026-07-31 10:40:02 [INFO] 准备保存检测结果到: C:\code\show\Scrap_Steel_In_Field\photos\dangerous_det\detection_20260731_104002.jpg
2026-07-31 10:40:02 [INFO] 图像形状: (2160, 3840, 3)
2026-07-31 10:40:02 [INFO] 图像数据类型: uint8
2026-07-31 10:40:02 [INFO] 图像最大值: 255
2026-07-31 10:40:02 [INFO] 图像最小值: 0
2026-07-31 10:40:02 [INFO] 开始保存检测结果图像: 图像尺寸=(2160, 3840, 3), 类型=uint8, 路径=C:\code\show\Scrap_Steel_In_Field\photos\dangerous_det\detection_20260731_104002.jpg
2026-07-31 10:40:02 [INFO] 成功保存检测结果到: C:\code\show\Scrap_Steel_In_Field\photos\dangerous_det\detection_20260731_104002.jpg
2026-07-31 10:40:02 [INFO] 保存的检测结果文件大小: 1969719 字节
2026-07-31 10:40:02 [INFO] 引擎上下文已释放
2026-07-31 10:40:02 [INFO] TensorRT 引擎已释放
2026-07-31 10:40:02 [INFO] 全局 CUDA 资源已释放
2026-07-31 10:40:02 [INFO] 检测系统资源已释放
2026-07-31 10:40:07 [INFO] CUDA 初始化成功
2026-07-31 10:40:07 [INFO] 引擎加载成功: dangerous.engine
2026-07-31 10:40:07 [INFO] 检测系统初始化成功
2026-07-31 10:40:07 [INFO] 图像预处理完成，原始尺寸: (2160, 3840)
2026-07-31 10:40:07 [INFO] 开始执行目标检测...
2026-07-31 10:40:07 [INFO] 检测完成，找到 3 个物体
2026-07-31 10:40:07 [INFO] 物体 1: GasCyl1 (置信度: 0.50)
2026-07-31 10:40:07 [INFO] 物体 2: FireExt1 (置信度: 0.49)
2026-07-31 10:40:07 [INFO] 物体 3: FireExt1 (置信度: 0.46)
2026-07-31 10:40:07 [INFO] 检测到车兜区域，将过滤区域外的目标
2026-07-31 10:40:07 [INFO] 准备保存检测结果到: C:\code\show\Scrap_Steel_In_Field\photos\dangerous_det\detection_20260731_104007.jpg
2026-07-31 10:40:07 [INFO] 图像形状: (2160, 3840, 3)
2026-07-31 10:40:07 [INFO] 图像数据类型: uint8
2026-07-31 10:40:07 [INFO] 图像最大值: 255
2026-07-31 10:40:07 [INFO] 图像最小值: 0
2026-07-31 10:40:07 [INFO] 开始保存检测结果图像: 图像尺寸=(2160, 3840, 3), 类型=uint8, 路径=C:\code\show\Scrap_Steel_In_Field\photos\dangerous_det\detection_20260731_104007.jpg
2026-07-31 10:40:07 [INFO] 成功保存检测结果到: C:\code\show\Scrap_Steel_In_Field\photos\dangerous_det\detection_20260731_104007.jpg
2026-07-31 10:40:07 [INFO] 保存的检测结果文件大小: 1973812 字节
2026-07-31 10:40:07 [INFO] 引擎上下文已释放
2026-07-31 10:40:07 [INFO] TensorRT 引擎已释放
2026-07-31 10:40:07 [INFO] 全局 CUDA 资源已释放
2026-07-31 10:40:07 [INFO] 检测系统资源已释放
2026-07-31 10:40:12 [INFO] CUDA 初始化成功
2026-07-31 10:40:12 [INFO] 引擎加载成功: dangerous.engine
2026-07-31 10:40:12 [INFO] 检测系统初始化成功
2026-07-31 10:40:12 [INFO] 图像预处理完成，原始尺寸: (2160, 3840)
2026-07-31 10:40:12 [INFO] 开始执行目标检测...
2026-07-31 10:40:12 [INFO] 检测完成，找到 3 个物体
2026-07-31 10:40:12 [INFO] 物体 1: FireExt1 (置信度: 0.50)
2026-07-31 10:40:12 [INFO] 物体 2: FireExt1 (置信度: 0.47)
2026-07-31 10:40:12 [INFO] 物体 3: FireExt1 (置信度: 0.46)
2026-07-31 10:40:12 [INFO] 检测到车兜区域，将过滤区域外的目标
2026-07-31 10:40:12 [INFO] 准备保存检测结果到: C:\code\show\Scrap_Steel_In_Field\photos\dangerous_det\detection_20260731_104012.jpg
2026-07-31 10:40:12 [INFO] 图像形状: (2160, 3840, 3)
2026-07-31 10:40:12 [INFO] 图像数据类型: uint8
2026-07-31 10:40:12 [INFO] 图像最大值: 255
2026-07-31 10:40:12 [INFO] 图像最小值: 0
2026-07-31 10:40:12 [INFO] 开始保存检测结果图像: 图像尺寸=(2160, 3840, 3), 类型=uint8, 路径=C:\code\show\Scrap_Steel_In_Field\photos\dangerous_det\detection_20260731_104012.jpg
2026-07-31 10:40:12 [INFO] 成功保存检测结果到: C:\code\show\Scrap_Steel_In_Field\photos\dangerous_det\detection_20260731_104012.jpg
2026-07-31 10:40:12 [INFO] 保存的检测结果文件大小: 1973243 字节
2026-07-31 10:40:12 [INFO] 引擎上下文已释放
2026-07-31 10:40:12 [INFO] TensorRT 引擎已释放
2026-07-31 10:40:12 [INFO] 全局 CUDA 资源已释放
2026-07-31 10:40:12 [INFO] 检测系统资源已释放
2026-07-31 10:40:17 [INFO] CUDA 初始化成功
2026-07-31 10:40:17 [INFO] 引擎加载成功: dangerous.engine
2026-07-31 10:40:17 [INFO] 检测系统初始化成功
2026-07-31 10:40:17 [INFO] 图像预处理完成，原始尺寸: (2160, 3840)
2026-07-31 10:40:17 [INFO] 开始执行目标检测...
2026-07-31 10:40:18 [INFO] 检测完成，找到 3 个物体
2026-07-31 10:40:18 [INFO] 物体 1: FireExt1 (置信度: 0.51)
2026-07-31 10:40:18 [INFO] 物体 2: FireExt1 (置信度: 0.50)
2026-07-31 10:40:18 [INFO] 物体 3: FireExt1 (置信度: 0.45)
2026-07-31 10:40:18 [INFO] 检测到车兜区域，将过滤区域外的目标
2026-07-31 10:40:18 [INFO] 准备保存检测结果到: C:\code\show\Scrap_Steel_In_Field\photos\dangerous_det\detection_20260731_104018.jpg
2026-07-31 10:40:18 [INFO] 图像形状: (2160, 3840, 3)
2026-07-31 10:40:18 [INFO] 图像数据类型: uint8
2026-07-31 10:40:18 [INFO] 图像最大值: 255
2026-07-31 10:40:18 [INFO] 图像最小值: 0
2026-07-31 10:40:18 [INFO] 开始保存检测结果图像: 图像尺寸=(2160, 3840, 3), 类型=uint8, 路径=C:\code\show\Scrap_Steel_In_Field\photos\dangerous_det\detection_20260731_104018.jpg
2026-07-31 10:40:18 [INFO] 成功保存检测结果到: C:\code\show\Scrap_Steel_In_Field\photos\dangerous_det\detection_20260731_104018.jpg
2026-07-31 10:40:18 [INFO] 保存的检测结果文件大小: 1958014 字节
2026-07-31 10:40:18 [INFO] 引擎上下文已释放
2026-07-31 10:40:18 [INFO] TensorRT 引擎已释放
2026-07-31 10:40:18 [INFO] 全局 CUDA 资源已释放
2026-07-31 10:40:18 [INFO] 检测系统资源已释放
2026-07-31 10:40:23 [INFO] CUDA 初始化成功
2026-07-31 10:40:23 [INFO] 引擎加载成功: dangerous.engine
2026-07-31 10:40:23 [INFO] 检测系统初始化成功
2026-07-31 10:40:23 [INFO] 图像预处理完成，原始尺寸: (2160, 3840)
2026-07-31 10:40:23 [INFO] 开始执行目标检测...
2026-07-31 10:40:23 [INFO] 检测完成，找到 3 个物体
2026-07-31 10:40:23 [INFO] 物体 1: GasCyl1 (置信度: 0.57)
2026-07-31 10:40:23 [INFO] 物体 2: FireExt1 (置信度: 0.49)
2026-07-31 10:40:23 [INFO] 物体 3: FireExt1 (置信度: 0.42)
2026-07-31 10:40:23 [INFO] 检测到车兜区域，将过滤区域外的目标
2026-07-31 10:40:23 [INFO] 准备保存检测结果到: C:\code\show\Scrap_Steel_In_Field\photos\dangerous_det\detection_20260731_104023.jpg
2026-07-31 10:40:23 [INFO] 图像形状: (2160, 3840, 3)
2026-07-31 10:40:23 [INFO] 图像数据类型: uint8
2026-07-31 10:40:23 [INFO] 图像最大值: 255
2026-07-31 10:40:23 [INFO] 图像最小值: 0
2026-07-31 10:40:23 [INFO] 开始保存检测结果图像: 图像尺寸=(2160, 3840, 3), 类型=uint8, 路径=C:\code\show\Scrap_Steel_In_Field\photos\dangerous_det\detection_20260731_104023.jpg
2026-07-31 10:40:23 [INFO] 成功保存检测结果到: C:\code\show\Scrap_Steel_In_Field\photos\dangerous_det\detection_20260731_104023.jpg
2026-07-31 10:40:23 [INFO] 保存的检测结果文件大小: 1977058 字节
2026-07-31 10:40:23 [INFO] 引擎上下文已释放
2026-07-31 10:40:23 [INFO] TensorRT 引擎已释放
2026-07-31 10:40:23 [INFO] 全局 CUDA 资源已释放
2026-07-31 10:40:23 [INFO] 检测系统资源已释放
2026-07-31 10:40:28 [INFO] CUDA 初始化成功
2026-07-31 10:40:28 [INFO] 引擎加载成功: dangerous.engine
2026-07-31 10:40:28 [INFO] 检测系统初始化成功
2026-07-31 10:40:28 [INFO] 图像预处理完成，原始尺寸: (2160, 3840)
2026-07-31 10:40:28 [INFO] 开始执行目标检测...
2026-07-31 10:40:28 [INFO] 检测完成，找到 3 个物体
2026-07-31 10:40:28 [INFO] 物体 1: GasCyl1 (置信度: 0.62)
2026-07-31 10:40:28 [INFO] 物体 2: FireExt1 (置信度: 0.49)
2026-07-31 10:40:28 [INFO] 物体 3: FireExt1 (置信度: 0.45)
2026-07-31 10:40:28 [INFO] 检测到车兜区域，将过滤区域外的目标
2026-07-31 10:40:28 [INFO] 准备保存检测结果到: C:\code\show\Scrap_Steel_In_Field\photos\dangerous_det\detection_20260731_104028.jpg
2026-07-31 10:40:28 [INFO] 图像形状: (2160, 3840, 3)
2026-07-31 10:40:28 [INFO] 图像数据类型: uint8
2026-07-31 10:40:28 [INFO] 图像最大值: 255
2026-07-31 10:40:28 [INFO] 图像最小值: 0
2026-07-31 10:40:28 [INFO] 开始保存检测结果图像: 图像尺寸=(2160, 3840, 3), 类型=uint8, 路径=C:\code\show\Scrap_Steel_In_Field\photos\dangerous_det\detection_20260731_104028.jpg
2026-07-31 10:40:28 [INFO] 成功保存检测结果到: C:\code\show\Scrap_Steel_In_Field\photos\dangerous_det\detection_20260731_104028.jpg
2026-07-31 10:40:28 [INFO] 保存的检测结果文件大小: 1975507 字节
2026-07-31 10:40:28 [INFO] 引擎上下文已释放
2026-07-31 10:40:28 [INFO] TensorRT 引擎已释放
2026-07-31 10:40:28 [INFO] 全局 CUDA 资源已释放
2026-07-31 10:40:28 [INFO] 检测系统资源已释放
2026-07-31 10:40:34 [INFO] CUDA 初始化成功
2026-07-31 10:40:34 [INFO] 引擎加载成功: dangerous.engine
2026-07-31 10:40:34 [INFO] 检测系统初始化成功
2026-07-31 10:40:34 [INFO] 图像预处理完成，原始尺寸: (2160, 3840)
2026-07-31 10:40:34 [INFO] 开始执行目标检测...
2026-07-31 10:40:34 [INFO] 检测完成，找到 3 个物体
2026-07-31 10:40:34 [INFO] 物体 1: GasCyl1 (置信度: 0.52)
2026-07-31 10:40:34 [INFO] 物体 2: FireExt1 (置信度: 0.50)
2026-07-31 10:40:34 [INFO] 物体 3: FireExt1 (置信度: 0.45)
2026-07-31 10:40:34 [INFO] 检测到车兜区域，将过滤区域外的目标
2026-07-31 10:40:34 [INFO] 准备保存检测结果到: C:\code\show\Scrap_Steel_In_Field\photos\dangerous_det\detection_20260731_104034.jpg
2026-07-31 10:40:34 [INFO] 图像形状: (2160, 3840, 3)
2026-07-31 10:40:34 [INFO] 图像数据类型: uint8
2026-07-31 10:40:34 [INFO] 图像最大值: 255
2026-07-31 10:40:34 [INFO] 图像最小值: 0
2026-07-31 10:40:34 [INFO] 开始保存检测结果图像: 图像尺寸=(2160, 3840, 3), 类型=uint8, 路径=C:\code\show\Scrap_Steel_In_Field\photos\dangerous_det\detection_20260731_104034.jpg
2026-07-31 10:40:34 [INFO] 成功保存检测结果到: C:\code\show\Scrap_Steel_In_Field\photos\dangerous_det\detection_20260731_104034.jpg
2026-07-31 10:40:34 [INFO] 保存的检测结果文件大小: 1965833 字节
2026-07-31 10:40:34 [INFO] 引擎上下文已释放
2026-07-31 10:40:34 [INFO] TensorRT 引擎已释放
2026-07-31 10:40:34 [INFO] 全局 CUDA 资源已释放
2026-07-31 10:40:34 [INFO] 检测系统资源已释放
2026-07-31 10:40:38 [INFO] CUDA 初始化成功
2026-07-31 10:40:39 [INFO] 引擎加载成功: dangerous.engine
2026-07-31 10:40:39 [INFO] 检测系统初始化成功
2026-07-31 10:40:39 [INFO] 图像预处理完成，原始尺寸: (2160, 3840)
2026-07-31 10:40:39 [INFO] 开始执行目标检测...
2026-07-31 10:40:39 [INFO] 检测完成，找到 3 个物体
2026-07-31 10:40:39 [INFO] 物体 1: GasCyl1 (置信度: 0.64)
2026-07-31 10:40:39 [INFO] 物体 2: FireExt1 (置信度: 0.52)
2026-07-31 10:40:39 [INFO] 物体 3: FireExt1 (置信度: 0.44)
2026-07-31 10:40:39 [INFO] 检测到车兜区域，将过滤区域外的目标
2026-07-31 10:40:39 [INFO] 准备保存检测结果到: C:\code\show\Scrap_Steel_In_Field\photos\dangerous_det\detection_20260731_104039.jpg
2026-07-31 10:40:39 [INFO] 图像形状: (2160, 3840, 3)
2026-07-31 10:40:39 [INFO] 图像数据类型: uint8
2026-07-31 10:40:39 [INFO] 图像最大值: 255
2026-07-31 10:40:39 [INFO] 图像最小值: 0
2026-07-31 10:40:39 [INFO] 开始保存检测结果图像: 图像尺寸=(2160, 3840, 3), 类型=uint8, 路径=C:\code\show\Scrap_Steel_In_Field\photos\dangerous_det\detection_20260731_104039.jpg
2026-07-31 10:40:39 [INFO] 成功保存检测结果到: C:\code\show\Scrap_Steel_In_Field\photos\dangerous_det\detection_20260731_104039.jpg
2026-07-31 10:40:39 [INFO] 保存的检测结果文件大小: 1977002 字节
2026-07-31 10:40:39 [INFO] 引擎上下文已释放
2026-07-31 10:40:39 [INFO] TensorRT 引擎已释放
2026-07-31 10:40:39 [INFO] 全局 CUDA 资源已释放
2026-07-31 10:40:39 [INFO] 检测系统资源已释放
2026-07-31 10:40:44 [INFO] CUDA 初始化成功
2026-07-31 10:40:44 [INFO] 引擎加载成功: dangerous.engine
2026-07-31 10:40:44 [INFO] 检测系统初始化成功
2026-07-31 10:40:44 [INFO] 图像预处理完成，原始尺寸: (2160, 3840)
2026-07-31 10:40:44 [INFO] 开始执行目标检测...
2026-07-31 10:40:44 [INFO] 检测完成，找到 3 个物体
2026-07-31 10:40:44 [INFO] 物体 1: FireExt1 (置信度: 0.53)
2026-07-31 10:40:44 [INFO] 物体 2: FireExt1 (置信度: 0.51)
2026-07-31 10:40:44 [INFO] 物体 3: FireExt1 (置信度: 0.43)
2026-07-31 10:40:44 [INFO] 检测到车兜区域，将过滤区域外的目标
2026-07-31 10:40:44 [INFO] 准备保存检测结果到: C:\code\show\Scrap_Steel_In_Field\photos\dangerous_det\detection_20260731_104044.jpg
2026-07-31 10:40:44 [INFO] 图像形状: (2160, 3840, 3)
2026-07-31 10:40:44 [INFO] 图像数据类型: uint8
2026-07-31 10:40:44 [INFO] 图像最大值: 255
2026-07-31 10:40:44 [INFO] 图像最小值: 0
2026-07-31 10:40:44 [INFO] 开始保存检测结果图像: 图像尺寸=(2160, 3840, 3), 类型=uint8, 路径=C:\code\show\Scrap_Steel_In_Field\photos\dangerous_det\detection_20260731_104044.jpg
2026-07-31 10:40:44 [INFO] 成功保存检测结果到: C:\code\show\Scrap_Steel_In_Field\photos\dangerous_det\detection_20260731_104044.jpg
2026-07-31 10:40:44 [INFO] 保存的检测结果文件大小: 1991068 字节
2026-07-31 10:40:44 [INFO] 引擎上下文已释放
2026-07-31 10:40:44 [INFO] TensorRT 引擎已释放
2026-07-31 10:40:44 [INFO] 全局 CUDA 资源已释放
2026-07-31 10:40:44 [INFO] 检测系统资源已释放
2026-07-31 10:40:49 [INFO] CUDA 初始化成功
2026-07-31 10:40:49 [INFO] 引擎加载成功: dangerous.engine
2026-07-31 10:40:49 [INFO] 检测系统初始化成功
2026-07-31 10:40:49 [INFO] 图像预处理完成，原始尺寸: (2160, 3840)
2026-07-31 10:40:49 [INFO] 开始执行目标检测...
2026-07-31 10:40:50 [INFO] 检测完成，找到 3 个物体
2026-07-31 10:40:50 [INFO] 物体 1: FireExt1 (置信度: 0.52)
2026-07-31 10:40:50 [INFO] 物体 2: FireExt1 (置信度: 0.51)
2026-07-31 10:40:50 [INFO] 物体 3: FireExt1 (置信度: 0.42)
2026-07-31 10:40:50 [INFO] 检测到车兜区域，将过滤区域外的目标
2026-07-31 10:40:50 [INFO] 准备保存检测结果到: C:\code\show\Scrap_Steel_In_Field\photos\dangerous_det\detection_20260731_104050.jpg
2026-07-31 10:40:50 [INFO] 图像形状: (2160, 3840, 3)
2026-07-31 10:40:50 [INFO] 图像数据类型: uint8
2026-07-31 10:40:50 [INFO] 图像最大值: 255
2026-07-31 10:40:50 [INFO] 图像最小值: 0
2026-07-31 10:40:50 [INFO] 开始保存检测结果图像: 图像尺寸=(2160, 3840, 3), 类型=uint8, 路径=C:\code\show\Scrap_Steel_In_Field\photos\dangerous_det\detection_20260731_104050.jpg
2026-07-31 10:40:50 [INFO] 成功保存检测结果到: C:\code\show\Scrap_Steel_In_Field\photos\dangerous_det\detection_20260731_104050.jpg
2026-07-31 10:40:50 [INFO] 保存的检测结果文件大小: 1994193 字节
2026-07-31 10:40:50 [INFO] 引擎上下文已释放
2026-07-31 10:40:50 [INFO] TensorRT 引擎已释放
2026-07-31 10:40:50 [INFO] 全局 CUDA 资源已释放
2026-07-31 10:40:50 [INFO] 检测系统资源已释放
2026-07-31 10:40:55 [INFO] CUDA 初始化成功
2026-07-31 10:40:55 [INFO] 引擎加载成功: dangerous.engine
2026-07-31 10:40:55 [INFO] 检测系统初始化成功
2026-07-31 10:40:55 [INFO] 图像预处理完成，原始尺寸: (2160, 3840)
2026-07-31 10:40:55 [INFO] 开始执行目标检测...
2026-07-31 10:40:55 [INFO] 检测完成，找到 3 个物体
2026-07-31 10:40:55 [INFO] 物体 1: FireExt1 (置信度: 0.50)
2026-07-31 10:40:55 [INFO] 物体 2: FireExt1 (置信度: 0.49)
2026-07-31 10:40:55 [INFO] 物体 3: FireExt1 (置信度: 0.43)
2026-07-31 10:40:55 [INFO] 检测到车兜区域，将过滤区域外的目标
2026-07-31 10:40:55 [INFO] 准备保存检测结果到: C:\code\show\Scrap_Steel_In_Field\photos\dangerous_det\detection_20260731_104055.jpg
2026-07-31 10:40:55 [INFO] 图像形状: (2160, 3840, 3)
2026-07-31 10:40:55 [INFO] 图像数据类型: uint8
2026-07-31 10:40:55 [INFO] 图像最大值: 255
2026-07-31 10:40:55 [INFO] 图像最小值: 0
2026-07-31 10:40:55 [INFO] 开始保存检测结果图像: 图像尺寸=(2160, 3840, 3), 类型=uint8, 路径=C:\code\show\Scrap_Steel_In_Field\photos\dangerous_det\detection_20260731_104055.jpg
2026-07-31 10:40:55 [INFO] 成功保存检测结果到: C:\code\show\Scrap_Steel_In_Field\photos\dangerous_det\detection_20260731_104055.jpg
2026-07-31 10:40:55 [INFO] 保存的检测结果文件大小: 1997838 字节
2026-07-31 10:40:55 [INFO] 引擎上下文已释放
2026-07-31 10:40:55 [INFO] TensorRT 引擎已释放
2026-07-31 10:40:55 [INFO] 全局 CUDA 资源已释放
2026-07-31 10:40:55 [INFO] 检测系统资源已释放
2026-07-31 10:41:00 [INFO] CUDA 初始化成功
2026-07-31 10:41:00 [INFO] 引擎加载成功: dangerous.engine
2026-07-31 10:41:00 [INFO] 检测系统初始化成功
2026-07-31 10:41:00 [INFO] 图像预处理完成，原始尺寸: (2160, 3840)
2026-07-31 10:41:00 [INFO] 开始执行目标检测...
2026-07-31 10:41:00 [INFO] 检测完成，找到 3 个物体
2026-07-31 10:41:00 [INFO] 物体 1: FireExt1 (置信度: 0.50)
2026-07-31 10:41:00 [INFO] 物体 2: FireExt1 (置信度: 0.49)
2026-07-31 10:41:00 [INFO] 物体 3: FireExt1 (置信度: 0.45)
2026-07-31 10:41:00 [INFO] 检测到车兜区域，将过滤区域外的目标
2026-07-31 10:41:00 [INFO] 准备保存检测结果到: C:\code\show\Scrap_Steel_In_Field\photos\dangerous_det\detection_20260731_104100.jpg
2026-07-31 10:41:00 [INFO] 图像形状: (2160, 3840, 3)
2026-07-31 10:41:00 [INFO] 图像数据类型: uint8
2026-07-31 10:41:00 [INFO] 图像最大值: 255
2026-07-31 10:41:00 [INFO] 图像最小值: 0
2026-07-31 10:41:00 [INFO] 开始保存检测结果图像: 图像尺寸=(2160, 3840, 3), 类型=uint8, 路径=C:\code\show\Scrap_Steel_In_Field\photos\dangerous_det\detection_20260731_104100.jpg
2026-07-31 10:41:00 [INFO] 成功保存检测结果到: C:\code\show\Scrap_Steel_In_Field\photos\dangerous_det\detection_20260731_104100.jpg
2026-07-31 10:41:00 [INFO] 保存的检测结果文件大小: 1993499 字节
2026-07-31 10:41:00 [INFO] 引擎上下文已释放
2026-07-31 10:41:00 [INFO] TensorRT 引擎已释放
2026-07-31 10:41:00 [INFO] 全局 CUDA 资源已释放
2026-07-31 10:41:00 [INFO] 检测系统资源已释放
2026-07-31 10:41:06 [INFO] CUDA 初始化成功
2026-07-31 10:41:06 [INFO] 引擎加载成功: dangerous.engine
2026-07-31 10:41:06 [INFO] 检测系统初始化成功
2026-07-31 10:41:06 [INFO] 图像预处理完成，原始尺寸: (2160, 3840)
2026-07-31 10:41:06 [INFO] 开始执行目标检测...
2026-07-31 10:41:06 [INFO] 检测完成，找到 3 个物体
2026-07-31 10:41:06 [INFO] 物体 1: FireExt1 (置信度: 0.51)
2026-07-31 10:41:06 [INFO] 物体 2: FireExt1 (置信度: 0.48)
2026-07-31 10:41:06 [INFO] 物体 3: FireExt1 (置信度: 0.44)
2026-07-31 10:41:06 [INFO] 检测到车兜区域，将过滤区域外的目标
2026-07-31 10:41:06 [INFO] 准备保存检测结果到: C:\code\show\Scrap_Steel_In_Field\photos\dangerous_det\detection_20260731_104106.jpg
2026-07-31 10:41:06 [INFO] 图像形状: (2160, 3840, 3)
2026-07-31 10:41:06 [INFO] 图像数据类型: uint8
2026-07-31 10:41:06 [INFO] 图像最大值: 255
2026-07-31 10:41:06 [INFO] 图像最小值: 0
2026-07-31 10:41:06 [INFO] 开始保存检测结果图像: 图像尺寸=(2160, 3840, 3), 类型=uint8, 路径=C:\code\show\Scrap_Steel_In_Field\photos\dangerous_det\detection_20260731_104106.jpg
2026-07-31 10:41:06 [INFO] 成功保存检测结果到: C:\code\show\Scrap_Steel_In_Field\photos\dangerous_det\detection_20260731_104106.jpg
2026-07-31 10:41:06 [INFO] 保存的检测结果文件大小: 1989260 字节
2026-07-31 10:41:06 [INFO] 引擎上下文已释放
2026-07-31 10:41:06 [INFO] TensorRT 引擎已释放
2026-07-31 10:41:06 [INFO] 全局 CUDA 资源已释放
2026-07-31 10:41:06 [INFO] 检测系统资源已释放
2026-07-31 10:41:11 [INFO] CUDA 初始化成功
2026-07-31 10:41:11 [INFO] 引擎加载成功: dangerous.engine
2026-07-31 10:41:11 [INFO] 检测系统初始化成功
2026-07-31 10:41:11 [INFO] 图像预处理完成，原始尺寸: (2160, 3840)
2026-07-31 10:41:11 [INFO] 开始执行目标检测...
2026-07-31 10:41:11 [INFO] 检测完成，找到 3 个物体
2026-07-31 10:41:11 [INFO] 物体 1: GasCyl1 (置信度: 0.53)
2026-07-31 10:41:11 [INFO] 物体 2: FireExt1 (置信度: 0.50)
2026-07-31 10:41:11 [INFO] 物体 3: FireExt1 (置信度: 0.41)
2026-07-31 10:41:11 [INFO] 检测到车兜区域，将过滤区域外的目标
2026-07-31 10:41:11 [INFO] 准备保存检测结果到: C:\code\show\Scrap_Steel_In_Field\photos\dangerous_det\detection_20260731_104111.jpg
2026-07-31 10:41:11 [INFO] 图像形状: (2160, 3840, 3)
2026-07-31 10:41:11 [INFO] 图像数据类型: uint8
2026-07-31 10:41:11 [INFO] 图像最大值: 255
2026-07-31 10:41:11 [INFO] 图像最小值: 0
2026-07-31 10:41:11 [INFO] 开始保存检测结果图像: 图像尺寸=(2160, 3840, 3), 类型=uint8, 路径=C:\code\show\Scrap_Steel_In_Field\photos\dangerous_det\detection_20260731_104111.jpg
2026-07-31 10:41:11 [INFO] 成功保存检测结果到: C:\code\show\Scrap_Steel_In_Field\photos\dangerous_det\detection_20260731_104111.jpg
2026-07-31 10:41:11 [INFO] 保存的检测结果文件大小: 1982724 字节
2026-07-31 10:41:11 [INFO] 引擎上下文已释放
2026-07-31 10:41:11 [INFO] TensorRT 引擎已释放
2026-07-31 10:41:11 [INFO] 全局 CUDA 资源已释放
2026-07-31 10:41:11 [INFO] 检测系统资源已释放
2026-07-31 10:41:16 [INFO] CUDA 初始化成功
2026-07-31 10:41:16 [INFO] 引擎加载成功: dangerous.engine
2026-07-31 10:41:16 [INFO] 检测系统初始化成功
2026-07-31 10:41:16 [INFO] 图像预处理完成，原始尺寸: (2160, 3840)
2026-07-31 10:41:16 [INFO] 开始执行目标检测...
2026-07-31 10:41:16 [INFO] 检测完成，找到 3 个物体
2026-07-31 10:41:16 [INFO] 物体 1: FireExt1 (置信度: 0.50)
2026-07-31 10:41:16 [INFO] 物体 2: FireExt1 (置信度: 0.50)
2026-07-31 10:41:16 [INFO] 物体 3: FireExt1 (置信度: 0.45)
2026-07-31 10:41:17 [INFO] 检测到车兜区域，将过滤区域外的目标
2026-07-31 10:41:17 [INFO] 准备保存检测结果到: C:\code\show\Scrap_Steel_In_Field\photos\dangerous_det\detection_20260731_104117.jpg
2026-07-31 10:41:17 [INFO] 图像形状: (2160, 3840, 3)
2026-07-31 10:41:17 [INFO] 图像数据类型: uint8
2026-07-31 10:41:17 [INFO] 图像最大值: 255
2026-07-31 10:41:17 [INFO] 图像最小值: 0
2026-07-31 10:41:17 [INFO] 开始保存检测结果图像: 图像尺寸=(2160, 3840, 3), 类型=uint8, 路径=C:\code\show\Scrap_Steel_In_Field\photos\dangerous_det\detection_20260731_104117.jpg
2026-07-31 10:41:17 [INFO] 成功保存检测结果到: C:\code\show\Scrap_Steel_In_Field\photos\dangerous_det\detection_20260731_104117.jpg
2026-07-31 10:41:17 [INFO] 保存的检测结果文件大小: 1984439 字节
2026-07-31 10:41:17 [INFO] 引擎上下文已释放
2026-07-31 10:41:17 [INFO] TensorRT 引擎已释放
2026-07-31 10:41:17 [INFO] 全局 CUDA 资源已释放
2026-07-31 10:41:17 [INFO] 检测系统资源已释放
2026-07-31 10:41:22 [INFO] CUDA 初始化成功
2026-07-31 10:41:22 [INFO] 引擎加载成功: dangerous.engine
2026-07-31 10:41:22 [INFO] 检测系统初始化成功
2026-07-31 10:41:22 [INFO] 图像预处理完成，原始尺寸: (2160, 3840)
2026-07-31 10:41:22 [INFO] 开始执行目标检测...
2026-07-31 10:41:22 [INFO] 检测完成，找到 3 个物体
2026-07-31 10:41:22 [INFO] 物体 1: FireExt1 (置信度: 0.54)
2026-07-31 10:41:22 [INFO] 物体 2: FireExt1 (置信度: 0.48)
2026-07-31 10:41:22 [INFO] 物体 3: FireExt1 (置信度: 0.45)
2026-07-31 10:41:22 [INFO] 检测到车兜区域，将过滤区域外的目标
2026-07-31 10:41:22 [INFO] 准备保存检测结果到: C:\code\show\Scrap_Steel_In_Field\photos\dangerous_det\detection_20260731_104122.jpg
2026-07-31 10:41:22 [INFO] 图像形状: (2160, 3840, 3)
2026-07-31 10:41:22 [INFO] 图像数据类型: uint8
2026-07-31 10:41:22 [INFO] 图像最大值: 255
2026-07-31 10:41:22 [INFO] 图像最小值: 0
2026-07-31 10:41:22 [INFO] 开始保存检测结果图像: 图像尺寸=(2160, 3840, 3), 类型=uint8, 路径=C:\code\show\Scrap_Steel_In_Field\photos\dangerous_det\detection_20260731_104122.jpg
2026-07-31 10:41:22 [INFO] 成功保存检测结果到: C:\code\show\Scrap_Steel_In_Field\photos\dangerous_det\detection_20260731_104122.jpg
2026-07-31 10:41:22 [INFO] 保存的检测结果文件大小: 2006429 字节
2026-07-31 10:41:22 [INFO] 引擎上下文已释放
2026-07-31 10:41:22 [INFO] TensorRT 引擎已释放
2026-07-31 10:41:22 [INFO] 全局 CUDA 资源已释放
2026-07-31 10:41:22 [INFO] 检测系统资源已释放
2026-07-31 10:41:27 [INFO] CUDA 初始化成功
2026-07-31 10:41:27 [INFO] 引擎加载成功: dangerous.engine
2026-07-31 10:41:27 [INFO] 检测系统初始化成功
2026-07-31 10:41:27 [INFO] 图像预处理完成，原始尺寸: (2160, 3840)
2026-07-31 10:41:27 [INFO] 开始执行目标检测...
2026-07-31 10:41:27 [INFO] 检测完成，找到 3 个物体
2026-07-31 10:41:27 [INFO] 物体 1: FireExt1 (置信度: 0.51)
2026-07-31 10:41:27 [INFO] 物体 2: FireExt1 (置信度: 0.44)
2026-07-31 10:41:27 [INFO] 物体 3: FireExt1 (置信度: 0.44)
2026-07-31 10:41:27 [INFO] 检测到车兜区域，将过滤区域外的目标
2026-07-31 10:41:27 [INFO] 准备保存检测结果到: C:\code\show\Scrap_Steel_In_Field\photos\dangerous_det\detection_20260731_104127.jpg
2026-07-31 10:41:27 [INFO] 图像形状: (2160, 3840, 3)
2026-07-31 10:41:27 [INFO] 图像数据类型: uint8
2026-07-31 10:41:27 [INFO] 图像最大值: 255
2026-07-31 10:41:27 [INFO] 图像最小值: 0
2026-07-31 10:41:27 [INFO] 开始保存检测结果图像: 图像尺寸=(2160, 3840, 3), 类型=uint8, 路径=C:\code\show\Scrap_Steel_In_Field\photos\dangerous_det\detection_20260731_104127.jpg
2026-07-31 10:41:27 [INFO] 成功保存检测结果到: C:\code\show\Scrap_Steel_In_Field\photos\dangerous_det\detection_20260731_104127.jpg
2026-07-31 10:41:27 [INFO] 保存的检测结果文件大小: 2009601 字节
2026-07-31 10:41:27 [INFO] 引擎上下文已释放
2026-07-31 10:41:27 [INFO] TensorRT 引擎已释放
2026-07-31 10:41:27 [INFO] 全局 CUDA 资源已释放
2026-07-31 10:41:27 [INFO] 检测系统资源已释放
2026-07-31 10:41:33 [INFO] CUDA 初始化成功
2026-07-31 10:41:33 [INFO] 引擎加载成功: dangerous.engine
2026-07-31 10:41:33 [INFO] 检测系统初始化成功
2026-07-31 10:41:34 [INFO] 图像预处理完成，原始尺寸: (2160, 3840)
2026-07-31 10:41:34 [INFO] 开始执行目标检测...
2026-07-31 10:41:34 [INFO] 检测完成，找到 3 个物体
2026-07-31 10:41:34 [INFO] 物体 1: GasCyl1 (置信度: 0.73)
2026-07-31 10:41:34 [INFO] 物体 2: FireExt1 (置信度: 0.46)
2026-07-31 10:41:34 [INFO] 物体 3: FireExt1 (置信度: 0.42)
2026-07-31 10:41:34 [INFO] 检测到车兜区域，将过滤区域外的目标
2026-07-31 10:41:34 [INFO] 准备保存检测结果到: C:\code\show\Scrap_Steel_In_Field\photos\dangerous_det\detection_20260731_104134.jpg
2026-07-31 10:41:34 [INFO] 图像形状: (2160, 3840, 3)
2026-07-31 10:41:34 [INFO] 图像数据类型: uint8
2026-07-31 10:41:34 [INFO] 图像最大值: 255
2026-07-31 10:41:34 [INFO] 图像最小值: 0
2026-07-31 10:41:34 [INFO] 开始保存检测结果图像: 图像尺寸=(2160, 3840, 3), 类型=uint8, 路径=C:\code\show\Scrap_Steel_In_Field\photos\dangerous_det\detection_20260731_104134.jpg
2026-07-31 10:41:34 [INFO] 成功保存检测结果到: C:\code\show\Scrap_Steel_In_Field\photos\dangerous_det\detection_20260731_104134.jpg
2026-07-31 10:41:34 [INFO] 保存的检测结果文件大小: 2015733 字节
2026-07-31 10:41:34 [INFO] 引擎上下文已释放
2026-07-31 10:41:34 [INFO] TensorRT 引擎已释放
2026-07-31 10:41:34 [INFO] 全局 CUDA 资源已释放
2026-07-31 10:41:34 [INFO] 检测系统资源已释放
2026-07-31 10:41:38 [INFO] CUDA 初始化成功
2026-07-31 10:41:38 [INFO] 引擎加载成功: dangerous.engine
2026-07-31 10:41:38 [INFO] 检测系统初始化成功
2026-07-31 10:41:38 [INFO] 图像预处理完成，原始尺寸: (2160, 3840)
2026-07-31 10:41:38 [INFO] 开始执行目标检测...
2026-07-31 10:41:38 [INFO] 检测完成，找到 3 个物体
2026-07-31 10:41:38 [INFO] 物体 1: GasCyl1 (置信度: 0.65)
2026-07-31 10:41:38 [INFO] 物体 2: FireExt1 (置信度: 0.47)
2026-07-31 10:41:38 [INFO] 物体 3: FireExt1 (置信度: 0.42)
2026-07-31 10:41:38 [INFO] 检测到车兜区域，将过滤区域外的目标
2026-07-31 10:41:38 [INFO] 准备保存检测结果到: C:\code\show\Scrap_Steel_In_Field\photos\dangerous_det\detection_20260731_104138.jpg
2026-07-31 10:41:38 [INFO] 图像形状: (2160, 3840, 3)
2026-07-31 10:41:38 [INFO] 图像数据类型: uint8
2026-07-31 10:41:38 [INFO] 图像最大值: 255
2026-07-31 10:41:38 [INFO] 图像最小值: 0
2026-07-31 10:41:38 [INFO] 开始保存检测结果图像: 图像尺寸=(2160, 3840, 3), 类型=uint8, 路径=C:\code\show\Scrap_Steel_In_Field\photos\dangerous_det\detection_20260731_104138.jpg
2026-07-31 10:41:39 [INFO] 成功保存检测结果到: C:\code\show\Scrap_Steel_In_Field\photos\dangerous_det\detection_20260731_104138.jpg
2026-07-31 10:41:39 [INFO] 保存的检测结果文件大小: 2015193 字节
2026-07-31 10:41:39 [INFO] 引擎上下文已释放
2026-07-31 10:41:39 [INFO] TensorRT 引擎已释放
2026-07-31 10:41:39 [INFO] 全局 CUDA 资源已释放
2026-07-31 10:41:39 [INFO] 检测系统资源已释放
2026-07-31 10:41:43 [INFO] CUDA 初始化成功
2026-07-31 10:41:44 [INFO] 引擎加载成功: dangerous.engine
2026-07-31 10:41:44 [INFO] 检测系统初始化成功
2026-07-31 10:41:44 [INFO] 图像预处理完成，原始尺寸: (2160, 3840)
2026-07-31 10:41:44 [INFO] 开始执行目标检测...
2026-07-31 10:41:44 [INFO] 检测完成，找到 3 个物体
2026-07-31 10:41:44 [INFO] 物体 1: GasCyl1 (置信度: 0.65)
2026-07-31 10:41:44 [INFO] 物体 2: FireExt1 (置信度: 0.48)
2026-07-31 10:41:44 [INFO] 物体 3: FireExt1 (置信度: 0.42)
2026-07-31 10:41:44 [INFO] 检测到车兜区域，将过滤区域外的目标
2026-07-31 10:41:44 [INFO] 准备保存检测结果到: C:\code\show\Scrap_Steel_In_Field\photos\dangerous_det\detection_20260731_104144.jpg
2026-07-31 10:41:44 [INFO] 图像形状: (2160, 3840, 3)
2026-07-31 10:41:44 [INFO] 图像数据类型: uint8
2026-07-31 10:41:44 [INFO] 图像最大值: 255
2026-07-31 10:41:44 [INFO] 图像最小值: 0
2026-07-31 10:41:44 [INFO] 开始保存检测结果图像: 图像尺寸=(2160, 3840, 3), 类型=uint8, 路径=C:\code\show\Scrap_Steel_In_Field\photos\dangerous_det\detection_20260731_104144.jpg
2026-07-31 10:41:44 [INFO] 成功保存检测结果到: C:\code\show\Scrap_Steel_In_Field\photos\dangerous_det\detection_20260731_104144.jpg
2026-07-31 10:41:44 [INFO] 保存的检测结果文件大小: 2020431 字节
2026-07-31 10:41:44 [INFO] 引擎上下文已释放
2026-07-31 10:41:44 [INFO] TensorRT 引擎已释放
2026-07-31 10:41:44 [INFO] 全局 CUDA 资源已释放
2026-07-31 10:41:44 [INFO] 检测系统资源已释放
2026-07-31 10:41:49 [INFO] CUDA 初始化成功
2026-07-31 10:41:49 [INFO] 引擎加载成功: dangerous.engine
2026-07-31 10:41:49 [INFO] 检测系统初始化成功
2026-07-31 10:41:49 [INFO] 图像预处理完成，原始尺寸: (2160, 3840)
2026-07-31 10:41:49 [INFO] 开始执行目标检测...
2026-07-31 10:41:49 [INFO] 检测完成，找到 3 个物体
2026-07-31 10:41:49 [INFO] 物体 1: GasCyl1 (置信度: 0.59)
2026-07-31 10:41:49 [INFO] 物体 2: FireExt1 (置信度: 0.47)
2026-07-31 10:41:49 [INFO] 物体 3: FireExt1 (置信度: 0.40)
2026-07-31 10:41:49 [INFO] 检测到车兜区域，将过滤区域外的目标
2026-07-31 10:41:49 [INFO] 准备保存检测结果到: C:\code\show\Scrap_Steel_In_Field\photos\dangerous_det\detection_20260731_104149.jpg
2026-07-31 10:41:49 [INFO] 图像形状: (2160, 3840, 3)
2026-07-31 10:41:49 [INFO] 图像数据类型: uint8
2026-07-31 10:41:49 [INFO] 图像最大值: 255
2026-07-31 10:41:49 [INFO] 图像最小值: 0
2026-07-31 10:41:49 [INFO] 开始保存检测结果图像: 图像尺寸=(2160, 3840, 3), 类型=uint8, 路径=C:\code\show\Scrap_Steel_In_Field\photos\dangerous_det\detection_20260731_104149.jpg
2026-07-31 10:41:49 [INFO] 成功保存检测结果到: C:\code\show\Scrap_Steel_In_Field\photos\dangerous_det\detection_20260731_104149.jpg
2026-07-31 10:41:49 [INFO] 保存的检测结果文件大小: 2002920 字节
2026-07-31 10:41:49 [INFO] 引擎上下文已释放
2026-07-31 10:41:49 [INFO] TensorRT 引擎已释放
2026-07-31 10:41:49 [INFO] 全局 CUDA 资源已释放
2026-07-31 10:41:49 [INFO] 检测系统资源已释放
2026-07-31 10:41:54 [INFO] CUDA 初始化成功
2026-07-31 10:41:54 [INFO] 引擎加载成功: dangerous.engine
2026-07-31 10:41:54 [INFO] 检测系统初始化成功
2026-07-31 10:41:54 [INFO] 图像预处理完成，原始尺寸: (2160, 3840)
2026-07-31 10:41:54 [INFO] 开始执行目标检测...
2026-07-31 10:41:54 [INFO] 检测完成，找到 3 个物体
2026-07-31 10:41:54 [INFO] 物体 1: GasCyl1 (置信度: 0.73)
2026-07-31 10:41:54 [INFO] 物体 2: FireExt1 (置信度: 0.47)
2026-07-31 10:41:54 [INFO] 物体 3: FireExt1 (置信度: 0.39)
2026-07-31 10:41:54 [INFO] 检测到车兜区域，将过滤区域外的目标
2026-07-31 10:41:54 [INFO] 准备保存检测结果到: C:\code\show\Scrap_Steel_In_Field\photos\dangerous_det\detection_20260731_104154.jpg
2026-07-31 10:41:54 [INFO] 图像形状: (2160, 3840, 3)
2026-07-31 10:41:54 [INFO] 图像数据类型: uint8
2026-07-31 10:41:54 [INFO] 图像最大值: 255
2026-07-31 10:41:54 [INFO] 图像最小值: 0
2026-07-31 10:41:54 [INFO] 开始保存检测结果图像: 图像尺寸=(2160, 3840, 3), 类型=uint8, 路径=C:\code\show\Scrap_Steel_In_Field\photos\dangerous_det\detection_20260731_104154.jpg
2026-07-31 10:41:54 [INFO] 成功保存检测结果到: C:\code\show\Scrap_Steel_In_Field\photos\dangerous_det\detection_20260731_104154.jpg
2026-07-31 10:41:54 [INFO] 保存的检测结果文件大小: 2025580 字节
2026-07-31 10:41:54 [INFO] 引擎上下文已释放
2026-07-31 10:41:54 [INFO] TensorRT 引擎已释放
2026-07-31 10:41:54 [INFO] 全局 CUDA 资源已释放
2026-07-31 10:41:54 [INFO] 检测系统资源已释放
2026-07-31 10:41:59 [INFO] CUDA 初始化成功
2026-07-31 10:41:59 [INFO] 引擎加载成功: dangerous.engine
2026-07-31 10:41:59 [INFO] 检测系统初始化成功
2026-07-31 10:41:59 [INFO] 图像预处理完成，原始尺寸: (2160, 3840)
2026-07-31 10:41:59 [INFO] 开始执行目标检测...
2026-07-31 10:42:00 [INFO] 检测完成，找到 3 个物体
2026-07-31 10:42:00 [INFO] 物体 1: GasCyl1 (置信度: 0.68)
2026-07-31 10:42:00 [INFO] 物体 2: FireExt1 (置信度: 0.48)
2026-07-31 10:42:00 [INFO] 物体 3: FireExt1 (置信度: 0.44)
2026-07-31 10:42:00 [INFO] 检测到车兜区域，将过滤区域外的目标
2026-07-31 10:42:00 [INFO] 准备保存检测结果到: C:\code\show\Scrap_Steel_In_Field\photos\dangerous_det\detection_20260731_104200.jpg
2026-07-31 10:42:00 [INFO] 图像形状: (2160, 3840, 3)
2026-07-31 10:42:00 [INFO] 图像数据类型: uint8
2026-07-31 10:42:00 [INFO] 图像最大值: 255
2026-07-31 10:42:00 [INFO] 图像最小值: 0
2026-07-31 10:42:00 [INFO] 开始保存检测结果图像: 图像尺寸=(2160, 3840, 3), 类型=uint8, 路径=C:\code\show\Scrap_Steel_In_Field\photos\dangerous_det\detection_20260731_104200.jpg
2026-07-31 10:42:00 [INFO] 成功保存检测结果到: C:\code\show\Scrap_Steel_In_Field\photos\dangerous_det\detection_20260731_104200.jpg
2026-07-31 10:42:00 [INFO] 保存的检测结果文件大小: 2025112 字节
2026-07-31 10:42:00 [INFO] 引擎上下文已释放
2026-07-31 10:42:00 [INFO] TensorRT 引擎已释放
2026-07-31 10:42:00 [INFO] 全局 CUDA 资源已释放
2026-07-31 10:42:00 [INFO] 检测系统资源已释放
2026-07-31 10:42:05 [INFO] CUDA 初始化成功
2026-07-31 10:42:05 [INFO] 引擎加载成功: dangerous.engine
2026-07-31 10:42:05 [INFO] 检测系统初始化成功
2026-07-31 10:42:05 [INFO] 图像预处理完成，原始尺寸: (2160, 3840)
2026-07-31 10:42:05 [INFO] 开始执行目标检测...
2026-07-31 10:42:05 [INFO] 检测完成，找到 3 个物体
2026-07-31 10:42:05 [INFO] 物体 1: GasCyl1 (置信度: 0.68)
2026-07-31 10:42:05 [INFO] 物体 2: FireExt1 (置信度: 0.45)
2026-07-31 10:42:05 [INFO] 物体 3: FireExt1 (置信度: 0.41)
2026-07-31 10:42:05 [INFO] 检测到车兜区域，将过滤区域外的目标
2026-07-31 10:42:05 [INFO] 准备保存检测结果到: C:\code\show\Scrap_Steel_In_Field\photos\dangerous_det\detection_20260731_104205.jpg
2026-07-31 10:42:05 [INFO] 图像形状: (2160, 3840, 3)
2026-07-31 10:42:05 [INFO] 图像数据类型: uint8
2026-07-31 10:42:05 [INFO] 图像最大值: 255
2026-07-31 10:42:05 [INFO] 图像最小值: 0
2026-07-31 10:42:05 [INFO] 开始保存检测结果图像: 图像尺寸=(2160, 3840, 3), 类型=uint8, 路径=C:\code\show\Scrap_Steel_In_Field\photos\dangerous_det\detection_20260731_104205.jpg
2026-07-31 10:42:05 [INFO] 成功保存检测结果到: C:\code\show\Scrap_Steel_In_Field\photos\dangerous_det\detection_20260731_104205.jpg
2026-07-31 10:42:05 [INFO] 保存的检测结果文件大小: 2028233 字节
2026-07-31 10:42:05 [INFO] 引擎上下文已释放
2026-07-31 10:42:05 [INFO] TensorRT 引擎已释放
2026-07-31 10:42:05 [INFO] 全局 CUDA 资源已释放
2026-07-31 10:42:05 [INFO] 检测系统资源已释放
2026-07-31 10:42:10 [INFO] CUDA 初始化成功
2026-07-31 10:42:10 [INFO] 引擎加载成功: dangerous.engine
2026-07-31 10:42:10 [INFO] 检测系统初始化成功
2026-07-31 10:42:10 [INFO] 图像预处理完成，原始尺寸: (2160, 3840)
2026-07-31 10:42:10 [INFO] 开始执行目标检测...
2026-07-31 10:42:10 [INFO] 检测完成，找到 3 个物体
2026-07-31 10:42:10 [INFO] 物体 1: GasCyl1 (置信度: 0.52)
2026-07-31 10:42:10 [INFO] 物体 2: FireExt1 (置信度: 0.48)
2026-07-31 10:42:10 [INFO] 物体 3: FireExt1 (置信度: 0.46)
2026-07-31 10:42:10 [INFO] 检测到车兜区域，将过滤区域外的目标
2026-07-31 10:42:10 [INFO] 准备保存检测结果到: C:\code\show\Scrap_Steel_In_Field\photos\dangerous_det\detection_20260731_104210.jpg
2026-07-31 10:42:10 [INFO] 图像形状: (2160, 3840, 3)
2026-07-31 10:42:10 [INFO] 图像数据类型: uint8
2026-07-31 10:42:10 [INFO] 图像最大值: 255
2026-07-31 10:42:10 [INFO] 图像最小值: 0
2026-07-31 10:42:10 [INFO] 开始保存检测结果图像: 图像尺寸=(2160, 3840, 3), 类型=uint8, 路径=C:\code\show\Scrap_Steel_In_Field\photos\dangerous_det\detection_20260731_104210.jpg
2026-07-31 10:42:10 [INFO] 成功保存检测结果到: C:\code\show\Scrap_Steel_In_Field\photos\dangerous_det\detection_20260731_104210.jpg
2026-07-31 10:42:10 [INFO] 保存的检测结果文件大小: 2031860 字节
2026-07-31 10:42:10 [INFO] 引擎上下文已释放
2026-07-31 10:42:10 [INFO] TensorRT 引擎已释放
2026-07-31 10:42:10 [INFO] 全局 CUDA 资源已释放
2026-07-31 10:42:10 [INFO] 检测系统资源已释放
2026-07-31 10:42:15 [INFO] CUDA 初始化成功
2026-07-31 10:42:15 [INFO] 引擎加载成功: dangerous.engine
2026-07-31 10:42:15 [INFO] 检测系统初始化成功
2026-07-31 10:42:15 [INFO] 图像预处理完成，原始尺寸: (2160, 3840)
2026-07-31 10:42:15 [INFO] 开始执行目标检测...
2026-07-31 10:42:15 [INFO] 检测完成，找到 3 个物体
2026-07-31 10:42:15 [INFO] 物体 1: GasCyl1 (置信度: 0.61)
2026-07-31 10:42:15 [INFO] 物体 2: FireExt1 (置信度: 0.47)
2026-07-31 10:42:15 [INFO] 物体 3: FireExt1 (置信度: 0.42)
2026-07-31 10:42:15 [INFO] 检测到车兜区域，将过滤区域外的目标
2026-07-31 10:42:15 [INFO] 准备保存检测结果到: C:\code\show\Scrap_Steel_In_Field\photos\dangerous_det\detection_20260731_104215.jpg
2026-07-31 10:42:15 [INFO] 图像形状: (2160, 3840, 3)
2026-07-31 10:42:15 [INFO] 图像数据类型: uint8
2026-07-31 10:42:15 [INFO] 图像最大值: 255
2026-07-31 10:42:15 [INFO] 图像最小值: 0
2026-07-31 10:42:15 [INFO] 开始保存检测结果图像: 图像尺寸=(2160, 3840, 3), 类型=uint8, 路径=C:\code\show\Scrap_Steel_In_Field\photos\dangerous_det\detection_20260731_104215.jpg
2026-07-31 10:42:16 [INFO] 成功保存检测结果到: C:\code\show\Scrap_Steel_In_Field\photos\dangerous_det\detection_20260731_104215.jpg
2026-07-31 10:42:16 [INFO] 保存的检测结果文件大小: 2037530 字节
2026-07-31 10:42:16 [INFO] 引擎上下文已释放
2026-07-31 10:42:16 [INFO] TensorRT 引擎已释放
2026-07-31 10:42:16 [INFO] 全局 CUDA 资源已释放
2026-07-31 10:42:16 [INFO] 检测系统资源已释放
2026-07-31 10:42:20 [INFO] CUDA 初始化成功
2026-07-31 10:42:21 [INFO] 引擎加载成功: dangerous.engine
2026-07-31 10:42:21 [INFO] 检测系统初始化成功
2026-07-31 10:42:21 [INFO] 图像预处理完成，原始尺寸: (2160, 3840)
2026-07-31 10:42:21 [INFO] 开始执行目标检测...
2026-07-31 10:42:21 [INFO] 检测完成，找到 3 个物体
2026-07-31 10:42:21 [INFO] 物体 1: GasCyl1 (置信度: 0.61)
2026-07-31 10:42:21 [INFO] 物体 2: FireExt1 (置信度: 0.46)
2026-07-31 10:42:21 [INFO] 物体 3: FireExt1 (置信度: 0.42)
2026-07-31 10:42:21 [INFO] 检测到车兜区域，将过滤区域外的目标
2026-07-31 10:42:21 [INFO] 准备保存检测结果到: C:\code\show\Scrap_Steel_In_Field\photos\dangerous_det\detection_20260731_104221.jpg
2026-07-31 10:42:21 [INFO] 图像形状: (2160, 3840, 3)
2026-07-31 10:42:21 [INFO] 图像数据类型: uint8
2026-07-31 10:42:21 [INFO] 图像最大值: 255
2026-07-31 10:42:21 [INFO] 图像最小值: 0
2026-07-31 10:42:21 [INFO] 开始保存检测结果图像: 图像尺寸=(2160, 3840, 3), 类型=uint8, 路径=C:\code\show\Scrap_Steel_In_Field\photos\dangerous_det\detection_20260731_104221.jpg
2026-07-31 10:42:21 [INFO] 成功保存检测结果到: C:\code\show\Scrap_Steel_In_Field\photos\dangerous_det\detection_20260731_104221.jpg
2026-07-31 10:42:21 [INFO] 保存的检测结果文件大小: 2034682 字节
2026-07-31 10:42:21 [INFO] 引擎上下文已释放
2026-07-31 10:42:21 [INFO] TensorRT 引擎已释放
2026-07-31 10:42:21 [INFO] 全局 CUDA 资源已释放
2026-07-31 10:42:21 [INFO] 检测系统资源已释放
2026-07-31 10:42:26 [INFO] CUDA 初始化成功
2026-07-31 10:42:26 [INFO] 引擎加载成功: dangerous.engine
2026-07-31 10:42:26 [INFO] 检测系统初始化成功
2026-07-31 10:42:26 [INFO] 图像预处理完成，原始尺寸: (2160, 3840)
2026-07-31 10:42:26 [INFO] 开始执行目标检测...
2026-07-31 10:42:26 [INFO] 检测完成，找到 3 个物体
2026-07-31 10:42:26 [INFO] 物体 1: GasCyl1 (置信度: 0.64)
2026-07-31 10:42:26 [INFO] 物体 2: FireExt1 (置信度: 0.46)
2026-07-31 10:42:26 [INFO] 物体 3: FireExt1 (置信度: 0.41)
2026-07-31 10:42:26 [INFO] 检测到车兜区域，将过滤区域外的目标
2026-07-31 10:42:26 [INFO] 准备保存检测结果到: C:\code\show\Scrap_Steel_In_Field\photos\dangerous_det\detection_20260731_104226.jpg
2026-07-31 10:42:26 [INFO] 图像形状: (2160, 3840, 3)
2026-07-31 10:42:26 [INFO] 图像数据类型: uint8
2026-07-31 10:42:26 [INFO] 图像最大值: 255
2026-07-31 10:42:26 [INFO] 图像最小值: 0
2026-07-31 10:42:26 [INFO] 开始保存检测结果图像: 图像尺寸=(2160, 3840, 3), 类型=uint8, 路径=C:\code\show\Scrap_Steel_In_Field\photos\dangerous_det\detection_20260731_104226.jpg
2026-07-31 10:42:26 [INFO] 成功保存检测结果到: C:\code\show\Scrap_Steel_In_Field\photos\dangerous_det\detection_20260731_104226.jpg
2026-07-31 10:42:26 [INFO] 保存的检测结果文件大小: 2033722 字节
2026-07-31 10:42:26 [INFO] 引擎上下文已释放
2026-07-31 10:42:26 [INFO] TensorRT 引擎已释放
2026-07-31 10:42:26 [INFO] 全局 CUDA 资源已释放
2026-07-31 10:42:26 [INFO] 检测系统资源已释放
2026-07-31 10:42:31 [INFO] CUDA 初始化成功
2026-07-31 10:42:31 [INFO] 引擎加载成功: dangerous.engine
2026-07-31 10:42:31 [INFO] 检测系统初始化成功
2026-07-31 10:42:31 [INFO] 图像预处理完成，原始尺寸: (2160, 3840)
2026-07-31 10:42:31 [INFO] 开始执行目标检测...
2026-07-31 10:42:31 [INFO] 检测完成，找到 3 个物体
2026-07-31 10:42:31 [INFO] 物体 1: GasCyl1 (置信度: 0.61)
2026-07-31 10:42:31 [INFO] 物体 2: FireExt1 (置信度: 0.47)
2026-07-31 10:42:31 [INFO] 物体 3: FireExt1 (置信度: 0.45)
2026-07-31 10:42:31 [INFO] 检测到车兜区域，将过滤区域外的目标
2026-07-31 10:42:31 [INFO] 准备保存检测结果到: C:\code\show\Scrap_Steel_In_Field\photos\dangerous_det\detection_20260731_104231.jpg
2026-07-31 10:42:31 [INFO] 图像形状: (2160, 3840, 3)
2026-07-31 10:42:31 [INFO] 图像数据类型: uint8
2026-07-31 10:42:31 [INFO] 图像最大值: 255
2026-07-31 10:42:31 [INFO] 图像最小值: 0
2026-07-31 10:42:31 [INFO] 开始保存检测结果图像: 图像尺寸=(2160, 3840, 3), 类型=uint8, 路径=C:\code\show\Scrap_Steel_In_Field\photos\dangerous_det\detection_20260731_104231.jpg
2026-07-31 10:42:31 [INFO] 成功保存检测结果到: C:\code\show\Scrap_Steel_In_Field\photos\dangerous_det\detection_20260731_104231.jpg
2026-07-31 10:42:31 [INFO] 保存的检测结果文件大小: 2032583 字节
2026-07-31 10:42:31 [INFO] 引擎上下文已释放
2026-07-31 10:42:31 [INFO] TensorRT 引擎已释放
2026-07-31 10:42:31 [INFO] 全局 CUDA 资源已释放
2026-07-31 10:42:31 [INFO] 检测系统资源已释放
2026-07-31 10:42:36 [INFO] CUDA 初始化成功
2026-07-31 10:42:37 [INFO] 引擎加载成功: dangerous.engine
2026-07-31 10:42:37 [INFO] 检测系统初始化成功
2026-07-31 10:42:37 [INFO] 图像预处理完成，原始尺寸: (2160, 3840)
2026-07-31 10:42:37 [INFO] 开始执行目标检测...
2026-07-31 10:42:37 [INFO] 检测完成，找到 3 个物体
2026-07-31 10:42:37 [INFO] 物体 1: FireExt1 (置信度: 0.51)
2026-07-31 10:42:37 [INFO] 物体 2: FireExt1 (置信度: 0.49)
2026-07-31 10:42:37 [INFO] 物体 3: FireExt1 (置信度: 0.40)
2026-07-31 10:42:37 [INFO] 检测到车兜区域，将过滤区域外的目标
2026-07-31 10:42:37 [INFO] 准备保存检测结果到: C:\code\show\Scrap_Steel_In_Field\photos\dangerous_det\detection_20260731_104237.jpg
2026-07-31 10:42:37 [INFO] 图像形状: (2160, 3840, 3)
2026-07-31 10:42:37 [INFO] 图像数据类型: uint8
2026-07-31 10:42:37 [INFO] 图像最大值: 255
2026-07-31 10:42:37 [INFO] 图像最小值: 0
2026-07-31 10:42:37 [INFO] 开始保存检测结果图像: 图像尺寸=(2160, 3840, 3), 类型=uint8, 路径=C:\code\show\Scrap_Steel_In_Field\photos\dangerous_det\detection_20260731_104237.jpg
2026-07-31 10:42:37 [INFO] 成功保存检测结果到: C:\code\show\Scrap_Steel_In_Field\photos\dangerous_det\detection_20260731_104237.jpg
2026-07-31 10:42:37 [INFO] 保存的检测结果文件大小: 1878780 字节
2026-07-31 10:42:37 [INFO] 引擎上下文已释放
2026-07-31 10:42:37 [INFO] TensorRT 引擎已释放
2026-07-31 10:42:37 [INFO] 全局 CUDA 资源已释放
2026-07-31 10:42:37 [INFO] 检测系统资源已释放
2026-07-31 10:42:42 [INFO] CUDA 初始化成功
2026-07-31 10:42:42 [INFO] 引擎加载成功: dangerous.engine
2026-07-31 10:42:42 [INFO] 检测系统初始化成功
2026-07-31 10:42:42 [INFO] 图像预处理完成，原始尺寸: (2160, 3840)
2026-07-31 10:42:42 [INFO] 开始执行目标检测...
2026-07-31 10:42:42 [INFO] 检测完成，找到 3 个物体
2026-07-31 10:42:42 [INFO] 物体 1: GasCyl1 (置信度: 0.61)
2026-07-31 10:42:42 [INFO] 物体 2: FireExt1 (置信度: 0.46)
2026-07-31 10:42:42 [INFO] 物体 3: FireExt1 (置信度: 0.42)
2026-07-31 10:42:42 [INFO] 检测到车兜区域，将过滤区域外的目标
2026-07-31 10:42:42 [INFO] 准备保存检测结果到: C:\code\show\Scrap_Steel_In_Field\photos\dangerous_det\detection_20260731_104242.jpg
2026-07-31 10:42:42 [INFO] 图像形状: (2160, 3840, 3)
2026-07-31 10:42:42 [INFO] 图像数据类型: uint8
2026-07-31 10:42:42 [INFO] 图像最大值: 255
2026-07-31 10:42:42 [INFO] 图像最小值: 0
2026-07-31 10:42:42 [INFO] 开始保存检测结果图像: 图像尺寸=(2160, 3840, 3), 类型=uint8, 路径=C:\code\show\Scrap_Steel_In_Field\photos\dangerous_det\detection_20260731_104242.jpg
2026-07-31 10:42:42 [INFO] 成功保存检测结果到: C:\code\show\Scrap_Steel_In_Field\photos\dangerous_det\detection_20260731_104242.jpg
2026-07-31 10:42:42 [INFO] 保存的检测结果文件大小: 2046370 字节
2026-07-31 10:42:42 [INFO] 引擎上下文已释放
2026-07-31 10:42:42 [INFO] TensorRT 引擎已释放
2026-07-31 10:42:42 [INFO] 全局 CUDA 资源已释放
2026-07-31 10:42:42 [INFO] 检测系统资源已释放
2026-07-31 10:42:47 [INFO] CUDA 初始化成功
2026-07-31 10:42:47 [INFO] 引擎加载成功: dangerous.engine
2026-07-31 10:42:47 [INFO] 检测系统初始化成功
2026-07-31 10:42:47 [INFO] 图像预处理完成，原始尺寸: (2160, 3840)
2026-07-31 10:42:47 [INFO] 开始执行目标检测...
2026-07-31 10:42:47 [INFO] 检测完成，找到 3 个物体
2026-07-31 10:42:47 [INFO] 物体 1: GasCyl1 (置信度: 0.70)
2026-07-31 10:42:47 [INFO] 物体 2: FireExt1 (置信度: 0.45)
2026-07-31 10:42:47 [INFO] 物体 3: FireExt1 (置信度: 0.42)
2026-07-31 10:42:47 [INFO] 检测到车兜区域，将过滤区域外的目标
2026-07-31 10:42:47 [INFO] 准备保存检测结果到: C:\code\show\Scrap_Steel_In_Field\photos\dangerous_det\detection_20260731_104247.jpg
2026-07-31 10:42:47 [INFO] 图像形状: (2160, 3840, 3)
2026-07-31 10:42:47 [INFO] 图像数据类型: uint8
2026-07-31 10:42:47 [INFO] 图像最大值: 255
2026-07-31 10:42:47 [INFO] 图像最小值: 0
2026-07-31 10:42:47 [INFO] 开始保存检测结果图像: 图像尺寸=(2160, 3840, 3), 类型=uint8, 路径=C:\code\show\Scrap_Steel_In_Field\photos\dangerous_det\detection_20260731_104247.jpg
2026-07-31 10:42:47 [INFO] 成功保存检测结果到: C:\code\show\Scrap_Steel_In_Field\photos\dangerous_det\detection_20260731_104247.jpg
2026-07-31 10:42:47 [INFO] 保存的检测结果文件大小: 2046106 字节
2026-07-31 10:42:47 [INFO] 引擎上下文已释放
2026-07-31 10:42:47 [INFO] TensorRT 引擎已释放
2026-07-31 10:42:47 [INFO] 全局 CUDA 资源已释放
2026-07-31 10:42:47 [INFO] 检测系统资源已释放
2026-07-31 10:42:53 [INFO] CUDA 初始化成功
2026-07-31 10:42:53 [INFO] 引擎加载成功: dangerous.engine
2026-07-31 10:42:53 [INFO] 检测系统初始化成功
2026-07-31 10:42:53 [INFO] 图像预处理完成，原始尺寸: (2160, 3840)
2026-07-31 10:42:53 [INFO] 开始执行目标检测...
2026-07-31 10:42:53 [INFO] 检测完成，找到 3 个物体
2026-07-31 10:42:53 [INFO] 物体 1: GasCyl1 (置信度: 0.75)
2026-07-31 10:42:53 [INFO] 物体 2: FireExt1 (置信度: 0.45)
2026-07-31 10:42:53 [INFO] 物体 3: FireExt1 (置信度: 0.44)
2026-07-31 10:42:53 [INFO] 检测到车兜区域，将过滤区域外的目标
2026-07-31 10:42:53 [INFO] 准备保存检测结果到: C:\code\show\Scrap_Steel_In_Field\photos\dangerous_det\detection_20260731_104253.jpg
2026-07-31 10:42:53 [INFO] 图像形状: (2160, 3840, 3)
2026-07-31 10:42:53 [INFO] 图像数据类型: uint8
2026-07-31 10:42:53 [INFO] 图像最大值: 255
2026-07-31 10:42:53 [INFO] 图像最小值: 0
2026-07-31 10:42:53 [INFO] 开始保存检测结果图像: 图像尺寸=(2160, 3840, 3), 类型=uint8, 路径=C:\code\show\Scrap_Steel_In_Field\photos\dangerous_det\detection_20260731_104253.jpg
2026-07-31 10:42:53 [INFO] 成功保存检测结果到: C:\code\show\Scrap_Steel_In_Field\photos\dangerous_det\detection_20260731_104253.jpg
2026-07-31 10:42:53 [INFO] 保存的检测结果文件大小: 2051645 字节
2026-07-31 10:42:53 [INFO] 引擎上下文已释放
2026-07-31 10:42:53 [INFO] TensorRT 引擎已释放
2026-07-31 10:42:53 [INFO] 全局 CUDA 资源已释放
2026-07-31 10:42:53 [INFO] 检测系统资源已释放
2026-07-31 10:42:58 [INFO] CUDA 初始化成功
2026-07-31 10:42:58 [INFO] 引擎加载成功: dangerous.engine
2026-07-31 10:42:58 [INFO] 检测系统初始化成功
2026-07-31 10:42:58 [INFO] 图像预处理完成，原始尺寸: (2160, 3840)
2026-07-31 10:42:58 [INFO] 开始执行目标检测...
2026-07-31 10:42:58 [INFO] 检测完成，找到 3 个物体
2026-07-31 10:42:58 [INFO] 物体 1: GasCyl1 (置信度: 0.62)
2026-07-31 10:42:58 [INFO] 物体 2: FireExt1 (置信度: 0.45)
2026-07-31 10:42:58 [INFO] 物体 3: FireExt1 (置信度: 0.42)
2026-07-31 10:42:58 [INFO] 检测到车兜区域，将过滤区域外的目标
2026-07-31 10:42:58 [INFO] 准备保存检测结果到: C:\code\show\Scrap_Steel_In_Field\photos\dangerous_det\detection_20260731_104258.jpg
2026-07-31 10:42:58 [INFO] 图像形状: (2160, 3840, 3)
2026-07-31 10:42:58 [INFO] 图像数据类型: uint8
2026-07-31 10:42:58 [INFO] 图像最大值: 255
2026-07-31 10:42:58 [INFO] 图像最小值: 0
2026-07-31 10:42:58 [INFO] 开始保存检测结果图像: 图像尺寸=(2160, 3840, 3), 类型=uint8, 路径=C:\code\show\Scrap_Steel_In_Field\photos\dangerous_det\detection_20260731_104258.jpg
2026-07-31 10:42:58 [INFO] 成功保存检测结果到: C:\code\show\Scrap_Steel_In_Field\photos\dangerous_det\detection_20260731_104258.jpg
2026-07-31 10:42:58 [INFO] 保存的检测结果文件大小: 2042257 字节
2026-07-31 10:42:58 [INFO] 引擎上下文已释放
2026-07-31 10:42:58 [INFO] TensorRT 引擎已释放
2026-07-31 10:42:58 [INFO] 全局 CUDA 资源已释放
2026-07-31 10:42:58 [INFO] 检测系统资源已释放
2026-07-31 10:43:03 [INFO] CUDA 初始化成功
2026-07-31 10:43:03 [INFO] 引擎加载成功: dangerous.engine
2026-07-31 10:43:03 [INFO] 检测系统初始化成功
2026-07-31 10:43:03 [INFO] 图像预处理完成，原始尺寸: (2160, 3840)
2026-07-31 10:43:03 [INFO] 开始执行目标检测...
2026-07-31 10:43:03 [INFO] 检测完成，找到 3 个物体
2026-07-31 10:43:03 [INFO] 物体 1: GasCyl1 (置信度: 0.58)
2026-07-31 10:43:03 [INFO] 物体 2: FireExt1 (置信度: 0.45)
2026-07-31 10:43:03 [INFO] 物体 3: FireExt1 (置信度: 0.41)
2026-07-31 10:43:03 [INFO] 检测到车兜区域，将过滤区域外的目标
2026-07-31 10:43:03 [INFO] 准备保存检测结果到: C:\code\show\Scrap_Steel_In_Field\photos\dangerous_det\detection_20260731_104303.jpg
2026-07-31 10:43:03 [INFO] 图像形状: (2160, 3840, 3)
2026-07-31 10:43:03 [INFO] 图像数据类型: uint8
2026-07-31 10:43:03 [INFO] 图像最大值: 255
2026-07-31 10:43:03 [INFO] 图像最小值: 0
2026-07-31 10:43:03 [INFO] 开始保存检测结果图像: 图像尺寸=(2160, 3840, 3), 类型=uint8, 路径=C:\code\show\Scrap_Steel_In_Field\photos\dangerous_det\detection_20260731_104303.jpg
2026-07-31 10:43:03 [INFO] 成功保存检测结果到: C:\code\show\Scrap_Steel_In_Field\photos\dangerous_det\detection_20260731_104303.jpg
2026-07-31 10:43:03 [INFO] 保存的检测结果文件大小: 2053290 字节
2026-07-31 10:43:03 [INFO] 引擎上下文已释放
2026-07-31 10:43:03 [INFO] TensorRT 引擎已释放
2026-07-31 10:43:03 [INFO] 全局 CUDA 资源已释放
2026-07-31 10:43:03 [INFO] 检测系统资源已释放
2026-07-31 10:43:08 [INFO] CUDA 初始化成功
2026-07-31 10:43:09 [INFO] 引擎加载成功: dangerous.engine
2026-07-31 10:43:09 [INFO] 检测系统初始化成功
2026-07-31 10:43:09 [INFO] 图像预处理完成，原始尺寸: (2160, 3840)
2026-07-31 10:43:09 [INFO] 开始执行目标检测...
2026-07-31 10:43:09 [INFO] 检测完成，找到 3 个物体
2026-07-31 10:43:09 [INFO] 物体 1: GasCyl1 (置信度: 0.68)
2026-07-31 10:43:09 [INFO] 物体 2: FireExt1 (置信度: 0.46)
2026-07-31 10:43:09 [INFO] 物体 3: FireExt1 (置信度: 0.41)
2026-07-31 10:43:09 [INFO] 检测到车兜区域，将过滤区域外的目标
2026-07-31 10:43:09 [INFO] 准备保存检测结果到: C:\code\show\Scrap_Steel_In_Field\photos\dangerous_det\detection_20260731_104309.jpg
2026-07-31 10:43:09 [INFO] 图像形状: (2160, 3840, 3)
2026-07-31 10:43:09 [INFO] 图像数据类型: uint8
2026-07-31 10:43:09 [INFO] 图像最大值: 255
2026-07-31 10:43:09 [INFO] 图像最小值: 0
2026-07-31 10:43:09 [INFO] 开始保存检测结果图像: 图像尺寸=(2160, 3840, 3), 类型=uint8, 路径=C:\code\show\Scrap_Steel_In_Field\photos\dangerous_det\detection_20260731_104309.jpg
2026-07-31 10:43:09 [INFO] 成功保存检测结果到: C:\code\show\Scrap_Steel_In_Field\photos\dangerous_det\detection_20260731_104309.jpg
2026-07-31 10:43:09 [INFO] 保存的检测结果文件大小: 2068085 字节
2026-07-31 10:43:09 [INFO] 引擎上下文已释放
2026-07-31 10:43:09 [INFO] TensorRT 引擎已释放
2026-07-31 10:43:09 [INFO] 全局 CUDA 资源已释放
2026-07-31 10:43:09 [INFO] 检测系统资源已释放
2026-07-31 10:43:14 [INFO] CUDA 初始化成功
2026-07-31 10:43:14 [INFO] 引擎加载成功: dangerous.engine
2026-07-31 10:43:14 [INFO] 检测系统初始化成功
2026-07-31 10:43:14 [INFO] 图像预处理完成，原始尺寸: (2160, 3840)
2026-07-31 10:43:14 [INFO] 开始执行目标检测...
2026-07-31 10:43:14 [INFO] 检测完成，找到 3 个物体
2026-07-31 10:43:14 [INFO] 物体 1: GasCyl1 (置信度: 0.66)
2026-07-31 10:43:14 [INFO] 物体 2: FireExt1 (置信度: 0.44)
2026-07-31 10:43:14 [INFO] 物体 3: FireExt1 (置信度: 0.40)
2026-07-31 10:43:14 [INFO] 检测到车兜区域，将过滤区域外的目标
2026-07-31 10:43:14 [INFO] 准备保存检测结果到: C:\code\show\Scrap_Steel_In_Field\photos\dangerous_det\detection_20260731_104314.jpg
2026-07-31 10:43:14 [INFO] 图像形状: (2160, 3840, 3)
2026-07-31 10:43:14 [INFO] 图像数据类型: uint8
2026-07-31 10:43:14 [INFO] 图像最大值: 255
2026-07-31 10:43:14 [INFO] 图像最小值: 0
2026-07-31 10:43:14 [INFO] 开始保存检测结果图像: 图像尺寸=(2160, 3840, 3), 类型=uint8, 路径=C:\code\show\Scrap_Steel_In_Field\photos\dangerous_det\detection_20260731_104314.jpg
2026-07-31 10:43:14 [INFO] 成功保存检测结果到: C:\code\show\Scrap_Steel_In_Field\photos\dangerous_det\detection_20260731_104314.jpg
2026-07-31 10:43:14 [INFO] 保存的检测结果文件大小: 2072239 字节
2026-07-31 10:43:14 [INFO] 引擎上下文已释放
2026-07-31 10:43:14 [INFO] TensorRT 引擎已释放
2026-07-31 10:43:14 [INFO] 全局 CUDA 资源已释放
2026-07-31 10:43:14 [INFO] 检测系统资源已释放
2026-07-31 10:43:19 [INFO] CUDA 初始化成功
2026-07-31 10:43:19 [INFO] 引擎加载成功: dangerous.engine
2026-07-31 10:43:19 [INFO] 检测系统初始化成功
2026-07-31 10:43:19 [INFO] 图像预处理完成，原始尺寸: (2160, 3840)
2026-07-31 10:43:19 [INFO] 开始执行目标检测...
2026-07-31 10:43:19 [INFO] 检测完成，找到 3 个物体
2026-07-31 10:43:19 [INFO] 物体 1: GasCyl1 (置信度: 0.69)
2026-07-31 10:43:19 [INFO] 物体 2: FireExt1 (置信度: 0.45)
2026-07-31 10:43:19 [INFO] 物体 3: FireExt1 (置信度: 0.42)
2026-07-31 10:43:19 [INFO] 检测到车兜区域，将过滤区域外的目标
2026-07-31 10:43:19 [INFO] 准备保存检测结果到: C:\code\show\Scrap_Steel_In_Field\photos\dangerous_det\detection_20260731_104319.jpg
2026-07-31 10:43:19 [INFO] 图像形状: (2160, 3840, 3)
2026-07-31 10:43:19 [INFO] 图像数据类型: uint8
2026-07-31 10:43:19 [INFO] 图像最大值: 255
2026-07-31 10:43:19 [INFO] 图像最小值: 0
2026-07-31 10:43:19 [INFO] 开始保存检测结果图像: 图像尺寸=(2160, 3840, 3), 类型=uint8, 路径=C:\code\show\Scrap_Steel_In_Field\photos\dangerous_det\detection_20260731_104319.jpg
2026-07-31 10:43:19 [INFO] 成功保存检测结果到: C:\code\show\Scrap_Steel_In_Field\photos\dangerous_det\detection_20260731_104319.jpg
2026-07-31 10:43:19 [INFO] 保存的检测结果文件大小: 2067966 字节
2026-07-31 10:43:19 [INFO] 引擎上下文已释放
2026-07-31 10:43:19 [INFO] TensorRT 引擎已释放
2026-07-31 10:43:19 [INFO] 全局 CUDA 资源已释放
2026-07-31 10:43:19 [INFO] 检测系统资源已释放
2026-07-31 10:43:25 [INFO] CUDA 初始化成功
2026-07-31 10:43:25 [INFO] 引擎加载成功: dangerous.engine
2026-07-31 10:43:25 [INFO] 检测系统初始化成功
2026-07-31 10:43:25 [INFO] 图像预处理完成，原始尺寸: (2160, 3840)
2026-07-31 10:43:25 [INFO] 开始执行目标检测...
2026-07-31 10:43:25 [INFO] 检测完成，找到 4 个物体
2026-07-31 10:43:25 [INFO] 物体 1: GasCyl1 (置信度: 0.68)
2026-07-31 10:43:25 [INFO] 物体 2: FireExt1 (置信度: 0.46)
2026-07-31 10:43:25 [INFO] 物体 3: FireExt1 (置信度: 0.42)
2026-07-31 10:43:25 [INFO] 物体 4: FireExt1 (置信度: 0.39)
2026-07-31 10:43:25 [INFO] 检测到车兜区域，将过滤区域外的目标
2026-07-31 10:43:25 [INFO] 准备保存检测结果到: C:\code\show\Scrap_Steel_In_Field\photos\dangerous_det\detection_20260731_104325.jpg
2026-07-31 10:43:25 [INFO] 图像形状: (2160, 3840, 3)
2026-07-31 10:43:25 [INFO] 图像数据类型: uint8
2026-07-31 10:43:25 [INFO] 图像最大值: 255
2026-07-31 10:43:25 [INFO] 图像最小值: 0
2026-07-31 10:43:25 [INFO] 开始保存检测结果图像: 图像尺寸=(2160, 3840, 3), 类型=uint8, 路径=C:\code\show\Scrap_Steel_In_Field\photos\dangerous_det\detection_20260731_104325.jpg
2026-07-31 10:43:25 [INFO] 成功保存检测结果到: C:\code\show\Scrap_Steel_In_Field\photos\dangerous_det\detection_20260731_104325.jpg
2026-07-31 10:43:25 [INFO] 保存的检测结果文件大小: 2078687 字节
2026-07-31 10:43:25 [INFO] 引擎上下文已释放
2026-07-31 10:43:25 [INFO] TensorRT 引擎已释放
2026-07-31 10:43:25 [INFO] 全局 CUDA 资源已释放
2026-07-31 10:43:25 [INFO] 检测系统资源已释放
2026-07-31 10:43:30 [INFO] CUDA 初始化成功
2026-07-31 10:43:30 [INFO] 引擎加载成功: dangerous.engine
2026-07-31 10:43:30 [INFO] 检测系统初始化成功
2026-07-31 10:43:30 [INFO] 图像预处理完成，原始尺寸: (2160, 3840)
2026-07-31 10:43:30 [INFO] 开始执行目标检测...
2026-07-31 10:43:30 [INFO] 检测完成，找到 3 个物体
2026-07-31 10:43:30 [INFO] 物体 1: GasCyl1 (置信度: 0.61)
2026-07-31 10:43:30 [INFO] 物体 2: FireExt1 (置信度: 0.45)
2026-07-31 10:43:30 [INFO] 物体 3: FireExt1 (置信度: 0.44)
2026-07-31 10:43:30 [INFO] 检测到车兜区域，将过滤区域外的目标
2026-07-31 10:43:30 [INFO] 准备保存检测结果到: C:\code\show\Scrap_Steel_In_Field\photos\dangerous_det\detection_20260731_104330.jpg
2026-07-31 10:43:30 [INFO] 图像形状: (2160, 3840, 3)
2026-07-31 10:43:30 [INFO] 图像数据类型: uint8
2026-07-31 10:43:30 [INFO] 图像最大值: 255
2026-07-31 10:43:30 [INFO] 图像最小值: 0
2026-07-31 10:43:30 [INFO] 开始保存检测结果图像: 图像尺寸=(2160, 3840, 3), 类型=uint8, 路径=C:\code\show\Scrap_Steel_In_Field\photos\dangerous_det\detection_20260731_104330.jpg
2026-07-31 10:43:30 [INFO] 成功保存检测结果到: C:\code\show\Scrap_Steel_In_Field\photos\dangerous_det\detection_20260731_104330.jpg
2026-07-31 10:43:30 [INFO] 保存的检测结果文件大小: 2074496 字节
2026-07-31 10:43:30 [INFO] 引擎上下文已释放
2026-07-31 10:43:30 [INFO] TensorRT 引擎已释放
2026-07-31 10:43:30 [INFO] 全局 CUDA 资源已释放
2026-07-31 10:43:30 [INFO] 检测系统资源已释放
2026-07-31 10:43:35 [INFO] CUDA 初始化成功
2026-07-31 10:43:36 [INFO] 引擎加载成功: dangerous.engine
2026-07-31 10:43:36 [INFO] 检测系统初始化成功
2026-07-31 10:43:36 [INFO] 图像预处理完成，原始尺寸: (2160, 3840)
2026-07-31 10:43:36 [INFO] 开始执行目标检测...
2026-07-31 10:43:36 [INFO] 检测完成，找到 3 个物体
2026-07-31 10:43:36 [INFO] 物体 1: GasCyl1 (置信度: 0.73)
2026-07-31 10:43:36 [INFO] 物体 2: FireExt1 (置信度: 0.46)
2026-07-31 10:43:36 [INFO] 物体 3: FireExt1 (置信度: 0.43)
2026-07-31 10:43:36 [INFO] 检测到车兜区域，将过滤区域外的目标
2026-07-31 10:43:36 [INFO] 准备保存检测结果到: C:\code\show\Scrap_Steel_In_Field\photos\dangerous_det\detection_20260731_104336.jpg
2026-07-31 10:43:36 [INFO] 图像形状: (2160, 3840, 3)
2026-07-31 10:43:36 [INFO] 图像数据类型: uint8
2026-07-31 10:43:36 [INFO] 图像最大值: 255
2026-07-31 10:43:36 [INFO] 图像最小值: 0
2026-07-31 10:43:36 [INFO] 开始保存检测结果图像: 图像尺寸=(2160, 3840, 3), 类型=uint8, 路径=C:\code\show\Scrap_Steel_In_Field\photos\dangerous_det\detection_20260731_104336.jpg
2026-07-31 10:43:36 [INFO] 成功保存检测结果到: C:\code\show\Scrap_Steel_In_Field\photos\dangerous_det\detection_20260731_104336.jpg
2026-07-31 10:43:36 [INFO] 保存的检测结果文件大小: 2078563 字节
2026-07-31 10:43:36 [INFO] 引擎上下文已释放
2026-07-31 10:43:36 [INFO] TensorRT 引擎已释放
2026-07-31 10:43:36 [INFO] 全局 CUDA 资源已释放
2026-07-31 10:43:36 [INFO] 检测系统资源已释放
2026-07-31 10:43:41 [INFO] CUDA 初始化成功
2026-07-31 10:43:41 [INFO] 引擎加载成功: dangerous.engine
2026-07-31 10:43:41 [INFO] 检测系统初始化成功
2026-07-31 10:43:41 [INFO] 图像预处理完成，原始尺寸: (2160, 3840)
2026-07-31 10:43:41 [INFO] 开始执行目标检测...
2026-07-31 10:43:41 [INFO] 检测完成，找到 3 个物体
2026-07-31 10:43:41 [INFO] 物体 1: GasCyl1 (置信度: 0.66)
2026-07-31 10:43:41 [INFO] 物体 2: FireExt1 (置信度: 0.46)
2026-07-31 10:43:41 [INFO] 物体 3: FireExt1 (置信度: 0.45)
2026-07-31 10:43:41 [INFO] 检测到车兜区域，将过滤区域外的目标
2026-07-31 10:43:41 [INFO] 准备保存检测结果到: C:\code\show\Scrap_Steel_In_Field\photos\dangerous_det\detection_20260731_104341.jpg
2026-07-31 10:43:41 [INFO] 图像形状: (2160, 3840, 3)
2026-07-31 10:43:41 [INFO] 图像数据类型: uint8
2026-07-31 10:43:41 [INFO] 图像最大值: 255
2026-07-31 10:43:41 [INFO] 图像最小值: 0
2026-07-31 10:43:41 [INFO] 开始保存检测结果图像: 图像尺寸=(2160, 3840, 3), 类型=uint8, 路径=C:\code\show\Scrap_Steel_In_Field\photos\dangerous_det\detection_20260731_104341.jpg
2026-07-31 10:43:41 [INFO] 成功保存检测结果到: C:\code\show\Scrap_Steel_In_Field\photos\dangerous_det\detection_20260731_104341.jpg
2026-07-31 10:43:41 [INFO] 保存的检测结果文件大小: 2080637 字节
2026-07-31 10:43:41 [INFO] 引擎上下文已释放
2026-07-31 10:43:41 [INFO] TensorRT 引擎已释放
2026-07-31 10:43:41 [INFO] 全局 CUDA 资源已释放
2026-07-31 10:43:41 [INFO] 检测系统资源已释放
2026-07-31 10:43:46 [INFO] CUDA 初始化成功
2026-07-31 10:43:47 [INFO] 引擎加载成功: dangerous.engine
2026-07-31 10:43:47 [INFO] 检测系统初始化成功
2026-07-31 10:43:47 [INFO] 图像预处理完成，原始尺寸: (2160, 3840)
2026-07-31 10:43:47 [INFO] 开始执行目标检测...
2026-07-31 10:43:47 [INFO] 检测完成，找到 4 个物体
2026-07-31 10:43:47 [INFO] 物体 1: GasCyl1 (置信度: 0.67)
2026-07-31 10:43:47 [INFO] 物体 2: FireExt1 (置信度: 0.48)
2026-07-31 10:43:47 [INFO] 物体 3: FireExt1 (置信度: 0.42)
2026-07-31 10:43:47 [INFO] 物体 4: FireExt1 (置信度: 0.36)
2026-07-31 10:43:47 [INFO] 检测到车兜区域，将过滤区域外的目标
2026-07-31 10:43:47 [INFO] 准备保存检测结果到: C:\code\show\Scrap_Steel_In_Field\photos\dangerous_det\detection_20260731_104347.jpg
2026-07-31 10:43:47 [INFO] 图像形状: (2160, 3840, 3)
2026-07-31 10:43:47 [INFO] 图像数据类型: uint8
2026-07-31 10:43:47 [INFO] 图像最大值: 255
2026-07-31 10:43:47 [INFO] 图像最小值: 0
2026-07-31 10:43:47 [INFO] 开始保存检测结果图像: 图像尺寸=(2160, 3840, 3), 类型=uint8, 路径=C:\code\show\Scrap_Steel_In_Field\photos\dangerous_det\detection_20260731_104347.jpg
2026-07-31 10:43:47 [INFO] 成功保存检测结果到: C:\code\show\Scrap_Steel_In_Field\photos\dangerous_det\detection_20260731_104347.jpg
2026-07-31 10:43:47 [INFO] 保存的检测结果文件大小: 2083860 字节
2026-07-31 10:43:47 [INFO] 引擎上下文已释放
2026-07-31 10:43:47 [INFO] TensorRT 引擎已释放
2026-07-31 10:43:47 [INFO] 全局 CUDA 资源已释放
2026-07-31 10:43:47 [INFO] 检测系统资源已释放
2026-07-31 10:43:52 [INFO] CUDA 初始化成功
2026-07-31 10:43:52 [INFO] 引擎加载成功: dangerous.engine
2026-07-31 10:43:52 [INFO] 检测系统初始化成功
2026-07-31 10:43:52 [INFO] 图像预处理完成，原始尺寸: (2160, 3840)
2026-07-31 10:43:52 [INFO] 开始执行目标检测...
2026-07-31 10:43:52 [INFO] 检测完成，找到 3 个物体
2026-07-31 10:43:52 [INFO] 物体 1: GasCyl1 (置信度: 0.63)
2026-07-31 10:43:52 [INFO] 物体 2: FireExt1 (置信度: 0.44)
2026-07-31 10:43:52 [INFO] 物体 3: FireExt1 (置信度: 0.42)
2026-07-31 10:43:52 [INFO] 检测到车兜区域，将过滤区域外的目标
2026-07-31 10:43:52 [INFO] 准备保存检测结果到: C:\code\show\Scrap_Steel_In_Field\photos\dangerous_det\detection_20260731_104352.jpg
2026-07-31 10:43:52 [INFO] 图像形状: (2160, 3840, 3)
2026-07-31 10:43:52 [INFO] 图像数据类型: uint8
2026-07-31 10:43:52 [INFO] 图像最大值: 255
2026-07-31 10:43:53 [INFO] 图像最小值: 0
2026-07-31 10:43:53 [INFO] 开始保存检测结果图像: 图像尺寸=(2160, 3840, 3), 类型=uint8, 路径=C:\code\show\Scrap_Steel_In_Field\photos\dangerous_det\detection_20260731_104352.jpg
2026-07-31 10:43:53 [INFO] 成功保存检测结果到: C:\code\show\Scrap_Steel_In_Field\photos\dangerous_det\detection_20260731_104352.jpg
2026-07-31 10:43:53 [INFO] 保存的检测结果文件大小: 2089232 字节
2026-07-31 10:43:53 [INFO] 引擎上下文已释放
2026-07-31 10:43:53 [INFO] TensorRT 引擎已释放
2026-07-31 10:43:53 [INFO] 全局 CUDA 资源已释放
2026-07-31 10:43:53 [INFO] 检测系统资源已释放
2026-07-31 10:43:57 [INFO] CUDA 初始化成功
2026-07-31 10:43:57 [INFO] 引擎加载成功: dangerous.engine
2026-07-31 10:43:57 [INFO] 检测系统初始化成功
2026-07-31 10:43:57 [INFO] 图像预处理完成，原始尺寸: (2160, 3840)
2026-07-31 10:43:57 [INFO] 开始执行目标检测...
2026-07-31 10:43:57 [INFO] 检测完成，找到 3 个物体
2026-07-31 10:43:57 [INFO] 物体 1: GasCyl1 (置信度: 0.58)
2026-07-31 10:43:57 [INFO] 物体 2: FireExt1 (置信度: 0.45)
2026-07-31 10:43:57 [INFO] 物体 3: FireExt1 (置信度: 0.44)
2026-07-31 10:43:57 [INFO] 检测到车兜区域，将过滤区域外的目标
2026-07-31 10:43:57 [INFO] 准备保存检测结果到: C:\code\show\Scrap_Steel_In_Field\photos\dangerous_det\detection_20260731_104357.jpg
2026-07-31 10:43:57 [INFO] 图像形状: (2160, 3840, 3)
2026-07-31 10:43:57 [INFO] 图像数据类型: uint8
2026-07-31 10:43:57 [INFO] 图像最大值: 255
2026-07-31 10:43:57 [INFO] 图像最小值: 0
2026-07-31 10:43:57 [INFO] 开始保存检测结果图像: 图像尺寸=(2160, 3840, 3), 类型=uint8, 路径=C:\code\show\Scrap_Steel_In_Field\photos\dangerous_det\detection_20260731_104357.jpg
2026-07-31 10:43:57 [INFO] 成功保存检测结果到: C:\code\show\Scrap_Steel_In_Field\photos\dangerous_det\detection_20260731_104357.jpg
2026-07-31 10:43:57 [INFO] 保存的检测结果文件大小: 2086881 字节
2026-07-31 10:43:57 [INFO] 引擎上下文已释放
2026-07-31 10:43:57 [INFO] TensorRT 引擎已释放
2026-07-31 10:43:57 [INFO] 全局 CUDA 资源已释放
2026-07-31 10:43:57 [INFO] 检测系统资源已释放
2026-07-31 10:44:02 [INFO] CUDA 初始化成功
2026-07-31 10:44:02 [INFO] 引擎加载成功: dangerous.engine
2026-07-31 10:44:02 [INFO] 检测系统初始化成功
2026-07-31 10:44:02 [INFO] 图像预处理完成，原始尺寸: (2160, 3840)
2026-07-31 10:44:02 [INFO] 开始执行目标检测...
2026-07-31 10:44:03 [INFO] 检测完成，找到 3 个物体
2026-07-31 10:44:03 [INFO] 物体 1: GasCyl1 (置信度: 0.67)
2026-07-31 10:44:03 [INFO] 物体 2: FireExt1 (置信度: 0.45)
2026-07-31 10:44:03 [INFO] 物体 3: FireExt1 (置信度: 0.39)
2026-07-31 10:44:03 [INFO] 检测到车兜区域，将过滤区域外的目标
2026-07-31 10:44:03 [INFO] 准备保存检测结果到: C:\code\show\Scrap_Steel_In_Field\photos\dangerous_det\detection_20260731_104403.jpg
2026-07-31 10:44:03 [INFO] 图像形状: (2160, 3840, 3)
2026-07-31 10:44:03 [INFO] 图像数据类型: uint8
2026-07-31 10:44:03 [INFO] 图像最大值: 255
2026-07-31 10:44:03 [INFO] 图像最小值: 0
2026-07-31 10:44:03 [INFO] 开始保存检测结果图像: 图像尺寸=(2160, 3840, 3), 类型=uint8, 路径=C:\code\show\Scrap_Steel_In_Field\photos\dangerous_det\detection_20260731_104403.jpg
2026-07-31 10:44:03 [INFO] 成功保存检测结果到: C:\code\show\Scrap_Steel_In_Field\photos\dangerous_det\detection_20260731_104403.jpg
2026-07-31 10:44:03 [INFO] 保存的检测结果文件大小: 2092303 字节
2026-07-31 10:44:03 [INFO] 引擎上下文已释放
2026-07-31 10:44:03 [INFO] TensorRT 引擎已释放
2026-07-31 10:44:03 [INFO] 全局 CUDA 资源已释放
2026-07-31 10:44:03 [INFO] 检测系统资源已释放
2026-07-31 10:44:08 [INFO] CUDA 初始化成功
2026-07-31 10:44:08 [INFO] 引擎加载成功: dangerous.engine
2026-07-31 10:44:08 [INFO] 检测系统初始化成功
2026-07-31 10:44:08 [INFO] 图像预处理完成，原始尺寸: (2160, 3840)
2026-07-31 10:44:08 [INFO] 开始执行目标检测...
2026-07-31 10:44:08 [INFO] 检测完成，找到 3 个物体
2026-07-31 10:44:08 [INFO] 物体 1: GasCyl1 (置信度: 0.67)
2026-07-31 10:44:08 [INFO] 物体 2: FireExt1 (置信度: 0.48)
2026-07-31 10:44:08 [INFO] 物体 3: FireExt1 (置信度: 0.43)
2026-07-31 10:44:08 [INFO] 检测到车兜区域，将过滤区域外的目标
2026-07-31 10:44:08 [INFO] 准备保存检测结果到: C:\code\show\Scrap_Steel_In_Field\photos\dangerous_det\detection_20260731_104408.jpg
2026-07-31 10:44:08 [INFO] 图像形状: (2160, 3840, 3)
2026-07-31 10:44:08 [INFO] 图像数据类型: uint8
2026-07-31 10:44:08 [INFO] 图像最大值: 255
2026-07-31 10:44:08 [INFO] 图像最小值: 0
2026-07-31 10:44:08 [INFO] 开始保存检测结果图像: 图像尺寸=(2160, 3840, 3), 类型=uint8, 路径=C:\code\show\Scrap_Steel_In_Field\photos\dangerous_det\detection_20260731_104408.jpg
2026-07-31 10:44:08 [INFO] 成功保存检测结果到: C:\code\show\Scrap_Steel_In_Field\photos\dangerous_det\detection_20260731_104408.jpg
2026-07-31 10:44:08 [INFO] 保存的检测结果文件大小: 2089578 字节
2026-07-31 10:44:08 [INFO] 引擎上下文已释放
2026-07-31 10:44:08 [INFO] TensorRT 引擎已释放
2026-07-31 10:44:08 [INFO] 全局 CUDA 资源已释放
2026-07-31 10:44:08 [INFO] 检测系统资源已释放
2026-07-31 10:44:13 [INFO] CUDA 初始化成功
2026-07-31 10:44:13 [INFO] 引擎加载成功: dangerous.engine
2026-07-31 10:44:13 [INFO] 检测系统初始化成功
2026-07-31 10:44:13 [INFO] 图像预处理完成，原始尺寸: (2160, 3840)
2026-07-31 10:44:13 [INFO] 开始执行目标检测...
2026-07-31 10:44:13 [INFO] 检测完成，找到 3 个物体
2026-07-31 10:44:13 [INFO] 物体 1: GasCyl1 (置信度: 0.64)
2026-07-31 10:44:13 [INFO] 物体 2: FireExt1 (置信度: 0.46)
2026-07-31 10:44:13 [INFO] 物体 3: FireExt1 (置信度: 0.43)
2026-07-31 10:44:13 [INFO] 检测到车兜区域，将过滤区域外的目标
2026-07-31 10:44:13 [INFO] 准备保存检测结果到: C:\code\show\Scrap_Steel_In_Field\photos\dangerous_det\detection_20260731_104413.jpg
2026-07-31 10:44:13 [INFO] 图像形状: (2160, 3840, 3)
2026-07-31 10:44:13 [INFO] 图像数据类型: uint8
2026-07-31 10:44:13 [INFO] 图像最大值: 255
2026-07-31 10:44:13 [INFO] 图像最小值: 0
2026-07-31 10:44:13 [INFO] 开始保存检测结果图像: 图像尺寸=(2160, 3840, 3), 类型=uint8, 路径=C:\code\show\Scrap_Steel_In_Field\photos\dangerous_det\detection_20260731_104413.jpg
2026-07-31 10:44:13 [INFO] 成功保存检测结果到: C:\code\show\Scrap_Steel_In_Field\photos\dangerous_det\detection_20260731_104413.jpg
2026-07-31 10:44:13 [INFO] 保存的检测结果文件大小: 2095167 字节
2026-07-31 10:44:13 [INFO] 引擎上下文已释放
2026-07-31 10:44:13 [INFO] TensorRT 引擎已释放
2026-07-31 10:44:13 [INFO] 全局 CUDA 资源已释放
2026-07-31 10:44:13 [INFO] 检测系统资源已释放
2026-07-31 10:44:18 [INFO] CUDA 初始化成功
2026-07-31 10:44:18 [INFO] 引擎加载成功: dangerous.engine
2026-07-31 10:44:18 [INFO] 检测系统初始化成功
2026-07-31 10:44:18 [INFO] 图像预处理完成，原始尺寸: (2160, 3840)
2026-07-31 10:44:18 [INFO] 开始执行目标检测...
2026-07-31 10:44:18 [INFO] 检测完成，找到 3 个物体
2026-07-31 10:44:18 [INFO] 物体 1: GasCyl1 (置信度: 0.64)
2026-07-31 10:44:18 [INFO] 物体 2: FireExt1 (置信度: 0.46)
2026-07-31 10:44:18 [INFO] 物体 3: FireExt1 (置信度: 0.45)
2026-07-31 10:44:18 [INFO] 检测到车兜区域，将过滤区域外的目标
2026-07-31 10:44:18 [INFO] 准备保存检测结果到: C:\code\show\Scrap_Steel_In_Field\photos\dangerous_det\detection_20260731_104418.jpg
2026-07-31 10:44:18 [INFO] 图像形状: (2160, 3840, 3)
2026-07-31 10:44:18 [INFO] 图像数据类型: uint8
2026-07-31 10:44:18 [INFO] 图像最大值: 255
2026-07-31 10:44:18 [INFO] 图像最小值: 0
2026-07-31 10:44:18 [INFO] 开始保存检测结果图像: 图像尺寸=(2160, 3840, 3), 类型=uint8, 路径=C:\code\show\Scrap_Steel_In_Field\photos\dangerous_det\detection_20260731_104418.jpg
2026-07-31 10:44:19 [INFO] 成功保存检测结果到: C:\code\show\Scrap_Steel_In_Field\photos\dangerous_det\detection_20260731_104418.jpg
2026-07-31 10:44:19 [INFO] 保存的检测结果文件大小: 2092640 字节
2026-07-31 10:44:19 [INFO] 引擎上下文已释放
2026-07-31 10:44:19 [INFO] TensorRT 引擎已释放
2026-07-31 10:44:19 [INFO] 全局 CUDA 资源已释放
2026-07-31 10:44:19 [INFO] 检测系统资源已释放
2026-07-31 10:44:23 [INFO] CUDA 初始化成功
2026-07-31 10:44:24 [INFO] 引擎加载成功: dangerous.engine
2026-07-31 10:44:24 [INFO] 检测系统初始化成功
2026-07-31 10:44:24 [INFO] 图像预处理完成，原始尺寸: (2160, 3840)
2026-07-31 10:44:24 [INFO] 开始执行目标检测...
2026-07-31 10:44:24 [INFO] 检测完成，找到 3 个物体
2026-07-31 10:44:24 [INFO] 物体 1: GasCyl1 (置信度: 0.66)
2026-07-31 10:44:24 [INFO] 物体 2: FireExt1 (置信度: 0.44)
2026-07-31 10:44:24 [INFO] 物体 3: FireExt1 (置信度: 0.43)
2026-07-31 10:44:24 [INFO] 检测到车兜区域，将过滤区域外的目标
2026-07-31 10:44:24 [INFO] 准备保存检测结果到: C:\code\show\Scrap_Steel_In_Field\photos\dangerous_det\detection_20260731_104424.jpg
2026-07-31 10:44:24 [INFO] 图像形状: (2160, 3840, 3)
2026-07-31 10:44:24 [INFO] 图像数据类型: uint8
2026-07-31 10:44:24 [INFO] 图像最大值: 255
2026-07-31 10:44:24 [INFO] 图像最小值: 0
2026-07-31 10:44:24 [INFO] 开始保存检测结果图像: 图像尺寸=(2160, 3840, 3), 类型=uint8, 路径=C:\code\show\Scrap_Steel_In_Field\photos\dangerous_det\detection_20260731_104424.jpg
2026-07-31 10:44:24 [INFO] 成功保存检测结果到: C:\code\show\Scrap_Steel_In_Field\photos\dangerous_det\detection_20260731_104424.jpg
2026-07-31 10:44:24 [INFO] 保存的检测结果文件大小: 2100498 字节
2026-07-31 10:44:24 [INFO] 引擎上下文已释放
2026-07-31 10:44:24 [INFO] TensorRT 引擎已释放
2026-07-31 10:44:24 [INFO] 全局 CUDA 资源已释放
2026-07-31 10:44:24 [INFO] 检测系统资源已释放
2026-07-31 10:44:29 [INFO] CUDA 初始化成功
2026-07-31 10:44:29 [INFO] 引擎加载成功: dangerous.engine
2026-07-31 10:44:29 [INFO] 检测系统初始化成功
2026-07-31 10:44:29 [INFO] 图像预处理完成，原始尺寸: (2160, 3840)
2026-07-31 10:44:29 [INFO] 开始执行目标检测...
2026-07-31 10:44:29 [INFO] 检测完成，找到 3 个物体
2026-07-31 10:44:29 [INFO] 物体 1: GasCyl1 (置信度: 0.65)
2026-07-31 10:44:29 [INFO] 物体 2: FireExt1 (置信度: 0.45)
2026-07-31 10:44:29 [INFO] 物体 3: FireExt1 (置信度: 0.42)
2026-07-31 10:44:29 [INFO] 检测到车兜区域，将过滤区域外的目标
2026-07-31 10:44:29 [INFO] 准备保存检测结果到: C:\code\show\Scrap_Steel_In_Field\photos\dangerous_det\detection_20260731_104429.jpg
2026-07-31 10:44:29 [INFO] 图像形状: (2160, 3840, 3)
2026-07-31 10:44:29 [INFO] 图像数据类型: uint8
2026-07-31 10:44:29 [INFO] 图像最大值: 255
2026-07-31 10:44:29 [INFO] 图像最小值: 0
2026-07-31 10:44:29 [INFO] 开始保存检测结果图像: 图像尺寸=(2160, 3840, 3), 类型=uint8, 路径=C:\code\show\Scrap_Steel_In_Field\photos\dangerous_det\detection_20260731_104429.jpg
2026-07-31 10:44:29 [INFO] 成功保存检测结果到: C:\code\show\Scrap_Steel_In_Field\photos\dangerous_det\detection_20260731_104429.jpg
2026-07-31 10:44:29 [INFO] 保存的检测结果文件大小: 2098980 字节
2026-07-31 10:44:29 [INFO] 引擎上下文已释放
2026-07-31 10:44:29 [INFO] TensorRT 引擎已释放
2026-07-31 10:44:29 [INFO] 全局 CUDA 资源已释放
2026-07-31 10:44:29 [INFO] 检测系统资源已释放
2026-07-31 10:44:34 [INFO] CUDA 初始化成功
2026-07-31 10:44:34 [INFO] 引擎加载成功: dangerous.engine
2026-07-31 10:44:34 [INFO] 检测系统初始化成功
2026-07-31 10:44:34 [INFO] 图像预处理完成，原始尺寸: (2160, 3840)
2026-07-31 10:44:34 [INFO] 开始执行目标检测...
2026-07-31 10:44:34 [INFO] 检测完成，找到 3 个物体
2026-07-31 10:44:34 [INFO] 物体 1: GasCyl1 (置信度: 0.57)
2026-07-31 10:44:34 [INFO] 物体 2: FireExt1 (置信度: 0.46)
2026-07-31 10:44:34 [INFO] 物体 3: FireExt1 (置信度: 0.44)
2026-07-31 10:44:34 [INFO] 检测到车兜区域，将过滤区域外的目标
2026-07-31 10:44:34 [INFO] 准备保存检测结果到: C:\code\show\Scrap_Steel_In_Field\photos\dangerous_det\detection_20260731_104434.jpg
2026-07-31 10:44:34 [INFO] 图像形状: (2160, 3840, 3)
2026-07-31 10:44:34 [INFO] 图像数据类型: uint8
2026-07-31 10:44:34 [INFO] 图像最大值: 255
2026-07-31 10:44:34 [INFO] 图像最小值: 0
2026-07-31 10:44:34 [INFO] 开始保存检测结果图像: 图像尺寸=(2160, 3840, 3), 类型=uint8, 路径=C:\code\show\Scrap_Steel_In_Field\photos\dangerous_det\detection_20260731_104434.jpg
2026-07-31 10:44:34 [INFO] 成功保存检测结果到: C:\code\show\Scrap_Steel_In_Field\photos\dangerous_det\detection_20260731_104434.jpg
2026-07-31 10:44:34 [INFO] 保存的检测结果文件大小: 2099301 字节
2026-07-31 10:44:34 [INFO] 引擎上下文已释放
2026-07-31 10:44:34 [INFO] TensorRT 引擎已释放
2026-07-31 10:44:34 [INFO] 全局 CUDA 资源已释放
2026-07-31 10:44:34 [INFO] 检测系统资源已释放
2026-07-31 10:44:39 [INFO] CUDA 初始化成功
2026-07-31 10:44:39 [INFO] 引擎加载成功: dangerous.engine
2026-07-31 10:44:39 [INFO] 检测系统初始化成功
2026-07-31 10:44:39 [INFO] 图像预处理完成，原始尺寸: (2160, 3840)
2026-07-31 10:44:39 [INFO] 开始执行目标检测...
2026-07-31 10:44:40 [INFO] 检测完成，找到 3 个物体
2026-07-31 10:44:40 [INFO] 物体 1: GasCyl1 (置信度: 0.69)
2026-07-31 10:44:40 [INFO] 物体 2: FireExt1 (置信度: 0.46)
2026-07-31 10:44:40 [INFO] 物体 3: FireExt1 (置信度: 0.40)
2026-07-31 10:44:40 [INFO] 检测到车兜区域，将过滤区域外的目标
2026-07-31 10:44:40 [INFO] 准备保存检测结果到: C:\code\show\Scrap_Steel_In_Field\photos\dangerous_det\detection_20260731_104440.jpg
2026-07-31 10:44:40 [INFO] 图像形状: (2160, 3840, 3)
2026-07-31 10:44:40 [INFO] 图像数据类型: uint8
2026-07-31 10:44:40 [INFO] 图像最大值: 255
2026-07-31 10:44:40 [INFO] 图像最小值: 0
2026-07-31 10:44:40 [INFO] 开始保存检测结果图像: 图像尺寸=(2160, 3840, 3), 类型=uint8, 路径=C:\code\show\Scrap_Steel_In_Field\photos\dangerous_det\detection_20260731_104440.jpg
2026-07-31 10:44:40 [INFO] 成功保存检测结果到: C:\code\show\Scrap_Steel_In_Field\photos\dangerous_det\detection_20260731_104440.jpg
2026-07-31 10:44:40 [INFO] 保存的检测结果文件大小: 2103888 字节
2026-07-31 10:44:40 [INFO] 引擎上下文已释放
2026-07-31 10:44:40 [INFO] TensorRT 引擎已释放
2026-07-31 10:44:40 [INFO] 全局 CUDA 资源已释放
2026-07-31 10:44:40 [INFO] 检测系统资源已释放
2026-07-31 10:44:45 [INFO] CUDA 初始化成功
2026-07-31 10:44:45 [INFO] 引擎加载成功: dangerous.engine
2026-07-31 10:44:45 [INFO] 检测系统初始化成功
2026-07-31 10:44:45 [INFO] 图像预处理完成，原始尺寸: (2160, 3840)
2026-07-31 10:44:45 [INFO] 开始执行目标检测...
2026-07-31 10:44:45 [INFO] 检测完成，找到 3 个物体
2026-07-31 10:44:45 [INFO] 物体 1: GasCyl1 (置信度: 0.71)
2026-07-31 10:44:45 [INFO] 物体 2: FireExt1 (置信度: 0.46)
2026-07-31 10:44:45 [INFO] 物体 3: FireExt1 (置信度: 0.43)
2026-07-31 10:44:45 [INFO] 检测到车兜区域，将过滤区域外的目标
2026-07-31 10:44:45 [INFO] 准备保存检测结果到: C:\code\show\Scrap_Steel_In_Field\photos\dangerous_det\detection_20260731_104445.jpg
2026-07-31 10:44:45 [INFO] 图像形状: (2160, 3840, 3)
2026-07-31 10:44:45 [INFO] 图像数据类型: uint8
2026-07-31 10:44:45 [INFO] 图像最大值: 255
2026-07-31 10:44:45 [INFO] 图像最小值: 0
2026-07-31 10:44:45 [INFO] 开始保存检测结果图像: 图像尺寸=(2160, 3840, 3), 类型=uint8, 路径=C:\code\show\Scrap_Steel_In_Field\photos\dangerous_det\detection_20260731_104445.jpg
2026-07-31 10:44:45 [INFO] 成功保存检测结果到: C:\code\show\Scrap_Steel_In_Field\photos\dangerous_det\detection_20260731_104445.jpg
2026-07-31 10:44:45 [INFO] 保存的检测结果文件大小: 2104701 字节
2026-07-31 10:44:45 [INFO] 引擎上下文已释放
2026-07-31 10:44:45 [INFO] TensorRT 引擎已释放
2026-07-31 10:44:45 [INFO] 全局 CUDA 资源已释放
2026-07-31 10:44:45 [INFO] 检测系统资源已释放
2026-07-31 10:44:50 [INFO] CUDA 初始化成功
2026-07-31 10:44:50 [INFO] 引擎加载成功: dangerous.engine
2026-07-31 10:44:50 [INFO] 检测系统初始化成功
2026-07-31 10:44:50 [INFO] 图像预处理完成，原始尺寸: (2160, 3840)
2026-07-31 10:44:50 [INFO] 开始执行目标检测...
2026-07-31 10:44:50 [INFO] 检测完成，找到 3 个物体
2026-07-31 10:44:50 [INFO] 物体 1: GasCyl1 (置信度: 0.68)
2026-07-31 10:44:50 [INFO] 物体 2: FireExt1 (置信度: 0.47)
2026-07-31 10:44:50 [INFO] 物体 3: FireExt1 (置信度: 0.44)
2026-07-31 10:44:50 [INFO] 检测到车兜区域，将过滤区域外的目标
2026-07-31 10:44:50 [INFO] 准备保存检测结果到: C:\code\show\Scrap_Steel_In_Field\photos\dangerous_det\detection_20260731_104450.jpg
2026-07-31 10:44:50 [INFO] 图像形状: (2160, 3840, 3)
2026-07-31 10:44:50 [INFO] 图像数据类型: uint8
2026-07-31 10:44:50 [INFO] 图像最大值: 255
2026-07-31 10:44:50 [INFO] 图像最小值: 0
2026-07-31 10:44:50 [INFO] 开始保存检测结果图像: 图像尺寸=(2160, 3840, 3), 类型=uint8, 路径=C:\code\show\Scrap_Steel_In_Field\photos\dangerous_det\detection_20260731_104450.jpg
2026-07-31 10:44:50 [INFO] 成功保存检测结果到: C:\code\show\Scrap_Steel_In_Field\photos\dangerous_det\detection_20260731_104450.jpg
2026-07-31 10:44:50 [INFO] 保存的检测结果文件大小: 2106148 字节
2026-07-31 10:44:50 [INFO] 引擎上下文已释放
2026-07-31 10:44:50 [INFO] TensorRT 引擎已释放
2026-07-31 10:44:50 [INFO] 全局 CUDA 资源已释放
2026-07-31 10:44:50 [INFO] 检测系统资源已释放
2026-07-31 10:44:55 [INFO] CUDA 初始化成功
2026-07-31 10:44:55 [INFO] 引擎加载成功: dangerous.engine
2026-07-31 10:44:55 [INFO] 检测系统初始化成功
2026-07-31 10:44:55 [INFO] 图像预处理完成，原始尺寸: (2160, 3840)
2026-07-31 10:44:55 [INFO] 开始执行目标检测...
2026-07-31 10:44:55 [INFO] 检测完成，找到 3 个物体
2026-07-31 10:44:55 [INFO] 物体 1: GasCyl1 (置信度: 0.61)
2026-07-31 10:44:55 [INFO] 物体 2: FireExt1 (置信度: 0.45)
2026-07-31 10:44:55 [INFO] 物体 3: FireExt1 (置信度: 0.41)
2026-07-31 10:44:55 [INFO] 检测到车兜区域，将过滤区域外的目标
2026-07-31 10:44:55 [INFO] 准备保存检测结果到: C:\code\show\Scrap_Steel_In_Field\photos\dangerous_det\detection_20260731_104455.jpg
2026-07-31 10:44:55 [INFO] 图像形状: (2160, 3840, 3)
2026-07-31 10:44:55 [INFO] 图像数据类型: uint8
2026-07-31 10:44:55 [INFO] 图像最大值: 255
2026-07-31 10:44:55 [INFO] 图像最小值: 0
2026-07-31 10:44:55 [INFO] 开始保存检测结果图像: 图像尺寸=(2160, 3840, 3), 类型=uint8, 路径=C:\code\show\Scrap_Steel_In_Field\photos\dangerous_det\detection_20260731_104455.jpg
2026-07-31 10:44:56 [INFO] 成功保存检测结果到: C:\code\show\Scrap_Steel_In_Field\photos\dangerous_det\detection_20260731_104455.jpg
2026-07-31 10:44:56 [INFO] 保存的检测结果文件大小: 2106748 字节
2026-07-31 10:44:56 [INFO] 引擎上下文已释放
2026-07-31 10:44:56 [INFO] TensorRT 引擎已释放
2026-07-31 10:44:56 [INFO] 全局 CUDA 资源已释放
2026-07-31 10:44:56 [INFO] 检测系统资源已释放
2026-07-31 10:45:01 [INFO] CUDA 初始化成功
2026-07-31 10:45:01 [INFO] 引擎加载成功: dangerous.engine
2026-07-31 10:45:01 [INFO] 检测系统初始化成功
2026-07-31 10:45:01 [INFO] 图像预处理完成，原始尺寸: (2160, 3840)
2026-07-31 10:45:01 [INFO] 开始执行目标检测...
2026-07-31 10:45:01 [INFO] 检测完成，找到 3 个物体
2026-07-31 10:45:01 [INFO] 物体 1: GasCyl1 (置信度: 0.70)
2026-07-31 10:45:01 [INFO] 物体 2: FireExt1 (置信度: 0.45)
2026-07-31 10:45:01 [INFO] 物体 3: FireExt1 (置信度: 0.42)
2026-07-31 10:45:01 [INFO] 检测到车兜区域，将过滤区域外的目标
2026-07-31 10:45:01 [INFO] 准备保存检测结果到: C:\code\show\Scrap_Steel_In_Field\photos\dangerous_det\detection_20260731_104501.jpg
2026-07-31 10:45:01 [INFO] 图像形状: (2160, 3840, 3)
2026-07-31 10:45:01 [INFO] 图像数据类型: uint8
2026-07-31 10:45:01 [INFO] 图像最大值: 255
2026-07-31 10:45:01 [INFO] 图像最小值: 0
2026-07-31 10:45:01 [INFO] 开始保存检测结果图像: 图像尺寸=(2160, 3840, 3), 类型=uint8, 路径=C:\code\show\Scrap_Steel_In_Field\photos\dangerous_det\detection_20260731_104501.jpg
2026-07-31 10:45:01 [INFO] 成功保存检测结果到: C:\code\show\Scrap_Steel_In_Field\photos\dangerous_det\detection_20260731_104501.jpg
2026-07-31 10:45:01 [INFO] 保存的检测结果文件大小: 2110897 字节
2026-07-31 10:45:01 [INFO] 引擎上下文已释放
2026-07-31 10:45:01 [INFO] TensorRT 引擎已释放
2026-07-31 10:45:01 [INFO] 全局 CUDA 资源已释放
2026-07-31 10:45:01 [INFO] 检测系统资源已释放
2026-07-31 10:45:06 [INFO] CUDA 初始化成功
2026-07-31 10:45:06 [INFO] 引擎加载成功: dangerous.engine
2026-07-31 10:45:06 [INFO] 检测系统初始化成功
2026-07-31 10:45:06 [INFO] 图像预处理完成，原始尺寸: (2160, 3840)
2026-07-31 10:45:06 [INFO] 开始执行目标检测...
2026-07-31 10:45:06 [INFO] 检测完成，找到 3 个物体
2026-07-31 10:45:06 [INFO] 物体 1: GasCyl1 (置信度: 0.65)
2026-07-31 10:45:06 [INFO] 物体 2: FireExt1 (置信度: 0.45)
2026-07-31 10:45:06 [INFO] 物体 3: FireExt1 (置信度: 0.40)
2026-07-31 10:45:06 [INFO] 检测到车兜区域，将过滤区域外的目标
2026-07-31 10:45:06 [INFO] 准备保存检测结果到: C:\code\show\Scrap_Steel_In_Field\photos\dangerous_det\detection_20260731_104506.jpg
2026-07-31 10:45:06 [INFO] 图像形状: (2160, 3840, 3)
2026-07-31 10:45:06 [INFO] 图像数据类型: uint8
2026-07-31 10:45:06 [INFO] 图像最大值: 255
2026-07-31 10:45:06 [INFO] 图像最小值: 0
2026-07-31 10:45:06 [INFO] 开始保存检测结果图像: 图像尺寸=(2160, 3840, 3), 类型=uint8, 路径=C:\code\show\Scrap_Steel_In_Field\photos\dangerous_det\detection_20260731_104506.jpg
2026-07-31 10:45:06 [INFO] 成功保存检测结果到: C:\code\show\Scrap_Steel_In_Field\photos\dangerous_det\detection_20260731_104506.jpg
2026-07-31 10:45:06 [INFO] 保存的检测结果文件大小: 2111143 字节
2026-07-31 10:45:06 [INFO] 引擎上下文已释放
2026-07-31 10:45:06 [INFO] TensorRT 引擎已释放
2026-07-31 10:45:06 [INFO] 全局 CUDA 资源已释放
2026-07-31 10:45:06 [INFO] 检测系统资源已释放
2026-07-31 10:45:12 [INFO] CUDA 初始化成功
2026-07-31 10:45:12 [INFO] 引擎加载成功: dangerous.engine
2026-07-31 10:45:12 [INFO] 检测系统初始化成功
2026-07-31 10:45:12 [INFO] 图像预处理完成，原始尺寸: (2160, 3840)
2026-07-31 10:45:12 [INFO] 开始执行目标检测...
2026-07-31 10:45:12 [INFO] 检测完成，找到 3 个物体
2026-07-31 10:45:12 [INFO] 物体 1: GasCyl1 (置信度: 0.67)
2026-07-31 10:45:12 [INFO] 物体 2: FireExt1 (置信度: 0.47)
2026-07-31 10:45:12 [INFO] 物体 3: FireExt1 (置信度: 0.42)
2026-07-31 10:45:12 [INFO] 检测到车兜区域，将过滤区域外的目标
2026-07-31 10:45:12 [INFO] 准备保存检测结果到: C:\code\show\Scrap_Steel_In_Field\photos\dangerous_det\detection_20260731_104512.jpg
2026-07-31 10:45:12 [INFO] 图像形状: (2160, 3840, 3)
2026-07-31 10:45:12 [INFO] 图像数据类型: uint8
2026-07-31 10:45:12 [INFO] 图像最大值: 255
2026-07-31 10:45:12 [INFO] 图像最小值: 0
2026-07-31 10:45:12 [INFO] 开始保存检测结果图像: 图像尺寸=(2160, 3840, 3), 类型=uint8, 路径=C:\code\show\Scrap_Steel_In_Field\photos\dangerous_det\detection_20260731_104512.jpg
2026-07-31 10:45:12 [INFO] 成功保存检测结果到: C:\code\show\Scrap_Steel_In_Field\photos\dangerous_det\detection_20260731_104512.jpg
2026-07-31 10:45:12 [INFO] 保存的检测结果文件大小: 2113937 字节
2026-07-31 10:45:12 [INFO] 引擎上下文已释放
2026-07-31 10:45:12 [INFO] TensorRT 引擎已释放
2026-07-31 10:45:12 [INFO] 全局 CUDA 资源已释放
2026-07-31 10:45:12 [INFO] 检测系统资源已释放
2026-07-31 10:45:16 [INFO] CUDA 初始化成功
2026-07-31 10:45:16 [INFO] 引擎加载成功: dangerous.engine
2026-07-31 10:45:16 [INFO] 检测系统初始化成功
2026-07-31 10:45:16 [INFO] 图像预处理完成，原始尺寸: (2160, 3840)
2026-07-31 10:45:16 [INFO] 开始执行目标检测...
2026-07-31 10:45:17 [INFO] 检测完成，找到 3 个物体
2026-07-31 10:45:17 [INFO] 物体 1: GasCyl1 (置信度: 0.73)
2026-07-31 10:45:17 [INFO] 物体 2: FireExt1 (置信度: 0.46)
2026-07-31 10:45:17 [INFO] 物体 3: FireExt1 (置信度: 0.43)
2026-07-31 10:45:17 [INFO] 检测到车兜区域，将过滤区域外的目标
2026-07-31 10:45:17 [INFO] 准备保存检测结果到: C:\code\show\Scrap_Steel_In_Field\photos\dangerous_det\detection_20260731_104517.jpg
2026-07-31 10:45:17 [INFO] 图像形状: (2160, 3840, 3)
2026-07-31 10:45:17 [INFO] 图像数据类型: uint8
2026-07-31 10:45:17 [INFO] 图像最大值: 255
2026-07-31 10:45:17 [INFO] 图像最小值: 0
2026-07-31 10:45:17 [INFO] 开始保存检测结果图像: 图像尺寸=(2160, 3840, 3), 类型=uint8, 路径=C:\code\show\Scrap_Steel_In_Field\photos\dangerous_det\detection_20260731_104517.jpg
2026-07-31 10:45:17 [INFO] 成功保存检测结果到: C:\code\show\Scrap_Steel_In_Field\photos\dangerous_det\detection_20260731_104517.jpg
2026-07-31 10:45:17 [INFO] 保存的检测结果文件大小: 2113933 字节
2026-07-31 10:45:17 [INFO] 引擎上下文已释放
2026-07-31 10:45:17 [INFO] TensorRT 引擎已释放
2026-07-31 10:45:17 [INFO] 全局 CUDA 资源已释放
2026-07-31 10:45:17 [INFO] 检测系统资源已释放
2026-07-31 10:45:22 [INFO] CUDA 初始化成功
2026-07-31 10:45:22 [INFO] 引擎加载成功: dangerous.engine
2026-07-31 10:45:22 [INFO] 检测系统初始化成功
2026-07-31 10:45:22 [INFO] 图像预处理完成，原始尺寸: (2160, 3840)
2026-07-31 10:45:22 [INFO] 开始执行目标检测...
2026-07-31 10:45:22 [INFO] 检测完成，找到 3 个物体
2026-07-31 10:45:22 [INFO] 物体 1: GasCyl1 (置信度: 0.67)
2026-07-31 10:45:22 [INFO] 物体 2: FireExt1 (置信度: 0.46)
2026-07-31 10:45:22 [INFO] 物体 3: FireExt1 (置信度: 0.44)
2026-07-31 10:45:22 [INFO] 检测到车兜区域，将过滤区域外的目标
2026-07-31 10:45:22 [INFO] 准备保存检测结果到: C:\code\show\Scrap_Steel_In_Field\photos\dangerous_det\detection_20260731_104522.jpg
2026-07-31 10:45:22 [INFO] 图像形状: (2160, 3840, 3)
2026-07-31 10:45:22 [INFO] 图像数据类型: uint8
2026-07-31 10:45:22 [INFO] 图像最大值: 255
2026-07-31 10:45:22 [INFO] 图像最小值: 0
2026-07-31 10:45:22 [INFO] 开始保存检测结果图像: 图像尺寸=(2160, 3840, 3), 类型=uint8, 路径=C:\code\show\Scrap_Steel_In_Field\photos\dangerous_det\detection_20260731_104522.jpg
2026-07-31 10:45:22 [INFO] 成功保存检测结果到: C:\code\show\Scrap_Steel_In_Field\photos\dangerous_det\detection_20260731_104522.jpg
2026-07-31 10:45:22 [INFO] 保存的检测结果文件大小: 2112946 字节
2026-07-31 10:45:22 [INFO] 引擎上下文已释放
2026-07-31 10:45:22 [INFO] TensorRT 引擎已释放
2026-07-31 10:45:22 [INFO] 全局 CUDA 资源已释放
2026-07-31 10:45:22 [INFO] 检测系统资源已释放
2026-07-31 10:45:27 [INFO] CUDA 初始化成功
2026-07-31 10:45:27 [INFO] 引擎加载成功: dangerous.engine
2026-07-31 10:45:27 [INFO] 检测系统初始化成功
2026-07-31 10:45:27 [INFO] 图像预处理完成，原始尺寸: (2160, 3840)
2026-07-31 10:45:27 [INFO] 开始执行目标检测...
2026-07-31 10:45:27 [INFO] 检测完成，找到 3 个物体
2026-07-31 10:45:27 [INFO] 物体 1: GasCyl1 (置信度: 0.65)
2026-07-31 10:45:27 [INFO] 物体 2: FireExt1 (置信度: 0.45)
2026-07-31 10:45:27 [INFO] 物体 3: FireExt1 (置信度: 0.39)
2026-07-31 10:45:27 [INFO] 检测到车兜区域，将过滤区域外的目标
2026-07-31 10:45:27 [INFO] 准备保存检测结果到: C:\code\show\Scrap_Steel_In_Field\photos\dangerous_det\detection_20260731_104527.jpg
2026-07-31 10:45:27 [INFO] 图像形状: (2160, 3840, 3)
2026-07-31 10:45:27 [INFO] 图像数据类型: uint8
2026-07-31 10:45:27 [INFO] 图像最大值: 255
2026-07-31 10:45:27 [INFO] 图像最小值: 0
2026-07-31 10:45:27 [INFO] 开始保存检测结果图像: 图像尺寸=(2160, 3840, 3), 类型=uint8, 路径=C:\code\show\Scrap_Steel_In_Field\photos\dangerous_det\detection_20260731_104527.jpg
2026-07-31 10:45:27 [INFO] 成功保存检测结果到: C:\code\show\Scrap_Steel_In_Field\photos\dangerous_det\detection_20260731_104527.jpg
2026-07-31 10:45:27 [INFO] 保存的检测结果文件大小: 2122039 字节
2026-07-31 10:45:27 [INFO] 引擎上下文已释放
2026-07-31 10:45:27 [INFO] TensorRT 引擎已释放
2026-07-31 10:45:27 [INFO] 全局 CUDA 资源已释放
2026-07-31 10:45:27 [INFO] 检测系统资源已释放
2026-07-31 10:45:32 [INFO] CUDA 初始化成功
2026-07-31 10:45:32 [INFO] 引擎加载成功: dangerous.engine
2026-07-31 10:45:32 [INFO] 检测系统初始化成功
2026-07-31 10:45:32 [INFO] 图像预处理完成，原始尺寸: (2160, 3840)
2026-07-31 10:45:32 [INFO] 开始执行目标检测...
2026-07-31 10:45:33 [INFO] 检测完成，找到 3 个物体
2026-07-31 10:45:33 [INFO] 物体 1: GasCyl1 (置信度: 0.61)
2026-07-31 10:45:33 [INFO] 物体 2: FireExt1 (置信度: 0.46)
2026-07-31 10:45:33 [INFO] 物体 3: FireExt1 (置信度: 0.44)
2026-07-31 10:45:33 [INFO] 检测到车兜区域，将过滤区域外的目标
2026-07-31 10:45:33 [INFO] 准备保存检测结果到: C:\code\show\Scrap_Steel_In_Field\photos\dangerous_det\detection_20260731_104533.jpg
2026-07-31 10:45:33 [INFO] 图像形状: (2160, 3840, 3)
2026-07-31 10:45:33 [INFO] 图像数据类型: uint8
2026-07-31 10:45:33 [INFO] 图像最大值: 255
2026-07-31 10:45:33 [INFO] 图像最小值: 0
2026-07-31 10:45:33 [INFO] 开始保存检测结果图像: 图像尺寸=(2160, 3840, 3), 类型=uint8, 路径=C:\code\show\Scrap_Steel_In_Field\photos\dangerous_det\detection_20260731_104533.jpg
2026-07-31 10:45:33 [INFO] 成功保存检测结果到: C:\code\show\Scrap_Steel_In_Field\photos\dangerous_det\detection_20260731_104533.jpg
2026-07-31 10:45:33 [INFO] 保存的检测结果文件大小: 2120048 字节
2026-07-31 10:45:33 [INFO] 引擎上下文已释放
2026-07-31 10:45:33 [INFO] TensorRT 引擎已释放
2026-07-31 10:45:33 [INFO] 全局 CUDA 资源已释放
2026-07-31 10:45:33 [INFO] 检测系统资源已释放
2026-07-31 10:45:38 [INFO] CUDA 初始化成功
2026-07-31 10:45:38 [INFO] 引擎加载成功: dangerous.engine
2026-07-31 10:45:38 [INFO] 检测系统初始化成功
2026-07-31 10:45:38 [INFO] 图像预处理完成，原始尺寸: (2160, 3840)
2026-07-31 10:45:38 [INFO] 开始执行目标检测...
2026-07-31 10:45:38 [INFO] 检测完成，找到 3 个物体
2026-07-31 10:45:38 [INFO] 物体 1: GasCyl1 (置信度: 0.71)
2026-07-31 10:45:38 [INFO] 物体 2: FireExt1 (置信度: 0.45)
2026-07-31 10:45:38 [INFO] 物体 3: FireExt1 (置信度: 0.44)
2026-07-31 10:45:38 [INFO] 检测到车兜区域，将过滤区域外的目标
2026-07-31 10:45:38 [INFO] 准备保存检测结果到: C:\code\show\Scrap_Steel_In_Field\photos\dangerous_det\detection_20260731_104538.jpg
2026-07-31 10:45:38 [INFO] 图像形状: (2160, 3840, 3)
2026-07-31 10:45:38 [INFO] 图像数据类型: uint8
2026-07-31 10:45:38 [INFO] 图像最大值: 255
2026-07-31 10:45:38 [INFO] 图像最小值: 0
2026-07-31 10:45:38 [INFO] 开始保存检测结果图像: 图像尺寸=(2160, 3840, 3), 类型=uint8, 路径=C:\code\show\Scrap_Steel_In_Field\photos\dangerous_det\detection_20260731_104538.jpg
2026-07-31 10:45:38 [INFO] 成功保存检测结果到: C:\code\show\Scrap_Steel_In_Field\photos\dangerous_det\detection_20260731_104538.jpg
2026-07-31 10:45:38 [INFO] 保存的检测结果文件大小: 2119007 字节
2026-07-31 10:45:38 [INFO] 引擎上下文已释放
2026-07-31 10:45:38 [INFO] TensorRT 引擎已释放
2026-07-31 10:45:38 [INFO] 全局 CUDA 资源已释放
2026-07-31 10:45:38 [INFO] 检测系统资源已释放
2026-07-31 10:45:43 [INFO] CUDA 初始化成功
2026-07-31 10:45:43 [INFO] 引擎加载成功: dangerous.engine
2026-07-31 10:45:43 [INFO] 检测系统初始化成功
2026-07-31 10:45:43 [INFO] 图像预处理完成，原始尺寸: (2160, 3840)
2026-07-31 10:45:43 [INFO] 开始执行目标检测...
2026-07-31 10:45:43 [INFO] 检测完成，找到 3 个物体
2026-07-31 10:45:43 [INFO] 物体 1: GasCyl1 (置信度: 0.64)
2026-07-31 10:45:43 [INFO] 物体 2: FireExt1 (置信度: 0.45)
2026-07-31 10:45:43 [INFO] 物体 3: FireExt1 (置信度: 0.43)
2026-07-31 10:45:43 [INFO] 检测到车兜区域，将过滤区域外的目标
2026-07-31 10:45:43 [INFO] 准备保存检测结果到: C:\code\show\Scrap_Steel_In_Field\photos\dangerous_det\detection_20260731_104543.jpg
2026-07-31 10:45:43 [INFO] 图像形状: (2160, 3840, 3)
2026-07-31 10:45:43 [INFO] 图像数据类型: uint8
2026-07-31 10:45:43 [INFO] 图像最大值: 255
2026-07-31 10:45:43 [INFO] 图像最小值: 0
2026-07-31 10:45:43 [INFO] 开始保存检测结果图像: 图像尺寸=(2160, 3840, 3), 类型=uint8, 路径=C:\code\show\Scrap_Steel_In_Field\photos\dangerous_det\detection_20260731_104543.jpg
2026-07-31 10:45:44 [INFO] 成功保存检测结果到: C:\code\show\Scrap_Steel_In_Field\photos\dangerous_det\detection_20260731_104543.jpg
2026-07-31 10:45:44 [INFO] 保存的检测结果文件大小: 2123271 字节
2026-07-31 10:45:44 [INFO] 引擎上下文已释放
2026-07-31 10:45:44 [INFO] TensorRT 引擎已释放
2026-07-31 10:45:44 [INFO] 全局 CUDA 资源已释放
2026-07-31 10:45:44 [INFO] 检测系统资源已释放
2026-07-31 10:45:48 [INFO] CUDA 初始化成功
2026-07-31 10:45:49 [INFO] 引擎加载成功: dangerous.engine
2026-07-31 10:45:49 [INFO] 检测系统初始化成功
2026-07-31 10:45:49 [INFO] 图像预处理完成，原始尺寸: (2160, 3840)
2026-07-31 10:45:49 [INFO] 开始执行目标检测...
2026-07-31 10:45:49 [INFO] 检测完成，找到 3 个物体
2026-07-31 10:45:49 [INFO] 物体 1: GasCyl1 (置信度: 0.66)
2026-07-31 10:45:49 [INFO] 物体 2: FireExt1 (置信度: 0.45)
2026-07-31 10:45:49 [INFO] 物体 3: FireExt1 (置信度: 0.45)
2026-07-31 10:45:49 [INFO] 检测到车兜区域，将过滤区域外的目标
2026-07-31 10:45:49 [INFO] 准备保存检测结果到: C:\code\show\Scrap_Steel_In_Field\photos\dangerous_det\detection_20260731_104549.jpg
2026-07-31 10:45:49 [INFO] 图像形状: (2160, 3840, 3)
2026-07-31 10:45:49 [INFO] 图像数据类型: uint8
2026-07-31 10:45:49 [INFO] 图像最大值: 255
2026-07-31 10:45:49 [INFO] 图像最小值: 0
2026-07-31 10:45:49 [INFO] 开始保存检测结果图像: 图像尺寸=(2160, 3840, 3), 类型=uint8, 路径=C:\code\show\Scrap_Steel_In_Field\photos\dangerous_det\detection_20260731_104549.jpg
2026-07-31 10:45:49 [INFO] 成功保存检测结果到: C:\code\show\Scrap_Steel_In_Field\photos\dangerous_det\detection_20260731_104549.jpg
2026-07-31 10:45:49 [INFO] 保存的检测结果文件大小: 2129570 字节
2026-07-31 10:45:49 [INFO] 引擎上下文已释放
2026-07-31 10:45:49 [INFO] TensorRT 引擎已释放
2026-07-31 10:45:49 [INFO] 全局 CUDA 资源已释放
2026-07-31 10:45:49 [INFO] 检测系统资源已释放
2026-07-31 10:45:54 [INFO] CUDA 初始化成功
2026-07-31 10:45:54 [INFO] 引擎加载成功: dangerous.engine
2026-07-31 10:45:54 [INFO] 检测系统初始化成功
2026-07-31 10:45:54 [INFO] 图像预处理完成，原始尺寸: (2160, 3840)
2026-07-31 10:45:54 [INFO] 开始执行目标检测...
2026-07-31 10:45:54 [INFO] 检测完成，找到 3 个物体
2026-07-31 10:45:54 [INFO] 物体 1: GasCyl1 (置信度: 0.66)
2026-07-31 10:45:54 [INFO] 物体 2: FireExt1 (置信度: 0.46)
2026-07-31 10:45:54 [INFO] 物体 3: FireExt1 (置信度: 0.45)
2026-07-31 10:45:54 [INFO] 检测到车兜区域，将过滤区域外的目标
2026-07-31 10:45:54 [INFO] 准备保存检测结果到: C:\code\show\Scrap_Steel_In_Field\photos\dangerous_det\detection_20260731_104554.jpg
2026-07-31 10:45:54 [INFO] 图像形状: (2160, 3840, 3)
2026-07-31 10:45:54 [INFO] 图像数据类型: uint8
2026-07-31 10:45:54 [INFO] 图像最大值: 255
2026-07-31 10:45:54 [INFO] 图像最小值: 0
2026-07-31 10:45:54 [INFO] 开始保存检测结果图像: 图像尺寸=(2160, 3840, 3), 类型=uint8, 路径=C:\code\show\Scrap_Steel_In_Field\photos\dangerous_det\detection_20260731_104554.jpg
2026-07-31 10:45:54 [INFO] 成功保存检测结果到: C:\code\show\Scrap_Steel_In_Field\photos\dangerous_det\detection_20260731_104554.jpg
2026-07-31 10:45:54 [INFO] 保存的检测结果文件大小: 2124593 字节
2026-07-31 10:45:54 [INFO] 引擎上下文已释放
2026-07-31 10:45:54 [INFO] TensorRT 引擎已释放
2026-07-31 10:45:54 [INFO] 全局 CUDA 资源已释放
2026-07-31 10:45:54 [INFO] 检测系统资源已释放
2026-07-31 10:45:59 [INFO] CUDA 初始化成功
2026-07-31 10:45:59 [INFO] 引擎加载成功: dangerous.engine
2026-07-31 10:45:59 [INFO] 检测系统初始化成功
2026-07-31 10:45:59 [INFO] 图像预处理完成，原始尺寸: (2160, 3840)
2026-07-31 10:45:59 [INFO] 开始执行目标检测...
2026-07-31 10:46:00 [INFO] 检测完成，找到 3 个物体
2026-07-31 10:46:00 [INFO] 物体 1: GasCyl1 (置信度: 0.66)
2026-07-31 10:46:00 [INFO] 物体 2: FireExt1 (置信度: 0.44)
2026-07-31 10:46:00 [INFO] 物体 3: FireExt1 (置信度: 0.44)
2026-07-31 10:46:00 [INFO] 检测到车兜区域，将过滤区域外的目标
2026-07-31 10:46:00 [INFO] 准备保存检测结果到: C:\code\show\Scrap_Steel_In_Field\photos\dangerous_det\detection_20260731_104600.jpg
2026-07-31 10:46:00 [INFO] 图像形状: (2160, 3840, 3)
2026-07-31 10:46:00 [INFO] 图像数据类型: uint8
2026-07-31 10:46:00 [INFO] 图像最大值: 255
2026-07-31 10:46:00 [INFO] 图像最小值: 0
2026-07-31 10:46:00 [INFO] 开始保存检测结果图像: 图像尺寸=(2160, 3840, 3), 类型=uint8, 路径=C:\code\show\Scrap_Steel_In_Field\photos\dangerous_det\detection_20260731_104600.jpg
2026-07-31 10:46:00 [INFO] 成功保存检测结果到: C:\code\show\Scrap_Steel_In_Field\photos\dangerous_det\detection_20260731_104600.jpg
2026-07-31 10:46:00 [INFO] 保存的检测结果文件大小: 2125751 字节
2026-07-31 10:46:00 [INFO] 引擎上下文已释放
2026-07-31 10:46:00 [INFO] TensorRT 引擎已释放
2026-07-31 10:46:00 [INFO] 全局 CUDA 资源已释放
2026-07-31 10:46:00 [INFO] 检测系统资源已释放
2026-07-31 10:46:05 [INFO] CUDA 初始化成功
2026-07-31 10:46:05 [INFO] 引擎加载成功: dangerous.engine
2026-07-31 10:46:05 [INFO] 检测系统初始化成功
2026-07-31 10:46:05 [INFO] 图像预处理完成，原始尺寸: (2160, 3840)
2026-07-31 10:46:05 [INFO] 开始执行目标检测...
2026-07-31 10:46:05 [INFO] 检测完成，找到 3 个物体
2026-07-31 10:46:05 [INFO] 物体 1: GasCyl1 (置信度: 0.60)
2026-07-31 10:46:05 [INFO] 物体 2: FireExt1 (置信度: 0.45)
2026-07-31 10:46:05 [INFO] 物体 3: FireExt1 (置信度: 0.42)
2026-07-31 10:46:05 [INFO] 检测到车兜区域，将过滤区域外的目标
2026-07-31 10:46:05 [INFO] 准备保存检测结果到: C:\code\show\Scrap_Steel_In_Field\photos\dangerous_det\detection_20260731_104605.jpg
2026-07-31 10:46:05 [INFO] 图像形状: (2160, 3840, 3)
2026-07-31 10:46:05 [INFO] 图像数据类型: uint8
2026-07-31 10:46:05 [INFO] 图像最大值: 255
2026-07-31 10:46:05 [INFO] 图像最小值: 0
2026-07-31 10:46:05 [INFO] 开始保存检测结果图像: 图像尺寸=(2160, 3840, 3), 类型=uint8, 路径=C:\code\show\Scrap_Steel_In_Field\photos\dangerous_det\detection_20260731_104605.jpg
2026-07-31 10:46:05 [INFO] 成功保存检测结果到: C:\code\show\Scrap_Steel_In_Field\photos\dangerous_det\detection_20260731_104605.jpg
2026-07-31 10:46:05 [INFO] 保存的检测结果文件大小: 2135723 字节
2026-07-31 10:46:05 [INFO] 引擎上下文已释放
2026-07-31 10:46:05 [INFO] TensorRT 引擎已释放
2026-07-31 10:46:05 [INFO] 全局 CUDA 资源已释放
2026-07-31 10:46:05 [INFO] 检测系统资源已释放
2026-07-31 10:46:10 [INFO] CUDA 初始化成功
2026-07-31 10:46:10 [INFO] 引擎加载成功: dangerous.engine
2026-07-31 10:46:10 [INFO] 检测系统初始化成功
2026-07-31 10:46:10 [INFO] 图像预处理完成，原始尺寸: (2160, 3840)
2026-07-31 10:46:10 [INFO] 开始执行目标检测...
2026-07-31 10:46:10 [INFO] 检测完成，找到 3 个物体
2026-07-31 10:46:10 [INFO] 物体 1: GasCyl1 (置信度: 0.69)
2026-07-31 10:46:10 [INFO] 物体 2: FireExt1 (置信度: 0.45)
2026-07-31 10:46:10 [INFO] 物体 3: FireExt1 (置信度: 0.44)
2026-07-31 10:46:10 [INFO] 检测到车兜区域，将过滤区域外的目标
2026-07-31 10:46:10 [INFO] 准备保存检测结果到: C:\code\show\Scrap_Steel_In_Field\photos\dangerous_det\detection_20260731_104610.jpg
2026-07-31 10:46:10 [INFO] 图像形状: (2160, 3840, 3)
2026-07-31 10:46:10 [INFO] 图像数据类型: uint8
2026-07-31 10:46:10 [INFO] 图像最大值: 255
2026-07-31 10:46:10 [INFO] 图像最小值: 0
2026-07-31 10:46:10 [INFO] 开始保存检测结果图像: 图像尺寸=(2160, 3840, 3), 类型=uint8, 路径=C:\code\show\Scrap_Steel_In_Field\photos\dangerous_det\detection_20260731_104610.jpg
2026-07-31 10:46:10 [INFO] 成功保存检测结果到: C:\code\show\Scrap_Steel_In_Field\photos\dangerous_det\detection_20260731_104610.jpg
2026-07-31 10:46:10 [INFO] 保存的检测结果文件大小: 2129043 字节
2026-07-31 10:46:10 [INFO] 引擎上下文已释放
2026-07-31 10:46:10 [INFO] TensorRT 引擎已释放
2026-07-31 10:46:10 [INFO] 全局 CUDA 资源已释放
2026-07-31 10:46:10 [INFO] 检测系统资源已释放
2026-07-31 10:46:15 [INFO] CUDA 初始化成功
2026-07-31 10:46:16 [INFO] 引擎加载成功: dangerous.engine
2026-07-31 10:46:16 [INFO] 检测系统初始化成功
2026-07-31 10:46:16 [INFO] 图像预处理完成，原始尺寸: (2160, 3840)
2026-07-31 10:46:16 [INFO] 开始执行目标检测...
2026-07-31 10:46:16 [INFO] 检测完成，找到 3 个物体
2026-07-31 10:46:16 [INFO] 物体 1: GasCyl1 (置信度: 0.64)
2026-07-31 10:46:16 [INFO] 物体 2: FireExt1 (置信度: 0.44)
2026-07-31 10:46:16 [INFO] 物体 3: FireExt1 (置信度: 0.43)
2026-07-31 10:46:16 [INFO] 检测到车兜区域，将过滤区域外的目标
2026-07-31 10:46:16 [INFO] 准备保存检测结果到: C:\code\show\Scrap_Steel_In_Field\photos\dangerous_det\detection_20260731_104616.jpg
2026-07-31 10:46:16 [INFO] 图像形状: (2160, 3840, 3)
2026-07-31 10:46:16 [INFO] 图像数据类型: uint8
2026-07-31 10:46:16 [INFO] 图像最大值: 255
2026-07-31 10:46:16 [INFO] 图像最小值: 0
2026-07-31 10:46:16 [INFO] 开始保存检测结果图像: 图像尺寸=(2160, 3840, 3), 类型=uint8, 路径=C:\code\show\Scrap_Steel_In_Field\photos\dangerous_det\detection_20260731_104616.jpg
2026-07-31 10:46:16 [INFO] 成功保存检测结果到: C:\code\show\Scrap_Steel_In_Field\photos\dangerous_det\detection_20260731_104616.jpg
2026-07-31 10:46:16 [INFO] 保存的检测结果文件大小: 2134825 字节
2026-07-31 10:46:16 [INFO] 引擎上下文已释放
2026-07-31 10:46:16 [INFO] TensorRT 引擎已释放
2026-07-31 10:46:16 [INFO] 全局 CUDA 资源已释放
2026-07-31 10:46:16 [INFO] 检测系统资源已释放
2026-07-31 10:46:21 [INFO] CUDA 初始化成功
2026-07-31 10:46:21 [INFO] 引擎加载成功: dangerous.engine
2026-07-31 10:46:21 [INFO] 检测系统初始化成功
2026-07-31 10:46:21 [INFO] 图像预处理完成，原始尺寸: (2160, 3840)
2026-07-31 10:46:21 [INFO] 开始执行目标检测...
2026-07-31 10:46:21 [INFO] 检测完成，找到 3 个物体
2026-07-31 10:46:21 [INFO] 物体 1: GasCyl1 (置信度: 0.66)
2026-07-31 10:46:21 [INFO] 物体 2: FireExt1 (置信度: 0.44)
2026-07-31 10:46:21 [INFO] 物体 3: FireExt1 (置信度: 0.39)
2026-07-31 10:46:21 [INFO] 检测到车兜区域，将过滤区域外的目标
2026-07-31 10:46:21 [INFO] 准备保存检测结果到: C:\code\show\Scrap_Steel_In_Field\photos\dangerous_det\detection_20260731_104621.jpg
2026-07-31 10:46:21 [INFO] 图像形状: (2160, 3840, 3)
2026-07-31 10:46:21 [INFO] 图像数据类型: uint8
2026-07-31 10:46:21 [INFO] 图像最大值: 255
2026-07-31 10:46:21 [INFO] 图像最小值: 0
2026-07-31 10:46:21 [INFO] 开始保存检测结果图像: 图像尺寸=(2160, 3840, 3), 类型=uint8, 路径=C:\code\show\Scrap_Steel_In_Field\photos\dangerous_det\detection_20260731_104621.jpg
2026-07-31 10:46:21 [INFO] 成功保存检测结果到: C:\code\show\Scrap_Steel_In_Field\photos\dangerous_det\detection_20260731_104621.jpg
2026-07-31 10:46:21 [INFO] 保存的检测结果文件大小: 2136641 字节
2026-07-31 10:46:21 [INFO] 引擎上下文已释放
2026-07-31 10:46:21 [INFO] TensorRT 引擎已释放
2026-07-31 10:46:21 [INFO] 全局 CUDA 资源已释放
2026-07-31 10:46:21 [INFO] 检测系统资源已释放
2026-07-31 10:46:27 [INFO] CUDA 初始化成功
2026-07-31 10:46:27 [INFO] 引擎加载成功: dangerous.engine
2026-07-31 10:46:27 [INFO] 检测系统初始化成功
2026-07-31 10:46:27 [INFO] 图像预处理完成，原始尺寸: (2160, 3840)
2026-07-31 10:46:27 [INFO] 开始执行目标检测...
2026-07-31 10:46:27 [INFO] 检测完成，找到 3 个物体
2026-07-31 10:46:27 [INFO] 物体 1: GasCyl1 (置信度: 0.72)
2026-07-31 10:46:27 [INFO] 物体 2: FireExt1 (置信度: 0.45)
2026-07-31 10:46:27 [INFO] 物体 3: FireExt1 (置信度: 0.41)
2026-07-31 10:46:27 [INFO] 检测到车兜区域，将过滤区域外的目标
2026-07-31 10:46:27 [INFO] 准备保存检测结果到: C:\code\show\Scrap_Steel_In_Field\photos\dangerous_det\detection_20260731_104627.jpg
2026-07-31 10:46:27 [INFO] 图像形状: (2160, 3840, 3)
2026-07-31 10:46:27 [INFO] 图像数据类型: uint8
2026-07-31 10:46:27 [INFO] 图像最大值: 255
2026-07-31 10:46:27 [INFO] 图像最小值: 0
2026-07-31 10:46:27 [INFO] 开始保存检测结果图像: 图像尺寸=(2160, 3840, 3), 类型=uint8, 路径=C:\code\show\Scrap_Steel_In_Field\photos\dangerous_det\detection_20260731_104627.jpg
2026-07-31 10:46:27 [INFO] 成功保存检测结果到: C:\code\show\Scrap_Steel_In_Field\photos\dangerous_det\detection_20260731_104627.jpg
2026-07-31 10:46:27 [INFO] 保存的检测结果文件大小: 2137722 字节
2026-07-31 10:46:27 [INFO] 引擎上下文已释放
2026-07-31 10:46:27 [INFO] TensorRT 引擎已释放
2026-07-31 10:46:27 [INFO] 全局 CUDA 资源已释放
2026-07-31 10:46:27 [INFO] 检测系统资源已释放
2026-07-31 10:46:31 [INFO] CUDA 初始化成功
2026-07-31 10:46:32 [INFO] 引擎加载成功: dangerous.engine
2026-07-31 10:46:32 [INFO] 检测系统初始化成功
2026-07-31 10:46:32 [INFO] 图像预处理完成，原始尺寸: (2160, 3840)
2026-07-31 10:46:32 [INFO] 开始执行目标检测...
2026-07-31 10:46:32 [INFO] 检测完成，找到 3 个物体
2026-07-31 10:46:32 [INFO] 物体 1: GasCyl1 (置信度: 0.61)
2026-07-31 10:46:32 [INFO] 物体 2: FireExt1 (置信度: 0.47)
2026-07-31 10:46:32 [INFO] 物体 3: FireExt1 (置信度: 0.44)
2026-07-31 10:46:32 [INFO] 检测到车兜区域，将过滤区域外的目标
2026-07-31 10:46:32 [INFO] 准备保存检测结果到: C:\code\show\Scrap_Steel_In_Field\photos\dangerous_det\detection_20260731_104632.jpg
2026-07-31 10:46:32 [INFO] 图像形状: (2160, 3840, 3)
2026-07-31 10:46:32 [INFO] 图像数据类型: uint8
2026-07-31 10:46:32 [INFO] 图像最大值: 255
2026-07-31 10:46:32 [INFO] 图像最小值: 0
2026-07-31 10:46:32 [INFO] 开始保存检测结果图像: 图像尺寸=(2160, 3840, 3), 类型=uint8, 路径=C:\code\show\Scrap_Steel_In_Field\photos\dangerous_det\detection_20260731_104632.jpg
2026-07-31 10:46:32 [INFO] 成功保存检测结果到: C:\code\show\Scrap_Steel_In_Field\photos\dangerous_det\detection_20260731_104632.jpg
2026-07-31 10:46:32 [INFO] 保存的检测结果文件大小: 2139457 字节
2026-07-31 10:46:32 [INFO] 引擎上下文已释放
2026-07-31 10:46:32 [INFO] TensorRT 引擎已释放
2026-07-31 10:46:32 [INFO] 全局 CUDA 资源已释放
2026-07-31 10:46:32 [INFO] 检测系统资源已释放
2026-07-31 10:46:37 [INFO] CUDA 初始化成功
2026-07-31 10:46:37 [INFO] 引擎加载成功: dangerous.engine
2026-07-31 10:46:37 [INFO] 检测系统初始化成功
2026-07-31 10:46:37 [INFO] 图像预处理完成，原始尺寸: (2160, 3840)
2026-07-31 10:46:37 [INFO] 开始执行目标检测...
2026-07-31 10:46:37 [INFO] 检测完成，找到 3 个物体
2026-07-31 10:46:37 [INFO] 物体 1: GasCyl1 (置信度: 0.67)
2026-07-31 10:46:37 [INFO] 物体 2: FireExt1 (置信度: 0.45)
2026-07-31 10:46:37 [INFO] 物体 3: FireExt1 (置信度: 0.43)
2026-07-31 10:46:37 [INFO] 检测到车兜区域，将过滤区域外的目标
2026-07-31 10:46:37 [INFO] 准备保存检测结果到: C:\code\show\Scrap_Steel_In_Field\photos\dangerous_det\detection_20260731_104637.jpg
2026-07-31 10:46:37 [INFO] 图像形状: (2160, 3840, 3)
2026-07-31 10:46:37 [INFO] 图像数据类型: uint8
2026-07-31 10:46:37 [INFO] 图像最大值: 255
2026-07-31 10:46:37 [INFO] 图像最小值: 0
2026-07-31 10:46:37 [INFO] 开始保存检测结果图像: 图像尺寸=(2160, 3840, 3), 类型=uint8, 路径=C:\code\show\Scrap_Steel_In_Field\photos\dangerous_det\detection_20260731_104637.jpg
2026-07-31 10:46:37 [INFO] 成功保存检测结果到: C:\code\show\Scrap_Steel_In_Field\photos\dangerous_det\detection_20260731_104637.jpg
2026-07-31 10:46:37 [INFO] 保存的检测结果文件大小: 2143756 字节
2026-07-31 10:46:37 [INFO] 引擎上下文已释放
2026-07-31 10:46:37 [INFO] TensorRT 引擎已释放
2026-07-31 10:46:37 [INFO] 全局 CUDA 资源已释放
2026-07-31 10:46:37 [INFO] 检测系统资源已释放
2026-07-31 10:46:42 [INFO] CUDA 初始化成功
2026-07-31 10:46:42 [INFO] 引擎加载成功: dangerous.engine
2026-07-31 10:46:42 [INFO] 检测系统初始化成功
2026-07-31 10:46:42 [INFO] 图像预处理完成，原始尺寸: (2160, 3840)
2026-07-31 10:46:42 [INFO] 开始执行目标检测...
2026-07-31 10:46:42 [INFO] 检测完成，找到 3 个物体
2026-07-31 10:46:42 [INFO] 物体 1: GasCyl1 (置信度: 0.59)
2026-07-31 10:46:42 [INFO] 物体 2: FireExt1 (置信度: 0.45)
2026-07-31 10:46:42 [INFO] 物体 3: FireExt1 (置信度: 0.41)
2026-07-31 10:46:43 [INFO] 检测到车兜区域，将过滤区域外的目标
2026-07-31 10:46:43 [INFO] 准备保存检测结果到: C:\code\show\Scrap_Steel_In_Field\photos\dangerous_det\detection_20260731_104643.jpg
2026-07-31 10:46:43 [INFO] 图像形状: (2160, 3840, 3)
2026-07-31 10:46:43 [INFO] 图像数据类型: uint8
2026-07-31 10:46:43 [INFO] 图像最大值: 255
2026-07-31 10:46:43 [INFO] 图像最小值: 0
2026-07-31 10:46:43 [INFO] 开始保存检测结果图像: 图像尺寸=(2160, 3840, 3), 类型=uint8, 路径=C:\code\show\Scrap_Steel_In_Field\photos\dangerous_det\detection_20260731_104643.jpg
2026-07-31 10:46:43 [INFO] 成功保存检测结果到: C:\code\show\Scrap_Steel_In_Field\photos\dangerous_det\detection_20260731_104643.jpg
2026-07-31 10:46:43 [INFO] 保存的检测结果文件大小: 2140353 字节
2026-07-31 10:46:43 [INFO] 引擎上下文已释放
2026-07-31 10:46:43 [INFO] TensorRT 引擎已释放
2026-07-31 10:46:43 [INFO] 全局 CUDA 资源已释放
2026-07-31 10:46:43 [INFO] 检测系统资源已释放
2026-07-31 10:46:47 [INFO] CUDA 初始化成功
2026-07-31 10:46:47 [INFO] 引擎加载成功: dangerous.engine
2026-07-31 10:46:47 [INFO] 检测系统初始化成功
2026-07-31 10:46:47 [INFO] 图像预处理完成，原始尺寸: (2160, 3840)
2026-07-31 10:46:47 [INFO] 开始执行目标检测...
2026-07-31 10:46:47 [INFO] 检测完成，找到 3 个物体
2026-07-31 10:46:47 [INFO] 物体 1: GasCyl1 (置信度: 0.62)
2026-07-31 10:46:47 [INFO] 物体 2: FireExt1 (置信度: 0.45)
2026-07-31 10:46:47 [INFO] 物体 3: FireExt1 (置信度: 0.42)
2026-07-31 10:46:47 [INFO] 检测到车兜区域，将过滤区域外的目标
2026-07-31 10:46:47 [INFO] 准备保存检测结果到: C:\code\show\Scrap_Steel_In_Field\photos\dangerous_det\detection_20260731_104647.jpg
2026-07-31 10:46:47 [INFO] 图像形状: (2160, 3840, 3)
2026-07-31 10:46:47 [INFO] 图像数据类型: uint8
2026-07-31 10:46:47 [INFO] 图像最大值: 255
2026-07-31 10:46:47 [INFO] 图像最小值: 0
2026-07-31 10:46:47 [INFO] 开始保存检测结果图像: 图像尺寸=(2160, 3840, 3), 类型=uint8, 路径=C:\code\show\Scrap_Steel_In_Field\photos\dangerous_det\detection_20260731_104647.jpg
2026-07-31 10:46:47 [INFO] 成功保存检测结果到: C:\code\show\Scrap_Steel_In_Field\photos\dangerous_det\detection_20260731_104647.jpg
2026-07-31 10:46:47 [INFO] 保存的检测结果文件大小: 2142356 字节
2026-07-31 10:46:47 [INFO] 引擎上下文已释放
2026-07-31 10:46:47 [INFO] TensorRT 引擎已释放
2026-07-31 10:46:47 [INFO] 全局 CUDA 资源已释放
2026-07-31 10:46:47 [INFO] 检测系统资源已释放
2026-07-31 10:46:52 [INFO] CUDA 初始化成功
2026-07-31 10:46:52 [INFO] 引擎加载成功: dangerous.engine
2026-07-31 10:46:52 [INFO] 检测系统初始化成功
2026-07-31 10:46:52 [INFO] 图像预处理完成，原始尺寸: (2160, 3840)
2026-07-31 10:46:52 [INFO] 开始执行目标检测...
2026-07-31 10:46:53 [INFO] 检测完成，找到 3 个物体
2026-07-31 10:46:53 [INFO] 物体 1: GasCyl1 (置信度: 0.69)
2026-07-31 10:46:53 [INFO] 物体 2: FireExt1 (置信度: 0.44)
2026-07-31 10:46:53 [INFO] 物体 3: FireExt1 (置信度: 0.39)
2026-07-31 10:46:53 [INFO] 检测到车兜区域，将过滤区域外的目标
2026-07-31 10:46:53 [INFO] 准备保存检测结果到: C:\code\show\Scrap_Steel_In_Field\photos\dangerous_det\detection_20260731_104653.jpg
2026-07-31 10:46:53 [INFO] 图像形状: (2160, 3840, 3)
2026-07-31 10:46:53 [INFO] 图像数据类型: uint8
2026-07-31 10:46:53 [INFO] 图像最大值: 255
2026-07-31 10:46:53 [INFO] 图像最小值: 0
2026-07-31 10:46:53 [INFO] 开始保存检测结果图像: 图像尺寸=(2160, 3840, 3), 类型=uint8, 路径=C:\code\show\Scrap_Steel_In_Field\photos\dangerous_det\detection_20260731_104653.jpg
2026-07-31 10:46:53 [INFO] 成功保存检测结果到: C:\code\show\Scrap_Steel_In_Field\photos\dangerous_det\detection_20260731_104653.jpg
2026-07-31 10:46:53 [INFO] 保存的检测结果文件大小: 2144793 字节
2026-07-31 10:46:53 [INFO] 引擎上下文已释放
2026-07-31 10:46:53 [INFO] TensorRT 引擎已释放
2026-07-31 10:46:53 [INFO] 全局 CUDA 资源已释放
2026-07-31 10:46:53 [INFO] 检测系统资源已释放
2026-07-31 10:46:58 [INFO] CUDA 初始化成功
2026-07-31 10:46:58 [INFO] 引擎加载成功: dangerous.engine
2026-07-31 10:46:58 [INFO] 检测系统初始化成功
2026-07-31 10:46:58 [INFO] 图像预处理完成，原始尺寸: (2160, 3840)
2026-07-31 10:46:58 [INFO] 开始执行目标检测...
2026-07-31 10:46:58 [INFO] 检测完成，找到 3 个物体
2026-07-31 10:46:58 [INFO] 物体 1: GasCyl1 (置信度: 0.70)
2026-07-31 10:46:58 [INFO] 物体 2: FireExt1 (置信度: 0.47)
2026-07-31 10:46:58 [INFO] 物体 3: FireExt1 (置信度: 0.42)
2026-07-31 10:46:58 [INFO] 检测到车兜区域，将过滤区域外的目标
2026-07-31 10:46:58 [INFO] 准备保存检测结果到: C:\code\show\Scrap_Steel_In_Field\photos\dangerous_det\detection_20260731_104658.jpg
2026-07-31 10:46:58 [INFO] 图像形状: (2160, 3840, 3)
2026-07-31 10:46:58 [INFO] 图像数据类型: uint8
2026-07-31 10:46:58 [INFO] 图像最大值: 255
2026-07-31 10:46:58 [INFO] 图像最小值: 0
2026-07-31 10:46:58 [INFO] 开始保存检测结果图像: 图像尺寸=(2160, 3840, 3), 类型=uint8, 路径=C:\code\show\Scrap_Steel_In_Field\photos\dangerous_det\detection_20260731_104658.jpg
2026-07-31 10:46:58 [INFO] 成功保存检测结果到: C:\code\show\Scrap_Steel_In_Field\photos\dangerous_det\detection_20260731_104658.jpg
2026-07-31 10:46:58 [INFO] 保存的检测结果文件大小: 2146785 字节
2026-07-31 10:46:58 [INFO] 引擎上下文已释放
2026-07-31 10:46:58 [INFO] TensorRT 引擎已释放
2026-07-31 10:46:58 [INFO] 全局 CUDA 资源已释放
2026-07-31 10:46:58 [INFO] 检测系统资源已释放
2026-07-31 10:47:03 [INFO] CUDA 初始化成功
2026-07-31 10:47:03 [INFO] 引擎加载成功: dangerous.engine
2026-07-31 10:47:03 [INFO] 检测系统初始化成功
2026-07-31 10:47:03 [INFO] 图像预处理完成，原始尺寸: (2160, 3840)
2026-07-31 10:47:03 [INFO] 开始执行目标检测...
2026-07-31 10:47:03 [INFO] 检测完成，找到 3 个物体
2026-07-31 10:47:03 [INFO] 物体 1: GasCyl1 (置信度: 0.67)
2026-07-31 10:47:03 [INFO] 物体 2: FireExt1 (置信度: 0.46)
2026-07-31 10:47:03 [INFO] 物体 3: FireExt1 (置信度: 0.44)
2026-07-31 10:47:03 [INFO] 检测到车兜区域，将过滤区域外的目标
2026-07-31 10:47:03 [INFO] 准备保存检测结果到: C:\code\show\Scrap_Steel_In_Field\photos\dangerous_det\detection_20260731_104703.jpg
2026-07-31 10:47:03 [INFO] 图像形状: (2160, 3840, 3)
2026-07-31 10:47:03 [INFO] 图像数据类型: uint8
2026-07-31 10:47:03 [INFO] 图像最大值: 255
2026-07-31 10:47:03 [INFO] 图像最小值: 0
2026-07-31 10:47:03 [INFO] 开始保存检测结果图像: 图像尺寸=(2160, 3840, 3), 类型=uint8, 路径=C:\code\show\Scrap_Steel_In_Field\photos\dangerous_det\detection_20260731_104703.jpg
2026-07-31 10:47:03 [INFO] 成功保存检测结果到: C:\code\show\Scrap_Steel_In_Field\photos\dangerous_det\detection_20260731_104703.jpg
2026-07-31 10:47:03 [INFO] 保存的检测结果文件大小: 2144881 字节
2026-07-31 10:47:03 [INFO] 引擎上下文已释放
2026-07-31 10:47:03 [INFO] TensorRT 引擎已释放
2026-07-31 10:47:03 [INFO] 全局 CUDA 资源已释放
2026-07-31 10:47:03 [INFO] 检测系统资源已释放
2026-07-31 10:47:08 [INFO] CUDA 初始化成功
2026-07-31 10:47:08 [INFO] 引擎加载成功: dangerous.engine
2026-07-31 10:47:08 [INFO] 检测系统初始化成功
2026-07-31 10:47:08 [INFO] 图像预处理完成，原始尺寸: (2160, 3840)
2026-07-31 10:47:08 [INFO] 开始执行目标检测...
2026-07-31 10:47:08 [INFO] 检测完成，找到 3 个物体
2026-07-31 10:47:08 [INFO] 物体 1: GasCyl1 (置信度: 0.61)
2026-07-31 10:47:08 [INFO] 物体 2: FireExt1 (置信度: 0.45)
2026-07-31 10:47:08 [INFO] 物体 3: FireExt1 (置信度: 0.44)
2026-07-31 10:47:08 [INFO] 检测到车兜区域，将过滤区域外的目标
2026-07-31 10:47:08 [INFO] 准备保存检测结果到: C:\code\show\Scrap_Steel_In_Field\photos\dangerous_det\detection_20260731_104708.jpg
2026-07-31 10:47:08 [INFO] 图像形状: (2160, 3840, 3)
2026-07-31 10:47:08 [INFO] 图像数据类型: uint8
2026-07-31 10:47:08 [INFO] 图像最大值: 255
2026-07-31 10:47:08 [INFO] 图像最小值: 0
2026-07-31 10:47:08 [INFO] 开始保存检测结果图像: 图像尺寸=(2160, 3840, 3), 类型=uint8, 路径=C:\code\show\Scrap_Steel_In_Field\photos\dangerous_det\detection_20260731_104708.jpg
2026-07-31 10:47:09 [INFO] 成功保存检测结果到: C:\code\show\Scrap_Steel_In_Field\photos\dangerous_det\detection_20260731_104708.jpg
2026-07-31 10:47:09 [INFO] 保存的检测结果文件大小: 2147635 字节
2026-07-31 10:47:09 [INFO] 引擎上下文已释放
2026-07-31 10:47:09 [INFO] TensorRT 引擎已释放
2026-07-31 10:47:09 [INFO] 全局 CUDA 资源已释放
2026-07-31 10:47:09 [INFO] 检测系统资源已释放
2026-07-31 10:47:14 [INFO] CUDA 初始化成功
2026-07-31 10:47:14 [INFO] 引擎加载成功: dangerous.engine
2026-07-31 10:47:14 [INFO] 检测系统初始化成功
2026-07-31 10:47:14 [INFO] 图像预处理完成，原始尺寸: (2160, 3840)
2026-07-31 10:47:14 [INFO] 开始执行目标检测...
2026-07-31 10:47:14 [INFO] 检测完成，找到 3 个物体
2026-07-31 10:47:14 [INFO] 物体 1: GasCyl1 (置信度: 0.69)
2026-07-31 10:47:14 [INFO] 物体 2: FireExt1 (置信度: 0.45)
2026-07-31 10:47:14 [INFO] 物体 3: FireExt1 (置信度: 0.41)
2026-07-31 10:47:14 [INFO] 检测到车兜区域，将过滤区域外的目标
2026-07-31 10:47:14 [INFO] 准备保存检测结果到: C:\code\show\Scrap_Steel_In_Field\photos\dangerous_det\detection_20260731_104714.jpg
2026-07-31 10:47:14 [INFO] 图像形状: (2160, 3840, 3)
2026-07-31 10:47:14 [INFO] 图像数据类型: uint8
2026-07-31 10:47:14 [INFO] 图像最大值: 255
2026-07-31 10:47:14 [INFO] 图像最小值: 0
2026-07-31 10:47:14 [INFO] 开始保存检测结果图像: 图像尺寸=(2160, 3840, 3), 类型=uint8, 路径=C:\code\show\Scrap_Steel_In_Field\photos\dangerous_det\detection_20260731_104714.jpg
2026-07-31 10:47:14 [INFO] 成功保存检测结果到: C:\code\show\Scrap_Steel_In_Field\photos\dangerous_det\detection_20260731_104714.jpg
2026-07-31 10:47:14 [INFO] 保存的检测结果文件大小: 2153413 字节
2026-07-31 10:47:14 [INFO] 引擎上下文已释放
2026-07-31 10:47:14 [INFO] TensorRT 引擎已释放
2026-07-31 10:47:14 [INFO] 全局 CUDA 资源已释放
2026-07-31 10:47:14 [INFO] 检测系统资源已释放
2026-07-31 10:47:19 [INFO] CUDA 初始化成功
2026-07-31 10:47:19 [INFO] 引擎加载成功: dangerous.engine
2026-07-31 10:47:19 [INFO] 检测系统初始化成功
2026-07-31 10:47:19 [INFO] 图像预处理完成，原始尺寸: (2160, 3840)
2026-07-31 10:47:19 [INFO] 开始执行目标检测...
2026-07-31 10:47:19 [INFO] 检测完成，找到 3 个物体
2026-07-31 10:47:19 [INFO] 物体 1: GasCyl1 (置信度: 0.69)
2026-07-31 10:47:19 [INFO] 物体 2: FireExt1 (置信度: 0.46)
2026-07-31 10:47:19 [INFO] 物体 3: FireExt1 (置信度: 0.44)
2026-07-31 10:47:19 [INFO] 检测到车兜区域，将过滤区域外的目标
2026-07-31 10:47:19 [INFO] 准备保存检测结果到: C:\code\show\Scrap_Steel_In_Field\photos\dangerous_det\detection_20260731_104719.jpg
2026-07-31 10:47:19 [INFO] 图像形状: (2160, 3840, 3)
2026-07-31 10:47:19 [INFO] 图像数据类型: uint8
2026-07-31 10:47:19 [INFO] 图像最大值: 255
2026-07-31 10:47:19 [INFO] 图像最小值: 0
2026-07-31 10:47:19 [INFO] 开始保存检测结果图像: 图像尺寸=(2160, 3840, 3), 类型=uint8, 路径=C:\code\show\Scrap_Steel_In_Field\photos\dangerous_det\detection_20260731_104719.jpg
2026-07-31 10:47:19 [INFO] 成功保存检测结果到: C:\code\show\Scrap_Steel_In_Field\photos\dangerous_det\detection_20260731_104719.jpg
2026-07-31 10:47:19 [INFO] 保存的检测结果文件大小: 2150587 字节
2026-07-31 10:47:19 [INFO] 引擎上下文已释放
2026-07-31 10:47:19 [INFO] TensorRT 引擎已释放
2026-07-31 10:47:19 [INFO] 全局 CUDA 资源已释放
2026-07-31 10:47:19 [INFO] 检测系统资源已释放
2026-07-31 10:47:24 [INFO] CUDA 初始化成功
2026-07-31 10:47:24 [INFO] 引擎加载成功: dangerous.engine
2026-07-31 10:47:24 [INFO] 检测系统初始化成功
2026-07-31 10:47:24 [INFO] 图像预处理完成，原始尺寸: (2160, 3840)
2026-07-31 10:47:24 [INFO] 开始执行目标检测...
2026-07-31 10:47:24 [INFO] 检测完成，找到 3 个物体
2026-07-31 10:47:24 [INFO] 物体 1: GasCyl1 (置信度: 0.69)
2026-07-31 10:47:24 [INFO] 物体 2: FireExt1 (置信度: 0.45)
2026-07-31 10:47:24 [INFO] 物体 3: FireExt1 (置信度: 0.39)
2026-07-31 10:47:24 [INFO] 检测到车兜区域，将过滤区域外的目标
2026-07-31 10:47:24 [INFO] 准备保存检测结果到: C:\code\show\Scrap_Steel_In_Field\photos\dangerous_det\detection_20260731_104724.jpg
2026-07-31 10:47:24 [INFO] 图像形状: (2160, 3840, 3)
2026-07-31 10:47:24 [INFO] 图像数据类型: uint8
2026-07-31 10:47:24 [INFO] 图像最大值: 255
2026-07-31 10:47:24 [INFO] 图像最小值: 0
2026-07-31 10:47:24 [INFO] 开始保存检测结果图像: 图像尺寸=(2160, 3840, 3), 类型=uint8, 路径=C:\code\show\Scrap_Steel_In_Field\photos\dangerous_det\detection_20260731_104724.jpg
2026-07-31 10:47:24 [INFO] 成功保存检测结果到: C:\code\show\Scrap_Steel_In_Field\photos\dangerous_det\detection_20260731_104724.jpg
2026-07-31 10:47:24 [INFO] 保存的检测结果文件大小: 2150148 字节
2026-07-31 10:47:24 [INFO] 引擎上下文已释放
2026-07-31 10:47:24 [INFO] TensorRT 引擎已释放
2026-07-31 10:47:24 [INFO] 全局 CUDA 资源已释放
2026-07-31 10:47:24 [INFO] 检测系统资源已释放
2026-07-31 10:47:29 [INFO] CUDA 初始化成功
2026-07-31 10:47:30 [INFO] 引擎加载成功: dangerous.engine
2026-07-31 10:47:30 [INFO] 检测系统初始化成功
2026-07-31 10:47:30 [INFO] 图像预处理完成，原始尺寸: (2160, 3840)
2026-07-31 10:47:30 [INFO] 开始执行目标检测...
2026-07-31 10:47:30 [INFO] 检测完成，找到 3 个物体
2026-07-31 10:47:30 [INFO] 物体 1: GasCyl1 (置信度: 0.60)
2026-07-31 10:47:30 [INFO] 物体 2: FireExt1 (置信度: 0.46)
2026-07-31 10:47:30 [INFO] 物体 3: FireExt1 (置信度: 0.43)
2026-07-31 10:47:30 [INFO] 检测到车兜区域，将过滤区域外的目标
2026-07-31 10:47:30 [INFO] 准备保存检测结果到: C:\code\show\Scrap_Steel_In_Field\photos\dangerous_det\detection_20260731_104730.jpg
2026-07-31 10:47:30 [INFO] 图像形状: (2160, 3840, 3)
2026-07-31 10:47:30 [INFO] 图像数据类型: uint8
2026-07-31 10:47:30 [INFO] 图像最大值: 255
2026-07-31 10:47:30 [INFO] 图像最小值: 0
2026-07-31 10:47:30 [INFO] 开始保存检测结果图像: 图像尺寸=(2160, 3840, 3), 类型=uint8, 路径=C:\code\show\Scrap_Steel_In_Field\photos\dangerous_det\detection_20260731_104730.jpg
2026-07-31 10:47:30 [INFO] 成功保存检测结果到: C:\code\show\Scrap_Steel_In_Field\photos\dangerous_det\detection_20260731_104730.jpg
2026-07-31 10:47:30 [INFO] 保存的检测结果文件大小: 2153663 字节
2026-07-31 10:47:30 [INFO] 引擎上下文已释放
2026-07-31 10:47:30 [INFO] TensorRT 引擎已释放
2026-07-31 10:47:30 [INFO] 全局 CUDA 资源已释放
2026-07-31 10:47:30 [INFO] 检测系统资源已释放
2026-07-31 10:47:35 [INFO] CUDA 初始化成功
2026-07-31 10:47:35 [INFO] 引擎加载成功: dangerous.engine
2026-07-31 10:47:35 [INFO] 检测系统初始化成功
2026-07-31 10:47:35 [INFO] 图像预处理完成，原始尺寸: (2160, 3840)
2026-07-31 10:47:35 [INFO] 开始执行目标检测...
2026-07-31 10:47:35 [INFO] 检测完成，找到 3 个物体
2026-07-31 10:47:35 [INFO] 物体 1: GasCyl1 (置信度: 0.69)
2026-07-31 10:47:35 [INFO] 物体 2: FireExt1 (置信度: 0.45)
2026-07-31 10:47:35 [INFO] 物体 3: FireExt1 (置信度: 0.44)
2026-07-31 10:47:35 [INFO] 检测到车兜区域，将过滤区域外的目标
2026-07-31 10:47:35 [INFO] 准备保存检测结果到: C:\code\show\Scrap_Steel_In_Field\photos\dangerous_det\detection_20260731_104735.jpg
2026-07-31 10:47:35 [INFO] 图像形状: (2160, 3840, 3)
2026-07-31 10:47:35 [INFO] 图像数据类型: uint8
2026-07-31 10:47:35 [INFO] 图像最大值: 255
2026-07-31 10:47:35 [INFO] 图像最小值: 0
2026-07-31 10:47:35 [INFO] 开始保存检测结果图像: 图像尺寸=(2160, 3840, 3), 类型=uint8, 路径=C:\code\show\Scrap_Steel_In_Field\photos\dangerous_det\detection_20260731_104735.jpg
2026-07-31 10:47:35 [INFO] 成功保存检测结果到: C:\code\show\Scrap_Steel_In_Field\photos\dangerous_det\detection_20260731_104735.jpg
2026-07-31 10:47:35 [INFO] 保存的检测结果文件大小: 2155340 字节
2026-07-31 10:47:35 [INFO] 引擎上下文已释放
2026-07-31 10:47:35 [INFO] TensorRT 引擎已释放
2026-07-31 10:47:35 [INFO] 全局 CUDA 资源已释放
2026-07-31 10:47:35 [INFO] 检测系统资源已释放
2026-07-31 10:47:40 [INFO] CUDA 初始化成功
2026-07-31 10:47:40 [INFO] 引擎加载成功: dangerous.engine
2026-07-31 10:47:40 [INFO] 检测系统初始化成功
2026-07-31 10:47:40 [INFO] 图像预处理完成，原始尺寸: (2160, 3840)
2026-07-31 10:47:40 [INFO] 开始执行目标检测...
2026-07-31 10:47:40 [INFO] 检测完成，找到 3 个物体
2026-07-31 10:47:40 [INFO] 物体 1: GasCyl1 (置信度: 0.67)
2026-07-31 10:47:40 [INFO] 物体 2: FireExt1 (置信度: 0.45)
2026-07-31 10:47:40 [INFO] 物体 3: FireExt1 (置信度: 0.44)
2026-07-31 10:47:40 [INFO] 检测到车兜区域，将过滤区域外的目标
2026-07-31 10:47:40 [INFO] 准备保存检测结果到: C:\code\show\Scrap_Steel_In_Field\photos\dangerous_det\detection_20260731_104740.jpg
2026-07-31 10:47:40 [INFO] 图像形状: (2160, 3840, 3)
2026-07-31 10:47:40 [INFO] 图像数据类型: uint8
2026-07-31 10:47:40 [INFO] 图像最大值: 255
2026-07-31 10:47:40 [INFO] 图像最小值: 0
2026-07-31 10:47:40 [INFO] 开始保存检测结果图像: 图像尺寸=(2160, 3840, 3), 类型=uint8, 路径=C:\code\show\Scrap_Steel_In_Field\photos\dangerous_det\detection_20260731_104740.jpg
2026-07-31 10:47:40 [INFO] 成功保存检测结果到: C:\code\show\Scrap_Steel_In_Field\photos\dangerous_det\detection_20260731_104740.jpg
2026-07-31 10:47:40 [INFO] 保存的检测结果文件大小: 2153359 字节
2026-07-31 10:47:40 [INFO] 引擎上下文已释放
2026-07-31 10:47:40 [INFO] TensorRT 引擎已释放
2026-07-31 10:47:40 [INFO] 全局 CUDA 资源已释放
2026-07-31 10:47:40 [INFO] 检测系统资源已释放
2026-07-31 10:47:45 [INFO] CUDA 初始化成功
2026-07-31 10:47:46 [INFO] 引擎加载成功: dangerous.engine
2026-07-31 10:47:46 [INFO] 检测系统初始化成功
2026-07-31 10:47:46 [INFO] 图像预处理完成，原始尺寸: (2160, 3840)
2026-07-31 10:47:46 [INFO] 开始执行目标检测...
2026-07-31 10:47:46 [INFO] 检测完成，找到 3 个物体
2026-07-31 10:47:46 [INFO] 物体 1: GasCyl1 (置信度: 0.58)
2026-07-31 10:47:46 [INFO] 物体 2: FireExt1 (置信度: 0.45)
2026-07-31 10:47:46 [INFO] 物体 3: FireExt1 (置信度: 0.42)
2026-07-31 10:47:46 [INFO] 检测到车兜区域，将过滤区域外的目标
2026-07-31 10:47:46 [INFO] 准备保存检测结果到: C:\code\show\Scrap_Steel_In_Field\photos\dangerous_det\detection_20260731_104746.jpg
2026-07-31 10:47:46 [INFO] 图像形状: (2160, 3840, 3)
2026-07-31 10:47:46 [INFO] 图像数据类型: uint8
2026-07-31 10:47:46 [INFO] 图像最大值: 255
2026-07-31 10:47:46 [INFO] 图像最小值: 0
2026-07-31 10:47:46 [INFO] 开始保存检测结果图像: 图像尺寸=(2160, 3840, 3), 类型=uint8, 路径=C:\code\show\Scrap_Steel_In_Field\photos\dangerous_det\detection_20260731_104746.jpg
2026-07-31 10:47:46 [INFO] 成功保存检测结果到: C:\code\show\Scrap_Steel_In_Field\photos\dangerous_det\detection_20260731_104746.jpg
2026-07-31 10:47:46 [INFO] 保存的检测结果文件大小: 2157821 字节
2026-07-31 10:47:46 [INFO] 引擎上下文已释放
2026-07-31 10:47:46 [INFO] TensorRT 引擎已释放
2026-07-31 10:47:46 [INFO] 全局 CUDA 资源已释放
2026-07-31 10:47:46 [INFO] 检测系统资源已释放
2026-07-31 10:47:51 [INFO] CUDA 初始化成功
2026-07-31 10:47:51 [INFO] 引擎加载成功: dangerous.engine
2026-07-31 10:47:51 [INFO] 检测系统初始化成功
2026-07-31 10:47:51 [INFO] 图像预处理完成，原始尺寸: (2160, 3840)
2026-07-31 10:47:51 [INFO] 开始执行目标检测...
2026-07-31 10:47:51 [INFO] 检测完成，找到 3 个物体
2026-07-31 10:47:51 [INFO] 物体 1: GasCyl1 (置信度: 0.55)
2026-07-31 10:47:51 [INFO] 物体 2: FireExt1 (置信度: 0.45)
2026-07-31 10:47:51 [INFO] 物体 3: FireExt1 (置信度: 0.41)
2026-07-31 10:47:51 [INFO] 检测到车兜区域，将过滤区域外的目标
2026-07-31 10:47:51 [INFO] 准备保存检测结果到: C:\code\show\Scrap_Steel_In_Field\photos\dangerous_det\detection_20260731_104751.jpg
2026-07-31 10:47:51 [INFO] 图像形状: (2160, 3840, 3)
2026-07-31 10:47:51 [INFO] 图像数据类型: uint8
2026-07-31 10:47:51 [INFO] 图像最大值: 255
2026-07-31 10:47:51 [INFO] 图像最小值: 0
2026-07-31 10:47:51 [INFO] 开始保存检测结果图像: 图像尺寸=(2160, 3840, 3), 类型=uint8, 路径=C:\code\show\Scrap_Steel_In_Field\photos\dangerous_det\detection_20260731_104751.jpg
2026-07-31 10:47:51 [INFO] 成功保存检测结果到: C:\code\show\Scrap_Steel_In_Field\photos\dangerous_det\detection_20260731_104751.jpg
2026-07-31 10:47:51 [INFO] 保存的检测结果文件大小: 2157080 字节
2026-07-31 10:47:51 [INFO] 引擎上下文已释放
2026-07-31 10:47:51 [INFO] TensorRT 引擎已释放
2026-07-31 10:47:51 [INFO] 全局 CUDA 资源已释放
2026-07-31 10:47:51 [INFO] 检测系统资源已释放
2026-07-31 10:47:56 [INFO] CUDA 初始化成功
2026-07-31 10:47:56 [INFO] 引擎加载成功: dangerous.engine
2026-07-31 10:47:56 [INFO] 检测系统初始化成功
2026-07-31 10:47:56 [INFO] 图像预处理完成，原始尺寸: (2160, 3840)
2026-07-31 10:47:56 [INFO] 开始执行目标检测...
2026-07-31 10:47:56 [INFO] 检测完成，找到 3 个物体
2026-07-31 10:47:56 [INFO] 物体 1: GasCyl1 (置信度: 0.67)
2026-07-31 10:47:56 [INFO] 物体 2: FireExt1 (置信度: 0.47)
2026-07-31 10:47:56 [INFO] 物体 3: FireExt1 (置信度: 0.44)
2026-07-31 10:47:56 [INFO] 检测到车兜区域，将过滤区域外的目标
2026-07-31 10:47:56 [INFO] 准备保存检测结果到: C:\code\show\Scrap_Steel_In_Field\photos\dangerous_det\detection_20260731_104756.jpg
2026-07-31 10:47:56 [INFO] 图像形状: (2160, 3840, 3)
2026-07-31 10:47:56 [INFO] 图像数据类型: uint8
2026-07-31 10:47:56 [INFO] 图像最大值: 255
2026-07-31 10:47:56 [INFO] 图像最小值: 0
2026-07-31 10:47:56 [INFO] 开始保存检测结果图像: 图像尺寸=(2160, 3840, 3), 类型=uint8, 路径=C:\code\show\Scrap_Steel_In_Field\photos\dangerous_det\detection_20260731_104756.jpg
2026-07-31 10:47:56 [INFO] 成功保存检测结果到: C:\code\show\Scrap_Steel_In_Field\photos\dangerous_det\detection_20260731_104756.jpg
2026-07-31 10:47:56 [INFO] 保存的检测结果文件大小: 2158462 字节
2026-07-31 10:47:56 [INFO] 引擎上下文已释放
2026-07-31 10:47:56 [INFO] TensorRT 引擎已释放
2026-07-31 10:47:56 [INFO] 全局 CUDA 资源已释放
2026-07-31 10:47:56 [INFO] 检测系统资源已释放
2026-07-31 10:48:02 [INFO] CUDA 初始化成功
2026-07-31 10:48:02 [INFO] 引擎加载成功: dangerous.engine
2026-07-31 10:48:02 [INFO] 检测系统初始化成功
2026-07-31 10:48:02 [INFO] 图像预处理完成，原始尺寸: (2160, 3840)
2026-07-31 10:48:02 [INFO] 开始执行目标检测...
2026-07-31 10:48:02 [INFO] 检测完成，找到 3 个物体
2026-07-31 10:48:02 [INFO] 物体 1: GasCyl1 (置信度: 0.63)
2026-07-31 10:48:02 [INFO] 物体 2: FireExt1 (置信度: 0.45)
2026-07-31 10:48:02 [INFO] 物体 3: FireExt1 (置信度: 0.44)
2026-07-31 10:48:02 [INFO] 检测到车兜区域，将过滤区域外的目标
2026-07-31 10:48:02 [INFO] 准备保存检测结果到: C:\code\show\Scrap_Steel_In_Field\photos\dangerous_det\detection_20260731_104802.jpg
2026-07-31 10:48:02 [INFO] 图像形状: (2160, 3840, 3)
2026-07-31 10:48:02 [INFO] 图像数据类型: uint8
2026-07-31 10:48:02 [INFO] 图像最大值: 255
2026-07-31 10:48:02 [INFO] 图像最小值: 0
2026-07-31 10:48:02 [INFO] 开始保存检测结果图像: 图像尺寸=(2160, 3840, 3), 类型=uint8, 路径=C:\code\show\Scrap_Steel_In_Field\photos\dangerous_det\detection_20260731_104802.jpg
2026-07-31 10:48:02 [INFO] 成功保存检测结果到: C:\code\show\Scrap_Steel_In_Field\photos\dangerous_det\detection_20260731_104802.jpg
2026-07-31 10:48:02 [INFO] 保存的检测结果文件大小: 2160013 字节
2026-07-31 10:48:02 [INFO] 引擎上下文已释放
2026-07-31 10:48:02 [INFO] TensorRT 引擎已释放
2026-07-31 10:48:02 [INFO] 全局 CUDA 资源已释放
2026-07-31 10:48:02 [INFO] 检测系统资源已释放
2026-07-31 10:48:07 [INFO] CUDA 初始化成功
2026-07-31 10:48:07 [INFO] 引擎加载成功: dangerous.engine
2026-07-31 10:48:07 [INFO] 检测系统初始化成功
2026-07-31 10:48:07 [INFO] 图像预处理完成，原始尺寸: (2160, 3840)
2026-07-31 10:48:07 [INFO] 开始执行目标检测...
2026-07-31 10:48:07 [INFO] 检测完成，找到 3 个物体
2026-07-31 10:48:07 [INFO] 物体 1: GasCyl1 (置信度: 0.67)
2026-07-31 10:48:07 [INFO] 物体 2: FireExt1 (置信度: 0.45)
2026-07-31 10:48:07 [INFO] 物体 3: FireExt1 (置信度: 0.43)
2026-07-31 10:48:07 [INFO] 检测到车兜区域，将过滤区域外的目标
2026-07-31 10:48:07 [INFO] 准备保存检测结果到: C:\code\show\Scrap_Steel_In_Field\photos\dangerous_det\detection_20260731_104807.jpg
2026-07-31 10:48:07 [INFO] 图像形状: (2160, 3840, 3)
2026-07-31 10:48:07 [INFO] 图像数据类型: uint8
2026-07-31 10:48:07 [INFO] 图像最大值: 255
2026-07-31 10:48:07 [INFO] 图像最小值: 0
2026-07-31 10:48:07 [INFO] 开始保存检测结果图像: 图像尺寸=(2160, 3840, 3), 类型=uint8, 路径=C:\code\show\Scrap_Steel_In_Field\photos\dangerous_det\detection_20260731_104807.jpg
2026-07-31 10:48:07 [INFO] 成功保存检测结果到: C:\code\show\Scrap_Steel_In_Field\photos\dangerous_det\detection_20260731_104807.jpg
2026-07-31 10:48:07 [INFO] 保存的检测结果文件大小: 2162219 字节
2026-07-31 10:48:07 [INFO] 引擎上下文已释放
2026-07-31 10:48:07 [INFO] TensorRT 引擎已释放
2026-07-31 10:48:07 [INFO] 全局 CUDA 资源已释放
2026-07-31 10:48:07 [INFO] 检测系统资源已释放
2026-07-31 10:48:12 [INFO] CUDA 初始化成功
2026-07-31 10:48:12 [INFO] 引擎加载成功: dangerous.engine
2026-07-31 10:48:12 [INFO] 检测系统初始化成功
2026-07-31 10:48:12 [INFO] 图像预处理完成，原始尺寸: (2160, 3840)
2026-07-31 10:48:12 [INFO] 开始执行目标检测...
2026-07-31 10:48:13 [INFO] 检测完成，找到 4 个物体
2026-07-31 10:48:13 [INFO] 物体 1: GasCyl1 (置信度: 0.63)
2026-07-31 10:48:13 [INFO] 物体 2: FireExt1 (置信度: 0.45)
2026-07-31 10:48:13 [INFO] 物体 3: FireExt1 (置信度: 0.44)
2026-07-31 10:48:13 [INFO] 物体 4: FireExt1 (置信度: 0.38)
2026-07-31 10:48:13 [INFO] 检测到车兜区域，将过滤区域外的目标
2026-07-31 10:48:13 [INFO] 准备保存检测结果到: C:\code\show\Scrap_Steel_In_Field\photos\dangerous_det\detection_20260731_104813.jpg
2026-07-31 10:48:13 [INFO] 图像形状: (2160, 3840, 3)
2026-07-31 10:48:13 [INFO] 图像数据类型: uint8
2026-07-31 10:48:13 [INFO] 图像最大值: 255
2026-07-31 10:48:13 [INFO] 图像最小值: 0
2026-07-31 10:48:13 [INFO] 开始保存检测结果图像: 图像尺寸=(2160, 3840, 3), 类型=uint8, 路径=C:\code\show\Scrap_Steel_In_Field\photos\dangerous_det\detection_20260731_104813.jpg
2026-07-31 10:48:13 [INFO] 成功保存检测结果到: C:\code\show\Scrap_Steel_In_Field\photos\dangerous_det\detection_20260731_104813.jpg
2026-07-31 10:48:13 [INFO] 保存的检测结果文件大小: 2168352 字节
2026-07-31 10:48:13 [INFO] 引擎上下文已释放
2026-07-31 10:48:13 [INFO] TensorRT 引擎已释放
2026-07-31 10:48:13 [INFO] 全局 CUDA 资源已释放
2026-07-31 10:48:13 [INFO] 检测系统资源已释放
2026-07-31 10:48:18 [INFO] CUDA 初始化成功
2026-07-31 10:48:18 [INFO] 引擎加载成功: dangerous.engine
2026-07-31 10:48:18 [INFO] 检测系统初始化成功
2026-07-31 10:48:18 [INFO] 图像预处理完成，原始尺寸: (2160, 3840)
2026-07-31 10:48:18 [INFO] 开始执行目标检测...
2026-07-31 10:48:18 [INFO] 检测完成，找到 3 个物体
2026-07-31 10:48:18 [INFO] 物体 1: GasCyl1 (置信度: 0.72)
2026-07-31 10:48:18 [INFO] 物体 2: FireExt1 (置信度: 0.46)
2026-07-31 10:48:18 [INFO] 物体 3: FireExt1 (置信度: 0.42)
2026-07-31 10:48:18 [INFO] 检测到车兜区域，将过滤区域外的目标
2026-07-31 10:48:18 [INFO] 准备保存检测结果到: C:\code\show\Scrap_Steel_In_Field\photos\dangerous_det\detection_20260731_104818.jpg
2026-07-31 10:48:18 [INFO] 图像形状: (2160, 3840, 3)
2026-07-31 10:48:18 [INFO] 图像数据类型: uint8
2026-07-31 10:48:18 [INFO] 图像最大值: 255
2026-07-31 10:48:18 [INFO] 图像最小值: 0
2026-07-31 10:48:18 [INFO] 开始保存检测结果图像: 图像尺寸=(2160, 3840, 3), 类型=uint8, 路径=C:\code\show\Scrap_Steel_In_Field\photos\dangerous_det\detection_20260731_104818.jpg
2026-07-31 10:48:18 [INFO] 成功保存检测结果到: C:\code\show\Scrap_Steel_In_Field\photos\dangerous_det\detection_20260731_104818.jpg
2026-07-31 10:48:18 [INFO] 保存的检测结果文件大小: 2164187 字节
2026-07-31 10:48:18 [INFO] 引擎上下文已释放
2026-07-31 10:48:18 [INFO] TensorRT 引擎已释放
2026-07-31 10:48:18 [INFO] 全局 CUDA 资源已释放
2026-07-31 10:48:18 [INFO] 检测系统资源已释放
2026-07-31 10:48:23 [INFO] CUDA 初始化成功
2026-07-31 10:48:23 [INFO] 引擎加载成功: dangerous.engine
2026-07-31 10:48:23 [INFO] 检测系统初始化成功
2026-07-31 10:48:23 [INFO] 图像预处理完成，原始尺寸: (2160, 3840)
2026-07-31 10:48:23 [INFO] 开始执行目标检测...
2026-07-31 10:48:23 [INFO] 检测完成，找到 3 个物体
2026-07-31 10:48:23 [INFO] 物体 1: GasCyl1 (置信度: 0.56)
2026-07-31 10:48:23 [INFO] 物体 2: FireExt1 (置信度: 0.45)
2026-07-31 10:48:23 [INFO] 物体 3: FireExt1 (置信度: 0.43)
2026-07-31 10:48:23 [INFO] 检测到车兜区域，将过滤区域外的目标
2026-07-31 10:48:23 [INFO] 准备保存检测结果到: C:\code\show\Scrap_Steel_In_Field\photos\dangerous_det\detection_20260731_104823.jpg
2026-07-31 10:48:23 [INFO] 图像形状: (2160, 3840, 3)
2026-07-31 10:48:23 [INFO] 图像数据类型: uint8
2026-07-31 10:48:23 [INFO] 图像最大值: 255
2026-07-31 10:48:23 [INFO] 图像最小值: 0
2026-07-31 10:48:23 [INFO] 开始保存检测结果图像: 图像尺寸=(2160, 3840, 3), 类型=uint8, 路径=C:\code\show\Scrap_Steel_In_Field\photos\dangerous_det\detection_20260731_104823.jpg
2026-07-31 10:48:23 [INFO] 成功保存检测结果到: C:\code\show\Scrap_Steel_In_Field\photos\dangerous_det\detection_20260731_104823.jpg
2026-07-31 10:48:23 [INFO] 保存的检测结果文件大小: 2164463 字节
2026-07-31 10:48:23 [INFO] 引擎上下文已释放
2026-07-31 10:48:23 [INFO] TensorRT 引擎已释放
2026-07-31 10:48:23 [INFO] 全局 CUDA 资源已释放
2026-07-31 10:48:23 [INFO] 检测系统资源已释放
2026-07-31 10:48:28 [INFO] CUDA 初始化成功
2026-07-31 10:48:28 [INFO] 引擎加载成功: dangerous.engine
2026-07-31 10:48:28 [INFO] 检测系统初始化成功
2026-07-31 10:48:28 [INFO] 图像预处理完成，原始尺寸: (2160, 3840)
2026-07-31 10:48:28 [INFO] 开始执行目标检测...
2026-07-31 10:48:29 [INFO] 检测完成，找到 3 个物体
2026-07-31 10:48:29 [INFO] 物体 1: GasCyl1 (置信度: 0.69)
2026-07-31 10:48:29 [INFO] 物体 2: FireExt1 (置信度: 0.47)
2026-07-31 10:48:29 [INFO] 物体 3: FireExt1 (置信度: 0.46)
2026-07-31 10:48:29 [INFO] 检测到车兜区域，将过滤区域外的目标
2026-07-31 10:48:29 [INFO] 准备保存检测结果到: C:\code\show\Scrap_Steel_In_Field\photos\dangerous_det\detection_20260731_104829.jpg
2026-07-31 10:48:29 [INFO] 图像形状: (2160, 3840, 3)
2026-07-31 10:48:29 [INFO] 图像数据类型: uint8
2026-07-31 10:48:29 [INFO] 图像最大值: 255
2026-07-31 10:48:29 [INFO] 图像最小值: 0
2026-07-31 10:48:29 [INFO] 开始保存检测结果图像: 图像尺寸=(2160, 3840, 3), 类型=uint8, 路径=C:\code\show\Scrap_Steel_In_Field\photos\dangerous_det\detection_20260731_104829.jpg
2026-07-31 10:48:29 [INFO] 成功保存检测结果到: C:\code\show\Scrap_Steel_In_Field\photos\dangerous_det\detection_20260731_104829.jpg
2026-07-31 10:48:29 [INFO] 保存的检测结果文件大小: 2166246 字节
2026-07-31 10:48:29 [INFO] 引擎上下文已释放
2026-07-31 10:48:29 [INFO] TensorRT 引擎已释放
2026-07-31 10:48:29 [INFO] 全局 CUDA 资源已释放
2026-07-31 10:48:29 [INFO] 检测系统资源已释放
2026-07-31 10:48:34 [INFO] CUDA 初始化成功
2026-07-31 10:48:34 [INFO] 引擎加载成功: dangerous.engine
2026-07-31 10:48:34 [INFO] 检测系统初始化成功
2026-07-31 10:48:34 [INFO] 图像预处理完成，原始尺寸: (2160, 3840)
2026-07-31 10:48:34 [INFO] 开始执行目标检测...
2026-07-31 10:48:34 [INFO] 检测完成，找到 3 个物体
2026-07-31 10:48:34 [INFO] 物体 1: GasCyl1 (置信度: 0.70)
2026-07-31 10:48:34 [INFO] 物体 2: FireExt1 (置信度: 0.45)
2026-07-31 10:48:34 [INFO] 物体 3: FireExt1 (置信度: 0.43)
2026-07-31 10:48:34 [INFO] 检测到车兜区域，将过滤区域外的目标
2026-07-31 10:48:34 [INFO] 准备保存检测结果到: C:\code\show\Scrap_Steel_In_Field\photos\dangerous_det\detection_20260731_104834.jpg
2026-07-31 10:48:34 [INFO] 图像形状: (2160, 3840, 3)
2026-07-31 10:48:34 [INFO] 图像数据类型: uint8
2026-07-31 10:48:34 [INFO] 图像最大值: 255
2026-07-31 10:48:34 [INFO] 图像最小值: 0
2026-07-31 10:48:34 [INFO] 开始保存检测结果图像: 图像尺寸=(2160, 3840, 3), 类型=uint8, 路径=C:\code\show\Scrap_Steel_In_Field\photos\dangerous_det\detection_20260731_104834.jpg
2026-07-31 10:48:34 [INFO] 成功保存检测结果到: C:\code\show\Scrap_Steel_In_Field\photos\dangerous_det\detection_20260731_104834.jpg
2026-07-31 10:48:34 [INFO] 保存的检测结果文件大小: 2170395 字节
2026-07-31 10:48:34 [INFO] 引擎上下文已释放
2026-07-31 10:48:34 [INFO] TensorRT 引擎已释放
2026-07-31 10:48:34 [INFO] 全局 CUDA 资源已释放
2026-07-31 10:48:34 [INFO] 检测系统资源已释放
2026-07-31 10:48:39 [INFO] CUDA 初始化成功
2026-07-31 10:48:39 [INFO] 引擎加载成功: dangerous.engine
2026-07-31 10:48:39 [INFO] 检测系统初始化成功
2026-07-31 10:48:39 [INFO] 图像预处理完成，原始尺寸: (2160, 3840)
2026-07-31 10:48:39 [INFO] 开始执行目标检测...
2026-07-31 10:48:39 [INFO] 检测完成，找到 3 个物体
2026-07-31 10:48:39 [INFO] 物体 1: GasCyl1 (置信度: 0.60)
2026-07-31 10:48:39 [INFO] 物体 2: FireExt1 (置信度: 0.45)
2026-07-31 10:48:39 [INFO] 物体 3: FireExt1 (置信度: 0.42)
2026-07-31 10:48:39 [INFO] 检测到车兜区域，将过滤区域外的目标
2026-07-31 10:48:39 [INFO] 准备保存检测结果到: C:\code\show\Scrap_Steel_In_Field\photos\dangerous_det\detection_20260731_104839.jpg
2026-07-31 10:48:39 [INFO] 图像形状: (2160, 3840, 3)
2026-07-31 10:48:39 [INFO] 图像数据类型: uint8
2026-07-31 10:48:39 [INFO] 图像最大值: 255
2026-07-31 10:48:39 [INFO] 图像最小值: 0
2026-07-31 10:48:39 [INFO] 开始保存检测结果图像: 图像尺寸=(2160, 3840, 3), 类型=uint8, 路径=C:\code\show\Scrap_Steel_In_Field\photos\dangerous_det\detection_20260731_104839.jpg
2026-07-31 10:48:39 [INFO] 成功保存检测结果到: C:\code\show\Scrap_Steel_In_Field\photos\dangerous_det\detection_20260731_104839.jpg
2026-07-31 10:48:39 [INFO] 保存的检测结果文件大小: 2168588 字节
2026-07-31 10:48:39 [INFO] 引擎上下文已释放
2026-07-31 10:48:39 [INFO] TensorRT 引擎已释放
2026-07-31 10:48:39 [INFO] 全局 CUDA 资源已释放
2026-07-31 10:48:39 [INFO] 检测系统资源已释放
2026-07-31 10:48:44 [INFO] CUDA 初始化成功
2026-07-31 10:48:45 [INFO] 引擎加载成功: dangerous.engine
2026-07-31 10:48:45 [INFO] 检测系统初始化成功
2026-07-31 10:48:45 [INFO] 图像预处理完成，原始尺寸: (2160, 3840)
2026-07-31 10:48:45 [INFO] 开始执行目标检测...
2026-07-31 10:48:45 [INFO] 检测完成，找到 3 个物体
2026-07-31 10:48:45 [INFO] 物体 1: GasCyl1 (置信度: 0.69)
2026-07-31 10:48:45 [INFO] 物体 2: FireExt1 (置信度: 0.45)
2026-07-31 10:48:45 [INFO] 物体 3: FireExt1 (置信度: 0.42)
2026-07-31 10:48:45 [INFO] 检测到车兜区域，将过滤区域外的目标
2026-07-31 10:48:45 [INFO] 准备保存检测结果到: C:\code\show\Scrap_Steel_In_Field\photos\dangerous_det\detection_20260731_104845.jpg
2026-07-31 10:48:45 [INFO] 图像形状: (2160, 3840, 3)
2026-07-31 10:48:45 [INFO] 图像数据类型: uint8
2026-07-31 10:48:45 [INFO] 图像最大值: 255
2026-07-31 10:48:45 [INFO] 图像最小值: 0
2026-07-31 10:48:45 [INFO] 开始保存检测结果图像: 图像尺寸=(2160, 3840, 3), 类型=uint8, 路径=C:\code\show\Scrap_Steel_In_Field\photos\dangerous_det\detection_20260731_104845.jpg
2026-07-31 10:48:45 [INFO] 成功保存检测结果到: C:\code\show\Scrap_Steel_In_Field\photos\dangerous_det\detection_20260731_104845.jpg
2026-07-31 10:48:45 [INFO] 保存的检测结果文件大小: 2170959 字节
2026-07-31 10:48:45 [INFO] 引擎上下文已释放
2026-07-31 10:48:45 [INFO] TensorRT 引擎已释放
2026-07-31 10:48:45 [INFO] 全局 CUDA 资源已释放
2026-07-31 10:48:45 [INFO] 检测系统资源已释放
2026-07-31 10:48:50 [INFO] CUDA 初始化成功
2026-07-31 10:48:50 [INFO] 引擎加载成功: dangerous.engine
2026-07-31 10:48:50 [INFO] 检测系统初始化成功
2026-07-31 10:48:50 [INFO] 图像预处理完成，原始尺寸: (2160, 3840)
2026-07-31 10:48:50 [INFO] 开始执行目标检测...
2026-07-31 10:48:50 [INFO] 检测完成，找到 3 个物体
2026-07-31 10:48:50 [INFO] 物体 1: GasCyl1 (置信度: 0.72)
2026-07-31 10:48:50 [INFO] 物体 2: FireExt1 (置信度: 0.46)
2026-07-31 10:48:50 [INFO] 物体 3: FireExt1 (置信度: 0.44)
2026-07-31 10:48:50 [INFO] 检测到车兜区域，将过滤区域外的目标
2026-07-31 10:48:50 [INFO] 准备保存检测结果到: C:\code\show\Scrap_Steel_In_Field\photos\dangerous_det\detection_20260731_104850.jpg
2026-07-31 10:48:50 [INFO] 图像形状: (2160, 3840, 3)
2026-07-31 10:48:50 [INFO] 图像数据类型: uint8
2026-07-31 10:48:50 [INFO] 图像最大值: 255
2026-07-31 10:48:50 [INFO] 图像最小值: 0
2026-07-31 10:48:50 [INFO] 开始保存检测结果图像: 图像尺寸=(2160, 3840, 3), 类型=uint8, 路径=C:\code\show\Scrap_Steel_In_Field\photos\dangerous_det\detection_20260731_104850.jpg
2026-07-31 10:48:50 [INFO] 成功保存检测结果到: C:\code\show\Scrap_Steel_In_Field\photos\dangerous_det\detection_20260731_104850.jpg
2026-07-31 10:48:50 [INFO] 保存的检测结果文件大小: 2167151 字节
2026-07-31 10:48:50 [INFO] 引擎上下文已释放
2026-07-31 10:48:50 [INFO] TensorRT 引擎已释放
2026-07-31 10:48:50 [INFO] 全局 CUDA 资源已释放
2026-07-31 10:48:50 [INFO] 检测系统资源已释放
2026-07-31 10:48:55 [INFO] CUDA 初始化成功
2026-07-31 10:48:55 [INFO] 引擎加载成功: dangerous.engine
2026-07-31 10:48:55 [INFO] 检测系统初始化成功
2026-07-31 10:48:55 [INFO] 图像预处理完成，原始尺寸: (2160, 3840)
2026-07-31 10:48:55 [INFO] 开始执行目标检测...
2026-07-31 10:48:55 [INFO] 检测完成，找到 3 个物体
2026-07-31 10:48:55 [INFO] 物体 1: GasCyl1 (置信度: 0.64)
2026-07-31 10:48:55 [INFO] 物体 2: FireExt1 (置信度: 0.45)
2026-07-31 10:48:55 [INFO] 物体 3: FireExt1 (置信度: 0.45)
2026-07-31 10:48:55 [INFO] 检测到车兜区域，将过滤区域外的目标
2026-07-31 10:48:55 [INFO] 准备保存检测结果到: C:\code\show\Scrap_Steel_In_Field\photos\dangerous_det\detection_20260731_104855.jpg
2026-07-31 10:48:55 [INFO] 图像形状: (2160, 3840, 3)
2026-07-31 10:48:55 [INFO] 图像数据类型: uint8
2026-07-31 10:48:55 [INFO] 图像最大值: 255
2026-07-31 10:48:55 [INFO] 图像最小值: 0
2026-07-31 10:48:55 [INFO] 开始保存检测结果图像: 图像尺寸=(2160, 3840, 3), 类型=uint8, 路径=C:\code\show\Scrap_Steel_In_Field\photos\dangerous_det\detection_20260731_104855.jpg
2026-07-31 10:48:56 [INFO] 成功保存检测结果到: C:\code\show\Scrap_Steel_In_Field\photos\dangerous_det\detection_20260731_104855.jpg
2026-07-31 10:48:56 [INFO] 保存的检测结果文件大小: 2174428 字节
2026-07-31 10:48:56 [INFO] 引擎上下文已释放
2026-07-31 10:48:56 [INFO] TensorRT 引擎已释放
2026-07-31 10:48:56 [INFO] 全局 CUDA 资源已释放
2026-07-31 10:48:56 [INFO] 检测系统资源已释放
2026-07-31 10:49:01 [INFO] CUDA 初始化成功
2026-07-31 10:49:01 [INFO] 引擎加载成功: dangerous.engine
2026-07-31 10:49:01 [INFO] 检测系统初始化成功
2026-07-31 10:49:01 [INFO] 图像预处理完成，原始尺寸: (2160, 3840)
2026-07-31 10:49:01 [INFO] 开始执行目标检测...
2026-07-31 10:49:01 [INFO] 检测完成，找到 3 个物体
2026-07-31 10:49:01 [INFO] 物体 1: GasCyl1 (置信度: 0.62)
2026-07-31 10:49:01 [INFO] 物体 2: FireExt1 (置信度: 0.45)
2026-07-31 10:49:01 [INFO] 物体 3: FireExt1 (置信度: 0.44)
2026-07-31 10:49:01 [INFO] 检测到车兜区域，将过滤区域外的目标
2026-07-31 10:49:01 [INFO] 准备保存检测结果到: C:\code\show\Scrap_Steel_In_Field\photos\dangerous_det\detection_20260731_104901.jpg
2026-07-31 10:49:01 [INFO] 图像形状: (2160, 3840, 3)
2026-07-31 10:49:01 [INFO] 图像数据类型: uint8
2026-07-31 10:49:01 [INFO] 图像最大值: 255
2026-07-31 10:49:01 [INFO] 图像最小值: 0
2026-07-31 10:49:01 [INFO] 开始保存检测结果图像: 图像尺寸=(2160, 3840, 3), 类型=uint8, 路径=C:\code\show\Scrap_Steel_In_Field\photos\dangerous_det\detection_20260731_104901.jpg
2026-07-31 10:49:01 [INFO] 成功保存检测结果到: C:\code\show\Scrap_Steel_In_Field\photos\dangerous_det\detection_20260731_104901.jpg
2026-07-31 10:49:01 [INFO] 保存的检测结果文件大小: 2173239 字节
2026-07-31 10:49:01 [INFO] 引擎上下文已释放
2026-07-31 10:49:01 [INFO] TensorRT 引擎已释放
2026-07-31 10:49:01 [INFO] 全局 CUDA 资源已释放
2026-07-31 10:49:01 [INFO] 检测系统资源已释放
2026-07-31 10:49:06 [INFO] CUDA 初始化成功
2026-07-31 10:49:06 [INFO] 引擎加载成功: dangerous.engine
2026-07-31 10:49:06 [INFO] 检测系统初始化成功
2026-07-31 10:49:06 [INFO] 图像预处理完成，原始尺寸: (2160, 3840)
2026-07-31 10:49:06 [INFO] 开始执行目标检测...
2026-07-31 10:49:06 [INFO] 检测完成，找到 3 个物体
2026-07-31 10:49:06 [INFO] 物体 1: GasCyl1 (置信度: 0.71)
2026-07-31 10:49:06 [INFO] 物体 2: FireExt1 (置信度: 0.46)
2026-07-31 10:49:06 [INFO] 物体 3: FireExt1 (置信度: 0.44)
2026-07-31 10:49:06 [INFO] 检测到车兜区域，将过滤区域外的目标
2026-07-31 10:49:06 [INFO] 准备保存检测结果到: C:\code\show\Scrap_Steel_In_Field\photos\dangerous_det\detection_20260731_104906.jpg
2026-07-31 10:49:06 [INFO] 图像形状: (2160, 3840, 3)
2026-07-31 10:49:06 [INFO] 图像数据类型: uint8
2026-07-31 10:49:06 [INFO] 图像最大值: 255
2026-07-31 10:49:06 [INFO] 图像最小值: 0
2026-07-31 10:49:06 [INFO] 开始保存检测结果图像: 图像尺寸=(2160, 3840, 3), 类型=uint8, 路径=C:\code\show\Scrap_Steel_In_Field\photos\dangerous_det\detection_20260731_104906.jpg
2026-07-31 10:49:06 [INFO] 成功保存检测结果到: C:\code\show\Scrap_Steel_In_Field\photos\dangerous_det\detection_20260731_104906.jpg
2026-07-31 10:49:06 [INFO] 保存的检测结果文件大小: 2174097 字节
2026-07-31 10:49:06 [INFO] 引擎上下文已释放
2026-07-31 10:49:06 [INFO] TensorRT 引擎已释放
2026-07-31 10:49:06 [INFO] 全局 CUDA 资源已释放
2026-07-31 10:49:06 [INFO] 检测系统资源已释放
2026-07-31 10:49:11 [INFO] CUDA 初始化成功
2026-07-31 10:49:11 [INFO] 引擎加载成功: dangerous.engine
2026-07-31 10:49:11 [INFO] 检测系统初始化成功
2026-07-31 10:49:11 [INFO] 图像预处理完成，原始尺寸: (2160, 3840)
2026-07-31 10:49:11 [INFO] 开始执行目标检测...
2026-07-31 10:49:12 [INFO] 检测完成，找到 3 个物体
2026-07-31 10:49:12 [INFO] 物体 1: GasCyl1 (置信度: 0.61)
2026-07-31 10:49:12 [INFO] 物体 2: FireExt1 (置信度: 0.46)
2026-07-31 10:49:12 [INFO] 物体 3: FireExt1 (置信度: 0.45)
2026-07-31 10:49:12 [INFO] 检测到车兜区域，将过滤区域外的目标
2026-07-31 10:49:12 [INFO] 准备保存检测结果到: C:\code\show\Scrap_Steel_In_Field\photos\dangerous_det\detection_20260731_104912.jpg
2026-07-31 10:49:12 [INFO] 图像形状: (2160, 3840, 3)
2026-07-31 10:49:12 [INFO] 图像数据类型: uint8
2026-07-31 10:49:12 [INFO] 图像最大值: 255
2026-07-31 10:49:12 [INFO] 图像最小值: 0
2026-07-31 10:49:12 [INFO] 开始保存检测结果图像: 图像尺寸=(2160, 3840, 3), 类型=uint8, 路径=C:\code\show\Scrap_Steel_In_Field\photos\dangerous_det\detection_20260731_104912.jpg
2026-07-31 10:49:12 [INFO] 成功保存检测结果到: C:\code\show\Scrap_Steel_In_Field\photos\dangerous_det\detection_20260731_104912.jpg
2026-07-31 10:49:12 [INFO] 保存的检测结果文件大小: 2176571 字节
2026-07-31 10:49:12 [INFO] 引擎上下文已释放
2026-07-31 10:49:12 [INFO] TensorRT 引擎已释放
2026-07-31 10:49:12 [INFO] 全局 CUDA 资源已释放
2026-07-31 10:49:12 [INFO] 检测系统资源已释放
2026-07-31 10:49:17 [INFO] CUDA 初始化成功
2026-07-31 10:49:17 [INFO] 引擎加载成功: dangerous.engine
2026-07-31 10:49:17 [INFO] 检测系统初始化成功
2026-07-31 10:49:17 [INFO] 图像预处理完成，原始尺寸: (2160, 3840)
2026-07-31 10:49:17 [INFO] 开始执行目标检测...
2026-07-31 10:49:17 [INFO] 检测完成，找到 3 个物体
2026-07-31 10:49:17 [INFO] 物体 1: GasCyl1 (置信度: 0.67)
2026-07-31 10:49:17 [INFO] 物体 2: FireExt1 (置信度: 0.45)
2026-07-31 10:49:17 [INFO] 物体 3: FireExt1 (置信度: 0.43)
2026-07-31 10:49:17 [INFO] 检测到车兜区域，将过滤区域外的目标
2026-07-31 10:49:17 [INFO] 准备保存检测结果到: C:\code\show\Scrap_Steel_In_Field\photos\dangerous_det\detection_20260731_104917.jpg
2026-07-31 10:49:17 [INFO] 图像形状: (2160, 3840, 3)
2026-07-31 10:49:17 [INFO] 图像数据类型: uint8
2026-07-31 10:49:17 [INFO] 图像最大值: 255
2026-07-31 10:49:17 [INFO] 图像最小值: 0
2026-07-31 10:49:17 [INFO] 开始保存检测结果图像: 图像尺寸=(2160, 3840, 3), 类型=uint8, 路径=C:\code\show\Scrap_Steel_In_Field\photos\dangerous_det\detection_20260731_104917.jpg
2026-07-31 10:49:17 [INFO] 成功保存检测结果到: C:\code\show\Scrap_Steel_In_Field\photos\dangerous_det\detection_20260731_104917.jpg
2026-07-31 10:49:17 [INFO] 保存的检测结果文件大小: 2175610 字节
2026-07-31 10:49:17 [INFO] 引擎上下文已释放
2026-07-31 10:49:17 [INFO] TensorRT 引擎已释放
2026-07-31 10:49:17 [INFO] 全局 CUDA 资源已释放
2026-07-31 10:49:17 [INFO] 检测系统资源已释放
2026-07-31 10:49:22 [INFO] CUDA 初始化成功
2026-07-31 10:49:22 [INFO] 引擎加载成功: dangerous.engine
2026-07-31 10:49:22 [INFO] 检测系统初始化成功
2026-07-31 10:49:22 [INFO] 图像预处理完成，原始尺寸: (2160, 3840)
2026-07-31 10:49:22 [INFO] 开始执行目标检测...
2026-07-31 10:49:22 [INFO] 检测完成，找到 3 个物体
2026-07-31 10:49:22 [INFO] 物体 1: GasCyl1 (置信度: 0.62)
2026-07-31 10:49:22 [INFO] 物体 2: FireExt1 (置信度: 0.46)
2026-07-31 10:49:22 [INFO] 物体 3: FireExt1 (置信度: 0.44)
2026-07-31 10:49:22 [INFO] 检测到车兜区域，将过滤区域外的目标
2026-07-31 10:49:22 [INFO] 准备保存检测结果到: C:\code\show\Scrap_Steel_In_Field\photos\dangerous_det\detection_20260731_104922.jpg
2026-07-31 10:49:22 [INFO] 图像形状: (2160, 3840, 3)
2026-07-31 10:49:22 [INFO] 图像数据类型: uint8
2026-07-31 10:49:22 [INFO] 图像最大值: 255
2026-07-31 10:49:22 [INFO] 图像最小值: 0
2026-07-31 10:49:22 [INFO] 开始保存检测结果图像: 图像尺寸=(2160, 3840, 3), 类型=uint8, 路径=C:\code\show\Scrap_Steel_In_Field\photos\dangerous_det\detection_20260731_104922.jpg
2026-07-31 10:49:22 [INFO] 成功保存检测结果到: C:\code\show\Scrap_Steel_In_Field\photos\dangerous_det\detection_20260731_104922.jpg
2026-07-31 10:49:22 [INFO] 保存的检测结果文件大小: 2180318 字节
2026-07-31 10:49:22 [INFO] 引擎上下文已释放
2026-07-31 10:49:22 [INFO] TensorRT 引擎已释放
2026-07-31 10:49:22 [INFO] 全局 CUDA 资源已释放
2026-07-31 10:49:22 [INFO] 检测系统资源已释放
2026-07-31 10:49:27 [INFO] CUDA 初始化成功
2026-07-31 10:49:27 [INFO] 引擎加载成功: dangerous.engine
2026-07-31 10:49:27 [INFO] 检测系统初始化成功
2026-07-31 10:49:27 [INFO] 图像预处理完成，原始尺寸: (2160, 3840)
2026-07-31 10:49:27 [INFO] 开始执行目标检测...
2026-07-31 10:49:27 [INFO] 检测完成，找到 3 个物体
2026-07-31 10:49:27 [INFO] 物体 1: GasCyl1 (置信度: 0.66)
2026-07-31 10:49:27 [INFO] 物体 2: FireExt1 (置信度: 0.44)
2026-07-31 10:49:27 [INFO] 物体 3: FireExt1 (置信度: 0.43)
2026-07-31 10:49:27 [INFO] 检测到车兜区域，将过滤区域外的目标
2026-07-31 10:49:27 [INFO] 准备保存检测结果到: C:\code\show\Scrap_Steel_In_Field\photos\dangerous_det\detection_20260731_104927.jpg
2026-07-31 10:49:27 [INFO] 图像形状: (2160, 3840, 3)
2026-07-31 10:49:27 [INFO] 图像数据类型: uint8
2026-07-31 10:49:27 [INFO] 图像最大值: 255
2026-07-31 10:49:27 [INFO] 图像最小值: 0
2026-07-31 10:49:27 [INFO] 开始保存检测结果图像: 图像尺寸=(2160, 3840, 3), 类型=uint8, 路径=C:\code\show\Scrap_Steel_In_Field\photos\dangerous_det\detection_20260731_104927.jpg
2026-07-31 10:49:28 [INFO] 成功保存检测结果到: C:\code\show\Scrap_Steel_In_Field\photos\dangerous_det\detection_20260731_104927.jpg
2026-07-31 10:49:28 [INFO] 保存的检测结果文件大小: 2176388 字节
2026-07-31 10:49:28 [INFO] 引擎上下文已释放
2026-07-31 10:49:28 [INFO] TensorRT 引擎已释放
2026-07-31 10:49:28 [INFO] 全局 CUDA 资源已释放
2026-07-31 10:49:28 [INFO] 检测系统资源已释放
2026-07-31 10:49:32 [INFO] CUDA 初始化成功
2026-07-31 10:49:33 [INFO] 引擎加载成功: dangerous.engine
2026-07-31 10:49:33 [INFO] 检测系统初始化成功
2026-07-31 10:49:33 [INFO] 图像预处理完成，原始尺寸: (2160, 3840)
2026-07-31 10:49:33 [INFO] 开始执行目标检测...
2026-07-31 10:49:33 [INFO] 检测完成，找到 3 个物体
2026-07-31 10:49:33 [INFO] 物体 1: GasCyl1 (置信度: 0.69)
2026-07-31 10:49:33 [INFO] 物体 2: FireExt1 (置信度: 0.45)
2026-07-31 10:49:33 [INFO] 物体 3: FireExt1 (置信度: 0.44)
2026-07-31 10:49:33 [INFO] 检测到车兜区域，将过滤区域外的目标
2026-07-31 10:49:33 [INFO] 准备保存检测结果到: C:\code\show\Scrap_Steel_In_Field\photos\dangerous_det\detection_20260731_104933.jpg
2026-07-31 10:49:33 [INFO] 图像形状: (2160, 3840, 3)
2026-07-31 10:49:33 [INFO] 图像数据类型: uint8
2026-07-31 10:49:33 [INFO] 图像最大值: 255
2026-07-31 10:49:33 [INFO] 图像最小值: 0
2026-07-31 10:49:33 [INFO] 开始保存检测结果图像: 图像尺寸=(2160, 3840, 3), 类型=uint8, 路径=C:\code\show\Scrap_Steel_In_Field\photos\dangerous_det\detection_20260731_104933.jpg
2026-07-31 10:49:33 [INFO] 成功保存检测结果到: C:\code\show\Scrap_Steel_In_Field\photos\dangerous_det\detection_20260731_104933.jpg
2026-07-31 10:49:33 [INFO] 保存的检测结果文件大小: 2181206 字节
2026-07-31 10:49:33 [INFO] 引擎上下文已释放
2026-07-31 10:49:33 [INFO] TensorRT 引擎已释放
2026-07-31 10:49:33 [INFO] 全局 CUDA 资源已释放
2026-07-31 10:49:33 [INFO] 检测系统资源已释放
2026-07-31 10:49:38 [INFO] CUDA 初始化成功
2026-07-31 10:49:38 [INFO] 引擎加载成功: dangerous.engine
2026-07-31 10:49:38 [INFO] 检测系统初始化成功
2026-07-31 10:49:38 [INFO] 图像预处理完成，原始尺寸: (2160, 3840)
2026-07-31 10:49:38 [INFO] 开始执行目标检测...
2026-07-31 10:49:38 [INFO] 检测完成，找到 3 个物体
2026-07-31 10:49:38 [INFO] 物体 1: GasCyl1 (置信度: 0.71)
2026-07-31 10:49:38 [INFO] 物体 2: FireExt1 (置信度: 0.44)
2026-07-31 10:49:38 [INFO] 物体 3: FireExt1 (置信度: 0.41)
2026-07-31 10:49:38 [INFO] 检测到车兜区域，将过滤区域外的目标
2026-07-31 10:49:38 [INFO] 准备保存检测结果到: C:\code\show\Scrap_Steel_In_Field\photos\dangerous_det\detection_20260731_104938.jpg
2026-07-31 10:49:38 [INFO] 图像形状: (2160, 3840, 3)
2026-07-31 10:49:38 [INFO] 图像数据类型: uint8
2026-07-31 10:49:38 [INFO] 图像最大值: 255
2026-07-31 10:49:38 [INFO] 图像最小值: 0
2026-07-31 10:49:38 [INFO] 开始保存检测结果图像: 图像尺寸=(2160, 3840, 3), 类型=uint8, 路径=C:\code\show\Scrap_Steel_In_Field\photos\dangerous_det\detection_20260731_104938.jpg
2026-07-31 10:49:38 [INFO] 成功保存检测结果到: C:\code\show\Scrap_Steel_In_Field\photos\dangerous_det\detection_20260731_104938.jpg
2026-07-31 10:49:38 [INFO] 保存的检测结果文件大小: 2179890 字节
2026-07-31 10:49:38 [INFO] 引擎上下文已释放
2026-07-31 10:49:38 [INFO] TensorRT 引擎已释放
2026-07-31 10:49:38 [INFO] 全局 CUDA 资源已释放
2026-07-31 10:49:38 [INFO] 检测系统资源已释放
2026-07-31 10:49:43 [INFO] CUDA 初始化成功
2026-07-31 10:49:43 [INFO] 引擎加载成功: dangerous.engine
2026-07-31 10:49:43 [INFO] 检测系统初始化成功
2026-07-31 10:49:43 [INFO] 图像预处理完成，原始尺寸: (2160, 3840)
2026-07-31 10:49:43 [INFO] 开始执行目标检测...
2026-07-31 10:49:43 [INFO] 检测完成，找到 3 个物体
2026-07-31 10:49:43 [INFO] 物体 1: GasCyl1 (置信度: 0.61)
2026-07-31 10:49:43 [INFO] 物体 2: FireExt1 (置信度: 0.44)
2026-07-31 10:49:43 [INFO] 物体 3: FireExt1 (置信度: 0.43)
2026-07-31 10:49:43 [INFO] 检测到车兜区域，将过滤区域外的目标
2026-07-31 10:49:43 [INFO] 准备保存检测结果到: C:\code\show\Scrap_Steel_In_Field\photos\dangerous_det\detection_20260731_104943.jpg
2026-07-31 10:49:43 [INFO] 图像形状: (2160, 3840, 3)
2026-07-31 10:49:43 [INFO] 图像数据类型: uint8
2026-07-31 10:49:43 [INFO] 图像最大值: 255
2026-07-31 10:49:43 [INFO] 图像最小值: 0
2026-07-31 10:49:43 [INFO] 开始保存检测结果图像: 图像尺寸=(2160, 3840, 3), 类型=uint8, 路径=C:\code\show\Scrap_Steel_In_Field\photos\dangerous_det\detection_20260731_104943.jpg
2026-07-31 10:49:43 [INFO] 成功保存检测结果到: C:\code\show\Scrap_Steel_In_Field\photos\dangerous_det\detection_20260731_104943.jpg
2026-07-31 10:49:43 [INFO] 保存的检测结果文件大小: 2180458 字节
2026-07-31 10:49:43 [INFO] 引擎上下文已释放
2026-07-31 10:49:43 [INFO] TensorRT 引擎已释放
2026-07-31 10:49:43 [INFO] 全局 CUDA 资源已释放
2026-07-31 10:49:43 [INFO] 检测系统资源已释放
2026-07-31 10:49:48 [INFO] CUDA 初始化成功
2026-07-31 10:49:48 [INFO] 引擎加载成功: dangerous.engine
2026-07-31 10:49:48 [INFO] 检测系统初始化成功
2026-07-31 10:49:48 [INFO] 图像预处理完成，原始尺寸: (2160, 3840)
2026-07-31 10:49:48 [INFO] 开始执行目标检测...
2026-07-31 10:49:49 [INFO] 检测完成，找到 3 个物体
2026-07-31 10:49:49 [INFO] 物体 1: GasCyl1 (置信度: 0.65)
2026-07-31 10:49:49 [INFO] 物体 2: FireExt1 (置信度: 0.46)
2026-07-31 10:49:49 [INFO] 物体 3: FireExt1 (置信度: 0.44)
2026-07-31 10:49:49 [INFO] 检测到车兜区域，将过滤区域外的目标
2026-07-31 10:49:49 [INFO] 准备保存检测结果到: C:\code\show\Scrap_Steel_In_Field\photos\dangerous_det\detection_20260731_104949.jpg
2026-07-31 10:49:49 [INFO] 图像形状: (2160, 3840, 3)
2026-07-31 10:49:49 [INFO] 图像数据类型: uint8
2026-07-31 10:49:49 [INFO] 图像最大值: 255
2026-07-31 10:49:49 [INFO] 图像最小值: 0
2026-07-31 10:49:49 [INFO] 开始保存检测结果图像: 图像尺寸=(2160, 3840, 3), 类型=uint8, 路径=C:\code\show\Scrap_Steel_In_Field\photos\dangerous_det\detection_20260731_104949.jpg
2026-07-31 10:49:49 [INFO] 成功保存检测结果到: C:\code\show\Scrap_Steel_In_Field\photos\dangerous_det\detection_20260731_104949.jpg
2026-07-31 10:49:49 [INFO] 保存的检测结果文件大小: 2181290 字节
2026-07-31 10:49:49 [INFO] 引擎上下文已释放
2026-07-31 10:49:49 [INFO] TensorRT 引擎已释放
2026-07-31 10:49:49 [INFO] 全局 CUDA 资源已释放
2026-07-31 10:49:49 [INFO] 检测系统资源已释放
2026-07-31 10:49:54 [INFO] CUDA 初始化成功
2026-07-31 10:49:54 [INFO] 引擎加载成功: dangerous.engine
2026-07-31 10:49:54 [INFO] 检测系统初始化成功
2026-07-31 10:49:54 [INFO] 图像预处理完成，原始尺寸: (2160, 3840)
2026-07-31 10:49:54 [INFO] 开始执行目标检测...
2026-07-31 10:49:54 [INFO] 检测完成，找到 3 个物体
2026-07-31 10:49:54 [INFO] 物体 1: GasCyl1 (置信度: 0.67)
2026-07-31 10:49:54 [INFO] 物体 2: FireExt1 (置信度: 0.46)
2026-07-31 10:49:54 [INFO] 物体 3: FireExt1 (置信度: 0.46)
2026-07-31 10:49:54 [INFO] 检测到车兜区域，将过滤区域外的目标
2026-07-31 10:49:54 [INFO] 准备保存检测结果到: C:\code\show\Scrap_Steel_In_Field\photos\dangerous_det\detection_20260731_104954.jpg
2026-07-31 10:49:54 [INFO] 图像形状: (2160, 3840, 3)
2026-07-31 10:49:54 [INFO] 图像数据类型: uint8
2026-07-31 10:49:54 [INFO] 图像最大值: 255
2026-07-31 10:49:54 [INFO] 图像最小值: 0
2026-07-31 10:49:54 [INFO] 开始保存检测结果图像: 图像尺寸=(2160, 3840, 3), 类型=uint8, 路径=C:\code\show\Scrap_Steel_In_Field\photos\dangerous_det\detection_20260731_104954.jpg
2026-07-31 10:49:54 [INFO] 成功保存检测结果到: C:\code\show\Scrap_Steel_In_Field\photos\dangerous_det\detection_20260731_104954.jpg
2026-07-31 10:49:54 [INFO] 保存的检测结果文件大小: 2186237 字节
2026-07-31 10:49:54 [INFO] 引擎上下文已释放
2026-07-31 10:49:54 [INFO] TensorRT 引擎已释放
2026-07-31 10:49:54 [INFO] 全局 CUDA 资源已释放
2026-07-31 10:49:54 [INFO] 检测系统资源已释放
2026-07-31 10:49:59 [INFO] CUDA 初始化成功
2026-07-31 10:49:59 [INFO] 引擎加载成功: dangerous.engine
2026-07-31 10:49:59 [INFO] 检测系统初始化成功
2026-07-31 10:49:59 [INFO] 图像预处理完成，原始尺寸: (2160, 3840)
2026-07-31 10:49:59 [INFO] 开始执行目标检测...
2026-07-31 10:49:59 [INFO] 检测完成，找到 3 个物体
2026-07-31 10:49:59 [INFO] 物体 1: GasCyl1 (置信度: 0.65)
2026-07-31 10:49:59 [INFO] 物体 2: FireExt1 (置信度: 0.46)
2026-07-31 10:49:59 [INFO] 物体 3: FireExt1 (置信度: 0.43)
2026-07-31 10:49:59 [INFO] 检测到车兜区域，将过滤区域外的目标
2026-07-31 10:49:59 [INFO] 准备保存检测结果到: C:\code\show\Scrap_Steel_In_Field\photos\dangerous_det\detection_20260731_104959.jpg
2026-07-31 10:49:59 [INFO] 图像形状: (2160, 3840, 3)
2026-07-31 10:49:59 [INFO] 图像数据类型: uint8
2026-07-31 10:49:59 [INFO] 图像最大值: 255
2026-07-31 10:49:59 [INFO] 图像最小值: 0
2026-07-31 10:49:59 [INFO] 开始保存检测结果图像: 图像尺寸=(2160, 3840, 3), 类型=uint8, 路径=C:\code\show\Scrap_Steel_In_Field\photos\dangerous_det\detection_20260731_104959.jpg
2026-07-31 10:49:59 [INFO] 成功保存检测结果到: C:\code\show\Scrap_Steel_In_Field\photos\dangerous_det\detection_20260731_104959.jpg
2026-07-31 10:49:59 [INFO] 保存的检测结果文件大小: 2185058 字节
2026-07-31 10:49:59 [INFO] 引擎上下文已释放
2026-07-31 10:49:59 [INFO] TensorRT 引擎已释放
2026-07-31 10:49:59 [INFO] 全局 CUDA 资源已释放
2026-07-31 10:49:59 [INFO] 检测系统资源已释放
2026-07-31 10:50:04 [INFO] CUDA 初始化成功
2026-07-31 10:50:04 [INFO] 引擎加载成功: dangerous.engine
2026-07-31 10:50:04 [INFO] 检测系统初始化成功
2026-07-31 10:50:04 [INFO] 图像预处理完成，原始尺寸: (2160, 3840)
2026-07-31 10:50:04 [INFO] 开始执行目标检测...
2026-07-31 10:50:04 [INFO] 检测完成，找到 3 个物体
2026-07-31 10:50:04 [INFO] 物体 1: GasCyl1 (置信度: 0.69)
2026-07-31 10:50:04 [INFO] 物体 2: FireExt1 (置信度: 0.46)
2026-07-31 10:50:04 [INFO] 物体 3: FireExt1 (置信度: 0.41)
2026-07-31 10:50:04 [INFO] 检测到车兜区域，将过滤区域外的目标
2026-07-31 10:50:04 [INFO] 准备保存检测结果到: C:\code\show\Scrap_Steel_In_Field\photos\dangerous_det\detection_20260731_105004.jpg
2026-07-31 10:50:04 [INFO] 图像形状: (2160, 3840, 3)
2026-07-31 10:50:04 [INFO] 图像数据类型: uint8
2026-07-31 10:50:04 [INFO] 图像最大值: 255
2026-07-31 10:50:04 [INFO] 图像最小值: 0
2026-07-31 10:50:04 [INFO] 开始保存检测结果图像: 图像尺寸=(2160, 3840, 3), 类型=uint8, 路径=C:\code\show\Scrap_Steel_In_Field\photos\dangerous_det\detection_20260731_105004.jpg
2026-07-31 10:50:05 [INFO] 成功保存检测结果到: C:\code\show\Scrap_Steel_In_Field\photos\dangerous_det\detection_20260731_105004.jpg
2026-07-31 10:50:05 [INFO] 保存的检测结果文件大小: 2189046 字节
2026-07-31 10:50:05 [INFO] 引擎上下文已释放
2026-07-31 10:50:05 [INFO] TensorRT 引擎已释放
2026-07-31 10:50:05 [INFO] 全局 CUDA 资源已释放
2026-07-31 10:50:05 [INFO] 检测系统资源已释放
2026-07-31 10:50:10 [INFO] CUDA 初始化成功
2026-07-31 10:50:10 [INFO] 引擎加载成功: dangerous.engine
2026-07-31 10:50:10 [INFO] 检测系统初始化成功
2026-07-31 10:50:10 [INFO] 图像预处理完成，原始尺寸: (2160, 3840)
2026-07-31 10:50:10 [INFO] 开始执行目标检测...
2026-07-31 10:50:10 [INFO] 检测完成，找到 3 个物体
2026-07-31 10:50:10 [INFO] 物体 1: GasCyl1 (置信度: 0.67)
2026-07-31 10:50:10 [INFO] 物体 2: FireExt1 (置信度: 0.45)
2026-07-31 10:50:10 [INFO] 物体 3: FireExt1 (置信度: 0.43)
2026-07-31 10:50:10 [INFO] 检测到车兜区域，将过滤区域外的目标
2026-07-31 10:50:10 [INFO] 准备保存检测结果到: C:\code\show\Scrap_Steel_In_Field\photos\dangerous_det\detection_20260731_105010.jpg
2026-07-31 10:50:10 [INFO] 图像形状: (2160, 3840, 3)
2026-07-31 10:50:10 [INFO] 图像数据类型: uint8
2026-07-31 10:50:10 [INFO] 图像最大值: 255
2026-07-31 10:50:10 [INFO] 图像最小值: 0
2026-07-31 10:50:10 [INFO] 开始保存检测结果图像: 图像尺寸=(2160, 3840, 3), 类型=uint8, 路径=C:\code\show\Scrap_Steel_In_Field\photos\dangerous_det\detection_20260731_105010.jpg
2026-07-31 10:50:10 [INFO] 成功保存检测结果到: C:\code\show\Scrap_Steel_In_Field\photos\dangerous_det\detection_20260731_105010.jpg
2026-07-31 10:50:10 [INFO] 保存的检测结果文件大小: 2192325 字节
2026-07-31 10:50:10 [INFO] 引擎上下文已释放
2026-07-31 10:50:10 [INFO] TensorRT 引擎已释放
2026-07-31 10:50:10 [INFO] 全局 CUDA 资源已释放
2026-07-31 10:50:10 [INFO] 检测系统资源已释放
2026-07-31 10:50:15 [INFO] CUDA 初始化成功
2026-07-31 10:50:15 [INFO] 引擎加载成功: dangerous.engine
2026-07-31 10:50:15 [INFO] 检测系统初始化成功
2026-07-31 10:50:15 [INFO] 图像预处理完成，原始尺寸: (2160, 3840)
2026-07-31 10:50:15 [INFO] 开始执行目标检测...
2026-07-31 10:50:15 [INFO] 检测完成，找到 3 个物体
2026-07-31 10:50:15 [INFO] 物体 1: GasCyl1 (置信度: 0.64)
2026-07-31 10:50:15 [INFO] 物体 2: FireExt1 (置信度: 0.44)
2026-07-31 10:50:15 [INFO] 物体 3: FireExt1 (置信度: 0.42)
2026-07-31 10:50:15 [INFO] 检测到车兜区域，将过滤区域外的目标
2026-07-31 10:50:15 [INFO] 准备保存检测结果到: C:\code\show\Scrap_Steel_In_Field\photos\dangerous_det\detection_20260731_105015.jpg
2026-07-31 10:50:15 [INFO] 图像形状: (2160, 3840, 3)
2026-07-31 10:50:15 [INFO] 图像数据类型: uint8
2026-07-31 10:50:15 [INFO] 图像最大值: 255
2026-07-31 10:50:15 [INFO] 图像最小值: 0
2026-07-31 10:50:15 [INFO] 开始保存检测结果图像: 图像尺寸=(2160, 3840, 3), 类型=uint8, 路径=C:\code\show\Scrap_Steel_In_Field\photos\dangerous_det\detection_20260731_105015.jpg
2026-07-31 10:50:15 [INFO] 成功保存检测结果到: C:\code\show\Scrap_Steel_In_Field\photos\dangerous_det\detection_20260731_105015.jpg
2026-07-31 10:50:15 [INFO] 保存的检测结果文件大小: 2194783 字节
2026-07-31 10:50:15 [INFO] 引擎上下文已释放
2026-07-31 10:50:15 [INFO] TensorRT 引擎已释放
2026-07-31 10:50:15 [INFO] 全局 CUDA 资源已释放
2026-07-31 10:50:15 [INFO] 检测系统资源已释放
2026-07-31 10:50:20 [INFO] CUDA 初始化成功
2026-07-31 10:50:21 [INFO] 引擎加载成功: dangerous.engine
2026-07-31 10:50:21 [INFO] 检测系统初始化成功
2026-07-31 10:50:21 [INFO] 图像预处理完成，原始尺寸: (2160, 3840)
2026-07-31 10:50:21 [INFO] 开始执行目标检测...
2026-07-31 10:50:21 [INFO] 检测完成，找到 3 个物体
2026-07-31 10:50:21 [INFO] 物体 1: GasCyl1 (置信度: 0.61)
2026-07-31 10:50:21 [INFO] 物体 2: FireExt1 (置信度: 0.47)
2026-07-31 10:50:21 [INFO] 物体 3: FireExt1 (置信度: 0.44)
2026-07-31 10:50:21 [INFO] 检测到车兜区域，将过滤区域外的目标
2026-07-31 10:50:21 [INFO] 准备保存检测结果到: C:\code\show\Scrap_Steel_In_Field\photos\dangerous_det\detection_20260731_105021.jpg
2026-07-31 10:50:21 [INFO] 图像形状: (2160, 3840, 3)
2026-07-31 10:50:21 [INFO] 图像数据类型: uint8
2026-07-31 10:50:21 [INFO] 图像最大值: 255
2026-07-31 10:50:21 [INFO] 图像最小值: 0
2026-07-31 10:50:21 [INFO] 开始保存检测结果图像: 图像尺寸=(2160, 3840, 3), 类型=uint8, 路径=C:\code\show\Scrap_Steel_In_Field\photos\dangerous_det\detection_20260731_105021.jpg
2026-07-31 10:50:21 [INFO] 成功保存检测结果到: C:\code\show\Scrap_Steel_In_Field\photos\dangerous_det\detection_20260731_105021.jpg
2026-07-31 10:50:21 [INFO] 保存的检测结果文件大小: 2195627 字节
2026-07-31 10:50:21 [INFO] 引擎上下文已释放
2026-07-31 10:50:21 [INFO] TensorRT 引擎已释放
2026-07-31 10:50:21 [INFO] 全局 CUDA 资源已释放
2026-07-31 10:50:21 [INFO] 检测系统资源已释放
2026-07-31 10:50:25 [INFO] CUDA 初始化成功
2026-07-31 10:50:25 [INFO] 引擎加载成功: dangerous.engine
2026-07-31 10:50:25 [INFO] 检测系统初始化成功
2026-07-31 10:50:25 [INFO] 图像预处理完成，原始尺寸: (2160, 3840)
2026-07-31 10:50:25 [INFO] 开始执行目标检测...
2026-07-31 10:50:25 [INFO] 检测完成，找到 3 个物体
2026-07-31 10:50:25 [INFO] 物体 1: GasCyl1 (置信度: 0.71)
2026-07-31 10:50:25 [INFO] 物体 2: FireExt1 (置信度: 0.46)
2026-07-31 10:50:25 [INFO] 物体 3: FireExt1 (置信度: 0.44)
2026-07-31 10:50:25 [INFO] 检测到车兜区域，将过滤区域外的目标
2026-07-31 10:50:25 [INFO] 准备保存检测结果到: C:\code\show\Scrap_Steel_In_Field\photos\dangerous_det\detection_20260731_105025.jpg
2026-07-31 10:50:25 [INFO] 图像形状: (2160, 3840, 3)
2026-07-31 10:50:25 [INFO] 图像数据类型: uint8
2026-07-31 10:50:25 [INFO] 图像最大值: 255
2026-07-31 10:50:25 [INFO] 图像最小值: 0
2026-07-31 10:50:26 [INFO] 开始保存检测结果图像: 图像尺寸=(2160, 3840, 3), 类型=uint8, 路径=C:\code\show\Scrap_Steel_In_Field\photos\dangerous_det\detection_20260731_105025.jpg
2026-07-31 10:50:26 [INFO] 成功保存检测结果到: C:\code\show\Scrap_Steel_In_Field\photos\dangerous_det\detection_20260731_105025.jpg
2026-07-31 10:50:26 [INFO] 保存的检测结果文件大小: 2195405 字节
2026-07-31 10:50:26 [INFO] 引擎上下文已释放
2026-07-31 10:50:26 [INFO] TensorRT 引擎已释放
2026-07-31 10:50:26 [INFO] 全局 CUDA 资源已释放
2026-07-31 10:50:26 [INFO] 检测系统资源已释放
2026-07-31 10:50:31 [INFO] CUDA 初始化成功
2026-07-31 10:50:31 [INFO] 引擎加载成功: dangerous.engine
2026-07-31 10:50:31 [INFO] 检测系统初始化成功
2026-07-31 10:50:31 [INFO] 图像预处理完成，原始尺寸: (2160, 3840)
2026-07-31 10:50:31 [INFO] 开始执行目标检测...
2026-07-31 10:50:31 [INFO] 检测完成，找到 3 个物体
2026-07-31 10:50:31 [INFO] 物体 1: GasCyl1 (置信度: 0.67)
2026-07-31 10:50:31 [INFO] 物体 2: FireExt1 (置信度: 0.46)
2026-07-31 10:50:31 [INFO] 物体 3: FireExt1 (置信度: 0.43)
2026-07-31 10:50:31 [INFO] 检测到车兜区域，将过滤区域外的目标
2026-07-31 10:50:31 [INFO] 准备保存检测结果到: C:\code\show\Scrap_Steel_In_Field\photos\dangerous_det\detection_20260731_105031.jpg
2026-07-31 10:50:31 [INFO] 图像形状: (2160, 3840, 3)
2026-07-31 10:50:31 [INFO] 图像数据类型: uint8
2026-07-31 10:50:31 [INFO] 图像最大值: 255
2026-07-31 10:50:31 [INFO] 图像最小值: 0
2026-07-31 10:50:31 [INFO] 开始保存检测结果图像: 图像尺寸=(2160, 3840, 3), 类型=uint8, 路径=C:\code\show\Scrap_Steel_In_Field\photos\dangerous_det\detection_20260731_105031.jpg
2026-07-31 10:50:31 [INFO] 成功保存检测结果到: C:\code\show\Scrap_Steel_In_Field\photos\dangerous_det\detection_20260731_105031.jpg
2026-07-31 10:50:31 [INFO] 保存的检测结果文件大小: 2196155 字节
2026-07-31 10:50:31 [INFO] 引擎上下文已释放
2026-07-31 10:50:31 [INFO] TensorRT 引擎已释放
2026-07-31 10:50:31 [INFO] 全局 CUDA 资源已释放
2026-07-31 10:50:31 [INFO] 检测系统资源已释放
2026-07-31 10:50:36 [INFO] CUDA 初始化成功
2026-07-31 10:50:36 [INFO] 引擎加载成功: dangerous.engine
2026-07-31 10:50:36 [INFO] 检测系统初始化成功
2026-07-31 10:50:36 [INFO] 图像预处理完成，原始尺寸: (2160, 3840)
2026-07-31 10:50:36 [INFO] 开始执行目标检测...
2026-07-31 10:50:36 [INFO] 检测完成，找到 3 个物体
2026-07-31 10:50:36 [INFO] 物体 1: GasCyl1 (置信度: 0.73)
2026-07-31 10:50:36 [INFO] 物体 2: FireExt1 (置信度: 0.46)
2026-07-31 10:50:36 [INFO] 物体 3: FireExt1 (置信度: 0.44)
2026-07-31 10:50:36 [INFO] 检测到车兜区域，将过滤区域外的目标
2026-07-31 10:50:36 [INFO] 准备保存检测结果到: C:\code\show\Scrap_Steel_In_Field\photos\dangerous_det\detection_20260731_105036.jpg
2026-07-31 10:50:36 [INFO] 图像形状: (2160, 3840, 3)
2026-07-31 10:50:36 [INFO] 图像数据类型: uint8
2026-07-31 10:50:36 [INFO] 图像最大值: 255
2026-07-31 10:50:36 [INFO] 图像最小值: 0
2026-07-31 10:50:36 [INFO] 开始保存检测结果图像: 图像尺寸=(2160, 3840, 3), 类型=uint8, 路径=C:\code\show\Scrap_Steel_In_Field\photos\dangerous_det\detection_20260731_105036.jpg
2026-07-31 10:50:36 [INFO] 成功保存检测结果到: C:\code\show\Scrap_Steel_In_Field\photos\dangerous_det\detection_20260731_105036.jpg
2026-07-31 10:50:36 [INFO] 保存的检测结果文件大小: 2197174 字节
2026-07-31 10:50:36 [INFO] 引擎上下文已释放
2026-07-31 10:50:36 [INFO] TensorRT 引擎已释放
2026-07-31 10:50:36 [INFO] 全局 CUDA 资源已释放
2026-07-31 10:50:36 [INFO] 检测系统资源已释放
2026-07-31 10:50:41 [INFO] CUDA 初始化成功
2026-07-31 10:50:41 [INFO] 引擎加载成功: dangerous.engine
2026-07-31 10:50:41 [INFO] 检测系统初始化成功
2026-07-31 10:50:41 [INFO] 图像预处理完成，原始尺寸: (2160, 3840)
2026-07-31 10:50:41 [INFO] 开始执行目标检测...
2026-07-31 10:50:41 [INFO] 检测完成，找到 3 个物体
2026-07-31 10:50:41 [INFO] 物体 1: GasCyl1 (置信度: 0.69)
2026-07-31 10:50:41 [INFO] 物体 2: FireExt1 (置信度: 0.44)
2026-07-31 10:50:41 [INFO] 物体 3: FireExt1 (置信度: 0.38)
2026-07-31 10:50:41 [INFO] 检测到车兜区域，将过滤区域外的目标
2026-07-31 10:50:41 [INFO] 准备保存检测结果到: C:\code\show\Scrap_Steel_In_Field\photos\dangerous_det\detection_20260731_105041.jpg
2026-07-31 10:50:41 [INFO] 图像形状: (2160, 3840, 3)
2026-07-31 10:50:41 [INFO] 图像数据类型: uint8
2026-07-31 10:50:41 [INFO] 图像最大值: 255
2026-07-31 10:50:41 [INFO] 图像最小值: 0
2026-07-31 10:50:42 [INFO] 开始保存检测结果图像: 图像尺寸=(2160, 3840, 3), 类型=uint8, 路径=C:\code\show\Scrap_Steel_In_Field\photos\dangerous_det\detection_20260731_105041.jpg
2026-07-31 10:50:42 [INFO] 成功保存检测结果到: C:\code\show\Scrap_Steel_In_Field\photos\dangerous_det\detection_20260731_105041.jpg
2026-07-31 10:50:42 [INFO] 保存的检测结果文件大小: 2198692 字节
2026-07-31 10:50:42 [INFO] 引擎上下文已释放
2026-07-31 10:50:42 [INFO] TensorRT 引擎已释放
2026-07-31 10:50:42 [INFO] 全局 CUDA 资源已释放
2026-07-31 10:50:42 [INFO] 检测系统资源已释放
2026-07-31 10:50:47 [INFO] CUDA 初始化成功
2026-07-31 10:50:47 [INFO] 引擎加载成功: dangerous.engine
2026-07-31 10:50:47 [INFO] 检测系统初始化成功
2026-07-31 10:50:47 [INFO] 图像预处理完成，原始尺寸: (2160, 3840)
2026-07-31 10:50:47 [INFO] 开始执行目标检测...
2026-07-31 10:50:47 [INFO] 检测完成，找到 3 个物体
2026-07-31 10:50:47 [INFO] 物体 1: GasCyl1 (置信度: 0.68)
2026-07-31 10:50:47 [INFO] 物体 2: FireExt1 (置信度: 0.44)
2026-07-31 10:50:47 [INFO] 物体 3: FireExt1 (置信度: 0.44)
2026-07-31 10:50:47 [INFO] 检测到车兜区域，将过滤区域外的目标
2026-07-31 10:50:47 [INFO] 准备保存检测结果到: C:\code\show\Scrap_Steel_In_Field\photos\dangerous_det\detection_20260731_105047.jpg
2026-07-31 10:50:47 [INFO] 图像形状: (2160, 3840, 3)
2026-07-31 10:50:47 [INFO] 图像数据类型: uint8
2026-07-31 10:50:47 [INFO] 图像最大值: 255
2026-07-31 10:50:47 [INFO] 图像最小值: 0
2026-07-31 10:50:47 [INFO] 开始保存检测结果图像: 图像尺寸=(2160, 3840, 3), 类型=uint8, 路径=C:\code\show\Scrap_Steel_In_Field\photos\dangerous_det\detection_20260731_105047.jpg
2026-07-31 10:50:47 [INFO] 成功保存检测结果到: C:\code\show\Scrap_Steel_In_Field\photos\dangerous_det\detection_20260731_105047.jpg
2026-07-31 10:50:47 [INFO] 保存的检测结果文件大小: 2199697 字节
2026-07-31 10:50:47 [INFO] 引擎上下文已释放
2026-07-31 10:50:47 [INFO] TensorRT 引擎已释放
2026-07-31 10:50:47 [INFO] 全局 CUDA 资源已释放
2026-07-31 10:50:47 [INFO] 检测系统资源已释放
2026-07-31 10:50:52 [INFO] CUDA 初始化成功
2026-07-31 10:50:52 [INFO] 引擎加载成功: dangerous.engine
2026-07-31 10:50:52 [INFO] 检测系统初始化成功
2026-07-31 10:50:52 [INFO] 图像预处理完成，原始尺寸: (2160, 3840)
2026-07-31 10:50:52 [INFO] 开始执行目标检测...
2026-07-31 10:50:52 [INFO] 检测完成，找到 3 个物体
2026-07-31 10:50:52 [INFO] 物体 1: GasCyl1 (置信度: 0.61)
2026-07-31 10:50:52 [INFO] 物体 2: FireExt1 (置信度: 0.44)
2026-07-31 10:50:52 [INFO] 物体 3: FireExt1 (置信度: 0.42)
2026-07-31 10:50:52 [INFO] 检测到车兜区域，将过滤区域外的目标
2026-07-31 10:50:52 [INFO] 准备保存检测结果到: C:\code\show\Scrap_Steel_In_Field\photos\dangerous_det\detection_20260731_105052.jpg
2026-07-31 10:50:52 [INFO] 图像形状: (2160, 3840, 3)
2026-07-31 10:50:52 [INFO] 图像数据类型: uint8
2026-07-31 10:50:52 [INFO] 图像最大值: 255
2026-07-31 10:50:53 [INFO] 图像最小值: 0
2026-07-31 10:50:53 [INFO] 开始保存检测结果图像: 图像尺寸=(2160, 3840, 3), 类型=uint8, 路径=C:\code\show\Scrap_Steel_In_Field\photos\dangerous_det\detection_20260731_105052.jpg
2026-07-31 10:50:53 [INFO] 成功保存检测结果到: C:\code\show\Scrap_Steel_In_Field\photos\dangerous_det\detection_20260731_105052.jpg
2026-07-31 10:50:53 [INFO] 保存的检测结果文件大小: 2199437 字节
2026-07-31 10:50:53 [INFO] 引擎上下文已释放
2026-07-31 10:50:53 [INFO] TensorRT 引擎已释放
2026-07-31 10:50:53 [INFO] 全局 CUDA 资源已释放
2026-07-31 10:50:53 [INFO] 检测系统资源已释放
2026-07-31 10:50:58 [INFO] CUDA 初始化成功
2026-07-31 10:50:58 [INFO] 引擎加载成功: dangerous.engine
2026-07-31 10:50:58 [INFO] 检测系统初始化成功
2026-07-31 10:50:58 [INFO] 图像预处理完成，原始尺寸: (2160, 3840)
2026-07-31 10:50:58 [INFO] 开始执行目标检测...
2026-07-31 10:50:58 [INFO] 检测完成，找到 3 个物体
2026-07-31 10:50:58 [INFO] 物体 1: GasCyl1 (置信度: 0.61)
2026-07-31 10:50:58 [INFO] 物体 2: FireExt1 (置信度: 0.47)
2026-07-31 10:50:58 [INFO] 物体 3: FireExt1 (置信度: 0.43)
2026-07-31 10:50:58 [INFO] 检测到车兜区域，将过滤区域外的目标
2026-07-31 10:50:58 [INFO] 准备保存检测结果到: C:\code\show\Scrap_Steel_In_Field\photos\dangerous_det\detection_20260731_105058.jpg
2026-07-31 10:50:58 [INFO] 图像形状: (2160, 3840, 3)
2026-07-31 10:50:58 [INFO] 图像数据类型: uint8
2026-07-31 10:50:58 [INFO] 图像最大值: 255
2026-07-31 10:50:58 [INFO] 图像最小值: 0
2026-07-31 10:50:58 [INFO] 开始保存检测结果图像: 图像尺寸=(2160, 3840, 3), 类型=uint8, 路径=C:\code\show\Scrap_Steel_In_Field\photos\dangerous_det\detection_20260731_105058.jpg
2026-07-31 10:50:58 [INFO] 成功保存检测结果到: C:\code\show\Scrap_Steel_In_Field\photos\dangerous_det\detection_20260731_105058.jpg
2026-07-31 10:50:58 [INFO] 保存的检测结果文件大小: 2197443 字节
2026-07-31 10:50:58 [INFO] 引擎上下文已释放
2026-07-31 10:50:58 [INFO] TensorRT 引擎已释放
2026-07-31 10:50:58 [INFO] 全局 CUDA 资源已释放
2026-07-31 10:50:58 [INFO] 检测系统资源已释放
2026-07-31 10:51:03 [INFO] CUDA 初始化成功
2026-07-31 10:51:03 [INFO] 引擎加载成功: dangerous.engine
2026-07-31 10:51:03 [INFO] 检测系统初始化成功
2026-07-31 10:51:03 [INFO] 图像预处理完成，原始尺寸: (2160, 3840)
2026-07-31 10:51:03 [INFO] 开始执行目标检测...
2026-07-31 10:51:03 [INFO] 检测完成，找到 3 个物体
2026-07-31 10:51:03 [INFO] 物体 1: GasCyl1 (置信度: 0.68)
2026-07-31 10:51:03 [INFO] 物体 2: FireExt1 (置信度: 0.46)
2026-07-31 10:51:03 [INFO] 物体 3: FireExt1 (置信度: 0.46)
2026-07-31 10:51:03 [INFO] 检测到车兜区域，将过滤区域外的目标
2026-07-31 10:51:03 [INFO] 准备保存检测结果到: C:\code\show\Scrap_Steel_In_Field\photos\dangerous_det\detection_20260731_105103.jpg
2026-07-31 10:51:03 [INFO] 图像形状: (2160, 3840, 3)
2026-07-31 10:51:03 [INFO] 图像数据类型: uint8
2026-07-31 10:51:03 [INFO] 图像最大值: 255
2026-07-31 10:51:03 [INFO] 图像最小值: 0
2026-07-31 10:51:03 [INFO] 开始保存检测结果图像: 图像尺寸=(2160, 3840, 3), 类型=uint8, 路径=C:\code\show\Scrap_Steel_In_Field\photos\dangerous_det\detection_20260731_105103.jpg
2026-07-31 10:51:03 [INFO] 成功保存检测结果到: C:\code\show\Scrap_Steel_In_Field\photos\dangerous_det\detection_20260731_105103.jpg
2026-07-31 10:51:03 [INFO] 保存的检测结果文件大小: 2202098 字节
2026-07-31 10:51:03 [INFO] 引擎上下文已释放
2026-07-31 10:51:03 [INFO] TensorRT 引擎已释放
2026-07-31 10:51:03 [INFO] 全局 CUDA 资源已释放
2026-07-31 10:51:03 [INFO] 检测系统资源已释放
2026-07-31 10:51:08 [INFO] CUDA 初始化成功
2026-07-31 10:51:09 [INFO] 引擎加载成功: dangerous.engine
2026-07-31 10:51:09 [INFO] 检测系统初始化成功
2026-07-31 10:51:09 [INFO] 图像预处理完成，原始尺寸: (2160, 3840)
2026-07-31 10:51:09 [INFO] 开始执行目标检测...
2026-07-31 10:51:09 [INFO] 检测完成，找到 3 个物体
2026-07-31 10:51:09 [INFO] 物体 1: GasCyl1 (置信度: 0.66)
2026-07-31 10:51:09 [INFO] 物体 2: FireExt1 (置信度: 0.45)
2026-07-31 10:51:09 [INFO] 物体 3: FireExt1 (置信度: 0.43)
2026-07-31 10:51:09 [INFO] 检测到车兜区域，将过滤区域外的目标
2026-07-31 10:51:09 [INFO] 准备保存检测结果到: C:\code\show\Scrap_Steel_In_Field\photos\dangerous_det\detection_20260731_105109.jpg
2026-07-31 10:51:09 [INFO] 图像形状: (2160, 3840, 3)
2026-07-31 10:51:09 [INFO] 图像数据类型: uint8
2026-07-31 10:51:09 [INFO] 图像最大值: 255
2026-07-31 10:51:09 [INFO] 图像最小值: 0
2026-07-31 10:51:09 [INFO] 开始保存检测结果图像: 图像尺寸=(2160, 3840, 3), 类型=uint8, 路径=C:\code\show\Scrap_Steel_In_Field\photos\dangerous_det\detection_20260731_105109.jpg
2026-07-31 10:51:09 [INFO] 成功保存检测结果到: C:\code\show\Scrap_Steel_In_Field\photos\dangerous_det\detection_20260731_105109.jpg
2026-07-31 10:51:09 [INFO] 保存的检测结果文件大小: 2203198 字节
2026-07-31 10:51:09 [INFO] 引擎上下文已释放
2026-07-31 10:51:09 [INFO] TensorRT 引擎已释放
2026-07-31 10:51:09 [INFO] 全局 CUDA 资源已释放
2026-07-31 10:51:09 [INFO] 检测系统资源已释放
2026-07-31 10:51:14 [INFO] CUDA 初始化成功
2026-07-31 10:51:14 [INFO] 引擎加载成功: dangerous.engine
2026-07-31 10:51:14 [INFO] 检测系统初始化成功
2026-07-31 10:51:14 [INFO] 图像预处理完成，原始尺寸: (2160, 3840)
2026-07-31 10:51:14 [INFO] 开始执行目标检测...
2026-07-31 10:51:14 [INFO] 检测完成，找到 3 个物体
2026-07-31 10:51:14 [INFO] 物体 1: GasCyl1 (置信度: 0.73)
2026-07-31 10:51:14 [INFO] 物体 2: FireExt1 (置信度: 0.46)
2026-07-31 10:51:14 [INFO] 物体 3: FireExt1 (置信度: 0.43)
2026-07-31 10:51:14 [INFO] 检测到车兜区域，将过滤区域外的目标
2026-07-31 10:51:14 [INFO] 准备保存检测结果到: C:\code\show\Scrap_Steel_In_Field\photos\dangerous_det\detection_20260731_105114.jpg
2026-07-31 10:51:14 [INFO] 图像形状: (2160, 3840, 3)
2026-07-31 10:51:14 [INFO] 图像数据类型: uint8
2026-07-31 10:51:14 [INFO] 图像最大值: 255
2026-07-31 10:51:14 [INFO] 图像最小值: 0
2026-07-31 10:51:14 [INFO] 开始保存检测结果图像: 图像尺寸=(2160, 3840, 3), 类型=uint8, 路径=C:\code\show\Scrap_Steel_In_Field\photos\dangerous_det\detection_20260731_105114.jpg
2026-07-31 10:51:14 [INFO] 成功保存检测结果到: C:\code\show\Scrap_Steel_In_Field\photos\dangerous_det\detection_20260731_105114.jpg
2026-07-31 10:51:14 [INFO] 保存的检测结果文件大小: 2205346 字节
2026-07-31 10:51:14 [INFO] 引擎上下文已释放
2026-07-31 10:51:14 [INFO] TensorRT 引擎已释放
2026-07-31 10:51:14 [INFO] 全局 CUDA 资源已释放
2026-07-31 10:51:14 [INFO] 检测系统资源已释放
2026-07-31 10:51:20 [INFO] CUDA 初始化成功
2026-07-31 10:51:20 [INFO] 引擎加载成功: dangerous.engine
2026-07-31 10:51:20 [INFO] 检测系统初始化成功
2026-07-31 10:51:20 [INFO] 图像预处理完成，原始尺寸: (2160, 3840)
2026-07-31 10:51:20 [INFO] 开始执行目标检测...
2026-07-31 10:51:20 [INFO] 检测完成，找到 3 个物体
2026-07-31 10:51:20 [INFO] 物体 1: GasCyl1 (置信度: 0.70)
2026-07-31 10:51:20 [INFO] 物体 2: FireExt1 (置信度: 0.46)
2026-07-31 10:51:20 [INFO] 物体 3: FireExt1 (置信度: 0.42)
2026-07-31 10:51:20 [INFO] 检测到车兜区域，将过滤区域外的目标
2026-07-31 10:51:20 [INFO] 准备保存检测结果到: C:\code\show\Scrap_Steel_In_Field\photos\dangerous_det\detection_20260731_105120.jpg
2026-07-31 10:51:20 [INFO] 图像形状: (2160, 3840, 3)
2026-07-31 10:51:20 [INFO] 图像数据类型: uint8
2026-07-31 10:51:20 [INFO] 图像最大值: 255
2026-07-31 10:51:20 [INFO] 图像最小值: 0
2026-07-31 10:51:20 [INFO] 开始保存检测结果图像: 图像尺寸=(2160, 3840, 3), 类型=uint8, 路径=C:\code\show\Scrap_Steel_In_Field\photos\dangerous_det\detection_20260731_105120.jpg
2026-07-31 10:51:20 [INFO] 成功保存检测结果到: C:\code\show\Scrap_Steel_In_Field\photos\dangerous_det\detection_20260731_105120.jpg
2026-07-31 10:51:20 [INFO] 保存的检测结果文件大小: 2202676 字节
2026-07-31 10:51:20 [INFO] 引擎上下文已释放
2026-07-31 10:51:20 [INFO] TensorRT 引擎已释放
2026-07-31 10:51:20 [INFO] 全局 CUDA 资源已释放
2026-07-31 10:51:20 [INFO] 检测系统资源已释放
2026-07-31 10:51:25 [INFO] CUDA 初始化成功
2026-07-31 10:51:25 [INFO] 引擎加载成功: dangerous.engine
2026-07-31 10:51:25 [INFO] 检测系统初始化成功
2026-07-31 10:51:25 [INFO] 图像预处理完成，原始尺寸: (2160, 3840)
2026-07-31 10:51:25 [INFO] 开始执行目标检测...
2026-07-31 10:51:25 [INFO] 检测完成，找到 3 个物体
2026-07-31 10:51:25 [INFO] 物体 1: GasCyl1 (置信度: 0.72)
2026-07-31 10:51:25 [INFO] 物体 2: FireExt1 (置信度: 0.45)
2026-07-31 10:51:25 [INFO] 物体 3: FireExt1 (置信度: 0.42)
2026-07-31 10:51:25 [INFO] 检测到车兜区域，将过滤区域外的目标
2026-07-31 10:51:25 [INFO] 准备保存检测结果到: C:\code\show\Scrap_Steel_In_Field\photos\dangerous_det\detection_20260731_105125.jpg
2026-07-31 10:51:25 [INFO] 图像形状: (2160, 3840, 3)
2026-07-31 10:51:25 [INFO] 图像数据类型: uint8
2026-07-31 10:51:25 [INFO] 图像最大值: 255
2026-07-31 10:51:25 [INFO] 图像最小值: 0
2026-07-31 10:51:25 [INFO] 开始保存检测结果图像: 图像尺寸=(2160, 3840, 3), 类型=uint8, 路径=C:\code\show\Scrap_Steel_In_Field\photos\dangerous_det\detection_20260731_105125.jpg
2026-07-31 10:51:25 [INFO] 成功保存检测结果到: C:\code\show\Scrap_Steel_In_Field\photos\dangerous_det\detection_20260731_105125.jpg
2026-07-31 10:51:25 [INFO] 保存的检测结果文件大小: 2202978 字节
2026-07-31 10:51:25 [INFO] 引擎上下文已释放
2026-07-31 10:51:25 [INFO] TensorRT 引擎已释放
2026-07-31 10:51:25 [INFO] 全局 CUDA 资源已释放
2026-07-31 10:51:25 [INFO] 检测系统资源已释放
2026-07-31 10:51:30 [INFO] CUDA 初始化成功
2026-07-31 10:51:30 [INFO] 引擎加载成功: dangerous.engine
2026-07-31 10:51:30 [INFO] 检测系统初始化成功
2026-07-31 10:51:30 [INFO] 图像预处理完成，原始尺寸: (2160, 3840)
2026-07-31 10:51:30 [INFO] 开始执行目标检测...
2026-07-31 10:51:30 [INFO] 检测完成，找到 3 个物体
2026-07-31 10:51:30 [INFO] 物体 1: GasCyl1 (置信度: 0.63)
2026-07-31 10:51:30 [INFO] 物体 2: FireExt1 (置信度: 0.45)
2026-07-31 10:51:30 [INFO] 物体 3: FireExt1 (置信度: 0.42)
2026-07-31 10:51:30 [INFO] 检测到车兜区域，将过滤区域外的目标
2026-07-31 10:51:30 [INFO] 准备保存检测结果到: C:\code\show\Scrap_Steel_In_Field\photos\dangerous_det\detection_20260731_105130.jpg
2026-07-31 10:51:30 [INFO] 图像形状: (2160, 3840, 3)
2026-07-31 10:51:30 [INFO] 图像数据类型: uint8
2026-07-31 10:51:30 [INFO] 图像最大值: 255
2026-07-31 10:51:30 [INFO] 图像最小值: 0
2026-07-31 10:51:30 [INFO] 开始保存检测结果图像: 图像尺寸=(2160, 3840, 3), 类型=uint8, 路径=C:\code\show\Scrap_Steel_In_Field\photos\dangerous_det\detection_20260731_105130.jpg
2026-07-31 10:51:30 [INFO] 成功保存检测结果到: C:\code\show\Scrap_Steel_In_Field\photos\dangerous_det\detection_20260731_105130.jpg
2026-07-31 10:51:30 [INFO] 保存的检测结果文件大小: 2207070 字节
2026-07-31 10:51:30 [INFO] 引擎上下文已释放
2026-07-31 10:51:30 [INFO] TensorRT 引擎已释放
2026-07-31 10:51:30 [INFO] 全局 CUDA 资源已释放
2026-07-31 10:51:30 [INFO] 检测系统资源已释放
2026-07-31 10:51:35 [INFO] CUDA 初始化成功
2026-07-31 10:51:36 [INFO] 引擎加载成功: dangerous.engine
2026-07-31 10:51:36 [INFO] 检测系统初始化成功
2026-07-31 10:51:36 [INFO] 图像预处理完成，原始尺寸: (2160, 3840)
2026-07-31 10:51:36 [INFO] 开始执行目标检测...
2026-07-31 10:51:36 [INFO] 检测完成，找到 3 个物体
2026-07-31 10:51:36 [INFO] 物体 1: GasCyl1 (置信度: 0.67)
2026-07-31 10:51:36 [INFO] 物体 2: FireExt1 (置信度: 0.47)
2026-07-31 10:51:36 [INFO] 物体 3: FireExt1 (置信度: 0.45)
2026-07-31 10:51:36 [INFO] 检测到车兜区域，将过滤区域外的目标
2026-07-31 10:51:36 [INFO] 准备保存检测结果到: C:\code\show\Scrap_Steel_In_Field\photos\dangerous_det\detection_20260731_105136.jpg
2026-07-31 10:51:36 [INFO] 图像形状: (2160, 3840, 3)
2026-07-31 10:51:36 [INFO] 图像数据类型: uint8
2026-07-31 10:51:36 [INFO] 图像最大值: 255
2026-07-31 10:51:36 [INFO] 图像最小值: 0
2026-07-31 10:51:36 [INFO] 开始保存检测结果图像: 图像尺寸=(2160, 3840, 3), 类型=uint8, 路径=C:\code\show\Scrap_Steel_In_Field\photos\dangerous_det\detection_20260731_105136.jpg
2026-07-31 10:51:36 [INFO] 成功保存检测结果到: C:\code\show\Scrap_Steel_In_Field\photos\dangerous_det\detection_20260731_105136.jpg
2026-07-31 10:51:36 [INFO] 保存的检测结果文件大小: 2207184 字节
2026-07-31 10:51:36 [INFO] 引擎上下文已释放
2026-07-31 10:51:36 [INFO] TensorRT 引擎已释放
2026-07-31 10:51:36 [INFO] 全局 CUDA 资源已释放
2026-07-31 10:51:36 [INFO] 检测系统资源已释放
2026-07-31 10:51:41 [INFO] CUDA 初始化成功
2026-07-31 10:51:41 [INFO] 引擎加载成功: dangerous.engine
2026-07-31 10:51:41 [INFO] 检测系统初始化成功
2026-07-31 10:51:41 [INFO] 图像预处理完成，原始尺寸: (2160, 3840)
2026-07-31 10:51:41 [INFO] 开始执行目标检测...
2026-07-31 10:51:41 [INFO] 检测完成，找到 3 个物体
2026-07-31 10:51:41 [INFO] 物体 1: GasCyl1 (置信度: 0.73)
2026-07-31 10:51:41 [INFO] 物体 2: FireExt1 (置信度: 0.45)
2026-07-31 10:51:41 [INFO] 物体 3: FireExt1 (置信度: 0.44)
2026-07-31 10:51:41 [INFO] 检测到车兜区域，将过滤区域外的目标
2026-07-31 10:51:41 [INFO] 准备保存检测结果到: C:\code\show\Scrap_Steel_In_Field\photos\dangerous_det\detection_20260731_105141.jpg
2026-07-31 10:51:41 [INFO] 图像形状: (2160, 3840, 3)
2026-07-31 10:51:41 [INFO] 图像数据类型: uint8
2026-07-31 10:51:41 [INFO] 图像最大值: 255
2026-07-31 10:51:41 [INFO] 图像最小值: 0
2026-07-31 10:51:41 [INFO] 开始保存检测结果图像: 图像尺寸=(2160, 3840, 3), 类型=uint8, 路径=C:\code\show\Scrap_Steel_In_Field\photos\dangerous_det\detection_20260731_105141.jpg
2026-07-31 10:51:41 [INFO] 成功保存检测结果到: C:\code\show\Scrap_Steel_In_Field\photos\dangerous_det\detection_20260731_105141.jpg
2026-07-31 10:51:41 [INFO] 保存的检测结果文件大小: 2208122 字节
2026-07-31 10:51:41 [INFO] 引擎上下文已释放
2026-07-31 10:51:41 [INFO] TensorRT 引擎已释放
2026-07-31 10:51:41 [INFO] 全局 CUDA 资源已释放
2026-07-31 10:51:41 [INFO] 检测系统资源已释放
2026-07-31 10:51:46 [INFO] CUDA 初始化成功
2026-07-31 10:51:46 [INFO] 引擎加载成功: dangerous.engine
2026-07-31 10:51:46 [INFO] 检测系统初始化成功
2026-07-31 10:51:46 [INFO] 图像预处理完成，原始尺寸: (2160, 3840)
2026-07-31 10:51:46 [INFO] 开始执行目标检测...
2026-07-31 10:51:46 [INFO] 检测完成，找到 3 个物体
2026-07-31 10:51:46 [INFO] 物体 1: GasCyl1 (置信度: 0.66)
2026-07-31 10:51:46 [INFO] 物体 2: FireExt1 (置信度: 0.46)
2026-07-31 10:51:46 [INFO] 物体 3: FireExt1 (置信度: 0.39)
2026-07-31 10:51:46 [INFO] 检测到车兜区域，将过滤区域外的目标
2026-07-31 10:51:46 [INFO] 准备保存检测结果到: C:\code\show\Scrap_Steel_In_Field\photos\dangerous_det\detection_20260731_105146.jpg
2026-07-31 10:51:46 [INFO] 图像形状: (2160, 3840, 3)
2026-07-31 10:51:46 [INFO] 图像数据类型: uint8
2026-07-31 10:51:46 [INFO] 图像最大值: 255
2026-07-31 10:51:46 [INFO] 图像最小值: 0
2026-07-31 10:51:46 [INFO] 开始保存检测结果图像: 图像尺寸=(2160, 3840, 3), 类型=uint8, 路径=C:\code\show\Scrap_Steel_In_Field\photos\dangerous_det\detection_20260731_105146.jpg
2026-07-31 10:51:46 [INFO] 成功保存检测结果到: C:\code\show\Scrap_Steel_In_Field\photos\dangerous_det\detection_20260731_105146.jpg
2026-07-31 10:51:46 [INFO] 保存的检测结果文件大小: 2207422 字节
2026-07-31 10:51:46 [INFO] 引擎上下文已释放
2026-07-31 10:51:46 [INFO] TensorRT 引擎已释放
2026-07-31 10:51:46 [INFO] 全局 CUDA 资源已释放
2026-07-31 10:51:46 [INFO] 检测系统资源已释放
2026-07-31 10:51:51 [INFO] CUDA 初始化成功
2026-07-31 10:51:51 [INFO] 引擎加载成功: dangerous.engine
2026-07-31 10:51:51 [INFO] 检测系统初始化成功
2026-07-31 10:51:51 [INFO] 图像预处理完成，原始尺寸: (2160, 3840)
2026-07-31 10:51:51 [INFO] 开始执行目标检测...
2026-07-31 10:51:52 [INFO] 检测完成，找到 3 个物体
2026-07-31 10:51:52 [INFO] 物体 1: GasCyl1 (置信度: 0.68)
2026-07-31 10:51:52 [INFO] 物体 2: FireExt1 (置信度: 0.45)
2026-07-31 10:51:52 [INFO] 物体 3: FireExt1 (置信度: 0.45)
2026-07-31 10:51:52 [INFO] 检测到车兜区域，将过滤区域外的目标
2026-07-31 10:51:52 [INFO] 准备保存检测结果到: C:\code\show\Scrap_Steel_In_Field\photos\dangerous_det\detection_20260731_105152.jpg
2026-07-31 10:51:52 [INFO] 图像形状: (2160, 3840, 3)
2026-07-31 10:51:52 [INFO] 图像数据类型: uint8
2026-07-31 10:51:52 [INFO] 图像最大值: 255
2026-07-31 10:51:52 [INFO] 图像最小值: 0
2026-07-31 10:51:52 [INFO] 开始保存检测结果图像: 图像尺寸=(2160, 3840, 3), 类型=uint8, 路径=C:\code\show\Scrap_Steel_In_Field\photos\dangerous_det\detection_20260731_105152.jpg
2026-07-31 10:51:52 [INFO] 成功保存检测结果到: C:\code\show\Scrap_Steel_In_Field\photos\dangerous_det\detection_20260731_105152.jpg
2026-07-31 10:51:52 [INFO] 保存的检测结果文件大小: 2208976 字节
2026-07-31 10:51:52 [INFO] 引擎上下文已释放
2026-07-31 10:51:52 [INFO] TensorRT 引擎已释放
2026-07-31 10:51:52 [INFO] 全局 CUDA 资源已释放
2026-07-31 10:51:52 [INFO] 检测系统资源已释放
2026-07-31 10:51:57 [INFO] CUDA 初始化成功
2026-07-31 10:51:57 [INFO] 引擎加载成功: dangerous.engine
2026-07-31 10:51:57 [INFO] 检测系统初始化成功
2026-07-31 10:51:57 [INFO] 图像预处理完成，原始尺寸: (2160, 3840)
2026-07-31 10:51:57 [INFO] 开始执行目标检测...
2026-07-31 10:51:57 [INFO] 检测完成，找到 3 个物体
2026-07-31 10:51:57 [INFO] 物体 1: GasCyl1 (置信度: 0.70)
2026-07-31 10:51:57 [INFO] 物体 2: FireExt1 (置信度: 0.45)
2026-07-31 10:51:57 [INFO] 物体 3: FireExt1 (置信度: 0.43)
2026-07-31 10:51:57 [INFO] 检测到车兜区域，将过滤区域外的目标
2026-07-31 10:51:57 [INFO] 准备保存检测结果到: C:\code\show\Scrap_Steel_In_Field\photos\dangerous_det\detection_20260731_105157.jpg
2026-07-31 10:51:57 [INFO] 图像形状: (2160, 3840, 3)
2026-07-31 10:51:57 [INFO] 图像数据类型: uint8
2026-07-31 10:51:57 [INFO] 图像最大值: 255
2026-07-31 10:51:57 [INFO] 图像最小值: 0
2026-07-31 10:51:57 [INFO] 开始保存检测结果图像: 图像尺寸=(2160, 3840, 3), 类型=uint8, 路径=C:\code\show\Scrap_Steel_In_Field\photos\dangerous_det\detection_20260731_105157.jpg
2026-07-31 10:51:57 [INFO] 成功保存检测结果到: C:\code\show\Scrap_Steel_In_Field\photos\dangerous_det\detection_20260731_105157.jpg
2026-07-31 10:51:57 [INFO] 保存的检测结果文件大小: 2208430 字节
2026-07-31 10:51:57 [INFO] 引擎上下文已释放
2026-07-31 10:51:57 [INFO] TensorRT 引擎已释放
2026-07-31 10:51:57 [INFO] 全局 CUDA 资源已释放
2026-07-31 10:51:57 [INFO] 检测系统资源已释放
2026-07-31 10:52:02 [INFO] CUDA 初始化成功
2026-07-31 10:52:02 [INFO] 引擎加载成功: dangerous.engine
2026-07-31 10:52:02 [INFO] 检测系统初始化成功
2026-07-31 10:52:02 [INFO] 图像预处理完成，原始尺寸: (2160, 3840)
2026-07-31 10:52:02 [INFO] 开始执行目标检测...
2026-07-31 10:52:02 [INFO] 检测完成，找到 3 个物体
2026-07-31 10:52:02 [INFO] 物体 1: GasCyl1 (置信度: 0.68)
2026-07-31 10:52:02 [INFO] 物体 2: FireExt1 (置信度: 0.47)
2026-07-31 10:52:02 [INFO] 物体 3: FireExt1 (置信度: 0.42)
2026-07-31 10:52:02 [INFO] 检测到车兜区域，将过滤区域外的目标
2026-07-31 10:52:02 [INFO] 准备保存检测结果到: C:\code\show\Scrap_Steel_In_Field\photos\dangerous_det\detection_20260731_105202.jpg
2026-07-31 10:52:02 [INFO] 图像形状: (2160, 3840, 3)
2026-07-31 10:52:02 [INFO] 图像数据类型: uint8
2026-07-31 10:52:02 [INFO] 图像最大值: 255
2026-07-31 10:52:02 [INFO] 图像最小值: 0
2026-07-31 10:52:02 [INFO] 开始保存检测结果图像: 图像尺寸=(2160, 3840, 3), 类型=uint8, 路径=C:\code\show\Scrap_Steel_In_Field\photos\dangerous_det\detection_20260731_105202.jpg
2026-07-31 10:52:02 [INFO] 成功保存检测结果到: C:\code\show\Scrap_Steel_In_Field\photos\dangerous_det\detection_20260731_105202.jpg
2026-07-31 10:52:02 [INFO] 保存的检测结果文件大小: 2212475 字节
2026-07-31 10:52:02 [INFO] 引擎上下文已释放
2026-07-31 10:52:02 [INFO] TensorRT 引擎已释放
2026-07-31 10:52:02 [INFO] 全局 CUDA 资源已释放
2026-07-31 10:52:02 [INFO] 检测系统资源已释放
2026-07-31 10:52:07 [INFO] CUDA 初始化成功
2026-07-31 10:52:07 [INFO] 引擎加载成功: dangerous.engine
2026-07-31 10:52:07 [INFO] 检测系统初始化成功
2026-07-31 10:52:07 [INFO] 图像预处理完成，原始尺寸: (2160, 3840)
2026-07-31 10:52:07 [INFO] 开始执行目标检测...
2026-07-31 10:52:07 [INFO] 检测完成，找到 3 个物体
2026-07-31 10:52:07 [INFO] 物体 1: GasCyl1 (置信度: 0.64)
2026-07-31 10:52:07 [INFO] 物体 2: FireExt1 (置信度: 0.44)
2026-07-31 10:52:07 [INFO] 物体 3: FireExt1 (置信度: 0.42)
2026-07-31 10:52:07 [INFO] 检测到车兜区域，将过滤区域外的目标
2026-07-31 10:52:07 [INFO] 准备保存检测结果到: C:\code\show\Scrap_Steel_In_Field\photos\dangerous_det\detection_20260731_105207.jpg
2026-07-31 10:52:07 [INFO] 图像形状: (2160, 3840, 3)
2026-07-31 10:52:07 [INFO] 图像数据类型: uint8
2026-07-31 10:52:07 [INFO] 图像最大值: 255
2026-07-31 10:52:08 [INFO] 图像最小值: 0
2026-07-31 10:52:08 [INFO] 开始保存检测结果图像: 图像尺寸=(2160, 3840, 3), 类型=uint8, 路径=C:\code\show\Scrap_Steel_In_Field\photos\dangerous_det\detection_20260731_105207.jpg
2026-07-31 10:52:08 [INFO] 成功保存检测结果到: C:\code\show\Scrap_Steel_In_Field\photos\dangerous_det\detection_20260731_105207.jpg
2026-07-31 10:52:08 [INFO] 保存的检测结果文件大小: 2212096 字节
2026-07-31 10:52:08 [INFO] 引擎上下文已释放
2026-07-31 10:52:08 [INFO] TensorRT 引擎已释放
2026-07-31 10:52:08 [INFO] 全局 CUDA 资源已释放
2026-07-31 10:52:08 [INFO] 检测系统资源已释放
2026-07-31 10:52:13 [INFO] CUDA 初始化成功
2026-07-31 10:52:13 [INFO] 引擎加载成功: dangerous.engine
2026-07-31 10:52:13 [INFO] 检测系统初始化成功
2026-07-31 10:52:13 [INFO] 图像预处理完成，原始尺寸: (2160, 3840)
2026-07-31 10:52:13 [INFO] 开始执行目标检测...
2026-07-31 10:52:13 [INFO] 检测完成，找到 3 个物体
2026-07-31 10:52:13 [INFO] 物体 1: GasCyl1 (置信度: 0.67)
2026-07-31 10:52:13 [INFO] 物体 2: FireExt1 (置信度: 0.47)
2026-07-31 10:52:13 [INFO] 物体 3: FireExt1 (置信度: 0.43)
2026-07-31 10:52:13 [INFO] 检测到车兜区域，将过滤区域外的目标
2026-07-31 10:52:13 [INFO] 准备保存检测结果到: C:\code\show\Scrap_Steel_In_Field\photos\dangerous_det\detection_20260731_105213.jpg
2026-07-31 10:52:13 [INFO] 图像形状: (2160, 3840, 3)
2026-07-31 10:52:13 [INFO] 图像数据类型: uint8
2026-07-31 10:52:13 [INFO] 图像最大值: 255
2026-07-31 10:52:13 [INFO] 图像最小值: 0
2026-07-31 10:52:13 [INFO] 开始保存检测结果图像: 图像尺寸=(2160, 3840, 3), 类型=uint8, 路径=C:\code\show\Scrap_Steel_In_Field\photos\dangerous_det\detection_20260731_105213.jpg
2026-07-31 10:52:13 [INFO] 成功保存检测结果到: C:\code\show\Scrap_Steel_In_Field\photos\dangerous_det\detection_20260731_105213.jpg
2026-07-31 10:52:13 [INFO] 保存的检测结果文件大小: 2209230 字节
2026-07-31 10:52:13 [INFO] 引擎上下文已释放
2026-07-31 10:52:13 [INFO] TensorRT 引擎已释放
2026-07-31 10:52:13 [INFO] 全局 CUDA 资源已释放
2026-07-31 10:52:13 [INFO] 检测系统资源已释放
2026-07-31 10:52:18 [INFO] CUDA 初始化成功
2026-07-31 10:52:18 [INFO] 引擎加载成功: dangerous.engine
2026-07-31 10:52:18 [INFO] 检测系统初始化成功
2026-07-31 10:52:18 [INFO] 图像预处理完成，原始尺寸: (2160, 3840)
2026-07-31 10:52:18 [INFO] 开始执行目标检测...
2026-07-31 10:52:18 [INFO] 检测完成，找到 3 个物体
2026-07-31 10:52:18 [INFO] 物体 1: GasCyl1 (置信度: 0.68)
2026-07-31 10:52:18 [INFO] 物体 2: FireExt1 (置信度: 0.45)
2026-07-31 10:52:18 [INFO] 物体 3: FireExt1 (置信度: 0.41)
2026-07-31 10:52:18 [INFO] 检测到车兜区域，将过滤区域外的目标
2026-07-31 10:52:18 [INFO] 准备保存检测结果到: C:\code\show\Scrap_Steel_In_Field\photos\dangerous_det\detection_20260731_105218.jpg
2026-07-31 10:52:18 [INFO] 图像形状: (2160, 3840, 3)
2026-07-31 10:52:18 [INFO] 图像数据类型: uint8
2026-07-31 10:52:18 [INFO] 图像最大值: 255
2026-07-31 10:52:18 [INFO] 图像最小值: 0
2026-07-31 10:52:18 [INFO] 开始保存检测结果图像: 图像尺寸=(2160, 3840, 3), 类型=uint8, 路径=C:\code\show\Scrap_Steel_In_Field\photos\dangerous_det\detection_20260731_105218.jpg
2026-07-31 10:52:18 [INFO] 成功保存检测结果到: C:\code\show\Scrap_Steel_In_Field\photos\dangerous_det\detection_20260731_105218.jpg
2026-07-31 10:52:18 [INFO] 保存的检测结果文件大小: 2213914 字节
2026-07-31 10:52:18 [INFO] 引擎上下文已释放
2026-07-31 10:52:18 [INFO] TensorRT 引擎已释放
2026-07-31 10:52:18 [INFO] 全局 CUDA 资源已释放
2026-07-31 10:52:18 [INFO] 检测系统资源已释放
2026-07-31 10:52:23 [INFO] CUDA 初始化成功
2026-07-31 10:52:23 [INFO] 引擎加载成功: dangerous.engine
2026-07-31 10:52:23 [INFO] 检测系统初始化成功
2026-07-31 10:52:23 [INFO] 图像预处理完成，原始尺寸: (2160, 3840)
2026-07-31 10:52:23 [INFO] 开始执行目标检测...
2026-07-31 10:52:23 [INFO] 检测完成，找到 3 个物体
2026-07-31 10:52:23 [INFO] 物体 1: GasCyl1 (置信度: 0.69)
2026-07-31 10:52:23 [INFO] 物体 2: FireExt1 (置信度: 0.47)
2026-07-31 10:52:23 [INFO] 物体 3: FireExt1 (置信度: 0.41)
2026-07-31 10:52:24 [INFO] 检测到车兜区域，将过滤区域外的目标
2026-07-31 10:52:24 [INFO] 准备保存检测结果到: C:\code\show\Scrap_Steel_In_Field\photos\dangerous_det\detection_20260731_105224.jpg
2026-07-31 10:52:24 [INFO] 图像形状: (2160, 3840, 3)
2026-07-31 10:52:24 [INFO] 图像数据类型: uint8
2026-07-31 10:52:24 [INFO] 图像最大值: 255
2026-07-31 10:52:24 [INFO] 图像最小值: 0
2026-07-31 10:52:24 [INFO] 开始保存检测结果图像: 图像尺寸=(2160, 3840, 3), 类型=uint8, 路径=C:\code\show\Scrap_Steel_In_Field\photos\dangerous_det\detection_20260731_105224.jpg
2026-07-31 10:52:24 [INFO] 成功保存检测结果到: C:\code\show\Scrap_Steel_In_Field\photos\dangerous_det\detection_20260731_105224.jpg
2026-07-31 10:52:24 [INFO] 保存的检测结果文件大小: 2215337 字节
2026-07-31 10:52:24 [INFO] 引擎上下文已释放
2026-07-31 10:52:24 [INFO] TensorRT 引擎已释放
2026-07-31 10:52:24 [INFO] 全局 CUDA 资源已释放
2026-07-31 10:52:24 [INFO] 检测系统资源已释放
2026-07-31 10:52:29 [INFO] CUDA 初始化成功
2026-07-31 10:52:29 [INFO] 引擎加载成功: dangerous.engine
2026-07-31 10:52:29 [INFO] 检测系统初始化成功
2026-07-31 10:52:29 [INFO] 图像预处理完成，原始尺寸: (2160, 3840)
2026-07-31 10:52:29 [INFO] 开始执行目标检测...
2026-07-31 10:52:29 [INFO] 检测完成，找到 3 个物体
2026-07-31 10:52:29 [INFO] 物体 1: GasCyl1 (置信度: 0.67)
2026-07-31 10:52:29 [INFO] 物体 2: FireExt1 (置信度: 0.46)
2026-07-31 10:52:29 [INFO] 物体 3: FireExt1 (置信度: 0.42)
2026-07-31 10:52:29 [INFO] 检测到车兜区域，将过滤区域外的目标
2026-07-31 10:52:29 [INFO] 准备保存检测结果到: C:\code\show\Scrap_Steel_In_Field\photos\dangerous_det\detection_20260731_105229.jpg
2026-07-31 10:52:29 [INFO] 图像形状: (2160, 3840, 3)
2026-07-31 10:52:29 [INFO] 图像数据类型: uint8
2026-07-31 10:52:29 [INFO] 图像最大值: 255
2026-07-31 10:52:29 [INFO] 图像最小值: 0
2026-07-31 10:52:29 [INFO] 开始保存检测结果图像: 图像尺寸=(2160, 3840, 3), 类型=uint8, 路径=C:\code\show\Scrap_Steel_In_Field\photos\dangerous_det\detection_20260731_105229.jpg
2026-07-31 10:52:29 [INFO] 成功保存检测结果到: C:\code\show\Scrap_Steel_In_Field\photos\dangerous_det\detection_20260731_105229.jpg
2026-07-31 10:52:29 [INFO] 保存的检测结果文件大小: 2215341 字节
2026-07-31 10:52:29 [INFO] 引擎上下文已释放
2026-07-31 10:52:29 [INFO] TensorRT 引擎已释放
2026-07-31 10:52:29 [INFO] 全局 CUDA 资源已释放
2026-07-31 10:52:29 [INFO] 检测系统资源已释放
2026-07-31 10:52:34 [INFO] CUDA 初始化成功
2026-07-31 10:52:34 [INFO] 引擎加载成功: dangerous.engine
2026-07-31 10:52:34 [INFO] 检测系统初始化成功
2026-07-31 10:52:34 [INFO] 图像预处理完成，原始尺寸: (2160, 3840)
2026-07-31 10:52:34 [INFO] 开始执行目标检测...
2026-07-31 10:52:34 [INFO] 检测完成，找到 3 个物体
2026-07-31 10:52:34 [INFO] 物体 1: GasCyl1 (置信度: 0.63)
2026-07-31 10:52:34 [INFO] 物体 2: FireExt1 (置信度: 0.45)
2026-07-31 10:52:34 [INFO] 物体 3: FireExt1 (置信度: 0.40)
2026-07-31 10:52:34 [INFO] 检测到车兜区域，将过滤区域外的目标
2026-07-31 10:52:34 [INFO] 准备保存检测结果到: C:\code\show\Scrap_Steel_In_Field\photos\dangerous_det\detection_20260731_105234.jpg
2026-07-31 10:52:34 [INFO] 图像形状: (2160, 3840, 3)
2026-07-31 10:52:34 [INFO] 图像数据类型: uint8
2026-07-31 10:52:34 [INFO] 图像最大值: 255
2026-07-31 10:52:34 [INFO] 图像最小值: 0
2026-07-31 10:52:34 [INFO] 开始保存检测结果图像: 图像尺寸=(2160, 3840, 3), 类型=uint8, 路径=C:\code\show\Scrap_Steel_In_Field\photos\dangerous_det\detection_20260731_105234.jpg
2026-07-31 10:52:34 [INFO] 成功保存检测结果到: C:\code\show\Scrap_Steel_In_Field\photos\dangerous_det\detection_20260731_105234.jpg
2026-07-31 10:52:34 [INFO] 保存的检测结果文件大小: 2212821 字节
2026-07-31 10:52:34 [INFO] 引擎上下文已释放
2026-07-31 10:52:34 [INFO] TensorRT 引擎已释放
2026-07-31 10:52:34 [INFO] 全局 CUDA 资源已释放
2026-07-31 10:52:34 [INFO] 检测系统资源已释放
2026-07-31 10:52:39 [INFO] CUDA 初始化成功
2026-07-31 10:52:40 [INFO] 引擎加载成功: dangerous.engine
2026-07-31 10:52:40 [INFO] 检测系统初始化成功
2026-07-31 10:52:40 [INFO] 图像预处理完成，原始尺寸: (2160, 3840)
2026-07-31 10:52:40 [INFO] 开始执行目标检测...
2026-07-31 10:52:40 [INFO] 检测完成，找到 3 个物体
2026-07-31 10:52:40 [INFO] 物体 1: GasCyl1 (置信度: 0.67)
2026-07-31 10:52:40 [INFO] 物体 2: FireExt1 (置信度: 0.46)
2026-07-31 10:52:40 [INFO] 物体 3: FireExt1 (置信度: 0.44)
2026-07-31 10:52:40 [INFO] 检测到车兜区域，将过滤区域外的目标
2026-07-31 10:52:40 [INFO] 准备保存检测结果到: C:\code\show\Scrap_Steel_In_Field\photos\dangerous_det\detection_20260731_105240.jpg
2026-07-31 10:52:40 [INFO] 图像形状: (2160, 3840, 3)
2026-07-31 10:52:40 [INFO] 图像数据类型: uint8
2026-07-31 10:52:40 [INFO] 图像最大值: 255
2026-07-31 10:52:40 [INFO] 图像最小值: 0
2026-07-31 10:52:40 [INFO] 开始保存检测结果图像: 图像尺寸=(2160, 3840, 3), 类型=uint8, 路径=C:\code\show\Scrap_Steel_In_Field\photos\dangerous_det\detection_20260731_105240.jpg
2026-07-31 10:52:40 [INFO] 成功保存检测结果到: C:\code\show\Scrap_Steel_In_Field\photos\dangerous_det\detection_20260731_105240.jpg
2026-07-31 10:52:40 [INFO] 保存的检测结果文件大小: 2214434 字节
2026-07-31 10:52:40 [INFO] 引擎上下文已释放
2026-07-31 10:52:40 [INFO] TensorRT 引擎已释放
2026-07-31 10:52:40 [INFO] 全局 CUDA 资源已释放
2026-07-31 10:52:40 [INFO] 检测系统资源已释放
2026-07-31 10:52:45 [INFO] CUDA 初始化成功
2026-07-31 10:52:45 [INFO] 引擎加载成功: dangerous.engine
2026-07-31 10:52:45 [INFO] 检测系统初始化成功
2026-07-31 10:52:45 [INFO] 图像预处理完成，原始尺寸: (2160, 3840)
2026-07-31 10:52:45 [INFO] 开始执行目标检测...
2026-07-31 10:52:45 [INFO] 检测完成，找到 3 个物体
2026-07-31 10:52:45 [INFO] 物体 1: GasCyl1 (置信度: 0.59)
2026-07-31 10:52:45 [INFO] 物体 2: FireExt1 (置信度: 0.46)
2026-07-31 10:52:45 [INFO] 物体 3: FireExt1 (置信度: 0.42)
2026-07-31 10:52:45 [INFO] 检测到车兜区域，将过滤区域外的目标
2026-07-31 10:52:45 [INFO] 准备保存检测结果到: C:\code\show\Scrap_Steel_In_Field\photos\dangerous_det\detection_20260731_105245.jpg
2026-07-31 10:52:45 [INFO] 图像形状: (2160, 3840, 3)
2026-07-31 10:52:45 [INFO] 图像数据类型: uint8
2026-07-31 10:52:45 [INFO] 图像最大值: 255
2026-07-31 10:52:45 [INFO] 图像最小值: 0
2026-07-31 10:52:45 [INFO] 开始保存检测结果图像: 图像尺寸=(2160, 3840, 3), 类型=uint8, 路径=C:\code\show\Scrap_Steel_In_Field\photos\dangerous_det\detection_20260731_105245.jpg
2026-07-31 10:52:45 [INFO] 成功保存检测结果到: C:\code\show\Scrap_Steel_In_Field\photos\dangerous_det\detection_20260731_105245.jpg
2026-07-31 10:52:45 [INFO] 保存的检测结果文件大小: 2214279 字节
2026-07-31 10:52:45 [INFO] 引擎上下文已释放
2026-07-31 10:52:45 [INFO] TensorRT 引擎已释放
2026-07-31 10:52:45 [INFO] 全局 CUDA 资源已释放
2026-07-31 10:52:45 [INFO] 检测系统资源已释放
2026-07-31 10:52:50 [INFO] CUDA 初始化成功
2026-07-31 10:52:50 [INFO] 引擎加载成功: dangerous.engine
2026-07-31 10:52:50 [INFO] 检测系统初始化成功
2026-07-31 10:52:50 [INFO] 图像预处理完成，原始尺寸: (2160, 3840)
2026-07-31 10:52:50 [INFO] 开始执行目标检测...
2026-07-31 10:52:50 [INFO] 检测完成，找到 3 个物体
2026-07-31 10:52:50 [INFO] 物体 1: GasCyl1 (置信度: 0.67)
2026-07-31 10:52:50 [INFO] 物体 2: FireExt1 (置信度: 0.46)
2026-07-31 10:52:50 [INFO] 物体 3: FireExt1 (置信度: 0.43)
2026-07-31 10:52:50 [INFO] 检测到车兜区域，将过滤区域外的目标
2026-07-31 10:52:50 [INFO] 准备保存检测结果到: C:\code\show\Scrap_Steel_In_Field\photos\dangerous_det\detection_20260731_105250.jpg
2026-07-31 10:52:50 [INFO] 图像形状: (2160, 3840, 3)
2026-07-31 10:52:50 [INFO] 图像数据类型: uint8
2026-07-31 10:52:50 [INFO] 图像最大值: 255
2026-07-31 10:52:50 [INFO] 图像最小值: 0
2026-07-31 10:52:50 [INFO] 开始保存检测结果图像: 图像尺寸=(2160, 3840, 3), 类型=uint8, 路径=C:\code\show\Scrap_Steel_In_Field\photos\dangerous_det\detection_20260731_105250.jpg
2026-07-31 10:52:50 [INFO] 成功保存检测结果到: C:\code\show\Scrap_Steel_In_Field\photos\dangerous_det\detection_20260731_105250.jpg
2026-07-31 10:52:50 [INFO] 保存的检测结果文件大小: 2217587 字节
2026-07-31 10:52:50 [INFO] 引擎上下文已释放
2026-07-31 10:52:50 [INFO] TensorRT 引擎已释放
2026-07-31 10:52:50 [INFO] 全局 CUDA 资源已释放
2026-07-31 10:52:50 [INFO] 检测系统资源已释放
2026-07-31 10:52:56 [INFO] CUDA 初始化成功
2026-07-31 10:52:56 [INFO] 引擎加载成功: dangerous.engine
2026-07-31 10:52:56 [INFO] 检测系统初始化成功
2026-07-31 10:52:56 [INFO] 图像预处理完成，原始尺寸: (2160, 3840)
2026-07-31 10:52:56 [INFO] 开始执行目标检测...
2026-07-31 10:52:56 [INFO] 检测完成，找到 3 个物体
2026-07-31 10:52:56 [INFO] 物体 1: GasCyl1 (置信度: 0.62)
2026-07-31 10:52:56 [INFO] 物体 2: FireExt1 (置信度: 0.48)
2026-07-31 10:52:56 [INFO] 物体 3: FireExt1 (置信度: 0.45)
2026-07-31 10:52:56 [INFO] 检测到车兜区域，将过滤区域外的目标
2026-07-31 10:52:56 [INFO] 准备保存检测结果到: C:\code\show\Scrap_Steel_In_Field\photos\dangerous_det\detection_20260731_105256.jpg
2026-07-31 10:52:56 [INFO] 图像形状: (2160, 3840, 3)
2026-07-31 10:52:56 [INFO] 图像数据类型: uint8
2026-07-31 10:52:56 [INFO] 图像最大值: 255
2026-07-31 10:52:56 [INFO] 图像最小值: 0
2026-07-31 10:52:56 [INFO] 开始保存检测结果图像: 图像尺寸=(2160, 3840, 3), 类型=uint8, 路径=C:\code\show\Scrap_Steel_In_Field\photos\dangerous_det\detection_20260731_105256.jpg
2026-07-31 10:52:56 [INFO] 成功保存检测结果到: C:\code\show\Scrap_Steel_In_Field\photos\dangerous_det\detection_20260731_105256.jpg
2026-07-31 10:52:56 [INFO] 保存的检测结果文件大小: 2217778 字节
2026-07-31 10:52:56 [INFO] 引擎上下文已释放
2026-07-31 10:52:56 [INFO] TensorRT 引擎已释放
2026-07-31 10:52:56 [INFO] 全局 CUDA 资源已释放
2026-07-31 10:52:56 [INFO] 检测系统资源已释放
2026-07-31 10:53:01 [INFO] CUDA 初始化成功
2026-07-31 10:53:01 [INFO] 引擎加载成功: dangerous.engine
2026-07-31 10:53:01 [INFO] 检测系统初始化成功
2026-07-31 10:53:01 [INFO] 图像预处理完成，原始尺寸: (2160, 3840)
2026-07-31 10:53:01 [INFO] 开始执行目标检测...
2026-07-31 10:53:01 [INFO] 检测完成，找到 3 个物体
2026-07-31 10:53:01 [INFO] 物体 1: GasCyl1 (置信度: 0.74)
2026-07-31 10:53:01 [INFO] 物体 2: FireExt1 (置信度: 0.46)
2026-07-31 10:53:01 [INFO] 物体 3: FireExt1 (置信度: 0.44)
2026-07-31 10:53:01 [INFO] 检测到车兜区域，将过滤区域外的目标
2026-07-31 10:53:01 [INFO] 准备保存检测结果到: C:\code\show\Scrap_Steel_In_Field\photos\dangerous_det\detection_20260731_105301.jpg
2026-07-31 10:53:01 [INFO] 图像形状: (2160, 3840, 3)
2026-07-31 10:53:01 [INFO] 图像数据类型: uint8
2026-07-31 10:53:01 [INFO] 图像最大值: 255
2026-07-31 10:53:01 [INFO] 图像最小值: 0
2026-07-31 10:53:01 [INFO] 开始保存检测结果图像: 图像尺寸=(2160, 3840, 3), 类型=uint8, 路径=C:\code\show\Scrap_Steel_In_Field\photos\dangerous_det\detection_20260731_105301.jpg
2026-07-31 10:53:01 [INFO] 成功保存检测结果到: C:\code\show\Scrap_Steel_In_Field\photos\dangerous_det\detection_20260731_105301.jpg
2026-07-31 10:53:01 [INFO] 保存的检测结果文件大小: 2214414 字节
2026-07-31 10:53:01 [INFO] 引擎上下文已释放
2026-07-31 10:53:01 [INFO] TensorRT 引擎已释放
2026-07-31 10:53:01 [INFO] 全局 CUDA 资源已释放
2026-07-31 10:53:01 [INFO] 检测系统资源已释放
2026-07-31 10:53:06 [INFO] CUDA 初始化成功
2026-07-31 10:53:06 [INFO] 引擎加载成功: dangerous.engine
2026-07-31 10:53:06 [INFO] 检测系统初始化成功
2026-07-31 10:53:06 [INFO] 图像预处理完成，原始尺寸: (2160, 3840)
2026-07-31 10:53:06 [INFO] 开始执行目标检测...
2026-07-31 10:53:06 [INFO] 检测完成，找到 3 个物体
2026-07-31 10:53:06 [INFO] 物体 1: GasCyl1 (置信度: 0.65)
2026-07-31 10:53:06 [INFO] 物体 2: FireExt1 (置信度: 0.46)
2026-07-31 10:53:06 [INFO] 物体 3: FireExt1 (置信度: 0.44)
2026-07-31 10:53:07 [INFO] 检测到车兜区域，将过滤区域外的目标
2026-07-31 10:53:07 [INFO] 准备保存检测结果到: C:\code\show\Scrap_Steel_In_Field\photos\dangerous_det\detection_20260731_105307.jpg
2026-07-31 10:53:07 [INFO] 图像形状: (2160, 3840, 3)
2026-07-31 10:53:07 [INFO] 图像数据类型: uint8
2026-07-31 10:53:07 [INFO] 图像最大值: 255
2026-07-31 10:53:07 [INFO] 图像最小值: 0
2026-07-31 10:53:07 [INFO] 开始保存检测结果图像: 图像尺寸=(2160, 3840, 3), 类型=uint8, 路径=C:\code\show\Scrap_Steel_In_Field\photos\dangerous_det\detection_20260731_105307.jpg
2026-07-31 10:53:07 [INFO] 成功保存检测结果到: C:\code\show\Scrap_Steel_In_Field\photos\dangerous_det\detection_20260731_105307.jpg
2026-07-31 10:53:07 [INFO] 保存的检测结果文件大小: 2217152 字节
2026-07-31 10:53:07 [INFO] 引擎上下文已释放
2026-07-31 10:53:07 [INFO] TensorRT 引擎已释放
2026-07-31 10:53:07 [INFO] 全局 CUDA 资源已释放
2026-07-31 10:53:07 [INFO] 检测系统资源已释放
2026-07-31 10:53:12 [INFO] CUDA 初始化成功
2026-07-31 10:53:12 [INFO] 引擎加载成功: dangerous.engine
2026-07-31 10:53:12 [INFO] 检测系统初始化成功
2026-07-31 10:53:12 [INFO] 图像预处理完成，原始尺寸: (2160, 3840)
2026-07-31 10:53:12 [INFO] 开始执行目标检测...
2026-07-31 10:53:12 [INFO] 检测完成，找到 3 个物体
2026-07-31 10:53:12 [INFO] 物体 1: GasCyl1 (置信度: 0.68)
2026-07-31 10:53:12 [INFO] 物体 2: FireExt1 (置信度: 0.45)
2026-07-31 10:53:12 [INFO] 物体 3: FireExt1 (置信度: 0.44)
2026-07-31 10:53:12 [INFO] 检测到车兜区域，将过滤区域外的目标
2026-07-31 10:53:12 [INFO] 准备保存检测结果到: C:\code\show\Scrap_Steel_In_Field\photos\dangerous_det\detection_20260731_105312.jpg
2026-07-31 10:53:12 [INFO] 图像形状: (2160, 3840, 3)
2026-07-31 10:53:12 [INFO] 图像数据类型: uint8
2026-07-31 10:53:12 [INFO] 图像最大值: 255
2026-07-31 10:53:12 [INFO] 图像最小值: 0
2026-07-31 10:53:12 [INFO] 开始保存检测结果图像: 图像尺寸=(2160, 3840, 3), 类型=uint8, 路径=C:\code\show\Scrap_Steel_In_Field\photos\dangerous_det\detection_20260731_105312.jpg
2026-07-31 10:53:12 [INFO] 成功保存检测结果到: C:\code\show\Scrap_Steel_In_Field\photos\dangerous_det\detection_20260731_105312.jpg
2026-07-31 10:53:12 [INFO] 保存的检测结果文件大小: 2218029 字节
2026-07-31 10:53:12 [INFO] 引擎上下文已释放
2026-07-31 10:53:12 [INFO] TensorRT 引擎已释放
2026-07-31 10:53:12 [INFO] 全局 CUDA 资源已释放
2026-07-31 10:53:12 [INFO] 检测系统资源已释放
2026-07-31 10:53:17 [INFO] CUDA 初始化成功
2026-07-31 10:53:17 [INFO] 引擎加载成功: dangerous.engine
2026-07-31 10:53:17 [INFO] 检测系统初始化成功
2026-07-31 10:53:17 [INFO] 图像预处理完成，原始尺寸: (2160, 3840)
2026-07-31 10:53:17 [INFO] 开始执行目标检测...
2026-07-31 10:53:17 [INFO] 检测完成，找到 3 个物体
2026-07-31 10:53:17 [INFO] 物体 1: GasCyl1 (置信度: 0.59)
2026-07-31 10:53:17 [INFO] 物体 2: FireExt1 (置信度: 0.46)
2026-07-31 10:53:17 [INFO] 物体 3: FireExt1 (置信度: 0.45)
2026-07-31 10:53:17 [INFO] 检测到车兜区域，将过滤区域外的目标
2026-07-31 10:53:17 [INFO] 准备保存检测结果到: C:\code\show\Scrap_Steel_In_Field\photos\dangerous_det\detection_20260731_105317.jpg
2026-07-31 10:53:17 [INFO] 图像形状: (2160, 3840, 3)
2026-07-31 10:53:17 [INFO] 图像数据类型: uint8
2026-07-31 10:53:17 [INFO] 图像最大值: 255
2026-07-31 10:53:17 [INFO] 图像最小值: 0
2026-07-31 10:53:17 [INFO] 开始保存检测结果图像: 图像尺寸=(2160, 3840, 3), 类型=uint8, 路径=C:\code\show\Scrap_Steel_In_Field\photos\dangerous_det\detection_20260731_105317.jpg
2026-07-31 10:53:17 [INFO] 成功保存检测结果到: C:\code\show\Scrap_Steel_In_Field\photos\dangerous_det\detection_20260731_105317.jpg
2026-07-31 10:53:17 [INFO] 保存的检测结果文件大小: 2222233 字节
2026-07-31 10:53:17 [INFO] 引擎上下文已释放
2026-07-31 10:53:17 [INFO] TensorRT 引擎已释放
2026-07-31 10:53:17 [INFO] 全局 CUDA 资源已释放
2026-07-31 10:53:17 [INFO] 检测系统资源已释放
2026-07-31 10:53:22 [INFO] CUDA 初始化成功
2026-07-31 10:53:23 [INFO] 引擎加载成功: dangerous.engine
2026-07-31 10:53:23 [INFO] 检测系统初始化成功
2026-07-31 10:53:23 [INFO] 图像预处理完成，原始尺寸: (2160, 3840)
2026-07-31 10:53:23 [INFO] 开始执行目标检测...
2026-07-31 10:53:23 [INFO] 检测完成，找到 3 个物体
2026-07-31 10:53:23 [INFO] 物体 1: GasCyl1 (置信度: 0.69)
2026-07-31 10:53:23 [INFO] 物体 2: FireExt1 (置信度: 0.45)
2026-07-31 10:53:23 [INFO] 物体 3: FireExt1 (置信度: 0.45)
2026-07-31 10:53:23 [INFO] 检测到车兜区域，将过滤区域外的目标
2026-07-31 10:53:23 [INFO] 准备保存检测结果到: C:\code\show\Scrap_Steel_In_Field\photos\dangerous_det\detection_20260731_105323.jpg
2026-07-31 10:53:23 [INFO] 图像形状: (2160, 3840, 3)
2026-07-31 10:53:23 [INFO] 图像数据类型: uint8
2026-07-31 10:53:23 [INFO] 图像最大值: 255
2026-07-31 10:53:23 [INFO] 图像最小值: 0
2026-07-31 10:53:23 [INFO] 开始保存检测结果图像: 图像尺寸=(2160, 3840, 3), 类型=uint8, 路径=C:\code\show\Scrap_Steel_In_Field\photos\dangerous_det\detection_20260731_105323.jpg
2026-07-31 10:53:24 [INFO] 成功保存检测结果到: C:\code\show\Scrap_Steel_In_Field\photos\dangerous_det\detection_20260731_105323.jpg
2026-07-31 10:53:24 [INFO] 保存的检测结果文件大小: 2218568 字节
2026-07-31 10:53:24 [INFO] 引擎上下文已释放
2026-07-31 10:53:24 [INFO] TensorRT 引擎已释放
2026-07-31 10:53:24 [INFO] 全局 CUDA 资源已释放
2026-07-31 10:53:24 [INFO] 检测系统资源已释放
2026-07-31 10:53:28 [INFO] CUDA 初始化成功
2026-07-31 10:53:28 [INFO] 引擎加载成功: dangerous.engine
2026-07-31 10:53:28 [INFO] 检测系统初始化成功
2026-07-31 10:53:28 [INFO] 图像预处理完成，原始尺寸: (2160, 3840)
2026-07-31 10:53:28 [INFO] 开始执行目标检测...
2026-07-31 10:53:28 [INFO] 检测完成，找到 3 个物体
2026-07-31 10:53:28 [INFO] 物体 1: GasCyl1 (置信度: 0.68)
2026-07-31 10:53:28 [INFO] 物体 2: FireExt1 (置信度: 0.45)
2026-07-31 10:53:28 [INFO] 物体 3: FireExt1 (置信度: 0.41)
2026-07-31 10:53:28 [INFO] 检测到车兜区域，将过滤区域外的目标
2026-07-31 10:53:28 [INFO] 准备保存检测结果到: C:\code\show\Scrap_Steel_In_Field\photos\dangerous_det\detection_20260731_105328.jpg
2026-07-31 10:53:28 [INFO] 图像形状: (2160, 3840, 3)
2026-07-31 10:53:28 [INFO] 图像数据类型: uint8
2026-07-31 10:53:28 [INFO] 图像最大值: 255
2026-07-31 10:53:28 [INFO] 图像最小值: 0
2026-07-31 10:53:28 [INFO] 开始保存检测结果图像: 图像尺寸=(2160, 3840, 3), 类型=uint8, 路径=C:\code\show\Scrap_Steel_In_Field\photos\dangerous_det\detection_20260731_105328.jpg
2026-07-31 10:53:28 [INFO] 成功保存检测结果到: C:\code\show\Scrap_Steel_In_Field\photos\dangerous_det\detection_20260731_105328.jpg
2026-07-31 10:53:28 [INFO] 保存的检测结果文件大小: 2221396 字节
2026-07-31 10:53:28 [INFO] 引擎上下文已释放
2026-07-31 10:53:28 [INFO] TensorRT 引擎已释放
2026-07-31 10:53:28 [INFO] 全局 CUDA 资源已释放
2026-07-31 10:53:28 [INFO] 检测系统资源已释放
2026-07-31 10:53:33 [INFO] CUDA 初始化成功
2026-07-31 10:53:33 [INFO] 引擎加载成功: dangerous.engine
2026-07-31 10:53:33 [INFO] 检测系统初始化成功
2026-07-31 10:53:33 [INFO] 图像预处理完成，原始尺寸: (2160, 3840)
2026-07-31 10:53:33 [INFO] 开始执行目标检测...
2026-07-31 10:53:34 [INFO] 检测完成，找到 3 个物体
2026-07-31 10:53:34 [INFO] 物体 1: GasCyl1 (置信度: 0.64)
2026-07-31 10:53:34 [INFO] 物体 2: FireExt1 (置信度: 0.47)
2026-07-31 10:53:34 [INFO] 物体 3: FireExt1 (置信度: 0.44)
2026-07-31 10:53:34 [INFO] 检测到车兜区域，将过滤区域外的目标
2026-07-31 10:53:34 [INFO] 准备保存检测结果到: C:\code\show\Scrap_Steel_In_Field\photos\dangerous_det\detection_20260731_105334.jpg
2026-07-31 10:53:34 [INFO] 图像形状: (2160, 3840, 3)
2026-07-31 10:53:34 [INFO] 图像数据类型: uint8
2026-07-31 10:53:34 [INFO] 图像最大值: 255
2026-07-31 10:53:34 [INFO] 图像最小值: 0
2026-07-31 10:53:34 [INFO] 开始保存检测结果图像: 图像尺寸=(2160, 3840, 3), 类型=uint8, 路径=C:\code\show\Scrap_Steel_In_Field\photos\dangerous_det\detection_20260731_105334.jpg
2026-07-31 10:53:34 [INFO] 成功保存检测结果到: C:\code\show\Scrap_Steel_In_Field\photos\dangerous_det\detection_20260731_105334.jpg
2026-07-31 10:53:34 [INFO] 保存的检测结果文件大小: 2221199 字节
2026-07-31 10:53:34 [INFO] 引擎上下文已释放
2026-07-31 10:53:34 [INFO] TensorRT 引擎已释放
2026-07-31 10:53:34 [INFO] 全局 CUDA 资源已释放
2026-07-31 10:53:34 [INFO] 检测系统资源已释放
2026-07-31 10:53:39 [INFO] CUDA 初始化成功
2026-07-31 10:53:39 [INFO] 引擎加载成功: dangerous.engine
2026-07-31 10:53:39 [INFO] 检测系统初始化成功
2026-07-31 10:53:39 [INFO] 图像预处理完成，原始尺寸: (2160, 3840)
2026-07-31 10:53:39 [INFO] 开始执行目标检测...
2026-07-31 10:53:39 [INFO] 检测完成，找到 3 个物体
2026-07-31 10:53:39 [INFO] 物体 1: GasCyl1 (置信度: 0.69)
2026-07-31 10:53:39 [INFO] 物体 2: FireExt1 (置信度: 0.47)
2026-07-31 10:53:39 [INFO] 物体 3: FireExt1 (置信度: 0.44)
2026-07-31 10:53:39 [INFO] 检测到车兜区域，将过滤区域外的目标
2026-07-31 10:53:39 [INFO] 准备保存检测结果到: C:\code\show\Scrap_Steel_In_Field\photos\dangerous_det\detection_20260731_105339.jpg
2026-07-31 10:53:39 [INFO] 图像形状: (2160, 3840, 3)
2026-07-31 10:53:39 [INFO] 图像数据类型: uint8
2026-07-31 10:53:39 [INFO] 图像最大值: 255
2026-07-31 10:53:39 [INFO] 图像最小值: 0
2026-07-31 10:53:39 [INFO] 开始保存检测结果图像: 图像尺寸=(2160, 3840, 3), 类型=uint8, 路径=C:\code\show\Scrap_Steel_In_Field\photos\dangerous_det\detection_20260731_105339.jpg
2026-07-31 10:53:39 [INFO] 成功保存检测结果到: C:\code\show\Scrap_Steel_In_Field\photos\dangerous_det\detection_20260731_105339.jpg
2026-07-31 10:53:39 [INFO] 保存的检测结果文件大小: 2220910 字节
2026-07-31 10:53:39 [INFO] 引擎上下文已释放
2026-07-31 10:53:39 [INFO] TensorRT 引擎已释放
2026-07-31 10:53:39 [INFO] 全局 CUDA 资源已释放
2026-07-31 10:53:39 [INFO] 检测系统资源已释放
2026-07-31 10:53:44 [INFO] CUDA 初始化成功
2026-07-31 10:53:44 [INFO] 引擎加载成功: dangerous.engine
2026-07-31 10:53:44 [INFO] 检测系统初始化成功
2026-07-31 10:53:44 [INFO] 图像预处理完成，原始尺寸: (2160, 3840)
2026-07-31 10:53:44 [INFO] 开始执行目标检测...
2026-07-31 10:53:44 [INFO] 检测完成，找到 3 个物体
2026-07-31 10:53:44 [INFO] 物体 1: GasCyl1 (置信度: 0.69)
2026-07-31 10:53:44 [INFO] 物体 2: FireExt1 (置信度: 0.45)
2026-07-31 10:53:44 [INFO] 物体 3: FireExt1 (置信度: 0.44)
2026-07-31 10:53:44 [INFO] 检测到车兜区域，将过滤区域外的目标
2026-07-31 10:53:44 [INFO] 准备保存检测结果到: C:\code\show\Scrap_Steel_In_Field\photos\dangerous_det\detection_20260731_105344.jpg
2026-07-31 10:53:44 [INFO] 图像形状: (2160, 3840, 3)
2026-07-31 10:53:44 [INFO] 图像数据类型: uint8
2026-07-31 10:53:44 [INFO] 图像最大值: 255
2026-07-31 10:53:44 [INFO] 图像最小值: 0
2026-07-31 10:53:44 [INFO] 开始保存检测结果图像: 图像尺寸=(2160, 3840, 3), 类型=uint8, 路径=C:\code\show\Scrap_Steel_In_Field\photos\dangerous_det\detection_20260731_105344.jpg
2026-07-31 10:53:44 [INFO] 成功保存检测结果到: C:\code\show\Scrap_Steel_In_Field\photos\dangerous_det\detection_20260731_105344.jpg
2026-07-31 10:53:44 [INFO] 保存的检测结果文件大小: 2223090 字节
2026-07-31 10:53:44 [INFO] 引擎上下文已释放
2026-07-31 10:53:44 [INFO] TensorRT 引擎已释放
2026-07-31 10:53:44 [INFO] 全局 CUDA 资源已释放
2026-07-31 10:53:44 [INFO] 检测系统资源已释放
2026-07-31 10:53:49 [INFO] CUDA 初始化成功
2026-07-31 10:53:49 [INFO] 引擎加载成功: dangerous.engine
2026-07-31 10:53:49 [INFO] 检测系统初始化成功
2026-07-31 10:53:49 [INFO] 图像预处理完成，原始尺寸: (2160, 3840)
2026-07-31 10:53:49 [INFO] 开始执行目标检测...
2026-07-31 10:53:49 [INFO] 检测完成，找到 3 个物体
2026-07-31 10:53:49 [INFO] 物体 1: GasCyl1 (置信度: 0.63)
2026-07-31 10:53:49 [INFO] 物体 2: FireExt1 (置信度: 0.46)
2026-07-31 10:53:49 [INFO] 物体 3: FireExt1 (置信度: 0.43)
2026-07-31 10:53:49 [INFO] 检测到车兜区域，将过滤区域外的目标
2026-07-31 10:53:49 [INFO] 准备保存检测结果到: C:\code\show\Scrap_Steel_In_Field\photos\dangerous_det\detection_20260731_105349.jpg
2026-07-31 10:53:49 [INFO] 图像形状: (2160, 3840, 3)
2026-07-31 10:53:49 [INFO] 图像数据类型: uint8
2026-07-31 10:53:50 [INFO] 图像最大值: 255
2026-07-31 10:53:50 [INFO] 图像最小值: 0
2026-07-31 10:53:50 [INFO] 开始保存检测结果图像: 图像尺寸=(2160, 3840, 3), 类型=uint8, 路径=C:\code\show\Scrap_Steel_In_Field\photos\dangerous_det\detection_20260731_105349.jpg
2026-07-31 10:53:50 [INFO] 成功保存检测结果到: C:\code\show\Scrap_Steel_In_Field\photos\dangerous_det\detection_20260731_105349.jpg
2026-07-31 10:53:50 [INFO] 保存的检测结果文件大小: 2219748 字节
2026-07-31 10:53:50 [INFO] 引擎上下文已释放
2026-07-31 10:53:50 [INFO] TensorRT 引擎已释放
2026-07-31 10:53:50 [INFO] 全局 CUDA 资源已释放
2026-07-31 10:53:50 [INFO] 检测系统资源已释放
2026-07-31 10:53:55 [INFO] CUDA 初始化成功
2026-07-31 10:53:55 [INFO] 引擎加载成功: dangerous.engine
2026-07-31 10:53:55 [INFO] 检测系统初始化成功
2026-07-31 10:53:55 [INFO] 图像预处理完成，原始尺寸: (2160, 3840)
2026-07-31 10:53:55 [INFO] 开始执行目标检测...
2026-07-31 10:53:55 [INFO] 检测完成，找到 3 个物体
2026-07-31 10:53:55 [INFO] 物体 1: GasCyl1 (置信度: 0.64)
2026-07-31 10:53:55 [INFO] 物体 2: FireExt1 (置信度: 0.45)
2026-07-31 10:53:55 [INFO] 物体 3: FireExt1 (置信度: 0.42)
2026-07-31 10:53:55 [INFO] 检测到车兜区域，将过滤区域外的目标
2026-07-31 10:53:55 [INFO] 准备保存检测结果到: C:\code\show\Scrap_Steel_In_Field\photos\dangerous_det\detection_20260731_105355.jpg
2026-07-31 10:53:55 [INFO] 图像形状: (2160, 3840, 3)
2026-07-31 10:53:55 [INFO] 图像数据类型: uint8
2026-07-31 10:53:55 [INFO] 图像最大值: 255
2026-07-31 10:53:55 [INFO] 图像最小值: 0
2026-07-31 10:53:55 [INFO] 开始保存检测结果图像: 图像尺寸=(2160, 3840, 3), 类型=uint8, 路径=C:\code\show\Scrap_Steel_In_Field\photos\dangerous_det\detection_20260731_105355.jpg
2026-07-31 10:53:55 [INFO] 成功保存检测结果到: C:\code\show\Scrap_Steel_In_Field\photos\dangerous_det\detection_20260731_105355.jpg
2026-07-31 10:53:55 [INFO] 保存的检测结果文件大小: 2220904 字节
2026-07-31 10:53:55 [INFO] 引擎上下文已释放
2026-07-31 10:53:55 [INFO] TensorRT 引擎已释放
2026-07-31 10:53:55 [INFO] 全局 CUDA 资源已释放
2026-07-31 10:53:55 [INFO] 检测系统资源已释放
2026-07-31 10:54:00 [INFO] CUDA 初始化成功
2026-07-31 10:54:00 [INFO] 引擎加载成功: dangerous.engine
2026-07-31 10:54:00 [INFO] 检测系统初始化成功
2026-07-31 10:54:00 [INFO] 图像预处理完成，原始尺寸: (2160, 3840)
2026-07-31 10:54:00 [INFO] 开始执行目标检测...
2026-07-31 10:54:00 [INFO] 检测完成，找到 3 个物体
2026-07-31 10:54:00 [INFO] 物体 1: GasCyl1 (置信度: 0.69)
2026-07-31 10:54:00 [INFO] 物体 2: FireExt1 (置信度: 0.45)
2026-07-31 10:54:00 [INFO] 物体 3: FireExt1 (置信度: 0.42)
2026-07-31 10:54:00 [INFO] 检测到车兜区域，将过滤区域外的目标
2026-07-31 10:54:00 [INFO] 准备保存检测结果到: C:\code\show\Scrap_Steel_In_Field\photos\dangerous_det\detection_20260731_105400.jpg
2026-07-31 10:54:00 [INFO] 图像形状: (2160, 3840, 3)
2026-07-31 10:54:00 [INFO] 图像数据类型: uint8
2026-07-31 10:54:00 [INFO] 图像最大值: 255
2026-07-31 10:54:00 [INFO] 图像最小值: 0
2026-07-31 10:54:00 [INFO] 开始保存检测结果图像: 图像尺寸=(2160, 3840, 3), 类型=uint8, 路径=C:\code\show\Scrap_Steel_In_Field\photos\dangerous_det\detection_20260731_105400.jpg
2026-07-31 10:54:00 [INFO] 成功保存检测结果到: C:\code\show\Scrap_Steel_In_Field\photos\dangerous_det\detection_20260731_105400.jpg
2026-07-31 10:54:00 [INFO] 保存的检测结果文件大小: 2224503 字节
2026-07-31 10:54:00 [INFO] 引擎上下文已释放
2026-07-31 10:54:00 [INFO] TensorRT 引擎已释放
2026-07-31 10:54:00 [INFO] 全局 CUDA 资源已释放
2026-07-31 10:54:00 [INFO] 检测系统资源已释放
2026-07-31 10:54:05 [INFO] CUDA 初始化成功
2026-07-31 10:54:05 [INFO] 引擎加载成功: dangerous.engine
2026-07-31 10:54:05 [INFO] 检测系统初始化成功
2026-07-31 10:54:05 [INFO] 图像预处理完成，原始尺寸: (2160, 3840)
2026-07-31 10:54:05 [INFO] 开始执行目标检测...
2026-07-31 10:54:05 [INFO] 检测完成，找到 3 个物体
2026-07-31 10:54:05 [INFO] 物体 1: GasCyl1 (置信度: 0.69)
2026-07-31 10:54:05 [INFO] 物体 2: FireExt1 (置信度: 0.46)
2026-07-31 10:54:05 [INFO] 物体 3: FireExt1 (置信度: 0.44)
2026-07-31 10:54:05 [INFO] 检测到车兜区域，将过滤区域外的目标
2026-07-31 10:54:05 [INFO] 准备保存检测结果到: C:\code\show\Scrap_Steel_In_Field\photos\dangerous_det\detection_20260731_105405.jpg
2026-07-31 10:54:05 [INFO] 图像形状: (2160, 3840, 3)
2026-07-31 10:54:05 [INFO] 图像数据类型: uint8
2026-07-31 10:54:06 [INFO] 图像最大值: 255
2026-07-31 10:54:06 [INFO] 图像最小值: 0
2026-07-31 10:54:06 [INFO] 开始保存检测结果图像: 图像尺寸=(2160, 3840, 3), 类型=uint8, 路径=C:\code\show\Scrap_Steel_In_Field\photos\dangerous_det\detection_20260731_105405.jpg
2026-07-31 10:54:06 [INFO] 成功保存检测结果到: C:\code\show\Scrap_Steel_In_Field\photos\dangerous_det\detection_20260731_105405.jpg
2026-07-31 10:54:06 [INFO] 保存的检测结果文件大小: 2220521 字节
2026-07-31 10:54:06 [INFO] 引擎上下文已释放
2026-07-31 10:54:06 [INFO] TensorRT 引擎已释放
2026-07-31 10:54:06 [INFO] 全局 CUDA 资源已释放
2026-07-31 10:54:06 [INFO] 检测系统资源已释放
2026-07-31 10:54:11 [INFO] CUDA 初始化成功
2026-07-31 10:54:11 [INFO] 引擎加载成功: dangerous.engine
2026-07-31 10:54:11 [INFO] 检测系统初始化成功
2026-07-31 10:54:11 [INFO] 图像预处理完成，原始尺寸: (2160, 3840)
2026-07-31 10:54:11 [INFO] 开始执行目标检测...
2026-07-31 10:54:11 [INFO] 检测完成，找到 3 个物体
2026-07-31 10:54:11 [INFO] 物体 1: GasCyl1 (置信度: 0.67)
2026-07-31 10:54:11 [INFO] 物体 2: FireExt1 (置信度: 0.45)
2026-07-31 10:54:11 [INFO] 物体 3: FireExt1 (置信度: 0.43)
2026-07-31 10:54:11 [INFO] 检测到车兜区域，将过滤区域外的目标
2026-07-31 10:54:11 [INFO] 准备保存检测结果到: C:\code\show\Scrap_Steel_In_Field\photos\dangerous_det\detection_20260731_105411.jpg
2026-07-31 10:54:11 [INFO] 图像形状: (2160, 3840, 3)
2026-07-31 10:54:11 [INFO] 图像数据类型: uint8
2026-07-31 10:54:11 [INFO] 图像最大值: 255
2026-07-31 10:54:11 [INFO] 图像最小值: 0
2026-07-31 10:54:11 [INFO] 开始保存检测结果图像: 图像尺寸=(2160, 3840, 3), 类型=uint8, 路径=C:\code\show\Scrap_Steel_In_Field\photos\dangerous_det\detection_20260731_105411.jpg
2026-07-31 10:54:11 [INFO] 成功保存检测结果到: C:\code\show\Scrap_Steel_In_Field\photos\dangerous_det\detection_20260731_105411.jpg
2026-07-31 10:54:11 [INFO] 保存的检测结果文件大小: 2226277 字节
2026-07-31 10:54:11 [INFO] 引擎上下文已释放
2026-07-31 10:54:11 [INFO] TensorRT 引擎已释放
2026-07-31 10:54:11 [INFO] 全局 CUDA 资源已释放
2026-07-31 10:54:11 [INFO] 检测系统资源已释放
2026-07-31 10:54:16 [INFO] CUDA 初始化成功
2026-07-31 10:54:16 [INFO] 引擎加载成功: dangerous.engine
2026-07-31 10:54:16 [INFO] 检测系统初始化成功
2026-07-31 10:54:16 [INFO] 图像预处理完成，原始尺寸: (2160, 3840)
2026-07-31 10:54:16 [INFO] 开始执行目标检测...
2026-07-31 10:54:16 [INFO] 检测完成，找到 3 个物体
2026-07-31 10:54:16 [INFO] 物体 1: GasCyl1 (置信度: 0.72)
2026-07-31 10:54:16 [INFO] 物体 2: FireExt1 (置信度: 0.45)
2026-07-31 10:54:16 [INFO] 物体 3: FireExt1 (置信度: 0.44)
2026-07-31 10:54:16 [INFO] 检测到车兜区域，将过滤区域外的目标
2026-07-31 10:54:16 [INFO] 准备保存检测结果到: C:\code\show\Scrap_Steel_In_Field\photos\dangerous_det\detection_20260731_105416.jpg
2026-07-31 10:54:16 [INFO] 图像形状: (2160, 3840, 3)
2026-07-31 10:54:16 [INFO] 图像数据类型: uint8
2026-07-31 10:54:16 [INFO] 图像最大值: 255
2026-07-31 10:54:16 [INFO] 图像最小值: 0
2026-07-31 10:54:16 [INFO] 开始保存检测结果图像: 图像尺寸=(2160, 3840, 3), 类型=uint8, 路径=C:\code\show\Scrap_Steel_In_Field\photos\dangerous_det\detection_20260731_105416.jpg
2026-07-31 10:54:16 [INFO] 成功保存检测结果到: C:\code\show\Scrap_Steel_In_Field\photos\dangerous_det\detection_20260731_105416.jpg
2026-07-31 10:54:16 [INFO] 保存的检测结果文件大小: 2224138 字节
2026-07-31 10:54:16 [INFO] 引擎上下文已释放
2026-07-31 10:54:16 [INFO] TensorRT 引擎已释放
2026-07-31 10:54:16 [INFO] 全局 CUDA 资源已释放
2026-07-31 10:54:16 [INFO] 检测系统资源已释放
2026-07-31 10:54:21 [INFO] CUDA 初始化成功
2026-07-31 10:54:21 [INFO] 引擎加载成功: dangerous.engine
2026-07-31 10:54:21 [INFO] 检测系统初始化成功
2026-07-31 10:54:21 [INFO] 图像预处理完成，原始尺寸: (2160, 3840)
2026-07-31 10:54:21 [INFO] 开始执行目标检测...
2026-07-31 10:54:22 [INFO] 检测完成，找到 3 个物体
2026-07-31 10:54:22 [INFO] 物体 1: GasCyl1 (置信度: 0.69)
2026-07-31 10:54:22 [INFO] 物体 2: FireExt1 (置信度: 0.46)
2026-07-31 10:54:22 [INFO] 物体 3: FireExt1 (置信度: 0.43)
2026-07-31 10:54:22 [INFO] 检测到车兜区域，将过滤区域外的目标
2026-07-31 10:54:22 [INFO] 准备保存检测结果到: C:\code\show\Scrap_Steel_In_Field\photos\dangerous_det\detection_20260731_105422.jpg
2026-07-31 10:54:22 [INFO] 图像形状: (2160, 3840, 3)
2026-07-31 10:54:22 [INFO] 图像数据类型: uint8
2026-07-31 10:54:22 [INFO] 图像最大值: 255
2026-07-31 10:54:22 [INFO] 图像最小值: 0
2026-07-31 10:54:22 [INFO] 开始保存检测结果图像: 图像尺寸=(2160, 3840, 3), 类型=uint8, 路径=C:\code\show\Scrap_Steel_In_Field\photos\dangerous_det\detection_20260731_105422.jpg
2026-07-31 10:54:22 [INFO] 成功保存检测结果到: C:\code\show\Scrap_Steel_In_Field\photos\dangerous_det\detection_20260731_105422.jpg
2026-07-31 10:54:22 [INFO] 保存的检测结果文件大小: 2226694 字节
2026-07-31 10:54:22 [INFO] 引擎上下文已释放
2026-07-31 10:54:22 [INFO] TensorRT 引擎已释放
2026-07-31 10:54:22 [INFO] 全局 CUDA 资源已释放
2026-07-31 10:54:22 [INFO] 检测系统资源已释放
2026-07-31 10:54:27 [INFO] CUDA 初始化成功
2026-07-31 10:54:27 [INFO] 引擎加载成功: dangerous.engine
2026-07-31 10:54:27 [INFO] 检测系统初始化成功
2026-07-31 10:54:27 [INFO] 图像预处理完成，原始尺寸: (2160, 3840)
2026-07-31 10:54:27 [INFO] 开始执行目标检测...
2026-07-31 10:54:27 [INFO] 检测完成，找到 3 个物体
2026-07-31 10:54:27 [INFO] 物体 1: GasCyl1 (置信度: 0.68)
2026-07-31 10:54:27 [INFO] 物体 2: FireExt1 (置信度: 0.45)
2026-07-31 10:54:27 [INFO] 物体 3: FireExt1 (置信度: 0.45)
2026-07-31 10:54:27 [INFO] 检测到车兜区域，将过滤区域外的目标
2026-07-31 10:54:27 [INFO] 准备保存检测结果到: C:\code\show\Scrap_Steel_In_Field\photos\dangerous_det\detection_20260731_105427.jpg
2026-07-31 10:54:27 [INFO] 图像形状: (2160, 3840, 3)
2026-07-31 10:54:27 [INFO] 图像数据类型: uint8
2026-07-31 10:54:27 [INFO] 图像最大值: 255
2026-07-31 10:54:27 [INFO] 图像最小值: 0
2026-07-31 10:54:27 [INFO] 开始保存检测结果图像: 图像尺寸=(2160, 3840, 3), 类型=uint8, 路径=C:\code\show\Scrap_Steel_In_Field\photos\dangerous_det\detection_20260731_105427.jpg
2026-07-31 10:54:27 [INFO] 成功保存检测结果到: C:\code\show\Scrap_Steel_In_Field\photos\dangerous_det\detection_20260731_105427.jpg
2026-07-31 10:54:27 [INFO] 保存的检测结果文件大小: 2227858 字节
2026-07-31 10:54:27 [INFO] 引擎上下文已释放
2026-07-31 10:54:27 [INFO] TensorRT 引擎已释放
2026-07-31 10:54:27 [INFO] 全局 CUDA 资源已释放
2026-07-31 10:54:27 [INFO] 检测系统资源已释放
2026-07-31 10:54:32 [INFO] CUDA 初始化成功
2026-07-31 10:54:32 [INFO] 引擎加载成功: dangerous.engine
2026-07-31 10:54:32 [INFO] 检测系统初始化成功
2026-07-31 10:54:32 [INFO] 图像预处理完成，原始尺寸: (2160, 3840)
2026-07-31 10:54:32 [INFO] 开始执行目标检测...
2026-07-31 10:54:32 [INFO] 检测完成，找到 3 个物体
2026-07-31 10:54:32 [INFO] 物体 1: GasCyl1 (置信度: 0.68)
2026-07-31 10:54:32 [INFO] 物体 2: FireExt1 (置信度: 0.45)
2026-07-31 10:54:32 [INFO] 物体 3: FireExt1 (置信度: 0.44)
2026-07-31 10:54:32 [INFO] 检测到车兜区域，将过滤区域外的目标
2026-07-31 10:54:32 [INFO] 准备保存检测结果到: C:\code\show\Scrap_Steel_In_Field\photos\dangerous_det\detection_20260731_105432.jpg
2026-07-31 10:54:32 [INFO] 图像形状: (2160, 3840, 3)
2026-07-31 10:54:32 [INFO] 图像数据类型: uint8
2026-07-31 10:54:32 [INFO] 图像最大值: 255
2026-07-31 10:54:32 [INFO] 图像最小值: 0
2026-07-31 10:54:32 [INFO] 开始保存检测结果图像: 图像尺寸=(2160, 3840, 3), 类型=uint8, 路径=C:\code\show\Scrap_Steel_In_Field\photos\dangerous_det\detection_20260731_105432.jpg
2026-07-31 10:54:32 [INFO] 成功保存检测结果到: C:\code\show\Scrap_Steel_In_Field\photos\dangerous_det\detection_20260731_105432.jpg
2026-07-31 10:54:32 [INFO] 保存的检测结果文件大小: 2230700 字节
2026-07-31 10:54:32 [INFO] 引擎上下文已释放
2026-07-31 10:54:32 [INFO] TensorRT 引擎已释放
2026-07-31 10:54:32 [INFO] 全局 CUDA 资源已释放
2026-07-31 10:54:32 [INFO] 检测系统资源已释放
2026-07-31 10:54:37 [INFO] CUDA 初始化成功
2026-07-31 10:54:37 [INFO] 引擎加载成功: dangerous.engine
2026-07-31 10:54:37 [INFO] 检测系统初始化成功
2026-07-31 10:54:37 [INFO] 图像预处理完成，原始尺寸: (2160, 3840)
2026-07-31 10:54:37 [INFO] 开始执行目标检测...
2026-07-31 10:54:38 [INFO] 检测完成，找到 3 个物体
2026-07-31 10:54:38 [INFO] 物体 1: GasCyl1 (置信度: 0.70)
2026-07-31 10:54:38 [INFO] 物体 2: FireExt1 (置信度: 0.45)
2026-07-31 10:54:38 [INFO] 物体 3: FireExt1 (置信度: 0.44)
2026-07-31 10:54:38 [INFO] 检测到车兜区域，将过滤区域外的目标
2026-07-31 10:54:38 [INFO] 准备保存检测结果到: C:\code\show\Scrap_Steel_In_Field\photos\dangerous_det\detection_20260731_105438.jpg
2026-07-31 10:54:38 [INFO] 图像形状: (2160, 3840, 3)
2026-07-31 10:54:38 [INFO] 图像数据类型: uint8
2026-07-31 10:54:38 [INFO] 图像最大值: 255
2026-07-31 10:54:38 [INFO] 图像最小值: 0
2026-07-31 10:54:38 [INFO] 开始保存检测结果图像: 图像尺寸=(2160, 3840, 3), 类型=uint8, 路径=C:\code\show\Scrap_Steel_In_Field\photos\dangerous_det\detection_20260731_105438.jpg
2026-07-31 10:54:38 [INFO] 成功保存检测结果到: C:\code\show\Scrap_Steel_In_Field\photos\dangerous_det\detection_20260731_105438.jpg
2026-07-31 10:54:38 [INFO] 保存的检测结果文件大小: 2228876 字节
2026-07-31 10:54:38 [INFO] 引擎上下文已释放
2026-07-31 10:54:38 [INFO] TensorRT 引擎已释放
2026-07-31 10:54:38 [INFO] 全局 CUDA 资源已释放
2026-07-31 10:54:38 [INFO] 检测系统资源已释放
2026-07-31 10:54:43 [INFO] CUDA 初始化成功
2026-07-31 10:54:43 [INFO] 引擎加载成功: dangerous.engine
2026-07-31 10:54:43 [INFO] 检测系统初始化成功
2026-07-31 10:54:43 [INFO] 图像预处理完成，原始尺寸: (2160, 3840)
2026-07-31 10:54:43 [INFO] 开始执行目标检测...
2026-07-31 10:54:43 [INFO] 检测完成，找到 3 个物体
2026-07-31 10:54:43 [INFO] 物体 1: GasCyl1 (置信度: 0.67)
2026-07-31 10:54:43 [INFO] 物体 2: FireExt1 (置信度: 0.44)
2026-07-31 10:54:43 [INFO] 物体 3: FireExt1 (置信度: 0.44)
2026-07-31 10:54:43 [INFO] 检测到车兜区域，将过滤区域外的目标
2026-07-31 10:54:43 [INFO] 准备保存检测结果到: C:\code\show\Scrap_Steel_In_Field\photos\dangerous_det\detection_20260731_105443.jpg
2026-07-31 10:54:43 [INFO] 图像形状: (2160, 3840, 3)
2026-07-31 10:54:43 [INFO] 图像数据类型: uint8
2026-07-31 10:54:43 [INFO] 图像最大值: 255
2026-07-31 10:54:43 [INFO] 图像最小值: 0
2026-07-31 10:54:43 [INFO] 开始保存检测结果图像: 图像尺寸=(2160, 3840, 3), 类型=uint8, 路径=C:\code\show\Scrap_Steel_In_Field\photos\dangerous_det\detection_20260731_105443.jpg
2026-07-31 10:54:43 [INFO] 成功保存检测结果到: C:\code\show\Scrap_Steel_In_Field\photos\dangerous_det\detection_20260731_105443.jpg
2026-07-31 10:54:43 [INFO] 保存的检测结果文件大小: 2227432 字节
2026-07-31 10:54:43 [INFO] 引擎上下文已释放
2026-07-31 10:54:43 [INFO] TensorRT 引擎已释放
2026-07-31 10:54:43 [INFO] 全局 CUDA 资源已释放
2026-07-31 10:54:43 [INFO] 检测系统资源已释放
2026-07-31 10:54:48 [INFO] CUDA 初始化成功
2026-07-31 10:54:48 [INFO] 引擎加载成功: dangerous.engine
2026-07-31 10:54:48 [INFO] 检测系统初始化成功
2026-07-31 10:54:48 [INFO] 图像预处理完成，原始尺寸: (2160, 3840)
2026-07-31 10:54:48 [INFO] 开始执行目标检测...
2026-07-31 10:54:48 [INFO] 检测完成，找到 3 个物体
2026-07-31 10:54:48 [INFO] 物体 1: GasCyl1 (置信度: 0.70)
2026-07-31 10:54:48 [INFO] 物体 2: FireExt1 (置信度: 0.46)
2026-07-31 10:54:48 [INFO] 物体 3: FireExt1 (置信度: 0.44)
2026-07-31 10:54:48 [INFO] 检测到车兜区域，将过滤区域外的目标
2026-07-31 10:54:48 [INFO] 准备保存检测结果到: C:\code\show\Scrap_Steel_In_Field\photos\dangerous_det\detection_20260731_105448.jpg
2026-07-31 10:54:48 [INFO] 图像形状: (2160, 3840, 3)
2026-07-31 10:54:48 [INFO] 图像数据类型: uint8
2026-07-31 10:54:48 [INFO] 图像最大值: 255
2026-07-31 10:54:48 [INFO] 图像最小值: 0
2026-07-31 10:54:48 [INFO] 开始保存检测结果图像: 图像尺寸=(2160, 3840, 3), 类型=uint8, 路径=C:\code\show\Scrap_Steel_In_Field\photos\dangerous_det\detection_20260731_105448.jpg
2026-07-31 10:54:48 [INFO] 成功保存检测结果到: C:\code\show\Scrap_Steel_In_Field\photos\dangerous_det\detection_20260731_105448.jpg
2026-07-31 10:54:48 [INFO] 保存的检测结果文件大小: 2226456 字节
2026-07-31 10:54:48 [INFO] 引擎上下文已释放
2026-07-31 10:54:48 [INFO] TensorRT 引擎已释放
2026-07-31 10:54:48 [INFO] 全局 CUDA 资源已释放
2026-07-31 10:54:48 [INFO] 检测系统资源已释放
2026-07-31 10:54:53 [INFO] CUDA 初始化成功
2026-07-31 10:54:53 [INFO] 引擎加载成功: dangerous.engine
2026-07-31 10:54:53 [INFO] 检测系统初始化成功
2026-07-31 10:54:53 [INFO] 图像预处理完成，原始尺寸: (2160, 3840)
2026-07-31 10:54:53 [INFO] 开始执行目标检测...
2026-07-31 10:54:53 [INFO] 检测完成，找到 3 个物体
2026-07-31 10:54:53 [INFO] 物体 1: GasCyl1 (置信度: 0.66)
2026-07-31 10:54:53 [INFO] 物体 2: FireExt1 (置信度: 0.44)
2026-07-31 10:54:53 [INFO] 物体 3: FireExt1 (置信度: 0.41)
2026-07-31 10:54:53 [INFO] 检测到车兜区域，将过滤区域外的目标
2026-07-31 10:54:53 [INFO] 准备保存检测结果到: C:\code\show\Scrap_Steel_In_Field\photos\dangerous_det\detection_20260731_105453.jpg
2026-07-31 10:54:53 [INFO] 图像形状: (2160, 3840, 3)
2026-07-31 10:54:53 [INFO] 图像数据类型: uint8
2026-07-31 10:54:53 [INFO] 图像最大值: 255
2026-07-31 10:54:53 [INFO] 图像最小值: 0
2026-07-31 10:54:53 [INFO] 开始保存检测结果图像: 图像尺寸=(2160, 3840, 3), 类型=uint8, 路径=C:\code\show\Scrap_Steel_In_Field\photos\dangerous_det\detection_20260731_105453.jpg
2026-07-31 10:54:53 [INFO] 成功保存检测结果到: C:\code\show\Scrap_Steel_In_Field\photos\dangerous_det\detection_20260731_105453.jpg
2026-07-31 10:54:53 [INFO] 保存的检测结果文件大小: 2224717 字节
2026-07-31 10:54:53 [INFO] 引擎上下文已释放
2026-07-31 10:54:53 [INFO] TensorRT 引擎已释放
2026-07-31 10:54:53 [INFO] 全局 CUDA 资源已释放
2026-07-31 10:54:53 [INFO] 检测系统资源已释放
2026-07-31 10:54:59 [INFO] CUDA 初始化成功
2026-07-31 10:54:59 [INFO] 引擎加载成功: dangerous.engine
2026-07-31 10:54:59 [INFO] 检测系统初始化成功
2026-07-31 10:54:59 [INFO] 图像预处理完成，原始尺寸: (2160, 3840)
2026-07-31 10:54:59 [INFO] 开始执行目标检测...
2026-07-31 10:54:59 [INFO] 检测完成，找到 3 个物体
2026-07-31 10:54:59 [INFO] 物体 1: GasCyl1 (置信度: 0.73)
2026-07-31 10:54:59 [INFO] 物体 2: FireExt1 (置信度: 0.48)
2026-07-31 10:54:59 [INFO] 物体 3: FireExt1 (置信度: 0.42)
2026-07-31 10:54:59 [INFO] 检测到车兜区域，将过滤区域外的目标
2026-07-31 10:54:59 [INFO] 准备保存检测结果到: C:\code\show\Scrap_Steel_In_Field\photos\dangerous_det\detection_20260731_105459.jpg
2026-07-31 10:54:59 [INFO] 图像形状: (2160, 3840, 3)
2026-07-31 10:54:59 [INFO] 图像数据类型: uint8
2026-07-31 10:54:59 [INFO] 图像最大值: 255
2026-07-31 10:54:59 [INFO] 图像最小值: 0
2026-07-31 10:54:59 [INFO] 开始保存检测结果图像: 图像尺寸=(2160, 3840, 3), 类型=uint8, 路径=C:\code\show\Scrap_Steel_In_Field\photos\dangerous_det\detection_20260731_105459.jpg
2026-07-31 10:54:59 [INFO] 成功保存检测结果到: C:\code\show\Scrap_Steel_In_Field\photos\dangerous_det\detection_20260731_105459.jpg
2026-07-31 10:54:59 [INFO] 保存的检测结果文件大小: 2224607 字节
2026-07-31 10:54:59 [INFO] 引擎上下文已释放
2026-07-31 10:54:59 [INFO] TensorRT 引擎已释放
2026-07-31 10:54:59 [INFO] 全局 CUDA 资源已释放
2026-07-31 10:54:59 [INFO] 检测系统资源已释放
2026-07-31 10:55:04 [INFO] CUDA 初始化成功
2026-07-31 10:55:04 [INFO] 引擎加载成功: dangerous.engine
2026-07-31 10:55:04 [INFO] 检测系统初始化成功
2026-07-31 10:55:04 [INFO] 图像预处理完成，原始尺寸: (2160, 3840)
2026-07-31 10:55:04 [INFO] 开始执行目标检测...
2026-07-31 10:55:04 [INFO] 检测完成，找到 3 个物体
2026-07-31 10:55:04 [INFO] 物体 1: GasCyl1 (置信度: 0.65)
2026-07-31 10:55:04 [INFO] 物体 2: FireExt1 (置信度: 0.45)
2026-07-31 10:55:04 [INFO] 物体 3: FireExt1 (置信度: 0.42)
2026-07-31 10:55:04 [INFO] 检测到车兜区域，将过滤区域外的目标
2026-07-31 10:55:04 [INFO] 准备保存检测结果到: C:\code\show\Scrap_Steel_In_Field\photos\dangerous_det\detection_20260731_105504.jpg
2026-07-31 10:55:04 [INFO] 图像形状: (2160, 3840, 3)
2026-07-31 10:55:04 [INFO] 图像数据类型: uint8
2026-07-31 10:55:04 [INFO] 图像最大值: 255
2026-07-31 10:55:04 [INFO] 图像最小值: 0
2026-07-31 10:55:04 [INFO] 开始保存检测结果图像: 图像尺寸=(2160, 3840, 3), 类型=uint8, 路径=C:\code\show\Scrap_Steel_In_Field\photos\dangerous_det\detection_20260731_105504.jpg
2026-07-31 10:55:04 [INFO] 成功保存检测结果到: C:\code\show\Scrap_Steel_In_Field\photos\dangerous_det\detection_20260731_105504.jpg
2026-07-31 10:55:04 [INFO] 保存的检测结果文件大小: 2227952 字节
2026-07-31 10:55:04 [INFO] 引擎上下文已释放
2026-07-31 10:55:04 [INFO] TensorRT 引擎已释放
2026-07-31 10:55:04 [INFO] 全局 CUDA 资源已释放
2026-07-31 10:55:04 [INFO] 检测系统资源已释放
2026-07-31 10:55:09 [INFO] CUDA 初始化成功
2026-07-31 10:55:09 [INFO] 引擎加载成功: dangerous.engine
2026-07-31 10:55:09 [INFO] 检测系统初始化成功
2026-07-31 10:55:09 [INFO] 图像预处理完成，原始尺寸: (2160, 3840)
2026-07-31 10:55:09 [INFO] 开始执行目标检测...
2026-07-31 10:55:09 [INFO] 检测完成，找到 3 个物体
2026-07-31 10:55:09 [INFO] 物体 1: GasCyl1 (置信度: 0.69)
2026-07-31 10:55:09 [INFO] 物体 2: FireExt1 (置信度: 0.47)
2026-07-31 10:55:09 [INFO] 物体 3: FireExt1 (置信度: 0.42)
2026-07-31 10:55:10 [INFO] 检测到车兜区域，将过滤区域外的目标
2026-07-31 10:55:10 [INFO] 准备保存检测结果到: C:\code\show\Scrap_Steel_In_Field\photos\dangerous_det\detection_20260731_105510.jpg
2026-07-31 10:55:10 [INFO] 图像形状: (2160, 3840, 3)
2026-07-31 10:55:10 [INFO] 图像数据类型: uint8
2026-07-31 10:55:10 [INFO] 图像最大值: 255
2026-07-31 10:55:10 [INFO] 图像最小值: 0
2026-07-31 10:55:10 [INFO] 开始保存检测结果图像: 图像尺寸=(2160, 3840, 3), 类型=uint8, 路径=C:\code\show\Scrap_Steel_In_Field\photos\dangerous_det\detection_20260731_105510.jpg
2026-07-31 10:55:10 [INFO] 成功保存检测结果到: C:\code\show\Scrap_Steel_In_Field\photos\dangerous_det\detection_20260731_105510.jpg
2026-07-31 10:55:10 [INFO] 保存的检测结果文件大小: 2230717 字节
2026-07-31 10:55:10 [INFO] 引擎上下文已释放
2026-07-31 10:55:10 [INFO] TensorRT 引擎已释放
2026-07-31 10:55:10 [INFO] 全局 CUDA 资源已释放
2026-07-31 10:55:10 [INFO] 检测系统资源已释放
2026-07-31 10:55:15 [INFO] CUDA 初始化成功
2026-07-31 10:55:15 [INFO] 引擎加载成功: dangerous.engine
2026-07-31 10:55:15 [INFO] 检测系统初始化成功
2026-07-31 10:55:15 [INFO] 图像预处理完成，原始尺寸: (2160, 3840)
2026-07-31 10:55:15 [INFO] 开始执行目标检测...
2026-07-31 10:55:15 [INFO] 检测完成，找到 3 个物体
2026-07-31 10:55:15 [INFO] 物体 1: GasCyl1 (置信度: 0.65)
2026-07-31 10:55:15 [INFO] 物体 2: FireExt1 (置信度: 0.44)
2026-07-31 10:55:15 [INFO] 物体 3: FireExt1 (置信度: 0.43)
2026-07-31 10:55:15 [INFO] 检测到车兜区域，将过滤区域外的目标
2026-07-31 10:55:15 [INFO] 准备保存检测结果到: C:\code\show\Scrap_Steel_In_Field\photos\dangerous_det\detection_20260731_105515.jpg
2026-07-31 10:55:15 [INFO] 图像形状: (2160, 3840, 3)
2026-07-31 10:55:15 [INFO] 图像数据类型: uint8
2026-07-31 10:55:15 [INFO] 图像最大值: 255
2026-07-31 10:55:15 [INFO] 图像最小值: 0
2026-07-31 10:55:15 [INFO] 开始保存检测结果图像: 图像尺寸=(2160, 3840, 3), 类型=uint8, 路径=C:\code\show\Scrap_Steel_In_Field\photos\dangerous_det\detection_20260731_105515.jpg
2026-07-31 10:55:15 [INFO] 成功保存检测结果到: C:\code\show\Scrap_Steel_In_Field\photos\dangerous_det\detection_20260731_105515.jpg
2026-07-31 10:55:15 [INFO] 保存的检测结果文件大小: 2229300 字节
2026-07-31 10:55:15 [INFO] 引擎上下文已释放
2026-07-31 10:55:15 [INFO] TensorRT 引擎已释放
2026-07-31 10:55:15 [INFO] 全局 CUDA 资源已释放
2026-07-31 10:55:15 [INFO] 检测系统资源已释放
2026-07-31 10:55:20 [INFO] CUDA 初始化成功
2026-07-31 10:55:20 [INFO] 引擎加载成功: dangerous.engine
2026-07-31 10:55:20 [INFO] 检测系统初始化成功
2026-07-31 10:55:20 [INFO] 图像预处理完成，原始尺寸: (2160, 3840)
2026-07-31 10:55:20 [INFO] 开始执行目标检测...
2026-07-31 10:55:20 [INFO] 检测完成，找到 3 个物体
2026-07-31 10:55:20 [INFO] 物体 1: GasCyl1 (置信度: 0.63)
2026-07-31 10:55:20 [INFO] 物体 2: FireExt1 (置信度: 0.46)
2026-07-31 10:55:20 [INFO] 物体 3: FireExt1 (置信度: 0.43)
2026-07-31 10:55:20 [INFO] 检测到车兜区域，将过滤区域外的目标
2026-07-31 10:55:20 [INFO] 准备保存检测结果到: C:\code\show\Scrap_Steel_In_Field\photos\dangerous_det\detection_20260731_105520.jpg
2026-07-31 10:55:20 [INFO] 图像形状: (2160, 3840, 3)
2026-07-31 10:55:20 [INFO] 图像数据类型: uint8
2026-07-31 10:55:20 [INFO] 图像最大值: 255
2026-07-31 10:55:20 [INFO] 图像最小值: 0
2026-07-31 10:55:20 [INFO] 开始保存检测结果图像: 图像尺寸=(2160, 3840, 3), 类型=uint8, 路径=C:\code\show\Scrap_Steel_In_Field\photos\dangerous_det\detection_20260731_105520.jpg
2026-07-31 10:55:20 [INFO] 成功保存检测结果到: C:\code\show\Scrap_Steel_In_Field\photos\dangerous_det\detection_20260731_105520.jpg
2026-07-31 10:55:20 [INFO] 保存的检测结果文件大小: 2229249 字节
2026-07-31 10:55:20 [INFO] 引擎上下文已释放
2026-07-31 10:55:20 [INFO] TensorRT 引擎已释放
2026-07-31 10:55:20 [INFO] 全局 CUDA 资源已释放
2026-07-31 10:55:20 [INFO] 检测系统资源已释放
2026-07-31 10:55:25 [INFO] CUDA 初始化成功
2026-07-31 10:55:26 [INFO] 引擎加载成功: dangerous.engine
2026-07-31 10:55:26 [INFO] 检测系统初始化成功
2026-07-31 10:55:26 [INFO] 图像预处理完成，原始尺寸: (2160, 3840)
2026-07-31 10:55:26 [INFO] 开始执行目标检测...
2026-07-31 10:55:26 [INFO] 检测完成，找到 3 个物体
2026-07-31 10:55:26 [INFO] 物体 1: GasCyl1 (置信度: 0.68)
2026-07-31 10:55:26 [INFO] 物体 2: FireExt1 (置信度: 0.46)
2026-07-31 10:55:26 [INFO] 物体 3: FireExt1 (置信度: 0.45)
2026-07-31 10:55:26 [INFO] 检测到车兜区域，将过滤区域外的目标
2026-07-31 10:55:26 [INFO] 准备保存检测结果到: C:\code\show\Scrap_Steel_In_Field\photos\dangerous_det\detection_20260731_105526.jpg
2026-07-31 10:55:26 [INFO] 图像形状: (2160, 3840, 3)
2026-07-31 10:55:26 [INFO] 图像数据类型: uint8
2026-07-31 10:55:26 [INFO] 图像最大值: 255
2026-07-31 10:55:26 [INFO] 图像最小值: 0
2026-07-31 10:55:26 [INFO] 开始保存检测结果图像: 图像尺寸=(2160, 3840, 3), 类型=uint8, 路径=C:\code\show\Scrap_Steel_In_Field\photos\dangerous_det\detection_20260731_105526.jpg
2026-07-31 10:55:26 [INFO] 成功保存检测结果到: C:\code\show\Scrap_Steel_In_Field\photos\dangerous_det\detection_20260731_105526.jpg
2026-07-31 10:55:26 [INFO] 保存的检测结果文件大小: 2229895 字节
2026-07-31 10:55:26 [INFO] 引擎上下文已释放
2026-07-31 10:55:26 [INFO] TensorRT 引擎已释放
2026-07-31 10:55:26 [INFO] 全局 CUDA 资源已释放
2026-07-31 10:55:26 [INFO] 检测系统资源已释放
2026-07-31 10:55:31 [INFO] CUDA 初始化成功
2026-07-31 10:55:31 [INFO] 引擎加载成功: dangerous.engine
2026-07-31 10:55:31 [INFO] 检测系统初始化成功
2026-07-31 10:55:31 [INFO] 图像预处理完成，原始尺寸: (2160, 3840)
2026-07-31 10:55:31 [INFO] 开始执行目标检测...
2026-07-31 10:55:31 [INFO] 检测完成，找到 3 个物体
2026-07-31 10:55:31 [INFO] 物体 1: GasCyl1 (置信度: 0.72)
2026-07-31 10:55:31 [INFO] 物体 2: FireExt1 (置信度: 0.46)
2026-07-31 10:55:31 [INFO] 物体 3: FireExt1 (置信度: 0.43)
2026-07-31 10:55:31 [INFO] 检测到车兜区域，将过滤区域外的目标
2026-07-31 10:55:31 [INFO] 准备保存检测结果到: C:\code\show\Scrap_Steel_In_Field\photos\dangerous_det\detection_20260731_105531.jpg
2026-07-31 10:55:31 [INFO] 图像形状: (2160, 3840, 3)
2026-07-31 10:55:31 [INFO] 图像数据类型: uint8
2026-07-31 10:55:31 [INFO] 图像最大值: 255
2026-07-31 10:55:31 [INFO] 图像最小值: 0
2026-07-31 10:55:31 [INFO] 开始保存检测结果图像: 图像尺寸=(2160, 3840, 3), 类型=uint8, 路径=C:\code\show\Scrap_Steel_In_Field\photos\dangerous_det\detection_20260731_105531.jpg
2026-07-31 10:55:31 [INFO] 成功保存检测结果到: C:\code\show\Scrap_Steel_In_Field\photos\dangerous_det\detection_20260731_105531.jpg
2026-07-31 10:55:31 [INFO] 保存的检测结果文件大小: 2225807 字节
2026-07-31 10:55:31 [INFO] 引擎上下文已释放
2026-07-31 10:55:31 [INFO] TensorRT 引擎已释放
2026-07-31 10:55:31 [INFO] 全局 CUDA 资源已释放
2026-07-31 10:55:31 [INFO] 检测系统资源已释放
2026-07-31 10:55:37 [INFO] CUDA 初始化成功
2026-07-31 10:55:37 [INFO] 引擎加载成功: dangerous.engine
2026-07-31 10:55:37 [INFO] 检测系统初始化成功
2026-07-31 10:55:37 [INFO] 图像预处理完成，原始尺寸: (2160, 3840)
2026-07-31 10:55:37 [INFO] 开始执行目标检测...
2026-07-31 10:55:37 [INFO] 检测完成，找到 3 个物体
2026-07-31 10:55:37 [INFO] 物体 1: GasCyl1 (置信度: 0.66)
2026-07-31 10:55:37 [INFO] 物体 2: FireExt1 (置信度: 0.46)
2026-07-31 10:55:37 [INFO] 物体 3: FireExt1 (置信度: 0.44)
2026-07-31 10:55:37 [INFO] 检测到车兜区域，将过滤区域外的目标
2026-07-31 10:55:37 [INFO] 准备保存检测结果到: C:\code\show\Scrap_Steel_In_Field\photos\dangerous_det\detection_20260731_105537.jpg
2026-07-31 10:55:37 [INFO] 图像形状: (2160, 3840, 3)
2026-07-31 10:55:37 [INFO] 图像数据类型: uint8
2026-07-31 10:55:37 [INFO] 图像最大值: 255
2026-07-31 10:55:37 [INFO] 图像最小值: 0
2026-07-31 10:55:37 [INFO] 开始保存检测结果图像: 图像尺寸=(2160, 3840, 3), 类型=uint8, 路径=C:\code\show\Scrap_Steel_In_Field\photos\dangerous_det\detection_20260731_105537.jpg
2026-07-31 10:55:37 [INFO] 成功保存检测结果到: C:\code\show\Scrap_Steel_In_Field\photos\dangerous_det\detection_20260731_105537.jpg
2026-07-31 10:55:37 [INFO] 保存的检测结果文件大小: 2232744 字节
2026-07-31 10:55:37 [INFO] 引擎上下文已释放
2026-07-31 10:55:37 [INFO] TensorRT 引擎已释放
2026-07-31 10:55:37 [INFO] 全局 CUDA 资源已释放
2026-07-31 10:55:37 [INFO] 检测系统资源已释放
2026-07-31 10:55:43 [INFO] CUDA 初始化成功
2026-07-31 10:55:43 [INFO] 引擎加载成功: dangerous.engine
2026-07-31 10:55:43 [INFO] 检测系统初始化成功
2026-07-31 10:55:43 [INFO] 图像预处理完成，原始尺寸: (2160, 3840)
2026-07-31 10:55:43 [INFO] 开始执行目标检测...
2026-07-31 10:55:43 [INFO] 检测完成，找到 3 个物体
2026-07-31 10:55:43 [INFO] 物体 1: GasCyl1 (置信度: 0.69)
2026-07-31 10:55:43 [INFO] 物体 2: FireExt1 (置信度: 0.47)
2026-07-31 10:55:43 [INFO] 物体 3: FireExt1 (置信度: 0.46)
2026-07-31 10:55:43 [INFO] 检测到车兜区域，将过滤区域外的目标
2026-07-31 10:55:43 [INFO] 准备保存检测结果到: C:\code\show\Scrap_Steel_In_Field\photos\dangerous_det\detection_20260731_105543.jpg
2026-07-31 10:55:43 [INFO] 图像形状: (2160, 3840, 3)
2026-07-31 10:55:43 [INFO] 图像数据类型: uint8
2026-07-31 10:55:43 [INFO] 图像最大值: 255
2026-07-31 10:55:43 [INFO] 图像最小值: 0
2026-07-31 10:55:43 [INFO] 开始保存检测结果图像: 图像尺寸=(2160, 3840, 3), 类型=uint8, 路径=C:\code\show\Scrap_Steel_In_Field\photos\dangerous_det\detection_20260731_105543.jpg
2026-07-31 10:55:43 [INFO] 成功保存检测结果到: C:\code\show\Scrap_Steel_In_Field\photos\dangerous_det\detection_20260731_105543.jpg
2026-07-31 10:55:43 [INFO] 保存的检测结果文件大小: 2228953 字节
2026-07-31 10:55:43 [INFO] 引擎上下文已释放
2026-07-31 10:55:43 [INFO] TensorRT 引擎已释放
2026-07-31 10:55:43 [INFO] 全局 CUDA 资源已释放
2026-07-31 10:55:43 [INFO] 检测系统资源已释放
2026-07-31 10:55:47 [INFO] CUDA 初始化成功
2026-07-31 10:55:47 [INFO] 引擎加载成功: dangerous.engine
2026-07-31 10:55:47 [INFO] 检测系统初始化成功
2026-07-31 10:55:47 [INFO] 图像预处理完成，原始尺寸: (2160, 3840)
2026-07-31 10:55:47 [INFO] 开始执行目标检测...
2026-07-31 10:55:47 [INFO] 检测完成，找到 3 个物体
2026-07-31 10:55:47 [INFO] 物体 1: GasCyl1 (置信度: 0.63)
2026-07-31 10:55:47 [INFO] 物体 2: FireExt1 (置信度: 0.48)
2026-07-31 10:55:47 [INFO] 物体 3: FireExt1 (置信度: 0.43)
2026-07-31 10:55:47 [INFO] 检测到车兜区域，将过滤区域外的目标
2026-07-31 10:55:47 [INFO] 准备保存检测结果到: C:\code\show\Scrap_Steel_In_Field\photos\dangerous_det\detection_20260731_105547.jpg
2026-07-31 10:55:47 [INFO] 图像形状: (2160, 3840, 3)
2026-07-31 10:55:47 [INFO] 图像数据类型: uint8
2026-07-31 10:55:48 [INFO] 图像最大值: 255
2026-07-31 10:55:48 [INFO] 图像最小值: 0
2026-07-31 10:55:48 [INFO] 开始保存检测结果图像: 图像尺寸=(2160, 3840, 3), 类型=uint8, 路径=C:\code\show\Scrap_Steel_In_Field\photos\dangerous_det\detection_20260731_105547.jpg
2026-07-31 10:55:48 [INFO] 成功保存检测结果到: C:\code\show\Scrap_Steel_In_Field\photos\dangerous_det\detection_20260731_105547.jpg
2026-07-31 10:55:48 [INFO] 保存的检测结果文件大小: 2230872 字节
2026-07-31 10:55:48 [INFO] 引擎上下文已释放
2026-07-31 10:55:48 [INFO] TensorRT 引擎已释放
2026-07-31 10:55:48 [INFO] 全局 CUDA 资源已释放
2026-07-31 10:55:48 [INFO] 检测系统资源已释放
2026-07-31 10:55:53 [INFO] CUDA 初始化成功
2026-07-31 10:55:53 [INFO] 引擎加载成功: dangerous.engine
2026-07-31 10:55:53 [INFO] 检测系统初始化成功
2026-07-31 10:55:53 [INFO] 图像预处理完成，原始尺寸: (2160, 3840)
2026-07-31 10:55:53 [INFO] 开始执行目标检测...
2026-07-31 10:55:53 [INFO] 检测完成，找到 3 个物体
2026-07-31 10:55:53 [INFO] 物体 1: GasCyl1 (置信度: 0.69)
2026-07-31 10:55:53 [INFO] 物体 2: FireExt1 (置信度: 0.46)
2026-07-31 10:55:53 [INFO] 物体 3: FireExt1 (置信度: 0.45)
2026-07-31 10:55:53 [INFO] 检测到车兜区域，将过滤区域外的目标
2026-07-31 10:55:53 [INFO] 准备保存检测结果到: C:\code\show\Scrap_Steel_In_Field\photos\dangerous_det\detection_20260731_105553.jpg
2026-07-31 10:55:53 [INFO] 图像形状: (2160, 3840, 3)
2026-07-31 10:55:53 [INFO] 图像数据类型: uint8
2026-07-31 10:55:53 [INFO] 图像最大值: 255
2026-07-31 10:55:53 [INFO] 图像最小值: 0
2026-07-31 10:55:53 [INFO] 开始保存检测结果图像: 图像尺寸=(2160, 3840, 3), 类型=uint8, 路径=C:\code\show\Scrap_Steel_In_Field\photos\dangerous_det\detection_20260731_105553.jpg
2026-07-31 10:55:53 [INFO] 成功保存检测结果到: C:\code\show\Scrap_Steel_In_Field\photos\dangerous_det\detection_20260731_105553.jpg
2026-07-31 10:55:53 [INFO] 保存的检测结果文件大小: 2228504 字节
2026-07-31 10:55:53 [INFO] 引擎上下文已释放
2026-07-31 10:55:53 [INFO] TensorRT 引擎已释放
2026-07-31 10:55:53 [INFO] 全局 CUDA 资源已释放
2026-07-31 10:55:53 [INFO] 检测系统资源已释放
2026-07-31 10:55:58 [INFO] CUDA 初始化成功
2026-07-31 10:55:58 [INFO] 引擎加载成功: dangerous.engine
2026-07-31 10:55:58 [INFO] 检测系统初始化成功
2026-07-31 10:55:58 [INFO] 图像预处理完成，原始尺寸: (2160, 3840)
2026-07-31 10:55:58 [INFO] 开始执行目标检测...
2026-07-31 10:55:58 [INFO] 检测完成，找到 3 个物体
2026-07-31 10:55:58 [INFO] 物体 1: GasCyl1 (置信度: 0.68)
2026-07-31 10:55:58 [INFO] 物体 2: FireExt1 (置信度: 0.46)
2026-07-31 10:55:58 [INFO] 物体 3: FireExt1 (置信度: 0.41)
2026-07-31 10:55:58 [INFO] 检测到车兜区域，将过滤区域外的目标
2026-07-31 10:55:58 [INFO] 准备保存检测结果到: C:\code\show\Scrap_Steel_In_Field\photos\dangerous_det\detection_20260731_105558.jpg
2026-07-31 10:55:58 [INFO] 图像形状: (2160, 3840, 3)
2026-07-31 10:55:58 [INFO] 图像数据类型: uint8
2026-07-31 10:55:58 [INFO] 图像最大值: 255
2026-07-31 10:55:58 [INFO] 图像最小值: 0
2026-07-31 10:55:58 [INFO] 开始保存检测结果图像: 图像尺寸=(2160, 3840, 3), 类型=uint8, 路径=C:\code\show\Scrap_Steel_In_Field\photos\dangerous_det\detection_20260731_105558.jpg
2026-07-31 10:55:58 [INFO] 成功保存检测结果到: C:\code\show\Scrap_Steel_In_Field\photos\dangerous_det\detection_20260731_105558.jpg
2026-07-31 10:55:58 [INFO] 保存的检测结果文件大小: 2236120 字节
2026-07-31 10:55:58 [INFO] 引擎上下文已释放
2026-07-31 10:55:58 [INFO] TensorRT 引擎已释放
2026-07-31 10:55:58 [INFO] 全局 CUDA 资源已释放
2026-07-31 10:55:58 [INFO] 检测系统资源已释放
2026-07-31 10:56:03 [INFO] CUDA 初始化成功
2026-07-31 10:56:03 [INFO] 引擎加载成功: dangerous.engine
2026-07-31 10:56:03 [INFO] 检测系统初始化成功
2026-07-31 10:56:03 [INFO] 图像预处理完成，原始尺寸: (2160, 3840)
2026-07-31 10:56:03 [INFO] 开始执行目标检测...
2026-07-31 10:56:03 [INFO] 检测完成，找到 3 个物体
2026-07-31 10:56:03 [INFO] 物体 1: GasCyl1 (置信度: 0.68)
2026-07-31 10:56:03 [INFO] 物体 2: FireExt1 (置信度: 0.45)
2026-07-31 10:56:03 [INFO] 物体 3: FireExt1 (置信度: 0.43)
2026-07-31 10:56:03 [INFO] 检测到车兜区域，将过滤区域外的目标
2026-07-31 10:56:03 [INFO] 准备保存检测结果到: C:\code\show\Scrap_Steel_In_Field\photos\dangerous_det\detection_20260731_105603.jpg
2026-07-31 10:56:03 [INFO] 图像形状: (2160, 3840, 3)
2026-07-31 10:56:03 [INFO] 图像数据类型: uint8
2026-07-31 10:56:03 [INFO] 图像最大值: 255
2026-07-31 10:56:03 [INFO] 图像最小值: 0
2026-07-31 10:56:03 [INFO] 开始保存检测结果图像: 图像尺寸=(2160, 3840, 3), 类型=uint8, 路径=C:\code\show\Scrap_Steel_In_Field\photos\dangerous_det\detection_20260731_105603.jpg
2026-07-31 10:56:03 [INFO] 成功保存检测结果到: C:\code\show\Scrap_Steel_In_Field\photos\dangerous_det\detection_20260731_105603.jpg
2026-07-31 10:56:03 [INFO] 保存的检测结果文件大小: 2235601 字节
2026-07-31 10:56:03 [INFO] 引擎上下文已释放
2026-07-31 10:56:03 [INFO] TensorRT 引擎已释放
2026-07-31 10:56:03 [INFO] 全局 CUDA 资源已释放
2026-07-31 10:56:03 [INFO] 检测系统资源已释放
2026-07-31 10:56:08 [INFO] CUDA 初始化成功
2026-07-31 10:56:08 [INFO] 引擎加载成功: dangerous.engine
2026-07-31 10:56:08 [INFO] 检测系统初始化成功
2026-07-31 10:56:08 [INFO] 图像预处理完成，原始尺寸: (2160, 3840)
2026-07-31 10:56:08 [INFO] 开始执行目标检测...
2026-07-31 10:56:09 [INFO] 检测完成，找到 3 个物体
2026-07-31 10:56:09 [INFO] 物体 1: GasCyl1 (置信度: 0.67)
2026-07-31 10:56:09 [INFO] 物体 2: FireExt1 (置信度: 0.45)
2026-07-31 10:56:09 [INFO] 物体 3: FireExt1 (置信度: 0.42)
2026-07-31 10:56:09 [INFO] 检测到车兜区域，将过滤区域外的目标
2026-07-31 10:56:09 [INFO] 准备保存检测结果到: C:\code\show\Scrap_Steel_In_Field\photos\dangerous_det\detection_20260731_105609.jpg
2026-07-31 10:56:09 [INFO] 图像形状: (2160, 3840, 3)
2026-07-31 10:56:09 [INFO] 图像数据类型: uint8
2026-07-31 10:56:09 [INFO] 图像最大值: 255
2026-07-31 10:56:09 [INFO] 图像最小值: 0
2026-07-31 10:56:09 [INFO] 开始保存检测结果图像: 图像尺寸=(2160, 3840, 3), 类型=uint8, 路径=C:\code\show\Scrap_Steel_In_Field\photos\dangerous_det\detection_20260731_105609.jpg
2026-07-31 10:56:09 [INFO] 成功保存检测结果到: C:\code\show\Scrap_Steel_In_Field\photos\dangerous_det\detection_20260731_105609.jpg
2026-07-31 10:56:09 [INFO] 保存的检测结果文件大小: 2236947 字节
2026-07-31 10:56:09 [INFO] 引擎上下文已释放
2026-07-31 10:56:09 [INFO] TensorRT 引擎已释放
2026-07-31 10:56:09 [INFO] 全局 CUDA 资源已释放
2026-07-31 10:56:09 [INFO] 检测系统资源已释放
2026-07-31 10:56:14 [INFO] CUDA 初始化成功
2026-07-31 10:56:14 [INFO] 引擎加载成功: dangerous.engine
2026-07-31 10:56:14 [INFO] 检测系统初始化成功
2026-07-31 10:56:14 [INFO] 图像预处理完成，原始尺寸: (2160, 3840)
2026-07-31 10:56:14 [INFO] 开始执行目标检测...
2026-07-31 10:56:14 [INFO] 检测完成，找到 3 个物体
2026-07-31 10:56:14 [INFO] 物体 1: GasCyl1 (置信度: 0.65)
2026-07-31 10:56:14 [INFO] 物体 2: FireExt1 (置信度: 0.47)
2026-07-31 10:56:14 [INFO] 物体 3: FireExt1 (置信度: 0.44)
2026-07-31 10:56:14 [INFO] 检测到车兜区域，将过滤区域外的目标
2026-07-31 10:56:14 [INFO] 准备保存检测结果到: C:\code\show\Scrap_Steel_In_Field\photos\dangerous_det\detection_20260731_105614.jpg
2026-07-31 10:56:14 [INFO] 图像形状: (2160, 3840, 3)
2026-07-31 10:56:14 [INFO] 图像数据类型: uint8
2026-07-31 10:56:14 [INFO] 图像最大值: 255
2026-07-31 10:56:14 [INFO] 图像最小值: 0
2026-07-31 10:56:14 [INFO] 开始保存检测结果图像: 图像尺寸=(2160, 3840, 3), 类型=uint8, 路径=C:\code\show\Scrap_Steel_In_Field\photos\dangerous_det\detection_20260731_105614.jpg
2026-07-31 10:56:14 [INFO] 成功保存检测结果到: C:\code\show\Scrap_Steel_In_Field\photos\dangerous_det\detection_20260731_105614.jpg
2026-07-31 10:56:14 [INFO] 保存的检测结果文件大小: 2234498 字节
2026-07-31 10:56:14 [INFO] 引擎上下文已释放
2026-07-31 10:56:14 [INFO] TensorRT 引擎已释放
2026-07-31 10:56:14 [INFO] 全局 CUDA 资源已释放
2026-07-31 10:56:14 [INFO] 检测系统资源已释放
2026-07-31 10:56:19 [INFO] CUDA 初始化成功
2026-07-31 10:56:19 [INFO] 引擎加载成功: dangerous.engine
2026-07-31 10:56:19 [INFO] 检测系统初始化成功
2026-07-31 10:56:19 [INFO] 图像预处理完成，原始尺寸: (2160, 3840)
2026-07-31 10:56:19 [INFO] 开始执行目标检测...
2026-07-31 10:56:19 [INFO] 检测完成，找到 3 个物体
2026-07-31 10:56:19 [INFO] 物体 1: GasCyl1 (置信度: 0.65)
2026-07-31 10:56:19 [INFO] 物体 2: FireExt1 (置信度: 0.46)
2026-07-31 10:56:19 [INFO] 物体 3: FireExt1 (置信度: 0.45)
2026-07-31 10:56:19 [INFO] 检测到车兜区域，将过滤区域外的目标
2026-07-31 10:56:19 [INFO] 准备保存检测结果到: C:\code\show\Scrap_Steel_In_Field\photos\dangerous_det\detection_20260731_105619.jpg
2026-07-31 10:56:19 [INFO] 图像形状: (2160, 3840, 3)
2026-07-31 10:56:19 [INFO] 图像数据类型: uint8
2026-07-31 10:56:19 [INFO] 图像最大值: 255
2026-07-31 10:56:19 [INFO] 图像最小值: 0
2026-07-31 10:56:19 [INFO] 开始保存检测结果图像: 图像尺寸=(2160, 3840, 3), 类型=uint8, 路径=C:\code\show\Scrap_Steel_In_Field\photos\dangerous_det\detection_20260731_105619.jpg
2026-07-31 10:56:19 [INFO] 成功保存检测结果到: C:\code\show\Scrap_Steel_In_Field\photos\dangerous_det\detection_20260731_105619.jpg
2026-07-31 10:56:19 [INFO] 保存的检测结果文件大小: 2234184 字节
2026-07-31 10:56:19 [INFO] 引擎上下文已释放
2026-07-31 10:56:19 [INFO] TensorRT 引擎已释放
2026-07-31 10:56:19 [INFO] 全局 CUDA 资源已释放
2026-07-31 10:56:19 [INFO] 检测系统资源已释放
2026-07-31 10:56:24 [INFO] CUDA 初始化成功
2026-07-31 10:56:24 [INFO] 引擎加载成功: dangerous.engine
2026-07-31 10:56:24 [INFO] 检测系统初始化成功
2026-07-31 10:56:24 [INFO] 图像预处理完成，原始尺寸: (2160, 3840)
2026-07-31 10:56:24 [INFO] 开始执行目标检测...
2026-07-31 10:56:24 [INFO] 检测完成，找到 3 个物体
2026-07-31 10:56:24 [INFO] 物体 1: GasCyl1 (置信度: 0.72)
2026-07-31 10:56:24 [INFO] 物体 2: FireExt1 (置信度: 0.45)
2026-07-31 10:56:24 [INFO] 物体 3: FireExt1 (置信度: 0.41)
2026-07-31 10:56:24 [INFO] 检测到车兜区域，将过滤区域外的目标
2026-07-31 10:56:24 [INFO] 准备保存检测结果到: C:\code\show\Scrap_Steel_In_Field\photos\dangerous_det\detection_20260731_105624.jpg
2026-07-31 10:56:24 [INFO] 图像形状: (2160, 3840, 3)
2026-07-31 10:56:24 [INFO] 图像数据类型: uint8
2026-07-31 10:56:24 [INFO] 图像最大值: 255
2026-07-31 10:56:24 [INFO] 图像最小值: 0
2026-07-31 10:56:24 [INFO] 开始保存检测结果图像: 图像尺寸=(2160, 3840, 3), 类型=uint8, 路径=C:\code\show\Scrap_Steel_In_Field\photos\dangerous_det\detection_20260731_105624.jpg
2026-07-31 10:56:24 [INFO] 成功保存检测结果到: C:\code\show\Scrap_Steel_In_Field\photos\dangerous_det\detection_20260731_105624.jpg
2026-07-31 10:56:24 [INFO] 保存的检测结果文件大小: 2236448 字节
2026-07-31 10:56:24 [INFO] 引擎上下文已释放
2026-07-31 10:56:24 [INFO] TensorRT 引擎已释放
2026-07-31 10:56:24 [INFO] 全局 CUDA 资源已释放
2026-07-31 10:56:24 [INFO] 检测系统资源已释放
2026-07-31 10:56:29 [INFO] CUDA 初始化成功
2026-07-31 10:56:29 [INFO] 引擎加载成功: dangerous.engine
2026-07-31 10:56:29 [INFO] 检测系统初始化成功
2026-07-31 10:56:29 [INFO] 图像预处理完成，原始尺寸: (2160, 3840)
2026-07-31 10:56:29 [INFO] 开始执行目标检测...
2026-07-31 10:56:29 [INFO] 检测完成，找到 3 个物体
2026-07-31 10:56:29 [INFO] 物体 1: GasCyl1 (置信度: 0.67)
2026-07-31 10:56:29 [INFO] 物体 2: FireExt1 (置信度: 0.46)
2026-07-31 10:56:29 [INFO] 物体 3: FireExt1 (置信度: 0.44)
2026-07-31 10:56:29 [INFO] 检测到车兜区域，将过滤区域外的目标
2026-07-31 10:56:29 [INFO] 准备保存检测结果到: C:\code\show\Scrap_Steel_In_Field\photos\dangerous_det\detection_20260731_105629.jpg
2026-07-31 10:56:29 [INFO] 图像形状: (2160, 3840, 3)
2026-07-31 10:56:29 [INFO] 图像数据类型: uint8
2026-07-31 10:56:29 [INFO] 图像最大值: 255
2026-07-31 10:56:29 [INFO] 图像最小值: 0
2026-07-31 10:56:29 [INFO] 开始保存检测结果图像: 图像尺寸=(2160, 3840, 3), 类型=uint8, 路径=C:\code\show\Scrap_Steel_In_Field\photos\dangerous_det\detection_20260731_105629.jpg
2026-07-31 10:56:30 [INFO] 成功保存检测结果到: C:\code\show\Scrap_Steel_In_Field\photos\dangerous_det\detection_20260731_105629.jpg
2026-07-31 10:56:30 [INFO] 保存的检测结果文件大小: 2234513 字节
2026-07-31 10:56:30 [INFO] 引擎上下文已释放
2026-07-31 10:56:30 [INFO] TensorRT 引擎已释放
2026-07-31 10:56:30 [INFO] 全局 CUDA 资源已释放
2026-07-31 10:56:30 [INFO] 检测系统资源已释放
2026-07-31 10:56:35 [INFO] CUDA 初始化成功
2026-07-31 10:56:35 [INFO] 引擎加载成功: dangerous.engine
2026-07-31 10:56:35 [INFO] 检测系统初始化成功
2026-07-31 10:56:35 [INFO] 图像预处理完成，原始尺寸: (2160, 3840)
2026-07-31 10:56:35 [INFO] 开始执行目标检测...
2026-07-31 10:56:35 [INFO] 检测完成，找到 3 个物体
2026-07-31 10:56:35 [INFO] 物体 1: GasCyl1 (置信度: 0.71)
2026-07-31 10:56:35 [INFO] 物体 2: FireExt1 (置信度: 0.45)
2026-07-31 10:56:35 [INFO] 物体 3: FireExt1 (置信度: 0.43)
2026-07-31 10:56:35 [INFO] 检测到车兜区域，将过滤区域外的目标
2026-07-31 10:56:35 [INFO] 准备保存检测结果到: C:\code\show\Scrap_Steel_In_Field\photos\dangerous_det\detection_20260731_105635.jpg
2026-07-31 10:56:35 [INFO] 图像形状: (2160, 3840, 3)
2026-07-31 10:56:35 [INFO] 图像数据类型: uint8
2026-07-31 10:56:35 [INFO] 图像最大值: 255
2026-07-31 10:56:35 [INFO] 图像最小值: 0
2026-07-31 10:56:35 [INFO] 开始保存检测结果图像: 图像尺寸=(2160, 3840, 3), 类型=uint8, 路径=C:\code\show\Scrap_Steel_In_Field\photos\dangerous_det\detection_20260731_105635.jpg
2026-07-31 10:56:35 [INFO] 成功保存检测结果到: C:\code\show\Scrap_Steel_In_Field\photos\dangerous_det\detection_20260731_105635.jpg
2026-07-31 10:56:35 [INFO] 保存的检测结果文件大小: 2237089 字节
2026-07-31 10:56:35 [INFO] 引擎上下文已释放
2026-07-31 10:56:35 [INFO] TensorRT 引擎已释放
2026-07-31 10:56:35 [INFO] 全局 CUDA 资源已释放
2026-07-31 10:56:35 [INFO] 检测系统资源已释放
2026-07-31 10:56:40 [INFO] CUDA 初始化成功
2026-07-31 10:56:40 [INFO] 引擎加载成功: dangerous.engine
2026-07-31 10:56:40 [INFO] 检测系统初始化成功
2026-07-31 10:56:40 [INFO] 图像预处理完成，原始尺寸: (2160, 3840)
2026-07-31 10:56:40 [INFO] 开始执行目标检测...
2026-07-31 10:56:40 [INFO] 检测完成，找到 3 个物体
2026-07-31 10:56:40 [INFO] 物体 1: GasCyl1 (置信度: 0.68)
2026-07-31 10:56:40 [INFO] 物体 2: FireExt1 (置信度: 0.45)
2026-07-31 10:56:40 [INFO] 物体 3: FireExt1 (置信度: 0.41)
2026-07-31 10:56:40 [INFO] 检测到车兜区域，将过滤区域外的目标
2026-07-31 10:56:40 [INFO] 准备保存检测结果到: C:\code\show\Scrap_Steel_In_Field\photos\dangerous_det\detection_20260731_105640.jpg
2026-07-31 10:56:40 [INFO] 图像形状: (2160, 3840, 3)
2026-07-31 10:56:40 [INFO] 图像数据类型: uint8
2026-07-31 10:56:40 [INFO] 图像最大值: 255
2026-07-31 10:56:40 [INFO] 图像最小值: 0
2026-07-31 10:56:40 [INFO] 开始保存检测结果图像: 图像尺寸=(2160, 3840, 3), 类型=uint8, 路径=C:\code\show\Scrap_Steel_In_Field\photos\dangerous_det\detection_20260731_105640.jpg
2026-07-31 10:56:40 [INFO] 成功保存检测结果到: C:\code\show\Scrap_Steel_In_Field\photos\dangerous_det\detection_20260731_105640.jpg
2026-07-31 10:56:40 [INFO] 保存的检测结果文件大小: 2234793 字节
2026-07-31 10:56:40 [INFO] 引擎上下文已释放
2026-07-31 10:56:40 [INFO] TensorRT 引擎已释放
2026-07-31 10:56:40 [INFO] 全局 CUDA 资源已释放
2026-07-31 10:56:40 [INFO] 检测系统资源已释放
2026-07-31 10:56:45 [INFO] CUDA 初始化成功
2026-07-31 10:56:45 [INFO] 引擎加载成功: dangerous.engine
2026-07-31 10:56:45 [INFO] 检测系统初始化成功
2026-07-31 10:56:45 [INFO] 图像预处理完成，原始尺寸: (2160, 3840)
2026-07-31 10:56:45 [INFO] 开始执行目标检测...
2026-07-31 10:56:45 [INFO] 检测完成，找到 3 个物体
2026-07-31 10:56:45 [INFO] 物体 1: GasCyl1 (置信度: 0.63)
2026-07-31 10:56:45 [INFO] 物体 2: FireExt1 (置信度: 0.45)
2026-07-31 10:56:45 [INFO] 物体 3: FireExt1 (置信度: 0.44)
2026-07-31 10:56:45 [INFO] 检测到车兜区域，将过滤区域外的目标
2026-07-31 10:56:45 [INFO] 准备保存检测结果到: C:\code\show\Scrap_Steel_In_Field\photos\dangerous_det\detection_20260731_105645.jpg
2026-07-31 10:56:45 [INFO] 图像形状: (2160, 3840, 3)
2026-07-31 10:56:45 [INFO] 图像数据类型: uint8
2026-07-31 10:56:45 [INFO] 图像最大值: 255
2026-07-31 10:56:45 [INFO] 图像最小值: 0
2026-07-31 10:56:45 [INFO] 开始保存检测结果图像: 图像尺寸=(2160, 3840, 3), 类型=uint8, 路径=C:\code\show\Scrap_Steel_In_Field\photos\dangerous_det\detection_20260731_105645.jpg
2026-07-31 10:56:45 [INFO] 成功保存检测结果到: C:\code\show\Scrap_Steel_In_Field\photos\dangerous_det\detection_20260731_105645.jpg
2026-07-31 10:56:45 [INFO] 保存的检测结果文件大小: 2237753 字节
2026-07-31 10:56:45 [INFO] 引擎上下文已释放
2026-07-31 10:56:45 [INFO] TensorRT 引擎已释放
2026-07-31 10:56:45 [INFO] 全局 CUDA 资源已释放
2026-07-31 10:56:45 [INFO] 检测系统资源已释放
2026-07-31 10:56:50 [INFO] CUDA 初始化成功
2026-07-31 10:56:50 [INFO] 引擎加载成功: dangerous.engine
2026-07-31 10:56:50 [INFO] 检测系统初始化成功
2026-07-31 10:56:50 [INFO] 图像预处理完成，原始尺寸: (2160, 3840)
2026-07-31 10:56:50 [INFO] 开始执行目标检测...
2026-07-31 10:56:50 [INFO] 检测完成，找到 3 个物体
2026-07-31 10:56:50 [INFO] 物体 1: GasCyl1 (置信度: 0.64)
2026-07-31 10:56:50 [INFO] 物体 2: FireExt1 (置信度: 0.47)
2026-07-31 10:56:50 [INFO] 物体 3: FireExt1 (置信度: 0.46)
2026-07-31 10:56:50 [INFO] 检测到车兜区域，将过滤区域外的目标
2026-07-31 10:56:50 [INFO] 准备保存检测结果到: C:\code\show\Scrap_Steel_In_Field\photos\dangerous_det\detection_20260731_105650.jpg
2026-07-31 10:56:50 [INFO] 图像形状: (2160, 3840, 3)
2026-07-31 10:56:50 [INFO] 图像数据类型: uint8
2026-07-31 10:56:50 [INFO] 图像最大值: 255
2026-07-31 10:56:50 [INFO] 图像最小值: 0
2026-07-31 10:56:50 [INFO] 开始保存检测结果图像: 图像尺寸=(2160, 3840, 3), 类型=uint8, 路径=C:\code\show\Scrap_Steel_In_Field\photos\dangerous_det\detection_20260731_105650.jpg
2026-07-31 10:56:50 [INFO] 成功保存检测结果到: C:\code\show\Scrap_Steel_In_Field\photos\dangerous_det\detection_20260731_105650.jpg
2026-07-31 10:56:50 [INFO] 保存的检测结果文件大小: 2237682 字节
2026-07-31 10:56:50 [INFO] 引擎上下文已释放
2026-07-31 10:56:50 [INFO] TensorRT 引擎已释放
2026-07-31 10:56:50 [INFO] 全局 CUDA 资源已释放
2026-07-31 10:56:50 [INFO] 检测系统资源已释放
2026-07-31 10:56:55 [INFO] CUDA 初始化成功
2026-07-31 10:56:56 [INFO] 引擎加载成功: dangerous.engine
2026-07-31 10:56:56 [INFO] 检测系统初始化成功
2026-07-31 10:56:56 [INFO] 图像预处理完成，原始尺寸: (2160, 3840)
2026-07-31 10:56:56 [INFO] 开始执行目标检测...
2026-07-31 10:56:56 [INFO] 检测完成，找到 3 个物体
2026-07-31 10:56:56 [INFO] 物体 1: GasCyl1 (置信度: 0.63)
2026-07-31 10:56:56 [INFO] 物体 2: FireExt1 (置信度: 0.46)
2026-07-31 10:56:56 [INFO] 物体 3: FireExt1 (置信度: 0.44)
2026-07-31 10:56:56 [INFO] 检测到车兜区域，将过滤区域外的目标
2026-07-31 10:56:56 [INFO] 准备保存检测结果到: C:\code\show\Scrap_Steel_In_Field\photos\dangerous_det\detection_20260731_105656.jpg
2026-07-31 10:56:56 [INFO] 图像形状: (2160, 3840, 3)
2026-07-31 10:56:56 [INFO] 图像数据类型: uint8
2026-07-31 10:56:56 [INFO] 图像最大值: 255
2026-07-31 10:56:56 [INFO] 图像最小值: 0
2026-07-31 10:56:56 [INFO] 开始保存检测结果图像: 图像尺寸=(2160, 3840, 3), 类型=uint8, 路径=C:\code\show\Scrap_Steel_In_Field\photos\dangerous_det\detection_20260731_105656.jpg
2026-07-31 10:56:56 [INFO] 成功保存检测结果到: C:\code\show\Scrap_Steel_In_Field\photos\dangerous_det\detection_20260731_105656.jpg
2026-07-31 10:56:56 [INFO] 保存的检测结果文件大小: 2238593 字节
2026-07-31 10:56:56 [INFO] 引擎上下文已释放
2026-07-31 10:56:56 [INFO] TensorRT 引擎已释放
2026-07-31 10:56:56 [INFO] 全局 CUDA 资源已释放
2026-07-31 10:56:56 [INFO] 检测系统资源已释放
2026-07-31 10:57:01 [INFO] CUDA 初始化成功
2026-07-31 10:57:01 [INFO] 引擎加载成功: dangerous.engine
2026-07-31 10:57:01 [INFO] 检测系统初始化成功
2026-07-31 10:57:01 [INFO] 图像预处理完成，原始尺寸: (2160, 3840)
2026-07-31 10:57:01 [INFO] 开始执行目标检测...
2026-07-31 10:57:01 [INFO] 检测完成，找到 3 个物体
2026-07-31 10:57:01 [INFO] 物体 1: GasCyl1 (置信度: 0.71)
2026-07-31 10:57:01 [INFO] 物体 2: FireExt1 (置信度: 0.45)
2026-07-31 10:57:01 [INFO] 物体 3: FireExt1 (置信度: 0.45)
2026-07-31 10:57:01 [INFO] 检测到车兜区域，将过滤区域外的目标
2026-07-31 10:57:01 [INFO] 准备保存检测结果到: C:\code\show\Scrap_Steel_In_Field\photos\dangerous_det\detection_20260731_105701.jpg
2026-07-31 10:57:01 [INFO] 图像形状: (2160, 3840, 3)
2026-07-31 10:57:01 [INFO] 图像数据类型: uint8
2026-07-31 10:57:01 [INFO] 图像最大值: 255
2026-07-31 10:57:01 [INFO] 图像最小值: 0
2026-07-31 10:57:01 [INFO] 开始保存检测结果图像: 图像尺寸=(2160, 3840, 3), 类型=uint8, 路径=C:\code\show\Scrap_Steel_In_Field\photos\dangerous_det\detection_20260731_105701.jpg
2026-07-31 10:57:01 [INFO] 成功保存检测结果到: C:\code\show\Scrap_Steel_In_Field\photos\dangerous_det\detection_20260731_105701.jpg
2026-07-31 10:57:01 [INFO] 保存的检测结果文件大小: 2232506 字节
2026-07-31 10:57:01 [INFO] 引擎上下文已释放
2026-07-31 10:57:01 [INFO] TensorRT 引擎已释放
2026-07-31 10:57:01 [INFO] 全局 CUDA 资源已释放
2026-07-31 10:57:01 [INFO] 检测系统资源已释放
2026-07-31 10:57:06 [INFO] CUDA 初始化成功
2026-07-31 10:57:06 [INFO] 引擎加载成功: dangerous.engine
2026-07-31 10:57:06 [INFO] 检测系统初始化成功
2026-07-31 10:57:06 [INFO] 图像预处理完成，原始尺寸: (2160, 3840)
2026-07-31 10:57:06 [INFO] 开始执行目标检测...
2026-07-31 10:57:06 [INFO] 检测完成，找到 3 个物体
2026-07-31 10:57:06 [INFO] 物体 1: GasCyl1 (置信度: 0.59)
2026-07-31 10:57:06 [INFO] 物体 2: FireExt1 (置信度: 0.47)
2026-07-31 10:57:06 [INFO] 物体 3: FireExt1 (置信度: 0.45)
2026-07-31 10:57:06 [INFO] 检测到车兜区域，将过滤区域外的目标
2026-07-31 10:57:06 [INFO] 准备保存检测结果到: C:\code\show\Scrap_Steel_In_Field\photos\dangerous_det\detection_20260731_105706.jpg
2026-07-31 10:57:06 [INFO] 图像形状: (2160, 3840, 3)
2026-07-31 10:57:06 [INFO] 图像数据类型: uint8
2026-07-31 10:57:06 [INFO] 图像最大值: 255
2026-07-31 10:57:06 [INFO] 图像最小值: 0
2026-07-31 10:57:06 [INFO] 开始保存检测结果图像: 图像尺寸=(2160, 3840, 3), 类型=uint8, 路径=C:\code\show\Scrap_Steel_In_Field\photos\dangerous_det\detection_20260731_105706.jpg
2026-07-31 10:57:06 [INFO] 成功保存检测结果到: C:\code\show\Scrap_Steel_In_Field\photos\dangerous_det\detection_20260731_105706.jpg
2026-07-31 10:57:06 [INFO] 保存的检测结果文件大小: 2236708 字节
2026-07-31 10:57:06 [INFO] 引擎上下文已释放
2026-07-31 10:57:06 [INFO] TensorRT 引擎已释放
2026-07-31 10:57:06 [INFO] 全局 CUDA 资源已释放
2026-07-31 10:57:06 [INFO] 检测系统资源已释放
2026-07-31 10:57:11 [INFO] CUDA 初始化成功
2026-07-31 10:57:11 [INFO] 引擎加载成功: dangerous.engine
2026-07-31 10:57:11 [INFO] 检测系统初始化成功
2026-07-31 10:57:11 [INFO] 图像预处理完成，原始尺寸: (2160, 3840)
2026-07-31 10:57:11 [INFO] 开始执行目标检测...
2026-07-31 10:57:11 [INFO] 检测完成，找到 3 个物体
2026-07-31 10:57:11 [INFO] 物体 1: GasCyl1 (置信度: 0.67)
2026-07-31 10:57:11 [INFO] 物体 2: FireExt1 (置信度: 0.47)
2026-07-31 10:57:11 [INFO] 物体 3: FireExt1 (置信度: 0.44)
2026-07-31 10:57:11 [INFO] 检测到车兜区域，将过滤区域外的目标
2026-07-31 10:57:11 [INFO] 准备保存检测结果到: C:\code\show\Scrap_Steel_In_Field\photos\dangerous_det\detection_20260731_105711.jpg
2026-07-31 10:57:11 [INFO] 图像形状: (2160, 3840, 3)
2026-07-31 10:57:11 [INFO] 图像数据类型: uint8
2026-07-31 10:57:11 [INFO] 图像最大值: 255
2026-07-31 10:57:11 [INFO] 图像最小值: 0
2026-07-31 10:57:11 [INFO] 开始保存检测结果图像: 图像尺寸=(2160, 3840, 3), 类型=uint8, 路径=C:\code\show\Scrap_Steel_In_Field\photos\dangerous_det\detection_20260731_105711.jpg
2026-07-31 10:57:11 [INFO] 成功保存检测结果到: C:\code\show\Scrap_Steel_In_Field\photos\dangerous_det\detection_20260731_105711.jpg
2026-07-31 10:57:11 [INFO] 保存的检测结果文件大小: 2239220 字节
2026-07-31 10:57:11 [INFO] 引擎上下文已释放
2026-07-31 10:57:11 [INFO] TensorRT 引擎已释放
2026-07-31 10:57:11 [INFO] 全局 CUDA 资源已释放
2026-07-31 10:57:11 [INFO] 检测系统资源已释放
2026-07-31 10:57:16 [INFO] CUDA 初始化成功
2026-07-31 10:57:16 [INFO] 引擎加载成功: dangerous.engine
2026-07-31 10:57:16 [INFO] 检测系统初始化成功
2026-07-31 10:57:16 [INFO] 图像预处理完成，原始尺寸: (2160, 3840)
2026-07-31 10:57:16 [INFO] 开始执行目标检测...
2026-07-31 10:57:16 [INFO] 检测完成，找到 3 个物体
2026-07-31 10:57:16 [INFO] 物体 1: GasCyl1 (置信度: 0.70)
2026-07-31 10:57:16 [INFO] 物体 2: FireExt1 (置信度: 0.47)
2026-07-31 10:57:16 [INFO] 物体 3: FireExt1 (置信度: 0.45)
2026-07-31 10:57:16 [INFO] 检测到车兜区域，将过滤区域外的目标
2026-07-31 10:57:16 [INFO] 准备保存检测结果到: C:\code\show\Scrap_Steel_In_Field\photos\dangerous_det\detection_20260731_105716.jpg
2026-07-31 10:57:16 [INFO] 图像形状: (2160, 3840, 3)
2026-07-31 10:57:16 [INFO] 图像数据类型: uint8
2026-07-31 10:57:16 [INFO] 图像最大值: 255
2026-07-31 10:57:16 [INFO] 图像最小值: 0
2026-07-31 10:57:16 [INFO] 开始保存检测结果图像: 图像尺寸=(2160, 3840, 3), 类型=uint8, 路径=C:\code\show\Scrap_Steel_In_Field\photos\dangerous_det\detection_20260731_105716.jpg
2026-07-31 10:57:17 [INFO] 成功保存检测结果到: C:\code\show\Scrap_Steel_In_Field\photos\dangerous_det\detection_20260731_105716.jpg
2026-07-31 10:57:17 [INFO] 保存的检测结果文件大小: 2237135 字节
2026-07-31 10:57:17 [INFO] 引擎上下文已释放
2026-07-31 10:57:17 [INFO] TensorRT 引擎已释放
2026-07-31 10:57:17 [INFO] 全局 CUDA 资源已释放
2026-07-31 10:57:17 [INFO] 检测系统资源已释放
2026-07-31 10:57:21 [INFO] CUDA 初始化成功
2026-07-31 10:57:22 [INFO] 引擎加载成功: dangerous.engine
2026-07-31 10:57:22 [INFO] 检测系统初始化成功
2026-07-31 10:57:22 [INFO] 图像预处理完成，原始尺寸: (2160, 3840)
2026-07-31 10:57:22 [INFO] 开始执行目标检测...
2026-07-31 10:57:22 [INFO] 检测完成，找到 3 个物体
2026-07-31 10:57:22 [INFO] 物体 1: GasCyl1 (置信度: 0.67)
2026-07-31 10:57:22 [INFO] 物体 2: FireExt1 (置信度: 0.47)
2026-07-31 10:57:22 [INFO] 物体 3: FireExt1 (置信度: 0.46)
2026-07-31 10:57:22 [INFO] 检测到车兜区域，将过滤区域外的目标
2026-07-31 10:57:22 [INFO] 准备保存检测结果到: C:\code\show\Scrap_Steel_In_Field\photos\dangerous_det\detection_20260731_105722.jpg
2026-07-31 10:57:22 [INFO] 图像形状: (2160, 3840, 3)
2026-07-31 10:57:22 [INFO] 图像数据类型: uint8
2026-07-31 10:57:22 [INFO] 图像最大值: 255
2026-07-31 10:57:22 [INFO] 图像最小值: 0
2026-07-31 10:57:22 [INFO] 开始保存检测结果图像: 图像尺寸=(2160, 3840, 3), 类型=uint8, 路径=C:\code\show\Scrap_Steel_In_Field\photos\dangerous_det\detection_20260731_105722.jpg
2026-07-31 10:57:22 [INFO] 成功保存检测结果到: C:\code\show\Scrap_Steel_In_Field\photos\dangerous_det\detection_20260731_105722.jpg
2026-07-31 10:57:22 [INFO] 保存的检测结果文件大小: 2241295 字节
2026-07-31 10:57:22 [INFO] 引擎上下文已释放
2026-07-31 10:57:22 [INFO] TensorRT 引擎已释放
2026-07-31 10:57:22 [INFO] 全局 CUDA 资源已释放
2026-07-31 10:57:22 [INFO] 检测系统资源已释放
2026-07-31 10:57:27 [INFO] CUDA 初始化成功
2026-07-31 10:57:27 [INFO] 引擎加载成功: dangerous.engine
2026-07-31 10:57:27 [INFO] 检测系统初始化成功
2026-07-31 10:57:27 [INFO] 图像预处理完成，原始尺寸: (2160, 3840)
2026-07-31 10:57:27 [INFO] 开始执行目标检测...
2026-07-31 10:57:27 [INFO] 检测完成，找到 3 个物体
2026-07-31 10:57:27 [INFO] 物体 1: GasCyl1 (置信度: 0.71)
2026-07-31 10:57:27 [INFO] 物体 2: FireExt1 (置信度: 0.46)
2026-07-31 10:57:27 [INFO] 物体 3: FireExt1 (置信度: 0.43)
2026-07-31 10:57:27 [INFO] 检测到车兜区域，将过滤区域外的目标
2026-07-31 10:57:27 [INFO] 准备保存检测结果到: C:\code\show\Scrap_Steel_In_Field\photos\dangerous_det\detection_20260731_105727.jpg
2026-07-31 10:57:27 [INFO] 图像形状: (2160, 3840, 3)
2026-07-31 10:57:27 [INFO] 图像数据类型: uint8
2026-07-31 10:57:27 [INFO] 图像最大值: 255
2026-07-31 10:57:27 [INFO] 图像最小值: 0
2026-07-31 10:57:27 [INFO] 开始保存检测结果图像: 图像尺寸=(2160, 3840, 3), 类型=uint8, 路径=C:\code\show\Scrap_Steel_In_Field\photos\dangerous_det\detection_20260731_105727.jpg
2026-07-31 10:57:27 [INFO] 成功保存检测结果到: C:\code\show\Scrap_Steel_In_Field\photos\dangerous_det\detection_20260731_105727.jpg
2026-07-31 10:57:27 [INFO] 保存的检测结果文件大小: 2238362 字节
2026-07-31 10:57:27 [INFO] 引擎上下文已释放
2026-07-31 10:57:27 [INFO] TensorRT 引擎已释放
2026-07-31 10:57:27 [INFO] 全局 CUDA 资源已释放
2026-07-31 10:57:27 [INFO] 检测系统资源已释放
2026-07-31 10:57:32 [INFO] CUDA 初始化成功
2026-07-31 10:57:32 [INFO] 引擎加载成功: dangerous.engine
2026-07-31 10:57:32 [INFO] 检测系统初始化成功
2026-07-31 10:57:32 [INFO] 图像预处理完成，原始尺寸: (2160, 3840)
2026-07-31 10:57:32 [INFO] 开始执行目标检测...
2026-07-31 10:57:32 [INFO] 检测完成，找到 3 个物体
2026-07-31 10:57:32 [INFO] 物体 1: GasCyl1 (置信度: 0.69)
2026-07-31 10:57:32 [INFO] 物体 2: FireExt1 (置信度: 0.46)
2026-07-31 10:57:32 [INFO] 物体 3: FireExt1 (置信度: 0.44)
2026-07-31 10:57:32 [INFO] 检测到车兜区域，将过滤区域外的目标
2026-07-31 10:57:32 [INFO] 准备保存检测结果到: C:\code\show\Scrap_Steel_In_Field\photos\dangerous_det\detection_20260731_105732.jpg
2026-07-31 10:57:32 [INFO] 图像形状: (2160, 3840, 3)
2026-07-31 10:57:32 [INFO] 图像数据类型: uint8
2026-07-31 10:57:32 [INFO] 图像最大值: 255
2026-07-31 10:57:32 [INFO] 图像最小值: 0
2026-07-31 10:57:32 [INFO] 开始保存检测结果图像: 图像尺寸=(2160, 3840, 3), 类型=uint8, 路径=C:\code\show\Scrap_Steel_In_Field\photos\dangerous_det\detection_20260731_105732.jpg
2026-07-31 10:57:33 [INFO] 成功保存检测结果到: C:\code\show\Scrap_Steel_In_Field\photos\dangerous_det\detection_20260731_105732.jpg
2026-07-31 10:57:33 [INFO] 保存的检测结果文件大小: 2242499 字节
2026-07-31 10:57:33 [INFO] 引擎上下文已释放
2026-07-31 10:57:33 [INFO] TensorRT 引擎已释放
2026-07-31 10:57:33 [INFO] 全局 CUDA 资源已释放
2026-07-31 10:57:33 [INFO] 检测系统资源已释放
2026-07-31 10:57:37 [INFO] CUDA 初始化成功
2026-07-31 10:57:37 [INFO] 引擎加载成功: dangerous.engine
2026-07-31 10:57:37 [INFO] 检测系统初始化成功
2026-07-31 10:57:37 [INFO] 图像预处理完成，原始尺寸: (2160, 3840)
2026-07-31 10:57:37 [INFO] 开始执行目标检测...
2026-07-31 10:57:37 [INFO] 检测完成，找到 3 个物体
2026-07-31 10:57:37 [INFO] 物体 1: GasCyl1 (置信度: 0.72)
2026-07-31 10:57:37 [INFO] 物体 2: FireExt1 (置信度: 0.46)
2026-07-31 10:57:37 [INFO] 物体 3: FireExt1 (置信度: 0.43)
2026-07-31 10:57:37 [INFO] 检测到车兜区域，将过滤区域外的目标
2026-07-31 10:57:37 [INFO] 准备保存检测结果到: C:\code\show\Scrap_Steel_In_Field\photos\dangerous_det\detection_20260731_105737.jpg
2026-07-31 10:57:37 [INFO] 图像形状: (2160, 3840, 3)
2026-07-31 10:57:37 [INFO] 图像数据类型: uint8
2026-07-31 10:57:37 [INFO] 图像最大值: 255
2026-07-31 10:57:37 [INFO] 图像最小值: 0
2026-07-31 10:57:37 [INFO] 开始保存检测结果图像: 图像尺寸=(2160, 3840, 3), 类型=uint8, 路径=C:\code\show\Scrap_Steel_In_Field\photos\dangerous_det\detection_20260731_105737.jpg
2026-07-31 10:57:37 [INFO] 成功保存检测结果到: C:\code\show\Scrap_Steel_In_Field\photos\dangerous_det\detection_20260731_105737.jpg
2026-07-31 10:57:37 [INFO] 保存的检测结果文件大小: 2238794 字节
2026-07-31 10:57:37 [INFO] 引擎上下文已释放
2026-07-31 10:57:37 [INFO] TensorRT 引擎已释放
2026-07-31 10:57:37 [INFO] 全局 CUDA 资源已释放
2026-07-31 10:57:37 [INFO] 检测系统资源已释放
2026-07-31 10:57:42 [INFO] CUDA 初始化成功
2026-07-31 10:57:42 [INFO] 引擎加载成功: dangerous.engine
2026-07-31 10:57:42 [INFO] 检测系统初始化成功
2026-07-31 10:57:42 [INFO] 图像预处理完成，原始尺寸: (2160, 3840)
2026-07-31 10:57:42 [INFO] 开始执行目标检测...
2026-07-31 10:57:42 [INFO] 检测完成，找到 3 个物体
2026-07-31 10:57:42 [INFO] 物体 1: GasCyl1 (置信度: 0.65)
2026-07-31 10:57:42 [INFO] 物体 2: FireExt1 (置信度: 0.46)
2026-07-31 10:57:42 [INFO] 物体 3: FireExt1 (置信度: 0.43)
2026-07-31 10:57:42 [INFO] 检测到车兜区域，将过滤区域外的目标
2026-07-31 10:57:42 [INFO] 准备保存检测结果到: C:\code\show\Scrap_Steel_In_Field\photos\dangerous_det\detection_20260731_105742.jpg
2026-07-31 10:57:42 [INFO] 图像形状: (2160, 3840, 3)
2026-07-31 10:57:42 [INFO] 图像数据类型: uint8
2026-07-31 10:57:42 [INFO] 图像最大值: 255
2026-07-31 10:57:42 [INFO] 图像最小值: 0
2026-07-31 10:57:42 [INFO] 开始保存检测结果图像: 图像尺寸=(2160, 3840, 3), 类型=uint8, 路径=C:\code\show\Scrap_Steel_In_Field\photos\dangerous_det\detection_20260731_105742.jpg
2026-07-31 10:57:42 [INFO] 成功保存检测结果到: C:\code\show\Scrap_Steel_In_Field\photos\dangerous_det\detection_20260731_105742.jpg
2026-07-31 10:57:42 [INFO] 保存的检测结果文件大小: 2237972 字节
2026-07-31 10:57:42 [INFO] 引擎上下文已释放
2026-07-31 10:57:42 [INFO] TensorRT 引擎已释放
2026-07-31 10:57:42 [INFO] 全局 CUDA 资源已释放
2026-07-31 10:57:42 [INFO] 检测系统资源已释放
2026-07-31 10:57:48 [INFO] CUDA 初始化成功
2026-07-31 10:57:48 [INFO] 引擎加载成功: dangerous.engine
2026-07-31 10:57:48 [INFO] 检测系统初始化成功
2026-07-31 10:57:48 [INFO] 图像预处理完成，原始尺寸: (2160, 3840)
2026-07-31 10:57:48 [INFO] 开始执行目标检测...
2026-07-31 10:57:48 [INFO] 检测完成，找到 3 个物体
2026-07-31 10:57:48 [INFO] 物体 1: GasCyl1 (置信度: 0.71)
2026-07-31 10:57:48 [INFO] 物体 2: FireExt1 (置信度: 0.46)
2026-07-31 10:57:48 [INFO] 物体 3: FireExt1 (置信度: 0.42)
2026-07-31 10:57:48 [INFO] 检测到车兜区域，将过滤区域外的目标
2026-07-31 10:57:48 [INFO] 准备保存检测结果到: C:\code\show\Scrap_Steel_In_Field\photos\dangerous_det\detection_20260731_105748.jpg
2026-07-31 10:57:48 [INFO] 图像形状: (2160, 3840, 3)
2026-07-31 10:57:48 [INFO] 图像数据类型: uint8
2026-07-31 10:57:48 [INFO] 图像最大值: 255
2026-07-31 10:57:48 [INFO] 图像最小值: 0
2026-07-31 10:57:48 [INFO] 开始保存检测结果图像: 图像尺寸=(2160, 3840, 3), 类型=uint8, 路径=C:\code\show\Scrap_Steel_In_Field\photos\dangerous_det\detection_20260731_105748.jpg
2026-07-31 10:57:48 [INFO] 成功保存检测结果到: C:\code\show\Scrap_Steel_In_Field\photos\dangerous_det\detection_20260731_105748.jpg
2026-07-31 10:57:48 [INFO] 保存的检测结果文件大小: 2239674 字节
2026-07-31 10:57:48 [INFO] 引擎上下文已释放
2026-07-31 10:57:48 [INFO] TensorRT 引擎已释放
2026-07-31 10:57:48 [INFO] 全局 CUDA 资源已释放
2026-07-31 10:57:48 [INFO] 检测系统资源已释放
2026-07-31 10:57:53 [INFO] CUDA 初始化成功
2026-07-31 10:57:53 [INFO] 引擎加载成功: dangerous.engine
2026-07-31 10:57:53 [INFO] 检测系统初始化成功
2026-07-31 10:57:53 [INFO] 图像预处理完成，原始尺寸: (2160, 3840)
2026-07-31 10:57:53 [INFO] 开始执行目标检测...
2026-07-31 10:57:53 [INFO] 检测完成，找到 3 个物体
2026-07-31 10:57:53 [INFO] 物体 1: GasCyl1 (置信度: 0.69)
2026-07-31 10:57:53 [INFO] 物体 2: FireExt1 (置信度: 0.46)
2026-07-31 10:57:53 [INFO] 物体 3: FireExt1 (置信度: 0.44)
2026-07-31 10:57:53 [INFO] 检测到车兜区域，将过滤区域外的目标
2026-07-31 10:57:53 [INFO] 准备保存检测结果到: C:\code\show\Scrap_Steel_In_Field\photos\dangerous_det\detection_20260731_105753.jpg
2026-07-31 10:57:53 [INFO] 图像形状: (2160, 3840, 3)
2026-07-31 10:57:53 [INFO] 图像数据类型: uint8
2026-07-31 10:57:53 [INFO] 图像最大值: 255
2026-07-31 10:57:53 [INFO] 图像最小值: 0
2026-07-31 10:57:53 [INFO] 开始保存检测结果图像: 图像尺寸=(2160, 3840, 3), 类型=uint8, 路径=C:\code\show\Scrap_Steel_In_Field\photos\dangerous_det\detection_20260731_105753.jpg
2026-07-31 10:57:53 [INFO] 成功保存检测结果到: C:\code\show\Scrap_Steel_In_Field\photos\dangerous_det\detection_20260731_105753.jpg
2026-07-31 10:57:53 [INFO] 保存的检测结果文件大小: 2239734 字节
2026-07-31 10:57:53 [INFO] 引擎上下文已释放
2026-07-31 10:57:53 [INFO] TensorRT 引擎已释放
2026-07-31 10:57:53 [INFO] 全局 CUDA 资源已释放
2026-07-31 10:57:53 [INFO] 检测系统资源已释放
2026-07-31 10:57:58 [INFO] CUDA 初始化成功
2026-07-31 10:57:58 [INFO] 引擎加载成功: dangerous.engine
2026-07-31 10:57:58 [INFO] 检测系统初始化成功
2026-07-31 10:57:58 [INFO] 图像预处理完成，原始尺寸: (2160, 3840)
2026-07-31 10:57:58 [INFO] 开始执行目标检测...
2026-07-31 10:57:58 [INFO] 检测完成，找到 3 个物体
2026-07-31 10:57:58 [INFO] 物体 1: GasCyl1 (置信度: 0.63)
2026-07-31 10:57:58 [INFO] 物体 2: FireExt1 (置信度: 0.48)
2026-07-31 10:57:58 [INFO] 物体 3: FireExt1 (置信度: 0.47)
2026-07-31 10:57:58 [INFO] 检测到车兜区域，将过滤区域外的目标
2026-07-31 10:57:58 [INFO] 准备保存检测结果到: C:\code\show\Scrap_Steel_In_Field\photos\dangerous_det\detection_20260731_105758.jpg
2026-07-31 10:57:58 [INFO] 图像形状: (2160, 3840, 3)
2026-07-31 10:57:58 [INFO] 图像数据类型: uint8
2026-07-31 10:57:58 [INFO] 图像最大值: 255
2026-07-31 10:57:58 [INFO] 图像最小值: 0
2026-07-31 10:57:58 [INFO] 开始保存检测结果图像: 图像尺寸=(2160, 3840, 3), 类型=uint8, 路径=C:\code\show\Scrap_Steel_In_Field\photos\dangerous_det\detection_20260731_105758.jpg
2026-07-31 10:57:59 [INFO] 成功保存检测结果到: C:\code\show\Scrap_Steel_In_Field\photos\dangerous_det\detection_20260731_105758.jpg
2026-07-31 10:57:59 [INFO] 保存的检测结果文件大小: 2240174 字节
2026-07-31 10:57:59 [INFO] 引擎上下文已释放
2026-07-31 10:57:59 [INFO] TensorRT 引擎已释放
2026-07-31 10:57:59 [INFO] 全局 CUDA 资源已释放
2026-07-31 10:57:59 [INFO] 检测系统资源已释放
2026-07-31 10:58:04 [INFO] CUDA 初始化成功
2026-07-31 10:58:04 [INFO] 引擎加载成功: dangerous.engine
2026-07-31 10:58:04 [INFO] 检测系统初始化成功
2026-07-31 10:58:04 [INFO] 图像预处理完成，原始尺寸: (2160, 3840)
2026-07-31 10:58:04 [INFO] 开始执行目标检测...
2026-07-31 10:58:04 [INFO] 检测完成，找到 3 个物体
2026-07-31 10:58:04 [INFO] 物体 1: GasCyl1 (置信度: 0.58)
2026-07-31 10:58:04 [INFO] 物体 2: FireExt1 (置信度: 0.46)
2026-07-31 10:58:04 [INFO] 物体 3: FireExt1 (置信度: 0.42)
2026-07-31 10:58:04 [INFO] 检测到车兜区域，将过滤区域外的目标
2026-07-31 10:58:04 [INFO] 准备保存检测结果到: C:\code\show\Scrap_Steel_In_Field\photos\dangerous_det\detection_20260731_105804.jpg
2026-07-31 10:58:04 [INFO] 图像形状: (2160, 3840, 3)
2026-07-31 10:58:04 [INFO] 图像数据类型: uint8
2026-07-31 10:58:04 [INFO] 图像最大值: 255
2026-07-31 10:58:04 [INFO] 图像最小值: 0
2026-07-31 10:58:04 [INFO] 开始保存检测结果图像: 图像尺寸=(2160, 3840, 3), 类型=uint8, 路径=C:\code\show\Scrap_Steel_In_Field\photos\dangerous_det\detection_20260731_105804.jpg
2026-07-31 10:58:04 [INFO] 成功保存检测结果到: C:\code\show\Scrap_Steel_In_Field\photos\dangerous_det\detection_20260731_105804.jpg
2026-07-31 10:58:04 [INFO] 保存的检测结果文件大小: 2243337 字节
2026-07-31 10:58:04 [INFO] 引擎上下文已释放
2026-07-31 10:58:04 [INFO] TensorRT 引擎已释放
2026-07-31 10:58:04 [INFO] 全局 CUDA 资源已释放
2026-07-31 10:58:04 [INFO] 检测系统资源已释放
2026-07-31 10:58:09 [INFO] CUDA 初始化成功
2026-07-31 10:58:09 [INFO] 引擎加载成功: dangerous.engine
2026-07-31 10:58:09 [INFO] 检测系统初始化成功
2026-07-31 10:58:09 [INFO] 图像预处理完成，原始尺寸: (2160, 3840)
2026-07-31 10:58:09 [INFO] 开始执行目标检测...
2026-07-31 10:58:09 [INFO] 检测完成，找到 3 个物体
2026-07-31 10:58:09 [INFO] 物体 1: GasCyl1 (置信度: 0.66)
2026-07-31 10:58:09 [INFO] 物体 2: FireExt1 (置信度: 0.47)
2026-07-31 10:58:09 [INFO] 物体 3: FireExt1 (置信度: 0.46)
2026-07-31 10:58:09 [INFO] 检测到车兜区域，将过滤区域外的目标
2026-07-31 10:58:09 [INFO] 准备保存检测结果到: C:\code\show\Scrap_Steel_In_Field\photos\dangerous_det\detection_20260731_105809.jpg
2026-07-31 10:58:09 [INFO] 图像形状: (2160, 3840, 3)
2026-07-31 10:58:09 [INFO] 图像数据类型: uint8
2026-07-31 10:58:09 [INFO] 图像最大值: 255
2026-07-31 10:58:09 [INFO] 图像最小值: 0
2026-07-31 10:58:09 [INFO] 开始保存检测结果图像: 图像尺寸=(2160, 3840, 3), 类型=uint8, 路径=C:\code\show\Scrap_Steel_In_Field\photos\dangerous_det\detection_20260731_105809.jpg
2026-07-31 10:58:09 [INFO] 成功保存检测结果到: C:\code\show\Scrap_Steel_In_Field\photos\dangerous_det\detection_20260731_105809.jpg
2026-07-31 10:58:09 [INFO] 保存的检测结果文件大小: 2241846 字节
2026-07-31 10:58:09 [INFO] 引擎上下文已释放
2026-07-31 10:58:09 [INFO] TensorRT 引擎已释放
2026-07-31 10:58:09 [INFO] 全局 CUDA 资源已释放
2026-07-31 10:58:09 [INFO] 检测系统资源已释放
2026-07-31 10:58:14 [INFO] CUDA 初始化成功
2026-07-31 10:58:14 [INFO] 引擎加载成功: dangerous.engine
2026-07-31 10:58:14 [INFO] 检测系统初始化成功
2026-07-31 10:58:14 [INFO] 图像预处理完成，原始尺寸: (2160, 3840)
2026-07-31 10:58:14 [INFO] 开始执行目标检测...
2026-07-31 10:58:14 [INFO] 检测完成，找到 3 个物体
2026-07-31 10:58:14 [INFO] 物体 1: GasCyl1 (置信度: 0.71)
2026-07-31 10:58:14 [INFO] 物体 2: FireExt1 (置信度: 0.47)
2026-07-31 10:58:14 [INFO] 物体 3: FireExt1 (置信度: 0.44)
2026-07-31 10:58:14 [INFO] 检测到车兜区域，将过滤区域外的目标
2026-07-31 10:58:14 [INFO] 准备保存检测结果到: C:\code\show\Scrap_Steel_In_Field\photos\dangerous_det\detection_20260731_105814.jpg
2026-07-31 10:58:14 [INFO] 图像形状: (2160, 3840, 3)
2026-07-31 10:58:14 [INFO] 图像数据类型: uint8
2026-07-31 10:58:14 [INFO] 图像最大值: 255
2026-07-31 10:58:14 [INFO] 图像最小值: 0
2026-07-31 10:58:14 [INFO] 开始保存检测结果图像: 图像尺寸=(2160, 3840, 3), 类型=uint8, 路径=C:\code\show\Scrap_Steel_In_Field\photos\dangerous_det\detection_20260731_105814.jpg
2026-07-31 10:58:15 [INFO] 成功保存检测结果到: C:\code\show\Scrap_Steel_In_Field\photos\dangerous_det\detection_20260731_105814.jpg
2026-07-31 10:58:15 [INFO] 保存的检测结果文件大小: 2239634 字节
2026-07-31 10:58:15 [INFO] 引擎上下文已释放
2026-07-31 10:58:15 [INFO] TensorRT 引擎已释放
2026-07-31 10:58:15 [INFO] 全局 CUDA 资源已释放
2026-07-31 10:58:15 [INFO] 检测系统资源已释放
2026-07-31 10:58:20 [INFO] CUDA 初始化成功
2026-07-31 10:58:20 [INFO] 引擎加载成功: dangerous.engine
2026-07-31 10:58:20 [INFO] 检测系统初始化成功
2026-07-31 10:58:20 [INFO] 图像预处理完成，原始尺寸: (2160, 3840)
2026-07-31 10:58:20 [INFO] 开始执行目标检测...
2026-07-31 10:58:20 [INFO] 检测完成，找到 3 个物体
2026-07-31 10:58:20 [INFO] 物体 1: GasCyl1 (置信度: 0.67)
2026-07-31 10:58:20 [INFO] 物体 2: FireExt1 (置信度: 0.45)
2026-07-31 10:58:20 [INFO] 物体 3: FireExt1 (置信度: 0.44)
2026-07-31 10:58:20 [INFO] 检测到车兜区域，将过滤区域外的目标
2026-07-31 10:58:20 [INFO] 准备保存检测结果到: C:\code\show\Scrap_Steel_In_Field\photos\dangerous_det\detection_20260731_105820.jpg
2026-07-31 10:58:20 [INFO] 图像形状: (2160, 3840, 3)
2026-07-31 10:58:20 [INFO] 图像数据类型: uint8
2026-07-31 10:58:20 [INFO] 图像最大值: 255
2026-07-31 10:58:20 [INFO] 图像最小值: 0
2026-07-31 10:58:20 [INFO] 开始保存检测结果图像: 图像尺寸=(2160, 3840, 3), 类型=uint8, 路径=C:\code\show\Scrap_Steel_In_Field\photos\dangerous_det\detection_20260731_105820.jpg
2026-07-31 10:58:20 [INFO] 成功保存检测结果到: C:\code\show\Scrap_Steel_In_Field\photos\dangerous_det\detection_20260731_105820.jpg
2026-07-31 10:58:20 [INFO] 保存的检测结果文件大小: 2241990 字节
2026-07-31 10:58:20 [INFO] 引擎上下文已释放
2026-07-31 10:58:20 [INFO] TensorRT 引擎已释放
2026-07-31 10:58:20 [INFO] 全局 CUDA 资源已释放
2026-07-31 10:58:20 [INFO] 检测系统资源已释放
2026-07-31 10:58:25 [INFO] CUDA 初始化成功
2026-07-31 10:58:25 [INFO] 引擎加载成功: dangerous.engine
2026-07-31 10:58:25 [INFO] 检测系统初始化成功
2026-07-31 10:58:25 [INFO] 图像预处理完成，原始尺寸: (2160, 3840)
2026-07-31 10:58:25 [INFO] 开始执行目标检测...
2026-07-31 10:58:25 [INFO] 检测完成，找到 3 个物体
2026-07-31 10:58:25 [INFO] 物体 1: GasCyl1 (置信度: 0.69)
2026-07-31 10:58:25 [INFO] 物体 2: FireExt1 (置信度: 0.45)
2026-07-31 10:58:25 [INFO] 物体 3: FireExt1 (置信度: 0.43)
2026-07-31 10:58:25 [INFO] 检测到车兜区域，将过滤区域外的目标
2026-07-31 10:58:25 [INFO] 准备保存检测结果到: C:\code\show\Scrap_Steel_In_Field\photos\dangerous_det\detection_20260731_105825.jpg
2026-07-31 10:58:25 [INFO] 图像形状: (2160, 3840, 3)
2026-07-31 10:58:25 [INFO] 图像数据类型: uint8
2026-07-31 10:58:25 [INFO] 图像最大值: 255
2026-07-31 10:58:25 [INFO] 图像最小值: 0
2026-07-31 10:58:25 [INFO] 开始保存检测结果图像: 图像尺寸=(2160, 3840, 3), 类型=uint8, 路径=C:\code\show\Scrap_Steel_In_Field\photos\dangerous_det\detection_20260731_105825.jpg
2026-07-31 10:58:25 [INFO] 成功保存检测结果到: C:\code\show\Scrap_Steel_In_Field\photos\dangerous_det\detection_20260731_105825.jpg
2026-07-31 10:58:25 [INFO] 保存的检测结果文件大小: 2244125 字节
2026-07-31 10:58:25 [INFO] 引擎上下文已释放
2026-07-31 10:58:25 [INFO] TensorRT 引擎已释放
2026-07-31 10:58:25 [INFO] 全局 CUDA 资源已释放
2026-07-31 10:58:25 [INFO] 检测系统资源已释放
2026-07-31 10:58:30 [INFO] CUDA 初始化成功
2026-07-31 10:58:30 [INFO] 引擎加载成功: dangerous.engine
2026-07-31 10:58:30 [INFO] 检测系统初始化成功
2026-07-31 10:58:30 [INFO] 图像预处理完成，原始尺寸: (2160, 3840)
2026-07-31 10:58:30 [INFO] 开始执行目标检测...
2026-07-31 10:58:31 [INFO] 检测完成，找到 3 个物体
2026-07-31 10:58:31 [INFO] 物体 1: GasCyl1 (置信度: 0.66)
2026-07-31 10:58:31 [INFO] 物体 2: FireExt1 (置信度: 0.44)
2026-07-31 10:58:31 [INFO] 物体 3: FireExt1 (置信度: 0.44)
2026-07-31 10:58:31 [INFO] 检测到车兜区域，将过滤区域外的目标
2026-07-31 10:58:31 [INFO] 准备保存检测结果到: C:\code\show\Scrap_Steel_In_Field\photos\dangerous_det\detection_20260731_105831.jpg
2026-07-31 10:58:31 [INFO] 图像形状: (2160, 3840, 3)
2026-07-31 10:58:31 [INFO] 图像数据类型: uint8
2026-07-31 10:58:31 [INFO] 图像最大值: 255
2026-07-31 10:58:31 [INFO] 图像最小值: 0
2026-07-31 10:58:31 [INFO] 开始保存检测结果图像: 图像尺寸=(2160, 3840, 3), 类型=uint8, 路径=C:\code\show\Scrap_Steel_In_Field\photos\dangerous_det\detection_20260731_105831.jpg
2026-07-31 10:58:31 [INFO] 成功保存检测结果到: C:\code\show\Scrap_Steel_In_Field\photos\dangerous_det\detection_20260731_105831.jpg
2026-07-31 10:58:31 [INFO] 保存的检测结果文件大小: 2240400 字节
2026-07-31 10:58:31 [INFO] 引擎上下文已释放
2026-07-31 10:58:31 [INFO] TensorRT 引擎已释放
2026-07-31 10:58:31 [INFO] 全局 CUDA 资源已释放
2026-07-31 10:58:31 [INFO] 检测系统资源已释放
2026-07-31 10:58:36 [INFO] CUDA 初始化成功
2026-07-31 10:58:36 [INFO] 引擎加载成功: dangerous.engine
2026-07-31 10:58:36 [INFO] 检测系统初始化成功
2026-07-31 10:58:36 [INFO] 图像预处理完成，原始尺寸: (2160, 3840)
2026-07-31 10:58:36 [INFO] 开始执行目标检测...
2026-07-31 10:58:36 [INFO] 检测完成，找到 3 个物体
2026-07-31 10:58:36 [INFO] 物体 1: GasCyl1 (置信度: 0.66)
2026-07-31 10:58:36 [INFO] 物体 2: FireExt1 (置信度: 0.46)
2026-07-31 10:58:36 [INFO] 物体 3: FireExt1 (置信度: 0.44)
2026-07-31 10:58:36 [INFO] 检测到车兜区域，将过滤区域外的目标
2026-07-31 10:58:36 [INFO] 准备保存检测结果到: C:\code\show\Scrap_Steel_In_Field\photos\dangerous_det\detection_20260731_105836.jpg
2026-07-31 10:58:36 [INFO] 图像形状: (2160, 3840, 3)
2026-07-31 10:58:36 [INFO] 图像数据类型: uint8
2026-07-31 10:58:36 [INFO] 图像最大值: 255
2026-07-31 10:58:36 [INFO] 图像最小值: 0
2026-07-31 10:58:36 [INFO] 开始保存检测结果图像: 图像尺寸=(2160, 3840, 3), 类型=uint8, 路径=C:\code\show\Scrap_Steel_In_Field\photos\dangerous_det\detection_20260731_105836.jpg
2026-07-31 10:58:36 [INFO] 成功保存检测结果到: C:\code\show\Scrap_Steel_In_Field\photos\dangerous_det\detection_20260731_105836.jpg
2026-07-31 10:58:36 [INFO] 保存的检测结果文件大小: 2242156 字节
2026-07-31 10:58:36 [INFO] 引擎上下文已释放
2026-07-31 10:58:36 [INFO] TensorRT 引擎已释放
2026-07-31 10:58:36 [INFO] 全局 CUDA 资源已释放
2026-07-31 10:58:36 [INFO] 检测系统资源已释放
2026-07-31 10:58:41 [INFO] CUDA 初始化成功
2026-07-31 10:58:41 [INFO] 引擎加载成功: dangerous.engine
2026-07-31 10:58:41 [INFO] 检测系统初始化成功
2026-07-31 10:58:41 [INFO] 图像预处理完成，原始尺寸: (2160, 3840)
2026-07-31 10:58:41 [INFO] 开始执行目标检测...
2026-07-31 10:58:41 [INFO] 检测完成，找到 3 个物体
2026-07-31 10:58:41 [INFO] 物体 1: GasCyl1 (置信度: 0.64)
2026-07-31 10:58:41 [INFO] 物体 2: FireExt1 (置信度: 0.46)
2026-07-31 10:58:41 [INFO] 物体 3: FireExt1 (置信度: 0.45)
2026-07-31 10:58:41 [INFO] 检测到车兜区域，将过滤区域外的目标
2026-07-31 10:58:41 [INFO] 准备保存检测结果到: C:\code\show\Scrap_Steel_In_Field\photos\dangerous_det\detection_20260731_105841.jpg
2026-07-31 10:58:41 [INFO] 图像形状: (2160, 3840, 3)
2026-07-31 10:58:41 [INFO] 图像数据类型: uint8
2026-07-31 10:58:41 [INFO] 图像最大值: 255
2026-07-31 10:58:41 [INFO] 图像最小值: 0
2026-07-31 10:58:41 [INFO] 开始保存检测结果图像: 图像尺寸=(2160, 3840, 3), 类型=uint8, 路径=C:\code\show\Scrap_Steel_In_Field\photos\dangerous_det\detection_20260731_105841.jpg
2026-07-31 10:58:41 [INFO] 成功保存检测结果到: C:\code\show\Scrap_Steel_In_Field\photos\dangerous_det\detection_20260731_105841.jpg
2026-07-31 10:58:41 [INFO] 保存的检测结果文件大小: 2247225 字节
2026-07-31 10:58:41 [INFO] 引擎上下文已释放
2026-07-31 10:58:41 [INFO] TensorRT 引擎已释放
2026-07-31 10:58:41 [INFO] 全局 CUDA 资源已释放
2026-07-31 10:58:41 [INFO] 检测系统资源已释放
2026-07-31 10:58:47 [INFO] CUDA 初始化成功
2026-07-31 10:58:47 [INFO] 引擎加载成功: dangerous.engine
2026-07-31 10:58:47 [INFO] 检测系统初始化成功
2026-07-31 10:58:47 [INFO] 图像预处理完成，原始尺寸: (2160, 3840)
2026-07-31 10:58:47 [INFO] 开始执行目标检测...
2026-07-31 10:58:47 [INFO] 检测完成，找到 3 个物体
2026-07-31 10:58:47 [INFO] 物体 1: GasCyl1 (置信度: 0.67)
2026-07-31 10:58:47 [INFO] 物体 2: FireExt1 (置信度: 0.46)
2026-07-31 10:58:47 [INFO] 物体 3: FireExt1 (置信度: 0.45)
2026-07-31 10:58:47 [INFO] 检测到车兜区域，将过滤区域外的目标
2026-07-31 10:58:47 [INFO] 准备保存检测结果到: C:\code\show\Scrap_Steel_In_Field\photos\dangerous_det\detection_20260731_105847.jpg
2026-07-31 10:58:47 [INFO] 图像形状: (2160, 3840, 3)
2026-07-31 10:58:47 [INFO] 图像数据类型: uint8
2026-07-31 10:58:47 [INFO] 图像最大值: 255
2026-07-31 10:58:47 [INFO] 图像最小值: 0
2026-07-31 10:58:47 [INFO] 开始保存检测结果图像: 图像尺寸=(2160, 3840, 3), 类型=uint8, 路径=C:\code\show\Scrap_Steel_In_Field\photos\dangerous_det\detection_20260731_105847.jpg
2026-07-31 10:58:47 [INFO] 成功保存检测结果到: C:\code\show\Scrap_Steel_In_Field\photos\dangerous_det\detection_20260731_105847.jpg
2026-07-31 10:58:47 [INFO] 保存的检测结果文件大小: 2247500 字节
2026-07-31 10:58:47 [INFO] 引擎上下文已释放
2026-07-31 10:58:47 [INFO] TensorRT 引擎已释放
2026-07-31 10:58:47 [INFO] 全局 CUDA 资源已释放
2026-07-31 10:58:47 [INFO] 检测系统资源已释放
2026-07-31 10:58:52 [INFO] CUDA 初始化成功
2026-07-31 10:58:52 [INFO] 引擎加载成功: dangerous.engine
2026-07-31 10:58:52 [INFO] 检测系统初始化成功
2026-07-31 10:58:52 [INFO] 图像预处理完成，原始尺寸: (2160, 3840)
2026-07-31 10:58:52 [INFO] 开始执行目标检测...
2026-07-31 10:58:52 [INFO] 检测完成，找到 3 个物体
2026-07-31 10:58:52 [INFO] 物体 1: GasCyl1 (置信度: 0.64)
2026-07-31 10:58:52 [INFO] 物体 2: FireExt1 (置信度: 0.45)
2026-07-31 10:58:52 [INFO] 物体 3: FireExt1 (置信度: 0.43)
2026-07-31 10:58:52 [INFO] 检测到车兜区域，将过滤区域外的目标
2026-07-31 10:58:52 [INFO] 准备保存检测结果到: C:\code\show\Scrap_Steel_In_Field\photos\dangerous_det\detection_20260731_105852.jpg
2026-07-31 10:58:52 [INFO] 图像形状: (2160, 3840, 3)
2026-07-31 10:58:52 [INFO] 图像数据类型: uint8
2026-07-31 10:58:52 [INFO] 图像最大值: 255
2026-07-31 10:58:52 [INFO] 图像最小值: 0
2026-07-31 10:58:52 [INFO] 开始保存检测结果图像: 图像尺寸=(2160, 3840, 3), 类型=uint8, 路径=C:\code\show\Scrap_Steel_In_Field\photos\dangerous_det\detection_20260731_105852.jpg
2026-07-31 10:58:52 [INFO] 成功保存检测结果到: C:\code\show\Scrap_Steel_In_Field\photos\dangerous_det\detection_20260731_105852.jpg
2026-07-31 10:58:52 [INFO] 保存的检测结果文件大小: 2246113 字节
2026-07-31 10:58:52 [INFO] 引擎上下文已释放
2026-07-31 10:58:52 [INFO] TensorRT 引擎已释放
2026-07-31 10:58:52 [INFO] 全局 CUDA 资源已释放
2026-07-31 10:58:52 [INFO] 检测系统资源已释放
2026-07-31 10:58:57 [INFO] CUDA 初始化成功
2026-07-31 10:58:57 [INFO] 引擎加载成功: dangerous.engine
2026-07-31 10:58:57 [INFO] 检测系统初始化成功
2026-07-31 10:58:57 [INFO] 图像预处理完成，原始尺寸: (2160, 3840)
2026-07-31 10:58:57 [INFO] 开始执行目标检测...
2026-07-31 10:58:57 [INFO] 检测完成，找到 3 个物体
2026-07-31 10:58:57 [INFO] 物体 1: GasCyl1 (置信度: 0.71)
2026-07-31 10:58:57 [INFO] 物体 2: FireExt1 (置信度: 0.47)
2026-07-31 10:58:57 [INFO] 物体 3: FireExt1 (置信度: 0.40)
2026-07-31 10:58:57 [INFO] 检测到车兜区域，将过滤区域外的目标
2026-07-31 10:58:57 [INFO] 准备保存检测结果到: C:\code\show\Scrap_Steel_In_Field\photos\dangerous_det\detection_20260731_105857.jpg
2026-07-31 10:58:57 [INFO] 图像形状: (2160, 3840, 3)
2026-07-31 10:58:57 [INFO] 图像数据类型: uint8
2026-07-31 10:58:57 [INFO] 图像最大值: 255
2026-07-31 10:58:57 [INFO] 图像最小值: 0
2026-07-31 10:58:57 [INFO] 开始保存检测结果图像: 图像尺寸=(2160, 3840, 3), 类型=uint8, 路径=C:\code\show\Scrap_Steel_In_Field\photos\dangerous_det\detection_20260731_105857.jpg
2026-07-31 10:58:57 [INFO] 成功保存检测结果到: C:\code\show\Scrap_Steel_In_Field\photos\dangerous_det\detection_20260731_105857.jpg
2026-07-31 10:58:57 [INFO] 保存的检测结果文件大小: 2246551 字节
2026-07-31 10:58:57 [INFO] 引擎上下文已释放
2026-07-31 10:58:57 [INFO] TensorRT 引擎已释放
2026-07-31 10:58:57 [INFO] 全局 CUDA 资源已释放
2026-07-31 10:58:57 [INFO] 检测系统资源已释放
2026-07-31 10:59:03 [INFO] CUDA 初始化成功
2026-07-31 10:59:03 [INFO] 引擎加载成功: dangerous.engine
2026-07-31 10:59:03 [INFO] 检测系统初始化成功
2026-07-31 10:59:03 [INFO] 图像预处理完成，原始尺寸: (2160, 3840)
2026-07-31 10:59:03 [INFO] 开始执行目标检测...
2026-07-31 10:59:03 [INFO] 检测完成，找到 3 个物体
2026-07-31 10:59:03 [INFO] 物体 1: GasCyl1 (置信度: 0.69)
2026-07-31 10:59:03 [INFO] 物体 2: FireExt1 (置信度: 0.47)
2026-07-31 10:59:03 [INFO] 物体 3: FireExt1 (置信度: 0.44)
2026-07-31 10:59:03 [INFO] 检测到车兜区域，将过滤区域外的目标
2026-07-31 10:59:03 [INFO] 准备保存检测结果到: C:\code\show\Scrap_Steel_In_Field\photos\dangerous_det\detection_20260731_105903.jpg
2026-07-31 10:59:03 [INFO] 图像形状: (2160, 3840, 3)
2026-07-31 10:59:03 [INFO] 图像数据类型: uint8
2026-07-31 10:59:03 [INFO] 图像最大值: 255
2026-07-31 10:59:03 [INFO] 图像最小值: 0
2026-07-31 10:59:03 [INFO] 开始保存检测结果图像: 图像尺寸=(2160, 3840, 3), 类型=uint8, 路径=C:\code\show\Scrap_Steel_In_Field\photos\dangerous_det\detection_20260731_105903.jpg
2026-07-31 10:59:03 [INFO] 成功保存检测结果到: C:\code\show\Scrap_Steel_In_Field\photos\dangerous_det\detection_20260731_105903.jpg
2026-07-31 10:59:03 [INFO] 保存的检测结果文件大小: 2249962 字节
2026-07-31 10:59:03 [INFO] 引擎上下文已释放
2026-07-31 10:59:03 [INFO] TensorRT 引擎已释放
2026-07-31 10:59:03 [INFO] 全局 CUDA 资源已释放
2026-07-31 10:59:03 [INFO] 检测系统资源已释放
2026-07-31 10:59:07 [INFO] CUDA 初始化成功
2026-07-31 10:59:07 [INFO] 引擎加载成功: dangerous.engine
2026-07-31 10:59:07 [INFO] 检测系统初始化成功
2026-07-31 10:59:07 [INFO] 图像预处理完成，原始尺寸: (2160, 3840)
2026-07-31 10:59:07 [INFO] 开始执行目标检测...
2026-07-31 10:59:07 [INFO] 检测完成，找到 3 个物体
2026-07-31 10:59:07 [INFO] 物体 1: GasCyl1 (置信度: 0.72)
2026-07-31 10:59:07 [INFO] 物体 2: FireExt1 (置信度: 0.47)
2026-07-31 10:59:07 [INFO] 物体 3: FireExt1 (置信度: 0.47)
2026-07-31 10:59:07 [INFO] 检测到车兜区域，将过滤区域外的目标
2026-07-31 10:59:07 [INFO] 准备保存检测结果到: C:\code\show\Scrap_Steel_In_Field\photos\dangerous_det\detection_20260731_105907.jpg
2026-07-31 10:59:07 [INFO] 图像形状: (2160, 3840, 3)
2026-07-31 10:59:07 [INFO] 图像数据类型: uint8
2026-07-31 10:59:07 [INFO] 图像最大值: 255
2026-07-31 10:59:07 [INFO] 图像最小值: 0
2026-07-31 10:59:07 [INFO] 开始保存检测结果图像: 图像尺寸=(2160, 3840, 3), 类型=uint8, 路径=C:\code\show\Scrap_Steel_In_Field\photos\dangerous_det\detection_20260731_105907.jpg
2026-07-31 10:59:08 [INFO] 成功保存检测结果到: C:\code\show\Scrap_Steel_In_Field\photos\dangerous_det\detection_20260731_105907.jpg
2026-07-31 10:59:08 [INFO] 保存的检测结果文件大小: 2245003 字节
2026-07-31 10:59:08 [INFO] 引擎上下文已释放
2026-07-31 10:59:08 [INFO] TensorRT 引擎已释放
2026-07-31 10:59:08 [INFO] 全局 CUDA 资源已释放
2026-07-31 10:59:08 [INFO] 检测系统资源已释放
2026-07-31 10:59:12 [INFO] CUDA 初始化成功
2026-07-31 10:59:13 [INFO] 引擎加载成功: dangerous.engine
2026-07-31 10:59:13 [INFO] 检测系统初始化成功
2026-07-31 10:59:13 [INFO] 图像预处理完成，原始尺寸: (2160, 3840)
2026-07-31 10:59:13 [INFO] 开始执行目标检测...
2026-07-31 10:59:13 [INFO] 检测完成，找到 3 个物体
2026-07-31 10:59:13 [INFO] 物体 1: GasCyl1 (置信度: 0.69)
2026-07-31 10:59:13 [INFO] 物体 2: FireExt1 (置信度: 0.45)
2026-07-31 10:59:13 [INFO] 物体 3: FireExt1 (置信度: 0.42)
2026-07-31 10:59:13 [INFO] 检测到车兜区域，将过滤区域外的目标
2026-07-31 10:59:13 [INFO] 准备保存检测结果到: C:\code\show\Scrap_Steel_In_Field\photos\dangerous_det\detection_20260731_105913.jpg
2026-07-31 10:59:13 [INFO] 图像形状: (2160, 3840, 3)
2026-07-31 10:59:13 [INFO] 图像数据类型: uint8
2026-07-31 10:59:13 [INFO] 图像最大值: 255
2026-07-31 10:59:13 [INFO] 图像最小值: 0
2026-07-31 10:59:13 [INFO] 开始保存检测结果图像: 图像尺寸=(2160, 3840, 3), 类型=uint8, 路径=C:\code\show\Scrap_Steel_In_Field\photos\dangerous_det\detection_20260731_105913.jpg
2026-07-31 10:59:13 [INFO] 成功保存检测结果到: C:\code\show\Scrap_Steel_In_Field\photos\dangerous_det\detection_20260731_105913.jpg
2026-07-31 10:59:13 [INFO] 保存的检测结果文件大小: 2243909 字节
2026-07-31 10:59:13 [INFO] 引擎上下文已释放
2026-07-31 10:59:13 [INFO] TensorRT 引擎已释放
2026-07-31 10:59:13 [INFO] 全局 CUDA 资源已释放
2026-07-31 10:59:13 [INFO] 检测系统资源已释放
2026-07-31 10:59:18 [INFO] CUDA 初始化成功
2026-07-31 10:59:18 [INFO] 引擎加载成功: dangerous.engine
2026-07-31 10:59:18 [INFO] 检测系统初始化成功
2026-07-31 10:59:18 [INFO] 图像预处理完成，原始尺寸: (2160, 3840)
2026-07-31 10:59:18 [INFO] 开始执行目标检测...
2026-07-31 10:59:18 [INFO] 检测完成，找到 3 个物体
2026-07-31 10:59:18 [INFO] 物体 1: GasCyl1 (置信度: 0.72)
2026-07-31 10:59:18 [INFO] 物体 2: FireExt1 (置信度: 0.44)
2026-07-31 10:59:18 [INFO] 物体 3: FireExt1 (置信度: 0.40)
2026-07-31 10:59:18 [INFO] 检测到车兜区域，将过滤区域外的目标
2026-07-31 10:59:18 [INFO] 准备保存检测结果到: C:\code\show\Scrap_Steel_In_Field\photos\dangerous_det\detection_20260731_105918.jpg
2026-07-31 10:59:18 [INFO] 图像形状: (2160, 3840, 3)
2026-07-31 10:59:18 [INFO] 图像数据类型: uint8
2026-07-31 10:59:18 [INFO] 图像最大值: 255
2026-07-31 10:59:18 [INFO] 图像最小值: 0
2026-07-31 10:59:18 [INFO] 开始保存检测结果图像: 图像尺寸=(2160, 3840, 3), 类型=uint8, 路径=C:\code\show\Scrap_Steel_In_Field\photos\dangerous_det\detection_20260731_105918.jpg
2026-07-31 10:59:18 [INFO] 成功保存检测结果到: C:\code\show\Scrap_Steel_In_Field\photos\dangerous_det\detection_20260731_105918.jpg
2026-07-31 10:59:18 [INFO] 保存的检测结果文件大小: 2246259 字节
2026-07-31 10:59:18 [INFO] 引擎上下文已释放
2026-07-31 10:59:18 [INFO] TensorRT 引擎已释放
2026-07-31 10:59:18 [INFO] 全局 CUDA 资源已释放
2026-07-31 10:59:18 [INFO] 检测系统资源已释放
2026-07-31 10:59:23 [INFO] CUDA 初始化成功
2026-07-31 10:59:23 [INFO] 引擎加载成功: dangerous.engine
2026-07-31 10:59:23 [INFO] 检测系统初始化成功
2026-07-31 10:59:23 [INFO] 图像预处理完成，原始尺寸: (2160, 3840)
2026-07-31 10:59:23 [INFO] 开始执行目标检测...
2026-07-31 10:59:23 [INFO] 检测完成，找到 3 个物体
2026-07-31 10:59:23 [INFO] 物体 1: GasCyl1 (置信度: 0.62)
2026-07-31 10:59:23 [INFO] 物体 2: FireExt1 (置信度: 0.45)
2026-07-31 10:59:23 [INFO] 物体 3: FireExt1 (置信度: 0.43)
2026-07-31 10:59:23 [INFO] 检测到车兜区域，将过滤区域外的目标
2026-07-31 10:59:23 [INFO] 准备保存检测结果到: C:\code\show\Scrap_Steel_In_Field\photos\dangerous_det\detection_20260731_105923.jpg
2026-07-31 10:59:23 [INFO] 图像形状: (2160, 3840, 3)
2026-07-31 10:59:23 [INFO] 图像数据类型: uint8
2026-07-31 10:59:23 [INFO] 图像最大值: 255
2026-07-31 10:59:23 [INFO] 图像最小值: 0
2026-07-31 10:59:23 [INFO] 开始保存检测结果图像: 图像尺寸=(2160, 3840, 3), 类型=uint8, 路径=C:\code\show\Scrap_Steel_In_Field\photos\dangerous_det\detection_20260731_105923.jpg
2026-07-31 10:59:23 [INFO] 成功保存检测结果到: C:\code\show\Scrap_Steel_In_Field\photos\dangerous_det\detection_20260731_105923.jpg
2026-07-31 10:59:23 [INFO] 保存的检测结果文件大小: 2249234 字节
2026-07-31 10:59:23 [INFO] 引擎上下文已释放
2026-07-31 10:59:23 [INFO] TensorRT 引擎已释放
2026-07-31 10:59:23 [INFO] 全局 CUDA 资源已释放
2026-07-31 10:59:23 [INFO] 检测系统资源已释放
2026-07-31 10:59:28 [INFO] CUDA 初始化成功
2026-07-31 10:59:29 [INFO] 引擎加载成功: dangerous.engine
2026-07-31 10:59:29 [INFO] 检测系统初始化成功
2026-07-31 10:59:29 [INFO] 图像预处理完成，原始尺寸: (2160, 3840)
2026-07-31 10:59:29 [INFO] 开始执行目标检测...
2026-07-31 10:59:29 [INFO] 检测完成，找到 3 个物体
2026-07-31 10:59:29 [INFO] 物体 1: GasCyl1 (置信度: 0.68)
2026-07-31 10:59:29 [INFO] 物体 2: FireExt1 (置信度: 0.47)
2026-07-31 10:59:29 [INFO] 物体 3: FireExt1 (置信度: 0.44)
2026-07-31 10:59:29 [INFO] 检测到车兜区域，将过滤区域外的目标
2026-07-31 10:59:29 [INFO] 准备保存检测结果到: C:\code\show\Scrap_Steel_In_Field\photos\dangerous_det\detection_20260731_105929.jpg
2026-07-31 10:59:29 [INFO] 图像形状: (2160, 3840, 3)
2026-07-31 10:59:29 [INFO] 图像数据类型: uint8
2026-07-31 10:59:29 [INFO] 图像最大值: 255
2026-07-31 10:59:29 [INFO] 图像最小值: 0
2026-07-31 10:59:29 [INFO] 开始保存检测结果图像: 图像尺寸=(2160, 3840, 3), 类型=uint8, 路径=C:\code\show\Scrap_Steel_In_Field\photos\dangerous_det\detection_20260731_105929.jpg
2026-07-31 10:59:29 [INFO] 成功保存检测结果到: C:\code\show\Scrap_Steel_In_Field\photos\dangerous_det\detection_20260731_105929.jpg
2026-07-31 10:59:29 [INFO] 保存的检测结果文件大小: 2246243 字节
2026-07-31 10:59:29 [INFO] 引擎上下文已释放
2026-07-31 10:59:29 [INFO] TensorRT 引擎已释放
2026-07-31 10:59:29 [INFO] 全局 CUDA 资源已释放
2026-07-31 10:59:29 [INFO] 检测系统资源已释放
2026-07-31 10:59:34 [INFO] CUDA 初始化成功
2026-07-31 10:59:34 [INFO] 引擎加载成功: dangerous.engine
2026-07-31 10:59:34 [INFO] 检测系统初始化成功
2026-07-31 10:59:34 [INFO] 图像预处理完成，原始尺寸: (2160, 3840)
2026-07-31 10:59:34 [INFO] 开始执行目标检测...
2026-07-31 10:59:34 [INFO] 检测完成，找到 3 个物体
2026-07-31 10:59:34 [INFO] 物体 1: GasCyl1 (置信度: 0.68)
2026-07-31 10:59:34 [INFO] 物体 2: FireExt1 (置信度: 0.45)
2026-07-31 10:59:34 [INFO] 物体 3: FireExt1 (置信度: 0.44)
2026-07-31 10:59:34 [INFO] 检测到车兜区域，将过滤区域外的目标
2026-07-31 10:59:34 [INFO] 准备保存检测结果到: C:\code\show\Scrap_Steel_In_Field\photos\dangerous_det\detection_20260731_105934.jpg
2026-07-31 10:59:34 [INFO] 图像形状: (2160, 3840, 3)
2026-07-31 10:59:34 [INFO] 图像数据类型: uint8
2026-07-31 10:59:34 [INFO] 图像最大值: 255
2026-07-31 10:59:34 [INFO] 图像最小值: 0
2026-07-31 10:59:34 [INFO] 开始保存检测结果图像: 图像尺寸=(2160, 3840, 3), 类型=uint8, 路径=C:\code\show\Scrap_Steel_In_Field\photos\dangerous_det\detection_20260731_105934.jpg
2026-07-31 10:59:34 [INFO] 成功保存检测结果到: C:\code\show\Scrap_Steel_In_Field\photos\dangerous_det\detection_20260731_105934.jpg
2026-07-31 10:59:34 [INFO] 保存的检测结果文件大小: 2249800 字节
2026-07-31 10:59:34 [INFO] 引擎上下文已释放
2026-07-31 10:59:34 [INFO] TensorRT 引擎已释放
2026-07-31 10:59:34 [INFO] 全局 CUDA 资源已释放
2026-07-31 10:59:34 [INFO] 检测系统资源已释放
2026-07-31 10:59:39 [INFO] CUDA 初始化成功
2026-07-31 10:59:39 [INFO] 引擎加载成功: dangerous.engine
2026-07-31 10:59:39 [INFO] 检测系统初始化成功
2026-07-31 10:59:39 [INFO] 图像预处理完成，原始尺寸: (2160, 3840)
2026-07-31 10:59:39 [INFO] 开始执行目标检测...
2026-07-31 10:59:39 [INFO] 检测完成，找到 3 个物体
2026-07-31 10:59:39 [INFO] 物体 1: GasCyl1 (置信度: 0.66)
2026-07-31 10:59:39 [INFO] 物体 2: FireExt1 (置信度: 0.44)
2026-07-31 10:59:39 [INFO] 物体 3: FireExt1 (置信度: 0.43)
2026-07-31 10:59:39 [INFO] 检测到车兜区域，将过滤区域外的目标
2026-07-31 10:59:39 [INFO] 准备保存检测结果到: C:\code\show\Scrap_Steel_In_Field\photos\dangerous_det\detection_20260731_105939.jpg
2026-07-31 10:59:39 [INFO] 图像形状: (2160, 3840, 3)
2026-07-31 10:59:39 [INFO] 图像数据类型: uint8
2026-07-31 10:59:39 [INFO] 图像最大值: 255
2026-07-31 10:59:39 [INFO] 图像最小值: 0
2026-07-31 10:59:39 [INFO] 开始保存检测结果图像: 图像尺寸=(2160, 3840, 3), 类型=uint8, 路径=C:\code\show\Scrap_Steel_In_Field\photos\dangerous_det\detection_20260731_105939.jpg
2026-07-31 10:59:39 [INFO] 成功保存检测结果到: C:\code\show\Scrap_Steel_In_Field\photos\dangerous_det\detection_20260731_105939.jpg
2026-07-31 10:59:39 [INFO] 保存的检测结果文件大小: 2248757 字节
2026-07-31 10:59:39 [INFO] 引擎上下文已释放
2026-07-31 10:59:39 [INFO] TensorRT 引擎已释放
2026-07-31 10:59:39 [INFO] 全局 CUDA 资源已释放
2026-07-31 10:59:39 [INFO] 检测系统资源已释放
2026-07-31 10:59:44 [INFO] CUDA 初始化成功
2026-07-31 10:59:44 [INFO] 引擎加载成功: dangerous.engine
2026-07-31 10:59:44 [INFO] 检测系统初始化成功
2026-07-31 10:59:44 [INFO] 图像预处理完成，原始尺寸: (2160, 3840)
2026-07-31 10:59:44 [INFO] 开始执行目标检测...
2026-07-31 10:59:44 [INFO] 检测完成，找到 3 个物体
2026-07-31 10:59:44 [INFO] 物体 1: GasCyl1 (置信度: 0.71)
2026-07-31 10:59:44 [INFO] 物体 2: FireExt1 (置信度: 0.45)
2026-07-31 10:59:44 [INFO] 物体 3: FireExt1 (置信度: 0.43)
2026-07-31 10:59:45 [INFO] 检测到车兜区域，将过滤区域外的目标
2026-07-31 10:59:45 [INFO] 准备保存检测结果到: C:\code\show\Scrap_Steel_In_Field\photos\dangerous_det\detection_20260731_105945.jpg
2026-07-31 10:59:45 [INFO] 图像形状: (2160, 3840, 3)
2026-07-31 10:59:45 [INFO] 图像数据类型: uint8
2026-07-31 10:59:45 [INFO] 图像最大值: 255
2026-07-31 10:59:45 [INFO] 图像最小值: 0
2026-07-31 10:59:45 [INFO] 开始保存检测结果图像: 图像尺寸=(2160, 3840, 3), 类型=uint8, 路径=C:\code\show\Scrap_Steel_In_Field\photos\dangerous_det\detection_20260731_105945.jpg
2026-07-31 10:59:45 [INFO] 成功保存检测结果到: C:\code\show\Scrap_Steel_In_Field\photos\dangerous_det\detection_20260731_105945.jpg
2026-07-31 10:59:45 [INFO] 保存的检测结果文件大小: 2251061 字节
2026-07-31 10:59:45 [INFO] 引擎上下文已释放
2026-07-31 10:59:45 [INFO] TensorRT 引擎已释放
2026-07-31 10:59:45 [INFO] 全局 CUDA 资源已释放
2026-07-31 10:59:45 [INFO] 检测系统资源已释放
2026-07-31 10:59:49 [INFO] CUDA 初始化成功
2026-07-31 10:59:50 [INFO] 引擎加载成功: dangerous.engine
2026-07-31 10:59:50 [INFO] 检测系统初始化成功
2026-07-31 10:59:50 [INFO] 图像预处理完成，原始尺寸: (2160, 3840)
2026-07-31 10:59:50 [INFO] 开始执行目标检测...
2026-07-31 10:59:50 [INFO] 检测完成，找到 3 个物体
2026-07-31 10:59:50 [INFO] 物体 1: GasCyl1 (置信度: 0.68)
2026-07-31 10:59:50 [INFO] 物体 2: FireExt1 (置信度: 0.46)
2026-07-31 10:59:50 [INFO] 物体 3: FireExt1 (置信度: 0.43)
2026-07-31 10:59:50 [INFO] 检测到车兜区域，将过滤区域外的目标
2026-07-31 10:59:50 [INFO] 准备保存检测结果到: C:\code\show\Scrap_Steel_In_Field\photos\dangerous_det\detection_20260731_105950.jpg
2026-07-31 10:59:50 [INFO] 图像形状: (2160, 3840, 3)
2026-07-31 10:59:50 [INFO] 图像数据类型: uint8
2026-07-31 10:59:50 [INFO] 图像最大值: 255
2026-07-31 10:59:50 [INFO] 图像最小值: 0
2026-07-31 10:59:50 [INFO] 开始保存检测结果图像: 图像尺寸=(2160, 3840, 3), 类型=uint8, 路径=C:\code\show\Scrap_Steel_In_Field\photos\dangerous_det\detection_20260731_105950.jpg
2026-07-31 10:59:50 [INFO] 成功保存检测结果到: C:\code\show\Scrap_Steel_In_Field\photos\dangerous_det\detection_20260731_105950.jpg
2026-07-31 10:59:50 [INFO] 保存的检测结果文件大小: 2250957 字节
2026-07-31 10:59:50 [INFO] 引擎上下文已释放
2026-07-31 10:59:50 [INFO] TensorRT 引擎已释放
2026-07-31 10:59:50 [INFO] 全局 CUDA 资源已释放
2026-07-31 10:59:50 [INFO] 检测系统资源已释放
2026-07-31 10:59:55 [INFO] CUDA 初始化成功
2026-07-31 10:59:55 [INFO] 引擎加载成功: dangerous.engine
2026-07-31 10:59:55 [INFO] 检测系统初始化成功
2026-07-31 10:59:55 [INFO] 图像预处理完成，原始尺寸: (2160, 3840)
2026-07-31 10:59:55 [INFO] 开始执行目标检测...
2026-07-31 10:59:55 [INFO] 检测完成，找到 3 个物体
2026-07-31 10:59:55 [INFO] 物体 1: GasCyl1 (置信度: 0.70)
2026-07-31 10:59:55 [INFO] 物体 2: FireExt1 (置信度: 0.45)
2026-07-31 10:59:55 [INFO] 物体 3: FireExt1 (置信度: 0.44)
2026-07-31 10:59:55 [INFO] 检测到车兜区域，将过滤区域外的目标
2026-07-31 10:59:55 [INFO] 准备保存检测结果到: C:\code\show\Scrap_Steel_In_Field\photos\dangerous_det\detection_20260731_105955.jpg
2026-07-31 10:59:55 [INFO] 图像形状: (2160, 3840, 3)
2026-07-31 10:59:55 [INFO] 图像数据类型: uint8
2026-07-31 10:59:55 [INFO] 图像最大值: 255
2026-07-31 10:59:55 [INFO] 图像最小值: 0
2026-07-31 10:59:55 [INFO] 开始保存检测结果图像: 图像尺寸=(2160, 3840, 3), 类型=uint8, 路径=C:\code\show\Scrap_Steel_In_Field\photos\dangerous_det\detection_20260731_105955.jpg
2026-07-31 10:59:55 [INFO] 成功保存检测结果到: C:\code\show\Scrap_Steel_In_Field\photos\dangerous_det\detection_20260731_105955.jpg
2026-07-31 10:59:55 [INFO] 保存的检测结果文件大小: 2251082 字节
2026-07-31 10:59:55 [INFO] 引擎上下文已释放
2026-07-31 10:59:55 [INFO] TensorRT 引擎已释放
2026-07-31 10:59:55 [INFO] 全局 CUDA 资源已释放
2026-07-31 10:59:55 [INFO] 检测系统资源已释放
2026-07-31 11:00:00 [INFO] CUDA 初始化成功
2026-07-31 11:00:00 [INFO] 引擎加载成功: dangerous.engine
2026-07-31 11:00:00 [INFO] 检测系统初始化成功
2026-07-31 11:00:00 [INFO] 图像预处理完成，原始尺寸: (2160, 3840)
2026-07-31 11:00:00 [INFO] 开始执行目标检测...
2026-07-31 11:00:00 [INFO] 检测完成，找到 3 个物体
2026-07-31 11:00:00 [INFO] 物体 1: GasCyl1 (置信度: 0.72)
2026-07-31 11:00:00 [INFO] 物体 2: FireExt1 (置信度: 0.45)
2026-07-31 11:00:00 [INFO] 物体 3: FireExt1 (置信度: 0.43)
2026-07-31 11:00:00 [INFO] 检测到车兜区域，将过滤区域外的目标
2026-07-31 11:00:00 [INFO] 准备保存检测结果到: C:\code\show\Scrap_Steel_In_Field\photos\dangerous_det\detection_20260731_110000.jpg
2026-07-31 11:00:00 [INFO] 图像形状: (2160, 3840, 3)
2026-07-31 11:00:00 [INFO] 图像数据类型: uint8
2026-07-31 11:00:00 [INFO] 图像最大值: 255
2026-07-31 11:00:00 [INFO] 图像最小值: 0
2026-07-31 11:00:00 [INFO] 开始保存检测结果图像: 图像尺寸=(2160, 3840, 3), 类型=uint8, 路径=C:\code\show\Scrap_Steel_In_Field\photos\dangerous_det\detection_20260731_110000.jpg
2026-07-31 11:00:00 [INFO] 成功保存检测结果到: C:\code\show\Scrap_Steel_In_Field\photos\dangerous_det\detection_20260731_110000.jpg
2026-07-31 11:00:00 [INFO] 保存的检测结果文件大小: 2244890 字节
2026-07-31 11:00:00 [INFO] 引擎上下文已释放
2026-07-31 11:00:00 [INFO] TensorRT 引擎已释放
2026-07-31 11:00:00 [INFO] 全局 CUDA 资源已释放
2026-07-31 11:00:00 [INFO] 检测系统资源已释放
2026-07-31 11:00:05 [INFO] CUDA 初始化成功
2026-07-31 11:00:05 [INFO] 引擎加载成功: dangerous.engine
2026-07-31 11:00:05 [INFO] 检测系统初始化成功
2026-07-31 11:00:05 [INFO] 图像预处理完成，原始尺寸: (2160, 3840)
2026-07-31 11:00:05 [INFO] 开始执行目标检测...
2026-07-31 11:00:05 [INFO] 检测完成，找到 3 个物体
2026-07-31 11:00:05 [INFO] 物体 1: GasCyl1 (置信度: 0.60)
2026-07-31 11:00:05 [INFO] 物体 2: FireExt1 (置信度: 0.46)
2026-07-31 11:00:05 [INFO] 物体 3: FireExt1 (置信度: 0.46)
2026-07-31 11:00:05 [INFO] 检测到车兜区域，将过滤区域外的目标
2026-07-31 11:00:05 [INFO] 准备保存检测结果到: C:\code\show\Scrap_Steel_In_Field\photos\dangerous_det\detection_20260731_110005.jpg
2026-07-31 11:00:05 [INFO] 图像形状: (2160, 3840, 3)
2026-07-31 11:00:05 [INFO] 图像数据类型: uint8
2026-07-31 11:00:05 [INFO] 图像最大值: 255
2026-07-31 11:00:05 [INFO] 图像最小值: 0
2026-07-31 11:00:05 [INFO] 开始保存检测结果图像: 图像尺寸=(2160, 3840, 3), 类型=uint8, 路径=C:\code\show\Scrap_Steel_In_Field\photos\dangerous_det\detection_20260731_110005.jpg
2026-07-31 11:00:05 [INFO] 成功保存检测结果到: C:\code\show\Scrap_Steel_In_Field\photos\dangerous_det\detection_20260731_110005.jpg
2026-07-31 11:00:05 [INFO] 保存的检测结果文件大小: 2252124 字节
2026-07-31 11:00:05 [INFO] 引擎上下文已释放
2026-07-31 11:00:05 [INFO] TensorRT 引擎已释放
2026-07-31 11:00:05 [INFO] 全局 CUDA 资源已释放
2026-07-31 11:00:05 [INFO] 检测系统资源已释放
2026-07-31 11:00:10 [INFO] CUDA 初始化成功
2026-07-31 11:00:10 [INFO] 引擎加载成功: dangerous.engine
2026-07-31 11:00:10 [INFO] 检测系统初始化成功
2026-07-31 11:00:10 [INFO] 图像预处理完成，原始尺寸: (2160, 3840)
2026-07-31 11:00:10 [INFO] 开始执行目标检测...
2026-07-31 11:00:10 [INFO] 检测完成，找到 3 个物体
2026-07-31 11:00:10 [INFO] 物体 1: GasCyl1 (置信度: 0.68)
2026-07-31 11:00:10 [INFO] 物体 2: FireExt1 (置信度: 0.45)
2026-07-31 11:00:10 [INFO] 物体 3: FireExt1 (置信度: 0.43)
2026-07-31 11:00:10 [INFO] 检测到车兜区域，将过滤区域外的目标
2026-07-31 11:00:10 [INFO] 准备保存检测结果到: C:\code\show\Scrap_Steel_In_Field\photos\dangerous_det\detection_20260731_110010.jpg
2026-07-31 11:00:10 [INFO] 图像形状: (2160, 3840, 3)
2026-07-31 11:00:10 [INFO] 图像数据类型: uint8
2026-07-31 11:00:10 [INFO] 图像最大值: 255
2026-07-31 11:00:10 [INFO] 图像最小值: 0
2026-07-31 11:00:10 [INFO] 开始保存检测结果图像: 图像尺寸=(2160, 3840, 3), 类型=uint8, 路径=C:\code\show\Scrap_Steel_In_Field\photos\dangerous_det\detection_20260731_110010.jpg
2026-07-31 11:00:11 [INFO] 成功保存检测结果到: C:\code\show\Scrap_Steel_In_Field\photos\dangerous_det\detection_20260731_110010.jpg
2026-07-31 11:00:11 [INFO] 保存的检测结果文件大小: 2251852 字节
2026-07-31 11:00:11 [INFO] 引擎上下文已释放
2026-07-31 11:00:11 [INFO] TensorRT 引擎已释放
2026-07-31 11:00:11 [INFO] 全局 CUDA 资源已释放
2026-07-31 11:00:11 [INFO] 检测系统资源已释放
2026-07-31 11:00:15 [INFO] CUDA 初始化成功
2026-07-31 11:00:16 [INFO] 引擎加载成功: dangerous.engine
2026-07-31 11:00:16 [INFO] 检测系统初始化成功
2026-07-31 11:00:16 [INFO] 图像预处理完成，原始尺寸: (2160, 3840)
2026-07-31 11:00:16 [INFO] 开始执行目标检测...
2026-07-31 11:00:16 [INFO] 检测完成，找到 4 个物体
2026-07-31 11:00:16 [INFO] 物体 1: GasCyl1 (置信度: 0.66)
2026-07-31 11:00:16 [INFO] 物体 2: FireExt1 (置信度: 0.46)
2026-07-31 11:00:16 [INFO] 物体 3: FireExt1 (置信度: 0.45)
2026-07-31 11:00:16 [INFO] 物体 4: FireExt1 (置信度: 0.38)
2026-07-31 11:00:16 [INFO] 检测到车兜区域，将过滤区域外的目标
2026-07-31 11:00:16 [INFO] 准备保存检测结果到: C:\code\show\Scrap_Steel_In_Field\photos\dangerous_det\detection_20260731_110016.jpg
2026-07-31 11:00:16 [INFO] 图像形状: (2160, 3840, 3)
2026-07-31 11:00:16 [INFO] 图像数据类型: uint8
2026-07-31 11:00:16 [INFO] 图像最大值: 255
2026-07-31 11:00:16 [INFO] 图像最小值: 0
2026-07-31 11:00:16 [INFO] 开始保存检测结果图像: 图像尺寸=(2160, 3840, 3), 类型=uint8, 路径=C:\code\show\Scrap_Steel_In_Field\photos\dangerous_det\detection_20260731_110016.jpg
2026-07-31 11:00:16 [INFO] 成功保存检测结果到: C:\code\show\Scrap_Steel_In_Field\photos\dangerous_det\detection_20260731_110016.jpg
2026-07-31 11:00:16 [INFO] 保存的检测结果文件大小: 2258193 字节
2026-07-31 11:00:16 [INFO] 引擎上下文已释放
2026-07-31 11:00:16 [INFO] TensorRT 引擎已释放
2026-07-31 11:00:16 [INFO] 全局 CUDA 资源已释放
2026-07-31 11:00:16 [INFO] 检测系统资源已释放
2026-07-31 11:00:21 [INFO] CUDA 初始化成功
2026-07-31 11:00:21 [INFO] 引擎加载成功: dangerous.engine
2026-07-31 11:00:21 [INFO] 检测系统初始化成功
2026-07-31 11:00:21 [INFO] 图像预处理完成，原始尺寸: (2160, 3840)
2026-07-31 11:00:21 [INFO] 开始执行目标检测...
2026-07-31 11:00:21 [INFO] 检测完成，找到 3 个物体
2026-07-31 11:00:21 [INFO] 物体 1: GasCyl1 (置信度: 0.62)
2026-07-31 11:00:21 [INFO] 物体 2: FireExt1 (置信度: 0.45)
2026-07-31 11:00:21 [INFO] 物体 3: FireExt1 (置信度: 0.45)
2026-07-31 11:00:21 [INFO] 检测到车兜区域，将过滤区域外的目标
2026-07-31 11:00:21 [INFO] 准备保存检测结果到: C:\code\show\Scrap_Steel_In_Field\photos\dangerous_det\detection_20260731_110021.jpg
2026-07-31 11:00:21 [INFO] 图像形状: (2160, 3840, 3)
2026-07-31 11:00:21 [INFO] 图像数据类型: uint8
2026-07-31 11:00:21 [INFO] 图像最大值: 255
2026-07-31 11:00:21 [INFO] 图像最小值: 0
2026-07-31 11:00:21 [INFO] 开始保存检测结果图像: 图像尺寸=(2160, 3840, 3), 类型=uint8, 路径=C:\code\show\Scrap_Steel_In_Field\photos\dangerous_det\detection_20260731_110021.jpg
2026-07-31 11:00:21 [INFO] 成功保存检测结果到: C:\code\show\Scrap_Steel_In_Field\photos\dangerous_det\detection_20260731_110021.jpg
2026-07-31 11:00:21 [INFO] 保存的检测结果文件大小: 2252581 字节
2026-07-31 11:00:21 [INFO] 引擎上下文已释放
2026-07-31 11:00:21 [INFO] TensorRT 引擎已释放
2026-07-31 11:00:21 [INFO] 全局 CUDA 资源已释放
2026-07-31 11:00:21 [INFO] 检测系统资源已释放
2026-07-31 11:00:26 [INFO] CUDA 初始化成功
2026-07-31 11:00:26 [INFO] 引擎加载成功: dangerous.engine
2026-07-31 11:00:26 [INFO] 检测系统初始化成功
2026-07-31 11:00:26 [INFO] 图像预处理完成，原始尺寸: (2160, 3840)
2026-07-31 11:00:26 [INFO] 开始执行目标检测...
2026-07-31 11:00:26 [INFO] 检测完成，找到 3 个物体
2026-07-31 11:00:26 [INFO] 物体 1: GasCyl1 (置信度: 0.70)
2026-07-31 11:00:26 [INFO] 物体 2: FireExt1 (置信度: 0.46)
2026-07-31 11:00:26 [INFO] 物体 3: FireExt1 (置信度: 0.43)
2026-07-31 11:00:26 [INFO] 检测到车兜区域，将过滤区域外的目标
2026-07-31 11:00:26 [INFO] 准备保存检测结果到: C:\code\show\Scrap_Steel_In_Field\photos\dangerous_det\detection_20260731_110026.jpg
2026-07-31 11:00:26 [INFO] 图像形状: (2160, 3840, 3)
2026-07-31 11:00:26 [INFO] 图像数据类型: uint8
2026-07-31 11:00:26 [INFO] 图像最大值: 255
2026-07-31 11:00:26 [INFO] 图像最小值: 0
2026-07-31 11:00:26 [INFO] 开始保存检测结果图像: 图像尺寸=(2160, 3840, 3), 类型=uint8, 路径=C:\code\show\Scrap_Steel_In_Field\photos\dangerous_det\detection_20260731_110026.jpg
2026-07-31 11:00:26 [INFO] 成功保存检测结果到: C:\code\show\Scrap_Steel_In_Field\photos\dangerous_det\detection_20260731_110026.jpg
2026-07-31 11:00:26 [INFO] 保存的检测结果文件大小: 2254152 字节
2026-07-31 11:00:26 [INFO] 引擎上下文已释放
2026-07-31 11:00:26 [INFO] TensorRT 引擎已释放
2026-07-31 11:00:26 [INFO] 全局 CUDA 资源已释放
2026-07-31 11:00:26 [INFO] 检测系统资源已释放
2026-07-31 11:00:31 [INFO] CUDA 初始化成功
2026-07-31 11:00:31 [INFO] 引擎加载成功: dangerous.engine
2026-07-31 11:00:31 [INFO] 检测系统初始化成功
2026-07-31 11:00:31 [INFO] 图像预处理完成，原始尺寸: (2160, 3840)
2026-07-31 11:00:31 [INFO] 开始执行目标检测...
2026-07-31 11:00:31 [INFO] 检测完成，找到 3 个物体
2026-07-31 11:00:31 [INFO] 物体 1: GasCyl1 (置信度: 0.64)
2026-07-31 11:00:31 [INFO] 物体 2: FireExt1 (置信度: 0.45)
2026-07-31 11:00:31 [INFO] 物体 3: FireExt1 (置信度: 0.44)
2026-07-31 11:00:31 [INFO] 检测到车兜区域，将过滤区域外的目标
2026-07-31 11:00:31 [INFO] 准备保存检测结果到: C:\code\show\Scrap_Steel_In_Field\photos\dangerous_det\detection_20260731_110031.jpg
2026-07-31 11:00:31 [INFO] 图像形状: (2160, 3840, 3)
2026-07-31 11:00:31 [INFO] 图像数据类型: uint8
2026-07-31 11:00:31 [INFO] 图像最大值: 255
2026-07-31 11:00:31 [INFO] 图像最小值: 0
2026-07-31 11:00:31 [INFO] 开始保存检测结果图像: 图像尺寸=(2160, 3840, 3), 类型=uint8, 路径=C:\code\show\Scrap_Steel_In_Field\photos\dangerous_det\detection_20260731_110031.jpg
2026-07-31 11:00:31 [INFO] 成功保存检测结果到: C:\code\show\Scrap_Steel_In_Field\photos\dangerous_det\detection_20260731_110031.jpg
2026-07-31 11:00:31 [INFO] 保存的检测结果文件大小: 2252902 字节
2026-07-31 11:00:31 [INFO] 引擎上下文已释放
2026-07-31 11:00:31 [INFO] TensorRT 引擎已释放
2026-07-31 11:00:31 [INFO] 全局 CUDA 资源已释放
2026-07-31 11:00:31 [INFO] 检测系统资源已释放
2026-07-31 11:00:36 [INFO] CUDA 初始化成功
2026-07-31 11:00:37 [INFO] 引擎加载成功: dangerous.engine
2026-07-31 11:00:37 [INFO] 检测系统初始化成功
2026-07-31 11:00:37 [INFO] 图像预处理完成，原始尺寸: (2160, 3840)
2026-07-31 11:00:37 [INFO] 开始执行目标检测...
2026-07-31 11:00:37 [INFO] 检测完成，找到 3 个物体
2026-07-31 11:00:37 [INFO] 物体 1: GasCyl1 (置信度: 0.65)
2026-07-31 11:00:37 [INFO] 物体 2: FireExt1 (置信度: 0.46)
2026-07-31 11:00:37 [INFO] 物体 3: FireExt1 (置信度: 0.44)
2026-07-31 11:00:37 [INFO] 检测到车兜区域，将过滤区域外的目标
2026-07-31 11:00:37 [INFO] 准备保存检测结果到: C:\code\show\Scrap_Steel_In_Field\photos\dangerous_det\detection_20260731_110037.jpg
2026-07-31 11:00:37 [INFO] 图像形状: (2160, 3840, 3)
2026-07-31 11:00:37 [INFO] 图像数据类型: uint8
2026-07-31 11:00:37 [INFO] 图像最大值: 255
2026-07-31 11:00:37 [INFO] 图像最小值: 0
2026-07-31 11:00:37 [INFO] 开始保存检测结果图像: 图像尺寸=(2160, 3840, 3), 类型=uint8, 路径=C:\code\show\Scrap_Steel_In_Field\photos\dangerous_det\detection_20260731_110037.jpg
2026-07-31 11:00:37 [INFO] 成功保存检测结果到: C:\code\show\Scrap_Steel_In_Field\photos\dangerous_det\detection_20260731_110037.jpg
2026-07-31 11:00:37 [INFO] 保存的检测结果文件大小: 2247566 字节
2026-07-31 11:00:37 [INFO] 引擎上下文已释放
2026-07-31 11:00:37 [INFO] TensorRT 引擎已释放
2026-07-31 11:00:37 [INFO] 全局 CUDA 资源已释放
2026-07-31 11:00:37 [INFO] 检测系统资源已释放
2026-07-31 11:00:42 [INFO] CUDA 初始化成功
2026-07-31 11:00:42 [INFO] 引擎加载成功: dangerous.engine
2026-07-31 11:00:42 [INFO] 检测系统初始化成功
2026-07-31 11:00:42 [INFO] 图像预处理完成，原始尺寸: (2160, 3840)
2026-07-31 11:00:42 [INFO] 开始执行目标检测...
2026-07-31 11:00:42 [INFO] 检测完成，找到 3 个物体
2026-07-31 11:00:42 [INFO] 物体 1: GasCyl1 (置信度: 0.63)
2026-07-31 11:00:42 [INFO] 物体 2: FireExt1 (置信度: 0.47)
2026-07-31 11:00:42 [INFO] 物体 3: FireExt1 (置信度: 0.41)
2026-07-31 11:00:42 [INFO] 检测到车兜区域，将过滤区域外的目标
2026-07-31 11:00:42 [INFO] 准备保存检测结果到: C:\code\show\Scrap_Steel_In_Field\photos\dangerous_det\detection_20260731_110042.jpg
2026-07-31 11:00:42 [INFO] 图像形状: (2160, 3840, 3)
2026-07-31 11:00:42 [INFO] 图像数据类型: uint8
2026-07-31 11:00:42 [INFO] 图像最大值: 255
2026-07-31 11:00:42 [INFO] 图像最小值: 0
2026-07-31 11:00:42 [INFO] 开始保存检测结果图像: 图像尺寸=(2160, 3840, 3), 类型=uint8, 路径=C:\code\show\Scrap_Steel_In_Field\photos\dangerous_det\detection_20260731_110042.jpg
2026-07-31 11:00:42 [INFO] 成功保存检测结果到: C:\code\show\Scrap_Steel_In_Field\photos\dangerous_det\detection_20260731_110042.jpg
2026-07-31 11:00:42 [INFO] 保存的检测结果文件大小: 2254683 字节
2026-07-31 11:00:42 [INFO] 引擎上下文已释放
2026-07-31 11:00:42 [INFO] TensorRT 引擎已释放
2026-07-31 11:00:42 [INFO] 全局 CUDA 资源已释放
2026-07-31 11:00:42 [INFO] 检测系统资源已释放
2026-07-31 11:00:47 [INFO] CUDA 初始化成功
2026-07-31 11:00:47 [INFO] 引擎加载成功: dangerous.engine
2026-07-31 11:00:47 [INFO] 检测系统初始化成功
2026-07-31 11:00:47 [INFO] 图像预处理完成，原始尺寸: (2160, 3840)
2026-07-31 11:00:47 [INFO] 开始执行目标检测...
2026-07-31 11:00:47 [INFO] 检测完成，找到 3 个物体
2026-07-31 11:00:47 [INFO] 物体 1: GasCyl1 (置信度: 0.66)
2026-07-31 11:00:47 [INFO] 物体 2: FireExt1 (置信度: 0.47)
2026-07-31 11:00:47 [INFO] 物体 3: FireExt1 (置信度: 0.46)
2026-07-31 11:00:47 [INFO] 检测到车兜区域，将过滤区域外的目标
2026-07-31 11:00:47 [INFO] 准备保存检测结果到: C:\code\show\Scrap_Steel_In_Field\photos\dangerous_det\detection_20260731_110047.jpg
2026-07-31 11:00:47 [INFO] 图像形状: (2160, 3840, 3)
2026-07-31 11:00:47 [INFO] 图像数据类型: uint8
2026-07-31 11:00:47 [INFO] 图像最大值: 255
2026-07-31 11:00:47 [INFO] 图像最小值: 0
2026-07-31 11:00:47 [INFO] 开始保存检测结果图像: 图像尺寸=(2160, 3840, 3), 类型=uint8, 路径=C:\code\show\Scrap_Steel_In_Field\photos\dangerous_det\detection_20260731_110047.jpg
2026-07-31 11:00:47 [INFO] 成功保存检测结果到: C:\code\show\Scrap_Steel_In_Field\photos\dangerous_det\detection_20260731_110047.jpg
2026-07-31 11:00:47 [INFO] 保存的检测结果文件大小: 2254002 字节
2026-07-31 11:00:47 [INFO] 引擎上下文已释放
2026-07-31 11:00:47 [INFO] TensorRT 引擎已释放
2026-07-31 11:00:47 [INFO] 全局 CUDA 资源已释放
2026-07-31 11:00:47 [INFO] 检测系统资源已释放
2026-07-31 11:00:52 [INFO] CUDA 初始化成功
2026-07-31 11:00:52 [INFO] 引擎加载成功: dangerous.engine
2026-07-31 11:00:52 [INFO] 检测系统初始化成功
2026-07-31 11:00:52 [INFO] 图像预处理完成，原始尺寸: (2160, 3840)
2026-07-31 11:00:52 [INFO] 开始执行目标检测...
2026-07-31 11:00:53 [INFO] 检测完成，找到 3 个物体
2026-07-31 11:00:53 [INFO] 物体 1: GasCyl1 (置信度: 0.67)
2026-07-31 11:00:53 [INFO] 物体 2: FireExt1 (置信度: 0.46)
2026-07-31 11:00:53 [INFO] 物体 3: FireExt1 (置信度: 0.45)
2026-07-31 11:00:53 [INFO] 检测到车兜区域，将过滤区域外的目标
2026-07-31 11:00:53 [INFO] 准备保存检测结果到: C:\code\show\Scrap_Steel_In_Field\photos\dangerous_det\detection_20260731_110053.jpg
2026-07-31 11:00:53 [INFO] 图像形状: (2160, 3840, 3)
2026-07-31 11:00:53 [INFO] 图像数据类型: uint8
2026-07-31 11:00:53 [INFO] 图像最大值: 255
2026-07-31 11:00:53 [INFO] 图像最小值: 0
2026-07-31 11:00:53 [INFO] 开始保存检测结果图像: 图像尺寸=(2160, 3840, 3), 类型=uint8, 路径=C:\code\show\Scrap_Steel_In_Field\photos\dangerous_det\detection_20260731_110053.jpg
2026-07-31 11:00:53 [INFO] 成功保存检测结果到: C:\code\show\Scrap_Steel_In_Field\photos\dangerous_det\detection_20260731_110053.jpg
2026-07-31 11:00:53 [INFO] 保存的检测结果文件大小: 2257114 字节
2026-07-31 11:00:53 [INFO] 引擎上下文已释放
2026-07-31 11:00:53 [INFO] TensorRT 引擎已释放
2026-07-31 11:00:53 [INFO] 全局 CUDA 资源已释放
2026-07-31 11:00:53 [INFO] 检测系统资源已释放
2026-07-31 11:00:58 [INFO] CUDA 初始化成功
2026-07-31 11:00:58 [INFO] 引擎加载成功: dangerous.engine
2026-07-31 11:00:58 [INFO] 检测系统初始化成功
2026-07-31 11:00:58 [INFO] 图像预处理完成，原始尺寸: (2160, 3840)
2026-07-31 11:00:58 [INFO] 开始执行目标检测...
2026-07-31 11:00:58 [INFO] 检测完成，找到 3 个物体
2026-07-31 11:00:58 [INFO] 物体 1: GasCyl1 (置信度: 0.66)
2026-07-31 11:00:58 [INFO] 物体 2: FireExt1 (置信度: 0.46)
2026-07-31 11:00:58 [INFO] 物体 3: FireExt1 (置信度: 0.44)
2026-07-31 11:00:58 [INFO] 检测到车兜区域，将过滤区域外的目标
2026-07-31 11:00:58 [INFO] 准备保存检测结果到: C:\code\show\Scrap_Steel_In_Field\photos\dangerous_det\detection_20260731_110058.jpg
2026-07-31 11:00:58 [INFO] 图像形状: (2160, 3840, 3)
2026-07-31 11:00:58 [INFO] 图像数据类型: uint8
2026-07-31 11:00:58 [INFO] 图像最大值: 255
2026-07-31 11:00:58 [INFO] 图像最小值: 0
2026-07-31 11:00:58 [INFO] 开始保存检测结果图像: 图像尺寸=(2160, 3840, 3), 类型=uint8, 路径=C:\code\show\Scrap_Steel_In_Field\photos\dangerous_det\detection_20260731_110058.jpg
2026-07-31 11:00:58 [INFO] 成功保存检测结果到: C:\code\show\Scrap_Steel_In_Field\photos\dangerous_det\detection_20260731_110058.jpg
2026-07-31 11:00:58 [INFO] 保存的检测结果文件大小: 2254229 字节
2026-07-31 11:00:58 [INFO] 引擎上下文已释放
2026-07-31 11:00:58 [INFO] TensorRT 引擎已释放
2026-07-31 11:00:58 [INFO] 全局 CUDA 资源已释放
2026-07-31 11:00:58 [INFO] 检测系统资源已释放
2026-07-31 11:01:03 [INFO] CUDA 初始化成功
2026-07-31 11:01:03 [INFO] 引擎加载成功: dangerous.engine
2026-07-31 11:01:03 [INFO] 检测系统初始化成功
2026-07-31 11:01:03 [INFO] 图像预处理完成，原始尺寸: (2160, 3840)
2026-07-31 11:01:03 [INFO] 开始执行目标检测...
2026-07-31 11:01:03 [INFO] 检测完成，找到 3 个物体
2026-07-31 11:01:03 [INFO] 物体 1: GasCyl1 (置信度: 0.70)
2026-07-31 11:01:03 [INFO] 物体 2: FireExt1 (置信度: 0.45)
2026-07-31 11:01:03 [INFO] 物体 3: FireExt1 (置信度: 0.45)
2026-07-31 11:01:03 [INFO] 检测到车兜区域，将过滤区域外的目标
2026-07-31 11:01:03 [INFO] 准备保存检测结果到: C:\code\show\Scrap_Steel_In_Field\photos\dangerous_det\detection_20260731_110103.jpg
2026-07-31 11:01:03 [INFO] 图像形状: (2160, 3840, 3)
2026-07-31 11:01:03 [INFO] 图像数据类型: uint8
2026-07-31 11:01:03 [INFO] 图像最大值: 255
2026-07-31 11:01:03 [INFO] 图像最小值: 0
2026-07-31 11:01:03 [INFO] 开始保存检测结果图像: 图像尺寸=(2160, 3840, 3), 类型=uint8, 路径=C:\code\show\Scrap_Steel_In_Field\photos\dangerous_det\detection_20260731_110103.jpg
2026-07-31 11:01:03 [INFO] 成功保存检测结果到: C:\code\show\Scrap_Steel_In_Field\photos\dangerous_det\detection_20260731_110103.jpg
2026-07-31 11:01:03 [INFO] 保存的检测结果文件大小: 2253413 字节
2026-07-31 11:01:03 [INFO] 引擎上下文已释放
2026-07-31 11:01:03 [INFO] TensorRT 引擎已释放
2026-07-31 11:01:03 [INFO] 全局 CUDA 资源已释放
2026-07-31 11:01:03 [INFO] 检测系统资源已释放
2026-07-31 11:01:08 [INFO] CUDA 初始化成功
2026-07-31 11:01:08 [INFO] 引擎加载成功: dangerous.engine
2026-07-31 11:01:08 [INFO] 检测系统初始化成功
2026-07-31 11:01:08 [INFO] 图像预处理完成，原始尺寸: (2160, 3840)
2026-07-31 11:01:08 [INFO] 开始执行目标检测...
2026-07-31 11:01:08 [INFO] 检测完成，找到 3 个物体
2026-07-31 11:01:08 [INFO] 物体 1: GasCyl1 (置信度: 0.68)
2026-07-31 11:01:08 [INFO] 物体 2: FireExt1 (置信度: 0.45)
2026-07-31 11:01:08 [INFO] 物体 3: FireExt1 (置信度: 0.45)
2026-07-31 11:01:08 [INFO] 检测到车兜区域，将过滤区域外的目标
2026-07-31 11:01:08 [INFO] 准备保存检测结果到: C:\code\show\Scrap_Steel_In_Field\photos\dangerous_det\detection_20260731_110108.jpg
2026-07-31 11:01:08 [INFO] 图像形状: (2160, 3840, 3)
2026-07-31 11:01:08 [INFO] 图像数据类型: uint8
2026-07-31 11:01:08 [INFO] 图像最大值: 255
2026-07-31 11:01:08 [INFO] 图像最小值: 0
2026-07-31 11:01:08 [INFO] 开始保存检测结果图像: 图像尺寸=(2160, 3840, 3), 类型=uint8, 路径=C:\code\show\Scrap_Steel_In_Field\photos\dangerous_det\detection_20260731_110108.jpg
2026-07-31 11:01:08 [INFO] 成功保存检测结果到: C:\code\show\Scrap_Steel_In_Field\photos\dangerous_det\detection_20260731_110108.jpg
2026-07-31 11:01:08 [INFO] 保存的检测结果文件大小: 2257339 字节
2026-07-31 11:01:08 [INFO] 引擎上下文已释放
2026-07-31 11:01:08 [INFO] TensorRT 引擎已释放
2026-07-31 11:01:08 [INFO] 全局 CUDA 资源已释放
2026-07-31 11:01:08 [INFO] 检测系统资源已释放
2026-07-31 11:01:13 [INFO] CUDA 初始化成功
2026-07-31 11:01:13 [INFO] 引擎加载成功: dangerous.engine
2026-07-31 11:01:13 [INFO] 检测系统初始化成功
2026-07-31 11:01:13 [INFO] 图像预处理完成，原始尺寸: (2160, 3840)
2026-07-31 11:01:13 [INFO] 开始执行目标检测...
2026-07-31 11:01:13 [INFO] 检测完成，找到 3 个物体
2026-07-31 11:01:13 [INFO] 物体 1: GasCyl1 (置信度: 0.68)
2026-07-31 11:01:13 [INFO] 物体 2: FireExt1 (置信度: 0.45)
2026-07-31 11:01:13 [INFO] 物体 3: FireExt1 (置信度: 0.43)
2026-07-31 11:01:13 [INFO] 检测到车兜区域，将过滤区域外的目标
2026-07-31 11:01:13 [INFO] 准备保存检测结果到: C:\code\show\Scrap_Steel_In_Field\photos\dangerous_det\detection_20260731_110113.jpg
2026-07-31 11:01:13 [INFO] 图像形状: (2160, 3840, 3)
2026-07-31 11:01:13 [INFO] 图像数据类型: uint8
2026-07-31 11:01:13 [INFO] 图像最大值: 255
2026-07-31 11:01:13 [INFO] 图像最小值: 0
2026-07-31 11:01:13 [INFO] 开始保存检测结果图像: 图像尺寸=(2160, 3840, 3), 类型=uint8, 路径=C:\code\show\Scrap_Steel_In_Field\photos\dangerous_det\detection_20260731_110113.jpg
2026-07-31 11:01:14 [INFO] 成功保存检测结果到: C:\code\show\Scrap_Steel_In_Field\photos\dangerous_det\detection_20260731_110113.jpg
2026-07-31 11:01:14 [INFO] 保存的检测结果文件大小: 2254768 字节
2026-07-31 11:01:14 [INFO] 引擎上下文已释放
2026-07-31 11:01:14 [INFO] TensorRT 引擎已释放
2026-07-31 11:01:14 [INFO] 全局 CUDA 资源已释放
2026-07-31 11:01:14 [INFO] 检测系统资源已释放
2026-07-31 11:01:18 [INFO] CUDA 初始化成功
2026-07-31 11:01:19 [INFO] 引擎加载成功: dangerous.engine
2026-07-31 11:01:19 [INFO] 检测系统初始化成功
2026-07-31 11:01:19 [INFO] 图像预处理完成，原始尺寸: (2160, 3840)
2026-07-31 11:01:19 [INFO] 开始执行目标检测...
2026-07-31 11:01:19 [INFO] 检测完成，找到 3 个物体
2026-07-31 11:01:19 [INFO] 物体 1: GasCyl1 (置信度: 0.72)
2026-07-31 11:01:19 [INFO] 物体 2: FireExt1 (置信度: 0.44)
2026-07-31 11:01:19 [INFO] 物体 3: FireExt1 (置信度: 0.44)
2026-07-31 11:01:19 [INFO] 检测到车兜区域，将过滤区域外的目标
2026-07-31 11:01:19 [INFO] 准备保存检测结果到: C:\code\show\Scrap_Steel_In_Field\photos\dangerous_det\detection_20260731_110119.jpg
2026-07-31 11:01:19 [INFO] 图像形状: (2160, 3840, 3)
2026-07-31 11:01:19 [INFO] 图像数据类型: uint8
2026-07-31 11:01:19 [INFO] 图像最大值: 255
2026-07-31 11:01:19 [INFO] 图像最小值: 0
2026-07-31 11:01:19 [INFO] 开始保存检测结果图像: 图像尺寸=(2160, 3840, 3), 类型=uint8, 路径=C:\code\show\Scrap_Steel_In_Field\photos\dangerous_det\detection_20260731_110119.jpg
2026-07-31 11:01:19 [INFO] 成功保存检测结果到: C:\code\show\Scrap_Steel_In_Field\photos\dangerous_det\detection_20260731_110119.jpg
2026-07-31 11:01:19 [INFO] 保存的检测结果文件大小: 2255665 字节
2026-07-31 11:01:19 [INFO] 引擎上下文已释放
2026-07-31 11:01:19 [INFO] TensorRT 引擎已释放
2026-07-31 11:01:19 [INFO] 全局 CUDA 资源已释放
2026-07-31 11:01:19 [INFO] 检测系统资源已释放
2026-07-31 11:01:24 [INFO] CUDA 初始化成功
2026-07-31 11:01:24 [INFO] 引擎加载成功: dangerous.engine
2026-07-31 11:01:24 [INFO] 检测系统初始化成功
2026-07-31 11:01:24 [INFO] 图像预处理完成，原始尺寸: (2160, 3840)
2026-07-31 11:01:24 [INFO] 开始执行目标检测...
2026-07-31 11:01:24 [INFO] 检测完成，找到 3 个物体
2026-07-31 11:01:24 [INFO] 物体 1: GasCyl1 (置信度: 0.71)
2026-07-31 11:01:24 [INFO] 物体 2: FireExt1 (置信度: 0.46)
2026-07-31 11:01:24 [INFO] 物体 3: FireExt1 (置信度: 0.44)
2026-07-31 11:01:24 [INFO] 检测到车兜区域，将过滤区域外的目标
2026-07-31 11:01:24 [INFO] 准备保存检测结果到: C:\code\show\Scrap_Steel_In_Field\photos\dangerous_det\detection_20260731_110124.jpg
2026-07-31 11:01:24 [INFO] 图像形状: (2160, 3840, 3)
2026-07-31 11:01:24 [INFO] 图像数据类型: uint8
2026-07-31 11:01:24 [INFO] 图像最大值: 255
2026-07-31 11:01:24 [INFO] 图像最小值: 0
2026-07-31 11:01:24 [INFO] 开始保存检测结果图像: 图像尺寸=(2160, 3840, 3), 类型=uint8, 路径=C:\code\show\Scrap_Steel_In_Field\photos\dangerous_det\detection_20260731_110124.jpg
2026-07-31 11:01:24 [INFO] 成功保存检测结果到: C:\code\show\Scrap_Steel_In_Field\photos\dangerous_det\detection_20260731_110124.jpg
2026-07-31 11:01:24 [INFO] 保存的检测结果文件大小: 2254715 字节
2026-07-31 11:01:24 [INFO] 引擎上下文已释放
2026-07-31 11:01:24 [INFO] TensorRT 引擎已释放
2026-07-31 11:01:24 [INFO] 全局 CUDA 资源已释放
2026-07-31 11:01:24 [INFO] 检测系统资源已释放
2026-07-31 11:01:29 [INFO] CUDA 初始化成功
2026-07-31 11:01:29 [INFO] 引擎加载成功: dangerous.engine
2026-07-31 11:01:29 [INFO] 检测系统初始化成功
2026-07-31 11:01:29 [INFO] 图像预处理完成，原始尺寸: (2160, 3840)
2026-07-31 11:01:29 [INFO] 开始执行目标检测...
2026-07-31 11:01:29 [INFO] 检测完成，找到 3 个物体
2026-07-31 11:01:29 [INFO] 物体 1: GasCyl1 (置信度: 0.65)
2026-07-31 11:01:29 [INFO] 物体 2: FireExt1 (置信度: 0.46)
2026-07-31 11:01:29 [INFO] 物体 3: FireExt1 (置信度: 0.46)
2026-07-31 11:01:29 [INFO] 检测到车兜区域，将过滤区域外的目标
2026-07-31 11:01:29 [INFO] 准备保存检测结果到: C:\code\show\Scrap_Steel_In_Field\photos\dangerous_det\detection_20260731_110129.jpg
2026-07-31 11:01:29 [INFO] 图像形状: (2160, 3840, 3)
2026-07-31 11:01:29 [INFO] 图像数据类型: uint8
2026-07-31 11:01:29 [INFO] 图像最大值: 255
2026-07-31 11:01:29 [INFO] 图像最小值: 0
2026-07-31 11:01:29 [INFO] 开始保存检测结果图像: 图像尺寸=(2160, 3840, 3), 类型=uint8, 路径=C:\code\show\Scrap_Steel_In_Field\photos\dangerous_det\detection_20260731_110129.jpg
2026-07-31 11:01:29 [INFO] 成功保存检测结果到: C:\code\show\Scrap_Steel_In_Field\photos\dangerous_det\detection_20260731_110129.jpg
2026-07-31 11:01:29 [INFO] 保存的检测结果文件大小: 2259123 字节
2026-07-31 11:01:29 [INFO] 引擎上下文已释放
2026-07-31 11:01:29 [INFO] TensorRT 引擎已释放
2026-07-31 11:01:29 [INFO] 全局 CUDA 资源已释放
2026-07-31 11:01:29 [INFO] 检测系统资源已释放
2026-07-31 11:01:34 [INFO] CUDA 初始化成功
2026-07-31 11:01:35 [INFO] 引擎加载成功: dangerous.engine
2026-07-31 11:01:35 [INFO] 检测系统初始化成功
2026-07-31 11:01:35 [INFO] 图像预处理完成，原始尺寸: (2160, 3840)
2026-07-31 11:01:35 [INFO] 开始执行目标检测...
2026-07-31 11:01:35 [INFO] 检测完成，找到 3 个物体
2026-07-31 11:01:35 [INFO] 物体 1: GasCyl1 (置信度: 0.73)
2026-07-31 11:01:35 [INFO] 物体 2: FireExt1 (置信度: 0.47)
2026-07-31 11:01:35 [INFO] 物体 3: FireExt1 (置信度: 0.45)
2026-07-31 11:01:35 [INFO] 检测到车兜区域，将过滤区域外的目标
2026-07-31 11:01:35 [INFO] 准备保存检测结果到: C:\code\show\Scrap_Steel_In_Field\photos\dangerous_det\detection_20260731_110135.jpg
2026-07-31 11:01:35 [INFO] 图像形状: (2160, 3840, 3)
2026-07-31 11:01:35 [INFO] 图像数据类型: uint8
2026-07-31 11:01:35 [INFO] 图像最大值: 255
2026-07-31 11:01:35 [INFO] 图像最小值: 0
2026-07-31 11:01:35 [INFO] 开始保存检测结果图像: 图像尺寸=(2160, 3840, 3), 类型=uint8, 路径=C:\code\show\Scrap_Steel_In_Field\photos\dangerous_det\detection_20260731_110135.jpg
2026-07-31 11:01:35 [INFO] 成功保存检测结果到: C:\code\show\Scrap_Steel_In_Field\photos\dangerous_det\detection_20260731_110135.jpg
2026-07-31 11:01:35 [INFO] 保存的检测结果文件大小: 2256902 字节
2026-07-31 11:01:35 [INFO] 引擎上下文已释放
2026-07-31 11:01:35 [INFO] TensorRT 引擎已释放
2026-07-31 11:01:35 [INFO] 全局 CUDA 资源已释放
2026-07-31 11:01:35 [INFO] 检测系统资源已释放
2026-07-31 11:01:40 [INFO] CUDA 初始化成功
2026-07-31 11:01:40 [INFO] 引擎加载成功: dangerous.engine
2026-07-31 11:01:40 [INFO] 检测系统初始化成功
2026-07-31 11:01:40 [INFO] 图像预处理完成，原始尺寸: (2160, 3840)
2026-07-31 11:01:40 [INFO] 开始执行目标检测...
2026-07-31 11:01:40 [INFO] 检测完成，找到 3 个物体
2026-07-31 11:01:40 [INFO] 物体 1: GasCyl1 (置信度: 0.71)
2026-07-31 11:01:40 [INFO] 物体 2: FireExt1 (置信度: 0.47)
2026-07-31 11:01:40 [INFO] 物体 3: FireExt1 (置信度: 0.45)
2026-07-31 11:01:40 [INFO] 检测到车兜区域，将过滤区域外的目标
2026-07-31 11:01:40 [INFO] 准备保存检测结果到: C:\code\show\Scrap_Steel_In_Field\photos\dangerous_det\detection_20260731_110140.jpg
2026-07-31 11:01:40 [INFO] 图像形状: (2160, 3840, 3)
2026-07-31 11:01:40 [INFO] 图像数据类型: uint8
2026-07-31 11:01:40 [INFO] 图像最大值: 255
2026-07-31 11:01:40 [INFO] 图像最小值: 0
2026-07-31 11:01:40 [INFO] 开始保存检测结果图像: 图像尺寸=(2160, 3840, 3), 类型=uint8, 路径=C:\code\show\Scrap_Steel_In_Field\photos\dangerous_det\detection_20260731_110140.jpg
2026-07-31 11:01:40 [INFO] 成功保存检测结果到: C:\code\show\Scrap_Steel_In_Field\photos\dangerous_det\detection_20260731_110140.jpg
2026-07-31 11:01:40 [INFO] 保存的检测结果文件大小: 2256155 字节
2026-07-31 11:01:40 [INFO] 引擎上下文已释放
2026-07-31 11:01:40 [INFO] TensorRT 引擎已释放
2026-07-31 11:01:40 [INFO] 全局 CUDA 资源已释放
2026-07-31 11:01:40 [INFO] 检测系统资源已释放
2026-07-31 11:01:45 [INFO] CUDA 初始化成功
2026-07-31 11:01:45 [INFO] 引擎加载成功: dangerous.engine
2026-07-31 11:01:45 [INFO] 检测系统初始化成功
2026-07-31 11:01:45 [INFO] 图像预处理完成，原始尺寸: (2160, 3840)
2026-07-31 11:01:45 [INFO] 开始执行目标检测...
2026-07-31 11:01:45 [INFO] 检测完成，找到 3 个物体
2026-07-31 11:01:45 [INFO] 物体 1: GasCyl1 (置信度: 0.68)
2026-07-31 11:01:45 [INFO] 物体 2: FireExt1 (置信度: 0.47)
2026-07-31 11:01:45 [INFO] 物体 3: FireExt1 (置信度: 0.44)
2026-07-31 11:01:45 [INFO] 检测到车兜区域，将过滤区域外的目标
2026-07-31 11:01:45 [INFO] 准备保存检测结果到: C:\code\show\Scrap_Steel_In_Field\photos\dangerous_det\detection_20260731_110145.jpg
2026-07-31 11:01:45 [INFO] 图像形状: (2160, 3840, 3)
2026-07-31 11:01:45 [INFO] 图像数据类型: uint8
2026-07-31 11:01:45 [INFO] 图像最大值: 255
2026-07-31 11:01:45 [INFO] 图像最小值: 0
2026-07-31 11:01:45 [INFO] 开始保存检测结果图像: 图像尺寸=(2160, 3840, 3), 类型=uint8, 路径=C:\code\show\Scrap_Steel_In_Field\photos\dangerous_det\detection_20260731_110145.jpg
2026-07-31 11:01:45 [INFO] 成功保存检测结果到: C:\code\show\Scrap_Steel_In_Field\photos\dangerous_det\detection_20260731_110145.jpg
2026-07-31 11:01:45 [INFO] 保存的检测结果文件大小: 2257849 字节
2026-07-31 11:01:45 [INFO] 引擎上下文已释放
2026-07-31 11:01:45 [INFO] TensorRT 引擎已释放
2026-07-31 11:01:45 [INFO] 全局 CUDA 资源已释放
2026-07-31 11:01:45 [INFO] 检测系统资源已释放
2026-07-31 11:01:50 [INFO] CUDA 初始化成功
2026-07-31 11:01:51 [INFO] 引擎加载成功: dangerous.engine
2026-07-31 11:01:51 [INFO] 检测系统初始化成功
2026-07-31 11:01:51 [INFO] 图像预处理完成，原始尺寸: (2160, 3840)
2026-07-31 11:01:51 [INFO] 开始执行目标检测...
2026-07-31 11:01:51 [INFO] 检测完成，找到 3 个物体
2026-07-31 11:01:51 [INFO] 物体 1: GasCyl1 (置信度: 0.63)
2026-07-31 11:01:51 [INFO] 物体 2: FireExt1 (置信度: 0.46)
2026-07-31 11:01:51 [INFO] 物体 3: FireExt1 (置信度: 0.42)
2026-07-31 11:01:51 [INFO] 检测到车兜区域，将过滤区域外的目标
2026-07-31 11:01:51 [INFO] 准备保存检测结果到: C:\code\show\Scrap_Steel_In_Field\photos\dangerous_det\detection_20260731_110151.jpg
2026-07-31 11:01:51 [INFO] 图像形状: (2160, 3840, 3)
2026-07-31 11:01:51 [INFO] 图像数据类型: uint8
2026-07-31 11:01:51 [INFO] 图像最大值: 255
2026-07-31 11:01:51 [INFO] 图像最小值: 0
2026-07-31 11:01:51 [INFO] 开始保存检测结果图像: 图像尺寸=(2160, 3840, 3), 类型=uint8, 路径=C:\code\show\Scrap_Steel_In_Field\photos\dangerous_det\detection_20260731_110151.jpg
2026-07-31 11:01:51 [INFO] 成功保存检测结果到: C:\code\show\Scrap_Steel_In_Field\photos\dangerous_det\detection_20260731_110151.jpg
2026-07-31 11:01:51 [INFO] 保存的检测结果文件大小: 2255392 字节
2026-07-31 11:01:51 [INFO] 引擎上下文已释放
2026-07-31 11:01:51 [INFO] TensorRT 引擎已释放
2026-07-31 11:01:51 [INFO] 全局 CUDA 资源已释放
2026-07-31 11:01:51 [INFO] 检测系统资源已释放
2026-07-31 11:01:56 [INFO] CUDA 初始化成功
2026-07-31 11:01:56 [INFO] 引擎加载成功: dangerous.engine
2026-07-31 11:01:56 [INFO] 检测系统初始化成功
2026-07-31 11:01:56 [INFO] 图像预处理完成，原始尺寸: (2160, 3840)
2026-07-31 11:01:56 [INFO] 开始执行目标检测...
2026-07-31 11:01:56 [INFO] 检测完成，找到 3 个物体
2026-07-31 11:01:56 [INFO] 物体 1: GasCyl1 (置信度: 0.64)
2026-07-31 11:01:56 [INFO] 物体 2: FireExt1 (置信度: 0.45)
2026-07-31 11:01:56 [INFO] 物体 3: FireExt1 (置信度: 0.43)
2026-07-31 11:01:56 [INFO] 检测到车兜区域，将过滤区域外的目标
2026-07-31 11:01:56 [INFO] 准备保存检测结果到: C:\code\show\Scrap_Steel_In_Field\photos\dangerous_det\detection_20260731_110156.jpg
2026-07-31 11:01:56 [INFO] 图像形状: (2160, 3840, 3)
2026-07-31 11:01:56 [INFO] 图像数据类型: uint8
2026-07-31 11:01:56 [INFO] 图像最大值: 255
2026-07-31 11:01:56 [INFO] 图像最小值: 0
2026-07-31 11:01:56 [INFO] 开始保存检测结果图像: 图像尺寸=(2160, 3840, 3), 类型=uint8, 路径=C:\code\show\Scrap_Steel_In_Field\photos\dangerous_det\detection_20260731_110156.jpg
2026-07-31 11:01:56 [INFO] 成功保存检测结果到: C:\code\show\Scrap_Steel_In_Field\photos\dangerous_det\detection_20260731_110156.jpg
2026-07-31 11:01:56 [INFO] 保存的检测结果文件大小: 2255648 字节
2026-07-31 11:01:56 [INFO] 引擎上下文已释放
2026-07-31 11:01:56 [INFO] TensorRT 引擎已释放
2026-07-31 11:01:56 [INFO] 全局 CUDA 资源已释放
2026-07-31 11:01:56 [INFO] 检测系统资源已释放
2026-07-31 11:02:01 [INFO] CUDA 初始化成功
2026-07-31 11:02:01 [INFO] 引擎加载成功: dangerous.engine
2026-07-31 11:02:01 [INFO] 检测系统初始化成功
2026-07-31 11:02:01 [INFO] 图像预处理完成，原始尺寸: (2160, 3840)
2026-07-31 11:02:01 [INFO] 开始执行目标检测...
2026-07-31 11:02:01 [INFO] 检测完成，找到 3 个物体
2026-07-31 11:02:01 [INFO] 物体 1: GasCyl1 (置信度: 0.69)
2026-07-31 11:02:01 [INFO] 物体 2: FireExt1 (置信度: 0.45)
2026-07-31 11:02:01 [INFO] 物体 3: FireExt1 (置信度: 0.42)
2026-07-31 11:02:01 [INFO] 检测到车兜区域，将过滤区域外的目标
2026-07-31 11:02:01 [INFO] 准备保存检测结果到: C:\code\show\Scrap_Steel_In_Field\photos\dangerous_det\detection_20260731_110201.jpg
2026-07-31 11:02:01 [INFO] 图像形状: (2160, 3840, 3)
2026-07-31 11:02:01 [INFO] 图像数据类型: uint8
2026-07-31 11:02:01 [INFO] 图像最大值: 255
2026-07-31 11:02:01 [INFO] 图像最小值: 0
2026-07-31 11:02:01 [INFO] 开始保存检测结果图像: 图像尺寸=(2160, 3840, 3), 类型=uint8, 路径=C:\code\show\Scrap_Steel_In_Field\photos\dangerous_det\detection_20260731_110201.jpg
2026-07-31 11:02:01 [INFO] 成功保存检测结果到: C:\code\show\Scrap_Steel_In_Field\photos\dangerous_det\detection_20260731_110201.jpg
2026-07-31 11:02:01 [INFO] 保存的检测结果文件大小: 2253924 字节
2026-07-31 11:02:01 [INFO] 引擎上下文已释放
2026-07-31 11:02:01 [INFO] TensorRT 引擎已释放
2026-07-31 11:02:01 [INFO] 全局 CUDA 资源已释放
2026-07-31 11:02:01 [INFO] 检测系统资源已释放
2026-07-31 11:02:06 [INFO] CUDA 初始化成功
2026-07-31 11:02:06 [INFO] 引擎加载成功: dangerous.engine
2026-07-31 11:02:06 [INFO] 检测系统初始化成功
2026-07-31 11:02:06 [INFO] 图像预处理完成，原始尺寸: (2160, 3840)
2026-07-31 11:02:06 [INFO] 开始执行目标检测...
2026-07-31 11:02:06 [INFO] 检测完成，找到 3 个物体
2026-07-31 11:02:06 [INFO] 物体 1: GasCyl1 (置信度: 0.67)
2026-07-31 11:02:06 [INFO] 物体 2: FireExt1 (置信度: 0.46)
2026-07-31 11:02:06 [INFO] 物体 3: FireExt1 (置信度: 0.45)
2026-07-31 11:02:07 [INFO] 检测到车兜区域，将过滤区域外的目标
2026-07-31 11:02:07 [INFO] 准备保存检测结果到: C:\code\show\Scrap_Steel_In_Field\photos\dangerous_det\detection_20260731_110207.jpg
2026-07-31 11:02:07 [INFO] 图像形状: (2160, 3840, 3)
2026-07-31 11:02:07 [INFO] 图像数据类型: uint8
2026-07-31 11:02:07 [INFO] 图像最大值: 255
2026-07-31 11:02:07 [INFO] 图像最小值: 0
2026-07-31 11:02:07 [INFO] 开始保存检测结果图像: 图像尺寸=(2160, 3840, 3), 类型=uint8, 路径=C:\code\show\Scrap_Steel_In_Field\photos\dangerous_det\detection_20260731_110207.jpg
2026-07-31 11:02:07 [INFO] 成功保存检测结果到: C:\code\show\Scrap_Steel_In_Field\photos\dangerous_det\detection_20260731_110207.jpg
2026-07-31 11:02:07 [INFO] 保存的检测结果文件大小: 2256523 字节
2026-07-31 11:02:07 [INFO] 引擎上下文已释放
2026-07-31 11:02:07 [INFO] TensorRT 引擎已释放
2026-07-31 11:02:07 [INFO] 全局 CUDA 资源已释放
2026-07-31 11:02:07 [INFO] 检测系统资源已释放
2026-07-31 11:02:12 [INFO] CUDA 初始化成功
2026-07-31 11:02:12 [INFO] 引擎加载成功: dangerous.engine
2026-07-31 11:02:12 [INFO] 检测系统初始化成功
2026-07-31 11:02:12 [INFO] 图像预处理完成，原始尺寸: (2160, 3840)
2026-07-31 11:02:12 [INFO] 开始执行目标检测...
2026-07-31 11:02:12 [INFO] 检测完成，找到 3 个物体
2026-07-31 11:02:12 [INFO] 物体 1: GasCyl1 (置信度: 0.67)
2026-07-31 11:02:12 [INFO] 物体 2: FireExt1 (置信度: 0.46)
2026-07-31 11:02:12 [INFO] 物体 3: FireExt1 (置信度: 0.45)
2026-07-31 11:02:12 [INFO] 检测到车兜区域，将过滤区域外的目标
2026-07-31 11:02:12 [INFO] 准备保存检测结果到: C:\code\show\Scrap_Steel_In_Field\photos\dangerous_det\detection_20260731_110212.jpg
2026-07-31 11:02:12 [INFO] 图像形状: (2160, 3840, 3)
2026-07-31 11:02:12 [INFO] 图像数据类型: uint8
2026-07-31 11:02:12 [INFO] 图像最大值: 255
2026-07-31 11:02:12 [INFO] 图像最小值: 0
2026-07-31 11:02:12 [INFO] 开始保存检测结果图像: 图像尺寸=(2160, 3840, 3), 类型=uint8, 路径=C:\code\show\Scrap_Steel_In_Field\photos\dangerous_det\detection_20260731_110212.jpg
2026-07-31 11:02:12 [INFO] 成功保存检测结果到: C:\code\show\Scrap_Steel_In_Field\photos\dangerous_det\detection_20260731_110212.jpg
2026-07-31 11:02:12 [INFO] 保存的检测结果文件大小: 2260121 字节
2026-07-31 11:02:12 [INFO] 引擎上下文已释放
2026-07-31 11:02:12 [INFO] TensorRT 引擎已释放
2026-07-31 11:02:12 [INFO] 全局 CUDA 资源已释放
2026-07-31 11:02:12 [INFO] 检测系统资源已释放
2026-07-31 11:02:17 [INFO] CUDA 初始化成功
2026-07-31 11:02:17 [INFO] 引擎加载成功: dangerous.engine
2026-07-31 11:02:17 [INFO] 检测系统初始化成功
2026-07-31 11:02:17 [INFO] 图像预处理完成，原始尺寸: (2160, 3840)
2026-07-31 11:02:17 [INFO] 开始执行目标检测...
2026-07-31 11:02:17 [INFO] 检测完成，找到 3 个物体
2026-07-31 11:02:17 [INFO] 物体 1: GasCyl1 (置信度: 0.66)
2026-07-31 11:02:17 [INFO] 物体 2: FireExt1 (置信度: 0.45)
2026-07-31 11:02:17 [INFO] 物体 3: FireExt1 (置信度: 0.43)
2026-07-31 11:02:17 [INFO] 检测到车兜区域，将过滤区域外的目标
2026-07-31 11:02:17 [INFO] 准备保存检测结果到: C:\code\show\Scrap_Steel_In_Field\photos\dangerous_det\detection_20260731_110217.jpg
2026-07-31 11:02:17 [INFO] 图像形状: (2160, 3840, 3)
2026-07-31 11:02:17 [INFO] 图像数据类型: uint8
2026-07-31 11:02:17 [INFO] 图像最大值: 255
2026-07-31 11:02:17 [INFO] 图像最小值: 0
2026-07-31 11:02:17 [INFO] 开始保存检测结果图像: 图像尺寸=(2160, 3840, 3), 类型=uint8, 路径=C:\code\show\Scrap_Steel_In_Field\photos\dangerous_det\detection_20260731_110217.jpg
2026-07-31 11:02:17 [INFO] 成功保存检测结果到: C:\code\show\Scrap_Steel_In_Field\photos\dangerous_det\detection_20260731_110217.jpg
2026-07-31 11:02:17 [INFO] 保存的检测结果文件大小: 2258153 字节
2026-07-31 11:02:17 [INFO] 引擎上下文已释放
2026-07-31 11:02:17 [INFO] TensorRT 引擎已释放
2026-07-31 11:02:17 [INFO] 全局 CUDA 资源已释放
2026-07-31 11:02:17 [INFO] 检测系统资源已释放
2026-07-31 11:02:23 [INFO] CUDA 初始化成功
2026-07-31 11:02:23 [INFO] 引擎加载成功: dangerous.engine
2026-07-31 11:02:23 [INFO] 检测系统初始化成功
2026-07-31 11:02:23 [INFO] 图像预处理完成，原始尺寸: (2160, 3840)
2026-07-31 11:02:23 [INFO] 开始执行目标检测...
2026-07-31 11:02:23 [INFO] 检测完成，找到 3 个物体
2026-07-31 11:02:23 [INFO] 物体 1: GasCyl1 (置信度: 0.62)
2026-07-31 11:02:23 [INFO] 物体 2: FireExt1 (置信度: 0.46)
2026-07-31 11:02:23 [INFO] 物体 3: FireExt1 (置信度: 0.45)
2026-07-31 11:02:23 [INFO] 检测到车兜区域，将过滤区域外的目标
2026-07-31 11:02:23 [INFO] 准备保存检测结果到: C:\code\show\Scrap_Steel_In_Field\photos\dangerous_det\detection_20260731_110223.jpg
2026-07-31 11:02:23 [INFO] 图像形状: (2160, 3840, 3)
2026-07-31 11:02:23 [INFO] 图像数据类型: uint8
2026-07-31 11:02:23 [INFO] 图像最大值: 255
2026-07-31 11:02:23 [INFO] 图像最小值: 0
2026-07-31 11:02:23 [INFO] 开始保存检测结果图像: 图像尺寸=(2160, 3840, 3), 类型=uint8, 路径=C:\code\show\Scrap_Steel_In_Field\photos\dangerous_det\detection_20260731_110223.jpg
2026-07-31 11:02:23 [INFO] 成功保存检测结果到: C:\code\show\Scrap_Steel_In_Field\photos\dangerous_det\detection_20260731_110223.jpg
2026-07-31 11:02:23 [INFO] 保存的检测结果文件大小: 2256022 字节
2026-07-31 11:02:23 [INFO] 引擎上下文已释放
2026-07-31 11:02:23 [INFO] TensorRT 引擎已释放
2026-07-31 11:02:23 [INFO] 全局 CUDA 资源已释放
2026-07-31 11:02:23 [INFO] 检测系统资源已释放
2026-07-31 11:02:28 [INFO] CUDA 初始化成功
2026-07-31 11:02:28 [INFO] 引擎加载成功: dangerous.engine
2026-07-31 11:02:28 [INFO] 检测系统初始化成功
2026-07-31 11:02:28 [INFO] 图像预处理完成，原始尺寸: (2160, 3840)
2026-07-31 11:02:28 [INFO] 开始执行目标检测...
2026-07-31 11:02:28 [INFO] 检测完成，找到 3 个物体
2026-07-31 11:02:28 [INFO] 物体 1: GasCyl1 (置信度: 0.72)
2026-07-31 11:02:28 [INFO] 物体 2: FireExt1 (置信度: 0.44)
2026-07-31 11:02:28 [INFO] 物体 3: FireExt1 (置信度: 0.44)
2026-07-31 11:02:28 [INFO] 检测到车兜区域，将过滤区域外的目标
2026-07-31 11:02:28 [INFO] 准备保存检测结果到: C:\code\show\Scrap_Steel_In_Field\photos\dangerous_det\detection_20260731_110228.jpg
2026-07-31 11:02:28 [INFO] 图像形状: (2160, 3840, 3)
2026-07-31 11:02:28 [INFO] 图像数据类型: uint8
2026-07-31 11:02:28 [INFO] 图像最大值: 255
2026-07-31 11:02:28 [INFO] 图像最小值: 0
2026-07-31 11:02:28 [INFO] 开始保存检测结果图像: 图像尺寸=(2160, 3840, 3), 类型=uint8, 路径=C:\code\show\Scrap_Steel_In_Field\photos\dangerous_det\detection_20260731_110228.jpg
2026-07-31 11:02:28 [INFO] 成功保存检测结果到: C:\code\show\Scrap_Steel_In_Field\photos\dangerous_det\detection_20260731_110228.jpg
2026-07-31 11:02:28 [INFO] 保存的检测结果文件大小: 2259342 字节
2026-07-31 11:02:28 [INFO] 引擎上下文已释放
2026-07-31 11:02:28 [INFO] TensorRT 引擎已释放
2026-07-31 11:02:28 [INFO] 全局 CUDA 资源已释放
2026-07-31 11:02:28 [INFO] 检测系统资源已释放
2026-07-31 11:02:33 [INFO] CUDA 初始化成功
2026-07-31 11:02:33 [INFO] 引擎加载成功: dangerous.engine
2026-07-31 11:02:33 [INFO] 检测系统初始化成功
2026-07-31 11:02:33 [INFO] 图像预处理完成，原始尺寸: (2160, 3840)
2026-07-31 11:02:33 [INFO] 开始执行目标检测...
2026-07-31 11:02:33 [INFO] 检测完成，找到 3 个物体
2026-07-31 11:02:33 [INFO] 物体 1: GasCyl1 (置信度: 0.62)
2026-07-31 11:02:33 [INFO] 物体 2: FireExt1 (置信度: 0.45)
2026-07-31 11:02:33 [INFO] 物体 3: FireExt1 (置信度: 0.44)
2026-07-31 11:02:33 [INFO] 检测到车兜区域，将过滤区域外的目标
2026-07-31 11:02:33 [INFO] 准备保存检测结果到: C:\code\show\Scrap_Steel_In_Field\photos\dangerous_det\detection_20260731_110233.jpg
2026-07-31 11:02:33 [INFO] 图像形状: (2160, 3840, 3)
2026-07-31 11:02:33 [INFO] 图像数据类型: uint8
2026-07-31 11:02:33 [INFO] 图像最大值: 255
2026-07-31 11:02:33 [INFO] 图像最小值: 0
2026-07-31 11:02:33 [INFO] 开始保存检测结果图像: 图像尺寸=(2160, 3840, 3), 类型=uint8, 路径=C:\code\show\Scrap_Steel_In_Field\photos\dangerous_det\detection_20260731_110233.jpg
2026-07-31 11:02:33 [INFO] 成功保存检测结果到: C:\code\show\Scrap_Steel_In_Field\photos\dangerous_det\detection_20260731_110233.jpg
2026-07-31 11:02:33 [INFO] 保存的检测结果文件大小: 2257265 字节
2026-07-31 11:02:33 [INFO] 引擎上下文已释放
2026-07-31 11:02:33 [INFO] TensorRT 引擎已释放
2026-07-31 11:02:33 [INFO] 全局 CUDA 资源已释放
2026-07-31 11:02:33 [INFO] 检测系统资源已释放
2026-07-31 11:02:38 [INFO] CUDA 初始化成功
2026-07-31 11:02:38 [INFO] 引擎加载成功: dangerous.engine
2026-07-31 11:02:38 [INFO] 检测系统初始化成功
2026-07-31 11:02:38 [INFO] 图像预处理完成，原始尺寸: (2160, 3840)
2026-07-31 11:02:38 [INFO] 开始执行目标检测...
2026-07-31 11:02:38 [INFO] 检测完成，找到 3 个物体
2026-07-31 11:02:38 [INFO] 物体 1: GasCyl1 (置信度: 0.73)
2026-07-31 11:02:38 [INFO] 物体 2: FireExt1 (置信度: 0.44)
2026-07-31 11:02:38 [INFO] 物体 3: FireExt1 (置信度: 0.43)
2026-07-31 11:02:38 [INFO] 检测到车兜区域，将过滤区域外的目标
2026-07-31 11:02:38 [INFO] 准备保存检测结果到: C:\code\show\Scrap_Steel_In_Field\photos\dangerous_det\detection_20260731_110238.jpg
2026-07-31 11:02:38 [INFO] 图像形状: (2160, 3840, 3)
2026-07-31 11:02:38 [INFO] 图像数据类型: uint8
2026-07-31 11:02:38 [INFO] 图像最大值: 255
2026-07-31 11:02:38 [INFO] 图像最小值: 0
2026-07-31 11:02:38 [INFO] 开始保存检测结果图像: 图像尺寸=(2160, 3840, 3), 类型=uint8, 路径=C:\code\show\Scrap_Steel_In_Field\photos\dangerous_det\detection_20260731_110238.jpg
2026-07-31 11:02:38 [INFO] 成功保存检测结果到: C:\code\show\Scrap_Steel_In_Field\photos\dangerous_det\detection_20260731_110238.jpg
2026-07-31 11:02:38 [INFO] 保存的检测结果文件大小: 2257212 字节
2026-07-31 11:02:38 [INFO] 引擎上下文已释放
2026-07-31 11:02:38 [INFO] TensorRT 引擎已释放
2026-07-31 11:02:38 [INFO] 全局 CUDA 资源已释放
2026-07-31 11:02:38 [INFO] 检测系统资源已释放
2026-07-31 11:02:43 [INFO] CUDA 初始化成功
2026-07-31 11:02:43 [INFO] 引擎加载成功: dangerous.engine
2026-07-31 11:02:43 [INFO] 检测系统初始化成功
2026-07-31 11:02:43 [INFO] 图像预处理完成，原始尺寸: (2160, 3840)
2026-07-31 11:02:43 [INFO] 开始执行目标检测...
2026-07-31 11:02:43 [INFO] 检测完成，找到 3 个物体
2026-07-31 11:02:43 [INFO] 物体 1: GasCyl1 (置信度: 0.63)
2026-07-31 11:02:43 [INFO] 物体 2: FireExt1 (置信度: 0.42)
2026-07-31 11:02:43 [INFO] 物体 3: FireExt1 (置信度: 0.41)
2026-07-31 11:02:43 [INFO] 检测到车兜区域，将过滤区域外的目标
2026-07-31 11:02:43 [INFO] 准备保存检测结果到: C:\code\show\Scrap_Steel_In_Field\photos\dangerous_det\detection_20260731_110243.jpg
2026-07-31 11:02:43 [INFO] 图像形状: (2160, 3840, 3)
2026-07-31 11:02:43 [INFO] 图像数据类型: uint8
2026-07-31 11:02:43 [INFO] 图像最大值: 255
2026-07-31 11:02:43 [INFO] 图像最小值: 0
2026-07-31 11:02:44 [INFO] 开始保存检测结果图像: 图像尺寸=(2160, 3840, 3), 类型=uint8, 路径=C:\code\show\Scrap_Steel_In_Field\photos\dangerous_det\detection_20260731_110243.jpg
2026-07-31 11:02:44 [INFO] 成功保存检测结果到: C:\code\show\Scrap_Steel_In_Field\photos\dangerous_det\detection_20260731_110243.jpg
2026-07-31 11:02:44 [INFO] 保存的检测结果文件大小: 2258641 字节
2026-07-31 11:02:44 [INFO] 引擎上下文已释放
2026-07-31 11:02:44 [INFO] TensorRT 引擎已释放
2026-07-31 11:02:44 [INFO] 全局 CUDA 资源已释放
2026-07-31 11:02:44 [INFO] 检测系统资源已释放
2026-07-31 11:02:49 [INFO] CUDA 初始化成功
2026-07-31 11:02:49 [INFO] 引擎加载成功: dangerous.engine
2026-07-31 11:02:49 [INFO] 检测系统初始化成功
2026-07-31 11:02:49 [INFO] 图像预处理完成，原始尺寸: (2160, 3840)
2026-07-31 11:02:49 [INFO] 开始执行目标检测...
2026-07-31 11:02:49 [INFO] 检测完成，找到 3 个物体
2026-07-31 11:02:49 [INFO] 物体 1: GasCyl1 (置信度: 0.68)
2026-07-31 11:02:49 [INFO] 物体 2: FireExt1 (置信度: 0.45)
2026-07-31 11:02:49 [INFO] 物体 3: FireExt1 (置信度: 0.45)
2026-07-31 11:02:49 [INFO] 检测到车兜区域，将过滤区域外的目标
2026-07-31 11:02:49 [INFO] 准备保存检测结果到: C:\code\show\Scrap_Steel_In_Field\photos\dangerous_det\detection_20260731_110249.jpg
2026-07-31 11:02:49 [INFO] 图像形状: (2160, 3840, 3)
2026-07-31 11:02:49 [INFO] 图像数据类型: uint8
2026-07-31 11:02:49 [INFO] 图像最大值: 255
2026-07-31 11:02:49 [INFO] 图像最小值: 0
2026-07-31 11:02:49 [INFO] 开始保存检测结果图像: 图像尺寸=(2160, 3840, 3), 类型=uint8, 路径=C:\code\show\Scrap_Steel_In_Field\photos\dangerous_det\detection_20260731_110249.jpg
2026-07-31 11:02:49 [INFO] 成功保存检测结果到: C:\code\show\Scrap_Steel_In_Field\photos\dangerous_det\detection_20260731_110249.jpg
2026-07-31 11:02:49 [INFO] 保存的检测结果文件大小: 2256204 字节
2026-07-31 11:02:49 [INFO] 引擎上下文已释放
2026-07-31 11:02:49 [INFO] TensorRT 引擎已释放
2026-07-31 11:02:49 [INFO] 全局 CUDA 资源已释放
2026-07-31 11:02:49 [INFO] 检测系统资源已释放
2026-07-31 11:02:54 [INFO] CUDA 初始化成功
2026-07-31 11:02:54 [INFO] 引擎加载成功: dangerous.engine
2026-07-31 11:02:54 [INFO] 检测系统初始化成功
2026-07-31 11:02:54 [INFO] 图像预处理完成，原始尺寸: (2160, 3840)
2026-07-31 11:02:54 [INFO] 开始执行目标检测...
2026-07-31 11:02:54 [INFO] 检测完成，找到 3 个物体
2026-07-31 11:02:54 [INFO] 物体 1: GasCyl1 (置信度: 0.73)
2026-07-31 11:02:54 [INFO] 物体 2: FireExt1 (置信度: 0.45)
2026-07-31 11:02:54 [INFO] 物体 3: FireExt1 (置信度: 0.44)
2026-07-31 11:02:54 [INFO] 检测到车兜区域，将过滤区域外的目标
2026-07-31 11:02:54 [INFO] 准备保存检测结果到: C:\code\show\Scrap_Steel_In_Field\photos\dangerous_det\detection_20260731_110254.jpg
2026-07-31 11:02:54 [INFO] 图像形状: (2160, 3840, 3)
2026-07-31 11:02:54 [INFO] 图像数据类型: uint8
2026-07-31 11:02:54 [INFO] 图像最大值: 255
2026-07-31 11:02:54 [INFO] 图像最小值: 0
2026-07-31 11:02:54 [INFO] 开始保存检测结果图像: 图像尺寸=(2160, 3840, 3), 类型=uint8, 路径=C:\code\show\Scrap_Steel_In_Field\photos\dangerous_det\detection_20260731_110254.jpg
2026-07-31 11:02:54 [INFO] 成功保存检测结果到: C:\code\show\Scrap_Steel_In_Field\photos\dangerous_det\detection_20260731_110254.jpg
2026-07-31 11:02:54 [INFO] 保存的检测结果文件大小: 2261847 字节
2026-07-31 11:02:54 [INFO] 引擎上下文已释放
2026-07-31 11:02:54 [INFO] TensorRT 引擎已释放
2026-07-31 11:02:54 [INFO] 全局 CUDA 资源已释放
2026-07-31 11:02:54 [INFO] 检测系统资源已释放
2026-07-31 11:02:59 [INFO] CUDA 初始化成功
2026-07-31 11:02:59 [INFO] 引擎加载成功: dangerous.engine
2026-07-31 11:02:59 [INFO] 检测系统初始化成功
2026-07-31 11:02:59 [INFO] 图像预处理完成，原始尺寸: (2160, 3840)
2026-07-31 11:02:59 [INFO] 开始执行目标检测...
2026-07-31 11:02:59 [INFO] 检测完成，找到 3 个物体
2026-07-31 11:02:59 [INFO] 物体 1: GasCyl1 (置信度: 0.67)
2026-07-31 11:02:59 [INFO] 物体 2: FireExt1 (置信度: 0.47)
2026-07-31 11:02:59 [INFO] 物体 3: FireExt1 (置信度: 0.46)
2026-07-31 11:02:59 [INFO] 检测到车兜区域，将过滤区域外的目标
2026-07-31 11:02:59 [INFO] 准备保存检测结果到: C:\code\show\Scrap_Steel_In_Field\photos\dangerous_det\detection_20260731_110259.jpg
2026-07-31 11:02:59 [INFO] 图像形状: (2160, 3840, 3)
2026-07-31 11:02:59 [INFO] 图像数据类型: uint8
2026-07-31 11:02:59 [INFO] 图像最大值: 255
2026-07-31 11:02:59 [INFO] 图像最小值: 0
2026-07-31 11:02:59 [INFO] 开始保存检测结果图像: 图像尺寸=(2160, 3840, 3), 类型=uint8, 路径=C:\code\show\Scrap_Steel_In_Field\photos\dangerous_det\detection_20260731_110259.jpg
2026-07-31 11:02:59 [INFO] 成功保存检测结果到: C:\code\show\Scrap_Steel_In_Field\photos\dangerous_det\detection_20260731_110259.jpg
2026-07-31 11:02:59 [INFO] 保存的检测结果文件大小: 2260426 字节
2026-07-31 11:02:59 [INFO] 引擎上下文已释放
2026-07-31 11:02:59 [INFO] TensorRT 引擎已释放
2026-07-31 11:02:59 [INFO] 全局 CUDA 资源已释放
2026-07-31 11:02:59 [INFO] 检测系统资源已释放
2026-07-31 11:03:04 [INFO] CUDA 初始化成功
2026-07-31 11:03:04 [INFO] 引擎加载成功: dangerous.engine
2026-07-31 11:03:04 [INFO] 检测系统初始化成功
2026-07-31 11:03:04 [INFO] 图像预处理完成，原始尺寸: (2160, 3840)
2026-07-31 11:03:04 [INFO] 开始执行目标检测...
2026-07-31 11:03:04 [INFO] 检测完成，找到 3 个物体
2026-07-31 11:03:04 [INFO] 物体 1: GasCyl1 (置信度: 0.64)
2026-07-31 11:03:04 [INFO] 物体 2: FireExt1 (置信度: 0.45)
2026-07-31 11:03:04 [INFO] 物体 3: FireExt1 (置信度: 0.44)
2026-07-31 11:03:04 [INFO] 检测到车兜区域，将过滤区域外的目标
2026-07-31 11:03:04 [INFO] 准备保存检测结果到: C:\code\show\Scrap_Steel_In_Field\photos\dangerous_det\detection_20260731_110304.jpg
2026-07-31 11:03:04 [INFO] 图像形状: (2160, 3840, 3)
2026-07-31 11:03:04 [INFO] 图像数据类型: uint8
2026-07-31 11:03:04 [INFO] 图像最大值: 255
2026-07-31 11:03:04 [INFO] 图像最小值: 0
2026-07-31 11:03:04 [INFO] 开始保存检测结果图像: 图像尺寸=(2160, 3840, 3), 类型=uint8, 路径=C:\code\show\Scrap_Steel_In_Field\photos\dangerous_det\detection_20260731_110304.jpg
2026-07-31 11:03:04 [INFO] 成功保存检测结果到: C:\code\show\Scrap_Steel_In_Field\photos\dangerous_det\detection_20260731_110304.jpg
2026-07-31 11:03:04 [INFO] 保存的检测结果文件大小: 2257438 字节
2026-07-31 11:03:04 [INFO] 引擎上下文已释放
2026-07-31 11:03:04 [INFO] TensorRT 引擎已释放
2026-07-31 11:03:04 [INFO] 全局 CUDA 资源已释放
2026-07-31 11:03:04 [INFO] 检测系统资源已释放
2026-07-31 11:03:10 [INFO] CUDA 初始化成功
2026-07-31 11:03:10 [INFO] 引擎加载成功: dangerous.engine
2026-07-31 11:03:10 [INFO] 检测系统初始化成功
2026-07-31 11:03:10 [INFO] 图像预处理完成，原始尺寸: (2160, 3840)
2026-07-31 11:03:10 [INFO] 开始执行目标检测...
2026-07-31 11:03:10 [INFO] 检测完成，找到 3 个物体
2026-07-31 11:03:10 [INFO] 物体 1: GasCyl1 (置信度: 0.68)
2026-07-31 11:03:10 [INFO] 物体 2: FireExt1 (置信度: 0.46)
2026-07-31 11:03:10 [INFO] 物体 3: FireExt1 (置信度: 0.43)
2026-07-31 11:03:10 [INFO] 检测到车兜区域，将过滤区域外的目标
2026-07-31 11:03:10 [INFO] 准备保存检测结果到: C:\code\show\Scrap_Steel_In_Field\photos\dangerous_det\detection_20260731_110310.jpg
2026-07-31 11:03:10 [INFO] 图像形状: (2160, 3840, 3)
2026-07-31 11:03:10 [INFO] 图像数据类型: uint8
2026-07-31 11:03:10 [INFO] 图像最大值: 255
2026-07-31 11:03:10 [INFO] 图像最小值: 0
2026-07-31 11:03:10 [INFO] 开始保存检测结果图像: 图像尺寸=(2160, 3840, 3), 类型=uint8, 路径=C:\code\show\Scrap_Steel_In_Field\photos\dangerous_det\detection_20260731_110310.jpg
2026-07-31 11:03:10 [INFO] 成功保存检测结果到: C:\code\show\Scrap_Steel_In_Field\photos\dangerous_det\detection_20260731_110310.jpg
2026-07-31 11:03:10 [INFO] 保存的检测结果文件大小: 2256623 字节
2026-07-31 11:03:10 [INFO] 引擎上下文已释放
2026-07-31 11:03:10 [INFO] TensorRT 引擎已释放
2026-07-31 11:03:10 [INFO] 全局 CUDA 资源已释放
2026-07-31 11:03:10 [INFO] 检测系统资源已释放
2026-07-31 11:03:14 [INFO] CUDA 初始化成功
2026-07-31 11:03:14 [INFO] 引擎加载成功: dangerous.engine
2026-07-31 11:03:14 [INFO] 检测系统初始化成功
2026-07-31 11:03:14 [INFO] 图像预处理完成，原始尺寸: (2160, 3840)
2026-07-31 11:03:14 [INFO] 开始执行目标检测...
2026-07-31 11:03:14 [INFO] 检测完成，找到 3 个物体
2026-07-31 11:03:14 [INFO] 物体 1: GasCyl1 (置信度: 0.67)
2026-07-31 11:03:14 [INFO] 物体 2: FireExt1 (置信度: 0.44)
2026-07-31 11:03:14 [INFO] 物体 3: FireExt1 (置信度: 0.42)
2026-07-31 11:03:14 [INFO] 检测到车兜区域，将过滤区域外的目标
2026-07-31 11:03:14 [INFO] 准备保存检测结果到: C:\code\show\Scrap_Steel_In_Field\photos\dangerous_det\detection_20260731_110314.jpg
2026-07-31 11:03:14 [INFO] 图像形状: (2160, 3840, 3)
2026-07-31 11:03:14 [INFO] 图像数据类型: uint8
2026-07-31 11:03:14 [INFO] 图像最大值: 255
2026-07-31 11:03:14 [INFO] 图像最小值: 0
2026-07-31 11:03:14 [INFO] 开始保存检测结果图像: 图像尺寸=(2160, 3840, 3), 类型=uint8, 路径=C:\code\show\Scrap_Steel_In_Field\photos\dangerous_det\detection_20260731_110314.jpg
2026-07-31 11:03:15 [INFO] 成功保存检测结果到: C:\code\show\Scrap_Steel_In_Field\photos\dangerous_det\detection_20260731_110314.jpg
2026-07-31 11:03:15 [INFO] 保存的检测结果文件大小: 2262936 字节
2026-07-31 11:03:15 [INFO] 引擎上下文已释放
2026-07-31 11:03:15 [INFO] TensorRT 引擎已释放
2026-07-31 11:03:15 [INFO] 全局 CUDA 资源已释放
2026-07-31 11:03:15 [INFO] 检测系统资源已释放
2026-07-31 11:03:19 [INFO] CUDA 初始化成功
2026-07-31 11:03:20 [INFO] 引擎加载成功: dangerous.engine
2026-07-31 11:03:20 [INFO] 检测系统初始化成功
2026-07-31 11:03:20 [INFO] 图像预处理完成，原始尺寸: (2160, 3840)
2026-07-31 11:03:20 [INFO] 开始执行目标检测...
2026-07-31 11:03:20 [INFO] 检测完成，找到 3 个物体
2026-07-31 11:03:20 [INFO] 物体 1: GasCyl1 (置信度: 0.67)
2026-07-31 11:03:20 [INFO] 物体 2: FireExt1 (置信度: 0.47)
2026-07-31 11:03:20 [INFO] 物体 3: FireExt1 (置信度: 0.45)
2026-07-31 11:03:20 [INFO] 检测到车兜区域，将过滤区域外的目标
2026-07-31 11:03:20 [INFO] 准备保存检测结果到: C:\code\show\Scrap_Steel_In_Field\photos\dangerous_det\detection_20260731_110320.jpg
2026-07-31 11:03:20 [INFO] 图像形状: (2160, 3840, 3)
2026-07-31 11:03:20 [INFO] 图像数据类型: uint8
2026-07-31 11:03:20 [INFO] 图像最大值: 255
2026-07-31 11:03:20 [INFO] 图像最小值: 0
2026-07-31 11:03:20 [INFO] 开始保存检测结果图像: 图像尺寸=(2160, 3840, 3), 类型=uint8, 路径=C:\code\show\Scrap_Steel_In_Field\photos\dangerous_det\detection_20260731_110320.jpg
2026-07-31 11:03:20 [INFO] 成功保存检测结果到: C:\code\show\Scrap_Steel_In_Field\photos\dangerous_det\detection_20260731_110320.jpg
2026-07-31 11:03:20 [INFO] 保存的检测结果文件大小: 2255614 字节
2026-07-31 11:03:20 [INFO] 引擎上下文已释放
2026-07-31 11:03:20 [INFO] TensorRT 引擎已释放
2026-07-31 11:03:20 [INFO] 全局 CUDA 资源已释放
2026-07-31 11:03:20 [INFO] 检测系统资源已释放
2026-07-31 11:03:25 [INFO] CUDA 初始化成功
2026-07-31 11:03:25 [INFO] 引擎加载成功: dangerous.engine
2026-07-31 11:03:25 [INFO] 检测系统初始化成功
2026-07-31 11:03:25 [INFO] 图像预处理完成，原始尺寸: (2160, 3840)
2026-07-31 11:03:25 [INFO] 开始执行目标检测...
2026-07-31 11:03:25 [INFO] 检测完成，找到 4 个物体
2026-07-31 11:03:25 [INFO] 物体 1: GasCyl1 (置信度: 0.64)
2026-07-31 11:03:25 [INFO] 物体 2: FireExt1 (置信度: 0.45)
2026-07-31 11:03:25 [INFO] 物体 3: FireExt1 (置信度: 0.42)
2026-07-31 11:03:25 [INFO] 物体 4: FireExt1 (置信度: 0.36)
2026-07-31 11:03:25 [INFO] 检测到车兜区域，将过滤区域外的目标
2026-07-31 11:03:25 [INFO] 准备保存检测结果到: C:\code\show\Scrap_Steel_In_Field\photos\dangerous_det\detection_20260731_110325.jpg
2026-07-31 11:03:25 [INFO] 图像形状: (2160, 3840, 3)
2026-07-31 11:03:25 [INFO] 图像数据类型: uint8
2026-07-31 11:03:25 [INFO] 图像最大值: 255
2026-07-31 11:03:25 [INFO] 图像最小值: 0
2026-07-31 11:03:25 [INFO] 开始保存检测结果图像: 图像尺寸=(2160, 3840, 3), 类型=uint8, 路径=C:\code\show\Scrap_Steel_In_Field\photos\dangerous_det\detection_20260731_110325.jpg
2026-07-31 11:03:25 [INFO] 成功保存检测结果到: C:\code\show\Scrap_Steel_In_Field\photos\dangerous_det\detection_20260731_110325.jpg
2026-07-31 11:03:25 [INFO] 保存的检测结果文件大小: 2264207 字节
2026-07-31 11:03:25 [INFO] 引擎上下文已释放
2026-07-31 11:03:25 [INFO] TensorRT 引擎已释放
2026-07-31 11:03:25 [INFO] 全局 CUDA 资源已释放
2026-07-31 11:03:25 [INFO] 检测系统资源已释放
2026-07-31 11:03:30 [INFO] CUDA 初始化成功
2026-07-31 11:03:30 [INFO] 引擎加载成功: dangerous.engine
2026-07-31 11:03:30 [INFO] 检测系统初始化成功
2026-07-31 11:03:30 [INFO] 图像预处理完成，原始尺寸: (2160, 3840)
2026-07-31 11:03:30 [INFO] 开始执行目标检测...
2026-07-31 11:03:30 [INFO] 检测完成，找到 3 个物体
2026-07-31 11:03:30 [INFO] 物体 1: GasCyl1 (置信度: 0.64)
2026-07-31 11:03:30 [INFO] 物体 2: FireExt1 (置信度: 0.46)
2026-07-31 11:03:30 [INFO] 物体 3: FireExt1 (置信度: 0.43)
2026-07-31 11:03:30 [INFO] 检测到车兜区域，将过滤区域外的目标
2026-07-31 11:03:30 [INFO] 准备保存检测结果到: C:\code\show\Scrap_Steel_In_Field\photos\dangerous_det\detection_20260731_110330.jpg
2026-07-31 11:03:30 [INFO] 图像形状: (2160, 3840, 3)
2026-07-31 11:03:30 [INFO] 图像数据类型: uint8
2026-07-31 11:03:30 [INFO] 图像最大值: 255
2026-07-31 11:03:30 [INFO] 图像最小值: 0
2026-07-31 11:03:30 [INFO] 开始保存检测结果图像: 图像尺寸=(2160, 3840, 3), 类型=uint8, 路径=C:\code\show\Scrap_Steel_In_Field\photos\dangerous_det\detection_20260731_110330.jpg
2026-07-31 11:03:30 [INFO] 成功保存检测结果到: C:\code\show\Scrap_Steel_In_Field\photos\dangerous_det\detection_20260731_110330.jpg
2026-07-31 11:03:30 [INFO] 保存的检测结果文件大小: 2261172 字节
2026-07-31 11:03:30 [INFO] 引擎上下文已释放
2026-07-31 11:03:30 [INFO] TensorRT 引擎已释放
2026-07-31 11:03:30 [INFO] 全局 CUDA 资源已释放
2026-07-31 11:03:30 [INFO] 检测系统资源已释放
2026-07-31 11:03:35 [INFO] CUDA 初始化成功
2026-07-31 11:03:35 [INFO] 引擎加载成功: dangerous.engine
2026-07-31 11:03:35 [INFO] 检测系统初始化成功
2026-07-31 11:03:35 [INFO] 图像预处理完成，原始尺寸: (2160, 3840)
2026-07-31 11:03:35 [INFO] 开始执行目标检测...
2026-07-31 11:03:35 [INFO] 检测完成，找到 3 个物体
2026-07-31 11:03:35 [INFO] 物体 1: GasCyl1 (置信度: 0.67)
2026-07-31 11:03:35 [INFO] 物体 2: FireExt1 (置信度: 0.46)
2026-07-31 11:03:35 [INFO] 物体 3: FireExt1 (置信度: 0.44)
2026-07-31 11:03:36 [INFO] 检测到车兜区域，将过滤区域外的目标
2026-07-31 11:03:36 [INFO] 准备保存检测结果到: C:\code\show\Scrap_Steel_In_Field\photos\dangerous_det\detection_20260731_110336.jpg
2026-07-31 11:03:36 [INFO] 图像形状: (2160, 3840, 3)
2026-07-31 11:03:36 [INFO] 图像数据类型: uint8
2026-07-31 11:03:36 [INFO] 图像最大值: 255
2026-07-31 11:03:36 [INFO] 图像最小值: 0
2026-07-31 11:03:36 [INFO] 开始保存检测结果图像: 图像尺寸=(2160, 3840, 3), 类型=uint8, 路径=C:\code\show\Scrap_Steel_In_Field\photos\dangerous_det\detection_20260731_110336.jpg
2026-07-31 11:03:36 [INFO] 成功保存检测结果到: C:\code\show\Scrap_Steel_In_Field\photos\dangerous_det\detection_20260731_110336.jpg
2026-07-31 11:03:36 [INFO] 保存的检测结果文件大小: 2261146 字节
2026-07-31 11:03:36 [INFO] 引擎上下文已释放
2026-07-31 11:03:36 [INFO] TensorRT 引擎已释放
2026-07-31 11:03:36 [INFO] 全局 CUDA 资源已释放
2026-07-31 11:03:36 [INFO] 检测系统资源已释放
2026-07-31 11:03:40 [INFO] CUDA 初始化成功
2026-07-31 11:03:41 [INFO] 引擎加载成功: dangerous.engine
2026-07-31 11:03:41 [INFO] 检测系统初始化成功
2026-07-31 11:03:41 [INFO] 图像预处理完成，原始尺寸: (2160, 3840)
2026-07-31 11:03:41 [INFO] 开始执行目标检测...
2026-07-31 11:03:41 [INFO] 检测完成，找到 3 个物体
2026-07-31 11:03:41 [INFO] 物体 1: GasCyl1 (置信度: 0.70)
2026-07-31 11:03:41 [INFO] 物体 2: FireExt1 (置信度: 0.44)
2026-07-31 11:03:41 [INFO] 物体 3: FireExt1 (置信度: 0.41)
2026-07-31 11:03:41 [INFO] 检测到车兜区域，将过滤区域外的目标
2026-07-31 11:03:41 [INFO] 准备保存检测结果到: C:\code\show\Scrap_Steel_In_Field\photos\dangerous_det\detection_20260731_110341.jpg
2026-07-31 11:03:41 [INFO] 图像形状: (2160, 3840, 3)
2026-07-31 11:03:41 [INFO] 图像数据类型: uint8
2026-07-31 11:03:41 [INFO] 图像最大值: 255
2026-07-31 11:03:41 [INFO] 图像最小值: 0
2026-07-31 11:03:41 [INFO] 开始保存检测结果图像: 图像尺寸=(2160, 3840, 3), 类型=uint8, 路径=C:\code\show\Scrap_Steel_In_Field\photos\dangerous_det\detection_20260731_110341.jpg
2026-07-31 11:03:41 [INFO] 成功保存检测结果到: C:\code\show\Scrap_Steel_In_Field\photos\dangerous_det\detection_20260731_110341.jpg
2026-07-31 11:03:41 [INFO] 保存的检测结果文件大小: 2262873 字节
2026-07-31 11:03:41 [INFO] 引擎上下文已释放
2026-07-31 11:03:41 [INFO] TensorRT 引擎已释放
2026-07-31 11:03:41 [INFO] 全局 CUDA 资源已释放
2026-07-31 11:03:41 [INFO] 检测系统资源已释放
2026-07-31 11:03:46 [INFO] CUDA 初始化成功
2026-07-31 11:03:46 [INFO] 引擎加载成功: dangerous.engine
2026-07-31 11:03:46 [INFO] 检测系统初始化成功
2026-07-31 11:03:46 [INFO] 图像预处理完成，原始尺寸: (2160, 3840)
2026-07-31 11:03:46 [INFO] 开始执行目标检测...
2026-07-31 11:03:46 [INFO] 检测完成，找到 3 个物体
2026-07-31 11:03:46 [INFO] 物体 1: GasCyl1 (置信度: 0.67)
2026-07-31 11:03:46 [INFO] 物体 2: FireExt1 (置信度: 0.46)
2026-07-31 11:03:46 [INFO] 物体 3: FireExt1 (置信度: 0.45)
2026-07-31 11:03:46 [INFO] 检测到车兜区域，将过滤区域外的目标
2026-07-31 11:03:46 [INFO] 准备保存检测结果到: C:\code\show\Scrap_Steel_In_Field\photos\dangerous_det\detection_20260731_110346.jpg
2026-07-31 11:03:46 [INFO] 图像形状: (2160, 3840, 3)
2026-07-31 11:03:46 [INFO] 图像数据类型: uint8
2026-07-31 11:03:46 [INFO] 图像最大值: 255
2026-07-31 11:03:46 [INFO] 图像最小值: 0
2026-07-31 11:03:46 [INFO] 开始保存检测结果图像: 图像尺寸=(2160, 3840, 3), 类型=uint8, 路径=C:\code\show\Scrap_Steel_In_Field\photos\dangerous_det\detection_20260731_110346.jpg
2026-07-31 11:03:46 [INFO] 成功保存检测结果到: C:\code\show\Scrap_Steel_In_Field\photos\dangerous_det\detection_20260731_110346.jpg
2026-07-31 11:03:46 [INFO] 保存的检测结果文件大小: 2257253 字节
2026-07-31 11:03:46 [INFO] 引擎上下文已释放
2026-07-31 11:03:46 [INFO] TensorRT 引擎已释放
2026-07-31 11:03:46 [INFO] 全局 CUDA 资源已释放
2026-07-31 11:03:46 [INFO] 检测系统资源已释放
2026-07-31 11:03:51 [INFO] CUDA 初始化成功
2026-07-31 11:03:51 [INFO] 引擎加载成功: dangerous.engine
2026-07-31 11:03:51 [INFO] 检测系统初始化成功
2026-07-31 11:03:51 [INFO] 图像预处理完成，原始尺寸: (2160, 3840)
2026-07-31 11:03:51 [INFO] 开始执行目标检测...
2026-07-31 11:03:51 [INFO] 检测完成，找到 3 个物体
2026-07-31 11:03:51 [INFO] 物体 1: GasCyl1 (置信度: 0.65)
2026-07-31 11:03:51 [INFO] 物体 2: FireExt1 (置信度: 0.45)
2026-07-31 11:03:51 [INFO] 物体 3: FireExt1 (置信度: 0.44)
2026-07-31 11:03:51 [INFO] 检测到车兜区域，将过滤区域外的目标
2026-07-31 11:03:51 [INFO] 准备保存检测结果到: C:\code\show\Scrap_Steel_In_Field\photos\dangerous_det\detection_20260731_110351.jpg
2026-07-31 11:03:51 [INFO] 图像形状: (2160, 3840, 3)
2026-07-31 11:03:51 [INFO] 图像数据类型: uint8
2026-07-31 11:03:51 [INFO] 图像最大值: 255
2026-07-31 11:03:51 [INFO] 图像最小值: 0
2026-07-31 11:03:51 [INFO] 开始保存检测结果图像: 图像尺寸=(2160, 3840, 3), 类型=uint8, 路径=C:\code\show\Scrap_Steel_In_Field\photos\dangerous_det\detection_20260731_110351.jpg
2026-07-31 11:03:51 [INFO] 成功保存检测结果到: C:\code\show\Scrap_Steel_In_Field\photos\dangerous_det\detection_20260731_110351.jpg
2026-07-31 11:03:51 [INFO] 保存的检测结果文件大小: 2260245 字节
2026-07-31 11:03:51 [INFO] 引擎上下文已释放
2026-07-31 11:03:51 [INFO] TensorRT 引擎已释放
2026-07-31 11:03:51 [INFO] 全局 CUDA 资源已释放
2026-07-31 11:03:51 [INFO] 检测系统资源已释放
2026-07-31 11:03:56 [INFO] CUDA 初始化成功
2026-07-31 11:03:56 [INFO] 引擎加载成功: dangerous.engine
2026-07-31 11:03:56 [INFO] 检测系统初始化成功
2026-07-31 11:03:56 [INFO] 图像预处理完成，原始尺寸: (2160, 3840)
2026-07-31 11:03:56 [INFO] 开始执行目标检测...
2026-07-31 11:03:57 [INFO] 检测完成，找到 3 个物体
2026-07-31 11:03:57 [INFO] 物体 1: GasCyl1 (置信度: 0.72)
2026-07-31 11:03:57 [INFO] 物体 2: FireExt1 (置信度: 0.46)
2026-07-31 11:03:57 [INFO] 物体 3: FireExt1 (置信度: 0.46)
2026-07-31 11:03:57 [INFO] 检测到车兜区域，将过滤区域外的目标
2026-07-31 11:03:57 [INFO] 准备保存检测结果到: C:\code\show\Scrap_Steel_In_Field\photos\dangerous_det\detection_20260731_110357.jpg
2026-07-31 11:03:57 [INFO] 图像形状: (2160, 3840, 3)
2026-07-31 11:03:57 [INFO] 图像数据类型: uint8
2026-07-31 11:03:57 [INFO] 图像最大值: 255
2026-07-31 11:03:57 [INFO] 图像最小值: 0
2026-07-31 11:03:57 [INFO] 开始保存检测结果图像: 图像尺寸=(2160, 3840, 3), 类型=uint8, 路径=C:\code\show\Scrap_Steel_In_Field\photos\dangerous_det\detection_20260731_110357.jpg
2026-07-31 11:03:57 [INFO] 成功保存检测结果到: C:\code\show\Scrap_Steel_In_Field\photos\dangerous_det\detection_20260731_110357.jpg
2026-07-31 11:03:57 [INFO] 保存的检测结果文件大小: 2259620 字节
2026-07-31 11:03:57 [INFO] 引擎上下文已释放
2026-07-31 11:03:57 [INFO] TensorRT 引擎已释放
2026-07-31 11:03:57 [INFO] 全局 CUDA 资源已释放
2026-07-31 11:03:57 [INFO] 检测系统资源已释放
2026-07-31 11:04:02 [INFO] CUDA 初始化成功
2026-07-31 11:04:02 [INFO] 引擎加载成功: dangerous.engine
2026-07-31 11:04:02 [INFO] 检测系统初始化成功
2026-07-31 11:04:02 [INFO] 图像预处理完成，原始尺寸: (2160, 3840)
2026-07-31 11:04:02 [INFO] 开始执行目标检测...
2026-07-31 11:04:02 [INFO] 检测完成，找到 3 个物体
2026-07-31 11:04:02 [INFO] 物体 1: GasCyl1 (置信度: 0.65)
2026-07-31 11:04:02 [INFO] 物体 2: FireExt1 (置信度: 0.45)
2026-07-31 11:04:02 [INFO] 物体 3: FireExt1 (置信度: 0.44)
2026-07-31 11:04:02 [INFO] 检测到车兜区域，将过滤区域外的目标
2026-07-31 11:04:02 [INFO] 准备保存检测结果到: C:\code\show\Scrap_Steel_In_Field\photos\dangerous_det\detection_20260731_110402.jpg
2026-07-31 11:04:02 [INFO] 图像形状: (2160, 3840, 3)
2026-07-31 11:04:02 [INFO] 图像数据类型: uint8
2026-07-31 11:04:02 [INFO] 图像最大值: 255
2026-07-31 11:04:02 [INFO] 图像最小值: 0
2026-07-31 11:04:02 [INFO] 开始保存检测结果图像: 图像尺寸=(2160, 3840, 3), 类型=uint8, 路径=C:\code\show\Scrap_Steel_In_Field\photos\dangerous_det\detection_20260731_110402.jpg
2026-07-31 11:04:02 [INFO] 成功保存检测结果到: C:\code\show\Scrap_Steel_In_Field\photos\dangerous_det\detection_20260731_110402.jpg
2026-07-31 11:04:02 [INFO] 保存的检测结果文件大小: 2261711 字节
2026-07-31 11:04:02 [INFO] 引擎上下文已释放
2026-07-31 11:04:02 [INFO] TensorRT 引擎已释放
2026-07-31 11:04:02 [INFO] 全局 CUDA 资源已释放
2026-07-31 11:04:02 [INFO] 检测系统资源已释放
2026-07-31 11:04:07 [INFO] CUDA 初始化成功
2026-07-31 11:04:07 [INFO] 引擎加载成功: dangerous.engine
2026-07-31 11:04:07 [INFO] 检测系统初始化成功
2026-07-31 11:04:07 [INFO] 图像预处理完成，原始尺寸: (2160, 3840)
2026-07-31 11:04:07 [INFO] 开始执行目标检测...
2026-07-31 11:04:07 [INFO] 检测完成，找到 3 个物体
2026-07-31 11:04:07 [INFO] 物体 1: GasCyl1 (置信度: 0.74)
2026-07-31 11:04:07 [INFO] 物体 2: FireExt1 (置信度: 0.46)
2026-07-31 11:04:07 [INFO] 物体 3: FireExt1 (置信度: 0.45)
2026-07-31 11:04:07 [INFO] 检测到车兜区域，将过滤区域外的目标
2026-07-31 11:04:07 [INFO] 准备保存检测结果到: C:\code\show\Scrap_Steel_In_Field\photos\dangerous_det\detection_20260731_110407.jpg
2026-07-31 11:04:07 [INFO] 图像形状: (2160, 3840, 3)
2026-07-31 11:04:07 [INFO] 图像数据类型: uint8
2026-07-31 11:04:07 [INFO] 图像最大值: 255
2026-07-31 11:04:07 [INFO] 图像最小值: 0
2026-07-31 11:04:07 [INFO] 开始保存检测结果图像: 图像尺寸=(2160, 3840, 3), 类型=uint8, 路径=C:\code\show\Scrap_Steel_In_Field\photos\dangerous_det\detection_20260731_110407.jpg
2026-07-31 11:04:07 [INFO] 成功保存检测结果到: C:\code\show\Scrap_Steel_In_Field\photos\dangerous_det\detection_20260731_110407.jpg
2026-07-31 11:04:07 [INFO] 保存的检测结果文件大小: 2263633 字节
2026-07-31 11:04:07 [INFO] 引擎上下文已释放
2026-07-31 11:04:07 [INFO] TensorRT 引擎已释放
2026-07-31 11:04:07 [INFO] 全局 CUDA 资源已释放
2026-07-31 11:04:07 [INFO] 检测系统资源已释放
2026-07-31 11:04:12 [INFO] CUDA 初始化成功
2026-07-31 11:04:12 [INFO] 引擎加载成功: dangerous.engine
2026-07-31 11:04:12 [INFO] 检测系统初始化成功
2026-07-31 11:04:12 [INFO] 图像预处理完成，原始尺寸: (2160, 3840)
2026-07-31 11:04:12 [INFO] 开始执行目标检测...
2026-07-31 11:04:12 [INFO] 检测完成，找到 3 个物体
2026-07-31 11:04:12 [INFO] 物体 1: GasCyl1 (置信度: 0.68)
2026-07-31 11:04:12 [INFO] 物体 2: FireExt1 (置信度: 0.46)
2026-07-31 11:04:12 [INFO] 物体 3: FireExt1 (置信度: 0.43)
2026-07-31 11:04:12 [INFO] 检测到车兜区域，将过滤区域外的目标
2026-07-31 11:04:12 [INFO] 准备保存检测结果到: C:\code\show\Scrap_Steel_In_Field\photos\dangerous_det\detection_20260731_110412.jpg
2026-07-31 11:04:12 [INFO] 图像形状: (2160, 3840, 3)
2026-07-31 11:04:12 [INFO] 图像数据类型: uint8
2026-07-31 11:04:12 [INFO] 图像最大值: 255
2026-07-31 11:04:12 [INFO] 图像最小值: 0
2026-07-31 11:04:12 [INFO] 开始保存检测结果图像: 图像尺寸=(2160, 3840, 3), 类型=uint8, 路径=C:\code\show\Scrap_Steel_In_Field\photos\dangerous_det\detection_20260731_110412.jpg
2026-07-31 11:04:12 [INFO] 成功保存检测结果到: C:\code\show\Scrap_Steel_In_Field\photos\dangerous_det\detection_20260731_110412.jpg
2026-07-31 11:04:12 [INFO] 保存的检测结果文件大小: 2260148 字节
2026-07-31 11:04:12 [INFO] 引擎上下文已释放
2026-07-31 11:04:12 [INFO] TensorRT 引擎已释放
2026-07-31 11:04:12 [INFO] 全局 CUDA 资源已释放
2026-07-31 11:04:12 [INFO] 检测系统资源已释放
2026-07-31 11:04:17 [INFO] CUDA 初始化成功
2026-07-31 11:04:17 [INFO] 引擎加载成功: dangerous.engine
2026-07-31 11:04:17 [INFO] 检测系统初始化成功
2026-07-31 11:04:17 [INFO] 图像预处理完成，原始尺寸: (2160, 3840)
2026-07-31 11:04:17 [INFO] 开始执行目标检测...
2026-07-31 11:04:17 [INFO] 检测完成，找到 3 个物体
2026-07-31 11:04:17 [INFO] 物体 1: GasCyl1 (置信度: 0.70)
2026-07-31 11:04:17 [INFO] 物体 2: FireExt1 (置信度: 0.46)
2026-07-31 11:04:17 [INFO] 物体 3: FireExt1 (置信度: 0.45)
2026-07-31 11:04:17 [INFO] 检测到车兜区域，将过滤区域外的目标
2026-07-31 11:04:17 [INFO] 准备保存检测结果到: C:\code\show\Scrap_Steel_In_Field\photos\dangerous_det\detection_20260731_110417.jpg
2026-07-31 11:04:17 [INFO] 图像形状: (2160, 3840, 3)
2026-07-31 11:04:17 [INFO] 图像数据类型: uint8
2026-07-31 11:04:17 [INFO] 图像最大值: 255
2026-07-31 11:04:18 [INFO] 图像最小值: 0
2026-07-31 11:04:18 [INFO] 开始保存检测结果图像: 图像尺寸=(2160, 3840, 3), 类型=uint8, 路径=C:\code\show\Scrap_Steel_In_Field\photos\dangerous_det\detection_20260731_110417.jpg
2026-07-31 11:04:18 [INFO] 成功保存检测结果到: C:\code\show\Scrap_Steel_In_Field\photos\dangerous_det\detection_20260731_110417.jpg
2026-07-31 11:04:18 [INFO] 保存的检测结果文件大小: 2261679 字节
2026-07-31 11:04:18 [INFO] 引擎上下文已释放
2026-07-31 11:04:18 [INFO] TensorRT 引擎已释放
2026-07-31 11:04:18 [INFO] 全局 CUDA 资源已释放
2026-07-31 11:04:18 [INFO] 检测系统资源已释放
2026-07-31 11:04:23 [INFO] CUDA 初始化成功
2026-07-31 11:04:23 [INFO] 引擎加载成功: dangerous.engine
2026-07-31 11:04:23 [INFO] 检测系统初始化成功
2026-07-31 11:04:23 [INFO] 图像预处理完成，原始尺寸: (2160, 3840)
2026-07-31 11:04:23 [INFO] 开始执行目标检测...
2026-07-31 11:04:23 [INFO] 检测完成，找到 3 个物体
2026-07-31 11:04:23 [INFO] 物体 1: GasCyl1 (置信度: 0.64)
2026-07-31 11:04:23 [INFO] 物体 2: FireExt1 (置信度: 0.45)
2026-07-31 11:04:23 [INFO] 物体 3: FireExt1 (置信度: 0.45)
2026-07-31 11:04:23 [INFO] 检测到车兜区域，将过滤区域外的目标
2026-07-31 11:04:23 [INFO] 准备保存检测结果到: C:\code\show\Scrap_Steel_In_Field\photos\dangerous_det\detection_20260731_110423.jpg
2026-07-31 11:04:23 [INFO] 图像形状: (2160, 3840, 3)
2026-07-31 11:04:23 [INFO] 图像数据类型: uint8
2026-07-31 11:04:23 [INFO] 图像最大值: 255
2026-07-31 11:04:23 [INFO] 图像最小值: 0
2026-07-31 11:04:23 [INFO] 开始保存检测结果图像: 图像尺寸=(2160, 3840, 3), 类型=uint8, 路径=C:\code\show\Scrap_Steel_In_Field\photos\dangerous_det\detection_20260731_110423.jpg
2026-07-31 11:04:23 [INFO] 成功保存检测结果到: C:\code\show\Scrap_Steel_In_Field\photos\dangerous_det\detection_20260731_110423.jpg
2026-07-31 11:04:23 [INFO] 保存的检测结果文件大小: 2263216 字节
2026-07-31 11:04:23 [INFO] 引擎上下文已释放
2026-07-31 11:04:23 [INFO] TensorRT 引擎已释放
2026-07-31 11:04:23 [INFO] 全局 CUDA 资源已释放
2026-07-31 11:04:23 [INFO] 检测系统资源已释放
2026-07-31 11:04:28 [INFO] CUDA 初始化成功
2026-07-31 11:04:28 [INFO] 引擎加载成功: dangerous.engine
2026-07-31 11:04:28 [INFO] 检测系统初始化成功
2026-07-31 11:04:28 [INFO] 图像预处理完成，原始尺寸: (2160, 3840)
2026-07-31 11:04:28 [INFO] 开始执行目标检测...
2026-07-31 11:04:28 [INFO] 检测完成，找到 3 个物体
2026-07-31 11:04:28 [INFO] 物体 1: GasCyl1 (置信度: 0.68)
2026-07-31 11:04:28 [INFO] 物体 2: FireExt1 (置信度: 0.45)
2026-07-31 11:04:28 [INFO] 物体 3: FireExt1 (置信度: 0.44)
2026-07-31 11:04:28 [INFO] 检测到车兜区域，将过滤区域外的目标
2026-07-31 11:04:28 [INFO] 准备保存检测结果到: C:\code\show\Scrap_Steel_In_Field\photos\dangerous_det\detection_20260731_110428.jpg
2026-07-31 11:04:28 [INFO] 图像形状: (2160, 3840, 3)
2026-07-31 11:04:28 [INFO] 图像数据类型: uint8
2026-07-31 11:04:28 [INFO] 图像最大值: 255
2026-07-31 11:04:28 [INFO] 图像最小值: 0
2026-07-31 11:04:28 [INFO] 开始保存检测结果图像: 图像尺寸=(2160, 3840, 3), 类型=uint8, 路径=C:\code\show\Scrap_Steel_In_Field\photos\dangerous_det\detection_20260731_110428.jpg
2026-07-31 11:04:28 [INFO] 成功保存检测结果到: C:\code\show\Scrap_Steel_In_Field\photos\dangerous_det\detection_20260731_110428.jpg
2026-07-31 11:04:28 [INFO] 保存的检测结果文件大小: 2259956 字节
2026-07-31 11:04:28 [INFO] 引擎上下文已释放
2026-07-31 11:04:28 [INFO] TensorRT 引擎已释放
2026-07-31 11:04:28 [INFO] 全局 CUDA 资源已释放
2026-07-31 11:04:28 [INFO] 检测系统资源已释放
2026-07-31 11:04:33 [INFO] CUDA 初始化成功
2026-07-31 11:04:33 [INFO] 引擎加载成功: dangerous.engine
2026-07-31 11:04:33 [INFO] 检测系统初始化成功
2026-07-31 11:04:33 [INFO] 图像预处理完成，原始尺寸: (2160, 3840)
2026-07-31 11:04:33 [INFO] 开始执行目标检测...
2026-07-31 11:04:33 [INFO] 检测完成，找到 3 个物体
2026-07-31 11:04:33 [INFO] 物体 1: GasCyl1 (置信度: 0.69)
2026-07-31 11:04:33 [INFO] 物体 2: FireExt1 (置信度: 0.45)
2026-07-31 11:04:33 [INFO] 物体 3: FireExt1 (置信度: 0.44)
2026-07-31 11:04:33 [INFO] 检测到车兜区域，将过滤区域外的目标
2026-07-31 11:04:33 [INFO] 准备保存检测结果到: C:\code\show\Scrap_Steel_In_Field\photos\dangerous_det\detection_20260731_110433.jpg
2026-07-31 11:04:33 [INFO] 图像形状: (2160, 3840, 3)
2026-07-31 11:04:33 [INFO] 图像数据类型: uint8
2026-07-31 11:04:33 [INFO] 图像最大值: 255
2026-07-31 11:04:33 [INFO] 图像最小值: 0
2026-07-31 11:04:33 [INFO] 开始保存检测结果图像: 图像尺寸=(2160, 3840, 3), 类型=uint8, 路径=C:\code\show\Scrap_Steel_In_Field\photos\dangerous_det\detection_20260731_110433.jpg
2026-07-31 11:04:33 [INFO] 成功保存检测结果到: C:\code\show\Scrap_Steel_In_Field\photos\dangerous_det\detection_20260731_110433.jpg
2026-07-31 11:04:33 [INFO] 保存的检测结果文件大小: 2263597 字节
2026-07-31 11:04:33 [INFO] 引擎上下文已释放
2026-07-31 11:04:33 [INFO] TensorRT 引擎已释放
2026-07-31 11:04:33 [INFO] 全局 CUDA 资源已释放
2026-07-31 11:04:33 [INFO] 检测系统资源已释放
2026-07-31 11:04:38 [INFO] CUDA 初始化成功
2026-07-31 11:04:38 [INFO] 引擎加载成功: dangerous.engine
2026-07-31 11:04:38 [INFO] 检测系统初始化成功
2026-07-31 11:04:38 [INFO] 图像预处理完成，原始尺寸: (2160, 3840)
2026-07-31 11:04:38 [INFO] 开始执行目标检测...
2026-07-31 11:04:38 [INFO] 检测完成，找到 3 个物体
2026-07-31 11:04:38 [INFO] 物体 1: GasCyl1 (置信度: 0.70)
2026-07-31 11:04:38 [INFO] 物体 2: FireExt1 (置信度: 0.47)
2026-07-31 11:04:38 [INFO] 物体 3: FireExt1 (置信度: 0.42)
2026-07-31 11:04:38 [INFO] 检测到车兜区域，将过滤区域外的目标
2026-07-31 11:04:38 [INFO] 准备保存检测结果到: C:\code\show\Scrap_Steel_In_Field\photos\dangerous_det\detection_20260731_110438.jpg
2026-07-31 11:04:38 [INFO] 图像形状: (2160, 3840, 3)
2026-07-31 11:04:38 [INFO] 图像数据类型: uint8
2026-07-31 11:04:38 [INFO] 图像最大值: 255
2026-07-31 11:04:38 [INFO] 图像最小值: 0
2026-07-31 11:04:38 [INFO] 开始保存检测结果图像: 图像尺寸=(2160, 3840, 3), 类型=uint8, 路径=C:\code\show\Scrap_Steel_In_Field\photos\dangerous_det\detection_20260731_110438.jpg
2026-07-31 11:04:38 [INFO] 成功保存检测结果到: C:\code\show\Scrap_Steel_In_Field\photos\dangerous_det\detection_20260731_110438.jpg
2026-07-31 11:04:38 [INFO] 保存的检测结果文件大小: 2264053 字节
2026-07-31 11:04:38 [INFO] 引擎上下文已释放
2026-07-31 11:04:38 [INFO] TensorRT 引擎已释放
2026-07-31 11:04:38 [INFO] 全局 CUDA 资源已释放
2026-07-31 11:04:38 [INFO] 检测系统资源已释放
2026-07-31 11:04:44 [INFO] CUDA 初始化成功
2026-07-31 11:04:44 [INFO] 引擎加载成功: dangerous.engine
2026-07-31 11:04:44 [INFO] 检测系统初始化成功
2026-07-31 11:04:44 [INFO] 图像预处理完成，原始尺寸: (2160, 3840)
2026-07-31 11:04:44 [INFO] 开始执行目标检测...
2026-07-31 11:04:44 [INFO] 检测完成，找到 3 个物体
2026-07-31 11:04:44 [INFO] 物体 1: GasCyl1 (置信度: 0.66)
2026-07-31 11:04:44 [INFO] 物体 2: FireExt1 (置信度: 0.46)
2026-07-31 11:04:44 [INFO] 物体 3: FireExt1 (置信度: 0.44)
2026-07-31 11:04:44 [INFO] 检测到车兜区域，将过滤区域外的目标
2026-07-31 11:04:44 [INFO] 准备保存检测结果到: C:\code\show\Scrap_Steel_In_Field\photos\dangerous_det\detection_20260731_110444.jpg
2026-07-31 11:04:44 [INFO] 图像形状: (2160, 3840, 3)
2026-07-31 11:04:44 [INFO] 图像数据类型: uint8
2026-07-31 11:04:44 [INFO] 图像最大值: 255
2026-07-31 11:04:44 [INFO] 图像最小值: 0
2026-07-31 11:04:44 [INFO] 开始保存检测结果图像: 图像尺寸=(2160, 3840, 3), 类型=uint8, 路径=C:\code\show\Scrap_Steel_In_Field\photos\dangerous_det\detection_20260731_110444.jpg
2026-07-31 11:04:44 [INFO] 成功保存检测结果到: C:\code\show\Scrap_Steel_In_Field\photos\dangerous_det\detection_20260731_110444.jpg
2026-07-31 11:04:44 [INFO] 保存的检测结果文件大小: 2262843 字节
2026-07-31 11:04:44 [INFO] 引擎上下文已释放
2026-07-31 11:04:44 [INFO] TensorRT 引擎已释放
2026-07-31 11:04:44 [INFO] 全局 CUDA 资源已释放
2026-07-31 11:04:44 [INFO] 检测系统资源已释放
2026-07-31 11:04:48 [INFO] CUDA 初始化成功
2026-07-31 11:04:48 [INFO] 引擎加载成功: dangerous.engine
2026-07-31 11:04:48 [INFO] 检测系统初始化成功
2026-07-31 11:04:48 [INFO] 图像预处理完成，原始尺寸: (2160, 3840)
2026-07-31 11:04:48 [INFO] 开始执行目标检测...
2026-07-31 11:04:48 [INFO] 检测完成，找到 3 个物体
2026-07-31 11:04:48 [INFO] 物体 1: GasCyl1 (置信度: 0.69)
2026-07-31 11:04:48 [INFO] 物体 2: FireExt1 (置信度: 0.46)
2026-07-31 11:04:48 [INFO] 物体 3: FireExt1 (置信度: 0.42)
2026-07-31 11:04:49 [INFO] 检测到车兜区域，将过滤区域外的目标
2026-07-31 11:04:49 [INFO] 准备保存检测结果到: C:\code\show\Scrap_Steel_In_Field\photos\dangerous_det\detection_20260731_110449.jpg
2026-07-31 11:04:49 [INFO] 图像形状: (2160, 3840, 3)
2026-07-31 11:04:49 [INFO] 图像数据类型: uint8
2026-07-31 11:04:49 [INFO] 图像最大值: 255
2026-07-31 11:04:49 [INFO] 图像最小值: 0
2026-07-31 11:04:49 [INFO] 开始保存检测结果图像: 图像尺寸=(2160, 3840, 3), 类型=uint8, 路径=C:\code\show\Scrap_Steel_In_Field\photos\dangerous_det\detection_20260731_110449.jpg
2026-07-31 11:04:49 [INFO] 成功保存检测结果到: C:\code\show\Scrap_Steel_In_Field\photos\dangerous_det\detection_20260731_110449.jpg
2026-07-31 11:04:49 [INFO] 保存的检测结果文件大小: 2263489 字节
2026-07-31 11:04:49 [INFO] 引擎上下文已释放
2026-07-31 11:04:49 [INFO] TensorRT 引擎已释放
2026-07-31 11:04:49 [INFO] 全局 CUDA 资源已释放
2026-07-31 11:04:49 [INFO] 检测系统资源已释放
2026-07-31 11:04:53 [INFO] CUDA 初始化成功
2026-07-31 11:04:54 [INFO] 引擎加载成功: dangerous.engine
2026-07-31 11:04:54 [INFO] 检测系统初始化成功
2026-07-31 11:04:54 [INFO] 图像预处理完成，原始尺寸: (2160, 3840)
2026-07-31 11:04:54 [INFO] 开始执行目标检测...
2026-07-31 11:04:54 [INFO] 检测完成，找到 3 个物体
2026-07-31 11:04:54 [INFO] 物体 1: GasCyl1 (置信度: 0.68)
2026-07-31 11:04:54 [INFO] 物体 2: FireExt1 (置信度: 0.46)
2026-07-31 11:04:54 [INFO] 物体 3: FireExt1 (置信度: 0.45)
2026-07-31 11:04:54 [INFO] 检测到车兜区域，将过滤区域外的目标
2026-07-31 11:04:54 [INFO] 准备保存检测结果到: C:\code\show\Scrap_Steel_In_Field\photos\dangerous_det\detection_20260731_110454.jpg
2026-07-31 11:04:54 [INFO] 图像形状: (2160, 3840, 3)
2026-07-31 11:04:54 [INFO] 图像数据类型: uint8
2026-07-31 11:04:54 [INFO] 图像最大值: 255
2026-07-31 11:04:54 [INFO] 图像最小值: 0
2026-07-31 11:04:54 [INFO] 开始保存检测结果图像: 图像尺寸=(2160, 3840, 3), 类型=uint8, 路径=C:\code\show\Scrap_Steel_In_Field\photos\dangerous_det\detection_20260731_110454.jpg
2026-07-31 11:04:54 [INFO] 成功保存检测结果到: C:\code\show\Scrap_Steel_In_Field\photos\dangerous_det\detection_20260731_110454.jpg
2026-07-31 11:04:54 [INFO] 保存的检测结果文件大小: 2268244 字节
2026-07-31 11:04:54 [INFO] 引擎上下文已释放
2026-07-31 11:04:54 [INFO] TensorRT 引擎已释放
2026-07-31 11:04:54 [INFO] 全局 CUDA 资源已释放
2026-07-31 11:04:54 [INFO] 检测系统资源已释放
2026-07-31 11:04:59 [INFO] CUDA 初始化成功
2026-07-31 11:04:59 [INFO] 引擎加载成功: dangerous.engine
2026-07-31 11:04:59 [INFO] 检测系统初始化成功
2026-07-31 11:04:59 [INFO] 图像预处理完成，原始尺寸: (2160, 3840)
2026-07-31 11:04:59 [INFO] 开始执行目标检测...
2026-07-31 11:04:59 [INFO] 检测完成，找到 3 个物体
2026-07-31 11:04:59 [INFO] 物体 1: GasCyl1 (置信度: 0.69)
2026-07-31 11:04:59 [INFO] 物体 2: FireExt1 (置信度: 0.45)
2026-07-31 11:04:59 [INFO] 物体 3: FireExt1 (置信度: 0.43)
2026-07-31 11:04:59 [INFO] 检测到车兜区域，将过滤区域外的目标
2026-07-31 11:04:59 [INFO] 准备保存检测结果到: C:\code\show\Scrap_Steel_In_Field\photos\dangerous_det\detection_20260731_110459.jpg
2026-07-31 11:04:59 [INFO] 图像形状: (2160, 3840, 3)
2026-07-31 11:04:59 [INFO] 图像数据类型: uint8
2026-07-31 11:04:59 [INFO] 图像最大值: 255
2026-07-31 11:04:59 [INFO] 图像最小值: 0
2026-07-31 11:04:59 [INFO] 开始保存检测结果图像: 图像尺寸=(2160, 3840, 3), 类型=uint8, 路径=C:\code\show\Scrap_Steel_In_Field\photos\dangerous_det\detection_20260731_110459.jpg
2026-07-31 11:04:59 [INFO] 成功保存检测结果到: C:\code\show\Scrap_Steel_In_Field\photos\dangerous_det\detection_20260731_110459.jpg
2026-07-31 11:04:59 [INFO] 保存的检测结果文件大小: 2267434 字节
2026-07-31 11:04:59 [INFO] 引擎上下文已释放
2026-07-31 11:04:59 [INFO] TensorRT 引擎已释放
2026-07-31 11:04:59 [INFO] 全局 CUDA 资源已释放
2026-07-31 11:04:59 [INFO] 检测系统资源已释放
2026-07-31 11:05:04 [INFO] CUDA 初始化成功
2026-07-31 11:05:04 [INFO] 引擎加载成功: dangerous.engine
2026-07-31 11:05:04 [INFO] 检测系统初始化成功
2026-07-31 11:05:04 [INFO] 图像预处理完成，原始尺寸: (2160, 3840)
2026-07-31 11:05:04 [INFO] 开始执行目标检测...
2026-07-31 11:05:04 [INFO] 检测完成，找到 3 个物体
2026-07-31 11:05:04 [INFO] 物体 1: GasCyl1 (置信度: 0.73)
2026-07-31 11:05:04 [INFO] 物体 2: FireExt1 (置信度: 0.46)
2026-07-31 11:05:04 [INFO] 物体 3: FireExt1 (置信度: 0.45)
2026-07-31 11:05:04 [INFO] 检测到车兜区域，将过滤区域外的目标
2026-07-31 11:05:04 [INFO] 准备保存检测结果到: C:\code\show\Scrap_Steel_In_Field\photos\dangerous_det\detection_20260731_110504.jpg
2026-07-31 11:05:04 [INFO] 图像形状: (2160, 3840, 3)
2026-07-31 11:05:04 [INFO] 图像数据类型: uint8
2026-07-31 11:05:04 [INFO] 图像最大值: 255
2026-07-31 11:05:04 [INFO] 图像最小值: 0
2026-07-31 11:05:04 [INFO] 开始保存检测结果图像: 图像尺寸=(2160, 3840, 3), 类型=uint8, 路径=C:\code\show\Scrap_Steel_In_Field\photos\dangerous_det\detection_20260731_110504.jpg
2026-07-31 11:05:04 [INFO] 成功保存检测结果到: C:\code\show\Scrap_Steel_In_Field\photos\dangerous_det\detection_20260731_110504.jpg
2026-07-31 11:05:04 [INFO] 保存的检测结果文件大小: 2264782 字节
2026-07-31 11:05:04 [INFO] 引擎上下文已释放
2026-07-31 11:05:04 [INFO] TensorRT 引擎已释放
2026-07-31 11:05:04 [INFO] 全局 CUDA 资源已释放
2026-07-31 11:05:04 [INFO] 检测系统资源已释放
2026-07-31 11:05:09 [INFO] CUDA 初始化成功
2026-07-31 11:05:10 [INFO] 引擎加载成功: dangerous.engine
2026-07-31 11:05:10 [INFO] 检测系统初始化成功
2026-07-31 11:05:10 [INFO] 图像预处理完成，原始尺寸: (2160, 3840)
2026-07-31 11:05:10 [INFO] 开始执行目标检测...
2026-07-31 11:05:10 [INFO] 检测完成，找到 3 个物体
2026-07-31 11:05:10 [INFO] 物体 1: GasCyl1 (置信度: 0.72)
2026-07-31 11:05:10 [INFO] 物体 2: FireExt1 (置信度: 0.45)
2026-07-31 11:05:10 [INFO] 物体 3: FireExt1 (置信度: 0.44)
2026-07-31 11:05:10 [INFO] 检测到车兜区域，将过滤区域外的目标
2026-07-31 11:05:10 [INFO] 准备保存检测结果到: C:\code\show\Scrap_Steel_In_Field\photos\dangerous_det\detection_20260731_110510.jpg
2026-07-31 11:05:10 [INFO] 图像形状: (2160, 3840, 3)
2026-07-31 11:05:10 [INFO] 图像数据类型: uint8
2026-07-31 11:05:10 [INFO] 图像最大值: 255
2026-07-31 11:05:10 [INFO] 图像最小值: 0
2026-07-31 11:05:10 [INFO] 开始保存检测结果图像: 图像尺寸=(2160, 3840, 3), 类型=uint8, 路径=C:\code\show\Scrap_Steel_In_Field\photos\dangerous_det\detection_20260731_110510.jpg
2026-07-31 11:05:10 [INFO] 成功保存检测结果到: C:\code\show\Scrap_Steel_In_Field\photos\dangerous_det\detection_20260731_110510.jpg
2026-07-31 11:05:10 [INFO] 保存的检测结果文件大小: 2266453 字节
2026-07-31 11:05:10 [INFO] 引擎上下文已释放
2026-07-31 11:05:10 [INFO] TensorRT 引擎已释放
2026-07-31 11:05:10 [INFO] 全局 CUDA 资源已释放
2026-07-31 11:05:10 [INFO] 检测系统资源已释放
2026-07-31 11:05:15 [INFO] CUDA 初始化成功
2026-07-31 11:05:15 [INFO] 引擎加载成功: dangerous.engine
2026-07-31 11:05:15 [INFO] 检测系统初始化成功
2026-07-31 11:05:15 [INFO] 图像预处理完成，原始尺寸: (2160, 3840)
2026-07-31 11:05:15 [INFO] 开始执行目标检测...
2026-07-31 11:05:15 [INFO] 检测完成，找到 3 个物体
2026-07-31 11:05:15 [INFO] 物体 1: GasCyl1 (置信度: 0.68)
2026-07-31 11:05:15 [INFO] 物体 2: FireExt1 (置信度: 0.46)
2026-07-31 11:05:15 [INFO] 物体 3: FireExt1 (置信度: 0.45)
2026-07-31 11:05:15 [INFO] 检测到车兜区域，将过滤区域外的目标
2026-07-31 11:05:15 [INFO] 准备保存检测结果到: C:\code\show\Scrap_Steel_In_Field\photos\dangerous_det\detection_20260731_110515.jpg
2026-07-31 11:05:15 [INFO] 图像形状: (2160, 3840, 3)
2026-07-31 11:05:15 [INFO] 图像数据类型: uint8
2026-07-31 11:05:15 [INFO] 图像最大值: 255
2026-07-31 11:05:15 [INFO] 图像最小值: 0
2026-07-31 11:05:15 [INFO] 开始保存检测结果图像: 图像尺寸=(2160, 3840, 3), 类型=uint8, 路径=C:\code\show\Scrap_Steel_In_Field\photos\dangerous_det\detection_20260731_110515.jpg
2026-07-31 11:05:15 [INFO] 成功保存检测结果到: C:\code\show\Scrap_Steel_In_Field\photos\dangerous_det\detection_20260731_110515.jpg
2026-07-31 11:05:15 [INFO] 保存的检测结果文件大小: 2264044 字节
2026-07-31 11:05:15 [INFO] 引擎上下文已释放
2026-07-31 11:05:15 [INFO] TensorRT 引擎已释放
2026-07-31 11:05:15 [INFO] 全局 CUDA 资源已释放
2026-07-31 11:05:15 [INFO] 检测系统资源已释放
2026-07-31 11:05:20 [INFO] CUDA 初始化成功
2026-07-31 11:05:20 [INFO] 引擎加载成功: dangerous.engine
2026-07-31 11:05:20 [INFO] 检测系统初始化成功
2026-07-31 11:05:20 [INFO] 图像预处理完成，原始尺寸: (2160, 3840)
2026-07-31 11:05:20 [INFO] 开始执行目标检测...
2026-07-31 11:05:20 [INFO] 检测完成，找到 3 个物体
2026-07-31 11:05:20 [INFO] 物体 1: GasCyl1 (置信度: 0.68)
2026-07-31 11:05:20 [INFO] 物体 2: FireExt1 (置信度: 0.45)
2026-07-31 11:05:20 [INFO] 物体 3: FireExt1 (置信度: 0.44)
2026-07-31 11:05:20 [INFO] 检测到车兜区域，将过滤区域外的目标
2026-07-31 11:05:20 [INFO] 准备保存检测结果到: C:\code\show\Scrap_Steel_In_Field\photos\dangerous_det\detection_20260731_110520.jpg
2026-07-31 11:05:20 [INFO] 图像形状: (2160, 3840, 3)
2026-07-31 11:05:20 [INFO] 图像数据类型: uint8
2026-07-31 11:05:20 [INFO] 图像最大值: 255
2026-07-31 11:05:20 [INFO] 图像最小值: 0
2026-07-31 11:05:20 [INFO] 开始保存检测结果图像: 图像尺寸=(2160, 3840, 3), 类型=uint8, 路径=C:\code\show\Scrap_Steel_In_Field\photos\dangerous_det\detection_20260731_110520.jpg
2026-07-31 11:05:20 [INFO] 成功保存检测结果到: C:\code\show\Scrap_Steel_In_Field\photos\dangerous_det\detection_20260731_110520.jpg
2026-07-31 11:05:20 [INFO] 保存的检测结果文件大小: 2266356 字节
2026-07-31 11:05:20 [INFO] 引擎上下文已释放
2026-07-31 11:05:20 [INFO] TensorRT 引擎已释放
2026-07-31 11:05:20 [INFO] 全局 CUDA 资源已释放
2026-07-31 11:05:20 [INFO] 检测系统资源已释放
2026-07-31 11:05:25 [INFO] CUDA 初始化成功
2026-07-31 11:05:25 [INFO] 引擎加载成功: dangerous.engine
2026-07-31 11:05:25 [INFO] 检测系统初始化成功
2026-07-31 11:05:25 [INFO] 图像预处理完成，原始尺寸: (2160, 3840)
2026-07-31 11:05:25 [INFO] 开始执行目标检测...
2026-07-31 11:05:25 [INFO] 检测完成，找到 3 个物体
2026-07-31 11:05:25 [INFO] 物体 1: GasCyl1 (置信度: 0.64)
2026-07-31 11:05:25 [INFO] 物体 2: FireExt1 (置信度: 0.45)
2026-07-31 11:05:25 [INFO] 物体 3: FireExt1 (置信度: 0.39)
2026-07-31 11:05:26 [INFO] 检测到车兜区域，将过滤区域外的目标
2026-07-31 11:05:26 [INFO] 准备保存检测结果到: C:\code\show\Scrap_Steel_In_Field\photos\dangerous_det\detection_20260731_110526.jpg
2026-07-31 11:05:26 [INFO] 图像形状: (2160, 3840, 3)
2026-07-31 11:05:26 [INFO] 图像数据类型: uint8
2026-07-31 11:05:26 [INFO] 图像最大值: 255
2026-07-31 11:05:26 [INFO] 图像最小值: 0
2026-07-31 11:05:26 [INFO] 开始保存检测结果图像: 图像尺寸=(2160, 3840, 3), 类型=uint8, 路径=C:\code\show\Scrap_Steel_In_Field\photos\dangerous_det\detection_20260731_110526.jpg
2026-07-31 11:05:26 [INFO] 成功保存检测结果到: C:\code\show\Scrap_Steel_In_Field\photos\dangerous_det\detection_20260731_110526.jpg
2026-07-31 11:05:26 [INFO] 保存的检测结果文件大小: 2268660 字节
2026-07-31 11:05:26 [INFO] 引擎上下文已释放
2026-07-31 11:05:26 [INFO] TensorRT 引擎已释放
2026-07-31 11:05:26 [INFO] 全局 CUDA 资源已释放
2026-07-31 11:05:26 [INFO] 检测系统资源已释放
2026-07-31 11:05:31 [INFO] CUDA 初始化成功
2026-07-31 11:05:31 [INFO] 引擎加载成功: dangerous.engine
2026-07-31 11:05:31 [INFO] 检测系统初始化成功
2026-07-31 11:05:31 [INFO] 图像预处理完成，原始尺寸: (2160, 3840)
2026-07-31 11:05:31 [INFO] 开始执行目标检测...
2026-07-31 11:05:31 [INFO] 检测完成，找到 3 个物体
2026-07-31 11:05:31 [INFO] 物体 1: GasCyl1 (置信度: 0.62)
2026-07-31 11:05:31 [INFO] 物体 2: FireExt1 (置信度: 0.46)
2026-07-31 11:05:31 [INFO] 物体 3: FireExt1 (置信度: 0.42)
2026-07-31 11:05:31 [INFO] 检测到车兜区域，将过滤区域外的目标
2026-07-31 11:05:31 [INFO] 准备保存检测结果到: C:\code\show\Scrap_Steel_In_Field\photos\dangerous_det\detection_20260731_110531.jpg
2026-07-31 11:05:31 [INFO] 图像形状: (2160, 3840, 3)
2026-07-31 11:05:31 [INFO] 图像数据类型: uint8
2026-07-31 11:05:31 [INFO] 图像最大值: 255
2026-07-31 11:05:31 [INFO] 图像最小值: 0
2026-07-31 11:05:31 [INFO] 开始保存检测结果图像: 图像尺寸=(2160, 3840, 3), 类型=uint8, 路径=C:\code\show\Scrap_Steel_In_Field\photos\dangerous_det\detection_20260731_110531.jpg
2026-07-31 11:05:31 [INFO] 成功保存检测结果到: C:\code\show\Scrap_Steel_In_Field\photos\dangerous_det\detection_20260731_110531.jpg
2026-07-31 11:05:31 [INFO] 保存的检测结果文件大小: 2268507 字节
2026-07-31 11:05:31 [INFO] 引擎上下文已释放
2026-07-31 11:05:31 [INFO] TensorRT 引擎已释放
2026-07-31 11:05:31 [INFO] 全局 CUDA 资源已释放
2026-07-31 11:05:31 [INFO] 检测系统资源已释放
2026-07-31 11:05:36 [INFO] CUDA 初始化成功
2026-07-31 11:05:36 [INFO] 引擎加载成功: dangerous.engine
2026-07-31 11:05:36 [INFO] 检测系统初始化成功
2026-07-31 11:05:36 [INFO] 图像预处理完成，原始尺寸: (2160, 3840)
2026-07-31 11:05:36 [INFO] 开始执行目标检测...
2026-07-31 11:05:36 [INFO] 检测完成，找到 3 个物体
2026-07-31 11:05:36 [INFO] 物体 1: GasCyl1 (置信度: 0.69)
2026-07-31 11:05:36 [INFO] 物体 2: FireExt1 (置信度: 0.45)
2026-07-31 11:05:36 [INFO] 物体 3: FireExt1 (置信度: 0.44)
2026-07-31 11:05:36 [INFO] 检测到车兜区域，将过滤区域外的目标
2026-07-31 11:05:36 [INFO] 准备保存检测结果到: C:\code\show\Scrap_Steel_In_Field\photos\dangerous_det\detection_20260731_110536.jpg
2026-07-31 11:05:36 [INFO] 图像形状: (2160, 3840, 3)
2026-07-31 11:05:36 [INFO] 图像数据类型: uint8
2026-07-31 11:05:36 [INFO] 图像最大值: 255
2026-07-31 11:05:36 [INFO] 图像最小值: 0
2026-07-31 11:05:36 [INFO] 开始保存检测结果图像: 图像尺寸=(2160, 3840, 3), 类型=uint8, 路径=C:\code\show\Scrap_Steel_In_Field\photos\dangerous_det\detection_20260731_110536.jpg
2026-07-31 11:05:36 [INFO] 成功保存检测结果到: C:\code\show\Scrap_Steel_In_Field\photos\dangerous_det\detection_20260731_110536.jpg
2026-07-31 11:05:36 [INFO] 保存的检测结果文件大小: 2265617 字节
2026-07-31 11:05:36 [INFO] 引擎上下文已释放
2026-07-31 11:05:36 [INFO] TensorRT 引擎已释放
2026-07-31 11:05:36 [INFO] 全局 CUDA 资源已释放
2026-07-31 11:05:36 [INFO] 检测系统资源已释放
2026-07-31 11:05:41 [INFO] CUDA 初始化成功
2026-07-31 11:05:41 [INFO] 引擎加载成功: dangerous.engine
2026-07-31 11:05:41 [INFO] 检测系统初始化成功
2026-07-31 11:05:41 [INFO] 图像预处理完成，原始尺寸: (2160, 3840)
2026-07-31 11:05:41 [INFO] 开始执行目标检测...
2026-07-31 11:05:42 [INFO] 检测完成，找到 3 个物体
2026-07-31 11:05:42 [INFO] 物体 1: GasCyl1 (置信度: 0.69)
2026-07-31 11:05:42 [INFO] 物体 2: FireExt1 (置信度: 0.47)
2026-07-31 11:05:42 [INFO] 物体 3: FireExt1 (置信度: 0.46)
2026-07-31 11:05:42 [INFO] 检测到车兜区域，将过滤区域外的目标
2026-07-31 11:05:42 [INFO] 准备保存检测结果到: C:\code\show\Scrap_Steel_In_Field\photos\dangerous_det\detection_20260731_110542.jpg
2026-07-31 11:05:42 [INFO] 图像形状: (2160, 3840, 3)
2026-07-31 11:05:42 [INFO] 图像数据类型: uint8
2026-07-31 11:05:42 [INFO] 图像最大值: 255
2026-07-31 11:05:42 [INFO] 图像最小值: 0
2026-07-31 11:05:42 [INFO] 开始保存检测结果图像: 图像尺寸=(2160, 3840, 3), 类型=uint8, 路径=C:\code\show\Scrap_Steel_In_Field\photos\dangerous_det\detection_20260731_110542.jpg
2026-07-31 11:05:42 [INFO] 成功保存检测结果到: C:\code\show\Scrap_Steel_In_Field\photos\dangerous_det\detection_20260731_110542.jpg
2026-07-31 11:05:42 [INFO] 保存的检测结果文件大小: 2267958 字节
2026-07-31 11:05:42 [INFO] 引擎上下文已释放
2026-07-31 11:05:42 [INFO] TensorRT 引擎已释放
2026-07-31 11:05:42 [INFO] 全局 CUDA 资源已释放
2026-07-31 11:05:42 [INFO] 检测系统资源已释放
2026-07-31 11:05:47 [INFO] CUDA 初始化成功
2026-07-31 11:05:47 [INFO] 引擎加载成功: dangerous.engine
2026-07-31 11:05:47 [INFO] 检测系统初始化成功
2026-07-31 11:05:47 [INFO] 图像预处理完成，原始尺寸: (2160, 3840)
2026-07-31 11:05:47 [INFO] 开始执行目标检测...
2026-07-31 11:05:47 [INFO] 检测完成，找到 3 个物体
2026-07-31 11:05:47 [INFO] 物体 1: GasCyl1 (置信度: 0.70)
2026-07-31 11:05:47 [INFO] 物体 2: FireExt1 (置信度: 0.45)
2026-07-31 11:05:47 [INFO] 物体 3: FireExt1 (置信度: 0.44)
2026-07-31 11:05:47 [INFO] 检测到车兜区域，将过滤区域外的目标
2026-07-31 11:05:47 [INFO] 准备保存检测结果到: C:\code\show\Scrap_Steel_In_Field\photos\dangerous_det\detection_20260731_110547.jpg
2026-07-31 11:05:47 [INFO] 图像形状: (2160, 3840, 3)
2026-07-31 11:05:47 [INFO] 图像数据类型: uint8
2026-07-31 11:05:47 [INFO] 图像最大值: 255
2026-07-31 11:05:47 [INFO] 图像最小值: 0
2026-07-31 11:05:47 [INFO] 开始保存检测结果图像: 图像尺寸=(2160, 3840, 3), 类型=uint8, 路径=C:\code\show\Scrap_Steel_In_Field\photos\dangerous_det\detection_20260731_110547.jpg
2026-07-31 11:05:47 [INFO] 成功保存检测结果到: C:\code\show\Scrap_Steel_In_Field\photos\dangerous_det\detection_20260731_110547.jpg
2026-07-31 11:05:47 [INFO] 保存的检测结果文件大小: 2263372 字节
2026-07-31 11:05:47 [INFO] 引擎上下文已释放
2026-07-31 11:05:47 [INFO] TensorRT 引擎已释放
2026-07-31 11:05:47 [INFO] 全局 CUDA 资源已释放
2026-07-31 11:05:47 [INFO] 检测系统资源已释放
2026-07-31 11:05:52 [INFO] CUDA 初始化成功
2026-07-31 11:05:52 [INFO] 引擎加载成功: dangerous.engine
2026-07-31 11:05:52 [INFO] 检测系统初始化成功
2026-07-31 11:05:52 [INFO] 图像预处理完成，原始尺寸: (2160, 3840)
2026-07-31 11:05:52 [INFO] 开始执行目标检测...
2026-07-31 11:05:52 [INFO] 检测完成，找到 3 个物体
2026-07-31 11:05:52 [INFO] 物体 1: GasCyl1 (置信度: 0.60)
2026-07-31 11:05:52 [INFO] 物体 2: FireExt1 (置信度: 0.47)
2026-07-31 11:05:52 [INFO] 物体 3: FireExt1 (置信度: 0.46)
2026-07-31 11:05:52 [INFO] 检测到车兜区域，将过滤区域外的目标
2026-07-31 11:05:52 [INFO] 准备保存检测结果到: C:\code\show\Scrap_Steel_In_Field\photos\dangerous_det\detection_20260731_110552.jpg
2026-07-31 11:05:52 [INFO] 图像形状: (2160, 3840, 3)
2026-07-31 11:05:52 [INFO] 图像数据类型: uint8
2026-07-31 11:05:52 [INFO] 图像最大值: 255
2026-07-31 11:05:52 [INFO] 图像最小值: 0
2026-07-31 11:05:52 [INFO] 开始保存检测结果图像: 图像尺寸=(2160, 3840, 3), 类型=uint8, 路径=C:\code\show\Scrap_Steel_In_Field\photos\dangerous_det\detection_20260731_110552.jpg
2026-07-31 11:05:52 [INFO] 成功保存检测结果到: C:\code\show\Scrap_Steel_In_Field\photos\dangerous_det\detection_20260731_110552.jpg
2026-07-31 11:05:52 [INFO] 保存的检测结果文件大小: 2269334 字节
2026-07-31 11:05:52 [INFO] 引擎上下文已释放
2026-07-31 11:05:52 [INFO] TensorRT 引擎已释放
2026-07-31 11:05:52 [INFO] 全局 CUDA 资源已释放
2026-07-31 11:05:52 [INFO] 检测系统资源已释放
2026-07-31 11:05:57 [INFO] CUDA 初始化成功
2026-07-31 11:05:57 [INFO] 引擎加载成功: dangerous.engine
2026-07-31 11:05:57 [INFO] 检测系统初始化成功
2026-07-31 11:05:57 [INFO] 图像预处理完成，原始尺寸: (2160, 3840)
2026-07-31 11:05:57 [INFO] 开始执行目标检测...
2026-07-31 11:05:58 [INFO] 检测完成，找到 3 个物体
2026-07-31 11:05:58 [INFO] 物体 1: GasCyl1 (置信度: 0.65)
2026-07-31 11:05:58 [INFO] 物体 2: FireExt1 (置信度: 0.46)
2026-07-31 11:05:58 [INFO] 物体 3: FireExt1 (置信度: 0.44)
2026-07-31 11:05:58 [INFO] 检测到车兜区域，将过滤区域外的目标
2026-07-31 11:05:58 [INFO] 准备保存检测结果到: C:\code\show\Scrap_Steel_In_Field\photos\dangerous_det\detection_20260731_110558.jpg
2026-07-31 11:05:58 [INFO] 图像形状: (2160, 3840, 3)
2026-07-31 11:05:58 [INFO] 图像数据类型: uint8
2026-07-31 11:05:58 [INFO] 图像最大值: 255
2026-07-31 11:05:58 [INFO] 图像最小值: 0
2026-07-31 11:05:58 [INFO] 开始保存检测结果图像: 图像尺寸=(2160, 3840, 3), 类型=uint8, 路径=C:\code\show\Scrap_Steel_In_Field\photos\dangerous_det\detection_20260731_110558.jpg
2026-07-31 11:05:58 [INFO] 成功保存检测结果到: C:\code\show\Scrap_Steel_In_Field\photos\dangerous_det\detection_20260731_110558.jpg
2026-07-31 11:05:58 [INFO] 保存的检测结果文件大小: 2268186 字节
2026-07-31 11:05:58 [INFO] 引擎上下文已释放
2026-07-31 11:05:58 [INFO] TensorRT 引擎已释放
2026-07-31 11:05:58 [INFO] 全局 CUDA 资源已释放
2026-07-31 11:05:58 [INFO] 检测系统资源已释放
2026-07-31 11:06:03 [INFO] CUDA 初始化成功
2026-07-31 11:06:03 [INFO] 引擎加载成功: dangerous.engine
2026-07-31 11:06:03 [INFO] 检测系统初始化成功
2026-07-31 11:06:03 [INFO] 图像预处理完成，原始尺寸: (2160, 3840)
2026-07-31 11:06:03 [INFO] 开始执行目标检测...
2026-07-31 11:06:03 [INFO] 检测完成，找到 3 个物体
2026-07-31 11:06:03 [INFO] 物体 1: GasCyl1 (置信度: 0.70)
2026-07-31 11:06:03 [INFO] 物体 2: FireExt1 (置信度: 0.45)
2026-07-31 11:06:03 [INFO] 物体 3: FireExt1 (置信度: 0.45)
2026-07-31 11:06:03 [INFO] 检测到车兜区域，将过滤区域外的目标
2026-07-31 11:06:03 [INFO] 准备保存检测结果到: C:\code\show\Scrap_Steel_In_Field\photos\dangerous_det\detection_20260731_110603.jpg
2026-07-31 11:06:03 [INFO] 图像形状: (2160, 3840, 3)
2026-07-31 11:06:03 [INFO] 图像数据类型: uint8
2026-07-31 11:06:03 [INFO] 图像最大值: 255
2026-07-31 11:06:03 [INFO] 图像最小值: 0
2026-07-31 11:06:03 [INFO] 开始保存检测结果图像: 图像尺寸=(2160, 3840, 3), 类型=uint8, 路径=C:\code\show\Scrap_Steel_In_Field\photos\dangerous_det\detection_20260731_110603.jpg
2026-07-31 11:06:03 [INFO] 成功保存检测结果到: C:\code\show\Scrap_Steel_In_Field\photos\dangerous_det\detection_20260731_110603.jpg
2026-07-31 11:06:03 [INFO] 保存的检测结果文件大小: 2269075 字节
2026-07-31 11:06:03 [INFO] 引擎上下文已释放
2026-07-31 11:06:03 [INFO] TensorRT 引擎已释放
2026-07-31 11:06:03 [INFO] 全局 CUDA 资源已释放
2026-07-31 11:06:03 [INFO] 检测系统资源已释放
2026-07-31 11:06:08 [INFO] CUDA 初始化成功
2026-07-31 11:06:08 [INFO] 引擎加载成功: dangerous.engine
2026-07-31 11:06:08 [INFO] 检测系统初始化成功
2026-07-31 11:06:08 [INFO] 图像预处理完成，原始尺寸: (2160, 3840)
2026-07-31 11:06:08 [INFO] 开始执行目标检测...
2026-07-31 11:06:08 [INFO] 检测完成，找到 3 个物体
2026-07-31 11:06:08 [INFO] 物体 1: GasCyl1 (置信度: 0.68)
2026-07-31 11:06:08 [INFO] 物体 2: FireExt1 (置信度: 0.45)
2026-07-31 11:06:08 [INFO] 物体 3: FireExt1 (置信度: 0.43)
2026-07-31 11:06:08 [INFO] 检测到车兜区域，将过滤区域外的目标
2026-07-31 11:06:08 [INFO] 准备保存检测结果到: C:\code\show\Scrap_Steel_In_Field\photos\dangerous_det\detection_20260731_110608.jpg
2026-07-31 11:06:08 [INFO] 图像形状: (2160, 3840, 3)
2026-07-31 11:06:08 [INFO] 图像数据类型: uint8
2026-07-31 11:06:08 [INFO] 图像最大值: 255
2026-07-31 11:06:08 [INFO] 图像最小值: 0
2026-07-31 11:06:08 [INFO] 开始保存检测结果图像: 图像尺寸=(2160, 3840, 3), 类型=uint8, 路径=C:\code\show\Scrap_Steel_In_Field\photos\dangerous_det\detection_20260731_110608.jpg
2026-07-31 11:06:08 [INFO] 成功保存检测结果到: C:\code\show\Scrap_Steel_In_Field\photos\dangerous_det\detection_20260731_110608.jpg
2026-07-31 11:06:08 [INFO] 保存的检测结果文件大小: 2268582 字节
2026-07-31 11:06:08 [INFO] 引擎上下文已释放
2026-07-31 11:06:08 [INFO] TensorRT 引擎已释放
2026-07-31 11:06:08 [INFO] 全局 CUDA 资源已释放
2026-07-31 11:06:08 [INFO] 检测系统资源已释放
2026-07-31 11:06:14 [INFO] CUDA 初始化成功
2026-07-31 11:06:14 [INFO] 引擎加载成功: dangerous.engine
2026-07-31 11:06:14 [INFO] 检测系统初始化成功
2026-07-31 11:06:14 [INFO] 图像预处理完成，原始尺寸: (2160, 3840)
2026-07-31 11:06:14 [INFO] 开始执行目标检测...
2026-07-31 11:06:14 [INFO] 检测完成，找到 3 个物体
2026-07-31 11:06:14 [INFO] 物体 1: GasCyl1 (置信度: 0.68)
2026-07-31 11:06:14 [INFO] 物体 2: FireExt1 (置信度: 0.47)
2026-07-31 11:06:14 [INFO] 物体 3: FireExt1 (置信度: 0.46)
2026-07-31 11:06:14 [INFO] 检测到车兜区域，将过滤区域外的目标
2026-07-31 11:06:14 [INFO] 准备保存检测结果到: C:\code\show\Scrap_Steel_In_Field\photos\dangerous_det\detection_20260731_110614.jpg
2026-07-31 11:06:14 [INFO] 图像形状: (2160, 3840, 3)
2026-07-31 11:06:14 [INFO] 图像数据类型: uint8
2026-07-31 11:06:14 [INFO] 图像最大值: 255
2026-07-31 11:06:14 [INFO] 图像最小值: 0
2026-07-31 11:06:14 [INFO] 开始保存检测结果图像: 图像尺寸=(2160, 3840, 3), 类型=uint8, 路径=C:\code\show\Scrap_Steel_In_Field\photos\dangerous_det\detection_20260731_110614.jpg
2026-07-31 11:06:14 [INFO] 成功保存检测结果到: C:\code\show\Scrap_Steel_In_Field\photos\dangerous_det\detection_20260731_110614.jpg
2026-07-31 11:06:14 [INFO] 保存的检测结果文件大小: 2271874 字节
2026-07-31 11:06:14 [INFO] 引擎上下文已释放
2026-07-31 11:06:14 [INFO] TensorRT 引擎已释放
2026-07-31 11:06:14 [INFO] 全局 CUDA 资源已释放
2026-07-31 11:06:14 [INFO] 检测系统资源已释放
2026-07-31 11:06:18 [INFO] CUDA 初始化成功
2026-07-31 11:06:19 [INFO] 引擎加载成功: dangerous.engine
2026-07-31 11:06:19 [INFO] 检测系统初始化成功
2026-07-31 11:06:19 [INFO] 图像预处理完成，原始尺寸: (2160, 3840)
2026-07-31 11:06:19 [INFO] 开始执行目标检测...
2026-07-31 11:06:19 [INFO] 检测完成，找到 3 个物体
2026-07-31 11:06:19 [INFO] 物体 1: GasCyl1 (置信度: 0.70)
2026-07-31 11:06:19 [INFO] 物体 2: FireExt1 (置信度: 0.47)
2026-07-31 11:06:19 [INFO] 物体 3: FireExt1 (置信度: 0.45)
2026-07-31 11:06:19 [INFO] 检测到车兜区域，将过滤区域外的目标
2026-07-31 11:06:19 [INFO] 准备保存检测结果到: C:\code\show\Scrap_Steel_In_Field\photos\dangerous_det\detection_20260731_110619.jpg
2026-07-31 11:06:19 [INFO] 图像形状: (2160, 3840, 3)
2026-07-31 11:06:19 [INFO] 图像数据类型: uint8
2026-07-31 11:06:19 [INFO] 图像最大值: 255
2026-07-31 11:06:19 [INFO] 图像最小值: 0
2026-07-31 11:06:19 [INFO] 开始保存检测结果图像: 图像尺寸=(2160, 3840, 3), 类型=uint8, 路径=C:\code\show\Scrap_Steel_In_Field\photos\dangerous_det\detection_20260731_110619.jpg
2026-07-31 11:06:19 [INFO] 成功保存检测结果到: C:\code\show\Scrap_Steel_In_Field\photos\dangerous_det\detection_20260731_110619.jpg
2026-07-31 11:06:19 [INFO] 保存的检测结果文件大小: 2268721 字节
2026-07-31 11:06:19 [INFO] 引擎上下文已释放
2026-07-31 11:06:19 [INFO] TensorRT 引擎已释放
2026-07-31 11:06:19 [INFO] 全局 CUDA 资源已释放
2026-07-31 11:06:19 [INFO] 检测系统资源已释放
2026-07-31 11:06:24 [INFO] CUDA 初始化成功
2026-07-31 11:06:24 [INFO] 引擎加载成功: dangerous.engine
2026-07-31 11:06:24 [INFO] 检测系统初始化成功
2026-07-31 11:06:24 [INFO] 图像预处理完成，原始尺寸: (2160, 3840)
2026-07-31 11:06:24 [INFO] 开始执行目标检测...
2026-07-31 11:06:24 [INFO] 检测完成，找到 3 个物体
2026-07-31 11:06:24 [INFO] 物体 1: GasCyl1 (置信度: 0.62)
2026-07-31 11:06:24 [INFO] 物体 2: FireExt1 (置信度: 0.46)
2026-07-31 11:06:24 [INFO] 物体 3: FireExt1 (置信度: 0.45)
2026-07-31 11:06:24 [INFO] 检测到车兜区域，将过滤区域外的目标
2026-07-31 11:06:24 [INFO] 准备保存检测结果到: C:\code\show\Scrap_Steel_In_Field\photos\dangerous_det\detection_20260731_110624.jpg
2026-07-31 11:06:24 [INFO] 图像形状: (2160, 3840, 3)
2026-07-31 11:06:24 [INFO] 图像数据类型: uint8
2026-07-31 11:06:24 [INFO] 图像最大值: 255
2026-07-31 11:06:24 [INFO] 图像最小值: 0
2026-07-31 11:06:24 [INFO] 开始保存检测结果图像: 图像尺寸=(2160, 3840, 3), 类型=uint8, 路径=C:\code\show\Scrap_Steel_In_Field\photos\dangerous_det\detection_20260731_110624.jpg
2026-07-31 11:06:24 [INFO] 成功保存检测结果到: C:\code\show\Scrap_Steel_In_Field\photos\dangerous_det\detection_20260731_110624.jpg
2026-07-31 11:06:24 [INFO] 保存的检测结果文件大小: 2267279 字节
2026-07-31 11:06:24 [INFO] 引擎上下文已释放
2026-07-31 11:06:24 [INFO] TensorRT 引擎已释放
2026-07-31 11:06:24 [INFO] 全局 CUDA 资源已释放
2026-07-31 11:06:24 [INFO] 检测系统资源已释放
2026-07-31 11:06:29 [INFO] CUDA 初始化成功
2026-07-31 11:06:29 [INFO] 引擎加载成功: dangerous.engine
2026-07-31 11:06:29 [INFO] 检测系统初始化成功
2026-07-31 11:06:29 [INFO] 图像预处理完成，原始尺寸: (2160, 3840)
2026-07-31 11:06:29 [INFO] 开始执行目标检测...
2026-07-31 11:06:29 [INFO] 检测完成，找到 3 个物体
2026-07-31 11:06:29 [INFO] 物体 1: GasCyl1 (置信度: 0.63)
2026-07-31 11:06:29 [INFO] 物体 2: FireExt1 (置信度: 0.47)
2026-07-31 11:06:29 [INFO] 物体 3: FireExt1 (置信度: 0.44)
2026-07-31 11:06:29 [INFO] 检测到车兜区域，将过滤区域外的目标
2026-07-31 11:06:29 [INFO] 准备保存检测结果到: C:\code\show\Scrap_Steel_In_Field\photos\dangerous_det\detection_20260731_110629.jpg
2026-07-31 11:06:29 [INFO] 图像形状: (2160, 3840, 3)
2026-07-31 11:06:29 [INFO] 图像数据类型: uint8
2026-07-31 11:06:29 [INFO] 图像最大值: 255
2026-07-31 11:06:29 [INFO] 图像最小值: 0
2026-07-31 11:06:29 [INFO] 开始保存检测结果图像: 图像尺寸=(2160, 3840, 3), 类型=uint8, 路径=C:\code\show\Scrap_Steel_In_Field\photos\dangerous_det\detection_20260731_110629.jpg
2026-07-31 11:06:29 [INFO] 成功保存检测结果到: C:\code\show\Scrap_Steel_In_Field\photos\dangerous_det\detection_20260731_110629.jpg
2026-07-31 11:06:29 [INFO] 保存的检测结果文件大小: 2271288 字节
2026-07-31 11:06:29 [INFO] 引擎上下文已释放
2026-07-31 11:06:29 [INFO] TensorRT 引擎已释放
2026-07-31 11:06:29 [INFO] 全局 CUDA 资源已释放
2026-07-31 11:06:29 [INFO] 检测系统资源已释放
2026-07-31 11:06:34 [INFO] CUDA 初始化成功
2026-07-31 11:06:35 [INFO] 引擎加载成功: dangerous.engine
2026-07-31 11:06:35 [INFO] 检测系统初始化成功
2026-07-31 11:06:35 [INFO] 图像预处理完成，原始尺寸: (2160, 3840)
2026-07-31 11:06:35 [INFO] 开始执行目标检测...
2026-07-31 11:06:35 [INFO] 检测完成，找到 3 个物体
2026-07-31 11:06:35 [INFO] 物体 1: GasCyl1 (置信度: 0.72)
2026-07-31 11:06:35 [INFO] 物体 2: FireExt1 (置信度: 0.45)
2026-07-31 11:06:35 [INFO] 物体 3: FireExt1 (置信度: 0.44)
2026-07-31 11:06:35 [INFO] 检测到车兜区域，将过滤区域外的目标
2026-07-31 11:06:35 [INFO] 准备保存检测结果到: C:\code\show\Scrap_Steel_In_Field\photos\dangerous_det\detection_20260731_110635.jpg
2026-07-31 11:06:35 [INFO] 图像形状: (2160, 3840, 3)
2026-07-31 11:06:35 [INFO] 图像数据类型: uint8
2026-07-31 11:06:35 [INFO] 图像最大值: 255
2026-07-31 11:06:35 [INFO] 图像最小值: 0
2026-07-31 11:06:35 [INFO] 开始保存检测结果图像: 图像尺寸=(2160, 3840, 3), 类型=uint8, 路径=C:\code\show\Scrap_Steel_In_Field\photos\dangerous_det\detection_20260731_110635.jpg
2026-07-31 11:06:35 [INFO] 成功保存检测结果到: C:\code\show\Scrap_Steel_In_Field\photos\dangerous_det\detection_20260731_110635.jpg
2026-07-31 11:06:35 [INFO] 保存的检测结果文件大小: 2268659 字节
2026-07-31 11:06:35 [INFO] 引擎上下文已释放
2026-07-31 11:06:35 [INFO] TensorRT 引擎已释放
2026-07-31 11:06:35 [INFO] 全局 CUDA 资源已释放
2026-07-31 11:06:35 [INFO] 检测系统资源已释放
2026-07-31 11:06:40 [INFO] CUDA 初始化成功
2026-07-31 11:06:40 [INFO] 引擎加载成功: dangerous.engine
2026-07-31 11:06:40 [INFO] 检测系统初始化成功
2026-07-31 11:06:40 [INFO] 图像预处理完成，原始尺寸: (2160, 3840)
2026-07-31 11:06:40 [INFO] 开始执行目标检测...
2026-07-31 11:06:40 [INFO] 检测完成，找到 3 个物体
2026-07-31 11:06:40 [INFO] 物体 1: GasCyl1 (置信度: 0.64)
2026-07-31 11:06:40 [INFO] 物体 2: FireExt1 (置信度: 0.47)
2026-07-31 11:06:40 [INFO] 物体 3: FireExt1 (置信度: 0.46)
2026-07-31 11:06:40 [INFO] 检测到车兜区域，将过滤区域外的目标
2026-07-31 11:06:40 [INFO] 准备保存检测结果到: C:\code\show\Scrap_Steel_In_Field\photos\dangerous_det\detection_20260731_110640.jpg
2026-07-31 11:06:40 [INFO] 图像形状: (2160, 3840, 3)
2026-07-31 11:06:40 [INFO] 图像数据类型: uint8
2026-07-31 11:06:40 [INFO] 图像最大值: 255
2026-07-31 11:06:40 [INFO] 图像最小值: 0
2026-07-31 11:06:40 [INFO] 开始保存检测结果图像: 图像尺寸=(2160, 3840, 3), 类型=uint8, 路径=C:\code\show\Scrap_Steel_In_Field\photos\dangerous_det\detection_20260731_110640.jpg
2026-07-31 11:06:40 [INFO] 成功保存检测结果到: C:\code\show\Scrap_Steel_In_Field\photos\dangerous_det\detection_20260731_110640.jpg
2026-07-31 11:06:40 [INFO] 保存的检测结果文件大小: 2268373 字节
2026-07-31 11:06:40 [INFO] 引擎上下文已释放
2026-07-31 11:06:40 [INFO] TensorRT 引擎已释放
2026-07-31 11:06:40 [INFO] 全局 CUDA 资源已释放
2026-07-31 11:06:40 [INFO] 检测系统资源已释放
2026-07-31 11:06:45 [INFO] CUDA 初始化成功
2026-07-31 11:06:45 [INFO] 引擎加载成功: dangerous.engine
2026-07-31 11:06:45 [INFO] 检测系统初始化成功
2026-07-31 11:06:45 [INFO] 图像预处理完成，原始尺寸: (2160, 3840)
2026-07-31 11:06:45 [INFO] 开始执行目标检测...
2026-07-31 11:06:45 [INFO] 检测完成，找到 3 个物体
2026-07-31 11:06:45 [INFO] 物体 1: GasCyl1 (置信度: 0.71)
2026-07-31 11:06:45 [INFO] 物体 2: FireExt1 (置信度: 0.45)
2026-07-31 11:06:45 [INFO] 物体 3: FireExt1 (置信度: 0.41)
2026-07-31 11:06:45 [INFO] 检测到车兜区域，将过滤区域外的目标
2026-07-31 11:06:45 [INFO] 准备保存检测结果到: C:\code\show\Scrap_Steel_In_Field\photos\dangerous_det\detection_20260731_110645.jpg
2026-07-31 11:06:45 [INFO] 图像形状: (2160, 3840, 3)
2026-07-31 11:06:45 [INFO] 图像数据类型: uint8
2026-07-31 11:06:45 [INFO] 图像最大值: 255
2026-07-31 11:06:45 [INFO] 图像最小值: 0
2026-07-31 11:06:45 [INFO] 开始保存检测结果图像: 图像尺寸=(2160, 3840, 3), 类型=uint8, 路径=C:\code\show\Scrap_Steel_In_Field\photos\dangerous_det\detection_20260731_110645.jpg
2026-07-31 11:06:45 [INFO] 成功保存检测结果到: C:\code\show\Scrap_Steel_In_Field\photos\dangerous_det\detection_20260731_110645.jpg
2026-07-31 11:06:45 [INFO] 保存的检测结果文件大小: 2270703 字节
2026-07-31 11:06:45 [INFO] 引擎上下文已释放
2026-07-31 11:06:45 [INFO] TensorRT 引擎已释放
2026-07-31 11:06:45 [INFO] 全局 CUDA 资源已释放
2026-07-31 11:06:45 [INFO] 检测系统资源已释放
2026-07-31 11:06:50 [INFO] CUDA 初始化成功
2026-07-31 11:06:50 [INFO] 引擎加载成功: dangerous.engine
2026-07-31 11:06:50 [INFO] 检测系统初始化成功
2026-07-31 11:06:50 [INFO] 图像预处理完成，原始尺寸: (2160, 3840)
2026-07-31 11:06:50 [INFO] 开始执行目标检测...
2026-07-31 11:06:50 [INFO] 检测完成，找到 3 个物体
2026-07-31 11:06:50 [INFO] 物体 1: GasCyl1 (置信度: 0.64)
2026-07-31 11:06:50 [INFO] 物体 2: FireExt1 (置信度: 0.46)
2026-07-31 11:06:50 [INFO] 物体 3: FireExt1 (置信度: 0.46)
2026-07-31 11:06:50 [INFO] 检测到车兜区域，将过滤区域外的目标
2026-07-31 11:06:50 [INFO] 准备保存检测结果到: C:\code\show\Scrap_Steel_In_Field\photos\dangerous_det\detection_20260731_110650.jpg
2026-07-31 11:06:50 [INFO] 图像形状: (2160, 3840, 3)
2026-07-31 11:06:50 [INFO] 图像数据类型: uint8
2026-07-31 11:06:50 [INFO] 图像最大值: 255
2026-07-31 11:06:50 [INFO] 图像最小值: 0
2026-07-31 11:06:50 [INFO] 开始保存检测结果图像: 图像尺寸=(2160, 3840, 3), 类型=uint8, 路径=C:\code\show\Scrap_Steel_In_Field\photos\dangerous_det\detection_20260731_110650.jpg
2026-07-31 11:06:50 [INFO] 成功保存检测结果到: C:\code\show\Scrap_Steel_In_Field\photos\dangerous_det\detection_20260731_110650.jpg
2026-07-31 11:06:50 [INFO] 保存的检测结果文件大小: 2272732 字节
2026-07-31 11:06:50 [INFO] 引擎上下文已释放
2026-07-31 11:06:50 [INFO] TensorRT 引擎已释放
2026-07-31 11:06:50 [INFO] 全局 CUDA 资源已释放
2026-07-31 11:06:50 [INFO] 检测系统资源已释放
2026-07-31 11:06:55 [INFO] CUDA 初始化成功
2026-07-31 11:06:55 [INFO] 引擎加载成功: dangerous.engine
2026-07-31 11:06:55 [INFO] 检测系统初始化成功
2026-07-31 11:06:55 [INFO] 图像预处理完成，原始尺寸: (2160, 3840)
2026-07-31 11:06:55 [INFO] 开始执行目标检测...
2026-07-31 11:06:55 [INFO] 检测完成，找到 3 个物体
2026-07-31 11:06:55 [INFO] 物体 1: GasCyl1 (置信度: 0.71)
2026-07-31 11:06:55 [INFO] 物体 2: FireExt1 (置信度: 0.46)
2026-07-31 11:06:55 [INFO] 物体 3: FireExt1 (置信度: 0.46)
2026-07-31 11:06:55 [INFO] 检测到车兜区域，将过滤区域外的目标
2026-07-31 11:06:55 [INFO] 准备保存检测结果到: C:\code\show\Scrap_Steel_In_Field\photos\dangerous_det\detection_20260731_110655.jpg
2026-07-31 11:06:55 [INFO] 图像形状: (2160, 3840, 3)
2026-07-31 11:06:55 [INFO] 图像数据类型: uint8
2026-07-31 11:06:56 [INFO] 图像最大值: 255
2026-07-31 11:06:56 [INFO] 图像最小值: 0
2026-07-31 11:06:56 [INFO] 开始保存检测结果图像: 图像尺寸=(2160, 3840, 3), 类型=uint8, 路径=C:\code\show\Scrap_Steel_In_Field\photos\dangerous_det\detection_20260731_110655.jpg
2026-07-31 11:06:56 [INFO] 成功保存检测结果到: C:\code\show\Scrap_Steel_In_Field\photos\dangerous_det\detection_20260731_110655.jpg
2026-07-31 11:06:56 [INFO] 保存的检测结果文件大小: 2272294 字节
2026-07-31 11:06:56 [INFO] 引擎上下文已释放
2026-07-31 11:06:56 [INFO] TensorRT 引擎已释放
2026-07-31 11:06:56 [INFO] 全局 CUDA 资源已释放
2026-07-31 11:06:56 [INFO] 检测系统资源已释放
2026-07-31 11:07:00 [INFO] CUDA 初始化成功
2026-07-31 11:07:01 [INFO] 引擎加载成功: dangerous.engine
2026-07-31 11:07:01 [INFO] 检测系统初始化成功
2026-07-31 11:07:01 [INFO] 图像预处理完成，原始尺寸: (2160, 3840)
2026-07-31 11:07:01 [INFO] 开始执行目标检测...
2026-07-31 11:07:01 [INFO] 检测完成，找到 3 个物体
2026-07-31 11:07:01 [INFO] 物体 1: GasCyl1 (置信度: 0.69)
2026-07-31 11:07:01 [INFO] 物体 2: FireExt1 (置信度: 0.46)
2026-07-31 11:07:01 [INFO] 物体 3: FireExt1 (置信度: 0.46)
2026-07-31 11:07:01 [INFO] 检测到车兜区域，将过滤区域外的目标
2026-07-31 11:07:01 [INFO] 准备保存检测结果到: C:\code\show\Scrap_Steel_In_Field\photos\dangerous_det\detection_20260731_110701.jpg
2026-07-31 11:07:01 [INFO] 图像形状: (2160, 3840, 3)
2026-07-31 11:07:01 [INFO] 图像数据类型: uint8
2026-07-31 11:07:01 [INFO] 图像最大值: 255
2026-07-31 11:07:01 [INFO] 图像最小值: 0
2026-07-31 11:07:01 [INFO] 开始保存检测结果图像: 图像尺寸=(2160, 3840, 3), 类型=uint8, 路径=C:\code\show\Scrap_Steel_In_Field\photos\dangerous_det\detection_20260731_110701.jpg
2026-07-31 11:07:01 [INFO] 成功保存检测结果到: C:\code\show\Scrap_Steel_In_Field\photos\dangerous_det\detection_20260731_110701.jpg
2026-07-31 11:07:01 [INFO] 保存的检测结果文件大小: 2271569 字节
2026-07-31 11:07:01 [INFO] 引擎上下文已释放
2026-07-31 11:07:01 [INFO] TensorRT 引擎已释放
2026-07-31 11:07:01 [INFO] 全局 CUDA 资源已释放
2026-07-31 11:07:01 [INFO] 检测系统资源已释放
2026-07-31 11:07:06 [INFO] CUDA 初始化成功
2026-07-31 11:07:06 [INFO] 引擎加载成功: dangerous.engine
2026-07-31 11:07:06 [INFO] 检测系统初始化成功
2026-07-31 11:07:06 [INFO] 图像预处理完成，原始尺寸: (2160, 3840)
2026-07-31 11:07:06 [INFO] 开始执行目标检测...
2026-07-31 11:07:06 [INFO] 检测完成，找到 3 个物体
2026-07-31 11:07:06 [INFO] 物体 1: GasCyl1 (置信度: 0.67)
2026-07-31 11:07:06 [INFO] 物体 2: FireExt1 (置信度: 0.45)
2026-07-31 11:07:06 [INFO] 物体 3: FireExt1 (置信度: 0.41)
2026-07-31 11:07:06 [INFO] 检测到车兜区域，将过滤区域外的目标
2026-07-31 11:07:06 [INFO] 准备保存检测结果到: C:\code\show\Scrap_Steel_In_Field\photos\dangerous_det\detection_20260731_110706.jpg
2026-07-31 11:07:06 [INFO] 图像形状: (2160, 3840, 3)
2026-07-31 11:07:06 [INFO] 图像数据类型: uint8
2026-07-31 11:07:06 [INFO] 图像最大值: 255
2026-07-31 11:07:06 [INFO] 图像最小值: 0
2026-07-31 11:07:06 [INFO] 开始保存检测结果图像: 图像尺寸=(2160, 3840, 3), 类型=uint8, 路径=C:\code\show\Scrap_Steel_In_Field\photos\dangerous_det\detection_20260731_110706.jpg
2026-07-31 11:07:06 [INFO] 成功保存检测结果到: C:\code\show\Scrap_Steel_In_Field\photos\dangerous_det\detection_20260731_110706.jpg
2026-07-31 11:07:06 [INFO] 保存的检测结果文件大小: 2271584 字节
2026-07-31 11:07:06 [INFO] 引擎上下文已释放
2026-07-31 11:07:06 [INFO] TensorRT 引擎已释放
2026-07-31 11:07:06 [INFO] 全局 CUDA 资源已释放
2026-07-31 11:07:06 [INFO] 检测系统资源已释放
2026-07-31 11:07:11 [INFO] CUDA 初始化成功
2026-07-31 11:07:11 [INFO] 引擎加载成功: dangerous.engine
2026-07-31 11:07:11 [INFO] 检测系统初始化成功
2026-07-31 11:07:11 [INFO] 图像预处理完成，原始尺寸: (2160, 3840)
2026-07-31 11:07:11 [INFO] 开始执行目标检测...
2026-07-31 11:07:11 [INFO] 检测完成，找到 3 个物体
2026-07-31 11:07:11 [INFO] 物体 1: GasCyl1 (置信度: 0.67)
2026-07-31 11:07:11 [INFO] 物体 2: FireExt1 (置信度: 0.48)
2026-07-31 11:07:11 [INFO] 物体 3: FireExt1 (置信度: 0.47)
2026-07-31 11:07:11 [INFO] 检测到车兜区域，将过滤区域外的目标
2026-07-31 11:07:11 [INFO] 准备保存检测结果到: C:\code\show\Scrap_Steel_In_Field\photos\dangerous_det\detection_20260731_110711.jpg
2026-07-31 11:07:11 [INFO] 图像形状: (2160, 3840, 3)
2026-07-31 11:07:11 [INFO] 图像数据类型: uint8
2026-07-31 11:07:11 [INFO] 图像最大值: 255
2026-07-31 11:07:11 [INFO] 图像最小值: 0
2026-07-31 11:07:11 [INFO] 开始保存检测结果图像: 图像尺寸=(2160, 3840, 3), 类型=uint8, 路径=C:\code\show\Scrap_Steel_In_Field\photos\dangerous_det\detection_20260731_110711.jpg
2026-07-31 11:07:11 [INFO] 成功保存检测结果到: C:\code\show\Scrap_Steel_In_Field\photos\dangerous_det\detection_20260731_110711.jpg
2026-07-31 11:07:11 [INFO] 保存的检测结果文件大小: 2271156 字节
2026-07-31 11:07:11 [INFO] 引擎上下文已释放
2026-07-31 11:07:11 [INFO] TensorRT 引擎已释放
2026-07-31 11:07:11 [INFO] 全局 CUDA 资源已释放
2026-07-31 11:07:11 [INFO] 检测系统资源已释放
2026-07-31 11:07:16 [INFO] CUDA 初始化成功
2026-07-31 11:07:16 [INFO] 引擎加载成功: dangerous.engine
2026-07-31 11:07:16 [INFO] 检测系统初始化成功
2026-07-31 11:07:16 [INFO] 图像预处理完成，原始尺寸: (2160, 3840)
2026-07-31 11:07:16 [INFO] 开始执行目标检测...
2026-07-31 11:07:16 [INFO] 检测完成，找到 3 个物体
2026-07-31 11:07:16 [INFO] 物体 1: GasCyl1 (置信度: 0.73)
2026-07-31 11:07:16 [INFO] 物体 2: FireExt1 (置信度: 0.44)
2026-07-31 11:07:16 [INFO] 物体 3: FireExt1 (置信度: 0.41)
2026-07-31 11:07:16 [INFO] 检测到车兜区域，将过滤区域外的目标
2026-07-31 11:07:16 [INFO] 准备保存检测结果到: C:\code\show\Scrap_Steel_In_Field\photos\dangerous_det\detection_20260731_110716.jpg
2026-07-31 11:07:16 [INFO] 图像形状: (2160, 3840, 3)
2026-07-31 11:07:16 [INFO] 图像数据类型: uint8
2026-07-31 11:07:16 [INFO] 图像最大值: 255
2026-07-31 11:07:16 [INFO] 图像最小值: 0
2026-07-31 11:07:16 [INFO] 开始保存检测结果图像: 图像尺寸=(2160, 3840, 3), 类型=uint8, 路径=C:\code\show\Scrap_Steel_In_Field\photos\dangerous_det\detection_20260731_110716.jpg
2026-07-31 11:07:16 [INFO] 成功保存检测结果到: C:\code\show\Scrap_Steel_In_Field\photos\dangerous_det\detection_20260731_110716.jpg
2026-07-31 11:07:16 [INFO] 保存的检测结果文件大小: 2270504 字节
2026-07-31 11:07:16 [INFO] 引擎上下文已释放
2026-07-31 11:07:16 [INFO] TensorRT 引擎已释放
2026-07-31 11:07:16 [INFO] 全局 CUDA 资源已释放
2026-07-31 11:07:16 [INFO] 检测系统资源已释放
2026-07-31 11:07:21 [INFO] CUDA 初始化成功
2026-07-31 11:07:21 [INFO] 引擎加载成功: dangerous.engine
2026-07-31 11:07:21 [INFO] 检测系统初始化成功
2026-07-31 11:07:21 [INFO] 图像预处理完成，原始尺寸: (2160, 3840)
2026-07-31 11:07:21 [INFO] 开始执行目标检测...
2026-07-31 11:07:21 [INFO] 检测完成，找到 3 个物体
2026-07-31 11:07:21 [INFO] 物体 1: GasCyl1 (置信度: 0.74)
2026-07-31 11:07:21 [INFO] 物体 2: FireExt1 (置信度: 0.44)
2026-07-31 11:07:21 [INFO] 物体 3: FireExt1 (置信度: 0.41)
2026-07-31 11:07:21 [INFO] 检测到车兜区域，将过滤区域外的目标
2026-07-31 11:07:21 [INFO] 准备保存检测结果到: C:\code\show\Scrap_Steel_In_Field\photos\dangerous_det\detection_20260731_110721.jpg
2026-07-31 11:07:21 [INFO] 图像形状: (2160, 3840, 3)
2026-07-31 11:07:21 [INFO] 图像数据类型: uint8
2026-07-31 11:07:21 [INFO] 图像最大值: 255
2026-07-31 11:07:21 [INFO] 图像最小值: 0
2026-07-31 11:07:21 [INFO] 开始保存检测结果图像: 图像尺寸=(2160, 3840, 3), 类型=uint8, 路径=C:\code\show\Scrap_Steel_In_Field\photos\dangerous_det\detection_20260731_110721.jpg
2026-07-31 11:07:22 [INFO] 成功保存检测结果到: C:\code\show\Scrap_Steel_In_Field\photos\dangerous_det\detection_20260731_110721.jpg
2026-07-31 11:07:22 [INFO] 保存的检测结果文件大小: 2272702 字节
2026-07-31 11:07:22 [INFO] 引擎上下文已释放
2026-07-31 11:07:22 [INFO] TensorRT 引擎已释放
2026-07-31 11:07:22 [INFO] 全局 CUDA 资源已释放
2026-07-31 11:07:22 [INFO] 检测系统资源已释放
2026-07-31 11:07:26 [INFO] CUDA 初始化成功
2026-07-31 11:07:27 [INFO] 引擎加载成功: dangerous.engine
2026-07-31 11:07:27 [INFO] 检测系统初始化成功
2026-07-31 11:07:27 [INFO] 图像预处理完成，原始尺寸: (2160, 3840)
2026-07-31 11:07:27 [INFO] 开始执行目标检测...
2026-07-31 11:07:27 [INFO] 检测完成，找到 3 个物体
2026-07-31 11:07:27 [INFO] 物体 1: GasCyl1 (置信度: 0.65)
2026-07-31 11:07:27 [INFO] 物体 2: FireExt1 (置信度: 0.46)
2026-07-31 11:07:27 [INFO] 物体 3: FireExt1 (置信度: 0.44)
2026-07-31 11:07:27 [INFO] 检测到车兜区域，将过滤区域外的目标
2026-07-31 11:07:27 [INFO] 准备保存检测结果到: C:\code\show\Scrap_Steel_In_Field\photos\dangerous_det\detection_20260731_110727.jpg
2026-07-31 11:07:27 [INFO] 图像形状: (2160, 3840, 3)
2026-07-31 11:07:27 [INFO] 图像数据类型: uint8
2026-07-31 11:07:27 [INFO] 图像最大值: 255
2026-07-31 11:07:27 [INFO] 图像最小值: 0
2026-07-31 11:07:27 [INFO] 开始保存检测结果图像: 图像尺寸=(2160, 3840, 3), 类型=uint8, 路径=C:\code\show\Scrap_Steel_In_Field\photos\dangerous_det\detection_20260731_110727.jpg
2026-07-31 11:07:27 [INFO] 成功保存检测结果到: C:\code\show\Scrap_Steel_In_Field\photos\dangerous_det\detection_20260731_110727.jpg
2026-07-31 11:07:27 [INFO] 保存的检测结果文件大小: 2268418 字节
2026-07-31 11:07:27 [INFO] 引擎上下文已释放
2026-07-31 11:07:27 [INFO] TensorRT 引擎已释放
2026-07-31 11:07:27 [INFO] 全局 CUDA 资源已释放
2026-07-31 11:07:27 [INFO] 检测系统资源已释放
2026-07-31 11:07:32 [INFO] CUDA 初始化成功
2026-07-31 11:07:32 [INFO] 引擎加载成功: dangerous.engine
2026-07-31 11:07:32 [INFO] 检测系统初始化成功
2026-07-31 11:07:32 [INFO] 图像预处理完成，原始尺寸: (2160, 3840)
2026-07-31 11:07:32 [INFO] 开始执行目标检测...
2026-07-31 11:07:32 [INFO] 检测完成，找到 3 个物体
2026-07-31 11:07:32 [INFO] 物体 1: GasCyl1 (置信度: 0.72)
2026-07-31 11:07:32 [INFO] 物体 2: FireExt1 (置信度: 0.46)
2026-07-31 11:07:32 [INFO] 物体 3: FireExt1 (置信度: 0.44)
2026-07-31 11:07:32 [INFO] 检测到车兜区域，将过滤区域外的目标
2026-07-31 11:07:32 [INFO] 准备保存检测结果到: C:\code\show\Scrap_Steel_In_Field\photos\dangerous_det\detection_20260731_110732.jpg
2026-07-31 11:07:32 [INFO] 图像形状: (2160, 3840, 3)
2026-07-31 11:07:32 [INFO] 图像数据类型: uint8
2026-07-31 11:07:32 [INFO] 图像最大值: 255
2026-07-31 11:07:32 [INFO] 图像最小值: 0
2026-07-31 11:07:32 [INFO] 开始保存检测结果图像: 图像尺寸=(2160, 3840, 3), 类型=uint8, 路径=C:\code\show\Scrap_Steel_In_Field\photos\dangerous_det\detection_20260731_110732.jpg
2026-07-31 11:07:32 [INFO] 成功保存检测结果到: C:\code\show\Scrap_Steel_In_Field\photos\dangerous_det\detection_20260731_110732.jpg
2026-07-31 11:07:32 [INFO] 保存的检测结果文件大小: 2270142 字节
2026-07-31 11:07:32 [INFO] 引擎上下文已释放
2026-07-31 11:07:32 [INFO] TensorRT 引擎已释放
2026-07-31 11:07:32 [INFO] 全局 CUDA 资源已释放
2026-07-31 11:07:32 [INFO] 检测系统资源已释放
2026-07-31 11:07:37 [INFO] CUDA 初始化成功
2026-07-31 11:07:37 [INFO] 引擎加载成功: dangerous.engine
2026-07-31 11:07:37 [INFO] 检测系统初始化成功
2026-07-31 11:07:37 [INFO] 图像预处理完成，原始尺寸: (2160, 3840)
2026-07-31 11:07:37 [INFO] 开始执行目标检测...
2026-07-31 11:07:37 [INFO] 检测完成，找到 3 个物体
2026-07-31 11:07:37 [INFO] 物体 1: GasCyl1 (置信度: 0.70)
2026-07-31 11:07:37 [INFO] 物体 2: FireExt1 (置信度: 0.45)
2026-07-31 11:07:37 [INFO] 物体 3: FireExt1 (置信度: 0.44)
2026-07-31 11:07:37 [INFO] 检测到车兜区域，将过滤区域外的目标
2026-07-31 11:07:37 [INFO] 准备保存检测结果到: C:\code\show\Scrap_Steel_In_Field\photos\dangerous_det\detection_20260731_110737.jpg
2026-07-31 11:07:37 [INFO] 图像形状: (2160, 3840, 3)
2026-07-31 11:07:37 [INFO] 图像数据类型: uint8
2026-07-31 11:07:37 [INFO] 图像最大值: 255
2026-07-31 11:07:37 [INFO] 图像最小值: 0
2026-07-31 11:07:37 [INFO] 开始保存检测结果图像: 图像尺寸=(2160, 3840, 3), 类型=uint8, 路径=C:\code\show\Scrap_Steel_In_Field\photos\dangerous_det\detection_20260731_110737.jpg
2026-07-31 11:07:37 [INFO] 成功保存检测结果到: C:\code\show\Scrap_Steel_In_Field\photos\dangerous_det\detection_20260731_110737.jpg
2026-07-31 11:07:37 [INFO] 保存的检测结果文件大小: 2272531 字节
2026-07-31 11:07:37 [INFO] 引擎上下文已释放
2026-07-31 11:07:37 [INFO] TensorRT 引擎已释放
2026-07-31 11:07:37 [INFO] 全局 CUDA 资源已释放
2026-07-31 11:07:37 [INFO] 检测系统资源已释放
2026-07-31 11:07:42 [INFO] CUDA 初始化成功
2026-07-31 11:07:42 [INFO] 引擎加载成功: dangerous.engine
2026-07-31 11:07:42 [INFO] 检测系统初始化成功
2026-07-31 11:07:42 [INFO] 图像预处理完成，原始尺寸: (2160, 3840)
2026-07-31 11:07:42 [INFO] 开始执行目标检测...
2026-07-31 11:07:42 [INFO] 检测完成，找到 3 个物体
2026-07-31 11:07:42 [INFO] 物体 1: GasCyl1 (置信度: 0.68)
2026-07-31 11:07:42 [INFO] 物体 2: FireExt1 (置信度: 0.47)
2026-07-31 11:07:42 [INFO] 物体 3: FireExt1 (置信度: 0.43)
2026-07-31 11:07:42 [INFO] 检测到车兜区域，将过滤区域外的目标
2026-07-31 11:07:42 [INFO] 准备保存检测结果到: C:\code\show\Scrap_Steel_In_Field\photos\dangerous_det\detection_20260731_110742.jpg
2026-07-31 11:07:42 [INFO] 图像形状: (2160, 3840, 3)
2026-07-31 11:07:42 [INFO] 图像数据类型: uint8
2026-07-31 11:07:42 [INFO] 图像最大值: 255
2026-07-31 11:07:42 [INFO] 图像最小值: 0
2026-07-31 11:07:42 [INFO] 开始保存检测结果图像: 图像尺寸=(2160, 3840, 3), 类型=uint8, 路径=C:\code\show\Scrap_Steel_In_Field\photos\dangerous_det\detection_20260731_110742.jpg
2026-07-31 11:07:42 [INFO] 成功保存检测结果到: C:\code\show\Scrap_Steel_In_Field\photos\dangerous_det\detection_20260731_110742.jpg
2026-07-31 11:07:42 [INFO] 保存的检测结果文件大小: 2271517 字节
2026-07-31 11:07:42 [INFO] 引擎上下文已释放
2026-07-31 11:07:42 [INFO] TensorRT 引擎已释放
2026-07-31 11:07:42 [INFO] 全局 CUDA 资源已释放
2026-07-31 11:07:42 [INFO] 检测系统资源已释放
2026-07-31 11:07:48 [INFO] CUDA 初始化成功
2026-07-31 11:07:48 [INFO] 引擎加载成功: dangerous.engine
2026-07-31 11:07:48 [INFO] 检测系统初始化成功
2026-07-31 11:07:48 [INFO] 图像预处理完成，原始尺寸: (2160, 3840)
2026-07-31 11:07:48 [INFO] 开始执行目标检测...
2026-07-31 11:07:48 [INFO] 检测完成，找到 3 个物体
2026-07-31 11:07:48 [INFO] 物体 1: GasCyl1 (置信度: 0.66)
2026-07-31 11:07:48 [INFO] 物体 2: FireExt1 (置信度: 0.45)
2026-07-31 11:07:48 [INFO] 物体 3: FireExt1 (置信度: 0.44)
2026-07-31 11:07:48 [INFO] 检测到车兜区域，将过滤区域外的目标
2026-07-31 11:07:48 [INFO] 准备保存检测结果到: C:\code\show\Scrap_Steel_In_Field\photos\dangerous_det\detection_20260731_110748.jpg
2026-07-31 11:07:48 [INFO] 图像形状: (2160, 3840, 3)
2026-07-31 11:07:48 [INFO] 图像数据类型: uint8
2026-07-31 11:07:48 [INFO] 图像最大值: 255
2026-07-31 11:07:48 [INFO] 图像最小值: 0
2026-07-31 11:07:48 [INFO] 开始保存检测结果图像: 图像尺寸=(2160, 3840, 3), 类型=uint8, 路径=C:\code\show\Scrap_Steel_In_Field\photos\dangerous_det\detection_20260731_110748.jpg
2026-07-31 11:07:48 [INFO] 成功保存检测结果到: C:\code\show\Scrap_Steel_In_Field\photos\dangerous_det\detection_20260731_110748.jpg
2026-07-31 11:07:48 [INFO] 保存的检测结果文件大小: 2275101 字节
2026-07-31 11:07:48 [INFO] 引擎上下文已释放
2026-07-31 11:07:48 [INFO] TensorRT 引擎已释放
2026-07-31 11:07:48 [INFO] 全局 CUDA 资源已释放
2026-07-31 11:07:48 [INFO] 检测系统资源已释放
2026-07-31 11:07:53 [INFO] CUDA 初始化成功
2026-07-31 11:07:53 [INFO] 引擎加载成功: dangerous.engine
2026-07-31 11:07:53 [INFO] 检测系统初始化成功
2026-07-31 11:07:53 [INFO] 图像预处理完成，原始尺寸: (2160, 3840)
2026-07-31 11:07:53 [INFO] 开始执行目标检测...
2026-07-31 11:07:53 [INFO] 检测完成，找到 3 个物体
2026-07-31 11:07:53 [INFO] 物体 1: GasCyl1 (置信度: 0.70)
2026-07-31 11:07:53 [INFO] 物体 2: FireExt1 (置信度: 0.46)
2026-07-31 11:07:53 [INFO] 物体 3: FireExt1 (置信度: 0.42)
2026-07-31 11:07:53 [INFO] 检测到车兜区域，将过滤区域外的目标
2026-07-31 11:07:53 [INFO] 准备保存检测结果到: C:\code\show\Scrap_Steel_In_Field\photos\dangerous_det\detection_20260731_110753.jpg
2026-07-31 11:07:53 [INFO] 图像形状: (2160, 3840, 3)
2026-07-31 11:07:53 [INFO] 图像数据类型: uint8
2026-07-31 11:07:53 [INFO] 图像最大值: 255
2026-07-31 11:07:53 [INFO] 图像最小值: 0
2026-07-31 11:07:53 [INFO] 开始保存检测结果图像: 图像尺寸=(2160, 3840, 3), 类型=uint8, 路径=C:\code\show\Scrap_Steel_In_Field\photos\dangerous_det\detection_20260731_110753.jpg
2026-07-31 11:07:53 [INFO] 成功保存检测结果到: C:\code\show\Scrap_Steel_In_Field\photos\dangerous_det\detection_20260731_110753.jpg
2026-07-31 11:07:53 [INFO] 保存的检测结果文件大小: 2273308 字节
2026-07-31 11:07:53 [INFO] 引擎上下文已释放
2026-07-31 11:07:53 [INFO] TensorRT 引擎已释放
2026-07-31 11:07:53 [INFO] 全局 CUDA 资源已释放
2026-07-31 11:07:53 [INFO] 检测系统资源已释放
2026-07-31 11:07:58 [INFO] CUDA 初始化成功
2026-07-31 11:07:58 [INFO] 引擎加载成功: dangerous.engine
2026-07-31 11:07:58 [INFO] 检测系统初始化成功
2026-07-31 11:07:58 [INFO] 图像预处理完成，原始尺寸: (2160, 3840)
2026-07-31 11:07:58 [INFO] 开始执行目标检测...
2026-07-31 11:07:58 [INFO] 检测完成，找到 3 个物体
2026-07-31 11:07:58 [INFO] 物体 1: GasCyl1 (置信度: 0.63)
2026-07-31 11:07:58 [INFO] 物体 2: FireExt1 (置信度: 0.46)
2026-07-31 11:07:58 [INFO] 物体 3: FireExt1 (置信度: 0.44)
2026-07-31 11:07:58 [INFO] 检测到车兜区域，将过滤区域外的目标
2026-07-31 11:07:58 [INFO] 准备保存检测结果到: C:\code\show\Scrap_Steel_In_Field\photos\dangerous_det\detection_20260731_110758.jpg
2026-07-31 11:07:58 [INFO] 图像形状: (2160, 3840, 3)
2026-07-31 11:07:58 [INFO] 图像数据类型: uint8
2026-07-31 11:07:58 [INFO] 图像最大值: 255
2026-07-31 11:07:58 [INFO] 图像最小值: 0
2026-07-31 11:07:58 [INFO] 开始保存检测结果图像: 图像尺寸=(2160, 3840, 3), 类型=uint8, 路径=C:\code\show\Scrap_Steel_In_Field\photos\dangerous_det\detection_20260731_110758.jpg
2026-07-31 11:07:58 [INFO] 成功保存检测结果到: C:\code\show\Scrap_Steel_In_Field\photos\dangerous_det\detection_20260731_110758.jpg
2026-07-31 11:07:58 [INFO] 保存的检测结果文件大小: 2275377 字节
2026-07-31 11:07:58 [INFO] 引擎上下文已释放
2026-07-31 11:07:58 [INFO] TensorRT 引擎已释放
2026-07-31 11:07:58 [INFO] 全局 CUDA 资源已释放
2026-07-31 11:07:58 [INFO] 检测系统资源已释放
2026-07-31 11:08:04 [INFO] CUDA 初始化成功
2026-07-31 11:08:04 [INFO] 引擎加载成功: dangerous.engine
2026-07-31 11:08:04 [INFO] 检测系统初始化成功
2026-07-31 11:08:04 [INFO] 图像预处理完成，原始尺寸: (2160, 3840)
2026-07-31 11:08:04 [INFO] 开始执行目标检测...
2026-07-31 11:08:04 [INFO] 检测完成，找到 3 个物体
2026-07-31 11:08:04 [INFO] 物体 1: GasCyl1 (置信度: 0.71)
2026-07-31 11:08:04 [INFO] 物体 2: FireExt1 (置信度: 0.46)
2026-07-31 11:08:04 [INFO] 物体 3: FireExt1 (置信度: 0.45)
2026-07-31 11:08:04 [INFO] 检测到车兜区域，将过滤区域外的目标
2026-07-31 11:08:04 [INFO] 准备保存检测结果到: C:\code\show\Scrap_Steel_In_Field\photos\dangerous_det\detection_20260731_110804.jpg
2026-07-31 11:08:04 [INFO] 图像形状: (2160, 3840, 3)
2026-07-31 11:08:04 [INFO] 图像数据类型: uint8
2026-07-31 11:08:04 [INFO] 图像最大值: 255
2026-07-31 11:08:04 [INFO] 图像最小值: 0
2026-07-31 11:08:04 [INFO] 开始保存检测结果图像: 图像尺寸=(2160, 3840, 3), 类型=uint8, 路径=C:\code\show\Scrap_Steel_In_Field\photos\dangerous_det\detection_20260731_110804.jpg
2026-07-31 11:08:04 [INFO] 成功保存检测结果到: C:\code\show\Scrap_Steel_In_Field\photos\dangerous_det\detection_20260731_110804.jpg
2026-07-31 11:08:04 [INFO] 保存的检测结果文件大小: 2273398 字节
2026-07-31 11:08:04 [INFO] 引擎上下文已释放
2026-07-31 11:08:04 [INFO] TensorRT 引擎已释放
2026-07-31 11:08:04 [INFO] 全局 CUDA 资源已释放
2026-07-31 11:08:04 [INFO] 检测系统资源已释放
2026-07-31 11:08:08 [INFO] CUDA 初始化成功
2026-07-31 11:08:08 [INFO] 引擎加载成功: dangerous.engine
2026-07-31 11:08:08 [INFO] 检测系统初始化成功
2026-07-31 11:08:08 [INFO] 图像预处理完成，原始尺寸: (2160, 3840)
2026-07-31 11:08:08 [INFO] 开始执行目标检测...
2026-07-31 11:08:08 [INFO] 检测完成，找到 3 个物体
2026-07-31 11:08:08 [INFO] 物体 1: GasCyl1 (置信度: 0.67)
2026-07-31 11:08:08 [INFO] 物体 2: FireExt1 (置信度: 0.47)
2026-07-31 11:08:08 [INFO] 物体 3: FireExt1 (置信度: 0.45)
2026-07-31 11:08:09 [INFO] 检测到车兜区域，将过滤区域外的目标
2026-07-31 11:08:09 [INFO] 准备保存检测结果到: C:\code\show\Scrap_Steel_In_Field\photos\dangerous_det\detection_20260731_110809.jpg
2026-07-31 11:08:09 [INFO] 图像形状: (2160, 3840, 3)
2026-07-31 11:08:09 [INFO] 图像数据类型: uint8
2026-07-31 11:08:09 [INFO] 图像最大值: 255
2026-07-31 11:08:09 [INFO] 图像最小值: 0
2026-07-31 11:08:09 [INFO] 开始保存检测结果图像: 图像尺寸=(2160, 3840, 3), 类型=uint8, 路径=C:\code\show\Scrap_Steel_In_Field\photos\dangerous_det\detection_20260731_110809.jpg
2026-07-31 11:08:09 [INFO] 成功保存检测结果到: C:\code\show\Scrap_Steel_In_Field\photos\dangerous_det\detection_20260731_110809.jpg
2026-07-31 11:08:09 [INFO] 保存的检测结果文件大小: 2278231 字节
2026-07-31 11:08:09 [INFO] 引擎上下文已释放
2026-07-31 11:08:09 [INFO] TensorRT 引擎已释放
2026-07-31 11:08:09 [INFO] 全局 CUDA 资源已释放
2026-07-31 11:08:09 [INFO] 检测系统资源已释放
2026-07-31 11:08:14 [INFO] CUDA 初始化成功
2026-07-31 11:08:14 [INFO] 引擎加载成功: dangerous.engine
2026-07-31 11:08:14 [INFO] 检测系统初始化成功
2026-07-31 11:08:14 [INFO] 图像预处理完成，原始尺寸: (2160, 3840)
2026-07-31 11:08:14 [INFO] 开始执行目标检测...
2026-07-31 11:08:14 [INFO] 检测完成，找到 3 个物体
2026-07-31 11:08:14 [INFO] 物体 1: GasCyl1 (置信度: 0.60)
2026-07-31 11:08:14 [INFO] 物体 2: FireExt1 (置信度: 0.46)
2026-07-31 11:08:14 [INFO] 物体 3: FireExt1 (置信度: 0.44)
2026-07-31 11:08:14 [INFO] 检测到车兜区域，将过滤区域外的目标
2026-07-31 11:08:14 [INFO] 准备保存检测结果到: C:\code\show\Scrap_Steel_In_Field\photos\dangerous_det\detection_20260731_110814.jpg
2026-07-31 11:08:14 [INFO] 图像形状: (2160, 3840, 3)
2026-07-31 11:08:14 [INFO] 图像数据类型: uint8
2026-07-31 11:08:14 [INFO] 图像最大值: 255
2026-07-31 11:08:14 [INFO] 图像最小值: 0
2026-07-31 11:08:14 [INFO] 开始保存检测结果图像: 图像尺寸=(2160, 3840, 3), 类型=uint8, 路径=C:\code\show\Scrap_Steel_In_Field\photos\dangerous_det\detection_20260731_110814.jpg
2026-07-31 11:08:14 [INFO] 成功保存检测结果到: C:\code\show\Scrap_Steel_In_Field\photos\dangerous_det\detection_20260731_110814.jpg
2026-07-31 11:08:14 [INFO] 保存的检测结果文件大小: 2270270 字节
2026-07-31 11:08:14 [INFO] 引擎上下文已释放
2026-07-31 11:08:14 [INFO] TensorRT 引擎已释放
2026-07-31 11:08:14 [INFO] 全局 CUDA 资源已释放
2026-07-31 11:08:14 [INFO] 检测系统资源已释放
2026-07-31 11:08:19 [INFO] CUDA 初始化成功
2026-07-31 11:08:19 [INFO] 引擎加载成功: dangerous.engine
2026-07-31 11:08:19 [INFO] 检测系统初始化成功
2026-07-31 11:08:19 [INFO] 图像预处理完成，原始尺寸: (2160, 3840)
2026-07-31 11:08:19 [INFO] 开始执行目标检测...
2026-07-31 11:08:19 [INFO] 检测完成，找到 3 个物体
2026-07-31 11:08:19 [INFO] 物体 1: GasCyl1 (置信度: 0.68)
2026-07-31 11:08:19 [INFO] 物体 2: FireExt1 (置信度: 0.45)
2026-07-31 11:08:19 [INFO] 物体 3: FireExt1 (置信度: 0.43)
2026-07-31 11:08:19 [INFO] 检测到车兜区域，将过滤区域外的目标
2026-07-31 11:08:19 [INFO] 准备保存检测结果到: C:\code\show\Scrap_Steel_In_Field\photos\dangerous_det\detection_20260731_110819.jpg
2026-07-31 11:08:19 [INFO] 图像形状: (2160, 3840, 3)
2026-07-31 11:08:19 [INFO] 图像数据类型: uint8
2026-07-31 11:08:19 [INFO] 图像最大值: 255
2026-07-31 11:08:19 [INFO] 图像最小值: 0
2026-07-31 11:08:19 [INFO] 开始保存检测结果图像: 图像尺寸=(2160, 3840, 3), 类型=uint8, 路径=C:\code\show\Scrap_Steel_In_Field\photos\dangerous_det\detection_20260731_110819.jpg
2026-07-31 11:08:19 [INFO] 成功保存检测结果到: C:\code\show\Scrap_Steel_In_Field\photos\dangerous_det\detection_20260731_110819.jpg
2026-07-31 11:08:19 [INFO] 保存的检测结果文件大小: 2276081 字节
2026-07-31 11:08:19 [INFO] 引擎上下文已释放
2026-07-31 11:08:19 [INFO] TensorRT 引擎已释放
2026-07-31 11:08:19 [INFO] 全局 CUDA 资源已释放
2026-07-31 11:08:19 [INFO] 检测系统资源已释放
2026-07-31 11:08:24 [INFO] CUDA 初始化成功
2026-07-31 11:08:24 [INFO] 引擎加载成功: dangerous.engine
2026-07-31 11:08:24 [INFO] 检测系统初始化成功
2026-07-31 11:08:24 [INFO] 图像预处理完成，原始尺寸: (2160, 3840)
2026-07-31 11:08:24 [INFO] 开始执行目标检测...
2026-07-31 11:08:24 [INFO] 检测完成，找到 3 个物体
2026-07-31 11:08:24 [INFO] 物体 1: GasCyl1 (置信度: 0.69)
2026-07-31 11:08:24 [INFO] 物体 2: FireExt1 (置信度: 0.46)
2026-07-31 11:08:24 [INFO] 物体 3: FireExt1 (置信度: 0.40)
2026-07-31 11:08:24 [INFO] 检测到车兜区域，将过滤区域外的目标
2026-07-31 11:08:24 [INFO] 准备保存检测结果到: C:\code\show\Scrap_Steel_In_Field\photos\dangerous_det\detection_20260731_110824.jpg
2026-07-31 11:08:24 [INFO] 图像形状: (2160, 3840, 3)
2026-07-31 11:08:24 [INFO] 图像数据类型: uint8
2026-07-31 11:08:24 [INFO] 图像最大值: 255
2026-07-31 11:08:24 [INFO] 图像最小值: 0
2026-07-31 11:08:24 [INFO] 开始保存检测结果图像: 图像尺寸=(2160, 3840, 3), 类型=uint8, 路径=C:\code\show\Scrap_Steel_In_Field\photos\dangerous_det\detection_20260731_110824.jpg
2026-07-31 11:08:25 [INFO] 成功保存检测结果到: C:\code\show\Scrap_Steel_In_Field\photos\dangerous_det\detection_20260731_110824.jpg
2026-07-31 11:08:25 [INFO] 保存的检测结果文件大小: 2272475 字节
2026-07-31 11:08:25 [INFO] 引擎上下文已释放
2026-07-31 11:08:25 [INFO] TensorRT 引擎已释放
2026-07-31 11:08:25 [INFO] 全局 CUDA 资源已释放
2026-07-31 11:08:25 [INFO] 检测系统资源已释放
2026-07-31 11:08:30 [INFO] CUDA 初始化成功
2026-07-31 11:08:30 [INFO] 引擎加载成功: dangerous.engine
2026-07-31 11:08:30 [INFO] 检测系统初始化成功
2026-07-31 11:08:30 [INFO] 图像预处理完成，原始尺寸: (2160, 3840)
2026-07-31 11:08:30 [INFO] 开始执行目标检测...
2026-07-31 11:08:30 [INFO] 检测完成，找到 3 个物体
2026-07-31 11:08:30 [INFO] 物体 1: GasCyl1 (置信度: 0.69)
2026-07-31 11:08:30 [INFO] 物体 2: FireExt1 (置信度: 0.45)
2026-07-31 11:08:30 [INFO] 物体 3: FireExt1 (置信度: 0.42)
2026-07-31 11:08:30 [INFO] 检测到车兜区域，将过滤区域外的目标
2026-07-31 11:08:30 [INFO] 准备保存检测结果到: C:\code\show\Scrap_Steel_In_Field\photos\dangerous_det\detection_20260731_110830.jpg
2026-07-31 11:08:30 [INFO] 图像形状: (2160, 3840, 3)
2026-07-31 11:08:30 [INFO] 图像数据类型: uint8
2026-07-31 11:08:30 [INFO] 图像最大值: 255
2026-07-31 11:08:30 [INFO] 图像最小值: 0
2026-07-31 11:08:30 [INFO] 开始保存检测结果图像: 图像尺寸=(2160, 3840, 3), 类型=uint8, 路径=C:\code\show\Scrap_Steel_In_Field\photos\dangerous_det\detection_20260731_110830.jpg
2026-07-31 11:08:30 [INFO] 成功保存检测结果到: C:\code\show\Scrap_Steel_In_Field\photos\dangerous_det\detection_20260731_110830.jpg
2026-07-31 11:08:30 [INFO] 保存的检测结果文件大小: 2273612 字节
2026-07-31 11:08:30 [INFO] 引擎上下文已释放
2026-07-31 11:08:30 [INFO] TensorRT 引擎已释放
2026-07-31 11:08:30 [INFO] 全局 CUDA 资源已释放
2026-07-31 11:08:30 [INFO] 检测系统资源已释放
2026-07-31 11:08:35 [INFO] CUDA 初始化成功
2026-07-31 11:08:35 [INFO] 引擎加载成功: dangerous.engine
2026-07-31 11:08:35 [INFO] 检测系统初始化成功
2026-07-31 11:08:35 [INFO] 图像预处理完成，原始尺寸: (2160, 3840)
2026-07-31 11:08:35 [INFO] 开始执行目标检测...
2026-07-31 11:08:35 [INFO] 检测完成，找到 3 个物体
2026-07-31 11:08:35 [INFO] 物体 1: GasCyl1 (置信度: 0.68)
2026-07-31 11:08:35 [INFO] 物体 2: FireExt1 (置信度: 0.48)
2026-07-31 11:08:35 [INFO] 物体 3: FireExt1 (置信度: 0.45)
2026-07-31 11:08:35 [INFO] 检测到车兜区域，将过滤区域外的目标
2026-07-31 11:08:35 [INFO] 准备保存检测结果到: C:\code\show\Scrap_Steel_In_Field\photos\dangerous_det\detection_20260731_110835.jpg
2026-07-31 11:08:35 [INFO] 图像形状: (2160, 3840, 3)
2026-07-31 11:08:35 [INFO] 图像数据类型: uint8
2026-07-31 11:08:35 [INFO] 图像最大值: 255
2026-07-31 11:08:35 [INFO] 图像最小值: 0
2026-07-31 11:08:35 [INFO] 开始保存检测结果图像: 图像尺寸=(2160, 3840, 3), 类型=uint8, 路径=C:\code\show\Scrap_Steel_In_Field\photos\dangerous_det\detection_20260731_110835.jpg
2026-07-31 11:08:35 [INFO] 成功保存检测结果到: C:\code\show\Scrap_Steel_In_Field\photos\dangerous_det\detection_20260731_110835.jpg
2026-07-31 11:08:35 [INFO] 保存的检测结果文件大小: 2274860 字节
2026-07-31 11:08:35 [INFO] 引擎上下文已释放
2026-07-31 11:08:35 [INFO] TensorRT 引擎已释放
2026-07-31 11:08:35 [INFO] 全局 CUDA 资源已释放
2026-07-31 11:08:35 [INFO] 检测系统资源已释放
2026-07-31 11:08:40 [INFO] CUDA 初始化成功
2026-07-31 11:08:40 [INFO] 引擎加载成功: dangerous.engine
2026-07-31 11:08:40 [INFO] 检测系统初始化成功
2026-07-31 11:08:40 [INFO] 图像预处理完成，原始尺寸: (2160, 3840)
2026-07-31 11:08:40 [INFO] 开始执行目标检测...
2026-07-31 11:08:40 [INFO] 检测完成，找到 3 个物体
2026-07-31 11:08:40 [INFO] 物体 1: GasCyl1 (置信度: 0.65)
2026-07-31 11:08:40 [INFO] 物体 2: FireExt1 (置信度: 0.45)
2026-07-31 11:08:40 [INFO] 物体 3: FireExt1 (置信度: 0.44)
2026-07-31 11:08:40 [INFO] 检测到车兜区域，将过滤区域外的目标
2026-07-31 11:08:40 [INFO] 准备保存检测结果到: C:\code\show\Scrap_Steel_In_Field\photos\dangerous_det\detection_20260731_110840.jpg
2026-07-31 11:08:40 [INFO] 图像形状: (2160, 3840, 3)
2026-07-31 11:08:40 [INFO] 图像数据类型: uint8
2026-07-31 11:08:40 [INFO] 图像最大值: 255
2026-07-31 11:08:40 [INFO] 图像最小值: 0
2026-07-31 11:08:40 [INFO] 开始保存检测结果图像: 图像尺寸=(2160, 3840, 3), 类型=uint8, 路径=C:\code\show\Scrap_Steel_In_Field\photos\dangerous_det\detection_20260731_110840.jpg
2026-07-31 11:08:40 [INFO] 成功保存检测结果到: C:\code\show\Scrap_Steel_In_Field\photos\dangerous_det\detection_20260731_110840.jpg
2026-07-31 11:08:40 [INFO] 保存的检测结果文件大小: 2277690 字节
2026-07-31 11:08:40 [INFO] 引擎上下文已释放
2026-07-31 11:08:40 [INFO] TensorRT 引擎已释放
2026-07-31 11:08:40 [INFO] 全局 CUDA 资源已释放
2026-07-31 11:08:40 [INFO] 检测系统资源已释放
2026-07-31 11:08:45 [INFO] CUDA 初始化成功
2026-07-31 11:08:45 [INFO] 引擎加载成功: dangerous.engine
2026-07-31 11:08:45 [INFO] 检测系统初始化成功
2026-07-31 11:08:45 [INFO] 图像预处理完成，原始尺寸: (2160, 3840)
2026-07-31 11:08:45 [INFO] 开始执行目标检测...
2026-07-31 11:08:45 [INFO] 检测完成，找到 3 个物体
2026-07-31 11:08:45 [INFO] 物体 1: GasCyl1 (置信度: 0.60)
2026-07-31 11:08:45 [INFO] 物体 2: FireExt1 (置信度: 0.44)
2026-07-31 11:08:45 [INFO] 物体 3: FireExt1 (置信度: 0.43)
2026-07-31 11:08:46 [INFO] 检测到车兜区域，将过滤区域外的目标
2026-07-31 11:08:46 [INFO] 准备保存检测结果到: C:\code\show\Scrap_Steel_In_Field\photos\dangerous_det\detection_20260731_110846.jpg
2026-07-31 11:08:46 [INFO] 图像形状: (2160, 3840, 3)
2026-07-31 11:08:46 [INFO] 图像数据类型: uint8
2026-07-31 11:08:46 [INFO] 图像最大值: 255
2026-07-31 11:08:46 [INFO] 图像最小值: 0
2026-07-31 11:08:46 [INFO] 开始保存检测结果图像: 图像尺寸=(2160, 3840, 3), 类型=uint8, 路径=C:\code\show\Scrap_Steel_In_Field\photos\dangerous_det\detection_20260731_110846.jpg
2026-07-31 11:08:46 [INFO] 成功保存检测结果到: C:\code\show\Scrap_Steel_In_Field\photos\dangerous_det\detection_20260731_110846.jpg
2026-07-31 11:08:46 [INFO] 保存的检测结果文件大小: 2274969 字节
2026-07-31 11:08:46 [INFO] 引擎上下文已释放
2026-07-31 11:08:46 [INFO] TensorRT 引擎已释放
2026-07-31 11:08:46 [INFO] 全局 CUDA 资源已释放
2026-07-31 11:08:46 [INFO] 检测系统资源已释放
2026-07-31 11:08:51 [INFO] CUDA 初始化成功
2026-07-31 11:08:51 [INFO] 引擎加载成功: dangerous.engine
2026-07-31 11:08:51 [INFO] 检测系统初始化成功
2026-07-31 11:08:51 [INFO] 图像预处理完成，原始尺寸: (2160, 3840)
2026-07-31 11:08:51 [INFO] 开始执行目标检测...
2026-07-31 11:08:51 [INFO] 检测完成，找到 3 个物体
2026-07-31 11:08:51 [INFO] 物体 1: GasCyl1 (置信度: 0.66)
2026-07-31 11:08:51 [INFO] 物体 2: FireExt1 (置信度: 0.46)
2026-07-31 11:08:51 [INFO] 物体 3: FireExt1 (置信度: 0.43)
2026-07-31 11:08:51 [INFO] 检测到车兜区域，将过滤区域外的目标
2026-07-31 11:08:51 [INFO] 准备保存检测结果到: C:\code\show\Scrap_Steel_In_Field\photos\dangerous_det\detection_20260731_110851.jpg
2026-07-31 11:08:51 [INFO] 图像形状: (2160, 3840, 3)
2026-07-31 11:08:51 [INFO] 图像数据类型: uint8
2026-07-31 11:08:51 [INFO] 图像最大值: 255
2026-07-31 11:08:51 [INFO] 图像最小值: 0
2026-07-31 11:08:51 [INFO] 开始保存检测结果图像: 图像尺寸=(2160, 3840, 3), 类型=uint8, 路径=C:\code\show\Scrap_Steel_In_Field\photos\dangerous_det\detection_20260731_110851.jpg
2026-07-31 11:08:51 [INFO] 成功保存检测结果到: C:\code\show\Scrap_Steel_In_Field\photos\dangerous_det\detection_20260731_110851.jpg
2026-07-31 11:08:51 [INFO] 保存的检测结果文件大小: 2276455 字节
2026-07-31 11:08:51 [INFO] 引擎上下文已释放
2026-07-31 11:08:51 [INFO] TensorRT 引擎已释放
2026-07-31 11:08:51 [INFO] 全局 CUDA 资源已释放
2026-07-31 11:08:51 [INFO] 检测系统资源已释放
2026-07-31 11:08:56 [INFO] CUDA 初始化成功
2026-07-31 11:08:56 [INFO] 引擎加载成功: dangerous.engine
2026-07-31 11:08:56 [INFO] 检测系统初始化成功
2026-07-31 11:08:56 [INFO] 图像预处理完成，原始尺寸: (2160, 3840)
2026-07-31 11:08:56 [INFO] 开始执行目标检测...
2026-07-31 11:08:56 [INFO] 检测完成，找到 3 个物体
2026-07-31 11:08:56 [INFO] 物体 1: GasCyl1 (置信度: 0.64)
2026-07-31 11:08:56 [INFO] 物体 2: FireExt1 (置信度: 0.45)
2026-07-31 11:08:56 [INFO] 物体 3: FireExt1 (置信度: 0.44)
2026-07-31 11:08:56 [INFO] 检测到车兜区域，将过滤区域外的目标
2026-07-31 11:08:56 [INFO] 准备保存检测结果到: C:\code\show\Scrap_Steel_In_Field\photos\dangerous_det\detection_20260731_110856.jpg
2026-07-31 11:08:56 [INFO] 图像形状: (2160, 3840, 3)
2026-07-31 11:08:56 [INFO] 图像数据类型: uint8
2026-07-31 11:08:56 [INFO] 图像最大值: 255
2026-07-31 11:08:56 [INFO] 图像最小值: 0
2026-07-31 11:08:56 [INFO] 开始保存检测结果图像: 图像尺寸=(2160, 3840, 3), 类型=uint8, 路径=C:\code\show\Scrap_Steel_In_Field\photos\dangerous_det\detection_20260731_110856.jpg
2026-07-31 11:08:56 [INFO] 成功保存检测结果到: C:\code\show\Scrap_Steel_In_Field\photos\dangerous_det\detection_20260731_110856.jpg
2026-07-31 11:08:56 [INFO] 保存的检测结果文件大小: 2278576 字节
2026-07-31 11:08:56 [INFO] 引擎上下文已释放
2026-07-31 11:08:56 [INFO] TensorRT 引擎已释放
2026-07-31 11:08:56 [INFO] 全局 CUDA 资源已释放
2026-07-31 11:08:56 [INFO] 检测系统资源已释放
2026-07-31 11:09:01 [INFO] CUDA 初始化成功
2026-07-31 11:09:01 [INFO] 引擎加载成功: dangerous.engine
2026-07-31 11:09:01 [INFO] 检测系统初始化成功
2026-07-31 11:09:01 [INFO] 图像预处理完成，原始尺寸: (2160, 3840)
2026-07-31 11:09:01 [INFO] 开始执行目标检测...
2026-07-31 11:09:01 [INFO] 检测完成，找到 3 个物体
2026-07-31 11:09:01 [INFO] 物体 1: GasCyl1 (置信度: 0.68)
2026-07-31 11:09:01 [INFO] 物体 2: FireExt1 (置信度: 0.45)
2026-07-31 11:09:01 [INFO] 物体 3: FireExt1 (置信度: 0.41)
2026-07-31 11:09:02 [INFO] 检测到车兜区域，将过滤区域外的目标
2026-07-31 11:09:02 [INFO] 准备保存检测结果到: C:\code\show\Scrap_Steel_In_Field\photos\dangerous_det\detection_20260731_110902.jpg
2026-07-31 11:09:02 [INFO] 图像形状: (2160, 3840, 3)
2026-07-31 11:09:02 [INFO] 图像数据类型: uint8
2026-07-31 11:09:02 [INFO] 图像最大值: 255
2026-07-31 11:09:02 [INFO] 图像最小值: 0
2026-07-31 11:09:02 [INFO] 开始保存检测结果图像: 图像尺寸=(2160, 3840, 3), 类型=uint8, 路径=C:\code\show\Scrap_Steel_In_Field\photos\dangerous_det\detection_20260731_110902.jpg
2026-07-31 11:09:02 [INFO] 成功保存检测结果到: C:\code\show\Scrap_Steel_In_Field\photos\dangerous_det\detection_20260731_110902.jpg
2026-07-31 11:09:02 [INFO] 保存的检测结果文件大小: 2276212 字节
2026-07-31 11:09:02 [INFO] 引擎上下文已释放
2026-07-31 11:09:02 [INFO] TensorRT 引擎已释放
2026-07-31 11:09:02 [INFO] 全局 CUDA 资源已释放
2026-07-31 11:09:02 [INFO] 检测系统资源已释放
2026-07-31 11:09:07 [INFO] CUDA 初始化成功
2026-07-31 11:09:07 [INFO] 引擎加载成功: dangerous.engine
2026-07-31 11:09:07 [INFO] 检测系统初始化成功
2026-07-31 11:09:07 [INFO] 图像预处理完成，原始尺寸: (2160, 3840)
2026-07-31 11:09:07 [INFO] 开始执行目标检测...
2026-07-31 11:09:07 [INFO] 检测完成，找到 4 个物体
2026-07-31 11:09:07 [INFO] 物体 1: GasCyl1 (置信度: 0.61)
2026-07-31 11:09:07 [INFO] 物体 2: FireExt1 (置信度: 0.46)
2026-07-31 11:09:07 [INFO] 物体 3: FireExt1 (置信度: 0.41)
2026-07-31 11:09:07 [INFO] 物体 4: FireExt1 (置信度: 0.35)
2026-07-31 11:09:07 [INFO] 检测到车兜区域，将过滤区域外的目标
2026-07-31 11:09:07 [INFO] 准备保存检测结果到: C:\code\show\Scrap_Steel_In_Field\photos\dangerous_det\detection_20260731_110907.jpg
2026-07-31 11:09:07 [INFO] 图像形状: (2160, 3840, 3)
2026-07-31 11:09:07 [INFO] 图像数据类型: uint8
2026-07-31 11:09:07 [INFO] 图像最大值: 255
2026-07-31 11:09:07 [INFO] 图像最小值: 0
2026-07-31 11:09:07 [INFO] 开始保存检测结果图像: 图像尺寸=(2160, 3840, 3), 类型=uint8, 路径=C:\code\show\Scrap_Steel_In_Field\photos\dangerous_det\detection_20260731_110907.jpg
2026-07-31 11:09:07 [INFO] 成功保存检测结果到: C:\code\show\Scrap_Steel_In_Field\photos\dangerous_det\detection_20260731_110907.jpg
2026-07-31 11:09:07 [INFO] 保存的检测结果文件大小: 2281882 字节
2026-07-31 11:09:07 [INFO] 引擎上下文已释放
2026-07-31 11:09:07 [INFO] TensorRT 引擎已释放
2026-07-31 11:09:07 [INFO] 全局 CUDA 资源已释放
2026-07-31 11:09:07 [INFO] 检测系统资源已释放
2026-07-31 11:09:12 [INFO] CUDA 初始化成功
2026-07-31 11:09:12 [INFO] 引擎加载成功: dangerous.engine
2026-07-31 11:09:12 [INFO] 检测系统初始化成功
2026-07-31 11:09:12 [INFO] 图像预处理完成，原始尺寸: (2160, 3840)
2026-07-31 11:09:12 [INFO] 开始执行目标检测...
2026-07-31 11:09:12 [INFO] 检测完成，找到 3 个物体
2026-07-31 11:09:12 [INFO] 物体 1: GasCyl1 (置信度: 0.66)
2026-07-31 11:09:12 [INFO] 物体 2: FireExt1 (置信度: 0.45)
2026-07-31 11:09:12 [INFO] 物体 3: FireExt1 (置信度: 0.45)
2026-07-31 11:09:12 [INFO] 检测到车兜区域，将过滤区域外的目标
2026-07-31 11:09:12 [INFO] 准备保存检测结果到: C:\code\show\Scrap_Steel_In_Field\photos\dangerous_det\detection_20260731_110912.jpg
2026-07-31 11:09:12 [INFO] 图像形状: (2160, 3840, 3)
2026-07-31 11:09:12 [INFO] 图像数据类型: uint8
2026-07-31 11:09:12 [INFO] 图像最大值: 255
2026-07-31 11:09:12 [INFO] 图像最小值: 0
2026-07-31 11:09:12 [INFO] 开始保存检测结果图像: 图像尺寸=(2160, 3840, 3), 类型=uint8, 路径=C:\code\show\Scrap_Steel_In_Field\photos\dangerous_det\detection_20260731_110912.jpg
2026-07-31 11:09:12 [INFO] 成功保存检测结果到: C:\code\show\Scrap_Steel_In_Field\photos\dangerous_det\detection_20260731_110912.jpg
2026-07-31 11:09:12 [INFO] 保存的检测结果文件大小: 2278478 字节
2026-07-31 11:09:12 [INFO] 引擎上下文已释放
2026-07-31 11:09:12 [INFO] TensorRT 引擎已释放
2026-07-31 11:09:12 [INFO] 全局 CUDA 资源已释放
2026-07-31 11:09:12 [INFO] 检测系统资源已释放
2026-07-31 11:09:17 [INFO] CUDA 初始化成功
2026-07-31 11:09:17 [INFO] 引擎加载成功: dangerous.engine
2026-07-31 11:09:17 [INFO] 检测系统初始化成功
2026-07-31 11:09:17 [INFO] 图像预处理完成，原始尺寸: (2160, 3840)
2026-07-31 11:09:17 [INFO] 开始执行目标检测...
2026-07-31 11:09:17 [INFO] 检测完成，找到 3 个物体
2026-07-31 11:09:17 [INFO] 物体 1: GasCyl1 (置信度: 0.70)
2026-07-31 11:09:17 [INFO] 物体 2: FireExt1 (置信度: 0.45)
2026-07-31 11:09:17 [INFO] 物体 3: FireExt1 (置信度: 0.42)
2026-07-31 11:09:17 [INFO] 检测到车兜区域，将过滤区域外的目标
2026-07-31 11:09:17 [INFO] 准备保存检测结果到: C:\code\show\Scrap_Steel_In_Field\photos\dangerous_det\detection_20260731_110917.jpg
2026-07-31 11:09:17 [INFO] 图像形状: (2160, 3840, 3)
2026-07-31 11:09:17 [INFO] 图像数据类型: uint8
2026-07-31 11:09:17 [INFO] 图像最大值: 255
2026-07-31 11:09:17 [INFO] 图像最小值: 0
2026-07-31 11:09:17 [INFO] 开始保存检测结果图像: 图像尺寸=(2160, 3840, 3), 类型=uint8, 路径=C:\code\show\Scrap_Steel_In_Field\photos\dangerous_det\detection_20260731_110917.jpg
2026-07-31 11:09:17 [INFO] 成功保存检测结果到: C:\code\show\Scrap_Steel_In_Field\photos\dangerous_det\detection_20260731_110917.jpg
2026-07-31 11:09:17 [INFO] 保存的检测结果文件大小: 2275087 字节
2026-07-31 11:09:17 [INFO] 引擎上下文已释放
2026-07-31 11:09:17 [INFO] TensorRT 引擎已释放
2026-07-31 11:09:17 [INFO] 全局 CUDA 资源已释放
2026-07-31 11:09:17 [INFO] 检测系统资源已释放
2026-07-31 11:09:22 [INFO] CUDA 初始化成功
2026-07-31 11:09:23 [INFO] 引擎加载成功: dangerous.engine
2026-07-31 11:09:23 [INFO] 检测系统初始化成功
2026-07-31 11:09:23 [INFO] 图像预处理完成，原始尺寸: (2160, 3840)
2026-07-31 11:09:23 [INFO] 开始执行目标检测...
2026-07-31 11:09:23 [INFO] 检测完成，找到 3 个物体
2026-07-31 11:09:23 [INFO] 物体 1: GasCyl1 (置信度: 0.70)
2026-07-31 11:09:23 [INFO] 物体 2: FireExt1 (置信度: 0.45)
2026-07-31 11:09:23 [INFO] 物体 3: FireExt1 (置信度: 0.44)
2026-07-31 11:09:23 [INFO] 检测到车兜区域，将过滤区域外的目标
2026-07-31 11:09:23 [INFO] 准备保存检测结果到: C:\code\show\Scrap_Steel_In_Field\photos\dangerous_det\detection_20260731_110923.jpg
2026-07-31 11:09:23 [INFO] 图像形状: (2160, 3840, 3)
2026-07-31 11:09:23 [INFO] 图像数据类型: uint8
2026-07-31 11:09:23 [INFO] 图像最大值: 255
2026-07-31 11:09:23 [INFO] 图像最小值: 0
2026-07-31 11:09:23 [INFO] 开始保存检测结果图像: 图像尺寸=(2160, 3840, 3), 类型=uint8, 路径=C:\code\show\Scrap_Steel_In_Field\photos\dangerous_det\detection_20260731_110923.jpg
2026-07-31 11:09:23 [INFO] 成功保存检测结果到: C:\code\show\Scrap_Steel_In_Field\photos\dangerous_det\detection_20260731_110923.jpg
2026-07-31 11:09:23 [INFO] 保存的检测结果文件大小: 2279194 字节
2026-07-31 11:09:23 [INFO] 引擎上下文已释放
2026-07-31 11:09:23 [INFO] TensorRT 引擎已释放
2026-07-31 11:09:23 [INFO] 全局 CUDA 资源已释放
2026-07-31 11:09:23 [INFO] 检测系统资源已释放
2026-07-31 11:09:28 [INFO] CUDA 初始化成功
2026-07-31 11:09:28 [INFO] 引擎加载成功: dangerous.engine
2026-07-31 11:09:28 [INFO] 检测系统初始化成功
2026-07-31 11:09:28 [INFO] 图像预处理完成，原始尺寸: (2160, 3840)
2026-07-31 11:09:28 [INFO] 开始执行目标检测...
2026-07-31 11:09:28 [INFO] 检测完成，找到 3 个物体
2026-07-31 11:09:28 [INFO] 物体 1: GasCyl1 (置信度: 0.71)
2026-07-31 11:09:28 [INFO] 物体 2: FireExt1 (置信度: 0.48)
2026-07-31 11:09:28 [INFO] 物体 3: FireExt1 (置信度: 0.47)
2026-07-31 11:09:28 [INFO] 检测到车兜区域，将过滤区域外的目标
2026-07-31 11:09:28 [INFO] 准备保存检测结果到: C:\code\show\Scrap_Steel_In_Field\photos\dangerous_det\detection_20260731_110928.jpg
2026-07-31 11:09:28 [INFO] 图像形状: (2160, 3840, 3)
2026-07-31 11:09:28 [INFO] 图像数据类型: uint8
2026-07-31 11:09:28 [INFO] 图像最大值: 255
2026-07-31 11:09:28 [INFO] 图像最小值: 0
2026-07-31 11:09:28 [INFO] 开始保存检测结果图像: 图像尺寸=(2160, 3840, 3), 类型=uint8, 路径=C:\code\show\Scrap_Steel_In_Field\photos\dangerous_det\detection_20260731_110928.jpg
2026-07-31 11:09:28 [INFO] 成功保存检测结果到: C:\code\show\Scrap_Steel_In_Field\photos\dangerous_det\detection_20260731_110928.jpg
2026-07-31 11:09:28 [INFO] 保存的检测结果文件大小: 2279550 字节
2026-07-31 11:09:28 [INFO] 引擎上下文已释放
2026-07-31 11:09:28 [INFO] TensorRT 引擎已释放
2026-07-31 11:09:28 [INFO] 全局 CUDA 资源已释放
2026-07-31 11:09:28 [INFO] 检测系统资源已释放
2026-07-31 11:09:33 [INFO] CUDA 初始化成功
2026-07-31 11:09:33 [INFO] 引擎加载成功: dangerous.engine
2026-07-31 11:09:33 [INFO] 检测系统初始化成功
2026-07-31 11:09:34 [INFO] 图像预处理完成，原始尺寸: (2160, 3840)
2026-07-31 11:09:34 [INFO] 开始执行目标检测...
2026-07-31 11:09:34 [INFO] 检测完成，找到 3 个物体
2026-07-31 11:09:34 [INFO] 物体 1: GasCyl1 (置信度: 0.67)
2026-07-31 11:09:34 [INFO] 物体 2: FireExt1 (置信度: 0.44)
2026-07-31 11:09:34 [INFO] 物体 3: FireExt1 (置信度: 0.42)
2026-07-31 11:09:34 [INFO] 检测到车兜区域，将过滤区域外的目标
2026-07-31 11:09:34 [INFO] 准备保存检测结果到: C:\code\show\Scrap_Steel_In_Field\photos\dangerous_det\detection_20260731_110934.jpg
2026-07-31 11:09:34 [INFO] 图像形状: (2160, 3840, 3)
2026-07-31 11:09:34 [INFO] 图像数据类型: uint8
2026-07-31 11:09:34 [INFO] 图像最大值: 255
2026-07-31 11:09:34 [INFO] 图像最小值: 0
2026-07-31 11:09:34 [INFO] 开始保存检测结果图像: 图像尺寸=(2160, 3840, 3), 类型=uint8, 路径=C:\code\show\Scrap_Steel_In_Field\photos\dangerous_det\detection_20260731_110934.jpg
2026-07-31 11:09:34 [INFO] 成功保存检测结果到: C:\code\show\Scrap_Steel_In_Field\photos\dangerous_det\detection_20260731_110934.jpg
2026-07-31 11:09:34 [INFO] 保存的检测结果文件大小: 2274032 字节
2026-07-31 11:09:34 [INFO] 引擎上下文已释放
2026-07-31 11:09:34 [INFO] TensorRT 引擎已释放
2026-07-31 11:09:34 [INFO] 全局 CUDA 资源已释放
2026-07-31 11:09:34 [INFO] 检测系统资源已释放
2026-07-31 11:09:38 [INFO] CUDA 初始化成功
2026-07-31 11:09:38 [INFO] 引擎加载成功: dangerous.engine
2026-07-31 11:09:38 [INFO] 检测系统初始化成功
2026-07-31 11:09:38 [INFO] 图像预处理完成，原始尺寸: (2160, 3840)
2026-07-31 11:09:38 [INFO] 开始执行目标检测...
2026-07-31 11:09:39 [INFO] 检测完成，找到 3 个物体
2026-07-31 11:09:39 [INFO] 物体 1: GasCyl1 (置信度: 0.61)
2026-07-31 11:09:39 [INFO] 物体 2: FireExt1 (置信度: 0.46)
2026-07-31 11:09:39 [INFO] 物体 3: FireExt1 (置信度: 0.45)
2026-07-31 11:09:39 [INFO] 检测到车兜区域，将过滤区域外的目标
2026-07-31 11:09:39 [INFO] 准备保存检测结果到: C:\code\show\Scrap_Steel_In_Field\photos\dangerous_det\detection_20260731_110939.jpg
2026-07-31 11:09:39 [INFO] 图像形状: (2160, 3840, 3)
2026-07-31 11:09:39 [INFO] 图像数据类型: uint8
2026-07-31 11:09:39 [INFO] 图像最大值: 255
2026-07-31 11:09:39 [INFO] 图像最小值: 0
2026-07-31 11:09:39 [INFO] 开始保存检测结果图像: 图像尺寸=(2160, 3840, 3), 类型=uint8, 路径=C:\code\show\Scrap_Steel_In_Field\photos\dangerous_det\detection_20260731_110939.jpg
2026-07-31 11:09:39 [INFO] 成功保存检测结果到: C:\code\show\Scrap_Steel_In_Field\photos\dangerous_det\detection_20260731_110939.jpg
2026-07-31 11:09:39 [INFO] 保存的检测结果文件大小: 2283436 字节
2026-07-31 11:09:39 [INFO] 引擎上下文已释放
2026-07-31 11:09:39 [INFO] TensorRT 引擎已释放
2026-07-31 11:09:39 [INFO] 全局 CUDA 资源已释放
2026-07-31 11:09:39 [INFO] 检测系统资源已释放
2026-07-31 11:09:44 [INFO] CUDA 初始化成功
2026-07-31 11:09:44 [INFO] 引擎加载成功: dangerous.engine
2026-07-31 11:09:44 [INFO] 检测系统初始化成功
2026-07-31 11:09:44 [INFO] 图像预处理完成，原始尺寸: (2160, 3840)
2026-07-31 11:09:44 [INFO] 开始执行目标检测...
2026-07-31 11:09:44 [INFO] 检测完成，找到 3 个物体
2026-07-31 11:09:44 [INFO] 物体 1: GasCyl1 (置信度: 0.63)
2026-07-31 11:09:44 [INFO] 物体 2: FireExt1 (置信度: 0.46)
2026-07-31 11:09:44 [INFO] 物体 3: FireExt1 (置信度: 0.45)
2026-07-31 11:09:44 [INFO] 检测到车兜区域，将过滤区域外的目标
2026-07-31 11:09:44 [INFO] 准备保存检测结果到: C:\code\show\Scrap_Steel_In_Field\photos\dangerous_det\detection_20260731_110944.jpg
2026-07-31 11:09:44 [INFO] 图像形状: (2160, 3840, 3)
2026-07-31 11:09:44 [INFO] 图像数据类型: uint8
2026-07-31 11:09:44 [INFO] 图像最大值: 255
2026-07-31 11:09:44 [INFO] 图像最小值: 0
2026-07-31 11:09:44 [INFO] 开始保存检测结果图像: 图像尺寸=(2160, 3840, 3), 类型=uint8, 路径=C:\code\show\Scrap_Steel_In_Field\photos\dangerous_det\detection_20260731_110944.jpg
2026-07-31 11:09:44 [INFO] 成功保存检测结果到: C:\code\show\Scrap_Steel_In_Field\photos\dangerous_det\detection_20260731_110944.jpg
2026-07-31 11:09:44 [INFO] 保存的检测结果文件大小: 2283317 字节
2026-07-31 11:09:44 [INFO] 引擎上下文已释放
2026-07-31 11:09:44 [INFO] TensorRT 引擎已释放
2026-07-31 11:09:44 [INFO] 全局 CUDA 资源已释放
2026-07-31 11:09:44 [INFO] 检测系统资源已释放
2026-07-31 11:09:49 [INFO] CUDA 初始化成功
2026-07-31 11:09:49 [INFO] 引擎加载成功: dangerous.engine
2026-07-31 11:09:49 [INFO] 检测系统初始化成功
2026-07-31 11:09:49 [INFO] 图像预处理完成，原始尺寸: (2160, 3840)
2026-07-31 11:09:49 [INFO] 开始执行目标检测...
2026-07-31 11:09:49 [INFO] 检测完成，找到 3 个物体
2026-07-31 11:09:49 [INFO] 物体 1: GasCyl1 (置信度: 0.70)
2026-07-31 11:09:49 [INFO] 物体 2: FireExt1 (置信度: 0.45)
2026-07-31 11:09:49 [INFO] 物体 3: FireExt1 (置信度: 0.40)
2026-07-31 11:09:49 [INFO] 检测到车兜区域，将过滤区域外的目标
2026-07-31 11:09:49 [INFO] 准备保存检测结果到: C:\code\show\Scrap_Steel_In_Field\photos\dangerous_det\detection_20260731_110949.jpg
2026-07-31 11:09:49 [INFO] 图像形状: (2160, 3840, 3)
2026-07-31 11:09:49 [INFO] 图像数据类型: uint8
2026-07-31 11:09:49 [INFO] 图像最大值: 255
2026-07-31 11:09:49 [INFO] 图像最小值: 0
2026-07-31 11:09:49 [INFO] 开始保存检测结果图像: 图像尺寸=(2160, 3840, 3), 类型=uint8, 路径=C:\code\show\Scrap_Steel_In_Field\photos\dangerous_det\detection_20260731_110949.jpg
2026-07-31 11:09:49 [INFO] 成功保存检测结果到: C:\code\show\Scrap_Steel_In_Field\photos\dangerous_det\detection_20260731_110949.jpg
2026-07-31 11:09:49 [INFO] 保存的检测结果文件大小: 2278551 字节
2026-07-31 11:09:49 [INFO] 引擎上下文已释放
2026-07-31 11:09:49 [INFO] TensorRT 引擎已释放
2026-07-31 11:09:50 [INFO] 全局 CUDA 资源已释放
2026-07-31 11:09:50 [INFO] 检测系统资源已释放
2026-07-31 11:09:54 [INFO] CUDA 初始化成功
2026-07-31 11:09:54 [INFO] 引擎加载成功: dangerous.engine
2026-07-31 11:09:54 [INFO] 检测系统初始化成功
2026-07-31 11:09:54 [INFO] 图像预处理完成，原始尺寸: (2160, 3840)
2026-07-31 11:09:54 [INFO] 开始执行目标检测...
2026-07-31 11:09:54 [INFO] 检测完成，找到 3 个物体
2026-07-31 11:09:54 [INFO] 物体 1: GasCyl1 (置信度: 0.68)
2026-07-31 11:09:54 [INFO] 物体 2: FireExt1 (置信度: 0.46)
2026-07-31 11:09:54 [INFO] 物体 3: FireExt1 (置信度: 0.44)
2026-07-31 11:09:54 [INFO] 检测到车兜区域，将过滤区域外的目标
2026-07-31 11:09:54 [INFO] 准备保存检测结果到: C:\code\show\Scrap_Steel_In_Field\photos\dangerous_det\detection_20260731_110954.jpg
2026-07-31 11:09:54 [INFO] 图像形状: (2160, 3840, 3)
2026-07-31 11:09:54 [INFO] 图像数据类型: uint8
2026-07-31 11:09:54 [INFO] 图像最大值: 255
2026-07-31 11:09:54 [INFO] 图像最小值: 0
2026-07-31 11:09:54 [INFO] 开始保存检测结果图像: 图像尺寸=(2160, 3840, 3), 类型=uint8, 路径=C:\code\show\Scrap_Steel_In_Field\photos\dangerous_det\detection_20260731_110954.jpg
2026-07-31 11:09:54 [INFO] 成功保存检测结果到: C:\code\show\Scrap_Steel_In_Field\photos\dangerous_det\detection_20260731_110954.jpg
2026-07-31 11:09:54 [INFO] 保存的检测结果文件大小: 2281551 字节
2026-07-31 11:09:54 [INFO] 引擎上下文已释放
2026-07-31 11:09:54 [INFO] TensorRT 引擎已释放
2026-07-31 11:09:54 [INFO] 全局 CUDA 资源已释放
2026-07-31 11:09:54 [INFO] 检测系统资源已释放
2026-07-31 11:09:59 [INFO] CUDA 初始化成功
2026-07-31 11:09:59 [INFO] 引擎加载成功: dangerous.engine
2026-07-31 11:09:59 [INFO] 检测系统初始化成功
2026-07-31 11:09:59 [INFO] 图像预处理完成，原始尺寸: (2160, 3840)
2026-07-31 11:09:59 [INFO] 开始执行目标检测...
2026-07-31 11:09:59 [INFO] 检测完成，找到 3 个物体
2026-07-31 11:09:59 [INFO] 物体 1: GasCyl1 (置信度: 0.65)
2026-07-31 11:09:59 [INFO] 物体 2: FireExt1 (置信度: 0.44)
2026-07-31 11:09:59 [INFO] 物体 3: FireExt1 (置信度: 0.44)
2026-07-31 11:09:59 [INFO] 检测到车兜区域，将过滤区域外的目标
2026-07-31 11:09:59 [INFO] 准备保存检测结果到: C:\code\show\Scrap_Steel_In_Field\photos\dangerous_det\detection_20260731_110959.jpg
2026-07-31 11:09:59 [INFO] 图像形状: (2160, 3840, 3)
2026-07-31 11:09:59 [INFO] 图像数据类型: uint8
2026-07-31 11:10:00 [INFO] 图像最大值: 255
2026-07-31 11:10:00 [INFO] 图像最小值: 0
2026-07-31 11:10:00 [INFO] 开始保存检测结果图像: 图像尺寸=(2160, 3840, 3), 类型=uint8, 路径=C:\code\show\Scrap_Steel_In_Field\photos\dangerous_det\detection_20260731_110959.jpg
2026-07-31 11:10:00 [INFO] 成功保存检测结果到: C:\code\show\Scrap_Steel_In_Field\photos\dangerous_det\detection_20260731_110959.jpg
2026-07-31 11:10:00 [INFO] 保存的检测结果文件大小: 2276334 字节
2026-07-31 11:10:00 [INFO] 引擎上下文已释放
2026-07-31 11:10:00 [INFO] TensorRT 引擎已释放
2026-07-31 11:10:00 [INFO] 全局 CUDA 资源已释放
2026-07-31 11:10:00 [INFO] 检测系统资源已释放
2026-07-31 11:10:05 [INFO] CUDA 初始化成功
2026-07-31 11:10:05 [INFO] 引擎加载成功: dangerous.engine
2026-07-31 11:10:05 [INFO] 检测系统初始化成功
2026-07-31 11:10:05 [INFO] 图像预处理完成，原始尺寸: (2160, 3840)
2026-07-31 11:10:05 [INFO] 开始执行目标检测...
2026-07-31 11:10:05 [INFO] 检测完成，找到 3 个物体
2026-07-31 11:10:05 [INFO] 物体 1: GasCyl1 (置信度: 0.71)
2026-07-31 11:10:05 [INFO] 物体 2: FireExt1 (置信度: 0.45)
2026-07-31 11:10:05 [INFO] 物体 3: FireExt1 (置信度: 0.44)
2026-07-31 11:10:05 [INFO] 检测到车兜区域，将过滤区域外的目标
2026-07-31 11:10:05 [INFO] 准备保存检测结果到: C:\code\show\Scrap_Steel_In_Field\photos\dangerous_det\detection_20260731_111005.jpg
2026-07-31 11:10:05 [INFO] 图像形状: (2160, 3840, 3)
2026-07-31 11:10:05 [INFO] 图像数据类型: uint8
2026-07-31 11:10:05 [INFO] 图像最大值: 255
2026-07-31 11:10:05 [INFO] 图像最小值: 0
2026-07-31 11:10:05 [INFO] 开始保存检测结果图像: 图像尺寸=(2160, 3840, 3), 类型=uint8, 路径=C:\code\show\Scrap_Steel_In_Field\photos\dangerous_det\detection_20260731_111005.jpg
2026-07-31 11:10:05 [INFO] 成功保存检测结果到: C:\code\show\Scrap_Steel_In_Field\photos\dangerous_det\detection_20260731_111005.jpg
2026-07-31 11:10:05 [INFO] 保存的检测结果文件大小: 2277794 字节
2026-07-31 11:10:05 [INFO] 引擎上下文已释放
2026-07-31 11:10:05 [INFO] TensorRT 引擎已释放
2026-07-31 11:10:05 [INFO] 全局 CUDA 资源已释放
2026-07-31 11:10:05 [INFO] 检测系统资源已释放
2026-07-31 11:10:10 [INFO] CUDA 初始化成功
2026-07-31 11:10:10 [INFO] 引擎加载成功: dangerous.engine
2026-07-31 11:10:10 [INFO] 检测系统初始化成功
2026-07-31 11:10:10 [INFO] 图像预处理完成，原始尺寸: (2160, 3840)
2026-07-31 11:10:10 [INFO] 开始执行目标检测...
2026-07-31 11:10:10 [INFO] 检测完成，找到 4 个物体
2026-07-31 11:10:10 [INFO] 物体 1: GasCyl1 (置信度: 0.66)
2026-07-31 11:10:10 [INFO] 物体 2: FireExt1 (置信度: 0.44)
2026-07-31 11:10:10 [INFO] 物体 3: FireExt1 (置信度: 0.44)
2026-07-31 11:10:10 [INFO] 物体 4: FireExt1 (置信度: 0.36)
2026-07-31 11:10:10 [INFO] 检测到车兜区域，将过滤区域外的目标
2026-07-31 11:10:10 [INFO] 准备保存检测结果到: C:\code\show\Scrap_Steel_In_Field\photos\dangerous_det\detection_20260731_111010.jpg
2026-07-31 11:10:10 [INFO] 图像形状: (2160, 3840, 3)
2026-07-31 11:10:10 [INFO] 图像数据类型: uint8
2026-07-31 11:10:10 [INFO] 图像最大值: 255
2026-07-31 11:10:10 [INFO] 图像最小值: 0
2026-07-31 11:10:10 [INFO] 开始保存检测结果图像: 图像尺寸=(2160, 3840, 3), 类型=uint8, 路径=C:\code\show\Scrap_Steel_In_Field\photos\dangerous_det\detection_20260731_111010.jpg
2026-07-31 11:10:10 [INFO] 成功保存检测结果到: C:\code\show\Scrap_Steel_In_Field\photos\dangerous_det\detection_20260731_111010.jpg
2026-07-31 11:10:10 [INFO] 保存的检测结果文件大小: 2283223 字节
2026-07-31 11:10:10 [INFO] 引擎上下文已释放
2026-07-31 11:10:10 [INFO] TensorRT 引擎已释放
2026-07-31 11:10:10 [INFO] 全局 CUDA 资源已释放
2026-07-31 11:10:10 [INFO] 检测系统资源已释放
2026-07-31 11:10:15 [INFO] CUDA 初始化成功
2026-07-31 11:10:15 [INFO] 引擎加载成功: dangerous.engine
2026-07-31 11:10:15 [INFO] 检测系统初始化成功
2026-07-31 11:10:15 [INFO] 图像预处理完成，原始尺寸: (2160, 3840)
2026-07-31 11:10:15 [INFO] 开始执行目标检测...
2026-07-31 11:10:15 [INFO] 检测完成，找到 3 个物体
2026-07-31 11:10:15 [INFO] 物体 1: GasCyl1 (置信度: 0.67)
2026-07-31 11:10:15 [INFO] 物体 2: FireExt1 (置信度: 0.45)
2026-07-31 11:10:15 [INFO] 物体 3: FireExt1 (置信度: 0.43)
2026-07-31 11:10:15 [INFO] 检测到车兜区域，将过滤区域外的目标
2026-07-31 11:10:15 [INFO] 准备保存检测结果到: C:\code\show\Scrap_Steel_In_Field\photos\dangerous_det\detection_20260731_111015.jpg
2026-07-31 11:10:15 [INFO] 图像形状: (2160, 3840, 3)
2026-07-31 11:10:15 [INFO] 图像数据类型: uint8
2026-07-31 11:10:15 [INFO] 图像最大值: 255
2026-07-31 11:10:15 [INFO] 图像最小值: 0
2026-07-31 11:10:15 [INFO] 开始保存检测结果图像: 图像尺寸=(2160, 3840, 3), 类型=uint8, 路径=C:\code\show\Scrap_Steel_In_Field\photos\dangerous_det\detection_20260731_111015.jpg
2026-07-31 11:10:16 [INFO] 成功保存检测结果到: C:\code\show\Scrap_Steel_In_Field\photos\dangerous_det\detection_20260731_111015.jpg
2026-07-31 11:10:16 [INFO] 保存的检测结果文件大小: 2281523 字节
2026-07-31 11:10:16 [INFO] 引擎上下文已释放
2026-07-31 11:10:16 [INFO] TensorRT 引擎已释放
2026-07-31 11:10:16 [INFO] 全局 CUDA 资源已释放
2026-07-31 11:10:16 [INFO] 检测系统资源已释放
2026-07-31 11:10:20 [INFO] CUDA 初始化成功
2026-07-31 11:10:21 [INFO] 引擎加载成功: dangerous.engine
2026-07-31 11:10:21 [INFO] 检测系统初始化成功
2026-07-31 11:10:21 [INFO] 图像预处理完成，原始尺寸: (2160, 3840)
2026-07-31 11:10:21 [INFO] 开始执行目标检测...
2026-07-31 11:10:21 [INFO] 检测完成，找到 3 个物体
2026-07-31 11:10:21 [INFO] 物体 1: GasCyl1 (置信度: 0.66)
2026-07-31 11:10:21 [INFO] 物体 2: FireExt1 (置信度: 0.45)
2026-07-31 11:10:21 [INFO] 物体 3: FireExt1 (置信度: 0.45)
2026-07-31 11:10:21 [INFO] 检测到车兜区域，将过滤区域外的目标
2026-07-31 11:10:21 [INFO] 准备保存检测结果到: C:\code\show\Scrap_Steel_In_Field\photos\dangerous_det\detection_20260731_111021.jpg
2026-07-31 11:10:21 [INFO] 图像形状: (2160, 3840, 3)
2026-07-31 11:10:21 [INFO] 图像数据类型: uint8
2026-07-31 11:10:21 [INFO] 图像最大值: 255
2026-07-31 11:10:21 [INFO] 图像最小值: 0
2026-07-31 11:10:21 [INFO] 开始保存检测结果图像: 图像尺寸=(2160, 3840, 3), 类型=uint8, 路径=C:\code\show\Scrap_Steel_In_Field\photos\dangerous_det\detection_20260731_111021.jpg
2026-07-31 11:10:21 [INFO] 成功保存检测结果到: C:\code\show\Scrap_Steel_In_Field\photos\dangerous_det\detection_20260731_111021.jpg
2026-07-31 11:10:21 [INFO] 保存的检测结果文件大小: 2279656 字节
2026-07-31 11:10:21 [INFO] 引擎上下文已释放
2026-07-31 11:10:21 [INFO] TensorRT 引擎已释放
2026-07-31 11:10:21 [INFO] 全局 CUDA 资源已释放
2026-07-31 11:10:21 [INFO] 检测系统资源已释放
2026-07-31 11:10:26 [INFO] CUDA 初始化成功
2026-07-31 11:10:26 [INFO] 引擎加载成功: dangerous.engine
2026-07-31 11:10:26 [INFO] 检测系统初始化成功
2026-07-31 11:10:26 [INFO] 图像预处理完成，原始尺寸: (2160, 3840)
2026-07-31 11:10:26 [INFO] 开始执行目标检测...
2026-07-31 11:10:26 [INFO] 检测完成，找到 3 个物体
2026-07-31 11:10:26 [INFO] 物体 1: GasCyl1 (置信度: 0.67)
2026-07-31 11:10:26 [INFO] 物体 2: FireExt1 (置信度: 0.45)
2026-07-31 11:10:26 [INFO] 物体 3: FireExt1 (置信度: 0.44)
2026-07-31 11:10:26 [INFO] 检测到车兜区域，将过滤区域外的目标
2026-07-31 11:10:26 [INFO] 准备保存检测结果到: C:\code\show\Scrap_Steel_In_Field\photos\dangerous_det\detection_20260731_111026.jpg
2026-07-31 11:10:26 [INFO] 图像形状: (2160, 3840, 3)
2026-07-31 11:10:26 [INFO] 图像数据类型: uint8
2026-07-31 11:10:26 [INFO] 图像最大值: 255
2026-07-31 11:10:26 [INFO] 图像最小值: 0
2026-07-31 11:10:26 [INFO] 开始保存检测结果图像: 图像尺寸=(2160, 3840, 3), 类型=uint8, 路径=C:\code\show\Scrap_Steel_In_Field\photos\dangerous_det\detection_20260731_111026.jpg
2026-07-31 11:10:26 [INFO] 成功保存检测结果到: C:\code\show\Scrap_Steel_In_Field\photos\dangerous_det\detection_20260731_111026.jpg
2026-07-31 11:10:26 [INFO] 保存的检测结果文件大小: 2279758 字节
2026-07-31 11:10:26 [INFO] 引擎上下文已释放
2026-07-31 11:10:26 [INFO] TensorRT 引擎已释放
2026-07-31 11:10:26 [INFO] 全局 CUDA 资源已释放
2026-07-31 11:10:26 [INFO] 检测系统资源已释放
2026-07-31 11:10:31 [INFO] CUDA 初始化成功
2026-07-31 11:10:31 [INFO] 引擎加载成功: dangerous.engine
2026-07-31 11:10:31 [INFO] 检测系统初始化成功
2026-07-31 11:10:31 [INFO] 图像预处理完成，原始尺寸: (2160, 3840)
2026-07-31 11:10:31 [INFO] 开始执行目标检测...
2026-07-31 11:10:31 [INFO] 检测完成，找到 3 个物体
2026-07-31 11:10:31 [INFO] 物体 1: GasCyl1 (置信度: 0.63)
2026-07-31 11:10:31 [INFO] 物体 2: FireExt1 (置信度: 0.46)
2026-07-31 11:10:31 [INFO] 物体 3: FireExt1 (置信度: 0.45)
2026-07-31 11:10:31 [INFO] 检测到车兜区域，将过滤区域外的目标
2026-07-31 11:10:31 [INFO] 准备保存检测结果到: C:\code\show\Scrap_Steel_In_Field\photos\dangerous_det\detection_20260731_111031.jpg
2026-07-31 11:10:31 [INFO] 图像形状: (2160, 3840, 3)
2026-07-31 11:10:31 [INFO] 图像数据类型: uint8
2026-07-31 11:10:31 [INFO] 图像最大值: 255
2026-07-31 11:10:31 [INFO] 图像最小值: 0
2026-07-31 11:10:31 [INFO] 开始保存检测结果图像: 图像尺寸=(2160, 3840, 3), 类型=uint8, 路径=C:\code\show\Scrap_Steel_In_Field\photos\dangerous_det\detection_20260731_111031.jpg
2026-07-31 11:10:31 [INFO] 成功保存检测结果到: C:\code\show\Scrap_Steel_In_Field\photos\dangerous_det\detection_20260731_111031.jpg
2026-07-31 11:10:31 [INFO] 保存的检测结果文件大小: 2278753 字节
2026-07-31 11:10:31 [INFO] 引擎上下文已释放
2026-07-31 11:10:31 [INFO] TensorRT 引擎已释放
2026-07-31 11:10:31 [INFO] 全局 CUDA 资源已释放
2026-07-31 11:10:31 [INFO] 检测系统资源已释放
2026-07-31 11:10:36 [INFO] CUDA 初始化成功
2026-07-31 11:10:36 [INFO] 引擎加载成功: dangerous.engine
2026-07-31 11:10:36 [INFO] 检测系统初始化成功
2026-07-31 11:10:36 [INFO] 图像预处理完成，原始尺寸: (2160, 3840)
2026-07-31 11:10:36 [INFO] 开始执行目标检测...
2026-07-31 11:10:36 [INFO] 检测完成，找到 3 个物体
2026-07-31 11:10:36 [INFO] 物体 1: GasCyl1 (置信度: 0.65)
2026-07-31 11:10:36 [INFO] 物体 2: FireExt1 (置信度: 0.45)
2026-07-31 11:10:36 [INFO] 物体 3: FireExt1 (置信度: 0.43)
2026-07-31 11:10:36 [INFO] 检测到车兜区域，将过滤区域外的目标
2026-07-31 11:10:36 [INFO] 准备保存检测结果到: C:\code\show\Scrap_Steel_In_Field\photos\dangerous_det\detection_20260731_111036.jpg
2026-07-31 11:10:36 [INFO] 图像形状: (2160, 3840, 3)
2026-07-31 11:10:36 [INFO] 图像数据类型: uint8
2026-07-31 11:10:36 [INFO] 图像最大值: 255
2026-07-31 11:10:36 [INFO] 图像最小值: 0
2026-07-31 11:10:36 [INFO] 开始保存检测结果图像: 图像尺寸=(2160, 3840, 3), 类型=uint8, 路径=C:\code\show\Scrap_Steel_In_Field\photos\dangerous_det\detection_20260731_111036.jpg
2026-07-31 11:10:36 [INFO] 成功保存检测结果到: C:\code\show\Scrap_Steel_In_Field\photos\dangerous_det\detection_20260731_111036.jpg
2026-07-31 11:10:36 [INFO] 保存的检测结果文件大小: 2282414 字节
2026-07-31 11:10:36 [INFO] 引擎上下文已释放
2026-07-31 11:10:36 [INFO] TensorRT 引擎已释放
2026-07-31 11:10:36 [INFO] 全局 CUDA 资源已释放
2026-07-31 11:10:36 [INFO] 检测系统资源已释放
2026-07-31 11:10:41 [INFO] CUDA 初始化成功
2026-07-31 11:10:41 [INFO] 引擎加载成功: dangerous.engine
2026-07-31 11:10:41 [INFO] 检测系统初始化成功
2026-07-31 11:10:41 [INFO] 图像预处理完成，原始尺寸: (2160, 3840)
2026-07-31 11:10:41 [INFO] 开始执行目标检测...
2026-07-31 11:10:42 [INFO] 检测完成，找到 3 个物体
2026-07-31 11:10:42 [INFO] 物体 1: GasCyl1 (置信度: 0.67)
2026-07-31 11:10:42 [INFO] 物体 2: FireExt1 (置信度: 0.45)
2026-07-31 11:10:42 [INFO] 物体 3: FireExt1 (置信度: 0.42)
2026-07-31 11:10:42 [INFO] 检测到车兜区域，将过滤区域外的目标
2026-07-31 11:10:42 [INFO] 准备保存检测结果到: C:\code\show\Scrap_Steel_In_Field\photos\dangerous_det\detection_20260731_111042.jpg
2026-07-31 11:10:42 [INFO] 图像形状: (2160, 3840, 3)
2026-07-31 11:10:42 [INFO] 图像数据类型: uint8
2026-07-31 11:10:42 [INFO] 图像最大值: 255
2026-07-31 11:10:42 [INFO] 图像最小值: 0
2026-07-31 11:10:42 [INFO] 开始保存检测结果图像: 图像尺寸=(2160, 3840, 3), 类型=uint8, 路径=C:\code\show\Scrap_Steel_In_Field\photos\dangerous_det\detection_20260731_111042.jpg
2026-07-31 11:10:42 [INFO] 成功保存检测结果到: C:\code\show\Scrap_Steel_In_Field\photos\dangerous_det\detection_20260731_111042.jpg
2026-07-31 11:10:42 [INFO] 保存的检测结果文件大小: 2280899 字节
2026-07-31 11:10:42 [INFO] 引擎上下文已释放
2026-07-31 11:10:42 [INFO] TensorRT 引擎已释放
2026-07-31 11:10:42 [INFO] 全局 CUDA 资源已释放
2026-07-31 11:10:42 [INFO] 检测系统资源已释放
2026-07-31 11:10:47 [INFO] CUDA 初始化成功
2026-07-31 11:10:47 [INFO] 引擎加载成功: dangerous.engine
2026-07-31 11:10:47 [INFO] 检测系统初始化成功
2026-07-31 11:10:47 [INFO] 图像预处理完成，原始尺寸: (2160, 3840)
2026-07-31 11:10:47 [INFO] 开始执行目标检测...
2026-07-31 11:10:47 [INFO] 检测完成，找到 3 个物体
2026-07-31 11:10:47 [INFO] 物体 1: GasCyl1 (置信度: 0.69)
2026-07-31 11:10:47 [INFO] 物体 2: FireExt1 (置信度: 0.46)
2026-07-31 11:10:47 [INFO] 物体 3: FireExt1 (置信度: 0.46)
2026-07-31 11:10:47 [INFO] 检测到车兜区域，将过滤区域外的目标
2026-07-31 11:10:47 [INFO] 准备保存检测结果到: C:\code\show\Scrap_Steel_In_Field\photos\dangerous_det\detection_20260731_111047.jpg
2026-07-31 11:10:47 [INFO] 图像形状: (2160, 3840, 3)
2026-07-31 11:10:47 [INFO] 图像数据类型: uint8
2026-07-31 11:10:47 [INFO] 图像最大值: 255
2026-07-31 11:10:47 [INFO] 图像最小值: 0
2026-07-31 11:10:47 [INFO] 开始保存检测结果图像: 图像尺寸=(2160, 3840, 3), 类型=uint8, 路径=C:\code\show\Scrap_Steel_In_Field\photos\dangerous_det\detection_20260731_111047.jpg
2026-07-31 11:10:47 [INFO] 成功保存检测结果到: C:\code\show\Scrap_Steel_In_Field\photos\dangerous_det\detection_20260731_111047.jpg
2026-07-31 11:10:47 [INFO] 保存的检测结果文件大小: 2281334 字节
2026-07-31 11:10:47 [INFO] 引擎上下文已释放
2026-07-31 11:10:47 [INFO] TensorRT 引擎已释放
2026-07-31 11:10:47 [INFO] 全局 CUDA 资源已释放
2026-07-31 11:10:47 [INFO] 检测系统资源已释放
2026-07-31 11:10:52 [INFO] CUDA 初始化成功
2026-07-31 11:10:52 [INFO] 引擎加载成功: dangerous.engine
2026-07-31 11:10:52 [INFO] 检测系统初始化成功
2026-07-31 11:10:52 [INFO] 图像预处理完成，原始尺寸: (2160, 3840)
2026-07-31 11:10:52 [INFO] 开始执行目标检测...
2026-07-31 11:10:52 [INFO] 检测完成，找到 3 个物体
2026-07-31 11:10:52 [INFO] 物体 1: GasCyl1 (置信度: 0.67)
2026-07-31 11:10:52 [INFO] 物体 2: FireExt1 (置信度: 0.47)
2026-07-31 11:10:52 [INFO] 物体 3: FireExt1 (置信度: 0.45)
2026-07-31 11:10:52 [INFO] 检测到车兜区域，将过滤区域外的目标
2026-07-31 11:10:52 [INFO] 准备保存检测结果到: C:\code\show\Scrap_Steel_In_Field\photos\dangerous_det\detection_20260731_111052.jpg
2026-07-31 11:10:52 [INFO] 图像形状: (2160, 3840, 3)
2026-07-31 11:10:52 [INFO] 图像数据类型: uint8
2026-07-31 11:10:52 [INFO] 图像最大值: 255
2026-07-31 11:10:52 [INFO] 图像最小值: 0
2026-07-31 11:10:52 [INFO] 开始保存检测结果图像: 图像尺寸=(2160, 3840, 3), 类型=uint8, 路径=C:\code\show\Scrap_Steel_In_Field\photos\dangerous_det\detection_20260731_111052.jpg
2026-07-31 11:10:52 [INFO] 成功保存检测结果到: C:\code\show\Scrap_Steel_In_Field\photos\dangerous_det\detection_20260731_111052.jpg
2026-07-31 11:10:52 [INFO] 保存的检测结果文件大小: 2281256 字节
2026-07-31 11:10:52 [INFO] 引擎上下文已释放
2026-07-31 11:10:52 [INFO] TensorRT 引擎已释放
2026-07-31 11:10:52 [INFO] 全局 CUDA 资源已释放
2026-07-31 11:10:52 [INFO] 检测系统资源已释放
2026-07-31 11:10:57 [INFO] CUDA 初始化成功
2026-07-31 11:10:57 [INFO] 引擎加载成功: dangerous.engine
2026-07-31 11:10:57 [INFO] 检测系统初始化成功
2026-07-31 11:10:57 [INFO] 图像预处理完成，原始尺寸: (2160, 3840)
2026-07-31 11:10:57 [INFO] 开始执行目标检测...
2026-07-31 11:10:57 [INFO] 检测完成，找到 3 个物体
2026-07-31 11:10:57 [INFO] 物体 1: GasCyl1 (置信度: 0.69)
2026-07-31 11:10:57 [INFO] 物体 2: FireExt1 (置信度: 0.45)
2026-07-31 11:10:57 [INFO] 物体 3: FireExt1 (置信度: 0.43)
2026-07-31 11:10:57 [INFO] 检测到车兜区域，将过滤区域外的目标
2026-07-31 11:10:57 [INFO] 准备保存检测结果到: C:\code\show\Scrap_Steel_In_Field\photos\dangerous_det\detection_20260731_111057.jpg
2026-07-31 11:10:57 [INFO] 图像形状: (2160, 3840, 3)
2026-07-31 11:10:57 [INFO] 图像数据类型: uint8
2026-07-31 11:10:57 [INFO] 图像最大值: 255
2026-07-31 11:10:57 [INFO] 图像最小值: 0
2026-07-31 11:10:57 [INFO] 开始保存检测结果图像: 图像尺寸=(2160, 3840, 3), 类型=uint8, 路径=C:\code\show\Scrap_Steel_In_Field\photos\dangerous_det\detection_20260731_111057.jpg
2026-07-31 11:10:58 [INFO] 成功保存检测结果到: C:\code\show\Scrap_Steel_In_Field\photos\dangerous_det\detection_20260731_111057.jpg
2026-07-31 11:10:58 [INFO] 保存的检测结果文件大小: 2283192 字节
2026-07-31 11:10:58 [INFO] 引擎上下文已释放
2026-07-31 11:10:58 [INFO] TensorRT 引擎已释放
2026-07-31 11:10:58 [INFO] 全局 CUDA 资源已释放
2026-07-31 11:10:58 [INFO] 检测系统资源已释放
2026-07-31 11:11:03 [INFO] CUDA 初始化成功
2026-07-31 11:11:03 [INFO] 引擎加载成功: dangerous.engine
2026-07-31 11:11:03 [INFO] 检测系统初始化成功
2026-07-31 11:11:03 [INFO] 图像预处理完成，原始尺寸: (2160, 3840)
2026-07-31 11:11:03 [INFO] 开始执行目标检测...
2026-07-31 11:11:03 [INFO] 检测完成，找到 3 个物体
2026-07-31 11:11:03 [INFO] 物体 1: GasCyl1 (置信度: 0.72)
2026-07-31 11:11:03 [INFO] 物体 2: FireExt1 (置信度: 0.48)
2026-07-31 11:11:03 [INFO] 物体 3: FireExt1 (置信度: 0.44)
2026-07-31 11:11:03 [INFO] 检测到车兜区域，将过滤区域外的目标
2026-07-31 11:11:03 [INFO] 准备保存检测结果到: C:\code\show\Scrap_Steel_In_Field\photos\dangerous_det\detection_20260731_111103.jpg
2026-07-31 11:11:03 [INFO] 图像形状: (2160, 3840, 3)
2026-07-31 11:11:03 [INFO] 图像数据类型: uint8
2026-07-31 11:11:03 [INFO] 图像最大值: 255
2026-07-31 11:11:03 [INFO] 图像最小值: 0
2026-07-31 11:11:03 [INFO] 开始保存检测结果图像: 图像尺寸=(2160, 3840, 3), 类型=uint8, 路径=C:\code\show\Scrap_Steel_In_Field\photos\dangerous_det\detection_20260731_111103.jpg
2026-07-31 11:11:03 [INFO] 成功保存检测结果到: C:\code\show\Scrap_Steel_In_Field\photos\dangerous_det\detection_20260731_111103.jpg
2026-07-31 11:11:03 [INFO] 保存的检测结果文件大小: 2280953 字节
2026-07-31 11:11:03 [INFO] 引擎上下文已释放
2026-07-31 11:11:03 [INFO] TensorRT 引擎已释放
2026-07-31 11:11:03 [INFO] 全局 CUDA 资源已释放
2026-07-31 11:11:03 [INFO] 检测系统资源已释放
2026-07-31 11:11:08 [INFO] CUDA 初始化成功
2026-07-31 11:11:08 [INFO] 引擎加载成功: dangerous.engine
2026-07-31 11:11:08 [INFO] 检测系统初始化成功
2026-07-31 11:11:08 [INFO] 图像预处理完成，原始尺寸: (2160, 3840)
2026-07-31 11:11:08 [INFO] 开始执行目标检测...
2026-07-31 11:11:08 [INFO] 检测完成，找到 3 个物体
2026-07-31 11:11:08 [INFO] 物体 1: GasCyl1 (置信度: 0.69)
2026-07-31 11:11:08 [INFO] 物体 2: FireExt1 (置信度: 0.45)
2026-07-31 11:11:08 [INFO] 物体 3: FireExt1 (置信度: 0.40)
2026-07-31 11:11:08 [INFO] 检测到车兜区域，将过滤区域外的目标
2026-07-31 11:11:08 [INFO] 准备保存检测结果到: C:\code\show\Scrap_Steel_In_Field\photos\dangerous_det\detection_20260731_111108.jpg
2026-07-31 11:11:08 [INFO] 图像形状: (2160, 3840, 3)
2026-07-31 11:11:08 [INFO] 图像数据类型: uint8
2026-07-31 11:11:08 [INFO] 图像最大值: 255
2026-07-31 11:11:08 [INFO] 图像最小值: 0
2026-07-31 11:11:08 [INFO] 开始保存检测结果图像: 图像尺寸=(2160, 3840, 3), 类型=uint8, 路径=C:\code\show\Scrap_Steel_In_Field\photos\dangerous_det\detection_20260731_111108.jpg
2026-07-31 11:11:08 [INFO] 成功保存检测结果到: C:\code\show\Scrap_Steel_In_Field\photos\dangerous_det\detection_20260731_111108.jpg
2026-07-31 11:11:08 [INFO] 保存的检测结果文件大小: 2282820 字节
2026-07-31 11:11:08 [INFO] 引擎上下文已释放
2026-07-31 11:11:08 [INFO] TensorRT 引擎已释放
2026-07-31 11:11:08 [INFO] 全局 CUDA 资源已释放
2026-07-31 11:11:08 [INFO] 检测系统资源已释放
2026-07-31 11:11:13 [INFO] CUDA 初始化成功
2026-07-31 11:11:13 [INFO] 引擎加载成功: dangerous.engine
2026-07-31 11:11:13 [INFO] 检测系统初始化成功
2026-07-31 11:11:13 [INFO] 图像预处理完成，原始尺寸: (2160, 3840)
2026-07-31 11:11:13 [INFO] 开始执行目标检测...
2026-07-31 11:11:13 [INFO] 检测完成，找到 3 个物体
2026-07-31 11:11:13 [INFO] 物体 1: GasCyl1 (置信度: 0.64)
2026-07-31 11:11:13 [INFO] 物体 2: FireExt1 (置信度: 0.46)
2026-07-31 11:11:13 [INFO] 物体 3: FireExt1 (置信度: 0.44)
2026-07-31 11:11:13 [INFO] 检测到车兜区域，将过滤区域外的目标
2026-07-31 11:11:13 [INFO] 准备保存检测结果到: C:\code\show\Scrap_Steel_In_Field\photos\dangerous_det\detection_20260731_111113.jpg
2026-07-31 11:11:13 [INFO] 图像形状: (2160, 3840, 3)
2026-07-31 11:11:13 [INFO] 图像数据类型: uint8
2026-07-31 11:11:13 [INFO] 图像最大值: 255
2026-07-31 11:11:13 [INFO] 图像最小值: 0
2026-07-31 11:11:13 [INFO] 开始保存检测结果图像: 图像尺寸=(2160, 3840, 3), 类型=uint8, 路径=C:\code\show\Scrap_Steel_In_Field\photos\dangerous_det\detection_20260731_111113.jpg
2026-07-31 11:11:13 [INFO] 成功保存检测结果到: C:\code\show\Scrap_Steel_In_Field\photos\dangerous_det\detection_20260731_111113.jpg
2026-07-31 11:11:13 [INFO] 保存的检测结果文件大小: 2281933 字节
2026-07-31 11:11:13 [INFO] 引擎上下文已释放
2026-07-31 11:11:13 [INFO] TensorRT 引擎已释放
2026-07-31 11:11:13 [INFO] 全局 CUDA 资源已释放
2026-07-31 11:11:13 [INFO] 检测系统资源已释放
2026-07-31 11:11:18 [INFO] CUDA 初始化成功
2026-07-31 11:11:18 [INFO] 引擎加载成功: dangerous.engine
2026-07-31 11:11:18 [INFO] 检测系统初始化成功
2026-07-31 11:11:18 [INFO] 图像预处理完成，原始尺寸: (2160, 3840)
2026-07-31 11:11:18 [INFO] 开始执行目标检测...
2026-07-31 11:11:18 [INFO] 检测完成，找到 3 个物体
2026-07-31 11:11:18 [INFO] 物体 1: GasCyl1 (置信度: 0.68)
2026-07-31 11:11:18 [INFO] 物体 2: FireExt1 (置信度: 0.45)
2026-07-31 11:11:18 [INFO] 物体 3: FireExt1 (置信度: 0.44)
2026-07-31 11:11:18 [INFO] 检测到车兜区域，将过滤区域外的目标
2026-07-31 11:11:18 [INFO] 准备保存检测结果到: C:\code\show\Scrap_Steel_In_Field\photos\dangerous_det\detection_20260731_111118.jpg
2026-07-31 11:11:18 [INFO] 图像形状: (2160, 3840, 3)
2026-07-31 11:11:18 [INFO] 图像数据类型: uint8
2026-07-31 11:11:18 [INFO] 图像最大值: 255
2026-07-31 11:11:18 [INFO] 图像最小值: 0
2026-07-31 11:11:19 [INFO] 开始保存检测结果图像: 图像尺寸=(2160, 3840, 3), 类型=uint8, 路径=C:\code\show\Scrap_Steel_In_Field\photos\dangerous_det\detection_20260731_111118.jpg
2026-07-31 11:11:19 [INFO] 成功保存检测结果到: C:\code\show\Scrap_Steel_In_Field\photos\dangerous_det\detection_20260731_111118.jpg
2026-07-31 11:11:19 [INFO] 保存的检测结果文件大小: 2282609 字节
2026-07-31 11:11:19 [INFO] 引擎上下文已释放
2026-07-31 11:11:19 [INFO] TensorRT 引擎已释放
2026-07-31 11:11:19 [INFO] 全局 CUDA 资源已释放
2026-07-31 11:11:19 [INFO] 检测系统资源已释放
2026-07-31 11:11:24 [INFO] CUDA 初始化成功
2026-07-31 11:11:24 [INFO] 引擎加载成功: dangerous.engine
2026-07-31 11:11:24 [INFO] 检测系统初始化成功
2026-07-31 11:11:24 [INFO] 图像预处理完成，原始尺寸: (2160, 3840)
2026-07-31 11:11:24 [INFO] 开始执行目标检测...
2026-07-31 11:11:24 [INFO] 检测完成，找到 3 个物体
2026-07-31 11:11:24 [INFO] 物体 1: GasCyl1 (置信度: 0.65)
2026-07-31 11:11:24 [INFO] 物体 2: FireExt1 (置信度: 0.46)
2026-07-31 11:11:24 [INFO] 物体 3: FireExt1 (置信度: 0.44)
2026-07-31 11:11:24 [INFO] 检测到车兜区域，将过滤区域外的目标
2026-07-31 11:11:24 [INFO] 准备保存检测结果到: C:\code\show\Scrap_Steel_In_Field\photos\dangerous_det\detection_20260731_111124.jpg
2026-07-31 11:11:24 [INFO] 图像形状: (2160, 3840, 3)
2026-07-31 11:11:24 [INFO] 图像数据类型: uint8
2026-07-31 11:11:24 [INFO] 图像最大值: 255
2026-07-31 11:11:24 [INFO] 图像最小值: 0
2026-07-31 11:11:24 [INFO] 开始保存检测结果图像: 图像尺寸=(2160, 3840, 3), 类型=uint8, 路径=C:\code\show\Scrap_Steel_In_Field\photos\dangerous_det\detection_20260731_111124.jpg
2026-07-31 11:11:24 [INFO] 成功保存检测结果到: C:\code\show\Scrap_Steel_In_Field\photos\dangerous_det\detection_20260731_111124.jpg
2026-07-31 11:11:24 [INFO] 保存的检测结果文件大小: 2283659 字节
2026-07-31 11:11:24 [INFO] 引擎上下文已释放
2026-07-31 11:11:24 [INFO] TensorRT 引擎已释放
2026-07-31 11:11:24 [INFO] 全局 CUDA 资源已释放
2026-07-31 11:11:24 [INFO] 检测系统资源已释放
2026-07-31 11:11:29 [INFO] CUDA 初始化成功
2026-07-31 11:11:29 [INFO] 引擎加载成功: dangerous.engine
2026-07-31 11:11:29 [INFO] 检测系统初始化成功
2026-07-31 11:11:29 [INFO] 图像预处理完成，原始尺寸: (2160, 3840)
2026-07-31 11:11:29 [INFO] 开始执行目标检测...
2026-07-31 11:11:29 [INFO] 检测完成，找到 3 个物体
2026-07-31 11:11:29 [INFO] 物体 1: GasCyl1 (置信度: 0.69)
2026-07-31 11:11:29 [INFO] 物体 2: FireExt1 (置信度: 0.47)
2026-07-31 11:11:29 [INFO] 物体 3: FireExt1 (置信度: 0.43)
2026-07-31 11:11:29 [INFO] 检测到车兜区域，将过滤区域外的目标
2026-07-31 11:11:29 [INFO] 准备保存检测结果到: C:\code\show\Scrap_Steel_In_Field\photos\dangerous_det\detection_20260731_111129.jpg
2026-07-31 11:11:29 [INFO] 图像形状: (2160, 3840, 3)
2026-07-31 11:11:29 [INFO] 图像数据类型: uint8
2026-07-31 11:11:29 [INFO] 图像最大值: 255
2026-07-31 11:11:29 [INFO] 图像最小值: 0
2026-07-31 11:11:29 [INFO] 开始保存检测结果图像: 图像尺寸=(2160, 3840, 3), 类型=uint8, 路径=C:\code\show\Scrap_Steel_In_Field\photos\dangerous_det\detection_20260731_111129.jpg
2026-07-31 11:11:29 [INFO] 成功保存检测结果到: C:\code\show\Scrap_Steel_In_Field\photos\dangerous_det\detection_20260731_111129.jpg
2026-07-31 11:11:29 [INFO] 保存的检测结果文件大小: 2282282 字节
2026-07-31 11:11:29 [INFO] 引擎上下文已释放
2026-07-31 11:11:29 [INFO] TensorRT 引擎已释放
2026-07-31 11:11:29 [INFO] 全局 CUDA 资源已释放
2026-07-31 11:11:29 [INFO] 检测系统资源已释放
2026-07-31 11:11:34 [INFO] CUDA 初始化成功
2026-07-31 11:11:34 [INFO] 引擎加载成功: dangerous.engine
2026-07-31 11:11:34 [INFO] 检测系统初始化成功
2026-07-31 11:11:34 [INFO] 图像预处理完成，原始尺寸: (2160, 3840)
2026-07-31 11:11:34 [INFO] 开始执行目标检测...
2026-07-31 11:11:34 [INFO] 检测完成，找到 3 个物体
2026-07-31 11:11:34 [INFO] 物体 1: GasCyl1 (置信度: 0.63)
2026-07-31 11:11:34 [INFO] 物体 2: FireExt1 (置信度: 0.47)
2026-07-31 11:11:34 [INFO] 物体 3: FireExt1 (置信度: 0.44)
2026-07-31 11:11:34 [INFO] 检测到车兜区域，将过滤区域外的目标
2026-07-31 11:11:34 [INFO] 准备保存检测结果到: C:\code\show\Scrap_Steel_In_Field\photos\dangerous_det\detection_20260731_111134.jpg
2026-07-31 11:11:34 [INFO] 图像形状: (2160, 3840, 3)
2026-07-31 11:11:34 [INFO] 图像数据类型: uint8
2026-07-31 11:11:34 [INFO] 图像最大值: 255
2026-07-31 11:11:34 [INFO] 图像最小值: 0
2026-07-31 11:11:34 [INFO] 开始保存检测结果图像: 图像尺寸=(2160, 3840, 3), 类型=uint8, 路径=C:\code\show\Scrap_Steel_In_Field\photos\dangerous_det\detection_20260731_111134.jpg
2026-07-31 11:11:34 [INFO] 成功保存检测结果到: C:\code\show\Scrap_Steel_In_Field\photos\dangerous_det\detection_20260731_111134.jpg
2026-07-31 11:11:34 [INFO] 保存的检测结果文件大小: 2278851 字节
2026-07-31 11:11:34 [INFO] 引擎上下文已释放
2026-07-31 11:11:34 [INFO] TensorRT 引擎已释放
2026-07-31 11:11:34 [INFO] 全局 CUDA 资源已释放
2026-07-31 11:11:34 [INFO] 检测系统资源已释放
2026-07-31 11:11:39 [INFO] CUDA 初始化成功
2026-07-31 11:11:39 [INFO] 引擎加载成功: dangerous.engine
2026-07-31 11:11:39 [INFO] 检测系统初始化成功
2026-07-31 11:11:39 [INFO] 图像预处理完成，原始尺寸: (2160, 3840)
2026-07-31 11:11:39 [INFO] 开始执行目标检测...
2026-07-31 11:11:40 [INFO] 检测完成，找到 3 个物体
2026-07-31 11:11:40 [INFO] 物体 1: GasCyl1 (置信度: 0.72)
2026-07-31 11:11:40 [INFO] 物体 2: FireExt1 (置信度: 0.46)
2026-07-31 11:11:40 [INFO] 物体 3: FireExt1 (置信度: 0.43)
2026-07-31 11:11:40 [INFO] 检测到车兜区域，将过滤区域外的目标
2026-07-31 11:11:40 [INFO] 准备保存检测结果到: C:\code\show\Scrap_Steel_In_Field\photos\dangerous_det\detection_20260731_111140.jpg
2026-07-31 11:11:40 [INFO] 图像形状: (2160, 3840, 3)
2026-07-31 11:11:40 [INFO] 图像数据类型: uint8
2026-07-31 11:11:40 [INFO] 图像最大值: 255
2026-07-31 11:11:40 [INFO] 图像最小值: 0
2026-07-31 11:11:40 [INFO] 开始保存检测结果图像: 图像尺寸=(2160, 3840, 3), 类型=uint8, 路径=C:\code\show\Scrap_Steel_In_Field\photos\dangerous_det\detection_20260731_111140.jpg
2026-07-31 11:11:40 [INFO] 成功保存检测结果到: C:\code\show\Scrap_Steel_In_Field\photos\dangerous_det\detection_20260731_111140.jpg
2026-07-31 11:11:40 [INFO] 保存的检测结果文件大小: 2282513 字节
2026-07-31 11:11:40 [INFO] 引擎上下文已释放
2026-07-31 11:11:40 [INFO] TensorRT 引擎已释放
2026-07-31 11:11:40 [INFO] 全局 CUDA 资源已释放
2026-07-31 11:11:40 [INFO] 检测系统资源已释放
2026-07-31 11:11:45 [INFO] CUDA 初始化成功
2026-07-31 11:11:45 [INFO] 引擎加载成功: dangerous.engine
2026-07-31 11:11:45 [INFO] 检测系统初始化成功
2026-07-31 11:11:45 [INFO] 图像预处理完成，原始尺寸: (2160, 3840)
2026-07-31 11:11:45 [INFO] 开始执行目标检测...
2026-07-31 11:11:45 [INFO] 检测完成，找到 3 个物体
2026-07-31 11:11:45 [INFO] 物体 1: GasCyl1 (置信度: 0.71)
2026-07-31 11:11:45 [INFO] 物体 2: FireExt1 (置信度: 0.45)
2026-07-31 11:11:45 [INFO] 物体 3: FireExt1 (置信度: 0.45)
2026-07-31 11:11:45 [INFO] 检测到车兜区域，将过滤区域外的目标
2026-07-31 11:11:45 [INFO] 准备保存检测结果到: C:\code\show\Scrap_Steel_In_Field\photos\dangerous_det\detection_20260731_111145.jpg
2026-07-31 11:11:45 [INFO] 图像形状: (2160, 3840, 3)
2026-07-31 11:11:45 [INFO] 图像数据类型: uint8
2026-07-31 11:11:45 [INFO] 图像最大值: 255
2026-07-31 11:11:45 [INFO] 图像最小值: 0
2026-07-31 11:11:45 [INFO] 开始保存检测结果图像: 图像尺寸=(2160, 3840, 3), 类型=uint8, 路径=C:\code\show\Scrap_Steel_In_Field\photos\dangerous_det\detection_20260731_111145.jpg
2026-07-31 11:11:45 [INFO] 成功保存检测结果到: C:\code\show\Scrap_Steel_In_Field\photos\dangerous_det\detection_20260731_111145.jpg
2026-07-31 11:11:45 [INFO] 保存的检测结果文件大小: 2286239 字节
2026-07-31 11:11:45 [INFO] 引擎上下文已释放
2026-07-31 11:11:45 [INFO] TensorRT 引擎已释放
2026-07-31 11:11:45 [INFO] 全局 CUDA 资源已释放
2026-07-31 11:11:45 [INFO] 检测系统资源已释放
2026-07-31 11:11:50 [INFO] CUDA 初始化成功
2026-07-31 11:11:50 [INFO] 引擎加载成功: dangerous.engine
2026-07-31 11:11:50 [INFO] 检测系统初始化成功
2026-07-31 11:11:50 [INFO] 图像预处理完成，原始尺寸: (2160, 3840)
2026-07-31 11:11:50 [INFO] 开始执行目标检测...
2026-07-31 11:11:50 [INFO] 检测完成，找到 3 个物体
2026-07-31 11:11:50 [INFO] 物体 1: GasCyl1 (置信度: 0.61)
2026-07-31 11:11:50 [INFO] 物体 2: FireExt1 (置信度: 0.47)
2026-07-31 11:11:50 [INFO] 物体 3: FireExt1 (置信度: 0.47)
2026-07-31 11:11:50 [INFO] 检测到车兜区域，将过滤区域外的目标
2026-07-31 11:11:50 [INFO] 准备保存检测结果到: C:\code\show\Scrap_Steel_In_Field\photos\dangerous_det\detection_20260731_111150.jpg
2026-07-31 11:11:50 [INFO] 图像形状: (2160, 3840, 3)
2026-07-31 11:11:50 [INFO] 图像数据类型: uint8
2026-07-31 11:11:50 [INFO] 图像最大值: 255
2026-07-31 11:11:50 [INFO] 图像最小值: 0
2026-07-31 11:11:50 [INFO] 开始保存检测结果图像: 图像尺寸=(2160, 3840, 3), 类型=uint8, 路径=C:\code\show\Scrap_Steel_In_Field\photos\dangerous_det\detection_20260731_111150.jpg
2026-07-31 11:11:50 [INFO] 成功保存检测结果到: C:\code\show\Scrap_Steel_In_Field\photos\dangerous_det\detection_20260731_111150.jpg
2026-07-31 11:11:50 [INFO] 保存的检测结果文件大小: 2287301 字节
2026-07-31 11:11:50 [INFO] 引擎上下文已释放
2026-07-31 11:11:50 [INFO] TensorRT 引擎已释放
2026-07-31 11:11:50 [INFO] 全局 CUDA 资源已释放
2026-07-31 11:11:50 [INFO] 检测系统资源已释放
2026-07-31 11:11:55 [INFO] CUDA 初始化成功
2026-07-31 11:11:55 [INFO] 引擎加载成功: dangerous.engine
2026-07-31 11:11:55 [INFO] 检测系统初始化成功
2026-07-31 11:11:55 [INFO] 图像预处理完成，原始尺寸: (2160, 3840)
2026-07-31 11:11:55 [INFO] 开始执行目标检测...
2026-07-31 11:11:56 [INFO] 检测完成，找到 3 个物体
2026-07-31 11:11:56 [INFO] 物体 1: GasCyl1 (置信度: 0.69)
2026-07-31 11:11:56 [INFO] 物体 2: FireExt1 (置信度: 0.47)
2026-07-31 11:11:56 [INFO] 物体 3: FireExt1 (置信度: 0.43)
2026-07-31 11:11:56 [INFO] 检测到车兜区域，将过滤区域外的目标
2026-07-31 11:11:56 [INFO] 准备保存检测结果到: C:\code\show\Scrap_Steel_In_Field\photos\dangerous_det\detection_20260731_111156.jpg
2026-07-31 11:11:56 [INFO] 图像形状: (2160, 3840, 3)
2026-07-31 11:11:56 [INFO] 图像数据类型: uint8
2026-07-31 11:11:56 [INFO] 图像最大值: 255
2026-07-31 11:11:56 [INFO] 图像最小值: 0
2026-07-31 11:11:56 [INFO] 开始保存检测结果图像: 图像尺寸=(2160, 3840, 3), 类型=uint8, 路径=C:\code\show\Scrap_Steel_In_Field\photos\dangerous_det\detection_20260731_111156.jpg
2026-07-31 11:11:56 [INFO] 成功保存检测结果到: C:\code\show\Scrap_Steel_In_Field\photos\dangerous_det\detection_20260731_111156.jpg
2026-07-31 11:11:56 [INFO] 保存的检测结果文件大小: 2286663 字节
2026-07-31 11:11:56 [INFO] 引擎上下文已释放
2026-07-31 11:11:56 [INFO] TensorRT 引擎已释放
2026-07-31 11:11:56 [INFO] 全局 CUDA 资源已释放
2026-07-31 11:11:56 [INFO] 检测系统资源已释放
2026-07-31 11:12:01 [INFO] CUDA 初始化成功
2026-07-31 11:12:01 [INFO] 引擎加载成功: dangerous.engine
2026-07-31 11:12:01 [INFO] 检测系统初始化成功
2026-07-31 11:12:01 [INFO] 图像预处理完成，原始尺寸: (2160, 3840)
2026-07-31 11:12:01 [INFO] 开始执行目标检测...
2026-07-31 11:12:01 [INFO] 检测完成，找到 3 个物体
2026-07-31 11:12:01 [INFO] 物体 1: GasCyl1 (置信度: 0.64)
2026-07-31 11:12:01 [INFO] 物体 2: FireExt1 (置信度: 0.47)
2026-07-31 11:12:01 [INFO] 物体 3: FireExt1 (置信度: 0.44)
2026-07-31 11:12:01 [INFO] 检测到车兜区域，将过滤区域外的目标
2026-07-31 11:12:01 [INFO] 准备保存检测结果到: C:\code\show\Scrap_Steel_In_Field\photos\dangerous_det\detection_20260731_111201.jpg
2026-07-31 11:12:01 [INFO] 图像形状: (2160, 3840, 3)
2026-07-31 11:12:01 [INFO] 图像数据类型: uint8
2026-07-31 11:12:01 [INFO] 图像最大值: 255
2026-07-31 11:12:01 [INFO] 图像最小值: 0
2026-07-31 11:12:01 [INFO] 开始保存检测结果图像: 图像尺寸=(2160, 3840, 3), 类型=uint8, 路径=C:\code\show\Scrap_Steel_In_Field\photos\dangerous_det\detection_20260731_111201.jpg
2026-07-31 11:12:01 [INFO] 成功保存检测结果到: C:\code\show\Scrap_Steel_In_Field\photos\dangerous_det\detection_20260731_111201.jpg
2026-07-31 11:12:01 [INFO] 保存的检测结果文件大小: 2285153 字节
2026-07-31 11:12:01 [INFO] 引擎上下文已释放
2026-07-31 11:12:01 [INFO] TensorRT 引擎已释放
2026-07-31 11:12:01 [INFO] 全局 CUDA 资源已释放
2026-07-31 11:12:01 [INFO] 检测系统资源已释放
2026-07-31 11:12:06 [INFO] CUDA 初始化成功
2026-07-31 11:12:06 [INFO] 引擎加载成功: dangerous.engine
2026-07-31 11:12:06 [INFO] 检测系统初始化成功
2026-07-31 11:12:06 [INFO] 图像预处理完成，原始尺寸: (2160, 3840)
2026-07-31 11:12:06 [INFO] 开始执行目标检测...
2026-07-31 11:12:06 [INFO] 检测完成，找到 3 个物体
2026-07-31 11:12:06 [INFO] 物体 1: GasCyl1 (置信度: 0.67)
2026-07-31 11:12:06 [INFO] 物体 2: FireExt1 (置信度: 0.46)
2026-07-31 11:12:06 [INFO] 物体 3: FireExt1 (置信度: 0.44)
2026-07-31 11:12:06 [INFO] 检测到车兜区域，将过滤区域外的目标
2026-07-31 11:12:06 [INFO] 准备保存检测结果到: C:\code\show\Scrap_Steel_In_Field\photos\dangerous_det\detection_20260731_111206.jpg
2026-07-31 11:12:06 [INFO] 图像形状: (2160, 3840, 3)
2026-07-31 11:12:06 [INFO] 图像数据类型: uint8
2026-07-31 11:12:06 [INFO] 图像最大值: 255
2026-07-31 11:12:06 [INFO] 图像最小值: 0
2026-07-31 11:12:06 [INFO] 开始保存检测结果图像: 图像尺寸=(2160, 3840, 3), 类型=uint8, 路径=C:\code\show\Scrap_Steel_In_Field\photos\dangerous_det\detection_20260731_111206.jpg
2026-07-31 11:12:06 [INFO] 成功保存检测结果到: C:\code\show\Scrap_Steel_In_Field\photos\dangerous_det\detection_20260731_111206.jpg
2026-07-31 11:12:06 [INFO] 保存的检测结果文件大小: 2285034 字节
2026-07-31 11:12:06 [INFO] 引擎上下文已释放
2026-07-31 11:12:06 [INFO] TensorRT 引擎已释放
2026-07-31 11:12:06 [INFO] 全局 CUDA 资源已释放
2026-07-31 11:12:06 [INFO] 检测系统资源已释放
2026-07-31 11:12:11 [INFO] CUDA 初始化成功
2026-07-31 11:12:11 [INFO] 引擎加载成功: dangerous.engine
2026-07-31 11:12:11 [INFO] 检测系统初始化成功
2026-07-31 11:12:11 [INFO] 图像预处理完成，原始尺寸: (2160, 3840)
2026-07-31 11:12:11 [INFO] 开始执行目标检测...
2026-07-31 11:12:11 [INFO] 检测完成，找到 3 个物体
2026-07-31 11:12:11 [INFO] 物体 1: GasCyl1 (置信度: 0.63)
2026-07-31 11:12:11 [INFO] 物体 2: FireExt1 (置信度: 0.45)
2026-07-31 11:12:11 [INFO] 物体 3: FireExt1 (置信度: 0.44)
2026-07-31 11:12:11 [INFO] 检测到车兜区域，将过滤区域外的目标
2026-07-31 11:12:11 [INFO] 准备保存检测结果到: C:\code\show\Scrap_Steel_In_Field\photos\dangerous_det\detection_20260731_111211.jpg
2026-07-31 11:12:11 [INFO] 图像形状: (2160, 3840, 3)
2026-07-31 11:12:11 [INFO] 图像数据类型: uint8
2026-07-31 11:12:11 [INFO] 图像最大值: 255
2026-07-31 11:12:11 [INFO] 图像最小值: 0
2026-07-31 11:12:11 [INFO] 开始保存检测结果图像: 图像尺寸=(2160, 3840, 3), 类型=uint8, 路径=C:\code\show\Scrap_Steel_In_Field\photos\dangerous_det\detection_20260731_111211.jpg
2026-07-31 11:12:11 [INFO] 成功保存检测结果到: C:\code\show\Scrap_Steel_In_Field\photos\dangerous_det\detection_20260731_111211.jpg
2026-07-31 11:12:11 [INFO] 保存的检测结果文件大小: 2281712 字节
2026-07-31 11:12:11 [INFO] 引擎上下文已释放
2026-07-31 11:12:11 [INFO] TensorRT 引擎已释放
2026-07-31 11:12:11 [INFO] 全局 CUDA 资源已释放
2026-07-31 11:12:11 [INFO] 检测系统资源已释放
2026-07-31 11:12:16 [INFO] CUDA 初始化成功
2026-07-31 11:12:16 [INFO] 引擎加载成功: dangerous.engine
2026-07-31 11:12:16 [INFO] 检测系统初始化成功
2026-07-31 11:12:16 [INFO] 图像预处理完成，原始尺寸: (2160, 3840)
2026-07-31 11:12:16 [INFO] 开始执行目标检测...
2026-07-31 11:12:17 [INFO] 检测完成，找到 3 个物体
2026-07-31 11:12:17 [INFO] 物体 1: GasCyl1 (置信度: 0.67)
2026-07-31 11:12:17 [INFO] 物体 2: FireExt1 (置信度: 0.47)
2026-07-31 11:12:17 [INFO] 物体 3: FireExt1 (置信度: 0.45)
2026-07-31 11:12:17 [INFO] 检测到车兜区域，将过滤区域外的目标
2026-07-31 11:12:17 [INFO] 准备保存检测结果到: C:\code\show\Scrap_Steel_In_Field\photos\dangerous_det\detection_20260731_111217.jpg
2026-07-31 11:12:17 [INFO] 图像形状: (2160, 3840, 3)
2026-07-31 11:12:17 [INFO] 图像数据类型: uint8
2026-07-31 11:12:17 [INFO] 图像最大值: 255
2026-07-31 11:12:17 [INFO] 图像最小值: 0
2026-07-31 11:12:17 [INFO] 开始保存检测结果图像: 图像尺寸=(2160, 3840, 3), 类型=uint8, 路径=C:\code\show\Scrap_Steel_In_Field\photos\dangerous_det\detection_20260731_111217.jpg
2026-07-31 11:12:17 [INFO] 成功保存检测结果到: C:\code\show\Scrap_Steel_In_Field\photos\dangerous_det\detection_20260731_111217.jpg
2026-07-31 11:12:17 [INFO] 保存的检测结果文件大小: 2282241 字节
2026-07-31 11:12:17 [INFO] 引擎上下文已释放
2026-07-31 11:12:17 [INFO] TensorRT 引擎已释放
2026-07-31 11:12:17 [INFO] 全局 CUDA 资源已释放
2026-07-31 11:12:17 [INFO] 检测系统资源已释放
2026-07-31 11:12:22 [INFO] CUDA 初始化成功
2026-07-31 11:12:22 [INFO] 引擎加载成功: dangerous.engine
2026-07-31 11:12:22 [INFO] 检测系统初始化成功
2026-07-31 11:12:22 [INFO] 图像预处理完成，原始尺寸: (2160, 3840)
2026-07-31 11:12:22 [INFO] 开始执行目标检测...
2026-07-31 11:12:22 [INFO] 检测完成，找到 3 个物体
2026-07-31 11:12:22 [INFO] 物体 1: GasCyl1 (置信度: 0.65)
2026-07-31 11:12:22 [INFO] 物体 2: FireExt1 (置信度: 0.46)
2026-07-31 11:12:22 [INFO] 物体 3: FireExt1 (置信度: 0.44)
2026-07-31 11:12:22 [INFO] 检测到车兜区域，将过滤区域外的目标
2026-07-31 11:12:22 [INFO] 准备保存检测结果到: C:\code\show\Scrap_Steel_In_Field\photos\dangerous_det\detection_20260731_111222.jpg
2026-07-31 11:12:22 [INFO] 图像形状: (2160, 3840, 3)
2026-07-31 11:12:22 [INFO] 图像数据类型: uint8
2026-07-31 11:12:22 [INFO] 图像最大值: 255
2026-07-31 11:12:22 [INFO] 图像最小值: 0
2026-07-31 11:12:22 [INFO] 开始保存检测结果图像: 图像尺寸=(2160, 3840, 3), 类型=uint8, 路径=C:\code\show\Scrap_Steel_In_Field\photos\dangerous_det\detection_20260731_111222.jpg
2026-07-31 11:12:22 [INFO] 成功保存检测结果到: C:\code\show\Scrap_Steel_In_Field\photos\dangerous_det\detection_20260731_111222.jpg
2026-07-31 11:12:22 [INFO] 保存的检测结果文件大小: 2283930 字节
2026-07-31 11:12:22 [INFO] 引擎上下文已释放
2026-07-31 11:12:22 [INFO] TensorRT 引擎已释放
2026-07-31 11:12:22 [INFO] 全局 CUDA 资源已释放
2026-07-31 11:12:22 [INFO] 检测系统资源已释放
2026-07-31 11:12:27 [INFO] CUDA 初始化成功
2026-07-31 11:12:27 [INFO] 引擎加载成功: dangerous.engine
2026-07-31 11:12:27 [INFO] 检测系统初始化成功
2026-07-31 11:12:27 [INFO] 图像预处理完成，原始尺寸: (2160, 3840)
2026-07-31 11:12:27 [INFO] 开始执行目标检测...
2026-07-31 11:12:27 [INFO] 检测完成，找到 3 个物体
2026-07-31 11:12:27 [INFO] 物体 1: GasCyl1 (置信度: 0.61)
2026-07-31 11:12:27 [INFO] 物体 2: FireExt1 (置信度: 0.47)
2026-07-31 11:12:27 [INFO] 物体 3: FireExt1 (置信度: 0.43)
2026-07-31 11:12:27 [INFO] 检测到车兜区域，将过滤区域外的目标
2026-07-31 11:12:27 [INFO] 准备保存检测结果到: C:\code\show\Scrap_Steel_In_Field\photos\dangerous_det\detection_20260731_111227.jpg
2026-07-31 11:12:27 [INFO] 图像形状: (2160, 3840, 3)
2026-07-31 11:12:27 [INFO] 图像数据类型: uint8
2026-07-31 11:12:27 [INFO] 图像最大值: 255
2026-07-31 11:12:27 [INFO] 图像最小值: 0
2026-07-31 11:12:27 [INFO] 开始保存检测结果图像: 图像尺寸=(2160, 3840, 3), 类型=uint8, 路径=C:\code\show\Scrap_Steel_In_Field\photos\dangerous_det\detection_20260731_111227.jpg
2026-07-31 11:12:27 [INFO] 成功保存检测结果到: C:\code\show\Scrap_Steel_In_Field\photos\dangerous_det\detection_20260731_111227.jpg
2026-07-31 11:12:27 [INFO] 保存的检测结果文件大小: 2284133 字节
2026-07-31 11:12:27 [INFO] 引擎上下文已释放
2026-07-31 11:12:27 [INFO] TensorRT 引擎已释放
2026-07-31 11:12:27 [INFO] 全局 CUDA 资源已释放
2026-07-31 11:12:27 [INFO] 检测系统资源已释放
2026-07-31 11:12:32 [INFO] CUDA 初始化成功
2026-07-31 11:12:32 [INFO] 引擎加载成功: dangerous.engine
2026-07-31 11:12:32 [INFO] 检测系统初始化成功
2026-07-31 11:12:32 [INFO] 图像预处理完成，原始尺寸: (2160, 3840)
2026-07-31 11:12:32 [INFO] 开始执行目标检测...
2026-07-31 11:12:32 [INFO] 检测完成，找到 3 个物体
2026-07-31 11:12:32 [INFO] 物体 1: GasCyl1 (置信度: 0.65)
2026-07-31 11:12:32 [INFO] 物体 2: FireExt1 (置信度: 0.46)
2026-07-31 11:12:32 [INFO] 物体 3: FireExt1 (置信度: 0.45)
2026-07-31 11:12:33 [INFO] 检测到车兜区域，将过滤区域外的目标
2026-07-31 11:12:33 [INFO] 准备保存检测结果到: C:\code\show\Scrap_Steel_In_Field\photos\dangerous_det\detection_20260731_111233.jpg
2026-07-31 11:12:33 [INFO] 图像形状: (2160, 3840, 3)
2026-07-31 11:12:33 [INFO] 图像数据类型: uint8
2026-07-31 11:12:33 [INFO] 图像最大值: 255
2026-07-31 11:12:33 [INFO] 图像最小值: 0
2026-07-31 11:12:33 [INFO] 开始保存检测结果图像: 图像尺寸=(2160, 3840, 3), 类型=uint8, 路径=C:\code\show\Scrap_Steel_In_Field\photos\dangerous_det\detection_20260731_111233.jpg
2026-07-31 11:12:33 [INFO] 成功保存检测结果到: C:\code\show\Scrap_Steel_In_Field\photos\dangerous_det\detection_20260731_111233.jpg
2026-07-31 11:12:33 [INFO] 保存的检测结果文件大小: 2283330 字节
2026-07-31 11:12:33 [INFO] 引擎上下文已释放
2026-07-31 11:12:33 [INFO] TensorRT 引擎已释放
2026-07-31 11:12:33 [INFO] 全局 CUDA 资源已释放
2026-07-31 11:12:33 [INFO] 检测系统资源已释放
2026-07-31 11:12:38 [INFO] CUDA 初始化成功
2026-07-31 11:12:38 [INFO] 引擎加载成功: dangerous.engine
2026-07-31 11:12:38 [INFO] 检测系统初始化成功
2026-07-31 11:12:38 [INFO] 图像预处理完成，原始尺寸: (2160, 3840)
2026-07-31 11:12:38 [INFO] 开始执行目标检测...
2026-07-31 11:12:38 [INFO] 检测完成，找到 3 个物体
2026-07-31 11:12:38 [INFO] 物体 1: GasCyl1 (置信度: 0.67)
2026-07-31 11:12:38 [INFO] 物体 2: FireExt1 (置信度: 0.46)
2026-07-31 11:12:38 [INFO] 物体 3: FireExt1 (置信度: 0.42)
2026-07-31 11:12:38 [INFO] 检测到车兜区域，将过滤区域外的目标
2026-07-31 11:12:38 [INFO] 准备保存检测结果到: C:\code\show\Scrap_Steel_In_Field\photos\dangerous_det\detection_20260731_111238.jpg
2026-07-31 11:12:38 [INFO] 图像形状: (2160, 3840, 3)
2026-07-31 11:12:38 [INFO] 图像数据类型: uint8
2026-07-31 11:12:38 [INFO] 图像最大值: 255
2026-07-31 11:12:38 [INFO] 图像最小值: 0
2026-07-31 11:12:38 [INFO] 开始保存检测结果图像: 图像尺寸=(2160, 3840, 3), 类型=uint8, 路径=C:\code\show\Scrap_Steel_In_Field\photos\dangerous_det\detection_20260731_111238.jpg
2026-07-31 11:12:38 [INFO] 成功保存检测结果到: C:\code\show\Scrap_Steel_In_Field\photos\dangerous_det\detection_20260731_111238.jpg
2026-07-31 11:12:38 [INFO] 保存的检测结果文件大小: 2284754 字节
2026-07-31 11:12:38 [INFO] 引擎上下文已释放
2026-07-31 11:12:38 [INFO] TensorRT 引擎已释放
2026-07-31 11:12:38 [INFO] 全局 CUDA 资源已释放
2026-07-31 11:12:38 [INFO] 检测系统资源已释放
2026-07-31 11:12:43 [INFO] CUDA 初始化成功
2026-07-31 11:12:43 [INFO] 引擎加载成功: dangerous.engine
2026-07-31 11:12:43 [INFO] 检测系统初始化成功
2026-07-31 11:12:43 [INFO] 图像预处理完成，原始尺寸: (2160, 3840)
2026-07-31 11:12:43 [INFO] 开始执行目标检测...
2026-07-31 11:12:43 [INFO] 检测完成，找到 3 个物体
2026-07-31 11:12:43 [INFO] 物体 1: GasCyl1 (置信度: 0.68)
2026-07-31 11:12:43 [INFO] 物体 2: FireExt1 (置信度: 0.46)
2026-07-31 11:12:43 [INFO] 物体 3: FireExt1 (置信度: 0.44)
2026-07-31 11:12:43 [INFO] 检测到车兜区域，将过滤区域外的目标
2026-07-31 11:12:43 [INFO] 准备保存检测结果到: C:\code\show\Scrap_Steel_In_Field\photos\dangerous_det\detection_20260731_111243.jpg
2026-07-31 11:12:43 [INFO] 图像形状: (2160, 3840, 3)
2026-07-31 11:12:43 [INFO] 图像数据类型: uint8
2026-07-31 11:12:43 [INFO] 图像最大值: 255
2026-07-31 11:12:43 [INFO] 图像最小值: 0
2026-07-31 11:12:43 [INFO] 开始保存检测结果图像: 图像尺寸=(2160, 3840, 3), 类型=uint8, 路径=C:\code\show\Scrap_Steel_In_Field\photos\dangerous_det\detection_20260731_111243.jpg
2026-07-31 11:12:43 [INFO] 成功保存检测结果到: C:\code\show\Scrap_Steel_In_Field\photos\dangerous_det\detection_20260731_111243.jpg
2026-07-31 11:12:43 [INFO] 保存的检测结果文件大小: 2284944 字节
2026-07-31 11:12:43 [INFO] 引擎上下文已释放
2026-07-31 11:12:43 [INFO] TensorRT 引擎已释放
2026-07-31 11:12:43 [INFO] 全局 CUDA 资源已释放
2026-07-31 11:12:43 [INFO] 检测系统资源已释放
2026-07-31 11:12:48 [INFO] CUDA 初始化成功
2026-07-31 11:12:48 [INFO] 引擎加载成功: dangerous.engine
2026-07-31 11:12:48 [INFO] 检测系统初始化成功
2026-07-31 11:12:48 [INFO] 图像预处理完成，原始尺寸: (2160, 3840)
2026-07-31 11:12:48 [INFO] 开始执行目标检测...
2026-07-31 11:12:48 [INFO] 检测完成，找到 3 个物体
2026-07-31 11:12:48 [INFO] 物体 1: GasCyl1 (置信度: 0.67)
2026-07-31 11:12:48 [INFO] 物体 2: FireExt1 (置信度: 0.44)
2026-07-31 11:12:48 [INFO] 物体 3: FireExt1 (置信度: 0.44)
2026-07-31 11:12:48 [INFO] 检测到车兜区域，将过滤区域外的目标
2026-07-31 11:12:48 [INFO] 准备保存检测结果到: C:\code\show\Scrap_Steel_In_Field\photos\dangerous_det\detection_20260731_111248.jpg
2026-07-31 11:12:48 [INFO] 图像形状: (2160, 3840, 3)
2026-07-31 11:12:48 [INFO] 图像数据类型: uint8
2026-07-31 11:12:48 [INFO] 图像最大值: 255
2026-07-31 11:12:48 [INFO] 图像最小值: 0
2026-07-31 11:12:48 [INFO] 开始保存检测结果图像: 图像尺寸=(2160, 3840, 3), 类型=uint8, 路径=C:\code\show\Scrap_Steel_In_Field\photos\dangerous_det\detection_20260731_111248.jpg
2026-07-31 11:12:48 [INFO] 成功保存检测结果到: C:\code\show\Scrap_Steel_In_Field\photos\dangerous_det\detection_20260731_111248.jpg
2026-07-31 11:12:48 [INFO] 保存的检测结果文件大小: 2286762 字节
2026-07-31 11:12:48 [INFO] 引擎上下文已释放
2026-07-31 11:12:48 [INFO] TensorRT 引擎已释放
2026-07-31 11:12:48 [INFO] 全局 CUDA 资源已释放
2026-07-31 11:12:48 [INFO] 检测系统资源已释放
2026-07-31 11:12:54 [INFO] CUDA 初始化成功
2026-07-31 11:12:54 [INFO] 引擎加载成功: dangerous.engine
2026-07-31 11:12:54 [INFO] 检测系统初始化成功
2026-07-31 11:12:54 [INFO] 图像预处理完成，原始尺寸: (2160, 3840)
2026-07-31 11:12:54 [INFO] 开始执行目标检测...
2026-07-31 11:12:54 [INFO] 检测完成，找到 3 个物体
2026-07-31 11:12:54 [INFO] 物体 1: GasCyl1 (置信度: 0.69)
2026-07-31 11:12:54 [INFO] 物体 2: FireExt1 (置信度: 0.46)
2026-07-31 11:12:54 [INFO] 物体 3: FireExt1 (置信度: 0.44)
2026-07-31 11:12:54 [INFO] 检测到车兜区域，将过滤区域外的目标
2026-07-31 11:12:54 [INFO] 准备保存检测结果到: C:\code\show\Scrap_Steel_In_Field\photos\dangerous_det\detection_20260731_111254.jpg
2026-07-31 11:12:54 [INFO] 图像形状: (2160, 3840, 3)
2026-07-31 11:12:54 [INFO] 图像数据类型: uint8
2026-07-31 11:12:54 [INFO] 图像最大值: 255
2026-07-31 11:12:54 [INFO] 图像最小值: 0
2026-07-31 11:12:54 [INFO] 开始保存检测结果图像: 图像尺寸=(2160, 3840, 3), 类型=uint8, 路径=C:\code\show\Scrap_Steel_In_Field\photos\dangerous_det\detection_20260731_111254.jpg
2026-07-31 11:12:54 [INFO] 成功保存检测结果到: C:\code\show\Scrap_Steel_In_Field\photos\dangerous_det\detection_20260731_111254.jpg
2026-07-31 11:12:54 [INFO] 保存的检测结果文件大小: 2284821 字节
2026-07-31 11:12:54 [INFO] 引擎上下文已释放
2026-07-31 11:12:54 [INFO] TensorRT 引擎已释放
2026-07-31 11:12:54 [INFO] 全局 CUDA 资源已释放
2026-07-31 11:12:54 [INFO] 检测系统资源已释放
2026-07-31 11:12:59 [INFO] CUDA 初始化成功
2026-07-31 11:12:59 [INFO] 引擎加载成功: dangerous.engine
2026-07-31 11:12:59 [INFO] 检测系统初始化成功
2026-07-31 11:12:59 [INFO] 图像预处理完成，原始尺寸: (2160, 3840)
2026-07-31 11:12:59 [INFO] 开始执行目标检测...
2026-07-31 11:12:59 [INFO] 检测完成，找到 3 个物体
2026-07-31 11:12:59 [INFO] 物体 1: GasCyl1 (置信度: 0.64)
2026-07-31 11:12:59 [INFO] 物体 2: FireExt1 (置信度: 0.45)
2026-07-31 11:12:59 [INFO] 物体 3: FireExt1 (置信度: 0.43)
2026-07-31 11:12:59 [INFO] 检测到车兜区域，将过滤区域外的目标
2026-07-31 11:12:59 [INFO] 准备保存检测结果到: C:\code\show\Scrap_Steel_In_Field\photos\dangerous_det\detection_20260731_111259.jpg
2026-07-31 11:12:59 [INFO] 图像形状: (2160, 3840, 3)
2026-07-31 11:12:59 [INFO] 图像数据类型: uint8
2026-07-31 11:12:59 [INFO] 图像最大值: 255
2026-07-31 11:12:59 [INFO] 图像最小值: 0
2026-07-31 11:12:59 [INFO] 开始保存检测结果图像: 图像尺寸=(2160, 3840, 3), 类型=uint8, 路径=C:\code\show\Scrap_Steel_In_Field\photos\dangerous_det\detection_20260731_111259.jpg
2026-07-31 11:12:59 [INFO] 成功保存检测结果到: C:\code\show\Scrap_Steel_In_Field\photos\dangerous_det\detection_20260731_111259.jpg
2026-07-31 11:12:59 [INFO] 保存的检测结果文件大小: 2285825 字节
2026-07-31 11:12:59 [INFO] 引擎上下文已释放
2026-07-31 11:12:59 [INFO] TensorRT 引擎已释放
2026-07-31 11:12:59 [INFO] 全局 CUDA 资源已释放
2026-07-31 11:12:59 [INFO] 检测系统资源已释放
2026-07-31 11:13:04 [INFO] CUDA 初始化成功
2026-07-31 11:13:04 [INFO] 引擎加载成功: dangerous.engine
2026-07-31 11:13:04 [INFO] 检测系统初始化成功
2026-07-31 11:13:04 [INFO] 图像预处理完成，原始尺寸: (2160, 3840)
2026-07-31 11:13:04 [INFO] 开始执行目标检测...
2026-07-31 11:13:04 [INFO] 检测完成，找到 3 个物体
2026-07-31 11:13:04 [INFO] 物体 1: GasCyl1 (置信度: 0.65)
2026-07-31 11:13:04 [INFO] 物体 2: FireExt1 (置信度: 0.47)
2026-07-31 11:13:04 [INFO] 物体 3: FireExt1 (置信度: 0.45)
2026-07-31 11:13:04 [INFO] 检测到车兜区域，将过滤区域外的目标
2026-07-31 11:13:04 [INFO] 准备保存检测结果到: C:\code\show\Scrap_Steel_In_Field\photos\dangerous_det\detection_20260731_111304.jpg
2026-07-31 11:13:04 [INFO] 图像形状: (2160, 3840, 3)
2026-07-31 11:13:04 [INFO] 图像数据类型: uint8
2026-07-31 11:13:04 [INFO] 图像最大值: 255
2026-07-31 11:13:04 [INFO] 图像最小值: 0
2026-07-31 11:13:04 [INFO] 开始保存检测结果图像: 图像尺寸=(2160, 3840, 3), 类型=uint8, 路径=C:\code\show\Scrap_Steel_In_Field\photos\dangerous_det\detection_20260731_111304.jpg
2026-07-31 11:13:04 [INFO] 成功保存检测结果到: C:\code\show\Scrap_Steel_In_Field\photos\dangerous_det\detection_20260731_111304.jpg
2026-07-31 11:13:04 [INFO] 保存的检测结果文件大小: 2286741 字节
2026-07-31 11:13:04 [INFO] 引擎上下文已释放
2026-07-31 11:13:04 [INFO] TensorRT 引擎已释放
2026-07-31 11:13:04 [INFO] 全局 CUDA 资源已释放
2026-07-31 11:13:04 [INFO] 检测系统资源已释放
2026-07-31 11:13:09 [INFO] CUDA 初始化成功
2026-07-31 11:13:09 [INFO] 引擎加载成功: dangerous.engine
2026-07-31 11:13:09 [INFO] 检测系统初始化成功
2026-07-31 11:13:10 [INFO] 图像预处理完成，原始尺寸: (2160, 3840)
2026-07-31 11:13:10 [INFO] 开始执行目标检测...
2026-07-31 11:13:10 [INFO] 检测完成，找到 3 个物体
2026-07-31 11:13:10 [INFO] 物体 1: GasCyl1 (置信度: 0.68)
2026-07-31 11:13:10 [INFO] 物体 2: FireExt1 (置信度: 0.44)
2026-07-31 11:13:10 [INFO] 物体 3: FireExt1 (置信度: 0.44)
2026-07-31 11:13:10 [INFO] 检测到车兜区域，将过滤区域外的目标
2026-07-31 11:13:10 [INFO] 准备保存检测结果到: C:\code\show\Scrap_Steel_In_Field\photos\dangerous_det\detection_20260731_111310.jpg
2026-07-31 11:13:10 [INFO] 图像形状: (2160, 3840, 3)
2026-07-31 11:13:10 [INFO] 图像数据类型: uint8
2026-07-31 11:13:10 [INFO] 图像最大值: 255
2026-07-31 11:13:10 [INFO] 图像最小值: 0
2026-07-31 11:13:10 [INFO] 开始保存检测结果图像: 图像尺寸=(2160, 3840, 3), 类型=uint8, 路径=C:\code\show\Scrap_Steel_In_Field\photos\dangerous_det\detection_20260731_111310.jpg
2026-07-31 11:13:10 [INFO] 成功保存检测结果到: C:\code\show\Scrap_Steel_In_Field\photos\dangerous_det\detection_20260731_111310.jpg
2026-07-31 11:13:10 [INFO] 保存的检测结果文件大小: 2286683 字节
2026-07-31 11:13:10 [INFO] 引擎上下文已释放
2026-07-31 11:13:10 [INFO] TensorRT 引擎已释放
2026-07-31 11:13:10 [INFO] 全局 CUDA 资源已释放
2026-07-31 11:13:10 [INFO] 检测系统资源已释放
2026-07-31 11:13:14 [INFO] CUDA 初始化成功
2026-07-31 11:13:14 [INFO] 引擎加载成功: dangerous.engine
2026-07-31 11:13:14 [INFO] 检测系统初始化成功
2026-07-31 11:13:14 [INFO] 图像预处理完成，原始尺寸: (2160, 3840)
2026-07-31 11:13:14 [INFO] 开始执行目标检测...
2026-07-31 11:13:14 [INFO] 检测完成，找到 3 个物体
2026-07-31 11:13:14 [INFO] 物体 1: GasCyl1 (置信度: 0.69)
2026-07-31 11:13:14 [INFO] 物体 2: FireExt1 (置信度: 0.44)
2026-07-31 11:13:14 [INFO] 物体 3: FireExt1 (置信度: 0.43)
2026-07-31 11:13:14 [INFO] 检测到车兜区域，将过滤区域外的目标
2026-07-31 11:13:14 [INFO] 准备保存检测结果到: C:\code\show\Scrap_Steel_In_Field\photos\dangerous_det\detection_20260731_111314.jpg
2026-07-31 11:13:14 [INFO] 图像形状: (2160, 3840, 3)
2026-07-31 11:13:14 [INFO] 图像数据类型: uint8
2026-07-31 11:13:14 [INFO] 图像最大值: 255
2026-07-31 11:13:14 [INFO] 图像最小值: 0
2026-07-31 11:13:14 [INFO] 开始保存检测结果图像: 图像尺寸=(2160, 3840, 3), 类型=uint8, 路径=C:\code\show\Scrap_Steel_In_Field\photos\dangerous_det\detection_20260731_111314.jpg
2026-07-31 11:13:14 [INFO] 成功保存检测结果到: C:\code\show\Scrap_Steel_In_Field\photos\dangerous_det\detection_20260731_111314.jpg
2026-07-31 11:13:14 [INFO] 保存的检测结果文件大小: 2286089 字节
2026-07-31 11:13:14 [INFO] 引擎上下文已释放
2026-07-31 11:13:14 [INFO] TensorRT 引擎已释放
2026-07-31 11:13:14 [INFO] 全局 CUDA 资源已释放
2026-07-31 11:13:14 [INFO] 检测系统资源已释放
2026-07-31 11:13:20 [INFO] CUDA 初始化成功
2026-07-31 11:13:20 [INFO] 引擎加载成功: dangerous.engine
2026-07-31 11:13:20 [INFO] 检测系统初始化成功
2026-07-31 11:13:20 [INFO] 图像预处理完成，原始尺寸: (2160, 3840)
2026-07-31 11:13:20 [INFO] 开始执行目标检测...
2026-07-31 11:13:20 [INFO] 检测完成，找到 3 个物体
2026-07-31 11:13:20 [INFO] 物体 1: GasCyl1 (置信度: 0.72)
2026-07-31 11:13:20 [INFO] 物体 2: FireExt1 (置信度: 0.43)
2026-07-31 11:13:20 [INFO] 物体 3: FireExt1 (置信度: 0.43)
2026-07-31 11:13:20 [INFO] 检测到车兜区域，将过滤区域外的目标
2026-07-31 11:13:20 [INFO] 准备保存检测结果到: C:\code\show\Scrap_Steel_In_Field\photos\dangerous_det\detection_20260731_111320.jpg
2026-07-31 11:13:20 [INFO] 图像形状: (2160, 3840, 3)
2026-07-31 11:13:20 [INFO] 图像数据类型: uint8
2026-07-31 11:13:20 [INFO] 图像最大值: 255
2026-07-31 11:13:20 [INFO] 图像最小值: 0
2026-07-31 11:13:20 [INFO] 开始保存检测结果图像: 图像尺寸=(2160, 3840, 3), 类型=uint8, 路径=C:\code\show\Scrap_Steel_In_Field\photos\dangerous_det\detection_20260731_111320.jpg
2026-07-31 11:13:20 [INFO] 成功保存检测结果到: C:\code\show\Scrap_Steel_In_Field\photos\dangerous_det\detection_20260731_111320.jpg
2026-07-31 11:13:20 [INFO] 保存的检测结果文件大小: 2284394 字节
2026-07-31 11:13:20 [INFO] 引擎上下文已释放
2026-07-31 11:13:20 [INFO] TensorRT 引擎已释放
2026-07-31 11:13:20 [INFO] 全局 CUDA 资源已释放
2026-07-31 11:13:20 [INFO] 检测系统资源已释放
2026-07-31 11:13:25 [INFO] CUDA 初始化成功
2026-07-31 11:13:25 [INFO] 引擎加载成功: dangerous.engine
2026-07-31 11:13:25 [INFO] 检测系统初始化成功
2026-07-31 11:13:25 [INFO] 图像预处理完成，原始尺寸: (2160, 3840)
2026-07-31 11:13:25 [INFO] 开始执行目标检测...
2026-07-31 11:13:25 [INFO] 检测完成，找到 3 个物体
2026-07-31 11:13:25 [INFO] 物体 1: GasCyl1 (置信度: 0.67)
2026-07-31 11:13:25 [INFO] 物体 2: FireExt1 (置信度: 0.46)
2026-07-31 11:13:25 [INFO] 物体 3: FireExt1 (置信度: 0.45)
2026-07-31 11:13:25 [INFO] 检测到车兜区域，将过滤区域外的目标
2026-07-31 11:13:25 [INFO] 准备保存检测结果到: C:\code\show\Scrap_Steel_In_Field\photos\dangerous_det\detection_20260731_111325.jpg
2026-07-31 11:13:25 [INFO] 图像形状: (2160, 3840, 3)
2026-07-31 11:13:25 [INFO] 图像数据类型: uint8
2026-07-31 11:13:25 [INFO] 图像最大值: 255
2026-07-31 11:13:25 [INFO] 图像最小值: 0
2026-07-31 11:13:25 [INFO] 开始保存检测结果图像: 图像尺寸=(2160, 3840, 3), 类型=uint8, 路径=C:\code\show\Scrap_Steel_In_Field\photos\dangerous_det\detection_20260731_111325.jpg
2026-07-31 11:13:25 [INFO] 成功保存检测结果到: C:\code\show\Scrap_Steel_In_Field\photos\dangerous_det\detection_20260731_111325.jpg
2026-07-31 11:13:25 [INFO] 保存的检测结果文件大小: 2285592 字节
2026-07-31 11:13:25 [INFO] 引擎上下文已释放
2026-07-31 11:13:25 [INFO] TensorRT 引擎已释放
2026-07-31 11:13:25 [INFO] 全局 CUDA 资源已释放
2026-07-31 11:13:25 [INFO] 检测系统资源已释放
2026-07-31 11:13:30 [INFO] CUDA 初始化成功
2026-07-31 11:13:30 [INFO] 引擎加载成功: dangerous.engine
2026-07-31 11:13:30 [INFO] 检测系统初始化成功
2026-07-31 11:13:30 [INFO] 图像预处理完成，原始尺寸: (2160, 3840)
2026-07-31 11:13:30 [INFO] 开始执行目标检测...
2026-07-31 11:13:30 [INFO] 检测完成，找到 3 个物体
2026-07-31 11:13:30 [INFO] 物体 1: GasCyl1 (置信度: 0.65)
2026-07-31 11:13:30 [INFO] 物体 2: FireExt1 (置信度: 0.48)
2026-07-31 11:13:30 [INFO] 物体 3: FireExt1 (置信度: 0.45)
2026-07-31 11:13:30 [INFO] 检测到车兜区域，将过滤区域外的目标
2026-07-31 11:13:30 [INFO] 准备保存检测结果到: C:\code\show\Scrap_Steel_In_Field\photos\dangerous_det\detection_20260731_111330.jpg
2026-07-31 11:13:30 [INFO] 图像形状: (2160, 3840, 3)
2026-07-31 11:13:30 [INFO] 图像数据类型: uint8
2026-07-31 11:13:30 [INFO] 图像最大值: 255
2026-07-31 11:13:30 [INFO] 图像最小值: 0
2026-07-31 11:13:30 [INFO] 开始保存检测结果图像: 图像尺寸=(2160, 3840, 3), 类型=uint8, 路径=C:\code\show\Scrap_Steel_In_Field\photos\dangerous_det\detection_20260731_111330.jpg
2026-07-31 11:13:30 [INFO] 成功保存检测结果到: C:\code\show\Scrap_Steel_In_Field\photos\dangerous_det\detection_20260731_111330.jpg
2026-07-31 11:13:30 [INFO] 保存的检测结果文件大小: 2286896 字节
2026-07-31 11:13:30 [INFO] 引擎上下文已释放
2026-07-31 11:13:30 [INFO] TensorRT 引擎已释放
2026-07-31 11:13:30 [INFO] 全局 CUDA 资源已释放
2026-07-31 11:13:30 [INFO] 检测系统资源已释放
2026-07-31 11:13:35 [INFO] CUDA 初始化成功
2026-07-31 11:13:35 [INFO] 引擎加载成功: dangerous.engine
2026-07-31 11:13:35 [INFO] 检测系统初始化成功
2026-07-31 11:13:35 [INFO] 图像预处理完成，原始尺寸: (2160, 3840)
2026-07-31 11:13:35 [INFO] 开始执行目标检测...
2026-07-31 11:13:35 [INFO] 检测完成，找到 3 个物体
2026-07-31 11:13:35 [INFO] 物体 1: GasCyl1 (置信度: 0.61)
2026-07-31 11:13:35 [INFO] 物体 2: FireExt1 (置信度: 0.46)
2026-07-31 11:13:35 [INFO] 物体 3: FireExt1 (置信度: 0.46)
2026-07-31 11:13:35 [INFO] 检测到车兜区域，将过滤区域外的目标
2026-07-31 11:13:35 [INFO] 准备保存检测结果到: C:\code\show\Scrap_Steel_In_Field\photos\dangerous_det\detection_20260731_111335.jpg
2026-07-31 11:13:35 [INFO] 图像形状: (2160, 3840, 3)
2026-07-31 11:13:35 [INFO] 图像数据类型: uint8
2026-07-31 11:13:35 [INFO] 图像最大值: 255
2026-07-31 11:13:35 [INFO] 图像最小值: 0
2026-07-31 11:13:36 [INFO] 开始保存检测结果图像: 图像尺寸=(2160, 3840, 3), 类型=uint8, 路径=C:\code\show\Scrap_Steel_In_Field\photos\dangerous_det\detection_20260731_111335.jpg
2026-07-31 11:13:36 [INFO] 成功保存检测结果到: C:\code\show\Scrap_Steel_In_Field\photos\dangerous_det\detection_20260731_111335.jpg
2026-07-31 11:13:36 [INFO] 保存的检测结果文件大小: 2291112 字节
2026-07-31 11:13:36 [INFO] 引擎上下文已释放
2026-07-31 11:13:36 [INFO] TensorRT 引擎已释放
2026-07-31 11:13:36 [INFO] 全局 CUDA 资源已释放
2026-07-31 11:13:36 [INFO] 检测系统资源已释放
2026-07-31 11:13:40 [INFO] CUDA 初始化成功
2026-07-31 11:13:41 [INFO] 引擎加载成功: dangerous.engine
2026-07-31 11:13:41 [INFO] 检测系统初始化成功
2026-07-31 11:13:41 [INFO] 图像预处理完成，原始尺寸: (2160, 3840)
2026-07-31 11:13:41 [INFO] 开始执行目标检测...
2026-07-31 11:13:41 [INFO] 检测完成，找到 3 个物体
2026-07-31 11:13:41 [INFO] 物体 1: GasCyl1 (置信度: 0.64)
2026-07-31 11:13:41 [INFO] 物体 2: FireExt1 (置信度: 0.45)
2026-07-31 11:13:41 [INFO] 物体 3: FireExt1 (置信度: 0.44)
2026-07-31 11:13:41 [INFO] 检测到车兜区域，将过滤区域外的目标
2026-07-31 11:13:41 [INFO] 准备保存检测结果到: C:\code\show\Scrap_Steel_In_Field\photos\dangerous_det\detection_20260731_111341.jpg
2026-07-31 11:13:41 [INFO] 图像形状: (2160, 3840, 3)
2026-07-31 11:13:41 [INFO] 图像数据类型: uint8
2026-07-31 11:13:41 [INFO] 图像最大值: 255
2026-07-31 11:13:41 [INFO] 图像最小值: 0
2026-07-31 11:13:41 [INFO] 开始保存检测结果图像: 图像尺寸=(2160, 3840, 3), 类型=uint8, 路径=C:\code\show\Scrap_Steel_In_Field\photos\dangerous_det\detection_20260731_111341.jpg
2026-07-31 11:13:41 [INFO] 成功保存检测结果到: C:\code\show\Scrap_Steel_In_Field\photos\dangerous_det\detection_20260731_111341.jpg
2026-07-31 11:13:41 [INFO] 保存的检测结果文件大小: 2284656 字节
2026-07-31 11:13:41 [INFO] 引擎上下文已释放
2026-07-31 11:13:41 [INFO] TensorRT 引擎已释放
2026-07-31 11:13:41 [INFO] 全局 CUDA 资源已释放
2026-07-31 11:13:41 [INFO] 检测系统资源已释放
2026-07-31 11:13:46 [INFO] CUDA 初始化成功
2026-07-31 11:13:46 [INFO] 引擎加载成功: dangerous.engine
2026-07-31 11:13:46 [INFO] 检测系统初始化成功
2026-07-31 11:13:46 [INFO] 图像预处理完成，原始尺寸: (2160, 3840)
2026-07-31 11:13:46 [INFO] 开始执行目标检测...
2026-07-31 11:13:46 [INFO] 检测完成，找到 3 个物体
2026-07-31 11:13:46 [INFO] 物体 1: GasCyl1 (置信度: 0.70)
2026-07-31 11:13:46 [INFO] 物体 2: FireExt1 (置信度: 0.46)
2026-07-31 11:13:46 [INFO] 物体 3: FireExt1 (置信度: 0.44)
2026-07-31 11:13:46 [INFO] 检测到车兜区域，将过滤区域外的目标
2026-07-31 11:13:46 [INFO] 准备保存检测结果到: C:\code\show\Scrap_Steel_In_Field\photos\dangerous_det\detection_20260731_111346.jpg
2026-07-31 11:13:46 [INFO] 图像形状: (2160, 3840, 3)
2026-07-31 11:13:46 [INFO] 图像数据类型: uint8
2026-07-31 11:13:46 [INFO] 图像最大值: 255
2026-07-31 11:13:46 [INFO] 图像最小值: 0
2026-07-31 11:13:46 [INFO] 开始保存检测结果图像: 图像尺寸=(2160, 3840, 3), 类型=uint8, 路径=C:\code\show\Scrap_Steel_In_Field\photos\dangerous_det\detection_20260731_111346.jpg
2026-07-31 11:13:46 [INFO] 成功保存检测结果到: C:\code\show\Scrap_Steel_In_Field\photos\dangerous_det\detection_20260731_111346.jpg
2026-07-31 11:13:46 [INFO] 保存的检测结果文件大小: 2286452 字节
2026-07-31 11:13:46 [INFO] 引擎上下文已释放
2026-07-31 11:13:46 [INFO] TensorRT 引擎已释放
2026-07-31 11:13:46 [INFO] 全局 CUDA 资源已释放
2026-07-31 11:13:46 [INFO] 检测系统资源已释放
2026-07-31 11:13:51 [INFO] CUDA 初始化成功
2026-07-31 11:13:51 [INFO] 引擎加载成功: dangerous.engine
2026-07-31 11:13:51 [INFO] 检测系统初始化成功
2026-07-31 11:13:51 [INFO] 图像预处理完成，原始尺寸: (2160, 3840)
2026-07-31 11:13:51 [INFO] 开始执行目标检测...
2026-07-31 11:13:51 [INFO] 检测完成，找到 3 个物体
2026-07-31 11:13:51 [INFO] 物体 1: GasCyl1 (置信度: 0.69)
2026-07-31 11:13:51 [INFO] 物体 2: FireExt1 (置信度: 0.46)
2026-07-31 11:13:51 [INFO] 物体 3: FireExt1 (置信度: 0.44)
2026-07-31 11:13:51 [INFO] 检测到车兜区域，将过滤区域外的目标
2026-07-31 11:13:51 [INFO] 准备保存检测结果到: C:\code\show\Scrap_Steel_In_Field\photos\dangerous_det\detection_20260731_111351.jpg
2026-07-31 11:13:51 [INFO] 图像形状: (2160, 3840, 3)
2026-07-31 11:13:51 [INFO] 图像数据类型: uint8
2026-07-31 11:13:51 [INFO] 图像最大值: 255
2026-07-31 11:13:51 [INFO] 图像最小值: 0
2026-07-31 11:13:51 [INFO] 开始保存检测结果图像: 图像尺寸=(2160, 3840, 3), 类型=uint8, 路径=C:\code\show\Scrap_Steel_In_Field\photos\dangerous_det\detection_20260731_111351.jpg
2026-07-31 11:13:51 [INFO] 成功保存检测结果到: C:\code\show\Scrap_Steel_In_Field\photos\dangerous_det\detection_20260731_111351.jpg
2026-07-31 11:13:51 [INFO] 保存的检测结果文件大小: 2288570 字节
2026-07-31 11:13:51 [INFO] 引擎上下文已释放
2026-07-31 11:13:51 [INFO] TensorRT 引擎已释放
2026-07-31 11:13:51 [INFO] 全局 CUDA 资源已释放
2026-07-31 11:13:51 [INFO] 检测系统资源已释放
2026-07-31 11:13:56 [INFO] CUDA 初始化成功
2026-07-31 11:13:56 [INFO] 引擎加载成功: dangerous.engine
2026-07-31 11:13:56 [INFO] 检测系统初始化成功
2026-07-31 11:13:56 [INFO] 图像预处理完成，原始尺寸: (2160, 3840)
2026-07-31 11:13:56 [INFO] 开始执行目标检测...
2026-07-31 11:13:56 [INFO] 检测完成，找到 3 个物体
2026-07-31 11:13:56 [INFO] 物体 1: GasCyl1 (置信度: 0.61)
2026-07-31 11:13:56 [INFO] 物体 2: FireExt1 (置信度: 0.46)
2026-07-31 11:13:56 [INFO] 物体 3: FireExt1 (置信度: 0.44)
2026-07-31 11:13:56 [INFO] 检测到车兜区域，将过滤区域外的目标
2026-07-31 11:13:56 [INFO] 准备保存检测结果到: C:\code\show\Scrap_Steel_In_Field\photos\dangerous_det\detection_20260731_111356.jpg
2026-07-31 11:13:56 [INFO] 图像形状: (2160, 3840, 3)
2026-07-31 11:13:56 [INFO] 图像数据类型: uint8
2026-07-31 11:13:56 [INFO] 图像最大值: 255
2026-07-31 11:13:56 [INFO] 图像最小值: 0
2026-07-31 11:13:56 [INFO] 开始保存检测结果图像: 图像尺寸=(2160, 3840, 3), 类型=uint8, 路径=C:\code\show\Scrap_Steel_In_Field\photos\dangerous_det\detection_20260731_111356.jpg
2026-07-31 11:13:56 [INFO] 成功保存检测结果到: C:\code\show\Scrap_Steel_In_Field\photos\dangerous_det\detection_20260731_111356.jpg
2026-07-31 11:13:56 [INFO] 保存的检测结果文件大小: 2288077 字节
2026-07-31 11:13:56 [INFO] 引擎上下文已释放
2026-07-31 11:13:56 [INFO] TensorRT 引擎已释放
2026-07-31 11:13:56 [INFO] 全局 CUDA 资源已释放
2026-07-31 11:13:56 [INFO] 检测系统资源已释放
2026-07-31 11:14:02 [INFO] CUDA 初始化成功
2026-07-31 11:14:02 [INFO] 引擎加载成功: dangerous.engine
2026-07-31 11:14:02 [INFO] 检测系统初始化成功
2026-07-31 11:14:02 [INFO] 图像预处理完成，原始尺寸: (2160, 3840)
2026-07-31 11:14:02 [INFO] 开始执行目标检测...
2026-07-31 11:14:02 [INFO] 检测完成，找到 3 个物体
2026-07-31 11:14:02 [INFO] 物体 1: GasCyl1 (置信度: 0.66)
2026-07-31 11:14:02 [INFO] 物体 2: FireExt1 (置信度: 0.45)
2026-07-31 11:14:02 [INFO] 物体 3: FireExt1 (置信度: 0.43)
2026-07-31 11:14:02 [INFO] 检测到车兜区域，将过滤区域外的目标
2026-07-31 11:14:02 [INFO] 准备保存检测结果到: C:\code\show\Scrap_Steel_In_Field\photos\dangerous_det\detection_20260731_111402.jpg
2026-07-31 11:14:02 [INFO] 图像形状: (2160, 3840, 3)
2026-07-31 11:14:02 [INFO] 图像数据类型: uint8
2026-07-31 11:14:02 [INFO] 图像最大值: 255
2026-07-31 11:14:02 [INFO] 图像最小值: 0
2026-07-31 11:14:02 [INFO] 开始保存检测结果图像: 图像尺寸=(2160, 3840, 3), 类型=uint8, 路径=C:\code\show\Scrap_Steel_In_Field\photos\dangerous_det\detection_20260731_111402.jpg
2026-07-31 11:14:02 [INFO] 成功保存检测结果到: C:\code\show\Scrap_Steel_In_Field\photos\dangerous_det\detection_20260731_111402.jpg
2026-07-31 11:14:02 [INFO] 保存的检测结果文件大小: 2287222 字节
2026-07-31 11:14:02 [INFO] 引擎上下文已释放
2026-07-31 11:14:02 [INFO] TensorRT 引擎已释放
2026-07-31 11:14:02 [INFO] 全局 CUDA 资源已释放
2026-07-31 11:14:02 [INFO] 检测系统资源已释放
2026-07-31 11:14:07 [INFO] CUDA 初始化成功
2026-07-31 11:14:07 [INFO] 引擎加载成功: dangerous.engine
2026-07-31 11:14:07 [INFO] 检测系统初始化成功
2026-07-31 11:14:07 [INFO] 图像预处理完成，原始尺寸: (2160, 3840)
2026-07-31 11:14:07 [INFO] 开始执行目标检测...
2026-07-31 11:14:07 [INFO] 检测完成，找到 3 个物体
2026-07-31 11:14:07 [INFO] 物体 1: GasCyl1 (置信度: 0.70)
2026-07-31 11:14:07 [INFO] 物体 2: FireExt1 (置信度: 0.45)
2026-07-31 11:14:07 [INFO] 物体 3: FireExt1 (置信度: 0.43)
2026-07-31 11:14:07 [INFO] 检测到车兜区域，将过滤区域外的目标
2026-07-31 11:14:07 [INFO] 准备保存检测结果到: C:\code\show\Scrap_Steel_In_Field\photos\dangerous_det\detection_20260731_111407.jpg
2026-07-31 11:14:07 [INFO] 图像形状: (2160, 3840, 3)
2026-07-31 11:14:07 [INFO] 图像数据类型: uint8
2026-07-31 11:14:07 [INFO] 图像最大值: 255
2026-07-31 11:14:07 [INFO] 图像最小值: 0
2026-07-31 11:14:07 [INFO] 开始保存检测结果图像: 图像尺寸=(2160, 3840, 3), 类型=uint8, 路径=C:\code\show\Scrap_Steel_In_Field\photos\dangerous_det\detection_20260731_111407.jpg
2026-07-31 11:14:07 [INFO] 成功保存检测结果到: C:\code\show\Scrap_Steel_In_Field\photos\dangerous_det\detection_20260731_111407.jpg
2026-07-31 11:14:07 [INFO] 保存的检测结果文件大小: 2286388 字节
2026-07-31 11:14:07 [INFO] 引擎上下文已释放
2026-07-31 11:14:07 [INFO] TensorRT 引擎已释放
2026-07-31 11:14:07 [INFO] 全局 CUDA 资源已释放
2026-07-31 11:14:07 [INFO] 检测系统资源已释放
2026-07-31 11:14:12 [INFO] CUDA 初始化成功
2026-07-31 11:14:12 [INFO] 引擎加载成功: dangerous.engine
2026-07-31 11:14:12 [INFO] 检测系统初始化成功
2026-07-31 11:14:12 [INFO] 图像预处理完成，原始尺寸: (2160, 3840)
2026-07-31 11:14:12 [INFO] 开始执行目标检测...
2026-07-31 11:14:12 [INFO] 检测完成，找到 3 个物体
2026-07-31 11:14:12 [INFO] 物体 1: GasCyl1 (置信度: 0.66)
2026-07-31 11:14:12 [INFO] 物体 2: FireExt1 (置信度: 0.46)
2026-07-31 11:14:12 [INFO] 物体 3: FireExt1 (置信度: 0.45)
2026-07-31 11:14:12 [INFO] 检测到车兜区域，将过滤区域外的目标
2026-07-31 11:14:12 [INFO] 准备保存检测结果到: C:\code\show\Scrap_Steel_In_Field\photos\dangerous_det\detection_20260731_111412.jpg
2026-07-31 11:14:12 [INFO] 图像形状: (2160, 3840, 3)
2026-07-31 11:14:12 [INFO] 图像数据类型: uint8
2026-07-31 11:14:12 [INFO] 图像最大值: 255
2026-07-31 11:14:12 [INFO] 图像最小值: 0
2026-07-31 11:14:12 [INFO] 开始保存检测结果图像: 图像尺寸=(2160, 3840, 3), 类型=uint8, 路径=C:\code\show\Scrap_Steel_In_Field\photos\dangerous_det\detection_20260731_111412.jpg
2026-07-31 11:14:12 [INFO] 成功保存检测结果到: C:\code\show\Scrap_Steel_In_Field\photos\dangerous_det\detection_20260731_111412.jpg
2026-07-31 11:14:12 [INFO] 保存的检测结果文件大小: 2288212 字节
2026-07-31 11:14:12 [INFO] 引擎上下文已释放
2026-07-31 11:14:12 [INFO] TensorRT 引擎已释放
2026-07-31 11:14:12 [INFO] 全局 CUDA 资源已释放
2026-07-31 11:14:12 [INFO] 检测系统资源已释放
2026-07-31 11:14:17 [INFO] CUDA 初始化成功
2026-07-31 11:14:17 [INFO] 引擎加载成功: dangerous.engine
2026-07-31 11:14:17 [INFO] 检测系统初始化成功
2026-07-31 11:14:17 [INFO] 图像预处理完成，原始尺寸: (2160, 3840)
2026-07-31 11:14:17 [INFO] 开始执行目标检测...
2026-07-31 11:14:17 [INFO] 检测完成，找到 3 个物体
2026-07-31 11:14:17 [INFO] 物体 1: GasCyl1 (置信度: 0.65)
2026-07-31 11:14:17 [INFO] 物体 2: FireExt1 (置信度: 0.47)
2026-07-31 11:14:17 [INFO] 物体 3: FireExt1 (置信度: 0.45)
2026-07-31 11:14:17 [INFO] 检测到车兜区域，将过滤区域外的目标
2026-07-31 11:14:17 [INFO] 准备保存检测结果到: C:\code\show\Scrap_Steel_In_Field\photos\dangerous_det\detection_20260731_111417.jpg
2026-07-31 11:14:17 [INFO] 图像形状: (2160, 3840, 3)
2026-07-31 11:14:17 [INFO] 图像数据类型: uint8
2026-07-31 11:14:17 [INFO] 图像最大值: 255
2026-07-31 11:14:17 [INFO] 图像最小值: 0
2026-07-31 11:14:17 [INFO] 开始保存检测结果图像: 图像尺寸=(2160, 3840, 3), 类型=uint8, 路径=C:\code\show\Scrap_Steel_In_Field\photos\dangerous_det\detection_20260731_111417.jpg
2026-07-31 11:14:17 [INFO] 成功保存检测结果到: C:\code\show\Scrap_Steel_In_Field\photos\dangerous_det\detection_20260731_111417.jpg
2026-07-31 11:14:17 [INFO] 保存的检测结果文件大小: 2283292 字节
2026-07-31 11:14:17 [INFO] 引擎上下文已释放
2026-07-31 11:14:17 [INFO] TensorRT 引擎已释放
2026-07-31 11:14:17 [INFO] 全局 CUDA 资源已释放
2026-07-31 11:14:17 [INFO] 检测系统资源已释放
2026-07-31 11:14:22 [INFO] CUDA 初始化成功
2026-07-31 11:14:22 [INFO] 引擎加载成功: dangerous.engine
2026-07-31 11:14:22 [INFO] 检测系统初始化成功
2026-07-31 11:14:22 [INFO] 图像预处理完成，原始尺寸: (2160, 3840)
2026-07-31 11:14:22 [INFO] 开始执行目标检测...
2026-07-31 11:14:22 [INFO] 检测完成，找到 3 个物体
2026-07-31 11:14:22 [INFO] 物体 1: GasCyl1 (置信度: 0.71)
2026-07-31 11:14:22 [INFO] 物体 2: FireExt1 (置信度: 0.47)
2026-07-31 11:14:22 [INFO] 物体 3: FireExt1 (置信度: 0.46)
2026-07-31 11:14:22 [INFO] 检测到车兜区域，将过滤区域外的目标
2026-07-31 11:14:22 [INFO] 准备保存检测结果到: C:\code\show\Scrap_Steel_In_Field\photos\dangerous_det\detection_20260731_111422.jpg
2026-07-31 11:14:22 [INFO] 图像形状: (2160, 3840, 3)
2026-07-31 11:14:22 [INFO] 图像数据类型: uint8
2026-07-31 11:14:22 [INFO] 图像最大值: 255
2026-07-31 11:14:22 [INFO] 图像最小值: 0
2026-07-31 11:14:22 [INFO] 开始保存检测结果图像: 图像尺寸=(2160, 3840, 3), 类型=uint8, 路径=C:\code\show\Scrap_Steel_In_Field\photos\dangerous_det\detection_20260731_111422.jpg
2026-07-31 11:14:23 [INFO] 成功保存检测结果到: C:\code\show\Scrap_Steel_In_Field\photos\dangerous_det\detection_20260731_111422.jpg
2026-07-31 11:14:23 [INFO] 保存的检测结果文件大小: 2286529 字节
2026-07-31 11:14:23 [INFO] 引擎上下文已释放
2026-07-31 11:14:23 [INFO] TensorRT 引擎已释放
2026-07-31 11:14:23 [INFO] 全局 CUDA 资源已释放
2026-07-31 11:14:23 [INFO] 检测系统资源已释放
2026-07-31 11:14:28 [INFO] CUDA 初始化成功
2026-07-31 11:14:28 [INFO] 引擎加载成功: dangerous.engine
2026-07-31 11:14:28 [INFO] 检测系统初始化成功
2026-07-31 11:14:28 [INFO] 图像预处理完成，原始尺寸: (2160, 3840)
2026-07-31 11:14:28 [INFO] 开始执行目标检测...
2026-07-31 11:14:28 [INFO] 检测完成，找到 3 个物体
2026-07-31 11:14:28 [INFO] 物体 1: GasCyl1 (置信度: 0.64)
2026-07-31 11:14:28 [INFO] 物体 2: FireExt1 (置信度: 0.46)
2026-07-31 11:14:28 [INFO] 物体 3: FireExt1 (置信度: 0.46)
2026-07-31 11:14:28 [INFO] 检测到车兜区域，将过滤区域外的目标
2026-07-31 11:14:28 [INFO] 准备保存检测结果到: C:\code\show\Scrap_Steel_In_Field\photos\dangerous_det\detection_20260731_111428.jpg
2026-07-31 11:14:28 [INFO] 图像形状: (2160, 3840, 3)
2026-07-31 11:14:28 [INFO] 图像数据类型: uint8
2026-07-31 11:14:28 [INFO] 图像最大值: 255
2026-07-31 11:14:28 [INFO] 图像最小值: 0
2026-07-31 11:14:28 [INFO] 开始保存检测结果图像: 图像尺寸=(2160, 3840, 3), 类型=uint8, 路径=C:\code\show\Scrap_Steel_In_Field\photos\dangerous_det\detection_20260731_111428.jpg
2026-07-31 11:14:28 [INFO] 成功保存检测结果到: C:\code\show\Scrap_Steel_In_Field\photos\dangerous_det\detection_20260731_111428.jpg
2026-07-31 11:14:28 [INFO] 保存的检测结果文件大小: 2290375 字节
2026-07-31 11:14:28 [INFO] 引擎上下文已释放
2026-07-31 11:14:28 [INFO] TensorRT 引擎已释放
2026-07-31 11:14:28 [INFO] 全局 CUDA 资源已释放
2026-07-31 11:14:28 [INFO] 检测系统资源已释放
2026-07-31 11:14:33 [INFO] CUDA 初始化成功
2026-07-31 11:14:33 [INFO] 引擎加载成功: dangerous.engine
2026-07-31 11:14:33 [INFO] 检测系统初始化成功
2026-07-31 11:14:33 [INFO] 图像预处理完成，原始尺寸: (2160, 3840)
2026-07-31 11:14:33 [INFO] 开始执行目标检测...
2026-07-31 11:14:33 [INFO] 检测完成，找到 3 个物体
2026-07-31 11:14:33 [INFO] 物体 1: GasCyl1 (置信度: 0.66)
2026-07-31 11:14:33 [INFO] 物体 2: FireExt1 (置信度: 0.45)
2026-07-31 11:14:33 [INFO] 物体 3: FireExt1 (置信度: 0.44)
2026-07-31 11:14:33 [INFO] 检测到车兜区域，将过滤区域外的目标
2026-07-31 11:14:33 [INFO] 准备保存检测结果到: C:\code\show\Scrap_Steel_In_Field\photos\dangerous_det\detection_20260731_111433.jpg
2026-07-31 11:14:33 [INFO] 图像形状: (2160, 3840, 3)
2026-07-31 11:14:33 [INFO] 图像数据类型: uint8
2026-07-31 11:14:33 [INFO] 图像最大值: 255
2026-07-31 11:14:33 [INFO] 图像最小值: 0
2026-07-31 11:14:33 [INFO] 开始保存检测结果图像: 图像尺寸=(2160, 3840, 3), 类型=uint8, 路径=C:\code\show\Scrap_Steel_In_Field\photos\dangerous_det\detection_20260731_111433.jpg
2026-07-31 11:14:33 [INFO] 成功保存检测结果到: C:\code\show\Scrap_Steel_In_Field\photos\dangerous_det\detection_20260731_111433.jpg
2026-07-31 11:14:33 [INFO] 保存的检测结果文件大小: 2287516 字节
2026-07-31 11:14:33 [INFO] 引擎上下文已释放
2026-07-31 11:14:33 [INFO] TensorRT 引擎已释放
2026-07-31 11:14:33 [INFO] 全局 CUDA 资源已释放
2026-07-31 11:14:33 [INFO] 检测系统资源已释放
2026-07-31 11:14:38 [INFO] CUDA 初始化成功
2026-07-31 11:14:38 [INFO] 引擎加载成功: dangerous.engine
2026-07-31 11:14:38 [INFO] 检测系统初始化成功
2026-07-31 11:14:38 [INFO] 图像预处理完成，原始尺寸: (2160, 3840)
2026-07-31 11:14:38 [INFO] 开始执行目标检测...
2026-07-31 11:14:38 [INFO] 检测完成，找到 3 个物体
2026-07-31 11:14:38 [INFO] 物体 1: GasCyl1 (置信度: 0.67)
2026-07-31 11:14:38 [INFO] 物体 2: FireExt1 (置信度: 0.47)
2026-07-31 11:14:38 [INFO] 物体 3: FireExt1 (置信度: 0.46)
2026-07-31 11:14:38 [INFO] 检测到车兜区域，将过滤区域外的目标
2026-07-31 11:14:38 [INFO] 准备保存检测结果到: C:\code\show\Scrap_Steel_In_Field\photos\dangerous_det\detection_20260731_111438.jpg
2026-07-31 11:14:38 [INFO] 图像形状: (2160, 3840, 3)
2026-07-31 11:14:38 [INFO] 图像数据类型: uint8
2026-07-31 11:14:38 [INFO] 图像最大值: 255
2026-07-31 11:14:38 [INFO] 图像最小值: 0
2026-07-31 11:14:38 [INFO] 开始保存检测结果图像: 图像尺寸=(2160, 3840, 3), 类型=uint8, 路径=C:\code\show\Scrap_Steel_In_Field\photos\dangerous_det\detection_20260731_111438.jpg
2026-07-31 11:14:38 [INFO] 成功保存检测结果到: C:\code\show\Scrap_Steel_In_Field\photos\dangerous_det\detection_20260731_111438.jpg
2026-07-31 11:14:38 [INFO] 保存的检测结果文件大小: 2286139 字节
2026-07-31 11:14:38 [INFO] 引擎上下文已释放
2026-07-31 11:14:38 [INFO] TensorRT 引擎已释放
2026-07-31 11:14:38 [INFO] 全局 CUDA 资源已释放
2026-07-31 11:14:38 [INFO] 检测系统资源已释放
2026-07-31 11:14:43 [INFO] CUDA 初始化成功
2026-07-31 11:14:43 [INFO] 引擎加载成功: dangerous.engine
2026-07-31 11:14:43 [INFO] 检测系统初始化成功
2026-07-31 11:14:43 [INFO] 图像预处理完成，原始尺寸: (2160, 3840)
2026-07-31 11:14:43 [INFO] 开始执行目标检测...
2026-07-31 11:14:43 [INFO] 检测完成，找到 3 个物体
2026-07-31 11:14:43 [INFO] 物体 1: GasCyl1 (置信度: 0.64)
2026-07-31 11:14:43 [INFO] 物体 2: FireExt1 (置信度: 0.49)
2026-07-31 11:14:43 [INFO] 物体 3: FireExt1 (置信度: 0.45)
2026-07-31 11:14:43 [INFO] 检测到车兜区域，将过滤区域外的目标
2026-07-31 11:14:43 [INFO] 准备保存检测结果到: C:\code\show\Scrap_Steel_In_Field\photos\dangerous_det\detection_20260731_111443.jpg
2026-07-31 11:14:43 [INFO] 图像形状: (2160, 3840, 3)
2026-07-31 11:14:43 [INFO] 图像数据类型: uint8
2026-07-31 11:14:43 [INFO] 图像最大值: 255
2026-07-31 11:14:43 [INFO] 图像最小值: 0
2026-07-31 11:14:44 [INFO] 开始保存检测结果图像: 图像尺寸=(2160, 3840, 3), 类型=uint8, 路径=C:\code\show\Scrap_Steel_In_Field\photos\dangerous_det\detection_20260731_111443.jpg
2026-07-31 11:14:44 [INFO] 成功保存检测结果到: C:\code\show\Scrap_Steel_In_Field\photos\dangerous_det\detection_20260731_111443.jpg
2026-07-31 11:14:44 [INFO] 保存的检测结果文件大小: 2284489 字节
2026-07-31 11:14:44 [INFO] 引擎上下文已释放
2026-07-31 11:14:44 [INFO] TensorRT 引擎已释放
2026-07-31 11:14:44 [INFO] 全局 CUDA 资源已释放
2026-07-31 11:14:44 [INFO] 检测系统资源已释放
2026-07-31 11:14:49 [INFO] CUDA 初始化成功
2026-07-31 11:14:49 [INFO] 引擎加载成功: dangerous.engine
2026-07-31 11:14:49 [INFO] 检测系统初始化成功
2026-07-31 11:14:49 [INFO] 图像预处理完成，原始尺寸: (2160, 3840)
2026-07-31 11:14:49 [INFO] 开始执行目标检测...
2026-07-31 11:14:49 [INFO] 检测完成，找到 3 个物体
2026-07-31 11:14:49 [INFO] 物体 1: GasCyl1 (置信度: 0.59)
2026-07-31 11:14:49 [INFO] 物体 2: FireExt1 (置信度: 0.46)
2026-07-31 11:14:49 [INFO] 物体 3: FireExt1 (置信度: 0.43)
2026-07-31 11:14:49 [INFO] 检测到车兜区域，将过滤区域外的目标
2026-07-31 11:14:49 [INFO] 准备保存检测结果到: C:\code\show\Scrap_Steel_In_Field\photos\dangerous_det\detection_20260731_111449.jpg
2026-07-31 11:14:49 [INFO] 图像形状: (2160, 3840, 3)
2026-07-31 11:14:49 [INFO] 图像数据类型: uint8
2026-07-31 11:14:49 [INFO] 图像最大值: 255
2026-07-31 11:14:49 [INFO] 图像最小值: 0
2026-07-31 11:14:49 [INFO] 开始保存检测结果图像: 图像尺寸=(2160, 3840, 3), 类型=uint8, 路径=C:\code\show\Scrap_Steel_In_Field\photos\dangerous_det\detection_20260731_111449.jpg
2026-07-31 11:14:49 [INFO] 成功保存检测结果到: C:\code\show\Scrap_Steel_In_Field\photos\dangerous_det\detection_20260731_111449.jpg
2026-07-31 11:14:49 [INFO] 保存的检测结果文件大小: 2289625 字节
2026-07-31 11:14:49 [INFO] 引擎上下文已释放
2026-07-31 11:14:49 [INFO] TensorRT 引擎已释放
2026-07-31 11:14:49 [INFO] 全局 CUDA 资源已释放
2026-07-31 11:14:49 [INFO] 检测系统资源已释放
2026-07-31 11:14:54 [INFO] CUDA 初始化成功
2026-07-31 11:14:54 [INFO] 引擎加载成功: dangerous.engine
2026-07-31 11:14:54 [INFO] 检测系统初始化成功
2026-07-31 11:14:54 [INFO] 图像预处理完成，原始尺寸: (2160, 3840)
2026-07-31 11:14:54 [INFO] 开始执行目标检测...
2026-07-31 11:14:54 [INFO] 检测完成，找到 3 个物体
2026-07-31 11:14:54 [INFO] 物体 1: GasCyl1 (置信度: 0.65)
2026-07-31 11:14:54 [INFO] 物体 2: FireExt1 (置信度: 0.44)
2026-07-31 11:14:54 [INFO] 物体 3: FireExt1 (置信度: 0.44)
2026-07-31 11:14:54 [INFO] 检测到车兜区域，将过滤区域外的目标
2026-07-31 11:14:54 [INFO] 准备保存检测结果到: C:\code\show\Scrap_Steel_In_Field\photos\dangerous_det\detection_20260731_111454.jpg
2026-07-31 11:14:54 [INFO] 图像形状: (2160, 3840, 3)
2026-07-31 11:14:54 [INFO] 图像数据类型: uint8
2026-07-31 11:14:54 [INFO] 图像最大值: 255
2026-07-31 11:14:54 [INFO] 图像最小值: 0
2026-07-31 11:14:54 [INFO] 开始保存检测结果图像: 图像尺寸=(2160, 3840, 3), 类型=uint8, 路径=C:\code\show\Scrap_Steel_In_Field\photos\dangerous_det\detection_20260731_111454.jpg
2026-07-31 11:14:54 [INFO] 成功保存检测结果到: C:\code\show\Scrap_Steel_In_Field\photos\dangerous_det\detection_20260731_111454.jpg
2026-07-31 11:14:54 [INFO] 保存的检测结果文件大小: 2287088 字节
2026-07-31 11:14:54 [INFO] 引擎上下文已释放
2026-07-31 11:14:54 [INFO] TensorRT 引擎已释放
2026-07-31 11:14:54 [INFO] 全局 CUDA 资源已释放
2026-07-31 11:14:54 [INFO] 检测系统资源已释放
2026-07-31 11:14:59 [INFO] CUDA 初始化成功
2026-07-31 11:14:59 [INFO] 引擎加载成功: dangerous.engine
2026-07-31 11:14:59 [INFO] 检测系统初始化成功
2026-07-31 11:14:59 [INFO] 图像预处理完成，原始尺寸: (2160, 3840)
2026-07-31 11:14:59 [INFO] 开始执行目标检测...
2026-07-31 11:14:59 [INFO] 检测完成，找到 3 个物体
2026-07-31 11:14:59 [INFO] 物体 1: GasCyl1 (置信度: 0.68)
2026-07-31 11:14:59 [INFO] 物体 2: FireExt1 (置信度: 0.47)
2026-07-31 11:14:59 [INFO] 物体 3: FireExt1 (置信度: 0.45)
2026-07-31 11:14:59 [INFO] 检测到车兜区域，将过滤区域外的目标
2026-07-31 11:14:59 [INFO] 准备保存检测结果到: C:\code\show\Scrap_Steel_In_Field\photos\dangerous_det\detection_20260731_111459.jpg
2026-07-31 11:14:59 [INFO] 图像形状: (2160, 3840, 3)
2026-07-31 11:14:59 [INFO] 图像数据类型: uint8
2026-07-31 11:14:59 [INFO] 图像最大值: 255
2026-07-31 11:14:59 [INFO] 图像最小值: 0
2026-07-31 11:15:00 [INFO] 开始保存检测结果图像: 图像尺寸=(2160, 3840, 3), 类型=uint8, 路径=C:\code\show\Scrap_Steel_In_Field\photos\dangerous_det\detection_20260731_111459.jpg
2026-07-31 11:15:00 [INFO] 成功保存检测结果到: C:\code\show\Scrap_Steel_In_Field\photos\dangerous_det\detection_20260731_111459.jpg
2026-07-31 11:15:00 [INFO] 保存的检测结果文件大小: 2287603 字节
2026-07-31 11:15:00 [INFO] 引擎上下文已释放
2026-07-31 11:15:00 [INFO] TensorRT 引擎已释放
2026-07-31 11:15:00 [INFO] 全局 CUDA 资源已释放
2026-07-31 11:15:00 [INFO] 检测系统资源已释放
2026-07-31 11:15:04 [INFO] CUDA 初始化成功
2026-07-31 11:15:04 [INFO] 引擎加载成功: dangerous.engine
2026-07-31 11:15:04 [INFO] 检测系统初始化成功
2026-07-31 11:15:04 [INFO] 图像预处理完成，原始尺寸: (2160, 3840)
2026-07-31 11:15:04 [INFO] 开始执行目标检测...
2026-07-31 11:15:04 [INFO] 检测完成，找到 3 个物体
2026-07-31 11:15:04 [INFO] 物体 1: GasCyl1 (置信度: 0.64)
2026-07-31 11:15:04 [INFO] 物体 2: FireExt1 (置信度: 0.45)
2026-07-31 11:15:04 [INFO] 物体 3: FireExt1 (置信度: 0.44)
2026-07-31 11:15:04 [INFO] 检测到车兜区域，将过滤区域外的目标
2026-07-31 11:15:04 [INFO] 准备保存检测结果到: C:\code\show\Scrap_Steel_In_Field\photos\dangerous_det\detection_20260731_111504.jpg
2026-07-31 11:15:04 [INFO] 图像形状: (2160, 3840, 3)
2026-07-31 11:15:04 [INFO] 图像数据类型: uint8
2026-07-31 11:15:04 [INFO] 图像最大值: 255
2026-07-31 11:15:04 [INFO] 图像最小值: 0
2026-07-31 11:15:04 [INFO] 开始保存检测结果图像: 图像尺寸=(2160, 3840, 3), 类型=uint8, 路径=C:\code\show\Scrap_Steel_In_Field\photos\dangerous_det\detection_20260731_111504.jpg
2026-07-31 11:15:04 [INFO] 成功保存检测结果到: C:\code\show\Scrap_Steel_In_Field\photos\dangerous_det\detection_20260731_111504.jpg
2026-07-31 11:15:04 [INFO] 保存的检测结果文件大小: 2285656 字节
2026-07-31 11:15:04 [INFO] 引擎上下文已释放
2026-07-31 11:15:04 [INFO] TensorRT 引擎已释放
2026-07-31 11:15:04 [INFO] 全局 CUDA 资源已释放
2026-07-31 11:15:04 [INFO] 检测系统资源已释放
2026-07-31 11:15:09 [INFO] CUDA 初始化成功
2026-07-31 11:15:09 [INFO] 引擎加载成功: dangerous.engine
2026-07-31 11:15:09 [INFO] 检测系统初始化成功
2026-07-31 11:15:09 [INFO] 图像预处理完成，原始尺寸: (2160, 3840)
2026-07-31 11:15:09 [INFO] 开始执行目标检测...
2026-07-31 11:15:09 [INFO] 检测完成，找到 3 个物体
2026-07-31 11:15:09 [INFO] 物体 1: GasCyl1 (置信度: 0.62)
2026-07-31 11:15:09 [INFO] 物体 2: FireExt1 (置信度: 0.45)
2026-07-31 11:15:09 [INFO] 物体 3: FireExt1 (置信度: 0.43)
2026-07-31 11:15:09 [INFO] 检测到车兜区域，将过滤区域外的目标
2026-07-31 11:15:09 [INFO] 准备保存检测结果到: C:\code\show\Scrap_Steel_In_Field\photos\dangerous_det\detection_20260731_111509.jpg
2026-07-31 11:15:09 [INFO] 图像形状: (2160, 3840, 3)
2026-07-31 11:15:09 [INFO] 图像数据类型: uint8
2026-07-31 11:15:09 [INFO] 图像最大值: 255
2026-07-31 11:15:10 [INFO] 图像最小值: 0
2026-07-31 11:15:10 [INFO] 开始保存检测结果图像: 图像尺寸=(2160, 3840, 3), 类型=uint8, 路径=C:\code\show\Scrap_Steel_In_Field\photos\dangerous_det\detection_20260731_111509.jpg
2026-07-31 11:15:10 [INFO] 成功保存检测结果到: C:\code\show\Scrap_Steel_In_Field\photos\dangerous_det\detection_20260731_111509.jpg
2026-07-31 11:15:10 [INFO] 保存的检测结果文件大小: 2286373 字节
2026-07-31 11:15:10 [INFO] 引擎上下文已释放
2026-07-31 11:15:10 [INFO] TensorRT 引擎已释放
2026-07-31 11:15:10 [INFO] 全局 CUDA 资源已释放
2026-07-31 11:15:10 [INFO] 检测系统资源已释放
2026-07-31 11:15:15 [INFO] CUDA 初始化成功
2026-07-31 11:15:15 [INFO] 引擎加载成功: dangerous.engine
2026-07-31 11:15:15 [INFO] 检测系统初始化成功
2026-07-31 11:15:15 [INFO] 图像预处理完成，原始尺寸: (2160, 3840)
2026-07-31 11:15:15 [INFO] 开始执行目标检测...
2026-07-31 11:15:15 [INFO] 检测完成，找到 3 个物体
2026-07-31 11:15:15 [INFO] 物体 1: GasCyl1 (置信度: 0.68)
2026-07-31 11:15:15 [INFO] 物体 2: FireExt1 (置信度: 0.45)
2026-07-31 11:15:15 [INFO] 物体 3: FireExt1 (置信度: 0.45)
2026-07-31 11:15:15 [INFO] 检测到车兜区域，将过滤区域外的目标
2026-07-31 11:15:15 [INFO] 准备保存检测结果到: C:\code\show\Scrap_Steel_In_Field\photos\dangerous_det\detection_20260731_111515.jpg
2026-07-31 11:15:15 [INFO] 图像形状: (2160, 3840, 3)
2026-07-31 11:15:15 [INFO] 图像数据类型: uint8
2026-07-31 11:15:15 [INFO] 图像最大值: 255
2026-07-31 11:15:15 [INFO] 图像最小值: 0
2026-07-31 11:15:15 [INFO] 开始保存检测结果图像: 图像尺寸=(2160, 3840, 3), 类型=uint8, 路径=C:\code\show\Scrap_Steel_In_Field\photos\dangerous_det\detection_20260731_111515.jpg
2026-07-31 11:15:15 [INFO] 成功保存检测结果到: C:\code\show\Scrap_Steel_In_Field\photos\dangerous_det\detection_20260731_111515.jpg
2026-07-31 11:15:15 [INFO] 保存的检测结果文件大小: 2285397 字节
2026-07-31 11:15:15 [INFO] 引擎上下文已释放
2026-07-31 11:15:15 [INFO] TensorRT 引擎已释放
2026-07-31 11:15:15 [INFO] 全局 CUDA 资源已释放
2026-07-31 11:15:15 [INFO] 检测系统资源已释放
2026-07-31 11:15:20 [INFO] CUDA 初始化成功
2026-07-31 11:15:20 [INFO] 引擎加载成功: dangerous.engine
2026-07-31 11:15:20 [INFO] 检测系统初始化成功
2026-07-31 11:15:20 [INFO] 图像预处理完成，原始尺寸: (2160, 3840)
2026-07-31 11:15:20 [INFO] 开始执行目标检测...
2026-07-31 11:15:20 [INFO] 检测完成，找到 3 个物体
2026-07-31 11:15:20 [INFO] 物体 1: GasCyl1 (置信度: 0.58)
2026-07-31 11:15:20 [INFO] 物体 2: FireExt1 (置信度: 0.47)
2026-07-31 11:15:20 [INFO] 物体 3: FireExt1 (置信度: 0.46)
2026-07-31 11:15:20 [INFO] 检测到车兜区域，将过滤区域外的目标
2026-07-31 11:15:20 [INFO] 准备保存检测结果到: C:\code\show\Scrap_Steel_In_Field\photos\dangerous_det\detection_20260731_111520.jpg
2026-07-31 11:15:20 [INFO] 图像形状: (2160, 3840, 3)
2026-07-31 11:15:20 [INFO] 图像数据类型: uint8
2026-07-31 11:15:20 [INFO] 图像最大值: 255
2026-07-31 11:15:20 [INFO] 图像最小值: 0
2026-07-31 11:15:20 [INFO] 开始保存检测结果图像: 图像尺寸=(2160, 3840, 3), 类型=uint8, 路径=C:\code\show\Scrap_Steel_In_Field\photos\dangerous_det\detection_20260731_111520.jpg
2026-07-31 11:15:20 [INFO] 成功保存检测结果到: C:\code\show\Scrap_Steel_In_Field\photos\dangerous_det\detection_20260731_111520.jpg
2026-07-31 11:15:20 [INFO] 保存的检测结果文件大小: 2286997 字节
2026-07-31 11:15:20 [INFO] 引擎上下文已释放
2026-07-31 11:15:20 [INFO] TensorRT 引擎已释放
2026-07-31 11:15:20 [INFO] 全局 CUDA 资源已释放
2026-07-31 11:15:20 [INFO] 检测系统资源已释放
2026-07-31 11:15:25 [INFO] CUDA 初始化成功
2026-07-31 11:15:25 [INFO] 引擎加载成功: dangerous.engine
2026-07-31 11:15:25 [INFO] 检测系统初始化成功
2026-07-31 11:15:25 [INFO] 图像预处理完成，原始尺寸: (2160, 3840)
2026-07-31 11:15:25 [INFO] 开始执行目标检测...
2026-07-31 11:15:25 [INFO] 检测完成，找到 3 个物体
2026-07-31 11:15:25 [INFO] 物体 1: GasCyl1 (置信度: 0.64)
2026-07-31 11:15:25 [INFO] 物体 2: FireExt1 (置信度: 0.44)
2026-07-31 11:15:25 [INFO] 物体 3: FireExt1 (置信度: 0.44)
2026-07-31 11:15:25 [INFO] 检测到车兜区域，将过滤区域外的目标
2026-07-31 11:15:25 [INFO] 准备保存检测结果到: C:\code\show\Scrap_Steel_In_Field\photos\dangerous_det\detection_20260731_111525.jpg
2026-07-31 11:15:25 [INFO] 图像形状: (2160, 3840, 3)
2026-07-31 11:15:25 [INFO] 图像数据类型: uint8
2026-07-31 11:15:25 [INFO] 图像最大值: 255
2026-07-31 11:15:26 [INFO] 图像最小值: 0
2026-07-31 11:15:26 [INFO] 开始保存检测结果图像: 图像尺寸=(2160, 3840, 3), 类型=uint8, 路径=C:\code\show\Scrap_Steel_In_Field\photos\dangerous_det\detection_20260731_111525.jpg
2026-07-31 11:15:26 [INFO] 成功保存检测结果到: C:\code\show\Scrap_Steel_In_Field\photos\dangerous_det\detection_20260731_111525.jpg
2026-07-31 11:15:26 [INFO] 保存的检测结果文件大小: 2288785 字节
2026-07-31 11:15:26 [INFO] 引擎上下文已释放
2026-07-31 11:15:26 [INFO] TensorRT 引擎已释放
2026-07-31 11:15:26 [INFO] 全局 CUDA 资源已释放
2026-07-31 11:15:26 [INFO] 检测系统资源已释放
2026-07-31 11:15:31 [INFO] CUDA 初始化成功
2026-07-31 11:15:31 [INFO] 引擎加载成功: dangerous.engine
2026-07-31 11:15:31 [INFO] 检测系统初始化成功
2026-07-31 11:15:31 [INFO] 图像预处理完成，原始尺寸: (2160, 3840)
2026-07-31 11:15:31 [INFO] 开始执行目标检测...
2026-07-31 11:15:31 [INFO] 检测完成，找到 3 个物体
2026-07-31 11:15:31 [INFO] 物体 1: GasCyl1 (置信度: 0.71)
2026-07-31 11:15:31 [INFO] 物体 2: FireExt1 (置信度: 0.45)
2026-07-31 11:15:31 [INFO] 物体 3: FireExt1 (置信度: 0.44)
2026-07-31 11:15:31 [INFO] 检测到车兜区域，将过滤区域外的目标
2026-07-31 11:15:31 [INFO] 准备保存检测结果到: C:\code\show\Scrap_Steel_In_Field\photos\dangerous_det\detection_20260731_111531.jpg
2026-07-31 11:15:31 [INFO] 图像形状: (2160, 3840, 3)
2026-07-31 11:15:31 [INFO] 图像数据类型: uint8
2026-07-31 11:15:31 [INFO] 图像最大值: 255
2026-07-31 11:15:31 [INFO] 图像最小值: 0
2026-07-31 11:15:31 [INFO] 开始保存检测结果图像: 图像尺寸=(2160, 3840, 3), 类型=uint8, 路径=C:\code\show\Scrap_Steel_In_Field\photos\dangerous_det\detection_20260731_111531.jpg
2026-07-31 11:15:31 [INFO] 成功保存检测结果到: C:\code\show\Scrap_Steel_In_Field\photos\dangerous_det\detection_20260731_111531.jpg
2026-07-31 11:15:31 [INFO] 保存的检测结果文件大小: 2287510 字节
2026-07-31 11:15:31 [INFO] 引擎上下文已释放
2026-07-31 11:15:31 [INFO] TensorRT 引擎已释放
2026-07-31 11:15:31 [INFO] 全局 CUDA 资源已释放
2026-07-31 11:15:31 [INFO] 检测系统资源已释放
2026-07-31 11:15:36 [INFO] CUDA 初始化成功
2026-07-31 11:15:36 [INFO] 引擎加载成功: dangerous.engine
2026-07-31 11:15:36 [INFO] 检测系统初始化成功
2026-07-31 11:15:36 [INFO] 图像预处理完成，原始尺寸: (2160, 3840)
2026-07-31 11:15:36 [INFO] 开始执行目标检测...
2026-07-31 11:15:36 [INFO] 检测完成，找到 3 个物体
2026-07-31 11:15:36 [INFO] 物体 1: GasCyl1 (置信度: 0.69)
2026-07-31 11:15:36 [INFO] 物体 2: FireExt1 (置信度: 0.47)
2026-07-31 11:15:36 [INFO] 物体 3: FireExt1 (置信度: 0.41)
2026-07-31 11:15:36 [INFO] 检测到车兜区域，将过滤区域外的目标
2026-07-31 11:15:36 [INFO] 准备保存检测结果到: C:\code\show\Scrap_Steel_In_Field\photos\dangerous_det\detection_20260731_111536.jpg
2026-07-31 11:15:36 [INFO] 图像形状: (2160, 3840, 3)
2026-07-31 11:15:36 [INFO] 图像数据类型: uint8
2026-07-31 11:15:36 [INFO] 图像最大值: 255
2026-07-31 11:15:36 [INFO] 图像最小值: 0
2026-07-31 11:15:36 [INFO] 开始保存检测结果图像: 图像尺寸=(2160, 3840, 3), 类型=uint8, 路径=C:\code\show\Scrap_Steel_In_Field\photos\dangerous_det\detection_20260731_111536.jpg
2026-07-31 11:15:36 [INFO] 成功保存检测结果到: C:\code\show\Scrap_Steel_In_Field\photos\dangerous_det\detection_20260731_111536.jpg
2026-07-31 11:15:36 [INFO] 保存的检测结果文件大小: 2290686 字节
2026-07-31 11:15:36 [INFO] 引擎上下文已释放
2026-07-31 11:15:36 [INFO] TensorRT 引擎已释放
2026-07-31 11:15:36 [INFO] 全局 CUDA 资源已释放
2026-07-31 11:15:36 [INFO] 检测系统资源已释放
2026-07-31 11:15:41 [INFO] CUDA 初始化成功
2026-07-31 11:15:41 [INFO] 引擎加载成功: dangerous.engine
2026-07-31 11:15:41 [INFO] 检测系统初始化成功
2026-07-31 11:15:41 [INFO] 图像预处理完成，原始尺寸: (2160, 3840)
2026-07-31 11:15:41 [INFO] 开始执行目标检测...
2026-07-31 11:15:41 [INFO] 检测完成，找到 3 个物体
2026-07-31 11:15:41 [INFO] 物体 1: GasCyl1 (置信度: 0.65)
2026-07-31 11:15:41 [INFO] 物体 2: FireExt1 (置信度: 0.47)
2026-07-31 11:15:41 [INFO] 物体 3: FireExt1 (置信度: 0.46)
2026-07-31 11:15:41 [INFO] 检测到车兜区域，将过滤区域外的目标
2026-07-31 11:15:41 [INFO] 准备保存检测结果到: C:\code\show\Scrap_Steel_In_Field\photos\dangerous_det\detection_20260731_111541.jpg
2026-07-31 11:15:41 [INFO] 图像形状: (2160, 3840, 3)
2026-07-31 11:15:41 [INFO] 图像数据类型: uint8
2026-07-31 11:15:41 [INFO] 图像最大值: 255
2026-07-31 11:15:41 [INFO] 图像最小值: 0
2026-07-31 11:15:41 [INFO] 开始保存检测结果图像: 图像尺寸=(2160, 3840, 3), 类型=uint8, 路径=C:\code\show\Scrap_Steel_In_Field\photos\dangerous_det\detection_20260731_111541.jpg
2026-07-31 11:15:41 [INFO] 成功保存检测结果到: C:\code\show\Scrap_Steel_In_Field\photos\dangerous_det\detection_20260731_111541.jpg
2026-07-31 11:15:41 [INFO] 保存的检测结果文件大小: 2288313 字节
2026-07-31 11:15:41 [INFO] 引擎上下文已释放
2026-07-31 11:15:41 [INFO] TensorRT 引擎已释放
2026-07-31 11:15:41 [INFO] 全局 CUDA 资源已释放
2026-07-31 11:15:41 [INFO] 检测系统资源已释放
2026-07-31 11:15:47 [INFO] CUDA 初始化成功
2026-07-31 11:15:47 [INFO] 引擎加载成功: dangerous.engine
2026-07-31 11:15:47 [INFO] 检测系统初始化成功
2026-07-31 11:15:47 [INFO] 图像预处理完成，原始尺寸: (2160, 3840)
2026-07-31 11:15:47 [INFO] 开始执行目标检测...
2026-07-31 11:15:47 [INFO] 检测完成，找到 3 个物体
2026-07-31 11:15:47 [INFO] 物体 1: GasCyl1 (置信度: 0.66)
2026-07-31 11:15:47 [INFO] 物体 2: FireExt1 (置信度: 0.45)
2026-07-31 11:15:47 [INFO] 物体 3: FireExt1 (置信度: 0.45)
2026-07-31 11:15:47 [INFO] 检测到车兜区域，将过滤区域外的目标
2026-07-31 11:15:47 [INFO] 准备保存检测结果到: C:\code\show\Scrap_Steel_In_Field\photos\dangerous_det\detection_20260731_111547.jpg
2026-07-31 11:15:47 [INFO] 图像形状: (2160, 3840, 3)
2026-07-31 11:15:47 [INFO] 图像数据类型: uint8
2026-07-31 11:15:47 [INFO] 图像最大值: 255
2026-07-31 11:15:47 [INFO] 图像最小值: 0
2026-07-31 11:15:47 [INFO] 开始保存检测结果图像: 图像尺寸=(2160, 3840, 3), 类型=uint8, 路径=C:\code\show\Scrap_Steel_In_Field\photos\dangerous_det\detection_20260731_111547.jpg
2026-07-31 11:15:47 [INFO] 成功保存检测结果到: C:\code\show\Scrap_Steel_In_Field\photos\dangerous_det\detection_20260731_111547.jpg
2026-07-31 11:15:47 [INFO] 保存的检测结果文件大小: 2288319 字节
2026-07-31 11:15:47 [INFO] 引擎上下文已释放
2026-07-31 11:15:47 [INFO] TensorRT 引擎已释放
2026-07-31 11:15:47 [INFO] 全局 CUDA 资源已释放
2026-07-31 11:15:47 [INFO] 检测系统资源已释放
2026-07-31 11:15:52 [INFO] CUDA 初始化成功
2026-07-31 11:15:52 [INFO] 引擎加载成功: dangerous.engine
2026-07-31 11:15:52 [INFO] 检测系统初始化成功
2026-07-31 11:15:52 [INFO] 图像预处理完成，原始尺寸: (2160, 3840)
2026-07-31 11:15:52 [INFO] 开始执行目标检测...
2026-07-31 11:15:52 [INFO] 检测完成，找到 3 个物体
2026-07-31 11:15:52 [INFO] 物体 1: GasCyl1 (置信度: 0.69)
2026-07-31 11:15:52 [INFO] 物体 2: FireExt1 (置信度: 0.46)
2026-07-31 11:15:52 [INFO] 物体 3: FireExt1 (置信度: 0.45)
2026-07-31 11:15:52 [INFO] 检测到车兜区域，将过滤区域外的目标
2026-07-31 11:15:52 [INFO] 准备保存检测结果到: C:\code\show\Scrap_Steel_In_Field\photos\dangerous_det\detection_20260731_111552.jpg
2026-07-31 11:15:52 [INFO] 图像形状: (2160, 3840, 3)
2026-07-31 11:15:52 [INFO] 图像数据类型: uint8
2026-07-31 11:15:52 [INFO] 图像最大值: 255
2026-07-31 11:15:52 [INFO] 图像最小值: 0
2026-07-31 11:15:52 [INFO] 开始保存检测结果图像: 图像尺寸=(2160, 3840, 3), 类型=uint8, 路径=C:\code\show\Scrap_Steel_In_Field\photos\dangerous_det\detection_20260731_111552.jpg
2026-07-31 11:15:52 [INFO] 成功保存检测结果到: C:\code\show\Scrap_Steel_In_Field\photos\dangerous_det\detection_20260731_111552.jpg
2026-07-31 11:15:52 [INFO] 保存的检测结果文件大小: 2289034 字节
2026-07-31 11:15:52 [INFO] 引擎上下文已释放
2026-07-31 11:15:52 [INFO] TensorRT 引擎已释放
2026-07-31 11:15:52 [INFO] 全局 CUDA 资源已释放
2026-07-31 11:15:52 [INFO] 检测系统资源已释放
2026-07-31 11:15:57 [INFO] CUDA 初始化成功
2026-07-31 11:15:57 [INFO] 引擎加载成功: dangerous.engine
2026-07-31 11:15:57 [INFO] 检测系统初始化成功
2026-07-31 11:15:57 [INFO] 图像预处理完成，原始尺寸: (2160, 3840)
2026-07-31 11:15:57 [INFO] 开始执行目标检测...
2026-07-31 11:15:57 [INFO] 检测完成，找到 3 个物体
2026-07-31 11:15:57 [INFO] 物体 1: GasCyl1 (置信度: 0.61)
2026-07-31 11:15:57 [INFO] 物体 2: FireExt1 (置信度: 0.47)
2026-07-31 11:15:57 [INFO] 物体 3: FireExt1 (置信度: 0.43)
2026-07-31 11:15:57 [INFO] 检测到车兜区域，将过滤区域外的目标
2026-07-31 11:15:57 [INFO] 准备保存检测结果到: C:\code\show\Scrap_Steel_In_Field\photos\dangerous_det\detection_20260731_111557.jpg
2026-07-31 11:15:57 [INFO] 图像形状: (2160, 3840, 3)
2026-07-31 11:15:57 [INFO] 图像数据类型: uint8
2026-07-31 11:15:57 [INFO] 图像最大值: 255
2026-07-31 11:15:57 [INFO] 图像最小值: 0
2026-07-31 11:15:57 [INFO] 开始保存检测结果图像: 图像尺寸=(2160, 3840, 3), 类型=uint8, 路径=C:\code\show\Scrap_Steel_In_Field\photos\dangerous_det\detection_20260731_111557.jpg
2026-07-31 11:15:57 [INFO] 成功保存检测结果到: C:\code\show\Scrap_Steel_In_Field\photos\dangerous_det\detection_20260731_111557.jpg
2026-07-31 11:15:57 [INFO] 保存的检测结果文件大小: 2263675 字节
2026-07-31 11:15:57 [INFO] 引擎上下文已释放
2026-07-31 11:15:57 [INFO] TensorRT 引擎已释放
2026-07-31 11:15:57 [INFO] 全局 CUDA 资源已释放
2026-07-31 11:15:57 [INFO] 检测系统资源已释放
2026-07-31 11:16:03 [INFO] CUDA 初始化成功
2026-07-31 11:16:03 [INFO] 引擎加载成功: dangerous.engine
2026-07-31 11:16:03 [INFO] 检测系统初始化成功
2026-07-31 11:16:03 [INFO] 图像预处理完成，原始尺寸: (2160, 3840)
2026-07-31 11:16:03 [INFO] 开始执行目标检测...
2026-07-31 11:16:03 [INFO] 检测完成，找到 3 个物体
2026-07-31 11:16:03 [INFO] 物体 1: GasCyl1 (置信度: 0.63)
2026-07-31 11:16:03 [INFO] 物体 2: FireExt1 (置信度: 0.45)
2026-07-31 11:16:03 [INFO] 物体 3: FireExt1 (置信度: 0.42)
2026-07-31 11:16:03 [INFO] 检测到车兜区域，将过滤区域外的目标
2026-07-31 11:16:03 [INFO] 准备保存检测结果到: C:\code\show\Scrap_Steel_In_Field\photos\dangerous_det\detection_20260731_111603.jpg
2026-07-31 11:16:03 [INFO] 图像形状: (2160, 3840, 3)
2026-07-31 11:16:03 [INFO] 图像数据类型: uint8
2026-07-31 11:16:03 [INFO] 图像最大值: 255
2026-07-31 11:16:03 [INFO] 图像最小值: 0
2026-07-31 11:16:03 [INFO] 开始保存检测结果图像: 图像尺寸=(2160, 3840, 3), 类型=uint8, 路径=C:\code\show\Scrap_Steel_In_Field\photos\dangerous_det\detection_20260731_111603.jpg
2026-07-31 11:16:03 [INFO] 成功保存检测结果到: C:\code\show\Scrap_Steel_In_Field\photos\dangerous_det\detection_20260731_111603.jpg
2026-07-31 11:16:03 [INFO] 保存的检测结果文件大小: 2289530 字节
2026-07-31 11:16:03 [INFO] 引擎上下文已释放
2026-07-31 11:16:03 [INFO] TensorRT 引擎已释放
2026-07-31 11:16:03 [INFO] 全局 CUDA 资源已释放
2026-07-31 11:16:03 [INFO] 检测系统资源已释放
2026-07-31 11:16:08 [INFO] CUDA 初始化成功
2026-07-31 11:16:08 [INFO] 引擎加载成功: dangerous.engine
2026-07-31 11:16:08 [INFO] 检测系统初始化成功
2026-07-31 11:16:08 [INFO] 图像预处理完成，原始尺寸: (2160, 3840)
2026-07-31 11:16:08 [INFO] 开始执行目标检测...
2026-07-31 11:16:08 [INFO] 检测完成，找到 3 个物体
2026-07-31 11:16:08 [INFO] 物体 1: GasCyl1 (置信度: 0.66)
2026-07-31 11:16:08 [INFO] 物体 2: FireExt1 (置信度: 0.46)
2026-07-31 11:16:08 [INFO] 物体 3: FireExt1 (置信度: 0.44)
2026-07-31 11:16:08 [INFO] 检测到车兜区域，将过滤区域外的目标
2026-07-31 11:16:08 [INFO] 准备保存检测结果到: C:\code\show\Scrap_Steel_In_Field\photos\dangerous_det\detection_20260731_111608.jpg
2026-07-31 11:16:08 [INFO] 图像形状: (2160, 3840, 3)
2026-07-31 11:16:08 [INFO] 图像数据类型: uint8
2026-07-31 11:16:08 [INFO] 图像最大值: 255
2026-07-31 11:16:08 [INFO] 图像最小值: 0
2026-07-31 11:16:08 [INFO] 开始保存检测结果图像: 图像尺寸=(2160, 3840, 3), 类型=uint8, 路径=C:\code\show\Scrap_Steel_In_Field\photos\dangerous_det\detection_20260731_111608.jpg
2026-07-31 11:16:08 [INFO] 成功保存检测结果到: C:\code\show\Scrap_Steel_In_Field\photos\dangerous_det\detection_20260731_111608.jpg
2026-07-31 11:16:08 [INFO] 保存的检测结果文件大小: 2259182 字节
2026-07-31 11:16:08 [INFO] 引擎上下文已释放
2026-07-31 11:16:08 [INFO] TensorRT 引擎已释放
2026-07-31 11:16:08 [INFO] 全局 CUDA 资源已释放
2026-07-31 11:16:08 [INFO] 检测系统资源已释放
2026-07-31 11:16:13 [INFO] CUDA 初始化成功
2026-07-31 11:16:13 [INFO] 引擎加载成功: dangerous.engine
2026-07-31 11:16:13 [INFO] 检测系统初始化成功
2026-07-31 11:16:13 [INFO] 图像预处理完成，原始尺寸: (2160, 3840)
2026-07-31 11:16:13 [INFO] 开始执行目标检测...
2026-07-31 11:16:13 [INFO] 检测完成，找到 3 个物体
2026-07-31 11:16:13 [INFO] 物体 1: GasCyl1 (置信度: 0.66)
2026-07-31 11:16:13 [INFO] 物体 2: FireExt1 (置信度: 0.46)
2026-07-31 11:16:13 [INFO] 物体 3: FireExt1 (置信度: 0.43)
2026-07-31 11:16:13 [INFO] 检测到车兜区域，将过滤区域外的目标
2026-07-31 11:16:13 [INFO] 准备保存检测结果到: C:\code\show\Scrap_Steel_In_Field\photos\dangerous_det\detection_20260731_111613.jpg
2026-07-31 11:16:13 [INFO] 图像形状: (2160, 3840, 3)
2026-07-31 11:16:13 [INFO] 图像数据类型: uint8
2026-07-31 11:16:13 [INFO] 图像最大值: 255
2026-07-31 11:16:13 [INFO] 图像最小值: 0
2026-07-31 11:16:13 [INFO] 开始保存检测结果图像: 图像尺寸=(2160, 3840, 3), 类型=uint8, 路径=C:\code\show\Scrap_Steel_In_Field\photos\dangerous_det\detection_20260731_111613.jpg
2026-07-31 11:16:13 [INFO] 成功保存检测结果到: C:\code\show\Scrap_Steel_In_Field\photos\dangerous_det\detection_20260731_111613.jpg
2026-07-31 11:16:13 [INFO] 保存的检测结果文件大小: 2270776 字节
2026-07-31 11:16:13 [INFO] 引擎上下文已释放
2026-07-31 11:16:13 [INFO] TensorRT 引擎已释放
2026-07-31 11:16:14 [INFO] 全局 CUDA 资源已释放
2026-07-31 11:16:14 [INFO] 检测系统资源已释放
2026-07-31 11:16:18 [INFO] CUDA 初始化成功
2026-07-31 11:16:18 [INFO] 引擎加载成功: dangerous.engine
2026-07-31 11:16:18 [INFO] 检测系统初始化成功
2026-07-31 11:16:18 [INFO] 图像预处理完成，原始尺寸: (2160, 3840)
2026-07-31 11:16:18 [INFO] 开始执行目标检测...
2026-07-31 11:16:19 [INFO] 检测完成，找到 3 个物体
2026-07-31 11:16:19 [INFO] 物体 1: GasCyl1 (置信度: 0.64)
2026-07-31 11:16:19 [INFO] 物体 2: FireExt1 (置信度: 0.47)
2026-07-31 11:16:19 [INFO] 物体 3: FireExt1 (置信度: 0.47)
2026-07-31 11:16:19 [INFO] 检测到车兜区域，将过滤区域外的目标
2026-07-31 11:16:19 [INFO] 准备保存检测结果到: C:\code\show\Scrap_Steel_In_Field\photos\dangerous_det\detection_20260731_111619.jpg
2026-07-31 11:16:19 [INFO] 图像形状: (2160, 3840, 3)
2026-07-31 11:16:19 [INFO] 图像数据类型: uint8
2026-07-31 11:16:19 [INFO] 图像最大值: 255
2026-07-31 11:16:19 [INFO] 图像最小值: 0
2026-07-31 11:16:19 [INFO] 开始保存检测结果图像: 图像尺寸=(2160, 3840, 3), 类型=uint8, 路径=C:\code\show\Scrap_Steel_In_Field\photos\dangerous_det\detection_20260731_111619.jpg
2026-07-31 11:16:19 [INFO] 成功保存检测结果到: C:\code\show\Scrap_Steel_In_Field\photos\dangerous_det\detection_20260731_111619.jpg
2026-07-31 11:16:19 [INFO] 保存的检测结果文件大小: 2250473 字节
2026-07-31 11:16:19 [INFO] 引擎上下文已释放
2026-07-31 11:16:19 [INFO] TensorRT 引擎已释放
2026-07-31 11:16:19 [INFO] 全局 CUDA 资源已释放
2026-07-31 11:16:19 [INFO] 检测系统资源已释放
2026-07-31 11:16:24 [INFO] CUDA 初始化成功
2026-07-31 11:16:24 [INFO] 引擎加载成功: dangerous.engine
2026-07-31 11:16:24 [INFO] 检测系统初始化成功
2026-07-31 11:16:24 [INFO] 图像预处理完成，原始尺寸: (2160, 3840)
2026-07-31 11:16:24 [INFO] 开始执行目标检测...
2026-07-31 11:16:24 [INFO] 检测完成，找到 3 个物体
2026-07-31 11:16:24 [INFO] 物体 1: GasCyl1 (置信度: 0.64)
2026-07-31 11:16:24 [INFO] 物体 2: FireExt1 (置信度: 0.48)
2026-07-31 11:16:24 [INFO] 物体 3: FireExt1 (置信度: 0.46)
2026-07-31 11:16:24 [INFO] 检测到车兜区域，将过滤区域外的目标
2026-07-31 11:16:24 [INFO] 准备保存检测结果到: C:\code\show\Scrap_Steel_In_Field\photos\dangerous_det\detection_20260731_111624.jpg
2026-07-31 11:16:24 [INFO] 图像形状: (2160, 3840, 3)
2026-07-31 11:16:24 [INFO] 图像数据类型: uint8
2026-07-31 11:16:24 [INFO] 图像最大值: 255
2026-07-31 11:16:24 [INFO] 图像最小值: 0
2026-07-31 11:16:24 [INFO] 开始保存检测结果图像: 图像尺寸=(2160, 3840, 3), 类型=uint8, 路径=C:\code\show\Scrap_Steel_In_Field\photos\dangerous_det\detection_20260731_111624.jpg
2026-07-31 11:16:24 [INFO] 成功保存检测结果到: C:\code\show\Scrap_Steel_In_Field\photos\dangerous_det\detection_20260731_111624.jpg
2026-07-31 11:16:24 [INFO] 保存的检测结果文件大小: 2276777 字节
2026-07-31 11:16:24 [INFO] 引擎上下文已释放
2026-07-31 11:16:24 [INFO] TensorRT 引擎已释放
2026-07-31 11:16:24 [INFO] 全局 CUDA 资源已释放
2026-07-31 11:16:24 [INFO] 检测系统资源已释放
2026-07-31 11:16:29 [INFO] CUDA 初始化成功
2026-07-31 11:16:29 [INFO] 引擎加载成功: dangerous.engine
2026-07-31 11:16:29 [INFO] 检测系统初始化成功
2026-07-31 11:16:30 [INFO] 图像预处理完成，原始尺寸: (2160, 3840)
2026-07-31 11:16:30 [INFO] 开始执行目标检测...
2026-07-31 11:16:30 [INFO] 检测完成，找到 3 个物体
2026-07-31 11:16:30 [INFO] 物体 1: GasCyl1 (置信度: 0.66)
2026-07-31 11:16:30 [INFO] 物体 2: FireExt1 (置信度: 0.46)
2026-07-31 11:16:30 [INFO] 物体 3: FireExt1 (置信度: 0.46)
2026-07-31 11:16:30 [INFO] 检测到车兜区域，将过滤区域外的目标
2026-07-31 11:16:30 [INFO] 准备保存检测结果到: C:\code\show\Scrap_Steel_In_Field\photos\dangerous_det\detection_20260731_111630.jpg
2026-07-31 11:16:30 [INFO] 图像形状: (2160, 3840, 3)
2026-07-31 11:16:30 [INFO] 图像数据类型: uint8
2026-07-31 11:16:30 [INFO] 图像最大值: 255
2026-07-31 11:16:30 [INFO] 图像最小值: 0
2026-07-31 11:16:30 [INFO] 开始保存检测结果图像: 图像尺寸=(2160, 3840, 3), 类型=uint8, 路径=C:\code\show\Scrap_Steel_In_Field\photos\dangerous_det\detection_20260731_111630.jpg
2026-07-31 11:16:30 [INFO] 成功保存检测结果到: C:\code\show\Scrap_Steel_In_Field\photos\dangerous_det\detection_20260731_111630.jpg
2026-07-31 11:16:30 [INFO] 保存的检测结果文件大小: 2286266 字节
2026-07-31 11:16:30 [INFO] 引擎上下文已释放
2026-07-31 11:16:30 [INFO] TensorRT 引擎已释放
2026-07-31 11:16:30 [INFO] 全局 CUDA 资源已释放
2026-07-31 11:16:30 [INFO] 检测系统资源已释放
2026-07-31 11:16:34 [INFO] CUDA 初始化成功
2026-07-31 11:16:34 [INFO] 引擎加载成功: dangerous.engine
2026-07-31 11:16:34 [INFO] 检测系统初始化成功
2026-07-31 11:16:34 [INFO] 图像预处理完成，原始尺寸: (2160, 3840)
2026-07-31 11:16:34 [INFO] 开始执行目标检测...
2026-07-31 11:16:34 [INFO] 检测完成，找到 3 个物体
2026-07-31 11:16:34 [INFO] 物体 1: GasCyl1 (置信度: 0.66)
2026-07-31 11:16:34 [INFO] 物体 2: FireExt1 (置信度: 0.46)
2026-07-31 11:16:34 [INFO] 物体 3: FireExt1 (置信度: 0.46)
2026-07-31 11:16:34 [INFO] 检测到车兜区域，将过滤区域外的目标
2026-07-31 11:16:34 [INFO] 准备保存检测结果到: C:\code\show\Scrap_Steel_In_Field\photos\dangerous_det\detection_20260731_111634.jpg
2026-07-31 11:16:34 [INFO] 图像形状: (2160, 3840, 3)
2026-07-31 11:16:34 [INFO] 图像数据类型: uint8
2026-07-31 11:16:34 [INFO] 图像最大值: 255
2026-07-31 11:16:34 [INFO] 图像最小值: 0
2026-07-31 11:16:34 [INFO] 开始保存检测结果图像: 图像尺寸=(2160, 3840, 3), 类型=uint8, 路径=C:\code\show\Scrap_Steel_In_Field\photos\dangerous_det\detection_20260731_111634.jpg
2026-07-31 11:16:34 [INFO] 成功保存检测结果到: C:\code\show\Scrap_Steel_In_Field\photos\dangerous_det\detection_20260731_111634.jpg
2026-07-31 11:16:34 [INFO] 保存的检测结果文件大小: 2293547 字节
2026-07-31 11:16:34 [INFO] 引擎上下文已释放
2026-07-31 11:16:34 [INFO] TensorRT 引擎已释放
2026-07-31 11:16:34 [INFO] 全局 CUDA 资源已释放
2026-07-31 11:16:34 [INFO] 检测系统资源已释放
2026-07-31 11:16:39 [INFO] CUDA 初始化成功
2026-07-31 11:16:39 [INFO] 引擎加载成功: dangerous.engine
2026-07-31 11:16:39 [INFO] 检测系统初始化成功
2026-07-31 11:16:39 [INFO] 图像预处理完成，原始尺寸: (2160, 3840)
2026-07-31 11:16:39 [INFO] 开始执行目标检测...
2026-07-31 11:16:40 [INFO] 检测完成，找到 3 个物体
2026-07-31 11:16:40 [INFO] 物体 1: GasCyl1 (置信度: 0.64)
2026-07-31 11:16:40 [INFO] 物体 2: FireExt1 (置信度: 0.47)
2026-07-31 11:16:40 [INFO] 物体 3: FireExt1 (置信度: 0.47)
2026-07-31 11:16:40 [INFO] 检测到车兜区域，将过滤区域外的目标
2026-07-31 11:16:40 [INFO] 准备保存检测结果到: C:\code\show\Scrap_Steel_In_Field\photos\dangerous_det\detection_20260731_111640.jpg
2026-07-31 11:16:40 [INFO] 图像形状: (2160, 3840, 3)
2026-07-31 11:16:40 [INFO] 图像数据类型: uint8
2026-07-31 11:16:40 [INFO] 图像最大值: 255
2026-07-31 11:16:40 [INFO] 图像最小值: 0
2026-07-31 11:16:40 [INFO] 开始保存检测结果图像: 图像尺寸=(2160, 3840, 3), 类型=uint8, 路径=C:\code\show\Scrap_Steel_In_Field\photos\dangerous_det\detection_20260731_111640.jpg
2026-07-31 11:16:40 [INFO] 成功保存检测结果到: C:\code\show\Scrap_Steel_In_Field\photos\dangerous_det\detection_20260731_111640.jpg
2026-07-31 11:16:40 [INFO] 保存的检测结果文件大小: 2271257 字节
2026-07-31 11:16:40 [INFO] 引擎上下文已释放
2026-07-31 11:16:40 [INFO] TensorRT 引擎已释放
2026-07-31 11:16:40 [INFO] 全局 CUDA 资源已释放
2026-07-31 11:16:40 [INFO] 检测系统资源已释放
2026-07-31 11:16:45 [INFO] CUDA 初始化成功
2026-07-31 11:16:45 [INFO] 引擎加载成功: dangerous.engine
2026-07-31 11:16:45 [INFO] 检测系统初始化成功
2026-07-31 11:16:45 [INFO] 图像预处理完成，原始尺寸: (2160, 3840)
2026-07-31 11:16:45 [INFO] 开始执行目标检测...
2026-07-31 11:16:45 [INFO] 检测完成，找到 3 个物体
2026-07-31 11:16:45 [INFO] 物体 1: GasCyl1 (置信度: 0.69)
2026-07-31 11:16:45 [INFO] 物体 2: FireExt1 (置信度: 0.45)
2026-07-31 11:16:45 [INFO] 物体 3: FireExt1 (置信度: 0.44)
2026-07-31 11:16:45 [INFO] 检测到车兜区域，将过滤区域外的目标
2026-07-31 11:16:45 [INFO] 准备保存检测结果到: C:\code\show\Scrap_Steel_In_Field\photos\dangerous_det\detection_20260731_111645.jpg
2026-07-31 11:16:45 [INFO] 图像形状: (2160, 3840, 3)
2026-07-31 11:16:45 [INFO] 图像数据类型: uint8
2026-07-31 11:16:45 [INFO] 图像最大值: 255
2026-07-31 11:16:45 [INFO] 图像最小值: 0
2026-07-31 11:16:45 [INFO] 开始保存检测结果图像: 图像尺寸=(2160, 3840, 3), 类型=uint8, 路径=C:\code\show\Scrap_Steel_In_Field\photos\dangerous_det\detection_20260731_111645.jpg
2026-07-31 11:16:45 [INFO] 成功保存检测结果到: C:\code\show\Scrap_Steel_In_Field\photos\dangerous_det\detection_20260731_111645.jpg
2026-07-31 11:16:45 [INFO] 保存的检测结果文件大小: 2291212 字节
2026-07-31 11:16:45 [INFO] 引擎上下文已释放
2026-07-31 11:16:45 [INFO] TensorRT 引擎已释放
2026-07-31 11:16:45 [INFO] 全局 CUDA 资源已释放
2026-07-31 11:16:45 [INFO] 检测系统资源已释放
2026-07-31 11:16:50 [INFO] CUDA 初始化成功
2026-07-31 11:16:50 [INFO] 引擎加载成功: dangerous.engine
2026-07-31 11:16:50 [INFO] 检测系统初始化成功
2026-07-31 11:16:50 [INFO] 图像预处理完成，原始尺寸: (2160, 3840)
2026-07-31 11:16:50 [INFO] 开始执行目标检测...
2026-07-31 11:16:50 [INFO] 检测完成，找到 3 个物体
2026-07-31 11:16:50 [INFO] 物体 1: GasCyl1 (置信度: 0.60)
2026-07-31 11:16:50 [INFO] 物体 2: FireExt1 (置信度: 0.47)
2026-07-31 11:16:50 [INFO] 物体 3: FireExt1 (置信度: 0.45)
2026-07-31 11:16:50 [INFO] 检测到车兜区域，将过滤区域外的目标
2026-07-31 11:16:50 [INFO] 准备保存检测结果到: C:\code\show\Scrap_Steel_In_Field\photos\dangerous_det\detection_20260731_111650.jpg
2026-07-31 11:16:50 [INFO] 图像形状: (2160, 3840, 3)
2026-07-31 11:16:50 [INFO] 图像数据类型: uint8
2026-07-31 11:16:50 [INFO] 图像最大值: 255
2026-07-31 11:16:50 [INFO] 图像最小值: 0
2026-07-31 11:16:50 [INFO] 开始保存检测结果图像: 图像尺寸=(2160, 3840, 3), 类型=uint8, 路径=C:\code\show\Scrap_Steel_In_Field\photos\dangerous_det\detection_20260731_111650.jpg
2026-07-31 11:16:50 [INFO] 成功保存检测结果到: C:\code\show\Scrap_Steel_In_Field\photos\dangerous_det\detection_20260731_111650.jpg
2026-07-31 11:16:50 [INFO] 保存的检测结果文件大小: 2288937 字节
2026-07-31 11:16:50 [INFO] 引擎上下文已释放
2026-07-31 11:16:50 [INFO] TensorRT 引擎已释放
2026-07-31 11:16:50 [INFO] 全局 CUDA 资源已释放
2026-07-31 11:16:50 [INFO] 检测系统资源已释放
2026-07-31 11:16:55 [INFO] CUDA 初始化成功
2026-07-31 11:16:55 [INFO] 引擎加载成功: dangerous.engine
2026-07-31 11:16:55 [INFO] 检测系统初始化成功
2026-07-31 11:16:55 [INFO] 图像预处理完成，原始尺寸: (2160, 3840)
2026-07-31 11:16:55 [INFO] 开始执行目标检测...
2026-07-31 11:16:55 [INFO] 检测完成，找到 3 个物体
2026-07-31 11:16:55 [INFO] 物体 1: GasCyl1 (置信度: 0.60)
2026-07-31 11:16:55 [INFO] 物体 2: FireExt1 (置信度: 0.46)
2026-07-31 11:16:55 [INFO] 物体 3: FireExt1 (置信度: 0.44)
2026-07-31 11:16:55 [INFO] 检测到车兜区域，将过滤区域外的目标
2026-07-31 11:16:55 [INFO] 准备保存检测结果到: C:\code\show\Scrap_Steel_In_Field\photos\dangerous_det\detection_20260731_111655.jpg
2026-07-31 11:16:55 [INFO] 图像形状: (2160, 3840, 3)
2026-07-31 11:16:55 [INFO] 图像数据类型: uint8
2026-07-31 11:16:55 [INFO] 图像最大值: 255
2026-07-31 11:16:55 [INFO] 图像最小值: 0
2026-07-31 11:16:55 [INFO] 开始保存检测结果图像: 图像尺寸=(2160, 3840, 3), 类型=uint8, 路径=C:\code\show\Scrap_Steel_In_Field\photos\dangerous_det\detection_20260731_111655.jpg
2026-07-31 11:16:55 [INFO] 成功保存检测结果到: C:\code\show\Scrap_Steel_In_Field\photos\dangerous_det\detection_20260731_111655.jpg
2026-07-31 11:16:55 [INFO] 保存的检测结果文件大小: 2286913 字节
2026-07-31 11:16:55 [INFO] 引擎上下文已释放
2026-07-31 11:16:55 [INFO] TensorRT 引擎已释放
2026-07-31 11:16:55 [INFO] 全局 CUDA 资源已释放
2026-07-31 11:16:55 [INFO] 检测系统资源已释放
2026-07-31 11:17:00 [INFO] CUDA 初始化成功
2026-07-31 11:17:00 [INFO] 引擎加载成功: dangerous.engine
2026-07-31 11:17:00 [INFO] 检测系统初始化成功
2026-07-31 11:17:00 [INFO] 图像预处理完成，原始尺寸: (2160, 3840)
2026-07-31 11:17:00 [INFO] 开始执行目标检测...
2026-07-31 11:17:01 [INFO] 检测完成，找到 3 个物体
2026-07-31 11:17:01 [INFO] 物体 1: GasCyl1 (置信度: 0.66)
2026-07-31 11:17:01 [INFO] 物体 2: FireExt1 (置信度: 0.46)
2026-07-31 11:17:01 [INFO] 物体 3: FireExt1 (置信度: 0.43)
2026-07-31 11:17:01 [INFO] 检测到车兜区域，将过滤区域外的目标
2026-07-31 11:17:01 [INFO] 准备保存检测结果到: C:\code\show\Scrap_Steel_In_Field\photos\dangerous_det\detection_20260731_111701.jpg
2026-07-31 11:17:01 [INFO] 图像形状: (2160, 3840, 3)
2026-07-31 11:17:01 [INFO] 图像数据类型: uint8
2026-07-31 11:17:01 [INFO] 图像最大值: 255
2026-07-31 11:17:01 [INFO] 图像最小值: 0
2026-07-31 11:17:01 [INFO] 开始保存检测结果图像: 图像尺寸=(2160, 3840, 3), 类型=uint8, 路径=C:\code\show\Scrap_Steel_In_Field\photos\dangerous_det\detection_20260731_111701.jpg
2026-07-31 11:17:01 [INFO] 成功保存检测结果到: C:\code\show\Scrap_Steel_In_Field\photos\dangerous_det\detection_20260731_111701.jpg
2026-07-31 11:17:01 [INFO] 保存的检测结果文件大小: 2286375 字节
2026-07-31 11:17:01 [INFO] 引擎上下文已释放
2026-07-31 11:17:01 [INFO] TensorRT 引擎已释放
2026-07-31 11:17:01 [INFO] 全局 CUDA 资源已释放
2026-07-31 11:17:01 [INFO] 检测系统资源已释放
2026-07-31 11:17:06 [INFO] CUDA 初始化成功
2026-07-31 11:17:06 [INFO] 引擎加载成功: dangerous.engine
2026-07-31 11:17:06 [INFO] 检测系统初始化成功
2026-07-31 11:17:06 [INFO] 图像预处理完成，原始尺寸: (2160, 3840)
2026-07-31 11:17:06 [INFO] 开始执行目标检测...
2026-07-31 11:17:06 [INFO] 检测完成，找到 3 个物体
2026-07-31 11:17:06 [INFO] 物体 1: GasCyl1 (置信度: 0.66)
2026-07-31 11:17:06 [INFO] 物体 2: FireExt1 (置信度: 0.45)
2026-07-31 11:17:06 [INFO] 物体 3: FireExt1 (置信度: 0.44)
2026-07-31 11:17:06 [INFO] 检测到车兜区域，将过滤区域外的目标
2026-07-31 11:17:06 [INFO] 准备保存检测结果到: C:\code\show\Scrap_Steel_In_Field\photos\dangerous_det\detection_20260731_111706.jpg
2026-07-31 11:17:06 [INFO] 图像形状: (2160, 3840, 3)
2026-07-31 11:17:06 [INFO] 图像数据类型: uint8
2026-07-31 11:17:06 [INFO] 图像最大值: 255
2026-07-31 11:17:06 [INFO] 图像最小值: 0
2026-07-31 11:17:06 [INFO] 开始保存检测结果图像: 图像尺寸=(2160, 3840, 3), 类型=uint8, 路径=C:\code\show\Scrap_Steel_In_Field\photos\dangerous_det\detection_20260731_111706.jpg
2026-07-31 11:17:06 [INFO] 成功保存检测结果到: C:\code\show\Scrap_Steel_In_Field\photos\dangerous_det\detection_20260731_111706.jpg
2026-07-31 11:17:06 [INFO] 保存的检测结果文件大小: 2288036 字节
2026-07-31 11:17:06 [INFO] 引擎上下文已释放
2026-07-31 11:17:06 [INFO] TensorRT 引擎已释放
2026-07-31 11:17:06 [INFO] 全局 CUDA 资源已释放
2026-07-31 11:17:06 [INFO] 检测系统资源已释放
2026-07-31 11:17:11 [INFO] CUDA 初始化成功
2026-07-31 11:17:11 [INFO] 引擎加载成功: dangerous.engine
2026-07-31 11:17:11 [INFO] 检测系统初始化成功
2026-07-31 11:17:11 [INFO] 图像预处理完成，原始尺寸: (2160, 3840)
2026-07-31 11:17:11 [INFO] 开始执行目标检测...
2026-07-31 11:17:11 [INFO] 检测完成，找到 3 个物体
2026-07-31 11:17:11 [INFO] 物体 1: GasCyl1 (置信度: 0.64)
2026-07-31 11:17:11 [INFO] 物体 2: FireExt1 (置信度: 0.48)
2026-07-31 11:17:11 [INFO] 物体 3: FireExt1 (置信度: 0.46)
2026-07-31 11:17:11 [INFO] 检测到车兜区域，将过滤区域外的目标
2026-07-31 11:17:11 [INFO] 准备保存检测结果到: C:\code\show\Scrap_Steel_In_Field\photos\dangerous_det\detection_20260731_111711.jpg
2026-07-31 11:17:11 [INFO] 图像形状: (2160, 3840, 3)
2026-07-31 11:17:11 [INFO] 图像数据类型: uint8
2026-07-31 11:17:11 [INFO] 图像最大值: 255
2026-07-31 11:17:11 [INFO] 图像最小值: 0
2026-07-31 11:17:11 [INFO] 开始保存检测结果图像: 图像尺寸=(2160, 3840, 3), 类型=uint8, 路径=C:\code\show\Scrap_Steel_In_Field\photos\dangerous_det\detection_20260731_111711.jpg
2026-07-31 11:17:11 [INFO] 成功保存检测结果到: C:\code\show\Scrap_Steel_In_Field\photos\dangerous_det\detection_20260731_111711.jpg
2026-07-31 11:17:11 [INFO] 保存的检测结果文件大小: 2288066 字节
2026-07-31 11:17:11 [INFO] 引擎上下文已释放
2026-07-31 11:17:11 [INFO] TensorRT 引擎已释放
2026-07-31 11:17:11 [INFO] 全局 CUDA 资源已释放
2026-07-31 11:17:11 [INFO] 检测系统资源已释放
2026-07-31 11:17:16 [INFO] CUDA 初始化成功
2026-07-31 11:17:16 [INFO] 引擎加载成功: dangerous.engine
2026-07-31 11:17:16 [INFO] 检测系统初始化成功
2026-07-31 11:17:16 [INFO] 图像预处理完成，原始尺寸: (2160, 3840)
2026-07-31 11:17:16 [INFO] 开始执行目标检测...
2026-07-31 11:17:16 [INFO] 检测完成，找到 3 个物体
2026-07-31 11:17:16 [INFO] 物体 1: GasCyl1 (置信度: 0.54)
2026-07-31 11:17:16 [INFO] 物体 2: FireExt1 (置信度: 0.46)
2026-07-31 11:17:16 [INFO] 物体 3: FireExt1 (置信度: 0.46)
2026-07-31 11:17:16 [INFO] 检测到车兜区域，将过滤区域外的目标
2026-07-31 11:17:16 [INFO] 准备保存检测结果到: C:\code\show\Scrap_Steel_In_Field\photos\dangerous_det\detection_20260731_111716.jpg
2026-07-31 11:17:16 [INFO] 图像形状: (2160, 3840, 3)
2026-07-31 11:17:16 [INFO] 图像数据类型: uint8
2026-07-31 11:17:16 [INFO] 图像最大值: 255
2026-07-31 11:17:16 [INFO] 图像最小值: 0
2026-07-31 11:17:16 [INFO] 开始保存检测结果图像: 图像尺寸=(2160, 3840, 3), 类型=uint8, 路径=C:\code\show\Scrap_Steel_In_Field\photos\dangerous_det\detection_20260731_111716.jpg
2026-07-31 11:17:16 [INFO] 成功保存检测结果到: C:\code\show\Scrap_Steel_In_Field\photos\dangerous_det\detection_20260731_111716.jpg
2026-07-31 11:17:16 [INFO] 保存的检测结果文件大小: 2288491 字节
2026-07-31 11:17:16 [INFO] 引擎上下文已释放
2026-07-31 11:17:16 [INFO] TensorRT 引擎已释放
2026-07-31 11:17:16 [INFO] 全局 CUDA 资源已释放
2026-07-31 11:17:16 [INFO] 检测系统资源已释放
2026-07-31 11:17:21 [INFO] CUDA 初始化成功
2026-07-31 11:17:21 [INFO] 引擎加载成功: dangerous.engine
2026-07-31 11:17:21 [INFO] 检测系统初始化成功
2026-07-31 11:17:21 [INFO] 图像预处理完成，原始尺寸: (2160, 3840)
2026-07-31 11:17:21 [INFO] 开始执行目标检测...
2026-07-31 11:17:21 [INFO] 检测完成，找到 3 个物体
2026-07-31 11:17:21 [INFO] 物体 1: GasCyl1 (置信度: 0.65)
2026-07-31 11:17:21 [INFO] 物体 2: FireExt1 (置信度: 0.44)
2026-07-31 11:17:21 [INFO] 物体 3: FireExt1 (置信度: 0.43)
2026-07-31 11:17:21 [INFO] 检测到车兜区域，将过滤区域外的目标
2026-07-31 11:17:21 [INFO] 准备保存检测结果到: C:\code\show\Scrap_Steel_In_Field\photos\dangerous_det\detection_20260731_111721.jpg
2026-07-31 11:17:21 [INFO] 图像形状: (2160, 3840, 3)
2026-07-31 11:17:21 [INFO] 图像数据类型: uint8
2026-07-31 11:17:21 [INFO] 图像最大值: 255
2026-07-31 11:17:22 [INFO] 图像最小值: 0
2026-07-31 11:17:22 [INFO] 开始保存检测结果图像: 图像尺寸=(2160, 3840, 3), 类型=uint8, 路径=C:\code\show\Scrap_Steel_In_Field\photos\dangerous_det\detection_20260731_111721.jpg
2026-07-31 11:17:22 [INFO] 成功保存检测结果到: C:\code\show\Scrap_Steel_In_Field\photos\dangerous_det\detection_20260731_111721.jpg
2026-07-31 11:17:22 [INFO] 保存的检测结果文件大小: 2291626 字节
2026-07-31 11:17:22 [INFO] 引擎上下文已释放
2026-07-31 11:17:22 [INFO] TensorRT 引擎已释放
2026-07-31 11:17:22 [INFO] 全局 CUDA 资源已释放
2026-07-31 11:17:22 [INFO] 检测系统资源已释放
2026-07-31 11:17:26 [INFO] CUDA 初始化成功
2026-07-31 11:17:27 [INFO] 引擎加载成功: dangerous.engine
2026-07-31 11:17:27 [INFO] 检测系统初始化成功
2026-07-31 11:17:27 [INFO] 图像预处理完成，原始尺寸: (2160, 3840)
2026-07-31 11:17:27 [INFO] 开始执行目标检测...
2026-07-31 11:17:27 [INFO] 检测完成，找到 3 个物体
2026-07-31 11:17:27 [INFO] 物体 1: GasCyl1 (置信度: 0.66)
2026-07-31 11:17:27 [INFO] 物体 2: FireExt1 (置信度: 0.46)
2026-07-31 11:17:27 [INFO] 物体 3: FireExt1 (置信度: 0.43)
2026-07-31 11:17:27 [INFO] 检测到车兜区域，将过滤区域外的目标
2026-07-31 11:17:27 [INFO] 准备保存检测结果到: C:\code\show\Scrap_Steel_In_Field\photos\dangerous_det\detection_20260731_111727.jpg
2026-07-31 11:17:27 [INFO] 图像形状: (2160, 3840, 3)
2026-07-31 11:17:27 [INFO] 图像数据类型: uint8
2026-07-31 11:17:27 [INFO] 图像最大值: 255
2026-07-31 11:17:27 [INFO] 图像最小值: 0
2026-07-31 11:17:27 [INFO] 开始保存检测结果图像: 图像尺寸=(2160, 3840, 3), 类型=uint8, 路径=C:\code\show\Scrap_Steel_In_Field\photos\dangerous_det\detection_20260731_111727.jpg
2026-07-31 11:17:27 [INFO] 成功保存检测结果到: C:\code\show\Scrap_Steel_In_Field\photos\dangerous_det\detection_20260731_111727.jpg
2026-07-31 11:17:27 [INFO] 保存的检测结果文件大小: 2291601 字节
2026-07-31 11:17:27 [INFO] 引擎上下文已释放
2026-07-31 11:17:27 [INFO] TensorRT 引擎已释放
2026-07-31 11:17:27 [INFO] 全局 CUDA 资源已释放
2026-07-31 11:17:27 [INFO] 检测系统资源已释放
2026-07-31 11:17:32 [INFO] CUDA 初始化成功
2026-07-31 11:17:32 [INFO] 引擎加载成功: dangerous.engine
2026-07-31 11:17:32 [INFO] 检测系统初始化成功
2026-07-31 11:17:32 [INFO] 图像预处理完成，原始尺寸: (2160, 3840)
2026-07-31 11:17:32 [INFO] 开始执行目标检测...
2026-07-31 11:17:32 [INFO] 检测完成，找到 4 个物体
2026-07-31 11:17:32 [INFO] 物体 1: GasCyl1 (置信度: 0.65)
2026-07-31 11:17:32 [INFO] 物体 2: FireExt1 (置信度: 0.47)
2026-07-31 11:17:32 [INFO] 物体 3: FireExt1 (置信度: 0.45)
2026-07-31 11:17:32 [INFO] 物体 4: FireExt1 (置信度: 0.36)
2026-07-31 11:17:32 [INFO] 检测到车兜区域，将过滤区域外的目标
2026-07-31 11:17:32 [INFO] 准备保存检测结果到: C:\code\show\Scrap_Steel_In_Field\photos\dangerous_det\detection_20260731_111732.jpg
2026-07-31 11:17:32 [INFO] 图像形状: (2160, 3840, 3)
2026-07-31 11:17:32 [INFO] 图像数据类型: uint8
2026-07-31 11:17:32 [INFO] 图像最大值: 255
2026-07-31 11:17:32 [INFO] 图像最小值: 0
2026-07-31 11:17:32 [INFO] 开始保存检测结果图像: 图像尺寸=(2160, 3840, 3), 类型=uint8, 路径=C:\code\show\Scrap_Steel_In_Field\photos\dangerous_det\detection_20260731_111732.jpg
2026-07-31 11:17:32 [INFO] 成功保存检测结果到: C:\code\show\Scrap_Steel_In_Field\photos\dangerous_det\detection_20260731_111732.jpg
2026-07-31 11:17:32 [INFO] 保存的检测结果文件大小: 2294834 字节
2026-07-31 11:17:32 [INFO] 引擎上下文已释放
2026-07-31 11:17:32 [INFO] TensorRT 引擎已释放
2026-07-31 11:17:32 [INFO] 全局 CUDA 资源已释放
2026-07-31 11:17:32 [INFO] 检测系统资源已释放
2026-07-31 11:17:37 [INFO] CUDA 初始化成功
2026-07-31 11:17:37 [INFO] 引擎加载成功: dangerous.engine
2026-07-31 11:17:37 [INFO] 检测系统初始化成功
2026-07-31 11:17:37 [INFO] 图像预处理完成，原始尺寸: (2160, 3840)
2026-07-31 11:17:37 [INFO] 开始执行目标检测...
2026-07-31 11:17:37 [INFO] 检测完成，找到 3 个物体
2026-07-31 11:17:37 [INFO] 物体 1: GasCyl1 (置信度: 0.64)
2026-07-31 11:17:37 [INFO] 物体 2: FireExt1 (置信度: 0.46)
2026-07-31 11:17:37 [INFO] 物体 3: FireExt1 (置信度: 0.43)
2026-07-31 11:17:37 [INFO] 检测到车兜区域，将过滤区域外的目标
2026-07-31 11:17:37 [INFO] 准备保存检测结果到: C:\code\show\Scrap_Steel_In_Field\photos\dangerous_det\detection_20260731_111737.jpg
2026-07-31 11:17:37 [INFO] 图像形状: (2160, 3840, 3)
2026-07-31 11:17:37 [INFO] 图像数据类型: uint8
2026-07-31 11:17:37 [INFO] 图像最大值: 255
2026-07-31 11:17:37 [INFO] 图像最小值: 0
2026-07-31 11:17:37 [INFO] 开始保存检测结果图像: 图像尺寸=(2160, 3840, 3), 类型=uint8, 路径=C:\code\show\Scrap_Steel_In_Field\photos\dangerous_det\detection_20260731_111737.jpg
2026-07-31 11:17:37 [INFO] 成功保存检测结果到: C:\code\show\Scrap_Steel_In_Field\photos\dangerous_det\detection_20260731_111737.jpg
2026-07-31 11:17:37 [INFO] 保存的检测结果文件大小: 2290046 字节
2026-07-31 11:17:37 [INFO] 引擎上下文已释放
2026-07-31 11:17:37 [INFO] TensorRT 引擎已释放
2026-07-31 11:17:37 [INFO] 全局 CUDA 资源已释放
2026-07-31 11:17:37 [INFO] 检测系统资源已释放
2026-07-31 11:17:42 [INFO] CUDA 初始化成功
2026-07-31 11:17:42 [INFO] 引擎加载成功: dangerous.engine
2026-07-31 11:17:42 [INFO] 检测系统初始化成功
2026-07-31 11:17:42 [INFO] 图像预处理完成，原始尺寸: (2160, 3840)
2026-07-31 11:17:42 [INFO] 开始执行目标检测...
2026-07-31 11:17:42 [INFO] 检测完成，找到 3 个物体
2026-07-31 11:17:42 [INFO] 物体 1: GasCyl1 (置信度: 0.68)
2026-07-31 11:17:42 [INFO] 物体 2: FireExt1 (置信度: 0.48)
2026-07-31 11:17:42 [INFO] 物体 3: FireExt1 (置信度: 0.45)
2026-07-31 11:17:42 [INFO] 检测到车兜区域，将过滤区域外的目标
2026-07-31 11:17:42 [INFO] 准备保存检测结果到: C:\code\show\Scrap_Steel_In_Field\photos\dangerous_det\detection_20260731_111742.jpg
2026-07-31 11:17:42 [INFO] 图像形状: (2160, 3840, 3)
2026-07-31 11:17:42 [INFO] 图像数据类型: uint8
2026-07-31 11:17:43 [INFO] 图像最大值: 255
2026-07-31 11:17:43 [INFO] 图像最小值: 0
2026-07-31 11:17:43 [INFO] 开始保存检测结果图像: 图像尺寸=(2160, 3840, 3), 类型=uint8, 路径=C:\code\show\Scrap_Steel_In_Field\photos\dangerous_det\detection_20260731_111742.jpg
2026-07-31 11:17:43 [INFO] 成功保存检测结果到: C:\code\show\Scrap_Steel_In_Field\photos\dangerous_det\detection_20260731_111742.jpg
2026-07-31 11:17:43 [INFO] 保存的检测结果文件大小: 2287578 字节
2026-07-31 11:17:43 [INFO] 引擎上下文已释放
2026-07-31 11:17:43 [INFO] TensorRT 引擎已释放
2026-07-31 11:17:43 [INFO] 全局 CUDA 资源已释放
2026-07-31 11:17:43 [INFO] 检测系统资源已释放
2026-07-31 11:17:48 [INFO] CUDA 初始化成功
2026-07-31 11:17:48 [INFO] 引擎加载成功: dangerous.engine
2026-07-31 11:17:48 [INFO] 检测系统初始化成功
2026-07-31 11:17:48 [INFO] 图像预处理完成，原始尺寸: (2160, 3840)
2026-07-31 11:17:48 [INFO] 开始执行目标检测...
2026-07-31 11:17:48 [INFO] 检测完成，找到 3 个物体
2026-07-31 11:17:48 [INFO] 物体 1: GasCyl1 (置信度: 0.67)
2026-07-31 11:17:48 [INFO] 物体 2: FireExt1 (置信度: 0.47)
2026-07-31 11:17:48 [INFO] 物体 3: FireExt1 (置信度: 0.46)
2026-07-31 11:17:48 [INFO] 检测到车兜区域，将过滤区域外的目标
2026-07-31 11:17:48 [INFO] 准备保存检测结果到: C:\code\show\Scrap_Steel_In_Field\photos\dangerous_det\detection_20260731_111748.jpg
2026-07-31 11:17:48 [INFO] 图像形状: (2160, 3840, 3)
2026-07-31 11:17:48 [INFO] 图像数据类型: uint8
2026-07-31 11:17:48 [INFO] 图像最大值: 255
2026-07-31 11:17:48 [INFO] 图像最小值: 0
2026-07-31 11:17:48 [INFO] 开始保存检测结果图像: 图像尺寸=(2160, 3840, 3), 类型=uint8, 路径=C:\code\show\Scrap_Steel_In_Field\photos\dangerous_det\detection_20260731_111748.jpg
2026-07-31 11:17:48 [INFO] 成功保存检测结果到: C:\code\show\Scrap_Steel_In_Field\photos\dangerous_det\detection_20260731_111748.jpg
2026-07-31 11:17:48 [INFO] 保存的检测结果文件大小: 2286668 字节
2026-07-31 11:17:48 [INFO] 引擎上下文已释放
2026-07-31 11:17:48 [INFO] TensorRT 引擎已释放
2026-07-31 11:17:48 [INFO] 全局 CUDA 资源已释放
2026-07-31 11:17:48 [INFO] 检测系统资源已释放
2026-07-31 11:17:53 [INFO] CUDA 初始化成功
2026-07-31 11:17:53 [INFO] 引擎加载成功: dangerous.engine
2026-07-31 11:17:53 [INFO] 检测系统初始化成功
2026-07-31 11:17:53 [INFO] 图像预处理完成，原始尺寸: (2160, 3840)
2026-07-31 11:17:53 [INFO] 开始执行目标检测...
2026-07-31 11:17:53 [INFO] 检测完成，找到 3 个物体
2026-07-31 11:17:53 [INFO] 物体 1: GasCyl1 (置信度: 0.60)
2026-07-31 11:17:53 [INFO] 物体 2: FireExt1 (置信度: 0.46)
2026-07-31 11:17:53 [INFO] 物体 3: FireExt1 (置信度: 0.46)
2026-07-31 11:17:53 [INFO] 检测到车兜区域，将过滤区域外的目标
2026-07-31 11:17:53 [INFO] 准备保存检测结果到: C:\code\show\Scrap_Steel_In_Field\photos\dangerous_det\detection_20260731_111753.jpg
2026-07-31 11:17:53 [INFO] 图像形状: (2160, 3840, 3)
2026-07-31 11:17:53 [INFO] 图像数据类型: uint8
2026-07-31 11:17:53 [INFO] 图像最大值: 255
2026-07-31 11:17:53 [INFO] 图像最小值: 0
2026-07-31 11:17:53 [INFO] 开始保存检测结果图像: 图像尺寸=(2160, 3840, 3), 类型=uint8, 路径=C:\code\show\Scrap_Steel_In_Field\photos\dangerous_det\detection_20260731_111753.jpg
2026-07-31 11:17:53 [INFO] 成功保存检测结果到: C:\code\show\Scrap_Steel_In_Field\photos\dangerous_det\detection_20260731_111753.jpg
2026-07-31 11:17:53 [INFO] 保存的检测结果文件大小: 2288067 字节
2026-07-31 11:17:53 [INFO] 引擎上下文已释放
2026-07-31 11:17:53 [INFO] TensorRT 引擎已释放
2026-07-31 11:17:53 [INFO] 全局 CUDA 资源已释放
2026-07-31 11:17:53 [INFO] 检测系统资源已释放
2026-07-31 11:17:58 [INFO] CUDA 初始化成功
2026-07-31 11:17:58 [INFO] 引擎加载成功: dangerous.engine
2026-07-31 11:17:58 [INFO] 检测系统初始化成功
2026-07-31 11:17:58 [INFO] 图像预处理完成，原始尺寸: (2160, 3840)
2026-07-31 11:17:58 [INFO] 开始执行目标检测...
2026-07-31 11:17:58 [INFO] 检测完成，找到 3 个物体
2026-07-31 11:17:58 [INFO] 物体 1: GasCyl1 (置信度: 0.58)
2026-07-31 11:17:58 [INFO] 物体 2: FireExt1 (置信度: 0.47)
2026-07-31 11:17:58 [INFO] 物体 3: FireExt1 (置信度: 0.44)
2026-07-31 11:17:58 [INFO] 检测到车兜区域，将过滤区域外的目标
2026-07-31 11:17:58 [INFO] 准备保存检测结果到: C:\code\show\Scrap_Steel_In_Field\photos\dangerous_det\detection_20260731_111758.jpg
2026-07-31 11:17:58 [INFO] 图像形状: (2160, 3840, 3)
2026-07-31 11:17:58 [INFO] 图像数据类型: uint8
2026-07-31 11:17:58 [INFO] 图像最大值: 255
2026-07-31 11:17:58 [INFO] 图像最小值: 0
2026-07-31 11:17:58 [INFO] 开始保存检测结果图像: 图像尺寸=(2160, 3840, 3), 类型=uint8, 路径=C:\code\show\Scrap_Steel_In_Field\photos\dangerous_det\detection_20260731_111758.jpg
2026-07-31 11:17:58 [INFO] 成功保存检测结果到: C:\code\show\Scrap_Steel_In_Field\photos\dangerous_det\detection_20260731_111758.jpg
2026-07-31 11:17:58 [INFO] 保存的检测结果文件大小: 2286808 字节
2026-07-31 11:17:58 [INFO] 引擎上下文已释放
2026-07-31 11:17:58 [INFO] TensorRT 引擎已释放
2026-07-31 11:17:58 [INFO] 全局 CUDA 资源已释放
2026-07-31 11:17:58 [INFO] 检测系统资源已释放
2026-07-31 11:18:03 [INFO] CUDA 初始化成功
2026-07-31 11:18:03 [INFO] 引擎加载成功: dangerous.engine
2026-07-31 11:18:03 [INFO] 检测系统初始化成功
2026-07-31 11:18:03 [INFO] 图像预处理完成，原始尺寸: (2160, 3840)
2026-07-31 11:18:03 [INFO] 开始执行目标检测...
2026-07-31 11:18:03 [INFO] 检测完成，找到 3 个物体
2026-07-31 11:18:03 [INFO] 物体 1: GasCyl1 (置信度: 0.62)
2026-07-31 11:18:03 [INFO] 物体 2: FireExt1 (置信度: 0.49)
2026-07-31 11:18:03 [INFO] 物体 3: FireExt1 (置信度: 0.45)
2026-07-31 11:18:03 [INFO] 检测到车兜区域，将过滤区域外的目标
2026-07-31 11:18:03 [INFO] 准备保存检测结果到: C:\code\show\Scrap_Steel_In_Field\photos\dangerous_det\detection_20260731_111803.jpg
2026-07-31 11:18:03 [INFO] 图像形状: (2160, 3840, 3)
2026-07-31 11:18:03 [INFO] 图像数据类型: uint8
2026-07-31 11:18:03 [INFO] 图像最大值: 255
2026-07-31 11:18:03 [INFO] 图像最小值: 0
2026-07-31 11:18:03 [INFO] 开始保存检测结果图像: 图像尺寸=(2160, 3840, 3), 类型=uint8, 路径=C:\code\show\Scrap_Steel_In_Field\photos\dangerous_det\detection_20260731_111803.jpg
2026-07-31 11:18:03 [INFO] 成功保存检测结果到: C:\code\show\Scrap_Steel_In_Field\photos\dangerous_det\detection_20260731_111803.jpg
2026-07-31 11:18:03 [INFO] 保存的检测结果文件大小: 2289411 字节
2026-07-31 11:18:03 [INFO] 引擎上下文已释放
2026-07-31 11:18:03 [INFO] TensorRT 引擎已释放
2026-07-31 11:18:03 [INFO] 全局 CUDA 资源已释放
2026-07-31 11:18:03 [INFO] 检测系统资源已释放
2026-07-31 11:18:08 [INFO] CUDA 初始化成功
2026-07-31 11:18:08 [INFO] 引擎加载成功: dangerous.engine
2026-07-31 11:18:08 [INFO] 检测系统初始化成功
2026-07-31 11:18:08 [INFO] 图像预处理完成，原始尺寸: (2160, 3840)
2026-07-31 11:18:08 [INFO] 开始执行目标检测...
2026-07-31 11:18:08 [INFO] 检测完成，找到 3 个物体
2026-07-31 11:18:08 [INFO] 物体 1: GasCyl1 (置信度: 0.69)
2026-07-31 11:18:08 [INFO] 物体 2: FireExt1 (置信度: 0.45)
2026-07-31 11:18:08 [INFO] 物体 3: FireExt1 (置信度: 0.42)
2026-07-31 11:18:09 [INFO] 检测到车兜区域，将过滤区域外的目标
2026-07-31 11:18:09 [INFO] 准备保存检测结果到: C:\code\show\Scrap_Steel_In_Field\photos\dangerous_det\detection_20260731_111809.jpg
2026-07-31 11:18:09 [INFO] 图像形状: (2160, 3840, 3)
2026-07-31 11:18:09 [INFO] 图像数据类型: uint8
2026-07-31 11:18:09 [INFO] 图像最大值: 255
2026-07-31 11:18:09 [INFO] 图像最小值: 0
2026-07-31 11:18:09 [INFO] 开始保存检测结果图像: 图像尺寸=(2160, 3840, 3), 类型=uint8, 路径=C:\code\show\Scrap_Steel_In_Field\photos\dangerous_det\detection_20260731_111809.jpg
2026-07-31 11:18:09 [INFO] 成功保存检测结果到: C:\code\show\Scrap_Steel_In_Field\photos\dangerous_det\detection_20260731_111809.jpg
2026-07-31 11:18:09 [INFO] 保存的检测结果文件大小: 2288954 字节
2026-07-31 11:18:09 [INFO] 引擎上下文已释放
2026-07-31 11:18:09 [INFO] TensorRT 引擎已释放
2026-07-31 11:18:09 [INFO] 全局 CUDA 资源已释放
2026-07-31 11:18:09 [INFO] 检测系统资源已释放
2026-07-31 11:18:14 [INFO] CUDA 初始化成功
2026-07-31 11:18:14 [INFO] 引擎加载成功: dangerous.engine
2026-07-31 11:18:14 [INFO] 检测系统初始化成功
2026-07-31 11:18:14 [INFO] 图像预处理完成，原始尺寸: (2160, 3840)
2026-07-31 11:18:14 [INFO] 开始执行目标检测...
2026-07-31 11:18:14 [INFO] 检测完成，找到 3 个物体
2026-07-31 11:18:14 [INFO] 物体 1: GasCyl1 (置信度: 0.61)
2026-07-31 11:18:14 [INFO] 物体 2: FireExt1 (置信度: 0.46)
2026-07-31 11:18:14 [INFO] 物体 3: FireExt1 (置信度: 0.44)
2026-07-31 11:18:14 [INFO] 检测到车兜区域，将过滤区域外的目标
2026-07-31 11:18:14 [INFO] 准备保存检测结果到: C:\code\show\Scrap_Steel_In_Field\photos\dangerous_det\detection_20260731_111814.jpg
2026-07-31 11:18:14 [INFO] 图像形状: (2160, 3840, 3)
2026-07-31 11:18:14 [INFO] 图像数据类型: uint8
2026-07-31 11:18:14 [INFO] 图像最大值: 255
2026-07-31 11:18:14 [INFO] 图像最小值: 0
2026-07-31 11:18:14 [INFO] 开始保存检测结果图像: 图像尺寸=(2160, 3840, 3), 类型=uint8, 路径=C:\code\show\Scrap_Steel_In_Field\photos\dangerous_det\detection_20260731_111814.jpg
2026-07-31 11:18:14 [INFO] 成功保存检测结果到: C:\code\show\Scrap_Steel_In_Field\photos\dangerous_det\detection_20260731_111814.jpg
2026-07-31 11:18:14 [INFO] 保存的检测结果文件大小: 2283609 字节
2026-07-31 11:18:14 [INFO] 引擎上下文已释放
2026-07-31 11:18:14 [INFO] TensorRT 引擎已释放
2026-07-31 11:18:14 [INFO] 全局 CUDA 资源已释放
2026-07-31 11:18:14 [INFO] 检测系统资源已释放
2026-07-31 11:18:19 [INFO] CUDA 初始化成功
2026-07-31 11:18:19 [INFO] 引擎加载成功: dangerous.engine
2026-07-31 11:18:19 [INFO] 检测系统初始化成功
2026-07-31 11:18:19 [INFO] 图像预处理完成，原始尺寸: (2160, 3840)
2026-07-31 11:18:19 [INFO] 开始执行目标检测...
2026-07-31 11:18:19 [INFO] 检测完成，找到 3 个物体
2026-07-31 11:18:19 [INFO] 物体 1: GasCyl1 (置信度: 0.69)
2026-07-31 11:18:19 [INFO] 物体 2: FireExt1 (置信度: 0.44)
2026-07-31 11:18:19 [INFO] 物体 3: FireExt1 (置信度: 0.42)
2026-07-31 11:18:19 [INFO] 检测到车兜区域，将过滤区域外的目标
2026-07-31 11:18:19 [INFO] 准备保存检测结果到: C:\code\show\Scrap_Steel_In_Field\photos\dangerous_det\detection_20260731_111819.jpg
2026-07-31 11:18:19 [INFO] 图像形状: (2160, 3840, 3)
2026-07-31 11:18:19 [INFO] 图像数据类型: uint8
2026-07-31 11:18:19 [INFO] 图像最大值: 255
2026-07-31 11:18:19 [INFO] 图像最小值: 0
2026-07-31 11:18:19 [INFO] 开始保存检测结果图像: 图像尺寸=(2160, 3840, 3), 类型=uint8, 路径=C:\code\show\Scrap_Steel_In_Field\photos\dangerous_det\detection_20260731_111819.jpg
2026-07-31 11:18:19 [INFO] 成功保存检测结果到: C:\code\show\Scrap_Steel_In_Field\photos\dangerous_det\detection_20260731_111819.jpg
2026-07-31 11:18:19 [INFO] 保存的检测结果文件大小: 2290770 字节
2026-07-31 11:18:19 [INFO] 引擎上下文已释放
2026-07-31 11:18:19 [INFO] TensorRT 引擎已释放
2026-07-31 11:18:19 [INFO] 全局 CUDA 资源已释放
2026-07-31 11:18:19 [INFO] 检测系统资源已释放
2026-07-31 11:18:24 [INFO] CUDA 初始化成功
2026-07-31 11:18:24 [INFO] 引擎加载成功: dangerous.engine
2026-07-31 11:18:24 [INFO] 检测系统初始化成功
2026-07-31 11:18:24 [INFO] 图像预处理完成，原始尺寸: (2160, 3840)
2026-07-31 11:18:24 [INFO] 开始执行目标检测...
2026-07-31 11:18:24 [INFO] 检测完成，找到 3 个物体
2026-07-31 11:18:24 [INFO] 物体 1: GasCyl1 (置信度: 0.65)
2026-07-31 11:18:24 [INFO] 物体 2: FireExt1 (置信度: 0.46)
2026-07-31 11:18:24 [INFO] 物体 3: FireExt1 (置信度: 0.45)
2026-07-31 11:18:24 [INFO] 检测到车兜区域，将过滤区域外的目标
2026-07-31 11:18:24 [INFO] 准备保存检测结果到: C:\code\show\Scrap_Steel_In_Field\photos\dangerous_det\detection_20260731_111824.jpg
2026-07-31 11:18:24 [INFO] 图像形状: (2160, 3840, 3)
2026-07-31 11:18:24 [INFO] 图像数据类型: uint8
2026-07-31 11:18:24 [INFO] 图像最大值: 255
2026-07-31 11:18:24 [INFO] 图像最小值: 0
2026-07-31 11:18:24 [INFO] 开始保存检测结果图像: 图像尺寸=(2160, 3840, 3), 类型=uint8, 路径=C:\code\show\Scrap_Steel_In_Field\photos\dangerous_det\detection_20260731_111824.jpg
2026-07-31 11:18:24 [INFO] 成功保存检测结果到: C:\code\show\Scrap_Steel_In_Field\photos\dangerous_det\detection_20260731_111824.jpg
2026-07-31 11:18:24 [INFO] 保存的检测结果文件大小: 2287115 字节
2026-07-31 11:18:24 [INFO] 引擎上下文已释放
2026-07-31 11:18:24 [INFO] TensorRT 引擎已释放
2026-07-31 11:18:24 [INFO] 全局 CUDA 资源已释放
2026-07-31 11:18:24 [INFO] 检测系统资源已释放
2026-07-31 11:18:29 [INFO] CUDA 初始化成功
2026-07-31 11:18:29 [INFO] 引擎加载成功: dangerous.engine
2026-07-31 11:18:29 [INFO] 检测系统初始化成功
2026-07-31 11:18:29 [INFO] 图像预处理完成，原始尺寸: (2160, 3840)
2026-07-31 11:18:29 [INFO] 开始执行目标检测...
2026-07-31 11:18:29 [INFO] 检测完成，找到 3 个物体
2026-07-31 11:18:29 [INFO] 物体 1: GasCyl1 (置信度: 0.64)
2026-07-31 11:18:29 [INFO] 物体 2: FireExt1 (置信度: 0.47)
2026-07-31 11:18:29 [INFO] 物体 3: FireExt1 (置信度: 0.47)
2026-07-31 11:18:29 [INFO] 检测到车兜区域，将过滤区域外的目标
2026-07-31 11:18:29 [INFO] 准备保存检测结果到: C:\code\show\Scrap_Steel_In_Field\photos\dangerous_det\detection_20260731_111829.jpg
2026-07-31 11:18:29 [INFO] 图像形状: (2160, 3840, 3)
2026-07-31 11:18:29 [INFO] 图像数据类型: uint8
2026-07-31 11:18:29 [INFO] 图像最大值: 255
2026-07-31 11:18:29 [INFO] 图像最小值: 0
2026-07-31 11:18:29 [INFO] 开始保存检测结果图像: 图像尺寸=(2160, 3840, 3), 类型=uint8, 路径=C:\code\show\Scrap_Steel_In_Field\photos\dangerous_det\detection_20260731_111829.jpg
2026-07-31 11:18:29 [INFO] 成功保存检测结果到: C:\code\show\Scrap_Steel_In_Field\photos\dangerous_det\detection_20260731_111829.jpg
2026-07-31 11:18:29 [INFO] 保存的检测结果文件大小: 2284306 字节
2026-07-31 11:18:29 [INFO] 引擎上下文已释放
2026-07-31 11:18:29 [INFO] TensorRT 引擎已释放
2026-07-31 11:18:29 [INFO] 全局 CUDA 资源已释放
2026-07-31 11:18:29 [INFO] 检测系统资源已释放
2026-07-31 11:18:35 [INFO] CUDA 初始化成功
2026-07-31 11:18:35 [INFO] 引擎加载成功: dangerous.engine
2026-07-31 11:18:35 [INFO] 检测系统初始化成功
2026-07-31 11:18:35 [INFO] 图像预处理完成，原始尺寸: (2160, 3840)
2026-07-31 11:18:35 [INFO] 开始执行目标检测...
2026-07-31 11:18:35 [INFO] 检测完成，找到 3 个物体
2026-07-31 11:18:35 [INFO] 物体 1: GasCyl1 (置信度: 0.74)
2026-07-31 11:18:35 [INFO] 物体 2: FireExt1 (置信度: 0.47)
2026-07-31 11:18:35 [INFO] 物体 3: FireExt1 (置信度: 0.43)
2026-07-31 11:18:35 [INFO] 检测到车兜区域，将过滤区域外的目标
2026-07-31 11:18:35 [INFO] 准备保存检测结果到: C:\code\show\Scrap_Steel_In_Field\photos\dangerous_det\detection_20260731_111835.jpg
2026-07-31 11:18:35 [INFO] 图像形状: (2160, 3840, 3)
2026-07-31 11:18:35 [INFO] 图像数据类型: uint8
2026-07-31 11:18:35 [INFO] 图像最大值: 255
2026-07-31 11:18:35 [INFO] 图像最小值: 0
2026-07-31 11:18:35 [INFO] 开始保存检测结果图像: 图像尺寸=(2160, 3840, 3), 类型=uint8, 路径=C:\code\show\Scrap_Steel_In_Field\photos\dangerous_det\detection_20260731_111835.jpg
2026-07-31 11:18:35 [INFO] 成功保存检测结果到: C:\code\show\Scrap_Steel_In_Field\photos\dangerous_det\detection_20260731_111835.jpg
2026-07-31 11:18:35 [INFO] 保存的检测结果文件大小: 2287038 字节
2026-07-31 11:18:35 [INFO] 引擎上下文已释放
2026-07-31 11:18:35 [INFO] TensorRT 引擎已释放
2026-07-31 11:18:35 [INFO] 全局 CUDA 资源已释放
2026-07-31 11:18:35 [INFO] 检测系统资源已释放
2026-07-31 11:18:40 [INFO] CUDA 初始化成功
2026-07-31 11:18:40 [INFO] 引擎加载成功: dangerous.engine
2026-07-31 11:18:40 [INFO] 检测系统初始化成功
2026-07-31 11:18:40 [INFO] 图像预处理完成，原始尺寸: (2160, 3840)
2026-07-31 11:18:40 [INFO] 开始执行目标检测...
2026-07-31 11:18:40 [INFO] 检测完成，找到 3 个物体
2026-07-31 11:18:40 [INFO] 物体 1: GasCyl1 (置信度: 0.64)
2026-07-31 11:18:40 [INFO] 物体 2: FireExt1 (置信度: 0.46)
2026-07-31 11:18:40 [INFO] 物体 3: FireExt1 (置信度: 0.46)
2026-07-31 11:18:40 [INFO] 检测到车兜区域，将过滤区域外的目标
2026-07-31 11:18:40 [INFO] 准备保存检测结果到: C:\code\show\Scrap_Steel_In_Field\photos\dangerous_det\detection_20260731_111840.jpg
2026-07-31 11:18:40 [INFO] 图像形状: (2160, 3840, 3)
2026-07-31 11:18:40 [INFO] 图像数据类型: uint8
2026-07-31 11:18:40 [INFO] 图像最大值: 255
2026-07-31 11:18:40 [INFO] 图像最小值: 0
2026-07-31 11:18:40 [INFO] 开始保存检测结果图像: 图像尺寸=(2160, 3840, 3), 类型=uint8, 路径=C:\code\show\Scrap_Steel_In_Field\photos\dangerous_det\detection_20260731_111840.jpg
2026-07-31 11:18:40 [INFO] 成功保存检测结果到: C:\code\show\Scrap_Steel_In_Field\photos\dangerous_det\detection_20260731_111840.jpg
2026-07-31 11:18:40 [INFO] 保存的检测结果文件大小: 2290206 字节
2026-07-31 11:18:40 [INFO] 引擎上下文已释放
2026-07-31 11:18:40 [INFO] TensorRT 引擎已释放
2026-07-31 11:18:40 [INFO] 全局 CUDA 资源已释放
2026-07-31 11:18:40 [INFO] 检测系统资源已释放
2026-07-31 11:18:45 [INFO] CUDA 初始化成功
2026-07-31 11:18:45 [INFO] 引擎加载成功: dangerous.engine
2026-07-31 11:18:45 [INFO] 检测系统初始化成功
2026-07-31 11:18:45 [INFO] 图像预处理完成，原始尺寸: (2160, 3840)
2026-07-31 11:18:45 [INFO] 开始执行目标检测...
2026-07-31 11:18:45 [INFO] 检测完成，找到 3 个物体
2026-07-31 11:18:45 [INFO] 物体 1: GasCyl1 (置信度: 0.68)
2026-07-31 11:18:45 [INFO] 物体 2: FireExt1 (置信度: 0.47)
2026-07-31 11:18:45 [INFO] 物体 3: FireExt1 (置信度: 0.44)
2026-07-31 11:18:45 [INFO] 检测到车兜区域，将过滤区域外的目标
2026-07-31 11:18:45 [INFO] 准备保存检测结果到: C:\code\show\Scrap_Steel_In_Field\photos\dangerous_det\detection_20260731_111845.jpg
2026-07-31 11:18:45 [INFO] 图像形状: (2160, 3840, 3)
2026-07-31 11:18:45 [INFO] 图像数据类型: uint8
2026-07-31 11:18:45 [INFO] 图像最大值: 255
2026-07-31 11:18:45 [INFO] 图像最小值: 0
2026-07-31 11:18:45 [INFO] 开始保存检测结果图像: 图像尺寸=(2160, 3840, 3), 类型=uint8, 路径=C:\code\show\Scrap_Steel_In_Field\photos\dangerous_det\detection_20260731_111845.jpg
2026-07-31 11:18:45 [INFO] 成功保存检测结果到: C:\code\show\Scrap_Steel_In_Field\photos\dangerous_det\detection_20260731_111845.jpg
2026-07-31 11:18:45 [INFO] 保存的检测结果文件大小: 2285895 字节
2026-07-31 11:18:45 [INFO] 引擎上下文已释放
2026-07-31 11:18:45 [INFO] TensorRT 引擎已释放
2026-07-31 11:18:45 [INFO] 全局 CUDA 资源已释放
2026-07-31 11:18:45 [INFO] 检测系统资源已释放
2026-07-31 11:18:50 [INFO] CUDA 初始化成功
2026-07-31 11:18:50 [INFO] 引擎加载成功: dangerous.engine
2026-07-31 11:18:50 [INFO] 检测系统初始化成功
2026-07-31 11:18:50 [INFO] 图像预处理完成，原始尺寸: (2160, 3840)
2026-07-31 11:18:50 [INFO] 开始执行目标检测...
2026-07-31 11:18:50 [INFO] 检测完成，找到 3 个物体
2026-07-31 11:18:50 [INFO] 物体 1: GasCyl1 (置信度: 0.64)
2026-07-31 11:18:50 [INFO] 物体 2: FireExt1 (置信度: 0.45)
2026-07-31 11:18:50 [INFO] 物体 3: FireExt1 (置信度: 0.43)
2026-07-31 11:18:51 [INFO] 检测到车兜区域，将过滤区域外的目标
2026-07-31 11:18:51 [INFO] 准备保存检测结果到: C:\code\show\Scrap_Steel_In_Field\photos\dangerous_det\detection_20260731_111851.jpg
2026-07-31 11:18:51 [INFO] 图像形状: (2160, 3840, 3)
2026-07-31 11:18:51 [INFO] 图像数据类型: uint8
2026-07-31 11:18:51 [INFO] 图像最大值: 255
2026-07-31 11:18:51 [INFO] 图像最小值: 0
2026-07-31 11:18:51 [INFO] 开始保存检测结果图像: 图像尺寸=(2160, 3840, 3), 类型=uint8, 路径=C:\code\show\Scrap_Steel_In_Field\photos\dangerous_det\detection_20260731_111851.jpg
2026-07-31 11:18:51 [INFO] 成功保存检测结果到: C:\code\show\Scrap_Steel_In_Field\photos\dangerous_det\detection_20260731_111851.jpg
2026-07-31 11:18:51 [INFO] 保存的检测结果文件大小: 2286557 字节
2026-07-31 11:18:51 [INFO] 引擎上下文已释放
2026-07-31 11:18:51 [INFO] TensorRT 引擎已释放
2026-07-31 11:18:51 [INFO] 全局 CUDA 资源已释放
2026-07-31 11:18:51 [INFO] 检测系统资源已释放
2026-07-31 11:18:55 [INFO] CUDA 初始化成功
2026-07-31 11:18:55 [INFO] 引擎加载成功: dangerous.engine
2026-07-31 11:18:55 [INFO] 检测系统初始化成功
2026-07-31 11:18:55 [INFO] 图像预处理完成，原始尺寸: (2160, 3840)
2026-07-31 11:18:55 [INFO] 开始执行目标检测...
2026-07-31 11:18:55 [INFO] 检测完成，找到 3 个物体
2026-07-31 11:18:55 [INFO] 物体 1: GasCyl1 (置信度: 0.61)
2026-07-31 11:18:55 [INFO] 物体 2: FireExt1 (置信度: 0.46)
2026-07-31 11:18:55 [INFO] 物体 3: FireExt1 (置信度: 0.42)
2026-07-31 11:18:55 [INFO] 检测到车兜区域，将过滤区域外的目标
2026-07-31 11:18:55 [INFO] 准备保存检测结果到: C:\code\show\Scrap_Steel_In_Field\photos\dangerous_det\detection_20260731_111855.jpg
2026-07-31 11:18:55 [INFO] 图像形状: (2160, 3840, 3)
2026-07-31 11:18:55 [INFO] 图像数据类型: uint8
2026-07-31 11:18:55 [INFO] 图像最大值: 255
2026-07-31 11:18:55 [INFO] 图像最小值: 0
2026-07-31 11:18:55 [INFO] 开始保存检测结果图像: 图像尺寸=(2160, 3840, 3), 类型=uint8, 路径=C:\code\show\Scrap_Steel_In_Field\photos\dangerous_det\detection_20260731_111855.jpg
2026-07-31 11:18:55 [INFO] 成功保存检测结果到: C:\code\show\Scrap_Steel_In_Field\photos\dangerous_det\detection_20260731_111855.jpg
2026-07-31 11:18:55 [INFO] 保存的检测结果文件大小: 2289364 字节
2026-07-31 11:18:55 [INFO] 引擎上下文已释放
2026-07-31 11:18:55 [INFO] TensorRT 引擎已释放
2026-07-31 11:18:55 [INFO] 全局 CUDA 资源已释放
2026-07-31 11:18:55 [INFO] 检测系统资源已释放
2026-07-31 11:19:00 [INFO] CUDA 初始化成功
2026-07-31 11:19:00 [INFO] 引擎加载成功: dangerous.engine
2026-07-31 11:19:00 [INFO] 检测系统初始化成功
2026-07-31 11:19:00 [INFO] 图像预处理完成，原始尺寸: (2160, 3840)
2026-07-31 11:19:00 [INFO] 开始执行目标检测...
2026-07-31 11:19:00 [INFO] 检测完成，找到 3 个物体
2026-07-31 11:19:00 [INFO] 物体 1: GasCyl1 (置信度: 0.68)
2026-07-31 11:19:00 [INFO] 物体 2: FireExt1 (置信度: 0.47)
2026-07-31 11:19:00 [INFO] 物体 3: FireExt1 (置信度: 0.46)
2026-07-31 11:19:00 [INFO] 检测到车兜区域，将过滤区域外的目标
2026-07-31 11:19:00 [INFO] 准备保存检测结果到: C:\code\show\Scrap_Steel_In_Field\photos\dangerous_det\detection_20260731_111900.jpg
2026-07-31 11:19:00 [INFO] 图像形状: (2160, 3840, 3)
2026-07-31 11:19:00 [INFO] 图像数据类型: uint8
2026-07-31 11:19:00 [INFO] 图像最大值: 255
2026-07-31 11:19:00 [INFO] 图像最小值: 0
2026-07-31 11:19:01 [INFO] 开始保存检测结果图像: 图像尺寸=(2160, 3840, 3), 类型=uint8, 路径=C:\code\show\Scrap_Steel_In_Field\photos\dangerous_det\detection_20260731_111900.jpg
2026-07-31 11:19:01 [INFO] 成功保存检测结果到: C:\code\show\Scrap_Steel_In_Field\photos\dangerous_det\detection_20260731_111900.jpg
2026-07-31 11:19:01 [INFO] 保存的检测结果文件大小: 2290560 字节
2026-07-31 11:19:01 [INFO] 引擎上下文已释放
2026-07-31 11:19:01 [INFO] TensorRT 引擎已释放
2026-07-31 11:19:01 [INFO] 全局 CUDA 资源已释放
2026-07-31 11:19:01 [INFO] 检测系统资源已释放
2026-07-31 11:19:06 [INFO] CUDA 初始化成功
2026-07-31 11:19:06 [INFO] 引擎加载成功: dangerous.engine
2026-07-31 11:19:06 [INFO] 检测系统初始化成功
2026-07-31 11:19:06 [INFO] 图像预处理完成，原始尺寸: (2160, 3840)
2026-07-31 11:19:06 [INFO] 开始执行目标检测...
2026-07-31 11:19:06 [INFO] 检测完成，找到 3 个物体
2026-07-31 11:19:06 [INFO] 物体 1: GasCyl1 (置信度: 0.66)
2026-07-31 11:19:06 [INFO] 物体 2: FireExt1 (置信度: 0.46)
2026-07-31 11:19:06 [INFO] 物体 3: FireExt1 (置信度: 0.42)
2026-07-31 11:19:06 [INFO] 检测到车兜区域，将过滤区域外的目标
2026-07-31 11:19:06 [INFO] 准备保存检测结果到: C:\code\show\Scrap_Steel_In_Field\photos\dangerous_det\detection_20260731_111906.jpg
2026-07-31 11:19:06 [INFO] 图像形状: (2160, 3840, 3)
2026-07-31 11:19:06 [INFO] 图像数据类型: uint8
2026-07-31 11:19:06 [INFO] 图像最大值: 255
2026-07-31 11:19:06 [INFO] 图像最小值: 0
2026-07-31 11:19:06 [INFO] 开始保存检测结果图像: 图像尺寸=(2160, 3840, 3), 类型=uint8, 路径=C:\code\show\Scrap_Steel_In_Field\photos\dangerous_det\detection_20260731_111906.jpg
2026-07-31 11:19:06 [INFO] 成功保存检测结果到: C:\code\show\Scrap_Steel_In_Field\photos\dangerous_det\detection_20260731_111906.jpg
2026-07-31 11:19:06 [INFO] 保存的检测结果文件大小: 2289387 字节
2026-07-31 11:19:06 [INFO] 引擎上下文已释放
2026-07-31 11:19:06 [INFO] TensorRT 引擎已释放
2026-07-31 11:19:06 [INFO] 全局 CUDA 资源已释放
2026-07-31 11:19:06 [INFO] 检测系统资源已释放
2026-07-31 11:19:11 [INFO] CUDA 初始化成功
2026-07-31 11:19:11 [INFO] 引擎加载成功: dangerous.engine
2026-07-31 11:19:11 [INFO] 检测系统初始化成功
2026-07-31 11:19:11 [INFO] 图像预处理完成，原始尺寸: (2160, 3840)
2026-07-31 11:19:11 [INFO] 开始执行目标检测...
2026-07-31 11:19:11 [INFO] 检测完成，找到 3 个物体
2026-07-31 11:19:11 [INFO] 物体 1: GasCyl1 (置信度: 0.63)
2026-07-31 11:19:11 [INFO] 物体 2: FireExt1 (置信度: 0.44)
2026-07-31 11:19:11 [INFO] 物体 3: FireExt1 (置信度: 0.42)
2026-07-31 11:19:11 [INFO] 检测到车兜区域，将过滤区域外的目标
2026-07-31 11:19:11 [INFO] 准备保存检测结果到: C:\code\show\Scrap_Steel_In_Field\photos\dangerous_det\detection_20260731_111911.jpg
2026-07-31 11:19:11 [INFO] 图像形状: (2160, 3840, 3)
2026-07-31 11:19:11 [INFO] 图像数据类型: uint8
2026-07-31 11:19:11 [INFO] 图像最大值: 255
2026-07-31 11:19:11 [INFO] 图像最小值: 0
2026-07-31 11:19:11 [INFO] 开始保存检测结果图像: 图像尺寸=(2160, 3840, 3), 类型=uint8, 路径=C:\code\show\Scrap_Steel_In_Field\photos\dangerous_det\detection_20260731_111911.jpg
2026-07-31 11:19:11 [INFO] 成功保存检测结果到: C:\code\show\Scrap_Steel_In_Field\photos\dangerous_det\detection_20260731_111911.jpg
2026-07-31 11:19:11 [INFO] 保存的检测结果文件大小: 2291419 字节
2026-07-31 11:19:11 [INFO] 引擎上下文已释放
2026-07-31 11:19:11 [INFO] TensorRT 引擎已释放
2026-07-31 11:19:11 [INFO] 全局 CUDA 资源已释放
2026-07-31 11:19:11 [INFO] 检测系统资源已释放
2026-07-31 11:19:16 [INFO] CUDA 初始化成功
2026-07-31 11:19:16 [INFO] 引擎加载成功: dangerous.engine
2026-07-31 11:19:16 [INFO] 检测系统初始化成功
2026-07-31 11:19:16 [INFO] 图像预处理完成，原始尺寸: (2160, 3840)
2026-07-31 11:19:16 [INFO] 开始执行目标检测...
2026-07-31 11:19:16 [INFO] 检测完成，找到 3 个物体
2026-07-31 11:19:16 [INFO] 物体 1: GasCyl1 (置信度: 0.70)
2026-07-31 11:19:16 [INFO] 物体 2: FireExt1 (置信度: 0.45)
2026-07-31 11:19:16 [INFO] 物体 3: FireExt1 (置信度: 0.44)
2026-07-31 11:19:16 [INFO] 检测到车兜区域，将过滤区域外的目标
2026-07-31 11:19:16 [INFO] 准备保存检测结果到: C:\code\show\Scrap_Steel_In_Field\photos\dangerous_det\detection_20260731_111916.jpg
2026-07-31 11:19:16 [INFO] 图像形状: (2160, 3840, 3)
2026-07-31 11:19:16 [INFO] 图像数据类型: uint8
2026-07-31 11:19:16 [INFO] 图像最大值: 255
2026-07-31 11:19:16 [INFO] 图像最小值: 0
2026-07-31 11:19:16 [INFO] 开始保存检测结果图像: 图像尺寸=(2160, 3840, 3), 类型=uint8, 路径=C:\code\show\Scrap_Steel_In_Field\photos\dangerous_det\detection_20260731_111916.jpg
2026-07-31 11:19:16 [INFO] 成功保存检测结果到: C:\code\show\Scrap_Steel_In_Field\photos\dangerous_det\detection_20260731_111916.jpg
2026-07-31 11:19:16 [INFO] 保存的检测结果文件大小: 2285023 字节
2026-07-31 11:19:16 [INFO] 引擎上下文已释放
2026-07-31 11:19:16 [INFO] TensorRT 引擎已释放
2026-07-31 11:19:16 [INFO] 全局 CUDA 资源已释放
2026-07-31 11:19:16 [INFO] 检测系统资源已释放
2026-07-31 11:19:22 [INFO] CUDA 初始化成功
2026-07-31 11:19:22 [INFO] 引擎加载成功: dangerous.engine
2026-07-31 11:19:22 [INFO] 检测系统初始化成功
2026-07-31 11:19:22 [INFO] 图像预处理完成，原始尺寸: (2160, 3840)
2026-07-31 11:19:22 [INFO] 开始执行目标检测...
2026-07-31 11:19:22 [INFO] 检测完成，找到 3 个物体
2026-07-31 11:19:22 [INFO] 物体 1: GasCyl1 (置信度: 0.56)
2026-07-31 11:19:22 [INFO] 物体 2: FireExt1 (置信度: 0.47)
2026-07-31 11:19:22 [INFO] 物体 3: FireExt1 (置信度: 0.45)
2026-07-31 11:19:22 [INFO] 检测到车兜区域，将过滤区域外的目标
2026-07-31 11:19:22 [INFO] 准备保存检测结果到: C:\code\show\Scrap_Steel_In_Field\photos\dangerous_det\detection_20260731_111922.jpg
2026-07-31 11:19:22 [INFO] 图像形状: (2160, 3840, 3)
2026-07-31 11:19:22 [INFO] 图像数据类型: uint8
2026-07-31 11:19:22 [INFO] 图像最大值: 255
2026-07-31 11:19:22 [INFO] 图像最小值: 0
2026-07-31 11:19:22 [INFO] 开始保存检测结果图像: 图像尺寸=(2160, 3840, 3), 类型=uint8, 路径=C:\code\show\Scrap_Steel_In_Field\photos\dangerous_det\detection_20260731_111922.jpg
2026-07-31 11:19:22 [INFO] 成功保存检测结果到: C:\code\show\Scrap_Steel_In_Field\photos\dangerous_det\detection_20260731_111922.jpg
2026-07-31 11:19:22 [INFO] 保存的检测结果文件大小: 2287734 字节
2026-07-31 11:19:22 [INFO] 引擎上下文已释放
2026-07-31 11:19:22 [INFO] TensorRT 引擎已释放
2026-07-31 11:19:22 [INFO] 全局 CUDA 资源已释放
2026-07-31 11:19:22 [INFO] 检测系统资源已释放
2026-07-31 11:19:27 [INFO] CUDA 初始化成功
2026-07-31 11:19:27 [INFO] 引擎加载成功: dangerous.engine
2026-07-31 11:19:27 [INFO] 检测系统初始化成功
2026-07-31 11:19:27 [INFO] 图像预处理完成，原始尺寸: (2160, 3840)
2026-07-31 11:19:27 [INFO] 开始执行目标检测...
2026-07-31 11:19:27 [INFO] 检测完成，找到 3 个物体
2026-07-31 11:19:27 [INFO] 物体 1: GasCyl1 (置信度: 0.59)
2026-07-31 11:19:27 [INFO] 物体 2: FireExt1 (置信度: 0.47)
2026-07-31 11:19:27 [INFO] 物体 3: FireExt1 (置信度: 0.46)
2026-07-31 11:19:27 [INFO] 检测到车兜区域，将过滤区域外的目标
2026-07-31 11:19:27 [INFO] 准备保存检测结果到: C:\code\show\Scrap_Steel_In_Field\photos\dangerous_det\detection_20260731_111927.jpg
2026-07-31 11:19:27 [INFO] 图像形状: (2160, 3840, 3)
2026-07-31 11:19:27 [INFO] 图像数据类型: uint8
2026-07-31 11:19:27 [INFO] 图像最大值: 255
2026-07-31 11:19:27 [INFO] 图像最小值: 0
2026-07-31 11:19:27 [INFO] 开始保存检测结果图像: 图像尺寸=(2160, 3840, 3), 类型=uint8, 路径=C:\code\show\Scrap_Steel_In_Field\photos\dangerous_det\detection_20260731_111927.jpg
2026-07-31 11:19:27 [INFO] 成功保存检测结果到: C:\code\show\Scrap_Steel_In_Field\photos\dangerous_det\detection_20260731_111927.jpg
2026-07-31 11:19:27 [INFO] 保存的检测结果文件大小: 2289251 字节
2026-07-31 11:19:27 [INFO] 引擎上下文已释放
2026-07-31 11:19:27 [INFO] TensorRT 引擎已释放
2026-07-31 11:19:27 [INFO] 全局 CUDA 资源已释放
2026-07-31 11:19:27 [INFO] 检测系统资源已释放
2026-07-31 11:19:32 [INFO] CUDA 初始化成功
2026-07-31 11:19:32 [INFO] 引擎加载成功: dangerous.engine
2026-07-31 11:19:32 [INFO] 检测系统初始化成功
2026-07-31 11:19:32 [INFO] 图像预处理完成，原始尺寸: (2160, 3840)
2026-07-31 11:19:32 [INFO] 开始执行目标检测...
2026-07-31 11:19:32 [INFO] 检测完成，找到 3 个物体
2026-07-31 11:19:32 [INFO] 物体 1: GasCyl1 (置信度: 0.67)
2026-07-31 11:19:32 [INFO] 物体 2: FireExt1 (置信度: 0.47)
2026-07-31 11:19:32 [INFO] 物体 3: FireExt1 (置信度: 0.46)
2026-07-31 11:19:32 [INFO] 检测到车兜区域，将过滤区域外的目标
2026-07-31 11:19:32 [INFO] 准备保存检测结果到: C:\code\show\Scrap_Steel_In_Field\photos\dangerous_det\detection_20260731_111932.jpg
2026-07-31 11:19:32 [INFO] 图像形状: (2160, 3840, 3)
2026-07-31 11:19:32 [INFO] 图像数据类型: uint8
2026-07-31 11:19:32 [INFO] 图像最大值: 255
2026-07-31 11:19:32 [INFO] 图像最小值: 0
2026-07-31 11:19:32 [INFO] 开始保存检测结果图像: 图像尺寸=(2160, 3840, 3), 类型=uint8, 路径=C:\code\show\Scrap_Steel_In_Field\photos\dangerous_det\detection_20260731_111932.jpg
2026-07-31 11:19:32 [INFO] 成功保存检测结果到: C:\code\show\Scrap_Steel_In_Field\photos\dangerous_det\detection_20260731_111932.jpg
2026-07-31 11:19:32 [INFO] 保存的检测结果文件大小: 2288478 字节
2026-07-31 11:19:32 [INFO] 引擎上下文已释放
2026-07-31 11:19:32 [INFO] TensorRT 引擎已释放
2026-07-31 11:19:32 [INFO] 全局 CUDA 资源已释放
2026-07-31 11:19:32 [INFO] 检测系统资源已释放
2026-07-31 11:19:38 [INFO] CUDA 初始化成功
2026-07-31 11:19:38 [INFO] 引擎加载成功: dangerous.engine
2026-07-31 11:19:38 [INFO] 检测系统初始化成功
2026-07-31 11:19:38 [INFO] 图像预处理完成，原始尺寸: (2160, 3840)
2026-07-31 11:19:38 [INFO] 开始执行目标检测...
2026-07-31 11:19:38 [INFO] 检测完成，找到 3 个物体
2026-07-31 11:19:38 [INFO] 物体 1: GasCyl1 (置信度: 0.62)
2026-07-31 11:19:38 [INFO] 物体 2: FireExt1 (置信度: 0.47)
2026-07-31 11:19:38 [INFO] 物体 3: FireExt1 (置信度: 0.46)
2026-07-31 11:19:38 [INFO] 检测到车兜区域，将过滤区域外的目标
2026-07-31 11:19:38 [INFO] 准备保存检测结果到: C:\code\show\Scrap_Steel_In_Field\photos\dangerous_det\detection_20260731_111938.jpg
2026-07-31 11:19:38 [INFO] 图像形状: (2160, 3840, 3)
2026-07-31 11:19:38 [INFO] 图像数据类型: uint8
2026-07-31 11:19:38 [INFO] 图像最大值: 255
2026-07-31 11:19:38 [INFO] 图像最小值: 0
2026-07-31 11:19:38 [INFO] 开始保存检测结果图像: 图像尺寸=(2160, 3840, 3), 类型=uint8, 路径=C:\code\show\Scrap_Steel_In_Field\photos\dangerous_det\detection_20260731_111938.jpg
2026-07-31 11:19:38 [INFO] 成功保存检测结果到: C:\code\show\Scrap_Steel_In_Field\photos\dangerous_det\detection_20260731_111938.jpg
2026-07-31 11:19:38 [INFO] 保存的检测结果文件大小: 2289851 字节
2026-07-31 11:19:38 [INFO] 引擎上下文已释放
2026-07-31 11:19:38 [INFO] TensorRT 引擎已释放
2026-07-31 11:19:38 [INFO] 全局 CUDA 资源已释放
2026-07-31 11:19:38 [INFO] 检测系统资源已释放
2026-07-31 11:19:43 [INFO] CUDA 初始化成功
2026-07-31 11:19:43 [INFO] 引擎加载成功: dangerous.engine
2026-07-31 11:19:43 [INFO] 检测系统初始化成功
2026-07-31 11:19:43 [INFO] 图像预处理完成，原始尺寸: (2160, 3840)
2026-07-31 11:19:43 [INFO] 开始执行目标检测...
2026-07-31 11:19:43 [INFO] 检测完成，找到 3 个物体
2026-07-31 11:19:43 [INFO] 物体 1: GasCyl1 (置信度: 0.67)
2026-07-31 11:19:43 [INFO] 物体 2: FireExt1 (置信度: 0.46)
2026-07-31 11:19:43 [INFO] 物体 3: FireExt1 (置信度: 0.42)
2026-07-31 11:19:43 [INFO] 检测到车兜区域，将过滤区域外的目标
2026-07-31 11:19:43 [INFO] 准备保存检测结果到: C:\code\show\Scrap_Steel_In_Field\photos\dangerous_det\detection_20260731_111943.jpg
2026-07-31 11:19:43 [INFO] 图像形状: (2160, 3840, 3)
2026-07-31 11:19:43 [INFO] 图像数据类型: uint8
2026-07-31 11:19:43 [INFO] 图像最大值: 255
2026-07-31 11:19:43 [INFO] 图像最小值: 0
2026-07-31 11:19:43 [INFO] 开始保存检测结果图像: 图像尺寸=(2160, 3840, 3), 类型=uint8, 路径=C:\code\show\Scrap_Steel_In_Field\photos\dangerous_det\detection_20260731_111943.jpg
2026-07-31 11:19:43 [INFO] 成功保存检测结果到: C:\code\show\Scrap_Steel_In_Field\photos\dangerous_det\detection_20260731_111943.jpg
2026-07-31 11:19:43 [INFO] 保存的检测结果文件大小: 2289453 字节
2026-07-31 11:19:43 [INFO] 引擎上下文已释放
2026-07-31 11:19:43 [INFO] TensorRT 引擎已释放
2026-07-31 11:19:43 [INFO] 全局 CUDA 资源已释放
2026-07-31 11:19:43 [INFO] 检测系统资源已释放
2026-07-31 11:19:48 [INFO] CUDA 初始化成功
2026-07-31 11:19:48 [INFO] 引擎加载成功: dangerous.engine
2026-07-31 11:19:48 [INFO] 检测系统初始化成功
2026-07-31 11:19:48 [INFO] 图像预处理完成，原始尺寸: (2160, 3840)
2026-07-31 11:19:48 [INFO] 开始执行目标检测...
2026-07-31 11:19:48 [INFO] 检测完成，找到 3 个物体
2026-07-31 11:19:48 [INFO] 物体 1: GasCyl1 (置信度: 0.69)
2026-07-31 11:19:48 [INFO] 物体 2: FireExt1 (置信度: 0.46)
2026-07-31 11:19:48 [INFO] 物体 3: FireExt1 (置信度: 0.45)
2026-07-31 11:19:48 [INFO] 检测到车兜区域，将过滤区域外的目标
2026-07-31 11:19:48 [INFO] 准备保存检测结果到: C:\code\show\Scrap_Steel_In_Field\photos\dangerous_det\detection_20260731_111948.jpg
2026-07-31 11:19:48 [INFO] 图像形状: (2160, 3840, 3)
2026-07-31 11:19:48 [INFO] 图像数据类型: uint8
2026-07-31 11:19:48 [INFO] 图像最大值: 255
2026-07-31 11:19:48 [INFO] 图像最小值: 0
2026-07-31 11:19:48 [INFO] 开始保存检测结果图像: 图像尺寸=(2160, 3840, 3), 类型=uint8, 路径=C:\code\show\Scrap_Steel_In_Field\photos\dangerous_det\detection_20260731_111948.jpg
2026-07-31 11:19:48 [INFO] 成功保存检测结果到: C:\code\show\Scrap_Steel_In_Field\photos\dangerous_det\detection_20260731_111948.jpg
2026-07-31 11:19:48 [INFO] 保存的检测结果文件大小: 2286713 字节
2026-07-31 11:19:48 [INFO] 引擎上下文已释放
2026-07-31 11:19:48 [INFO] TensorRT 引擎已释放
2026-07-31 11:19:48 [INFO] 全局 CUDA 资源已释放
2026-07-31 11:19:48 [INFO] 检测系统资源已释放
2026-07-31 11:19:54 [INFO] CUDA 初始化成功
2026-07-31 11:19:54 [INFO] 引擎加载成功: dangerous.engine
2026-07-31 11:19:54 [INFO] 检测系统初始化成功
2026-07-31 11:19:54 [INFO] 图像预处理完成，原始尺寸: (2160, 3840)
2026-07-31 11:19:54 [INFO] 开始执行目标检测...
2026-07-31 11:19:54 [INFO] 检测完成，找到 3 个物体
2026-07-31 11:19:54 [INFO] 物体 1: GasCyl1 (置信度: 0.69)
2026-07-31 11:19:54 [INFO] 物体 2: FireExt1 (置信度: 0.46)
2026-07-31 11:19:54 [INFO] 物体 3: FireExt1 (置信度: 0.45)
2026-07-31 11:19:54 [INFO] 检测到车兜区域，将过滤区域外的目标
2026-07-31 11:19:54 [INFO] 准备保存检测结果到: C:\code\show\Scrap_Steel_In_Field\photos\dangerous_det\detection_20260731_111954.jpg
2026-07-31 11:19:54 [INFO] 图像形状: (2160, 3840, 3)
2026-07-31 11:19:54 [INFO] 图像数据类型: uint8
2026-07-31 11:19:54 [INFO] 图像最大值: 255
2026-07-31 11:19:54 [INFO] 图像最小值: 0
2026-07-31 11:19:54 [INFO] 开始保存检测结果图像: 图像尺寸=(2160, 3840, 3), 类型=uint8, 路径=C:\code\show\Scrap_Steel_In_Field\photos\dangerous_det\detection_20260731_111954.jpg
2026-07-31 11:19:54 [INFO] 成功保存检测结果到: C:\code\show\Scrap_Steel_In_Field\photos\dangerous_det\detection_20260731_111954.jpg
2026-07-31 11:19:54 [INFO] 保存的检测结果文件大小: 2286749 字节
2026-07-31 11:19:54 [INFO] 引擎上下文已释放
2026-07-31 11:19:54 [INFO] TensorRT 引擎已释放
2026-07-31 11:19:54 [INFO] 全局 CUDA 资源已释放
2026-07-31 11:19:54 [INFO] 检测系统资源已释放
2026-07-31 11:19:59 [INFO] CUDA 初始化成功
2026-07-31 11:19:59 [INFO] 引擎加载成功: dangerous.engine
2026-07-31 11:19:59 [INFO] 检测系统初始化成功
2026-07-31 11:19:59 [INFO] 图像预处理完成，原始尺寸: (2160, 3840)
2026-07-31 11:19:59 [INFO] 开始执行目标检测...
2026-07-31 11:19:59 [INFO] 检测完成，找到 3 个物体
2026-07-31 11:19:59 [INFO] 物体 1: GasCyl1 (置信度: 0.65)
2026-07-31 11:19:59 [INFO] 物体 2: FireExt1 (置信度: 0.46)
2026-07-31 11:19:59 [INFO] 物体 3: FireExt1 (置信度: 0.45)
2026-07-31 11:19:59 [INFO] 检测到车兜区域，将过滤区域外的目标
2026-07-31 11:19:59 [INFO] 准备保存检测结果到: C:\code\show\Scrap_Steel_In_Field\photos\dangerous_det\detection_20260731_111959.jpg
2026-07-31 11:19:59 [INFO] 图像形状: (2160, 3840, 3)
2026-07-31 11:19:59 [INFO] 图像数据类型: uint8
2026-07-31 11:19:59 [INFO] 图像最大值: 255
2026-07-31 11:19:59 [INFO] 图像最小值: 0
2026-07-31 11:19:59 [INFO] 开始保存检测结果图像: 图像尺寸=(2160, 3840, 3), 类型=uint8, 路径=C:\code\show\Scrap_Steel_In_Field\photos\dangerous_det\detection_20260731_111959.jpg
2026-07-31 11:19:59 [INFO] 成功保存检测结果到: C:\code\show\Scrap_Steel_In_Field\photos\dangerous_det\detection_20260731_111959.jpg
2026-07-31 11:19:59 [INFO] 保存的检测结果文件大小: 2285200 字节
2026-07-31 11:19:59 [INFO] 引擎上下文已释放
2026-07-31 11:19:59 [INFO] TensorRT 引擎已释放
2026-07-31 11:19:59 [INFO] 全局 CUDA 资源已释放
2026-07-31 11:19:59 [INFO] 检测系统资源已释放
2026-07-31 11:20:04 [INFO] CUDA 初始化成功
2026-07-31 11:20:04 [INFO] 引擎加载成功: dangerous.engine
2026-07-31 11:20:04 [INFO] 检测系统初始化成功
2026-07-31 11:20:04 [INFO] 图像预处理完成，原始尺寸: (2160, 3840)
2026-07-31 11:20:04 [INFO] 开始执行目标检测...
2026-07-31 11:20:05 [INFO] 检测完成，找到 3 个物体
2026-07-31 11:20:05 [INFO] 物体 1: GasCyl1 (置信度: 0.65)
2026-07-31 11:20:05 [INFO] 物体 2: FireExt1 (置信度: 0.45)
2026-07-31 11:20:05 [INFO] 物体 3: FireExt1 (置信度: 0.44)
2026-07-31 11:20:05 [INFO] 检测到车兜区域，将过滤区域外的目标
2026-07-31 11:20:05 [INFO] 准备保存检测结果到: C:\code\show\Scrap_Steel_In_Field\photos\dangerous_det\detection_20260731_112005.jpg
2026-07-31 11:20:05 [INFO] 图像形状: (2160, 3840, 3)
2026-07-31 11:20:05 [INFO] 图像数据类型: uint8
2026-07-31 11:20:05 [INFO] 图像最大值: 255
2026-07-31 11:20:05 [INFO] 图像最小值: 0
2026-07-31 11:20:05 [INFO] 开始保存检测结果图像: 图像尺寸=(2160, 3840, 3), 类型=uint8, 路径=C:\code\show\Scrap_Steel_In_Field\photos\dangerous_det\detection_20260731_112005.jpg
2026-07-31 11:20:05 [INFO] 成功保存检测结果到: C:\code\show\Scrap_Steel_In_Field\photos\dangerous_det\detection_20260731_112005.jpg
2026-07-31 11:20:05 [INFO] 保存的检测结果文件大小: 2287623 字节
2026-07-31 11:20:05 [INFO] 引擎上下文已释放
2026-07-31 11:20:05 [INFO] TensorRT 引擎已释放
2026-07-31 11:20:05 [INFO] 全局 CUDA 资源已释放
2026-07-31 11:20:05 [INFO] 检测系统资源已释放
2026-07-31 11:20:09 [INFO] CUDA 初始化成功
2026-07-31 11:20:09 [INFO] 引擎加载成功: dangerous.engine
2026-07-31 11:20:09 [INFO] 检测系统初始化成功
2026-07-31 11:20:09 [INFO] 图像预处理完成，原始尺寸: (2160, 3840)
2026-07-31 11:20:09 [INFO] 开始执行目标检测...
2026-07-31 11:20:10 [INFO] 检测完成，找到 4 个物体
2026-07-31 11:20:10 [INFO] 物体 1: GasCyl1 (置信度: 0.69)
2026-07-31 11:20:10 [INFO] 物体 2: FireExt1 (置信度: 0.46)
2026-07-31 11:20:10 [INFO] 物体 3: FireExt1 (置信度: 0.43)
2026-07-31 11:20:10 [INFO] 物体 4: FireExt1 (置信度: 0.37)
2026-07-31 11:20:10 [INFO] 检测到车兜区域，将过滤区域外的目标
2026-07-31 11:20:10 [INFO] 准备保存检测结果到: C:\code\show\Scrap_Steel_In_Field\photos\dangerous_det\detection_20260731_112010.jpg
2026-07-31 11:20:10 [INFO] 图像形状: (2160, 3840, 3)
2026-07-31 11:20:10 [INFO] 图像数据类型: uint8
2026-07-31 11:20:10 [INFO] 图像最大值: 255
2026-07-31 11:20:10 [INFO] 图像最小值: 0
2026-07-31 11:20:10 [INFO] 开始保存检测结果图像: 图像尺寸=(2160, 3840, 3), 类型=uint8, 路径=C:\code\show\Scrap_Steel_In_Field\photos\dangerous_det\detection_20260731_112010.jpg
2026-07-31 11:20:10 [INFO] 成功保存检测结果到: C:\code\show\Scrap_Steel_In_Field\photos\dangerous_det\detection_20260731_112010.jpg
2026-07-31 11:20:10 [INFO] 保存的检测结果文件大小: 2291133 字节
2026-07-31 11:20:10 [INFO] 引擎上下文已释放
2026-07-31 11:20:10 [INFO] TensorRT 引擎已释放
2026-07-31 11:20:10 [INFO] 全局 CUDA 资源已释放
2026-07-31 11:20:10 [INFO] 检测系统资源已释放
2026-07-31 11:20:15 [INFO] CUDA 初始化成功
2026-07-31 11:20:15 [INFO] 引擎加载成功: dangerous.engine
2026-07-31 11:20:15 [INFO] 检测系统初始化成功
2026-07-31 11:20:15 [INFO] 图像预处理完成，原始尺寸: (2160, 3840)
2026-07-31 11:20:15 [INFO] 开始执行目标检测...
2026-07-31 11:20:15 [INFO] 检测完成，找到 3 个物体
2026-07-31 11:20:15 [INFO] 物体 1: GasCyl1 (置信度: 0.66)
2026-07-31 11:20:15 [INFO] 物体 2: FireExt1 (置信度: 0.47)
2026-07-31 11:20:15 [INFO] 物体 3: FireExt1 (置信度: 0.40)
2026-07-31 11:20:15 [INFO] 检测到车兜区域，将过滤区域外的目标
2026-07-31 11:20:15 [INFO] 准备保存检测结果到: C:\code\show\Scrap_Steel_In_Field\photos\dangerous_det\detection_20260731_112015.jpg
2026-07-31 11:20:15 [INFO] 图像形状: (2160, 3840, 3)
2026-07-31 11:20:15 [INFO] 图像数据类型: uint8
2026-07-31 11:20:15 [INFO] 图像最大值: 255
2026-07-31 11:20:15 [INFO] 图像最小值: 0
2026-07-31 11:20:15 [INFO] 开始保存检测结果图像: 图像尺寸=(2160, 3840, 3), 类型=uint8, 路径=C:\code\show\Scrap_Steel_In_Field\photos\dangerous_det\detection_20260731_112015.jpg
2026-07-31 11:20:15 [INFO] 成功保存检测结果到: C:\code\show\Scrap_Steel_In_Field\photos\dangerous_det\detection_20260731_112015.jpg
2026-07-31 11:20:15 [INFO] 保存的检测结果文件大小: 2288474 字节
2026-07-31 11:20:15 [INFO] 引擎上下文已释放
2026-07-31 11:20:15 [INFO] TensorRT 引擎已释放
2026-07-31 11:20:15 [INFO] 全局 CUDA 资源已释放
2026-07-31 11:20:15 [INFO] 检测系统资源已释放
2026-07-31 11:20:20 [INFO] CUDA 初始化成功
2026-07-31 11:20:20 [INFO] 引擎加载成功: dangerous.engine
2026-07-31 11:20:20 [INFO] 检测系统初始化成功
2026-07-31 11:20:20 [INFO] 图像预处理完成，原始尺寸: (2160, 3840)
2026-07-31 11:20:20 [INFO] 开始执行目标检测...
2026-07-31 11:20:21 [INFO] 检测完成，找到 3 个物体
2026-07-31 11:20:21 [INFO] 物体 1: GasCyl1 (置信度: 0.70)
2026-07-31 11:20:21 [INFO] 物体 2: FireExt1 (置信度: 0.45)
2026-07-31 11:20:21 [INFO] 物体 3: FireExt1 (置信度: 0.45)
2026-07-31 11:20:21 [INFO] 检测到车兜区域，将过滤区域外的目标
2026-07-31 11:20:21 [INFO] 准备保存检测结果到: C:\code\show\Scrap_Steel_In_Field\photos\dangerous_det\detection_20260731_112021.jpg
2026-07-31 11:20:21 [INFO] 图像形状: (2160, 3840, 3)
2026-07-31 11:20:21 [INFO] 图像数据类型: uint8
2026-07-31 11:20:21 [INFO] 图像最大值: 255
2026-07-31 11:20:21 [INFO] 图像最小值: 0
2026-07-31 11:20:21 [INFO] 开始保存检测结果图像: 图像尺寸=(2160, 3840, 3), 类型=uint8, 路径=C:\code\show\Scrap_Steel_In_Field\photos\dangerous_det\detection_20260731_112021.jpg
2026-07-31 11:20:21 [INFO] 成功保存检测结果到: C:\code\show\Scrap_Steel_In_Field\photos\dangerous_det\detection_20260731_112021.jpg
2026-07-31 11:20:21 [INFO] 保存的检测结果文件大小: 2287231 字节
2026-07-31 11:20:21 [INFO] 引擎上下文已释放
2026-07-31 11:20:21 [INFO] TensorRT 引擎已释放
2026-07-31 11:20:21 [INFO] 全局 CUDA 资源已释放
2026-07-31 11:20:21 [INFO] 检测系统资源已释放
2026-07-31 11:20:25 [INFO] CUDA 初始化成功
2026-07-31 11:20:25 [INFO] 引擎加载成功: dangerous.engine
2026-07-31 11:20:25 [INFO] 检测系统初始化成功
2026-07-31 11:20:25 [INFO] 图像预处理完成，原始尺寸: (2160, 3840)
2026-07-31 11:20:25 [INFO] 开始执行目标检测...
2026-07-31 11:20:25 [INFO] 检测完成，找到 3 个物体
2026-07-31 11:20:25 [INFO] 物体 1: GasCyl1 (置信度: 0.61)
2026-07-31 11:20:25 [INFO] 物体 2: FireExt1 (置信度: 0.46)
2026-07-31 11:20:25 [INFO] 物体 3: FireExt1 (置信度: 0.45)
2026-07-31 11:20:25 [INFO] 检测到车兜区域，将过滤区域外的目标
2026-07-31 11:20:25 [INFO] 准备保存检测结果到: C:\code\show\Scrap_Steel_In_Field\photos\dangerous_det\detection_20260731_112025.jpg
2026-07-31 11:20:25 [INFO] 图像形状: (2160, 3840, 3)
2026-07-31 11:20:25 [INFO] 图像数据类型: uint8
2026-07-31 11:20:25 [INFO] 图像最大值: 255
2026-07-31 11:20:25 [INFO] 图像最小值: 0
2026-07-31 11:20:25 [INFO] 开始保存检测结果图像: 图像尺寸=(2160, 3840, 3), 类型=uint8, 路径=C:\code\show\Scrap_Steel_In_Field\photos\dangerous_det\detection_20260731_112025.jpg
2026-07-31 11:20:25 [INFO] 成功保存检测结果到: C:\code\show\Scrap_Steel_In_Field\photos\dangerous_det\detection_20260731_112025.jpg
2026-07-31 11:20:25 [INFO] 保存的检测结果文件大小: 2288761 字节
2026-07-31 11:20:25 [INFO] 引擎上下文已释放
2026-07-31 11:20:25 [INFO] TensorRT 引擎已释放
2026-07-31 11:20:25 [INFO] 全局 CUDA 资源已释放
2026-07-31 11:20:25 [INFO] 检测系统资源已释放
2026-07-31 11:20:30 [INFO] CUDA 初始化成功
2026-07-31 11:20:30 [INFO] 引擎加载成功: dangerous.engine
2026-07-31 11:20:30 [INFO] 检测系统初始化成功
2026-07-31 11:20:30 [INFO] 图像预处理完成，原始尺寸: (2160, 3840)
2026-07-31 11:20:30 [INFO] 开始执行目标检测...
2026-07-31 11:20:30 [INFO] 检测完成，找到 3 个物体
2026-07-31 11:20:30 [INFO] 物体 1: GasCyl1 (置信度: 0.62)
2026-07-31 11:20:30 [INFO] 物体 2: FireExt1 (置信度: 0.46)
2026-07-31 11:20:30 [INFO] 物体 3: FireExt1 (置信度: 0.45)
2026-07-31 11:20:31 [INFO] 检测到车兜区域，将过滤区域外的目标
2026-07-31 11:20:31 [INFO] 准备保存检测结果到: C:\code\show\Scrap_Steel_In_Field\photos\dangerous_det\detection_20260731_112031.jpg
2026-07-31 11:20:31 [INFO] 图像形状: (2160, 3840, 3)
2026-07-31 11:20:31 [INFO] 图像数据类型: uint8
2026-07-31 11:20:31 [INFO] 图像最大值: 255
2026-07-31 11:20:31 [INFO] 图像最小值: 0
2026-07-31 11:20:31 [INFO] 开始保存检测结果图像: 图像尺寸=(2160, 3840, 3), 类型=uint8, 路径=C:\code\show\Scrap_Steel_In_Field\photos\dangerous_det\detection_20260731_112031.jpg
2026-07-31 11:20:31 [INFO] 成功保存检测结果到: C:\code\show\Scrap_Steel_In_Field\photos\dangerous_det\detection_20260731_112031.jpg
2026-07-31 11:20:31 [INFO] 保存的检测结果文件大小: 2291802 字节
2026-07-31 11:20:31 [INFO] 引擎上下文已释放
2026-07-31 11:20:31 [INFO] TensorRT 引擎已释放
2026-07-31 11:20:31 [INFO] 全局 CUDA 资源已释放
2026-07-31 11:20:31 [INFO] 检测系统资源已释放
2026-07-31 11:20:36 [INFO] CUDA 初始化成功
2026-07-31 11:20:36 [INFO] 引擎加载成功: dangerous.engine
2026-07-31 11:20:36 [INFO] 检测系统初始化成功
2026-07-31 11:20:36 [INFO] 图像预处理完成，原始尺寸: (2160, 3840)
2026-07-31 11:20:36 [INFO] 开始执行目标检测...
2026-07-31 11:20:36 [INFO] 检测完成，找到 3 个物体
2026-07-31 11:20:36 [INFO] 物体 1: GasCyl1 (置信度: 0.70)
2026-07-31 11:20:36 [INFO] 物体 2: FireExt1 (置信度: 0.44)
2026-07-31 11:20:36 [INFO] 物体 3: FireExt1 (置信度: 0.43)
2026-07-31 11:20:36 [INFO] 检测到车兜区域，将过滤区域外的目标
2026-07-31 11:20:36 [INFO] 准备保存检测结果到: C:\code\show\Scrap_Steel_In_Field\photos\dangerous_det\detection_20260731_112036.jpg
2026-07-31 11:20:36 [INFO] 图像形状: (2160, 3840, 3)
2026-07-31 11:20:36 [INFO] 图像数据类型: uint8
2026-07-31 11:20:36 [INFO] 图像最大值: 255
2026-07-31 11:20:36 [INFO] 图像最小值: 0
2026-07-31 11:20:36 [INFO] 开始保存检测结果图像: 图像尺寸=(2160, 3840, 3), 类型=uint8, 路径=C:\code\show\Scrap_Steel_In_Field\photos\dangerous_det\detection_20260731_112036.jpg
2026-07-31 11:20:36 [INFO] 成功保存检测结果到: C:\code\show\Scrap_Steel_In_Field\photos\dangerous_det\detection_20260731_112036.jpg
2026-07-31 11:20:36 [INFO] 保存的检测结果文件大小: 2288583 字节
2026-07-31 11:20:36 [INFO] 引擎上下文已释放
2026-07-31 11:20:36 [INFO] TensorRT 引擎已释放
2026-07-31 11:20:36 [INFO] 全局 CUDA 资源已释放
2026-07-31 11:20:36 [INFO] 检测系统资源已释放
2026-07-31 11:20:41 [INFO] CUDA 初始化成功
2026-07-31 11:20:41 [INFO] 引擎加载成功: dangerous.engine
2026-07-31 11:20:41 [INFO] 检测系统初始化成功
2026-07-31 11:20:41 [INFO] 图像预处理完成，原始尺寸: (2160, 3840)
2026-07-31 11:20:41 [INFO] 开始执行目标检测...
2026-07-31 11:20:41 [INFO] 检测完成，找到 3 个物体
2026-07-31 11:20:41 [INFO] 物体 1: GasCyl1 (置信度: 0.63)
2026-07-31 11:20:41 [INFO] 物体 2: FireExt1 (置信度: 0.46)
2026-07-31 11:20:41 [INFO] 物体 3: FireExt1 (置信度: 0.46)
2026-07-31 11:20:41 [INFO] 检测到车兜区域，将过滤区域外的目标
2026-07-31 11:20:41 [INFO] 准备保存检测结果到: C:\code\show\Scrap_Steel_In_Field\photos\dangerous_det\detection_20260731_112041.jpg
2026-07-31 11:20:41 [INFO] 图像形状: (2160, 3840, 3)
2026-07-31 11:20:41 [INFO] 图像数据类型: uint8
2026-07-31 11:20:41 [INFO] 图像最大值: 255
2026-07-31 11:20:41 [INFO] 图像最小值: 0
2026-07-31 11:20:41 [INFO] 开始保存检测结果图像: 图像尺寸=(2160, 3840, 3), 类型=uint8, 路径=C:\code\show\Scrap_Steel_In_Field\photos\dangerous_det\detection_20260731_112041.jpg
2026-07-31 11:20:41 [INFO] 成功保存检测结果到: C:\code\show\Scrap_Steel_In_Field\photos\dangerous_det\detection_20260731_112041.jpg
2026-07-31 11:20:41 [INFO] 保存的检测结果文件大小: 2287756 字节
2026-07-31 11:20:41 [INFO] 引擎上下文已释放
2026-07-31 11:20:41 [INFO] TensorRT 引擎已释放
2026-07-31 11:20:41 [INFO] 全局 CUDA 资源已释放
2026-07-31 11:20:41 [INFO] 检测系统资源已释放
2026-07-31 11:20:46 [INFO] CUDA 初始化成功
2026-07-31 11:20:46 [INFO] 引擎加载成功: dangerous.engine
2026-07-31 11:20:46 [INFO] 检测系统初始化成功
2026-07-31 11:20:46 [INFO] 图像预处理完成，原始尺寸: (2160, 3840)
2026-07-31 11:20:46 [INFO] 开始执行目标检测...
2026-07-31 11:20:46 [INFO] 检测完成，找到 3 个物体
2026-07-31 11:20:46 [INFO] 物体 1: GasCyl1 (置信度: 0.67)
2026-07-31 11:20:46 [INFO] 物体 2: FireExt1 (置信度: 0.46)
2026-07-31 11:20:46 [INFO] 物体 3: FireExt1 (置信度: 0.45)
2026-07-31 11:20:46 [INFO] 检测到车兜区域，将过滤区域外的目标
2026-07-31 11:20:46 [INFO] 准备保存检测结果到: C:\code\show\Scrap_Steel_In_Field\photos\dangerous_det\detection_20260731_112046.jpg
2026-07-31 11:20:46 [INFO] 图像形状: (2160, 3840, 3)
2026-07-31 11:20:46 [INFO] 图像数据类型: uint8
2026-07-31 11:20:46 [INFO] 图像最大值: 255
2026-07-31 11:20:46 [INFO] 图像最小值: 0
2026-07-31 11:20:46 [INFO] 开始保存检测结果图像: 图像尺寸=(2160, 3840, 3), 类型=uint8, 路径=C:\code\show\Scrap_Steel_In_Field\photos\dangerous_det\detection_20260731_112046.jpg
2026-07-31 11:20:46 [INFO] 成功保存检测结果到: C:\code\show\Scrap_Steel_In_Field\photos\dangerous_det\detection_20260731_112046.jpg
2026-07-31 11:20:46 [INFO] 保存的检测结果文件大小: 2284575 字节
2026-07-31 11:20:46 [INFO] 引擎上下文已释放
2026-07-31 11:20:46 [INFO] TensorRT 引擎已释放
2026-07-31 11:20:46 [INFO] 全局 CUDA 资源已释放
2026-07-31 11:20:46 [INFO] 检测系统资源已释放
2026-07-31 11:20:52 [INFO] CUDA 初始化成功
2026-07-31 11:20:52 [INFO] 引擎加载成功: dangerous.engine
2026-07-31 11:20:52 [INFO] 检测系统初始化成功
2026-07-31 11:20:52 [INFO] 图像预处理完成，原始尺寸: (2160, 3840)
2026-07-31 11:20:52 [INFO] 开始执行目标检测...
2026-07-31 11:20:52 [INFO] 检测完成，找到 3 个物体
2026-07-31 11:20:52 [INFO] 物体 1: GasCyl1 (置信度: 0.58)
2026-07-31 11:20:52 [INFO] 物体 2: FireExt1 (置信度: 0.45)
2026-07-31 11:20:52 [INFO] 物体 3: FireExt1 (置信度: 0.44)
2026-07-31 11:20:52 [INFO] 检测到车兜区域，将过滤区域外的目标
2026-07-31 11:20:52 [INFO] 准备保存检测结果到: C:\code\show\Scrap_Steel_In_Field\photos\dangerous_det\detection_20260731_112052.jpg
2026-07-31 11:20:52 [INFO] 图像形状: (2160, 3840, 3)
2026-07-31 11:20:52 [INFO] 图像数据类型: uint8
2026-07-31 11:20:52 [INFO] 图像最大值: 255
2026-07-31 11:20:52 [INFO] 图像最小值: 0
2026-07-31 11:20:52 [INFO] 开始保存检测结果图像: 图像尺寸=(2160, 3840, 3), 类型=uint8, 路径=C:\code\show\Scrap_Steel_In_Field\photos\dangerous_det\detection_20260731_112052.jpg
2026-07-31 11:20:52 [INFO] 成功保存检测结果到: C:\code\show\Scrap_Steel_In_Field\photos\dangerous_det\detection_20260731_112052.jpg
2026-07-31 11:20:52 [INFO] 保存的检测结果文件大小: 2288167 字节
2026-07-31 11:20:52 [INFO] 引擎上下文已释放
2026-07-31 11:20:52 [INFO] TensorRT 引擎已释放
2026-07-31 11:20:52 [INFO] 全局 CUDA 资源已释放
2026-07-31 11:20:52 [INFO] 检测系统资源已释放
2026-07-31 11:20:57 [INFO] CUDA 初始化成功
2026-07-31 11:20:57 [INFO] 引擎加载成功: dangerous.engine
2026-07-31 11:20:57 [INFO] 检测系统初始化成功
2026-07-31 11:20:57 [INFO] 图像预处理完成，原始尺寸: (2160, 3840)
2026-07-31 11:20:57 [INFO] 开始执行目标检测...
2026-07-31 11:20:57 [INFO] 检测完成，找到 3 个物体
2026-07-31 11:20:57 [INFO] 物体 1: GasCyl1 (置信度: 0.65)
2026-07-31 11:20:57 [INFO] 物体 2: FireExt1 (置信度: 0.45)
2026-07-31 11:20:57 [INFO] 物体 3: FireExt1 (置信度: 0.44)
2026-07-31 11:20:57 [INFO] 检测到车兜区域，将过滤区域外的目标
2026-07-31 11:20:57 [INFO] 准备保存检测结果到: C:\code\show\Scrap_Steel_In_Field\photos\dangerous_det\detection_20260731_112057.jpg
2026-07-31 11:20:57 [INFO] 图像形状: (2160, 3840, 3)
2026-07-31 11:20:57 [INFO] 图像数据类型: uint8
2026-07-31 11:20:57 [INFO] 图像最大值: 255
2026-07-31 11:20:57 [INFO] 图像最小值: 0
2026-07-31 11:20:57 [INFO] 开始保存检测结果图像: 图像尺寸=(2160, 3840, 3), 类型=uint8, 路径=C:\code\show\Scrap_Steel_In_Field\photos\dangerous_det\detection_20260731_112057.jpg
2026-07-31 11:20:57 [INFO] 成功保存检测结果到: C:\code\show\Scrap_Steel_In_Field\photos\dangerous_det\detection_20260731_112057.jpg
2026-07-31 11:20:57 [INFO] 保存的检测结果文件大小: 2286985 字节
2026-07-31 11:20:57 [INFO] 引擎上下文已释放
2026-07-31 11:20:57 [INFO] TensorRT 引擎已释放
2026-07-31 11:20:57 [INFO] 全局 CUDA 资源已释放
2026-07-31 11:20:57 [INFO] 检测系统资源已释放
2026-07-31 11:21:02 [INFO] CUDA 初始化成功
2026-07-31 11:21:02 [INFO] 引擎加载成功: dangerous.engine
2026-07-31 11:21:02 [INFO] 检测系统初始化成功
2026-07-31 11:21:02 [INFO] 图像预处理完成，原始尺寸: (2160, 3840)
2026-07-31 11:21:02 [INFO] 开始执行目标检测...
2026-07-31 11:21:02 [INFO] 检测完成，找到 3 个物体
2026-07-31 11:21:02 [INFO] 物体 1: GasCyl1 (置信度: 0.68)
2026-07-31 11:21:02 [INFO] 物体 2: FireExt1 (置信度: 0.44)
2026-07-31 11:21:02 [INFO] 物体 3: FireExt1 (置信度: 0.44)
2026-07-31 11:21:02 [INFO] 检测到车兜区域，将过滤区域外的目标
2026-07-31 11:21:02 [INFO] 准备保存检测结果到: C:\code\show\Scrap_Steel_In_Field\photos\dangerous_det\detection_20260731_112102.jpg
2026-07-31 11:21:02 [INFO] 图像形状: (2160, 3840, 3)
2026-07-31 11:21:02 [INFO] 图像数据类型: uint8
2026-07-31 11:21:02 [INFO] 图像最大值: 255
2026-07-31 11:21:02 [INFO] 图像最小值: 0
2026-07-31 11:21:02 [INFO] 开始保存检测结果图像: 图像尺寸=(2160, 3840, 3), 类型=uint8, 路径=C:\code\show\Scrap_Steel_In_Field\photos\dangerous_det\detection_20260731_112102.jpg
2026-07-31 11:21:02 [INFO] 成功保存检测结果到: C:\code\show\Scrap_Steel_In_Field\photos\dangerous_det\detection_20260731_112102.jpg
2026-07-31 11:21:02 [INFO] 保存的检测结果文件大小: 2287179 字节
2026-07-31 11:21:02 [INFO] 引擎上下文已释放
2026-07-31 11:21:02 [INFO] TensorRT 引擎已释放
2026-07-31 11:21:02 [INFO] 全局 CUDA 资源已释放
2026-07-31 11:21:02 [INFO] 检测系统资源已释放
2026-07-31 11:21:07 [INFO] CUDA 初始化成功
2026-07-31 11:21:07 [INFO] 引擎加载成功: dangerous.engine
2026-07-31 11:21:07 [INFO] 检测系统初始化成功
2026-07-31 11:21:07 [INFO] 图像预处理完成，原始尺寸: (2160, 3840)
2026-07-31 11:21:07 [INFO] 开始执行目标检测...
2026-07-31 11:21:07 [INFO] 检测完成，找到 3 个物体
2026-07-31 11:21:07 [INFO] 物体 1: GasCyl1 (置信度: 0.72)
2026-07-31 11:21:07 [INFO] 物体 2: FireExt1 (置信度: 0.45)
2026-07-31 11:21:07 [INFO] 物体 3: FireExt1 (置信度: 0.45)
2026-07-31 11:21:07 [INFO] 检测到车兜区域，将过滤区域外的目标
2026-07-31 11:21:07 [INFO] 准备保存检测结果到: C:\code\show\Scrap_Steel_In_Field\photos\dangerous_det\detection_20260731_112107.jpg
2026-07-31 11:21:07 [INFO] 图像形状: (2160, 3840, 3)
2026-07-31 11:21:07 [INFO] 图像数据类型: uint8
2026-07-31 11:21:07 [INFO] 图像最大值: 255
2026-07-31 11:21:07 [INFO] 图像最小值: 0
2026-07-31 11:21:07 [INFO] 开始保存检测结果图像: 图像尺寸=(2160, 3840, 3), 类型=uint8, 路径=C:\code\show\Scrap_Steel_In_Field\photos\dangerous_det\detection_20260731_112107.jpg
2026-07-31 11:21:07 [INFO] 成功保存检测结果到: C:\code\show\Scrap_Steel_In_Field\photos\dangerous_det\detection_20260731_112107.jpg
2026-07-31 11:21:07 [INFO] 保存的检测结果文件大小: 2289208 字节
2026-07-31 11:21:07 [INFO] 引擎上下文已释放
2026-07-31 11:21:07 [INFO] TensorRT 引擎已释放
2026-07-31 11:21:07 [INFO] 全局 CUDA 资源已释放
2026-07-31 11:21:07 [INFO] 检测系统资源已释放
2026-07-31 11:21:12 [INFO] CUDA 初始化成功
2026-07-31 11:21:12 [INFO] 引擎加载成功: dangerous.engine
2026-07-31 11:21:12 [INFO] 检测系统初始化成功
2026-07-31 11:21:12 [INFO] 图像预处理完成，原始尺寸: (2160, 3840)
2026-07-31 11:21:12 [INFO] 开始执行目标检测...
2026-07-31 11:21:12 [INFO] 检测完成，找到 3 个物体
2026-07-31 11:21:12 [INFO] 物体 1: GasCyl1 (置信度: 0.72)
2026-07-31 11:21:12 [INFO] 物体 2: FireExt1 (置信度: 0.45)
2026-07-31 11:21:12 [INFO] 物体 3: FireExt1 (置信度: 0.43)
2026-07-31 11:21:13 [INFO] 检测到车兜区域，将过滤区域外的目标
2026-07-31 11:21:13 [INFO] 准备保存检测结果到: C:\code\show\Scrap_Steel_In_Field\photos\dangerous_det\detection_20260731_112113.jpg
2026-07-31 11:21:13 [INFO] 图像形状: (2160, 3840, 3)
2026-07-31 11:21:13 [INFO] 图像数据类型: uint8
2026-07-31 11:21:13 [INFO] 图像最大值: 255
2026-07-31 11:21:13 [INFO] 图像最小值: 0
2026-07-31 11:21:13 [INFO] 开始保存检测结果图像: 图像尺寸=(2160, 3840, 3), 类型=uint8, 路径=C:\code\show\Scrap_Steel_In_Field\photos\dangerous_det\detection_20260731_112113.jpg
2026-07-31 11:21:13 [INFO] 成功保存检测结果到: C:\code\show\Scrap_Steel_In_Field\photos\dangerous_det\detection_20260731_112113.jpg
2026-07-31 11:21:13 [INFO] 保存的检测结果文件大小: 2287886 字节
2026-07-31 11:21:13 [INFO] 引擎上下文已释放
2026-07-31 11:21:13 [INFO] TensorRT 引擎已释放
2026-07-31 11:21:13 [INFO] 全局 CUDA 资源已释放
2026-07-31 11:21:13 [INFO] 检测系统资源已释放
2026-07-31 11:21:18 [INFO] CUDA 初始化成功
2026-07-31 11:21:18 [INFO] 引擎加载成功: dangerous.engine
2026-07-31 11:21:18 [INFO] 检测系统初始化成功
2026-07-31 11:21:18 [INFO] 图像预处理完成，原始尺寸: (2160, 3840)
2026-07-31 11:21:18 [INFO] 开始执行目标检测...
2026-07-31 11:21:18 [INFO] 检测完成，找到 3 个物体
2026-07-31 11:21:18 [INFO] 物体 1: GasCyl1 (置信度: 0.65)
2026-07-31 11:21:18 [INFO] 物体 2: FireExt1 (置信度: 0.47)
2026-07-31 11:21:18 [INFO] 物体 3: FireExt1 (置信度: 0.47)
2026-07-31 11:21:18 [INFO] 检测到车兜区域，将过滤区域外的目标
2026-07-31 11:21:18 [INFO] 准备保存检测结果到: C:\code\show\Scrap_Steel_In_Field\photos\dangerous_det\detection_20260731_112118.jpg
2026-07-31 11:21:18 [INFO] 图像形状: (2160, 3840, 3)
2026-07-31 11:21:18 [INFO] 图像数据类型: uint8
2026-07-31 11:21:18 [INFO] 图像最大值: 255
2026-07-31 11:21:18 [INFO] 图像最小值: 0
2026-07-31 11:21:18 [INFO] 开始保存检测结果图像: 图像尺寸=(2160, 3840, 3), 类型=uint8, 路径=C:\code\show\Scrap_Steel_In_Field\photos\dangerous_det\detection_20260731_112118.jpg
2026-07-31 11:21:18 [INFO] 成功保存检测结果到: C:\code\show\Scrap_Steel_In_Field\photos\dangerous_det\detection_20260731_112118.jpg
2026-07-31 11:21:18 [INFO] 保存的检测结果文件大小: 2287311 字节
2026-07-31 11:21:18 [INFO] 引擎上下文已释放
2026-07-31 11:21:18 [INFO] TensorRT 引擎已释放
2026-07-31 11:21:18 [INFO] 全局 CUDA 资源已释放
2026-07-31 11:21:18 [INFO] 检测系统资源已释放
2026-07-31 11:21:23 [INFO] CUDA 初始化成功
2026-07-31 11:21:23 [INFO] 引擎加载成功: dangerous.engine
2026-07-31 11:21:23 [INFO] 检测系统初始化成功
2026-07-31 11:21:23 [INFO] 图像预处理完成，原始尺寸: (2160, 3840)
2026-07-31 11:21:23 [INFO] 开始执行目标检测...
2026-07-31 11:21:23 [INFO] 检测完成，找到 3 个物体
2026-07-31 11:21:23 [INFO] 物体 1: GasCyl1 (置信度: 0.69)
2026-07-31 11:21:23 [INFO] 物体 2: FireExt1 (置信度: 0.46)
2026-07-31 11:21:23 [INFO] 物体 3: FireExt1 (置信度: 0.45)
2026-07-31 11:21:23 [INFO] 检测到车兜区域，将过滤区域外的目标
2026-07-31 11:21:23 [INFO] 准备保存检测结果到: C:\code\show\Scrap_Steel_In_Field\photos\dangerous_det\detection_20260731_112123.jpg
2026-07-31 11:21:23 [INFO] 图像形状: (2160, 3840, 3)
2026-07-31 11:21:23 [INFO] 图像数据类型: uint8
2026-07-31 11:21:23 [INFO] 图像最大值: 255
2026-07-31 11:21:23 [INFO] 图像最小值: 0
2026-07-31 11:21:23 [INFO] 开始保存检测结果图像: 图像尺寸=(2160, 3840, 3), 类型=uint8, 路径=C:\code\show\Scrap_Steel_In_Field\photos\dangerous_det\detection_20260731_112123.jpg
2026-07-31 11:21:23 [INFO] 成功保存检测结果到: C:\code\show\Scrap_Steel_In_Field\photos\dangerous_det\detection_20260731_112123.jpg
2026-07-31 11:21:23 [INFO] 保存的检测结果文件大小: 2286717 字节
2026-07-31 11:21:23 [INFO] 引擎上下文已释放
2026-07-31 11:21:23 [INFO] TensorRT 引擎已释放
2026-07-31 11:21:23 [INFO] 全局 CUDA 资源已释放
2026-07-31 11:21:23 [INFO] 检测系统资源已释放
2026-07-31 11:21:28 [INFO] CUDA 初始化成功
2026-07-31 11:21:28 [INFO] 引擎加载成功: dangerous.engine
2026-07-31 11:21:28 [INFO] 检测系统初始化成功
2026-07-31 11:21:28 [INFO] 图像预处理完成，原始尺寸: (2160, 3840)
2026-07-31 11:21:28 [INFO] 开始执行目标检测...
2026-07-31 11:21:28 [INFO] 检测完成，找到 3 个物体
2026-07-31 11:21:28 [INFO] 物体 1: GasCyl1 (置信度: 0.62)
2026-07-31 11:21:28 [INFO] 物体 2: FireExt1 (置信度: 0.46)
2026-07-31 11:21:28 [INFO] 物体 3: FireExt1 (置信度: 0.43)
2026-07-31 11:21:28 [INFO] 检测到车兜区域，将过滤区域外的目标
2026-07-31 11:21:28 [INFO] 准备保存检测结果到: C:\code\show\Scrap_Steel_In_Field\photos\dangerous_det\detection_20260731_112128.jpg
2026-07-31 11:21:28 [INFO] 图像形状: (2160, 3840, 3)
2026-07-31 11:21:28 [INFO] 图像数据类型: uint8
2026-07-31 11:21:28 [INFO] 图像最大值: 255
2026-07-31 11:21:28 [INFO] 图像最小值: 0
2026-07-31 11:21:28 [INFO] 开始保存检测结果图像: 图像尺寸=(2160, 3840, 3), 类型=uint8, 路径=C:\code\show\Scrap_Steel_In_Field\photos\dangerous_det\detection_20260731_112128.jpg
2026-07-31 11:21:28 [INFO] 成功保存检测结果到: C:\code\show\Scrap_Steel_In_Field\photos\dangerous_det\detection_20260731_112128.jpg
2026-07-31 11:21:28 [INFO] 保存的检测结果文件大小: 2286566 字节
2026-07-31 11:21:28 [INFO] 引擎上下文已释放
2026-07-31 11:21:28 [INFO] TensorRT 引擎已释放
2026-07-31 11:21:28 [INFO] 全局 CUDA 资源已释放
2026-07-31 11:21:28 [INFO] 检测系统资源已释放
2026-07-31 11:21:33 [INFO] CUDA 初始化成功
2026-07-31 11:21:33 [INFO] 引擎加载成功: dangerous.engine
2026-07-31 11:21:33 [INFO] 检测系统初始化成功
2026-07-31 11:21:33 [INFO] 图像预处理完成，原始尺寸: (2160, 3840)
2026-07-31 11:21:33 [INFO] 开始执行目标检测...
2026-07-31 11:21:33 [INFO] 检测完成，找到 3 个物体
2026-07-31 11:21:33 [INFO] 物体 1: GasCyl1 (置信度: 0.65)
2026-07-31 11:21:33 [INFO] 物体 2: FireExt1 (置信度: 0.47)
2026-07-31 11:21:33 [INFO] 物体 3: FireExt1 (置信度: 0.44)
2026-07-31 11:21:33 [INFO] 检测到车兜区域，将过滤区域外的目标
2026-07-31 11:21:33 [INFO] 准备保存检测结果到: C:\code\show\Scrap_Steel_In_Field\photos\dangerous_det\detection_20260731_112133.jpg
2026-07-31 11:21:33 [INFO] 图像形状: (2160, 3840, 3)
2026-07-31 11:21:33 [INFO] 图像数据类型: uint8
2026-07-31 11:21:33 [INFO] 图像最大值: 255
2026-07-31 11:21:33 [INFO] 图像最小值: 0
2026-07-31 11:21:33 [INFO] 开始保存检测结果图像: 图像尺寸=(2160, 3840, 3), 类型=uint8, 路径=C:\code\show\Scrap_Steel_In_Field\photos\dangerous_det\detection_20260731_112133.jpg
2026-07-31 11:21:33 [INFO] 成功保存检测结果到: C:\code\show\Scrap_Steel_In_Field\photos\dangerous_det\detection_20260731_112133.jpg
2026-07-31 11:21:33 [INFO] 保存的检测结果文件大小: 2289378 字节
2026-07-31 11:21:33 [INFO] 引擎上下文已释放
2026-07-31 11:21:33 [INFO] TensorRT 引擎已释放
2026-07-31 11:21:33 [INFO] 全局 CUDA 资源已释放
2026-07-31 11:21:33 [INFO] 检测系统资源已释放
2026-07-31 11:21:38 [INFO] CUDA 初始化成功
2026-07-31 11:21:38 [INFO] 引擎加载成功: dangerous.engine
2026-07-31 11:21:38 [INFO] 检测系统初始化成功
2026-07-31 11:21:38 [INFO] 图像预处理完成，原始尺寸: (2160, 3840)
2026-07-31 11:21:38 [INFO] 开始执行目标检测...
2026-07-31 11:21:39 [INFO] 检测完成，找到 3 个物体
2026-07-31 11:21:39 [INFO] 物体 1: GasCyl1 (置信度: 0.60)
2026-07-31 11:21:39 [INFO] 物体 2: FireExt1 (置信度: 0.46)
2026-07-31 11:21:39 [INFO] 物体 3: FireExt1 (置信度: 0.45)
2026-07-31 11:21:39 [INFO] 检测到车兜区域，将过滤区域外的目标
2026-07-31 11:21:39 [INFO] 准备保存检测结果到: C:\code\show\Scrap_Steel_In_Field\photos\dangerous_det\detection_20260731_112139.jpg
2026-07-31 11:21:39 [INFO] 图像形状: (2160, 3840, 3)
2026-07-31 11:21:39 [INFO] 图像数据类型: uint8
2026-07-31 11:21:39 [INFO] 图像最大值: 255
2026-07-31 11:21:39 [INFO] 图像最小值: 0
2026-07-31 11:21:39 [INFO] 开始保存检测结果图像: 图像尺寸=(2160, 3840, 3), 类型=uint8, 路径=C:\code\show\Scrap_Steel_In_Field\photos\dangerous_det\detection_20260731_112139.jpg
2026-07-31 11:21:39 [INFO] 成功保存检测结果到: C:\code\show\Scrap_Steel_In_Field\photos\dangerous_det\detection_20260731_112139.jpg
2026-07-31 11:21:39 [INFO] 保存的检测结果文件大小: 2285472 字节
2026-07-31 11:21:39 [INFO] 引擎上下文已释放
2026-07-31 11:21:39 [INFO] TensorRT 引擎已释放
2026-07-31 11:21:39 [INFO] 全局 CUDA 资源已释放
2026-07-31 11:21:39 [INFO] 检测系统资源已释放
2026-07-31 11:21:44 [INFO] CUDA 初始化成功
2026-07-31 11:21:44 [INFO] 引擎加载成功: dangerous.engine
2026-07-31 11:21:44 [INFO] 检测系统初始化成功
2026-07-31 11:21:44 [INFO] 图像预处理完成，原始尺寸: (2160, 3840)
2026-07-31 11:21:44 [INFO] 开始执行目标检测...
2026-07-31 11:21:44 [INFO] 检测完成，找到 3 个物体
2026-07-31 11:21:44 [INFO] 物体 1: GasCyl1 (置信度: 0.67)
2026-07-31 11:21:44 [INFO] 物体 2: FireExt1 (置信度: 0.46)
2026-07-31 11:21:44 [INFO] 物体 3: FireExt1 (置信度: 0.46)
2026-07-31 11:21:44 [INFO] 检测到车兜区域，将过滤区域外的目标
2026-07-31 11:21:44 [INFO] 准备保存检测结果到: C:\code\show\Scrap_Steel_In_Field\photos\dangerous_det\detection_20260731_112144.jpg
2026-07-31 11:21:44 [INFO] 图像形状: (2160, 3840, 3)
2026-07-31 11:21:44 [INFO] 图像数据类型: uint8
2026-07-31 11:21:44 [INFO] 图像最大值: 255
2026-07-31 11:21:44 [INFO] 图像最小值: 0
2026-07-31 11:21:44 [INFO] 开始保存检测结果图像: 图像尺寸=(2160, 3840, 3), 类型=uint8, 路径=C:\code\show\Scrap_Steel_In_Field\photos\dangerous_det\detection_20260731_112144.jpg
2026-07-31 11:21:44 [INFO] 成功保存检测结果到: C:\code\show\Scrap_Steel_In_Field\photos\dangerous_det\detection_20260731_112144.jpg
2026-07-31 11:21:44 [INFO] 保存的检测结果文件大小: 2289029 字节
2026-07-31 11:21:44 [INFO] 引擎上下文已释放
2026-07-31 11:21:44 [INFO] TensorRT 引擎已释放
2026-07-31 11:21:44 [INFO] 全局 CUDA 资源已释放
2026-07-31 11:21:44 [INFO] 检测系统资源已释放
2026-07-31 11:21:49 [INFO] CUDA 初始化成功
2026-07-31 11:21:49 [INFO] 引擎加载成功: dangerous.engine
2026-07-31 11:21:49 [INFO] 检测系统初始化成功
2026-07-31 11:21:49 [INFO] 图像预处理完成，原始尺寸: (2160, 3840)
2026-07-31 11:21:49 [INFO] 开始执行目标检测...
2026-07-31 11:21:49 [INFO] 检测完成，找到 3 个物体
2026-07-31 11:21:49 [INFO] 物体 1: GasCyl1 (置信度: 0.67)
2026-07-31 11:21:49 [INFO] 物体 2: FireExt1 (置信度: 0.48)
2026-07-31 11:21:49 [INFO] 物体 3: FireExt1 (置信度: 0.47)
2026-07-31 11:21:49 [INFO] 检测到车兜区域，将过滤区域外的目标
2026-07-31 11:21:49 [INFO] 准备保存检测结果到: C:\code\show\Scrap_Steel_In_Field\photos\dangerous_det\detection_20260731_112149.jpg
2026-07-31 11:21:49 [INFO] 图像形状: (2160, 3840, 3)
2026-07-31 11:21:49 [INFO] 图像数据类型: uint8
2026-07-31 11:21:49 [INFO] 图像最大值: 255
2026-07-31 11:21:49 [INFO] 图像最小值: 0
2026-07-31 11:21:49 [INFO] 开始保存检测结果图像: 图像尺寸=(2160, 3840, 3), 类型=uint8, 路径=C:\code\show\Scrap_Steel_In_Field\photos\dangerous_det\detection_20260731_112149.jpg
2026-07-31 11:21:49 [INFO] 成功保存检测结果到: C:\code\show\Scrap_Steel_In_Field\photos\dangerous_det\detection_20260731_112149.jpg
2026-07-31 11:21:49 [INFO] 保存的检测结果文件大小: 2289571 字节
2026-07-31 11:21:49 [INFO] 引擎上下文已释放
2026-07-31 11:21:49 [INFO] TensorRT 引擎已释放
2026-07-31 11:21:49 [INFO] 全局 CUDA 资源已释放
2026-07-31 11:21:49 [INFO] 检测系统资源已释放
2026-07-31 11:21:54 [INFO] CUDA 初始化成功
2026-07-31 11:21:54 [INFO] 引擎加载成功: dangerous.engine
2026-07-31 11:21:54 [INFO] 检测系统初始化成功
2026-07-31 11:21:54 [INFO] 图像预处理完成，原始尺寸: (2160, 3840)
2026-07-31 11:21:54 [INFO] 开始执行目标检测...
2026-07-31 11:21:54 [INFO] 检测完成，找到 3 个物体
2026-07-31 11:21:54 [INFO] 物体 1: GasCyl1 (置信度: 0.70)
2026-07-31 11:21:54 [INFO] 物体 2: FireExt1 (置信度: 0.46)
2026-07-31 11:21:54 [INFO] 物体 3: FireExt1 (置信度: 0.43)
2026-07-31 11:21:54 [INFO] 检测到车兜区域，将过滤区域外的目标
2026-07-31 11:21:54 [INFO] 准备保存检测结果到: C:\code\show\Scrap_Steel_In_Field\photos\dangerous_det\detection_20260731_112154.jpg
2026-07-31 11:21:54 [INFO] 图像形状: (2160, 3840, 3)
2026-07-31 11:21:54 [INFO] 图像数据类型: uint8
2026-07-31 11:21:54 [INFO] 图像最大值: 255
2026-07-31 11:21:54 [INFO] 图像最小值: 0
2026-07-31 11:21:54 [INFO] 开始保存检测结果图像: 图像尺寸=(2160, 3840, 3), 类型=uint8, 路径=C:\code\show\Scrap_Steel_In_Field\photos\dangerous_det\detection_20260731_112154.jpg
2026-07-31 11:21:54 [INFO] 成功保存检测结果到: C:\code\show\Scrap_Steel_In_Field\photos\dangerous_det\detection_20260731_112154.jpg
2026-07-31 11:21:54 [INFO] 保存的检测结果文件大小: 2289248 字节
2026-07-31 11:21:54 [INFO] 引擎上下文已释放
2026-07-31 11:21:54 [INFO] TensorRT 引擎已释放
2026-07-31 11:21:54 [INFO] 全局 CUDA 资源已释放
2026-07-31 11:21:54 [INFO] 检测系统资源已释放
2026-07-31 11:21:59 [INFO] CUDA 初始化成功
2026-07-31 11:21:59 [INFO] 引擎加载成功: dangerous.engine
2026-07-31 11:21:59 [INFO] 检测系统初始化成功
2026-07-31 11:21:59 [INFO] 图像预处理完成，原始尺寸: (2160, 3840)
2026-07-31 11:21:59 [INFO] 开始执行目标检测...
2026-07-31 11:21:59 [INFO] 检测完成，找到 3 个物体
2026-07-31 11:21:59 [INFO] 物体 1: GasCyl1 (置信度: 0.60)
2026-07-31 11:21:59 [INFO] 物体 2: FireExt1 (置信度: 0.47)
2026-07-31 11:21:59 [INFO] 物体 3: FireExt1 (置信度: 0.44)
2026-07-31 11:21:59 [INFO] 检测到车兜区域，将过滤区域外的目标
2026-07-31 11:21:59 [INFO] 准备保存检测结果到: C:\code\show\Scrap_Steel_In_Field\photos\dangerous_det\detection_20260731_112159.jpg
2026-07-31 11:21:59 [INFO] 图像形状: (2160, 3840, 3)
2026-07-31 11:21:59 [INFO] 图像数据类型: uint8
2026-07-31 11:22:00 [INFO] 图像最大值: 255
2026-07-31 11:22:00 [INFO] 图像最小值: 0
2026-07-31 11:22:00 [INFO] 开始保存检测结果图像: 图像尺寸=(2160, 3840, 3), 类型=uint8, 路径=C:\code\show\Scrap_Steel_In_Field\photos\dangerous_det\detection_20260731_112159.jpg
2026-07-31 11:22:00 [INFO] 成功保存检测结果到: C:\code\show\Scrap_Steel_In_Field\photos\dangerous_det\detection_20260731_112159.jpg
2026-07-31 11:22:00 [INFO] 保存的检测结果文件大小: 2286768 字节
2026-07-31 11:22:00 [INFO] 引擎上下文已释放
2026-07-31 11:22:00 [INFO] TensorRT 引擎已释放
2026-07-31 11:22:00 [INFO] 全局 CUDA 资源已释放
2026-07-31 11:22:00 [INFO] 检测系统资源已释放
2026-07-31 11:22:05 [INFO] CUDA 初始化成功
2026-07-31 11:22:05 [INFO] 引擎加载成功: dangerous.engine
2026-07-31 11:22:05 [INFO] 检测系统初始化成功
2026-07-31 11:22:05 [INFO] 图像预处理完成，原始尺寸: (2160, 3840)
2026-07-31 11:22:05 [INFO] 开始执行目标检测...
2026-07-31 11:22:05 [INFO] 检测完成，找到 3 个物体
2026-07-31 11:22:05 [INFO] 物体 1: GasCyl1 (置信度: 0.59)
2026-07-31 11:22:05 [INFO] 物体 2: FireExt1 (置信度: 0.48)
2026-07-31 11:22:05 [INFO] 物体 3: FireExt1 (置信度: 0.43)
2026-07-31 11:22:05 [INFO] 检测到车兜区域，将过滤区域外的目标
2026-07-31 11:22:05 [INFO] 准备保存检测结果到: C:\code\show\Scrap_Steel_In_Field\photos\dangerous_det\detection_20260731_112205.jpg
2026-07-31 11:22:05 [INFO] 图像形状: (2160, 3840, 3)
2026-07-31 11:22:05 [INFO] 图像数据类型: uint8
2026-07-31 11:22:05 [INFO] 图像最大值: 255
2026-07-31 11:22:05 [INFO] 图像最小值: 0
2026-07-31 11:22:05 [INFO] 开始保存检测结果图像: 图像尺寸=(2160, 3840, 3), 类型=uint8, 路径=C:\code\show\Scrap_Steel_In_Field\photos\dangerous_det\detection_20260731_112205.jpg
2026-07-31 11:22:05 [INFO] 成功保存检测结果到: C:\code\show\Scrap_Steel_In_Field\photos\dangerous_det\detection_20260731_112205.jpg
2026-07-31 11:22:05 [INFO] 保存的检测结果文件大小: 2291272 字节
2026-07-31 11:22:05 [INFO] 引擎上下文已释放
2026-07-31 11:22:05 [INFO] TensorRT 引擎已释放
2026-07-31 11:22:05 [INFO] 全局 CUDA 资源已释放
2026-07-31 11:22:05 [INFO] 检测系统资源已释放
2026-07-31 11:22:10 [INFO] CUDA 初始化成功
2026-07-31 11:22:10 [INFO] 引擎加载成功: dangerous.engine
2026-07-31 11:22:10 [INFO] 检测系统初始化成功
2026-07-31 11:22:10 [INFO] 图像预处理完成，原始尺寸: (2160, 3840)
2026-07-31 11:22:10 [INFO] 开始执行目标检测...
2026-07-31 11:22:10 [INFO] 检测完成，找到 3 个物体
2026-07-31 11:22:10 [INFO] 物体 1: GasCyl1 (置信度: 0.62)
2026-07-31 11:22:10 [INFO] 物体 2: FireExt1 (置信度: 0.47)
2026-07-31 11:22:10 [INFO] 物体 3: FireExt1 (置信度: 0.45)
2026-07-31 11:22:10 [INFO] 检测到车兜区域，将过滤区域外的目标
2026-07-31 11:22:10 [INFO] 准备保存检测结果到: C:\code\show\Scrap_Steel_In_Field\photos\dangerous_det\detection_20260731_112210.jpg
2026-07-31 11:22:10 [INFO] 图像形状: (2160, 3840, 3)
2026-07-31 11:22:10 [INFO] 图像数据类型: uint8
2026-07-31 11:22:10 [INFO] 图像最大值: 255
2026-07-31 11:22:10 [INFO] 图像最小值: 0
2026-07-31 11:22:10 [INFO] 开始保存检测结果图像: 图像尺寸=(2160, 3840, 3), 类型=uint8, 路径=C:\code\show\Scrap_Steel_In_Field\photos\dangerous_det\detection_20260731_112210.jpg
2026-07-31 11:22:10 [INFO] 成功保存检测结果到: C:\code\show\Scrap_Steel_In_Field\photos\dangerous_det\detection_20260731_112210.jpg
2026-07-31 11:22:10 [INFO] 保存的检测结果文件大小: 2287717 字节
2026-07-31 11:22:10 [INFO] 引擎上下文已释放
2026-07-31 11:22:10 [INFO] TensorRT 引擎已释放
2026-07-31 11:22:10 [INFO] 全局 CUDA 资源已释放
2026-07-31 11:22:10 [INFO] 检测系统资源已释放
2026-07-31 11:22:15 [INFO] CUDA 初始化成功
2026-07-31 11:22:15 [INFO] 引擎加载成功: dangerous.engine
2026-07-31 11:22:15 [INFO] 检测系统初始化成功
2026-07-31 11:22:15 [INFO] 图像预处理完成，原始尺寸: (2160, 3840)
2026-07-31 11:22:15 [INFO] 开始执行目标检测...
2026-07-31 11:22:15 [INFO] 检测完成，找到 3 个物体
2026-07-31 11:22:15 [INFO] 物体 1: GasCyl1 (置信度: 0.69)
2026-07-31 11:22:15 [INFO] 物体 2: FireExt1 (置信度: 0.45)
2026-07-31 11:22:15 [INFO] 物体 3: FireExt1 (置信度: 0.42)
2026-07-31 11:22:15 [INFO] 检测到车兜区域，将过滤区域外的目标
2026-07-31 11:22:15 [INFO] 准备保存检测结果到: C:\code\show\Scrap_Steel_In_Field\photos\dangerous_det\detection_20260731_112215.jpg
2026-07-31 11:22:15 [INFO] 图像形状: (2160, 3840, 3)
2026-07-31 11:22:15 [INFO] 图像数据类型: uint8
2026-07-31 11:22:16 [INFO] 图像最大值: 255
2026-07-31 11:22:16 [INFO] 图像最小值: 0
2026-07-31 11:22:16 [INFO] 开始保存检测结果图像: 图像尺寸=(2160, 3840, 3), 类型=uint8, 路径=C:\code\show\Scrap_Steel_In_Field\photos\dangerous_det\detection_20260731_112215.jpg
2026-07-31 11:22:16 [INFO] 成功保存检测结果到: C:\code\show\Scrap_Steel_In_Field\photos\dangerous_det\detection_20260731_112215.jpg
2026-07-31 11:22:16 [INFO] 保存的检测结果文件大小: 2289697 字节
2026-07-31 11:22:16 [INFO] 引擎上下文已释放
2026-07-31 11:22:16 [INFO] TensorRT 引擎已释放
2026-07-31 11:22:16 [INFO] 全局 CUDA 资源已释放
2026-07-31 11:22:16 [INFO] 检测系统资源已释放
2026-07-31 11:22:21 [INFO] CUDA 初始化成功
2026-07-31 11:22:21 [INFO] 引擎加载成功: dangerous.engine
2026-07-31 11:22:21 [INFO] 检测系统初始化成功
2026-07-31 11:22:21 [INFO] 图像预处理完成，原始尺寸: (2160, 3840)
2026-07-31 11:22:21 [INFO] 开始执行目标检测...
2026-07-31 11:22:21 [INFO] 检测完成，找到 3 个物体
2026-07-31 11:22:21 [INFO] 物体 1: GasCyl1 (置信度: 0.66)
2026-07-31 11:22:21 [INFO] 物体 2: FireExt1 (置信度: 0.46)
2026-07-31 11:22:21 [INFO] 物体 3: FireExt1 (置信度: 0.45)
2026-07-31 11:22:21 [INFO] 检测到车兜区域，将过滤区域外的目标
2026-07-31 11:22:21 [INFO] 准备保存检测结果到: C:\code\show\Scrap_Steel_In_Field\photos\dangerous_det\detection_20260731_112221.jpg
2026-07-31 11:22:21 [INFO] 图像形状: (2160, 3840, 3)
2026-07-31 11:22:21 [INFO] 图像数据类型: uint8
2026-07-31 11:22:21 [INFO] 图像最大值: 255
2026-07-31 11:22:21 [INFO] 图像最小值: 0
2026-07-31 11:22:21 [INFO] 开始保存检测结果图像: 图像尺寸=(2160, 3840, 3), 类型=uint8, 路径=C:\code\show\Scrap_Steel_In_Field\photos\dangerous_det\detection_20260731_112221.jpg
2026-07-31 11:22:21 [INFO] 成功保存检测结果到: C:\code\show\Scrap_Steel_In_Field\photos\dangerous_det\detection_20260731_112221.jpg
2026-07-31 11:22:21 [INFO] 保存的检测结果文件大小: 2287481 字节
2026-07-31 11:22:21 [INFO] 引擎上下文已释放
2026-07-31 11:22:21 [INFO] TensorRT 引擎已释放
2026-07-31 11:22:21 [INFO] 全局 CUDA 资源已释放
2026-07-31 11:22:21 [INFO] 检测系统资源已释放
2026-07-31 11:22:26 [INFO] CUDA 初始化成功
2026-07-31 11:22:26 [INFO] 引擎加载成功: dangerous.engine
2026-07-31 11:22:26 [INFO] 检测系统初始化成功
2026-07-31 11:22:26 [INFO] 图像预处理完成，原始尺寸: (2160, 3840)
2026-07-31 11:22:26 [INFO] 开始执行目标检测...
2026-07-31 11:22:26 [INFO] 检测完成，找到 3 个物体
2026-07-31 11:22:26 [INFO] 物体 1: GasCyl1 (置信度: 0.65)
2026-07-31 11:22:26 [INFO] 物体 2: FireExt1 (置信度: 0.46)
2026-07-31 11:22:26 [INFO] 物体 3: FireExt1 (置信度: 0.44)
2026-07-31 11:22:26 [INFO] 检测到车兜区域，将过滤区域外的目标
2026-07-31 11:22:26 [INFO] 准备保存检测结果到: C:\code\show\Scrap_Steel_In_Field\photos\dangerous_det\detection_20260731_112226.jpg
2026-07-31 11:22:26 [INFO] 图像形状: (2160, 3840, 3)
2026-07-31 11:22:26 [INFO] 图像数据类型: uint8
2026-07-31 11:22:26 [INFO] 图像最大值: 255
2026-07-31 11:22:26 [INFO] 图像最小值: 0
2026-07-31 11:22:26 [INFO] 开始保存检测结果图像: 图像尺寸=(2160, 3840, 3), 类型=uint8, 路径=C:\code\show\Scrap_Steel_In_Field\photos\dangerous_det\detection_20260731_112226.jpg
2026-07-31 11:22:26 [INFO] 成功保存检测结果到: C:\code\show\Scrap_Steel_In_Field\photos\dangerous_det\detection_20260731_112226.jpg
2026-07-31 11:22:26 [INFO] 保存的检测结果文件大小: 2290825 字节
2026-07-31 11:22:26 [INFO] 引擎上下文已释放
2026-07-31 11:22:26 [INFO] TensorRT 引擎已释放
2026-07-31 11:22:26 [INFO] 全局 CUDA 资源已释放
2026-07-31 11:22:26 [INFO] 检测系统资源已释放
2026-07-31 11:22:31 [INFO] CUDA 初始化成功
2026-07-31 11:22:31 [INFO] 引擎加载成功: dangerous.engine
2026-07-31 11:22:31 [INFO] 检测系统初始化成功
2026-07-31 11:22:31 [INFO] 图像预处理完成，原始尺寸: (2160, 3840)
2026-07-31 11:22:31 [INFO] 开始执行目标检测...
2026-07-31 11:22:31 [INFO] 检测完成，找到 3 个物体
2026-07-31 11:22:31 [INFO] 物体 1: GasCyl1 (置信度: 0.72)
2026-07-31 11:22:31 [INFO] 物体 2: FireExt1 (置信度: 0.47)
2026-07-31 11:22:31 [INFO] 物体 3: FireExt1 (置信度: 0.47)
2026-07-31 11:22:31 [INFO] 检测到车兜区域，将过滤区域外的目标
2026-07-31 11:22:31 [INFO] 准备保存检测结果到: C:\code\show\Scrap_Steel_In_Field\photos\dangerous_det\detection_20260731_112231.jpg
2026-07-31 11:22:31 [INFO] 图像形状: (2160, 3840, 3)
2026-07-31 11:22:31 [INFO] 图像数据类型: uint8
2026-07-31 11:22:31 [INFO] 图像最大值: 255
2026-07-31 11:22:31 [INFO] 图像最小值: 0
2026-07-31 11:22:31 [INFO] 开始保存检测结果图像: 图像尺寸=(2160, 3840, 3), 类型=uint8, 路径=C:\code\show\Scrap_Steel_In_Field\photos\dangerous_det\detection_20260731_112231.jpg
2026-07-31 11:22:31 [INFO] 成功保存检测结果到: C:\code\show\Scrap_Steel_In_Field\photos\dangerous_det\detection_20260731_112231.jpg
2026-07-31 11:22:31 [INFO] 保存的检测结果文件大小: 2286829 字节
2026-07-31 11:22:31 [INFO] 引擎上下文已释放
2026-07-31 11:22:31 [INFO] TensorRT 引擎已释放
2026-07-31 11:22:31 [INFO] 全局 CUDA 资源已释放
2026-07-31 11:22:31 [INFO] 检测系统资源已释放
2026-07-31 11:22:36 [INFO] CUDA 初始化成功
2026-07-31 11:22:36 [INFO] 引擎加载成功: dangerous.engine
2026-07-31 11:22:36 [INFO] 检测系统初始化成功
2026-07-31 11:22:36 [INFO] 图像预处理完成，原始尺寸: (2160, 3840)
2026-07-31 11:22:36 [INFO] 开始执行目标检测...
2026-07-31 11:22:36 [INFO] 检测完成，找到 3 个物体
2026-07-31 11:22:36 [INFO] 物体 1: GasCyl1 (置信度: 0.57)
2026-07-31 11:22:36 [INFO] 物体 2: FireExt1 (置信度: 0.46)
2026-07-31 11:22:36 [INFO] 物体 3: FireExt1 (置信度: 0.46)
2026-07-31 11:22:37 [INFO] 检测到车兜区域，将过滤区域外的目标
2026-07-31 11:22:37 [INFO] 准备保存检测结果到: C:\code\show\Scrap_Steel_In_Field\photos\dangerous_det\detection_20260731_112237.jpg
2026-07-31 11:22:37 [INFO] 图像形状: (2160, 3840, 3)
2026-07-31 11:22:37 [INFO] 图像数据类型: uint8
2026-07-31 11:22:37 [INFO] 图像最大值: 255
2026-07-31 11:22:37 [INFO] 图像最小值: 0
2026-07-31 11:22:37 [INFO] 开始保存检测结果图像: 图像尺寸=(2160, 3840, 3), 类型=uint8, 路径=C:\code\show\Scrap_Steel_In_Field\photos\dangerous_det\detection_20260731_112237.jpg
2026-07-31 11:22:37 [INFO] 成功保存检测结果到: C:\code\show\Scrap_Steel_In_Field\photos\dangerous_det\detection_20260731_112237.jpg
2026-07-31 11:22:37 [INFO] 保存的检测结果文件大小: 2290233 字节
2026-07-31 11:22:37 [INFO] 引擎上下文已释放
2026-07-31 11:22:37 [INFO] TensorRT 引擎已释放
2026-07-31 11:22:37 [INFO] 全局 CUDA 资源已释放
2026-07-31 11:22:37 [INFO] 检测系统资源已释放
2026-07-31 11:22:42 [INFO] CUDA 初始化成功
2026-07-31 11:22:42 [INFO] 引擎加载成功: dangerous.engine
2026-07-31 11:22:42 [INFO] 检测系统初始化成功
2026-07-31 11:22:42 [INFO] 图像预处理完成，原始尺寸: (2160, 3840)
2026-07-31 11:22:42 [INFO] 开始执行目标检测...
2026-07-31 11:22:42 [INFO] 检测完成，找到 3 个物体
2026-07-31 11:22:42 [INFO] 物体 1: GasCyl1 (置信度: 0.69)
2026-07-31 11:22:42 [INFO] 物体 2: FireExt1 (置信度: 0.46)
2026-07-31 11:22:42 [INFO] 物体 3: FireExt1 (置信度: 0.46)
2026-07-31 11:22:42 [INFO] 检测到车兜区域，将过滤区域外的目标
2026-07-31 11:22:42 [INFO] 准备保存检测结果到: C:\code\show\Scrap_Steel_In_Field\photos\dangerous_det\detection_20260731_112242.jpg
2026-07-31 11:22:42 [INFO] 图像形状: (2160, 3840, 3)
2026-07-31 11:22:42 [INFO] 图像数据类型: uint8
2026-07-31 11:22:42 [INFO] 图像最大值: 255
2026-07-31 11:22:42 [INFO] 图像最小值: 0
2026-07-31 11:22:42 [INFO] 开始保存检测结果图像: 图像尺寸=(2160, 3840, 3), 类型=uint8, 路径=C:\code\show\Scrap_Steel_In_Field\photos\dangerous_det\detection_20260731_112242.jpg
2026-07-31 11:22:42 [INFO] 成功保存检测结果到: C:\code\show\Scrap_Steel_In_Field\photos\dangerous_det\detection_20260731_112242.jpg
2026-07-31 11:22:42 [INFO] 保存的检测结果文件大小: 2287767 字节
2026-07-31 11:22:42 [INFO] 引擎上下文已释放
2026-07-31 11:22:42 [INFO] TensorRT 引擎已释放
2026-07-31 11:22:42 [INFO] 全局 CUDA 资源已释放
2026-07-31 11:22:42 [INFO] 检测系统资源已释放
2026-07-31 11:22:47 [INFO] CUDA 初始化成功
2026-07-31 11:22:47 [INFO] 引擎加载成功: dangerous.engine
2026-07-31 11:22:47 [INFO] 检测系统初始化成功
2026-07-31 11:22:47 [INFO] 图像预处理完成，原始尺寸: (2160, 3840)
2026-07-31 11:22:47 [INFO] 开始执行目标检测...
2026-07-31 11:22:47 [INFO] 检测完成，找到 3 个物体
2026-07-31 11:22:47 [INFO] 物体 1: GasCyl1 (置信度: 0.67)
2026-07-31 11:22:47 [INFO] 物体 2: FireExt1 (置信度: 0.47)
2026-07-31 11:22:47 [INFO] 物体 3: FireExt1 (置信度: 0.44)
2026-07-31 11:22:47 [INFO] 检测到车兜区域，将过滤区域外的目标
2026-07-31 11:22:47 [INFO] 准备保存检测结果到: C:\code\show\Scrap_Steel_In_Field\photos\dangerous_det\detection_20260731_112247.jpg
2026-07-31 11:22:47 [INFO] 图像形状: (2160, 3840, 3)
2026-07-31 11:22:47 [INFO] 图像数据类型: uint8
2026-07-31 11:22:47 [INFO] 图像最大值: 255
2026-07-31 11:22:47 [INFO] 图像最小值: 0
2026-07-31 11:22:47 [INFO] 开始保存检测结果图像: 图像尺寸=(2160, 3840, 3), 类型=uint8, 路径=C:\code\show\Scrap_Steel_In_Field\photos\dangerous_det\detection_20260731_112247.jpg
2026-07-31 11:22:47 [INFO] 成功保存检测结果到: C:\code\show\Scrap_Steel_In_Field\photos\dangerous_det\detection_20260731_112247.jpg
2026-07-31 11:22:47 [INFO] 保存的检测结果文件大小: 2289929 字节
2026-07-31 11:22:47 [INFO] 引擎上下文已释放
2026-07-31 11:22:47 [INFO] TensorRT 引擎已释放
2026-07-31 11:22:47 [INFO] 全局 CUDA 资源已释放
2026-07-31 11:22:47 [INFO] 检测系统资源已释放
2026-07-31 11:22:52 [INFO] CUDA 初始化成功
2026-07-31 11:22:52 [INFO] 引擎加载成功: dangerous.engine
2026-07-31 11:22:52 [INFO] 检测系统初始化成功
2026-07-31 11:22:52 [INFO] 图像预处理完成，原始尺寸: (2160, 3840)
2026-07-31 11:22:52 [INFO] 开始执行目标检测...
2026-07-31 11:22:52 [INFO] 检测完成，找到 3 个物体
2026-07-31 11:22:52 [INFO] 物体 1: GasCyl1 (置信度: 0.53)
2026-07-31 11:22:52 [INFO] 物体 2: FireExt1 (置信度: 0.47)
2026-07-31 11:22:52 [INFO] 物体 3: FireExt1 (置信度: 0.46)
2026-07-31 11:22:53 [INFO] 检测到车兜区域，将过滤区域外的目标
2026-07-31 11:22:53 [INFO] 准备保存检测结果到: C:\code\show\Scrap_Steel_In_Field\photos\dangerous_det\detection_20260731_112253.jpg
2026-07-31 11:22:53 [INFO] 图像形状: (2160, 3840, 3)
2026-07-31 11:22:53 [INFO] 图像数据类型: uint8
2026-07-31 11:22:53 [INFO] 图像最大值: 255
2026-07-31 11:22:53 [INFO] 图像最小值: 0
2026-07-31 11:22:53 [INFO] 开始保存检测结果图像: 图像尺寸=(2160, 3840, 3), 类型=uint8, 路径=C:\code\show\Scrap_Steel_In_Field\photos\dangerous_det\detection_20260731_112253.jpg
2026-07-31 11:22:53 [INFO] 成功保存检测结果到: C:\code\show\Scrap_Steel_In_Field\photos\dangerous_det\detection_20260731_112253.jpg
2026-07-31 11:22:53 [INFO] 保存的检测结果文件大小: 2292947 字节
2026-07-31 11:22:53 [INFO] 引擎上下文已释放
2026-07-31 11:22:53 [INFO] TensorRT 引擎已释放
2026-07-31 11:22:53 [INFO] 全局 CUDA 资源已释放
2026-07-31 11:22:53 [INFO] 检测系统资源已释放
2026-07-31 11:22:58 [INFO] CUDA 初始化成功
2026-07-31 11:22:58 [INFO] 引擎加载成功: dangerous.engine
2026-07-31 11:22:58 [INFO] 检测系统初始化成功
2026-07-31 11:22:58 [INFO] 图像预处理完成，原始尺寸: (2160, 3840)
2026-07-31 11:22:58 [INFO] 开始执行目标检测...
2026-07-31 11:22:58 [INFO] 检测完成，找到 3 个物体
2026-07-31 11:22:58 [INFO] 物体 1: GasCyl1 (置信度: 0.70)
2026-07-31 11:22:58 [INFO] 物体 2: FireExt1 (置信度: 0.47)
2026-07-31 11:22:58 [INFO] 物体 3: FireExt1 (置信度: 0.45)
2026-07-31 11:22:58 [INFO] 检测到车兜区域，将过滤区域外的目标
2026-07-31 11:22:58 [INFO] 准备保存检测结果到: C:\code\show\Scrap_Steel_In_Field\photos\dangerous_det\detection_20260731_112258.jpg
2026-07-31 11:22:58 [INFO] 图像形状: (2160, 3840, 3)
2026-07-31 11:22:58 [INFO] 图像数据类型: uint8
2026-07-31 11:22:58 [INFO] 图像最大值: 255
2026-07-31 11:22:58 [INFO] 图像最小值: 0
2026-07-31 11:22:58 [INFO] 开始保存检测结果图像: 图像尺寸=(2160, 3840, 3), 类型=uint8, 路径=C:\code\show\Scrap_Steel_In_Field\photos\dangerous_det\detection_20260731_112258.jpg
2026-07-31 11:22:58 [INFO] 成功保存检测结果到: C:\code\show\Scrap_Steel_In_Field\photos\dangerous_det\detection_20260731_112258.jpg
2026-07-31 11:22:58 [INFO] 保存的检测结果文件大小: 2289375 字节
2026-07-31 11:22:58 [INFO] 引擎上下文已释放
2026-07-31 11:22:58 [INFO] TensorRT 引擎已释放
2026-07-31 11:22:58 [INFO] 全局 CUDA 资源已释放
2026-07-31 11:22:58 [INFO] 检测系统资源已释放
2026-07-31 11:23:03 [INFO] CUDA 初始化成功
2026-07-31 11:23:03 [INFO] 引擎加载成功: dangerous.engine
2026-07-31 11:23:03 [INFO] 检测系统初始化成功
2026-07-31 11:23:03 [INFO] 图像预处理完成，原始尺寸: (2160, 3840)
2026-07-31 11:23:03 [INFO] 开始执行目标检测...
2026-07-31 11:23:03 [INFO] 检测完成，找到 4 个物体
2026-07-31 11:23:03 [INFO] 物体 1: GasCyl1 (置信度: 0.71)
2026-07-31 11:23:03 [INFO] 物体 2: FireExt1 (置信度: 0.45)
2026-07-31 11:23:03 [INFO] 物体 3: FireExt1 (置信度: 0.44)
2026-07-31 11:23:03 [INFO] 物体 4: FireExt1 (置信度: 0.37)
2026-07-31 11:23:03 [INFO] 检测到车兜区域，将过滤区域外的目标
2026-07-31 11:23:03 [INFO] 准备保存检测结果到: C:\code\show\Scrap_Steel_In_Field\photos\dangerous_det\detection_20260731_112303.jpg
2026-07-31 11:23:03 [INFO] 图像形状: (2160, 3840, 3)
2026-07-31 11:23:03 [INFO] 图像数据类型: uint8
2026-07-31 11:23:03 [INFO] 图像最大值: 255
2026-07-31 11:23:03 [INFO] 图像最小值: 0
2026-07-31 11:23:03 [INFO] 开始保存检测结果图像: 图像尺寸=(2160, 3840, 3), 类型=uint8, 路径=C:\code\show\Scrap_Steel_In_Field\photos\dangerous_det\detection_20260731_112303.jpg
2026-07-31 11:23:03 [INFO] 成功保存检测结果到: C:\code\show\Scrap_Steel_In_Field\photos\dangerous_det\detection_20260731_112303.jpg
2026-07-31 11:23:03 [INFO] 保存的检测结果文件大小: 2292498 字节
2026-07-31 11:23:03 [INFO] 引擎上下文已释放
2026-07-31 11:23:03 [INFO] TensorRT 引擎已释放
2026-07-31 11:23:03 [INFO] 全局 CUDA 资源已释放
2026-07-31 11:23:03 [INFO] 检测系统资源已释放
2026-07-31 11:23:08 [INFO] CUDA 初始化成功
2026-07-31 11:23:08 [INFO] 引擎加载成功: dangerous.engine
2026-07-31 11:23:08 [INFO] 检测系统初始化成功
2026-07-31 11:23:08 [INFO] 图像预处理完成，原始尺寸: (2160, 3840)
2026-07-31 11:23:08 [INFO] 开始执行目标检测...
2026-07-31 11:23:08 [INFO] 检测完成，找到 3 个物体
2026-07-31 11:23:08 [INFO] 物体 1: GasCyl1 (置信度: 0.70)
2026-07-31 11:23:08 [INFO] 物体 2: FireExt1 (置信度: 0.47)
2026-07-31 11:23:08 [INFO] 物体 3: FireExt1 (置信度: 0.46)
2026-07-31 11:23:09 [INFO] 检测到车兜区域，将过滤区域外的目标
2026-07-31 11:23:09 [INFO] 准备保存检测结果到: C:\code\show\Scrap_Steel_In_Field\photos\dangerous_det\detection_20260731_112309.jpg
2026-07-31 11:23:09 [INFO] 图像形状: (2160, 3840, 3)
2026-07-31 11:23:09 [INFO] 图像数据类型: uint8
2026-07-31 11:23:09 [INFO] 图像最大值: 255
2026-07-31 11:23:09 [INFO] 图像最小值: 0
2026-07-31 11:23:09 [INFO] 开始保存检测结果图像: 图像尺寸=(2160, 3840, 3), 类型=uint8, 路径=C:\code\show\Scrap_Steel_In_Field\photos\dangerous_det\detection_20260731_112309.jpg
2026-07-31 11:23:09 [INFO] 成功保存检测结果到: C:\code\show\Scrap_Steel_In_Field\photos\dangerous_det\detection_20260731_112309.jpg
2026-07-31 11:23:09 [INFO] 保存的检测结果文件大小: 2288314 字节
2026-07-31 11:23:09 [INFO] 引擎上下文已释放
2026-07-31 11:23:09 [INFO] TensorRT 引擎已释放
2026-07-31 11:23:09 [INFO] 全局 CUDA 资源已释放
2026-07-31 11:23:09 [INFO] 检测系统资源已释放
2026-07-31 11:23:14 [INFO] CUDA 初始化成功
2026-07-31 11:23:14 [INFO] 引擎加载成功: dangerous.engine
2026-07-31 11:23:14 [INFO] 检测系统初始化成功
2026-07-31 11:23:14 [INFO] 图像预处理完成，原始尺寸: (2160, 3840)
2026-07-31 11:23:14 [INFO] 开始执行目标检测...
2026-07-31 11:23:14 [INFO] 检测完成，找到 3 个物体
2026-07-31 11:23:14 [INFO] 物体 1: GasCyl1 (置信度: 0.68)
2026-07-31 11:23:14 [INFO] 物体 2: FireExt1 (置信度: 0.45)
2026-07-31 11:23:14 [INFO] 物体 3: FireExt1 (置信度: 0.44)
2026-07-31 11:23:14 [INFO] 检测到车兜区域，将过滤区域外的目标
2026-07-31 11:23:14 [INFO] 准备保存检测结果到: C:\code\show\Scrap_Steel_In_Field\photos\dangerous_det\detection_20260731_112314.jpg
2026-07-31 11:23:14 [INFO] 图像形状: (2160, 3840, 3)
2026-07-31 11:23:14 [INFO] 图像数据类型: uint8
2026-07-31 11:23:14 [INFO] 图像最大值: 255
2026-07-31 11:23:14 [INFO] 图像最小值: 0
2026-07-31 11:23:14 [INFO] 开始保存检测结果图像: 图像尺寸=(2160, 3840, 3), 类型=uint8, 路径=C:\code\show\Scrap_Steel_In_Field\photos\dangerous_det\detection_20260731_112314.jpg
2026-07-31 11:23:14 [INFO] 成功保存检测结果到: C:\code\show\Scrap_Steel_In_Field\photos\dangerous_det\detection_20260731_112314.jpg
2026-07-31 11:23:14 [INFO] 保存的检测结果文件大小: 2290393 字节
2026-07-31 11:23:14 [INFO] 引擎上下文已释放
2026-07-31 11:23:14 [INFO] TensorRT 引擎已释放
2026-07-31 11:23:14 [INFO] 全局 CUDA 资源已释放
2026-07-31 11:23:14 [INFO] 检测系统资源已释放
2026-07-31 11:23:19 [INFO] CUDA 初始化成功
2026-07-31 11:23:19 [INFO] 引擎加载成功: dangerous.engine
2026-07-31 11:23:19 [INFO] 检测系统初始化成功
2026-07-31 11:23:19 [INFO] 图像预处理完成，原始尺寸: (2160, 3840)
2026-07-31 11:23:19 [INFO] 开始执行目标检测...
2026-07-31 11:23:19 [INFO] 检测完成，找到 3 个物体
2026-07-31 11:23:19 [INFO] 物体 1: GasCyl1 (置信度: 0.66)
2026-07-31 11:23:19 [INFO] 物体 2: FireExt1 (置信度: 0.46)
2026-07-31 11:23:19 [INFO] 物体 3: FireExt1 (置信度: 0.45)
2026-07-31 11:23:19 [INFO] 检测到车兜区域，将过滤区域外的目标
2026-07-31 11:23:19 [INFO] 准备保存检测结果到: C:\code\show\Scrap_Steel_In_Field\photos\dangerous_det\detection_20260731_112319.jpg
2026-07-31 11:23:19 [INFO] 图像形状: (2160, 3840, 3)
2026-07-31 11:23:19 [INFO] 图像数据类型: uint8
2026-07-31 11:23:19 [INFO] 图像最大值: 255
2026-07-31 11:23:19 [INFO] 图像最小值: 0
2026-07-31 11:23:19 [INFO] 开始保存检测结果图像: 图像尺寸=(2160, 3840, 3), 类型=uint8, 路径=C:\code\show\Scrap_Steel_In_Field\photos\dangerous_det\detection_20260731_112319.jpg
2026-07-31 11:23:19 [INFO] 成功保存检测结果到: C:\code\show\Scrap_Steel_In_Field\photos\dangerous_det\detection_20260731_112319.jpg
2026-07-31 11:23:19 [INFO] 保存的检测结果文件大小: 2285778 字节
2026-07-31 11:23:19 [INFO] 引擎上下文已释放
2026-07-31 11:23:19 [INFO] TensorRT 引擎已释放
2026-07-31 11:23:19 [INFO] 全局 CUDA 资源已释放
2026-07-31 11:23:19 [INFO] 检测系统资源已释放
2026-07-31 11:23:25 [INFO] CUDA 初始化成功
2026-07-31 11:23:25 [INFO] 引擎加载成功: dangerous.engine
2026-07-31 11:23:25 [INFO] 检测系统初始化成功
2026-07-31 11:23:25 [INFO] 图像预处理完成，原始尺寸: (2160, 3840)
2026-07-31 11:23:25 [INFO] 开始执行目标检测...
2026-07-31 11:23:25 [INFO] 检测完成，找到 3 个物体
2026-07-31 11:23:25 [INFO] 物体 1: GasCyl1 (置信度: 0.60)
2026-07-31 11:23:25 [INFO] 物体 2: FireExt1 (置信度: 0.47)
2026-07-31 11:23:25 [INFO] 物体 3: FireExt1 (置信度: 0.47)
2026-07-31 11:23:25 [INFO] 检测到车兜区域，将过滤区域外的目标
2026-07-31 11:23:25 [INFO] 准备保存检测结果到: C:\code\show\Scrap_Steel_In_Field\photos\dangerous_det\detection_20260731_112325.jpg
2026-07-31 11:23:25 [INFO] 图像形状: (2160, 3840, 3)
2026-07-31 11:23:25 [INFO] 图像数据类型: uint8
2026-07-31 11:23:25 [INFO] 图像最大值: 255
2026-07-31 11:23:25 [INFO] 图像最小值: 0
2026-07-31 11:23:25 [INFO] 开始保存检测结果图像: 图像尺寸=(2160, 3840, 3), 类型=uint8, 路径=C:\code\show\Scrap_Steel_In_Field\photos\dangerous_det\detection_20260731_112325.jpg
2026-07-31 11:23:25 [INFO] 成功保存检测结果到: C:\code\show\Scrap_Steel_In_Field\photos\dangerous_det\detection_20260731_112325.jpg
2026-07-31 11:23:25 [INFO] 保存的检测结果文件大小: 2291935 字节
2026-07-31 11:23:25 [INFO] 引擎上下文已释放
2026-07-31 11:23:25 [INFO] TensorRT 引擎已释放
2026-07-31 11:23:25 [INFO] 全局 CUDA 资源已释放
2026-07-31 11:23:25 [INFO] 检测系统资源已释放
2026-07-31 11:23:30 [INFO] CUDA 初始化成功
2026-07-31 11:23:30 [INFO] 引擎加载成功: dangerous.engine
2026-07-31 11:23:30 [INFO] 检测系统初始化成功
2026-07-31 11:23:30 [INFO] 图像预处理完成，原始尺寸: (2160, 3840)
2026-07-31 11:23:30 [INFO] 开始执行目标检测...
2026-07-31 11:23:30 [INFO] 检测完成，找到 3 个物体
2026-07-31 11:23:30 [INFO] 物体 1: GasCyl1 (置信度: 0.62)
2026-07-31 11:23:30 [INFO] 物体 2: FireExt1 (置信度: 0.47)
2026-07-31 11:23:30 [INFO] 物体 3: FireExt1 (置信度: 0.44)
2026-07-31 11:23:30 [INFO] 检测到车兜区域，将过滤区域外的目标
2026-07-31 11:23:30 [INFO] 准备保存检测结果到: C:\code\show\Scrap_Steel_In_Field\photos\dangerous_det\detection_20260731_112330.jpg
2026-07-31 11:23:30 [INFO] 图像形状: (2160, 3840, 3)
2026-07-31 11:23:30 [INFO] 图像数据类型: uint8
2026-07-31 11:23:30 [INFO] 图像最大值: 255
2026-07-31 11:23:30 [INFO] 图像最小值: 0
2026-07-31 11:23:30 [INFO] 开始保存检测结果图像: 图像尺寸=(2160, 3840, 3), 类型=uint8, 路径=C:\code\show\Scrap_Steel_In_Field\photos\dangerous_det\detection_20260731_112330.jpg
2026-07-31 11:23:30 [INFO] 成功保存检测结果到: C:\code\show\Scrap_Steel_In_Field\photos\dangerous_det\detection_20260731_112330.jpg
2026-07-31 11:23:30 [INFO] 保存的检测结果文件大小: 2291802 字节
2026-07-31 11:23:30 [INFO] 引擎上下文已释放
2026-07-31 11:23:30 [INFO] TensorRT 引擎已释放
2026-07-31 11:23:30 [INFO] 全局 CUDA 资源已释放
2026-07-31 11:23:30 [INFO] 检测系统资源已释放
2026-07-31 11:23:35 [INFO] CUDA 初始化成功
2026-07-31 11:23:35 [INFO] 引擎加载成功: dangerous.engine
2026-07-31 11:23:35 [INFO] 检测系统初始化成功
2026-07-31 11:23:35 [INFO] 图像预处理完成，原始尺寸: (2160, 3840)
2026-07-31 11:23:35 [INFO] 开始执行目标检测...
2026-07-31 11:23:35 [INFO] 检测完成，找到 3 个物体
2026-07-31 11:23:35 [INFO] 物体 1: GasCyl1 (置信度: 0.69)
2026-07-31 11:23:35 [INFO] 物体 2: FireExt1 (置信度: 0.46)
2026-07-31 11:23:35 [INFO] 物体 3: FireExt1 (置信度: 0.45)
2026-07-31 11:23:35 [INFO] 检测到车兜区域，将过滤区域外的目标
2026-07-31 11:23:35 [INFO] 准备保存检测结果到: C:\code\show\Scrap_Steel_In_Field\photos\dangerous_det\detection_20260731_112335.jpg
2026-07-31 11:23:35 [INFO] 图像形状: (2160, 3840, 3)
2026-07-31 11:23:35 [INFO] 图像数据类型: uint8
2026-07-31 11:23:35 [INFO] 图像最大值: 255
2026-07-31 11:23:35 [INFO] 图像最小值: 0
2026-07-31 11:23:35 [INFO] 开始保存检测结果图像: 图像尺寸=(2160, 3840, 3), 类型=uint8, 路径=C:\code\show\Scrap_Steel_In_Field\photos\dangerous_det\detection_20260731_112335.jpg
2026-07-31 11:23:35 [INFO] 成功保存检测结果到: C:\code\show\Scrap_Steel_In_Field\photos\dangerous_det\detection_20260731_112335.jpg
2026-07-31 11:23:35 [INFO] 保存的检测结果文件大小: 2290477 字节
2026-07-31 11:23:35 [INFO] 引擎上下文已释放
2026-07-31 11:23:35 [INFO] TensorRT 引擎已释放
2026-07-31 11:23:35 [INFO] 全局 CUDA 资源已释放
2026-07-31 11:23:35 [INFO] 检测系统资源已释放
2026-07-31 11:23:40 [INFO] CUDA 初始化成功
2026-07-31 11:23:40 [INFO] 引擎加载成功: dangerous.engine
2026-07-31 11:23:40 [INFO] 检测系统初始化成功
2026-07-31 11:23:41 [INFO] 图像预处理完成，原始尺寸: (2160, 3840)
2026-07-31 11:23:41 [INFO] 开始执行目标检测...
2026-07-31 11:23:41 [INFO] 检测完成，找到 3 个物体
2026-07-31 11:23:41 [INFO] 物体 1: GasCyl1 (置信度: 0.59)
2026-07-31 11:23:41 [INFO] 物体 2: FireExt1 (置信度: 0.47)
2026-07-31 11:23:41 [INFO] 物体 3: FireExt1 (置信度: 0.46)
2026-07-31 11:23:41 [INFO] 检测到车兜区域，将过滤区域外的目标
2026-07-31 11:23:41 [INFO] 准备保存检测结果到: C:\code\show\Scrap_Steel_In_Field\photos\dangerous_det\detection_20260731_112341.jpg
2026-07-31 11:23:41 [INFO] 图像形状: (2160, 3840, 3)
2026-07-31 11:23:41 [INFO] 图像数据类型: uint8
2026-07-31 11:23:41 [INFO] 图像最大值: 255
2026-07-31 11:23:41 [INFO] 图像最小值: 0
2026-07-31 11:23:41 [INFO] 开始保存检测结果图像: 图像尺寸=(2160, 3840, 3), 类型=uint8, 路径=C:\code\show\Scrap_Steel_In_Field\photos\dangerous_det\detection_20260731_112341.jpg
2026-07-31 11:23:41 [INFO] 成功保存检测结果到: C:\code\show\Scrap_Steel_In_Field\photos\dangerous_det\detection_20260731_112341.jpg
2026-07-31 11:23:41 [INFO] 保存的检测结果文件大小: 2292628 字节
2026-07-31 11:23:41 [INFO] 引擎上下文已释放
2026-07-31 11:23:41 [INFO] TensorRT 引擎已释放
2026-07-31 11:23:41 [INFO] 全局 CUDA 资源已释放
2026-07-31 11:23:41 [INFO] 检测系统资源已释放
2026-07-31 11:23:45 [INFO] CUDA 初始化成功
2026-07-31 11:23:45 [INFO] 引擎加载成功: dangerous.engine
2026-07-31 11:23:45 [INFO] 检测系统初始化成功
2026-07-31 11:23:45 [INFO] 图像预处理完成，原始尺寸: (2160, 3840)
2026-07-31 11:23:45 [INFO] 开始执行目标检测...
2026-07-31 11:23:45 [INFO] 检测完成，找到 3 个物体
2026-07-31 11:23:45 [INFO] 物体 1: GasCyl1 (置信度: 0.70)
2026-07-31 11:23:45 [INFO] 物体 2: FireExt1 (置信度: 0.46)
2026-07-31 11:23:45 [INFO] 物体 3: FireExt1 (置信度: 0.45)
2026-07-31 11:23:45 [INFO] 检测到车兜区域，将过滤区域外的目标
2026-07-31 11:23:45 [INFO] 准备保存检测结果到: C:\code\show\Scrap_Steel_In_Field\photos\dangerous_det\detection_20260731_112345.jpg
2026-07-31 11:23:45 [INFO] 图像形状: (2160, 3840, 3)
2026-07-31 11:23:45 [INFO] 图像数据类型: uint8
2026-07-31 11:23:45 [INFO] 图像最大值: 255
2026-07-31 11:23:45 [INFO] 图像最小值: 0
2026-07-31 11:23:45 [INFO] 开始保存检测结果图像: 图像尺寸=(2160, 3840, 3), 类型=uint8, 路径=C:\code\show\Scrap_Steel_In_Field\photos\dangerous_det\detection_20260731_112345.jpg
2026-07-31 11:23:45 [INFO] 成功保存检测结果到: C:\code\show\Scrap_Steel_In_Field\photos\dangerous_det\detection_20260731_112345.jpg
2026-07-31 11:23:45 [INFO] 保存的检测结果文件大小: 2293287 字节
2026-07-31 11:23:45 [INFO] 引擎上下文已释放
2026-07-31 11:23:45 [INFO] TensorRT 引擎已释放
2026-07-31 11:23:45 [INFO] 全局 CUDA 资源已释放
2026-07-31 11:23:45 [INFO] 检测系统资源已释放
2026-07-31 11:23:50 [INFO] CUDA 初始化成功
2026-07-31 11:23:50 [INFO] 引擎加载成功: dangerous.engine
2026-07-31 11:23:50 [INFO] 检测系统初始化成功
2026-07-31 11:23:50 [INFO] 图像预处理完成，原始尺寸: (2160, 3840)
2026-07-31 11:23:50 [INFO] 开始执行目标检测...
2026-07-31 11:23:50 [INFO] 检测完成，找到 3 个物体
2026-07-31 11:23:50 [INFO] 物体 1: GasCyl1 (置信度: 0.66)
2026-07-31 11:23:50 [INFO] 物体 2: FireExt1 (置信度: 0.45)
2026-07-31 11:23:50 [INFO] 物体 3: FireExt1 (置信度: 0.45)
2026-07-31 11:23:51 [INFO] 检测到车兜区域，将过滤区域外的目标
2026-07-31 11:23:51 [INFO] 准备保存检测结果到: C:\code\show\Scrap_Steel_In_Field\photos\dangerous_det\detection_20260731_112351.jpg
2026-07-31 11:23:51 [INFO] 图像形状: (2160, 3840, 3)
2026-07-31 11:23:51 [INFO] 图像数据类型: uint8
2026-07-31 11:23:51 [INFO] 图像最大值: 255
2026-07-31 11:23:51 [INFO] 图像最小值: 0
2026-07-31 11:23:51 [INFO] 开始保存检测结果图像: 图像尺寸=(2160, 3840, 3), 类型=uint8, 路径=C:\code\show\Scrap_Steel_In_Field\photos\dangerous_det\detection_20260731_112351.jpg
2026-07-31 11:23:51 [INFO] 成功保存检测结果到: C:\code\show\Scrap_Steel_In_Field\photos\dangerous_det\detection_20260731_112351.jpg
2026-07-31 11:23:51 [INFO] 保存的检测结果文件大小: 2294710 字节
2026-07-31 11:23:51 [INFO] 引擎上下文已释放
2026-07-31 11:23:51 [INFO] TensorRT 引擎已释放
2026-07-31 11:23:51 [INFO] 全局 CUDA 资源已释放
2026-07-31 11:23:51 [INFO] 检测系统资源已释放
2026-07-31 11:23:56 [INFO] CUDA 初始化成功
2026-07-31 11:23:56 [INFO] 引擎加载成功: dangerous.engine
2026-07-31 11:23:56 [INFO] 检测系统初始化成功
2026-07-31 11:23:56 [INFO] 图像预处理完成，原始尺寸: (2160, 3840)
2026-07-31 11:23:56 [INFO] 开始执行目标检测...
2026-07-31 11:23:56 [INFO] 检测完成，找到 3 个物体
2026-07-31 11:23:56 [INFO] 物体 1: GasCyl1 (置信度: 0.63)
2026-07-31 11:23:56 [INFO] 物体 2: FireExt1 (置信度: 0.46)
2026-07-31 11:23:56 [INFO] 物体 3: FireExt1 (置信度: 0.46)
2026-07-31 11:23:56 [INFO] 检测到车兜区域，将过滤区域外的目标
2026-07-31 11:23:56 [INFO] 准备保存检测结果到: C:\code\show\Scrap_Steel_In_Field\photos\dangerous_det\detection_20260731_112356.jpg
2026-07-31 11:23:56 [INFO] 图像形状: (2160, 3840, 3)
2026-07-31 11:23:56 [INFO] 图像数据类型: uint8
2026-07-31 11:23:56 [INFO] 图像最大值: 255
2026-07-31 11:23:56 [INFO] 图像最小值: 0
2026-07-31 11:23:56 [INFO] 开始保存检测结果图像: 图像尺寸=(2160, 3840, 3), 类型=uint8, 路径=C:\code\show\Scrap_Steel_In_Field\photos\dangerous_det\detection_20260731_112356.jpg
2026-07-31 11:23:56 [INFO] 成功保存检测结果到: C:\code\show\Scrap_Steel_In_Field\photos\dangerous_det\detection_20260731_112356.jpg
2026-07-31 11:23:56 [INFO] 保存的检测结果文件大小: 2292743 字节
2026-07-31 11:23:56 [INFO] 引擎上下文已释放
2026-07-31 11:23:56 [INFO] TensorRT 引擎已释放
2026-07-31 11:23:56 [INFO] 全局 CUDA 资源已释放
2026-07-31 11:23:56 [INFO] 检测系统资源已释放
2026-07-31 11:24:01 [INFO] CUDA 初始化成功
2026-07-31 11:24:01 [INFO] 引擎加载成功: dangerous.engine
2026-07-31 11:24:01 [INFO] 检测系统初始化成功
2026-07-31 11:24:01 [INFO] 图像预处理完成，原始尺寸: (2160, 3840)
2026-07-31 11:24:01 [INFO] 开始执行目标检测...
2026-07-31 11:24:01 [INFO] 检测完成，找到 3 个物体
2026-07-31 11:24:01 [INFO] 物体 1: GasCyl1 (置信度: 0.61)
2026-07-31 11:24:01 [INFO] 物体 2: FireExt1 (置信度: 0.46)
2026-07-31 11:24:01 [INFO] 物体 3: FireExt1 (置信度: 0.44)
2026-07-31 11:24:01 [INFO] 检测到车兜区域，将过滤区域外的目标
2026-07-31 11:24:01 [INFO] 准备保存检测结果到: C:\code\show\Scrap_Steel_In_Field\photos\dangerous_det\detection_20260731_112401.jpg
2026-07-31 11:24:01 [INFO] 图像形状: (2160, 3840, 3)
2026-07-31 11:24:01 [INFO] 图像数据类型: uint8
2026-07-31 11:24:01 [INFO] 图像最大值: 255
2026-07-31 11:24:01 [INFO] 图像最小值: 0
2026-07-31 11:24:01 [INFO] 开始保存检测结果图像: 图像尺寸=(2160, 3840, 3), 类型=uint8, 路径=C:\code\show\Scrap_Steel_In_Field\photos\dangerous_det\detection_20260731_112401.jpg
2026-07-31 11:24:01 [INFO] 成功保存检测结果到: C:\code\show\Scrap_Steel_In_Field\photos\dangerous_det\detection_20260731_112401.jpg
2026-07-31 11:24:01 [INFO] 保存的检测结果文件大小: 2292620 字节
2026-07-31 11:24:01 [INFO] 引擎上下文已释放
2026-07-31 11:24:01 [INFO] TensorRT 引擎已释放
2026-07-31 11:24:01 [INFO] 全局 CUDA 资源已释放
2026-07-31 11:24:01 [INFO] 检测系统资源已释放
2026-07-31 11:24:06 [INFO] CUDA 初始化成功
2026-07-31 11:24:06 [INFO] 引擎加载成功: dangerous.engine
2026-07-31 11:24:06 [INFO] 检测系统初始化成功
2026-07-31 11:24:06 [INFO] 图像预处理完成，原始尺寸: (2160, 3840)
2026-07-31 11:24:06 [INFO] 开始执行目标检测...
2026-07-31 11:24:06 [INFO] 检测完成，找到 3 个物体
2026-07-31 11:24:06 [INFO] 物体 1: GasCyl1 (置信度: 0.66)
2026-07-31 11:24:06 [INFO] 物体 2: FireExt1 (置信度: 0.45)
2026-07-31 11:24:06 [INFO] 物体 3: FireExt1 (置信度: 0.43)
2026-07-31 11:24:07 [INFO] 检测到车兜区域，将过滤区域外的目标
2026-07-31 11:24:07 [INFO] 准备保存检测结果到: C:\code\show\Scrap_Steel_In_Field\photos\dangerous_det\detection_20260731_112407.jpg
2026-07-31 11:24:07 [INFO] 图像形状: (2160, 3840, 3)
2026-07-31 11:24:07 [INFO] 图像数据类型: uint8
2026-07-31 11:24:07 [INFO] 图像最大值: 255
2026-07-31 11:24:07 [INFO] 图像最小值: 0
2026-07-31 11:24:07 [INFO] 开始保存检测结果图像: 图像尺寸=(2160, 3840, 3), 类型=uint8, 路径=C:\code\show\Scrap_Steel_In_Field\photos\dangerous_det\detection_20260731_112407.jpg
2026-07-31 11:24:07 [INFO] 成功保存检测结果到: C:\code\show\Scrap_Steel_In_Field\photos\dangerous_det\detection_20260731_112407.jpg
2026-07-31 11:24:07 [INFO] 保存的检测结果文件大小: 2288187 字节
2026-07-31 11:24:07 [INFO] 引擎上下文已释放
2026-07-31 11:24:07 [INFO] TensorRT 引擎已释放
2026-07-31 11:24:07 [INFO] 全局 CUDA 资源已释放
2026-07-31 11:24:07 [INFO] 检测系统资源已释放
2026-07-31 11:24:12 [INFO] CUDA 初始化成功
2026-07-31 11:24:12 [INFO] 引擎加载成功: dangerous.engine
2026-07-31 11:24:12 [INFO] 检测系统初始化成功
2026-07-31 11:24:12 [INFO] 图像预处理完成，原始尺寸: (2160, 3840)
2026-07-31 11:24:12 [INFO] 开始执行目标检测...
2026-07-31 11:24:12 [INFO] 检测完成，找到 3 个物体
2026-07-31 11:24:12 [INFO] 物体 1: GasCyl1 (置信度: 0.61)
2026-07-31 11:24:12 [INFO] 物体 2: FireExt1 (置信度: 0.49)
2026-07-31 11:24:12 [INFO] 物体 3: FireExt1 (置信度: 0.47)
2026-07-31 11:24:12 [INFO] 检测到车兜区域，将过滤区域外的目标
2026-07-31 11:24:12 [INFO] 准备保存检测结果到: C:\code\show\Scrap_Steel_In_Field\photos\dangerous_det\detection_20260731_112412.jpg
2026-07-31 11:24:12 [INFO] 图像形状: (2160, 3840, 3)
2026-07-31 11:24:12 [INFO] 图像数据类型: uint8
2026-07-31 11:24:12 [INFO] 图像最大值: 255
2026-07-31 11:24:12 [INFO] 图像最小值: 0
2026-07-31 11:24:12 [INFO] 开始保存检测结果图像: 图像尺寸=(2160, 3840, 3), 类型=uint8, 路径=C:\code\show\Scrap_Steel_In_Field\photos\dangerous_det\detection_20260731_112412.jpg
2026-07-31 11:24:12 [INFO] 成功保存检测结果到: C:\code\show\Scrap_Steel_In_Field\photos\dangerous_det\detection_20260731_112412.jpg
2026-07-31 11:24:12 [INFO] 保存的检测结果文件大小: 2292133 字节
2026-07-31 11:24:12 [INFO] 引擎上下文已释放
2026-07-31 11:24:12 [INFO] TensorRT 引擎已释放
2026-07-31 11:24:12 [INFO] 全局 CUDA 资源已释放
2026-07-31 11:24:12 [INFO] 检测系统资源已释放
2026-07-31 11:24:17 [INFO] CUDA 初始化成功
2026-07-31 11:24:17 [INFO] 引擎加载成功: dangerous.engine
2026-07-31 11:24:17 [INFO] 检测系统初始化成功
2026-07-31 11:24:17 [INFO] 图像预处理完成，原始尺寸: (2160, 3840)
2026-07-31 11:24:17 [INFO] 开始执行目标检测...
2026-07-31 11:24:17 [INFO] 检测完成，找到 3 个物体
2026-07-31 11:24:17 [INFO] 物体 1: GasCyl1 (置信度: 0.54)
2026-07-31 11:24:17 [INFO] 物体 2: FireExt1 (置信度: 0.49)
2026-07-31 11:24:17 [INFO] 物体 3: FireExt1 (置信度: 0.46)
2026-07-31 11:24:17 [INFO] 检测到车兜区域，将过滤区域外的目标
2026-07-31 11:24:17 [INFO] 准备保存检测结果到: C:\code\show\Scrap_Steel_In_Field\photos\dangerous_det\detection_20260731_112417.jpg
2026-07-31 11:24:17 [INFO] 图像形状: (2160, 3840, 3)
2026-07-31 11:24:17 [INFO] 图像数据类型: uint8
2026-07-31 11:24:17 [INFO] 图像最大值: 255
2026-07-31 11:24:17 [INFO] 图像最小值: 0
2026-07-31 11:24:17 [INFO] 开始保存检测结果图像: 图像尺寸=(2160, 3840, 3), 类型=uint8, 路径=C:\code\show\Scrap_Steel_In_Field\photos\dangerous_det\detection_20260731_112417.jpg
2026-07-31 11:24:17 [INFO] 成功保存检测结果到: C:\code\show\Scrap_Steel_In_Field\photos\dangerous_det\detection_20260731_112417.jpg
2026-07-31 11:24:17 [INFO] 保存的检测结果文件大小: 2291833 字节
2026-07-31 11:24:17 [INFO] 引擎上下文已释放
2026-07-31 11:24:17 [INFO] TensorRT 引擎已释放
2026-07-31 11:24:17 [INFO] 全局 CUDA 资源已释放
2026-07-31 11:24:17 [INFO] 检测系统资源已释放
2026-07-31 11:24:22 [INFO] CUDA 初始化成功
2026-07-31 11:24:22 [INFO] 引擎加载成功: dangerous.engine
2026-07-31 11:24:22 [INFO] 检测系统初始化成功
2026-07-31 11:24:22 [INFO] 图像预处理完成，原始尺寸: (2160, 3840)
2026-07-31 11:24:22 [INFO] 开始执行目标检测...
2026-07-31 11:24:22 [INFO] 检测完成，找到 4 个物体
2026-07-31 11:24:22 [INFO] 物体 1: GasCyl1 (置信度: 0.54)
2026-07-31 11:24:22 [INFO] 物体 2: FireExt1 (置信度: 0.45)
2026-07-31 11:24:22 [INFO] 物体 3: FireExt1 (置信度: 0.45)
2026-07-31 11:24:22 [INFO] 物体 4: FireExt1 (置信度: 0.35)
2026-07-31 11:24:22 [INFO] 检测到车兜区域，将过滤区域外的目标
2026-07-31 11:24:22 [INFO] 准备保存检测结果到: C:\code\show\Scrap_Steel_In_Field\photos\dangerous_det\detection_20260731_112422.jpg
2026-07-31 11:24:22 [INFO] 图像形状: (2160, 3840, 3)
2026-07-31 11:24:22 [INFO] 图像数据类型: uint8
2026-07-31 11:24:22 [INFO] 图像最大值: 255
2026-07-31 11:24:22 [INFO] 图像最小值: 0
2026-07-31 11:24:22 [INFO] 开始保存检测结果图像: 图像尺寸=(2160, 3840, 3), 类型=uint8, 路径=C:\code\show\Scrap_Steel_In_Field\photos\dangerous_det\detection_20260731_112422.jpg
2026-07-31 11:24:22 [INFO] 成功保存检测结果到: C:\code\show\Scrap_Steel_In_Field\photos\dangerous_det\detection_20260731_112422.jpg
2026-07-31 11:24:22 [INFO] 保存的检测结果文件大小: 2293723 字节
2026-07-31 11:24:22 [INFO] 引擎上下文已释放
2026-07-31 11:24:22 [INFO] TensorRT 引擎已释放
2026-07-31 11:24:22 [INFO] 全局 CUDA 资源已释放
2026-07-31 11:24:22 [INFO] 检测系统资源已释放
2026-07-31 11:24:27 [INFO] CUDA 初始化成功
2026-07-31 11:24:27 [INFO] 引擎加载成功: dangerous.engine
2026-07-31 11:24:27 [INFO] 检测系统初始化成功
2026-07-31 11:24:27 [INFO] 图像预处理完成，原始尺寸: (2160, 3840)
2026-07-31 11:24:27 [INFO] 开始执行目标检测...
2026-07-31 11:24:27 [INFO] 检测完成，找到 3 个物体
2026-07-31 11:24:27 [INFO] 物体 1: GasCyl1 (置信度: 0.66)
2026-07-31 11:24:27 [INFO] 物体 2: FireExt1 (置信度: 0.45)
2026-07-31 11:24:27 [INFO] 物体 3: FireExt1 (置信度: 0.41)
2026-07-31 11:24:27 [INFO] 检测到车兜区域，将过滤区域外的目标
2026-07-31 11:24:27 [INFO] 准备保存检测结果到: C:\code\show\Scrap_Steel_In_Field\photos\dangerous_det\detection_20260731_112427.jpg
2026-07-31 11:24:27 [INFO] 图像形状: (2160, 3840, 3)
2026-07-31 11:24:27 [INFO] 图像数据类型: uint8
2026-07-31 11:24:27 [INFO] 图像最大值: 255
2026-07-31 11:24:27 [INFO] 图像最小值: 0
2026-07-31 11:24:27 [INFO] 开始保存检测结果图像: 图像尺寸=(2160, 3840, 3), 类型=uint8, 路径=C:\code\show\Scrap_Steel_In_Field\photos\dangerous_det\detection_20260731_112427.jpg
2026-07-31 11:24:27 [INFO] 成功保存检测结果到: C:\code\show\Scrap_Steel_In_Field\photos\dangerous_det\detection_20260731_112427.jpg
2026-07-31 11:24:27 [INFO] 保存的检测结果文件大小: 2290536 字节
2026-07-31 11:24:27 [INFO] 引擎上下文已释放
2026-07-31 11:24:27 [INFO] TensorRT 引擎已释放
2026-07-31 11:24:27 [INFO] 全局 CUDA 资源已释放
2026-07-31 11:24:27 [INFO] 检测系统资源已释放
2026-07-31 11:24:32 [INFO] CUDA 初始化成功
2026-07-31 11:24:32 [INFO] 引擎加载成功: dangerous.engine
2026-07-31 11:24:32 [INFO] 检测系统初始化成功
2026-07-31 11:24:32 [INFO] 图像预处理完成，原始尺寸: (2160, 3840)
2026-07-31 11:24:32 [INFO] 开始执行目标检测...
2026-07-31 11:24:33 [INFO] 检测完成，找到 3 个物体
2026-07-31 11:24:33 [INFO] 物体 1: GasCyl1 (置信度: 0.66)
2026-07-31 11:24:33 [INFO] 物体 2: FireExt1 (置信度: 0.47)
2026-07-31 11:24:33 [INFO] 物体 3: FireExt1 (置信度: 0.46)
2026-07-31 11:24:33 [INFO] 检测到车兜区域，将过滤区域外的目标
2026-07-31 11:24:33 [INFO] 准备保存检测结果到: C:\code\show\Scrap_Steel_In_Field\photos\dangerous_det\detection_20260731_112433.jpg
2026-07-31 11:24:33 [INFO] 图像形状: (2160, 3840, 3)
2026-07-31 11:24:33 [INFO] 图像数据类型: uint8
2026-07-31 11:24:33 [INFO] 图像最大值: 255
2026-07-31 11:24:33 [INFO] 图像最小值: 0
2026-07-31 11:24:33 [INFO] 开始保存检测结果图像: 图像尺寸=(2160, 3840, 3), 类型=uint8, 路径=C:\code\show\Scrap_Steel_In_Field\photos\dangerous_det\detection_20260731_112433.jpg
2026-07-31 11:24:33 [INFO] 成功保存检测结果到: C:\code\show\Scrap_Steel_In_Field\photos\dangerous_det\detection_20260731_112433.jpg
2026-07-31 11:24:33 [INFO] 保存的检测结果文件大小: 2296789 字节
2026-07-31 11:24:33 [INFO] 引擎上下文已释放
2026-07-31 11:24:33 [INFO] TensorRT 引擎已释放
2026-07-31 11:24:33 [INFO] 全局 CUDA 资源已释放
2026-07-31 11:24:33 [INFO] 检测系统资源已释放
2026-07-31 11:24:38 [INFO] CUDA 初始化成功
2026-07-31 11:24:38 [INFO] 引擎加载成功: dangerous.engine
2026-07-31 11:24:38 [INFO] 检测系统初始化成功
2026-07-31 11:24:38 [INFO] 图像预处理完成，原始尺寸: (2160, 3840)
2026-07-31 11:24:38 [INFO] 开始执行目标检测...
2026-07-31 11:24:38 [INFO] 检测完成，找到 3 个物体
2026-07-31 11:24:38 [INFO] 物体 1: GasCyl1 (置信度: 0.62)
2026-07-31 11:24:38 [INFO] 物体 2: FireExt1 (置信度: 0.46)
2026-07-31 11:24:38 [INFO] 物体 3: FireExt1 (置信度: 0.46)
2026-07-31 11:24:38 [INFO] 检测到车兜区域，将过滤区域外的目标
2026-07-31 11:24:38 [INFO] 准备保存检测结果到: C:\code\show\Scrap_Steel_In_Field\photos\dangerous_det\detection_20260731_112438.jpg
2026-07-31 11:24:38 [INFO] 图像形状: (2160, 3840, 3)
2026-07-31 11:24:38 [INFO] 图像数据类型: uint8
2026-07-31 11:24:38 [INFO] 图像最大值: 255
2026-07-31 11:24:38 [INFO] 图像最小值: 0
2026-07-31 11:24:38 [INFO] 开始保存检测结果图像: 图像尺寸=(2160, 3840, 3), 类型=uint8, 路径=C:\code\show\Scrap_Steel_In_Field\photos\dangerous_det\detection_20260731_112438.jpg
2026-07-31 11:24:38 [INFO] 成功保存检测结果到: C:\code\show\Scrap_Steel_In_Field\photos\dangerous_det\detection_20260731_112438.jpg
2026-07-31 11:24:38 [INFO] 保存的检测结果文件大小: 2294154 字节
2026-07-31 11:24:38 [INFO] 引擎上下文已释放
2026-07-31 11:24:38 [INFO] TensorRT 引擎已释放
2026-07-31 11:24:38 [INFO] 全局 CUDA 资源已释放
2026-07-31 11:24:38 [INFO] 检测系统资源已释放
2026-07-31 11:24:43 [INFO] CUDA 初始化成功
2026-07-31 11:24:43 [INFO] 引擎加载成功: dangerous.engine
2026-07-31 11:24:43 [INFO] 检测系统初始化成功
2026-07-31 11:24:43 [INFO] 图像预处理完成，原始尺寸: (2160, 3840)
2026-07-31 11:24:43 [INFO] 开始执行目标检测...
2026-07-31 11:24:43 [INFO] 检测完成，找到 3 个物体
2026-07-31 11:24:43 [INFO] 物体 1: GasCyl1 (置信度: 0.71)
2026-07-31 11:24:43 [INFO] 物体 2: FireExt1 (置信度: 0.45)
2026-07-31 11:24:43 [INFO] 物体 3: FireExt1 (置信度: 0.43)
2026-07-31 11:24:43 [INFO] 检测到车兜区域，将过滤区域外的目标
2026-07-31 11:24:43 [INFO] 准备保存检测结果到: C:\code\show\Scrap_Steel_In_Field\photos\dangerous_det\detection_20260731_112443.jpg
2026-07-31 11:24:43 [INFO] 图像形状: (2160, 3840, 3)
2026-07-31 11:24:43 [INFO] 图像数据类型: uint8
2026-07-31 11:24:43 [INFO] 图像最大值: 255
2026-07-31 11:24:43 [INFO] 图像最小值: 0
2026-07-31 11:24:43 [INFO] 开始保存检测结果图像: 图像尺寸=(2160, 3840, 3), 类型=uint8, 路径=C:\code\show\Scrap_Steel_In_Field\photos\dangerous_det\detection_20260731_112443.jpg
2026-07-31 11:24:43 [INFO] 成功保存检测结果到: C:\code\show\Scrap_Steel_In_Field\photos\dangerous_det\detection_20260731_112443.jpg
2026-07-31 11:24:43 [INFO] 保存的检测结果文件大小: 2293079 字节
2026-07-31 11:24:43 [INFO] 引擎上下文已释放
2026-07-31 11:24:43 [INFO] TensorRT 引擎已释放
2026-07-31 11:24:43 [INFO] 全局 CUDA 资源已释放
2026-07-31 11:24:43 [INFO] 检测系统资源已释放
2026-07-31 11:24:48 [INFO] CUDA 初始化成功
2026-07-31 11:24:48 [INFO] 引擎加载成功: dangerous.engine
2026-07-31 11:24:48 [INFO] 检测系统初始化成功
2026-07-31 11:24:48 [INFO] 图像预处理完成，原始尺寸: (2160, 3840)
2026-07-31 11:24:48 [INFO] 开始执行目标检测...
2026-07-31 11:24:48 [INFO] 检测完成，找到 3 个物体
2026-07-31 11:24:48 [INFO] 物体 1: GasCyl1 (置信度: 0.62)
2026-07-31 11:24:48 [INFO] 物体 2: FireExt1 (置信度: 0.46)
2026-07-31 11:24:48 [INFO] 物体 3: FireExt1 (置信度: 0.45)
2026-07-31 11:24:48 [INFO] 检测到车兜区域，将过滤区域外的目标
2026-07-31 11:24:48 [INFO] 准备保存检测结果到: C:\code\show\Scrap_Steel_In_Field\photos\dangerous_det\detection_20260731_112448.jpg
2026-07-31 11:24:48 [INFO] 图像形状: (2160, 3840, 3)
2026-07-31 11:24:48 [INFO] 图像数据类型: uint8
2026-07-31 11:24:48 [INFO] 图像最大值: 255
2026-07-31 11:24:48 [INFO] 图像最小值: 0
2026-07-31 11:24:48 [INFO] 开始保存检测结果图像: 图像尺寸=(2160, 3840, 3), 类型=uint8, 路径=C:\code\show\Scrap_Steel_In_Field\photos\dangerous_det\detection_20260731_112448.jpg
2026-07-31 11:24:48 [INFO] 成功保存检测结果到: C:\code\show\Scrap_Steel_In_Field\photos\dangerous_det\detection_20260731_112448.jpg
2026-07-31 11:24:48 [INFO] 保存的检测结果文件大小: 2290860 字节
2026-07-31 11:24:48 [INFO] 引擎上下文已释放
2026-07-31 11:24:48 [INFO] TensorRT 引擎已释放
2026-07-31 11:24:48 [INFO] 全局 CUDA 资源已释放
2026-07-31 11:24:48 [INFO] 检测系统资源已释放
2026-07-31 11:24:53 [INFO] CUDA 初始化成功
2026-07-31 11:24:53 [INFO] 引擎加载成功: dangerous.engine
2026-07-31 11:24:53 [INFO] 检测系统初始化成功
2026-07-31 11:24:53 [INFO] 图像预处理完成，原始尺寸: (2160, 3840)
2026-07-31 11:24:53 [INFO] 开始执行目标检测...
2026-07-31 11:24:53 [INFO] 检测完成，找到 3 个物体
2026-07-31 11:24:53 [INFO] 物体 1: GasCyl1 (置信度: 0.60)
2026-07-31 11:24:53 [INFO] 物体 2: FireExt1 (置信度: 0.47)
2026-07-31 11:24:53 [INFO] 物体 3: FireExt1 (置信度: 0.47)
2026-07-31 11:24:54 [INFO] 检测到车兜区域，将过滤区域外的目标
2026-07-31 11:24:54 [INFO] 准备保存检测结果到: C:\code\show\Scrap_Steel_In_Field\photos\dangerous_det\detection_20260731_112454.jpg
2026-07-31 11:24:54 [INFO] 图像形状: (2160, 3840, 3)
2026-07-31 11:24:54 [INFO] 图像数据类型: uint8
2026-07-31 11:24:54 [INFO] 图像最大值: 255
2026-07-31 11:24:54 [INFO] 图像最小值: 0
2026-07-31 11:24:54 [INFO] 开始保存检测结果图像: 图像尺寸=(2160, 3840, 3), 类型=uint8, 路径=C:\code\show\Scrap_Steel_In_Field\photos\dangerous_det\detection_20260731_112454.jpg
2026-07-31 11:24:54 [INFO] 成功保存检测结果到: C:\code\show\Scrap_Steel_In_Field\photos\dangerous_det\detection_20260731_112454.jpg
2026-07-31 11:24:54 [INFO] 保存的检测结果文件大小: 2291892 字节
2026-07-31 11:24:54 [INFO] 引擎上下文已释放
2026-07-31 11:24:54 [INFO] TensorRT 引擎已释放
2026-07-31 11:24:54 [INFO] 全局 CUDA 资源已释放
2026-07-31 11:24:54 [INFO] 检测系统资源已释放
2026-07-31 11:24:59 [INFO] CUDA 初始化成功
2026-07-31 11:24:59 [INFO] 引擎加载成功: dangerous.engine
2026-07-31 11:24:59 [INFO] 检测系统初始化成功
2026-07-31 11:24:59 [INFO] 图像预处理完成，原始尺寸: (2160, 3840)
2026-07-31 11:24:59 [INFO] 开始执行目标检测...
2026-07-31 11:24:59 [INFO] 检测完成，找到 3 个物体
2026-07-31 11:24:59 [INFO] 物体 1: GasCyl1 (置信度: 0.60)
2026-07-31 11:24:59 [INFO] 物体 2: FireExt1 (置信度: 0.48)
2026-07-31 11:24:59 [INFO] 物体 3: FireExt1 (置信度: 0.48)
2026-07-31 11:24:59 [INFO] 检测到车兜区域，将过滤区域外的目标
2026-07-31 11:24:59 [INFO] 准备保存检测结果到: C:\code\show\Scrap_Steel_In_Field\photos\dangerous_det\detection_20260731_112459.jpg
2026-07-31 11:24:59 [INFO] 图像形状: (2160, 3840, 3)
2026-07-31 11:24:59 [INFO] 图像数据类型: uint8
2026-07-31 11:24:59 [INFO] 图像最大值: 255
2026-07-31 11:24:59 [INFO] 图像最小值: 0
2026-07-31 11:24:59 [INFO] 开始保存检测结果图像: 图像尺寸=(2160, 3840, 3), 类型=uint8, 路径=C:\code\show\Scrap_Steel_In_Field\photos\dangerous_det\detection_20260731_112459.jpg
2026-07-31 11:24:59 [INFO] 成功保存检测结果到: C:\code\show\Scrap_Steel_In_Field\photos\dangerous_det\detection_20260731_112459.jpg
2026-07-31 11:24:59 [INFO] 保存的检测结果文件大小: 2292617 字节
2026-07-31 11:24:59 [INFO] 引擎上下文已释放
2026-07-31 11:24:59 [INFO] TensorRT 引擎已释放
2026-07-31 11:24:59 [INFO] 全局 CUDA 资源已释放
2026-07-31 11:24:59 [INFO] 检测系统资源已释放
2026-07-31 11:25:04 [INFO] CUDA 初始化成功
2026-07-31 11:25:04 [INFO] 引擎加载成功: dangerous.engine
2026-07-31 11:25:04 [INFO] 检测系统初始化成功
2026-07-31 11:25:04 [INFO] 图像预处理完成，原始尺寸: (2160, 3840)
2026-07-31 11:25:04 [INFO] 开始执行目标检测...
2026-07-31 11:25:04 [INFO] 检测完成，找到 3 个物体
2026-07-31 11:25:04 [INFO] 物体 1: GasCyl1 (置信度: 0.63)
2026-07-31 11:25:04 [INFO] 物体 2: FireExt1 (置信度: 0.46)
2026-07-31 11:25:04 [INFO] 物体 3: FireExt1 (置信度: 0.45)
2026-07-31 11:25:04 [INFO] 检测到车兜区域，将过滤区域外的目标
2026-07-31 11:25:04 [INFO] 准备保存检测结果到: C:\code\show\Scrap_Steel_In_Field\photos\dangerous_det\detection_20260731_112504.jpg
2026-07-31 11:25:04 [INFO] 图像形状: (2160, 3840, 3)
2026-07-31 11:25:04 [INFO] 图像数据类型: uint8
2026-07-31 11:25:04 [INFO] 图像最大值: 255
2026-07-31 11:25:04 [INFO] 图像最小值: 0
2026-07-31 11:25:04 [INFO] 开始保存检测结果图像: 图像尺寸=(2160, 3840, 3), 类型=uint8, 路径=C:\code\show\Scrap_Steel_In_Field\photos\dangerous_det\detection_20260731_112504.jpg
2026-07-31 11:25:04 [INFO] 成功保存检测结果到: C:\code\show\Scrap_Steel_In_Field\photos\dangerous_det\detection_20260731_112504.jpg
2026-07-31 11:25:04 [INFO] 保存的检测结果文件大小: 2293662 字节
2026-07-31 11:25:04 [INFO] 引擎上下文已释放
2026-07-31 11:25:04 [INFO] TensorRT 引擎已释放
2026-07-31 11:25:04 [INFO] 全局 CUDA 资源已释放
2026-07-31 11:25:04 [INFO] 检测系统资源已释放
2026-07-31 11:25:09 [INFO] CUDA 初始化成功
2026-07-31 11:25:09 [INFO] 引擎加载成功: dangerous.engine
2026-07-31 11:25:09 [INFO] 检测系统初始化成功
2026-07-31 11:25:09 [INFO] 图像预处理完成，原始尺寸: (2160, 3840)
2026-07-31 11:25:09 [INFO] 开始执行目标检测...
2026-07-31 11:25:09 [INFO] 检测完成，找到 3 个物体
2026-07-31 11:25:09 [INFO] 物体 1: GasCyl1 (置信度: 0.65)
2026-07-31 11:25:09 [INFO] 物体 2: FireExt1 (置信度: 0.45)
2026-07-31 11:25:09 [INFO] 物体 3: FireExt1 (置信度: 0.42)
2026-07-31 11:25:09 [INFO] 检测到车兜区域，将过滤区域外的目标
2026-07-31 11:25:09 [INFO] 准备保存检测结果到: C:\code\show\Scrap_Steel_In_Field\photos\dangerous_det\detection_20260731_112509.jpg
2026-07-31 11:25:09 [INFO] 图像形状: (2160, 3840, 3)
2026-07-31 11:25:09 [INFO] 图像数据类型: uint8
2026-07-31 11:25:09 [INFO] 图像最大值: 255
2026-07-31 11:25:09 [INFO] 图像最小值: 0
2026-07-31 11:25:09 [INFO] 开始保存检测结果图像: 图像尺寸=(2160, 3840, 3), 类型=uint8, 路径=C:\code\show\Scrap_Steel_In_Field\photos\dangerous_det\detection_20260731_112509.jpg
2026-07-31 11:25:09 [INFO] 成功保存检测结果到: C:\code\show\Scrap_Steel_In_Field\photos\dangerous_det\detection_20260731_112509.jpg
2026-07-31 11:25:09 [INFO] 保存的检测结果文件大小: 2290451 字节
2026-07-31 11:25:09 [INFO] 引擎上下文已释放
2026-07-31 11:25:09 [INFO] TensorRT 引擎已释放
2026-07-31 11:25:09 [INFO] 全局 CUDA 资源已释放
2026-07-31 11:25:09 [INFO] 检测系统资源已释放
2026-07-31 11:25:15 [INFO] CUDA 初始化成功
2026-07-31 11:25:15 [INFO] 引擎加载成功: dangerous.engine
2026-07-31 11:25:15 [INFO] 检测系统初始化成功
2026-07-31 11:25:15 [INFO] 图像预处理完成，原始尺寸: (2160, 3840)
2026-07-31 11:25:15 [INFO] 开始执行目标检测...
2026-07-31 11:25:15 [INFO] 检测完成，找到 3 个物体
2026-07-31 11:25:15 [INFO] 物体 1: GasCyl1 (置信度: 0.63)
2026-07-31 11:25:15 [INFO] 物体 2: FireExt1 (置信度: 0.48)
2026-07-31 11:25:15 [INFO] 物体 3: FireExt1 (置信度: 0.46)
2026-07-31 11:25:15 [INFO] 检测到车兜区域，将过滤区域外的目标
2026-07-31 11:25:15 [INFO] 准备保存检测结果到: C:\code\show\Scrap_Steel_In_Field\photos\dangerous_det\detection_20260731_112515.jpg
2026-07-31 11:25:15 [INFO] 图像形状: (2160, 3840, 3)
2026-07-31 11:25:15 [INFO] 图像数据类型: uint8
2026-07-31 11:25:15 [INFO] 图像最大值: 255
2026-07-31 11:25:15 [INFO] 图像最小值: 0
2026-07-31 11:25:15 [INFO] 开始保存检测结果图像: 图像尺寸=(2160, 3840, 3), 类型=uint8, 路径=C:\code\show\Scrap_Steel_In_Field\photos\dangerous_det\detection_20260731_112515.jpg
2026-07-31 11:25:15 [INFO] 成功保存检测结果到: C:\code\show\Scrap_Steel_In_Field\photos\dangerous_det\detection_20260731_112515.jpg
2026-07-31 11:25:15 [INFO] 保存的检测结果文件大小: 2292864 字节
2026-07-31 11:25:15 [INFO] 引擎上下文已释放
2026-07-31 11:25:15 [INFO] TensorRT 引擎已释放
2026-07-31 11:25:15 [INFO] 全局 CUDA 资源已释放
2026-07-31 11:25:15 [INFO] 检测系统资源已释放
2026-07-31 11:25:20 [INFO] CUDA 初始化成功
2026-07-31 11:25:20 [INFO] 引擎加载成功: dangerous.engine
2026-07-31 11:25:20 [INFO] 检测系统初始化成功
2026-07-31 11:25:20 [INFO] 图像预处理完成，原始尺寸: (2160, 3840)
2026-07-31 11:25:20 [INFO] 开始执行目标检测...
2026-07-31 11:25:20 [INFO] 检测完成，找到 3 个物体
2026-07-31 11:25:20 [INFO] 物体 1: GasCyl1 (置信度: 0.61)
2026-07-31 11:25:20 [INFO] 物体 2: FireExt1 (置信度: 0.46)
2026-07-31 11:25:20 [INFO] 物体 3: FireExt1 (置信度: 0.44)
2026-07-31 11:25:20 [INFO] 检测到车兜区域，将过滤区域外的目标
2026-07-31 11:25:20 [INFO] 准备保存检测结果到: C:\code\show\Scrap_Steel_In_Field\photos\dangerous_det\detection_20260731_112520.jpg
2026-07-31 11:25:20 [INFO] 图像形状: (2160, 3840, 3)
2026-07-31 11:25:20 [INFO] 图像数据类型: uint8
2026-07-31 11:25:20 [INFO] 图像最大值: 255
2026-07-31 11:25:20 [INFO] 图像最小值: 0
2026-07-31 11:25:20 [INFO] 开始保存检测结果图像: 图像尺寸=(2160, 3840, 3), 类型=uint8, 路径=C:\code\show\Scrap_Steel_In_Field\photos\dangerous_det\detection_20260731_112520.jpg
2026-07-31 11:25:20 [INFO] 成功保存检测结果到: C:\code\show\Scrap_Steel_In_Field\photos\dangerous_det\detection_20260731_112520.jpg
2026-07-31 11:25:20 [INFO] 保存的检测结果文件大小: 2293425 字节
2026-07-31 11:25:20 [INFO] 引擎上下文已释放
2026-07-31 11:25:20 [INFO] TensorRT 引擎已释放
2026-07-31 11:25:20 [INFO] 全局 CUDA 资源已释放
2026-07-31 11:25:20 [INFO] 检测系统资源已释放
2026-07-31 11:25:25 [INFO] CUDA 初始化成功
2026-07-31 11:25:25 [INFO] 引擎加载成功: dangerous.engine
2026-07-31 11:25:25 [INFO] 检测系统初始化成功
2026-07-31 11:25:25 [INFO] 图像预处理完成，原始尺寸: (2160, 3840)
2026-07-31 11:25:25 [INFO] 开始执行目标检测...
2026-07-31 11:25:25 [INFO] 检测完成，找到 3 个物体
2026-07-31 11:25:25 [INFO] 物体 1: GasCyl1 (置信度: 0.68)
2026-07-31 11:25:25 [INFO] 物体 2: FireExt1 (置信度: 0.46)
2026-07-31 11:25:25 [INFO] 物体 3: FireExt1 (置信度: 0.45)
2026-07-31 11:25:25 [INFO] 检测到车兜区域，将过滤区域外的目标
2026-07-31 11:25:25 [INFO] 准备保存检测结果到: C:\code\show\Scrap_Steel_In_Field\photos\dangerous_det\detection_20260731_112525.jpg
2026-07-31 11:25:25 [INFO] 图像形状: (2160, 3840, 3)
2026-07-31 11:25:25 [INFO] 图像数据类型: uint8
2026-07-31 11:25:25 [INFO] 图像最大值: 255
2026-07-31 11:25:25 [INFO] 图像最小值: 0
2026-07-31 11:25:25 [INFO] 开始保存检测结果图像: 图像尺寸=(2160, 3840, 3), 类型=uint8, 路径=C:\code\show\Scrap_Steel_In_Field\photos\dangerous_det\detection_20260731_112525.jpg
2026-07-31 11:25:25 [INFO] 成功保存检测结果到: C:\code\show\Scrap_Steel_In_Field\photos\dangerous_det\detection_20260731_112525.jpg
2026-07-31 11:25:25 [INFO] 保存的检测结果文件大小: 2294214 字节
2026-07-31 11:25:25 [INFO] 引擎上下文已释放
2026-07-31 11:25:25 [INFO] TensorRT 引擎已释放
2026-07-31 11:25:25 [INFO] 全局 CUDA 资源已释放
2026-07-31 11:25:25 [INFO] 检测系统资源已释放
2026-07-31 11:25:30 [INFO] CUDA 初始化成功
2026-07-31 11:25:30 [INFO] 引擎加载成功: dangerous.engine
2026-07-31 11:25:30 [INFO] 检测系统初始化成功
2026-07-31 11:25:30 [INFO] 图像预处理完成，原始尺寸: (2160, 3840)
2026-07-31 11:25:30 [INFO] 开始执行目标检测...
2026-07-31 11:25:30 [INFO] 检测完成，找到 3 个物体
2026-07-31 11:25:30 [INFO] 物体 1: GasCyl1 (置信度: 0.71)
2026-07-31 11:25:30 [INFO] 物体 2: FireExt1 (置信度: 0.46)
2026-07-31 11:25:30 [INFO] 物体 3: FireExt1 (置信度: 0.44)
2026-07-31 11:25:31 [INFO] 检测到车兜区域，将过滤区域外的目标
2026-07-31 11:25:31 [INFO] 准备保存检测结果到: C:\code\show\Scrap_Steel_In_Field\photos\dangerous_det\detection_20260731_112531.jpg
2026-07-31 11:25:31 [INFO] 图像形状: (2160, 3840, 3)
2026-07-31 11:25:31 [INFO] 图像数据类型: uint8
2026-07-31 11:25:31 [INFO] 图像最大值: 255
2026-07-31 11:25:31 [INFO] 图像最小值: 0
2026-07-31 11:25:31 [INFO] 开始保存检测结果图像: 图像尺寸=(2160, 3840, 3), 类型=uint8, 路径=C:\code\show\Scrap_Steel_In_Field\photos\dangerous_det\detection_20260731_112531.jpg
2026-07-31 11:25:31 [INFO] 成功保存检测结果到: C:\code\show\Scrap_Steel_In_Field\photos\dangerous_det\detection_20260731_112531.jpg
2026-07-31 11:25:31 [INFO] 保存的检测结果文件大小: 2291414 字节
2026-07-31 11:25:31 [INFO] 引擎上下文已释放
2026-07-31 11:25:31 [INFO] TensorRT 引擎已释放
2026-07-31 11:25:31 [INFO] 全局 CUDA 资源已释放
2026-07-31 11:25:31 [INFO] 检测系统资源已释放
2026-07-31 11:25:35 [INFO] CUDA 初始化成功
2026-07-31 11:25:35 [INFO] 引擎加载成功: dangerous.engine
2026-07-31 11:25:35 [INFO] 检测系统初始化成功
2026-07-31 11:25:35 [INFO] 图像预处理完成，原始尺寸: (2160, 3840)
2026-07-31 11:25:35 [INFO] 开始执行目标检测...
2026-07-31 11:25:35 [INFO] 检测完成，找到 3 个物体
2026-07-31 11:25:35 [INFO] 物体 1: GasCyl1 (置信度: 0.68)
2026-07-31 11:25:35 [INFO] 物体 2: FireExt1 (置信度: 0.45)
2026-07-31 11:25:35 [INFO] 物体 3: FireExt1 (置信度: 0.44)
2026-07-31 11:25:35 [INFO] 检测到车兜区域，将过滤区域外的目标
2026-07-31 11:25:35 [INFO] 准备保存检测结果到: C:\code\show\Scrap_Steel_In_Field\photos\dangerous_det\detection_20260731_112535.jpg
2026-07-31 11:25:35 [INFO] 图像形状: (2160, 3840, 3)
2026-07-31 11:25:35 [INFO] 图像数据类型: uint8
2026-07-31 11:25:35 [INFO] 图像最大值: 255
2026-07-31 11:25:35 [INFO] 图像最小值: 0
2026-07-31 11:25:35 [INFO] 开始保存检测结果图像: 图像尺寸=(2160, 3840, 3), 类型=uint8, 路径=C:\code\show\Scrap_Steel_In_Field\photos\dangerous_det\detection_20260731_112535.jpg
2026-07-31 11:25:35 [INFO] 成功保存检测结果到: C:\code\show\Scrap_Steel_In_Field\photos\dangerous_det\detection_20260731_112535.jpg
2026-07-31 11:25:35 [INFO] 保存的检测结果文件大小: 2290274 字节
2026-07-31 11:25:35 [INFO] 引擎上下文已释放
2026-07-31 11:25:35 [INFO] TensorRT 引擎已释放
2026-07-31 11:25:35 [INFO] 全局 CUDA 资源已释放
2026-07-31 11:25:35 [INFO] 检测系统资源已释放
2026-07-31 11:25:40 [INFO] CUDA 初始化成功
2026-07-31 11:25:40 [INFO] 引擎加载成功: dangerous.engine
2026-07-31 11:25:40 [INFO] 检测系统初始化成功
2026-07-31 11:25:40 [INFO] 图像预处理完成，原始尺寸: (2160, 3840)
2026-07-31 11:25:40 [INFO] 开始执行目标检测...
2026-07-31 11:25:40 [INFO] 检测完成，找到 3 个物体
2026-07-31 11:25:40 [INFO] 物体 1: GasCyl1 (置信度: 0.60)
2026-07-31 11:25:40 [INFO] 物体 2: FireExt1 (置信度: 0.47)
2026-07-31 11:25:40 [INFO] 物体 3: FireExt1 (置信度: 0.47)
2026-07-31 11:25:41 [INFO] 检测到车兜区域，将过滤区域外的目标
2026-07-31 11:25:41 [INFO] 准备保存检测结果到: C:\code\show\Scrap_Steel_In_Field\photos\dangerous_det\detection_20260731_112541.jpg
2026-07-31 11:25:41 [INFO] 图像形状: (2160, 3840, 3)
2026-07-31 11:25:41 [INFO] 图像数据类型: uint8
2026-07-31 11:25:41 [INFO] 图像最大值: 255
2026-07-31 11:25:41 [INFO] 图像最小值: 0
2026-07-31 11:25:41 [INFO] 开始保存检测结果图像: 图像尺寸=(2160, 3840, 3), 类型=uint8, 路径=C:\code\show\Scrap_Steel_In_Field\photos\dangerous_det\detection_20260731_112541.jpg
2026-07-31 11:25:41 [INFO] 成功保存检测结果到: C:\code\show\Scrap_Steel_In_Field\photos\dangerous_det\detection_20260731_112541.jpg
2026-07-31 11:25:41 [INFO] 保存的检测结果文件大小: 2290282 字节
2026-07-31 11:25:41 [INFO] 引擎上下文已释放
2026-07-31 11:25:41 [INFO] TensorRT 引擎已释放
2026-07-31 11:25:41 [INFO] 全局 CUDA 资源已释放
2026-07-31 11:25:41 [INFO] 检测系统资源已释放
2026-07-31 11:25:46 [INFO] CUDA 初始化成功
2026-07-31 11:25:46 [INFO] 引擎加载成功: dangerous.engine
2026-07-31 11:25:46 [INFO] 检测系统初始化成功
2026-07-31 11:25:46 [INFO] 图像预处理完成，原始尺寸: (2160, 3840)
2026-07-31 11:25:46 [INFO] 开始执行目标检测...
2026-07-31 11:25:46 [INFO] 检测完成，找到 3 个物体
2026-07-31 11:25:46 [INFO] 物体 1: GasCyl1 (置信度: 0.70)
2026-07-31 11:25:46 [INFO] 物体 2: FireExt1 (置信度: 0.45)
2026-07-31 11:25:46 [INFO] 物体 3: FireExt1 (置信度: 0.41)
2026-07-31 11:25:46 [INFO] 检测到车兜区域，将过滤区域外的目标
2026-07-31 11:25:46 [INFO] 准备保存检测结果到: C:\code\show\Scrap_Steel_In_Field\photos\dangerous_det\detection_20260731_112546.jpg
2026-07-31 11:25:46 [INFO] 图像形状: (2160, 3840, 3)
2026-07-31 11:25:46 [INFO] 图像数据类型: uint8
2026-07-31 11:25:46 [INFO] 图像最大值: 255
2026-07-31 11:25:46 [INFO] 图像最小值: 0
2026-07-31 11:25:46 [INFO] 开始保存检测结果图像: 图像尺寸=(2160, 3840, 3), 类型=uint8, 路径=C:\code\show\Scrap_Steel_In_Field\photos\dangerous_det\detection_20260731_112546.jpg
2026-07-31 11:25:46 [INFO] 成功保存检测结果到: C:\code\show\Scrap_Steel_In_Field\photos\dangerous_det\detection_20260731_112546.jpg
2026-07-31 11:25:46 [INFO] 保存的检测结果文件大小: 2292260 字节
2026-07-31 11:25:46 [INFO] 引擎上下文已释放
2026-07-31 11:25:46 [INFO] TensorRT 引擎已释放
2026-07-31 11:25:46 [INFO] 全局 CUDA 资源已释放
2026-07-31 11:25:46 [INFO] 检测系统资源已释放
2026-07-31 11:25:51 [INFO] CUDA 初始化成功
2026-07-31 11:25:51 [INFO] 引擎加载成功: dangerous.engine
2026-07-31 11:25:51 [INFO] 检测系统初始化成功
2026-07-31 11:25:51 [INFO] 图像预处理完成，原始尺寸: (2160, 3840)
2026-07-31 11:25:51 [INFO] 开始执行目标检测...
2026-07-31 11:25:51 [INFO] 检测完成，找到 3 个物体
2026-07-31 11:25:51 [INFO] 物体 1: GasCyl1 (置信度: 0.60)
2026-07-31 11:25:51 [INFO] 物体 2: FireExt1 (置信度: 0.45)
2026-07-31 11:25:51 [INFO] 物体 3: FireExt1 (置信度: 0.44)
2026-07-31 11:25:51 [INFO] 检测到车兜区域，将过滤区域外的目标
2026-07-31 11:25:51 [INFO] 准备保存检测结果到: C:\code\show\Scrap_Steel_In_Field\photos\dangerous_det\detection_20260731_112551.jpg
2026-07-31 11:25:51 [INFO] 图像形状: (2160, 3840, 3)
2026-07-31 11:25:51 [INFO] 图像数据类型: uint8
2026-07-31 11:25:51 [INFO] 图像最大值: 255
2026-07-31 11:25:51 [INFO] 图像最小值: 0
2026-07-31 11:25:51 [INFO] 开始保存检测结果图像: 图像尺寸=(2160, 3840, 3), 类型=uint8, 路径=C:\code\show\Scrap_Steel_In_Field\photos\dangerous_det\detection_20260731_112551.jpg
2026-07-31 11:25:51 [INFO] 成功保存检测结果到: C:\code\show\Scrap_Steel_In_Field\photos\dangerous_det\detection_20260731_112551.jpg
2026-07-31 11:25:51 [INFO] 保存的检测结果文件大小: 2293662 字节
2026-07-31 11:25:51 [INFO] 引擎上下文已释放
2026-07-31 11:25:51 [INFO] TensorRT 引擎已释放
2026-07-31 11:25:51 [INFO] 全局 CUDA 资源已释放
2026-07-31 11:25:51 [INFO] 检测系统资源已释放
2026-07-31 11:25:56 [INFO] CUDA 初始化成功
2026-07-31 11:25:56 [INFO] 引擎加载成功: dangerous.engine
2026-07-31 11:25:56 [INFO] 检测系统初始化成功
2026-07-31 11:25:56 [INFO] 图像预处理完成，原始尺寸: (2160, 3840)
2026-07-31 11:25:56 [INFO] 开始执行目标检测...
2026-07-31 11:25:56 [INFO] 检测完成，找到 3 个物体
2026-07-31 11:25:56 [INFO] 物体 1: GasCyl1 (置信度: 0.65)
2026-07-31 11:25:56 [INFO] 物体 2: FireExt1 (置信度: 0.47)
2026-07-31 11:25:56 [INFO] 物体 3: FireExt1 (置信度: 0.47)
2026-07-31 11:25:56 [INFO] 检测到车兜区域，将过滤区域外的目标
2026-07-31 11:25:56 [INFO] 准备保存检测结果到: C:\code\show\Scrap_Steel_In_Field\photos\dangerous_det\detection_20260731_112556.jpg
2026-07-31 11:25:56 [INFO] 图像形状: (2160, 3840, 3)
2026-07-31 11:25:56 [INFO] 图像数据类型: uint8
2026-07-31 11:25:56 [INFO] 图像最大值: 255
2026-07-31 11:25:56 [INFO] 图像最小值: 0
2026-07-31 11:25:56 [INFO] 开始保存检测结果图像: 图像尺寸=(2160, 3840, 3), 类型=uint8, 路径=C:\code\show\Scrap_Steel_In_Field\photos\dangerous_det\detection_20260731_112556.jpg
2026-07-31 11:25:56 [INFO] 成功保存检测结果到: C:\code\show\Scrap_Steel_In_Field\photos\dangerous_det\detection_20260731_112556.jpg
2026-07-31 11:25:56 [INFO] 保存的检测结果文件大小: 2294572 字节
2026-07-31 11:25:56 [INFO] 引擎上下文已释放
2026-07-31 11:25:56 [INFO] TensorRT 引擎已释放
2026-07-31 11:25:56 [INFO] 全局 CUDA 资源已释放
2026-07-31 11:25:56 [INFO] 检测系统资源已释放
2026-07-31 11:26:02 [INFO] CUDA 初始化成功
2026-07-31 11:26:02 [INFO] 引擎加载成功: dangerous.engine
2026-07-31 11:26:02 [INFO] 检测系统初始化成功
2026-07-31 11:26:02 [INFO] 图像预处理完成，原始尺寸: (2160, 3840)
2026-07-31 11:26:02 [INFO] 开始执行目标检测...
2026-07-31 11:26:02 [INFO] 检测完成，找到 3 个物体
2026-07-31 11:26:02 [INFO] 物体 1: GasCyl1 (置信度: 0.64)
2026-07-31 11:26:02 [INFO] 物体 2: FireExt1 (置信度: 0.47)
2026-07-31 11:26:02 [INFO] 物体 3: FireExt1 (置信度: 0.45)
2026-07-31 11:26:02 [INFO] 检测到车兜区域，将过滤区域外的目标
2026-07-31 11:26:02 [INFO] 准备保存检测结果到: C:\code\show\Scrap_Steel_In_Field\photos\dangerous_det\detection_20260731_112602.jpg
2026-07-31 11:26:02 [INFO] 图像形状: (2160, 3840, 3)
2026-07-31 11:26:02 [INFO] 图像数据类型: uint8
2026-07-31 11:26:02 [INFO] 图像最大值: 255
2026-07-31 11:26:02 [INFO] 图像最小值: 0
2026-07-31 11:26:02 [INFO] 开始保存检测结果图像: 图像尺寸=(2160, 3840, 3), 类型=uint8, 路径=C:\code\show\Scrap_Steel_In_Field\photos\dangerous_det\detection_20260731_112602.jpg
2026-07-31 11:26:02 [INFO] 成功保存检测结果到: C:\code\show\Scrap_Steel_In_Field\photos\dangerous_det\detection_20260731_112602.jpg
2026-07-31 11:26:02 [INFO] 保存的检测结果文件大小: 2296773 字节
2026-07-31 11:26:02 [INFO] 引擎上下文已释放
2026-07-31 11:26:02 [INFO] TensorRT 引擎已释放
2026-07-31 11:26:02 [INFO] 全局 CUDA 资源已释放
2026-07-31 11:26:02 [INFO] 检测系统资源已释放
2026-07-31 11:26:07 [INFO] CUDA 初始化成功
2026-07-31 11:26:07 [INFO] 引擎加载成功: dangerous.engine
2026-07-31 11:26:07 [INFO] 检测系统初始化成功
2026-07-31 11:26:07 [INFO] 图像预处理完成，原始尺寸: (2160, 3840)
2026-07-31 11:26:07 [INFO] 开始执行目标检测...
2026-07-31 11:26:07 [INFO] 检测完成，找到 3 个物体
2026-07-31 11:26:07 [INFO] 物体 1: GasCyl1 (置信度: 0.64)
2026-07-31 11:26:07 [INFO] 物体 2: FireExt1 (置信度: 0.45)
2026-07-31 11:26:07 [INFO] 物体 3: FireExt1 (置信度: 0.45)
2026-07-31 11:26:07 [INFO] 检测到车兜区域，将过滤区域外的目标
2026-07-31 11:26:07 [INFO] 准备保存检测结果到: C:\code\show\Scrap_Steel_In_Field\photos\dangerous_det\detection_20260731_112607.jpg
2026-07-31 11:26:07 [INFO] 图像形状: (2160, 3840, 3)
2026-07-31 11:26:07 [INFO] 图像数据类型: uint8
2026-07-31 11:26:07 [INFO] 图像最大值: 255
2026-07-31 11:26:07 [INFO] 图像最小值: 0
2026-07-31 11:26:07 [INFO] 开始保存检测结果图像: 图像尺寸=(2160, 3840, 3), 类型=uint8, 路径=C:\code\show\Scrap_Steel_In_Field\photos\dangerous_det\detection_20260731_112607.jpg
2026-07-31 11:26:07 [INFO] 成功保存检测结果到: C:\code\show\Scrap_Steel_In_Field\photos\dangerous_det\detection_20260731_112607.jpg
2026-07-31 11:26:07 [INFO] 保存的检测结果文件大小: 2295213 字节
2026-07-31 11:26:07 [INFO] 引擎上下文已释放
2026-07-31 11:26:07 [INFO] TensorRT 引擎已释放
2026-07-31 11:26:07 [INFO] 全局 CUDA 资源已释放
2026-07-31 11:26:07 [INFO] 检测系统资源已释放
2026-07-31 11:26:12 [INFO] CUDA 初始化成功
2026-07-31 11:26:12 [INFO] 引擎加载成功: dangerous.engine
2026-07-31 11:26:12 [INFO] 检测系统初始化成功
2026-07-31 11:26:12 [INFO] 图像预处理完成，原始尺寸: (2160, 3840)
2026-07-31 11:26:12 [INFO] 开始执行目标检测...
2026-07-31 11:26:12 [INFO] 检测完成，找到 3 个物体
2026-07-31 11:26:12 [INFO] 物体 1: GasCyl1 (置信度: 0.67)
2026-07-31 11:26:12 [INFO] 物体 2: FireExt1 (置信度: 0.48)
2026-07-31 11:26:12 [INFO] 物体 3: FireExt1 (置信度: 0.43)
2026-07-31 11:26:12 [INFO] 检测到车兜区域，将过滤区域外的目标
2026-07-31 11:26:12 [INFO] 准备保存检测结果到: C:\code\show\Scrap_Steel_In_Field\photos\dangerous_det\detection_20260731_112612.jpg
2026-07-31 11:26:12 [INFO] 图像形状: (2160, 3840, 3)
2026-07-31 11:26:12 [INFO] 图像数据类型: uint8
2026-07-31 11:26:12 [INFO] 图像最大值: 255
2026-07-31 11:26:12 [INFO] 图像最小值: 0
2026-07-31 11:26:12 [INFO] 开始保存检测结果图像: 图像尺寸=(2160, 3840, 3), 类型=uint8, 路径=C:\code\show\Scrap_Steel_In_Field\photos\dangerous_det\detection_20260731_112612.jpg
2026-07-31 11:26:12 [INFO] 成功保存检测结果到: C:\code\show\Scrap_Steel_In_Field\photos\dangerous_det\detection_20260731_112612.jpg
2026-07-31 11:26:12 [INFO] 保存的检测结果文件大小: 2292926 字节
2026-07-31 11:26:12 [INFO] 引擎上下文已释放
2026-07-31 11:26:12 [INFO] TensorRT 引擎已释放
2026-07-31 11:26:12 [INFO] 全局 CUDA 资源已释放
2026-07-31 11:26:12 [INFO] 检测系统资源已释放
2026-07-31 11:26:18 [INFO] CUDA 初始化成功
2026-07-31 11:26:18 [INFO] 引擎加载成功: dangerous.engine
2026-07-31 11:26:18 [INFO] 检测系统初始化成功
2026-07-31 11:26:18 [INFO] 图像预处理完成，原始尺寸: (2160, 3840)
2026-07-31 11:26:18 [INFO] 开始执行目标检测...
2026-07-31 11:26:18 [INFO] 检测完成，找到 3 个物体
2026-07-31 11:26:18 [INFO] 物体 1: GasCyl1 (置信度: 0.69)
2026-07-31 11:26:18 [INFO] 物体 2: FireExt1 (置信度: 0.45)
2026-07-31 11:26:18 [INFO] 物体 3: FireExt1 (置信度: 0.42)
2026-07-31 11:26:18 [INFO] 检测到车兜区域，将过滤区域外的目标
2026-07-31 11:26:18 [INFO] 准备保存检测结果到: C:\code\show\Scrap_Steel_In_Field\photos\dangerous_det\detection_20260731_112618.jpg
2026-07-31 11:26:18 [INFO] 图像形状: (2160, 3840, 3)
2026-07-31 11:26:18 [INFO] 图像数据类型: uint8
2026-07-31 11:26:18 [INFO] 图像最大值: 255
2026-07-31 11:26:18 [INFO] 图像最小值: 0
2026-07-31 11:26:18 [INFO] 开始保存检测结果图像: 图像尺寸=(2160, 3840, 3), 类型=uint8, 路径=C:\code\show\Scrap_Steel_In_Field\photos\dangerous_det\detection_20260731_112618.jpg
2026-07-31 11:26:18 [INFO] 成功保存检测结果到: C:\code\show\Scrap_Steel_In_Field\photos\dangerous_det\detection_20260731_112618.jpg
2026-07-31 11:26:18 [INFO] 保存的检测结果文件大小: 2294749 字节
2026-07-31 11:26:18 [INFO] 引擎上下文已释放
2026-07-31 11:26:18 [INFO] TensorRT 引擎已释放
2026-07-31 11:26:18 [INFO] 全局 CUDA 资源已释放
2026-07-31 11:26:18 [INFO] 检测系统资源已释放
2026-07-31 11:26:23 [INFO] CUDA 初始化成功
2026-07-31 11:26:23 [INFO] 引擎加载成功: dangerous.engine
2026-07-31 11:26:23 [INFO] 检测系统初始化成功
2026-07-31 11:26:23 [INFO] 图像预处理完成，原始尺寸: (2160, 3840)
2026-07-31 11:26:23 [INFO] 开始执行目标检测...
2026-07-31 11:26:23 [INFO] 检测完成，找到 3 个物体
2026-07-31 11:26:23 [INFO] 物体 1: GasCyl1 (置信度: 0.67)
2026-07-31 11:26:23 [INFO] 物体 2: FireExt1 (置信度: 0.45)
2026-07-31 11:26:23 [INFO] 物体 3: FireExt1 (置信度: 0.45)
2026-07-31 11:26:23 [INFO] 检测到车兜区域，将过滤区域外的目标
2026-07-31 11:26:23 [INFO] 准备保存检测结果到: C:\code\show\Scrap_Steel_In_Field\photos\dangerous_det\detection_20260731_112623.jpg
2026-07-31 11:26:23 [INFO] 图像形状: (2160, 3840, 3)
2026-07-31 11:26:23 [INFO] 图像数据类型: uint8
2026-07-31 11:26:23 [INFO] 图像最大值: 255
2026-07-31 11:26:23 [INFO] 图像最小值: 0
2026-07-31 11:26:23 [INFO] 开始保存检测结果图像: 图像尺寸=(2160, 3840, 3), 类型=uint8, 路径=C:\code\show\Scrap_Steel_In_Field\photos\dangerous_det\detection_20260731_112623.jpg
2026-07-31 11:26:23 [INFO] 成功保存检测结果到: C:\code\show\Scrap_Steel_In_Field\photos\dangerous_det\detection_20260731_112623.jpg
2026-07-31 11:26:23 [INFO] 保存的检测结果文件大小: 2295639 字节
2026-07-31 11:26:23 [INFO] 引擎上下文已释放
2026-07-31 11:26:23 [INFO] TensorRT 引擎已释放
2026-07-31 11:26:23 [INFO] 全局 CUDA 资源已释放
2026-07-31 11:26:23 [INFO] 检测系统资源已释放
2026-07-31 11:26:28 [INFO] CUDA 初始化成功
2026-07-31 11:26:28 [INFO] 引擎加载成功: dangerous.engine
2026-07-31 11:26:28 [INFO] 检测系统初始化成功
2026-07-31 11:26:28 [INFO] 图像预处理完成，原始尺寸: (2160, 3840)
2026-07-31 11:26:28 [INFO] 开始执行目标检测...
2026-07-31 11:26:28 [INFO] 检测完成，找到 3 个物体
2026-07-31 11:26:28 [INFO] 物体 1: GasCyl1 (置信度: 0.57)
2026-07-31 11:26:28 [INFO] 物体 2: FireExt1 (置信度: 0.46)
2026-07-31 11:26:28 [INFO] 物体 3: FireExt1 (置信度: 0.44)
2026-07-31 11:26:28 [INFO] 检测到车兜区域，将过滤区域外的目标
2026-07-31 11:26:28 [INFO] 准备保存检测结果到: C:\code\show\Scrap_Steel_In_Field\photos\dangerous_det\detection_20260731_112628.jpg
2026-07-31 11:26:28 [INFO] 图像形状: (2160, 3840, 3)
2026-07-31 11:26:28 [INFO] 图像数据类型: uint8
2026-07-31 11:26:28 [INFO] 图像最大值: 255
2026-07-31 11:26:28 [INFO] 图像最小值: 0
2026-07-31 11:26:28 [INFO] 开始保存检测结果图像: 图像尺寸=(2160, 3840, 3), 类型=uint8, 路径=C:\code\show\Scrap_Steel_In_Field\photos\dangerous_det\detection_20260731_112628.jpg
2026-07-31 11:26:28 [INFO] 成功保存检测结果到: C:\code\show\Scrap_Steel_In_Field\photos\dangerous_det\detection_20260731_112628.jpg
2026-07-31 11:26:28 [INFO] 保存的检测结果文件大小: 2296270 字节
2026-07-31 11:26:28 [INFO] 引擎上下文已释放
2026-07-31 11:26:28 [INFO] TensorRT 引擎已释放
2026-07-31 11:26:28 [INFO] 全局 CUDA 资源已释放
2026-07-31 11:26:28 [INFO] 检测系统资源已释放
2026-07-31 11:26:34 [INFO] CUDA 初始化成功
2026-07-31 11:26:34 [INFO] 引擎加载成功: dangerous.engine
2026-07-31 11:26:34 [INFO] 检测系统初始化成功
2026-07-31 11:26:34 [INFO] 图像预处理完成，原始尺寸: (2160, 3840)
2026-07-31 11:26:34 [INFO] 开始执行目标检测...
2026-07-31 11:26:34 [INFO] 检测完成，找到 3 个物体
2026-07-31 11:26:34 [INFO] 物体 1: GasCyl1 (置信度: 0.63)
2026-07-31 11:26:34 [INFO] 物体 2: FireExt1 (置信度: 0.48)
2026-07-31 11:26:34 [INFO] 物体 3: FireExt1 (置信度: 0.46)
2026-07-31 11:26:34 [INFO] 检测到车兜区域，将过滤区域外的目标
2026-07-31 11:26:34 [INFO] 准备保存检测结果到: C:\code\show\Scrap_Steel_In_Field\photos\dangerous_det\detection_20260731_112634.jpg
2026-07-31 11:26:34 [INFO] 图像形状: (2160, 3840, 3)
2026-07-31 11:26:34 [INFO] 图像数据类型: uint8
2026-07-31 11:26:34 [INFO] 图像最大值: 255
2026-07-31 11:26:34 [INFO] 图像最小值: 0
2026-07-31 11:26:34 [INFO] 开始保存检测结果图像: 图像尺寸=(2160, 3840, 3), 类型=uint8, 路径=C:\code\show\Scrap_Steel_In_Field\photos\dangerous_det\detection_20260731_112634.jpg
2026-07-31 11:26:34 [INFO] 成功保存检测结果到: C:\code\show\Scrap_Steel_In_Field\photos\dangerous_det\detection_20260731_112634.jpg
2026-07-31 11:26:34 [INFO] 保存的检测结果文件大小: 2293238 字节
2026-07-31 11:26:34 [INFO] 引擎上下文已释放
2026-07-31 11:26:34 [INFO] TensorRT 引擎已释放
2026-07-31 11:26:34 [INFO] 全局 CUDA 资源已释放
2026-07-31 11:26:34 [INFO] 检测系统资源已释放
2026-07-31 11:26:39 [INFO] CUDA 初始化成功
2026-07-31 11:26:39 [INFO] 引擎加载成功: dangerous.engine
2026-07-31 11:26:39 [INFO] 检测系统初始化成功
2026-07-31 11:26:39 [INFO] 图像预处理完成，原始尺寸: (2160, 3840)
2026-07-31 11:26:39 [INFO] 开始执行目标检测...
2026-07-31 11:26:39 [INFO] 检测完成，找到 3 个物体
2026-07-31 11:26:39 [INFO] 物体 1: GasCyl1 (置信度: 0.63)
2026-07-31 11:26:39 [INFO] 物体 2: FireExt1 (置信度: 0.47)
2026-07-31 11:26:39 [INFO] 物体 3: FireExt1 (置信度: 0.47)
2026-07-31 11:26:39 [INFO] 检测到车兜区域，将过滤区域外的目标
2026-07-31 11:26:39 [INFO] 准备保存检测结果到: C:\code\show\Scrap_Steel_In_Field\photos\dangerous_det\detection_20260731_112639.jpg
2026-07-31 11:26:39 [INFO] 图像形状: (2160, 3840, 3)
2026-07-31 11:26:39 [INFO] 图像数据类型: uint8
2026-07-31 11:26:39 [INFO] 图像最大值: 255
2026-07-31 11:26:39 [INFO] 图像最小值: 0
2026-07-31 11:26:39 [INFO] 开始保存检测结果图像: 图像尺寸=(2160, 3840, 3), 类型=uint8, 路径=C:\code\show\Scrap_Steel_In_Field\photos\dangerous_det\detection_20260731_112639.jpg
2026-07-31 11:26:39 [INFO] 成功保存检测结果到: C:\code\show\Scrap_Steel_In_Field\photos\dangerous_det\detection_20260731_112639.jpg
2026-07-31 11:26:39 [INFO] 保存的检测结果文件大小: 2294533 字节
2026-07-31 11:26:39 [INFO] 引擎上下文已释放
2026-07-31 11:26:39 [INFO] TensorRT 引擎已释放
2026-07-31 11:26:39 [INFO] 全局 CUDA 资源已释放
2026-07-31 11:26:39 [INFO] 检测系统资源已释放
2026-07-31 11:26:45 [INFO] CUDA 初始化成功
2026-07-31 11:26:45 [INFO] 引擎加载成功: dangerous.engine
2026-07-31 11:26:45 [INFO] 检测系统初始化成功
2026-07-31 11:26:45 [INFO] 图像预处理完成，原始尺寸: (2160, 3840)
2026-07-31 11:26:45 [INFO] 开始执行目标检测...
2026-07-31 11:26:45 [INFO] 检测完成，找到 3 个物体
2026-07-31 11:26:45 [INFO] 物体 1: GasCyl1 (置信度: 0.63)
2026-07-31 11:26:45 [INFO] 物体 2: FireExt1 (置信度: 0.46)
2026-07-31 11:26:45 [INFO] 物体 3: FireExt1 (置信度: 0.44)
2026-07-31 11:26:45 [INFO] 检测到车兜区域，将过滤区域外的目标
2026-07-31 11:26:45 [INFO] 准备保存检测结果到: C:\code\show\Scrap_Steel_In_Field\photos\dangerous_det\detection_20260731_112645.jpg
2026-07-31 11:26:45 [INFO] 图像形状: (2160, 3840, 3)
2026-07-31 11:26:45 [INFO] 图像数据类型: uint8
2026-07-31 11:26:45 [INFO] 图像最大值: 255
2026-07-31 11:26:45 [INFO] 图像最小值: 0
2026-07-31 11:26:45 [INFO] 开始保存检测结果图像: 图像尺寸=(2160, 3840, 3), 类型=uint8, 路径=C:\code\show\Scrap_Steel_In_Field\photos\dangerous_det\detection_20260731_112645.jpg
2026-07-31 11:26:45 [INFO] 成功保存检测结果到: C:\code\show\Scrap_Steel_In_Field\photos\dangerous_det\detection_20260731_112645.jpg
2026-07-31 11:26:45 [INFO] 保存的检测结果文件大小: 2297114 字节
2026-07-31 11:26:45 [INFO] 引擎上下文已释放
2026-07-31 11:26:45 [INFO] TensorRT 引擎已释放
2026-07-31 11:26:45 [INFO] 全局 CUDA 资源已释放
2026-07-31 11:26:45 [INFO] 检测系统资源已释放
2026-07-31 11:26:50 [INFO] CUDA 初始化成功
2026-07-31 11:26:50 [INFO] 引擎加载成功: dangerous.engine
2026-07-31 11:26:50 [INFO] 检测系统初始化成功
2026-07-31 11:26:50 [INFO] 图像预处理完成，原始尺寸: (2160, 3840)
2026-07-31 11:26:50 [INFO] 开始执行目标检测...
2026-07-31 11:26:50 [INFO] 检测完成，找到 3 个物体
2026-07-31 11:26:50 [INFO] 物体 1: GasCyl1 (置信度: 0.57)
2026-07-31 11:26:50 [INFO] 物体 2: FireExt1 (置信度: 0.47)
2026-07-31 11:26:50 [INFO] 物体 3: FireExt1 (置信度: 0.47)
2026-07-31 11:26:50 [INFO] 检测到车兜区域，将过滤区域外的目标
2026-07-31 11:26:50 [INFO] 准备保存检测结果到: C:\code\show\Scrap_Steel_In_Field\photos\dangerous_det\detection_20260731_112650.jpg
2026-07-31 11:26:50 [INFO] 图像形状: (2160, 3840, 3)
2026-07-31 11:26:50 [INFO] 图像数据类型: uint8
2026-07-31 11:26:50 [INFO] 图像最大值: 255
2026-07-31 11:26:50 [INFO] 图像最小值: 0
2026-07-31 11:26:50 [INFO] 开始保存检测结果图像: 图像尺寸=(2160, 3840, 3), 类型=uint8, 路径=C:\code\show\Scrap_Steel_In_Field\photos\dangerous_det\detection_20260731_112650.jpg
2026-07-31 11:26:50 [INFO] 成功保存检测结果到: C:\code\show\Scrap_Steel_In_Field\photos\dangerous_det\detection_20260731_112650.jpg
2026-07-31 11:26:50 [INFO] 保存的检测结果文件大小: 2296036 字节
2026-07-31 11:26:50 [INFO] 引擎上下文已释放
2026-07-31 11:26:50 [INFO] TensorRT 引擎已释放
2026-07-31 11:26:50 [INFO] 全局 CUDA 资源已释放
2026-07-31 11:26:50 [INFO] 检测系统资源已释放
2026-07-31 11:26:55 [INFO] CUDA 初始化成功
2026-07-31 11:26:55 [INFO] 引擎加载成功: dangerous.engine
2026-07-31 11:26:55 [INFO] 检测系统初始化成功
2026-07-31 11:26:55 [INFO] 图像预处理完成，原始尺寸: (2160, 3840)
2026-07-31 11:26:55 [INFO] 开始执行目标检测...
2026-07-31 11:26:55 [INFO] 检测完成，找到 3 个物体
2026-07-31 11:26:55 [INFO] 物体 1: GasCyl1 (置信度: 0.64)
2026-07-31 11:26:55 [INFO] 物体 2: FireExt1 (置信度: 0.46)
2026-07-31 11:26:55 [INFO] 物体 3: FireExt1 (置信度: 0.45)
2026-07-31 11:26:55 [INFO] 检测到车兜区域，将过滤区域外的目标
2026-07-31 11:26:55 [INFO] 准备保存检测结果到: C:\code\show\Scrap_Steel_In_Field\photos\dangerous_det\detection_20260731_112655.jpg
2026-07-31 11:26:55 [INFO] 图像形状: (2160, 3840, 3)
2026-07-31 11:26:55 [INFO] 图像数据类型: uint8
2026-07-31 11:26:55 [INFO] 图像最大值: 255
2026-07-31 11:26:55 [INFO] 图像最小值: 0
2026-07-31 11:26:55 [INFO] 开始保存检测结果图像: 图像尺寸=(2160, 3840, 3), 类型=uint8, 路径=C:\code\show\Scrap_Steel_In_Field\photos\dangerous_det\detection_20260731_112655.jpg
2026-07-31 11:26:55 [INFO] 成功保存检测结果到: C:\code\show\Scrap_Steel_In_Field\photos\dangerous_det\detection_20260731_112655.jpg
2026-07-31 11:26:55 [INFO] 保存的检测结果文件大小: 2296078 字节
2026-07-31 11:26:55 [INFO] 引擎上下文已释放
2026-07-31 11:26:55 [INFO] TensorRT 引擎已释放
2026-07-31 11:26:55 [INFO] 全局 CUDA 资源已释放
2026-07-31 11:26:55 [INFO] 检测系统资源已释放
2026-07-31 11:27:00 [INFO] CUDA 初始化成功
2026-07-31 11:27:00 [INFO] 引擎加载成功: dangerous.engine
2026-07-31 11:27:00 [INFO] 检测系统初始化成功
2026-07-31 11:27:00 [INFO] 图像预处理完成，原始尺寸: (2160, 3840)
2026-07-31 11:27:00 [INFO] 开始执行目标检测...
2026-07-31 11:27:00 [INFO] 检测完成，找到 3 个物体
2026-07-31 11:27:00 [INFO] 物体 1: GasCyl1 (置信度: 0.70)
2026-07-31 11:27:00 [INFO] 物体 2: FireExt1 (置信度: 0.46)
2026-07-31 11:27:00 [INFO] 物体 3: FireExt1 (置信度: 0.44)
2026-07-31 11:27:00 [INFO] 检测到车兜区域，将过滤区域外的目标
2026-07-31 11:27:00 [INFO] 准备保存检测结果到: C:\code\show\Scrap_Steel_In_Field\photos\dangerous_det\detection_20260731_112700.jpg
2026-07-31 11:27:00 [INFO] 图像形状: (2160, 3840, 3)
2026-07-31 11:27:00 [INFO] 图像数据类型: uint8
2026-07-31 11:27:00 [INFO] 图像最大值: 255
2026-07-31 11:27:01 [INFO] 图像最小值: 0
2026-07-31 11:27:01 [INFO] 开始保存检测结果图像: 图像尺寸=(2160, 3840, 3), 类型=uint8, 路径=C:\code\show\Scrap_Steel_In_Field\photos\dangerous_det\detection_20260731_112700.jpg
2026-07-31 11:27:01 [INFO] 成功保存检测结果到: C:\code\show\Scrap_Steel_In_Field\photos\dangerous_det\detection_20260731_112700.jpg
2026-07-31 11:27:01 [INFO] 保存的检测结果文件大小: 2294907 字节
2026-07-31 11:27:01 [INFO] 引擎上下文已释放
2026-07-31 11:27:01 [INFO] TensorRT 引擎已释放
2026-07-31 11:27:01 [INFO] 全局 CUDA 资源已释放
2026-07-31 11:27:01 [INFO] 检测系统资源已释放
2026-07-31 11:27:06 [INFO] CUDA 初始化成功
2026-07-31 11:27:06 [INFO] 引擎加载成功: dangerous.engine
2026-07-31 11:27:06 [INFO] 检测系统初始化成功
2026-07-31 11:27:06 [INFO] 图像预处理完成，原始尺寸: (2160, 3840)
2026-07-31 11:27:06 [INFO] 开始执行目标检测...
2026-07-31 11:27:06 [INFO] 检测完成，找到 3 个物体
2026-07-31 11:27:06 [INFO] 物体 1: GasCyl1 (置信度: 0.63)
2026-07-31 11:27:06 [INFO] 物体 2: FireExt1 (置信度: 0.45)
2026-07-31 11:27:06 [INFO] 物体 3: FireExt1 (置信度: 0.44)
2026-07-31 11:27:06 [INFO] 检测到车兜区域，将过滤区域外的目标
2026-07-31 11:27:06 [INFO] 准备保存检测结果到: C:\code\show\Scrap_Steel_In_Field\photos\dangerous_det\detection_20260731_112706.jpg
2026-07-31 11:27:06 [INFO] 图像形状: (2160, 3840, 3)
2026-07-31 11:27:06 [INFO] 图像数据类型: uint8
2026-07-31 11:27:06 [INFO] 图像最大值: 255
2026-07-31 11:27:06 [INFO] 图像最小值: 0
2026-07-31 11:27:06 [INFO] 开始保存检测结果图像: 图像尺寸=(2160, 3840, 3), 类型=uint8, 路径=C:\code\show\Scrap_Steel_In_Field\photos\dangerous_det\detection_20260731_112706.jpg
2026-07-31 11:27:06 [INFO] 成功保存检测结果到: C:\code\show\Scrap_Steel_In_Field\photos\dangerous_det\detection_20260731_112706.jpg
2026-07-31 11:27:06 [INFO] 保存的检测结果文件大小: 2292409 字节
2026-07-31 11:27:06 [INFO] 引擎上下文已释放
2026-07-31 11:27:06 [INFO] TensorRT 引擎已释放
2026-07-31 11:27:06 [INFO] 全局 CUDA 资源已释放
2026-07-31 11:27:06 [INFO] 检测系统资源已释放
2026-07-31 11:27:11 [INFO] CUDA 初始化成功
2026-07-31 11:27:11 [INFO] 引擎加载成功: dangerous.engine
2026-07-31 11:27:11 [INFO] 检测系统初始化成功
2026-07-31 11:27:11 [INFO] 图像预处理完成，原始尺寸: (2160, 3840)
2026-07-31 11:27:11 [INFO] 开始执行目标检测...
2026-07-31 11:27:11 [INFO] 检测完成，找到 3 个物体
2026-07-31 11:27:11 [INFO] 物体 1: GasCyl1 (置信度: 0.63)
2026-07-31 11:27:11 [INFO] 物体 2: FireExt1 (置信度: 0.47)
2026-07-31 11:27:11 [INFO] 物体 3: FireExt1 (置信度: 0.46)
2026-07-31 11:27:11 [INFO] 检测到车兜区域，将过滤区域外的目标
2026-07-31 11:27:11 [INFO] 准备保存检测结果到: C:\code\show\Scrap_Steel_In_Field\photos\dangerous_det\detection_20260731_112711.jpg
2026-07-31 11:27:11 [INFO] 图像形状: (2160, 3840, 3)
2026-07-31 11:27:11 [INFO] 图像数据类型: uint8
2026-07-31 11:27:11 [INFO] 图像最大值: 255
2026-07-31 11:27:11 [INFO] 图像最小值: 0
2026-07-31 11:27:11 [INFO] 开始保存检测结果图像: 图像尺寸=(2160, 3840, 3), 类型=uint8, 路径=C:\code\show\Scrap_Steel_In_Field\photos\dangerous_det\detection_20260731_112711.jpg
2026-07-31 11:27:11 [INFO] 成功保存检测结果到: C:\code\show\Scrap_Steel_In_Field\photos\dangerous_det\detection_20260731_112711.jpg
2026-07-31 11:27:11 [INFO] 保存的检测结果文件大小: 2297092 字节
2026-07-31 11:27:11 [INFO] 引擎上下文已释放
2026-07-31 11:27:11 [INFO] TensorRT 引擎已释放
2026-07-31 11:27:11 [INFO] 全局 CUDA 资源已释放
2026-07-31 11:27:11 [INFO] 检测系统资源已释放
2026-07-31 11:27:16 [INFO] CUDA 初始化成功
2026-07-31 11:27:16 [INFO] 引擎加载成功: dangerous.engine
2026-07-31 11:27:16 [INFO] 检测系统初始化成功
2026-07-31 11:27:16 [INFO] 图像预处理完成，原始尺寸: (2160, 3840)
2026-07-31 11:27:16 [INFO] 开始执行目标检测...
2026-07-31 11:27:16 [INFO] 检测完成，找到 3 个物体
2026-07-31 11:27:16 [INFO] 物体 1: GasCyl1 (置信度: 0.63)
2026-07-31 11:27:16 [INFO] 物体 2: FireExt1 (置信度: 0.47)
2026-07-31 11:27:16 [INFO] 物体 3: FireExt1 (置信度: 0.45)
2026-07-31 11:27:16 [INFO] 检测到车兜区域，将过滤区域外的目标
2026-07-31 11:27:16 [INFO] 准备保存检测结果到: C:\code\show\Scrap_Steel_In_Field\photos\dangerous_det\detection_20260731_112716.jpg
2026-07-31 11:27:16 [INFO] 图像形状: (2160, 3840, 3)
2026-07-31 11:27:16 [INFO] 图像数据类型: uint8
2026-07-31 11:27:16 [INFO] 图像最大值: 255
2026-07-31 11:27:16 [INFO] 图像最小值: 0
2026-07-31 11:27:16 [INFO] 开始保存检测结果图像: 图像尺寸=(2160, 3840, 3), 类型=uint8, 路径=C:\code\show\Scrap_Steel_In_Field\photos\dangerous_det\detection_20260731_112716.jpg
2026-07-31 11:27:16 [INFO] 成功保存检测结果到: C:\code\show\Scrap_Steel_In_Field\photos\dangerous_det\detection_20260731_112716.jpg
2026-07-31 11:27:16 [INFO] 保存的检测结果文件大小: 2294177 字节
2026-07-31 11:27:16 [INFO] 引擎上下文已释放
2026-07-31 11:27:16 [INFO] TensorRT 引擎已释放
2026-07-31 11:27:16 [INFO] 全局 CUDA 资源已释放
2026-07-31 11:27:16 [INFO] 检测系统资源已释放
2026-07-31 11:27:22 [INFO] CUDA 初始化成功
2026-07-31 11:27:22 [INFO] 引擎加载成功: dangerous.engine
2026-07-31 11:27:22 [INFO] 检测系统初始化成功
2026-07-31 11:27:22 [INFO] 图像预处理完成，原始尺寸: (2160, 3840)
2026-07-31 11:27:22 [INFO] 开始执行目标检测...
2026-07-31 11:27:22 [INFO] 检测完成，找到 3 个物体
2026-07-31 11:27:22 [INFO] 物体 1: GasCyl1 (置信度: 0.57)
2026-07-31 11:27:22 [INFO] 物体 2: FireExt1 (置信度: 0.46)
2026-07-31 11:27:22 [INFO] 物体 3: FireExt1 (置信度: 0.44)
2026-07-31 11:27:22 [INFO] 检测到车兜区域，将过滤区域外的目标
2026-07-31 11:27:22 [INFO] 准备保存检测结果到: C:\code\show\Scrap_Steel_In_Field\photos\dangerous_det\detection_20260731_112722.jpg
2026-07-31 11:27:22 [INFO] 图像形状: (2160, 3840, 3)
2026-07-31 11:27:22 [INFO] 图像数据类型: uint8
2026-07-31 11:27:22 [INFO] 图像最大值: 255
2026-07-31 11:27:22 [INFO] 图像最小值: 0
2026-07-31 11:27:22 [INFO] 开始保存检测结果图像: 图像尺寸=(2160, 3840, 3), 类型=uint8, 路径=C:\code\show\Scrap_Steel_In_Field\photos\dangerous_det\detection_20260731_112722.jpg
2026-07-31 11:27:22 [INFO] 成功保存检测结果到: C:\code\show\Scrap_Steel_In_Field\photos\dangerous_det\detection_20260731_112722.jpg
2026-07-31 11:27:22 [INFO] 保存的检测结果文件大小: 2295284 字节
2026-07-31 11:27:22 [INFO] 引擎上下文已释放
2026-07-31 11:27:22 [INFO] TensorRT 引擎已释放
2026-07-31 11:27:22 [INFO] 全局 CUDA 资源已释放
2026-07-31 11:27:22 [INFO] 检测系统资源已释放
2026-07-31 11:27:27 [INFO] CUDA 初始化成功
2026-07-31 11:27:27 [INFO] 引擎加载成功: dangerous.engine
2026-07-31 11:27:27 [INFO] 检测系统初始化成功
2026-07-31 11:27:27 [INFO] 图像预处理完成，原始尺寸: (2160, 3840)
2026-07-31 11:27:27 [INFO] 开始执行目标检测...
2026-07-31 11:27:27 [INFO] 检测完成，找到 3 个物体
2026-07-31 11:27:27 [INFO] 物体 1: GasCyl1 (置信度: 0.68)
2026-07-31 11:27:27 [INFO] 物体 2: FireExt1 (置信度: 0.47)
2026-07-31 11:27:27 [INFO] 物体 3: FireExt1 (置信度: 0.46)
2026-07-31 11:27:27 [INFO] 检测到车兜区域，将过滤区域外的目标
2026-07-31 11:27:27 [INFO] 准备保存检测结果到: C:\code\show\Scrap_Steel_In_Field\photos\dangerous_det\detection_20260731_112727.jpg
2026-07-31 11:27:27 [INFO] 图像形状: (2160, 3840, 3)
2026-07-31 11:27:27 [INFO] 图像数据类型: uint8
2026-07-31 11:27:27 [INFO] 图像最大值: 255
2026-07-31 11:27:27 [INFO] 图像最小值: 0
2026-07-31 11:27:27 [INFO] 开始保存检测结果图像: 图像尺寸=(2160, 3840, 3), 类型=uint8, 路径=C:\code\show\Scrap_Steel_In_Field\photos\dangerous_det\detection_20260731_112727.jpg
2026-07-31 11:27:27 [INFO] 成功保存检测结果到: C:\code\show\Scrap_Steel_In_Field\photos\dangerous_det\detection_20260731_112727.jpg
2026-07-31 11:27:27 [INFO] 保存的检测结果文件大小: 2294382 字节
2026-07-31 11:27:27 [INFO] 引擎上下文已释放
2026-07-31 11:27:27 [INFO] TensorRT 引擎已释放
2026-07-31 11:27:27 [INFO] 全局 CUDA 资源已释放
2026-07-31 11:27:27 [INFO] 检测系统资源已释放
2026-07-31 11:27:32 [INFO] CUDA 初始化成功
2026-07-31 11:27:32 [INFO] 引擎加载成功: dangerous.engine
2026-07-31 11:27:32 [INFO] 检测系统初始化成功
2026-07-31 11:27:32 [INFO] 图像预处理完成，原始尺寸: (2160, 3840)
2026-07-31 11:27:32 [INFO] 开始执行目标检测...
2026-07-31 11:27:32 [INFO] 检测完成，找到 3 个物体
2026-07-31 11:27:32 [INFO] 物体 1: GasCyl1 (置信度: 0.62)
2026-07-31 11:27:32 [INFO] 物体 2: FireExt1 (置信度: 0.45)
2026-07-31 11:27:32 [INFO] 物体 3: FireExt1 (置信度: 0.43)
2026-07-31 11:27:32 [INFO] 检测到车兜区域，将过滤区域外的目标
2026-07-31 11:27:32 [INFO] 准备保存检测结果到: C:\code\show\Scrap_Steel_In_Field\photos\dangerous_det\detection_20260731_112732.jpg
2026-07-31 11:27:32 [INFO] 图像形状: (2160, 3840, 3)
2026-07-31 11:27:32 [INFO] 图像数据类型: uint8
2026-07-31 11:27:32 [INFO] 图像最大值: 255
2026-07-31 11:27:32 [INFO] 图像最小值: 0
2026-07-31 11:27:32 [INFO] 开始保存检测结果图像: 图像尺寸=(2160, 3840, 3), 类型=uint8, 路径=C:\code\show\Scrap_Steel_In_Field\photos\dangerous_det\detection_20260731_112732.jpg
2026-07-31 11:27:32 [INFO] 成功保存检测结果到: C:\code\show\Scrap_Steel_In_Field\photos\dangerous_det\detection_20260731_112732.jpg
2026-07-31 11:27:32 [INFO] 保存的检测结果文件大小: 2295538 字节
2026-07-31 11:27:32 [INFO] 引擎上下文已释放
2026-07-31 11:27:32 [INFO] TensorRT 引擎已释放
2026-07-31 11:27:32 [INFO] 全局 CUDA 资源已释放
2026-07-31 11:27:32 [INFO] 检测系统资源已释放
2026-07-31 11:27:37 [INFO] CUDA 初始化成功
2026-07-31 11:27:37 [INFO] 引擎加载成功: dangerous.engine
2026-07-31 11:27:37 [INFO] 检测系统初始化成功
2026-07-31 11:27:37 [INFO] 图像预处理完成，原始尺寸: (2160, 3840)
2026-07-31 11:27:37 [INFO] 开始执行目标检测...
2026-07-31 11:27:37 [INFO] 检测完成，找到 3 个物体
2026-07-31 11:27:37 [INFO] 物体 1: GasCyl1 (置信度: 0.61)
2026-07-31 11:27:37 [INFO] 物体 2: FireExt1 (置信度: 0.48)
2026-07-31 11:27:37 [INFO] 物体 3: FireExt1 (置信度: 0.46)
2026-07-31 11:27:37 [INFO] 检测到车兜区域，将过滤区域外的目标
2026-07-31 11:27:37 [INFO] 准备保存检测结果到: C:\code\show\Scrap_Steel_In_Field\photos\dangerous_det\detection_20260731_112737.jpg
2026-07-31 11:27:37 [INFO] 图像形状: (2160, 3840, 3)
2026-07-31 11:27:37 [INFO] 图像数据类型: uint8
2026-07-31 11:27:37 [INFO] 图像最大值: 255
2026-07-31 11:27:37 [INFO] 图像最小值: 0
2026-07-31 11:27:37 [INFO] 开始保存检测结果图像: 图像尺寸=(2160, 3840, 3), 类型=uint8, 路径=C:\code\show\Scrap_Steel_In_Field\photos\dangerous_det\detection_20260731_112737.jpg
2026-07-31 11:27:37 [INFO] 成功保存检测结果到: C:\code\show\Scrap_Steel_In_Field\photos\dangerous_det\detection_20260731_112737.jpg
2026-07-31 11:27:37 [INFO] 保存的检测结果文件大小: 2299043 字节
2026-07-31 11:27:37 [INFO] 引擎上下文已释放
2026-07-31 11:27:37 [INFO] TensorRT 引擎已释放
2026-07-31 11:27:37 [INFO] 全局 CUDA 资源已释放
2026-07-31 11:27:37 [INFO] 检测系统资源已释放
2026-07-31 11:27:43 [INFO] CUDA 初始化成功
2026-07-31 11:27:43 [INFO] 引擎加载成功: dangerous.engine
2026-07-31 11:27:43 [INFO] 检测系统初始化成功
2026-07-31 11:27:43 [INFO] 图像预处理完成，原始尺寸: (2160, 3840)
2026-07-31 11:27:43 [INFO] 开始执行目标检测...
2026-07-31 11:27:43 [INFO] 检测完成，找到 3 个物体
2026-07-31 11:27:43 [INFO] 物体 1: GasCyl1 (置信度: 0.62)
2026-07-31 11:27:43 [INFO] 物体 2: FireExt1 (置信度: 0.47)
2026-07-31 11:27:43 [INFO] 物体 3: FireExt1 (置信度: 0.47)
2026-07-31 11:27:43 [INFO] 检测到车兜区域，将过滤区域外的目标
2026-07-31 11:27:43 [INFO] 准备保存检测结果到: C:\code\show\Scrap_Steel_In_Field\photos\dangerous_det\detection_20260731_112743.jpg
2026-07-31 11:27:43 [INFO] 图像形状: (2160, 3840, 3)
2026-07-31 11:27:43 [INFO] 图像数据类型: uint8
2026-07-31 11:27:43 [INFO] 图像最大值: 255
2026-07-31 11:27:43 [INFO] 图像最小值: 0
2026-07-31 11:27:43 [INFO] 开始保存检测结果图像: 图像尺寸=(2160, 3840, 3), 类型=uint8, 路径=C:\code\show\Scrap_Steel_In_Field\photos\dangerous_det\detection_20260731_112743.jpg
2026-07-31 11:27:43 [INFO] 成功保存检测结果到: C:\code\show\Scrap_Steel_In_Field\photos\dangerous_det\detection_20260731_112743.jpg
2026-07-31 11:27:43 [INFO] 保存的检测结果文件大小: 2295665 字节
2026-07-31 11:27:43 [INFO] 引擎上下文已释放
2026-07-31 11:27:43 [INFO] TensorRT 引擎已释放
2026-07-31 11:27:43 [INFO] 全局 CUDA 资源已释放
2026-07-31 11:27:43 [INFO] 检测系统资源已释放
2026-07-31 11:27:48 [INFO] CUDA 初始化成功
2026-07-31 11:27:48 [INFO] 引擎加载成功: dangerous.engine
2026-07-31 11:27:48 [INFO] 检测系统初始化成功
2026-07-31 11:27:48 [INFO] 图像预处理完成，原始尺寸: (2160, 3840)
2026-07-31 11:27:48 [INFO] 开始执行目标检测...
2026-07-31 11:27:48 [INFO] 检测完成，找到 3 个物体
2026-07-31 11:27:48 [INFO] 物体 1: GasCyl1 (置信度: 0.70)
2026-07-31 11:27:48 [INFO] 物体 2: FireExt1 (置信度: 0.44)
2026-07-31 11:27:48 [INFO] 物体 3: FireExt1 (置信度: 0.43)
2026-07-31 11:27:48 [INFO] 检测到车兜区域，将过滤区域外的目标
2026-07-31 11:27:48 [INFO] 准备保存检测结果到: C:\code\show\Scrap_Steel_In_Field\photos\dangerous_det\detection_20260731_112748.jpg
2026-07-31 11:27:48 [INFO] 图像形状: (2160, 3840, 3)
2026-07-31 11:27:48 [INFO] 图像数据类型: uint8
2026-07-31 11:27:48 [INFO] 图像最大值: 255
2026-07-31 11:27:48 [INFO] 图像最小值: 0
2026-07-31 11:27:48 [INFO] 开始保存检测结果图像: 图像尺寸=(2160, 3840, 3), 类型=uint8, 路径=C:\code\show\Scrap_Steel_In_Field\photos\dangerous_det\detection_20260731_112748.jpg
2026-07-31 11:27:48 [INFO] 成功保存检测结果到: C:\code\show\Scrap_Steel_In_Field\photos\dangerous_det\detection_20260731_112748.jpg
2026-07-31 11:27:48 [INFO] 保存的检测结果文件大小: 2297776 字节
2026-07-31 11:27:48 [INFO] 引擎上下文已释放
2026-07-31 11:27:48 [INFO] TensorRT 引擎已释放
2026-07-31 11:27:48 [INFO] 全局 CUDA 资源已释放
2026-07-31 11:27:48 [INFO] 检测系统资源已释放
2026-07-31 11:27:53 [INFO] CUDA 初始化成功
2026-07-31 11:27:53 [INFO] 引擎加载成功: dangerous.engine
2026-07-31 11:27:53 [INFO] 检测系统初始化成功
2026-07-31 11:27:53 [INFO] 图像预处理完成，原始尺寸: (2160, 3840)
2026-07-31 11:27:53 [INFO] 开始执行目标检测...
2026-07-31 11:27:53 [INFO] 检测完成，找到 3 个物体
2026-07-31 11:27:53 [INFO] 物体 1: GasCyl1 (置信度: 0.62)
2026-07-31 11:27:53 [INFO] 物体 2: FireExt1 (置信度: 0.47)
2026-07-31 11:27:53 [INFO] 物体 3: FireExt1 (置信度: 0.45)
2026-07-31 11:27:53 [INFO] 检测到车兜区域，将过滤区域外的目标
2026-07-31 11:27:53 [INFO] 准备保存检测结果到: C:\code\show\Scrap_Steel_In_Field\photos\dangerous_det\detection_20260731_112753.jpg
2026-07-31 11:27:53 [INFO] 图像形状: (2160, 3840, 3)
2026-07-31 11:27:53 [INFO] 图像数据类型: uint8
2026-07-31 11:27:53 [INFO] 图像最大值: 255
2026-07-31 11:27:53 [INFO] 图像最小值: 0
2026-07-31 11:27:53 [INFO] 开始保存检测结果图像: 图像尺寸=(2160, 3840, 3), 类型=uint8, 路径=C:\code\show\Scrap_Steel_In_Field\photos\dangerous_det\detection_20260731_112753.jpg
2026-07-31 11:27:53 [INFO] 成功保存检测结果到: C:\code\show\Scrap_Steel_In_Field\photos\dangerous_det\detection_20260731_112753.jpg
2026-07-31 11:27:53 [INFO] 保存的检测结果文件大小: 2299469 字节
2026-07-31 11:27:53 [INFO] 引擎上下文已释放
2026-07-31 11:27:53 [INFO] TensorRT 引擎已释放
2026-07-31 11:27:53 [INFO] 全局 CUDA 资源已释放
2026-07-31 11:27:53 [INFO] 检测系统资源已释放
2026-07-31 11:27:58 [INFO] CUDA 初始化成功
2026-07-31 11:27:58 [INFO] 引擎加载成功: dangerous.engine
2026-07-31 11:27:58 [INFO] 检测系统初始化成功
2026-07-31 11:27:58 [INFO] 图像预处理完成，原始尺寸: (2160, 3840)
2026-07-31 11:27:58 [INFO] 开始执行目标检测...
2026-07-31 11:27:58 [INFO] 检测完成，找到 3 个物体
2026-07-31 11:27:58 [INFO] 物体 1: GasCyl1 (置信度: 0.62)
2026-07-31 11:27:58 [INFO] 物体 2: FireExt1 (置信度: 0.46)
2026-07-31 11:27:58 [INFO] 物体 3: FireExt1 (置信度: 0.43)
2026-07-31 11:27:58 [INFO] 检测到车兜区域，将过滤区域外的目标
2026-07-31 11:27:58 [INFO] 准备保存检测结果到: C:\code\show\Scrap_Steel_In_Field\photos\dangerous_det\detection_20260731_112758.jpg
2026-07-31 11:27:58 [INFO] 图像形状: (2160, 3840, 3)
2026-07-31 11:27:58 [INFO] 图像数据类型: uint8
2026-07-31 11:27:58 [INFO] 图像最大值: 255
2026-07-31 11:27:58 [INFO] 图像最小值: 0
2026-07-31 11:27:58 [INFO] 开始保存检测结果图像: 图像尺寸=(2160, 3840, 3), 类型=uint8, 路径=C:\code\show\Scrap_Steel_In_Field\photos\dangerous_det\detection_20260731_112758.jpg
2026-07-31 11:27:58 [INFO] 成功保存检测结果到: C:\code\show\Scrap_Steel_In_Field\photos\dangerous_det\detection_20260731_112758.jpg
2026-07-31 11:27:58 [INFO] 保存的检测结果文件大小: 2298241 字节
2026-07-31 11:27:58 [INFO] 引擎上下文已释放
2026-07-31 11:27:58 [INFO] TensorRT 引擎已释放
2026-07-31 11:27:58 [INFO] 全局 CUDA 资源已释放
2026-07-31 11:27:58 [INFO] 检测系统资源已释放
2026-07-31 11:28:03 [INFO] CUDA 初始化成功
2026-07-31 11:28:03 [INFO] 引擎加载成功: dangerous.engine
2026-07-31 11:28:03 [INFO] 检测系统初始化成功
2026-07-31 11:28:03 [INFO] 图像预处理完成，原始尺寸: (2160, 3840)
2026-07-31 11:28:03 [INFO] 开始执行目标检测...
2026-07-31 11:28:03 [INFO] 检测完成，找到 3 个物体
2026-07-31 11:28:03 [INFO] 物体 1: GasCyl1 (置信度: 0.59)
2026-07-31 11:28:03 [INFO] 物体 2: FireExt1 (置信度: 0.47)
2026-07-31 11:28:03 [INFO] 物体 3: FireExt1 (置信度: 0.44)
2026-07-31 11:28:04 [INFO] 检测到车兜区域，将过滤区域外的目标
2026-07-31 11:28:04 [INFO] 准备保存检测结果到: C:\code\show\Scrap_Steel_In_Field\photos\dangerous_det\detection_20260731_112804.jpg
2026-07-31 11:28:04 [INFO] 图像形状: (2160, 3840, 3)
2026-07-31 11:28:04 [INFO] 图像数据类型: uint8
2026-07-31 11:28:04 [INFO] 图像最大值: 255
2026-07-31 11:28:04 [INFO] 图像最小值: 0
2026-07-31 11:28:04 [INFO] 开始保存检测结果图像: 图像尺寸=(2160, 3840, 3), 类型=uint8, 路径=C:\code\show\Scrap_Steel_In_Field\photos\dangerous_det\detection_20260731_112804.jpg
2026-07-31 11:28:04 [INFO] 成功保存检测结果到: C:\code\show\Scrap_Steel_In_Field\photos\dangerous_det\detection_20260731_112804.jpg
2026-07-31 11:28:04 [INFO] 保存的检测结果文件大小: 2297142 字节
2026-07-31 11:28:04 [INFO] 引擎上下文已释放
2026-07-31 11:28:04 [INFO] TensorRT 引擎已释放
2026-07-31 11:28:04 [INFO] 全局 CUDA 资源已释放
2026-07-31 11:28:04 [INFO] 检测系统资源已释放
2026-07-31 11:28:09 [INFO] CUDA 初始化成功
2026-07-31 11:28:09 [INFO] 引擎加载成功: dangerous.engine
2026-07-31 11:28:09 [INFO] 检测系统初始化成功
2026-07-31 11:28:09 [INFO] 图像预处理完成，原始尺寸: (2160, 3840)
2026-07-31 11:28:09 [INFO] 开始执行目标检测...
2026-07-31 11:28:09 [INFO] 检测完成，找到 3 个物体
2026-07-31 11:28:09 [INFO] 物体 1: GasCyl1 (置信度: 0.62)
2026-07-31 11:28:09 [INFO] 物体 2: FireExt1 (置信度: 0.48)
2026-07-31 11:28:09 [INFO] 物体 3: FireExt1 (置信度: 0.45)
2026-07-31 11:28:09 [INFO] 检测到车兜区域，将过滤区域外的目标
2026-07-31 11:28:09 [INFO] 准备保存检测结果到: C:\code\show\Scrap_Steel_In_Field\photos\dangerous_det\detection_20260731_112809.jpg
2026-07-31 11:28:09 [INFO] 图像形状: (2160, 3840, 3)
2026-07-31 11:28:09 [INFO] 图像数据类型: uint8
2026-07-31 11:28:09 [INFO] 图像最大值: 255
2026-07-31 11:28:09 [INFO] 图像最小值: 0
2026-07-31 11:28:09 [INFO] 开始保存检测结果图像: 图像尺寸=(2160, 3840, 3), 类型=uint8, 路径=C:\code\show\Scrap_Steel_In_Field\photos\dangerous_det\detection_20260731_112809.jpg
2026-07-31 11:28:09 [INFO] 成功保存检测结果到: C:\code\show\Scrap_Steel_In_Field\photos\dangerous_det\detection_20260731_112809.jpg
2026-07-31 11:28:09 [INFO] 保存的检测结果文件大小: 2296227 字节
2026-07-31 11:28:09 [INFO] 引擎上下文已释放
2026-07-31 11:28:09 [INFO] TensorRT 引擎已释放
2026-07-31 11:28:09 [INFO] 全局 CUDA 资源已释放
2026-07-31 11:28:09 [INFO] 检测系统资源已释放
2026-07-31 11:28:14 [INFO] CUDA 初始化成功
2026-07-31 11:28:14 [INFO] 引擎加载成功: dangerous.engine
2026-07-31 11:28:14 [INFO] 检测系统初始化成功
2026-07-31 11:28:14 [INFO] 图像预处理完成，原始尺寸: (2160, 3840)
2026-07-31 11:28:14 [INFO] 开始执行目标检测...
2026-07-31 11:28:14 [INFO] 检测完成，找到 3 个物体
2026-07-31 11:28:14 [INFO] 物体 1: GasCyl1 (置信度: 0.65)
2026-07-31 11:28:14 [INFO] 物体 2: FireExt1 (置信度: 0.47)
2026-07-31 11:28:14 [INFO] 物体 3: FireExt1 (置信度: 0.46)
2026-07-31 11:28:14 [INFO] 检测到车兜区域，将过滤区域外的目标
2026-07-31 11:28:14 [INFO] 准备保存检测结果到: C:\code\show\Scrap_Steel_In_Field\photos\dangerous_det\detection_20260731_112814.jpg
2026-07-31 11:28:14 [INFO] 图像形状: (2160, 3840, 3)
2026-07-31 11:28:14 [INFO] 图像数据类型: uint8
2026-07-31 11:28:14 [INFO] 图像最大值: 255
2026-07-31 11:28:14 [INFO] 图像最小值: 0
2026-07-31 11:28:14 [INFO] 开始保存检测结果图像: 图像尺寸=(2160, 3840, 3), 类型=uint8, 路径=C:\code\show\Scrap_Steel_In_Field\photos\dangerous_det\detection_20260731_112814.jpg
2026-07-31 11:28:14 [INFO] 成功保存检测结果到: C:\code\show\Scrap_Steel_In_Field\photos\dangerous_det\detection_20260731_112814.jpg
2026-07-31 11:28:14 [INFO] 保存的检测结果文件大小: 2295507 字节
2026-07-31 11:28:14 [INFO] 引擎上下文已释放
2026-07-31 11:28:14 [INFO] TensorRT 引擎已释放
2026-07-31 11:28:14 [INFO] 全局 CUDA 资源已释放
2026-07-31 11:28:14 [INFO] 检测系统资源已释放
2026-07-31 11:28:19 [INFO] CUDA 初始化成功
2026-07-31 11:28:19 [INFO] 引擎加载成功: dangerous.engine
2026-07-31 11:28:19 [INFO] 检测系统初始化成功
2026-07-31 11:28:19 [INFO] 图像预处理完成，原始尺寸: (2160, 3840)
2026-07-31 11:28:19 [INFO] 开始执行目标检测...
2026-07-31 11:28:19 [INFO] 检测完成，找到 3 个物体
2026-07-31 11:28:19 [INFO] 物体 1: GasCyl1 (置信度: 0.69)
2026-07-31 11:28:19 [INFO] 物体 2: FireExt1 (置信度: 0.46)
2026-07-31 11:28:19 [INFO] 物体 3: FireExt1 (置信度: 0.44)
2026-07-31 11:28:20 [INFO] 检测到车兜区域，将过滤区域外的目标
2026-07-31 11:28:20 [INFO] 准备保存检测结果到: C:\code\show\Scrap_Steel_In_Field\photos\dangerous_det\detection_20260731_112820.jpg
2026-07-31 11:28:20 [INFO] 图像形状: (2160, 3840, 3)
2026-07-31 11:28:20 [INFO] 图像数据类型: uint8
2026-07-31 11:28:20 [INFO] 图像最大值: 255
2026-07-31 11:28:20 [INFO] 图像最小值: 0
2026-07-31 11:28:20 [INFO] 开始保存检测结果图像: 图像尺寸=(2160, 3840, 3), 类型=uint8, 路径=C:\code\show\Scrap_Steel_In_Field\photos\dangerous_det\detection_20260731_112820.jpg
2026-07-31 11:28:20 [INFO] 成功保存检测结果到: C:\code\show\Scrap_Steel_In_Field\photos\dangerous_det\detection_20260731_112820.jpg
2026-07-31 11:28:20 [INFO] 保存的检测结果文件大小: 2295913 字节
2026-07-31 11:28:20 [INFO] 引擎上下文已释放
2026-07-31 11:28:20 [INFO] TensorRT 引擎已释放
2026-07-31 11:28:20 [INFO] 全局 CUDA 资源已释放
2026-07-31 11:28:20 [INFO] 检测系统资源已释放
2026-07-31 11:28:25 [INFO] CUDA 初始化成功
2026-07-31 11:28:25 [INFO] 引擎加载成功: dangerous.engine
2026-07-31 11:28:25 [INFO] 检测系统初始化成功
2026-07-31 11:28:25 [INFO] 图像预处理完成，原始尺寸: (2160, 3840)
2026-07-31 11:28:25 [INFO] 开始执行目标检测...
2026-07-31 11:28:25 [INFO] 检测完成，找到 3 个物体
2026-07-31 11:28:25 [INFO] 物体 1: GasCyl1 (置信度: 0.70)
2026-07-31 11:28:25 [INFO] 物体 2: FireExt1 (置信度: 0.47)
2026-07-31 11:28:25 [INFO] 物体 3: FireExt1 (置信度: 0.47)
2026-07-31 11:28:25 [INFO] 检测到车兜区域，将过滤区域外的目标
2026-07-31 11:28:25 [INFO] 准备保存检测结果到: C:\code\show\Scrap_Steel_In_Field\photos\dangerous_det\detection_20260731_112825.jpg
2026-07-31 11:28:25 [INFO] 图像形状: (2160, 3840, 3)
2026-07-31 11:28:25 [INFO] 图像数据类型: uint8
2026-07-31 11:28:25 [INFO] 图像最大值: 255
2026-07-31 11:28:25 [INFO] 图像最小值: 0
2026-07-31 11:28:25 [INFO] 开始保存检测结果图像: 图像尺寸=(2160, 3840, 3), 类型=uint8, 路径=C:\code\show\Scrap_Steel_In_Field\photos\dangerous_det\detection_20260731_112825.jpg
2026-07-31 11:28:25 [INFO] 成功保存检测结果到: C:\code\show\Scrap_Steel_In_Field\photos\dangerous_det\detection_20260731_112825.jpg
2026-07-31 11:28:25 [INFO] 保存的检测结果文件大小: 2295841 字节
2026-07-31 11:28:25 [INFO] 引擎上下文已释放
2026-07-31 11:28:25 [INFO] TensorRT 引擎已释放
2026-07-31 11:28:25 [INFO] 全局 CUDA 资源已释放
2026-07-31 11:28:25 [INFO] 检测系统资源已释放
2026-07-31 11:28:30 [INFO] CUDA 初始化成功
2026-07-31 11:28:30 [INFO] 引擎加载成功: dangerous.engine
2026-07-31 11:28:30 [INFO] 检测系统初始化成功
2026-07-31 11:28:30 [INFO] 图像预处理完成，原始尺寸: (2160, 3840)
2026-07-31 11:28:30 [INFO] 开始执行目标检测...
2026-07-31 11:28:30 [INFO] 检测完成，找到 3 个物体
2026-07-31 11:28:30 [INFO] 物体 1: GasCyl1 (置信度: 0.63)
2026-07-31 11:28:30 [INFO] 物体 2: FireExt1 (置信度: 0.45)
2026-07-31 11:28:30 [INFO] 物体 3: FireExt1 (置信度: 0.44)
2026-07-31 11:28:30 [INFO] 检测到车兜区域，将过滤区域外的目标
2026-07-31 11:28:30 [INFO] 准备保存检测结果到: C:\code\show\Scrap_Steel_In_Field\photos\dangerous_det\detection_20260731_112830.jpg
2026-07-31 11:28:30 [INFO] 图像形状: (2160, 3840, 3)
2026-07-31 11:28:30 [INFO] 图像数据类型: uint8
2026-07-31 11:28:30 [INFO] 图像最大值: 255
2026-07-31 11:28:30 [INFO] 图像最小值: 0
2026-07-31 11:28:30 [INFO] 开始保存检测结果图像: 图像尺寸=(2160, 3840, 3), 类型=uint8, 路径=C:\code\show\Scrap_Steel_In_Field\photos\dangerous_det\detection_20260731_112830.jpg
2026-07-31 11:28:30 [INFO] 成功保存检测结果到: C:\code\show\Scrap_Steel_In_Field\photos\dangerous_det\detection_20260731_112830.jpg
2026-07-31 11:28:30 [INFO] 保存的检测结果文件大小: 2297720 字节
2026-07-31 11:28:30 [INFO] 引擎上下文已释放
2026-07-31 11:28:30 [INFO] TensorRT 引擎已释放
2026-07-31 11:28:30 [INFO] 全局 CUDA 资源已释放
2026-07-31 11:28:30 [INFO] 检测系统资源已释放
2026-07-31 11:28:35 [INFO] CUDA 初始化成功
2026-07-31 11:28:35 [INFO] 引擎加载成功: dangerous.engine
2026-07-31 11:28:35 [INFO] 检测系统初始化成功
2026-07-31 11:28:35 [INFO] 图像预处理完成，原始尺寸: (2160, 3840)
2026-07-31 11:28:35 [INFO] 开始执行目标检测...
2026-07-31 11:28:35 [INFO] 检测完成，找到 3 个物体
2026-07-31 11:28:35 [INFO] 物体 1: GasCyl1 (置信度: 0.59)
2026-07-31 11:28:35 [INFO] 物体 2: FireExt1 (置信度: 0.47)
2026-07-31 11:28:35 [INFO] 物体 3: FireExt1 (置信度: 0.44)
2026-07-31 11:28:35 [INFO] 检测到车兜区域，将过滤区域外的目标
2026-07-31 11:28:35 [INFO] 准备保存检测结果到: C:\code\show\Scrap_Steel_In_Field\photos\dangerous_det\detection_20260731_112835.jpg
2026-07-31 11:28:35 [INFO] 图像形状: (2160, 3840, 3)
2026-07-31 11:28:35 [INFO] 图像数据类型: uint8
2026-07-31 11:28:35 [INFO] 图像最大值: 255
2026-07-31 11:28:35 [INFO] 图像最小值: 0
2026-07-31 11:28:35 [INFO] 开始保存检测结果图像: 图像尺寸=(2160, 3840, 3), 类型=uint8, 路径=C:\code\show\Scrap_Steel_In_Field\photos\dangerous_det\detection_20260731_112835.jpg
2026-07-31 11:28:35 [INFO] 成功保存检测结果到: C:\code\show\Scrap_Steel_In_Field\photos\dangerous_det\detection_20260731_112835.jpg
2026-07-31 11:28:35 [INFO] 保存的检测结果文件大小: 2296237 字节
2026-07-31 11:28:35 [INFO] 引擎上下文已释放
2026-07-31 11:28:35 [INFO] TensorRT 引擎已释放
2026-07-31 11:28:35 [INFO] 全局 CUDA 资源已释放
2026-07-31 11:28:35 [INFO] 检测系统资源已释放
2026-07-31 11:28:40 [INFO] CUDA 初始化成功
2026-07-31 11:28:40 [INFO] 引擎加载成功: dangerous.engine
2026-07-31 11:28:40 [INFO] 检测系统初始化成功
2026-07-31 11:28:40 [INFO] 图像预处理完成，原始尺寸: (2160, 3840)
2026-07-31 11:28:40 [INFO] 开始执行目标检测...
2026-07-31 11:28:40 [INFO] 检测完成，找到 3 个物体
2026-07-31 11:28:40 [INFO] 物体 1: GasCyl1 (置信度: 0.62)
2026-07-31 11:28:40 [INFO] 物体 2: FireExt1 (置信度: 0.46)
2026-07-31 11:28:40 [INFO] 物体 3: FireExt1 (置信度: 0.45)
2026-07-31 11:28:41 [INFO] 检测到车兜区域，将过滤区域外的目标
2026-07-31 11:28:41 [INFO] 准备保存检测结果到: C:\code\show\Scrap_Steel_In_Field\photos\dangerous_det\detection_20260731_112841.jpg
2026-07-31 11:28:41 [INFO] 图像形状: (2160, 3840, 3)
2026-07-31 11:28:41 [INFO] 图像数据类型: uint8
2026-07-31 11:28:41 [INFO] 图像最大值: 255
2026-07-31 11:28:41 [INFO] 图像最小值: 0
2026-07-31 11:28:41 [INFO] 开始保存检测结果图像: 图像尺寸=(2160, 3840, 3), 类型=uint8, 路径=C:\code\show\Scrap_Steel_In_Field\photos\dangerous_det\detection_20260731_112841.jpg
2026-07-31 11:28:41 [INFO] 成功保存检测结果到: C:\code\show\Scrap_Steel_In_Field\photos\dangerous_det\detection_20260731_112841.jpg
2026-07-31 11:28:41 [INFO] 保存的检测结果文件大小: 2298562 字节
2026-07-31 11:28:41 [INFO] 引擎上下文已释放
2026-07-31 11:28:41 [INFO] TensorRT 引擎已释放
2026-07-31 11:28:41 [INFO] 全局 CUDA 资源已释放
2026-07-31 11:28:41 [INFO] 检测系统资源已释放
2026-07-31 11:28:46 [INFO] CUDA 初始化成功
2026-07-31 11:28:46 [INFO] 引擎加载成功: dangerous.engine
2026-07-31 11:28:46 [INFO] 检测系统初始化成功
2026-07-31 11:28:46 [INFO] 图像预处理完成，原始尺寸: (2160, 3840)
2026-07-31 11:28:46 [INFO] 开始执行目标检测...
2026-07-31 11:28:46 [INFO] 检测完成，找到 3 个物体
2026-07-31 11:28:46 [INFO] 物体 1: GasCyl1 (置信度: 0.66)
2026-07-31 11:28:46 [INFO] 物体 2: FireExt1 (置信度: 0.47)
2026-07-31 11:28:46 [INFO] 物体 3: FireExt1 (置信度: 0.46)
2026-07-31 11:28:46 [INFO] 检测到车兜区域，将过滤区域外的目标
2026-07-31 11:28:46 [INFO] 准备保存检测结果到: C:\code\show\Scrap_Steel_In_Field\photos\dangerous_det\detection_20260731_112846.jpg
2026-07-31 11:28:46 [INFO] 图像形状: (2160, 3840, 3)
2026-07-31 11:28:46 [INFO] 图像数据类型: uint8
2026-07-31 11:28:46 [INFO] 图像最大值: 255
2026-07-31 11:28:46 [INFO] 图像最小值: 0
2026-07-31 11:28:46 [INFO] 开始保存检测结果图像: 图像尺寸=(2160, 3840, 3), 类型=uint8, 路径=C:\code\show\Scrap_Steel_In_Field\photos\dangerous_det\detection_20260731_112846.jpg
2026-07-31 11:28:46 [INFO] 成功保存检测结果到: C:\code\show\Scrap_Steel_In_Field\photos\dangerous_det\detection_20260731_112846.jpg
2026-07-31 11:28:46 [INFO] 保存的检测结果文件大小: 2296845 字节
2026-07-31 11:28:46 [INFO] 引擎上下文已释放
2026-07-31 11:28:46 [INFO] TensorRT 引擎已释放
2026-07-31 11:28:46 [INFO] 全局 CUDA 资源已释放
2026-07-31 11:28:46 [INFO] 检测系统资源已释放
2026-07-31 11:28:51 [INFO] CUDA 初始化成功
2026-07-31 11:28:51 [INFO] 引擎加载成功: dangerous.engine
2026-07-31 11:28:51 [INFO] 检测系统初始化成功
2026-07-31 11:28:51 [INFO] 图像预处理完成，原始尺寸: (2160, 3840)
2026-07-31 11:28:51 [INFO] 开始执行目标检测...
2026-07-31 11:28:51 [INFO] 检测完成，找到 3 个物体
2026-07-31 11:28:51 [INFO] 物体 1: GasCyl1 (置信度: 0.58)
2026-07-31 11:28:51 [INFO] 物体 2: FireExt1 (置信度: 0.46)
2026-07-31 11:28:51 [INFO] 物体 3: FireExt1 (置信度: 0.45)
2026-07-31 11:28:51 [INFO] 检测到车兜区域，将过滤区域外的目标
2026-07-31 11:28:51 [INFO] 准备保存检测结果到: C:\code\show\Scrap_Steel_In_Field\photos\dangerous_det\detection_20260731_112851.jpg
2026-07-31 11:28:51 [INFO] 图像形状: (2160, 3840, 3)
2026-07-31 11:28:51 [INFO] 图像数据类型: uint8
2026-07-31 11:28:51 [INFO] 图像最大值: 255
2026-07-31 11:28:51 [INFO] 图像最小值: 0
2026-07-31 11:28:51 [INFO] 开始保存检测结果图像: 图像尺寸=(2160, 3840, 3), 类型=uint8, 路径=C:\code\show\Scrap_Steel_In_Field\photos\dangerous_det\detection_20260731_112851.jpg
2026-07-31 11:28:51 [INFO] 成功保存检测结果到: C:\code\show\Scrap_Steel_In_Field\photos\dangerous_det\detection_20260731_112851.jpg
2026-07-31 11:28:51 [INFO] 保存的检测结果文件大小: 2296374 字节
2026-07-31 11:28:51 [INFO] 引擎上下文已释放
2026-07-31 11:28:51 [INFO] TensorRT 引擎已释放
2026-07-31 11:28:51 [INFO] 全局 CUDA 资源已释放
2026-07-31 11:28:51 [INFO] 检测系统资源已释放
2026-07-31 11:28:56 [INFO] CUDA 初始化成功
2026-07-31 11:28:56 [INFO] 引擎加载成功: dangerous.engine
2026-07-31 11:28:56 [INFO] 检测系统初始化成功
2026-07-31 11:28:56 [INFO] 图像预处理完成，原始尺寸: (2160, 3840)
2026-07-31 11:28:56 [INFO] 开始执行目标检测...
2026-07-31 11:28:56 [INFO] 检测完成，找到 3 个物体
2026-07-31 11:28:56 [INFO] 物体 1: GasCyl1 (置信度: 0.67)
2026-07-31 11:28:56 [INFO] 物体 2: FireExt1 (置信度: 0.47)
2026-07-31 11:28:56 [INFO] 物体 3: FireExt1 (置信度: 0.45)
2026-07-31 11:28:56 [INFO] 检测到车兜区域，将过滤区域外的目标
2026-07-31 11:28:56 [INFO] 准备保存检测结果到: C:\code\show\Scrap_Steel_In_Field\photos\dangerous_det\detection_20260731_112856.jpg
2026-07-31 11:28:56 [INFO] 图像形状: (2160, 3840, 3)
2026-07-31 11:28:56 [INFO] 图像数据类型: uint8
2026-07-31 11:28:56 [INFO] 图像最大值: 255
2026-07-31 11:28:56 [INFO] 图像最小值: 0
2026-07-31 11:28:56 [INFO] 开始保存检测结果图像: 图像尺寸=(2160, 3840, 3), 类型=uint8, 路径=C:\code\show\Scrap_Steel_In_Field\photos\dangerous_det\detection_20260731_112856.jpg
2026-07-31 11:28:56 [INFO] 成功保存检测结果到: C:\code\show\Scrap_Steel_In_Field\photos\dangerous_det\detection_20260731_112856.jpg
2026-07-31 11:28:56 [INFO] 保存的检测结果文件大小: 2295422 字节
2026-07-31 11:28:56 [INFO] 引擎上下文已释放
2026-07-31 11:28:56 [INFO] TensorRT 引擎已释放
2026-07-31 11:28:56 [INFO] 全局 CUDA 资源已释放
2026-07-31 11:28:56 [INFO] 检测系统资源已释放
2026-07-31 11:29:01 [INFO] CUDA 初始化成功
2026-07-31 11:29:01 [INFO] 引擎加载成功: dangerous.engine
2026-07-31 11:29:01 [INFO] 检测系统初始化成功
2026-07-31 11:29:01 [INFO] 图像预处理完成，原始尺寸: (2160, 3840)
2026-07-31 11:29:01 [INFO] 开始执行目标检测...
2026-07-31 11:29:02 [INFO] 检测完成，找到 3 个物体
2026-07-31 11:29:02 [INFO] 物体 1: GasCyl1 (置信度: 0.63)
2026-07-31 11:29:02 [INFO] 物体 2: FireExt1 (置信度: 0.48)
2026-07-31 11:29:02 [INFO] 物体 3: FireExt1 (置信度: 0.47)
2026-07-31 11:29:02 [INFO] 检测到车兜区域，将过滤区域外的目标
2026-07-31 11:29:02 [INFO] 准备保存检测结果到: C:\code\show\Scrap_Steel_In_Field\photos\dangerous_det\detection_20260731_112902.jpg
2026-07-31 11:29:02 [INFO] 图像形状: (2160, 3840, 3)
2026-07-31 11:29:02 [INFO] 图像数据类型: uint8
2026-07-31 11:29:02 [INFO] 图像最大值: 255
2026-07-31 11:29:02 [INFO] 图像最小值: 0
2026-07-31 11:29:02 [INFO] 开始保存检测结果图像: 图像尺寸=(2160, 3840, 3), 类型=uint8, 路径=C:\code\show\Scrap_Steel_In_Field\photos\dangerous_det\detection_20260731_112902.jpg
2026-07-31 11:29:02 [INFO] 成功保存检测结果到: C:\code\show\Scrap_Steel_In_Field\photos\dangerous_det\detection_20260731_112902.jpg
2026-07-31 11:29:02 [INFO] 保存的检测结果文件大小: 2299661 字节
2026-07-31 11:29:02 [INFO] 引擎上下文已释放
2026-07-31 11:29:02 [INFO] TensorRT 引擎已释放
2026-07-31 11:29:02 [INFO] 全局 CUDA 资源已释放
2026-07-31 11:29:02 [INFO] 检测系统资源已释放
2026-07-31 11:29:07 [INFO] CUDA 初始化成功
2026-07-31 11:29:07 [INFO] 引擎加载成功: dangerous.engine
2026-07-31 11:29:07 [INFO] 检测系统初始化成功
2026-07-31 11:29:07 [INFO] 图像预处理完成，原始尺寸: (2160, 3840)
2026-07-31 11:29:07 [INFO] 开始执行目标检测...
2026-07-31 11:29:07 [INFO] 检测完成，找到 3 个物体
2026-07-31 11:29:07 [INFO] 物体 1: GasCyl1 (置信度: 0.65)
2026-07-31 11:29:07 [INFO] 物体 2: FireExt1 (置信度: 0.46)
2026-07-31 11:29:07 [INFO] 物体 3: FireExt1 (置信度: 0.45)
2026-07-31 11:29:07 [INFO] 检测到车兜区域，将过滤区域外的目标
2026-07-31 11:29:07 [INFO] 准备保存检测结果到: C:\code\show\Scrap_Steel_In_Field\photos\dangerous_det\detection_20260731_112907.jpg
2026-07-31 11:29:07 [INFO] 图像形状: (2160, 3840, 3)
2026-07-31 11:29:07 [INFO] 图像数据类型: uint8
2026-07-31 11:29:07 [INFO] 图像最大值: 255
2026-07-31 11:29:07 [INFO] 图像最小值: 0
2026-07-31 11:29:07 [INFO] 开始保存检测结果图像: 图像尺寸=(2160, 3840, 3), 类型=uint8, 路径=C:\code\show\Scrap_Steel_In_Field\photos\dangerous_det\detection_20260731_112907.jpg
2026-07-31 11:29:07 [INFO] 成功保存检测结果到: C:\code\show\Scrap_Steel_In_Field\photos\dangerous_det\detection_20260731_112907.jpg
2026-07-31 11:29:07 [INFO] 保存的检测结果文件大小: 2297601 字节
2026-07-31 11:29:07 [INFO] 引擎上下文已释放
2026-07-31 11:29:07 [INFO] TensorRT 引擎已释放
2026-07-31 11:29:07 [INFO] 全局 CUDA 资源已释放
2026-07-31 11:29:07 [INFO] 检测系统资源已释放
2026-07-31 11:29:12 [INFO] CUDA 初始化成功
2026-07-31 11:29:12 [INFO] 引擎加载成功: dangerous.engine
2026-07-31 11:29:12 [INFO] 检测系统初始化成功
2026-07-31 11:29:12 [INFO] 图像预处理完成，原始尺寸: (2160, 3840)
2026-07-31 11:29:12 [INFO] 开始执行目标检测...
2026-07-31 11:29:12 [INFO] 检测完成，找到 3 个物体
2026-07-31 11:29:12 [INFO] 物体 1: GasCyl1 (置信度: 0.67)
2026-07-31 11:29:12 [INFO] 物体 2: FireExt1 (置信度: 0.46)
2026-07-31 11:29:12 [INFO] 物体 3: FireExt1 (置信度: 0.45)
2026-07-31 11:29:12 [INFO] 检测到车兜区域，将过滤区域外的目标
2026-07-31 11:29:12 [INFO] 准备保存检测结果到: C:\code\show\Scrap_Steel_In_Field\photos\dangerous_det\detection_20260731_112912.jpg
2026-07-31 11:29:12 [INFO] 图像形状: (2160, 3840, 3)
2026-07-31 11:29:12 [INFO] 图像数据类型: uint8
2026-07-31 11:29:12 [INFO] 图像最大值: 255
2026-07-31 11:29:12 [INFO] 图像最小值: 0
2026-07-31 11:29:12 [INFO] 开始保存检测结果图像: 图像尺寸=(2160, 3840, 3), 类型=uint8, 路径=C:\code\show\Scrap_Steel_In_Field\photos\dangerous_det\detection_20260731_112912.jpg
2026-07-31 11:29:12 [INFO] 成功保存检测结果到: C:\code\show\Scrap_Steel_In_Field\photos\dangerous_det\detection_20260731_112912.jpg
2026-07-31 11:29:12 [INFO] 保存的检测结果文件大小: 2296293 字节
2026-07-31 11:29:12 [INFO] 引擎上下文已释放
2026-07-31 11:29:12 [INFO] TensorRT 引擎已释放
2026-07-31 11:29:12 [INFO] 全局 CUDA 资源已释放
2026-07-31 11:29:12 [INFO] 检测系统资源已释放
2026-07-31 11:29:18 [INFO] CUDA 初始化成功
2026-07-31 11:29:18 [INFO] 引擎加载成功: dangerous.engine
2026-07-31 11:29:18 [INFO] 检测系统初始化成功
2026-07-31 11:29:18 [INFO] 图像预处理完成，原始尺寸: (2160, 3840)
2026-07-31 11:29:18 [INFO] 开始执行目标检测...
2026-07-31 11:29:18 [INFO] 检测完成，找到 3 个物体
2026-07-31 11:29:18 [INFO] 物体 1: GasCyl1 (置信度: 0.73)
2026-07-31 11:29:18 [INFO] 物体 2: FireExt1 (置信度: 0.47)
2026-07-31 11:29:18 [INFO] 物体 3: FireExt1 (置信度: 0.45)
2026-07-31 11:29:18 [INFO] 检测到车兜区域，将过滤区域外的目标
2026-07-31 11:29:18 [INFO] 准备保存检测结果到: C:\code\show\Scrap_Steel_In_Field\photos\dangerous_det\detection_20260731_112918.jpg
2026-07-31 11:29:18 [INFO] 图像形状: (2160, 3840, 3)
2026-07-31 11:29:18 [INFO] 图像数据类型: uint8
2026-07-31 11:29:18 [INFO] 图像最大值: 255
2026-07-31 11:29:18 [INFO] 图像最小值: 0
2026-07-31 11:29:18 [INFO] 开始保存检测结果图像: 图像尺寸=(2160, 3840, 3), 类型=uint8, 路径=C:\code\show\Scrap_Steel_In_Field\photos\dangerous_det\detection_20260731_112918.jpg
2026-07-31 11:29:18 [INFO] 成功保存检测结果到: C:\code\show\Scrap_Steel_In_Field\photos\dangerous_det\detection_20260731_112918.jpg
2026-07-31 11:29:18 [INFO] 保存的检测结果文件大小: 2295017 字节
2026-07-31 11:29:18 [INFO] 引擎上下文已释放
2026-07-31 11:29:18 [INFO] TensorRT 引擎已释放
2026-07-31 11:29:18 [INFO] 全局 CUDA 资源已释放
2026-07-31 11:29:18 [INFO] 检测系统资源已释放
2026-07-31 11:29:23 [INFO] CUDA 初始化成功
2026-07-31 11:29:23 [INFO] 引擎加载成功: dangerous.engine
2026-07-31 11:29:23 [INFO] 检测系统初始化成功
2026-07-31 11:29:23 [INFO] 图像预处理完成，原始尺寸: (2160, 3840)
2026-07-31 11:29:23 [INFO] 开始执行目标检测...
2026-07-31 11:29:23 [INFO] 检测完成，找到 3 个物体
2026-07-31 11:29:23 [INFO] 物体 1: GasCyl1 (置信度: 0.70)
2026-07-31 11:29:23 [INFO] 物体 2: FireExt1 (置信度: 0.46)
2026-07-31 11:29:23 [INFO] 物体 3: FireExt1 (置信度: 0.43)
2026-07-31 11:29:23 [INFO] 检测到车兜区域，将过滤区域外的目标
2026-07-31 11:29:23 [INFO] 准备保存检测结果到: C:\code\show\Scrap_Steel_In_Field\photos\dangerous_det\detection_20260731_112923.jpg
2026-07-31 11:29:23 [INFO] 图像形状: (2160, 3840, 3)
2026-07-31 11:29:23 [INFO] 图像数据类型: uint8
2026-07-31 11:29:23 [INFO] 图像最大值: 255
2026-07-31 11:29:23 [INFO] 图像最小值: 0
2026-07-31 11:29:23 [INFO] 开始保存检测结果图像: 图像尺寸=(2160, 3840, 3), 类型=uint8, 路径=C:\code\show\Scrap_Steel_In_Field\photos\dangerous_det\detection_20260731_112923.jpg
2026-07-31 11:29:23 [INFO] 成功保存检测结果到: C:\code\show\Scrap_Steel_In_Field\photos\dangerous_det\detection_20260731_112923.jpg
2026-07-31 11:29:23 [INFO] 保存的检测结果文件大小: 2298890 字节
2026-07-31 11:29:23 [INFO] 引擎上下文已释放
2026-07-31 11:29:23 [INFO] TensorRT 引擎已释放
2026-07-31 11:29:23 [INFO] 全局 CUDA 资源已释放
2026-07-31 11:29:23 [INFO] 检测系统资源已释放
2026-07-31 11:29:28 [INFO] CUDA 初始化成功
2026-07-31 11:29:28 [INFO] 引擎加载成功: dangerous.engine
2026-07-31 11:29:28 [INFO] 检测系统初始化成功
2026-07-31 11:29:28 [INFO] 图像预处理完成，原始尺寸: (2160, 3840)
2026-07-31 11:29:28 [INFO] 开始执行目标检测...
2026-07-31 11:29:28 [INFO] 检测完成，找到 3 个物体
2026-07-31 11:29:28 [INFO] 物体 1: GasCyl1 (置信度: 0.66)
2026-07-31 11:29:28 [INFO] 物体 2: FireExt1 (置信度: 0.47)
2026-07-31 11:29:28 [INFO] 物体 3: FireExt1 (置信度: 0.47)
2026-07-31 11:29:29 [INFO] 检测到车兜区域，将过滤区域外的目标
2026-07-31 11:29:29 [INFO] 准备保存检测结果到: C:\code\show\Scrap_Steel_In_Field\photos\dangerous_det\detection_20260731_112929.jpg
2026-07-31 11:29:29 [INFO] 图像形状: (2160, 3840, 3)
2026-07-31 11:29:29 [INFO] 图像数据类型: uint8
2026-07-31 11:29:29 [INFO] 图像最大值: 255
2026-07-31 11:29:29 [INFO] 图像最小值: 0
2026-07-31 11:29:29 [INFO] 开始保存检测结果图像: 图像尺寸=(2160, 3840, 3), 类型=uint8, 路径=C:\code\show\Scrap_Steel_In_Field\photos\dangerous_det\detection_20260731_112929.jpg
2026-07-31 11:29:29 [INFO] 成功保存检测结果到: C:\code\show\Scrap_Steel_In_Field\photos\dangerous_det\detection_20260731_112929.jpg
2026-07-31 11:29:29 [INFO] 保存的检测结果文件大小: 2297574 字节
2026-07-31 11:29:29 [INFO] 引擎上下文已释放
2026-07-31 11:29:29 [INFO] TensorRT 引擎已释放
2026-07-31 11:29:29 [INFO] 全局 CUDA 资源已释放
2026-07-31 11:29:29 [INFO] 检测系统资源已释放
2026-07-31 11:29:34 [INFO] CUDA 初始化成功
2026-07-31 11:29:34 [INFO] 引擎加载成功: dangerous.engine
2026-07-31 11:29:34 [INFO] 检测系统初始化成功
2026-07-31 11:29:34 [INFO] 图像预处理完成，原始尺寸: (2160, 3840)
2026-07-31 11:29:34 [INFO] 开始执行目标检测...
2026-07-31 11:29:34 [INFO] 检测完成，找到 3 个物体
2026-07-31 11:29:34 [INFO] 物体 1: GasCyl1 (置信度: 0.60)
2026-07-31 11:29:34 [INFO] 物体 2: FireExt1 (置信度: 0.47)
2026-07-31 11:29:34 [INFO] 物体 3: FireExt1 (置信度: 0.44)
2026-07-31 11:29:34 [INFO] 检测到车兜区域，将过滤区域外的目标
2026-07-31 11:29:34 [INFO] 准备保存检测结果到: C:\code\show\Scrap_Steel_In_Field\photos\dangerous_det\detection_20260731_112934.jpg
2026-07-31 11:29:34 [INFO] 图像形状: (2160, 3840, 3)
2026-07-31 11:29:34 [INFO] 图像数据类型: uint8
2026-07-31 11:29:34 [INFO] 图像最大值: 255
2026-07-31 11:29:34 [INFO] 图像最小值: 0
2026-07-31 11:29:34 [INFO] 开始保存检测结果图像: 图像尺寸=(2160, 3840, 3), 类型=uint8, 路径=C:\code\show\Scrap_Steel_In_Field\photos\dangerous_det\detection_20260731_112934.jpg
2026-07-31 11:29:34 [INFO] 成功保存检测结果到: C:\code\show\Scrap_Steel_In_Field\photos\dangerous_det\detection_20260731_112934.jpg
2026-07-31 11:29:34 [INFO] 保存的检测结果文件大小: 2294495 字节
2026-07-31 11:29:34 [INFO] 引擎上下文已释放
2026-07-31 11:29:34 [INFO] TensorRT 引擎已释放
2026-07-31 11:29:34 [INFO] 全局 CUDA 资源已释放
2026-07-31 11:29:34 [INFO] 检测系统资源已释放
2026-07-31 11:29:39 [INFO] CUDA 初始化成功
2026-07-31 11:29:39 [INFO] 引擎加载成功: dangerous.engine
2026-07-31 11:29:39 [INFO] 检测系统初始化成功
2026-07-31 11:29:39 [INFO] 图像预处理完成，原始尺寸: (2160, 3840)
2026-07-31 11:29:39 [INFO] 开始执行目标检测...
2026-07-31 11:29:39 [INFO] 检测完成，找到 3 个物体
2026-07-31 11:29:39 [INFO] 物体 1: GasCyl1 (置信度: 0.59)
2026-07-31 11:29:39 [INFO] 物体 2: FireExt1 (置信度: 0.46)
2026-07-31 11:29:39 [INFO] 物体 3: FireExt1 (置信度: 0.43)
2026-07-31 11:29:39 [INFO] 检测到车兜区域，将过滤区域外的目标
2026-07-31 11:29:39 [INFO] 准备保存检测结果到: C:\code\show\Scrap_Steel_In_Field\photos\dangerous_det\detection_20260731_112939.jpg
2026-07-31 11:29:39 [INFO] 图像形状: (2160, 3840, 3)
2026-07-31 11:29:39 [INFO] 图像数据类型: uint8
2026-07-31 11:29:39 [INFO] 图像最大值: 255
2026-07-31 11:29:39 [INFO] 图像最小值: 0
2026-07-31 11:29:39 [INFO] 开始保存检测结果图像: 图像尺寸=(2160, 3840, 3), 类型=uint8, 路径=C:\code\show\Scrap_Steel_In_Field\photos\dangerous_det\detection_20260731_112939.jpg
2026-07-31 11:29:39 [INFO] 成功保存检测结果到: C:\code\show\Scrap_Steel_In_Field\photos\dangerous_det\detection_20260731_112939.jpg
2026-07-31 11:29:39 [INFO] 保存的检测结果文件大小: 2299130 字节
2026-07-31 11:29:39 [INFO] 引擎上下文已释放
2026-07-31 11:29:39 [INFO] TensorRT 引擎已释放
2026-07-31 11:29:39 [INFO] 全局 CUDA 资源已释放
2026-07-31 11:29:39 [INFO] 检测系统资源已释放
2026-07-31 11:29:44 [INFO] CUDA 初始化成功
2026-07-31 11:29:44 [INFO] 引擎加载成功: dangerous.engine
2026-07-31 11:29:44 [INFO] 检测系统初始化成功
2026-07-31 11:29:44 [INFO] 图像预处理完成，原始尺寸: (2160, 3840)
2026-07-31 11:29:44 [INFO] 开始执行目标检测...
2026-07-31 11:29:44 [INFO] 检测完成，找到 3 个物体
2026-07-31 11:29:44 [INFO] 物体 1: GasCyl1 (置信度: 0.59)
2026-07-31 11:29:44 [INFO] 物体 2: FireExt1 (置信度: 0.47)
2026-07-31 11:29:44 [INFO] 物体 3: FireExt1 (置信度: 0.46)
2026-07-31 11:29:44 [INFO] 检测到车兜区域，将过滤区域外的目标
2026-07-31 11:29:44 [INFO] 准备保存检测结果到: C:\code\show\Scrap_Steel_In_Field\photos\dangerous_det\detection_20260731_112944.jpg
2026-07-31 11:29:44 [INFO] 图像形状: (2160, 3840, 3)
2026-07-31 11:29:44 [INFO] 图像数据类型: uint8
2026-07-31 11:29:44 [INFO] 图像最大值: 255
2026-07-31 11:29:44 [INFO] 图像最小值: 0
2026-07-31 11:29:44 [INFO] 开始保存检测结果图像: 图像尺寸=(2160, 3840, 3), 类型=uint8, 路径=C:\code\show\Scrap_Steel_In_Field\photos\dangerous_det\detection_20260731_112944.jpg
2026-07-31 11:29:44 [INFO] 成功保存检测结果到: C:\code\show\Scrap_Steel_In_Field\photos\dangerous_det\detection_20260731_112944.jpg
2026-07-31 11:29:44 [INFO] 保存的检测结果文件大小: 2296943 字节
2026-07-31 11:29:44 [INFO] 引擎上下文已释放
2026-07-31 11:29:44 [INFO] TensorRT 引擎已释放
2026-07-31 11:29:44 [INFO] 全局 CUDA 资源已释放
2026-07-31 11:29:44 [INFO] 检测系统资源已释放
2026-07-31 11:29:50 [INFO] CUDA 初始化成功
2026-07-31 11:29:50 [INFO] 引擎加载成功: dangerous.engine
2026-07-31 11:29:50 [INFO] 检测系统初始化成功
2026-07-31 11:29:50 [INFO] 图像预处理完成，原始尺寸: (2160, 3840)
2026-07-31 11:29:50 [INFO] 开始执行目标检测...
2026-07-31 11:29:50 [INFO] 检测完成，找到 3 个物体
2026-07-31 11:29:50 [INFO] 物体 1: GasCyl1 (置信度: 0.70)
2026-07-31 11:29:50 [INFO] 物体 2: FireExt1 (置信度: 0.48)
2026-07-31 11:29:50 [INFO] 物体 3: FireExt1 (置信度: 0.46)
2026-07-31 11:29:50 [INFO] 检测到车兜区域，将过滤区域外的目标
2026-07-31 11:29:50 [INFO] 准备保存检测结果到: C:\code\show\Scrap_Steel_In_Field\photos\dangerous_det\detection_20260731_112950.jpg
2026-07-31 11:29:50 [INFO] 图像形状: (2160, 3840, 3)
2026-07-31 11:29:50 [INFO] 图像数据类型: uint8
2026-07-31 11:29:50 [INFO] 图像最大值: 255
2026-07-31 11:29:50 [INFO] 图像最小值: 0
2026-07-31 11:29:50 [INFO] 开始保存检测结果图像: 图像尺寸=(2160, 3840, 3), 类型=uint8, 路径=C:\code\show\Scrap_Steel_In_Field\photos\dangerous_det\detection_20260731_112950.jpg
2026-07-31 11:29:50 [INFO] 成功保存检测结果到: C:\code\show\Scrap_Steel_In_Field\photos\dangerous_det\detection_20260731_112950.jpg
2026-07-31 11:29:50 [INFO] 保存的检测结果文件大小: 2296182 字节
2026-07-31 11:29:50 [INFO] 引擎上下文已释放
2026-07-31 11:29:50 [INFO] TensorRT 引擎已释放
2026-07-31 11:29:50 [INFO] 全局 CUDA 资源已释放
2026-07-31 11:29:50 [INFO] 检测系统资源已释放
2026-07-31 11:29:55 [INFO] CUDA 初始化成功
2026-07-31 11:29:55 [INFO] 引擎加载成功: dangerous.engine
2026-07-31 11:29:55 [INFO] 检测系统初始化成功
2026-07-31 11:29:55 [INFO] 图像预处理完成，原始尺寸: (2160, 3840)
2026-07-31 11:29:55 [INFO] 开始执行目标检测...
2026-07-31 11:29:55 [INFO] 检测完成，找到 3 个物体
2026-07-31 11:29:55 [INFO] 物体 1: GasCyl1 (置信度: 0.67)
2026-07-31 11:29:55 [INFO] 物体 2: FireExt1 (置信度: 0.47)
2026-07-31 11:29:55 [INFO] 物体 3: FireExt1 (置信度: 0.45)
2026-07-31 11:29:55 [INFO] 检测到车兜区域，将过滤区域外的目标
2026-07-31 11:29:55 [INFO] 准备保存检测结果到: C:\code\show\Scrap_Steel_In_Field\photos\dangerous_det\detection_20260731_112955.jpg
2026-07-31 11:29:55 [INFO] 图像形状: (2160, 3840, 3)
2026-07-31 11:29:55 [INFO] 图像数据类型: uint8
2026-07-31 11:29:55 [INFO] 图像最大值: 255
2026-07-31 11:29:55 [INFO] 图像最小值: 0
2026-07-31 11:29:55 [INFO] 开始保存检测结果图像: 图像尺寸=(2160, 3840, 3), 类型=uint8, 路径=C:\code\show\Scrap_Steel_In_Field\photos\dangerous_det\detection_20260731_112955.jpg
2026-07-31 11:29:55 [INFO] 成功保存检测结果到: C:\code\show\Scrap_Steel_In_Field\photos\dangerous_det\detection_20260731_112955.jpg
2026-07-31 11:29:55 [INFO] 保存的检测结果文件大小: 2298724 字节
2026-07-31 11:29:55 [INFO] 引擎上下文已释放
2026-07-31 11:29:55 [INFO] TensorRT 引擎已释放
2026-07-31 11:29:55 [INFO] 全局 CUDA 资源已释放
2026-07-31 11:29:55 [INFO] 检测系统资源已释放
2026-07-31 11:30:00 [INFO] CUDA 初始化成功
2026-07-31 11:30:00 [INFO] 引擎加载成功: dangerous.engine
2026-07-31 11:30:00 [INFO] 检测系统初始化成功
2026-07-31 11:30:00 [INFO] 图像预处理完成，原始尺寸: (2160, 3840)
2026-07-31 11:30:00 [INFO] 开始执行目标检测...
2026-07-31 11:30:00 [INFO] 检测完成，找到 3 个物体
2026-07-31 11:30:00 [INFO] 物体 1: GasCyl1 (置信度: 0.65)
2026-07-31 11:30:00 [INFO] 物体 2: FireExt1 (置信度: 0.46)
2026-07-31 11:30:00 [INFO] 物体 3: FireExt1 (置信度: 0.43)
2026-07-31 11:30:00 [INFO] 检测到车兜区域，将过滤区域外的目标
2026-07-31 11:30:00 [INFO] 准备保存检测结果到: C:\code\show\Scrap_Steel_In_Field\photos\dangerous_det\detection_20260731_113000.jpg
2026-07-31 11:30:00 [INFO] 图像形状: (2160, 3840, 3)
2026-07-31 11:30:00 [INFO] 图像数据类型: uint8
2026-07-31 11:30:00 [INFO] 图像最大值: 255
2026-07-31 11:30:00 [INFO] 图像最小值: 0
2026-07-31 11:30:00 [INFO] 开始保存检测结果图像: 图像尺寸=(2160, 3840, 3), 类型=uint8, 路径=C:\code\show\Scrap_Steel_In_Field\photos\dangerous_det\detection_20260731_113000.jpg
2026-07-31 11:30:00 [INFO] 成功保存检测结果到: C:\code\show\Scrap_Steel_In_Field\photos\dangerous_det\detection_20260731_113000.jpg
2026-07-31 11:30:00 [INFO] 保存的检测结果文件大小: 2297879 字节
2026-07-31 11:30:00 [INFO] 引擎上下文已释放
2026-07-31 11:30:00 [INFO] TensorRT 引擎已释放
2026-07-31 11:30:00 [INFO] 全局 CUDA 资源已释放
2026-07-31 11:30:00 [INFO] 检测系统资源已释放
2026-07-31 11:30:05 [INFO] CUDA 初始化成功
2026-07-31 11:30:05 [INFO] 引擎加载成功: dangerous.engine
2026-07-31 11:30:05 [INFO] 检测系统初始化成功
2026-07-31 11:30:05 [INFO] 图像预处理完成，原始尺寸: (2160, 3840)
2026-07-31 11:30:05 [INFO] 开始执行目标检测...
2026-07-31 11:30:05 [INFO] 检测完成，找到 3 个物体
2026-07-31 11:30:05 [INFO] 物体 1: GasCyl1 (置信度: 0.66)
2026-07-31 11:30:05 [INFO] 物体 2: FireExt1 (置信度: 0.46)
2026-07-31 11:30:05 [INFO] 物体 3: FireExt1 (置信度: 0.45)
2026-07-31 11:30:05 [INFO] 检测到车兜区域，将过滤区域外的目标
2026-07-31 11:30:05 [INFO] 准备保存检测结果到: C:\code\show\Scrap_Steel_In_Field\photos\dangerous_det\detection_20260731_113005.jpg
2026-07-31 11:30:05 [INFO] 图像形状: (2160, 3840, 3)
2026-07-31 11:30:05 [INFO] 图像数据类型: uint8
2026-07-31 11:30:05 [INFO] 图像最大值: 255
2026-07-31 11:30:05 [INFO] 图像最小值: 0
2026-07-31 11:30:05 [INFO] 开始保存检测结果图像: 图像尺寸=(2160, 3840, 3), 类型=uint8, 路径=C:\code\show\Scrap_Steel_In_Field\photos\dangerous_det\detection_20260731_113005.jpg
2026-07-31 11:30:05 [INFO] 成功保存检测结果到: C:\code\show\Scrap_Steel_In_Field\photos\dangerous_det\detection_20260731_113005.jpg
2026-07-31 11:30:05 [INFO] 保存的检测结果文件大小: 2297053 字节
2026-07-31 11:30:05 [INFO] 引擎上下文已释放
2026-07-31 11:30:05 [INFO] TensorRT 引擎已释放
2026-07-31 11:30:05 [INFO] 全局 CUDA 资源已释放
2026-07-31 11:30:05 [INFO] 检测系统资源已释放
2026-07-31 11:30:10 [INFO] CUDA 初始化成功
2026-07-31 11:30:10 [INFO] 引擎加载成功: dangerous.engine
2026-07-31 11:30:10 [INFO] 检测系统初始化成功
2026-07-31 11:30:10 [INFO] 图像预处理完成，原始尺寸: (2160, 3840)
2026-07-31 11:30:10 [INFO] 开始执行目标检测...
2026-07-31 11:30:10 [INFO] 检测完成，找到 3 个物体
2026-07-31 11:30:10 [INFO] 物体 1: GasCyl1 (置信度: 0.66)
2026-07-31 11:30:10 [INFO] 物体 2: FireExt1 (置信度: 0.46)
2026-07-31 11:30:10 [INFO] 物体 3: FireExt1 (置信度: 0.46)
2026-07-31 11:30:10 [INFO] 检测到车兜区域，将过滤区域外的目标
2026-07-31 11:30:10 [INFO] 准备保存检测结果到: C:\code\show\Scrap_Steel_In_Field\photos\dangerous_det\detection_20260731_113010.jpg
2026-07-31 11:30:10 [INFO] 图像形状: (2160, 3840, 3)
2026-07-31 11:30:10 [INFO] 图像数据类型: uint8
2026-07-31 11:30:10 [INFO] 图像最大值: 255
2026-07-31 11:30:10 [INFO] 图像最小值: 0
2026-07-31 11:30:10 [INFO] 开始保存检测结果图像: 图像尺寸=(2160, 3840, 3), 类型=uint8, 路径=C:\code\show\Scrap_Steel_In_Field\photos\dangerous_det\detection_20260731_113010.jpg
2026-07-31 11:30:10 [INFO] 成功保存检测结果到: C:\code\show\Scrap_Steel_In_Field\photos\dangerous_det\detection_20260731_113010.jpg
2026-07-31 11:30:10 [INFO] 保存的检测结果文件大小: 2297748 字节
2026-07-31 11:30:10 [INFO] 引擎上下文已释放
2026-07-31 11:30:10 [INFO] TensorRT 引擎已释放
2026-07-31 11:30:10 [INFO] 全局 CUDA 资源已释放
2026-07-31 11:30:10 [INFO] 检测系统资源已释放
2026-07-31 11:30:15 [INFO] CUDA 初始化成功
2026-07-31 11:30:15 [INFO] 引擎加载成功: dangerous.engine
2026-07-31 11:30:15 [INFO] 检测系统初始化成功
2026-07-31 11:30:15 [INFO] 图像预处理完成，原始尺寸: (2160, 3840)
2026-07-31 11:30:15 [INFO] 开始执行目标检测...
2026-07-31 11:30:15 [INFO] 检测完成，找到 3 个物体
2026-07-31 11:30:15 [INFO] 物体 1: GasCyl1 (置信度: 0.66)
2026-07-31 11:30:15 [INFO] 物体 2: FireExt1 (置信度: 0.46)
2026-07-31 11:30:15 [INFO] 物体 3: FireExt1 (置信度: 0.44)
2026-07-31 11:30:15 [INFO] 检测到车兜区域，将过滤区域外的目标
2026-07-31 11:30:15 [INFO] 准备保存检测结果到: C:\code\show\Scrap_Steel_In_Field\photos\dangerous_det\detection_20260731_113015.jpg
2026-07-31 11:30:15 [INFO] 图像形状: (2160, 3840, 3)
2026-07-31 11:30:15 [INFO] 图像数据类型: uint8
2026-07-31 11:30:15 [INFO] 图像最大值: 255
2026-07-31 11:30:15 [INFO] 图像最小值: 0
2026-07-31 11:30:15 [INFO] 开始保存检测结果图像: 图像尺寸=(2160, 3840, 3), 类型=uint8, 路径=C:\code\show\Scrap_Steel_In_Field\photos\dangerous_det\detection_20260731_113015.jpg
2026-07-31 11:30:15 [INFO] 成功保存检测结果到: C:\code\show\Scrap_Steel_In_Field\photos\dangerous_det\detection_20260731_113015.jpg
2026-07-31 11:30:15 [INFO] 保存的检测结果文件大小: 2299483 字节
2026-07-31 11:30:15 [INFO] 引擎上下文已释放
2026-07-31 11:30:15 [INFO] TensorRT 引擎已释放
2026-07-31 11:30:15 [INFO] 全局 CUDA 资源已释放
2026-07-31 11:30:15 [INFO] 检测系统资源已释放
2026-07-31 11:30:20 [INFO] CUDA 初始化成功
2026-07-31 11:30:20 [INFO] 引擎加载成功: dangerous.engine
2026-07-31 11:30:20 [INFO] 检测系统初始化成功
2026-07-31 11:30:20 [INFO] 图像预处理完成，原始尺寸: (2160, 3840)
2026-07-31 11:30:20 [INFO] 开始执行目标检测...
2026-07-31 11:30:20 [INFO] 检测完成，找到 3 个物体
2026-07-31 11:30:20 [INFO] 物体 1: GasCyl1 (置信度: 0.61)
2026-07-31 11:30:20 [INFO] 物体 2: FireExt1 (置信度: 0.47)
2026-07-31 11:30:20 [INFO] 物体 3: FireExt1 (置信度: 0.46)
2026-07-31 11:30:20 [INFO] 检测到车兜区域，将过滤区域外的目标
2026-07-31 11:30:20 [INFO] 准备保存检测结果到: C:\code\show\Scrap_Steel_In_Field\photos\dangerous_det\detection_20260731_113020.jpg
2026-07-31 11:30:20 [INFO] 图像形状: (2160, 3840, 3)
2026-07-31 11:30:20 [INFO] 图像数据类型: uint8
2026-07-31 11:30:20 [INFO] 图像最大值: 255
2026-07-31 11:30:20 [INFO] 图像最小值: 0
2026-07-31 11:30:20 [INFO] 开始保存检测结果图像: 图像尺寸=(2160, 3840, 3), 类型=uint8, 路径=C:\code\show\Scrap_Steel_In_Field\photos\dangerous_det\detection_20260731_113020.jpg
2026-07-31 11:30:20 [INFO] 成功保存检测结果到: C:\code\show\Scrap_Steel_In_Field\photos\dangerous_det\detection_20260731_113020.jpg
2026-07-31 11:30:20 [INFO] 保存的检测结果文件大小: 2297469 字节
2026-07-31 11:30:20 [INFO] 引擎上下文已释放
2026-07-31 11:30:20 [INFO] TensorRT 引擎已释放
2026-07-31 11:30:21 [INFO] 全局 CUDA 资源已释放
2026-07-31 11:30:21 [INFO] 检测系统资源已释放
2026-07-31 11:30:25 [INFO] CUDA 初始化成功
2026-07-31 11:30:25 [INFO] 引擎加载成功: dangerous.engine
2026-07-31 11:30:25 [INFO] 检测系统初始化成功
2026-07-31 11:30:26 [INFO] 图像预处理完成，原始尺寸: (2160, 3840)
2026-07-31 11:30:26 [INFO] 开始执行目标检测...
2026-07-31 11:30:26 [INFO] 检测完成，找到 3 个物体
2026-07-31 11:30:26 [INFO] 物体 1: GasCyl1 (置信度: 0.61)
2026-07-31 11:30:26 [INFO] 物体 2: FireExt1 (置信度: 0.48)
2026-07-31 11:30:26 [INFO] 物体 3: FireExt1 (置信度: 0.43)
2026-07-31 11:30:26 [INFO] 检测到车兜区域，将过滤区域外的目标
2026-07-31 11:30:26 [INFO] 准备保存检测结果到: C:\code\show\Scrap_Steel_In_Field\photos\dangerous_det\detection_20260731_113026.jpg
2026-07-31 11:30:26 [INFO] 图像形状: (2160, 3840, 3)
2026-07-31 11:30:26 [INFO] 图像数据类型: uint8
2026-07-31 11:30:26 [INFO] 图像最大值: 255
2026-07-31 11:30:26 [INFO] 图像最小值: 0
2026-07-31 11:30:26 [INFO] 开始保存检测结果图像: 图像尺寸=(2160, 3840, 3), 类型=uint8, 路径=C:\code\show\Scrap_Steel_In_Field\photos\dangerous_det\detection_20260731_113026.jpg
2026-07-31 11:30:26 [INFO] 成功保存检测结果到: C:\code\show\Scrap_Steel_In_Field\photos\dangerous_det\detection_20260731_113026.jpg
2026-07-31 11:30:26 [INFO] 保存的检测结果文件大小: 2296457 字节
2026-07-31 11:30:26 [INFO] 引擎上下文已释放
2026-07-31 11:30:26 [INFO] TensorRT 引擎已释放
2026-07-31 11:30:26 [INFO] 全局 CUDA 资源已释放
2026-07-31 11:30:26 [INFO] 检测系统资源已释放
