2026-06-05 15:30:17 [INFO] CUDA 初始化成功
2026-06-05 15:30:17 [INFO] 引擎加载成功: dangerous.engine
2026-06-05 15:30:17 [INFO] 检测系统初始化成功
2026-06-05 15:30:19 [INFO] 引擎加载成功: dangerous.engine
2026-06-05 15:30:19 [INFO] 检测系统初始化成功
2026-06-05 15:30:20 [INFO] 图像预处理完成，原始尺寸: (2160, 3840)
2026-06-05 15:30:20 [INFO] 开始执行目标检测...
2026-06-05 15:30:20 [INFO] 检测完成，找到 0 个物体
2026-06-05 15:30:20 [INFO] 检测到车兜区域，将过滤区域外的目标
2026-06-05 15:30:20 [INFO] 引擎上下文已释放
2026-06-05 15:30:20 [INFO] TensorRT 引擎已释放
2026-06-05 15:30:20 [INFO] 全局 CUDA 资源已释放
2026-06-05 15:30:20 [INFO] 检测系统资源已释放
2026-06-05 15:30:25 [INFO] CUDA 初始化成功
2026-06-05 15:30:25 [INFO] 引擎加载成功: dangerous.engine
2026-06-05 15:30:25 [INFO] 检测系统初始化成功
2026-06-05 15:30:25 [INFO] 图像预处理完成，原始尺寸: (2160, 3840)
2026-06-05 15:30:25 [INFO] 开始执行目标检测...
2026-06-05 15:30:25 [INFO] 检测完成，找到 3 个物体
2026-06-05 15:30:25 [INFO] 物体 1: GasCyl1 (置信度: 0.85)
2026-06-05 15:30:25 [INFO] 物体 2: GasCyl1 (置信度: 0.64)
2026-06-05 15:30:25 [INFO] 物体 3: FireExt1 (置信度: 0.40)
2026-06-05 15:30:25 [INFO] 检测到车兜区域，将过滤区域外的目标
2026-06-05 15:30:25 [INFO] 准备保存检测结果到: C:\code\show\Scrap_Steel_In_Field\photos\dangerous_det\detection_20260605_153025.jpg
2026-06-05 15:30:25 [INFO] 图像形状: (2160, 3840, 3)
2026-06-05 15:30:25 [INFO] 图像数据类型: uint8
2026-06-05 15:30:25 [INFO] 图像最大值: 255
2026-06-05 15:30:25 [INFO] 图像最小值: 0
2026-06-05 15:30:25 [INFO] 开始保存检测结果图像: 图像尺寸=(2160, 3840, 3), 类型=uint8, 路径=C:\code\show\Scrap_Steel_In_Field\photos\dangerous_det\detection_20260605_153025.jpg
2026-06-05 15:30:25 [INFO] 成功保存检测结果到: C:\code\show\Scrap_Steel_In_Field\photos\dangerous_det\detection_20260605_153025.jpg
2026-06-05 15:30:25 [INFO] 保存的检测结果文件大小: 2173811 字节
2026-06-05 15:30:25 [INFO] 引擎上下文已释放
2026-06-05 15:30:25 [INFO] TensorRT 引擎已释放
2026-06-05 15:30:25 [INFO] 全局 CUDA 资源已释放
2026-06-05 15:30:25 [INFO] 检测系统资源已释放
2026-06-05 15:30:30 [INFO] CUDA 初始化成功
2026-06-05 15:30:30 [INFO] 引擎加载成功: dangerous.engine
2026-06-05 15:30:30 [INFO] 检测系统初始化成功
2026-06-05 15:30:30 [INFO] 图像预处理完成，原始尺寸: (2160, 3840)
2026-06-05 15:30:30 [INFO] 开始执行目标检测...
2026-06-05 15:30:30 [INFO] 检测完成，找到 2 个物体
2026-06-05 15:30:30 [INFO] 物体 1: GasCyl1 (置信度: 0.82)
2026-06-05 15:30:30 [INFO] 物体 2: FireExt1 (置信度: 0.40)
2026-06-05 15:30:30 [INFO] 检测到车兜区域，将过滤区域外的目标
2026-06-05 15:30:30 [INFO] 准备保存检测结果到: C:\code\show\Scrap_Steel_In_Field\photos\dangerous_det\detection_20260605_153030.jpg
2026-06-05 15:30:30 [INFO] 图像形状: (2160, 3840, 3)
2026-06-05 15:30:30 [INFO] 图像数据类型: uint8
2026-06-05 15:30:30 [INFO] 图像最大值: 255
2026-06-05 15:30:30 [INFO] 图像最小值: 0
2026-06-05 15:30:30 [INFO] 开始保存检测结果图像: 图像尺寸=(2160, 3840, 3), 类型=uint8, 路径=C:\code\show\Scrap_Steel_In_Field\photos\dangerous_det\detection_20260605_153030.jpg
2026-06-05 15:30:30 [INFO] 成功保存检测结果到: C:\code\show\Scrap_Steel_In_Field\photos\dangerous_det\detection_20260605_153030.jpg
2026-06-05 15:30:30 [INFO] 保存的检测结果文件大小: 2163431 字节
2026-06-05 15:30:30 [INFO] 引擎上下文已释放
2026-06-05 15:30:30 [INFO] TensorRT 引擎已释放
2026-06-05 15:30:30 [INFO] 全局 CUDA 资源已释放
2026-06-05 15:30:30 [INFO] 检测系统资源已释放
2026-06-05 15:30:35 [INFO] CUDA 初始化成功
2026-06-05 15:30:35 [INFO] 引擎加载成功: dangerous.engine
2026-06-05 15:30:35 [INFO] 检测系统初始化成功
2026-06-05 15:30:35 [INFO] 图像预处理完成，原始尺寸: (2160, 3840)
2026-06-05 15:30:35 [INFO] 开始执行目标检测...
2026-06-05 15:30:35 [INFO] 检测完成，找到 3 个物体
2026-06-05 15:30:35 [INFO] 物体 1: GasCyl1 (置信度: 0.84)
2026-06-05 15:30:35 [INFO] 物体 2: GasCyl1 (置信度: 0.53)
2026-06-05 15:30:35 [INFO] 物体 3: FireExt1 (置信度: 0.35)
2026-06-05 15:30:35 [INFO] 检测到车兜区域，将过滤区域外的目标
2026-06-05 15:30:35 [INFO] 准备保存检测结果到: C:\code\show\Scrap_Steel_In_Field\photos\dangerous_det\detection_20260605_153035.jpg
2026-06-05 15:30:35 [INFO] 图像形状: (2160, 3840, 3)
2026-06-05 15:30:35 [INFO] 图像数据类型: uint8
2026-06-05 15:30:35 [INFO] 图像最大值: 255
2026-06-05 15:30:35 [INFO] 图像最小值: 0
2026-06-05 15:30:35 [INFO] 开始保存检测结果图像: 图像尺寸=(2160, 3840, 3), 类型=uint8, 路径=C:\code\show\Scrap_Steel_In_Field\photos\dangerous_det\detection_20260605_153035.jpg
2026-06-05 15:30:35 [INFO] 成功保存检测结果到: C:\code\show\Scrap_Steel_In_Field\photos\dangerous_det\detection_20260605_153035.jpg
2026-06-05 15:30:35 [INFO] 保存的检测结果文件大小: 2155615 字节
2026-06-05 15:30:35 [INFO] 引擎上下文已释放
2026-06-05 15:30:35 [INFO] TensorRT 引擎已释放
2026-06-05 15:30:35 [INFO] 全局 CUDA 资源已释放
2026-06-05 15:30:35 [INFO] 检测系统资源已释放
2026-06-05 15:30:41 [INFO] CUDA 初始化成功
2026-06-05 15:30:41 [INFO] 引擎加载成功: dangerous.engine
2026-06-05 15:30:41 [INFO] 检测系统初始化成功
2026-06-05 15:30:41 [INFO] 图像预处理完成，原始尺寸: (2160, 3840)
2026-06-05 15:30:41 [INFO] 开始执行目标检测...
2026-06-05 15:30:41 [INFO] 检测完成，找到 2 个物体
2026-06-05 15:30:41 [INFO] 物体 1: GasCyl1 (置信度: 0.82)
2026-06-05 15:30:41 [INFO] 物体 2: GasCyl1 (置信度: 0.49)
2026-06-05 15:30:41 [INFO] 检测到车兜区域，将过滤区域外的目标
2026-06-05 15:30:41 [INFO] 准备保存检测结果到: C:\code\show\Scrap_Steel_In_Field\photos\dangerous_det\detection_20260605_153041.jpg
2026-06-05 15:30:41 [INFO] 图像形状: (2160, 3840, 3)
2026-06-05 15:30:41 [INFO] 图像数据类型: uint8
2026-06-05 15:30:41 [INFO] 图像最大值: 255
2026-06-05 15:30:41 [INFO] 图像最小值: 0
2026-06-05 15:30:41 [INFO] 开始保存检测结果图像: 图像尺寸=(2160, 3840, 3), 类型=uint8, 路径=C:\code\show\Scrap_Steel_In_Field\photos\dangerous_det\detection_20260605_153041.jpg
2026-06-05 15:30:41 [INFO] 成功保存检测结果到: C:\code\show\Scrap_Steel_In_Field\photos\dangerous_det\detection_20260605_153041.jpg
2026-06-05 15:30:41 [INFO] 保存的检测结果文件大小: 2164442 字节
2026-06-05 15:30:41 [INFO] 引擎上下文已释放
2026-06-05 15:30:41 [INFO] TensorRT 引擎已释放
2026-06-05 15:30:41 [INFO] 全局 CUDA 资源已释放
2026-06-05 15:30:41 [INFO] 检测系统资源已释放
2026-06-05 15:30:48 [INFO] CUDA 初始化成功
2026-06-05 15:30:48 [INFO] 引擎加载成功: dangerous.engine
2026-06-05 15:30:48 [INFO] 检测系统初始化成功
2026-06-05 15:30:48 [INFO] 图像预处理完成，原始尺寸: (2160, 3840)
2026-06-05 15:30:48 [INFO] 开始执行目标检测...
2026-06-05 15:30:48 [INFO] 检测完成，找到 2 个物体
2026-06-05 15:30:48 [INFO] 物体 1: GasCyl1 (置信度: 0.86)
2026-06-05 15:30:48 [INFO] 物体 2: FireExt1 (置信度: 0.38)
2026-06-05 15:30:48 [INFO] 检测到车兜区域，将过滤区域外的目标
2026-06-05 15:30:48 [INFO] 准备保存检测结果到: C:\code\show\Scrap_Steel_In_Field\photos\dangerous_det\detection_20260605_153048.jpg
2026-06-05 15:30:48 [INFO] 图像形状: (2160, 3840, 3)
2026-06-05 15:30:48 [INFO] 图像数据类型: uint8
2026-06-05 15:30:48 [INFO] 图像最大值: 255
2026-06-05 15:30:48 [INFO] 图像最小值: 0
2026-06-05 15:30:48 [INFO] 开始保存检测结果图像: 图像尺寸=(2160, 3840, 3), 类型=uint8, 路径=C:\code\show\Scrap_Steel_In_Field\photos\dangerous_det\detection_20260605_153048.jpg
2026-06-05 15:30:48 [INFO] 成功保存检测结果到: C:\code\show\Scrap_Steel_In_Field\photos\dangerous_det\detection_20260605_153048.jpg
2026-06-05 15:30:48 [INFO] 保存的检测结果文件大小: 2159729 字节
2026-06-05 15:30:48 [INFO] 引擎上下文已释放
2026-06-05 15:30:48 [INFO] TensorRT 引擎已释放
2026-06-05 15:30:48 [INFO] 全局 CUDA 资源已释放
2026-06-05 15:30:48 [INFO] 检测系统资源已释放
2026-06-05 15:30:52 [INFO] CUDA 初始化成功
2026-06-05 15:30:53 [INFO] 引擎加载成功: dangerous.engine
2026-06-05 15:30:53 [INFO] 检测系统初始化成功
2026-06-05 15:30:53 [INFO] 图像预处理完成，原始尺寸: (2160, 3840)
2026-06-05 15:30:53 [INFO] 开始执行目标检测...
2026-06-05 15:30:53 [INFO] 检测完成，找到 2 个物体
2026-06-05 15:30:53 [INFO] 物体 1: GasCyl1 (置信度: 0.83)
2026-06-05 15:30:53 [INFO] 物体 2: GasCyl1 (置信度: 0.69)
2026-06-05 15:30:53 [INFO] 准备保存检测结果到: C:\code\show\Scrap_Steel_In_Field\photos\dangerous_det\detection_20260605_153053.jpg
2026-06-05 15:30:53 [INFO] 图像形状: (2160, 3840, 3)
2026-06-05 15:30:53 [INFO] 图像数据类型: uint8
2026-06-05 15:30:53 [INFO] 图像最大值: 255
2026-06-05 15:30:53 [INFO] 图像最小值: 0
2026-06-05 15:30:53 [INFO] 开始保存检测结果图像: 图像尺寸=(2160, 3840, 3), 类型=uint8, 路径=C:\code\show\Scrap_Steel_In_Field\photos\dangerous_det\detection_20260605_153053.jpg
2026-06-05 15:30:53 [INFO] 成功保存检测结果到: C:\code\show\Scrap_Steel_In_Field\photos\dangerous_det\detection_20260605_153053.jpg
2026-06-05 15:30:53 [INFO] 保存的检测结果文件大小: 1621769 字节
2026-06-05 15:30:53 [INFO] 引擎上下文已释放
2026-06-05 15:30:53 [INFO] TensorRT 引擎已释放
2026-06-05 15:30:53 [INFO] 全局 CUDA 资源已释放
2026-06-05 15:30:53 [INFO] 检测系统资源已释放
2026-06-05 15:30:58 [INFO] CUDA 初始化成功
2026-06-05 15:30:58 [INFO] 引擎加载成功: dangerous.engine
2026-06-05 15:30:58 [INFO] 检测系统初始化成功
2026-06-05 15:30:58 [INFO] 图像预处理完成，原始尺寸: (2160, 3840)
2026-06-05 15:30:58 [INFO] 开始执行目标检测...
2026-06-05 15:30:58 [INFO] 检测完成，找到 3 个物体
2026-06-05 15:30:58 [INFO] 物体 1: GasCyl1 (置信度: 0.76)
2026-06-05 15:30:58 [INFO] 物体 2: GasCyl1 (置信度: 0.45)
2026-06-05 15:30:58 [INFO] 物体 3: FireExt1 (置信度: 0.39)
2026-06-05 15:30:58 [INFO] 准备保存检测结果到: C:\code\show\Scrap_Steel_In_Field\photos\dangerous_det\detection_20260605_153058.jpg
2026-06-05 15:30:58 [INFO] 图像形状: (2160, 3840, 3)
2026-06-05 15:30:58 [INFO] 图像数据类型: uint8
2026-06-05 15:30:58 [INFO] 图像最大值: 255
2026-06-05 15:30:58 [INFO] 图像最小值: 0
2026-06-05 15:30:58 [INFO] 开始保存检测结果图像: 图像尺寸=(2160, 3840, 3), 类型=uint8, 路径=C:\code\show\Scrap_Steel_In_Field\photos\dangerous_det\detection_20260605_153058.jpg
2026-06-05 15:30:58 [INFO] 成功保存检测结果到: C:\code\show\Scrap_Steel_In_Field\photos\dangerous_det\detection_20260605_153058.jpg
2026-06-05 15:30:58 [INFO] 保存的检测结果文件大小: 2110606 字节
2026-06-05 15:30:58 [INFO] 引擎上下文已释放
2026-06-05 15:30:58 [INFO] TensorRT 引擎已释放
2026-06-05 15:30:58 [INFO] 全局 CUDA 资源已释放
2026-06-05 15:30:58 [INFO] 检测系统资源已释放
2026-06-05 15:31:03 [INFO] CUDA 初始化成功
2026-06-05 15:31:03 [INFO] 引擎加载成功: dangerous.engine
2026-06-05 15:31:03 [INFO] 检测系统初始化成功
2026-06-05 15:31:03 [INFO] 图像预处理完成，原始尺寸: (2160, 3840)
2026-06-05 15:31:03 [INFO] 开始执行目标检测...
2026-06-05 15:31:03 [INFO] 检测完成，找到 2 个物体
2026-06-05 15:31:03 [INFO] 物体 1: GasCyl1 (置信度: 0.82)
2026-06-05 15:31:03 [INFO] 物体 2: GasCyl1 (置信度: 0.60)
2026-06-05 15:31:03 [INFO] 准备保存检测结果到: C:\code\show\Scrap_Steel_In_Field\photos\dangerous_det\detection_20260605_153103.jpg
2026-06-05 15:31:03 [INFO] 图像形状: (2160, 3840, 3)
2026-06-05 15:31:03 [INFO] 图像数据类型: uint8
2026-06-05 15:31:03 [INFO] 图像最大值: 255
2026-06-05 15:31:03 [INFO] 图像最小值: 0
2026-06-05 15:31:03 [INFO] 开始保存检测结果图像: 图像尺寸=(2160, 3840, 3), 类型=uint8, 路径=C:\code\show\Scrap_Steel_In_Field\photos\dangerous_det\detection_20260605_153103.jpg
2026-06-05 15:31:03 [INFO] 成功保存检测结果到: C:\code\show\Scrap_Steel_In_Field\photos\dangerous_det\detection_20260605_153103.jpg
2026-06-05 15:31:03 [INFO] 保存的检测结果文件大小: 2115109 字节
2026-06-05 15:31:03 [INFO] 引擎上下文已释放
2026-06-05 15:31:03 [INFO] TensorRT 引擎已释放
2026-06-05 15:31:03 [INFO] 全局 CUDA 资源已释放
2026-06-05 15:31:03 [INFO] 检测系统资源已释放
2026-06-05 15:31:08 [INFO] CUDA 初始化成功
2026-06-05 15:31:08 [INFO] 引擎加载成功: dangerous.engine
2026-06-05 15:31:08 [INFO] 检测系统初始化成功
2026-06-05 15:31:08 [INFO] 图像预处理完成，原始尺寸: (2160, 3840)
2026-06-05 15:31:08 [INFO] 开始执行目标检测...
2026-06-05 15:31:09 [INFO] 检测完成，找到 3 个物体
2026-06-05 15:31:09 [INFO] 物体 1: GasCyl1 (置信度: 0.82)
2026-06-05 15:31:09 [INFO] 物体 2: GasCyl1 (置信度: 0.69)
2026-06-05 15:31:09 [INFO] 物体 3: FireExt1 (置信度: 0.36)
2026-06-05 15:31:09 [INFO] 准备保存检测结果到: C:\code\show\Scrap_Steel_In_Field\photos\dangerous_det\detection_20260605_153109.jpg
2026-06-05 15:31:09 [INFO] 图像形状: (2160, 3840, 3)
2026-06-05 15:31:09 [INFO] 图像数据类型: uint8
2026-06-05 15:31:09 [INFO] 图像最大值: 255
2026-06-05 15:31:09 [INFO] 图像最小值: 0
2026-06-05 15:31:09 [INFO] 开始保存检测结果图像: 图像尺寸=(2160, 3840, 3), 类型=uint8, 路径=C:\code\show\Scrap_Steel_In_Field\photos\dangerous_det\detection_20260605_153109.jpg
2026-06-05 15:31:09 [INFO] 成功保存检测结果到: C:\code\show\Scrap_Steel_In_Field\photos\dangerous_det\detection_20260605_153109.jpg
2026-06-05 15:31:09 [INFO] 保存的检测结果文件大小: 2071849 字节
2026-06-05 15:31:09 [INFO] 引擎上下文已释放
2026-06-05 15:31:09 [INFO] TensorRT 引擎已释放
2026-06-05 15:31:09 [INFO] 全局 CUDA 资源已释放
2026-06-05 15:31:09 [INFO] 检测系统资源已释放
2026-06-05 15:31:13 [INFO] CUDA 初始化成功
2026-06-05 15:31:13 [INFO] 引擎加载成功: dangerous.engine
2026-06-05 15:31:13 [INFO] 检测系统初始化成功
2026-06-05 15:31:13 [INFO] 图像预处理完成，原始尺寸: (2160, 3840)
2026-06-05 15:31:13 [INFO] 开始执行目标检测...
2026-06-05 15:31:13 [INFO] 检测完成，找到 2 个物体
2026-06-05 15:31:13 [INFO] 物体 1: GasCyl1 (置信度: 0.82)
2026-06-05 15:31:13 [INFO] 物体 2: GasCyl1 (置信度: 0.66)
2026-06-05 15:31:13 [INFO] 准备保存检测结果到: C:\code\show\Scrap_Steel_In_Field\photos\dangerous_det\detection_20260605_153113.jpg
2026-06-05 15:31:13 [INFO] 图像形状: (2160, 3840, 3)
2026-06-05 15:31:13 [INFO] 图像数据类型: uint8
2026-06-05 15:31:13 [INFO] 图像最大值: 255
2026-06-05 15:31:13 [INFO] 图像最小值: 0
2026-06-05 15:31:13 [INFO] 开始保存检测结果图像: 图像尺寸=(2160, 3840, 3), 类型=uint8, 路径=C:\code\show\Scrap_Steel_In_Field\photos\dangerous_det\detection_20260605_153113.jpg
2026-06-05 15:31:13 [INFO] 成功保存检测结果到: C:\code\show\Scrap_Steel_In_Field\photos\dangerous_det\detection_20260605_153113.jpg
2026-06-05 15:31:13 [INFO] 保存的检测结果文件大小: 2068745 字节
2026-06-05 15:31:13 [INFO] 引擎上下文已释放
2026-06-05 15:31:13 [INFO] TensorRT 引擎已释放
2026-06-05 15:31:13 [INFO] 全局 CUDA 资源已释放
2026-06-05 15:31:13 [INFO] 检测系统资源已释放
2026-06-05 15:31:18 [INFO] CUDA 初始化成功
2026-06-05 15:31:18 [INFO] 引擎加载成功: dangerous.engine
2026-06-05 15:31:18 [INFO] 检测系统初始化成功
2026-06-05 15:31:18 [INFO] 图像预处理完成，原始尺寸: (2160, 3840)
2026-06-05 15:31:18 [INFO] 开始执行目标检测...
2026-06-05 15:31:18 [INFO] 检测完成，找到 2 个物体
2026-06-05 15:31:18 [INFO] 物体 1: GasCyl1 (置信度: 0.56)
2026-06-05 15:31:18 [INFO] 物体 2: GasCyl1 (置信度: 0.38)
2026-06-05 15:31:18 [INFO] 准备保存检测结果到: C:\code\show\Scrap_Steel_In_Field\photos\dangerous_det\detection_20260605_153118.jpg
2026-06-05 15:31:18 [INFO] 图像形状: (2160, 3840, 3)
2026-06-05 15:31:18 [INFO] 图像数据类型: uint8
2026-06-05 15:31:18 [INFO] 图像最大值: 255
2026-06-05 15:31:18 [INFO] 图像最小值: 0
2026-06-05 15:31:18 [INFO] 开始保存检测结果图像: 图像尺寸=(2160, 3840, 3), 类型=uint8, 路径=C:\code\show\Scrap_Steel_In_Field\photos\dangerous_det\detection_20260605_153118.jpg
2026-06-05 15:31:18 [INFO] 成功保存检测结果到: C:\code\show\Scrap_Steel_In_Field\photos\dangerous_det\detection_20260605_153118.jpg
2026-06-05 15:31:18 [INFO] 保存的检测结果文件大小: 1751622 字节
2026-06-05 15:31:18 [INFO] 引擎上下文已释放
2026-06-05 15:31:18 [INFO] TensorRT 引擎已释放
2026-06-05 15:31:18 [INFO] 全局 CUDA 资源已释放
2026-06-05 15:31:18 [INFO] 检测系统资源已释放
2026-06-05 15:31:24 [INFO] CUDA 初始化成功
2026-06-05 15:31:24 [INFO] 引擎加载成功: dangerous.engine
2026-06-05 15:31:24 [INFO] 检测系统初始化成功
2026-06-05 15:31:24 [INFO] 图像预处理完成，原始尺寸: (2160, 3840)
2026-06-05 15:31:24 [INFO] 开始执行目标检测...
2026-06-05 15:31:24 [INFO] 检测完成，找到 1 个物体
2026-06-05 15:31:24 [INFO] 物体 1: GasCyl1 (置信度: 0.65)
2026-06-05 15:31:24 [INFO] 准备保存检测结果到: C:\code\show\Scrap_Steel_In_Field\photos\dangerous_det\detection_20260605_153124.jpg
2026-06-05 15:31:24 [INFO] 图像形状: (2160, 3840, 3)
2026-06-05 15:31:24 [INFO] 图像数据类型: uint8
2026-06-05 15:31:24 [INFO] 图像最大值: 255
2026-06-05 15:31:24 [INFO] 图像最小值: 0
2026-06-05 15:31:24 [INFO] 开始保存检测结果图像: 图像尺寸=(2160, 3840, 3), 类型=uint8, 路径=C:\code\show\Scrap_Steel_In_Field\photos\dangerous_det\detection_20260605_153124.jpg
2026-06-05 15:31:24 [INFO] 成功保存检测结果到: C:\code\show\Scrap_Steel_In_Field\photos\dangerous_det\detection_20260605_153124.jpg
2026-06-05 15:31:24 [INFO] 保存的检测结果文件大小: 1598956 字节
2026-06-05 15:31:24 [INFO] 引擎上下文已释放
2026-06-05 15:31:24 [INFO] TensorRT 引擎已释放
2026-06-05 15:31:24 [INFO] 全局 CUDA 资源已释放
2026-06-05 15:31:24 [INFO] 检测系统资源已释放
2026-06-05 15:31:29 [INFO] CUDA 初始化成功
2026-06-05 15:31:29 [INFO] 引擎加载成功: dangerous.engine
2026-06-05 15:31:29 [INFO] 检测系统初始化成功
2026-06-05 15:31:29 [INFO] 图像预处理完成，原始尺寸: (2160, 3840)
2026-06-05 15:31:29 [INFO] 开始执行目标检测...
2026-06-05 15:31:29 [INFO] 检测完成，找到 3 个物体
2026-06-05 15:31:29 [INFO] 物体 1: GasCyl1 (置信度: 0.85)
2026-06-05 15:31:29 [INFO] 物体 2: GasCyl1 (置信度: 0.46)
2026-06-05 15:31:29 [INFO] 物体 3: FireExt1 (置信度: 0.37)
2026-06-05 15:31:29 [INFO] 检测到车兜区域，将过滤区域外的目标
2026-06-05 15:31:29 [INFO] 准备保存检测结果到: C:\code\show\Scrap_Steel_In_Field\photos\dangerous_det\detection_20260605_153129.jpg
2026-06-05 15:31:29 [INFO] 图像形状: (2160, 3840, 3)
2026-06-05 15:31:29 [INFO] 图像数据类型: uint8
2026-06-05 15:31:29 [INFO] 图像最大值: 255
2026-06-05 15:31:29 [INFO] 图像最小值: 0
2026-06-05 15:31:29 [INFO] 开始保存检测结果图像: 图像尺寸=(2160, 3840, 3), 类型=uint8, 路径=C:\code\show\Scrap_Steel_In_Field\photos\dangerous_det\detection_20260605_153129.jpg
2026-06-05 15:31:29 [INFO] 成功保存检测结果到: C:\code\show\Scrap_Steel_In_Field\photos\dangerous_det\detection_20260605_153129.jpg
2026-06-05 15:31:29 [INFO] 保存的检测结果文件大小: 2038067 字节
2026-06-05 15:31:29 [INFO] 引擎上下文已释放
2026-06-05 15:31:29 [INFO] TensorRT 引擎已释放
2026-06-05 15:31:29 [INFO] 全局 CUDA 资源已释放
2026-06-05 15:31:29 [INFO] 检测系统资源已释放
2026-06-05 15:31:34 [INFO] CUDA 初始化成功
2026-06-05 15:31:34 [INFO] 引擎加载成功: dangerous.engine
2026-06-05 15:31:34 [INFO] 检测系统初始化成功
2026-06-05 15:31:34 [INFO] 图像预处理完成，原始尺寸: (2160, 3840)
2026-06-05 15:31:34 [INFO] 开始执行目标检测...
2026-06-05 15:31:34 [INFO] 检测完成，找到 4 个物体
2026-06-05 15:31:34 [INFO] 物体 1: GasCyl1 (置信度: 0.78)
2026-06-05 15:31:34 [INFO] 物体 2: GasCyl1 (置信度: 0.58)
2026-06-05 15:31:34 [INFO] 物体 3: FireExt1 (置信度: 0.42)
2026-06-05 15:31:34 [INFO] 物体 4: FireExt1 (置信度: 0.37)
2026-06-05 15:31:34 [INFO] 检测到车兜区域，将过滤区域外的目标
2026-06-05 15:31:34 [INFO] 车兜区域过滤: 4 -> 3 个目标
2026-06-05 15:31:34 [INFO] 准备保存检测结果到: C:\code\show\Scrap_Steel_In_Field\photos\dangerous_det\detection_20260605_153134.jpg
2026-06-05 15:31:34 [INFO] 图像形状: (2160, 3840, 3)
2026-06-05 15:31:34 [INFO] 图像数据类型: uint8
2026-06-05 15:31:34 [INFO] 图像最大值: 255
2026-06-05 15:31:34 [INFO] 图像最小值: 0
2026-06-05 15:31:34 [INFO] 开始保存检测结果图像: 图像尺寸=(2160, 3840, 3), 类型=uint8, 路径=C:\code\show\Scrap_Steel_In_Field\photos\dangerous_det\detection_20260605_153134.jpg
2026-06-05 15:31:34 [INFO] 成功保存检测结果到: C:\code\show\Scrap_Steel_In_Field\photos\dangerous_det\detection_20260605_153134.jpg
2026-06-05 15:31:34 [INFO] 保存的检测结果文件大小: 2072240 字节
2026-06-05 15:31:34 [INFO] 引擎上下文已释放
2026-06-05 15:31:34 [INFO] TensorRT 引擎已释放
2026-06-05 15:31:34 [INFO] 全局 CUDA 资源已释放
2026-06-05 15:31:34 [INFO] 检测系统资源已释放
2026-06-05 15:31:39 [INFO] CUDA 初始化成功
2026-06-05 15:31:39 [INFO] 引擎加载成功: dangerous.engine
2026-06-05 15:31:39 [INFO] 检测系统初始化成功
2026-06-05 15:31:39 [INFO] 图像预处理完成，原始尺寸: (2160, 3840)
2026-06-05 15:31:39 [INFO] 开始执行目标检测...
2026-06-05 15:31:39 [INFO] 检测完成，找到 0 个物体
2026-06-05 15:31:39 [INFO] 引擎上下文已释放
2026-06-05 15:31:39 [INFO] TensorRT 引擎已释放
2026-06-05 15:31:39 [INFO] 全局 CUDA 资源已释放
2026-06-05 15:31:39 [INFO] 检测系统资源已释放
2026-06-05 15:31:44 [INFO] CUDA 初始化成功
2026-06-05 15:31:44 [INFO] 引擎加载成功: dangerous.engine
2026-06-05 15:31:44 [INFO] 检测系统初始化成功
2026-06-05 15:31:44 [INFO] 图像预处理完成，原始尺寸: (2160, 3840)
2026-06-05 15:31:44 [INFO] 开始执行目标检测...
2026-06-05 15:31:44 [INFO] 检测完成，找到 3 个物体
2026-06-05 15:31:44 [INFO] 物体 1: GasCyl1 (置信度: 0.84)
2026-06-05 15:31:44 [INFO] 物体 2: GasCyl1 (置信度: 0.54)
2026-06-05 15:31:44 [INFO] 物体 3: FireExt1 (置信度: 0.42)
2026-06-05 15:31:44 [INFO] 检测到车兜区域，将过滤区域外的目标
2026-06-05 15:31:44 [INFO] 准备保存检测结果到: C:\code\show\Scrap_Steel_In_Field\photos\dangerous_det\detection_20260605_153144.jpg
2026-06-05 15:31:44 [INFO] 图像形状: (2160, 3840, 3)
2026-06-05 15:31:44 [INFO] 图像数据类型: uint8
2026-06-05 15:31:44 [INFO] 图像最大值: 255
2026-06-05 15:31:44 [INFO] 图像最小值: 0
2026-06-05 15:31:44 [INFO] 开始保存检测结果图像: 图像尺寸=(2160, 3840, 3), 类型=uint8, 路径=C:\code\show\Scrap_Steel_In_Field\photos\dangerous_det\detection_20260605_153144.jpg
2026-06-05 15:31:44 [INFO] 成功保存检测结果到: C:\code\show\Scrap_Steel_In_Field\photos\dangerous_det\detection_20260605_153144.jpg
2026-06-05 15:31:44 [INFO] 保存的检测结果文件大小: 2022109 字节
2026-06-05 15:31:44 [INFO] 引擎上下文已释放
2026-06-05 15:31:44 [INFO] TensorRT 引擎已释放
2026-06-05 15:31:44 [INFO] 全局 CUDA 资源已释放
2026-06-05 15:31:44 [INFO] 检测系统资源已释放
2026-06-05 15:31:49 [INFO] CUDA 初始化成功
2026-06-05 15:31:49 [INFO] 引擎加载成功: dangerous.engine
2026-06-05 15:31:49 [INFO] 检测系统初始化成功
2026-06-05 15:31:49 [INFO] 图像预处理完成，原始尺寸: (2160, 3840)
2026-06-05 15:31:49 [INFO] 开始执行目标检测...
2026-06-05 15:31:49 [INFO] 检测完成，找到 3 个物体
2026-06-05 15:31:49 [INFO] 物体 1: GasCyl1 (置信度: 0.83)
2026-06-05 15:31:49 [INFO] 物体 2: GasCyl1 (置信度: 0.60)
2026-06-05 15:31:49 [INFO] 物体 3: FireExt1 (置信度: 0.43)
2026-06-05 15:31:49 [INFO] 检测到车兜区域，将过滤区域外的目标
2026-06-05 15:31:49 [INFO] 准备保存检测结果到: C:\code\show\Scrap_Steel_In_Field\photos\dangerous_det\detection_20260605_153149.jpg
2026-06-05 15:31:49 [INFO] 图像形状: (2160, 3840, 3)
2026-06-05 15:31:49 [INFO] 图像数据类型: uint8
2026-06-05 15:31:49 [INFO] 图像最大值: 255
2026-06-05 15:31:49 [INFO] 图像最小值: 0
2026-06-05 15:31:49 [INFO] 开始保存检测结果图像: 图像尺寸=(2160, 3840, 3), 类型=uint8, 路径=C:\code\show\Scrap_Steel_In_Field\photos\dangerous_det\detection_20260605_153149.jpg
2026-06-05 15:31:49 [INFO] 成功保存检测结果到: C:\code\show\Scrap_Steel_In_Field\photos\dangerous_det\detection_20260605_153149.jpg
2026-06-05 15:31:49 [INFO] 保存的检测结果文件大小: 2130178 字节
2026-06-05 15:31:49 [INFO] 引擎上下文已释放
2026-06-05 15:31:49 [INFO] TensorRT 引擎已释放
2026-06-05 15:31:49 [INFO] 全局 CUDA 资源已释放
2026-06-05 15:31:49 [INFO] 检测系统资源已释放
2026-06-05 15:31:54 [INFO] CUDA 初始化成功
2026-06-05 15:31:54 [INFO] 引擎加载成功: dangerous.engine
2026-06-05 15:31:54 [INFO] 检测系统初始化成功
2026-06-05 15:31:54 [INFO] 图像预处理完成，原始尺寸: (2160, 3840)
2026-06-05 15:31:54 [INFO] 开始执行目标检测...
2026-06-05 15:31:54 [INFO] 检测完成，找到 1 个物体
2026-06-05 15:31:54 [INFO] 物体 1: GasCyl1 (置信度: 0.83)
2026-06-05 15:31:54 [INFO] 准备保存检测结果到: C:\code\show\Scrap_Steel_In_Field\photos\dangerous_det\detection_20260605_153154.jpg
2026-06-05 15:31:54 [INFO] 图像形状: (2160, 3840, 3)
2026-06-05 15:31:54 [INFO] 图像数据类型: uint8
2026-06-05 15:31:54 [INFO] 图像最大值: 255
2026-06-05 15:31:54 [INFO] 图像最小值: 0
2026-06-05 15:31:54 [INFO] 开始保存检测结果图像: 图像尺寸=(2160, 3840, 3), 类型=uint8, 路径=C:\code\show\Scrap_Steel_In_Field\photos\dangerous_det\detection_20260605_153154.jpg
2026-06-05 15:31:54 [INFO] 成功保存检测结果到: C:\code\show\Scrap_Steel_In_Field\photos\dangerous_det\detection_20260605_153154.jpg
2026-06-05 15:31:54 [INFO] 保存的检测结果文件大小: 1728968 字节
2026-06-05 15:31:54 [INFO] 引擎上下文已释放
2026-06-05 15:31:54 [INFO] TensorRT 引擎已释放
2026-06-05 15:31:54 [INFO] 全局 CUDA 资源已释放
2026-06-05 15:31:54 [INFO] 检测系统资源已释放
2026-06-05 15:31:59 [INFO] CUDA 初始化成功
2026-06-05 15:31:59 [INFO] 引擎加载成功: dangerous.engine
2026-06-05 15:31:59 [INFO] 检测系统初始化成功
2026-06-05 15:31:59 [INFO] 图像预处理完成，原始尺寸: (2160, 3840)
2026-06-05 15:31:59 [INFO] 开始执行目标检测...
2026-06-05 15:31:59 [INFO] 检测完成，找到 3 个物体
2026-06-05 15:31:59 [INFO] 物体 1: GasCyl1 (置信度: 0.87)
2026-06-05 15:31:59 [INFO] 物体 2: GasCyl1 (置信度: 0.50)
2026-06-05 15:31:59 [INFO] 物体 3: FireExt1 (置信度: 0.39)
2026-06-05 15:31:59 [INFO] 检测到车兜区域，将过滤区域外的目标
2026-06-05 15:31:59 [INFO] 准备保存检测结果到: C:\code\show\Scrap_Steel_In_Field\photos\dangerous_det\detection_20260605_153159.jpg
2026-06-05 15:31:59 [INFO] 图像形状: (2160, 3840, 3)
2026-06-05 15:31:59 [INFO] 图像数据类型: uint8
2026-06-05 15:31:59 [INFO] 图像最大值: 255
2026-06-05 15:31:59 [INFO] 图像最小值: 0
2026-06-05 15:31:59 [INFO] 开始保存检测结果图像: 图像尺寸=(2160, 3840, 3), 类型=uint8, 路径=C:\code\show\Scrap_Steel_In_Field\photos\dangerous_det\detection_20260605_153159.jpg
2026-06-05 15:32:00 [INFO] 成功保存检测结果到: C:\code\show\Scrap_Steel_In_Field\photos\dangerous_det\detection_20260605_153159.jpg
2026-06-05 15:32:00 [INFO] 保存的检测结果文件大小: 1555349 字节
2026-06-05 15:32:00 [INFO] 引擎上下文已释放
2026-06-05 15:32:00 [INFO] TensorRT 引擎已释放
2026-06-05 15:32:00 [INFO] 全局 CUDA 资源已释放
2026-06-05 15:32:00 [INFO] 检测系统资源已释放
2026-06-05 15:32:04 [INFO] CUDA 初始化成功
2026-06-05 15:32:04 [INFO] 引擎加载成功: dangerous.engine
2026-06-05 15:32:04 [INFO] 检测系统初始化成功
2026-06-05 15:32:04 [INFO] 图像预处理完成，原始尺寸: (2160, 3840)
2026-06-05 15:32:04 [INFO] 开始执行目标检测...
2026-06-05 15:32:04 [INFO] 检测完成，找到 2 个物体
2026-06-05 15:32:04 [INFO] 物体 1: GasCyl1 (置信度: 0.81)
2026-06-05 15:32:04 [INFO] 物体 2: GasCyl1 (置信度: 0.59)
2026-06-05 15:32:04 [INFO] 检测到车兜区域，将过滤区域外的目标
2026-06-05 15:32:04 [INFO] 准备保存检测结果到: C:\code\show\Scrap_Steel_In_Field\photos\dangerous_det\detection_20260605_153204.jpg
2026-06-05 15:32:04 [INFO] 图像形状: (2160, 3840, 3)
2026-06-05 15:32:04 [INFO] 图像数据类型: uint8
2026-06-05 15:32:04 [INFO] 图像最大值: 255
2026-06-05 15:32:04 [INFO] 图像最小值: 0
2026-06-05 15:32:04 [INFO] 开始保存检测结果图像: 图像尺寸=(2160, 3840, 3), 类型=uint8, 路径=C:\code\show\Scrap_Steel_In_Field\photos\dangerous_det\detection_20260605_153204.jpg
2026-06-05 15:32:04 [INFO] 成功保存检测结果到: C:\code\show\Scrap_Steel_In_Field\photos\dangerous_det\detection_20260605_153204.jpg
2026-06-05 15:32:04 [INFO] 保存的检测结果文件大小: 2121995 字节
2026-06-05 15:32:04 [INFO] 引擎上下文已释放
2026-06-05 15:32:04 [INFO] TensorRT 引擎已释放
2026-06-05 15:32:05 [INFO] 全局 CUDA 资源已释放
2026-06-05 15:32:05 [INFO] 检测系统资源已释放
2026-06-05 15:32:10 [INFO] CUDA 初始化成功
2026-06-05 15:32:10 [INFO] 引擎加载成功: dangerous.engine
2026-06-05 15:32:10 [INFO] 检测系统初始化成功
2026-06-05 15:32:10 [INFO] 图像预处理完成，原始尺寸: (2160, 3840)
2026-06-05 15:32:10 [INFO] 开始执行目标检测...
2026-06-05 15:32:10 [INFO] 检测完成，找到 4 个物体
2026-06-05 15:32:10 [INFO] 物体 1: GasCyl1 (置信度: 0.84)
2026-06-05 15:32:10 [INFO] 物体 2: GasCyl1 (置信度: 0.54)
2026-06-05 15:32:10 [INFO] 物体 3: FireExt1 (置信度: 0.42)
2026-06-05 15:32:10 [INFO] 物体 4: FireExt1 (置信度: 0.36)
2026-06-05 15:32:10 [INFO] 检测到车兜区域，将过滤区域外的目标
2026-06-05 15:32:10 [INFO] 车兜区域过滤: 4 -> 3 个目标
2026-06-05 15:32:10 [INFO] 准备保存检测结果到: C:\code\show\Scrap_Steel_In_Field\photos\dangerous_det\detection_20260605_153210.jpg
2026-06-05 15:32:10 [INFO] 图像形状: (2160, 3840, 3)
2026-06-05 15:32:10 [INFO] 图像数据类型: uint8
2026-06-05 15:32:10 [INFO] 图像最大值: 255
2026-06-05 15:32:10 [INFO] 图像最小值: 0
2026-06-05 15:32:10 [INFO] 开始保存检测结果图像: 图像尺寸=(2160, 3840, 3), 类型=uint8, 路径=C:\code\show\Scrap_Steel_In_Field\photos\dangerous_det\detection_20260605_153210.jpg
2026-06-05 15:32:10 [INFO] 成功保存检测结果到: C:\code\show\Scrap_Steel_In_Field\photos\dangerous_det\detection_20260605_153210.jpg
2026-06-05 15:32:10 [INFO] 保存的检测结果文件大小: 2151351 字节
2026-06-05 15:32:10 [INFO] 引擎上下文已释放
2026-06-05 15:32:10 [INFO] TensorRT 引擎已释放
2026-06-05 15:32:10 [INFO] 全局 CUDA 资源已释放
2026-06-05 15:32:10 [INFO] 检测系统资源已释放
2026-06-05 15:32:15 [INFO] CUDA 初始化成功
2026-06-05 15:32:15 [INFO] 引擎加载成功: dangerous.engine
2026-06-05 15:32:15 [INFO] 检测系统初始化成功
2026-06-05 15:32:15 [INFO] 图像预处理完成，原始尺寸: (2160, 3840)
2026-06-05 15:32:15 [INFO] 开始执行目标检测...
2026-06-05 15:32:15 [INFO] 检测完成，找到 4 个物体
2026-06-05 15:32:15 [INFO] 物体 1: GasCyl1 (置信度: 0.83)
2026-06-05 15:32:15 [INFO] 物体 2: GasCyl1 (置信度: 0.69)
2026-06-05 15:32:15 [INFO] 物体 3: FireExt1 (置信度: 0.53)
2026-06-05 15:32:15 [INFO] 物体 4: FireExt1 (置信度: 0.40)
2026-06-05 15:32:15 [INFO] 检测到车兜区域，将过滤区域外的目标
2026-06-05 15:32:15 [INFO] 车兜区域过滤: 4 -> 3 个目标
2026-06-05 15:32:15 [INFO] 准备保存检测结果到: C:\code\show\Scrap_Steel_In_Field\photos\dangerous_det\detection_20260605_153215.jpg
2026-06-05 15:32:15 [INFO] 图像形状: (2160, 3840, 3)
2026-06-05 15:32:15 [INFO] 图像数据类型: uint8
2026-06-05 15:32:15 [INFO] 图像最大值: 255
2026-06-05 15:32:15 [INFO] 图像最小值: 0
2026-06-05 15:32:15 [INFO] 开始保存检测结果图像: 图像尺寸=(2160, 3840, 3), 类型=uint8, 路径=C:\code\show\Scrap_Steel_In_Field\photos\dangerous_det\detection_20260605_153215.jpg
2026-06-05 15:32:15 [INFO] 成功保存检测结果到: C:\code\show\Scrap_Steel_In_Field\photos\dangerous_det\detection_20260605_153215.jpg
2026-06-05 15:32:15 [INFO] 保存的检测结果文件大小: 2228414 字节
2026-06-05 15:32:15 [INFO] 引擎上下文已释放
2026-06-05 15:32:15 [INFO] TensorRT 引擎已释放
2026-06-05 15:32:15 [INFO] 全局 CUDA 资源已释放
2026-06-05 15:32:15 [INFO] 检测系统资源已释放
2026-06-05 15:32:20 [INFO] CUDA 初始化成功
2026-06-05 15:32:20 [INFO] 引擎加载成功: dangerous.engine
2026-06-05 15:32:20 [INFO] 检测系统初始化成功
2026-06-05 15:32:20 [INFO] 图像预处理完成，原始尺寸: (2160, 3840)
2026-06-05 15:32:20 [INFO] 开始执行目标检测...
2026-06-05 15:32:20 [INFO] 检测完成，找到 4 个物体
2026-06-05 15:32:20 [INFO] 物体 1: GasCyl1 (置信度: 0.83)
2026-06-05 15:32:20 [INFO] 物体 2: GasCyl1 (置信度: 0.58)
2026-06-05 15:32:20 [INFO] 物体 3: FireExt1 (置信度: 0.54)
2026-06-05 15:32:20 [INFO] 物体 4: FireExt1 (置信度: 0.37)
2026-06-05 15:32:20 [INFO] 检测到车兜区域，将过滤区域外的目标
2026-06-05 15:32:20 [INFO] 车兜区域过滤: 4 -> 3 个目标
2026-06-05 15:32:20 [INFO] 准备保存检测结果到: C:\code\show\Scrap_Steel_In_Field\photos\dangerous_det\detection_20260605_153220.jpg
2026-06-05 15:32:20 [INFO] 图像形状: (2160, 3840, 3)
2026-06-05 15:32:20 [INFO] 图像数据类型: uint8
2026-06-05 15:32:20 [INFO] 图像最大值: 255
2026-06-05 15:32:20 [INFO] 图像最小值: 0
2026-06-05 15:32:20 [INFO] 开始保存检测结果图像: 图像尺寸=(2160, 3840, 3), 类型=uint8, 路径=C:\code\show\Scrap_Steel_In_Field\photos\dangerous_det\detection_20260605_153220.jpg
2026-06-05 15:32:20 [INFO] 成功保存检测结果到: C:\code\show\Scrap_Steel_In_Field\photos\dangerous_det\detection_20260605_153220.jpg
2026-06-05 15:32:20 [INFO] 保存的检测结果文件大小: 2236607 字节
2026-06-05 15:32:20 [INFO] 引擎上下文已释放
2026-06-05 15:32:20 [INFO] TensorRT 引擎已释放
2026-06-05 15:32:20 [INFO] 全局 CUDA 资源已释放
2026-06-05 15:32:20 [INFO] 检测系统资源已释放
2026-06-05 15:32:25 [INFO] CUDA 初始化成功
2026-06-05 15:32:25 [INFO] 引擎加载成功: dangerous.engine
2026-06-05 15:32:25 [INFO] 检测系统初始化成功
2026-06-05 15:32:25 [INFO] 图像预处理完成，原始尺寸: (2160, 3840)
2026-06-05 15:32:25 [INFO] 开始执行目标检测...
2026-06-05 15:32:25 [INFO] 检测完成，找到 4 个物体
2026-06-05 15:32:25 [INFO] 物体 1: GasCyl1 (置信度: 0.83)
2026-06-05 15:32:25 [INFO] 物体 2: GasCyl1 (置信度: 0.58)
2026-06-05 15:32:25 [INFO] 物体 3: FireExt1 (置信度: 0.49)
2026-06-05 15:32:25 [INFO] 物体 4: FireExt1 (置信度: 0.38)
2026-06-05 15:32:25 [INFO] 检测到车兜区域，将过滤区域外的目标
2026-06-05 15:32:25 [INFO] 车兜区域过滤: 4 -> 3 个目标
2026-06-05 15:32:25 [INFO] 准备保存检测结果到: C:\code\show\Scrap_Steel_In_Field\photos\dangerous_det\detection_20260605_153225.jpg
2026-06-05 15:32:25 [INFO] 图像形状: (2160, 3840, 3)
2026-06-05 15:32:25 [INFO] 图像数据类型: uint8
2026-06-05 15:32:25 [INFO] 图像最大值: 255
2026-06-05 15:32:25 [INFO] 图像最小值: 0
2026-06-05 15:32:25 [INFO] 开始保存检测结果图像: 图像尺寸=(2160, 3840, 3), 类型=uint8, 路径=C:\code\show\Scrap_Steel_In_Field\photos\dangerous_det\detection_20260605_153225.jpg
2026-06-05 15:32:25 [INFO] 成功保存检测结果到: C:\code\show\Scrap_Steel_In_Field\photos\dangerous_det\detection_20260605_153225.jpg
2026-06-05 15:32:25 [INFO] 保存的检测结果文件大小: 2235443 字节
2026-06-05 15:32:25 [INFO] 引擎上下文已释放
2026-06-05 15:32:25 [INFO] TensorRT 引擎已释放
2026-06-05 15:32:25 [INFO] 全局 CUDA 资源已释放
2026-06-05 15:32:25 [INFO] 检测系统资源已释放
2026-06-05 15:32:30 [INFO] CUDA 初始化成功
2026-06-05 15:32:30 [INFO] 引擎加载成功: dangerous.engine
2026-06-05 15:32:30 [INFO] 检测系统初始化成功
2026-06-05 15:32:30 [INFO] 图像预处理完成，原始尺寸: (2160, 3840)
2026-06-05 15:32:30 [INFO] 开始执行目标检测...
2026-06-05 15:32:30 [INFO] 检测完成，找到 4 个物体
2026-06-05 15:32:30 [INFO] 物体 1: GasCyl1 (置信度: 0.82)
2026-06-05 15:32:30 [INFO] 物体 2: GasCyl1 (置信度: 0.55)
2026-06-05 15:32:30 [INFO] 物体 3: FireExt1 (置信度: 0.51)
2026-06-05 15:32:30 [INFO] 物体 4: FireExt1 (置信度: 0.37)
2026-06-05 15:32:30 [INFO] 检测到车兜区域，将过滤区域外的目标
2026-06-05 15:32:30 [INFO] 车兜区域过滤: 4 -> 3 个目标
2026-06-05 15:32:30 [INFO] 准备保存检测结果到: C:\code\show\Scrap_Steel_In_Field\photos\dangerous_det\detection_20260605_153230.jpg
2026-06-05 15:32:30 [INFO] 图像形状: (2160, 3840, 3)
2026-06-05 15:32:30 [INFO] 图像数据类型: uint8
2026-06-05 15:32:30 [INFO] 图像最大值: 255
2026-06-05 15:32:30 [INFO] 图像最小值: 0
2026-06-05 15:32:30 [INFO] 开始保存检测结果图像: 图像尺寸=(2160, 3840, 3), 类型=uint8, 路径=C:\code\show\Scrap_Steel_In_Field\photos\dangerous_det\detection_20260605_153230.jpg
2026-06-05 15:32:30 [INFO] 成功保存检测结果到: C:\code\show\Scrap_Steel_In_Field\photos\dangerous_det\detection_20260605_153230.jpg
2026-06-05 15:32:30 [INFO] 保存的检测结果文件大小: 2239475 字节
2026-06-05 15:32:30 [INFO] 引擎上下文已释放
2026-06-05 15:32:30 [INFO] TensorRT 引擎已释放
2026-06-05 15:32:30 [INFO] 全局 CUDA 资源已释放
2026-06-05 15:32:30 [INFO] 检测系统资源已释放
2026-06-05 15:32:35 [INFO] CUDA 初始化成功
2026-06-05 15:32:35 [INFO] 引擎加载成功: dangerous.engine
2026-06-05 15:32:35 [INFO] 检测系统初始化成功
2026-06-05 15:32:35 [INFO] 图像预处理完成，原始尺寸: (2160, 3840)
2026-06-05 15:32:35 [INFO] 开始执行目标检测...
2026-06-05 15:32:35 [INFO] 检测完成，找到 4 个物体
2026-06-05 15:32:35 [INFO] 物体 1: GasCyl1 (置信度: 0.83)
2026-06-05 15:32:35 [INFO] 物体 2: GasCyl1 (置信度: 0.64)
2026-06-05 15:32:35 [INFO] 物体 3: FireExt1 (置信度: 0.45)
2026-06-05 15:32:35 [INFO] 物体 4: FireExt1 (置信度: 0.35)
2026-06-05 15:32:35 [INFO] 检测到车兜区域，将过滤区域外的目标
2026-06-05 15:32:35 [INFO] 车兜区域过滤: 4 -> 3 个目标
2026-06-05 15:32:35 [INFO] 准备保存检测结果到: C:\code\show\Scrap_Steel_In_Field\photos\dangerous_det\detection_20260605_153235.jpg
2026-06-05 15:32:35 [INFO] 图像形状: (2160, 3840, 3)
2026-06-05 15:32:35 [INFO] 图像数据类型: uint8
2026-06-05 15:32:35 [INFO] 图像最大值: 255
2026-06-05 15:32:35 [INFO] 图像最小值: 0
2026-06-05 15:32:35 [INFO] 开始保存检测结果图像: 图像尺寸=(2160, 3840, 3), 类型=uint8, 路径=C:\code\show\Scrap_Steel_In_Field\photos\dangerous_det\detection_20260605_153235.jpg
2026-06-05 15:32:35 [INFO] 成功保存检测结果到: C:\code\show\Scrap_Steel_In_Field\photos\dangerous_det\detection_20260605_153235.jpg
2026-06-05 15:32:35 [INFO] 保存的检测结果文件大小: 2234822 字节
2026-06-05 15:32:35 [INFO] 引擎上下文已释放
2026-06-05 15:32:35 [INFO] TensorRT 引擎已释放
2026-06-05 15:32:36 [INFO] 全局 CUDA 资源已释放
2026-06-05 15:32:36 [INFO] 检测系统资源已释放
2026-06-05 15:32:40 [INFO] CUDA 初始化成功
2026-06-05 15:32:40 [INFO] 引擎加载成功: dangerous.engine
2026-06-05 15:32:40 [INFO] 检测系统初始化成功
2026-06-05 15:32:40 [INFO] 图像预处理完成，原始尺寸: (2160, 3840)
2026-06-05 15:32:40 [INFO] 开始执行目标检测...
2026-06-05 15:32:40 [INFO] 检测完成，找到 4 个物体
2026-06-05 15:32:40 [INFO] 物体 1: GasCyl1 (置信度: 0.80)
2026-06-05 15:32:40 [INFO] 物体 2: GasCyl1 (置信度: 0.53)
2026-06-05 15:32:40 [INFO] 物体 3: FireExt1 (置信度: 0.51)
2026-06-05 15:32:40 [INFO] 物体 4: FireExt1 (置信度: 0.38)
2026-06-05 15:32:40 [INFO] 检测到车兜区域，将过滤区域外的目标
2026-06-05 15:32:40 [INFO] 车兜区域过滤: 4 -> 3 个目标
2026-06-05 15:32:40 [INFO] 准备保存检测结果到: C:\code\show\Scrap_Steel_In_Field\photos\dangerous_det\detection_20260605_153240.jpg
2026-06-05 15:32:40 [INFO] 图像形状: (2160, 3840, 3)
2026-06-05 15:32:40 [INFO] 图像数据类型: uint8
2026-06-05 15:32:40 [INFO] 图像最大值: 255
2026-06-05 15:32:40 [INFO] 图像最小值: 0
2026-06-05 15:32:40 [INFO] 开始保存检测结果图像: 图像尺寸=(2160, 3840, 3), 类型=uint8, 路径=C:\code\show\Scrap_Steel_In_Field\photos\dangerous_det\detection_20260605_153240.jpg
2026-06-05 15:32:40 [INFO] 成功保存检测结果到: C:\code\show\Scrap_Steel_In_Field\photos\dangerous_det\detection_20260605_153240.jpg
2026-06-05 15:32:40 [INFO] 保存的检测结果文件大小: 2241632 字节
2026-06-05 15:32:40 [INFO] 引擎上下文已释放
2026-06-05 15:32:40 [INFO] TensorRT 引擎已释放
2026-06-05 15:32:41 [INFO] 全局 CUDA 资源已释放
2026-06-05 15:32:41 [INFO] 检测系统资源已释放
2026-06-05 15:32:45 [INFO] CUDA 初始化成功
2026-06-05 15:32:45 [INFO] 引擎加载成功: dangerous.engine
2026-06-05 15:32:45 [INFO] 检测系统初始化成功
2026-06-05 15:32:45 [INFO] 图像预处理完成，原始尺寸: (2160, 3840)
2026-06-05 15:32:45 [INFO] 开始执行目标检测...
2026-06-05 15:32:45 [INFO] 检测完成，找到 4 个物体
2026-06-05 15:32:45 [INFO] 物体 1: GasCyl1 (置信度: 0.83)
2026-06-05 15:32:45 [INFO] 物体 2: GasCyl1 (置信度: 0.61)
2026-06-05 15:32:45 [INFO] 物体 3: FireExt1 (置信度: 0.50)
2026-06-05 15:32:45 [INFO] 物体 4: FireExt1 (置信度: 0.35)
2026-06-05 15:32:45 [INFO] 检测到车兜区域，将过滤区域外的目标
2026-06-05 15:32:45 [INFO] 车兜区域过滤: 4 -> 3 个目标
2026-06-05 15:32:45 [INFO] 准备保存检测结果到: C:\code\show\Scrap_Steel_In_Field\photos\dangerous_det\detection_20260605_153245.jpg
2026-06-05 15:32:45 [INFO] 图像形状: (2160, 3840, 3)
2026-06-05 15:32:45 [INFO] 图像数据类型: uint8
2026-06-05 15:32:45 [INFO] 图像最大值: 255
2026-06-05 15:32:45 [INFO] 图像最小值: 0
2026-06-05 15:32:45 [INFO] 开始保存检测结果图像: 图像尺寸=(2160, 3840, 3), 类型=uint8, 路径=C:\code\show\Scrap_Steel_In_Field\photos\dangerous_det\detection_20260605_153245.jpg
2026-06-05 15:32:45 [INFO] 成功保存检测结果到: C:\code\show\Scrap_Steel_In_Field\photos\dangerous_det\detection_20260605_153245.jpg
2026-06-05 15:32:45 [INFO] 保存的检测结果文件大小: 2239447 字节
2026-06-05 15:32:45 [INFO] 引擎上下文已释放
2026-06-05 15:32:45 [INFO] TensorRT 引擎已释放
2026-06-05 15:32:46 [INFO] 全局 CUDA 资源已释放
2026-06-05 15:32:46 [INFO] 检测系统资源已释放
2026-06-05 15:32:51 [INFO] CUDA 初始化成功
2026-06-05 15:32:51 [INFO] 引擎加载成功: dangerous.engine
2026-06-05 15:32:51 [INFO] 检测系统初始化成功
2026-06-05 15:32:51 [INFO] 图像预处理完成，原始尺寸: (2160, 3840)
2026-06-05 15:32:51 [INFO] 开始执行目标检测...
2026-06-05 15:32:51 [INFO] 检测完成，找到 3 个物体
2026-06-05 15:32:51 [INFO] 物体 1: GasCyl1 (置信度: 0.82)
2026-06-05 15:32:51 [INFO] 物体 2: GasCyl1 (置信度: 0.57)
2026-06-05 15:32:51 [INFO] 物体 3: FireExt1 (置信度: 0.51)
2026-06-05 15:32:51 [INFO] 检测到车兜区域，将过滤区域外的目标
2026-06-05 15:32:51 [INFO] 车兜区域过滤: 3 -> 2 个目标
2026-06-05 15:32:51 [INFO] 准备保存检测结果到: C:\code\show\Scrap_Steel_In_Field\photos\dangerous_det\detection_20260605_153251.jpg
2026-06-05 15:32:51 [INFO] 图像形状: (2160, 3840, 3)
2026-06-05 15:32:51 [INFO] 图像数据类型: uint8
2026-06-05 15:32:51 [INFO] 图像最大值: 255
2026-06-05 15:32:51 [INFO] 图像最小值: 0
2026-06-05 15:32:51 [INFO] 开始保存检测结果图像: 图像尺寸=(2160, 3840, 3), 类型=uint8, 路径=C:\code\show\Scrap_Steel_In_Field\photos\dangerous_det\detection_20260605_153251.jpg
2026-06-05 15:32:51 [INFO] 成功保存检测结果到: C:\code\show\Scrap_Steel_In_Field\photos\dangerous_det\detection_20260605_153251.jpg
2026-06-05 15:32:51 [INFO] 保存的检测结果文件大小: 2232695 字节
2026-06-05 15:32:51 [INFO] 引擎上下文已释放
2026-06-05 15:32:51 [INFO] TensorRT 引擎已释放
2026-06-05 15:32:51 [INFO] 全局 CUDA 资源已释放
2026-06-05 15:32:51 [INFO] 检测系统资源已释放
2026-06-05 15:32:56 [INFO] CUDA 初始化成功
2026-06-05 15:32:56 [INFO] 引擎加载成功: dangerous.engine
2026-06-05 15:32:56 [INFO] 检测系统初始化成功
2026-06-05 15:32:56 [INFO] 图像预处理完成，原始尺寸: (2160, 3840)
2026-06-05 15:32:56 [INFO] 开始执行目标检测...
2026-06-05 15:32:56 [INFO] 检测完成，找到 3 个物体
2026-06-05 15:32:56 [INFO] 物体 1: GasCyl1 (置信度: 0.81)
2026-06-05 15:32:56 [INFO] 物体 2: GasCyl1 (置信度: 0.47)
2026-06-05 15:32:56 [INFO] 物体 3: FireExt1 (置信度: 0.46)
2026-06-05 15:32:56 [INFO] 检测到车兜区域，将过滤区域外的目标
2026-06-05 15:32:56 [INFO] 车兜区域过滤: 3 -> 2 个目标
2026-06-05 15:32:56 [INFO] 准备保存检测结果到: C:\code\show\Scrap_Steel_In_Field\photos\dangerous_det\detection_20260605_153256.jpg
2026-06-05 15:32:56 [INFO] 图像形状: (2160, 3840, 3)
2026-06-05 15:32:56 [INFO] 图像数据类型: uint8
2026-06-05 15:32:56 [INFO] 图像最大值: 255
2026-06-05 15:32:56 [INFO] 图像最小值: 0
2026-06-05 15:32:56 [INFO] 开始保存检测结果图像: 图像尺寸=(2160, 3840, 3), 类型=uint8, 路径=C:\code\show\Scrap_Steel_In_Field\photos\dangerous_det\detection_20260605_153256.jpg
2026-06-05 15:32:56 [INFO] 成功保存检测结果到: C:\code\show\Scrap_Steel_In_Field\photos\dangerous_det\detection_20260605_153256.jpg
2026-06-05 15:32:56 [INFO] 保存的检测结果文件大小: 2233557 字节
2026-06-05 15:32:56 [INFO] 引擎上下文已释放
2026-06-05 15:32:56 [INFO] TensorRT 引擎已释放
2026-06-05 15:32:56 [INFO] 全局 CUDA 资源已释放
2026-06-05 15:32:56 [INFO] 检测系统资源已释放
2026-06-05 15:33:01 [INFO] CUDA 初始化成功
2026-06-05 15:33:01 [INFO] 引擎加载成功: dangerous.engine
2026-06-05 15:33:01 [INFO] 检测系统初始化成功
2026-06-05 15:33:01 [INFO] 图像预处理完成，原始尺寸: (2160, 3840)
2026-06-05 15:33:01 [INFO] 开始执行目标检测...
2026-06-05 15:33:01 [INFO] 检测完成，找到 3 个物体
2026-06-05 15:33:01 [INFO] 物体 1: GasCyl1 (置信度: 0.80)
2026-06-05 15:33:01 [INFO] 物体 2: GasCyl1 (置信度: 0.63)
2026-06-05 15:33:01 [INFO] 物体 3: FireExt1 (置信度: 0.50)
2026-06-05 15:33:01 [INFO] 检测到车兜区域，将过滤区域外的目标
2026-06-05 15:33:01 [INFO] 车兜区域过滤: 3 -> 2 个目标
2026-06-05 15:33:01 [INFO] 准备保存检测结果到: C:\code\show\Scrap_Steel_In_Field\photos\dangerous_det\detection_20260605_153301.jpg
2026-06-05 15:33:01 [INFO] 图像形状: (2160, 3840, 3)
2026-06-05 15:33:01 [INFO] 图像数据类型: uint8
2026-06-05 15:33:01 [INFO] 图像最大值: 255
2026-06-05 15:33:01 [INFO] 图像最小值: 0
2026-06-05 15:33:01 [INFO] 开始保存检测结果图像: 图像尺寸=(2160, 3840, 3), 类型=uint8, 路径=C:\code\show\Scrap_Steel_In_Field\photos\dangerous_det\detection_20260605_153301.jpg
2026-06-05 15:33:01 [INFO] 成功保存检测结果到: C:\code\show\Scrap_Steel_In_Field\photos\dangerous_det\detection_20260605_153301.jpg
2026-06-05 15:33:01 [INFO] 保存的检测结果文件大小: 2232909 字节
2026-06-05 15:33:01 [INFO] 引擎上下文已释放
2026-06-05 15:33:01 [INFO] TensorRT 引擎已释放
2026-06-05 15:33:01 [INFO] 全局 CUDA 资源已释放
2026-06-05 15:33:01 [INFO] 检测系统资源已释放
2026-06-05 15:33:07 [INFO] CUDA 初始化成功
2026-06-05 15:33:07 [INFO] 引擎加载成功: dangerous.engine
2026-06-05 15:33:07 [INFO] 检测系统初始化成功
2026-06-05 15:33:07 [INFO] 图像预处理完成，原始尺寸: (2160, 3840)
2026-06-05 15:33:07 [INFO] 开始执行目标检测...
2026-06-05 15:33:07 [INFO] 检测完成，找到 3 个物体
2026-06-05 15:33:07 [INFO] 物体 1: GasCyl1 (置信度: 0.81)
2026-06-05 15:33:07 [INFO] 物体 2: GasCyl1 (置信度: 0.68)
2026-06-05 15:33:07 [INFO] 物体 3: FireExt1 (置信度: 0.52)
2026-06-05 15:33:07 [INFO] 检测到车兜区域，将过滤区域外的目标
2026-06-05 15:33:07 [INFO] 车兜区域过滤: 3 -> 2 个目标
2026-06-05 15:33:07 [INFO] 准备保存检测结果到: C:\code\show\Scrap_Steel_In_Field\photos\dangerous_det\detection_20260605_153307.jpg
2026-06-05 15:33:07 [INFO] 图像形状: (2160, 3840, 3)
2026-06-05 15:33:07 [INFO] 图像数据类型: uint8
2026-06-05 15:33:07 [INFO] 图像最大值: 255
2026-06-05 15:33:07 [INFO] 图像最小值: 0
2026-06-05 15:33:07 [INFO] 开始保存检测结果图像: 图像尺寸=(2160, 3840, 3), 类型=uint8, 路径=C:\code\show\Scrap_Steel_In_Field\photos\dangerous_det\detection_20260605_153307.jpg
2026-06-05 15:33:07 [INFO] 成功保存检测结果到: C:\code\show\Scrap_Steel_In_Field\photos\dangerous_det\detection_20260605_153307.jpg
2026-06-05 15:33:07 [INFO] 保存的检测结果文件大小: 2234466 字节
2026-06-05 15:33:07 [INFO] 引擎上下文已释放
2026-06-05 15:33:07 [INFO] TensorRT 引擎已释放
2026-06-05 15:33:07 [INFO] 全局 CUDA 资源已释放
2026-06-05 15:33:07 [INFO] 检测系统资源已释放
2026-06-05 15:33:12 [INFO] CUDA 初始化成功
2026-06-05 15:33:12 [INFO] 引擎加载成功: dangerous.engine
2026-06-05 15:33:12 [INFO] 检测系统初始化成功
2026-06-05 15:33:12 [INFO] 图像预处理完成，原始尺寸: (2160, 3840)
2026-06-05 15:33:12 [INFO] 开始执行目标检测...
2026-06-05 15:33:12 [INFO] 检测完成，找到 4 个物体
2026-06-05 15:33:12 [INFO] 物体 1: GasCyl1 (置信度: 0.78)
2026-06-05 15:33:12 [INFO] 物体 2: FireExt1 (置信度: 0.53)
2026-06-05 15:33:12 [INFO] 物体 3: GasCyl1 (置信度: 0.47)
2026-06-05 15:33:12 [INFO] 物体 4: FireExt1 (置信度: 0.38)
2026-06-05 15:33:12 [INFO] 检测到车兜区域，将过滤区域外的目标
2026-06-05 15:33:12 [INFO] 车兜区域过滤: 4 -> 3 个目标
2026-06-05 15:33:12 [INFO] 准备保存检测结果到: C:\code\show\Scrap_Steel_In_Field\photos\dangerous_det\detection_20260605_153312.jpg
2026-06-05 15:33:12 [INFO] 图像形状: (2160, 3840, 3)
2026-06-05 15:33:12 [INFO] 图像数据类型: uint8
2026-06-05 15:33:12 [INFO] 图像最大值: 255
2026-06-05 15:33:12 [INFO] 图像最小值: 0
2026-06-05 15:33:12 [INFO] 开始保存检测结果图像: 图像尺寸=(2160, 3840, 3), 类型=uint8, 路径=C:\code\show\Scrap_Steel_In_Field\photos\dangerous_det\detection_20260605_153312.jpg
2026-06-05 15:33:12 [INFO] 成功保存检测结果到: C:\code\show\Scrap_Steel_In_Field\photos\dangerous_det\detection_20260605_153312.jpg
2026-06-05 15:33:12 [INFO] 保存的检测结果文件大小: 2235684 字节
2026-06-05 15:33:12 [INFO] 引擎上下文已释放
2026-06-05 15:33:12 [INFO] TensorRT 引擎已释放
2026-06-05 15:33:12 [INFO] 全局 CUDA 资源已释放
2026-06-05 15:33:12 [INFO] 检测系统资源已释放
2026-06-05 15:33:17 [INFO] CUDA 初始化成功
2026-06-05 15:33:17 [INFO] 引擎加载成功: dangerous.engine
2026-06-05 15:33:17 [INFO] 检测系统初始化成功
2026-06-05 15:33:18 [INFO] 图像预处理完成，原始尺寸: (2160, 3840)
2026-06-05 15:33:18 [INFO] 开始执行目标检测...
2026-06-05 15:33:18 [INFO] 检测完成，找到 3 个物体
2026-06-05 15:33:18 [INFO] 物体 1: GasCyl1 (置信度: 0.83)
2026-06-05 15:33:18 [INFO] 物体 2: GasCyl1 (置信度: 0.56)
2026-06-05 15:33:18 [INFO] 物体 3: FireExt1 (置信度: 0.52)
2026-06-05 15:33:18 [INFO] 检测到车兜区域，将过滤区域外的目标
2026-06-05 15:33:18 [INFO] 车兜区域过滤: 3 -> 2 个目标
2026-06-05 15:33:18 [INFO] 准备保存检测结果到: C:\code\show\Scrap_Steel_In_Field\photos\dangerous_det\detection_20260605_153318.jpg
2026-06-05 15:33:18 [INFO] 图像形状: (2160, 3840, 3)
2026-06-05 15:33:18 [INFO] 图像数据类型: uint8
2026-06-05 15:33:18 [INFO] 图像最大值: 255
2026-06-05 15:33:18 [INFO] 图像最小值: 0
2026-06-05 15:33:18 [INFO] 开始保存检测结果图像: 图像尺寸=(2160, 3840, 3), 类型=uint8, 路径=C:\code\show\Scrap_Steel_In_Field\photos\dangerous_det\detection_20260605_153318.jpg
2026-06-05 15:33:18 [INFO] 成功保存检测结果到: C:\code\show\Scrap_Steel_In_Field\photos\dangerous_det\detection_20260605_153318.jpg
2026-06-05 15:33:18 [INFO] 保存的检测结果文件大小: 2235565 字节
2026-06-05 15:33:18 [INFO] 引擎上下文已释放
2026-06-05 15:33:18 [INFO] TensorRT 引擎已释放
2026-06-05 15:33:18 [INFO] 全局 CUDA 资源已释放
2026-06-05 15:33:18 [INFO] 检测系统资源已释放
2026-06-05 15:33:22 [INFO] CUDA 初始化成功
2026-06-05 15:33:22 [INFO] 引擎加载成功: dangerous.engine
2026-06-05 15:33:22 [INFO] 检测系统初始化成功
2026-06-05 15:33:23 [INFO] 图像预处理完成，原始尺寸: (2160, 3840)
2026-06-05 15:33:23 [INFO] 开始执行目标检测...
2026-06-05 15:33:23 [INFO] 检测完成，找到 3 个物体
2026-06-05 15:33:23 [INFO] 物体 1: GasCyl1 (置信度: 0.82)
2026-06-05 15:33:23 [INFO] 物体 2: GasCyl1 (置信度: 0.65)
2026-06-05 15:33:23 [INFO] 物体 3: FireExt1 (置信度: 0.45)
2026-06-05 15:33:23 [INFO] 检测到车兜区域，将过滤区域外的目标
2026-06-05 15:33:23 [INFO] 车兜区域过滤: 3 -> 2 个目标
2026-06-05 15:33:23 [INFO] 准备保存检测结果到: C:\code\show\Scrap_Steel_In_Field\photos\dangerous_det\detection_20260605_153323.jpg
2026-06-05 15:33:23 [INFO] 图像形状: (2160, 3840, 3)
2026-06-05 15:33:23 [INFO] 图像数据类型: uint8
2026-06-05 15:33:23 [INFO] 图像最大值: 255
2026-06-05 15:33:23 [INFO] 图像最小值: 0
2026-06-05 15:33:23 [INFO] 开始保存检测结果图像: 图像尺寸=(2160, 3840, 3), 类型=uint8, 路径=C:\code\show\Scrap_Steel_In_Field\photos\dangerous_det\detection_20260605_153323.jpg
2026-06-05 15:33:23 [INFO] 成功保存检测结果到: C:\code\show\Scrap_Steel_In_Field\photos\dangerous_det\detection_20260605_153323.jpg
2026-06-05 15:33:23 [INFO] 保存的检测结果文件大小: 2232443 字节
2026-06-05 15:33:23 [INFO] 引擎上下文已释放
2026-06-05 15:33:23 [INFO] TensorRT 引擎已释放
2026-06-05 15:33:23 [INFO] 全局 CUDA 资源已释放
2026-06-05 15:33:23 [INFO] 检测系统资源已释放
2026-06-05 15:33:28 [INFO] CUDA 初始化成功
2026-06-05 15:33:28 [INFO] 引擎加载成功: dangerous.engine
2026-06-05 15:33:28 [INFO] 检测系统初始化成功
2026-06-05 15:33:28 [INFO] 图像预处理完成，原始尺寸: (2160, 3840)
2026-06-05 15:33:28 [INFO] 开始执行目标检测...
2026-06-05 15:33:28 [INFO] 检测完成，找到 3 个物体
2026-06-05 15:33:28 [INFO] 物体 1: GasCyl1 (置信度: 0.85)
2026-06-05 15:33:28 [INFO] 物体 2: GasCyl1 (置信度: 0.65)
2026-06-05 15:33:28 [INFO] 物体 3: FireExt1 (置信度: 0.52)
2026-06-05 15:33:28 [INFO] 检测到车兜区域，将过滤区域外的目标
2026-06-05 15:33:28 [INFO] 车兜区域过滤: 3 -> 2 个目标
2026-06-05 15:33:28 [INFO] 准备保存检测结果到: C:\code\show\Scrap_Steel_In_Field\photos\dangerous_det\detection_20260605_153328.jpg
2026-06-05 15:33:28 [INFO] 图像形状: (2160, 3840, 3)
2026-06-05 15:33:28 [INFO] 图像数据类型: uint8
2026-06-05 15:33:28 [INFO] 图像最大值: 255
2026-06-05 15:33:28 [INFO] 图像最小值: 0
2026-06-05 15:33:28 [INFO] 开始保存检测结果图像: 图像尺寸=(2160, 3840, 3), 类型=uint8, 路径=C:\code\show\Scrap_Steel_In_Field\photos\dangerous_det\detection_20260605_153328.jpg
2026-06-05 15:33:28 [INFO] 成功保存检测结果到: C:\code\show\Scrap_Steel_In_Field\photos\dangerous_det\detection_20260605_153328.jpg
2026-06-05 15:33:28 [INFO] 保存的检测结果文件大小: 2235629 字节
2026-06-05 15:33:28 [INFO] 引擎上下文已释放
2026-06-05 15:33:28 [INFO] TensorRT 引擎已释放
2026-06-05 15:33:28 [INFO] 全局 CUDA 资源已释放
2026-06-05 15:33:28 [INFO] 检测系统资源已释放
2026-06-05 15:33:33 [INFO] CUDA 初始化成功
2026-06-05 15:33:33 [INFO] 引擎加载成功: dangerous.engine
2026-06-05 15:33:33 [INFO] 检测系统初始化成功
2026-06-05 15:33:33 [INFO] 图像预处理完成，原始尺寸: (2160, 3840)
2026-06-05 15:33:33 [INFO] 开始执行目标检测...
2026-06-05 15:33:33 [INFO] 检测完成，找到 4 个物体
2026-06-05 15:33:33 [INFO] 物体 1: GasCyl1 (置信度: 0.80)
2026-06-05 15:33:33 [INFO] 物体 2: GasCyl1 (置信度: 0.55)
2026-06-05 15:33:33 [INFO] 物体 3: FireExt1 (置信度: 0.53)
2026-06-05 15:33:33 [INFO] 物体 4: FireExt1 (置信度: 0.38)
2026-06-05 15:33:33 [INFO] 检测到车兜区域，将过滤区域外的目标
2026-06-05 15:33:33 [INFO] 车兜区域过滤: 4 -> 3 个目标
2026-06-05 15:33:33 [INFO] 准备保存检测结果到: C:\code\show\Scrap_Steel_In_Field\photos\dangerous_det\detection_20260605_153333.jpg
2026-06-05 15:33:33 [INFO] 图像形状: (2160, 3840, 3)
2026-06-05 15:33:33 [INFO] 图像数据类型: uint8
2026-06-05 15:33:33 [INFO] 图像最大值: 255
2026-06-05 15:33:33 [INFO] 图像最小值: 0
2026-06-05 15:33:33 [INFO] 开始保存检测结果图像: 图像尺寸=(2160, 3840, 3), 类型=uint8, 路径=C:\code\show\Scrap_Steel_In_Field\photos\dangerous_det\detection_20260605_153333.jpg
2026-06-05 15:33:33 [INFO] 成功保存检测结果到: C:\code\show\Scrap_Steel_In_Field\photos\dangerous_det\detection_20260605_153333.jpg
2026-06-05 15:33:33 [INFO] 保存的检测结果文件大小: 2233929 字节
2026-06-05 15:33:33 [INFO] 引擎上下文已释放
2026-06-05 15:33:33 [INFO] TensorRT 引擎已释放
2026-06-05 15:33:33 [INFO] 全局 CUDA 资源已释放
2026-06-05 15:33:33 [INFO] 检测系统资源已释放
2026-06-05 15:33:38 [INFO] CUDA 初始化成功
2026-06-05 15:33:38 [INFO] 引擎加载成功: dangerous.engine
2026-06-05 15:33:38 [INFO] 检测系统初始化成功
2026-06-05 15:33:38 [INFO] 图像预处理完成，原始尺寸: (2160, 3840)
2026-06-05 15:33:38 [INFO] 开始执行目标检测...
2026-06-05 15:33:39 [INFO] 检测完成，找到 3 个物体
2026-06-05 15:33:39 [INFO] 物体 1: GasCyl1 (置信度: 0.81)
2026-06-05 15:33:39 [INFO] 物体 2: GasCyl1 (置信度: 0.59)
2026-06-05 15:33:39 [INFO] 物体 3: FireExt1 (置信度: 0.54)
2026-06-05 15:33:39 [INFO] 检测到车兜区域，将过滤区域外的目标
2026-06-05 15:33:39 [INFO] 车兜区域过滤: 3 -> 2 个目标
2026-06-05 15:33:39 [INFO] 准备保存检测结果到: C:\code\show\Scrap_Steel_In_Field\photos\dangerous_det\detection_20260605_153339.jpg
2026-06-05 15:33:39 [INFO] 图像形状: (2160, 3840, 3)
2026-06-05 15:33:39 [INFO] 图像数据类型: uint8
2026-06-05 15:33:39 [INFO] 图像最大值: 255
2026-06-05 15:33:39 [INFO] 图像最小值: 0
2026-06-05 15:33:39 [INFO] 开始保存检测结果图像: 图像尺寸=(2160, 3840, 3), 类型=uint8, 路径=C:\code\show\Scrap_Steel_In_Field\photos\dangerous_det\detection_20260605_153339.jpg
2026-06-05 15:33:39 [INFO] 成功保存检测结果到: C:\code\show\Scrap_Steel_In_Field\photos\dangerous_det\detection_20260605_153339.jpg
2026-06-05 15:33:39 [INFO] 保存的检测结果文件大小: 2232817 字节
2026-06-05 15:33:39 [INFO] 引擎上下文已释放
2026-06-05 15:33:39 [INFO] TensorRT 引擎已释放
2026-06-05 15:33:39 [INFO] 全局 CUDA 资源已释放
2026-06-05 15:33:39 [INFO] 检测系统资源已释放
2026-06-05 15:33:43 [INFO] CUDA 初始化成功
2026-06-05 15:33:43 [INFO] 引擎加载成功: dangerous.engine
2026-06-05 15:33:43 [INFO] 检测系统初始化成功
2026-06-05 15:33:43 [INFO] 图像预处理完成，原始尺寸: (2160, 3840)
2026-06-05 15:33:43 [INFO] 开始执行目标检测...
2026-06-05 15:33:43 [INFO] 检测完成，找到 3 个物体
2026-06-05 15:33:43 [INFO] 物体 1: GasCyl1 (置信度: 0.84)
2026-06-05 15:33:43 [INFO] 物体 2: GasCyl1 (置信度: 0.73)
2026-06-05 15:33:43 [INFO] 物体 3: FireExt1 (置信度: 0.48)
2026-06-05 15:33:43 [INFO] 检测到车兜区域，将过滤区域外的目标
2026-06-05 15:33:43 [INFO] 车兜区域过滤: 3 -> 2 个目标
2026-06-05 15:33:43 [INFO] 准备保存检测结果到: C:\code\show\Scrap_Steel_In_Field\photos\dangerous_det\detection_20260605_153343.jpg
2026-06-05 15:33:43 [INFO] 图像形状: (2160, 3840, 3)
2026-06-05 15:33:43 [INFO] 图像数据类型: uint8
2026-06-05 15:33:43 [INFO] 图像最大值: 255
2026-06-05 15:33:43 [INFO] 图像最小值: 0
2026-06-05 15:33:43 [INFO] 开始保存检测结果图像: 图像尺寸=(2160, 3840, 3), 类型=uint8, 路径=C:\code\show\Scrap_Steel_In_Field\photos\dangerous_det\detection_20260605_153343.jpg
2026-06-05 15:33:43 [INFO] 成功保存检测结果到: C:\code\show\Scrap_Steel_In_Field\photos\dangerous_det\detection_20260605_153343.jpg
2026-06-05 15:33:43 [INFO] 保存的检测结果文件大小: 2232179 字节
2026-06-05 15:33:43 [INFO] 引擎上下文已释放
2026-06-05 15:33:43 [INFO] TensorRT 引擎已释放
2026-06-05 15:33:43 [INFO] 全局 CUDA 资源已释放
2026-06-05 15:33:43 [INFO] 检测系统资源已释放
2026-06-05 15:33:48 [INFO] CUDA 初始化成功
2026-06-05 15:33:48 [INFO] 引擎加载成功: dangerous.engine
2026-06-05 15:33:48 [INFO] 检测系统初始化成功
2026-06-05 15:33:48 [INFO] 图像预处理完成，原始尺寸: (2160, 3840)
2026-06-05 15:33:48 [INFO] 开始执行目标检测...
2026-06-05 15:33:48 [INFO] 检测完成，找到 3 个物体
2026-06-05 15:33:48 [INFO] 物体 1: GasCyl1 (置信度: 0.82)
2026-06-05 15:33:48 [INFO] 物体 2: FireExt1 (置信度: 0.56)
2026-06-05 15:33:48 [INFO] 物体 3: GasCyl1 (置信度: 0.54)
2026-06-05 15:33:48 [INFO] 检测到车兜区域，将过滤区域外的目标
2026-06-05 15:33:48 [INFO] 车兜区域过滤: 3 -> 2 个目标
2026-06-05 15:33:48 [INFO] 准备保存检测结果到: C:\code\show\Scrap_Steel_In_Field\photos\dangerous_det\detection_20260605_153348.jpg
2026-06-05 15:33:48 [INFO] 图像形状: (2160, 3840, 3)
2026-06-05 15:33:48 [INFO] 图像数据类型: uint8
2026-06-05 15:33:48 [INFO] 图像最大值: 255
2026-06-05 15:33:48 [INFO] 图像最小值: 0
2026-06-05 15:33:48 [INFO] 开始保存检测结果图像: 图像尺寸=(2160, 3840, 3), 类型=uint8, 路径=C:\code\show\Scrap_Steel_In_Field\photos\dangerous_det\detection_20260605_153348.jpg
2026-06-05 15:33:48 [INFO] 成功保存检测结果到: C:\code\show\Scrap_Steel_In_Field\photos\dangerous_det\detection_20260605_153348.jpg
2026-06-05 15:33:48 [INFO] 保存的检测结果文件大小: 2231218 字节
2026-06-05 15:33:48 [INFO] 引擎上下文已释放
2026-06-05 15:33:48 [INFO] TensorRT 引擎已释放
2026-06-05 15:33:48 [INFO] 全局 CUDA 资源已释放
2026-06-05 15:33:48 [INFO] 检测系统资源已释放
2026-06-05 15:33:54 [INFO] CUDA 初始化成功
2026-06-05 15:33:54 [INFO] 引擎加载成功: dangerous.engine
2026-06-05 15:33:54 [INFO] 检测系统初始化成功
2026-06-05 15:33:54 [INFO] 图像预处理完成，原始尺寸: (2160, 3840)
2026-06-05 15:33:54 [INFO] 开始执行目标检测...
2026-06-05 15:33:54 [INFO] 检测完成，找到 3 个物体
2026-06-05 15:33:54 [INFO] 物体 1: GasCyl1 (置信度: 0.83)
2026-06-05 15:33:54 [INFO] 物体 2: FireExt1 (置信度: 0.52)
2026-06-05 15:33:54 [INFO] 物体 3: GasCyl1 (置信度: 0.43)
2026-06-05 15:33:54 [INFO] 检测到车兜区域，将过滤区域外的目标
2026-06-05 15:33:54 [INFO] 车兜区域过滤: 3 -> 2 个目标
2026-06-05 15:33:54 [INFO] 准备保存检测结果到: C:\code\show\Scrap_Steel_In_Field\photos\dangerous_det\detection_20260605_153354.jpg
2026-06-05 15:33:54 [INFO] 图像形状: (2160, 3840, 3)
2026-06-05 15:33:54 [INFO] 图像数据类型: uint8
2026-06-05 15:33:54 [INFO] 图像最大值: 255
2026-06-05 15:33:54 [INFO] 图像最小值: 0
2026-06-05 15:33:54 [INFO] 开始保存检测结果图像: 图像尺寸=(2160, 3840, 3), 类型=uint8, 路径=C:\code\show\Scrap_Steel_In_Field\photos\dangerous_det\detection_20260605_153354.jpg
2026-06-05 15:33:54 [INFO] 成功保存检测结果到: C:\code\show\Scrap_Steel_In_Field\photos\dangerous_det\detection_20260605_153354.jpg
2026-06-05 15:33:54 [INFO] 保存的检测结果文件大小: 2233704 字节
2026-06-05 15:33:54 [INFO] 引擎上下文已释放
2026-06-05 15:33:54 [INFO] TensorRT 引擎已释放
2026-06-05 15:33:54 [INFO] 全局 CUDA 资源已释放
2026-06-05 15:33:54 [INFO] 检测系统资源已释放
2026-06-05 15:33:59 [INFO] CUDA 初始化成功
2026-06-05 15:33:59 [INFO] 引擎加载成功: dangerous.engine
2026-06-05 15:33:59 [INFO] 检测系统初始化成功
2026-06-05 15:33:59 [INFO] 图像预处理完成，原始尺寸: (2160, 3840)
2026-06-05 15:33:59 [INFO] 开始执行目标检测...
2026-06-05 15:33:59 [INFO] 检测完成，找到 3 个物体
2026-06-05 15:33:59 [INFO] 物体 1: GasCyl1 (置信度: 0.79)
2026-06-05 15:33:59 [INFO] 物体 2: GasCyl1 (置信度: 0.60)
2026-06-05 15:33:59 [INFO] 物体 3: FireExt1 (置信度: 0.53)
2026-06-05 15:33:59 [INFO] 检测到车兜区域，将过滤区域外的目标
2026-06-05 15:33:59 [INFO] 车兜区域过滤: 3 -> 2 个目标
2026-06-05 15:33:59 [INFO] 准备保存检测结果到: C:\code\show\Scrap_Steel_In_Field\photos\dangerous_det\detection_20260605_153359.jpg
2026-06-05 15:33:59 [INFO] 图像形状: (2160, 3840, 3)
2026-06-05 15:33:59 [INFO] 图像数据类型: uint8
2026-06-05 15:33:59 [INFO] 图像最大值: 255
2026-06-05 15:33:59 [INFO] 图像最小值: 0
2026-06-05 15:33:59 [INFO] 开始保存检测结果图像: 图像尺寸=(2160, 3840, 3), 类型=uint8, 路径=C:\code\show\Scrap_Steel_In_Field\photos\dangerous_det\detection_20260605_153359.jpg
2026-06-05 15:33:59 [INFO] 成功保存检测结果到: C:\code\show\Scrap_Steel_In_Field\photos\dangerous_det\detection_20260605_153359.jpg
2026-06-05 15:33:59 [INFO] 保存的检测结果文件大小: 2233753 字节
2026-06-05 15:33:59 [INFO] 引擎上下文已释放
2026-06-05 15:33:59 [INFO] TensorRT 引擎已释放
2026-06-05 15:33:59 [INFO] 全局 CUDA 资源已释放
2026-06-05 15:33:59 [INFO] 检测系统资源已释放
2026-06-05 15:34:04 [INFO] CUDA 初始化成功
2026-06-05 15:34:04 [INFO] 引擎加载成功: dangerous.engine
2026-06-05 15:34:04 [INFO] 检测系统初始化成功
2026-06-05 15:34:04 [INFO] 图像预处理完成，原始尺寸: (2160, 3840)
2026-06-05 15:34:04 [INFO] 开始执行目标检测...
2026-06-05 15:34:04 [INFO] 检测完成，找到 4 个物体
2026-06-05 15:34:04 [INFO] 物体 1: GasCyl1 (置信度: 0.84)
2026-06-05 15:34:04 [INFO] 物体 2: GasCyl1 (置信度: 0.61)
2026-06-05 15:34:04 [INFO] 物体 3: FireExt1 (置信度: 0.56)
2026-06-05 15:34:04 [INFO] 物体 4: FireExt1 (置信度: 0.38)
2026-06-05 15:34:04 [INFO] 检测到车兜区域，将过滤区域外的目标
2026-06-05 15:34:04 [INFO] 车兜区域过滤: 4 -> 3 个目标
2026-06-05 15:34:04 [INFO] 准备保存检测结果到: C:\code\show\Scrap_Steel_In_Field\photos\dangerous_det\detection_20260605_153404.jpg
2026-06-05 15:34:04 [INFO] 图像形状: (2160, 3840, 3)
2026-06-05 15:34:04 [INFO] 图像数据类型: uint8
2026-06-05 15:34:04 [INFO] 图像最大值: 255
2026-06-05 15:34:04 [INFO] 图像最小值: 0
2026-06-05 15:34:04 [INFO] 开始保存检测结果图像: 图像尺寸=(2160, 3840, 3), 类型=uint8, 路径=C:\code\show\Scrap_Steel_In_Field\photos\dangerous_det\detection_20260605_153404.jpg
2026-06-05 15:34:04 [INFO] 成功保存检测结果到: C:\code\show\Scrap_Steel_In_Field\photos\dangerous_det\detection_20260605_153404.jpg
2026-06-05 15:34:04 [INFO] 保存的检测结果文件大小: 2237569 字节
2026-06-05 15:34:04 [INFO] 引擎上下文已释放
2026-06-05 15:34:04 [INFO] TensorRT 引擎已释放
2026-06-05 15:34:04 [INFO] 全局 CUDA 资源已释放
2026-06-05 15:34:04 [INFO] 检测系统资源已释放
2026-06-05 15:34:09 [INFO] CUDA 初始化成功
2026-06-05 15:34:09 [INFO] 引擎加载成功: dangerous.engine
2026-06-05 15:34:09 [INFO] 检测系统初始化成功
2026-06-05 15:34:09 [INFO] 图像预处理完成，原始尺寸: (2160, 3840)
2026-06-05 15:34:09 [INFO] 开始执行目标检测...
2026-06-05 15:34:09 [INFO] 检测完成，找到 3 个物体
2026-06-05 15:34:09 [INFO] 物体 1: GasCyl1 (置信度: 0.82)
2026-06-05 15:34:09 [INFO] 物体 2: GasCyl1 (置信度: 0.61)
2026-06-05 15:34:09 [INFO] 物体 3: FireExt1 (置信度: 0.55)
2026-06-05 15:34:09 [INFO] 检测到车兜区域，将过滤区域外的目标
2026-06-05 15:34:09 [INFO] 车兜区域过滤: 3 -> 2 个目标
2026-06-05 15:34:09 [INFO] 准备保存检测结果到: C:\code\show\Scrap_Steel_In_Field\photos\dangerous_det\detection_20260605_153409.jpg
2026-06-05 15:34:09 [INFO] 图像形状: (2160, 3840, 3)
2026-06-05 15:34:09 [INFO] 图像数据类型: uint8
2026-06-05 15:34:09 [INFO] 图像最大值: 255
2026-06-05 15:34:09 [INFO] 图像最小值: 0
2026-06-05 15:34:09 [INFO] 开始保存检测结果图像: 图像尺寸=(2160, 3840, 3), 类型=uint8, 路径=C:\code\show\Scrap_Steel_In_Field\photos\dangerous_det\detection_20260605_153409.jpg
2026-06-05 15:34:09 [INFO] 成功保存检测结果到: C:\code\show\Scrap_Steel_In_Field\photos\dangerous_det\detection_20260605_153409.jpg
2026-06-05 15:34:09 [INFO] 保存的检测结果文件大小: 2235882 字节
2026-06-05 15:34:09 [INFO] 引擎上下文已释放
2026-06-05 15:34:09 [INFO] TensorRT 引擎已释放
2026-06-05 15:34:09 [INFO] 全局 CUDA 资源已释放
2026-06-05 15:34:09 [INFO] 检测系统资源已释放
2026-06-05 15:34:14 [INFO] CUDA 初始化成功
2026-06-05 15:34:14 [INFO] 引擎加载成功: dangerous.engine
2026-06-05 15:34:14 [INFO] 检测系统初始化成功
2026-06-05 15:34:15 [INFO] 图像预处理完成，原始尺寸: (2160, 3840)
2026-06-05 15:34:15 [INFO] 开始执行目标检测...
2026-06-05 15:34:15 [INFO] 检测完成，找到 3 个物体
2026-06-05 15:34:15 [INFO] 物体 1: GasCyl1 (置信度: 0.83)
2026-06-05 15:34:15 [INFO] 物体 2: GasCyl1 (置信度: 0.70)
2026-06-05 15:34:15 [INFO] 物体 3: FireExt1 (置信度: 0.56)
2026-06-05 15:34:15 [INFO] 检测到车兜区域，将过滤区域外的目标
2026-06-05 15:34:15 [INFO] 车兜区域过滤: 3 -> 2 个目标
2026-06-05 15:34:15 [INFO] 准备保存检测结果到: C:\code\show\Scrap_Steel_In_Field\photos\dangerous_det\detection_20260605_153415.jpg
2026-06-05 15:34:15 [INFO] 图像形状: (2160, 3840, 3)
2026-06-05 15:34:15 [INFO] 图像数据类型: uint8
2026-06-05 15:34:15 [INFO] 图像最大值: 255
2026-06-05 15:34:15 [INFO] 图像最小值: 0
2026-06-05 15:34:15 [INFO] 开始保存检测结果图像: 图像尺寸=(2160, 3840, 3), 类型=uint8, 路径=C:\code\show\Scrap_Steel_In_Field\photos\dangerous_det\detection_20260605_153415.jpg
2026-06-05 15:34:15 [INFO] 成功保存检测结果到: C:\code\show\Scrap_Steel_In_Field\photos\dangerous_det\detection_20260605_153415.jpg
2026-06-05 15:34:15 [INFO] 保存的检测结果文件大小: 2233504 字节
2026-06-05 15:34:15 [INFO] 引擎上下文已释放
2026-06-05 15:34:15 [INFO] TensorRT 引擎已释放
2026-06-05 15:34:15 [INFO] 全局 CUDA 资源已释放
2026-06-05 15:34:15 [INFO] 检测系统资源已释放
2026-06-05 15:34:19 [INFO] CUDA 初始化成功
2026-06-05 15:34:19 [INFO] 引擎加载成功: dangerous.engine
2026-06-05 15:34:19 [INFO] 检测系统初始化成功
2026-06-05 15:34:20 [INFO] 图像预处理完成，原始尺寸: (2160, 3840)
2026-06-05 15:34:20 [INFO] 开始执行目标检测...
2026-06-05 15:34:20 [INFO] 检测完成，找到 3 个物体
2026-06-05 15:34:20 [INFO] 物体 1: GasCyl1 (置信度: 0.82)
2026-06-05 15:34:20 [INFO] 物体 2: GasCyl1 (置信度: 0.62)
2026-06-05 15:34:20 [INFO] 物体 3: FireExt1 (置信度: 0.54)
2026-06-05 15:34:20 [INFO] 检测到车兜区域，将过滤区域外的目标
2026-06-05 15:34:20 [INFO] 车兜区域过滤: 3 -> 2 个目标
2026-06-05 15:34:20 [INFO] 准备保存检测结果到: C:\code\show\Scrap_Steel_In_Field\photos\dangerous_det\detection_20260605_153420.jpg
2026-06-05 15:34:20 [INFO] 图像形状: (2160, 3840, 3)
2026-06-05 15:34:20 [INFO] 图像数据类型: uint8
2026-06-05 15:34:20 [INFO] 图像最大值: 255
2026-06-05 15:34:20 [INFO] 图像最小值: 0
2026-06-05 15:34:20 [INFO] 开始保存检测结果图像: 图像尺寸=(2160, 3840, 3), 类型=uint8, 路径=C:\code\show\Scrap_Steel_In_Field\photos\dangerous_det\detection_20260605_153420.jpg
2026-06-05 15:34:20 [INFO] 成功保存检测结果到: C:\code\show\Scrap_Steel_In_Field\photos\dangerous_det\detection_20260605_153420.jpg
2026-06-05 15:34:20 [INFO] 保存的检测结果文件大小: 2233785 字节
2026-06-05 15:34:20 [INFO] 引擎上下文已释放
2026-06-05 15:34:20 [INFO] TensorRT 引擎已释放
2026-06-05 15:34:20 [INFO] 全局 CUDA 资源已释放
2026-06-05 15:34:20 [INFO] 检测系统资源已释放
2026-06-05 15:34:25 [INFO] CUDA 初始化成功
2026-06-05 15:34:25 [INFO] 引擎加载成功: dangerous.engine
2026-06-05 15:34:25 [INFO] 检测系统初始化成功
2026-06-05 15:34:25 [INFO] 图像预处理完成，原始尺寸: (2160, 3840)
2026-06-05 15:34:25 [INFO] 开始执行目标检测...
2026-06-05 15:34:25 [INFO] 检测完成，找到 4 个物体
2026-06-05 15:34:25 [INFO] 物体 1: GasCyl1 (置信度: 0.82)
2026-06-05 15:34:25 [INFO] 物体 2: FireExt1 (置信度: 0.57)
2026-06-05 15:34:25 [INFO] 物体 3: GasCyl1 (置信度: 0.52)
2026-06-05 15:34:25 [INFO] 物体 4: FireExt1 (置信度: 0.37)
2026-06-05 15:34:25 [INFO] 检测到车兜区域，将过滤区域外的目标
2026-06-05 15:34:25 [INFO] 车兜区域过滤: 4 -> 3 个目标
2026-06-05 15:34:25 [INFO] 准备保存检测结果到: C:\code\show\Scrap_Steel_In_Field\photos\dangerous_det\detection_20260605_153425.jpg
2026-06-05 15:34:25 [INFO] 图像形状: (2160, 3840, 3)
2026-06-05 15:34:25 [INFO] 图像数据类型: uint8
2026-06-05 15:34:25 [INFO] 图像最大值: 255
2026-06-05 15:34:25 [INFO] 图像最小值: 0
2026-06-05 15:34:25 [INFO] 开始保存检测结果图像: 图像尺寸=(2160, 3840, 3), 类型=uint8, 路径=C:\code\show\Scrap_Steel_In_Field\photos\dangerous_det\detection_20260605_153425.jpg
2026-06-05 15:34:25 [INFO] 成功保存检测结果到: C:\code\show\Scrap_Steel_In_Field\photos\dangerous_det\detection_20260605_153425.jpg
2026-06-05 15:34:25 [INFO] 保存的检测结果文件大小: 2235414 字节
2026-06-05 15:34:25 [INFO] 引擎上下文已释放
2026-06-05 15:34:25 [INFO] TensorRT 引擎已释放
2026-06-05 15:34:25 [INFO] 全局 CUDA 资源已释放
2026-06-05 15:34:25 [INFO] 检测系统资源已释放
2026-06-05 15:34:30 [INFO] CUDA 初始化成功
2026-06-05 15:34:30 [INFO] 引擎加载成功: dangerous.engine
2026-06-05 15:34:30 [INFO] 检测系统初始化成功
2026-06-05 15:34:30 [INFO] 图像预处理完成，原始尺寸: (2160, 3840)
2026-06-05 15:34:30 [INFO] 开始执行目标检测...
2026-06-05 15:34:30 [INFO] 检测完成，找到 3 个物体
2026-06-05 15:34:30 [INFO] 物体 1: GasCyl1 (置信度: 0.82)
2026-06-05 15:34:30 [INFO] 物体 2: GasCyl1 (置信度: 0.60)
2026-06-05 15:34:30 [INFO] 物体 3: FireExt1 (置信度: 0.56)
2026-06-05 15:34:30 [INFO] 检测到车兜区域，将过滤区域外的目标
2026-06-05 15:34:30 [INFO] 车兜区域过滤: 3 -> 2 个目标
2026-06-05 15:34:30 [INFO] 准备保存检测结果到: C:\code\show\Scrap_Steel_In_Field\photos\dangerous_det\detection_20260605_153430.jpg
2026-06-05 15:34:30 [INFO] 图像形状: (2160, 3840, 3)
2026-06-05 15:34:30 [INFO] 图像数据类型: uint8
2026-06-05 15:34:30 [INFO] 图像最大值: 255
2026-06-05 15:34:30 [INFO] 图像最小值: 0
2026-06-05 15:34:30 [INFO] 开始保存检测结果图像: 图像尺寸=(2160, 3840, 3), 类型=uint8, 路径=C:\code\show\Scrap_Steel_In_Field\photos\dangerous_det\detection_20260605_153430.jpg
2026-06-05 15:34:30 [INFO] 成功保存检测结果到: C:\code\show\Scrap_Steel_In_Field\photos\dangerous_det\detection_20260605_153430.jpg
2026-06-05 15:34:30 [INFO] 保存的检测结果文件大小: 2234256 字节
2026-06-05 15:34:30 [INFO] 引擎上下文已释放
2026-06-05 15:34:30 [INFO] TensorRT 引擎已释放
2026-06-05 15:34:30 [INFO] 全局 CUDA 资源已释放
2026-06-05 15:34:30 [INFO] 检测系统资源已释放
2026-06-05 15:34:35 [INFO] CUDA 初始化成功
2026-06-05 15:34:35 [INFO] 引擎加载成功: dangerous.engine
2026-06-05 15:34:35 [INFO] 检测系统初始化成功
2026-06-05 15:34:35 [INFO] 图像预处理完成，原始尺寸: (2160, 3840)
2026-06-05 15:34:35 [INFO] 开始执行目标检测...
2026-06-05 15:34:35 [INFO] 检测完成，找到 3 个物体
2026-06-05 15:34:35 [INFO] 物体 1: GasCyl1 (置信度: 0.84)
2026-06-05 15:34:35 [INFO] 物体 2: GasCyl1 (置信度: 0.65)
2026-06-05 15:34:35 [INFO] 物体 3: FireExt1 (置信度: 0.52)
2026-06-05 15:34:35 [INFO] 检测到车兜区域，将过滤区域外的目标
2026-06-05 15:34:35 [INFO] 车兜区域过滤: 3 -> 2 个目标
2026-06-05 15:34:35 [INFO] 准备保存检测结果到: C:\code\show\Scrap_Steel_In_Field\photos\dangerous_det\detection_20260605_153435.jpg
2026-06-05 15:34:35 [INFO] 图像形状: (2160, 3840, 3)
2026-06-05 15:34:35 [INFO] 图像数据类型: uint8
2026-06-05 15:34:35 [INFO] 图像最大值: 255
2026-06-05 15:34:35 [INFO] 图像最小值: 0
2026-06-05 15:34:35 [INFO] 开始保存检测结果图像: 图像尺寸=(2160, 3840, 3), 类型=uint8, 路径=C:\code\show\Scrap_Steel_In_Field\photos\dangerous_det\detection_20260605_153435.jpg
2026-06-05 15:34:35 [INFO] 成功保存检测结果到: C:\code\show\Scrap_Steel_In_Field\photos\dangerous_det\detection_20260605_153435.jpg
2026-06-05 15:34:35 [INFO] 保存的检测结果文件大小: 2231908 字节
2026-06-05 15:34:35 [INFO] 引擎上下文已释放
2026-06-05 15:34:35 [INFO] TensorRT 引擎已释放
2026-06-05 15:34:35 [INFO] 全局 CUDA 资源已释放
2026-06-05 15:34:35 [INFO] 检测系统资源已释放
2026-06-05 15:34:40 [INFO] CUDA 初始化成功
2026-06-05 15:34:40 [INFO] 引擎加载成功: dangerous.engine
2026-06-05 15:34:40 [INFO] 检测系统初始化成功
2026-06-05 15:34:40 [INFO] 图像预处理完成，原始尺寸: (2160, 3840)
2026-06-05 15:34:40 [INFO] 开始执行目标检测...
2026-06-05 15:34:40 [INFO] 检测完成，找到 4 个物体
2026-06-05 15:34:40 [INFO] 物体 1: GasCyl1 (置信度: 0.84)
2026-06-05 15:34:40 [INFO] 物体 2: GasCyl1 (置信度: 0.53)
2026-06-05 15:34:40 [INFO] 物体 3: FireExt1 (置信度: 0.53)
2026-06-05 15:34:40 [INFO] 物体 4: FireExt1 (置信度: 0.36)
2026-06-05 15:34:40 [INFO] 检测到车兜区域，将过滤区域外的目标
2026-06-05 15:34:40 [INFO] 车兜区域过滤: 4 -> 3 个目标
2026-06-05 15:34:40 [INFO] 准备保存检测结果到: C:\code\show\Scrap_Steel_In_Field\photos\dangerous_det\detection_20260605_153440.jpg
2026-06-05 15:34:40 [INFO] 图像形状: (2160, 3840, 3)
2026-06-05 15:34:40 [INFO] 图像数据类型: uint8
2026-06-05 15:34:40 [INFO] 图像最大值: 255
2026-06-05 15:34:40 [INFO] 图像最小值: 0
2026-06-05 15:34:40 [INFO] 开始保存检测结果图像: 图像尺寸=(2160, 3840, 3), 类型=uint8, 路径=C:\code\show\Scrap_Steel_In_Field\photos\dangerous_det\detection_20260605_153440.jpg
2026-06-05 15:34:40 [INFO] 成功保存检测结果到: C:\code\show\Scrap_Steel_In_Field\photos\dangerous_det\detection_20260605_153440.jpg
2026-06-05 15:34:40 [INFO] 保存的检测结果文件大小: 2238498 字节
2026-06-05 15:34:40 [INFO] 引擎上下文已释放
2026-06-05 15:34:40 [INFO] TensorRT 引擎已释放
2026-06-05 15:34:40 [INFO] 全局 CUDA 资源已释放
2026-06-05 15:34:40 [INFO] 检测系统资源已释放
2026-06-05 15:34:45 [INFO] CUDA 初始化成功
2026-06-05 15:34:45 [INFO] 引擎加载成功: dangerous.engine
2026-06-05 15:34:45 [INFO] 检测系统初始化成功
2026-06-05 15:34:45 [INFO] 图像预处理完成，原始尺寸: (2160, 3840)
2026-06-05 15:34:45 [INFO] 开始执行目标检测...
2026-06-05 15:34:45 [INFO] 检测完成，找到 3 个物体
2026-06-05 15:34:45 [INFO] 物体 1: GasCyl1 (置信度: 0.83)
2026-06-05 15:34:45 [INFO] 物体 2: GasCyl1 (置信度: 0.54)
2026-06-05 15:34:45 [INFO] 物体 3: FireExt1 (置信度: 0.52)
2026-06-05 15:34:45 [INFO] 检测到车兜区域，将过滤区域外的目标
2026-06-05 15:34:45 [INFO] 车兜区域过滤: 3 -> 2 个目标
2026-06-05 15:34:45 [INFO] 准备保存检测结果到: C:\code\show\Scrap_Steel_In_Field\photos\dangerous_det\detection_20260605_153445.jpg
2026-06-05 15:34:45 [INFO] 图像形状: (2160, 3840, 3)
2026-06-05 15:34:45 [INFO] 图像数据类型: uint8
2026-06-05 15:34:45 [INFO] 图像最大值: 255
2026-06-05 15:34:45 [INFO] 图像最小值: 0
2026-06-05 15:34:45 [INFO] 开始保存检测结果图像: 图像尺寸=(2160, 3840, 3), 类型=uint8, 路径=C:\code\show\Scrap_Steel_In_Field\photos\dangerous_det\detection_20260605_153445.jpg
2026-06-05 15:34:45 [INFO] 成功保存检测结果到: C:\code\show\Scrap_Steel_In_Field\photos\dangerous_det\detection_20260605_153445.jpg
2026-06-05 15:34:45 [INFO] 保存的检测结果文件大小: 2233037 字节
2026-06-05 15:34:45 [INFO] 引擎上下文已释放
2026-06-05 15:34:45 [INFO] TensorRT 引擎已释放
2026-06-05 15:34:46 [INFO] 全局 CUDA 资源已释放
2026-06-05 15:34:46 [INFO] 检测系统资源已释放
2026-06-05 15:34:50 [INFO] CUDA 初始化成功
2026-06-05 15:34:50 [INFO] 引擎加载成功: dangerous.engine
2026-06-05 15:34:50 [INFO] 检测系统初始化成功
2026-06-05 15:34:50 [INFO] 图像预处理完成，原始尺寸: (2160, 3840)
2026-06-05 15:34:50 [INFO] 开始执行目标检测...
2026-06-05 15:34:50 [INFO] 检测完成，找到 3 个物体
2026-06-05 15:34:50 [INFO] 物体 1: GasCyl1 (置信度: 0.83)
2026-06-05 15:34:50 [INFO] 物体 2: GasCyl1 (置信度: 0.76)
2026-06-05 15:34:50 [INFO] 物体 3: FireExt1 (置信度: 0.54)
2026-06-05 15:34:50 [INFO] 检测到车兜区域，将过滤区域外的目标
2026-06-05 15:34:50 [INFO] 车兜区域过滤: 3 -> 2 个目标
2026-06-05 15:34:50 [INFO] 准备保存检测结果到: C:\code\show\Scrap_Steel_In_Field\photos\dangerous_det\detection_20260605_153450.jpg
2026-06-05 15:34:50 [INFO] 图像形状: (2160, 3840, 3)
2026-06-05 15:34:50 [INFO] 图像数据类型: uint8
2026-06-05 15:34:50 [INFO] 图像最大值: 255
2026-06-05 15:34:50 [INFO] 图像最小值: 0
2026-06-05 15:34:50 [INFO] 开始保存检测结果图像: 图像尺寸=(2160, 3840, 3), 类型=uint8, 路径=C:\code\show\Scrap_Steel_In_Field\photos\dangerous_det\detection_20260605_153450.jpg
2026-06-05 15:34:50 [INFO] 成功保存检测结果到: C:\code\show\Scrap_Steel_In_Field\photos\dangerous_det\detection_20260605_153450.jpg
2026-06-05 15:34:50 [INFO] 保存的检测结果文件大小: 2232777 字节
2026-06-05 15:34:50 [INFO] 引擎上下文已释放
2026-06-05 15:34:50 [INFO] TensorRT 引擎已释放
2026-06-05 15:34:51 [INFO] 全局 CUDA 资源已释放
2026-06-05 15:34:51 [INFO] 检测系统资源已释放
2026-06-05 15:34:56 [INFO] CUDA 初始化成功
2026-06-05 15:34:56 [INFO] 引擎加载成功: dangerous.engine
2026-06-05 15:34:56 [INFO] 检测系统初始化成功
2026-06-05 15:34:56 [INFO] 图像预处理完成，原始尺寸: (2160, 3840)
2026-06-05 15:34:56 [INFO] 开始执行目标检测...
2026-06-05 15:34:56 [INFO] 检测完成，找到 3 个物体
2026-06-05 15:34:56 [INFO] 物体 1: GasCyl1 (置信度: 0.81)
2026-06-05 15:34:56 [INFO] 物体 2: GasCyl1 (置信度: 0.63)
2026-06-05 15:34:56 [INFO] 物体 3: FireExt1 (置信度: 0.57)
2026-06-05 15:34:56 [INFO] 检测到车兜区域，将过滤区域外的目标
2026-06-05 15:34:56 [INFO] 车兜区域过滤: 3 -> 2 个目标
2026-06-05 15:34:56 [INFO] 准备保存检测结果到: C:\code\show\Scrap_Steel_In_Field\photos\dangerous_det\detection_20260605_153456.jpg
2026-06-05 15:34:56 [INFO] 图像形状: (2160, 3840, 3)
2026-06-05 15:34:56 [INFO] 图像数据类型: uint8
2026-06-05 15:34:56 [INFO] 图像最大值: 255
2026-06-05 15:34:56 [INFO] 图像最小值: 0
2026-06-05 15:34:56 [INFO] 开始保存检测结果图像: 图像尺寸=(2160, 3840, 3), 类型=uint8, 路径=C:\code\show\Scrap_Steel_In_Field\photos\dangerous_det\detection_20260605_153456.jpg
2026-06-05 15:34:56 [INFO] 成功保存检测结果到: C:\code\show\Scrap_Steel_In_Field\photos\dangerous_det\detection_20260605_153456.jpg
2026-06-05 15:34:56 [INFO] 保存的检测结果文件大小: 2232123 字节
2026-06-05 15:34:56 [INFO] 引擎上下文已释放
2026-06-05 15:34:56 [INFO] TensorRT 引擎已释放
2026-06-05 15:34:56 [INFO] 全局 CUDA 资源已释放
2026-06-05 15:34:56 [INFO] 检测系统资源已释放
2026-06-05 15:35:01 [INFO] CUDA 初始化成功
2026-06-05 15:35:01 [INFO] 引擎加载成功: dangerous.engine
2026-06-05 15:35:01 [INFO] 检测系统初始化成功
2026-06-05 15:35:01 [INFO] 图像预处理完成，原始尺寸: (2160, 3840)
2026-06-05 15:35:01 [INFO] 开始执行目标检测...
2026-06-05 15:35:01 [INFO] 检测完成，找到 3 个物体
2026-06-05 15:35:01 [INFO] 物体 1: GasCyl1 (置信度: 0.84)
2026-06-05 15:35:01 [INFO] 物体 2: GasCyl1 (置信度: 0.59)
2026-06-05 15:35:01 [INFO] 物体 3: FireExt1 (置信度: 0.56)
2026-06-05 15:35:01 [INFO] 检测到车兜区域，将过滤区域外的目标
2026-06-05 15:35:01 [INFO] 车兜区域过滤: 3 -> 2 个目标
2026-06-05 15:35:01 [INFO] 准备保存检测结果到: C:\code\show\Scrap_Steel_In_Field\photos\dangerous_det\detection_20260605_153501.jpg
2026-06-05 15:35:01 [INFO] 图像形状: (2160, 3840, 3)
2026-06-05 15:35:01 [INFO] 图像数据类型: uint8
2026-06-05 15:35:01 [INFO] 图像最大值: 255
2026-06-05 15:35:01 [INFO] 图像最小值: 0
2026-06-05 15:35:01 [INFO] 开始保存检测结果图像: 图像尺寸=(2160, 3840, 3), 类型=uint8, 路径=C:\code\show\Scrap_Steel_In_Field\photos\dangerous_det\detection_20260605_153501.jpg
2026-06-05 15:35:01 [INFO] 成功保存检测结果到: C:\code\show\Scrap_Steel_In_Field\photos\dangerous_det\detection_20260605_153501.jpg
2026-06-05 15:35:01 [INFO] 保存的检测结果文件大小: 2230237 字节
2026-06-05 15:35:01 [INFO] 引擎上下文已释放
2026-06-05 15:35:01 [INFO] TensorRT 引擎已释放
2026-06-05 15:35:01 [INFO] 全局 CUDA 资源已释放
2026-06-05 15:35:01 [INFO] 检测系统资源已释放
2026-06-05 15:35:06 [INFO] CUDA 初始化成功
2026-06-05 15:35:06 [INFO] 引擎加载成功: dangerous.engine
2026-06-05 15:35:06 [INFO] 检测系统初始化成功
2026-06-05 15:35:06 [INFO] 图像预处理完成，原始尺寸: (2160, 3840)
2026-06-05 15:35:06 [INFO] 开始执行目标检测...
2026-06-05 15:35:06 [INFO] 检测完成，找到 3 个物体
2026-06-05 15:35:06 [INFO] 物体 1: GasCyl1 (置信度: 0.83)
2026-06-05 15:35:06 [INFO] 物体 2: GasCyl1 (置信度: 0.57)
2026-06-05 15:35:06 [INFO] 物体 3: FireExt1 (置信度: 0.47)
2026-06-05 15:35:06 [INFO] 检测到车兜区域，将过滤区域外的目标
2026-06-05 15:35:06 [INFO] 车兜区域过滤: 3 -> 2 个目标
2026-06-05 15:35:06 [INFO] 准备保存检测结果到: C:\code\show\Scrap_Steel_In_Field\photos\dangerous_det\detection_20260605_153506.jpg
2026-06-05 15:35:06 [INFO] 图像形状: (2160, 3840, 3)
2026-06-05 15:35:06 [INFO] 图像数据类型: uint8
2026-06-05 15:35:06 [INFO] 图像最大值: 255
2026-06-05 15:35:06 [INFO] 图像最小值: 0
2026-06-05 15:35:06 [INFO] 开始保存检测结果图像: 图像尺寸=(2160, 3840, 3), 类型=uint8, 路径=C:\code\show\Scrap_Steel_In_Field\photos\dangerous_det\detection_20260605_153506.jpg
2026-06-05 15:35:06 [INFO] 成功保存检测结果到: C:\code\show\Scrap_Steel_In_Field\photos\dangerous_det\detection_20260605_153506.jpg
2026-06-05 15:35:06 [INFO] 保存的检测结果文件大小: 2196029 字节
2026-06-05 15:35:06 [INFO] 引擎上下文已释放
2026-06-05 15:35:06 [INFO] TensorRT 引擎已释放
2026-06-05 15:35:06 [INFO] 全局 CUDA 资源已释放
2026-06-05 15:35:06 [INFO] 检测系统资源已释放
2026-06-05 15:35:11 [INFO] CUDA 初始化成功
2026-06-05 15:35:11 [INFO] 引擎加载成功: dangerous.engine
2026-06-05 15:35:11 [INFO] 检测系统初始化成功
2026-06-05 15:35:11 [INFO] 图像预处理完成，原始尺寸: (2160, 3840)
2026-06-05 15:35:11 [INFO] 开始执行目标检测...
2026-06-05 15:35:11 [INFO] 检测完成，找到 3 个物体
2026-06-05 15:35:11 [INFO] 物体 1: GasCyl1 (置信度: 0.81)
2026-06-05 15:35:11 [INFO] 物体 2: GasCyl1 (置信度: 0.60)
2026-06-05 15:35:11 [INFO] 物体 3: FireExt1 (置信度: 0.55)
2026-06-05 15:35:11 [INFO] 检测到车兜区域，将过滤区域外的目标
2026-06-05 15:35:11 [INFO] 车兜区域过滤: 3 -> 2 个目标
2026-06-05 15:35:11 [INFO] 准备保存检测结果到: C:\code\show\Scrap_Steel_In_Field\photos\dangerous_det\detection_20260605_153511.jpg
2026-06-05 15:35:11 [INFO] 图像形状: (2160, 3840, 3)
2026-06-05 15:35:11 [INFO] 图像数据类型: uint8
2026-06-05 15:35:11 [INFO] 图像最大值: 255
2026-06-05 15:35:11 [INFO] 图像最小值: 0
2026-06-05 15:35:11 [INFO] 开始保存检测结果图像: 图像尺寸=(2160, 3840, 3), 类型=uint8, 路径=C:\code\show\Scrap_Steel_In_Field\photos\dangerous_det\detection_20260605_153511.jpg
2026-06-05 15:35:11 [INFO] 成功保存检测结果到: C:\code\show\Scrap_Steel_In_Field\photos\dangerous_det\detection_20260605_153511.jpg
2026-06-05 15:35:11 [INFO] 保存的检测结果文件大小: 2213616 字节
2026-06-05 15:35:11 [INFO] 引擎上下文已释放
2026-06-05 15:35:11 [INFO] TensorRT 引擎已释放
2026-06-05 15:35:12 [INFO] 全局 CUDA 资源已释放
2026-06-05 15:35:12 [INFO] 检测系统资源已释放
2026-06-05 15:35:16 [INFO] CUDA 初始化成功
2026-06-05 15:35:16 [INFO] 引擎加载成功: dangerous.engine
2026-06-05 15:35:16 [INFO] 检测系统初始化成功
2026-06-05 15:35:16 [INFO] 图像预处理完成，原始尺寸: (2160, 3840)
2026-06-05 15:35:16 [INFO] 开始执行目标检测...
2026-06-05 15:35:16 [INFO] 检测完成，找到 4 个物体
2026-06-05 15:35:16 [INFO] 物体 1: GasCyl1 (置信度: 0.83)
2026-06-05 15:35:16 [INFO] 物体 2: GasCyl1 (置信度: 0.67)
2026-06-05 15:35:16 [INFO] 物体 3: FireExt1 (置信度: 0.54)
2026-06-05 15:35:16 [INFO] 物体 4: FireExt1 (置信度: 0.36)
2026-06-05 15:35:16 [INFO] 检测到车兜区域，将过滤区域外的目标
2026-06-05 15:35:16 [INFO] 车兜区域过滤: 4 -> 3 个目标
2026-06-05 15:35:16 [INFO] 准备保存检测结果到: C:\code\show\Scrap_Steel_In_Field\photos\dangerous_det\detection_20260605_153516.jpg
2026-06-05 15:35:16 [INFO] 图像形状: (2160, 3840, 3)
2026-06-05 15:35:16 [INFO] 图像数据类型: uint8
2026-06-05 15:35:16 [INFO] 图像最大值: 255
2026-06-05 15:35:16 [INFO] 图像最小值: 0
2026-06-05 15:35:16 [INFO] 开始保存检测结果图像: 图像尺寸=(2160, 3840, 3), 类型=uint8, 路径=C:\code\show\Scrap_Steel_In_Field\photos\dangerous_det\detection_20260605_153516.jpg
2026-06-05 15:35:16 [INFO] 成功保存检测结果到: C:\code\show\Scrap_Steel_In_Field\photos\dangerous_det\detection_20260605_153516.jpg
2026-06-05 15:35:16 [INFO] 保存的检测结果文件大小: 2235857 字节
2026-06-05 15:35:16 [INFO] 引擎上下文已释放
2026-06-05 15:35:16 [INFO] TensorRT 引擎已释放
2026-06-05 15:35:17 [INFO] 全局 CUDA 资源已释放
2026-06-05 15:35:17 [INFO] 检测系统资源已释放
2026-06-05 15:35:22 [INFO] CUDA 初始化成功
2026-06-05 15:35:22 [INFO] 引擎加载成功: dangerous.engine
2026-06-05 15:35:22 [INFO] 检测系统初始化成功
2026-06-05 15:35:22 [INFO] 图像预处理完成，原始尺寸: (2160, 3840)
2026-06-05 15:35:22 [INFO] 开始执行目标检测...
2026-06-05 15:35:22 [INFO] 检测完成，找到 3 个物体
2026-06-05 15:35:22 [INFO] 物体 1: GasCyl1 (置信度: 0.85)
2026-06-05 15:35:22 [INFO] 物体 2: FireExt1 (置信度: 0.56)
2026-06-05 15:35:22 [INFO] 物体 3: GasCyl1 (置信度: 0.42)
2026-06-05 15:35:22 [INFO] 检测到车兜区域，将过滤区域外的目标
2026-06-05 15:35:22 [INFO] 车兜区域过滤: 3 -> 2 个目标
2026-06-05 15:35:22 [INFO] 准备保存检测结果到: C:\code\show\Scrap_Steel_In_Field\photos\dangerous_det\detection_20260605_153522.jpg
2026-06-05 15:35:22 [INFO] 图像形状: (2160, 3840, 3)
2026-06-05 15:35:22 [INFO] 图像数据类型: uint8
2026-06-05 15:35:22 [INFO] 图像最大值: 255
2026-06-05 15:35:22 [INFO] 图像最小值: 0
2026-06-05 15:35:22 [INFO] 开始保存检测结果图像: 图像尺寸=(2160, 3840, 3), 类型=uint8, 路径=C:\code\show\Scrap_Steel_In_Field\photos\dangerous_det\detection_20260605_153522.jpg
2026-06-05 15:35:22 [INFO] 成功保存检测结果到: C:\code\show\Scrap_Steel_In_Field\photos\dangerous_det\detection_20260605_153522.jpg
2026-06-05 15:35:22 [INFO] 保存的检测结果文件大小: 2230570 字节
2026-06-05 15:35:22 [INFO] 引擎上下文已释放
2026-06-05 15:35:22 [INFO] TensorRT 引擎已释放
2026-06-05 15:35:22 [INFO] 全局 CUDA 资源已释放
2026-06-05 15:35:22 [INFO] 检测系统资源已释放
2026-06-05 15:35:27 [INFO] CUDA 初始化成功
2026-06-05 15:35:27 [INFO] 引擎加载成功: dangerous.engine
2026-06-05 15:35:27 [INFO] 检测系统初始化成功
2026-06-05 15:35:27 [INFO] 图像预处理完成，原始尺寸: (2160, 3840)
2026-06-05 15:35:27 [INFO] 开始执行目标检测...
2026-06-05 15:35:27 [INFO] 检测完成，找到 3 个物体
2026-06-05 15:35:27 [INFO] 物体 1: GasCyl1 (置信度: 0.82)
2026-06-05 15:35:27 [INFO] 物体 2: GasCyl1 (置信度: 0.63)
2026-06-05 15:35:27 [INFO] 物体 3: FireExt1 (置信度: 0.54)
2026-06-05 15:35:27 [INFO] 检测到车兜区域，将过滤区域外的目标
2026-06-05 15:35:27 [INFO] 车兜区域过滤: 3 -> 2 个目标
2026-06-05 15:35:27 [INFO] 准备保存检测结果到: C:\code\show\Scrap_Steel_In_Field\photos\dangerous_det\detection_20260605_153527.jpg
2026-06-05 15:35:27 [INFO] 图像形状: (2160, 3840, 3)
2026-06-05 15:35:27 [INFO] 图像数据类型: uint8
2026-06-05 15:35:27 [INFO] 图像最大值: 255
2026-06-05 15:35:27 [INFO] 图像最小值: 0
2026-06-05 15:35:27 [INFO] 开始保存检测结果图像: 图像尺寸=(2160, 3840, 3), 类型=uint8, 路径=C:\code\show\Scrap_Steel_In_Field\photos\dangerous_det\detection_20260605_153527.jpg
2026-06-05 15:35:27 [INFO] 成功保存检测结果到: C:\code\show\Scrap_Steel_In_Field\photos\dangerous_det\detection_20260605_153527.jpg
2026-06-05 15:35:27 [INFO] 保存的检测结果文件大小: 2233053 字节
2026-06-05 15:35:27 [INFO] 引擎上下文已释放
2026-06-05 15:35:27 [INFO] TensorRT 引擎已释放
2026-06-05 15:35:27 [INFO] 全局 CUDA 资源已释放
2026-06-05 15:35:27 [INFO] 检测系统资源已释放
2026-06-05 15:35:32 [INFO] CUDA 初始化成功
2026-06-05 15:35:32 [INFO] 引擎加载成功: dangerous.engine
2026-06-05 15:35:32 [INFO] 检测系统初始化成功
2026-06-05 15:35:33 [INFO] 图像预处理完成，原始尺寸: (2160, 3840)
2026-06-05 15:35:33 [INFO] 开始执行目标检测...
2026-06-05 15:35:33 [INFO] 检测完成，找到 4 个物体
2026-06-05 15:35:33 [INFO] 物体 1: GasCyl1 (置信度: 0.81)
2026-06-05 15:35:33 [INFO] 物体 2: GasCyl1 (置信度: 0.63)
2026-06-05 15:35:33 [INFO] 物体 3: FireExt1 (置信度: 0.53)
2026-06-05 15:35:33 [INFO] 物体 4: FireExt1 (置信度: 0.37)
2026-06-05 15:35:33 [INFO] 检测到车兜区域，将过滤区域外的目标
2026-06-05 15:35:33 [INFO] 车兜区域过滤: 4 -> 3 个目标
2026-06-05 15:35:33 [INFO] 准备保存检测结果到: C:\code\show\Scrap_Steel_In_Field\photos\dangerous_det\detection_20260605_153533.jpg
2026-06-05 15:35:33 [INFO] 图像形状: (2160, 3840, 3)
2026-06-05 15:35:33 [INFO] 图像数据类型: uint8
2026-06-05 15:35:33 [INFO] 图像最大值: 255
2026-06-05 15:35:33 [INFO] 图像最小值: 0
2026-06-05 15:35:33 [INFO] 开始保存检测结果图像: 图像尺寸=(2160, 3840, 3), 类型=uint8, 路径=C:\code\show\Scrap_Steel_In_Field\photos\dangerous_det\detection_20260605_153533.jpg
2026-06-05 15:35:33 [INFO] 成功保存检测结果到: C:\code\show\Scrap_Steel_In_Field\photos\dangerous_det\detection_20260605_153533.jpg
2026-06-05 15:35:33 [INFO] 保存的检测结果文件大小: 2237815 字节
2026-06-05 15:35:33 [INFO] 引擎上下文已释放
2026-06-05 15:35:33 [INFO] TensorRT 引擎已释放
2026-06-05 15:35:33 [INFO] 全局 CUDA 资源已释放
2026-06-05 15:35:33 [INFO] 检测系统资源已释放
2026-06-05 15:35:37 [INFO] CUDA 初始化成功
2026-06-05 15:35:37 [INFO] 引擎加载成功: dangerous.engine
2026-06-05 15:35:37 [INFO] 检测系统初始化成功
2026-06-05 15:35:38 [INFO] 图像预处理完成，原始尺寸: (2160, 3840)
2026-06-05 15:35:38 [INFO] 开始执行目标检测...
2026-06-05 15:35:38 [INFO] 检测完成，找到 3 个物体
2026-06-05 15:35:38 [INFO] 物体 1: GasCyl1 (置信度: 0.81)
2026-06-05 15:35:38 [INFO] 物体 2: GasCyl1 (置信度: 0.58)
2026-06-05 15:35:38 [INFO] 物体 3: FireExt1 (置信度: 0.55)
2026-06-05 15:35:38 [INFO] 检测到车兜区域，将过滤区域外的目标
2026-06-05 15:35:38 [INFO] 车兜区域过滤: 3 -> 2 个目标
2026-06-05 15:35:38 [INFO] 准备保存检测结果到: C:\code\show\Scrap_Steel_In_Field\photos\dangerous_det\detection_20260605_153538.jpg
2026-06-05 15:35:38 [INFO] 图像形状: (2160, 3840, 3)
2026-06-05 15:35:38 [INFO] 图像数据类型: uint8
2026-06-05 15:35:38 [INFO] 图像最大值: 255
2026-06-05 15:35:38 [INFO] 图像最小值: 0
2026-06-05 15:35:38 [INFO] 开始保存检测结果图像: 图像尺寸=(2160, 3840, 3), 类型=uint8, 路径=C:\code\show\Scrap_Steel_In_Field\photos\dangerous_det\detection_20260605_153538.jpg
2026-06-05 15:35:38 [INFO] 成功保存检测结果到: C:\code\show\Scrap_Steel_In_Field\photos\dangerous_det\detection_20260605_153538.jpg
2026-06-05 15:35:38 [INFO] 保存的检测结果文件大小: 2231304 字节
2026-06-05 15:35:38 [INFO] 引擎上下文已释放
2026-06-05 15:35:38 [INFO] TensorRT 引擎已释放
2026-06-05 15:35:38 [INFO] 全局 CUDA 资源已释放
2026-06-05 15:35:38 [INFO] 检测系统资源已释放
2026-06-05 15:35:43 [INFO] CUDA 初始化成功
2026-06-05 15:35:43 [INFO] 引擎加载成功: dangerous.engine
2026-06-05 15:35:43 [INFO] 检测系统初始化成功
2026-06-05 15:35:43 [INFO] 图像预处理完成，原始尺寸: (2160, 3840)
2026-06-05 15:35:43 [INFO] 开始执行目标检测...
2026-06-05 15:35:43 [INFO] 检测完成，找到 3 个物体
2026-06-05 15:35:43 [INFO] 物体 1: GasCyl1 (置信度: 0.85)
2026-06-05 15:35:43 [INFO] 物体 2: GasCyl1 (置信度: 0.67)
2026-06-05 15:35:43 [INFO] 物体 3: FireExt1 (置信度: 0.55)
2026-06-05 15:35:43 [INFO] 检测到车兜区域，将过滤区域外的目标
2026-06-05 15:35:43 [INFO] 车兜区域过滤: 3 -> 2 个目标
2026-06-05 15:35:43 [INFO] 准备保存检测结果到: C:\code\show\Scrap_Steel_In_Field\photos\dangerous_det\detection_20260605_153543.jpg
2026-06-05 15:35:43 [INFO] 图像形状: (2160, 3840, 3)
2026-06-05 15:35:43 [INFO] 图像数据类型: uint8
2026-06-05 15:35:43 [INFO] 图像最大值: 255
2026-06-05 15:35:43 [INFO] 图像最小值: 0
2026-06-05 15:35:43 [INFO] 开始保存检测结果图像: 图像尺寸=(2160, 3840, 3), 类型=uint8, 路径=C:\code\show\Scrap_Steel_In_Field\photos\dangerous_det\detection_20260605_153543.jpg
2026-06-05 15:35:43 [INFO] 成功保存检测结果到: C:\code\show\Scrap_Steel_In_Field\photos\dangerous_det\detection_20260605_153543.jpg
2026-06-05 15:35:43 [INFO] 保存的检测结果文件大小: 2230908 字节
2026-06-05 15:35:43 [INFO] 引擎上下文已释放
2026-06-05 15:35:43 [INFO] TensorRT 引擎已释放
2026-06-05 15:35:43 [INFO] 全局 CUDA 资源已释放
2026-06-05 15:35:43 [INFO] 检测系统资源已释放
2026-06-05 15:35:48 [INFO] CUDA 初始化成功
2026-06-05 15:35:48 [INFO] 引擎加载成功: dangerous.engine
2026-06-05 15:35:48 [INFO] 检测系统初始化成功
2026-06-05 15:35:48 [INFO] 图像预处理完成，原始尺寸: (2160, 3840)
2026-06-05 15:35:48 [INFO] 开始执行目标检测...
2026-06-05 15:35:48 [INFO] 检测完成，找到 3 个物体
2026-06-05 15:35:48 [INFO] 物体 1: GasCyl1 (置信度: 0.80)
2026-06-05 15:35:48 [INFO] 物体 2: FireExt1 (置信度: 0.51)
2026-06-05 15:35:48 [INFO] 物体 3: GasCyl1 (置信度: 0.50)
2026-06-05 15:35:48 [INFO] 检测到车兜区域，将过滤区域外的目标
2026-06-05 15:35:48 [INFO] 车兜区域过滤: 3 -> 2 个目标
2026-06-05 15:35:48 [INFO] 准备保存检测结果到: C:\code\show\Scrap_Steel_In_Field\photos\dangerous_det\detection_20260605_153548.jpg
2026-06-05 15:35:48 [INFO] 图像形状: (2160, 3840, 3)
2026-06-05 15:35:48 [INFO] 图像数据类型: uint8
2026-06-05 15:35:48 [INFO] 图像最大值: 255
2026-06-05 15:35:48 [INFO] 图像最小值: 0
2026-06-05 15:35:48 [INFO] 开始保存检测结果图像: 图像尺寸=(2160, 3840, 3), 类型=uint8, 路径=C:\code\show\Scrap_Steel_In_Field\photos\dangerous_det\detection_20260605_153548.jpg
2026-06-05 15:35:48 [INFO] 成功保存检测结果到: C:\code\show\Scrap_Steel_In_Field\photos\dangerous_det\detection_20260605_153548.jpg
2026-06-05 15:35:48 [INFO] 保存的检测结果文件大小: 2235119 字节
2026-06-05 15:35:48 [INFO] 引擎上下文已释放
2026-06-05 15:35:48 [INFO] TensorRT 引擎已释放
2026-06-05 15:35:48 [INFO] 全局 CUDA 资源已释放
2026-06-05 15:35:48 [INFO] 检测系统资源已释放
2026-06-05 15:35:53 [INFO] CUDA 初始化成功
2026-06-05 15:35:53 [INFO] 引擎加载成功: dangerous.engine
2026-06-05 15:35:53 [INFO] 检测系统初始化成功
2026-06-05 15:35:53 [INFO] 图像预处理完成，原始尺寸: (2160, 3840)
2026-06-05 15:35:53 [INFO] 开始执行目标检测...
2026-06-05 15:35:53 [INFO] 检测完成，找到 3 个物体
2026-06-05 15:35:53 [INFO] 物体 1: GasCyl1 (置信度: 0.83)
2026-06-05 15:35:53 [INFO] 物体 2: GasCyl1 (置信度: 0.58)
2026-06-05 15:35:53 [INFO] 物体 3: FireExt1 (置信度: 0.55)
2026-06-05 15:35:54 [INFO] 检测到车兜区域，将过滤区域外的目标
2026-06-05 15:35:54 [INFO] 车兜区域过滤: 3 -> 2 个目标
2026-06-05 15:35:54 [INFO] 准备保存检测结果到: C:\code\show\Scrap_Steel_In_Field\photos\dangerous_det\detection_20260605_153554.jpg
2026-06-05 15:35:54 [INFO] 图像形状: (2160, 3840, 3)
2026-06-05 15:35:54 [INFO] 图像数据类型: uint8
2026-06-05 15:35:54 [INFO] 图像最大值: 255
2026-06-05 15:35:54 [INFO] 图像最小值: 0
2026-06-05 15:35:54 [INFO] 开始保存检测结果图像: 图像尺寸=(2160, 3840, 3), 类型=uint8, 路径=C:\code\show\Scrap_Steel_In_Field\photos\dangerous_det\detection_20260605_153554.jpg
2026-06-05 15:35:54 [INFO] 成功保存检测结果到: C:\code\show\Scrap_Steel_In_Field\photos\dangerous_det\detection_20260605_153554.jpg
2026-06-05 15:35:54 [INFO] 保存的检测结果文件大小: 2215634 字节
2026-06-05 15:35:54 [INFO] 引擎上下文已释放
2026-06-05 15:35:54 [INFO] TensorRT 引擎已释放
2026-06-05 15:35:54 [INFO] 全局 CUDA 资源已释放
2026-06-05 15:35:54 [INFO] 检测系统资源已释放
2026-06-05 15:35:58 [INFO] CUDA 初始化成功
2026-06-05 15:35:58 [INFO] 引擎加载成功: dangerous.engine
2026-06-05 15:35:58 [INFO] 检测系统初始化成功
2026-06-05 15:35:58 [INFO] 图像预处理完成，原始尺寸: (2160, 3840)
2026-06-05 15:35:58 [INFO] 开始执行目标检测...
2026-06-05 15:35:58 [INFO] 检测完成，找到 3 个物体
2026-06-05 15:35:58 [INFO] 物体 1: GasCyl1 (置信度: 0.83)
2026-06-05 15:35:58 [INFO] 物体 2: GasCyl1 (置信度: 0.69)
2026-06-05 15:35:58 [INFO] 物体 3: FireExt1 (置信度: 0.54)
2026-06-05 15:35:58 [INFO] 检测到车兜区域，将过滤区域外的目标
2026-06-05 15:35:58 [INFO] 车兜区域过滤: 3 -> 2 个目标
2026-06-05 15:35:58 [INFO] 准备保存检测结果到: C:\code\show\Scrap_Steel_In_Field\photos\dangerous_det\detection_20260605_153558.jpg
2026-06-05 15:35:58 [INFO] 图像形状: (2160, 3840, 3)
2026-06-05 15:35:58 [INFO] 图像数据类型: uint8
2026-06-05 15:35:58 [INFO] 图像最大值: 255
2026-06-05 15:35:58 [INFO] 图像最小值: 0
2026-06-05 15:35:58 [INFO] 开始保存检测结果图像: 图像尺寸=(2160, 3840, 3), 类型=uint8, 路径=C:\code\show\Scrap_Steel_In_Field\photos\dangerous_det\detection_20260605_153558.jpg
2026-06-05 15:35:58 [INFO] 成功保存检测结果到: C:\code\show\Scrap_Steel_In_Field\photos\dangerous_det\detection_20260605_153558.jpg
2026-06-05 15:35:58 [INFO] 保存的检测结果文件大小: 2211504 字节
2026-06-05 15:35:58 [INFO] 引擎上下文已释放
2026-06-05 15:35:58 [INFO] TensorRT 引擎已释放
2026-06-05 15:35:58 [INFO] 全局 CUDA 资源已释放
2026-06-05 15:35:58 [INFO] 检测系统资源已释放
2026-06-05 15:36:03 [INFO] CUDA 初始化成功
2026-06-05 15:36:03 [INFO] 引擎加载成功: dangerous.engine
2026-06-05 15:36:03 [INFO] 检测系统初始化成功
2026-06-05 15:36:03 [INFO] 图像预处理完成，原始尺寸: (2160, 3840)
2026-06-05 15:36:03 [INFO] 开始执行目标检测...
2026-06-05 15:36:03 [INFO] 检测完成，找到 3 个物体
2026-06-05 15:36:03 [INFO] 物体 1: GasCyl1 (置信度: 0.83)
2026-06-05 15:36:03 [INFO] 物体 2: GasCyl1 (置信度: 0.59)
2026-06-05 15:36:03 [INFO] 物体 3: FireExt1 (置信度: 0.56)
2026-06-05 15:36:03 [INFO] 检测到车兜区域，将过滤区域外的目标
2026-06-05 15:36:03 [INFO] 车兜区域过滤: 3 -> 2 个目标
2026-06-05 15:36:03 [INFO] 准备保存检测结果到: C:\code\show\Scrap_Steel_In_Field\photos\dangerous_det\detection_20260605_153603.jpg
2026-06-05 15:36:03 [INFO] 图像形状: (2160, 3840, 3)
2026-06-05 15:36:03 [INFO] 图像数据类型: uint8
2026-06-05 15:36:03 [INFO] 图像最大值: 255
2026-06-05 15:36:03 [INFO] 图像最小值: 0
2026-06-05 15:36:03 [INFO] 开始保存检测结果图像: 图像尺寸=(2160, 3840, 3), 类型=uint8, 路径=C:\code\show\Scrap_Steel_In_Field\photos\dangerous_det\detection_20260605_153603.jpg
2026-06-05 15:36:03 [INFO] 成功保存检测结果到: C:\code\show\Scrap_Steel_In_Field\photos\dangerous_det\detection_20260605_153603.jpg
2026-06-05 15:36:03 [INFO] 保存的检测结果文件大小: 2208346 字节
2026-06-05 15:36:03 [INFO] 引擎上下文已释放
2026-06-05 15:36:03 [INFO] TensorRT 引擎已释放
2026-06-05 15:36:03 [INFO] 全局 CUDA 资源已释放
2026-06-05 15:36:03 [INFO] 检测系统资源已释放
2026-06-05 15:36:08 [INFO] CUDA 初始化成功
2026-06-05 15:36:09 [INFO] 引擎加载成功: dangerous.engine
2026-06-05 15:36:09 [INFO] 检测系统初始化成功
2026-06-05 15:36:09 [INFO] 图像预处理完成，原始尺寸: (2160, 3840)
2026-06-05 15:36:09 [INFO] 开始执行目标检测...
2026-06-05 15:36:09 [INFO] 检测完成，找到 3 个物体
2026-06-05 15:36:09 [INFO] 物体 1: GasCyl1 (置信度: 0.82)
2026-06-05 15:36:09 [INFO] 物体 2: GasCyl1 (置信度: 0.67)
2026-06-05 15:36:09 [INFO] 物体 3: FireExt1 (置信度: 0.55)
2026-06-05 15:36:09 [INFO] 检测到车兜区域，将过滤区域外的目标
2026-06-05 15:36:09 [INFO] 车兜区域过滤: 3 -> 2 个目标
2026-06-05 15:36:09 [INFO] 准备保存检测结果到: C:\code\show\Scrap_Steel_In_Field\photos\dangerous_det\detection_20260605_153609.jpg
2026-06-05 15:36:09 [INFO] 图像形状: (2160, 3840, 3)
2026-06-05 15:36:09 [INFO] 图像数据类型: uint8
2026-06-05 15:36:09 [INFO] 图像最大值: 255
2026-06-05 15:36:09 [INFO] 图像最小值: 0
2026-06-05 15:36:09 [INFO] 开始保存检测结果图像: 图像尺寸=(2160, 3840, 3), 类型=uint8, 路径=C:\code\show\Scrap_Steel_In_Field\photos\dangerous_det\detection_20260605_153609.jpg
2026-06-05 15:36:09 [INFO] 成功保存检测结果到: C:\code\show\Scrap_Steel_In_Field\photos\dangerous_det\detection_20260605_153609.jpg
2026-06-05 15:36:09 [INFO] 保存的检测结果文件大小: 2212458 字节
2026-06-05 15:36:09 [INFO] 引擎上下文已释放
2026-06-05 15:36:09 [INFO] TensorRT 引擎已释放
2026-06-05 15:36:09 [INFO] 全局 CUDA 资源已释放
2026-06-05 15:36:09 [INFO] 检测系统资源已释放
2026-06-05 15:36:13 [INFO] CUDA 初始化成功
2026-06-05 15:36:13 [INFO] 引擎加载成功: dangerous.engine
2026-06-05 15:36:13 [INFO] 检测系统初始化成功
2026-06-05 15:36:13 [INFO] 图像预处理完成，原始尺寸: (2160, 3840)
2026-06-05 15:36:13 [INFO] 开始执行目标检测...
2026-06-05 15:36:13 [INFO] 检测完成，找到 3 个物体
2026-06-05 15:36:13 [INFO] 物体 1: GasCyl1 (置信度: 0.80)
2026-06-05 15:36:13 [INFO] 物体 2: GasCyl1 (置信度: 0.68)
2026-06-05 15:36:13 [INFO] 物体 3: FireExt1 (置信度: 0.52)
2026-06-05 15:36:13 [INFO] 检测到车兜区域，将过滤区域外的目标
2026-06-05 15:36:13 [INFO] 车兜区域过滤: 3 -> 2 个目标
2026-06-05 15:36:13 [INFO] 准备保存检测结果到: C:\code\show\Scrap_Steel_In_Field\photos\dangerous_det\detection_20260605_153613.jpg
2026-06-05 15:36:13 [INFO] 图像形状: (2160, 3840, 3)
2026-06-05 15:36:13 [INFO] 图像数据类型: uint8
2026-06-05 15:36:13 [INFO] 图像最大值: 255
2026-06-05 15:36:13 [INFO] 图像最小值: 0
2026-06-05 15:36:13 [INFO] 开始保存检测结果图像: 图像尺寸=(2160, 3840, 3), 类型=uint8, 路径=C:\code\show\Scrap_Steel_In_Field\photos\dangerous_det\detection_20260605_153613.jpg
2026-06-05 15:36:13 [INFO] 成功保存检测结果到: C:\code\show\Scrap_Steel_In_Field\photos\dangerous_det\detection_20260605_153613.jpg
2026-06-05 15:36:13 [INFO] 保存的检测结果文件大小: 2213043 字节
2026-06-05 15:36:14 [INFO] 引擎上下文已释放
2026-06-05 15:36:14 [INFO] TensorRT 引擎已释放
2026-06-05 15:36:14 [INFO] 全局 CUDA 资源已释放
2026-06-05 15:36:14 [INFO] 检测系统资源已释放
2026-06-05 15:36:18 [INFO] CUDA 初始化成功
2026-06-05 15:36:18 [INFO] 引擎加载成功: dangerous.engine
2026-06-05 15:36:18 [INFO] 检测系统初始化成功
2026-06-05 15:36:18 [INFO] 图像预处理完成，原始尺寸: (2160, 3840)
2026-06-05 15:36:18 [INFO] 开始执行目标检测...
2026-06-05 15:36:18 [INFO] 检测完成，找到 3 个物体
2026-06-05 15:36:18 [INFO] 物体 1: GasCyl1 (置信度: 0.84)
2026-06-05 15:36:18 [INFO] 物体 2: GasCyl1 (置信度: 0.71)
2026-06-05 15:36:18 [INFO] 物体 3: FireExt1 (置信度: 0.55)
2026-06-05 15:36:19 [INFO] 检测到车兜区域，将过滤区域外的目标
2026-06-05 15:36:19 [INFO] 车兜区域过滤: 3 -> 2 个目标
2026-06-05 15:36:19 [INFO] 准备保存检测结果到: C:\code\show\Scrap_Steel_In_Field\photos\dangerous_det\detection_20260605_153619.jpg
2026-06-05 15:36:19 [INFO] 图像形状: (2160, 3840, 3)
2026-06-05 15:36:19 [INFO] 图像数据类型: uint8
2026-06-05 15:36:19 [INFO] 图像最大值: 255
2026-06-05 15:36:19 [INFO] 图像最小值: 0
2026-06-05 15:36:19 [INFO] 开始保存检测结果图像: 图像尺寸=(2160, 3840, 3), 类型=uint8, 路径=C:\code\show\Scrap_Steel_In_Field\photos\dangerous_det\detection_20260605_153619.jpg
2026-06-05 15:36:19 [INFO] 成功保存检测结果到: C:\code\show\Scrap_Steel_In_Field\photos\dangerous_det\detection_20260605_153619.jpg
2026-06-05 15:36:19 [INFO] 保存的检测结果文件大小: 2210377 字节
2026-06-05 15:36:19 [INFO] 引擎上下文已释放
2026-06-05 15:36:19 [INFO] TensorRT 引擎已释放
2026-06-05 15:36:19 [INFO] 全局 CUDA 资源已释放
2026-06-05 15:36:19 [INFO] 检测系统资源已释放
2026-06-05 15:36:24 [INFO] CUDA 初始化成功
2026-06-05 15:36:24 [INFO] 引擎加载成功: dangerous.engine
2026-06-05 15:36:24 [INFO] 检测系统初始化成功
2026-06-05 15:36:24 [INFO] 图像预处理完成，原始尺寸: (2160, 3840)
2026-06-05 15:36:24 [INFO] 开始执行目标检测...
2026-06-05 15:36:24 [INFO] 检测完成，找到 3 个物体
2026-06-05 15:36:24 [INFO] 物体 1: GasCyl1 (置信度: 0.84)
2026-06-05 15:36:24 [INFO] 物体 2: GasCyl1 (置信度: 0.61)
2026-06-05 15:36:24 [INFO] 物体 3: FireExt1 (置信度: 0.57)
2026-06-05 15:36:24 [INFO] 检测到车兜区域，将过滤区域外的目标
2026-06-05 15:36:24 [INFO] 车兜区域过滤: 3 -> 2 个目标
2026-06-05 15:36:24 [INFO] 准备保存检测结果到: C:\code\show\Scrap_Steel_In_Field\photos\dangerous_det\detection_20260605_153624.jpg
2026-06-05 15:36:24 [INFO] 图像形状: (2160, 3840, 3)
2026-06-05 15:36:24 [INFO] 图像数据类型: uint8
2026-06-05 15:36:24 [INFO] 图像最大值: 255
2026-06-05 15:36:24 [INFO] 图像最小值: 0
2026-06-05 15:36:24 [INFO] 开始保存检测结果图像: 图像尺寸=(2160, 3840, 3), 类型=uint8, 路径=C:\code\show\Scrap_Steel_In_Field\photos\dangerous_det\detection_20260605_153624.jpg
2026-06-05 15:36:24 [INFO] 成功保存检测结果到: C:\code\show\Scrap_Steel_In_Field\photos\dangerous_det\detection_20260605_153624.jpg
2026-06-05 15:36:24 [INFO] 保存的检测结果文件大小: 2207007 字节
2026-06-05 15:36:24 [INFO] 引擎上下文已释放
2026-06-05 15:36:24 [INFO] TensorRT 引擎已释放
2026-06-05 15:36:24 [INFO] 全局 CUDA 资源已释放
2026-06-05 15:36:24 [INFO] 检测系统资源已释放
2026-06-05 15:36:28 [INFO] CUDA 初始化成功
2026-06-05 15:36:28 [INFO] 引擎加载成功: dangerous.engine
2026-06-05 15:36:28 [INFO] 检测系统初始化成功
2026-06-05 15:36:29 [INFO] 图像预处理完成，原始尺寸: (2160, 3840)
2026-06-05 15:36:29 [INFO] 开始执行目标检测...
2026-06-05 15:36:29 [INFO] 检测完成，找到 4 个物体
2026-06-05 15:36:29 [INFO] 物体 1: GasCyl1 (置信度: 0.82)
2026-06-05 15:36:29 [INFO] 物体 2: FireExt1 (置信度: 0.57)
2026-06-05 15:36:29 [INFO] 物体 3: GasCyl1 (置信度: 0.55)
2026-06-05 15:36:29 [INFO] 物体 4: FireExt1 (置信度: 0.35)
2026-06-05 15:36:29 [INFO] 检测到车兜区域，将过滤区域外的目标
2026-06-05 15:36:29 [INFO] 车兜区域过滤: 4 -> 3 个目标
2026-06-05 15:36:29 [INFO] 准备保存检测结果到: C:\code\show\Scrap_Steel_In_Field\photos\dangerous_det\detection_20260605_153629.jpg
2026-06-05 15:36:29 [INFO] 图像形状: (2160, 3840, 3)
2026-06-05 15:36:29 [INFO] 图像数据类型: uint8
2026-06-05 15:36:29 [INFO] 图像最大值: 255
2026-06-05 15:36:29 [INFO] 图像最小值: 0
2026-06-05 15:36:29 [INFO] 开始保存检测结果图像: 图像尺寸=(2160, 3840, 3), 类型=uint8, 路径=C:\code\show\Scrap_Steel_In_Field\photos\dangerous_det\detection_20260605_153629.jpg
2026-06-05 15:36:29 [INFO] 成功保存检测结果到: C:\code\show\Scrap_Steel_In_Field\photos\dangerous_det\detection_20260605_153629.jpg
2026-06-05 15:36:29 [INFO] 保存的检测结果文件大小: 2214135 字节
2026-06-05 15:36:29 [INFO] 引擎上下文已释放
2026-06-05 15:36:29 [INFO] TensorRT 引擎已释放
2026-06-05 15:36:29 [INFO] 全局 CUDA 资源已释放
2026-06-05 15:36:29 [INFO] 检测系统资源已释放
2026-06-05 15:36:34 [INFO] CUDA 初始化成功
2026-06-05 15:36:34 [INFO] 引擎加载成功: dangerous.engine
2026-06-05 15:36:34 [INFO] 检测系统初始化成功
2026-06-05 15:36:34 [INFO] 图像预处理完成，原始尺寸: (2160, 3840)
2026-06-05 15:36:34 [INFO] 开始执行目标检测...
2026-06-05 15:36:34 [INFO] 检测完成，找到 3 个物体
2026-06-05 15:36:34 [INFO] 物体 1: GasCyl1 (置信度: 0.84)
2026-06-05 15:36:34 [INFO] 物体 2: GasCyl1 (置信度: 0.68)
2026-06-05 15:36:34 [INFO] 物体 3: FireExt1 (置信度: 0.57)
2026-06-05 15:36:34 [INFO] 检测到车兜区域，将过滤区域外的目标
2026-06-05 15:36:34 [INFO] 车兜区域过滤: 3 -> 2 个目标
2026-06-05 15:36:34 [INFO] 准备保存检测结果到: C:\code\show\Scrap_Steel_In_Field\photos\dangerous_det\detection_20260605_153634.jpg
2026-06-05 15:36:34 [INFO] 图像形状: (2160, 3840, 3)
2026-06-05 15:36:34 [INFO] 图像数据类型: uint8
2026-06-05 15:36:34 [INFO] 图像最大值: 255
2026-06-05 15:36:34 [INFO] 图像最小值: 0
2026-06-05 15:36:34 [INFO] 开始保存检测结果图像: 图像尺寸=(2160, 3840, 3), 类型=uint8, 路径=C:\code\show\Scrap_Steel_In_Field\photos\dangerous_det\detection_20260605_153634.jpg
2026-06-05 15:36:34 [INFO] 成功保存检测结果到: C:\code\show\Scrap_Steel_In_Field\photos\dangerous_det\detection_20260605_153634.jpg
2026-06-05 15:36:34 [INFO] 保存的检测结果文件大小: 2212064 字节
2026-06-05 15:36:34 [INFO] 引擎上下文已释放
2026-06-05 15:36:34 [INFO] TensorRT 引擎已释放
2026-06-05 15:36:34 [INFO] 全局 CUDA 资源已释放
2026-06-05 15:36:34 [INFO] 检测系统资源已释放
2026-06-05 15:36:39 [INFO] CUDA 初始化成功
2026-06-05 15:36:39 [INFO] 引擎加载成功: dangerous.engine
2026-06-05 15:36:39 [INFO] 检测系统初始化成功
2026-06-05 15:36:39 [INFO] 图像预处理完成，原始尺寸: (2160, 3840)
2026-06-05 15:36:39 [INFO] 开始执行目标检测...
2026-06-05 15:36:39 [INFO] 检测完成，找到 3 个物体
2026-06-05 15:36:39 [INFO] 物体 1: GasCyl1 (置信度: 0.82)
2026-06-05 15:36:39 [INFO] 物体 2: GasCyl1 (置信度: 0.77)
2026-06-05 15:36:39 [INFO] 物体 3: FireExt1 (置信度: 0.55)
2026-06-05 15:36:39 [INFO] 检测到车兜区域，将过滤区域外的目标
2026-06-05 15:36:39 [INFO] 车兜区域过滤: 3 -> 2 个目标
2026-06-05 15:36:39 [INFO] 准备保存检测结果到: C:\code\show\Scrap_Steel_In_Field\photos\dangerous_det\detection_20260605_153639.jpg
2026-06-05 15:36:39 [INFO] 图像形状: (2160, 3840, 3)
2026-06-05 15:36:39 [INFO] 图像数据类型: uint8
2026-06-05 15:36:39 [INFO] 图像最大值: 255
2026-06-05 15:36:39 [INFO] 图像最小值: 0
2026-06-05 15:36:39 [INFO] 开始保存检测结果图像: 图像尺寸=(2160, 3840, 3), 类型=uint8, 路径=C:\code\show\Scrap_Steel_In_Field\photos\dangerous_det\detection_20260605_153639.jpg
2026-06-05 15:36:39 [INFO] 成功保存检测结果到: C:\code\show\Scrap_Steel_In_Field\photos\dangerous_det\detection_20260605_153639.jpg
2026-06-05 15:36:39 [INFO] 保存的检测结果文件大小: 2211475 字节
2026-06-05 15:36:39 [INFO] 引擎上下文已释放
2026-06-05 15:36:39 [INFO] TensorRT 引擎已释放
2026-06-05 15:36:39 [INFO] 全局 CUDA 资源已释放
2026-06-05 15:36:39 [INFO] 检测系统资源已释放
2026-06-05 15:36:44 [INFO] CUDA 初始化成功
2026-06-05 15:36:44 [INFO] 引擎加载成功: dangerous.engine
2026-06-05 15:36:44 [INFO] 检测系统初始化成功
2026-06-05 15:36:44 [INFO] 图像预处理完成，原始尺寸: (2160, 3840)
2026-06-05 15:36:44 [INFO] 开始执行目标检测...
2026-06-05 15:36:44 [INFO] 检测完成，找到 3 个物体
2026-06-05 15:36:44 [INFO] 物体 1: GasCyl1 (置信度: 0.84)
2026-06-05 15:36:44 [INFO] 物体 2: GasCyl1 (置信度: 0.72)
2026-06-05 15:36:44 [INFO] 物体 3: FireExt1 (置信度: 0.51)
2026-06-05 15:36:44 [INFO] 检测到车兜区域，将过滤区域外的目标
2026-06-05 15:36:44 [INFO] 车兜区域过滤: 3 -> 2 个目标
2026-06-05 15:36:44 [INFO] 准备保存检测结果到: C:\code\show\Scrap_Steel_In_Field\photos\dangerous_det\detection_20260605_153644.jpg
2026-06-05 15:36:44 [INFO] 图像形状: (2160, 3840, 3)
2026-06-05 15:36:44 [INFO] 图像数据类型: uint8
2026-06-05 15:36:44 [INFO] 图像最大值: 255
2026-06-05 15:36:44 [INFO] 图像最小值: 0
2026-06-05 15:36:44 [INFO] 开始保存检测结果图像: 图像尺寸=(2160, 3840, 3), 类型=uint8, 路径=C:\code\show\Scrap_Steel_In_Field\photos\dangerous_det\detection_20260605_153644.jpg
2026-06-05 15:36:44 [INFO] 成功保存检测结果到: C:\code\show\Scrap_Steel_In_Field\photos\dangerous_det\detection_20260605_153644.jpg
2026-06-05 15:36:44 [INFO] 保存的检测结果文件大小: 2208565 字节
2026-06-05 15:36:44 [INFO] 引擎上下文已释放
2026-06-05 15:36:44 [INFO] TensorRT 引擎已释放
2026-06-05 15:36:44 [INFO] 全局 CUDA 资源已释放
2026-06-05 15:36:44 [INFO] 检测系统资源已释放
2026-06-05 15:36:49 [INFO] CUDA 初始化成功
2026-06-05 15:36:49 [INFO] 引擎加载成功: dangerous.engine
2026-06-05 15:36:49 [INFO] 检测系统初始化成功
2026-06-05 15:36:49 [INFO] 图像预处理完成，原始尺寸: (2160, 3840)
2026-06-05 15:36:49 [INFO] 开始执行目标检测...
2026-06-05 15:36:49 [INFO] 检测完成，找到 3 个物体
2026-06-05 15:36:49 [INFO] 物体 1: GasCyl1 (置信度: 0.83)
2026-06-05 15:36:49 [INFO] 物体 2: GasCyl1 (置信度: 0.65)
2026-06-05 15:36:49 [INFO] 物体 3: FireExt1 (置信度: 0.53)
2026-06-05 15:36:49 [INFO] 检测到车兜区域，将过滤区域外的目标
2026-06-05 15:36:49 [INFO] 车兜区域过滤: 3 -> 2 个目标
2026-06-05 15:36:49 [INFO] 准备保存检测结果到: C:\code\show\Scrap_Steel_In_Field\photos\dangerous_det\detection_20260605_153649.jpg
2026-06-05 15:36:49 [INFO] 图像形状: (2160, 3840, 3)
2026-06-05 15:36:49 [INFO] 图像数据类型: uint8
2026-06-05 15:36:49 [INFO] 图像最大值: 255
2026-06-05 15:36:49 [INFO] 图像最小值: 0
2026-06-05 15:36:49 [INFO] 开始保存检测结果图像: 图像尺寸=(2160, 3840, 3), 类型=uint8, 路径=C:\code\show\Scrap_Steel_In_Field\photos\dangerous_det\detection_20260605_153649.jpg
2026-06-05 15:36:49 [INFO] 成功保存检测结果到: C:\code\show\Scrap_Steel_In_Field\photos\dangerous_det\detection_20260605_153649.jpg
2026-06-05 15:36:49 [INFO] 保存的检测结果文件大小: 2206698 字节
2026-06-05 15:36:49 [INFO] 引擎上下文已释放
2026-06-05 15:36:49 [INFO] TensorRT 引擎已释放
2026-06-05 15:36:49 [INFO] 全局 CUDA 资源已释放
2026-06-05 15:36:49 [INFO] 检测系统资源已释放
2026-06-05 15:36:54 [INFO] CUDA 初始化成功
2026-06-05 15:36:54 [INFO] 引擎加载成功: dangerous.engine
2026-06-05 15:36:54 [INFO] 检测系统初始化成功
2026-06-05 15:36:54 [INFO] 图像预处理完成，原始尺寸: (2160, 3840)
2026-06-05 15:36:54 [INFO] 开始执行目标检测...
2026-06-05 15:36:54 [INFO] 检测完成，找到 3 个物体
2026-06-05 15:36:54 [INFO] 物体 1: GasCyl1 (置信度: 0.81)
2026-06-05 15:36:54 [INFO] 物体 2: FireExt1 (置信度: 0.56)
2026-06-05 15:36:54 [INFO] 物体 3: GasCyl1 (置信度: 0.56)
2026-06-05 15:36:54 [INFO] 检测到车兜区域，将过滤区域外的目标
2026-06-05 15:36:54 [INFO] 车兜区域过滤: 3 -> 2 个目标
2026-06-05 15:36:54 [INFO] 准备保存检测结果到: C:\code\show\Scrap_Steel_In_Field\photos\dangerous_det\detection_20260605_153654.jpg
2026-06-05 15:36:54 [INFO] 图像形状: (2160, 3840, 3)
2026-06-05 15:36:54 [INFO] 图像数据类型: uint8
2026-06-05 15:36:54 [INFO] 图像最大值: 255
2026-06-05 15:36:54 [INFO] 图像最小值: 0
2026-06-05 15:36:54 [INFO] 开始保存检测结果图像: 图像尺寸=(2160, 3840, 3), 类型=uint8, 路径=C:\code\show\Scrap_Steel_In_Field\photos\dangerous_det\detection_20260605_153654.jpg
2026-06-05 15:36:54 [INFO] 成功保存检测结果到: C:\code\show\Scrap_Steel_In_Field\photos\dangerous_det\detection_20260605_153654.jpg
2026-06-05 15:36:54 [INFO] 保存的检测结果文件大小: 2211853 字节
2026-06-05 15:36:54 [INFO] 引擎上下文已释放
2026-06-05 15:36:54 [INFO] TensorRT 引擎已释放
2026-06-05 15:36:54 [INFO] 全局 CUDA 资源已释放
2026-06-05 15:36:54 [INFO] 检测系统资源已释放
2026-06-05 15:36:59 [INFO] CUDA 初始化成功
2026-06-05 15:36:59 [INFO] 引擎加载成功: dangerous.engine
2026-06-05 15:36:59 [INFO] 检测系统初始化成功
2026-06-05 15:36:59 [INFO] 图像预处理完成，原始尺寸: (2160, 3840)
2026-06-05 15:36:59 [INFO] 开始执行目标检测...
2026-06-05 15:36:59 [INFO] 检测完成，找到 4 个物体
2026-06-05 15:36:59 [INFO] 物体 1: GasCyl1 (置信度: 0.81)
2026-06-05 15:36:59 [INFO] 物体 2: GasCyl1 (置信度: 0.66)
2026-06-05 15:36:59 [INFO] 物体 3: FireExt1 (置信度: 0.54)
2026-06-05 15:36:59 [INFO] 物体 4: FireExt1 (置信度: 0.36)
2026-06-05 15:36:59 [INFO] 检测到车兜区域，将过滤区域外的目标
2026-06-05 15:36:59 [INFO] 车兜区域过滤: 4 -> 3 个目标
2026-06-05 15:36:59 [INFO] 准备保存检测结果到: C:\code\show\Scrap_Steel_In_Field\photos\dangerous_det\detection_20260605_153659.jpg
2026-06-05 15:36:59 [INFO] 图像形状: (2160, 3840, 3)
2026-06-05 15:36:59 [INFO] 图像数据类型: uint8
2026-06-05 15:36:59 [INFO] 图像最大值: 255
2026-06-05 15:36:59 [INFO] 图像最小值: 0
2026-06-05 15:36:59 [INFO] 开始保存检测结果图像: 图像尺寸=(2160, 3840, 3), 类型=uint8, 路径=C:\code\show\Scrap_Steel_In_Field\photos\dangerous_det\detection_20260605_153659.jpg
2026-06-05 15:36:59 [INFO] 成功保存检测结果到: C:\code\show\Scrap_Steel_In_Field\photos\dangerous_det\detection_20260605_153659.jpg
2026-06-05 15:36:59 [INFO] 保存的检测结果文件大小: 2215931 字节
2026-06-05 15:36:59 [INFO] 引擎上下文已释放
2026-06-05 15:36:59 [INFO] TensorRT 引擎已释放
2026-06-05 15:36:59 [INFO] 全局 CUDA 资源已释放
2026-06-05 15:36:59 [INFO] 检测系统资源已释放
2026-06-05 15:37:04 [INFO] CUDA 初始化成功
2026-06-05 15:37:04 [INFO] 引擎加载成功: dangerous.engine
2026-06-05 15:37:04 [INFO] 检测系统初始化成功
2026-06-05 15:37:04 [INFO] 图像预处理完成，原始尺寸: (2160, 3840)
2026-06-05 15:37:04 [INFO] 开始执行目标检测...
2026-06-05 15:37:04 [INFO] 检测完成，找到 3 个物体
2026-06-05 15:37:04 [INFO] 物体 1: GasCyl1 (置信度: 0.80)
2026-06-05 15:37:04 [INFO] 物体 2: GasCyl1 (置信度: 0.69)
2026-06-05 15:37:04 [INFO] 物体 3: FireExt1 (置信度: 0.57)
2026-06-05 15:37:04 [INFO] 检测到车兜区域，将过滤区域外的目标
2026-06-05 15:37:04 [INFO] 车兜区域过滤: 3 -> 2 个目标
2026-06-05 15:37:04 [INFO] 准备保存检测结果到: C:\code\show\Scrap_Steel_In_Field\photos\dangerous_det\detection_20260605_153704.jpg
2026-06-05 15:37:04 [INFO] 图像形状: (2160, 3840, 3)
2026-06-05 15:37:04 [INFO] 图像数据类型: uint8
2026-06-05 15:37:04 [INFO] 图像最大值: 255
2026-06-05 15:37:04 [INFO] 图像最小值: 0
2026-06-05 15:37:04 [INFO] 开始保存检测结果图像: 图像尺寸=(2160, 3840, 3), 类型=uint8, 路径=C:\code\show\Scrap_Steel_In_Field\photos\dangerous_det\detection_20260605_153704.jpg
2026-06-05 15:37:04 [INFO] 成功保存检测结果到: C:\code\show\Scrap_Steel_In_Field\photos\dangerous_det\detection_20260605_153704.jpg
2026-06-05 15:37:04 [INFO] 保存的检测结果文件大小: 2212363 字节
2026-06-05 15:37:04 [INFO] 引擎上下文已释放
2026-06-05 15:37:04 [INFO] TensorRT 引擎已释放
2026-06-05 15:37:04 [INFO] 全局 CUDA 资源已释放
2026-06-05 15:37:04 [INFO] 检测系统资源已释放
2026-06-05 15:37:09 [INFO] CUDA 初始化成功
2026-06-05 15:37:09 [INFO] 引擎加载成功: dangerous.engine
2026-06-05 15:37:09 [INFO] 检测系统初始化成功
2026-06-05 15:37:09 [INFO] 图像预处理完成，原始尺寸: (2160, 3840)
2026-06-05 15:37:09 [INFO] 开始执行目标检测...
2026-06-05 15:37:09 [INFO] 检测完成，找到 3 个物体
2026-06-05 15:37:09 [INFO] 物体 1: GasCyl1 (置信度: 0.81)
2026-06-05 15:37:09 [INFO] 物体 2: GasCyl1 (置信度: 0.60)
2026-06-05 15:37:09 [INFO] 物体 3: FireExt1 (置信度: 0.55)
2026-06-05 15:37:09 [INFO] 检测到车兜区域，将过滤区域外的目标
2026-06-05 15:37:09 [INFO] 车兜区域过滤: 3 -> 2 个目标
2026-06-05 15:37:09 [INFO] 准备保存检测结果到: C:\code\show\Scrap_Steel_In_Field\photos\dangerous_det\detection_20260605_153709.jpg
2026-06-05 15:37:09 [INFO] 图像形状: (2160, 3840, 3)
2026-06-05 15:37:09 [INFO] 图像数据类型: uint8
2026-06-05 15:37:09 [INFO] 图像最大值: 255
2026-06-05 15:37:09 [INFO] 图像最小值: 0
2026-06-05 15:37:09 [INFO] 开始保存检测结果图像: 图像尺寸=(2160, 3840, 3), 类型=uint8, 路径=C:\code\show\Scrap_Steel_In_Field\photos\dangerous_det\detection_20260605_153709.jpg
2026-06-05 15:37:10 [INFO] 成功保存检测结果到: C:\code\show\Scrap_Steel_In_Field\photos\dangerous_det\detection_20260605_153709.jpg
2026-06-05 15:37:10 [INFO] 保存的检测结果文件大小: 2215379 字节
2026-06-05 15:37:10 [INFO] 引擎上下文已释放
2026-06-05 15:37:10 [INFO] TensorRT 引擎已释放
2026-06-05 15:37:10 [INFO] 全局 CUDA 资源已释放
2026-06-05 15:37:10 [INFO] 检测系统资源已释放
2026-06-05 15:37:14 [INFO] CUDA 初始化成功
2026-06-05 15:37:15 [INFO] 引擎加载成功: dangerous.engine
2026-06-05 15:37:15 [INFO] 检测系统初始化成功
2026-06-05 15:37:15 [INFO] 图像预处理完成，原始尺寸: (2160, 3840)
2026-06-05 15:37:15 [INFO] 开始执行目标检测...
2026-06-05 15:37:15 [INFO] 检测完成，找到 4 个物体
2026-06-05 15:37:15 [INFO] 物体 1: GasCyl1 (置信度: 0.87)
2026-06-05 15:37:15 [INFO] 物体 2: GasCyl1 (置信度: 0.83)
2026-06-05 15:37:15 [INFO] 物体 3: GasCyl1 (置信度: 0.73)
2026-06-05 15:37:15 [INFO] 物体 4: FireExt1 (置信度: 0.36)
2026-06-05 15:37:15 [INFO] 检测到车兜区域，将过滤区域外的目标
2026-06-05 15:37:15 [INFO] 车兜区域过滤: 4 -> 3 个目标
2026-06-05 15:37:15 [INFO] 准备保存检测结果到: C:\code\show\Scrap_Steel_In_Field\photos\dangerous_det\detection_20260605_153715.jpg
2026-06-05 15:37:15 [INFO] 图像形状: (2160, 3840, 3)
2026-06-05 15:37:15 [INFO] 图像数据类型: uint8
2026-06-05 15:37:15 [INFO] 图像最大值: 255
2026-06-05 15:37:15 [INFO] 图像最小值: 0
2026-06-05 15:37:15 [INFO] 开始保存检测结果图像: 图像尺寸=(2160, 3840, 3), 类型=uint8, 路径=C:\code\show\Scrap_Steel_In_Field\photos\dangerous_det\detection_20260605_153715.jpg
2026-06-05 15:37:15 [INFO] 成功保存检测结果到: C:\code\show\Scrap_Steel_In_Field\photos\dangerous_det\detection_20260605_153715.jpg
2026-06-05 15:37:15 [INFO] 保存的检测结果文件大小: 2175493 字节
2026-06-05 15:37:15 [INFO] 引擎上下文已释放
2026-06-05 15:37:15 [INFO] TensorRT 引擎已释放
2026-06-05 15:37:15 [INFO] 全局 CUDA 资源已释放
2026-06-05 15:37:15 [INFO] 检测系统资源已释放
2026-06-05 15:37:20 [INFO] CUDA 初始化成功
2026-06-05 15:37:20 [INFO] 引擎加载成功: dangerous.engine
2026-06-05 15:37:20 [INFO] 检测系统初始化成功
2026-06-05 15:37:20 [INFO] 图像预处理完成，原始尺寸: (2160, 3840)
2026-06-05 15:37:20 [INFO] 开始执行目标检测...
2026-06-05 15:37:20 [INFO] 检测完成，找到 2 个物体
2026-06-05 15:37:20 [INFO] 物体 1: GasCyl1 (置信度: 0.84)
2026-06-05 15:37:20 [INFO] 物体 2: GasCyl1 (置信度: 0.68)
2026-06-05 15:37:20 [INFO] 检测到车兜区域，将过滤区域外的目标
2026-06-05 15:37:20 [INFO] 准备保存检测结果到: C:\code\show\Scrap_Steel_In_Field\photos\dangerous_det\detection_20260605_153720.jpg
2026-06-05 15:37:20 [INFO] 图像形状: (2160, 3840, 3)
2026-06-05 15:37:20 [INFO] 图像数据类型: uint8
2026-06-05 15:37:20 [INFO] 图像最大值: 255
2026-06-05 15:37:20 [INFO] 图像最小值: 0
2026-06-05 15:37:20 [INFO] 开始保存检测结果图像: 图像尺寸=(2160, 3840, 3), 类型=uint8, 路径=C:\code\show\Scrap_Steel_In_Field\photos\dangerous_det\detection_20260605_153720.jpg
2026-06-05 15:37:20 [INFO] 成功保存检测结果到: C:\code\show\Scrap_Steel_In_Field\photos\dangerous_det\detection_20260605_153720.jpg
2026-06-05 15:37:20 [INFO] 保存的检测结果文件大小: 2141890 字节
2026-06-05 15:37:20 [INFO] 引擎上下文已释放
2026-06-05 15:37:20 [INFO] TensorRT 引擎已释放
2026-06-05 15:37:20 [INFO] 全局 CUDA 资源已释放
2026-06-05 15:37:20 [INFO] 检测系统资源已释放
2026-06-05 15:37:24 [INFO] CUDA 初始化成功
2026-06-05 15:37:24 [INFO] 引擎加载成功: dangerous.engine
2026-06-05 15:37:24 [INFO] 检测系统初始化成功
2026-06-05 15:37:25 [INFO] 图像预处理完成，原始尺寸: (2160, 3840)
2026-06-05 15:37:25 [INFO] 开始执行目标检测...
2026-06-05 15:37:25 [INFO] 检测完成，找到 3 个物体
2026-06-05 15:37:25 [INFO] 物体 1: GasCyl1 (置信度: 0.83)
2026-06-05 15:37:25 [INFO] 物体 2: GasCyl1 (置信度: 0.66)
2026-06-05 15:37:25 [INFO] 物体 3: FireExt1 (置信度: 0.36)
2026-06-05 15:37:25 [INFO] 检测到车兜区域，将过滤区域外的目标
2026-06-05 15:37:25 [INFO] 准备保存检测结果到: C:\code\show\Scrap_Steel_In_Field\photos\dangerous_det\detection_20260605_153725.jpg
2026-06-05 15:37:25 [INFO] 图像形状: (2160, 3840, 3)
2026-06-05 15:37:25 [INFO] 图像数据类型: uint8
2026-06-05 15:37:25 [INFO] 图像最大值: 255
2026-06-05 15:37:25 [INFO] 图像最小值: 0
2026-06-05 15:37:25 [INFO] 开始保存检测结果图像: 图像尺寸=(2160, 3840, 3), 类型=uint8, 路径=C:\code\show\Scrap_Steel_In_Field\photos\dangerous_det\detection_20260605_153725.jpg
2026-06-05 15:37:25 [INFO] 成功保存检测结果到: C:\code\show\Scrap_Steel_In_Field\photos\dangerous_det\detection_20260605_153725.jpg
2026-06-05 15:37:25 [INFO] 保存的检测结果文件大小: 2148923 字节
2026-06-05 15:37:25 [INFO] 引擎上下文已释放
2026-06-05 15:37:25 [INFO] TensorRT 引擎已释放
2026-06-05 15:37:25 [INFO] 全局 CUDA 资源已释放
2026-06-05 15:37:25 [INFO] 检测系统资源已释放
