2026-06-23 16:36:43 [INFO] CUDA 初始化成功
2026-06-23 16:36:43 [INFO] 引擎加载成功: dangerous.engine
2026-06-23 16:36:43 [INFO] 检测系统初始化成功
2026-06-23 16:36:46 [INFO] 引擎加载成功: dangerous.engine
2026-06-23 16:36:46 [INFO] 检测系统初始化成功
2026-06-23 16:36:46 [INFO] 图像预处理完成，原始尺寸: (2160, 3840)
2026-06-23 16:36:46 [INFO] 开始执行目标检测...
2026-06-23 16:36:46 [INFO] 检测完成，找到 0 个物体
2026-06-23 16:36:46 [INFO] 引擎上下文已释放
2026-06-23 16:36:46 [INFO] TensorRT 引擎已释放
2026-06-23 16:36:46 [INFO] 全局 CUDA 资源已释放
2026-06-23 16:36:46 [INFO] 检测系统资源已释放
2026-06-23 16:36:51 [INFO] CUDA 初始化成功
2026-06-23 16:36:51 [INFO] 引擎加载成功: dangerous.engine
2026-06-23 16:36:51 [INFO] 检测系统初始化成功
2026-06-23 16:36:51 [INFO] 图像预处理完成，原始尺寸: (2160, 3840)
2026-06-23 16:36:51 [INFO] 开始执行目标检测...
2026-06-23 16:36:51 [INFO] 检测完成，找到 3 个物体
2026-06-23 16:36:51 [INFO] 物体 1: GasCyl1 (置信度: 0.89)
2026-06-23 16:36:51 [INFO] 物体 2: GasCyl1 (置信度: 0.71)
2026-06-23 16:36:51 [INFO] 物体 3: FireExt1 (置信度: 0.42)
2026-06-23 16:36:51 [INFO] 准备保存检测结果到: C:\code\show\Scrap_Steel_In_Field\photos\dangerous_det\detection_20260623_163651.jpg
2026-06-23 16:36:51 [INFO] 图像形状: (2160, 3840, 3)
2026-06-23 16:36:51 [INFO] 图像数据类型: uint8
2026-06-23 16:36:51 [INFO] 图像最大值: 255
2026-06-23 16:36:51 [INFO] 图像最小值: 0
2026-06-23 16:36:51 [INFO] 开始保存检测结果图像: 图像尺寸=(2160, 3840, 3), 类型=uint8, 路径=C:\code\show\Scrap_Steel_In_Field\photos\dangerous_det\detection_20260623_163651.jpg
2026-06-23 16:36:51 [INFO] 成功保存检测结果到: C:\code\show\Scrap_Steel_In_Field\photos\dangerous_det\detection_20260623_163651.jpg
2026-06-23 16:36:51 [INFO] 保存的检测结果文件大小: 1857088 字节
2026-06-23 16:36:51 [INFO] 引擎上下文已释放
2026-06-23 16:36:51 [INFO] TensorRT 引擎已释放
2026-06-23 16:36:51 [INFO] 全局 CUDA 资源已释放
2026-06-23 16:36:51 [INFO] 检测系统资源已释放
2026-06-23 16:36:57 [INFO] CUDA 初始化成功
2026-06-23 16:36:57 [INFO] 引擎加载成功: dangerous.engine
2026-06-23 16:36:57 [INFO] 检测系统初始化成功
2026-06-23 16:36:57 [INFO] 图像预处理完成，原始尺寸: (2160, 3840)
2026-06-23 16:36:57 [INFO] 开始执行目标检测...
2026-06-23 16:36:57 [INFO] 检测完成，找到 3 个物体
2026-06-23 16:36:57 [INFO] 物体 1: GasCyl1 (置信度: 0.90)
2026-06-23 16:36:57 [INFO] 物体 2: GasCyl1 (置信度: 0.58)
2026-06-23 16:36:57 [INFO] 物体 3: FireExt1 (置信度: 0.52)
2026-06-23 16:36:57 [INFO] 准备保存检测结果到: C:\code\show\Scrap_Steel_In_Field\photos\dangerous_det\detection_20260623_163657.jpg
2026-06-23 16:36:57 [INFO] 图像形状: (2160, 3840, 3)
2026-06-23 16:36:57 [INFO] 图像数据类型: uint8
2026-06-23 16:36:57 [INFO] 图像最大值: 255
2026-06-23 16:36:57 [INFO] 图像最小值: 0
2026-06-23 16:36:57 [INFO] 开始保存检测结果图像: 图像尺寸=(2160, 3840, 3), 类型=uint8, 路径=C:\code\show\Scrap_Steel_In_Field\photos\dangerous_det\detection_20260623_163657.jpg
2026-06-23 16:36:57 [INFO] 成功保存检测结果到: C:\code\show\Scrap_Steel_In_Field\photos\dangerous_det\detection_20260623_163657.jpg
2026-06-23 16:36:57 [INFO] 保存的检测结果文件大小: 1620125 字节
2026-06-23 16:36:57 [INFO] 引擎上下文已释放
2026-06-23 16:36:57 [INFO] TensorRT 引擎已释放
2026-06-23 16:36:57 [INFO] 全局 CUDA 资源已释放
2026-06-23 16:36:57 [INFO] 检测系统资源已释放
2026-06-23 16:37:02 [INFO] CUDA 初始化成功
2026-06-23 16:37:02 [INFO] 引擎加载成功: dangerous.engine
2026-06-23 16:37:02 [INFO] 检测系统初始化成功
2026-06-23 16:37:02 [INFO] 图像预处理完成，原始尺寸: (2160, 3840)
2026-06-23 16:37:02 [INFO] 开始执行目标检测...
2026-06-23 16:37:02 [INFO] 检测完成，找到 3 个物体
2026-06-23 16:37:02 [INFO] 物体 1: GasCyl1 (置信度: 0.90)
2026-06-23 16:37:02 [INFO] 物体 2: GasCyl1 (置信度: 0.61)
2026-06-23 16:37:02 [INFO] 物体 3: FireExt1 (置信度: 0.52)
2026-06-23 16:37:02 [INFO] 检测到车兜区域，将过滤区域外的目标
2026-06-23 16:37:02 [INFO] 准备保存检测结果到: C:\code\show\Scrap_Steel_In_Field\photos\dangerous_det\detection_20260623_163702.jpg
2026-06-23 16:37:02 [INFO] 图像形状: (2160, 3840, 3)
2026-06-23 16:37:02 [INFO] 图像数据类型: uint8
2026-06-23 16:37:02 [INFO] 图像最大值: 255
2026-06-23 16:37:02 [INFO] 图像最小值: 0
2026-06-23 16:37:02 [INFO] 开始保存检测结果图像: 图像尺寸=(2160, 3840, 3), 类型=uint8, 路径=C:\code\show\Scrap_Steel_In_Field\photos\dangerous_det\detection_20260623_163702.jpg
2026-06-23 16:37:02 [INFO] 成功保存检测结果到: C:\code\show\Scrap_Steel_In_Field\photos\dangerous_det\detection_20260623_163702.jpg
2026-06-23 16:37:02 [INFO] 保存的检测结果文件大小: 2145088 字节
2026-06-23 16:37:02 [INFO] 引擎上下文已释放
2026-06-23 16:37:02 [INFO] TensorRT 引擎已释放
2026-06-23 16:37:02 [INFO] 全局 CUDA 资源已释放
2026-06-23 16:37:02 [INFO] 检测系统资源已释放
2026-06-23 16:37:07 [INFO] CUDA 初始化成功
2026-06-23 16:37:07 [INFO] 引擎加载成功: dangerous.engine
2026-06-23 16:37:07 [INFO] 检测系统初始化成功
2026-06-23 16:37:07 [INFO] 图像预处理完成，原始尺寸: (2160, 3840)
2026-06-23 16:37:07 [INFO] 开始执行目标检测...
2026-06-23 16:37:07 [INFO] 检测完成，找到 3 个物体
2026-06-23 16:37:07 [INFO] 物体 1: GasCyl1 (置信度: 0.90)
2026-06-23 16:37:07 [INFO] 物体 2: GasCyl1 (置信度: 0.69)
2026-06-23 16:37:07 [INFO] 物体 3: FireExt1 (置信度: 0.51)
2026-06-23 16:37:07 [INFO] 检测到车兜区域，将过滤区域外的目标
2026-06-23 16:37:07 [INFO] 准备保存检测结果到: C:\code\show\Scrap_Steel_In_Field\photos\dangerous_det\detection_20260623_163707.jpg
2026-06-23 16:37:07 [INFO] 图像形状: (2160, 3840, 3)
2026-06-23 16:37:07 [INFO] 图像数据类型: uint8
2026-06-23 16:37:07 [INFO] 图像最大值: 255
2026-06-23 16:37:07 [INFO] 图像最小值: 0
2026-06-23 16:37:07 [INFO] 开始保存检测结果图像: 图像尺寸=(2160, 3840, 3), 类型=uint8, 路径=C:\code\show\Scrap_Steel_In_Field\photos\dangerous_det\detection_20260623_163707.jpg
2026-06-23 16:37:07 [INFO] 成功保存检测结果到: C:\code\show\Scrap_Steel_In_Field\photos\dangerous_det\detection_20260623_163707.jpg
2026-06-23 16:37:07 [INFO] 保存的检测结果文件大小: 2215442 字节
2026-06-23 16:37:07 [INFO] 引擎上下文已释放
2026-06-23 16:37:07 [INFO] TensorRT 引擎已释放
2026-06-23 16:37:07 [INFO] 全局 CUDA 资源已释放
2026-06-23 16:37:07 [INFO] 检测系统资源已释放
2026-06-23 16:37:12 [INFO] CUDA 初始化成功
2026-06-23 16:37:12 [INFO] 引擎加载成功: dangerous.engine
2026-06-23 16:37:12 [INFO] 检测系统初始化成功
2026-06-23 16:37:12 [INFO] 图像预处理完成，原始尺寸: (2160, 3840)
2026-06-23 16:37:12 [INFO] 开始执行目标检测...
2026-06-23 16:37:12 [INFO] 检测完成，找到 3 个物体
2026-06-23 16:37:12 [INFO] 物体 1: GasCyl1 (置信度: 0.89)
2026-06-23 16:37:12 [INFO] 物体 2: GasCyl1 (置信度: 0.65)
2026-06-23 16:37:12 [INFO] 物体 3: FireExt1 (置信度: 0.50)
2026-06-23 16:37:12 [INFO] 检测到车兜区域，将过滤区域外的目标
2026-06-23 16:37:12 [INFO] 准备保存检测结果到: C:\code\show\Scrap_Steel_In_Field\photos\dangerous_det\detection_20260623_163712.jpg
2026-06-23 16:37:12 [INFO] 图像形状: (2160, 3840, 3)
2026-06-23 16:37:12 [INFO] 图像数据类型: uint8
2026-06-23 16:37:12 [INFO] 图像最大值: 255
2026-06-23 16:37:12 [INFO] 图像最小值: 0
2026-06-23 16:37:12 [INFO] 开始保存检测结果图像: 图像尺寸=(2160, 3840, 3), 类型=uint8, 路径=C:\code\show\Scrap_Steel_In_Field\photos\dangerous_det\detection_20260623_163712.jpg
2026-06-23 16:37:12 [INFO] 成功保存检测结果到: C:\code\show\Scrap_Steel_In_Field\photos\dangerous_det\detection_20260623_163712.jpg
2026-06-23 16:37:12 [INFO] 保存的检测结果文件大小: 2230496 字节
2026-06-23 16:37:12 [INFO] 引擎上下文已释放
2026-06-23 16:37:12 [INFO] TensorRT 引擎已释放
2026-06-23 16:37:12 [INFO] 全局 CUDA 资源已释放
2026-06-23 16:37:12 [INFO] 检测系统资源已释放
2026-06-23 16:37:17 [INFO] CUDA 初始化成功
2026-06-23 16:37:17 [INFO] 引擎加载成功: dangerous.engine
2026-06-23 16:37:17 [INFO] 检测系统初始化成功
2026-06-23 16:37:17 [INFO] 图像预处理完成，原始尺寸: (2160, 3840)
2026-06-23 16:37:17 [INFO] 开始执行目标检测...
2026-06-23 16:37:17 [INFO] 检测完成，找到 3 个物体
2026-06-23 16:37:17 [INFO] 物体 1: GasCyl1 (置信度: 0.90)
2026-06-23 16:37:17 [INFO] 物体 2: GasCyl1 (置信度: 0.74)
2026-06-23 16:37:17 [INFO] 物体 3: FireExt1 (置信度: 0.51)
2026-06-23 16:37:17 [INFO] 检测到车兜区域，将过滤区域外的目标
2026-06-23 16:37:17 [INFO] 准备保存检测结果到: C:\code\show\Scrap_Steel_In_Field\photos\dangerous_det\detection_20260623_163717.jpg
2026-06-23 16:37:17 [INFO] 图像形状: (2160, 3840, 3)
2026-06-23 16:37:17 [INFO] 图像数据类型: uint8
2026-06-23 16:37:17 [INFO] 图像最大值: 255
2026-06-23 16:37:17 [INFO] 图像最小值: 0
2026-06-23 16:37:17 [INFO] 开始保存检测结果图像: 图像尺寸=(2160, 3840, 3), 类型=uint8, 路径=C:\code\show\Scrap_Steel_In_Field\photos\dangerous_det\detection_20260623_163717.jpg
2026-06-23 16:37:17 [INFO] 成功保存检测结果到: C:\code\show\Scrap_Steel_In_Field\photos\dangerous_det\detection_20260623_163717.jpg
2026-06-23 16:37:17 [INFO] 保存的检测结果文件大小: 2232725 字节
2026-06-23 16:37:17 [INFO] 引擎上下文已释放
2026-06-23 16:37:17 [INFO] TensorRT 引擎已释放
2026-06-23 16:37:17 [INFO] 全局 CUDA 资源已释放
2026-06-23 16:37:17 [INFO] 检测系统资源已释放
2026-06-23 16:37:25 [INFO] CUDA 初始化成功
2026-06-23 16:37:25 [INFO] 引擎加载成功: dangerous.engine
2026-06-23 16:37:25 [INFO] 检测系统初始化成功
2026-06-23 16:37:25 [INFO] 图像预处理完成，原始尺寸: (2160, 3840)
2026-06-23 16:37:25 [INFO] 开始执行目标检测...
2026-06-23 16:37:25 [INFO] 检测完成，找到 3 个物体
2026-06-23 16:37:25 [INFO] 物体 1: GasCyl1 (置信度: 0.89)
2026-06-23 16:37:25 [INFO] 物体 2: GasCyl1 (置信度: 0.66)
2026-06-23 16:37:25 [INFO] 物体 3: FireExt1 (置信度: 0.50)
2026-06-23 16:37:25 [INFO] 检测到车兜区域，将过滤区域外的目标
2026-06-23 16:37:25 [INFO] 准备保存检测结果到: C:\code\show\Scrap_Steel_In_Field\photos\dangerous_det\detection_20260623_163725.jpg
2026-06-23 16:37:25 [INFO] 图像形状: (2160, 3840, 3)
2026-06-23 16:37:25 [INFO] 图像数据类型: uint8
2026-06-23 16:37:25 [INFO] 图像最大值: 255
2026-06-23 16:37:25 [INFO] 图像最小值: 0
2026-06-23 16:37:25 [INFO] 开始保存检测结果图像: 图像尺寸=(2160, 3840, 3), 类型=uint8, 路径=C:\code\show\Scrap_Steel_In_Field\photos\dangerous_det\detection_20260623_163725.jpg
2026-06-23 16:37:25 [INFO] 成功保存检测结果到: C:\code\show\Scrap_Steel_In_Field\photos\dangerous_det\detection_20260623_163725.jpg
2026-06-23 16:37:25 [INFO] 保存的检测结果文件大小: 2228473 字节
2026-06-23 16:37:25 [INFO] 引擎上下文已释放
2026-06-23 16:37:25 [INFO] TensorRT 引擎已释放
2026-06-23 16:37:25 [INFO] 全局 CUDA 资源已释放
2026-06-23 16:37:25 [INFO] 检测系统资源已释放
2026-06-23 16:37:29 [INFO] CUDA 初始化成功
2026-06-23 16:37:29 [INFO] 引擎加载成功: dangerous.engine
2026-06-23 16:37:29 [INFO] 检测系统初始化成功
2026-06-23 16:37:29 [INFO] 图像预处理完成，原始尺寸: (2160, 3840)
2026-06-23 16:37:29 [INFO] 开始执行目标检测...
2026-06-23 16:37:30 [INFO] 检测完成，找到 3 个物体
2026-06-23 16:37:30 [INFO] 物体 1: GasCyl1 (置信度: 0.90)
2026-06-23 16:37:30 [INFO] 物体 2: GasCyl1 (置信度: 0.71)
2026-06-23 16:37:30 [INFO] 物体 3: FireExt1 (置信度: 0.49)
2026-06-23 16:37:30 [INFO] 检测到车兜区域，将过滤区域外的目标
2026-06-23 16:37:30 [INFO] 准备保存检测结果到: C:\code\show\Scrap_Steel_In_Field\photos\dangerous_det\detection_20260623_163730.jpg
2026-06-23 16:37:30 [INFO] 图像形状: (2160, 3840, 3)
2026-06-23 16:37:30 [INFO] 图像数据类型: uint8
2026-06-23 16:37:30 [INFO] 图像最大值: 255
2026-06-23 16:37:30 [INFO] 图像最小值: 0
2026-06-23 16:37:30 [INFO] 开始保存检测结果图像: 图像尺寸=(2160, 3840, 3), 类型=uint8, 路径=C:\code\show\Scrap_Steel_In_Field\photos\dangerous_det\detection_20260623_163730.jpg
2026-06-23 16:37:30 [INFO] 成功保存检测结果到: C:\code\show\Scrap_Steel_In_Field\photos\dangerous_det\detection_20260623_163730.jpg
2026-06-23 16:37:30 [INFO] 保存的检测结果文件大小: 2236983 字节
2026-06-23 16:37:30 [INFO] 引擎上下文已释放
2026-06-23 16:37:30 [INFO] TensorRT 引擎已释放
2026-06-23 16:37:30 [INFO] 全局 CUDA 资源已释放
2026-06-23 16:37:30 [INFO] 检测系统资源已释放
2026-06-23 16:37:35 [INFO] CUDA 初始化成功
2026-06-23 16:37:35 [INFO] 引擎加载成功: dangerous.engine
2026-06-23 16:37:35 [INFO] 检测系统初始化成功
2026-06-23 16:37:35 [INFO] 图像预处理完成，原始尺寸: (2160, 3840)
2026-06-23 16:37:35 [INFO] 开始执行目标检测...
2026-06-23 16:37:35 [INFO] 检测完成，找到 3 个物体
2026-06-23 16:37:35 [INFO] 物体 1: GasCyl1 (置信度: 0.90)
2026-06-23 16:37:35 [INFO] 物体 2: GasCyl1 (置信度: 0.64)
2026-06-23 16:37:35 [INFO] 物体 3: FireExt1 (置信度: 0.52)
2026-06-23 16:37:35 [INFO] 检测到车兜区域，将过滤区域外的目标
2026-06-23 16:37:35 [INFO] 准备保存检测结果到: C:\code\show\Scrap_Steel_In_Field\photos\dangerous_det\detection_20260623_163735.jpg
2026-06-23 16:37:35 [INFO] 图像形状: (2160, 3840, 3)
2026-06-23 16:37:35 [INFO] 图像数据类型: uint8
2026-06-23 16:37:35 [INFO] 图像最大值: 255
2026-06-23 16:37:35 [INFO] 图像最小值: 0
2026-06-23 16:37:35 [INFO] 开始保存检测结果图像: 图像尺寸=(2160, 3840, 3), 类型=uint8, 路径=C:\code\show\Scrap_Steel_In_Field\photos\dangerous_det\detection_20260623_163735.jpg
2026-06-23 16:37:35 [INFO] 成功保存检测结果到: C:\code\show\Scrap_Steel_In_Field\photos\dangerous_det\detection_20260623_163735.jpg
2026-06-23 16:37:35 [INFO] 保存的检测结果文件大小: 2231542 字节
2026-06-23 16:37:35 [INFO] 引擎上下文已释放
2026-06-23 16:37:35 [INFO] TensorRT 引擎已释放
2026-06-23 16:37:35 [INFO] 全局 CUDA 资源已释放
2026-06-23 16:37:35 [INFO] 检测系统资源已释放
2026-06-23 16:37:40 [INFO] CUDA 初始化成功
2026-06-23 16:37:40 [INFO] 引擎加载成功: dangerous.engine
2026-06-23 16:37:40 [INFO] 检测系统初始化成功
2026-06-23 16:37:40 [INFO] 图像预处理完成，原始尺寸: (2160, 3840)
2026-06-23 16:37:40 [INFO] 开始执行目标检测...
2026-06-23 16:37:40 [INFO] 检测完成，找到 3 个物体
2026-06-23 16:37:40 [INFO] 物体 1: GasCyl1 (置信度: 0.90)
2026-06-23 16:37:40 [INFO] 物体 2: GasCyl1 (置信度: 0.76)
2026-06-23 16:37:40 [INFO] 物体 3: FireExt1 (置信度: 0.50)
2026-06-23 16:37:41 [INFO] 检测到车兜区域，将过滤区域外的目标
2026-06-23 16:37:41 [INFO] 准备保存检测结果到: C:\code\show\Scrap_Steel_In_Field\photos\dangerous_det\detection_20260623_163741.jpg
2026-06-23 16:37:41 [INFO] 图像形状: (2160, 3840, 3)
2026-06-23 16:37:41 [INFO] 图像数据类型: uint8
2026-06-23 16:37:41 [INFO] 图像最大值: 255
2026-06-23 16:37:41 [INFO] 图像最小值: 0
2026-06-23 16:37:41 [INFO] 开始保存检测结果图像: 图像尺寸=(2160, 3840, 3), 类型=uint8, 路径=C:\code\show\Scrap_Steel_In_Field\photos\dangerous_det\detection_20260623_163741.jpg
2026-06-23 16:37:41 [INFO] 成功保存检测结果到: C:\code\show\Scrap_Steel_In_Field\photos\dangerous_det\detection_20260623_163741.jpg
2026-06-23 16:37:41 [INFO] 保存的检测结果文件大小: 2229785 字节
2026-06-23 16:37:41 [INFO] 引擎上下文已释放
2026-06-23 16:37:41 [INFO] TensorRT 引擎已释放
2026-06-23 16:37:41 [INFO] 全局 CUDA 资源已释放
2026-06-23 16:37:41 [INFO] 检测系统资源已释放
2026-06-23 16:37:46 [INFO] CUDA 初始化成功
2026-06-23 16:37:46 [INFO] 引擎加载成功: dangerous.engine
2026-06-23 16:37:46 [INFO] 检测系统初始化成功
2026-06-23 16:37:46 [INFO] 图像预处理完成，原始尺寸: (2160, 3840)
2026-06-23 16:37:46 [INFO] 开始执行目标检测...
2026-06-23 16:37:46 [INFO] 检测完成，找到 3 个物体
2026-06-23 16:37:46 [INFO] 物体 1: GasCyl1 (置信度: 0.89)
2026-06-23 16:37:46 [INFO] 物体 2: GasCyl1 (置信度: 0.70)
2026-06-23 16:37:46 [INFO] 物体 3: FireExt1 (置信度: 0.50)
2026-06-23 16:37:46 [INFO] 检测到车兜区域，将过滤区域外的目标
2026-06-23 16:37:46 [INFO] 准备保存检测结果到: C:\code\show\Scrap_Steel_In_Field\photos\dangerous_det\detection_20260623_163746.jpg
2026-06-23 16:37:46 [INFO] 图像形状: (2160, 3840, 3)
2026-06-23 16:37:46 [INFO] 图像数据类型: uint8
2026-06-23 16:37:46 [INFO] 图像最大值: 255
2026-06-23 16:37:46 [INFO] 图像最小值: 0
2026-06-23 16:37:46 [INFO] 开始保存检测结果图像: 图像尺寸=(2160, 3840, 3), 类型=uint8, 路径=C:\code\show\Scrap_Steel_In_Field\photos\dangerous_det\detection_20260623_163746.jpg
2026-06-23 16:37:46 [INFO] 成功保存检测结果到: C:\code\show\Scrap_Steel_In_Field\photos\dangerous_det\detection_20260623_163746.jpg
2026-06-23 16:37:46 [INFO] 保存的检测结果文件大小: 2236656 字节
2026-06-23 16:37:46 [INFO] 引擎上下文已释放
2026-06-23 16:37:46 [INFO] TensorRT 引擎已释放
2026-06-23 16:37:46 [INFO] 全局 CUDA 资源已释放
2026-06-23 16:37:46 [INFO] 检测系统资源已释放
2026-06-23 16:37:51 [INFO] CUDA 初始化成功
2026-06-23 16:37:51 [INFO] 引擎加载成功: dangerous.engine
2026-06-23 16:37:51 [INFO] 检测系统初始化成功
2026-06-23 16:37:51 [INFO] 图像预处理完成，原始尺寸: (2160, 3840)
2026-06-23 16:37:51 [INFO] 开始执行目标检测...
2026-06-23 16:37:52 [INFO] 检测完成，找到 3 个物体
2026-06-23 16:37:52 [INFO] 物体 1: GasCyl1 (置信度: 0.91)
2026-06-23 16:37:52 [INFO] 物体 2: GasCyl1 (置信度: 0.76)
2026-06-23 16:37:52 [INFO] 物体 3: FireExt1 (置信度: 0.50)
2026-06-23 16:37:52 [INFO] 检测到车兜区域，将过滤区域外的目标
2026-06-23 16:37:52 [INFO] 准备保存检测结果到: C:\code\show\Scrap_Steel_In_Field\photos\dangerous_det\detection_20260623_163752.jpg
2026-06-23 16:37:52 [INFO] 图像形状: (2160, 3840, 3)
2026-06-23 16:37:52 [INFO] 图像数据类型: uint8
2026-06-23 16:37:52 [INFO] 图像最大值: 255
2026-06-23 16:37:52 [INFO] 图像最小值: 0
2026-06-23 16:37:52 [INFO] 开始保存检测结果图像: 图像尺寸=(2160, 3840, 3), 类型=uint8, 路径=C:\code\show\Scrap_Steel_In_Field\photos\dangerous_det\detection_20260623_163752.jpg
2026-06-23 16:37:52 [INFO] 成功保存检测结果到: C:\code\show\Scrap_Steel_In_Field\photos\dangerous_det\detection_20260623_163752.jpg
2026-06-23 16:37:52 [INFO] 保存的检测结果文件大小: 2202236 字节
2026-06-23 16:37:52 [INFO] 引擎上下文已释放
2026-06-23 16:37:52 [INFO] TensorRT 引擎已释放
2026-06-23 16:37:52 [INFO] 全局 CUDA 资源已释放
2026-06-23 16:37:52 [INFO] 检测系统资源已释放
2026-06-23 16:37:57 [INFO] CUDA 初始化成功
2026-06-23 16:37:57 [INFO] 引擎加载成功: dangerous.engine
2026-06-23 16:37:57 [INFO] 检测系统初始化成功
2026-06-23 16:37:57 [INFO] 图像预处理完成，原始尺寸: (2160, 3840)
2026-06-23 16:37:57 [INFO] 开始执行目标检测...
2026-06-23 16:37:57 [INFO] 检测完成，找到 2 个物体
2026-06-23 16:37:57 [INFO] 物体 1: FireExt1 (置信度: 0.51)
2026-06-23 16:37:57 [INFO] 物体 2: GasCyl1 (置信度: 0.45)
2026-06-23 16:37:57 [INFO] 准备保存检测结果到: C:\code\show\Scrap_Steel_In_Field\photos\dangerous_det\detection_20260623_163757.jpg
2026-06-23 16:37:57 [INFO] 图像形状: (2160, 3840, 3)
2026-06-23 16:37:57 [INFO] 图像数据类型: uint8
2026-06-23 16:37:57 [INFO] 图像最大值: 255
2026-06-23 16:37:57 [INFO] 图像最小值: 0
2026-06-23 16:37:57 [INFO] 开始保存检测结果图像: 图像尺寸=(2160, 3840, 3), 类型=uint8, 路径=C:\code\show\Scrap_Steel_In_Field\photos\dangerous_det\detection_20260623_163757.jpg
2026-06-23 16:37:57 [INFO] 成功保存检测结果到: C:\code\show\Scrap_Steel_In_Field\photos\dangerous_det\detection_20260623_163757.jpg
2026-06-23 16:37:57 [INFO] 保存的检测结果文件大小: 1874334 字节
2026-06-23 16:37:57 [INFO] 引擎上下文已释放
2026-06-23 16:37:57 [INFO] TensorRT 引擎已释放
2026-06-23 16:37:57 [INFO] 全局 CUDA 资源已释放
2026-06-23 16:37:57 [INFO] 检测系统资源已释放
2026-06-23 16:38:03 [INFO] CUDA 初始化成功
2026-06-23 16:38:03 [INFO] 引擎加载成功: dangerous.engine
2026-06-23 16:38:03 [INFO] 检测系统初始化成功
2026-06-23 16:38:03 [INFO] 图像预处理完成，原始尺寸: (2160, 3840)
2026-06-23 16:38:03 [INFO] 开始执行目标检测...
2026-06-23 16:38:03 [INFO] 检测完成，找到 3 个物体
2026-06-23 16:38:03 [INFO] 物体 1: GasCyl1 (置信度: 0.89)
2026-06-23 16:38:03 [INFO] 物体 2: GasCyl1 (置信度: 0.69)
2026-06-23 16:38:03 [INFO] 物体 3: FireExt1 (置信度: 0.55)
2026-06-23 16:38:03 [INFO] 检测到车兜区域，将过滤区域外的目标
2026-06-23 16:38:03 [INFO] 准备保存检测结果到: C:\code\show\Scrap_Steel_In_Field\photos\dangerous_det\detection_20260623_163803.jpg
2026-06-23 16:38:03 [INFO] 图像形状: (2160, 3840, 3)
2026-06-23 16:38:03 [INFO] 图像数据类型: uint8
2026-06-23 16:38:03 [INFO] 图像最大值: 255
2026-06-23 16:38:03 [INFO] 图像最小值: 0
2026-06-23 16:38:03 [INFO] 开始保存检测结果图像: 图像尺寸=(2160, 3840, 3), 类型=uint8, 路径=C:\code\show\Scrap_Steel_In_Field\photos\dangerous_det\detection_20260623_163803.jpg
2026-06-23 16:38:03 [INFO] 成功保存检测结果到: C:\code\show\Scrap_Steel_In_Field\photos\dangerous_det\detection_20260623_163803.jpg
2026-06-23 16:38:03 [INFO] 保存的检测结果文件大小: 1960681 字节
2026-06-23 16:38:03 [INFO] 引擎上下文已释放
2026-06-23 16:38:03 [INFO] TensorRT 引擎已释放
2026-06-23 16:38:03 [INFO] 全局 CUDA 资源已释放
2026-06-23 16:38:03 [INFO] 检测系统资源已释放
2026-06-23 16:38:08 [INFO] CUDA 初始化成功
2026-06-23 16:38:08 [INFO] 引擎加载成功: dangerous.engine
2026-06-23 16:38:08 [INFO] 检测系统初始化成功
2026-06-23 16:38:08 [INFO] 图像预处理完成，原始尺寸: (2160, 3840)
2026-06-23 16:38:08 [INFO] 开始执行目标检测...
2026-06-23 16:38:08 [INFO] 检测完成，找到 3 个物体
2026-06-23 16:38:08 [INFO] 物体 1: GasCyl1 (置信度: 0.91)
2026-06-23 16:38:08 [INFO] 物体 2: GasCyl1 (置信度: 0.65)
2026-06-23 16:38:08 [INFO] 物体 3: FireExt1 (置信度: 0.53)
2026-06-23 16:38:08 [INFO] 检测到车兜区域，将过滤区域外的目标
2026-06-23 16:38:08 [INFO] 准备保存检测结果到: C:\code\show\Scrap_Steel_In_Field\photos\dangerous_det\detection_20260623_163808.jpg
2026-06-23 16:38:08 [INFO] 图像形状: (2160, 3840, 3)
2026-06-23 16:38:08 [INFO] 图像数据类型: uint8
2026-06-23 16:38:08 [INFO] 图像最大值: 255
2026-06-23 16:38:08 [INFO] 图像最小值: 0
2026-06-23 16:38:08 [INFO] 开始保存检测结果图像: 图像尺寸=(2160, 3840, 3), 类型=uint8, 路径=C:\code\show\Scrap_Steel_In_Field\photos\dangerous_det\detection_20260623_163808.jpg
2026-06-23 16:38:08 [INFO] 成功保存检测结果到: C:\code\show\Scrap_Steel_In_Field\photos\dangerous_det\detection_20260623_163808.jpg
2026-06-23 16:38:08 [INFO] 保存的检测结果文件大小: 2232414 字节
2026-06-23 16:38:08 [INFO] 引擎上下文已释放
2026-06-23 16:38:08 [INFO] TensorRT 引擎已释放
2026-06-23 16:38:08 [INFO] 全局 CUDA 资源已释放
2026-06-23 16:38:08 [INFO] 检测系统资源已释放
2026-06-23 16:38:13 [INFO] CUDA 初始化成功
2026-06-23 16:38:13 [INFO] 引擎加载成功: dangerous.engine
2026-06-23 16:38:13 [INFO] 检测系统初始化成功
2026-06-23 16:38:13 [INFO] 图像预处理完成，原始尺寸: (2160, 3840)
2026-06-23 16:38:13 [INFO] 开始执行目标检测...
2026-06-23 16:38:13 [INFO] 检测完成，找到 3 个物体
2026-06-23 16:38:13 [INFO] 物体 1: GasCyl1 (置信度: 0.85)
2026-06-23 16:38:13 [INFO] 物体 2: GasCyl1 (置信度: 0.83)
2026-06-23 16:38:13 [INFO] 物体 3: FireExt1 (置信度: 0.46)
2026-06-23 16:38:13 [INFO] 准备保存检测结果到: C:\code\show\Scrap_Steel_In_Field\photos\dangerous_det\detection_20260623_163813.jpg
2026-06-23 16:38:13 [INFO] 图像形状: (2160, 3840, 3)
2026-06-23 16:38:13 [INFO] 图像数据类型: uint8
2026-06-23 16:38:13 [INFO] 图像最大值: 255
2026-06-23 16:38:13 [INFO] 图像最小值: 0
2026-06-23 16:38:13 [INFO] 开始保存检测结果图像: 图像尺寸=(2160, 3840, 3), 类型=uint8, 路径=C:\code\show\Scrap_Steel_In_Field\photos\dangerous_det\detection_20260623_163813.jpg
2026-06-23 16:38:13 [INFO] 成功保存检测结果到: C:\code\show\Scrap_Steel_In_Field\photos\dangerous_det\detection_20260623_163813.jpg
2026-06-23 16:38:13 [INFO] 保存的检测结果文件大小: 1882276 字节
2026-06-23 16:38:13 [INFO] 引擎上下文已释放
2026-06-23 16:38:13 [INFO] TensorRT 引擎已释放
2026-06-23 16:38:13 [INFO] 全局 CUDA 资源已释放
2026-06-23 16:38:13 [INFO] 检测系统资源已释放
2026-06-23 16:38:18 [INFO] CUDA 初始化成功
2026-06-23 16:38:18 [INFO] 引擎加载成功: dangerous.engine
2026-06-23 16:38:18 [INFO] 检测系统初始化成功
2026-06-23 16:38:18 [INFO] 图像预处理完成，原始尺寸: (2160, 3840)
2026-06-23 16:38:18 [INFO] 开始执行目标检测...
2026-06-23 16:38:18 [INFO] 检测完成，找到 3 个物体
2026-06-23 16:38:18 [INFO] 物体 1: GasCyl1 (置信度: 0.89)
2026-06-23 16:38:18 [INFO] 物体 2: FireExt1 (置信度: 0.54)
2026-06-23 16:38:18 [INFO] 物体 3: GasCyl1 (置信度: 0.44)
2026-06-23 16:38:18 [INFO] 检测到车兜区域，将过滤区域外的目标
2026-06-23 16:38:18 [INFO] 准备保存检测结果到: C:\code\show\Scrap_Steel_In_Field\photos\dangerous_det\detection_20260623_163818.jpg
2026-06-23 16:38:18 [INFO] 图像形状: (2160, 3840, 3)
2026-06-23 16:38:18 [INFO] 图像数据类型: uint8
2026-06-23 16:38:18 [INFO] 图像最大值: 255
2026-06-23 16:38:18 [INFO] 图像最小值: 0
2026-06-23 16:38:18 [INFO] 开始保存检测结果图像: 图像尺寸=(2160, 3840, 3), 类型=uint8, 路径=C:\code\show\Scrap_Steel_In_Field\photos\dangerous_det\detection_20260623_163818.jpg
2026-06-23 16:38:18 [INFO] 成功保存检测结果到: C:\code\show\Scrap_Steel_In_Field\photos\dangerous_det\detection_20260623_163818.jpg
2026-06-23 16:38:18 [INFO] 保存的检测结果文件大小: 1860831 字节
2026-06-23 16:38:18 [INFO] 引擎上下文已释放
2026-06-23 16:38:18 [INFO] TensorRT 引擎已释放
2026-06-23 16:38:18 [INFO] 全局 CUDA 资源已释放
2026-06-23 16:38:18 [INFO] 检测系统资源已释放
2026-06-23 16:38:24 [INFO] CUDA 初始化成功
2026-06-23 16:38:24 [INFO] 引擎加载成功: dangerous.engine
2026-06-23 16:38:24 [INFO] 检测系统初始化成功
2026-06-23 16:38:24 [INFO] 图像预处理完成，原始尺寸: (2160, 3840)
2026-06-23 16:38:24 [INFO] 开始执行目标检测...
2026-06-23 16:38:24 [INFO] 检测完成，找到 3 个物体
2026-06-23 16:38:24 [INFO] 物体 1: GasCyl1 (置信度: 0.90)
2026-06-23 16:38:24 [INFO] 物体 2: GasCyl1 (置信度: 0.58)
2026-06-23 16:38:24 [INFO] 物体 3: FireExt1 (置信度: 0.53)
2026-06-23 16:38:24 [INFO] 检测到车兜区域，将过滤区域外的目标
2026-06-23 16:38:24 [INFO] 准备保存检测结果到: C:\code\show\Scrap_Steel_In_Field\photos\dangerous_det\detection_20260623_163824.jpg
2026-06-23 16:38:24 [INFO] 图像形状: (2160, 3840, 3)
2026-06-23 16:38:24 [INFO] 图像数据类型: uint8
2026-06-23 16:38:24 [INFO] 图像最大值: 255
2026-06-23 16:38:24 [INFO] 图像最小值: 0
2026-06-23 16:38:24 [INFO] 开始保存检测结果图像: 图像尺寸=(2160, 3840, 3), 类型=uint8, 路径=C:\code\show\Scrap_Steel_In_Field\photos\dangerous_det\detection_20260623_163824.jpg
2026-06-23 16:38:24 [INFO] 成功保存检测结果到: C:\code\show\Scrap_Steel_In_Field\photos\dangerous_det\detection_20260623_163824.jpg
2026-06-23 16:38:24 [INFO] 保存的检测结果文件大小: 2242086 字节
2026-06-23 16:38:24 [INFO] 引擎上下文已释放
2026-06-23 16:38:24 [INFO] TensorRT 引擎已释放
2026-06-23 16:38:24 [INFO] 全局 CUDA 资源已释放
2026-06-23 16:38:24 [INFO] 检测系统资源已释放
2026-06-23 16:38:29 [INFO] CUDA 初始化成功
2026-06-23 16:38:29 [INFO] 引擎加载成功: dangerous.engine
2026-06-23 16:38:29 [INFO] 检测系统初始化成功
2026-06-23 16:38:29 [INFO] 图像预处理完成，原始尺寸: (2160, 3840)
2026-06-23 16:38:29 [INFO] 开始执行目标检测...
2026-06-23 16:38:29 [INFO] 检测完成，找到 2 个物体
2026-06-23 16:38:29 [INFO] 物体 1: GasCyl1 (置信度: 0.85)
2026-06-23 16:38:29 [INFO] 物体 2: GasCyl1 (置信度: 0.74)
2026-06-23 16:38:29 [INFO] 准备保存检测结果到: C:\code\show\Scrap_Steel_In_Field\photos\dangerous_det\detection_20260623_163829.jpg
2026-06-23 16:38:29 [INFO] 图像形状: (2160, 3840, 3)
2026-06-23 16:38:29 [INFO] 图像数据类型: uint8
2026-06-23 16:38:29 [INFO] 图像最大值: 255
2026-06-23 16:38:29 [INFO] 图像最小值: 0
2026-06-23 16:38:29 [INFO] 开始保存检测结果图像: 图像尺寸=(2160, 3840, 3), 类型=uint8, 路径=C:\code\show\Scrap_Steel_In_Field\photos\dangerous_det\detection_20260623_163829.jpg
2026-06-23 16:38:29 [INFO] 成功保存检测结果到: C:\code\show\Scrap_Steel_In_Field\photos\dangerous_det\detection_20260623_163829.jpg
2026-06-23 16:38:29 [INFO] 保存的检测结果文件大小: 1790143 字节
2026-06-23 16:38:29 [INFO] 引擎上下文已释放
2026-06-23 16:38:29 [INFO] TensorRT 引擎已释放
2026-06-23 16:38:29 [INFO] 全局 CUDA 资源已释放
2026-06-23 16:38:29 [INFO] 检测系统资源已释放
2026-06-23 16:38:34 [INFO] CUDA 初始化成功
2026-06-23 16:38:34 [INFO] 引擎加载成功: dangerous.engine
2026-06-23 16:38:34 [INFO] 检测系统初始化成功
2026-06-23 16:38:34 [INFO] 图像预处理完成，原始尺寸: (2160, 3840)
2026-06-23 16:38:34 [INFO] 开始执行目标检测...
2026-06-23 16:38:34 [INFO] 检测完成，找到 3 个物体
2026-06-23 16:38:34 [INFO] 物体 1: GasCyl1 (置信度: 0.89)
2026-06-23 16:38:34 [INFO] 物体 2: FireExt1 (置信度: 0.54)
2026-06-23 16:38:34 [INFO] 物体 3: FireExt1 (置信度: 0.42)
2026-06-23 16:38:34 [INFO] 检测到车兜区域，将过滤区域外的目标
2026-06-23 16:38:34 [INFO] 准备保存检测结果到: C:\code\show\Scrap_Steel_In_Field\photos\dangerous_det\detection_20260623_163834.jpg
2026-06-23 16:38:34 [INFO] 图像形状: (2160, 3840, 3)
2026-06-23 16:38:34 [INFO] 图像数据类型: uint8
2026-06-23 16:38:34 [INFO] 图像最大值: 255
2026-06-23 16:38:34 [INFO] 图像最小值: 0
2026-06-23 16:38:34 [INFO] 开始保存检测结果图像: 图像尺寸=(2160, 3840, 3), 类型=uint8, 路径=C:\code\show\Scrap_Steel_In_Field\photos\dangerous_det\detection_20260623_163834.jpg
2026-06-23 16:38:34 [INFO] 成功保存检测结果到: C:\code\show\Scrap_Steel_In_Field\photos\dangerous_det\detection_20260623_163834.jpg
2026-06-23 16:38:34 [INFO] 保存的检测结果文件大小: 1666356 字节
2026-06-23 16:38:34 [INFO] 引擎上下文已释放
2026-06-23 16:38:34 [INFO] TensorRT 引擎已释放
2026-06-23 16:38:34 [INFO] 全局 CUDA 资源已释放
2026-06-23 16:38:34 [INFO] 检测系统资源已释放
2026-06-23 16:38:39 [INFO] CUDA 初始化成功
2026-06-23 16:38:39 [INFO] 引擎加载成功: dangerous.engine
2026-06-23 16:38:39 [INFO] 检测系统初始化成功
2026-06-23 16:38:39 [INFO] 图像预处理完成，原始尺寸: (2160, 3840)
2026-06-23 16:38:39 [INFO] 开始执行目标检测...
2026-06-23 16:38:40 [INFO] 检测完成，找到 3 个物体
2026-06-23 16:38:40 [INFO] 物体 1: GasCyl1 (置信度: 0.90)
2026-06-23 16:38:40 [INFO] 物体 2: GasCyl1 (置信度: 0.71)
2026-06-23 16:38:40 [INFO] 物体 3: FireExt1 (置信度: 0.52)
2026-06-23 16:38:40 [INFO] 检测到车兜区域，将过滤区域外的目标
2026-06-23 16:38:40 [INFO] 准备保存检测结果到: C:\code\show\Scrap_Steel_In_Field\photos\dangerous_det\detection_20260623_163840.jpg
2026-06-23 16:38:40 [INFO] 图像形状: (2160, 3840, 3)
2026-06-23 16:38:40 [INFO] 图像数据类型: uint8
2026-06-23 16:38:40 [INFO] 图像最大值: 255
2026-06-23 16:38:40 [INFO] 图像最小值: 0
2026-06-23 16:38:40 [INFO] 开始保存检测结果图像: 图像尺寸=(2160, 3840, 3), 类型=uint8, 路径=C:\code\show\Scrap_Steel_In_Field\photos\dangerous_det\detection_20260623_163840.jpg
2026-06-23 16:38:40 [INFO] 成功保存检测结果到: C:\code\show\Scrap_Steel_In_Field\photos\dangerous_det\detection_20260623_163840.jpg
2026-06-23 16:38:40 [INFO] 保存的检测结果文件大小: 2233930 字节
2026-06-23 16:38:40 [INFO] 引擎上下文已释放
2026-06-23 16:38:40 [INFO] TensorRT 引擎已释放
2026-06-23 16:38:40 [INFO] 全局 CUDA 资源已释放
2026-06-23 16:38:40 [INFO] 检测系统资源已释放
2026-06-23 16:38:45 [INFO] CUDA 初始化成功
2026-06-23 16:38:45 [INFO] 引擎加载成功: dangerous.engine
2026-06-23 16:38:45 [INFO] 检测系统初始化成功
2026-06-23 16:38:45 [INFO] 图像预处理完成，原始尺寸: (2160, 3840)
2026-06-23 16:38:45 [INFO] 开始执行目标检测...
2026-06-23 16:38:45 [INFO] 检测完成，找到 3 个物体
2026-06-23 16:38:45 [INFO] 物体 1: GasCyl1 (置信度: 0.90)
2026-06-23 16:38:45 [INFO] 物体 2: GasCyl1 (置信度: 0.59)
2026-06-23 16:38:45 [INFO] 物体 3: FireExt1 (置信度: 0.54)
2026-06-23 16:38:45 [INFO] 检测到车兜区域，将过滤区域外的目标
2026-06-23 16:38:45 [INFO] 准备保存检测结果到: C:\code\show\Scrap_Steel_In_Field\photos\dangerous_det\detection_20260623_163845.jpg
2026-06-23 16:38:45 [INFO] 图像形状: (2160, 3840, 3)
2026-06-23 16:38:45 [INFO] 图像数据类型: uint8
2026-06-23 16:38:45 [INFO] 图像最大值: 255
2026-06-23 16:38:45 [INFO] 图像最小值: 0
2026-06-23 16:38:45 [INFO] 开始保存检测结果图像: 图像尺寸=(2160, 3840, 3), 类型=uint8, 路径=C:\code\show\Scrap_Steel_In_Field\photos\dangerous_det\detection_20260623_163845.jpg
2026-06-23 16:38:45 [INFO] 成功保存检测结果到: C:\code\show\Scrap_Steel_In_Field\photos\dangerous_det\detection_20260623_163845.jpg
2026-06-23 16:38:45 [INFO] 保存的检测结果文件大小: 2252604 字节
2026-06-23 16:38:45 [INFO] 引擎上下文已释放
2026-06-23 16:38:45 [INFO] TensorRT 引擎已释放
2026-06-23 16:38:45 [INFO] 全局 CUDA 资源已释放
2026-06-23 16:38:45 [INFO] 检测系统资源已释放
2026-06-23 16:38:50 [INFO] CUDA 初始化成功
2026-06-23 16:38:50 [INFO] 引擎加载成功: dangerous.engine
2026-06-23 16:38:50 [INFO] 检测系统初始化成功
2026-06-23 16:38:50 [INFO] 图像预处理完成，原始尺寸: (2160, 3840)
2026-06-23 16:38:50 [INFO] 开始执行目标检测...
2026-06-23 16:38:50 [INFO] 检测完成，找到 5 个物体
2026-06-23 16:38:50 [INFO] 物体 1: GasCyl1 (置信度: 0.90)
2026-06-23 16:38:50 [INFO] 物体 2: GasCyl1 (置信度: 0.65)
2026-06-23 16:38:50 [INFO] 物体 3: FireExt1 (置信度: 0.53)
2026-06-23 16:38:50 [INFO] 物体 4: FireExt1 (置信度: 0.42)
2026-06-23 16:38:50 [INFO] 物体 5: FireExt1 (置信度: 0.37)
2026-06-23 16:38:50 [INFO] 检测到车兜区域，将过滤区域外的目标
2026-06-23 16:38:50 [INFO] 车兜区域过滤: 5 -> 3 个目标
2026-06-23 16:38:50 [INFO] 准备保存检测结果到: C:\code\show\Scrap_Steel_In_Field\photos\dangerous_det\detection_20260623_163850.jpg
2026-06-23 16:38:50 [INFO] 图像形状: (2160, 3840, 3)
2026-06-23 16:38:50 [INFO] 图像数据类型: uint8
2026-06-23 16:38:50 [INFO] 图像最大值: 255
2026-06-23 16:38:50 [INFO] 图像最小值: 0
2026-06-23 16:38:50 [INFO] 开始保存检测结果图像: 图像尺寸=(2160, 3840, 3), 类型=uint8, 路径=C:\code\show\Scrap_Steel_In_Field\photos\dangerous_det\detection_20260623_163850.jpg
2026-06-23 16:38:50 [INFO] 成功保存检测结果到: C:\code\show\Scrap_Steel_In_Field\photos\dangerous_det\detection_20260623_163850.jpg
2026-06-23 16:38:50 [INFO] 保存的检测结果文件大小: 2251518 字节
2026-06-23 16:38:50 [INFO] 引擎上下文已释放
2026-06-23 16:38:50 [INFO] TensorRT 引擎已释放
2026-06-23 16:38:50 [INFO] 全局 CUDA 资源已释放
2026-06-23 16:38:50 [INFO] 检测系统资源已释放
2026-06-23 16:38:55 [INFO] CUDA 初始化成功
2026-06-23 16:38:56 [INFO] 引擎加载成功: dangerous.engine
2026-06-23 16:38:56 [INFO] 检测系统初始化成功
2026-06-23 16:38:56 [INFO] 图像预处理完成，原始尺寸: (2160, 3840)
2026-06-23 16:38:56 [INFO] 开始执行目标检测...
2026-06-23 16:38:56 [INFO] 检测完成，找到 4 个物体
2026-06-23 16:38:56 [INFO] 物体 1: GasCyl1 (置信度: 0.90)
2026-06-23 16:38:56 [INFO] 物体 2: GasCyl1 (置信度: 0.62)
2026-06-23 16:38:56 [INFO] 物体 3: FireExt1 (置信度: 0.50)
2026-06-23 16:38:56 [INFO] 物体 4: FireExt1 (置信度: 0.36)
2026-06-23 16:38:56 [INFO] 检测到车兜区域，将过滤区域外的目标
2026-06-23 16:38:56 [INFO] 车兜区域过滤: 4 -> 3 个目标
2026-06-23 16:38:56 [INFO] 准备保存检测结果到: C:\code\show\Scrap_Steel_In_Field\photos\dangerous_det\detection_20260623_163856.jpg
2026-06-23 16:38:56 [INFO] 图像形状: (2160, 3840, 3)
2026-06-23 16:38:56 [INFO] 图像数据类型: uint8
2026-06-23 16:38:56 [INFO] 图像最大值: 255
2026-06-23 16:38:56 [INFO] 图像最小值: 0
2026-06-23 16:38:56 [INFO] 开始保存检测结果图像: 图像尺寸=(2160, 3840, 3), 类型=uint8, 路径=C:\code\show\Scrap_Steel_In_Field\photos\dangerous_det\detection_20260623_163856.jpg
2026-06-23 16:38:56 [INFO] 成功保存检测结果到: C:\code\show\Scrap_Steel_In_Field\photos\dangerous_det\detection_20260623_163856.jpg
2026-06-23 16:38:56 [INFO] 保存的检测结果文件大小: 2268087 字节
2026-06-23 16:38:56 [INFO] 引擎上下文已释放
2026-06-23 16:38:56 [INFO] TensorRT 引擎已释放
2026-06-23 16:38:56 [INFO] 全局 CUDA 资源已释放
2026-06-23 16:38:56 [INFO] 检测系统资源已释放
2026-06-23 16:39:01 [INFO] CUDA 初始化成功
2026-06-23 16:39:01 [INFO] 引擎加载成功: dangerous.engine
2026-06-23 16:39:01 [INFO] 检测系统初始化成功
2026-06-23 16:39:01 [INFO] 图像预处理完成，原始尺寸: (2160, 3840)
2026-06-23 16:39:01 [INFO] 开始执行目标检测...
2026-06-23 16:39:01 [INFO] 检测完成，找到 5 个物体
2026-06-23 16:39:01 [INFO] 物体 1: GasCyl1 (置信度: 0.90)
2026-06-23 16:39:01 [INFO] 物体 2: GasCyl1 (置信度: 0.73)
2026-06-23 16:39:01 [INFO] 物体 3: FireExt1 (置信度: 0.49)
2026-06-23 16:39:01 [INFO] 物体 4: FireExt1 (置信度: 0.40)
2026-06-23 16:39:01 [INFO] 物体 5: FireExt1 (置信度: 0.35)
2026-06-23 16:39:01 [INFO] 检测到车兜区域，将过滤区域外的目标
2026-06-23 16:39:01 [INFO] 车兜区域过滤: 5 -> 3 个目标
2026-06-23 16:39:01 [INFO] 准备保存检测结果到: C:\code\show\Scrap_Steel_In_Field\photos\dangerous_det\detection_20260623_163901.jpg
2026-06-23 16:39:01 [INFO] 图像形状: (2160, 3840, 3)
2026-06-23 16:39:01 [INFO] 图像数据类型: uint8
2026-06-23 16:39:01 [INFO] 图像最大值: 255
2026-06-23 16:39:01 [INFO] 图像最小值: 0
2026-06-23 16:39:01 [INFO] 开始保存检测结果图像: 图像尺寸=(2160, 3840, 3), 类型=uint8, 路径=C:\code\show\Scrap_Steel_In_Field\photos\dangerous_det\detection_20260623_163901.jpg
2026-06-23 16:39:01 [INFO] 成功保存检测结果到: C:\code\show\Scrap_Steel_In_Field\photos\dangerous_det\detection_20260623_163901.jpg
2026-06-23 16:39:01 [INFO] 保存的检测结果文件大小: 2262954 字节
2026-06-23 16:39:01 [INFO] 引擎上下文已释放
2026-06-23 16:39:01 [INFO] TensorRT 引擎已释放
2026-06-23 16:39:01 [INFO] 全局 CUDA 资源已释放
2026-06-23 16:39:01 [INFO] 检测系统资源已释放
2026-06-23 16:39:06 [INFO] CUDA 初始化成功
2026-06-23 16:39:06 [INFO] 引擎加载成功: dangerous.engine
2026-06-23 16:39:06 [INFO] 检测系统初始化成功
2026-06-23 16:39:06 [INFO] 图像预处理完成，原始尺寸: (2160, 3840)
2026-06-23 16:39:06 [INFO] 开始执行目标检测...
2026-06-23 16:39:06 [INFO] 检测完成，找到 4 个物体
2026-06-23 16:39:06 [INFO] 物体 1: GasCyl1 (置信度: 0.89)
2026-06-23 16:39:06 [INFO] 物体 2: GasCyl1 (置信度: 0.57)
2026-06-23 16:39:06 [INFO] 物体 3: FireExt1 (置信度: 0.50)
2026-06-23 16:39:06 [INFO] 物体 4: FireExt1 (置信度: 0.39)
2026-06-23 16:39:06 [INFO] 检测到车兜区域，将过滤区域外的目标
2026-06-23 16:39:06 [INFO] 车兜区域过滤: 4 -> 3 个目标
2026-06-23 16:39:06 [INFO] 准备保存检测结果到: C:\code\show\Scrap_Steel_In_Field\photos\dangerous_det\detection_20260623_163906.jpg
2026-06-23 16:39:06 [INFO] 图像形状: (2160, 3840, 3)
2026-06-23 16:39:06 [INFO] 图像数据类型: uint8
2026-06-23 16:39:06 [INFO] 图像最大值: 255
2026-06-23 16:39:06 [INFO] 图像最小值: 0
2026-06-23 16:39:06 [INFO] 开始保存检测结果图像: 图像尺寸=(2160, 3840, 3), 类型=uint8, 路径=C:\code\show\Scrap_Steel_In_Field\photos\dangerous_det\detection_20260623_163906.jpg
2026-06-23 16:39:06 [INFO] 成功保存检测结果到: C:\code\show\Scrap_Steel_In_Field\photos\dangerous_det\detection_20260623_163906.jpg
2026-06-23 16:39:06 [INFO] 保存的检测结果文件大小: 2268347 字节
2026-06-23 16:39:06 [INFO] 引擎上下文已释放
2026-06-23 16:39:06 [INFO] TensorRT 引擎已释放
2026-06-23 16:39:06 [INFO] 全局 CUDA 资源已释放
2026-06-23 16:39:06 [INFO] 检测系统资源已释放
2026-06-23 16:39:11 [INFO] CUDA 初始化成功
2026-06-23 16:39:11 [INFO] 引擎加载成功: dangerous.engine
2026-06-23 16:39:11 [INFO] 检测系统初始化成功
2026-06-23 16:39:11 [INFO] 图像预处理完成，原始尺寸: (2160, 3840)
2026-06-23 16:39:11 [INFO] 开始执行目标检测...
2026-06-23 16:39:12 [INFO] 检测完成，找到 4 个物体
2026-06-23 16:39:12 [INFO] 物体 1: GasCyl1 (置信度: 0.90)
2026-06-23 16:39:12 [INFO] 物体 2: GasCyl1 (置信度: 0.70)
2026-06-23 16:39:12 [INFO] 物体 3: FireExt1 (置信度: 0.52)
2026-06-23 16:39:12 [INFO] 物体 4: FireExt1 (置信度: 0.41)
2026-06-23 16:39:12 [INFO] 检测到车兜区域，将过滤区域外的目标
2026-06-23 16:39:12 [INFO] 车兜区域过滤: 4 -> 3 个目标
2026-06-23 16:39:12 [INFO] 准备保存检测结果到: C:\code\show\Scrap_Steel_In_Field\photos\dangerous_det\detection_20260623_163912.jpg
2026-06-23 16:39:12 [INFO] 图像形状: (2160, 3840, 3)
2026-06-23 16:39:12 [INFO] 图像数据类型: uint8
2026-06-23 16:39:12 [INFO] 图像最大值: 255
2026-06-23 16:39:12 [INFO] 图像最小值: 0
2026-06-23 16:39:12 [INFO] 开始保存检测结果图像: 图像尺寸=(2160, 3840, 3), 类型=uint8, 路径=C:\code\show\Scrap_Steel_In_Field\photos\dangerous_det\detection_20260623_163912.jpg
2026-06-23 16:39:12 [INFO] 成功保存检测结果到: C:\code\show\Scrap_Steel_In_Field\photos\dangerous_det\detection_20260623_163912.jpg
2026-06-23 16:39:12 [INFO] 保存的检测结果文件大小: 2254025 字节
2026-06-23 16:39:12 [INFO] 引擎上下文已释放
2026-06-23 16:39:12 [INFO] TensorRT 引擎已释放
2026-06-23 16:39:12 [INFO] 全局 CUDA 资源已释放
2026-06-23 16:39:12 [INFO] 检测系统资源已释放
2026-06-23 16:39:17 [INFO] CUDA 初始化成功
2026-06-23 16:39:17 [INFO] 引擎加载成功: dangerous.engine
2026-06-23 16:39:17 [INFO] 检测系统初始化成功
2026-06-23 16:39:17 [INFO] 图像预处理完成，原始尺寸: (2160, 3840)
2026-06-23 16:39:17 [INFO] 开始执行目标检测...
2026-06-23 16:39:17 [INFO] 检测完成，找到 4 个物体
2026-06-23 16:39:17 [INFO] 物体 1: GasCyl1 (置信度: 0.59)
2026-06-23 16:39:17 [INFO] 物体 2: FireExt1 (置信度: 0.53)
2026-06-23 16:39:17 [INFO] 物体 3: FireExt1 (置信度: 0.40)
2026-06-23 16:39:17 [INFO] 物体 4: FireExt1 (置信度: 0.38)
2026-06-23 16:39:17 [INFO] 准备保存检测结果到: C:\code\show\Scrap_Steel_In_Field\photos\dangerous_det\detection_20260623_163917.jpg
2026-06-23 16:39:17 [INFO] 图像形状: (2160, 3840, 3)
2026-06-23 16:39:17 [INFO] 图像数据类型: uint8
2026-06-23 16:39:17 [INFO] 图像最大值: 255
2026-06-23 16:39:17 [INFO] 图像最小值: 0
2026-06-23 16:39:17 [INFO] 开始保存检测结果图像: 图像尺寸=(2160, 3840, 3), 类型=uint8, 路径=C:\code\show\Scrap_Steel_In_Field\photos\dangerous_det\detection_20260623_163917.jpg
2026-06-23 16:39:17 [INFO] 成功保存检测结果到: C:\code\show\Scrap_Steel_In_Field\photos\dangerous_det\detection_20260623_163917.jpg
2026-06-23 16:39:17 [INFO] 保存的检测结果文件大小: 1769469 字节
2026-06-23 16:39:17 [INFO] 引擎上下文已释放
2026-06-23 16:39:17 [INFO] TensorRT 引擎已释放
2026-06-23 16:39:17 [INFO] 全局 CUDA 资源已释放
2026-06-23 16:39:17 [INFO] 检测系统资源已释放
2026-06-23 16:39:22 [INFO] CUDA 初始化成功
2026-06-23 16:39:22 [INFO] 引擎加载成功: dangerous.engine
2026-06-23 16:39:22 [INFO] 检测系统初始化成功
2026-06-23 16:39:22 [INFO] 图像预处理完成，原始尺寸: (2160, 3840)
2026-06-23 16:39:22 [INFO] 开始执行目标检测...
2026-06-23 16:39:22 [INFO] 检测完成，找到 4 个物体
2026-06-23 16:39:22 [INFO] 物体 1: GasCyl1 (置信度: 0.89)
2026-06-23 16:39:22 [INFO] 物体 2: FireExt1 (置信度: 0.54)
2026-06-23 16:39:22 [INFO] 物体 3: GasCyl1 (置信度: 0.43)
2026-06-23 16:39:22 [INFO] 物体 4: FireExt1 (置信度: 0.38)
2026-06-23 16:39:22 [INFO] 检测到车兜区域，将过滤区域外的目标
2026-06-23 16:39:22 [INFO] 车兜区域过滤: 4 -> 3 个目标
2026-06-23 16:39:22 [INFO] 准备保存检测结果到: C:\code\show\Scrap_Steel_In_Field\photos\dangerous_det\detection_20260623_163922.jpg
2026-06-23 16:39:22 [INFO] 图像形状: (2160, 3840, 3)
2026-06-23 16:39:22 [INFO] 图像数据类型: uint8
2026-06-23 16:39:22 [INFO] 图像最大值: 255
2026-06-23 16:39:22 [INFO] 图像最小值: 0
2026-06-23 16:39:22 [INFO] 开始保存检测结果图像: 图像尺寸=(2160, 3840, 3), 类型=uint8, 路径=C:\code\show\Scrap_Steel_In_Field\photos\dangerous_det\detection_20260623_163922.jpg
2026-06-23 16:39:22 [INFO] 成功保存检测结果到: C:\code\show\Scrap_Steel_In_Field\photos\dangerous_det\detection_20260623_163922.jpg
2026-06-23 16:39:22 [INFO] 保存的检测结果文件大小: 1732674 字节
2026-06-23 16:39:22 [INFO] 引擎上下文已释放
2026-06-23 16:39:22 [INFO] TensorRT 引擎已释放
2026-06-23 16:39:22 [INFO] 全局 CUDA 资源已释放
2026-06-23 16:39:22 [INFO] 检测系统资源已释放
2026-06-23 16:39:28 [INFO] CUDA 初始化成功
2026-06-23 16:39:28 [INFO] 引擎加载成功: dangerous.engine
2026-06-23 16:39:28 [INFO] 检测系统初始化成功
2026-06-23 16:39:28 [INFO] 图像预处理完成，原始尺寸: (2160, 3840)
2026-06-23 16:39:28 [INFO] 开始执行目标检测...
2026-06-23 16:39:28 [INFO] 检测完成，找到 4 个物体
2026-06-23 16:39:28 [INFO] 物体 1: GasCyl1 (置信度: 0.90)
2026-06-23 16:39:28 [INFO] 物体 2: GasCyl1 (置信度: 0.58)
2026-06-23 16:39:28 [INFO] 物体 3: FireExt1 (置信度: 0.51)
2026-06-23 16:39:28 [INFO] 物体 4: FireExt1 (置信度: 0.36)
2026-06-23 16:39:28 [INFO] 检测到车兜区域，将过滤区域外的目标
2026-06-23 16:39:28 [INFO] 车兜区域过滤: 4 -> 3 个目标
2026-06-23 16:39:28 [INFO] 准备保存检测结果到: C:\code\show\Scrap_Steel_In_Field\photos\dangerous_det\detection_20260623_163928.jpg
2026-06-23 16:39:28 [INFO] 图像形状: (2160, 3840, 3)
2026-06-23 16:39:28 [INFO] 图像数据类型: uint8
2026-06-23 16:39:28 [INFO] 图像最大值: 255
2026-06-23 16:39:28 [INFO] 图像最小值: 0
2026-06-23 16:39:28 [INFO] 开始保存检测结果图像: 图像尺寸=(2160, 3840, 3), 类型=uint8, 路径=C:\code\show\Scrap_Steel_In_Field\photos\dangerous_det\detection_20260623_163928.jpg
2026-06-23 16:39:28 [INFO] 成功保存检测结果到: C:\code\show\Scrap_Steel_In_Field\photos\dangerous_det\detection_20260623_163928.jpg
2026-06-23 16:39:28 [INFO] 保存的检测结果文件大小: 2267702 字节
2026-06-23 16:39:28 [INFO] 引擎上下文已释放
2026-06-23 16:39:28 [INFO] TensorRT 引擎已释放
2026-06-23 16:39:28 [INFO] 全局 CUDA 资源已释放
2026-06-23 16:39:28 [INFO] 检测系统资源已释放
2026-06-23 16:39:33 [INFO] CUDA 初始化成功
2026-06-23 16:39:34 [INFO] 引擎加载成功: dangerous.engine
2026-06-23 16:39:34 [INFO] 检测系统初始化成功
2026-06-23 16:39:34 [INFO] 图像预处理完成，原始尺寸: (2160, 3840)
2026-06-23 16:39:34 [INFO] 开始执行目标检测...
2026-06-23 16:39:34 [INFO] 检测完成，找到 5 个物体
2026-06-23 16:39:34 [INFO] 物体 1: GasCyl1 (置信度: 0.89)
2026-06-23 16:39:34 [INFO] 物体 2: GasCyl1 (置信度: 0.71)
2026-06-23 16:39:34 [INFO] 物体 3: FireExt1 (置信度: 0.57)
2026-06-23 16:39:34 [INFO] 物体 4: FireExt1 (置信度: 0.50)
2026-06-23 16:39:34 [INFO] 物体 5: FireExt1 (置信度: 0.38)
2026-06-23 16:39:34 [INFO] 检测到车兜区域，将过滤区域外的目标
2026-06-23 16:39:34 [INFO] 车兜区域过滤: 5 -> 3 个目标
2026-06-23 16:39:34 [INFO] 准备保存检测结果到: C:\code\show\Scrap_Steel_In_Field\photos\dangerous_det\detection_20260623_163934.jpg
2026-06-23 16:39:34 [INFO] 图像形状: (2160, 3840, 3)
2026-06-23 16:39:34 [INFO] 图像数据类型: uint8
2026-06-23 16:39:34 [INFO] 图像最大值: 255
2026-06-23 16:39:34 [INFO] 图像最小值: 0
2026-06-23 16:39:34 [INFO] 开始保存检测结果图像: 图像尺寸=(2160, 3840, 3), 类型=uint8, 路径=C:\code\show\Scrap_Steel_In_Field\photos\dangerous_det\detection_20260623_163934.jpg
2026-06-23 16:39:34 [INFO] 成功保存检测结果到: C:\code\show\Scrap_Steel_In_Field\photos\dangerous_det\detection_20260623_163934.jpg
2026-06-23 16:39:34 [INFO] 保存的检测结果文件大小: 2266241 字节
2026-06-23 16:39:34 [INFO] 引擎上下文已释放
2026-06-23 16:39:34 [INFO] TensorRT 引擎已释放
2026-06-23 16:39:34 [INFO] 全局 CUDA 资源已释放
2026-06-23 16:39:34 [INFO] 检测系统资源已释放
2026-06-23 16:39:38 [INFO] CUDA 初始化成功
2026-06-23 16:39:38 [INFO] 引擎加载成功: dangerous.engine
2026-06-23 16:39:38 [INFO] 检测系统初始化成功
2026-06-23 16:39:38 [INFO] 图像预处理完成，原始尺寸: (2160, 3840)
2026-06-23 16:39:38 [INFO] 开始执行目标检测...
2026-06-23 16:39:38 [INFO] 检测完成，找到 4 个物体
2026-06-23 16:39:38 [INFO] 物体 1: GasCyl1 (置信度: 0.89)
2026-06-23 16:39:38 [INFO] 物体 2: GasCyl1 (置信度: 0.67)
2026-06-23 16:39:38 [INFO] 物体 3: FireExt1 (置信度: 0.56)
2026-06-23 16:39:38 [INFO] 物体 4: GasCyl1 (置信度: 0.53)
2026-06-23 16:39:39 [INFO] 检测到车兜区域，将过滤区域外的目标
2026-06-23 16:39:39 [INFO] 车兜区域过滤: 4 -> 3 个目标
2026-06-23 16:39:39 [INFO] 准备保存检测结果到: C:\code\show\Scrap_Steel_In_Field\photos\dangerous_det\detection_20260623_163939.jpg
2026-06-23 16:39:39 [INFO] 图像形状: (2160, 3840, 3)
2026-06-23 16:39:39 [INFO] 图像数据类型: uint8
2026-06-23 16:39:39 [INFO] 图像最大值: 255
2026-06-23 16:39:39 [INFO] 图像最小值: 0
2026-06-23 16:39:39 [INFO] 开始保存检测结果图像: 图像尺寸=(2160, 3840, 3), 类型=uint8, 路径=C:\code\show\Scrap_Steel_In_Field\photos\dangerous_det\detection_20260623_163939.jpg
2026-06-23 16:39:39 [INFO] 成功保存检测结果到: C:\code\show\Scrap_Steel_In_Field\photos\dangerous_det\detection_20260623_163939.jpg
2026-06-23 16:39:39 [INFO] 保存的检测结果文件大小: 2272286 字节
2026-06-23 16:39:39 [INFO] 引擎上下文已释放
2026-06-23 16:39:39 [INFO] TensorRT 引擎已释放
2026-06-23 16:39:39 [INFO] 全局 CUDA 资源已释放
2026-06-23 16:39:39 [INFO] 检测系统资源已释放
2026-06-23 16:39:44 [INFO] CUDA 初始化成功
2026-06-23 16:39:44 [INFO] 引擎加载成功: dangerous.engine
2026-06-23 16:39:44 [INFO] 检测系统初始化成功
2026-06-23 16:39:44 [INFO] 图像预处理完成，原始尺寸: (2160, 3840)
2026-06-23 16:39:44 [INFO] 开始执行目标检测...
2026-06-23 16:39:44 [INFO] 检测完成，找到 4 个物体
2026-06-23 16:39:44 [INFO] 物体 1: GasCyl1 (置信度: 0.90)
2026-06-23 16:39:44 [INFO] 物体 2: GasCyl1 (置信度: 0.64)
2026-06-23 16:39:44 [INFO] 物体 3: FireExt1 (置信度: 0.56)
2026-06-23 16:39:44 [INFO] 物体 4: FireExt1 (置信度: 0.49)
2026-06-23 16:39:44 [INFO] 检测到车兜区域，将过滤区域外的目标
2026-06-23 16:39:44 [INFO] 车兜区域过滤: 4 -> 3 个目标
2026-06-23 16:39:44 [INFO] 准备保存检测结果到: C:\code\show\Scrap_Steel_In_Field\photos\dangerous_det\detection_20260623_163944.jpg
2026-06-23 16:39:44 [INFO] 图像形状: (2160, 3840, 3)
2026-06-23 16:39:44 [INFO] 图像数据类型: uint8
2026-06-23 16:39:44 [INFO] 图像最大值: 255
2026-06-23 16:39:44 [INFO] 图像最小值: 0
2026-06-23 16:39:44 [INFO] 开始保存检测结果图像: 图像尺寸=(2160, 3840, 3), 类型=uint8, 路径=C:\code\show\Scrap_Steel_In_Field\photos\dangerous_det\detection_20260623_163944.jpg
2026-06-23 16:39:44 [INFO] 成功保存检测结果到: C:\code\show\Scrap_Steel_In_Field\photos\dangerous_det\detection_20260623_163944.jpg
2026-06-23 16:39:44 [INFO] 保存的检测结果文件大小: 2273053 字节
2026-06-23 16:39:44 [INFO] 引擎上下文已释放
2026-06-23 16:39:44 [INFO] TensorRT 引擎已释放
2026-06-23 16:39:44 [INFO] 全局 CUDA 资源已释放
2026-06-23 16:39:44 [INFO] 检测系统资源已释放
2026-06-23 16:39:49 [INFO] CUDA 初始化成功
2026-06-23 16:39:49 [INFO] 引擎加载成功: dangerous.engine
2026-06-23 16:39:49 [INFO] 检测系统初始化成功
2026-06-23 16:39:49 [INFO] 图像预处理完成，原始尺寸: (2160, 3840)
2026-06-23 16:39:49 [INFO] 开始执行目标检测...
2026-06-23 16:39:49 [INFO] 检测完成，找到 5 个物体
2026-06-23 16:39:49 [INFO] 物体 1: GasCyl1 (置信度: 0.90)
2026-06-23 16:39:49 [INFO] 物体 2: GasCyl1 (置信度: 0.67)
2026-06-23 16:39:49 [INFO] 物体 3: FireExt1 (置信度: 0.55)
2026-06-23 16:39:49 [INFO] 物体 4: FireExt1 (置信度: 0.50)
2026-06-23 16:39:49 [INFO] 物体 5: FireExt1 (置信度: 0.40)
2026-06-23 16:39:49 [INFO] 检测到车兜区域，将过滤区域外的目标
2026-06-23 16:39:49 [INFO] 车兜区域过滤: 5 -> 3 个目标
2026-06-23 16:39:49 [INFO] 准备保存检测结果到: C:\code\show\Scrap_Steel_In_Field\photos\dangerous_det\detection_20260623_163949.jpg
2026-06-23 16:39:49 [INFO] 图像形状: (2160, 3840, 3)
2026-06-23 16:39:49 [INFO] 图像数据类型: uint8
2026-06-23 16:39:49 [INFO] 图像最大值: 255
2026-06-23 16:39:49 [INFO] 图像最小值: 0
2026-06-23 16:39:49 [INFO] 开始保存检测结果图像: 图像尺寸=(2160, 3840, 3), 类型=uint8, 路径=C:\code\show\Scrap_Steel_In_Field\photos\dangerous_det\detection_20260623_163949.jpg
2026-06-23 16:39:49 [INFO] 成功保存检测结果到: C:\code\show\Scrap_Steel_In_Field\photos\dangerous_det\detection_20260623_163949.jpg
2026-06-23 16:39:49 [INFO] 保存的检测结果文件大小: 2271682 字节
2026-06-23 16:39:49 [INFO] 引擎上下文已释放
2026-06-23 16:39:49 [INFO] TensorRT 引擎已释放
2026-06-23 16:39:49 [INFO] 全局 CUDA 资源已释放
2026-06-23 16:39:49 [INFO] 检测系统资源已释放
2026-06-23 16:39:54 [INFO] CUDA 初始化成功
2026-06-23 16:39:54 [INFO] 引擎加载成功: dangerous.engine
2026-06-23 16:39:54 [INFO] 检测系统初始化成功
2026-06-23 16:39:54 [INFO] 图像预处理完成，原始尺寸: (2160, 3840)
2026-06-23 16:39:54 [INFO] 开始执行目标检测...
2026-06-23 16:39:55 [INFO] 检测完成，找到 5 个物体
2026-06-23 16:39:55 [INFO] 物体 1: GasCyl1 (置信度: 0.90)
2026-06-23 16:39:55 [INFO] 物体 2: GasCyl1 (置信度: 0.62)
2026-06-23 16:39:55 [INFO] 物体 3: FireExt1 (置信度: 0.56)
2026-06-23 16:39:55 [INFO] 物体 4: FireExt1 (置信度: 0.50)
2026-06-23 16:39:55 [INFO] 物体 5: FireExt1 (置信度: 0.37)
2026-06-23 16:39:55 [INFO] 检测到车兜区域，将过滤区域外的目标
2026-06-23 16:39:55 [INFO] 车兜区域过滤: 5 -> 3 个目标
2026-06-23 16:39:55 [INFO] 准备保存检测结果到: C:\code\show\Scrap_Steel_In_Field\photos\dangerous_det\detection_20260623_163955.jpg
2026-06-23 16:39:55 [INFO] 图像形状: (2160, 3840, 3)
2026-06-23 16:39:55 [INFO] 图像数据类型: uint8
2026-06-23 16:39:55 [INFO] 图像最大值: 255
2026-06-23 16:39:55 [INFO] 图像最小值: 0
2026-06-23 16:39:55 [INFO] 开始保存检测结果图像: 图像尺寸=(2160, 3840, 3), 类型=uint8, 路径=C:\code\show\Scrap_Steel_In_Field\photos\dangerous_det\detection_20260623_163955.jpg
2026-06-23 16:39:55 [INFO] 成功保存检测结果到: C:\code\show\Scrap_Steel_In_Field\photos\dangerous_det\detection_20260623_163955.jpg
2026-06-23 16:39:55 [INFO] 保存的检测结果文件大小: 2273770 字节
2026-06-23 16:39:55 [INFO] 引擎上下文已释放
2026-06-23 16:39:55 [INFO] TensorRT 引擎已释放
2026-06-23 16:39:55 [INFO] 全局 CUDA 资源已释放
2026-06-23 16:39:55 [INFO] 检测系统资源已释放
2026-06-23 16:40:00 [INFO] CUDA 初始化成功
2026-06-23 16:40:00 [INFO] 引擎加载成功: dangerous.engine
2026-06-23 16:40:00 [INFO] 检测系统初始化成功
2026-06-23 16:40:00 [INFO] 图像预处理完成，原始尺寸: (2160, 3840)
2026-06-23 16:40:00 [INFO] 开始执行目标检测...
2026-06-23 16:40:00 [INFO] 检测完成，找到 5 个物体
2026-06-23 16:40:00 [INFO] 物体 1: GasCyl1 (置信度: 0.90)
2026-06-23 16:40:00 [INFO] 物体 2: GasCyl1 (置信度: 0.61)
2026-06-23 16:40:00 [INFO] 物体 3: FireExt1 (置信度: 0.57)
2026-06-23 16:40:00 [INFO] 物体 4: FireExt1 (置信度: 0.48)
2026-06-23 16:40:00 [INFO] 物体 5: FireExt1 (置信度: 0.37)
2026-06-23 16:40:00 [INFO] 检测到车兜区域，将过滤区域外的目标
2026-06-23 16:40:00 [INFO] 车兜区域过滤: 5 -> 3 个目标
2026-06-23 16:40:00 [INFO] 准备保存检测结果到: C:\code\show\Scrap_Steel_In_Field\photos\dangerous_det\detection_20260623_164000.jpg
2026-06-23 16:40:00 [INFO] 图像形状: (2160, 3840, 3)
2026-06-23 16:40:00 [INFO] 图像数据类型: uint8
2026-06-23 16:40:00 [INFO] 图像最大值: 255
2026-06-23 16:40:00 [INFO] 图像最小值: 0
2026-06-23 16:40:00 [INFO] 开始保存检测结果图像: 图像尺寸=(2160, 3840, 3), 类型=uint8, 路径=C:\code\show\Scrap_Steel_In_Field\photos\dangerous_det\detection_20260623_164000.jpg
2026-06-23 16:40:00 [INFO] 成功保存检测结果到: C:\code\show\Scrap_Steel_In_Field\photos\dangerous_det\detection_20260623_164000.jpg
2026-06-23 16:40:00 [INFO] 保存的检测结果文件大小: 2270777 字节
2026-06-23 16:40:00 [INFO] 引擎上下文已释放
2026-06-23 16:40:00 [INFO] TensorRT 引擎已释放
2026-06-23 16:40:00 [INFO] 全局 CUDA 资源已释放
2026-06-23 16:40:00 [INFO] 检测系统资源已释放
2026-06-23 16:40:05 [INFO] CUDA 初始化成功
2026-06-23 16:40:05 [INFO] 引擎加载成功: dangerous.engine
2026-06-23 16:40:05 [INFO] 检测系统初始化成功
2026-06-23 16:40:05 [INFO] 图像预处理完成，原始尺寸: (2160, 3840)
2026-06-23 16:40:05 [INFO] 开始执行目标检测...
2026-06-23 16:40:05 [INFO] 检测完成，找到 5 个物体
2026-06-23 16:40:05 [INFO] 物体 1: GasCyl1 (置信度: 0.90)
2026-06-23 16:40:05 [INFO] 物体 2: GasCyl1 (置信度: 0.70)
2026-06-23 16:40:05 [INFO] 物体 3: FireExt1 (置信度: 0.58)
2026-06-23 16:40:05 [INFO] 物体 4: FireExt1 (置信度: 0.49)
2026-06-23 16:40:05 [INFO] 物体 5: FireExt1 (置信度: 0.39)
2026-06-23 16:40:05 [INFO] 检测到车兜区域，将过滤区域外的目标
2026-06-23 16:40:05 [INFO] 车兜区域过滤: 5 -> 3 个目标
2026-06-23 16:40:05 [INFO] 准备保存检测结果到: C:\code\show\Scrap_Steel_In_Field\photos\dangerous_det\detection_20260623_164005.jpg
2026-06-23 16:40:05 [INFO] 图像形状: (2160, 3840, 3)
2026-06-23 16:40:05 [INFO] 图像数据类型: uint8
2026-06-23 16:40:05 [INFO] 图像最大值: 255
2026-06-23 16:40:05 [INFO] 图像最小值: 0
2026-06-23 16:40:05 [INFO] 开始保存检测结果图像: 图像尺寸=(2160, 3840, 3), 类型=uint8, 路径=C:\code\show\Scrap_Steel_In_Field\photos\dangerous_det\detection_20260623_164005.jpg
2026-06-23 16:40:05 [INFO] 成功保存检测结果到: C:\code\show\Scrap_Steel_In_Field\photos\dangerous_det\detection_20260623_164005.jpg
2026-06-23 16:40:05 [INFO] 保存的检测结果文件大小: 2273286 字节
2026-06-23 16:40:05 [INFO] 引擎上下文已释放
2026-06-23 16:40:05 [INFO] TensorRT 引擎已释放
2026-06-23 16:40:05 [INFO] 全局 CUDA 资源已释放
2026-06-23 16:40:05 [INFO] 检测系统资源已释放
2026-06-23 16:40:10 [INFO] CUDA 初始化成功
2026-06-23 16:40:10 [INFO] 引擎加载成功: dangerous.engine
2026-06-23 16:40:10 [INFO] 检测系统初始化成功
2026-06-23 16:40:10 [INFO] 图像预处理完成，原始尺寸: (2160, 3840)
2026-06-23 16:40:10 [INFO] 开始执行目标检测...
2026-06-23 16:40:10 [INFO] 检测完成，找到 5 个物体
2026-06-23 16:40:10 [INFO] 物体 1: GasCyl1 (置信度: 0.89)
2026-06-23 16:40:10 [INFO] 物体 2: GasCyl1 (置信度: 0.74)
2026-06-23 16:40:10 [INFO] 物体 3: FireExt1 (置信度: 0.58)
2026-06-23 16:40:10 [INFO] 物体 4: FireExt1 (置信度: 0.48)
2026-06-23 16:40:10 [INFO] 物体 5: FireExt1 (置信度: 0.38)
2026-06-23 16:40:10 [INFO] 检测到车兜区域，将过滤区域外的目标
2026-06-23 16:40:10 [INFO] 车兜区域过滤: 5 -> 3 个目标
2026-06-23 16:40:10 [INFO] 准备保存检测结果到: C:\code\show\Scrap_Steel_In_Field\photos\dangerous_det\detection_20260623_164010.jpg
2026-06-23 16:40:10 [INFO] 图像形状: (2160, 3840, 3)
2026-06-23 16:40:10 [INFO] 图像数据类型: uint8
2026-06-23 16:40:11 [INFO] 图像最大值: 255
2026-06-23 16:40:11 [INFO] 图像最小值: 0
2026-06-23 16:40:11 [INFO] 开始保存检测结果图像: 图像尺寸=(2160, 3840, 3), 类型=uint8, 路径=C:\code\show\Scrap_Steel_In_Field\photos\dangerous_det\detection_20260623_164010.jpg
2026-06-23 16:40:11 [INFO] 成功保存检测结果到: C:\code\show\Scrap_Steel_In_Field\photos\dangerous_det\detection_20260623_164010.jpg
2026-06-23 16:40:11 [INFO] 保存的检测结果文件大小: 2275789 字节
2026-06-23 16:40:11 [INFO] 引擎上下文已释放
2026-06-23 16:40:11 [INFO] TensorRT 引擎已释放
2026-06-23 16:40:11 [INFO] 全局 CUDA 资源已释放
2026-06-23 16:40:11 [INFO] 检测系统资源已释放
2026-06-23 16:40:16 [INFO] CUDA 初始化成功
2026-06-23 16:40:16 [INFO] 引擎加载成功: dangerous.engine
2026-06-23 16:40:16 [INFO] 检测系统初始化成功
2026-06-23 16:40:16 [INFO] 图像预处理完成，原始尺寸: (2160, 3840)
2026-06-23 16:40:16 [INFO] 开始执行目标检测...
2026-06-23 16:40:16 [INFO] 检测完成，找到 5 个物体
2026-06-23 16:40:16 [INFO] 物体 1: GasCyl1 (置信度: 0.89)
2026-06-23 16:40:16 [INFO] 物体 2: GasCyl1 (置信度: 0.63)
2026-06-23 16:40:16 [INFO] 物体 3: FireExt1 (置信度: 0.55)
2026-06-23 16:40:16 [INFO] 物体 4: FireExt1 (置信度: 0.50)
2026-06-23 16:40:16 [INFO] 物体 5: FireExt1 (置信度: 0.37)
2026-06-23 16:40:16 [INFO] 检测到车兜区域，将过滤区域外的目标
2026-06-23 16:40:16 [INFO] 车兜区域过滤: 5 -> 3 个目标
2026-06-23 16:40:16 [INFO] 准备保存检测结果到: C:\code\show\Scrap_Steel_In_Field\photos\dangerous_det\detection_20260623_164016.jpg
2026-06-23 16:40:16 [INFO] 图像形状: (2160, 3840, 3)
2026-06-23 16:40:16 [INFO] 图像数据类型: uint8
2026-06-23 16:40:16 [INFO] 图像最大值: 255
2026-06-23 16:40:16 [INFO] 图像最小值: 0
2026-06-23 16:40:16 [INFO] 开始保存检测结果图像: 图像尺寸=(2160, 3840, 3), 类型=uint8, 路径=C:\code\show\Scrap_Steel_In_Field\photos\dangerous_det\detection_20260623_164016.jpg
2026-06-23 16:40:16 [INFO] 成功保存检测结果到: C:\code\show\Scrap_Steel_In_Field\photos\dangerous_det\detection_20260623_164016.jpg
2026-06-23 16:40:16 [INFO] 保存的检测结果文件大小: 2273787 字节
2026-06-23 16:40:16 [INFO] 引擎上下文已释放
2026-06-23 16:40:16 [INFO] TensorRT 引擎已释放
2026-06-23 16:40:16 [INFO] 全局 CUDA 资源已释放
2026-06-23 16:40:16 [INFO] 检测系统资源已释放
2026-06-23 16:40:21 [INFO] CUDA 初始化成功
2026-06-23 16:40:21 [INFO] 引擎加载成功: dangerous.engine
2026-06-23 16:40:21 [INFO] 检测系统初始化成功
2026-06-23 16:40:21 [INFO] 图像预处理完成，原始尺寸: (2160, 3840)
2026-06-23 16:40:21 [INFO] 开始执行目标检测...
2026-06-23 16:40:21 [INFO] 检测完成，找到 5 个物体
2026-06-23 16:40:21 [INFO] 物体 1: GasCyl1 (置信度: 0.90)
2026-06-23 16:40:21 [INFO] 物体 2: GasCyl1 (置信度: 0.66)
2026-06-23 16:40:21 [INFO] 物体 3: FireExt1 (置信度: 0.54)
2026-06-23 16:40:21 [INFO] 物体 4: FireExt1 (置信度: 0.50)
2026-06-23 16:40:21 [INFO] 物体 5: FireExt1 (置信度: 0.36)
2026-06-23 16:40:21 [INFO] 检测到车兜区域，将过滤区域外的目标
2026-06-23 16:40:21 [INFO] 车兜区域过滤: 5 -> 3 个目标
2026-06-23 16:40:21 [INFO] 准备保存检测结果到: C:\code\show\Scrap_Steel_In_Field\photos\dangerous_det\detection_20260623_164021.jpg
2026-06-23 16:40:21 [INFO] 图像形状: (2160, 3840, 3)
2026-06-23 16:40:21 [INFO] 图像数据类型: uint8
2026-06-23 16:40:21 [INFO] 图像最大值: 255
2026-06-23 16:40:22 [INFO] 图像最小值: 0
2026-06-23 16:40:22 [INFO] 开始保存检测结果图像: 图像尺寸=(2160, 3840, 3), 类型=uint8, 路径=C:\code\show\Scrap_Steel_In_Field\photos\dangerous_det\detection_20260623_164021.jpg
2026-06-23 16:40:22 [INFO] 成功保存检测结果到: C:\code\show\Scrap_Steel_In_Field\photos\dangerous_det\detection_20260623_164021.jpg
2026-06-23 16:40:22 [INFO] 保存的检测结果文件大小: 2272856 字节
2026-06-23 16:40:22 [INFO] 引擎上下文已释放
2026-06-23 16:40:22 [INFO] TensorRT 引擎已释放
2026-06-23 16:40:22 [INFO] 全局 CUDA 资源已释放
2026-06-23 16:40:22 [INFO] 检测系统资源已释放
2026-06-23 16:40:26 [INFO] CUDA 初始化成功
2026-06-23 16:40:26 [INFO] 引擎加载成功: dangerous.engine
2026-06-23 16:40:26 [INFO] 检测系统初始化成功
2026-06-23 16:40:26 [INFO] 图像预处理完成，原始尺寸: (2160, 3840)
2026-06-23 16:40:26 [INFO] 开始执行目标检测...
2026-06-23 16:40:26 [INFO] 检测完成，找到 5 个物体
2026-06-23 16:40:26 [INFO] 物体 1: GasCyl1 (置信度: 0.89)
2026-06-23 16:40:26 [INFO] 物体 2: GasCyl1 (置信度: 0.70)
2026-06-23 16:40:26 [INFO] 物体 3: FireExt1 (置信度: 0.57)
2026-06-23 16:40:26 [INFO] 物体 4: GasCyl1 (置信度: 0.53)
2026-06-23 16:40:26 [INFO] 物体 5: FireExt1 (置信度: 0.36)
2026-06-23 16:40:26 [INFO] 检测到车兜区域，将过滤区域外的目标
2026-06-23 16:40:26 [INFO] 车兜区域过滤: 5 -> 3 个目标
2026-06-23 16:40:26 [INFO] 准备保存检测结果到: C:\code\show\Scrap_Steel_In_Field\photos\dangerous_det\detection_20260623_164026.jpg
2026-06-23 16:40:26 [INFO] 图像形状: (2160, 3840, 3)
2026-06-23 16:40:26 [INFO] 图像数据类型: uint8
2026-06-23 16:40:26 [INFO] 图像最大值: 255
2026-06-23 16:40:26 [INFO] 图像最小值: 0
2026-06-23 16:40:26 [INFO] 开始保存检测结果图像: 图像尺寸=(2160, 3840, 3), 类型=uint8, 路径=C:\code\show\Scrap_Steel_In_Field\photos\dangerous_det\detection_20260623_164026.jpg
2026-06-23 16:40:26 [INFO] 成功保存检测结果到: C:\code\show\Scrap_Steel_In_Field\photos\dangerous_det\detection_20260623_164026.jpg
2026-06-23 16:40:26 [INFO] 保存的检测结果文件大小: 2273552 字节
2026-06-23 16:40:26 [INFO] 引擎上下文已释放
2026-06-23 16:40:26 [INFO] TensorRT 引擎已释放
2026-06-23 16:40:26 [INFO] 全局 CUDA 资源已释放
2026-06-23 16:40:26 [INFO] 检测系统资源已释放
2026-06-23 16:40:31 [INFO] CUDA 初始化成功
2026-06-23 16:40:31 [INFO] 引擎加载成功: dangerous.engine
2026-06-23 16:40:31 [INFO] 检测系统初始化成功
2026-06-23 16:40:31 [INFO] 图像预处理完成，原始尺寸: (2160, 3840)
2026-06-23 16:40:31 [INFO] 开始执行目标检测...
2026-06-23 16:40:32 [INFO] 检测完成，找到 4 个物体
2026-06-23 16:40:32 [INFO] 物体 1: GasCyl1 (置信度: 0.89)
2026-06-23 16:40:32 [INFO] 物体 2: GasCyl1 (置信度: 0.77)
2026-06-23 16:40:32 [INFO] 物体 3: FireExt1 (置信度: 0.55)
2026-06-23 16:40:32 [INFO] 物体 4: FireExt1 (置信度: 0.51)
2026-06-23 16:40:32 [INFO] 检测到车兜区域，将过滤区域外的目标
2026-06-23 16:40:32 [INFO] 车兜区域过滤: 4 -> 3 个目标
2026-06-23 16:40:32 [INFO] 准备保存检测结果到: C:\code\show\Scrap_Steel_In_Field\photos\dangerous_det\detection_20260623_164032.jpg
2026-06-23 16:40:32 [INFO] 图像形状: (2160, 3840, 3)
2026-06-23 16:40:32 [INFO] 图像数据类型: uint8
2026-06-23 16:40:32 [INFO] 图像最大值: 255
2026-06-23 16:40:32 [INFO] 图像最小值: 0
2026-06-23 16:40:32 [INFO] 开始保存检测结果图像: 图像尺寸=(2160, 3840, 3), 类型=uint8, 路径=C:\code\show\Scrap_Steel_In_Field\photos\dangerous_det\detection_20260623_164032.jpg
2026-06-23 16:40:32 [INFO] 成功保存检测结果到: C:\code\show\Scrap_Steel_In_Field\photos\dangerous_det\detection_20260623_164032.jpg
2026-06-23 16:40:32 [INFO] 保存的检测结果文件大小: 2271499 字节
2026-06-23 16:40:32 [INFO] 引擎上下文已释放
2026-06-23 16:40:32 [INFO] TensorRT 引擎已释放
2026-06-23 16:40:32 [INFO] 全局 CUDA 资源已释放
2026-06-23 16:40:32 [INFO] 检测系统资源已释放
2026-06-23 16:40:36 [INFO] CUDA 初始化成功
2026-06-23 16:40:37 [INFO] 引擎加载成功: dangerous.engine
2026-06-23 16:40:37 [INFO] 检测系统初始化成功
2026-06-23 16:40:37 [INFO] 图像预处理完成，原始尺寸: (2160, 3840)
2026-06-23 16:40:37 [INFO] 开始执行目标检测...
2026-06-23 16:40:37 [INFO] 检测完成，找到 5 个物体
2026-06-23 16:40:37 [INFO] 物体 1: GasCyl1 (置信度: 0.89)
2026-06-23 16:40:37 [INFO] 物体 2: GasCyl1 (置信度: 0.70)
2026-06-23 16:40:37 [INFO] 物体 3: FireExt1 (置信度: 0.55)
2026-06-23 16:40:37 [INFO] 物体 4: FireExt1 (置信度: 0.49)
2026-06-23 16:40:37 [INFO] 物体 5: FireExt1 (置信度: 0.37)
2026-06-23 16:40:37 [INFO] 检测到车兜区域，将过滤区域外的目标
2026-06-23 16:40:37 [INFO] 车兜区域过滤: 5 -> 3 个目标
2026-06-23 16:40:37 [INFO] 准备保存检测结果到: C:\code\show\Scrap_Steel_In_Field\photos\dangerous_det\detection_20260623_164037.jpg
2026-06-23 16:40:37 [INFO] 图像形状: (2160, 3840, 3)
2026-06-23 16:40:37 [INFO] 图像数据类型: uint8
2026-06-23 16:40:37 [INFO] 图像最大值: 255
2026-06-23 16:40:37 [INFO] 图像最小值: 0
2026-06-23 16:40:37 [INFO] 开始保存检测结果图像: 图像尺寸=(2160, 3840, 3), 类型=uint8, 路径=C:\code\show\Scrap_Steel_In_Field\photos\dangerous_det\detection_20260623_164037.jpg
2026-06-23 16:40:37 [INFO] 成功保存检测结果到: C:\code\show\Scrap_Steel_In_Field\photos\dangerous_det\detection_20260623_164037.jpg
2026-06-23 16:40:37 [INFO] 保存的检测结果文件大小: 2271883 字节
2026-06-23 16:40:37 [INFO] 引擎上下文已释放
2026-06-23 16:40:37 [INFO] TensorRT 引擎已释放
2026-06-23 16:40:37 [INFO] 全局 CUDA 资源已释放
2026-06-23 16:40:37 [INFO] 检测系统资源已释放
2026-06-23 16:40:42 [INFO] CUDA 初始化成功
2026-06-23 16:40:42 [INFO] 引擎加载成功: dangerous.engine
2026-06-23 16:40:42 [INFO] 检测系统初始化成功
2026-06-23 16:40:42 [INFO] 图像预处理完成，原始尺寸: (2160, 3840)
2026-06-23 16:40:42 [INFO] 开始执行目标检测...
2026-06-23 16:40:42 [INFO] 检测完成，找到 5 个物体
2026-06-23 16:40:42 [INFO] 物体 1: GasCyl1 (置信度: 0.90)
2026-06-23 16:40:42 [INFO] 物体 2: GasCyl1 (置信度: 0.68)
2026-06-23 16:40:42 [INFO] 物体 3: FireExt1 (置信度: 0.56)
2026-06-23 16:40:42 [INFO] 物体 4: FireExt1 (置信度: 0.47)
2026-06-23 16:40:42 [INFO] 物体 5: FireExt1 (置信度: 0.35)
2026-06-23 16:40:42 [INFO] 检测到车兜区域，将过滤区域外的目标
2026-06-23 16:40:42 [INFO] 车兜区域过滤: 5 -> 3 个目标
2026-06-23 16:40:42 [INFO] 准备保存检测结果到: C:\code\show\Scrap_Steel_In_Field\photos\dangerous_det\detection_20260623_164042.jpg
2026-06-23 16:40:42 [INFO] 图像形状: (2160, 3840, 3)
2026-06-23 16:40:42 [INFO] 图像数据类型: uint8
2026-06-23 16:40:42 [INFO] 图像最大值: 255
2026-06-23 16:40:42 [INFO] 图像最小值: 0
2026-06-23 16:40:42 [INFO] 开始保存检测结果图像: 图像尺寸=(2160, 3840, 3), 类型=uint8, 路径=C:\code\show\Scrap_Steel_In_Field\photos\dangerous_det\detection_20260623_164042.jpg
2026-06-23 16:40:42 [INFO] 成功保存检测结果到: C:\code\show\Scrap_Steel_In_Field\photos\dangerous_det\detection_20260623_164042.jpg
2026-06-23 16:40:42 [INFO] 保存的检测结果文件大小: 2273802 字节
2026-06-23 16:40:42 [INFO] 引擎上下文已释放
2026-06-23 16:40:42 [INFO] TensorRT 引擎已释放
2026-06-23 16:40:42 [INFO] 全局 CUDA 资源已释放
2026-06-23 16:40:42 [INFO] 检测系统资源已释放
2026-06-23 16:40:47 [INFO] CUDA 初始化成功
2026-06-23 16:40:47 [INFO] 引擎加载成功: dangerous.engine
2026-06-23 16:40:47 [INFO] 检测系统初始化成功
2026-06-23 16:40:47 [INFO] 图像预处理完成，原始尺寸: (2160, 3840)
2026-06-23 16:40:47 [INFO] 开始执行目标检测...
2026-06-23 16:40:47 [INFO] 检测完成，找到 5 个物体
2026-06-23 16:40:47 [INFO] 物体 1: GasCyl1 (置信度: 0.89)
2026-06-23 16:40:47 [INFO] 物体 2: GasCyl1 (置信度: 0.65)
2026-06-23 16:40:47 [INFO] 物体 3: FireExt1 (置信度: 0.57)
2026-06-23 16:40:47 [INFO] 物体 4: GasCyl1 (置信度: 0.57)
2026-06-23 16:40:47 [INFO] 物体 5: FireExt1 (置信度: 0.35)
2026-06-23 16:40:47 [INFO] 检测到车兜区域，将过滤区域外的目标
2026-06-23 16:40:47 [INFO] 车兜区域过滤: 5 -> 3 个目标
2026-06-23 16:40:47 [INFO] 准备保存检测结果到: C:\code\show\Scrap_Steel_In_Field\photos\dangerous_det\detection_20260623_164047.jpg
2026-06-23 16:40:47 [INFO] 图像形状: (2160, 3840, 3)
2026-06-23 16:40:47 [INFO] 图像数据类型: uint8
2026-06-23 16:40:47 [INFO] 图像最大值: 255
2026-06-23 16:40:47 [INFO] 图像最小值: 0
2026-06-23 16:40:47 [INFO] 开始保存检测结果图像: 图像尺寸=(2160, 3840, 3), 类型=uint8, 路径=C:\code\show\Scrap_Steel_In_Field\photos\dangerous_det\detection_20260623_164047.jpg
2026-06-23 16:40:47 [INFO] 成功保存检测结果到: C:\code\show\Scrap_Steel_In_Field\photos\dangerous_det\detection_20260623_164047.jpg
2026-06-23 16:40:47 [INFO] 保存的检测结果文件大小: 2275179 字节
2026-06-23 16:40:47 [INFO] 引擎上下文已释放
2026-06-23 16:40:47 [INFO] TensorRT 引擎已释放
2026-06-23 16:40:47 [INFO] 全局 CUDA 资源已释放
2026-06-23 16:40:47 [INFO] 检测系统资源已释放
2026-06-23 16:40:53 [INFO] CUDA 初始化成功
2026-06-23 16:40:53 [INFO] 引擎加载成功: dangerous.engine
2026-06-23 16:40:53 [INFO] 检测系统初始化成功
2026-06-23 16:40:53 [INFO] 图像预处理完成，原始尺寸: (2160, 3840)
2026-06-23 16:40:53 [INFO] 开始执行目标检测...
2026-06-23 16:40:53 [INFO] 检测完成，找到 5 个物体
2026-06-23 16:40:53 [INFO] 物体 1: GasCyl1 (置信度: 0.90)
2026-06-23 16:40:53 [INFO] 物体 2: GasCyl1 (置信度: 0.73)
2026-06-23 16:40:53 [INFO] 物体 3: FireExt1 (置信度: 0.53)
2026-06-23 16:40:53 [INFO] 物体 4: FireExt1 (置信度: 0.47)
2026-06-23 16:40:53 [INFO] 物体 5: FireExt1 (置信度: 0.39)
2026-06-23 16:40:53 [INFO] 检测到车兜区域，将过滤区域外的目标
2026-06-23 16:40:53 [INFO] 车兜区域过滤: 5 -> 3 个目标
2026-06-23 16:40:53 [INFO] 准备保存检测结果到: C:\code\show\Scrap_Steel_In_Field\photos\dangerous_det\detection_20260623_164053.jpg
2026-06-23 16:40:53 [INFO] 图像形状: (2160, 3840, 3)
2026-06-23 16:40:53 [INFO] 图像数据类型: uint8
2026-06-23 16:40:53 [INFO] 图像最大值: 255
2026-06-23 16:40:53 [INFO] 图像最小值: 0
2026-06-23 16:40:53 [INFO] 开始保存检测结果图像: 图像尺寸=(2160, 3840, 3), 类型=uint8, 路径=C:\code\show\Scrap_Steel_In_Field\photos\dangerous_det\detection_20260623_164053.jpg
2026-06-23 16:40:53 [INFO] 成功保存检测结果到: C:\code\show\Scrap_Steel_In_Field\photos\dangerous_det\detection_20260623_164053.jpg
2026-06-23 16:40:53 [INFO] 保存的检测结果文件大小: 2273449 字节
2026-06-23 16:40:53 [INFO] 引擎上下文已释放
2026-06-23 16:40:53 [INFO] TensorRT 引擎已释放
2026-06-23 16:40:53 [INFO] 全局 CUDA 资源已释放
2026-06-23 16:40:53 [INFO] 检测系统资源已释放
2026-06-23 16:40:58 [INFO] CUDA 初始化成功
2026-06-23 16:40:58 [INFO] 引擎加载成功: dangerous.engine
2026-06-23 16:40:58 [INFO] 检测系统初始化成功
2026-06-23 16:40:58 [INFO] 图像预处理完成，原始尺寸: (2160, 3840)
2026-06-23 16:40:58 [INFO] 开始执行目标检测...
2026-06-23 16:40:58 [INFO] 检测完成，找到 4 个物体
2026-06-23 16:40:58 [INFO] 物体 1: GasCyl1 (置信度: 0.89)
2026-06-23 16:40:58 [INFO] 物体 2: GasCyl1 (置信度: 0.74)
2026-06-23 16:40:58 [INFO] 物体 3: FireExt1 (置信度: 0.54)
2026-06-23 16:40:58 [INFO] 物体 4: FireExt1 (置信度: 0.47)
2026-06-23 16:40:58 [INFO] 检测到车兜区域，将过滤区域外的目标
2026-06-23 16:40:58 [INFO] 车兜区域过滤: 4 -> 3 个目标
2026-06-23 16:40:58 [INFO] 准备保存检测结果到: C:\code\show\Scrap_Steel_In_Field\photos\dangerous_det\detection_20260623_164058.jpg
2026-06-23 16:40:58 [INFO] 图像形状: (2160, 3840, 3)
2026-06-23 16:40:58 [INFO] 图像数据类型: uint8
2026-06-23 16:40:58 [INFO] 图像最大值: 255
2026-06-23 16:40:58 [INFO] 图像最小值: 0
2026-06-23 16:40:58 [INFO] 开始保存检测结果图像: 图像尺寸=(2160, 3840, 3), 类型=uint8, 路径=C:\code\show\Scrap_Steel_In_Field\photos\dangerous_det\detection_20260623_164058.jpg
2026-06-23 16:40:58 [INFO] 成功保存检测结果到: C:\code\show\Scrap_Steel_In_Field\photos\dangerous_det\detection_20260623_164058.jpg
2026-06-23 16:40:58 [INFO] 保存的检测结果文件大小: 2273582 字节
2026-06-23 16:40:58 [INFO] 引擎上下文已释放
2026-06-23 16:40:58 [INFO] TensorRT 引擎已释放
2026-06-23 16:40:58 [INFO] 全局 CUDA 资源已释放
2026-06-23 16:40:58 [INFO] 检测系统资源已释放
2026-06-23 16:41:03 [INFO] CUDA 初始化成功
2026-06-23 16:41:03 [INFO] 引擎加载成功: dangerous.engine
2026-06-23 16:41:03 [INFO] 检测系统初始化成功
2026-06-23 16:41:03 [INFO] 图像预处理完成，原始尺寸: (2160, 3840)
2026-06-23 16:41:03 [INFO] 开始执行目标检测...
2026-06-23 16:41:03 [INFO] 检测完成，找到 5 个物体
2026-06-23 16:41:03 [INFO] 物体 1: GasCyl1 (置信度: 0.89)
2026-06-23 16:41:03 [INFO] 物体 2: GasCyl1 (置信度: 0.73)
2026-06-23 16:41:03 [INFO] 物体 3: FireExt1 (置信度: 0.55)
2026-06-23 16:41:03 [INFO] 物体 4: FireExt1 (置信度: 0.49)
2026-06-23 16:41:03 [INFO] 物体 5: FireExt1 (置信度: 0.37)
2026-06-23 16:41:03 [INFO] 检测到车兜区域，将过滤区域外的目标
2026-06-23 16:41:03 [INFO] 车兜区域过滤: 5 -> 3 个目标
2026-06-23 16:41:03 [INFO] 准备保存检测结果到: C:\code\show\Scrap_Steel_In_Field\photos\dangerous_det\detection_20260623_164103.jpg
2026-06-23 16:41:03 [INFO] 图像形状: (2160, 3840, 3)
2026-06-23 16:41:03 [INFO] 图像数据类型: uint8
2026-06-23 16:41:04 [INFO] 图像最大值: 255
2026-06-23 16:41:04 [INFO] 图像最小值: 0
2026-06-23 16:41:04 [INFO] 开始保存检测结果图像: 图像尺寸=(2160, 3840, 3), 类型=uint8, 路径=C:\code\show\Scrap_Steel_In_Field\photos\dangerous_det\detection_20260623_164103.jpg
2026-06-23 16:41:04 [INFO] 成功保存检测结果到: C:\code\show\Scrap_Steel_In_Field\photos\dangerous_det\detection_20260623_164103.jpg
2026-06-23 16:41:04 [INFO] 保存的检测结果文件大小: 2274715 字节
2026-06-23 16:41:04 [INFO] 引擎上下文已释放
2026-06-23 16:41:04 [INFO] TensorRT 引擎已释放
2026-06-23 16:41:04 [INFO] 全局 CUDA 资源已释放
2026-06-23 16:41:04 [INFO] 检测系统资源已释放
2026-06-23 16:41:09 [INFO] CUDA 初始化成功
2026-06-23 16:41:09 [INFO] 引擎加载成功: dangerous.engine
2026-06-23 16:41:09 [INFO] 检测系统初始化成功
2026-06-23 16:41:09 [INFO] 图像预处理完成，原始尺寸: (2160, 3840)
2026-06-23 16:41:09 [INFO] 开始执行目标检测...
2026-06-23 16:41:09 [INFO] 检测完成，找到 4 个物体
2026-06-23 16:41:09 [INFO] 物体 1: GasCyl1 (置信度: 0.90)
2026-06-23 16:41:09 [INFO] 物体 2: GasCyl1 (置信度: 0.65)
2026-06-23 16:41:09 [INFO] 物体 3: FireExt1 (置信度: 0.58)
2026-06-23 16:41:09 [INFO] 物体 4: FireExt1 (置信度: 0.50)
2026-06-23 16:41:09 [INFO] 检测到车兜区域，将过滤区域外的目标
2026-06-23 16:41:09 [INFO] 车兜区域过滤: 4 -> 3 个目标
2026-06-23 16:41:09 [INFO] 准备保存检测结果到: C:\code\show\Scrap_Steel_In_Field\photos\dangerous_det\detection_20260623_164109.jpg
2026-06-23 16:41:09 [INFO] 图像形状: (2160, 3840, 3)
2026-06-23 16:41:09 [INFO] 图像数据类型: uint8
2026-06-23 16:41:09 [INFO] 图像最大值: 255
2026-06-23 16:41:09 [INFO] 图像最小值: 0
2026-06-23 16:41:09 [INFO] 开始保存检测结果图像: 图像尺寸=(2160, 3840, 3), 类型=uint8, 路径=C:\code\show\Scrap_Steel_In_Field\photos\dangerous_det\detection_20260623_164109.jpg
2026-06-23 16:41:09 [INFO] 成功保存检测结果到: C:\code\show\Scrap_Steel_In_Field\photos\dangerous_det\detection_20260623_164109.jpg
2026-06-23 16:41:09 [INFO] 保存的检测结果文件大小: 2275115 字节
2026-06-23 16:41:09 [INFO] 引擎上下文已释放
2026-06-23 16:41:09 [INFO] TensorRT 引擎已释放
2026-06-23 16:41:09 [INFO] 全局 CUDA 资源已释放
2026-06-23 16:41:09 [INFO] 检测系统资源已释放
2026-06-23 16:41:14 [INFO] CUDA 初始化成功
2026-06-23 16:41:14 [INFO] 引擎加载成功: dangerous.engine
2026-06-23 16:41:14 [INFO] 检测系统初始化成功
2026-06-23 16:41:14 [INFO] 图像预处理完成，原始尺寸: (2160, 3840)
2026-06-23 16:41:14 [INFO] 开始执行目标检测...
2026-06-23 16:41:14 [INFO] 检测完成，找到 5 个物体
2026-06-23 16:41:14 [INFO] 物体 1: GasCyl1 (置信度: 0.89)
2026-06-23 16:41:14 [INFO] 物体 2: GasCyl1 (置信度: 0.71)
2026-06-23 16:41:14 [INFO] 物体 3: GasCyl1 (置信度: 0.55)
2026-06-23 16:41:14 [INFO] 物体 4: FireExt1 (置信度: 0.54)
2026-06-23 16:41:14 [INFO] 物体 5: FireExt1 (置信度: 0.35)
2026-06-23 16:41:14 [INFO] 检测到车兜区域，将过滤区域外的目标
2026-06-23 16:41:14 [INFO] 车兜区域过滤: 5 -> 3 个目标
2026-06-23 16:41:14 [INFO] 准备保存检测结果到: C:\code\show\Scrap_Steel_In_Field\photos\dangerous_det\detection_20260623_164114.jpg
2026-06-23 16:41:14 [INFO] 图像形状: (2160, 3840, 3)
2026-06-23 16:41:14 [INFO] 图像数据类型: uint8
2026-06-23 16:41:14 [INFO] 图像最大值: 255
2026-06-23 16:41:14 [INFO] 图像最小值: 0
2026-06-23 16:41:15 [INFO] 开始保存检测结果图像: 图像尺寸=(2160, 3840, 3), 类型=uint8, 路径=C:\code\show\Scrap_Steel_In_Field\photos\dangerous_det\detection_20260623_164114.jpg
2026-06-23 16:41:15 [INFO] 成功保存检测结果到: C:\code\show\Scrap_Steel_In_Field\photos\dangerous_det\detection_20260623_164114.jpg
2026-06-23 16:41:15 [INFO] 保存的检测结果文件大小: 2276781 字节
2026-06-23 16:41:15 [INFO] 引擎上下文已释放
2026-06-23 16:41:15 [INFO] TensorRT 引擎已释放
2026-06-23 16:41:15 [INFO] 全局 CUDA 资源已释放
2026-06-23 16:41:15 [INFO] 检测系统资源已释放
2026-06-23 16:41:20 [INFO] CUDA 初始化成功
2026-06-23 16:41:20 [INFO] 引擎加载成功: dangerous.engine
2026-06-23 16:41:20 [INFO] 检测系统初始化成功
2026-06-23 16:41:20 [INFO] 图像预处理完成，原始尺寸: (2160, 3840)
2026-06-23 16:41:20 [INFO] 开始执行目标检测...
2026-06-23 16:41:20 [INFO] 检测完成，找到 5 个物体
2026-06-23 16:41:20 [INFO] 物体 1: GasCyl1 (置信度: 0.90)
2026-06-23 16:41:20 [INFO] 物体 2: GasCyl1 (置信度: 0.70)
2026-06-23 16:41:20 [INFO] 物体 3: FireExt1 (置信度: 0.57)
2026-06-23 16:41:20 [INFO] 物体 4: FireExt1 (置信度: 0.51)
2026-06-23 16:41:20 [INFO] 物体 5: FireExt1 (置信度: 0.37)
2026-06-23 16:41:20 [INFO] 检测到车兜区域，将过滤区域外的目标
2026-06-23 16:41:20 [INFO] 车兜区域过滤: 5 -> 3 个目标
2026-06-23 16:41:20 [INFO] 准备保存检测结果到: C:\code\show\Scrap_Steel_In_Field\photos\dangerous_det\detection_20260623_164120.jpg
2026-06-23 16:41:20 [INFO] 图像形状: (2160, 3840, 3)
2026-06-23 16:41:20 [INFO] 图像数据类型: uint8
2026-06-23 16:41:20 [INFO] 图像最大值: 255
2026-06-23 16:41:20 [INFO] 图像最小值: 0
2026-06-23 16:41:20 [INFO] 开始保存检测结果图像: 图像尺寸=(2160, 3840, 3), 类型=uint8, 路径=C:\code\show\Scrap_Steel_In_Field\photos\dangerous_det\detection_20260623_164120.jpg
2026-06-23 16:41:20 [INFO] 成功保存检测结果到: C:\code\show\Scrap_Steel_In_Field\photos\dangerous_det\detection_20260623_164120.jpg
2026-06-23 16:41:20 [INFO] 保存的检测结果文件大小: 2272892 字节
2026-06-23 16:41:20 [INFO] 引擎上下文已释放
2026-06-23 16:41:20 [INFO] TensorRT 引擎已释放
2026-06-23 16:41:20 [INFO] 全局 CUDA 资源已释放
2026-06-23 16:41:20 [INFO] 检测系统资源已释放
2026-06-23 16:41:25 [INFO] CUDA 初始化成功
2026-06-23 16:41:25 [INFO] 引擎加载成功: dangerous.engine
2026-06-23 16:41:25 [INFO] 检测系统初始化成功
2026-06-23 16:41:25 [INFO] 图像预处理完成，原始尺寸: (2160, 3840)
2026-06-23 16:41:25 [INFO] 开始执行目标检测...
2026-06-23 16:41:25 [INFO] 检测完成，找到 5 个物体
2026-06-23 16:41:25 [INFO] 物体 1: GasCyl1 (置信度: 0.89)
2026-06-23 16:41:25 [INFO] 物体 2: GasCyl1 (置信度: 0.67)
2026-06-23 16:41:25 [INFO] 物体 3: FireExt1 (置信度: 0.57)
2026-06-23 16:41:25 [INFO] 物体 4: GasCyl1 (置信度: 0.51)
2026-06-23 16:41:25 [INFO] 物体 5: FireExt1 (置信度: 0.37)
2026-06-23 16:41:25 [INFO] 检测到车兜区域，将过滤区域外的目标
2026-06-23 16:41:25 [INFO] 车兜区域过滤: 5 -> 3 个目标
2026-06-23 16:41:25 [INFO] 准备保存检测结果到: C:\code\show\Scrap_Steel_In_Field\photos\dangerous_det\detection_20260623_164125.jpg
2026-06-23 16:41:25 [INFO] 图像形状: (2160, 3840, 3)
2026-06-23 16:41:25 [INFO] 图像数据类型: uint8
2026-06-23 16:41:25 [INFO] 图像最大值: 255
2026-06-23 16:41:25 [INFO] 图像最小值: 0
2026-06-23 16:41:25 [INFO] 开始保存检测结果图像: 图像尺寸=(2160, 3840, 3), 类型=uint8, 路径=C:\code\show\Scrap_Steel_In_Field\photos\dangerous_det\detection_20260623_164125.jpg
2026-06-23 16:41:25 [INFO] 成功保存检测结果到: C:\code\show\Scrap_Steel_In_Field\photos\dangerous_det\detection_20260623_164125.jpg
2026-06-23 16:41:25 [INFO] 保存的检测结果文件大小: 2276519 字节
2026-06-23 16:41:25 [INFO] 引擎上下文已释放
2026-06-23 16:41:25 [INFO] TensorRT 引擎已释放
2026-06-23 16:41:25 [INFO] 全局 CUDA 资源已释放
2026-06-23 16:41:25 [INFO] 检测系统资源已释放
2026-06-23 16:41:30 [INFO] CUDA 初始化成功
2026-06-23 16:41:30 [INFO] 引擎加载成功: dangerous.engine
2026-06-23 16:41:30 [INFO] 检测系统初始化成功
2026-06-23 16:41:30 [INFO] 图像预处理完成，原始尺寸: (2160, 3840)
2026-06-23 16:41:30 [INFO] 开始执行目标检测...
2026-06-23 16:41:30 [INFO] 检测完成，找到 5 个物体
2026-06-23 16:41:30 [INFO] 物体 1: GasCyl1 (置信度: 0.90)
2026-06-23 16:41:30 [INFO] 物体 2: GasCyl1 (置信度: 0.66)
2026-06-23 16:41:30 [INFO] 物体 3: FireExt1 (置信度: 0.55)
2026-06-23 16:41:30 [INFO] 物体 4: FireExt1 (置信度: 0.48)
2026-06-23 16:41:30 [INFO] 物体 5: FireExt1 (置信度: 0.36)
2026-06-23 16:41:31 [INFO] 检测到车兜区域，将过滤区域外的目标
2026-06-23 16:41:31 [INFO] 车兜区域过滤: 5 -> 3 个目标
2026-06-23 16:41:31 [INFO] 准备保存检测结果到: C:\code\show\Scrap_Steel_In_Field\photos\dangerous_det\detection_20260623_164131.jpg
2026-06-23 16:41:31 [INFO] 图像形状: (2160, 3840, 3)
2026-06-23 16:41:31 [INFO] 图像数据类型: uint8
2026-06-23 16:41:31 [INFO] 图像最大值: 255
2026-06-23 16:41:31 [INFO] 图像最小值: 0
2026-06-23 16:41:31 [INFO] 开始保存检测结果图像: 图像尺寸=(2160, 3840, 3), 类型=uint8, 路径=C:\code\show\Scrap_Steel_In_Field\photos\dangerous_det\detection_20260623_164131.jpg
2026-06-23 16:41:31 [INFO] 成功保存检测结果到: C:\code\show\Scrap_Steel_In_Field\photos\dangerous_det\detection_20260623_164131.jpg
2026-06-23 16:41:31 [INFO] 保存的检测结果文件大小: 2275740 字节
2026-06-23 16:41:31 [INFO] 引擎上下文已释放
2026-06-23 16:41:31 [INFO] TensorRT 引擎已释放
2026-06-23 16:41:31 [INFO] 全局 CUDA 资源已释放
2026-06-23 16:41:31 [INFO] 检测系统资源已释放
2026-06-23 16:41:36 [INFO] CUDA 初始化成功
2026-06-23 16:41:36 [INFO] 引擎加载成功: dangerous.engine
2026-06-23 16:41:36 [INFO] 检测系统初始化成功
2026-06-23 16:41:36 [INFO] 图像预处理完成，原始尺寸: (2160, 3840)
2026-06-23 16:41:36 [INFO] 开始执行目标检测...
2026-06-23 16:41:36 [INFO] 检测完成，找到 4 个物体
2026-06-23 16:41:36 [INFO] 物体 1: GasCyl1 (置信度: 0.90)
2026-06-23 16:41:36 [INFO] 物体 2: GasCyl1 (置信度: 0.65)
2026-06-23 16:41:36 [INFO] 物体 3: FireExt1 (置信度: 0.56)
2026-06-23 16:41:36 [INFO] 物体 4: FireExt1 (置信度: 0.50)
2026-06-23 16:41:36 [INFO] 检测到车兜区域，将过滤区域外的目标
2026-06-23 16:41:36 [INFO] 车兜区域过滤: 4 -> 3 个目标
2026-06-23 16:41:36 [INFO] 准备保存检测结果到: C:\code\show\Scrap_Steel_In_Field\photos\dangerous_det\detection_20260623_164136.jpg
2026-06-23 16:41:36 [INFO] 图像形状: (2160, 3840, 3)
2026-06-23 16:41:36 [INFO] 图像数据类型: uint8
2026-06-23 16:41:36 [INFO] 图像最大值: 255
2026-06-23 16:41:36 [INFO] 图像最小值: 0
2026-06-23 16:41:36 [INFO] 开始保存检测结果图像: 图像尺寸=(2160, 3840, 3), 类型=uint8, 路径=C:\code\show\Scrap_Steel_In_Field\photos\dangerous_det\detection_20260623_164136.jpg
2026-06-23 16:41:36 [INFO] 成功保存检测结果到: C:\code\show\Scrap_Steel_In_Field\photos\dangerous_det\detection_20260623_164136.jpg
2026-06-23 16:41:36 [INFO] 保存的检测结果文件大小: 2276892 字节
2026-06-23 16:41:36 [INFO] 引擎上下文已释放
2026-06-23 16:41:36 [INFO] TensorRT 引擎已释放
2026-06-23 16:41:36 [INFO] 全局 CUDA 资源已释放
2026-06-23 16:41:36 [INFO] 检测系统资源已释放
2026-06-23 16:41:41 [INFO] CUDA 初始化成功
2026-06-23 16:41:41 [INFO] 引擎加载成功: dangerous.engine
2026-06-23 16:41:41 [INFO] 检测系统初始化成功
2026-06-23 16:41:41 [INFO] 图像预处理完成，原始尺寸: (2160, 3840)
2026-06-23 16:41:41 [INFO] 开始执行目标检测...
2026-06-23 16:41:41 [INFO] 检测完成，找到 5 个物体
2026-06-23 16:41:41 [INFO] 物体 1: GasCyl1 (置信度: 0.90)
2026-06-23 16:41:41 [INFO] 物体 2: FireExt1 (置信度: 0.57)
2026-06-23 16:41:41 [INFO] 物体 3: GasCyl1 (置信度: 0.56)
2026-06-23 16:41:41 [INFO] 物体 4: FireExt1 (置信度: 0.47)
2026-06-23 16:41:41 [INFO] 物体 5: FireExt1 (置信度: 0.39)
2026-06-23 16:41:41 [INFO] 检测到车兜区域，将过滤区域外的目标
2026-06-23 16:41:41 [INFO] 车兜区域过滤: 5 -> 3 个目标
2026-06-23 16:41:41 [INFO] 准备保存检测结果到: C:\code\show\Scrap_Steel_In_Field\photos\dangerous_det\detection_20260623_164141.jpg
2026-06-23 16:41:41 [INFO] 图像形状: (2160, 3840, 3)
2026-06-23 16:41:41 [INFO] 图像数据类型: uint8
2026-06-23 16:41:41 [INFO] 图像最大值: 255
2026-06-23 16:41:41 [INFO] 图像最小值: 0
2026-06-23 16:41:41 [INFO] 开始保存检测结果图像: 图像尺寸=(2160, 3840, 3), 类型=uint8, 路径=C:\code\show\Scrap_Steel_In_Field\photos\dangerous_det\detection_20260623_164141.jpg
2026-06-23 16:41:41 [INFO] 成功保存检测结果到: C:\code\show\Scrap_Steel_In_Field\photos\dangerous_det\detection_20260623_164141.jpg
2026-06-23 16:41:41 [INFO] 保存的检测结果文件大小: 2273920 字节
2026-06-23 16:41:41 [INFO] 引擎上下文已释放
2026-06-23 16:41:41 [INFO] TensorRT 引擎已释放
2026-06-23 16:41:41 [INFO] 全局 CUDA 资源已释放
2026-06-23 16:41:41 [INFO] 检测系统资源已释放
2026-06-23 16:41:46 [INFO] CUDA 初始化成功
2026-06-23 16:41:46 [INFO] 引擎加载成功: dangerous.engine
2026-06-23 16:41:46 [INFO] 检测系统初始化成功
2026-06-23 16:41:46 [INFO] 图像预处理完成，原始尺寸: (2160, 3840)
2026-06-23 16:41:46 [INFO] 开始执行目标检测...
2026-06-23 16:41:46 [INFO] 检测完成，找到 4 个物体
2026-06-23 16:41:46 [INFO] 物体 1: GasCyl1 (置信度: 0.89)
2026-06-23 16:41:46 [INFO] 物体 2: GasCyl1 (置信度: 0.64)
2026-06-23 16:41:46 [INFO] 物体 3: FireExt1 (置信度: 0.56)
2026-06-23 16:41:46 [INFO] 物体 4: FireExt1 (置信度: 0.47)
2026-06-23 16:41:46 [INFO] 检测到车兜区域，将过滤区域外的目标
2026-06-23 16:41:46 [INFO] 车兜区域过滤: 4 -> 3 个目标
2026-06-23 16:41:46 [INFO] 准备保存检测结果到: C:\code\show\Scrap_Steel_In_Field\photos\dangerous_det\detection_20260623_164146.jpg
2026-06-23 16:41:46 [INFO] 图像形状: (2160, 3840, 3)
2026-06-23 16:41:46 [INFO] 图像数据类型: uint8
2026-06-23 16:41:46 [INFO] 图像最大值: 255
2026-06-23 16:41:46 [INFO] 图像最小值: 0
2026-06-23 16:41:46 [INFO] 开始保存检测结果图像: 图像尺寸=(2160, 3840, 3), 类型=uint8, 路径=C:\code\show\Scrap_Steel_In_Field\photos\dangerous_det\detection_20260623_164146.jpg
2026-06-23 16:41:46 [INFO] 成功保存检测结果到: C:\code\show\Scrap_Steel_In_Field\photos\dangerous_det\detection_20260623_164146.jpg
2026-06-23 16:41:46 [INFO] 保存的检测结果文件大小: 2275145 字节
2026-06-23 16:41:46 [INFO] 引擎上下文已释放
2026-06-23 16:41:46 [INFO] TensorRT 引擎已释放
2026-06-23 16:41:46 [INFO] 全局 CUDA 资源已释放
2026-06-23 16:41:46 [INFO] 检测系统资源已释放
2026-06-23 16:41:52 [INFO] CUDA 初始化成功
2026-06-23 16:41:52 [INFO] 引擎加载成功: dangerous.engine
2026-06-23 16:41:52 [INFO] 检测系统初始化成功
2026-06-23 16:41:52 [INFO] 图像预处理完成，原始尺寸: (2160, 3840)
2026-06-23 16:41:52 [INFO] 开始执行目标检测...
2026-06-23 16:41:52 [INFO] 检测完成，找到 5 个物体
2026-06-23 16:41:52 [INFO] 物体 1: GasCyl1 (置信度: 0.90)
2026-06-23 16:41:52 [INFO] 物体 2: FireExt1 (置信度: 0.58)
2026-06-23 16:41:52 [INFO] 物体 3: GasCyl1 (置信度: 0.55)
2026-06-23 16:41:52 [INFO] 物体 4: GasCyl1 (置信度: 0.55)
2026-06-23 16:41:52 [INFO] 物体 5: FireExt1 (置信度: 0.39)
2026-06-23 16:41:52 [INFO] 检测到车兜区域，将过滤区域外的目标
2026-06-23 16:41:52 [INFO] 车兜区域过滤: 5 -> 3 个目标
2026-06-23 16:41:52 [INFO] 准备保存检测结果到: C:\code\show\Scrap_Steel_In_Field\photos\dangerous_det\detection_20260623_164152.jpg
2026-06-23 16:41:52 [INFO] 图像形状: (2160, 3840, 3)
2026-06-23 16:41:52 [INFO] 图像数据类型: uint8
2026-06-23 16:41:52 [INFO] 图像最大值: 255
2026-06-23 16:41:52 [INFO] 图像最小值: 0
2026-06-23 16:41:52 [INFO] 开始保存检测结果图像: 图像尺寸=(2160, 3840, 3), 类型=uint8, 路径=C:\code\show\Scrap_Steel_In_Field\photos\dangerous_det\detection_20260623_164152.jpg
2026-06-23 16:41:52 [INFO] 成功保存检测结果到: C:\code\show\Scrap_Steel_In_Field\photos\dangerous_det\detection_20260623_164152.jpg
2026-06-23 16:41:52 [INFO] 保存的检测结果文件大小: 2274626 字节
2026-06-23 16:41:52 [INFO] 引擎上下文已释放
2026-06-23 16:41:52 [INFO] TensorRT 引擎已释放
2026-06-23 16:41:52 [INFO] 全局 CUDA 资源已释放
2026-06-23 16:41:52 [INFO] 检测系统资源已释放
2026-06-23 16:41:57 [INFO] CUDA 初始化成功
2026-06-23 16:41:57 [INFO] 引擎加载成功: dangerous.engine
2026-06-23 16:41:57 [INFO] 检测系统初始化成功
2026-06-23 16:41:57 [INFO] 图像预处理完成，原始尺寸: (2160, 3840)
2026-06-23 16:41:57 [INFO] 开始执行目标检测...
2026-06-23 16:41:57 [INFO] 检测完成，找到 4 个物体
2026-06-23 16:41:57 [INFO] 物体 1: GasCyl1 (置信度: 0.90)
2026-06-23 16:41:57 [INFO] 物体 2: GasCyl1 (置信度: 0.68)
2026-06-23 16:41:57 [INFO] 物体 3: FireExt1 (置信度: 0.56)
2026-06-23 16:41:57 [INFO] 物体 4: FireExt1 (置信度: 0.49)
2026-06-23 16:41:57 [INFO] 检测到车兜区域，将过滤区域外的目标
2026-06-23 16:41:57 [INFO] 车兜区域过滤: 4 -> 3 个目标
2026-06-23 16:41:57 [INFO] 准备保存检测结果到: C:\code\show\Scrap_Steel_In_Field\photos\dangerous_det\detection_20260623_164157.jpg
2026-06-23 16:41:57 [INFO] 图像形状: (2160, 3840, 3)
2026-06-23 16:41:57 [INFO] 图像数据类型: uint8
2026-06-23 16:41:57 [INFO] 图像最大值: 255
2026-06-23 16:41:57 [INFO] 图像最小值: 0
2026-06-23 16:41:57 [INFO] 开始保存检测结果图像: 图像尺寸=(2160, 3840, 3), 类型=uint8, 路径=C:\code\show\Scrap_Steel_In_Field\photos\dangerous_det\detection_20260623_164157.jpg
2026-06-23 16:41:57 [INFO] 成功保存检测结果到: C:\code\show\Scrap_Steel_In_Field\photos\dangerous_det\detection_20260623_164157.jpg
2026-06-23 16:41:57 [INFO] 保存的检测结果文件大小: 2273922 字节
2026-06-23 16:41:57 [INFO] 引擎上下文已释放
2026-06-23 16:41:57 [INFO] TensorRT 引擎已释放
2026-06-23 16:41:57 [INFO] 全局 CUDA 资源已释放
2026-06-23 16:41:57 [INFO] 检测系统资源已释放
2026-06-23 16:42:02 [INFO] CUDA 初始化成功
2026-06-23 16:42:02 [INFO] 引擎加载成功: dangerous.engine
2026-06-23 16:42:02 [INFO] 检测系统初始化成功
2026-06-23 16:42:02 [INFO] 图像预处理完成，原始尺寸: (2160, 3840)
2026-06-23 16:42:02 [INFO] 开始执行目标检测...
2026-06-23 16:42:02 [INFO] 检测完成，找到 5 个物体
2026-06-23 16:42:02 [INFO] 物体 1: GasCyl1 (置信度: 0.90)
2026-06-23 16:42:02 [INFO] 物体 2: GasCyl1 (置信度: 0.74)
2026-06-23 16:42:02 [INFO] 物体 3: FireExt1 (置信度: 0.56)
2026-06-23 16:42:02 [INFO] 物体 4: FireExt1 (置信度: 0.50)
2026-06-23 16:42:02 [INFO] 物体 5: FireExt1 (置信度: 0.41)
2026-06-23 16:42:02 [INFO] 检测到车兜区域，将过滤区域外的目标
2026-06-23 16:42:02 [INFO] 车兜区域过滤: 5 -> 3 个目标
2026-06-23 16:42:02 [INFO] 准备保存检测结果到: C:\code\show\Scrap_Steel_In_Field\photos\dangerous_det\detection_20260623_164202.jpg
2026-06-23 16:42:02 [INFO] 图像形状: (2160, 3840, 3)
2026-06-23 16:42:02 [INFO] 图像数据类型: uint8
2026-06-23 16:42:02 [INFO] 图像最大值: 255
2026-06-23 16:42:02 [INFO] 图像最小值: 0
2026-06-23 16:42:02 [INFO] 开始保存检测结果图像: 图像尺寸=(2160, 3840, 3), 类型=uint8, 路径=C:\code\show\Scrap_Steel_In_Field\photos\dangerous_det\detection_20260623_164202.jpg
2026-06-23 16:42:02 [INFO] 成功保存检测结果到: C:\code\show\Scrap_Steel_In_Field\photos\dangerous_det\detection_20260623_164202.jpg
2026-06-23 16:42:02 [INFO] 保存的检测结果文件大小: 2276882 字节
2026-06-23 16:42:02 [INFO] 引擎上下文已释放
2026-06-23 16:42:02 [INFO] TensorRT 引擎已释放
2026-06-23 16:42:02 [INFO] 全局 CUDA 资源已释放
2026-06-23 16:42:02 [INFO] 检测系统资源已释放
2026-06-23 16:42:08 [INFO] CUDA 初始化成功
2026-06-23 16:42:08 [INFO] 引擎加载成功: dangerous.engine
2026-06-23 16:42:08 [INFO] 检测系统初始化成功
2026-06-23 16:42:08 [INFO] 图像预处理完成，原始尺寸: (2160, 3840)
2026-06-23 16:42:08 [INFO] 开始执行目标检测...
2026-06-23 16:42:08 [INFO] 检测完成，找到 5 个物体
2026-06-23 16:42:08 [INFO] 物体 1: GasCyl1 (置信度: 0.89)
2026-06-23 16:42:08 [INFO] 物体 2: GasCyl1 (置信度: 0.71)
2026-06-23 16:42:08 [INFO] 物体 3: FireExt1 (置信度: 0.55)
2026-06-23 16:42:08 [INFO] 物体 4: FireExt1 (置信度: 0.49)
2026-06-23 16:42:08 [INFO] 物体 5: FireExt1 (置信度: 0.41)
2026-06-23 16:42:08 [INFO] 检测到车兜区域，将过滤区域外的目标
2026-06-23 16:42:08 [INFO] 车兜区域过滤: 5 -> 3 个目标
2026-06-23 16:42:08 [INFO] 准备保存检测结果到: C:\code\show\Scrap_Steel_In_Field\photos\dangerous_det\detection_20260623_164208.jpg
2026-06-23 16:42:08 [INFO] 图像形状: (2160, 3840, 3)
2026-06-23 16:42:08 [INFO] 图像数据类型: uint8
2026-06-23 16:42:08 [INFO] 图像最大值: 255
2026-06-23 16:42:08 [INFO] 图像最小值: 0
2026-06-23 16:42:08 [INFO] 开始保存检测结果图像: 图像尺寸=(2160, 3840, 3), 类型=uint8, 路径=C:\code\show\Scrap_Steel_In_Field\photos\dangerous_det\detection_20260623_164208.jpg
2026-06-23 16:42:08 [INFO] 成功保存检测结果到: C:\code\show\Scrap_Steel_In_Field\photos\dangerous_det\detection_20260623_164208.jpg
2026-06-23 16:42:08 [INFO] 保存的检测结果文件大小: 2274431 字节
2026-06-23 16:42:08 [INFO] 引擎上下文已释放
2026-06-23 16:42:08 [INFO] TensorRT 引擎已释放
2026-06-23 16:42:08 [INFO] 全局 CUDA 资源已释放
2026-06-23 16:42:08 [INFO] 检测系统资源已释放
2026-06-23 16:42:13 [INFO] CUDA 初始化成功
2026-06-23 16:42:13 [INFO] 引擎加载成功: dangerous.engine
2026-06-23 16:42:13 [INFO] 检测系统初始化成功
2026-06-23 16:42:13 [INFO] 图像预处理完成，原始尺寸: (2160, 3840)
2026-06-23 16:42:13 [INFO] 开始执行目标检测...
2026-06-23 16:42:13 [INFO] 检测完成，找到 5 个物体
2026-06-23 16:42:13 [INFO] 物体 1: GasCyl1 (置信度: 0.89)
2026-06-23 16:42:13 [INFO] 物体 2: GasCyl1 (置信度: 0.68)
2026-06-23 16:42:13 [INFO] 物体 3: FireExt1 (置信度: 0.56)
2026-06-23 16:42:13 [INFO] 物体 4: FireExt1 (置信度: 0.48)
2026-06-23 16:42:13 [INFO] 物体 5: FireExt1 (置信度: 0.42)
2026-06-23 16:42:13 [INFO] 检测到车兜区域，将过滤区域外的目标
2026-06-23 16:42:13 [INFO] 车兜区域过滤: 5 -> 3 个目标
2026-06-23 16:42:13 [INFO] 准备保存检测结果到: C:\code\show\Scrap_Steel_In_Field\photos\dangerous_det\detection_20260623_164213.jpg
2026-06-23 16:42:13 [INFO] 图像形状: (2160, 3840, 3)
2026-06-23 16:42:13 [INFO] 图像数据类型: uint8
2026-06-23 16:42:13 [INFO] 图像最大值: 255
2026-06-23 16:42:13 [INFO] 图像最小值: 0
2026-06-23 16:42:13 [INFO] 开始保存检测结果图像: 图像尺寸=(2160, 3840, 3), 类型=uint8, 路径=C:\code\show\Scrap_Steel_In_Field\photos\dangerous_det\detection_20260623_164213.jpg
2026-06-23 16:42:13 [INFO] 成功保存检测结果到: C:\code\show\Scrap_Steel_In_Field\photos\dangerous_det\detection_20260623_164213.jpg
2026-06-23 16:42:13 [INFO] 保存的检测结果文件大小: 2275119 字节
2026-06-23 16:42:13 [INFO] 引擎上下文已释放
2026-06-23 16:42:13 [INFO] TensorRT 引擎已释放
2026-06-23 16:42:13 [INFO] 全局 CUDA 资源已释放
2026-06-23 16:42:13 [INFO] 检测系统资源已释放
2026-06-23 16:42:18 [INFO] CUDA 初始化成功
2026-06-23 16:42:18 [INFO] 引擎加载成功: dangerous.engine
2026-06-23 16:42:18 [INFO] 检测系统初始化成功
2026-06-23 16:42:18 [INFO] 图像预处理完成，原始尺寸: (2160, 3840)
2026-06-23 16:42:18 [INFO] 开始执行目标检测...
2026-06-23 16:42:18 [INFO] 检测完成，找到 5 个物体
2026-06-23 16:42:18 [INFO] 物体 1: GasCyl1 (置信度: 0.89)
2026-06-23 16:42:18 [INFO] 物体 2: GasCyl1 (置信度: 0.76)
2026-06-23 16:42:18 [INFO] 物体 3: FireExt1 (置信度: 0.58)
2026-06-23 16:42:18 [INFO] 物体 4: GasCyl1 (置信度: 0.52)
2026-06-23 16:42:18 [INFO] 物体 5: FireExt1 (置信度: 0.39)
2026-06-23 16:42:18 [INFO] 检测到车兜区域，将过滤区域外的目标
2026-06-23 16:42:18 [INFO] 车兜区域过滤: 5 -> 3 个目标
2026-06-23 16:42:18 [INFO] 准备保存检测结果到: C:\code\show\Scrap_Steel_In_Field\photos\dangerous_det\detection_20260623_164218.jpg
2026-06-23 16:42:18 [INFO] 图像形状: (2160, 3840, 3)
2026-06-23 16:42:18 [INFO] 图像数据类型: uint8
2026-06-23 16:42:18 [INFO] 图像最大值: 255
2026-06-23 16:42:18 [INFO] 图像最小值: 0
2026-06-23 16:42:18 [INFO] 开始保存检测结果图像: 图像尺寸=(2160, 3840, 3), 类型=uint8, 路径=C:\code\show\Scrap_Steel_In_Field\photos\dangerous_det\detection_20260623_164218.jpg
2026-06-23 16:42:18 [INFO] 成功保存检测结果到: C:\code\show\Scrap_Steel_In_Field\photos\dangerous_det\detection_20260623_164218.jpg
2026-06-23 16:42:18 [INFO] 保存的检测结果文件大小: 2274200 字节
2026-06-23 16:42:18 [INFO] 引擎上下文已释放
2026-06-23 16:42:18 [INFO] TensorRT 引擎已释放
2026-06-23 16:42:18 [INFO] 全局 CUDA 资源已释放
2026-06-23 16:42:18 [INFO] 检测系统资源已释放
2026-06-23 16:42:24 [INFO] CUDA 初始化成功
2026-06-23 16:42:24 [INFO] 引擎加载成功: dangerous.engine
2026-06-23 16:42:24 [INFO] 检测系统初始化成功
2026-06-23 16:42:24 [INFO] 图像预处理完成，原始尺寸: (2160, 3840)
2026-06-23 16:42:24 [INFO] 开始执行目标检测...
2026-06-23 16:42:24 [INFO] 检测完成，找到 5 个物体
2026-06-23 16:42:24 [INFO] 物体 1: GasCyl1 (置信度: 0.90)
2026-06-23 16:42:24 [INFO] 物体 2: GasCyl1 (置信度: 0.63)
2026-06-23 16:42:24 [INFO] 物体 3: FireExt1 (置信度: 0.52)
2026-06-23 16:42:24 [INFO] 物体 4: FireExt1 (置信度: 0.49)
2026-06-23 16:42:24 [INFO] 物体 5: FireExt1 (置信度: 0.36)
2026-06-23 16:42:24 [INFO] 检测到车兜区域，将过滤区域外的目标
2026-06-23 16:42:24 [INFO] 车兜区域过滤: 5 -> 3 个目标
2026-06-23 16:42:24 [INFO] 准备保存检测结果到: C:\code\show\Scrap_Steel_In_Field\photos\dangerous_det\detection_20260623_164224.jpg
2026-06-23 16:42:24 [INFO] 图像形状: (2160, 3840, 3)
2026-06-23 16:42:24 [INFO] 图像数据类型: uint8
2026-06-23 16:42:24 [INFO] 图像最大值: 255
2026-06-23 16:42:24 [INFO] 图像最小值: 0
2026-06-23 16:42:24 [INFO] 开始保存检测结果图像: 图像尺寸=(2160, 3840, 3), 类型=uint8, 路径=C:\code\show\Scrap_Steel_In_Field\photos\dangerous_det\detection_20260623_164224.jpg
2026-06-23 16:42:24 [INFO] 成功保存检测结果到: C:\code\show\Scrap_Steel_In_Field\photos\dangerous_det\detection_20260623_164224.jpg
2026-06-23 16:42:24 [INFO] 保存的检测结果文件大小: 2275093 字节
2026-06-23 16:42:24 [INFO] 引擎上下文已释放
2026-06-23 16:42:24 [INFO] TensorRT 引擎已释放
2026-06-23 16:42:24 [INFO] 全局 CUDA 资源已释放
2026-06-23 16:42:24 [INFO] 检测系统资源已释放
2026-06-23 16:42:29 [INFO] CUDA 初始化成功
2026-06-23 16:42:29 [INFO] 引擎加载成功: dangerous.engine
2026-06-23 16:42:29 [INFO] 检测系统初始化成功
2026-06-23 16:42:29 [INFO] 图像预处理完成，原始尺寸: (2160, 3840)
2026-06-23 16:42:29 [INFO] 开始执行目标检测...
2026-06-23 16:42:29 [INFO] 检测完成，找到 5 个物体
2026-06-23 16:42:29 [INFO] 物体 1: GasCyl1 (置信度: 0.90)
2026-06-23 16:42:29 [INFO] 物体 2: GasCyl1 (置信度: 0.77)
2026-06-23 16:42:29 [INFO] 物体 3: FireExt1 (置信度: 0.56)
2026-06-23 16:42:29 [INFO] 物体 4: FireExt1 (置信度: 0.49)
2026-06-23 16:42:29 [INFO] 物体 5: FireExt1 (置信度: 0.39)
2026-06-23 16:42:29 [INFO] 检测到车兜区域，将过滤区域外的目标
2026-06-23 16:42:29 [INFO] 车兜区域过滤: 5 -> 3 个目标
2026-06-23 16:42:29 [INFO] 准备保存检测结果到: C:\code\show\Scrap_Steel_In_Field\photos\dangerous_det\detection_20260623_164229.jpg
2026-06-23 16:42:29 [INFO] 图像形状: (2160, 3840, 3)
2026-06-23 16:42:29 [INFO] 图像数据类型: uint8
2026-06-23 16:42:29 [INFO] 图像最大值: 255
2026-06-23 16:42:29 [INFO] 图像最小值: 0
2026-06-23 16:42:29 [INFO] 开始保存检测结果图像: 图像尺寸=(2160, 3840, 3), 类型=uint8, 路径=C:\code\show\Scrap_Steel_In_Field\photos\dangerous_det\detection_20260623_164229.jpg
2026-06-23 16:42:29 [INFO] 成功保存检测结果到: C:\code\show\Scrap_Steel_In_Field\photos\dangerous_det\detection_20260623_164229.jpg
2026-06-23 16:42:29 [INFO] 保存的检测结果文件大小: 2273120 字节
2026-06-23 16:42:29 [INFO] 引擎上下文已释放
2026-06-23 16:42:29 [INFO] TensorRT 引擎已释放
2026-06-23 16:42:29 [INFO] 全局 CUDA 资源已释放
2026-06-23 16:42:29 [INFO] 检测系统资源已释放
2026-06-23 16:42:34 [INFO] CUDA 初始化成功
2026-06-23 16:42:34 [INFO] 引擎加载成功: dangerous.engine
2026-06-23 16:42:34 [INFO] 检测系统初始化成功
2026-06-23 16:42:35 [INFO] 图像预处理完成，原始尺寸: (2160, 3840)
2026-06-23 16:42:35 [INFO] 开始执行目标检测...
2026-06-23 16:42:35 [INFO] 检测完成，找到 5 个物体
2026-06-23 16:42:35 [INFO] 物体 1: GasCyl1 (置信度: 0.90)
2026-06-23 16:42:35 [INFO] 物体 2: GasCyl1 (置信度: 0.74)
2026-06-23 16:42:35 [INFO] 物体 3: FireExt1 (置信度: 0.56)
2026-06-23 16:42:35 [INFO] 物体 4: FireExt1 (置信度: 0.48)
2026-06-23 16:42:35 [INFO] 物体 5: FireExt1 (置信度: 0.41)
2026-06-23 16:42:35 [INFO] 检测到车兜区域，将过滤区域外的目标
2026-06-23 16:42:35 [INFO] 车兜区域过滤: 5 -> 3 个目标
2026-06-23 16:42:35 [INFO] 准备保存检测结果到: C:\code\show\Scrap_Steel_In_Field\photos\dangerous_det\detection_20260623_164235.jpg
2026-06-23 16:42:35 [INFO] 图像形状: (2160, 3840, 3)
2026-06-23 16:42:35 [INFO] 图像数据类型: uint8
2026-06-23 16:42:35 [INFO] 图像最大值: 255
2026-06-23 16:42:35 [INFO] 图像最小值: 0
2026-06-23 16:42:35 [INFO] 开始保存检测结果图像: 图像尺寸=(2160, 3840, 3), 类型=uint8, 路径=C:\code\show\Scrap_Steel_In_Field\photos\dangerous_det\detection_20260623_164235.jpg
2026-06-23 16:42:35 [INFO] 成功保存检测结果到: C:\code\show\Scrap_Steel_In_Field\photos\dangerous_det\detection_20260623_164235.jpg
2026-06-23 16:42:35 [INFO] 保存的检测结果文件大小: 2274897 字节
2026-06-23 16:42:35 [INFO] 引擎上下文已释放
2026-06-23 16:42:35 [INFO] TensorRT 引擎已释放
2026-06-23 16:42:35 [INFO] 全局 CUDA 资源已释放
2026-06-23 16:42:35 [INFO] 检测系统资源已释放
2026-06-23 16:42:40 [INFO] CUDA 初始化成功
2026-06-23 16:42:40 [INFO] 引擎加载成功: dangerous.engine
2026-06-23 16:42:40 [INFO] 检测系统初始化成功
2026-06-23 16:42:40 [INFO] 图像预处理完成，原始尺寸: (2160, 3840)
2026-06-23 16:42:40 [INFO] 开始执行目标检测...
2026-06-23 16:42:40 [INFO] 检测完成，找到 5 个物体
2026-06-23 16:42:40 [INFO] 物体 1: GasCyl1 (置信度: 0.90)
2026-06-23 16:42:40 [INFO] 物体 2: GasCyl1 (置信度: 0.70)
2026-06-23 16:42:40 [INFO] 物体 3: FireExt1 (置信度: 0.54)
2026-06-23 16:42:40 [INFO] 物体 4: FireExt1 (置信度: 0.48)
2026-06-23 16:42:40 [INFO] 物体 5: FireExt1 (置信度: 0.38)
2026-06-23 16:42:40 [INFO] 检测到车兜区域，将过滤区域外的目标
2026-06-23 16:42:40 [INFO] 车兜区域过滤: 5 -> 3 个目标
2026-06-23 16:42:40 [INFO] 准备保存检测结果到: C:\code\show\Scrap_Steel_In_Field\photos\dangerous_det\detection_20260623_164240.jpg
2026-06-23 16:42:40 [INFO] 图像形状: (2160, 3840, 3)
2026-06-23 16:42:40 [INFO] 图像数据类型: uint8
2026-06-23 16:42:40 [INFO] 图像最大值: 255
2026-06-23 16:42:40 [INFO] 图像最小值: 0
2026-06-23 16:42:40 [INFO] 开始保存检测结果图像: 图像尺寸=(2160, 3840, 3), 类型=uint8, 路径=C:\code\show\Scrap_Steel_In_Field\photos\dangerous_det\detection_20260623_164240.jpg
2026-06-23 16:42:40 [INFO] 成功保存检测结果到: C:\code\show\Scrap_Steel_In_Field\photos\dangerous_det\detection_20260623_164240.jpg
2026-06-23 16:42:40 [INFO] 保存的检测结果文件大小: 2275702 字节
2026-06-23 16:42:40 [INFO] 引擎上下文已释放
2026-06-23 16:42:40 [INFO] TensorRT 引擎已释放
2026-06-23 16:42:40 [INFO] 全局 CUDA 资源已释放
2026-06-23 16:42:40 [INFO] 检测系统资源已释放
2026-06-23 16:42:45 [INFO] CUDA 初始化成功
2026-06-23 16:42:45 [INFO] 引擎加载成功: dangerous.engine
2026-06-23 16:42:45 [INFO] 检测系统初始化成功
2026-06-23 16:42:45 [INFO] 图像预处理完成，原始尺寸: (2160, 3840)
2026-06-23 16:42:45 [INFO] 开始执行目标检测...
2026-06-23 16:42:45 [INFO] 检测完成，找到 5 个物体
2026-06-23 16:42:45 [INFO] 物体 1: GasCyl1 (置信度: 0.90)
2026-06-23 16:42:45 [INFO] 物体 2: GasCyl1 (置信度: 0.69)
2026-06-23 16:42:45 [INFO] 物体 3: FireExt1 (置信度: 0.56)
2026-06-23 16:42:45 [INFO] 物体 4: FireExt1 (置信度: 0.49)
2026-06-23 16:42:45 [INFO] 物体 5: FireExt1 (置信度: 0.36)
2026-06-23 16:42:45 [INFO] 检测到车兜区域，将过滤区域外的目标
2026-06-23 16:42:45 [INFO] 车兜区域过滤: 5 -> 3 个目标
2026-06-23 16:42:45 [INFO] 准备保存检测结果到: C:\code\show\Scrap_Steel_In_Field\photos\dangerous_det\detection_20260623_164245.jpg
2026-06-23 16:42:45 [INFO] 图像形状: (2160, 3840, 3)
2026-06-23 16:42:45 [INFO] 图像数据类型: uint8
2026-06-23 16:42:45 [INFO] 图像最大值: 255
2026-06-23 16:42:45 [INFO] 图像最小值: 0
2026-06-23 16:42:45 [INFO] 开始保存检测结果图像: 图像尺寸=(2160, 3840, 3), 类型=uint8, 路径=C:\code\show\Scrap_Steel_In_Field\photos\dangerous_det\detection_20260623_164245.jpg
2026-06-23 16:42:45 [INFO] 成功保存检测结果到: C:\code\show\Scrap_Steel_In_Field\photos\dangerous_det\detection_20260623_164245.jpg
2026-06-23 16:42:45 [INFO] 保存的检测结果文件大小: 2277447 字节
2026-06-23 16:42:45 [INFO] 引擎上下文已释放
2026-06-23 16:42:45 [INFO] TensorRT 引擎已释放
2026-06-23 16:42:45 [INFO] 全局 CUDA 资源已释放
2026-06-23 16:42:45 [INFO] 检测系统资源已释放
2026-06-23 16:42:50 [INFO] CUDA 初始化成功
2026-06-23 16:42:51 [INFO] 引擎加载成功: dangerous.engine
2026-06-23 16:42:51 [INFO] 检测系统初始化成功
2026-06-23 16:42:51 [INFO] 图像预处理完成，原始尺寸: (2160, 3840)
2026-06-23 16:42:51 [INFO] 开始执行目标检测...
2026-06-23 16:42:51 [INFO] 检测完成，找到 5 个物体
2026-06-23 16:42:51 [INFO] 物体 1: GasCyl1 (置信度: 0.89)
2026-06-23 16:42:51 [INFO] 物体 2: GasCyl1 (置信度: 0.71)
2026-06-23 16:42:51 [INFO] 物体 3: FireExt1 (置信度: 0.55)
2026-06-23 16:42:51 [INFO] 物体 4: FireExt1 (置信度: 0.50)
2026-06-23 16:42:51 [INFO] 物体 5: FireExt1 (置信度: 0.40)
2026-06-23 16:42:51 [INFO] 检测到车兜区域，将过滤区域外的目标
2026-06-23 16:42:51 [INFO] 车兜区域过滤: 5 -> 3 个目标
2026-06-23 16:42:51 [INFO] 准备保存检测结果到: C:\code\show\Scrap_Steel_In_Field\photos\dangerous_det\detection_20260623_164251.jpg
2026-06-23 16:42:51 [INFO] 图像形状: (2160, 3840, 3)
2026-06-23 16:42:51 [INFO] 图像数据类型: uint8
2026-06-23 16:42:51 [INFO] 图像最大值: 255
2026-06-23 16:42:51 [INFO] 图像最小值: 0
2026-06-23 16:42:51 [INFO] 开始保存检测结果图像: 图像尺寸=(2160, 3840, 3), 类型=uint8, 路径=C:\code\show\Scrap_Steel_In_Field\photos\dangerous_det\detection_20260623_164251.jpg
2026-06-23 16:42:51 [INFO] 成功保存检测结果到: C:\code\show\Scrap_Steel_In_Field\photos\dangerous_det\detection_20260623_164251.jpg
2026-06-23 16:42:51 [INFO] 保存的检测结果文件大小: 2275930 字节
2026-06-23 16:42:51 [INFO] 引擎上下文已释放
2026-06-23 16:42:51 [INFO] TensorRT 引擎已释放
2026-06-23 16:42:51 [INFO] 全局 CUDA 资源已释放
2026-06-23 16:42:51 [INFO] 检测系统资源已释放
2026-06-23 16:42:56 [INFO] CUDA 初始化成功
2026-06-23 16:42:56 [INFO] 引擎加载成功: dangerous.engine
2026-06-23 16:42:56 [INFO] 检测系统初始化成功
2026-06-23 16:42:56 [INFO] 图像预处理完成，原始尺寸: (2160, 3840)
2026-06-23 16:42:56 [INFO] 开始执行目标检测...
2026-06-23 16:42:56 [INFO] 检测完成，找到 5 个物体
2026-06-23 16:42:56 [INFO] 物体 1: GasCyl1 (置信度: 0.90)
2026-06-23 16:42:56 [INFO] 物体 2: GasCyl1 (置信度: 0.63)
2026-06-23 16:42:56 [INFO] 物体 3: FireExt1 (置信度: 0.55)
2026-06-23 16:42:56 [INFO] 物体 4: FireExt1 (置信度: 0.47)
2026-06-23 16:42:56 [INFO] 物体 5: FireExt1 (置信度: 0.37)
2026-06-23 16:42:56 [INFO] 检测到车兜区域，将过滤区域外的目标
2026-06-23 16:42:56 [INFO] 车兜区域过滤: 5 -> 3 个目标
2026-06-23 16:42:56 [INFO] 准备保存检测结果到: C:\code\show\Scrap_Steel_In_Field\photos\dangerous_det\detection_20260623_164256.jpg
2026-06-23 16:42:56 [INFO] 图像形状: (2160, 3840, 3)
2026-06-23 16:42:56 [INFO] 图像数据类型: uint8
2026-06-23 16:42:56 [INFO] 图像最大值: 255
2026-06-23 16:42:56 [INFO] 图像最小值: 0
2026-06-23 16:42:56 [INFO] 开始保存检测结果图像: 图像尺寸=(2160, 3840, 3), 类型=uint8, 路径=C:\code\show\Scrap_Steel_In_Field\photos\dangerous_det\detection_20260623_164256.jpg
2026-06-23 16:42:56 [INFO] 成功保存检测结果到: C:\code\show\Scrap_Steel_In_Field\photos\dangerous_det\detection_20260623_164256.jpg
2026-06-23 16:42:56 [INFO] 保存的检测结果文件大小: 2276367 字节
2026-06-23 16:42:56 [INFO] 引擎上下文已释放
2026-06-23 16:42:56 [INFO] TensorRT 引擎已释放
2026-06-23 16:42:56 [INFO] 全局 CUDA 资源已释放
2026-06-23 16:42:56 [INFO] 检测系统资源已释放
2026-06-23 16:43:01 [INFO] CUDA 初始化成功
2026-06-23 16:43:01 [INFO] 引擎加载成功: dangerous.engine
2026-06-23 16:43:01 [INFO] 检测系统初始化成功
2026-06-23 16:43:01 [INFO] 图像预处理完成，原始尺寸: (2160, 3840)
2026-06-23 16:43:01 [INFO] 开始执行目标检测...
2026-06-23 16:43:01 [INFO] 检测完成，找到 4 个物体
2026-06-23 16:43:01 [INFO] 物体 1: GasCyl1 (置信度: 0.90)
2026-06-23 16:43:01 [INFO] 物体 2: GasCyl1 (置信度: 0.69)
2026-06-23 16:43:01 [INFO] 物体 3: FireExt1 (置信度: 0.53)
2026-06-23 16:43:01 [INFO] 物体 4: GasCyl1 (置信度: 0.50)
2026-06-23 16:43:01 [INFO] 检测到车兜区域，将过滤区域外的目标
2026-06-23 16:43:01 [INFO] 车兜区域过滤: 4 -> 3 个目标
2026-06-23 16:43:01 [INFO] 准备保存检测结果到: C:\code\show\Scrap_Steel_In_Field\photos\dangerous_det\detection_20260623_164301.jpg
2026-06-23 16:43:01 [INFO] 图像形状: (2160, 3840, 3)
2026-06-23 16:43:01 [INFO] 图像数据类型: uint8
2026-06-23 16:43:01 [INFO] 图像最大值: 255
2026-06-23 16:43:01 [INFO] 图像最小值: 0
2026-06-23 16:43:01 [INFO] 开始保存检测结果图像: 图像尺寸=(2160, 3840, 3), 类型=uint8, 路径=C:\code\show\Scrap_Steel_In_Field\photos\dangerous_det\detection_20260623_164301.jpg
2026-06-23 16:43:01 [INFO] 成功保存检测结果到: C:\code\show\Scrap_Steel_In_Field\photos\dangerous_det\detection_20260623_164301.jpg
2026-06-23 16:43:01 [INFO] 保存的检测结果文件大小: 2279037 字节
2026-06-23 16:43:01 [INFO] 引擎上下文已释放
2026-06-23 16:43:01 [INFO] TensorRT 引擎已释放
2026-06-23 16:43:01 [INFO] 全局 CUDA 资源已释放
2026-06-23 16:43:01 [INFO] 检测系统资源已释放
2026-06-23 16:43:06 [INFO] CUDA 初始化成功
2026-06-23 16:43:06 [INFO] 引擎加载成功: dangerous.engine
2026-06-23 16:43:06 [INFO] 检测系统初始化成功
2026-06-23 16:43:06 [INFO] 图像预处理完成，原始尺寸: (2160, 3840)
2026-06-23 16:43:06 [INFO] 开始执行目标检测...
2026-06-23 16:43:07 [INFO] 检测完成，找到 5 个物体
2026-06-23 16:43:07 [INFO] 物体 1: GasCyl1 (置信度: 0.90)
2026-06-23 16:43:07 [INFO] 物体 2: GasCyl1 (置信度: 0.63)
2026-06-23 16:43:07 [INFO] 物体 3: FireExt1 (置信度: 0.53)
2026-06-23 16:43:07 [INFO] 物体 4: FireExt1 (置信度: 0.50)
2026-06-23 16:43:07 [INFO] 物体 5: FireExt1 (置信度: 0.39)
2026-06-23 16:43:07 [INFO] 检测到车兜区域，将过滤区域外的目标
2026-06-23 16:43:07 [INFO] 车兜区域过滤: 5 -> 3 个目标
2026-06-23 16:43:07 [INFO] 准备保存检测结果到: C:\code\show\Scrap_Steel_In_Field\photos\dangerous_det\detection_20260623_164307.jpg
2026-06-23 16:43:07 [INFO] 图像形状: (2160, 3840, 3)
2026-06-23 16:43:07 [INFO] 图像数据类型: uint8
2026-06-23 16:43:07 [INFO] 图像最大值: 255
2026-06-23 16:43:07 [INFO] 图像最小值: 0
2026-06-23 16:43:07 [INFO] 开始保存检测结果图像: 图像尺寸=(2160, 3840, 3), 类型=uint8, 路径=C:\code\show\Scrap_Steel_In_Field\photos\dangerous_det\detection_20260623_164307.jpg
2026-06-23 16:43:07 [INFO] 成功保存检测结果到: C:\code\show\Scrap_Steel_In_Field\photos\dangerous_det\detection_20260623_164307.jpg
2026-06-23 16:43:07 [INFO] 保存的检测结果文件大小: 2277414 字节
2026-06-23 16:43:07 [INFO] 引擎上下文已释放
2026-06-23 16:43:07 [INFO] TensorRT 引擎已释放
2026-06-23 16:43:07 [INFO] 全局 CUDA 资源已释放
2026-06-23 16:43:07 [INFO] 检测系统资源已释放
2026-06-23 16:43:12 [INFO] CUDA 初始化成功
2026-06-23 16:43:12 [INFO] 引擎加载成功: dangerous.engine
2026-06-23 16:43:12 [INFO] 检测系统初始化成功
2026-06-23 16:43:12 [INFO] 图像预处理完成，原始尺寸: (2160, 3840)
2026-06-23 16:43:12 [INFO] 开始执行目标检测...
2026-06-23 16:43:12 [INFO] 检测完成，找到 5 个物体
2026-06-23 16:43:12 [INFO] 物体 1: GasCyl1 (置信度: 0.90)
2026-06-23 16:43:12 [INFO] 物体 2: GasCyl1 (置信度: 0.73)
2026-06-23 16:43:12 [INFO] 物体 3: GasCyl1 (置信度: 0.58)
2026-06-23 16:43:12 [INFO] 物体 4: FireExt1 (置信度: 0.54)
2026-06-23 16:43:12 [INFO] 物体 5: FireExt1 (置信度: 0.40)
2026-06-23 16:43:12 [INFO] 检测到车兜区域，将过滤区域外的目标
2026-06-23 16:43:12 [INFO] 车兜区域过滤: 5 -> 3 个目标
2026-06-23 16:43:12 [INFO] 准备保存检测结果到: C:\code\show\Scrap_Steel_In_Field\photos\dangerous_det\detection_20260623_164312.jpg
2026-06-23 16:43:12 [INFO] 图像形状: (2160, 3840, 3)
2026-06-23 16:43:12 [INFO] 图像数据类型: uint8
2026-06-23 16:43:12 [INFO] 图像最大值: 255
2026-06-23 16:43:12 [INFO] 图像最小值: 0
2026-06-23 16:43:12 [INFO] 开始保存检测结果图像: 图像尺寸=(2160, 3840, 3), 类型=uint8, 路径=C:\code\show\Scrap_Steel_In_Field\photos\dangerous_det\detection_20260623_164312.jpg
2026-06-23 16:43:12 [INFO] 成功保存检测结果到: C:\code\show\Scrap_Steel_In_Field\photos\dangerous_det\detection_20260623_164312.jpg
2026-06-23 16:43:12 [INFO] 保存的检测结果文件大小: 2276619 字节
2026-06-23 16:43:12 [INFO] 引擎上下文已释放
2026-06-23 16:43:12 [INFO] TensorRT 引擎已释放
2026-06-23 16:43:12 [INFO] 全局 CUDA 资源已释放
2026-06-23 16:43:12 [INFO] 检测系统资源已释放
2026-06-23 16:43:17 [INFO] CUDA 初始化成功
2026-06-23 16:43:17 [INFO] 引擎加载成功: dangerous.engine
2026-06-23 16:43:17 [INFO] 检测系统初始化成功
2026-06-23 16:43:17 [INFO] 图像预处理完成，原始尺寸: (2160, 3840)
2026-06-23 16:43:17 [INFO] 开始执行目标检测...
2026-06-23 16:43:17 [INFO] 检测完成，找到 5 个物体
2026-06-23 16:43:17 [INFO] 物体 1: GasCyl1 (置信度: 0.90)
2026-06-23 16:43:17 [INFO] 物体 2: GasCyl1 (置信度: 0.73)
2026-06-23 16:43:17 [INFO] 物体 3: FireExt1 (置信度: 0.55)
2026-06-23 16:43:17 [INFO] 物体 4: FireExt1 (置信度: 0.47)
2026-06-23 16:43:17 [INFO] 物体 5: FireExt1 (置信度: 0.40)
2026-06-23 16:43:17 [INFO] 检测到车兜区域，将过滤区域外的目标
2026-06-23 16:43:17 [INFO] 车兜区域过滤: 5 -> 3 个目标
2026-06-23 16:43:17 [INFO] 准备保存检测结果到: C:\code\show\Scrap_Steel_In_Field\photos\dangerous_det\detection_20260623_164317.jpg
2026-06-23 16:43:17 [INFO] 图像形状: (2160, 3840, 3)
2026-06-23 16:43:17 [INFO] 图像数据类型: uint8
2026-06-23 16:43:17 [INFO] 图像最大值: 255
2026-06-23 16:43:17 [INFO] 图像最小值: 0
2026-06-23 16:43:17 [INFO] 开始保存检测结果图像: 图像尺寸=(2160, 3840, 3), 类型=uint8, 路径=C:\code\show\Scrap_Steel_In_Field\photos\dangerous_det\detection_20260623_164317.jpg
2026-06-23 16:43:17 [INFO] 成功保存检测结果到: C:\code\show\Scrap_Steel_In_Field\photos\dangerous_det\detection_20260623_164317.jpg
2026-06-23 16:43:17 [INFO] 保存的检测结果文件大小: 2273245 字节
2026-06-23 16:43:17 [INFO] 引擎上下文已释放
2026-06-23 16:43:17 [INFO] TensorRT 引擎已释放
2026-06-23 16:43:17 [INFO] 全局 CUDA 资源已释放
2026-06-23 16:43:17 [INFO] 检测系统资源已释放
2026-06-23 16:43:22 [INFO] CUDA 初始化成功
2026-06-23 16:43:22 [INFO] 引擎加载成功: dangerous.engine
2026-06-23 16:43:22 [INFO] 检测系统初始化成功
2026-06-23 16:43:22 [INFO] 图像预处理完成，原始尺寸: (2160, 3840)
2026-06-23 16:43:22 [INFO] 开始执行目标检测...
2026-06-23 16:43:22 [INFO] 检测完成，找到 5 个物体
2026-06-23 16:43:22 [INFO] 物体 1: GasCyl1 (置信度: 0.90)
2026-06-23 16:43:22 [INFO] 物体 2: GasCyl1 (置信度: 0.63)
2026-06-23 16:43:22 [INFO] 物体 3: FireExt1 (置信度: 0.56)
2026-06-23 16:43:22 [INFO] 物体 4: FireExt1 (置信度: 0.47)
2026-06-23 16:43:22 [INFO] 物体 5: FireExt1 (置信度: 0.38)
2026-06-23 16:43:22 [INFO] 检测到车兜区域，将过滤区域外的目标
2026-06-23 16:43:22 [INFO] 车兜区域过滤: 5 -> 3 个目标
2026-06-23 16:43:22 [INFO] 准备保存检测结果到: C:\code\show\Scrap_Steel_In_Field\photos\dangerous_det\detection_20260623_164322.jpg
2026-06-23 16:43:22 [INFO] 图像形状: (2160, 3840, 3)
2026-06-23 16:43:22 [INFO] 图像数据类型: uint8
2026-06-23 16:43:22 [INFO] 图像最大值: 255
2026-06-23 16:43:22 [INFO] 图像最小值: 0
2026-06-23 16:43:23 [INFO] 开始保存检测结果图像: 图像尺寸=(2160, 3840, 3), 类型=uint8, 路径=C:\code\show\Scrap_Steel_In_Field\photos\dangerous_det\detection_20260623_164322.jpg
2026-06-23 16:43:23 [INFO] 成功保存检测结果到: C:\code\show\Scrap_Steel_In_Field\photos\dangerous_det\detection_20260623_164322.jpg
2026-06-23 16:43:23 [INFO] 保存的检测结果文件大小: 2275186 字节
2026-06-23 16:43:23 [INFO] 引擎上下文已释放
2026-06-23 16:43:23 [INFO] TensorRT 引擎已释放
2026-06-23 16:43:23 [INFO] 全局 CUDA 资源已释放
2026-06-23 16:43:23 [INFO] 检测系统资源已释放
2026-06-23 16:43:28 [INFO] CUDA 初始化成功
2026-06-23 16:43:28 [INFO] 引擎加载成功: dangerous.engine
2026-06-23 16:43:28 [INFO] 检测系统初始化成功
2026-06-23 16:43:28 [INFO] 图像预处理完成，原始尺寸: (2160, 3840)
2026-06-23 16:43:28 [INFO] 开始执行目标检测...
2026-06-23 16:43:28 [INFO] 检测完成，找到 5 个物体
2026-06-23 16:43:28 [INFO] 物体 1: GasCyl1 (置信度: 0.90)
2026-06-23 16:43:28 [INFO] 物体 2: GasCyl1 (置信度: 0.61)
2026-06-23 16:43:28 [INFO] 物体 3: FireExt1 (置信度: 0.56)
2026-06-23 16:43:28 [INFO] 物体 4: FireExt1 (置信度: 0.48)
2026-06-23 16:43:28 [INFO] 物体 5: FireExt1 (置信度: 0.40)
2026-06-23 16:43:28 [INFO] 检测到车兜区域，将过滤区域外的目标
2026-06-23 16:43:28 [INFO] 车兜区域过滤: 5 -> 3 个目标
2026-06-23 16:43:28 [INFO] 准备保存检测结果到: C:\code\show\Scrap_Steel_In_Field\photos\dangerous_det\detection_20260623_164328.jpg
2026-06-23 16:43:28 [INFO] 图像形状: (2160, 3840, 3)
2026-06-23 16:43:28 [INFO] 图像数据类型: uint8
2026-06-23 16:43:28 [INFO] 图像最大值: 255
2026-06-23 16:43:28 [INFO] 图像最小值: 0
2026-06-23 16:43:28 [INFO] 开始保存检测结果图像: 图像尺寸=(2160, 3840, 3), 类型=uint8, 路径=C:\code\show\Scrap_Steel_In_Field\photos\dangerous_det\detection_20260623_164328.jpg
2026-06-23 16:43:28 [INFO] 成功保存检测结果到: C:\code\show\Scrap_Steel_In_Field\photos\dangerous_det\detection_20260623_164328.jpg
2026-06-23 16:43:28 [INFO] 保存的检测结果文件大小: 2276228 字节
2026-06-23 16:43:28 [INFO] 引擎上下文已释放
2026-06-23 16:43:28 [INFO] TensorRT 引擎已释放
2026-06-23 16:43:28 [INFO] 全局 CUDA 资源已释放
2026-06-23 16:43:28 [INFO] 检测系统资源已释放
2026-06-23 16:43:33 [INFO] CUDA 初始化成功
2026-06-23 16:43:33 [INFO] 引擎加载成功: dangerous.engine
2026-06-23 16:43:33 [INFO] 检测系统初始化成功
2026-06-23 16:43:33 [INFO] 图像预处理完成，原始尺寸: (2160, 3840)
2026-06-23 16:43:33 [INFO] 开始执行目标检测...
2026-06-23 16:43:33 [INFO] 检测完成，找到 4 个物体
2026-06-23 16:43:33 [INFO] 物体 1: GasCyl1 (置信度: 0.89)
2026-06-23 16:43:33 [INFO] 物体 2: GasCyl1 (置信度: 0.57)
2026-06-23 16:43:33 [INFO] 物体 3: FireExt1 (置信度: 0.55)
2026-06-23 16:43:33 [INFO] 物体 4: FireExt1 (置信度: 0.48)
2026-06-23 16:43:33 [INFO] 检测到车兜区域，将过滤区域外的目标
2026-06-23 16:43:33 [INFO] 车兜区域过滤: 4 -> 3 个目标
2026-06-23 16:43:33 [INFO] 准备保存检测结果到: C:\code\show\Scrap_Steel_In_Field\photos\dangerous_det\detection_20260623_164333.jpg
2026-06-23 16:43:33 [INFO] 图像形状: (2160, 3840, 3)
2026-06-23 16:43:33 [INFO] 图像数据类型: uint8
2026-06-23 16:43:33 [INFO] 图像最大值: 255
2026-06-23 16:43:33 [INFO] 图像最小值: 0
2026-06-23 16:43:33 [INFO] 开始保存检测结果图像: 图像尺寸=(2160, 3840, 3), 类型=uint8, 路径=C:\code\show\Scrap_Steel_In_Field\photos\dangerous_det\detection_20260623_164333.jpg
2026-06-23 16:43:33 [INFO] 成功保存检测结果到: C:\code\show\Scrap_Steel_In_Field\photos\dangerous_det\detection_20260623_164333.jpg
2026-06-23 16:43:33 [INFO] 保存的检测结果文件大小: 2274606 字节
2026-06-23 16:43:33 [INFO] 引擎上下文已释放
2026-06-23 16:43:33 [INFO] TensorRT 引擎已释放
2026-06-23 16:43:33 [INFO] 全局 CUDA 资源已释放
2026-06-23 16:43:33 [INFO] 检测系统资源已释放
2026-06-23 16:43:38 [INFO] CUDA 初始化成功
2026-06-23 16:43:38 [INFO] 引擎加载成功: dangerous.engine
2026-06-23 16:43:38 [INFO] 检测系统初始化成功
2026-06-23 16:43:38 [INFO] 图像预处理完成，原始尺寸: (2160, 3840)
2026-06-23 16:43:38 [INFO] 开始执行目标检测...
2026-06-23 16:43:39 [INFO] 检测完成，找到 4 个物体
2026-06-23 16:43:39 [INFO] 物体 1: GasCyl1 (置信度: 0.90)
2026-06-23 16:43:39 [INFO] 物体 2: GasCyl1 (置信度: 0.73)
2026-06-23 16:43:39 [INFO] 物体 3: FireExt1 (置信度: 0.55)
2026-06-23 16:43:39 [INFO] 物体 4: FireExt1 (置信度: 0.48)
2026-06-23 16:43:39 [INFO] 检测到车兜区域，将过滤区域外的目标
2026-06-23 16:43:39 [INFO] 车兜区域过滤: 4 -> 3 个目标
2026-06-23 16:43:39 [INFO] 准备保存检测结果到: C:\code\show\Scrap_Steel_In_Field\photos\dangerous_det\detection_20260623_164339.jpg
2026-06-23 16:43:39 [INFO] 图像形状: (2160, 3840, 3)
2026-06-23 16:43:39 [INFO] 图像数据类型: uint8
2026-06-23 16:43:39 [INFO] 图像最大值: 255
2026-06-23 16:43:39 [INFO] 图像最小值: 0
2026-06-23 16:43:39 [INFO] 开始保存检测结果图像: 图像尺寸=(2160, 3840, 3), 类型=uint8, 路径=C:\code\show\Scrap_Steel_In_Field\photos\dangerous_det\detection_20260623_164339.jpg
2026-06-23 16:43:39 [INFO] 成功保存检测结果到: C:\code\show\Scrap_Steel_In_Field\photos\dangerous_det\detection_20260623_164339.jpg
2026-06-23 16:43:39 [INFO] 保存的检测结果文件大小: 2277862 字节
2026-06-23 16:43:39 [INFO] 引擎上下文已释放
2026-06-23 16:43:39 [INFO] TensorRT 引擎已释放
2026-06-23 16:43:39 [INFO] 全局 CUDA 资源已释放
2026-06-23 16:43:39 [INFO] 检测系统资源已释放
2026-06-23 16:43:44 [INFO] CUDA 初始化成功
2026-06-23 16:43:44 [INFO] 引擎加载成功: dangerous.engine
2026-06-23 16:43:44 [INFO] 检测系统初始化成功
2026-06-23 16:43:44 [INFO] 图像预处理完成，原始尺寸: (2160, 3840)
2026-06-23 16:43:44 [INFO] 开始执行目标检测...
2026-06-23 16:43:44 [INFO] 检测完成，找到 4 个物体
2026-06-23 16:43:44 [INFO] 物体 1: GasCyl1 (置信度: 0.89)
2026-06-23 16:43:44 [INFO] 物体 2: GasCyl1 (置信度: 0.61)
2026-06-23 16:43:44 [INFO] 物体 3: FireExt1 (置信度: 0.54)
2026-06-23 16:43:44 [INFO] 物体 4: GasCyl1 (置信度: 0.52)
2026-06-23 16:43:44 [INFO] 检测到车兜区域，将过滤区域外的目标
2026-06-23 16:43:44 [INFO] 车兜区域过滤: 4 -> 3 个目标
2026-06-23 16:43:44 [INFO] 准备保存检测结果到: C:\code\show\Scrap_Steel_In_Field\photos\dangerous_det\detection_20260623_164344.jpg
2026-06-23 16:43:44 [INFO] 图像形状: (2160, 3840, 3)
2026-06-23 16:43:44 [INFO] 图像数据类型: uint8
2026-06-23 16:43:44 [INFO] 图像最大值: 255
2026-06-23 16:43:44 [INFO] 图像最小值: 0
2026-06-23 16:43:44 [INFO] 开始保存检测结果图像: 图像尺寸=(2160, 3840, 3), 类型=uint8, 路径=C:\code\show\Scrap_Steel_In_Field\photos\dangerous_det\detection_20260623_164344.jpg
2026-06-23 16:43:44 [INFO] 成功保存检测结果到: C:\code\show\Scrap_Steel_In_Field\photos\dangerous_det\detection_20260623_164344.jpg
2026-06-23 16:43:44 [INFO] 保存的检测结果文件大小: 2272921 字节
2026-06-23 16:43:44 [INFO] 引擎上下文已释放
2026-06-23 16:43:44 [INFO] TensorRT 引擎已释放
2026-06-23 16:43:44 [INFO] 全局 CUDA 资源已释放
2026-06-23 16:43:44 [INFO] 检测系统资源已释放
2026-06-23 16:43:49 [INFO] CUDA 初始化成功
2026-06-23 16:43:49 [INFO] 引擎加载成功: dangerous.engine
2026-06-23 16:43:49 [INFO] 检测系统初始化成功
2026-06-23 16:43:49 [INFO] 图像预处理完成，原始尺寸: (2160, 3840)
2026-06-23 16:43:49 [INFO] 开始执行目标检测...
2026-06-23 16:43:49 [INFO] 检测完成，找到 5 个物体
2026-06-23 16:43:49 [INFO] 物体 1: GasCyl1 (置信度: 0.89)
2026-06-23 16:43:49 [INFO] 物体 2: GasCyl1 (置信度: 0.74)
2026-06-23 16:43:49 [INFO] 物体 3: FireExt1 (置信度: 0.55)
2026-06-23 16:43:49 [INFO] 物体 4: FireExt1 (置信度: 0.50)
2026-06-23 16:43:49 [INFO] 物体 5: FireExt1 (置信度: 0.38)
2026-06-23 16:43:49 [INFO] 检测到车兜区域，将过滤区域外的目标
2026-06-23 16:43:49 [INFO] 车兜区域过滤: 5 -> 3 个目标
2026-06-23 16:43:49 [INFO] 准备保存检测结果到: C:\code\show\Scrap_Steel_In_Field\photos\dangerous_det\detection_20260623_164349.jpg
2026-06-23 16:43:49 [INFO] 图像形状: (2160, 3840, 3)
2026-06-23 16:43:49 [INFO] 图像数据类型: uint8
2026-06-23 16:43:49 [INFO] 图像最大值: 255
2026-06-23 16:43:49 [INFO] 图像最小值: 0
2026-06-23 16:43:49 [INFO] 开始保存检测结果图像: 图像尺寸=(2160, 3840, 3), 类型=uint8, 路径=C:\code\show\Scrap_Steel_In_Field\photos\dangerous_det\detection_20260623_164349.jpg
2026-06-23 16:43:49 [INFO] 成功保存检测结果到: C:\code\show\Scrap_Steel_In_Field\photos\dangerous_det\detection_20260623_164349.jpg
2026-06-23 16:43:49 [INFO] 保存的检测结果文件大小: 2272688 字节
2026-06-23 16:43:49 [INFO] 引擎上下文已释放
2026-06-23 16:43:49 [INFO] TensorRT 引擎已释放
2026-06-23 16:43:49 [INFO] 全局 CUDA 资源已释放
2026-06-23 16:43:49 [INFO] 检测系统资源已释放
2026-06-23 16:43:54 [INFO] CUDA 初始化成功
2026-06-23 16:43:55 [INFO] 引擎加载成功: dangerous.engine
2026-06-23 16:43:55 [INFO] 检测系统初始化成功
2026-06-23 16:43:55 [INFO] 图像预处理完成，原始尺寸: (2160, 3840)
2026-06-23 16:43:55 [INFO] 开始执行目标检测...
2026-06-23 16:43:55 [INFO] 检测完成，找到 5 个物体
2026-06-23 16:43:55 [INFO] 物体 1: GasCyl1 (置信度: 0.89)
2026-06-23 16:43:55 [INFO] 物体 2: GasCyl1 (置信度: 0.76)
2026-06-23 16:43:55 [INFO] 物体 3: FireExt1 (置信度: 0.55)
2026-06-23 16:43:55 [INFO] 物体 4: FireExt1 (置信度: 0.49)
2026-06-23 16:43:55 [INFO] 物体 5: FireExt1 (置信度: 0.41)
2026-06-23 16:43:55 [INFO] 检测到车兜区域，将过滤区域外的目标
2026-06-23 16:43:55 [INFO] 车兜区域过滤: 5 -> 3 个目标
2026-06-23 16:43:55 [INFO] 准备保存检测结果到: C:\code\show\Scrap_Steel_In_Field\photos\dangerous_det\detection_20260623_164355.jpg
2026-06-23 16:43:55 [INFO] 图像形状: (2160, 3840, 3)
2026-06-23 16:43:55 [INFO] 图像数据类型: uint8
2026-06-23 16:43:55 [INFO] 图像最大值: 255
2026-06-23 16:43:55 [INFO] 图像最小值: 0
2026-06-23 16:43:55 [INFO] 开始保存检测结果图像: 图像尺寸=(2160, 3840, 3), 类型=uint8, 路径=C:\code\show\Scrap_Steel_In_Field\photos\dangerous_det\detection_20260623_164355.jpg
2026-06-23 16:43:55 [INFO] 成功保存检测结果到: C:\code\show\Scrap_Steel_In_Field\photos\dangerous_det\detection_20260623_164355.jpg
2026-06-23 16:43:55 [INFO] 保存的检测结果文件大小: 2278487 字节
2026-06-23 16:43:55 [INFO] 引擎上下文已释放
2026-06-23 16:43:55 [INFO] TensorRT 引擎已释放
2026-06-23 16:43:55 [INFO] 全局 CUDA 资源已释放
2026-06-23 16:43:55 [INFO] 检测系统资源已释放
2026-06-23 16:44:00 [INFO] CUDA 初始化成功
2026-06-23 16:44:00 [INFO] 引擎加载成功: dangerous.engine
2026-06-23 16:44:00 [INFO] 检测系统初始化成功
2026-06-23 16:44:00 [INFO] 图像预处理完成，原始尺寸: (2160, 3840)
2026-06-23 16:44:00 [INFO] 开始执行目标检测...
2026-06-23 16:44:00 [INFO] 检测完成，找到 5 个物体
2026-06-23 16:44:00 [INFO] 物体 1: GasCyl1 (置信度: 0.89)
2026-06-23 16:44:00 [INFO] 物体 2: GasCyl1 (置信度: 0.68)
2026-06-23 16:44:00 [INFO] 物体 3: GasCyl1 (置信度: 0.53)
2026-06-23 16:44:00 [INFO] 物体 4: FireExt1 (置信度: 0.52)
2026-06-23 16:44:00 [INFO] 物体 5: FireExt1 (置信度: 0.38)
2026-06-23 16:44:00 [INFO] 检测到车兜区域，将过滤区域外的目标
2026-06-23 16:44:00 [INFO] 车兜区域过滤: 5 -> 3 个目标
2026-06-23 16:44:00 [INFO] 准备保存检测结果到: C:\code\show\Scrap_Steel_In_Field\photos\dangerous_det\detection_20260623_164400.jpg
2026-06-23 16:44:00 [INFO] 图像形状: (2160, 3840, 3)
2026-06-23 16:44:00 [INFO] 图像数据类型: uint8
2026-06-23 16:44:00 [INFO] 图像最大值: 255
2026-06-23 16:44:00 [INFO] 图像最小值: 0
2026-06-23 16:44:00 [INFO] 开始保存检测结果图像: 图像尺寸=(2160, 3840, 3), 类型=uint8, 路径=C:\code\show\Scrap_Steel_In_Field\photos\dangerous_det\detection_20260623_164400.jpg
2026-06-23 16:44:00 [INFO] 成功保存检测结果到: C:\code\show\Scrap_Steel_In_Field\photos\dangerous_det\detection_20260623_164400.jpg
2026-06-23 16:44:00 [INFO] 保存的检测结果文件大小: 2275055 字节
2026-06-23 16:44:00 [INFO] 引擎上下文已释放
2026-06-23 16:44:00 [INFO] TensorRT 引擎已释放
2026-06-23 16:44:00 [INFO] 全局 CUDA 资源已释放
2026-06-23 16:44:00 [INFO] 检测系统资源已释放
2026-06-23 16:44:05 [INFO] CUDA 初始化成功
2026-06-23 16:44:05 [INFO] 引擎加载成功: dangerous.engine
2026-06-23 16:44:05 [INFO] 检测系统初始化成功
2026-06-23 16:44:06 [INFO] 图像预处理完成，原始尺寸: (2160, 3840)
2026-06-23 16:44:06 [INFO] 开始执行目标检测...
2026-06-23 16:44:06 [INFO] 检测完成，找到 5 个物体
2026-06-23 16:44:06 [INFO] 物体 1: GasCyl1 (置信度: 0.89)
2026-06-23 16:44:06 [INFO] 物体 2: GasCyl1 (置信度: 0.62)
2026-06-23 16:44:06 [INFO] 物体 3: FireExt1 (置信度: 0.57)
2026-06-23 16:44:06 [INFO] 物体 4: FireExt1 (置信度: 0.50)
2026-06-23 16:44:06 [INFO] 物体 5: FireExt1 (置信度: 0.36)
2026-06-23 16:44:06 [INFO] 检测到车兜区域，将过滤区域外的目标
2026-06-23 16:44:06 [INFO] 车兜区域过滤: 5 -> 3 个目标
2026-06-23 16:44:06 [INFO] 准备保存检测结果到: C:\code\show\Scrap_Steel_In_Field\photos\dangerous_det\detection_20260623_164406.jpg
2026-06-23 16:44:06 [INFO] 图像形状: (2160, 3840, 3)
2026-06-23 16:44:06 [INFO] 图像数据类型: uint8
2026-06-23 16:44:06 [INFO] 图像最大值: 255
2026-06-23 16:44:06 [INFO] 图像最小值: 0
2026-06-23 16:44:06 [INFO] 开始保存检测结果图像: 图像尺寸=(2160, 3840, 3), 类型=uint8, 路径=C:\code\show\Scrap_Steel_In_Field\photos\dangerous_det\detection_20260623_164406.jpg
2026-06-23 16:44:06 [INFO] 成功保存检测结果到: C:\code\show\Scrap_Steel_In_Field\photos\dangerous_det\detection_20260623_164406.jpg
2026-06-23 16:44:06 [INFO] 保存的检测结果文件大小: 2273972 字节
2026-06-23 16:44:06 [INFO] 引擎上下文已释放
2026-06-23 16:44:06 [INFO] TensorRT 引擎已释放
2026-06-23 16:44:06 [INFO] 全局 CUDA 资源已释放
2026-06-23 16:44:06 [INFO] 检测系统资源已释放
2026-06-23 16:44:11 [INFO] CUDA 初始化成功
2026-06-23 16:44:11 [INFO] 引擎加载成功: dangerous.engine
2026-06-23 16:44:11 [INFO] 检测系统初始化成功
2026-06-23 16:44:11 [INFO] 图像预处理完成，原始尺寸: (2160, 3840)
2026-06-23 16:44:11 [INFO] 开始执行目标检测...
2026-06-23 16:44:11 [INFO] 检测完成，找到 5 个物体
2026-06-23 16:44:11 [INFO] 物体 1: GasCyl1 (置信度: 0.89)
2026-06-23 16:44:11 [INFO] 物体 2: GasCyl1 (置信度: 0.67)
2026-06-23 16:44:11 [INFO] 物体 3: FireExt1 (置信度: 0.57)
2026-06-23 16:44:11 [INFO] 物体 4: FireExt1 (置信度: 0.50)
2026-06-23 16:44:11 [INFO] 物体 5: FireExt1 (置信度: 0.41)
2026-06-23 16:44:11 [INFO] 检测到车兜区域，将过滤区域外的目标
2026-06-23 16:44:11 [INFO] 车兜区域过滤: 5 -> 3 个目标
2026-06-23 16:44:11 [INFO] 准备保存检测结果到: C:\code\show\Scrap_Steel_In_Field\photos\dangerous_det\detection_20260623_164411.jpg
2026-06-23 16:44:11 [INFO] 图像形状: (2160, 3840, 3)
2026-06-23 16:44:11 [INFO] 图像数据类型: uint8
2026-06-23 16:44:11 [INFO] 图像最大值: 255
2026-06-23 16:44:11 [INFO] 图像最小值: 0
2026-06-23 16:44:11 [INFO] 开始保存检测结果图像: 图像尺寸=(2160, 3840, 3), 类型=uint8, 路径=C:\code\show\Scrap_Steel_In_Field\photos\dangerous_det\detection_20260623_164411.jpg
2026-06-23 16:44:11 [INFO] 成功保存检测结果到: C:\code\show\Scrap_Steel_In_Field\photos\dangerous_det\detection_20260623_164411.jpg
2026-06-23 16:44:11 [INFO] 保存的检测结果文件大小: 2276280 字节
2026-06-23 16:44:11 [INFO] 引擎上下文已释放
2026-06-23 16:44:11 [INFO] TensorRT 引擎已释放
2026-06-23 16:44:11 [INFO] 全局 CUDA 资源已释放
2026-06-23 16:44:11 [INFO] 检测系统资源已释放
2026-06-23 16:44:16 [INFO] CUDA 初始化成功
2026-06-23 16:44:16 [INFO] 引擎加载成功: dangerous.engine
2026-06-23 16:44:16 [INFO] 检测系统初始化成功
2026-06-23 16:44:16 [INFO] 图像预处理完成，原始尺寸: (2160, 3840)
2026-06-23 16:44:16 [INFO] 开始执行目标检测...
2026-06-23 16:44:16 [INFO] 检测完成，找到 5 个物体
2026-06-23 16:44:16 [INFO] 物体 1: GasCyl1 (置信度: 0.89)
2026-06-23 16:44:16 [INFO] 物体 2: GasCyl1 (置信度: 0.61)
2026-06-23 16:44:16 [INFO] 物体 3: FireExt1 (置信度: 0.56)
2026-06-23 16:44:16 [INFO] 物体 4: GasCyl1 (置信度: 0.50)
2026-06-23 16:44:16 [INFO] 物体 5: FireExt1 (置信度: 0.37)
2026-06-23 16:44:16 [INFO] 检测到车兜区域，将过滤区域外的目标
2026-06-23 16:44:16 [INFO] 车兜区域过滤: 5 -> 3 个目标
2026-06-23 16:44:16 [INFO] 准备保存检测结果到: C:\code\show\Scrap_Steel_In_Field\photos\dangerous_det\detection_20260623_164416.jpg
2026-06-23 16:44:16 [INFO] 图像形状: (2160, 3840, 3)
2026-06-23 16:44:16 [INFO] 图像数据类型: uint8
2026-06-23 16:44:16 [INFO] 图像最大值: 255
2026-06-23 16:44:16 [INFO] 图像最小值: 0
2026-06-23 16:44:16 [INFO] 开始保存检测结果图像: 图像尺寸=(2160, 3840, 3), 类型=uint8, 路径=C:\code\show\Scrap_Steel_In_Field\photos\dangerous_det\detection_20260623_164416.jpg
2026-06-23 16:44:16 [INFO] 成功保存检测结果到: C:\code\show\Scrap_Steel_In_Field\photos\dangerous_det\detection_20260623_164416.jpg
2026-06-23 16:44:16 [INFO] 保存的检测结果文件大小: 2277588 字节
2026-06-23 16:44:16 [INFO] 引擎上下文已释放
2026-06-23 16:44:16 [INFO] TensorRT 引擎已释放
2026-06-23 16:44:16 [INFO] 全局 CUDA 资源已释放
2026-06-23 16:44:16 [INFO] 检测系统资源已释放
2026-06-23 16:44:21 [INFO] CUDA 初始化成功
2026-06-23 16:44:21 [INFO] 引擎加载成功: dangerous.engine
2026-06-23 16:44:21 [INFO] 检测系统初始化成功
2026-06-23 16:44:22 [INFO] 图像预处理完成，原始尺寸: (2160, 3840)
2026-06-23 16:44:22 [INFO] 开始执行目标检测...
2026-06-23 16:44:22 [INFO] 检测完成，找到 5 个物体
2026-06-23 16:44:22 [INFO] 物体 1: GasCyl1 (置信度: 0.89)
2026-06-23 16:44:22 [INFO] 物体 2: GasCyl1 (置信度: 0.74)
2026-06-23 16:44:22 [INFO] 物体 3: FireExt1 (置信度: 0.52)
2026-06-23 16:44:22 [INFO] 物体 4: GasCyl1 (置信度: 0.49)
2026-06-23 16:44:22 [INFO] 物体 5: FireExt1 (置信度: 0.37)
2026-06-23 16:44:22 [INFO] 检测到车兜区域，将过滤区域外的目标
2026-06-23 16:44:22 [INFO] 车兜区域过滤: 5 -> 3 个目标
2026-06-23 16:44:22 [INFO] 准备保存检测结果到: C:\code\show\Scrap_Steel_In_Field\photos\dangerous_det\detection_20260623_164422.jpg
2026-06-23 16:44:22 [INFO] 图像形状: (2160, 3840, 3)
2026-06-23 16:44:22 [INFO] 图像数据类型: uint8
2026-06-23 16:44:22 [INFO] 图像最大值: 255
2026-06-23 16:44:22 [INFO] 图像最小值: 0
2026-06-23 16:44:22 [INFO] 开始保存检测结果图像: 图像尺寸=(2160, 3840, 3), 类型=uint8, 路径=C:\code\show\Scrap_Steel_In_Field\photos\dangerous_det\detection_20260623_164422.jpg
2026-06-23 16:44:22 [INFO] 成功保存检测结果到: C:\code\show\Scrap_Steel_In_Field\photos\dangerous_det\detection_20260623_164422.jpg
2026-06-23 16:44:22 [INFO] 保存的检测结果文件大小: 2277135 字节
2026-06-23 16:44:22 [INFO] 引擎上下文已释放
2026-06-23 16:44:22 [INFO] TensorRT 引擎已释放
2026-06-23 16:44:22 [INFO] 全局 CUDA 资源已释放
2026-06-23 16:44:22 [INFO] 检测系统资源已释放
2026-06-23 16:44:26 [INFO] CUDA 初始化成功
2026-06-23 16:44:26 [INFO] 引擎加载成功: dangerous.engine
2026-06-23 16:44:26 [INFO] 检测系统初始化成功
2026-06-23 16:44:26 [INFO] 图像预处理完成，原始尺寸: (2160, 3840)
2026-06-23 16:44:26 [INFO] 开始执行目标检测...
2026-06-23 16:44:26 [INFO] 检测完成，找到 5 个物体
2026-06-23 16:44:26 [INFO] 物体 1: GasCyl1 (置信度: 0.89)
2026-06-23 16:44:26 [INFO] 物体 2: GasCyl1 (置信度: 0.72)
2026-06-23 16:44:26 [INFO] 物体 3: FireExt1 (置信度: 0.56)
2026-06-23 16:44:26 [INFO] 物体 4: FireExt1 (置信度: 0.47)
2026-06-23 16:44:26 [INFO] 物体 5: FireExt1 (置信度: 0.40)
2026-06-23 16:44:27 [INFO] 检测到车兜区域，将过滤区域外的目标
2026-06-23 16:44:27 [INFO] 车兜区域过滤: 5 -> 3 个目标
2026-06-23 16:44:27 [INFO] 准备保存检测结果到: C:\code\show\Scrap_Steel_In_Field\photos\dangerous_det\detection_20260623_164427.jpg
2026-06-23 16:44:27 [INFO] 图像形状: (2160, 3840, 3)
2026-06-23 16:44:27 [INFO] 图像数据类型: uint8
2026-06-23 16:44:27 [INFO] 图像最大值: 255
2026-06-23 16:44:27 [INFO] 图像最小值: 0
2026-06-23 16:44:27 [INFO] 开始保存检测结果图像: 图像尺寸=(2160, 3840, 3), 类型=uint8, 路径=C:\code\show\Scrap_Steel_In_Field\photos\dangerous_det\detection_20260623_164427.jpg
2026-06-23 16:44:27 [INFO] 成功保存检测结果到: C:\code\show\Scrap_Steel_In_Field\photos\dangerous_det\detection_20260623_164427.jpg
2026-06-23 16:44:27 [INFO] 保存的检测结果文件大小: 2260079 字节
2026-06-23 16:44:27 [INFO] 引擎上下文已释放
2026-06-23 16:44:27 [INFO] TensorRT 引擎已释放
2026-06-23 16:44:27 [INFO] 全局 CUDA 资源已释放
2026-06-23 16:44:27 [INFO] 检测系统资源已释放
2026-06-23 16:44:32 [INFO] CUDA 初始化成功
2026-06-23 16:44:32 [INFO] 引擎加载成功: dangerous.engine
2026-06-23 16:44:32 [INFO] 检测系统初始化成功
2026-06-23 16:44:32 [INFO] 图像预处理完成，原始尺寸: (2160, 3840)
2026-06-23 16:44:32 [INFO] 开始执行目标检测...
2026-06-23 16:44:32 [INFO] 检测完成，找到 5 个物体
2026-06-23 16:44:32 [INFO] 物体 1: GasCyl1 (置信度: 0.90)
2026-06-23 16:44:32 [INFO] 物体 2: GasCyl1 (置信度: 0.67)
2026-06-23 16:44:32 [INFO] 物体 3: FireExt1 (置信度: 0.55)
2026-06-23 16:44:32 [INFO] 物体 4: FireExt1 (置信度: 0.49)
2026-06-23 16:44:32 [INFO] 物体 5: FireExt1 (置信度: 0.37)
2026-06-23 16:44:32 [INFO] 检测到车兜区域，将过滤区域外的目标
2026-06-23 16:44:32 [INFO] 车兜区域过滤: 5 -> 3 个目标
2026-06-23 16:44:32 [INFO] 准备保存检测结果到: C:\code\show\Scrap_Steel_In_Field\photos\dangerous_det\detection_20260623_164432.jpg
2026-06-23 16:44:32 [INFO] 图像形状: (2160, 3840, 3)
2026-06-23 16:44:32 [INFO] 图像数据类型: uint8
2026-06-23 16:44:32 [INFO] 图像最大值: 255
2026-06-23 16:44:32 [INFO] 图像最小值: 0
2026-06-23 16:44:32 [INFO] 开始保存检测结果图像: 图像尺寸=(2160, 3840, 3), 类型=uint8, 路径=C:\code\show\Scrap_Steel_In_Field\photos\dangerous_det\detection_20260623_164432.jpg
2026-06-23 16:44:32 [INFO] 成功保存检测结果到: C:\code\show\Scrap_Steel_In_Field\photos\dangerous_det\detection_20260623_164432.jpg
2026-06-23 16:44:32 [INFO] 保存的检测结果文件大小: 2275568 字节
2026-06-23 16:44:32 [INFO] 引擎上下文已释放
2026-06-23 16:44:32 [INFO] TensorRT 引擎已释放
2026-06-23 16:44:32 [INFO] 全局 CUDA 资源已释放
2026-06-23 16:44:32 [INFO] 检测系统资源已释放
2026-06-23 16:44:37 [INFO] CUDA 初始化成功
2026-06-23 16:44:37 [INFO] 引擎加载成功: dangerous.engine
2026-06-23 16:44:37 [INFO] 检测系统初始化成功
2026-06-23 16:44:37 [INFO] 图像预处理完成，原始尺寸: (2160, 3840)
2026-06-23 16:44:37 [INFO] 开始执行目标检测...
2026-06-23 16:44:37 [INFO] 检测完成，找到 5 个物体
2026-06-23 16:44:37 [INFO] 物体 1: GasCyl1 (置信度: 0.89)
2026-06-23 16:44:37 [INFO] 物体 2: GasCyl1 (置信度: 0.67)
2026-06-23 16:44:37 [INFO] 物体 3: FireExt1 (置信度: 0.56)
2026-06-23 16:44:37 [INFO] 物体 4: FireExt1 (置信度: 0.48)
2026-06-23 16:44:37 [INFO] 物体 5: FireExt1 (置信度: 0.44)
2026-06-23 16:44:37 [INFO] 检测到车兜区域，将过滤区域外的目标
2026-06-23 16:44:37 [INFO] 车兜区域过滤: 5 -> 3 个目标
2026-06-23 16:44:37 [INFO] 准备保存检测结果到: C:\code\show\Scrap_Steel_In_Field\photos\dangerous_det\detection_20260623_164437.jpg
2026-06-23 16:44:37 [INFO] 图像形状: (2160, 3840, 3)
2026-06-23 16:44:37 [INFO] 图像数据类型: uint8
2026-06-23 16:44:37 [INFO] 图像最大值: 255
2026-06-23 16:44:37 [INFO] 图像最小值: 0
2026-06-23 16:44:37 [INFO] 开始保存检测结果图像: 图像尺寸=(2160, 3840, 3), 类型=uint8, 路径=C:\code\show\Scrap_Steel_In_Field\photos\dangerous_det\detection_20260623_164437.jpg
2026-06-23 16:44:37 [INFO] 成功保存检测结果到: C:\code\show\Scrap_Steel_In_Field\photos\dangerous_det\detection_20260623_164437.jpg
2026-06-23 16:44:37 [INFO] 保存的检测结果文件大小: 2277797 字节
2026-06-23 16:44:37 [INFO] 引擎上下文已释放
2026-06-23 16:44:37 [INFO] TensorRT 引擎已释放
2026-06-23 16:44:37 [INFO] 全局 CUDA 资源已释放
2026-06-23 16:44:37 [INFO] 检测系统资源已释放
2026-06-23 16:44:42 [INFO] CUDA 初始化成功
2026-06-23 16:44:42 [INFO] 引擎加载成功: dangerous.engine
2026-06-23 16:44:42 [INFO] 检测系统初始化成功
2026-06-23 16:44:42 [INFO] 图像预处理完成，原始尺寸: (2160, 3840)
2026-06-23 16:44:42 [INFO] 开始执行目标检测...
2026-06-23 16:44:42 [INFO] 检测完成，找到 5 个物体
2026-06-23 16:44:42 [INFO] 物体 1: GasCyl1 (置信度: 0.90)
2026-06-23 16:44:42 [INFO] 物体 2: GasCyl1 (置信度: 0.74)
2026-06-23 16:44:42 [INFO] 物体 3: FireExt1 (置信度: 0.56)
2026-06-23 16:44:42 [INFO] 物体 4: GasCyl1 (置信度: 0.55)
2026-06-23 16:44:42 [INFO] 物体 5: FireExt1 (置信度: 0.41)
2026-06-23 16:44:42 [INFO] 检测到车兜区域，将过滤区域外的目标
2026-06-23 16:44:42 [INFO] 车兜区域过滤: 5 -> 3 个目标
2026-06-23 16:44:42 [INFO] 准备保存检测结果到: C:\code\show\Scrap_Steel_In_Field\photos\dangerous_det\detection_20260623_164442.jpg
2026-06-23 16:44:42 [INFO] 图像形状: (2160, 3840, 3)
2026-06-23 16:44:42 [INFO] 图像数据类型: uint8
2026-06-23 16:44:43 [INFO] 图像最大值: 255
2026-06-23 16:44:43 [INFO] 图像最小值: 0
2026-06-23 16:44:43 [INFO] 开始保存检测结果图像: 图像尺寸=(2160, 3840, 3), 类型=uint8, 路径=C:\code\show\Scrap_Steel_In_Field\photos\dangerous_det\detection_20260623_164442.jpg
2026-06-23 16:44:43 [INFO] 成功保存检测结果到: C:\code\show\Scrap_Steel_In_Field\photos\dangerous_det\detection_20260623_164442.jpg
2026-06-23 16:44:43 [INFO] 保存的检测结果文件大小: 2278433 字节
2026-06-23 16:44:43 [INFO] 引擎上下文已释放
2026-06-23 16:44:43 [INFO] TensorRT 引擎已释放
2026-06-23 16:44:43 [INFO] 全局 CUDA 资源已释放
2026-06-23 16:44:43 [INFO] 检测系统资源已释放
2026-06-23 16:44:48 [INFO] CUDA 初始化成功
2026-06-23 16:44:48 [INFO] 引擎加载成功: dangerous.engine
2026-06-23 16:44:48 [INFO] 检测系统初始化成功
2026-06-23 16:44:48 [INFO] 图像预处理完成，原始尺寸: (2160, 3840)
2026-06-23 16:44:48 [INFO] 开始执行目标检测...
2026-06-23 16:44:48 [INFO] 检测完成，找到 4 个物体
2026-06-23 16:44:48 [INFO] 物体 1: GasCyl1 (置信度: 0.89)
2026-06-23 16:44:48 [INFO] 物体 2: GasCyl1 (置信度: 0.69)
2026-06-23 16:44:48 [INFO] 物体 3: FireExt1 (置信度: 0.54)
2026-06-23 16:44:48 [INFO] 物体 4: FireExt1 (置信度: 0.51)
2026-06-23 16:44:48 [INFO] 检测到车兜区域，将过滤区域外的目标
2026-06-23 16:44:48 [INFO] 车兜区域过滤: 4 -> 3 个目标
2026-06-23 16:44:48 [INFO] 准备保存检测结果到: C:\code\show\Scrap_Steel_In_Field\photos\dangerous_det\detection_20260623_164448.jpg
2026-06-23 16:44:48 [INFO] 图像形状: (2160, 3840, 3)
2026-06-23 16:44:48 [INFO] 图像数据类型: uint8
2026-06-23 16:44:48 [INFO] 图像最大值: 255
2026-06-23 16:44:48 [INFO] 图像最小值: 0
2026-06-23 16:44:48 [INFO] 开始保存检测结果图像: 图像尺寸=(2160, 3840, 3), 类型=uint8, 路径=C:\code\show\Scrap_Steel_In_Field\photos\dangerous_det\detection_20260623_164448.jpg
2026-06-23 16:44:48 [INFO] 成功保存检测结果到: C:\code\show\Scrap_Steel_In_Field\photos\dangerous_det\detection_20260623_164448.jpg
2026-06-23 16:44:48 [INFO] 保存的检测结果文件大小: 2274813 字节
2026-06-23 16:44:48 [INFO] 引擎上下文已释放
2026-06-23 16:44:48 [INFO] TensorRT 引擎已释放
2026-06-23 16:44:48 [INFO] 全局 CUDA 资源已释放
2026-06-23 16:44:48 [INFO] 检测系统资源已释放
2026-06-23 16:44:53 [INFO] CUDA 初始化成功
2026-06-23 16:44:53 [INFO] 引擎加载成功: dangerous.engine
2026-06-23 16:44:53 [INFO] 检测系统初始化成功
2026-06-23 16:44:53 [INFO] 图像预处理完成，原始尺寸: (2160, 3840)
2026-06-23 16:44:53 [INFO] 开始执行目标检测...
2026-06-23 16:44:53 [INFO] 检测完成，找到 4 个物体
2026-06-23 16:44:53 [INFO] 物体 1: GasCyl1 (置信度: 0.89)
2026-06-23 16:44:53 [INFO] 物体 2: GasCyl1 (置信度: 0.66)
2026-06-23 16:44:53 [INFO] 物体 3: FireExt1 (置信度: 0.55)
2026-06-23 16:44:53 [INFO] 物体 4: FireExt1 (置信度: 0.50)
2026-06-23 16:44:53 [INFO] 检测到车兜区域，将过滤区域外的目标
2026-06-23 16:44:53 [INFO] 车兜区域过滤: 4 -> 3 个目标
2026-06-23 16:44:53 [INFO] 准备保存检测结果到: C:\code\show\Scrap_Steel_In_Field\photos\dangerous_det\detection_20260623_164453.jpg
2026-06-23 16:44:53 [INFO] 图像形状: (2160, 3840, 3)
2026-06-23 16:44:53 [INFO] 图像数据类型: uint8
2026-06-23 16:44:53 [INFO] 图像最大值: 255
2026-06-23 16:44:53 [INFO] 图像最小值: 0
2026-06-23 16:44:53 [INFO] 开始保存检测结果图像: 图像尺寸=(2160, 3840, 3), 类型=uint8, 路径=C:\code\show\Scrap_Steel_In_Field\photos\dangerous_det\detection_20260623_164453.jpg
2026-06-23 16:44:53 [INFO] 成功保存检测结果到: C:\code\show\Scrap_Steel_In_Field\photos\dangerous_det\detection_20260623_164453.jpg
2026-06-23 16:44:53 [INFO] 保存的检测结果文件大小: 2273863 字节
2026-06-23 16:44:53 [INFO] 引擎上下文已释放
2026-06-23 16:44:53 [INFO] TensorRT 引擎已释放
2026-06-23 16:44:53 [INFO] 全局 CUDA 资源已释放
2026-06-23 16:44:53 [INFO] 检测系统资源已释放
2026-06-23 16:44:58 [INFO] CUDA 初始化成功
2026-06-23 16:44:58 [INFO] 引擎加载成功: dangerous.engine
2026-06-23 16:44:58 [INFO] 检测系统初始化成功
2026-06-23 16:44:58 [INFO] 图像预处理完成，原始尺寸: (2160, 3840)
2026-06-23 16:44:58 [INFO] 开始执行目标检测...
2026-06-23 16:44:58 [INFO] 检测完成，找到 4 个物体
2026-06-23 16:44:58 [INFO] 物体 1: GasCyl1 (置信度: 0.90)
2026-06-23 16:44:58 [INFO] 物体 2: GasCyl1 (置信度: 0.73)
2026-06-23 16:44:58 [INFO] 物体 3: FireExt1 (置信度: 0.56)
2026-06-23 16:44:58 [INFO] 物体 4: FireExt1 (置信度: 0.50)
2026-06-23 16:44:58 [INFO] 检测到车兜区域，将过滤区域外的目标
2026-06-23 16:44:58 [INFO] 车兜区域过滤: 4 -> 3 个目标
2026-06-23 16:44:58 [INFO] 准备保存检测结果到: C:\code\show\Scrap_Steel_In_Field\photos\dangerous_det\detection_20260623_164458.jpg
2026-06-23 16:44:58 [INFO] 图像形状: (2160, 3840, 3)
2026-06-23 16:44:58 [INFO] 图像数据类型: uint8
2026-06-23 16:44:58 [INFO] 图像最大值: 255
2026-06-23 16:44:58 [INFO] 图像最小值: 0
2026-06-23 16:44:58 [INFO] 开始保存检测结果图像: 图像尺寸=(2160, 3840, 3), 类型=uint8, 路径=C:\code\show\Scrap_Steel_In_Field\photos\dangerous_det\detection_20260623_164458.jpg
2026-06-23 16:44:58 [INFO] 成功保存检测结果到: C:\code\show\Scrap_Steel_In_Field\photos\dangerous_det\detection_20260623_164458.jpg
2026-06-23 16:44:58 [INFO] 保存的检测结果文件大小: 2273982 字节
2026-06-23 16:44:58 [INFO] 引擎上下文已释放
2026-06-23 16:44:58 [INFO] TensorRT 引擎已释放
2026-06-23 16:44:58 [INFO] 全局 CUDA 资源已释放
2026-06-23 16:44:58 [INFO] 检测系统资源已释放
2026-06-23 16:45:04 [INFO] CUDA 初始化成功
2026-06-23 16:45:04 [INFO] 引擎加载成功: dangerous.engine
2026-06-23 16:45:04 [INFO] 检测系统初始化成功
2026-06-23 16:45:04 [INFO] 图像预处理完成，原始尺寸: (2160, 3840)
2026-06-23 16:45:04 [INFO] 开始执行目标检测...
2026-06-23 16:45:04 [INFO] 检测完成，找到 4 个物体
2026-06-23 16:45:04 [INFO] 物体 1: GasCyl1 (置信度: 0.90)
2026-06-23 16:45:04 [INFO] 物体 2: GasCyl1 (置信度: 0.74)
2026-06-23 16:45:04 [INFO] 物体 3: FireExt1 (置信度: 0.53)
2026-06-23 16:45:04 [INFO] 物体 4: GasCyl1 (置信度: 0.51)
2026-06-23 16:45:04 [INFO] 检测到车兜区域，将过滤区域外的目标
2026-06-23 16:45:04 [INFO] 车兜区域过滤: 4 -> 3 个目标
2026-06-23 16:45:04 [INFO] 准备保存检测结果到: C:\code\show\Scrap_Steel_In_Field\photos\dangerous_det\detection_20260623_164504.jpg
2026-06-23 16:45:04 [INFO] 图像形状: (2160, 3840, 3)
2026-06-23 16:45:04 [INFO] 图像数据类型: uint8
2026-06-23 16:45:04 [INFO] 图像最大值: 255
2026-06-23 16:45:04 [INFO] 图像最小值: 0
2026-06-23 16:45:04 [INFO] 开始保存检测结果图像: 图像尺寸=(2160, 3840, 3), 类型=uint8, 路径=C:\code\show\Scrap_Steel_In_Field\photos\dangerous_det\detection_20260623_164504.jpg
2026-06-23 16:45:04 [INFO] 成功保存检测结果到: C:\code\show\Scrap_Steel_In_Field\photos\dangerous_det\detection_20260623_164504.jpg
2026-06-23 16:45:04 [INFO] 保存的检测结果文件大小: 2275568 字节
2026-06-23 16:45:04 [INFO] 引擎上下文已释放
2026-06-23 16:45:04 [INFO] TensorRT 引擎已释放
2026-06-23 16:45:04 [INFO] 全局 CUDA 资源已释放
2026-06-23 16:45:04 [INFO] 检测系统资源已释放
2026-06-23 16:45:09 [INFO] CUDA 初始化成功
2026-06-23 16:45:09 [INFO] 引擎加载成功: dangerous.engine
2026-06-23 16:45:09 [INFO] 检测系统初始化成功
2026-06-23 16:45:09 [INFO] 图像预处理完成，原始尺寸: (2160, 3840)
2026-06-23 16:45:09 [INFO] 开始执行目标检测...
2026-06-23 16:45:09 [INFO] 检测完成，找到 5 个物体
2026-06-23 16:45:09 [INFO] 物体 1: GasCyl1 (置信度: 0.90)
2026-06-23 16:45:09 [INFO] 物体 2: GasCyl1 (置信度: 0.72)
2026-06-23 16:45:09 [INFO] 物体 3: FireExt1 (置信度: 0.53)
2026-06-23 16:45:09 [INFO] 物体 4: FireExt1 (置信度: 0.48)
2026-06-23 16:45:09 [INFO] 物体 5: FireExt1 (置信度: 0.40)
2026-06-23 16:45:09 [INFO] 检测到车兜区域，将过滤区域外的目标
2026-06-23 16:45:09 [INFO] 车兜区域过滤: 5 -> 3 个目标
2026-06-23 16:45:09 [INFO] 准备保存检测结果到: C:\code\show\Scrap_Steel_In_Field\photos\dangerous_det\detection_20260623_164509.jpg
2026-06-23 16:45:09 [INFO] 图像形状: (2160, 3840, 3)
2026-06-23 16:45:09 [INFO] 图像数据类型: uint8
2026-06-23 16:45:09 [INFO] 图像最大值: 255
2026-06-23 16:45:09 [INFO] 图像最小值: 0
2026-06-23 16:45:09 [INFO] 开始保存检测结果图像: 图像尺寸=(2160, 3840, 3), 类型=uint8, 路径=C:\code\show\Scrap_Steel_In_Field\photos\dangerous_det\detection_20260623_164509.jpg
2026-06-23 16:45:09 [INFO] 成功保存检测结果到: C:\code\show\Scrap_Steel_In_Field\photos\dangerous_det\detection_20260623_164509.jpg
2026-06-23 16:45:09 [INFO] 保存的检测结果文件大小: 2274969 字节
2026-06-23 16:45:09 [INFO] 引擎上下文已释放
2026-06-23 16:45:09 [INFO] TensorRT 引擎已释放
2026-06-23 16:45:09 [INFO] 全局 CUDA 资源已释放
2026-06-23 16:45:09 [INFO] 检测系统资源已释放
2026-06-23 16:45:14 [INFO] CUDA 初始化成功
2026-06-23 16:45:14 [INFO] 引擎加载成功: dangerous.engine
2026-06-23 16:45:14 [INFO] 检测系统初始化成功
2026-06-23 16:45:14 [INFO] 图像预处理完成，原始尺寸: (2160, 3840)
2026-06-23 16:45:14 [INFO] 开始执行目标检测...
2026-06-23 16:45:15 [INFO] 检测完成，找到 5 个物体
2026-06-23 16:45:15 [INFO] 物体 1: GasCyl1 (置信度: 0.89)
2026-06-23 16:45:15 [INFO] 物体 2: GasCyl1 (置信度: 0.73)
2026-06-23 16:45:15 [INFO] 物体 3: FireExt1 (置信度: 0.54)
2026-06-23 16:45:15 [INFO] 物体 4: FireExt1 (置信度: 0.48)
2026-06-23 16:45:15 [INFO] 物体 5: FireExt1 (置信度: 0.38)
2026-06-23 16:45:15 [INFO] 检测到车兜区域，将过滤区域外的目标
2026-06-23 16:45:15 [INFO] 车兜区域过滤: 5 -> 3 个目标
2026-06-23 16:45:15 [INFO] 准备保存检测结果到: C:\code\show\Scrap_Steel_In_Field\photos\dangerous_det\detection_20260623_164515.jpg
2026-06-23 16:45:15 [INFO] 图像形状: (2160, 3840, 3)
2026-06-23 16:45:15 [INFO] 图像数据类型: uint8
2026-06-23 16:45:15 [INFO] 图像最大值: 255
2026-06-23 16:45:15 [INFO] 图像最小值: 0
2026-06-23 16:45:15 [INFO] 开始保存检测结果图像: 图像尺寸=(2160, 3840, 3), 类型=uint8, 路径=C:\code\show\Scrap_Steel_In_Field\photos\dangerous_det\detection_20260623_164515.jpg
2026-06-23 16:45:15 [INFO] 成功保存检测结果到: C:\code\show\Scrap_Steel_In_Field\photos\dangerous_det\detection_20260623_164515.jpg
2026-06-23 16:45:15 [INFO] 保存的检测结果文件大小: 2273911 字节
2026-06-23 16:45:15 [INFO] 引擎上下文已释放
2026-06-23 16:45:15 [INFO] TensorRT 引擎已释放
2026-06-23 16:45:15 [INFO] 全局 CUDA 资源已释放
2026-06-23 16:45:15 [INFO] 检测系统资源已释放
2026-06-23 16:45:20 [INFO] CUDA 初始化成功
2026-06-23 16:45:20 [INFO] 引擎加载成功: dangerous.engine
2026-06-23 16:45:20 [INFO] 检测系统初始化成功
2026-06-23 16:45:20 [INFO] 图像预处理完成，原始尺寸: (2160, 3840)
2026-06-23 16:45:20 [INFO] 开始执行目标检测...
2026-06-23 16:45:20 [INFO] 检测完成，找到 5 个物体
2026-06-23 16:45:20 [INFO] 物体 1: GasCyl1 (置信度: 0.90)
2026-06-23 16:45:20 [INFO] 物体 2: GasCyl1 (置信度: 0.66)
2026-06-23 16:45:20 [INFO] 物体 3: FireExt1 (置信度: 0.56)
2026-06-23 16:45:20 [INFO] 物体 4: FireExt1 (置信度: 0.48)
2026-06-23 16:45:20 [INFO] 物体 5: FireExt1 (置信度: 0.40)
2026-06-23 16:45:20 [INFO] 检测到车兜区域，将过滤区域外的目标
2026-06-23 16:45:20 [INFO] 车兜区域过滤: 5 -> 3 个目标
2026-06-23 16:45:20 [INFO] 准备保存检测结果到: C:\code\show\Scrap_Steel_In_Field\photos\dangerous_det\detection_20260623_164520.jpg
2026-06-23 16:45:20 [INFO] 图像形状: (2160, 3840, 3)
2026-06-23 16:45:20 [INFO] 图像数据类型: uint8
2026-06-23 16:45:20 [INFO] 图像最大值: 255
2026-06-23 16:45:20 [INFO] 图像最小值: 0
2026-06-23 16:45:20 [INFO] 开始保存检测结果图像: 图像尺寸=(2160, 3840, 3), 类型=uint8, 路径=C:\code\show\Scrap_Steel_In_Field\photos\dangerous_det\detection_20260623_164520.jpg
2026-06-23 16:45:20 [INFO] 成功保存检测结果到: C:\code\show\Scrap_Steel_In_Field\photos\dangerous_det\detection_20260623_164520.jpg
2026-06-23 16:45:20 [INFO] 保存的检测结果文件大小: 2273520 字节
2026-06-23 16:45:20 [INFO] 引擎上下文已释放
2026-06-23 16:45:20 [INFO] TensorRT 引擎已释放
2026-06-23 16:45:20 [INFO] 全局 CUDA 资源已释放
2026-06-23 16:45:20 [INFO] 检测系统资源已释放
2026-06-23 16:45:25 [INFO] CUDA 初始化成功
2026-06-23 16:45:25 [INFO] 引擎加载成功: dangerous.engine
2026-06-23 16:45:25 [INFO] 检测系统初始化成功
2026-06-23 16:45:25 [INFO] 图像预处理完成，原始尺寸: (2160, 3840)
2026-06-23 16:45:25 [INFO] 开始执行目标检测...
2026-06-23 16:45:25 [INFO] 检测完成，找到 5 个物体
2026-06-23 16:45:25 [INFO] 物体 1: GasCyl1 (置信度: 0.90)
2026-06-23 16:45:25 [INFO] 物体 2: GasCyl1 (置信度: 0.72)
2026-06-23 16:45:25 [INFO] 物体 3: FireExt1 (置信度: 0.55)
2026-06-23 16:45:25 [INFO] 物体 4: FireExt1 (置信度: 0.49)
2026-06-23 16:45:25 [INFO] 物体 5: FireExt1 (置信度: 0.38)
2026-06-23 16:45:26 [INFO] 检测到车兜区域，将过滤区域外的目标
2026-06-23 16:45:26 [INFO] 车兜区域过滤: 5 -> 3 个目标
2026-06-23 16:45:26 [INFO] 准备保存检测结果到: C:\code\show\Scrap_Steel_In_Field\photos\dangerous_det\detection_20260623_164526.jpg
2026-06-23 16:45:26 [INFO] 图像形状: (2160, 3840, 3)
2026-06-23 16:45:26 [INFO] 图像数据类型: uint8
2026-06-23 16:45:26 [INFO] 图像最大值: 255
2026-06-23 16:45:26 [INFO] 图像最小值: 0
2026-06-23 16:45:26 [INFO] 开始保存检测结果图像: 图像尺寸=(2160, 3840, 3), 类型=uint8, 路径=C:\code\show\Scrap_Steel_In_Field\photos\dangerous_det\detection_20260623_164526.jpg
2026-06-23 16:45:26 [INFO] 成功保存检测结果到: C:\code\show\Scrap_Steel_In_Field\photos\dangerous_det\detection_20260623_164526.jpg
2026-06-23 16:45:26 [INFO] 保存的检测结果文件大小: 2276529 字节
2026-06-23 16:45:26 [INFO] 引擎上下文已释放
2026-06-23 16:45:26 [INFO] TensorRT 引擎已释放
2026-06-23 16:45:26 [INFO] 全局 CUDA 资源已释放
2026-06-23 16:45:26 [INFO] 检测系统资源已释放
2026-06-23 16:45:31 [INFO] CUDA 初始化成功
2026-06-23 16:45:31 [INFO] 引擎加载成功: dangerous.engine
2026-06-23 16:45:31 [INFO] 检测系统初始化成功
2026-06-23 16:45:31 [INFO] 图像预处理完成，原始尺寸: (2160, 3840)
2026-06-23 16:45:31 [INFO] 开始执行目标检测...
2026-06-23 16:45:31 [INFO] 检测完成，找到 5 个物体
2026-06-23 16:45:31 [INFO] 物体 1: GasCyl1 (置信度: 0.89)
2026-06-23 16:45:31 [INFO] 物体 2: GasCyl1 (置信度: 0.68)
2026-06-23 16:45:31 [INFO] 物体 3: FireExt1 (置信度: 0.57)
2026-06-23 16:45:31 [INFO] 物体 4: GasCyl1 (置信度: 0.54)
2026-06-23 16:45:31 [INFO] 物体 5: FireExt1 (置信度: 0.39)
2026-06-23 16:45:31 [INFO] 检测到车兜区域，将过滤区域外的目标
2026-06-23 16:45:31 [INFO] 车兜区域过滤: 5 -> 3 个目标
2026-06-23 16:45:31 [INFO] 准备保存检测结果到: C:\code\show\Scrap_Steel_In_Field\photos\dangerous_det\detection_20260623_164531.jpg
2026-06-23 16:45:31 [INFO] 图像形状: (2160, 3840, 3)
2026-06-23 16:45:31 [INFO] 图像数据类型: uint8
2026-06-23 16:45:31 [INFO] 图像最大值: 255
2026-06-23 16:45:31 [INFO] 图像最小值: 0
2026-06-23 16:45:31 [INFO] 开始保存检测结果图像: 图像尺寸=(2160, 3840, 3), 类型=uint8, 路径=C:\code\show\Scrap_Steel_In_Field\photos\dangerous_det\detection_20260623_164531.jpg
2026-06-23 16:45:31 [INFO] 成功保存检测结果到: C:\code\show\Scrap_Steel_In_Field\photos\dangerous_det\detection_20260623_164531.jpg
2026-06-23 16:45:31 [INFO] 保存的检测结果文件大小: 2278751 字节
2026-06-23 16:45:31 [INFO] 引擎上下文已释放
2026-06-23 16:45:31 [INFO] TensorRT 引擎已释放
2026-06-23 16:45:31 [INFO] 全局 CUDA 资源已释放
2026-06-23 16:45:31 [INFO] 检测系统资源已释放
2026-06-23 16:45:36 [INFO] CUDA 初始化成功
2026-06-23 16:45:36 [INFO] 引擎加载成功: dangerous.engine
2026-06-23 16:45:36 [INFO] 检测系统初始化成功
2026-06-23 16:45:36 [INFO] 图像预处理完成，原始尺寸: (2160, 3840)
2026-06-23 16:45:36 [INFO] 开始执行目标检测...
2026-06-23 16:45:37 [INFO] 检测完成，找到 5 个物体
2026-06-23 16:45:37 [INFO] 物体 1: GasCyl1 (置信度: 0.89)
2026-06-23 16:45:37 [INFO] 物体 2: GasCyl1 (置信度: 0.59)
2026-06-23 16:45:37 [INFO] 物体 3: FireExt1 (置信度: 0.53)
2026-06-23 16:45:37 [INFO] 物体 4: FireExt1 (置信度: 0.51)
2026-06-23 16:45:37 [INFO] 物体 5: FireExt1 (置信度: 0.40)
2026-06-23 16:45:37 [INFO] 检测到车兜区域，将过滤区域外的目标
2026-06-23 16:45:37 [INFO] 车兜区域过滤: 5 -> 3 个目标
2026-06-23 16:45:37 [INFO] 准备保存检测结果到: C:\code\show\Scrap_Steel_In_Field\photos\dangerous_det\detection_20260623_164537.jpg
2026-06-23 16:45:37 [INFO] 图像形状: (2160, 3840, 3)
2026-06-23 16:45:37 [INFO] 图像数据类型: uint8
2026-06-23 16:45:37 [INFO] 图像最大值: 255
2026-06-23 16:45:37 [INFO] 图像最小值: 0
2026-06-23 16:45:37 [INFO] 开始保存检测结果图像: 图像尺寸=(2160, 3840, 3), 类型=uint8, 路径=C:\code\show\Scrap_Steel_In_Field\photos\dangerous_det\detection_20260623_164537.jpg
2026-06-23 16:45:37 [INFO] 成功保存检测结果到: C:\code\show\Scrap_Steel_In_Field\photos\dangerous_det\detection_20260623_164537.jpg
2026-06-23 16:45:37 [INFO] 保存的检测结果文件大小: 2277123 字节
2026-06-23 16:45:37 [INFO] 引擎上下文已释放
2026-06-23 16:45:37 [INFO] TensorRT 引擎已释放
2026-06-23 16:45:37 [INFO] 全局 CUDA 资源已释放
2026-06-23 16:45:37 [INFO] 检测系统资源已释放
2026-06-23 16:45:41 [INFO] CUDA 初始化成功
2026-06-23 16:45:41 [INFO] 引擎加载成功: dangerous.engine
2026-06-23 16:45:41 [INFO] 检测系统初始化成功
2026-06-23 16:45:41 [INFO] 图像预处理完成，原始尺寸: (2160, 3840)
2026-06-23 16:45:41 [INFO] 开始执行目标检测...
2026-06-23 16:45:41 [INFO] 检测完成，找到 5 个物体
2026-06-23 16:45:41 [INFO] 物体 1: GasCyl1 (置信度: 0.90)
2026-06-23 16:45:41 [INFO] 物体 2: GasCyl1 (置信度: 0.73)
2026-06-23 16:45:41 [INFO] 物体 3: FireExt1 (置信度: 0.54)
2026-06-23 16:45:41 [INFO] 物体 4: FireExt1 (置信度: 0.48)
2026-06-23 16:45:41 [INFO] 物体 5: FireExt1 (置信度: 0.39)
2026-06-23 16:45:41 [INFO] 检测到车兜区域，将过滤区域外的目标
2026-06-23 16:45:41 [INFO] 车兜区域过滤: 5 -> 3 个目标
2026-06-23 16:45:42 [INFO] 准备保存检测结果到: C:\code\show\Scrap_Steel_In_Field\photos\dangerous_det\detection_20260623_164542.jpg
2026-06-23 16:45:42 [INFO] 图像形状: (2160, 3840, 3)
2026-06-23 16:45:42 [INFO] 图像数据类型: uint8
2026-06-23 16:45:42 [INFO] 图像最大值: 255
2026-06-23 16:45:42 [INFO] 图像最小值: 0
2026-06-23 16:45:42 [INFO] 开始保存检测结果图像: 图像尺寸=(2160, 3840, 3), 类型=uint8, 路径=C:\code\show\Scrap_Steel_In_Field\photos\dangerous_det\detection_20260623_164542.jpg
2026-06-23 16:45:42 [INFO] 成功保存检测结果到: C:\code\show\Scrap_Steel_In_Field\photos\dangerous_det\detection_20260623_164542.jpg
2026-06-23 16:45:42 [INFO] 保存的检测结果文件大小: 2278205 字节
2026-06-23 16:45:42 [INFO] 引擎上下文已释放
2026-06-23 16:45:42 [INFO] TensorRT 引擎已释放
2026-06-23 16:45:42 [INFO] 全局 CUDA 资源已释放
2026-06-23 16:45:42 [INFO] 检测系统资源已释放
2026-06-23 16:45:47 [INFO] CUDA 初始化成功
2026-06-23 16:45:47 [INFO] 引擎加载成功: dangerous.engine
2026-06-23 16:45:47 [INFO] 检测系统初始化成功
2026-06-23 16:45:47 [INFO] 图像预处理完成，原始尺寸: (2160, 3840)
2026-06-23 16:45:47 [INFO] 开始执行目标检测...
2026-06-23 16:45:47 [INFO] 检测完成，找到 5 个物体
2026-06-23 16:45:47 [INFO] 物体 1: GasCyl1 (置信度: 0.90)
2026-06-23 16:45:47 [INFO] 物体 2: GasCyl1 (置信度: 0.65)
2026-06-23 16:45:47 [INFO] 物体 3: FireExt1 (置信度: 0.55)
2026-06-23 16:45:47 [INFO] 物体 4: GasCyl1 (置信度: 0.51)
2026-06-23 16:45:47 [INFO] 物体 5: FireExt1 (置信度: 0.36)
2026-06-23 16:45:47 [INFO] 检测到车兜区域，将过滤区域外的目标
2026-06-23 16:45:47 [INFO] 车兜区域过滤: 5 -> 3 个目标
2026-06-23 16:45:47 [INFO] 准备保存检测结果到: C:\code\show\Scrap_Steel_In_Field\photos\dangerous_det\detection_20260623_164547.jpg
2026-06-23 16:45:47 [INFO] 图像形状: (2160, 3840, 3)
2026-06-23 16:45:47 [INFO] 图像数据类型: uint8
2026-06-23 16:45:47 [INFO] 图像最大值: 255
2026-06-23 16:45:47 [INFO] 图像最小值: 0
2026-06-23 16:45:47 [INFO] 开始保存检测结果图像: 图像尺寸=(2160, 3840, 3), 类型=uint8, 路径=C:\code\show\Scrap_Steel_In_Field\photos\dangerous_det\detection_20260623_164547.jpg
2026-06-23 16:45:47 [INFO] 成功保存检测结果到: C:\code\show\Scrap_Steel_In_Field\photos\dangerous_det\detection_20260623_164547.jpg
2026-06-23 16:45:47 [INFO] 保存的检测结果文件大小: 2276719 字节
2026-06-23 16:45:47 [INFO] 引擎上下文已释放
2026-06-23 16:45:47 [INFO] TensorRT 引擎已释放
2026-06-23 16:45:47 [INFO] 全局 CUDA 资源已释放
2026-06-23 16:45:47 [INFO] 检测系统资源已释放
2026-06-23 16:45:52 [INFO] CUDA 初始化成功
2026-06-23 16:45:52 [INFO] 引擎加载成功: dangerous.engine
2026-06-23 16:45:52 [INFO] 检测系统初始化成功
2026-06-23 16:45:52 [INFO] 图像预处理完成，原始尺寸: (2160, 3840)
2026-06-23 16:45:52 [INFO] 开始执行目标检测...
2026-06-23 16:45:52 [INFO] 检测完成，找到 5 个物体
2026-06-23 16:45:52 [INFO] 物体 1: GasCyl1 (置信度: 0.89)
2026-06-23 16:45:52 [INFO] 物体 2: GasCyl1 (置信度: 0.72)
2026-06-23 16:45:52 [INFO] 物体 3: FireExt1 (置信度: 0.55)
2026-06-23 16:45:52 [INFO] 物体 4: GasCyl1 (置信度: 0.49)
2026-06-23 16:45:52 [INFO] 物体 5: FireExt1 (置信度: 0.44)
2026-06-23 16:45:52 [INFO] 检测到车兜区域，将过滤区域外的目标
2026-06-23 16:45:52 [INFO] 车兜区域过滤: 5 -> 3 个目标
2026-06-23 16:45:52 [INFO] 准备保存检测结果到: C:\code\show\Scrap_Steel_In_Field\photos\dangerous_det\detection_20260623_164552.jpg
2026-06-23 16:45:52 [INFO] 图像形状: (2160, 3840, 3)
2026-06-23 16:45:52 [INFO] 图像数据类型: uint8
2026-06-23 16:45:52 [INFO] 图像最大值: 255
2026-06-23 16:45:52 [INFO] 图像最小值: 0
2026-06-23 16:45:52 [INFO] 开始保存检测结果图像: 图像尺寸=(2160, 3840, 3), 类型=uint8, 路径=C:\code\show\Scrap_Steel_In_Field\photos\dangerous_det\detection_20260623_164552.jpg
2026-06-23 16:45:52 [INFO] 成功保存检测结果到: C:\code\show\Scrap_Steel_In_Field\photos\dangerous_det\detection_20260623_164552.jpg
2026-06-23 16:45:52 [INFO] 保存的检测结果文件大小: 2278009 字节
2026-06-23 16:45:52 [INFO] 引擎上下文已释放
2026-06-23 16:45:52 [INFO] TensorRT 引擎已释放
2026-06-23 16:45:52 [INFO] 全局 CUDA 资源已释放
2026-06-23 16:45:52 [INFO] 检测系统资源已释放
2026-06-23 16:45:57 [INFO] CUDA 初始化成功
2026-06-23 16:45:57 [INFO] 引擎加载成功: dangerous.engine
2026-06-23 16:45:57 [INFO] 检测系统初始化成功
2026-06-23 16:45:57 [INFO] 图像预处理完成，原始尺寸: (2160, 3840)
2026-06-23 16:45:57 [INFO] 开始执行目标检测...
2026-06-23 16:45:57 [INFO] 检测完成，找到 5 个物体
2026-06-23 16:45:57 [INFO] 物体 1: GasCyl1 (置信度: 0.89)
2026-06-23 16:45:57 [INFO] 物体 2: GasCyl1 (置信度: 0.75)
2026-06-23 16:45:57 [INFO] 物体 3: FireExt1 (置信度: 0.55)
2026-06-23 16:45:57 [INFO] 物体 4: FireExt1 (置信度: 0.48)
2026-06-23 16:45:57 [INFO] 物体 5: FireExt1 (置信度: 0.41)
2026-06-23 16:45:57 [INFO] 检测到车兜区域，将过滤区域外的目标
2026-06-23 16:45:57 [INFO] 车兜区域过滤: 5 -> 3 个目标
2026-06-23 16:45:57 [INFO] 准备保存检测结果到: C:\code\show\Scrap_Steel_In_Field\photos\dangerous_det\detection_20260623_164557.jpg
2026-06-23 16:45:57 [INFO] 图像形状: (2160, 3840, 3)
2026-06-23 16:45:57 [INFO] 图像数据类型: uint8
2026-06-23 16:45:57 [INFO] 图像最大值: 255
2026-06-23 16:45:57 [INFO] 图像最小值: 0
2026-06-23 16:45:57 [INFO] 开始保存检测结果图像: 图像尺寸=(2160, 3840, 3), 类型=uint8, 路径=C:\code\show\Scrap_Steel_In_Field\photos\dangerous_det\detection_20260623_164557.jpg
2026-06-23 16:45:57 [INFO] 成功保存检测结果到: C:\code\show\Scrap_Steel_In_Field\photos\dangerous_det\detection_20260623_164557.jpg
2026-06-23 16:45:57 [INFO] 保存的检测结果文件大小: 2277715 字节
2026-06-23 16:45:57 [INFO] 引擎上下文已释放
2026-06-23 16:45:57 [INFO] TensorRT 引擎已释放
2026-06-23 16:45:57 [INFO] 全局 CUDA 资源已释放
2026-06-23 16:45:57 [INFO] 检测系统资源已释放
2026-06-23 16:46:02 [INFO] CUDA 初始化成功
2026-06-23 16:46:02 [INFO] 引擎加载成功: dangerous.engine
2026-06-23 16:46:02 [INFO] 检测系统初始化成功
2026-06-23 16:46:02 [INFO] 图像预处理完成，原始尺寸: (2160, 3840)
2026-06-23 16:46:02 [INFO] 开始执行目标检测...
2026-06-23 16:46:02 [INFO] 检测完成，找到 5 个物体
2026-06-23 16:46:02 [INFO] 物体 1: GasCyl1 (置信度: 0.90)
2026-06-23 16:46:02 [INFO] 物体 2: GasCyl1 (置信度: 0.71)
2026-06-23 16:46:02 [INFO] 物体 3: FireExt1 (置信度: 0.54)
2026-06-23 16:46:02 [INFO] 物体 4: FireExt1 (置信度: 0.49)
2026-06-23 16:46:02 [INFO] 物体 5: FireExt1 (置信度: 0.36)
2026-06-23 16:46:02 [INFO] 检测到车兜区域，将过滤区域外的目标
2026-06-23 16:46:02 [INFO] 车兜区域过滤: 5 -> 3 个目标
2026-06-23 16:46:02 [INFO] 准备保存检测结果到: C:\code\show\Scrap_Steel_In_Field\photos\dangerous_det\detection_20260623_164602.jpg
2026-06-23 16:46:02 [INFO] 图像形状: (2160, 3840, 3)
2026-06-23 16:46:02 [INFO] 图像数据类型: uint8
2026-06-23 16:46:02 [INFO] 图像最大值: 255
2026-06-23 16:46:02 [INFO] 图像最小值: 0
2026-06-23 16:46:02 [INFO] 开始保存检测结果图像: 图像尺寸=(2160, 3840, 3), 类型=uint8, 路径=C:\code\show\Scrap_Steel_In_Field\photos\dangerous_det\detection_20260623_164602.jpg
2026-06-23 16:46:02 [INFO] 成功保存检测结果到: C:\code\show\Scrap_Steel_In_Field\photos\dangerous_det\detection_20260623_164602.jpg
2026-06-23 16:46:02 [INFO] 保存的检测结果文件大小: 2278793 字节
2026-06-23 16:46:02 [INFO] 引擎上下文已释放
2026-06-23 16:46:02 [INFO] TensorRT 引擎已释放
2026-06-23 16:46:02 [INFO] 全局 CUDA 资源已释放
2026-06-23 16:46:02 [INFO] 检测系统资源已释放
2026-06-23 16:46:08 [INFO] CUDA 初始化成功
2026-06-23 16:46:08 [INFO] 引擎加载成功: dangerous.engine
2026-06-23 16:46:08 [INFO] 检测系统初始化成功
2026-06-23 16:46:08 [INFO] 图像预处理完成，原始尺寸: (2160, 3840)
2026-06-23 16:46:08 [INFO] 开始执行目标检测...
2026-06-23 16:46:08 [INFO] 检测完成，找到 5 个物体
2026-06-23 16:46:08 [INFO] 物体 1: GasCyl1 (置信度: 0.89)
2026-06-23 16:46:08 [INFO] 物体 2: GasCyl1 (置信度: 0.62)
2026-06-23 16:46:08 [INFO] 物体 3: FireExt1 (置信度: 0.55)
2026-06-23 16:46:08 [INFO] 物体 4: FireExt1 (置信度: 0.51)
2026-06-23 16:46:08 [INFO] 物体 5: FireExt1 (置信度: 0.38)
2026-06-23 16:46:08 [INFO] 检测到车兜区域，将过滤区域外的目标
2026-06-23 16:46:08 [INFO] 车兜区域过滤: 5 -> 3 个目标
2026-06-23 16:46:08 [INFO] 准备保存检测结果到: C:\code\show\Scrap_Steel_In_Field\photos\dangerous_det\detection_20260623_164608.jpg
2026-06-23 16:46:08 [INFO] 图像形状: (2160, 3840, 3)
2026-06-23 16:46:08 [INFO] 图像数据类型: uint8
2026-06-23 16:46:08 [INFO] 图像最大值: 255
2026-06-23 16:46:08 [INFO] 图像最小值: 0
2026-06-23 16:46:08 [INFO] 开始保存检测结果图像: 图像尺寸=(2160, 3840, 3), 类型=uint8, 路径=C:\code\show\Scrap_Steel_In_Field\photos\dangerous_det\detection_20260623_164608.jpg
2026-06-23 16:46:08 [INFO] 成功保存检测结果到: C:\code\show\Scrap_Steel_In_Field\photos\dangerous_det\detection_20260623_164608.jpg
2026-06-23 16:46:08 [INFO] 保存的检测结果文件大小: 2274196 字节
2026-06-23 16:46:08 [INFO] 引擎上下文已释放
2026-06-23 16:46:08 [INFO] TensorRT 引擎已释放
2026-06-23 16:46:08 [INFO] 全局 CUDA 资源已释放
2026-06-23 16:46:08 [INFO] 检测系统资源已释放
2026-06-23 16:46:13 [INFO] CUDA 初始化成功
2026-06-23 16:46:13 [INFO] 引擎加载成功: dangerous.engine
2026-06-23 16:46:13 [INFO] 检测系统初始化成功
2026-06-23 16:46:13 [INFO] 图像预处理完成，原始尺寸: (2160, 3840)
2026-06-23 16:46:13 [INFO] 开始执行目标检测...
2026-06-23 16:46:13 [INFO] 检测完成，找到 5 个物体
2026-06-23 16:46:13 [INFO] 物体 1: GasCyl1 (置信度: 0.89)
2026-06-23 16:46:13 [INFO] 物体 2: GasCyl1 (置信度: 0.60)
2026-06-23 16:46:13 [INFO] 物体 3: FireExt1 (置信度: 0.55)
2026-06-23 16:46:13 [INFO] 物体 4: FireExt1 (置信度: 0.46)
2026-06-23 16:46:13 [INFO] 物体 5: FireExt1 (置信度: 0.37)
2026-06-23 16:46:13 [INFO] 检测到车兜区域，将过滤区域外的目标
2026-06-23 16:46:13 [INFO] 车兜区域过滤: 5 -> 3 个目标
2026-06-23 16:46:13 [INFO] 准备保存检测结果到: C:\code\show\Scrap_Steel_In_Field\photos\dangerous_det\detection_20260623_164613.jpg
2026-06-23 16:46:13 [INFO] 图像形状: (2160, 3840, 3)
2026-06-23 16:46:13 [INFO] 图像数据类型: uint8
2026-06-23 16:46:13 [INFO] 图像最大值: 255
2026-06-23 16:46:13 [INFO] 图像最小值: 0
2026-06-23 16:46:13 [INFO] 开始保存检测结果图像: 图像尺寸=(2160, 3840, 3), 类型=uint8, 路径=C:\code\show\Scrap_Steel_In_Field\photos\dangerous_det\detection_20260623_164613.jpg
2026-06-23 16:46:13 [INFO] 成功保存检测结果到: C:\code\show\Scrap_Steel_In_Field\photos\dangerous_det\detection_20260623_164613.jpg
2026-06-23 16:46:13 [INFO] 保存的检测结果文件大小: 2277181 字节
2026-06-23 16:46:13 [INFO] 引擎上下文已释放
2026-06-23 16:46:13 [INFO] TensorRT 引擎已释放
2026-06-23 16:46:13 [INFO] 全局 CUDA 资源已释放
2026-06-23 16:46:13 [INFO] 检测系统资源已释放
2026-06-23 16:46:18 [INFO] CUDA 初始化成功
2026-06-23 16:46:18 [INFO] 引擎加载成功: dangerous.engine
2026-06-23 16:46:18 [INFO] 检测系统初始化成功
2026-06-23 16:46:18 [INFO] 图像预处理完成，原始尺寸: (2160, 3840)
2026-06-23 16:46:18 [INFO] 开始执行目标检测...
2026-06-23 16:46:18 [INFO] 检测完成，找到 5 个物体
2026-06-23 16:46:18 [INFO] 物体 1: GasCyl1 (置信度: 0.89)
2026-06-23 16:46:18 [INFO] 物体 2: GasCyl1 (置信度: 0.69)
2026-06-23 16:46:18 [INFO] 物体 3: FireExt1 (置信度: 0.56)
2026-06-23 16:46:18 [INFO] 物体 4: FireExt1 (置信度: 0.49)
2026-06-23 16:46:18 [INFO] 物体 5: FireExt1 (置信度: 0.38)
2026-06-23 16:46:18 [INFO] 检测到车兜区域，将过滤区域外的目标
2026-06-23 16:46:19 [INFO] 车兜区域过滤: 5 -> 3 个目标
2026-06-23 16:46:19 [INFO] 准备保存检测结果到: C:\code\show\Scrap_Steel_In_Field\photos\dangerous_det\detection_20260623_164619.jpg
2026-06-23 16:46:19 [INFO] 图像形状: (2160, 3840, 3)
2026-06-23 16:46:19 [INFO] 图像数据类型: uint8
2026-06-23 16:46:19 [INFO] 图像最大值: 255
2026-06-23 16:46:19 [INFO] 图像最小值: 0
2026-06-23 16:46:19 [INFO] 开始保存检测结果图像: 图像尺寸=(2160, 3840, 3), 类型=uint8, 路径=C:\code\show\Scrap_Steel_In_Field\photos\dangerous_det\detection_20260623_164619.jpg
2026-06-23 16:46:19 [INFO] 成功保存检测结果到: C:\code\show\Scrap_Steel_In_Field\photos\dangerous_det\detection_20260623_164619.jpg
2026-06-23 16:46:19 [INFO] 保存的检测结果文件大小: 2276696 字节
2026-06-23 16:46:19 [INFO] 引擎上下文已释放
2026-06-23 16:46:19 [INFO] TensorRT 引擎已释放
2026-06-23 16:46:19 [INFO] 全局 CUDA 资源已释放
2026-06-23 16:46:19 [INFO] 检测系统资源已释放
2026-06-23 16:46:24 [INFO] CUDA 初始化成功
2026-06-23 16:46:24 [INFO] 引擎加载成功: dangerous.engine
2026-06-23 16:46:24 [INFO] 检测系统初始化成功
2026-06-23 16:46:24 [INFO] 图像预处理完成，原始尺寸: (2160, 3840)
2026-06-23 16:46:24 [INFO] 开始执行目标检测...
2026-06-23 16:46:24 [INFO] 检测完成，找到 5 个物体
2026-06-23 16:46:24 [INFO] 物体 1: GasCyl1 (置信度: 0.89)
2026-06-23 16:46:24 [INFO] 物体 2: GasCyl1 (置信度: 0.76)
2026-06-23 16:46:24 [INFO] 物体 3: FireExt1 (置信度: 0.53)
2026-06-23 16:46:24 [INFO] 物体 4: FireExt1 (置信度: 0.48)
2026-06-23 16:46:24 [INFO] 物体 5: FireExt1 (置信度: 0.40)
2026-06-23 16:46:24 [INFO] 检测到车兜区域，将过滤区域外的目标
2026-06-23 16:46:24 [INFO] 车兜区域过滤: 5 -> 3 个目标
2026-06-23 16:46:24 [INFO] 准备保存检测结果到: C:\code\show\Scrap_Steel_In_Field\photos\dangerous_det\detection_20260623_164624.jpg
2026-06-23 16:46:24 [INFO] 图像形状: (2160, 3840, 3)
2026-06-23 16:46:24 [INFO] 图像数据类型: uint8
2026-06-23 16:46:24 [INFO] 图像最大值: 255
2026-06-23 16:46:24 [INFO] 图像最小值: 0
2026-06-23 16:46:24 [INFO] 开始保存检测结果图像: 图像尺寸=(2160, 3840, 3), 类型=uint8, 路径=C:\code\show\Scrap_Steel_In_Field\photos\dangerous_det\detection_20260623_164624.jpg
2026-06-23 16:46:24 [INFO] 成功保存检测结果到: C:\code\show\Scrap_Steel_In_Field\photos\dangerous_det\detection_20260623_164624.jpg
2026-06-23 16:46:24 [INFO] 保存的检测结果文件大小: 2277880 字节
2026-06-23 16:46:24 [INFO] 引擎上下文已释放
2026-06-23 16:46:24 [INFO] TensorRT 引擎已释放
2026-06-23 16:46:24 [INFO] 全局 CUDA 资源已释放
2026-06-23 16:46:24 [INFO] 检测系统资源已释放
2026-06-23 16:46:29 [INFO] CUDA 初始化成功
2026-06-23 16:46:29 [INFO] 引擎加载成功: dangerous.engine
2026-06-23 16:46:29 [INFO] 检测系统初始化成功
2026-06-23 16:46:29 [INFO] 图像预处理完成，原始尺寸: (2160, 3840)
2026-06-23 16:46:29 [INFO] 开始执行目标检测...
2026-06-23 16:46:29 [INFO] 检测完成，找到 5 个物体
2026-06-23 16:46:29 [INFO] 物体 1: GasCyl1 (置信度: 0.90)
2026-06-23 16:46:29 [INFO] 物体 2: FireExt1 (置信度: 0.56)
2026-06-23 16:46:29 [INFO] 物体 3: GasCyl1 (置信度: 0.53)
2026-06-23 16:46:29 [INFO] 物体 4: FireExt1 (置信度: 0.48)
2026-06-23 16:46:29 [INFO] 物体 5: FireExt1 (置信度: 0.38)
2026-06-23 16:46:29 [INFO] 检测到车兜区域，将过滤区域外的目标
2026-06-23 16:46:29 [INFO] 车兜区域过滤: 5 -> 3 个目标
2026-06-23 16:46:29 [INFO] 准备保存检测结果到: C:\code\show\Scrap_Steel_In_Field\photos\dangerous_det\detection_20260623_164629.jpg
2026-06-23 16:46:29 [INFO] 图像形状: (2160, 3840, 3)
2026-06-23 16:46:29 [INFO] 图像数据类型: uint8
2026-06-23 16:46:29 [INFO] 图像最大值: 255
2026-06-23 16:46:29 [INFO] 图像最小值: 0
2026-06-23 16:46:29 [INFO] 开始保存检测结果图像: 图像尺寸=(2160, 3840, 3), 类型=uint8, 路径=C:\code\show\Scrap_Steel_In_Field\photos\dangerous_det\detection_20260623_164629.jpg
2026-06-23 16:46:29 [INFO] 成功保存检测结果到: C:\code\show\Scrap_Steel_In_Field\photos\dangerous_det\detection_20260623_164629.jpg
2026-06-23 16:46:29 [INFO] 保存的检测结果文件大小: 2275351 字节
2026-06-23 16:46:29 [INFO] 引擎上下文已释放
2026-06-23 16:46:29 [INFO] TensorRT 引擎已释放
2026-06-23 16:46:29 [INFO] 全局 CUDA 资源已释放
2026-06-23 16:46:29 [INFO] 检测系统资源已释放
2026-06-23 16:46:34 [INFO] CUDA 初始化成功
2026-06-23 16:46:34 [INFO] 引擎加载成功: dangerous.engine
2026-06-23 16:46:34 [INFO] 检测系统初始化成功
2026-06-23 16:46:34 [INFO] 图像预处理完成，原始尺寸: (2160, 3840)
2026-06-23 16:46:34 [INFO] 开始执行目标检测...
2026-06-23 16:46:34 [INFO] 检测完成，找到 5 个物体
2026-06-23 16:46:34 [INFO] 物体 1: GasCyl1 (置信度: 0.90)
2026-06-23 16:46:34 [INFO] 物体 2: GasCyl1 (置信度: 0.59)
2026-06-23 16:46:34 [INFO] 物体 3: FireExt1 (置信度: 0.53)
2026-06-23 16:46:34 [INFO] 物体 4: FireExt1 (置信度: 0.48)
2026-06-23 16:46:34 [INFO] 物体 5: FireExt1 (置信度: 0.41)
2026-06-23 16:46:34 [INFO] 检测到车兜区域，将过滤区域外的目标
2026-06-23 16:46:34 [INFO] 车兜区域过滤: 5 -> 3 个目标
2026-06-23 16:46:34 [INFO] 准备保存检测结果到: C:\code\show\Scrap_Steel_In_Field\photos\dangerous_det\detection_20260623_164634.jpg
2026-06-23 16:46:34 [INFO] 图像形状: (2160, 3840, 3)
2026-06-23 16:46:34 [INFO] 图像数据类型: uint8
2026-06-23 16:46:34 [INFO] 图像最大值: 255
2026-06-23 16:46:34 [INFO] 图像最小值: 0
2026-06-23 16:46:35 [INFO] 开始保存检测结果图像: 图像尺寸=(2160, 3840, 3), 类型=uint8, 路径=C:\code\show\Scrap_Steel_In_Field\photos\dangerous_det\detection_20260623_164634.jpg
2026-06-23 16:46:35 [INFO] 成功保存检测结果到: C:\code\show\Scrap_Steel_In_Field\photos\dangerous_det\detection_20260623_164634.jpg
2026-06-23 16:46:35 [INFO] 保存的检测结果文件大小: 2274867 字节
2026-06-23 16:46:35 [INFO] 引擎上下文已释放
2026-06-23 16:46:35 [INFO] TensorRT 引擎已释放
2026-06-23 16:46:35 [INFO] 全局 CUDA 资源已释放
2026-06-23 16:46:35 [INFO] 检测系统资源已释放
2026-06-23 16:46:40 [INFO] CUDA 初始化成功
2026-06-23 16:46:40 [INFO] 引擎加载成功: dangerous.engine
2026-06-23 16:46:40 [INFO] 检测系统初始化成功
2026-06-23 16:46:40 [INFO] 图像预处理完成，原始尺寸: (2160, 3840)
2026-06-23 16:46:40 [INFO] 开始执行目标检测...
2026-06-23 16:46:40 [INFO] 检测完成，找到 5 个物体
2026-06-23 16:46:40 [INFO] 物体 1: GasCyl1 (置信度: 0.89)
2026-06-23 16:46:40 [INFO] 物体 2: GasCyl1 (置信度: 0.64)
2026-06-23 16:46:40 [INFO] 物体 3: FireExt1 (置信度: 0.54)
2026-06-23 16:46:40 [INFO] 物体 4: FireExt1 (置信度: 0.49)
2026-06-23 16:46:40 [INFO] 物体 5: FireExt1 (置信度: 0.36)
2026-06-23 16:46:40 [INFO] 检测到车兜区域，将过滤区域外的目标
2026-06-23 16:46:40 [INFO] 车兜区域过滤: 5 -> 3 个目标
2026-06-23 16:46:40 [INFO] 准备保存检测结果到: C:\code\show\Scrap_Steel_In_Field\photos\dangerous_det\detection_20260623_164640.jpg
2026-06-23 16:46:40 [INFO] 图像形状: (2160, 3840, 3)
2026-06-23 16:46:40 [INFO] 图像数据类型: uint8
2026-06-23 16:46:40 [INFO] 图像最大值: 255
2026-06-23 16:46:40 [INFO] 图像最小值: 0
2026-06-23 16:46:40 [INFO] 开始保存检测结果图像: 图像尺寸=(2160, 3840, 3), 类型=uint8, 路径=C:\code\show\Scrap_Steel_In_Field\photos\dangerous_det\detection_20260623_164640.jpg
2026-06-23 16:46:40 [INFO] 成功保存检测结果到: C:\code\show\Scrap_Steel_In_Field\photos\dangerous_det\detection_20260623_164640.jpg
2026-06-23 16:46:40 [INFO] 保存的检测结果文件大小: 2278322 字节
2026-06-23 16:46:40 [INFO] 引擎上下文已释放
2026-06-23 16:46:40 [INFO] TensorRT 引擎已释放
2026-06-23 16:46:40 [INFO] 全局 CUDA 资源已释放
2026-06-23 16:46:40 [INFO] 检测系统资源已释放
2026-06-23 16:46:45 [INFO] CUDA 初始化成功
2026-06-23 16:46:45 [INFO] 引擎加载成功: dangerous.engine
2026-06-23 16:46:45 [INFO] 检测系统初始化成功
2026-06-23 16:46:45 [INFO] 图像预处理完成，原始尺寸: (2160, 3840)
2026-06-23 16:46:45 [INFO] 开始执行目标检测...
2026-06-23 16:46:45 [INFO] 检测完成，找到 5 个物体
2026-06-23 16:46:45 [INFO] 物体 1: GasCyl1 (置信度: 0.90)
2026-06-23 16:46:45 [INFO] 物体 2: GasCyl1 (置信度: 0.71)
2026-06-23 16:46:45 [INFO] 物体 3: FireExt1 (置信度: 0.54)
2026-06-23 16:46:45 [INFO] 物体 4: FireExt1 (置信度: 0.47)
2026-06-23 16:46:45 [INFO] 物体 5: FireExt1 (置信度: 0.37)
2026-06-23 16:46:45 [INFO] 检测到车兜区域，将过滤区域外的目标
2026-06-23 16:46:45 [INFO] 车兜区域过滤: 5 -> 3 个目标
2026-06-23 16:46:45 [INFO] 准备保存检测结果到: C:\code\show\Scrap_Steel_In_Field\photos\dangerous_det\detection_20260623_164645.jpg
2026-06-23 16:46:45 [INFO] 图像形状: (2160, 3840, 3)
2026-06-23 16:46:45 [INFO] 图像数据类型: uint8
2026-06-23 16:46:45 [INFO] 图像最大值: 255
2026-06-23 16:46:45 [INFO] 图像最小值: 0
2026-06-23 16:46:45 [INFO] 开始保存检测结果图像: 图像尺寸=(2160, 3840, 3), 类型=uint8, 路径=C:\code\show\Scrap_Steel_In_Field\photos\dangerous_det\detection_20260623_164645.jpg
2026-06-23 16:46:45 [INFO] 成功保存检测结果到: C:\code\show\Scrap_Steel_In_Field\photos\dangerous_det\detection_20260623_164645.jpg
2026-06-23 16:46:45 [INFO] 保存的检测结果文件大小: 2277618 字节
2026-06-23 16:46:45 [INFO] 引擎上下文已释放
2026-06-23 16:46:45 [INFO] TensorRT 引擎已释放
2026-06-23 16:46:45 [INFO] 全局 CUDA 资源已释放
2026-06-23 16:46:45 [INFO] 检测系统资源已释放
2026-06-23 16:46:50 [INFO] CUDA 初始化成功
2026-06-23 16:46:50 [INFO] 引擎加载成功: dangerous.engine
2026-06-23 16:46:50 [INFO] 检测系统初始化成功
2026-06-23 16:46:50 [INFO] 图像预处理完成，原始尺寸: (2160, 3840)
2026-06-23 16:46:50 [INFO] 开始执行目标检测...
2026-06-23 16:46:51 [INFO] 检测完成，找到 5 个物体
2026-06-23 16:46:51 [INFO] 物体 1: GasCyl1 (置信度: 0.89)
2026-06-23 16:46:51 [INFO] 物体 2: GasCyl1 (置信度: 0.71)
2026-06-23 16:46:51 [INFO] 物体 3: FireExt1 (置信度: 0.57)
2026-06-23 16:46:51 [INFO] 物体 4: GasCyl1 (置信度: 0.51)
2026-06-23 16:46:51 [INFO] 物体 5: FireExt1 (置信度: 0.42)
2026-06-23 16:46:51 [INFO] 检测到车兜区域，将过滤区域外的目标
2026-06-23 16:46:51 [INFO] 车兜区域过滤: 5 -> 3 个目标
2026-06-23 16:46:51 [INFO] 准备保存检测结果到: C:\code\show\Scrap_Steel_In_Field\photos\dangerous_det\detection_20260623_164651.jpg
2026-06-23 16:46:51 [INFO] 图像形状: (2160, 3840, 3)
2026-06-23 16:46:51 [INFO] 图像数据类型: uint8
2026-06-23 16:46:51 [INFO] 图像最大值: 255
2026-06-23 16:46:51 [INFO] 图像最小值: 0
2026-06-23 16:46:51 [INFO] 开始保存检测结果图像: 图像尺寸=(2160, 3840, 3), 类型=uint8, 路径=C:\code\show\Scrap_Steel_In_Field\photos\dangerous_det\detection_20260623_164651.jpg
2026-06-23 16:46:51 [INFO] 成功保存检测结果到: C:\code\show\Scrap_Steel_In_Field\photos\dangerous_det\detection_20260623_164651.jpg
2026-06-23 16:46:51 [INFO] 保存的检测结果文件大小: 2274398 字节
2026-06-23 16:46:51 [INFO] 引擎上下文已释放
2026-06-23 16:46:51 [INFO] TensorRT 引擎已释放
2026-06-23 16:46:51 [INFO] 全局 CUDA 资源已释放
2026-06-23 16:46:51 [INFO] 检测系统资源已释放
2026-06-23 16:46:56 [INFO] CUDA 初始化成功
2026-06-23 16:46:56 [INFO] 引擎加载成功: dangerous.engine
2026-06-23 16:46:56 [INFO] 检测系统初始化成功
2026-06-23 16:46:56 [INFO] 图像预处理完成，原始尺寸: (2160, 3840)
2026-06-23 16:46:56 [INFO] 开始执行目标检测...
2026-06-23 16:46:56 [INFO] 检测完成，找到 5 个物体
2026-06-23 16:46:56 [INFO] 物体 1: GasCyl1 (置信度: 0.89)
2026-06-23 16:46:56 [INFO] 物体 2: GasCyl1 (置信度: 0.73)
2026-06-23 16:46:56 [INFO] 物体 3: FireExt1 (置信度: 0.55)
2026-06-23 16:46:56 [INFO] 物体 4: FireExt1 (置信度: 0.50)
2026-06-23 16:46:56 [INFO] 物体 5: FireExt1 (置信度: 0.39)
2026-06-23 16:46:56 [INFO] 检测到车兜区域，将过滤区域外的目标
2026-06-23 16:46:56 [INFO] 车兜区域过滤: 5 -> 3 个目标
2026-06-23 16:46:56 [INFO] 准备保存检测结果到: C:\code\show\Scrap_Steel_In_Field\photos\dangerous_det\detection_20260623_164656.jpg
2026-06-23 16:46:56 [INFO] 图像形状: (2160, 3840, 3)
2026-06-23 16:46:56 [INFO] 图像数据类型: uint8
2026-06-23 16:46:56 [INFO] 图像最大值: 255
2026-06-23 16:46:56 [INFO] 图像最小值: 0
2026-06-23 16:46:56 [INFO] 开始保存检测结果图像: 图像尺寸=(2160, 3840, 3), 类型=uint8, 路径=C:\code\show\Scrap_Steel_In_Field\photos\dangerous_det\detection_20260623_164656.jpg
2026-06-23 16:46:56 [INFO] 成功保存检测结果到: C:\code\show\Scrap_Steel_In_Field\photos\dangerous_det\detection_20260623_164656.jpg
2026-06-23 16:46:56 [INFO] 保存的检测结果文件大小: 2278238 字节
2026-06-23 16:46:56 [INFO] 引擎上下文已释放
2026-06-23 16:46:56 [INFO] TensorRT 引擎已释放
2026-06-23 16:46:56 [INFO] 全局 CUDA 资源已释放
2026-06-23 16:46:56 [INFO] 检测系统资源已释放
2026-06-23 16:47:01 [INFO] CUDA 初始化成功
2026-06-23 16:47:01 [INFO] 引擎加载成功: dangerous.engine
2026-06-23 16:47:01 [INFO] 检测系统初始化成功
2026-06-23 16:47:01 [INFO] 图像预处理完成，原始尺寸: (2160, 3840)
2026-06-23 16:47:01 [INFO] 开始执行目标检测...
2026-06-23 16:47:01 [INFO] 检测完成，找到 5 个物体
2026-06-23 16:47:01 [INFO] 物体 1: GasCyl1 (置信度: 0.89)
2026-06-23 16:47:01 [INFO] 物体 2: GasCyl1 (置信度: 0.68)
2026-06-23 16:47:01 [INFO] 物体 3: FireExt1 (置信度: 0.55)
2026-06-23 16:47:01 [INFO] 物体 4: FireExt1 (置信度: 0.49)
2026-06-23 16:47:01 [INFO] 物体 5: FireExt1 (置信度: 0.42)
2026-06-23 16:47:01 [INFO] 检测到车兜区域，将过滤区域外的目标
2026-06-23 16:47:01 [INFO] 车兜区域过滤: 5 -> 3 个目标
2026-06-23 16:47:01 [INFO] 准备保存检测结果到: C:\code\show\Scrap_Steel_In_Field\photos\dangerous_det\detection_20260623_164701.jpg
2026-06-23 16:47:01 [INFO] 图像形状: (2160, 3840, 3)
2026-06-23 16:47:01 [INFO] 图像数据类型: uint8
2026-06-23 16:47:01 [INFO] 图像最大值: 255
2026-06-23 16:47:01 [INFO] 图像最小值: 0
2026-06-23 16:47:01 [INFO] 开始保存检测结果图像: 图像尺寸=(2160, 3840, 3), 类型=uint8, 路径=C:\code\show\Scrap_Steel_In_Field\photos\dangerous_det\detection_20260623_164701.jpg
2026-06-23 16:47:01 [INFO] 成功保存检测结果到: C:\code\show\Scrap_Steel_In_Field\photos\dangerous_det\detection_20260623_164701.jpg
2026-06-23 16:47:01 [INFO] 保存的检测结果文件大小: 2278411 字节
2026-06-23 16:47:01 [INFO] 引擎上下文已释放
2026-06-23 16:47:01 [INFO] TensorRT 引擎已释放
2026-06-23 16:47:01 [INFO] 全局 CUDA 资源已释放
2026-06-23 16:47:01 [INFO] 检测系统资源已释放
2026-06-23 16:47:06 [INFO] CUDA 初始化成功
2026-06-23 16:47:06 [INFO] 引擎加载成功: dangerous.engine
2026-06-23 16:47:06 [INFO] 检测系统初始化成功
2026-06-23 16:47:06 [INFO] 图像预处理完成，原始尺寸: (2160, 3840)
2026-06-23 16:47:06 [INFO] 开始执行目标检测...
2026-06-23 16:47:07 [INFO] 检测完成，找到 5 个物体
2026-06-23 16:47:07 [INFO] 物体 1: GasCyl1 (置信度: 0.90)
2026-06-23 16:47:07 [INFO] 物体 2: GasCyl1 (置信度: 0.71)
2026-06-23 16:47:07 [INFO] 物体 3: FireExt1 (置信度: 0.57)
2026-06-23 16:47:07 [INFO] 物体 4: FireExt1 (置信度: 0.50)
2026-06-23 16:47:07 [INFO] 物体 5: FireExt1 (置信度: 0.41)
2026-06-23 16:47:07 [INFO] 检测到车兜区域，将过滤区域外的目标
2026-06-23 16:47:07 [INFO] 车兜区域过滤: 5 -> 3 个目标
2026-06-23 16:47:07 [INFO] 准备保存检测结果到: C:\code\show\Scrap_Steel_In_Field\photos\dangerous_det\detection_20260623_164707.jpg
2026-06-23 16:47:07 [INFO] 图像形状: (2160, 3840, 3)
2026-06-23 16:47:07 [INFO] 图像数据类型: uint8
2026-06-23 16:47:07 [INFO] 图像最大值: 255
2026-06-23 16:47:07 [INFO] 图像最小值: 0
2026-06-23 16:47:07 [INFO] 开始保存检测结果图像: 图像尺寸=(2160, 3840, 3), 类型=uint8, 路径=C:\code\show\Scrap_Steel_In_Field\photos\dangerous_det\detection_20260623_164707.jpg
2026-06-23 16:47:07 [INFO] 成功保存检测结果到: C:\code\show\Scrap_Steel_In_Field\photos\dangerous_det\detection_20260623_164707.jpg
2026-06-23 16:47:07 [INFO] 保存的检测结果文件大小: 2277445 字节
2026-06-23 16:47:07 [INFO] 引擎上下文已释放
2026-06-23 16:47:07 [INFO] TensorRT 引擎已释放
2026-06-23 16:47:07 [INFO] 全局 CUDA 资源已释放
2026-06-23 16:47:07 [INFO] 检测系统资源已释放
2026-06-23 16:47:12 [INFO] CUDA 初始化成功
2026-06-23 16:47:12 [INFO] 引擎加载成功: dangerous.engine
2026-06-23 16:47:12 [INFO] 检测系统初始化成功
2026-06-23 16:47:12 [INFO] 图像预处理完成，原始尺寸: (2160, 3840)
2026-06-23 16:47:12 [INFO] 开始执行目标检测...
2026-06-23 16:47:12 [INFO] 检测完成，找到 4 个物体
2026-06-23 16:47:12 [INFO] 物体 1: GasCyl1 (置信度: 0.89)
2026-06-23 16:47:12 [INFO] 物体 2: GasCyl1 (置信度: 0.64)
2026-06-23 16:47:12 [INFO] 物体 3: FireExt1 (置信度: 0.54)
2026-06-23 16:47:12 [INFO] 物体 4: FireExt1 (置信度: 0.48)
2026-06-23 16:47:12 [INFO] 检测到车兜区域，将过滤区域外的目标
2026-06-23 16:47:12 [INFO] 车兜区域过滤: 4 -> 3 个目标
2026-06-23 16:47:12 [INFO] 准备保存检测结果到: C:\code\show\Scrap_Steel_In_Field\photos\dangerous_det\detection_20260623_164712.jpg
2026-06-23 16:47:12 [INFO] 图像形状: (2160, 3840, 3)
2026-06-23 16:47:12 [INFO] 图像数据类型: uint8
2026-06-23 16:47:12 [INFO] 图像最大值: 255
2026-06-23 16:47:12 [INFO] 图像最小值: 0
2026-06-23 16:47:12 [INFO] 开始保存检测结果图像: 图像尺寸=(2160, 3840, 3), 类型=uint8, 路径=C:\code\show\Scrap_Steel_In_Field\photos\dangerous_det\detection_20260623_164712.jpg
2026-06-23 16:47:12 [INFO] 成功保存检测结果到: C:\code\show\Scrap_Steel_In_Field\photos\dangerous_det\detection_20260623_164712.jpg
2026-06-23 16:47:12 [INFO] 保存的检测结果文件大小: 2278890 字节
2026-06-23 16:47:12 [INFO] 引擎上下文已释放
2026-06-23 16:47:12 [INFO] TensorRT 引擎已释放
2026-06-23 16:47:12 [INFO] 全局 CUDA 资源已释放
2026-06-23 16:47:12 [INFO] 检测系统资源已释放
2026-06-23 16:47:17 [INFO] CUDA 初始化成功
2026-06-23 16:47:17 [INFO] 引擎加载成功: dangerous.engine
2026-06-23 16:47:17 [INFO] 检测系统初始化成功
2026-06-23 16:47:17 [INFO] 图像预处理完成，原始尺寸: (2160, 3840)
2026-06-23 16:47:17 [INFO] 开始执行目标检测...
2026-06-23 16:47:17 [INFO] 检测完成，找到 5 个物体
2026-06-23 16:47:17 [INFO] 物体 1: GasCyl1 (置信度: 0.90)
2026-06-23 16:47:17 [INFO] 物体 2: GasCyl1 (置信度: 0.71)
2026-06-23 16:47:17 [INFO] 物体 3: FireExt1 (置信度: 0.56)
2026-06-23 16:47:17 [INFO] 物体 4: FireExt1 (置信度: 0.49)
2026-06-23 16:47:17 [INFO] 物体 5: FireExt1 (置信度: 0.39)
2026-06-23 16:47:17 [INFO] 检测到车兜区域，将过滤区域外的目标
2026-06-23 16:47:17 [INFO] 车兜区域过滤: 5 -> 3 个目标
2026-06-23 16:47:17 [INFO] 准备保存检测结果到: C:\code\show\Scrap_Steel_In_Field\photos\dangerous_det\detection_20260623_164717.jpg
2026-06-23 16:47:17 [INFO] 图像形状: (2160, 3840, 3)
2026-06-23 16:47:17 [INFO] 图像数据类型: uint8
2026-06-23 16:47:17 [INFO] 图像最大值: 255
2026-06-23 16:47:17 [INFO] 图像最小值: 0
2026-06-23 16:47:17 [INFO] 开始保存检测结果图像: 图像尺寸=(2160, 3840, 3), 类型=uint8, 路径=C:\code\show\Scrap_Steel_In_Field\photos\dangerous_det\detection_20260623_164717.jpg
2026-06-23 16:47:17 [INFO] 成功保存检测结果到: C:\code\show\Scrap_Steel_In_Field\photos\dangerous_det\detection_20260623_164717.jpg
2026-06-23 16:47:17 [INFO] 保存的检测结果文件大小: 2275919 字节
2026-06-23 16:47:17 [INFO] 引擎上下文已释放
2026-06-23 16:47:17 [INFO] TensorRT 引擎已释放
2026-06-23 16:47:17 [INFO] 全局 CUDA 资源已释放
2026-06-23 16:47:17 [INFO] 检测系统资源已释放
2026-06-23 16:47:23 [INFO] CUDA 初始化成功
2026-06-23 16:47:23 [INFO] 引擎加载成功: dangerous.engine
2026-06-23 16:47:23 [INFO] 检测系统初始化成功
2026-06-23 16:47:23 [INFO] 图像预处理完成，原始尺寸: (2160, 3840)
2026-06-23 16:47:23 [INFO] 开始执行目标检测...
2026-06-23 16:47:23 [INFO] 检测完成，找到 5 个物体
2026-06-23 16:47:23 [INFO] 物体 1: GasCyl1 (置信度: 0.90)
2026-06-23 16:47:23 [INFO] 物体 2: GasCyl1 (置信度: 0.72)
2026-06-23 16:47:23 [INFO] 物体 3: FireExt1 (置信度: 0.55)
2026-06-23 16:47:23 [INFO] 物体 4: FireExt1 (置信度: 0.48)
2026-06-23 16:47:23 [INFO] 物体 5: FireExt1 (置信度: 0.41)
2026-06-23 16:47:23 [INFO] 检测到车兜区域，将过滤区域外的目标
2026-06-23 16:47:23 [INFO] 车兜区域过滤: 5 -> 3 个目标
2026-06-23 16:47:23 [INFO] 准备保存检测结果到: C:\code\show\Scrap_Steel_In_Field\photos\dangerous_det\detection_20260623_164723.jpg
2026-06-23 16:47:23 [INFO] 图像形状: (2160, 3840, 3)
2026-06-23 16:47:23 [INFO] 图像数据类型: uint8
2026-06-23 16:47:23 [INFO] 图像最大值: 255
2026-06-23 16:47:23 [INFO] 图像最小值: 0
2026-06-23 16:47:23 [INFO] 开始保存检测结果图像: 图像尺寸=(2160, 3840, 3), 类型=uint8, 路径=C:\code\show\Scrap_Steel_In_Field\photos\dangerous_det\detection_20260623_164723.jpg
2026-06-23 16:47:23 [INFO] 成功保存检测结果到: C:\code\show\Scrap_Steel_In_Field\photos\dangerous_det\detection_20260623_164723.jpg
2026-06-23 16:47:23 [INFO] 保存的检测结果文件大小: 2279962 字节
2026-06-23 16:47:23 [INFO] 引擎上下文已释放
2026-06-23 16:47:23 [INFO] TensorRT 引擎已释放
2026-06-23 16:47:23 [INFO] 全局 CUDA 资源已释放
2026-06-23 16:47:23 [INFO] 检测系统资源已释放
2026-06-23 16:47:28 [INFO] CUDA 初始化成功
2026-06-23 16:47:28 [INFO] 引擎加载成功: dangerous.engine
2026-06-23 16:47:28 [INFO] 检测系统初始化成功
2026-06-23 16:47:28 [INFO] 图像预处理完成，原始尺寸: (2160, 3840)
2026-06-23 16:47:28 [INFO] 开始执行目标检测...
2026-06-23 16:47:28 [INFO] 检测完成，找到 5 个物体
2026-06-23 16:47:28 [INFO] 物体 1: GasCyl1 (置信度: 0.89)
2026-06-23 16:47:28 [INFO] 物体 2: GasCyl1 (置信度: 0.66)
2026-06-23 16:47:28 [INFO] 物体 3: FireExt1 (置信度: 0.55)
2026-06-23 16:47:28 [INFO] 物体 4: FireExt1 (置信度: 0.49)
2026-06-23 16:47:28 [INFO] 物体 5: FireExt1 (置信度: 0.42)
2026-06-23 16:47:28 [INFO] 检测到车兜区域，将过滤区域外的目标
2026-06-23 16:47:28 [INFO] 车兜区域过滤: 5 -> 3 个目标
2026-06-23 16:47:28 [INFO] 准备保存检测结果到: C:\code\show\Scrap_Steel_In_Field\photos\dangerous_det\detection_20260623_164728.jpg
2026-06-23 16:47:28 [INFO] 图像形状: (2160, 3840, 3)
2026-06-23 16:47:28 [INFO] 图像数据类型: uint8
2026-06-23 16:47:28 [INFO] 图像最大值: 255
2026-06-23 16:47:28 [INFO] 图像最小值: 0
2026-06-23 16:47:28 [INFO] 开始保存检测结果图像: 图像尺寸=(2160, 3840, 3), 类型=uint8, 路径=C:\code\show\Scrap_Steel_In_Field\photos\dangerous_det\detection_20260623_164728.jpg
2026-06-23 16:47:28 [INFO] 成功保存检测结果到: C:\code\show\Scrap_Steel_In_Field\photos\dangerous_det\detection_20260623_164728.jpg
2026-06-23 16:47:28 [INFO] 保存的检测结果文件大小: 2275829 字节
2026-06-23 16:47:28 [INFO] 引擎上下文已释放
2026-06-23 16:47:28 [INFO] TensorRT 引擎已释放
2026-06-23 16:47:28 [INFO] 全局 CUDA 资源已释放
2026-06-23 16:47:28 [INFO] 检测系统资源已释放
2026-06-23 16:47:33 [INFO] CUDA 初始化成功
2026-06-23 16:47:33 [INFO] 引擎加载成功: dangerous.engine
2026-06-23 16:47:33 [INFO] 检测系统初始化成功
2026-06-23 16:47:33 [INFO] 图像预处理完成，原始尺寸: (2160, 3840)
2026-06-23 16:47:33 [INFO] 开始执行目标检测...
2026-06-23 16:47:33 [INFO] 检测完成，找到 5 个物体
2026-06-23 16:47:33 [INFO] 物体 1: GasCyl1 (置信度: 0.89)
2026-06-23 16:47:33 [INFO] 物体 2: GasCyl1 (置信度: 0.58)
2026-06-23 16:47:33 [INFO] 物体 3: FireExt1 (置信度: 0.57)
2026-06-23 16:47:33 [INFO] 物体 4: GasCyl1 (置信度: 0.56)
2026-06-23 16:47:33 [INFO] 物体 5: FireExt1 (置信度: 0.36)
2026-06-23 16:47:33 [INFO] 检测到车兜区域，将过滤区域外的目标
2026-06-23 16:47:33 [INFO] 车兜区域过滤: 5 -> 3 个目标
2026-06-23 16:47:33 [INFO] 准备保存检测结果到: C:\code\show\Scrap_Steel_In_Field\photos\dangerous_det\detection_20260623_164733.jpg
2026-06-23 16:47:33 [INFO] 图像形状: (2160, 3840, 3)
2026-06-23 16:47:33 [INFO] 图像数据类型: uint8
2026-06-23 16:47:33 [INFO] 图像最大值: 255
2026-06-23 16:47:33 [INFO] 图像最小值: 0
2026-06-23 16:47:33 [INFO] 开始保存检测结果图像: 图像尺寸=(2160, 3840, 3), 类型=uint8, 路径=C:\code\show\Scrap_Steel_In_Field\photos\dangerous_det\detection_20260623_164733.jpg
2026-06-23 16:47:33 [INFO] 成功保存检测结果到: C:\code\show\Scrap_Steel_In_Field\photos\dangerous_det\detection_20260623_164733.jpg
2026-06-23 16:47:33 [INFO] 保存的检测结果文件大小: 2276668 字节
2026-06-23 16:47:33 [INFO] 引擎上下文已释放
2026-06-23 16:47:33 [INFO] TensorRT 引擎已释放
2026-06-23 16:47:33 [INFO] 全局 CUDA 资源已释放
2026-06-23 16:47:33 [INFO] 检测系统资源已释放
2026-06-23 16:47:38 [INFO] CUDA 初始化成功
2026-06-23 16:47:38 [INFO] 引擎加载成功: dangerous.engine
2026-06-23 16:47:38 [INFO] 检测系统初始化成功
2026-06-23 16:47:38 [INFO] 图像预处理完成，原始尺寸: (2160, 3840)
2026-06-23 16:47:38 [INFO] 开始执行目标检测...
2026-06-23 16:47:38 [INFO] 检测完成，找到 5 个物体
2026-06-23 16:47:38 [INFO] 物体 1: GasCyl1 (置信度: 0.90)
2026-06-23 16:47:38 [INFO] 物体 2: GasCyl1 (置信度: 0.68)
2026-06-23 16:47:38 [INFO] 物体 3: FireExt1 (置信度: 0.55)
2026-06-23 16:47:38 [INFO] 物体 4: FireExt1 (置信度: 0.51)
2026-06-23 16:47:38 [INFO] 物体 5: FireExt1 (置信度: 0.38)
2026-06-23 16:47:39 [INFO] 检测到车兜区域，将过滤区域外的目标
2026-06-23 16:47:39 [INFO] 车兜区域过滤: 5 -> 3 个目标
2026-06-23 16:47:39 [INFO] 准备保存检测结果到: C:\code\show\Scrap_Steel_In_Field\photos\dangerous_det\detection_20260623_164739.jpg
2026-06-23 16:47:39 [INFO] 图像形状: (2160, 3840, 3)
2026-06-23 16:47:39 [INFO] 图像数据类型: uint8
2026-06-23 16:47:39 [INFO] 图像最大值: 255
2026-06-23 16:47:39 [INFO] 图像最小值: 0
2026-06-23 16:47:39 [INFO] 开始保存检测结果图像: 图像尺寸=(2160, 3840, 3), 类型=uint8, 路径=C:\code\show\Scrap_Steel_In_Field\photos\dangerous_det\detection_20260623_164739.jpg
2026-06-23 16:47:39 [INFO] 成功保存检测结果到: C:\code\show\Scrap_Steel_In_Field\photos\dangerous_det\detection_20260623_164739.jpg
2026-06-23 16:47:39 [INFO] 保存的检测结果文件大小: 2275235 字节
2026-06-23 16:47:39 [INFO] 引擎上下文已释放
2026-06-23 16:47:39 [INFO] TensorRT 引擎已释放
2026-06-23 16:47:39 [INFO] 全局 CUDA 资源已释放
2026-06-23 16:47:39 [INFO] 检测系统资源已释放
2026-06-23 16:47:44 [INFO] CUDA 初始化成功
2026-06-23 16:47:44 [INFO] 引擎加载成功: dangerous.engine
2026-06-23 16:47:44 [INFO] 检测系统初始化成功
2026-06-23 16:47:44 [INFO] 图像预处理完成，原始尺寸: (2160, 3840)
2026-06-23 16:47:44 [INFO] 开始执行目标检测...
2026-06-23 16:47:44 [INFO] 检测完成，找到 5 个物体
2026-06-23 16:47:44 [INFO] 物体 1: GasCyl1 (置信度: 0.90)
2026-06-23 16:47:44 [INFO] 物体 2: GasCyl1 (置信度: 0.71)
2026-06-23 16:47:44 [INFO] 物体 3: FireExt1 (置信度: 0.54)
2026-06-23 16:47:44 [INFO] 物体 4: GasCyl1 (置信度: 0.51)
2026-06-23 16:47:44 [INFO] 物体 5: FireExt1 (置信度: 0.41)
2026-06-23 16:47:44 [INFO] 检测到车兜区域，将过滤区域外的目标
2026-06-23 16:47:44 [INFO] 车兜区域过滤: 5 -> 3 个目标
2026-06-23 16:47:44 [INFO] 准备保存检测结果到: C:\code\show\Scrap_Steel_In_Field\photos\dangerous_det\detection_20260623_164744.jpg
2026-06-23 16:47:44 [INFO] 图像形状: (2160, 3840, 3)
2026-06-23 16:47:44 [INFO] 图像数据类型: uint8
2026-06-23 16:47:44 [INFO] 图像最大值: 255
2026-06-23 16:47:44 [INFO] 图像最小值: 0
2026-06-23 16:47:44 [INFO] 开始保存检测结果图像: 图像尺寸=(2160, 3840, 3), 类型=uint8, 路径=C:\code\show\Scrap_Steel_In_Field\photos\dangerous_det\detection_20260623_164744.jpg
2026-06-23 16:47:44 [INFO] 成功保存检测结果到: C:\code\show\Scrap_Steel_In_Field\photos\dangerous_det\detection_20260623_164744.jpg
2026-06-23 16:47:44 [INFO] 保存的检测结果文件大小: 2277197 字节
2026-06-23 16:47:44 [INFO] 引擎上下文已释放
2026-06-23 16:47:44 [INFO] TensorRT 引擎已释放
2026-06-23 16:47:44 [INFO] 全局 CUDA 资源已释放
2026-06-23 16:47:44 [INFO] 检测系统资源已释放
2026-06-23 16:47:49 [INFO] CUDA 初始化成功
2026-06-23 16:47:49 [INFO] 引擎加载成功: dangerous.engine
2026-06-23 16:47:49 [INFO] 检测系统初始化成功
2026-06-23 16:47:49 [INFO] 图像预处理完成，原始尺寸: (2160, 3840)
2026-06-23 16:47:49 [INFO] 开始执行目标检测...
2026-06-23 16:47:49 [INFO] 检测完成，找到 5 个物体
2026-06-23 16:47:49 [INFO] 物体 1: GasCyl1 (置信度: 0.90)
2026-06-23 16:47:49 [INFO] 物体 2: GasCyl1 (置信度: 0.62)
2026-06-23 16:47:49 [INFO] 物体 3: FireExt1 (置信度: 0.56)
2026-06-23 16:47:49 [INFO] 物体 4: FireExt1 (置信度: 0.49)
2026-06-23 16:47:49 [INFO] 物体 5: FireExt1 (置信度: 0.38)
2026-06-23 16:47:49 [INFO] 检测到车兜区域，将过滤区域外的目标
2026-06-23 16:47:49 [INFO] 车兜区域过滤: 5 -> 3 个目标
2026-06-23 16:47:49 [INFO] 准备保存检测结果到: C:\code\show\Scrap_Steel_In_Field\photos\dangerous_det\detection_20260623_164749.jpg
2026-06-23 16:47:49 [INFO] 图像形状: (2160, 3840, 3)
2026-06-23 16:47:49 [INFO] 图像数据类型: uint8
2026-06-23 16:47:49 [INFO] 图像最大值: 255
2026-06-23 16:47:49 [INFO] 图像最小值: 0
2026-06-23 16:47:49 [INFO] 开始保存检测结果图像: 图像尺寸=(2160, 3840, 3), 类型=uint8, 路径=C:\code\show\Scrap_Steel_In_Field\photos\dangerous_det\detection_20260623_164749.jpg
2026-06-23 16:47:49 [INFO] 成功保存检测结果到: C:\code\show\Scrap_Steel_In_Field\photos\dangerous_det\detection_20260623_164749.jpg
2026-06-23 16:47:49 [INFO] 保存的检测结果文件大小: 2280036 字节
2026-06-23 16:47:49 [INFO] 引擎上下文已释放
2026-06-23 16:47:49 [INFO] TensorRT 引擎已释放
2026-06-23 16:47:49 [INFO] 全局 CUDA 资源已释放
2026-06-23 16:47:49 [INFO] 检测系统资源已释放
2026-06-23 16:47:54 [INFO] CUDA 初始化成功
2026-06-23 16:47:54 [INFO] 引擎加载成功: dangerous.engine
2026-06-23 16:47:54 [INFO] 检测系统初始化成功
2026-06-23 16:47:54 [INFO] 图像预处理完成，原始尺寸: (2160, 3840)
2026-06-23 16:47:54 [INFO] 开始执行目标检测...
2026-06-23 16:47:55 [INFO] 检测完成，找到 5 个物体
2026-06-23 16:47:55 [INFO] 物体 1: GasCyl1 (置信度: 0.90)
2026-06-23 16:47:55 [INFO] 物体 2: GasCyl1 (置信度: 0.58)
2026-06-23 16:47:55 [INFO] 物体 3: FireExt1 (置信度: 0.58)
2026-06-23 16:47:55 [INFO] 物体 4: FireExt1 (置信度: 0.49)
2026-06-23 16:47:55 [INFO] 物体 5: FireExt1 (置信度: 0.41)
2026-06-23 16:47:55 [INFO] 检测到车兜区域，将过滤区域外的目标
2026-06-23 16:47:55 [INFO] 车兜区域过滤: 5 -> 3 个目标
2026-06-23 16:47:55 [INFO] 准备保存检测结果到: C:\code\show\Scrap_Steel_In_Field\photos\dangerous_det\detection_20260623_164755.jpg
2026-06-23 16:47:55 [INFO] 图像形状: (2160, 3840, 3)
2026-06-23 16:47:55 [INFO] 图像数据类型: uint8
2026-06-23 16:47:55 [INFO] 图像最大值: 255
2026-06-23 16:47:55 [INFO] 图像最小值: 0
2026-06-23 16:47:55 [INFO] 开始保存检测结果图像: 图像尺寸=(2160, 3840, 3), 类型=uint8, 路径=C:\code\show\Scrap_Steel_In_Field\photos\dangerous_det\detection_20260623_164755.jpg
2026-06-23 16:47:55 [INFO] 成功保存检测结果到: C:\code\show\Scrap_Steel_In_Field\photos\dangerous_det\detection_20260623_164755.jpg
2026-06-23 16:47:55 [INFO] 保存的检测结果文件大小: 2277355 字节
2026-06-23 16:47:55 [INFO] 引擎上下文已释放
2026-06-23 16:47:55 [INFO] TensorRT 引擎已释放
2026-06-23 16:47:55 [INFO] 全局 CUDA 资源已释放
2026-06-23 16:47:55 [INFO] 检测系统资源已释放
2026-06-23 16:48:00 [INFO] CUDA 初始化成功
2026-06-23 16:48:00 [INFO] 引擎加载成功: dangerous.engine
2026-06-23 16:48:00 [INFO] 检测系统初始化成功
2026-06-23 16:48:00 [INFO] 图像预处理完成，原始尺寸: (2160, 3840)
2026-06-23 16:48:00 [INFO] 开始执行目标检测...
2026-06-23 16:48:00 [INFO] 检测完成，找到 5 个物体
2026-06-23 16:48:00 [INFO] 物体 1: GasCyl1 (置信度: 0.89)
2026-06-23 16:48:00 [INFO] 物体 2: GasCyl1 (置信度: 0.64)
2026-06-23 16:48:00 [INFO] 物体 3: FireExt1 (置信度: 0.57)
2026-06-23 16:48:00 [INFO] 物体 4: FireExt1 (置信度: 0.51)
2026-06-23 16:48:00 [INFO] 物体 5: FireExt1 (置信度: 0.37)
2026-06-23 16:48:00 [INFO] 检测到车兜区域，将过滤区域外的目标
2026-06-23 16:48:00 [INFO] 车兜区域过滤: 5 -> 3 个目标
2026-06-23 16:48:00 [INFO] 准备保存检测结果到: C:\code\show\Scrap_Steel_In_Field\photos\dangerous_det\detection_20260623_164800.jpg
2026-06-23 16:48:00 [INFO] 图像形状: (2160, 3840, 3)
2026-06-23 16:48:00 [INFO] 图像数据类型: uint8
2026-06-23 16:48:00 [INFO] 图像最大值: 255
2026-06-23 16:48:00 [INFO] 图像最小值: 0
2026-06-23 16:48:00 [INFO] 开始保存检测结果图像: 图像尺寸=(2160, 3840, 3), 类型=uint8, 路径=C:\code\show\Scrap_Steel_In_Field\photos\dangerous_det\detection_20260623_164800.jpg
2026-06-23 16:48:00 [INFO] 成功保存检测结果到: C:\code\show\Scrap_Steel_In_Field\photos\dangerous_det\detection_20260623_164800.jpg
2026-06-23 16:48:00 [INFO] 保存的检测结果文件大小: 2277773 字节
2026-06-23 16:48:00 [INFO] 引擎上下文已释放
2026-06-23 16:48:00 [INFO] TensorRT 引擎已释放
2026-06-23 16:48:00 [INFO] 全局 CUDA 资源已释放
2026-06-23 16:48:00 [INFO] 检测系统资源已释放
2026-06-23 16:48:05 [INFO] CUDA 初始化成功
2026-06-23 16:48:05 [INFO] 引擎加载成功: dangerous.engine
2026-06-23 16:48:05 [INFO] 检测系统初始化成功
2026-06-23 16:48:05 [INFO] 图像预处理完成，原始尺寸: (2160, 3840)
2026-06-23 16:48:05 [INFO] 开始执行目标检测...
2026-06-23 16:48:05 [INFO] 检测完成，找到 5 个物体
2026-06-23 16:48:05 [INFO] 物体 1: GasCyl1 (置信度: 0.89)
2026-06-23 16:48:05 [INFO] 物体 2: GasCyl1 (置信度: 0.64)
2026-06-23 16:48:05 [INFO] 物体 3: FireExt1 (置信度: 0.54)
2026-06-23 16:48:05 [INFO] 物体 4: FireExt1 (置信度: 0.49)
2026-06-23 16:48:05 [INFO] 物体 5: FireExt1 (置信度: 0.43)
2026-06-23 16:48:05 [INFO] 检测到车兜区域，将过滤区域外的目标
2026-06-23 16:48:05 [INFO] 车兜区域过滤: 5 -> 3 个目标
2026-06-23 16:48:05 [INFO] 准备保存检测结果到: C:\code\show\Scrap_Steel_In_Field\photos\dangerous_det\detection_20260623_164805.jpg
2026-06-23 16:48:05 [INFO] 图像形状: (2160, 3840, 3)
2026-06-23 16:48:05 [INFO] 图像数据类型: uint8
2026-06-23 16:48:05 [INFO] 图像最大值: 255
2026-06-23 16:48:05 [INFO] 图像最小值: 0
2026-06-23 16:48:05 [INFO] 开始保存检测结果图像: 图像尺寸=(2160, 3840, 3), 类型=uint8, 路径=C:\code\show\Scrap_Steel_In_Field\photos\dangerous_det\detection_20260623_164805.jpg
2026-06-23 16:48:05 [INFO] 成功保存检测结果到: C:\code\show\Scrap_Steel_In_Field\photos\dangerous_det\detection_20260623_164805.jpg
2026-06-23 16:48:05 [INFO] 保存的检测结果文件大小: 2277517 字节
2026-06-23 16:48:05 [INFO] 引擎上下文已释放
2026-06-23 16:48:05 [INFO] TensorRT 引擎已释放
2026-06-23 16:48:05 [INFO] 全局 CUDA 资源已释放
2026-06-23 16:48:05 [INFO] 检测系统资源已释放
2026-06-23 16:48:11 [INFO] CUDA 初始化成功
2026-06-23 16:48:11 [INFO] 引擎加载成功: dangerous.engine
2026-06-23 16:48:11 [INFO] 检测系统初始化成功
2026-06-23 16:48:11 [INFO] 图像预处理完成，原始尺寸: (2160, 3840)
2026-06-23 16:48:11 [INFO] 开始执行目标检测...
2026-06-23 16:48:11 [INFO] 检测完成，找到 5 个物体
2026-06-23 16:48:11 [INFO] 物体 1: GasCyl1 (置信度: 0.90)
2026-06-23 16:48:11 [INFO] 物体 2: GasCyl1 (置信度: 0.74)
2026-06-23 16:48:11 [INFO] 物体 3: FireExt1 (置信度: 0.55)
2026-06-23 16:48:11 [INFO] 物体 4: GasCyl1 (置信度: 0.53)
2026-06-23 16:48:11 [INFO] 物体 5: FireExt1 (置信度: 0.43)
2026-06-23 16:48:11 [INFO] 检测到车兜区域，将过滤区域外的目标
2026-06-23 16:48:11 [INFO] 车兜区域过滤: 5 -> 3 个目标
2026-06-23 16:48:11 [INFO] 准备保存检测结果到: C:\code\show\Scrap_Steel_In_Field\photos\dangerous_det\detection_20260623_164811.jpg
2026-06-23 16:48:11 [INFO] 图像形状: (2160, 3840, 3)
2026-06-23 16:48:11 [INFO] 图像数据类型: uint8
2026-06-23 16:48:11 [INFO] 图像最大值: 255
2026-06-23 16:48:11 [INFO] 图像最小值: 0
2026-06-23 16:48:11 [INFO] 开始保存检测结果图像: 图像尺寸=(2160, 3840, 3), 类型=uint8, 路径=C:\code\show\Scrap_Steel_In_Field\photos\dangerous_det\detection_20260623_164811.jpg
2026-06-23 16:48:11 [INFO] 成功保存检测结果到: C:\code\show\Scrap_Steel_In_Field\photos\dangerous_det\detection_20260623_164811.jpg
2026-06-23 16:48:11 [INFO] 保存的检测结果文件大小: 2279815 字节
2026-06-23 16:48:11 [INFO] 引擎上下文已释放
2026-06-23 16:48:11 [INFO] TensorRT 引擎已释放
2026-06-23 16:48:11 [INFO] 全局 CUDA 资源已释放
2026-06-23 16:48:11 [INFO] 检测系统资源已释放
2026-06-23 16:48:15 [INFO] CUDA 初始化成功
2026-06-23 16:48:15 [INFO] 引擎加载成功: dangerous.engine
2026-06-23 16:48:15 [INFO] 检测系统初始化成功
2026-06-23 16:48:15 [INFO] 图像预处理完成，原始尺寸: (2160, 3840)
2026-06-23 16:48:15 [INFO] 开始执行目标检测...
2026-06-23 16:48:16 [INFO] 检测完成，找到 5 个物体
2026-06-23 16:48:16 [INFO] 物体 1: GasCyl1 (置信度: 0.90)
2026-06-23 16:48:16 [INFO] 物体 2: GasCyl1 (置信度: 0.73)
2026-06-23 16:48:16 [INFO] 物体 3: FireExt1 (置信度: 0.56)
2026-06-23 16:48:16 [INFO] 物体 4: FireExt1 (置信度: 0.50)
2026-06-23 16:48:16 [INFO] 物体 5: FireExt1 (置信度: 0.41)
2026-06-23 16:48:16 [INFO] 检测到车兜区域，将过滤区域外的目标
2026-06-23 16:48:16 [INFO] 车兜区域过滤: 5 -> 3 个目标
2026-06-23 16:48:16 [INFO] 准备保存检测结果到: C:\code\show\Scrap_Steel_In_Field\photos\dangerous_det\detection_20260623_164816.jpg
2026-06-23 16:48:16 [INFO] 图像形状: (2160, 3840, 3)
2026-06-23 16:48:16 [INFO] 图像数据类型: uint8
2026-06-23 16:48:16 [INFO] 图像最大值: 255
2026-06-23 16:48:16 [INFO] 图像最小值: 0
2026-06-23 16:48:16 [INFO] 开始保存检测结果图像: 图像尺寸=(2160, 3840, 3), 类型=uint8, 路径=C:\code\show\Scrap_Steel_In_Field\photos\dangerous_det\detection_20260623_164816.jpg
2026-06-23 16:48:16 [INFO] 成功保存检测结果到: C:\code\show\Scrap_Steel_In_Field\photos\dangerous_det\detection_20260623_164816.jpg
2026-06-23 16:48:16 [INFO] 保存的检测结果文件大小: 2278077 字节
2026-06-23 16:48:16 [INFO] 引擎上下文已释放
2026-06-23 16:48:16 [INFO] TensorRT 引擎已释放
2026-06-23 16:48:16 [INFO] 全局 CUDA 资源已释放
2026-06-23 16:48:16 [INFO] 检测系统资源已释放
2026-06-23 16:48:21 [INFO] CUDA 初始化成功
2026-06-23 16:48:21 [INFO] 引擎加载成功: dangerous.engine
2026-06-23 16:48:21 [INFO] 检测系统初始化成功
2026-06-23 16:48:21 [INFO] 图像预处理完成，原始尺寸: (2160, 3840)
2026-06-23 16:48:21 [INFO] 开始执行目标检测...
2026-06-23 16:48:21 [INFO] 检测完成，找到 5 个物体
2026-06-23 16:48:21 [INFO] 物体 1: GasCyl1 (置信度: 0.89)
2026-06-23 16:48:21 [INFO] 物体 2: GasCyl1 (置信度: 0.71)
2026-06-23 16:48:21 [INFO] 物体 3: FireExt1 (置信度: 0.56)
2026-06-23 16:48:21 [INFO] 物体 4: FireExt1 (置信度: 0.51)
2026-06-23 16:48:21 [INFO] 物体 5: FireExt1 (置信度: 0.40)
2026-06-23 16:48:21 [INFO] 检测到车兜区域，将过滤区域外的目标
2026-06-23 16:48:21 [INFO] 车兜区域过滤: 5 -> 3 个目标
2026-06-23 16:48:21 [INFO] 准备保存检测结果到: C:\code\show\Scrap_Steel_In_Field\photos\dangerous_det\detection_20260623_164821.jpg
2026-06-23 16:48:21 [INFO] 图像形状: (2160, 3840, 3)
2026-06-23 16:48:21 [INFO] 图像数据类型: uint8
2026-06-23 16:48:21 [INFO] 图像最大值: 255
2026-06-23 16:48:21 [INFO] 图像最小值: 0
2026-06-23 16:48:21 [INFO] 开始保存检测结果图像: 图像尺寸=(2160, 3840, 3), 类型=uint8, 路径=C:\code\show\Scrap_Steel_In_Field\photos\dangerous_det\detection_20260623_164821.jpg
2026-06-23 16:48:21 [INFO] 成功保存检测结果到: C:\code\show\Scrap_Steel_In_Field\photos\dangerous_det\detection_20260623_164821.jpg
2026-06-23 16:48:21 [INFO] 保存的检测结果文件大小: 2274598 字节
2026-06-23 16:48:21 [INFO] 引擎上下文已释放
2026-06-23 16:48:21 [INFO] TensorRT 引擎已释放
2026-06-23 16:48:21 [INFO] 全局 CUDA 资源已释放
2026-06-23 16:48:21 [INFO] 检测系统资源已释放
2026-06-23 16:48:26 [INFO] CUDA 初始化成功
2026-06-23 16:48:26 [INFO] 引擎加载成功: dangerous.engine
2026-06-23 16:48:26 [INFO] 检测系统初始化成功
2026-06-23 16:48:26 [INFO] 图像预处理完成，原始尺寸: (2160, 3840)
2026-06-23 16:48:26 [INFO] 开始执行目标检测...
2026-06-23 16:48:26 [INFO] 检测完成，找到 5 个物体
2026-06-23 16:48:26 [INFO] 物体 1: GasCyl1 (置信度: 0.90)
2026-06-23 16:48:26 [INFO] 物体 2: GasCyl1 (置信度: 0.73)
2026-06-23 16:48:26 [INFO] 物体 3: FireExt1 (置信度: 0.56)
2026-06-23 16:48:26 [INFO] 物体 4: FireExt1 (置信度: 0.48)
2026-06-23 16:48:26 [INFO] 物体 5: FireExt1 (置信度: 0.36)
2026-06-23 16:48:26 [INFO] 检测到车兜区域，将过滤区域外的目标
2026-06-23 16:48:26 [INFO] 车兜区域过滤: 5 -> 3 个目标
2026-06-23 16:48:26 [INFO] 准备保存检测结果到: C:\code\show\Scrap_Steel_In_Field\photos\dangerous_det\detection_20260623_164826.jpg
2026-06-23 16:48:26 [INFO] 图像形状: (2160, 3840, 3)
2026-06-23 16:48:26 [INFO] 图像数据类型: uint8
2026-06-23 16:48:26 [INFO] 图像最大值: 255
2026-06-23 16:48:26 [INFO] 图像最小值: 0
2026-06-23 16:48:26 [INFO] 开始保存检测结果图像: 图像尺寸=(2160, 3840, 3), 类型=uint8, 路径=C:\code\show\Scrap_Steel_In_Field\photos\dangerous_det\detection_20260623_164826.jpg
2026-06-23 16:48:26 [INFO] 成功保存检测结果到: C:\code\show\Scrap_Steel_In_Field\photos\dangerous_det\detection_20260623_164826.jpg
2026-06-23 16:48:26 [INFO] 保存的检测结果文件大小: 2277012 字节
2026-06-23 16:48:26 [INFO] 引擎上下文已释放
2026-06-23 16:48:26 [INFO] TensorRT 引擎已释放
2026-06-23 16:48:26 [INFO] 全局 CUDA 资源已释放
2026-06-23 16:48:26 [INFO] 检测系统资源已释放
2026-06-23 16:48:31 [INFO] CUDA 初始化成功
2026-06-23 16:48:31 [INFO] 引擎加载成功: dangerous.engine
2026-06-23 16:48:31 [INFO] 检测系统初始化成功
2026-06-23 16:48:31 [INFO] 图像预处理完成，原始尺寸: (2160, 3840)
2026-06-23 16:48:31 [INFO] 开始执行目标检测...
2026-06-23 16:48:32 [INFO] 检测完成，找到 5 个物体
2026-06-23 16:48:32 [INFO] 物体 1: GasCyl1 (置信度: 0.89)
2026-06-23 16:48:32 [INFO] 物体 2: GasCyl1 (置信度: 0.73)
2026-06-23 16:48:32 [INFO] 物体 3: FireExt1 (置信度: 0.56)
2026-06-23 16:48:32 [INFO] 物体 4: FireExt1 (置信度: 0.49)
2026-06-23 16:48:32 [INFO] 物体 5: FireExt1 (置信度: 0.42)
2026-06-23 16:48:32 [INFO] 检测到车兜区域，将过滤区域外的目标
2026-06-23 16:48:32 [INFO] 车兜区域过滤: 5 -> 3 个目标
2026-06-23 16:48:32 [INFO] 准备保存检测结果到: C:\code\show\Scrap_Steel_In_Field\photos\dangerous_det\detection_20260623_164832.jpg
2026-06-23 16:48:32 [INFO] 图像形状: (2160, 3840, 3)
2026-06-23 16:48:32 [INFO] 图像数据类型: uint8
2026-06-23 16:48:32 [INFO] 图像最大值: 255
2026-06-23 16:48:32 [INFO] 图像最小值: 0
2026-06-23 16:48:32 [INFO] 开始保存检测结果图像: 图像尺寸=(2160, 3840, 3), 类型=uint8, 路径=C:\code\show\Scrap_Steel_In_Field\photos\dangerous_det\detection_20260623_164832.jpg
2026-06-23 16:48:32 [INFO] 成功保存检测结果到: C:\code\show\Scrap_Steel_In_Field\photos\dangerous_det\detection_20260623_164832.jpg
2026-06-23 16:48:32 [INFO] 保存的检测结果文件大小: 2275963 字节
2026-06-23 16:48:32 [INFO] 引擎上下文已释放
2026-06-23 16:48:32 [INFO] TensorRT 引擎已释放
2026-06-23 16:48:32 [INFO] 全局 CUDA 资源已释放
2026-06-23 16:48:32 [INFO] 检测系统资源已释放
2026-06-23 16:48:37 [INFO] CUDA 初始化成功
2026-06-23 16:48:37 [INFO] 引擎加载成功: dangerous.engine
2026-06-23 16:48:37 [INFO] 检测系统初始化成功
2026-06-23 16:48:37 [INFO] 图像预处理完成，原始尺寸: (2160, 3840)
2026-06-23 16:48:37 [INFO] 开始执行目标检测...
2026-06-23 16:48:37 [INFO] 检测完成，找到 5 个物体
2026-06-23 16:48:37 [INFO] 物体 1: GasCyl1 (置信度: 0.89)
2026-06-23 16:48:37 [INFO] 物体 2: GasCyl1 (置信度: 0.70)
2026-06-23 16:48:37 [INFO] 物体 3: FireExt1 (置信度: 0.53)
2026-06-23 16:48:37 [INFO] 物体 4: FireExt1 (置信度: 0.50)
2026-06-23 16:48:37 [INFO] 物体 5: FireExt1 (置信度: 0.37)
2026-06-23 16:48:37 [INFO] 检测到车兜区域，将过滤区域外的目标
2026-06-23 16:48:37 [INFO] 车兜区域过滤: 5 -> 3 个目标
2026-06-23 16:48:37 [INFO] 准备保存检测结果到: C:\code\show\Scrap_Steel_In_Field\photos\dangerous_det\detection_20260623_164837.jpg
2026-06-23 16:48:37 [INFO] 图像形状: (2160, 3840, 3)
2026-06-23 16:48:37 [INFO] 图像数据类型: uint8
2026-06-23 16:48:37 [INFO] 图像最大值: 255
2026-06-23 16:48:37 [INFO] 图像最小值: 0
2026-06-23 16:48:37 [INFO] 开始保存检测结果图像: 图像尺寸=(2160, 3840, 3), 类型=uint8, 路径=C:\code\show\Scrap_Steel_In_Field\photos\dangerous_det\detection_20260623_164837.jpg
2026-06-23 16:48:37 [INFO] 成功保存检测结果到: C:\code\show\Scrap_Steel_In_Field\photos\dangerous_det\detection_20260623_164837.jpg
2026-06-23 16:48:37 [INFO] 保存的检测结果文件大小: 2277929 字节
2026-06-23 16:48:37 [INFO] 引擎上下文已释放
2026-06-23 16:48:37 [INFO] TensorRT 引擎已释放
2026-06-23 16:48:37 [INFO] 全局 CUDA 资源已释放
2026-06-23 16:48:37 [INFO] 检测系统资源已释放
2026-06-23 16:48:42 [INFO] CUDA 初始化成功
2026-06-23 16:48:42 [INFO] 引擎加载成功: dangerous.engine
2026-06-23 16:48:42 [INFO] 检测系统初始化成功
2026-06-23 16:48:42 [INFO] 图像预处理完成，原始尺寸: (2160, 3840)
2026-06-23 16:48:42 [INFO] 开始执行目标检测...
2026-06-23 16:48:42 [INFO] 检测完成，找到 5 个物体
2026-06-23 16:48:42 [INFO] 物体 1: GasCyl1 (置信度: 0.89)
2026-06-23 16:48:42 [INFO] 物体 2: GasCyl1 (置信度: 0.66)
2026-06-23 16:48:42 [INFO] 物体 3: FireExt1 (置信度: 0.55)
2026-06-23 16:48:42 [INFO] 物体 4: FireExt1 (置信度: 0.50)
2026-06-23 16:48:42 [INFO] 物体 5: FireExt1 (置信度: 0.37)
2026-06-23 16:48:42 [INFO] 检测到车兜区域，将过滤区域外的目标
2026-06-23 16:48:42 [INFO] 车兜区域过滤: 5 -> 3 个目标
2026-06-23 16:48:42 [INFO] 准备保存检测结果到: C:\code\show\Scrap_Steel_In_Field\photos\dangerous_det\detection_20260623_164842.jpg
2026-06-23 16:48:42 [INFO] 图像形状: (2160, 3840, 3)
2026-06-23 16:48:42 [INFO] 图像数据类型: uint8
2026-06-23 16:48:42 [INFO] 图像最大值: 255
2026-06-23 16:48:42 [INFO] 图像最小值: 0
2026-06-23 16:48:42 [INFO] 开始保存检测结果图像: 图像尺寸=(2160, 3840, 3), 类型=uint8, 路径=C:\code\show\Scrap_Steel_In_Field\photos\dangerous_det\detection_20260623_164842.jpg
2026-06-23 16:48:42 [INFO] 成功保存检测结果到: C:\code\show\Scrap_Steel_In_Field\photos\dangerous_det\detection_20260623_164842.jpg
2026-06-23 16:48:42 [INFO] 保存的检测结果文件大小: 2276439 字节
2026-06-23 16:48:42 [INFO] 引擎上下文已释放
2026-06-23 16:48:42 [INFO] TensorRT 引擎已释放
2026-06-23 16:48:42 [INFO] 全局 CUDA 资源已释放
2026-06-23 16:48:42 [INFO] 检测系统资源已释放
2026-06-23 16:48:47 [INFO] CUDA 初始化成功
2026-06-23 16:48:48 [INFO] 引擎加载成功: dangerous.engine
2026-06-23 16:48:48 [INFO] 检测系统初始化成功
2026-06-23 16:48:48 [INFO] 图像预处理完成，原始尺寸: (2160, 3840)
2026-06-23 16:48:48 [INFO] 开始执行目标检测...
2026-06-23 16:48:48 [INFO] 检测完成，找到 5 个物体
2026-06-23 16:48:48 [INFO] 物体 1: GasCyl1 (置信度: 0.89)
2026-06-23 16:48:48 [INFO] 物体 2: GasCyl1 (置信度: 0.62)
2026-06-23 16:48:48 [INFO] 物体 3: FireExt1 (置信度: 0.56)
2026-06-23 16:48:48 [INFO] 物体 4: FireExt1 (置信度: 0.49)
2026-06-23 16:48:48 [INFO] 物体 5: FireExt1 (置信度: 0.41)
2026-06-23 16:48:48 [INFO] 检测到车兜区域，将过滤区域外的目标
2026-06-23 16:48:48 [INFO] 车兜区域过滤: 5 -> 3 个目标
2026-06-23 16:48:48 [INFO] 准备保存检测结果到: C:\code\show\Scrap_Steel_In_Field\photos\dangerous_det\detection_20260623_164848.jpg
2026-06-23 16:48:48 [INFO] 图像形状: (2160, 3840, 3)
2026-06-23 16:48:48 [INFO] 图像数据类型: uint8
2026-06-23 16:48:48 [INFO] 图像最大值: 255
2026-06-23 16:48:48 [INFO] 图像最小值: 0
2026-06-23 16:48:48 [INFO] 开始保存检测结果图像: 图像尺寸=(2160, 3840, 3), 类型=uint8, 路径=C:\code\show\Scrap_Steel_In_Field\photos\dangerous_det\detection_20260623_164848.jpg
2026-06-23 16:48:48 [INFO] 成功保存检测结果到: C:\code\show\Scrap_Steel_In_Field\photos\dangerous_det\detection_20260623_164848.jpg
2026-06-23 16:48:48 [INFO] 保存的检测结果文件大小: 2277233 字节
2026-06-23 16:48:48 [INFO] 引擎上下文已释放
2026-06-23 16:48:48 [INFO] TensorRT 引擎已释放
2026-06-23 16:48:48 [INFO] 全局 CUDA 资源已释放
2026-06-23 16:48:48 [INFO] 检测系统资源已释放
2026-06-23 16:48:53 [INFO] CUDA 初始化成功
2026-06-23 16:48:53 [INFO] 引擎加载成功: dangerous.engine
2026-06-23 16:48:53 [INFO] 检测系统初始化成功
2026-06-23 16:48:53 [INFO] 图像预处理完成，原始尺寸: (2160, 3840)
2026-06-23 16:48:53 [INFO] 开始执行目标检测...
2026-06-23 16:48:54 [INFO] 检测完成，找到 5 个物体
2026-06-23 16:48:54 [INFO] 物体 1: GasCyl1 (置信度: 0.89)
2026-06-23 16:48:54 [INFO] 物体 2: GasCyl1 (置信度: 0.68)
2026-06-23 16:48:54 [INFO] 物体 3: FireExt1 (置信度: 0.56)
2026-06-23 16:48:54 [INFO] 物体 4: FireExt1 (置信度: 0.48)
2026-06-23 16:48:54 [INFO] 物体 5: FireExt1 (置信度: 0.44)
2026-06-23 16:48:54 [INFO] 检测到车兜区域，将过滤区域外的目标
2026-06-23 16:48:54 [INFO] 车兜区域过滤: 5 -> 3 个目标
2026-06-23 16:48:54 [INFO] 准备保存检测结果到: C:\code\show\Scrap_Steel_In_Field\photos\dangerous_det\detection_20260623_164854.jpg
2026-06-23 16:48:54 [INFO] 图像形状: (2160, 3840, 3)
2026-06-23 16:48:54 [INFO] 图像数据类型: uint8
2026-06-23 16:48:54 [INFO] 图像最大值: 255
2026-06-23 16:48:54 [INFO] 图像最小值: 0
2026-06-23 16:48:54 [INFO] 开始保存检测结果图像: 图像尺寸=(2160, 3840, 3), 类型=uint8, 路径=C:\code\show\Scrap_Steel_In_Field\photos\dangerous_det\detection_20260623_164854.jpg
2026-06-23 16:48:54 [INFO] 成功保存检测结果到: C:\code\show\Scrap_Steel_In_Field\photos\dangerous_det\detection_20260623_164854.jpg
2026-06-23 16:48:54 [INFO] 保存的检测结果文件大小: 2279113 字节
2026-06-23 16:48:54 [INFO] 引擎上下文已释放
2026-06-23 16:48:54 [INFO] TensorRT 引擎已释放
2026-06-23 16:48:54 [INFO] 全局 CUDA 资源已释放
2026-06-23 16:48:54 [INFO] 检测系统资源已释放
2026-06-23 16:48:58 [INFO] CUDA 初始化成功
2026-06-23 16:48:58 [INFO] 引擎加载成功: dangerous.engine
2026-06-23 16:48:58 [INFO] 检测系统初始化成功
2026-06-23 16:48:58 [INFO] 图像预处理完成，原始尺寸: (2160, 3840)
2026-06-23 16:48:58 [INFO] 开始执行目标检测...
2026-06-23 16:48:58 [INFO] 检测完成，找到 5 个物体
2026-06-23 16:48:58 [INFO] 物体 1: GasCyl1 (置信度: 0.89)
2026-06-23 16:48:58 [INFO] 物体 2: GasCyl1 (置信度: 0.65)
2026-06-23 16:48:58 [INFO] 物体 3: FireExt1 (置信度: 0.55)
2026-06-23 16:48:58 [INFO] 物体 4: FireExt1 (置信度: 0.47)
2026-06-23 16:48:58 [INFO] 物体 5: FireExt1 (置信度: 0.43)
2026-06-23 16:48:58 [INFO] 检测到车兜区域，将过滤区域外的目标
2026-06-23 16:48:58 [INFO] 车兜区域过滤: 5 -> 3 个目标
2026-06-23 16:48:58 [INFO] 准备保存检测结果到: C:\code\show\Scrap_Steel_In_Field\photos\dangerous_det\detection_20260623_164858.jpg
2026-06-23 16:48:58 [INFO] 图像形状: (2160, 3840, 3)
2026-06-23 16:48:58 [INFO] 图像数据类型: uint8
2026-06-23 16:48:58 [INFO] 图像最大值: 255
2026-06-23 16:48:58 [INFO] 图像最小值: 0
2026-06-23 16:48:58 [INFO] 开始保存检测结果图像: 图像尺寸=(2160, 3840, 3), 类型=uint8, 路径=C:\code\show\Scrap_Steel_In_Field\photos\dangerous_det\detection_20260623_164858.jpg
2026-06-23 16:48:58 [INFO] 成功保存检测结果到: C:\code\show\Scrap_Steel_In_Field\photos\dangerous_det\detection_20260623_164858.jpg
2026-06-23 16:48:58 [INFO] 保存的检测结果文件大小: 2276859 字节
2026-06-23 16:48:58 [INFO] 引擎上下文已释放
2026-06-23 16:48:58 [INFO] TensorRT 引擎已释放
2026-06-23 16:48:58 [INFO] 全局 CUDA 资源已释放
2026-06-23 16:48:58 [INFO] 检测系统资源已释放
2026-06-23 16:49:03 [INFO] CUDA 初始化成功
2026-06-23 16:49:04 [INFO] 引擎加载成功: dangerous.engine
2026-06-23 16:49:04 [INFO] 检测系统初始化成功
2026-06-23 16:49:04 [INFO] 图像预处理完成，原始尺寸: (2160, 3840)
2026-06-23 16:49:04 [INFO] 开始执行目标检测...
2026-06-23 16:49:04 [INFO] 检测完成，找到 5 个物体
2026-06-23 16:49:04 [INFO] 物体 1: GasCyl1 (置信度: 0.90)
2026-06-23 16:49:04 [INFO] 物体 2: GasCyl1 (置信度: 0.71)
2026-06-23 16:49:04 [INFO] 物体 3: FireExt1 (置信度: 0.55)
2026-06-23 16:49:04 [INFO] 物体 4: GasCyl1 (置信度: 0.54)
2026-06-23 16:49:04 [INFO] 物体 5: FireExt1 (置信度: 0.41)
2026-06-23 16:49:04 [INFO] 检测到车兜区域，将过滤区域外的目标
2026-06-23 16:49:04 [INFO] 车兜区域过滤: 5 -> 3 个目标
2026-06-23 16:49:04 [INFO] 准备保存检测结果到: C:\code\show\Scrap_Steel_In_Field\photos\dangerous_det\detection_20260623_164904.jpg
2026-06-23 16:49:04 [INFO] 图像形状: (2160, 3840, 3)
2026-06-23 16:49:04 [INFO] 图像数据类型: uint8
2026-06-23 16:49:04 [INFO] 图像最大值: 255
2026-06-23 16:49:04 [INFO] 图像最小值: 0
2026-06-23 16:49:04 [INFO] 开始保存检测结果图像: 图像尺寸=(2160, 3840, 3), 类型=uint8, 路径=C:\code\show\Scrap_Steel_In_Field\photos\dangerous_det\detection_20260623_164904.jpg
2026-06-23 16:49:04 [INFO] 成功保存检测结果到: C:\code\show\Scrap_Steel_In_Field\photos\dangerous_det\detection_20260623_164904.jpg
2026-06-23 16:49:04 [INFO] 保存的检测结果文件大小: 2275958 字节
2026-06-23 16:49:04 [INFO] 引擎上下文已释放
2026-06-23 16:49:04 [INFO] TensorRT 引擎已释放
2026-06-23 16:49:04 [INFO] 全局 CUDA 资源已释放
2026-06-23 16:49:04 [INFO] 检测系统资源已释放
2026-06-23 16:49:09 [INFO] CUDA 初始化成功
2026-06-23 16:49:09 [INFO] 引擎加载成功: dangerous.engine
2026-06-23 16:49:09 [INFO] 检测系统初始化成功
2026-06-23 16:49:09 [INFO] 图像预处理完成，原始尺寸: (2160, 3840)
2026-06-23 16:49:09 [INFO] 开始执行目标检测...
2026-06-23 16:49:09 [INFO] 检测完成，找到 5 个物体
2026-06-23 16:49:09 [INFO] 物体 1: GasCyl1 (置信度: 0.89)
2026-06-23 16:49:09 [INFO] 物体 2: GasCyl1 (置信度: 0.68)
2026-06-23 16:49:09 [INFO] 物体 3: FireExt1 (置信度: 0.56)
2026-06-23 16:49:09 [INFO] 物体 4: FireExt1 (置信度: 0.49)
2026-06-23 16:49:09 [INFO] 物体 5: FireExt1 (置信度: 0.38)
2026-06-23 16:49:09 [INFO] 检测到车兜区域，将过滤区域外的目标
2026-06-23 16:49:09 [INFO] 车兜区域过滤: 5 -> 3 个目标
2026-06-23 16:49:09 [INFO] 准备保存检测结果到: C:\code\show\Scrap_Steel_In_Field\photos\dangerous_det\detection_20260623_164909.jpg
2026-06-23 16:49:09 [INFO] 图像形状: (2160, 3840, 3)
2026-06-23 16:49:09 [INFO] 图像数据类型: uint8
2026-06-23 16:49:09 [INFO] 图像最大值: 255
2026-06-23 16:49:09 [INFO] 图像最小值: 0
2026-06-23 16:49:09 [INFO] 开始保存检测结果图像: 图像尺寸=(2160, 3840, 3), 类型=uint8, 路径=C:\code\show\Scrap_Steel_In_Field\photos\dangerous_det\detection_20260623_164909.jpg
2026-06-23 16:49:09 [INFO] 成功保存检测结果到: C:\code\show\Scrap_Steel_In_Field\photos\dangerous_det\detection_20260623_164909.jpg
2026-06-23 16:49:09 [INFO] 保存的检测结果文件大小: 2279149 字节
2026-06-23 16:49:09 [INFO] 引擎上下文已释放
2026-06-23 16:49:09 [INFO] TensorRT 引擎已释放
2026-06-23 16:49:09 [INFO] 全局 CUDA 资源已释放
2026-06-23 16:49:09 [INFO] 检测系统资源已释放
2026-06-23 16:49:14 [INFO] CUDA 初始化成功
2026-06-23 16:49:14 [INFO] 引擎加载成功: dangerous.engine
2026-06-23 16:49:14 [INFO] 检测系统初始化成功
2026-06-23 16:49:14 [INFO] 图像预处理完成，原始尺寸: (2160, 3840)
2026-06-23 16:49:14 [INFO] 开始执行目标检测...
2026-06-23 16:49:14 [INFO] 检测完成，找到 5 个物体
2026-06-23 16:49:14 [INFO] 物体 1: GasCyl1 (置信度: 0.89)
2026-06-23 16:49:14 [INFO] 物体 2: GasCyl1 (置信度: 0.72)
2026-06-23 16:49:14 [INFO] 物体 3: FireExt1 (置信度: 0.56)
2026-06-23 16:49:14 [INFO] 物体 4: FireExt1 (置信度: 0.49)
2026-06-23 16:49:14 [INFO] 物体 5: FireExt1 (置信度: 0.41)
2026-06-23 16:49:15 [INFO] 检测到车兜区域，将过滤区域外的目标
2026-06-23 16:49:15 [INFO] 车兜区域过滤: 5 -> 3 个目标
2026-06-23 16:49:15 [INFO] 准备保存检测结果到: C:\code\show\Scrap_Steel_In_Field\photos\dangerous_det\detection_20260623_164915.jpg
2026-06-23 16:49:15 [INFO] 图像形状: (2160, 3840, 3)
2026-06-23 16:49:15 [INFO] 图像数据类型: uint8
2026-06-23 16:49:15 [INFO] 图像最大值: 255
2026-06-23 16:49:15 [INFO] 图像最小值: 0
2026-06-23 16:49:15 [INFO] 开始保存检测结果图像: 图像尺寸=(2160, 3840, 3), 类型=uint8, 路径=C:\code\show\Scrap_Steel_In_Field\photos\dangerous_det\detection_20260623_164915.jpg
2026-06-23 16:49:15 [INFO] 成功保存检测结果到: C:\code\show\Scrap_Steel_In_Field\photos\dangerous_det\detection_20260623_164915.jpg
2026-06-23 16:49:15 [INFO] 保存的检测结果文件大小: 2277640 字节
2026-06-23 16:49:15 [INFO] 引擎上下文已释放
2026-06-23 16:49:15 [INFO] TensorRT 引擎已释放
2026-06-23 16:49:15 [INFO] 全局 CUDA 资源已释放
2026-06-23 16:49:15 [INFO] 检测系统资源已释放
2026-06-23 16:49:20 [INFO] CUDA 初始化成功
2026-06-23 16:49:20 [INFO] 引擎加载成功: dangerous.engine
2026-06-23 16:49:20 [INFO] 检测系统初始化成功
2026-06-23 16:49:20 [INFO] 图像预处理完成，原始尺寸: (2160, 3840)
2026-06-23 16:49:20 [INFO] 开始执行目标检测...
2026-06-23 16:49:20 [INFO] 检测完成，找到 5 个物体
2026-06-23 16:49:20 [INFO] 物体 1: GasCyl1 (置信度: 0.90)
2026-06-23 16:49:20 [INFO] 物体 2: GasCyl1 (置信度: 0.72)
2026-06-23 16:49:20 [INFO] 物体 3: FireExt1 (置信度: 0.54)
2026-06-23 16:49:20 [INFO] 物体 4: FireExt1 (置信度: 0.49)
2026-06-23 16:49:20 [INFO] 物体 5: FireExt1 (置信度: 0.40)
2026-06-23 16:49:20 [INFO] 检测到车兜区域，将过滤区域外的目标
2026-06-23 16:49:20 [INFO] 车兜区域过滤: 5 -> 3 个目标
2026-06-23 16:49:20 [INFO] 准备保存检测结果到: C:\code\show\Scrap_Steel_In_Field\photos\dangerous_det\detection_20260623_164920.jpg
2026-06-23 16:49:20 [INFO] 图像形状: (2160, 3840, 3)
2026-06-23 16:49:20 [INFO] 图像数据类型: uint8
2026-06-23 16:49:20 [INFO] 图像最大值: 255
2026-06-23 16:49:20 [INFO] 图像最小值: 0
2026-06-23 16:49:20 [INFO] 开始保存检测结果图像: 图像尺寸=(2160, 3840, 3), 类型=uint8, 路径=C:\code\show\Scrap_Steel_In_Field\photos\dangerous_det\detection_20260623_164920.jpg
2026-06-23 16:49:20 [INFO] 成功保存检测结果到: C:\code\show\Scrap_Steel_In_Field\photos\dangerous_det\detection_20260623_164920.jpg
2026-06-23 16:49:20 [INFO] 保存的检测结果文件大小: 2275594 字节
2026-06-23 16:49:20 [INFO] 引擎上下文已释放
2026-06-23 16:49:20 [INFO] TensorRT 引擎已释放
2026-06-23 16:49:20 [INFO] 全局 CUDA 资源已释放
2026-06-23 16:49:20 [INFO] 检测系统资源已释放
2026-06-23 16:49:25 [INFO] CUDA 初始化成功
2026-06-23 16:49:25 [INFO] 引擎加载成功: dangerous.engine
2026-06-23 16:49:25 [INFO] 检测系统初始化成功
2026-06-23 16:49:25 [INFO] 图像预处理完成，原始尺寸: (2160, 3840)
2026-06-23 16:49:25 [INFO] 开始执行目标检测...
2026-06-23 16:49:25 [INFO] 检测完成，找到 5 个物体
2026-06-23 16:49:25 [INFO] 物体 1: GasCyl1 (置信度: 0.90)
2026-06-23 16:49:25 [INFO] 物体 2: GasCyl1 (置信度: 0.71)
2026-06-23 16:49:25 [INFO] 物体 3: FireExt1 (置信度: 0.55)
2026-06-23 16:49:25 [INFO] 物体 4: FireExt1 (置信度: 0.50)
2026-06-23 16:49:25 [INFO] 物体 5: FireExt1 (置信度: 0.42)
2026-06-23 16:49:25 [INFO] 检测到车兜区域，将过滤区域外的目标
2026-06-23 16:49:25 [INFO] 车兜区域过滤: 5 -> 3 个目标
2026-06-23 16:49:25 [INFO] 准备保存检测结果到: C:\code\show\Scrap_Steel_In_Field\photos\dangerous_det\detection_20260623_164925.jpg
2026-06-23 16:49:25 [INFO] 图像形状: (2160, 3840, 3)
2026-06-23 16:49:25 [INFO] 图像数据类型: uint8
2026-06-23 16:49:25 [INFO] 图像最大值: 255
2026-06-23 16:49:25 [INFO] 图像最小值: 0
2026-06-23 16:49:25 [INFO] 开始保存检测结果图像: 图像尺寸=(2160, 3840, 3), 类型=uint8, 路径=C:\code\show\Scrap_Steel_In_Field\photos\dangerous_det\detection_20260623_164925.jpg
2026-06-23 16:49:25 [INFO] 成功保存检测结果到: C:\code\show\Scrap_Steel_In_Field\photos\dangerous_det\detection_20260623_164925.jpg
2026-06-23 16:49:25 [INFO] 保存的检测结果文件大小: 2277099 字节
2026-06-23 16:49:25 [INFO] 引擎上下文已释放
2026-06-23 16:49:25 [INFO] TensorRT 引擎已释放
2026-06-23 16:49:25 [INFO] 全局 CUDA 资源已释放
2026-06-23 16:49:25 [INFO] 检测系统资源已释放
2026-06-23 16:49:31 [INFO] CUDA 初始化成功
2026-06-23 16:49:31 [INFO] 引擎加载成功: dangerous.engine
2026-06-23 16:49:31 [INFO] 检测系统初始化成功
2026-06-23 16:49:31 [INFO] 图像预处理完成，原始尺寸: (2160, 3840)
2026-06-23 16:49:31 [INFO] 开始执行目标检测...
2026-06-23 16:49:31 [INFO] 检测完成，找到 5 个物体
2026-06-23 16:49:31 [INFO] 物体 1: GasCyl1 (置信度: 0.90)
2026-06-23 16:49:31 [INFO] 物体 2: GasCyl1 (置信度: 0.63)
2026-06-23 16:49:31 [INFO] 物体 3: FireExt1 (置信度: 0.52)
2026-06-23 16:49:31 [INFO] 物体 4: FireExt1 (置信度: 0.49)
2026-06-23 16:49:31 [INFO] 物体 5: FireExt1 (置信度: 0.42)
2026-06-23 16:49:31 [INFO] 检测到车兜区域，将过滤区域外的目标
2026-06-23 16:49:31 [INFO] 车兜区域过滤: 5 -> 3 个目标
2026-06-23 16:49:31 [INFO] 准备保存检测结果到: C:\code\show\Scrap_Steel_In_Field\photos\dangerous_det\detection_20260623_164931.jpg
2026-06-23 16:49:31 [INFO] 图像形状: (2160, 3840, 3)
2026-06-23 16:49:31 [INFO] 图像数据类型: uint8
2026-06-23 16:49:31 [INFO] 图像最大值: 255
2026-06-23 16:49:31 [INFO] 图像最小值: 0
2026-06-23 16:49:31 [INFO] 开始保存检测结果图像: 图像尺寸=(2160, 3840, 3), 类型=uint8, 路径=C:\code\show\Scrap_Steel_In_Field\photos\dangerous_det\detection_20260623_164931.jpg
2026-06-23 16:49:31 [INFO] 成功保存检测结果到: C:\code\show\Scrap_Steel_In_Field\photos\dangerous_det\detection_20260623_164931.jpg
2026-06-23 16:49:31 [INFO] 保存的检测结果文件大小: 2277321 字节
2026-06-23 16:49:31 [INFO] 引擎上下文已释放
2026-06-23 16:49:31 [INFO] TensorRT 引擎已释放
2026-06-23 16:49:31 [INFO] 全局 CUDA 资源已释放
2026-06-23 16:49:31 [INFO] 检测系统资源已释放
2026-06-23 16:49:36 [INFO] CUDA 初始化成功
2026-06-23 16:49:36 [INFO] 引擎加载成功: dangerous.engine
2026-06-23 16:49:36 [INFO] 检测系统初始化成功
2026-06-23 16:49:36 [INFO] 图像预处理完成，原始尺寸: (2160, 3840)
2026-06-23 16:49:36 [INFO] 开始执行目标检测...
2026-06-23 16:49:36 [INFO] 检测完成，找到 5 个物体
2026-06-23 16:49:36 [INFO] 物体 1: GasCyl1 (置信度: 0.90)
2026-06-23 16:49:36 [INFO] 物体 2: GasCyl1 (置信度: 0.68)
2026-06-23 16:49:36 [INFO] 物体 3: FireExt1 (置信度: 0.55)
2026-06-23 16:49:36 [INFO] 物体 4: FireExt1 (置信度: 0.51)
2026-06-23 16:49:36 [INFO] 物体 5: FireExt1 (置信度: 0.38)
2026-06-23 16:49:36 [INFO] 检测到车兜区域，将过滤区域外的目标
2026-06-23 16:49:36 [INFO] 车兜区域过滤: 5 -> 3 个目标
2026-06-23 16:49:36 [INFO] 准备保存检测结果到: C:\code\show\Scrap_Steel_In_Field\photos\dangerous_det\detection_20260623_164936.jpg
2026-06-23 16:49:36 [INFO] 图像形状: (2160, 3840, 3)
2026-06-23 16:49:36 [INFO] 图像数据类型: uint8
2026-06-23 16:49:36 [INFO] 图像最大值: 255
2026-06-23 16:49:36 [INFO] 图像最小值: 0
2026-06-23 16:49:36 [INFO] 开始保存检测结果图像: 图像尺寸=(2160, 3840, 3), 类型=uint8, 路径=C:\code\show\Scrap_Steel_In_Field\photos\dangerous_det\detection_20260623_164936.jpg
2026-06-23 16:49:36 [INFO] 成功保存检测结果到: C:\code\show\Scrap_Steel_In_Field\photos\dangerous_det\detection_20260623_164936.jpg
2026-06-23 16:49:36 [INFO] 保存的检测结果文件大小: 2279292 字节
2026-06-23 16:49:36 [INFO] 引擎上下文已释放
2026-06-23 16:49:36 [INFO] TensorRT 引擎已释放
2026-06-23 16:49:36 [INFO] 全局 CUDA 资源已释放
2026-06-23 16:49:36 [INFO] 检测系统资源已释放
2026-06-23 16:49:41 [INFO] CUDA 初始化成功
2026-06-23 16:49:41 [INFO] 引擎加载成功: dangerous.engine
2026-06-23 16:49:41 [INFO] 检测系统初始化成功
2026-06-23 16:49:41 [INFO] 图像预处理完成，原始尺寸: (2160, 3840)
2026-06-23 16:49:41 [INFO] 开始执行目标检测...
2026-06-23 16:49:41 [INFO] 检测完成，找到 5 个物体
2026-06-23 16:49:41 [INFO] 物体 1: GasCyl1 (置信度: 0.90)
2026-06-23 16:49:41 [INFO] 物体 2: GasCyl1 (置信度: 0.68)
2026-06-23 16:49:41 [INFO] 物体 3: FireExt1 (置信度: 0.56)
2026-06-23 16:49:41 [INFO] 物体 4: FireExt1 (置信度: 0.48)
2026-06-23 16:49:41 [INFO] 物体 5: FireExt1 (置信度: 0.42)
2026-06-23 16:49:42 [INFO] 检测到车兜区域，将过滤区域外的目标
2026-06-23 16:49:42 [INFO] 车兜区域过滤: 5 -> 3 个目标
2026-06-23 16:49:42 [INFO] 准备保存检测结果到: C:\code\show\Scrap_Steel_In_Field\photos\dangerous_det\detection_20260623_164942.jpg
2026-06-23 16:49:42 [INFO] 图像形状: (2160, 3840, 3)
2026-06-23 16:49:42 [INFO] 图像数据类型: uint8
2026-06-23 16:49:42 [INFO] 图像最大值: 255
2026-06-23 16:49:42 [INFO] 图像最小值: 0
2026-06-23 16:49:42 [INFO] 开始保存检测结果图像: 图像尺寸=(2160, 3840, 3), 类型=uint8, 路径=C:\code\show\Scrap_Steel_In_Field\photos\dangerous_det\detection_20260623_164942.jpg
2026-06-23 16:49:42 [INFO] 成功保存检测结果到: C:\code\show\Scrap_Steel_In_Field\photos\dangerous_det\detection_20260623_164942.jpg
2026-06-23 16:49:42 [INFO] 保存的检测结果文件大小: 2278689 字节
2026-06-23 16:49:42 [INFO] 引擎上下文已释放
2026-06-23 16:49:42 [INFO] TensorRT 引擎已释放
2026-06-23 16:49:42 [INFO] 全局 CUDA 资源已释放
2026-06-23 16:49:42 [INFO] 检测系统资源已释放
2026-06-23 16:49:47 [INFO] CUDA 初始化成功
2026-06-23 16:49:47 [INFO] 引擎加载成功: dangerous.engine
2026-06-23 16:49:47 [INFO] 检测系统初始化成功
2026-06-23 16:49:47 [INFO] 图像预处理完成，原始尺寸: (2160, 3840)
2026-06-23 16:49:47 [INFO] 开始执行目标检测...
2026-06-23 16:49:47 [INFO] 检测完成，找到 5 个物体
2026-06-23 16:49:47 [INFO] 物体 1: GasCyl1 (置信度: 0.90)
2026-06-23 16:49:47 [INFO] 物体 2: GasCyl1 (置信度: 0.70)
2026-06-23 16:49:47 [INFO] 物体 3: FireExt1 (置信度: 0.54)
2026-06-23 16:49:47 [INFO] 物体 4: FireExt1 (置信度: 0.48)
2026-06-23 16:49:47 [INFO] 物体 5: FireExt1 (置信度: 0.38)
2026-06-23 16:49:47 [INFO] 检测到车兜区域，将过滤区域外的目标
2026-06-23 16:49:47 [INFO] 车兜区域过滤: 5 -> 3 个目标
2026-06-23 16:49:47 [INFO] 准备保存检测结果到: C:\code\show\Scrap_Steel_In_Field\photos\dangerous_det\detection_20260623_164947.jpg
2026-06-23 16:49:47 [INFO] 图像形状: (2160, 3840, 3)
2026-06-23 16:49:47 [INFO] 图像数据类型: uint8
2026-06-23 16:49:47 [INFO] 图像最大值: 255
2026-06-23 16:49:47 [INFO] 图像最小值: 0
2026-06-23 16:49:47 [INFO] 开始保存检测结果图像: 图像尺寸=(2160, 3840, 3), 类型=uint8, 路径=C:\code\show\Scrap_Steel_In_Field\photos\dangerous_det\detection_20260623_164947.jpg
2026-06-23 16:49:47 [INFO] 成功保存检测结果到: C:\code\show\Scrap_Steel_In_Field\photos\dangerous_det\detection_20260623_164947.jpg
2026-06-23 16:49:47 [INFO] 保存的检测结果文件大小: 2277479 字节
2026-06-23 16:49:47 [INFO] 引擎上下文已释放
2026-06-23 16:49:47 [INFO] TensorRT 引擎已释放
2026-06-23 16:49:47 [INFO] 全局 CUDA 资源已释放
2026-06-23 16:49:47 [INFO] 检测系统资源已释放
2026-06-23 16:49:52 [INFO] CUDA 初始化成功
2026-06-23 16:49:52 [INFO] 引擎加载成功: dangerous.engine
2026-06-23 16:49:52 [INFO] 检测系统初始化成功
2026-06-23 16:49:52 [INFO] 图像预处理完成，原始尺寸: (2160, 3840)
2026-06-23 16:49:52 [INFO] 开始执行目标检测...
2026-06-23 16:49:52 [INFO] 检测完成，找到 5 个物体
2026-06-23 16:49:52 [INFO] 物体 1: GasCyl1 (置信度: 0.90)
2026-06-23 16:49:52 [INFO] 物体 2: GasCyl1 (置信度: 0.73)
2026-06-23 16:49:52 [INFO] 物体 3: FireExt1 (置信度: 0.55)
2026-06-23 16:49:52 [INFO] 物体 4: FireExt1 (置信度: 0.51)
2026-06-23 16:49:52 [INFO] 物体 5: FireExt1 (置信度: 0.35)
2026-06-23 16:49:52 [INFO] 检测到车兜区域，将过滤区域外的目标
2026-06-23 16:49:52 [INFO] 车兜区域过滤: 5 -> 3 个目标
2026-06-23 16:49:52 [INFO] 准备保存检测结果到: C:\code\show\Scrap_Steel_In_Field\photos\dangerous_det\detection_20260623_164952.jpg
2026-06-23 16:49:52 [INFO] 图像形状: (2160, 3840, 3)
2026-06-23 16:49:52 [INFO] 图像数据类型: uint8
2026-06-23 16:49:52 [INFO] 图像最大值: 255
2026-06-23 16:49:52 [INFO] 图像最小值: 0
2026-06-23 16:49:52 [INFO] 开始保存检测结果图像: 图像尺寸=(2160, 3840, 3), 类型=uint8, 路径=C:\code\show\Scrap_Steel_In_Field\photos\dangerous_det\detection_20260623_164952.jpg
2026-06-23 16:49:52 [INFO] 成功保存检测结果到: C:\code\show\Scrap_Steel_In_Field\photos\dangerous_det\detection_20260623_164952.jpg
2026-06-23 16:49:52 [INFO] 保存的检测结果文件大小: 2277691 字节
2026-06-23 16:49:52 [INFO] 引擎上下文已释放
2026-06-23 16:49:52 [INFO] TensorRT 引擎已释放
2026-06-23 16:49:52 [INFO] 全局 CUDA 资源已释放
2026-06-23 16:49:52 [INFO] 检测系统资源已释放
2026-06-23 16:49:58 [INFO] CUDA 初始化成功
2026-06-23 16:49:58 [INFO] 引擎加载成功: dangerous.engine
2026-06-23 16:49:58 [INFO] 检测系统初始化成功
2026-06-23 16:49:58 [INFO] 图像预处理完成，原始尺寸: (2160, 3840)
2026-06-23 16:49:58 [INFO] 开始执行目标检测...
2026-06-23 16:49:58 [INFO] 检测完成，找到 5 个物体
2026-06-23 16:49:58 [INFO] 物体 1: GasCyl1 (置信度: 0.89)
2026-06-23 16:49:58 [INFO] 物体 2: GasCyl1 (置信度: 0.64)
2026-06-23 16:49:58 [INFO] 物体 3: FireExt1 (置信度: 0.53)
2026-06-23 16:49:58 [INFO] 物体 4: FireExt1 (置信度: 0.49)
2026-06-23 16:49:58 [INFO] 物体 5: FireExt1 (置信度: 0.37)
2026-06-23 16:49:58 [INFO] 检测到车兜区域，将过滤区域外的目标
2026-06-23 16:49:58 [INFO] 车兜区域过滤: 5 -> 3 个目标
2026-06-23 16:49:58 [INFO] 准备保存检测结果到: C:\code\show\Scrap_Steel_In_Field\photos\dangerous_det\detection_20260623_164958.jpg
2026-06-23 16:49:58 [INFO] 图像形状: (2160, 3840, 3)
2026-06-23 16:49:58 [INFO] 图像数据类型: uint8
2026-06-23 16:49:58 [INFO] 图像最大值: 255
2026-06-23 16:49:58 [INFO] 图像最小值: 0
2026-06-23 16:49:58 [INFO] 开始保存检测结果图像: 图像尺寸=(2160, 3840, 3), 类型=uint8, 路径=C:\code\show\Scrap_Steel_In_Field\photos\dangerous_det\detection_20260623_164958.jpg
2026-06-23 16:49:58 [INFO] 成功保存检测结果到: C:\code\show\Scrap_Steel_In_Field\photos\dangerous_det\detection_20260623_164958.jpg
2026-06-23 16:49:58 [INFO] 保存的检测结果文件大小: 2278859 字节
2026-06-23 16:49:58 [INFO] 引擎上下文已释放
2026-06-23 16:49:58 [INFO] TensorRT 引擎已释放
2026-06-23 16:49:58 [INFO] 全局 CUDA 资源已释放
2026-06-23 16:49:58 [INFO] 检测系统资源已释放
2026-06-23 16:50:03 [INFO] CUDA 初始化成功
2026-06-23 16:50:03 [INFO] 引擎加载成功: dangerous.engine
2026-06-23 16:50:03 [INFO] 检测系统初始化成功
2026-06-23 16:50:03 [INFO] 图像预处理完成，原始尺寸: (2160, 3840)
2026-06-23 16:50:03 [INFO] 开始执行目标检测...
2026-06-23 16:50:03 [INFO] 检测完成，找到 5 个物体
2026-06-23 16:50:03 [INFO] 物体 1: GasCyl1 (置信度: 0.89)
2026-06-23 16:50:03 [INFO] 物体 2: GasCyl1 (置信度: 0.66)
2026-06-23 16:50:03 [INFO] 物体 3: FireExt1 (置信度: 0.56)
2026-06-23 16:50:03 [INFO] 物体 4: FireExt1 (置信度: 0.50)
2026-06-23 16:50:03 [INFO] 物体 5: FireExt1 (置信度: 0.37)
2026-06-23 16:50:03 [INFO] 检测到车兜区域，将过滤区域外的目标
2026-06-23 16:50:03 [INFO] 车兜区域过滤: 5 -> 3 个目标
2026-06-23 16:50:03 [INFO] 准备保存检测结果到: C:\code\show\Scrap_Steel_In_Field\photos\dangerous_det\detection_20260623_165003.jpg
2026-06-23 16:50:03 [INFO] 图像形状: (2160, 3840, 3)
2026-06-23 16:50:03 [INFO] 图像数据类型: uint8
2026-06-23 16:50:03 [INFO] 图像最大值: 255
2026-06-23 16:50:03 [INFO] 图像最小值: 0
2026-06-23 16:50:03 [INFO] 开始保存检测结果图像: 图像尺寸=(2160, 3840, 3), 类型=uint8, 路径=C:\code\show\Scrap_Steel_In_Field\photos\dangerous_det\detection_20260623_165003.jpg
2026-06-23 16:50:03 [INFO] 成功保存检测结果到: C:\code\show\Scrap_Steel_In_Field\photos\dangerous_det\detection_20260623_165003.jpg
2026-06-23 16:50:03 [INFO] 保存的检测结果文件大小: 2277384 字节
2026-06-23 16:50:03 [INFO] 引擎上下文已释放
2026-06-23 16:50:03 [INFO] TensorRT 引擎已释放
2026-06-23 16:50:03 [INFO] 全局 CUDA 资源已释放
2026-06-23 16:50:03 [INFO] 检测系统资源已释放
2026-06-23 16:50:08 [INFO] CUDA 初始化成功
2026-06-23 16:50:08 [INFO] 引擎加载成功: dangerous.engine
2026-06-23 16:50:08 [INFO] 检测系统初始化成功
2026-06-23 16:50:08 [INFO] 图像预处理完成，原始尺寸: (2160, 3840)
2026-06-23 16:50:08 [INFO] 开始执行目标检测...
2026-06-23 16:50:08 [INFO] 检测完成，找到 4 个物体
2026-06-23 16:50:08 [INFO] 物体 1: GasCyl1 (置信度: 0.89)
2026-06-23 16:50:08 [INFO] 物体 2: GasCyl1 (置信度: 0.68)
2026-06-23 16:50:08 [INFO] 物体 3: FireExt1 (置信度: 0.54)
2026-06-23 16:50:08 [INFO] 物体 4: FireExt1 (置信度: 0.51)
2026-06-23 16:50:09 [INFO] 检测到车兜区域，将过滤区域外的目标
2026-06-23 16:50:09 [INFO] 车兜区域过滤: 4 -> 3 个目标
2026-06-23 16:50:09 [INFO] 准备保存检测结果到: C:\code\show\Scrap_Steel_In_Field\photos\dangerous_det\detection_20260623_165009.jpg
2026-06-23 16:50:09 [INFO] 图像形状: (2160, 3840, 3)
2026-06-23 16:50:09 [INFO] 图像数据类型: uint8
2026-06-23 16:50:09 [INFO] 图像最大值: 255
2026-06-23 16:50:09 [INFO] 图像最小值: 0
2026-06-23 16:50:09 [INFO] 开始保存检测结果图像: 图像尺寸=(2160, 3840, 3), 类型=uint8, 路径=C:\code\show\Scrap_Steel_In_Field\photos\dangerous_det\detection_20260623_165009.jpg
2026-06-23 16:50:09 [INFO] 成功保存检测结果到: C:\code\show\Scrap_Steel_In_Field\photos\dangerous_det\detection_20260623_165009.jpg
2026-06-23 16:50:09 [INFO] 保存的检测结果文件大小: 2279396 字节
2026-06-23 16:50:09 [INFO] 引擎上下文已释放
2026-06-23 16:50:09 [INFO] TensorRT 引擎已释放
2026-06-23 16:50:09 [INFO] 全局 CUDA 资源已释放
2026-06-23 16:50:09 [INFO] 检测系统资源已释放
2026-06-23 16:50:14 [INFO] CUDA 初始化成功
2026-06-23 16:50:14 [INFO] 引擎加载成功: dangerous.engine
2026-06-23 16:50:14 [INFO] 检测系统初始化成功
2026-06-23 16:50:14 [INFO] 图像预处理完成，原始尺寸: (2160, 3840)
2026-06-23 16:50:14 [INFO] 开始执行目标检测...
2026-06-23 16:50:14 [INFO] 检测完成，找到 5 个物体
2026-06-23 16:50:14 [INFO] 物体 1: GasCyl1 (置信度: 0.89)
2026-06-23 16:50:14 [INFO] 物体 2: GasCyl1 (置信度: 0.70)
2026-06-23 16:50:14 [INFO] 物体 3: FireExt1 (置信度: 0.57)
2026-06-23 16:50:14 [INFO] 物体 4: FireExt1 (置信度: 0.51)
2026-06-23 16:50:14 [INFO] 物体 5: FireExt1 (置信度: 0.42)
2026-06-23 16:50:14 [INFO] 检测到车兜区域，将过滤区域外的目标
2026-06-23 16:50:14 [INFO] 车兜区域过滤: 5 -> 3 个目标
2026-06-23 16:50:14 [INFO] 准备保存检测结果到: C:\code\show\Scrap_Steel_In_Field\photos\dangerous_det\detection_20260623_165014.jpg
2026-06-23 16:50:14 [INFO] 图像形状: (2160, 3840, 3)
2026-06-23 16:50:14 [INFO] 图像数据类型: uint8
2026-06-23 16:50:14 [INFO] 图像最大值: 255
2026-06-23 16:50:14 [INFO] 图像最小值: 0
2026-06-23 16:50:14 [INFO] 开始保存检测结果图像: 图像尺寸=(2160, 3840, 3), 类型=uint8, 路径=C:\code\show\Scrap_Steel_In_Field\photos\dangerous_det\detection_20260623_165014.jpg
2026-06-23 16:50:14 [INFO] 成功保存检测结果到: C:\code\show\Scrap_Steel_In_Field\photos\dangerous_det\detection_20260623_165014.jpg
2026-06-23 16:50:14 [INFO] 保存的检测结果文件大小: 2278713 字节
2026-06-23 16:50:14 [INFO] 引擎上下文已释放
2026-06-23 16:50:14 [INFO] TensorRT 引擎已释放
2026-06-23 16:50:14 [INFO] 全局 CUDA 资源已释放
2026-06-23 16:50:14 [INFO] 检测系统资源已释放
2026-06-23 16:50:19 [INFO] CUDA 初始化成功
2026-06-23 16:50:19 [INFO] 引擎加载成功: dangerous.engine
2026-06-23 16:50:19 [INFO] 检测系统初始化成功
2026-06-23 16:50:19 [INFO] 图像预处理完成，原始尺寸: (2160, 3840)
2026-06-23 16:50:19 [INFO] 开始执行目标检测...
2026-06-23 16:50:19 [INFO] 检测完成，找到 4 个物体
2026-06-23 16:50:19 [INFO] 物体 1: GasCyl1 (置信度: 0.90)
2026-06-23 16:50:19 [INFO] 物体 2: GasCyl1 (置信度: 0.63)
2026-06-23 16:50:19 [INFO] 物体 3: FireExt1 (置信度: 0.56)
2026-06-23 16:50:19 [INFO] 物体 4: FireExt1 (置信度: 0.50)
2026-06-23 16:50:19 [INFO] 检测到车兜区域，将过滤区域外的目标
2026-06-23 16:50:19 [INFO] 车兜区域过滤: 4 -> 3 个目标
2026-06-23 16:50:19 [INFO] 准备保存检测结果到: C:\code\show\Scrap_Steel_In_Field\photos\dangerous_det\detection_20260623_165019.jpg
2026-06-23 16:50:19 [INFO] 图像形状: (2160, 3840, 3)
2026-06-23 16:50:19 [INFO] 图像数据类型: uint8
2026-06-23 16:50:19 [INFO] 图像最大值: 255
2026-06-23 16:50:19 [INFO] 图像最小值: 0
2026-06-23 16:50:19 [INFO] 开始保存检测结果图像: 图像尺寸=(2160, 3840, 3), 类型=uint8, 路径=C:\code\show\Scrap_Steel_In_Field\photos\dangerous_det\detection_20260623_165019.jpg
2026-06-23 16:50:19 [INFO] 成功保存检测结果到: C:\code\show\Scrap_Steel_In_Field\photos\dangerous_det\detection_20260623_165019.jpg
2026-06-23 16:50:19 [INFO] 保存的检测结果文件大小: 2278034 字节
2026-06-23 16:50:19 [INFO] 引擎上下文已释放
2026-06-23 16:50:19 [INFO] TensorRT 引擎已释放
2026-06-23 16:50:19 [INFO] 全局 CUDA 资源已释放
2026-06-23 16:50:19 [INFO] 检测系统资源已释放
2026-06-23 16:50:25 [INFO] CUDA 初始化成功
2026-06-23 16:50:25 [INFO] 引擎加载成功: dangerous.engine
2026-06-23 16:50:25 [INFO] 检测系统初始化成功
2026-06-23 16:50:25 [INFO] 图像预处理完成，原始尺寸: (2160, 3840)
2026-06-23 16:50:25 [INFO] 开始执行目标检测...
2026-06-23 16:50:25 [INFO] 检测完成，找到 5 个物体
2026-06-23 16:50:25 [INFO] 物体 1: GasCyl1 (置信度: 0.90)
2026-06-23 16:50:25 [INFO] 物体 2: GasCyl1 (置信度: 0.62)
2026-06-23 16:50:25 [INFO] 物体 3: FireExt1 (置信度: 0.56)
2026-06-23 16:50:25 [INFO] 物体 4: FireExt1 (置信度: 0.51)
2026-06-23 16:50:25 [INFO] 物体 5: FireExt1 (置信度: 0.41)
2026-06-23 16:50:25 [INFO] 检测到车兜区域，将过滤区域外的目标
2026-06-23 16:50:25 [INFO] 车兜区域过滤: 5 -> 3 个目标
2026-06-23 16:50:25 [INFO] 准备保存检测结果到: C:\code\show\Scrap_Steel_In_Field\photos\dangerous_det\detection_20260623_165025.jpg
2026-06-23 16:50:25 [INFO] 图像形状: (2160, 3840, 3)
2026-06-23 16:50:25 [INFO] 图像数据类型: uint8
2026-06-23 16:50:25 [INFO] 图像最大值: 255
2026-06-23 16:50:25 [INFO] 图像最小值: 0
2026-06-23 16:50:25 [INFO] 开始保存检测结果图像: 图像尺寸=(2160, 3840, 3), 类型=uint8, 路径=C:\code\show\Scrap_Steel_In_Field\photos\dangerous_det\detection_20260623_165025.jpg
2026-06-23 16:50:25 [INFO] 成功保存检测结果到: C:\code\show\Scrap_Steel_In_Field\photos\dangerous_det\detection_20260623_165025.jpg
2026-06-23 16:50:25 [INFO] 保存的检测结果文件大小: 2276732 字节
2026-06-23 16:50:25 [INFO] 引擎上下文已释放
2026-06-23 16:50:25 [INFO] TensorRT 引擎已释放
2026-06-23 16:50:25 [INFO] 全局 CUDA 资源已释放
2026-06-23 16:50:25 [INFO] 检测系统资源已释放
2026-06-23 16:50:30 [INFO] CUDA 初始化成功
2026-06-23 16:50:30 [INFO] 引擎加载成功: dangerous.engine
2026-06-23 16:50:30 [INFO] 检测系统初始化成功
2026-06-23 16:50:30 [INFO] 图像预处理完成，原始尺寸: (2160, 3840)
2026-06-23 16:50:30 [INFO] 开始执行目标检测...
2026-06-23 16:50:30 [INFO] 检测完成，找到 5 个物体
2026-06-23 16:50:30 [INFO] 物体 1: GasCyl1 (置信度: 0.89)
2026-06-23 16:50:30 [INFO] 物体 2: GasCyl1 (置信度: 0.63)
2026-06-23 16:50:30 [INFO] 物体 3: FireExt1 (置信度: 0.55)
2026-06-23 16:50:30 [INFO] 物体 4: FireExt1 (置信度: 0.49)
2026-06-23 16:50:30 [INFO] 物体 5: FireExt1 (置信度: 0.38)
2026-06-23 16:50:30 [INFO] 检测到车兜区域，将过滤区域外的目标
2026-06-23 16:50:30 [INFO] 车兜区域过滤: 5 -> 3 个目标
2026-06-23 16:50:30 [INFO] 准备保存检测结果到: C:\code\show\Scrap_Steel_In_Field\photos\dangerous_det\detection_20260623_165030.jpg
2026-06-23 16:50:30 [INFO] 图像形状: (2160, 3840, 3)
2026-06-23 16:50:30 [INFO] 图像数据类型: uint8
2026-06-23 16:50:30 [INFO] 图像最大值: 255
2026-06-23 16:50:30 [INFO] 图像最小值: 0
2026-06-23 16:50:30 [INFO] 开始保存检测结果图像: 图像尺寸=(2160, 3840, 3), 类型=uint8, 路径=C:\code\show\Scrap_Steel_In_Field\photos\dangerous_det\detection_20260623_165030.jpg
2026-06-23 16:50:30 [INFO] 成功保存检测结果到: C:\code\show\Scrap_Steel_In_Field\photos\dangerous_det\detection_20260623_165030.jpg
2026-06-23 16:50:30 [INFO] 保存的检测结果文件大小: 2280171 字节
2026-06-23 16:50:30 [INFO] 引擎上下文已释放
2026-06-23 16:50:30 [INFO] TensorRT 引擎已释放
2026-06-23 16:50:30 [INFO] 全局 CUDA 资源已释放
2026-06-23 16:50:30 [INFO] 检测系统资源已释放
2026-06-23 16:50:35 [INFO] CUDA 初始化成功
2026-06-23 16:50:35 [INFO] 引擎加载成功: dangerous.engine
2026-06-23 16:50:35 [INFO] 检测系统初始化成功
2026-06-23 16:50:35 [INFO] 图像预处理完成，原始尺寸: (2160, 3840)
2026-06-23 16:50:35 [INFO] 开始执行目标检测...
2026-06-23 16:50:35 [INFO] 检测完成，找到 5 个物体
2026-06-23 16:50:35 [INFO] 物体 1: GasCyl1 (置信度: 0.90)
2026-06-23 16:50:35 [INFO] 物体 2: GasCyl1 (置信度: 0.73)
2026-06-23 16:50:35 [INFO] 物体 3: FireExt1 (置信度: 0.54)
2026-06-23 16:50:35 [INFO] 物体 4: FireExt1 (置信度: 0.51)
2026-06-23 16:50:35 [INFO] 物体 5: FireExt1 (置信度: 0.40)
2026-06-23 16:50:36 [INFO] 检测到车兜区域，将过滤区域外的目标
2026-06-23 16:50:36 [INFO] 车兜区域过滤: 5 -> 3 个目标
2026-06-23 16:50:36 [INFO] 准备保存检测结果到: C:\code\show\Scrap_Steel_In_Field\photos\dangerous_det\detection_20260623_165036.jpg
2026-06-23 16:50:36 [INFO] 图像形状: (2160, 3840, 3)
2026-06-23 16:50:36 [INFO] 图像数据类型: uint8
2026-06-23 16:50:36 [INFO] 图像最大值: 255
2026-06-23 16:50:36 [INFO] 图像最小值: 0
2026-06-23 16:50:36 [INFO] 开始保存检测结果图像: 图像尺寸=(2160, 3840, 3), 类型=uint8, 路径=C:\code\show\Scrap_Steel_In_Field\photos\dangerous_det\detection_20260623_165036.jpg
2026-06-23 16:50:36 [INFO] 成功保存检测结果到: C:\code\show\Scrap_Steel_In_Field\photos\dangerous_det\detection_20260623_165036.jpg
2026-06-23 16:50:36 [INFO] 保存的检测结果文件大小: 2280591 字节
2026-06-23 16:50:36 [INFO] 引擎上下文已释放
2026-06-23 16:50:36 [INFO] TensorRT 引擎已释放
2026-06-23 16:50:36 [INFO] 全局 CUDA 资源已释放
2026-06-23 16:50:36 [INFO] 检测系统资源已释放
2026-06-23 16:50:41 [INFO] CUDA 初始化成功
2026-06-23 16:50:41 [INFO] 引擎加载成功: dangerous.engine
2026-06-23 16:50:41 [INFO] 检测系统初始化成功
2026-06-23 16:50:41 [INFO] 图像预处理完成，原始尺寸: (2160, 3840)
2026-06-23 16:50:41 [INFO] 开始执行目标检测...
2026-06-23 16:50:41 [INFO] 检测完成，找到 5 个物体
2026-06-23 16:50:41 [INFO] 物体 1: GasCyl1 (置信度: 0.89)
2026-06-23 16:50:41 [INFO] 物体 2: GasCyl1 (置信度: 0.68)
2026-06-23 16:50:41 [INFO] 物体 3: FireExt1 (置信度: 0.54)
2026-06-23 16:50:41 [INFO] 物体 4: FireExt1 (置信度: 0.49)
2026-06-23 16:50:41 [INFO] 物体 5: FireExt1 (置信度: 0.41)
2026-06-23 16:50:41 [INFO] 检测到车兜区域，将过滤区域外的目标
2026-06-23 16:50:41 [INFO] 车兜区域过滤: 5 -> 3 个目标
2026-06-23 16:50:41 [INFO] 准备保存检测结果到: C:\code\show\Scrap_Steel_In_Field\photos\dangerous_det\detection_20260623_165041.jpg
2026-06-23 16:50:41 [INFO] 图像形状: (2160, 3840, 3)
2026-06-23 16:50:41 [INFO] 图像数据类型: uint8
2026-06-23 16:50:41 [INFO] 图像最大值: 255
2026-06-23 16:50:41 [INFO] 图像最小值: 0
2026-06-23 16:50:41 [INFO] 开始保存检测结果图像: 图像尺寸=(2160, 3840, 3), 类型=uint8, 路径=C:\code\show\Scrap_Steel_In_Field\photos\dangerous_det\detection_20260623_165041.jpg
2026-06-23 16:50:41 [INFO] 成功保存检测结果到: C:\code\show\Scrap_Steel_In_Field\photos\dangerous_det\detection_20260623_165041.jpg
2026-06-23 16:50:41 [INFO] 保存的检测结果文件大小: 2277639 字节
2026-06-23 16:50:41 [INFO] 引擎上下文已释放
2026-06-23 16:50:41 [INFO] TensorRT 引擎已释放
2026-06-23 16:50:41 [INFO] 全局 CUDA 资源已释放
2026-06-23 16:50:41 [INFO] 检测系统资源已释放
2026-06-23 16:50:46 [INFO] CUDA 初始化成功
2026-06-23 16:50:46 [INFO] 引擎加载成功: dangerous.engine
2026-06-23 16:50:46 [INFO] 检测系统初始化成功
2026-06-23 16:50:46 [INFO] 图像预处理完成，原始尺寸: (2160, 3840)
2026-06-23 16:50:46 [INFO] 开始执行目标检测...
2026-06-23 16:50:46 [INFO] 检测完成，找到 5 个物体
2026-06-23 16:50:46 [INFO] 物体 1: GasCyl1 (置信度: 0.90)
2026-06-23 16:50:46 [INFO] 物体 2: GasCyl1 (置信度: 0.67)
2026-06-23 16:50:46 [INFO] 物体 3: FireExt1 (置信度: 0.54)
2026-06-23 16:50:46 [INFO] 物体 4: FireExt1 (置信度: 0.47)
2026-06-23 16:50:46 [INFO] 物体 5: FireExt1 (置信度: 0.44)
2026-06-23 16:50:46 [INFO] 检测到车兜区域，将过滤区域外的目标
2026-06-23 16:50:46 [INFO] 车兜区域过滤: 5 -> 3 个目标
2026-06-23 16:50:46 [INFO] 准备保存检测结果到: C:\code\show\Scrap_Steel_In_Field\photos\dangerous_det\detection_20260623_165046.jpg
2026-06-23 16:50:46 [INFO] 图像形状: (2160, 3840, 3)
2026-06-23 16:50:46 [INFO] 图像数据类型: uint8
2026-06-23 16:50:46 [INFO] 图像最大值: 255
2026-06-23 16:50:46 [INFO] 图像最小值: 0
2026-06-23 16:50:46 [INFO] 开始保存检测结果图像: 图像尺寸=(2160, 3840, 3), 类型=uint8, 路径=C:\code\show\Scrap_Steel_In_Field\photos\dangerous_det\detection_20260623_165046.jpg
2026-06-23 16:50:46 [INFO] 成功保存检测结果到: C:\code\show\Scrap_Steel_In_Field\photos\dangerous_det\detection_20260623_165046.jpg
2026-06-23 16:50:46 [INFO] 保存的检测结果文件大小: 2279446 字节
2026-06-23 16:50:46 [INFO] 引擎上下文已释放
2026-06-23 16:50:46 [INFO] TensorRT 引擎已释放
2026-06-23 16:50:46 [INFO] 全局 CUDA 资源已释放
2026-06-23 16:50:46 [INFO] 检测系统资源已释放
2026-06-23 16:50:51 [INFO] CUDA 初始化成功
2026-06-23 16:50:51 [INFO] 引擎加载成功: dangerous.engine
2026-06-23 16:50:51 [INFO] 检测系统初始化成功
2026-06-23 16:50:52 [INFO] 图像预处理完成，原始尺寸: (2160, 3840)
2026-06-23 16:50:52 [INFO] 开始执行目标检测...
2026-06-23 16:50:52 [INFO] 检测完成，找到 5 个物体
2026-06-23 16:50:52 [INFO] 物体 1: GasCyl1 (置信度: 0.90)
2026-06-23 16:50:52 [INFO] 物体 2: GasCyl1 (置信度: 0.72)
2026-06-23 16:50:52 [INFO] 物体 3: FireExt1 (置信度: 0.56)
2026-06-23 16:50:52 [INFO] 物体 4: GasCyl1 (置信度: 0.53)
2026-06-23 16:50:52 [INFO] 物体 5: FireExt1 (置信度: 0.41)
2026-06-23 16:50:52 [INFO] 检测到车兜区域，将过滤区域外的目标
2026-06-23 16:50:52 [INFO] 车兜区域过滤: 5 -> 3 个目标
2026-06-23 16:50:52 [INFO] 准备保存检测结果到: C:\code\show\Scrap_Steel_In_Field\photos\dangerous_det\detection_20260623_165052.jpg
2026-06-23 16:50:52 [INFO] 图像形状: (2160, 3840, 3)
2026-06-23 16:50:52 [INFO] 图像数据类型: uint8
2026-06-23 16:50:52 [INFO] 图像最大值: 255
2026-06-23 16:50:52 [INFO] 图像最小值: 0
2026-06-23 16:50:52 [INFO] 开始保存检测结果图像: 图像尺寸=(2160, 3840, 3), 类型=uint8, 路径=C:\code\show\Scrap_Steel_In_Field\photos\dangerous_det\detection_20260623_165052.jpg
2026-06-23 16:50:52 [INFO] 成功保存检测结果到: C:\code\show\Scrap_Steel_In_Field\photos\dangerous_det\detection_20260623_165052.jpg
2026-06-23 16:50:52 [INFO] 保存的检测结果文件大小: 2277908 字节
2026-06-23 16:50:52 [INFO] 引擎上下文已释放
2026-06-23 16:50:52 [INFO] TensorRT 引擎已释放
2026-06-23 16:50:52 [INFO] 全局 CUDA 资源已释放
2026-06-23 16:50:52 [INFO] 检测系统资源已释放
2026-06-23 16:50:57 [INFO] CUDA 初始化成功
2026-06-23 16:50:57 [INFO] 引擎加载成功: dangerous.engine
2026-06-23 16:50:57 [INFO] 检测系统初始化成功
2026-06-23 16:50:57 [INFO] 图像预处理完成，原始尺寸: (2160, 3840)
2026-06-23 16:50:57 [INFO] 开始执行目标检测...
2026-06-23 16:50:57 [INFO] 检测完成，找到 5 个物体
2026-06-23 16:50:57 [INFO] 物体 1: GasCyl1 (置信度: 0.90)
2026-06-23 16:50:57 [INFO] 物体 2: GasCyl1 (置信度: 0.69)
2026-06-23 16:50:57 [INFO] 物体 3: FireExt1 (置信度: 0.56)
2026-06-23 16:50:57 [INFO] 物体 4: FireExt1 (置信度: 0.49)
2026-06-23 16:50:57 [INFO] 物体 5: FireExt1 (置信度: 0.37)
2026-06-23 16:50:57 [INFO] 检测到车兜区域，将过滤区域外的目标
2026-06-23 16:50:57 [INFO] 车兜区域过滤: 5 -> 3 个目标
2026-06-23 16:50:57 [INFO] 准备保存检测结果到: C:\code\show\Scrap_Steel_In_Field\photos\dangerous_det\detection_20260623_165057.jpg
2026-06-23 16:50:57 [INFO] 图像形状: (2160, 3840, 3)
2026-06-23 16:50:57 [INFO] 图像数据类型: uint8
2026-06-23 16:50:57 [INFO] 图像最大值: 255
2026-06-23 16:50:57 [INFO] 图像最小值: 0
2026-06-23 16:50:57 [INFO] 开始保存检测结果图像: 图像尺寸=(2160, 3840, 3), 类型=uint8, 路径=C:\code\show\Scrap_Steel_In_Field\photos\dangerous_det\detection_20260623_165057.jpg
2026-06-23 16:50:57 [INFO] 成功保存检测结果到: C:\code\show\Scrap_Steel_In_Field\photos\dangerous_det\detection_20260623_165057.jpg
2026-06-23 16:50:57 [INFO] 保存的检测结果文件大小: 2279336 字节
2026-06-23 16:50:57 [INFO] 引擎上下文已释放
2026-06-23 16:50:57 [INFO] TensorRT 引擎已释放
2026-06-23 16:50:57 [INFO] 全局 CUDA 资源已释放
2026-06-23 16:50:57 [INFO] 检测系统资源已释放
2026-06-23 16:51:02 [INFO] CUDA 初始化成功
2026-06-23 16:51:02 [INFO] 引擎加载成功: dangerous.engine
2026-06-23 16:51:02 [INFO] 检测系统初始化成功
2026-06-23 16:51:02 [INFO] 图像预处理完成，原始尺寸: (2160, 3840)
2026-06-23 16:51:02 [INFO] 开始执行目标检测...
2026-06-23 16:51:02 [INFO] 检测完成，找到 5 个物体
2026-06-23 16:51:02 [INFO] 物体 1: GasCyl1 (置信度: 0.89)
2026-06-23 16:51:02 [INFO] 物体 2: GasCyl1 (置信度: 0.65)
2026-06-23 16:51:02 [INFO] 物体 3: FireExt1 (置信度: 0.52)
2026-06-23 16:51:02 [INFO] 物体 4: FireExt1 (置信度: 0.48)
2026-06-23 16:51:02 [INFO] 物体 5: FireExt1 (置信度: 0.42)
2026-06-23 16:51:03 [INFO] 检测到车兜区域，将过滤区域外的目标
2026-06-23 16:51:03 [INFO] 车兜区域过滤: 5 -> 3 个目标
2026-06-23 16:51:03 [INFO] 准备保存检测结果到: C:\code\show\Scrap_Steel_In_Field\photos\dangerous_det\detection_20260623_165103.jpg
2026-06-23 16:51:03 [INFO] 图像形状: (2160, 3840, 3)
2026-06-23 16:51:03 [INFO] 图像数据类型: uint8
2026-06-23 16:51:03 [INFO] 图像最大值: 255
2026-06-23 16:51:03 [INFO] 图像最小值: 0
2026-06-23 16:51:03 [INFO] 开始保存检测结果图像: 图像尺寸=(2160, 3840, 3), 类型=uint8, 路径=C:\code\show\Scrap_Steel_In_Field\photos\dangerous_det\detection_20260623_165103.jpg
2026-06-23 16:51:03 [INFO] 成功保存检测结果到: C:\code\show\Scrap_Steel_In_Field\photos\dangerous_det\detection_20260623_165103.jpg
2026-06-23 16:51:03 [INFO] 保存的检测结果文件大小: 2280224 字节
2026-06-23 16:51:03 [INFO] 引擎上下文已释放
2026-06-23 16:51:03 [INFO] TensorRT 引擎已释放
2026-06-23 16:51:03 [INFO] 全局 CUDA 资源已释放
2026-06-23 16:51:03 [INFO] 检测系统资源已释放
2026-06-23 16:51:08 [INFO] CUDA 初始化成功
2026-06-23 16:51:08 [INFO] 引擎加载成功: dangerous.engine
2026-06-23 16:51:08 [INFO] 检测系统初始化成功
2026-06-23 16:51:08 [INFO] 图像预处理完成，原始尺寸: (2160, 3840)
2026-06-23 16:51:08 [INFO] 开始执行目标检测...
2026-06-23 16:51:08 [INFO] 检测完成，找到 5 个物体
2026-06-23 16:51:08 [INFO] 物体 1: GasCyl1 (置信度: 0.91)
2026-06-23 16:51:08 [INFO] 物体 2: GasCyl1 (置信度: 0.72)
2026-06-23 16:51:08 [INFO] 物体 3: FireExt1 (置信度: 0.55)
2026-06-23 16:51:08 [INFO] 物体 4: FireExt1 (置信度: 0.48)
2026-06-23 16:51:08 [INFO] 物体 5: FireExt1 (置信度: 0.40)
2026-06-23 16:51:08 [INFO] 检测到车兜区域，将过滤区域外的目标
2026-06-23 16:51:08 [INFO] 车兜区域过滤: 5 -> 3 个目标
2026-06-23 16:51:08 [INFO] 准备保存检测结果到: C:\code\show\Scrap_Steel_In_Field\photos\dangerous_det\detection_20260623_165108.jpg
2026-06-23 16:51:08 [INFO] 图像形状: (2160, 3840, 3)
2026-06-23 16:51:08 [INFO] 图像数据类型: uint8
2026-06-23 16:51:08 [INFO] 图像最大值: 255
2026-06-23 16:51:08 [INFO] 图像最小值: 0
2026-06-23 16:51:08 [INFO] 开始保存检测结果图像: 图像尺寸=(2160, 3840, 3), 类型=uint8, 路径=C:\code\show\Scrap_Steel_In_Field\photos\dangerous_det\detection_20260623_165108.jpg
2026-06-23 16:51:08 [INFO] 成功保存检测结果到: C:\code\show\Scrap_Steel_In_Field\photos\dangerous_det\detection_20260623_165108.jpg
2026-06-23 16:51:08 [INFO] 保存的检测结果文件大小: 2277516 字节
2026-06-23 16:51:08 [INFO] 引擎上下文已释放
2026-06-23 16:51:08 [INFO] TensorRT 引擎已释放
2026-06-23 16:51:08 [INFO] 全局 CUDA 资源已释放
2026-06-23 16:51:08 [INFO] 检测系统资源已释放
2026-06-23 16:51:13 [INFO] CUDA 初始化成功
2026-06-23 16:51:13 [INFO] 引擎加载成功: dangerous.engine
2026-06-23 16:51:13 [INFO] 检测系统初始化成功
2026-06-23 16:51:13 [INFO] 图像预处理完成，原始尺寸: (2160, 3840)
2026-06-23 16:51:13 [INFO] 开始执行目标检测...
2026-06-23 16:51:13 [INFO] 检测完成，找到 5 个物体
2026-06-23 16:51:13 [INFO] 物体 1: GasCyl1 (置信度: 0.89)
2026-06-23 16:51:13 [INFO] 物体 2: GasCyl1 (置信度: 0.63)
2026-06-23 16:51:13 [INFO] 物体 3: FireExt1 (置信度: 0.57)
2026-06-23 16:51:13 [INFO] 物体 4: FireExt1 (置信度: 0.51)
2026-06-23 16:51:13 [INFO] 物体 5: FireExt1 (置信度: 0.39)
2026-06-23 16:51:13 [INFO] 检测到车兜区域，将过滤区域外的目标
2026-06-23 16:51:13 [INFO] 车兜区域过滤: 5 -> 3 个目标
2026-06-23 16:51:13 [INFO] 准备保存检测结果到: C:\code\show\Scrap_Steel_In_Field\photos\dangerous_det\detection_20260623_165113.jpg
2026-06-23 16:51:13 [INFO] 图像形状: (2160, 3840, 3)
2026-06-23 16:51:13 [INFO] 图像数据类型: uint8
2026-06-23 16:51:13 [INFO] 图像最大值: 255
2026-06-23 16:51:13 [INFO] 图像最小值: 0
2026-06-23 16:51:13 [INFO] 开始保存检测结果图像: 图像尺寸=(2160, 3840, 3), 类型=uint8, 路径=C:\code\show\Scrap_Steel_In_Field\photos\dangerous_det\detection_20260623_165113.jpg
2026-06-23 16:51:13 [INFO] 成功保存检测结果到: C:\code\show\Scrap_Steel_In_Field\photos\dangerous_det\detection_20260623_165113.jpg
2026-06-23 16:51:13 [INFO] 保存的检测结果文件大小: 2278948 字节
2026-06-23 16:51:13 [INFO] 引擎上下文已释放
2026-06-23 16:51:13 [INFO] TensorRT 引擎已释放
2026-06-23 16:51:14 [INFO] 全局 CUDA 资源已释放
2026-06-23 16:51:14 [INFO] 检测系统资源已释放
2026-06-23 16:51:19 [INFO] CUDA 初始化成功
2026-06-23 16:51:19 [INFO] 引擎加载成功: dangerous.engine
2026-06-23 16:51:19 [INFO] 检测系统初始化成功
2026-06-23 16:51:19 [INFO] 图像预处理完成，原始尺寸: (2160, 3840)
2026-06-23 16:51:19 [INFO] 开始执行目标检测...
2026-06-23 16:51:19 [INFO] 检测完成，找到 5 个物体
2026-06-23 16:51:19 [INFO] 物体 1: GasCyl1 (置信度: 0.89)
2026-06-23 16:51:19 [INFO] 物体 2: GasCyl1 (置信度: 0.57)
2026-06-23 16:51:19 [INFO] 物体 3: FireExt1 (置信度: 0.57)
2026-06-23 16:51:19 [INFO] 物体 4: FireExt1 (置信度: 0.51)
2026-06-23 16:51:19 [INFO] 物体 5: FireExt1 (置信度: 0.36)
2026-06-23 16:51:19 [INFO] 检测到车兜区域，将过滤区域外的目标
2026-06-23 16:51:19 [INFO] 车兜区域过滤: 5 -> 3 个目标
2026-06-23 16:51:19 [INFO] 准备保存检测结果到: C:\code\show\Scrap_Steel_In_Field\photos\dangerous_det\detection_20260623_165119.jpg
2026-06-23 16:51:19 [INFO] 图像形状: (2160, 3840, 3)
2026-06-23 16:51:19 [INFO] 图像数据类型: uint8
2026-06-23 16:51:19 [INFO] 图像最大值: 255
2026-06-23 16:51:19 [INFO] 图像最小值: 0
2026-06-23 16:51:19 [INFO] 开始保存检测结果图像: 图像尺寸=(2160, 3840, 3), 类型=uint8, 路径=C:\code\show\Scrap_Steel_In_Field\photos\dangerous_det\detection_20260623_165119.jpg
2026-06-23 16:51:19 [INFO] 成功保存检测结果到: C:\code\show\Scrap_Steel_In_Field\photos\dangerous_det\detection_20260623_165119.jpg
2026-06-23 16:51:19 [INFO] 保存的检测结果文件大小: 2278844 字节
2026-06-23 16:51:19 [INFO] 引擎上下文已释放
2026-06-23 16:51:19 [INFO] TensorRT 引擎已释放
2026-06-23 16:51:19 [INFO] 全局 CUDA 资源已释放
2026-06-23 16:51:19 [INFO] 检测系统资源已释放
2026-06-23 16:51:24 [INFO] CUDA 初始化成功
2026-06-23 16:51:24 [INFO] 引擎加载成功: dangerous.engine
2026-06-23 16:51:24 [INFO] 检测系统初始化成功
2026-06-23 16:51:25 [INFO] 图像预处理完成，原始尺寸: (2160, 3840)
2026-06-23 16:51:25 [INFO] 开始执行目标检测...
2026-06-23 16:51:25 [INFO] 检测完成，找到 5 个物体
2026-06-23 16:51:25 [INFO] 物体 1: GasCyl1 (置信度: 0.90)
2026-06-23 16:51:25 [INFO] 物体 2: GasCyl1 (置信度: 0.70)
2026-06-23 16:51:25 [INFO] 物体 3: FireExt1 (置信度: 0.56)
2026-06-23 16:51:25 [INFO] 物体 4: FireExt1 (置信度: 0.49)
2026-06-23 16:51:25 [INFO] 物体 5: FireExt1 (置信度: 0.39)
2026-06-23 16:51:25 [INFO] 检测到车兜区域，将过滤区域外的目标
2026-06-23 16:51:25 [INFO] 车兜区域过滤: 5 -> 3 个目标
2026-06-23 16:51:25 [INFO] 准备保存检测结果到: C:\code\show\Scrap_Steel_In_Field\photos\dangerous_det\detection_20260623_165125.jpg
2026-06-23 16:51:25 [INFO] 图像形状: (2160, 3840, 3)
2026-06-23 16:51:25 [INFO] 图像数据类型: uint8
2026-06-23 16:51:25 [INFO] 图像最大值: 255
2026-06-23 16:51:25 [INFO] 图像最小值: 0
2026-06-23 16:51:25 [INFO] 开始保存检测结果图像: 图像尺寸=(2160, 3840, 3), 类型=uint8, 路径=C:\code\show\Scrap_Steel_In_Field\photos\dangerous_det\detection_20260623_165125.jpg
2026-06-23 16:51:25 [INFO] 成功保存检测结果到: C:\code\show\Scrap_Steel_In_Field\photos\dangerous_det\detection_20260623_165125.jpg
2026-06-23 16:51:25 [INFO] 保存的检测结果文件大小: 2277737 字节
2026-06-23 16:51:25 [INFO] 引擎上下文已释放
2026-06-23 16:51:25 [INFO] TensorRT 引擎已释放
2026-06-23 16:51:25 [INFO] 全局 CUDA 资源已释放
2026-06-23 16:51:25 [INFO] 检测系统资源已释放
2026-06-23 16:51:30 [INFO] CUDA 初始化成功
2026-06-23 16:51:30 [INFO] 引擎加载成功: dangerous.engine
2026-06-23 16:51:30 [INFO] 检测系统初始化成功
2026-06-23 16:51:30 [INFO] 图像预处理完成，原始尺寸: (2160, 3840)
2026-06-23 16:51:30 [INFO] 开始执行目标检测...
2026-06-23 16:51:30 [INFO] 检测完成，找到 5 个物体
2026-06-23 16:51:30 [INFO] 物体 1: GasCyl1 (置信度: 0.90)
2026-06-23 16:51:30 [INFO] 物体 2: GasCyl1 (置信度: 0.68)
2026-06-23 16:51:30 [INFO] 物体 3: FireExt1 (置信度: 0.56)
2026-06-23 16:51:30 [INFO] 物体 4: FireExt1 (置信度: 0.47)
2026-06-23 16:51:30 [INFO] 物体 5: FireExt1 (置信度: 0.37)
2026-06-23 16:51:30 [INFO] 检测到车兜区域，将过滤区域外的目标
2026-06-23 16:51:30 [INFO] 车兜区域过滤: 5 -> 3 个目标
2026-06-23 16:51:30 [INFO] 准备保存检测结果到: C:\code\show\Scrap_Steel_In_Field\photos\dangerous_det\detection_20260623_165130.jpg
2026-06-23 16:51:30 [INFO] 图像形状: (2160, 3840, 3)
2026-06-23 16:51:30 [INFO] 图像数据类型: uint8
2026-06-23 16:51:30 [INFO] 图像最大值: 255
2026-06-23 16:51:30 [INFO] 图像最小值: 0
2026-06-23 16:51:30 [INFO] 开始保存检测结果图像: 图像尺寸=(2160, 3840, 3), 类型=uint8, 路径=C:\code\show\Scrap_Steel_In_Field\photos\dangerous_det\detection_20260623_165130.jpg
2026-06-23 16:51:30 [INFO] 成功保存检测结果到: C:\code\show\Scrap_Steel_In_Field\photos\dangerous_det\detection_20260623_165130.jpg
2026-06-23 16:51:30 [INFO] 保存的检测结果文件大小: 2280037 字节
2026-06-23 16:51:30 [INFO] 引擎上下文已释放
2026-06-23 16:51:30 [INFO] TensorRT 引擎已释放
2026-06-23 16:51:30 [INFO] 全局 CUDA 资源已释放
2026-06-23 16:51:30 [INFO] 检测系统资源已释放
2026-06-23 16:51:35 [INFO] CUDA 初始化成功
2026-06-23 16:51:35 [INFO] 引擎加载成功: dangerous.engine
2026-06-23 16:51:35 [INFO] 检测系统初始化成功
2026-06-23 16:51:35 [INFO] 图像预处理完成，原始尺寸: (2160, 3840)
2026-06-23 16:51:35 [INFO] 开始执行目标检测...
2026-06-23 16:51:35 [INFO] 检测完成，找到 5 个物体
2026-06-23 16:51:35 [INFO] 物体 1: GasCyl1 (置信度: 0.89)
2026-06-23 16:51:35 [INFO] 物体 2: GasCyl1 (置信度: 0.69)
2026-06-23 16:51:35 [INFO] 物体 3: FireExt1 (置信度: 0.54)
2026-06-23 16:51:35 [INFO] 物体 4: FireExt1 (置信度: 0.50)
2026-06-23 16:51:35 [INFO] 物体 5: FireExt1 (置信度: 0.41)
2026-06-23 16:51:35 [INFO] 检测到车兜区域，将过滤区域外的目标
2026-06-23 16:51:35 [INFO] 车兜区域过滤: 5 -> 3 个目标
2026-06-23 16:51:35 [INFO] 准备保存检测结果到: C:\code\show\Scrap_Steel_In_Field\photos\dangerous_det\detection_20260623_165135.jpg
2026-06-23 16:51:35 [INFO] 图像形状: (2160, 3840, 3)
2026-06-23 16:51:35 [INFO] 图像数据类型: uint8
2026-06-23 16:51:35 [INFO] 图像最大值: 255
2026-06-23 16:51:35 [INFO] 图像最小值: 0
2026-06-23 16:51:35 [INFO] 开始保存检测结果图像: 图像尺寸=(2160, 3840, 3), 类型=uint8, 路径=C:\code\show\Scrap_Steel_In_Field\photos\dangerous_det\detection_20260623_165135.jpg
2026-06-23 16:51:35 [INFO] 成功保存检测结果到: C:\code\show\Scrap_Steel_In_Field\photos\dangerous_det\detection_20260623_165135.jpg
2026-06-23 16:51:35 [INFO] 保存的检测结果文件大小: 2279209 字节
2026-06-23 16:51:35 [INFO] 引擎上下文已释放
2026-06-23 16:51:35 [INFO] TensorRT 引擎已释放
2026-06-23 16:51:35 [INFO] 全局 CUDA 资源已释放
2026-06-23 16:51:35 [INFO] 检测系统资源已释放
2026-06-23 16:51:40 [INFO] CUDA 初始化成功
2026-06-23 16:51:40 [INFO] 引擎加载成功: dangerous.engine
2026-06-23 16:51:40 [INFO] 检测系统初始化成功
2026-06-23 16:51:40 [INFO] 图像预处理完成，原始尺寸: (2160, 3840)
2026-06-23 16:51:40 [INFO] 开始执行目标检测...
2026-06-23 16:51:40 [INFO] 检测完成，找到 5 个物体
2026-06-23 16:51:40 [INFO] 物体 1: GasCyl1 (置信度: 0.90)
2026-06-23 16:51:40 [INFO] 物体 2: GasCyl1 (置信度: 0.70)
2026-06-23 16:51:40 [INFO] 物体 3: FireExt1 (置信度: 0.54)
2026-06-23 16:51:40 [INFO] 物体 4: FireExt1 (置信度: 0.50)
2026-06-23 16:51:40 [INFO] 物体 5: FireExt1 (置信度: 0.40)
2026-06-23 16:51:41 [INFO] 检测到车兜区域，将过滤区域外的目标
2026-06-23 16:51:41 [INFO] 车兜区域过滤: 5 -> 3 个目标
2026-06-23 16:51:41 [INFO] 准备保存检测结果到: C:\code\show\Scrap_Steel_In_Field\photos\dangerous_det\detection_20260623_165141.jpg
2026-06-23 16:51:41 [INFO] 图像形状: (2160, 3840, 3)
2026-06-23 16:51:41 [INFO] 图像数据类型: uint8
2026-06-23 16:51:41 [INFO] 图像最大值: 255
2026-06-23 16:51:41 [INFO] 图像最小值: 0
2026-06-23 16:51:41 [INFO] 开始保存检测结果图像: 图像尺寸=(2160, 3840, 3), 类型=uint8, 路径=C:\code\show\Scrap_Steel_In_Field\photos\dangerous_det\detection_20260623_165141.jpg
2026-06-23 16:51:41 [INFO] 成功保存检测结果到: C:\code\show\Scrap_Steel_In_Field\photos\dangerous_det\detection_20260623_165141.jpg
2026-06-23 16:51:41 [INFO] 保存的检测结果文件大小: 2278798 字节
2026-06-23 16:51:41 [INFO] 引擎上下文已释放
2026-06-23 16:51:41 [INFO] TensorRT 引擎已释放
2026-06-23 16:51:41 [INFO] 全局 CUDA 资源已释放
2026-06-23 16:51:41 [INFO] 检测系统资源已释放
2026-06-23 16:51:46 [INFO] CUDA 初始化成功
2026-06-23 16:51:46 [INFO] 引擎加载成功: dangerous.engine
2026-06-23 16:51:46 [INFO] 检测系统初始化成功
2026-06-23 16:51:46 [INFO] 图像预处理完成，原始尺寸: (2160, 3840)
2026-06-23 16:51:46 [INFO] 开始执行目标检测...
2026-06-23 16:51:46 [INFO] 检测完成，找到 5 个物体
2026-06-23 16:51:46 [INFO] 物体 1: GasCyl1 (置信度: 0.90)
2026-06-23 16:51:46 [INFO] 物体 2: GasCyl1 (置信度: 0.61)
2026-06-23 16:51:46 [INFO] 物体 3: FireExt1 (置信度: 0.54)
2026-06-23 16:51:46 [INFO] 物体 4: FireExt1 (置信度: 0.48)
2026-06-23 16:51:46 [INFO] 物体 5: FireExt1 (置信度: 0.38)
2026-06-23 16:51:46 [INFO] 检测到车兜区域，将过滤区域外的目标
2026-06-23 16:51:46 [INFO] 车兜区域过滤: 5 -> 3 个目标
2026-06-23 16:51:46 [INFO] 准备保存检测结果到: C:\code\show\Scrap_Steel_In_Field\photos\dangerous_det\detection_20260623_165146.jpg
2026-06-23 16:51:46 [INFO] 图像形状: (2160, 3840, 3)
2026-06-23 16:51:46 [INFO] 图像数据类型: uint8
2026-06-23 16:51:46 [INFO] 图像最大值: 255
2026-06-23 16:51:46 [INFO] 图像最小值: 0
2026-06-23 16:51:46 [INFO] 开始保存检测结果图像: 图像尺寸=(2160, 3840, 3), 类型=uint8, 路径=C:\code\show\Scrap_Steel_In_Field\photos\dangerous_det\detection_20260623_165146.jpg
2026-06-23 16:51:46 [INFO] 成功保存检测结果到: C:\code\show\Scrap_Steel_In_Field\photos\dangerous_det\detection_20260623_165146.jpg
2026-06-23 16:51:46 [INFO] 保存的检测结果文件大小: 2278363 字节
2026-06-23 16:51:46 [INFO] 引擎上下文已释放
2026-06-23 16:51:46 [INFO] TensorRT 引擎已释放
2026-06-23 16:51:46 [INFO] 全局 CUDA 资源已释放
2026-06-23 16:51:46 [INFO] 检测系统资源已释放
2026-06-23 16:51:51 [INFO] CUDA 初始化成功
2026-06-23 16:51:51 [INFO] 引擎加载成功: dangerous.engine
2026-06-23 16:51:51 [INFO] 检测系统初始化成功
2026-06-23 16:51:51 [INFO] 图像预处理完成，原始尺寸: (2160, 3840)
2026-06-23 16:51:51 [INFO] 开始执行目标检测...
2026-06-23 16:51:51 [INFO] 检测完成，找到 5 个物体
2026-06-23 16:51:51 [INFO] 物体 1: GasCyl1 (置信度: 0.90)
2026-06-23 16:51:51 [INFO] 物体 2: GasCyl1 (置信度: 0.75)
2026-06-23 16:51:51 [INFO] 物体 3: FireExt1 (置信度: 0.55)
2026-06-23 16:51:51 [INFO] 物体 4: FireExt1 (置信度: 0.48)
2026-06-23 16:51:51 [INFO] 物体 5: FireExt1 (置信度: 0.38)
2026-06-23 16:51:51 [INFO] 检测到车兜区域，将过滤区域外的目标
2026-06-23 16:51:51 [INFO] 车兜区域过滤: 5 -> 3 个目标
2026-06-23 16:51:51 [INFO] 准备保存检测结果到: C:\code\show\Scrap_Steel_In_Field\photos\dangerous_det\detection_20260623_165151.jpg
2026-06-23 16:51:51 [INFO] 图像形状: (2160, 3840, 3)
2026-06-23 16:51:51 [INFO] 图像数据类型: uint8
2026-06-23 16:51:51 [INFO] 图像最大值: 255
2026-06-23 16:51:51 [INFO] 图像最小值: 0
2026-06-23 16:51:51 [INFO] 开始保存检测结果图像: 图像尺寸=(2160, 3840, 3), 类型=uint8, 路径=C:\code\show\Scrap_Steel_In_Field\photos\dangerous_det\detection_20260623_165151.jpg
2026-06-23 16:51:51 [INFO] 成功保存检测结果到: C:\code\show\Scrap_Steel_In_Field\photos\dangerous_det\detection_20260623_165151.jpg
2026-06-23 16:51:51 [INFO] 保存的检测结果文件大小: 2279566 字节
2026-06-23 16:51:51 [INFO] 引擎上下文已释放
2026-06-23 16:51:51 [INFO] TensorRT 引擎已释放
2026-06-23 16:51:51 [INFO] 全局 CUDA 资源已释放
2026-06-23 16:51:51 [INFO] 检测系统资源已释放
2026-06-23 16:51:56 [INFO] CUDA 初始化成功
2026-06-23 16:51:56 [INFO] 引擎加载成功: dangerous.engine
2026-06-23 16:51:56 [INFO] 检测系统初始化成功
2026-06-23 16:51:56 [INFO] 图像预处理完成，原始尺寸: (2160, 3840)
2026-06-23 16:51:56 [INFO] 开始执行目标检测...
2026-06-23 16:51:56 [INFO] 检测完成，找到 5 个物体
2026-06-23 16:51:56 [INFO] 物体 1: GasCyl1 (置信度: 0.89)
2026-06-23 16:51:56 [INFO] 物体 2: GasCyl1 (置信度: 0.73)
2026-06-23 16:51:56 [INFO] 物体 3: FireExt1 (置信度: 0.55)
2026-06-23 16:51:56 [INFO] 物体 4: GasCyl1 (置信度: 0.48)
2026-06-23 16:51:56 [INFO] 物体 5: FireExt1 (置信度: 0.40)
2026-06-23 16:51:57 [INFO] 检测到车兜区域，将过滤区域外的目标
2026-06-23 16:51:57 [INFO] 车兜区域过滤: 5 -> 3 个目标
2026-06-23 16:51:57 [INFO] 准备保存检测结果到: C:\code\show\Scrap_Steel_In_Field\photos\dangerous_det\detection_20260623_165157.jpg
2026-06-23 16:51:57 [INFO] 图像形状: (2160, 3840, 3)
2026-06-23 16:51:57 [INFO] 图像数据类型: uint8
2026-06-23 16:51:57 [INFO] 图像最大值: 255
2026-06-23 16:51:57 [INFO] 图像最小值: 0
2026-06-23 16:51:57 [INFO] 开始保存检测结果图像: 图像尺寸=(2160, 3840, 3), 类型=uint8, 路径=C:\code\show\Scrap_Steel_In_Field\photos\dangerous_det\detection_20260623_165157.jpg
2026-06-23 16:51:57 [INFO] 成功保存检测结果到: C:\code\show\Scrap_Steel_In_Field\photos\dangerous_det\detection_20260623_165157.jpg
2026-06-23 16:51:57 [INFO] 保存的检测结果文件大小: 2276874 字节
2026-06-23 16:51:57 [INFO] 引擎上下文已释放
2026-06-23 16:51:57 [INFO] TensorRT 引擎已释放
2026-06-23 16:51:57 [INFO] 全局 CUDA 资源已释放
2026-06-23 16:51:57 [INFO] 检测系统资源已释放
2026-06-23 16:52:02 [INFO] CUDA 初始化成功
2026-06-23 16:52:02 [INFO] 引擎加载成功: dangerous.engine
2026-06-23 16:52:02 [INFO] 检测系统初始化成功
2026-06-23 16:52:02 [INFO] 图像预处理完成，原始尺寸: (2160, 3840)
2026-06-23 16:52:02 [INFO] 开始执行目标检测...
2026-06-23 16:52:02 [INFO] 检测完成，找到 5 个物体
2026-06-23 16:52:02 [INFO] 物体 1: GasCyl1 (置信度: 0.90)
2026-06-23 16:52:02 [INFO] 物体 2: GasCyl1 (置信度: 0.65)
2026-06-23 16:52:02 [INFO] 物体 3: FireExt1 (置信度: 0.53)
2026-06-23 16:52:02 [INFO] 物体 4: FireExt1 (置信度: 0.49)
2026-06-23 16:52:02 [INFO] 物体 5: FireExt1 (置信度: 0.41)
2026-06-23 16:52:02 [INFO] 检测到车兜区域，将过滤区域外的目标
2026-06-23 16:52:02 [INFO] 车兜区域过滤: 5 -> 3 个目标
2026-06-23 16:52:02 [INFO] 准备保存检测结果到: C:\code\show\Scrap_Steel_In_Field\photos\dangerous_det\detection_20260623_165202.jpg
2026-06-23 16:52:02 [INFO] 图像形状: (2160, 3840, 3)
2026-06-23 16:52:02 [INFO] 图像数据类型: uint8
2026-06-23 16:52:02 [INFO] 图像最大值: 255
2026-06-23 16:52:02 [INFO] 图像最小值: 0
2026-06-23 16:52:02 [INFO] 开始保存检测结果图像: 图像尺寸=(2160, 3840, 3), 类型=uint8, 路径=C:\code\show\Scrap_Steel_In_Field\photos\dangerous_det\detection_20260623_165202.jpg
2026-06-23 16:52:02 [INFO] 成功保存检测结果到: C:\code\show\Scrap_Steel_In_Field\photos\dangerous_det\detection_20260623_165202.jpg
2026-06-23 16:52:02 [INFO] 保存的检测结果文件大小: 2279030 字节
2026-06-23 16:52:02 [INFO] 引擎上下文已释放
2026-06-23 16:52:02 [INFO] TensorRT 引擎已释放
2026-06-23 16:52:02 [INFO] 全局 CUDA 资源已释放
2026-06-23 16:52:02 [INFO] 检测系统资源已释放
2026-06-23 16:52:07 [INFO] CUDA 初始化成功
2026-06-23 16:52:07 [INFO] 引擎加载成功: dangerous.engine
2026-06-23 16:52:07 [INFO] 检测系统初始化成功
2026-06-23 16:52:07 [INFO] 图像预处理完成，原始尺寸: (2160, 3840)
2026-06-23 16:52:07 [INFO] 开始执行目标检测...
2026-06-23 16:52:07 [INFO] 检测完成，找到 5 个物体
2026-06-23 16:52:07 [INFO] 物体 1: GasCyl1 (置信度: 0.90)
2026-06-23 16:52:07 [INFO] 物体 2: GasCyl1 (置信度: 0.69)
2026-06-23 16:52:07 [INFO] 物体 3: FireExt1 (置信度: 0.56)
2026-06-23 16:52:07 [INFO] 物体 4: FireExt1 (置信度: 0.50)
2026-06-23 16:52:07 [INFO] 物体 5: FireExt1 (置信度: 0.43)
2026-06-23 16:52:07 [INFO] 检测到车兜区域，将过滤区域外的目标
2026-06-23 16:52:07 [INFO] 车兜区域过滤: 5 -> 3 个目标
2026-06-23 16:52:07 [INFO] 准备保存检测结果到: C:\code\show\Scrap_Steel_In_Field\photos\dangerous_det\detection_20260623_165207.jpg
2026-06-23 16:52:07 [INFO] 图像形状: (2160, 3840, 3)
2026-06-23 16:52:07 [INFO] 图像数据类型: uint8
2026-06-23 16:52:07 [INFO] 图像最大值: 255
2026-06-23 16:52:07 [INFO] 图像最小值: 0
2026-06-23 16:52:07 [INFO] 开始保存检测结果图像: 图像尺寸=(2160, 3840, 3), 类型=uint8, 路径=C:\code\show\Scrap_Steel_In_Field\photos\dangerous_det\detection_20260623_165207.jpg
2026-06-23 16:52:07 [INFO] 成功保存检测结果到: C:\code\show\Scrap_Steel_In_Field\photos\dangerous_det\detection_20260623_165207.jpg
2026-06-23 16:52:07 [INFO] 保存的检测结果文件大小: 2278232 字节
2026-06-23 16:52:07 [INFO] 引擎上下文已释放
2026-06-23 16:52:07 [INFO] TensorRT 引擎已释放
2026-06-23 16:52:07 [INFO] 全局 CUDA 资源已释放
2026-06-23 16:52:07 [INFO] 检测系统资源已释放
2026-06-23 16:52:13 [INFO] CUDA 初始化成功
2026-06-23 16:52:13 [INFO] 引擎加载成功: dangerous.engine
2026-06-23 16:52:13 [INFO] 检测系统初始化成功
2026-06-23 16:52:13 [INFO] 图像预处理完成，原始尺寸: (2160, 3840)
2026-06-23 16:52:13 [INFO] 开始执行目标检测...
2026-06-23 16:52:13 [INFO] 检测完成，找到 5 个物体
2026-06-23 16:52:13 [INFO] 物体 1: GasCyl1 (置信度: 0.89)
2026-06-23 16:52:13 [INFO] 物体 2: GasCyl1 (置信度: 0.71)
2026-06-23 16:52:13 [INFO] 物体 3: FireExt1 (置信度: 0.56)
2026-06-23 16:52:13 [INFO] 物体 4: GasCyl1 (置信度: 0.55)
2026-06-23 16:52:13 [INFO] 物体 5: FireExt1 (置信度: 0.41)
2026-06-23 16:52:13 [INFO] 检测到车兜区域，将过滤区域外的目标
2026-06-23 16:52:13 [INFO] 车兜区域过滤: 5 -> 3 个目标
2026-06-23 16:52:13 [INFO] 准备保存检测结果到: C:\code\show\Scrap_Steel_In_Field\photos\dangerous_det\detection_20260623_165213.jpg
2026-06-23 16:52:13 [INFO] 图像形状: (2160, 3840, 3)
2026-06-23 16:52:13 [INFO] 图像数据类型: uint8
2026-06-23 16:52:13 [INFO] 图像最大值: 255
2026-06-23 16:52:13 [INFO] 图像最小值: 0
2026-06-23 16:52:13 [INFO] 开始保存检测结果图像: 图像尺寸=(2160, 3840, 3), 类型=uint8, 路径=C:\code\show\Scrap_Steel_In_Field\photos\dangerous_det\detection_20260623_165213.jpg
2026-06-23 16:52:13 [INFO] 成功保存检测结果到: C:\code\show\Scrap_Steel_In_Field\photos\dangerous_det\detection_20260623_165213.jpg
2026-06-23 16:52:13 [INFO] 保存的检测结果文件大小: 2278081 字节
2026-06-23 16:52:13 [INFO] 引擎上下文已释放
2026-06-23 16:52:13 [INFO] TensorRT 引擎已释放
2026-06-23 16:52:13 [INFO] 全局 CUDA 资源已释放
2026-06-23 16:52:13 [INFO] 检测系统资源已释放
2026-06-23 16:52:18 [INFO] CUDA 初始化成功
2026-06-23 16:52:18 [INFO] 引擎加载成功: dangerous.engine
2026-06-23 16:52:18 [INFO] 检测系统初始化成功
2026-06-23 16:52:18 [INFO] 图像预处理完成，原始尺寸: (2160, 3840)
2026-06-23 16:52:18 [INFO] 开始执行目标检测...
2026-06-23 16:52:18 [INFO] 检测完成，找到 5 个物体
2026-06-23 16:52:18 [INFO] 物体 1: GasCyl1 (置信度: 0.89)
2026-06-23 16:52:18 [INFO] 物体 2: GasCyl1 (置信度: 0.76)
2026-06-23 16:52:18 [INFO] 物体 3: FireExt1 (置信度: 0.54)
2026-06-23 16:52:18 [INFO] 物体 4: FireExt1 (置信度: 0.48)
2026-06-23 16:52:18 [INFO] 物体 5: FireExt1 (置信度: 0.40)
2026-06-23 16:52:18 [INFO] 检测到车兜区域，将过滤区域外的目标
2026-06-23 16:52:18 [INFO] 车兜区域过滤: 5 -> 3 个目标
2026-06-23 16:52:18 [INFO] 准备保存检测结果到: C:\code\show\Scrap_Steel_In_Field\photos\dangerous_det\detection_20260623_165218.jpg
2026-06-23 16:52:18 [INFO] 图像形状: (2160, 3840, 3)
2026-06-23 16:52:18 [INFO] 图像数据类型: uint8
2026-06-23 16:52:18 [INFO] 图像最大值: 255
2026-06-23 16:52:18 [INFO] 图像最小值: 0
2026-06-23 16:52:18 [INFO] 开始保存检测结果图像: 图像尺寸=(2160, 3840, 3), 类型=uint8, 路径=C:\code\show\Scrap_Steel_In_Field\photos\dangerous_det\detection_20260623_165218.jpg
2026-06-23 16:52:18 [INFO] 成功保存检测结果到: C:\code\show\Scrap_Steel_In_Field\photos\dangerous_det\detection_20260623_165218.jpg
2026-06-23 16:52:18 [INFO] 保存的检测结果文件大小: 2282064 字节
2026-06-23 16:52:18 [INFO] 引擎上下文已释放
2026-06-23 16:52:18 [INFO] TensorRT 引擎已释放
2026-06-23 16:52:18 [INFO] 全局 CUDA 资源已释放
2026-06-23 16:52:18 [INFO] 检测系统资源已释放
2026-06-23 16:52:24 [INFO] CUDA 初始化成功
2026-06-23 16:52:24 [INFO] 引擎加载成功: dangerous.engine
2026-06-23 16:52:24 [INFO] 检测系统初始化成功
2026-06-23 16:52:24 [INFO] 图像预处理完成，原始尺寸: (2160, 3840)
2026-06-23 16:52:24 [INFO] 开始执行目标检测...
2026-06-23 16:52:24 [INFO] 检测完成，找到 5 个物体
2026-06-23 16:52:24 [INFO] 物体 1: GasCyl1 (置信度: 0.90)
2026-06-23 16:52:24 [INFO] 物体 2: GasCyl1 (置信度: 0.72)
2026-06-23 16:52:24 [INFO] 物体 3: FireExt1 (置信度: 0.56)
2026-06-23 16:52:24 [INFO] 物体 4: FireExt1 (置信度: 0.47)
2026-06-23 16:52:24 [INFO] 物体 5: FireExt1 (置信度: 0.40)
2026-06-23 16:52:24 [INFO] 检测到车兜区域，将过滤区域外的目标
2026-06-23 16:52:24 [INFO] 车兜区域过滤: 5 -> 3 个目标
2026-06-23 16:52:24 [INFO] 准备保存检测结果到: C:\code\show\Scrap_Steel_In_Field\photos\dangerous_det\detection_20260623_165224.jpg
2026-06-23 16:52:24 [INFO] 图像形状: (2160, 3840, 3)
2026-06-23 16:52:24 [INFO] 图像数据类型: uint8
2026-06-23 16:52:24 [INFO] 图像最大值: 255
2026-06-23 16:52:24 [INFO] 图像最小值: 0
2026-06-23 16:52:24 [INFO] 开始保存检测结果图像: 图像尺寸=(2160, 3840, 3), 类型=uint8, 路径=C:\code\show\Scrap_Steel_In_Field\photos\dangerous_det\detection_20260623_165224.jpg
2026-06-23 16:52:24 [INFO] 成功保存检测结果到: C:\code\show\Scrap_Steel_In_Field\photos\dangerous_det\detection_20260623_165224.jpg
2026-06-23 16:52:24 [INFO] 保存的检测结果文件大小: 2277666 字节
2026-06-23 16:52:24 [INFO] 引擎上下文已释放
2026-06-23 16:52:24 [INFO] TensorRT 引擎已释放
2026-06-23 16:52:24 [INFO] 全局 CUDA 资源已释放
2026-06-23 16:52:24 [INFO] 检测系统资源已释放
2026-06-23 16:52:29 [INFO] CUDA 初始化成功
2026-06-23 16:52:29 [INFO] 引擎加载成功: dangerous.engine
2026-06-23 16:52:29 [INFO] 检测系统初始化成功
2026-06-23 16:52:29 [INFO] 图像预处理完成，原始尺寸: (2160, 3840)
2026-06-23 16:52:29 [INFO] 开始执行目标检测...
2026-06-23 16:52:29 [INFO] 检测完成，找到 5 个物体
2026-06-23 16:52:29 [INFO] 物体 1: GasCyl1 (置信度: 0.90)
2026-06-23 16:52:29 [INFO] 物体 2: GasCyl1 (置信度: 0.70)
2026-06-23 16:52:29 [INFO] 物体 3: FireExt1 (置信度: 0.55)
2026-06-23 16:52:29 [INFO] 物体 4: FireExt1 (置信度: 0.48)
2026-06-23 16:52:29 [INFO] 物体 5: FireExt1 (置信度: 0.38)
2026-06-23 16:52:29 [INFO] 检测到车兜区域，将过滤区域外的目标
2026-06-23 16:52:29 [INFO] 车兜区域过滤: 5 -> 3 个目标
2026-06-23 16:52:29 [INFO] 准备保存检测结果到: C:\code\show\Scrap_Steel_In_Field\photos\dangerous_det\detection_20260623_165229.jpg
2026-06-23 16:52:29 [INFO] 图像形状: (2160, 3840, 3)
2026-06-23 16:52:29 [INFO] 图像数据类型: uint8
2026-06-23 16:52:29 [INFO] 图像最大值: 255
2026-06-23 16:52:29 [INFO] 图像最小值: 0
2026-06-23 16:52:29 [INFO] 开始保存检测结果图像: 图像尺寸=(2160, 3840, 3), 类型=uint8, 路径=C:\code\show\Scrap_Steel_In_Field\photos\dangerous_det\detection_20260623_165229.jpg
2026-06-23 16:52:29 [INFO] 成功保存检测结果到: C:\code\show\Scrap_Steel_In_Field\photos\dangerous_det\detection_20260623_165229.jpg
2026-06-23 16:52:29 [INFO] 保存的检测结果文件大小: 2282274 字节
2026-06-23 16:52:29 [INFO] 引擎上下文已释放
2026-06-23 16:52:29 [INFO] TensorRT 引擎已释放
2026-06-23 16:52:29 [INFO] 全局 CUDA 资源已释放
2026-06-23 16:52:29 [INFO] 检测系统资源已释放
2026-06-23 16:52:34 [INFO] CUDA 初始化成功
2026-06-23 16:52:34 [INFO] 引擎加载成功: dangerous.engine
2026-06-23 16:52:34 [INFO] 检测系统初始化成功
2026-06-23 16:52:34 [INFO] 图像预处理完成，原始尺寸: (2160, 3840)
2026-06-23 16:52:34 [INFO] 开始执行目标检测...
2026-06-23 16:52:34 [INFO] 检测完成，找到 5 个物体
2026-06-23 16:52:34 [INFO] 物体 1: GasCyl1 (置信度: 0.90)
2026-06-23 16:52:34 [INFO] 物体 2: GasCyl1 (置信度: 0.65)
2026-06-23 16:52:34 [INFO] 物体 3: FireExt1 (置信度: 0.54)
2026-06-23 16:52:34 [INFO] 物体 4: FireExt1 (置信度: 0.51)
2026-06-23 16:52:34 [INFO] 物体 5: FireExt1 (置信度: 0.41)
2026-06-23 16:52:35 [INFO] 检测到车兜区域，将过滤区域外的目标
2026-06-23 16:52:35 [INFO] 车兜区域过滤: 5 -> 3 个目标
2026-06-23 16:52:35 [INFO] 准备保存检测结果到: C:\code\show\Scrap_Steel_In_Field\photos\dangerous_det\detection_20260623_165235.jpg
2026-06-23 16:52:35 [INFO] 图像形状: (2160, 3840, 3)
2026-06-23 16:52:35 [INFO] 图像数据类型: uint8
2026-06-23 16:52:35 [INFO] 图像最大值: 255
2026-06-23 16:52:35 [INFO] 图像最小值: 0
2026-06-23 16:52:35 [INFO] 开始保存检测结果图像: 图像尺寸=(2160, 3840, 3), 类型=uint8, 路径=C:\code\show\Scrap_Steel_In_Field\photos\dangerous_det\detection_20260623_165235.jpg
2026-06-23 16:52:35 [INFO] 成功保存检测结果到: C:\code\show\Scrap_Steel_In_Field\photos\dangerous_det\detection_20260623_165235.jpg
2026-06-23 16:52:35 [INFO] 保存的检测结果文件大小: 2279485 字节
2026-06-23 16:52:35 [INFO] 引擎上下文已释放
2026-06-23 16:52:35 [INFO] TensorRT 引擎已释放
2026-06-23 16:52:35 [INFO] 全局 CUDA 资源已释放
2026-06-23 16:52:35 [INFO] 检测系统资源已释放
2026-06-23 16:52:40 [INFO] CUDA 初始化成功
2026-06-23 16:52:40 [INFO] 引擎加载成功: dangerous.engine
2026-06-23 16:52:40 [INFO] 检测系统初始化成功
2026-06-23 16:52:40 [INFO] 图像预处理完成，原始尺寸: (2160, 3840)
2026-06-23 16:52:40 [INFO] 开始执行目标检测...
2026-06-23 16:52:40 [INFO] 检测完成，找到 5 个物体
2026-06-23 16:52:40 [INFO] 物体 1: GasCyl1 (置信度: 0.90)
2026-06-23 16:52:40 [INFO] 物体 2: GasCyl1 (置信度: 0.73)
2026-06-23 16:52:40 [INFO] 物体 3: FireExt1 (置信度: 0.54)
2026-06-23 16:52:40 [INFO] 物体 4: FireExt1 (置信度: 0.47)
2026-06-23 16:52:40 [INFO] 物体 5: FireExt1 (置信度: 0.40)
2026-06-23 16:52:41 [INFO] 检测到车兜区域，将过滤区域外的目标
2026-06-23 16:52:41 [INFO] 车兜区域过滤: 5 -> 3 个目标
2026-06-23 16:52:41 [INFO] 准备保存检测结果到: C:\code\show\Scrap_Steel_In_Field\photos\dangerous_det\detection_20260623_165241.jpg
2026-06-23 16:52:41 [INFO] 图像形状: (2160, 3840, 3)
2026-06-23 16:52:41 [INFO] 图像数据类型: uint8
2026-06-23 16:52:41 [INFO] 图像最大值: 255
2026-06-23 16:52:41 [INFO] 图像最小值: 0
2026-06-23 16:52:41 [INFO] 开始保存检测结果图像: 图像尺寸=(2160, 3840, 3), 类型=uint8, 路径=C:\code\show\Scrap_Steel_In_Field\photos\dangerous_det\detection_20260623_165241.jpg
2026-06-23 16:52:41 [INFO] 成功保存检测结果到: C:\code\show\Scrap_Steel_In_Field\photos\dangerous_det\detection_20260623_165241.jpg
2026-06-23 16:52:41 [INFO] 保存的检测结果文件大小: 2278646 字节
2026-06-23 16:52:41 [INFO] 引擎上下文已释放
2026-06-23 16:52:41 [INFO] TensorRT 引擎已释放
2026-06-23 16:52:41 [INFO] 全局 CUDA 资源已释放
2026-06-23 16:52:41 [INFO] 检测系统资源已释放
2026-06-23 16:52:45 [INFO] CUDA 初始化成功
2026-06-23 16:52:45 [INFO] 引擎加载成功: dangerous.engine
2026-06-23 16:52:45 [INFO] 检测系统初始化成功
2026-06-23 16:52:45 [INFO] 图像预处理完成，原始尺寸: (2160, 3840)
2026-06-23 16:52:45 [INFO] 开始执行目标检测...
2026-06-23 16:52:45 [INFO] 检测完成，找到 5 个物体
2026-06-23 16:52:45 [INFO] 物体 1: GasCyl1 (置信度: 0.89)
2026-06-23 16:52:45 [INFO] 物体 2: GasCyl1 (置信度: 0.72)
2026-06-23 16:52:45 [INFO] 物体 3: FireExt1 (置信度: 0.54)
2026-06-23 16:52:45 [INFO] 物体 4: FireExt1 (置信度: 0.47)
2026-06-23 16:52:45 [INFO] 物体 5: FireExt1 (置信度: 0.44)
2026-06-23 16:52:45 [INFO] 检测到车兜区域，将过滤区域外的目标
2026-06-23 16:52:45 [INFO] 车兜区域过滤: 5 -> 3 个目标
2026-06-23 16:52:45 [INFO] 准备保存检测结果到: C:\code\show\Scrap_Steel_In_Field\photos\dangerous_det\detection_20260623_165245.jpg
2026-06-23 16:52:45 [INFO] 图像形状: (2160, 3840, 3)
2026-06-23 16:52:45 [INFO] 图像数据类型: uint8
2026-06-23 16:52:45 [INFO] 图像最大值: 255
2026-06-23 16:52:45 [INFO] 图像最小值: 0
2026-06-23 16:52:45 [INFO] 开始保存检测结果图像: 图像尺寸=(2160, 3840, 3), 类型=uint8, 路径=C:\code\show\Scrap_Steel_In_Field\photos\dangerous_det\detection_20260623_165245.jpg
2026-06-23 16:52:45 [INFO] 成功保存检测结果到: C:\code\show\Scrap_Steel_In_Field\photos\dangerous_det\detection_20260623_165245.jpg
2026-06-23 16:52:45 [INFO] 保存的检测结果文件大小: 2281220 字节
2026-06-23 16:52:45 [INFO] 引擎上下文已释放
2026-06-23 16:52:45 [INFO] TensorRT 引擎已释放
2026-06-23 16:52:45 [INFO] 全局 CUDA 资源已释放
2026-06-23 16:52:45 [INFO] 检测系统资源已释放
2026-06-23 16:52:51 [INFO] CUDA 初始化成功
2026-06-23 16:52:51 [INFO] 引擎加载成功: dangerous.engine
2026-06-23 16:52:51 [INFO] 检测系统初始化成功
2026-06-23 16:52:51 [INFO] 图像预处理完成，原始尺寸: (2160, 3840)
2026-06-23 16:52:51 [INFO] 开始执行目标检测...
2026-06-23 16:52:51 [INFO] 检测完成，找到 5 个物体
2026-06-23 16:52:51 [INFO] 物体 1: GasCyl1 (置信度: 0.90)
2026-06-23 16:52:51 [INFO] 物体 2: GasCyl1 (置信度: 0.73)
2026-06-23 16:52:51 [INFO] 物体 3: FireExt1 (置信度: 0.57)
2026-06-23 16:52:51 [INFO] 物体 4: FireExt1 (置信度: 0.49)
2026-06-23 16:52:51 [INFO] 物体 5: FireExt1 (置信度: 0.38)
2026-06-23 16:52:51 [INFO] 检测到车兜区域，将过滤区域外的目标
2026-06-23 16:52:51 [INFO] 车兜区域过滤: 5 -> 3 个目标
2026-06-23 16:52:51 [INFO] 准备保存检测结果到: C:\code\show\Scrap_Steel_In_Field\photos\dangerous_det\detection_20260623_165251.jpg
2026-06-23 16:52:51 [INFO] 图像形状: (2160, 3840, 3)
2026-06-23 16:52:51 [INFO] 图像数据类型: uint8
2026-06-23 16:52:51 [INFO] 图像最大值: 255
2026-06-23 16:52:51 [INFO] 图像最小值: 0
2026-06-23 16:52:51 [INFO] 开始保存检测结果图像: 图像尺寸=(2160, 3840, 3), 类型=uint8, 路径=C:\code\show\Scrap_Steel_In_Field\photos\dangerous_det\detection_20260623_165251.jpg
2026-06-23 16:52:51 [INFO] 成功保存检测结果到: C:\code\show\Scrap_Steel_In_Field\photos\dangerous_det\detection_20260623_165251.jpg
2026-06-23 16:52:51 [INFO] 保存的检测结果文件大小: 2277648 字节
2026-06-23 16:52:51 [INFO] 引擎上下文已释放
2026-06-23 16:52:51 [INFO] TensorRT 引擎已释放
2026-06-23 16:52:51 [INFO] 全局 CUDA 资源已释放
2026-06-23 16:52:51 [INFO] 检测系统资源已释放
2026-06-23 16:52:56 [INFO] CUDA 初始化成功
2026-06-23 16:52:56 [INFO] 引擎加载成功: dangerous.engine
2026-06-23 16:52:56 [INFO] 检测系统初始化成功
2026-06-23 16:52:56 [INFO] 图像预处理完成，原始尺寸: (2160, 3840)
2026-06-23 16:52:56 [INFO] 开始执行目标检测...
2026-06-23 16:52:56 [INFO] 检测完成，找到 4 个物体
2026-06-23 16:52:56 [INFO] 物体 1: GasCyl1 (置信度: 0.89)
2026-06-23 16:52:56 [INFO] 物体 2: GasCyl1 (置信度: 0.72)
2026-06-23 16:52:56 [INFO] 物体 3: FireExt1 (置信度: 0.54)
2026-06-23 16:52:56 [INFO] 物体 4: FireExt1 (置信度: 0.49)
2026-06-23 16:52:56 [INFO] 检测到车兜区域，将过滤区域外的目标
2026-06-23 16:52:56 [INFO] 车兜区域过滤: 4 -> 3 个目标
2026-06-23 16:52:56 [INFO] 准备保存检测结果到: C:\code\show\Scrap_Steel_In_Field\photos\dangerous_det\detection_20260623_165256.jpg
2026-06-23 16:52:56 [INFO] 图像形状: (2160, 3840, 3)
2026-06-23 16:52:56 [INFO] 图像数据类型: uint8
2026-06-23 16:52:56 [INFO] 图像最大值: 255
2026-06-23 16:52:56 [INFO] 图像最小值: 0
2026-06-23 16:52:56 [INFO] 开始保存检测结果图像: 图像尺寸=(2160, 3840, 3), 类型=uint8, 路径=C:\code\show\Scrap_Steel_In_Field\photos\dangerous_det\detection_20260623_165256.jpg
2026-06-23 16:52:56 [INFO] 成功保存检测结果到: C:\code\show\Scrap_Steel_In_Field\photos\dangerous_det\detection_20260623_165256.jpg
2026-06-23 16:52:56 [INFO] 保存的检测结果文件大小: 2277944 字节
2026-06-23 16:52:56 [INFO] 引擎上下文已释放
2026-06-23 16:52:56 [INFO] TensorRT 引擎已释放
2026-06-23 16:52:56 [INFO] 全局 CUDA 资源已释放
2026-06-23 16:52:56 [INFO] 检测系统资源已释放
2026-06-23 16:53:01 [INFO] CUDA 初始化成功
2026-06-23 16:53:01 [INFO] 引擎加载成功: dangerous.engine
2026-06-23 16:53:01 [INFO] 检测系统初始化成功
2026-06-23 16:53:01 [INFO] 图像预处理完成，原始尺寸: (2160, 3840)
2026-06-23 16:53:01 [INFO] 开始执行目标检测...
2026-06-23 16:53:01 [INFO] 检测完成，找到 4 个物体
2026-06-23 16:53:01 [INFO] 物体 1: GasCyl1 (置信度: 0.89)
2026-06-23 16:53:01 [INFO] 物体 2: GasCyl1 (置信度: 0.59)
2026-06-23 16:53:01 [INFO] 物体 3: FireExt1 (置信度: 0.56)
2026-06-23 16:53:01 [INFO] 物体 4: FireExt1 (置信度: 0.50)
2026-06-23 16:53:02 [INFO] 检测到车兜区域，将过滤区域外的目标
2026-06-23 16:53:02 [INFO] 车兜区域过滤: 4 -> 3 个目标
2026-06-23 16:53:02 [INFO] 准备保存检测结果到: C:\code\show\Scrap_Steel_In_Field\photos\dangerous_det\detection_20260623_165302.jpg
2026-06-23 16:53:02 [INFO] 图像形状: (2160, 3840, 3)
2026-06-23 16:53:02 [INFO] 图像数据类型: uint8
2026-06-23 16:53:02 [INFO] 图像最大值: 255
2026-06-23 16:53:02 [INFO] 图像最小值: 0
2026-06-23 16:53:02 [INFO] 开始保存检测结果图像: 图像尺寸=(2160, 3840, 3), 类型=uint8, 路径=C:\code\show\Scrap_Steel_In_Field\photos\dangerous_det\detection_20260623_165302.jpg
2026-06-23 16:53:02 [INFO] 成功保存检测结果到: C:\code\show\Scrap_Steel_In_Field\photos\dangerous_det\detection_20260623_165302.jpg
2026-06-23 16:53:02 [INFO] 保存的检测结果文件大小: 2277899 字节
2026-06-23 16:53:02 [INFO] 引擎上下文已释放
2026-06-23 16:53:02 [INFO] TensorRT 引擎已释放
2026-06-23 16:53:02 [INFO] 全局 CUDA 资源已释放
2026-06-23 16:53:02 [INFO] 检测系统资源已释放
2026-06-23 16:53:07 [INFO] CUDA 初始化成功
2026-06-23 16:53:07 [INFO] 引擎加载成功: dangerous.engine
2026-06-23 16:53:07 [INFO] 检测系统初始化成功
2026-06-23 16:53:07 [INFO] 图像预处理完成，原始尺寸: (2160, 3840)
2026-06-23 16:53:07 [INFO] 开始执行目标检测...
2026-06-23 16:53:07 [INFO] 检测完成，找到 5 个物体
2026-06-23 16:53:07 [INFO] 物体 1: GasCyl1 (置信度: 0.90)
2026-06-23 16:53:07 [INFO] 物体 2: GasCyl1 (置信度: 0.70)
2026-06-23 16:53:07 [INFO] 物体 3: FireExt1 (置信度: 0.54)
2026-06-23 16:53:07 [INFO] 物体 4: FireExt1 (置信度: 0.49)
2026-06-23 16:53:07 [INFO] 物体 5: FireExt1 (置信度: 0.40)
2026-06-23 16:53:07 [INFO] 检测到车兜区域，将过滤区域外的目标
2026-06-23 16:53:07 [INFO] 车兜区域过滤: 5 -> 3 个目标
2026-06-23 16:53:07 [INFO] 准备保存检测结果到: C:\code\show\Scrap_Steel_In_Field\photos\dangerous_det\detection_20260623_165307.jpg
2026-06-23 16:53:07 [INFO] 图像形状: (2160, 3840, 3)
2026-06-23 16:53:07 [INFO] 图像数据类型: uint8
2026-06-23 16:53:07 [INFO] 图像最大值: 255
2026-06-23 16:53:07 [INFO] 图像最小值: 0
2026-06-23 16:53:07 [INFO] 开始保存检测结果图像: 图像尺寸=(2160, 3840, 3), 类型=uint8, 路径=C:\code\show\Scrap_Steel_In_Field\photos\dangerous_det\detection_20260623_165307.jpg
2026-06-23 16:53:07 [INFO] 成功保存检测结果到: C:\code\show\Scrap_Steel_In_Field\photos\dangerous_det\detection_20260623_165307.jpg
2026-06-23 16:53:07 [INFO] 保存的检测结果文件大小: 2279311 字节
2026-06-23 16:53:07 [INFO] 引擎上下文已释放
2026-06-23 16:53:07 [INFO] TensorRT 引擎已释放
2026-06-23 16:53:07 [INFO] 全局 CUDA 资源已释放
2026-06-23 16:53:07 [INFO] 检测系统资源已释放
2026-06-23 16:53:12 [INFO] CUDA 初始化成功
2026-06-23 16:53:12 [INFO] 引擎加载成功: dangerous.engine
2026-06-23 16:53:12 [INFO] 检测系统初始化成功
2026-06-23 16:53:12 [INFO] 图像预处理完成，原始尺寸: (2160, 3840)
2026-06-23 16:53:12 [INFO] 开始执行目标检测...
2026-06-23 16:53:12 [INFO] 检测完成，找到 5 个物体
2026-06-23 16:53:12 [INFO] 物体 1: GasCyl1 (置信度: 0.89)
2026-06-23 16:53:12 [INFO] 物体 2: GasCyl1 (置信度: 0.75)
2026-06-23 16:53:12 [INFO] 物体 3: FireExt1 (置信度: 0.57)
2026-06-23 16:53:12 [INFO] 物体 4: FireExt1 (置信度: 0.48)
2026-06-23 16:53:12 [INFO] 物体 5: FireExt1 (置信度: 0.43)
2026-06-23 16:53:12 [INFO] 检测到车兜区域，将过滤区域外的目标
2026-06-23 16:53:12 [INFO] 车兜区域过滤: 5 -> 3 个目标
2026-06-23 16:53:12 [INFO] 准备保存检测结果到: C:\code\show\Scrap_Steel_In_Field\photos\dangerous_det\detection_20260623_165312.jpg
2026-06-23 16:53:12 [INFO] 图像形状: (2160, 3840, 3)
2026-06-23 16:53:12 [INFO] 图像数据类型: uint8
2026-06-23 16:53:12 [INFO] 图像最大值: 255
2026-06-23 16:53:12 [INFO] 图像最小值: 0
2026-06-23 16:53:12 [INFO] 开始保存检测结果图像: 图像尺寸=(2160, 3840, 3), 类型=uint8, 路径=C:\code\show\Scrap_Steel_In_Field\photos\dangerous_det\detection_20260623_165312.jpg
2026-06-23 16:53:12 [INFO] 成功保存检测结果到: C:\code\show\Scrap_Steel_In_Field\photos\dangerous_det\detection_20260623_165312.jpg
2026-06-23 16:53:12 [INFO] 保存的检测结果文件大小: 2278928 字节
2026-06-23 16:53:12 [INFO] 引擎上下文已释放
2026-06-23 16:53:12 [INFO] TensorRT 引擎已释放
2026-06-23 16:53:12 [INFO] 全局 CUDA 资源已释放
2026-06-23 16:53:12 [INFO] 检测系统资源已释放
2026-06-23 16:53:17 [INFO] CUDA 初始化成功
2026-06-23 16:53:17 [INFO] 引擎加载成功: dangerous.engine
2026-06-23 16:53:17 [INFO] 检测系统初始化成功
2026-06-23 16:53:17 [INFO] 图像预处理完成，原始尺寸: (2160, 3840)
2026-06-23 16:53:17 [INFO] 开始执行目标检测...
2026-06-23 16:53:18 [INFO] 检测完成，找到 5 个物体
2026-06-23 16:53:18 [INFO] 物体 1: GasCyl1 (置信度: 0.89)
2026-06-23 16:53:18 [INFO] 物体 2: GasCyl1 (置信度: 0.69)
2026-06-23 16:53:18 [INFO] 物体 3: FireExt1 (置信度: 0.55)
2026-06-23 16:53:18 [INFO] 物体 4: FireExt1 (置信度: 0.49)
2026-06-23 16:53:18 [INFO] 物体 5: FireExt1 (置信度: 0.36)
2026-06-23 16:53:18 [INFO] 检测到车兜区域，将过滤区域外的目标
2026-06-23 16:53:18 [INFO] 车兜区域过滤: 5 -> 3 个目标
2026-06-23 16:53:18 [INFO] 准备保存检测结果到: C:\code\show\Scrap_Steel_In_Field\photos\dangerous_det\detection_20260623_165318.jpg
2026-06-23 16:53:18 [INFO] 图像形状: (2160, 3840, 3)
2026-06-23 16:53:18 [INFO] 图像数据类型: uint8
2026-06-23 16:53:18 [INFO] 图像最大值: 255
2026-06-23 16:53:18 [INFO] 图像最小值: 0
2026-06-23 16:53:18 [INFO] 开始保存检测结果图像: 图像尺寸=(2160, 3840, 3), 类型=uint8, 路径=C:\code\show\Scrap_Steel_In_Field\photos\dangerous_det\detection_20260623_165318.jpg
2026-06-23 16:53:18 [INFO] 成功保存检测结果到: C:\code\show\Scrap_Steel_In_Field\photos\dangerous_det\detection_20260623_165318.jpg
2026-06-23 16:53:18 [INFO] 保存的检测结果文件大小: 2278648 字节
2026-06-23 16:53:18 [INFO] 引擎上下文已释放
2026-06-23 16:53:18 [INFO] TensorRT 引擎已释放
2026-06-23 16:53:18 [INFO] 全局 CUDA 资源已释放
2026-06-23 16:53:18 [INFO] 检测系统资源已释放
2026-06-23 16:53:23 [INFO] CUDA 初始化成功
2026-06-23 16:53:23 [INFO] 引擎加载成功: dangerous.engine
2026-06-23 16:53:23 [INFO] 检测系统初始化成功
2026-06-23 16:53:23 [INFO] 图像预处理完成，原始尺寸: (2160, 3840)
2026-06-23 16:53:23 [INFO] 开始执行目标检测...
2026-06-23 16:53:23 [INFO] 检测完成，找到 5 个物体
2026-06-23 16:53:23 [INFO] 物体 1: GasCyl1 (置信度: 0.90)
2026-06-23 16:53:23 [INFO] 物体 2: GasCyl1 (置信度: 0.71)
2026-06-23 16:53:23 [INFO] 物体 3: FireExt1 (置信度: 0.57)
2026-06-23 16:53:23 [INFO] 物体 4: FireExt1 (置信度: 0.50)
2026-06-23 16:53:23 [INFO] 物体 5: FireExt1 (置信度: 0.37)
2026-06-23 16:53:23 [INFO] 检测到车兜区域，将过滤区域外的目标
2026-06-23 16:53:23 [INFO] 车兜区域过滤: 5 -> 3 个目标
2026-06-23 16:53:23 [INFO] 准备保存检测结果到: C:\code\show\Scrap_Steel_In_Field\photos\dangerous_det\detection_20260623_165323.jpg
2026-06-23 16:53:23 [INFO] 图像形状: (2160, 3840, 3)
2026-06-23 16:53:23 [INFO] 图像数据类型: uint8
2026-06-23 16:53:23 [INFO] 图像最大值: 255
2026-06-23 16:53:23 [INFO] 图像最小值: 0
2026-06-23 16:53:23 [INFO] 开始保存检测结果图像: 图像尺寸=(2160, 3840, 3), 类型=uint8, 路径=C:\code\show\Scrap_Steel_In_Field\photos\dangerous_det\detection_20260623_165323.jpg
2026-06-23 16:53:23 [INFO] 成功保存检测结果到: C:\code\show\Scrap_Steel_In_Field\photos\dangerous_det\detection_20260623_165323.jpg
2026-06-23 16:53:23 [INFO] 保存的检测结果文件大小: 2279744 字节
2026-06-23 16:53:23 [INFO] 引擎上下文已释放
2026-06-23 16:53:23 [INFO] TensorRT 引擎已释放
2026-06-23 16:53:23 [INFO] 全局 CUDA 资源已释放
2026-06-23 16:53:23 [INFO] 检测系统资源已释放
2026-06-23 16:53:28 [INFO] CUDA 初始化成功
2026-06-23 16:53:28 [INFO] 引擎加载成功: dangerous.engine
2026-06-23 16:53:28 [INFO] 检测系统初始化成功
2026-06-23 16:53:28 [INFO] 图像预处理完成，原始尺寸: (2160, 3840)
2026-06-23 16:53:28 [INFO] 开始执行目标检测...
2026-06-23 16:53:28 [INFO] 检测完成，找到 5 个物体
2026-06-23 16:53:28 [INFO] 物体 1: GasCyl1 (置信度: 0.89)
2026-06-23 16:53:28 [INFO] 物体 2: GasCyl1 (置信度: 0.65)
2026-06-23 16:53:28 [INFO] 物体 3: FireExt1 (置信度: 0.55)
2026-06-23 16:53:28 [INFO] 物体 4: FireExt1 (置信度: 0.47)
2026-06-23 16:53:28 [INFO] 物体 5: FireExt1 (置信度: 0.39)
2026-06-23 16:53:28 [INFO] 检测到车兜区域，将过滤区域外的目标
2026-06-23 16:53:28 [INFO] 车兜区域过滤: 5 -> 3 个目标
2026-06-23 16:53:28 [INFO] 准备保存检测结果到: C:\code\show\Scrap_Steel_In_Field\photos\dangerous_det\detection_20260623_165328.jpg
2026-06-23 16:53:28 [INFO] 图像形状: (2160, 3840, 3)
2026-06-23 16:53:28 [INFO] 图像数据类型: uint8
2026-06-23 16:53:28 [INFO] 图像最大值: 255
2026-06-23 16:53:28 [INFO] 图像最小值: 0
2026-06-23 16:53:28 [INFO] 开始保存检测结果图像: 图像尺寸=(2160, 3840, 3), 类型=uint8, 路径=C:\code\show\Scrap_Steel_In_Field\photos\dangerous_det\detection_20260623_165328.jpg
2026-06-23 16:53:28 [INFO] 成功保存检测结果到: C:\code\show\Scrap_Steel_In_Field\photos\dangerous_det\detection_20260623_165328.jpg
2026-06-23 16:53:28 [INFO] 保存的检测结果文件大小: 2281148 字节
2026-06-23 16:53:28 [INFO] 引擎上下文已释放
2026-06-23 16:53:28 [INFO] TensorRT 引擎已释放
2026-06-23 16:53:28 [INFO] 全局 CUDA 资源已释放
2026-06-23 16:53:28 [INFO] 检测系统资源已释放
2026-06-23 16:53:33 [INFO] CUDA 初始化成功
2026-06-23 16:53:34 [INFO] 引擎加载成功: dangerous.engine
2026-06-23 16:53:34 [INFO] 检测系统初始化成功
2026-06-23 16:53:34 [INFO] 图像预处理完成，原始尺寸: (2160, 3840)
2026-06-23 16:53:34 [INFO] 开始执行目标检测...
2026-06-23 16:53:34 [INFO] 检测完成，找到 5 个物体
2026-06-23 16:53:34 [INFO] 物体 1: GasCyl1 (置信度: 0.89)
2026-06-23 16:53:34 [INFO] 物体 2: GasCyl1 (置信度: 0.73)
2026-06-23 16:53:34 [INFO] 物体 3: FireExt1 (置信度: 0.56)
2026-06-23 16:53:34 [INFO] 物体 4: FireExt1 (置信度: 0.46)
2026-06-23 16:53:34 [INFO] 物体 5: FireExt1 (置信度: 0.39)
2026-06-23 16:53:34 [INFO] 检测到车兜区域，将过滤区域外的目标
2026-06-23 16:53:34 [INFO] 车兜区域过滤: 5 -> 3 个目标
2026-06-23 16:53:34 [INFO] 准备保存检测结果到: C:\code\show\Scrap_Steel_In_Field\photos\dangerous_det\detection_20260623_165334.jpg
2026-06-23 16:53:34 [INFO] 图像形状: (2160, 3840, 3)
2026-06-23 16:53:34 [INFO] 图像数据类型: uint8
2026-06-23 16:53:34 [INFO] 图像最大值: 255
2026-06-23 16:53:34 [INFO] 图像最小值: 0
2026-06-23 16:53:34 [INFO] 开始保存检测结果图像: 图像尺寸=(2160, 3840, 3), 类型=uint8, 路径=C:\code\show\Scrap_Steel_In_Field\photos\dangerous_det\detection_20260623_165334.jpg
2026-06-23 16:53:34 [INFO] 成功保存检测结果到: C:\code\show\Scrap_Steel_In_Field\photos\dangerous_det\detection_20260623_165334.jpg
2026-06-23 16:53:34 [INFO] 保存的检测结果文件大小: 2279601 字节
2026-06-23 16:53:34 [INFO] 引擎上下文已释放
2026-06-23 16:53:34 [INFO] TensorRT 引擎已释放
2026-06-23 16:53:34 [INFO] 全局 CUDA 资源已释放
2026-06-23 16:53:34 [INFO] 检测系统资源已释放
2026-06-23 16:53:39 [INFO] CUDA 初始化成功
2026-06-23 16:53:39 [INFO] 引擎加载成功: dangerous.engine
2026-06-23 16:53:39 [INFO] 检测系统初始化成功
2026-06-23 16:53:39 [INFO] 图像预处理完成，原始尺寸: (2160, 3840)
2026-06-23 16:53:39 [INFO] 开始执行目标检测...
2026-06-23 16:53:39 [INFO] 检测完成，找到 4 个物体
2026-06-23 16:53:39 [INFO] 物体 1: GasCyl1 (置信度: 0.90)
2026-06-23 16:53:39 [INFO] 物体 2: GasCyl1 (置信度: 0.73)
2026-06-23 16:53:39 [INFO] 物体 3: FireExt1 (置信度: 0.55)
2026-06-23 16:53:39 [INFO] 物体 4: GasCyl1 (置信度: 0.50)
2026-06-23 16:53:39 [INFO] 检测到车兜区域，将过滤区域外的目标
2026-06-23 16:53:39 [INFO] 车兜区域过滤: 4 -> 3 个目标
2026-06-23 16:53:39 [INFO] 准备保存检测结果到: C:\code\show\Scrap_Steel_In_Field\photos\dangerous_det\detection_20260623_165339.jpg
2026-06-23 16:53:39 [INFO] 图像形状: (2160, 3840, 3)
2026-06-23 16:53:39 [INFO] 图像数据类型: uint8
2026-06-23 16:53:39 [INFO] 图像最大值: 255
2026-06-23 16:53:39 [INFO] 图像最小值: 0
2026-06-23 16:53:39 [INFO] 开始保存检测结果图像: 图像尺寸=(2160, 3840, 3), 类型=uint8, 路径=C:\code\show\Scrap_Steel_In_Field\photos\dangerous_det\detection_20260623_165339.jpg
2026-06-23 16:53:39 [INFO] 成功保存检测结果到: C:\code\show\Scrap_Steel_In_Field\photos\dangerous_det\detection_20260623_165339.jpg
2026-06-23 16:53:39 [INFO] 保存的检测结果文件大小: 2282053 字节
2026-06-23 16:53:39 [INFO] 引擎上下文已释放
2026-06-23 16:53:39 [INFO] TensorRT 引擎已释放
2026-06-23 16:53:39 [INFO] 全局 CUDA 资源已释放
2026-06-23 16:53:39 [INFO] 检测系统资源已释放
2026-06-23 16:53:45 [INFO] CUDA 初始化成功
2026-06-23 16:53:45 [INFO] 引擎加载成功: dangerous.engine
2026-06-23 16:53:45 [INFO] 检测系统初始化成功
2026-06-23 16:53:45 [INFO] 图像预处理完成，原始尺寸: (2160, 3840)
2026-06-23 16:53:45 [INFO] 开始执行目标检测...
2026-06-23 16:53:45 [INFO] 检测完成，找到 5 个物体
2026-06-23 16:53:45 [INFO] 物体 1: GasCyl1 (置信度: 0.89)
2026-06-23 16:53:45 [INFO] 物体 2: GasCyl1 (置信度: 0.66)
2026-06-23 16:53:45 [INFO] 物体 3: FireExt1 (置信度: 0.56)
2026-06-23 16:53:45 [INFO] 物体 4: FireExt1 (置信度: 0.50)
2026-06-23 16:53:45 [INFO] 物体 5: FireExt1 (置信度: 0.40)
2026-06-23 16:53:45 [INFO] 检测到车兜区域，将过滤区域外的目标
2026-06-23 16:53:45 [INFO] 车兜区域过滤: 5 -> 3 个目标
2026-06-23 16:53:45 [INFO] 准备保存检测结果到: C:\code\show\Scrap_Steel_In_Field\photos\dangerous_det\detection_20260623_165345.jpg
2026-06-23 16:53:45 [INFO] 图像形状: (2160, 3840, 3)
2026-06-23 16:53:45 [INFO] 图像数据类型: uint8
2026-06-23 16:53:45 [INFO] 图像最大值: 255
2026-06-23 16:53:45 [INFO] 图像最小值: 0
2026-06-23 16:53:45 [INFO] 开始保存检测结果图像: 图像尺寸=(2160, 3840, 3), 类型=uint8, 路径=C:\code\show\Scrap_Steel_In_Field\photos\dangerous_det\detection_20260623_165345.jpg
2026-06-23 16:53:45 [INFO] 成功保存检测结果到: C:\code\show\Scrap_Steel_In_Field\photos\dangerous_det\detection_20260623_165345.jpg
2026-06-23 16:53:45 [INFO] 保存的检测结果文件大小: 2279022 字节
2026-06-23 16:53:45 [INFO] 引擎上下文已释放
2026-06-23 16:53:45 [INFO] TensorRT 引擎已释放
2026-06-23 16:53:45 [INFO] 全局 CUDA 资源已释放
2026-06-23 16:53:45 [INFO] 检测系统资源已释放
2026-06-23 16:53:50 [INFO] CUDA 初始化成功
2026-06-23 16:53:50 [INFO] 引擎加载成功: dangerous.engine
2026-06-23 16:53:50 [INFO] 检测系统初始化成功
2026-06-23 16:53:50 [INFO] 图像预处理完成，原始尺寸: (2160, 3840)
2026-06-23 16:53:50 [INFO] 开始执行目标检测...
2026-06-23 16:53:50 [INFO] 检测完成，找到 5 个物体
2026-06-23 16:53:50 [INFO] 物体 1: GasCyl1 (置信度: 0.90)
2026-06-23 16:53:50 [INFO] 物体 2: GasCyl1 (置信度: 0.67)
2026-06-23 16:53:50 [INFO] 物体 3: FireExt1 (置信度: 0.55)
2026-06-23 16:53:50 [INFO] 物体 4: FireExt1 (置信度: 0.49)
2026-06-23 16:53:50 [INFO] 物体 5: FireExt1 (置信度: 0.39)
2026-06-23 16:53:50 [INFO] 检测到车兜区域，将过滤区域外的目标
2026-06-23 16:53:50 [INFO] 车兜区域过滤: 5 -> 3 个目标
2026-06-23 16:53:50 [INFO] 准备保存检测结果到: C:\code\show\Scrap_Steel_In_Field\photos\dangerous_det\detection_20260623_165350.jpg
2026-06-23 16:53:50 [INFO] 图像形状: (2160, 3840, 3)
2026-06-23 16:53:50 [INFO] 图像数据类型: uint8
2026-06-23 16:53:50 [INFO] 图像最大值: 255
2026-06-23 16:53:50 [INFO] 图像最小值: 0
2026-06-23 16:53:50 [INFO] 开始保存检测结果图像: 图像尺寸=(2160, 3840, 3), 类型=uint8, 路径=C:\code\show\Scrap_Steel_In_Field\photos\dangerous_det\detection_20260623_165350.jpg
2026-06-23 16:53:50 [INFO] 成功保存检测结果到: C:\code\show\Scrap_Steel_In_Field\photos\dangerous_det\detection_20260623_165350.jpg
2026-06-23 16:53:50 [INFO] 保存的检测结果文件大小: 2278022 字节
2026-06-23 16:53:50 [INFO] 引擎上下文已释放
2026-06-23 16:53:50 [INFO] TensorRT 引擎已释放
2026-06-23 16:53:50 [INFO] 全局 CUDA 资源已释放
2026-06-23 16:53:50 [INFO] 检测系统资源已释放
2026-06-23 16:53:55 [INFO] CUDA 初始化成功
2026-06-23 16:53:55 [INFO] 引擎加载成功: dangerous.engine
2026-06-23 16:53:55 [INFO] 检测系统初始化成功
2026-06-23 16:53:55 [INFO] 图像预处理完成，原始尺寸: (2160, 3840)
2026-06-23 16:53:55 [INFO] 开始执行目标检测...
2026-06-23 16:53:55 [INFO] 检测完成，找到 5 个物体
2026-06-23 16:53:55 [INFO] 物体 1: GasCyl1 (置信度: 0.89)
2026-06-23 16:53:55 [INFO] 物体 2: GasCyl1 (置信度: 0.61)
2026-06-23 16:53:55 [INFO] 物体 3: FireExt1 (置信度: 0.57)
2026-06-23 16:53:55 [INFO] 物体 4: FireExt1 (置信度: 0.52)
2026-06-23 16:53:55 [INFO] 物体 5: FireExt1 (置信度: 0.42)
2026-06-23 16:53:55 [INFO] 检测到车兜区域，将过滤区域外的目标
2026-06-23 16:53:55 [INFO] 车兜区域过滤: 5 -> 3 个目标
2026-06-23 16:53:55 [INFO] 准备保存检测结果到: C:\code\show\Scrap_Steel_In_Field\photos\dangerous_det\detection_20260623_165355.jpg
2026-06-23 16:53:55 [INFO] 图像形状: (2160, 3840, 3)
2026-06-23 16:53:55 [INFO] 图像数据类型: uint8
2026-06-23 16:53:55 [INFO] 图像最大值: 255
2026-06-23 16:53:55 [INFO] 图像最小值: 0
2026-06-23 16:53:55 [INFO] 开始保存检测结果图像: 图像尺寸=(2160, 3840, 3), 类型=uint8, 路径=C:\code\show\Scrap_Steel_In_Field\photos\dangerous_det\detection_20260623_165355.jpg
2026-06-23 16:53:55 [INFO] 成功保存检测结果到: C:\code\show\Scrap_Steel_In_Field\photos\dangerous_det\detection_20260623_165355.jpg
2026-06-23 16:53:55 [INFO] 保存的检测结果文件大小: 2281499 字节
2026-06-23 16:53:55 [INFO] 引擎上下文已释放
2026-06-23 16:53:55 [INFO] TensorRT 引擎已释放
2026-06-23 16:53:55 [INFO] 全局 CUDA 资源已释放
2026-06-23 16:53:55 [INFO] 检测系统资源已释放
2026-06-23 16:54:01 [INFO] CUDA 初始化成功
2026-06-23 16:54:01 [INFO] 引擎加载成功: dangerous.engine
2026-06-23 16:54:01 [INFO] 检测系统初始化成功
2026-06-23 16:54:01 [INFO] 图像预处理完成，原始尺寸: (2160, 3840)
2026-06-23 16:54:01 [INFO] 开始执行目标检测...
2026-06-23 16:54:01 [INFO] 检测完成，找到 4 个物体
2026-06-23 16:54:01 [INFO] 物体 1: GasCyl1 (置信度: 0.90)
2026-06-23 16:54:01 [INFO] 物体 2: GasCyl1 (置信度: 0.73)
2026-06-23 16:54:01 [INFO] 物体 3: FireExt1 (置信度: 0.53)
2026-06-23 16:54:01 [INFO] 物体 4: FireExt1 (置信度: 0.50)
2026-06-23 16:54:01 [INFO] 检测到车兜区域，将过滤区域外的目标
2026-06-23 16:54:01 [INFO] 车兜区域过滤: 4 -> 3 个目标
2026-06-23 16:54:01 [INFO] 准备保存检测结果到: C:\code\show\Scrap_Steel_In_Field\photos\dangerous_det\detection_20260623_165401.jpg
2026-06-23 16:54:01 [INFO] 图像形状: (2160, 3840, 3)
2026-06-23 16:54:01 [INFO] 图像数据类型: uint8
2026-06-23 16:54:01 [INFO] 图像最大值: 255
2026-06-23 16:54:01 [INFO] 图像最小值: 0
2026-06-23 16:54:01 [INFO] 开始保存检测结果图像: 图像尺寸=(2160, 3840, 3), 类型=uint8, 路径=C:\code\show\Scrap_Steel_In_Field\photos\dangerous_det\detection_20260623_165401.jpg
2026-06-23 16:54:01 [INFO] 成功保存检测结果到: C:\code\show\Scrap_Steel_In_Field\photos\dangerous_det\detection_20260623_165401.jpg
2026-06-23 16:54:01 [INFO] 保存的检测结果文件大小: 2277779 字节
2026-06-23 16:54:01 [INFO] 引擎上下文已释放
2026-06-23 16:54:01 [INFO] TensorRT 引擎已释放
2026-06-23 16:54:01 [INFO] 全局 CUDA 资源已释放
2026-06-23 16:54:01 [INFO] 检测系统资源已释放
2026-06-23 16:54:06 [INFO] CUDA 初始化成功
2026-06-23 16:54:06 [INFO] 引擎加载成功: dangerous.engine
2026-06-23 16:54:06 [INFO] 检测系统初始化成功
2026-06-23 16:54:06 [INFO] 图像预处理完成，原始尺寸: (2160, 3840)
2026-06-23 16:54:06 [INFO] 开始执行目标检测...
2026-06-23 16:54:06 [INFO] 检测完成，找到 5 个物体
2026-06-23 16:54:06 [INFO] 物体 1: GasCyl1 (置信度: 0.90)
2026-06-23 16:54:06 [INFO] 物体 2: GasCyl1 (置信度: 0.75)
2026-06-23 16:54:06 [INFO] 物体 3: FireExt1 (置信度: 0.56)
2026-06-23 16:54:06 [INFO] 物体 4: FireExt1 (置信度: 0.48)
2026-06-23 16:54:06 [INFO] 物体 5: FireExt1 (置信度: 0.37)
2026-06-23 16:54:06 [INFO] 检测到车兜区域，将过滤区域外的目标
2026-06-23 16:54:06 [INFO] 车兜区域过滤: 5 -> 3 个目标
2026-06-23 16:54:06 [INFO] 准备保存检测结果到: C:\code\show\Scrap_Steel_In_Field\photos\dangerous_det\detection_20260623_165406.jpg
2026-06-23 16:54:06 [INFO] 图像形状: (2160, 3840, 3)
2026-06-23 16:54:06 [INFO] 图像数据类型: uint8
2026-06-23 16:54:06 [INFO] 图像最大值: 255
2026-06-23 16:54:06 [INFO] 图像最小值: 0
2026-06-23 16:54:06 [INFO] 开始保存检测结果图像: 图像尺寸=(2160, 3840, 3), 类型=uint8, 路径=C:\code\show\Scrap_Steel_In_Field\photos\dangerous_det\detection_20260623_165406.jpg
2026-06-23 16:54:06 [INFO] 成功保存检测结果到: C:\code\show\Scrap_Steel_In_Field\photos\dangerous_det\detection_20260623_165406.jpg
2026-06-23 16:54:06 [INFO] 保存的检测结果文件大小: 2280343 字节
2026-06-23 16:54:06 [INFO] 引擎上下文已释放
2026-06-23 16:54:06 [INFO] TensorRT 引擎已释放
2026-06-23 16:54:06 [INFO] 全局 CUDA 资源已释放
2026-06-23 16:54:06 [INFO] 检测系统资源已释放
2026-06-23 16:54:12 [INFO] CUDA 初始化成功
2026-06-23 16:54:12 [INFO] 引擎加载成功: dangerous.engine
2026-06-23 16:54:12 [INFO] 检测系统初始化成功
2026-06-23 16:54:12 [INFO] 图像预处理完成，原始尺寸: (2160, 3840)
2026-06-23 16:54:12 [INFO] 开始执行目标检测...
2026-06-23 16:54:12 [INFO] 检测完成，找到 5 个物体
2026-06-23 16:54:12 [INFO] 物体 1: GasCyl1 (置信度: 0.90)
2026-06-23 16:54:12 [INFO] 物体 2: GasCyl1 (置信度: 0.70)
2026-06-23 16:54:12 [INFO] 物体 3: FireExt1 (置信度: 0.55)
2026-06-23 16:54:12 [INFO] 物体 4: FireExt1 (置信度: 0.48)
2026-06-23 16:54:12 [INFO] 物体 5: FireExt1 (置信度: 0.37)
2026-06-23 16:54:12 [INFO] 检测到车兜区域，将过滤区域外的目标
2026-06-23 16:54:12 [INFO] 车兜区域过滤: 5 -> 3 个目标
2026-06-23 16:54:12 [INFO] 准备保存检测结果到: C:\code\show\Scrap_Steel_In_Field\photos\dangerous_det\detection_20260623_165412.jpg
2026-06-23 16:54:12 [INFO] 图像形状: (2160, 3840, 3)
2026-06-23 16:54:12 [INFO] 图像数据类型: uint8
2026-06-23 16:54:12 [INFO] 图像最大值: 255
2026-06-23 16:54:12 [INFO] 图像最小值: 0
2026-06-23 16:54:12 [INFO] 开始保存检测结果图像: 图像尺寸=(2160, 3840, 3), 类型=uint8, 路径=C:\code\show\Scrap_Steel_In_Field\photos\dangerous_det\detection_20260623_165412.jpg
2026-06-23 16:54:12 [INFO] 成功保存检测结果到: C:\code\show\Scrap_Steel_In_Field\photos\dangerous_det\detection_20260623_165412.jpg
2026-06-23 16:54:12 [INFO] 保存的检测结果文件大小: 2279458 字节
2026-06-23 16:54:12 [INFO] 引擎上下文已释放
2026-06-23 16:54:12 [INFO] TensorRT 引擎已释放
2026-06-23 16:54:12 [INFO] 全局 CUDA 资源已释放
2026-06-23 16:54:12 [INFO] 检测系统资源已释放
2026-06-23 16:54:17 [INFO] CUDA 初始化成功
2026-06-23 16:54:17 [INFO] 引擎加载成功: dangerous.engine
2026-06-23 16:54:17 [INFO] 检测系统初始化成功
2026-06-23 16:54:17 [INFO] 图像预处理完成，原始尺寸: (2160, 3840)
2026-06-23 16:54:17 [INFO] 开始执行目标检测...
2026-06-23 16:54:17 [INFO] 检测完成，找到 5 个物体
2026-06-23 16:54:17 [INFO] 物体 1: GasCyl1 (置信度: 0.90)
2026-06-23 16:54:17 [INFO] 物体 2: GasCyl1 (置信度: 0.62)
2026-06-23 16:54:17 [INFO] 物体 3: FireExt1 (置信度: 0.56)
2026-06-23 16:54:17 [INFO] 物体 4: FireExt1 (置信度: 0.48)
2026-06-23 16:54:17 [INFO] 物体 5: FireExt1 (置信度: 0.39)
2026-06-23 16:54:17 [INFO] 检测到车兜区域，将过滤区域外的目标
2026-06-23 16:54:17 [INFO] 车兜区域过滤: 5 -> 3 个目标
2026-06-23 16:54:17 [INFO] 准备保存检测结果到: C:\code\show\Scrap_Steel_In_Field\photos\dangerous_det\detection_20260623_165417.jpg
2026-06-23 16:54:17 [INFO] 图像形状: (2160, 3840, 3)
2026-06-23 16:54:17 [INFO] 图像数据类型: uint8
2026-06-23 16:54:17 [INFO] 图像最大值: 255
2026-06-23 16:54:17 [INFO] 图像最小值: 0
2026-06-23 16:54:17 [INFO] 开始保存检测结果图像: 图像尺寸=(2160, 3840, 3), 类型=uint8, 路径=C:\code\show\Scrap_Steel_In_Field\photos\dangerous_det\detection_20260623_165417.jpg
2026-06-23 16:54:17 [INFO] 成功保存检测结果到: C:\code\show\Scrap_Steel_In_Field\photos\dangerous_det\detection_20260623_165417.jpg
2026-06-23 16:54:17 [INFO] 保存的检测结果文件大小: 2281030 字节
2026-06-23 16:54:17 [INFO] 引擎上下文已释放
2026-06-23 16:54:17 [INFO] TensorRT 引擎已释放
2026-06-23 16:54:17 [INFO] 全局 CUDA 资源已释放
2026-06-23 16:54:17 [INFO] 检测系统资源已释放
2026-06-23 16:54:22 [INFO] CUDA 初始化成功
2026-06-23 16:54:22 [INFO] 引擎加载成功: dangerous.engine
2026-06-23 16:54:22 [INFO] 检测系统初始化成功
2026-06-23 16:54:22 [INFO] 图像预处理完成，原始尺寸: (2160, 3840)
2026-06-23 16:54:22 [INFO] 开始执行目标检测...
2026-06-23 16:54:22 [INFO] 检测完成，找到 5 个物体
2026-06-23 16:54:22 [INFO] 物体 1: GasCyl1 (置信度: 0.89)
2026-06-23 16:54:22 [INFO] 物体 2: GasCyl1 (置信度: 0.69)
2026-06-23 16:54:22 [INFO] 物体 3: FireExt1 (置信度: 0.55)
2026-06-23 16:54:22 [INFO] 物体 4: FireExt1 (置信度: 0.51)
2026-06-23 16:54:22 [INFO] 物体 5: FireExt1 (置信度: 0.38)
2026-06-23 16:54:22 [INFO] 检测到车兜区域，将过滤区域外的目标
2026-06-23 16:54:22 [INFO] 车兜区域过滤: 5 -> 3 个目标
2026-06-23 16:54:22 [INFO] 准备保存检测结果到: C:\code\show\Scrap_Steel_In_Field\photos\dangerous_det\detection_20260623_165422.jpg
2026-06-23 16:54:22 [INFO] 图像形状: (2160, 3840, 3)
2026-06-23 16:54:22 [INFO] 图像数据类型: uint8
2026-06-23 16:54:22 [INFO] 图像最大值: 255
2026-06-23 16:54:22 [INFO] 图像最小值: 0
2026-06-23 16:54:22 [INFO] 开始保存检测结果图像: 图像尺寸=(2160, 3840, 3), 类型=uint8, 路径=C:\code\show\Scrap_Steel_In_Field\photos\dangerous_det\detection_20260623_165422.jpg
2026-06-23 16:54:22 [INFO] 成功保存检测结果到: C:\code\show\Scrap_Steel_In_Field\photos\dangerous_det\detection_20260623_165422.jpg
2026-06-23 16:54:22 [INFO] 保存的检测结果文件大小: 2278783 字节
2026-06-23 16:54:22 [INFO] 引擎上下文已释放
2026-06-23 16:54:22 [INFO] TensorRT 引擎已释放
2026-06-23 16:54:22 [INFO] 全局 CUDA 资源已释放
2026-06-23 16:54:22 [INFO] 检测系统资源已释放
2026-06-23 16:54:27 [INFO] CUDA 初始化成功
2026-06-23 16:54:27 [INFO] 引擎加载成功: dangerous.engine
2026-06-23 16:54:27 [INFO] 检测系统初始化成功
2026-06-23 16:54:27 [INFO] 图像预处理完成，原始尺寸: (2160, 3840)
2026-06-23 16:54:27 [INFO] 开始执行目标检测...
2026-06-23 16:54:27 [INFO] 检测完成，找到 5 个物体
2026-06-23 16:54:27 [INFO] 物体 1: GasCyl1 (置信度: 0.90)
2026-06-23 16:54:27 [INFO] 物体 2: GasCyl1 (置信度: 0.70)
2026-06-23 16:54:27 [INFO] 物体 3: FireExt1 (置信度: 0.53)
2026-06-23 16:54:27 [INFO] 物体 4: FireExt1 (置信度: 0.51)
2026-06-23 16:54:27 [INFO] 物体 5: FireExt1 (置信度: 0.41)
2026-06-23 16:54:27 [INFO] 检测到车兜区域，将过滤区域外的目标
2026-06-23 16:54:27 [INFO] 车兜区域过滤: 5 -> 3 个目标
2026-06-23 16:54:27 [INFO] 准备保存检测结果到: C:\code\show\Scrap_Steel_In_Field\photos\dangerous_det\detection_20260623_165427.jpg
2026-06-23 16:54:27 [INFO] 图像形状: (2160, 3840, 3)
2026-06-23 16:54:27 [INFO] 图像数据类型: uint8
2026-06-23 16:54:27 [INFO] 图像最大值: 255
2026-06-23 16:54:27 [INFO] 图像最小值: 0
2026-06-23 16:54:27 [INFO] 开始保存检测结果图像: 图像尺寸=(2160, 3840, 3), 类型=uint8, 路径=C:\code\show\Scrap_Steel_In_Field\photos\dangerous_det\detection_20260623_165427.jpg
2026-06-23 16:54:27 [INFO] 成功保存检测结果到: C:\code\show\Scrap_Steel_In_Field\photos\dangerous_det\detection_20260623_165427.jpg
2026-06-23 16:54:27 [INFO] 保存的检测结果文件大小: 2279013 字节
2026-06-23 16:54:27 [INFO] 引擎上下文已释放
2026-06-23 16:54:27 [INFO] TensorRT 引擎已释放
2026-06-23 16:54:27 [INFO] 全局 CUDA 资源已释放
2026-06-23 16:54:27 [INFO] 检测系统资源已释放
2026-06-23 16:54:33 [INFO] CUDA 初始化成功
2026-06-23 16:54:33 [INFO] 引擎加载成功: dangerous.engine
2026-06-23 16:54:33 [INFO] 检测系统初始化成功
2026-06-23 16:54:33 [INFO] 图像预处理完成，原始尺寸: (2160, 3840)
2026-06-23 16:54:33 [INFO] 开始执行目标检测...
2026-06-23 16:54:33 [INFO] 检测完成，找到 5 个物体
2026-06-23 16:54:33 [INFO] 物体 1: GasCyl1 (置信度: 0.90)
2026-06-23 16:54:33 [INFO] 物体 2: GasCyl1 (置信度: 0.76)
2026-06-23 16:54:33 [INFO] 物体 3: FireExt1 (置信度: 0.55)
2026-06-23 16:54:33 [INFO] 物体 4: FireExt1 (置信度: 0.50)
2026-06-23 16:54:33 [INFO] 物体 5: FireExt1 (置信度: 0.39)
2026-06-23 16:54:33 [INFO] 检测到车兜区域，将过滤区域外的目标
2026-06-23 16:54:33 [INFO] 车兜区域过滤: 5 -> 3 个目标
2026-06-23 16:54:33 [INFO] 准备保存检测结果到: C:\code\show\Scrap_Steel_In_Field\photos\dangerous_det\detection_20260623_165433.jpg
2026-06-23 16:54:33 [INFO] 图像形状: (2160, 3840, 3)
2026-06-23 16:54:33 [INFO] 图像数据类型: uint8
2026-06-23 16:54:33 [INFO] 图像最大值: 255
2026-06-23 16:54:33 [INFO] 图像最小值: 0
2026-06-23 16:54:33 [INFO] 开始保存检测结果图像: 图像尺寸=(2160, 3840, 3), 类型=uint8, 路径=C:\code\show\Scrap_Steel_In_Field\photos\dangerous_det\detection_20260623_165433.jpg
2026-06-23 16:54:33 [INFO] 成功保存检测结果到: C:\code\show\Scrap_Steel_In_Field\photos\dangerous_det\detection_20260623_165433.jpg
2026-06-23 16:54:33 [INFO] 保存的检测结果文件大小: 2275944 字节
2026-06-23 16:54:33 [INFO] 引擎上下文已释放
2026-06-23 16:54:33 [INFO] TensorRT 引擎已释放
2026-06-23 16:54:33 [INFO] 全局 CUDA 资源已释放
2026-06-23 16:54:33 [INFO] 检测系统资源已释放
2026-06-23 16:54:38 [INFO] CUDA 初始化成功
2026-06-23 16:54:38 [INFO] 引擎加载成功: dangerous.engine
2026-06-23 16:54:38 [INFO] 检测系统初始化成功
2026-06-23 16:54:38 [INFO] 图像预处理完成，原始尺寸: (2160, 3840)
2026-06-23 16:54:38 [INFO] 开始执行目标检测...
2026-06-23 16:54:38 [INFO] 检测完成，找到 5 个物体
2026-06-23 16:54:38 [INFO] 物体 1: GasCyl1 (置信度: 0.89)
2026-06-23 16:54:38 [INFO] 物体 2: GasCyl1 (置信度: 0.74)
2026-06-23 16:54:38 [INFO] 物体 3: FireExt1 (置信度: 0.58)
2026-06-23 16:54:38 [INFO] 物体 4: GasCyl1 (置信度: 0.48)
2026-06-23 16:54:38 [INFO] 物体 5: FireExt1 (置信度: 0.38)
2026-06-23 16:54:38 [INFO] 检测到车兜区域，将过滤区域外的目标
2026-06-23 16:54:38 [INFO] 车兜区域过滤: 5 -> 3 个目标
2026-06-23 16:54:38 [INFO] 准备保存检测结果到: C:\code\show\Scrap_Steel_In_Field\photos\dangerous_det\detection_20260623_165438.jpg
2026-06-23 16:54:38 [INFO] 图像形状: (2160, 3840, 3)
2026-06-23 16:54:38 [INFO] 图像数据类型: uint8
2026-06-23 16:54:38 [INFO] 图像最大值: 255
2026-06-23 16:54:38 [INFO] 图像最小值: 0
2026-06-23 16:54:38 [INFO] 开始保存检测结果图像: 图像尺寸=(2160, 3840, 3), 类型=uint8, 路径=C:\code\show\Scrap_Steel_In_Field\photos\dangerous_det\detection_20260623_165438.jpg
2026-06-23 16:54:38 [INFO] 成功保存检测结果到: C:\code\show\Scrap_Steel_In_Field\photos\dangerous_det\detection_20260623_165438.jpg
2026-06-23 16:54:38 [INFO] 保存的检测结果文件大小: 2279467 字节
2026-06-23 16:54:38 [INFO] 引擎上下文已释放
2026-06-23 16:54:38 [INFO] TensorRT 引擎已释放
2026-06-23 16:54:38 [INFO] 全局 CUDA 资源已释放
2026-06-23 16:54:38 [INFO] 检测系统资源已释放
2026-06-23 16:54:43 [INFO] CUDA 初始化成功
2026-06-23 16:54:43 [INFO] 引擎加载成功: dangerous.engine
2026-06-23 16:54:43 [INFO] 检测系统初始化成功
2026-06-23 16:54:43 [INFO] 图像预处理完成，原始尺寸: (2160, 3840)
2026-06-23 16:54:43 [INFO] 开始执行目标检测...
2026-06-23 16:54:43 [INFO] 检测完成，找到 4 个物体
2026-06-23 16:54:43 [INFO] 物体 1: GasCyl1 (置信度: 0.90)
2026-06-23 16:54:43 [INFO] 物体 2: GasCyl1 (置信度: 0.67)
2026-06-23 16:54:43 [INFO] 物体 3: FireExt1 (置信度: 0.54)
2026-06-23 16:54:43 [INFO] 物体 4: FireExt1 (置信度: 0.48)
2026-06-23 16:54:44 [INFO] 检测到车兜区域，将过滤区域外的目标
2026-06-23 16:54:44 [INFO] 车兜区域过滤: 4 -> 3 个目标
2026-06-23 16:54:44 [INFO] 准备保存检测结果到: C:\code\show\Scrap_Steel_In_Field\photos\dangerous_det\detection_20260623_165444.jpg
2026-06-23 16:54:44 [INFO] 图像形状: (2160, 3840, 3)
2026-06-23 16:54:44 [INFO] 图像数据类型: uint8
2026-06-23 16:54:44 [INFO] 图像最大值: 255
2026-06-23 16:54:44 [INFO] 图像最小值: 0
2026-06-23 16:54:44 [INFO] 开始保存检测结果图像: 图像尺寸=(2160, 3840, 3), 类型=uint8, 路径=C:\code\show\Scrap_Steel_In_Field\photos\dangerous_det\detection_20260623_165444.jpg
2026-06-23 16:54:44 [INFO] 成功保存检测结果到: C:\code\show\Scrap_Steel_In_Field\photos\dangerous_det\detection_20260623_165444.jpg
2026-06-23 16:54:44 [INFO] 保存的检测结果文件大小: 2276964 字节
2026-06-23 16:54:44 [INFO] 引擎上下文已释放
2026-06-23 16:54:44 [INFO] TensorRT 引擎已释放
2026-06-23 16:54:44 [INFO] 全局 CUDA 资源已释放
2026-06-23 16:54:44 [INFO] 检测系统资源已释放
2026-06-23 16:54:49 [INFO] CUDA 初始化成功
2026-06-23 16:54:49 [INFO] 引擎加载成功: dangerous.engine
2026-06-23 16:54:49 [INFO] 检测系统初始化成功
2026-06-23 16:54:49 [INFO] 图像预处理完成，原始尺寸: (2160, 3840)
2026-06-23 16:54:49 [INFO] 开始执行目标检测...
2026-06-23 16:54:49 [INFO] 检测完成，找到 5 个物体
2026-06-23 16:54:49 [INFO] 物体 1: GasCyl1 (置信度: 0.90)
2026-06-23 16:54:49 [INFO] 物体 2: GasCyl1 (置信度: 0.64)
2026-06-23 16:54:49 [INFO] 物体 3: FireExt1 (置信度: 0.54)
2026-06-23 16:54:49 [INFO] 物体 4: FireExt1 (置信度: 0.50)
2026-06-23 16:54:49 [INFO] 物体 5: FireExt1 (置信度: 0.38)
2026-06-23 16:54:49 [INFO] 检测到车兜区域，将过滤区域外的目标
2026-06-23 16:54:49 [INFO] 车兜区域过滤: 5 -> 3 个目标
2026-06-23 16:54:49 [INFO] 准备保存检测结果到: C:\code\show\Scrap_Steel_In_Field\photos\dangerous_det\detection_20260623_165449.jpg
2026-06-23 16:54:49 [INFO] 图像形状: (2160, 3840, 3)
2026-06-23 16:54:49 [INFO] 图像数据类型: uint8
2026-06-23 16:54:49 [INFO] 图像最大值: 255
2026-06-23 16:54:49 [INFO] 图像最小值: 0
2026-06-23 16:54:49 [INFO] 开始保存检测结果图像: 图像尺寸=(2160, 3840, 3), 类型=uint8, 路径=C:\code\show\Scrap_Steel_In_Field\photos\dangerous_det\detection_20260623_165449.jpg
2026-06-23 16:54:49 [INFO] 成功保存检测结果到: C:\code\show\Scrap_Steel_In_Field\photos\dangerous_det\detection_20260623_165449.jpg
2026-06-23 16:54:49 [INFO] 保存的检测结果文件大小: 2277884 字节
2026-06-23 16:54:49 [INFO] 引擎上下文已释放
2026-06-23 16:54:49 [INFO] TensorRT 引擎已释放
2026-06-23 16:54:49 [INFO] 全局 CUDA 资源已释放
2026-06-23 16:54:49 [INFO] 检测系统资源已释放
2026-06-23 16:54:54 [INFO] CUDA 初始化成功
2026-06-23 16:54:54 [INFO] 引擎加载成功: dangerous.engine
2026-06-23 16:54:54 [INFO] 检测系统初始化成功
2026-06-23 16:54:54 [INFO] 图像预处理完成，原始尺寸: (2160, 3840)
2026-06-23 16:54:54 [INFO] 开始执行目标检测...
2026-06-23 16:54:54 [INFO] 检测完成，找到 5 个物体
2026-06-23 16:54:54 [INFO] 物体 1: GasCyl1 (置信度: 0.90)
2026-06-23 16:54:54 [INFO] 物体 2: GasCyl1 (置信度: 0.73)
2026-06-23 16:54:54 [INFO] 物体 3: FireExt1 (置信度: 0.56)
2026-06-23 16:54:54 [INFO] 物体 4: FireExt1 (置信度: 0.48)
2026-06-23 16:54:54 [INFO] 物体 5: FireExt1 (置信度: 0.40)
2026-06-23 16:54:54 [INFO] 检测到车兜区域，将过滤区域外的目标
2026-06-23 16:54:54 [INFO] 车兜区域过滤: 5 -> 3 个目标
2026-06-23 16:54:54 [INFO] 准备保存检测结果到: C:\code\show\Scrap_Steel_In_Field\photos\dangerous_det\detection_20260623_165454.jpg
2026-06-23 16:54:54 [INFO] 图像形状: (2160, 3840, 3)
2026-06-23 16:54:54 [INFO] 图像数据类型: uint8
2026-06-23 16:54:54 [INFO] 图像最大值: 255
2026-06-23 16:54:54 [INFO] 图像最小值: 0
2026-06-23 16:54:54 [INFO] 开始保存检测结果图像: 图像尺寸=(2160, 3840, 3), 类型=uint8, 路径=C:\code\show\Scrap_Steel_In_Field\photos\dangerous_det\detection_20260623_165454.jpg
2026-06-23 16:54:54 [INFO] 成功保存检测结果到: C:\code\show\Scrap_Steel_In_Field\photos\dangerous_det\detection_20260623_165454.jpg
2026-06-23 16:54:54 [INFO] 保存的检测结果文件大小: 2278478 字节
2026-06-23 16:54:54 [INFO] 引擎上下文已释放
2026-06-23 16:54:54 [INFO] TensorRT 引擎已释放
2026-06-23 16:54:54 [INFO] 全局 CUDA 资源已释放
2026-06-23 16:54:54 [INFO] 检测系统资源已释放
2026-06-23 16:55:00 [INFO] CUDA 初始化成功
2026-06-23 16:55:00 [INFO] 引擎加载成功: dangerous.engine
2026-06-23 16:55:00 [INFO] 检测系统初始化成功
2026-06-23 16:55:00 [INFO] 图像预处理完成，原始尺寸: (2160, 3840)
2026-06-23 16:55:00 [INFO] 开始执行目标检测...
2026-06-23 16:55:00 [INFO] 检测完成，找到 5 个物体
2026-06-23 16:55:00 [INFO] 物体 1: GasCyl1 (置信度: 0.90)
2026-06-23 16:55:00 [INFO] 物体 2: GasCyl1 (置信度: 0.69)
2026-06-23 16:55:00 [INFO] 物体 3: FireExt1 (置信度: 0.56)
2026-06-23 16:55:00 [INFO] 物体 4: FireExt1 (置信度: 0.49)
2026-06-23 16:55:00 [INFO] 物体 5: FireExt1 (置信度: 0.41)
2026-06-23 16:55:00 [INFO] 检测到车兜区域，将过滤区域外的目标
2026-06-23 16:55:00 [INFO] 车兜区域过滤: 5 -> 3 个目标
2026-06-23 16:55:00 [INFO] 准备保存检测结果到: C:\code\show\Scrap_Steel_In_Field\photos\dangerous_det\detection_20260623_165500.jpg
2026-06-23 16:55:00 [INFO] 图像形状: (2160, 3840, 3)
2026-06-23 16:55:00 [INFO] 图像数据类型: uint8
2026-06-23 16:55:00 [INFO] 图像最大值: 255
2026-06-23 16:55:00 [INFO] 图像最小值: 0
2026-06-23 16:55:00 [INFO] 开始保存检测结果图像: 图像尺寸=(2160, 3840, 3), 类型=uint8, 路径=C:\code\show\Scrap_Steel_In_Field\photos\dangerous_det\detection_20260623_165500.jpg
2026-06-23 16:55:00 [INFO] 成功保存检测结果到: C:\code\show\Scrap_Steel_In_Field\photos\dangerous_det\detection_20260623_165500.jpg
2026-06-23 16:55:00 [INFO] 保存的检测结果文件大小: 2278794 字节
2026-06-23 16:55:00 [INFO] 引擎上下文已释放
2026-06-23 16:55:00 [INFO] TensorRT 引擎已释放
2026-06-23 16:55:00 [INFO] 全局 CUDA 资源已释放
2026-06-23 16:55:00 [INFO] 检测系统资源已释放
2026-06-23 16:55:05 [INFO] CUDA 初始化成功
2026-06-23 16:55:05 [INFO] 引擎加载成功: dangerous.engine
2026-06-23 16:55:05 [INFO] 检测系统初始化成功
2026-06-23 16:55:05 [INFO] 图像预处理完成，原始尺寸: (2160, 3840)
2026-06-23 16:55:05 [INFO] 开始执行目标检测...
2026-06-23 16:55:05 [INFO] 检测完成，找到 5 个物体
2026-06-23 16:55:05 [INFO] 物体 1: GasCyl1 (置信度: 0.89)
2026-06-23 16:55:05 [INFO] 物体 2: GasCyl1 (置信度: 0.63)
2026-06-23 16:55:05 [INFO] 物体 3: FireExt1 (置信度: 0.56)
2026-06-23 16:55:05 [INFO] 物体 4: FireExt1 (置信度: 0.51)
2026-06-23 16:55:05 [INFO] 物体 5: FireExt1 (置信度: 0.39)
2026-06-23 16:55:05 [INFO] 检测到车兜区域，将过滤区域外的目标
2026-06-23 16:55:05 [INFO] 车兜区域过滤: 5 -> 3 个目标
2026-06-23 16:55:05 [INFO] 准备保存检测结果到: C:\code\show\Scrap_Steel_In_Field\photos\dangerous_det\detection_20260623_165505.jpg
2026-06-23 16:55:05 [INFO] 图像形状: (2160, 3840, 3)
2026-06-23 16:55:05 [INFO] 图像数据类型: uint8
2026-06-23 16:55:05 [INFO] 图像最大值: 255
2026-06-23 16:55:05 [INFO] 图像最小值: 0
2026-06-23 16:55:05 [INFO] 开始保存检测结果图像: 图像尺寸=(2160, 3840, 3), 类型=uint8, 路径=C:\code\show\Scrap_Steel_In_Field\photos\dangerous_det\detection_20260623_165505.jpg
2026-06-23 16:55:05 [INFO] 成功保存检测结果到: C:\code\show\Scrap_Steel_In_Field\photos\dangerous_det\detection_20260623_165505.jpg
2026-06-23 16:55:05 [INFO] 保存的检测结果文件大小: 2278790 字节
2026-06-23 16:55:05 [INFO] 引擎上下文已释放
2026-06-23 16:55:05 [INFO] TensorRT 引擎已释放
2026-06-23 16:55:05 [INFO] 全局 CUDA 资源已释放
2026-06-23 16:55:05 [INFO] 检测系统资源已释放
2026-06-23 16:55:10 [INFO] CUDA 初始化成功
2026-06-23 16:55:10 [INFO] 引擎加载成功: dangerous.engine
2026-06-23 16:55:10 [INFO] 检测系统初始化成功
2026-06-23 16:55:10 [INFO] 图像预处理完成，原始尺寸: (2160, 3840)
2026-06-23 16:55:10 [INFO] 开始执行目标检测...
2026-06-23 16:55:10 [INFO] 检测完成，找到 5 个物体
2026-06-23 16:55:10 [INFO] 物体 1: GasCyl1 (置信度: 0.89)
2026-06-23 16:55:10 [INFO] 物体 2: GasCyl1 (置信度: 0.72)
2026-06-23 16:55:10 [INFO] 物体 3: FireExt1 (置信度: 0.56)
2026-06-23 16:55:10 [INFO] 物体 4: FireExt1 (置信度: 0.51)
2026-06-23 16:55:10 [INFO] 物体 5: FireExt1 (置信度: 0.42)
2026-06-23 16:55:11 [INFO] 检测到车兜区域，将过滤区域外的目标
2026-06-23 16:55:11 [INFO] 车兜区域过滤: 5 -> 3 个目标
2026-06-23 16:55:11 [INFO] 准备保存检测结果到: C:\code\show\Scrap_Steel_In_Field\photos\dangerous_det\detection_20260623_165511.jpg
2026-06-23 16:55:11 [INFO] 图像形状: (2160, 3840, 3)
2026-06-23 16:55:11 [INFO] 图像数据类型: uint8
2026-06-23 16:55:11 [INFO] 图像最大值: 255
2026-06-23 16:55:11 [INFO] 图像最小值: 0
2026-06-23 16:55:11 [INFO] 开始保存检测结果图像: 图像尺寸=(2160, 3840, 3), 类型=uint8, 路径=C:\code\show\Scrap_Steel_In_Field\photos\dangerous_det\detection_20260623_165511.jpg
2026-06-23 16:55:11 [INFO] 成功保存检测结果到: C:\code\show\Scrap_Steel_In_Field\photos\dangerous_det\detection_20260623_165511.jpg
2026-06-23 16:55:11 [INFO] 保存的检测结果文件大小: 2278135 字节
2026-06-23 16:55:11 [INFO] 引擎上下文已释放
2026-06-23 16:55:11 [INFO] TensorRT 引擎已释放
2026-06-23 16:55:11 [INFO] 全局 CUDA 资源已释放
2026-06-23 16:55:11 [INFO] 检测系统资源已释放
2026-06-23 16:55:16 [INFO] CUDA 初始化成功
2026-06-23 16:55:16 [INFO] 引擎加载成功: dangerous.engine
2026-06-23 16:55:16 [INFO] 检测系统初始化成功
2026-06-23 16:55:16 [INFO] 图像预处理完成，原始尺寸: (2160, 3840)
2026-06-23 16:55:16 [INFO] 开始执行目标检测...
2026-06-23 16:55:16 [INFO] 检测完成，找到 5 个物体
2026-06-23 16:55:16 [INFO] 物体 1: GasCyl1 (置信度: 0.89)
2026-06-23 16:55:16 [INFO] 物体 2: GasCyl1 (置信度: 0.73)
2026-06-23 16:55:16 [INFO] 物体 3: FireExt1 (置信度: 0.56)
2026-06-23 16:55:16 [INFO] 物体 4: GasCyl1 (置信度: 0.49)
2026-06-23 16:55:16 [INFO] 物体 5: FireExt1 (置信度: 0.43)
2026-06-23 16:55:16 [INFO] 检测到车兜区域，将过滤区域外的目标
2026-06-23 16:55:16 [INFO] 车兜区域过滤: 5 -> 3 个目标
2026-06-23 16:55:16 [INFO] 准备保存检测结果到: C:\code\show\Scrap_Steel_In_Field\photos\dangerous_det\detection_20260623_165516.jpg
2026-06-23 16:55:16 [INFO] 图像形状: (2160, 3840, 3)
2026-06-23 16:55:16 [INFO] 图像数据类型: uint8
2026-06-23 16:55:16 [INFO] 图像最大值: 255
2026-06-23 16:55:16 [INFO] 图像最小值: 0
2026-06-23 16:55:16 [INFO] 开始保存检测结果图像: 图像尺寸=(2160, 3840, 3), 类型=uint8, 路径=C:\code\show\Scrap_Steel_In_Field\photos\dangerous_det\detection_20260623_165516.jpg
2026-06-23 16:55:16 [INFO] 成功保存检测结果到: C:\code\show\Scrap_Steel_In_Field\photos\dangerous_det\detection_20260623_165516.jpg
2026-06-23 16:55:16 [INFO] 保存的检测结果文件大小: 2278751 字节
2026-06-23 16:55:16 [INFO] 引擎上下文已释放
2026-06-23 16:55:16 [INFO] TensorRT 引擎已释放
2026-06-23 16:55:16 [INFO] 全局 CUDA 资源已释放
2026-06-23 16:55:16 [INFO] 检测系统资源已释放
2026-06-23 16:55:21 [INFO] CUDA 初始化成功
2026-06-23 16:55:21 [INFO] 引擎加载成功: dangerous.engine
2026-06-23 16:55:21 [INFO] 检测系统初始化成功
2026-06-23 16:55:21 [INFO] 图像预处理完成，原始尺寸: (2160, 3840)
2026-06-23 16:55:21 [INFO] 开始执行目标检测...
2026-06-23 16:55:21 [INFO] 检测完成，找到 5 个物体
2026-06-23 16:55:21 [INFO] 物体 1: GasCyl1 (置信度: 0.90)
2026-06-23 16:55:21 [INFO] 物体 2: GasCyl1 (置信度: 0.70)
2026-06-23 16:55:21 [INFO] 物体 3: FireExt1 (置信度: 0.53)
2026-06-23 16:55:21 [INFO] 物体 4: FireExt1 (置信度: 0.48)
2026-06-23 16:55:21 [INFO] 物体 5: FireExt1 (置信度: 0.39)
2026-06-23 16:55:21 [INFO] 检测到车兜区域，将过滤区域外的目标
2026-06-23 16:55:21 [INFO] 车兜区域过滤: 5 -> 3 个目标
2026-06-23 16:55:21 [INFO] 准备保存检测结果到: C:\code\show\Scrap_Steel_In_Field\photos\dangerous_det\detection_20260623_165521.jpg
2026-06-23 16:55:21 [INFO] 图像形状: (2160, 3840, 3)
2026-06-23 16:55:21 [INFO] 图像数据类型: uint8
2026-06-23 16:55:21 [INFO] 图像最大值: 255
2026-06-23 16:55:21 [INFO] 图像最小值: 0
2026-06-23 16:55:21 [INFO] 开始保存检测结果图像: 图像尺寸=(2160, 3840, 3), 类型=uint8, 路径=C:\code\show\Scrap_Steel_In_Field\photos\dangerous_det\detection_20260623_165521.jpg
2026-06-23 16:55:21 [INFO] 成功保存检测结果到: C:\code\show\Scrap_Steel_In_Field\photos\dangerous_det\detection_20260623_165521.jpg
2026-06-23 16:55:21 [INFO] 保存的检测结果文件大小: 2280659 字节
2026-06-23 16:55:21 [INFO] 引擎上下文已释放
2026-06-23 16:55:21 [INFO] TensorRT 引擎已释放
2026-06-23 16:55:21 [INFO] 全局 CUDA 资源已释放
2026-06-23 16:55:21 [INFO] 检测系统资源已释放
2026-06-23 16:55:27 [INFO] CUDA 初始化成功
2026-06-23 16:55:27 [INFO] 引擎加载成功: dangerous.engine
2026-06-23 16:55:27 [INFO] 检测系统初始化成功
2026-06-23 16:55:27 [INFO] 图像预处理完成，原始尺寸: (2160, 3840)
2026-06-23 16:55:27 [INFO] 开始执行目标检测...
2026-06-23 16:55:27 [INFO] 检测完成，找到 5 个物体
2026-06-23 16:55:27 [INFO] 物体 1: GasCyl1 (置信度: 0.89)
2026-06-23 16:55:27 [INFO] 物体 2: GasCyl1 (置信度: 0.71)
2026-06-23 16:55:27 [INFO] 物体 3: FireExt1 (置信度: 0.56)
2026-06-23 16:55:27 [INFO] 物体 4: FireExt1 (置信度: 0.49)
2026-06-23 16:55:27 [INFO] 物体 5: FireExt1 (置信度: 0.35)
2026-06-23 16:55:27 [INFO] 检测到车兜区域，将过滤区域外的目标
2026-06-23 16:55:27 [INFO] 车兜区域过滤: 5 -> 3 个目标
2026-06-23 16:55:27 [INFO] 准备保存检测结果到: C:\code\show\Scrap_Steel_In_Field\photos\dangerous_det\detection_20260623_165527.jpg
2026-06-23 16:55:27 [INFO] 图像形状: (2160, 3840, 3)
2026-06-23 16:55:27 [INFO] 图像数据类型: uint8
2026-06-23 16:55:27 [INFO] 图像最大值: 255
2026-06-23 16:55:27 [INFO] 图像最小值: 0
2026-06-23 16:55:27 [INFO] 开始保存检测结果图像: 图像尺寸=(2160, 3840, 3), 类型=uint8, 路径=C:\code\show\Scrap_Steel_In_Field\photos\dangerous_det\detection_20260623_165527.jpg
2026-06-23 16:55:27 [INFO] 成功保存检测结果到: C:\code\show\Scrap_Steel_In_Field\photos\dangerous_det\detection_20260623_165527.jpg
2026-06-23 16:55:27 [INFO] 保存的检测结果文件大小: 2278802 字节
2026-06-23 16:55:27 [INFO] 引擎上下文已释放
2026-06-23 16:55:27 [INFO] TensorRT 引擎已释放
2026-06-23 16:55:27 [INFO] 全局 CUDA 资源已释放
2026-06-23 16:55:27 [INFO] 检测系统资源已释放
2026-06-23 16:55:32 [INFO] CUDA 初始化成功
2026-06-23 16:55:32 [INFO] 引擎加载成功: dangerous.engine
2026-06-23 16:55:32 [INFO] 检测系统初始化成功
2026-06-23 16:55:32 [INFO] 图像预处理完成，原始尺寸: (2160, 3840)
2026-06-23 16:55:32 [INFO] 开始执行目标检测...
2026-06-23 16:55:32 [INFO] 检测完成，找到 5 个物体
2026-06-23 16:55:32 [INFO] 物体 1: GasCyl1 (置信度: 0.89)
2026-06-23 16:55:32 [INFO] 物体 2: GasCyl1 (置信度: 0.68)
2026-06-23 16:55:32 [INFO] 物体 3: FireExt1 (置信度: 0.55)
2026-06-23 16:55:32 [INFO] 物体 4: FireExt1 (置信度: 0.49)
2026-06-23 16:55:32 [INFO] 物体 5: FireExt1 (置信度: 0.40)
2026-06-23 16:55:32 [INFO] 检测到车兜区域，将过滤区域外的目标
2026-06-23 16:55:32 [INFO] 车兜区域过滤: 5 -> 3 个目标
2026-06-23 16:55:32 [INFO] 准备保存检测结果到: C:\code\show\Scrap_Steel_In_Field\photos\dangerous_det\detection_20260623_165532.jpg
2026-06-23 16:55:32 [INFO] 图像形状: (2160, 3840, 3)
2026-06-23 16:55:32 [INFO] 图像数据类型: uint8
2026-06-23 16:55:32 [INFO] 图像最大值: 255
2026-06-23 16:55:32 [INFO] 图像最小值: 0
2026-06-23 16:55:32 [INFO] 开始保存检测结果图像: 图像尺寸=(2160, 3840, 3), 类型=uint8, 路径=C:\code\show\Scrap_Steel_In_Field\photos\dangerous_det\detection_20260623_165532.jpg
2026-06-23 16:55:32 [INFO] 成功保存检测结果到: C:\code\show\Scrap_Steel_In_Field\photos\dangerous_det\detection_20260623_165532.jpg
2026-06-23 16:55:32 [INFO] 保存的检测结果文件大小: 2280552 字节
2026-06-23 16:55:32 [INFO] 引擎上下文已释放
2026-06-23 16:55:32 [INFO] TensorRT 引擎已释放
2026-06-23 16:55:32 [INFO] 全局 CUDA 资源已释放
2026-06-23 16:55:32 [INFO] 检测系统资源已释放
2026-06-23 16:55:37 [INFO] CUDA 初始化成功
2026-06-23 16:55:37 [INFO] 引擎加载成功: dangerous.engine
2026-06-23 16:55:37 [INFO] 检测系统初始化成功
2026-06-23 16:55:37 [INFO] 图像预处理完成，原始尺寸: (2160, 3840)
2026-06-23 16:55:37 [INFO] 开始执行目标检测...
2026-06-23 16:55:37 [INFO] 检测完成，找到 5 个物体
2026-06-23 16:55:37 [INFO] 物体 1: GasCyl1 (置信度: 0.90)
2026-06-23 16:55:37 [INFO] 物体 2: GasCyl1 (置信度: 0.70)
2026-06-23 16:55:37 [INFO] 物体 3: FireExt1 (置信度: 0.55)
2026-06-23 16:55:37 [INFO] 物体 4: FireExt1 (置信度: 0.51)
2026-06-23 16:55:37 [INFO] 物体 5: FireExt1 (置信度: 0.42)
2026-06-23 16:55:38 [INFO] 检测到车兜区域，将过滤区域外的目标
2026-06-23 16:55:38 [INFO] 车兜区域过滤: 5 -> 3 个目标
2026-06-23 16:55:38 [INFO] 准备保存检测结果到: C:\code\show\Scrap_Steel_In_Field\photos\dangerous_det\detection_20260623_165538.jpg
2026-06-23 16:55:38 [INFO] 图像形状: (2160, 3840, 3)
2026-06-23 16:55:38 [INFO] 图像数据类型: uint8
2026-06-23 16:55:38 [INFO] 图像最大值: 255
2026-06-23 16:55:38 [INFO] 图像最小值: 0
2026-06-23 16:55:38 [INFO] 开始保存检测结果图像: 图像尺寸=(2160, 3840, 3), 类型=uint8, 路径=C:\code\show\Scrap_Steel_In_Field\photos\dangerous_det\detection_20260623_165538.jpg
2026-06-23 16:55:38 [INFO] 成功保存检测结果到: C:\code\show\Scrap_Steel_In_Field\photos\dangerous_det\detection_20260623_165538.jpg
2026-06-23 16:55:38 [INFO] 保存的检测结果文件大小: 2279962 字节
2026-06-23 16:55:38 [INFO] 引擎上下文已释放
2026-06-23 16:55:38 [INFO] TensorRT 引擎已释放
2026-06-23 16:55:38 [INFO] 全局 CUDA 资源已释放
2026-06-23 16:55:38 [INFO] 检测系统资源已释放
2026-06-23 16:55:43 [INFO] CUDA 初始化成功
2026-06-23 16:55:43 [INFO] 引擎加载成功: dangerous.engine
2026-06-23 16:55:43 [INFO] 检测系统初始化成功
2026-06-23 16:55:43 [INFO] 图像预处理完成，原始尺寸: (2160, 3840)
2026-06-23 16:55:43 [INFO] 开始执行目标检测...
2026-06-23 16:55:43 [INFO] 检测完成，找到 5 个物体
2026-06-23 16:55:43 [INFO] 物体 1: GasCyl1 (置信度: 0.90)
2026-06-23 16:55:43 [INFO] 物体 2: GasCyl1 (置信度: 0.74)
2026-06-23 16:55:43 [INFO] 物体 3: FireExt1 (置信度: 0.56)
2026-06-23 16:55:43 [INFO] 物体 4: FireExt1 (置信度: 0.49)
2026-06-23 16:55:43 [INFO] 物体 5: FireExt1 (置信度: 0.38)
2026-06-23 16:55:43 [INFO] 检测到车兜区域，将过滤区域外的目标
2026-06-23 16:55:43 [INFO] 车兜区域过滤: 5 -> 3 个目标
2026-06-23 16:55:43 [INFO] 准备保存检测结果到: C:\code\show\Scrap_Steel_In_Field\photos\dangerous_det\detection_20260623_165543.jpg
2026-06-23 16:55:43 [INFO] 图像形状: (2160, 3840, 3)
2026-06-23 16:55:43 [INFO] 图像数据类型: uint8
2026-06-23 16:55:43 [INFO] 图像最大值: 255
2026-06-23 16:55:43 [INFO] 图像最小值: 0
2026-06-23 16:55:43 [INFO] 开始保存检测结果图像: 图像尺寸=(2160, 3840, 3), 类型=uint8, 路径=C:\code\show\Scrap_Steel_In_Field\photos\dangerous_det\detection_20260623_165543.jpg
2026-06-23 16:55:43 [INFO] 成功保存检测结果到: C:\code\show\Scrap_Steel_In_Field\photos\dangerous_det\detection_20260623_165543.jpg
2026-06-23 16:55:43 [INFO] 保存的检测结果文件大小: 2279489 字节
2026-06-23 16:55:43 [INFO] 引擎上下文已释放
2026-06-23 16:55:43 [INFO] TensorRT 引擎已释放
2026-06-23 16:55:43 [INFO] 全局 CUDA 资源已释放
2026-06-23 16:55:43 [INFO] 检测系统资源已释放
2026-06-23 16:55:48 [INFO] CUDA 初始化成功
2026-06-23 16:55:48 [INFO] 引擎加载成功: dangerous.engine
2026-06-23 16:55:48 [INFO] 检测系统初始化成功
2026-06-23 16:55:48 [INFO] 图像预处理完成，原始尺寸: (2160, 3840)
2026-06-23 16:55:48 [INFO] 开始执行目标检测...
2026-06-23 16:55:48 [INFO] 检测完成，找到 5 个物体
2026-06-23 16:55:48 [INFO] 物体 1: GasCyl1 (置信度: 0.90)
2026-06-23 16:55:48 [INFO] 物体 2: GasCyl1 (置信度: 0.70)
2026-06-23 16:55:48 [INFO] 物体 3: FireExt1 (置信度: 0.56)
2026-06-23 16:55:48 [INFO] 物体 4: FireExt1 (置信度: 0.48)
2026-06-23 16:55:48 [INFO] 物体 5: FireExt1 (置信度: 0.39)
2026-06-23 16:55:48 [INFO] 检测到车兜区域，将过滤区域外的目标
2026-06-23 16:55:48 [INFO] 车兜区域过滤: 5 -> 3 个目标
2026-06-23 16:55:48 [INFO] 准备保存检测结果到: C:\code\show\Scrap_Steel_In_Field\photos\dangerous_det\detection_20260623_165548.jpg
2026-06-23 16:55:48 [INFO] 图像形状: (2160, 3840, 3)
2026-06-23 16:55:48 [INFO] 图像数据类型: uint8
2026-06-23 16:55:48 [INFO] 图像最大值: 255
2026-06-23 16:55:48 [INFO] 图像最小值: 0
2026-06-23 16:55:48 [INFO] 开始保存检测结果图像: 图像尺寸=(2160, 3840, 3), 类型=uint8, 路径=C:\code\show\Scrap_Steel_In_Field\photos\dangerous_det\detection_20260623_165548.jpg
2026-06-23 16:55:48 [INFO] 成功保存检测结果到: C:\code\show\Scrap_Steel_In_Field\photos\dangerous_det\detection_20260623_165548.jpg
2026-06-23 16:55:48 [INFO] 保存的检测结果文件大小: 2281951 字节
2026-06-23 16:55:48 [INFO] 引擎上下文已释放
2026-06-23 16:55:48 [INFO] TensorRT 引擎已释放
2026-06-23 16:55:48 [INFO] 全局 CUDA 资源已释放
2026-06-23 16:55:48 [INFO] 检测系统资源已释放
2026-06-23 16:55:53 [INFO] CUDA 初始化成功
2026-06-23 16:55:53 [INFO] 引擎加载成功: dangerous.engine
2026-06-23 16:55:53 [INFO] 检测系统初始化成功
2026-06-23 16:55:53 [INFO] 图像预处理完成，原始尺寸: (2160, 3840)
2026-06-23 16:55:53 [INFO] 开始执行目标检测...
2026-06-23 16:55:53 [INFO] 检测完成，找到 4 个物体
2026-06-23 16:55:53 [INFO] 物体 1: GasCyl1 (置信度: 0.90)
2026-06-23 16:55:53 [INFO] 物体 2: GasCyl1 (置信度: 0.70)
2026-06-23 16:55:53 [INFO] 物体 3: FireExt1 (置信度: 0.55)
2026-06-23 16:55:53 [INFO] 物体 4: GasCyl1 (置信度: 0.49)
2026-06-23 16:55:53 [INFO] 检测到车兜区域，将过滤区域外的目标
2026-06-23 16:55:53 [INFO] 车兜区域过滤: 4 -> 3 个目标
2026-06-23 16:55:53 [INFO] 准备保存检测结果到: C:\code\show\Scrap_Steel_In_Field\photos\dangerous_det\detection_20260623_165553.jpg
2026-06-23 16:55:53 [INFO] 图像形状: (2160, 3840, 3)
2026-06-23 16:55:53 [INFO] 图像数据类型: uint8
2026-06-23 16:55:53 [INFO] 图像最大值: 255
2026-06-23 16:55:53 [INFO] 图像最小值: 0
2026-06-23 16:55:53 [INFO] 开始保存检测结果图像: 图像尺寸=(2160, 3840, 3), 类型=uint8, 路径=C:\code\show\Scrap_Steel_In_Field\photos\dangerous_det\detection_20260623_165553.jpg
2026-06-23 16:55:53 [INFO] 成功保存检测结果到: C:\code\show\Scrap_Steel_In_Field\photos\dangerous_det\detection_20260623_165553.jpg
2026-06-23 16:55:53 [INFO] 保存的检测结果文件大小: 2279450 字节
2026-06-23 16:55:53 [INFO] 引擎上下文已释放
2026-06-23 16:55:53 [INFO] TensorRT 引擎已释放
2026-06-23 16:55:53 [INFO] 全局 CUDA 资源已释放
2026-06-23 16:55:53 [INFO] 检测系统资源已释放
2026-06-23 16:55:59 [INFO] CUDA 初始化成功
2026-06-23 16:55:59 [INFO] 引擎加载成功: dangerous.engine
2026-06-23 16:55:59 [INFO] 检测系统初始化成功
2026-06-23 16:55:59 [INFO] 图像预处理完成，原始尺寸: (2160, 3840)
2026-06-23 16:55:59 [INFO] 开始执行目标检测...
2026-06-23 16:55:59 [INFO] 检测完成，找到 5 个物体
2026-06-23 16:55:59 [INFO] 物体 1: GasCyl1 (置信度: 0.90)
2026-06-23 16:55:59 [INFO] 物体 2: GasCyl1 (置信度: 0.60)
2026-06-23 16:55:59 [INFO] 物体 3: FireExt1 (置信度: 0.54)
2026-06-23 16:55:59 [INFO] 物体 4: FireExt1 (置信度: 0.49)
2026-06-23 16:55:59 [INFO] 物体 5: FireExt1 (置信度: 0.44)
2026-06-23 16:55:59 [INFO] 检测到车兜区域，将过滤区域外的目标
2026-06-23 16:55:59 [INFO] 车兜区域过滤: 5 -> 3 个目标
2026-06-23 16:55:59 [INFO] 准备保存检测结果到: C:\code\show\Scrap_Steel_In_Field\photos\dangerous_det\detection_20260623_165559.jpg
2026-06-23 16:55:59 [INFO] 图像形状: (2160, 3840, 3)
2026-06-23 16:55:59 [INFO] 图像数据类型: uint8
2026-06-23 16:55:59 [INFO] 图像最大值: 255
2026-06-23 16:55:59 [INFO] 图像最小值: 0
2026-06-23 16:55:59 [INFO] 开始保存检测结果图像: 图像尺寸=(2160, 3840, 3), 类型=uint8, 路径=C:\code\show\Scrap_Steel_In_Field\photos\dangerous_det\detection_20260623_165559.jpg
2026-06-23 16:55:59 [INFO] 成功保存检测结果到: C:\code\show\Scrap_Steel_In_Field\photos\dangerous_det\detection_20260623_165559.jpg
2026-06-23 16:55:59 [INFO] 保存的检测结果文件大小: 2281061 字节
2026-06-23 16:55:59 [INFO] 引擎上下文已释放
2026-06-23 16:55:59 [INFO] TensorRT 引擎已释放
2026-06-23 16:55:59 [INFO] 全局 CUDA 资源已释放
2026-06-23 16:55:59 [INFO] 检测系统资源已释放
2026-06-23 16:56:04 [INFO] CUDA 初始化成功
2026-06-23 16:56:04 [INFO] 引擎加载成功: dangerous.engine
2026-06-23 16:56:04 [INFO] 检测系统初始化成功
2026-06-23 16:56:04 [INFO] 图像预处理完成，原始尺寸: (2160, 3840)
2026-06-23 16:56:04 [INFO] 开始执行目标检测...
2026-06-23 16:56:04 [INFO] 检测完成，找到 5 个物体
2026-06-23 16:56:04 [INFO] 物体 1: GasCyl1 (置信度: 0.89)
2026-06-23 16:56:04 [INFO] 物体 2: GasCyl1 (置信度: 0.62)
2026-06-23 16:56:04 [INFO] 物体 3: FireExt1 (置信度: 0.56)
2026-06-23 16:56:04 [INFO] 物体 4: FireExt1 (置信度: 0.52)
2026-06-23 16:56:04 [INFO] 物体 5: FireExt1 (置信度: 0.41)
2026-06-23 16:56:04 [INFO] 检测到车兜区域，将过滤区域外的目标
2026-06-23 16:56:04 [INFO] 车兜区域过滤: 5 -> 3 个目标
2026-06-23 16:56:04 [INFO] 准备保存检测结果到: C:\code\show\Scrap_Steel_In_Field\photos\dangerous_det\detection_20260623_165604.jpg
2026-06-23 16:56:04 [INFO] 图像形状: (2160, 3840, 3)
2026-06-23 16:56:04 [INFO] 图像数据类型: uint8
2026-06-23 16:56:04 [INFO] 图像最大值: 255
2026-06-23 16:56:04 [INFO] 图像最小值: 0
2026-06-23 16:56:04 [INFO] 开始保存检测结果图像: 图像尺寸=(2160, 3840, 3), 类型=uint8, 路径=C:\code\show\Scrap_Steel_In_Field\photos\dangerous_det\detection_20260623_165604.jpg
2026-06-23 16:56:04 [INFO] 成功保存检测结果到: C:\code\show\Scrap_Steel_In_Field\photos\dangerous_det\detection_20260623_165604.jpg
2026-06-23 16:56:04 [INFO] 保存的检测结果文件大小: 2279955 字节
2026-06-23 16:56:04 [INFO] 引擎上下文已释放
2026-06-23 16:56:04 [INFO] TensorRT 引擎已释放
2026-06-23 16:56:04 [INFO] 全局 CUDA 资源已释放
2026-06-23 16:56:04 [INFO] 检测系统资源已释放
2026-06-23 16:56:09 [INFO] CUDA 初始化成功
2026-06-23 16:56:09 [INFO] 引擎加载成功: dangerous.engine
2026-06-23 16:56:09 [INFO] 检测系统初始化成功
2026-06-23 16:56:09 [INFO] 图像预处理完成，原始尺寸: (2160, 3840)
2026-06-23 16:56:09 [INFO] 开始执行目标检测...
2026-06-23 16:56:09 [INFO] 检测完成，找到 4 个物体
2026-06-23 16:56:09 [INFO] 物体 1: GasCyl1 (置信度: 0.89)
2026-06-23 16:56:09 [INFO] 物体 2: GasCyl1 (置信度: 0.73)
2026-06-23 16:56:09 [INFO] 物体 3: FireExt1 (置信度: 0.55)
2026-06-23 16:56:09 [INFO] 物体 4: FireExt1 (置信度: 0.52)
2026-06-23 16:56:09 [INFO] 检测到车兜区域，将过滤区域外的目标
2026-06-23 16:56:09 [INFO] 车兜区域过滤: 4 -> 3 个目标
2026-06-23 16:56:09 [INFO] 准备保存检测结果到: C:\code\show\Scrap_Steel_In_Field\photos\dangerous_det\detection_20260623_165609.jpg
2026-06-23 16:56:09 [INFO] 图像形状: (2160, 3840, 3)
2026-06-23 16:56:09 [INFO] 图像数据类型: uint8
2026-06-23 16:56:09 [INFO] 图像最大值: 255
2026-06-23 16:56:09 [INFO] 图像最小值: 0
2026-06-23 16:56:09 [INFO] 开始保存检测结果图像: 图像尺寸=(2160, 3840, 3), 类型=uint8, 路径=C:\code\show\Scrap_Steel_In_Field\photos\dangerous_det\detection_20260623_165609.jpg
2026-06-23 16:56:09 [INFO] 成功保存检测结果到: C:\code\show\Scrap_Steel_In_Field\photos\dangerous_det\detection_20260623_165609.jpg
2026-06-23 16:56:09 [INFO] 保存的检测结果文件大小: 2277788 字节
2026-06-23 16:56:09 [INFO] 引擎上下文已释放
2026-06-23 16:56:09 [INFO] TensorRT 引擎已释放
2026-06-23 16:56:09 [INFO] 全局 CUDA 资源已释放
2026-06-23 16:56:09 [INFO] 检测系统资源已释放
2026-06-23 16:56:14 [INFO] CUDA 初始化成功
2026-06-23 16:56:14 [INFO] 引擎加载成功: dangerous.engine
2026-06-23 16:56:14 [INFO] 检测系统初始化成功
2026-06-23 16:56:14 [INFO] 图像预处理完成，原始尺寸: (2160, 3840)
2026-06-23 16:56:14 [INFO] 开始执行目标检测...
2026-06-23 16:56:14 [INFO] 检测完成，找到 5 个物体
2026-06-23 16:56:14 [INFO] 物体 1: GasCyl1 (置信度: 0.89)
2026-06-23 16:56:14 [INFO] 物体 2: GasCyl1 (置信度: 0.61)
2026-06-23 16:56:14 [INFO] 物体 3: FireExt1 (置信度: 0.54)
2026-06-23 16:56:14 [INFO] 物体 4: FireExt1 (置信度: 0.49)
2026-06-23 16:56:14 [INFO] 物体 5: FireExt1 (置信度: 0.41)
2026-06-23 16:56:14 [INFO] 检测到车兜区域，将过滤区域外的目标
2026-06-23 16:56:14 [INFO] 车兜区域过滤: 5 -> 3 个目标
2026-06-23 16:56:14 [INFO] 准备保存检测结果到: C:\code\show\Scrap_Steel_In_Field\photos\dangerous_det\detection_20260623_165614.jpg
2026-06-23 16:56:14 [INFO] 图像形状: (2160, 3840, 3)
2026-06-23 16:56:14 [INFO] 图像数据类型: uint8
2026-06-23 16:56:14 [INFO] 图像最大值: 255
2026-06-23 16:56:15 [INFO] 图像最小值: 0
2026-06-23 16:56:15 [INFO] 开始保存检测结果图像: 图像尺寸=(2160, 3840, 3), 类型=uint8, 路径=C:\code\show\Scrap_Steel_In_Field\photos\dangerous_det\detection_20260623_165614.jpg
2026-06-23 16:56:15 [INFO] 成功保存检测结果到: C:\code\show\Scrap_Steel_In_Field\photos\dangerous_det\detection_20260623_165614.jpg
2026-06-23 16:56:15 [INFO] 保存的检测结果文件大小: 2279300 字节
2026-06-23 16:56:15 [INFO] 引擎上下文已释放
2026-06-23 16:56:15 [INFO] TensorRT 引擎已释放
2026-06-23 16:56:15 [INFO] 全局 CUDA 资源已释放
2026-06-23 16:56:15 [INFO] 检测系统资源已释放
2026-06-23 16:56:20 [INFO] CUDA 初始化成功
2026-06-23 16:56:20 [INFO] 引擎加载成功: dangerous.engine
2026-06-23 16:56:20 [INFO] 检测系统初始化成功
2026-06-23 16:56:20 [INFO] 图像预处理完成，原始尺寸: (2160, 3840)
2026-06-23 16:56:20 [INFO] 开始执行目标检测...
2026-06-23 16:56:20 [INFO] 检测完成，找到 5 个物体
2026-06-23 16:56:20 [INFO] 物体 1: GasCyl1 (置信度: 0.90)
2026-06-23 16:56:20 [INFO] 物体 2: GasCyl1 (置信度: 0.72)
2026-06-23 16:56:20 [INFO] 物体 3: FireExt1 (置信度: 0.56)
2026-06-23 16:56:20 [INFO] 物体 4: FireExt1 (置信度: 0.50)
2026-06-23 16:56:20 [INFO] 物体 5: FireExt1 (置信度: 0.39)
2026-06-23 16:56:20 [INFO] 检测到车兜区域，将过滤区域外的目标
2026-06-23 16:56:20 [INFO] 车兜区域过滤: 5 -> 3 个目标
2026-06-23 16:56:20 [INFO] 准备保存检测结果到: C:\code\show\Scrap_Steel_In_Field\photos\dangerous_det\detection_20260623_165620.jpg
2026-06-23 16:56:20 [INFO] 图像形状: (2160, 3840, 3)
2026-06-23 16:56:20 [INFO] 图像数据类型: uint8
2026-06-23 16:56:20 [INFO] 图像最大值: 255
2026-06-23 16:56:20 [INFO] 图像最小值: 0
2026-06-23 16:56:20 [INFO] 开始保存检测结果图像: 图像尺寸=(2160, 3840, 3), 类型=uint8, 路径=C:\code\show\Scrap_Steel_In_Field\photos\dangerous_det\detection_20260623_165620.jpg
2026-06-23 16:56:20 [INFO] 成功保存检测结果到: C:\code\show\Scrap_Steel_In_Field\photos\dangerous_det\detection_20260623_165620.jpg
2026-06-23 16:56:20 [INFO] 保存的检测结果文件大小: 2276069 字节
2026-06-23 16:56:20 [INFO] 引擎上下文已释放
2026-06-23 16:56:20 [INFO] TensorRT 引擎已释放
2026-06-23 16:56:20 [INFO] 全局 CUDA 资源已释放
2026-06-23 16:56:20 [INFO] 检测系统资源已释放
2026-06-23 16:56:25 [INFO] CUDA 初始化成功
2026-06-23 16:56:25 [INFO] 引擎加载成功: dangerous.engine
2026-06-23 16:56:25 [INFO] 检测系统初始化成功
2026-06-23 16:56:25 [INFO] 图像预处理完成，原始尺寸: (2160, 3840)
2026-06-23 16:56:25 [INFO] 开始执行目标检测...
2026-06-23 16:56:25 [INFO] 检测完成，找到 5 个物体
2026-06-23 16:56:25 [INFO] 物体 1: GasCyl1 (置信度: 0.90)
2026-06-23 16:56:25 [INFO] 物体 2: GasCyl1 (置信度: 0.67)
2026-06-23 16:56:25 [INFO] 物体 3: FireExt1 (置信度: 0.54)
2026-06-23 16:56:25 [INFO] 物体 4: FireExt1 (置信度: 0.49)
2026-06-23 16:56:25 [INFO] 物体 5: FireExt1 (置信度: 0.43)
2026-06-23 16:56:25 [INFO] 检测到车兜区域，将过滤区域外的目标
2026-06-23 16:56:25 [INFO] 车兜区域过滤: 5 -> 3 个目标
2026-06-23 16:56:25 [INFO] 准备保存检测结果到: C:\code\show\Scrap_Steel_In_Field\photos\dangerous_det\detection_20260623_165625.jpg
2026-06-23 16:56:25 [INFO] 图像形状: (2160, 3840, 3)
2026-06-23 16:56:25 [INFO] 图像数据类型: uint8
2026-06-23 16:56:25 [INFO] 图像最大值: 255
2026-06-23 16:56:25 [INFO] 图像最小值: 0
2026-06-23 16:56:25 [INFO] 开始保存检测结果图像: 图像尺寸=(2160, 3840, 3), 类型=uint8, 路径=C:\code\show\Scrap_Steel_In_Field\photos\dangerous_det\detection_20260623_165625.jpg
2026-06-23 16:56:25 [INFO] 成功保存检测结果到: C:\code\show\Scrap_Steel_In_Field\photos\dangerous_det\detection_20260623_165625.jpg
2026-06-23 16:56:25 [INFO] 保存的检测结果文件大小: 2279878 字节
2026-06-23 16:56:25 [INFO] 引擎上下文已释放
2026-06-23 16:56:25 [INFO] TensorRT 引擎已释放
2026-06-23 16:56:25 [INFO] 全局 CUDA 资源已释放
2026-06-23 16:56:25 [INFO] 检测系统资源已释放
2026-06-23 16:56:30 [INFO] CUDA 初始化成功
2026-06-23 16:56:30 [INFO] 引擎加载成功: dangerous.engine
2026-06-23 16:56:30 [INFO] 检测系统初始化成功
2026-06-23 16:56:30 [INFO] 图像预处理完成，原始尺寸: (2160, 3840)
2026-06-23 16:56:30 [INFO] 开始执行目标检测...
2026-06-23 16:56:30 [INFO] 检测完成，找到 4 个物体
2026-06-23 16:56:30 [INFO] 物体 1: GasCyl1 (置信度: 0.89)
2026-06-23 16:56:30 [INFO] 物体 2: GasCyl1 (置信度: 0.71)
2026-06-23 16:56:30 [INFO] 物体 3: FireExt1 (置信度: 0.56)
2026-06-23 16:56:30 [INFO] 物体 4: GasCyl1 (置信度: 0.53)
2026-06-23 16:56:30 [INFO] 检测到车兜区域，将过滤区域外的目标
2026-06-23 16:56:30 [INFO] 车兜区域过滤: 4 -> 3 个目标
2026-06-23 16:56:30 [INFO] 准备保存检测结果到: C:\code\show\Scrap_Steel_In_Field\photos\dangerous_det\detection_20260623_165630.jpg
2026-06-23 16:56:30 [INFO] 图像形状: (2160, 3840, 3)
2026-06-23 16:56:30 [INFO] 图像数据类型: uint8
2026-06-23 16:56:30 [INFO] 图像最大值: 255
2026-06-23 16:56:30 [INFO] 图像最小值: 0
2026-06-23 16:56:30 [INFO] 开始保存检测结果图像: 图像尺寸=(2160, 3840, 3), 类型=uint8, 路径=C:\code\show\Scrap_Steel_In_Field\photos\dangerous_det\detection_20260623_165630.jpg
2026-06-23 16:56:30 [INFO] 成功保存检测结果到: C:\code\show\Scrap_Steel_In_Field\photos\dangerous_det\detection_20260623_165630.jpg
2026-06-23 16:56:30 [INFO] 保存的检测结果文件大小: 2280278 字节
2026-06-23 16:56:30 [INFO] 引擎上下文已释放
2026-06-23 16:56:30 [INFO] TensorRT 引擎已释放
2026-06-23 16:56:30 [INFO] 全局 CUDA 资源已释放
2026-06-23 16:56:30 [INFO] 检测系统资源已释放
2026-06-23 16:56:35 [INFO] CUDA 初始化成功
2026-06-23 16:56:35 [INFO] 引擎加载成功: dangerous.engine
2026-06-23 16:56:35 [INFO] 检测系统初始化成功
2026-06-23 16:56:35 [INFO] 图像预处理完成，原始尺寸: (2160, 3840)
2026-06-23 16:56:35 [INFO] 开始执行目标检测...
2026-06-23 16:56:36 [INFO] 检测完成，找到 5 个物体
2026-06-23 16:56:36 [INFO] 物体 1: GasCyl1 (置信度: 0.89)
2026-06-23 16:56:36 [INFO] 物体 2: GasCyl1 (置信度: 0.64)
2026-06-23 16:56:36 [INFO] 物体 3: FireExt1 (置信度: 0.56)
2026-06-23 16:56:36 [INFO] 物体 4: FireExt1 (置信度: 0.51)
2026-06-23 16:56:36 [INFO] 物体 5: FireExt1 (置信度: 0.41)
2026-06-23 16:56:36 [INFO] 检测到车兜区域，将过滤区域外的目标
2026-06-23 16:56:36 [INFO] 车兜区域过滤: 5 -> 3 个目标
2026-06-23 16:56:36 [INFO] 准备保存检测结果到: C:\code\show\Scrap_Steel_In_Field\photos\dangerous_det\detection_20260623_165636.jpg
2026-06-23 16:56:36 [INFO] 图像形状: (2160, 3840, 3)
2026-06-23 16:56:36 [INFO] 图像数据类型: uint8
2026-06-23 16:56:36 [INFO] 图像最大值: 255
2026-06-23 16:56:36 [INFO] 图像最小值: 0
2026-06-23 16:56:36 [INFO] 开始保存检测结果图像: 图像尺寸=(2160, 3840, 3), 类型=uint8, 路径=C:\code\show\Scrap_Steel_In_Field\photos\dangerous_det\detection_20260623_165636.jpg
2026-06-23 16:56:36 [INFO] 成功保存检测结果到: C:\code\show\Scrap_Steel_In_Field\photos\dangerous_det\detection_20260623_165636.jpg
2026-06-23 16:56:36 [INFO] 保存的检测结果文件大小: 2280549 字节
2026-06-23 16:56:36 [INFO] 引擎上下文已释放
2026-06-23 16:56:36 [INFO] TensorRT 引擎已释放
2026-06-23 16:56:36 [INFO] 全局 CUDA 资源已释放
2026-06-23 16:56:36 [INFO] 检测系统资源已释放
2026-06-23 16:56:41 [INFO] CUDA 初始化成功
2026-06-23 16:56:41 [INFO] 引擎加载成功: dangerous.engine
2026-06-23 16:56:41 [INFO] 检测系统初始化成功
2026-06-23 16:56:41 [INFO] 图像预处理完成，原始尺寸: (2160, 3840)
2026-06-23 16:56:41 [INFO] 开始执行目标检测...
2026-06-23 16:56:41 [INFO] 检测完成，找到 5 个物体
2026-06-23 16:56:41 [INFO] 物体 1: GasCyl1 (置信度: 0.90)
2026-06-23 16:56:41 [INFO] 物体 2: GasCyl1 (置信度: 0.69)
2026-06-23 16:56:41 [INFO] 物体 3: FireExt1 (置信度: 0.55)
2026-06-23 16:56:41 [INFO] 物体 4: FireExt1 (置信度: 0.48)
2026-06-23 16:56:41 [INFO] 物体 5: FireExt1 (置信度: 0.42)
2026-06-23 16:56:41 [INFO] 检测到车兜区域，将过滤区域外的目标
2026-06-23 16:56:41 [INFO] 车兜区域过滤: 5 -> 3 个目标
2026-06-23 16:56:41 [INFO] 准备保存检测结果到: C:\code\show\Scrap_Steel_In_Field\photos\dangerous_det\detection_20260623_165641.jpg
2026-06-23 16:56:41 [INFO] 图像形状: (2160, 3840, 3)
2026-06-23 16:56:41 [INFO] 图像数据类型: uint8
2026-06-23 16:56:41 [INFO] 图像最大值: 255
2026-06-23 16:56:41 [INFO] 图像最小值: 0
2026-06-23 16:56:41 [INFO] 开始保存检测结果图像: 图像尺寸=(2160, 3840, 3), 类型=uint8, 路径=C:\code\show\Scrap_Steel_In_Field\photos\dangerous_det\detection_20260623_165641.jpg
2026-06-23 16:56:41 [INFO] 成功保存检测结果到: C:\code\show\Scrap_Steel_In_Field\photos\dangerous_det\detection_20260623_165641.jpg
2026-06-23 16:56:41 [INFO] 保存的检测结果文件大小: 2283690 字节
2026-06-23 16:56:41 [INFO] 引擎上下文已释放
2026-06-23 16:56:41 [INFO] TensorRT 引擎已释放
2026-06-23 16:56:41 [INFO] 全局 CUDA 资源已释放
2026-06-23 16:56:41 [INFO] 检测系统资源已释放
2026-06-23 16:56:46 [INFO] CUDA 初始化成功
2026-06-23 16:56:46 [INFO] 引擎加载成功: dangerous.engine
2026-06-23 16:56:46 [INFO] 检测系统初始化成功
2026-06-23 16:56:46 [INFO] 图像预处理完成，原始尺寸: (2160, 3840)
2026-06-23 16:56:46 [INFO] 开始执行目标检测...
2026-06-23 16:56:46 [INFO] 检测完成，找到 5 个物体
2026-06-23 16:56:46 [INFO] 物体 1: GasCyl1 (置信度: 0.90)
2026-06-23 16:56:46 [INFO] 物体 2: GasCyl1 (置信度: 0.72)
2026-06-23 16:56:46 [INFO] 物体 3: FireExt1 (置信度: 0.54)
2026-06-23 16:56:46 [INFO] 物体 4: FireExt1 (置信度: 0.49)
2026-06-23 16:56:46 [INFO] 物体 5: FireExt1 (置信度: 0.43)
2026-06-23 16:56:46 [INFO] 检测到车兜区域，将过滤区域外的目标
2026-06-23 16:56:46 [INFO] 车兜区域过滤: 5 -> 3 个目标
2026-06-23 16:56:46 [INFO] 准备保存检测结果到: C:\code\show\Scrap_Steel_In_Field\photos\dangerous_det\detection_20260623_165646.jpg
2026-06-23 16:56:46 [INFO] 图像形状: (2160, 3840, 3)
2026-06-23 16:56:46 [INFO] 图像数据类型: uint8
2026-06-23 16:56:46 [INFO] 图像最大值: 255
2026-06-23 16:56:46 [INFO] 图像最小值: 0
2026-06-23 16:56:46 [INFO] 开始保存检测结果图像: 图像尺寸=(2160, 3840, 3), 类型=uint8, 路径=C:\code\show\Scrap_Steel_In_Field\photos\dangerous_det\detection_20260623_165646.jpg
2026-06-23 16:56:46 [INFO] 成功保存检测结果到: C:\code\show\Scrap_Steel_In_Field\photos\dangerous_det\detection_20260623_165646.jpg
2026-06-23 16:56:46 [INFO] 保存的检测结果文件大小: 2279324 字节
2026-06-23 16:56:46 [INFO] 引擎上下文已释放
2026-06-23 16:56:46 [INFO] TensorRT 引擎已释放
2026-06-23 16:56:46 [INFO] 全局 CUDA 资源已释放
2026-06-23 16:56:46 [INFO] 检测系统资源已释放
2026-06-23 16:56:51 [INFO] CUDA 初始化成功
2026-06-23 16:56:51 [INFO] 引擎加载成功: dangerous.engine
2026-06-23 16:56:51 [INFO] 检测系统初始化成功
2026-06-23 16:56:51 [INFO] 图像预处理完成，原始尺寸: (2160, 3840)
2026-06-23 16:56:51 [INFO] 开始执行目标检测...
2026-06-23 16:56:51 [INFO] 检测完成，找到 5 个物体
2026-06-23 16:56:51 [INFO] 物体 1: GasCyl1 (置信度: 0.89)
2026-06-23 16:56:51 [INFO] 物体 2: GasCyl1 (置信度: 0.67)
2026-06-23 16:56:51 [INFO] 物体 3: FireExt1 (置信度: 0.56)
2026-06-23 16:56:51 [INFO] 物体 4: FireExt1 (置信度: 0.49)
2026-06-23 16:56:51 [INFO] 物体 5: FireExt1 (置信度: 0.41)
2026-06-23 16:56:51 [INFO] 检测到车兜区域，将过滤区域外的目标
2026-06-23 16:56:51 [INFO] 车兜区域过滤: 5 -> 3 个目标
2026-06-23 16:56:51 [INFO] 准备保存检测结果到: C:\code\show\Scrap_Steel_In_Field\photos\dangerous_det\detection_20260623_165651.jpg
2026-06-23 16:56:51 [INFO] 图像形状: (2160, 3840, 3)
2026-06-23 16:56:51 [INFO] 图像数据类型: uint8
2026-06-23 16:56:51 [INFO] 图像最大值: 255
2026-06-23 16:56:51 [INFO] 图像最小值: 0
2026-06-23 16:56:51 [INFO] 开始保存检测结果图像: 图像尺寸=(2160, 3840, 3), 类型=uint8, 路径=C:\code\show\Scrap_Steel_In_Field\photos\dangerous_det\detection_20260623_165651.jpg
2026-06-23 16:56:51 [INFO] 成功保存检测结果到: C:\code\show\Scrap_Steel_In_Field\photos\dangerous_det\detection_20260623_165651.jpg
2026-06-23 16:56:51 [INFO] 保存的检测结果文件大小: 2281305 字节
2026-06-23 16:56:51 [INFO] 引擎上下文已释放
2026-06-23 16:56:51 [INFO] TensorRT 引擎已释放
2026-06-23 16:56:51 [INFO] 全局 CUDA 资源已释放
2026-06-23 16:56:51 [INFO] 检测系统资源已释放
2026-06-23 16:56:56 [INFO] CUDA 初始化成功
2026-06-23 16:56:56 [INFO] 引擎加载成功: dangerous.engine
2026-06-23 16:56:56 [INFO] 检测系统初始化成功
2026-06-23 16:56:56 [INFO] 图像预处理完成，原始尺寸: (2160, 3840)
2026-06-23 16:56:56 [INFO] 开始执行目标检测...
2026-06-23 16:56:57 [INFO] 检测完成，找到 5 个物体
2026-06-23 16:56:57 [INFO] 物体 1: GasCyl1 (置信度: 0.90)
2026-06-23 16:56:57 [INFO] 物体 2: GasCyl1 (置信度: 0.69)
2026-06-23 16:56:57 [INFO] 物体 3: FireExt1 (置信度: 0.56)
2026-06-23 16:56:57 [INFO] 物体 4: FireExt1 (置信度: 0.50)
2026-06-23 16:56:57 [INFO] 物体 5: FireExt1 (置信度: 0.44)
2026-06-23 16:56:57 [INFO] 检测到车兜区域，将过滤区域外的目标
2026-06-23 16:56:57 [INFO] 车兜区域过滤: 5 -> 3 个目标
2026-06-23 16:56:57 [INFO] 准备保存检测结果到: C:\code\show\Scrap_Steel_In_Field\photos\dangerous_det\detection_20260623_165657.jpg
2026-06-23 16:56:57 [INFO] 图像形状: (2160, 3840, 3)
2026-06-23 16:56:57 [INFO] 图像数据类型: uint8
2026-06-23 16:56:57 [INFO] 图像最大值: 255
2026-06-23 16:56:57 [INFO] 图像最小值: 0
2026-06-23 16:56:57 [INFO] 开始保存检测结果图像: 图像尺寸=(2160, 3840, 3), 类型=uint8, 路径=C:\code\show\Scrap_Steel_In_Field\photos\dangerous_det\detection_20260623_165657.jpg
2026-06-23 16:56:57 [INFO] 成功保存检测结果到: C:\code\show\Scrap_Steel_In_Field\photos\dangerous_det\detection_20260623_165657.jpg
2026-06-23 16:56:57 [INFO] 保存的检测结果文件大小: 2282077 字节
2026-06-23 16:56:57 [INFO] 引擎上下文已释放
2026-06-23 16:56:57 [INFO] TensorRT 引擎已释放
2026-06-23 16:56:57 [INFO] 全局 CUDA 资源已释放
2026-06-23 16:56:57 [INFO] 检测系统资源已释放
2026-06-23 16:57:02 [INFO] CUDA 初始化成功
2026-06-23 16:57:02 [INFO] 引擎加载成功: dangerous.engine
2026-06-23 16:57:02 [INFO] 检测系统初始化成功
2026-06-23 16:57:02 [INFO] 图像预处理完成，原始尺寸: (2160, 3840)
2026-06-23 16:57:02 [INFO] 开始执行目标检测...
2026-06-23 16:57:02 [INFO] 检测完成，找到 5 个物体
2026-06-23 16:57:02 [INFO] 物体 1: GasCyl1 (置信度: 0.90)
2026-06-23 16:57:02 [INFO] 物体 2: GasCyl1 (置信度: 0.69)
2026-06-23 16:57:02 [INFO] 物体 3: FireExt1 (置信度: 0.56)
2026-06-23 16:57:02 [INFO] 物体 4: FireExt1 (置信度: 0.49)
2026-06-23 16:57:02 [INFO] 物体 5: FireExt1 (置信度: 0.37)
2026-06-23 16:57:02 [INFO] 检测到车兜区域，将过滤区域外的目标
2026-06-23 16:57:02 [INFO] 车兜区域过滤: 5 -> 3 个目标
2026-06-23 16:57:02 [INFO] 准备保存检测结果到: C:\code\show\Scrap_Steel_In_Field\photos\dangerous_det\detection_20260623_165702.jpg
2026-06-23 16:57:02 [INFO] 图像形状: (2160, 3840, 3)
2026-06-23 16:57:02 [INFO] 图像数据类型: uint8
2026-06-23 16:57:02 [INFO] 图像最大值: 255
2026-06-23 16:57:02 [INFO] 图像最小值: 0
2026-06-23 16:57:02 [INFO] 开始保存检测结果图像: 图像尺寸=(2160, 3840, 3), 类型=uint8, 路径=C:\code\show\Scrap_Steel_In_Field\photos\dangerous_det\detection_20260623_165702.jpg
2026-06-23 16:57:02 [INFO] 成功保存检测结果到: C:\code\show\Scrap_Steel_In_Field\photos\dangerous_det\detection_20260623_165702.jpg
2026-06-23 16:57:02 [INFO] 保存的检测结果文件大小: 2279693 字节
2026-06-23 16:57:02 [INFO] 引擎上下文已释放
2026-06-23 16:57:02 [INFO] TensorRT 引擎已释放
2026-06-23 16:57:02 [INFO] 全局 CUDA 资源已释放
2026-06-23 16:57:02 [INFO] 检测系统资源已释放
2026-06-23 16:57:07 [INFO] CUDA 初始化成功
2026-06-23 16:57:07 [INFO] 引擎加载成功: dangerous.engine
2026-06-23 16:57:07 [INFO] 检测系统初始化成功
2026-06-23 16:57:07 [INFO] 图像预处理完成，原始尺寸: (2160, 3840)
2026-06-23 16:57:07 [INFO] 开始执行目标检测...
2026-06-23 16:57:07 [INFO] 检测完成，找到 5 个物体
2026-06-23 16:57:07 [INFO] 物体 1: GasCyl1 (置信度: 0.89)
2026-06-23 16:57:07 [INFO] 物体 2: GasCyl1 (置信度: 0.69)
2026-06-23 16:57:07 [INFO] 物体 3: FireExt1 (置信度: 0.56)
2026-06-23 16:57:07 [INFO] 物体 4: FireExt1 (置信度: 0.50)
2026-06-23 16:57:07 [INFO] 物体 5: FireExt1 (置信度: 0.36)
2026-06-23 16:57:07 [INFO] 检测到车兜区域，将过滤区域外的目标
2026-06-23 16:57:07 [INFO] 车兜区域过滤: 5 -> 3 个目标
2026-06-23 16:57:07 [INFO] 准备保存检测结果到: C:\code\show\Scrap_Steel_In_Field\photos\dangerous_det\detection_20260623_165707.jpg
2026-06-23 16:57:07 [INFO] 图像形状: (2160, 3840, 3)
2026-06-23 16:57:07 [INFO] 图像数据类型: uint8
2026-06-23 16:57:07 [INFO] 图像最大值: 255
2026-06-23 16:57:07 [INFO] 图像最小值: 0
2026-06-23 16:57:07 [INFO] 开始保存检测结果图像: 图像尺寸=(2160, 3840, 3), 类型=uint8, 路径=C:\code\show\Scrap_Steel_In_Field\photos\dangerous_det\detection_20260623_165707.jpg
2026-06-23 16:57:07 [INFO] 成功保存检测结果到: C:\code\show\Scrap_Steel_In_Field\photos\dangerous_det\detection_20260623_165707.jpg
2026-06-23 16:57:07 [INFO] 保存的检测结果文件大小: 2282055 字节
2026-06-23 16:57:07 [INFO] 引擎上下文已释放
2026-06-23 16:57:07 [INFO] TensorRT 引擎已释放
2026-06-23 16:57:07 [INFO] 全局 CUDA 资源已释放
2026-06-23 16:57:07 [INFO] 检测系统资源已释放
2026-06-23 16:57:12 [INFO] CUDA 初始化成功
2026-06-23 16:57:12 [INFO] 引擎加载成功: dangerous.engine
2026-06-23 16:57:12 [INFO] 检测系统初始化成功
2026-06-23 16:57:12 [INFO] 图像预处理完成，原始尺寸: (2160, 3840)
2026-06-23 16:57:12 [INFO] 开始执行目标检测...
2026-06-23 16:57:12 [INFO] 检测完成，找到 5 个物体
2026-06-23 16:57:12 [INFO] 物体 1: GasCyl1 (置信度: 0.89)
2026-06-23 16:57:12 [INFO] 物体 2: GasCyl1 (置信度: 0.67)
2026-06-23 16:57:12 [INFO] 物体 3: FireExt1 (置信度: 0.56)
2026-06-23 16:57:12 [INFO] 物体 4: FireExt1 (置信度: 0.48)
2026-06-23 16:57:12 [INFO] 物体 5: FireExt1 (置信度: 0.41)
2026-06-23 16:57:13 [INFO] 检测到车兜区域，将过滤区域外的目标
2026-06-23 16:57:13 [INFO] 车兜区域过滤: 5 -> 3 个目标
2026-06-23 16:57:13 [INFO] 准备保存检测结果到: C:\code\show\Scrap_Steel_In_Field\photos\dangerous_det\detection_20260623_165713.jpg
2026-06-23 16:57:13 [INFO] 图像形状: (2160, 3840, 3)
2026-06-23 16:57:13 [INFO] 图像数据类型: uint8
2026-06-23 16:57:13 [INFO] 图像最大值: 255
2026-06-23 16:57:13 [INFO] 图像最小值: 0
2026-06-23 16:57:13 [INFO] 开始保存检测结果图像: 图像尺寸=(2160, 3840, 3), 类型=uint8, 路径=C:\code\show\Scrap_Steel_In_Field\photos\dangerous_det\detection_20260623_165713.jpg
2026-06-23 16:57:13 [INFO] 成功保存检测结果到: C:\code\show\Scrap_Steel_In_Field\photos\dangerous_det\detection_20260623_165713.jpg
2026-06-23 16:57:13 [INFO] 保存的检测结果文件大小: 2284147 字节
2026-06-23 16:57:13 [INFO] 引擎上下文已释放
2026-06-23 16:57:13 [INFO] TensorRT 引擎已释放
2026-06-23 16:57:13 [INFO] 全局 CUDA 资源已释放
2026-06-23 16:57:13 [INFO] 检测系统资源已释放
2026-06-23 16:57:18 [INFO] CUDA 初始化成功
2026-06-23 16:57:18 [INFO] 引擎加载成功: dangerous.engine
2026-06-23 16:57:18 [INFO] 检测系统初始化成功
2026-06-23 16:57:18 [INFO] 图像预处理完成，原始尺寸: (2160, 3840)
2026-06-23 16:57:18 [INFO] 开始执行目标检测...
2026-06-23 16:57:18 [INFO] 检测完成，找到 5 个物体
2026-06-23 16:57:18 [INFO] 物体 1: GasCyl1 (置信度: 0.89)
2026-06-23 16:57:18 [INFO] 物体 2: GasCyl1 (置信度: 0.63)
2026-06-23 16:57:18 [INFO] 物体 3: FireExt1 (置信度: 0.54)
2026-06-23 16:57:18 [INFO] 物体 4: GasCyl1 (置信度: 0.51)
2026-06-23 16:57:18 [INFO] 物体 5: FireExt1 (置信度: 0.39)
2026-06-23 16:57:18 [INFO] 检测到车兜区域，将过滤区域外的目标
2026-06-23 16:57:18 [INFO] 车兜区域过滤: 5 -> 3 个目标
2026-06-23 16:57:18 [INFO] 准备保存检测结果到: C:\code\show\Scrap_Steel_In_Field\photos\dangerous_det\detection_20260623_165718.jpg
2026-06-23 16:57:18 [INFO] 图像形状: (2160, 3840, 3)
2026-06-23 16:57:18 [INFO] 图像数据类型: uint8
2026-06-23 16:57:18 [INFO] 图像最大值: 255
2026-06-23 16:57:18 [INFO] 图像最小值: 0
2026-06-23 16:57:18 [INFO] 开始保存检测结果图像: 图像尺寸=(2160, 3840, 3), 类型=uint8, 路径=C:\code\show\Scrap_Steel_In_Field\photos\dangerous_det\detection_20260623_165718.jpg
2026-06-23 16:57:18 [INFO] 成功保存检测结果到: C:\code\show\Scrap_Steel_In_Field\photos\dangerous_det\detection_20260623_165718.jpg
2026-06-23 16:57:18 [INFO] 保存的检测结果文件大小: 2278919 字节
2026-06-23 16:57:18 [INFO] 引擎上下文已释放
2026-06-23 16:57:18 [INFO] TensorRT 引擎已释放
2026-06-23 16:57:18 [INFO] 全局 CUDA 资源已释放
2026-06-23 16:57:18 [INFO] 检测系统资源已释放
2026-06-23 16:57:23 [INFO] CUDA 初始化成功
2026-06-23 16:57:23 [INFO] 引擎加载成功: dangerous.engine
2026-06-23 16:57:23 [INFO] 检测系统初始化成功
2026-06-23 16:57:23 [INFO] 图像预处理完成，原始尺寸: (2160, 3840)
2026-06-23 16:57:23 [INFO] 开始执行目标检测...
2026-06-23 16:57:23 [INFO] 检测完成，找到 5 个物体
2026-06-23 16:57:23 [INFO] 物体 1: GasCyl1 (置信度: 0.90)
2026-06-23 16:57:23 [INFO] 物体 2: GasCyl1 (置信度: 0.74)
2026-06-23 16:57:23 [INFO] 物体 3: FireExt1 (置信度: 0.54)
2026-06-23 16:57:23 [INFO] 物体 4: GasCyl1 (置信度: 0.52)
2026-06-23 16:57:23 [INFO] 物体 5: FireExt1 (置信度: 0.45)
2026-06-23 16:57:23 [INFO] 检测到车兜区域，将过滤区域外的目标
2026-06-23 16:57:23 [INFO] 车兜区域过滤: 5 -> 3 个目标
2026-06-23 16:57:23 [INFO] 准备保存检测结果到: C:\code\show\Scrap_Steel_In_Field\photos\dangerous_det\detection_20260623_165723.jpg
2026-06-23 16:57:23 [INFO] 图像形状: (2160, 3840, 3)
2026-06-23 16:57:23 [INFO] 图像数据类型: uint8
2026-06-23 16:57:23 [INFO] 图像最大值: 255
2026-06-23 16:57:23 [INFO] 图像最小值: 0
2026-06-23 16:57:23 [INFO] 开始保存检测结果图像: 图像尺寸=(2160, 3840, 3), 类型=uint8, 路径=C:\code\show\Scrap_Steel_In_Field\photos\dangerous_det\detection_20260623_165723.jpg
2026-06-23 16:57:23 [INFO] 成功保存检测结果到: C:\code\show\Scrap_Steel_In_Field\photos\dangerous_det\detection_20260623_165723.jpg
2026-06-23 16:57:23 [INFO] 保存的检测结果文件大小: 2279119 字节
2026-06-23 16:57:23 [INFO] 引擎上下文已释放
2026-06-23 16:57:23 [INFO] TensorRT 引擎已释放
2026-06-23 16:57:23 [INFO] 全局 CUDA 资源已释放
2026-06-23 16:57:23 [INFO] 检测系统资源已释放
2026-06-23 16:57:28 [INFO] CUDA 初始化成功
2026-06-23 16:57:28 [INFO] 引擎加载成功: dangerous.engine
2026-06-23 16:57:28 [INFO] 检测系统初始化成功
2026-06-23 16:57:28 [INFO] 图像预处理完成，原始尺寸: (2160, 3840)
2026-06-23 16:57:28 [INFO] 开始执行目标检测...
2026-06-23 16:57:28 [INFO] 检测完成，找到 5 个物体
2026-06-23 16:57:28 [INFO] 物体 1: GasCyl1 (置信度: 0.90)
2026-06-23 16:57:28 [INFO] 物体 2: GasCyl1 (置信度: 0.68)
2026-06-23 16:57:28 [INFO] 物体 3: FireExt1 (置信度: 0.54)
2026-06-23 16:57:28 [INFO] 物体 4: FireExt1 (置信度: 0.48)
2026-06-23 16:57:28 [INFO] 物体 5: FireExt1 (置信度: 0.39)
2026-06-23 16:57:29 [INFO] 检测到车兜区域，将过滤区域外的目标
2026-06-23 16:57:29 [INFO] 车兜区域过滤: 5 -> 3 个目标
2026-06-23 16:57:29 [INFO] 准备保存检测结果到: C:\code\show\Scrap_Steel_In_Field\photos\dangerous_det\detection_20260623_165729.jpg
2026-06-23 16:57:29 [INFO] 图像形状: (2160, 3840, 3)
2026-06-23 16:57:29 [INFO] 图像数据类型: uint8
2026-06-23 16:57:29 [INFO] 图像最大值: 255
2026-06-23 16:57:29 [INFO] 图像最小值: 0
2026-06-23 16:57:29 [INFO] 开始保存检测结果图像: 图像尺寸=(2160, 3840, 3), 类型=uint8, 路径=C:\code\show\Scrap_Steel_In_Field\photos\dangerous_det\detection_20260623_165729.jpg
2026-06-23 16:57:29 [INFO] 成功保存检测结果到: C:\code\show\Scrap_Steel_In_Field\photos\dangerous_det\detection_20260623_165729.jpg
2026-06-23 16:57:29 [INFO] 保存的检测结果文件大小: 2280278 字节
2026-06-23 16:57:29 [INFO] 引擎上下文已释放
2026-06-23 16:57:29 [INFO] TensorRT 引擎已释放
2026-06-23 16:57:29 [INFO] 全局 CUDA 资源已释放
2026-06-23 16:57:29 [INFO] 检测系统资源已释放
2026-06-23 16:57:33 [INFO] CUDA 初始化成功
2026-06-23 16:57:33 [INFO] 引擎加载成功: dangerous.engine
2026-06-23 16:57:33 [INFO] 检测系统初始化成功
2026-06-23 16:57:33 [INFO] 图像预处理完成，原始尺寸: (2160, 3840)
2026-06-23 16:57:33 [INFO] 开始执行目标检测...
2026-06-23 16:57:33 [INFO] 检测完成，找到 5 个物体
2026-06-23 16:57:33 [INFO] 物体 1: GasCyl1 (置信度: 0.90)
2026-06-23 16:57:33 [INFO] 物体 2: GasCyl1 (置信度: 0.74)
2026-06-23 16:57:33 [INFO] 物体 3: FireExt1 (置信度: 0.55)
2026-06-23 16:57:33 [INFO] 物体 4: FireExt1 (置信度: 0.48)
2026-06-23 16:57:33 [INFO] 物体 5: FireExt1 (置信度: 0.43)
2026-06-23 16:57:33 [INFO] 检测到车兜区域，将过滤区域外的目标
2026-06-23 16:57:33 [INFO] 车兜区域过滤: 5 -> 3 个目标
2026-06-23 16:57:33 [INFO] 准备保存检测结果到: C:\code\show\Scrap_Steel_In_Field\photos\dangerous_det\detection_20260623_165733.jpg
2026-06-23 16:57:33 [INFO] 图像形状: (2160, 3840, 3)
2026-06-23 16:57:33 [INFO] 图像数据类型: uint8
2026-06-23 16:57:33 [INFO] 图像最大值: 255
2026-06-23 16:57:33 [INFO] 图像最小值: 0
2026-06-23 16:57:33 [INFO] 开始保存检测结果图像: 图像尺寸=(2160, 3840, 3), 类型=uint8, 路径=C:\code\show\Scrap_Steel_In_Field\photos\dangerous_det\detection_20260623_165733.jpg
2026-06-23 16:57:33 [INFO] 成功保存检测结果到: C:\code\show\Scrap_Steel_In_Field\photos\dangerous_det\detection_20260623_165733.jpg
2026-06-23 16:57:33 [INFO] 保存的检测结果文件大小: 2279922 字节
2026-06-23 16:57:33 [INFO] 引擎上下文已释放
2026-06-23 16:57:33 [INFO] TensorRT 引擎已释放
2026-06-23 16:57:33 [INFO] 全局 CUDA 资源已释放
2026-06-23 16:57:33 [INFO] 检测系统资源已释放
2026-06-23 16:57:38 [INFO] CUDA 初始化成功
2026-06-23 16:57:38 [INFO] 引擎加载成功: dangerous.engine
2026-06-23 16:57:38 [INFO] 检测系统初始化成功
2026-06-23 16:57:39 [INFO] 图像预处理完成，原始尺寸: (2160, 3840)
2026-06-23 16:57:39 [INFO] 开始执行目标检测...
2026-06-23 16:57:39 [INFO] 检测完成，找到 5 个物体
2026-06-23 16:57:39 [INFO] 物体 1: GasCyl1 (置信度: 0.89)
2026-06-23 16:57:39 [INFO] 物体 2: GasCyl1 (置信度: 0.62)
2026-06-23 16:57:39 [INFO] 物体 3: FireExt1 (置信度: 0.53)
2026-06-23 16:57:39 [INFO] 物体 4: FireExt1 (置信度: 0.49)
2026-06-23 16:57:39 [INFO] 物体 5: FireExt1 (置信度: 0.42)
2026-06-23 16:57:39 [INFO] 检测到车兜区域，将过滤区域外的目标
2026-06-23 16:57:39 [INFO] 车兜区域过滤: 5 -> 3 个目标
2026-06-23 16:57:39 [INFO] 准备保存检测结果到: C:\code\show\Scrap_Steel_In_Field\photos\dangerous_det\detection_20260623_165739.jpg
2026-06-23 16:57:39 [INFO] 图像形状: (2160, 3840, 3)
2026-06-23 16:57:39 [INFO] 图像数据类型: uint8
2026-06-23 16:57:39 [INFO] 图像最大值: 255
2026-06-23 16:57:39 [INFO] 图像最小值: 0
2026-06-23 16:57:39 [INFO] 开始保存检测结果图像: 图像尺寸=(2160, 3840, 3), 类型=uint8, 路径=C:\code\show\Scrap_Steel_In_Field\photos\dangerous_det\detection_20260623_165739.jpg
2026-06-23 16:57:39 [INFO] 成功保存检测结果到: C:\code\show\Scrap_Steel_In_Field\photos\dangerous_det\detection_20260623_165739.jpg
2026-06-23 16:57:39 [INFO] 保存的检测结果文件大小: 2282985 字节
2026-06-23 16:57:39 [INFO] 引擎上下文已释放
2026-06-23 16:57:39 [INFO] TensorRT 引擎已释放
2026-06-23 16:57:39 [INFO] 全局 CUDA 资源已释放
2026-06-23 16:57:39 [INFO] 检测系统资源已释放
2026-06-23 16:57:44 [INFO] CUDA 初始化成功
2026-06-23 16:57:44 [INFO] 引擎加载成功: dangerous.engine
2026-06-23 16:57:44 [INFO] 检测系统初始化成功
2026-06-23 16:57:44 [INFO] 图像预处理完成，原始尺寸: (2160, 3840)
2026-06-23 16:57:44 [INFO] 开始执行目标检测...
2026-06-23 16:57:44 [INFO] 检测完成，找到 5 个物体
2026-06-23 16:57:44 [INFO] 物体 1: GasCyl1 (置信度: 0.89)
2026-06-23 16:57:44 [INFO] 物体 2: GasCyl1 (置信度: 0.75)
2026-06-23 16:57:44 [INFO] 物体 3: FireExt1 (置信度: 0.55)
2026-06-23 16:57:44 [INFO] 物体 4: FireExt1 (置信度: 0.48)
2026-06-23 16:57:44 [INFO] 物体 5: FireExt1 (置信度: 0.42)
2026-06-23 16:57:44 [INFO] 检测到车兜区域，将过滤区域外的目标
2026-06-23 16:57:44 [INFO] 车兜区域过滤: 5 -> 3 个目标
2026-06-23 16:57:44 [INFO] 准备保存检测结果到: C:\code\show\Scrap_Steel_In_Field\photos\dangerous_det\detection_20260623_165744.jpg
2026-06-23 16:57:44 [INFO] 图像形状: (2160, 3840, 3)
2026-06-23 16:57:44 [INFO] 图像数据类型: uint8
2026-06-23 16:57:44 [INFO] 图像最大值: 255
2026-06-23 16:57:44 [INFO] 图像最小值: 0
2026-06-23 16:57:44 [INFO] 开始保存检测结果图像: 图像尺寸=(2160, 3840, 3), 类型=uint8, 路径=C:\code\show\Scrap_Steel_In_Field\photos\dangerous_det\detection_20260623_165744.jpg
2026-06-23 16:57:44 [INFO] 成功保存检测结果到: C:\code\show\Scrap_Steel_In_Field\photos\dangerous_det\detection_20260623_165744.jpg
2026-06-23 16:57:44 [INFO] 保存的检测结果文件大小: 2280798 字节
2026-06-23 16:57:44 [INFO] 引擎上下文已释放
2026-06-23 16:57:44 [INFO] TensorRT 引擎已释放
2026-06-23 16:57:44 [INFO] 全局 CUDA 资源已释放
2026-06-23 16:57:44 [INFO] 检测系统资源已释放
2026-06-23 16:57:49 [INFO] CUDA 初始化成功
2026-06-23 16:57:49 [INFO] 引擎加载成功: dangerous.engine
2026-06-23 16:57:49 [INFO] 检测系统初始化成功
2026-06-23 16:57:49 [INFO] 图像预处理完成，原始尺寸: (2160, 3840)
2026-06-23 16:57:49 [INFO] 开始执行目标检测...
2026-06-23 16:57:49 [INFO] 检测完成，找到 5 个物体
2026-06-23 16:57:49 [INFO] 物体 1: GasCyl1 (置信度: 0.90)
2026-06-23 16:57:49 [INFO] 物体 2: GasCyl1 (置信度: 0.68)
2026-06-23 16:57:49 [INFO] 物体 3: FireExt1 (置信度: 0.53)
2026-06-23 16:57:49 [INFO] 物体 4: FireExt1 (置信度: 0.50)
2026-06-23 16:57:49 [INFO] 物体 5: FireExt1 (置信度: 0.39)
2026-06-23 16:57:49 [INFO] 检测到车兜区域，将过滤区域外的目标
2026-06-23 16:57:49 [INFO] 车兜区域过滤: 5 -> 3 个目标
2026-06-23 16:57:49 [INFO] 准备保存检测结果到: C:\code\show\Scrap_Steel_In_Field\photos\dangerous_det\detection_20260623_165749.jpg
2026-06-23 16:57:49 [INFO] 图像形状: (2160, 3840, 3)
2026-06-23 16:57:49 [INFO] 图像数据类型: uint8
2026-06-23 16:57:49 [INFO] 图像最大值: 255
2026-06-23 16:57:49 [INFO] 图像最小值: 0
2026-06-23 16:57:49 [INFO] 开始保存检测结果图像: 图像尺寸=(2160, 3840, 3), 类型=uint8, 路径=C:\code\show\Scrap_Steel_In_Field\photos\dangerous_det\detection_20260623_165749.jpg
2026-06-23 16:57:49 [INFO] 成功保存检测结果到: C:\code\show\Scrap_Steel_In_Field\photos\dangerous_det\detection_20260623_165749.jpg
2026-06-23 16:57:49 [INFO] 保存的检测结果文件大小: 2282336 字节
2026-06-23 16:57:49 [INFO] 引擎上下文已释放
2026-06-23 16:57:49 [INFO] TensorRT 引擎已释放
2026-06-23 16:57:49 [INFO] 全局 CUDA 资源已释放
2026-06-23 16:57:49 [INFO] 检测系统资源已释放
2026-06-23 16:57:54 [INFO] CUDA 初始化成功
2026-06-23 16:57:54 [INFO] 引擎加载成功: dangerous.engine
2026-06-23 16:57:54 [INFO] 检测系统初始化成功
2026-06-23 16:57:54 [INFO] 图像预处理完成，原始尺寸: (2160, 3840)
2026-06-23 16:57:54 [INFO] 开始执行目标检测...
2026-06-23 16:57:54 [INFO] 检测完成，找到 5 个物体
2026-06-23 16:57:54 [INFO] 物体 1: GasCyl1 (置信度: 0.90)
2026-06-23 16:57:54 [INFO] 物体 2: GasCyl1 (置信度: 0.62)
2026-06-23 16:57:54 [INFO] 物体 3: FireExt1 (置信度: 0.54)
2026-06-23 16:57:54 [INFO] 物体 4: FireExt1 (置信度: 0.49)
2026-06-23 16:57:54 [INFO] 物体 5: FireExt1 (置信度: 0.39)
2026-06-23 16:57:55 [INFO] 检测到车兜区域，将过滤区域外的目标
2026-06-23 16:57:55 [INFO] 车兜区域过滤: 5 -> 3 个目标
2026-06-23 16:57:55 [INFO] 准备保存检测结果到: C:\code\show\Scrap_Steel_In_Field\photos\dangerous_det\detection_20260623_165755.jpg
2026-06-23 16:57:55 [INFO] 图像形状: (2160, 3840, 3)
2026-06-23 16:57:55 [INFO] 图像数据类型: uint8
2026-06-23 16:57:55 [INFO] 图像最大值: 255
2026-06-23 16:57:55 [INFO] 图像最小值: 0
2026-06-23 16:57:55 [INFO] 开始保存检测结果图像: 图像尺寸=(2160, 3840, 3), 类型=uint8, 路径=C:\code\show\Scrap_Steel_In_Field\photos\dangerous_det\detection_20260623_165755.jpg
2026-06-23 16:57:55 [INFO] 成功保存检测结果到: C:\code\show\Scrap_Steel_In_Field\photos\dangerous_det\detection_20260623_165755.jpg
2026-06-23 16:57:55 [INFO] 保存的检测结果文件大小: 2281026 字节
2026-06-23 16:57:55 [INFO] 引擎上下文已释放
2026-06-23 16:57:55 [INFO] TensorRT 引擎已释放
2026-06-23 16:57:55 [INFO] 全局 CUDA 资源已释放
2026-06-23 16:57:55 [INFO] 检测系统资源已释放
2026-06-23 16:58:00 [INFO] CUDA 初始化成功
2026-06-23 16:58:00 [INFO] 引擎加载成功: dangerous.engine
2026-06-23 16:58:00 [INFO] 检测系统初始化成功
2026-06-23 16:58:00 [INFO] 图像预处理完成，原始尺寸: (2160, 3840)
2026-06-23 16:58:00 [INFO] 开始执行目标检测...
2026-06-23 16:58:00 [INFO] 检测完成，找到 5 个物体
2026-06-23 16:58:00 [INFO] 物体 1: GasCyl1 (置信度: 0.89)
2026-06-23 16:58:00 [INFO] 物体 2: GasCyl1 (置信度: 0.70)
2026-06-23 16:58:00 [INFO] 物体 3: FireExt1 (置信度: 0.56)
2026-06-23 16:58:00 [INFO] 物体 4: FireExt1 (置信度: 0.48)
2026-06-23 16:58:00 [INFO] 物体 5: FireExt1 (置信度: 0.43)
2026-06-23 16:58:00 [INFO] 检测到车兜区域，将过滤区域外的目标
2026-06-23 16:58:00 [INFO] 车兜区域过滤: 5 -> 3 个目标
2026-06-23 16:58:00 [INFO] 准备保存检测结果到: C:\code\show\Scrap_Steel_In_Field\photos\dangerous_det\detection_20260623_165800.jpg
2026-06-23 16:58:00 [INFO] 图像形状: (2160, 3840, 3)
2026-06-23 16:58:00 [INFO] 图像数据类型: uint8
2026-06-23 16:58:00 [INFO] 图像最大值: 255
2026-06-23 16:58:00 [INFO] 图像最小值: 0
2026-06-23 16:58:00 [INFO] 开始保存检测结果图像: 图像尺寸=(2160, 3840, 3), 类型=uint8, 路径=C:\code\show\Scrap_Steel_In_Field\photos\dangerous_det\detection_20260623_165800.jpg
2026-06-23 16:58:00 [INFO] 成功保存检测结果到: C:\code\show\Scrap_Steel_In_Field\photos\dangerous_det\detection_20260623_165800.jpg
2026-06-23 16:58:00 [INFO] 保存的检测结果文件大小: 2280308 字节
2026-06-23 16:58:00 [INFO] 引擎上下文已释放
2026-06-23 16:58:00 [INFO] TensorRT 引擎已释放
2026-06-23 16:58:00 [INFO] 全局 CUDA 资源已释放
2026-06-23 16:58:00 [INFO] 检测系统资源已释放
2026-06-23 16:58:05 [INFO] CUDA 初始化成功
2026-06-23 16:58:05 [INFO] 引擎加载成功: dangerous.engine
2026-06-23 16:58:05 [INFO] 检测系统初始化成功
2026-06-23 16:58:05 [INFO] 图像预处理完成，原始尺寸: (2160, 3840)
2026-06-23 16:58:05 [INFO] 开始执行目标检测...
2026-06-23 16:58:05 [INFO] 检测完成，找到 5 个物体
2026-06-23 16:58:05 [INFO] 物体 1: GasCyl1 (置信度: 0.89)
2026-06-23 16:58:05 [INFO] 物体 2: GasCyl1 (置信度: 0.72)
2026-06-23 16:58:05 [INFO] 物体 3: FireExt1 (置信度: 0.56)
2026-06-23 16:58:05 [INFO] 物体 4: FireExt1 (置信度: 0.49)
2026-06-23 16:58:05 [INFO] 物体 5: FireExt1 (置信度: 0.38)
2026-06-23 16:58:05 [INFO] 检测到车兜区域，将过滤区域外的目标
2026-06-23 16:58:05 [INFO] 车兜区域过滤: 5 -> 3 个目标
2026-06-23 16:58:05 [INFO] 准备保存检测结果到: C:\code\show\Scrap_Steel_In_Field\photos\dangerous_det\detection_20260623_165805.jpg
2026-06-23 16:58:05 [INFO] 图像形状: (2160, 3840, 3)
2026-06-23 16:58:05 [INFO] 图像数据类型: uint8
2026-06-23 16:58:05 [INFO] 图像最大值: 255
2026-06-23 16:58:05 [INFO] 图像最小值: 0
2026-06-23 16:58:05 [INFO] 开始保存检测结果图像: 图像尺寸=(2160, 3840, 3), 类型=uint8, 路径=C:\code\show\Scrap_Steel_In_Field\photos\dangerous_det\detection_20260623_165805.jpg
2026-06-23 16:58:05 [INFO] 成功保存检测结果到: C:\code\show\Scrap_Steel_In_Field\photos\dangerous_det\detection_20260623_165805.jpg
2026-06-23 16:58:05 [INFO] 保存的检测结果文件大小: 2282039 字节
2026-06-23 16:58:05 [INFO] 引擎上下文已释放
2026-06-23 16:58:05 [INFO] TensorRT 引擎已释放
2026-06-23 16:58:05 [INFO] 全局 CUDA 资源已释放
2026-06-23 16:58:05 [INFO] 检测系统资源已释放
2026-06-23 16:58:10 [INFO] CUDA 初始化成功
2026-06-23 16:58:10 [INFO] 引擎加载成功: dangerous.engine
2026-06-23 16:58:10 [INFO] 检测系统初始化成功
2026-06-23 16:58:10 [INFO] 图像预处理完成，原始尺寸: (2160, 3840)
2026-06-23 16:58:10 [INFO] 开始执行目标检测...
2026-06-23 16:58:10 [INFO] 检测完成，找到 5 个物体
2026-06-23 16:58:10 [INFO] 物体 1: GasCyl1 (置信度: 0.89)
2026-06-23 16:58:10 [INFO] 物体 2: GasCyl1 (置信度: 0.70)
2026-06-23 16:58:10 [INFO] 物体 3: FireExt1 (置信度: 0.56)
2026-06-23 16:58:10 [INFO] 物体 4: FireExt1 (置信度: 0.48)
2026-06-23 16:58:10 [INFO] 物体 5: FireExt1 (置信度: 0.41)
2026-06-23 16:58:10 [INFO] 检测到车兜区域，将过滤区域外的目标
2026-06-23 16:58:10 [INFO] 车兜区域过滤: 5 -> 3 个目标
2026-06-23 16:58:10 [INFO] 准备保存检测结果到: C:\code\show\Scrap_Steel_In_Field\photos\dangerous_det\detection_20260623_165810.jpg
2026-06-23 16:58:10 [INFO] 图像形状: (2160, 3840, 3)
2026-06-23 16:58:10 [INFO] 图像数据类型: uint8
2026-06-23 16:58:10 [INFO] 图像最大值: 255
2026-06-23 16:58:10 [INFO] 图像最小值: 0
2026-06-23 16:58:10 [INFO] 开始保存检测结果图像: 图像尺寸=(2160, 3840, 3), 类型=uint8, 路径=C:\code\show\Scrap_Steel_In_Field\photos\dangerous_det\detection_20260623_165810.jpg
2026-06-23 16:58:10 [INFO] 成功保存检测结果到: C:\code\show\Scrap_Steel_In_Field\photos\dangerous_det\detection_20260623_165810.jpg
2026-06-23 16:58:10 [INFO] 保存的检测结果文件大小: 2281470 字节
2026-06-23 16:58:10 [INFO] 引擎上下文已释放
2026-06-23 16:58:10 [INFO] TensorRT 引擎已释放
2026-06-23 16:58:10 [INFO] 全局 CUDA 资源已释放
2026-06-23 16:58:10 [INFO] 检测系统资源已释放
2026-06-23 16:58:16 [INFO] CUDA 初始化成功
2026-06-23 16:58:16 [INFO] 引擎加载成功: dangerous.engine
2026-06-23 16:58:16 [INFO] 检测系统初始化成功
2026-06-23 16:58:16 [INFO] 图像预处理完成，原始尺寸: (2160, 3840)
2026-06-23 16:58:16 [INFO] 开始执行目标检测...
2026-06-23 16:58:16 [INFO] 检测完成，找到 4 个物体
2026-06-23 16:58:16 [INFO] 物体 1: GasCyl1 (置信度: 0.90)
2026-06-23 16:58:16 [INFO] 物体 2: GasCyl1 (置信度: 0.58)
2026-06-23 16:58:16 [INFO] 物体 3: FireExt1 (置信度: 0.56)
2026-06-23 16:58:16 [INFO] 物体 4: FireExt1 (置信度: 0.49)
2026-06-23 16:58:16 [INFO] 检测到车兜区域，将过滤区域外的目标
2026-06-23 16:58:16 [INFO] 车兜区域过滤: 4 -> 3 个目标
2026-06-23 16:58:16 [INFO] 准备保存检测结果到: C:\code\show\Scrap_Steel_In_Field\photos\dangerous_det\detection_20260623_165816.jpg
2026-06-23 16:58:16 [INFO] 图像形状: (2160, 3840, 3)
2026-06-23 16:58:16 [INFO] 图像数据类型: uint8
2026-06-23 16:58:16 [INFO] 图像最大值: 255
2026-06-23 16:58:16 [INFO] 图像最小值: 0
2026-06-23 16:58:16 [INFO] 开始保存检测结果图像: 图像尺寸=(2160, 3840, 3), 类型=uint8, 路径=C:\code\show\Scrap_Steel_In_Field\photos\dangerous_det\detection_20260623_165816.jpg
2026-06-23 16:58:16 [INFO] 成功保存检测结果到: C:\code\show\Scrap_Steel_In_Field\photos\dangerous_det\detection_20260623_165816.jpg
2026-06-23 16:58:16 [INFO] 保存的检测结果文件大小: 2278594 字节
2026-06-23 16:58:16 [INFO] 引擎上下文已释放
2026-06-23 16:58:16 [INFO] TensorRT 引擎已释放
2026-06-23 16:58:16 [INFO] 全局 CUDA 资源已释放
2026-06-23 16:58:16 [INFO] 检测系统资源已释放
2026-06-23 16:58:20 [INFO] CUDA 初始化成功
2026-06-23 16:58:21 [INFO] 引擎加载成功: dangerous.engine
2026-06-23 16:58:21 [INFO] 检测系统初始化成功
2026-06-23 16:58:21 [INFO] 图像预处理完成，原始尺寸: (2160, 3840)
2026-06-23 16:58:21 [INFO] 开始执行目标检测...
2026-06-23 16:58:21 [INFO] 检测完成，找到 5 个物体
2026-06-23 16:58:21 [INFO] 物体 1: GasCyl1 (置信度: 0.90)
2026-06-23 16:58:21 [INFO] 物体 2: GasCyl1 (置信度: 0.70)
2026-06-23 16:58:21 [INFO] 物体 3: FireExt1 (置信度: 0.54)
2026-06-23 16:58:21 [INFO] 物体 4: FireExt1 (置信度: 0.47)
2026-06-23 16:58:21 [INFO] 物体 5: FireExt1 (置信度: 0.42)
2026-06-23 16:58:21 [INFO] 检测到车兜区域，将过滤区域外的目标
2026-06-23 16:58:21 [INFO] 车兜区域过滤: 5 -> 3 个目标
2026-06-23 16:58:21 [INFO] 准备保存检测结果到: C:\code\show\Scrap_Steel_In_Field\photos\dangerous_det\detection_20260623_165821.jpg
2026-06-23 16:58:21 [INFO] 图像形状: (2160, 3840, 3)
2026-06-23 16:58:21 [INFO] 图像数据类型: uint8
2026-06-23 16:58:21 [INFO] 图像最大值: 255
2026-06-23 16:58:21 [INFO] 图像最小值: 0
2026-06-23 16:58:21 [INFO] 开始保存检测结果图像: 图像尺寸=(2160, 3840, 3), 类型=uint8, 路径=C:\code\show\Scrap_Steel_In_Field\photos\dangerous_det\detection_20260623_165821.jpg
2026-06-23 16:58:21 [INFO] 成功保存检测结果到: C:\code\show\Scrap_Steel_In_Field\photos\dangerous_det\detection_20260623_165821.jpg
2026-06-23 16:58:21 [INFO] 保存的检测结果文件大小: 2279245 字节
2026-06-23 16:58:21 [INFO] 引擎上下文已释放
2026-06-23 16:58:21 [INFO] TensorRT 引擎已释放
2026-06-23 16:58:21 [INFO] 全局 CUDA 资源已释放
2026-06-23 16:58:21 [INFO] 检测系统资源已释放
2026-06-23 16:58:26 [INFO] CUDA 初始化成功
2026-06-23 16:58:26 [INFO] 引擎加载成功: dangerous.engine
2026-06-23 16:58:26 [INFO] 检测系统初始化成功
2026-06-23 16:58:26 [INFO] 图像预处理完成，原始尺寸: (2160, 3840)
2026-06-23 16:58:26 [INFO] 开始执行目标检测...
2026-06-23 16:58:26 [INFO] 检测完成，找到 5 个物体
2026-06-23 16:58:26 [INFO] 物体 1: GasCyl1 (置信度: 0.89)
2026-06-23 16:58:26 [INFO] 物体 2: GasCyl1 (置信度: 0.69)
2026-06-23 16:58:26 [INFO] 物体 3: FireExt1 (置信度: 0.56)
2026-06-23 16:58:26 [INFO] 物体 4: FireExt1 (置信度: 0.50)
2026-06-23 16:58:26 [INFO] 物体 5: FireExt1 (置信度: 0.39)
2026-06-23 16:58:26 [INFO] 检测到车兜区域，将过滤区域外的目标
2026-06-23 16:58:26 [INFO] 车兜区域过滤: 5 -> 3 个目标
2026-06-23 16:58:26 [INFO] 准备保存检测结果到: C:\code\show\Scrap_Steel_In_Field\photos\dangerous_det\detection_20260623_165826.jpg
2026-06-23 16:58:26 [INFO] 图像形状: (2160, 3840, 3)
2026-06-23 16:58:26 [INFO] 图像数据类型: uint8
2026-06-23 16:58:26 [INFO] 图像最大值: 255
2026-06-23 16:58:26 [INFO] 图像最小值: 0
2026-06-23 16:58:26 [INFO] 开始保存检测结果图像: 图像尺寸=(2160, 3840, 3), 类型=uint8, 路径=C:\code\show\Scrap_Steel_In_Field\photos\dangerous_det\detection_20260623_165826.jpg
2026-06-23 16:58:26 [INFO] 成功保存检测结果到: C:\code\show\Scrap_Steel_In_Field\photos\dangerous_det\detection_20260623_165826.jpg
2026-06-23 16:58:26 [INFO] 保存的检测结果文件大小: 2282359 字节
2026-06-23 16:58:26 [INFO] 引擎上下文已释放
2026-06-23 16:58:26 [INFO] TensorRT 引擎已释放
2026-06-23 16:58:26 [INFO] 全局 CUDA 资源已释放
2026-06-23 16:58:26 [INFO] 检测系统资源已释放
2026-06-23 16:58:31 [INFO] CUDA 初始化成功
2026-06-23 16:58:31 [INFO] 引擎加载成功: dangerous.engine
2026-06-23 16:58:31 [INFO] 检测系统初始化成功
2026-06-23 16:58:31 [INFO] 图像预处理完成，原始尺寸: (2160, 3840)
2026-06-23 16:58:31 [INFO] 开始执行目标检测...
2026-06-23 16:58:31 [INFO] 检测完成，找到 5 个物体
2026-06-23 16:58:31 [INFO] 物体 1: GasCyl1 (置信度: 0.89)
2026-06-23 16:58:31 [INFO] 物体 2: GasCyl1 (置信度: 0.71)
2026-06-23 16:58:31 [INFO] 物体 3: FireExt1 (置信度: 0.56)
2026-06-23 16:58:31 [INFO] 物体 4: FireExt1 (置信度: 0.51)
2026-06-23 16:58:31 [INFO] 物体 5: FireExt1 (置信度: 0.38)
2026-06-23 16:58:31 [INFO] 检测到车兜区域，将过滤区域外的目标
2026-06-23 16:58:31 [INFO] 车兜区域过滤: 5 -> 3 个目标
2026-06-23 16:58:31 [INFO] 准备保存检测结果到: C:\code\show\Scrap_Steel_In_Field\photos\dangerous_det\detection_20260623_165831.jpg
2026-06-23 16:58:31 [INFO] 图像形状: (2160, 3840, 3)
2026-06-23 16:58:31 [INFO] 图像数据类型: uint8
2026-06-23 16:58:31 [INFO] 图像最大值: 255
2026-06-23 16:58:31 [INFO] 图像最小值: 0
2026-06-23 16:58:31 [INFO] 开始保存检测结果图像: 图像尺寸=(2160, 3840, 3), 类型=uint8, 路径=C:\code\show\Scrap_Steel_In_Field\photos\dangerous_det\detection_20260623_165831.jpg
2026-06-23 16:58:31 [INFO] 成功保存检测结果到: C:\code\show\Scrap_Steel_In_Field\photos\dangerous_det\detection_20260623_165831.jpg
2026-06-23 16:58:31 [INFO] 保存的检测结果文件大小: 2279975 字节
2026-06-23 16:58:31 [INFO] 引擎上下文已释放
2026-06-23 16:58:31 [INFO] TensorRT 引擎已释放
2026-06-23 16:58:31 [INFO] 全局 CUDA 资源已释放
2026-06-23 16:58:31 [INFO] 检测系统资源已释放
2026-06-23 16:58:36 [INFO] CUDA 初始化成功
2026-06-23 16:58:36 [INFO] 引擎加载成功: dangerous.engine
2026-06-23 16:58:36 [INFO] 检测系统初始化成功
2026-06-23 16:58:36 [INFO] 图像预处理完成，原始尺寸: (2160, 3840)
2026-06-23 16:58:36 [INFO] 开始执行目标检测...
2026-06-23 16:58:37 [INFO] 检测完成，找到 5 个物体
2026-06-23 16:58:37 [INFO] 物体 1: GasCyl1 (置信度: 0.89)
2026-06-23 16:58:37 [INFO] 物体 2: GasCyl1 (置信度: 0.61)
2026-06-23 16:58:37 [INFO] 物体 3: FireExt1 (置信度: 0.55)
2026-06-23 16:58:37 [INFO] 物体 4: FireExt1 (置信度: 0.53)
2026-06-23 16:58:37 [INFO] 物体 5: FireExt1 (置信度: 0.37)
2026-06-23 16:58:37 [INFO] 检测到车兜区域，将过滤区域外的目标
2026-06-23 16:58:37 [INFO] 车兜区域过滤: 5 -> 3 个目标
2026-06-23 16:58:37 [INFO] 准备保存检测结果到: C:\code\show\Scrap_Steel_In_Field\photos\dangerous_det\detection_20260623_165837.jpg
2026-06-23 16:58:37 [INFO] 图像形状: (2160, 3840, 3)
2026-06-23 16:58:37 [INFO] 图像数据类型: uint8
2026-06-23 16:58:37 [INFO] 图像最大值: 255
2026-06-23 16:58:37 [INFO] 图像最小值: 0
2026-06-23 16:58:37 [INFO] 开始保存检测结果图像: 图像尺寸=(2160, 3840, 3), 类型=uint8, 路径=C:\code\show\Scrap_Steel_In_Field\photos\dangerous_det\detection_20260623_165837.jpg
2026-06-23 16:58:37 [INFO] 成功保存检测结果到: C:\code\show\Scrap_Steel_In_Field\photos\dangerous_det\detection_20260623_165837.jpg
2026-06-23 16:58:37 [INFO] 保存的检测结果文件大小: 2279197 字节
2026-06-23 16:58:37 [INFO] 引擎上下文已释放
2026-06-23 16:58:37 [INFO] TensorRT 引擎已释放
2026-06-23 16:58:37 [INFO] 全局 CUDA 资源已释放
2026-06-23 16:58:37 [INFO] 检测系统资源已释放
2026-06-23 16:58:42 [INFO] CUDA 初始化成功
2026-06-23 16:58:42 [INFO] 引擎加载成功: dangerous.engine
2026-06-23 16:58:42 [INFO] 检测系统初始化成功
2026-06-23 16:58:42 [INFO] 图像预处理完成，原始尺寸: (2160, 3840)
2026-06-23 16:58:42 [INFO] 开始执行目标检测...
2026-06-23 16:58:42 [INFO] 检测完成，找到 5 个物体
2026-06-23 16:58:42 [INFO] 物体 1: GasCyl1 (置信度: 0.90)
2026-06-23 16:58:42 [INFO] 物体 2: GasCyl1 (置信度: 0.71)
2026-06-23 16:58:42 [INFO] 物体 3: FireExt1 (置信度: 0.56)
2026-06-23 16:58:42 [INFO] 物体 4: FireExt1 (置信度: 0.51)
2026-06-23 16:58:42 [INFO] 物体 5: FireExt1 (置信度: 0.42)
2026-06-23 16:58:42 [INFO] 检测到车兜区域，将过滤区域外的目标
2026-06-23 16:58:42 [INFO] 车兜区域过滤: 5 -> 3 个目标
2026-06-23 16:58:42 [INFO] 准备保存检测结果到: C:\code\show\Scrap_Steel_In_Field\photos\dangerous_det\detection_20260623_165842.jpg
2026-06-23 16:58:42 [INFO] 图像形状: (2160, 3840, 3)
2026-06-23 16:58:42 [INFO] 图像数据类型: uint8
2026-06-23 16:58:42 [INFO] 图像最大值: 255
2026-06-23 16:58:42 [INFO] 图像最小值: 0
2026-06-23 16:58:42 [INFO] 开始保存检测结果图像: 图像尺寸=(2160, 3840, 3), 类型=uint8, 路径=C:\code\show\Scrap_Steel_In_Field\photos\dangerous_det\detection_20260623_165842.jpg
2026-06-23 16:58:42 [INFO] 成功保存检测结果到: C:\code\show\Scrap_Steel_In_Field\photos\dangerous_det\detection_20260623_165842.jpg
2026-06-23 16:58:42 [INFO] 保存的检测结果文件大小: 2280136 字节
2026-06-23 16:58:42 [INFO] 引擎上下文已释放
2026-06-23 16:58:42 [INFO] TensorRT 引擎已释放
2026-06-23 16:58:42 [INFO] 全局 CUDA 资源已释放
2026-06-23 16:58:42 [INFO] 检测系统资源已释放
2026-06-23 16:58:47 [INFO] CUDA 初始化成功
2026-06-23 16:58:47 [INFO] 引擎加载成功: dangerous.engine
2026-06-23 16:58:47 [INFO] 检测系统初始化成功
2026-06-23 16:58:47 [INFO] 图像预处理完成，原始尺寸: (2160, 3840)
2026-06-23 16:58:47 [INFO] 开始执行目标检测...
2026-06-23 16:58:47 [INFO] 检测完成，找到 5 个物体
2026-06-23 16:58:47 [INFO] 物体 1: GasCyl1 (置信度: 0.89)
2026-06-23 16:58:47 [INFO] 物体 2: GasCyl1 (置信度: 0.67)
2026-06-23 16:58:47 [INFO] 物体 3: FireExt1 (置信度: 0.57)
2026-06-23 16:58:47 [INFO] 物体 4: FireExt1 (置信度: 0.50)
2026-06-23 16:58:47 [INFO] 物体 5: FireExt1 (置信度: 0.35)
2026-06-23 16:58:47 [INFO] 检测到车兜区域，将过滤区域外的目标
2026-06-23 16:58:47 [INFO] 车兜区域过滤: 5 -> 3 个目标
2026-06-23 16:58:47 [INFO] 准备保存检测结果到: C:\code\show\Scrap_Steel_In_Field\photos\dangerous_det\detection_20260623_165847.jpg
2026-06-23 16:58:47 [INFO] 图像形状: (2160, 3840, 3)
2026-06-23 16:58:47 [INFO] 图像数据类型: uint8
2026-06-23 16:58:47 [INFO] 图像最大值: 255
2026-06-23 16:58:47 [INFO] 图像最小值: 0
2026-06-23 16:58:47 [INFO] 开始保存检测结果图像: 图像尺寸=(2160, 3840, 3), 类型=uint8, 路径=C:\code\show\Scrap_Steel_In_Field\photos\dangerous_det\detection_20260623_165847.jpg
2026-06-23 16:58:47 [INFO] 成功保存检测结果到: C:\code\show\Scrap_Steel_In_Field\photos\dangerous_det\detection_20260623_165847.jpg
2026-06-23 16:58:47 [INFO] 保存的检测结果文件大小: 2280745 字节
2026-06-23 16:58:47 [INFO] 引擎上下文已释放
2026-06-23 16:58:47 [INFO] TensorRT 引擎已释放
2026-06-23 16:58:47 [INFO] 全局 CUDA 资源已释放
2026-06-23 16:58:47 [INFO] 检测系统资源已释放
2026-06-23 16:58:52 [INFO] CUDA 初始化成功
2026-06-23 16:58:52 [INFO] 引擎加载成功: dangerous.engine
2026-06-23 16:58:52 [INFO] 检测系统初始化成功
2026-06-23 16:58:52 [INFO] 图像预处理完成，原始尺寸: (2160, 3840)
2026-06-23 16:58:52 [INFO] 开始执行目标检测...
2026-06-23 16:58:52 [INFO] 检测完成，找到 5 个物体
2026-06-23 16:58:52 [INFO] 物体 1: GasCyl1 (置信度: 0.89)
2026-06-23 16:58:52 [INFO] 物体 2: GasCyl1 (置信度: 0.55)
2026-06-23 16:58:52 [INFO] 物体 3: FireExt1 (置信度: 0.55)
2026-06-23 16:58:52 [INFO] 物体 4: FireExt1 (置信度: 0.51)
2026-06-23 16:58:52 [INFO] 物体 5: FireExt1 (置信度: 0.42)
2026-06-23 16:58:52 [INFO] 检测到车兜区域，将过滤区域外的目标
2026-06-23 16:58:52 [INFO] 车兜区域过滤: 5 -> 3 个目标
2026-06-23 16:58:52 [INFO] 准备保存检测结果到: C:\code\show\Scrap_Steel_In_Field\photos\dangerous_det\detection_20260623_165852.jpg
2026-06-23 16:58:52 [INFO] 图像形状: (2160, 3840, 3)
2026-06-23 16:58:52 [INFO] 图像数据类型: uint8
2026-06-23 16:58:52 [INFO] 图像最大值: 255
2026-06-23 16:58:52 [INFO] 图像最小值: 0
2026-06-23 16:58:52 [INFO] 开始保存检测结果图像: 图像尺寸=(2160, 3840, 3), 类型=uint8, 路径=C:\code\show\Scrap_Steel_In_Field\photos\dangerous_det\detection_20260623_165852.jpg
2026-06-23 16:58:52 [INFO] 成功保存检测结果到: C:\code\show\Scrap_Steel_In_Field\photos\dangerous_det\detection_20260623_165852.jpg
2026-06-23 16:58:52 [INFO] 保存的检测结果文件大小: 2279383 字节
2026-06-23 16:58:52 [INFO] 引擎上下文已释放
2026-06-23 16:58:52 [INFO] TensorRT 引擎已释放
2026-06-23 16:58:52 [INFO] 全局 CUDA 资源已释放
2026-06-23 16:58:52 [INFO] 检测系统资源已释放
2026-06-23 16:58:58 [INFO] CUDA 初始化成功
2026-06-23 16:58:58 [INFO] 引擎加载成功: dangerous.engine
2026-06-23 16:58:58 [INFO] 检测系统初始化成功
2026-06-23 16:58:58 [INFO] 图像预处理完成，原始尺寸: (2160, 3840)
2026-06-23 16:58:58 [INFO] 开始执行目标检测...
2026-06-23 16:58:58 [INFO] 检测完成，找到 5 个物体
2026-06-23 16:58:58 [INFO] 物体 1: GasCyl1 (置信度: 0.90)
2026-06-23 16:58:58 [INFO] 物体 2: GasCyl1 (置信度: 0.75)
2026-06-23 16:58:58 [INFO] 物体 3: FireExt1 (置信度: 0.52)
2026-06-23 16:58:58 [INFO] 物体 4: FireExt1 (置信度: 0.48)
2026-06-23 16:58:58 [INFO] 物体 5: FireExt1 (置信度: 0.42)
2026-06-23 16:58:58 [INFO] 检测到车兜区域，将过滤区域外的目标
2026-06-23 16:58:58 [INFO] 车兜区域过滤: 5 -> 3 个目标
2026-06-23 16:58:58 [INFO] 准备保存检测结果到: C:\code\show\Scrap_Steel_In_Field\photos\dangerous_det\detection_20260623_165858.jpg
2026-06-23 16:58:58 [INFO] 图像形状: (2160, 3840, 3)
2026-06-23 16:58:58 [INFO] 图像数据类型: uint8
2026-06-23 16:58:58 [INFO] 图像最大值: 255
2026-06-23 16:58:58 [INFO] 图像最小值: 0
2026-06-23 16:58:58 [INFO] 开始保存检测结果图像: 图像尺寸=(2160, 3840, 3), 类型=uint8, 路径=C:\code\show\Scrap_Steel_In_Field\photos\dangerous_det\detection_20260623_165858.jpg
2026-06-23 16:58:58 [INFO] 成功保存检测结果到: C:\code\show\Scrap_Steel_In_Field\photos\dangerous_det\detection_20260623_165858.jpg
2026-06-23 16:58:58 [INFO] 保存的检测结果文件大小: 2281429 字节
2026-06-23 16:58:58 [INFO] 引擎上下文已释放
2026-06-23 16:58:58 [INFO] TensorRT 引擎已释放
2026-06-23 16:58:58 [INFO] 全局 CUDA 资源已释放
2026-06-23 16:58:58 [INFO] 检测系统资源已释放
2026-06-23 16:59:03 [INFO] CUDA 初始化成功
2026-06-23 16:59:03 [INFO] 引擎加载成功: dangerous.engine
2026-06-23 16:59:03 [INFO] 检测系统初始化成功
2026-06-23 16:59:03 [INFO] 图像预处理完成，原始尺寸: (2160, 3840)
2026-06-23 16:59:03 [INFO] 开始执行目标检测...
2026-06-23 16:59:03 [INFO] 检测完成，找到 5 个物体
2026-06-23 16:59:03 [INFO] 物体 1: GasCyl1 (置信度: 0.89)
2026-06-23 16:59:03 [INFO] 物体 2: GasCyl1 (置信度: 0.65)
2026-06-23 16:59:03 [INFO] 物体 3: FireExt1 (置信度: 0.55)
2026-06-23 16:59:03 [INFO] 物体 4: FireExt1 (置信度: 0.51)
2026-06-23 16:59:03 [INFO] 物体 5: FireExt1 (置信度: 0.44)
2026-06-23 16:59:03 [INFO] 检测到车兜区域，将过滤区域外的目标
2026-06-23 16:59:03 [INFO] 车兜区域过滤: 5 -> 3 个目标
2026-06-23 16:59:03 [INFO] 准备保存检测结果到: C:\code\show\Scrap_Steel_In_Field\photos\dangerous_det\detection_20260623_165903.jpg
2026-06-23 16:59:03 [INFO] 图像形状: (2160, 3840, 3)
2026-06-23 16:59:03 [INFO] 图像数据类型: uint8
2026-06-23 16:59:03 [INFO] 图像最大值: 255
2026-06-23 16:59:03 [INFO] 图像最小值: 0
2026-06-23 16:59:03 [INFO] 开始保存检测结果图像: 图像尺寸=(2160, 3840, 3), 类型=uint8, 路径=C:\code\show\Scrap_Steel_In_Field\photos\dangerous_det\detection_20260623_165903.jpg
2026-06-23 16:59:03 [INFO] 成功保存检测结果到: C:\code\show\Scrap_Steel_In_Field\photos\dangerous_det\detection_20260623_165903.jpg
2026-06-23 16:59:03 [INFO] 保存的检测结果文件大小: 2278175 字节
2026-06-23 16:59:03 [INFO] 引擎上下文已释放
2026-06-23 16:59:03 [INFO] TensorRT 引擎已释放
2026-06-23 16:59:03 [INFO] 全局 CUDA 资源已释放
2026-06-23 16:59:03 [INFO] 检测系统资源已释放
2026-06-23 16:59:08 [INFO] CUDA 初始化成功
2026-06-23 16:59:08 [INFO] 引擎加载成功: dangerous.engine
2026-06-23 16:59:08 [INFO] 检测系统初始化成功
2026-06-23 16:59:08 [INFO] 图像预处理完成，原始尺寸: (2160, 3840)
2026-06-23 16:59:08 [INFO] 开始执行目标检测...
2026-06-23 16:59:08 [INFO] 检测完成，找到 5 个物体
2026-06-23 16:59:08 [INFO] 物体 1: GasCyl1 (置信度: 0.91)
2026-06-23 16:59:08 [INFO] 物体 2: GasCyl1 (置信度: 0.65)
2026-06-23 16:59:08 [INFO] 物体 3: FireExt1 (置信度: 0.56)
2026-06-23 16:59:08 [INFO] 物体 4: FireExt1 (置信度: 0.50)
2026-06-23 16:59:08 [INFO] 物体 5: FireExt1 (置信度: 0.39)
2026-06-23 16:59:08 [INFO] 检测到车兜区域，将过滤区域外的目标
2026-06-23 16:59:08 [INFO] 车兜区域过滤: 5 -> 3 个目标
2026-06-23 16:59:08 [INFO] 准备保存检测结果到: C:\code\show\Scrap_Steel_In_Field\photos\dangerous_det\detection_20260623_165908.jpg
2026-06-23 16:59:08 [INFO] 图像形状: (2160, 3840, 3)
2026-06-23 16:59:08 [INFO] 图像数据类型: uint8
2026-06-23 16:59:08 [INFO] 图像最大值: 255
2026-06-23 16:59:08 [INFO] 图像最小值: 0
2026-06-23 16:59:08 [INFO] 开始保存检测结果图像: 图像尺寸=(2160, 3840, 3), 类型=uint8, 路径=C:\code\show\Scrap_Steel_In_Field\photos\dangerous_det\detection_20260623_165908.jpg
2026-06-23 16:59:08 [INFO] 成功保存检测结果到: C:\code\show\Scrap_Steel_In_Field\photos\dangerous_det\detection_20260623_165908.jpg
2026-06-23 16:59:08 [INFO] 保存的检测结果文件大小: 2280179 字节
2026-06-23 16:59:08 [INFO] 引擎上下文已释放
2026-06-23 16:59:08 [INFO] TensorRT 引擎已释放
2026-06-23 16:59:08 [INFO] 全局 CUDA 资源已释放
2026-06-23 16:59:08 [INFO] 检测系统资源已释放
2026-06-23 16:59:14 [INFO] CUDA 初始化成功
2026-06-23 16:59:14 [INFO] 引擎加载成功: dangerous.engine
2026-06-23 16:59:14 [INFO] 检测系统初始化成功
2026-06-23 16:59:14 [INFO] 图像预处理完成，原始尺寸: (2160, 3840)
2026-06-23 16:59:14 [INFO] 开始执行目标检测...
2026-06-23 16:59:14 [INFO] 检测完成，找到 5 个物体
2026-06-23 16:59:14 [INFO] 物体 1: GasCyl1 (置信度: 0.90)
2026-06-23 16:59:14 [INFO] 物体 2: GasCyl1 (置信度: 0.69)
2026-06-23 16:59:14 [INFO] 物体 3: FireExt1 (置信度: 0.57)
2026-06-23 16:59:14 [INFO] 物体 4: FireExt1 (置信度: 0.49)
2026-06-23 16:59:14 [INFO] 物体 5: FireExt1 (置信度: 0.41)
2026-06-23 16:59:14 [INFO] 检测到车兜区域，将过滤区域外的目标
2026-06-23 16:59:14 [INFO] 车兜区域过滤: 5 -> 3 个目标
2026-06-23 16:59:14 [INFO] 准备保存检测结果到: C:\code\show\Scrap_Steel_In_Field\photos\dangerous_det\detection_20260623_165914.jpg
2026-06-23 16:59:14 [INFO] 图像形状: (2160, 3840, 3)
2026-06-23 16:59:14 [INFO] 图像数据类型: uint8
2026-06-23 16:59:14 [INFO] 图像最大值: 255
2026-06-23 16:59:14 [INFO] 图像最小值: 0
2026-06-23 16:59:14 [INFO] 开始保存检测结果图像: 图像尺寸=(2160, 3840, 3), 类型=uint8, 路径=C:\code\show\Scrap_Steel_In_Field\photos\dangerous_det\detection_20260623_165914.jpg
2026-06-23 16:59:14 [INFO] 成功保存检测结果到: C:\code\show\Scrap_Steel_In_Field\photos\dangerous_det\detection_20260623_165914.jpg
2026-06-23 16:59:14 [INFO] 保存的检测结果文件大小: 2279023 字节
2026-06-23 16:59:14 [INFO] 引擎上下文已释放
2026-06-23 16:59:14 [INFO] TensorRT 引擎已释放
2026-06-23 16:59:14 [INFO] 全局 CUDA 资源已释放
2026-06-23 16:59:14 [INFO] 检测系统资源已释放
2026-06-23 16:59:19 [INFO] CUDA 初始化成功
2026-06-23 16:59:19 [INFO] 引擎加载成功: dangerous.engine
2026-06-23 16:59:19 [INFO] 检测系统初始化成功
2026-06-23 16:59:19 [INFO] 图像预处理完成，原始尺寸: (2160, 3840)
2026-06-23 16:59:19 [INFO] 开始执行目标检测...
2026-06-23 16:59:19 [INFO] 检测完成，找到 5 个物体
2026-06-23 16:59:19 [INFO] 物体 1: GasCyl1 (置信度: 0.89)
2026-06-23 16:59:19 [INFO] 物体 2: GasCyl1 (置信度: 0.69)
2026-06-23 16:59:19 [INFO] 物体 3: FireExt1 (置信度: 0.55)
2026-06-23 16:59:19 [INFO] 物体 4: FireExt1 (置信度: 0.49)
2026-06-23 16:59:19 [INFO] 物体 5: FireExt1 (置信度: 0.42)
2026-06-23 16:59:19 [INFO] 检测到车兜区域，将过滤区域外的目标
2026-06-23 16:59:19 [INFO] 车兜区域过滤: 5 -> 3 个目标
2026-06-23 16:59:19 [INFO] 准备保存检测结果到: C:\code\show\Scrap_Steel_In_Field\photos\dangerous_det\detection_20260623_165919.jpg
2026-06-23 16:59:19 [INFO] 图像形状: (2160, 3840, 3)
2026-06-23 16:59:19 [INFO] 图像数据类型: uint8
2026-06-23 16:59:19 [INFO] 图像最大值: 255
2026-06-23 16:59:19 [INFO] 图像最小值: 0
2026-06-23 16:59:19 [INFO] 开始保存检测结果图像: 图像尺寸=(2160, 3840, 3), 类型=uint8, 路径=C:\code\show\Scrap_Steel_In_Field\photos\dangerous_det\detection_20260623_165919.jpg
2026-06-23 16:59:19 [INFO] 成功保存检测结果到: C:\code\show\Scrap_Steel_In_Field\photos\dangerous_det\detection_20260623_165919.jpg
2026-06-23 16:59:19 [INFO] 保存的检测结果文件大小: 2281427 字节
2026-06-23 16:59:19 [INFO] 引擎上下文已释放
2026-06-23 16:59:19 [INFO] TensorRT 引擎已释放
2026-06-23 16:59:19 [INFO] 全局 CUDA 资源已释放
2026-06-23 16:59:19 [INFO] 检测系统资源已释放
2026-06-23 16:59:24 [INFO] CUDA 初始化成功
2026-06-23 16:59:24 [INFO] 引擎加载成功: dangerous.engine
2026-06-23 16:59:24 [INFO] 检测系统初始化成功
2026-06-23 16:59:24 [INFO] 图像预处理完成，原始尺寸: (2160, 3840)
2026-06-23 16:59:24 [INFO] 开始执行目标检测...
2026-06-23 16:59:24 [INFO] 检测完成，找到 5 个物体
2026-06-23 16:59:24 [INFO] 物体 1: GasCyl1 (置信度: 0.90)
2026-06-23 16:59:24 [INFO] 物体 2: GasCyl1 (置信度: 0.65)
2026-06-23 16:59:24 [INFO] 物体 3: FireExt1 (置信度: 0.56)
2026-06-23 16:59:24 [INFO] 物体 4: FireExt1 (置信度: 0.51)
2026-06-23 16:59:24 [INFO] 物体 5: FireExt1 (置信度: 0.43)
2026-06-23 16:59:24 [INFO] 检测到车兜区域，将过滤区域外的目标
2026-06-23 16:59:24 [INFO] 车兜区域过滤: 5 -> 3 个目标
2026-06-23 16:59:24 [INFO] 准备保存检测结果到: C:\code\show\Scrap_Steel_In_Field\photos\dangerous_det\detection_20260623_165924.jpg
2026-06-23 16:59:24 [INFO] 图像形状: (2160, 3840, 3)
2026-06-23 16:59:24 [INFO] 图像数据类型: uint8
2026-06-23 16:59:24 [INFO] 图像最大值: 255
2026-06-23 16:59:24 [INFO] 图像最小值: 0
2026-06-23 16:59:24 [INFO] 开始保存检测结果图像: 图像尺寸=(2160, 3840, 3), 类型=uint8, 路径=C:\code\show\Scrap_Steel_In_Field\photos\dangerous_det\detection_20260623_165924.jpg
2026-06-23 16:59:24 [INFO] 成功保存检测结果到: C:\code\show\Scrap_Steel_In_Field\photos\dangerous_det\detection_20260623_165924.jpg
2026-06-23 16:59:24 [INFO] 保存的检测结果文件大小: 2279075 字节
2026-06-23 16:59:24 [INFO] 引擎上下文已释放
2026-06-23 16:59:24 [INFO] TensorRT 引擎已释放
2026-06-23 16:59:24 [INFO] 全局 CUDA 资源已释放
2026-06-23 16:59:24 [INFO] 检测系统资源已释放
2026-06-23 16:59:29 [INFO] CUDA 初始化成功
2026-06-23 16:59:30 [INFO] 引擎加载成功: dangerous.engine
2026-06-23 16:59:30 [INFO] 检测系统初始化成功
2026-06-23 16:59:30 [INFO] 图像预处理完成，原始尺寸: (2160, 3840)
2026-06-23 16:59:30 [INFO] 开始执行目标检测...
2026-06-23 16:59:30 [INFO] 检测完成，找到 5 个物体
2026-06-23 16:59:30 [INFO] 物体 1: GasCyl1 (置信度: 0.90)
2026-06-23 16:59:30 [INFO] 物体 2: GasCyl1 (置信度: 0.74)
2026-06-23 16:59:30 [INFO] 物体 3: FireExt1 (置信度: 0.51)
2026-06-23 16:59:30 [INFO] 物体 4: FireExt1 (置信度: 0.49)
2026-06-23 16:59:30 [INFO] 物体 5: FireExt1 (置信度: 0.42)
2026-06-23 16:59:30 [INFO] 检测到车兜区域，将过滤区域外的目标
2026-06-23 16:59:30 [INFO] 车兜区域过滤: 5 -> 3 个目标
2026-06-23 16:59:30 [INFO] 准备保存检测结果到: C:\code\show\Scrap_Steel_In_Field\photos\dangerous_det\detection_20260623_165930.jpg
2026-06-23 16:59:30 [INFO] 图像形状: (2160, 3840, 3)
2026-06-23 16:59:30 [INFO] 图像数据类型: uint8
2026-06-23 16:59:30 [INFO] 图像最大值: 255
2026-06-23 16:59:30 [INFO] 图像最小值: 0
2026-06-23 16:59:30 [INFO] 开始保存检测结果图像: 图像尺寸=(2160, 3840, 3), 类型=uint8, 路径=C:\code\show\Scrap_Steel_In_Field\photos\dangerous_det\detection_20260623_165930.jpg
2026-06-23 16:59:30 [INFO] 成功保存检测结果到: C:\code\show\Scrap_Steel_In_Field\photos\dangerous_det\detection_20260623_165930.jpg
2026-06-23 16:59:30 [INFO] 保存的检测结果文件大小: 2279861 字节
2026-06-23 16:59:30 [INFO] 引擎上下文已释放
2026-06-23 16:59:30 [INFO] TensorRT 引擎已释放
2026-06-23 16:59:30 [INFO] 全局 CUDA 资源已释放
2026-06-23 16:59:30 [INFO] 检测系统资源已释放
2026-06-23 16:59:35 [INFO] CUDA 初始化成功
2026-06-23 16:59:35 [INFO] 引擎加载成功: dangerous.engine
2026-06-23 16:59:35 [INFO] 检测系统初始化成功
2026-06-23 16:59:35 [INFO] 图像预处理完成，原始尺寸: (2160, 3840)
2026-06-23 16:59:35 [INFO] 开始执行目标检测...
2026-06-23 16:59:35 [INFO] 检测完成，找到 5 个物体
2026-06-23 16:59:35 [INFO] 物体 1: GasCyl1 (置信度: 0.90)
2026-06-23 16:59:35 [INFO] 物体 2: GasCyl1 (置信度: 0.73)
2026-06-23 16:59:35 [INFO] 物体 3: FireExt1 (置信度: 0.56)
2026-06-23 16:59:35 [INFO] 物体 4: GasCyl1 (置信度: 0.48)
2026-06-23 16:59:35 [INFO] 物体 5: FireExt1 (置信度: 0.36)
2026-06-23 16:59:35 [INFO] 检测到车兜区域，将过滤区域外的目标
2026-06-23 16:59:35 [INFO] 车兜区域过滤: 5 -> 3 个目标
2026-06-23 16:59:35 [INFO] 准备保存检测结果到: C:\code\show\Scrap_Steel_In_Field\photos\dangerous_det\detection_20260623_165935.jpg
2026-06-23 16:59:35 [INFO] 图像形状: (2160, 3840, 3)
2026-06-23 16:59:35 [INFO] 图像数据类型: uint8
2026-06-23 16:59:35 [INFO] 图像最大值: 255
2026-06-23 16:59:35 [INFO] 图像最小值: 0
2026-06-23 16:59:35 [INFO] 开始保存检测结果图像: 图像尺寸=(2160, 3840, 3), 类型=uint8, 路径=C:\code\show\Scrap_Steel_In_Field\photos\dangerous_det\detection_20260623_165935.jpg
2026-06-23 16:59:35 [INFO] 成功保存检测结果到: C:\code\show\Scrap_Steel_In_Field\photos\dangerous_det\detection_20260623_165935.jpg
2026-06-23 16:59:35 [INFO] 保存的检测结果文件大小: 2281272 字节
2026-06-23 16:59:35 [INFO] 引擎上下文已释放
2026-06-23 16:59:35 [INFO] TensorRT 引擎已释放
2026-06-23 16:59:35 [INFO] 全局 CUDA 资源已释放
2026-06-23 16:59:35 [INFO] 检测系统资源已释放
2026-06-23 16:59:40 [INFO] CUDA 初始化成功
2026-06-23 16:59:40 [INFO] 引擎加载成功: dangerous.engine
2026-06-23 16:59:40 [INFO] 检测系统初始化成功
2026-06-23 16:59:40 [INFO] 图像预处理完成，原始尺寸: (2160, 3840)
2026-06-23 16:59:40 [INFO] 开始执行目标检测...
2026-06-23 16:59:40 [INFO] 检测完成，找到 5 个物体
2026-06-23 16:59:40 [INFO] 物体 1: GasCyl1 (置信度: 0.90)
2026-06-23 16:59:40 [INFO] 物体 2: GasCyl1 (置信度: 0.72)
2026-06-23 16:59:40 [INFO] 物体 3: FireExt1 (置信度: 0.56)
2026-06-23 16:59:40 [INFO] 物体 4: GasCyl1 (置信度: 0.46)
2026-06-23 16:59:40 [INFO] 物体 5: FireExt1 (置信度: 0.42)
2026-06-23 16:59:40 [INFO] 检测到车兜区域，将过滤区域外的目标
2026-06-23 16:59:40 [INFO] 车兜区域过滤: 5 -> 3 个目标
2026-06-23 16:59:40 [INFO] 准备保存检测结果到: C:\code\show\Scrap_Steel_In_Field\photos\dangerous_det\detection_20260623_165940.jpg
2026-06-23 16:59:40 [INFO] 图像形状: (2160, 3840, 3)
2026-06-23 16:59:40 [INFO] 图像数据类型: uint8
2026-06-23 16:59:40 [INFO] 图像最大值: 255
2026-06-23 16:59:40 [INFO] 图像最小值: 0
2026-06-23 16:59:40 [INFO] 开始保存检测结果图像: 图像尺寸=(2160, 3840, 3), 类型=uint8, 路径=C:\code\show\Scrap_Steel_In_Field\photos\dangerous_det\detection_20260623_165940.jpg
2026-06-23 16:59:40 [INFO] 成功保存检测结果到: C:\code\show\Scrap_Steel_In_Field\photos\dangerous_det\detection_20260623_165940.jpg
2026-06-23 16:59:40 [INFO] 保存的检测结果文件大小: 2279825 字节
2026-06-23 16:59:40 [INFO] 引擎上下文已释放
2026-06-23 16:59:40 [INFO] TensorRT 引擎已释放
2026-06-23 16:59:40 [INFO] 全局 CUDA 资源已释放
2026-06-23 16:59:40 [INFO] 检测系统资源已释放
2026-06-23 16:59:45 [INFO] CUDA 初始化成功
2026-06-23 16:59:45 [INFO] 引擎加载成功: dangerous.engine
2026-06-23 16:59:45 [INFO] 检测系统初始化成功
2026-06-23 16:59:45 [INFO] 图像预处理完成，原始尺寸: (2160, 3840)
2026-06-23 16:59:45 [INFO] 开始执行目标检测...
2026-06-23 16:59:46 [INFO] 检测完成，找到 5 个物体
2026-06-23 16:59:46 [INFO] 物体 1: GasCyl1 (置信度: 0.90)
2026-06-23 16:59:46 [INFO] 物体 2: GasCyl1 (置信度: 0.67)
2026-06-23 16:59:46 [INFO] 物体 3: FireExt1 (置信度: 0.58)
2026-06-23 16:59:46 [INFO] 物体 4: GasCyl1 (置信度: 0.48)
2026-06-23 16:59:46 [INFO] 物体 5: FireExt1 (置信度: 0.42)
2026-06-23 16:59:46 [INFO] 检测到车兜区域，将过滤区域外的目标
2026-06-23 16:59:46 [INFO] 车兜区域过滤: 5 -> 3 个目标
2026-06-23 16:59:46 [INFO] 准备保存检测结果到: C:\code\show\Scrap_Steel_In_Field\photos\dangerous_det\detection_20260623_165946.jpg
2026-06-23 16:59:46 [INFO] 图像形状: (2160, 3840, 3)
2026-06-23 16:59:46 [INFO] 图像数据类型: uint8
2026-06-23 16:59:46 [INFO] 图像最大值: 255
2026-06-23 16:59:46 [INFO] 图像最小值: 0
2026-06-23 16:59:46 [INFO] 开始保存检测结果图像: 图像尺寸=(2160, 3840, 3), 类型=uint8, 路径=C:\code\show\Scrap_Steel_In_Field\photos\dangerous_det\detection_20260623_165946.jpg
2026-06-23 16:59:46 [INFO] 成功保存检测结果到: C:\code\show\Scrap_Steel_In_Field\photos\dangerous_det\detection_20260623_165946.jpg
2026-06-23 16:59:46 [INFO] 保存的检测结果文件大小: 2279868 字节
2026-06-23 16:59:46 [INFO] 引擎上下文已释放
2026-06-23 16:59:46 [INFO] TensorRT 引擎已释放
2026-06-23 16:59:46 [INFO] 全局 CUDA 资源已释放
2026-06-23 16:59:46 [INFO] 检测系统资源已释放
2026-06-23 16:59:51 [INFO] CUDA 初始化成功
2026-06-23 16:59:51 [INFO] 引擎加载成功: dangerous.engine
2026-06-23 16:59:51 [INFO] 检测系统初始化成功
2026-06-23 16:59:51 [INFO] 图像预处理完成，原始尺寸: (2160, 3840)
2026-06-23 16:59:51 [INFO] 开始执行目标检测...
2026-06-23 16:59:51 [INFO] 检测完成，找到 5 个物体
2026-06-23 16:59:51 [INFO] 物体 1: GasCyl1 (置信度: 0.90)
2026-06-23 16:59:51 [INFO] 物体 2: GasCyl1 (置信度: 0.67)
2026-06-23 16:59:51 [INFO] 物体 3: FireExt1 (置信度: 0.57)
2026-06-23 16:59:51 [INFO] 物体 4: FireExt1 (置信度: 0.51)
2026-06-23 16:59:51 [INFO] 物体 5: FireExt1 (置信度: 0.41)
2026-06-23 16:59:51 [INFO] 检测到车兜区域，将过滤区域外的目标
2026-06-23 16:59:51 [INFO] 车兜区域过滤: 5 -> 3 个目标
2026-06-23 16:59:51 [INFO] 准备保存检测结果到: C:\code\show\Scrap_Steel_In_Field\photos\dangerous_det\detection_20260623_165951.jpg
2026-06-23 16:59:51 [INFO] 图像形状: (2160, 3840, 3)
2026-06-23 16:59:51 [INFO] 图像数据类型: uint8
2026-06-23 16:59:51 [INFO] 图像最大值: 255
2026-06-23 16:59:51 [INFO] 图像最小值: 0
2026-06-23 16:59:51 [INFO] 开始保存检测结果图像: 图像尺寸=(2160, 3840, 3), 类型=uint8, 路径=C:\code\show\Scrap_Steel_In_Field\photos\dangerous_det\detection_20260623_165951.jpg
2026-06-23 16:59:51 [INFO] 成功保存检测结果到: C:\code\show\Scrap_Steel_In_Field\photos\dangerous_det\detection_20260623_165951.jpg
2026-06-23 16:59:51 [INFO] 保存的检测结果文件大小: 2279202 字节
2026-06-23 16:59:51 [INFO] 引擎上下文已释放
2026-06-23 16:59:51 [INFO] TensorRT 引擎已释放
2026-06-23 16:59:51 [INFO] 全局 CUDA 资源已释放
2026-06-23 16:59:51 [INFO] 检测系统资源已释放
2026-06-23 16:59:56 [INFO] CUDA 初始化成功
2026-06-23 16:59:56 [INFO] 引擎加载成功: dangerous.engine
2026-06-23 16:59:56 [INFO] 检测系统初始化成功
2026-06-23 16:59:56 [INFO] 图像预处理完成，原始尺寸: (2160, 3840)
2026-06-23 16:59:56 [INFO] 开始执行目标检测...
2026-06-23 16:59:56 [INFO] 检测完成，找到 5 个物体
2026-06-23 16:59:56 [INFO] 物体 1: GasCyl1 (置信度: 0.89)
2026-06-23 16:59:56 [INFO] 物体 2: FireExt1 (置信度: 0.58)
2026-06-23 16:59:56 [INFO] 物体 3: FireExt1 (置信度: 0.54)
2026-06-23 16:59:56 [INFO] 物体 4: GasCyl1 (置信度: 0.51)
2026-06-23 16:59:56 [INFO] 物体 5: FireExt1 (置信度: 0.42)
2026-06-23 16:59:56 [INFO] 检测到车兜区域，将过滤区域外的目标
2026-06-23 16:59:56 [INFO] 车兜区域过滤: 5 -> 3 个目标
2026-06-23 16:59:56 [INFO] 准备保存检测结果到: C:\code\show\Scrap_Steel_In_Field\photos\dangerous_det\detection_20260623_165956.jpg
2026-06-23 16:59:56 [INFO] 图像形状: (2160, 3840, 3)
2026-06-23 16:59:56 [INFO] 图像数据类型: uint8
2026-06-23 16:59:56 [INFO] 图像最大值: 255
2026-06-23 16:59:56 [INFO] 图像最小值: 0
2026-06-23 16:59:56 [INFO] 开始保存检测结果图像: 图像尺寸=(2160, 3840, 3), 类型=uint8, 路径=C:\code\show\Scrap_Steel_In_Field\photos\dangerous_det\detection_20260623_165956.jpg
2026-06-23 16:59:56 [INFO] 成功保存检测结果到: C:\code\show\Scrap_Steel_In_Field\photos\dangerous_det\detection_20260623_165956.jpg
2026-06-23 16:59:56 [INFO] 保存的检测结果文件大小: 2282268 字节
2026-06-23 16:59:56 [INFO] 引擎上下文已释放
2026-06-23 16:59:56 [INFO] TensorRT 引擎已释放
2026-06-23 16:59:56 [INFO] 全局 CUDA 资源已释放
2026-06-23 16:59:56 [INFO] 检测系统资源已释放
2026-06-23 17:00:01 [INFO] CUDA 初始化成功
2026-06-23 17:00:02 [INFO] 引擎加载成功: dangerous.engine
2026-06-23 17:00:02 [INFO] 检测系统初始化成功
2026-06-23 17:00:02 [INFO] 图像预处理完成，原始尺寸: (2160, 3840)
2026-06-23 17:00:02 [INFO] 开始执行目标检测...
2026-06-23 17:00:02 [INFO] 检测完成，找到 5 个物体
2026-06-23 17:00:02 [INFO] 物体 1: GasCyl1 (置信度: 0.90)
2026-06-23 17:00:02 [INFO] 物体 2: GasCyl1 (置信度: 0.73)
2026-06-23 17:00:02 [INFO] 物体 3: FireExt1 (置信度: 0.53)
2026-06-23 17:00:02 [INFO] 物体 4: FireExt1 (置信度: 0.51)
2026-06-23 17:00:02 [INFO] 物体 5: FireExt1 (置信度: 0.37)
2026-06-23 17:00:02 [INFO] 检测到车兜区域，将过滤区域外的目标
2026-06-23 17:00:02 [INFO] 车兜区域过滤: 5 -> 3 个目标
2026-06-23 17:00:02 [INFO] 准备保存检测结果到: C:\code\show\Scrap_Steel_In_Field\photos\dangerous_det\detection_20260623_170002.jpg
2026-06-23 17:00:02 [INFO] 图像形状: (2160, 3840, 3)
2026-06-23 17:00:02 [INFO] 图像数据类型: uint8
2026-06-23 17:00:02 [INFO] 图像最大值: 255
2026-06-23 17:00:02 [INFO] 图像最小值: 0
2026-06-23 17:00:02 [INFO] 开始保存检测结果图像: 图像尺寸=(2160, 3840, 3), 类型=uint8, 路径=C:\code\show\Scrap_Steel_In_Field\photos\dangerous_det\detection_20260623_170002.jpg
2026-06-23 17:00:02 [INFO] 成功保存检测结果到: C:\code\show\Scrap_Steel_In_Field\photos\dangerous_det\detection_20260623_170002.jpg
2026-06-23 17:00:02 [INFO] 保存的检测结果文件大小: 2279314 字节
2026-06-23 17:00:02 [INFO] 引擎上下文已释放
2026-06-23 17:00:02 [INFO] TensorRT 引擎已释放
2026-06-23 17:00:02 [INFO] 全局 CUDA 资源已释放
2026-06-23 17:00:02 [INFO] 检测系统资源已释放
2026-06-23 17:00:07 [INFO] CUDA 初始化成功
2026-06-23 17:00:07 [INFO] 引擎加载成功: dangerous.engine
2026-06-23 17:00:07 [INFO] 检测系统初始化成功
2026-06-23 17:00:07 [INFO] 图像预处理完成，原始尺寸: (2160, 3840)
2026-06-23 17:00:07 [INFO] 开始执行目标检测...
2026-06-23 17:00:07 [INFO] 检测完成，找到 5 个物体
2026-06-23 17:00:07 [INFO] 物体 1: GasCyl1 (置信度: 0.90)
2026-06-23 17:00:07 [INFO] 物体 2: GasCyl1 (置信度: 0.69)
2026-06-23 17:00:07 [INFO] 物体 3: FireExt1 (置信度: 0.56)
2026-06-23 17:00:07 [INFO] 物体 4: FireExt1 (置信度: 0.48)
2026-06-23 17:00:07 [INFO] 物体 5: FireExt1 (置信度: 0.44)
2026-06-23 17:00:07 [INFO] 检测到车兜区域，将过滤区域外的目标
2026-06-23 17:00:07 [INFO] 车兜区域过滤: 5 -> 3 个目标
2026-06-23 17:00:07 [INFO] 准备保存检测结果到: C:\code\show\Scrap_Steel_In_Field\photos\dangerous_det\detection_20260623_170007.jpg
2026-06-23 17:00:07 [INFO] 图像形状: (2160, 3840, 3)
2026-06-23 17:00:07 [INFO] 图像数据类型: uint8
2026-06-23 17:00:07 [INFO] 图像最大值: 255
2026-06-23 17:00:07 [INFO] 图像最小值: 0
2026-06-23 17:00:07 [INFO] 开始保存检测结果图像: 图像尺寸=(2160, 3840, 3), 类型=uint8, 路径=C:\code\show\Scrap_Steel_In_Field\photos\dangerous_det\detection_20260623_170007.jpg
2026-06-23 17:00:07 [INFO] 成功保存检测结果到: C:\code\show\Scrap_Steel_In_Field\photos\dangerous_det\detection_20260623_170007.jpg
2026-06-23 17:00:07 [INFO] 保存的检测结果文件大小: 2278251 字节
2026-06-23 17:00:07 [INFO] 引擎上下文已释放
2026-06-23 17:00:07 [INFO] TensorRT 引擎已释放
2026-06-23 17:00:07 [INFO] 全局 CUDA 资源已释放
2026-06-23 17:00:07 [INFO] 检测系统资源已释放
2026-06-23 17:00:12 [INFO] CUDA 初始化成功
2026-06-23 17:00:12 [INFO] 引擎加载成功: dangerous.engine
2026-06-23 17:00:12 [INFO] 检测系统初始化成功
2026-06-23 17:00:12 [INFO] 图像预处理完成，原始尺寸: (2160, 3840)
2026-06-23 17:00:12 [INFO] 开始执行目标检测...
2026-06-23 17:00:12 [INFO] 检测完成，找到 5 个物体
2026-06-23 17:00:12 [INFO] 物体 1: GasCyl1 (置信度: 0.89)
2026-06-23 17:00:12 [INFO] 物体 2: GasCyl1 (置信度: 0.68)
2026-06-23 17:00:12 [INFO] 物体 3: FireExt1 (置信度: 0.56)
2026-06-23 17:00:12 [INFO] 物体 4: FireExt1 (置信度: 0.50)
2026-06-23 17:00:12 [INFO] 物体 5: FireExt1 (置信度: 0.42)
2026-06-23 17:00:12 [INFO] 检测到车兜区域，将过滤区域外的目标
2026-06-23 17:00:12 [INFO] 车兜区域过滤: 5 -> 3 个目标
2026-06-23 17:00:12 [INFO] 准备保存检测结果到: C:\code\show\Scrap_Steel_In_Field\photos\dangerous_det\detection_20260623_170012.jpg
2026-06-23 17:00:12 [INFO] 图像形状: (2160, 3840, 3)
2026-06-23 17:00:12 [INFO] 图像数据类型: uint8
2026-06-23 17:00:12 [INFO] 图像最大值: 255
2026-06-23 17:00:12 [INFO] 图像最小值: 0
2026-06-23 17:00:12 [INFO] 开始保存检测结果图像: 图像尺寸=(2160, 3840, 3), 类型=uint8, 路径=C:\code\show\Scrap_Steel_In_Field\photos\dangerous_det\detection_20260623_170012.jpg
2026-06-23 17:00:12 [INFO] 成功保存检测结果到: C:\code\show\Scrap_Steel_In_Field\photos\dangerous_det\detection_20260623_170012.jpg
2026-06-23 17:00:12 [INFO] 保存的检测结果文件大小: 2278657 字节
2026-06-23 17:00:12 [INFO] 引擎上下文已释放
2026-06-23 17:00:12 [INFO] TensorRT 引擎已释放
2026-06-23 17:00:12 [INFO] 全局 CUDA 资源已释放
2026-06-23 17:00:12 [INFO] 检测系统资源已释放
2026-06-23 17:00:17 [INFO] CUDA 初始化成功
2026-06-23 17:00:17 [INFO] 引擎加载成功: dangerous.engine
2026-06-23 17:00:17 [INFO] 检测系统初始化成功
2026-06-23 17:00:17 [INFO] 图像预处理完成，原始尺寸: (2160, 3840)
2026-06-23 17:00:17 [INFO] 开始执行目标检测...
2026-06-23 17:00:18 [INFO] 检测完成，找到 5 个物体
2026-06-23 17:00:18 [INFO] 物体 1: GasCyl1 (置信度: 0.89)
2026-06-23 17:00:18 [INFO] 物体 2: GasCyl1 (置信度: 0.69)
2026-06-23 17:00:18 [INFO] 物体 3: FireExt1 (置信度: 0.55)
2026-06-23 17:00:18 [INFO] 物体 4: FireExt1 (置信度: 0.49)
2026-06-23 17:00:18 [INFO] 物体 5: FireExt1 (置信度: 0.43)
2026-06-23 17:00:18 [INFO] 检测到车兜区域，将过滤区域外的目标
2026-06-23 17:00:18 [INFO] 车兜区域过滤: 5 -> 3 个目标
2026-06-23 17:00:18 [INFO] 准备保存检测结果到: C:\code\show\Scrap_Steel_In_Field\photos\dangerous_det\detection_20260623_170018.jpg
2026-06-23 17:00:18 [INFO] 图像形状: (2160, 3840, 3)
2026-06-23 17:00:18 [INFO] 图像数据类型: uint8
2026-06-23 17:00:18 [INFO] 图像最大值: 255
2026-06-23 17:00:18 [INFO] 图像最小值: 0
2026-06-23 17:00:18 [INFO] 开始保存检测结果图像: 图像尺寸=(2160, 3840, 3), 类型=uint8, 路径=C:\code\show\Scrap_Steel_In_Field\photos\dangerous_det\detection_20260623_170018.jpg
2026-06-23 17:00:18 [INFO] 成功保存检测结果到: C:\code\show\Scrap_Steel_In_Field\photos\dangerous_det\detection_20260623_170018.jpg
2026-06-23 17:00:18 [INFO] 保存的检测结果文件大小: 2280271 字节
2026-06-23 17:00:18 [INFO] 引擎上下文已释放
2026-06-23 17:00:18 [INFO] TensorRT 引擎已释放
2026-06-23 17:00:18 [INFO] 全局 CUDA 资源已释放
2026-06-23 17:00:18 [INFO] 检测系统资源已释放
2026-06-23 17:00:23 [INFO] CUDA 初始化成功
2026-06-23 17:00:23 [INFO] 引擎加载成功: dangerous.engine
2026-06-23 17:00:23 [INFO] 检测系统初始化成功
2026-06-23 17:00:23 [INFO] 图像预处理完成，原始尺寸: (2160, 3840)
2026-06-23 17:00:23 [INFO] 开始执行目标检测...
2026-06-23 17:00:23 [INFO] 检测完成，找到 4 个物体
2026-06-23 17:00:23 [INFO] 物体 1: GasCyl1 (置信度: 0.90)
2026-06-23 17:00:23 [INFO] 物体 2: GasCyl1 (置信度: 0.77)
2026-06-23 17:00:23 [INFO] 物体 3: FireExt1 (置信度: 0.56)
2026-06-23 17:00:23 [INFO] 物体 4: FireExt1 (置信度: 0.49)
2026-06-23 17:00:23 [INFO] 检测到车兜区域，将过滤区域外的目标
2026-06-23 17:00:23 [INFO] 车兜区域过滤: 4 -> 3 个目标
2026-06-23 17:00:23 [INFO] 准备保存检测结果到: C:\code\show\Scrap_Steel_In_Field\photos\dangerous_det\detection_20260623_170023.jpg
2026-06-23 17:00:23 [INFO] 图像形状: (2160, 3840, 3)
2026-06-23 17:00:23 [INFO] 图像数据类型: uint8
2026-06-23 17:00:23 [INFO] 图像最大值: 255
2026-06-23 17:00:23 [INFO] 图像最小值: 0
2026-06-23 17:00:23 [INFO] 开始保存检测结果图像: 图像尺寸=(2160, 3840, 3), 类型=uint8, 路径=C:\code\show\Scrap_Steel_In_Field\photos\dangerous_det\detection_20260623_170023.jpg
2026-06-23 17:00:23 [INFO] 成功保存检测结果到: C:\code\show\Scrap_Steel_In_Field\photos\dangerous_det\detection_20260623_170023.jpg
2026-06-23 17:00:23 [INFO] 保存的检测结果文件大小: 2278510 字节
2026-06-23 17:00:23 [INFO] 引擎上下文已释放
2026-06-23 17:00:23 [INFO] TensorRT 引擎已释放
2026-06-23 17:00:23 [INFO] 全局 CUDA 资源已释放
2026-06-23 17:00:23 [INFO] 检测系统资源已释放
2026-06-23 17:00:28 [INFO] CUDA 初始化成功
2026-06-23 17:00:28 [INFO] 引擎加载成功: dangerous.engine
2026-06-23 17:00:28 [INFO] 检测系统初始化成功
2026-06-23 17:00:28 [INFO] 图像预处理完成，原始尺寸: (2160, 3840)
2026-06-23 17:00:28 [INFO] 开始执行目标检测...
2026-06-23 17:00:28 [INFO] 检测完成，找到 5 个物体
2026-06-23 17:00:28 [INFO] 物体 1: GasCyl1 (置信度: 0.90)
2026-06-23 17:00:28 [INFO] 物体 2: GasCyl1 (置信度: 0.71)
2026-06-23 17:00:28 [INFO] 物体 3: FireExt1 (置信度: 0.56)
2026-06-23 17:00:28 [INFO] 物体 4: FireExt1 (置信度: 0.50)
2026-06-23 17:00:28 [INFO] 物体 5: FireExt1 (置信度: 0.45)
2026-06-23 17:00:28 [INFO] 检测到车兜区域，将过滤区域外的目标
2026-06-23 17:00:28 [INFO] 车兜区域过滤: 5 -> 3 个目标
2026-06-23 17:00:28 [INFO] 准备保存检测结果到: C:\code\show\Scrap_Steel_In_Field\photos\dangerous_det\detection_20260623_170028.jpg
2026-06-23 17:00:28 [INFO] 图像形状: (2160, 3840, 3)
2026-06-23 17:00:28 [INFO] 图像数据类型: uint8
2026-06-23 17:00:28 [INFO] 图像最大值: 255
2026-06-23 17:00:28 [INFO] 图像最小值: 0
2026-06-23 17:00:28 [INFO] 开始保存检测结果图像: 图像尺寸=(2160, 3840, 3), 类型=uint8, 路径=C:\code\show\Scrap_Steel_In_Field\photos\dangerous_det\detection_20260623_170028.jpg
2026-06-23 17:00:28 [INFO] 成功保存检测结果到: C:\code\show\Scrap_Steel_In_Field\photos\dangerous_det\detection_20260623_170028.jpg
2026-06-23 17:00:28 [INFO] 保存的检测结果文件大小: 2280896 字节
2026-06-23 17:00:28 [INFO] 引擎上下文已释放
2026-06-23 17:00:28 [INFO] TensorRT 引擎已释放
2026-06-23 17:00:28 [INFO] 全局 CUDA 资源已释放
2026-06-23 17:00:28 [INFO] 检测系统资源已释放
2026-06-23 17:00:33 [INFO] CUDA 初始化成功
2026-06-23 17:00:33 [INFO] 引擎加载成功: dangerous.engine
2026-06-23 17:00:33 [INFO] 检测系统初始化成功
2026-06-23 17:00:33 [INFO] 图像预处理完成，原始尺寸: (2160, 3840)
2026-06-23 17:00:33 [INFO] 开始执行目标检测...
2026-06-23 17:00:33 [INFO] 检测完成，找到 5 个物体
2026-06-23 17:00:33 [INFO] 物体 1: GasCyl1 (置信度: 0.90)
2026-06-23 17:00:33 [INFO] 物体 2: GasCyl1 (置信度: 0.65)
2026-06-23 17:00:33 [INFO] 物体 3: FireExt1 (置信度: 0.57)
2026-06-23 17:00:33 [INFO] 物体 4: FireExt1 (置信度: 0.50)
2026-06-23 17:00:33 [INFO] 物体 5: FireExt1 (置信度: 0.45)
2026-06-23 17:00:34 [INFO] 检测到车兜区域，将过滤区域外的目标
2026-06-23 17:00:34 [INFO] 车兜区域过滤: 5 -> 3 个目标
2026-06-23 17:00:34 [INFO] 准备保存检测结果到: C:\code\show\Scrap_Steel_In_Field\photos\dangerous_det\detection_20260623_170034.jpg
2026-06-23 17:00:34 [INFO] 图像形状: (2160, 3840, 3)
2026-06-23 17:00:34 [INFO] 图像数据类型: uint8
2026-06-23 17:00:34 [INFO] 图像最大值: 255
2026-06-23 17:00:34 [INFO] 图像最小值: 0
2026-06-23 17:00:34 [INFO] 开始保存检测结果图像: 图像尺寸=(2160, 3840, 3), 类型=uint8, 路径=C:\code\show\Scrap_Steel_In_Field\photos\dangerous_det\detection_20260623_170034.jpg
2026-06-23 17:00:34 [INFO] 成功保存检测结果到: C:\code\show\Scrap_Steel_In_Field\photos\dangerous_det\detection_20260623_170034.jpg
2026-06-23 17:00:34 [INFO] 保存的检测结果文件大小: 2281349 字节
2026-06-23 17:00:34 [INFO] 引擎上下文已释放
2026-06-23 17:00:34 [INFO] TensorRT 引擎已释放
2026-06-23 17:00:34 [INFO] 全局 CUDA 资源已释放
2026-06-23 17:00:34 [INFO] 检测系统资源已释放
2026-06-23 17:00:39 [INFO] CUDA 初始化成功
2026-06-23 17:00:39 [INFO] 引擎加载成功: dangerous.engine
2026-06-23 17:00:39 [INFO] 检测系统初始化成功
2026-06-23 17:00:39 [INFO] 图像预处理完成，原始尺寸: (2160, 3840)
2026-06-23 17:00:39 [INFO] 开始执行目标检测...
2026-06-23 17:00:39 [INFO] 检测完成，找到 5 个物体
2026-06-23 17:00:39 [INFO] 物体 1: GasCyl1 (置信度: 0.90)
2026-06-23 17:00:39 [INFO] 物体 2: GasCyl1 (置信度: 0.66)
2026-06-23 17:00:39 [INFO] 物体 3: FireExt1 (置信度: 0.52)
2026-06-23 17:00:39 [INFO] 物体 4: FireExt1 (置信度: 0.49)
2026-06-23 17:00:39 [INFO] 物体 5: FireExt1 (置信度: 0.44)
2026-06-23 17:00:39 [INFO] 检测到车兜区域，将过滤区域外的目标
2026-06-23 17:00:39 [INFO] 车兜区域过滤: 5 -> 3 个目标
2026-06-23 17:00:39 [INFO] 准备保存检测结果到: C:\code\show\Scrap_Steel_In_Field\photos\dangerous_det\detection_20260623_170039.jpg
2026-06-23 17:00:39 [INFO] 图像形状: (2160, 3840, 3)
2026-06-23 17:00:39 [INFO] 图像数据类型: uint8
2026-06-23 17:00:39 [INFO] 图像最大值: 255
2026-06-23 17:00:39 [INFO] 图像最小值: 0
2026-06-23 17:00:39 [INFO] 开始保存检测结果图像: 图像尺寸=(2160, 3840, 3), 类型=uint8, 路径=C:\code\show\Scrap_Steel_In_Field\photos\dangerous_det\detection_20260623_170039.jpg
2026-06-23 17:00:39 [INFO] 成功保存检测结果到: C:\code\show\Scrap_Steel_In_Field\photos\dangerous_det\detection_20260623_170039.jpg
2026-06-23 17:00:39 [INFO] 保存的检测结果文件大小: 2276820 字节
2026-06-23 17:00:39 [INFO] 引擎上下文已释放
2026-06-23 17:00:39 [INFO] TensorRT 引擎已释放
2026-06-23 17:00:39 [INFO] 全局 CUDA 资源已释放
2026-06-23 17:00:39 [INFO] 检测系统资源已释放
2026-06-23 17:00:44 [INFO] CUDA 初始化成功
2026-06-23 17:00:44 [INFO] 引擎加载成功: dangerous.engine
2026-06-23 17:00:44 [INFO] 检测系统初始化成功
2026-06-23 17:00:44 [INFO] 图像预处理完成，原始尺寸: (2160, 3840)
2026-06-23 17:00:44 [INFO] 开始执行目标检测...
2026-06-23 17:00:44 [INFO] 检测完成，找到 5 个物体
2026-06-23 17:00:44 [INFO] 物体 1: GasCyl1 (置信度: 0.90)
2026-06-23 17:00:44 [INFO] 物体 2: GasCyl1 (置信度: 0.70)
2026-06-23 17:00:44 [INFO] 物体 3: FireExt1 (置信度: 0.57)
2026-06-23 17:00:44 [INFO] 物体 4: FireExt1 (置信度: 0.51)
2026-06-23 17:00:44 [INFO] 物体 5: FireExt1 (置信度: 0.43)
2026-06-23 17:00:44 [INFO] 检测到车兜区域，将过滤区域外的目标
2026-06-23 17:00:44 [INFO] 车兜区域过滤: 5 -> 3 个目标
2026-06-23 17:00:44 [INFO] 准备保存检测结果到: C:\code\show\Scrap_Steel_In_Field\photos\dangerous_det\detection_20260623_170044.jpg
2026-06-23 17:00:44 [INFO] 图像形状: (2160, 3840, 3)
2026-06-23 17:00:44 [INFO] 图像数据类型: uint8
2026-06-23 17:00:44 [INFO] 图像最大值: 255
2026-06-23 17:00:44 [INFO] 图像最小值: 0
2026-06-23 17:00:44 [INFO] 开始保存检测结果图像: 图像尺寸=(2160, 3840, 3), 类型=uint8, 路径=C:\code\show\Scrap_Steel_In_Field\photos\dangerous_det\detection_20260623_170044.jpg
2026-06-23 17:00:44 [INFO] 成功保存检测结果到: C:\code\show\Scrap_Steel_In_Field\photos\dangerous_det\detection_20260623_170044.jpg
2026-06-23 17:00:44 [INFO] 保存的检测结果文件大小: 2278419 字节
2026-06-23 17:00:44 [INFO] 引擎上下文已释放
2026-06-23 17:00:44 [INFO] TensorRT 引擎已释放
2026-06-23 17:00:44 [INFO] 全局 CUDA 资源已释放
2026-06-23 17:00:44 [INFO] 检测系统资源已释放
2026-06-23 17:00:49 [INFO] CUDA 初始化成功
2026-06-23 17:00:49 [INFO] 引擎加载成功: dangerous.engine
2026-06-23 17:00:49 [INFO] 检测系统初始化成功
2026-06-23 17:00:49 [INFO] 图像预处理完成，原始尺寸: (2160, 3840)
2026-06-23 17:00:49 [INFO] 开始执行目标检测...
2026-06-23 17:00:49 [INFO] 检测完成，找到 5 个物体
2026-06-23 17:00:49 [INFO] 物体 1: GasCyl1 (置信度: 0.89)
2026-06-23 17:00:49 [INFO] 物体 2: GasCyl1 (置信度: 0.73)
2026-06-23 17:00:49 [INFO] 物体 3: FireExt1 (置信度: 0.56)
2026-06-23 17:00:49 [INFO] 物体 4: FireExt1 (置信度: 0.51)
2026-06-23 17:00:49 [INFO] 物体 5: FireExt1 (置信度: 0.39)
2026-06-23 17:00:49 [INFO] 检测到车兜区域，将过滤区域外的目标
2026-06-23 17:00:49 [INFO] 车兜区域过滤: 5 -> 3 个目标
2026-06-23 17:00:49 [INFO] 准备保存检测结果到: C:\code\show\Scrap_Steel_In_Field\photos\dangerous_det\detection_20260623_170049.jpg
2026-06-23 17:00:49 [INFO] 图像形状: (2160, 3840, 3)
2026-06-23 17:00:49 [INFO] 图像数据类型: uint8
2026-06-23 17:00:49 [INFO] 图像最大值: 255
2026-06-23 17:00:49 [INFO] 图像最小值: 0
2026-06-23 17:00:49 [INFO] 开始保存检测结果图像: 图像尺寸=(2160, 3840, 3), 类型=uint8, 路径=C:\code\show\Scrap_Steel_In_Field\photos\dangerous_det\detection_20260623_170049.jpg
2026-06-23 17:00:49 [INFO] 成功保存检测结果到: C:\code\show\Scrap_Steel_In_Field\photos\dangerous_det\detection_20260623_170049.jpg
2026-06-23 17:00:49 [INFO] 保存的检测结果文件大小: 2278227 字节
2026-06-23 17:00:49 [INFO] 引擎上下文已释放
2026-06-23 17:00:49 [INFO] TensorRT 引擎已释放
2026-06-23 17:00:49 [INFO] 全局 CUDA 资源已释放
2026-06-23 17:00:49 [INFO] 检测系统资源已释放
2026-06-23 17:00:54 [INFO] CUDA 初始化成功
2026-06-23 17:00:54 [INFO] 引擎加载成功: dangerous.engine
2026-06-23 17:00:54 [INFO] 检测系统初始化成功
2026-06-23 17:00:54 [INFO] 图像预处理完成，原始尺寸: (2160, 3840)
2026-06-23 17:00:54 [INFO] 开始执行目标检测...
2026-06-23 17:00:54 [INFO] 检测完成，找到 5 个物体
2026-06-23 17:00:54 [INFO] 物体 1: GasCyl1 (置信度: 0.90)
2026-06-23 17:00:54 [INFO] 物体 2: GasCyl1 (置信度: 0.70)
2026-06-23 17:00:54 [INFO] 物体 3: FireExt1 (置信度: 0.53)
2026-06-23 17:00:54 [INFO] 物体 4: FireExt1 (置信度: 0.48)
2026-06-23 17:00:54 [INFO] 物体 5: FireExt1 (置信度: 0.43)
2026-06-23 17:00:55 [INFO] 检测到车兜区域，将过滤区域外的目标
2026-06-23 17:00:55 [INFO] 车兜区域过滤: 5 -> 3 个目标
2026-06-23 17:00:55 [INFO] 准备保存检测结果到: C:\code\show\Scrap_Steel_In_Field\photos\dangerous_det\detection_20260623_170055.jpg
2026-06-23 17:00:55 [INFO] 图像形状: (2160, 3840, 3)
2026-06-23 17:00:55 [INFO] 图像数据类型: uint8
2026-06-23 17:00:55 [INFO] 图像最大值: 255
2026-06-23 17:00:55 [INFO] 图像最小值: 0
2026-06-23 17:00:55 [INFO] 开始保存检测结果图像: 图像尺寸=(2160, 3840, 3), 类型=uint8, 路径=C:\code\show\Scrap_Steel_In_Field\photos\dangerous_det\detection_20260623_170055.jpg
2026-06-23 17:00:55 [INFO] 成功保存检测结果到: C:\code\show\Scrap_Steel_In_Field\photos\dangerous_det\detection_20260623_170055.jpg
2026-06-23 17:00:55 [INFO] 保存的检测结果文件大小: 2279064 字节
2026-06-23 17:00:55 [INFO] 引擎上下文已释放
2026-06-23 17:00:55 [INFO] TensorRT 引擎已释放
2026-06-23 17:00:55 [INFO] 全局 CUDA 资源已释放
2026-06-23 17:00:55 [INFO] 检测系统资源已释放
2026-06-23 17:01:00 [INFO] CUDA 初始化成功
2026-06-23 17:01:00 [INFO] 引擎加载成功: dangerous.engine
2026-06-23 17:01:00 [INFO] 检测系统初始化成功
2026-06-23 17:01:00 [INFO] 图像预处理完成，原始尺寸: (2160, 3840)
2026-06-23 17:01:00 [INFO] 开始执行目标检测...
2026-06-23 17:01:00 [INFO] 检测完成，找到 5 个物体
2026-06-23 17:01:00 [INFO] 物体 1: GasCyl1 (置信度: 0.90)
2026-06-23 17:01:00 [INFO] 物体 2: GasCyl1 (置信度: 0.67)
2026-06-23 17:01:00 [INFO] 物体 3: FireExt1 (置信度: 0.57)
2026-06-23 17:01:00 [INFO] 物体 4: FireExt1 (置信度: 0.49)
2026-06-23 17:01:00 [INFO] 物体 5: FireExt1 (置信度: 0.43)
2026-06-23 17:01:00 [INFO] 检测到车兜区域，将过滤区域外的目标
2026-06-23 17:01:00 [INFO] 车兜区域过滤: 5 -> 3 个目标
2026-06-23 17:01:00 [INFO] 准备保存检测结果到: C:\code\show\Scrap_Steel_In_Field\photos\dangerous_det\detection_20260623_170100.jpg
2026-06-23 17:01:00 [INFO] 图像形状: (2160, 3840, 3)
2026-06-23 17:01:00 [INFO] 图像数据类型: uint8
2026-06-23 17:01:00 [INFO] 图像最大值: 255
2026-06-23 17:01:00 [INFO] 图像最小值: 0
2026-06-23 17:01:00 [INFO] 开始保存检测结果图像: 图像尺寸=(2160, 3840, 3), 类型=uint8, 路径=C:\code\show\Scrap_Steel_In_Field\photos\dangerous_det\detection_20260623_170100.jpg
2026-06-23 17:01:00 [INFO] 成功保存检测结果到: C:\code\show\Scrap_Steel_In_Field\photos\dangerous_det\detection_20260623_170100.jpg
2026-06-23 17:01:00 [INFO] 保存的检测结果文件大小: 2278746 字节
2026-06-23 17:01:00 [INFO] 引擎上下文已释放
2026-06-23 17:01:00 [INFO] TensorRT 引擎已释放
2026-06-23 17:01:00 [INFO] 全局 CUDA 资源已释放
2026-06-23 17:01:00 [INFO] 检测系统资源已释放
2026-06-23 17:01:05 [INFO] CUDA 初始化成功
2026-06-23 17:01:05 [INFO] 引擎加载成功: dangerous.engine
2026-06-23 17:01:05 [INFO] 检测系统初始化成功
2026-06-23 17:01:05 [INFO] 图像预处理完成，原始尺寸: (2160, 3840)
2026-06-23 17:01:05 [INFO] 开始执行目标检测...
2026-06-23 17:01:05 [INFO] 检测完成，找到 5 个物体
2026-06-23 17:01:05 [INFO] 物体 1: GasCyl1 (置信度: 0.89)
2026-06-23 17:01:05 [INFO] 物体 2: GasCyl1 (置信度: 0.72)
2026-06-23 17:01:05 [INFO] 物体 3: FireExt1 (置信度: 0.57)
2026-06-23 17:01:05 [INFO] 物体 4: FireExt1 (置信度: 0.50)
2026-06-23 17:01:05 [INFO] 物体 5: FireExt1 (置信度: 0.44)
2026-06-23 17:01:05 [INFO] 检测到车兜区域，将过滤区域外的目标
2026-06-23 17:01:05 [INFO] 车兜区域过滤: 5 -> 3 个目标
2026-06-23 17:01:05 [INFO] 准备保存检测结果到: C:\code\show\Scrap_Steel_In_Field\photos\dangerous_det\detection_20260623_170105.jpg
2026-06-23 17:01:05 [INFO] 图像形状: (2160, 3840, 3)
2026-06-23 17:01:05 [INFO] 图像数据类型: uint8
2026-06-23 17:01:05 [INFO] 图像最大值: 255
2026-06-23 17:01:05 [INFO] 图像最小值: 0
2026-06-23 17:01:05 [INFO] 开始保存检测结果图像: 图像尺寸=(2160, 3840, 3), 类型=uint8, 路径=C:\code\show\Scrap_Steel_In_Field\photos\dangerous_det\detection_20260623_170105.jpg
2026-06-23 17:01:05 [INFO] 成功保存检测结果到: C:\code\show\Scrap_Steel_In_Field\photos\dangerous_det\detection_20260623_170105.jpg
2026-06-23 17:01:05 [INFO] 保存的检测结果文件大小: 2278686 字节
2026-06-23 17:01:05 [INFO] 引擎上下文已释放
2026-06-23 17:01:05 [INFO] TensorRT 引擎已释放
2026-06-23 17:01:05 [INFO] 全局 CUDA 资源已释放
2026-06-23 17:01:05 [INFO] 检测系统资源已释放
2026-06-23 17:01:10 [INFO] CUDA 初始化成功
2026-06-23 17:01:10 [INFO] 引擎加载成功: dangerous.engine
2026-06-23 17:01:10 [INFO] 检测系统初始化成功
2026-06-23 17:01:10 [INFO] 图像预处理完成，原始尺寸: (2160, 3840)
2026-06-23 17:01:10 [INFO] 开始执行目标检测...
2026-06-23 17:01:10 [INFO] 检测完成，找到 5 个物体
2026-06-23 17:01:10 [INFO] 物体 1: GasCyl1 (置信度: 0.90)
2026-06-23 17:01:10 [INFO] 物体 2: GasCyl1 (置信度: 0.66)
2026-06-23 17:01:10 [INFO] 物体 3: FireExt1 (置信度: 0.55)
2026-06-23 17:01:10 [INFO] 物体 4: FireExt1 (置信度: 0.50)
2026-06-23 17:01:10 [INFO] 物体 5: FireExt1 (置信度: 0.40)
2026-06-23 17:01:10 [INFO] 检测到车兜区域，将过滤区域外的目标
2026-06-23 17:01:10 [INFO] 车兜区域过滤: 5 -> 3 个目标
2026-06-23 17:01:10 [INFO] 准备保存检测结果到: C:\code\show\Scrap_Steel_In_Field\photos\dangerous_det\detection_20260623_170110.jpg
2026-06-23 17:01:10 [INFO] 图像形状: (2160, 3840, 3)
2026-06-23 17:01:10 [INFO] 图像数据类型: uint8
2026-06-23 17:01:10 [INFO] 图像最大值: 255
2026-06-23 17:01:10 [INFO] 图像最小值: 0
2026-06-23 17:01:10 [INFO] 开始保存检测结果图像: 图像尺寸=(2160, 3840, 3), 类型=uint8, 路径=C:\code\show\Scrap_Steel_In_Field\photos\dangerous_det\detection_20260623_170110.jpg
2026-06-23 17:01:10 [INFO] 成功保存检测结果到: C:\code\show\Scrap_Steel_In_Field\photos\dangerous_det\detection_20260623_170110.jpg
2026-06-23 17:01:10 [INFO] 保存的检测结果文件大小: 2277351 字节
2026-06-23 17:01:10 [INFO] 引擎上下文已释放
2026-06-23 17:01:10 [INFO] TensorRT 引擎已释放
2026-06-23 17:01:10 [INFO] 全局 CUDA 资源已释放
2026-06-23 17:01:10 [INFO] 检测系统资源已释放
2026-06-23 17:01:15 [INFO] CUDA 初始化成功
2026-06-23 17:01:15 [INFO] 引擎加载成功: dangerous.engine
2026-06-23 17:01:15 [INFO] 检测系统初始化成功
2026-06-23 17:01:15 [INFO] 图像预处理完成，原始尺寸: (2160, 3840)
2026-06-23 17:01:15 [INFO] 开始执行目标检测...
2026-06-23 17:01:16 [INFO] 检测完成，找到 5 个物体
2026-06-23 17:01:16 [INFO] 物体 1: GasCyl1 (置信度: 0.89)
2026-06-23 17:01:16 [INFO] 物体 2: GasCyl1 (置信度: 0.64)
2026-06-23 17:01:16 [INFO] 物体 3: FireExt1 (置信度: 0.57)
2026-06-23 17:01:16 [INFO] 物体 4: FireExt1 (置信度: 0.51)
2026-06-23 17:01:16 [INFO] 物体 5: FireExt1 (置信度: 0.39)
2026-06-23 17:01:16 [INFO] 检测到车兜区域，将过滤区域外的目标
2026-06-23 17:01:16 [INFO] 车兜区域过滤: 5 -> 3 个目标
2026-06-23 17:01:16 [INFO] 准备保存检测结果到: C:\code\show\Scrap_Steel_In_Field\photos\dangerous_det\detection_20260623_170116.jpg
2026-06-23 17:01:16 [INFO] 图像形状: (2160, 3840, 3)
2026-06-23 17:01:16 [INFO] 图像数据类型: uint8
2026-06-23 17:01:16 [INFO] 图像最大值: 255
2026-06-23 17:01:16 [INFO] 图像最小值: 0
2026-06-23 17:01:16 [INFO] 开始保存检测结果图像: 图像尺寸=(2160, 3840, 3), 类型=uint8, 路径=C:\code\show\Scrap_Steel_In_Field\photos\dangerous_det\detection_20260623_170116.jpg
2026-06-23 17:01:16 [INFO] 成功保存检测结果到: C:\code\show\Scrap_Steel_In_Field\photos\dangerous_det\detection_20260623_170116.jpg
2026-06-23 17:01:16 [INFO] 保存的检测结果文件大小: 2277009 字节
2026-06-23 17:01:16 [INFO] 引擎上下文已释放
2026-06-23 17:01:16 [INFO] TensorRT 引擎已释放
2026-06-23 17:01:16 [INFO] 全局 CUDA 资源已释放
2026-06-23 17:01:16 [INFO] 检测系统资源已释放
2026-06-23 17:01:21 [INFO] CUDA 初始化成功
2026-06-23 17:01:21 [INFO] 引擎加载成功: dangerous.engine
2026-06-23 17:01:21 [INFO] 检测系统初始化成功
2026-06-23 17:01:21 [INFO] 图像预处理完成，原始尺寸: (2160, 3840)
2026-06-23 17:01:21 [INFO] 开始执行目标检测...
2026-06-23 17:01:21 [INFO] 检测完成，找到 5 个物体
2026-06-23 17:01:21 [INFO] 物体 1: GasCyl1 (置信度: 0.89)
2026-06-23 17:01:21 [INFO] 物体 2: GasCyl1 (置信度: 0.65)
2026-06-23 17:01:21 [INFO] 物体 3: FireExt1 (置信度: 0.55)
2026-06-23 17:01:21 [INFO] 物体 4: FireExt1 (置信度: 0.51)
2026-06-23 17:01:21 [INFO] 物体 5: FireExt1 (置信度: 0.41)
2026-06-23 17:01:21 [INFO] 检测到车兜区域，将过滤区域外的目标
2026-06-23 17:01:21 [INFO] 车兜区域过滤: 5 -> 3 个目标
2026-06-23 17:01:21 [INFO] 准备保存检测结果到: C:\code\show\Scrap_Steel_In_Field\photos\dangerous_det\detection_20260623_170121.jpg
2026-06-23 17:01:21 [INFO] 图像形状: (2160, 3840, 3)
2026-06-23 17:01:21 [INFO] 图像数据类型: uint8
2026-06-23 17:01:21 [INFO] 图像最大值: 255
2026-06-23 17:01:21 [INFO] 图像最小值: 0
2026-06-23 17:01:21 [INFO] 开始保存检测结果图像: 图像尺寸=(2160, 3840, 3), 类型=uint8, 路径=C:\code\show\Scrap_Steel_In_Field\photos\dangerous_det\detection_20260623_170121.jpg
2026-06-23 17:01:21 [INFO] 成功保存检测结果到: C:\code\show\Scrap_Steel_In_Field\photos\dangerous_det\detection_20260623_170121.jpg
2026-06-23 17:01:21 [INFO] 保存的检测结果文件大小: 2278691 字节
2026-06-23 17:01:21 [INFO] 引擎上下文已释放
2026-06-23 17:01:21 [INFO] TensorRT 引擎已释放
2026-06-23 17:01:21 [INFO] 全局 CUDA 资源已释放
2026-06-23 17:01:21 [INFO] 检测系统资源已释放
2026-06-23 17:01:26 [INFO] CUDA 初始化成功
2026-06-23 17:01:26 [INFO] 引擎加载成功: dangerous.engine
2026-06-23 17:01:26 [INFO] 检测系统初始化成功
2026-06-23 17:01:26 [INFO] 图像预处理完成，原始尺寸: (2160, 3840)
2026-06-23 17:01:26 [INFO] 开始执行目标检测...
2026-06-23 17:01:26 [INFO] 检测完成，找到 5 个物体
2026-06-23 17:01:26 [INFO] 物体 1: GasCyl1 (置信度: 0.89)
2026-06-23 17:01:26 [INFO] 物体 2: GasCyl1 (置信度: 0.74)
2026-06-23 17:01:26 [INFO] 物体 3: FireExt1 (置信度: 0.56)
2026-06-23 17:01:26 [INFO] 物体 4: FireExt1 (置信度: 0.47)
2026-06-23 17:01:26 [INFO] 物体 5: FireExt1 (置信度: 0.44)
2026-06-23 17:01:26 [INFO] 检测到车兜区域，将过滤区域外的目标
2026-06-23 17:01:26 [INFO] 车兜区域过滤: 5 -> 3 个目标
2026-06-23 17:01:26 [INFO] 准备保存检测结果到: C:\code\show\Scrap_Steel_In_Field\photos\dangerous_det\detection_20260623_170126.jpg
2026-06-23 17:01:26 [INFO] 图像形状: (2160, 3840, 3)
2026-06-23 17:01:26 [INFO] 图像数据类型: uint8
2026-06-23 17:01:26 [INFO] 图像最大值: 255
2026-06-23 17:01:26 [INFO] 图像最小值: 0
2026-06-23 17:01:26 [INFO] 开始保存检测结果图像: 图像尺寸=(2160, 3840, 3), 类型=uint8, 路径=C:\code\show\Scrap_Steel_In_Field\photos\dangerous_det\detection_20260623_170126.jpg
2026-06-23 17:01:26 [INFO] 成功保存检测结果到: C:\code\show\Scrap_Steel_In_Field\photos\dangerous_det\detection_20260623_170126.jpg
2026-06-23 17:01:26 [INFO] 保存的检测结果文件大小: 2279597 字节
2026-06-23 17:01:26 [INFO] 引擎上下文已释放
2026-06-23 17:01:26 [INFO] TensorRT 引擎已释放
2026-06-23 17:01:26 [INFO] 全局 CUDA 资源已释放
2026-06-23 17:01:26 [INFO] 检测系统资源已释放
2026-06-23 17:01:31 [INFO] CUDA 初始化成功
2026-06-23 17:01:31 [INFO] 引擎加载成功: dangerous.engine
2026-06-23 17:01:31 [INFO] 检测系统初始化成功
2026-06-23 17:01:31 [INFO] 图像预处理完成，原始尺寸: (2160, 3840)
2026-06-23 17:01:31 [INFO] 开始执行目标检测...
2026-06-23 17:01:31 [INFO] 检测完成，找到 5 个物体
2026-06-23 17:01:31 [INFO] 物体 1: GasCyl1 (置信度: 0.90)
2026-06-23 17:01:31 [INFO] 物体 2: GasCyl1 (置信度: 0.67)
2026-06-23 17:01:31 [INFO] 物体 3: FireExt1 (置信度: 0.56)
2026-06-23 17:01:31 [INFO] 物体 4: FireExt1 (置信度: 0.47)
2026-06-23 17:01:31 [INFO] 物体 5: FireExt1 (置信度: 0.41)
2026-06-23 17:01:31 [INFO] 检测到车兜区域，将过滤区域外的目标
2026-06-23 17:01:31 [INFO] 车兜区域过滤: 5 -> 3 个目标
2026-06-23 17:01:31 [INFO] 准备保存检测结果到: C:\code\show\Scrap_Steel_In_Field\photos\dangerous_det\detection_20260623_170131.jpg
2026-06-23 17:01:31 [INFO] 图像形状: (2160, 3840, 3)
2026-06-23 17:01:31 [INFO] 图像数据类型: uint8
2026-06-23 17:01:31 [INFO] 图像最大值: 255
2026-06-23 17:01:31 [INFO] 图像最小值: 0
2026-06-23 17:01:31 [INFO] 开始保存检测结果图像: 图像尺寸=(2160, 3840, 3), 类型=uint8, 路径=C:\code\show\Scrap_Steel_In_Field\photos\dangerous_det\detection_20260623_170131.jpg
2026-06-23 17:01:31 [INFO] 成功保存检测结果到: C:\code\show\Scrap_Steel_In_Field\photos\dangerous_det\detection_20260623_170131.jpg
2026-06-23 17:01:31 [INFO] 保存的检测结果文件大小: 2278631 字节
2026-06-23 17:01:31 [INFO] 引擎上下文已释放
2026-06-23 17:01:31 [INFO] TensorRT 引擎已释放
2026-06-23 17:01:31 [INFO] 全局 CUDA 资源已释放
2026-06-23 17:01:31 [INFO] 检测系统资源已释放
2026-06-23 17:01:37 [INFO] CUDA 初始化成功
2026-06-23 17:01:37 [INFO] 引擎加载成功: dangerous.engine
2026-06-23 17:01:37 [INFO] 检测系统初始化成功
2026-06-23 17:01:37 [INFO] 图像预处理完成，原始尺寸: (2160, 3840)
2026-06-23 17:01:37 [INFO] 开始执行目标检测...
2026-06-23 17:01:37 [INFO] 检测完成，找到 5 个物体
2026-06-23 17:01:37 [INFO] 物体 1: GasCyl1 (置信度: 0.90)
2026-06-23 17:01:37 [INFO] 物体 2: GasCyl1 (置信度: 0.63)
2026-06-23 17:01:37 [INFO] 物体 3: FireExt1 (置信度: 0.57)
2026-06-23 17:01:37 [INFO] 物体 4: FireExt1 (置信度: 0.48)
2026-06-23 17:01:37 [INFO] 物体 5: FireExt1 (置信度: 0.43)
2026-06-23 17:01:37 [INFO] 检测到车兜区域，将过滤区域外的目标
2026-06-23 17:01:37 [INFO] 车兜区域过滤: 5 -> 3 个目标
2026-06-23 17:01:37 [INFO] 准备保存检测结果到: C:\code\show\Scrap_Steel_In_Field\photos\dangerous_det\detection_20260623_170137.jpg
2026-06-23 17:01:37 [INFO] 图像形状: (2160, 3840, 3)
2026-06-23 17:01:37 [INFO] 图像数据类型: uint8
2026-06-23 17:01:37 [INFO] 图像最大值: 255
2026-06-23 17:01:37 [INFO] 图像最小值: 0
2026-06-23 17:01:37 [INFO] 开始保存检测结果图像: 图像尺寸=(2160, 3840, 3), 类型=uint8, 路径=C:\code\show\Scrap_Steel_In_Field\photos\dangerous_det\detection_20260623_170137.jpg
2026-06-23 17:01:37 [INFO] 成功保存检测结果到: C:\code\show\Scrap_Steel_In_Field\photos\dangerous_det\detection_20260623_170137.jpg
2026-06-23 17:01:37 [INFO] 保存的检测结果文件大小: 2281277 字节
2026-06-23 17:01:37 [INFO] 引擎上下文已释放
2026-06-23 17:01:37 [INFO] TensorRT 引擎已释放
2026-06-23 17:01:37 [INFO] 全局 CUDA 资源已释放
2026-06-23 17:01:37 [INFO] 检测系统资源已释放
2026-06-23 17:01:42 [INFO] CUDA 初始化成功
2026-06-23 17:01:42 [INFO] 引擎加载成功: dangerous.engine
2026-06-23 17:01:42 [INFO] 检测系统初始化成功
2026-06-23 17:01:42 [INFO] 图像预处理完成，原始尺寸: (2160, 3840)
2026-06-23 17:01:42 [INFO] 开始执行目标检测...
2026-06-23 17:01:42 [INFO] 检测完成，找到 5 个物体
2026-06-23 17:01:42 [INFO] 物体 1: GasCyl1 (置信度: 0.89)
2026-06-23 17:01:42 [INFO] 物体 2: GasCyl1 (置信度: 0.74)
2026-06-23 17:01:42 [INFO] 物体 3: FireExt1 (置信度: 0.57)
2026-06-23 17:01:42 [INFO] 物体 4: FireExt1 (置信度: 0.49)
2026-06-23 17:01:42 [INFO] 物体 5: FireExt1 (置信度: 0.43)
2026-06-23 17:01:42 [INFO] 检测到车兜区域，将过滤区域外的目标
2026-06-23 17:01:42 [INFO] 车兜区域过滤: 5 -> 3 个目标
2026-06-23 17:01:42 [INFO] 准备保存检测结果到: C:\code\show\Scrap_Steel_In_Field\photos\dangerous_det\detection_20260623_170142.jpg
2026-06-23 17:01:42 [INFO] 图像形状: (2160, 3840, 3)
2026-06-23 17:01:42 [INFO] 图像数据类型: uint8
2026-06-23 17:01:42 [INFO] 图像最大值: 255
2026-06-23 17:01:42 [INFO] 图像最小值: 0
2026-06-23 17:01:42 [INFO] 开始保存检测结果图像: 图像尺寸=(2160, 3840, 3), 类型=uint8, 路径=C:\code\show\Scrap_Steel_In_Field\photos\dangerous_det\detection_20260623_170142.jpg
2026-06-23 17:01:42 [INFO] 成功保存检测结果到: C:\code\show\Scrap_Steel_In_Field\photos\dangerous_det\detection_20260623_170142.jpg
2026-06-23 17:01:42 [INFO] 保存的检测结果文件大小: 2278721 字节
2026-06-23 17:01:42 [INFO] 引擎上下文已释放
2026-06-23 17:01:42 [INFO] TensorRT 引擎已释放
2026-06-23 17:01:42 [INFO] 全局 CUDA 资源已释放
2026-06-23 17:01:42 [INFO] 检测系统资源已释放
2026-06-23 17:01:47 [INFO] CUDA 初始化成功
2026-06-23 17:01:47 [INFO] 引擎加载成功: dangerous.engine
2026-06-23 17:01:47 [INFO] 检测系统初始化成功
2026-06-23 17:01:47 [INFO] 图像预处理完成，原始尺寸: (2160, 3840)
2026-06-23 17:01:47 [INFO] 开始执行目标检测...
2026-06-23 17:01:47 [INFO] 检测完成，找到 5 个物体
2026-06-23 17:01:47 [INFO] 物体 1: GasCyl1 (置信度: 0.89)
2026-06-23 17:01:47 [INFO] 物体 2: GasCyl1 (置信度: 0.68)
2026-06-23 17:01:47 [INFO] 物体 3: FireExt1 (置信度: 0.54)
2026-06-23 17:01:47 [INFO] 物体 4: FireExt1 (置信度: 0.52)
2026-06-23 17:01:47 [INFO] 物体 5: FireExt1 (置信度: 0.39)
2026-06-23 17:01:47 [INFO] 检测到车兜区域，将过滤区域外的目标
2026-06-23 17:01:47 [INFO] 车兜区域过滤: 5 -> 3 个目标
2026-06-23 17:01:47 [INFO] 准备保存检测结果到: C:\code\show\Scrap_Steel_In_Field\photos\dangerous_det\detection_20260623_170147.jpg
2026-06-23 17:01:47 [INFO] 图像形状: (2160, 3840, 3)
2026-06-23 17:01:47 [INFO] 图像数据类型: uint8
2026-06-23 17:01:47 [INFO] 图像最大值: 255
2026-06-23 17:01:47 [INFO] 图像最小值: 0
2026-06-23 17:01:47 [INFO] 开始保存检测结果图像: 图像尺寸=(2160, 3840, 3), 类型=uint8, 路径=C:\code\show\Scrap_Steel_In_Field\photos\dangerous_det\detection_20260623_170147.jpg
2026-06-23 17:01:47 [INFO] 成功保存检测结果到: C:\code\show\Scrap_Steel_In_Field\photos\dangerous_det\detection_20260623_170147.jpg
2026-06-23 17:01:47 [INFO] 保存的检测结果文件大小: 2277925 字节
2026-06-23 17:01:47 [INFO] 引擎上下文已释放
2026-06-23 17:01:47 [INFO] TensorRT 引擎已释放
2026-06-23 17:01:47 [INFO] 全局 CUDA 资源已释放
2026-06-23 17:01:47 [INFO] 检测系统资源已释放
2026-06-23 17:01:52 [INFO] CUDA 初始化成功
2026-06-23 17:01:52 [INFO] 引擎加载成功: dangerous.engine
2026-06-23 17:01:52 [INFO] 检测系统初始化成功
2026-06-23 17:01:52 [INFO] 图像预处理完成，原始尺寸: (2160, 3840)
2026-06-23 17:01:52 [INFO] 开始执行目标检测...
2026-06-23 17:01:53 [INFO] 检测完成，找到 5 个物体
2026-06-23 17:01:53 [INFO] 物体 1: GasCyl1 (置信度: 0.90)
2026-06-23 17:01:53 [INFO] 物体 2: GasCyl1 (置信度: 0.76)
2026-06-23 17:01:53 [INFO] 物体 3: FireExt1 (置信度: 0.57)
2026-06-23 17:01:53 [INFO] 物体 4: GasCyl1 (置信度: 0.47)
2026-06-23 17:01:53 [INFO] 物体 5: FireExt1 (置信度: 0.42)
2026-06-23 17:01:53 [INFO] 检测到车兜区域，将过滤区域外的目标
2026-06-23 17:01:53 [INFO] 车兜区域过滤: 5 -> 3 个目标
2026-06-23 17:01:53 [INFO] 准备保存检测结果到: C:\code\show\Scrap_Steel_In_Field\photos\dangerous_det\detection_20260623_170153.jpg
2026-06-23 17:01:53 [INFO] 图像形状: (2160, 3840, 3)
2026-06-23 17:01:53 [INFO] 图像数据类型: uint8
2026-06-23 17:01:53 [INFO] 图像最大值: 255
2026-06-23 17:01:53 [INFO] 图像最小值: 0
2026-06-23 17:01:53 [INFO] 开始保存检测结果图像: 图像尺寸=(2160, 3840, 3), 类型=uint8, 路径=C:\code\show\Scrap_Steel_In_Field\photos\dangerous_det\detection_20260623_170153.jpg
2026-06-23 17:01:53 [INFO] 成功保存检测结果到: C:\code\show\Scrap_Steel_In_Field\photos\dangerous_det\detection_20260623_170153.jpg
2026-06-23 17:01:53 [INFO] 保存的检测结果文件大小: 2278175 字节
2026-06-23 17:01:53 [INFO] 引擎上下文已释放
2026-06-23 17:01:53 [INFO] TensorRT 引擎已释放
2026-06-23 17:01:53 [INFO] 全局 CUDA 资源已释放
2026-06-23 17:01:53 [INFO] 检测系统资源已释放
2026-06-23 17:01:58 [INFO] CUDA 初始化成功
2026-06-23 17:01:58 [INFO] 引擎加载成功: dangerous.engine
2026-06-23 17:01:58 [INFO] 检测系统初始化成功
2026-06-23 17:01:58 [INFO] 图像预处理完成，原始尺寸: (2160, 3840)
2026-06-23 17:01:58 [INFO] 开始执行目标检测...
2026-06-23 17:01:58 [INFO] 检测完成，找到 5 个物体
2026-06-23 17:01:58 [INFO] 物体 1: GasCyl1 (置信度: 0.90)
2026-06-23 17:01:58 [INFO] 物体 2: GasCyl1 (置信度: 0.63)
2026-06-23 17:01:58 [INFO] 物体 3: FireExt1 (置信度: 0.55)
2026-06-23 17:01:58 [INFO] 物体 4: FireExt1 (置信度: 0.50)
2026-06-23 17:01:58 [INFO] 物体 5: FireExt1 (置信度: 0.44)
2026-06-23 17:01:58 [INFO] 检测到车兜区域，将过滤区域外的目标
2026-06-23 17:01:58 [INFO] 车兜区域过滤: 5 -> 3 个目标
2026-06-23 17:01:58 [INFO] 准备保存检测结果到: C:\code\show\Scrap_Steel_In_Field\photos\dangerous_det\detection_20260623_170158.jpg
2026-06-23 17:01:58 [INFO] 图像形状: (2160, 3840, 3)
2026-06-23 17:01:58 [INFO] 图像数据类型: uint8
2026-06-23 17:01:58 [INFO] 图像最大值: 255
2026-06-23 17:01:58 [INFO] 图像最小值: 0
2026-06-23 17:01:58 [INFO] 开始保存检测结果图像: 图像尺寸=(2160, 3840, 3), 类型=uint8, 路径=C:\code\show\Scrap_Steel_In_Field\photos\dangerous_det\detection_20260623_170158.jpg
2026-06-23 17:01:58 [INFO] 成功保存检测结果到: C:\code\show\Scrap_Steel_In_Field\photos\dangerous_det\detection_20260623_170158.jpg
2026-06-23 17:01:58 [INFO] 保存的检测结果文件大小: 2280409 字节
2026-06-23 17:01:58 [INFO] 引擎上下文已释放
2026-06-23 17:01:58 [INFO] TensorRT 引擎已释放
2026-06-23 17:01:58 [INFO] 全局 CUDA 资源已释放
2026-06-23 17:01:58 [INFO] 检测系统资源已释放
2026-06-23 17:02:03 [INFO] CUDA 初始化成功
2026-06-23 17:02:03 [INFO] 引擎加载成功: dangerous.engine
2026-06-23 17:02:03 [INFO] 检测系统初始化成功
2026-06-23 17:02:03 [INFO] 图像预处理完成，原始尺寸: (2160, 3840)
2026-06-23 17:02:03 [INFO] 开始执行目标检测...
2026-06-23 17:02:03 [INFO] 检测完成，找到 5 个物体
2026-06-23 17:02:03 [INFO] 物体 1: GasCyl1 (置信度: 0.90)
2026-06-23 17:02:03 [INFO] 物体 2: GasCyl1 (置信度: 0.69)
2026-06-23 17:02:03 [INFO] 物体 3: FireExt1 (置信度: 0.56)
2026-06-23 17:02:03 [INFO] 物体 4: FireExt1 (置信度: 0.50)
2026-06-23 17:02:03 [INFO] 物体 5: FireExt1 (置信度: 0.42)
2026-06-23 17:02:03 [INFO] 检测到车兜区域，将过滤区域外的目标
2026-06-23 17:02:03 [INFO] 车兜区域过滤: 5 -> 3 个目标
2026-06-23 17:02:03 [INFO] 准备保存检测结果到: C:\code\show\Scrap_Steel_In_Field\photos\dangerous_det\detection_20260623_170203.jpg
2026-06-23 17:02:03 [INFO] 图像形状: (2160, 3840, 3)
2026-06-23 17:02:03 [INFO] 图像数据类型: uint8
2026-06-23 17:02:03 [INFO] 图像最大值: 255
2026-06-23 17:02:03 [INFO] 图像最小值: 0
2026-06-23 17:02:03 [INFO] 开始保存检测结果图像: 图像尺寸=(2160, 3840, 3), 类型=uint8, 路径=C:\code\show\Scrap_Steel_In_Field\photos\dangerous_det\detection_20260623_170203.jpg
2026-06-23 17:02:03 [INFO] 成功保存检测结果到: C:\code\show\Scrap_Steel_In_Field\photos\dangerous_det\detection_20260623_170203.jpg
2026-06-23 17:02:03 [INFO] 保存的检测结果文件大小: 2280110 字节
2026-06-23 17:02:03 [INFO] 引擎上下文已释放
2026-06-23 17:02:03 [INFO] TensorRT 引擎已释放
2026-06-23 17:02:03 [INFO] 全局 CUDA 资源已释放
2026-06-23 17:02:03 [INFO] 检测系统资源已释放
2026-06-23 17:02:08 [INFO] CUDA 初始化成功
2026-06-23 17:02:08 [INFO] 引擎加载成功: dangerous.engine
2026-06-23 17:02:08 [INFO] 检测系统初始化成功
2026-06-23 17:02:08 [INFO] 图像预处理完成，原始尺寸: (2160, 3840)
2026-06-23 17:02:08 [INFO] 开始执行目标检测...
2026-06-23 17:02:08 [INFO] 检测完成，找到 5 个物体
2026-06-23 17:02:08 [INFO] 物体 1: GasCyl1 (置信度: 0.90)
2026-06-23 17:02:08 [INFO] 物体 2: GasCyl1 (置信度: 0.78)
2026-06-23 17:02:08 [INFO] 物体 3: FireExt1 (置信度: 0.56)
2026-06-23 17:02:08 [INFO] 物体 4: FireExt1 (置信度: 0.46)
2026-06-23 17:02:08 [INFO] 物体 5: FireExt1 (置信度: 0.39)
2026-06-23 17:02:08 [INFO] 检测到车兜区域，将过滤区域外的目标
2026-06-23 17:02:08 [INFO] 车兜区域过滤: 5 -> 3 个目标
2026-06-23 17:02:08 [INFO] 准备保存检测结果到: C:\code\show\Scrap_Steel_In_Field\photos\dangerous_det\detection_20260623_170208.jpg
2026-06-23 17:02:08 [INFO] 图像形状: (2160, 3840, 3)
2026-06-23 17:02:08 [INFO] 图像数据类型: uint8
2026-06-23 17:02:08 [INFO] 图像最大值: 255
2026-06-23 17:02:08 [INFO] 图像最小值: 0
2026-06-23 17:02:08 [INFO] 开始保存检测结果图像: 图像尺寸=(2160, 3840, 3), 类型=uint8, 路径=C:\code\show\Scrap_Steel_In_Field\photos\dangerous_det\detection_20260623_170208.jpg
2026-06-23 17:02:08 [INFO] 成功保存检测结果到: C:\code\show\Scrap_Steel_In_Field\photos\dangerous_det\detection_20260623_170208.jpg
2026-06-23 17:02:08 [INFO] 保存的检测结果文件大小: 2280849 字节
2026-06-23 17:02:08 [INFO] 引擎上下文已释放
2026-06-23 17:02:08 [INFO] TensorRT 引擎已释放
2026-06-23 17:02:08 [INFO] 全局 CUDA 资源已释放
2026-06-23 17:02:08 [INFO] 检测系统资源已释放
2026-06-23 17:02:13 [INFO] CUDA 初始化成功
2026-06-23 17:02:14 [INFO] 引擎加载成功: dangerous.engine
2026-06-23 17:02:14 [INFO] 检测系统初始化成功
2026-06-23 17:02:14 [INFO] 图像预处理完成，原始尺寸: (2160, 3840)
2026-06-23 17:02:14 [INFO] 开始执行目标检测...
2026-06-23 17:02:14 [INFO] 检测完成，找到 5 个物体
2026-06-23 17:02:14 [INFO] 物体 1: GasCyl1 (置信度: 0.90)
2026-06-23 17:02:14 [INFO] 物体 2: GasCyl1 (置信度: 0.69)
2026-06-23 17:02:14 [INFO] 物体 3: FireExt1 (置信度: 0.55)
2026-06-23 17:02:14 [INFO] 物体 4: FireExt1 (置信度: 0.52)
2026-06-23 17:02:14 [INFO] 物体 5: FireExt1 (置信度: 0.38)
2026-06-23 17:02:14 [INFO] 检测到车兜区域，将过滤区域外的目标
2026-06-23 17:02:14 [INFO] 车兜区域过滤: 5 -> 3 个目标
2026-06-23 17:02:14 [INFO] 准备保存检测结果到: C:\code\show\Scrap_Steel_In_Field\photos\dangerous_det\detection_20260623_170214.jpg
2026-06-23 17:02:14 [INFO] 图像形状: (2160, 3840, 3)
2026-06-23 17:02:14 [INFO] 图像数据类型: uint8
2026-06-23 17:02:14 [INFO] 图像最大值: 255
2026-06-23 17:02:14 [INFO] 图像最小值: 0
2026-06-23 17:02:14 [INFO] 开始保存检测结果图像: 图像尺寸=(2160, 3840, 3), 类型=uint8, 路径=C:\code\show\Scrap_Steel_In_Field\photos\dangerous_det\detection_20260623_170214.jpg
2026-06-23 17:02:14 [INFO] 成功保存检测结果到: C:\code\show\Scrap_Steel_In_Field\photos\dangerous_det\detection_20260623_170214.jpg
2026-06-23 17:02:14 [INFO] 保存的检测结果文件大小: 2278052 字节
2026-06-23 17:02:14 [INFO] 引擎上下文已释放
2026-06-23 17:02:14 [INFO] TensorRT 引擎已释放
2026-06-23 17:02:14 [INFO] 全局 CUDA 资源已释放
2026-06-23 17:02:14 [INFO] 检测系统资源已释放
2026-06-23 17:02:19 [INFO] CUDA 初始化成功
2026-06-23 17:02:19 [INFO] 引擎加载成功: dangerous.engine
2026-06-23 17:02:19 [INFO] 检测系统初始化成功
2026-06-23 17:02:19 [INFO] 图像预处理完成，原始尺寸: (2160, 3840)
2026-06-23 17:02:19 [INFO] 开始执行目标检测...
2026-06-23 17:02:19 [INFO] 检测完成，找到 5 个物体
2026-06-23 17:02:19 [INFO] 物体 1: GasCyl1 (置信度: 0.90)
2026-06-23 17:02:19 [INFO] 物体 2: GasCyl1 (置信度: 0.70)
2026-06-23 17:02:19 [INFO] 物体 3: FireExt1 (置信度: 0.54)
2026-06-23 17:02:19 [INFO] 物体 4: FireExt1 (置信度: 0.50)
2026-06-23 17:02:19 [INFO] 物体 5: FireExt1 (置信度: 0.41)
2026-06-23 17:02:19 [INFO] 检测到车兜区域，将过滤区域外的目标
2026-06-23 17:02:19 [INFO] 车兜区域过滤: 5 -> 3 个目标
2026-06-23 17:02:19 [INFO] 准备保存检测结果到: C:\code\show\Scrap_Steel_In_Field\photos\dangerous_det\detection_20260623_170219.jpg
2026-06-23 17:02:19 [INFO] 图像形状: (2160, 3840, 3)
2026-06-23 17:02:19 [INFO] 图像数据类型: uint8
2026-06-23 17:02:19 [INFO] 图像最大值: 255
2026-06-23 17:02:19 [INFO] 图像最小值: 0
2026-06-23 17:02:19 [INFO] 开始保存检测结果图像: 图像尺寸=(2160, 3840, 3), 类型=uint8, 路径=C:\code\show\Scrap_Steel_In_Field\photos\dangerous_det\detection_20260623_170219.jpg
2026-06-23 17:02:19 [INFO] 成功保存检测结果到: C:\code\show\Scrap_Steel_In_Field\photos\dangerous_det\detection_20260623_170219.jpg
2026-06-23 17:02:19 [INFO] 保存的检测结果文件大小: 2277943 字节
2026-06-23 17:02:19 [INFO] 引擎上下文已释放
2026-06-23 17:02:19 [INFO] TensorRT 引擎已释放
2026-06-23 17:02:19 [INFO] 全局 CUDA 资源已释放
2026-06-23 17:02:19 [INFO] 检测系统资源已释放
2026-06-23 17:02:24 [INFO] CUDA 初始化成功
2026-06-23 17:02:24 [INFO] 引擎加载成功: dangerous.engine
2026-06-23 17:02:24 [INFO] 检测系统初始化成功
2026-06-23 17:02:24 [INFO] 图像预处理完成，原始尺寸: (2160, 3840)
2026-06-23 17:02:24 [INFO] 开始执行目标检测...
2026-06-23 17:02:24 [INFO] 检测完成，找到 5 个物体
2026-06-23 17:02:24 [INFO] 物体 1: GasCyl1 (置信度: 0.89)
2026-06-23 17:02:24 [INFO] 物体 2: GasCyl1 (置信度: 0.69)
2026-06-23 17:02:24 [INFO] 物体 3: FireExt1 (置信度: 0.55)
2026-06-23 17:02:24 [INFO] 物体 4: FireExt1 (置信度: 0.47)
2026-06-23 17:02:24 [INFO] 物体 5: FireExt1 (置信度: 0.41)
2026-06-23 17:02:24 [INFO] 检测到车兜区域，将过滤区域外的目标
2026-06-23 17:02:24 [INFO] 车兜区域过滤: 5 -> 3 个目标
2026-06-23 17:02:24 [INFO] 准备保存检测结果到: C:\code\show\Scrap_Steel_In_Field\photos\dangerous_det\detection_20260623_170224.jpg
2026-06-23 17:02:24 [INFO] 图像形状: (2160, 3840, 3)
2026-06-23 17:02:24 [INFO] 图像数据类型: uint8
2026-06-23 17:02:24 [INFO] 图像最大值: 255
2026-06-23 17:02:24 [INFO] 图像最小值: 0
2026-06-23 17:02:24 [INFO] 开始保存检测结果图像: 图像尺寸=(2160, 3840, 3), 类型=uint8, 路径=C:\code\show\Scrap_Steel_In_Field\photos\dangerous_det\detection_20260623_170224.jpg
2026-06-23 17:02:24 [INFO] 成功保存检测结果到: C:\code\show\Scrap_Steel_In_Field\photos\dangerous_det\detection_20260623_170224.jpg
2026-06-23 17:02:24 [INFO] 保存的检测结果文件大小: 2278781 字节
2026-06-23 17:02:24 [INFO] 引擎上下文已释放
2026-06-23 17:02:24 [INFO] TensorRT 引擎已释放
2026-06-23 17:02:24 [INFO] 全局 CUDA 资源已释放
2026-06-23 17:02:24 [INFO] 检测系统资源已释放
2026-06-23 17:02:29 [INFO] CUDA 初始化成功
2026-06-23 17:02:29 [INFO] 引擎加载成功: dangerous.engine
2026-06-23 17:02:29 [INFO] 检测系统初始化成功
2026-06-23 17:02:29 [INFO] 图像预处理完成，原始尺寸: (2160, 3840)
2026-06-23 17:02:29 [INFO] 开始执行目标检测...
2026-06-23 17:02:30 [INFO] 检测完成，找到 5 个物体
2026-06-23 17:02:30 [INFO] 物体 1: GasCyl1 (置信度: 0.90)
2026-06-23 17:02:30 [INFO] 物体 2: GasCyl1 (置信度: 0.69)
2026-06-23 17:02:30 [INFO] 物体 3: FireExt1 (置信度: 0.57)
2026-06-23 17:02:30 [INFO] 物体 4: FireExt1 (置信度: 0.49)
2026-06-23 17:02:30 [INFO] 物体 5: FireExt1 (置信度: 0.42)
2026-06-23 17:02:30 [INFO] 检测到车兜区域，将过滤区域外的目标
2026-06-23 17:02:30 [INFO] 车兜区域过滤: 5 -> 3 个目标
2026-06-23 17:02:30 [INFO] 准备保存检测结果到: C:\code\show\Scrap_Steel_In_Field\photos\dangerous_det\detection_20260623_170230.jpg
2026-06-23 17:02:30 [INFO] 图像形状: (2160, 3840, 3)
2026-06-23 17:02:30 [INFO] 图像数据类型: uint8
2026-06-23 17:02:30 [INFO] 图像最大值: 255
2026-06-23 17:02:30 [INFO] 图像最小值: 0
2026-06-23 17:02:30 [INFO] 开始保存检测结果图像: 图像尺寸=(2160, 3840, 3), 类型=uint8, 路径=C:\code\show\Scrap_Steel_In_Field\photos\dangerous_det\detection_20260623_170230.jpg
2026-06-23 17:02:30 [INFO] 成功保存检测结果到: C:\code\show\Scrap_Steel_In_Field\photos\dangerous_det\detection_20260623_170230.jpg
2026-06-23 17:02:30 [INFO] 保存的检测结果文件大小: 2277440 字节
2026-06-23 17:02:30 [INFO] 引擎上下文已释放
2026-06-23 17:02:30 [INFO] TensorRT 引擎已释放
2026-06-23 17:02:30 [INFO] 全局 CUDA 资源已释放
2026-06-23 17:02:30 [INFO] 检测系统资源已释放
2026-06-23 17:02:35 [INFO] CUDA 初始化成功
2026-06-23 17:02:35 [INFO] 引擎加载成功: dangerous.engine
2026-06-23 17:02:35 [INFO] 检测系统初始化成功
2026-06-23 17:02:35 [INFO] 图像预处理完成，原始尺寸: (2160, 3840)
2026-06-23 17:02:35 [INFO] 开始执行目标检测...
2026-06-23 17:02:35 [INFO] 检测完成，找到 5 个物体
2026-06-23 17:02:35 [INFO] 物体 1: GasCyl1 (置信度: 0.90)
2026-06-23 17:02:35 [INFO] 物体 2: GasCyl1 (置信度: 0.73)
2026-06-23 17:02:35 [INFO] 物体 3: FireExt1 (置信度: 0.55)
2026-06-23 17:02:35 [INFO] 物体 4: FireExt1 (置信度: 0.51)
2026-06-23 17:02:35 [INFO] 物体 5: FireExt1 (置信度: 0.41)
2026-06-23 17:02:35 [INFO] 检测到车兜区域，将过滤区域外的目标
2026-06-23 17:02:35 [INFO] 车兜区域过滤: 5 -> 3 个目标
2026-06-23 17:02:35 [INFO] 准备保存检测结果到: C:\code\show\Scrap_Steel_In_Field\photos\dangerous_det\detection_20260623_170235.jpg
2026-06-23 17:02:35 [INFO] 图像形状: (2160, 3840, 3)
2026-06-23 17:02:35 [INFO] 图像数据类型: uint8
2026-06-23 17:02:35 [INFO] 图像最大值: 255
2026-06-23 17:02:35 [INFO] 图像最小值: 0
2026-06-23 17:02:35 [INFO] 开始保存检测结果图像: 图像尺寸=(2160, 3840, 3), 类型=uint8, 路径=C:\code\show\Scrap_Steel_In_Field\photos\dangerous_det\detection_20260623_170235.jpg
2026-06-23 17:02:35 [INFO] 成功保存检测结果到: C:\code\show\Scrap_Steel_In_Field\photos\dangerous_det\detection_20260623_170235.jpg
2026-06-23 17:02:35 [INFO] 保存的检测结果文件大小: 2278267 字节
2026-06-23 17:02:35 [INFO] 引擎上下文已释放
2026-06-23 17:02:35 [INFO] TensorRT 引擎已释放
2026-06-23 17:02:35 [INFO] 全局 CUDA 资源已释放
2026-06-23 17:02:35 [INFO] 检测系统资源已释放
2026-06-23 17:02:40 [INFO] CUDA 初始化成功
2026-06-23 17:02:40 [INFO] 引擎加载成功: dangerous.engine
2026-06-23 17:02:40 [INFO] 检测系统初始化成功
2026-06-23 17:02:40 [INFO] 图像预处理完成，原始尺寸: (2160, 3840)
2026-06-23 17:02:40 [INFO] 开始执行目标检测...
2026-06-23 17:02:40 [INFO] 检测完成，找到 5 个物体
2026-06-23 17:02:40 [INFO] 物体 1: GasCyl1 (置信度: 0.90)
2026-06-23 17:02:40 [INFO] 物体 2: GasCyl1 (置信度: 0.66)
2026-06-23 17:02:40 [INFO] 物体 3: FireExt1 (置信度: 0.55)
2026-06-23 17:02:40 [INFO] 物体 4: FireExt1 (置信度: 0.49)
2026-06-23 17:02:40 [INFO] 物体 5: FireExt1 (置信度: 0.44)
2026-06-23 17:02:40 [INFO] 检测到车兜区域，将过滤区域外的目标
2026-06-23 17:02:40 [INFO] 车兜区域过滤: 5 -> 3 个目标
2026-06-23 17:02:40 [INFO] 准备保存检测结果到: C:\code\show\Scrap_Steel_In_Field\photos\dangerous_det\detection_20260623_170240.jpg
2026-06-23 17:02:40 [INFO] 图像形状: (2160, 3840, 3)
2026-06-23 17:02:40 [INFO] 图像数据类型: uint8
2026-06-23 17:02:40 [INFO] 图像最大值: 255
2026-06-23 17:02:40 [INFO] 图像最小值: 0
2026-06-23 17:02:40 [INFO] 开始保存检测结果图像: 图像尺寸=(2160, 3840, 3), 类型=uint8, 路径=C:\code\show\Scrap_Steel_In_Field\photos\dangerous_det\detection_20260623_170240.jpg
2026-06-23 17:02:40 [INFO] 成功保存检测结果到: C:\code\show\Scrap_Steel_In_Field\photos\dangerous_det\detection_20260623_170240.jpg
2026-06-23 17:02:40 [INFO] 保存的检测结果文件大小: 2279030 字节
2026-06-23 17:02:40 [INFO] 引擎上下文已释放
2026-06-23 17:02:40 [INFO] TensorRT 引擎已释放
2026-06-23 17:02:40 [INFO] 全局 CUDA 资源已释放
2026-06-23 17:02:40 [INFO] 检测系统资源已释放
2026-06-23 17:02:46 [INFO] CUDA 初始化成功
2026-06-23 17:02:46 [INFO] 引擎加载成功: dangerous.engine
2026-06-23 17:02:46 [INFO] 检测系统初始化成功
2026-06-23 17:02:46 [INFO] 图像预处理完成，原始尺寸: (2160, 3840)
2026-06-23 17:02:46 [INFO] 开始执行目标检测...
2026-06-23 17:02:46 [INFO] 检测完成，找到 5 个物体
2026-06-23 17:02:46 [INFO] 物体 1: GasCyl1 (置信度: 0.89)
2026-06-23 17:02:46 [INFO] 物体 2: GasCyl1 (置信度: 0.68)
2026-06-23 17:02:46 [INFO] 物体 3: FireExt1 (置信度: 0.53)
2026-06-23 17:02:46 [INFO] 物体 4: GasCyl1 (置信度: 0.53)
2026-06-23 17:02:46 [INFO] 物体 5: FireExt1 (置信度: 0.41)
2026-06-23 17:02:46 [INFO] 检测到车兜区域，将过滤区域外的目标
2026-06-23 17:02:46 [INFO] 车兜区域过滤: 5 -> 3 个目标
2026-06-23 17:02:46 [INFO] 准备保存检测结果到: C:\code\show\Scrap_Steel_In_Field\photos\dangerous_det\detection_20260623_170246.jpg
2026-06-23 17:02:46 [INFO] 图像形状: (2160, 3840, 3)
2026-06-23 17:02:46 [INFO] 图像数据类型: uint8
2026-06-23 17:02:46 [INFO] 图像最大值: 255
2026-06-23 17:02:46 [INFO] 图像最小值: 0
2026-06-23 17:02:46 [INFO] 开始保存检测结果图像: 图像尺寸=(2160, 3840, 3), 类型=uint8, 路径=C:\code\show\Scrap_Steel_In_Field\photos\dangerous_det\detection_20260623_170246.jpg
2026-06-23 17:02:46 [INFO] 成功保存检测结果到: C:\code\show\Scrap_Steel_In_Field\photos\dangerous_det\detection_20260623_170246.jpg
2026-06-23 17:02:46 [INFO] 保存的检测结果文件大小: 2278591 字节
2026-06-23 17:02:46 [INFO] 引擎上下文已释放
2026-06-23 17:02:46 [INFO] TensorRT 引擎已释放
2026-06-23 17:02:46 [INFO] 全局 CUDA 资源已释放
2026-06-23 17:02:46 [INFO] 检测系统资源已释放
2026-06-23 17:02:51 [INFO] CUDA 初始化成功
2026-06-23 17:02:51 [INFO] 引擎加载成功: dangerous.engine
2026-06-23 17:02:51 [INFO] 检测系统初始化成功
2026-06-23 17:02:51 [INFO] 图像预处理完成，原始尺寸: (2160, 3840)
2026-06-23 17:02:51 [INFO] 开始执行目标检测...
2026-06-23 17:02:51 [INFO] 检测完成，找到 5 个物体
2026-06-23 17:02:51 [INFO] 物体 1: GasCyl1 (置信度: 0.89)
2026-06-23 17:02:51 [INFO] 物体 2: GasCyl1 (置信度: 0.69)
2026-06-23 17:02:51 [INFO] 物体 3: FireExt1 (置信度: 0.54)
2026-06-23 17:02:51 [INFO] 物体 4: FireExt1 (置信度: 0.49)
2026-06-23 17:02:51 [INFO] 物体 5: FireExt1 (置信度: 0.42)
2026-06-23 17:02:51 [INFO] 检测到车兜区域，将过滤区域外的目标
2026-06-23 17:02:51 [INFO] 车兜区域过滤: 5 -> 3 个目标
2026-06-23 17:02:51 [INFO] 准备保存检测结果到: C:\code\show\Scrap_Steel_In_Field\photos\dangerous_det\detection_20260623_170251.jpg
2026-06-23 17:02:51 [INFO] 图像形状: (2160, 3840, 3)
2026-06-23 17:02:51 [INFO] 图像数据类型: uint8
2026-06-23 17:02:51 [INFO] 图像最大值: 255
2026-06-23 17:02:51 [INFO] 图像最小值: 0
2026-06-23 17:02:51 [INFO] 开始保存检测结果图像: 图像尺寸=(2160, 3840, 3), 类型=uint8, 路径=C:\code\show\Scrap_Steel_In_Field\photos\dangerous_det\detection_20260623_170251.jpg
2026-06-23 17:02:51 [INFO] 成功保存检测结果到: C:\code\show\Scrap_Steel_In_Field\photos\dangerous_det\detection_20260623_170251.jpg
2026-06-23 17:02:51 [INFO] 保存的检测结果文件大小: 2279034 字节
2026-06-23 17:02:51 [INFO] 引擎上下文已释放
2026-06-23 17:02:51 [INFO] TensorRT 引擎已释放
2026-06-23 17:02:51 [INFO] 全局 CUDA 资源已释放
2026-06-23 17:02:51 [INFO] 检测系统资源已释放
2026-06-23 17:02:56 [INFO] CUDA 初始化成功
2026-06-23 17:02:56 [INFO] 引擎加载成功: dangerous.engine
2026-06-23 17:02:56 [INFO] 检测系统初始化成功
2026-06-23 17:02:56 [INFO] 图像预处理完成，原始尺寸: (2160, 3840)
2026-06-23 17:02:56 [INFO] 开始执行目标检测...
2026-06-23 17:02:56 [INFO] 检测完成，找到 5 个物体
2026-06-23 17:02:56 [INFO] 物体 1: GasCyl1 (置信度: 0.90)
2026-06-23 17:02:56 [INFO] 物体 2: GasCyl1 (置信度: 0.65)
2026-06-23 17:02:56 [INFO] 物体 3: FireExt1 (置信度: 0.57)
2026-06-23 17:02:56 [INFO] 物体 4: FireExt1 (置信度: 0.51)
2026-06-23 17:02:56 [INFO] 物体 5: FireExt1 (置信度: 0.42)
2026-06-23 17:02:56 [INFO] 检测到车兜区域，将过滤区域外的目标
2026-06-23 17:02:56 [INFO] 车兜区域过滤: 5 -> 3 个目标
2026-06-23 17:02:56 [INFO] 准备保存检测结果到: C:\code\show\Scrap_Steel_In_Field\photos\dangerous_det\detection_20260623_170256.jpg
2026-06-23 17:02:56 [INFO] 图像形状: (2160, 3840, 3)
2026-06-23 17:02:56 [INFO] 图像数据类型: uint8
2026-06-23 17:02:56 [INFO] 图像最大值: 255
2026-06-23 17:02:56 [INFO] 图像最小值: 0
2026-06-23 17:02:56 [INFO] 开始保存检测结果图像: 图像尺寸=(2160, 3840, 3), 类型=uint8, 路径=C:\code\show\Scrap_Steel_In_Field\photos\dangerous_det\detection_20260623_170256.jpg
2026-06-23 17:02:56 [INFO] 成功保存检测结果到: C:\code\show\Scrap_Steel_In_Field\photos\dangerous_det\detection_20260623_170256.jpg
2026-06-23 17:02:56 [INFO] 保存的检测结果文件大小: 2279888 字节
2026-06-23 17:02:56 [INFO] 引擎上下文已释放
2026-06-23 17:02:56 [INFO] TensorRT 引擎已释放
2026-06-23 17:02:56 [INFO] 全局 CUDA 资源已释放
2026-06-23 17:02:56 [INFO] 检测系统资源已释放
2026-06-23 17:03:01 [INFO] CUDA 初始化成功
2026-06-23 17:03:01 [INFO] 引擎加载成功: dangerous.engine
2026-06-23 17:03:01 [INFO] 检测系统初始化成功
2026-06-23 17:03:01 [INFO] 图像预处理完成，原始尺寸: (2160, 3840)
2026-06-23 17:03:01 [INFO] 开始执行目标检测...
2026-06-23 17:03:01 [INFO] 检测完成，找到 5 个物体
2026-06-23 17:03:01 [INFO] 物体 1: GasCyl1 (置信度: 0.90)
2026-06-23 17:03:01 [INFO] 物体 2: GasCyl1 (置信度: 0.73)
2026-06-23 17:03:01 [INFO] 物体 3: FireExt1 (置信度: 0.55)
2026-06-23 17:03:01 [INFO] 物体 4: GasCyl1 (置信度: 0.50)
2026-06-23 17:03:01 [INFO] 物体 5: FireExt1 (置信度: 0.44)
2026-06-23 17:03:01 [INFO] 检测到车兜区域，将过滤区域外的目标
2026-06-23 17:03:01 [INFO] 车兜区域过滤: 5 -> 3 个目标
2026-06-23 17:03:01 [INFO] 准备保存检测结果到: C:\code\show\Scrap_Steel_In_Field\photos\dangerous_det\detection_20260623_170301.jpg
2026-06-23 17:03:01 [INFO] 图像形状: (2160, 3840, 3)
2026-06-23 17:03:01 [INFO] 图像数据类型: uint8
2026-06-23 17:03:01 [INFO] 图像最大值: 255
2026-06-23 17:03:01 [INFO] 图像最小值: 0
2026-06-23 17:03:01 [INFO] 开始保存检测结果图像: 图像尺寸=(2160, 3840, 3), 类型=uint8, 路径=C:\code\show\Scrap_Steel_In_Field\photos\dangerous_det\detection_20260623_170301.jpg
2026-06-23 17:03:01 [INFO] 成功保存检测结果到: C:\code\show\Scrap_Steel_In_Field\photos\dangerous_det\detection_20260623_170301.jpg
2026-06-23 17:03:01 [INFO] 保存的检测结果文件大小: 2279334 字节
2026-06-23 17:03:01 [INFO] 引擎上下文已释放
2026-06-23 17:03:01 [INFO] TensorRT 引擎已释放
2026-06-23 17:03:01 [INFO] 全局 CUDA 资源已释放
2026-06-23 17:03:01 [INFO] 检测系统资源已释放
2026-06-23 17:03:06 [INFO] CUDA 初始化成功
2026-06-23 17:03:06 [INFO] 引擎加载成功: dangerous.engine
2026-06-23 17:03:06 [INFO] 检测系统初始化成功
2026-06-23 17:03:06 [INFO] 图像预处理完成，原始尺寸: (2160, 3840)
2026-06-23 17:03:06 [INFO] 开始执行目标检测...
2026-06-23 17:03:07 [INFO] 检测完成，找到 5 个物体
2026-06-23 17:03:07 [INFO] 物体 1: GasCyl1 (置信度: 0.90)
2026-06-23 17:03:07 [INFO] 物体 2: GasCyl1 (置信度: 0.70)
2026-06-23 17:03:07 [INFO] 物体 3: FireExt1 (置信度: 0.58)
2026-06-23 17:03:07 [INFO] 物体 4: FireExt1 (置信度: 0.50)
2026-06-23 17:03:07 [INFO] 物体 5: FireExt1 (置信度: 0.38)
2026-06-23 17:03:07 [INFO] 检测到车兜区域，将过滤区域外的目标
2026-06-23 17:03:07 [INFO] 车兜区域过滤: 5 -> 3 个目标
2026-06-23 17:03:07 [INFO] 准备保存检测结果到: C:\code\show\Scrap_Steel_In_Field\photos\dangerous_det\detection_20260623_170307.jpg
2026-06-23 17:03:07 [INFO] 图像形状: (2160, 3840, 3)
2026-06-23 17:03:07 [INFO] 图像数据类型: uint8
2026-06-23 17:03:07 [INFO] 图像最大值: 255
2026-06-23 17:03:07 [INFO] 图像最小值: 0
2026-06-23 17:03:07 [INFO] 开始保存检测结果图像: 图像尺寸=(2160, 3840, 3), 类型=uint8, 路径=C:\code\show\Scrap_Steel_In_Field\photos\dangerous_det\detection_20260623_170307.jpg
2026-06-23 17:03:07 [INFO] 成功保存检测结果到: C:\code\show\Scrap_Steel_In_Field\photos\dangerous_det\detection_20260623_170307.jpg
2026-06-23 17:03:07 [INFO] 保存的检测结果文件大小: 2281018 字节
2026-06-23 17:03:07 [INFO] 引擎上下文已释放
2026-06-23 17:03:07 [INFO] TensorRT 引擎已释放
2026-06-23 17:03:07 [INFO] 全局 CUDA 资源已释放
2026-06-23 17:03:07 [INFO] 检测系统资源已释放
2026-06-23 17:03:12 [INFO] CUDA 初始化成功
2026-06-23 17:03:12 [INFO] 引擎加载成功: dangerous.engine
2026-06-23 17:03:12 [INFO] 检测系统初始化成功
2026-06-23 17:03:12 [INFO] 图像预处理完成，原始尺寸: (2160, 3840)
2026-06-23 17:03:12 [INFO] 开始执行目标检测...
2026-06-23 17:03:12 [INFO] 检测完成，找到 5 个物体
2026-06-23 17:03:12 [INFO] 物体 1: GasCyl1 (置信度: 0.89)
2026-06-23 17:03:12 [INFO] 物体 2: GasCyl1 (置信度: 0.70)
2026-06-23 17:03:12 [INFO] 物体 3: FireExt1 (置信度: 0.55)
2026-06-23 17:03:12 [INFO] 物体 4: FireExt1 (置信度: 0.49)
2026-06-23 17:03:12 [INFO] 物体 5: FireExt1 (置信度: 0.43)
2026-06-23 17:03:12 [INFO] 检测到车兜区域，将过滤区域外的目标
2026-06-23 17:03:12 [INFO] 车兜区域过滤: 5 -> 3 个目标
2026-06-23 17:03:12 [INFO] 准备保存检测结果到: C:\code\show\Scrap_Steel_In_Field\photos\dangerous_det\detection_20260623_170312.jpg
2026-06-23 17:03:12 [INFO] 图像形状: (2160, 3840, 3)
2026-06-23 17:03:12 [INFO] 图像数据类型: uint8
2026-06-23 17:03:12 [INFO] 图像最大值: 255
2026-06-23 17:03:12 [INFO] 图像最小值: 0
2026-06-23 17:03:12 [INFO] 开始保存检测结果图像: 图像尺寸=(2160, 3840, 3), 类型=uint8, 路径=C:\code\show\Scrap_Steel_In_Field\photos\dangerous_det\detection_20260623_170312.jpg
2026-06-23 17:03:12 [INFO] 成功保存检测结果到: C:\code\show\Scrap_Steel_In_Field\photos\dangerous_det\detection_20260623_170312.jpg
2026-06-23 17:03:12 [INFO] 保存的检测结果文件大小: 2278520 字节
2026-06-23 17:03:12 [INFO] 引擎上下文已释放
2026-06-23 17:03:12 [INFO] TensorRT 引擎已释放
2026-06-23 17:03:12 [INFO] 全局 CUDA 资源已释放
2026-06-23 17:03:12 [INFO] 检测系统资源已释放
2026-06-23 17:03:17 [INFO] CUDA 初始化成功
2026-06-23 17:03:17 [INFO] 引擎加载成功: dangerous.engine
2026-06-23 17:03:17 [INFO] 检测系统初始化成功
2026-06-23 17:03:17 [INFO] 图像预处理完成，原始尺寸: (2160, 3840)
2026-06-23 17:03:17 [INFO] 开始执行目标检测...
2026-06-23 17:03:17 [INFO] 检测完成，找到 4 个物体
2026-06-23 17:03:17 [INFO] 物体 1: GasCyl1 (置信度: 0.91)
2026-06-23 17:03:17 [INFO] 物体 2: GasCyl1 (置信度: 0.75)
2026-06-23 17:03:17 [INFO] 物体 3: FireExt1 (置信度: 0.56)
2026-06-23 17:03:17 [INFO] 物体 4: FireExt1 (置信度: 0.50)
2026-06-23 17:03:17 [INFO] 检测到车兜区域，将过滤区域外的目标
2026-06-23 17:03:17 [INFO] 车兜区域过滤: 4 -> 3 个目标
2026-06-23 17:03:17 [INFO] 准备保存检测结果到: C:\code\show\Scrap_Steel_In_Field\photos\dangerous_det\detection_20260623_170317.jpg
2026-06-23 17:03:17 [INFO] 图像形状: (2160, 3840, 3)
2026-06-23 17:03:17 [INFO] 图像数据类型: uint8
2026-06-23 17:03:17 [INFO] 图像最大值: 255
2026-06-23 17:03:17 [INFO] 图像最小值: 0
2026-06-23 17:03:17 [INFO] 开始保存检测结果图像: 图像尺寸=(2160, 3840, 3), 类型=uint8, 路径=C:\code\show\Scrap_Steel_In_Field\photos\dangerous_det\detection_20260623_170317.jpg
2026-06-23 17:03:17 [INFO] 成功保存检测结果到: C:\code\show\Scrap_Steel_In_Field\photos\dangerous_det\detection_20260623_170317.jpg
2026-06-23 17:03:17 [INFO] 保存的检测结果文件大小: 2279224 字节
2026-06-23 17:03:17 [INFO] 引擎上下文已释放
2026-06-23 17:03:17 [INFO] TensorRT 引擎已释放
2026-06-23 17:03:17 [INFO] 全局 CUDA 资源已释放
2026-06-23 17:03:17 [INFO] 检测系统资源已释放
2026-06-23 17:03:22 [INFO] CUDA 初始化成功
2026-06-23 17:03:22 [INFO] 引擎加载成功: dangerous.engine
2026-06-23 17:03:22 [INFO] 检测系统初始化成功
2026-06-23 17:03:22 [INFO] 图像预处理完成，原始尺寸: (2160, 3840)
2026-06-23 17:03:22 [INFO] 开始执行目标检测...
2026-06-23 17:03:22 [INFO] 检测完成，找到 5 个物体
2026-06-23 17:03:22 [INFO] 物体 1: GasCyl1 (置信度: 0.90)
2026-06-23 17:03:22 [INFO] 物体 2: GasCyl1 (置信度: 0.71)
2026-06-23 17:03:22 [INFO] 物体 3: FireExt1 (置信度: 0.56)
2026-06-23 17:03:22 [INFO] 物体 4: FireExt1 (置信度: 0.51)
2026-06-23 17:03:22 [INFO] 物体 5: FireExt1 (置信度: 0.42)
2026-06-23 17:03:23 [INFO] 检测到车兜区域，将过滤区域外的目标
2026-06-23 17:03:23 [INFO] 车兜区域过滤: 5 -> 3 个目标
2026-06-23 17:03:23 [INFO] 准备保存检测结果到: C:\code\show\Scrap_Steel_In_Field\photos\dangerous_det\detection_20260623_170323.jpg
2026-06-23 17:03:23 [INFO] 图像形状: (2160, 3840, 3)
2026-06-23 17:03:23 [INFO] 图像数据类型: uint8
2026-06-23 17:03:23 [INFO] 图像最大值: 255
2026-06-23 17:03:23 [INFO] 图像最小值: 0
2026-06-23 17:03:23 [INFO] 开始保存检测结果图像: 图像尺寸=(2160, 3840, 3), 类型=uint8, 路径=C:\code\show\Scrap_Steel_In_Field\photos\dangerous_det\detection_20260623_170323.jpg
2026-06-23 17:03:23 [INFO] 成功保存检测结果到: C:\code\show\Scrap_Steel_In_Field\photos\dangerous_det\detection_20260623_170323.jpg
2026-06-23 17:03:23 [INFO] 保存的检测结果文件大小: 2278445 字节
2026-06-23 17:03:23 [INFO] 引擎上下文已释放
2026-06-23 17:03:23 [INFO] TensorRT 引擎已释放
2026-06-23 17:03:23 [INFO] 全局 CUDA 资源已释放
2026-06-23 17:03:23 [INFO] 检测系统资源已释放
2026-06-23 17:03:28 [INFO] CUDA 初始化成功
2026-06-23 17:03:28 [INFO] 引擎加载成功: dangerous.engine
2026-06-23 17:03:28 [INFO] 检测系统初始化成功
2026-06-23 17:03:28 [INFO] 图像预处理完成，原始尺寸: (2160, 3840)
2026-06-23 17:03:28 [INFO] 开始执行目标检测...
2026-06-23 17:03:28 [INFO] 检测完成，找到 5 个物体
2026-06-23 17:03:28 [INFO] 物体 1: GasCyl1 (置信度: 0.90)
2026-06-23 17:03:28 [INFO] 物体 2: GasCyl1 (置信度: 0.65)
2026-06-23 17:03:28 [INFO] 物体 3: FireExt1 (置信度: 0.57)
2026-06-23 17:03:28 [INFO] 物体 4: FireExt1 (置信度: 0.50)
2026-06-23 17:03:28 [INFO] 物体 5: FireExt1 (置信度: 0.42)
2026-06-23 17:03:28 [INFO] 检测到车兜区域，将过滤区域外的目标
2026-06-23 17:03:28 [INFO] 车兜区域过滤: 5 -> 3 个目标
2026-06-23 17:03:28 [INFO] 准备保存检测结果到: C:\code\show\Scrap_Steel_In_Field\photos\dangerous_det\detection_20260623_170328.jpg
2026-06-23 17:03:28 [INFO] 图像形状: (2160, 3840, 3)
2026-06-23 17:03:28 [INFO] 图像数据类型: uint8
2026-06-23 17:03:28 [INFO] 图像最大值: 255
2026-06-23 17:03:28 [INFO] 图像最小值: 0
2026-06-23 17:03:28 [INFO] 开始保存检测结果图像: 图像尺寸=(2160, 3840, 3), 类型=uint8, 路径=C:\code\show\Scrap_Steel_In_Field\photos\dangerous_det\detection_20260623_170328.jpg
2026-06-23 17:03:28 [INFO] 成功保存检测结果到: C:\code\show\Scrap_Steel_In_Field\photos\dangerous_det\detection_20260623_170328.jpg
2026-06-23 17:03:28 [INFO] 保存的检测结果文件大小: 2277615 字节
2026-06-23 17:03:28 [INFO] 引擎上下文已释放
2026-06-23 17:03:28 [INFO] TensorRT 引擎已释放
2026-06-23 17:03:28 [INFO] 全局 CUDA 资源已释放
2026-06-23 17:03:28 [INFO] 检测系统资源已释放
2026-06-23 17:03:33 [INFO] CUDA 初始化成功
2026-06-23 17:03:33 [INFO] 引擎加载成功: dangerous.engine
2026-06-23 17:03:33 [INFO] 检测系统初始化成功
2026-06-23 17:03:33 [INFO] 图像预处理完成，原始尺寸: (2160, 3840)
2026-06-23 17:03:33 [INFO] 开始执行目标检测...
2026-06-23 17:03:33 [INFO] 检测完成，找到 5 个物体
2026-06-23 17:03:33 [INFO] 物体 1: GasCyl1 (置信度: 0.89)
2026-06-23 17:03:33 [INFO] 物体 2: GasCyl1 (置信度: 0.66)
2026-06-23 17:03:33 [INFO] 物体 3: FireExt1 (置信度: 0.55)
2026-06-23 17:03:33 [INFO] 物体 4: FireExt1 (置信度: 0.50)
2026-06-23 17:03:33 [INFO] 物体 5: FireExt1 (置信度: 0.38)
2026-06-23 17:03:33 [INFO] 检测到车兜区域，将过滤区域外的目标
2026-06-23 17:03:33 [INFO] 车兜区域过滤: 5 -> 3 个目标
2026-06-23 17:03:33 [INFO] 准备保存检测结果到: C:\code\show\Scrap_Steel_In_Field\photos\dangerous_det\detection_20260623_170333.jpg
2026-06-23 17:03:33 [INFO] 图像形状: (2160, 3840, 3)
2026-06-23 17:03:33 [INFO] 图像数据类型: uint8
2026-06-23 17:03:33 [INFO] 图像最大值: 255
2026-06-23 17:03:33 [INFO] 图像最小值: 0
2026-06-23 17:03:33 [INFO] 开始保存检测结果图像: 图像尺寸=(2160, 3840, 3), 类型=uint8, 路径=C:\code\show\Scrap_Steel_In_Field\photos\dangerous_det\detection_20260623_170333.jpg
2026-06-23 17:03:33 [INFO] 成功保存检测结果到: C:\code\show\Scrap_Steel_In_Field\photos\dangerous_det\detection_20260623_170333.jpg
2026-06-23 17:03:33 [INFO] 保存的检测结果文件大小: 2279304 字节
2026-06-23 17:03:33 [INFO] 引擎上下文已释放
2026-06-23 17:03:33 [INFO] TensorRT 引擎已释放
2026-06-23 17:03:33 [INFO] 全局 CUDA 资源已释放
2026-06-23 17:03:33 [INFO] 检测系统资源已释放
2026-06-23 17:03:38 [INFO] CUDA 初始化成功
2026-06-23 17:03:38 [INFO] 引擎加载成功: dangerous.engine
2026-06-23 17:03:38 [INFO] 检测系统初始化成功
2026-06-23 17:03:38 [INFO] 图像预处理完成，原始尺寸: (2160, 3840)
2026-06-23 17:03:38 [INFO] 开始执行目标检测...
2026-06-23 17:03:38 [INFO] 检测完成，找到 5 个物体
2026-06-23 17:03:38 [INFO] 物体 1: GasCyl1 (置信度: 0.89)
2026-06-23 17:03:38 [INFO] 物体 2: GasCyl1 (置信度: 0.69)
2026-06-23 17:03:38 [INFO] 物体 3: FireExt1 (置信度: 0.55)
2026-06-23 17:03:38 [INFO] 物体 4: FireExt1 (置信度: 0.50)
2026-06-23 17:03:38 [INFO] 物体 5: FireExt1 (置信度: 0.43)
2026-06-23 17:03:38 [INFO] 检测到车兜区域，将过滤区域外的目标
2026-06-23 17:03:38 [INFO] 车兜区域过滤: 5 -> 3 个目标
2026-06-23 17:03:38 [INFO] 准备保存检测结果到: C:\code\show\Scrap_Steel_In_Field\photos\dangerous_det\detection_20260623_170338.jpg
2026-06-23 17:03:38 [INFO] 图像形状: (2160, 3840, 3)
2026-06-23 17:03:38 [INFO] 图像数据类型: uint8
2026-06-23 17:03:38 [INFO] 图像最大值: 255
2026-06-23 17:03:38 [INFO] 图像最小值: 0
2026-06-23 17:03:38 [INFO] 开始保存检测结果图像: 图像尺寸=(2160, 3840, 3), 类型=uint8, 路径=C:\code\show\Scrap_Steel_In_Field\photos\dangerous_det\detection_20260623_170338.jpg
2026-06-23 17:03:38 [INFO] 成功保存检测结果到: C:\code\show\Scrap_Steel_In_Field\photos\dangerous_det\detection_20260623_170338.jpg
2026-06-23 17:03:38 [INFO] 保存的检测结果文件大小: 2278468 字节
2026-06-23 17:03:38 [INFO] 引擎上下文已释放
2026-06-23 17:03:38 [INFO] TensorRT 引擎已释放
2026-06-23 17:03:38 [INFO] 全局 CUDA 资源已释放
2026-06-23 17:03:38 [INFO] 检测系统资源已释放
2026-06-23 17:03:43 [INFO] CUDA 初始化成功
2026-06-23 17:03:43 [INFO] 引擎加载成功: dangerous.engine
2026-06-23 17:03:43 [INFO] 检测系统初始化成功
2026-06-23 17:03:43 [INFO] 图像预处理完成，原始尺寸: (2160, 3840)
2026-06-23 17:03:43 [INFO] 开始执行目标检测...
2026-06-23 17:03:44 [INFO] 检测完成，找到 5 个物体
2026-06-23 17:03:44 [INFO] 物体 1: GasCyl1 (置信度: 0.90)
2026-06-23 17:03:44 [INFO] 物体 2: GasCyl1 (置信度: 0.69)
2026-06-23 17:03:44 [INFO] 物体 3: FireExt1 (置信度: 0.55)
2026-06-23 17:03:44 [INFO] 物体 4: FireExt1 (置信度: 0.50)
2026-06-23 17:03:44 [INFO] 物体 5: FireExt1 (置信度: 0.46)
2026-06-23 17:03:44 [INFO] 检测到车兜区域，将过滤区域外的目标
2026-06-23 17:03:44 [INFO] 车兜区域过滤: 5 -> 3 个目标
2026-06-23 17:03:44 [INFO] 准备保存检测结果到: C:\code\show\Scrap_Steel_In_Field\photos\dangerous_det\detection_20260623_170344.jpg
2026-06-23 17:03:44 [INFO] 图像形状: (2160, 3840, 3)
2026-06-23 17:03:44 [INFO] 图像数据类型: uint8
2026-06-23 17:03:44 [INFO] 图像最大值: 255
2026-06-23 17:03:44 [INFO] 图像最小值: 0
2026-06-23 17:03:44 [INFO] 开始保存检测结果图像: 图像尺寸=(2160, 3840, 3), 类型=uint8, 路径=C:\code\show\Scrap_Steel_In_Field\photos\dangerous_det\detection_20260623_170344.jpg
2026-06-23 17:03:44 [INFO] 成功保存检测结果到: C:\code\show\Scrap_Steel_In_Field\photos\dangerous_det\detection_20260623_170344.jpg
2026-06-23 17:03:44 [INFO] 保存的检测结果文件大小: 2278979 字节
2026-06-23 17:03:44 [INFO] 引擎上下文已释放
2026-06-23 17:03:44 [INFO] TensorRT 引擎已释放
2026-06-23 17:03:44 [INFO] 全局 CUDA 资源已释放
2026-06-23 17:03:44 [INFO] 检测系统资源已释放
2026-06-23 17:03:49 [INFO] CUDA 初始化成功
2026-06-23 17:03:49 [INFO] 引擎加载成功: dangerous.engine
2026-06-23 17:03:49 [INFO] 检测系统初始化成功
2026-06-23 17:03:49 [INFO] 图像预处理完成，原始尺寸: (2160, 3840)
2026-06-23 17:03:49 [INFO] 开始执行目标检测...
2026-06-23 17:03:49 [INFO] 检测完成，找到 5 个物体
2026-06-23 17:03:49 [INFO] 物体 1: GasCyl1 (置信度: 0.89)
2026-06-23 17:03:49 [INFO] 物体 2: GasCyl1 (置信度: 0.71)
2026-06-23 17:03:49 [INFO] 物体 3: FireExt1 (置信度: 0.58)
2026-06-23 17:03:49 [INFO] 物体 4: FireExt1 (置信度: 0.50)
2026-06-23 17:03:49 [INFO] 物体 5: FireExt1 (置信度: 0.39)
2026-06-23 17:03:49 [INFO] 检测到车兜区域，将过滤区域外的目标
2026-06-23 17:03:49 [INFO] 车兜区域过滤: 5 -> 3 个目标
2026-06-23 17:03:49 [INFO] 准备保存检测结果到: C:\code\show\Scrap_Steel_In_Field\photos\dangerous_det\detection_20260623_170349.jpg
2026-06-23 17:03:49 [INFO] 图像形状: (2160, 3840, 3)
2026-06-23 17:03:49 [INFO] 图像数据类型: uint8
2026-06-23 17:03:49 [INFO] 图像最大值: 255
2026-06-23 17:03:49 [INFO] 图像最小值: 0
2026-06-23 17:03:49 [INFO] 开始保存检测结果图像: 图像尺寸=(2160, 3840, 3), 类型=uint8, 路径=C:\code\show\Scrap_Steel_In_Field\photos\dangerous_det\detection_20260623_170349.jpg
2026-06-23 17:03:49 [INFO] 成功保存检测结果到: C:\code\show\Scrap_Steel_In_Field\photos\dangerous_det\detection_20260623_170349.jpg
2026-06-23 17:03:49 [INFO] 保存的检测结果文件大小: 2274602 字节
2026-06-23 17:03:49 [INFO] 引擎上下文已释放
2026-06-23 17:03:49 [INFO] TensorRT 引擎已释放
2026-06-23 17:03:49 [INFO] 全局 CUDA 资源已释放
2026-06-23 17:03:49 [INFO] 检测系统资源已释放
2026-06-23 17:03:54 [INFO] CUDA 初始化成功
2026-06-23 17:03:54 [INFO] 引擎加载成功: dangerous.engine
2026-06-23 17:03:54 [INFO] 检测系统初始化成功
2026-06-23 17:03:54 [INFO] 图像预处理完成，原始尺寸: (2160, 3840)
2026-06-23 17:03:54 [INFO] 开始执行目标检测...
2026-06-23 17:03:54 [INFO] 检测完成，找到 5 个物体
2026-06-23 17:03:54 [INFO] 物体 1: GasCyl1 (置信度: 0.90)
2026-06-23 17:03:54 [INFO] 物体 2: GasCyl1 (置信度: 0.75)
2026-06-23 17:03:54 [INFO] 物体 3: FireExt1 (置信度: 0.53)
2026-06-23 17:03:54 [INFO] 物体 4: FireExt1 (置信度: 0.50)
2026-06-23 17:03:54 [INFO] 物体 5: FireExt1 (置信度: 0.40)
2026-06-23 17:03:54 [INFO] 检测到车兜区域，将过滤区域外的目标
2026-06-23 17:03:54 [INFO] 车兜区域过滤: 5 -> 3 个目标
2026-06-23 17:03:54 [INFO] 准备保存检测结果到: C:\code\show\Scrap_Steel_In_Field\photos\dangerous_det\detection_20260623_170354.jpg
2026-06-23 17:03:54 [INFO] 图像形状: (2160, 3840, 3)
2026-06-23 17:03:54 [INFO] 图像数据类型: uint8
2026-06-23 17:03:54 [INFO] 图像最大值: 255
2026-06-23 17:03:54 [INFO] 图像最小值: 0
2026-06-23 17:03:54 [INFO] 开始保存检测结果图像: 图像尺寸=(2160, 3840, 3), 类型=uint8, 路径=C:\code\show\Scrap_Steel_In_Field\photos\dangerous_det\detection_20260623_170354.jpg
2026-06-23 17:03:54 [INFO] 成功保存检测结果到: C:\code\show\Scrap_Steel_In_Field\photos\dangerous_det\detection_20260623_170354.jpg
2026-06-23 17:03:54 [INFO] 保存的检测结果文件大小: 2276673 字节
2026-06-23 17:03:54 [INFO] 引擎上下文已释放
2026-06-23 17:03:54 [INFO] TensorRT 引擎已释放
2026-06-23 17:03:54 [INFO] 全局 CUDA 资源已释放
2026-06-23 17:03:54 [INFO] 检测系统资源已释放
2026-06-23 17:03:59 [INFO] CUDA 初始化成功
2026-06-23 17:03:59 [INFO] 引擎加载成功: dangerous.engine
2026-06-23 17:03:59 [INFO] 检测系统初始化成功
2026-06-23 17:03:59 [INFO] 图像预处理完成，原始尺寸: (2160, 3840)
2026-06-23 17:03:59 [INFO] 开始执行目标检测...
2026-06-23 17:03:59 [INFO] 检测完成，找到 5 个物体
2026-06-23 17:03:59 [INFO] 物体 1: GasCyl1 (置信度: 0.89)
2026-06-23 17:03:59 [INFO] 物体 2: GasCyl1 (置信度: 0.59)
2026-06-23 17:03:59 [INFO] 物体 3: FireExt1 (置信度: 0.56)
2026-06-23 17:03:59 [INFO] 物体 4: FireExt1 (置信度: 0.50)
2026-06-23 17:03:59 [INFO] 物体 5: FireExt1 (置信度: 0.42)
2026-06-23 17:03:59 [INFO] 检测到车兜区域，将过滤区域外的目标
2026-06-23 17:03:59 [INFO] 车兜区域过滤: 5 -> 3 个目标
2026-06-23 17:03:59 [INFO] 准备保存检测结果到: C:\code\show\Scrap_Steel_In_Field\photos\dangerous_det\detection_20260623_170359.jpg
2026-06-23 17:03:59 [INFO] 图像形状: (2160, 3840, 3)
2026-06-23 17:03:59 [INFO] 图像数据类型: uint8
2026-06-23 17:03:59 [INFO] 图像最大值: 255
2026-06-23 17:03:59 [INFO] 图像最小值: 0
2026-06-23 17:03:59 [INFO] 开始保存检测结果图像: 图像尺寸=(2160, 3840, 3), 类型=uint8, 路径=C:\code\show\Scrap_Steel_In_Field\photos\dangerous_det\detection_20260623_170359.jpg
2026-06-23 17:03:59 [INFO] 成功保存检测结果到: C:\code\show\Scrap_Steel_In_Field\photos\dangerous_det\detection_20260623_170359.jpg
2026-06-23 17:03:59 [INFO] 保存的检测结果文件大小: 2278318 字节
2026-06-23 17:03:59 [INFO] 引擎上下文已释放
2026-06-23 17:03:59 [INFO] TensorRT 引擎已释放
2026-06-23 17:04:00 [INFO] 全局 CUDA 资源已释放
2026-06-23 17:04:00 [INFO] 检测系统资源已释放
2026-06-23 17:04:05 [INFO] CUDA 初始化成功
2026-06-23 17:04:05 [INFO] 引擎加载成功: dangerous.engine
2026-06-23 17:04:05 [INFO] 检测系统初始化成功
2026-06-23 17:04:05 [INFO] 图像预处理完成，原始尺寸: (2160, 3840)
2026-06-23 17:04:05 [INFO] 开始执行目标检测...
2026-06-23 17:04:05 [INFO] 检测完成，找到 5 个物体
2026-06-23 17:04:05 [INFO] 物体 1: GasCyl1 (置信度: 0.89)
2026-06-23 17:04:05 [INFO] 物体 2: GasCyl1 (置信度: 0.70)
2026-06-23 17:04:05 [INFO] 物体 3: FireExt1 (置信度: 0.55)
2026-06-23 17:04:05 [INFO] 物体 4: FireExt1 (置信度: 0.49)
2026-06-23 17:04:05 [INFO] 物体 5: FireExt1 (置信度: 0.41)
2026-06-23 17:04:05 [INFO] 检测到车兜区域，将过滤区域外的目标
2026-06-23 17:04:05 [INFO] 车兜区域过滤: 5 -> 3 个目标
2026-06-23 17:04:05 [INFO] 准备保存检测结果到: C:\code\show\Scrap_Steel_In_Field\photos\dangerous_det\detection_20260623_170405.jpg
2026-06-23 17:04:05 [INFO] 图像形状: (2160, 3840, 3)
2026-06-23 17:04:05 [INFO] 图像数据类型: uint8
2026-06-23 17:04:05 [INFO] 图像最大值: 255
2026-06-23 17:04:05 [INFO] 图像最小值: 0
2026-06-23 17:04:05 [INFO] 开始保存检测结果图像: 图像尺寸=(2160, 3840, 3), 类型=uint8, 路径=C:\code\show\Scrap_Steel_In_Field\photos\dangerous_det\detection_20260623_170405.jpg
2026-06-23 17:04:05 [INFO] 成功保存检测结果到: C:\code\show\Scrap_Steel_In_Field\photos\dangerous_det\detection_20260623_170405.jpg
2026-06-23 17:04:05 [INFO] 保存的检测结果文件大小: 2280247 字节
2026-06-23 17:04:05 [INFO] 引擎上下文已释放
2026-06-23 17:04:05 [INFO] TensorRT 引擎已释放
2026-06-23 17:04:05 [INFO] 全局 CUDA 资源已释放
2026-06-23 17:04:05 [INFO] 检测系统资源已释放
2026-06-23 17:04:10 [INFO] CUDA 初始化成功
2026-06-23 17:04:10 [INFO] 引擎加载成功: dangerous.engine
2026-06-23 17:04:10 [INFO] 检测系统初始化成功
2026-06-23 17:04:10 [INFO] 图像预处理完成，原始尺寸: (2160, 3840)
2026-06-23 17:04:10 [INFO] 开始执行目标检测...
2026-06-23 17:04:10 [INFO] 检测完成，找到 5 个物体
2026-06-23 17:04:10 [INFO] 物体 1: GasCyl1 (置信度: 0.90)
2026-06-23 17:04:10 [INFO] 物体 2: GasCyl1 (置信度: 0.74)
2026-06-23 17:04:10 [INFO] 物体 3: FireExt1 (置信度: 0.55)
2026-06-23 17:04:10 [INFO] 物体 4: FireExt1 (置信度: 0.51)
2026-06-23 17:04:10 [INFO] 物体 5: FireExt1 (置信度: 0.43)
2026-06-23 17:04:10 [INFO] 检测到车兜区域，将过滤区域外的目标
2026-06-23 17:04:10 [INFO] 车兜区域过滤: 5 -> 3 个目标
2026-06-23 17:04:10 [INFO] 准备保存检测结果到: C:\code\show\Scrap_Steel_In_Field\photos\dangerous_det\detection_20260623_170410.jpg
2026-06-23 17:04:10 [INFO] 图像形状: (2160, 3840, 3)
2026-06-23 17:04:10 [INFO] 图像数据类型: uint8
2026-06-23 17:04:10 [INFO] 图像最大值: 255
2026-06-23 17:04:10 [INFO] 图像最小值: 0
2026-06-23 17:04:10 [INFO] 开始保存检测结果图像: 图像尺寸=(2160, 3840, 3), 类型=uint8, 路径=C:\code\show\Scrap_Steel_In_Field\photos\dangerous_det\detection_20260623_170410.jpg
2026-06-23 17:04:10 [INFO] 成功保存检测结果到: C:\code\show\Scrap_Steel_In_Field\photos\dangerous_det\detection_20260623_170410.jpg
2026-06-23 17:04:10 [INFO] 保存的检测结果文件大小: 2276505 字节
2026-06-23 17:04:10 [INFO] 引擎上下文已释放
2026-06-23 17:04:10 [INFO] TensorRT 引擎已释放
2026-06-23 17:04:10 [INFO] 全局 CUDA 资源已释放
2026-06-23 17:04:10 [INFO] 检测系统资源已释放
2026-06-23 17:04:15 [INFO] CUDA 初始化成功
2026-06-23 17:04:15 [INFO] 引擎加载成功: dangerous.engine
2026-06-23 17:04:15 [INFO] 检测系统初始化成功
2026-06-23 17:04:15 [INFO] 图像预处理完成，原始尺寸: (2160, 3840)
2026-06-23 17:04:15 [INFO] 开始执行目标检测...
2026-06-23 17:04:15 [INFO] 检测完成，找到 5 个物体
2026-06-23 17:04:15 [INFO] 物体 1: GasCyl1 (置信度: 0.89)
2026-06-23 17:04:15 [INFO] 物体 2: GasCyl1 (置信度: 0.76)
2026-06-23 17:04:15 [INFO] 物体 3: FireExt1 (置信度: 0.55)
2026-06-23 17:04:15 [INFO] 物体 4: FireExt1 (置信度: 0.49)
2026-06-23 17:04:15 [INFO] 物体 5: FireExt1 (置信度: 0.40)
2026-06-23 17:04:15 [INFO] 检测到车兜区域，将过滤区域外的目标
2026-06-23 17:04:15 [INFO] 车兜区域过滤: 5 -> 3 个目标
2026-06-23 17:04:15 [INFO] 准备保存检测结果到: C:\code\show\Scrap_Steel_In_Field\photos\dangerous_det\detection_20260623_170415.jpg
2026-06-23 17:04:15 [INFO] 图像形状: (2160, 3840, 3)
2026-06-23 17:04:15 [INFO] 图像数据类型: uint8
2026-06-23 17:04:15 [INFO] 图像最大值: 255
2026-06-23 17:04:15 [INFO] 图像最小值: 0
2026-06-23 17:04:15 [INFO] 开始保存检测结果图像: 图像尺寸=(2160, 3840, 3), 类型=uint8, 路径=C:\code\show\Scrap_Steel_In_Field\photos\dangerous_det\detection_20260623_170415.jpg
2026-06-23 17:04:15 [INFO] 成功保存检测结果到: C:\code\show\Scrap_Steel_In_Field\photos\dangerous_det\detection_20260623_170415.jpg
2026-06-23 17:04:15 [INFO] 保存的检测结果文件大小: 2282502 字节
2026-06-23 17:04:15 [INFO] 引擎上下文已释放
2026-06-23 17:04:15 [INFO] TensorRT 引擎已释放
2026-06-23 17:04:15 [INFO] 全局 CUDA 资源已释放
2026-06-23 17:04:15 [INFO] 检测系统资源已释放
2026-06-23 17:04:21 [INFO] CUDA 初始化成功
2026-06-23 17:04:21 [INFO] 引擎加载成功: dangerous.engine
2026-06-23 17:04:21 [INFO] 检测系统初始化成功
2026-06-23 17:04:21 [INFO] 图像预处理完成，原始尺寸: (2160, 3840)
2026-06-23 17:04:21 [INFO] 开始执行目标检测...
2026-06-23 17:04:21 [INFO] 检测完成，找到 5 个物体
2026-06-23 17:04:21 [INFO] 物体 1: GasCyl1 (置信度: 0.89)
2026-06-23 17:04:21 [INFO] 物体 2: GasCyl1 (置信度: 0.68)
2026-06-23 17:04:21 [INFO] 物体 3: FireExt1 (置信度: 0.55)
2026-06-23 17:04:21 [INFO] 物体 4: FireExt1 (置信度: 0.50)
2026-06-23 17:04:21 [INFO] 物体 5: FireExt1 (置信度: 0.37)
2026-06-23 17:04:21 [INFO] 检测到车兜区域，将过滤区域外的目标
2026-06-23 17:04:21 [INFO] 车兜区域过滤: 5 -> 3 个目标
2026-06-23 17:04:21 [INFO] 准备保存检测结果到: C:\code\show\Scrap_Steel_In_Field\photos\dangerous_det\detection_20260623_170421.jpg
2026-06-23 17:04:21 [INFO] 图像形状: (2160, 3840, 3)
2026-06-23 17:04:21 [INFO] 图像数据类型: uint8
2026-06-23 17:04:21 [INFO] 图像最大值: 255
2026-06-23 17:04:21 [INFO] 图像最小值: 0
2026-06-23 17:04:21 [INFO] 开始保存检测结果图像: 图像尺寸=(2160, 3840, 3), 类型=uint8, 路径=C:\code\show\Scrap_Steel_In_Field\photos\dangerous_det\detection_20260623_170421.jpg
2026-06-23 17:04:21 [INFO] 成功保存检测结果到: C:\code\show\Scrap_Steel_In_Field\photos\dangerous_det\detection_20260623_170421.jpg
2026-06-23 17:04:21 [INFO] 保存的检测结果文件大小: 2278708 字节
2026-06-23 17:04:21 [INFO] 引擎上下文已释放
2026-06-23 17:04:21 [INFO] TensorRT 引擎已释放
2026-06-23 17:04:21 [INFO] 全局 CUDA 资源已释放
2026-06-23 17:04:21 [INFO] 检测系统资源已释放
2026-06-23 17:04:26 [INFO] CUDA 初始化成功
2026-06-23 17:04:26 [INFO] 引擎加载成功: dangerous.engine
2026-06-23 17:04:26 [INFO] 检测系统初始化成功
2026-06-23 17:04:26 [INFO] 图像预处理完成，原始尺寸: (2160, 3840)
2026-06-23 17:04:26 [INFO] 开始执行目标检测...
2026-06-23 17:04:26 [INFO] 检测完成，找到 5 个物体
2026-06-23 17:04:26 [INFO] 物体 1: GasCyl1 (置信度: 0.90)
2026-06-23 17:04:26 [INFO] 物体 2: GasCyl1 (置信度: 0.70)
2026-06-23 17:04:26 [INFO] 物体 3: FireExt1 (置信度: 0.55)
2026-06-23 17:04:26 [INFO] 物体 4: FireExt1 (置信度: 0.47)
2026-06-23 17:04:26 [INFO] 物体 5: FireExt1 (置信度: 0.40)
2026-06-23 17:04:26 [INFO] 检测到车兜区域，将过滤区域外的目标
2026-06-23 17:04:26 [INFO] 车兜区域过滤: 5 -> 3 个目标
2026-06-23 17:04:26 [INFO] 准备保存检测结果到: C:\code\show\Scrap_Steel_In_Field\photos\dangerous_det\detection_20260623_170426.jpg
2026-06-23 17:04:26 [INFO] 图像形状: (2160, 3840, 3)
2026-06-23 17:04:26 [INFO] 图像数据类型: uint8
2026-06-23 17:04:26 [INFO] 图像最大值: 255
2026-06-23 17:04:26 [INFO] 图像最小值: 0
2026-06-23 17:04:26 [INFO] 开始保存检测结果图像: 图像尺寸=(2160, 3840, 3), 类型=uint8, 路径=C:\code\show\Scrap_Steel_In_Field\photos\dangerous_det\detection_20260623_170426.jpg
2026-06-23 17:04:26 [INFO] 成功保存检测结果到: C:\code\show\Scrap_Steel_In_Field\photos\dangerous_det\detection_20260623_170426.jpg
2026-06-23 17:04:26 [INFO] 保存的检测结果文件大小: 2279287 字节
2026-06-23 17:04:26 [INFO] 引擎上下文已释放
2026-06-23 17:04:26 [INFO] TensorRT 引擎已释放
2026-06-23 17:04:26 [INFO] 全局 CUDA 资源已释放
2026-06-23 17:04:26 [INFO] 检测系统资源已释放
2026-06-23 17:04:32 [INFO] CUDA 初始化成功
2026-06-23 17:04:32 [INFO] 引擎加载成功: dangerous.engine
2026-06-23 17:04:32 [INFO] 检测系统初始化成功
2026-06-23 17:04:32 [INFO] 图像预处理完成，原始尺寸: (2160, 3840)
2026-06-23 17:04:32 [INFO] 开始执行目标检测...
2026-06-23 17:04:32 [INFO] 检测完成，找到 5 个物体
2026-06-23 17:04:32 [INFO] 物体 1: GasCyl1 (置信度: 0.89)
2026-06-23 17:04:32 [INFO] 物体 2: GasCyl1 (置信度: 0.62)
2026-06-23 17:04:32 [INFO] 物体 3: FireExt1 (置信度: 0.54)
2026-06-23 17:04:32 [INFO] 物体 4: FireExt1 (置信度: 0.51)
2026-06-23 17:04:32 [INFO] 物体 5: FireExt1 (置信度: 0.40)
2026-06-23 17:04:32 [INFO] 检测到车兜区域，将过滤区域外的目标
2026-06-23 17:04:32 [INFO] 车兜区域过滤: 5 -> 3 个目标
2026-06-23 17:04:32 [INFO] 准备保存检测结果到: C:\code\show\Scrap_Steel_In_Field\photos\dangerous_det\detection_20260623_170432.jpg
2026-06-23 17:04:32 [INFO] 图像形状: (2160, 3840, 3)
2026-06-23 17:04:32 [INFO] 图像数据类型: uint8
2026-06-23 17:04:32 [INFO] 图像最大值: 255
2026-06-23 17:04:32 [INFO] 图像最小值: 0
2026-06-23 17:04:32 [INFO] 开始保存检测结果图像: 图像尺寸=(2160, 3840, 3), 类型=uint8, 路径=C:\code\show\Scrap_Steel_In_Field\photos\dangerous_det\detection_20260623_170432.jpg
2026-06-23 17:04:32 [INFO] 成功保存检测结果到: C:\code\show\Scrap_Steel_In_Field\photos\dangerous_det\detection_20260623_170432.jpg
2026-06-23 17:04:32 [INFO] 保存的检测结果文件大小: 2280004 字节
2026-06-23 17:04:32 [INFO] 引擎上下文已释放
2026-06-23 17:04:32 [INFO] TensorRT 引擎已释放
2026-06-23 17:04:32 [INFO] 全局 CUDA 资源已释放
2026-06-23 17:04:32 [INFO] 检测系统资源已释放
2026-06-23 17:04:36 [INFO] CUDA 初始化成功
2026-06-23 17:04:36 [INFO] 引擎加载成功: dangerous.engine
2026-06-23 17:04:36 [INFO] 检测系统初始化成功
2026-06-23 17:04:36 [INFO] 图像预处理完成，原始尺寸: (2160, 3840)
2026-06-23 17:04:36 [INFO] 开始执行目标检测...
2026-06-23 17:04:37 [INFO] 检测完成，找到 5 个物体
2026-06-23 17:04:37 [INFO] 物体 1: GasCyl1 (置信度: 0.89)
2026-06-23 17:04:37 [INFO] 物体 2: GasCyl1 (置信度: 0.72)
2026-06-23 17:04:37 [INFO] 物体 3: FireExt1 (置信度: 0.57)
2026-06-23 17:04:37 [INFO] 物体 4: FireExt1 (置信度: 0.48)
2026-06-23 17:04:37 [INFO] 物体 5: FireExt1 (置信度: 0.38)
2026-06-23 17:04:37 [INFO] 检测到车兜区域，将过滤区域外的目标
2026-06-23 17:04:37 [INFO] 车兜区域过滤: 5 -> 3 个目标
2026-06-23 17:04:37 [INFO] 准备保存检测结果到: C:\code\show\Scrap_Steel_In_Field\photos\dangerous_det\detection_20260623_170437.jpg
2026-06-23 17:04:37 [INFO] 图像形状: (2160, 3840, 3)
2026-06-23 17:04:37 [INFO] 图像数据类型: uint8
2026-06-23 17:04:37 [INFO] 图像最大值: 255
2026-06-23 17:04:37 [INFO] 图像最小值: 0
2026-06-23 17:04:37 [INFO] 开始保存检测结果图像: 图像尺寸=(2160, 3840, 3), 类型=uint8, 路径=C:\code\show\Scrap_Steel_In_Field\photos\dangerous_det\detection_20260623_170437.jpg
2026-06-23 17:04:37 [INFO] 成功保存检测结果到: C:\code\show\Scrap_Steel_In_Field\photos\dangerous_det\detection_20260623_170437.jpg
2026-06-23 17:04:37 [INFO] 保存的检测结果文件大小: 2276467 字节
2026-06-23 17:04:37 [INFO] 引擎上下文已释放
2026-06-23 17:04:37 [INFO] TensorRT 引擎已释放
2026-06-23 17:04:37 [INFO] 全局 CUDA 资源已释放
2026-06-23 17:04:37 [INFO] 检测系统资源已释放
2026-06-23 17:04:42 [INFO] CUDA 初始化成功
2026-06-23 17:04:42 [INFO] 引擎加载成功: dangerous.engine
2026-06-23 17:04:42 [INFO] 检测系统初始化成功
2026-06-23 17:04:42 [INFO] 图像预处理完成，原始尺寸: (2160, 3840)
2026-06-23 17:04:42 [INFO] 开始执行目标检测...
2026-06-23 17:04:42 [INFO] 检测完成，找到 5 个物体
2026-06-23 17:04:42 [INFO] 物体 1: GasCyl1 (置信度: 0.89)
2026-06-23 17:04:42 [INFO] 物体 2: GasCyl1 (置信度: 0.64)
2026-06-23 17:04:42 [INFO] 物体 3: FireExt1 (置信度: 0.55)
2026-06-23 17:04:42 [INFO] 物体 4: FireExt1 (置信度: 0.51)
2026-06-23 17:04:42 [INFO] 物体 5: FireExt1 (置信度: 0.40)
2026-06-23 17:04:42 [INFO] 检测到车兜区域，将过滤区域外的目标
2026-06-23 17:04:42 [INFO] 车兜区域过滤: 5 -> 3 个目标
2026-06-23 17:04:42 [INFO] 准备保存检测结果到: C:\code\show\Scrap_Steel_In_Field\photos\dangerous_det\detection_20260623_170442.jpg
2026-06-23 17:04:42 [INFO] 图像形状: (2160, 3840, 3)
2026-06-23 17:04:42 [INFO] 图像数据类型: uint8
2026-06-23 17:04:42 [INFO] 图像最大值: 255
2026-06-23 17:04:42 [INFO] 图像最小值: 0
2026-06-23 17:04:42 [INFO] 开始保存检测结果图像: 图像尺寸=(2160, 3840, 3), 类型=uint8, 路径=C:\code\show\Scrap_Steel_In_Field\photos\dangerous_det\detection_20260623_170442.jpg
2026-06-23 17:04:42 [INFO] 成功保存检测结果到: C:\code\show\Scrap_Steel_In_Field\photos\dangerous_det\detection_20260623_170442.jpg
2026-06-23 17:04:42 [INFO] 保存的检测结果文件大小: 2277926 字节
2026-06-23 17:04:42 [INFO] 引擎上下文已释放
2026-06-23 17:04:42 [INFO] TensorRT 引擎已释放
2026-06-23 17:04:42 [INFO] 全局 CUDA 资源已释放
2026-06-23 17:04:42 [INFO] 检测系统资源已释放
2026-06-23 17:04:47 [INFO] CUDA 初始化成功
2026-06-23 17:04:47 [INFO] 引擎加载成功: dangerous.engine
2026-06-23 17:04:47 [INFO] 检测系统初始化成功
2026-06-23 17:04:47 [INFO] 图像预处理完成，原始尺寸: (2160, 3840)
2026-06-23 17:04:47 [INFO] 开始执行目标检测...
2026-06-23 17:04:47 [INFO] 检测完成，找到 5 个物体
2026-06-23 17:04:47 [INFO] 物体 1: GasCyl1 (置信度: 0.90)
2026-06-23 17:04:47 [INFO] 物体 2: GasCyl1 (置信度: 0.74)
2026-06-23 17:04:47 [INFO] 物体 3: GasCyl1 (置信度: 0.53)
2026-06-23 17:04:47 [INFO] 物体 4: FireExt1 (置信度: 0.53)
2026-06-23 17:04:47 [INFO] 物体 5: FireExt1 (置信度: 0.40)
2026-06-23 17:04:47 [INFO] 检测到车兜区域，将过滤区域外的目标
2026-06-23 17:04:47 [INFO] 车兜区域过滤: 5 -> 3 个目标
2026-06-23 17:04:47 [INFO] 准备保存检测结果到: C:\code\show\Scrap_Steel_In_Field\photos\dangerous_det\detection_20260623_170447.jpg
2026-06-23 17:04:47 [INFO] 图像形状: (2160, 3840, 3)
2026-06-23 17:04:47 [INFO] 图像数据类型: uint8
2026-06-23 17:04:47 [INFO] 图像最大值: 255
2026-06-23 17:04:47 [INFO] 图像最小值: 0
2026-06-23 17:04:47 [INFO] 开始保存检测结果图像: 图像尺寸=(2160, 3840, 3), 类型=uint8, 路径=C:\code\show\Scrap_Steel_In_Field\photos\dangerous_det\detection_20260623_170447.jpg
2026-06-23 17:04:47 [INFO] 成功保存检测结果到: C:\code\show\Scrap_Steel_In_Field\photos\dangerous_det\detection_20260623_170447.jpg
2026-06-23 17:04:47 [INFO] 保存的检测结果文件大小: 2278169 字节
2026-06-23 17:04:47 [INFO] 引擎上下文已释放
2026-06-23 17:04:47 [INFO] TensorRT 引擎已释放
2026-06-23 17:04:47 [INFO] 全局 CUDA 资源已释放
2026-06-23 17:04:47 [INFO] 检测系统资源已释放
2026-06-23 17:04:52 [INFO] CUDA 初始化成功
2026-06-23 17:04:52 [INFO] 引擎加载成功: dangerous.engine
2026-06-23 17:04:52 [INFO] 检测系统初始化成功
2026-06-23 17:04:52 [INFO] 图像预处理完成，原始尺寸: (2160, 3840)
2026-06-23 17:04:52 [INFO] 开始执行目标检测...
2026-06-23 17:04:52 [INFO] 检测完成，找到 5 个物体
2026-06-23 17:04:52 [INFO] 物体 1: GasCyl1 (置信度: 0.90)
2026-06-23 17:04:52 [INFO] 物体 2: GasCyl1 (置信度: 0.74)
2026-06-23 17:04:52 [INFO] 物体 3: FireExt1 (置信度: 0.56)
2026-06-23 17:04:52 [INFO] 物体 4: FireExt1 (置信度: 0.50)
2026-06-23 17:04:52 [INFO] 物体 5: FireExt1 (置信度: 0.42)
2026-06-23 17:04:53 [INFO] 检测到车兜区域，将过滤区域外的目标
2026-06-23 17:04:53 [INFO] 车兜区域过滤: 5 -> 3 个目标
2026-06-23 17:04:53 [INFO] 准备保存检测结果到: C:\code\show\Scrap_Steel_In_Field\photos\dangerous_det\detection_20260623_170453.jpg
2026-06-23 17:04:53 [INFO] 图像形状: (2160, 3840, 3)
2026-06-23 17:04:53 [INFO] 图像数据类型: uint8
2026-06-23 17:04:53 [INFO] 图像最大值: 255
2026-06-23 17:04:53 [INFO] 图像最小值: 0
2026-06-23 17:04:53 [INFO] 开始保存检测结果图像: 图像尺寸=(2160, 3840, 3), 类型=uint8, 路径=C:\code\show\Scrap_Steel_In_Field\photos\dangerous_det\detection_20260623_170453.jpg
2026-06-23 17:04:53 [INFO] 成功保存检测结果到: C:\code\show\Scrap_Steel_In_Field\photos\dangerous_det\detection_20260623_170453.jpg
2026-06-23 17:04:53 [INFO] 保存的检测结果文件大小: 2279187 字节
2026-06-23 17:04:53 [INFO] 引擎上下文已释放
2026-06-23 17:04:53 [INFO] TensorRT 引擎已释放
2026-06-23 17:04:53 [INFO] 全局 CUDA 资源已释放
2026-06-23 17:04:53 [INFO] 检测系统资源已释放
2026-06-23 17:04:58 [INFO] CUDA 初始化成功
2026-06-23 17:04:58 [INFO] 引擎加载成功: dangerous.engine
2026-06-23 17:04:58 [INFO] 检测系统初始化成功
2026-06-23 17:04:58 [INFO] 图像预处理完成，原始尺寸: (2160, 3840)
2026-06-23 17:04:58 [INFO] 开始执行目标检测...
2026-06-23 17:04:58 [INFO] 检测完成，找到 4 个物体
2026-06-23 17:04:58 [INFO] 物体 1: GasCyl1 (置信度: 0.89)
2026-06-23 17:04:58 [INFO] 物体 2: GasCyl1 (置信度: 0.72)
2026-06-23 17:04:58 [INFO] 物体 3: FireExt1 (置信度: 0.55)
2026-06-23 17:04:58 [INFO] 物体 4: FireExt1 (置信度: 0.49)
2026-06-23 17:04:58 [INFO] 检测到车兜区域，将过滤区域外的目标
2026-06-23 17:04:58 [INFO] 车兜区域过滤: 4 -> 3 个目标
2026-06-23 17:04:58 [INFO] 准备保存检测结果到: C:\code\show\Scrap_Steel_In_Field\photos\dangerous_det\detection_20260623_170458.jpg
2026-06-23 17:04:58 [INFO] 图像形状: (2160, 3840, 3)
2026-06-23 17:04:58 [INFO] 图像数据类型: uint8
2026-06-23 17:04:58 [INFO] 图像最大值: 255
2026-06-23 17:04:58 [INFO] 图像最小值: 0
2026-06-23 17:04:58 [INFO] 开始保存检测结果图像: 图像尺寸=(2160, 3840, 3), 类型=uint8, 路径=C:\code\show\Scrap_Steel_In_Field\photos\dangerous_det\detection_20260623_170458.jpg
2026-06-23 17:04:58 [INFO] 成功保存检测结果到: C:\code\show\Scrap_Steel_In_Field\photos\dangerous_det\detection_20260623_170458.jpg
2026-06-23 17:04:58 [INFO] 保存的检测结果文件大小: 2277472 字节
2026-06-23 17:04:58 [INFO] 引擎上下文已释放
2026-06-23 17:04:58 [INFO] TensorRT 引擎已释放
2026-06-23 17:04:58 [INFO] 全局 CUDA 资源已释放
2026-06-23 17:04:58 [INFO] 检测系统资源已释放
2026-06-23 17:05:03 [INFO] CUDA 初始化成功
2026-06-23 17:05:03 [INFO] 引擎加载成功: dangerous.engine
2026-06-23 17:05:03 [INFO] 检测系统初始化成功
2026-06-23 17:05:03 [INFO] 图像预处理完成，原始尺寸: (2160, 3840)
2026-06-23 17:05:03 [INFO] 开始执行目标检测...
2026-06-23 17:05:03 [INFO] 检测完成，找到 5 个物体
2026-06-23 17:05:03 [INFO] 物体 1: GasCyl1 (置信度: 0.90)
2026-06-23 17:05:03 [INFO] 物体 2: GasCyl1 (置信度: 0.66)
2026-06-23 17:05:03 [INFO] 物体 3: FireExt1 (置信度: 0.54)
2026-06-23 17:05:03 [INFO] 物体 4: FireExt1 (置信度: 0.50)
2026-06-23 17:05:03 [INFO] 物体 5: FireExt1 (置信度: 0.44)
2026-06-23 17:05:03 [INFO] 检测到车兜区域，将过滤区域外的目标
2026-06-23 17:05:03 [INFO] 车兜区域过滤: 5 -> 3 个目标
2026-06-23 17:05:03 [INFO] 准备保存检测结果到: C:\code\show\Scrap_Steel_In_Field\photos\dangerous_det\detection_20260623_170503.jpg
2026-06-23 17:05:03 [INFO] 图像形状: (2160, 3840, 3)
2026-06-23 17:05:03 [INFO] 图像数据类型: uint8
2026-06-23 17:05:03 [INFO] 图像最大值: 255
2026-06-23 17:05:03 [INFO] 图像最小值: 0
2026-06-23 17:05:03 [INFO] 开始保存检测结果图像: 图像尺寸=(2160, 3840, 3), 类型=uint8, 路径=C:\code\show\Scrap_Steel_In_Field\photos\dangerous_det\detection_20260623_170503.jpg
2026-06-23 17:05:03 [INFO] 成功保存检测结果到: C:\code\show\Scrap_Steel_In_Field\photos\dangerous_det\detection_20260623_170503.jpg
2026-06-23 17:05:03 [INFO] 保存的检测结果文件大小: 2278591 字节
2026-06-23 17:05:03 [INFO] 引擎上下文已释放
2026-06-23 17:05:03 [INFO] TensorRT 引擎已释放
2026-06-23 17:05:03 [INFO] 全局 CUDA 资源已释放
2026-06-23 17:05:03 [INFO] 检测系统资源已释放
2026-06-23 17:05:08 [INFO] CUDA 初始化成功
2026-06-23 17:05:08 [INFO] 引擎加载成功: dangerous.engine
2026-06-23 17:05:08 [INFO] 检测系统初始化成功
2026-06-23 17:05:08 [INFO] 图像预处理完成，原始尺寸: (2160, 3840)
2026-06-23 17:05:08 [INFO] 开始执行目标检测...
2026-06-23 17:05:08 [INFO] 检测完成，找到 5 个物体
2026-06-23 17:05:08 [INFO] 物体 1: GasCyl1 (置信度: 0.90)
2026-06-23 17:05:08 [INFO] 物体 2: GasCyl1 (置信度: 0.65)
2026-06-23 17:05:08 [INFO] 物体 3: FireExt1 (置信度: 0.56)
2026-06-23 17:05:08 [INFO] 物体 4: FireExt1 (置信度: 0.50)
2026-06-23 17:05:08 [INFO] 物体 5: FireExt1 (置信度: 0.43)
2026-06-23 17:05:08 [INFO] 检测到车兜区域，将过滤区域外的目标
2026-06-23 17:05:08 [INFO] 车兜区域过滤: 5 -> 3 个目标
2026-06-23 17:05:08 [INFO] 准备保存检测结果到: C:\code\show\Scrap_Steel_In_Field\photos\dangerous_det\detection_20260623_170508.jpg
2026-06-23 17:05:08 [INFO] 图像形状: (2160, 3840, 3)
2026-06-23 17:05:08 [INFO] 图像数据类型: uint8
2026-06-23 17:05:08 [INFO] 图像最大值: 255
2026-06-23 17:05:08 [INFO] 图像最小值: 0
2026-06-23 17:05:08 [INFO] 开始保存检测结果图像: 图像尺寸=(2160, 3840, 3), 类型=uint8, 路径=C:\code\show\Scrap_Steel_In_Field\photos\dangerous_det\detection_20260623_170508.jpg
2026-06-23 17:05:08 [INFO] 成功保存检测结果到: C:\code\show\Scrap_Steel_In_Field\photos\dangerous_det\detection_20260623_170508.jpg
2026-06-23 17:05:08 [INFO] 保存的检测结果文件大小: 2279042 字节
2026-06-23 17:05:08 [INFO] 引擎上下文已释放
2026-06-23 17:05:08 [INFO] TensorRT 引擎已释放
2026-06-23 17:05:08 [INFO] 全局 CUDA 资源已释放
2026-06-23 17:05:08 [INFO] 检测系统资源已释放
2026-06-23 17:05:13 [INFO] CUDA 初始化成功
2026-06-23 17:05:13 [INFO] 引擎加载成功: dangerous.engine
2026-06-23 17:05:13 [INFO] 检测系统初始化成功
2026-06-23 17:05:13 [INFO] 图像预处理完成，原始尺寸: (2160, 3840)
2026-06-23 17:05:13 [INFO] 开始执行目标检测...
2026-06-23 17:05:14 [INFO] 检测完成，找到 5 个物体
2026-06-23 17:05:14 [INFO] 物体 1: GasCyl1 (置信度: 0.90)
2026-06-23 17:05:14 [INFO] 物体 2: GasCyl1 (置信度: 0.68)
2026-06-23 17:05:14 [INFO] 物体 3: FireExt1 (置信度: 0.56)
2026-06-23 17:05:14 [INFO] 物体 4: FireExt1 (置信度: 0.49)
2026-06-23 17:05:14 [INFO] 物体 5: FireExt1 (置信度: 0.43)
2026-06-23 17:05:14 [INFO] 检测到车兜区域，将过滤区域外的目标
2026-06-23 17:05:14 [INFO] 车兜区域过滤: 5 -> 3 个目标
2026-06-23 17:05:14 [INFO] 准备保存检测结果到: C:\code\show\Scrap_Steel_In_Field\photos\dangerous_det\detection_20260623_170514.jpg
2026-06-23 17:05:14 [INFO] 图像形状: (2160, 3840, 3)
2026-06-23 17:05:14 [INFO] 图像数据类型: uint8
2026-06-23 17:05:14 [INFO] 图像最大值: 255
2026-06-23 17:05:14 [INFO] 图像最小值: 0
2026-06-23 17:05:14 [INFO] 开始保存检测结果图像: 图像尺寸=(2160, 3840, 3), 类型=uint8, 路径=C:\code\show\Scrap_Steel_In_Field\photos\dangerous_det\detection_20260623_170514.jpg
2026-06-23 17:05:14 [INFO] 成功保存检测结果到: C:\code\show\Scrap_Steel_In_Field\photos\dangerous_det\detection_20260623_170514.jpg
2026-06-23 17:05:14 [INFO] 保存的检测结果文件大小: 2278966 字节
2026-06-23 17:05:14 [INFO] 引擎上下文已释放
2026-06-23 17:05:14 [INFO] TensorRT 引擎已释放
2026-06-23 17:05:14 [INFO] 全局 CUDA 资源已释放
2026-06-23 17:05:14 [INFO] 检测系统资源已释放
2026-06-23 17:05:19 [INFO] CUDA 初始化成功
2026-06-23 17:05:19 [INFO] 引擎加载成功: dangerous.engine
2026-06-23 17:05:19 [INFO] 检测系统初始化成功
2026-06-23 17:05:19 [INFO] 图像预处理完成，原始尺寸: (2160, 3840)
2026-06-23 17:05:19 [INFO] 开始执行目标检测...
2026-06-23 17:05:19 [INFO] 检测完成，找到 5 个物体
2026-06-23 17:05:19 [INFO] 物体 1: GasCyl1 (置信度: 0.90)
2026-06-23 17:05:19 [INFO] 物体 2: GasCyl1 (置信度: 0.75)
2026-06-23 17:05:19 [INFO] 物体 3: FireExt1 (置信度: 0.54)
2026-06-23 17:05:19 [INFO] 物体 4: FireExt1 (置信度: 0.49)
2026-06-23 17:05:19 [INFO] 物体 5: FireExt1 (置信度: 0.35)
2026-06-23 17:05:19 [INFO] 检测到车兜区域，将过滤区域外的目标
2026-06-23 17:05:19 [INFO] 车兜区域过滤: 5 -> 3 个目标
2026-06-23 17:05:19 [INFO] 准备保存检测结果到: C:\code\show\Scrap_Steel_In_Field\photos\dangerous_det\detection_20260623_170519.jpg
2026-06-23 17:05:19 [INFO] 图像形状: (2160, 3840, 3)
2026-06-23 17:05:19 [INFO] 图像数据类型: uint8
2026-06-23 17:05:19 [INFO] 图像最大值: 255
2026-06-23 17:05:19 [INFO] 图像最小值: 0
2026-06-23 17:05:19 [INFO] 开始保存检测结果图像: 图像尺寸=(2160, 3840, 3), 类型=uint8, 路径=C:\code\show\Scrap_Steel_In_Field\photos\dangerous_det\detection_20260623_170519.jpg
2026-06-23 17:05:19 [INFO] 成功保存检测结果到: C:\code\show\Scrap_Steel_In_Field\photos\dangerous_det\detection_20260623_170519.jpg
2026-06-23 17:05:19 [INFO] 保存的检测结果文件大小: 2275694 字节
2026-06-23 17:05:19 [INFO] 引擎上下文已释放
2026-06-23 17:05:19 [INFO] TensorRT 引擎已释放
2026-06-23 17:05:19 [INFO] 全局 CUDA 资源已释放
2026-06-23 17:05:19 [INFO] 检测系统资源已释放
2026-06-23 17:05:24 [INFO] CUDA 初始化成功
2026-06-23 17:05:24 [INFO] 引擎加载成功: dangerous.engine
2026-06-23 17:05:24 [INFO] 检测系统初始化成功
2026-06-23 17:05:24 [INFO] 图像预处理完成，原始尺寸: (2160, 3840)
2026-06-23 17:05:24 [INFO] 开始执行目标检测...
2026-06-23 17:05:24 [INFO] 检测完成，找到 5 个物体
2026-06-23 17:05:24 [INFO] 物体 1: GasCyl1 (置信度: 0.90)
2026-06-23 17:05:24 [INFO] 物体 2: GasCyl1 (置信度: 0.72)
2026-06-23 17:05:24 [INFO] 物体 3: FireExt1 (置信度: 0.55)
2026-06-23 17:05:24 [INFO] 物体 4: FireExt1 (置信度: 0.50)
2026-06-23 17:05:24 [INFO] 物体 5: FireExt1 (置信度: 0.42)
2026-06-23 17:05:24 [INFO] 检测到车兜区域，将过滤区域外的目标
2026-06-23 17:05:24 [INFO] 车兜区域过滤: 5 -> 3 个目标
2026-06-23 17:05:24 [INFO] 准备保存检测结果到: C:\code\show\Scrap_Steel_In_Field\photos\dangerous_det\detection_20260623_170524.jpg
2026-06-23 17:05:24 [INFO] 图像形状: (2160, 3840, 3)
2026-06-23 17:05:24 [INFO] 图像数据类型: uint8
2026-06-23 17:05:24 [INFO] 图像最大值: 255
2026-06-23 17:05:24 [INFO] 图像最小值: 0
2026-06-23 17:05:24 [INFO] 开始保存检测结果图像: 图像尺寸=(2160, 3840, 3), 类型=uint8, 路径=C:\code\show\Scrap_Steel_In_Field\photos\dangerous_det\detection_20260623_170524.jpg
2026-06-23 17:05:24 [INFO] 成功保存检测结果到: C:\code\show\Scrap_Steel_In_Field\photos\dangerous_det\detection_20260623_170524.jpg
2026-06-23 17:05:24 [INFO] 保存的检测结果文件大小: 2277561 字节
2026-06-23 17:05:24 [INFO] 引擎上下文已释放
2026-06-23 17:05:24 [INFO] TensorRT 引擎已释放
2026-06-23 17:05:24 [INFO] 全局 CUDA 资源已释放
2026-06-23 17:05:24 [INFO] 检测系统资源已释放
2026-06-23 17:05:29 [INFO] CUDA 初始化成功
2026-06-23 17:05:29 [INFO] 引擎加载成功: dangerous.engine
2026-06-23 17:05:29 [INFO] 检测系统初始化成功
2026-06-23 17:05:29 [INFO] 图像预处理完成，原始尺寸: (2160, 3840)
2026-06-23 17:05:29 [INFO] 开始执行目标检测...
2026-06-23 17:05:29 [INFO] 检测完成，找到 5 个物体
2026-06-23 17:05:29 [INFO] 物体 1: GasCyl1 (置信度: 0.90)
2026-06-23 17:05:29 [INFO] 物体 2: GasCyl1 (置信度: 0.64)
2026-06-23 17:05:29 [INFO] 物体 3: FireExt1 (置信度: 0.56)
2026-06-23 17:05:29 [INFO] 物体 4: FireExt1 (置信度: 0.48)
2026-06-23 17:05:29 [INFO] 物体 5: FireExt1 (置信度: 0.42)
2026-06-23 17:05:30 [INFO] 检测到车兜区域，将过滤区域外的目标
2026-06-23 17:05:30 [INFO] 车兜区域过滤: 5 -> 3 个目标
2026-06-23 17:05:30 [INFO] 准备保存检测结果到: C:\code\show\Scrap_Steel_In_Field\photos\dangerous_det\detection_20260623_170530.jpg
2026-06-23 17:05:30 [INFO] 图像形状: (2160, 3840, 3)
2026-06-23 17:05:30 [INFO] 图像数据类型: uint8
2026-06-23 17:05:30 [INFO] 图像最大值: 255
2026-06-23 17:05:30 [INFO] 图像最小值: 0
2026-06-23 17:05:30 [INFO] 开始保存检测结果图像: 图像尺寸=(2160, 3840, 3), 类型=uint8, 路径=C:\code\show\Scrap_Steel_In_Field\photos\dangerous_det\detection_20260623_170530.jpg
2026-06-23 17:05:30 [INFO] 成功保存检测结果到: C:\code\show\Scrap_Steel_In_Field\photos\dangerous_det\detection_20260623_170530.jpg
2026-06-23 17:05:30 [INFO] 保存的检测结果文件大小: 2280058 字节
2026-06-23 17:05:30 [INFO] 引擎上下文已释放
2026-06-23 17:05:30 [INFO] TensorRT 引擎已释放
2026-06-23 17:05:30 [INFO] 全局 CUDA 资源已释放
2026-06-23 17:05:30 [INFO] 检测系统资源已释放
2026-06-23 17:05:35 [INFO] CUDA 初始化成功
2026-06-23 17:05:35 [INFO] 引擎加载成功: dangerous.engine
2026-06-23 17:05:35 [INFO] 检测系统初始化成功
2026-06-23 17:05:35 [INFO] 图像预处理完成，原始尺寸: (2160, 3840)
2026-06-23 17:05:35 [INFO] 开始执行目标检测...
2026-06-23 17:05:35 [INFO] 检测完成，找到 5 个物体
2026-06-23 17:05:35 [INFO] 物体 1: GasCyl1 (置信度: 0.90)
2026-06-23 17:05:35 [INFO] 物体 2: GasCyl1 (置信度: 0.72)
2026-06-23 17:05:35 [INFO] 物体 3: FireExt1 (置信度: 0.54)
2026-06-23 17:05:35 [INFO] 物体 4: GasCyl1 (置信度: 0.54)
2026-06-23 17:05:35 [INFO] 物体 5: FireExt1 (置信度: 0.41)
2026-06-23 17:05:35 [INFO] 检测到车兜区域，将过滤区域外的目标
2026-06-23 17:05:35 [INFO] 车兜区域过滤: 5 -> 3 个目标
2026-06-23 17:05:35 [INFO] 准备保存检测结果到: C:\code\show\Scrap_Steel_In_Field\photos\dangerous_det\detection_20260623_170535.jpg
2026-06-23 17:05:35 [INFO] 图像形状: (2160, 3840, 3)
2026-06-23 17:05:35 [INFO] 图像数据类型: uint8
2026-06-23 17:05:35 [INFO] 图像最大值: 255
2026-06-23 17:05:35 [INFO] 图像最小值: 0
2026-06-23 17:05:35 [INFO] 开始保存检测结果图像: 图像尺寸=(2160, 3840, 3), 类型=uint8, 路径=C:\code\show\Scrap_Steel_In_Field\photos\dangerous_det\detection_20260623_170535.jpg
2026-06-23 17:05:35 [INFO] 成功保存检测结果到: C:\code\show\Scrap_Steel_In_Field\photos\dangerous_det\detection_20260623_170535.jpg
2026-06-23 17:05:35 [INFO] 保存的检测结果文件大小: 2276427 字节
2026-06-23 17:05:35 [INFO] 引擎上下文已释放
2026-06-23 17:05:35 [INFO] TensorRT 引擎已释放
2026-06-23 17:05:35 [INFO] 全局 CUDA 资源已释放
2026-06-23 17:05:35 [INFO] 检测系统资源已释放
2026-06-23 17:05:40 [INFO] CUDA 初始化成功
2026-06-23 17:05:40 [INFO] 引擎加载成功: dangerous.engine
2026-06-23 17:05:40 [INFO] 检测系统初始化成功
2026-06-23 17:05:40 [INFO] 图像预处理完成，原始尺寸: (2160, 3840)
2026-06-23 17:05:40 [INFO] 开始执行目标检测...
2026-06-23 17:05:40 [INFO] 检测完成，找到 5 个物体
2026-06-23 17:05:40 [INFO] 物体 1: GasCyl1 (置信度: 0.90)
2026-06-23 17:05:40 [INFO] 物体 2: GasCyl1 (置信度: 0.72)
2026-06-23 17:05:40 [INFO] 物体 3: FireExt1 (置信度: 0.55)
2026-06-23 17:05:40 [INFO] 物体 4: FireExt1 (置信度: 0.47)
2026-06-23 17:05:40 [INFO] 物体 5: FireExt1 (置信度: 0.44)
2026-06-23 17:05:40 [INFO] 检测到车兜区域，将过滤区域外的目标
2026-06-23 17:05:40 [INFO] 车兜区域过滤: 5 -> 3 个目标
2026-06-23 17:05:40 [INFO] 准备保存检测结果到: C:\code\show\Scrap_Steel_In_Field\photos\dangerous_det\detection_20260623_170540.jpg
2026-06-23 17:05:40 [INFO] 图像形状: (2160, 3840, 3)
2026-06-23 17:05:40 [INFO] 图像数据类型: uint8
2026-06-23 17:05:40 [INFO] 图像最大值: 255
2026-06-23 17:05:40 [INFO] 图像最小值: 0
2026-06-23 17:05:40 [INFO] 开始保存检测结果图像: 图像尺寸=(2160, 3840, 3), 类型=uint8, 路径=C:\code\show\Scrap_Steel_In_Field\photos\dangerous_det\detection_20260623_170540.jpg
2026-06-23 17:05:40 [INFO] 成功保存检测结果到: C:\code\show\Scrap_Steel_In_Field\photos\dangerous_det\detection_20260623_170540.jpg
2026-06-23 17:05:40 [INFO] 保存的检测结果文件大小: 2282399 字节
2026-06-23 17:05:40 [INFO] 引擎上下文已释放
2026-06-23 17:05:40 [INFO] TensorRT 引擎已释放
2026-06-23 17:05:40 [INFO] 全局 CUDA 资源已释放
2026-06-23 17:05:40 [INFO] 检测系统资源已释放
2026-06-23 17:05:45 [INFO] CUDA 初始化成功
2026-06-23 17:05:45 [INFO] 引擎加载成功: dangerous.engine
2026-06-23 17:05:45 [INFO] 检测系统初始化成功
2026-06-23 17:05:45 [INFO] 图像预处理完成，原始尺寸: (2160, 3840)
2026-06-23 17:05:45 [INFO] 开始执行目标检测...
2026-06-23 17:05:45 [INFO] 检测完成，找到 5 个物体
2026-06-23 17:05:45 [INFO] 物体 1: GasCyl1 (置信度: 0.90)
2026-06-23 17:05:45 [INFO] 物体 2: GasCyl1 (置信度: 0.72)
2026-06-23 17:05:45 [INFO] 物体 3: FireExt1 (置信度: 0.55)
2026-06-23 17:05:45 [INFO] 物体 4: FireExt1 (置信度: 0.49)
2026-06-23 17:05:45 [INFO] 物体 5: FireExt1 (置信度: 0.45)
2026-06-23 17:05:45 [INFO] 检测到车兜区域，将过滤区域外的目标
2026-06-23 17:05:45 [INFO] 车兜区域过滤: 5 -> 3 个目标
2026-06-23 17:05:45 [INFO] 准备保存检测结果到: C:\code\show\Scrap_Steel_In_Field\photos\dangerous_det\detection_20260623_170545.jpg
2026-06-23 17:05:45 [INFO] 图像形状: (2160, 3840, 3)
2026-06-23 17:05:45 [INFO] 图像数据类型: uint8
2026-06-23 17:05:45 [INFO] 图像最大值: 255
2026-06-23 17:05:45 [INFO] 图像最小值: 0
2026-06-23 17:05:45 [INFO] 开始保存检测结果图像: 图像尺寸=(2160, 3840, 3), 类型=uint8, 路径=C:\code\show\Scrap_Steel_In_Field\photos\dangerous_det\detection_20260623_170545.jpg
2026-06-23 17:05:45 [INFO] 成功保存检测结果到: C:\code\show\Scrap_Steel_In_Field\photos\dangerous_det\detection_20260623_170545.jpg
2026-06-23 17:05:45 [INFO] 保存的检测结果文件大小: 2280725 字节
2026-06-23 17:05:45 [INFO] 引擎上下文已释放
2026-06-23 17:05:45 [INFO] TensorRT 引擎已释放
2026-06-23 17:05:45 [INFO] 全局 CUDA 资源已释放
2026-06-23 17:05:45 [INFO] 检测系统资源已释放
2026-06-23 17:05:50 [INFO] CUDA 初始化成功
2026-06-23 17:05:50 [INFO] 引擎加载成功: dangerous.engine
2026-06-23 17:05:50 [INFO] 检测系统初始化成功
2026-06-23 17:05:51 [INFO] 图像预处理完成，原始尺寸: (2160, 3840)
2026-06-23 17:05:51 [INFO] 开始执行目标检测...
2026-06-23 17:05:51 [INFO] 检测完成，找到 5 个物体
2026-06-23 17:05:51 [INFO] 物体 1: GasCyl1 (置信度: 0.89)
2026-06-23 17:05:51 [INFO] 物体 2: GasCyl1 (置信度: 0.74)
2026-06-23 17:05:51 [INFO] 物体 3: FireExt1 (置信度: 0.57)
2026-06-23 17:05:51 [INFO] 物体 4: FireExt1 (置信度: 0.47)
2026-06-23 17:05:51 [INFO] 物体 5: FireExt1 (置信度: 0.42)
2026-06-23 17:05:51 [INFO] 检测到车兜区域，将过滤区域外的目标
2026-06-23 17:05:51 [INFO] 车兜区域过滤: 5 -> 3 个目标
2026-06-23 17:05:51 [INFO] 准备保存检测结果到: C:\code\show\Scrap_Steel_In_Field\photos\dangerous_det\detection_20260623_170551.jpg
2026-06-23 17:05:51 [INFO] 图像形状: (2160, 3840, 3)
2026-06-23 17:05:51 [INFO] 图像数据类型: uint8
2026-06-23 17:05:51 [INFO] 图像最大值: 255
2026-06-23 17:05:51 [INFO] 图像最小值: 0
2026-06-23 17:05:51 [INFO] 开始保存检测结果图像: 图像尺寸=(2160, 3840, 3), 类型=uint8, 路径=C:\code\show\Scrap_Steel_In_Field\photos\dangerous_det\detection_20260623_170551.jpg
2026-06-23 17:05:51 [INFO] 成功保存检测结果到: C:\code\show\Scrap_Steel_In_Field\photos\dangerous_det\detection_20260623_170551.jpg
2026-06-23 17:05:51 [INFO] 保存的检测结果文件大小: 2275544 字节
2026-06-23 17:05:51 [INFO] 引擎上下文已释放
2026-06-23 17:05:51 [INFO] TensorRT 引擎已释放
2026-06-23 17:05:51 [INFO] 全局 CUDA 资源已释放
2026-06-23 17:05:51 [INFO] 检测系统资源已释放
2026-06-23 17:05:56 [INFO] CUDA 初始化成功
2026-06-23 17:05:56 [INFO] 引擎加载成功: dangerous.engine
2026-06-23 17:05:56 [INFO] 检测系统初始化成功
2026-06-23 17:05:56 [INFO] 图像预处理完成，原始尺寸: (2160, 3840)
2026-06-23 17:05:56 [INFO] 开始执行目标检测...
2026-06-23 17:05:56 [INFO] 检测完成，找到 5 个物体
2026-06-23 17:05:56 [INFO] 物体 1: GasCyl1 (置信度: 0.89)
2026-06-23 17:05:56 [INFO] 物体 2: GasCyl1 (置信度: 0.63)
2026-06-23 17:05:56 [INFO] 物体 3: FireExt1 (置信度: 0.56)
2026-06-23 17:05:56 [INFO] 物体 4: GasCyl1 (置信度: 0.50)
2026-06-23 17:05:56 [INFO] 物体 5: FireExt1 (置信度: 0.41)
2026-06-23 17:05:56 [INFO] 检测到车兜区域，将过滤区域外的目标
2026-06-23 17:05:56 [INFO] 车兜区域过滤: 5 -> 3 个目标
2026-06-23 17:05:56 [INFO] 准备保存检测结果到: C:\code\show\Scrap_Steel_In_Field\photos\dangerous_det\detection_20260623_170556.jpg
2026-06-23 17:05:56 [INFO] 图像形状: (2160, 3840, 3)
2026-06-23 17:05:56 [INFO] 图像数据类型: uint8
2026-06-23 17:05:56 [INFO] 图像最大值: 255
2026-06-23 17:05:56 [INFO] 图像最小值: 0
2026-06-23 17:05:56 [INFO] 开始保存检测结果图像: 图像尺寸=(2160, 3840, 3), 类型=uint8, 路径=C:\code\show\Scrap_Steel_In_Field\photos\dangerous_det\detection_20260623_170556.jpg
2026-06-23 17:05:56 [INFO] 成功保存检测结果到: C:\code\show\Scrap_Steel_In_Field\photos\dangerous_det\detection_20260623_170556.jpg
2026-06-23 17:05:56 [INFO] 保存的检测结果文件大小: 2278362 字节
2026-06-23 17:05:56 [INFO] 引擎上下文已释放
2026-06-23 17:05:56 [INFO] TensorRT 引擎已释放
2026-06-23 17:05:56 [INFO] 全局 CUDA 资源已释放
2026-06-23 17:05:56 [INFO] 检测系统资源已释放
2026-06-23 17:06:01 [INFO] CUDA 初始化成功
2026-06-23 17:06:01 [INFO] 引擎加载成功: dangerous.engine
2026-06-23 17:06:01 [INFO] 检测系统初始化成功
2026-06-23 17:06:01 [INFO] 图像预处理完成，原始尺寸: (2160, 3840)
2026-06-23 17:06:01 [INFO] 开始执行目标检测...
2026-06-23 17:06:01 [INFO] 检测完成，找到 5 个物体
2026-06-23 17:06:01 [INFO] 物体 1: GasCyl1 (置信度: 0.90)
2026-06-23 17:06:01 [INFO] 物体 2: GasCyl1 (置信度: 0.71)
2026-06-23 17:06:01 [INFO] 物体 3: FireExt1 (置信度: 0.56)
2026-06-23 17:06:01 [INFO] 物体 4: FireExt1 (置信度: 0.50)
2026-06-23 17:06:01 [INFO] 物体 5: FireExt1 (置信度: 0.38)
2026-06-23 17:06:01 [INFO] 检测到车兜区域，将过滤区域外的目标
2026-06-23 17:06:01 [INFO] 车兜区域过滤: 5 -> 3 个目标
2026-06-23 17:06:01 [INFO] 准备保存检测结果到: C:\code\show\Scrap_Steel_In_Field\photos\dangerous_det\detection_20260623_170601.jpg
2026-06-23 17:06:01 [INFO] 图像形状: (2160, 3840, 3)
2026-06-23 17:06:01 [INFO] 图像数据类型: uint8
2026-06-23 17:06:01 [INFO] 图像最大值: 255
2026-06-23 17:06:01 [INFO] 图像最小值: 0
2026-06-23 17:06:01 [INFO] 开始保存检测结果图像: 图像尺寸=(2160, 3840, 3), 类型=uint8, 路径=C:\code\show\Scrap_Steel_In_Field\photos\dangerous_det\detection_20260623_170601.jpg
2026-06-23 17:06:01 [INFO] 成功保存检测结果到: C:\code\show\Scrap_Steel_In_Field\photos\dangerous_det\detection_20260623_170601.jpg
2026-06-23 17:06:01 [INFO] 保存的检测结果文件大小: 2279373 字节
2026-06-23 17:06:01 [INFO] 引擎上下文已释放
2026-06-23 17:06:01 [INFO] TensorRT 引擎已释放
2026-06-23 17:06:01 [INFO] 全局 CUDA 资源已释放
2026-06-23 17:06:01 [INFO] 检测系统资源已释放
2026-06-23 17:06:06 [INFO] CUDA 初始化成功
2026-06-23 17:06:06 [INFO] 引擎加载成功: dangerous.engine
2026-06-23 17:06:06 [INFO] 检测系统初始化成功
2026-06-23 17:06:06 [INFO] 图像预处理完成，原始尺寸: (2160, 3840)
2026-06-23 17:06:06 [INFO] 开始执行目标检测...
2026-06-23 17:06:06 [INFO] 检测完成，找到 5 个物体
2026-06-23 17:06:06 [INFO] 物体 1: GasCyl1 (置信度: 0.90)
2026-06-23 17:06:06 [INFO] 物体 2: GasCyl1 (置信度: 0.77)
2026-06-23 17:06:06 [INFO] 物体 3: FireExt1 (置信度: 0.56)
2026-06-23 17:06:06 [INFO] 物体 4: GasCyl1 (置信度: 0.56)
2026-06-23 17:06:06 [INFO] 物体 5: FireExt1 (置信度: 0.36)
2026-06-23 17:06:06 [INFO] 检测到车兜区域，将过滤区域外的目标
2026-06-23 17:06:06 [INFO] 车兜区域过滤: 5 -> 3 个目标
2026-06-23 17:06:06 [INFO] 准备保存检测结果到: C:\code\show\Scrap_Steel_In_Field\photos\dangerous_det\detection_20260623_170606.jpg
2026-06-23 17:06:07 [INFO] 图像形状: (2160, 3840, 3)
2026-06-23 17:06:07 [INFO] 图像数据类型: uint8
2026-06-23 17:06:07 [INFO] 图像最大值: 255
2026-06-23 17:06:07 [INFO] 图像最小值: 0
2026-06-23 17:06:07 [INFO] 开始保存检测结果图像: 图像尺寸=(2160, 3840, 3), 类型=uint8, 路径=C:\code\show\Scrap_Steel_In_Field\photos\dangerous_det\detection_20260623_170606.jpg
2026-06-23 17:06:07 [INFO] 成功保存检测结果到: C:\code\show\Scrap_Steel_In_Field\photos\dangerous_det\detection_20260623_170606.jpg
2026-06-23 17:06:07 [INFO] 保存的检测结果文件大小: 2281999 字节
2026-06-23 17:06:07 [INFO] 引擎上下文已释放
2026-06-23 17:06:07 [INFO] TensorRT 引擎已释放
2026-06-23 17:06:07 [INFO] 全局 CUDA 资源已释放
2026-06-23 17:06:07 [INFO] 检测系统资源已释放
2026-06-23 17:06:12 [INFO] CUDA 初始化成功
2026-06-23 17:06:12 [INFO] 引擎加载成功: dangerous.engine
2026-06-23 17:06:12 [INFO] 检测系统初始化成功
2026-06-23 17:06:12 [INFO] 图像预处理完成，原始尺寸: (2160, 3840)
2026-06-23 17:06:12 [INFO] 开始执行目标检测...
2026-06-23 17:06:12 [INFO] 检测完成，找到 5 个物体
2026-06-23 17:06:12 [INFO] 物体 1: GasCyl1 (置信度: 0.90)
2026-06-23 17:06:12 [INFO] 物体 2: GasCyl1 (置信度: 0.66)
2026-06-23 17:06:12 [INFO] 物体 3: FireExt1 (置信度: 0.55)
2026-06-23 17:06:12 [INFO] 物体 4: FireExt1 (置信度: 0.49)
2026-06-23 17:06:12 [INFO] 物体 5: FireExt1 (置信度: 0.39)
2026-06-23 17:06:12 [INFO] 检测到车兜区域，将过滤区域外的目标
2026-06-23 17:06:12 [INFO] 车兜区域过滤: 5 -> 3 个目标
2026-06-23 17:06:12 [INFO] 准备保存检测结果到: C:\code\show\Scrap_Steel_In_Field\photos\dangerous_det\detection_20260623_170612.jpg
2026-06-23 17:06:12 [INFO] 图像形状: (2160, 3840, 3)
2026-06-23 17:06:12 [INFO] 图像数据类型: uint8
2026-06-23 17:06:12 [INFO] 图像最大值: 255
2026-06-23 17:06:12 [INFO] 图像最小值: 0
2026-06-23 17:06:12 [INFO] 开始保存检测结果图像: 图像尺寸=(2160, 3840, 3), 类型=uint8, 路径=C:\code\show\Scrap_Steel_In_Field\photos\dangerous_det\detection_20260623_170612.jpg
2026-06-23 17:06:12 [INFO] 成功保存检测结果到: C:\code\show\Scrap_Steel_In_Field\photos\dangerous_det\detection_20260623_170612.jpg
2026-06-23 17:06:12 [INFO] 保存的检测结果文件大小: 2277339 字节
2026-06-23 17:06:12 [INFO] 引擎上下文已释放
2026-06-23 17:06:12 [INFO] TensorRT 引擎已释放
2026-06-23 17:06:12 [INFO] 全局 CUDA 资源已释放
2026-06-23 17:06:12 [INFO] 检测系统资源已释放
2026-06-23 17:06:17 [INFO] CUDA 初始化成功
2026-06-23 17:06:17 [INFO] 引擎加载成功: dangerous.engine
2026-06-23 17:06:17 [INFO] 检测系统初始化成功
2026-06-23 17:06:18 [INFO] 图像预处理完成，原始尺寸: (2160, 3840)
2026-06-23 17:06:18 [INFO] 开始执行目标检测...
2026-06-23 17:06:18 [INFO] 检测完成，找到 5 个物体
2026-06-23 17:06:18 [INFO] 物体 1: GasCyl1 (置信度: 0.89)
2026-06-23 17:06:18 [INFO] 物体 2: GasCyl1 (置信度: 0.76)
2026-06-23 17:06:18 [INFO] 物体 3: FireExt1 (置信度: 0.57)
2026-06-23 17:06:18 [INFO] 物体 4: FireExt1 (置信度: 0.50)
2026-06-23 17:06:18 [INFO] 物体 5: FireExt1 (置信度: 0.42)
2026-06-23 17:06:18 [INFO] 检测到车兜区域，将过滤区域外的目标
2026-06-23 17:06:18 [INFO] 车兜区域过滤: 5 -> 3 个目标
2026-06-23 17:06:18 [INFO] 准备保存检测结果到: C:\code\show\Scrap_Steel_In_Field\photos\dangerous_det\detection_20260623_170618.jpg
2026-06-23 17:06:18 [INFO] 图像形状: (2160, 3840, 3)
2026-06-23 17:06:18 [INFO] 图像数据类型: uint8
2026-06-23 17:06:18 [INFO] 图像最大值: 255
2026-06-23 17:06:18 [INFO] 图像最小值: 0
2026-06-23 17:06:18 [INFO] 开始保存检测结果图像: 图像尺寸=(2160, 3840, 3), 类型=uint8, 路径=C:\code\show\Scrap_Steel_In_Field\photos\dangerous_det\detection_20260623_170618.jpg
2026-06-23 17:06:18 [INFO] 成功保存检测结果到: C:\code\show\Scrap_Steel_In_Field\photos\dangerous_det\detection_20260623_170618.jpg
2026-06-23 17:06:18 [INFO] 保存的检测结果文件大小: 2278342 字节
2026-06-23 17:06:18 [INFO] 引擎上下文已释放
2026-06-23 17:06:18 [INFO] TensorRT 引擎已释放
2026-06-23 17:06:18 [INFO] 全局 CUDA 资源已释放
2026-06-23 17:06:18 [INFO] 检测系统资源已释放
2026-06-23 17:06:22 [INFO] CUDA 初始化成功
2026-06-23 17:06:22 [INFO] 引擎加载成功: dangerous.engine
2026-06-23 17:06:22 [INFO] 检测系统初始化成功
2026-06-23 17:06:22 [INFO] 图像预处理完成，原始尺寸: (2160, 3840)
2026-06-23 17:06:22 [INFO] 开始执行目标检测...
2026-06-23 17:06:22 [INFO] 检测完成，找到 5 个物体
2026-06-23 17:06:22 [INFO] 物体 1: GasCyl1 (置信度: 0.90)
2026-06-23 17:06:22 [INFO] 物体 2: GasCyl1 (置信度: 0.70)
2026-06-23 17:06:22 [INFO] 物体 3: FireExt1 (置信度: 0.57)
2026-06-23 17:06:22 [INFO] 物体 4: FireExt1 (置信度: 0.49)
2026-06-23 17:06:22 [INFO] 物体 5: FireExt1 (置信度: 0.43)
2026-06-23 17:06:22 [INFO] 检测到车兜区域，将过滤区域外的目标
2026-06-23 17:06:22 [INFO] 车兜区域过滤: 5 -> 3 个目标
2026-06-23 17:06:23 [INFO] 准备保存检测结果到: C:\code\show\Scrap_Steel_In_Field\photos\dangerous_det\detection_20260623_170622.jpg
2026-06-23 17:06:23 [INFO] 图像形状: (2160, 3840, 3)
2026-06-23 17:06:23 [INFO] 图像数据类型: uint8
2026-06-23 17:06:23 [INFO] 图像最大值: 255
2026-06-23 17:06:23 [INFO] 图像最小值: 0
2026-06-23 17:06:23 [INFO] 开始保存检测结果图像: 图像尺寸=(2160, 3840, 3), 类型=uint8, 路径=C:\code\show\Scrap_Steel_In_Field\photos\dangerous_det\detection_20260623_170622.jpg
2026-06-23 17:06:23 [INFO] 成功保存检测结果到: C:\code\show\Scrap_Steel_In_Field\photos\dangerous_det\detection_20260623_170622.jpg
2026-06-23 17:06:23 [INFO] 保存的检测结果文件大小: 2278157 字节
2026-06-23 17:06:23 [INFO] 引擎上下文已释放
2026-06-23 17:06:23 [INFO] TensorRT 引擎已释放
2026-06-23 17:06:23 [INFO] 全局 CUDA 资源已释放
2026-06-23 17:06:23 [INFO] 检测系统资源已释放
2026-06-23 17:06:28 [INFO] CUDA 初始化成功
2026-06-23 17:06:28 [INFO] 引擎加载成功: dangerous.engine
2026-06-23 17:06:28 [INFO] 检测系统初始化成功
2026-06-23 17:06:28 [INFO] 图像预处理完成，原始尺寸: (2160, 3840)
2026-06-23 17:06:28 [INFO] 开始执行目标检测...
2026-06-23 17:06:28 [INFO] 检测完成，找到 5 个物体
2026-06-23 17:06:28 [INFO] 物体 1: GasCyl1 (置信度: 0.89)
2026-06-23 17:06:28 [INFO] 物体 2: GasCyl1 (置信度: 0.72)
2026-06-23 17:06:28 [INFO] 物体 3: FireExt1 (置信度: 0.56)
2026-06-23 17:06:28 [INFO] 物体 4: FireExt1 (置信度: 0.50)
2026-06-23 17:06:28 [INFO] 物体 5: FireExt1 (置信度: 0.40)
2026-06-23 17:06:28 [INFO] 检测到车兜区域，将过滤区域外的目标
2026-06-23 17:06:28 [INFO] 车兜区域过滤: 5 -> 3 个目标
2026-06-23 17:06:28 [INFO] 准备保存检测结果到: C:\code\show\Scrap_Steel_In_Field\photos\dangerous_det\detection_20260623_170628.jpg
2026-06-23 17:06:28 [INFO] 图像形状: (2160, 3840, 3)
2026-06-23 17:06:28 [INFO] 图像数据类型: uint8
2026-06-23 17:06:28 [INFO] 图像最大值: 255
2026-06-23 17:06:28 [INFO] 图像最小值: 0
2026-06-23 17:06:28 [INFO] 开始保存检测结果图像: 图像尺寸=(2160, 3840, 3), 类型=uint8, 路径=C:\code\show\Scrap_Steel_In_Field\photos\dangerous_det\detection_20260623_170628.jpg
2026-06-23 17:06:28 [INFO] 成功保存检测结果到: C:\code\show\Scrap_Steel_In_Field\photos\dangerous_det\detection_20260623_170628.jpg
2026-06-23 17:06:28 [INFO] 保存的检测结果文件大小: 2278619 字节
2026-06-23 17:06:28 [INFO] 引擎上下文已释放
2026-06-23 17:06:28 [INFO] TensorRT 引擎已释放
2026-06-23 17:06:28 [INFO] 全局 CUDA 资源已释放
2026-06-23 17:06:28 [INFO] 检测系统资源已释放
2026-06-23 17:06:33 [INFO] CUDA 初始化成功
2026-06-23 17:06:33 [INFO] 引擎加载成功: dangerous.engine
2026-06-23 17:06:33 [INFO] 检测系统初始化成功
2026-06-23 17:06:33 [INFO] 图像预处理完成，原始尺寸: (2160, 3840)
2026-06-23 17:06:33 [INFO] 开始执行目标检测...
2026-06-23 17:06:33 [INFO] 检测完成，找到 5 个物体
2026-06-23 17:06:33 [INFO] 物体 1: GasCyl1 (置信度: 0.90)
2026-06-23 17:06:33 [INFO] 物体 2: GasCyl1 (置信度: 0.67)
2026-06-23 17:06:33 [INFO] 物体 3: FireExt1 (置信度: 0.56)
2026-06-23 17:06:33 [INFO] 物体 4: FireExt1 (置信度: 0.49)
2026-06-23 17:06:33 [INFO] 物体 5: FireExt1 (置信度: 0.40)
2026-06-23 17:06:33 [INFO] 检测到车兜区域，将过滤区域外的目标
2026-06-23 17:06:33 [INFO] 车兜区域过滤: 5 -> 3 个目标
2026-06-23 17:06:33 [INFO] 准备保存检测结果到: C:\code\show\Scrap_Steel_In_Field\photos\dangerous_det\detection_20260623_170633.jpg
2026-06-23 17:06:33 [INFO] 图像形状: (2160, 3840, 3)
2026-06-23 17:06:33 [INFO] 图像数据类型: uint8
2026-06-23 17:06:33 [INFO] 图像最大值: 255
2026-06-23 17:06:33 [INFO] 图像最小值: 0
2026-06-23 17:06:33 [INFO] 开始保存检测结果图像: 图像尺寸=(2160, 3840, 3), 类型=uint8, 路径=C:\code\show\Scrap_Steel_In_Field\photos\dangerous_det\detection_20260623_170633.jpg
2026-06-23 17:06:33 [INFO] 成功保存检测结果到: C:\code\show\Scrap_Steel_In_Field\photos\dangerous_det\detection_20260623_170633.jpg
2026-06-23 17:06:33 [INFO] 保存的检测结果文件大小: 2279299 字节
2026-06-23 17:06:33 [INFO] 引擎上下文已释放
2026-06-23 17:06:33 [INFO] TensorRT 引擎已释放
2026-06-23 17:06:33 [INFO] 全局 CUDA 资源已释放
2026-06-23 17:06:33 [INFO] 检测系统资源已释放
2026-06-23 17:06:38 [INFO] CUDA 初始化成功
2026-06-23 17:06:38 [INFO] 引擎加载成功: dangerous.engine
2026-06-23 17:06:38 [INFO] 检测系统初始化成功
2026-06-23 17:06:38 [INFO] 图像预处理完成，原始尺寸: (2160, 3840)
2026-06-23 17:06:38 [INFO] 开始执行目标检测...
2026-06-23 17:06:38 [INFO] 检测完成，找到 5 个物体
2026-06-23 17:06:38 [INFO] 物体 1: GasCyl1 (置信度: 0.90)
2026-06-23 17:06:38 [INFO] 物体 2: GasCyl1 (置信度: 0.68)
2026-06-23 17:06:38 [INFO] 物体 3: FireExt1 (置信度: 0.55)
2026-06-23 17:06:38 [INFO] 物体 4: FireExt1 (置信度: 0.49)
2026-06-23 17:06:38 [INFO] 物体 5: FireExt1 (置信度: 0.43)
2026-06-23 17:06:38 [INFO] 检测到车兜区域，将过滤区域外的目标
2026-06-23 17:06:38 [INFO] 车兜区域过滤: 5 -> 3 个目标
2026-06-23 17:06:38 [INFO] 准备保存检测结果到: C:\code\show\Scrap_Steel_In_Field\photos\dangerous_det\detection_20260623_170638.jpg
2026-06-23 17:06:38 [INFO] 图像形状: (2160, 3840, 3)
2026-06-23 17:06:38 [INFO] 图像数据类型: uint8
2026-06-23 17:06:38 [INFO] 图像最大值: 255
2026-06-23 17:06:38 [INFO] 图像最小值: 0
2026-06-23 17:06:38 [INFO] 开始保存检测结果图像: 图像尺寸=(2160, 3840, 3), 类型=uint8, 路径=C:\code\show\Scrap_Steel_In_Field\photos\dangerous_det\detection_20260623_170638.jpg
2026-06-23 17:06:38 [INFO] 成功保存检测结果到: C:\code\show\Scrap_Steel_In_Field\photos\dangerous_det\detection_20260623_170638.jpg
2026-06-23 17:06:38 [INFO] 保存的检测结果文件大小: 2276689 字节
2026-06-23 17:06:38 [INFO] 引擎上下文已释放
2026-06-23 17:06:38 [INFO] TensorRT 引擎已释放
2026-06-23 17:06:38 [INFO] 全局 CUDA 资源已释放
2026-06-23 17:06:38 [INFO] 检测系统资源已释放
2026-06-23 17:06:43 [INFO] CUDA 初始化成功
2026-06-23 17:06:43 [INFO] 引擎加载成功: dangerous.engine
2026-06-23 17:06:43 [INFO] 检测系统初始化成功
2026-06-23 17:06:43 [INFO] 图像预处理完成，原始尺寸: (2160, 3840)
2026-06-23 17:06:43 [INFO] 开始执行目标检测...
2026-06-23 17:06:44 [INFO] 检测完成，找到 5 个物体
2026-06-23 17:06:44 [INFO] 物体 1: GasCyl1 (置信度: 0.89)
2026-06-23 17:06:44 [INFO] 物体 2: GasCyl1 (置信度: 0.73)
2026-06-23 17:06:44 [INFO] 物体 3: FireExt1 (置信度: 0.56)
2026-06-23 17:06:44 [INFO] 物体 4: FireExt1 (置信度: 0.47)
2026-06-23 17:06:44 [INFO] 物体 5: FireExt1 (置信度: 0.44)
2026-06-23 17:06:44 [INFO] 检测到车兜区域，将过滤区域外的目标
2026-06-23 17:06:44 [INFO] 车兜区域过滤: 5 -> 3 个目标
2026-06-23 17:06:44 [INFO] 准备保存检测结果到: C:\code\show\Scrap_Steel_In_Field\photos\dangerous_det\detection_20260623_170644.jpg
2026-06-23 17:06:44 [INFO] 图像形状: (2160, 3840, 3)
2026-06-23 17:06:44 [INFO] 图像数据类型: uint8
2026-06-23 17:06:44 [INFO] 图像最大值: 255
2026-06-23 17:06:44 [INFO] 图像最小值: 0
2026-06-23 17:06:44 [INFO] 开始保存检测结果图像: 图像尺寸=(2160, 3840, 3), 类型=uint8, 路径=C:\code\show\Scrap_Steel_In_Field\photos\dangerous_det\detection_20260623_170644.jpg
2026-06-23 17:06:44 [INFO] 成功保存检测结果到: C:\code\show\Scrap_Steel_In_Field\photos\dangerous_det\detection_20260623_170644.jpg
2026-06-23 17:06:44 [INFO] 保存的检测结果文件大小: 2276600 字节
2026-06-23 17:06:44 [INFO] 引擎上下文已释放
2026-06-23 17:06:44 [INFO] TensorRT 引擎已释放
2026-06-23 17:06:44 [INFO] 全局 CUDA 资源已释放
2026-06-23 17:06:44 [INFO] 检测系统资源已释放
2026-06-23 17:06:49 [INFO] CUDA 初始化成功
2026-06-23 17:06:49 [INFO] 引擎加载成功: dangerous.engine
2026-06-23 17:06:49 [INFO] 检测系统初始化成功
2026-06-23 17:06:49 [INFO] 图像预处理完成，原始尺寸: (2160, 3840)
2026-06-23 17:06:49 [INFO] 开始执行目标检测...
2026-06-23 17:06:49 [INFO] 检测完成，找到 5 个物体
2026-06-23 17:06:49 [INFO] 物体 1: GasCyl1 (置信度: 0.89)
2026-06-23 17:06:49 [INFO] 物体 2: GasCyl1 (置信度: 0.70)
2026-06-23 17:06:49 [INFO] 物体 3: FireExt1 (置信度: 0.57)
2026-06-23 17:06:49 [INFO] 物体 4: FireExt1 (置信度: 0.49)
2026-06-23 17:06:49 [INFO] 物体 5: FireExt1 (置信度: 0.38)
2026-06-23 17:06:49 [INFO] 检测到车兜区域，将过滤区域外的目标
2026-06-23 17:06:49 [INFO] 车兜区域过滤: 5 -> 3 个目标
2026-06-23 17:06:49 [INFO] 准备保存检测结果到: C:\code\show\Scrap_Steel_In_Field\photos\dangerous_det\detection_20260623_170649.jpg
2026-06-23 17:06:49 [INFO] 图像形状: (2160, 3840, 3)
2026-06-23 17:06:49 [INFO] 图像数据类型: uint8
2026-06-23 17:06:49 [INFO] 图像最大值: 255
2026-06-23 17:06:49 [INFO] 图像最小值: 0
2026-06-23 17:06:49 [INFO] 开始保存检测结果图像: 图像尺寸=(2160, 3840, 3), 类型=uint8, 路径=C:\code\show\Scrap_Steel_In_Field\photos\dangerous_det\detection_20260623_170649.jpg
2026-06-23 17:06:49 [INFO] 成功保存检测结果到: C:\code\show\Scrap_Steel_In_Field\photos\dangerous_det\detection_20260623_170649.jpg
2026-06-23 17:06:49 [INFO] 保存的检测结果文件大小: 2277318 字节
2026-06-23 17:06:49 [INFO] 引擎上下文已释放
2026-06-23 17:06:49 [INFO] TensorRT 引擎已释放
2026-06-23 17:06:49 [INFO] 全局 CUDA 资源已释放
2026-06-23 17:06:49 [INFO] 检测系统资源已释放
2026-06-23 17:06:54 [INFO] CUDA 初始化成功
2026-06-23 17:06:54 [INFO] 引擎加载成功: dangerous.engine
2026-06-23 17:06:54 [INFO] 检测系统初始化成功
2026-06-23 17:06:54 [INFO] 图像预处理完成，原始尺寸: (2160, 3840)
2026-06-23 17:06:54 [INFO] 开始执行目标检测...
2026-06-23 17:06:54 [INFO] 检测完成，找到 5 个物体
2026-06-23 17:06:54 [INFO] 物体 1: GasCyl1 (置信度: 0.89)
2026-06-23 17:06:54 [INFO] 物体 2: GasCyl1 (置信度: 0.75)
2026-06-23 17:06:54 [INFO] 物体 3: FireExt1 (置信度: 0.56)
2026-06-23 17:06:54 [INFO] 物体 4: FireExt1 (置信度: 0.47)
2026-06-23 17:06:54 [INFO] 物体 5: FireExt1 (置信度: 0.43)
2026-06-23 17:06:54 [INFO] 检测到车兜区域，将过滤区域外的目标
2026-06-23 17:06:54 [INFO] 车兜区域过滤: 5 -> 3 个目标
2026-06-23 17:06:54 [INFO] 准备保存检测结果到: C:\code\show\Scrap_Steel_In_Field\photos\dangerous_det\detection_20260623_170654.jpg
2026-06-23 17:06:54 [INFO] 图像形状: (2160, 3840, 3)
2026-06-23 17:06:54 [INFO] 图像数据类型: uint8
2026-06-23 17:06:54 [INFO] 图像最大值: 255
2026-06-23 17:06:54 [INFO] 图像最小值: 0
2026-06-23 17:06:54 [INFO] 开始保存检测结果图像: 图像尺寸=(2160, 3840, 3), 类型=uint8, 路径=C:\code\show\Scrap_Steel_In_Field\photos\dangerous_det\detection_20260623_170654.jpg
2026-06-23 17:06:54 [INFO] 成功保存检测结果到: C:\code\show\Scrap_Steel_In_Field\photos\dangerous_det\detection_20260623_170654.jpg
2026-06-23 17:06:54 [INFO] 保存的检测结果文件大小: 2277198 字节
2026-06-23 17:06:54 [INFO] 引擎上下文已释放
2026-06-23 17:06:54 [INFO] TensorRT 引擎已释放
2026-06-23 17:06:54 [INFO] 全局 CUDA 资源已释放
2026-06-23 17:06:54 [INFO] 检测系统资源已释放
2026-06-23 17:06:59 [INFO] CUDA 初始化成功
2026-06-23 17:06:59 [INFO] 引擎加载成功: dangerous.engine
2026-06-23 17:06:59 [INFO] 检测系统初始化成功
2026-06-23 17:06:59 [INFO] 图像预处理完成，原始尺寸: (2160, 3840)
2026-06-23 17:06:59 [INFO] 开始执行目标检测...
2026-06-23 17:07:00 [INFO] 检测完成，找到 5 个物体
2026-06-23 17:07:00 [INFO] 物体 1: GasCyl1 (置信度: 0.90)
2026-06-23 17:07:00 [INFO] 物体 2: GasCyl1 (置信度: 0.72)
2026-06-23 17:07:00 [INFO] 物体 3: FireExt1 (置信度: 0.55)
2026-06-23 17:07:00 [INFO] 物体 4: FireExt1 (置信度: 0.48)
2026-06-23 17:07:00 [INFO] 物体 5: FireExt1 (置信度: 0.40)
2026-06-23 17:07:00 [INFO] 检测到车兜区域，将过滤区域外的目标
2026-06-23 17:07:00 [INFO] 车兜区域过滤: 5 -> 3 个目标
2026-06-23 17:07:00 [INFO] 准备保存检测结果到: C:\code\show\Scrap_Steel_In_Field\photos\dangerous_det\detection_20260623_170700.jpg
2026-06-23 17:07:00 [INFO] 图像形状: (2160, 3840, 3)
2026-06-23 17:07:00 [INFO] 图像数据类型: uint8
2026-06-23 17:07:00 [INFO] 图像最大值: 255
2026-06-23 17:07:00 [INFO] 图像最小值: 0
2026-06-23 17:07:00 [INFO] 开始保存检测结果图像: 图像尺寸=(2160, 3840, 3), 类型=uint8, 路径=C:\code\show\Scrap_Steel_In_Field\photos\dangerous_det\detection_20260623_170700.jpg
2026-06-23 17:07:00 [INFO] 成功保存检测结果到: C:\code\show\Scrap_Steel_In_Field\photos\dangerous_det\detection_20260623_170700.jpg
2026-06-23 17:07:00 [INFO] 保存的检测结果文件大小: 2278884 字节
2026-06-23 17:07:00 [INFO] 引擎上下文已释放
2026-06-23 17:07:00 [INFO] TensorRT 引擎已释放
2026-06-23 17:07:00 [INFO] 全局 CUDA 资源已释放
2026-06-23 17:07:00 [INFO] 检测系统资源已释放
2026-06-23 17:07:05 [INFO] CUDA 初始化成功
2026-06-23 17:07:05 [INFO] 引擎加载成功: dangerous.engine
2026-06-23 17:07:05 [INFO] 检测系统初始化成功
2026-06-23 17:07:05 [INFO] 图像预处理完成，原始尺寸: (2160, 3840)
2026-06-23 17:07:05 [INFO] 开始执行目标检测...
2026-06-23 17:07:05 [INFO] 检测完成，找到 5 个物体
2026-06-23 17:07:05 [INFO] 物体 1: GasCyl1 (置信度: 0.90)
2026-06-23 17:07:05 [INFO] 物体 2: GasCyl1 (置信度: 0.64)
2026-06-23 17:07:05 [INFO] 物体 3: FireExt1 (置信度: 0.56)
2026-06-23 17:07:05 [INFO] 物体 4: GasCyl1 (置信度: 0.51)
2026-06-23 17:07:05 [INFO] 物体 5: FireExt1 (置信度: 0.41)
2026-06-23 17:07:05 [INFO] 检测到车兜区域，将过滤区域外的目标
2026-06-23 17:07:05 [INFO] 车兜区域过滤: 5 -> 3 个目标
2026-06-23 17:07:05 [INFO] 准备保存检测结果到: C:\code\show\Scrap_Steel_In_Field\photos\dangerous_det\detection_20260623_170705.jpg
2026-06-23 17:07:05 [INFO] 图像形状: (2160, 3840, 3)
2026-06-23 17:07:05 [INFO] 图像数据类型: uint8
2026-06-23 17:07:05 [INFO] 图像最大值: 255
2026-06-23 17:07:05 [INFO] 图像最小值: 0
2026-06-23 17:07:05 [INFO] 开始保存检测结果图像: 图像尺寸=(2160, 3840, 3), 类型=uint8, 路径=C:\code\show\Scrap_Steel_In_Field\photos\dangerous_det\detection_20260623_170705.jpg
2026-06-23 17:07:05 [INFO] 成功保存检测结果到: C:\code\show\Scrap_Steel_In_Field\photos\dangerous_det\detection_20260623_170705.jpg
2026-06-23 17:07:05 [INFO] 保存的检测结果文件大小: 2281014 字节
2026-06-23 17:07:05 [INFO] 引擎上下文已释放
2026-06-23 17:07:05 [INFO] TensorRT 引擎已释放
2026-06-23 17:07:05 [INFO] 全局 CUDA 资源已释放
2026-06-23 17:07:05 [INFO] 检测系统资源已释放
2026-06-23 17:07:10 [INFO] CUDA 初始化成功
2026-06-23 17:07:10 [INFO] 引擎加载成功: dangerous.engine
2026-06-23 17:07:10 [INFO] 检测系统初始化成功
2026-06-23 17:07:10 [INFO] 图像预处理完成，原始尺寸: (2160, 3840)
2026-06-23 17:07:10 [INFO] 开始执行目标检测...
2026-06-23 17:07:10 [INFO] 检测完成，找到 5 个物体
2026-06-23 17:07:10 [INFO] 物体 1: GasCyl1 (置信度: 0.90)
2026-06-23 17:07:10 [INFO] 物体 2: GasCyl1 (置信度: 0.65)
2026-06-23 17:07:10 [INFO] 物体 3: FireExt1 (置信度: 0.57)
2026-06-23 17:07:10 [INFO] 物体 4: FireExt1 (置信度: 0.46)
2026-06-23 17:07:10 [INFO] 物体 5: FireExt1 (置信度: 0.40)
2026-06-23 17:07:10 [INFO] 检测到车兜区域，将过滤区域外的目标
2026-06-23 17:07:10 [INFO] 车兜区域过滤: 5 -> 3 个目标
2026-06-23 17:07:10 [INFO] 准备保存检测结果到: C:\code\show\Scrap_Steel_In_Field\photos\dangerous_det\detection_20260623_170710.jpg
2026-06-23 17:07:10 [INFO] 图像形状: (2160, 3840, 3)
2026-06-23 17:07:10 [INFO] 图像数据类型: uint8
2026-06-23 17:07:10 [INFO] 图像最大值: 255
2026-06-23 17:07:10 [INFO] 图像最小值: 0
2026-06-23 17:07:10 [INFO] 开始保存检测结果图像: 图像尺寸=(2160, 3840, 3), 类型=uint8, 路径=C:\code\show\Scrap_Steel_In_Field\photos\dangerous_det\detection_20260623_170710.jpg
2026-06-23 17:07:10 [INFO] 成功保存检测结果到: C:\code\show\Scrap_Steel_In_Field\photos\dangerous_det\detection_20260623_170710.jpg
2026-06-23 17:07:10 [INFO] 保存的检测结果文件大小: 2277109 字节
2026-06-23 17:07:10 [INFO] 引擎上下文已释放
2026-06-23 17:07:10 [INFO] TensorRT 引擎已释放
2026-06-23 17:07:10 [INFO] 全局 CUDA 资源已释放
2026-06-23 17:07:10 [INFO] 检测系统资源已释放
2026-06-23 17:07:15 [INFO] CUDA 初始化成功
2026-06-23 17:07:15 [INFO] 引擎加载成功: dangerous.engine
2026-06-23 17:07:15 [INFO] 检测系统初始化成功
2026-06-23 17:07:15 [INFO] 图像预处理完成，原始尺寸: (2160, 3840)
2026-06-23 17:07:15 [INFO] 开始执行目标检测...
2026-06-23 17:07:15 [INFO] 检测完成，找到 5 个物体
2026-06-23 17:07:15 [INFO] 物体 1: GasCyl1 (置信度: 0.90)
2026-06-23 17:07:15 [INFO] 物体 2: GasCyl1 (置信度: 0.72)
2026-06-23 17:07:15 [INFO] 物体 3: FireExt1 (置信度: 0.54)
2026-06-23 17:07:15 [INFO] 物体 4: FireExt1 (置信度: 0.50)
2026-06-23 17:07:15 [INFO] 物体 5: FireExt1 (置信度: 0.43)
2026-06-23 17:07:15 [INFO] 检测到车兜区域，将过滤区域外的目标
2026-06-23 17:07:15 [INFO] 车兜区域过滤: 5 -> 3 个目标
2026-06-23 17:07:15 [INFO] 准备保存检测结果到: C:\code\show\Scrap_Steel_In_Field\photos\dangerous_det\detection_20260623_170715.jpg
2026-06-23 17:07:15 [INFO] 图像形状: (2160, 3840, 3)
2026-06-23 17:07:15 [INFO] 图像数据类型: uint8
2026-06-23 17:07:15 [INFO] 图像最大值: 255
2026-06-23 17:07:15 [INFO] 图像最小值: 0
2026-06-23 17:07:15 [INFO] 开始保存检测结果图像: 图像尺寸=(2160, 3840, 3), 类型=uint8, 路径=C:\code\show\Scrap_Steel_In_Field\photos\dangerous_det\detection_20260623_170715.jpg
2026-06-23 17:07:15 [INFO] 成功保存检测结果到: C:\code\show\Scrap_Steel_In_Field\photos\dangerous_det\detection_20260623_170715.jpg
2026-06-23 17:07:15 [INFO] 保存的检测结果文件大小: 2276778 字节
2026-06-23 17:07:15 [INFO] 引擎上下文已释放
2026-06-23 17:07:15 [INFO] TensorRT 引擎已释放
2026-06-23 17:07:15 [INFO] 全局 CUDA 资源已释放
2026-06-23 17:07:15 [INFO] 检测系统资源已释放
2026-06-23 17:07:21 [INFO] CUDA 初始化成功
2026-06-23 17:07:21 [INFO] 引擎加载成功: dangerous.engine
2026-06-23 17:07:21 [INFO] 检测系统初始化成功
2026-06-23 17:07:21 [INFO] 图像预处理完成，原始尺寸: (2160, 3840)
2026-06-23 17:07:21 [INFO] 开始执行目标检测...
2026-06-23 17:07:21 [INFO] 检测完成，找到 5 个物体
2026-06-23 17:07:21 [INFO] 物体 1: GasCyl1 (置信度: 0.90)
2026-06-23 17:07:21 [INFO] 物体 2: GasCyl1 (置信度: 0.64)
2026-06-23 17:07:21 [INFO] 物体 3: FireExt1 (置信度: 0.57)
2026-06-23 17:07:21 [INFO] 物体 4: FireExt1 (置信度: 0.50)
2026-06-23 17:07:21 [INFO] 物体 5: FireExt1 (置信度: 0.43)
2026-06-23 17:07:21 [INFO] 检测到车兜区域，将过滤区域外的目标
2026-06-23 17:07:21 [INFO] 车兜区域过滤: 5 -> 3 个目标
2026-06-23 17:07:21 [INFO] 准备保存检测结果到: C:\code\show\Scrap_Steel_In_Field\photos\dangerous_det\detection_20260623_170721.jpg
2026-06-23 17:07:21 [INFO] 图像形状: (2160, 3840, 3)
2026-06-23 17:07:21 [INFO] 图像数据类型: uint8
2026-06-23 17:07:21 [INFO] 图像最大值: 255
2026-06-23 17:07:21 [INFO] 图像最小值: 0
2026-06-23 17:07:21 [INFO] 开始保存检测结果图像: 图像尺寸=(2160, 3840, 3), 类型=uint8, 路径=C:\code\show\Scrap_Steel_In_Field\photos\dangerous_det\detection_20260623_170721.jpg
2026-06-23 17:07:21 [INFO] 成功保存检测结果到: C:\code\show\Scrap_Steel_In_Field\photos\dangerous_det\detection_20260623_170721.jpg
2026-06-23 17:07:21 [INFO] 保存的检测结果文件大小: 2277951 字节
2026-06-23 17:07:21 [INFO] 引擎上下文已释放
2026-06-23 17:07:21 [INFO] TensorRT 引擎已释放
2026-06-23 17:07:21 [INFO] 全局 CUDA 资源已释放
2026-06-23 17:07:21 [INFO] 检测系统资源已释放
2026-06-23 17:07:26 [INFO] CUDA 初始化成功
2026-06-23 17:07:26 [INFO] 引擎加载成功: dangerous.engine
2026-06-23 17:07:26 [INFO] 检测系统初始化成功
2026-06-23 17:07:26 [INFO] 图像预处理完成，原始尺寸: (2160, 3840)
2026-06-23 17:07:26 [INFO] 开始执行目标检测...
2026-06-23 17:07:26 [INFO] 检测完成，找到 5 个物体
2026-06-23 17:07:26 [INFO] 物体 1: GasCyl1 (置信度: 0.89)
2026-06-23 17:07:26 [INFO] 物体 2: GasCyl1 (置信度: 0.73)
2026-06-23 17:07:26 [INFO] 物体 3: FireExt1 (置信度: 0.54)
2026-06-23 17:07:26 [INFO] 物体 4: FireExt1 (置信度: 0.48)
2026-06-23 17:07:26 [INFO] 物体 5: FireExt1 (置信度: 0.42)
2026-06-23 17:07:26 [INFO] 检测到车兜区域，将过滤区域外的目标
2026-06-23 17:07:26 [INFO] 车兜区域过滤: 5 -> 3 个目标
2026-06-23 17:07:26 [INFO] 准备保存检测结果到: C:\code\show\Scrap_Steel_In_Field\photos\dangerous_det\detection_20260623_170726.jpg
2026-06-23 17:07:26 [INFO] 图像形状: (2160, 3840, 3)
2026-06-23 17:07:26 [INFO] 图像数据类型: uint8
2026-06-23 17:07:26 [INFO] 图像最大值: 255
2026-06-23 17:07:26 [INFO] 图像最小值: 0
2026-06-23 17:07:26 [INFO] 开始保存检测结果图像: 图像尺寸=(2160, 3840, 3), 类型=uint8, 路径=C:\code\show\Scrap_Steel_In_Field\photos\dangerous_det\detection_20260623_170726.jpg
2026-06-23 17:07:26 [INFO] 成功保存检测结果到: C:\code\show\Scrap_Steel_In_Field\photos\dangerous_det\detection_20260623_170726.jpg
2026-06-23 17:07:26 [INFO] 保存的检测结果文件大小: 2277585 字节
2026-06-23 17:07:26 [INFO] 引擎上下文已释放
2026-06-23 17:07:26 [INFO] TensorRT 引擎已释放
2026-06-23 17:07:26 [INFO] 全局 CUDA 资源已释放
2026-06-23 17:07:26 [INFO] 检测系统资源已释放
2026-06-23 17:07:31 [INFO] CUDA 初始化成功
2026-06-23 17:07:31 [INFO] 引擎加载成功: dangerous.engine
2026-06-23 17:07:31 [INFO] 检测系统初始化成功
2026-06-23 17:07:31 [INFO] 图像预处理完成，原始尺寸: (2160, 3840)
2026-06-23 17:07:31 [INFO] 开始执行目标检测...
2026-06-23 17:07:31 [INFO] 检测完成，找到 5 个物体
2026-06-23 17:07:31 [INFO] 物体 1: GasCyl1 (置信度: 0.90)
2026-06-23 17:07:31 [INFO] 物体 2: GasCyl1 (置信度: 0.59)
2026-06-23 17:07:31 [INFO] 物体 3: FireExt1 (置信度: 0.55)
2026-06-23 17:07:31 [INFO] 物体 4: FireExt1 (置信度: 0.48)
2026-06-23 17:07:31 [INFO] 物体 5: FireExt1 (置信度: 0.42)
2026-06-23 17:07:31 [INFO] 检测到车兜区域，将过滤区域外的目标
2026-06-23 17:07:31 [INFO] 车兜区域过滤: 5 -> 3 个目标
2026-06-23 17:07:31 [INFO] 准备保存检测结果到: C:\code\show\Scrap_Steel_In_Field\photos\dangerous_det\detection_20260623_170731.jpg
2026-06-23 17:07:31 [INFO] 图像形状: (2160, 3840, 3)
2026-06-23 17:07:31 [INFO] 图像数据类型: uint8
2026-06-23 17:07:31 [INFO] 图像最大值: 255
2026-06-23 17:07:31 [INFO] 图像最小值: 0
2026-06-23 17:07:31 [INFO] 开始保存检测结果图像: 图像尺寸=(2160, 3840, 3), 类型=uint8, 路径=C:\code\show\Scrap_Steel_In_Field\photos\dangerous_det\detection_20260623_170731.jpg
2026-06-23 17:07:31 [INFO] 成功保存检测结果到: C:\code\show\Scrap_Steel_In_Field\photos\dangerous_det\detection_20260623_170731.jpg
2026-06-23 17:07:31 [INFO] 保存的检测结果文件大小: 2278453 字节
2026-06-23 17:07:31 [INFO] 引擎上下文已释放
2026-06-23 17:07:31 [INFO] TensorRT 引擎已释放
2026-06-23 17:07:31 [INFO] 全局 CUDA 资源已释放
2026-06-23 17:07:31 [INFO] 检测系统资源已释放
2026-06-23 17:07:36 [INFO] CUDA 初始化成功
2026-06-23 17:07:36 [INFO] 引擎加载成功: dangerous.engine
2026-06-23 17:07:36 [INFO] 检测系统初始化成功
2026-06-23 17:07:36 [INFO] 图像预处理完成，原始尺寸: (2160, 3840)
2026-06-23 17:07:36 [INFO] 开始执行目标检测...
2026-06-23 17:07:37 [INFO] 检测完成，找到 5 个物体
2026-06-23 17:07:37 [INFO] 物体 1: GasCyl1 (置信度: 0.90)
2026-06-23 17:07:37 [INFO] 物体 2: GasCyl1 (置信度: 0.71)
2026-06-23 17:07:37 [INFO] 物体 3: FireExt1 (置信度: 0.54)
2026-06-23 17:07:37 [INFO] 物体 4: FireExt1 (置信度: 0.50)
2026-06-23 17:07:37 [INFO] 物体 5: FireExt1 (置信度: 0.43)
2026-06-23 17:07:37 [INFO] 检测到车兜区域，将过滤区域外的目标
2026-06-23 17:07:37 [INFO] 车兜区域过滤: 5 -> 3 个目标
2026-06-23 17:07:37 [INFO] 准备保存检测结果到: C:\code\show\Scrap_Steel_In_Field\photos\dangerous_det\detection_20260623_170737.jpg
2026-06-23 17:07:37 [INFO] 图像形状: (2160, 3840, 3)
2026-06-23 17:07:37 [INFO] 图像数据类型: uint8
2026-06-23 17:07:37 [INFO] 图像最大值: 255
2026-06-23 17:07:37 [INFO] 图像最小值: 0
2026-06-23 17:07:37 [INFO] 开始保存检测结果图像: 图像尺寸=(2160, 3840, 3), 类型=uint8, 路径=C:\code\show\Scrap_Steel_In_Field\photos\dangerous_det\detection_20260623_170737.jpg
2026-06-23 17:07:37 [INFO] 成功保存检测结果到: C:\code\show\Scrap_Steel_In_Field\photos\dangerous_det\detection_20260623_170737.jpg
2026-06-23 17:07:37 [INFO] 保存的检测结果文件大小: 2275576 字节
2026-06-23 17:07:37 [INFO] 引擎上下文已释放
2026-06-23 17:07:37 [INFO] TensorRT 引擎已释放
2026-06-23 17:07:37 [INFO] 全局 CUDA 资源已释放
2026-06-23 17:07:37 [INFO] 检测系统资源已释放
2026-06-23 17:07:42 [INFO] CUDA 初始化成功
2026-06-23 17:07:42 [INFO] 引擎加载成功: dangerous.engine
2026-06-23 17:07:42 [INFO] 检测系统初始化成功
2026-06-23 17:07:42 [INFO] 图像预处理完成，原始尺寸: (2160, 3840)
2026-06-23 17:07:42 [INFO] 开始执行目标检测...
2026-06-23 17:07:42 [INFO] 检测完成，找到 5 个物体
2026-06-23 17:07:42 [INFO] 物体 1: GasCyl1 (置信度: 0.90)
2026-06-23 17:07:42 [INFO] 物体 2: GasCyl1 (置信度: 0.73)
2026-06-23 17:07:42 [INFO] 物体 3: FireExt1 (置信度: 0.55)
2026-06-23 17:07:42 [INFO] 物体 4: FireExt1 (置信度: 0.50)
2026-06-23 17:07:42 [INFO] 物体 5: FireExt1 (置信度: 0.38)
2026-06-23 17:07:42 [INFO] 检测到车兜区域，将过滤区域外的目标
2026-06-23 17:07:42 [INFO] 车兜区域过滤: 5 -> 3 个目标
2026-06-23 17:07:42 [INFO] 准备保存检测结果到: C:\code\show\Scrap_Steel_In_Field\photos\dangerous_det\detection_20260623_170742.jpg
2026-06-23 17:07:42 [INFO] 图像形状: (2160, 3840, 3)
2026-06-23 17:07:42 [INFO] 图像数据类型: uint8
2026-06-23 17:07:42 [INFO] 图像最大值: 255
2026-06-23 17:07:42 [INFO] 图像最小值: 0
2026-06-23 17:07:42 [INFO] 开始保存检测结果图像: 图像尺寸=(2160, 3840, 3), 类型=uint8, 路径=C:\code\show\Scrap_Steel_In_Field\photos\dangerous_det\detection_20260623_170742.jpg
2026-06-23 17:07:42 [INFO] 成功保存检测结果到: C:\code\show\Scrap_Steel_In_Field\photos\dangerous_det\detection_20260623_170742.jpg
2026-06-23 17:07:42 [INFO] 保存的检测结果文件大小: 2277721 字节
2026-06-23 17:07:42 [INFO] 引擎上下文已释放
2026-06-23 17:07:42 [INFO] TensorRT 引擎已释放
2026-06-23 17:07:42 [INFO] 全局 CUDA 资源已释放
2026-06-23 17:07:42 [INFO] 检测系统资源已释放
2026-06-23 17:07:47 [INFO] CUDA 初始化成功
2026-06-23 17:07:47 [INFO] 引擎加载成功: dangerous.engine
2026-06-23 17:07:47 [INFO] 检测系统初始化成功
2026-06-23 17:07:47 [INFO] 图像预处理完成，原始尺寸: (2160, 3840)
2026-06-23 17:07:47 [INFO] 开始执行目标检测...
2026-06-23 17:07:47 [INFO] 检测完成，找到 5 个物体
2026-06-23 17:07:47 [INFO] 物体 1: GasCyl1 (置信度: 0.90)
2026-06-23 17:07:47 [INFO] 物体 2: GasCyl1 (置信度: 0.78)
2026-06-23 17:07:47 [INFO] 物体 3: FireExt1 (置信度: 0.56)
2026-06-23 17:07:47 [INFO] 物体 4: FireExt1 (置信度: 0.48)
2026-06-23 17:07:47 [INFO] 物体 5: FireExt1 (置信度: 0.45)
2026-06-23 17:07:47 [INFO] 检测到车兜区域，将过滤区域外的目标
2026-06-23 17:07:47 [INFO] 车兜区域过滤: 5 -> 3 个目标
2026-06-23 17:07:47 [INFO] 准备保存检测结果到: C:\code\show\Scrap_Steel_In_Field\photos\dangerous_det\detection_20260623_170747.jpg
2026-06-23 17:07:47 [INFO] 图像形状: (2160, 3840, 3)
2026-06-23 17:07:47 [INFO] 图像数据类型: uint8
2026-06-23 17:07:47 [INFO] 图像最大值: 255
2026-06-23 17:07:47 [INFO] 图像最小值: 0
2026-06-23 17:07:47 [INFO] 开始保存检测结果图像: 图像尺寸=(2160, 3840, 3), 类型=uint8, 路径=C:\code\show\Scrap_Steel_In_Field\photos\dangerous_det\detection_20260623_170747.jpg
2026-06-23 17:07:47 [INFO] 成功保存检测结果到: C:\code\show\Scrap_Steel_In_Field\photos\dangerous_det\detection_20260623_170747.jpg
2026-06-23 17:07:47 [INFO] 保存的检测结果文件大小: 2278355 字节
2026-06-23 17:07:47 [INFO] 引擎上下文已释放
2026-06-23 17:07:47 [INFO] TensorRT 引擎已释放
2026-06-23 17:07:47 [INFO] 全局 CUDA 资源已释放
2026-06-23 17:07:47 [INFO] 检测系统资源已释放
2026-06-23 17:07:52 [INFO] CUDA 初始化成功
2026-06-23 17:07:52 [INFO] 引擎加载成功: dangerous.engine
2026-06-23 17:07:52 [INFO] 检测系统初始化成功
2026-06-23 17:07:52 [INFO] 图像预处理完成，原始尺寸: (2160, 3840)
2026-06-23 17:07:52 [INFO] 开始执行目标检测...
2026-06-23 17:07:52 [INFO] 检测完成，找到 5 个物体
2026-06-23 17:07:52 [INFO] 物体 1: GasCyl1 (置信度: 0.90)
2026-06-23 17:07:52 [INFO] 物体 2: GasCyl1 (置信度: 0.76)
2026-06-23 17:07:52 [INFO] 物体 3: FireExt1 (置信度: 0.58)
2026-06-23 17:07:52 [INFO] 物体 4: FireExt1 (置信度: 0.47)
2026-06-23 17:07:52 [INFO] 物体 5: FireExt1 (置信度: 0.40)
2026-06-23 17:07:53 [INFO] 检测到车兜区域，将过滤区域外的目标
2026-06-23 17:07:53 [INFO] 车兜区域过滤: 5 -> 3 个目标
2026-06-23 17:07:53 [INFO] 准备保存检测结果到: C:\code\show\Scrap_Steel_In_Field\photos\dangerous_det\detection_20260623_170753.jpg
2026-06-23 17:07:53 [INFO] 图像形状: (2160, 3840, 3)
2026-06-23 17:07:53 [INFO] 图像数据类型: uint8
2026-06-23 17:07:53 [INFO] 图像最大值: 255
2026-06-23 17:07:53 [INFO] 图像最小值: 0
2026-06-23 17:07:53 [INFO] 开始保存检测结果图像: 图像尺寸=(2160, 3840, 3), 类型=uint8, 路径=C:\code\show\Scrap_Steel_In_Field\photos\dangerous_det\detection_20260623_170753.jpg
2026-06-23 17:07:53 [INFO] 成功保存检测结果到: C:\code\show\Scrap_Steel_In_Field\photos\dangerous_det\detection_20260623_170753.jpg
2026-06-23 17:07:53 [INFO] 保存的检测结果文件大小: 2279838 字节
2026-06-23 17:07:53 [INFO] 引擎上下文已释放
2026-06-23 17:07:53 [INFO] TensorRT 引擎已释放
2026-06-23 17:07:53 [INFO] 全局 CUDA 资源已释放
2026-06-23 17:07:53 [INFO] 检测系统资源已释放
2026-06-23 17:07:58 [INFO] CUDA 初始化成功
2026-06-23 17:07:58 [INFO] 引擎加载成功: dangerous.engine
2026-06-23 17:07:58 [INFO] 检测系统初始化成功
2026-06-23 17:07:58 [INFO] 图像预处理完成，原始尺寸: (2160, 3840)
2026-06-23 17:07:58 [INFO] 开始执行目标检测...
2026-06-23 17:07:58 [INFO] 检测完成，找到 5 个物体
2026-06-23 17:07:58 [INFO] 物体 1: GasCyl1 (置信度: 0.90)
2026-06-23 17:07:58 [INFO] 物体 2: GasCyl1 (置信度: 0.74)
2026-06-23 17:07:58 [INFO] 物体 3: FireExt1 (置信度: 0.56)
2026-06-23 17:07:58 [INFO] 物体 4: FireExt1 (置信度: 0.48)
2026-06-23 17:07:58 [INFO] 物体 5: FireExt1 (置信度: 0.46)
2026-06-23 17:07:58 [INFO] 检测到车兜区域，将过滤区域外的目标
2026-06-23 17:07:58 [INFO] 车兜区域过滤: 5 -> 3 个目标
2026-06-23 17:07:58 [INFO] 准备保存检测结果到: C:\code\show\Scrap_Steel_In_Field\photos\dangerous_det\detection_20260623_170758.jpg
2026-06-23 17:07:58 [INFO] 图像形状: (2160, 3840, 3)
2026-06-23 17:07:58 [INFO] 图像数据类型: uint8
2026-06-23 17:07:58 [INFO] 图像最大值: 255
2026-06-23 17:07:58 [INFO] 图像最小值: 0
2026-06-23 17:07:58 [INFO] 开始保存检测结果图像: 图像尺寸=(2160, 3840, 3), 类型=uint8, 路径=C:\code\show\Scrap_Steel_In_Field\photos\dangerous_det\detection_20260623_170758.jpg
2026-06-23 17:07:58 [INFO] 成功保存检测结果到: C:\code\show\Scrap_Steel_In_Field\photos\dangerous_det\detection_20260623_170758.jpg
2026-06-23 17:07:58 [INFO] 保存的检测结果文件大小: 2279187 字节
2026-06-23 17:07:58 [INFO] 引擎上下文已释放
2026-06-23 17:07:58 [INFO] TensorRT 引擎已释放
2026-06-23 17:07:58 [INFO] 全局 CUDA 资源已释放
2026-06-23 17:07:58 [INFO] 检测系统资源已释放
2026-06-23 17:08:03 [INFO] CUDA 初始化成功
2026-06-23 17:08:03 [INFO] 引擎加载成功: dangerous.engine
2026-06-23 17:08:03 [INFO] 检测系统初始化成功
2026-06-23 17:08:03 [INFO] 图像预处理完成，原始尺寸: (2160, 3840)
2026-06-23 17:08:03 [INFO] 开始执行目标检测...
2026-06-23 17:08:04 [INFO] 检测完成，找到 5 个物体
2026-06-23 17:08:04 [INFO] 物体 1: GasCyl1 (置信度: 0.90)
2026-06-23 17:08:04 [INFO] 物体 2: GasCyl1 (置信度: 0.75)
2026-06-23 17:08:04 [INFO] 物体 3: FireExt1 (置信度: 0.57)
2026-06-23 17:08:04 [INFO] 物体 4: GasCyl1 (置信度: 0.53)
2026-06-23 17:08:04 [INFO] 物体 5: FireExt1 (置信度: 0.45)
2026-06-23 17:08:04 [INFO] 检测到车兜区域，将过滤区域外的目标
2026-06-23 17:08:04 [INFO] 车兜区域过滤: 5 -> 3 个目标
2026-06-23 17:08:04 [INFO] 准备保存检测结果到: C:\code\show\Scrap_Steel_In_Field\photos\dangerous_det\detection_20260623_170804.jpg
2026-06-23 17:08:04 [INFO] 图像形状: (2160, 3840, 3)
2026-06-23 17:08:04 [INFO] 图像数据类型: uint8
2026-06-23 17:08:04 [INFO] 图像最大值: 255
2026-06-23 17:08:04 [INFO] 图像最小值: 0
2026-06-23 17:08:04 [INFO] 开始保存检测结果图像: 图像尺寸=(2160, 3840, 3), 类型=uint8, 路径=C:\code\show\Scrap_Steel_In_Field\photos\dangerous_det\detection_20260623_170804.jpg
2026-06-23 17:08:04 [INFO] 成功保存检测结果到: C:\code\show\Scrap_Steel_In_Field\photos\dangerous_det\detection_20260623_170804.jpg
2026-06-23 17:08:04 [INFO] 保存的检测结果文件大小: 2278563 字节
2026-06-23 17:08:04 [INFO] 引擎上下文已释放
2026-06-23 17:08:04 [INFO] TensorRT 引擎已释放
2026-06-23 17:08:04 [INFO] 全局 CUDA 资源已释放
2026-06-23 17:08:04 [INFO] 检测系统资源已释放
2026-06-23 17:08:08 [INFO] CUDA 初始化成功
2026-06-23 17:08:08 [INFO] 引擎加载成功: dangerous.engine
2026-06-23 17:08:08 [INFO] 检测系统初始化成功
2026-06-23 17:08:08 [INFO] 图像预处理完成，原始尺寸: (2160, 3840)
2026-06-23 17:08:08 [INFO] 开始执行目标检测...
2026-06-23 17:08:08 [INFO] 检测完成，找到 5 个物体
2026-06-23 17:08:08 [INFO] 物体 1: GasCyl1 (置信度: 0.90)
2026-06-23 17:08:08 [INFO] 物体 2: GasCyl1 (置信度: 0.73)
2026-06-23 17:08:08 [INFO] 物体 3: FireExt1 (置信度: 0.57)
2026-06-23 17:08:08 [INFO] 物体 4: FireExt1 (置信度: 0.48)
2026-06-23 17:08:08 [INFO] 物体 5: FireExt1 (置信度: 0.40)
2026-06-23 17:08:08 [INFO] 检测到车兜区域，将过滤区域外的目标
2026-06-23 17:08:08 [INFO] 车兜区域过滤: 5 -> 3 个目标
2026-06-23 17:08:08 [INFO] 准备保存检测结果到: C:\code\show\Scrap_Steel_In_Field\photos\dangerous_det\detection_20260623_170808.jpg
2026-06-23 17:08:08 [INFO] 图像形状: (2160, 3840, 3)
2026-06-23 17:08:08 [INFO] 图像数据类型: uint8
2026-06-23 17:08:08 [INFO] 图像最大值: 255
2026-06-23 17:08:08 [INFO] 图像最小值: 0
2026-06-23 17:08:08 [INFO] 开始保存检测结果图像: 图像尺寸=(2160, 3840, 3), 类型=uint8, 路径=C:\code\show\Scrap_Steel_In_Field\photos\dangerous_det\detection_20260623_170808.jpg
2026-06-23 17:08:08 [INFO] 成功保存检测结果到: C:\code\show\Scrap_Steel_In_Field\photos\dangerous_det\detection_20260623_170808.jpg
2026-06-23 17:08:08 [INFO] 保存的检测结果文件大小: 2278459 字节
2026-06-23 17:08:08 [INFO] 引擎上下文已释放
2026-06-23 17:08:08 [INFO] TensorRT 引擎已释放
2026-06-23 17:08:08 [INFO] 全局 CUDA 资源已释放
2026-06-23 17:08:08 [INFO] 检测系统资源已释放
2026-06-23 17:08:13 [INFO] CUDA 初始化成功
2026-06-23 17:08:13 [INFO] 引擎加载成功: dangerous.engine
2026-06-23 17:08:13 [INFO] 检测系统初始化成功
2026-06-23 17:08:13 [INFO] 图像预处理完成，原始尺寸: (2160, 3840)
2026-06-23 17:08:13 [INFO] 开始执行目标检测...
2026-06-23 17:08:14 [INFO] 检测完成，找到 5 个物体
2026-06-23 17:08:14 [INFO] 物体 1: GasCyl1 (置信度: 0.89)
2026-06-23 17:08:14 [INFO] 物体 2: GasCyl1 (置信度: 0.71)
2026-06-23 17:08:14 [INFO] 物体 3: FireExt1 (置信度: 0.56)
2026-06-23 17:08:14 [INFO] 物体 4: FireExt1 (置信度: 0.48)
2026-06-23 17:08:14 [INFO] 物体 5: FireExt1 (置信度: 0.44)
2026-06-23 17:08:14 [INFO] 检测到车兜区域，将过滤区域外的目标
2026-06-23 17:08:14 [INFO] 车兜区域过滤: 5 -> 3 个目标
2026-06-23 17:08:14 [INFO] 准备保存检测结果到: C:\code\show\Scrap_Steel_In_Field\photos\dangerous_det\detection_20260623_170814.jpg
2026-06-23 17:08:14 [INFO] 图像形状: (2160, 3840, 3)
2026-06-23 17:08:14 [INFO] 图像数据类型: uint8
2026-06-23 17:08:14 [INFO] 图像最大值: 255
2026-06-23 17:08:14 [INFO] 图像最小值: 0
2026-06-23 17:08:14 [INFO] 开始保存检测结果图像: 图像尺寸=(2160, 3840, 3), 类型=uint8, 路径=C:\code\show\Scrap_Steel_In_Field\photos\dangerous_det\detection_20260623_170814.jpg
2026-06-23 17:08:14 [INFO] 成功保存检测结果到: C:\code\show\Scrap_Steel_In_Field\photos\dangerous_det\detection_20260623_170814.jpg
2026-06-23 17:08:14 [INFO] 保存的检测结果文件大小: 2279772 字节
2026-06-23 17:08:14 [INFO] 引擎上下文已释放
2026-06-23 17:08:14 [INFO] TensorRT 引擎已释放
2026-06-23 17:08:14 [INFO] 全局 CUDA 资源已释放
2026-06-23 17:08:14 [INFO] 检测系统资源已释放
2026-06-23 17:08:19 [INFO] CUDA 初始化成功
2026-06-23 17:08:19 [INFO] 引擎加载成功: dangerous.engine
2026-06-23 17:08:19 [INFO] 检测系统初始化成功
2026-06-23 17:08:19 [INFO] 图像预处理完成，原始尺寸: (2160, 3840)
2026-06-23 17:08:19 [INFO] 开始执行目标检测...
2026-06-23 17:08:19 [INFO] 检测完成，找到 5 个物体
2026-06-23 17:08:19 [INFO] 物体 1: GasCyl1 (置信度: 0.89)
2026-06-23 17:08:19 [INFO] 物体 2: GasCyl1 (置信度: 0.70)
2026-06-23 17:08:19 [INFO] 物体 3: FireExt1 (置信度: 0.58)
2026-06-23 17:08:19 [INFO] 物体 4: FireExt1 (置信度: 0.49)
2026-06-23 17:08:19 [INFO] 物体 5: FireExt1 (置信度: 0.42)
2026-06-23 17:08:19 [INFO] 检测到车兜区域，将过滤区域外的目标
2026-06-23 17:08:19 [INFO] 车兜区域过滤: 5 -> 3 个目标
2026-06-23 17:08:19 [INFO] 准备保存检测结果到: C:\code\show\Scrap_Steel_In_Field\photos\dangerous_det\detection_20260623_170819.jpg
2026-06-23 17:08:19 [INFO] 图像形状: (2160, 3840, 3)
2026-06-23 17:08:19 [INFO] 图像数据类型: uint8
2026-06-23 17:08:19 [INFO] 图像最大值: 255
2026-06-23 17:08:19 [INFO] 图像最小值: 0
2026-06-23 17:08:19 [INFO] 开始保存检测结果图像: 图像尺寸=(2160, 3840, 3), 类型=uint8, 路径=C:\code\show\Scrap_Steel_In_Field\photos\dangerous_det\detection_20260623_170819.jpg
2026-06-23 17:08:19 [INFO] 成功保存检测结果到: C:\code\show\Scrap_Steel_In_Field\photos\dangerous_det\detection_20260623_170819.jpg
2026-06-23 17:08:19 [INFO] 保存的检测结果文件大小: 2277812 字节
2026-06-23 17:08:19 [INFO] 引擎上下文已释放
2026-06-23 17:08:19 [INFO] TensorRT 引擎已释放
2026-06-23 17:08:19 [INFO] 全局 CUDA 资源已释放
2026-06-23 17:08:19 [INFO] 检测系统资源已释放
2026-06-23 17:08:24 [INFO] CUDA 初始化成功
2026-06-23 17:08:24 [INFO] 引擎加载成功: dangerous.engine
2026-06-23 17:08:24 [INFO] 检测系统初始化成功
2026-06-23 17:08:24 [INFO] 图像预处理完成，原始尺寸: (2160, 3840)
2026-06-23 17:08:24 [INFO] 开始执行目标检测...
2026-06-23 17:08:24 [INFO] 检测完成，找到 5 个物体
2026-06-23 17:08:24 [INFO] 物体 1: GasCyl1 (置信度: 0.90)
2026-06-23 17:08:24 [INFO] 物体 2: GasCyl1 (置信度: 0.66)
2026-06-23 17:08:24 [INFO] 物体 3: FireExt1 (置信度: 0.53)
2026-06-23 17:08:24 [INFO] 物体 4: FireExt1 (置信度: 0.50)
2026-06-23 17:08:24 [INFO] 物体 5: FireExt1 (置信度: 0.43)
2026-06-23 17:08:24 [INFO] 检测到车兜区域，将过滤区域外的目标
2026-06-23 17:08:24 [INFO] 车兜区域过滤: 5 -> 3 个目标
2026-06-23 17:08:24 [INFO] 准备保存检测结果到: C:\code\show\Scrap_Steel_In_Field\photos\dangerous_det\detection_20260623_170824.jpg
2026-06-23 17:08:24 [INFO] 图像形状: (2160, 3840, 3)
2026-06-23 17:08:24 [INFO] 图像数据类型: uint8
2026-06-23 17:08:24 [INFO] 图像最大值: 255
2026-06-23 17:08:24 [INFO] 图像最小值: 0
2026-06-23 17:08:24 [INFO] 开始保存检测结果图像: 图像尺寸=(2160, 3840, 3), 类型=uint8, 路径=C:\code\show\Scrap_Steel_In_Field\photos\dangerous_det\detection_20260623_170824.jpg
2026-06-23 17:08:24 [INFO] 成功保存检测结果到: C:\code\show\Scrap_Steel_In_Field\photos\dangerous_det\detection_20260623_170824.jpg
2026-06-23 17:08:24 [INFO] 保存的检测结果文件大小: 2277474 字节
2026-06-23 17:08:24 [INFO] 引擎上下文已释放
2026-06-23 17:08:24 [INFO] TensorRT 引擎已释放
2026-06-23 17:08:24 [INFO] 全局 CUDA 资源已释放
2026-06-23 17:08:24 [INFO] 检测系统资源已释放
2026-06-23 17:08:29 [INFO] CUDA 初始化成功
2026-06-23 17:08:29 [INFO] 引擎加载成功: dangerous.engine
2026-06-23 17:08:29 [INFO] 检测系统初始化成功
2026-06-23 17:08:29 [INFO] 图像预处理完成，原始尺寸: (2160, 3840)
2026-06-23 17:08:29 [INFO] 开始执行目标检测...
2026-06-23 17:08:29 [INFO] 检测完成，找到 5 个物体
2026-06-23 17:08:29 [INFO] 物体 1: GasCyl1 (置信度: 0.90)
2026-06-23 17:08:29 [INFO] 物体 2: GasCyl1 (置信度: 0.73)
2026-06-23 17:08:29 [INFO] 物体 3: FireExt1 (置信度: 0.55)
2026-06-23 17:08:29 [INFO] 物体 4: FireExt1 (置信度: 0.48)
2026-06-23 17:08:29 [INFO] 物体 5: FireExt1 (置信度: 0.39)
2026-06-23 17:08:29 [INFO] 检测到车兜区域，将过滤区域外的目标
2026-06-23 17:08:29 [INFO] 车兜区域过滤: 5 -> 3 个目标
2026-06-23 17:08:29 [INFO] 准备保存检测结果到: C:\code\show\Scrap_Steel_In_Field\photos\dangerous_det\detection_20260623_170829.jpg
2026-06-23 17:08:29 [INFO] 图像形状: (2160, 3840, 3)
2026-06-23 17:08:29 [INFO] 图像数据类型: uint8
2026-06-23 17:08:29 [INFO] 图像最大值: 255
2026-06-23 17:08:29 [INFO] 图像最小值: 0
2026-06-23 17:08:29 [INFO] 开始保存检测结果图像: 图像尺寸=(2160, 3840, 3), 类型=uint8, 路径=C:\code\show\Scrap_Steel_In_Field\photos\dangerous_det\detection_20260623_170829.jpg
2026-06-23 17:08:29 [INFO] 成功保存检测结果到: C:\code\show\Scrap_Steel_In_Field\photos\dangerous_det\detection_20260623_170829.jpg
2026-06-23 17:08:29 [INFO] 保存的检测结果文件大小: 2279318 字节
2026-06-23 17:08:29 [INFO] 引擎上下文已释放
2026-06-23 17:08:29 [INFO] TensorRT 引擎已释放
2026-06-23 17:08:29 [INFO] 全局 CUDA 资源已释放
2026-06-23 17:08:29 [INFO] 检测系统资源已释放
2026-06-23 17:08:35 [INFO] CUDA 初始化成功
2026-06-23 17:08:35 [INFO] 引擎加载成功: dangerous.engine
2026-06-23 17:08:35 [INFO] 检测系统初始化成功
2026-06-23 17:08:35 [INFO] 图像预处理完成，原始尺寸: (2160, 3840)
2026-06-23 17:08:35 [INFO] 开始执行目标检测...
2026-06-23 17:08:35 [INFO] 检测完成，找到 5 个物体
2026-06-23 17:08:35 [INFO] 物体 1: GasCyl1 (置信度: 0.90)
2026-06-23 17:08:35 [INFO] 物体 2: GasCyl1 (置信度: 0.75)
2026-06-23 17:08:35 [INFO] 物体 3: FireExt1 (置信度: 0.54)
2026-06-23 17:08:35 [INFO] 物体 4: FireExt1 (置信度: 0.50)
2026-06-23 17:08:35 [INFO] 物体 5: FireExt1 (置信度: 0.41)
2026-06-23 17:08:35 [INFO] 检测到车兜区域，将过滤区域外的目标
2026-06-23 17:08:35 [INFO] 车兜区域过滤: 5 -> 3 个目标
2026-06-23 17:08:35 [INFO] 准备保存检测结果到: C:\code\show\Scrap_Steel_In_Field\photos\dangerous_det\detection_20260623_170835.jpg
2026-06-23 17:08:35 [INFO] 图像形状: (2160, 3840, 3)
2026-06-23 17:08:35 [INFO] 图像数据类型: uint8
2026-06-23 17:08:35 [INFO] 图像最大值: 255
2026-06-23 17:08:35 [INFO] 图像最小值: 0
2026-06-23 17:08:35 [INFO] 开始保存检测结果图像: 图像尺寸=(2160, 3840, 3), 类型=uint8, 路径=C:\code\show\Scrap_Steel_In_Field\photos\dangerous_det\detection_20260623_170835.jpg
2026-06-23 17:08:35 [INFO] 成功保存检测结果到: C:\code\show\Scrap_Steel_In_Field\photos\dangerous_det\detection_20260623_170835.jpg
2026-06-23 17:08:35 [INFO] 保存的检测结果文件大小: 2278925 字节
2026-06-23 17:08:35 [INFO] 引擎上下文已释放
2026-06-23 17:08:35 [INFO] TensorRT 引擎已释放
2026-06-23 17:08:35 [INFO] 全局 CUDA 资源已释放
2026-06-23 17:08:35 [INFO] 检测系统资源已释放
2026-06-23 17:08:40 [INFO] CUDA 初始化成功
2026-06-23 17:08:40 [INFO] 引擎加载成功: dangerous.engine
2026-06-23 17:08:40 [INFO] 检测系统初始化成功
2026-06-23 17:08:40 [INFO] 图像预处理完成，原始尺寸: (2160, 3840)
2026-06-23 17:08:40 [INFO] 开始执行目标检测...
2026-06-23 17:08:40 [INFO] 检测完成，找到 5 个物体
2026-06-23 17:08:40 [INFO] 物体 1: GasCyl1 (置信度: 0.91)
2026-06-23 17:08:40 [INFO] 物体 2: GasCyl1 (置信度: 0.73)
2026-06-23 17:08:40 [INFO] 物体 3: FireExt1 (置信度: 0.55)
2026-06-23 17:08:40 [INFO] 物体 4: FireExt1 (置信度: 0.46)
2026-06-23 17:08:40 [INFO] 物体 5: FireExt1 (置信度: 0.42)
2026-06-23 17:08:40 [INFO] 检测到车兜区域，将过滤区域外的目标
2026-06-23 17:08:40 [INFO] 车兜区域过滤: 5 -> 3 个目标
2026-06-23 17:08:40 [INFO] 准备保存检测结果到: C:\code\show\Scrap_Steel_In_Field\photos\dangerous_det\detection_20260623_170840.jpg
2026-06-23 17:08:40 [INFO] 图像形状: (2160, 3840, 3)
2026-06-23 17:08:40 [INFO] 图像数据类型: uint8
2026-06-23 17:08:40 [INFO] 图像最大值: 255
2026-06-23 17:08:40 [INFO] 图像最小值: 0
2026-06-23 17:08:40 [INFO] 开始保存检测结果图像: 图像尺寸=(2160, 3840, 3), 类型=uint8, 路径=C:\code\show\Scrap_Steel_In_Field\photos\dangerous_det\detection_20260623_170840.jpg
2026-06-23 17:08:40 [INFO] 成功保存检测结果到: C:\code\show\Scrap_Steel_In_Field\photos\dangerous_det\detection_20260623_170840.jpg
2026-06-23 17:08:40 [INFO] 保存的检测结果文件大小: 2279862 字节
2026-06-23 17:08:40 [INFO] 引擎上下文已释放
2026-06-23 17:08:40 [INFO] TensorRT 引擎已释放
2026-06-23 17:08:40 [INFO] 全局 CUDA 资源已释放
2026-06-23 17:08:40 [INFO] 检测系统资源已释放
2026-06-23 17:08:45 [INFO] CUDA 初始化成功
2026-06-23 17:08:45 [INFO] 引擎加载成功: dangerous.engine
2026-06-23 17:08:45 [INFO] 检测系统初始化成功
2026-06-23 17:08:45 [INFO] 图像预处理完成，原始尺寸: (2160, 3840)
2026-06-23 17:08:45 [INFO] 开始执行目标检测...
2026-06-23 17:08:45 [INFO] 检测完成，找到 4 个物体
2026-06-23 17:08:45 [INFO] 物体 1: GasCyl1 (置信度: 0.90)
2026-06-23 17:08:45 [INFO] 物体 2: GasCyl1 (置信度: 0.65)
2026-06-23 17:08:45 [INFO] 物体 3: FireExt1 (置信度: 0.56)
2026-06-23 17:08:45 [INFO] 物体 4: FireExt1 (置信度: 0.49)
2026-06-23 17:08:45 [INFO] 检测到车兜区域，将过滤区域外的目标
2026-06-23 17:08:45 [INFO] 车兜区域过滤: 4 -> 3 个目标
2026-06-23 17:08:45 [INFO] 准备保存检测结果到: C:\code\show\Scrap_Steel_In_Field\photos\dangerous_det\detection_20260623_170845.jpg
2026-06-23 17:08:45 [INFO] 图像形状: (2160, 3840, 3)
2026-06-23 17:08:45 [INFO] 图像数据类型: uint8
2026-06-23 17:08:45 [INFO] 图像最大值: 255
2026-06-23 17:08:45 [INFO] 图像最小值: 0
2026-06-23 17:08:45 [INFO] 开始保存检测结果图像: 图像尺寸=(2160, 3840, 3), 类型=uint8, 路径=C:\code\show\Scrap_Steel_In_Field\photos\dangerous_det\detection_20260623_170845.jpg
2026-06-23 17:08:45 [INFO] 成功保存检测结果到: C:\code\show\Scrap_Steel_In_Field\photos\dangerous_det\detection_20260623_170845.jpg
2026-06-23 17:08:45 [INFO] 保存的检测结果文件大小: 2276244 字节
2026-06-23 17:08:45 [INFO] 引擎上下文已释放
2026-06-23 17:08:45 [INFO] TensorRT 引擎已释放
2026-06-23 17:08:45 [INFO] 全局 CUDA 资源已释放
2026-06-23 17:08:45 [INFO] 检测系统资源已释放
2026-06-23 17:08:50 [INFO] CUDA 初始化成功
2026-06-23 17:08:50 [INFO] 引擎加载成功: dangerous.engine
2026-06-23 17:08:50 [INFO] 检测系统初始化成功
2026-06-23 17:08:50 [INFO] 图像预处理完成，原始尺寸: (2160, 3840)
2026-06-23 17:08:50 [INFO] 开始执行目标检测...
2026-06-23 17:08:50 [INFO] 检测完成，找到 5 个物体
2026-06-23 17:08:50 [INFO] 物体 1: GasCyl1 (置信度: 0.90)
2026-06-23 17:08:50 [INFO] 物体 2: GasCyl1 (置信度: 0.65)
2026-06-23 17:08:50 [INFO] 物体 3: FireExt1 (置信度: 0.56)
2026-06-23 17:08:50 [INFO] 物体 4: FireExt1 (置信度: 0.49)
2026-06-23 17:08:50 [INFO] 物体 5: FireExt1 (置信度: 0.40)
2026-06-23 17:08:50 [INFO] 检测到车兜区域，将过滤区域外的目标
2026-06-23 17:08:50 [INFO] 车兜区域过滤: 5 -> 3 个目标
2026-06-23 17:08:50 [INFO] 准备保存检测结果到: C:\code\show\Scrap_Steel_In_Field\photos\dangerous_det\detection_20260623_170850.jpg
2026-06-23 17:08:50 [INFO] 图像形状: (2160, 3840, 3)
2026-06-23 17:08:50 [INFO] 图像数据类型: uint8
2026-06-23 17:08:50 [INFO] 图像最大值: 255
2026-06-23 17:08:50 [INFO] 图像最小值: 0
2026-06-23 17:08:50 [INFO] 开始保存检测结果图像: 图像尺寸=(2160, 3840, 3), 类型=uint8, 路径=C:\code\show\Scrap_Steel_In_Field\photos\dangerous_det\detection_20260623_170850.jpg
2026-06-23 17:08:50 [INFO] 成功保存检测结果到: C:\code\show\Scrap_Steel_In_Field\photos\dangerous_det\detection_20260623_170850.jpg
2026-06-23 17:08:50 [INFO] 保存的检测结果文件大小: 2275897 字节
2026-06-23 17:08:50 [INFO] 引擎上下文已释放
2026-06-23 17:08:50 [INFO] TensorRT 引擎已释放
2026-06-23 17:08:50 [INFO] 全局 CUDA 资源已释放
2026-06-23 17:08:50 [INFO] 检测系统资源已释放
2026-06-23 17:08:56 [INFO] CUDA 初始化成功
2026-06-23 17:08:56 [INFO] 引擎加载成功: dangerous.engine
2026-06-23 17:08:56 [INFO] 检测系统初始化成功
2026-06-23 17:08:56 [INFO] 图像预处理完成，原始尺寸: (2160, 3840)
2026-06-23 17:08:56 [INFO] 开始执行目标检测...
2026-06-23 17:08:56 [INFO] 检测完成，找到 5 个物体
2026-06-23 17:08:56 [INFO] 物体 1: GasCyl1 (置信度: 0.89)
2026-06-23 17:08:56 [INFO] 物体 2: GasCyl1 (置信度: 0.70)
2026-06-23 17:08:56 [INFO] 物体 3: FireExt1 (置信度: 0.54)
2026-06-23 17:08:56 [INFO] 物体 4: FireExt1 (置信度: 0.49)
2026-06-23 17:08:56 [INFO] 物体 5: FireExt1 (置信度: 0.43)
2026-06-23 17:08:56 [INFO] 检测到车兜区域，将过滤区域外的目标
2026-06-23 17:08:56 [INFO] 车兜区域过滤: 5 -> 3 个目标
2026-06-23 17:08:56 [INFO] 准备保存检测结果到: C:\code\show\Scrap_Steel_In_Field\photos\dangerous_det\detection_20260623_170856.jpg
2026-06-23 17:08:56 [INFO] 图像形状: (2160, 3840, 3)
2026-06-23 17:08:56 [INFO] 图像数据类型: uint8
2026-06-23 17:08:56 [INFO] 图像最大值: 255
2026-06-23 17:08:56 [INFO] 图像最小值: 0
2026-06-23 17:08:56 [INFO] 开始保存检测结果图像: 图像尺寸=(2160, 3840, 3), 类型=uint8, 路径=C:\code\show\Scrap_Steel_In_Field\photos\dangerous_det\detection_20260623_170856.jpg
2026-06-23 17:08:56 [INFO] 成功保存检测结果到: C:\code\show\Scrap_Steel_In_Field\photos\dangerous_det\detection_20260623_170856.jpg
2026-06-23 17:08:56 [INFO] 保存的检测结果文件大小: 2279480 字节
2026-06-23 17:08:56 [INFO] 引擎上下文已释放
2026-06-23 17:08:56 [INFO] TensorRT 引擎已释放
2026-06-23 17:08:56 [INFO] 全局 CUDA 资源已释放
2026-06-23 17:08:56 [INFO] 检测系统资源已释放
2026-06-23 17:09:01 [INFO] CUDA 初始化成功
2026-06-23 17:09:01 [INFO] 引擎加载成功: dangerous.engine
2026-06-23 17:09:01 [INFO] 检测系统初始化成功
2026-06-23 17:09:01 [INFO] 图像预处理完成，原始尺寸: (2160, 3840)
2026-06-23 17:09:01 [INFO] 开始执行目标检测...
2026-06-23 17:09:01 [INFO] 检测完成，找到 5 个物体
2026-06-23 17:09:01 [INFO] 物体 1: GasCyl1 (置信度: 0.89)
2026-06-23 17:09:01 [INFO] 物体 2: GasCyl1 (置信度: 0.73)
2026-06-23 17:09:01 [INFO] 物体 3: FireExt1 (置信度: 0.55)
2026-06-23 17:09:01 [INFO] 物体 4: FireExt1 (置信度: 0.47)
2026-06-23 17:09:01 [INFO] 物体 5: FireExt1 (置信度: 0.44)
2026-06-23 17:09:01 [INFO] 检测到车兜区域，将过滤区域外的目标
2026-06-23 17:09:01 [INFO] 车兜区域过滤: 5 -> 3 个目标
2026-06-23 17:09:01 [INFO] 准备保存检测结果到: C:\code\show\Scrap_Steel_In_Field\photos\dangerous_det\detection_20260623_170901.jpg
2026-06-23 17:09:01 [INFO] 图像形状: (2160, 3840, 3)
2026-06-23 17:09:01 [INFO] 图像数据类型: uint8
2026-06-23 17:09:01 [INFO] 图像最大值: 255
2026-06-23 17:09:01 [INFO] 图像最小值: 0
2026-06-23 17:09:01 [INFO] 开始保存检测结果图像: 图像尺寸=(2160, 3840, 3), 类型=uint8, 路径=C:\code\show\Scrap_Steel_In_Field\photos\dangerous_det\detection_20260623_170901.jpg
2026-06-23 17:09:01 [INFO] 成功保存检测结果到: C:\code\show\Scrap_Steel_In_Field\photos\dangerous_det\detection_20260623_170901.jpg
2026-06-23 17:09:01 [INFO] 保存的检测结果文件大小: 2277970 字节
2026-06-23 17:09:01 [INFO] 引擎上下文已释放
2026-06-23 17:09:01 [INFO] TensorRT 引擎已释放
2026-06-23 17:09:01 [INFO] 全局 CUDA 资源已释放
2026-06-23 17:09:01 [INFO] 检测系统资源已释放
2026-06-23 17:09:06 [INFO] CUDA 初始化成功
2026-06-23 17:09:06 [INFO] 引擎加载成功: dangerous.engine
2026-06-23 17:09:06 [INFO] 检测系统初始化成功
2026-06-23 17:09:06 [INFO] 图像预处理完成，原始尺寸: (2160, 3840)
2026-06-23 17:09:06 [INFO] 开始执行目标检测...
2026-06-23 17:09:06 [INFO] 检测完成，找到 5 个物体
2026-06-23 17:09:06 [INFO] 物体 1: GasCyl1 (置信度: 0.90)
2026-06-23 17:09:06 [INFO] 物体 2: GasCyl1 (置信度: 0.65)
2026-06-23 17:09:06 [INFO] 物体 3: FireExt1 (置信度: 0.56)
2026-06-23 17:09:06 [INFO] 物体 4: FireExt1 (置信度: 0.50)
2026-06-23 17:09:06 [INFO] 物体 5: FireExt1 (置信度: 0.44)
2026-06-23 17:09:06 [INFO] 检测到车兜区域，将过滤区域外的目标
2026-06-23 17:09:06 [INFO] 车兜区域过滤: 5 -> 3 个目标
2026-06-23 17:09:06 [INFO] 准备保存检测结果到: C:\code\show\Scrap_Steel_In_Field\photos\dangerous_det\detection_20260623_170906.jpg
2026-06-23 17:09:06 [INFO] 图像形状: (2160, 3840, 3)
2026-06-23 17:09:06 [INFO] 图像数据类型: uint8
2026-06-23 17:09:06 [INFO] 图像最大值: 255
2026-06-23 17:09:06 [INFO] 图像最小值: 0
2026-06-23 17:09:06 [INFO] 开始保存检测结果图像: 图像尺寸=(2160, 3840, 3), 类型=uint8, 路径=C:\code\show\Scrap_Steel_In_Field\photos\dangerous_det\detection_20260623_170906.jpg
2026-06-23 17:09:06 [INFO] 成功保存检测结果到: C:\code\show\Scrap_Steel_In_Field\photos\dangerous_det\detection_20260623_170906.jpg
2026-06-23 17:09:06 [INFO] 保存的检测结果文件大小: 2276201 字节
2026-06-23 17:09:06 [INFO] 引擎上下文已释放
2026-06-23 17:09:06 [INFO] TensorRT 引擎已释放
2026-06-23 17:09:06 [INFO] 全局 CUDA 资源已释放
2026-06-23 17:09:06 [INFO] 检测系统资源已释放
2026-06-23 17:09:11 [INFO] CUDA 初始化成功
2026-06-23 17:09:11 [INFO] 引擎加载成功: dangerous.engine
2026-06-23 17:09:11 [INFO] 检测系统初始化成功
2026-06-23 17:09:11 [INFO] 图像预处理完成，原始尺寸: (2160, 3840)
2026-06-23 17:09:11 [INFO] 开始执行目标检测...
2026-06-23 17:09:12 [INFO] 检测完成，找到 5 个物体
2026-06-23 17:09:12 [INFO] 物体 1: GasCyl1 (置信度: 0.90)
2026-06-23 17:09:12 [INFO] 物体 2: GasCyl1 (置信度: 0.62)
2026-06-23 17:09:12 [INFO] 物体 3: FireExt1 (置信度: 0.54)
2026-06-23 17:09:12 [INFO] 物体 4: GasCyl1 (置信度: 0.51)
2026-06-23 17:09:12 [INFO] 物体 5: FireExt1 (置信度: 0.38)
2026-06-23 17:09:12 [INFO] 检测到车兜区域，将过滤区域外的目标
2026-06-23 17:09:12 [INFO] 车兜区域过滤: 5 -> 3 个目标
2026-06-23 17:09:12 [INFO] 准备保存检测结果到: C:\code\show\Scrap_Steel_In_Field\photos\dangerous_det\detection_20260623_170912.jpg
2026-06-23 17:09:12 [INFO] 图像形状: (2160, 3840, 3)
2026-06-23 17:09:12 [INFO] 图像数据类型: uint8
2026-06-23 17:09:12 [INFO] 图像最大值: 255
2026-06-23 17:09:12 [INFO] 图像最小值: 0
2026-06-23 17:09:12 [INFO] 开始保存检测结果图像: 图像尺寸=(2160, 3840, 3), 类型=uint8, 路径=C:\code\show\Scrap_Steel_In_Field\photos\dangerous_det\detection_20260623_170912.jpg
2026-06-23 17:09:12 [INFO] 成功保存检测结果到: C:\code\show\Scrap_Steel_In_Field\photos\dangerous_det\detection_20260623_170912.jpg
2026-06-23 17:09:12 [INFO] 保存的检测结果文件大小: 2277127 字节
2026-06-23 17:09:12 [INFO] 引擎上下文已释放
2026-06-23 17:09:12 [INFO] TensorRT 引擎已释放
2026-06-23 17:09:12 [INFO] 全局 CUDA 资源已释放
2026-06-23 17:09:12 [INFO] 检测系统资源已释放
2026-06-23 17:09:17 [INFO] CUDA 初始化成功
2026-06-23 17:09:17 [INFO] 引擎加载成功: dangerous.engine
2026-06-23 17:09:17 [INFO] 检测系统初始化成功
2026-06-23 17:09:17 [INFO] 图像预处理完成，原始尺寸: (2160, 3840)
2026-06-23 17:09:17 [INFO] 开始执行目标检测...
2026-06-23 17:09:17 [INFO] 检测完成，找到 5 个物体
2026-06-23 17:09:17 [INFO] 物体 1: GasCyl1 (置信度: 0.90)
2026-06-23 17:09:17 [INFO] 物体 2: GasCyl1 (置信度: 0.68)
2026-06-23 17:09:17 [INFO] 物体 3: FireExt1 (置信度: 0.55)
2026-06-23 17:09:17 [INFO] 物体 4: FireExt1 (置信度: 0.48)
2026-06-23 17:09:17 [INFO] 物体 5: FireExt1 (置信度: 0.42)
2026-06-23 17:09:17 [INFO] 检测到车兜区域，将过滤区域外的目标
2026-06-23 17:09:17 [INFO] 车兜区域过滤: 5 -> 3 个目标
2026-06-23 17:09:17 [INFO] 准备保存检测结果到: C:\code\show\Scrap_Steel_In_Field\photos\dangerous_det\detection_20260623_170917.jpg
2026-06-23 17:09:17 [INFO] 图像形状: (2160, 3840, 3)
2026-06-23 17:09:17 [INFO] 图像数据类型: uint8
2026-06-23 17:09:17 [INFO] 图像最大值: 255
2026-06-23 17:09:17 [INFO] 图像最小值: 0
2026-06-23 17:09:17 [INFO] 开始保存检测结果图像: 图像尺寸=(2160, 3840, 3), 类型=uint8, 路径=C:\code\show\Scrap_Steel_In_Field\photos\dangerous_det\detection_20260623_170917.jpg
2026-06-23 17:09:17 [INFO] 成功保存检测结果到: C:\code\show\Scrap_Steel_In_Field\photos\dangerous_det\detection_20260623_170917.jpg
2026-06-23 17:09:17 [INFO] 保存的检测结果文件大小: 2278607 字节
2026-06-23 17:09:17 [INFO] 引擎上下文已释放
2026-06-23 17:09:17 [INFO] TensorRT 引擎已释放
2026-06-23 17:09:17 [INFO] 全局 CUDA 资源已释放
2026-06-23 17:09:17 [INFO] 检测系统资源已释放
2026-06-23 17:09:22 [INFO] CUDA 初始化成功
2026-06-23 17:09:22 [INFO] 引擎加载成功: dangerous.engine
2026-06-23 17:09:22 [INFO] 检测系统初始化成功
2026-06-23 17:09:22 [INFO] 图像预处理完成，原始尺寸: (2160, 3840)
2026-06-23 17:09:22 [INFO] 开始执行目标检测...
2026-06-23 17:09:22 [INFO] 检测完成，找到 5 个物体
2026-06-23 17:09:22 [INFO] 物体 1: GasCyl1 (置信度: 0.90)
2026-06-23 17:09:22 [INFO] 物体 2: GasCyl1 (置信度: 0.64)
2026-06-23 17:09:22 [INFO] 物体 3: FireExt1 (置信度: 0.54)
2026-06-23 17:09:22 [INFO] 物体 4: FireExt1 (置信度: 0.49)
2026-06-23 17:09:22 [INFO] 物体 5: FireExt1 (置信度: 0.44)
2026-06-23 17:09:22 [INFO] 检测到车兜区域，将过滤区域外的目标
2026-06-23 17:09:22 [INFO] 车兜区域过滤: 5 -> 3 个目标
2026-06-23 17:09:22 [INFO] 准备保存检测结果到: C:\code\show\Scrap_Steel_In_Field\photos\dangerous_det\detection_20260623_170922.jpg
2026-06-23 17:09:22 [INFO] 图像形状: (2160, 3840, 3)
2026-06-23 17:09:22 [INFO] 图像数据类型: uint8
2026-06-23 17:09:22 [INFO] 图像最大值: 255
2026-06-23 17:09:22 [INFO] 图像最小值: 0
2026-06-23 17:09:22 [INFO] 开始保存检测结果图像: 图像尺寸=(2160, 3840, 3), 类型=uint8, 路径=C:\code\show\Scrap_Steel_In_Field\photos\dangerous_det\detection_20260623_170922.jpg
2026-06-23 17:09:22 [INFO] 成功保存检测结果到: C:\code\show\Scrap_Steel_In_Field\photos\dangerous_det\detection_20260623_170922.jpg
2026-06-23 17:09:22 [INFO] 保存的检测结果文件大小: 2279052 字节
2026-06-23 17:09:22 [INFO] 引擎上下文已释放
2026-06-23 17:09:22 [INFO] TensorRT 引擎已释放
2026-06-23 17:09:22 [INFO] 全局 CUDA 资源已释放
2026-06-23 17:09:22 [INFO] 检测系统资源已释放
2026-06-23 17:09:27 [INFO] CUDA 初始化成功
2026-06-23 17:09:27 [INFO] 引擎加载成功: dangerous.engine
2026-06-23 17:09:27 [INFO] 检测系统初始化成功
2026-06-23 17:09:27 [INFO] 图像预处理完成，原始尺寸: (2160, 3840)
2026-06-23 17:09:27 [INFO] 开始执行目标检测...
2026-06-23 17:09:27 [INFO] 检测完成，找到 5 个物体
2026-06-23 17:09:27 [INFO] 物体 1: GasCyl1 (置信度: 0.90)
2026-06-23 17:09:27 [INFO] 物体 2: GasCyl1 (置信度: 0.68)
2026-06-23 17:09:27 [INFO] 物体 3: FireExt1 (置信度: 0.55)
2026-06-23 17:09:27 [INFO] 物体 4: FireExt1 (置信度: 0.51)
2026-06-23 17:09:27 [INFO] 物体 5: FireExt1 (置信度: 0.43)
2026-06-23 17:09:28 [INFO] 检测到车兜区域，将过滤区域外的目标
2026-06-23 17:09:28 [INFO] 车兜区域过滤: 5 -> 3 个目标
2026-06-23 17:09:28 [INFO] 准备保存检测结果到: C:\code\show\Scrap_Steel_In_Field\photos\dangerous_det\detection_20260623_170928.jpg
2026-06-23 17:09:28 [INFO] 图像形状: (2160, 3840, 3)
2026-06-23 17:09:28 [INFO] 图像数据类型: uint8
2026-06-23 17:09:28 [INFO] 图像最大值: 255
2026-06-23 17:09:28 [INFO] 图像最小值: 0
2026-06-23 17:09:28 [INFO] 开始保存检测结果图像: 图像尺寸=(2160, 3840, 3), 类型=uint8, 路径=C:\code\show\Scrap_Steel_In_Field\photos\dangerous_det\detection_20260623_170928.jpg
2026-06-23 17:09:28 [INFO] 成功保存检测结果到: C:\code\show\Scrap_Steel_In_Field\photos\dangerous_det\detection_20260623_170928.jpg
2026-06-23 17:09:28 [INFO] 保存的检测结果文件大小: 2277919 字节
2026-06-23 17:09:28 [INFO] 引擎上下文已释放
2026-06-23 17:09:28 [INFO] TensorRT 引擎已释放
2026-06-23 17:09:28 [INFO] 全局 CUDA 资源已释放
2026-06-23 17:09:28 [INFO] 检测系统资源已释放
2026-06-23 17:09:33 [INFO] CUDA 初始化成功
2026-06-23 17:09:33 [INFO] 引擎加载成功: dangerous.engine
2026-06-23 17:09:33 [INFO] 检测系统初始化成功
2026-06-23 17:09:33 [INFO] 图像预处理完成，原始尺寸: (2160, 3840)
2026-06-23 17:09:33 [INFO] 开始执行目标检测...
2026-06-23 17:09:33 [INFO] 检测完成，找到 5 个物体
2026-06-23 17:09:33 [INFO] 物体 1: GasCyl1 (置信度: 0.89)
2026-06-23 17:09:33 [INFO] 物体 2: GasCyl1 (置信度: 0.79)
2026-06-23 17:09:33 [INFO] 物体 3: FireExt1 (置信度: 0.55)
2026-06-23 17:09:33 [INFO] 物体 4: FireExt1 (置信度: 0.50)
2026-06-23 17:09:33 [INFO] 物体 5: FireExt1 (置信度: 0.42)
2026-06-23 17:09:33 [INFO] 检测到车兜区域，将过滤区域外的目标
2026-06-23 17:09:33 [INFO] 车兜区域过滤: 5 -> 3 个目标
2026-06-23 17:09:33 [INFO] 准备保存检测结果到: C:\code\show\Scrap_Steel_In_Field\photos\dangerous_det\detection_20260623_170933.jpg
2026-06-23 17:09:33 [INFO] 图像形状: (2160, 3840, 3)
2026-06-23 17:09:33 [INFO] 图像数据类型: uint8
2026-06-23 17:09:33 [INFO] 图像最大值: 255
2026-06-23 17:09:33 [INFO] 图像最小值: 0
2026-06-23 17:09:33 [INFO] 开始保存检测结果图像: 图像尺寸=(2160, 3840, 3), 类型=uint8, 路径=C:\code\show\Scrap_Steel_In_Field\photos\dangerous_det\detection_20260623_170933.jpg
2026-06-23 17:09:33 [INFO] 成功保存检测结果到: C:\code\show\Scrap_Steel_In_Field\photos\dangerous_det\detection_20260623_170933.jpg
2026-06-23 17:09:33 [INFO] 保存的检测结果文件大小: 2276392 字节
2026-06-23 17:09:33 [INFO] 引擎上下文已释放
2026-06-23 17:09:33 [INFO] TensorRT 引擎已释放
2026-06-23 17:09:33 [INFO] 全局 CUDA 资源已释放
2026-06-23 17:09:33 [INFO] 检测系统资源已释放
2026-06-23 17:09:38 [INFO] CUDA 初始化成功
2026-06-23 17:09:38 [INFO] 引擎加载成功: dangerous.engine
2026-06-23 17:09:38 [INFO] 检测系统初始化成功
2026-06-23 17:09:38 [INFO] 图像预处理完成，原始尺寸: (2160, 3840)
2026-06-23 17:09:38 [INFO] 开始执行目标检测...
2026-06-23 17:09:38 [INFO] 检测完成，找到 5 个物体
2026-06-23 17:09:38 [INFO] 物体 1: GasCyl1 (置信度: 0.90)
2026-06-23 17:09:38 [INFO] 物体 2: GasCyl1 (置信度: 0.73)
2026-06-23 17:09:38 [INFO] 物体 3: FireExt1 (置信度: 0.55)
2026-06-23 17:09:38 [INFO] 物体 4: GasCyl1 (置信度: 0.49)
2026-06-23 17:09:38 [INFO] 物体 5: FireExt1 (置信度: 0.41)
2026-06-23 17:09:38 [INFO] 检测到车兜区域，将过滤区域外的目标
2026-06-23 17:09:38 [INFO] 车兜区域过滤: 5 -> 3 个目标
2026-06-23 17:09:38 [INFO] 准备保存检测结果到: C:\code\show\Scrap_Steel_In_Field\photos\dangerous_det\detection_20260623_170938.jpg
2026-06-23 17:09:38 [INFO] 图像形状: (2160, 3840, 3)
2026-06-23 17:09:38 [INFO] 图像数据类型: uint8
2026-06-23 17:09:38 [INFO] 图像最大值: 255
2026-06-23 17:09:38 [INFO] 图像最小值: 0
2026-06-23 17:09:38 [INFO] 开始保存检测结果图像: 图像尺寸=(2160, 3840, 3), 类型=uint8, 路径=C:\code\show\Scrap_Steel_In_Field\photos\dangerous_det\detection_20260623_170938.jpg
2026-06-23 17:09:38 [INFO] 成功保存检测结果到: C:\code\show\Scrap_Steel_In_Field\photos\dangerous_det\detection_20260623_170938.jpg
2026-06-23 17:09:38 [INFO] 保存的检测结果文件大小: 2277442 字节
2026-06-23 17:09:38 [INFO] 引擎上下文已释放
2026-06-23 17:09:38 [INFO] TensorRT 引擎已释放
2026-06-23 17:09:38 [INFO] 全局 CUDA 资源已释放
2026-06-23 17:09:38 [INFO] 检测系统资源已释放
2026-06-23 17:09:43 [INFO] CUDA 初始化成功
2026-06-23 17:09:43 [INFO] 引擎加载成功: dangerous.engine
2026-06-23 17:09:43 [INFO] 检测系统初始化成功
2026-06-23 17:09:43 [INFO] 图像预处理完成，原始尺寸: (2160, 3840)
2026-06-23 17:09:43 [INFO] 开始执行目标检测...
2026-06-23 17:09:43 [INFO] 检测完成，找到 5 个物体
2026-06-23 17:09:43 [INFO] 物体 1: GasCyl1 (置信度: 0.90)
2026-06-23 17:09:43 [INFO] 物体 2: GasCyl1 (置信度: 0.78)
2026-06-23 17:09:43 [INFO] 物体 3: FireExt1 (置信度: 0.56)
2026-06-23 17:09:43 [INFO] 物体 4: FireExt1 (置信度: 0.48)
2026-06-23 17:09:43 [INFO] 物体 5: FireExt1 (置信度: 0.42)
2026-06-23 17:09:43 [INFO] 检测到车兜区域，将过滤区域外的目标
2026-06-23 17:09:43 [INFO] 车兜区域过滤: 5 -> 3 个目标
2026-06-23 17:09:43 [INFO] 准备保存检测结果到: C:\code\show\Scrap_Steel_In_Field\photos\dangerous_det\detection_20260623_170943.jpg
2026-06-23 17:09:43 [INFO] 图像形状: (2160, 3840, 3)
2026-06-23 17:09:43 [INFO] 图像数据类型: uint8
2026-06-23 17:09:43 [INFO] 图像最大值: 255
2026-06-23 17:09:43 [INFO] 图像最小值: 0
2026-06-23 17:09:43 [INFO] 开始保存检测结果图像: 图像尺寸=(2160, 3840, 3), 类型=uint8, 路径=C:\code\show\Scrap_Steel_In_Field\photos\dangerous_det\detection_20260623_170943.jpg
2026-06-23 17:09:43 [INFO] 成功保存检测结果到: C:\code\show\Scrap_Steel_In_Field\photos\dangerous_det\detection_20260623_170943.jpg
2026-06-23 17:09:43 [INFO] 保存的检测结果文件大小: 2277741 字节
2026-06-23 17:09:43 [INFO] 引擎上下文已释放
2026-06-23 17:09:43 [INFO] TensorRT 引擎已释放
2026-06-23 17:09:43 [INFO] 全局 CUDA 资源已释放
2026-06-23 17:09:43 [INFO] 检测系统资源已释放
2026-06-23 17:09:49 [INFO] CUDA 初始化成功
2026-06-23 17:09:49 [INFO] 引擎加载成功: dangerous.engine
2026-06-23 17:09:49 [INFO] 检测系统初始化成功
2026-06-23 17:09:49 [INFO] 图像预处理完成，原始尺寸: (2160, 3840)
2026-06-23 17:09:49 [INFO] 开始执行目标检测...
2026-06-23 17:09:49 [INFO] 检测完成，找到 5 个物体
2026-06-23 17:09:49 [INFO] 物体 1: GasCyl1 (置信度: 0.89)
2026-06-23 17:09:49 [INFO] 物体 2: GasCyl1 (置信度: 0.70)
2026-06-23 17:09:49 [INFO] 物体 3: FireExt1 (置信度: 0.57)
2026-06-23 17:09:49 [INFO] 物体 4: FireExt1 (置信度: 0.48)
2026-06-23 17:09:49 [INFO] 物体 5: FireExt1 (置信度: 0.44)
2026-06-23 17:09:49 [INFO] 检测到车兜区域，将过滤区域外的目标
2026-06-23 17:09:49 [INFO] 车兜区域过滤: 5 -> 3 个目标
2026-06-23 17:09:49 [INFO] 准备保存检测结果到: C:\code\show\Scrap_Steel_In_Field\photos\dangerous_det\detection_20260623_170949.jpg
2026-06-23 17:09:49 [INFO] 图像形状: (2160, 3840, 3)
2026-06-23 17:09:49 [INFO] 图像数据类型: uint8
2026-06-23 17:09:49 [INFO] 图像最大值: 255
2026-06-23 17:09:49 [INFO] 图像最小值: 0
2026-06-23 17:09:49 [INFO] 开始保存检测结果图像: 图像尺寸=(2160, 3840, 3), 类型=uint8, 路径=C:\code\show\Scrap_Steel_In_Field\photos\dangerous_det\detection_20260623_170949.jpg
2026-06-23 17:09:49 [INFO] 成功保存检测结果到: C:\code\show\Scrap_Steel_In_Field\photos\dangerous_det\detection_20260623_170949.jpg
2026-06-23 17:09:49 [INFO] 保存的检测结果文件大小: 2275884 字节
2026-06-23 17:09:49 [INFO] 引擎上下文已释放
2026-06-23 17:09:49 [INFO] TensorRT 引擎已释放
2026-06-23 17:09:49 [INFO] 全局 CUDA 资源已释放
2026-06-23 17:09:49 [INFO] 检测系统资源已释放
2026-06-23 17:09:54 [INFO] CUDA 初始化成功
2026-06-23 17:09:54 [INFO] 引擎加载成功: dangerous.engine
2026-06-23 17:09:54 [INFO] 检测系统初始化成功
2026-06-23 17:09:54 [INFO] 图像预处理完成，原始尺寸: (2160, 3840)
2026-06-23 17:09:54 [INFO] 开始执行目标检测...
2026-06-23 17:09:54 [INFO] 检测完成，找到 5 个物体
2026-06-23 17:09:54 [INFO] 物体 1: GasCyl1 (置信度: 0.90)
2026-06-23 17:09:54 [INFO] 物体 2: GasCyl1 (置信度: 0.75)
2026-06-23 17:09:54 [INFO] 物体 3: FireExt1 (置信度: 0.56)
2026-06-23 17:09:54 [INFO] 物体 4: FireExt1 (置信度: 0.49)
2026-06-23 17:09:54 [INFO] 物体 5: FireExt1 (置信度: 0.41)
2026-06-23 17:09:54 [INFO] 检测到车兜区域，将过滤区域外的目标
2026-06-23 17:09:54 [INFO] 车兜区域过滤: 5 -> 3 个目标
2026-06-23 17:09:54 [INFO] 准备保存检测结果到: C:\code\show\Scrap_Steel_In_Field\photos\dangerous_det\detection_20260623_170954.jpg
2026-06-23 17:09:54 [INFO] 图像形状: (2160, 3840, 3)
2026-06-23 17:09:54 [INFO] 图像数据类型: uint8
2026-06-23 17:09:54 [INFO] 图像最大值: 255
2026-06-23 17:09:54 [INFO] 图像最小值: 0
2026-06-23 17:09:54 [INFO] 开始保存检测结果图像: 图像尺寸=(2160, 3840, 3), 类型=uint8, 路径=C:\code\show\Scrap_Steel_In_Field\photos\dangerous_det\detection_20260623_170954.jpg
2026-06-23 17:09:54 [INFO] 成功保存检测结果到: C:\code\show\Scrap_Steel_In_Field\photos\dangerous_det\detection_20260623_170954.jpg
2026-06-23 17:09:54 [INFO] 保存的检测结果文件大小: 2278150 字节
2026-06-23 17:09:54 [INFO] 引擎上下文已释放
2026-06-23 17:09:54 [INFO] TensorRT 引擎已释放
2026-06-23 17:09:54 [INFO] 全局 CUDA 资源已释放
2026-06-23 17:09:54 [INFO] 检测系统资源已释放
2026-06-23 17:09:59 [INFO] CUDA 初始化成功
2026-06-23 17:09:59 [INFO] 引擎加载成功: dangerous.engine
2026-06-23 17:09:59 [INFO] 检测系统初始化成功
2026-06-23 17:09:59 [INFO] 图像预处理完成，原始尺寸: (2160, 3840)
2026-06-23 17:09:59 [INFO] 开始执行目标检测...
2026-06-23 17:09:59 [INFO] 检测完成，找到 5 个物体
2026-06-23 17:09:59 [INFO] 物体 1: GasCyl1 (置信度: 0.89)
2026-06-23 17:09:59 [INFO] 物体 2: GasCyl1 (置信度: 0.64)
2026-06-23 17:09:59 [INFO] 物体 3: FireExt1 (置信度: 0.56)
2026-06-23 17:09:59 [INFO] 物体 4: GasCyl1 (置信度: 0.49)
2026-06-23 17:09:59 [INFO] 物体 5: FireExt1 (置信度: 0.42)
2026-06-23 17:09:59 [INFO] 检测到车兜区域，将过滤区域外的目标
2026-06-23 17:09:59 [INFO] 车兜区域过滤: 5 -> 3 个目标
2026-06-23 17:09:59 [INFO] 准备保存检测结果到: C:\code\show\Scrap_Steel_In_Field\photos\dangerous_det\detection_20260623_170959.jpg
2026-06-23 17:09:59 [INFO] 图像形状: (2160, 3840, 3)
2026-06-23 17:09:59 [INFO] 图像数据类型: uint8
2026-06-23 17:09:59 [INFO] 图像最大值: 255
2026-06-23 17:09:59 [INFO] 图像最小值: 0
2026-06-23 17:09:59 [INFO] 开始保存检测结果图像: 图像尺寸=(2160, 3840, 3), 类型=uint8, 路径=C:\code\show\Scrap_Steel_In_Field\photos\dangerous_det\detection_20260623_170959.jpg
2026-06-23 17:09:59 [INFO] 成功保存检测结果到: C:\code\show\Scrap_Steel_In_Field\photos\dangerous_det\detection_20260623_170959.jpg
2026-06-23 17:09:59 [INFO] 保存的检测结果文件大小: 2278298 字节
2026-06-23 17:09:59 [INFO] 引擎上下文已释放
2026-06-23 17:09:59 [INFO] TensorRT 引擎已释放
2026-06-23 17:09:59 [INFO] 全局 CUDA 资源已释放
2026-06-23 17:09:59 [INFO] 检测系统资源已释放
2026-06-23 17:10:05 [INFO] CUDA 初始化成功
2026-06-23 17:10:05 [INFO] 引擎加载成功: dangerous.engine
2026-06-23 17:10:05 [INFO] 检测系统初始化成功
2026-06-23 17:10:05 [INFO] 图像预处理完成，原始尺寸: (2160, 3840)
2026-06-23 17:10:05 [INFO] 开始执行目标检测...
2026-06-23 17:10:05 [INFO] 检测完成，找到 5 个物体
2026-06-23 17:10:05 [INFO] 物体 1: GasCyl1 (置信度: 0.90)
2026-06-23 17:10:05 [INFO] 物体 2: GasCyl1 (置信度: 0.67)
2026-06-23 17:10:05 [INFO] 物体 3: FireExt1 (置信度: 0.57)
2026-06-23 17:10:05 [INFO] 物体 4: FireExt1 (置信度: 0.49)
2026-06-23 17:10:05 [INFO] 物体 5: FireExt1 (置信度: 0.38)
2026-06-23 17:10:05 [INFO] 检测到车兜区域，将过滤区域外的目标
2026-06-23 17:10:05 [INFO] 车兜区域过滤: 5 -> 3 个目标
2026-06-23 17:10:05 [INFO] 准备保存检测结果到: C:\code\show\Scrap_Steel_In_Field\photos\dangerous_det\detection_20260623_171005.jpg
2026-06-23 17:10:05 [INFO] 图像形状: (2160, 3840, 3)
2026-06-23 17:10:05 [INFO] 图像数据类型: uint8
2026-06-23 17:10:05 [INFO] 图像最大值: 255
2026-06-23 17:10:05 [INFO] 图像最小值: 0
2026-06-23 17:10:05 [INFO] 开始保存检测结果图像: 图像尺寸=(2160, 3840, 3), 类型=uint8, 路径=C:\code\show\Scrap_Steel_In_Field\photos\dangerous_det\detection_20260623_171005.jpg
2026-06-23 17:10:05 [INFO] 成功保存检测结果到: C:\code\show\Scrap_Steel_In_Field\photos\dangerous_det\detection_20260623_171005.jpg
2026-06-23 17:10:05 [INFO] 保存的检测结果文件大小: 2277906 字节
2026-06-23 17:10:05 [INFO] 引擎上下文已释放
2026-06-23 17:10:05 [INFO] TensorRT 引擎已释放
2026-06-23 17:10:05 [INFO] 全局 CUDA 资源已释放
2026-06-23 17:10:05 [INFO] 检测系统资源已释放
2026-06-23 17:10:10 [INFO] CUDA 初始化成功
2026-06-23 17:10:10 [INFO] 引擎加载成功: dangerous.engine
2026-06-23 17:10:10 [INFO] 检测系统初始化成功
2026-06-23 17:10:10 [INFO] 图像预处理完成，原始尺寸: (2160, 3840)
2026-06-23 17:10:10 [INFO] 开始执行目标检测...
2026-06-23 17:10:10 [INFO] 检测完成，找到 5 个物体
2026-06-23 17:10:10 [INFO] 物体 1: GasCyl1 (置信度: 0.90)
2026-06-23 17:10:10 [INFO] 物体 2: GasCyl1 (置信度: 0.71)
2026-06-23 17:10:10 [INFO] 物体 3: FireExt1 (置信度: 0.56)
2026-06-23 17:10:10 [INFO] 物体 4: FireExt1 (置信度: 0.49)
2026-06-23 17:10:10 [INFO] 物体 5: FireExt1 (置信度: 0.45)
2026-06-23 17:10:10 [INFO] 检测到车兜区域，将过滤区域外的目标
2026-06-23 17:10:10 [INFO] 车兜区域过滤: 5 -> 3 个目标
2026-06-23 17:10:10 [INFO] 准备保存检测结果到: C:\code\show\Scrap_Steel_In_Field\photos\dangerous_det\detection_20260623_171010.jpg
2026-06-23 17:10:10 [INFO] 图像形状: (2160, 3840, 3)
2026-06-23 17:10:10 [INFO] 图像数据类型: uint8
2026-06-23 17:10:10 [INFO] 图像最大值: 255
2026-06-23 17:10:10 [INFO] 图像最小值: 0
2026-06-23 17:10:10 [INFO] 开始保存检测结果图像: 图像尺寸=(2160, 3840, 3), 类型=uint8, 路径=C:\code\show\Scrap_Steel_In_Field\photos\dangerous_det\detection_20260623_171010.jpg
2026-06-23 17:10:10 [INFO] 成功保存检测结果到: C:\code\show\Scrap_Steel_In_Field\photos\dangerous_det\detection_20260623_171010.jpg
2026-06-23 17:10:10 [INFO] 保存的检测结果文件大小: 2277553 字节
2026-06-23 17:10:10 [INFO] 引擎上下文已释放
2026-06-23 17:10:10 [INFO] TensorRT 引擎已释放
2026-06-23 17:10:10 [INFO] 全局 CUDA 资源已释放
2026-06-23 17:10:10 [INFO] 检测系统资源已释放
2026-06-23 17:10:15 [INFO] CUDA 初始化成功
2026-06-23 17:10:15 [INFO] 引擎加载成功: dangerous.engine
2026-06-23 17:10:15 [INFO] 检测系统初始化成功
2026-06-23 17:10:15 [INFO] 图像预处理完成，原始尺寸: (2160, 3840)
2026-06-23 17:10:15 [INFO] 开始执行目标检测...
2026-06-23 17:10:15 [INFO] 检测完成，找到 5 个物体
2026-06-23 17:10:15 [INFO] 物体 1: GasCyl1 (置信度: 0.89)
2026-06-23 17:10:15 [INFO] 物体 2: GasCyl1 (置信度: 0.70)
2026-06-23 17:10:15 [INFO] 物体 3: FireExt1 (置信度: 0.57)
2026-06-23 17:10:15 [INFO] 物体 4: FireExt1 (置信度: 0.50)
2026-06-23 17:10:15 [INFO] 物体 5: FireExt1 (置信度: 0.37)
2026-06-23 17:10:15 [INFO] 检测到车兜区域，将过滤区域外的目标
2026-06-23 17:10:15 [INFO] 车兜区域过滤: 5 -> 3 个目标
2026-06-23 17:10:15 [INFO] 准备保存检测结果到: C:\code\show\Scrap_Steel_In_Field\photos\dangerous_det\detection_20260623_171015.jpg
2026-06-23 17:10:15 [INFO] 图像形状: (2160, 3840, 3)
2026-06-23 17:10:15 [INFO] 图像数据类型: uint8
2026-06-23 17:10:15 [INFO] 图像最大值: 255
2026-06-23 17:10:15 [INFO] 图像最小值: 0
2026-06-23 17:10:15 [INFO] 开始保存检测结果图像: 图像尺寸=(2160, 3840, 3), 类型=uint8, 路径=C:\code\show\Scrap_Steel_In_Field\photos\dangerous_det\detection_20260623_171015.jpg
2026-06-23 17:10:15 [INFO] 成功保存检测结果到: C:\code\show\Scrap_Steel_In_Field\photos\dangerous_det\detection_20260623_171015.jpg
2026-06-23 17:10:15 [INFO] 保存的检测结果文件大小: 2279384 字节
2026-06-23 17:10:15 [INFO] 引擎上下文已释放
2026-06-23 17:10:15 [INFO] TensorRT 引擎已释放
2026-06-23 17:10:15 [INFO] 全局 CUDA 资源已释放
2026-06-23 17:10:15 [INFO] 检测系统资源已释放
2026-06-23 17:10:20 [INFO] CUDA 初始化成功
2026-06-23 17:10:20 [INFO] 引擎加载成功: dangerous.engine
2026-06-23 17:10:20 [INFO] 检测系统初始化成功
2026-06-23 17:10:21 [INFO] 图像预处理完成，原始尺寸: (2160, 3840)
2026-06-23 17:10:21 [INFO] 开始执行目标检测...
2026-06-23 17:10:21 [INFO] 检测完成，找到 4 个物体
2026-06-23 17:10:21 [INFO] 物体 1: GasCyl1 (置信度: 0.90)
2026-06-23 17:10:21 [INFO] 物体 2: GasCyl1 (置信度: 0.70)
2026-06-23 17:10:21 [INFO] 物体 3: FireExt1 (置信度: 0.57)
2026-06-23 17:10:21 [INFO] 物体 4: FireExt1 (置信度: 0.48)
2026-06-23 17:10:21 [INFO] 检测到车兜区域，将过滤区域外的目标
2026-06-23 17:10:21 [INFO] 车兜区域过滤: 4 -> 3 个目标
2026-06-23 17:10:21 [INFO] 准备保存检测结果到: C:\code\show\Scrap_Steel_In_Field\photos\dangerous_det\detection_20260623_171021.jpg
2026-06-23 17:10:21 [INFO] 图像形状: (2160, 3840, 3)
2026-06-23 17:10:21 [INFO] 图像数据类型: uint8
2026-06-23 17:10:21 [INFO] 图像最大值: 255
2026-06-23 17:10:21 [INFO] 图像最小值: 0
2026-06-23 17:10:21 [INFO] 开始保存检测结果图像: 图像尺寸=(2160, 3840, 3), 类型=uint8, 路径=C:\code\show\Scrap_Steel_In_Field\photos\dangerous_det\detection_20260623_171021.jpg
2026-06-23 17:10:21 [INFO] 成功保存检测结果到: C:\code\show\Scrap_Steel_In_Field\photos\dangerous_det\detection_20260623_171021.jpg
2026-06-23 17:10:21 [INFO] 保存的检测结果文件大小: 2275842 字节
2026-06-23 17:10:21 [INFO] 引擎上下文已释放
2026-06-23 17:10:21 [INFO] TensorRT 引擎已释放
2026-06-23 17:10:21 [INFO] 全局 CUDA 资源已释放
2026-06-23 17:10:21 [INFO] 检测系统资源已释放
2026-06-23 17:10:26 [INFO] CUDA 初始化成功
2026-06-23 17:10:26 [INFO] 引擎加载成功: dangerous.engine
2026-06-23 17:10:26 [INFO] 检测系统初始化成功
2026-06-23 17:10:26 [INFO] 图像预处理完成，原始尺寸: (2160, 3840)
2026-06-23 17:10:26 [INFO] 开始执行目标检测...
2026-06-23 17:10:26 [INFO] 检测完成，找到 5 个物体
2026-06-23 17:10:26 [INFO] 物体 1: GasCyl1 (置信度: 0.89)
2026-06-23 17:10:26 [INFO] 物体 2: GasCyl1 (置信度: 0.67)
2026-06-23 17:10:26 [INFO] 物体 3: FireExt1 (置信度: 0.56)
2026-06-23 17:10:26 [INFO] 物体 4: FireExt1 (置信度: 0.46)
2026-06-23 17:10:26 [INFO] 物体 5: FireExt1 (置信度: 0.44)
2026-06-23 17:10:26 [INFO] 检测到车兜区域，将过滤区域外的目标
2026-06-23 17:10:26 [INFO] 车兜区域过滤: 5 -> 3 个目标
2026-06-23 17:10:26 [INFO] 准备保存检测结果到: C:\code\show\Scrap_Steel_In_Field\photos\dangerous_det\detection_20260623_171026.jpg
2026-06-23 17:10:26 [INFO] 图像形状: (2160, 3840, 3)
2026-06-23 17:10:26 [INFO] 图像数据类型: uint8
2026-06-23 17:10:26 [INFO] 图像最大值: 255
2026-06-23 17:10:26 [INFO] 图像最小值: 0
2026-06-23 17:10:26 [INFO] 开始保存检测结果图像: 图像尺寸=(2160, 3840, 3), 类型=uint8, 路径=C:\code\show\Scrap_Steel_In_Field\photos\dangerous_det\detection_20260623_171026.jpg
2026-06-23 17:10:26 [INFO] 成功保存检测结果到: C:\code\show\Scrap_Steel_In_Field\photos\dangerous_det\detection_20260623_171026.jpg
2026-06-23 17:10:26 [INFO] 保存的检测结果文件大小: 2281036 字节
2026-06-23 17:10:26 [INFO] 引擎上下文已释放
2026-06-23 17:10:26 [INFO] TensorRT 引擎已释放
2026-06-23 17:10:26 [INFO] 全局 CUDA 资源已释放
2026-06-23 17:10:26 [INFO] 检测系统资源已释放
2026-06-23 17:10:31 [INFO] CUDA 初始化成功
2026-06-23 17:10:31 [INFO] 引擎加载成功: dangerous.engine
2026-06-23 17:10:31 [INFO] 检测系统初始化成功
2026-06-23 17:10:31 [INFO] 图像预处理完成，原始尺寸: (2160, 3840)
2026-06-23 17:10:31 [INFO] 开始执行目标检测...
2026-06-23 17:10:31 [INFO] 检测完成，找到 5 个物体
2026-06-23 17:10:31 [INFO] 物体 1: GasCyl1 (置信度: 0.89)
2026-06-23 17:10:31 [INFO] 物体 2: GasCyl1 (置信度: 0.63)
2026-06-23 17:10:31 [INFO] 物体 3: FireExt1 (置信度: 0.57)
2026-06-23 17:10:31 [INFO] 物体 4: FireExt1 (置信度: 0.49)
2026-06-23 17:10:31 [INFO] 物体 5: FireExt1 (置信度: 0.40)
2026-06-23 17:10:31 [INFO] 检测到车兜区域，将过滤区域外的目标
2026-06-23 17:10:31 [INFO] 车兜区域过滤: 5 -> 3 个目标
2026-06-23 17:10:31 [INFO] 准备保存检测结果到: C:\code\show\Scrap_Steel_In_Field\photos\dangerous_det\detection_20260623_171031.jpg
2026-06-23 17:10:31 [INFO] 图像形状: (2160, 3840, 3)
2026-06-23 17:10:31 [INFO] 图像数据类型: uint8
2026-06-23 17:10:31 [INFO] 图像最大值: 255
2026-06-23 17:10:31 [INFO] 图像最小值: 0
2026-06-23 17:10:31 [INFO] 开始保存检测结果图像: 图像尺寸=(2160, 3840, 3), 类型=uint8, 路径=C:\code\show\Scrap_Steel_In_Field\photos\dangerous_det\detection_20260623_171031.jpg
2026-06-23 17:10:31 [INFO] 成功保存检测结果到: C:\code\show\Scrap_Steel_In_Field\photos\dangerous_det\detection_20260623_171031.jpg
2026-06-23 17:10:31 [INFO] 保存的检测结果文件大小: 2276929 字节
2026-06-23 17:10:31 [INFO] 引擎上下文已释放
2026-06-23 17:10:31 [INFO] TensorRT 引擎已释放
2026-06-23 17:10:31 [INFO] 全局 CUDA 资源已释放
2026-06-23 17:10:31 [INFO] 检测系统资源已释放
2026-06-23 17:10:36 [INFO] CUDA 初始化成功
2026-06-23 17:10:36 [INFO] 引擎加载成功: dangerous.engine
2026-06-23 17:10:36 [INFO] 检测系统初始化成功
2026-06-23 17:10:36 [INFO] 图像预处理完成，原始尺寸: (2160, 3840)
2026-06-23 17:10:36 [INFO] 开始执行目标检测...
2026-06-23 17:10:36 [INFO] 检测完成，找到 5 个物体
2026-06-23 17:10:36 [INFO] 物体 1: GasCyl1 (置信度: 0.90)
2026-06-23 17:10:36 [INFO] 物体 2: GasCyl1 (置信度: 0.75)
2026-06-23 17:10:36 [INFO] 物体 3: FireExt1 (置信度: 0.55)
2026-06-23 17:10:36 [INFO] 物体 4: GasCyl1 (置信度: 0.46)
2026-06-23 17:10:36 [INFO] 物体 5: FireExt1 (置信度: 0.44)
2026-06-23 17:10:36 [INFO] 检测到车兜区域，将过滤区域外的目标
2026-06-23 17:10:36 [INFO] 车兜区域过滤: 5 -> 3 个目标
2026-06-23 17:10:36 [INFO] 准备保存检测结果到: C:\code\show\Scrap_Steel_In_Field\photos\dangerous_det\detection_20260623_171036.jpg
2026-06-23 17:10:36 [INFO] 图像形状: (2160, 3840, 3)
2026-06-23 17:10:36 [INFO] 图像数据类型: uint8
2026-06-23 17:10:36 [INFO] 图像最大值: 255
2026-06-23 17:10:36 [INFO] 图像最小值: 0
2026-06-23 17:10:36 [INFO] 开始保存检测结果图像: 图像尺寸=(2160, 3840, 3), 类型=uint8, 路径=C:\code\show\Scrap_Steel_In_Field\photos\dangerous_det\detection_20260623_171036.jpg
2026-06-23 17:10:36 [INFO] 成功保存检测结果到: C:\code\show\Scrap_Steel_In_Field\photos\dangerous_det\detection_20260623_171036.jpg
2026-06-23 17:10:36 [INFO] 保存的检测结果文件大小: 2277135 字节
2026-06-23 17:10:36 [INFO] 引擎上下文已释放
2026-06-23 17:10:36 [INFO] TensorRT 引擎已释放
2026-06-23 17:10:36 [INFO] 全局 CUDA 资源已释放
2026-06-23 17:10:36 [INFO] 检测系统资源已释放
2026-06-23 17:10:42 [INFO] CUDA 初始化成功
2026-06-23 17:10:42 [INFO] 引擎加载成功: dangerous.engine
2026-06-23 17:10:42 [INFO] 检测系统初始化成功
2026-06-23 17:10:42 [INFO] 图像预处理完成，原始尺寸: (2160, 3840)
2026-06-23 17:10:42 [INFO] 开始执行目标检测...
2026-06-23 17:10:42 [INFO] 检测完成，找到 5 个物体
2026-06-23 17:10:42 [INFO] 物体 1: GasCyl1 (置信度: 0.90)
2026-06-23 17:10:42 [INFO] 物体 2: GasCyl1 (置信度: 0.71)
2026-06-23 17:10:42 [INFO] 物体 3: FireExt1 (置信度: 0.56)
2026-06-23 17:10:42 [INFO] 物体 4: FireExt1 (置信度: 0.49)
2026-06-23 17:10:42 [INFO] 物体 5: FireExt1 (置信度: 0.41)
2026-06-23 17:10:42 [INFO] 检测到车兜区域，将过滤区域外的目标
2026-06-23 17:10:42 [INFO] 车兜区域过滤: 5 -> 3 个目标
2026-06-23 17:10:42 [INFO] 准备保存检测结果到: C:\code\show\Scrap_Steel_In_Field\photos\dangerous_det\detection_20260623_171042.jpg
2026-06-23 17:10:42 [INFO] 图像形状: (2160, 3840, 3)
2026-06-23 17:10:42 [INFO] 图像数据类型: uint8
2026-06-23 17:10:42 [INFO] 图像最大值: 255
2026-06-23 17:10:42 [INFO] 图像最小值: 0
2026-06-23 17:10:42 [INFO] 开始保存检测结果图像: 图像尺寸=(2160, 3840, 3), 类型=uint8, 路径=C:\code\show\Scrap_Steel_In_Field\photos\dangerous_det\detection_20260623_171042.jpg
2026-06-23 17:10:42 [INFO] 成功保存检测结果到: C:\code\show\Scrap_Steel_In_Field\photos\dangerous_det\detection_20260623_171042.jpg
2026-06-23 17:10:42 [INFO] 保存的检测结果文件大小: 2278293 字节
2026-06-23 17:10:42 [INFO] 引擎上下文已释放
2026-06-23 17:10:42 [INFO] TensorRT 引擎已释放
2026-06-23 17:10:42 [INFO] 全局 CUDA 资源已释放
2026-06-23 17:10:42 [INFO] 检测系统资源已释放
2026-06-23 17:10:47 [INFO] CUDA 初始化成功
2026-06-23 17:10:47 [INFO] 引擎加载成功: dangerous.engine
2026-06-23 17:10:47 [INFO] 检测系统初始化成功
2026-06-23 17:10:47 [INFO] 图像预处理完成，原始尺寸: (2160, 3840)
2026-06-23 17:10:47 [INFO] 开始执行目标检测...
2026-06-23 17:10:47 [INFO] 检测完成，找到 5 个物体
2026-06-23 17:10:47 [INFO] 物体 1: GasCyl1 (置信度: 0.90)
2026-06-23 17:10:47 [INFO] 物体 2: GasCyl1 (置信度: 0.70)
2026-06-23 17:10:47 [INFO] 物体 3: FireExt1 (置信度: 0.54)
2026-06-23 17:10:47 [INFO] 物体 4: FireExt1 (置信度: 0.51)
2026-06-23 17:10:47 [INFO] 物体 5: FireExt1 (置信度: 0.45)
2026-06-23 17:10:47 [INFO] 检测到车兜区域，将过滤区域外的目标
2026-06-23 17:10:47 [INFO] 车兜区域过滤: 5 -> 3 个目标
2026-06-23 17:10:47 [INFO] 准备保存检测结果到: C:\code\show\Scrap_Steel_In_Field\photos\dangerous_det\detection_20260623_171047.jpg
2026-06-23 17:10:47 [INFO] 图像形状: (2160, 3840, 3)
2026-06-23 17:10:47 [INFO] 图像数据类型: uint8
2026-06-23 17:10:47 [INFO] 图像最大值: 255
2026-06-23 17:10:47 [INFO] 图像最小值: 0
2026-06-23 17:10:47 [INFO] 开始保存检测结果图像: 图像尺寸=(2160, 3840, 3), 类型=uint8, 路径=C:\code\show\Scrap_Steel_In_Field\photos\dangerous_det\detection_20260623_171047.jpg
2026-06-23 17:10:47 [INFO] 成功保存检测结果到: C:\code\show\Scrap_Steel_In_Field\photos\dangerous_det\detection_20260623_171047.jpg
2026-06-23 17:10:47 [INFO] 保存的检测结果文件大小: 2278411 字节
2026-06-23 17:10:47 [INFO] 引擎上下文已释放
2026-06-23 17:10:47 [INFO] TensorRT 引擎已释放
2026-06-23 17:10:47 [INFO] 全局 CUDA 资源已释放
2026-06-23 17:10:47 [INFO] 检测系统资源已释放
2026-06-23 17:10:52 [INFO] CUDA 初始化成功
2026-06-23 17:10:52 [INFO] 引擎加载成功: dangerous.engine
2026-06-23 17:10:52 [INFO] 检测系统初始化成功
2026-06-23 17:10:52 [INFO] 图像预处理完成，原始尺寸: (2160, 3840)
2026-06-23 17:10:52 [INFO] 开始执行目标检测...
2026-06-23 17:10:52 [INFO] 检测完成，找到 5 个物体
2026-06-23 17:10:52 [INFO] 物体 1: GasCyl1 (置信度: 0.90)
2026-06-23 17:10:52 [INFO] 物体 2: GasCyl1 (置信度: 0.74)
2026-06-23 17:10:52 [INFO] 物体 3: FireExt1 (置信度: 0.57)
2026-06-23 17:10:52 [INFO] 物体 4: FireExt1 (置信度: 0.49)
2026-06-23 17:10:52 [INFO] 物体 5: FireExt1 (置信度: 0.41)
2026-06-23 17:10:53 [INFO] 检测到车兜区域，将过滤区域外的目标
2026-06-23 17:10:53 [INFO] 车兜区域过滤: 5 -> 3 个目标
2026-06-23 17:10:53 [INFO] 准备保存检测结果到: C:\code\show\Scrap_Steel_In_Field\photos\dangerous_det\detection_20260623_171053.jpg
2026-06-23 17:10:53 [INFO] 图像形状: (2160, 3840, 3)
2026-06-23 17:10:53 [INFO] 图像数据类型: uint8
2026-06-23 17:10:53 [INFO] 图像最大值: 255
2026-06-23 17:10:53 [INFO] 图像最小值: 0
2026-06-23 17:10:53 [INFO] 开始保存检测结果图像: 图像尺寸=(2160, 3840, 3), 类型=uint8, 路径=C:\code\show\Scrap_Steel_In_Field\photos\dangerous_det\detection_20260623_171053.jpg
2026-06-23 17:10:53 [INFO] 成功保存检测结果到: C:\code\show\Scrap_Steel_In_Field\photos\dangerous_det\detection_20260623_171053.jpg
2026-06-23 17:10:53 [INFO] 保存的检测结果文件大小: 2277426 字节
2026-06-23 17:10:53 [INFO] 引擎上下文已释放
2026-06-23 17:10:53 [INFO] TensorRT 引擎已释放
2026-06-23 17:10:53 [INFO] 全局 CUDA 资源已释放
2026-06-23 17:10:53 [INFO] 检测系统资源已释放
2026-06-23 17:10:58 [INFO] CUDA 初始化成功
2026-06-23 17:10:58 [INFO] 引擎加载成功: dangerous.engine
2026-06-23 17:10:58 [INFO] 检测系统初始化成功
2026-06-23 17:10:58 [INFO] 图像预处理完成，原始尺寸: (2160, 3840)
2026-06-23 17:10:58 [INFO] 开始执行目标检测...
2026-06-23 17:10:58 [INFO] 检测完成，找到 5 个物体
2026-06-23 17:10:58 [INFO] 物体 1: GasCyl1 (置信度: 0.90)
2026-06-23 17:10:58 [INFO] 物体 2: GasCyl1 (置信度: 0.68)
2026-06-23 17:10:58 [INFO] 物体 3: FireExt1 (置信度: 0.54)
2026-06-23 17:10:58 [INFO] 物体 4: FireExt1 (置信度: 0.50)
2026-06-23 17:10:58 [INFO] 物体 5: FireExt1 (置信度: 0.42)
2026-06-23 17:10:58 [INFO] 检测到车兜区域，将过滤区域外的目标
2026-06-23 17:10:58 [INFO] 车兜区域过滤: 5 -> 3 个目标
2026-06-23 17:10:58 [INFO] 准备保存检测结果到: C:\code\show\Scrap_Steel_In_Field\photos\dangerous_det\detection_20260623_171058.jpg
2026-06-23 17:10:58 [INFO] 图像形状: (2160, 3840, 3)
2026-06-23 17:10:58 [INFO] 图像数据类型: uint8
2026-06-23 17:10:58 [INFO] 图像最大值: 255
2026-06-23 17:10:58 [INFO] 图像最小值: 0
2026-06-23 17:10:58 [INFO] 开始保存检测结果图像: 图像尺寸=(2160, 3840, 3), 类型=uint8, 路径=C:\code\show\Scrap_Steel_In_Field\photos\dangerous_det\detection_20260623_171058.jpg
2026-06-23 17:10:58 [INFO] 成功保存检测结果到: C:\code\show\Scrap_Steel_In_Field\photos\dangerous_det\detection_20260623_171058.jpg
2026-06-23 17:10:58 [INFO] 保存的检测结果文件大小: 2276683 字节
2026-06-23 17:10:58 [INFO] 引擎上下文已释放
2026-06-23 17:10:58 [INFO] TensorRT 引擎已释放
2026-06-23 17:10:58 [INFO] 全局 CUDA 资源已释放
2026-06-23 17:10:58 [INFO] 检测系统资源已释放
2026-06-23 17:11:03 [INFO] CUDA 初始化成功
2026-06-23 17:11:03 [INFO] 引擎加载成功: dangerous.engine
2026-06-23 17:11:03 [INFO] 检测系统初始化成功
2026-06-23 17:11:03 [INFO] 图像预处理完成，原始尺寸: (2160, 3840)
2026-06-23 17:11:03 [INFO] 开始执行目标检测...
2026-06-23 17:11:03 [INFO] 检测完成，找到 5 个物体
2026-06-23 17:11:03 [INFO] 物体 1: GasCyl1 (置信度: 0.89)
2026-06-23 17:11:03 [INFO] 物体 2: GasCyl1 (置信度: 0.60)
2026-06-23 17:11:03 [INFO] 物体 3: FireExt1 (置信度: 0.54)
2026-06-23 17:11:03 [INFO] 物体 4: FireExt1 (置信度: 0.46)
2026-06-23 17:11:03 [INFO] 物体 5: FireExt1 (置信度: 0.45)
2026-06-23 17:11:03 [INFO] 检测到车兜区域，将过滤区域外的目标
2026-06-23 17:11:03 [INFO] 车兜区域过滤: 5 -> 3 个目标
2026-06-23 17:11:03 [INFO] 准备保存检测结果到: C:\code\show\Scrap_Steel_In_Field\photos\dangerous_det\detection_20260623_171103.jpg
2026-06-23 17:11:03 [INFO] 图像形状: (2160, 3840, 3)
2026-06-23 17:11:03 [INFO] 图像数据类型: uint8
2026-06-23 17:11:03 [INFO] 图像最大值: 255
2026-06-23 17:11:03 [INFO] 图像最小值: 0
2026-06-23 17:11:03 [INFO] 开始保存检测结果图像: 图像尺寸=(2160, 3840, 3), 类型=uint8, 路径=C:\code\show\Scrap_Steel_In_Field\photos\dangerous_det\detection_20260623_171103.jpg
2026-06-23 17:11:03 [INFO] 成功保存检测结果到: C:\code\show\Scrap_Steel_In_Field\photos\dangerous_det\detection_20260623_171103.jpg
2026-06-23 17:11:03 [INFO] 保存的检测结果文件大小: 2276398 字节
2026-06-23 17:11:03 [INFO] 引擎上下文已释放
2026-06-23 17:11:03 [INFO] TensorRT 引擎已释放
2026-06-23 17:11:03 [INFO] 全局 CUDA 资源已释放
2026-06-23 17:11:03 [INFO] 检测系统资源已释放
2026-06-23 17:11:08 [INFO] CUDA 初始化成功
2026-06-23 17:11:08 [INFO] 引擎加载成功: dangerous.engine
2026-06-23 17:11:08 [INFO] 检测系统初始化成功
2026-06-23 17:11:08 [INFO] 图像预处理完成，原始尺寸: (2160, 3840)
2026-06-23 17:11:08 [INFO] 开始执行目标检测...
2026-06-23 17:11:08 [INFO] 检测完成，找到 5 个物体
2026-06-23 17:11:08 [INFO] 物体 1: GasCyl1 (置信度: 0.89)
2026-06-23 17:11:08 [INFO] 物体 2: GasCyl1 (置信度: 0.76)
2026-06-23 17:11:08 [INFO] 物体 3: FireExt1 (置信度: 0.55)
2026-06-23 17:11:08 [INFO] 物体 4: FireExt1 (置信度: 0.50)
2026-06-23 17:11:08 [INFO] 物体 5: FireExt1 (置信度: 0.45)
2026-06-23 17:11:08 [INFO] 检测到车兜区域，将过滤区域外的目标
2026-06-23 17:11:08 [INFO] 车兜区域过滤: 5 -> 3 个目标
2026-06-23 17:11:08 [INFO] 准备保存检测结果到: C:\code\show\Scrap_Steel_In_Field\photos\dangerous_det\detection_20260623_171108.jpg
2026-06-23 17:11:08 [INFO] 图像形状: (2160, 3840, 3)
2026-06-23 17:11:08 [INFO] 图像数据类型: uint8
2026-06-23 17:11:08 [INFO] 图像最大值: 255
2026-06-23 17:11:08 [INFO] 图像最小值: 0
2026-06-23 17:11:08 [INFO] 开始保存检测结果图像: 图像尺寸=(2160, 3840, 3), 类型=uint8, 路径=C:\code\show\Scrap_Steel_In_Field\photos\dangerous_det\detection_20260623_171108.jpg
2026-06-23 17:11:08 [INFO] 成功保存检测结果到: C:\code\show\Scrap_Steel_In_Field\photos\dangerous_det\detection_20260623_171108.jpg
2026-06-23 17:11:08 [INFO] 保存的检测结果文件大小: 2276455 字节
2026-06-23 17:11:08 [INFO] 引擎上下文已释放
2026-06-23 17:11:08 [INFO] TensorRT 引擎已释放
2026-06-23 17:11:08 [INFO] 全局 CUDA 资源已释放
2026-06-23 17:11:08 [INFO] 检测系统资源已释放
2026-06-23 17:11:13 [INFO] CUDA 初始化成功
2026-06-23 17:11:13 [INFO] 引擎加载成功: dangerous.engine
2026-06-23 17:11:13 [INFO] 检测系统初始化成功
2026-06-23 17:11:13 [INFO] 图像预处理完成，原始尺寸: (2160, 3840)
2026-06-23 17:11:13 [INFO] 开始执行目标检测...
2026-06-23 17:11:14 [INFO] 检测完成，找到 5 个物体
2026-06-23 17:11:14 [INFO] 物体 1: GasCyl1 (置信度: 0.89)
2026-06-23 17:11:14 [INFO] 物体 2: GasCyl1 (置信度: 0.69)
2026-06-23 17:11:14 [INFO] 物体 3: FireExt1 (置信度: 0.55)
2026-06-23 17:11:14 [INFO] 物体 4: FireExt1 (置信度: 0.48)
2026-06-23 17:11:14 [INFO] 物体 5: FireExt1 (置信度: 0.42)
2026-06-23 17:11:14 [INFO] 检测到车兜区域，将过滤区域外的目标
2026-06-23 17:11:14 [INFO] 车兜区域过滤: 5 -> 3 个目标
2026-06-23 17:11:14 [INFO] 准备保存检测结果到: C:\code\show\Scrap_Steel_In_Field\photos\dangerous_det\detection_20260623_171114.jpg
2026-06-23 17:11:14 [INFO] 图像形状: (2160, 3840, 3)
2026-06-23 17:11:14 [INFO] 图像数据类型: uint8
2026-06-23 17:11:14 [INFO] 图像最大值: 255
2026-06-23 17:11:14 [INFO] 图像最小值: 0
2026-06-23 17:11:14 [INFO] 开始保存检测结果图像: 图像尺寸=(2160, 3840, 3), 类型=uint8, 路径=C:\code\show\Scrap_Steel_In_Field\photos\dangerous_det\detection_20260623_171114.jpg
2026-06-23 17:11:14 [INFO] 成功保存检测结果到: C:\code\show\Scrap_Steel_In_Field\photos\dangerous_det\detection_20260623_171114.jpg
2026-06-23 17:11:14 [INFO] 保存的检测结果文件大小: 2279016 字节
2026-06-23 17:11:14 [INFO] 引擎上下文已释放
2026-06-23 17:11:14 [INFO] TensorRT 引擎已释放
2026-06-23 17:11:14 [INFO] 全局 CUDA 资源已释放
2026-06-23 17:11:14 [INFO] 检测系统资源已释放
2026-06-23 17:11:19 [INFO] CUDA 初始化成功
2026-06-23 17:11:19 [INFO] 引擎加载成功: dangerous.engine
2026-06-23 17:11:19 [INFO] 检测系统初始化成功
2026-06-23 17:11:19 [INFO] 图像预处理完成，原始尺寸: (2160, 3840)
2026-06-23 17:11:19 [INFO] 开始执行目标检测...
2026-06-23 17:11:19 [INFO] 检测完成，找到 4 个物体
2026-06-23 17:11:19 [INFO] 物体 1: GasCyl1 (置信度: 0.90)
2026-06-23 17:11:19 [INFO] 物体 2: GasCyl1 (置信度: 0.67)
2026-06-23 17:11:19 [INFO] 物体 3: FireExt1 (置信度: 0.55)
2026-06-23 17:11:19 [INFO] 物体 4: FireExt1 (置信度: 0.48)
2026-06-23 17:11:19 [INFO] 检测到车兜区域，将过滤区域外的目标
2026-06-23 17:11:19 [INFO] 车兜区域过滤: 4 -> 3 个目标
2026-06-23 17:11:19 [INFO] 准备保存检测结果到: C:\code\show\Scrap_Steel_In_Field\photos\dangerous_det\detection_20260623_171119.jpg
2026-06-23 17:11:19 [INFO] 图像形状: (2160, 3840, 3)
2026-06-23 17:11:19 [INFO] 图像数据类型: uint8
2026-06-23 17:11:19 [INFO] 图像最大值: 255
2026-06-23 17:11:19 [INFO] 图像最小值: 0
2026-06-23 17:11:19 [INFO] 开始保存检测结果图像: 图像尺寸=(2160, 3840, 3), 类型=uint8, 路径=C:\code\show\Scrap_Steel_In_Field\photos\dangerous_det\detection_20260623_171119.jpg
2026-06-23 17:11:19 [INFO] 成功保存检测结果到: C:\code\show\Scrap_Steel_In_Field\photos\dangerous_det\detection_20260623_171119.jpg
2026-06-23 17:11:19 [INFO] 保存的检测结果文件大小: 2279568 字节
2026-06-23 17:11:19 [INFO] 引擎上下文已释放
2026-06-23 17:11:19 [INFO] TensorRT 引擎已释放
2026-06-23 17:11:19 [INFO] 全局 CUDA 资源已释放
2026-06-23 17:11:19 [INFO] 检测系统资源已释放
2026-06-23 17:11:24 [INFO] CUDA 初始化成功
2026-06-23 17:11:24 [INFO] 引擎加载成功: dangerous.engine
2026-06-23 17:11:24 [INFO] 检测系统初始化成功
2026-06-23 17:11:24 [INFO] 图像预处理完成，原始尺寸: (2160, 3840)
2026-06-23 17:11:24 [INFO] 开始执行目标检测...
2026-06-23 17:11:24 [INFO] 检测完成，找到 5 个物体
2026-06-23 17:11:24 [INFO] 物体 1: GasCyl1 (置信度: 0.90)
2026-06-23 17:11:24 [INFO] 物体 2: GasCyl1 (置信度: 0.68)
2026-06-23 17:11:24 [INFO] 物体 3: FireExt1 (置信度: 0.55)
2026-06-23 17:11:24 [INFO] 物体 4: FireExt1 (置信度: 0.45)
2026-06-23 17:11:24 [INFO] 物体 5: FireExt1 (置信度: 0.44)
2026-06-23 17:11:24 [INFO] 检测到车兜区域，将过滤区域外的目标
2026-06-23 17:11:24 [INFO] 车兜区域过滤: 5 -> 3 个目标
2026-06-23 17:11:24 [INFO] 准备保存检测结果到: C:\code\show\Scrap_Steel_In_Field\photos\dangerous_det\detection_20260623_171124.jpg
2026-06-23 17:11:24 [INFO] 图像形状: (2160, 3840, 3)
2026-06-23 17:11:24 [INFO] 图像数据类型: uint8
2026-06-23 17:11:24 [INFO] 图像最大值: 255
2026-06-23 17:11:24 [INFO] 图像最小值: 0
2026-06-23 17:11:24 [INFO] 开始保存检测结果图像: 图像尺寸=(2160, 3840, 3), 类型=uint8, 路径=C:\code\show\Scrap_Steel_In_Field\photos\dangerous_det\detection_20260623_171124.jpg
2026-06-23 17:11:24 [INFO] 成功保存检测结果到: C:\code\show\Scrap_Steel_In_Field\photos\dangerous_det\detection_20260623_171124.jpg
2026-06-23 17:11:24 [INFO] 保存的检测结果文件大小: 2273574 字节
2026-06-23 17:11:24 [INFO] 引擎上下文已释放
2026-06-23 17:11:24 [INFO] TensorRT 引擎已释放
2026-06-23 17:11:24 [INFO] 全局 CUDA 资源已释放
2026-06-23 17:11:24 [INFO] 检测系统资源已释放
2026-06-23 17:11:29 [INFO] CUDA 初始化成功
2026-06-23 17:11:29 [INFO] 引擎加载成功: dangerous.engine
2026-06-23 17:11:29 [INFO] 检测系统初始化成功
2026-06-23 17:11:29 [INFO] 图像预处理完成，原始尺寸: (2160, 3840)
2026-06-23 17:11:29 [INFO] 开始执行目标检测...
2026-06-23 17:11:29 [INFO] 检测完成，找到 5 个物体
2026-06-23 17:11:29 [INFO] 物体 1: GasCyl1 (置信度: 0.90)
2026-06-23 17:11:29 [INFO] 物体 2: GasCyl1 (置信度: 0.74)
2026-06-23 17:11:29 [INFO] 物体 3: FireExt1 (置信度: 0.55)
2026-06-23 17:11:29 [INFO] 物体 4: FireExt1 (置信度: 0.48)
2026-06-23 17:11:29 [INFO] 物体 5: FireExt1 (置信度: 0.38)
2026-06-23 17:11:29 [INFO] 检测到车兜区域，将过滤区域外的目标
2026-06-23 17:11:29 [INFO] 车兜区域过滤: 5 -> 3 个目标
2026-06-23 17:11:29 [INFO] 准备保存检测结果到: C:\code\show\Scrap_Steel_In_Field\photos\dangerous_det\detection_20260623_171129.jpg
2026-06-23 17:11:29 [INFO] 图像形状: (2160, 3840, 3)
2026-06-23 17:11:29 [INFO] 图像数据类型: uint8
2026-06-23 17:11:29 [INFO] 图像最大值: 255
2026-06-23 17:11:29 [INFO] 图像最小值: 0
2026-06-23 17:11:29 [INFO] 开始保存检测结果图像: 图像尺寸=(2160, 3840, 3), 类型=uint8, 路径=C:\code\show\Scrap_Steel_In_Field\photos\dangerous_det\detection_20260623_171129.jpg
2026-06-23 17:11:29 [INFO] 成功保存检测结果到: C:\code\show\Scrap_Steel_In_Field\photos\dangerous_det\detection_20260623_171129.jpg
2026-06-23 17:11:29 [INFO] 保存的检测结果文件大小: 2276283 字节
2026-06-23 17:11:29 [INFO] 引擎上下文已释放
2026-06-23 17:11:29 [INFO] TensorRT 引擎已释放
2026-06-23 17:11:29 [INFO] 全局 CUDA 资源已释放
2026-06-23 17:11:29 [INFO] 检测系统资源已释放
2026-06-23 17:11:35 [INFO] CUDA 初始化成功
2026-06-23 17:11:35 [INFO] 引擎加载成功: dangerous.engine
2026-06-23 17:11:35 [INFO] 检测系统初始化成功
2026-06-23 17:11:35 [INFO] 图像预处理完成，原始尺寸: (2160, 3840)
2026-06-23 17:11:35 [INFO] 开始执行目标检测...
2026-06-23 17:11:35 [INFO] 检测完成，找到 5 个物体
2026-06-23 17:11:35 [INFO] 物体 1: GasCyl1 (置信度: 0.90)
2026-06-23 17:11:35 [INFO] 物体 2: GasCyl1 (置信度: 0.65)
2026-06-23 17:11:35 [INFO] 物体 3: FireExt1 (置信度: 0.56)
2026-06-23 17:11:35 [INFO] 物体 4: GasCyl1 (置信度: 0.51)
2026-06-23 17:11:35 [INFO] 物体 5: FireExt1 (置信度: 0.44)
2026-06-23 17:11:35 [INFO] 检测到车兜区域，将过滤区域外的目标
2026-06-23 17:11:35 [INFO] 车兜区域过滤: 5 -> 3 个目标
2026-06-23 17:11:35 [INFO] 准备保存检测结果到: C:\code\show\Scrap_Steel_In_Field\photos\dangerous_det\detection_20260623_171135.jpg
2026-06-23 17:11:35 [INFO] 图像形状: (2160, 3840, 3)
2026-06-23 17:11:35 [INFO] 图像数据类型: uint8
2026-06-23 17:11:35 [INFO] 图像最大值: 255
2026-06-23 17:11:35 [INFO] 图像最小值: 0
2026-06-23 17:11:35 [INFO] 开始保存检测结果图像: 图像尺寸=(2160, 3840, 3), 类型=uint8, 路径=C:\code\show\Scrap_Steel_In_Field\photos\dangerous_det\detection_20260623_171135.jpg
2026-06-23 17:11:35 [INFO] 成功保存检测结果到: C:\code\show\Scrap_Steel_In_Field\photos\dangerous_det\detection_20260623_171135.jpg
2026-06-23 17:11:35 [INFO] 保存的检测结果文件大小: 2278519 字节
2026-06-23 17:11:35 [INFO] 引擎上下文已释放
2026-06-23 17:11:35 [INFO] TensorRT 引擎已释放
2026-06-23 17:11:35 [INFO] 全局 CUDA 资源已释放
2026-06-23 17:11:35 [INFO] 检测系统资源已释放
2026-06-23 17:11:40 [INFO] CUDA 初始化成功
2026-06-23 17:11:40 [INFO] 引擎加载成功: dangerous.engine
2026-06-23 17:11:40 [INFO] 检测系统初始化成功
2026-06-23 17:11:40 [INFO] 图像预处理完成，原始尺寸: (2160, 3840)
2026-06-23 17:11:40 [INFO] 开始执行目标检测...
2026-06-23 17:11:40 [INFO] 检测完成，找到 5 个物体
2026-06-23 17:11:40 [INFO] 物体 1: GasCyl1 (置信度: 0.89)
2026-06-23 17:11:40 [INFO] 物体 2: GasCyl1 (置信度: 0.66)
2026-06-23 17:11:40 [INFO] 物体 3: FireExt1 (置信度: 0.56)
2026-06-23 17:11:40 [INFO] 物体 4: FireExt1 (置信度: 0.48)
2026-06-23 17:11:40 [INFO] 物体 5: FireExt1 (置信度: 0.42)
2026-06-23 17:11:40 [INFO] 检测到车兜区域，将过滤区域外的目标
2026-06-23 17:11:40 [INFO] 车兜区域过滤: 5 -> 3 个目标
2026-06-23 17:11:40 [INFO] 准备保存检测结果到: C:\code\show\Scrap_Steel_In_Field\photos\dangerous_det\detection_20260623_171140.jpg
2026-06-23 17:11:40 [INFO] 图像形状: (2160, 3840, 3)
2026-06-23 17:11:40 [INFO] 图像数据类型: uint8
2026-06-23 17:11:40 [INFO] 图像最大值: 255
2026-06-23 17:11:40 [INFO] 图像最小值: 0
2026-06-23 17:11:40 [INFO] 开始保存检测结果图像: 图像尺寸=(2160, 3840, 3), 类型=uint8, 路径=C:\code\show\Scrap_Steel_In_Field\photos\dangerous_det\detection_20260623_171140.jpg
2026-06-23 17:11:40 [INFO] 成功保存检测结果到: C:\code\show\Scrap_Steel_In_Field\photos\dangerous_det\detection_20260623_171140.jpg
2026-06-23 17:11:40 [INFO] 保存的检测结果文件大小: 2277159 字节
2026-06-23 17:11:40 [INFO] 引擎上下文已释放
2026-06-23 17:11:40 [INFO] TensorRT 引擎已释放
2026-06-23 17:11:40 [INFO] 全局 CUDA 资源已释放
2026-06-23 17:11:40 [INFO] 检测系统资源已释放
2026-06-23 17:11:45 [INFO] CUDA 初始化成功
2026-06-23 17:11:45 [INFO] 引擎加载成功: dangerous.engine
2026-06-23 17:11:45 [INFO] 检测系统初始化成功
2026-06-23 17:11:45 [INFO] 图像预处理完成，原始尺寸: (2160, 3840)
2026-06-23 17:11:45 [INFO] 开始执行目标检测...
2026-06-23 17:11:45 [INFO] 检测完成，找到 5 个物体
2026-06-23 17:11:45 [INFO] 物体 1: GasCyl1 (置信度: 0.89)
2026-06-23 17:11:45 [INFO] 物体 2: GasCyl1 (置信度: 0.66)
2026-06-23 17:11:45 [INFO] 物体 3: FireExt1 (置信度: 0.56)
2026-06-23 17:11:45 [INFO] 物体 4: FireExt1 (置信度: 0.49)
2026-06-23 17:11:45 [INFO] 物体 5: FireExt1 (置信度: 0.41)
2026-06-23 17:11:45 [INFO] 检测到车兜区域，将过滤区域外的目标
2026-06-23 17:11:45 [INFO] 车兜区域过滤: 5 -> 3 个目标
2026-06-23 17:11:45 [INFO] 准备保存检测结果到: C:\code\show\Scrap_Steel_In_Field\photos\dangerous_det\detection_20260623_171145.jpg
2026-06-23 17:11:45 [INFO] 图像形状: (2160, 3840, 3)
2026-06-23 17:11:45 [INFO] 图像数据类型: uint8
2026-06-23 17:11:45 [INFO] 图像最大值: 255
2026-06-23 17:11:45 [INFO] 图像最小值: 0
2026-06-23 17:11:45 [INFO] 开始保存检测结果图像: 图像尺寸=(2160, 3840, 3), 类型=uint8, 路径=C:\code\show\Scrap_Steel_In_Field\photos\dangerous_det\detection_20260623_171145.jpg
2026-06-23 17:11:45 [INFO] 成功保存检测结果到: C:\code\show\Scrap_Steel_In_Field\photos\dangerous_det\detection_20260623_171145.jpg
2026-06-23 17:11:45 [INFO] 保存的检测结果文件大小: 2280482 字节
2026-06-23 17:11:45 [INFO] 引擎上下文已释放
2026-06-23 17:11:45 [INFO] TensorRT 引擎已释放
2026-06-23 17:11:45 [INFO] 全局 CUDA 资源已释放
2026-06-23 17:11:45 [INFO] 检测系统资源已释放
2026-06-23 17:11:50 [INFO] CUDA 初始化成功
2026-06-23 17:11:50 [INFO] 引擎加载成功: dangerous.engine
2026-06-23 17:11:50 [INFO] 检测系统初始化成功
2026-06-23 17:11:51 [INFO] 图像预处理完成，原始尺寸: (2160, 3840)
2026-06-23 17:11:51 [INFO] 开始执行目标检测...
2026-06-23 17:11:51 [INFO] 检测完成，找到 5 个物体
2026-06-23 17:11:51 [INFO] 物体 1: GasCyl1 (置信度: 0.89)
2026-06-23 17:11:51 [INFO] 物体 2: GasCyl1 (置信度: 0.61)
2026-06-23 17:11:51 [INFO] 物体 3: FireExt1 (置信度: 0.57)
2026-06-23 17:11:51 [INFO] 物体 4: FireExt1 (置信度: 0.51)
2026-06-23 17:11:51 [INFO] 物体 5: FireExt1 (置信度: 0.40)
2026-06-23 17:11:51 [INFO] 检测到车兜区域，将过滤区域外的目标
2026-06-23 17:11:51 [INFO] 车兜区域过滤: 5 -> 3 个目标
2026-06-23 17:11:51 [INFO] 准备保存检测结果到: C:\code\show\Scrap_Steel_In_Field\photos\dangerous_det\detection_20260623_171151.jpg
2026-06-23 17:11:51 [INFO] 图像形状: (2160, 3840, 3)
2026-06-23 17:11:51 [INFO] 图像数据类型: uint8
2026-06-23 17:11:51 [INFO] 图像最大值: 255
2026-06-23 17:11:51 [INFO] 图像最小值: 0
2026-06-23 17:11:51 [INFO] 开始保存检测结果图像: 图像尺寸=(2160, 3840, 3), 类型=uint8, 路径=C:\code\show\Scrap_Steel_In_Field\photos\dangerous_det\detection_20260623_171151.jpg
2026-06-23 17:11:51 [INFO] 成功保存检测结果到: C:\code\show\Scrap_Steel_In_Field\photos\dangerous_det\detection_20260623_171151.jpg
2026-06-23 17:11:51 [INFO] 保存的检测结果文件大小: 2279385 字节
2026-06-23 17:11:51 [INFO] 引擎上下文已释放
2026-06-23 17:11:51 [INFO] TensorRT 引擎已释放
2026-06-23 17:11:51 [INFO] 全局 CUDA 资源已释放
2026-06-23 17:11:51 [INFO] 检测系统资源已释放
2026-06-23 17:11:56 [INFO] CUDA 初始化成功
2026-06-23 17:11:56 [INFO] 引擎加载成功: dangerous.engine
2026-06-23 17:11:56 [INFO] 检测系统初始化成功
2026-06-23 17:11:56 [INFO] 图像预处理完成，原始尺寸: (2160, 3840)
2026-06-23 17:11:56 [INFO] 开始执行目标检测...
2026-06-23 17:11:56 [INFO] 检测完成，找到 5 个物体
2026-06-23 17:11:56 [INFO] 物体 1: GasCyl1 (置信度: 0.89)
2026-06-23 17:11:56 [INFO] 物体 2: GasCyl1 (置信度: 0.64)
2026-06-23 17:11:56 [INFO] 物体 3: FireExt1 (置信度: 0.57)
2026-06-23 17:11:56 [INFO] 物体 4: GasCyl1 (置信度: 0.49)
2026-06-23 17:11:56 [INFO] 物体 5: FireExt1 (置信度: 0.39)
2026-06-23 17:11:56 [INFO] 检测到车兜区域，将过滤区域外的目标
2026-06-23 17:11:56 [INFO] 车兜区域过滤: 5 -> 3 个目标
2026-06-23 17:11:56 [INFO] 准备保存检测结果到: C:\code\show\Scrap_Steel_In_Field\photos\dangerous_det\detection_20260623_171156.jpg
2026-06-23 17:11:56 [INFO] 图像形状: (2160, 3840, 3)
2026-06-23 17:11:56 [INFO] 图像数据类型: uint8
2026-06-23 17:11:56 [INFO] 图像最大值: 255
2026-06-23 17:11:56 [INFO] 图像最小值: 0
2026-06-23 17:11:56 [INFO] 开始保存检测结果图像: 图像尺寸=(2160, 3840, 3), 类型=uint8, 路径=C:\code\show\Scrap_Steel_In_Field\photos\dangerous_det\detection_20260623_171156.jpg
2026-06-23 17:11:56 [INFO] 成功保存检测结果到: C:\code\show\Scrap_Steel_In_Field\photos\dangerous_det\detection_20260623_171156.jpg
2026-06-23 17:11:56 [INFO] 保存的检测结果文件大小: 2275767 字节
2026-06-23 17:11:56 [INFO] 引擎上下文已释放
2026-06-23 17:11:56 [INFO] TensorRT 引擎已释放
2026-06-23 17:11:56 [INFO] 全局 CUDA 资源已释放
2026-06-23 17:11:56 [INFO] 检测系统资源已释放
2026-06-23 17:12:01 [INFO] CUDA 初始化成功
2026-06-23 17:12:01 [INFO] 引擎加载成功: dangerous.engine
2026-06-23 17:12:01 [INFO] 检测系统初始化成功
2026-06-23 17:12:01 [INFO] 图像预处理完成，原始尺寸: (2160, 3840)
2026-06-23 17:12:01 [INFO] 开始执行目标检测...
2026-06-23 17:12:01 [INFO] 检测完成，找到 5 个物体
2026-06-23 17:12:01 [INFO] 物体 1: GasCyl1 (置信度: 0.89)
2026-06-23 17:12:01 [INFO] 物体 2: GasCyl1 (置信度: 0.69)
2026-06-23 17:12:01 [INFO] 物体 3: FireExt1 (置信度: 0.56)
2026-06-23 17:12:01 [INFO] 物体 4: FireExt1 (置信度: 0.50)
2026-06-23 17:12:01 [INFO] 物体 5: FireExt1 (置信度: 0.41)
2026-06-23 17:12:01 [INFO] 检测到车兜区域，将过滤区域外的目标
2026-06-23 17:12:01 [INFO] 车兜区域过滤: 5 -> 3 个目标
2026-06-23 17:12:01 [INFO] 准备保存检测结果到: C:\code\show\Scrap_Steel_In_Field\photos\dangerous_det\detection_20260623_171201.jpg
2026-06-23 17:12:01 [INFO] 图像形状: (2160, 3840, 3)
2026-06-23 17:12:01 [INFO] 图像数据类型: uint8
2026-06-23 17:12:01 [INFO] 图像最大值: 255
2026-06-23 17:12:01 [INFO] 图像最小值: 0
2026-06-23 17:12:01 [INFO] 开始保存检测结果图像: 图像尺寸=(2160, 3840, 3), 类型=uint8, 路径=C:\code\show\Scrap_Steel_In_Field\photos\dangerous_det\detection_20260623_171201.jpg
2026-06-23 17:12:01 [INFO] 成功保存检测结果到: C:\code\show\Scrap_Steel_In_Field\photos\dangerous_det\detection_20260623_171201.jpg
2026-06-23 17:12:01 [INFO] 保存的检测结果文件大小: 2278652 字节
2026-06-23 17:12:01 [INFO] 引擎上下文已释放
2026-06-23 17:12:01 [INFO] TensorRT 引擎已释放
2026-06-23 17:12:01 [INFO] 全局 CUDA 资源已释放
2026-06-23 17:12:01 [INFO] 检测系统资源已释放
2026-06-23 17:12:06 [INFO] CUDA 初始化成功
2026-06-23 17:12:06 [INFO] 引擎加载成功: dangerous.engine
2026-06-23 17:12:06 [INFO] 检测系统初始化成功
2026-06-23 17:12:06 [INFO] 图像预处理完成，原始尺寸: (2160, 3840)
2026-06-23 17:12:06 [INFO] 开始执行目标检测...
2026-06-23 17:12:06 [INFO] 检测完成，找到 5 个物体
2026-06-23 17:12:06 [INFO] 物体 1: GasCyl1 (置信度: 0.90)
2026-06-23 17:12:06 [INFO] 物体 2: GasCyl1 (置信度: 0.76)
2026-06-23 17:12:06 [INFO] 物体 3: FireExt1 (置信度: 0.55)
2026-06-23 17:12:06 [INFO] 物体 4: FireExt1 (置信度: 0.51)
2026-06-23 17:12:06 [INFO] 物体 5: FireExt1 (置信度: 0.38)
2026-06-23 17:12:06 [INFO] 检测到车兜区域，将过滤区域外的目标
2026-06-23 17:12:06 [INFO] 车兜区域过滤: 5 -> 3 个目标
2026-06-23 17:12:06 [INFO] 准备保存检测结果到: C:\code\show\Scrap_Steel_In_Field\photos\dangerous_det\detection_20260623_171206.jpg
2026-06-23 17:12:06 [INFO] 图像形状: (2160, 3840, 3)
2026-06-23 17:12:06 [INFO] 图像数据类型: uint8
2026-06-23 17:12:06 [INFO] 图像最大值: 255
2026-06-23 17:12:06 [INFO] 图像最小值: 0
2026-06-23 17:12:06 [INFO] 开始保存检测结果图像: 图像尺寸=(2160, 3840, 3), 类型=uint8, 路径=C:\code\show\Scrap_Steel_In_Field\photos\dangerous_det\detection_20260623_171206.jpg
2026-06-23 17:12:06 [INFO] 成功保存检测结果到: C:\code\show\Scrap_Steel_In_Field\photos\dangerous_det\detection_20260623_171206.jpg
2026-06-23 17:12:06 [INFO] 保存的检测结果文件大小: 2275281 字节
2026-06-23 17:12:06 [INFO] 引擎上下文已释放
2026-06-23 17:12:06 [INFO] TensorRT 引擎已释放
2026-06-23 17:12:06 [INFO] 全局 CUDA 资源已释放
2026-06-23 17:12:06 [INFO] 检测系统资源已释放
2026-06-23 17:12:12 [INFO] CUDA 初始化成功
2026-06-23 17:12:12 [INFO] 引擎加载成功: dangerous.engine
2026-06-23 17:12:12 [INFO] 检测系统初始化成功
2026-06-23 17:12:12 [INFO] 图像预处理完成，原始尺寸: (2160, 3840)
2026-06-23 17:12:12 [INFO] 开始执行目标检测...
2026-06-23 17:12:12 [INFO] 检测完成，找到 5 个物体
2026-06-23 17:12:12 [INFO] 物体 1: GasCyl1 (置信度: 0.90)
2026-06-23 17:12:12 [INFO] 物体 2: GasCyl1 (置信度: 0.69)
2026-06-23 17:12:12 [INFO] 物体 3: FireExt1 (置信度: 0.56)
2026-06-23 17:12:12 [INFO] 物体 4: FireExt1 (置信度: 0.48)
2026-06-23 17:12:12 [INFO] 物体 5: FireExt1 (置信度: 0.41)
2026-06-23 17:12:12 [INFO] 检测到车兜区域，将过滤区域外的目标
2026-06-23 17:12:12 [INFO] 车兜区域过滤: 5 -> 3 个目标
2026-06-23 17:12:12 [INFO] 准备保存检测结果到: C:\code\show\Scrap_Steel_In_Field\photos\dangerous_det\detection_20260623_171212.jpg
2026-06-23 17:12:12 [INFO] 图像形状: (2160, 3840, 3)
2026-06-23 17:12:12 [INFO] 图像数据类型: uint8
2026-06-23 17:12:12 [INFO] 图像最大值: 255
2026-06-23 17:12:12 [INFO] 图像最小值: 0
2026-06-23 17:12:12 [INFO] 开始保存检测结果图像: 图像尺寸=(2160, 3840, 3), 类型=uint8, 路径=C:\code\show\Scrap_Steel_In_Field\photos\dangerous_det\detection_20260623_171212.jpg
2026-06-23 17:12:12 [INFO] 成功保存检测结果到: C:\code\show\Scrap_Steel_In_Field\photos\dangerous_det\detection_20260623_171212.jpg
2026-06-23 17:12:12 [INFO] 保存的检测结果文件大小: 2278136 字节
2026-06-23 17:12:12 [INFO] 引擎上下文已释放
2026-06-23 17:12:12 [INFO] TensorRT 引擎已释放
2026-06-23 17:12:12 [INFO] 全局 CUDA 资源已释放
2026-06-23 17:12:12 [INFO] 检测系统资源已释放
2026-06-23 17:12:17 [INFO] CUDA 初始化成功
2026-06-23 17:12:17 [INFO] 引擎加载成功: dangerous.engine
2026-06-23 17:12:17 [INFO] 检测系统初始化成功
2026-06-23 17:12:17 [INFO] 图像预处理完成，原始尺寸: (2160, 3840)
2026-06-23 17:12:17 [INFO] 开始执行目标检测...
2026-06-23 17:12:17 [INFO] 检测完成，找到 5 个物体
2026-06-23 17:12:17 [INFO] 物体 1: GasCyl1 (置信度: 0.89)
2026-06-23 17:12:17 [INFO] 物体 2: GasCyl1 (置信度: 0.75)
2026-06-23 17:12:17 [INFO] 物体 3: FireExt1 (置信度: 0.55)
2026-06-23 17:12:17 [INFO] 物体 4: FireExt1 (置信度: 0.48)
2026-06-23 17:12:17 [INFO] 物体 5: FireExt1 (置信度: 0.38)
2026-06-23 17:12:17 [INFO] 检测到车兜区域，将过滤区域外的目标
2026-06-23 17:12:17 [INFO] 车兜区域过滤: 5 -> 3 个目标
2026-06-23 17:12:17 [INFO] 准备保存检测结果到: C:\code\show\Scrap_Steel_In_Field\photos\dangerous_det\detection_20260623_171217.jpg
2026-06-23 17:12:17 [INFO] 图像形状: (2160, 3840, 3)
2026-06-23 17:12:17 [INFO] 图像数据类型: uint8
2026-06-23 17:12:17 [INFO] 图像最大值: 255
2026-06-23 17:12:17 [INFO] 图像最小值: 0
2026-06-23 17:12:17 [INFO] 开始保存检测结果图像: 图像尺寸=(2160, 3840, 3), 类型=uint8, 路径=C:\code\show\Scrap_Steel_In_Field\photos\dangerous_det\detection_20260623_171217.jpg
2026-06-23 17:12:17 [INFO] 成功保存检测结果到: C:\code\show\Scrap_Steel_In_Field\photos\dangerous_det\detection_20260623_171217.jpg
2026-06-23 17:12:17 [INFO] 保存的检测结果文件大小: 2276709 字节
2026-06-23 17:12:17 [INFO] 引擎上下文已释放
2026-06-23 17:12:17 [INFO] TensorRT 引擎已释放
2026-06-23 17:12:17 [INFO] 全局 CUDA 资源已释放
2026-06-23 17:12:17 [INFO] 检测系统资源已释放
2026-06-23 17:12:22 [INFO] CUDA 初始化成功
2026-06-23 17:12:22 [INFO] 引擎加载成功: dangerous.engine
2026-06-23 17:12:22 [INFO] 检测系统初始化成功
2026-06-23 17:12:22 [INFO] 图像预处理完成，原始尺寸: (2160, 3840)
2026-06-23 17:12:22 [INFO] 开始执行目标检测...
2026-06-23 17:12:22 [INFO] 检测完成，找到 5 个物体
2026-06-23 17:12:22 [INFO] 物体 1: GasCyl1 (置信度: 0.89)
2026-06-23 17:12:22 [INFO] 物体 2: GasCyl1 (置信度: 0.70)
2026-06-23 17:12:22 [INFO] 物体 3: FireExt1 (置信度: 0.55)
2026-06-23 17:12:22 [INFO] 物体 4: FireExt1 (置信度: 0.50)
2026-06-23 17:12:22 [INFO] 物体 5: FireExt1 (置信度: 0.45)
2026-06-23 17:12:22 [INFO] 检测到车兜区域，将过滤区域外的目标
2026-06-23 17:12:22 [INFO] 车兜区域过滤: 5 -> 3 个目标
2026-06-23 17:12:22 [INFO] 准备保存检测结果到: C:\code\show\Scrap_Steel_In_Field\photos\dangerous_det\detection_20260623_171222.jpg
2026-06-23 17:12:22 [INFO] 图像形状: (2160, 3840, 3)
2026-06-23 17:12:22 [INFO] 图像数据类型: uint8
2026-06-23 17:12:22 [INFO] 图像最大值: 255
2026-06-23 17:12:22 [INFO] 图像最小值: 0
2026-06-23 17:12:22 [INFO] 开始保存检测结果图像: 图像尺寸=(2160, 3840, 3), 类型=uint8, 路径=C:\code\show\Scrap_Steel_In_Field\photos\dangerous_det\detection_20260623_171222.jpg
2026-06-23 17:12:22 [INFO] 成功保存检测结果到: C:\code\show\Scrap_Steel_In_Field\photos\dangerous_det\detection_20260623_171222.jpg
2026-06-23 17:12:22 [INFO] 保存的检测结果文件大小: 2278270 字节
2026-06-23 17:12:22 [INFO] 引擎上下文已释放
2026-06-23 17:12:22 [INFO] TensorRT 引擎已释放
2026-06-23 17:12:22 [INFO] 全局 CUDA 资源已释放
2026-06-23 17:12:22 [INFO] 检测系统资源已释放
2026-06-23 17:12:27 [INFO] CUDA 初始化成功
2026-06-23 17:12:27 [INFO] 引擎加载成功: dangerous.engine
2026-06-23 17:12:27 [INFO] 检测系统初始化成功
2026-06-23 17:12:27 [INFO] 图像预处理完成，原始尺寸: (2160, 3840)
2026-06-23 17:12:27 [INFO] 开始执行目标检测...
2026-06-23 17:12:27 [INFO] 检测完成，找到 5 个物体
2026-06-23 17:12:27 [INFO] 物体 1: GasCyl1 (置信度: 0.89)
2026-06-23 17:12:27 [INFO] 物体 2: GasCyl1 (置信度: 0.67)
2026-06-23 17:12:27 [INFO] 物体 3: FireExt1 (置信度: 0.55)
2026-06-23 17:12:27 [INFO] 物体 4: FireExt1 (置信度: 0.50)
2026-06-23 17:12:27 [INFO] 物体 5: FireExt1 (置信度: 0.48)
2026-06-23 17:12:28 [INFO] 检测到车兜区域，将过滤区域外的目标
2026-06-23 17:12:28 [INFO] 车兜区域过滤: 5 -> 3 个目标
2026-06-23 17:12:28 [INFO] 准备保存检测结果到: C:\code\show\Scrap_Steel_In_Field\photos\dangerous_det\detection_20260623_171228.jpg
2026-06-23 17:12:28 [INFO] 图像形状: (2160, 3840, 3)
2026-06-23 17:12:28 [INFO] 图像数据类型: uint8
2026-06-23 17:12:28 [INFO] 图像最大值: 255
2026-06-23 17:12:28 [INFO] 图像最小值: 0
2026-06-23 17:12:28 [INFO] 开始保存检测结果图像: 图像尺寸=(2160, 3840, 3), 类型=uint8, 路径=C:\code\show\Scrap_Steel_In_Field\photos\dangerous_det\detection_20260623_171228.jpg
2026-06-23 17:12:28 [INFO] 成功保存检测结果到: C:\code\show\Scrap_Steel_In_Field\photos\dangerous_det\detection_20260623_171228.jpg
2026-06-23 17:12:28 [INFO] 保存的检测结果文件大小: 2275403 字节
2026-06-23 17:12:28 [INFO] 引擎上下文已释放
2026-06-23 17:12:28 [INFO] TensorRT 引擎已释放
2026-06-23 17:12:28 [INFO] 全局 CUDA 资源已释放
2026-06-23 17:12:28 [INFO] 检测系统资源已释放
2026-06-23 17:12:33 [INFO] CUDA 初始化成功
2026-06-23 17:12:33 [INFO] 引擎加载成功: dangerous.engine
2026-06-23 17:12:33 [INFO] 检测系统初始化成功
2026-06-23 17:12:33 [INFO] 图像预处理完成，原始尺寸: (2160, 3840)
2026-06-23 17:12:33 [INFO] 开始执行目标检测...
2026-06-23 17:12:33 [INFO] 检测完成，找到 5 个物体
2026-06-23 17:12:33 [INFO] 物体 1: GasCyl1 (置信度: 0.90)
2026-06-23 17:12:33 [INFO] 物体 2: GasCyl1 (置信度: 0.61)
2026-06-23 17:12:33 [INFO] 物体 3: FireExt1 (置信度: 0.57)
2026-06-23 17:12:33 [INFO] 物体 4: FireExt1 (置信度: 0.48)
2026-06-23 17:12:33 [INFO] 物体 5: FireExt1 (置信度: 0.45)
2026-06-23 17:12:33 [INFO] 检测到车兜区域，将过滤区域外的目标
2026-06-23 17:12:33 [INFO] 车兜区域过滤: 5 -> 3 个目标
2026-06-23 17:12:33 [INFO] 准备保存检测结果到: C:\code\show\Scrap_Steel_In_Field\photos\dangerous_det\detection_20260623_171233.jpg
2026-06-23 17:12:33 [INFO] 图像形状: (2160, 3840, 3)
2026-06-23 17:12:33 [INFO] 图像数据类型: uint8
2026-06-23 17:12:33 [INFO] 图像最大值: 255
2026-06-23 17:12:33 [INFO] 图像最小值: 0
2026-06-23 17:12:33 [INFO] 开始保存检测结果图像: 图像尺寸=(2160, 3840, 3), 类型=uint8, 路径=C:\code\show\Scrap_Steel_In_Field\photos\dangerous_det\detection_20260623_171233.jpg
2026-06-23 17:12:33 [INFO] 成功保存检测结果到: C:\code\show\Scrap_Steel_In_Field\photos\dangerous_det\detection_20260623_171233.jpg
2026-06-23 17:12:33 [INFO] 保存的检测结果文件大小: 2277410 字节
2026-06-23 17:12:33 [INFO] 引擎上下文已释放
2026-06-23 17:12:33 [INFO] TensorRT 引擎已释放
2026-06-23 17:12:33 [INFO] 全局 CUDA 资源已释放
2026-06-23 17:12:33 [INFO] 检测系统资源已释放
2026-06-23 17:12:38 [INFO] CUDA 初始化成功
2026-06-23 17:12:38 [INFO] 引擎加载成功: dangerous.engine
2026-06-23 17:12:38 [INFO] 检测系统初始化成功
2026-06-23 17:12:38 [INFO] 图像预处理完成，原始尺寸: (2160, 3840)
2026-06-23 17:12:38 [INFO] 开始执行目标检测...
2026-06-23 17:12:38 [INFO] 检测完成，找到 5 个物体
2026-06-23 17:12:38 [INFO] 物体 1: GasCyl1 (置信度: 0.90)
2026-06-23 17:12:38 [INFO] 物体 2: GasCyl1 (置信度: 0.67)
2026-06-23 17:12:38 [INFO] 物体 3: FireExt1 (置信度: 0.56)
2026-06-23 17:12:38 [INFO] 物体 4: FireExt1 (置信度: 0.46)
2026-06-23 17:12:38 [INFO] 物体 5: FireExt1 (置信度: 0.40)
2026-06-23 17:12:38 [INFO] 检测到车兜区域，将过滤区域外的目标
2026-06-23 17:12:38 [INFO] 车兜区域过滤: 5 -> 3 个目标
2026-06-23 17:12:38 [INFO] 准备保存检测结果到: C:\code\show\Scrap_Steel_In_Field\photos\dangerous_det\detection_20260623_171238.jpg
2026-06-23 17:12:38 [INFO] 图像形状: (2160, 3840, 3)
2026-06-23 17:12:38 [INFO] 图像数据类型: uint8
2026-06-23 17:12:38 [INFO] 图像最大值: 255
2026-06-23 17:12:38 [INFO] 图像最小值: 0
2026-06-23 17:12:38 [INFO] 开始保存检测结果图像: 图像尺寸=(2160, 3840, 3), 类型=uint8, 路径=C:\code\show\Scrap_Steel_In_Field\photos\dangerous_det\detection_20260623_171238.jpg
2026-06-23 17:12:38 [INFO] 成功保存检测结果到: C:\code\show\Scrap_Steel_In_Field\photos\dangerous_det\detection_20260623_171238.jpg
2026-06-23 17:12:38 [INFO] 保存的检测结果文件大小: 2278473 字节
2026-06-23 17:12:38 [INFO] 引擎上下文已释放
2026-06-23 17:12:38 [INFO] TensorRT 引擎已释放
2026-06-23 17:12:38 [INFO] 全局 CUDA 资源已释放
2026-06-23 17:12:38 [INFO] 检测系统资源已释放
2026-06-23 17:12:43 [INFO] CUDA 初始化成功
2026-06-23 17:12:43 [INFO] 引擎加载成功: dangerous.engine
2026-06-23 17:12:43 [INFO] 检测系统初始化成功
2026-06-23 17:12:43 [INFO] 图像预处理完成，原始尺寸: (2160, 3840)
2026-06-23 17:12:43 [INFO] 开始执行目标检测...
2026-06-23 17:12:43 [INFO] 检测完成，找到 5 个物体
2026-06-23 17:12:43 [INFO] 物体 1: GasCyl1 (置信度: 0.89)
2026-06-23 17:12:43 [INFO] 物体 2: GasCyl1 (置信度: 0.72)
2026-06-23 17:12:43 [INFO] 物体 3: FireExt1 (置信度: 0.54)
2026-06-23 17:12:43 [INFO] 物体 4: GasCyl1 (置信度: 0.52)
2026-06-23 17:12:43 [INFO] 物体 5: FireExt1 (置信度: 0.43)
2026-06-23 17:12:43 [INFO] 检测到车兜区域，将过滤区域外的目标
2026-06-23 17:12:43 [INFO] 车兜区域过滤: 5 -> 3 个目标
2026-06-23 17:12:43 [INFO] 准备保存检测结果到: C:\code\show\Scrap_Steel_In_Field\photos\dangerous_det\detection_20260623_171243.jpg
2026-06-23 17:12:43 [INFO] 图像形状: (2160, 3840, 3)
2026-06-23 17:12:43 [INFO] 图像数据类型: uint8
2026-06-23 17:12:43 [INFO] 图像最大值: 255
2026-06-23 17:12:43 [INFO] 图像最小值: 0
2026-06-23 17:12:43 [INFO] 开始保存检测结果图像: 图像尺寸=(2160, 3840, 3), 类型=uint8, 路径=C:\code\show\Scrap_Steel_In_Field\photos\dangerous_det\detection_20260623_171243.jpg
2026-06-23 17:12:43 [INFO] 成功保存检测结果到: C:\code\show\Scrap_Steel_In_Field\photos\dangerous_det\detection_20260623_171243.jpg
2026-06-23 17:12:43 [INFO] 保存的检测结果文件大小: 2277761 字节
2026-06-23 17:12:43 [INFO] 引擎上下文已释放
2026-06-23 17:12:43 [INFO] TensorRT 引擎已释放
2026-06-23 17:12:43 [INFO] 全局 CUDA 资源已释放
2026-06-23 17:12:43 [INFO] 检测系统资源已释放
2026-06-23 17:12:48 [INFO] CUDA 初始化成功
2026-06-23 17:12:48 [INFO] 引擎加载成功: dangerous.engine
2026-06-23 17:12:48 [INFO] 检测系统初始化成功
2026-06-23 17:12:48 [INFO] 图像预处理完成，原始尺寸: (2160, 3840)
2026-06-23 17:12:48 [INFO] 开始执行目标检测...
2026-06-23 17:12:49 [INFO] 检测完成，找到 5 个物体
2026-06-23 17:12:49 [INFO] 物体 1: GasCyl1 (置信度: 0.90)
2026-06-23 17:12:49 [INFO] 物体 2: GasCyl1 (置信度: 0.58)
2026-06-23 17:12:49 [INFO] 物体 3: FireExt1 (置信度: 0.56)
2026-06-23 17:12:49 [INFO] 物体 4: FireExt1 (置信度: 0.47)
2026-06-23 17:12:49 [INFO] 物体 5: FireExt1 (置信度: 0.41)
2026-06-23 17:12:49 [INFO] 检测到车兜区域，将过滤区域外的目标
2026-06-23 17:12:49 [INFO] 车兜区域过滤: 5 -> 3 个目标
2026-06-23 17:12:49 [INFO] 准备保存检测结果到: C:\code\show\Scrap_Steel_In_Field\photos\dangerous_det\detection_20260623_171249.jpg
2026-06-23 17:12:49 [INFO] 图像形状: (2160, 3840, 3)
2026-06-23 17:12:49 [INFO] 图像数据类型: uint8
2026-06-23 17:12:49 [INFO] 图像最大值: 255
2026-06-23 17:12:49 [INFO] 图像最小值: 0
2026-06-23 17:12:49 [INFO] 开始保存检测结果图像: 图像尺寸=(2160, 3840, 3), 类型=uint8, 路径=C:\code\show\Scrap_Steel_In_Field\photos\dangerous_det\detection_20260623_171249.jpg
2026-06-23 17:12:49 [INFO] 成功保存检测结果到: C:\code\show\Scrap_Steel_In_Field\photos\dangerous_det\detection_20260623_171249.jpg
2026-06-23 17:12:49 [INFO] 保存的检测结果文件大小: 2277000 字节
2026-06-23 17:12:49 [INFO] 引擎上下文已释放
2026-06-23 17:12:49 [INFO] TensorRT 引擎已释放
2026-06-23 17:12:49 [INFO] 全局 CUDA 资源已释放
2026-06-23 17:12:49 [INFO] 检测系统资源已释放
2026-06-23 17:12:54 [INFO] CUDA 初始化成功
2026-06-23 17:12:54 [INFO] 引擎加载成功: dangerous.engine
2026-06-23 17:12:54 [INFO] 检测系统初始化成功
2026-06-23 17:12:54 [INFO] 图像预处理完成，原始尺寸: (2160, 3840)
2026-06-23 17:12:54 [INFO] 开始执行目标检测...
2026-06-23 17:12:54 [INFO] 检测完成，找到 5 个物体
2026-06-23 17:12:54 [INFO] 物体 1: GasCyl1 (置信度: 0.89)
2026-06-23 17:12:54 [INFO] 物体 2: GasCyl1 (置信度: 0.66)
2026-06-23 17:12:54 [INFO] 物体 3: FireExt1 (置信度: 0.55)
2026-06-23 17:12:54 [INFO] 物体 4: GasCyl1 (置信度: 0.48)
2026-06-23 17:12:54 [INFO] 物体 5: FireExt1 (置信度: 0.38)
2026-06-23 17:12:54 [INFO] 检测到车兜区域，将过滤区域外的目标
2026-06-23 17:12:54 [INFO] 车兜区域过滤: 5 -> 3 个目标
2026-06-23 17:12:54 [INFO] 准备保存检测结果到: C:\code\show\Scrap_Steel_In_Field\photos\dangerous_det\detection_20260623_171254.jpg
2026-06-23 17:12:54 [INFO] 图像形状: (2160, 3840, 3)
2026-06-23 17:12:54 [INFO] 图像数据类型: uint8
2026-06-23 17:12:54 [INFO] 图像最大值: 255
2026-06-23 17:12:54 [INFO] 图像最小值: 0
2026-06-23 17:12:54 [INFO] 开始保存检测结果图像: 图像尺寸=(2160, 3840, 3), 类型=uint8, 路径=C:\code\show\Scrap_Steel_In_Field\photos\dangerous_det\detection_20260623_171254.jpg
2026-06-23 17:12:54 [INFO] 成功保存检测结果到: C:\code\show\Scrap_Steel_In_Field\photos\dangerous_det\detection_20260623_171254.jpg
2026-06-23 17:12:54 [INFO] 保存的检测结果文件大小: 2274648 字节
2026-06-23 17:12:54 [INFO] 引擎上下文已释放
2026-06-23 17:12:54 [INFO] TensorRT 引擎已释放
2026-06-23 17:12:54 [INFO] 全局 CUDA 资源已释放
2026-06-23 17:12:54 [INFO] 检测系统资源已释放
2026-06-23 17:12:59 [INFO] CUDA 初始化成功
2026-06-23 17:12:59 [INFO] 引擎加载成功: dangerous.engine
2026-06-23 17:12:59 [INFO] 检测系统初始化成功
2026-06-23 17:12:59 [INFO] 图像预处理完成，原始尺寸: (2160, 3840)
2026-06-23 17:12:59 [INFO] 开始执行目标检测...
2026-06-23 17:12:59 [INFO] 检测完成，找到 5 个物体
2026-06-23 17:12:59 [INFO] 物体 1: GasCyl1 (置信度: 0.90)
2026-06-23 17:12:59 [INFO] 物体 2: GasCyl1 (置信度: 0.64)
2026-06-23 17:12:59 [INFO] 物体 3: FireExt1 (置信度: 0.55)
2026-06-23 17:12:59 [INFO] 物体 4: GasCyl1 (置信度: 0.53)
2026-06-23 17:12:59 [INFO] 物体 5: FireExt1 (置信度: 0.39)
2026-06-23 17:12:59 [INFO] 检测到车兜区域，将过滤区域外的目标
2026-06-23 17:12:59 [INFO] 车兜区域过滤: 5 -> 3 个目标
2026-06-23 17:12:59 [INFO] 准备保存检测结果到: C:\code\show\Scrap_Steel_In_Field\photos\dangerous_det\detection_20260623_171259.jpg
2026-06-23 17:12:59 [INFO] 图像形状: (2160, 3840, 3)
2026-06-23 17:12:59 [INFO] 图像数据类型: uint8
2026-06-23 17:12:59 [INFO] 图像最大值: 255
2026-06-23 17:12:59 [INFO] 图像最小值: 0
2026-06-23 17:12:59 [INFO] 开始保存检测结果图像: 图像尺寸=(2160, 3840, 3), 类型=uint8, 路径=C:\code\show\Scrap_Steel_In_Field\photos\dangerous_det\detection_20260623_171259.jpg
2026-06-23 17:12:59 [INFO] 成功保存检测结果到: C:\code\show\Scrap_Steel_In_Field\photos\dangerous_det\detection_20260623_171259.jpg
2026-06-23 17:12:59 [INFO] 保存的检测结果文件大小: 2276663 字节
2026-06-23 17:12:59 [INFO] 引擎上下文已释放
2026-06-23 17:12:59 [INFO] TensorRT 引擎已释放
2026-06-23 17:12:59 [INFO] 全局 CUDA 资源已释放
2026-06-23 17:12:59 [INFO] 检测系统资源已释放
2026-06-23 17:13:04 [INFO] CUDA 初始化成功
2026-06-23 17:13:04 [INFO] 引擎加载成功: dangerous.engine
2026-06-23 17:13:04 [INFO] 检测系统初始化成功
2026-06-23 17:13:04 [INFO] 图像预处理完成，原始尺寸: (2160, 3840)
2026-06-23 17:13:04 [INFO] 开始执行目标检测...
2026-06-23 17:13:04 [INFO] 检测完成，找到 5 个物体
2026-06-23 17:13:04 [INFO] 物体 1: GasCyl1 (置信度: 0.90)
2026-06-23 17:13:04 [INFO] 物体 2: GasCyl1 (置信度: 0.75)
2026-06-23 17:13:04 [INFO] 物体 3: FireExt1 (置信度: 0.55)
2026-06-23 17:13:04 [INFO] 物体 4: FireExt1 (置信度: 0.49)
2026-06-23 17:13:04 [INFO] 物体 5: FireExt1 (置信度: 0.36)
2026-06-23 17:13:05 [INFO] 检测到车兜区域，将过滤区域外的目标
2026-06-23 17:13:05 [INFO] 车兜区域过滤: 5 -> 3 个目标
2026-06-23 17:13:05 [INFO] 准备保存检测结果到: C:\code\show\Scrap_Steel_In_Field\photos\dangerous_det\detection_20260623_171305.jpg
2026-06-23 17:13:05 [INFO] 图像形状: (2160, 3840, 3)
2026-06-23 17:13:05 [INFO] 图像数据类型: uint8
2026-06-23 17:13:05 [INFO] 图像最大值: 255
2026-06-23 17:13:05 [INFO] 图像最小值: 0
2026-06-23 17:13:05 [INFO] 开始保存检测结果图像: 图像尺寸=(2160, 3840, 3), 类型=uint8, 路径=C:\code\show\Scrap_Steel_In_Field\photos\dangerous_det\detection_20260623_171305.jpg
2026-06-23 17:13:05 [INFO] 成功保存检测结果到: C:\code\show\Scrap_Steel_In_Field\photos\dangerous_det\detection_20260623_171305.jpg
2026-06-23 17:13:05 [INFO] 保存的检测结果文件大小: 2275947 字节
2026-06-23 17:13:05 [INFO] 引擎上下文已释放
2026-06-23 17:13:05 [INFO] TensorRT 引擎已释放
2026-06-23 17:13:05 [INFO] 全局 CUDA 资源已释放
2026-06-23 17:13:05 [INFO] 检测系统资源已释放
2026-06-23 17:13:10 [INFO] CUDA 初始化成功
2026-06-23 17:13:10 [INFO] 引擎加载成功: dangerous.engine
2026-06-23 17:13:10 [INFO] 检测系统初始化成功
2026-06-23 17:13:10 [INFO] 图像预处理完成，原始尺寸: (2160, 3840)
2026-06-23 17:13:10 [INFO] 开始执行目标检测...
2026-06-23 17:13:10 [INFO] 检测完成，找到 5 个物体
2026-06-23 17:13:10 [INFO] 物体 1: GasCyl1 (置信度: 0.89)
2026-06-23 17:13:10 [INFO] 物体 2: GasCyl1 (置信度: 0.66)
2026-06-23 17:13:10 [INFO] 物体 3: FireExt1 (置信度: 0.56)
2026-06-23 17:13:10 [INFO] 物体 4: GasCyl1 (置信度: 0.49)
2026-06-23 17:13:10 [INFO] 物体 5: FireExt1 (置信度: 0.36)
2026-06-23 17:13:10 [INFO] 检测到车兜区域，将过滤区域外的目标
2026-06-23 17:13:10 [INFO] 车兜区域过滤: 5 -> 3 个目标
2026-06-23 17:13:10 [INFO] 准备保存检测结果到: C:\code\show\Scrap_Steel_In_Field\photos\dangerous_det\detection_20260623_171310.jpg
2026-06-23 17:13:10 [INFO] 图像形状: (2160, 3840, 3)
2026-06-23 17:13:10 [INFO] 图像数据类型: uint8
2026-06-23 17:13:10 [INFO] 图像最大值: 255
2026-06-23 17:13:10 [INFO] 图像最小值: 0
2026-06-23 17:13:10 [INFO] 开始保存检测结果图像: 图像尺寸=(2160, 3840, 3), 类型=uint8, 路径=C:\code\show\Scrap_Steel_In_Field\photos\dangerous_det\detection_20260623_171310.jpg
2026-06-23 17:13:10 [INFO] 成功保存检测结果到: C:\code\show\Scrap_Steel_In_Field\photos\dangerous_det\detection_20260623_171310.jpg
2026-06-23 17:13:10 [INFO] 保存的检测结果文件大小: 2275229 字节
2026-06-23 17:13:10 [INFO] 引擎上下文已释放
2026-06-23 17:13:10 [INFO] TensorRT 引擎已释放
2026-06-23 17:13:10 [INFO] 全局 CUDA 资源已释放
2026-06-23 17:13:10 [INFO] 检测系统资源已释放
2026-06-23 17:13:15 [INFO] CUDA 初始化成功
2026-06-23 17:13:15 [INFO] 引擎加载成功: dangerous.engine
2026-06-23 17:13:15 [INFO] 检测系统初始化成功
2026-06-23 17:13:15 [INFO] 图像预处理完成，原始尺寸: (2160, 3840)
2026-06-23 17:13:15 [INFO] 开始执行目标检测...
2026-06-23 17:13:15 [INFO] 检测完成，找到 5 个物体
2026-06-23 17:13:15 [INFO] 物体 1: GasCyl1 (置信度: 0.90)
2026-06-23 17:13:15 [INFO] 物体 2: GasCyl1 (置信度: 0.75)
2026-06-23 17:13:15 [INFO] 物体 3: GasCyl1 (置信度: 0.57)
2026-06-23 17:13:15 [INFO] 物体 4: FireExt1 (置信度: 0.55)
2026-06-23 17:13:15 [INFO] 物体 5: FireExt1 (置信度: 0.42)
2026-06-23 17:13:15 [INFO] 检测到车兜区域，将过滤区域外的目标
2026-06-23 17:13:15 [INFO] 车兜区域过滤: 5 -> 3 个目标
2026-06-23 17:13:15 [INFO] 准备保存检测结果到: C:\code\show\Scrap_Steel_In_Field\photos\dangerous_det\detection_20260623_171315.jpg
2026-06-23 17:13:15 [INFO] 图像形状: (2160, 3840, 3)
2026-06-23 17:13:15 [INFO] 图像数据类型: uint8
2026-06-23 17:13:15 [INFO] 图像最大值: 255
2026-06-23 17:13:15 [INFO] 图像最小值: 0
2026-06-23 17:13:15 [INFO] 开始保存检测结果图像: 图像尺寸=(2160, 3840, 3), 类型=uint8, 路径=C:\code\show\Scrap_Steel_In_Field\photos\dangerous_det\detection_20260623_171315.jpg
2026-06-23 17:13:15 [INFO] 成功保存检测结果到: C:\code\show\Scrap_Steel_In_Field\photos\dangerous_det\detection_20260623_171315.jpg
2026-06-23 17:13:15 [INFO] 保存的检测结果文件大小: 2276908 字节
2026-06-23 17:13:15 [INFO] 引擎上下文已释放
2026-06-23 17:13:15 [INFO] TensorRT 引擎已释放
2026-06-23 17:13:15 [INFO] 全局 CUDA 资源已释放
2026-06-23 17:13:15 [INFO] 检测系统资源已释放
2026-06-23 17:13:21 [INFO] CUDA 初始化成功
2026-06-23 17:13:21 [INFO] 引擎加载成功: dangerous.engine
2026-06-23 17:13:21 [INFO] 检测系统初始化成功
2026-06-23 17:13:21 [INFO] 图像预处理完成，原始尺寸: (2160, 3840)
2026-06-23 17:13:21 [INFO] 开始执行目标检测...
2026-06-23 17:13:21 [INFO] 检测完成，找到 5 个物体
2026-06-23 17:13:21 [INFO] 物体 1: GasCyl1 (置信度: 0.90)
2026-06-23 17:13:21 [INFO] 物体 2: GasCyl1 (置信度: 0.65)
2026-06-23 17:13:21 [INFO] 物体 3: FireExt1 (置信度: 0.56)
2026-06-23 17:13:21 [INFO] 物体 4: FireExt1 (置信度: 0.49)
2026-06-23 17:13:21 [INFO] 物体 5: FireExt1 (置信度: 0.40)
2026-06-23 17:13:21 [INFO] 检测到车兜区域，将过滤区域外的目标
2026-06-23 17:13:21 [INFO] 车兜区域过滤: 5 -> 3 个目标
2026-06-23 17:13:21 [INFO] 准备保存检测结果到: C:\code\show\Scrap_Steel_In_Field\photos\dangerous_det\detection_20260623_171321.jpg
2026-06-23 17:13:21 [INFO] 图像形状: (2160, 3840, 3)
2026-06-23 17:13:21 [INFO] 图像数据类型: uint8
2026-06-23 17:13:21 [INFO] 图像最大值: 255
2026-06-23 17:13:21 [INFO] 图像最小值: 0
2026-06-23 17:13:21 [INFO] 开始保存检测结果图像: 图像尺寸=(2160, 3840, 3), 类型=uint8, 路径=C:\code\show\Scrap_Steel_In_Field\photos\dangerous_det\detection_20260623_171321.jpg
2026-06-23 17:13:21 [INFO] 成功保存检测结果到: C:\code\show\Scrap_Steel_In_Field\photos\dangerous_det\detection_20260623_171321.jpg
2026-06-23 17:13:21 [INFO] 保存的检测结果文件大小: 2275657 字节
2026-06-23 17:13:21 [INFO] 引擎上下文已释放
2026-06-23 17:13:21 [INFO] TensorRT 引擎已释放
2026-06-23 17:13:21 [INFO] 全局 CUDA 资源已释放
2026-06-23 17:13:21 [INFO] 检测系统资源已释放
2026-06-23 17:13:26 [INFO] CUDA 初始化成功
2026-06-23 17:13:26 [INFO] 引擎加载成功: dangerous.engine
2026-06-23 17:13:26 [INFO] 检测系统初始化成功
2026-06-23 17:13:26 [INFO] 图像预处理完成，原始尺寸: (2160, 3840)
2026-06-23 17:13:26 [INFO] 开始执行目标检测...
2026-06-23 17:13:26 [INFO] 检测完成，找到 5 个物体
2026-06-23 17:13:26 [INFO] 物体 1: GasCyl1 (置信度: 0.90)
2026-06-23 17:13:26 [INFO] 物体 2: GasCyl1 (置信度: 0.73)
2026-06-23 17:13:26 [INFO] 物体 3: FireExt1 (置信度: 0.55)
2026-06-23 17:13:26 [INFO] 物体 4: GasCyl1 (置信度: 0.52)
2026-06-23 17:13:26 [INFO] 物体 5: FireExt1 (置信度: 0.40)
2026-06-23 17:13:26 [INFO] 检测到车兜区域，将过滤区域外的目标
2026-06-23 17:13:26 [INFO] 车兜区域过滤: 5 -> 3 个目标
2026-06-23 17:13:26 [INFO] 准备保存检测结果到: C:\code\show\Scrap_Steel_In_Field\photos\dangerous_det\detection_20260623_171326.jpg
2026-06-23 17:13:26 [INFO] 图像形状: (2160, 3840, 3)
2026-06-23 17:13:26 [INFO] 图像数据类型: uint8
2026-06-23 17:13:26 [INFO] 图像最大值: 255
2026-06-23 17:13:26 [INFO] 图像最小值: 0
2026-06-23 17:13:26 [INFO] 开始保存检测结果图像: 图像尺寸=(2160, 3840, 3), 类型=uint8, 路径=C:\code\show\Scrap_Steel_In_Field\photos\dangerous_det\detection_20260623_171326.jpg
2026-06-23 17:13:26 [INFO] 成功保存检测结果到: C:\code\show\Scrap_Steel_In_Field\photos\dangerous_det\detection_20260623_171326.jpg
2026-06-23 17:13:26 [INFO] 保存的检测结果文件大小: 2277651 字节
2026-06-23 17:13:26 [INFO] 引擎上下文已释放
2026-06-23 17:13:26 [INFO] TensorRT 引擎已释放
2026-06-23 17:13:26 [INFO] 全局 CUDA 资源已释放
2026-06-23 17:13:26 [INFO] 检测系统资源已释放
2026-06-23 17:13:31 [INFO] CUDA 初始化成功
2026-06-23 17:13:31 [INFO] 引擎加载成功: dangerous.engine
2026-06-23 17:13:31 [INFO] 检测系统初始化成功
2026-06-23 17:13:31 [INFO] 图像预处理完成，原始尺寸: (2160, 3840)
2026-06-23 17:13:31 [INFO] 开始执行目标检测...
2026-06-23 17:13:31 [INFO] 检测完成，找到 5 个物体
2026-06-23 17:13:31 [INFO] 物体 1: GasCyl1 (置信度: 0.90)
2026-06-23 17:13:31 [INFO] 物体 2: GasCyl1 (置信度: 0.71)
2026-06-23 17:13:31 [INFO] 物体 3: FireExt1 (置信度: 0.55)
2026-06-23 17:13:31 [INFO] 物体 4: GasCyl1 (置信度: 0.49)
2026-06-23 17:13:31 [INFO] 物体 5: FireExt1 (置信度: 0.40)
2026-06-23 17:13:31 [INFO] 检测到车兜区域，将过滤区域外的目标
2026-06-23 17:13:31 [INFO] 车兜区域过滤: 5 -> 3 个目标
2026-06-23 17:13:31 [INFO] 准备保存检测结果到: C:\code\show\Scrap_Steel_In_Field\photos\dangerous_det\detection_20260623_171331.jpg
2026-06-23 17:13:31 [INFO] 图像形状: (2160, 3840, 3)
2026-06-23 17:13:31 [INFO] 图像数据类型: uint8
2026-06-23 17:13:31 [INFO] 图像最大值: 255
2026-06-23 17:13:31 [INFO] 图像最小值: 0
2026-06-23 17:13:31 [INFO] 开始保存检测结果图像: 图像尺寸=(2160, 3840, 3), 类型=uint8, 路径=C:\code\show\Scrap_Steel_In_Field\photos\dangerous_det\detection_20260623_171331.jpg
2026-06-23 17:13:31 [INFO] 成功保存检测结果到: C:\code\show\Scrap_Steel_In_Field\photos\dangerous_det\detection_20260623_171331.jpg
2026-06-23 17:13:31 [INFO] 保存的检测结果文件大小: 2277656 字节
2026-06-23 17:13:31 [INFO] 引擎上下文已释放
2026-06-23 17:13:31 [INFO] TensorRT 引擎已释放
2026-06-23 17:13:31 [INFO] 全局 CUDA 资源已释放
2026-06-23 17:13:31 [INFO] 检测系统资源已释放
2026-06-23 17:13:36 [INFO] CUDA 初始化成功
2026-06-23 17:13:36 [INFO] 引擎加载成功: dangerous.engine
2026-06-23 17:13:36 [INFO] 检测系统初始化成功
2026-06-23 17:13:36 [INFO] 图像预处理完成，原始尺寸: (2160, 3840)
2026-06-23 17:13:36 [INFO] 开始执行目标检测...
2026-06-23 17:13:36 [INFO] 检测完成，找到 5 个物体
2026-06-23 17:13:36 [INFO] 物体 1: GasCyl1 (置信度: 0.90)
2026-06-23 17:13:36 [INFO] 物体 2: GasCyl1 (置信度: 0.66)
2026-06-23 17:13:36 [INFO] 物体 3: FireExt1 (置信度: 0.56)
2026-06-23 17:13:36 [INFO] 物体 4: FireExt1 (置信度: 0.47)
2026-06-23 17:13:36 [INFO] 物体 5: FireExt1 (置信度: 0.39)
2026-06-23 17:13:37 [INFO] 检测到车兜区域，将过滤区域外的目标
2026-06-23 17:13:37 [INFO] 车兜区域过滤: 5 -> 3 个目标
2026-06-23 17:13:37 [INFO] 准备保存检测结果到: C:\code\show\Scrap_Steel_In_Field\photos\dangerous_det\detection_20260623_171337.jpg
2026-06-23 17:13:37 [INFO] 图像形状: (2160, 3840, 3)
2026-06-23 17:13:37 [INFO] 图像数据类型: uint8
2026-06-23 17:13:37 [INFO] 图像最大值: 255
2026-06-23 17:13:37 [INFO] 图像最小值: 0
2026-06-23 17:13:37 [INFO] 开始保存检测结果图像: 图像尺寸=(2160, 3840, 3), 类型=uint8, 路径=C:\code\show\Scrap_Steel_In_Field\photos\dangerous_det\detection_20260623_171337.jpg
2026-06-23 17:13:37 [INFO] 成功保存检测结果到: C:\code\show\Scrap_Steel_In_Field\photos\dangerous_det\detection_20260623_171337.jpg
2026-06-23 17:13:37 [INFO] 保存的检测结果文件大小: 2275777 字节
2026-06-23 17:13:37 [INFO] 引擎上下文已释放
2026-06-23 17:13:37 [INFO] TensorRT 引擎已释放
2026-06-23 17:13:37 [INFO] 全局 CUDA 资源已释放
2026-06-23 17:13:37 [INFO] 检测系统资源已释放
2026-06-23 17:13:42 [INFO] CUDA 初始化成功
2026-06-23 17:13:42 [INFO] 引擎加载成功: dangerous.engine
2026-06-23 17:13:42 [INFO] 检测系统初始化成功
2026-06-23 17:13:42 [INFO] 图像预处理完成，原始尺寸: (2160, 3840)
2026-06-23 17:13:42 [INFO] 开始执行目标检测...
2026-06-23 17:13:42 [INFO] 检测完成，找到 5 个物体
2026-06-23 17:13:42 [INFO] 物体 1: GasCyl1 (置信度: 0.89)
2026-06-23 17:13:42 [INFO] 物体 2: GasCyl1 (置信度: 0.65)
2026-06-23 17:13:42 [INFO] 物体 3: FireExt1 (置信度: 0.56)
2026-06-23 17:13:42 [INFO] 物体 4: FireExt1 (置信度: 0.48)
2026-06-23 17:13:42 [INFO] 物体 5: FireExt1 (置信度: 0.43)
2026-06-23 17:13:42 [INFO] 检测到车兜区域，将过滤区域外的目标
2026-06-23 17:13:42 [INFO] 车兜区域过滤: 5 -> 3 个目标
2026-06-23 17:13:42 [INFO] 准备保存检测结果到: C:\code\show\Scrap_Steel_In_Field\photos\dangerous_det\detection_20260623_171342.jpg
2026-06-23 17:13:42 [INFO] 图像形状: (2160, 3840, 3)
2026-06-23 17:13:42 [INFO] 图像数据类型: uint8
2026-06-23 17:13:42 [INFO] 图像最大值: 255
2026-06-23 17:13:42 [INFO] 图像最小值: 0
2026-06-23 17:13:42 [INFO] 开始保存检测结果图像: 图像尺寸=(2160, 3840, 3), 类型=uint8, 路径=C:\code\show\Scrap_Steel_In_Field\photos\dangerous_det\detection_20260623_171342.jpg
2026-06-23 17:13:42 [INFO] 成功保存检测结果到: C:\code\show\Scrap_Steel_In_Field\photos\dangerous_det\detection_20260623_171342.jpg
2026-06-23 17:13:42 [INFO] 保存的检测结果文件大小: 2278870 字节
2026-06-23 17:13:42 [INFO] 引擎上下文已释放
2026-06-23 17:13:42 [INFO] TensorRT 引擎已释放
2026-06-23 17:13:42 [INFO] 全局 CUDA 资源已释放
2026-06-23 17:13:42 [INFO] 检测系统资源已释放
2026-06-23 17:13:47 [INFO] CUDA 初始化成功
2026-06-23 17:13:47 [INFO] 引擎加载成功: dangerous.engine
2026-06-23 17:13:47 [INFO] 检测系统初始化成功
2026-06-23 17:13:47 [INFO] 图像预处理完成，原始尺寸: (2160, 3840)
2026-06-23 17:13:47 [INFO] 开始执行目标检测...
2026-06-23 17:13:47 [INFO] 检测完成，找到 5 个物体
2026-06-23 17:13:47 [INFO] 物体 1: GasCyl1 (置信度: 0.90)
2026-06-23 17:13:47 [INFO] 物体 2: GasCyl1 (置信度: 0.73)
2026-06-23 17:13:47 [INFO] 物体 3: FireExt1 (置信度: 0.56)
2026-06-23 17:13:47 [INFO] 物体 4: FireExt1 (置信度: 0.49)
2026-06-23 17:13:47 [INFO] 物体 5: FireExt1 (置信度: 0.44)
2026-06-23 17:13:47 [INFO] 检测到车兜区域，将过滤区域外的目标
2026-06-23 17:13:47 [INFO] 车兜区域过滤: 5 -> 3 个目标
2026-06-23 17:13:47 [INFO] 准备保存检测结果到: C:\code\show\Scrap_Steel_In_Field\photos\dangerous_det\detection_20260623_171347.jpg
2026-06-23 17:13:47 [INFO] 图像形状: (2160, 3840, 3)
2026-06-23 17:13:47 [INFO] 图像数据类型: uint8
2026-06-23 17:13:47 [INFO] 图像最大值: 255
2026-06-23 17:13:47 [INFO] 图像最小值: 0
2026-06-23 17:13:47 [INFO] 开始保存检测结果图像: 图像尺寸=(2160, 3840, 3), 类型=uint8, 路径=C:\code\show\Scrap_Steel_In_Field\photos\dangerous_det\detection_20260623_171347.jpg
2026-06-23 17:13:47 [INFO] 成功保存检测结果到: C:\code\show\Scrap_Steel_In_Field\photos\dangerous_det\detection_20260623_171347.jpg
2026-06-23 17:13:47 [INFO] 保存的检测结果文件大小: 2276181 字节
2026-06-23 17:13:47 [INFO] 引擎上下文已释放
2026-06-23 17:13:47 [INFO] TensorRT 引擎已释放
2026-06-23 17:13:47 [INFO] 全局 CUDA 资源已释放
2026-06-23 17:13:47 [INFO] 检测系统资源已释放
2026-06-23 17:13:52 [INFO] CUDA 初始化成功
2026-06-23 17:13:52 [INFO] 引擎加载成功: dangerous.engine
2026-06-23 17:13:52 [INFO] 检测系统初始化成功
2026-06-23 17:13:52 [INFO] 图像预处理完成，原始尺寸: (2160, 3840)
2026-06-23 17:13:52 [INFO] 开始执行目标检测...
2026-06-23 17:13:52 [INFO] 检测完成，找到 5 个物体
2026-06-23 17:13:52 [INFO] 物体 1: GasCyl1 (置信度: 0.90)
2026-06-23 17:13:52 [INFO] 物体 2: GasCyl1 (置信度: 0.66)
2026-06-23 17:13:52 [INFO] 物体 3: GasCyl1 (置信度: 0.63)
2026-06-23 17:13:52 [INFO] 物体 4: FireExt1 (置信度: 0.54)
2026-06-23 17:13:52 [INFO] 物体 5: FireExt1 (置信度: 0.39)
2026-06-23 17:13:52 [INFO] 检测到车兜区域，将过滤区域外的目标
2026-06-23 17:13:52 [INFO] 车兜区域过滤: 5 -> 3 个目标
2026-06-23 17:13:52 [INFO] 准备保存检测结果到: C:\code\show\Scrap_Steel_In_Field\photos\dangerous_det\detection_20260623_171352.jpg
2026-06-23 17:13:52 [INFO] 图像形状: (2160, 3840, 3)
2026-06-23 17:13:52 [INFO] 图像数据类型: uint8
2026-06-23 17:13:52 [INFO] 图像最大值: 255
2026-06-23 17:13:52 [INFO] 图像最小值: 0
2026-06-23 17:13:52 [INFO] 开始保存检测结果图像: 图像尺寸=(2160, 3840, 3), 类型=uint8, 路径=C:\code\show\Scrap_Steel_In_Field\photos\dangerous_det\detection_20260623_171352.jpg
2026-06-23 17:13:52 [INFO] 成功保存检测结果到: C:\code\show\Scrap_Steel_In_Field\photos\dangerous_det\detection_20260623_171352.jpg
2026-06-23 17:13:52 [INFO] 保存的检测结果文件大小: 2278239 字节
2026-06-23 17:13:52 [INFO] 引擎上下文已释放
2026-06-23 17:13:52 [INFO] TensorRT 引擎已释放
2026-06-23 17:13:52 [INFO] 全局 CUDA 资源已释放
2026-06-23 17:13:52 [INFO] 检测系统资源已释放
2026-06-23 17:13:57 [INFO] CUDA 初始化成功
2026-06-23 17:13:57 [INFO] 引擎加载成功: dangerous.engine
2026-06-23 17:13:57 [INFO] 检测系统初始化成功
2026-06-23 17:13:57 [INFO] 图像预处理完成，原始尺寸: (2160, 3840)
2026-06-23 17:13:57 [INFO] 开始执行目标检测...
2026-06-23 17:13:57 [INFO] 检测完成，找到 5 个物体
2026-06-23 17:13:57 [INFO] 物体 1: GasCyl1 (置信度: 0.89)
2026-06-23 17:13:57 [INFO] 物体 2: GasCyl1 (置信度: 0.75)
2026-06-23 17:13:57 [INFO] 物体 3: FireExt1 (置信度: 0.57)
2026-06-23 17:13:57 [INFO] 物体 4: FireExt1 (置信度: 0.48)
2026-06-23 17:13:57 [INFO] 物体 5: FireExt1 (置信度: 0.41)
2026-06-23 17:13:57 [INFO] 检测到车兜区域，将过滤区域外的目标
2026-06-23 17:13:58 [INFO] 车兜区域过滤: 5 -> 3 个目标
2026-06-23 17:13:58 [INFO] 准备保存检测结果到: C:\code\show\Scrap_Steel_In_Field\photos\dangerous_det\detection_20260623_171358.jpg
2026-06-23 17:13:58 [INFO] 图像形状: (2160, 3840, 3)
2026-06-23 17:13:58 [INFO] 图像数据类型: uint8
2026-06-23 17:13:58 [INFO] 图像最大值: 255
2026-06-23 17:13:58 [INFO] 图像最小值: 0
2026-06-23 17:13:58 [INFO] 开始保存检测结果图像: 图像尺寸=(2160, 3840, 3), 类型=uint8, 路径=C:\code\show\Scrap_Steel_In_Field\photos\dangerous_det\detection_20260623_171358.jpg
2026-06-23 17:13:58 [INFO] 成功保存检测结果到: C:\code\show\Scrap_Steel_In_Field\photos\dangerous_det\detection_20260623_171358.jpg
2026-06-23 17:13:58 [INFO] 保存的检测结果文件大小: 2278350 字节
2026-06-23 17:13:58 [INFO] 引擎上下文已释放
2026-06-23 17:13:58 [INFO] TensorRT 引擎已释放
2026-06-23 17:13:58 [INFO] 全局 CUDA 资源已释放
2026-06-23 17:13:58 [INFO] 检测系统资源已释放
2026-06-23 17:14:03 [INFO] CUDA 初始化成功
2026-06-23 17:14:03 [INFO] 引擎加载成功: dangerous.engine
2026-06-23 17:14:03 [INFO] 检测系统初始化成功
2026-06-23 17:14:03 [INFO] 图像预处理完成，原始尺寸: (2160, 3840)
2026-06-23 17:14:03 [INFO] 开始执行目标检测...
2026-06-23 17:14:03 [INFO] 检测完成，找到 5 个物体
2026-06-23 17:14:03 [INFO] 物体 1: GasCyl1 (置信度: 0.89)
2026-06-23 17:14:03 [INFO] 物体 2: GasCyl1 (置信度: 0.63)
2026-06-23 17:14:03 [INFO] 物体 3: FireExt1 (置信度: 0.55)
2026-06-23 17:14:03 [INFO] 物体 4: FireExt1 (置信度: 0.48)
2026-06-23 17:14:03 [INFO] 物体 5: FireExt1 (置信度: 0.45)
2026-06-23 17:14:03 [INFO] 检测到车兜区域，将过滤区域外的目标
2026-06-23 17:14:03 [INFO] 车兜区域过滤: 5 -> 3 个目标
2026-06-23 17:14:03 [INFO] 准备保存检测结果到: C:\code\show\Scrap_Steel_In_Field\photos\dangerous_det\detection_20260623_171403.jpg
2026-06-23 17:14:03 [INFO] 图像形状: (2160, 3840, 3)
2026-06-23 17:14:03 [INFO] 图像数据类型: uint8
2026-06-23 17:14:03 [INFO] 图像最大值: 255
2026-06-23 17:14:03 [INFO] 图像最小值: 0
2026-06-23 17:14:03 [INFO] 开始保存检测结果图像: 图像尺寸=(2160, 3840, 3), 类型=uint8, 路径=C:\code\show\Scrap_Steel_In_Field\photos\dangerous_det\detection_20260623_171403.jpg
2026-06-23 17:14:03 [INFO] 成功保存检测结果到: C:\code\show\Scrap_Steel_In_Field\photos\dangerous_det\detection_20260623_171403.jpg
2026-06-23 17:14:03 [INFO] 保存的检测结果文件大小: 2278833 字节
2026-06-23 17:14:03 [INFO] 引擎上下文已释放
2026-06-23 17:14:03 [INFO] TensorRT 引擎已释放
2026-06-23 17:14:03 [INFO] 全局 CUDA 资源已释放
2026-06-23 17:14:03 [INFO] 检测系统资源已释放
2026-06-23 17:14:08 [INFO] CUDA 初始化成功
2026-06-23 17:14:08 [INFO] 引擎加载成功: dangerous.engine
2026-06-23 17:14:08 [INFO] 检测系统初始化成功
2026-06-23 17:14:08 [INFO] 图像预处理完成，原始尺寸: (2160, 3840)
2026-06-23 17:14:08 [INFO] 开始执行目标检测...
2026-06-23 17:14:08 [INFO] 检测完成，找到 5 个物体
2026-06-23 17:14:08 [INFO] 物体 1: GasCyl1 (置信度: 0.90)
2026-06-23 17:14:08 [INFO] 物体 2: GasCyl1 (置信度: 0.75)
2026-06-23 17:14:08 [INFO] 物体 3: FireExt1 (置信度: 0.56)
2026-06-23 17:14:08 [INFO] 物体 4: FireExt1 (置信度: 0.50)
2026-06-23 17:14:08 [INFO] 物体 5: FireExt1 (置信度: 0.36)
2026-06-23 17:14:08 [INFO] 检测到车兜区域，将过滤区域外的目标
2026-06-23 17:14:08 [INFO] 车兜区域过滤: 5 -> 3 个目标
2026-06-23 17:14:08 [INFO] 准备保存检测结果到: C:\code\show\Scrap_Steel_In_Field\photos\dangerous_det\detection_20260623_171408.jpg
2026-06-23 17:14:08 [INFO] 图像形状: (2160, 3840, 3)
2026-06-23 17:14:08 [INFO] 图像数据类型: uint8
2026-06-23 17:14:08 [INFO] 图像最大值: 255
2026-06-23 17:14:08 [INFO] 图像最小值: 0
2026-06-23 17:14:08 [INFO] 开始保存检测结果图像: 图像尺寸=(2160, 3840, 3), 类型=uint8, 路径=C:\code\show\Scrap_Steel_In_Field\photos\dangerous_det\detection_20260623_171408.jpg
2026-06-23 17:14:08 [INFO] 成功保存检测结果到: C:\code\show\Scrap_Steel_In_Field\photos\dangerous_det\detection_20260623_171408.jpg
2026-06-23 17:14:08 [INFO] 保存的检测结果文件大小: 2277805 字节
2026-06-23 17:14:08 [INFO] 引擎上下文已释放
2026-06-23 17:14:08 [INFO] TensorRT 引擎已释放
2026-06-23 17:14:08 [INFO] 全局 CUDA 资源已释放
2026-06-23 17:14:08 [INFO] 检测系统资源已释放
2026-06-23 17:14:13 [INFO] CUDA 初始化成功
2026-06-23 17:14:13 [INFO] 引擎加载成功: dangerous.engine
2026-06-23 17:14:13 [INFO] 检测系统初始化成功
2026-06-23 17:14:13 [INFO] 图像预处理完成，原始尺寸: (2160, 3840)
2026-06-23 17:14:13 [INFO] 开始执行目标检测...
2026-06-23 17:14:13 [INFO] 检测完成，找到 5 个物体
2026-06-23 17:14:13 [INFO] 物体 1: GasCyl1 (置信度: 0.90)
2026-06-23 17:14:13 [INFO] 物体 2: GasCyl1 (置信度: 0.74)
2026-06-23 17:14:13 [INFO] 物体 3: FireExt1 (置信度: 0.56)
2026-06-23 17:14:13 [INFO] 物体 4: FireExt1 (置信度: 0.49)
2026-06-23 17:14:13 [INFO] 物体 5: FireExt1 (置信度: 0.43)
2026-06-23 17:14:13 [INFO] 检测到车兜区域，将过滤区域外的目标
2026-06-23 17:14:13 [INFO] 车兜区域过滤: 5 -> 3 个目标
2026-06-23 17:14:13 [INFO] 准备保存检测结果到: C:\code\show\Scrap_Steel_In_Field\photos\dangerous_det\detection_20260623_171413.jpg
2026-06-23 17:14:13 [INFO] 图像形状: (2160, 3840, 3)
2026-06-23 17:14:13 [INFO] 图像数据类型: uint8
2026-06-23 17:14:13 [INFO] 图像最大值: 255
2026-06-23 17:14:13 [INFO] 图像最小值: 0
2026-06-23 17:14:13 [INFO] 开始保存检测结果图像: 图像尺寸=(2160, 3840, 3), 类型=uint8, 路径=C:\code\show\Scrap_Steel_In_Field\photos\dangerous_det\detection_20260623_171413.jpg
2026-06-23 17:14:13 [INFO] 成功保存检测结果到: C:\code\show\Scrap_Steel_In_Field\photos\dangerous_det\detection_20260623_171413.jpg
2026-06-23 17:14:13 [INFO] 保存的检测结果文件大小: 2273850 字节
2026-06-23 17:14:13 [INFO] 引擎上下文已释放
2026-06-23 17:14:13 [INFO] TensorRT 引擎已释放
2026-06-23 17:14:13 [INFO] 全局 CUDA 资源已释放
2026-06-23 17:14:13 [INFO] 检测系统资源已释放
2026-06-23 17:14:18 [INFO] CUDA 初始化成功
2026-06-23 17:14:18 [INFO] 引擎加载成功: dangerous.engine
2026-06-23 17:14:18 [INFO] 检测系统初始化成功
2026-06-23 17:14:18 [INFO] 图像预处理完成，原始尺寸: (2160, 3840)
2026-06-23 17:14:18 [INFO] 开始执行目标检测...
2026-06-23 17:14:19 [INFO] 检测完成，找到 5 个物体
2026-06-23 17:14:19 [INFO] 物体 1: GasCyl1 (置信度: 0.90)
2026-06-23 17:14:19 [INFO] 物体 2: GasCyl1 (置信度: 0.66)
2026-06-23 17:14:19 [INFO] 物体 3: FireExt1 (置信度: 0.55)
2026-06-23 17:14:19 [INFO] 物体 4: FireExt1 (置信度: 0.49)
2026-06-23 17:14:19 [INFO] 物体 5: FireExt1 (置信度: 0.42)
2026-06-23 17:14:19 [INFO] 检测到车兜区域，将过滤区域外的目标
2026-06-23 17:14:19 [INFO] 车兜区域过滤: 5 -> 3 个目标
2026-06-23 17:14:19 [INFO] 准备保存检测结果到: C:\code\show\Scrap_Steel_In_Field\photos\dangerous_det\detection_20260623_171419.jpg
2026-06-23 17:14:19 [INFO] 图像形状: (2160, 3840, 3)
2026-06-23 17:14:19 [INFO] 图像数据类型: uint8
2026-06-23 17:14:19 [INFO] 图像最大值: 255
2026-06-23 17:14:19 [INFO] 图像最小值: 0
2026-06-23 17:14:19 [INFO] 开始保存检测结果图像: 图像尺寸=(2160, 3840, 3), 类型=uint8, 路径=C:\code\show\Scrap_Steel_In_Field\photos\dangerous_det\detection_20260623_171419.jpg
2026-06-23 17:14:19 [INFO] 成功保存检测结果到: C:\code\show\Scrap_Steel_In_Field\photos\dangerous_det\detection_20260623_171419.jpg
2026-06-23 17:14:19 [INFO] 保存的检测结果文件大小: 2276485 字节
2026-06-23 17:14:19 [INFO] 引擎上下文已释放
2026-06-23 17:14:19 [INFO] TensorRT 引擎已释放
2026-06-23 17:14:19 [INFO] 全局 CUDA 资源已释放
2026-06-23 17:14:19 [INFO] 检测系统资源已释放
2026-06-23 17:14:24 [INFO] CUDA 初始化成功
2026-06-23 17:14:24 [INFO] 引擎加载成功: dangerous.engine
2026-06-23 17:14:24 [INFO] 检测系统初始化成功
2026-06-23 17:14:24 [INFO] 图像预处理完成，原始尺寸: (2160, 3840)
2026-06-23 17:14:24 [INFO] 开始执行目标检测...
2026-06-23 17:14:24 [INFO] 检测完成，找到 5 个物体
2026-06-23 17:14:24 [INFO] 物体 1: GasCyl1 (置信度: 0.90)
2026-06-23 17:14:24 [INFO] 物体 2: GasCyl1 (置信度: 0.69)
2026-06-23 17:14:24 [INFO] 物体 3: FireExt1 (置信度: 0.55)
2026-06-23 17:14:24 [INFO] 物体 4: FireExt1 (置信度: 0.48)
2026-06-23 17:14:24 [INFO] 物体 5: FireExt1 (置信度: 0.45)
2026-06-23 17:14:24 [INFO] 检测到车兜区域，将过滤区域外的目标
2026-06-23 17:14:24 [INFO] 车兜区域过滤: 5 -> 3 个目标
2026-06-23 17:14:24 [INFO] 准备保存检测结果到: C:\code\show\Scrap_Steel_In_Field\photos\dangerous_det\detection_20260623_171424.jpg
2026-06-23 17:14:24 [INFO] 图像形状: (2160, 3840, 3)
2026-06-23 17:14:24 [INFO] 图像数据类型: uint8
2026-06-23 17:14:24 [INFO] 图像最大值: 255
2026-06-23 17:14:24 [INFO] 图像最小值: 0
2026-06-23 17:14:24 [INFO] 开始保存检测结果图像: 图像尺寸=(2160, 3840, 3), 类型=uint8, 路径=C:\code\show\Scrap_Steel_In_Field\photos\dangerous_det\detection_20260623_171424.jpg
2026-06-23 17:14:24 [INFO] 成功保存检测结果到: C:\code\show\Scrap_Steel_In_Field\photos\dangerous_det\detection_20260623_171424.jpg
2026-06-23 17:14:24 [INFO] 保存的检测结果文件大小: 2274851 字节
2026-06-23 17:14:24 [INFO] 引擎上下文已释放
2026-06-23 17:14:24 [INFO] TensorRT 引擎已释放
2026-06-23 17:14:24 [INFO] 全局 CUDA 资源已释放
2026-06-23 17:14:24 [INFO] 检测系统资源已释放
2026-06-23 17:14:29 [INFO] CUDA 初始化成功
2026-06-23 17:14:29 [INFO] 引擎加载成功: dangerous.engine
2026-06-23 17:14:29 [INFO] 检测系统初始化成功
2026-06-23 17:14:29 [INFO] 图像预处理完成，原始尺寸: (2160, 3840)
2026-06-23 17:14:29 [INFO] 开始执行目标检测...
2026-06-23 17:14:29 [INFO] 检测完成，找到 5 个物体
2026-06-23 17:14:29 [INFO] 物体 1: GasCyl1 (置信度: 0.90)
2026-06-23 17:14:29 [INFO] 物体 2: GasCyl1 (置信度: 0.74)
2026-06-23 17:14:29 [INFO] 物体 3: FireExt1 (置信度: 0.55)
2026-06-23 17:14:29 [INFO] 物体 4: FireExt1 (置信度: 0.50)
2026-06-23 17:14:29 [INFO] 物体 5: FireExt1 (置信度: 0.38)
2026-06-23 17:14:29 [INFO] 检测到车兜区域，将过滤区域外的目标
2026-06-23 17:14:29 [INFO] 车兜区域过滤: 5 -> 3 个目标
2026-06-23 17:14:29 [INFO] 准备保存检测结果到: C:\code\show\Scrap_Steel_In_Field\photos\dangerous_det\detection_20260623_171429.jpg
2026-06-23 17:14:29 [INFO] 图像形状: (2160, 3840, 3)
2026-06-23 17:14:29 [INFO] 图像数据类型: uint8
2026-06-23 17:14:29 [INFO] 图像最大值: 255
2026-06-23 17:14:29 [INFO] 图像最小值: 0
2026-06-23 17:14:29 [INFO] 开始保存检测结果图像: 图像尺寸=(2160, 3840, 3), 类型=uint8, 路径=C:\code\show\Scrap_Steel_In_Field\photos\dangerous_det\detection_20260623_171429.jpg
2026-06-23 17:14:29 [INFO] 成功保存检测结果到: C:\code\show\Scrap_Steel_In_Field\photos\dangerous_det\detection_20260623_171429.jpg
2026-06-23 17:14:29 [INFO] 保存的检测结果文件大小: 2278631 字节
2026-06-23 17:14:29 [INFO] 引擎上下文已释放
2026-06-23 17:14:29 [INFO] TensorRT 引擎已释放
2026-06-23 17:14:29 [INFO] 全局 CUDA 资源已释放
2026-06-23 17:14:29 [INFO] 检测系统资源已释放
2026-06-23 17:14:34 [INFO] CUDA 初始化成功
2026-06-23 17:14:34 [INFO] 引擎加载成功: dangerous.engine
2026-06-23 17:14:34 [INFO] 检测系统初始化成功
2026-06-23 17:14:34 [INFO] 图像预处理完成，原始尺寸: (2160, 3840)
2026-06-23 17:14:34 [INFO] 开始执行目标检测...
2026-06-23 17:14:35 [INFO] 检测完成，找到 5 个物体
2026-06-23 17:14:35 [INFO] 物体 1: GasCyl1 (置信度: 0.90)
2026-06-23 17:14:35 [INFO] 物体 2: GasCyl1 (置信度: 0.68)
2026-06-23 17:14:35 [INFO] 物体 3: FireExt1 (置信度: 0.56)
2026-06-23 17:14:35 [INFO] 物体 4: FireExt1 (置信度: 0.47)
2026-06-23 17:14:35 [INFO] 物体 5: FireExt1 (置信度: 0.43)
2026-06-23 17:14:35 [INFO] 检测到车兜区域，将过滤区域外的目标
2026-06-23 17:14:35 [INFO] 车兜区域过滤: 5 -> 3 个目标
2026-06-23 17:14:35 [INFO] 准备保存检测结果到: C:\code\show\Scrap_Steel_In_Field\photos\dangerous_det\detection_20260623_171435.jpg
2026-06-23 17:14:35 [INFO] 图像形状: (2160, 3840, 3)
2026-06-23 17:14:35 [INFO] 图像数据类型: uint8
2026-06-23 17:14:35 [INFO] 图像最大值: 255
2026-06-23 17:14:35 [INFO] 图像最小值: 0
2026-06-23 17:14:35 [INFO] 开始保存检测结果图像: 图像尺寸=(2160, 3840, 3), 类型=uint8, 路径=C:\code\show\Scrap_Steel_In_Field\photos\dangerous_det\detection_20260623_171435.jpg
2026-06-23 17:14:35 [INFO] 成功保存检测结果到: C:\code\show\Scrap_Steel_In_Field\photos\dangerous_det\detection_20260623_171435.jpg
2026-06-23 17:14:35 [INFO] 保存的检测结果文件大小: 2274482 字节
2026-06-23 17:14:35 [INFO] 引擎上下文已释放
2026-06-23 17:14:35 [INFO] TensorRT 引擎已释放
2026-06-23 17:14:35 [INFO] 全局 CUDA 资源已释放
2026-06-23 17:14:35 [INFO] 检测系统资源已释放
2026-06-23 17:14:40 [INFO] CUDA 初始化成功
2026-06-23 17:14:40 [INFO] 引擎加载成功: dangerous.engine
2026-06-23 17:14:40 [INFO] 检测系统初始化成功
2026-06-23 17:14:40 [INFO] 图像预处理完成，原始尺寸: (2160, 3840)
2026-06-23 17:14:40 [INFO] 开始执行目标检测...
2026-06-23 17:14:40 [INFO] 检测完成，找到 5 个物体
2026-06-23 17:14:40 [INFO] 物体 1: GasCyl1 (置信度: 0.90)
2026-06-23 17:14:40 [INFO] 物体 2: GasCyl1 (置信度: 0.75)
2026-06-23 17:14:40 [INFO] 物体 3: FireExt1 (置信度: 0.56)
2026-06-23 17:14:40 [INFO] 物体 4: FireExt1 (置信度: 0.47)
2026-06-23 17:14:40 [INFO] 物体 5: FireExt1 (置信度: 0.40)
2026-06-23 17:14:40 [INFO] 检测到车兜区域，将过滤区域外的目标
2026-06-23 17:14:40 [INFO] 车兜区域过滤: 5 -> 3 个目标
2026-06-23 17:14:40 [INFO] 准备保存检测结果到: C:\code\show\Scrap_Steel_In_Field\photos\dangerous_det\detection_20260623_171440.jpg
2026-06-23 17:14:40 [INFO] 图像形状: (2160, 3840, 3)
2026-06-23 17:14:40 [INFO] 图像数据类型: uint8
2026-06-23 17:14:40 [INFO] 图像最大值: 255
2026-06-23 17:14:40 [INFO] 图像最小值: 0
2026-06-23 17:14:40 [INFO] 开始保存检测结果图像: 图像尺寸=(2160, 3840, 3), 类型=uint8, 路径=C:\code\show\Scrap_Steel_In_Field\photos\dangerous_det\detection_20260623_171440.jpg
2026-06-23 17:14:40 [INFO] 成功保存检测结果到: C:\code\show\Scrap_Steel_In_Field\photos\dangerous_det\detection_20260623_171440.jpg
2026-06-23 17:14:40 [INFO] 保存的检测结果文件大小: 2275596 字节
2026-06-23 17:14:40 [INFO] 引擎上下文已释放
2026-06-23 17:14:40 [INFO] TensorRT 引擎已释放
2026-06-23 17:14:40 [INFO] 全局 CUDA 资源已释放
2026-06-23 17:14:40 [INFO] 检测系统资源已释放
2026-06-23 17:14:45 [INFO] CUDA 初始化成功
2026-06-23 17:14:45 [INFO] 引擎加载成功: dangerous.engine
2026-06-23 17:14:45 [INFO] 检测系统初始化成功
2026-06-23 17:14:45 [INFO] 图像预处理完成，原始尺寸: (2160, 3840)
2026-06-23 17:14:45 [INFO] 开始执行目标检测...
2026-06-23 17:14:45 [INFO] 检测完成，找到 5 个物体
2026-06-23 17:14:45 [INFO] 物体 1: GasCyl1 (置信度: 0.90)
2026-06-23 17:14:45 [INFO] 物体 2: GasCyl1 (置信度: 0.67)
2026-06-23 17:14:45 [INFO] 物体 3: FireExt1 (置信度: 0.53)
2026-06-23 17:14:45 [INFO] 物体 4: FireExt1 (置信度: 0.49)
2026-06-23 17:14:45 [INFO] 物体 5: FireExt1 (置信度: 0.41)
2026-06-23 17:14:45 [INFO] 检测到车兜区域，将过滤区域外的目标
2026-06-23 17:14:45 [INFO] 车兜区域过滤: 5 -> 3 个目标
2026-06-23 17:14:45 [INFO] 准备保存检测结果到: C:\code\show\Scrap_Steel_In_Field\photos\dangerous_det\detection_20260623_171445.jpg
2026-06-23 17:14:45 [INFO] 图像形状: (2160, 3840, 3)
2026-06-23 17:14:45 [INFO] 图像数据类型: uint8
2026-06-23 17:14:45 [INFO] 图像最大值: 255
2026-06-23 17:14:45 [INFO] 图像最小值: 0
2026-06-23 17:14:45 [INFO] 开始保存检测结果图像: 图像尺寸=(2160, 3840, 3), 类型=uint8, 路径=C:\code\show\Scrap_Steel_In_Field\photos\dangerous_det\detection_20260623_171445.jpg
2026-06-23 17:14:45 [INFO] 成功保存检测结果到: C:\code\show\Scrap_Steel_In_Field\photos\dangerous_det\detection_20260623_171445.jpg
2026-06-23 17:14:45 [INFO] 保存的检测结果文件大小: 2272360 字节
2026-06-23 17:14:45 [INFO] 引擎上下文已释放
2026-06-23 17:14:45 [INFO] TensorRT 引擎已释放
2026-06-23 17:14:45 [INFO] 全局 CUDA 资源已释放
2026-06-23 17:14:45 [INFO] 检测系统资源已释放
2026-06-23 17:14:50 [INFO] CUDA 初始化成功
2026-06-23 17:14:50 [INFO] 引擎加载成功: dangerous.engine
2026-06-23 17:14:50 [INFO] 检测系统初始化成功
2026-06-23 17:14:50 [INFO] 图像预处理完成，原始尺寸: (2160, 3840)
2026-06-23 17:14:50 [INFO] 开始执行目标检测...
2026-06-23 17:14:50 [INFO] 检测完成，找到 5 个物体
2026-06-23 17:14:50 [INFO] 物体 1: GasCyl1 (置信度: 0.89)
2026-06-23 17:14:50 [INFO] 物体 2: GasCyl1 (置信度: 0.74)
2026-06-23 17:14:50 [INFO] 物体 3: FireExt1 (置信度: 0.55)
2026-06-23 17:14:50 [INFO] 物体 4: FireExt1 (置信度: 0.47)
2026-06-23 17:14:50 [INFO] 物体 5: FireExt1 (置信度: 0.36)
2026-06-23 17:14:50 [INFO] 检测到车兜区域，将过滤区域外的目标
2026-06-23 17:14:50 [INFO] 车兜区域过滤: 5 -> 3 个目标
2026-06-23 17:14:50 [INFO] 准备保存检测结果到: C:\code\show\Scrap_Steel_In_Field\photos\dangerous_det\detection_20260623_171450.jpg
2026-06-23 17:14:50 [INFO] 图像形状: (2160, 3840, 3)
2026-06-23 17:14:50 [INFO] 图像数据类型: uint8
2026-06-23 17:14:50 [INFO] 图像最大值: 255
2026-06-23 17:14:50 [INFO] 图像最小值: 0
2026-06-23 17:14:50 [INFO] 开始保存检测结果图像: 图像尺寸=(2160, 3840, 3), 类型=uint8, 路径=C:\code\show\Scrap_Steel_In_Field\photos\dangerous_det\detection_20260623_171450.jpg
2026-06-23 17:14:50 [INFO] 成功保存检测结果到: C:\code\show\Scrap_Steel_In_Field\photos\dangerous_det\detection_20260623_171450.jpg
2026-06-23 17:14:50 [INFO] 保存的检测结果文件大小: 2278188 字节
2026-06-23 17:14:50 [INFO] 引擎上下文已释放
2026-06-23 17:14:50 [INFO] TensorRT 引擎已释放
2026-06-23 17:14:50 [INFO] 全局 CUDA 资源已释放
2026-06-23 17:14:50 [INFO] 检测系统资源已释放
2026-06-23 17:14:56 [INFO] CUDA 初始化成功
2026-06-23 17:14:56 [INFO] 引擎加载成功: dangerous.engine
2026-06-23 17:14:56 [INFO] 检测系统初始化成功
2026-06-23 17:14:56 [INFO] 图像预处理完成，原始尺寸: (2160, 3840)
2026-06-23 17:14:56 [INFO] 开始执行目标检测...
2026-06-23 17:14:56 [INFO] 检测完成，找到 5 个物体
2026-06-23 17:14:56 [INFO] 物体 1: GasCyl1 (置信度: 0.91)
2026-06-23 17:14:56 [INFO] 物体 2: GasCyl1 (置信度: 0.68)
2026-06-23 17:14:56 [INFO] 物体 3: FireExt1 (置信度: 0.55)
2026-06-23 17:14:56 [INFO] 物体 4: FireExt1 (置信度: 0.48)
2026-06-23 17:14:56 [INFO] 物体 5: FireExt1 (置信度: 0.44)
2026-06-23 17:14:56 [INFO] 检测到车兜区域，将过滤区域外的目标
2026-06-23 17:14:56 [INFO] 车兜区域过滤: 5 -> 3 个目标
2026-06-23 17:14:56 [INFO] 准备保存检测结果到: C:\code\show\Scrap_Steel_In_Field\photos\dangerous_det\detection_20260623_171456.jpg
2026-06-23 17:14:56 [INFO] 图像形状: (2160, 3840, 3)
2026-06-23 17:14:56 [INFO] 图像数据类型: uint8
2026-06-23 17:14:56 [INFO] 图像最大值: 255
2026-06-23 17:14:56 [INFO] 图像最小值: 0
2026-06-23 17:14:56 [INFO] 开始保存检测结果图像: 图像尺寸=(2160, 3840, 3), 类型=uint8, 路径=C:\code\show\Scrap_Steel_In_Field\photos\dangerous_det\detection_20260623_171456.jpg
2026-06-23 17:14:56 [INFO] 成功保存检测结果到: C:\code\show\Scrap_Steel_In_Field\photos\dangerous_det\detection_20260623_171456.jpg
2026-06-23 17:14:56 [INFO] 保存的检测结果文件大小: 2277935 字节
2026-06-23 17:14:56 [INFO] 引擎上下文已释放
2026-06-23 17:14:56 [INFO] TensorRT 引擎已释放
2026-06-23 17:14:56 [INFO] 全局 CUDA 资源已释放
2026-06-23 17:14:56 [INFO] 检测系统资源已释放
2026-06-23 17:15:01 [INFO] CUDA 初始化成功
2026-06-23 17:15:01 [INFO] 引擎加载成功: dangerous.engine
2026-06-23 17:15:01 [INFO] 检测系统初始化成功
2026-06-23 17:15:01 [INFO] 图像预处理完成，原始尺寸: (2160, 3840)
2026-06-23 17:15:01 [INFO] 开始执行目标检测...
2026-06-23 17:15:01 [INFO] 检测完成，找到 5 个物体
2026-06-23 17:15:01 [INFO] 物体 1: GasCyl1 (置信度: 0.90)
2026-06-23 17:15:01 [INFO] 物体 2: GasCyl1 (置信度: 0.66)
2026-06-23 17:15:01 [INFO] 物体 3: FireExt1 (置信度: 0.56)
2026-06-23 17:15:01 [INFO] 物体 4: FireExt1 (置信度: 0.49)
2026-06-23 17:15:01 [INFO] 物体 5: FireExt1 (置信度: 0.40)
2026-06-23 17:15:01 [INFO] 检测到车兜区域，将过滤区域外的目标
2026-06-23 17:15:01 [INFO] 车兜区域过滤: 5 -> 3 个目标
2026-06-23 17:15:01 [INFO] 准备保存检测结果到: C:\code\show\Scrap_Steel_In_Field\photos\dangerous_det\detection_20260623_171501.jpg
2026-06-23 17:15:01 [INFO] 图像形状: (2160, 3840, 3)
2026-06-23 17:15:01 [INFO] 图像数据类型: uint8
2026-06-23 17:15:01 [INFO] 图像最大值: 255
2026-06-23 17:15:01 [INFO] 图像最小值: 0
2026-06-23 17:15:01 [INFO] 开始保存检测结果图像: 图像尺寸=(2160, 3840, 3), 类型=uint8, 路径=C:\code\show\Scrap_Steel_In_Field\photos\dangerous_det\detection_20260623_171501.jpg
2026-06-23 17:15:01 [INFO] 成功保存检测结果到: C:\code\show\Scrap_Steel_In_Field\photos\dangerous_det\detection_20260623_171501.jpg
2026-06-23 17:15:01 [INFO] 保存的检测结果文件大小: 2279194 字节
2026-06-23 17:15:01 [INFO] 引擎上下文已释放
2026-06-23 17:15:01 [INFO] TensorRT 引擎已释放
2026-06-23 17:15:01 [INFO] 全局 CUDA 资源已释放
2026-06-23 17:15:01 [INFO] 检测系统资源已释放
2026-06-23 17:15:06 [INFO] CUDA 初始化成功
2026-06-23 17:15:06 [INFO] 引擎加载成功: dangerous.engine
2026-06-23 17:15:06 [INFO] 检测系统初始化成功
2026-06-23 17:15:06 [INFO] 图像预处理完成，原始尺寸: (2160, 3840)
2026-06-23 17:15:06 [INFO] 开始执行目标检测...
2026-06-23 17:15:06 [INFO] 检测完成，找到 5 个物体
2026-06-23 17:15:06 [INFO] 物体 1: GasCyl1 (置信度: 0.90)
2026-06-23 17:15:06 [INFO] 物体 2: GasCyl1 (置信度: 0.74)
2026-06-23 17:15:06 [INFO] 物体 3: FireExt1 (置信度: 0.54)
2026-06-23 17:15:06 [INFO] 物体 4: FireExt1 (置信度: 0.47)
2026-06-23 17:15:06 [INFO] 物体 5: FireExt1 (置信度: 0.39)
2026-06-23 17:15:06 [INFO] 检测到车兜区域，将过滤区域外的目标
2026-06-23 17:15:06 [INFO] 车兜区域过滤: 5 -> 3 个目标
2026-06-23 17:15:06 [INFO] 准备保存检测结果到: C:\code\show\Scrap_Steel_In_Field\photos\dangerous_det\detection_20260623_171506.jpg
2026-06-23 17:15:06 [INFO] 图像形状: (2160, 3840, 3)
2026-06-23 17:15:06 [INFO] 图像数据类型: uint8
2026-06-23 17:15:06 [INFO] 图像最大值: 255
2026-06-23 17:15:06 [INFO] 图像最小值: 0
2026-06-23 17:15:06 [INFO] 开始保存检测结果图像: 图像尺寸=(2160, 3840, 3), 类型=uint8, 路径=C:\code\show\Scrap_Steel_In_Field\photos\dangerous_det\detection_20260623_171506.jpg
2026-06-23 17:15:06 [INFO] 成功保存检测结果到: C:\code\show\Scrap_Steel_In_Field\photos\dangerous_det\detection_20260623_171506.jpg
2026-06-23 17:15:06 [INFO] 保存的检测结果文件大小: 2276073 字节
2026-06-23 17:15:06 [INFO] 引擎上下文已释放
2026-06-23 17:15:06 [INFO] TensorRT 引擎已释放
2026-06-23 17:15:07 [INFO] 全局 CUDA 资源已释放
2026-06-23 17:15:07 [INFO] 检测系统资源已释放
2026-06-23 17:15:11 [INFO] CUDA 初始化成功
2026-06-23 17:15:11 [INFO] 引擎加载成功: dangerous.engine
2026-06-23 17:15:11 [INFO] 检测系统初始化成功
2026-06-23 17:15:11 [INFO] 图像预处理完成，原始尺寸: (2160, 3840)
2026-06-23 17:15:11 [INFO] 开始执行目标检测...
2026-06-23 17:15:11 [INFO] 检测完成，找到 5 个物体
2026-06-23 17:15:11 [INFO] 物体 1: GasCyl1 (置信度: 0.89)
2026-06-23 17:15:11 [INFO] 物体 2: GasCyl1 (置信度: 0.70)
2026-06-23 17:15:11 [INFO] 物体 3: FireExt1 (置信度: 0.55)
2026-06-23 17:15:11 [INFO] 物体 4: GasCyl1 (置信度: 0.48)
2026-06-23 17:15:11 [INFO] 物体 5: FireExt1 (置信度: 0.39)
2026-06-23 17:15:12 [INFO] 检测到车兜区域，将过滤区域外的目标
2026-06-23 17:15:12 [INFO] 车兜区域过滤: 5 -> 3 个目标
2026-06-23 17:15:12 [INFO] 准备保存检测结果到: C:\code\show\Scrap_Steel_In_Field\photos\dangerous_det\detection_20260623_171512.jpg
2026-06-23 17:15:12 [INFO] 图像形状: (2160, 3840, 3)
2026-06-23 17:15:12 [INFO] 图像数据类型: uint8
2026-06-23 17:15:12 [INFO] 图像最大值: 255
2026-06-23 17:15:12 [INFO] 图像最小值: 0
2026-06-23 17:15:12 [INFO] 开始保存检测结果图像: 图像尺寸=(2160, 3840, 3), 类型=uint8, 路径=C:\code\show\Scrap_Steel_In_Field\photos\dangerous_det\detection_20260623_171512.jpg
2026-06-23 17:15:12 [INFO] 成功保存检测结果到: C:\code\show\Scrap_Steel_In_Field\photos\dangerous_det\detection_20260623_171512.jpg
2026-06-23 17:15:12 [INFO] 保存的检测结果文件大小: 2275520 字节
2026-06-23 17:15:12 [INFO] 引擎上下文已释放
2026-06-23 17:15:12 [INFO] TensorRT 引擎已释放
2026-06-23 17:15:12 [INFO] 全局 CUDA 资源已释放
2026-06-23 17:15:12 [INFO] 检测系统资源已释放
2026-06-23 17:15:17 [INFO] CUDA 初始化成功
2026-06-23 17:15:17 [INFO] 引擎加载成功: dangerous.engine
2026-06-23 17:15:17 [INFO] 检测系统初始化成功
2026-06-23 17:15:17 [INFO] 图像预处理完成，原始尺寸: (2160, 3840)
2026-06-23 17:15:17 [INFO] 开始执行目标检测...
2026-06-23 17:15:17 [INFO] 检测完成，找到 5 个物体
2026-06-23 17:15:17 [INFO] 物体 1: GasCyl1 (置信度: 0.89)
2026-06-23 17:15:17 [INFO] 物体 2: GasCyl1 (置信度: 0.73)
2026-06-23 17:15:17 [INFO] 物体 3: FireExt1 (置信度: 0.56)
2026-06-23 17:15:17 [INFO] 物体 4: FireExt1 (置信度: 0.51)
2026-06-23 17:15:17 [INFO] 物体 5: FireExt1 (置信度: 0.40)
2026-06-23 17:15:17 [INFO] 检测到车兜区域，将过滤区域外的目标
2026-06-23 17:15:17 [INFO] 车兜区域过滤: 5 -> 3 个目标
2026-06-23 17:15:17 [INFO] 准备保存检测结果到: C:\code\show\Scrap_Steel_In_Field\photos\dangerous_det\detection_20260623_171517.jpg
2026-06-23 17:15:17 [INFO] 图像形状: (2160, 3840, 3)
2026-06-23 17:15:17 [INFO] 图像数据类型: uint8
2026-06-23 17:15:17 [INFO] 图像最大值: 255
2026-06-23 17:15:17 [INFO] 图像最小值: 0
2026-06-23 17:15:17 [INFO] 开始保存检测结果图像: 图像尺寸=(2160, 3840, 3), 类型=uint8, 路径=C:\code\show\Scrap_Steel_In_Field\photos\dangerous_det\detection_20260623_171517.jpg
2026-06-23 17:15:17 [INFO] 成功保存检测结果到: C:\code\show\Scrap_Steel_In_Field\photos\dangerous_det\detection_20260623_171517.jpg
2026-06-23 17:15:17 [INFO] 保存的检测结果文件大小: 2277708 字节
2026-06-23 17:15:17 [INFO] 引擎上下文已释放
2026-06-23 17:15:17 [INFO] TensorRT 引擎已释放
2026-06-23 17:15:17 [INFO] 全局 CUDA 资源已释放
2026-06-23 17:15:17 [INFO] 检测系统资源已释放
2026-06-23 17:15:22 [INFO] CUDA 初始化成功
2026-06-23 17:15:22 [INFO] 引擎加载成功: dangerous.engine
2026-06-23 17:15:22 [INFO] 检测系统初始化成功
2026-06-23 17:15:22 [INFO] 图像预处理完成，原始尺寸: (2160, 3840)
2026-06-23 17:15:22 [INFO] 开始执行目标检测...
2026-06-23 17:15:22 [INFO] 检测完成，找到 5 个物体
2026-06-23 17:15:22 [INFO] 物体 1: GasCyl1 (置信度: 0.90)
2026-06-23 17:15:22 [INFO] 物体 2: GasCyl1 (置信度: 0.74)
2026-06-23 17:15:22 [INFO] 物体 3: FireExt1 (置信度: 0.56)
2026-06-23 17:15:22 [INFO] 物体 4: FireExt1 (置信度: 0.48)
2026-06-23 17:15:22 [INFO] 物体 5: FireExt1 (置信度: 0.42)
2026-06-23 17:15:22 [INFO] 检测到车兜区域，将过滤区域外的目标
2026-06-23 17:15:22 [INFO] 车兜区域过滤: 5 -> 3 个目标
2026-06-23 17:15:22 [INFO] 准备保存检测结果到: C:\code\show\Scrap_Steel_In_Field\photos\dangerous_det\detection_20260623_171522.jpg
2026-06-23 17:15:22 [INFO] 图像形状: (2160, 3840, 3)
2026-06-23 17:15:22 [INFO] 图像数据类型: uint8
2026-06-23 17:15:22 [INFO] 图像最大值: 255
2026-06-23 17:15:22 [INFO] 图像最小值: 0
2026-06-23 17:15:22 [INFO] 开始保存检测结果图像: 图像尺寸=(2160, 3840, 3), 类型=uint8, 路径=C:\code\show\Scrap_Steel_In_Field\photos\dangerous_det\detection_20260623_171522.jpg
2026-06-23 17:15:22 [INFO] 成功保存检测结果到: C:\code\show\Scrap_Steel_In_Field\photos\dangerous_det\detection_20260623_171522.jpg
2026-06-23 17:15:22 [INFO] 保存的检测结果文件大小: 2277923 字节
2026-06-23 17:15:22 [INFO] 引擎上下文已释放
2026-06-23 17:15:22 [INFO] TensorRT 引擎已释放
2026-06-23 17:15:22 [INFO] 全局 CUDA 资源已释放
2026-06-23 17:15:22 [INFO] 检测系统资源已释放
2026-06-23 17:15:27 [INFO] CUDA 初始化成功
2026-06-23 17:15:27 [INFO] 引擎加载成功: dangerous.engine
2026-06-23 17:15:27 [INFO] 检测系统初始化成功
2026-06-23 17:15:27 [INFO] 图像预处理完成，原始尺寸: (2160, 3840)
2026-06-23 17:15:27 [INFO] 开始执行目标检测...
2026-06-23 17:15:27 [INFO] 检测完成，找到 5 个物体
2026-06-23 17:15:27 [INFO] 物体 1: GasCyl1 (置信度: 0.90)
2026-06-23 17:15:27 [INFO] 物体 2: GasCyl1 (置信度: 0.61)
2026-06-23 17:15:27 [INFO] 物体 3: FireExt1 (置信度: 0.56)
2026-06-23 17:15:27 [INFO] 物体 4: FireExt1 (置信度: 0.50)
2026-06-23 17:15:27 [INFO] 物体 5: FireExt1 (置信度: 0.42)
2026-06-23 17:15:27 [INFO] 检测到车兜区域，将过滤区域外的目标
2026-06-23 17:15:27 [INFO] 车兜区域过滤: 5 -> 3 个目标
2026-06-23 17:15:27 [INFO] 准备保存检测结果到: C:\code\show\Scrap_Steel_In_Field\photos\dangerous_det\detection_20260623_171527.jpg
2026-06-23 17:15:27 [INFO] 图像形状: (2160, 3840, 3)
2026-06-23 17:15:27 [INFO] 图像数据类型: uint8
2026-06-23 17:15:27 [INFO] 图像最大值: 255
2026-06-23 17:15:27 [INFO] 图像最小值: 0
2026-06-23 17:15:27 [INFO] 开始保存检测结果图像: 图像尺寸=(2160, 3840, 3), 类型=uint8, 路径=C:\code\show\Scrap_Steel_In_Field\photos\dangerous_det\detection_20260623_171527.jpg
2026-06-23 17:15:27 [INFO] 成功保存检测结果到: C:\code\show\Scrap_Steel_In_Field\photos\dangerous_det\detection_20260623_171527.jpg
2026-06-23 17:15:27 [INFO] 保存的检测结果文件大小: 2276958 字节
2026-06-23 17:15:27 [INFO] 引擎上下文已释放
2026-06-23 17:15:27 [INFO] TensorRT 引擎已释放
2026-06-23 17:15:27 [INFO] 全局 CUDA 资源已释放
2026-06-23 17:15:27 [INFO] 检测系统资源已释放
2026-06-23 17:15:32 [INFO] CUDA 初始化成功
2026-06-23 17:15:32 [INFO] 引擎加载成功: dangerous.engine
2026-06-23 17:15:32 [INFO] 检测系统初始化成功
2026-06-23 17:15:32 [INFO] 图像预处理完成，原始尺寸: (2160, 3840)
2026-06-23 17:15:32 [INFO] 开始执行目标检测...
2026-06-23 17:15:32 [INFO] 检测完成，找到 5 个物体
2026-06-23 17:15:32 [INFO] 物体 1: GasCyl1 (置信度: 0.90)
2026-06-23 17:15:32 [INFO] 物体 2: GasCyl1 (置信度: 0.58)
2026-06-23 17:15:32 [INFO] 物体 3: FireExt1 (置信度: 0.55)
2026-06-23 17:15:32 [INFO] 物体 4: FireExt1 (置信度: 0.50)
2026-06-23 17:15:32 [INFO] 物体 5: FireExt1 (置信度: 0.43)
2026-06-23 17:15:33 [INFO] 检测到车兜区域，将过滤区域外的目标
2026-06-23 17:15:33 [INFO] 车兜区域过滤: 5 -> 3 个目标
2026-06-23 17:15:33 [INFO] 准备保存检测结果到: C:\code\show\Scrap_Steel_In_Field\photos\dangerous_det\detection_20260623_171533.jpg
2026-06-23 17:15:33 [INFO] 图像形状: (2160, 3840, 3)
2026-06-23 17:15:33 [INFO] 图像数据类型: uint8
2026-06-23 17:15:33 [INFO] 图像最大值: 255
2026-06-23 17:15:33 [INFO] 图像最小值: 0
2026-06-23 17:15:33 [INFO] 开始保存检测结果图像: 图像尺寸=(2160, 3840, 3), 类型=uint8, 路径=C:\code\show\Scrap_Steel_In_Field\photos\dangerous_det\detection_20260623_171533.jpg
2026-06-23 17:15:33 [INFO] 成功保存检测结果到: C:\code\show\Scrap_Steel_In_Field\photos\dangerous_det\detection_20260623_171533.jpg
2026-06-23 17:15:33 [INFO] 保存的检测结果文件大小: 2276511 字节
2026-06-23 17:15:33 [INFO] 引擎上下文已释放
2026-06-23 17:15:33 [INFO] TensorRT 引擎已释放
2026-06-23 17:15:33 [INFO] 全局 CUDA 资源已释放
2026-06-23 17:15:33 [INFO] 检测系统资源已释放
2026-06-23 17:15:38 [INFO] CUDA 初始化成功
2026-06-23 17:15:38 [INFO] 引擎加载成功: dangerous.engine
2026-06-23 17:15:38 [INFO] 检测系统初始化成功
2026-06-23 17:15:38 [INFO] 图像预处理完成，原始尺寸: (2160, 3840)
2026-06-23 17:15:38 [INFO] 开始执行目标检测...
2026-06-23 17:15:38 [INFO] 检测完成，找到 5 个物体
2026-06-23 17:15:38 [INFO] 物体 1: GasCyl1 (置信度: 0.90)
2026-06-23 17:15:38 [INFO] 物体 2: GasCyl1 (置信度: 0.69)
2026-06-23 17:15:38 [INFO] 物体 3: FireExt1 (置信度: 0.56)
2026-06-23 17:15:38 [INFO] 物体 4: FireExt1 (置信度: 0.49)
2026-06-23 17:15:38 [INFO] 物体 5: FireExt1 (置信度: 0.43)
2026-06-23 17:15:38 [INFO] 检测到车兜区域，将过滤区域外的目标
2026-06-23 17:15:38 [INFO] 车兜区域过滤: 5 -> 3 个目标
2026-06-23 17:15:38 [INFO] 准备保存检测结果到: C:\code\show\Scrap_Steel_In_Field\photos\dangerous_det\detection_20260623_171538.jpg
2026-06-23 17:15:38 [INFO] 图像形状: (2160, 3840, 3)
2026-06-23 17:15:38 [INFO] 图像数据类型: uint8
2026-06-23 17:15:38 [INFO] 图像最大值: 255
2026-06-23 17:15:38 [INFO] 图像最小值: 0
2026-06-23 17:15:38 [INFO] 开始保存检测结果图像: 图像尺寸=(2160, 3840, 3), 类型=uint8, 路径=C:\code\show\Scrap_Steel_In_Field\photos\dangerous_det\detection_20260623_171538.jpg
2026-06-23 17:15:38 [INFO] 成功保存检测结果到: C:\code\show\Scrap_Steel_In_Field\photos\dangerous_det\detection_20260623_171538.jpg
2026-06-23 17:15:38 [INFO] 保存的检测结果文件大小: 2274399 字节
2026-06-23 17:15:38 [INFO] 引擎上下文已释放
2026-06-23 17:15:38 [INFO] TensorRT 引擎已释放
2026-06-23 17:15:38 [INFO] 全局 CUDA 资源已释放
2026-06-23 17:15:38 [INFO] 检测系统资源已释放
2026-06-23 17:15:43 [INFO] CUDA 初始化成功
2026-06-23 17:15:43 [INFO] 引擎加载成功: dangerous.engine
2026-06-23 17:15:43 [INFO] 检测系统初始化成功
2026-06-23 17:15:43 [INFO] 图像预处理完成，原始尺寸: (2160, 3840)
2026-06-23 17:15:43 [INFO] 开始执行目标检测...
2026-06-23 17:15:43 [INFO] 检测完成，找到 5 个物体
2026-06-23 17:15:43 [INFO] 物体 1: GasCyl1 (置信度: 0.89)
2026-06-23 17:15:43 [INFO] 物体 2: GasCyl1 (置信度: 0.66)
2026-06-23 17:15:43 [INFO] 物体 3: FireExt1 (置信度: 0.56)
2026-06-23 17:15:43 [INFO] 物体 4: FireExt1 (置信度: 0.52)
2026-06-23 17:15:43 [INFO] 物体 5: FireExt1 (置信度: 0.40)
2026-06-23 17:15:43 [INFO] 检测到车兜区域，将过滤区域外的目标
2026-06-23 17:15:43 [INFO] 车兜区域过滤: 5 -> 3 个目标
2026-06-23 17:15:43 [INFO] 准备保存检测结果到: C:\code\show\Scrap_Steel_In_Field\photos\dangerous_det\detection_20260623_171543.jpg
2026-06-23 17:15:43 [INFO] 图像形状: (2160, 3840, 3)
2026-06-23 17:15:43 [INFO] 图像数据类型: uint8
2026-06-23 17:15:43 [INFO] 图像最大值: 255
2026-06-23 17:15:43 [INFO] 图像最小值: 0
2026-06-23 17:15:43 [INFO] 开始保存检测结果图像: 图像尺寸=(2160, 3840, 3), 类型=uint8, 路径=C:\code\show\Scrap_Steel_In_Field\photos\dangerous_det\detection_20260623_171543.jpg
2026-06-23 17:15:43 [INFO] 成功保存检测结果到: C:\code\show\Scrap_Steel_In_Field\photos\dangerous_det\detection_20260623_171543.jpg
2026-06-23 17:15:43 [INFO] 保存的检测结果文件大小: 2276291 字节
2026-06-23 17:15:43 [INFO] 引擎上下文已释放
2026-06-23 17:15:43 [INFO] TensorRT 引擎已释放
2026-06-23 17:15:43 [INFO] 全局 CUDA 资源已释放
2026-06-23 17:15:43 [INFO] 检测系统资源已释放
2026-06-23 17:15:48 [INFO] CUDA 初始化成功
2026-06-23 17:15:48 [INFO] 引擎加载成功: dangerous.engine
2026-06-23 17:15:48 [INFO] 检测系统初始化成功
2026-06-23 17:15:48 [INFO] 图像预处理完成，原始尺寸: (2160, 3840)
2026-06-23 17:15:48 [INFO] 开始执行目标检测...
2026-06-23 17:15:48 [INFO] 检测完成，找到 5 个物体
2026-06-23 17:15:48 [INFO] 物体 1: GasCyl1 (置信度: 0.90)
2026-06-23 17:15:48 [INFO] 物体 2: GasCyl1 (置信度: 0.71)
2026-06-23 17:15:48 [INFO] 物体 3: FireExt1 (置信度: 0.56)
2026-06-23 17:15:48 [INFO] 物体 4: FireExt1 (置信度: 0.46)
2026-06-23 17:15:48 [INFO] 物体 5: FireExt1 (置信度: 0.40)
2026-06-23 17:15:48 [INFO] 检测到车兜区域，将过滤区域外的目标
2026-06-23 17:15:48 [INFO] 车兜区域过滤: 5 -> 3 个目标
2026-06-23 17:15:48 [INFO] 准备保存检测结果到: C:\code\show\Scrap_Steel_In_Field\photos\dangerous_det\detection_20260623_171548.jpg
2026-06-23 17:15:48 [INFO] 图像形状: (2160, 3840, 3)
2026-06-23 17:15:48 [INFO] 图像数据类型: uint8
2026-06-23 17:15:48 [INFO] 图像最大值: 255
2026-06-23 17:15:48 [INFO] 图像最小值: 0
2026-06-23 17:15:48 [INFO] 开始保存检测结果图像: 图像尺寸=(2160, 3840, 3), 类型=uint8, 路径=C:\code\show\Scrap_Steel_In_Field\photos\dangerous_det\detection_20260623_171548.jpg
2026-06-23 17:15:48 [INFO] 成功保存检测结果到: C:\code\show\Scrap_Steel_In_Field\photos\dangerous_det\detection_20260623_171548.jpg
2026-06-23 17:15:48 [INFO] 保存的检测结果文件大小: 2276254 字节
2026-06-23 17:15:48 [INFO] 引擎上下文已释放
2026-06-23 17:15:48 [INFO] TensorRT 引擎已释放
2026-06-23 17:15:48 [INFO] 全局 CUDA 资源已释放
2026-06-23 17:15:48 [INFO] 检测系统资源已释放
2026-06-23 17:15:53 [INFO] CUDA 初始化成功
2026-06-23 17:15:53 [INFO] 引擎加载成功: dangerous.engine
2026-06-23 17:15:53 [INFO] 检测系统初始化成功
2026-06-23 17:15:53 [INFO] 图像预处理完成，原始尺寸: (2160, 3840)
2026-06-23 17:15:53 [INFO] 开始执行目标检测...
2026-06-23 17:15:53 [INFO] 检测完成，找到 5 个物体
2026-06-23 17:15:53 [INFO] 物体 1: GasCyl1 (置信度: 0.89)
2026-06-23 17:15:53 [INFO] 物体 2: GasCyl1 (置信度: 0.73)
2026-06-23 17:15:53 [INFO] 物体 3: FireExt1 (置信度: 0.56)
2026-06-23 17:15:53 [INFO] 物体 4: FireExt1 (置信度: 0.49)
2026-06-23 17:15:53 [INFO] 物体 5: FireExt1 (置信度: 0.36)
2026-06-23 17:15:53 [INFO] 检测到车兜区域，将过滤区域外的目标
2026-06-23 17:15:53 [INFO] 车兜区域过滤: 5 -> 3 个目标
2026-06-23 17:15:53 [INFO] 准备保存检测结果到: C:\code\show\Scrap_Steel_In_Field\photos\dangerous_det\detection_20260623_171553.jpg
2026-06-23 17:15:53 [INFO] 图像形状: (2160, 3840, 3)
2026-06-23 17:15:53 [INFO] 图像数据类型: uint8
2026-06-23 17:15:53 [INFO] 图像最大值: 255
2026-06-23 17:15:53 [INFO] 图像最小值: 0
2026-06-23 17:15:53 [INFO] 开始保存检测结果图像: 图像尺寸=(2160, 3840, 3), 类型=uint8, 路径=C:\code\show\Scrap_Steel_In_Field\photos\dangerous_det\detection_20260623_171553.jpg
2026-06-23 17:15:53 [INFO] 成功保存检测结果到: C:\code\show\Scrap_Steel_In_Field\photos\dangerous_det\detection_20260623_171553.jpg
2026-06-23 17:15:53 [INFO] 保存的检测结果文件大小: 2276306 字节
2026-06-23 17:15:53 [INFO] 引擎上下文已释放
2026-06-23 17:15:53 [INFO] TensorRT 引擎已释放
2026-06-23 17:15:53 [INFO] 全局 CUDA 资源已释放
2026-06-23 17:15:53 [INFO] 检测系统资源已释放
2026-06-23 17:15:58 [INFO] CUDA 初始化成功
2026-06-23 17:15:58 [INFO] 引擎加载成功: dangerous.engine
2026-06-23 17:15:58 [INFO] 检测系统初始化成功
2026-06-23 17:15:58 [INFO] 图像预处理完成，原始尺寸: (2160, 3840)
2026-06-23 17:15:58 [INFO] 开始执行目标检测...
2026-06-23 17:15:59 [INFO] 检测完成，找到 5 个物体
2026-06-23 17:15:59 [INFO] 物体 1: GasCyl1 (置信度: 0.90)
2026-06-23 17:15:59 [INFO] 物体 2: GasCyl1 (置信度: 0.65)
2026-06-23 17:15:59 [INFO] 物体 3: FireExt1 (置信度: 0.56)
2026-06-23 17:15:59 [INFO] 物体 4: FireExt1 (置信度: 0.47)
2026-06-23 17:15:59 [INFO] 物体 5: FireExt1 (置信度: 0.43)
2026-06-23 17:15:59 [INFO] 检测到车兜区域，将过滤区域外的目标
2026-06-23 17:15:59 [INFO] 车兜区域过滤: 5 -> 3 个目标
2026-06-23 17:15:59 [INFO] 准备保存检测结果到: C:\code\show\Scrap_Steel_In_Field\photos\dangerous_det\detection_20260623_171559.jpg
2026-06-23 17:15:59 [INFO] 图像形状: (2160, 3840, 3)
2026-06-23 17:15:59 [INFO] 图像数据类型: uint8
2026-06-23 17:15:59 [INFO] 图像最大值: 255
2026-06-23 17:15:59 [INFO] 图像最小值: 0
2026-06-23 17:15:59 [INFO] 开始保存检测结果图像: 图像尺寸=(2160, 3840, 3), 类型=uint8, 路径=C:\code\show\Scrap_Steel_In_Field\photos\dangerous_det\detection_20260623_171559.jpg
2026-06-23 17:15:59 [INFO] 成功保存检测结果到: C:\code\show\Scrap_Steel_In_Field\photos\dangerous_det\detection_20260623_171559.jpg
2026-06-23 17:15:59 [INFO] 保存的检测结果文件大小: 2275757 字节
2026-06-23 17:15:59 [INFO] 引擎上下文已释放
2026-06-23 17:15:59 [INFO] TensorRT 引擎已释放
2026-06-23 17:15:59 [INFO] 全局 CUDA 资源已释放
2026-06-23 17:15:59 [INFO] 检测系统资源已释放
2026-06-23 17:16:04 [INFO] CUDA 初始化成功
2026-06-23 17:16:04 [INFO] 引擎加载成功: dangerous.engine
2026-06-23 17:16:04 [INFO] 检测系统初始化成功
2026-06-23 17:16:04 [INFO] 图像预处理完成，原始尺寸: (2160, 3840)
2026-06-23 17:16:04 [INFO] 开始执行目标检测...
2026-06-23 17:16:04 [INFO] 检测完成，找到 5 个物体
2026-06-23 17:16:04 [INFO] 物体 1: GasCyl1 (置信度: 0.90)
2026-06-23 17:16:04 [INFO] 物体 2: GasCyl1 (置信度: 0.71)
2026-06-23 17:16:04 [INFO] 物体 3: FireExt1 (置信度: 0.55)
2026-06-23 17:16:04 [INFO] 物体 4: FireExt1 (置信度: 0.49)
2026-06-23 17:16:04 [INFO] 物体 5: FireExt1 (置信度: 0.40)
2026-06-23 17:16:04 [INFO] 检测到车兜区域，将过滤区域外的目标
2026-06-23 17:16:04 [INFO] 车兜区域过滤: 5 -> 3 个目标
2026-06-23 17:16:04 [INFO] 准备保存检测结果到: C:\code\show\Scrap_Steel_In_Field\photos\dangerous_det\detection_20260623_171604.jpg
2026-06-23 17:16:04 [INFO] 图像形状: (2160, 3840, 3)
2026-06-23 17:16:04 [INFO] 图像数据类型: uint8
2026-06-23 17:16:04 [INFO] 图像最大值: 255
2026-06-23 17:16:04 [INFO] 图像最小值: 0
2026-06-23 17:16:04 [INFO] 开始保存检测结果图像: 图像尺寸=(2160, 3840, 3), 类型=uint8, 路径=C:\code\show\Scrap_Steel_In_Field\photos\dangerous_det\detection_20260623_171604.jpg
2026-06-23 17:16:04 [INFO] 成功保存检测结果到: C:\code\show\Scrap_Steel_In_Field\photos\dangerous_det\detection_20260623_171604.jpg
2026-06-23 17:16:04 [INFO] 保存的检测结果文件大小: 2278755 字节
2026-06-23 17:16:04 [INFO] 引擎上下文已释放
2026-06-23 17:16:04 [INFO] TensorRT 引擎已释放
2026-06-23 17:16:04 [INFO] 全局 CUDA 资源已释放
2026-06-23 17:16:04 [INFO] 检测系统资源已释放
2026-06-23 17:16:09 [INFO] CUDA 初始化成功
2026-06-23 17:16:09 [INFO] 引擎加载成功: dangerous.engine
2026-06-23 17:16:09 [INFO] 检测系统初始化成功
2026-06-23 17:16:09 [INFO] 图像预处理完成，原始尺寸: (2160, 3840)
2026-06-23 17:16:09 [INFO] 开始执行目标检测...
2026-06-23 17:16:09 [INFO] 检测完成，找到 5 个物体
2026-06-23 17:16:09 [INFO] 物体 1: GasCyl1 (置信度: 0.89)
2026-06-23 17:16:09 [INFO] 物体 2: GasCyl1 (置信度: 0.69)
2026-06-23 17:16:09 [INFO] 物体 3: FireExt1 (置信度: 0.57)
2026-06-23 17:16:09 [INFO] 物体 4: FireExt1 (置信度: 0.47)
2026-06-23 17:16:09 [INFO] 物体 5: FireExt1 (置信度: 0.43)
2026-06-23 17:16:09 [INFO] 检测到车兜区域，将过滤区域外的目标
2026-06-23 17:16:09 [INFO] 车兜区域过滤: 5 -> 3 个目标
2026-06-23 17:16:09 [INFO] 准备保存检测结果到: C:\code\show\Scrap_Steel_In_Field\photos\dangerous_det\detection_20260623_171609.jpg
2026-06-23 17:16:09 [INFO] 图像形状: (2160, 3840, 3)
2026-06-23 17:16:09 [INFO] 图像数据类型: uint8
2026-06-23 17:16:09 [INFO] 图像最大值: 255
2026-06-23 17:16:09 [INFO] 图像最小值: 0
2026-06-23 17:16:09 [INFO] 开始保存检测结果图像: 图像尺寸=(2160, 3840, 3), 类型=uint8, 路径=C:\code\show\Scrap_Steel_In_Field\photos\dangerous_det\detection_20260623_171609.jpg
2026-06-23 17:16:09 [INFO] 成功保存检测结果到: C:\code\show\Scrap_Steel_In_Field\photos\dangerous_det\detection_20260623_171609.jpg
2026-06-23 17:16:09 [INFO] 保存的检测结果文件大小: 2274868 字节
2026-06-23 17:16:09 [INFO] 引擎上下文已释放
2026-06-23 17:16:09 [INFO] TensorRT 引擎已释放
2026-06-23 17:16:09 [INFO] 全局 CUDA 资源已释放
2026-06-23 17:16:09 [INFO] 检测系统资源已释放
2026-06-23 17:16:14 [INFO] CUDA 初始化成功
2026-06-23 17:16:14 [INFO] 引擎加载成功: dangerous.engine
2026-06-23 17:16:14 [INFO] 检测系统初始化成功
2026-06-23 17:16:14 [INFO] 图像预处理完成，原始尺寸: (2160, 3840)
2026-06-23 17:16:14 [INFO] 开始执行目标检测...
2026-06-23 17:16:14 [INFO] 检测完成，找到 5 个物体
2026-06-23 17:16:14 [INFO] 物体 1: GasCyl1 (置信度: 0.89)
2026-06-23 17:16:14 [INFO] 物体 2: GasCyl1 (置信度: 0.70)
2026-06-23 17:16:14 [INFO] 物体 3: GasCyl1 (置信度: 0.55)
2026-06-23 17:16:14 [INFO] 物体 4: FireExt1 (置信度: 0.54)
2026-06-23 17:16:14 [INFO] 物体 5: FireExt1 (置信度: 0.41)
2026-06-23 17:16:14 [INFO] 检测到车兜区域，将过滤区域外的目标
2026-06-23 17:16:14 [INFO] 车兜区域过滤: 5 -> 3 个目标
2026-06-23 17:16:14 [INFO] 准备保存检测结果到: C:\code\show\Scrap_Steel_In_Field\photos\dangerous_det\detection_20260623_171614.jpg
2026-06-23 17:16:14 [INFO] 图像形状: (2160, 3840, 3)
2026-06-23 17:16:14 [INFO] 图像数据类型: uint8
2026-06-23 17:16:14 [INFO] 图像最大值: 255
2026-06-23 17:16:14 [INFO] 图像最小值: 0
2026-06-23 17:16:14 [INFO] 开始保存检测结果图像: 图像尺寸=(2160, 3840, 3), 类型=uint8, 路径=C:\code\show\Scrap_Steel_In_Field\photos\dangerous_det\detection_20260623_171614.jpg
2026-06-23 17:16:14 [INFO] 成功保存检测结果到: C:\code\show\Scrap_Steel_In_Field\photos\dangerous_det\detection_20260623_171614.jpg
2026-06-23 17:16:14 [INFO] 保存的检测结果文件大小: 2275532 字节
2026-06-23 17:16:14 [INFO] 引擎上下文已释放
2026-06-23 17:16:14 [INFO] TensorRT 引擎已释放
2026-06-23 17:16:14 [INFO] 全局 CUDA 资源已释放
2026-06-23 17:16:14 [INFO] 检测系统资源已释放
2026-06-23 17:16:19 [INFO] CUDA 初始化成功
2026-06-23 17:16:19 [INFO] 引擎加载成功: dangerous.engine
2026-06-23 17:16:19 [INFO] 检测系统初始化成功
2026-06-23 17:16:19 [INFO] 图像预处理完成，原始尺寸: (2160, 3840)
2026-06-23 17:16:19 [INFO] 开始执行目标检测...
2026-06-23 17:16:20 [INFO] 检测完成，找到 5 个物体
2026-06-23 17:16:20 [INFO] 物体 1: GasCyl1 (置信度: 0.90)
2026-06-23 17:16:20 [INFO] 物体 2: GasCyl1 (置信度: 0.73)
2026-06-23 17:16:20 [INFO] 物体 3: FireExt1 (置信度: 0.56)
2026-06-23 17:16:20 [INFO] 物体 4: FireExt1 (置信度: 0.49)
2026-06-23 17:16:20 [INFO] 物体 5: FireExt1 (置信度: 0.42)
2026-06-23 17:16:20 [INFO] 检测到车兜区域，将过滤区域外的目标
2026-06-23 17:16:20 [INFO] 车兜区域过滤: 5 -> 3 个目标
2026-06-23 17:16:20 [INFO] 准备保存检测结果到: C:\code\show\Scrap_Steel_In_Field\photos\dangerous_det\detection_20260623_171620.jpg
2026-06-23 17:16:20 [INFO] 图像形状: (2160, 3840, 3)
2026-06-23 17:16:20 [INFO] 图像数据类型: uint8
2026-06-23 17:16:20 [INFO] 图像最大值: 255
2026-06-23 17:16:20 [INFO] 图像最小值: 0
2026-06-23 17:16:20 [INFO] 开始保存检测结果图像: 图像尺寸=(2160, 3840, 3), 类型=uint8, 路径=C:\code\show\Scrap_Steel_In_Field\photos\dangerous_det\detection_20260623_171620.jpg
2026-06-23 17:16:20 [INFO] 成功保存检测结果到: C:\code\show\Scrap_Steel_In_Field\photos\dangerous_det\detection_20260623_171620.jpg
2026-06-23 17:16:20 [INFO] 保存的检测结果文件大小: 2276951 字节
2026-06-23 17:16:20 [INFO] 引擎上下文已释放
2026-06-23 17:16:20 [INFO] TensorRT 引擎已释放
2026-06-23 17:16:20 [INFO] 全局 CUDA 资源已释放
2026-06-23 17:16:20 [INFO] 检测系统资源已释放
2026-06-23 17:16:25 [INFO] CUDA 初始化成功
2026-06-23 17:16:25 [INFO] 引擎加载成功: dangerous.engine
2026-06-23 17:16:25 [INFO] 检测系统初始化成功
2026-06-23 17:16:25 [INFO] 图像预处理完成，原始尺寸: (2160, 3840)
2026-06-23 17:16:25 [INFO] 开始执行目标检测...
2026-06-23 17:16:25 [INFO] 检测完成，找到 5 个物体
2026-06-23 17:16:25 [INFO] 物体 1: GasCyl1 (置信度: 0.89)
2026-06-23 17:16:25 [INFO] 物体 2: GasCyl1 (置信度: 0.65)
2026-06-23 17:16:25 [INFO] 物体 3: FireExt1 (置信度: 0.54)
2026-06-23 17:16:25 [INFO] 物体 4: FireExt1 (置信度: 0.46)
2026-06-23 17:16:25 [INFO] 物体 5: FireExt1 (置信度: 0.44)
2026-06-23 17:16:25 [INFO] 检测到车兜区域，将过滤区域外的目标
2026-06-23 17:16:25 [INFO] 车兜区域过滤: 5 -> 3 个目标
2026-06-23 17:16:25 [INFO] 准备保存检测结果到: C:\code\show\Scrap_Steel_In_Field\photos\dangerous_det\detection_20260623_171625.jpg
2026-06-23 17:16:25 [INFO] 图像形状: (2160, 3840, 3)
2026-06-23 17:16:25 [INFO] 图像数据类型: uint8
2026-06-23 17:16:25 [INFO] 图像最大值: 255
2026-06-23 17:16:25 [INFO] 图像最小值: 0
2026-06-23 17:16:25 [INFO] 开始保存检测结果图像: 图像尺寸=(2160, 3840, 3), 类型=uint8, 路径=C:\code\show\Scrap_Steel_In_Field\photos\dangerous_det\detection_20260623_171625.jpg
2026-06-23 17:16:25 [INFO] 成功保存检测结果到: C:\code\show\Scrap_Steel_In_Field\photos\dangerous_det\detection_20260623_171625.jpg
2026-06-23 17:16:25 [INFO] 保存的检测结果文件大小: 2273987 字节
2026-06-23 17:16:25 [INFO] 引擎上下文已释放
2026-06-23 17:16:25 [INFO] TensorRT 引擎已释放
2026-06-23 17:16:25 [INFO] 全局 CUDA 资源已释放
2026-06-23 17:16:25 [INFO] 检测系统资源已释放
2026-06-23 17:16:30 [INFO] CUDA 初始化成功
2026-06-23 17:16:30 [INFO] 引擎加载成功: dangerous.engine
2026-06-23 17:16:30 [INFO] 检测系统初始化成功
2026-06-23 17:16:30 [INFO] 图像预处理完成，原始尺寸: (2160, 3840)
2026-06-23 17:16:30 [INFO] 开始执行目标检测...
2026-06-23 17:16:30 [INFO] 检测完成，找到 5 个物体
2026-06-23 17:16:30 [INFO] 物体 1: GasCyl1 (置信度: 0.89)
2026-06-23 17:16:30 [INFO] 物体 2: GasCyl1 (置信度: 0.70)
2026-06-23 17:16:30 [INFO] 物体 3: GasCyl1 (置信度: 0.56)
2026-06-23 17:16:30 [INFO] 物体 4: FireExt1 (置信度: 0.56)
2026-06-23 17:16:30 [INFO] 物体 5: FireExt1 (置信度: 0.44)
2026-06-23 17:16:30 [INFO] 检测到车兜区域，将过滤区域外的目标
2026-06-23 17:16:30 [INFO] 车兜区域过滤: 5 -> 3 个目标
2026-06-23 17:16:30 [INFO] 准备保存检测结果到: C:\code\show\Scrap_Steel_In_Field\photos\dangerous_det\detection_20260623_171630.jpg
2026-06-23 17:16:30 [INFO] 图像形状: (2160, 3840, 3)
2026-06-23 17:16:30 [INFO] 图像数据类型: uint8
2026-06-23 17:16:30 [INFO] 图像最大值: 255
2026-06-23 17:16:30 [INFO] 图像最小值: 0
2026-06-23 17:16:30 [INFO] 开始保存检测结果图像: 图像尺寸=(2160, 3840, 3), 类型=uint8, 路径=C:\code\show\Scrap_Steel_In_Field\photos\dangerous_det\detection_20260623_171630.jpg
2026-06-23 17:16:30 [INFO] 成功保存检测结果到: C:\code\show\Scrap_Steel_In_Field\photos\dangerous_det\detection_20260623_171630.jpg
2026-06-23 17:16:30 [INFO] 保存的检测结果文件大小: 2275170 字节
2026-06-23 17:16:30 [INFO] 引擎上下文已释放
2026-06-23 17:16:30 [INFO] TensorRT 引擎已释放
2026-06-23 17:16:30 [INFO] 全局 CUDA 资源已释放
2026-06-23 17:16:30 [INFO] 检测系统资源已释放
2026-06-23 17:16:35 [INFO] CUDA 初始化成功
2026-06-23 17:16:35 [INFO] 引擎加载成功: dangerous.engine
2026-06-23 17:16:35 [INFO] 检测系统初始化成功
2026-06-23 17:16:35 [INFO] 图像预处理完成，原始尺寸: (2160, 3840)
2026-06-23 17:16:35 [INFO] 开始执行目标检测...
2026-06-23 17:16:35 [INFO] 检测完成，找到 5 个物体
2026-06-23 17:16:35 [INFO] 物体 1: GasCyl1 (置信度: 0.89)
2026-06-23 17:16:35 [INFO] 物体 2: GasCyl1 (置信度: 0.75)
2026-06-23 17:16:35 [INFO] 物体 3: FireExt1 (置信度: 0.55)
2026-06-23 17:16:35 [INFO] 物体 4: FireExt1 (置信度: 0.46)
2026-06-23 17:16:35 [INFO] 物体 5: FireExt1 (置信度: 0.38)
2026-06-23 17:16:35 [INFO] 检测到车兜区域，将过滤区域外的目标
2026-06-23 17:16:35 [INFO] 车兜区域过滤: 5 -> 3 个目标
2026-06-23 17:16:35 [INFO] 准备保存检测结果到: C:\code\show\Scrap_Steel_In_Field\photos\dangerous_det\detection_20260623_171635.jpg
2026-06-23 17:16:35 [INFO] 图像形状: (2160, 3840, 3)
2026-06-23 17:16:35 [INFO] 图像数据类型: uint8
2026-06-23 17:16:35 [INFO] 图像最大值: 255
2026-06-23 17:16:35 [INFO] 图像最小值: 0
2026-06-23 17:16:35 [INFO] 开始保存检测结果图像: 图像尺寸=(2160, 3840, 3), 类型=uint8, 路径=C:\code\show\Scrap_Steel_In_Field\photos\dangerous_det\detection_20260623_171635.jpg
2026-06-23 17:16:35 [INFO] 成功保存检测结果到: C:\code\show\Scrap_Steel_In_Field\photos\dangerous_det\detection_20260623_171635.jpg
2026-06-23 17:16:35 [INFO] 保存的检测结果文件大小: 2276296 字节
2026-06-23 17:16:35 [INFO] 引擎上下文已释放
2026-06-23 17:16:35 [INFO] TensorRT 引擎已释放
2026-06-23 17:16:35 [INFO] 全局 CUDA 资源已释放
2026-06-23 17:16:35 [INFO] 检测系统资源已释放
2026-06-23 17:16:40 [INFO] CUDA 初始化成功
2026-06-23 17:16:40 [INFO] 引擎加载成功: dangerous.engine
2026-06-23 17:16:40 [INFO] 检测系统初始化成功
2026-06-23 17:16:40 [INFO] 图像预处理完成，原始尺寸: (2160, 3840)
2026-06-23 17:16:40 [INFO] 开始执行目标检测...
2026-06-23 17:16:40 [INFO] 检测完成，找到 5 个物体
2026-06-23 17:16:40 [INFO] 物体 1: GasCyl1 (置信度: 0.90)
2026-06-23 17:16:40 [INFO] 物体 2: GasCyl1 (置信度: 0.69)
2026-06-23 17:16:40 [INFO] 物体 3: FireExt1 (置信度: 0.56)
2026-06-23 17:16:40 [INFO] 物体 4: GasCyl1 (置信度: 0.47)
2026-06-23 17:16:40 [INFO] 物体 5: FireExt1 (置信度: 0.40)
2026-06-23 17:16:41 [INFO] 检测到车兜区域，将过滤区域外的目标
2026-06-23 17:16:41 [INFO] 车兜区域过滤: 5 -> 3 个目标
2026-06-23 17:16:41 [INFO] 准备保存检测结果到: C:\code\show\Scrap_Steel_In_Field\photos\dangerous_det\detection_20260623_171641.jpg
2026-06-23 17:16:41 [INFO] 图像形状: (2160, 3840, 3)
2026-06-23 17:16:41 [INFO] 图像数据类型: uint8
2026-06-23 17:16:41 [INFO] 图像最大值: 255
2026-06-23 17:16:41 [INFO] 图像最小值: 0
2026-06-23 17:16:41 [INFO] 开始保存检测结果图像: 图像尺寸=(2160, 3840, 3), 类型=uint8, 路径=C:\code\show\Scrap_Steel_In_Field\photos\dangerous_det\detection_20260623_171641.jpg
2026-06-23 17:16:41 [INFO] 成功保存检测结果到: C:\code\show\Scrap_Steel_In_Field\photos\dangerous_det\detection_20260623_171641.jpg
2026-06-23 17:16:41 [INFO] 保存的检测结果文件大小: 2277962 字节
2026-06-23 17:16:41 [INFO] 引擎上下文已释放
2026-06-23 17:16:41 [INFO] TensorRT 引擎已释放
2026-06-23 17:16:41 [INFO] 全局 CUDA 资源已释放
2026-06-23 17:16:41 [INFO] 检测系统资源已释放
2026-06-23 17:16:46 [INFO] CUDA 初始化成功
2026-06-23 17:16:46 [INFO] 引擎加载成功: dangerous.engine
2026-06-23 17:16:46 [INFO] 检测系统初始化成功
2026-06-23 17:16:46 [INFO] 图像预处理完成，原始尺寸: (2160, 3840)
2026-06-23 17:16:46 [INFO] 开始执行目标检测...
2026-06-23 17:16:46 [INFO] 检测完成，找到 4 个物体
2026-06-23 17:16:46 [INFO] 物体 1: GasCyl1 (置信度: 0.90)
2026-06-23 17:16:46 [INFO] 物体 2: GasCyl1 (置信度: 0.67)
2026-06-23 17:16:46 [INFO] 物体 3: FireExt1 (置信度: 0.57)
2026-06-23 17:16:46 [INFO] 物体 4: FireExt1 (置信度: 0.46)
2026-06-23 17:16:46 [INFO] 检测到车兜区域，将过滤区域外的目标
2026-06-23 17:16:46 [INFO] 车兜区域过滤: 4 -> 3 个目标
2026-06-23 17:16:46 [INFO] 准备保存检测结果到: C:\code\show\Scrap_Steel_In_Field\photos\dangerous_det\detection_20260623_171646.jpg
2026-06-23 17:16:46 [INFO] 图像形状: (2160, 3840, 3)
2026-06-23 17:16:46 [INFO] 图像数据类型: uint8
2026-06-23 17:16:46 [INFO] 图像最大值: 255
2026-06-23 17:16:46 [INFO] 图像最小值: 0
2026-06-23 17:16:46 [INFO] 开始保存检测结果图像: 图像尺寸=(2160, 3840, 3), 类型=uint8, 路径=C:\code\show\Scrap_Steel_In_Field\photos\dangerous_det\detection_20260623_171646.jpg
2026-06-23 17:16:46 [INFO] 成功保存检测结果到: C:\code\show\Scrap_Steel_In_Field\photos\dangerous_det\detection_20260623_171646.jpg
2026-06-23 17:16:46 [INFO] 保存的检测结果文件大小: 2278530 字节
2026-06-23 17:16:46 [INFO] 引擎上下文已释放
2026-06-23 17:16:46 [INFO] TensorRT 引擎已释放
2026-06-23 17:16:46 [INFO] 全局 CUDA 资源已释放
2026-06-23 17:16:46 [INFO] 检测系统资源已释放
2026-06-23 17:16:51 [INFO] CUDA 初始化成功
2026-06-23 17:16:51 [INFO] 引擎加载成功: dangerous.engine
2026-06-23 17:16:51 [INFO] 检测系统初始化成功
2026-06-23 17:16:51 [INFO] 图像预处理完成，原始尺寸: (2160, 3840)
2026-06-23 17:16:51 [INFO] 开始执行目标检测...
2026-06-23 17:16:51 [INFO] 检测完成，找到 4 个物体
2026-06-23 17:16:51 [INFO] 物体 1: GasCyl1 (置信度: 0.89)
2026-06-23 17:16:51 [INFO] 物体 2: GasCyl1 (置信度: 0.69)
2026-06-23 17:16:51 [INFO] 物体 3: FireExt1 (置信度: 0.56)
2026-06-23 17:16:51 [INFO] 物体 4: FireExt1 (置信度: 0.47)
2026-06-23 17:16:51 [INFO] 检测到车兜区域，将过滤区域外的目标
2026-06-23 17:16:51 [INFO] 车兜区域过滤: 4 -> 3 个目标
2026-06-23 17:16:51 [INFO] 准备保存检测结果到: C:\code\show\Scrap_Steel_In_Field\photos\dangerous_det\detection_20260623_171651.jpg
2026-06-23 17:16:51 [INFO] 图像形状: (2160, 3840, 3)
2026-06-23 17:16:51 [INFO] 图像数据类型: uint8
2026-06-23 17:16:51 [INFO] 图像最大值: 255
2026-06-23 17:16:51 [INFO] 图像最小值: 0
2026-06-23 17:16:51 [INFO] 开始保存检测结果图像: 图像尺寸=(2160, 3840, 3), 类型=uint8, 路径=C:\code\show\Scrap_Steel_In_Field\photos\dangerous_det\detection_20260623_171651.jpg
2026-06-23 17:16:51 [INFO] 成功保存检测结果到: C:\code\show\Scrap_Steel_In_Field\photos\dangerous_det\detection_20260623_171651.jpg
2026-06-23 17:16:51 [INFO] 保存的检测结果文件大小: 2275958 字节
2026-06-23 17:16:51 [INFO] 引擎上下文已释放
2026-06-23 17:16:51 [INFO] TensorRT 引擎已释放
2026-06-23 17:16:51 [INFO] 全局 CUDA 资源已释放
2026-06-23 17:16:51 [INFO] 检测系统资源已释放
2026-06-23 17:16:56 [INFO] CUDA 初始化成功
2026-06-23 17:16:56 [INFO] 引擎加载成功: dangerous.engine
2026-06-23 17:16:56 [INFO] 检测系统初始化成功
2026-06-23 17:16:56 [INFO] 图像预处理完成，原始尺寸: (2160, 3840)
2026-06-23 17:16:56 [INFO] 开始执行目标检测...
2026-06-23 17:16:56 [INFO] 检测完成，找到 4 个物体
2026-06-23 17:16:56 [INFO] 物体 1: GasCyl1 (置信度: 0.89)
2026-06-23 17:16:56 [INFO] 物体 2: GasCyl1 (置信度: 0.69)
2026-06-23 17:16:56 [INFO] 物体 3: FireExt1 (置信度: 0.55)
2026-06-23 17:16:56 [INFO] 物体 4: FireExt1 (置信度: 0.46)
2026-06-23 17:16:56 [INFO] 检测到车兜区域，将过滤区域外的目标
2026-06-23 17:16:56 [INFO] 车兜区域过滤: 4 -> 3 个目标
2026-06-23 17:16:56 [INFO] 准备保存检测结果到: C:\code\show\Scrap_Steel_In_Field\photos\dangerous_det\detection_20260623_171656.jpg
2026-06-23 17:16:56 [INFO] 图像形状: (2160, 3840, 3)
2026-06-23 17:16:56 [INFO] 图像数据类型: uint8
2026-06-23 17:16:56 [INFO] 图像最大值: 255
2026-06-23 17:16:56 [INFO] 图像最小值: 0
2026-06-23 17:16:56 [INFO] 开始保存检测结果图像: 图像尺寸=(2160, 3840, 3), 类型=uint8, 路径=C:\code\show\Scrap_Steel_In_Field\photos\dangerous_det\detection_20260623_171656.jpg
2026-06-23 17:16:56 [INFO] 成功保存检测结果到: C:\code\show\Scrap_Steel_In_Field\photos\dangerous_det\detection_20260623_171656.jpg
2026-06-23 17:16:56 [INFO] 保存的检测结果文件大小: 2276644 字节
2026-06-23 17:16:56 [INFO] 引擎上下文已释放
2026-06-23 17:16:56 [INFO] TensorRT 引擎已释放
2026-06-23 17:16:56 [INFO] 全局 CUDA 资源已释放
2026-06-23 17:16:56 [INFO] 检测系统资源已释放
2026-06-23 17:17:01 [INFO] CUDA 初始化成功
2026-06-23 17:17:01 [INFO] 引擎加载成功: dangerous.engine
2026-06-23 17:17:01 [INFO] 检测系统初始化成功
2026-06-23 17:17:01 [INFO] 图像预处理完成，原始尺寸: (2160, 3840)
2026-06-23 17:17:01 [INFO] 开始执行目标检测...
2026-06-23 17:17:01 [INFO] 检测完成，找到 5 个物体
2026-06-23 17:17:01 [INFO] 物体 1: GasCyl1 (置信度: 0.90)
2026-06-23 17:17:01 [INFO] 物体 2: GasCyl1 (置信度: 0.74)
2026-06-23 17:17:01 [INFO] 物体 3: FireExt1 (置信度: 0.52)
2026-06-23 17:17:01 [INFO] 物体 4: FireExt1 (置信度: 0.49)
2026-06-23 17:17:01 [INFO] 物体 5: FireExt1 (置信度: 0.43)
2026-06-23 17:17:02 [INFO] 检测到车兜区域，将过滤区域外的目标
2026-06-23 17:17:02 [INFO] 车兜区域过滤: 5 -> 3 个目标
2026-06-23 17:17:02 [INFO] 准备保存检测结果到: C:\code\show\Scrap_Steel_In_Field\photos\dangerous_det\detection_20260623_171702.jpg
2026-06-23 17:17:02 [INFO] 图像形状: (2160, 3840, 3)
2026-06-23 17:17:02 [INFO] 图像数据类型: uint8
2026-06-23 17:17:02 [INFO] 图像最大值: 255
2026-06-23 17:17:02 [INFO] 图像最小值: 0
2026-06-23 17:17:02 [INFO] 开始保存检测结果图像: 图像尺寸=(2160, 3840, 3), 类型=uint8, 路径=C:\code\show\Scrap_Steel_In_Field\photos\dangerous_det\detection_20260623_171702.jpg
2026-06-23 17:17:02 [INFO] 成功保存检测结果到: C:\code\show\Scrap_Steel_In_Field\photos\dangerous_det\detection_20260623_171702.jpg
2026-06-23 17:17:02 [INFO] 保存的检测结果文件大小: 2276756 字节
2026-06-23 17:17:02 [INFO] 引擎上下文已释放
2026-06-23 17:17:02 [INFO] TensorRT 引擎已释放
2026-06-23 17:17:02 [INFO] 全局 CUDA 资源已释放
2026-06-23 17:17:02 [INFO] 检测系统资源已释放
2026-06-23 17:17:07 [INFO] CUDA 初始化成功
2026-06-23 17:17:07 [INFO] 引擎加载成功: dangerous.engine
2026-06-23 17:17:07 [INFO] 检测系统初始化成功
2026-06-23 17:17:07 [INFO] 图像预处理完成，原始尺寸: (2160, 3840)
2026-06-23 17:17:07 [INFO] 开始执行目标检测...
2026-06-23 17:17:07 [INFO] 检测完成，找到 5 个物体
2026-06-23 17:17:07 [INFO] 物体 1: GasCyl1 (置信度: 0.90)
2026-06-23 17:17:07 [INFO] 物体 2: GasCyl1 (置信度: 0.65)
2026-06-23 17:17:07 [INFO] 物体 3: FireExt1 (置信度: 0.56)
2026-06-23 17:17:07 [INFO] 物体 4: FireExt1 (置信度: 0.47)
2026-06-23 17:17:07 [INFO] 物体 5: FireExt1 (置信度: 0.41)
2026-06-23 17:17:07 [INFO] 检测到车兜区域，将过滤区域外的目标
2026-06-23 17:17:07 [INFO] 车兜区域过滤: 5 -> 3 个目标
2026-06-23 17:17:07 [INFO] 准备保存检测结果到: C:\code\show\Scrap_Steel_In_Field\photos\dangerous_det\detection_20260623_171707.jpg
2026-06-23 17:17:07 [INFO] 图像形状: (2160, 3840, 3)
2026-06-23 17:17:07 [INFO] 图像数据类型: uint8
2026-06-23 17:17:07 [INFO] 图像最大值: 255
2026-06-23 17:17:07 [INFO] 图像最小值: 0
2026-06-23 17:17:07 [INFO] 开始保存检测结果图像: 图像尺寸=(2160, 3840, 3), 类型=uint8, 路径=C:\code\show\Scrap_Steel_In_Field\photos\dangerous_det\detection_20260623_171707.jpg
2026-06-23 17:17:07 [INFO] 成功保存检测结果到: C:\code\show\Scrap_Steel_In_Field\photos\dangerous_det\detection_20260623_171707.jpg
2026-06-23 17:17:07 [INFO] 保存的检测结果文件大小: 2278166 字节
2026-06-23 17:17:07 [INFO] 引擎上下文已释放
2026-06-23 17:17:07 [INFO] TensorRT 引擎已释放
2026-06-23 17:17:07 [INFO] 全局 CUDA 资源已释放
2026-06-23 17:17:07 [INFO] 检测系统资源已释放
2026-06-23 17:17:12 [INFO] CUDA 初始化成功
2026-06-23 17:17:12 [INFO] 引擎加载成功: dangerous.engine
2026-06-23 17:17:12 [INFO] 检测系统初始化成功
2026-06-23 17:17:12 [INFO] 图像预处理完成，原始尺寸: (2160, 3840)
2026-06-23 17:17:12 [INFO] 开始执行目标检测...
2026-06-23 17:17:12 [INFO] 检测完成，找到 5 个物体
2026-06-23 17:17:12 [INFO] 物体 1: GasCyl1 (置信度: 0.90)
2026-06-23 17:17:12 [INFO] 物体 2: GasCyl1 (置信度: 0.69)
2026-06-23 17:17:12 [INFO] 物体 3: FireExt1 (置信度: 0.57)
2026-06-23 17:17:12 [INFO] 物体 4: FireExt1 (置信度: 0.47)
2026-06-23 17:17:12 [INFO] 物体 5: FireExt1 (置信度: 0.42)
2026-06-23 17:17:12 [INFO] 检测到车兜区域，将过滤区域外的目标
2026-06-23 17:17:12 [INFO] 车兜区域过滤: 5 -> 3 个目标
2026-06-23 17:17:12 [INFO] 准备保存检测结果到: C:\code\show\Scrap_Steel_In_Field\photos\dangerous_det\detection_20260623_171712.jpg
2026-06-23 17:17:12 [INFO] 图像形状: (2160, 3840, 3)
2026-06-23 17:17:12 [INFO] 图像数据类型: uint8
2026-06-23 17:17:12 [INFO] 图像最大值: 255
2026-06-23 17:17:12 [INFO] 图像最小值: 0
2026-06-23 17:17:12 [INFO] 开始保存检测结果图像: 图像尺寸=(2160, 3840, 3), 类型=uint8, 路径=C:\code\show\Scrap_Steel_In_Field\photos\dangerous_det\detection_20260623_171712.jpg
2026-06-23 17:17:12 [INFO] 成功保存检测结果到: C:\code\show\Scrap_Steel_In_Field\photos\dangerous_det\detection_20260623_171712.jpg
2026-06-23 17:17:12 [INFO] 保存的检测结果文件大小: 2276962 字节
2026-06-23 17:17:12 [INFO] 引擎上下文已释放
2026-06-23 17:17:12 [INFO] TensorRT 引擎已释放
2026-06-23 17:17:12 [INFO] 全局 CUDA 资源已释放
2026-06-23 17:17:12 [INFO] 检测系统资源已释放
2026-06-23 17:17:17 [INFO] CUDA 初始化成功
2026-06-23 17:17:17 [INFO] 引擎加载成功: dangerous.engine
2026-06-23 17:17:17 [INFO] 检测系统初始化成功
2026-06-23 17:17:17 [INFO] 图像预处理完成，原始尺寸: (2160, 3840)
2026-06-23 17:17:17 [INFO] 开始执行目标检测...
2026-06-23 17:17:17 [INFO] 检测完成，找到 5 个物体
2026-06-23 17:17:17 [INFO] 物体 1: GasCyl1 (置信度: 0.90)
2026-06-23 17:17:17 [INFO] 物体 2: GasCyl1 (置信度: 0.63)
2026-06-23 17:17:17 [INFO] 物体 3: FireExt1 (置信度: 0.56)
2026-06-23 17:17:17 [INFO] 物体 4: GasCyl1 (置信度: 0.51)
2026-06-23 17:17:17 [INFO] 物体 5: FireExt1 (置信度: 0.42)
2026-06-23 17:17:17 [INFO] 检测到车兜区域，将过滤区域外的目标
2026-06-23 17:17:17 [INFO] 车兜区域过滤: 5 -> 3 个目标
2026-06-23 17:17:17 [INFO] 准备保存检测结果到: C:\code\show\Scrap_Steel_In_Field\photos\dangerous_det\detection_20260623_171717.jpg
2026-06-23 17:17:17 [INFO] 图像形状: (2160, 3840, 3)
2026-06-23 17:17:17 [INFO] 图像数据类型: uint8
2026-06-23 17:17:17 [INFO] 图像最大值: 255
2026-06-23 17:17:17 [INFO] 图像最小值: 0
2026-06-23 17:17:17 [INFO] 开始保存检测结果图像: 图像尺寸=(2160, 3840, 3), 类型=uint8, 路径=C:\code\show\Scrap_Steel_In_Field\photos\dangerous_det\detection_20260623_171717.jpg
2026-06-23 17:17:17 [INFO] 成功保存检测结果到: C:\code\show\Scrap_Steel_In_Field\photos\dangerous_det\detection_20260623_171717.jpg
2026-06-23 17:17:17 [INFO] 保存的检测结果文件大小: 2274716 字节
2026-06-23 17:17:17 [INFO] 引擎上下文已释放
2026-06-23 17:17:17 [INFO] TensorRT 引擎已释放
2026-06-23 17:17:17 [INFO] 全局 CUDA 资源已释放
2026-06-23 17:17:17 [INFO] 检测系统资源已释放
2026-06-23 17:17:22 [INFO] CUDA 初始化成功
2026-06-23 17:17:23 [INFO] 引擎加载成功: dangerous.engine
2026-06-23 17:17:23 [INFO] 检测系统初始化成功
2026-06-23 17:17:23 [INFO] 图像预处理完成，原始尺寸: (2160, 3840)
2026-06-23 17:17:23 [INFO] 开始执行目标检测...
2026-06-23 17:17:23 [INFO] 检测完成，找到 5 个物体
2026-06-23 17:17:23 [INFO] 物体 1: GasCyl1 (置信度: 0.89)
2026-06-23 17:17:23 [INFO] 物体 2: GasCyl1 (置信度: 0.74)
2026-06-23 17:17:23 [INFO] 物体 3: FireExt1 (置信度: 0.56)
2026-06-23 17:17:23 [INFO] 物体 4: FireExt1 (置信度: 0.49)
2026-06-23 17:17:23 [INFO] 物体 5: FireExt1 (置信度: 0.43)
2026-06-23 17:17:23 [INFO] 检测到车兜区域，将过滤区域外的目标
2026-06-23 17:17:23 [INFO] 车兜区域过滤: 5 -> 3 个目标
2026-06-23 17:17:23 [INFO] 准备保存检测结果到: C:\code\show\Scrap_Steel_In_Field\photos\dangerous_det\detection_20260623_171723.jpg
2026-06-23 17:17:23 [INFO] 图像形状: (2160, 3840, 3)
2026-06-23 17:17:23 [INFO] 图像数据类型: uint8
2026-06-23 17:17:23 [INFO] 图像最大值: 255
2026-06-23 17:17:23 [INFO] 图像最小值: 0
2026-06-23 17:17:23 [INFO] 开始保存检测结果图像: 图像尺寸=(2160, 3840, 3), 类型=uint8, 路径=C:\code\show\Scrap_Steel_In_Field\photos\dangerous_det\detection_20260623_171723.jpg
2026-06-23 17:17:23 [INFO] 成功保存检测结果到: C:\code\show\Scrap_Steel_In_Field\photos\dangerous_det\detection_20260623_171723.jpg
2026-06-23 17:17:23 [INFO] 保存的检测结果文件大小: 2279042 字节
2026-06-23 17:17:23 [INFO] 引擎上下文已释放
2026-06-23 17:17:23 [INFO] TensorRT 引擎已释放
2026-06-23 17:17:23 [INFO] 全局 CUDA 资源已释放
2026-06-23 17:17:23 [INFO] 检测系统资源已释放
2026-06-23 17:17:28 [INFO] CUDA 初始化成功
2026-06-23 17:17:28 [INFO] 引擎加载成功: dangerous.engine
2026-06-23 17:17:28 [INFO] 检测系统初始化成功
2026-06-23 17:17:28 [INFO] 图像预处理完成，原始尺寸: (2160, 3840)
2026-06-23 17:17:28 [INFO] 开始执行目标检测...
2026-06-23 17:17:28 [INFO] 检测完成，找到 5 个物体
2026-06-23 17:17:28 [INFO] 物体 1: GasCyl1 (置信度: 0.89)
2026-06-23 17:17:28 [INFO] 物体 2: GasCyl1 (置信度: 0.62)
2026-06-23 17:17:28 [INFO] 物体 3: FireExt1 (置信度: 0.57)
2026-06-23 17:17:28 [INFO] 物体 4: FireExt1 (置信度: 0.47)
2026-06-23 17:17:28 [INFO] 物体 5: FireExt1 (置信度: 0.37)
2026-06-23 17:17:28 [INFO] 检测到车兜区域，将过滤区域外的目标
2026-06-23 17:17:28 [INFO] 车兜区域过滤: 5 -> 3 个目标
2026-06-23 17:17:28 [INFO] 准备保存检测结果到: C:\code\show\Scrap_Steel_In_Field\photos\dangerous_det\detection_20260623_171728.jpg
2026-06-23 17:17:28 [INFO] 图像形状: (2160, 3840, 3)
2026-06-23 17:17:28 [INFO] 图像数据类型: uint8
2026-06-23 17:17:28 [INFO] 图像最大值: 255
2026-06-23 17:17:28 [INFO] 图像最小值: 0
2026-06-23 17:17:28 [INFO] 开始保存检测结果图像: 图像尺寸=(2160, 3840, 3), 类型=uint8, 路径=C:\code\show\Scrap_Steel_In_Field\photos\dangerous_det\detection_20260623_171728.jpg
2026-06-23 17:17:28 [INFO] 成功保存检测结果到: C:\code\show\Scrap_Steel_In_Field\photos\dangerous_det\detection_20260623_171728.jpg
2026-06-23 17:17:28 [INFO] 保存的检测结果文件大小: 2277568 字节
2026-06-23 17:17:28 [INFO] 引擎上下文已释放
2026-06-23 17:17:28 [INFO] TensorRT 引擎已释放
2026-06-23 17:17:28 [INFO] 全局 CUDA 资源已释放
2026-06-23 17:17:28 [INFO] 检测系统资源已释放
2026-06-23 17:17:33 [INFO] CUDA 初始化成功
2026-06-23 17:17:33 [INFO] 引擎加载成功: dangerous.engine
2026-06-23 17:17:33 [INFO] 检测系统初始化成功
2026-06-23 17:17:33 [INFO] 图像预处理完成，原始尺寸: (2160, 3840)
2026-06-23 17:17:33 [INFO] 开始执行目标检测...
2026-06-23 17:17:33 [INFO] 检测完成，找到 5 个物体
2026-06-23 17:17:33 [INFO] 物体 1: GasCyl1 (置信度: 0.89)
2026-06-23 17:17:33 [INFO] 物体 2: GasCyl1 (置信度: 0.71)
2026-06-23 17:17:33 [INFO] 物体 3: FireExt1 (置信度: 0.55)
2026-06-23 17:17:33 [INFO] 物体 4: FireExt1 (置信度: 0.47)
2026-06-23 17:17:33 [INFO] 物体 5: FireExt1 (置信度: 0.43)
2026-06-23 17:17:33 [INFO] 检测到车兜区域，将过滤区域外的目标
2026-06-23 17:17:33 [INFO] 车兜区域过滤: 5 -> 3 个目标
2026-06-23 17:17:33 [INFO] 准备保存检测结果到: C:\code\show\Scrap_Steel_In_Field\photos\dangerous_det\detection_20260623_171733.jpg
2026-06-23 17:17:33 [INFO] 图像形状: (2160, 3840, 3)
2026-06-23 17:17:33 [INFO] 图像数据类型: uint8
2026-06-23 17:17:33 [INFO] 图像最大值: 255
2026-06-23 17:17:33 [INFO] 图像最小值: 0
2026-06-23 17:17:33 [INFO] 开始保存检测结果图像: 图像尺寸=(2160, 3840, 3), 类型=uint8, 路径=C:\code\show\Scrap_Steel_In_Field\photos\dangerous_det\detection_20260623_171733.jpg
2026-06-23 17:17:33 [INFO] 成功保存检测结果到: C:\code\show\Scrap_Steel_In_Field\photos\dangerous_det\detection_20260623_171733.jpg
2026-06-23 17:17:33 [INFO] 保存的检测结果文件大小: 2277764 字节
2026-06-23 17:17:33 [INFO] 引擎上下文已释放
2026-06-23 17:17:33 [INFO] TensorRT 引擎已释放
2026-06-23 17:17:33 [INFO] 全局 CUDA 资源已释放
2026-06-23 17:17:33 [INFO] 检测系统资源已释放
2026-06-23 17:17:38 [INFO] CUDA 初始化成功
2026-06-23 17:17:38 [INFO] 引擎加载成功: dangerous.engine
2026-06-23 17:17:38 [INFO] 检测系统初始化成功
2026-06-23 17:17:38 [INFO] 图像预处理完成，原始尺寸: (2160, 3840)
2026-06-23 17:17:38 [INFO] 开始执行目标检测...
2026-06-23 17:17:38 [INFO] 检测完成，找到 5 个物体
2026-06-23 17:17:38 [INFO] 物体 1: GasCyl1 (置信度: 0.90)
2026-06-23 17:17:38 [INFO] 物体 2: GasCyl1 (置信度: 0.73)
2026-06-23 17:17:38 [INFO] 物体 3: FireExt1 (置信度: 0.52)
2026-06-23 17:17:38 [INFO] 物体 4: GasCyl1 (置信度: 0.51)
2026-06-23 17:17:38 [INFO] 物体 5: FireExt1 (置信度: 0.42)
2026-06-23 17:17:38 [INFO] 检测到车兜区域，将过滤区域外的目标
2026-06-23 17:17:38 [INFO] 车兜区域过滤: 5 -> 3 个目标
2026-06-23 17:17:38 [INFO] 准备保存检测结果到: C:\code\show\Scrap_Steel_In_Field\photos\dangerous_det\detection_20260623_171738.jpg
2026-06-23 17:17:38 [INFO] 图像形状: (2160, 3840, 3)
2026-06-23 17:17:38 [INFO] 图像数据类型: uint8
2026-06-23 17:17:38 [INFO] 图像最大值: 255
2026-06-23 17:17:38 [INFO] 图像最小值: 0
2026-06-23 17:17:38 [INFO] 开始保存检测结果图像: 图像尺寸=(2160, 3840, 3), 类型=uint8, 路径=C:\code\show\Scrap_Steel_In_Field\photos\dangerous_det\detection_20260623_171738.jpg
2026-06-23 17:17:38 [INFO] 成功保存检测结果到: C:\code\show\Scrap_Steel_In_Field\photos\dangerous_det\detection_20260623_171738.jpg
2026-06-23 17:17:38 [INFO] 保存的检测结果文件大小: 2278848 字节
2026-06-23 17:17:39 [INFO] 引擎上下文已释放
2026-06-23 17:17:39 [INFO] TensorRT 引擎已释放
2026-06-23 17:17:39 [INFO] 全局 CUDA 资源已释放
2026-06-23 17:17:39 [INFO] 检测系统资源已释放
2026-06-23 17:17:44 [INFO] CUDA 初始化成功
2026-06-23 17:17:44 [INFO] 引擎加载成功: dangerous.engine
2026-06-23 17:17:44 [INFO] 检测系统初始化成功
2026-06-23 17:17:44 [INFO] 图像预处理完成，原始尺寸: (2160, 3840)
2026-06-23 17:17:44 [INFO] 开始执行目标检测...
2026-06-23 17:17:44 [INFO] 检测完成，找到 5 个物体
2026-06-23 17:17:44 [INFO] 物体 1: GasCyl1 (置信度: 0.90)
2026-06-23 17:17:44 [INFO] 物体 2: GasCyl1 (置信度: 0.71)
2026-06-23 17:17:44 [INFO] 物体 3: FireExt1 (置信度: 0.56)
2026-06-23 17:17:44 [INFO] 物体 4: GasCyl1 (置信度: 0.47)
2026-06-23 17:17:44 [INFO] 物体 5: FireExt1 (置信度: 0.40)
2026-06-23 17:17:44 [INFO] 检测到车兜区域，将过滤区域外的目标
2026-06-23 17:17:44 [INFO] 车兜区域过滤: 5 -> 3 个目标
2026-06-23 17:17:44 [INFO] 准备保存检测结果到: C:\code\show\Scrap_Steel_In_Field\photos\dangerous_det\detection_20260623_171744.jpg
2026-06-23 17:17:44 [INFO] 图像形状: (2160, 3840, 3)
2026-06-23 17:17:44 [INFO] 图像数据类型: uint8
2026-06-23 17:17:44 [INFO] 图像最大值: 255
2026-06-23 17:17:44 [INFO] 图像最小值: 0
2026-06-23 17:17:44 [INFO] 开始保存检测结果图像: 图像尺寸=(2160, 3840, 3), 类型=uint8, 路径=C:\code\show\Scrap_Steel_In_Field\photos\dangerous_det\detection_20260623_171744.jpg
2026-06-23 17:17:44 [INFO] 成功保存检测结果到: C:\code\show\Scrap_Steel_In_Field\photos\dangerous_det\detection_20260623_171744.jpg
2026-06-23 17:17:44 [INFO] 保存的检测结果文件大小: 2275146 字节
2026-06-23 17:17:44 [INFO] 引擎上下文已释放
2026-06-23 17:17:44 [INFO] TensorRT 引擎已释放
2026-06-23 17:17:44 [INFO] 全局 CUDA 资源已释放
2026-06-23 17:17:44 [INFO] 检测系统资源已释放
2026-06-23 17:17:49 [INFO] CUDA 初始化成功
2026-06-23 17:17:49 [INFO] 引擎加载成功: dangerous.engine
2026-06-23 17:17:49 [INFO] 检测系统初始化成功
2026-06-23 17:17:49 [INFO] 图像预处理完成，原始尺寸: (2160, 3840)
2026-06-23 17:17:49 [INFO] 开始执行目标检测...
2026-06-23 17:17:49 [INFO] 检测完成，找到 5 个物体
2026-06-23 17:17:49 [INFO] 物体 1: GasCyl1 (置信度: 0.89)
2026-06-23 17:17:49 [INFO] 物体 2: GasCyl1 (置信度: 0.67)
2026-06-23 17:17:49 [INFO] 物体 3: FireExt1 (置信度: 0.55)
2026-06-23 17:17:49 [INFO] 物体 4: FireExt1 (置信度: 0.49)
2026-06-23 17:17:49 [INFO] 物体 5: FireExt1 (置信度: 0.44)
2026-06-23 17:17:49 [INFO] 检测到车兜区域，将过滤区域外的目标
2026-06-23 17:17:49 [INFO] 车兜区域过滤: 5 -> 3 个目标
2026-06-23 17:17:49 [INFO] 准备保存检测结果到: C:\code\show\Scrap_Steel_In_Field\photos\dangerous_det\detection_20260623_171749.jpg
2026-06-23 17:17:49 [INFO] 图像形状: (2160, 3840, 3)
2026-06-23 17:17:49 [INFO] 图像数据类型: uint8
2026-06-23 17:17:49 [INFO] 图像最大值: 255
2026-06-23 17:17:49 [INFO] 图像最小值: 0
2026-06-23 17:17:49 [INFO] 开始保存检测结果图像: 图像尺寸=(2160, 3840, 3), 类型=uint8, 路径=C:\code\show\Scrap_Steel_In_Field\photos\dangerous_det\detection_20260623_171749.jpg
2026-06-23 17:17:49 [INFO] 成功保存检测结果到: C:\code\show\Scrap_Steel_In_Field\photos\dangerous_det\detection_20260623_171749.jpg
2026-06-23 17:17:49 [INFO] 保存的检测结果文件大小: 2276668 字节
2026-06-23 17:17:49 [INFO] 引擎上下文已释放
2026-06-23 17:17:49 [INFO] TensorRT 引擎已释放
2026-06-23 17:17:49 [INFO] 全局 CUDA 资源已释放
2026-06-23 17:17:49 [INFO] 检测系统资源已释放
2026-06-23 17:17:54 [INFO] CUDA 初始化成功
2026-06-23 17:17:54 [INFO] 引擎加载成功: dangerous.engine
2026-06-23 17:17:54 [INFO] 检测系统初始化成功
2026-06-23 17:17:54 [INFO] 图像预处理完成，原始尺寸: (2160, 3840)
2026-06-23 17:17:54 [INFO] 开始执行目标检测...
2026-06-23 17:17:54 [INFO] 检测完成，找到 5 个物体
2026-06-23 17:17:54 [INFO] 物体 1: GasCyl1 (置信度: 0.90)
2026-06-23 17:17:54 [INFO] 物体 2: GasCyl1 (置信度: 0.71)
2026-06-23 17:17:54 [INFO] 物体 3: FireExt1 (置信度: 0.57)
2026-06-23 17:17:54 [INFO] 物体 4: FireExt1 (置信度: 0.48)
2026-06-23 17:17:54 [INFO] 物体 5: FireExt1 (置信度: 0.41)
2026-06-23 17:17:54 [INFO] 检测到车兜区域，将过滤区域外的目标
2026-06-23 17:17:54 [INFO] 车兜区域过滤: 5 -> 3 个目标
2026-06-23 17:17:54 [INFO] 准备保存检测结果到: C:\code\show\Scrap_Steel_In_Field\photos\dangerous_det\detection_20260623_171754.jpg
2026-06-23 17:17:54 [INFO] 图像形状: (2160, 3840, 3)
2026-06-23 17:17:54 [INFO] 图像数据类型: uint8
2026-06-23 17:17:54 [INFO] 图像最大值: 255
2026-06-23 17:17:54 [INFO] 图像最小值: 0
2026-06-23 17:17:54 [INFO] 开始保存检测结果图像: 图像尺寸=(2160, 3840, 3), 类型=uint8, 路径=C:\code\show\Scrap_Steel_In_Field\photos\dangerous_det\detection_20260623_171754.jpg
2026-06-23 17:17:54 [INFO] 成功保存检测结果到: C:\code\show\Scrap_Steel_In_Field\photos\dangerous_det\detection_20260623_171754.jpg
2026-06-23 17:17:54 [INFO] 保存的检测结果文件大小: 2278004 字节
2026-06-23 17:17:54 [INFO] 引擎上下文已释放
2026-06-23 17:17:54 [INFO] TensorRT 引擎已释放
2026-06-23 17:17:54 [INFO] 全局 CUDA 资源已释放
2026-06-23 17:17:54 [INFO] 检测系统资源已释放
2026-06-23 17:17:59 [INFO] CUDA 初始化成功
2026-06-23 17:17:59 [INFO] 引擎加载成功: dangerous.engine
2026-06-23 17:17:59 [INFO] 检测系统初始化成功
2026-06-23 17:17:59 [INFO] 图像预处理完成，原始尺寸: (2160, 3840)
2026-06-23 17:17:59 [INFO] 开始执行目标检测...
2026-06-23 17:17:59 [INFO] 检测完成，找到 5 个物体
2026-06-23 17:17:59 [INFO] 物体 1: GasCyl1 (置信度: 0.89)
2026-06-23 17:17:59 [INFO] 物体 2: GasCyl1 (置信度: 0.76)
2026-06-23 17:17:59 [INFO] 物体 3: FireExt1 (置信度: 0.55)
2026-06-23 17:17:59 [INFO] 物体 4: GasCyl1 (置信度: 0.49)
2026-06-23 17:17:59 [INFO] 物体 5: FireExt1 (置信度: 0.40)
2026-06-23 17:18:00 [INFO] 检测到车兜区域，将过滤区域外的目标
2026-06-23 17:18:00 [INFO] 车兜区域过滤: 5 -> 3 个目标
2026-06-23 17:18:00 [INFO] 准备保存检测结果到: C:\code\show\Scrap_Steel_In_Field\photos\dangerous_det\detection_20260623_171800.jpg
2026-06-23 17:18:00 [INFO] 图像形状: (2160, 3840, 3)
2026-06-23 17:18:00 [INFO] 图像数据类型: uint8
2026-06-23 17:18:00 [INFO] 图像最大值: 255
2026-06-23 17:18:00 [INFO] 图像最小值: 0
2026-06-23 17:18:00 [INFO] 开始保存检测结果图像: 图像尺寸=(2160, 3840, 3), 类型=uint8, 路径=C:\code\show\Scrap_Steel_In_Field\photos\dangerous_det\detection_20260623_171800.jpg
2026-06-23 17:18:00 [INFO] 成功保存检测结果到: C:\code\show\Scrap_Steel_In_Field\photos\dangerous_det\detection_20260623_171800.jpg
2026-06-23 17:18:00 [INFO] 保存的检测结果文件大小: 2278413 字节
2026-06-23 17:18:00 [INFO] 引擎上下文已释放
2026-06-23 17:18:00 [INFO] TensorRT 引擎已释放
2026-06-23 17:18:00 [INFO] 全局 CUDA 资源已释放
2026-06-23 17:18:00 [INFO] 检测系统资源已释放
2026-06-23 17:18:05 [INFO] CUDA 初始化成功
2026-06-23 17:18:05 [INFO] 引擎加载成功: dangerous.engine
2026-06-23 17:18:05 [INFO] 检测系统初始化成功
2026-06-23 17:18:05 [INFO] 图像预处理完成，原始尺寸: (2160, 3840)
2026-06-23 17:18:05 [INFO] 开始执行目标检测...
2026-06-23 17:18:05 [INFO] 检测完成，找到 5 个物体
2026-06-23 17:18:05 [INFO] 物体 1: GasCyl1 (置信度: 0.89)
2026-06-23 17:18:05 [INFO] 物体 2: GasCyl1 (置信度: 0.66)
2026-06-23 17:18:05 [INFO] 物体 3: FireExt1 (置信度: 0.54)
2026-06-23 17:18:05 [INFO] 物体 4: FireExt1 (置信度: 0.51)
2026-06-23 17:18:05 [INFO] 物体 5: FireExt1 (置信度: 0.41)
2026-06-23 17:18:05 [INFO] 检测到车兜区域，将过滤区域外的目标
2026-06-23 17:18:05 [INFO] 车兜区域过滤: 5 -> 3 个目标
2026-06-23 17:18:05 [INFO] 准备保存检测结果到: C:\code\show\Scrap_Steel_In_Field\photos\dangerous_det\detection_20260623_171805.jpg
2026-06-23 17:18:05 [INFO] 图像形状: (2160, 3840, 3)
2026-06-23 17:18:05 [INFO] 图像数据类型: uint8
2026-06-23 17:18:05 [INFO] 图像最大值: 255
2026-06-23 17:18:05 [INFO] 图像最小值: 0
2026-06-23 17:18:05 [INFO] 开始保存检测结果图像: 图像尺寸=(2160, 3840, 3), 类型=uint8, 路径=C:\code\show\Scrap_Steel_In_Field\photos\dangerous_det\detection_20260623_171805.jpg
2026-06-23 17:18:05 [INFO] 成功保存检测结果到: C:\code\show\Scrap_Steel_In_Field\photos\dangerous_det\detection_20260623_171805.jpg
2026-06-23 17:18:05 [INFO] 保存的检测结果文件大小: 2279011 字节
2026-06-23 17:18:05 [INFO] 引擎上下文已释放
2026-06-23 17:18:05 [INFO] TensorRT 引擎已释放
2026-06-23 17:18:05 [INFO] 全局 CUDA 资源已释放
2026-06-23 17:18:05 [INFO] 检测系统资源已释放
2026-06-23 17:18:10 [INFO] CUDA 初始化成功
2026-06-23 17:18:10 [INFO] 引擎加载成功: dangerous.engine
2026-06-23 17:18:10 [INFO] 检测系统初始化成功
2026-06-23 17:18:10 [INFO] 图像预处理完成，原始尺寸: (2160, 3840)
2026-06-23 17:18:10 [INFO] 开始执行目标检测...
2026-06-23 17:18:10 [INFO] 检测完成，找到 5 个物体
2026-06-23 17:18:10 [INFO] 物体 1: GasCyl1 (置信度: 0.89)
2026-06-23 17:18:10 [INFO] 物体 2: GasCyl1 (置信度: 0.64)
2026-06-23 17:18:10 [INFO] 物体 3: FireExt1 (置信度: 0.56)
2026-06-23 17:18:10 [INFO] 物体 4: GasCyl1 (置信度: 0.50)
2026-06-23 17:18:10 [INFO] 物体 5: FireExt1 (置信度: 0.44)
2026-06-23 17:18:10 [INFO] 检测到车兜区域，将过滤区域外的目标
2026-06-23 17:18:10 [INFO] 车兜区域过滤: 5 -> 3 个目标
2026-06-23 17:18:10 [INFO] 准备保存检测结果到: C:\code\show\Scrap_Steel_In_Field\photos\dangerous_det\detection_20260623_171810.jpg
2026-06-23 17:18:10 [INFO] 图像形状: (2160, 3840, 3)
2026-06-23 17:18:10 [INFO] 图像数据类型: uint8
2026-06-23 17:18:10 [INFO] 图像最大值: 255
2026-06-23 17:18:10 [INFO] 图像最小值: 0
2026-06-23 17:18:10 [INFO] 开始保存检测结果图像: 图像尺寸=(2160, 3840, 3), 类型=uint8, 路径=C:\code\show\Scrap_Steel_In_Field\photos\dangerous_det\detection_20260623_171810.jpg
2026-06-23 17:18:10 [INFO] 成功保存检测结果到: C:\code\show\Scrap_Steel_In_Field\photos\dangerous_det\detection_20260623_171810.jpg
2026-06-23 17:18:10 [INFO] 保存的检测结果文件大小: 2275568 字节
2026-06-23 17:18:10 [INFO] 引擎上下文已释放
2026-06-23 17:18:10 [INFO] TensorRT 引擎已释放
2026-06-23 17:18:10 [INFO] 全局 CUDA 资源已释放
2026-06-23 17:18:10 [INFO] 检测系统资源已释放
2026-06-23 17:18:15 [INFO] CUDA 初始化成功
2026-06-23 17:18:15 [INFO] 引擎加载成功: dangerous.engine
2026-06-23 17:18:15 [INFO] 检测系统初始化成功
2026-06-23 17:18:15 [INFO] 图像预处理完成，原始尺寸: (2160, 3840)
2026-06-23 17:18:15 [INFO] 开始执行目标检测...
2026-06-23 17:18:15 [INFO] 检测完成，找到 5 个物体
2026-06-23 17:18:15 [INFO] 物体 1: GasCyl1 (置信度: 0.89)
2026-06-23 17:18:15 [INFO] 物体 2: GasCyl1 (置信度: 0.75)
2026-06-23 17:18:15 [INFO] 物体 3: FireExt1 (置信度: 0.55)
2026-06-23 17:18:15 [INFO] 物体 4: GasCyl1 (置信度: 0.54)
2026-06-23 17:18:15 [INFO] 物体 5: FireExt1 (置信度: 0.40)
2026-06-23 17:18:15 [INFO] 检测到车兜区域，将过滤区域外的目标
2026-06-23 17:18:15 [INFO] 车兜区域过滤: 5 -> 3 个目标
2026-06-23 17:18:15 [INFO] 准备保存检测结果到: C:\code\show\Scrap_Steel_In_Field\photos\dangerous_det\detection_20260623_171815.jpg
2026-06-23 17:18:15 [INFO] 图像形状: (2160, 3840, 3)
2026-06-23 17:18:15 [INFO] 图像数据类型: uint8
2026-06-23 17:18:15 [INFO] 图像最大值: 255
2026-06-23 17:18:15 [INFO] 图像最小值: 0
2026-06-23 17:18:15 [INFO] 开始保存检测结果图像: 图像尺寸=(2160, 3840, 3), 类型=uint8, 路径=C:\code\show\Scrap_Steel_In_Field\photos\dangerous_det\detection_20260623_171815.jpg
2026-06-23 17:18:15 [INFO] 成功保存检测结果到: C:\code\show\Scrap_Steel_In_Field\photos\dangerous_det\detection_20260623_171815.jpg
2026-06-23 17:18:15 [INFO] 保存的检测结果文件大小: 2275146 字节
2026-06-23 17:18:15 [INFO] 引擎上下文已释放
2026-06-23 17:18:15 [INFO] TensorRT 引擎已释放
2026-06-23 17:18:15 [INFO] 全局 CUDA 资源已释放
2026-06-23 17:18:15 [INFO] 检测系统资源已释放
2026-06-23 17:18:20 [INFO] CUDA 初始化成功
2026-06-23 17:18:20 [INFO] 引擎加载成功: dangerous.engine
2026-06-23 17:18:20 [INFO] 检测系统初始化成功
2026-06-23 17:18:20 [INFO] 图像预处理完成，原始尺寸: (2160, 3840)
2026-06-23 17:18:20 [INFO] 开始执行目标检测...
2026-06-23 17:18:21 [INFO] 检测完成，找到 4 个物体
2026-06-23 17:18:21 [INFO] 物体 1: GasCyl1 (置信度: 0.89)
2026-06-23 17:18:21 [INFO] 物体 2: GasCyl1 (置信度: 0.70)
2026-06-23 17:18:21 [INFO] 物体 3: FireExt1 (置信度: 0.53)
2026-06-23 17:18:21 [INFO] 物体 4: FireExt1 (置信度: 0.50)
2026-06-23 17:18:21 [INFO] 检测到车兜区域，将过滤区域外的目标
2026-06-23 17:18:21 [INFO] 车兜区域过滤: 4 -> 3 个目标
2026-06-23 17:18:21 [INFO] 准备保存检测结果到: C:\code\show\Scrap_Steel_In_Field\photos\dangerous_det\detection_20260623_171821.jpg
2026-06-23 17:18:21 [INFO] 图像形状: (2160, 3840, 3)
2026-06-23 17:18:21 [INFO] 图像数据类型: uint8
2026-06-23 17:18:21 [INFO] 图像最大值: 255
2026-06-23 17:18:21 [INFO] 图像最小值: 0
2026-06-23 17:18:21 [INFO] 开始保存检测结果图像: 图像尺寸=(2160, 3840, 3), 类型=uint8, 路径=C:\code\show\Scrap_Steel_In_Field\photos\dangerous_det\detection_20260623_171821.jpg
2026-06-23 17:18:21 [INFO] 成功保存检测结果到: C:\code\show\Scrap_Steel_In_Field\photos\dangerous_det\detection_20260623_171821.jpg
2026-06-23 17:18:21 [INFO] 保存的检测结果文件大小: 2276190 字节
2026-06-23 17:18:21 [INFO] 引擎上下文已释放
2026-06-23 17:18:21 [INFO] TensorRT 引擎已释放
2026-06-23 17:18:21 [INFO] 全局 CUDA 资源已释放
2026-06-23 17:18:21 [INFO] 检测系统资源已释放
2026-06-23 17:18:26 [INFO] CUDA 初始化成功
2026-06-23 17:18:26 [INFO] 引擎加载成功: dangerous.engine
2026-06-23 17:18:26 [INFO] 检测系统初始化成功
2026-06-23 17:18:26 [INFO] 图像预处理完成，原始尺寸: (2160, 3840)
2026-06-23 17:18:26 [INFO] 开始执行目标检测...
2026-06-23 17:18:26 [INFO] 检测完成，找到 5 个物体
2026-06-23 17:18:26 [INFO] 物体 1: GasCyl1 (置信度: 0.89)
2026-06-23 17:18:26 [INFO] 物体 2: GasCyl1 (置信度: 0.70)
2026-06-23 17:18:26 [INFO] 物体 3: FireExt1 (置信度: 0.56)
2026-06-23 17:18:26 [INFO] 物体 4: GasCyl1 (置信度: 0.53)
2026-06-23 17:18:26 [INFO] 物体 5: FireExt1 (置信度: 0.40)
2026-06-23 17:18:26 [INFO] 检测到车兜区域，将过滤区域外的目标
2026-06-23 17:18:26 [INFO] 车兜区域过滤: 5 -> 3 个目标
2026-06-23 17:18:26 [INFO] 准备保存检测结果到: C:\code\show\Scrap_Steel_In_Field\photos\dangerous_det\detection_20260623_171826.jpg
2026-06-23 17:18:26 [INFO] 图像形状: (2160, 3840, 3)
2026-06-23 17:18:26 [INFO] 图像数据类型: uint8
2026-06-23 17:18:26 [INFO] 图像最大值: 255
2026-06-23 17:18:26 [INFO] 图像最小值: 0
2026-06-23 17:18:26 [INFO] 开始保存检测结果图像: 图像尺寸=(2160, 3840, 3), 类型=uint8, 路径=C:\code\show\Scrap_Steel_In_Field\photos\dangerous_det\detection_20260623_171826.jpg
2026-06-23 17:18:26 [INFO] 成功保存检测结果到: C:\code\show\Scrap_Steel_In_Field\photos\dangerous_det\detection_20260623_171826.jpg
2026-06-23 17:18:26 [INFO] 保存的检测结果文件大小: 2275622 字节
2026-06-23 17:18:26 [INFO] 引擎上下文已释放
2026-06-23 17:18:26 [INFO] TensorRT 引擎已释放
2026-06-23 17:18:26 [INFO] 全局 CUDA 资源已释放
2026-06-23 17:18:26 [INFO] 检测系统资源已释放
2026-06-23 17:18:31 [INFO] CUDA 初始化成功
2026-06-23 17:18:31 [INFO] 引擎加载成功: dangerous.engine
2026-06-23 17:18:31 [INFO] 检测系统初始化成功
2026-06-23 17:18:31 [INFO] 图像预处理完成，原始尺寸: (2160, 3840)
2026-06-23 17:18:31 [INFO] 开始执行目标检测...
2026-06-23 17:18:31 [INFO] 检测完成，找到 5 个物体
2026-06-23 17:18:31 [INFO] 物体 1: GasCyl1 (置信度: 0.89)
2026-06-23 17:18:31 [INFO] 物体 2: GasCyl1 (置信度: 0.70)
2026-06-23 17:18:31 [INFO] 物体 3: FireExt1 (置信度: 0.54)
2026-06-23 17:18:31 [INFO] 物体 4: GasCyl1 (置信度: 0.46)
2026-06-23 17:18:31 [INFO] 物体 5: FireExt1 (置信度: 0.44)
2026-06-23 17:18:31 [INFO] 检测到车兜区域，将过滤区域外的目标
2026-06-23 17:18:31 [INFO] 车兜区域过滤: 5 -> 3 个目标
2026-06-23 17:18:31 [INFO] 准备保存检测结果到: C:\code\show\Scrap_Steel_In_Field\photos\dangerous_det\detection_20260623_171831.jpg
2026-06-23 17:18:31 [INFO] 图像形状: (2160, 3840, 3)
2026-06-23 17:18:31 [INFO] 图像数据类型: uint8
2026-06-23 17:18:31 [INFO] 图像最大值: 255
2026-06-23 17:18:31 [INFO] 图像最小值: 0
2026-06-23 17:18:31 [INFO] 开始保存检测结果图像: 图像尺寸=(2160, 3840, 3), 类型=uint8, 路径=C:\code\show\Scrap_Steel_In_Field\photos\dangerous_det\detection_20260623_171831.jpg
2026-06-23 17:18:31 [INFO] 成功保存检测结果到: C:\code\show\Scrap_Steel_In_Field\photos\dangerous_det\detection_20260623_171831.jpg
2026-06-23 17:18:31 [INFO] 保存的检测结果文件大小: 2277575 字节
2026-06-23 17:18:31 [INFO] 引擎上下文已释放
2026-06-23 17:18:31 [INFO] TensorRT 引擎已释放
2026-06-23 17:18:31 [INFO] 全局 CUDA 资源已释放
2026-06-23 17:18:31 [INFO] 检测系统资源已释放
2026-06-23 17:18:36 [INFO] CUDA 初始化成功
2026-06-23 17:18:36 [INFO] 引擎加载成功: dangerous.engine
2026-06-23 17:18:36 [INFO] 检测系统初始化成功
2026-06-23 17:18:37 [INFO] 图像预处理完成，原始尺寸: (2160, 3840)
2026-06-23 17:18:37 [INFO] 开始执行目标检测...
2026-06-23 17:18:37 [INFO] 检测完成，找到 5 个物体
2026-06-23 17:18:37 [INFO] 物体 1: GasCyl1 (置信度: 0.89)
2026-06-23 17:18:37 [INFO] 物体 2: GasCyl1 (置信度: 0.77)
2026-06-23 17:18:37 [INFO] 物体 3: FireExt1 (置信度: 0.55)
2026-06-23 17:18:37 [INFO] 物体 4: FireExt1 (置信度: 0.49)
2026-06-23 17:18:37 [INFO] 物体 5: FireExt1 (置信度: 0.42)
2026-06-23 17:18:37 [INFO] 检测到车兜区域，将过滤区域外的目标
2026-06-23 17:18:37 [INFO] 车兜区域过滤: 5 -> 3 个目标
2026-06-23 17:18:37 [INFO] 准备保存检测结果到: C:\code\show\Scrap_Steel_In_Field\photos\dangerous_det\detection_20260623_171837.jpg
2026-06-23 17:18:37 [INFO] 图像形状: (2160, 3840, 3)
2026-06-23 17:18:37 [INFO] 图像数据类型: uint8
2026-06-23 17:18:37 [INFO] 图像最大值: 255
2026-06-23 17:18:37 [INFO] 图像最小值: 0
2026-06-23 17:18:37 [INFO] 开始保存检测结果图像: 图像尺寸=(2160, 3840, 3), 类型=uint8, 路径=C:\code\show\Scrap_Steel_In_Field\photos\dangerous_det\detection_20260623_171837.jpg
2026-06-23 17:18:37 [INFO] 成功保存检测结果到: C:\code\show\Scrap_Steel_In_Field\photos\dangerous_det\detection_20260623_171837.jpg
2026-06-23 17:18:37 [INFO] 保存的检测结果文件大小: 2273586 字节
2026-06-23 17:18:37 [INFO] 引擎上下文已释放
2026-06-23 17:18:37 [INFO] TensorRT 引擎已释放
2026-06-23 17:18:37 [INFO] 全局 CUDA 资源已释放
2026-06-23 17:18:37 [INFO] 检测系统资源已释放
2026-06-23 17:18:42 [INFO] CUDA 初始化成功
2026-06-23 17:18:42 [INFO] 引擎加载成功: dangerous.engine
2026-06-23 17:18:42 [INFO] 检测系统初始化成功
2026-06-23 17:18:42 [INFO] 图像预处理完成，原始尺寸: (2160, 3840)
2026-06-23 17:18:42 [INFO] 开始执行目标检测...
2026-06-23 17:18:42 [INFO] 检测完成，找到 5 个物体
2026-06-23 17:18:42 [INFO] 物体 1: GasCyl1 (置信度: 0.90)
2026-06-23 17:18:42 [INFO] 物体 2: GasCyl1 (置信度: 0.74)
2026-06-23 17:18:42 [INFO] 物体 3: FireExt1 (置信度: 0.55)
2026-06-23 17:18:42 [INFO] 物体 4: GasCyl1 (置信度: 0.48)
2026-06-23 17:18:42 [INFO] 物体 5: FireExt1 (置信度: 0.42)
2026-06-23 17:18:42 [INFO] 检测到车兜区域，将过滤区域外的目标
2026-06-23 17:18:42 [INFO] 车兜区域过滤: 5 -> 3 个目标
2026-06-23 17:18:42 [INFO] 准备保存检测结果到: C:\code\show\Scrap_Steel_In_Field\photos\dangerous_det\detection_20260623_171842.jpg
2026-06-23 17:18:42 [INFO] 图像形状: (2160, 3840, 3)
2026-06-23 17:18:42 [INFO] 图像数据类型: uint8
2026-06-23 17:18:42 [INFO] 图像最大值: 255
2026-06-23 17:18:42 [INFO] 图像最小值: 0
2026-06-23 17:18:42 [INFO] 开始保存检测结果图像: 图像尺寸=(2160, 3840, 3), 类型=uint8, 路径=C:\code\show\Scrap_Steel_In_Field\photos\dangerous_det\detection_20260623_171842.jpg
2026-06-23 17:18:42 [INFO] 成功保存检测结果到: C:\code\show\Scrap_Steel_In_Field\photos\dangerous_det\detection_20260623_171842.jpg
2026-06-23 17:18:42 [INFO] 保存的检测结果文件大小: 2278176 字节
2026-06-23 17:18:42 [INFO] 引擎上下文已释放
2026-06-23 17:18:42 [INFO] TensorRT 引擎已释放
2026-06-23 17:18:42 [INFO] 全局 CUDA 资源已释放
2026-06-23 17:18:42 [INFO] 检测系统资源已释放
2026-06-23 17:18:47 [INFO] CUDA 初始化成功
2026-06-23 17:18:47 [INFO] 引擎加载成功: dangerous.engine
2026-06-23 17:18:47 [INFO] 检测系统初始化成功
2026-06-23 17:18:47 [INFO] 图像预处理完成，原始尺寸: (2160, 3840)
2026-06-23 17:18:47 [INFO] 开始执行目标检测...
2026-06-23 17:18:47 [INFO] 检测完成，找到 5 个物体
2026-06-23 17:18:47 [INFO] 物体 1: GasCyl1 (置信度: 0.90)
2026-06-23 17:18:47 [INFO] 物体 2: GasCyl1 (置信度: 0.80)
2026-06-23 17:18:47 [INFO] 物体 3: FireExt1 (置信度: 0.56)
2026-06-23 17:18:47 [INFO] 物体 4: FireExt1 (置信度: 0.48)
2026-06-23 17:18:47 [INFO] 物体 5: FireExt1 (置信度: 0.44)
2026-06-23 17:18:47 [INFO] 检测到车兜区域，将过滤区域外的目标
2026-06-23 17:18:47 [INFO] 车兜区域过滤: 5 -> 3 个目标
2026-06-23 17:18:47 [INFO] 准备保存检测结果到: C:\code\show\Scrap_Steel_In_Field\photos\dangerous_det\detection_20260623_171847.jpg
2026-06-23 17:18:47 [INFO] 图像形状: (2160, 3840, 3)
2026-06-23 17:18:47 [INFO] 图像数据类型: uint8
2026-06-23 17:18:47 [INFO] 图像最大值: 255
2026-06-23 17:18:47 [INFO] 图像最小值: 0
2026-06-23 17:18:47 [INFO] 开始保存检测结果图像: 图像尺寸=(2160, 3840, 3), 类型=uint8, 路径=C:\code\show\Scrap_Steel_In_Field\photos\dangerous_det\detection_20260623_171847.jpg
2026-06-23 17:18:47 [INFO] 成功保存检测结果到: C:\code\show\Scrap_Steel_In_Field\photos\dangerous_det\detection_20260623_171847.jpg
2026-06-23 17:18:47 [INFO] 保存的检测结果文件大小: 2278178 字节
2026-06-23 17:18:47 [INFO] 引擎上下文已释放
2026-06-23 17:18:47 [INFO] TensorRT 引擎已释放
2026-06-23 17:18:47 [INFO] 全局 CUDA 资源已释放
2026-06-23 17:18:47 [INFO] 检测系统资源已释放
2026-06-23 17:18:52 [INFO] CUDA 初始化成功
2026-06-23 17:18:52 [INFO] 引擎加载成功: dangerous.engine
2026-06-23 17:18:52 [INFO] 检测系统初始化成功
2026-06-23 17:18:52 [INFO] 图像预处理完成，原始尺寸: (2160, 3840)
2026-06-23 17:18:52 [INFO] 开始执行目标检测...
2026-06-23 17:18:53 [INFO] 检测完成，找到 5 个物体
2026-06-23 17:18:53 [INFO] 物体 1: GasCyl1 (置信度: 0.90)
2026-06-23 17:18:53 [INFO] 物体 2: GasCyl1 (置信度: 0.73)
2026-06-23 17:18:53 [INFO] 物体 3: FireExt1 (置信度: 0.56)
2026-06-23 17:18:53 [INFO] 物体 4: GasCyl1 (置信度: 0.49)
2026-06-23 17:18:53 [INFO] 物体 5: FireExt1 (置信度: 0.38)
2026-06-23 17:18:53 [INFO] 检测到车兜区域，将过滤区域外的目标
2026-06-23 17:18:53 [INFO] 车兜区域过滤: 5 -> 3 个目标
2026-06-23 17:18:53 [INFO] 准备保存检测结果到: C:\code\show\Scrap_Steel_In_Field\photos\dangerous_det\detection_20260623_171853.jpg
2026-06-23 17:18:53 [INFO] 图像形状: (2160, 3840, 3)
2026-06-23 17:18:53 [INFO] 图像数据类型: uint8
2026-06-23 17:18:53 [INFO] 图像最大值: 255
2026-06-23 17:18:53 [INFO] 图像最小值: 0
2026-06-23 17:18:53 [INFO] 开始保存检测结果图像: 图像尺寸=(2160, 3840, 3), 类型=uint8, 路径=C:\code\show\Scrap_Steel_In_Field\photos\dangerous_det\detection_20260623_171853.jpg
2026-06-23 17:18:53 [INFO] 成功保存检测结果到: C:\code\show\Scrap_Steel_In_Field\photos\dangerous_det\detection_20260623_171853.jpg
2026-06-23 17:18:53 [INFO] 保存的检测结果文件大小: 2277423 字节
2026-06-23 17:18:53 [INFO] 引擎上下文已释放
2026-06-23 17:18:53 [INFO] TensorRT 引擎已释放
2026-06-23 17:18:53 [INFO] 全局 CUDA 资源已释放
2026-06-23 17:18:53 [INFO] 检测系统资源已释放
2026-06-23 17:18:58 [INFO] CUDA 初始化成功
2026-06-23 17:18:58 [INFO] 引擎加载成功: dangerous.engine
2026-06-23 17:18:58 [INFO] 检测系统初始化成功
2026-06-23 17:18:58 [INFO] 图像预处理完成，原始尺寸: (2160, 3840)
2026-06-23 17:18:58 [INFO] 开始执行目标检测...
2026-06-23 17:18:58 [INFO] 检测完成，找到 5 个物体
2026-06-23 17:18:58 [INFO] 物体 1: GasCyl1 (置信度: 0.90)
2026-06-23 17:18:58 [INFO] 物体 2: GasCyl1 (置信度: 0.70)
2026-06-23 17:18:58 [INFO] 物体 3: FireExt1 (置信度: 0.56)
2026-06-23 17:18:58 [INFO] 物体 4: FireExt1 (置信度: 0.50)
2026-06-23 17:18:58 [INFO] 物体 5: FireExt1 (置信度: 0.44)
2026-06-23 17:18:58 [INFO] 检测到车兜区域，将过滤区域外的目标
2026-06-23 17:18:58 [INFO] 车兜区域过滤: 5 -> 3 个目标
2026-06-23 17:18:58 [INFO] 准备保存检测结果到: C:\code\show\Scrap_Steel_In_Field\photos\dangerous_det\detection_20260623_171858.jpg
2026-06-23 17:18:58 [INFO] 图像形状: (2160, 3840, 3)
2026-06-23 17:18:58 [INFO] 图像数据类型: uint8
2026-06-23 17:18:58 [INFO] 图像最大值: 255
2026-06-23 17:18:58 [INFO] 图像最小值: 0
2026-06-23 17:18:58 [INFO] 开始保存检测结果图像: 图像尺寸=(2160, 3840, 3), 类型=uint8, 路径=C:\code\show\Scrap_Steel_In_Field\photos\dangerous_det\detection_20260623_171858.jpg
2026-06-23 17:18:58 [INFO] 成功保存检测结果到: C:\code\show\Scrap_Steel_In_Field\photos\dangerous_det\detection_20260623_171858.jpg
2026-06-23 17:18:58 [INFO] 保存的检测结果文件大小: 2276648 字节
2026-06-23 17:18:58 [INFO] 引擎上下文已释放
2026-06-23 17:18:58 [INFO] TensorRT 引擎已释放
2026-06-23 17:18:58 [INFO] 全局 CUDA 资源已释放
2026-06-23 17:18:58 [INFO] 检测系统资源已释放
2026-06-23 17:19:03 [INFO] CUDA 初始化成功
2026-06-23 17:19:03 [INFO] 引擎加载成功: dangerous.engine
2026-06-23 17:19:03 [INFO] 检测系统初始化成功
2026-06-23 17:19:03 [INFO] 图像预处理完成，原始尺寸: (2160, 3840)
2026-06-23 17:19:03 [INFO] 开始执行目标检测...
2026-06-23 17:19:03 [INFO] 检测完成，找到 5 个物体
2026-06-23 17:19:03 [INFO] 物体 1: GasCyl1 (置信度: 0.90)
2026-06-23 17:19:03 [INFO] 物体 2: GasCyl1 (置信度: 0.70)
2026-06-23 17:19:03 [INFO] 物体 3: FireExt1 (置信度: 0.57)
2026-06-23 17:19:03 [INFO] 物体 4: FireExt1 (置信度: 0.48)
2026-06-23 17:19:03 [INFO] 物体 5: FireExt1 (置信度: 0.44)
2026-06-23 17:19:03 [INFO] 检测到车兜区域，将过滤区域外的目标
2026-06-23 17:19:03 [INFO] 车兜区域过滤: 5 -> 3 个目标
2026-06-23 17:19:03 [INFO] 准备保存检测结果到: C:\code\show\Scrap_Steel_In_Field\photos\dangerous_det\detection_20260623_171903.jpg
2026-06-23 17:19:03 [INFO] 图像形状: (2160, 3840, 3)
2026-06-23 17:19:03 [INFO] 图像数据类型: uint8
2026-06-23 17:19:03 [INFO] 图像最大值: 255
2026-06-23 17:19:03 [INFO] 图像最小值: 0
2026-06-23 17:19:03 [INFO] 开始保存检测结果图像: 图像尺寸=(2160, 3840, 3), 类型=uint8, 路径=C:\code\show\Scrap_Steel_In_Field\photos\dangerous_det\detection_20260623_171903.jpg
2026-06-23 17:19:03 [INFO] 成功保存检测结果到: C:\code\show\Scrap_Steel_In_Field\photos\dangerous_det\detection_20260623_171903.jpg
2026-06-23 17:19:03 [INFO] 保存的检测结果文件大小: 2277654 字节
2026-06-23 17:19:03 [INFO] 引擎上下文已释放
2026-06-23 17:19:03 [INFO] TensorRT 引擎已释放
2026-06-23 17:19:03 [INFO] 全局 CUDA 资源已释放
2026-06-23 17:19:03 [INFO] 检测系统资源已释放
2026-06-23 17:19:08 [INFO] CUDA 初始化成功
2026-06-23 17:19:08 [INFO] 引擎加载成功: dangerous.engine
2026-06-23 17:19:08 [INFO] 检测系统初始化成功
2026-06-23 17:19:09 [INFO] 图像预处理完成，原始尺寸: (2160, 3840)
2026-06-23 17:19:09 [INFO] 开始执行目标检测...
2026-06-23 17:19:09 [INFO] 检测完成，找到 5 个物体
2026-06-23 17:19:09 [INFO] 物体 1: GasCyl1 (置信度: 0.90)
2026-06-23 17:19:09 [INFO] 物体 2: GasCyl1 (置信度: 0.74)
2026-06-23 17:19:09 [INFO] 物体 3: FireExt1 (置信度: 0.56)
2026-06-23 17:19:09 [INFO] 物体 4: FireExt1 (置信度: 0.49)
2026-06-23 17:19:09 [INFO] 物体 5: FireExt1 (置信度: 0.39)
2026-06-23 17:19:09 [INFO] 检测到车兜区域，将过滤区域外的目标
2026-06-23 17:19:09 [INFO] 车兜区域过滤: 5 -> 3 个目标
2026-06-23 17:19:09 [INFO] 准备保存检测结果到: C:\code\show\Scrap_Steel_In_Field\photos\dangerous_det\detection_20260623_171909.jpg
2026-06-23 17:19:09 [INFO] 图像形状: (2160, 3840, 3)
2026-06-23 17:19:09 [INFO] 图像数据类型: uint8
2026-06-23 17:19:09 [INFO] 图像最大值: 255
2026-06-23 17:19:09 [INFO] 图像最小值: 0
2026-06-23 17:19:09 [INFO] 开始保存检测结果图像: 图像尺寸=(2160, 3840, 3), 类型=uint8, 路径=C:\code\show\Scrap_Steel_In_Field\photos\dangerous_det\detection_20260623_171909.jpg
2026-06-23 17:19:09 [INFO] 成功保存检测结果到: C:\code\show\Scrap_Steel_In_Field\photos\dangerous_det\detection_20260623_171909.jpg
2026-06-23 17:19:09 [INFO] 保存的检测结果文件大小: 2276768 字节
2026-06-23 17:19:09 [INFO] 引擎上下文已释放
2026-06-23 17:19:09 [INFO] TensorRT 引擎已释放
2026-06-23 17:19:09 [INFO] 全局 CUDA 资源已释放
2026-06-23 17:19:09 [INFO] 检测系统资源已释放
2026-06-23 17:19:14 [INFO] CUDA 初始化成功
2026-06-23 17:19:14 [INFO] 引擎加载成功: dangerous.engine
2026-06-23 17:19:14 [INFO] 检测系统初始化成功
2026-06-23 17:19:14 [INFO] 图像预处理完成，原始尺寸: (2160, 3840)
2026-06-23 17:19:14 [INFO] 开始执行目标检测...
2026-06-23 17:19:14 [INFO] 检测完成，找到 5 个物体
2026-06-23 17:19:14 [INFO] 物体 1: GasCyl1 (置信度: 0.90)
2026-06-23 17:19:14 [INFO] 物体 2: GasCyl1 (置信度: 0.67)
2026-06-23 17:19:14 [INFO] 物体 3: FireExt1 (置信度: 0.56)
2026-06-23 17:19:14 [INFO] 物体 4: FireExt1 (置信度: 0.49)
2026-06-23 17:19:14 [INFO] 物体 5: FireExt1 (置信度: 0.41)
2026-06-23 17:19:14 [INFO] 检测到车兜区域，将过滤区域外的目标
2026-06-23 17:19:14 [INFO] 车兜区域过滤: 5 -> 3 个目标
2026-06-23 17:19:14 [INFO] 准备保存检测结果到: C:\code\show\Scrap_Steel_In_Field\photos\dangerous_det\detection_20260623_171914.jpg
2026-06-23 17:19:14 [INFO] 图像形状: (2160, 3840, 3)
2026-06-23 17:19:14 [INFO] 图像数据类型: uint8
2026-06-23 17:19:14 [INFO] 图像最大值: 255
2026-06-23 17:19:14 [INFO] 图像最小值: 0
2026-06-23 17:19:14 [INFO] 开始保存检测结果图像: 图像尺寸=(2160, 3840, 3), 类型=uint8, 路径=C:\code\show\Scrap_Steel_In_Field\photos\dangerous_det\detection_20260623_171914.jpg
2026-06-23 17:19:14 [INFO] 成功保存检测结果到: C:\code\show\Scrap_Steel_In_Field\photos\dangerous_det\detection_20260623_171914.jpg
2026-06-23 17:19:14 [INFO] 保存的检测结果文件大小: 2278905 字节
2026-06-23 17:19:14 [INFO] 引擎上下文已释放
2026-06-23 17:19:14 [INFO] TensorRT 引擎已释放
2026-06-23 17:19:14 [INFO] 全局 CUDA 资源已释放
2026-06-23 17:19:14 [INFO] 检测系统资源已释放
2026-06-23 17:19:19 [INFO] CUDA 初始化成功
2026-06-23 17:19:19 [INFO] 引擎加载成功: dangerous.engine
2026-06-23 17:19:19 [INFO] 检测系统初始化成功
2026-06-23 17:19:19 [INFO] 图像预处理完成，原始尺寸: (2160, 3840)
2026-06-23 17:19:19 [INFO] 开始执行目标检测...
2026-06-23 17:19:19 [INFO] 检测完成，找到 5 个物体
2026-06-23 17:19:19 [INFO] 物体 1: GasCyl1 (置信度: 0.90)
2026-06-23 17:19:19 [INFO] 物体 2: GasCyl1 (置信度: 0.78)
2026-06-23 17:19:19 [INFO] 物体 3: FireExt1 (置信度: 0.56)
2026-06-23 17:19:19 [INFO] 物体 4: GasCyl1 (置信度: 0.52)
2026-06-23 17:19:19 [INFO] 物体 5: FireExt1 (置信度: 0.39)
2026-06-23 17:19:19 [INFO] 检测到车兜区域，将过滤区域外的目标
2026-06-23 17:19:19 [INFO] 车兜区域过滤: 5 -> 3 个目标
2026-06-23 17:19:19 [INFO] 准备保存检测结果到: C:\code\show\Scrap_Steel_In_Field\photos\dangerous_det\detection_20260623_171919.jpg
2026-06-23 17:19:19 [INFO] 图像形状: (2160, 3840, 3)
2026-06-23 17:19:19 [INFO] 图像数据类型: uint8
2026-06-23 17:19:19 [INFO] 图像最大值: 255
2026-06-23 17:19:19 [INFO] 图像最小值: 0
2026-06-23 17:19:19 [INFO] 开始保存检测结果图像: 图像尺寸=(2160, 3840, 3), 类型=uint8, 路径=C:\code\show\Scrap_Steel_In_Field\photos\dangerous_det\detection_20260623_171919.jpg
2026-06-23 17:19:19 [INFO] 成功保存检测结果到: C:\code\show\Scrap_Steel_In_Field\photos\dangerous_det\detection_20260623_171919.jpg
2026-06-23 17:19:19 [INFO] 保存的检测结果文件大小: 2277711 字节
2026-06-23 17:19:19 [INFO] 引擎上下文已释放
2026-06-23 17:19:19 [INFO] TensorRT 引擎已释放
2026-06-23 17:19:19 [INFO] 全局 CUDA 资源已释放
2026-06-23 17:19:19 [INFO] 检测系统资源已释放
2026-06-23 17:19:24 [INFO] CUDA 初始化成功
2026-06-23 17:19:24 [INFO] 引擎加载成功: dangerous.engine
2026-06-23 17:19:24 [INFO] 检测系统初始化成功
2026-06-23 17:19:24 [INFO] 图像预处理完成，原始尺寸: (2160, 3840)
2026-06-23 17:19:24 [INFO] 开始执行目标检测...
2026-06-23 17:19:24 [INFO] 检测完成，找到 5 个物体
2026-06-23 17:19:24 [INFO] 物体 1: GasCyl1 (置信度: 0.90)
2026-06-23 17:19:24 [INFO] 物体 2: GasCyl1 (置信度: 0.73)
2026-06-23 17:19:24 [INFO] 物体 3: FireExt1 (置信度: 0.55)
2026-06-23 17:19:24 [INFO] 物体 4: FireExt1 (置信度: 0.49)
2026-06-23 17:19:24 [INFO] 物体 5: FireExt1 (置信度: 0.43)
2026-06-23 17:19:24 [INFO] 检测到车兜区域，将过滤区域外的目标
2026-06-23 17:19:24 [INFO] 车兜区域过滤: 5 -> 3 个目标
2026-06-23 17:19:24 [INFO] 准备保存检测结果到: C:\code\show\Scrap_Steel_In_Field\photos\dangerous_det\detection_20260623_171924.jpg
2026-06-23 17:19:24 [INFO] 图像形状: (2160, 3840, 3)
2026-06-23 17:19:24 [INFO] 图像数据类型: uint8
2026-06-23 17:19:24 [INFO] 图像最大值: 255
2026-06-23 17:19:24 [INFO] 图像最小值: 0
2026-06-23 17:19:24 [INFO] 开始保存检测结果图像: 图像尺寸=(2160, 3840, 3), 类型=uint8, 路径=C:\code\show\Scrap_Steel_In_Field\photos\dangerous_det\detection_20260623_171924.jpg
2026-06-23 17:19:24 [INFO] 成功保存检测结果到: C:\code\show\Scrap_Steel_In_Field\photos\dangerous_det\detection_20260623_171924.jpg
2026-06-23 17:19:24 [INFO] 保存的检测结果文件大小: 2276863 字节
2026-06-23 17:19:24 [INFO] 引擎上下文已释放
2026-06-23 17:19:24 [INFO] TensorRT 引擎已释放
2026-06-23 17:19:24 [INFO] 全局 CUDA 资源已释放
2026-06-23 17:19:24 [INFO] 检测系统资源已释放
2026-06-23 17:19:30 [INFO] CUDA 初始化成功
2026-06-23 17:19:30 [INFO] 引擎加载成功: dangerous.engine
2026-06-23 17:19:30 [INFO] 检测系统初始化成功
2026-06-23 17:19:30 [INFO] 图像预处理完成，原始尺寸: (2160, 3840)
2026-06-23 17:19:30 [INFO] 开始执行目标检测...
2026-06-23 17:19:30 [INFO] 检测完成，找到 5 个物体
2026-06-23 17:19:30 [INFO] 物体 1: GasCyl1 (置信度: 0.90)
2026-06-23 17:19:30 [INFO] 物体 2: GasCyl1 (置信度: 0.58)
2026-06-23 17:19:30 [INFO] 物体 3: FireExt1 (置信度: 0.57)
2026-06-23 17:19:30 [INFO] 物体 4: FireExt1 (置信度: 0.48)
2026-06-23 17:19:30 [INFO] 物体 5: FireExt1 (置信度: 0.40)
2026-06-23 17:19:30 [INFO] 检测到车兜区域，将过滤区域外的目标
2026-06-23 17:19:30 [INFO] 车兜区域过滤: 5 -> 3 个目标
2026-06-23 17:19:30 [INFO] 准备保存检测结果到: C:\code\show\Scrap_Steel_In_Field\photos\dangerous_det\detection_20260623_171930.jpg
2026-06-23 17:19:30 [INFO] 图像形状: (2160, 3840, 3)
2026-06-23 17:19:30 [INFO] 图像数据类型: uint8
2026-06-23 17:19:30 [INFO] 图像最大值: 255
2026-06-23 17:19:30 [INFO] 图像最小值: 0
2026-06-23 17:19:30 [INFO] 开始保存检测结果图像: 图像尺寸=(2160, 3840, 3), 类型=uint8, 路径=C:\code\show\Scrap_Steel_In_Field\photos\dangerous_det\detection_20260623_171930.jpg
2026-06-23 17:19:30 [INFO] 成功保存检测结果到: C:\code\show\Scrap_Steel_In_Field\photos\dangerous_det\detection_20260623_171930.jpg
2026-06-23 17:19:30 [INFO] 保存的检测结果文件大小: 2276531 字节
2026-06-23 17:19:30 [INFO] 引擎上下文已释放
2026-06-23 17:19:30 [INFO] TensorRT 引擎已释放
2026-06-23 17:19:30 [INFO] 全局 CUDA 资源已释放
2026-06-23 17:19:30 [INFO] 检测系统资源已释放
2026-06-23 17:19:35 [INFO] CUDA 初始化成功
2026-06-23 17:19:35 [INFO] 引擎加载成功: dangerous.engine
2026-06-23 17:19:35 [INFO] 检测系统初始化成功
2026-06-23 17:19:35 [INFO] 图像预处理完成，原始尺寸: (2160, 3840)
2026-06-23 17:19:35 [INFO] 开始执行目标检测...
2026-06-23 17:19:35 [INFO] 检测完成，找到 5 个物体
2026-06-23 17:19:35 [INFO] 物体 1: GasCyl1 (置信度: 0.89)
2026-06-23 17:19:35 [INFO] 物体 2: GasCyl1 (置信度: 0.70)
2026-06-23 17:19:35 [INFO] 物体 3: FireExt1 (置信度: 0.58)
2026-06-23 17:19:35 [INFO] 物体 4: FireExt1 (置信度: 0.46)
2026-06-23 17:19:35 [INFO] 物体 5: FireExt1 (置信度: 0.42)
2026-06-23 17:19:35 [INFO] 检测到车兜区域，将过滤区域外的目标
2026-06-23 17:19:35 [INFO] 车兜区域过滤: 5 -> 3 个目标
2026-06-23 17:19:35 [INFO] 准备保存检测结果到: C:\code\show\Scrap_Steel_In_Field\photos\dangerous_det\detection_20260623_171935.jpg
2026-06-23 17:19:35 [INFO] 图像形状: (2160, 3840, 3)
2026-06-23 17:19:35 [INFO] 图像数据类型: uint8
2026-06-23 17:19:35 [INFO] 图像最大值: 255
2026-06-23 17:19:35 [INFO] 图像最小值: 0
2026-06-23 17:19:35 [INFO] 开始保存检测结果图像: 图像尺寸=(2160, 3840, 3), 类型=uint8, 路径=C:\code\show\Scrap_Steel_In_Field\photos\dangerous_det\detection_20260623_171935.jpg
2026-06-23 17:19:35 [INFO] 成功保存检测结果到: C:\code\show\Scrap_Steel_In_Field\photos\dangerous_det\detection_20260623_171935.jpg
2026-06-23 17:19:35 [INFO] 保存的检测结果文件大小: 2278688 字节
2026-06-23 17:19:35 [INFO] 引擎上下文已释放
2026-06-23 17:19:35 [INFO] TensorRT 引擎已释放
2026-06-23 17:19:35 [INFO] 全局 CUDA 资源已释放
2026-06-23 17:19:35 [INFO] 检测系统资源已释放
2026-06-23 17:19:40 [INFO] CUDA 初始化成功
2026-06-23 17:19:40 [INFO] 引擎加载成功: dangerous.engine
2026-06-23 17:19:40 [INFO] 检测系统初始化成功
2026-06-23 17:19:40 [INFO] 图像预处理完成，原始尺寸: (2160, 3840)
2026-06-23 17:19:40 [INFO] 开始执行目标检测...
2026-06-23 17:19:40 [INFO] 检测完成，找到 5 个物体
2026-06-23 17:19:40 [INFO] 物体 1: GasCyl1 (置信度: 0.89)
2026-06-23 17:19:40 [INFO] 物体 2: GasCyl1 (置信度: 0.78)
2026-06-23 17:19:40 [INFO] 物体 3: FireExt1 (置信度: 0.55)
2026-06-23 17:19:40 [INFO] 物体 4: FireExt1 (置信度: 0.47)
2026-06-23 17:19:40 [INFO] 物体 5: FireExt1 (置信度: 0.44)
2026-06-23 17:19:40 [INFO] 检测到车兜区域，将过滤区域外的目标
2026-06-23 17:19:40 [INFO] 车兜区域过滤: 5 -> 3 个目标
2026-06-23 17:19:40 [INFO] 准备保存检测结果到: C:\code\show\Scrap_Steel_In_Field\photos\dangerous_det\detection_20260623_171940.jpg
2026-06-23 17:19:40 [INFO] 图像形状: (2160, 3840, 3)
2026-06-23 17:19:40 [INFO] 图像数据类型: uint8
2026-06-23 17:19:40 [INFO] 图像最大值: 255
2026-06-23 17:19:40 [INFO] 图像最小值: 0
2026-06-23 17:19:40 [INFO] 开始保存检测结果图像: 图像尺寸=(2160, 3840, 3), 类型=uint8, 路径=C:\code\show\Scrap_Steel_In_Field\photos\dangerous_det\detection_20260623_171940.jpg
2026-06-23 17:19:40 [INFO] 成功保存检测结果到: C:\code\show\Scrap_Steel_In_Field\photos\dangerous_det\detection_20260623_171940.jpg
2026-06-23 17:19:40 [INFO] 保存的检测结果文件大小: 2278859 字节
2026-06-23 17:19:40 [INFO] 引擎上下文已释放
2026-06-23 17:19:40 [INFO] TensorRT 引擎已释放
2026-06-23 17:19:40 [INFO] 全局 CUDA 资源已释放
2026-06-23 17:19:40 [INFO] 检测系统资源已释放
2026-06-23 17:19:45 [INFO] CUDA 初始化成功
2026-06-23 17:19:45 [INFO] 引擎加载成功: dangerous.engine
2026-06-23 17:19:45 [INFO] 检测系统初始化成功
2026-06-23 17:19:45 [INFO] 图像预处理完成，原始尺寸: (2160, 3840)
2026-06-23 17:19:45 [INFO] 开始执行目标检测...
2026-06-23 17:19:45 [INFO] 检测完成，找到 5 个物体
2026-06-23 17:19:45 [INFO] 物体 1: GasCyl1 (置信度: 0.90)
2026-06-23 17:19:45 [INFO] 物体 2: GasCyl1 (置信度: 0.75)
2026-06-23 17:19:45 [INFO] 物体 3: FireExt1 (置信度: 0.54)
2026-06-23 17:19:45 [INFO] 物体 4: GasCyl1 (置信度: 0.51)
2026-06-23 17:19:45 [INFO] 物体 5: FireExt1 (置信度: 0.43)
2026-06-23 17:19:45 [INFO] 检测到车兜区域，将过滤区域外的目标
2026-06-23 17:19:45 [INFO] 车兜区域过滤: 5 -> 3 个目标
2026-06-23 17:19:45 [INFO] 准备保存检测结果到: C:\code\show\Scrap_Steel_In_Field\photos\dangerous_det\detection_20260623_171945.jpg
2026-06-23 17:19:45 [INFO] 图像形状: (2160, 3840, 3)
2026-06-23 17:19:45 [INFO] 图像数据类型: uint8
2026-06-23 17:19:45 [INFO] 图像最大值: 255
2026-06-23 17:19:45 [INFO] 图像最小值: 0
2026-06-23 17:19:45 [INFO] 开始保存检测结果图像: 图像尺寸=(2160, 3840, 3), 类型=uint8, 路径=C:\code\show\Scrap_Steel_In_Field\photos\dangerous_det\detection_20260623_171945.jpg
2026-06-23 17:19:45 [INFO] 成功保存检测结果到: C:\code\show\Scrap_Steel_In_Field\photos\dangerous_det\detection_20260623_171945.jpg
2026-06-23 17:19:45 [INFO] 保存的检测结果文件大小: 2275712 字节
2026-06-23 17:19:45 [INFO] 引擎上下文已释放
2026-06-23 17:19:45 [INFO] TensorRT 引擎已释放
2026-06-23 17:19:45 [INFO] 全局 CUDA 资源已释放
2026-06-23 17:19:45 [INFO] 检测系统资源已释放
2026-06-23 17:19:51 [INFO] CUDA 初始化成功
2026-06-23 17:19:51 [INFO] 引擎加载成功: dangerous.engine
2026-06-23 17:19:51 [INFO] 检测系统初始化成功
2026-06-23 17:19:51 [INFO] 图像预处理完成，原始尺寸: (2160, 3840)
2026-06-23 17:19:51 [INFO] 开始执行目标检测...
2026-06-23 17:19:51 [INFO] 检测完成，找到 5 个物体
2026-06-23 17:19:51 [INFO] 物体 1: GasCyl1 (置信度: 0.90)
2026-06-23 17:19:51 [INFO] 物体 2: GasCyl1 (置信度: 0.70)
2026-06-23 17:19:51 [INFO] 物体 3: FireExt1 (置信度: 0.56)
2026-06-23 17:19:51 [INFO] 物体 4: FireExt1 (置信度: 0.47)
2026-06-23 17:19:51 [INFO] 物体 5: FireExt1 (置信度: 0.42)
2026-06-23 17:19:51 [INFO] 检测到车兜区域，将过滤区域外的目标
2026-06-23 17:19:51 [INFO] 车兜区域过滤: 5 -> 3 个目标
2026-06-23 17:19:51 [INFO] 准备保存检测结果到: C:\code\show\Scrap_Steel_In_Field\photos\dangerous_det\detection_20260623_171951.jpg
2026-06-23 17:19:51 [INFO] 图像形状: (2160, 3840, 3)
2026-06-23 17:19:51 [INFO] 图像数据类型: uint8
2026-06-23 17:19:51 [INFO] 图像最大值: 255
2026-06-23 17:19:51 [INFO] 图像最小值: 0
2026-06-23 17:19:51 [INFO] 开始保存检测结果图像: 图像尺寸=(2160, 3840, 3), 类型=uint8, 路径=C:\code\show\Scrap_Steel_In_Field\photos\dangerous_det\detection_20260623_171951.jpg
2026-06-23 17:19:51 [INFO] 成功保存检测结果到: C:\code\show\Scrap_Steel_In_Field\photos\dangerous_det\detection_20260623_171951.jpg
2026-06-23 17:19:51 [INFO] 保存的检测结果文件大小: 2277600 字节
2026-06-23 17:19:51 [INFO] 引擎上下文已释放
2026-06-23 17:19:51 [INFO] TensorRT 引擎已释放
2026-06-23 17:19:51 [INFO] 全局 CUDA 资源已释放
2026-06-23 17:19:51 [INFO] 检测系统资源已释放
2026-06-23 17:19:56 [INFO] CUDA 初始化成功
2026-06-23 17:19:56 [INFO] 引擎加载成功: dangerous.engine
2026-06-23 17:19:56 [INFO] 检测系统初始化成功
2026-06-23 17:19:56 [INFO] 图像预处理完成，原始尺寸: (2160, 3840)
2026-06-23 17:19:56 [INFO] 开始执行目标检测...
2026-06-23 17:19:56 [INFO] 检测完成，找到 5 个物体
2026-06-23 17:19:56 [INFO] 物体 1: GasCyl1 (置信度: 0.90)
2026-06-23 17:19:56 [INFO] 物体 2: GasCyl1 (置信度: 0.72)
2026-06-23 17:19:56 [INFO] 物体 3: FireExt1 (置信度: 0.56)
2026-06-23 17:19:56 [INFO] 物体 4: FireExt1 (置信度: 0.45)
2026-06-23 17:19:56 [INFO] 物体 5: FireExt1 (置信度: 0.41)
2026-06-23 17:19:56 [INFO] 检测到车兜区域，将过滤区域外的目标
2026-06-23 17:19:56 [INFO] 车兜区域过滤: 5 -> 3 个目标
2026-06-23 17:19:56 [INFO] 准备保存检测结果到: C:\code\show\Scrap_Steel_In_Field\photos\dangerous_det\detection_20260623_171956.jpg
2026-06-23 17:19:56 [INFO] 图像形状: (2160, 3840, 3)
2026-06-23 17:19:56 [INFO] 图像数据类型: uint8
2026-06-23 17:19:56 [INFO] 图像最大值: 255
2026-06-23 17:19:56 [INFO] 图像最小值: 0
2026-06-23 17:19:56 [INFO] 开始保存检测结果图像: 图像尺寸=(2160, 3840, 3), 类型=uint8, 路径=C:\code\show\Scrap_Steel_In_Field\photos\dangerous_det\detection_20260623_171956.jpg
2026-06-23 17:19:56 [INFO] 成功保存检测结果到: C:\code\show\Scrap_Steel_In_Field\photos\dangerous_det\detection_20260623_171956.jpg
2026-06-23 17:19:56 [INFO] 保存的检测结果文件大小: 2277448 字节
2026-06-23 17:19:56 [INFO] 引擎上下文已释放
2026-06-23 17:19:56 [INFO] TensorRT 引擎已释放
2026-06-23 17:19:56 [INFO] 全局 CUDA 资源已释放
2026-06-23 17:19:56 [INFO] 检测系统资源已释放
2026-06-23 17:20:01 [INFO] CUDA 初始化成功
2026-06-23 17:20:01 [INFO] 引擎加载成功: dangerous.engine
2026-06-23 17:20:01 [INFO] 检测系统初始化成功
2026-06-23 17:20:01 [INFO] 图像预处理完成，原始尺寸: (2160, 3840)
2026-06-23 17:20:01 [INFO] 开始执行目标检测...
2026-06-23 17:20:01 [INFO] 检测完成，找到 5 个物体
2026-06-23 17:20:01 [INFO] 物体 1: GasCyl1 (置信度: 0.89)
2026-06-23 17:20:01 [INFO] 物体 2: GasCyl1 (置信度: 0.73)
2026-06-23 17:20:01 [INFO] 物体 3: FireExt1 (置信度: 0.53)
2026-06-23 17:20:01 [INFO] 物体 4: FireExt1 (置信度: 0.48)
2026-06-23 17:20:01 [INFO] 物体 5: FireExt1 (置信度: 0.44)
2026-06-23 17:20:01 [INFO] 检测到车兜区域，将过滤区域外的目标
2026-06-23 17:20:01 [INFO] 车兜区域过滤: 5 -> 3 个目标
2026-06-23 17:20:01 [INFO] 准备保存检测结果到: C:\code\show\Scrap_Steel_In_Field\photos\dangerous_det\detection_20260623_172001.jpg
2026-06-23 17:20:01 [INFO] 图像形状: (2160, 3840, 3)
2026-06-23 17:20:01 [INFO] 图像数据类型: uint8
2026-06-23 17:20:01 [INFO] 图像最大值: 255
2026-06-23 17:20:01 [INFO] 图像最小值: 0
2026-06-23 17:20:01 [INFO] 开始保存检测结果图像: 图像尺寸=(2160, 3840, 3), 类型=uint8, 路径=C:\code\show\Scrap_Steel_In_Field\photos\dangerous_det\detection_20260623_172001.jpg
2026-06-23 17:20:01 [INFO] 成功保存检测结果到: C:\code\show\Scrap_Steel_In_Field\photos\dangerous_det\detection_20260623_172001.jpg
2026-06-23 17:20:01 [INFO] 保存的检测结果文件大小: 2277046 字节
2026-06-23 17:20:01 [INFO] 引擎上下文已释放
2026-06-23 17:20:01 [INFO] TensorRT 引擎已释放
2026-06-23 17:20:01 [INFO] 全局 CUDA 资源已释放
2026-06-23 17:20:01 [INFO] 检测系统资源已释放
2026-06-23 17:20:07 [INFO] CUDA 初始化成功
2026-06-23 17:20:07 [INFO] 引擎加载成功: dangerous.engine
2026-06-23 17:20:07 [INFO] 检测系统初始化成功
2026-06-23 17:20:07 [INFO] 图像预处理完成，原始尺寸: (2160, 3840)
2026-06-23 17:20:07 [INFO] 开始执行目标检测...
2026-06-23 17:20:07 [INFO] 检测完成，找到 5 个物体
2026-06-23 17:20:07 [INFO] 物体 1: GasCyl1 (置信度: 0.90)
2026-06-23 17:20:07 [INFO] 物体 2: GasCyl1 (置信度: 0.78)
2026-06-23 17:20:07 [INFO] 物体 3: FireExt1 (置信度: 0.55)
2026-06-23 17:20:07 [INFO] 物体 4: FireExt1 (置信度: 0.47)
2026-06-23 17:20:07 [INFO] 物体 5: FireExt1 (置信度: 0.41)
2026-06-23 17:20:07 [INFO] 检测到车兜区域，将过滤区域外的目标
2026-06-23 17:20:07 [INFO] 车兜区域过滤: 5 -> 3 个目标
2026-06-23 17:20:07 [INFO] 准备保存检测结果到: C:\code\show\Scrap_Steel_In_Field\photos\dangerous_det\detection_20260623_172007.jpg
2026-06-23 17:20:07 [INFO] 图像形状: (2160, 3840, 3)
2026-06-23 17:20:07 [INFO] 图像数据类型: uint8
2026-06-23 17:20:07 [INFO] 图像最大值: 255
2026-06-23 17:20:07 [INFO] 图像最小值: 0
2026-06-23 17:20:07 [INFO] 开始保存检测结果图像: 图像尺寸=(2160, 3840, 3), 类型=uint8, 路径=C:\code\show\Scrap_Steel_In_Field\photos\dangerous_det\detection_20260623_172007.jpg
2026-06-23 17:20:07 [INFO] 成功保存检测结果到: C:\code\show\Scrap_Steel_In_Field\photos\dangerous_det\detection_20260623_172007.jpg
2026-06-23 17:20:07 [INFO] 保存的检测结果文件大小: 2275836 字节
2026-06-23 17:20:07 [INFO] 引擎上下文已释放
2026-06-23 17:20:07 [INFO] TensorRT 引擎已释放
2026-06-23 17:20:07 [INFO] 全局 CUDA 资源已释放
2026-06-23 17:20:07 [INFO] 检测系统资源已释放
2026-06-23 17:20:12 [INFO] CUDA 初始化成功
2026-06-23 17:20:12 [INFO] 引擎加载成功: dangerous.engine
2026-06-23 17:20:12 [INFO] 检测系统初始化成功
2026-06-23 17:20:12 [INFO] 图像预处理完成，原始尺寸: (2160, 3840)
2026-06-23 17:20:12 [INFO] 开始执行目标检测...
2026-06-23 17:20:12 [INFO] 检测完成，找到 5 个物体
2026-06-23 17:20:12 [INFO] 物体 1: GasCyl1 (置信度: 0.90)
2026-06-23 17:20:12 [INFO] 物体 2: GasCyl1 (置信度: 0.55)
2026-06-23 17:20:12 [INFO] 物体 3: FireExt1 (置信度: 0.54)
2026-06-23 17:20:12 [INFO] 物体 4: FireExt1 (置信度: 0.45)
2026-06-23 17:20:12 [INFO] 物体 5: FireExt1 (置信度: 0.42)
2026-06-23 17:20:12 [INFO] 检测到车兜区域，将过滤区域外的目标
2026-06-23 17:20:12 [INFO] 车兜区域过滤: 5 -> 3 个目标
2026-06-23 17:20:12 [INFO] 准备保存检测结果到: C:\code\show\Scrap_Steel_In_Field\photos\dangerous_det\detection_20260623_172012.jpg
2026-06-23 17:20:12 [INFO] 图像形状: (2160, 3840, 3)
2026-06-23 17:20:12 [INFO] 图像数据类型: uint8
2026-06-23 17:20:12 [INFO] 图像最大值: 255
2026-06-23 17:20:12 [INFO] 图像最小值: 0
2026-06-23 17:20:12 [INFO] 开始保存检测结果图像: 图像尺寸=(2160, 3840, 3), 类型=uint8, 路径=C:\code\show\Scrap_Steel_In_Field\photos\dangerous_det\detection_20260623_172012.jpg
2026-06-23 17:20:12 [INFO] 成功保存检测结果到: C:\code\show\Scrap_Steel_In_Field\photos\dangerous_det\detection_20260623_172012.jpg
2026-06-23 17:20:12 [INFO] 保存的检测结果文件大小: 2276563 字节
2026-06-23 17:20:12 [INFO] 引擎上下文已释放
2026-06-23 17:20:12 [INFO] TensorRT 引擎已释放
2026-06-23 17:20:12 [INFO] 全局 CUDA 资源已释放
2026-06-23 17:20:12 [INFO] 检测系统资源已释放
2026-06-23 17:20:17 [INFO] CUDA 初始化成功
2026-06-23 17:20:17 [INFO] 引擎加载成功: dangerous.engine
2026-06-23 17:20:17 [INFO] 检测系统初始化成功
2026-06-23 17:20:17 [INFO] 图像预处理完成，原始尺寸: (2160, 3840)
2026-06-23 17:20:17 [INFO] 开始执行目标检测...
2026-06-23 17:20:17 [INFO] 检测完成，找到 5 个物体
2026-06-23 17:20:17 [INFO] 物体 1: GasCyl1 (置信度: 0.90)
2026-06-23 17:20:17 [INFO] 物体 2: GasCyl1 (置信度: 0.67)
2026-06-23 17:20:17 [INFO] 物体 3: FireExt1 (置信度: 0.56)
2026-06-23 17:20:17 [INFO] 物体 4: GasCyl1 (置信度: 0.54)
2026-06-23 17:20:17 [INFO] 物体 5: FireExt1 (置信度: 0.44)
2026-06-23 17:20:17 [INFO] 检测到车兜区域，将过滤区域外的目标
2026-06-23 17:20:17 [INFO] 车兜区域过滤: 5 -> 3 个目标
2026-06-23 17:20:17 [INFO] 准备保存检测结果到: C:\code\show\Scrap_Steel_In_Field\photos\dangerous_det\detection_20260623_172017.jpg
2026-06-23 17:20:17 [INFO] 图像形状: (2160, 3840, 3)
2026-06-23 17:20:17 [INFO] 图像数据类型: uint8
2026-06-23 17:20:17 [INFO] 图像最大值: 255
2026-06-23 17:20:17 [INFO] 图像最小值: 0
2026-06-23 17:20:17 [INFO] 开始保存检测结果图像: 图像尺寸=(2160, 3840, 3), 类型=uint8, 路径=C:\code\show\Scrap_Steel_In_Field\photos\dangerous_det\detection_20260623_172017.jpg
2026-06-23 17:20:17 [INFO] 成功保存检测结果到: C:\code\show\Scrap_Steel_In_Field\photos\dangerous_det\detection_20260623_172017.jpg
2026-06-23 17:20:17 [INFO] 保存的检测结果文件大小: 2277333 字节
2026-06-23 17:20:17 [INFO] 引擎上下文已释放
2026-06-23 17:20:17 [INFO] TensorRT 引擎已释放
2026-06-23 17:20:17 [INFO] 全局 CUDA 资源已释放
2026-06-23 17:20:17 [INFO] 检测系统资源已释放
2026-06-23 17:20:22 [INFO] CUDA 初始化成功
2026-06-23 17:20:22 [INFO] 引擎加载成功: dangerous.engine
2026-06-23 17:20:22 [INFO] 检测系统初始化成功
2026-06-23 17:20:22 [INFO] 图像预处理完成，原始尺寸: (2160, 3840)
2026-06-23 17:20:22 [INFO] 开始执行目标检测...
2026-06-23 17:20:22 [INFO] 检测完成，找到 5 个物体
2026-06-23 17:20:22 [INFO] 物体 1: GasCyl1 (置信度: 0.89)
2026-06-23 17:20:22 [INFO] 物体 2: GasCyl1 (置信度: 0.74)
2026-06-23 17:20:22 [INFO] 物体 3: FireExt1 (置信度: 0.55)
2026-06-23 17:20:22 [INFO] 物体 4: GasCyl1 (置信度: 0.47)
2026-06-23 17:20:22 [INFO] 物体 5: FireExt1 (置信度: 0.43)
2026-06-23 17:20:23 [INFO] 检测到车兜区域，将过滤区域外的目标
2026-06-23 17:20:23 [INFO] 车兜区域过滤: 5 -> 3 个目标
2026-06-23 17:20:23 [INFO] 准备保存检测结果到: C:\code\show\Scrap_Steel_In_Field\photos\dangerous_det\detection_20260623_172023.jpg
2026-06-23 17:20:23 [INFO] 图像形状: (2160, 3840, 3)
2026-06-23 17:20:23 [INFO] 图像数据类型: uint8
2026-06-23 17:20:23 [INFO] 图像最大值: 255
2026-06-23 17:20:23 [INFO] 图像最小值: 0
2026-06-23 17:20:23 [INFO] 开始保存检测结果图像: 图像尺寸=(2160, 3840, 3), 类型=uint8, 路径=C:\code\show\Scrap_Steel_In_Field\photos\dangerous_det\detection_20260623_172023.jpg
2026-06-23 17:20:23 [INFO] 成功保存检测结果到: C:\code\show\Scrap_Steel_In_Field\photos\dangerous_det\detection_20260623_172023.jpg
2026-06-23 17:20:23 [INFO] 保存的检测结果文件大小: 2277590 字节
2026-06-23 17:20:23 [INFO] 引擎上下文已释放
2026-06-23 17:20:23 [INFO] TensorRT 引擎已释放
2026-06-23 17:20:23 [INFO] 全局 CUDA 资源已释放
2026-06-23 17:20:23 [INFO] 检测系统资源已释放
2026-06-23 17:20:28 [INFO] CUDA 初始化成功
2026-06-23 17:20:28 [INFO] 引擎加载成功: dangerous.engine
2026-06-23 17:20:28 [INFO] 检测系统初始化成功
2026-06-23 17:20:28 [INFO] 图像预处理完成，原始尺寸: (2160, 3840)
2026-06-23 17:20:28 [INFO] 开始执行目标检测...
2026-06-23 17:20:28 [INFO] 检测完成，找到 5 个物体
2026-06-23 17:20:28 [INFO] 物体 1: GasCyl1 (置信度: 0.90)
2026-06-23 17:20:28 [INFO] 物体 2: GasCyl1 (置信度: 0.74)
2026-06-23 17:20:28 [INFO] 物体 3: FireExt1 (置信度: 0.55)
2026-06-23 17:20:28 [INFO] 物体 4: GasCyl1 (置信度: 0.47)
2026-06-23 17:20:28 [INFO] 物体 5: FireExt1 (置信度: 0.40)
2026-06-23 17:20:28 [INFO] 检测到车兜区域，将过滤区域外的目标
2026-06-23 17:20:28 [INFO] 车兜区域过滤: 5 -> 3 个目标
2026-06-23 17:20:28 [INFO] 准备保存检测结果到: C:\code\show\Scrap_Steel_In_Field\photos\dangerous_det\detection_20260623_172028.jpg
2026-06-23 17:20:28 [INFO] 图像形状: (2160, 3840, 3)
2026-06-23 17:20:28 [INFO] 图像数据类型: uint8
2026-06-23 17:20:28 [INFO] 图像最大值: 255
2026-06-23 17:20:28 [INFO] 图像最小值: 0
2026-06-23 17:20:28 [INFO] 开始保存检测结果图像: 图像尺寸=(2160, 3840, 3), 类型=uint8, 路径=C:\code\show\Scrap_Steel_In_Field\photos\dangerous_det\detection_20260623_172028.jpg
2026-06-23 17:20:28 [INFO] 成功保存检测结果到: C:\code\show\Scrap_Steel_In_Field\photos\dangerous_det\detection_20260623_172028.jpg
2026-06-23 17:20:28 [INFO] 保存的检测结果文件大小: 2275738 字节
2026-06-23 17:20:28 [INFO] 引擎上下文已释放
2026-06-23 17:20:28 [INFO] TensorRT 引擎已释放
2026-06-23 17:20:28 [INFO] 全局 CUDA 资源已释放
2026-06-23 17:20:28 [INFO] 检测系统资源已释放
2026-06-23 17:20:33 [INFO] CUDA 初始化成功
2026-06-23 17:20:33 [INFO] 引擎加载成功: dangerous.engine
2026-06-23 17:20:33 [INFO] 检测系统初始化成功
2026-06-23 17:20:33 [INFO] 图像预处理完成，原始尺寸: (2160, 3840)
2026-06-23 17:20:33 [INFO] 开始执行目标检测...
2026-06-23 17:20:33 [INFO] 检测完成，找到 5 个物体
2026-06-23 17:20:33 [INFO] 物体 1: GasCyl1 (置信度: 0.89)
2026-06-23 17:20:33 [INFO] 物体 2: GasCyl1 (置信度: 0.68)
2026-06-23 17:20:33 [INFO] 物体 3: FireExt1 (置信度: 0.54)
2026-06-23 17:20:33 [INFO] 物体 4: FireExt1 (置信度: 0.46)
2026-06-23 17:20:33 [INFO] 物体 5: FireExt1 (置信度: 0.42)
2026-06-23 17:20:33 [INFO] 检测到车兜区域，将过滤区域外的目标
2026-06-23 17:20:33 [INFO] 车兜区域过滤: 5 -> 3 个目标
2026-06-23 17:20:33 [INFO] 准备保存检测结果到: C:\code\show\Scrap_Steel_In_Field\photos\dangerous_det\detection_20260623_172033.jpg
2026-06-23 17:20:33 [INFO] 图像形状: (2160, 3840, 3)
2026-06-23 17:20:33 [INFO] 图像数据类型: uint8
2026-06-23 17:20:33 [INFO] 图像最大值: 255
2026-06-23 17:20:33 [INFO] 图像最小值: 0
2026-06-23 17:20:33 [INFO] 开始保存检测结果图像: 图像尺寸=(2160, 3840, 3), 类型=uint8, 路径=C:\code\show\Scrap_Steel_In_Field\photos\dangerous_det\detection_20260623_172033.jpg
2026-06-23 17:20:33 [INFO] 成功保存检测结果到: C:\code\show\Scrap_Steel_In_Field\photos\dangerous_det\detection_20260623_172033.jpg
2026-06-23 17:20:33 [INFO] 保存的检测结果文件大小: 2277486 字节
2026-06-23 17:20:33 [INFO] 引擎上下文已释放
2026-06-23 17:20:33 [INFO] TensorRT 引擎已释放
2026-06-23 17:20:33 [INFO] 全局 CUDA 资源已释放
2026-06-23 17:20:33 [INFO] 检测系统资源已释放
2026-06-23 17:20:38 [INFO] CUDA 初始化成功
2026-06-23 17:20:38 [INFO] 引擎加载成功: dangerous.engine
2026-06-23 17:20:38 [INFO] 检测系统初始化成功
2026-06-23 17:20:38 [INFO] 图像预处理完成，原始尺寸: (2160, 3840)
2026-06-23 17:20:38 [INFO] 开始执行目标检测...
2026-06-23 17:20:38 [INFO] 检测完成，找到 5 个物体
2026-06-23 17:20:38 [INFO] 物体 1: GasCyl1 (置信度: 0.89)
2026-06-23 17:20:38 [INFO] 物体 2: GasCyl1 (置信度: 0.73)
2026-06-23 17:20:38 [INFO] 物体 3: FireExt1 (置信度: 0.55)
2026-06-23 17:20:38 [INFO] 物体 4: GasCyl1 (置信度: 0.52)
2026-06-23 17:20:38 [INFO] 物体 5: FireExt1 (置信度: 0.43)
2026-06-23 17:20:39 [INFO] 检测到车兜区域，将过滤区域外的目标
2026-06-23 17:20:39 [INFO] 车兜区域过滤: 5 -> 3 个目标
2026-06-23 17:20:39 [INFO] 准备保存检测结果到: C:\code\show\Scrap_Steel_In_Field\photos\dangerous_det\detection_20260623_172039.jpg
2026-06-23 17:20:39 [INFO] 图像形状: (2160, 3840, 3)
2026-06-23 17:20:39 [INFO] 图像数据类型: uint8
2026-06-23 17:20:39 [INFO] 图像最大值: 255
2026-06-23 17:20:39 [INFO] 图像最小值: 0
2026-06-23 17:20:39 [INFO] 开始保存检测结果图像: 图像尺寸=(2160, 3840, 3), 类型=uint8, 路径=C:\code\show\Scrap_Steel_In_Field\photos\dangerous_det\detection_20260623_172039.jpg
2026-06-23 17:20:39 [INFO] 成功保存检测结果到: C:\code\show\Scrap_Steel_In_Field\photos\dangerous_det\detection_20260623_172039.jpg
2026-06-23 17:20:39 [INFO] 保存的检测结果文件大小: 2276485 字节
2026-06-23 17:20:39 [INFO] 引擎上下文已释放
2026-06-23 17:20:39 [INFO] TensorRT 引擎已释放
2026-06-23 17:20:39 [INFO] 全局 CUDA 资源已释放
2026-06-23 17:20:39 [INFO] 检测系统资源已释放
2026-06-23 17:20:44 [INFO] CUDA 初始化成功
2026-06-23 17:20:44 [INFO] 引擎加载成功: dangerous.engine
2026-06-23 17:20:44 [INFO] 检测系统初始化成功
2026-06-23 17:20:44 [INFO] 图像预处理完成，原始尺寸: (2160, 3840)
2026-06-23 17:20:44 [INFO] 开始执行目标检测...
2026-06-23 17:20:44 [INFO] 检测完成，找到 5 个物体
2026-06-23 17:20:44 [INFO] 物体 1: GasCyl1 (置信度: 0.90)
2026-06-23 17:20:44 [INFO] 物体 2: GasCyl1 (置信度: 0.70)
2026-06-23 17:20:44 [INFO] 物体 3: FireExt1 (置信度: 0.56)
2026-06-23 17:20:44 [INFO] 物体 4: FireExt1 (置信度: 0.49)
2026-06-23 17:20:44 [INFO] 物体 5: FireExt1 (置信度: 0.41)
2026-06-23 17:20:44 [INFO] 检测到车兜区域，将过滤区域外的目标
2026-06-23 17:20:44 [INFO] 车兜区域过滤: 5 -> 3 个目标
2026-06-23 17:20:44 [INFO] 准备保存检测结果到: C:\code\show\Scrap_Steel_In_Field\photos\dangerous_det\detection_20260623_172044.jpg
2026-06-23 17:20:44 [INFO] 图像形状: (2160, 3840, 3)
2026-06-23 17:20:44 [INFO] 图像数据类型: uint8
2026-06-23 17:20:44 [INFO] 图像最大值: 255
2026-06-23 17:20:44 [INFO] 图像最小值: 0
2026-06-23 17:20:44 [INFO] 开始保存检测结果图像: 图像尺寸=(2160, 3840, 3), 类型=uint8, 路径=C:\code\show\Scrap_Steel_In_Field\photos\dangerous_det\detection_20260623_172044.jpg
2026-06-23 17:20:44 [INFO] 成功保存检测结果到: C:\code\show\Scrap_Steel_In_Field\photos\dangerous_det\detection_20260623_172044.jpg
2026-06-23 17:20:44 [INFO] 保存的检测结果文件大小: 2276156 字节
2026-06-23 17:20:44 [INFO] 引擎上下文已释放
2026-06-23 17:20:44 [INFO] TensorRT 引擎已释放
2026-06-23 17:20:44 [INFO] 全局 CUDA 资源已释放
2026-06-23 17:20:44 [INFO] 检测系统资源已释放
2026-06-23 17:20:49 [INFO] CUDA 初始化成功
2026-06-23 17:20:49 [INFO] 引擎加载成功: dangerous.engine
2026-06-23 17:20:49 [INFO] 检测系统初始化成功
2026-06-23 17:20:49 [INFO] 图像预处理完成，原始尺寸: (2160, 3840)
2026-06-23 17:20:49 [INFO] 开始执行目标检测...
2026-06-23 17:20:49 [INFO] 检测完成，找到 5 个物体
2026-06-23 17:20:49 [INFO] 物体 1: GasCyl1 (置信度: 0.90)
2026-06-23 17:20:49 [INFO] 物体 2: GasCyl1 (置信度: 0.73)
2026-06-23 17:20:49 [INFO] 物体 3: FireExt1 (置信度: 0.54)
2026-06-23 17:20:49 [INFO] 物体 4: FireExt1 (置信度: 0.46)
2026-06-23 17:20:49 [INFO] 物体 5: FireExt1 (置信度: 0.40)
2026-06-23 17:20:49 [INFO] 检测到车兜区域，将过滤区域外的目标
2026-06-23 17:20:49 [INFO] 车兜区域过滤: 5 -> 3 个目标
2026-06-23 17:20:49 [INFO] 准备保存检测结果到: C:\code\show\Scrap_Steel_In_Field\photos\dangerous_det\detection_20260623_172049.jpg
2026-06-23 17:20:49 [INFO] 图像形状: (2160, 3840, 3)
2026-06-23 17:20:49 [INFO] 图像数据类型: uint8
2026-06-23 17:20:49 [INFO] 图像最大值: 255
2026-06-23 17:20:49 [INFO] 图像最小值: 0
2026-06-23 17:20:49 [INFO] 开始保存检测结果图像: 图像尺寸=(2160, 3840, 3), 类型=uint8, 路径=C:\code\show\Scrap_Steel_In_Field\photos\dangerous_det\detection_20260623_172049.jpg
2026-06-23 17:20:49 [INFO] 成功保存检测结果到: C:\code\show\Scrap_Steel_In_Field\photos\dangerous_det\detection_20260623_172049.jpg
2026-06-23 17:20:49 [INFO] 保存的检测结果文件大小: 2279344 字节
2026-06-23 17:20:49 [INFO] 引擎上下文已释放
2026-06-23 17:20:49 [INFO] TensorRT 引擎已释放
2026-06-23 17:20:49 [INFO] 全局 CUDA 资源已释放
2026-06-23 17:20:49 [INFO] 检测系统资源已释放
2026-06-23 17:20:55 [INFO] CUDA 初始化成功
2026-06-23 17:20:55 [INFO] 引擎加载成功: dangerous.engine
2026-06-23 17:20:55 [INFO] 检测系统初始化成功
2026-06-23 17:20:55 [INFO] 图像预处理完成，原始尺寸: (2160, 3840)
2026-06-23 17:20:55 [INFO] 开始执行目标检测...
2026-06-23 17:20:55 [INFO] 检测完成，找到 5 个物体
2026-06-23 17:20:55 [INFO] 物体 1: GasCyl1 (置信度: 0.89)
2026-06-23 17:20:55 [INFO] 物体 2: GasCyl1 (置信度: 0.73)
2026-06-23 17:20:55 [INFO] 物体 3: FireExt1 (置信度: 0.56)
2026-06-23 17:20:55 [INFO] 物体 4: FireExt1 (置信度: 0.46)
2026-06-23 17:20:55 [INFO] 物体 5: FireExt1 (置信度: 0.43)
2026-06-23 17:20:55 [INFO] 检测到车兜区域，将过滤区域外的目标
2026-06-23 17:20:55 [INFO] 车兜区域过滤: 5 -> 3 个目标
2026-06-23 17:20:55 [INFO] 准备保存检测结果到: C:\code\show\Scrap_Steel_In_Field\photos\dangerous_det\detection_20260623_172055.jpg
2026-06-23 17:20:55 [INFO] 图像形状: (2160, 3840, 3)
2026-06-23 17:20:55 [INFO] 图像数据类型: uint8
2026-06-23 17:20:55 [INFO] 图像最大值: 255
2026-06-23 17:20:55 [INFO] 图像最小值: 0
2026-06-23 17:20:55 [INFO] 开始保存检测结果图像: 图像尺寸=(2160, 3840, 3), 类型=uint8, 路径=C:\code\show\Scrap_Steel_In_Field\photos\dangerous_det\detection_20260623_172055.jpg
2026-06-23 17:20:55 [INFO] 成功保存检测结果到: C:\code\show\Scrap_Steel_In_Field\photos\dangerous_det\detection_20260623_172055.jpg
2026-06-23 17:20:55 [INFO] 保存的检测结果文件大小: 2279287 字节
2026-06-23 17:20:55 [INFO] 引擎上下文已释放
2026-06-23 17:20:55 [INFO] TensorRT 引擎已释放
2026-06-23 17:20:55 [INFO] 全局 CUDA 资源已释放
2026-06-23 17:20:55 [INFO] 检测系统资源已释放
2026-06-23 17:21:00 [INFO] CUDA 初始化成功
2026-06-23 17:21:00 [INFO] 引擎加载成功: dangerous.engine
2026-06-23 17:21:00 [INFO] 检测系统初始化成功
2026-06-23 17:21:00 [INFO] 图像预处理完成，原始尺寸: (2160, 3840)
2026-06-23 17:21:00 [INFO] 开始执行目标检测...
2026-06-23 17:21:00 [INFO] 检测完成，找到 5 个物体
2026-06-23 17:21:00 [INFO] 物体 1: GasCyl1 (置信度: 0.89)
2026-06-23 17:21:00 [INFO] 物体 2: GasCyl1 (置信度: 0.74)
2026-06-23 17:21:00 [INFO] 物体 3: FireExt1 (置信度: 0.56)
2026-06-23 17:21:00 [INFO] 物体 4: FireExt1 (置信度: 0.48)
2026-06-23 17:21:00 [INFO] 物体 5: FireExt1 (置信度: 0.43)
2026-06-23 17:21:00 [INFO] 检测到车兜区域，将过滤区域外的目标
2026-06-23 17:21:00 [INFO] 车兜区域过滤: 5 -> 3 个目标
2026-06-23 17:21:00 [INFO] 准备保存检测结果到: C:\code\show\Scrap_Steel_In_Field\photos\dangerous_det\detection_20260623_172100.jpg
2026-06-23 17:21:00 [INFO] 图像形状: (2160, 3840, 3)
2026-06-23 17:21:00 [INFO] 图像数据类型: uint8
2026-06-23 17:21:00 [INFO] 图像最大值: 255
2026-06-23 17:21:00 [INFO] 图像最小值: 0
2026-06-23 17:21:00 [INFO] 开始保存检测结果图像: 图像尺寸=(2160, 3840, 3), 类型=uint8, 路径=C:\code\show\Scrap_Steel_In_Field\photos\dangerous_det\detection_20260623_172100.jpg
2026-06-23 17:21:00 [INFO] 成功保存检测结果到: C:\code\show\Scrap_Steel_In_Field\photos\dangerous_det\detection_20260623_172100.jpg
2026-06-23 17:21:00 [INFO] 保存的检测结果文件大小: 2273561 字节
2026-06-23 17:21:00 [INFO] 引擎上下文已释放
2026-06-23 17:21:00 [INFO] TensorRT 引擎已释放
2026-06-23 17:21:00 [INFO] 全局 CUDA 资源已释放
2026-06-23 17:21:00 [INFO] 检测系统资源已释放
2026-06-23 17:21:05 [INFO] CUDA 初始化成功
2026-06-23 17:21:05 [INFO] 引擎加载成功: dangerous.engine
2026-06-23 17:21:05 [INFO] 检测系统初始化成功
2026-06-23 17:21:05 [INFO] 图像预处理完成，原始尺寸: (2160, 3840)
2026-06-23 17:21:05 [INFO] 开始执行目标检测...
2026-06-23 17:21:05 [INFO] 检测完成，找到 5 个物体
2026-06-23 17:21:05 [INFO] 物体 1: GasCyl1 (置信度: 0.89)
2026-06-23 17:21:05 [INFO] 物体 2: GasCyl1 (置信度: 0.67)
2026-06-23 17:21:05 [INFO] 物体 3: FireExt1 (置信度: 0.54)
2026-06-23 17:21:05 [INFO] 物体 4: FireExt1 (置信度: 0.49)
2026-06-23 17:21:05 [INFO] 物体 5: FireExt1 (置信度: 0.41)
2026-06-23 17:21:05 [INFO] 检测到车兜区域，将过滤区域外的目标
2026-06-23 17:21:05 [INFO] 车兜区域过滤: 5 -> 3 个目标
2026-06-23 17:21:05 [INFO] 准备保存检测结果到: C:\code\show\Scrap_Steel_In_Field\photos\dangerous_det\detection_20260623_172105.jpg
2026-06-23 17:21:05 [INFO] 图像形状: (2160, 3840, 3)
2026-06-23 17:21:05 [INFO] 图像数据类型: uint8
2026-06-23 17:21:05 [INFO] 图像最大值: 255
2026-06-23 17:21:05 [INFO] 图像最小值: 0
2026-06-23 17:21:05 [INFO] 开始保存检测结果图像: 图像尺寸=(2160, 3840, 3), 类型=uint8, 路径=C:\code\show\Scrap_Steel_In_Field\photos\dangerous_det\detection_20260623_172105.jpg
2026-06-23 17:21:05 [INFO] 成功保存检测结果到: C:\code\show\Scrap_Steel_In_Field\photos\dangerous_det\detection_20260623_172105.jpg
2026-06-23 17:21:05 [INFO] 保存的检测结果文件大小: 2279142 字节
2026-06-23 17:21:05 [INFO] 引擎上下文已释放
2026-06-23 17:21:05 [INFO] TensorRT 引擎已释放
2026-06-23 17:21:05 [INFO] 全局 CUDA 资源已释放
2026-06-23 17:21:05 [INFO] 检测系统资源已释放
2026-06-23 17:21:10 [INFO] CUDA 初始化成功
2026-06-23 17:21:10 [INFO] 引擎加载成功: dangerous.engine
2026-06-23 17:21:10 [INFO] 检测系统初始化成功
2026-06-23 17:21:10 [INFO] 图像预处理完成，原始尺寸: (2160, 3840)
2026-06-23 17:21:10 [INFO] 开始执行目标检测...
2026-06-23 17:21:10 [INFO] 检测完成，找到 5 个物体
2026-06-23 17:21:10 [INFO] 物体 1: GasCyl1 (置信度: 0.89)
2026-06-23 17:21:10 [INFO] 物体 2: GasCyl1 (置信度: 0.68)
2026-06-23 17:21:10 [INFO] 物体 3: FireExt1 (置信度: 0.56)
2026-06-23 17:21:10 [INFO] 物体 4: FireExt1 (置信度: 0.46)
2026-06-23 17:21:10 [INFO] 物体 5: FireExt1 (置信度: 0.40)
2026-06-23 17:21:10 [INFO] 检测到车兜区域，将过滤区域外的目标
2026-06-23 17:21:10 [INFO] 车兜区域过滤: 5 -> 3 个目标
2026-06-23 17:21:10 [INFO] 准备保存检测结果到: C:\code\show\Scrap_Steel_In_Field\photos\dangerous_det\detection_20260623_172110.jpg
2026-06-23 17:21:10 [INFO] 图像形状: (2160, 3840, 3)
2026-06-23 17:21:10 [INFO] 图像数据类型: uint8
2026-06-23 17:21:10 [INFO] 图像最大值: 255
2026-06-23 17:21:10 [INFO] 图像最小值: 0
2026-06-23 17:21:10 [INFO] 开始保存检测结果图像: 图像尺寸=(2160, 3840, 3), 类型=uint8, 路径=C:\code\show\Scrap_Steel_In_Field\photos\dangerous_det\detection_20260623_172110.jpg
2026-06-23 17:21:10 [INFO] 成功保存检测结果到: C:\code\show\Scrap_Steel_In_Field\photos\dangerous_det\detection_20260623_172110.jpg
2026-06-23 17:21:10 [INFO] 保存的检测结果文件大小: 2275253 字节
2026-06-23 17:21:10 [INFO] 引擎上下文已释放
2026-06-23 17:21:10 [INFO] TensorRT 引擎已释放
2026-06-23 17:21:10 [INFO] 全局 CUDA 资源已释放
2026-06-23 17:21:10 [INFO] 检测系统资源已释放
2026-06-23 17:21:15 [INFO] CUDA 初始化成功
2026-06-23 17:21:15 [INFO] 引擎加载成功: dangerous.engine
2026-06-23 17:21:15 [INFO] 检测系统初始化成功
2026-06-23 17:21:15 [INFO] 图像预处理完成，原始尺寸: (2160, 3840)
2026-06-23 17:21:15 [INFO] 开始执行目标检测...
2026-06-23 17:21:15 [INFO] 检测完成，找到 5 个物体
2026-06-23 17:21:15 [INFO] 物体 1: GasCyl1 (置信度: 0.90)
2026-06-23 17:21:15 [INFO] 物体 2: GasCyl1 (置信度: 0.63)
2026-06-23 17:21:15 [INFO] 物体 3: FireExt1 (置信度: 0.54)
2026-06-23 17:21:15 [INFO] 物体 4: FireExt1 (置信度: 0.47)
2026-06-23 17:21:15 [INFO] 物体 5: FireExt1 (置信度: 0.41)
2026-06-23 17:21:16 [INFO] 检测到车兜区域，将过滤区域外的目标
2026-06-23 17:21:16 [INFO] 车兜区域过滤: 5 -> 3 个目标
2026-06-23 17:21:16 [INFO] 准备保存检测结果到: C:\code\show\Scrap_Steel_In_Field\photos\dangerous_det\detection_20260623_172116.jpg
2026-06-23 17:21:16 [INFO] 图像形状: (2160, 3840, 3)
2026-06-23 17:21:16 [INFO] 图像数据类型: uint8
2026-06-23 17:21:16 [INFO] 图像最大值: 255
2026-06-23 17:21:16 [INFO] 图像最小值: 0
2026-06-23 17:21:16 [INFO] 开始保存检测结果图像: 图像尺寸=(2160, 3840, 3), 类型=uint8, 路径=C:\code\show\Scrap_Steel_In_Field\photos\dangerous_det\detection_20260623_172116.jpg
2026-06-23 17:21:16 [INFO] 成功保存检测结果到: C:\code\show\Scrap_Steel_In_Field\photos\dangerous_det\detection_20260623_172116.jpg
2026-06-23 17:21:16 [INFO] 保存的检测结果文件大小: 2275564 字节
2026-06-23 17:21:16 [INFO] 引擎上下文已释放
2026-06-23 17:21:16 [INFO] TensorRT 引擎已释放
2026-06-23 17:21:16 [INFO] 全局 CUDA 资源已释放
2026-06-23 17:21:16 [INFO] 检测系统资源已释放
2026-06-23 17:21:21 [INFO] CUDA 初始化成功
2026-06-23 17:21:21 [INFO] 引擎加载成功: dangerous.engine
2026-06-23 17:21:21 [INFO] 检测系统初始化成功
2026-06-23 17:21:21 [INFO] 图像预处理完成，原始尺寸: (2160, 3840)
2026-06-23 17:21:21 [INFO] 开始执行目标检测...
2026-06-23 17:21:21 [INFO] 检测完成，找到 4 个物体
2026-06-23 17:21:21 [INFO] 物体 1: GasCyl1 (置信度: 0.90)
2026-06-23 17:21:21 [INFO] 物体 2: GasCyl1 (置信度: 0.73)
2026-06-23 17:21:21 [INFO] 物体 3: FireExt1 (置信度: 0.55)
2026-06-23 17:21:21 [INFO] 物体 4: FireExt1 (置信度: 0.46)
2026-06-23 17:21:21 [INFO] 检测到车兜区域，将过滤区域外的目标
2026-06-23 17:21:21 [INFO] 车兜区域过滤: 4 -> 3 个目标
2026-06-23 17:21:21 [INFO] 准备保存检测结果到: C:\code\show\Scrap_Steel_In_Field\photos\dangerous_det\detection_20260623_172121.jpg
2026-06-23 17:21:21 [INFO] 图像形状: (2160, 3840, 3)
2026-06-23 17:21:21 [INFO] 图像数据类型: uint8
2026-06-23 17:21:21 [INFO] 图像最大值: 255
2026-06-23 17:21:21 [INFO] 图像最小值: 0
2026-06-23 17:21:21 [INFO] 开始保存检测结果图像: 图像尺寸=(2160, 3840, 3), 类型=uint8, 路径=C:\code\show\Scrap_Steel_In_Field\photos\dangerous_det\detection_20260623_172121.jpg
2026-06-23 17:21:21 [INFO] 成功保存检测结果到: C:\code\show\Scrap_Steel_In_Field\photos\dangerous_det\detection_20260623_172121.jpg
2026-06-23 17:21:21 [INFO] 保存的检测结果文件大小: 2275160 字节
2026-06-23 17:21:21 [INFO] 引擎上下文已释放
2026-06-23 17:21:21 [INFO] TensorRT 引擎已释放
2026-06-23 17:21:21 [INFO] 全局 CUDA 资源已释放
2026-06-23 17:21:21 [INFO] 检测系统资源已释放
2026-06-23 17:21:26 [INFO] CUDA 初始化成功
2026-06-23 17:21:26 [INFO] 引擎加载成功: dangerous.engine
2026-06-23 17:21:26 [INFO] 检测系统初始化成功
2026-06-23 17:21:26 [INFO] 图像预处理完成，原始尺寸: (2160, 3840)
2026-06-23 17:21:26 [INFO] 开始执行目标检测...
2026-06-23 17:21:26 [INFO] 检测完成，找到 5 个物体
2026-06-23 17:21:26 [INFO] 物体 1: GasCyl1 (置信度: 0.90)
2026-06-23 17:21:26 [INFO] 物体 2: GasCyl1 (置信度: 0.68)
2026-06-23 17:21:26 [INFO] 物体 3: FireExt1 (置信度: 0.55)
2026-06-23 17:21:26 [INFO] 物体 4: FireExt1 (置信度: 0.47)
2026-06-23 17:21:26 [INFO] 物体 5: FireExt1 (置信度: 0.38)
2026-06-23 17:21:26 [INFO] 检测到车兜区域，将过滤区域外的目标
2026-06-23 17:21:26 [INFO] 车兜区域过滤: 5 -> 3 个目标
2026-06-23 17:21:26 [INFO] 准备保存检测结果到: C:\code\show\Scrap_Steel_In_Field\photos\dangerous_det\detection_20260623_172126.jpg
2026-06-23 17:21:26 [INFO] 图像形状: (2160, 3840, 3)
2026-06-23 17:21:26 [INFO] 图像数据类型: uint8
2026-06-23 17:21:26 [INFO] 图像最大值: 255
2026-06-23 17:21:26 [INFO] 图像最小值: 0
2026-06-23 17:21:26 [INFO] 开始保存检测结果图像: 图像尺寸=(2160, 3840, 3), 类型=uint8, 路径=C:\code\show\Scrap_Steel_In_Field\photos\dangerous_det\detection_20260623_172126.jpg
2026-06-23 17:21:26 [INFO] 成功保存检测结果到: C:\code\show\Scrap_Steel_In_Field\photos\dangerous_det\detection_20260623_172126.jpg
2026-06-23 17:21:26 [INFO] 保存的检测结果文件大小: 2277297 字节
2026-06-23 17:21:26 [INFO] 引擎上下文已释放
2026-06-23 17:21:26 [INFO] TensorRT 引擎已释放
2026-06-23 17:21:26 [INFO] 全局 CUDA 资源已释放
2026-06-23 17:21:26 [INFO] 检测系统资源已释放
2026-06-23 17:21:31 [INFO] CUDA 初始化成功
2026-06-23 17:21:31 [INFO] 引擎加载成功: dangerous.engine
2026-06-23 17:21:31 [INFO] 检测系统初始化成功
2026-06-23 17:21:31 [INFO] 图像预处理完成，原始尺寸: (2160, 3840)
2026-06-23 17:21:31 [INFO] 开始执行目标检测...
2026-06-23 17:21:31 [INFO] 检测完成，找到 5 个物体
2026-06-23 17:21:31 [INFO] 物体 1: GasCyl1 (置信度: 0.89)
2026-06-23 17:21:31 [INFO] 物体 2: GasCyl1 (置信度: 0.71)
2026-06-23 17:21:31 [INFO] 物体 3: FireExt1 (置信度: 0.55)
2026-06-23 17:21:31 [INFO] 物体 4: GasCyl1 (置信度: 0.50)
2026-06-23 17:21:31 [INFO] 物体 5: FireExt1 (置信度: 0.39)
2026-06-23 17:21:31 [INFO] 检测到车兜区域，将过滤区域外的目标
2026-06-23 17:21:31 [INFO] 车兜区域过滤: 5 -> 3 个目标
2026-06-23 17:21:31 [INFO] 准备保存检测结果到: C:\code\show\Scrap_Steel_In_Field\photos\dangerous_det\detection_20260623_172131.jpg
2026-06-23 17:21:31 [INFO] 图像形状: (2160, 3840, 3)
2026-06-23 17:21:31 [INFO] 图像数据类型: uint8
2026-06-23 17:21:31 [INFO] 图像最大值: 255
2026-06-23 17:21:31 [INFO] 图像最小值: 0
2026-06-23 17:21:31 [INFO] 开始保存检测结果图像: 图像尺寸=(2160, 3840, 3), 类型=uint8, 路径=C:\code\show\Scrap_Steel_In_Field\photos\dangerous_det\detection_20260623_172131.jpg
2026-06-23 17:21:31 [INFO] 成功保存检测结果到: C:\code\show\Scrap_Steel_In_Field\photos\dangerous_det\detection_20260623_172131.jpg
2026-06-23 17:21:31 [INFO] 保存的检测结果文件大小: 2276873 字节
2026-06-23 17:21:31 [INFO] 引擎上下文已释放
2026-06-23 17:21:31 [INFO] TensorRT 引擎已释放
2026-06-23 17:21:31 [INFO] 全局 CUDA 资源已释放
2026-06-23 17:21:31 [INFO] 检测系统资源已释放
2026-06-23 17:21:36 [INFO] CUDA 初始化成功
2026-06-23 17:21:36 [INFO] 引擎加载成功: dangerous.engine
2026-06-23 17:21:36 [INFO] 检测系统初始化成功
2026-06-23 17:21:36 [INFO] 图像预处理完成，原始尺寸: (2160, 3840)
2026-06-23 17:21:36 [INFO] 开始执行目标检测...
2026-06-23 17:21:36 [INFO] 检测完成，找到 5 个物体
2026-06-23 17:21:36 [INFO] 物体 1: GasCyl1 (置信度: 0.89)
2026-06-23 17:21:36 [INFO] 物体 2: GasCyl1 (置信度: 0.66)
2026-06-23 17:21:36 [INFO] 物体 3: FireExt1 (置信度: 0.56)
2026-06-23 17:21:36 [INFO] 物体 4: GasCyl1 (置信度: 0.51)
2026-06-23 17:21:36 [INFO] 物体 5: FireExt1 (置信度: 0.45)
2026-06-23 17:21:37 [INFO] 检测到车兜区域，将过滤区域外的目标
2026-06-23 17:21:37 [INFO] 车兜区域过滤: 5 -> 3 个目标
2026-06-23 17:21:37 [INFO] 准备保存检测结果到: C:\code\show\Scrap_Steel_In_Field\photos\dangerous_det\detection_20260623_172137.jpg
2026-06-23 17:21:37 [INFO] 图像形状: (2160, 3840, 3)
2026-06-23 17:21:37 [INFO] 图像数据类型: uint8
2026-06-23 17:21:37 [INFO] 图像最大值: 255
2026-06-23 17:21:37 [INFO] 图像最小值: 0
2026-06-23 17:21:37 [INFO] 开始保存检测结果图像: 图像尺寸=(2160, 3840, 3), 类型=uint8, 路径=C:\code\show\Scrap_Steel_In_Field\photos\dangerous_det\detection_20260623_172137.jpg
2026-06-23 17:21:37 [INFO] 成功保存检测结果到: C:\code\show\Scrap_Steel_In_Field\photos\dangerous_det\detection_20260623_172137.jpg
2026-06-23 17:21:37 [INFO] 保存的检测结果文件大小: 2275050 字节
2026-06-23 17:21:37 [INFO] 引擎上下文已释放
2026-06-23 17:21:37 [INFO] TensorRT 引擎已释放
2026-06-23 17:21:37 [INFO] 全局 CUDA 资源已释放
2026-06-23 17:21:37 [INFO] 检测系统资源已释放
2026-06-23 17:21:42 [INFO] CUDA 初始化成功
2026-06-23 17:21:42 [INFO] 引擎加载成功: dangerous.engine
2026-06-23 17:21:42 [INFO] 检测系统初始化成功
2026-06-23 17:21:42 [INFO] 图像预处理完成，原始尺寸: (2160, 3840)
2026-06-23 17:21:42 [INFO] 开始执行目标检测...
2026-06-23 17:21:42 [INFO] 检测完成，找到 5 个物体
2026-06-23 17:21:42 [INFO] 物体 1: GasCyl1 (置信度: 0.89)
2026-06-23 17:21:42 [INFO] 物体 2: GasCyl1 (置信度: 0.71)
2026-06-23 17:21:42 [INFO] 物体 3: FireExt1 (置信度: 0.58)
2026-06-23 17:21:42 [INFO] 物体 4: GasCyl1 (置信度: 0.50)
2026-06-23 17:21:42 [INFO] 物体 5: FireExt1 (置信度: 0.43)
2026-06-23 17:21:42 [INFO] 检测到车兜区域，将过滤区域外的目标
2026-06-23 17:21:42 [INFO] 车兜区域过滤: 5 -> 3 个目标
2026-06-23 17:21:42 [INFO] 准备保存检测结果到: C:\code\show\Scrap_Steel_In_Field\photos\dangerous_det\detection_20260623_172142.jpg
2026-06-23 17:21:42 [INFO] 图像形状: (2160, 3840, 3)
2026-06-23 17:21:42 [INFO] 图像数据类型: uint8
2026-06-23 17:21:42 [INFO] 图像最大值: 255
2026-06-23 17:21:42 [INFO] 图像最小值: 0
2026-06-23 17:21:42 [INFO] 开始保存检测结果图像: 图像尺寸=(2160, 3840, 3), 类型=uint8, 路径=C:\code\show\Scrap_Steel_In_Field\photos\dangerous_det\detection_20260623_172142.jpg
2026-06-23 17:21:42 [INFO] 成功保存检测结果到: C:\code\show\Scrap_Steel_In_Field\photos\dangerous_det\detection_20260623_172142.jpg
2026-06-23 17:21:42 [INFO] 保存的检测结果文件大小: 2274735 字节
2026-06-23 17:21:42 [INFO] 引擎上下文已释放
2026-06-23 17:21:42 [INFO] TensorRT 引擎已释放
2026-06-23 17:21:42 [INFO] 全局 CUDA 资源已释放
2026-06-23 17:21:42 [INFO] 检测系统资源已释放
2026-06-23 17:21:47 [INFO] CUDA 初始化成功
2026-06-23 17:21:47 [INFO] 引擎加载成功: dangerous.engine
2026-06-23 17:21:47 [INFO] 检测系统初始化成功
2026-06-23 17:21:47 [INFO] 图像预处理完成，原始尺寸: (2160, 3840)
2026-06-23 17:21:47 [INFO] 开始执行目标检测...
2026-06-23 17:21:47 [INFO] 检测完成，找到 5 个物体
2026-06-23 17:21:47 [INFO] 物体 1: GasCyl1 (置信度: 0.89)
2026-06-23 17:21:47 [INFO] 物体 2: GasCyl1 (置信度: 0.74)
2026-06-23 17:21:47 [INFO] 物体 3: FireExt1 (置信度: 0.57)
2026-06-23 17:21:47 [INFO] 物体 4: FireExt1 (置信度: 0.49)
2026-06-23 17:21:47 [INFO] 物体 5: FireExt1 (置信度: 0.35)
2026-06-23 17:21:47 [INFO] 检测到车兜区域，将过滤区域外的目标
2026-06-23 17:21:47 [INFO] 车兜区域过滤: 5 -> 3 个目标
2026-06-23 17:21:47 [INFO] 准备保存检测结果到: C:\code\show\Scrap_Steel_In_Field\photos\dangerous_det\detection_20260623_172147.jpg
2026-06-23 17:21:47 [INFO] 图像形状: (2160, 3840, 3)
2026-06-23 17:21:47 [INFO] 图像数据类型: uint8
2026-06-23 17:21:47 [INFO] 图像最大值: 255
2026-06-23 17:21:47 [INFO] 图像最小值: 0
2026-06-23 17:21:47 [INFO] 开始保存检测结果图像: 图像尺寸=(2160, 3840, 3), 类型=uint8, 路径=C:\code\show\Scrap_Steel_In_Field\photos\dangerous_det\detection_20260623_172147.jpg
2026-06-23 17:21:47 [INFO] 成功保存检测结果到: C:\code\show\Scrap_Steel_In_Field\photos\dangerous_det\detection_20260623_172147.jpg
2026-06-23 17:21:47 [INFO] 保存的检测结果文件大小: 2276384 字节
2026-06-23 17:21:47 [INFO] 引擎上下文已释放
2026-06-23 17:21:47 [INFO] TensorRT 引擎已释放
2026-06-23 17:21:47 [INFO] 全局 CUDA 资源已释放
2026-06-23 17:21:47 [INFO] 检测系统资源已释放
2026-06-23 17:21:52 [INFO] CUDA 初始化成功
2026-06-23 17:21:52 [INFO] 引擎加载成功: dangerous.engine
2026-06-23 17:21:52 [INFO] 检测系统初始化成功
2026-06-23 17:21:52 [INFO] 图像预处理完成，原始尺寸: (2160, 3840)
2026-06-23 17:21:52 [INFO] 开始执行目标检测...
2026-06-23 17:21:52 [INFO] 检测完成，找到 5 个物体
2026-06-23 17:21:52 [INFO] 物体 1: GasCyl1 (置信度: 0.90)
2026-06-23 17:21:52 [INFO] 物体 2: GasCyl1 (置信度: 0.68)
2026-06-23 17:21:52 [INFO] 物体 3: FireExt1 (置信度: 0.55)
2026-06-23 17:21:52 [INFO] 物体 4: FireExt1 (置信度: 0.47)
2026-06-23 17:21:52 [INFO] 物体 5: FireExt1 (置信度: 0.35)
2026-06-23 17:21:52 [INFO] 检测到车兜区域，将过滤区域外的目标
2026-06-23 17:21:52 [INFO] 车兜区域过滤: 5 -> 3 个目标
2026-06-23 17:21:52 [INFO] 准备保存检测结果到: C:\code\show\Scrap_Steel_In_Field\photos\dangerous_det\detection_20260623_172152.jpg
2026-06-23 17:21:52 [INFO] 图像形状: (2160, 3840, 3)
2026-06-23 17:21:52 [INFO] 图像数据类型: uint8
2026-06-23 17:21:52 [INFO] 图像最大值: 255
2026-06-23 17:21:52 [INFO] 图像最小值: 0
2026-06-23 17:21:52 [INFO] 开始保存检测结果图像: 图像尺寸=(2160, 3840, 3), 类型=uint8, 路径=C:\code\show\Scrap_Steel_In_Field\photos\dangerous_det\detection_20260623_172152.jpg
2026-06-23 17:21:52 [INFO] 成功保存检测结果到: C:\code\show\Scrap_Steel_In_Field\photos\dangerous_det\detection_20260623_172152.jpg
2026-06-23 17:21:52 [INFO] 保存的检测结果文件大小: 2274631 字节
2026-06-23 17:21:52 [INFO] 引擎上下文已释放
2026-06-23 17:21:52 [INFO] TensorRT 引擎已释放
2026-06-23 17:21:52 [INFO] 全局 CUDA 资源已释放
2026-06-23 17:21:52 [INFO] 检测系统资源已释放
2026-06-23 17:21:58 [INFO] CUDA 初始化成功
2026-06-23 17:21:58 [INFO] 引擎加载成功: dangerous.engine
2026-06-23 17:21:58 [INFO] 检测系统初始化成功
2026-06-23 17:21:58 [INFO] 图像预处理完成，原始尺寸: (2160, 3840)
2026-06-23 17:21:58 [INFO] 开始执行目标检测...
2026-06-23 17:21:58 [INFO] 检测完成，找到 5 个物体
2026-06-23 17:21:58 [INFO] 物体 1: GasCyl1 (置信度: 0.89)
2026-06-23 17:21:58 [INFO] 物体 2: GasCyl1 (置信度: 0.67)
2026-06-23 17:21:58 [INFO] 物体 3: FireExt1 (置信度: 0.55)
2026-06-23 17:21:58 [INFO] 物体 4: FireExt1 (置信度: 0.48)
2026-06-23 17:21:58 [INFO] 物体 5: FireExt1 (置信度: 0.40)
2026-06-23 17:21:58 [INFO] 检测到车兜区域，将过滤区域外的目标
2026-06-23 17:21:58 [INFO] 车兜区域过滤: 5 -> 3 个目标
2026-06-23 17:21:58 [INFO] 准备保存检测结果到: C:\code\show\Scrap_Steel_In_Field\photos\dangerous_det\detection_20260623_172158.jpg
2026-06-23 17:21:58 [INFO] 图像形状: (2160, 3840, 3)
2026-06-23 17:21:58 [INFO] 图像数据类型: uint8
2026-06-23 17:21:58 [INFO] 图像最大值: 255
2026-06-23 17:21:58 [INFO] 图像最小值: 0
2026-06-23 17:21:58 [INFO] 开始保存检测结果图像: 图像尺寸=(2160, 3840, 3), 类型=uint8, 路径=C:\code\show\Scrap_Steel_In_Field\photos\dangerous_det\detection_20260623_172158.jpg
2026-06-23 17:21:58 [INFO] 成功保存检测结果到: C:\code\show\Scrap_Steel_In_Field\photos\dangerous_det\detection_20260623_172158.jpg
2026-06-23 17:21:58 [INFO] 保存的检测结果文件大小: 2277027 字节
2026-06-23 17:21:58 [INFO] 引擎上下文已释放
2026-06-23 17:21:58 [INFO] TensorRT 引擎已释放
2026-06-23 17:21:58 [INFO] 全局 CUDA 资源已释放
2026-06-23 17:21:58 [INFO] 检测系统资源已释放
2026-06-23 17:22:03 [INFO] CUDA 初始化成功
2026-06-23 17:22:03 [INFO] 引擎加载成功: dangerous.engine
2026-06-23 17:22:03 [INFO] 检测系统初始化成功
2026-06-23 17:22:03 [INFO] 图像预处理完成，原始尺寸: (2160, 3840)
2026-06-23 17:22:03 [INFO] 开始执行目标检测...
2026-06-23 17:22:03 [INFO] 检测完成，找到 5 个物体
2026-06-23 17:22:03 [INFO] 物体 1: GasCyl1 (置信度: 0.89)
2026-06-23 17:22:03 [INFO] 物体 2: GasCyl1 (置信度: 0.73)
2026-06-23 17:22:03 [INFO] 物体 3: FireExt1 (置信度: 0.57)
2026-06-23 17:22:03 [INFO] 物体 4: GasCyl1 (置信度: 0.55)
2026-06-23 17:22:03 [INFO] 物体 5: FireExt1 (置信度: 0.41)
2026-06-23 17:22:03 [INFO] 检测到车兜区域，将过滤区域外的目标
2026-06-23 17:22:03 [INFO] 车兜区域过滤: 5 -> 3 个目标
2026-06-23 17:22:03 [INFO] 准备保存检测结果到: C:\code\show\Scrap_Steel_In_Field\photos\dangerous_det\detection_20260623_172203.jpg
2026-06-23 17:22:03 [INFO] 图像形状: (2160, 3840, 3)
2026-06-23 17:22:03 [INFO] 图像数据类型: uint8
2026-06-23 17:22:03 [INFO] 图像最大值: 255
2026-06-23 17:22:03 [INFO] 图像最小值: 0
2026-06-23 17:22:03 [INFO] 开始保存检测结果图像: 图像尺寸=(2160, 3840, 3), 类型=uint8, 路径=C:\code\show\Scrap_Steel_In_Field\photos\dangerous_det\detection_20260623_172203.jpg
2026-06-23 17:22:03 [INFO] 成功保存检测结果到: C:\code\show\Scrap_Steel_In_Field\photos\dangerous_det\detection_20260623_172203.jpg
2026-06-23 17:22:03 [INFO] 保存的检测结果文件大小: 2274848 字节
2026-06-23 17:22:03 [INFO] 引擎上下文已释放
2026-06-23 17:22:03 [INFO] TensorRT 引擎已释放
2026-06-23 17:22:03 [INFO] 全局 CUDA 资源已释放
2026-06-23 17:22:03 [INFO] 检测系统资源已释放
2026-06-23 17:22:08 [INFO] CUDA 初始化成功
2026-06-23 17:22:08 [INFO] 引擎加载成功: dangerous.engine
2026-06-23 17:22:08 [INFO] 检测系统初始化成功
2026-06-23 17:22:08 [INFO] 图像预处理完成，原始尺寸: (2160, 3840)
2026-06-23 17:22:08 [INFO] 开始执行目标检测...
2026-06-23 17:22:08 [INFO] 检测完成，找到 5 个物体
2026-06-23 17:22:08 [INFO] 物体 1: GasCyl1 (置信度: 0.89)
2026-06-23 17:22:08 [INFO] 物体 2: GasCyl1 (置信度: 0.71)
2026-06-23 17:22:08 [INFO] 物体 3: FireExt1 (置信度: 0.56)
2026-06-23 17:22:08 [INFO] 物体 4: FireExt1 (置信度: 0.51)
2026-06-23 17:22:08 [INFO] 物体 5: FireExt1 (置信度: 0.38)
2026-06-23 17:22:09 [INFO] 检测到车兜区域，将过滤区域外的目标
2026-06-23 17:22:09 [INFO] 车兜区域过滤: 5 -> 3 个目标
2026-06-23 17:22:09 [INFO] 准备保存检测结果到: C:\code\show\Scrap_Steel_In_Field\photos\dangerous_det\detection_20260623_172209.jpg
2026-06-23 17:22:09 [INFO] 图像形状: (2160, 3840, 3)
2026-06-23 17:22:09 [INFO] 图像数据类型: uint8
2026-06-23 17:22:09 [INFO] 图像最大值: 255
2026-06-23 17:22:09 [INFO] 图像最小值: 0
2026-06-23 17:22:09 [INFO] 开始保存检测结果图像: 图像尺寸=(2160, 3840, 3), 类型=uint8, 路径=C:\code\show\Scrap_Steel_In_Field\photos\dangerous_det\detection_20260623_172209.jpg
2026-06-23 17:22:09 [INFO] 成功保存检测结果到: C:\code\show\Scrap_Steel_In_Field\photos\dangerous_det\detection_20260623_172209.jpg
2026-06-23 17:22:09 [INFO] 保存的检测结果文件大小: 2276896 字节
2026-06-23 17:22:09 [INFO] 引擎上下文已释放
2026-06-23 17:22:09 [INFO] TensorRT 引擎已释放
2026-06-23 17:22:09 [INFO] 全局 CUDA 资源已释放
2026-06-23 17:22:09 [INFO] 检测系统资源已释放
2026-06-23 17:22:14 [INFO] CUDA 初始化成功
2026-06-23 17:22:14 [INFO] 引擎加载成功: dangerous.engine
2026-06-23 17:22:14 [INFO] 检测系统初始化成功
2026-06-23 17:22:14 [INFO] 图像预处理完成，原始尺寸: (2160, 3840)
2026-06-23 17:22:14 [INFO] 开始执行目标检测...
2026-06-23 17:22:14 [INFO] 检测完成，找到 5 个物体
2026-06-23 17:22:14 [INFO] 物体 1: GasCyl1 (置信度: 0.90)
2026-06-23 17:22:14 [INFO] 物体 2: GasCyl1 (置信度: 0.69)
2026-06-23 17:22:14 [INFO] 物体 3: FireExt1 (置信度: 0.55)
2026-06-23 17:22:14 [INFO] 物体 4: GasCyl1 (置信度: 0.48)
2026-06-23 17:22:14 [INFO] 物体 5: FireExt1 (置信度: 0.45)
2026-06-23 17:22:14 [INFO] 检测到车兜区域，将过滤区域外的目标
2026-06-23 17:22:14 [INFO] 车兜区域过滤: 5 -> 3 个目标
2026-06-23 17:22:14 [INFO] 准备保存检测结果到: C:\code\show\Scrap_Steel_In_Field\photos\dangerous_det\detection_20260623_172214.jpg
2026-06-23 17:22:14 [INFO] 图像形状: (2160, 3840, 3)
2026-06-23 17:22:14 [INFO] 图像数据类型: uint8
2026-06-23 17:22:14 [INFO] 图像最大值: 255
2026-06-23 17:22:14 [INFO] 图像最小值: 0
2026-06-23 17:22:14 [INFO] 开始保存检测结果图像: 图像尺寸=(2160, 3840, 3), 类型=uint8, 路径=C:\code\show\Scrap_Steel_In_Field\photos\dangerous_det\detection_20260623_172214.jpg
2026-06-23 17:22:14 [INFO] 成功保存检测结果到: C:\code\show\Scrap_Steel_In_Field\photos\dangerous_det\detection_20260623_172214.jpg
2026-06-23 17:22:14 [INFO] 保存的检测结果文件大小: 2276406 字节
2026-06-23 17:22:14 [INFO] 引擎上下文已释放
2026-06-23 17:22:14 [INFO] TensorRT 引擎已释放
2026-06-23 17:22:14 [INFO] 全局 CUDA 资源已释放
2026-06-23 17:22:14 [INFO] 检测系统资源已释放
2026-06-23 17:22:19 [INFO] CUDA 初始化成功
2026-06-23 17:22:19 [INFO] 引擎加载成功: dangerous.engine
2026-06-23 17:22:19 [INFO] 检测系统初始化成功
2026-06-23 17:22:19 [INFO] 图像预处理完成，原始尺寸: (2160, 3840)
2026-06-23 17:22:19 [INFO] 开始执行目标检测...
2026-06-23 17:22:19 [INFO] 检测完成，找到 4 个物体
2026-06-23 17:22:19 [INFO] 物体 1: GasCyl1 (置信度: 0.89)
2026-06-23 17:22:19 [INFO] 物体 2: GasCyl1 (置信度: 0.65)
2026-06-23 17:22:19 [INFO] 物体 3: FireExt1 (置信度: 0.54)
2026-06-23 17:22:19 [INFO] 物体 4: FireExt1 (置信度: 0.48)
2026-06-23 17:22:19 [INFO] 检测到车兜区域，将过滤区域外的目标
2026-06-23 17:22:19 [INFO] 车兜区域过滤: 4 -> 3 个目标
2026-06-23 17:22:19 [INFO] 准备保存检测结果到: C:\code\show\Scrap_Steel_In_Field\photos\dangerous_det\detection_20260623_172219.jpg
2026-06-23 17:22:19 [INFO] 图像形状: (2160, 3840, 3)
2026-06-23 17:22:19 [INFO] 图像数据类型: uint8
2026-06-23 17:22:19 [INFO] 图像最大值: 255
2026-06-23 17:22:19 [INFO] 图像最小值: 0
2026-06-23 17:22:19 [INFO] 开始保存检测结果图像: 图像尺寸=(2160, 3840, 3), 类型=uint8, 路径=C:\code\show\Scrap_Steel_In_Field\photos\dangerous_det\detection_20260623_172219.jpg
2026-06-23 17:22:19 [INFO] 成功保存检测结果到: C:\code\show\Scrap_Steel_In_Field\photos\dangerous_det\detection_20260623_172219.jpg
2026-06-23 17:22:19 [INFO] 保存的检测结果文件大小: 2277791 字节
2026-06-23 17:22:19 [INFO] 引擎上下文已释放
2026-06-23 17:22:19 [INFO] TensorRT 引擎已释放
2026-06-23 17:22:19 [INFO] 全局 CUDA 资源已释放
2026-06-23 17:22:19 [INFO] 检测系统资源已释放
2026-06-23 17:22:24 [INFO] CUDA 初始化成功
2026-06-23 17:22:24 [INFO] 引擎加载成功: dangerous.engine
2026-06-23 17:22:24 [INFO] 检测系统初始化成功
2026-06-23 17:22:24 [INFO] 图像预处理完成，原始尺寸: (2160, 3840)
2026-06-23 17:22:24 [INFO] 开始执行目标检测...
2026-06-23 17:22:24 [INFO] 检测完成，找到 5 个物体
2026-06-23 17:22:24 [INFO] 物体 1: GasCyl1 (置信度: 0.90)
2026-06-23 17:22:24 [INFO] 物体 2: GasCyl1 (置信度: 0.78)
2026-06-23 17:22:24 [INFO] 物体 3: FireExt1 (置信度: 0.56)
2026-06-23 17:22:24 [INFO] 物体 4: FireExt1 (置信度: 0.47)
2026-06-23 17:22:24 [INFO] 物体 5: FireExt1 (置信度: 0.40)
2026-06-23 17:22:24 [INFO] 检测到车兜区域，将过滤区域外的目标
2026-06-23 17:22:24 [INFO] 车兜区域过滤: 5 -> 3 个目标
2026-06-23 17:22:24 [INFO] 准备保存检测结果到: C:\code\show\Scrap_Steel_In_Field\photos\dangerous_det\detection_20260623_172224.jpg
2026-06-23 17:22:24 [INFO] 图像形状: (2160, 3840, 3)
2026-06-23 17:22:24 [INFO] 图像数据类型: uint8
2026-06-23 17:22:24 [INFO] 图像最大值: 255
2026-06-23 17:22:24 [INFO] 图像最小值: 0
2026-06-23 17:22:24 [INFO] 开始保存检测结果图像: 图像尺寸=(2160, 3840, 3), 类型=uint8, 路径=C:\code\show\Scrap_Steel_In_Field\photos\dangerous_det\detection_20260623_172224.jpg
2026-06-23 17:22:24 [INFO] 成功保存检测结果到: C:\code\show\Scrap_Steel_In_Field\photos\dangerous_det\detection_20260623_172224.jpg
2026-06-23 17:22:24 [INFO] 保存的检测结果文件大小: 2276230 字节
2026-06-23 17:22:24 [INFO] 引擎上下文已释放
2026-06-23 17:22:24 [INFO] TensorRT 引擎已释放
2026-06-23 17:22:24 [INFO] 全局 CUDA 资源已释放
2026-06-23 17:22:24 [INFO] 检测系统资源已释放
2026-06-23 17:22:30 [INFO] CUDA 初始化成功
2026-06-23 17:22:30 [INFO] 引擎加载成功: dangerous.engine
2026-06-23 17:22:30 [INFO] 检测系统初始化成功
2026-06-23 17:22:30 [INFO] 图像预处理完成，原始尺寸: (2160, 3840)
2026-06-23 17:22:30 [INFO] 开始执行目标检测...
2026-06-23 17:22:30 [INFO] 检测完成，找到 5 个物体
2026-06-23 17:22:30 [INFO] 物体 1: GasCyl1 (置信度: 0.90)
2026-06-23 17:22:30 [INFO] 物体 2: GasCyl1 (置信度: 0.78)
2026-06-23 17:22:30 [INFO] 物体 3: FireExt1 (置信度: 0.48)
2026-06-23 17:22:30 [INFO] 物体 4: GasCyl1 (置信度: 0.41)
2026-06-23 17:22:30 [INFO] 物体 5: FireExt1 (置信度: 0.41)
2026-06-23 17:22:30 [INFO] 检测到车兜区域，将过滤区域外的目标
2026-06-23 17:22:30 [INFO] 车兜区域过滤: 5 -> 3 个目标
2026-06-23 17:22:30 [INFO] 准备保存检测结果到: C:\code\show\Scrap_Steel_In_Field\photos\dangerous_det\detection_20260623_172230.jpg
2026-06-23 17:22:30 [INFO] 图像形状: (2160, 3840, 3)
2026-06-23 17:22:30 [INFO] 图像数据类型: uint8
2026-06-23 17:22:30 [INFO] 图像最大值: 255
2026-06-23 17:22:30 [INFO] 图像最小值: 0
2026-06-23 17:22:30 [INFO] 开始保存检测结果图像: 图像尺寸=(2160, 3840, 3), 类型=uint8, 路径=C:\code\show\Scrap_Steel_In_Field\photos\dangerous_det\detection_20260623_172230.jpg
2026-06-23 17:22:30 [INFO] 成功保存检测结果到: C:\code\show\Scrap_Steel_In_Field\photos\dangerous_det\detection_20260623_172230.jpg
2026-06-23 17:22:30 [INFO] 保存的检测结果文件大小: 2075370 字节
2026-06-23 17:22:30 [INFO] 引擎上下文已释放
2026-06-23 17:22:30 [INFO] TensorRT 引擎已释放
2026-06-23 17:22:30 [INFO] 全局 CUDA 资源已释放
2026-06-23 17:22:30 [INFO] 检测系统资源已释放
2026-06-23 17:22:35 [INFO] CUDA 初始化成功
2026-06-23 17:22:35 [INFO] 引擎加载成功: dangerous.engine
2026-06-23 17:22:35 [INFO] 检测系统初始化成功
2026-06-23 17:22:35 [INFO] 图像预处理完成，原始尺寸: (2160, 3840)
2026-06-23 17:22:35 [INFO] 开始执行目标检测...
2026-06-23 17:22:35 [INFO] 检测完成，找到 5 个物体
2026-06-23 17:22:35 [INFO] 物体 1: GasCyl1 (置信度: 0.90)
2026-06-23 17:22:35 [INFO] 物体 2: GasCyl1 (置信度: 0.68)
2026-06-23 17:22:35 [INFO] 物体 3: FireExt1 (置信度: 0.59)
2026-06-23 17:22:35 [INFO] 物体 4: GasCyl1 (置信度: 0.49)
2026-06-23 17:22:35 [INFO] 物体 5: FireExt1 (置信度: 0.44)
2026-06-23 17:22:35 [INFO] 检测到车兜区域，将过滤区域外的目标
2026-06-23 17:22:35 [INFO] 车兜区域过滤: 5 -> 3 个目标
2026-06-23 17:22:35 [INFO] 准备保存检测结果到: C:\code\show\Scrap_Steel_In_Field\photos\dangerous_det\detection_20260623_172235.jpg
2026-06-23 17:22:35 [INFO] 图像形状: (2160, 3840, 3)
2026-06-23 17:22:35 [INFO] 图像数据类型: uint8
2026-06-23 17:22:35 [INFO] 图像最大值: 255
2026-06-23 17:22:35 [INFO] 图像最小值: 0
2026-06-23 17:22:35 [INFO] 开始保存检测结果图像: 图像尺寸=(2160, 3840, 3), 类型=uint8, 路径=C:\code\show\Scrap_Steel_In_Field\photos\dangerous_det\detection_20260623_172235.jpg
2026-06-23 17:22:35 [INFO] 成功保存检测结果到: C:\code\show\Scrap_Steel_In_Field\photos\dangerous_det\detection_20260623_172235.jpg
2026-06-23 17:22:35 [INFO] 保存的检测结果文件大小: 2280772 字节
2026-06-23 17:22:35 [INFO] 引擎上下文已释放
2026-06-23 17:22:35 [INFO] TensorRT 引擎已释放
2026-06-23 17:22:35 [INFO] 全局 CUDA 资源已释放
2026-06-23 17:22:35 [INFO] 检测系统资源已释放
2026-06-23 17:22:41 [INFO] CUDA 初始化成功
2026-06-23 17:22:41 [INFO] 引擎加载成功: dangerous.engine
2026-06-23 17:22:41 [INFO] 检测系统初始化成功
2026-06-23 17:22:41 [INFO] 图像预处理完成，原始尺寸: (2160, 3840)
2026-06-23 17:22:41 [INFO] 开始执行目标检测...
2026-06-23 17:22:41 [INFO] 检测完成，找到 5 个物体
2026-06-23 17:22:41 [INFO] 物体 1: GasCyl1 (置信度: 0.90)
2026-06-23 17:22:41 [INFO] 物体 2: GasCyl1 (置信度: 0.68)
2026-06-23 17:22:41 [INFO] 物体 3: FireExt1 (置信度: 0.60)
2026-06-23 17:22:41 [INFO] 物体 4: GasCyl1 (置信度: 0.47)
2026-06-23 17:22:41 [INFO] 物体 5: FireExt1 (置信度: 0.41)
2026-06-23 17:22:41 [INFO] 检测到车兜区域，将过滤区域外的目标
2026-06-23 17:22:41 [INFO] 车兜区域过滤: 5 -> 3 个目标
2026-06-23 17:22:41 [INFO] 准备保存检测结果到: C:\code\show\Scrap_Steel_In_Field\photos\dangerous_det\detection_20260623_172241.jpg
2026-06-23 17:22:41 [INFO] 图像形状: (2160, 3840, 3)
2026-06-23 17:22:41 [INFO] 图像数据类型: uint8
2026-06-23 17:22:41 [INFO] 图像最大值: 255
2026-06-23 17:22:41 [INFO] 图像最小值: 0
2026-06-23 17:22:41 [INFO] 开始保存检测结果图像: 图像尺寸=(2160, 3840, 3), 类型=uint8, 路径=C:\code\show\Scrap_Steel_In_Field\photos\dangerous_det\detection_20260623_172241.jpg
2026-06-23 17:22:41 [INFO] 成功保存检测结果到: C:\code\show\Scrap_Steel_In_Field\photos\dangerous_det\detection_20260623_172241.jpg
2026-06-23 17:22:41 [INFO] 保存的检测结果文件大小: 2298567 字节
2026-06-23 17:22:41 [INFO] 引擎上下文已释放
2026-06-23 17:22:41 [INFO] TensorRT 引擎已释放
2026-06-23 17:22:41 [INFO] 全局 CUDA 资源已释放
2026-06-23 17:22:41 [INFO] 检测系统资源已释放
2026-06-23 17:22:45 [INFO] CUDA 初始化成功
2026-06-23 17:22:45 [INFO] 引擎加载成功: dangerous.engine
2026-06-23 17:22:45 [INFO] 检测系统初始化成功
2026-06-23 17:22:46 [INFO] 图像预处理完成，原始尺寸: (2160, 3840)
2026-06-23 17:22:46 [INFO] 开始执行目标检测...
2026-06-23 17:22:46 [INFO] 检测完成，找到 5 个物体
2026-06-23 17:22:46 [INFO] 物体 1: GasCyl1 (置信度: 0.90)
2026-06-23 17:22:46 [INFO] 物体 2: GasCyl1 (置信度: 0.79)
2026-06-23 17:22:46 [INFO] 物体 3: FireExt1 (置信度: 0.59)
2026-06-23 17:22:46 [INFO] 物体 4: FireExt1 (置信度: 0.44)
2026-06-23 17:22:46 [INFO] 物体 5: GasCyl1 (置信度: 0.40)
2026-06-23 17:22:46 [INFO] 检测到车兜区域，将过滤区域外的目标
2026-06-23 17:22:46 [INFO] 车兜区域过滤: 5 -> 3 个目标
2026-06-23 17:22:46 [INFO] 准备保存检测结果到: C:\code\show\Scrap_Steel_In_Field\photos\dangerous_det\detection_20260623_172246.jpg
2026-06-23 17:22:46 [INFO] 图像形状: (2160, 3840, 3)
2026-06-23 17:22:46 [INFO] 图像数据类型: uint8
2026-06-23 17:22:46 [INFO] 图像最大值: 255
2026-06-23 17:22:46 [INFO] 图像最小值: 0
2026-06-23 17:22:46 [INFO] 开始保存检测结果图像: 图像尺寸=(2160, 3840, 3), 类型=uint8, 路径=C:\code\show\Scrap_Steel_In_Field\photos\dangerous_det\detection_20260623_172246.jpg
2026-06-23 17:22:46 [INFO] 成功保存检测结果到: C:\code\show\Scrap_Steel_In_Field\photos\dangerous_det\detection_20260623_172246.jpg
2026-06-23 17:22:46 [INFO] 保存的检测结果文件大小: 2294615 字节
2026-06-23 17:22:46 [INFO] 引擎上下文已释放
2026-06-23 17:22:46 [INFO] TensorRT 引擎已释放
2026-06-23 17:22:46 [INFO] 全局 CUDA 资源已释放
2026-06-23 17:22:46 [INFO] 检测系统资源已释放
