2026-06-04 18:45:24 [INFO] CUDA 初始化成功
2026-06-04 18:45:24 [INFO] 引擎加载成功: dangerous.engine
2026-06-04 18:45:24 [INFO] 检测系统初始化成功
2026-06-04 18:45:26 [INFO] 引擎加载成功: dangerous.engine
2026-06-04 18:45:26 [INFO] 检测系统初始化成功
2026-06-04 18:45:26 [INFO] 图像预处理完成，原始尺寸: (2160, 3840)
2026-06-04 18:45:26 [INFO] 开始执行目标检测...
2026-06-04 18:45:26 [INFO] 检测完成，找到 0 个物体
2026-06-04 18:45:26 [INFO] 检测到车兜区域，将过滤区域外的目标
2026-06-04 18:45:26 [INFO] 引擎上下文已释放
2026-06-04 18:45:26 [INFO] TensorRT 引擎已释放
2026-06-04 18:45:26 [INFO] 全局 CUDA 资源已释放
2026-06-04 18:45:26 [INFO] 检测系统资源已释放
2026-06-04 18:45:31 [INFO] CUDA 初始化成功
2026-06-04 18:45:32 [INFO] 引擎加载成功: dangerous.engine
2026-06-04 18:45:32 [INFO] 检测系统初始化成功
2026-06-04 18:45:32 [INFO] 图像预处理完成，原始尺寸: (2160, 3840)
2026-06-04 18:45:32 [INFO] 开始执行目标检测...
2026-06-04 18:45:32 [INFO] 检测完成，找到 3 个物体
2026-06-04 18:45:32 [INFO] 物体 1: GasCyl1 (置信度: 0.90)
2026-06-04 18:45:32 [INFO] 物体 2: GasCyl1 (置信度: 0.85)
2026-06-04 18:45:32 [INFO] 物体 3: FireExt1 (置信度: 0.42)
2026-06-04 18:45:32 [INFO] 检测到车兜区域，将过滤区域外的目标
2026-06-04 18:45:32 [INFO] 准备保存检测结果到: C:\code\show\Scrap_Steel_In_Field\photos\dangerous_det\detection_20260604_184532.jpg
2026-06-04 18:45:32 [INFO] 图像形状: (2160, 3840, 3)
2026-06-04 18:45:32 [INFO] 图像数据类型: uint8
2026-06-04 18:45:32 [INFO] 图像最大值: 255
2026-06-04 18:45:32 [INFO] 图像最小值: 0
2026-06-04 18:45:32 [INFO] 开始保存检测结果图像: 图像尺寸=(2160, 3840, 3), 类型=uint8, 路径=C:\code\show\Scrap_Steel_In_Field\photos\dangerous_det\detection_20260604_184532.jpg
2026-06-04 18:45:32 [INFO] 成功保存检测结果到: C:\code\show\Scrap_Steel_In_Field\photos\dangerous_det\detection_20260604_184532.jpg
2026-06-04 18:45:32 [INFO] 保存的检测结果文件大小: 2138872 字节
2026-06-04 18:45:32 [INFO] 引擎上下文已释放
2026-06-04 18:45:32 [INFO] TensorRT 引擎已释放
2026-06-04 18:45:32 [INFO] 全局 CUDA 资源已释放
2026-06-04 18:45:32 [INFO] 检测系统资源已释放
2026-06-04 18:45:37 [INFO] CUDA 初始化成功
2026-06-04 18:45:37 [INFO] 引擎加载成功: dangerous.engine
2026-06-04 18:45:37 [INFO] 检测系统初始化成功
2026-06-04 18:45:37 [INFO] 图像预处理完成，原始尺寸: (2160, 3840)
2026-06-04 18:45:37 [INFO] 开始执行目标检测...
2026-06-04 18:45:37 [INFO] 检测完成，找到 3 个物体
2026-06-04 18:45:37 [INFO] 物体 1: GasCyl1 (置信度: 0.90)
2026-06-04 18:45:37 [INFO] 物体 2: GasCyl1 (置信度: 0.81)
2026-06-04 18:45:37 [INFO] 物体 3: FireExt1 (置信度: 0.44)
2026-06-04 18:45:37 [INFO] 检测到车兜区域，将过滤区域外的目标
2026-06-04 18:45:37 [INFO] 准备保存检测结果到: C:\code\show\Scrap_Steel_In_Field\photos\dangerous_det\detection_20260604_184537.jpg
2026-06-04 18:45:37 [INFO] 图像形状: (2160, 3840, 3)
2026-06-04 18:45:37 [INFO] 图像数据类型: uint8
2026-06-04 18:45:37 [INFO] 图像最大值: 255
2026-06-04 18:45:37 [INFO] 图像最小值: 0
2026-06-04 18:45:37 [INFO] 开始保存检测结果图像: 图像尺寸=(2160, 3840, 3), 类型=uint8, 路径=C:\code\show\Scrap_Steel_In_Field\photos\dangerous_det\detection_20260604_184537.jpg
2026-06-04 18:45:37 [INFO] 成功保存检测结果到: C:\code\show\Scrap_Steel_In_Field\photos\dangerous_det\detection_20260604_184537.jpg
2026-06-04 18:45:37 [INFO] 保存的检测结果文件大小: 2141698 字节
2026-06-04 18:45:37 [INFO] 引擎上下文已释放
2026-06-04 18:45:37 [INFO] TensorRT 引擎已释放
2026-06-04 18:45:37 [INFO] 全局 CUDA 资源已释放
2026-06-04 18:45:37 [INFO] 检测系统资源已释放
2026-06-04 18:45:42 [INFO] CUDA 初始化成功
2026-06-04 18:45:42 [INFO] 引擎加载成功: dangerous.engine
2026-06-04 18:45:42 [INFO] 检测系统初始化成功
2026-06-04 18:45:42 [INFO] 图像预处理完成，原始尺寸: (2160, 3840)
2026-06-04 18:45:42 [INFO] 开始执行目标检测...
2026-06-04 18:45:42 [INFO] 检测完成，找到 3 个物体
2026-06-04 18:45:42 [INFO] 物体 1: GasCyl1 (置信度: 0.90)
2026-06-04 18:45:42 [INFO] 物体 2: GasCyl1 (置信度: 0.82)
2026-06-04 18:45:42 [INFO] 物体 3: FireExt1 (置信度: 0.45)
2026-06-04 18:45:42 [INFO] 检测到车兜区域，将过滤区域外的目标
2026-06-04 18:45:42 [INFO] 准备保存检测结果到: C:\code\show\Scrap_Steel_In_Field\photos\dangerous_det\detection_20260604_184542.jpg
2026-06-04 18:45:42 [INFO] 图像形状: (2160, 3840, 3)
2026-06-04 18:45:42 [INFO] 图像数据类型: uint8
2026-06-04 18:45:42 [INFO] 图像最大值: 255
2026-06-04 18:45:42 [INFO] 图像最小值: 0
2026-06-04 18:45:42 [INFO] 开始保存检测结果图像: 图像尺寸=(2160, 3840, 3), 类型=uint8, 路径=C:\code\show\Scrap_Steel_In_Field\photos\dangerous_det\detection_20260604_184542.jpg
2026-06-04 18:45:42 [INFO] 成功保存检测结果到: C:\code\show\Scrap_Steel_In_Field\photos\dangerous_det\detection_20260604_184542.jpg
2026-06-04 18:45:42 [INFO] 保存的检测结果文件大小: 2145038 字节
2026-06-04 18:45:42 [INFO] 引擎上下文已释放
2026-06-04 18:45:42 [INFO] TensorRT 引擎已释放
2026-06-04 18:45:42 [INFO] 全局 CUDA 资源已释放
2026-06-04 18:45:42 [INFO] 检测系统资源已释放
2026-06-04 18:45:48 [INFO] CUDA 初始化成功
2026-06-04 18:45:48 [INFO] 引擎加载成功: dangerous.engine
2026-06-04 18:45:48 [INFO] 检测系统初始化成功
2026-06-04 18:45:48 [INFO] 图像预处理完成，原始尺寸: (2160, 3840)
2026-06-04 18:45:48 [INFO] 开始执行目标检测...
2026-06-04 18:45:48 [INFO] 检测完成，找到 3 个物体
2026-06-04 18:45:48 [INFO] 物体 1: GasCyl1 (置信度: 0.90)
2026-06-04 18:45:48 [INFO] 物体 2: GasCyl1 (置信度: 0.83)
2026-06-04 18:45:48 [INFO] 物体 3: FireExt1 (置信度: 0.46)
2026-06-04 18:45:48 [INFO] 检测到车兜区域，将过滤区域外的目标
2026-06-04 18:45:48 [INFO] 准备保存检测结果到: C:\code\show\Scrap_Steel_In_Field\photos\dangerous_det\detection_20260604_184548.jpg
2026-06-04 18:45:48 [INFO] 图像形状: (2160, 3840, 3)
2026-06-04 18:45:48 [INFO] 图像数据类型: uint8
2026-06-04 18:45:48 [INFO] 图像最大值: 255
2026-06-04 18:45:48 [INFO] 图像最小值: 0
2026-06-04 18:45:48 [INFO] 开始保存检测结果图像: 图像尺寸=(2160, 3840, 3), 类型=uint8, 路径=C:\code\show\Scrap_Steel_In_Field\photos\dangerous_det\detection_20260604_184548.jpg
2026-06-04 18:45:48 [INFO] 成功保存检测结果到: C:\code\show\Scrap_Steel_In_Field\photos\dangerous_det\detection_20260604_184548.jpg
2026-06-04 18:45:48 [INFO] 保存的检测结果文件大小: 2140152 字节
2026-06-04 18:45:48 [INFO] 引擎上下文已释放
2026-06-04 18:45:48 [INFO] TensorRT 引擎已释放
2026-06-04 18:45:48 [INFO] 全局 CUDA 资源已释放
2026-06-04 18:45:48 [INFO] 检测系统资源已释放
2026-06-04 18:45:53 [INFO] CUDA 初始化成功
2026-06-04 18:45:53 [INFO] 引擎加载成功: dangerous.engine
2026-06-04 18:45:53 [INFO] 检测系统初始化成功
2026-06-04 18:45:53 [INFO] 图像预处理完成，原始尺寸: (2160, 3840)
2026-06-04 18:45:53 [INFO] 开始执行目标检测...
2026-06-04 18:45:53 [INFO] 检测完成，找到 3 个物体
2026-06-04 18:45:53 [INFO] 物体 1: GasCyl1 (置信度: 0.89)
2026-06-04 18:45:53 [INFO] 物体 2: GasCyl1 (置信度: 0.77)
2026-06-04 18:45:53 [INFO] 物体 3: FireExt1 (置信度: 0.44)
2026-06-04 18:45:53 [INFO] 检测到车兜区域，将过滤区域外的目标
2026-06-04 18:45:53 [INFO] 准备保存检测结果到: C:\code\show\Scrap_Steel_In_Field\photos\dangerous_det\detection_20260604_184553.jpg
2026-06-04 18:45:53 [INFO] 图像形状: (2160, 3840, 3)
2026-06-04 18:45:53 [INFO] 图像数据类型: uint8
2026-06-04 18:45:53 [INFO] 图像最大值: 255
2026-06-04 18:45:53 [INFO] 图像最小值: 0
2026-06-04 18:45:53 [INFO] 开始保存检测结果图像: 图像尺寸=(2160, 3840, 3), 类型=uint8, 路径=C:\code\show\Scrap_Steel_In_Field\photos\dangerous_det\detection_20260604_184553.jpg
2026-06-04 18:45:53 [INFO] 成功保存检测结果到: C:\code\show\Scrap_Steel_In_Field\photos\dangerous_det\detection_20260604_184553.jpg
2026-06-04 18:45:53 [INFO] 保存的检测结果文件大小: 2141888 字节
2026-06-04 18:45:53 [INFO] 引擎上下文已释放
2026-06-04 18:45:53 [INFO] TensorRT 引擎已释放
2026-06-04 18:45:53 [INFO] 全局 CUDA 资源已释放
2026-06-04 18:45:53 [INFO] 检测系统资源已释放
2026-06-04 18:46:02 [INFO] CUDA 初始化成功
2026-06-04 18:46:03 [INFO] 引擎加载成功: dangerous.engine
2026-06-04 18:46:03 [INFO] 检测系统初始化成功
2026-06-04 18:46:03 [INFO] 图像预处理完成，原始尺寸: (2160, 3840)
2026-06-04 18:46:03 [INFO] 开始执行目标检测...
2026-06-04 18:46:03 [INFO] 检测完成，找到 3 个物体
2026-06-04 18:46:03 [INFO] 物体 1: GasCyl1 (置信度: 0.89)
2026-06-04 18:46:03 [INFO] 物体 2: GasCyl1 (置信度: 0.81)
2026-06-04 18:46:03 [INFO] 物体 3: FireExt1 (置信度: 0.40)
2026-06-04 18:46:03 [INFO] 检测到车兜区域，将过滤区域外的目标
2026-06-04 18:46:03 [INFO] 准备保存检测结果到: C:\code\show\Scrap_Steel_In_Field\photos\dangerous_det\detection_20260604_184603.jpg
2026-06-04 18:46:03 [INFO] 图像形状: (2160, 3840, 3)
2026-06-04 18:46:03 [INFO] 图像数据类型: uint8
2026-06-04 18:46:03 [INFO] 图像最大值: 255
2026-06-04 18:46:03 [INFO] 图像最小值: 0
2026-06-04 18:46:03 [INFO] 开始保存检测结果图像: 图像尺寸=(2160, 3840, 3), 类型=uint8, 路径=C:\code\show\Scrap_Steel_In_Field\photos\dangerous_det\detection_20260604_184603.jpg
2026-06-04 18:46:03 [INFO] 成功保存检测结果到: C:\code\show\Scrap_Steel_In_Field\photos\dangerous_det\detection_20260604_184603.jpg
2026-06-04 18:46:03 [INFO] 保存的检测结果文件大小: 2144250 字节
2026-06-04 18:46:03 [INFO] 引擎上下文已释放
2026-06-04 18:46:03 [INFO] TensorRT 引擎已释放
2026-06-04 18:46:03 [INFO] 全局 CUDA 资源已释放
2026-06-04 18:46:03 [INFO] 检测系统资源已释放
2026-06-04 18:46:07 [INFO] CUDA 初始化成功
2026-06-04 18:46:07 [INFO] 引擎加载成功: dangerous.engine
2026-06-04 18:46:07 [INFO] 检测系统初始化成功
2026-06-04 18:46:07 [INFO] 图像预处理完成，原始尺寸: (2160, 3840)
2026-06-04 18:46:07 [INFO] 开始执行目标检测...
2026-06-04 18:46:07 [INFO] 检测完成，找到 3 个物体
2026-06-04 18:46:07 [INFO] 物体 1: GasCyl1 (置信度: 0.89)
2026-06-04 18:46:07 [INFO] 物体 2: GasCyl1 (置信度: 0.82)
2026-06-04 18:46:07 [INFO] 物体 3: FireExt1 (置信度: 0.39)
2026-06-04 18:46:07 [INFO] 检测到车兜区域，将过滤区域外的目标
2026-06-04 18:46:07 [INFO] 准备保存检测结果到: C:\code\show\Scrap_Steel_In_Field\photos\dangerous_det\detection_20260604_184607.jpg
2026-06-04 18:46:07 [INFO] 图像形状: (2160, 3840, 3)
2026-06-04 18:46:07 [INFO] 图像数据类型: uint8
2026-06-04 18:46:07 [INFO] 图像最大值: 255
2026-06-04 18:46:07 [INFO] 图像最小值: 0
2026-06-04 18:46:07 [INFO] 开始保存检测结果图像: 图像尺寸=(2160, 3840, 3), 类型=uint8, 路径=C:\code\show\Scrap_Steel_In_Field\photos\dangerous_det\detection_20260604_184607.jpg
2026-06-04 18:46:07 [INFO] 成功保存检测结果到: C:\code\show\Scrap_Steel_In_Field\photos\dangerous_det\detection_20260604_184607.jpg
2026-06-04 18:46:07 [INFO] 保存的检测结果文件大小: 2121386 字节
2026-06-04 18:46:07 [INFO] 引擎上下文已释放
2026-06-04 18:46:07 [INFO] TensorRT 引擎已释放
2026-06-04 18:46:07 [INFO] 全局 CUDA 资源已释放
2026-06-04 18:46:07 [INFO] 检测系统资源已释放
2026-06-04 18:46:13 [INFO] CUDA 初始化成功
2026-06-04 18:46:13 [INFO] 引擎加载成功: dangerous.engine
2026-06-04 18:46:13 [INFO] 检测系统初始化成功
2026-06-04 18:46:13 [INFO] 图像预处理完成，原始尺寸: (2160, 3840)
2026-06-04 18:46:13 [INFO] 开始执行目标检测...
2026-06-04 18:46:13 [INFO] 检测完成，找到 3 个物体
2026-06-04 18:46:13 [INFO] 物体 1: GasCyl1 (置信度: 0.84)
2026-06-04 18:46:13 [INFO] 物体 2: GasCyl1 (置信度: 0.74)
2026-06-04 18:46:13 [INFO] 物体 3: FireExt1 (置信度: 0.37)
2026-06-04 18:46:13 [INFO] 准备保存检测结果到: C:\code\show\Scrap_Steel_In_Field\photos\dangerous_det\detection_20260604_184613.jpg
2026-06-04 18:46:13 [INFO] 图像形状: (2160, 3840, 3)
2026-06-04 18:46:13 [INFO] 图像数据类型: uint8
2026-06-04 18:46:13 [INFO] 图像最大值: 255
2026-06-04 18:46:13 [INFO] 图像最小值: 0
2026-06-04 18:46:13 [INFO] 开始保存检测结果图像: 图像尺寸=(2160, 3840, 3), 类型=uint8, 路径=C:\code\show\Scrap_Steel_In_Field\photos\dangerous_det\detection_20260604_184613.jpg
2026-06-04 18:46:13 [INFO] 成功保存检测结果到: C:\code\show\Scrap_Steel_In_Field\photos\dangerous_det\detection_20260604_184613.jpg
2026-06-04 18:46:13 [INFO] 保存的检测结果文件大小: 1833765 字节
2026-06-04 18:46:13 [INFO] 引擎上下文已释放
2026-06-04 18:46:13 [INFO] TensorRT 引擎已释放
2026-06-04 18:46:13 [INFO] 全局 CUDA 资源已释放
2026-06-04 18:46:13 [INFO] 检测系统资源已释放
2026-06-04 18:46:18 [INFO] CUDA 初始化成功
2026-06-04 18:46:18 [INFO] 引擎加载成功: dangerous.engine
2026-06-04 18:46:18 [INFO] 检测系统初始化成功
2026-06-04 18:46:18 [INFO] 图像预处理完成，原始尺寸: (2160, 3840)
2026-06-04 18:46:18 [INFO] 开始执行目标检测...
2026-06-04 18:46:18 [INFO] 检测完成，找到 4 个物体
2026-06-04 18:46:18 [INFO] 物体 1: GasCyl1 (置信度: 0.90)
2026-06-04 18:46:18 [INFO] 物体 2: GasCyl1 (置信度: 0.74)
2026-06-04 18:46:18 [INFO] 物体 3: FireExt1 (置信度: 0.42)
2026-06-04 18:46:18 [INFO] 物体 4: GasCyl1 (置信度: 0.38)
2026-06-04 18:46:18 [INFO] 检测到车兜区域，将过滤区域外的目标
2026-06-04 18:46:18 [INFO] 准备保存检测结果到: C:\code\show\Scrap_Steel_In_Field\photos\dangerous_det\detection_20260604_184618.jpg
2026-06-04 18:46:18 [INFO] 图像形状: (2160, 3840, 3)
2026-06-04 18:46:18 [INFO] 图像数据类型: uint8
2026-06-04 18:46:18 [INFO] 图像最大值: 255
2026-06-04 18:46:18 [INFO] 图像最小值: 0
2026-06-04 18:46:18 [INFO] 开始保存检测结果图像: 图像尺寸=(2160, 3840, 3), 类型=uint8, 路径=C:\code\show\Scrap_Steel_In_Field\photos\dangerous_det\detection_20260604_184618.jpg
2026-06-04 18:46:18 [INFO] 成功保存检测结果到: C:\code\show\Scrap_Steel_In_Field\photos\dangerous_det\detection_20260604_184618.jpg
2026-06-04 18:46:18 [INFO] 保存的检测结果文件大小: 1461241 字节
2026-06-04 18:46:18 [INFO] 引擎上下文已释放
2026-06-04 18:46:18 [INFO] TensorRT 引擎已释放
2026-06-04 18:46:18 [INFO] 全局 CUDA 资源已释放
2026-06-04 18:46:18 [INFO] 检测系统资源已释放
2026-06-04 18:46:24 [INFO] CUDA 初始化成功
2026-06-04 18:46:24 [INFO] 引擎加载成功: dangerous.engine
2026-06-04 18:46:24 [INFO] 检测系统初始化成功
2026-06-04 18:46:24 [INFO] 图像预处理完成，原始尺寸: (2160, 3840)
2026-06-04 18:46:24 [INFO] 开始执行目标检测...
2026-06-04 18:46:24 [INFO] 检测完成，找到 4 个物体
2026-06-04 18:46:24 [INFO] 物体 1: GasCyl1 (置信度: 0.90)
2026-06-04 18:46:24 [INFO] 物体 2: GasCyl1 (置信度: 0.80)
2026-06-04 18:46:24 [INFO] 物体 3: FireExt1 (置信度: 0.43)
2026-06-04 18:46:24 [INFO] 物体 4: GasCyl1 (置信度: 0.39)
2026-06-04 18:46:24 [INFO] 检测到车兜区域，将过滤区域外的目标
2026-06-04 18:46:24 [INFO] 准备保存检测结果到: C:\code\show\Scrap_Steel_In_Field\photos\dangerous_det\detection_20260604_184624.jpg
2026-06-04 18:46:24 [INFO] 图像形状: (2160, 3840, 3)
2026-06-04 18:46:24 [INFO] 图像数据类型: uint8
2026-06-04 18:46:24 [INFO] 图像最大值: 255
2026-06-04 18:46:24 [INFO] 图像最小值: 0
2026-06-04 18:46:24 [INFO] 开始保存检测结果图像: 图像尺寸=(2160, 3840, 3), 类型=uint8, 路径=C:\code\show\Scrap_Steel_In_Field\photos\dangerous_det\detection_20260604_184624.jpg
2026-06-04 18:46:24 [INFO] 成功保存检测结果到: C:\code\show\Scrap_Steel_In_Field\photos\dangerous_det\detection_20260604_184624.jpg
2026-06-04 18:46:24 [INFO] 保存的检测结果文件大小: 2122195 字节
2026-06-04 18:46:24 [INFO] 引擎上下文已释放
2026-06-04 18:46:24 [INFO] TensorRT 引擎已释放
2026-06-04 18:46:24 [INFO] 全局 CUDA 资源已释放
2026-06-04 18:46:24 [INFO] 检测系统资源已释放
2026-06-04 18:46:29 [INFO] CUDA 初始化成功
2026-06-04 18:46:29 [INFO] 引擎加载成功: dangerous.engine
2026-06-04 18:46:29 [INFO] 检测系统初始化成功
2026-06-04 18:46:29 [INFO] 图像预处理完成，原始尺寸: (2160, 3840)
2026-06-04 18:46:29 [INFO] 开始执行目标检测...
2026-06-04 18:46:29 [INFO] 检测完成，找到 1 个物体
2026-06-04 18:46:29 [INFO] 物体 1: GasCyl1 (置信度: 0.83)
2026-06-04 18:46:29 [INFO] 准备保存检测结果到: C:\code\show\Scrap_Steel_In_Field\photos\dangerous_det\detection_20260604_184629.jpg
2026-06-04 18:46:29 [INFO] 图像形状: (2160, 3840, 3)
2026-06-04 18:46:29 [INFO] 图像数据类型: uint8
2026-06-04 18:46:29 [INFO] 图像最大值: 255
2026-06-04 18:46:29 [INFO] 图像最小值: 0
2026-06-04 18:46:29 [INFO] 开始保存检测结果图像: 图像尺寸=(2160, 3840, 3), 类型=uint8, 路径=C:\code\show\Scrap_Steel_In_Field\photos\dangerous_det\detection_20260604_184629.jpg
2026-06-04 18:46:29 [INFO] 成功保存检测结果到: C:\code\show\Scrap_Steel_In_Field\photos\dangerous_det\detection_20260604_184629.jpg
2026-06-04 18:46:29 [INFO] 保存的检测结果文件大小: 1254531 字节
2026-06-04 18:46:29 [INFO] 引擎上下文已释放
2026-06-04 18:46:29 [INFO] TensorRT 引擎已释放
2026-06-04 18:46:29 [INFO] 全局 CUDA 资源已释放
2026-06-04 18:46:29 [INFO] 检测系统资源已释放
2026-06-04 18:46:34 [INFO] CUDA 初始化成功
2026-06-04 18:46:34 [INFO] 引擎加载成功: dangerous.engine
2026-06-04 18:46:34 [INFO] 检测系统初始化成功
2026-06-04 18:46:34 [INFO] 图像预处理完成，原始尺寸: (2160, 3840)
2026-06-04 18:46:34 [INFO] 开始执行目标检测...
2026-06-04 18:46:34 [INFO] 检测完成，找到 3 个物体
2026-06-04 18:46:34 [INFO] 物体 1: GasCyl1 (置信度: 0.88)
2026-06-04 18:46:34 [INFO] 物体 2: GasCyl1 (置信度: 0.61)
2026-06-04 18:46:34 [INFO] 物体 3: FireExt1 (置信度: 0.49)
2026-06-04 18:46:34 [INFO] 准备保存检测结果到: C:\code\show\Scrap_Steel_In_Field\photos\dangerous_det\detection_20260604_184634.jpg
2026-06-04 18:46:34 [INFO] 图像形状: (2160, 3840, 3)
2026-06-04 18:46:34 [INFO] 图像数据类型: uint8
2026-06-04 18:46:34 [INFO] 图像最大值: 255
2026-06-04 18:46:34 [INFO] 图像最小值: 0
2026-06-04 18:46:34 [INFO] 开始保存检测结果图像: 图像尺寸=(2160, 3840, 3), 类型=uint8, 路径=C:\code\show\Scrap_Steel_In_Field\photos\dangerous_det\detection_20260604_184634.jpg
2026-06-04 18:46:34 [INFO] 成功保存检测结果到: C:\code\show\Scrap_Steel_In_Field\photos\dangerous_det\detection_20260604_184634.jpg
2026-06-04 18:46:34 [INFO] 保存的检测结果文件大小: 1603916 字节
2026-06-04 18:46:34 [INFO] 引擎上下文已释放
2026-06-04 18:46:34 [INFO] TensorRT 引擎已释放
2026-06-04 18:46:34 [INFO] 全局 CUDA 资源已释放
2026-06-04 18:46:34 [INFO] 检测系统资源已释放
2026-06-04 18:46:39 [INFO] CUDA 初始化成功
2026-06-04 18:46:39 [INFO] 引擎加载成功: dangerous.engine
2026-06-04 18:46:39 [INFO] 检测系统初始化成功
2026-06-04 18:46:39 [INFO] 图像预处理完成，原始尺寸: (2160, 3840)
2026-06-04 18:46:39 [INFO] 开始执行目标检测...
2026-06-04 18:46:39 [INFO] 检测完成，找到 4 个物体
2026-06-04 18:46:39 [INFO] 物体 1: GasCyl1 (置信度: 0.90)
2026-06-04 18:46:39 [INFO] 物体 2: GasCyl1 (置信度: 0.82)
2026-06-04 18:46:39 [INFO] 物体 3: FireExt1 (置信度: 0.44)
2026-06-04 18:46:39 [INFO] 物体 4: GasCyl1 (置信度: 0.36)
2026-06-04 18:46:39 [INFO] 检测到车兜区域，将过滤区域外的目标
2026-06-04 18:46:39 [INFO] 准备保存检测结果到: C:\code\show\Scrap_Steel_In_Field\photos\dangerous_det\detection_20260604_184639.jpg
2026-06-04 18:46:39 [INFO] 图像形状: (2160, 3840, 3)
2026-06-04 18:46:39 [INFO] 图像数据类型: uint8
2026-06-04 18:46:39 [INFO] 图像最大值: 255
2026-06-04 18:46:39 [INFO] 图像最小值: 0
2026-06-04 18:46:39 [INFO] 开始保存检测结果图像: 图像尺寸=(2160, 3840, 3), 类型=uint8, 路径=C:\code\show\Scrap_Steel_In_Field\photos\dangerous_det\detection_20260604_184639.jpg
2026-06-04 18:46:39 [INFO] 成功保存检测结果到: C:\code\show\Scrap_Steel_In_Field\photos\dangerous_det\detection_20260604_184639.jpg
2026-06-04 18:46:39 [INFO] 保存的检测结果文件大小: 2118896 字节
2026-06-04 18:46:39 [INFO] 引擎上下文已释放
2026-06-04 18:46:39 [INFO] TensorRT 引擎已释放
2026-06-04 18:46:39 [INFO] 全局 CUDA 资源已释放
2026-06-04 18:46:39 [INFO] 检测系统资源已释放
2026-06-04 18:46:44 [INFO] CUDA 初始化成功
2026-06-04 18:46:44 [INFO] 引擎加载成功: dangerous.engine
2026-06-04 18:46:44 [INFO] 检测系统初始化成功
2026-06-04 18:46:44 [INFO] 图像预处理完成，原始尺寸: (2160, 3840)
2026-06-04 18:46:44 [INFO] 开始执行目标检测...
2026-06-04 18:46:44 [INFO] 检测完成，找到 3 个物体
2026-06-04 18:46:44 [INFO] 物体 1: GasCyl1 (置信度: 0.82)
2026-06-04 18:46:44 [INFO] 物体 2: GasCyl1 (置信度: 0.80)
2026-06-04 18:46:44 [INFO] 物体 3: FireExt1 (置信度: 0.49)
2026-06-04 18:46:44 [INFO] 准备保存检测结果到: C:\code\show\Scrap_Steel_In_Field\photos\dangerous_det\detection_20260604_184644.jpg
2026-06-04 18:46:44 [INFO] 图像形状: (2160, 3840, 3)
2026-06-04 18:46:44 [INFO] 图像数据类型: uint8
2026-06-04 18:46:44 [INFO] 图像最大值: 255
2026-06-04 18:46:44 [INFO] 图像最小值: 0
2026-06-04 18:46:44 [INFO] 开始保存检测结果图像: 图像尺寸=(2160, 3840, 3), 类型=uint8, 路径=C:\code\show\Scrap_Steel_In_Field\photos\dangerous_det\detection_20260604_184644.jpg
2026-06-04 18:46:44 [INFO] 成功保存检测结果到: C:\code\show\Scrap_Steel_In_Field\photos\dangerous_det\detection_20260604_184644.jpg
2026-06-04 18:46:44 [INFO] 保存的检测结果文件大小: 1781879 字节
2026-06-04 18:46:44 [INFO] 引擎上下文已释放
2026-06-04 18:46:44 [INFO] TensorRT 引擎已释放
2026-06-04 18:46:44 [INFO] 全局 CUDA 资源已释放
2026-06-04 18:46:44 [INFO] 检测系统资源已释放
2026-06-04 18:46:49 [INFO] CUDA 初始化成功
2026-06-04 18:46:49 [INFO] 引擎加载成功: dangerous.engine
2026-06-04 18:46:49 [INFO] 检测系统初始化成功
2026-06-04 18:46:49 [INFO] 图像预处理完成，原始尺寸: (2160, 3840)
2026-06-04 18:46:49 [INFO] 开始执行目标检测...
2026-06-04 18:46:50 [INFO] 检测完成，找到 2 个物体
2026-06-04 18:46:50 [INFO] 物体 1: GasCyl1 (置信度: 0.90)
2026-06-04 18:46:50 [INFO] 物体 2: GasCyl1 (置信度: 0.44)
2026-06-04 18:46:50 [INFO] 准备保存检测结果到: C:\code\show\Scrap_Steel_In_Field\photos\dangerous_det\detection_20260604_184650.jpg
2026-06-04 18:46:50 [INFO] 图像形状: (2160, 3840, 3)
2026-06-04 18:46:50 [INFO] 图像数据类型: uint8
2026-06-04 18:46:50 [INFO] 图像最大值: 255
2026-06-04 18:46:50 [INFO] 图像最小值: 0
2026-06-04 18:46:50 [INFO] 开始保存检测结果图像: 图像尺寸=(2160, 3840, 3), 类型=uint8, 路径=C:\code\show\Scrap_Steel_In_Field\photos\dangerous_det\detection_20260604_184650.jpg
2026-06-04 18:46:50 [INFO] 成功保存检测结果到: C:\code\show\Scrap_Steel_In_Field\photos\dangerous_det\detection_20260604_184650.jpg
2026-06-04 18:46:50 [INFO] 保存的检测结果文件大小: 1577427 字节
2026-06-04 18:46:50 [INFO] 引擎上下文已释放
2026-06-04 18:46:50 [INFO] TensorRT 引擎已释放
2026-06-04 18:46:50 [INFO] 全局 CUDA 资源已释放
2026-06-04 18:46:50 [INFO] 检测系统资源已释放
2026-06-04 18:46:54 [INFO] CUDA 初始化成功
2026-06-04 18:46:55 [INFO] 引擎加载成功: dangerous.engine
2026-06-04 18:46:55 [INFO] 检测系统初始化成功
2026-06-04 18:46:55 [INFO] 图像预处理完成，原始尺寸: (2160, 3840)
2026-06-04 18:46:55 [INFO] 开始执行目标检测...
2026-06-04 18:46:55 [INFO] 检测完成，找到 3 个物体
2026-06-04 18:46:55 [INFO] 物体 1: GasCyl1 (置信度: 0.91)
2026-06-04 18:46:55 [INFO] 物体 2: GasCyl1 (置信度: 0.78)
2026-06-04 18:46:55 [INFO] 物体 3: FireExt1 (置信度: 0.44)
2026-06-04 18:46:55 [INFO] 检测到车兜区域，将过滤区域外的目标
2026-06-04 18:46:55 [INFO] 准备保存检测结果到: C:\code\show\Scrap_Steel_In_Field\photos\dangerous_det\detection_20260604_184655.jpg
2026-06-04 18:46:55 [INFO] 图像形状: (2160, 3840, 3)
2026-06-04 18:46:55 [INFO] 图像数据类型: uint8
2026-06-04 18:46:55 [INFO] 图像最大值: 255
2026-06-04 18:46:55 [INFO] 图像最小值: 0
2026-06-04 18:46:55 [INFO] 开始保存检测结果图像: 图像尺寸=(2160, 3840, 3), 类型=uint8, 路径=C:\code\show\Scrap_Steel_In_Field\photos\dangerous_det\detection_20260604_184655.jpg
2026-06-04 18:46:55 [INFO] 成功保存检测结果到: C:\code\show\Scrap_Steel_In_Field\photos\dangerous_det\detection_20260604_184655.jpg
2026-06-04 18:46:55 [INFO] 保存的检测结果文件大小: 2022312 字节
2026-06-04 18:46:55 [INFO] 引擎上下文已释放
2026-06-04 18:46:55 [INFO] TensorRT 引擎已释放
2026-06-04 18:46:55 [INFO] 全局 CUDA 资源已释放
2026-06-04 18:46:55 [INFO] 检测系统资源已释放
2026-06-04 18:47:00 [INFO] CUDA 初始化成功
2026-06-04 18:47:00 [INFO] 引擎加载成功: dangerous.engine
2026-06-04 18:47:00 [INFO] 检测系统初始化成功
2026-06-04 18:47:00 [INFO] 图像预处理完成，原始尺寸: (2160, 3840)
2026-06-04 18:47:00 [INFO] 开始执行目标检测...
2026-06-04 18:47:00 [INFO] 检测完成，找到 4 个物体
2026-06-04 18:47:00 [INFO] 物体 1: GasCyl1 (置信度: 0.89)
2026-06-04 18:47:00 [INFO] 物体 2: GasCyl1 (置信度: 0.83)
2026-06-04 18:47:00 [INFO] 物体 3: GasCyl1 (置信度: 0.52)
2026-06-04 18:47:00 [INFO] 物体 4: FireExt1 (置信度: 0.47)
2026-06-04 18:47:00 [INFO] 检测到车兜区域，将过滤区域外的目标
2026-06-04 18:47:00 [INFO] 准备保存检测结果到: C:\code\show\Scrap_Steel_In_Field\photos\dangerous_det\detection_20260604_184700.jpg
2026-06-04 18:47:00 [INFO] 图像形状: (2160, 3840, 3)
2026-06-04 18:47:00 [INFO] 图像数据类型: uint8
2026-06-04 18:47:00 [INFO] 图像最大值: 255
2026-06-04 18:47:00 [INFO] 图像最小值: 0
2026-06-04 18:47:00 [INFO] 开始保存检测结果图像: 图像尺寸=(2160, 3840, 3), 类型=uint8, 路径=C:\code\show\Scrap_Steel_In_Field\photos\dangerous_det\detection_20260604_184700.jpg
2026-06-04 18:47:00 [INFO] 成功保存检测结果到: C:\code\show\Scrap_Steel_In_Field\photos\dangerous_det\detection_20260604_184700.jpg
2026-06-04 18:47:00 [INFO] 保存的检测结果文件大小: 2137447 字节
2026-06-04 18:47:00 [INFO] 引擎上下文已释放
2026-06-04 18:47:00 [INFO] TensorRT 引擎已释放
2026-06-04 18:47:00 [INFO] 全局 CUDA 资源已释放
2026-06-04 18:47:00 [INFO] 检测系统资源已释放
2026-06-04 18:47:05 [INFO] CUDA 初始化成功
2026-06-04 18:47:05 [INFO] 引擎加载成功: dangerous.engine
2026-06-04 18:47:05 [INFO] 检测系统初始化成功
2026-06-04 18:47:05 [INFO] 图像预处理完成，原始尺寸: (2160, 3840)
2026-06-04 18:47:05 [INFO] 开始执行目标检测...
2026-06-04 18:47:05 [INFO] 检测完成，找到 3 个物体
2026-06-04 18:47:05 [INFO] 物体 1: GasCyl1 (置信度: 0.89)
2026-06-04 18:47:05 [INFO] 物体 2: GasCyl1 (置信度: 0.82)
2026-06-04 18:47:05 [INFO] 物体 3: FireExt1 (置信度: 0.44)
2026-06-04 18:47:05 [INFO] 检测到车兜区域，将过滤区域外的目标
2026-06-04 18:47:05 [INFO] 准备保存检测结果到: C:\code\show\Scrap_Steel_In_Field\photos\dangerous_det\detection_20260604_184705.jpg
2026-06-04 18:47:05 [INFO] 图像形状: (2160, 3840, 3)
2026-06-04 18:47:05 [INFO] 图像数据类型: uint8
2026-06-04 18:47:05 [INFO] 图像最大值: 255
2026-06-04 18:47:05 [INFO] 图像最小值: 0
2026-06-04 18:47:05 [INFO] 开始保存检测结果图像: 图像尺寸=(2160, 3840, 3), 类型=uint8, 路径=C:\code\show\Scrap_Steel_In_Field\photos\dangerous_det\detection_20260604_184705.jpg
2026-06-04 18:47:05 [INFO] 成功保存检测结果到: C:\code\show\Scrap_Steel_In_Field\photos\dangerous_det\detection_20260604_184705.jpg
2026-06-04 18:47:05 [INFO] 保存的检测结果文件大小: 2132597 字节
2026-06-04 18:47:05 [INFO] 引擎上下文已释放
2026-06-04 18:47:05 [INFO] TensorRT 引擎已释放
2026-06-04 18:47:05 [INFO] 全局 CUDA 资源已释放
2026-06-04 18:47:05 [INFO] 检测系统资源已释放
2026-06-04 18:47:10 [INFO] CUDA 初始化成功
2026-06-04 18:47:10 [INFO] 引擎加载成功: dangerous.engine
2026-06-04 18:47:10 [INFO] 检测系统初始化成功
2026-06-04 18:47:10 [INFO] 图像预处理完成，原始尺寸: (2160, 3840)
2026-06-04 18:47:10 [INFO] 开始执行目标检测...
2026-06-04 18:47:10 [INFO] 检测完成，找到 3 个物体
2026-06-04 18:47:10 [INFO] 物体 1: GasCyl1 (置信度: 0.91)
2026-06-04 18:47:10 [INFO] 物体 2: GasCyl1 (置信度: 0.83)
2026-06-04 18:47:10 [INFO] 物体 3: FireExt1 (置信度: 0.41)
2026-06-04 18:47:10 [INFO] 检测到车兜区域，将过滤区域外的目标
2026-06-04 18:47:10 [INFO] 准备保存检测结果到: C:\code\show\Scrap_Steel_In_Field\photos\dangerous_det\detection_20260604_184710.jpg
2026-06-04 18:47:10 [INFO] 图像形状: (2160, 3840, 3)
2026-06-04 18:47:10 [INFO] 图像数据类型: uint8
2026-06-04 18:47:10 [INFO] 图像最大值: 255
2026-06-04 18:47:10 [INFO] 图像最小值: 0
2026-06-04 18:47:10 [INFO] 开始保存检测结果图像: 图像尺寸=(2160, 3840, 3), 类型=uint8, 路径=C:\code\show\Scrap_Steel_In_Field\photos\dangerous_det\detection_20260604_184710.jpg
2026-06-04 18:47:10 [INFO] 成功保存检测结果到: C:\code\show\Scrap_Steel_In_Field\photos\dangerous_det\detection_20260604_184710.jpg
2026-06-04 18:47:10 [INFO] 保存的检测结果文件大小: 2132995 字节
2026-06-04 18:47:10 [INFO] 引擎上下文已释放
2026-06-04 18:47:10 [INFO] TensorRT 引擎已释放
2026-06-04 18:47:10 [INFO] 全局 CUDA 资源已释放
2026-06-04 18:47:10 [INFO] 检测系统资源已释放
2026-06-04 18:47:15 [INFO] CUDA 初始化成功
2026-06-04 18:47:15 [INFO] 引擎加载成功: dangerous.engine
2026-06-04 18:47:15 [INFO] 检测系统初始化成功
2026-06-04 18:47:15 [INFO] 图像预处理完成，原始尺寸: (2160, 3840)
2026-06-04 18:47:15 [INFO] 开始执行目标检测...
2026-06-04 18:47:15 [INFO] 检测完成，找到 3 个物体
2026-06-04 18:47:15 [INFO] 物体 1: GasCyl1 (置信度: 0.90)
2026-06-04 18:47:15 [INFO] 物体 2: GasCyl1 (置信度: 0.80)
2026-06-04 18:47:15 [INFO] 物体 3: FireExt1 (置信度: 0.43)
2026-06-04 18:47:15 [INFO] 检测到车兜区域，将过滤区域外的目标
2026-06-04 18:47:15 [INFO] 准备保存检测结果到: C:\code\show\Scrap_Steel_In_Field\photos\dangerous_det\detection_20260604_184715.jpg
2026-06-04 18:47:15 [INFO] 图像形状: (2160, 3840, 3)
2026-06-04 18:47:15 [INFO] 图像数据类型: uint8
2026-06-04 18:47:15 [INFO] 图像最大值: 255
2026-06-04 18:47:15 [INFO] 图像最小值: 0
2026-06-04 18:47:15 [INFO] 开始保存检测结果图像: 图像尺寸=(2160, 3840, 3), 类型=uint8, 路径=C:\code\show\Scrap_Steel_In_Field\photos\dangerous_det\detection_20260604_184715.jpg
2026-06-04 18:47:15 [INFO] 成功保存检测结果到: C:\code\show\Scrap_Steel_In_Field\photos\dangerous_det\detection_20260604_184715.jpg
2026-06-04 18:47:15 [INFO] 保存的检测结果文件大小: 2122892 字节
2026-06-04 18:47:15 [INFO] 引擎上下文已释放
2026-06-04 18:47:15 [INFO] TensorRT 引擎已释放
2026-06-04 18:47:15 [INFO] 全局 CUDA 资源已释放
2026-06-04 18:47:15 [INFO] 检测系统资源已释放
2026-06-04 18:47:20 [INFO] CUDA 初始化成功
2026-06-04 18:47:20 [INFO] 引擎加载成功: dangerous.engine
2026-06-04 18:47:20 [INFO] 检测系统初始化成功
2026-06-04 18:47:20 [INFO] 图像预处理完成，原始尺寸: (2160, 3840)
2026-06-04 18:47:20 [INFO] 开始执行目标检测...
2026-06-04 18:47:20 [INFO] 检测完成，找到 3 个物体
2026-06-04 18:47:20 [INFO] 物体 1: GasCyl1 (置信度: 0.89)
2026-06-04 18:47:20 [INFO] 物体 2: GasCyl1 (置信度: 0.84)
2026-06-04 18:47:20 [INFO] 物体 3: FireExt1 (置信度: 0.44)
2026-06-04 18:47:20 [INFO] 检测到车兜区域，将过滤区域外的目标
2026-06-04 18:47:20 [INFO] 准备保存检测结果到: C:\code\show\Scrap_Steel_In_Field\photos\dangerous_det\detection_20260604_184720.jpg
2026-06-04 18:47:20 [INFO] 图像形状: (2160, 3840, 3)
2026-06-04 18:47:20 [INFO] 图像数据类型: uint8
2026-06-04 18:47:20 [INFO] 图像最大值: 255
2026-06-04 18:47:20 [INFO] 图像最小值: 0
2026-06-04 18:47:20 [INFO] 开始保存检测结果图像: 图像尺寸=(2160, 3840, 3), 类型=uint8, 路径=C:\code\show\Scrap_Steel_In_Field\photos\dangerous_det\detection_20260604_184720.jpg
2026-06-04 18:47:20 [INFO] 成功保存检测结果到: C:\code\show\Scrap_Steel_In_Field\photos\dangerous_det\detection_20260604_184720.jpg
2026-06-04 18:47:20 [INFO] 保存的检测结果文件大小: 2110998 字节
2026-06-04 18:47:20 [INFO] 引擎上下文已释放
2026-06-04 18:47:20 [INFO] TensorRT 引擎已释放
2026-06-04 18:47:20 [INFO] 全局 CUDA 资源已释放
2026-06-04 18:47:20 [INFO] 检测系统资源已释放
2026-06-04 18:47:25 [INFO] CUDA 初始化成功
2026-06-04 18:47:25 [INFO] 引擎加载成功: dangerous.engine
2026-06-04 18:47:25 [INFO] 检测系统初始化成功
2026-06-04 18:47:25 [INFO] 图像预处理完成，原始尺寸: (2160, 3840)
2026-06-04 18:47:25 [INFO] 开始执行目标检测...
2026-06-04 18:47:25 [INFO] 检测完成，找到 4 个物体
2026-06-04 18:47:25 [INFO] 物体 1: GasCyl1 (置信度: 0.90)
2026-06-04 18:47:25 [INFO] 物体 2: GasCyl1 (置信度: 0.85)
2026-06-04 18:47:25 [INFO] 物体 3: FireExt1 (置信度: 0.46)
2026-06-04 18:47:25 [INFO] 物体 4: FireExt1 (置信度: 0.38)
2026-06-04 18:47:26 [INFO] 检测到车兜区域，将过滤区域外的目标
2026-06-04 18:47:26 [INFO] 准备保存检测结果到: C:\code\show\Scrap_Steel_In_Field\photos\dangerous_det\detection_20260604_184726.jpg
2026-06-04 18:47:26 [INFO] 图像形状: (2160, 3840, 3)
2026-06-04 18:47:26 [INFO] 图像数据类型: uint8
2026-06-04 18:47:26 [INFO] 图像最大值: 255
2026-06-04 18:47:26 [INFO] 图像最小值: 0
2026-06-04 18:47:26 [INFO] 开始保存检测结果图像: 图像尺寸=(2160, 3840, 3), 类型=uint8, 路径=C:\code\show\Scrap_Steel_In_Field\photos\dangerous_det\detection_20260604_184726.jpg
2026-06-04 18:47:26 [INFO] 成功保存检测结果到: C:\code\show\Scrap_Steel_In_Field\photos\dangerous_det\detection_20260604_184726.jpg
2026-06-04 18:47:26 [INFO] 保存的检测结果文件大小: 2215201 字节
2026-06-04 18:47:26 [INFO] 引擎上下文已释放
2026-06-04 18:47:26 [INFO] TensorRT 引擎已释放
2026-06-04 18:47:26 [INFO] 全局 CUDA 资源已释放
2026-06-04 18:47:26 [INFO] 检测系统资源已释放
2026-06-04 18:47:31 [INFO] CUDA 初始化成功
2026-06-04 18:47:31 [INFO] 引擎加载成功: dangerous.engine
2026-06-04 18:47:31 [INFO] 检测系统初始化成功
2026-06-04 18:47:31 [INFO] 图像预处理完成，原始尺寸: (2160, 3840)
2026-06-04 18:47:31 [INFO] 开始执行目标检测...
2026-06-04 18:47:31 [INFO] 检测完成，找到 4 个物体
2026-06-04 18:47:31 [INFO] 物体 1: GasCyl1 (置信度: 0.89)
2026-06-04 18:47:31 [INFO] 物体 2: GasCyl1 (置信度: 0.85)
2026-06-04 18:47:31 [INFO] 物体 3: FireExt1 (置信度: 0.46)
2026-06-04 18:47:31 [INFO] 物体 4: FireExt1 (置信度: 0.38)
2026-06-04 18:47:31 [INFO] 检测到车兜区域，将过滤区域外的目标
2026-06-04 18:47:31 [INFO] 准备保存检测结果到: C:\code\show\Scrap_Steel_In_Field\photos\dangerous_det\detection_20260604_184731.jpg
2026-06-04 18:47:31 [INFO] 图像形状: (2160, 3840, 3)
2026-06-04 18:47:31 [INFO] 图像数据类型: uint8
2026-06-04 18:47:31 [INFO] 图像最大值: 255
2026-06-04 18:47:31 [INFO] 图像最小值: 0
2026-06-04 18:47:31 [INFO] 开始保存检测结果图像: 图像尺寸=(2160, 3840, 3), 类型=uint8, 路径=C:\code\show\Scrap_Steel_In_Field\photos\dangerous_det\detection_20260604_184731.jpg
2026-06-04 18:47:31 [INFO] 成功保存检测结果到: C:\code\show\Scrap_Steel_In_Field\photos\dangerous_det\detection_20260604_184731.jpg
2026-06-04 18:47:31 [INFO] 保存的检测结果文件大小: 2213994 字节
2026-06-04 18:47:31 [INFO] 引擎上下文已释放
2026-06-04 18:47:31 [INFO] TensorRT 引擎已释放
2026-06-04 18:47:31 [INFO] 全局 CUDA 资源已释放
2026-06-04 18:47:31 [INFO] 检测系统资源已释放
2026-06-04 18:47:36 [INFO] CUDA 初始化成功
2026-06-04 18:47:36 [INFO] 引擎加载成功: dangerous.engine
2026-06-04 18:47:36 [INFO] 检测系统初始化成功
2026-06-04 18:47:36 [INFO] 图像预处理完成，原始尺寸: (2160, 3840)
2026-06-04 18:47:36 [INFO] 开始执行目标检测...
2026-06-04 18:47:36 [INFO] 检测完成，找到 4 个物体
2026-06-04 18:47:36 [INFO] 物体 1: GasCyl1 (置信度: 0.90)
2026-06-04 18:47:36 [INFO] 物体 2: GasCyl1 (置信度: 0.80)
2026-06-04 18:47:36 [INFO] 物体 3: FireExt1 (置信度: 0.45)
2026-06-04 18:47:36 [INFO] 物体 4: GasCyl1 (置信度: 0.38)
2026-06-04 18:47:36 [INFO] 检测到车兜区域，将过滤区域外的目标
2026-06-04 18:47:36 [INFO] 准备保存检测结果到: C:\code\show\Scrap_Steel_In_Field\photos\dangerous_det\detection_20260604_184736.jpg
2026-06-04 18:47:36 [INFO] 图像形状: (2160, 3840, 3)
2026-06-04 18:47:36 [INFO] 图像数据类型: uint8
2026-06-04 18:47:36 [INFO] 图像最大值: 255
2026-06-04 18:47:36 [INFO] 图像最小值: 0
2026-06-04 18:47:36 [INFO] 开始保存检测结果图像: 图像尺寸=(2160, 3840, 3), 类型=uint8, 路径=C:\code\show\Scrap_Steel_In_Field\photos\dangerous_det\detection_20260604_184736.jpg
2026-06-04 18:47:36 [INFO] 成功保存检测结果到: C:\code\show\Scrap_Steel_In_Field\photos\dangerous_det\detection_20260604_184736.jpg
2026-06-04 18:47:36 [INFO] 保存的检测结果文件大小: 2219676 字节
2026-06-04 18:47:36 [INFO] 引擎上下文已释放
2026-06-04 18:47:36 [INFO] TensorRT 引擎已释放
2026-06-04 18:47:36 [INFO] 全局 CUDA 资源已释放
2026-06-04 18:47:36 [INFO] 检测系统资源已释放
2026-06-04 18:47:41 [INFO] CUDA 初始化成功
2026-06-04 18:47:41 [INFO] 引擎加载成功: dangerous.engine
2026-06-04 18:47:41 [INFO] 检测系统初始化成功
2026-06-04 18:47:41 [INFO] 图像预处理完成，原始尺寸: (2160, 3840)
2026-06-04 18:47:41 [INFO] 开始执行目标检测...
2026-06-04 18:47:41 [INFO] 检测完成，找到 3 个物体
2026-06-04 18:47:41 [INFO] 物体 1: GasCyl1 (置信度: 0.89)
2026-06-04 18:47:41 [INFO] 物体 2: GasCyl1 (置信度: 0.79)
2026-06-04 18:47:41 [INFO] 物体 3: FireExt1 (置信度: 0.41)
2026-06-04 18:47:41 [INFO] 检测到车兜区域，将过滤区域外的目标
2026-06-04 18:47:41 [INFO] 准备保存检测结果到: C:\code\show\Scrap_Steel_In_Field\photos\dangerous_det\detection_20260604_184741.jpg
2026-06-04 18:47:41 [INFO] 图像形状: (2160, 3840, 3)
2026-06-04 18:47:41 [INFO] 图像数据类型: uint8
2026-06-04 18:47:41 [INFO] 图像最大值: 255
2026-06-04 18:47:41 [INFO] 图像最小值: 0
2026-06-04 18:47:41 [INFO] 开始保存检测结果图像: 图像尺寸=(2160, 3840, 3), 类型=uint8, 路径=C:\code\show\Scrap_Steel_In_Field\photos\dangerous_det\detection_20260604_184741.jpg
2026-06-04 18:47:41 [INFO] 成功保存检测结果到: C:\code\show\Scrap_Steel_In_Field\photos\dangerous_det\detection_20260604_184741.jpg
2026-06-04 18:47:41 [INFO] 保存的检测结果文件大小: 2206517 字节
2026-06-04 18:47:41 [INFO] 引擎上下文已释放
2026-06-04 18:47:41 [INFO] TensorRT 引擎已释放
2026-06-04 18:47:41 [INFO] 全局 CUDA 资源已释放
2026-06-04 18:47:41 [INFO] 检测系统资源已释放
2026-06-04 18:47:46 [INFO] CUDA 初始化成功
2026-06-04 18:47:46 [INFO] 引擎加载成功: dangerous.engine
2026-06-04 18:47:46 [INFO] 检测系统初始化成功
2026-06-04 18:47:46 [INFO] 图像预处理完成，原始尺寸: (2160, 3840)
2026-06-04 18:47:46 [INFO] 开始执行目标检测...
2026-06-04 18:47:46 [INFO] 检测完成，找到 4 个物体
2026-06-04 18:47:46 [INFO] 物体 1: GasCyl1 (置信度: 0.88)
2026-06-04 18:47:46 [INFO] 物体 2: GasCyl1 (置信度: 0.81)
2026-06-04 18:47:46 [INFO] 物体 3: FireExt1 (置信度: 0.47)
2026-06-04 18:47:46 [INFO] 物体 4: FireExt1 (置信度: 0.39)
2026-06-04 18:47:46 [INFO] 检测到车兜区域，将过滤区域外的目标
2026-06-04 18:47:46 [INFO] 车兜区域过滤: 4 -> 3 个目标
2026-06-04 18:47:46 [INFO] 准备保存检测结果到: C:\code\show\Scrap_Steel_In_Field\photos\dangerous_det\detection_20260604_184746.jpg
2026-06-04 18:47:46 [INFO] 图像形状: (2160, 3840, 3)
2026-06-04 18:47:46 [INFO] 图像数据类型: uint8
2026-06-04 18:47:46 [INFO] 图像最大值: 255
2026-06-04 18:47:46 [INFO] 图像最小值: 0
2026-06-04 18:47:46 [INFO] 开始保存检测结果图像: 图像尺寸=(2160, 3840, 3), 类型=uint8, 路径=C:\code\show\Scrap_Steel_In_Field\photos\dangerous_det\detection_20260604_184746.jpg
2026-06-04 18:47:46 [INFO] 成功保存检测结果到: C:\code\show\Scrap_Steel_In_Field\photos\dangerous_det\detection_20260604_184746.jpg
2026-06-04 18:47:46 [INFO] 保存的检测结果文件大小: 2195993 字节
2026-06-04 18:47:46 [INFO] 引擎上下文已释放
2026-06-04 18:47:46 [INFO] TensorRT 引擎已释放
2026-06-04 18:47:46 [INFO] 全局 CUDA 资源已释放
2026-06-04 18:47:46 [INFO] 检测系统资源已释放
2026-06-04 18:47:51 [INFO] CUDA 初始化成功
2026-06-04 18:47:51 [INFO] 引擎加载成功: dangerous.engine
2026-06-04 18:47:51 [INFO] 检测系统初始化成功
2026-06-04 18:47:51 [INFO] 图像预处理完成，原始尺寸: (2160, 3840)
2026-06-04 18:47:51 [INFO] 开始执行目标检测...
2026-06-04 18:47:51 [INFO] 检测完成，找到 3 个物体
2026-06-04 18:47:51 [INFO] 物体 1: GasCyl1 (置信度: 0.88)
2026-06-04 18:47:51 [INFO] 物体 2: GasCyl1 (置信度: 0.72)
2026-06-04 18:47:51 [INFO] 物体 3: FireExt1 (置信度: 0.47)
2026-06-04 18:47:51 [INFO] 检测到车兜区域，将过滤区域外的目标
2026-06-04 18:47:51 [INFO] 准备保存检测结果到: C:\code\show\Scrap_Steel_In_Field\photos\dangerous_det\detection_20260604_184751.jpg
2026-06-04 18:47:51 [INFO] 图像形状: (2160, 3840, 3)
2026-06-04 18:47:51 [INFO] 图像数据类型: uint8
2026-06-04 18:47:51 [INFO] 图像最大值: 255
2026-06-04 18:47:51 [INFO] 图像最小值: 0
2026-06-04 18:47:51 [INFO] 开始保存检测结果图像: 图像尺寸=(2160, 3840, 3), 类型=uint8, 路径=C:\code\show\Scrap_Steel_In_Field\photos\dangerous_det\detection_20260604_184751.jpg
2026-06-04 18:47:51 [INFO] 成功保存检测结果到: C:\code\show\Scrap_Steel_In_Field\photos\dangerous_det\detection_20260604_184751.jpg
2026-06-04 18:47:51 [INFO] 保存的检测结果文件大小: 2181445 字节
2026-06-04 18:47:51 [INFO] 引擎上下文已释放
2026-06-04 18:47:51 [INFO] TensorRT 引擎已释放
2026-06-04 18:47:51 [INFO] 全局 CUDA 资源已释放
2026-06-04 18:47:51 [INFO] 检测系统资源已释放
2026-06-04 18:47:56 [INFO] CUDA 初始化成功
2026-06-04 18:47:56 [INFO] 引擎加载成功: dangerous.engine
2026-06-04 18:47:56 [INFO] 检测系统初始化成功
2026-06-04 18:47:56 [INFO] 图像预处理完成，原始尺寸: (2160, 3840)
2026-06-04 18:47:56 [INFO] 开始执行目标检测...
2026-06-04 18:47:56 [INFO] 检测完成，找到 3 个物体
2026-06-04 18:47:56 [INFO] 物体 1: GasCyl1 (置信度: 0.90)
2026-06-04 18:47:56 [INFO] 物体 2: GasCyl1 (置信度: 0.83)
2026-06-04 18:47:56 [INFO] 物体 3: FireExt1 (置信度: 0.45)
2026-06-04 18:47:56 [INFO] 检测到车兜区域，将过滤区域外的目标
2026-06-04 18:47:56 [INFO] 准备保存检测结果到: C:\code\show\Scrap_Steel_In_Field\photos\dangerous_det\detection_20260604_184756.jpg
2026-06-04 18:47:56 [INFO] 图像形状: (2160, 3840, 3)
2026-06-04 18:47:56 [INFO] 图像数据类型: uint8
2026-06-04 18:47:56 [INFO] 图像最大值: 255
2026-06-04 18:47:56 [INFO] 图像最小值: 0
2026-06-04 18:47:56 [INFO] 开始保存检测结果图像: 图像尺寸=(2160, 3840, 3), 类型=uint8, 路径=C:\code\show\Scrap_Steel_In_Field\photos\dangerous_det\detection_20260604_184756.jpg
2026-06-04 18:47:56 [INFO] 成功保存检测结果到: C:\code\show\Scrap_Steel_In_Field\photos\dangerous_det\detection_20260604_184756.jpg
2026-06-04 18:47:56 [INFO] 保存的检测结果文件大小: 2201712 字节
2026-06-04 18:47:56 [INFO] 引擎上下文已释放
2026-06-04 18:47:56 [INFO] TensorRT 引擎已释放
2026-06-04 18:47:56 [INFO] 全局 CUDA 资源已释放
2026-06-04 18:47:56 [INFO] 检测系统资源已释放
2026-06-04 18:48:01 [INFO] CUDA 初始化成功
2026-06-04 18:48:01 [INFO] 引擎加载成功: dangerous.engine
2026-06-04 18:48:01 [INFO] 检测系统初始化成功
2026-06-04 18:48:01 [INFO] 图像预处理完成，原始尺寸: (2160, 3840)
2026-06-04 18:48:01 [INFO] 开始执行目标检测...
2026-06-04 18:48:01 [INFO] 检测完成，找到 4 个物体
2026-06-04 18:48:01 [INFO] 物体 1: GasCyl1 (置信度: 0.89)
2026-06-04 18:48:01 [INFO] 物体 2: GasCyl1 (置信度: 0.80)
2026-06-04 18:48:01 [INFO] 物体 3: FireExt1 (置信度: 0.48)
2026-06-04 18:48:01 [INFO] 物体 4: GasCyl1 (置信度: 0.37)
2026-06-04 18:48:01 [INFO] 检测到车兜区域，将过滤区域外的目标
2026-06-04 18:48:01 [INFO] 车兜区域过滤: 4 -> 3 个目标
2026-06-04 18:48:01 [INFO] 准备保存检测结果到: C:\code\show\Scrap_Steel_In_Field\photos\dangerous_det\detection_20260604_184801.jpg
2026-06-04 18:48:01 [INFO] 图像形状: (2160, 3840, 3)
2026-06-04 18:48:01 [INFO] 图像数据类型: uint8
2026-06-04 18:48:01 [INFO] 图像最大值: 255
2026-06-04 18:48:01 [INFO] 图像最小值: 0
2026-06-04 18:48:01 [INFO] 开始保存检测结果图像: 图像尺寸=(2160, 3840, 3), 类型=uint8, 路径=C:\code\show\Scrap_Steel_In_Field\photos\dangerous_det\detection_20260604_184801.jpg
2026-06-04 18:48:01 [INFO] 成功保存检测结果到: C:\code\show\Scrap_Steel_In_Field\photos\dangerous_det\detection_20260604_184801.jpg
2026-06-04 18:48:01 [INFO] 保存的检测结果文件大小: 2192046 字节
2026-06-04 18:48:01 [INFO] 引擎上下文已释放
2026-06-04 18:48:01 [INFO] TensorRT 引擎已释放
2026-06-04 18:48:01 [INFO] 全局 CUDA 资源已释放
2026-06-04 18:48:01 [INFO] 检测系统资源已释放
2026-06-04 18:48:06 [INFO] CUDA 初始化成功
2026-06-04 18:48:06 [INFO] 引擎加载成功: dangerous.engine
2026-06-04 18:48:06 [INFO] 检测系统初始化成功
2026-06-04 18:48:06 [INFO] 图像预处理完成，原始尺寸: (2160, 3840)
2026-06-04 18:48:06 [INFO] 开始执行目标检测...
2026-06-04 18:48:06 [INFO] 检测完成，找到 5 个物体
2026-06-04 18:48:06 [INFO] 物体 1: GasCyl1 (置信度: 0.89)
2026-06-04 18:48:06 [INFO] 物体 2: GasCyl1 (置信度: 0.82)
2026-06-04 18:48:06 [INFO] 物体 3: FireExt1 (置信度: 0.46)
2026-06-04 18:48:06 [INFO] 物体 4: FireExt1 (置信度: 0.46)
2026-06-04 18:48:06 [INFO] 物体 5: GasCyl1 (置信度: 0.44)
2026-06-04 18:48:06 [INFO] 检测到车兜区域，将过滤区域外的目标
2026-06-04 18:48:06 [INFO] 车兜区域过滤: 5 -> 4 个目标
2026-06-04 18:48:06 [INFO] 准备保存检测结果到: C:\code\show\Scrap_Steel_In_Field\photos\dangerous_det\detection_20260604_184806.jpg
2026-06-04 18:48:06 [INFO] 图像形状: (2160, 3840, 3)
2026-06-04 18:48:06 [INFO] 图像数据类型: uint8
2026-06-04 18:48:06 [INFO] 图像最大值: 255
2026-06-04 18:48:06 [INFO] 图像最小值: 0
2026-06-04 18:48:06 [INFO] 开始保存检测结果图像: 图像尺寸=(2160, 3840, 3), 类型=uint8, 路径=C:\code\show\Scrap_Steel_In_Field\photos\dangerous_det\detection_20260604_184806.jpg
2026-06-04 18:48:06 [INFO] 成功保存检测结果到: C:\code\show\Scrap_Steel_In_Field\photos\dangerous_det\detection_20260604_184806.jpg
2026-06-04 18:48:06 [INFO] 保存的检测结果文件大小: 2195334 字节
2026-06-04 18:48:06 [INFO] 引擎上下文已释放
2026-06-04 18:48:06 [INFO] TensorRT 引擎已释放
2026-06-04 18:48:06 [INFO] 全局 CUDA 资源已释放
2026-06-04 18:48:06 [INFO] 检测系统资源已释放
2026-06-04 18:48:11 [INFO] CUDA 初始化成功
2026-06-04 18:48:11 [INFO] 引擎加载成功: dangerous.engine
2026-06-04 18:48:11 [INFO] 检测系统初始化成功
2026-06-04 18:48:11 [INFO] 图像预处理完成，原始尺寸: (2160, 3840)
2026-06-04 18:48:11 [INFO] 开始执行目标检测...
2026-06-04 18:48:11 [INFO] 检测完成，找到 5 个物体
2026-06-04 18:48:11 [INFO] 物体 1: GasCyl1 (置信度: 0.90)
2026-06-04 18:48:11 [INFO] 物体 2: GasCyl1 (置信度: 0.80)
2026-06-04 18:48:11 [INFO] 物体 3: FireExt1 (置信度: 0.44)
2026-06-04 18:48:11 [INFO] 物体 4: GasCyl1 (置信度: 0.44)
2026-06-04 18:48:11 [INFO] 物体 5: FireExt1 (置信度: 0.43)
2026-06-04 18:48:11 [INFO] 检测到车兜区域，将过滤区域外的目标
2026-06-04 18:48:11 [INFO] 车兜区域过滤: 5 -> 4 个目标
2026-06-04 18:48:11 [INFO] 准备保存检测结果到: C:\code\show\Scrap_Steel_In_Field\photos\dangerous_det\detection_20260604_184811.jpg
2026-06-04 18:48:11 [INFO] 图像形状: (2160, 3840, 3)
2026-06-04 18:48:11 [INFO] 图像数据类型: uint8
2026-06-04 18:48:11 [INFO] 图像最大值: 255
2026-06-04 18:48:11 [INFO] 图像最小值: 0
2026-06-04 18:48:11 [INFO] 开始保存检测结果图像: 图像尺寸=(2160, 3840, 3), 类型=uint8, 路径=C:\code\show\Scrap_Steel_In_Field\photos\dangerous_det\detection_20260604_184811.jpg
2026-06-04 18:48:11 [INFO] 成功保存检测结果到: C:\code\show\Scrap_Steel_In_Field\photos\dangerous_det\detection_20260604_184811.jpg
2026-06-04 18:48:11 [INFO] 保存的检测结果文件大小: 2216736 字节
2026-06-04 18:48:11 [INFO] 引擎上下文已释放
2026-06-04 18:48:11 [INFO] TensorRT 引擎已释放
2026-06-04 18:48:11 [INFO] 全局 CUDA 资源已释放
2026-06-04 18:48:11 [INFO] 检测系统资源已释放
2026-06-04 18:48:16 [INFO] CUDA 初始化成功
2026-06-04 18:48:16 [INFO] 引擎加载成功: dangerous.engine
2026-06-04 18:48:16 [INFO] 检测系统初始化成功
2026-06-04 18:48:16 [INFO] 图像预处理完成，原始尺寸: (2160, 3840)
2026-06-04 18:48:16 [INFO] 开始执行目标检测...
2026-06-04 18:48:16 [INFO] 检测完成，找到 5 个物体
2026-06-04 18:48:16 [INFO] 物体 1: GasCyl1 (置信度: 0.90)
2026-06-04 18:48:16 [INFO] 物体 2: GasCyl1 (置信度: 0.84)
2026-06-04 18:48:16 [INFO] 物体 3: FireExt1 (置信度: 0.43)
2026-06-04 18:48:16 [INFO] 物体 4: FireExt1 (置信度: 0.41)
2026-06-04 18:48:16 [INFO] 物体 5: GasCyl1 (置信度: 0.36)
2026-06-04 18:48:16 [INFO] 检测到车兜区域，将过滤区域外的目标
2026-06-04 18:48:16 [INFO] 车兜区域过滤: 5 -> 4 个目标
2026-06-04 18:48:16 [INFO] 准备保存检测结果到: C:\code\show\Scrap_Steel_In_Field\photos\dangerous_det\detection_20260604_184816.jpg
2026-06-04 18:48:16 [INFO] 图像形状: (2160, 3840, 3)
2026-06-04 18:48:16 [INFO] 图像数据类型: uint8
2026-06-04 18:48:16 [INFO] 图像最大值: 255
2026-06-04 18:48:16 [INFO] 图像最小值: 0
2026-06-04 18:48:16 [INFO] 开始保存检测结果图像: 图像尺寸=(2160, 3840, 3), 类型=uint8, 路径=C:\code\show\Scrap_Steel_In_Field\photos\dangerous_det\detection_20260604_184816.jpg
2026-06-04 18:48:16 [INFO] 成功保存检测结果到: C:\code\show\Scrap_Steel_In_Field\photos\dangerous_det\detection_20260604_184816.jpg
2026-06-04 18:48:16 [INFO] 保存的检测结果文件大小: 2210655 字节
2026-06-04 18:48:16 [INFO] 引擎上下文已释放
2026-06-04 18:48:16 [INFO] TensorRT 引擎已释放
2026-06-04 18:48:16 [INFO] 全局 CUDA 资源已释放
2026-06-04 18:48:16 [INFO] 检测系统资源已释放
2026-06-04 18:48:21 [INFO] CUDA 初始化成功
2026-06-04 18:48:21 [INFO] 引擎加载成功: dangerous.engine
2026-06-04 18:48:21 [INFO] 检测系统初始化成功
2026-06-04 18:48:21 [INFO] 图像预处理完成，原始尺寸: (2160, 3840)
2026-06-04 18:48:21 [INFO] 开始执行目标检测...
2026-06-04 18:48:21 [INFO] 检测完成，找到 5 个物体
2026-06-04 18:48:21 [INFO] 物体 1: GasCyl1 (置信度: 0.90)
2026-06-04 18:48:21 [INFO] 物体 2: GasCyl1 (置信度: 0.82)
2026-06-04 18:48:21 [INFO] 物体 3: GasCyl1 (置信度: 0.46)
2026-06-04 18:48:21 [INFO] 物体 4: FireExt1 (置信度: 0.43)
2026-06-04 18:48:21 [INFO] 物体 5: FireExt1 (置信度: 0.42)
2026-06-04 18:48:21 [INFO] 检测到车兜区域，将过滤区域外的目标
2026-06-04 18:48:21 [INFO] 车兜区域过滤: 5 -> 4 个目标
2026-06-04 18:48:21 [INFO] 准备保存检测结果到: C:\code\show\Scrap_Steel_In_Field\photos\dangerous_det\detection_20260604_184821.jpg
2026-06-04 18:48:21 [INFO] 图像形状: (2160, 3840, 3)
2026-06-04 18:48:21 [INFO] 图像数据类型: uint8
2026-06-04 18:48:21 [INFO] 图像最大值: 255
2026-06-04 18:48:21 [INFO] 图像最小值: 0
2026-06-04 18:48:21 [INFO] 开始保存检测结果图像: 图像尺寸=(2160, 3840, 3), 类型=uint8, 路径=C:\code\show\Scrap_Steel_In_Field\photos\dangerous_det\detection_20260604_184821.jpg
2026-06-04 18:48:21 [INFO] 成功保存检测结果到: C:\code\show\Scrap_Steel_In_Field\photos\dangerous_det\detection_20260604_184821.jpg
2026-06-04 18:48:21 [INFO] 保存的检测结果文件大小: 2204606 字节
2026-06-04 18:48:21 [INFO] 引擎上下文已释放
2026-06-04 18:48:21 [INFO] TensorRT 引擎已释放
2026-06-04 18:48:21 [INFO] 全局 CUDA 资源已释放
2026-06-04 18:48:21 [INFO] 检测系统资源已释放
2026-06-04 18:48:26 [INFO] CUDA 初始化成功
2026-06-04 18:48:26 [INFO] 引擎加载成功: dangerous.engine
2026-06-04 18:48:26 [INFO] 检测系统初始化成功
2026-06-04 18:48:26 [INFO] 图像预处理完成，原始尺寸: (2160, 3840)
2026-06-04 18:48:26 [INFO] 开始执行目标检测...
2026-06-04 18:48:26 [INFO] 检测完成，找到 4 个物体
2026-06-04 18:48:26 [INFO] 物体 1: GasCyl1 (置信度: 0.89)
2026-06-04 18:48:26 [INFO] 物体 2: GasCyl1 (置信度: 0.83)
2026-06-04 18:48:26 [INFO] 物体 3: FireExt1 (置信度: 0.46)
2026-06-04 18:48:26 [INFO] 物体 4: FireExt1 (置信度: 0.38)
2026-06-04 18:48:26 [INFO] 检测到车兜区域，将过滤区域外的目标
2026-06-04 18:48:26 [INFO] 车兜区域过滤: 4 -> 3 个目标
2026-06-04 18:48:26 [INFO] 准备保存检测结果到: C:\code\show\Scrap_Steel_In_Field\photos\dangerous_det\detection_20260604_184826.jpg
2026-06-04 18:48:26 [INFO] 图像形状: (2160, 3840, 3)
2026-06-04 18:48:26 [INFO] 图像数据类型: uint8
2026-06-04 18:48:26 [INFO] 图像最大值: 255
2026-06-04 18:48:26 [INFO] 图像最小值: 0
2026-06-04 18:48:26 [INFO] 开始保存检测结果图像: 图像尺寸=(2160, 3840, 3), 类型=uint8, 路径=C:\code\show\Scrap_Steel_In_Field\photos\dangerous_det\detection_20260604_184826.jpg
2026-06-04 18:48:26 [INFO] 成功保存检测结果到: C:\code\show\Scrap_Steel_In_Field\photos\dangerous_det\detection_20260604_184826.jpg
2026-06-04 18:48:26 [INFO] 保存的检测结果文件大小: 2213672 字节
2026-06-04 18:48:26 [INFO] 引擎上下文已释放
2026-06-04 18:48:26 [INFO] TensorRT 引擎已释放
2026-06-04 18:48:26 [INFO] 全局 CUDA 资源已释放
2026-06-04 18:48:26 [INFO] 检测系统资源已释放
2026-06-04 18:48:31 [INFO] CUDA 初始化成功
2026-06-04 18:48:31 [INFO] 引擎加载成功: dangerous.engine
2026-06-04 18:48:31 [INFO] 检测系统初始化成功
2026-06-04 18:48:31 [INFO] 图像预处理完成，原始尺寸: (2160, 3840)
2026-06-04 18:48:31 [INFO] 开始执行目标检测...
2026-06-04 18:48:31 [INFO] 检测完成，找到 4 个物体
2026-06-04 18:48:31 [INFO] 物体 1: GasCyl1 (置信度: 0.90)
2026-06-04 18:48:31 [INFO] 物体 2: GasCyl1 (置信度: 0.82)
2026-06-04 18:48:31 [INFO] 物体 3: FireExt1 (置信度: 0.46)
2026-06-04 18:48:31 [INFO] 物体 4: FireExt1 (置信度: 0.40)
2026-06-04 18:48:31 [INFO] 检测到车兜区域，将过滤区域外的目标
2026-06-04 18:48:31 [INFO] 车兜区域过滤: 4 -> 3 个目标
2026-06-04 18:48:31 [INFO] 准备保存检测结果到: C:\code\show\Scrap_Steel_In_Field\photos\dangerous_det\detection_20260604_184831.jpg
2026-06-04 18:48:31 [INFO] 图像形状: (2160, 3840, 3)
2026-06-04 18:48:31 [INFO] 图像数据类型: uint8
2026-06-04 18:48:31 [INFO] 图像最大值: 255
2026-06-04 18:48:31 [INFO] 图像最小值: 0
2026-06-04 18:48:31 [INFO] 开始保存检测结果图像: 图像尺寸=(2160, 3840, 3), 类型=uint8, 路径=C:\code\show\Scrap_Steel_In_Field\photos\dangerous_det\detection_20260604_184831.jpg
2026-06-04 18:48:31 [INFO] 成功保存检测结果到: C:\code\show\Scrap_Steel_In_Field\photos\dangerous_det\detection_20260604_184831.jpg
2026-06-04 18:48:31 [INFO] 保存的检测结果文件大小: 2212119 字节
2026-06-04 18:48:31 [INFO] 引擎上下文已释放
2026-06-04 18:48:31 [INFO] TensorRT 引擎已释放
2026-06-04 18:48:31 [INFO] 全局 CUDA 资源已释放
2026-06-04 18:48:31 [INFO] 检测系统资源已释放
2026-06-04 18:48:37 [INFO] CUDA 初始化成功
2026-06-04 18:48:37 [INFO] 引擎加载成功: dangerous.engine
2026-06-04 18:48:37 [INFO] 检测系统初始化成功
2026-06-04 18:48:37 [INFO] 图像预处理完成，原始尺寸: (2160, 3840)
2026-06-04 18:48:37 [INFO] 开始执行目标检测...
2026-06-04 18:48:37 [INFO] 检测完成，找到 4 个物体
2026-06-04 18:48:37 [INFO] 物体 1: GasCyl1 (置信度: 0.91)
2026-06-04 18:48:37 [INFO] 物体 2: GasCyl1 (置信度: 0.80)
2026-06-04 18:48:37 [INFO] 物体 3: FireExt1 (置信度: 0.49)
2026-06-04 18:48:37 [INFO] 物体 4: FireExt1 (置信度: 0.42)
2026-06-04 18:48:37 [INFO] 检测到车兜区域，将过滤区域外的目标
2026-06-04 18:48:37 [INFO] 车兜区域过滤: 4 -> 3 个目标
2026-06-04 18:48:37 [INFO] 准备保存检测结果到: C:\code\show\Scrap_Steel_In_Field\photos\dangerous_det\detection_20260604_184837.jpg
2026-06-04 18:48:37 [INFO] 图像形状: (2160, 3840, 3)
2026-06-04 18:48:37 [INFO] 图像数据类型: uint8
2026-06-04 18:48:37 [INFO] 图像最大值: 255
2026-06-04 18:48:37 [INFO] 图像最小值: 0
2026-06-04 18:48:37 [INFO] 开始保存检测结果图像: 图像尺寸=(2160, 3840, 3), 类型=uint8, 路径=C:\code\show\Scrap_Steel_In_Field\photos\dangerous_det\detection_20260604_184837.jpg
2026-06-04 18:48:37 [INFO] 成功保存检测结果到: C:\code\show\Scrap_Steel_In_Field\photos\dangerous_det\detection_20260604_184837.jpg
2026-06-04 18:48:37 [INFO] 保存的检测结果文件大小: 2204230 字节
2026-06-04 18:48:37 [INFO] 引擎上下文已释放
2026-06-04 18:48:37 [INFO] TensorRT 引擎已释放
2026-06-04 18:48:37 [INFO] 全局 CUDA 资源已释放
2026-06-04 18:48:37 [INFO] 检测系统资源已释放
2026-06-04 18:48:42 [INFO] CUDA 初始化成功
2026-06-04 18:48:42 [INFO] 引擎加载成功: dangerous.engine
2026-06-04 18:48:42 [INFO] 检测系统初始化成功
2026-06-04 18:48:42 [INFO] 图像预处理完成，原始尺寸: (2160, 3840)
2026-06-04 18:48:42 [INFO] 开始执行目标检测...
2026-06-04 18:48:42 [INFO] 检测完成，找到 4 个物体
2026-06-04 18:48:42 [INFO] 物体 1: GasCyl1 (置信度: 0.89)
2026-06-04 18:48:42 [INFO] 物体 2: GasCyl1 (置信度: 0.79)
2026-06-04 18:48:42 [INFO] 物体 3: FireExt1 (置信度: 0.48)
2026-06-04 18:48:42 [INFO] 物体 4: FireExt1 (置信度: 0.43)
2026-06-04 18:48:42 [INFO] 检测到车兜区域，将过滤区域外的目标
2026-06-04 18:48:42 [INFO] 车兜区域过滤: 4 -> 3 个目标
2026-06-04 18:48:42 [INFO] 准备保存检测结果到: C:\code\show\Scrap_Steel_In_Field\photos\dangerous_det\detection_20260604_184842.jpg
2026-06-04 18:48:42 [INFO] 图像形状: (2160, 3840, 3)
2026-06-04 18:48:42 [INFO] 图像数据类型: uint8
2026-06-04 18:48:42 [INFO] 图像最大值: 255
2026-06-04 18:48:42 [INFO] 图像最小值: 0
2026-06-04 18:48:42 [INFO] 开始保存检测结果图像: 图像尺寸=(2160, 3840, 3), 类型=uint8, 路径=C:\code\show\Scrap_Steel_In_Field\photos\dangerous_det\detection_20260604_184842.jpg
2026-06-04 18:48:42 [INFO] 成功保存检测结果到: C:\code\show\Scrap_Steel_In_Field\photos\dangerous_det\detection_20260604_184842.jpg
2026-06-04 18:48:42 [INFO] 保存的检测结果文件大小: 2201807 字节
2026-06-04 18:48:42 [INFO] 引擎上下文已释放
2026-06-04 18:48:42 [INFO] TensorRT 引擎已释放
2026-06-04 18:48:42 [INFO] 全局 CUDA 资源已释放
2026-06-04 18:48:42 [INFO] 检测系统资源已释放
2026-06-04 18:48:47 [INFO] CUDA 初始化成功
2026-06-04 18:48:47 [INFO] 引擎加载成功: dangerous.engine
2026-06-04 18:48:47 [INFO] 检测系统初始化成功
2026-06-04 18:48:47 [INFO] 图像预处理完成，原始尺寸: (2160, 3840)
2026-06-04 18:48:47 [INFO] 开始执行目标检测...
2026-06-04 18:48:47 [INFO] 检测完成，找到 5 个物体
2026-06-04 18:48:47 [INFO] 物体 1: GasCyl1 (置信度: 0.90)
2026-06-04 18:48:47 [INFO] 物体 2: GasCyl1 (置信度: 0.79)
2026-06-04 18:48:47 [INFO] 物体 3: FireExt1 (置信度: 0.46)
2026-06-04 18:48:47 [INFO] 物体 4: FireExt1 (置信度: 0.42)
2026-06-04 18:48:47 [INFO] 物体 5: GasCyl1 (置信度: 0.42)
2026-06-04 18:48:47 [INFO] 检测到车兜区域，将过滤区域外的目标
2026-06-04 18:48:47 [INFO] 车兜区域过滤: 5 -> 4 个目标
2026-06-04 18:48:47 [INFO] 准备保存检测结果到: C:\code\show\Scrap_Steel_In_Field\photos\dangerous_det\detection_20260604_184847.jpg
2026-06-04 18:48:47 [INFO] 图像形状: (2160, 3840, 3)
2026-06-04 18:48:47 [INFO] 图像数据类型: uint8
2026-06-04 18:48:47 [INFO] 图像最大值: 255
2026-06-04 18:48:47 [INFO] 图像最小值: 0
2026-06-04 18:48:47 [INFO] 开始保存检测结果图像: 图像尺寸=(2160, 3840, 3), 类型=uint8, 路径=C:\code\show\Scrap_Steel_In_Field\photos\dangerous_det\detection_20260604_184847.jpg
2026-06-04 18:48:47 [INFO] 成功保存检测结果到: C:\code\show\Scrap_Steel_In_Field\photos\dangerous_det\detection_20260604_184847.jpg
2026-06-04 18:48:47 [INFO] 保存的检测结果文件大小: 2194717 字节
2026-06-04 18:48:47 [INFO] 引擎上下文已释放
2026-06-04 18:48:47 [INFO] TensorRT 引擎已释放
2026-06-04 18:48:47 [INFO] 全局 CUDA 资源已释放
2026-06-04 18:48:47 [INFO] 检测系统资源已释放
2026-06-04 18:48:52 [INFO] CUDA 初始化成功
2026-06-04 18:48:52 [INFO] 引擎加载成功: dangerous.engine
2026-06-04 18:48:52 [INFO] 检测系统初始化成功
2026-06-04 18:48:52 [INFO] 图像预处理完成，原始尺寸: (2160, 3840)
2026-06-04 18:48:52 [INFO] 开始执行目标检测...
2026-06-04 18:48:52 [INFO] 检测完成，找到 4 个物体
2026-06-04 18:48:52 [INFO] 物体 1: GasCyl1 (置信度: 0.90)
2026-06-04 18:48:52 [INFO] 物体 2: GasCyl1 (置信度: 0.83)
2026-06-04 18:48:52 [INFO] 物体 3: FireExt1 (置信度: 0.44)
2026-06-04 18:48:52 [INFO] 物体 4: FireExt1 (置信度: 0.43)
2026-06-04 18:48:52 [INFO] 检测到车兜区域，将过滤区域外的目标
2026-06-04 18:48:52 [INFO] 车兜区域过滤: 4 -> 3 个目标
2026-06-04 18:48:52 [INFO] 准备保存检测结果到: C:\code\show\Scrap_Steel_In_Field\photos\dangerous_det\detection_20260604_184852.jpg
2026-06-04 18:48:52 [INFO] 图像形状: (2160, 3840, 3)
2026-06-04 18:48:52 [INFO] 图像数据类型: uint8
2026-06-04 18:48:52 [INFO] 图像最大值: 255
2026-06-04 18:48:52 [INFO] 图像最小值: 0
2026-06-04 18:48:52 [INFO] 开始保存检测结果图像: 图像尺寸=(2160, 3840, 3), 类型=uint8, 路径=C:\code\show\Scrap_Steel_In_Field\photos\dangerous_det\detection_20260604_184852.jpg
2026-06-04 18:48:52 [INFO] 成功保存检测结果到: C:\code\show\Scrap_Steel_In_Field\photos\dangerous_det\detection_20260604_184852.jpg
2026-06-04 18:48:52 [INFO] 保存的检测结果文件大小: 2202043 字节
2026-06-04 18:48:52 [INFO] 引擎上下文已释放
2026-06-04 18:48:52 [INFO] TensorRT 引擎已释放
2026-06-04 18:48:52 [INFO] 全局 CUDA 资源已释放
2026-06-04 18:48:52 [INFO] 检测系统资源已释放
2026-06-04 18:48:57 [INFO] CUDA 初始化成功
2026-06-04 18:48:57 [INFO] 引擎加载成功: dangerous.engine
2026-06-04 18:48:57 [INFO] 检测系统初始化成功
2026-06-04 18:48:57 [INFO] 图像预处理完成，原始尺寸: (2160, 3840)
2026-06-04 18:48:57 [INFO] 开始执行目标检测...
2026-06-04 18:48:58 [INFO] 检测完成，找到 4 个物体
2026-06-04 18:48:58 [INFO] 物体 1: GasCyl1 (置信度: 0.89)
2026-06-04 18:48:58 [INFO] 物体 2: GasCyl1 (置信度: 0.82)
2026-06-04 18:48:58 [INFO] 物体 3: FireExt1 (置信度: 0.48)
2026-06-04 18:48:58 [INFO] 物体 4: FireExt1 (置信度: 0.44)
2026-06-04 18:48:58 [INFO] 检测到车兜区域，将过滤区域外的目标
2026-06-04 18:48:58 [INFO] 车兜区域过滤: 4 -> 3 个目标
2026-06-04 18:48:58 [INFO] 准备保存检测结果到: C:\code\show\Scrap_Steel_In_Field\photos\dangerous_det\detection_20260604_184858.jpg
2026-06-04 18:48:58 [INFO] 图像形状: (2160, 3840, 3)
2026-06-04 18:48:58 [INFO] 图像数据类型: uint8
2026-06-04 18:48:58 [INFO] 图像最大值: 255
2026-06-04 18:48:58 [INFO] 图像最小值: 0
2026-06-04 18:48:58 [INFO] 开始保存检测结果图像: 图像尺寸=(2160, 3840, 3), 类型=uint8, 路径=C:\code\show\Scrap_Steel_In_Field\photos\dangerous_det\detection_20260604_184858.jpg
2026-06-04 18:48:58 [INFO] 成功保存检测结果到: C:\code\show\Scrap_Steel_In_Field\photos\dangerous_det\detection_20260604_184858.jpg
2026-06-04 18:48:58 [INFO] 保存的检测结果文件大小: 2198061 字节
2026-06-04 18:48:58 [INFO] 引擎上下文已释放
2026-06-04 18:48:58 [INFO] TensorRT 引擎已释放
2026-06-04 18:48:58 [INFO] 全局 CUDA 资源已释放
2026-06-04 18:48:58 [INFO] 检测系统资源已释放
2026-06-04 18:49:02 [INFO] CUDA 初始化成功
2026-06-04 18:49:02 [INFO] 引擎加载成功: dangerous.engine
2026-06-04 18:49:02 [INFO] 检测系统初始化成功
2026-06-04 18:49:03 [INFO] 图像预处理完成，原始尺寸: (2160, 3840)
2026-06-04 18:49:03 [INFO] 开始执行目标检测...
2026-06-04 18:49:03 [INFO] 检测完成，找到 5 个物体
2026-06-04 18:49:03 [INFO] 物体 1: GasCyl1 (置信度: 0.89)
2026-06-04 18:49:03 [INFO] 物体 2: GasCyl1 (置信度: 0.82)
2026-06-04 18:49:03 [INFO] 物体 3: FireExt1 (置信度: 0.47)
2026-06-04 18:49:03 [INFO] 物体 4: FireExt1 (置信度: 0.46)
2026-06-04 18:49:03 [INFO] 物体 5: FireExt1 (置信度: 0.36)
2026-06-04 18:49:03 [INFO] 检测到车兜区域，将过滤区域外的目标
2026-06-04 18:49:03 [INFO] 车兜区域过滤: 5 -> 4 个目标
2026-06-04 18:49:03 [INFO] 准备保存检测结果到: C:\code\show\Scrap_Steel_In_Field\photos\dangerous_det\detection_20260604_184903.jpg
2026-06-04 18:49:03 [INFO] 图像形状: (2160, 3840, 3)
2026-06-04 18:49:03 [INFO] 图像数据类型: uint8
2026-06-04 18:49:03 [INFO] 图像最大值: 255
2026-06-04 18:49:03 [INFO] 图像最小值: 0
2026-06-04 18:49:03 [INFO] 开始保存检测结果图像: 图像尺寸=(2160, 3840, 3), 类型=uint8, 路径=C:\code\show\Scrap_Steel_In_Field\photos\dangerous_det\detection_20260604_184903.jpg
2026-06-04 18:49:03 [INFO] 成功保存检测结果到: C:\code\show\Scrap_Steel_In_Field\photos\dangerous_det\detection_20260604_184903.jpg
2026-06-04 18:49:03 [INFO] 保存的检测结果文件大小: 2212746 字节
2026-06-04 18:49:03 [INFO] 引擎上下文已释放
2026-06-04 18:49:03 [INFO] TensorRT 引擎已释放
2026-06-04 18:49:03 [INFO] 全局 CUDA 资源已释放
2026-06-04 18:49:03 [INFO] 检测系统资源已释放
2026-06-04 18:49:07 [INFO] CUDA 初始化成功
2026-06-04 18:49:07 [INFO] 引擎加载成功: dangerous.engine
2026-06-04 18:49:07 [INFO] 检测系统初始化成功
2026-06-04 18:49:07 [INFO] 图像预处理完成，原始尺寸: (2160, 3840)
2026-06-04 18:49:07 [INFO] 开始执行目标检测...
2026-06-04 18:49:08 [INFO] 检测完成，找到 5 个物体
2026-06-04 18:49:08 [INFO] 物体 1: GasCyl1 (置信度: 0.90)
2026-06-04 18:49:08 [INFO] 物体 2: GasCyl1 (置信度: 0.81)
2026-06-04 18:49:08 [INFO] 物体 3: GasCyl1 (置信度: 0.45)
2026-06-04 18:49:08 [INFO] 物体 4: FireExt1 (置信度: 0.44)
2026-06-04 18:49:08 [INFO] 物体 5: FireExt1 (置信度: 0.42)
2026-06-04 18:49:08 [INFO] 检测到车兜区域，将过滤区域外的目标
2026-06-04 18:49:08 [INFO] 车兜区域过滤: 5 -> 4 个目标
2026-06-04 18:49:08 [INFO] 准备保存检测结果到: C:\code\show\Scrap_Steel_In_Field\photos\dangerous_det\detection_20260604_184908.jpg
2026-06-04 18:49:08 [INFO] 图像形状: (2160, 3840, 3)
2026-06-04 18:49:08 [INFO] 图像数据类型: uint8
2026-06-04 18:49:08 [INFO] 图像最大值: 255
2026-06-04 18:49:08 [INFO] 图像最小值: 0
2026-06-04 18:49:08 [INFO] 开始保存检测结果图像: 图像尺寸=(2160, 3840, 3), 类型=uint8, 路径=C:\code\show\Scrap_Steel_In_Field\photos\dangerous_det\detection_20260604_184908.jpg
2026-06-04 18:49:08 [INFO] 成功保存检测结果到: C:\code\show\Scrap_Steel_In_Field\photos\dangerous_det\detection_20260604_184908.jpg
2026-06-04 18:49:08 [INFO] 保存的检测结果文件大小: 2192208 字节
2026-06-04 18:49:08 [INFO] 引擎上下文已释放
2026-06-04 18:49:08 [INFO] TensorRT 引擎已释放
2026-06-04 18:49:08 [INFO] 全局 CUDA 资源已释放
2026-06-04 18:49:08 [INFO] 检测系统资源已释放
2026-06-04 18:49:12 [INFO] CUDA 初始化成功
2026-06-04 18:49:13 [INFO] 引擎加载成功: dangerous.engine
2026-06-04 18:49:13 [INFO] 检测系统初始化成功
2026-06-04 18:49:13 [INFO] 图像预处理完成，原始尺寸: (2160, 3840)
2026-06-04 18:49:13 [INFO] 开始执行目标检测...
2026-06-04 18:49:13 [INFO] 检测完成，找到 4 个物体
2026-06-04 18:49:13 [INFO] 物体 1: GasCyl1 (置信度: 0.89)
2026-06-04 18:49:13 [INFO] 物体 2: GasCyl1 (置信度: 0.83)
2026-06-04 18:49:13 [INFO] 物体 3: FireExt1 (置信度: 0.47)
2026-06-04 18:49:13 [INFO] 物体 4: FireExt1 (置信度: 0.40)
2026-06-04 18:49:13 [INFO] 检测到车兜区域，将过滤区域外的目标
2026-06-04 18:49:13 [INFO] 车兜区域过滤: 4 -> 3 个目标
2026-06-04 18:49:13 [INFO] 准备保存检测结果到: C:\code\show\Scrap_Steel_In_Field\photos\dangerous_det\detection_20260604_184913.jpg
2026-06-04 18:49:13 [INFO] 图像形状: (2160, 3840, 3)
2026-06-04 18:49:13 [INFO] 图像数据类型: uint8
2026-06-04 18:49:13 [INFO] 图像最大值: 255
2026-06-04 18:49:13 [INFO] 图像最小值: 0
2026-06-04 18:49:13 [INFO] 开始保存检测结果图像: 图像尺寸=(2160, 3840, 3), 类型=uint8, 路径=C:\code\show\Scrap_Steel_In_Field\photos\dangerous_det\detection_20260604_184913.jpg
2026-06-04 18:49:13 [INFO] 成功保存检测结果到: C:\code\show\Scrap_Steel_In_Field\photos\dangerous_det\detection_20260604_184913.jpg
2026-06-04 18:49:13 [INFO] 保存的检测结果文件大小: 2213812 字节
2026-06-04 18:49:13 [INFO] 引擎上下文已释放
2026-06-04 18:49:13 [INFO] TensorRT 引擎已释放
2026-06-04 18:49:13 [INFO] 全局 CUDA 资源已释放
2026-06-04 18:49:13 [INFO] 检测系统资源已释放
2026-06-04 18:49:18 [INFO] CUDA 初始化成功
2026-06-04 18:49:18 [INFO] 引擎加载成功: dangerous.engine
2026-06-04 18:49:18 [INFO] 检测系统初始化成功
2026-06-04 18:49:18 [INFO] 图像预处理完成，原始尺寸: (2160, 3840)
2026-06-04 18:49:18 [INFO] 开始执行目标检测...
2026-06-04 18:49:18 [INFO] 检测完成，找到 4 个物体
2026-06-04 18:49:18 [INFO] 物体 1: GasCyl1 (置信度: 0.89)
2026-06-04 18:49:18 [INFO] 物体 2: GasCyl1 (置信度: 0.80)
2026-06-04 18:49:18 [INFO] 物体 3: FireExt1 (置信度: 0.45)
2026-06-04 18:49:18 [INFO] 物体 4: FireExt1 (置信度: 0.43)
2026-06-04 18:49:18 [INFO] 检测到车兜区域，将过滤区域外的目标
2026-06-04 18:49:18 [INFO] 车兜区域过滤: 4 -> 3 个目标
2026-06-04 18:49:18 [INFO] 准备保存检测结果到: C:\code\show\Scrap_Steel_In_Field\photos\dangerous_det\detection_20260604_184918.jpg
2026-06-04 18:49:18 [INFO] 图像形状: (2160, 3840, 3)
2026-06-04 18:49:18 [INFO] 图像数据类型: uint8
2026-06-04 18:49:18 [INFO] 图像最大值: 255
2026-06-04 18:49:18 [INFO] 图像最小值: 0
2026-06-04 18:49:18 [INFO] 开始保存检测结果图像: 图像尺寸=(2160, 3840, 3), 类型=uint8, 路径=C:\code\show\Scrap_Steel_In_Field\photos\dangerous_det\detection_20260604_184918.jpg
2026-06-04 18:49:18 [INFO] 成功保存检测结果到: C:\code\show\Scrap_Steel_In_Field\photos\dangerous_det\detection_20260604_184918.jpg
2026-06-04 18:49:18 [INFO] 保存的检测结果文件大小: 2215633 字节
2026-06-04 18:49:18 [INFO] 引擎上下文已释放
2026-06-04 18:49:18 [INFO] TensorRT 引擎已释放
2026-06-04 18:49:18 [INFO] 全局 CUDA 资源已释放
2026-06-04 18:49:18 [INFO] 检测系统资源已释放
2026-06-04 18:49:23 [INFO] CUDA 初始化成功
2026-06-04 18:49:23 [INFO] 引擎加载成功: dangerous.engine
2026-06-04 18:49:23 [INFO] 检测系统初始化成功
2026-06-04 18:49:23 [INFO] 图像预处理完成，原始尺寸: (2160, 3840)
2026-06-04 18:49:23 [INFO] 开始执行目标检测...
2026-06-04 18:49:23 [INFO] 检测完成，找到 5 个物体
2026-06-04 18:49:23 [INFO] 物体 1: GasCyl1 (置信度: 0.90)
2026-06-04 18:49:23 [INFO] 物体 2: GasCyl1 (置信度: 0.83)
2026-06-04 18:49:23 [INFO] 物体 3: FireExt1 (置信度: 0.45)
2026-06-04 18:49:23 [INFO] 物体 4: FireExt1 (置信度: 0.39)
2026-06-04 18:49:23 [INFO] 物体 5: GasCyl1 (置信度: 0.37)
2026-06-04 18:49:23 [INFO] 检测到车兜区域，将过滤区域外的目标
2026-06-04 18:49:23 [INFO] 车兜区域过滤: 5 -> 4 个目标
2026-06-04 18:49:23 [INFO] 准备保存检测结果到: C:\code\show\Scrap_Steel_In_Field\photos\dangerous_det\detection_20260604_184923.jpg
2026-06-04 18:49:23 [INFO] 图像形状: (2160, 3840, 3)
2026-06-04 18:49:23 [INFO] 图像数据类型: uint8
2026-06-04 18:49:23 [INFO] 图像最大值: 255
2026-06-04 18:49:23 [INFO] 图像最小值: 0
2026-06-04 18:49:23 [INFO] 开始保存检测结果图像: 图像尺寸=(2160, 3840, 3), 类型=uint8, 路径=C:\code\show\Scrap_Steel_In_Field\photos\dangerous_det\detection_20260604_184923.jpg
2026-06-04 18:49:23 [INFO] 成功保存检测结果到: C:\code\show\Scrap_Steel_In_Field\photos\dangerous_det\detection_20260604_184923.jpg
2026-06-04 18:49:23 [INFO] 保存的检测结果文件大小: 2205907 字节
2026-06-04 18:49:23 [INFO] 引擎上下文已释放
2026-06-04 18:49:23 [INFO] TensorRT 引擎已释放
2026-06-04 18:49:23 [INFO] 全局 CUDA 资源已释放
2026-06-04 18:49:23 [INFO] 检测系统资源已释放
2026-06-04 18:49:28 [INFO] CUDA 初始化成功
2026-06-04 18:49:28 [INFO] 引擎加载成功: dangerous.engine
2026-06-04 18:49:28 [INFO] 检测系统初始化成功
2026-06-04 18:49:28 [INFO] 图像预处理完成，原始尺寸: (2160, 3840)
2026-06-04 18:49:28 [INFO] 开始执行目标检测...
2026-06-04 18:49:28 [INFO] 检测完成，找到 5 个物体
2026-06-04 18:49:28 [INFO] 物体 1: GasCyl1 (置信度: 0.89)
2026-06-04 18:49:28 [INFO] 物体 2: GasCyl1 (置信度: 0.82)
2026-06-04 18:49:28 [INFO] 物体 3: GasCyl1 (置信度: 0.48)
2026-06-04 18:49:28 [INFO] 物体 4: FireExt1 (置信度: 0.43)
2026-06-04 18:49:28 [INFO] 物体 5: FireExt1 (置信度: 0.41)
2026-06-04 18:49:28 [INFO] 检测到车兜区域，将过滤区域外的目标
2026-06-04 18:49:28 [INFO] 车兜区域过滤: 5 -> 4 个目标
2026-06-04 18:49:28 [INFO] 准备保存检测结果到: C:\code\show\Scrap_Steel_In_Field\photos\dangerous_det\detection_20260604_184928.jpg
2026-06-04 18:49:28 [INFO] 图像形状: (2160, 3840, 3)
2026-06-04 18:49:28 [INFO] 图像数据类型: uint8
2026-06-04 18:49:28 [INFO] 图像最大值: 255
2026-06-04 18:49:28 [INFO] 图像最小值: 0
2026-06-04 18:49:28 [INFO] 开始保存检测结果图像: 图像尺寸=(2160, 3840, 3), 类型=uint8, 路径=C:\code\show\Scrap_Steel_In_Field\photos\dangerous_det\detection_20260604_184928.jpg
2026-06-04 18:49:28 [INFO] 成功保存检测结果到: C:\code\show\Scrap_Steel_In_Field\photos\dangerous_det\detection_20260604_184928.jpg
2026-06-04 18:49:28 [INFO] 保存的检测结果文件大小: 2173427 字节
2026-06-04 18:49:28 [INFO] 引擎上下文已释放
2026-06-04 18:49:28 [INFO] TensorRT 引擎已释放
2026-06-04 18:49:28 [INFO] 全局 CUDA 资源已释放
2026-06-04 18:49:28 [INFO] 检测系统资源已释放
2026-06-04 18:49:33 [INFO] CUDA 初始化成功
2026-06-04 18:49:33 [INFO] 引擎加载成功: dangerous.engine
2026-06-04 18:49:33 [INFO] 检测系统初始化成功
2026-06-04 18:49:33 [INFO] 图像预处理完成，原始尺寸: (2160, 3840)
2026-06-04 18:49:33 [INFO] 开始执行目标检测...
2026-06-04 18:49:33 [INFO] 检测完成，找到 4 个物体
2026-06-04 18:49:33 [INFO] 物体 1: GasCyl1 (置信度: 0.89)
2026-06-04 18:49:33 [INFO] 物体 2: GasCyl1 (置信度: 0.80)
2026-06-04 18:49:33 [INFO] 物体 3: FireExt1 (置信度: 0.46)
2026-06-04 18:49:33 [INFO] 物体 4: FireExt1 (置信度: 0.44)
2026-06-04 18:49:33 [INFO] 检测到车兜区域，将过滤区域外的目标
2026-06-04 18:49:33 [INFO] 车兜区域过滤: 4 -> 3 个目标
2026-06-04 18:49:33 [INFO] 准备保存检测结果到: C:\code\show\Scrap_Steel_In_Field\photos\dangerous_det\detection_20260604_184933.jpg
2026-06-04 18:49:33 [INFO] 图像形状: (2160, 3840, 3)
2026-06-04 18:49:33 [INFO] 图像数据类型: uint8
2026-06-04 18:49:33 [INFO] 图像最大值: 255
2026-06-04 18:49:33 [INFO] 图像最小值: 0
2026-06-04 18:49:33 [INFO] 开始保存检测结果图像: 图像尺寸=(2160, 3840, 3), 类型=uint8, 路径=C:\code\show\Scrap_Steel_In_Field\photos\dangerous_det\detection_20260604_184933.jpg
2026-06-04 18:49:33 [INFO] 成功保存检测结果到: C:\code\show\Scrap_Steel_In_Field\photos\dangerous_det\detection_20260604_184933.jpg
2026-06-04 18:49:33 [INFO] 保存的检测结果文件大小: 2214182 字节
2026-06-04 18:49:33 [INFO] 引擎上下文已释放
2026-06-04 18:49:33 [INFO] TensorRT 引擎已释放
2026-06-04 18:49:33 [INFO] 全局 CUDA 资源已释放
2026-06-04 18:49:33 [INFO] 检测系统资源已释放
2026-06-04 18:49:38 [INFO] CUDA 初始化成功
2026-06-04 18:49:38 [INFO] 引擎加载成功: dangerous.engine
2026-06-04 18:49:38 [INFO] 检测系统初始化成功
2026-06-04 18:49:38 [INFO] 图像预处理完成，原始尺寸: (2160, 3840)
2026-06-04 18:49:38 [INFO] 开始执行目标检测...
2026-06-04 18:49:38 [INFO] 检测完成，找到 5 个物体
2026-06-04 18:49:38 [INFO] 物体 1: GasCyl1 (置信度: 0.89)
2026-06-04 18:49:38 [INFO] 物体 2: GasCyl1 (置信度: 0.80)
2026-06-04 18:49:38 [INFO] 物体 3: FireExt1 (置信度: 0.44)
2026-06-04 18:49:38 [INFO] 物体 4: GasCyl1 (置信度: 0.42)
2026-06-04 18:49:38 [INFO] 物体 5: FireExt1 (置信度: 0.36)
2026-06-04 18:49:38 [INFO] 检测到车兜区域，将过滤区域外的目标
2026-06-04 18:49:38 [INFO] 车兜区域过滤: 5 -> 4 个目标
2026-06-04 18:49:38 [INFO] 准备保存检测结果到: C:\code\show\Scrap_Steel_In_Field\photos\dangerous_det\detection_20260604_184938.jpg
2026-06-04 18:49:38 [INFO] 图像形状: (2160, 3840, 3)
2026-06-04 18:49:38 [INFO] 图像数据类型: uint8
2026-06-04 18:49:38 [INFO] 图像最大值: 255
2026-06-04 18:49:38 [INFO] 图像最小值: 0
2026-06-04 18:49:38 [INFO] 开始保存检测结果图像: 图像尺寸=(2160, 3840, 3), 类型=uint8, 路径=C:\code\show\Scrap_Steel_In_Field\photos\dangerous_det\detection_20260604_184938.jpg
2026-06-04 18:49:38 [INFO] 成功保存检测结果到: C:\code\show\Scrap_Steel_In_Field\photos\dangerous_det\detection_20260604_184938.jpg
2026-06-04 18:49:38 [INFO] 保存的检测结果文件大小: 2192717 字节
2026-06-04 18:49:38 [INFO] 引擎上下文已释放
2026-06-04 18:49:38 [INFO] TensorRT 引擎已释放
2026-06-04 18:49:38 [INFO] 全局 CUDA 资源已释放
2026-06-04 18:49:38 [INFO] 检测系统资源已释放
2026-06-04 18:49:43 [INFO] CUDA 初始化成功
2026-06-04 18:49:43 [INFO] 引擎加载成功: dangerous.engine
2026-06-04 18:49:43 [INFO] 检测系统初始化成功
2026-06-04 18:49:43 [INFO] 图像预处理完成，原始尺寸: (2160, 3840)
2026-06-04 18:49:43 [INFO] 开始执行目标检测...
2026-06-04 18:49:43 [INFO] 检测完成，找到 4 个物体
2026-06-04 18:49:43 [INFO] 物体 1: GasCyl1 (置信度: 0.90)
2026-06-04 18:49:43 [INFO] 物体 2: GasCyl1 (置信度: 0.81)
2026-06-04 18:49:43 [INFO] 物体 3: FireExt1 (置信度: 0.43)
2026-06-04 18:49:43 [INFO] 物体 4: FireExt1 (置信度: 0.43)
2026-06-04 18:49:43 [INFO] 检测到车兜区域，将过滤区域外的目标
2026-06-04 18:49:43 [INFO] 车兜区域过滤: 4 -> 3 个目标
2026-06-04 18:49:43 [INFO] 准备保存检测结果到: C:\code\show\Scrap_Steel_In_Field\photos\dangerous_det\detection_20260604_184943.jpg
2026-06-04 18:49:43 [INFO] 图像形状: (2160, 3840, 3)
2026-06-04 18:49:43 [INFO] 图像数据类型: uint8
2026-06-04 18:49:43 [INFO] 图像最大值: 255
2026-06-04 18:49:43 [INFO] 图像最小值: 0
2026-06-04 18:49:43 [INFO] 开始保存检测结果图像: 图像尺寸=(2160, 3840, 3), 类型=uint8, 路径=C:\code\show\Scrap_Steel_In_Field\photos\dangerous_det\detection_20260604_184943.jpg
2026-06-04 18:49:43 [INFO] 成功保存检测结果到: C:\code\show\Scrap_Steel_In_Field\photos\dangerous_det\detection_20260604_184943.jpg
2026-06-04 18:49:43 [INFO] 保存的检测结果文件大小: 2223166 字节
2026-06-04 18:49:43 [INFO] 引擎上下文已释放
2026-06-04 18:49:43 [INFO] TensorRT 引擎已释放
2026-06-04 18:49:43 [INFO] 全局 CUDA 资源已释放
2026-06-04 18:49:43 [INFO] 检测系统资源已释放
2026-06-04 18:49:49 [INFO] CUDA 初始化成功
2026-06-04 18:49:49 [INFO] 引擎加载成功: dangerous.engine
2026-06-04 18:49:49 [INFO] 检测系统初始化成功
2026-06-04 18:49:49 [INFO] 图像预处理完成，原始尺寸: (2160, 3840)
2026-06-04 18:49:49 [INFO] 开始执行目标检测...
2026-06-04 18:49:49 [INFO] 检测完成，找到 4 个物体
2026-06-04 18:49:49 [INFO] 物体 1: GasCyl1 (置信度: 0.89)
2026-06-04 18:49:49 [INFO] 物体 2: GasCyl1 (置信度: 0.81)
2026-06-04 18:49:49 [INFO] 物体 3: FireExt1 (置信度: 0.41)
2026-06-04 18:49:49 [INFO] 物体 4: GasCyl1 (置信度: 0.37)
2026-06-04 18:49:49 [INFO] 检测到车兜区域，将过滤区域外的目标
2026-06-04 18:49:49 [INFO] 车兜区域过滤: 4 -> 3 个目标
2026-06-04 18:49:49 [INFO] 准备保存检测结果到: C:\code\show\Scrap_Steel_In_Field\photos\dangerous_det\detection_20260604_184949.jpg
2026-06-04 18:49:49 [INFO] 图像形状: (2160, 3840, 3)
2026-06-04 18:49:49 [INFO] 图像数据类型: uint8
2026-06-04 18:49:49 [INFO] 图像最大值: 255
2026-06-04 18:49:49 [INFO] 图像最小值: 0
2026-06-04 18:49:49 [INFO] 开始保存检测结果图像: 图像尺寸=(2160, 3840, 3), 类型=uint8, 路径=C:\code\show\Scrap_Steel_In_Field\photos\dangerous_det\detection_20260604_184949.jpg
2026-06-04 18:49:49 [INFO] 成功保存检测结果到: C:\code\show\Scrap_Steel_In_Field\photos\dangerous_det\detection_20260604_184949.jpg
2026-06-04 18:49:49 [INFO] 保存的检测结果文件大小: 2211276 字节
2026-06-04 18:49:49 [INFO] 引擎上下文已释放
2026-06-04 18:49:49 [INFO] TensorRT 引擎已释放
2026-06-04 18:49:49 [INFO] 全局 CUDA 资源已释放
2026-06-04 18:49:49 [INFO] 检测系统资源已释放
2026-06-04 18:49:54 [INFO] CUDA 初始化成功
2026-06-04 18:49:54 [INFO] 引擎加载成功: dangerous.engine
2026-06-04 18:49:54 [INFO] 检测系统初始化成功
2026-06-04 18:49:54 [INFO] 图像预处理完成，原始尺寸: (2160, 3840)
2026-06-04 18:49:54 [INFO] 开始执行目标检测...
2026-06-04 18:49:54 [INFO] 检测完成，找到 3 个物体
2026-06-04 18:49:54 [INFO] 物体 1: GasCyl1 (置信度: 0.89)
2026-06-04 18:49:54 [INFO] 物体 2: GasCyl1 (置信度: 0.82)
2026-06-04 18:49:54 [INFO] 物体 3: FireExt1 (置信度: 0.46)
2026-06-04 18:49:54 [INFO] 检测到车兜区域，将过滤区域外的目标
2026-06-04 18:49:54 [INFO] 准备保存检测结果到: C:\code\show\Scrap_Steel_In_Field\photos\dangerous_det\detection_20260604_184954.jpg
2026-06-04 18:49:54 [INFO] 图像形状: (2160, 3840, 3)
2026-06-04 18:49:54 [INFO] 图像数据类型: uint8
2026-06-04 18:49:54 [INFO] 图像最大值: 255
2026-06-04 18:49:54 [INFO] 图像最小值: 0
2026-06-04 18:49:54 [INFO] 开始保存检测结果图像: 图像尺寸=(2160, 3840, 3), 类型=uint8, 路径=C:\code\show\Scrap_Steel_In_Field\photos\dangerous_det\detection_20260604_184954.jpg
2026-06-04 18:49:54 [INFO] 成功保存检测结果到: C:\code\show\Scrap_Steel_In_Field\photos\dangerous_det\detection_20260604_184954.jpg
2026-06-04 18:49:54 [INFO] 保存的检测结果文件大小: 2175608 字节
2026-06-04 18:49:54 [INFO] 引擎上下文已释放
2026-06-04 18:49:54 [INFO] TensorRT 引擎已释放
2026-06-04 18:49:54 [INFO] 全局 CUDA 资源已释放
2026-06-04 18:49:54 [INFO] 检测系统资源已释放
2026-06-04 18:49:59 [INFO] CUDA 初始化成功
2026-06-04 18:49:59 [INFO] 引擎加载成功: dangerous.engine
2026-06-04 18:49:59 [INFO] 检测系统初始化成功
2026-06-04 18:49:59 [INFO] 图像预处理完成，原始尺寸: (2160, 3840)
2026-06-04 18:49:59 [INFO] 开始执行目标检测...
2026-06-04 18:49:59 [INFO] 检测完成，找到 4 个物体
2026-06-04 18:49:59 [INFO] 物体 1: GasCyl1 (置信度: 0.89)
2026-06-04 18:49:59 [INFO] 物体 2: GasCyl1 (置信度: 0.83)
2026-06-04 18:49:59 [INFO] 物体 3: GasCyl1 (置信度: 0.50)
2026-06-04 18:49:59 [INFO] 物体 4: FireExt1 (置信度: 0.40)
2026-06-04 18:49:59 [INFO] 检测到车兜区域，将过滤区域外的目标
2026-06-04 18:49:59 [INFO] 准备保存检测结果到: C:\code\show\Scrap_Steel_In_Field\photos\dangerous_det\detection_20260604_184959.jpg
2026-06-04 18:49:59 [INFO] 图像形状: (2160, 3840, 3)
2026-06-04 18:49:59 [INFO] 图像数据类型: uint8
2026-06-04 18:49:59 [INFO] 图像最大值: 255
2026-06-04 18:49:59 [INFO] 图像最小值: 0
2026-06-04 18:49:59 [INFO] 开始保存检测结果图像: 图像尺寸=(2160, 3840, 3), 类型=uint8, 路径=C:\code\show\Scrap_Steel_In_Field\photos\dangerous_det\detection_20260604_184959.jpg
2026-06-04 18:49:59 [INFO] 成功保存检测结果到: C:\code\show\Scrap_Steel_In_Field\photos\dangerous_det\detection_20260604_184959.jpg
2026-06-04 18:49:59 [INFO] 保存的检测结果文件大小: 2160808 字节
2026-06-04 18:49:59 [INFO] 引擎上下文已释放
2026-06-04 18:49:59 [INFO] TensorRT 引擎已释放
2026-06-04 18:49:59 [INFO] 全局 CUDA 资源已释放
2026-06-04 18:49:59 [INFO] 检测系统资源已释放
2026-06-04 18:50:04 [INFO] CUDA 初始化成功
2026-06-04 18:50:04 [INFO] 引擎加载成功: dangerous.engine
2026-06-04 18:50:04 [INFO] 检测系统初始化成功
2026-06-04 18:50:04 [INFO] 图像预处理完成，原始尺寸: (2160, 3840)
2026-06-04 18:50:04 [INFO] 开始执行目标检测...
2026-06-04 18:50:04 [INFO] 检测完成，找到 5 个物体
2026-06-04 18:50:04 [INFO] 物体 1: GasCyl1 (置信度: 0.90)
2026-06-04 18:50:04 [INFO] 物体 2: GasCyl1 (置信度: 0.80)
2026-06-04 18:50:04 [INFO] 物体 3: GasCyl1 (置信度: 0.63)
2026-06-04 18:50:04 [INFO] 物体 4: FireExt1 (置信度: 0.44)
2026-06-04 18:50:04 [INFO] 物体 5: FireExt1 (置信度: 0.43)
2026-06-04 18:50:04 [INFO] 检测到车兜区域，将过滤区域外的目标
2026-06-04 18:50:04 [INFO] 车兜区域过滤: 5 -> 4 个目标
2026-06-04 18:50:04 [INFO] 准备保存检测结果到: C:\code\show\Scrap_Steel_In_Field\photos\dangerous_det\detection_20260604_185004.jpg
2026-06-04 18:50:04 [INFO] 图像形状: (2160, 3840, 3)
2026-06-04 18:50:04 [INFO] 图像数据类型: uint8
2026-06-04 18:50:04 [INFO] 图像最大值: 255
2026-06-04 18:50:04 [INFO] 图像最小值: 0
2026-06-04 18:50:04 [INFO] 开始保存检测结果图像: 图像尺寸=(2160, 3840, 3), 类型=uint8, 路径=C:\code\show\Scrap_Steel_In_Field\photos\dangerous_det\detection_20260604_185004.jpg
2026-06-04 18:50:04 [INFO] 成功保存检测结果到: C:\code\show\Scrap_Steel_In_Field\photos\dangerous_det\detection_20260604_185004.jpg
2026-06-04 18:50:04 [INFO] 保存的检测结果文件大小: 2218365 字节
2026-06-04 18:50:04 [INFO] 引擎上下文已释放
2026-06-04 18:50:04 [INFO] TensorRT 引擎已释放
2026-06-04 18:50:04 [INFO] 全局 CUDA 资源已释放
2026-06-04 18:50:04 [INFO] 检测系统资源已释放
2026-06-04 18:50:09 [INFO] CUDA 初始化成功
2026-06-04 18:50:09 [INFO] 引擎加载成功: dangerous.engine
2026-06-04 18:50:09 [INFO] 检测系统初始化成功
2026-06-04 18:50:09 [INFO] 图像预处理完成，原始尺寸: (2160, 3840)
2026-06-04 18:50:09 [INFO] 开始执行目标检测...
2026-06-04 18:50:09 [INFO] 检测完成，找到 4 个物体
2026-06-04 18:50:09 [INFO] 物体 1: GasCyl1 (置信度: 0.90)
2026-06-04 18:50:09 [INFO] 物体 2: GasCyl1 (置信度: 0.78)
2026-06-04 18:50:09 [INFO] 物体 3: FireExt1 (置信度: 0.45)
2026-06-04 18:50:09 [INFO] 物体 4: FireExt1 (置信度: 0.43)
2026-06-04 18:50:09 [INFO] 检测到车兜区域，将过滤区域外的目标
2026-06-04 18:50:09 [INFO] 车兜区域过滤: 4 -> 3 个目标
2026-06-04 18:50:09 [INFO] 准备保存检测结果到: C:\code\show\Scrap_Steel_In_Field\photos\dangerous_det\detection_20260604_185009.jpg
2026-06-04 18:50:09 [INFO] 图像形状: (2160, 3840, 3)
2026-06-04 18:50:09 [INFO] 图像数据类型: uint8
2026-06-04 18:50:09 [INFO] 图像最大值: 255
2026-06-04 18:50:09 [INFO] 图像最小值: 0
2026-06-04 18:50:09 [INFO] 开始保存检测结果图像: 图像尺寸=(2160, 3840, 3), 类型=uint8, 路径=C:\code\show\Scrap_Steel_In_Field\photos\dangerous_det\detection_20260604_185009.jpg
2026-06-04 18:50:09 [INFO] 成功保存检测结果到: C:\code\show\Scrap_Steel_In_Field\photos\dangerous_det\detection_20260604_185009.jpg
2026-06-04 18:50:09 [INFO] 保存的检测结果文件大小: 2217708 字节
2026-06-04 18:50:09 [INFO] 引擎上下文已释放
2026-06-04 18:50:09 [INFO] TensorRT 引擎已释放
2026-06-04 18:50:09 [INFO] 全局 CUDA 资源已释放
2026-06-04 18:50:09 [INFO] 检测系统资源已释放
2026-06-04 18:50:14 [INFO] CUDA 初始化成功
2026-06-04 18:50:14 [INFO] 引擎加载成功: dangerous.engine
2026-06-04 18:50:14 [INFO] 检测系统初始化成功
2026-06-04 18:50:14 [INFO] 图像预处理完成，原始尺寸: (2160, 3840)
2026-06-04 18:50:14 [INFO] 开始执行目标检测...
2026-06-04 18:50:14 [INFO] 检测完成，找到 5 个物体
2026-06-04 18:50:14 [INFO] 物体 1: GasCyl1 (置信度: 0.89)
2026-06-04 18:50:14 [INFO] 物体 2: GasCyl1 (置信度: 0.83)
2026-06-04 18:50:14 [INFO] 物体 3: FireExt1 (置信度: 0.45)
2026-06-04 18:50:14 [INFO] 物体 4: GasCyl1 (置信度: 0.44)
2026-06-04 18:50:14 [INFO] 物体 5: FireExt1 (置信度: 0.42)
2026-06-04 18:50:14 [INFO] 检测到车兜区域，将过滤区域外的目标
2026-06-04 18:50:14 [INFO] 车兜区域过滤: 5 -> 4 个目标
2026-06-04 18:50:14 [INFO] 准备保存检测结果到: C:\code\show\Scrap_Steel_In_Field\photos\dangerous_det\detection_20260604_185014.jpg
2026-06-04 18:50:14 [INFO] 图像形状: (2160, 3840, 3)
2026-06-04 18:50:14 [INFO] 图像数据类型: uint8
2026-06-04 18:50:14 [INFO] 图像最大值: 255
2026-06-04 18:50:14 [INFO] 图像最小值: 0
2026-06-04 18:50:14 [INFO] 开始保存检测结果图像: 图像尺寸=(2160, 3840, 3), 类型=uint8, 路径=C:\code\show\Scrap_Steel_In_Field\photos\dangerous_det\detection_20260604_185014.jpg
2026-06-04 18:50:14 [INFO] 成功保存检测结果到: C:\code\show\Scrap_Steel_In_Field\photos\dangerous_det\detection_20260604_185014.jpg
2026-06-04 18:50:14 [INFO] 保存的检测结果文件大小: 2241895 字节
2026-06-04 18:50:14 [INFO] 引擎上下文已释放
2026-06-04 18:50:14 [INFO] TensorRT 引擎已释放
2026-06-04 18:50:14 [INFO] 全局 CUDA 资源已释放
2026-06-04 18:50:14 [INFO] 检测系统资源已释放
2026-06-04 18:50:20 [INFO] CUDA 初始化成功
2026-06-04 18:50:20 [INFO] 引擎加载成功: dangerous.engine
2026-06-04 18:50:20 [INFO] 检测系统初始化成功
2026-06-04 18:50:20 [INFO] 图像预处理完成，原始尺寸: (2160, 3840)
2026-06-04 18:50:20 [INFO] 开始执行目标检测...
2026-06-04 18:50:20 [INFO] 检测完成，找到 5 个物体
2026-06-04 18:50:20 [INFO] 物体 1: GasCyl1 (置信度: 0.89)
2026-06-04 18:50:20 [INFO] 物体 2: GasCyl1 (置信度: 0.84)
2026-06-04 18:50:20 [INFO] 物体 3: FireExt1 (置信度: 0.45)
2026-06-04 18:50:20 [INFO] 物体 4: GasCyl1 (置信度: 0.45)
2026-06-04 18:50:20 [INFO] 物体 5: FireExt1 (置信度: 0.39)
2026-06-04 18:50:20 [INFO] 检测到车兜区域，将过滤区域外的目标
2026-06-04 18:50:20 [INFO] 车兜区域过滤: 5 -> 4 个目标
2026-06-04 18:50:20 [INFO] 准备保存检测结果到: C:\code\show\Scrap_Steel_In_Field\photos\dangerous_det\detection_20260604_185020.jpg
2026-06-04 18:50:20 [INFO] 图像形状: (2160, 3840, 3)
2026-06-04 18:50:20 [INFO] 图像数据类型: uint8
2026-06-04 18:50:20 [INFO] 图像最大值: 255
2026-06-04 18:50:20 [INFO] 图像最小值: 0
2026-06-04 18:50:20 [INFO] 开始保存检测结果图像: 图像尺寸=(2160, 3840, 3), 类型=uint8, 路径=C:\code\show\Scrap_Steel_In_Field\photos\dangerous_det\detection_20260604_185020.jpg
2026-06-04 18:50:20 [INFO] 成功保存检测结果到: C:\code\show\Scrap_Steel_In_Field\photos\dangerous_det\detection_20260604_185020.jpg
2026-06-04 18:50:20 [INFO] 保存的检测结果文件大小: 2242479 字节
2026-06-04 18:50:20 [INFO] 引擎上下文已释放
2026-06-04 18:50:20 [INFO] TensorRT 引擎已释放
2026-06-04 18:50:20 [INFO] 全局 CUDA 资源已释放
2026-06-04 18:50:20 [INFO] 检测系统资源已释放
2026-06-04 18:50:25 [INFO] CUDA 初始化成功
2026-06-04 18:50:25 [INFO] 引擎加载成功: dangerous.engine
2026-06-04 18:50:25 [INFO] 检测系统初始化成功
2026-06-04 18:50:25 [INFO] 图像预处理完成，原始尺寸: (2160, 3840)
2026-06-04 18:50:25 [INFO] 开始执行目标检测...
2026-06-04 18:50:25 [INFO] 检测完成，找到 4 个物体
2026-06-04 18:50:25 [INFO] 物体 1: GasCyl1 (置信度: 0.89)
2026-06-04 18:50:25 [INFO] 物体 2: GasCyl1 (置信度: 0.77)
2026-06-04 18:50:25 [INFO] 物体 3: FireExt1 (置信度: 0.42)
2026-06-04 18:50:25 [INFO] 物体 4: FireExt1 (置信度: 0.42)
2026-06-04 18:50:25 [INFO] 检测到车兜区域，将过滤区域外的目标
2026-06-04 18:50:25 [INFO] 车兜区域过滤: 4 -> 3 个目标
2026-06-04 18:50:25 [INFO] 准备保存检测结果到: C:\code\show\Scrap_Steel_In_Field\photos\dangerous_det\detection_20260604_185025.jpg
2026-06-04 18:50:25 [INFO] 图像形状: (2160, 3840, 3)
2026-06-04 18:50:25 [INFO] 图像数据类型: uint8
2026-06-04 18:50:25 [INFO] 图像最大值: 255
2026-06-04 18:50:25 [INFO] 图像最小值: 0
2026-06-04 18:50:25 [INFO] 开始保存检测结果图像: 图像尺寸=(2160, 3840, 3), 类型=uint8, 路径=C:\code\show\Scrap_Steel_In_Field\photos\dangerous_det\detection_20260604_185025.jpg
2026-06-04 18:50:25 [INFO] 成功保存检测结果到: C:\code\show\Scrap_Steel_In_Field\photos\dangerous_det\detection_20260604_185025.jpg
2026-06-04 18:50:25 [INFO] 保存的检测结果文件大小: 2242187 字节
2026-06-04 18:50:25 [INFO] 引擎上下文已释放
2026-06-04 18:50:25 [INFO] TensorRT 引擎已释放
2026-06-04 18:50:25 [INFO] 全局 CUDA 资源已释放
2026-06-04 18:50:25 [INFO] 检测系统资源已释放
2026-06-04 18:50:30 [INFO] CUDA 初始化成功
2026-06-04 18:50:30 [INFO] 引擎加载成功: dangerous.engine
2026-06-04 18:50:30 [INFO] 检测系统初始化成功
2026-06-04 18:50:30 [INFO] 图像预处理完成，原始尺寸: (2160, 3840)
2026-06-04 18:50:30 [INFO] 开始执行目标检测...
2026-06-04 18:50:30 [INFO] 检测完成，找到 5 个物体
2026-06-04 18:50:30 [INFO] 物体 1: GasCyl1 (置信度: 0.90)
2026-06-04 18:50:30 [INFO] 物体 2: GasCyl1 (置信度: 0.79)
2026-06-04 18:50:30 [INFO] 物体 3: GasCyl1 (置信度: 0.51)
2026-06-04 18:50:30 [INFO] 物体 4: FireExt1 (置信度: 0.45)
2026-06-04 18:50:30 [INFO] 物体 5: FireExt1 (置信度: 0.41)
2026-06-04 18:50:30 [INFO] 检测到车兜区域，将过滤区域外的目标
2026-06-04 18:50:30 [INFO] 车兜区域过滤: 5 -> 4 个目标
2026-06-04 18:50:30 [INFO] 准备保存检测结果到: C:\code\show\Scrap_Steel_In_Field\photos\dangerous_det\detection_20260604_185030.jpg
2026-06-04 18:50:30 [INFO] 图像形状: (2160, 3840, 3)
2026-06-04 18:50:30 [INFO] 图像数据类型: uint8
2026-06-04 18:50:30 [INFO] 图像最大值: 255
2026-06-04 18:50:30 [INFO] 图像最小值: 0
2026-06-04 18:50:30 [INFO] 开始保存检测结果图像: 图像尺寸=(2160, 3840, 3), 类型=uint8, 路径=C:\code\show\Scrap_Steel_In_Field\photos\dangerous_det\detection_20260604_185030.jpg
2026-06-04 18:50:30 [INFO] 成功保存检测结果到: C:\code\show\Scrap_Steel_In_Field\photos\dangerous_det\detection_20260604_185030.jpg
2026-06-04 18:50:30 [INFO] 保存的检测结果文件大小: 2224519 字节
2026-06-04 18:50:30 [INFO] 引擎上下文已释放
2026-06-04 18:50:30 [INFO] TensorRT 引擎已释放
2026-06-04 18:50:30 [INFO] 全局 CUDA 资源已释放
2026-06-04 18:50:30 [INFO] 检测系统资源已释放
2026-06-04 18:50:36 [INFO] CUDA 初始化成功
2026-06-04 18:50:36 [INFO] 引擎加载成功: dangerous.engine
2026-06-04 18:50:36 [INFO] 检测系统初始化成功
2026-06-04 18:50:36 [INFO] 图像预处理完成，原始尺寸: (2160, 3840)
2026-06-04 18:50:36 [INFO] 开始执行目标检测...
2026-06-04 18:50:36 [INFO] 检测完成，找到 4 个物体
2026-06-04 18:50:36 [INFO] 物体 1: GasCyl1 (置信度: 0.90)
2026-06-04 18:50:36 [INFO] 物体 2: GasCyl1 (置信度: 0.76)
2026-06-04 18:50:36 [INFO] 物体 3: FireExt1 (置信度: 0.47)
2026-06-04 18:50:36 [INFO] 物体 4: FireExt1 (置信度: 0.40)
2026-06-04 18:50:36 [INFO] 检测到车兜区域，将过滤区域外的目标
2026-06-04 18:50:36 [INFO] 车兜区域过滤: 4 -> 3 个目标
2026-06-04 18:50:36 [INFO] 准备保存检测结果到: C:\code\show\Scrap_Steel_In_Field\photos\dangerous_det\detection_20260604_185036.jpg
2026-06-04 18:50:36 [INFO] 图像形状: (2160, 3840, 3)
2026-06-04 18:50:36 [INFO] 图像数据类型: uint8
2026-06-04 18:50:36 [INFO] 图像最大值: 255
2026-06-04 18:50:36 [INFO] 图像最小值: 0
2026-06-04 18:50:36 [INFO] 开始保存检测结果图像: 图像尺寸=(2160, 3840, 3), 类型=uint8, 路径=C:\code\show\Scrap_Steel_In_Field\photos\dangerous_det\detection_20260604_185036.jpg
2026-06-04 18:50:36 [INFO] 成功保存检测结果到: C:\code\show\Scrap_Steel_In_Field\photos\dangerous_det\detection_20260604_185036.jpg
2026-06-04 18:50:36 [INFO] 保存的检测结果文件大小: 2239054 字节
2026-06-04 18:50:36 [INFO] 引擎上下文已释放
2026-06-04 18:50:36 [INFO] TensorRT 引擎已释放
2026-06-04 18:50:36 [INFO] 全局 CUDA 资源已释放
2026-06-04 18:50:36 [INFO] 检测系统资源已释放
2026-06-04 18:50:41 [INFO] CUDA 初始化成功
2026-06-04 18:50:41 [INFO] 引擎加载成功: dangerous.engine
2026-06-04 18:50:41 [INFO] 检测系统初始化成功
2026-06-04 18:50:41 [INFO] 图像预处理完成，原始尺寸: (2160, 3840)
2026-06-04 18:50:41 [INFO] 开始执行目标检测...
2026-06-04 18:50:41 [INFO] 检测完成，找到 4 个物体
2026-06-04 18:50:41 [INFO] 物体 1: GasCyl1 (置信度: 0.89)
2026-06-04 18:50:41 [INFO] 物体 2: GasCyl1 (置信度: 0.86)
2026-06-04 18:50:41 [INFO] 物体 3: FireExt1 (置信度: 0.42)
2026-06-04 18:50:41 [INFO] 物体 4: FireExt1 (置信度: 0.39)
2026-06-04 18:50:41 [INFO] 检测到车兜区域，将过滤区域外的目标
2026-06-04 18:50:41 [INFO] 车兜区域过滤: 4 -> 3 个目标
2026-06-04 18:50:41 [INFO] 准备保存检测结果到: C:\code\show\Scrap_Steel_In_Field\photos\dangerous_det\detection_20260604_185041.jpg
2026-06-04 18:50:41 [INFO] 图像形状: (2160, 3840, 3)
2026-06-04 18:50:41 [INFO] 图像数据类型: uint8
2026-06-04 18:50:41 [INFO] 图像最大值: 255
2026-06-04 18:50:41 [INFO] 图像最小值: 0
2026-06-04 18:50:41 [INFO] 开始保存检测结果图像: 图像尺寸=(2160, 3840, 3), 类型=uint8, 路径=C:\code\show\Scrap_Steel_In_Field\photos\dangerous_det\detection_20260604_185041.jpg
2026-06-04 18:50:41 [INFO] 成功保存检测结果到: C:\code\show\Scrap_Steel_In_Field\photos\dangerous_det\detection_20260604_185041.jpg
2026-06-04 18:50:41 [INFO] 保存的检测结果文件大小: 2240949 字节
2026-06-04 18:50:41 [INFO] 引擎上下文已释放
2026-06-04 18:50:41 [INFO] TensorRT 引擎已释放
2026-06-04 18:50:41 [INFO] 全局 CUDA 资源已释放
2026-06-04 18:50:41 [INFO] 检测系统资源已释放
2026-06-04 18:50:46 [INFO] CUDA 初始化成功
2026-06-04 18:50:46 [INFO] 引擎加载成功: dangerous.engine
2026-06-04 18:50:46 [INFO] 检测系统初始化成功
2026-06-04 18:50:46 [INFO] 图像预处理完成，原始尺寸: (2160, 3840)
2026-06-04 18:50:46 [INFO] 开始执行目标检测...
2026-06-04 18:50:46 [INFO] 检测完成，找到 4 个物体
2026-06-04 18:50:46 [INFO] 物体 1: GasCyl1 (置信度: 0.88)
2026-06-04 18:50:46 [INFO] 物体 2: GasCyl1 (置信度: 0.83)
2026-06-04 18:50:46 [INFO] 物体 3: FireExt1 (置信度: 0.47)
2026-06-04 18:50:46 [INFO] 物体 4: FireExt1 (置信度: 0.38)
2026-06-04 18:50:46 [INFO] 检测到车兜区域，将过滤区域外的目标
2026-06-04 18:50:46 [INFO] 车兜区域过滤: 4 -> 3 个目标
2026-06-04 18:50:46 [INFO] 准备保存检测结果到: C:\code\show\Scrap_Steel_In_Field\photos\dangerous_det\detection_20260604_185046.jpg
2026-06-04 18:50:46 [INFO] 图像形状: (2160, 3840, 3)
2026-06-04 18:50:46 [INFO] 图像数据类型: uint8
2026-06-04 18:50:46 [INFO] 图像最大值: 255
2026-06-04 18:50:46 [INFO] 图像最小值: 0
2026-06-04 18:50:46 [INFO] 开始保存检测结果图像: 图像尺寸=(2160, 3840, 3), 类型=uint8, 路径=C:\code\show\Scrap_Steel_In_Field\photos\dangerous_det\detection_20260604_185046.jpg
2026-06-04 18:50:46 [INFO] 成功保存检测结果到: C:\code\show\Scrap_Steel_In_Field\photos\dangerous_det\detection_20260604_185046.jpg
2026-06-04 18:50:46 [INFO] 保存的检测结果文件大小: 2239726 字节
2026-06-04 18:50:46 [INFO] 引擎上下文已释放
2026-06-04 18:50:46 [INFO] TensorRT 引擎已释放
2026-06-04 18:50:47 [INFO] 全局 CUDA 资源已释放
2026-06-04 18:50:47 [INFO] 检测系统资源已释放
2026-06-04 18:50:51 [INFO] CUDA 初始化成功
2026-06-04 18:50:51 [INFO] 引擎加载成功: dangerous.engine
2026-06-04 18:50:51 [INFO] 检测系统初始化成功
2026-06-04 18:50:51 [INFO] 图像预处理完成，原始尺寸: (2160, 3840)
2026-06-04 18:50:51 [INFO] 开始执行目标检测...
2026-06-04 18:50:51 [INFO] 检测完成，找到 4 个物体
2026-06-04 18:50:51 [INFO] 物体 1: GasCyl1 (置信度: 0.89)
2026-06-04 18:50:51 [INFO] 物体 2: GasCyl1 (置信度: 0.80)
2026-06-04 18:50:51 [INFO] 物体 3: FireExt1 (置信度: 0.43)
2026-06-04 18:50:51 [INFO] 物体 4: FireExt1 (置信度: 0.40)
2026-06-04 18:50:51 [INFO] 检测到车兜区域，将过滤区域外的目标
2026-06-04 18:50:51 [INFO] 车兜区域过滤: 4 -> 3 个目标
2026-06-04 18:50:51 [INFO] 准备保存检测结果到: C:\code\show\Scrap_Steel_In_Field\photos\dangerous_det\detection_20260604_185051.jpg
2026-06-04 18:50:51 [INFO] 图像形状: (2160, 3840, 3)
2026-06-04 18:50:51 [INFO] 图像数据类型: uint8
2026-06-04 18:50:51 [INFO] 图像最大值: 255
2026-06-04 18:50:51 [INFO] 图像最小值: 0
2026-06-04 18:50:51 [INFO] 开始保存检测结果图像: 图像尺寸=(2160, 3840, 3), 类型=uint8, 路径=C:\code\show\Scrap_Steel_In_Field\photos\dangerous_det\detection_20260604_185051.jpg
2026-06-04 18:50:51 [INFO] 成功保存检测结果到: C:\code\show\Scrap_Steel_In_Field\photos\dangerous_det\detection_20260604_185051.jpg
2026-06-04 18:50:51 [INFO] 保存的检测结果文件大小: 2242968 字节
2026-06-04 18:50:51 [INFO] 引擎上下文已释放
2026-06-04 18:50:51 [INFO] TensorRT 引擎已释放
2026-06-04 18:50:52 [INFO] 全局 CUDA 资源已释放
2026-06-04 18:50:52 [INFO] 检测系统资源已释放
2026-06-04 18:50:57 [INFO] CUDA 初始化成功
2026-06-04 18:50:57 [INFO] 引擎加载成功: dangerous.engine
2026-06-04 18:50:57 [INFO] 检测系统初始化成功
2026-06-04 18:50:57 [INFO] 图像预处理完成，原始尺寸: (2160, 3840)
2026-06-04 18:50:57 [INFO] 开始执行目标检测...
2026-06-04 18:50:57 [INFO] 检测完成，找到 4 个物体
2026-06-04 18:50:57 [INFO] 物体 1: GasCyl1 (置信度: 0.89)
2026-06-04 18:50:57 [INFO] 物体 2: GasCyl1 (置信度: 0.82)
2026-06-04 18:50:57 [INFO] 物体 3: FireExt1 (置信度: 0.43)
2026-06-04 18:50:57 [INFO] 物体 4: FireExt1 (置信度: 0.41)
2026-06-04 18:50:57 [INFO] 检测到车兜区域，将过滤区域外的目标
2026-06-04 18:50:57 [INFO] 车兜区域过滤: 4 -> 3 个目标
2026-06-04 18:50:57 [INFO] 准备保存检测结果到: C:\code\show\Scrap_Steel_In_Field\photos\dangerous_det\detection_20260604_185057.jpg
2026-06-04 18:50:57 [INFO] 图像形状: (2160, 3840, 3)
2026-06-04 18:50:57 [INFO] 图像数据类型: uint8
2026-06-04 18:50:57 [INFO] 图像最大值: 255
2026-06-04 18:50:57 [INFO] 图像最小值: 0
2026-06-04 18:50:57 [INFO] 开始保存检测结果图像: 图像尺寸=(2160, 3840, 3), 类型=uint8, 路径=C:\code\show\Scrap_Steel_In_Field\photos\dangerous_det\detection_20260604_185057.jpg
2026-06-04 18:50:57 [INFO] 成功保存检测结果到: C:\code\show\Scrap_Steel_In_Field\photos\dangerous_det\detection_20260604_185057.jpg
2026-06-04 18:50:57 [INFO] 保存的检测结果文件大小: 2225138 字节
2026-06-04 18:50:57 [INFO] 引擎上下文已释放
2026-06-04 18:50:57 [INFO] TensorRT 引擎已释放
2026-06-04 18:50:57 [INFO] 全局 CUDA 资源已释放
2026-06-04 18:50:57 [INFO] 检测系统资源已释放
2026-06-04 18:51:02 [INFO] CUDA 初始化成功
2026-06-04 18:51:02 [INFO] 引擎加载成功: dangerous.engine
2026-06-04 18:51:02 [INFO] 检测系统初始化成功
2026-06-04 18:51:02 [INFO] 图像预处理完成，原始尺寸: (2160, 3840)
2026-06-04 18:51:02 [INFO] 开始执行目标检测...
2026-06-04 18:51:02 [INFO] 检测完成，找到 4 个物体
2026-06-04 18:51:02 [INFO] 物体 1: GasCyl1 (置信度: 0.89)
2026-06-04 18:51:02 [INFO] 物体 2: GasCyl1 (置信度: 0.82)
2026-06-04 18:51:02 [INFO] 物体 3: FireExt1 (置信度: 0.49)
2026-06-04 18:51:02 [INFO] 物体 4: FireExt1 (置信度: 0.45)
2026-06-04 18:51:02 [INFO] 检测到车兜区域，将过滤区域外的目标
2026-06-04 18:51:02 [INFO] 车兜区域过滤: 4 -> 3 个目标
2026-06-04 18:51:02 [INFO] 准备保存检测结果到: C:\code\show\Scrap_Steel_In_Field\photos\dangerous_det\detection_20260604_185102.jpg
2026-06-04 18:51:02 [INFO] 图像形状: (2160, 3840, 3)
2026-06-04 18:51:02 [INFO] 图像数据类型: uint8
2026-06-04 18:51:02 [INFO] 图像最大值: 255
2026-06-04 18:51:02 [INFO] 图像最小值: 0
2026-06-04 18:51:02 [INFO] 开始保存检测结果图像: 图像尺寸=(2160, 3840, 3), 类型=uint8, 路径=C:\code\show\Scrap_Steel_In_Field\photos\dangerous_det\detection_20260604_185102.jpg
2026-06-04 18:51:02 [INFO] 成功保存检测结果到: C:\code\show\Scrap_Steel_In_Field\photos\dangerous_det\detection_20260604_185102.jpg
2026-06-04 18:51:02 [INFO] 保存的检测结果文件大小: 2231427 字节
2026-06-04 18:51:02 [INFO] 引擎上下文已释放
2026-06-04 18:51:02 [INFO] TensorRT 引擎已释放
2026-06-04 18:51:02 [INFO] 全局 CUDA 资源已释放
2026-06-04 18:51:02 [INFO] 检测系统资源已释放
2026-06-04 18:51:07 [INFO] CUDA 初始化成功
2026-06-04 18:51:07 [INFO] 引擎加载成功: dangerous.engine
2026-06-04 18:51:07 [INFO] 检测系统初始化成功
2026-06-04 18:51:07 [INFO] 图像预处理完成，原始尺寸: (2160, 3840)
2026-06-04 18:51:07 [INFO] 开始执行目标检测...
2026-06-04 18:51:07 [INFO] 检测完成，找到 4 个物体
2026-06-04 18:51:07 [INFO] 物体 1: GasCyl1 (置信度: 0.89)
2026-06-04 18:51:07 [INFO] 物体 2: GasCyl1 (置信度: 0.81)
2026-06-04 18:51:07 [INFO] 物体 3: FireExt1 (置信度: 0.47)
2026-06-04 18:51:07 [INFO] 物体 4: FireExt1 (置信度: 0.44)
2026-06-04 18:51:07 [INFO] 检测到车兜区域，将过滤区域外的目标
2026-06-04 18:51:07 [INFO] 车兜区域过滤: 4 -> 3 个目标
2026-06-04 18:51:07 [INFO] 准备保存检测结果到: C:\code\show\Scrap_Steel_In_Field\photos\dangerous_det\detection_20260604_185107.jpg
2026-06-04 18:51:07 [INFO] 图像形状: (2160, 3840, 3)
2026-06-04 18:51:07 [INFO] 图像数据类型: uint8
2026-06-04 18:51:07 [INFO] 图像最大值: 255
2026-06-04 18:51:07 [INFO] 图像最小值: 0
2026-06-04 18:51:07 [INFO] 开始保存检测结果图像: 图像尺寸=(2160, 3840, 3), 类型=uint8, 路径=C:\code\show\Scrap_Steel_In_Field\photos\dangerous_det\detection_20260604_185107.jpg
2026-06-04 18:51:07 [INFO] 成功保存检测结果到: C:\code\show\Scrap_Steel_In_Field\photos\dangerous_det\detection_20260604_185107.jpg
2026-06-04 18:51:07 [INFO] 保存的检测结果文件大小: 2233575 字节
2026-06-04 18:51:07 [INFO] 引擎上下文已释放
2026-06-04 18:51:07 [INFO] TensorRT 引擎已释放
2026-06-04 18:51:08 [INFO] 全局 CUDA 资源已释放
2026-06-04 18:51:08 [INFO] 检测系统资源已释放
2026-06-04 18:51:13 [INFO] CUDA 初始化成功
2026-06-04 18:51:13 [INFO] 引擎加载成功: dangerous.engine
2026-06-04 18:51:13 [INFO] 检测系统初始化成功
2026-06-04 18:51:13 [INFO] 图像预处理完成，原始尺寸: (2160, 3840)
2026-06-04 18:51:13 [INFO] 开始执行目标检测...
2026-06-04 18:51:13 [INFO] 检测完成，找到 4 个物体
2026-06-04 18:51:13 [INFO] 物体 1: GasCyl1 (置信度: 0.89)
2026-06-04 18:51:13 [INFO] 物体 2: GasCyl1 (置信度: 0.81)
2026-06-04 18:51:13 [INFO] 物体 3: FireExt1 (置信度: 0.45)
2026-06-04 18:51:13 [INFO] 物体 4: FireExt1 (置信度: 0.41)
2026-06-04 18:51:13 [INFO] 检测到车兜区域，将过滤区域外的目标
2026-06-04 18:51:13 [INFO] 车兜区域过滤: 4 -> 3 个目标
2026-06-04 18:51:13 [INFO] 准备保存检测结果到: C:\code\show\Scrap_Steel_In_Field\photos\dangerous_det\detection_20260604_185113.jpg
2026-06-04 18:51:13 [INFO] 图像形状: (2160, 3840, 3)
2026-06-04 18:51:13 [INFO] 图像数据类型: uint8
2026-06-04 18:51:13 [INFO] 图像最大值: 255
2026-06-04 18:51:13 [INFO] 图像最小值: 0
2026-06-04 18:51:13 [INFO] 开始保存检测结果图像: 图像尺寸=(2160, 3840, 3), 类型=uint8, 路径=C:\code\show\Scrap_Steel_In_Field\photos\dangerous_det\detection_20260604_185113.jpg
2026-06-04 18:51:13 [INFO] 成功保存检测结果到: C:\code\show\Scrap_Steel_In_Field\photos\dangerous_det\detection_20260604_185113.jpg
2026-06-04 18:51:13 [INFO] 保存的检测结果文件大小: 2172369 字节
2026-06-04 18:51:13 [INFO] 引擎上下文已释放
2026-06-04 18:51:13 [INFO] TensorRT 引擎已释放
2026-06-04 18:51:13 [INFO] 全局 CUDA 资源已释放
2026-06-04 18:51:13 [INFO] 检测系统资源已释放
2026-06-04 18:51:18 [INFO] CUDA 初始化成功
2026-06-04 18:51:18 [INFO] 引擎加载成功: dangerous.engine
2026-06-04 18:51:18 [INFO] 检测系统初始化成功
2026-06-04 18:51:18 [INFO] 图像预处理完成，原始尺寸: (2160, 3840)
2026-06-04 18:51:18 [INFO] 开始执行目标检测...
2026-06-04 18:51:18 [INFO] 检测完成，找到 4 个物体
2026-06-04 18:51:18 [INFO] 物体 1: GasCyl1 (置信度: 0.90)
2026-06-04 18:51:18 [INFO] 物体 2: GasCyl1 (置信度: 0.74)
2026-06-04 18:51:18 [INFO] 物体 3: GasCyl1 (置信度: 0.69)
2026-06-04 18:51:18 [INFO] 物体 4: FireExt1 (置信度: 0.40)
2026-06-04 18:51:18 [INFO] 检测到车兜区域，将过滤区域外的目标
2026-06-04 18:51:18 [INFO] 准备保存检测结果到: C:\code\show\Scrap_Steel_In_Field\photos\dangerous_det\detection_20260604_185118.jpg
2026-06-04 18:51:18 [INFO] 图像形状: (2160, 3840, 3)
2026-06-04 18:51:18 [INFO] 图像数据类型: uint8
2026-06-04 18:51:18 [INFO] 图像最大值: 255
2026-06-04 18:51:18 [INFO] 图像最小值: 0
2026-06-04 18:51:18 [INFO] 开始保存检测结果图像: 图像尺寸=(2160, 3840, 3), 类型=uint8, 路径=C:\code\show\Scrap_Steel_In_Field\photos\dangerous_det\detection_20260604_185118.jpg
2026-06-04 18:51:18 [INFO] 成功保存检测结果到: C:\code\show\Scrap_Steel_In_Field\photos\dangerous_det\detection_20260604_185118.jpg
2026-06-04 18:51:18 [INFO] 保存的检测结果文件大小: 1567805 字节
2026-06-04 18:51:18 [INFO] 引擎上下文已释放
2026-06-04 18:51:18 [INFO] TensorRT 引擎已释放
2026-06-04 18:51:18 [INFO] 全局 CUDA 资源已释放
2026-06-04 18:51:18 [INFO] 检测系统资源已释放
2026-06-04 18:51:23 [INFO] CUDA 初始化成功
2026-06-04 18:51:23 [INFO] 引擎加载成功: dangerous.engine
2026-06-04 18:51:23 [INFO] 检测系统初始化成功
2026-06-04 18:51:23 [INFO] 图像预处理完成，原始尺寸: (2160, 3840)
2026-06-04 18:51:23 [INFO] 开始执行目标检测...
2026-06-04 18:51:23 [INFO] 检测完成，找到 5 个物体
2026-06-04 18:51:23 [INFO] 物体 1: GasCyl1 (置信度: 0.89)
2026-06-04 18:51:23 [INFO] 物体 2: GasCyl1 (置信度: 0.78)
2026-06-04 18:51:23 [INFO] 物体 3: GasCyl1 (置信度: 0.52)
2026-06-04 18:51:23 [INFO] 物体 4: FireExt1 (置信度: 0.42)
2026-06-04 18:51:23 [INFO] 物体 5: FireExt1 (置信度: 0.40)
2026-06-04 18:51:23 [INFO] 检测到车兜区域，将过滤区域外的目标
2026-06-04 18:51:23 [INFO] 车兜区域过滤: 5 -> 4 个目标
2026-06-04 18:51:23 [INFO] 准备保存检测结果到: C:\code\show\Scrap_Steel_In_Field\photos\dangerous_det\detection_20260604_185123.jpg
2026-06-04 18:51:23 [INFO] 图像形状: (2160, 3840, 3)
2026-06-04 18:51:23 [INFO] 图像数据类型: uint8
2026-06-04 18:51:23 [INFO] 图像最大值: 255
2026-06-04 18:51:23 [INFO] 图像最小值: 0
2026-06-04 18:51:23 [INFO] 开始保存检测结果图像: 图像尺寸=(2160, 3840, 3), 类型=uint8, 路径=C:\code\show\Scrap_Steel_In_Field\photos\dangerous_det\detection_20260604_185123.jpg
2026-06-04 18:51:23 [INFO] 成功保存检测结果到: C:\code\show\Scrap_Steel_In_Field\photos\dangerous_det\detection_20260604_185123.jpg
2026-06-04 18:51:23 [INFO] 保存的检测结果文件大小: 2193666 字节
2026-06-04 18:51:23 [INFO] 引擎上下文已释放
2026-06-04 18:51:23 [INFO] TensorRT 引擎已释放
2026-06-04 18:51:23 [INFO] 全局 CUDA 资源已释放
2026-06-04 18:51:23 [INFO] 检测系统资源已释放
2026-06-04 18:51:28 [INFO] CUDA 初始化成功
2026-06-04 18:51:28 [INFO] 引擎加载成功: dangerous.engine
2026-06-04 18:51:28 [INFO] 检测系统初始化成功
2026-06-04 18:51:28 [INFO] 图像预处理完成，原始尺寸: (2160, 3840)
2026-06-04 18:51:28 [INFO] 开始执行目标检测...
2026-06-04 18:51:28 [INFO] 检测完成，找到 4 个物体
2026-06-04 18:51:28 [INFO] 物体 1: GasCyl1 (置信度: 0.89)
2026-06-04 18:51:28 [INFO] 物体 2: GasCyl1 (置信度: 0.84)
2026-06-04 18:51:28 [INFO] 物体 3: FireExt1 (置信度: 0.42)
2026-06-04 18:51:28 [INFO] 物体 4: FireExt1 (置信度: 0.41)
2026-06-04 18:51:28 [INFO] 检测到车兜区域，将过滤区域外的目标
2026-06-04 18:51:28 [INFO] 车兜区域过滤: 4 -> 3 个目标
2026-06-04 18:51:28 [INFO] 准备保存检测结果到: C:\code\show\Scrap_Steel_In_Field\photos\dangerous_det\detection_20260604_185128.jpg
2026-06-04 18:51:28 [INFO] 图像形状: (2160, 3840, 3)
2026-06-04 18:51:28 [INFO] 图像数据类型: uint8
2026-06-04 18:51:28 [INFO] 图像最大值: 255
2026-06-04 18:51:28 [INFO] 图像最小值: 0
2026-06-04 18:51:28 [INFO] 开始保存检测结果图像: 图像尺寸=(2160, 3840, 3), 类型=uint8, 路径=C:\code\show\Scrap_Steel_In_Field\photos\dangerous_det\detection_20260604_185128.jpg
2026-06-04 18:51:28 [INFO] 成功保存检测结果到: C:\code\show\Scrap_Steel_In_Field\photos\dangerous_det\detection_20260604_185128.jpg
2026-06-04 18:51:28 [INFO] 保存的检测结果文件大小: 2208995 字节
2026-06-04 18:51:28 [INFO] 引擎上下文已释放
2026-06-04 18:51:28 [INFO] TensorRT 引擎已释放
2026-06-04 18:51:28 [INFO] 全局 CUDA 资源已释放
2026-06-04 18:51:28 [INFO] 检测系统资源已释放
2026-06-04 18:51:33 [INFO] CUDA 初始化成功
2026-06-04 18:51:33 [INFO] 引擎加载成功: dangerous.engine
2026-06-04 18:51:33 [INFO] 检测系统初始化成功
2026-06-04 18:51:33 [INFO] 图像预处理完成，原始尺寸: (2160, 3840)
2026-06-04 18:51:33 [INFO] 开始执行目标检测...
2026-06-04 18:51:34 [INFO] 检测完成，找到 4 个物体
2026-06-04 18:51:34 [INFO] 物体 1: GasCyl1 (置信度: 0.89)
2026-06-04 18:51:34 [INFO] 物体 2: GasCyl1 (置信度: 0.83)
2026-06-04 18:51:34 [INFO] 物体 3: FireExt1 (置信度: 0.46)
2026-06-04 18:51:34 [INFO] 物体 4: FireExt1 (置信度: 0.43)
2026-06-04 18:51:34 [INFO] 检测到车兜区域，将过滤区域外的目标
2026-06-04 18:51:34 [INFO] 车兜区域过滤: 4 -> 3 个目标
2026-06-04 18:51:34 [INFO] 准备保存检测结果到: C:\code\show\Scrap_Steel_In_Field\photos\dangerous_det\detection_20260604_185134.jpg
2026-06-04 18:51:34 [INFO] 图像形状: (2160, 3840, 3)
2026-06-04 18:51:34 [INFO] 图像数据类型: uint8
2026-06-04 18:51:34 [INFO] 图像最大值: 255
2026-06-04 18:51:34 [INFO] 图像最小值: 0
2026-06-04 18:51:34 [INFO] 开始保存检测结果图像: 图像尺寸=(2160, 3840, 3), 类型=uint8, 路径=C:\code\show\Scrap_Steel_In_Field\photos\dangerous_det\detection_20260604_185134.jpg
2026-06-04 18:51:34 [INFO] 成功保存检测结果到: C:\code\show\Scrap_Steel_In_Field\photos\dangerous_det\detection_20260604_185134.jpg
2026-06-04 18:51:34 [INFO] 保存的检测结果文件大小: 2220566 字节
2026-06-04 18:51:34 [INFO] 引擎上下文已释放
2026-06-04 18:51:34 [INFO] TensorRT 引擎已释放
2026-06-04 18:51:34 [INFO] 全局 CUDA 资源已释放
2026-06-04 18:51:34 [INFO] 检测系统资源已释放
2026-06-04 18:51:38 [INFO] CUDA 初始化成功
2026-06-04 18:51:38 [INFO] 引擎加载成功: dangerous.engine
2026-06-04 18:51:38 [INFO] 检测系统初始化成功
2026-06-04 18:51:39 [INFO] 图像预处理完成，原始尺寸: (2160, 3840)
2026-06-04 18:51:39 [INFO] 开始执行目标检测...
2026-06-04 18:51:39 [INFO] 检测完成，找到 5 个物体
2026-06-04 18:51:39 [INFO] 物体 1: GasCyl1 (置信度: 0.89)
2026-06-04 18:51:39 [INFO] 物体 2: GasCyl1 (置信度: 0.85)
2026-06-04 18:51:39 [INFO] 物体 3: FireExt1 (置信度: 0.45)
2026-06-04 18:51:39 [INFO] 物体 4: FireExt1 (置信度: 0.45)
2026-06-04 18:51:39 [INFO] 物体 5: GasCyl1 (置信度: 0.43)
2026-06-04 18:51:39 [INFO] 检测到车兜区域，将过滤区域外的目标
2026-06-04 18:51:39 [INFO] 车兜区域过滤: 5 -> 4 个目标
2026-06-04 18:51:39 [INFO] 准备保存检测结果到: C:\code\show\Scrap_Steel_In_Field\photos\dangerous_det\detection_20260604_185139.jpg
2026-06-04 18:51:39 [INFO] 图像形状: (2160, 3840, 3)
2026-06-04 18:51:39 [INFO] 图像数据类型: uint8
2026-06-04 18:51:39 [INFO] 图像最大值: 255
2026-06-04 18:51:39 [INFO] 图像最小值: 0
2026-06-04 18:51:39 [INFO] 开始保存检测结果图像: 图像尺寸=(2160, 3840, 3), 类型=uint8, 路径=C:\code\show\Scrap_Steel_In_Field\photos\dangerous_det\detection_20260604_185139.jpg
2026-06-04 18:51:39 [INFO] 成功保存检测结果到: C:\code\show\Scrap_Steel_In_Field\photos\dangerous_det\detection_20260604_185139.jpg
2026-06-04 18:51:39 [INFO] 保存的检测结果文件大小: 2210929 字节
2026-06-04 18:51:39 [INFO] 引擎上下文已释放
2026-06-04 18:51:39 [INFO] TensorRT 引擎已释放
2026-06-04 18:51:39 [INFO] 全局 CUDA 资源已释放
2026-06-04 18:51:39 [INFO] 检测系统资源已释放
2026-06-04 18:51:43 [INFO] CUDA 初始化成功
2026-06-04 18:51:43 [INFO] 引擎加载成功: dangerous.engine
2026-06-04 18:51:43 [INFO] 检测系统初始化成功
2026-06-04 18:51:43 [INFO] 图像预处理完成，原始尺寸: (2160, 3840)
2026-06-04 18:51:43 [INFO] 开始执行目标检测...
2026-06-04 18:51:44 [INFO] 检测完成，找到 4 个物体
2026-06-04 18:51:44 [INFO] 物体 1: GasCyl1 (置信度: 0.86)
2026-06-04 18:51:44 [INFO] 物体 2: GasCyl1 (置信度: 0.82)
2026-06-04 18:51:44 [INFO] 物体 3: FireExt1 (置信度: 0.46)
2026-06-04 18:51:44 [INFO] 物体 4: FireExt1 (置信度: 0.42)
2026-06-04 18:51:44 [INFO] 检测到车兜区域，将过滤区域外的目标
2026-06-04 18:51:44 [INFO] 车兜区域过滤: 4 -> 3 个目标
2026-06-04 18:51:44 [INFO] 准备保存检测结果到: C:\code\show\Scrap_Steel_In_Field\photos\dangerous_det\detection_20260604_185144.jpg
2026-06-04 18:51:44 [INFO] 图像形状: (2160, 3840, 3)
2026-06-04 18:51:44 [INFO] 图像数据类型: uint8
2026-06-04 18:51:44 [INFO] 图像最大值: 255
2026-06-04 18:51:44 [INFO] 图像最小值: 0
2026-06-04 18:51:44 [INFO] 开始保存检测结果图像: 图像尺寸=(2160, 3840, 3), 类型=uint8, 路径=C:\code\show\Scrap_Steel_In_Field\photos\dangerous_det\detection_20260604_185144.jpg
2026-06-04 18:51:44 [INFO] 成功保存检测结果到: C:\code\show\Scrap_Steel_In_Field\photos\dangerous_det\detection_20260604_185144.jpg
2026-06-04 18:51:44 [INFO] 保存的检测结果文件大小: 2215896 字节
2026-06-04 18:51:44 [INFO] 引擎上下文已释放
2026-06-04 18:51:44 [INFO] TensorRT 引擎已释放
2026-06-04 18:51:44 [INFO] 全局 CUDA 资源已释放
2026-06-04 18:51:44 [INFO] 检测系统资源已释放
2026-06-04 18:51:49 [INFO] CUDA 初始化成功
2026-06-04 18:51:49 [INFO] 引擎加载成功: dangerous.engine
2026-06-04 18:51:49 [INFO] 检测系统初始化成功
2026-06-04 18:51:49 [INFO] 图像预处理完成，原始尺寸: (2160, 3840)
2026-06-04 18:51:49 [INFO] 开始执行目标检测...
2026-06-04 18:51:49 [INFO] 检测完成，找到 5 个物体
2026-06-04 18:51:49 [INFO] 物体 1: GasCyl1 (置信度: 0.90)
2026-06-04 18:51:49 [INFO] 物体 2: GasCyl1 (置信度: 0.80)
2026-06-04 18:51:49 [INFO] 物体 3: GasCyl1 (置信度: 0.50)
2026-06-04 18:51:49 [INFO] 物体 4: FireExt1 (置信度: 0.42)
2026-06-04 18:51:49 [INFO] 物体 5: FireExt1 (置信度: 0.41)
2026-06-04 18:51:49 [INFO] 检测到车兜区域，将过滤区域外的目标
2026-06-04 18:51:49 [INFO] 车兜区域过滤: 5 -> 4 个目标
2026-06-04 18:51:49 [INFO] 准备保存检测结果到: C:\code\show\Scrap_Steel_In_Field\photos\dangerous_det\detection_20260604_185149.jpg
2026-06-04 18:51:49 [INFO] 图像形状: (2160, 3840, 3)
2026-06-04 18:51:49 [INFO] 图像数据类型: uint8
2026-06-04 18:51:49 [INFO] 图像最大值: 255
2026-06-04 18:51:49 [INFO] 图像最小值: 0
2026-06-04 18:51:49 [INFO] 开始保存检测结果图像: 图像尺寸=(2160, 3840, 3), 类型=uint8, 路径=C:\code\show\Scrap_Steel_In_Field\photos\dangerous_det\detection_20260604_185149.jpg
2026-06-04 18:51:49 [INFO] 成功保存检测结果到: C:\code\show\Scrap_Steel_In_Field\photos\dangerous_det\detection_20260604_185149.jpg
2026-06-04 18:51:49 [INFO] 保存的检测结果文件大小: 2161341 字节
2026-06-04 18:51:49 [INFO] 引擎上下文已释放
2026-06-04 18:51:49 [INFO] TensorRT 引擎已释放
2026-06-04 18:51:49 [INFO] 全局 CUDA 资源已释放
2026-06-04 18:51:49 [INFO] 检测系统资源已释放
2026-06-04 18:51:54 [INFO] CUDA 初始化成功
2026-06-04 18:51:54 [INFO] 引擎加载成功: dangerous.engine
2026-06-04 18:51:54 [INFO] 检测系统初始化成功
2026-06-04 18:51:54 [INFO] 图像预处理完成，原始尺寸: (2160, 3840)
2026-06-04 18:51:54 [INFO] 开始执行目标检测...
2026-06-04 18:51:55 [INFO] 检测完成，找到 5 个物体
2026-06-04 18:51:55 [INFO] 物体 1: GasCyl1 (置信度: 0.88)
2026-06-04 18:51:55 [INFO] 物体 2: GasCyl1 (置信度: 0.74)
2026-06-04 18:51:55 [INFO] 物体 3: FireExt1 (置信度: 0.44)
2026-06-04 18:51:55 [INFO] 物体 4: GasCyl1 (置信度: 0.42)
2026-06-04 18:51:55 [INFO] 物体 5: FireExt1 (置信度: 0.41)
2026-06-04 18:51:55 [INFO] 检测到车兜区域，将过滤区域外的目标
2026-06-04 18:51:55 [INFO] 车兜区域过滤: 5 -> 4 个目标
2026-06-04 18:51:55 [INFO] 准备保存检测结果到: C:\code\show\Scrap_Steel_In_Field\photos\dangerous_det\detection_20260604_185155.jpg
2026-06-04 18:51:55 [INFO] 图像形状: (2160, 3840, 3)
2026-06-04 18:51:55 [INFO] 图像数据类型: uint8
2026-06-04 18:51:55 [INFO] 图像最大值: 255
2026-06-04 18:51:55 [INFO] 图像最小值: 0
2026-06-04 18:51:55 [INFO] 开始保存检测结果图像: 图像尺寸=(2160, 3840, 3), 类型=uint8, 路径=C:\code\show\Scrap_Steel_In_Field\photos\dangerous_det\detection_20260604_185155.jpg
2026-06-04 18:51:55 [INFO] 成功保存检测结果到: C:\code\show\Scrap_Steel_In_Field\photos\dangerous_det\detection_20260604_185155.jpg
2026-06-04 18:51:55 [INFO] 保存的检测结果文件大小: 2227059 字节
2026-06-04 18:51:55 [INFO] 引擎上下文已释放
2026-06-04 18:51:55 [INFO] TensorRT 引擎已释放
2026-06-04 18:51:55 [INFO] 全局 CUDA 资源已释放
2026-06-04 18:51:55 [INFO] 检测系统资源已释放
2026-06-04 18:52:00 [INFO] CUDA 初始化成功
2026-06-04 18:52:00 [INFO] 引擎加载成功: dangerous.engine
2026-06-04 18:52:00 [INFO] 检测系统初始化成功
2026-06-04 18:52:00 [INFO] 图像预处理完成，原始尺寸: (2160, 3840)
2026-06-04 18:52:00 [INFO] 开始执行目标检测...
2026-06-04 18:52:00 [INFO] 检测完成，找到 5 个物体
2026-06-04 18:52:00 [INFO] 物体 1: GasCyl1 (置信度: 0.89)
2026-06-04 18:52:00 [INFO] 物体 2: GasCyl1 (置信度: 0.80)
2026-06-04 18:52:00 [INFO] 物体 3: FireExt1 (置信度: 0.45)
2026-06-04 18:52:00 [INFO] 物体 4: FireExt1 (置信度: 0.40)
2026-06-04 18:52:00 [INFO] 物体 5: GasCyl1 (置信度: 0.36)
2026-06-04 18:52:00 [INFO] 检测到车兜区域，将过滤区域外的目标
2026-06-04 18:52:00 [INFO] 车兜区域过滤: 5 -> 4 个目标
2026-06-04 18:52:00 [INFO] 准备保存检测结果到: C:\code\show\Scrap_Steel_In_Field\photos\dangerous_det\detection_20260604_185200.jpg
2026-06-04 18:52:00 [INFO] 图像形状: (2160, 3840, 3)
2026-06-04 18:52:00 [INFO] 图像数据类型: uint8
2026-06-04 18:52:00 [INFO] 图像最大值: 255
2026-06-04 18:52:00 [INFO] 图像最小值: 0
2026-06-04 18:52:00 [INFO] 开始保存检测结果图像: 图像尺寸=(2160, 3840, 3), 类型=uint8, 路径=C:\code\show\Scrap_Steel_In_Field\photos\dangerous_det\detection_20260604_185200.jpg
2026-06-04 18:52:00 [INFO] 成功保存检测结果到: C:\code\show\Scrap_Steel_In_Field\photos\dangerous_det\detection_20260604_185200.jpg
2026-06-04 18:52:00 [INFO] 保存的检测结果文件大小: 2229292 字节
2026-06-04 18:52:00 [INFO] 引擎上下文已释放
2026-06-04 18:52:00 [INFO] TensorRT 引擎已释放
2026-06-04 18:52:00 [INFO] 全局 CUDA 资源已释放
2026-06-04 18:52:00 [INFO] 检测系统资源已释放
2026-06-04 18:52:05 [INFO] CUDA 初始化成功
2026-06-04 18:52:05 [INFO] 引擎加载成功: dangerous.engine
2026-06-04 18:52:05 [INFO] 检测系统初始化成功
2026-06-04 18:52:05 [INFO] 图像预处理完成，原始尺寸: (2160, 3840)
2026-06-04 18:52:05 [INFO] 开始执行目标检测...
2026-06-04 18:52:05 [INFO] 检测完成，找到 4 个物体
2026-06-04 18:52:05 [INFO] 物体 1: GasCyl1 (置信度: 0.90)
2026-06-04 18:52:05 [INFO] 物体 2: GasCyl1 (置信度: 0.80)
2026-06-04 18:52:05 [INFO] 物体 3: FireExt1 (置信度: 0.44)
2026-06-04 18:52:05 [INFO] 物体 4: FireExt1 (置信度: 0.44)
2026-06-04 18:52:05 [INFO] 检测到车兜区域，将过滤区域外的目标
2026-06-04 18:52:05 [INFO] 车兜区域过滤: 4 -> 3 个目标
2026-06-04 18:52:05 [INFO] 准备保存检测结果到: C:\code\show\Scrap_Steel_In_Field\photos\dangerous_det\detection_20260604_185205.jpg
2026-06-04 18:52:05 [INFO] 图像形状: (2160, 3840, 3)
2026-06-04 18:52:05 [INFO] 图像数据类型: uint8
2026-06-04 18:52:05 [INFO] 图像最大值: 255
2026-06-04 18:52:05 [INFO] 图像最小值: 0
2026-06-04 18:52:05 [INFO] 开始保存检测结果图像: 图像尺寸=(2160, 3840, 3), 类型=uint8, 路径=C:\code\show\Scrap_Steel_In_Field\photos\dangerous_det\detection_20260604_185205.jpg
2026-06-04 18:52:05 [INFO] 成功保存检测结果到: C:\code\show\Scrap_Steel_In_Field\photos\dangerous_det\detection_20260604_185205.jpg
2026-06-04 18:52:05 [INFO] 保存的检测结果文件大小: 2215708 字节
2026-06-04 18:52:05 [INFO] 引擎上下文已释放
2026-06-04 18:52:05 [INFO] TensorRT 引擎已释放
2026-06-04 18:52:05 [INFO] 全局 CUDA 资源已释放
2026-06-04 18:52:05 [INFO] 检测系统资源已释放
2026-06-04 18:52:10 [INFO] CUDA 初始化成功
2026-06-04 18:52:10 [INFO] 引擎加载成功: dangerous.engine
2026-06-04 18:52:10 [INFO] 检测系统初始化成功
2026-06-04 18:52:10 [INFO] 图像预处理完成，原始尺寸: (2160, 3840)
2026-06-04 18:52:10 [INFO] 开始执行目标检测...
2026-06-04 18:52:10 [INFO] 检测完成，找到 5 个物体
2026-06-04 18:52:10 [INFO] 物体 1: GasCyl1 (置信度: 0.89)
2026-06-04 18:52:10 [INFO] 物体 2: GasCyl1 (置信度: 0.82)
2026-06-04 18:52:10 [INFO] 物体 3: FireExt1 (置信度: 0.48)
2026-06-04 18:52:10 [INFO] 物体 4: FireExt1 (置信度: 0.43)
2026-06-04 18:52:10 [INFO] 物体 5: GasCyl1 (置信度: 0.36)
2026-06-04 18:52:10 [INFO] 检测到车兜区域，将过滤区域外的目标
2026-06-04 18:52:10 [INFO] 车兜区域过滤: 5 -> 4 个目标
2026-06-04 18:52:10 [INFO] 准备保存检测结果到: C:\code\show\Scrap_Steel_In_Field\photos\dangerous_det\detection_20260604_185210.jpg
2026-06-04 18:52:10 [INFO] 图像形状: (2160, 3840, 3)
2026-06-04 18:52:10 [INFO] 图像数据类型: uint8
2026-06-04 18:52:10 [INFO] 图像最大值: 255
2026-06-04 18:52:10 [INFO] 图像最小值: 0
2026-06-04 18:52:10 [INFO] 开始保存检测结果图像: 图像尺寸=(2160, 3840, 3), 类型=uint8, 路径=C:\code\show\Scrap_Steel_In_Field\photos\dangerous_det\detection_20260604_185210.jpg
2026-06-04 18:52:10 [INFO] 成功保存检测结果到: C:\code\show\Scrap_Steel_In_Field\photos\dangerous_det\detection_20260604_185210.jpg
2026-06-04 18:52:10 [INFO] 保存的检测结果文件大小: 2234393 字节
2026-06-04 18:52:10 [INFO] 引擎上下文已释放
2026-06-04 18:52:10 [INFO] TensorRT 引擎已释放
2026-06-04 18:52:10 [INFO] 全局 CUDA 资源已释放
2026-06-04 18:52:10 [INFO] 检测系统资源已释放
2026-06-04 18:52:16 [INFO] CUDA 初始化成功
2026-06-04 18:52:16 [INFO] 引擎加载成功: dangerous.engine
2026-06-04 18:52:16 [INFO] 检测系统初始化成功
2026-06-04 18:52:16 [INFO] 图像预处理完成，原始尺寸: (2160, 3840)
2026-06-04 18:52:16 [INFO] 开始执行目标检测...
2026-06-04 18:52:16 [INFO] 检测完成，找到 4 个物体
2026-06-04 18:52:16 [INFO] 物体 1: GasCyl1 (置信度: 0.90)
2026-06-04 18:52:16 [INFO] 物体 2: GasCyl1 (置信度: 0.81)
2026-06-04 18:52:16 [INFO] 物体 3: FireExt1 (置信度: 0.48)
2026-06-04 18:52:16 [INFO] 物体 4: FireExt1 (置信度: 0.47)
2026-06-04 18:52:16 [INFO] 检测到车兜区域，将过滤区域外的目标
2026-06-04 18:52:16 [INFO] 车兜区域过滤: 4 -> 3 个目标
2026-06-04 18:52:16 [INFO] 准备保存检测结果到: C:\code\show\Scrap_Steel_In_Field\photos\dangerous_det\detection_20260604_185216.jpg
2026-06-04 18:52:16 [INFO] 图像形状: (2160, 3840, 3)
2026-06-04 18:52:16 [INFO] 图像数据类型: uint8
2026-06-04 18:52:16 [INFO] 图像最大值: 255
2026-06-04 18:52:16 [INFO] 图像最小值: 0
2026-06-04 18:52:16 [INFO] 开始保存检测结果图像: 图像尺寸=(2160, 3840, 3), 类型=uint8, 路径=C:\code\show\Scrap_Steel_In_Field\photos\dangerous_det\detection_20260604_185216.jpg
2026-06-04 18:52:16 [INFO] 成功保存检测结果到: C:\code\show\Scrap_Steel_In_Field\photos\dangerous_det\detection_20260604_185216.jpg
2026-06-04 18:52:16 [INFO] 保存的检测结果文件大小: 2230962 字节
2026-06-04 18:52:16 [INFO] 引擎上下文已释放
2026-06-04 18:52:16 [INFO] TensorRT 引擎已释放
2026-06-04 18:52:16 [INFO] 全局 CUDA 资源已释放
2026-06-04 18:52:16 [INFO] 检测系统资源已释放
2026-06-04 18:52:21 [INFO] CUDA 初始化成功
2026-06-04 18:52:21 [INFO] 引擎加载成功: dangerous.engine
2026-06-04 18:52:21 [INFO] 检测系统初始化成功
2026-06-04 18:52:21 [INFO] 图像预处理完成，原始尺寸: (2160, 3840)
2026-06-04 18:52:21 [INFO] 开始执行目标检测...
2026-06-04 18:52:21 [INFO] 检测完成，找到 5 个物体
2026-06-04 18:52:21 [INFO] 物体 1: GasCyl1 (置信度: 0.90)
2026-06-04 18:52:21 [INFO] 物体 2: GasCyl1 (置信度: 0.82)
2026-06-04 18:52:21 [INFO] 物体 3: GasCyl1 (置信度: 0.69)
2026-06-04 18:52:21 [INFO] 物体 4: FireExt1 (置信度: 0.47)
2026-06-04 18:52:21 [INFO] 物体 5: FireExt1 (置信度: 0.42)
2026-06-04 18:52:21 [INFO] 检测到车兜区域，将过滤区域外的目标
2026-06-04 18:52:21 [INFO] 车兜区域过滤: 5 -> 4 个目标
2026-06-04 18:52:21 [INFO] 准备保存检测结果到: C:\code\show\Scrap_Steel_In_Field\photos\dangerous_det\detection_20260604_185221.jpg
2026-06-04 18:52:21 [INFO] 图像形状: (2160, 3840, 3)
2026-06-04 18:52:21 [INFO] 图像数据类型: uint8
2026-06-04 18:52:21 [INFO] 图像最大值: 255
2026-06-04 18:52:21 [INFO] 图像最小值: 0
2026-06-04 18:52:21 [INFO] 开始保存检测结果图像: 图像尺寸=(2160, 3840, 3), 类型=uint8, 路径=C:\code\show\Scrap_Steel_In_Field\photos\dangerous_det\detection_20260604_185221.jpg
2026-06-04 18:52:21 [INFO] 成功保存检测结果到: C:\code\show\Scrap_Steel_In_Field\photos\dangerous_det\detection_20260604_185221.jpg
2026-06-04 18:52:21 [INFO] 保存的检测结果文件大小: 2070967 字节
2026-06-04 18:52:21 [INFO] 引擎上下文已释放
2026-06-04 18:52:21 [INFO] TensorRT 引擎已释放
2026-06-04 18:52:21 [INFO] 全局 CUDA 资源已释放
2026-06-04 18:52:21 [INFO] 检测系统资源已释放
2026-06-04 18:52:26 [INFO] CUDA 初始化成功
2026-06-04 18:52:26 [INFO] 引擎加载成功: dangerous.engine
2026-06-04 18:52:26 [INFO] 检测系统初始化成功
2026-06-04 18:52:26 [INFO] 图像预处理完成，原始尺寸: (2160, 3840)
2026-06-04 18:52:26 [INFO] 开始执行目标检测...
2026-06-04 18:52:26 [INFO] 检测完成，找到 5 个物体
2026-06-04 18:52:26 [INFO] 物体 1: GasCyl1 (置信度: 0.87)
2026-06-04 18:52:26 [INFO] 物体 2: GasCyl1 (置信度: 0.79)
2026-06-04 18:52:26 [INFO] 物体 3: GasCyl1 (置信度: 0.69)
2026-06-04 18:52:26 [INFO] 物体 4: FireExt1 (置信度: 0.45)
2026-06-04 18:52:26 [INFO] 物体 5: FireExt1 (置信度: 0.45)
2026-06-04 18:52:26 [INFO] 检测到车兜区域，将过滤区域外的目标
2026-06-04 18:52:26 [INFO] 车兜区域过滤: 5 -> 4 个目标
2026-06-04 18:52:26 [INFO] 准备保存检测结果到: C:\code\show\Scrap_Steel_In_Field\photos\dangerous_det\detection_20260604_185226.jpg
2026-06-04 18:52:26 [INFO] 图像形状: (2160, 3840, 3)
2026-06-04 18:52:26 [INFO] 图像数据类型: uint8
2026-06-04 18:52:26 [INFO] 图像最大值: 255
2026-06-04 18:52:26 [INFO] 图像最小值: 0
2026-06-04 18:52:26 [INFO] 开始保存检测结果图像: 图像尺寸=(2160, 3840, 3), 类型=uint8, 路径=C:\code\show\Scrap_Steel_In_Field\photos\dangerous_det\detection_20260604_185226.jpg
2026-06-04 18:52:26 [INFO] 成功保存检测结果到: C:\code\show\Scrap_Steel_In_Field\photos\dangerous_det\detection_20260604_185226.jpg
2026-06-04 18:52:26 [INFO] 保存的检测结果文件大小: 2000066 字节
2026-06-04 18:52:26 [INFO] 引擎上下文已释放
2026-06-04 18:52:26 [INFO] TensorRT 引擎已释放
2026-06-04 18:52:26 [INFO] 全局 CUDA 资源已释放
2026-06-04 18:52:26 [INFO] 检测系统资源已释放
2026-06-04 18:52:31 [INFO] CUDA 初始化成功
2026-06-04 18:52:31 [INFO] 引擎加载成功: dangerous.engine
2026-06-04 18:52:31 [INFO] 检测系统初始化成功
2026-06-04 18:52:31 [INFO] 图像预处理完成，原始尺寸: (2160, 3840)
2026-06-04 18:52:31 [INFO] 开始执行目标检测...
2026-06-04 18:52:31 [INFO] 检测完成，找到 5 个物体
2026-06-04 18:52:31 [INFO] 物体 1: GasCyl1 (置信度: 0.89)
2026-06-04 18:52:31 [INFO] 物体 2: GasCyl1 (置信度: 0.80)
2026-06-04 18:52:31 [INFO] 物体 3: GasCyl1 (置信度: 0.72)
2026-06-04 18:52:31 [INFO] 物体 4: FireExt1 (置信度: 0.39)
2026-06-04 18:52:31 [INFO] 物体 5: GasCyl1 (置信度: 0.36)
2026-06-04 18:52:31 [INFO] 检测到车兜区域，将过滤区域外的目标
2026-06-04 18:52:31 [INFO] 准备保存检测结果到: C:\code\show\Scrap_Steel_In_Field\photos\dangerous_det\detection_20260604_185231.jpg
2026-06-04 18:52:31 [INFO] 图像形状: (2160, 3840, 3)
2026-06-04 18:52:31 [INFO] 图像数据类型: uint8
2026-06-04 18:52:31 [INFO] 图像最大值: 255
2026-06-04 18:52:31 [INFO] 图像最小值: 0
2026-06-04 18:52:31 [INFO] 开始保存检测结果图像: 图像尺寸=(2160, 3840, 3), 类型=uint8, 路径=C:\code\show\Scrap_Steel_In_Field\photos\dangerous_det\detection_20260604_185231.jpg
2026-06-04 18:52:31 [INFO] 成功保存检测结果到: C:\code\show\Scrap_Steel_In_Field\photos\dangerous_det\detection_20260604_185231.jpg
2026-06-04 18:52:31 [INFO] 保存的检测结果文件大小: 1562995 字节
2026-06-04 18:52:31 [INFO] 引擎上下文已释放
2026-06-04 18:52:31 [INFO] TensorRT 引擎已释放
2026-06-04 18:52:31 [INFO] 全局 CUDA 资源已释放
2026-06-04 18:52:31 [INFO] 检测系统资源已释放
2026-06-04 18:52:36 [INFO] CUDA 初始化成功
2026-06-04 18:52:36 [INFO] 引擎加载成功: dangerous.engine
2026-06-04 18:52:36 [INFO] 检测系统初始化成功
2026-06-04 18:52:36 [INFO] 图像预处理完成，原始尺寸: (2160, 3840)
2026-06-04 18:52:36 [INFO] 开始执行目标检测...
2026-06-04 18:52:36 [INFO] 检测完成，找到 6 个物体
2026-06-04 18:52:36 [INFO] 物体 1: GasCyl1 (置信度: 0.91)
2026-06-04 18:52:36 [INFO] 物体 2: GasCyl1 (置信度: 0.82)
2026-06-04 18:52:36 [INFO] 物体 3: GasCyl1 (置信度: 0.75)
2026-06-04 18:52:36 [INFO] 物体 4: FireExt1 (置信度: 0.45)
2026-06-04 18:52:36 [INFO] 物体 5: FireExt1 (置信度: 0.45)
2026-06-04 18:52:36 [INFO] 物体 6: GasCyl1 (置信度: 0.36)
2026-06-04 18:52:36 [INFO] 检测到车兜区域，将过滤区域外的目标
2026-06-04 18:52:36 [INFO] 车兜区域过滤: 6 -> 4 个目标
2026-06-04 18:52:36 [INFO] 准备保存检测结果到: C:\code\show\Scrap_Steel_In_Field\photos\dangerous_det\detection_20260604_185236.jpg
2026-06-04 18:52:36 [INFO] 图像形状: (2160, 3840, 3)
2026-06-04 18:52:36 [INFO] 图像数据类型: uint8
2026-06-04 18:52:36 [INFO] 图像最大值: 255
2026-06-04 18:52:36 [INFO] 图像最小值: 0
2026-06-04 18:52:36 [INFO] 开始保存检测结果图像: 图像尺寸=(2160, 3840, 3), 类型=uint8, 路径=C:\code\show\Scrap_Steel_In_Field\photos\dangerous_det\detection_20260604_185236.jpg
2026-06-04 18:52:36 [INFO] 成功保存检测结果到: C:\code\show\Scrap_Steel_In_Field\photos\dangerous_det\detection_20260604_185236.jpg
2026-06-04 18:52:36 [INFO] 保存的检测结果文件大小: 2066887 字节
2026-06-04 18:52:36 [INFO] 引擎上下文已释放
2026-06-04 18:52:36 [INFO] TensorRT 引擎已释放
2026-06-04 18:52:36 [INFO] 全局 CUDA 资源已释放
2026-06-04 18:52:36 [INFO] 检测系统资源已释放
2026-06-04 18:52:42 [INFO] CUDA 初始化成功
2026-06-04 18:52:42 [INFO] 引擎加载成功: dangerous.engine
2026-06-04 18:52:42 [INFO] 检测系统初始化成功
2026-06-04 18:52:42 [INFO] 图像预处理完成，原始尺寸: (2160, 3840)
2026-06-04 18:52:42 [INFO] 开始执行目标检测...
2026-06-04 18:52:42 [INFO] 检测完成，找到 4 个物体
2026-06-04 18:52:42 [INFO] 物体 1: GasCyl1 (置信度: 0.89)
2026-06-04 18:52:42 [INFO] 物体 2: GasCyl1 (置信度: 0.82)
2026-06-04 18:52:42 [INFO] 物体 3: FireExt1 (置信度: 0.47)
2026-06-04 18:52:42 [INFO] 物体 4: FireExt1 (置信度: 0.47)
2026-06-04 18:52:42 [INFO] 检测到车兜区域，将过滤区域外的目标
2026-06-04 18:52:42 [INFO] 车兜区域过滤: 4 -> 3 个目标
2026-06-04 18:52:42 [INFO] 准备保存检测结果到: C:\code\show\Scrap_Steel_In_Field\photos\dangerous_det\detection_20260604_185242.jpg
2026-06-04 18:52:42 [INFO] 图像形状: (2160, 3840, 3)
2026-06-04 18:52:42 [INFO] 图像数据类型: uint8
2026-06-04 18:52:42 [INFO] 图像最大值: 255
2026-06-04 18:52:42 [INFO] 图像最小值: 0
2026-06-04 18:52:42 [INFO] 开始保存检测结果图像: 图像尺寸=(2160, 3840, 3), 类型=uint8, 路径=C:\code\show\Scrap_Steel_In_Field\photos\dangerous_det\detection_20260604_185242.jpg
2026-06-04 18:52:42 [INFO] 成功保存检测结果到: C:\code\show\Scrap_Steel_In_Field\photos\dangerous_det\detection_20260604_185242.jpg
2026-06-04 18:52:42 [INFO] 保存的检测结果文件大小: 2243249 字节
2026-06-04 18:52:42 [INFO] 引擎上下文已释放
2026-06-04 18:52:42 [INFO] TensorRT 引擎已释放
2026-06-04 18:52:42 [INFO] 全局 CUDA 资源已释放
2026-06-04 18:52:42 [INFO] 检测系统资源已释放
2026-06-04 18:52:47 [INFO] CUDA 初始化成功
2026-06-04 18:52:47 [INFO] 引擎加载成功: dangerous.engine
2026-06-04 18:52:47 [INFO] 检测系统初始化成功
2026-06-04 18:52:47 [INFO] 图像预处理完成，原始尺寸: (2160, 3840)
2026-06-04 18:52:47 [INFO] 开始执行目标检测...
2026-06-04 18:52:47 [INFO] 检测完成，找到 4 个物体
2026-06-04 18:52:47 [INFO] 物体 1: GasCyl1 (置信度: 0.90)
2026-06-04 18:52:47 [INFO] 物体 2: GasCyl1 (置信度: 0.80)
2026-06-04 18:52:47 [INFO] 物体 3: GasCyl1 (置信度: 0.56)
2026-06-04 18:52:47 [INFO] 物体 4: FireExt1 (置信度: 0.45)
2026-06-04 18:52:47 [INFO] 检测到车兜区域，将过滤区域外的目标
2026-06-04 18:52:47 [INFO] 准备保存检测结果到: C:\code\show\Scrap_Steel_In_Field\photos\dangerous_det\detection_20260604_185247.jpg
2026-06-04 18:52:47 [INFO] 图像形状: (2160, 3840, 3)
2026-06-04 18:52:47 [INFO] 图像数据类型: uint8
2026-06-04 18:52:47 [INFO] 图像最大值: 255
2026-06-04 18:52:47 [INFO] 图像最小值: 0
2026-06-04 18:52:47 [INFO] 开始保存检测结果图像: 图像尺寸=(2160, 3840, 3), 类型=uint8, 路径=C:\code\show\Scrap_Steel_In_Field\photos\dangerous_det\detection_20260604_185247.jpg
2026-06-04 18:52:47 [INFO] 成功保存检测结果到: C:\code\show\Scrap_Steel_In_Field\photos\dangerous_det\detection_20260604_185247.jpg
2026-06-04 18:52:47 [INFO] 保存的检测结果文件大小: 1964247 字节
2026-06-04 18:52:47 [INFO] 引擎上下文已释放
2026-06-04 18:52:47 [INFO] TensorRT 引擎已释放
2026-06-04 18:52:47 [INFO] 全局 CUDA 资源已释放
2026-06-04 18:52:47 [INFO] 检测系统资源已释放
2026-06-04 18:52:52 [INFO] CUDA 初始化成功
2026-06-04 18:52:52 [INFO] 引擎加载成功: dangerous.engine
2026-06-04 18:52:52 [INFO] 检测系统初始化成功
2026-06-04 18:52:52 [INFO] 图像预处理完成，原始尺寸: (2160, 3840)
2026-06-04 18:52:52 [INFO] 开始执行目标检测...
2026-06-04 18:52:52 [INFO] 检测完成，找到 4 个物体
2026-06-04 18:52:52 [INFO] 物体 1: GasCyl1 (置信度: 0.88)
2026-06-04 18:52:52 [INFO] 物体 2: GasCyl1 (置信度: 0.81)
2026-06-04 18:52:52 [INFO] 物体 3: FireExt1 (置信度: 0.46)
2026-06-04 18:52:52 [INFO] 物体 4: FireExt1 (置信度: 0.39)
2026-06-04 18:52:52 [INFO] 检测到车兜区域，将过滤区域外的目标
2026-06-04 18:52:52 [INFO] 车兜区域过滤: 4 -> 3 个目标
2026-06-04 18:52:52 [INFO] 准备保存检测结果到: C:\code\show\Scrap_Steel_In_Field\photos\dangerous_det\detection_20260604_185252.jpg
2026-06-04 18:52:52 [INFO] 图像形状: (2160, 3840, 3)
2026-06-04 18:52:52 [INFO] 图像数据类型: uint8
2026-06-04 18:52:52 [INFO] 图像最大值: 255
2026-06-04 18:52:52 [INFO] 图像最小值: 0
2026-06-04 18:52:52 [INFO] 开始保存检测结果图像: 图像尺寸=(2160, 3840, 3), 类型=uint8, 路径=C:\code\show\Scrap_Steel_In_Field\photos\dangerous_det\detection_20260604_185252.jpg
2026-06-04 18:52:52 [INFO] 成功保存检测结果到: C:\code\show\Scrap_Steel_In_Field\photos\dangerous_det\detection_20260604_185252.jpg
2026-06-04 18:52:52 [INFO] 保存的检测结果文件大小: 2234883 字节
2026-06-04 18:52:52 [INFO] 引擎上下文已释放
2026-06-04 18:52:52 [INFO] TensorRT 引擎已释放
2026-06-04 18:52:52 [INFO] 全局 CUDA 资源已释放
2026-06-04 18:52:52 [INFO] 检测系统资源已释放
2026-06-04 18:52:58 [INFO] CUDA 初始化成功
2026-06-04 18:52:58 [INFO] 引擎加载成功: dangerous.engine
2026-06-04 18:52:58 [INFO] 检测系统初始化成功
2026-06-04 18:52:58 [INFO] 图像预处理完成，原始尺寸: (2160, 3840)
2026-06-04 18:52:58 [INFO] 开始执行目标检测...
2026-06-04 18:52:58 [INFO] 检测完成，找到 5 个物体
2026-06-04 18:52:58 [INFO] 物体 1: GasCyl1 (置信度: 0.90)
2026-06-04 18:52:58 [INFO] 物体 2: GasCyl1 (置信度: 0.81)
2026-06-04 18:52:58 [INFO] 物体 3: FireExt1 (置信度: 0.48)
2026-06-04 18:52:58 [INFO] 物体 4: FireExt1 (置信度: 0.40)
2026-06-04 18:52:58 [INFO] 物体 5: GasCyl1 (置信度: 0.38)
2026-06-04 18:52:58 [INFO] 检测到车兜区域，将过滤区域外的目标
2026-06-04 18:52:58 [INFO] 车兜区域过滤: 5 -> 4 个目标
2026-06-04 18:52:58 [INFO] 准备保存检测结果到: C:\code\show\Scrap_Steel_In_Field\photos\dangerous_det\detection_20260604_185258.jpg
2026-06-04 18:52:58 [INFO] 图像形状: (2160, 3840, 3)
2026-06-04 18:52:58 [INFO] 图像数据类型: uint8
2026-06-04 18:52:58 [INFO] 图像最大值: 255
2026-06-04 18:52:58 [INFO] 图像最小值: 0
2026-06-04 18:52:58 [INFO] 开始保存检测结果图像: 图像尺寸=(2160, 3840, 3), 类型=uint8, 路径=C:\code\show\Scrap_Steel_In_Field\photos\dangerous_det\detection_20260604_185258.jpg
2026-06-04 18:52:58 [INFO] 成功保存检测结果到: C:\code\show\Scrap_Steel_In_Field\photos\dangerous_det\detection_20260604_185258.jpg
2026-06-04 18:52:58 [INFO] 保存的检测结果文件大小: 2248633 字节
2026-06-04 18:52:58 [INFO] 引擎上下文已释放
2026-06-04 18:52:58 [INFO] TensorRT 引擎已释放
2026-06-04 18:52:58 [INFO] 全局 CUDA 资源已释放
2026-06-04 18:52:58 [INFO] 检测系统资源已释放
2026-06-04 18:53:03 [INFO] CUDA 初始化成功
2026-06-04 18:53:03 [INFO] 引擎加载成功: dangerous.engine
2026-06-04 18:53:03 [INFO] 检测系统初始化成功
2026-06-04 18:53:03 [INFO] 图像预处理完成，原始尺寸: (2160, 3840)
2026-06-04 18:53:03 [INFO] 开始执行目标检测...
2026-06-04 18:53:03 [INFO] 检测完成，找到 4 个物体
2026-06-04 18:53:03 [INFO] 物体 1: GasCyl1 (置信度: 0.90)
2026-06-04 18:53:03 [INFO] 物体 2: GasCyl1 (置信度: 0.82)
2026-06-04 18:53:03 [INFO] 物体 3: FireExt1 (置信度: 0.52)
2026-06-04 18:53:03 [INFO] 物体 4: FireExt1 (置信度: 0.37)
2026-06-04 18:53:03 [INFO] 检测到车兜区域，将过滤区域外的目标
2026-06-04 18:53:03 [INFO] 车兜区域过滤: 4 -> 3 个目标
2026-06-04 18:53:03 [INFO] 准备保存检测结果到: C:\code\show\Scrap_Steel_In_Field\photos\dangerous_det\detection_20260604_185303.jpg
2026-06-04 18:53:03 [INFO] 图像形状: (2160, 3840, 3)
2026-06-04 18:53:03 [INFO] 图像数据类型: uint8
2026-06-04 18:53:03 [INFO] 图像最大值: 255
2026-06-04 18:53:03 [INFO] 图像最小值: 0
2026-06-04 18:53:03 [INFO] 开始保存检测结果图像: 图像尺寸=(2160, 3840, 3), 类型=uint8, 路径=C:\code\show\Scrap_Steel_In_Field\photos\dangerous_det\detection_20260604_185303.jpg
2026-06-04 18:53:03 [INFO] 成功保存检测结果到: C:\code\show\Scrap_Steel_In_Field\photos\dangerous_det\detection_20260604_185303.jpg
2026-06-04 18:53:03 [INFO] 保存的检测结果文件大小: 2243922 字节
2026-06-04 18:53:03 [INFO] 引擎上下文已释放
2026-06-04 18:53:03 [INFO] TensorRT 引擎已释放
2026-06-04 18:53:03 [INFO] 全局 CUDA 资源已释放
2026-06-04 18:53:03 [INFO] 检测系统资源已释放
2026-06-04 18:53:08 [INFO] CUDA 初始化成功
2026-06-04 18:53:08 [INFO] 引擎加载成功: dangerous.engine
2026-06-04 18:53:08 [INFO] 检测系统初始化成功
2026-06-04 18:53:08 [INFO] 图像预处理完成，原始尺寸: (2160, 3840)
2026-06-04 18:53:08 [INFO] 开始执行目标检测...
2026-06-04 18:53:08 [INFO] 检测完成，找到 4 个物体
2026-06-04 18:53:08 [INFO] 物体 1: GasCyl1 (置信度: 0.90)
2026-06-04 18:53:08 [INFO] 物体 2: GasCyl1 (置信度: 0.83)
2026-06-04 18:53:08 [INFO] 物体 3: FireExt1 (置信度: 0.49)
2026-06-04 18:53:08 [INFO] 物体 4: FireExt1 (置信度: 0.39)
2026-06-04 18:53:08 [INFO] 检测到车兜区域，将过滤区域外的目标
2026-06-04 18:53:08 [INFO] 车兜区域过滤: 4 -> 3 个目标
2026-06-04 18:53:08 [INFO] 准备保存检测结果到: C:\code\show\Scrap_Steel_In_Field\photos\dangerous_det\detection_20260604_185308.jpg
2026-06-04 18:53:08 [INFO] 图像形状: (2160, 3840, 3)
2026-06-04 18:53:08 [INFO] 图像数据类型: uint8
2026-06-04 18:53:08 [INFO] 图像最大值: 255
2026-06-04 18:53:08 [INFO] 图像最小值: 0
2026-06-04 18:53:08 [INFO] 开始保存检测结果图像: 图像尺寸=(2160, 3840, 3), 类型=uint8, 路径=C:\code\show\Scrap_Steel_In_Field\photos\dangerous_det\detection_20260604_185308.jpg
2026-06-04 18:53:08 [INFO] 成功保存检测结果到: C:\code\show\Scrap_Steel_In_Field\photos\dangerous_det\detection_20260604_185308.jpg
2026-06-04 18:53:08 [INFO] 保存的检测结果文件大小: 2245457 字节
2026-06-04 18:53:08 [INFO] 引擎上下文已释放
2026-06-04 18:53:08 [INFO] TensorRT 引擎已释放
2026-06-04 18:53:08 [INFO] 全局 CUDA 资源已释放
2026-06-04 18:53:08 [INFO] 检测系统资源已释放
2026-06-04 18:53:13 [INFO] CUDA 初始化成功
2026-06-04 18:53:14 [INFO] 引擎加载成功: dangerous.engine
2026-06-04 18:53:14 [INFO] 检测系统初始化成功
2026-06-04 18:53:14 [INFO] 图像预处理完成，原始尺寸: (2160, 3840)
2026-06-04 18:53:14 [INFO] 开始执行目标检测...
2026-06-04 18:53:14 [INFO] 检测完成，找到 5 个物体
2026-06-04 18:53:14 [INFO] 物体 1: GasCyl1 (置信度: 0.89)
2026-06-04 18:53:14 [INFO] 物体 2: GasCyl1 (置信度: 0.80)
2026-06-04 18:53:14 [INFO] 物体 3: FireExt1 (置信度: 0.48)
2026-06-04 18:53:14 [INFO] 物体 4: GasCyl1 (置信度: 0.42)
2026-06-04 18:53:14 [INFO] 物体 5: FireExt1 (置信度: 0.41)
2026-06-04 18:53:14 [INFO] 检测到车兜区域，将过滤区域外的目标
2026-06-04 18:53:14 [INFO] 车兜区域过滤: 5 -> 4 个目标
2026-06-04 18:53:14 [INFO] 准备保存检测结果到: C:\code\show\Scrap_Steel_In_Field\photos\dangerous_det\detection_20260604_185314.jpg
2026-06-04 18:53:14 [INFO] 图像形状: (2160, 3840, 3)
2026-06-04 18:53:14 [INFO] 图像数据类型: uint8
2026-06-04 18:53:14 [INFO] 图像最大值: 255
2026-06-04 18:53:14 [INFO] 图像最小值: 0
2026-06-04 18:53:14 [INFO] 开始保存检测结果图像: 图像尺寸=(2160, 3840, 3), 类型=uint8, 路径=C:\code\show\Scrap_Steel_In_Field\photos\dangerous_det\detection_20260604_185314.jpg
2026-06-04 18:53:14 [INFO] 成功保存检测结果到: C:\code\show\Scrap_Steel_In_Field\photos\dangerous_det\detection_20260604_185314.jpg
2026-06-04 18:53:14 [INFO] 保存的检测结果文件大小: 2251434 字节
2026-06-04 18:53:14 [INFO] 引擎上下文已释放
2026-06-04 18:53:14 [INFO] TensorRT 引擎已释放
2026-06-04 18:53:14 [INFO] 全局 CUDA 资源已释放
2026-06-04 18:53:14 [INFO] 检测系统资源已释放
2026-06-04 18:53:18 [INFO] CUDA 初始化成功
2026-06-04 18:53:19 [INFO] 引擎加载成功: dangerous.engine
2026-06-04 18:53:19 [INFO] 检测系统初始化成功
2026-06-04 18:53:19 [INFO] 图像预处理完成，原始尺寸: (2160, 3840)
2026-06-04 18:53:19 [INFO] 开始执行目标检测...
2026-06-04 18:53:19 [INFO] 检测完成，找到 4 个物体
2026-06-04 18:53:19 [INFO] 物体 1: GasCyl1 (置信度: 0.89)
2026-06-04 18:53:19 [INFO] 物体 2: GasCyl1 (置信度: 0.78)
2026-06-04 18:53:19 [INFO] 物体 3: FireExt1 (置信度: 0.50)
2026-06-04 18:53:19 [INFO] 物体 4: FireExt1 (置信度: 0.38)
2026-06-04 18:53:19 [INFO] 检测到车兜区域，将过滤区域外的目标
2026-06-04 18:53:19 [INFO] 车兜区域过滤: 4 -> 3 个目标
2026-06-04 18:53:19 [INFO] 准备保存检测结果到: C:\code\show\Scrap_Steel_In_Field\photos\dangerous_det\detection_20260604_185319.jpg
2026-06-04 18:53:19 [INFO] 图像形状: (2160, 3840, 3)
2026-06-04 18:53:19 [INFO] 图像数据类型: uint8
2026-06-04 18:53:19 [INFO] 图像最大值: 255
2026-06-04 18:53:19 [INFO] 图像最小值: 0
2026-06-04 18:53:19 [INFO] 开始保存检测结果图像: 图像尺寸=(2160, 3840, 3), 类型=uint8, 路径=C:\code\show\Scrap_Steel_In_Field\photos\dangerous_det\detection_20260604_185319.jpg
2026-06-04 18:53:19 [INFO] 成功保存检测结果到: C:\code\show\Scrap_Steel_In_Field\photos\dangerous_det\detection_20260604_185319.jpg
2026-06-04 18:53:19 [INFO] 保存的检测结果文件大小: 2247111 字节
2026-06-04 18:53:19 [INFO] 引擎上下文已释放
2026-06-04 18:53:19 [INFO] TensorRT 引擎已释放
2026-06-04 18:53:19 [INFO] 全局 CUDA 资源已释放
2026-06-04 18:53:19 [INFO] 检测系统资源已释放
2026-06-04 18:53:24 [INFO] CUDA 初始化成功
2026-06-04 18:53:24 [INFO] 引擎加载成功: dangerous.engine
2026-06-04 18:53:24 [INFO] 检测系统初始化成功
2026-06-04 18:53:24 [INFO] 图像预处理完成，原始尺寸: (2160, 3840)
2026-06-04 18:53:24 [INFO] 开始执行目标检测...
2026-06-04 18:53:24 [INFO] 检测完成，找到 4 个物体
2026-06-04 18:53:24 [INFO] 物体 1: GasCyl1 (置信度: 0.90)
2026-06-04 18:53:24 [INFO] 物体 2: GasCyl1 (置信度: 0.81)
2026-06-04 18:53:24 [INFO] 物体 3: FireExt1 (置信度: 0.50)
2026-06-04 18:53:24 [INFO] 物体 4: FireExt1 (置信度: 0.40)
2026-06-04 18:53:24 [INFO] 检测到车兜区域，将过滤区域外的目标
2026-06-04 18:53:24 [INFO] 车兜区域过滤: 4 -> 3 个目标
2026-06-04 18:53:24 [INFO] 准备保存检测结果到: C:\code\show\Scrap_Steel_In_Field\photos\dangerous_det\detection_20260604_185324.jpg
2026-06-04 18:53:24 [INFO] 图像形状: (2160, 3840, 3)
2026-06-04 18:53:24 [INFO] 图像数据类型: uint8
2026-06-04 18:53:24 [INFO] 图像最大值: 255
2026-06-04 18:53:24 [INFO] 图像最小值: 0
2026-06-04 18:53:24 [INFO] 开始保存检测结果图像: 图像尺寸=(2160, 3840, 3), 类型=uint8, 路径=C:\code\show\Scrap_Steel_In_Field\photos\dangerous_det\detection_20260604_185324.jpg
2026-06-04 18:53:24 [INFO] 成功保存检测结果到: C:\code\show\Scrap_Steel_In_Field\photos\dangerous_det\detection_20260604_185324.jpg
2026-06-04 18:53:24 [INFO] 保存的检测结果文件大小: 2250062 字节
2026-06-04 18:53:24 [INFO] 引擎上下文已释放
2026-06-04 18:53:24 [INFO] TensorRT 引擎已释放
2026-06-04 18:53:24 [INFO] 全局 CUDA 资源已释放
2026-06-04 18:53:24 [INFO] 检测系统资源已释放
2026-06-04 18:53:28 [INFO] CUDA 初始化成功
2026-06-04 18:53:29 [INFO] 引擎加载成功: dangerous.engine
2026-06-04 18:53:29 [INFO] 检测系统初始化成功
2026-06-04 18:53:29 [INFO] 图像预处理完成，原始尺寸: (2160, 3840)
2026-06-04 18:53:29 [INFO] 开始执行目标检测...
2026-06-04 18:53:29 [INFO] 检测完成，找到 4 个物体
2026-06-04 18:53:29 [INFO] 物体 1: GasCyl1 (置信度: 0.90)
2026-06-04 18:53:29 [INFO] 物体 2: GasCyl1 (置信度: 0.78)
2026-06-04 18:53:29 [INFO] 物体 3: FireExt1 (置信度: 0.49)
2026-06-04 18:53:29 [INFO] 物体 4: FireExt1 (置信度: 0.40)
2026-06-04 18:53:29 [INFO] 检测到车兜区域，将过滤区域外的目标
2026-06-04 18:53:29 [INFO] 车兜区域过滤: 4 -> 3 个目标
2026-06-04 18:53:29 [INFO] 准备保存检测结果到: C:\code\show\Scrap_Steel_In_Field\photos\dangerous_det\detection_20260604_185329.jpg
2026-06-04 18:53:29 [INFO] 图像形状: (2160, 3840, 3)
2026-06-04 18:53:29 [INFO] 图像数据类型: uint8
2026-06-04 18:53:29 [INFO] 图像最大值: 255
2026-06-04 18:53:29 [INFO] 图像最小值: 0
2026-06-04 18:53:29 [INFO] 开始保存检测结果图像: 图像尺寸=(2160, 3840, 3), 类型=uint8, 路径=C:\code\show\Scrap_Steel_In_Field\photos\dangerous_det\detection_20260604_185329.jpg
2026-06-04 18:53:29 [INFO] 成功保存检测结果到: C:\code\show\Scrap_Steel_In_Field\photos\dangerous_det\detection_20260604_185329.jpg
2026-06-04 18:53:29 [INFO] 保存的检测结果文件大小: 2245367 字节
2026-06-04 18:53:29 [INFO] 引擎上下文已释放
2026-06-04 18:53:29 [INFO] TensorRT 引擎已释放
2026-06-04 18:53:29 [INFO] 全局 CUDA 资源已释放
2026-06-04 18:53:29 [INFO] 检测系统资源已释放
2026-06-04 18:53:34 [INFO] CUDA 初始化成功
2026-06-04 18:53:34 [INFO] 引擎加载成功: dangerous.engine
2026-06-04 18:53:34 [INFO] 检测系统初始化成功
2026-06-04 18:53:34 [INFO] 图像预处理完成，原始尺寸: (2160, 3840)
2026-06-04 18:53:34 [INFO] 开始执行目标检测...
2026-06-04 18:53:34 [INFO] 检测完成，找到 5 个物体
2026-06-04 18:53:34 [INFO] 物体 1: GasCyl1 (置信度: 0.89)
2026-06-04 18:53:34 [INFO] 物体 2: GasCyl1 (置信度: 0.81)
2026-06-04 18:53:34 [INFO] 物体 3: FireExt1 (置信度: 0.49)
2026-06-04 18:53:34 [INFO] 物体 4: FireExt1 (置信度: 0.42)
2026-06-04 18:53:34 [INFO] 物体 5: GasCyl1 (置信度: 0.37)
2026-06-04 18:53:34 [INFO] 检测到车兜区域，将过滤区域外的目标
2026-06-04 18:53:34 [INFO] 车兜区域过滤: 5 -> 4 个目标
2026-06-04 18:53:34 [INFO] 准备保存检测结果到: C:\code\show\Scrap_Steel_In_Field\photos\dangerous_det\detection_20260604_185334.jpg
2026-06-04 18:53:34 [INFO] 图像形状: (2160, 3840, 3)
2026-06-04 18:53:34 [INFO] 图像数据类型: uint8
2026-06-04 18:53:34 [INFO] 图像最大值: 255
2026-06-04 18:53:34 [INFO] 图像最小值: 0
2026-06-04 18:53:34 [INFO] 开始保存检测结果图像: 图像尺寸=(2160, 3840, 3), 类型=uint8, 路径=C:\code\show\Scrap_Steel_In_Field\photos\dangerous_det\detection_20260604_185334.jpg
2026-06-04 18:53:34 [INFO] 成功保存检测结果到: C:\code\show\Scrap_Steel_In_Field\photos\dangerous_det\detection_20260604_185334.jpg
2026-06-04 18:53:34 [INFO] 保存的检测结果文件大小: 2252518 字节
2026-06-04 18:53:34 [INFO] 引擎上下文已释放
2026-06-04 18:53:34 [INFO] TensorRT 引擎已释放
2026-06-04 18:53:34 [INFO] 全局 CUDA 资源已释放
2026-06-04 18:53:34 [INFO] 检测系统资源已释放
2026-06-04 18:53:39 [INFO] CUDA 初始化成功
2026-06-04 18:53:39 [INFO] 引擎加载成功: dangerous.engine
2026-06-04 18:53:39 [INFO] 检测系统初始化成功
2026-06-04 18:53:39 [INFO] 图像预处理完成，原始尺寸: (2160, 3840)
2026-06-04 18:53:39 [INFO] 开始执行目标检测...
2026-06-04 18:53:39 [INFO] 检测完成，找到 4 个物体
2026-06-04 18:53:39 [INFO] 物体 1: GasCyl1 (置信度: 0.91)
2026-06-04 18:53:39 [INFO] 物体 2: GasCyl1 (置信度: 0.80)
2026-06-04 18:53:39 [INFO] 物体 3: FireExt1 (置信度: 0.47)
2026-06-04 18:53:39 [INFO] 物体 4: FireExt1 (置信度: 0.40)
2026-06-04 18:53:39 [INFO] 检测到车兜区域，将过滤区域外的目标
2026-06-04 18:53:39 [INFO] 车兜区域过滤: 4 -> 3 个目标
2026-06-04 18:53:39 [INFO] 准备保存检测结果到: C:\code\show\Scrap_Steel_In_Field\photos\dangerous_det\detection_20260604_185339.jpg
2026-06-04 18:53:39 [INFO] 图像形状: (2160, 3840, 3)
2026-06-04 18:53:39 [INFO] 图像数据类型: uint8
2026-06-04 18:53:39 [INFO] 图像最大值: 255
2026-06-04 18:53:39 [INFO] 图像最小值: 0
2026-06-04 18:53:39 [INFO] 开始保存检测结果图像: 图像尺寸=(2160, 3840, 3), 类型=uint8, 路径=C:\code\show\Scrap_Steel_In_Field\photos\dangerous_det\detection_20260604_185339.jpg
2026-06-04 18:53:39 [INFO] 成功保存检测结果到: C:\code\show\Scrap_Steel_In_Field\photos\dangerous_det\detection_20260604_185339.jpg
2026-06-04 18:53:39 [INFO] 保存的检测结果文件大小: 2248354 字节
2026-06-04 18:53:39 [INFO] 引擎上下文已释放
2026-06-04 18:53:39 [INFO] TensorRT 引擎已释放
2026-06-04 18:53:39 [INFO] 全局 CUDA 资源已释放
2026-06-04 18:53:39 [INFO] 检测系统资源已释放
2026-06-04 18:53:44 [INFO] CUDA 初始化成功
2026-06-04 18:53:44 [INFO] 引擎加载成功: dangerous.engine
2026-06-04 18:53:44 [INFO] 检测系统初始化成功
2026-06-04 18:53:44 [INFO] 图像预处理完成，原始尺寸: (2160, 3840)
2026-06-04 18:53:44 [INFO] 开始执行目标检测...
2026-06-04 18:53:44 [INFO] 检测完成，找到 4 个物体
2026-06-04 18:53:44 [INFO] 物体 1: GasCyl1 (置信度: 0.90)
2026-06-04 18:53:44 [INFO] 物体 2: GasCyl1 (置信度: 0.79)
2026-06-04 18:53:44 [INFO] 物体 3: FireExt1 (置信度: 0.43)
2026-06-04 18:53:44 [INFO] 物体 4: FireExt1 (置信度: 0.40)
2026-06-04 18:53:44 [INFO] 检测到车兜区域，将过滤区域外的目标
2026-06-04 18:53:44 [INFO] 车兜区域过滤: 4 -> 3 个目标
2026-06-04 18:53:44 [INFO] 准备保存检测结果到: C:\code\show\Scrap_Steel_In_Field\photos\dangerous_det\detection_20260604_185344.jpg
2026-06-04 18:53:44 [INFO] 图像形状: (2160, 3840, 3)
2026-06-04 18:53:44 [INFO] 图像数据类型: uint8
2026-06-04 18:53:44 [INFO] 图像最大值: 255
2026-06-04 18:53:44 [INFO] 图像最小值: 0
2026-06-04 18:53:44 [INFO] 开始保存检测结果图像: 图像尺寸=(2160, 3840, 3), 类型=uint8, 路径=C:\code\show\Scrap_Steel_In_Field\photos\dangerous_det\detection_20260604_185344.jpg
2026-06-04 18:53:44 [INFO] 成功保存检测结果到: C:\code\show\Scrap_Steel_In_Field\photos\dangerous_det\detection_20260604_185344.jpg
2026-06-04 18:53:44 [INFO] 保存的检测结果文件大小: 2249335 字节
2026-06-04 18:53:44 [INFO] 引擎上下文已释放
2026-06-04 18:53:44 [INFO] TensorRT 引擎已释放
2026-06-04 18:53:44 [INFO] 全局 CUDA 资源已释放
2026-06-04 18:53:44 [INFO] 检测系统资源已释放
2026-06-04 18:53:50 [INFO] CUDA 初始化成功
2026-06-04 18:53:50 [INFO] 引擎加载成功: dangerous.engine
2026-06-04 18:53:50 [INFO] 检测系统初始化成功
2026-06-04 18:53:50 [INFO] 图像预处理完成，原始尺寸: (2160, 3840)
2026-06-04 18:53:50 [INFO] 开始执行目标检测...
2026-06-04 18:53:50 [INFO] 检测完成，找到 4 个物体
2026-06-04 18:53:50 [INFO] 物体 1: GasCyl1 (置信度: 0.91)
2026-06-04 18:53:50 [INFO] 物体 2: GasCyl1 (置信度: 0.78)
2026-06-04 18:53:50 [INFO] 物体 3: FireExt1 (置信度: 0.47)
2026-06-04 18:53:50 [INFO] 物体 4: FireExt1 (置信度: 0.42)
2026-06-04 18:53:50 [INFO] 检测到车兜区域，将过滤区域外的目标
2026-06-04 18:53:50 [INFO] 车兜区域过滤: 4 -> 3 个目标
2026-06-04 18:53:50 [INFO] 准备保存检测结果到: C:\code\show\Scrap_Steel_In_Field\photos\dangerous_det\detection_20260604_185350.jpg
2026-06-04 18:53:50 [INFO] 图像形状: (2160, 3840, 3)
2026-06-04 18:53:50 [INFO] 图像数据类型: uint8
2026-06-04 18:53:50 [INFO] 图像最大值: 255
2026-06-04 18:53:50 [INFO] 图像最小值: 0
2026-06-04 18:53:50 [INFO] 开始保存检测结果图像: 图像尺寸=(2160, 3840, 3), 类型=uint8, 路径=C:\code\show\Scrap_Steel_In_Field\photos\dangerous_det\detection_20260604_185350.jpg
2026-06-04 18:53:50 [INFO] 成功保存检测结果到: C:\code\show\Scrap_Steel_In_Field\photos\dangerous_det\detection_20260604_185350.jpg
2026-06-04 18:53:50 [INFO] 保存的检测结果文件大小: 2249894 字节
2026-06-04 18:53:50 [INFO] 引擎上下文已释放
2026-06-04 18:53:50 [INFO] TensorRT 引擎已释放
2026-06-04 18:53:50 [INFO] 全局 CUDA 资源已释放
2026-06-04 18:53:50 [INFO] 检测系统资源已释放
2026-06-04 18:53:55 [INFO] CUDA 初始化成功
2026-06-04 18:53:55 [INFO] 引擎加载成功: dangerous.engine
2026-06-04 18:53:55 [INFO] 检测系统初始化成功
2026-06-04 18:53:55 [INFO] 图像预处理完成，原始尺寸: (2160, 3840)
2026-06-04 18:53:55 [INFO] 开始执行目标检测...
2026-06-04 18:53:55 [INFO] 检测完成，找到 5 个物体
2026-06-04 18:53:55 [INFO] 物体 1: GasCyl1 (置信度: 0.89)
2026-06-04 18:53:55 [INFO] 物体 2: GasCyl1 (置信度: 0.82)
2026-06-04 18:53:55 [INFO] 物体 3: FireExt1 (置信度: 0.46)
2026-06-04 18:53:55 [INFO] 物体 4: FireExt1 (置信度: 0.37)
2026-06-04 18:53:55 [INFO] 物体 5: FireExt1 (置信度: 0.36)
2026-06-04 18:53:55 [INFO] 检测到车兜区域，将过滤区域外的目标
2026-06-04 18:53:55 [INFO] 车兜区域过滤: 5 -> 4 个目标
2026-06-04 18:53:55 [INFO] 准备保存检测结果到: C:\code\show\Scrap_Steel_In_Field\photos\dangerous_det\detection_20260604_185355.jpg
2026-06-04 18:53:55 [INFO] 图像形状: (2160, 3840, 3)
2026-06-04 18:53:55 [INFO] 图像数据类型: uint8
2026-06-04 18:53:55 [INFO] 图像最大值: 255
2026-06-04 18:53:55 [INFO] 图像最小值: 0
2026-06-04 18:53:55 [INFO] 开始保存检测结果图像: 图像尺寸=(2160, 3840, 3), 类型=uint8, 路径=C:\code\show\Scrap_Steel_In_Field\photos\dangerous_det\detection_20260604_185355.jpg
2026-06-04 18:53:55 [INFO] 成功保存检测结果到: C:\code\show\Scrap_Steel_In_Field\photos\dangerous_det\detection_20260604_185355.jpg
2026-06-04 18:53:55 [INFO] 保存的检测结果文件大小: 2252656 字节
2026-06-04 18:53:55 [INFO] 引擎上下文已释放
2026-06-04 18:53:55 [INFO] TensorRT 引擎已释放
2026-06-04 18:53:55 [INFO] 全局 CUDA 资源已释放
2026-06-04 18:53:55 [INFO] 检测系统资源已释放
2026-06-04 18:54:00 [INFO] CUDA 初始化成功
2026-06-04 18:54:00 [INFO] 引擎加载成功: dangerous.engine
2026-06-04 18:54:00 [INFO] 检测系统初始化成功
2026-06-04 18:54:00 [INFO] 图像预处理完成，原始尺寸: (2160, 3840)
2026-06-04 18:54:00 [INFO] 开始执行目标检测...
2026-06-04 18:54:00 [INFO] 检测完成，找到 4 个物体
2026-06-04 18:54:00 [INFO] 物体 1: GasCyl1 (置信度: 0.90)
2026-06-04 18:54:00 [INFO] 物体 2: GasCyl1 (置信度: 0.80)
2026-06-04 18:54:00 [INFO] 物体 3: FireExt1 (置信度: 0.47)
2026-06-04 18:54:00 [INFO] 物体 4: FireExt1 (置信度: 0.39)
2026-06-04 18:54:00 [INFO] 检测到车兜区域，将过滤区域外的目标
2026-06-04 18:54:00 [INFO] 车兜区域过滤: 4 -> 3 个目标
2026-06-04 18:54:00 [INFO] 准备保存检测结果到: C:\code\show\Scrap_Steel_In_Field\photos\dangerous_det\detection_20260604_185400.jpg
2026-06-04 18:54:00 [INFO] 图像形状: (2160, 3840, 3)
2026-06-04 18:54:00 [INFO] 图像数据类型: uint8
2026-06-04 18:54:00 [INFO] 图像最大值: 255
2026-06-04 18:54:00 [INFO] 图像最小值: 0
2026-06-04 18:54:00 [INFO] 开始保存检测结果图像: 图像尺寸=(2160, 3840, 3), 类型=uint8, 路径=C:\code\show\Scrap_Steel_In_Field\photos\dangerous_det\detection_20260604_185400.jpg
2026-06-04 18:54:00 [INFO] 成功保存检测结果到: C:\code\show\Scrap_Steel_In_Field\photos\dangerous_det\detection_20260604_185400.jpg
2026-06-04 18:54:00 [INFO] 保存的检测结果文件大小: 2246691 字节
2026-06-04 18:54:00 [INFO] 引擎上下文已释放
2026-06-04 18:54:00 [INFO] TensorRT 引擎已释放
2026-06-04 18:54:00 [INFO] 全局 CUDA 资源已释放
2026-06-04 18:54:00 [INFO] 检测系统资源已释放
2026-06-04 18:54:05 [INFO] CUDA 初始化成功
2026-06-04 18:54:05 [INFO] 引擎加载成功: dangerous.engine
2026-06-04 18:54:05 [INFO] 检测系统初始化成功
2026-06-04 18:54:05 [INFO] 图像预处理完成，原始尺寸: (2160, 3840)
2026-06-04 18:54:05 [INFO] 开始执行目标检测...
2026-06-04 18:54:05 [INFO] 检测完成，找到 4 个物体
2026-06-04 18:54:05 [INFO] 物体 1: GasCyl1 (置信度: 0.90)
2026-06-04 18:54:05 [INFO] 物体 2: GasCyl1 (置信度: 0.79)
2026-06-04 18:54:05 [INFO] 物体 3: FireExt1 (置信度: 0.50)
2026-06-04 18:54:05 [INFO] 物体 4: FireExt1 (置信度: 0.42)
2026-06-04 18:54:05 [INFO] 检测到车兜区域，将过滤区域外的目标
2026-06-04 18:54:05 [INFO] 车兜区域过滤: 4 -> 3 个目标
2026-06-04 18:54:05 [INFO] 准备保存检测结果到: C:\code\show\Scrap_Steel_In_Field\photos\dangerous_det\detection_20260604_185405.jpg
2026-06-04 18:54:05 [INFO] 图像形状: (2160, 3840, 3)
2026-06-04 18:54:05 [INFO] 图像数据类型: uint8
2026-06-04 18:54:05 [INFO] 图像最大值: 255
2026-06-04 18:54:05 [INFO] 图像最小值: 0
2026-06-04 18:54:05 [INFO] 开始保存检测结果图像: 图像尺寸=(2160, 3840, 3), 类型=uint8, 路径=C:\code\show\Scrap_Steel_In_Field\photos\dangerous_det\detection_20260604_185405.jpg
2026-06-04 18:54:05 [INFO] 成功保存检测结果到: C:\code\show\Scrap_Steel_In_Field\photos\dangerous_det\detection_20260604_185405.jpg
2026-06-04 18:54:05 [INFO] 保存的检测结果文件大小: 2252232 字节
2026-06-04 18:54:05 [INFO] 引擎上下文已释放
2026-06-04 18:54:05 [INFO] TensorRT 引擎已释放
2026-06-04 18:54:05 [INFO] 全局 CUDA 资源已释放
2026-06-04 18:54:05 [INFO] 检测系统资源已释放
2026-06-04 18:54:10 [INFO] CUDA 初始化成功
2026-06-04 18:54:10 [INFO] 引擎加载成功: dangerous.engine
2026-06-04 18:54:10 [INFO] 检测系统初始化成功
2026-06-04 18:54:10 [INFO] 图像预处理完成，原始尺寸: (2160, 3840)
2026-06-04 18:54:10 [INFO] 开始执行目标检测...
2026-06-04 18:54:10 [INFO] 检测完成，找到 4 个物体
2026-06-04 18:54:10 [INFO] 物体 1: GasCyl1 (置信度: 0.89)
2026-06-04 18:54:10 [INFO] 物体 2: GasCyl1 (置信度: 0.81)
2026-06-04 18:54:10 [INFO] 物体 3: FireExt1 (置信度: 0.49)
2026-06-04 18:54:10 [INFO] 物体 4: FireExt1 (置信度: 0.44)
2026-06-04 18:54:10 [INFO] 检测到车兜区域，将过滤区域外的目标
2026-06-04 18:54:10 [INFO] 车兜区域过滤: 4 -> 3 个目标
2026-06-04 18:54:10 [INFO] 准备保存检测结果到: C:\code\show\Scrap_Steel_In_Field\photos\dangerous_det\detection_20260604_185410.jpg
2026-06-04 18:54:10 [INFO] 图像形状: (2160, 3840, 3)
2026-06-04 18:54:10 [INFO] 图像数据类型: uint8
2026-06-04 18:54:10 [INFO] 图像最大值: 255
2026-06-04 18:54:10 [INFO] 图像最小值: 0
2026-06-04 18:54:10 [INFO] 开始保存检测结果图像: 图像尺寸=(2160, 3840, 3), 类型=uint8, 路径=C:\code\show\Scrap_Steel_In_Field\photos\dangerous_det\detection_20260604_185410.jpg
2026-06-04 18:54:10 [INFO] 成功保存检测结果到: C:\code\show\Scrap_Steel_In_Field\photos\dangerous_det\detection_20260604_185410.jpg
2026-06-04 18:54:10 [INFO] 保存的检测结果文件大小: 2250388 字节
2026-06-04 18:54:10 [INFO] 引擎上下文已释放
2026-06-04 18:54:10 [INFO] TensorRT 引擎已释放
2026-06-04 18:54:10 [INFO] 全局 CUDA 资源已释放
2026-06-04 18:54:10 [INFO] 检测系统资源已释放
2026-06-04 18:54:16 [INFO] CUDA 初始化成功
2026-06-04 18:54:16 [INFO] 引擎加载成功: dangerous.engine
2026-06-04 18:54:16 [INFO] 检测系统初始化成功
2026-06-04 18:54:16 [INFO] 图像预处理完成，原始尺寸: (2160, 3840)
2026-06-04 18:54:16 [INFO] 开始执行目标检测...
2026-06-04 18:54:16 [INFO] 检测完成，找到 4 个物体
2026-06-04 18:54:16 [INFO] 物体 1: GasCyl1 (置信度: 0.91)
2026-06-04 18:54:16 [INFO] 物体 2: GasCyl1 (置信度: 0.78)
2026-06-04 18:54:16 [INFO] 物体 3: FireExt1 (置信度: 0.48)
2026-06-04 18:54:16 [INFO] 物体 4: FireExt1 (置信度: 0.42)
2026-06-04 18:54:16 [INFO] 检测到车兜区域，将过滤区域外的目标
2026-06-04 18:54:16 [INFO] 车兜区域过滤: 4 -> 3 个目标
2026-06-04 18:54:16 [INFO] 准备保存检测结果到: C:\code\show\Scrap_Steel_In_Field\photos\dangerous_det\detection_20260604_185416.jpg
2026-06-04 18:54:16 [INFO] 图像形状: (2160, 3840, 3)
2026-06-04 18:54:16 [INFO] 图像数据类型: uint8
2026-06-04 18:54:16 [INFO] 图像最大值: 255
2026-06-04 18:54:16 [INFO] 图像最小值: 0
2026-06-04 18:54:16 [INFO] 开始保存检测结果图像: 图像尺寸=(2160, 3840, 3), 类型=uint8, 路径=C:\code\show\Scrap_Steel_In_Field\photos\dangerous_det\detection_20260604_185416.jpg
2026-06-04 18:54:16 [INFO] 成功保存检测结果到: C:\code\show\Scrap_Steel_In_Field\photos\dangerous_det\detection_20260604_185416.jpg
2026-06-04 18:54:16 [INFO] 保存的检测结果文件大小: 2245158 字节
2026-06-04 18:54:16 [INFO] 引擎上下文已释放
2026-06-04 18:54:16 [INFO] TensorRT 引擎已释放
2026-06-04 18:54:16 [INFO] 全局 CUDA 资源已释放
2026-06-04 18:54:16 [INFO] 检测系统资源已释放
2026-06-04 18:54:21 [INFO] CUDA 初始化成功
2026-06-04 18:54:21 [INFO] 引擎加载成功: dangerous.engine
2026-06-04 18:54:21 [INFO] 检测系统初始化成功
2026-06-04 18:54:21 [INFO] 图像预处理完成，原始尺寸: (2160, 3840)
2026-06-04 18:54:21 [INFO] 开始执行目标检测...
2026-06-04 18:54:21 [INFO] 检测完成，找到 4 个物体
2026-06-04 18:54:21 [INFO] 物体 1: GasCyl1 (置信度: 0.89)
2026-06-04 18:54:21 [INFO] 物体 2: GasCyl1 (置信度: 0.80)
2026-06-04 18:54:21 [INFO] 物体 3: FireExt1 (置信度: 0.50)
2026-06-04 18:54:21 [INFO] 物体 4: FireExt1 (置信度: 0.43)
2026-06-04 18:54:21 [INFO] 检测到车兜区域，将过滤区域外的目标
2026-06-04 18:54:21 [INFO] 车兜区域过滤: 4 -> 3 个目标
2026-06-04 18:54:21 [INFO] 准备保存检测结果到: C:\code\show\Scrap_Steel_In_Field\photos\dangerous_det\detection_20260604_185421.jpg
2026-06-04 18:54:21 [INFO] 图像形状: (2160, 3840, 3)
2026-06-04 18:54:21 [INFO] 图像数据类型: uint8
2026-06-04 18:54:21 [INFO] 图像最大值: 255
2026-06-04 18:54:21 [INFO] 图像最小值: 0
2026-06-04 18:54:21 [INFO] 开始保存检测结果图像: 图像尺寸=(2160, 3840, 3), 类型=uint8, 路径=C:\code\show\Scrap_Steel_In_Field\photos\dangerous_det\detection_20260604_185421.jpg
2026-06-04 18:54:21 [INFO] 成功保存检测结果到: C:\code\show\Scrap_Steel_In_Field\photos\dangerous_det\detection_20260604_185421.jpg
2026-06-04 18:54:21 [INFO] 保存的检测结果文件大小: 2249710 字节
2026-06-04 18:54:21 [INFO] 引擎上下文已释放
2026-06-04 18:54:21 [INFO] TensorRT 引擎已释放
2026-06-04 18:54:21 [INFO] 全局 CUDA 资源已释放
2026-06-04 18:54:21 [INFO] 检测系统资源已释放
2026-06-04 18:54:26 [INFO] CUDA 初始化成功
2026-06-04 18:54:26 [INFO] 引擎加载成功: dangerous.engine
2026-06-04 18:54:26 [INFO] 检测系统初始化成功
2026-06-04 18:54:26 [INFO] 图像预处理完成，原始尺寸: (2160, 3840)
2026-06-04 18:54:26 [INFO] 开始执行目标检测...
2026-06-04 18:54:26 [INFO] 检测完成，找到 4 个物体
2026-06-04 18:54:26 [INFO] 物体 1: GasCyl1 (置信度: 0.90)
2026-06-04 18:54:26 [INFO] 物体 2: GasCyl1 (置信度: 0.83)
2026-06-04 18:54:26 [INFO] 物体 3: FireExt1 (置信度: 0.50)
2026-06-04 18:54:26 [INFO] 物体 4: FireExt1 (置信度: 0.43)
2026-06-04 18:54:26 [INFO] 检测到车兜区域，将过滤区域外的目标
2026-06-04 18:54:26 [INFO] 车兜区域过滤: 4 -> 3 个目标
2026-06-04 18:54:26 [INFO] 准备保存检测结果到: C:\code\show\Scrap_Steel_In_Field\photos\dangerous_det\detection_20260604_185426.jpg
2026-06-04 18:54:26 [INFO] 图像形状: (2160, 3840, 3)
2026-06-04 18:54:26 [INFO] 图像数据类型: uint8
2026-06-04 18:54:26 [INFO] 图像最大值: 255
2026-06-04 18:54:26 [INFO] 图像最小值: 0
2026-06-04 18:54:26 [INFO] 开始保存检测结果图像: 图像尺寸=(2160, 3840, 3), 类型=uint8, 路径=C:\code\show\Scrap_Steel_In_Field\photos\dangerous_det\detection_20260604_185426.jpg
2026-06-04 18:54:26 [INFO] 成功保存检测结果到: C:\code\show\Scrap_Steel_In_Field\photos\dangerous_det\detection_20260604_185426.jpg
2026-06-04 18:54:26 [INFO] 保存的检测结果文件大小: 2249141 字节
2026-06-04 18:54:26 [INFO] 引擎上下文已释放
2026-06-04 18:54:26 [INFO] TensorRT 引擎已释放
2026-06-04 18:54:26 [INFO] 全局 CUDA 资源已释放
2026-06-04 18:54:26 [INFO] 检测系统资源已释放
2026-06-04 18:54:31 [INFO] CUDA 初始化成功
2026-06-04 18:54:31 [INFO] 引擎加载成功: dangerous.engine
2026-06-04 18:54:31 [INFO] 检测系统初始化成功
2026-06-04 18:54:31 [INFO] 图像预处理完成，原始尺寸: (2160, 3840)
2026-06-04 18:54:31 [INFO] 开始执行目标检测...
2026-06-04 18:54:31 [INFO] 检测完成，找到 3 个物体
2026-06-04 18:54:31 [INFO] 物体 1: GasCyl1 (置信度: 0.89)
2026-06-04 18:54:31 [INFO] 物体 2: GasCyl1 (置信度: 0.82)
2026-06-04 18:54:31 [INFO] 物体 3: FireExt1 (置信度: 0.50)
2026-06-04 18:54:31 [INFO] 检测到车兜区域，将过滤区域外的目标
2026-06-04 18:54:31 [INFO] 车兜区域过滤: 3 -> 2 个目标
2026-06-04 18:54:31 [INFO] 准备保存检测结果到: C:\code\show\Scrap_Steel_In_Field\photos\dangerous_det\detection_20260604_185431.jpg
2026-06-04 18:54:31 [INFO] 图像形状: (2160, 3840, 3)
2026-06-04 18:54:31 [INFO] 图像数据类型: uint8
2026-06-04 18:54:31 [INFO] 图像最大值: 255
2026-06-04 18:54:31 [INFO] 图像最小值: 0
2026-06-04 18:54:31 [INFO] 开始保存检测结果图像: 图像尺寸=(2160, 3840, 3), 类型=uint8, 路径=C:\code\show\Scrap_Steel_In_Field\photos\dangerous_det\detection_20260604_185431.jpg
2026-06-04 18:54:31 [INFO] 成功保存检测结果到: C:\code\show\Scrap_Steel_In_Field\photos\dangerous_det\detection_20260604_185431.jpg
2026-06-04 18:54:31 [INFO] 保存的检测结果文件大小: 2245358 字节
2026-06-04 18:54:31 [INFO] 引擎上下文已释放
2026-06-04 18:54:31 [INFO] TensorRT 引擎已释放
2026-06-04 18:54:31 [INFO] 全局 CUDA 资源已释放
2026-06-04 18:54:31 [INFO] 检测系统资源已释放
2026-06-04 18:54:37 [INFO] CUDA 初始化成功
2026-06-04 18:54:37 [INFO] 引擎加载成功: dangerous.engine
2026-06-04 18:54:37 [INFO] 检测系统初始化成功
2026-06-04 18:54:37 [INFO] 图像预处理完成，原始尺寸: (2160, 3840)
2026-06-04 18:54:37 [INFO] 开始执行目标检测...
2026-06-04 18:54:37 [INFO] 检测完成，找到 4 个物体
2026-06-04 18:54:37 [INFO] 物体 1: GasCyl1 (置信度: 0.90)
2026-06-04 18:54:37 [INFO] 物体 2: GasCyl1 (置信度: 0.81)
2026-06-04 18:54:37 [INFO] 物体 3: FireExt1 (置信度: 0.45)
2026-06-04 18:54:37 [INFO] 物体 4: FireExt1 (置信度: 0.40)
2026-06-04 18:54:37 [INFO] 检测到车兜区域，将过滤区域外的目标
2026-06-04 18:54:37 [INFO] 车兜区域过滤: 4 -> 3 个目标
2026-06-04 18:54:37 [INFO] 准备保存检测结果到: C:\code\show\Scrap_Steel_In_Field\photos\dangerous_det\detection_20260604_185437.jpg
2026-06-04 18:54:37 [INFO] 图像形状: (2160, 3840, 3)
2026-06-04 18:54:37 [INFO] 图像数据类型: uint8
2026-06-04 18:54:37 [INFO] 图像最大值: 255
2026-06-04 18:54:37 [INFO] 图像最小值: 0
2026-06-04 18:54:37 [INFO] 开始保存检测结果图像: 图像尺寸=(2160, 3840, 3), 类型=uint8, 路径=C:\code\show\Scrap_Steel_In_Field\photos\dangerous_det\detection_20260604_185437.jpg
2026-06-04 18:54:37 [INFO] 成功保存检测结果到: C:\code\show\Scrap_Steel_In_Field\photos\dangerous_det\detection_20260604_185437.jpg
2026-06-04 18:54:37 [INFO] 保存的检测结果文件大小: 2246559 字节
2026-06-04 18:54:37 [INFO] 引擎上下文已释放
2026-06-04 18:54:37 [INFO] TensorRT 引擎已释放
2026-06-04 18:54:37 [INFO] 全局 CUDA 资源已释放
2026-06-04 18:54:37 [INFO] 检测系统资源已释放
2026-06-04 18:54:42 [INFO] CUDA 初始化成功
2026-06-04 18:54:42 [INFO] 引擎加载成功: dangerous.engine
2026-06-04 18:54:42 [INFO] 检测系统初始化成功
2026-06-04 18:54:42 [INFO] 图像预处理完成，原始尺寸: (2160, 3840)
2026-06-04 18:54:42 [INFO] 开始执行目标检测...
2026-06-04 18:54:42 [INFO] 检测完成，找到 4 个物体
2026-06-04 18:54:42 [INFO] 物体 1: GasCyl1 (置信度: 0.90)
2026-06-04 18:54:42 [INFO] 物体 2: GasCyl1 (置信度: 0.82)
2026-06-04 18:54:42 [INFO] 物体 3: FireExt1 (置信度: 0.49)
2026-06-04 18:54:42 [INFO] 物体 4: FireExt1 (置信度: 0.41)
2026-06-04 18:54:42 [INFO] 检测到车兜区域，将过滤区域外的目标
2026-06-04 18:54:42 [INFO] 车兜区域过滤: 4 -> 3 个目标
2026-06-04 18:54:42 [INFO] 准备保存检测结果到: C:\code\show\Scrap_Steel_In_Field\photos\dangerous_det\detection_20260604_185442.jpg
2026-06-04 18:54:42 [INFO] 图像形状: (2160, 3840, 3)
2026-06-04 18:54:42 [INFO] 图像数据类型: uint8
2026-06-04 18:54:42 [INFO] 图像最大值: 255
2026-06-04 18:54:42 [INFO] 图像最小值: 0
2026-06-04 18:54:42 [INFO] 开始保存检测结果图像: 图像尺寸=(2160, 3840, 3), 类型=uint8, 路径=C:\code\show\Scrap_Steel_In_Field\photos\dangerous_det\detection_20260604_185442.jpg
2026-06-04 18:54:42 [INFO] 成功保存检测结果到: C:\code\show\Scrap_Steel_In_Field\photos\dangerous_det\detection_20260604_185442.jpg
2026-06-04 18:54:42 [INFO] 保存的检测结果文件大小: 2247067 字节
2026-06-04 18:54:42 [INFO] 引擎上下文已释放
2026-06-04 18:54:42 [INFO] TensorRT 引擎已释放
2026-06-04 18:54:42 [INFO] 全局 CUDA 资源已释放
2026-06-04 18:54:42 [INFO] 检测系统资源已释放
2026-06-04 18:54:47 [INFO] CUDA 初始化成功
2026-06-04 18:54:47 [INFO] 引擎加载成功: dangerous.engine
2026-06-04 18:54:47 [INFO] 检测系统初始化成功
2026-06-04 18:54:47 [INFO] 图像预处理完成，原始尺寸: (2160, 3840)
2026-06-04 18:54:47 [INFO] 开始执行目标检测...
2026-06-04 18:54:47 [INFO] 检测完成，找到 4 个物体
2026-06-04 18:54:47 [INFO] 物体 1: GasCyl1 (置信度: 0.90)
2026-06-04 18:54:47 [INFO] 物体 2: GasCyl1 (置信度: 0.81)
2026-06-04 18:54:47 [INFO] 物体 3: FireExt1 (置信度: 0.48)
2026-06-04 18:54:47 [INFO] 物体 4: FireExt1 (置信度: 0.41)
2026-06-04 18:54:47 [INFO] 检测到车兜区域，将过滤区域外的目标
2026-06-04 18:54:47 [INFO] 车兜区域过滤: 4 -> 3 个目标
2026-06-04 18:54:47 [INFO] 准备保存检测结果到: C:\code\show\Scrap_Steel_In_Field\photos\dangerous_det\detection_20260604_185447.jpg
2026-06-04 18:54:47 [INFO] 图像形状: (2160, 3840, 3)
2026-06-04 18:54:47 [INFO] 图像数据类型: uint8
2026-06-04 18:54:47 [INFO] 图像最大值: 255
2026-06-04 18:54:47 [INFO] 图像最小值: 0
2026-06-04 18:54:47 [INFO] 开始保存检测结果图像: 图像尺寸=(2160, 3840, 3), 类型=uint8, 路径=C:\code\show\Scrap_Steel_In_Field\photos\dangerous_det\detection_20260604_185447.jpg
2026-06-04 18:54:47 [INFO] 成功保存检测结果到: C:\code\show\Scrap_Steel_In_Field\photos\dangerous_det\detection_20260604_185447.jpg
2026-06-04 18:54:47 [INFO] 保存的检测结果文件大小: 2247377 字节
2026-06-04 18:54:47 [INFO] 引擎上下文已释放
2026-06-04 18:54:47 [INFO] TensorRT 引擎已释放
2026-06-04 18:54:47 [INFO] 全局 CUDA 资源已释放
2026-06-04 18:54:47 [INFO] 检测系统资源已释放
2026-06-04 18:54:52 [INFO] CUDA 初始化成功
2026-06-04 18:54:52 [INFO] 引擎加载成功: dangerous.engine
2026-06-04 18:54:52 [INFO] 检测系统初始化成功
2026-06-04 18:54:52 [INFO] 图像预处理完成，原始尺寸: (2160, 3840)
2026-06-04 18:54:52 [INFO] 开始执行目标检测...
2026-06-04 18:54:52 [INFO] 检测完成，找到 4 个物体
2026-06-04 18:54:52 [INFO] 物体 1: GasCyl1 (置信度: 0.90)
2026-06-04 18:54:52 [INFO] 物体 2: GasCyl1 (置信度: 0.81)
2026-06-04 18:54:52 [INFO] 物体 3: FireExt1 (置信度: 0.49)
2026-06-04 18:54:52 [INFO] 物体 4: FireExt1 (置信度: 0.41)
2026-06-04 18:54:52 [INFO] 检测到车兜区域，将过滤区域外的目标
2026-06-04 18:54:52 [INFO] 车兜区域过滤: 4 -> 3 个目标
2026-06-04 18:54:52 [INFO] 准备保存检测结果到: C:\code\show\Scrap_Steel_In_Field\photos\dangerous_det\detection_20260604_185452.jpg
2026-06-04 18:54:52 [INFO] 图像形状: (2160, 3840, 3)
2026-06-04 18:54:52 [INFO] 图像数据类型: uint8
2026-06-04 18:54:52 [INFO] 图像最大值: 255
2026-06-04 18:54:52 [INFO] 图像最小值: 0
2026-06-04 18:54:52 [INFO] 开始保存检测结果图像: 图像尺寸=(2160, 3840, 3), 类型=uint8, 路径=C:\code\show\Scrap_Steel_In_Field\photos\dangerous_det\detection_20260604_185452.jpg
2026-06-04 18:54:52 [INFO] 成功保存检测结果到: C:\code\show\Scrap_Steel_In_Field\photos\dangerous_det\detection_20260604_185452.jpg
2026-06-04 18:54:52 [INFO] 保存的检测结果文件大小: 2251411 字节
2026-06-04 18:54:52 [INFO] 引擎上下文已释放
2026-06-04 18:54:52 [INFO] TensorRT 引擎已释放
2026-06-04 18:54:52 [INFO] 全局 CUDA 资源已释放
2026-06-04 18:54:52 [INFO] 检测系统资源已释放
2026-06-04 18:54:58 [INFO] CUDA 初始化成功
2026-06-04 18:54:58 [INFO] 引擎加载成功: dangerous.engine
2026-06-04 18:54:58 [INFO] 检测系统初始化成功
2026-06-04 18:54:58 [INFO] 图像预处理完成，原始尺寸: (2160, 3840)
2026-06-04 18:54:58 [INFO] 开始执行目标检测...
2026-06-04 18:54:58 [INFO] 检测完成，找到 4 个物体
2026-06-04 18:54:58 [INFO] 物体 1: GasCyl1 (置信度: 0.89)
2026-06-04 18:54:58 [INFO] 物体 2: GasCyl1 (置信度: 0.78)
2026-06-04 18:54:58 [INFO] 物体 3: FireExt1 (置信度: 0.50)
2026-06-04 18:54:58 [INFO] 物体 4: FireExt1 (置信度: 0.35)
2026-06-04 18:54:58 [INFO] 检测到车兜区域，将过滤区域外的目标
2026-06-04 18:54:58 [INFO] 车兜区域过滤: 4 -> 3 个目标
2026-06-04 18:54:58 [INFO] 准备保存检测结果到: C:\code\show\Scrap_Steel_In_Field\photos\dangerous_det\detection_20260604_185458.jpg
2026-06-04 18:54:58 [INFO] 图像形状: (2160, 3840, 3)
2026-06-04 18:54:58 [INFO] 图像数据类型: uint8
2026-06-04 18:54:58 [INFO] 图像最大值: 255
2026-06-04 18:54:58 [INFO] 图像最小值: 0
2026-06-04 18:54:58 [INFO] 开始保存检测结果图像: 图像尺寸=(2160, 3840, 3), 类型=uint8, 路径=C:\code\show\Scrap_Steel_In_Field\photos\dangerous_det\detection_20260604_185458.jpg
2026-06-04 18:54:58 [INFO] 成功保存检测结果到: C:\code\show\Scrap_Steel_In_Field\photos\dangerous_det\detection_20260604_185458.jpg
2026-06-04 18:54:58 [INFO] 保存的检测结果文件大小: 2248588 字节
2026-06-04 18:54:58 [INFO] 引擎上下文已释放
2026-06-04 18:54:58 [INFO] TensorRT 引擎已释放
2026-06-04 18:54:58 [INFO] 全局 CUDA 资源已释放
2026-06-04 18:54:58 [INFO] 检测系统资源已释放
2026-06-04 18:55:03 [INFO] CUDA 初始化成功
2026-06-04 18:55:03 [INFO] 引擎加载成功: dangerous.engine
2026-06-04 18:55:03 [INFO] 检测系统初始化成功
2026-06-04 18:55:03 [INFO] 图像预处理完成，原始尺寸: (2160, 3840)
2026-06-04 18:55:03 [INFO] 开始执行目标检测...
2026-06-04 18:55:03 [INFO] 检测完成，找到 4 个物体
2026-06-04 18:55:03 [INFO] 物体 1: GasCyl1 (置信度: 0.90)
2026-06-04 18:55:03 [INFO] 物体 2: GasCyl1 (置信度: 0.75)
2026-06-04 18:55:03 [INFO] 物体 3: FireExt1 (置信度: 0.49)
2026-06-04 18:55:03 [INFO] 物体 4: FireExt1 (置信度: 0.37)
2026-06-04 18:55:03 [INFO] 检测到车兜区域，将过滤区域外的目标
2026-06-04 18:55:03 [INFO] 车兜区域过滤: 4 -> 3 个目标
2026-06-04 18:55:03 [INFO] 准备保存检测结果到: C:\code\show\Scrap_Steel_In_Field\photos\dangerous_det\detection_20260604_185503.jpg
2026-06-04 18:55:03 [INFO] 图像形状: (2160, 3840, 3)
2026-06-04 18:55:03 [INFO] 图像数据类型: uint8
2026-06-04 18:55:03 [INFO] 图像最大值: 255
2026-06-04 18:55:03 [INFO] 图像最小值: 0
2026-06-04 18:55:03 [INFO] 开始保存检测结果图像: 图像尺寸=(2160, 3840, 3), 类型=uint8, 路径=C:\code\show\Scrap_Steel_In_Field\photos\dangerous_det\detection_20260604_185503.jpg
2026-06-04 18:55:03 [INFO] 成功保存检测结果到: C:\code\show\Scrap_Steel_In_Field\photos\dangerous_det\detection_20260604_185503.jpg
2026-06-04 18:55:03 [INFO] 保存的检测结果文件大小: 2243459 字节
2026-06-04 18:55:03 [INFO] 引擎上下文已释放
2026-06-04 18:55:03 [INFO] TensorRT 引擎已释放
2026-06-04 18:55:03 [INFO] 全局 CUDA 资源已释放
2026-06-04 18:55:03 [INFO] 检测系统资源已释放
2026-06-04 18:55:08 [INFO] CUDA 初始化成功
2026-06-04 18:55:08 [INFO] 引擎加载成功: dangerous.engine
2026-06-04 18:55:08 [INFO] 检测系统初始化成功
2026-06-04 18:55:08 [INFO] 图像预处理完成，原始尺寸: (2160, 3840)
2026-06-04 18:55:08 [INFO] 开始执行目标检测...
2026-06-04 18:55:08 [INFO] 检测完成，找到 4 个物体
2026-06-04 18:55:08 [INFO] 物体 1: GasCyl1 (置信度: 0.90)
2026-06-04 18:55:08 [INFO] 物体 2: GasCyl1 (置信度: 0.78)
2026-06-04 18:55:08 [INFO] 物体 3: FireExt1 (置信度: 0.51)
2026-06-04 18:55:08 [INFO] 物体 4: FireExt1 (置信度: 0.43)
2026-06-04 18:55:08 [INFO] 检测到车兜区域，将过滤区域外的目标
2026-06-04 18:55:08 [INFO] 车兜区域过滤: 4 -> 3 个目标
2026-06-04 18:55:08 [INFO] 准备保存检测结果到: C:\code\show\Scrap_Steel_In_Field\photos\dangerous_det\detection_20260604_185508.jpg
2026-06-04 18:55:08 [INFO] 图像形状: (2160, 3840, 3)
2026-06-04 18:55:08 [INFO] 图像数据类型: uint8
2026-06-04 18:55:08 [INFO] 图像最大值: 255
2026-06-04 18:55:08 [INFO] 图像最小值: 0
2026-06-04 18:55:08 [INFO] 开始保存检测结果图像: 图像尺寸=(2160, 3840, 3), 类型=uint8, 路径=C:\code\show\Scrap_Steel_In_Field\photos\dangerous_det\detection_20260604_185508.jpg
2026-06-04 18:55:08 [INFO] 成功保存检测结果到: C:\code\show\Scrap_Steel_In_Field\photos\dangerous_det\detection_20260604_185508.jpg
2026-06-04 18:55:08 [INFO] 保存的检测结果文件大小: 2245552 字节
2026-06-04 18:55:08 [INFO] 引擎上下文已释放
2026-06-04 18:55:08 [INFO] TensorRT 引擎已释放
2026-06-04 18:55:08 [INFO] 全局 CUDA 资源已释放
2026-06-04 18:55:08 [INFO] 检测系统资源已释放
2026-06-04 18:55:14 [INFO] CUDA 初始化成功
2026-06-04 18:55:14 [INFO] 引擎加载成功: dangerous.engine
2026-06-04 18:55:14 [INFO] 检测系统初始化成功
2026-06-04 18:55:14 [INFO] 图像预处理完成，原始尺寸: (2160, 3840)
2026-06-04 18:55:14 [INFO] 开始执行目标检测...
2026-06-04 18:55:14 [INFO] 检测完成，找到 4 个物体
2026-06-04 18:55:14 [INFO] 物体 1: GasCyl1 (置信度: 0.90)
2026-06-04 18:55:14 [INFO] 物体 2: GasCyl1 (置信度: 0.83)
2026-06-04 18:55:14 [INFO] 物体 3: FireExt1 (置信度: 0.51)
2026-06-04 18:55:14 [INFO] 物体 4: FireExt1 (置信度: 0.38)
2026-06-04 18:55:14 [INFO] 检测到车兜区域，将过滤区域外的目标
2026-06-04 18:55:14 [INFO] 车兜区域过滤: 4 -> 3 个目标
2026-06-04 18:55:14 [INFO] 准备保存检测结果到: C:\code\show\Scrap_Steel_In_Field\photos\dangerous_det\detection_20260604_185514.jpg
2026-06-04 18:55:14 [INFO] 图像形状: (2160, 3840, 3)
2026-06-04 18:55:14 [INFO] 图像数据类型: uint8
2026-06-04 18:55:14 [INFO] 图像最大值: 255
2026-06-04 18:55:14 [INFO] 图像最小值: 0
2026-06-04 18:55:14 [INFO] 开始保存检测结果图像: 图像尺寸=(2160, 3840, 3), 类型=uint8, 路径=C:\code\show\Scrap_Steel_In_Field\photos\dangerous_det\detection_20260604_185514.jpg
2026-06-04 18:55:14 [INFO] 成功保存检测结果到: C:\code\show\Scrap_Steel_In_Field\photos\dangerous_det\detection_20260604_185514.jpg
2026-06-04 18:55:14 [INFO] 保存的检测结果文件大小: 2246677 字节
2026-06-04 18:55:14 [INFO] 引擎上下文已释放
2026-06-04 18:55:14 [INFO] TensorRT 引擎已释放
2026-06-04 18:55:14 [INFO] 全局 CUDA 资源已释放
2026-06-04 18:55:14 [INFO] 检测系统资源已释放
2026-06-04 18:55:19 [INFO] CUDA 初始化成功
2026-06-04 18:55:19 [INFO] 引擎加载成功: dangerous.engine
2026-06-04 18:55:19 [INFO] 检测系统初始化成功
2026-06-04 18:55:19 [INFO] 图像预处理完成，原始尺寸: (2160, 3840)
2026-06-04 18:55:19 [INFO] 开始执行目标检测...
2026-06-04 18:55:19 [INFO] 检测完成，找到 4 个物体
2026-06-04 18:55:19 [INFO] 物体 1: GasCyl1 (置信度: 0.90)
2026-06-04 18:55:19 [INFO] 物体 2: GasCyl1 (置信度: 0.81)
2026-06-04 18:55:19 [INFO] 物体 3: FireExt1 (置信度: 0.48)
2026-06-04 18:55:19 [INFO] 物体 4: FireExt1 (置信度: 0.45)
2026-06-04 18:55:19 [INFO] 检测到车兜区域，将过滤区域外的目标
2026-06-04 18:55:19 [INFO] 车兜区域过滤: 4 -> 3 个目标
2026-06-04 18:55:19 [INFO] 准备保存检测结果到: C:\code\show\Scrap_Steel_In_Field\photos\dangerous_det\detection_20260604_185519.jpg
2026-06-04 18:55:19 [INFO] 图像形状: (2160, 3840, 3)
2026-06-04 18:55:19 [INFO] 图像数据类型: uint8
2026-06-04 18:55:19 [INFO] 图像最大值: 255
2026-06-04 18:55:19 [INFO] 图像最小值: 0
2026-06-04 18:55:19 [INFO] 开始保存检测结果图像: 图像尺寸=(2160, 3840, 3), 类型=uint8, 路径=C:\code\show\Scrap_Steel_In_Field\photos\dangerous_det\detection_20260604_185519.jpg
2026-06-04 18:55:19 [INFO] 成功保存检测结果到: C:\code\show\Scrap_Steel_In_Field\photos\dangerous_det\detection_20260604_185519.jpg
2026-06-04 18:55:19 [INFO] 保存的检测结果文件大小: 2248967 字节
2026-06-04 18:55:19 [INFO] 引擎上下文已释放
2026-06-04 18:55:19 [INFO] TensorRT 引擎已释放
2026-06-04 18:55:19 [INFO] 全局 CUDA 资源已释放
2026-06-04 18:55:19 [INFO] 检测系统资源已释放
2026-06-04 18:55:24 [INFO] CUDA 初始化成功
2026-06-04 18:55:24 [INFO] 引擎加载成功: dangerous.engine
2026-06-04 18:55:24 [INFO] 检测系统初始化成功
2026-06-04 18:55:24 [INFO] 图像预处理完成，原始尺寸: (2160, 3840)
2026-06-04 18:55:24 [INFO] 开始执行目标检测...
2026-06-04 18:55:24 [INFO] 检测完成，找到 4 个物体
2026-06-04 18:55:24 [INFO] 物体 1: GasCyl1 (置信度: 0.90)
2026-06-04 18:55:24 [INFO] 物体 2: GasCyl1 (置信度: 0.81)
2026-06-04 18:55:24 [INFO] 物体 3: FireExt1 (置信度: 0.50)
2026-06-04 18:55:24 [INFO] 物体 4: FireExt1 (置信度: 0.44)
2026-06-04 18:55:24 [INFO] 检测到车兜区域，将过滤区域外的目标
2026-06-04 18:55:24 [INFO] 车兜区域过滤: 4 -> 3 个目标
2026-06-04 18:55:24 [INFO] 准备保存检测结果到: C:\code\show\Scrap_Steel_In_Field\photos\dangerous_det\detection_20260604_185524.jpg
2026-06-04 18:55:24 [INFO] 图像形状: (2160, 3840, 3)
2026-06-04 18:55:24 [INFO] 图像数据类型: uint8
2026-06-04 18:55:24 [INFO] 图像最大值: 255
2026-06-04 18:55:24 [INFO] 图像最小值: 0
2026-06-04 18:55:24 [INFO] 开始保存检测结果图像: 图像尺寸=(2160, 3840, 3), 类型=uint8, 路径=C:\code\show\Scrap_Steel_In_Field\photos\dangerous_det\detection_20260604_185524.jpg
2026-06-04 18:55:24 [INFO] 成功保存检测结果到: C:\code\show\Scrap_Steel_In_Field\photos\dangerous_det\detection_20260604_185524.jpg
2026-06-04 18:55:24 [INFO] 保存的检测结果文件大小: 2242890 字节
2026-06-04 18:55:24 [INFO] 引擎上下文已释放
2026-06-04 18:55:24 [INFO] TensorRT 引擎已释放
2026-06-04 18:55:24 [INFO] 全局 CUDA 资源已释放
2026-06-04 18:55:24 [INFO] 检测系统资源已释放
2026-06-04 18:55:29 [INFO] CUDA 初始化成功
2026-06-04 18:55:29 [INFO] 引擎加载成功: dangerous.engine
2026-06-04 18:55:29 [INFO] 检测系统初始化成功
2026-06-04 18:55:29 [INFO] 图像预处理完成，原始尺寸: (2160, 3840)
2026-06-04 18:55:29 [INFO] 开始执行目标检测...
2026-06-04 18:55:29 [INFO] 检测完成，找到 4 个物体
2026-06-04 18:55:29 [INFO] 物体 1: GasCyl1 (置信度: 0.90)
2026-06-04 18:55:29 [INFO] 物体 2: GasCyl1 (置信度: 0.81)
2026-06-04 18:55:29 [INFO] 物体 3: FireExt1 (置信度: 0.48)
2026-06-04 18:55:29 [INFO] 物体 4: FireExt1 (置信度: 0.44)
2026-06-04 18:55:29 [INFO] 检测到车兜区域，将过滤区域外的目标
2026-06-04 18:55:29 [INFO] 车兜区域过滤: 4 -> 3 个目标
2026-06-04 18:55:29 [INFO] 准备保存检测结果到: C:\code\show\Scrap_Steel_In_Field\photos\dangerous_det\detection_20260604_185529.jpg
2026-06-04 18:55:29 [INFO] 图像形状: (2160, 3840, 3)
2026-06-04 18:55:29 [INFO] 图像数据类型: uint8
2026-06-04 18:55:29 [INFO] 图像最大值: 255
2026-06-04 18:55:29 [INFO] 图像最小值: 0
2026-06-04 18:55:29 [INFO] 开始保存检测结果图像: 图像尺寸=(2160, 3840, 3), 类型=uint8, 路径=C:\code\show\Scrap_Steel_In_Field\photos\dangerous_det\detection_20260604_185529.jpg
2026-06-04 18:55:29 [INFO] 成功保存检测结果到: C:\code\show\Scrap_Steel_In_Field\photos\dangerous_det\detection_20260604_185529.jpg
2026-06-04 18:55:29 [INFO] 保存的检测结果文件大小: 2247822 字节
2026-06-04 18:55:29 [INFO] 引擎上下文已释放
2026-06-04 18:55:29 [INFO] TensorRT 引擎已释放
2026-06-04 18:55:30 [INFO] 全局 CUDA 资源已释放
2026-06-04 18:55:30 [INFO] 检测系统资源已释放
2026-06-04 18:55:34 [INFO] CUDA 初始化成功
2026-06-04 18:55:34 [INFO] 引擎加载成功: dangerous.engine
2026-06-04 18:55:34 [INFO] 检测系统初始化成功
2026-06-04 18:55:34 [INFO] 图像预处理完成，原始尺寸: (2160, 3840)
2026-06-04 18:55:34 [INFO] 开始执行目标检测...
2026-06-04 18:55:34 [INFO] 检测完成，找到 4 个物体
2026-06-04 18:55:34 [INFO] 物体 1: GasCyl1 (置信度: 0.89)
2026-06-04 18:55:34 [INFO] 物体 2: GasCyl1 (置信度: 0.82)
2026-06-04 18:55:34 [INFO] 物体 3: FireExt1 (置信度: 0.47)
2026-06-04 18:55:34 [INFO] 物体 4: FireExt1 (置信度: 0.38)
2026-06-04 18:55:34 [INFO] 检测到车兜区域，将过滤区域外的目标
2026-06-04 18:55:34 [INFO] 车兜区域过滤: 4 -> 3 个目标
2026-06-04 18:55:34 [INFO] 准备保存检测结果到: C:\code\show\Scrap_Steel_In_Field\photos\dangerous_det\detection_20260604_185534.jpg
2026-06-04 18:55:34 [INFO] 图像形状: (2160, 3840, 3)
2026-06-04 18:55:34 [INFO] 图像数据类型: uint8
2026-06-04 18:55:34 [INFO] 图像最大值: 255
2026-06-04 18:55:34 [INFO] 图像最小值: 0
2026-06-04 18:55:34 [INFO] 开始保存检测结果图像: 图像尺寸=(2160, 3840, 3), 类型=uint8, 路径=C:\code\show\Scrap_Steel_In_Field\photos\dangerous_det\detection_20260604_185534.jpg
2026-06-04 18:55:34 [INFO] 成功保存检测结果到: C:\code\show\Scrap_Steel_In_Field\photos\dangerous_det\detection_20260604_185534.jpg
2026-06-04 18:55:34 [INFO] 保存的检测结果文件大小: 2251730 字节
2026-06-04 18:55:34 [INFO] 引擎上下文已释放
2026-06-04 18:55:34 [INFO] TensorRT 引擎已释放
2026-06-04 18:55:34 [INFO] 全局 CUDA 资源已释放
2026-06-04 18:55:34 [INFO] 检测系统资源已释放
2026-06-04 18:55:40 [INFO] CUDA 初始化成功
2026-06-04 18:55:40 [INFO] 引擎加载成功: dangerous.engine
2026-06-04 18:55:40 [INFO] 检测系统初始化成功
2026-06-04 18:55:40 [INFO] 图像预处理完成，原始尺寸: (2160, 3840)
2026-06-04 18:55:40 [INFO] 开始执行目标检测...
2026-06-04 18:55:40 [INFO] 检测完成，找到 4 个物体
2026-06-04 18:55:40 [INFO] 物体 1: GasCyl1 (置信度: 0.90)
2026-06-04 18:55:40 [INFO] 物体 2: GasCyl1 (置信度: 0.84)
2026-06-04 18:55:40 [INFO] 物体 3: FireExt1 (置信度: 0.46)
2026-06-04 18:55:40 [INFO] 物体 4: FireExt1 (置信度: 0.42)
2026-06-04 18:55:40 [INFO] 检测到车兜区域，将过滤区域外的目标
2026-06-04 18:55:40 [INFO] 车兜区域过滤: 4 -> 3 个目标
2026-06-04 18:55:40 [INFO] 准备保存检测结果到: C:\code\show\Scrap_Steel_In_Field\photos\dangerous_det\detection_20260604_185540.jpg
2026-06-04 18:55:40 [INFO] 图像形状: (2160, 3840, 3)
2026-06-04 18:55:40 [INFO] 图像数据类型: uint8
2026-06-04 18:55:40 [INFO] 图像最大值: 255
2026-06-04 18:55:40 [INFO] 图像最小值: 0
2026-06-04 18:55:40 [INFO] 开始保存检测结果图像: 图像尺寸=(2160, 3840, 3), 类型=uint8, 路径=C:\code\show\Scrap_Steel_In_Field\photos\dangerous_det\detection_20260604_185540.jpg
2026-06-04 18:55:40 [INFO] 成功保存检测结果到: C:\code\show\Scrap_Steel_In_Field\photos\dangerous_det\detection_20260604_185540.jpg
2026-06-04 18:55:40 [INFO] 保存的检测结果文件大小: 2247891 字节
2026-06-04 18:55:40 [INFO] 引擎上下文已释放
2026-06-04 18:55:40 [INFO] TensorRT 引擎已释放
2026-06-04 18:55:40 [INFO] 全局 CUDA 资源已释放
2026-06-04 18:55:40 [INFO] 检测系统资源已释放
2026-06-04 18:55:45 [INFO] CUDA 初始化成功
2026-06-04 18:55:45 [INFO] 引擎加载成功: dangerous.engine
2026-06-04 18:55:45 [INFO] 检测系统初始化成功
2026-06-04 18:55:45 [INFO] 图像预处理完成，原始尺寸: (2160, 3840)
2026-06-04 18:55:45 [INFO] 开始执行目标检测...
2026-06-04 18:55:45 [INFO] 检测完成，找到 4 个物体
2026-06-04 18:55:45 [INFO] 物体 1: GasCyl1 (置信度: 0.90)
2026-06-04 18:55:45 [INFO] 物体 2: GasCyl1 (置信度: 0.84)
2026-06-04 18:55:45 [INFO] 物体 3: FireExt1 (置信度: 0.48)
2026-06-04 18:55:45 [INFO] 物体 4: FireExt1 (置信度: 0.40)
2026-06-04 18:55:45 [INFO] 检测到车兜区域，将过滤区域外的目标
2026-06-04 18:55:45 [INFO] 车兜区域过滤: 4 -> 3 个目标
2026-06-04 18:55:45 [INFO] 准备保存检测结果到: C:\code\show\Scrap_Steel_In_Field\photos\dangerous_det\detection_20260604_185545.jpg
2026-06-04 18:55:45 [INFO] 图像形状: (2160, 3840, 3)
2026-06-04 18:55:45 [INFO] 图像数据类型: uint8
2026-06-04 18:55:45 [INFO] 图像最大值: 255
2026-06-04 18:55:45 [INFO] 图像最小值: 0
2026-06-04 18:55:45 [INFO] 开始保存检测结果图像: 图像尺寸=(2160, 3840, 3), 类型=uint8, 路径=C:\code\show\Scrap_Steel_In_Field\photos\dangerous_det\detection_20260604_185545.jpg
2026-06-04 18:55:45 [INFO] 成功保存检测结果到: C:\code\show\Scrap_Steel_In_Field\photos\dangerous_det\detection_20260604_185545.jpg
2026-06-04 18:55:45 [INFO] 保存的检测结果文件大小: 2246683 字节
2026-06-04 18:55:45 [INFO] 引擎上下文已释放
2026-06-04 18:55:45 [INFO] TensorRT 引擎已释放
2026-06-04 18:55:45 [INFO] 全局 CUDA 资源已释放
2026-06-04 18:55:45 [INFO] 检测系统资源已释放
2026-06-04 18:55:50 [INFO] CUDA 初始化成功
2026-06-04 18:55:50 [INFO] 引擎加载成功: dangerous.engine
2026-06-04 18:55:50 [INFO] 检测系统初始化成功
2026-06-04 18:55:50 [INFO] 图像预处理完成，原始尺寸: (2160, 3840)
2026-06-04 18:55:50 [INFO] 开始执行目标检测...
2026-06-04 18:55:50 [INFO] 检测完成，找到 4 个物体
2026-06-04 18:55:50 [INFO] 物体 1: GasCyl1 (置信度: 0.89)
2026-06-04 18:55:50 [INFO] 物体 2: GasCyl1 (置信度: 0.82)
2026-06-04 18:55:50 [INFO] 物体 3: FireExt1 (置信度: 0.49)
2026-06-04 18:55:50 [INFO] 物体 4: FireExt1 (置信度: 0.44)
2026-06-04 18:55:50 [INFO] 检测到车兜区域，将过滤区域外的目标
2026-06-04 18:55:50 [INFO] 车兜区域过滤: 4 -> 3 个目标
2026-06-04 18:55:50 [INFO] 准备保存检测结果到: C:\code\show\Scrap_Steel_In_Field\photos\dangerous_det\detection_20260604_185550.jpg
2026-06-04 18:55:50 [INFO] 图像形状: (2160, 3840, 3)
2026-06-04 18:55:50 [INFO] 图像数据类型: uint8
2026-06-04 18:55:50 [INFO] 图像最大值: 255
2026-06-04 18:55:50 [INFO] 图像最小值: 0
2026-06-04 18:55:50 [INFO] 开始保存检测结果图像: 图像尺寸=(2160, 3840, 3), 类型=uint8, 路径=C:\code\show\Scrap_Steel_In_Field\photos\dangerous_det\detection_20260604_185550.jpg
2026-06-04 18:55:50 [INFO] 成功保存检测结果到: C:\code\show\Scrap_Steel_In_Field\photos\dangerous_det\detection_20260604_185550.jpg
2026-06-04 18:55:50 [INFO] 保存的检测结果文件大小: 2245335 字节
2026-06-04 18:55:50 [INFO] 引擎上下文已释放
2026-06-04 18:55:50 [INFO] TensorRT 引擎已释放
2026-06-04 18:55:50 [INFO] 全局 CUDA 资源已释放
2026-06-04 18:55:50 [INFO] 检测系统资源已释放
2026-06-04 18:55:55 [INFO] CUDA 初始化成功
2026-06-04 18:55:55 [INFO] 引擎加载成功: dangerous.engine
2026-06-04 18:55:55 [INFO] 检测系统初始化成功
2026-06-04 18:55:55 [INFO] 图像预处理完成，原始尺寸: (2160, 3840)
2026-06-04 18:55:55 [INFO] 开始执行目标检测...
2026-06-04 18:55:56 [INFO] 检测完成，找到 3 个物体
2026-06-04 18:55:56 [INFO] 物体 1: GasCyl1 (置信度: 0.89)
2026-06-04 18:55:56 [INFO] 物体 2: GasCyl1 (置信度: 0.82)
2026-06-04 18:55:56 [INFO] 物体 3: FireExt1 (置信度: 0.47)
2026-06-04 18:55:56 [INFO] 检测到车兜区域，将过滤区域外的目标
2026-06-04 18:55:56 [INFO] 车兜区域过滤: 3 -> 2 个目标
2026-06-04 18:55:56 [INFO] 准备保存检测结果到: C:\code\show\Scrap_Steel_In_Field\photos\dangerous_det\detection_20260604_185556.jpg
2026-06-04 18:55:56 [INFO] 图像形状: (2160, 3840, 3)
2026-06-04 18:55:56 [INFO] 图像数据类型: uint8
2026-06-04 18:55:56 [INFO] 图像最大值: 255
2026-06-04 18:55:56 [INFO] 图像最小值: 0
2026-06-04 18:55:56 [INFO] 开始保存检测结果图像: 图像尺寸=(2160, 3840, 3), 类型=uint8, 路径=C:\code\show\Scrap_Steel_In_Field\photos\dangerous_det\detection_20260604_185556.jpg
2026-06-04 18:55:56 [INFO] 成功保存检测结果到: C:\code\show\Scrap_Steel_In_Field\photos\dangerous_det\detection_20260604_185556.jpg
2026-06-04 18:55:56 [INFO] 保存的检测结果文件大小: 2245688 字节
2026-06-04 18:55:56 [INFO] 引擎上下文已释放
2026-06-04 18:55:56 [INFO] TensorRT 引擎已释放
2026-06-04 18:55:56 [INFO] 全局 CUDA 资源已释放
2026-06-04 18:55:56 [INFO] 检测系统资源已释放
2026-06-04 18:56:00 [INFO] CUDA 初始化成功
2026-06-04 18:56:00 [INFO] 引擎加载成功: dangerous.engine
2026-06-04 18:56:00 [INFO] 检测系统初始化成功
2026-06-04 18:56:01 [INFO] 图像预处理完成，原始尺寸: (2160, 3840)
2026-06-04 18:56:01 [INFO] 开始执行目标检测...
2026-06-04 18:56:01 [INFO] 检测完成，找到 4 个物体
2026-06-04 18:56:01 [INFO] 物体 1: GasCyl1 (置信度: 0.90)
2026-06-04 18:56:01 [INFO] 物体 2: GasCyl1 (置信度: 0.83)
2026-06-04 18:56:01 [INFO] 物体 3: FireExt1 (置信度: 0.50)
2026-06-04 18:56:01 [INFO] 物体 4: FireExt1 (置信度: 0.37)
2026-06-04 18:56:01 [INFO] 检测到车兜区域，将过滤区域外的目标
2026-06-04 18:56:01 [INFO] 车兜区域过滤: 4 -> 3 个目标
2026-06-04 18:56:01 [INFO] 准备保存检测结果到: C:\code\show\Scrap_Steel_In_Field\photos\dangerous_det\detection_20260604_185601.jpg
2026-06-04 18:56:01 [INFO] 图像形状: (2160, 3840, 3)
2026-06-04 18:56:01 [INFO] 图像数据类型: uint8
2026-06-04 18:56:01 [INFO] 图像最大值: 255
2026-06-04 18:56:01 [INFO] 图像最小值: 0
2026-06-04 18:56:01 [INFO] 开始保存检测结果图像: 图像尺寸=(2160, 3840, 3), 类型=uint8, 路径=C:\code\show\Scrap_Steel_In_Field\photos\dangerous_det\detection_20260604_185601.jpg
2026-06-04 18:56:01 [INFO] 成功保存检测结果到: C:\code\show\Scrap_Steel_In_Field\photos\dangerous_det\detection_20260604_185601.jpg
2026-06-04 18:56:01 [INFO] 保存的检测结果文件大小: 2248035 字节
2026-06-04 18:56:01 [INFO] 引擎上下文已释放
2026-06-04 18:56:01 [INFO] TensorRT 引擎已释放
2026-06-04 18:56:01 [INFO] 全局 CUDA 资源已释放
2026-06-04 18:56:01 [INFO] 检测系统资源已释放
2026-06-04 18:56:05 [INFO] CUDA 初始化成功
2026-06-04 18:56:05 [INFO] 引擎加载成功: dangerous.engine
2026-06-04 18:56:05 [INFO] 检测系统初始化成功
2026-06-04 18:56:05 [INFO] 图像预处理完成，原始尺寸: (2160, 3840)
2026-06-04 18:56:05 [INFO] 开始执行目标检测...
2026-06-04 18:56:06 [INFO] 检测完成，找到 5 个物体
2026-06-04 18:56:06 [INFO] 物体 1: GasCyl1 (置信度: 0.90)
2026-06-04 18:56:06 [INFO] 物体 2: GasCyl1 (置信度: 0.84)
2026-06-04 18:56:06 [INFO] 物体 3: FireExt1 (置信度: 0.49)
2026-06-04 18:56:06 [INFO] 物体 4: GasCyl1 (置信度: 0.39)
2026-06-04 18:56:06 [INFO] 物体 5: FireExt1 (置信度: 0.38)
2026-06-04 18:56:06 [INFO] 检测到车兜区域，将过滤区域外的目标
2026-06-04 18:56:06 [INFO] 车兜区域过滤: 5 -> 4 个目标
2026-06-04 18:56:06 [INFO] 准备保存检测结果到: C:\code\show\Scrap_Steel_In_Field\photos\dangerous_det\detection_20260604_185606.jpg
2026-06-04 18:56:06 [INFO] 图像形状: (2160, 3840, 3)
2026-06-04 18:56:06 [INFO] 图像数据类型: uint8
2026-06-04 18:56:06 [INFO] 图像最大值: 255
2026-06-04 18:56:06 [INFO] 图像最小值: 0
2026-06-04 18:56:06 [INFO] 开始保存检测结果图像: 图像尺寸=(2160, 3840, 3), 类型=uint8, 路径=C:\code\show\Scrap_Steel_In_Field\photos\dangerous_det\detection_20260604_185606.jpg
2026-06-04 18:56:06 [INFO] 成功保存检测结果到: C:\code\show\Scrap_Steel_In_Field\photos\dangerous_det\detection_20260604_185606.jpg
2026-06-04 18:56:06 [INFO] 保存的检测结果文件大小: 2248228 字节
2026-06-04 18:56:06 [INFO] 引擎上下文已释放
2026-06-04 18:56:06 [INFO] TensorRT 引擎已释放
2026-06-04 18:56:06 [INFO] 全局 CUDA 资源已释放
2026-06-04 18:56:06 [INFO] 检测系统资源已释放
2026-06-04 18:56:11 [INFO] CUDA 初始化成功
2026-06-04 18:56:11 [INFO] 引擎加载成功: dangerous.engine
2026-06-04 18:56:11 [INFO] 检测系统初始化成功
2026-06-04 18:56:11 [INFO] 图像预处理完成，原始尺寸: (2160, 3840)
2026-06-04 18:56:11 [INFO] 开始执行目标检测...
2026-06-04 18:56:11 [INFO] 检测完成，找到 4 个物体
2026-06-04 18:56:11 [INFO] 物体 1: GasCyl1 (置信度: 0.91)
2026-06-04 18:56:11 [INFO] 物体 2: GasCyl1 (置信度: 0.83)
2026-06-04 18:56:11 [INFO] 物体 3: FireExt1 (置信度: 0.47)
2026-06-04 18:56:11 [INFO] 物体 4: FireExt1 (置信度: 0.36)
2026-06-04 18:56:11 [INFO] 检测到车兜区域，将过滤区域外的目标
2026-06-04 18:56:11 [INFO] 车兜区域过滤: 4 -> 3 个目标
2026-06-04 18:56:11 [INFO] 准备保存检测结果到: C:\code\show\Scrap_Steel_In_Field\photos\dangerous_det\detection_20260604_185611.jpg
2026-06-04 18:56:11 [INFO] 图像形状: (2160, 3840, 3)
2026-06-04 18:56:11 [INFO] 图像数据类型: uint8
2026-06-04 18:56:11 [INFO] 图像最大值: 255
2026-06-04 18:56:11 [INFO] 图像最小值: 0
2026-06-04 18:56:11 [INFO] 开始保存检测结果图像: 图像尺寸=(2160, 3840, 3), 类型=uint8, 路径=C:\code\show\Scrap_Steel_In_Field\photos\dangerous_det\detection_20260604_185611.jpg
2026-06-04 18:56:11 [INFO] 成功保存检测结果到: C:\code\show\Scrap_Steel_In_Field\photos\dangerous_det\detection_20260604_185611.jpg
2026-06-04 18:56:11 [INFO] 保存的检测结果文件大小: 2246679 字节
2026-06-04 18:56:11 [INFO] 引擎上下文已释放
2026-06-04 18:56:11 [INFO] TensorRT 引擎已释放
2026-06-04 18:56:11 [INFO] 全局 CUDA 资源已释放
2026-06-04 18:56:11 [INFO] 检测系统资源已释放
2026-06-04 18:56:16 [INFO] CUDA 初始化成功
2026-06-04 18:56:16 [INFO] 引擎加载成功: dangerous.engine
2026-06-04 18:56:16 [INFO] 检测系统初始化成功
2026-06-04 18:56:16 [INFO] 图像预处理完成，原始尺寸: (2160, 3840)
2026-06-04 18:56:16 [INFO] 开始执行目标检测...
2026-06-04 18:56:17 [INFO] 检测完成，找到 4 个物体
2026-06-04 18:56:17 [INFO] 物体 1: GasCyl1 (置信度: 0.89)
2026-06-04 18:56:17 [INFO] 物体 2: GasCyl1 (置信度: 0.79)
2026-06-04 18:56:17 [INFO] 物体 3: FireExt1 (置信度: 0.45)
2026-06-04 18:56:17 [INFO] 物体 4: FireExt1 (置信度: 0.39)
2026-06-04 18:56:17 [INFO] 检测到车兜区域，将过滤区域外的目标
2026-06-04 18:56:17 [INFO] 车兜区域过滤: 4 -> 3 个目标
2026-06-04 18:56:17 [INFO] 准备保存检测结果到: C:\code\show\Scrap_Steel_In_Field\photos\dangerous_det\detection_20260604_185617.jpg
2026-06-04 18:56:17 [INFO] 图像形状: (2160, 3840, 3)
2026-06-04 18:56:17 [INFO] 图像数据类型: uint8
2026-06-04 18:56:17 [INFO] 图像最大值: 255
2026-06-04 18:56:17 [INFO] 图像最小值: 0
2026-06-04 18:56:17 [INFO] 开始保存检测结果图像: 图像尺寸=(2160, 3840, 3), 类型=uint8, 路径=C:\code\show\Scrap_Steel_In_Field\photos\dangerous_det\detection_20260604_185617.jpg
2026-06-04 18:56:17 [INFO] 成功保存检测结果到: C:\code\show\Scrap_Steel_In_Field\photos\dangerous_det\detection_20260604_185617.jpg
2026-06-04 18:56:17 [INFO] 保存的检测结果文件大小: 2251194 字节
2026-06-04 18:56:17 [INFO] 引擎上下文已释放
2026-06-04 18:56:17 [INFO] TensorRT 引擎已释放
2026-06-04 18:56:17 [INFO] 全局 CUDA 资源已释放
2026-06-04 18:56:17 [INFO] 检测系统资源已释放
2026-06-04 18:56:21 [INFO] CUDA 初始化成功
2026-06-04 18:56:21 [INFO] 引擎加载成功: dangerous.engine
2026-06-04 18:56:21 [INFO] 检测系统初始化成功
2026-06-04 18:56:22 [INFO] 图像预处理完成，原始尺寸: (2160, 3840)
2026-06-04 18:56:22 [INFO] 开始执行目标检测...
2026-06-04 18:56:22 [INFO] 检测完成，找到 4 个物体
2026-06-04 18:56:22 [INFO] 物体 1: GasCyl1 (置信度: 0.90)
2026-06-04 18:56:22 [INFO] 物体 2: GasCyl1 (置信度: 0.78)
2026-06-04 18:56:22 [INFO] 物体 3: FireExt1 (置信度: 0.50)
2026-06-04 18:56:22 [INFO] 物体 4: FireExt1 (置信度: 0.41)
2026-06-04 18:56:22 [INFO] 检测到车兜区域，将过滤区域外的目标
2026-06-04 18:56:22 [INFO] 车兜区域过滤: 4 -> 3 个目标
2026-06-04 18:56:22 [INFO] 准备保存检测结果到: C:\code\show\Scrap_Steel_In_Field\photos\dangerous_det\detection_20260604_185622.jpg
2026-06-04 18:56:22 [INFO] 图像形状: (2160, 3840, 3)
2026-06-04 18:56:22 [INFO] 图像数据类型: uint8
2026-06-04 18:56:22 [INFO] 图像最大值: 255
2026-06-04 18:56:22 [INFO] 图像最小值: 0
2026-06-04 18:56:22 [INFO] 开始保存检测结果图像: 图像尺寸=(2160, 3840, 3), 类型=uint8, 路径=C:\code\show\Scrap_Steel_In_Field\photos\dangerous_det\detection_20260604_185622.jpg
2026-06-04 18:56:22 [INFO] 成功保存检测结果到: C:\code\show\Scrap_Steel_In_Field\photos\dangerous_det\detection_20260604_185622.jpg
2026-06-04 18:56:22 [INFO] 保存的检测结果文件大小: 2251224 字节
2026-06-04 18:56:22 [INFO] 引擎上下文已释放
2026-06-04 18:56:22 [INFO] TensorRT 引擎已释放
2026-06-04 18:56:22 [INFO] 全局 CUDA 资源已释放
2026-06-04 18:56:22 [INFO] 检测系统资源已释放
2026-06-04 18:56:27 [INFO] CUDA 初始化成功
2026-06-04 18:56:27 [INFO] 引擎加载成功: dangerous.engine
2026-06-04 18:56:27 [INFO] 检测系统初始化成功
2026-06-04 18:56:27 [INFO] 图像预处理完成，原始尺寸: (2160, 3840)
2026-06-04 18:56:27 [INFO] 开始执行目标检测...
2026-06-04 18:56:27 [INFO] 检测完成，找到 3 个物体
2026-06-04 18:56:27 [INFO] 物体 1: GasCyl1 (置信度: 0.90)
2026-06-04 18:56:27 [INFO] 物体 2: GasCyl1 (置信度: 0.84)
2026-06-04 18:56:27 [INFO] 物体 3: FireExt1 (置信度: 0.45)
2026-06-04 18:56:27 [INFO] 检测到车兜区域，将过滤区域外的目标
2026-06-04 18:56:27 [INFO] 车兜区域过滤: 3 -> 2 个目标
2026-06-04 18:56:27 [INFO] 准备保存检测结果到: C:\code\show\Scrap_Steel_In_Field\photos\dangerous_det\detection_20260604_185627.jpg
2026-06-04 18:56:27 [INFO] 图像形状: (2160, 3840, 3)
2026-06-04 18:56:27 [INFO] 图像数据类型: uint8
2026-06-04 18:56:27 [INFO] 图像最大值: 255
2026-06-04 18:56:27 [INFO] 图像最小值: 0
2026-06-04 18:56:27 [INFO] 开始保存检测结果图像: 图像尺寸=(2160, 3840, 3), 类型=uint8, 路径=C:\code\show\Scrap_Steel_In_Field\photos\dangerous_det\detection_20260604_185627.jpg
2026-06-04 18:56:27 [INFO] 成功保存检测结果到: C:\code\show\Scrap_Steel_In_Field\photos\dangerous_det\detection_20260604_185627.jpg
2026-06-04 18:56:27 [INFO] 保存的检测结果文件大小: 2243171 字节
2026-06-04 18:56:27 [INFO] 引擎上下文已释放
2026-06-04 18:56:27 [INFO] TensorRT 引擎已释放
2026-06-04 18:56:27 [INFO] 全局 CUDA 资源已释放
2026-06-04 18:56:27 [INFO] 检测系统资源已释放
2026-06-04 18:56:32 [INFO] CUDA 初始化成功
2026-06-04 18:56:32 [INFO] 引擎加载成功: dangerous.engine
2026-06-04 18:56:32 [INFO] 检测系统初始化成功
2026-06-04 18:56:32 [INFO] 图像预处理完成，原始尺寸: (2160, 3840)
2026-06-04 18:56:32 [INFO] 开始执行目标检测...
2026-06-04 18:56:33 [INFO] 检测完成，找到 4 个物体
2026-06-04 18:56:33 [INFO] 物体 1: GasCyl1 (置信度: 0.90)
2026-06-04 18:56:33 [INFO] 物体 2: GasCyl1 (置信度: 0.81)
2026-06-04 18:56:33 [INFO] 物体 3: FireExt1 (置信度: 0.49)
2026-06-04 18:56:33 [INFO] 物体 4: FireExt1 (置信度: 0.39)
2026-06-04 18:56:33 [INFO] 检测到车兜区域，将过滤区域外的目标
2026-06-04 18:56:33 [INFO] 车兜区域过滤: 4 -> 3 个目标
2026-06-04 18:56:33 [INFO] 准备保存检测结果到: C:\code\show\Scrap_Steel_In_Field\photos\dangerous_det\detection_20260604_185633.jpg
2026-06-04 18:56:33 [INFO] 图像形状: (2160, 3840, 3)
2026-06-04 18:56:33 [INFO] 图像数据类型: uint8
2026-06-04 18:56:33 [INFO] 图像最大值: 255
2026-06-04 18:56:33 [INFO] 图像最小值: 0
2026-06-04 18:56:33 [INFO] 开始保存检测结果图像: 图像尺寸=(2160, 3840, 3), 类型=uint8, 路径=C:\code\show\Scrap_Steel_In_Field\photos\dangerous_det\detection_20260604_185633.jpg
2026-06-04 18:56:33 [INFO] 成功保存检测结果到: C:\code\show\Scrap_Steel_In_Field\photos\dangerous_det\detection_20260604_185633.jpg
2026-06-04 18:56:33 [INFO] 保存的检测结果文件大小: 2250941 字节
2026-06-04 18:56:33 [INFO] 引擎上下文已释放
2026-06-04 18:56:33 [INFO] TensorRT 引擎已释放
2026-06-04 18:56:33 [INFO] 全局 CUDA 资源已释放
2026-06-04 18:56:33 [INFO] 检测系统资源已释放
2026-06-04 18:56:37 [INFO] CUDA 初始化成功
2026-06-04 18:56:37 [INFO] 引擎加载成功: dangerous.engine
2026-06-04 18:56:37 [INFO] 检测系统初始化成功
2026-06-04 18:56:37 [INFO] 图像预处理完成，原始尺寸: (2160, 3840)
2026-06-04 18:56:37 [INFO] 开始执行目标检测...
2026-06-04 18:56:38 [INFO] 检测完成，找到 4 个物体
2026-06-04 18:56:38 [INFO] 物体 1: GasCyl1 (置信度: 0.90)
2026-06-04 18:56:38 [INFO] 物体 2: GasCyl1 (置信度: 0.77)
2026-06-04 18:56:38 [INFO] 物体 3: FireExt1 (置信度: 0.46)
2026-06-04 18:56:38 [INFO] 物体 4: FireExt1 (置信度: 0.37)
2026-06-04 18:56:38 [INFO] 检测到车兜区域，将过滤区域外的目标
2026-06-04 18:56:38 [INFO] 车兜区域过滤: 4 -> 3 个目标
2026-06-04 18:56:38 [INFO] 准备保存检测结果到: C:\code\show\Scrap_Steel_In_Field\photos\dangerous_det\detection_20260604_185638.jpg
2026-06-04 18:56:38 [INFO] 图像形状: (2160, 3840, 3)
2026-06-04 18:56:38 [INFO] 图像数据类型: uint8
2026-06-04 18:56:38 [INFO] 图像最大值: 255
2026-06-04 18:56:38 [INFO] 图像最小值: 0
2026-06-04 18:56:38 [INFO] 开始保存检测结果图像: 图像尺寸=(2160, 3840, 3), 类型=uint8, 路径=C:\code\show\Scrap_Steel_In_Field\photos\dangerous_det\detection_20260604_185638.jpg
2026-06-04 18:56:38 [INFO] 成功保存检测结果到: C:\code\show\Scrap_Steel_In_Field\photos\dangerous_det\detection_20260604_185638.jpg
2026-06-04 18:56:38 [INFO] 保存的检测结果文件大小: 2249594 字节
2026-06-04 18:56:38 [INFO] 引擎上下文已释放
2026-06-04 18:56:38 [INFO] TensorRT 引擎已释放
2026-06-04 18:56:38 [INFO] 全局 CUDA 资源已释放
2026-06-04 18:56:38 [INFO] 检测系统资源已释放
2026-06-04 18:56:43 [INFO] CUDA 初始化成功
2026-06-04 18:56:43 [INFO] 引擎加载成功: dangerous.engine
2026-06-04 18:56:43 [INFO] 检测系统初始化成功
2026-06-04 18:56:43 [INFO] 图像预处理完成，原始尺寸: (2160, 3840)
2026-06-04 18:56:43 [INFO] 开始执行目标检测...
2026-06-04 18:56:43 [INFO] 检测完成，找到 4 个物体
2026-06-04 18:56:43 [INFO] 物体 1: GasCyl1 (置信度: 0.91)
2026-06-04 18:56:43 [INFO] 物体 2: GasCyl1 (置信度: 0.83)
2026-06-04 18:56:43 [INFO] 物体 3: FireExt1 (置信度: 0.48)
2026-06-04 18:56:43 [INFO] 物体 4: FireExt1 (置信度: 0.38)
2026-06-04 18:56:43 [INFO] 检测到车兜区域，将过滤区域外的目标
2026-06-04 18:56:43 [INFO] 车兜区域过滤: 4 -> 3 个目标
2026-06-04 18:56:43 [INFO] 准备保存检测结果到: C:\code\show\Scrap_Steel_In_Field\photos\dangerous_det\detection_20260604_185643.jpg
2026-06-04 18:56:43 [INFO] 图像形状: (2160, 3840, 3)
2026-06-04 18:56:43 [INFO] 图像数据类型: uint8
2026-06-04 18:56:43 [INFO] 图像最大值: 255
2026-06-04 18:56:43 [INFO] 图像最小值: 0
2026-06-04 18:56:43 [INFO] 开始保存检测结果图像: 图像尺寸=(2160, 3840, 3), 类型=uint8, 路径=C:\code\show\Scrap_Steel_In_Field\photos\dangerous_det\detection_20260604_185643.jpg
2026-06-04 18:56:43 [INFO] 成功保存检测结果到: C:\code\show\Scrap_Steel_In_Field\photos\dangerous_det\detection_20260604_185643.jpg
2026-06-04 18:56:43 [INFO] 保存的检测结果文件大小: 2252087 字节
2026-06-04 18:56:43 [INFO] 引擎上下文已释放
2026-06-04 18:56:43 [INFO] TensorRT 引擎已释放
2026-06-04 18:56:43 [INFO] 全局 CUDA 资源已释放
2026-06-04 18:56:43 [INFO] 检测系统资源已释放
2026-06-04 18:56:48 [INFO] CUDA 初始化成功
2026-06-04 18:56:48 [INFO] 引擎加载成功: dangerous.engine
2026-06-04 18:56:48 [INFO] 检测系统初始化成功
2026-06-04 18:56:48 [INFO] 图像预处理完成，原始尺寸: (2160, 3840)
2026-06-04 18:56:48 [INFO] 开始执行目标检测...
2026-06-04 18:56:48 [INFO] 检测完成，找到 4 个物体
2026-06-04 18:56:48 [INFO] 物体 1: GasCyl1 (置信度: 0.90)
2026-06-04 18:56:48 [INFO] 物体 2: GasCyl1 (置信度: 0.82)
2026-06-04 18:56:48 [INFO] 物体 3: FireExt1 (置信度: 0.45)
2026-06-04 18:56:48 [INFO] 物体 4: FireExt1 (置信度: 0.37)
2026-06-04 18:56:48 [INFO] 检测到车兜区域，将过滤区域外的目标
2026-06-04 18:56:48 [INFO] 车兜区域过滤: 4 -> 3 个目标
2026-06-04 18:56:48 [INFO] 准备保存检测结果到: C:\code\show\Scrap_Steel_In_Field\photos\dangerous_det\detection_20260604_185648.jpg
2026-06-04 18:56:48 [INFO] 图像形状: (2160, 3840, 3)
2026-06-04 18:56:48 [INFO] 图像数据类型: uint8
2026-06-04 18:56:48 [INFO] 图像最大值: 255
2026-06-04 18:56:48 [INFO] 图像最小值: 0
2026-06-04 18:56:48 [INFO] 开始保存检测结果图像: 图像尺寸=(2160, 3840, 3), 类型=uint8, 路径=C:\code\show\Scrap_Steel_In_Field\photos\dangerous_det\detection_20260604_185648.jpg
2026-06-04 18:56:48 [INFO] 成功保存检测结果到: C:\code\show\Scrap_Steel_In_Field\photos\dangerous_det\detection_20260604_185648.jpg
2026-06-04 18:56:48 [INFO] 保存的检测结果文件大小: 2252662 字节
2026-06-04 18:56:48 [INFO] 引擎上下文已释放
2026-06-04 18:56:48 [INFO] TensorRT 引擎已释放
2026-06-04 18:56:48 [INFO] 全局 CUDA 资源已释放
2026-06-04 18:56:48 [INFO] 检测系统资源已释放
2026-06-04 18:56:53 [INFO] CUDA 初始化成功
2026-06-04 18:56:53 [INFO] 引擎加载成功: dangerous.engine
2026-06-04 18:56:53 [INFO] 检测系统初始化成功
2026-06-04 18:56:54 [INFO] 图像预处理完成，原始尺寸: (2160, 3840)
2026-06-04 18:56:54 [INFO] 开始执行目标检测...
2026-06-04 18:56:54 [INFO] 检测完成，找到 4 个物体
2026-06-04 18:56:54 [INFO] 物体 1: GasCyl1 (置信度: 0.90)
2026-06-04 18:56:54 [INFO] 物体 2: GasCyl1 (置信度: 0.82)
2026-06-04 18:56:54 [INFO] 物体 3: FireExt1 (置信度: 0.48)
2026-06-04 18:56:54 [INFO] 物体 4: FireExt1 (置信度: 0.43)
2026-06-04 18:56:54 [INFO] 检测到车兜区域，将过滤区域外的目标
2026-06-04 18:56:54 [INFO] 车兜区域过滤: 4 -> 3 个目标
2026-06-04 18:56:54 [INFO] 准备保存检测结果到: C:\code\show\Scrap_Steel_In_Field\photos\dangerous_det\detection_20260604_185654.jpg
2026-06-04 18:56:54 [INFO] 图像形状: (2160, 3840, 3)
2026-06-04 18:56:54 [INFO] 图像数据类型: uint8
2026-06-04 18:56:54 [INFO] 图像最大值: 255
2026-06-04 18:56:54 [INFO] 图像最小值: 0
2026-06-04 18:56:54 [INFO] 开始保存检测结果图像: 图像尺寸=(2160, 3840, 3), 类型=uint8, 路径=C:\code\show\Scrap_Steel_In_Field\photos\dangerous_det\detection_20260604_185654.jpg
2026-06-04 18:56:54 [INFO] 成功保存检测结果到: C:\code\show\Scrap_Steel_In_Field\photos\dangerous_det\detection_20260604_185654.jpg
2026-06-04 18:56:54 [INFO] 保存的检测结果文件大小: 2249783 字节
2026-06-04 18:56:54 [INFO] 引擎上下文已释放
2026-06-04 18:56:54 [INFO] TensorRT 引擎已释放
2026-06-04 18:56:54 [INFO] 全局 CUDA 资源已释放
2026-06-04 18:56:54 [INFO] 检测系统资源已释放
2026-06-04 18:56:58 [INFO] CUDA 初始化成功
2026-06-04 18:56:58 [INFO] 引擎加载成功: dangerous.engine
2026-06-04 18:56:58 [INFO] 检测系统初始化成功
2026-06-04 18:56:58 [INFO] 图像预处理完成，原始尺寸: (2160, 3840)
2026-06-04 18:56:58 [INFO] 开始执行目标检测...
2026-06-04 18:56:59 [INFO] 检测完成，找到 4 个物体
2026-06-04 18:56:59 [INFO] 物体 1: GasCyl1 (置信度: 0.90)
2026-06-04 18:56:59 [INFO] 物体 2: GasCyl1 (置信度: 0.81)
2026-06-04 18:56:59 [INFO] 物体 3: FireExt1 (置信度: 0.48)
2026-06-04 18:56:59 [INFO] 物体 4: GasCyl1 (置信度: 0.38)
2026-06-04 18:56:59 [INFO] 检测到车兜区域，将过滤区域外的目标
2026-06-04 18:56:59 [INFO] 车兜区域过滤: 4 -> 3 个目标
2026-06-04 18:56:59 [INFO] 准备保存检测结果到: C:\code\show\Scrap_Steel_In_Field\photos\dangerous_det\detection_20260604_185659.jpg
2026-06-04 18:56:59 [INFO] 图像形状: (2160, 3840, 3)
2026-06-04 18:56:59 [INFO] 图像数据类型: uint8
2026-06-04 18:56:59 [INFO] 图像最大值: 255
2026-06-04 18:56:59 [INFO] 图像最小值: 0
2026-06-04 18:56:59 [INFO] 开始保存检测结果图像: 图像尺寸=(2160, 3840, 3), 类型=uint8, 路径=C:\code\show\Scrap_Steel_In_Field\photos\dangerous_det\detection_20260604_185659.jpg
2026-06-04 18:56:59 [INFO] 成功保存检测结果到: C:\code\show\Scrap_Steel_In_Field\photos\dangerous_det\detection_20260604_185659.jpg
2026-06-04 18:56:59 [INFO] 保存的检测结果文件大小: 2255137 字节
2026-06-04 18:56:59 [INFO] 引擎上下文已释放
2026-06-04 18:56:59 [INFO] TensorRT 引擎已释放
2026-06-04 18:56:59 [INFO] 全局 CUDA 资源已释放
2026-06-04 18:56:59 [INFO] 检测系统资源已释放
2026-06-04 18:57:04 [INFO] CUDA 初始化成功
2026-06-04 18:57:04 [INFO] 引擎加载成功: dangerous.engine
2026-06-04 18:57:04 [INFO] 检测系统初始化成功
2026-06-04 18:57:04 [INFO] 图像预处理完成，原始尺寸: (2160, 3840)
2026-06-04 18:57:04 [INFO] 开始执行目标检测...
2026-06-04 18:57:04 [INFO] 检测完成，找到 4 个物体
2026-06-04 18:57:04 [INFO] 物体 1: GasCyl1 (置信度: 0.91)
2026-06-04 18:57:04 [INFO] 物体 2: GasCyl1 (置信度: 0.79)
2026-06-04 18:57:04 [INFO] 物体 3: FireExt1 (置信度: 0.44)
2026-06-04 18:57:04 [INFO] 物体 4: FireExt1 (置信度: 0.41)
2026-06-04 18:57:04 [INFO] 检测到车兜区域，将过滤区域外的目标
2026-06-04 18:57:04 [INFO] 车兜区域过滤: 4 -> 3 个目标
2026-06-04 18:57:04 [INFO] 准备保存检测结果到: C:\code\show\Scrap_Steel_In_Field\photos\dangerous_det\detection_20260604_185704.jpg
2026-06-04 18:57:04 [INFO] 图像形状: (2160, 3840, 3)
2026-06-04 18:57:04 [INFO] 图像数据类型: uint8
2026-06-04 18:57:04 [INFO] 图像最大值: 255
2026-06-04 18:57:04 [INFO] 图像最小值: 0
2026-06-04 18:57:04 [INFO] 开始保存检测结果图像: 图像尺寸=(2160, 3840, 3), 类型=uint8, 路径=C:\code\show\Scrap_Steel_In_Field\photos\dangerous_det\detection_20260604_185704.jpg
2026-06-04 18:57:04 [INFO] 成功保存检测结果到: C:\code\show\Scrap_Steel_In_Field\photos\dangerous_det\detection_20260604_185704.jpg
2026-06-04 18:57:04 [INFO] 保存的检测结果文件大小: 2250278 字节
2026-06-04 18:57:04 [INFO] 引擎上下文已释放
2026-06-04 18:57:04 [INFO] TensorRT 引擎已释放
2026-06-04 18:57:04 [INFO] 全局 CUDA 资源已释放
2026-06-04 18:57:04 [INFO] 检测系统资源已释放
2026-06-04 18:57:09 [INFO] CUDA 初始化成功
2026-06-04 18:57:09 [INFO] 引擎加载成功: dangerous.engine
2026-06-04 18:57:09 [INFO] 检测系统初始化成功
2026-06-04 18:57:09 [INFO] 图像预处理完成，原始尺寸: (2160, 3840)
2026-06-04 18:57:09 [INFO] 开始执行目标检测...
2026-06-04 18:57:09 [INFO] 检测完成，找到 4 个物体
2026-06-04 18:57:09 [INFO] 物体 1: GasCyl1 (置信度: 0.90)
2026-06-04 18:57:09 [INFO] 物体 2: GasCyl1 (置信度: 0.82)
2026-06-04 18:57:09 [INFO] 物体 3: FireExt1 (置信度: 0.46)
2026-06-04 18:57:09 [INFO] 物体 4: FireExt1 (置信度: 0.41)
2026-06-04 18:57:09 [INFO] 检测到车兜区域，将过滤区域外的目标
2026-06-04 18:57:09 [INFO] 车兜区域过滤: 4 -> 3 个目标
2026-06-04 18:57:09 [INFO] 准备保存检测结果到: C:\code\show\Scrap_Steel_In_Field\photos\dangerous_det\detection_20260604_185709.jpg
2026-06-04 18:57:09 [INFO] 图像形状: (2160, 3840, 3)
2026-06-04 18:57:09 [INFO] 图像数据类型: uint8
2026-06-04 18:57:09 [INFO] 图像最大值: 255
2026-06-04 18:57:09 [INFO] 图像最小值: 0
2026-06-04 18:57:09 [INFO] 开始保存检测结果图像: 图像尺寸=(2160, 3840, 3), 类型=uint8, 路径=C:\code\show\Scrap_Steel_In_Field\photos\dangerous_det\detection_20260604_185709.jpg
2026-06-04 18:57:09 [INFO] 成功保存检测结果到: C:\code\show\Scrap_Steel_In_Field\photos\dangerous_det\detection_20260604_185709.jpg
2026-06-04 18:57:09 [INFO] 保存的检测结果文件大小: 2249125 字节
2026-06-04 18:57:09 [INFO] 引擎上下文已释放
2026-06-04 18:57:09 [INFO] TensorRT 引擎已释放
2026-06-04 18:57:09 [INFO] 全局 CUDA 资源已释放
2026-06-04 18:57:09 [INFO] 检测系统资源已释放
2026-06-04 18:57:14 [INFO] CUDA 初始化成功
2026-06-04 18:57:14 [INFO] 引擎加载成功: dangerous.engine
2026-06-04 18:57:14 [INFO] 检测系统初始化成功
2026-06-04 18:57:14 [INFO] 图像预处理完成，原始尺寸: (2160, 3840)
2026-06-04 18:57:14 [INFO] 开始执行目标检测...
2026-06-04 18:57:15 [INFO] 检测完成，找到 4 个物体
2026-06-04 18:57:15 [INFO] 物体 1: GasCyl1 (置信度: 0.90)
2026-06-04 18:57:15 [INFO] 物体 2: GasCyl1 (置信度: 0.81)
2026-06-04 18:57:15 [INFO] 物体 3: FireExt1 (置信度: 0.45)
2026-06-04 18:57:15 [INFO] 物体 4: FireExt1 (置信度: 0.36)
2026-06-04 18:57:15 [INFO] 检测到车兜区域，将过滤区域外的目标
2026-06-04 18:57:15 [INFO] 车兜区域过滤: 4 -> 3 个目标
2026-06-04 18:57:15 [INFO] 准备保存检测结果到: C:\code\show\Scrap_Steel_In_Field\photos\dangerous_det\detection_20260604_185715.jpg
2026-06-04 18:57:15 [INFO] 图像形状: (2160, 3840, 3)
2026-06-04 18:57:15 [INFO] 图像数据类型: uint8
2026-06-04 18:57:15 [INFO] 图像最大值: 255
2026-06-04 18:57:15 [INFO] 图像最小值: 0
2026-06-04 18:57:15 [INFO] 开始保存检测结果图像: 图像尺寸=(2160, 3840, 3), 类型=uint8, 路径=C:\code\show\Scrap_Steel_In_Field\photos\dangerous_det\detection_20260604_185715.jpg
2026-06-04 18:57:15 [INFO] 成功保存检测结果到: C:\code\show\Scrap_Steel_In_Field\photos\dangerous_det\detection_20260604_185715.jpg
2026-06-04 18:57:15 [INFO] 保存的检测结果文件大小: 2251309 字节
2026-06-04 18:57:15 [INFO] 引擎上下文已释放
2026-06-04 18:57:15 [INFO] TensorRT 引擎已释放
2026-06-04 18:57:15 [INFO] 全局 CUDA 资源已释放
2026-06-04 18:57:15 [INFO] 检测系统资源已释放
2026-06-04 18:57:20 [INFO] CUDA 初始化成功
2026-06-04 18:57:20 [INFO] 引擎加载成功: dangerous.engine
2026-06-04 18:57:20 [INFO] 检测系统初始化成功
2026-06-04 18:57:20 [INFO] 图像预处理完成，原始尺寸: (2160, 3840)
2026-06-04 18:57:20 [INFO] 开始执行目标检测...
2026-06-04 18:57:20 [INFO] 检测完成，找到 4 个物体
2026-06-04 18:57:20 [INFO] 物体 1: GasCyl1 (置信度: 0.90)
2026-06-04 18:57:20 [INFO] 物体 2: GasCyl1 (置信度: 0.82)
2026-06-04 18:57:20 [INFO] 物体 3: FireExt1 (置信度: 0.45)
2026-06-04 18:57:20 [INFO] 物体 4: FireExt1 (置信度: 0.39)
2026-06-04 18:57:20 [INFO] 检测到车兜区域，将过滤区域外的目标
2026-06-04 18:57:20 [INFO] 车兜区域过滤: 4 -> 3 个目标
2026-06-04 18:57:20 [INFO] 准备保存检测结果到: C:\code\show\Scrap_Steel_In_Field\photos\dangerous_det\detection_20260604_185720.jpg
2026-06-04 18:57:20 [INFO] 图像形状: (2160, 3840, 3)
2026-06-04 18:57:20 [INFO] 图像数据类型: uint8
2026-06-04 18:57:20 [INFO] 图像最大值: 255
2026-06-04 18:57:20 [INFO] 图像最小值: 0
2026-06-04 18:57:20 [INFO] 开始保存检测结果图像: 图像尺寸=(2160, 3840, 3), 类型=uint8, 路径=C:\code\show\Scrap_Steel_In_Field\photos\dangerous_det\detection_20260604_185720.jpg
2026-06-04 18:57:20 [INFO] 成功保存检测结果到: C:\code\show\Scrap_Steel_In_Field\photos\dangerous_det\detection_20260604_185720.jpg
2026-06-04 18:57:20 [INFO] 保存的检测结果文件大小: 2249163 字节
2026-06-04 18:57:20 [INFO] 引擎上下文已释放
2026-06-04 18:57:20 [INFO] TensorRT 引擎已释放
2026-06-04 18:57:20 [INFO] 全局 CUDA 资源已释放
2026-06-04 18:57:20 [INFO] 检测系统资源已释放
2026-06-04 18:57:25 [INFO] CUDA 初始化成功
2026-06-04 18:57:25 [INFO] 引擎加载成功: dangerous.engine
2026-06-04 18:57:25 [INFO] 检测系统初始化成功
2026-06-04 18:57:26 [INFO] 图像预处理完成，原始尺寸: (2160, 3840)
2026-06-04 18:57:26 [INFO] 开始执行目标检测...
2026-06-04 18:57:26 [INFO] 检测完成，找到 5 个物体
2026-06-04 18:57:26 [INFO] 物体 1: GasCyl1 (置信度: 0.89)
2026-06-04 18:57:26 [INFO] 物体 2: GasCyl1 (置信度: 0.83)
2026-06-04 18:57:26 [INFO] 物体 3: FireExt1 (置信度: 0.45)
2026-06-04 18:57:26 [INFO] 物体 4: FireExt1 (置信度: 0.45)
2026-06-04 18:57:26 [INFO] 物体 5: GasCyl1 (置信度: 0.35)
2026-06-04 18:57:26 [INFO] 检测到车兜区域，将过滤区域外的目标
2026-06-04 18:57:26 [INFO] 车兜区域过滤: 5 -> 4 个目标
2026-06-04 18:57:26 [INFO] 准备保存检测结果到: C:\code\show\Scrap_Steel_In_Field\photos\dangerous_det\detection_20260604_185726.jpg
2026-06-04 18:57:26 [INFO] 图像形状: (2160, 3840, 3)
2026-06-04 18:57:26 [INFO] 图像数据类型: uint8
2026-06-04 18:57:26 [INFO] 图像最大值: 255
2026-06-04 18:57:26 [INFO] 图像最小值: 0
2026-06-04 18:57:26 [INFO] 开始保存检测结果图像: 图像尺寸=(2160, 3840, 3), 类型=uint8, 路径=C:\code\show\Scrap_Steel_In_Field\photos\dangerous_det\detection_20260604_185726.jpg
2026-06-04 18:57:26 [INFO] 成功保存检测结果到: C:\code\show\Scrap_Steel_In_Field\photos\dangerous_det\detection_20260604_185726.jpg
2026-06-04 18:57:26 [INFO] 保存的检测结果文件大小: 2252942 字节
2026-06-04 18:57:26 [INFO] 引擎上下文已释放
2026-06-04 18:57:26 [INFO] TensorRT 引擎已释放
2026-06-04 18:57:26 [INFO] 全局 CUDA 资源已释放
2026-06-04 18:57:26 [INFO] 检测系统资源已释放
2026-06-04 18:57:30 [INFO] CUDA 初始化成功
2026-06-04 18:57:30 [INFO] 引擎加载成功: dangerous.engine
2026-06-04 18:57:30 [INFO] 检测系统初始化成功
2026-06-04 18:57:30 [INFO] 图像预处理完成，原始尺寸: (2160, 3840)
2026-06-04 18:57:30 [INFO] 开始执行目标检测...
2026-06-04 18:57:31 [INFO] 检测完成，找到 4 个物体
2026-06-04 18:57:31 [INFO] 物体 1: GasCyl1 (置信度: 0.90)
2026-06-04 18:57:31 [INFO] 物体 2: GasCyl1 (置信度: 0.78)
2026-06-04 18:57:31 [INFO] 物体 3: FireExt1 (置信度: 0.46)
2026-06-04 18:57:31 [INFO] 物体 4: FireExt1 (置信度: 0.39)
2026-06-04 18:57:31 [INFO] 检测到车兜区域，将过滤区域外的目标
2026-06-04 18:57:31 [INFO] 车兜区域过滤: 4 -> 3 个目标
2026-06-04 18:57:31 [INFO] 准备保存检测结果到: C:\code\show\Scrap_Steel_In_Field\photos\dangerous_det\detection_20260604_185731.jpg
2026-06-04 18:57:31 [INFO] 图像形状: (2160, 3840, 3)
2026-06-04 18:57:31 [INFO] 图像数据类型: uint8
2026-06-04 18:57:31 [INFO] 图像最大值: 255
2026-06-04 18:57:31 [INFO] 图像最小值: 0
2026-06-04 18:57:31 [INFO] 开始保存检测结果图像: 图像尺寸=(2160, 3840, 3), 类型=uint8, 路径=C:\code\show\Scrap_Steel_In_Field\photos\dangerous_det\detection_20260604_185731.jpg
2026-06-04 18:57:31 [INFO] 成功保存检测结果到: C:\code\show\Scrap_Steel_In_Field\photos\dangerous_det\detection_20260604_185731.jpg
2026-06-04 18:57:31 [INFO] 保存的检测结果文件大小: 2250512 字节
2026-06-04 18:57:31 [INFO] 引擎上下文已释放
2026-06-04 18:57:31 [INFO] TensorRT 引擎已释放
2026-06-04 18:57:31 [INFO] 全局 CUDA 资源已释放
2026-06-04 18:57:31 [INFO] 检测系统资源已释放
2026-06-04 18:57:36 [INFO] CUDA 初始化成功
2026-06-04 18:57:36 [INFO] 引擎加载成功: dangerous.engine
2026-06-04 18:57:36 [INFO] 检测系统初始化成功
2026-06-04 18:57:36 [INFO] 图像预处理完成，原始尺寸: (2160, 3840)
2026-06-04 18:57:36 [INFO] 开始执行目标检测...
2026-06-04 18:57:36 [INFO] 检测完成，找到 5 个物体
2026-06-04 18:57:36 [INFO] 物体 1: GasCyl1 (置信度: 0.90)
2026-06-04 18:57:36 [INFO] 物体 2: GasCyl1 (置信度: 0.81)
2026-06-04 18:57:36 [INFO] 物体 3: GasCyl1 (置信度: 0.49)
2026-06-04 18:57:36 [INFO] 物体 4: FireExt1 (置信度: 0.44)
2026-06-04 18:57:36 [INFO] 物体 5: FireExt1 (置信度: 0.40)
2026-06-04 18:57:36 [INFO] 检测到车兜区域，将过滤区域外的目标
2026-06-04 18:57:36 [INFO] 车兜区域过滤: 5 -> 4 个目标
2026-06-04 18:57:36 [INFO] 准备保存检测结果到: C:\code\show\Scrap_Steel_In_Field\photos\dangerous_det\detection_20260604_185736.jpg
2026-06-04 18:57:36 [INFO] 图像形状: (2160, 3840, 3)
2026-06-04 18:57:36 [INFO] 图像数据类型: uint8
2026-06-04 18:57:36 [INFO] 图像最大值: 255
2026-06-04 18:57:36 [INFO] 图像最小值: 0
2026-06-04 18:57:36 [INFO] 开始保存检测结果图像: 图像尺寸=(2160, 3840, 3), 类型=uint8, 路径=C:\code\show\Scrap_Steel_In_Field\photos\dangerous_det\detection_20260604_185736.jpg
2026-06-04 18:57:36 [INFO] 成功保存检测结果到: C:\code\show\Scrap_Steel_In_Field\photos\dangerous_det\detection_20260604_185736.jpg
2026-06-04 18:57:36 [INFO] 保存的检测结果文件大小: 2252345 字节
2026-06-04 18:57:36 [INFO] 引擎上下文已释放
2026-06-04 18:57:36 [INFO] TensorRT 引擎已释放
2026-06-04 18:57:36 [INFO] 全局 CUDA 资源已释放
2026-06-04 18:57:36 [INFO] 检测系统资源已释放
2026-06-04 18:57:41 [INFO] CUDA 初始化成功
2026-06-04 18:57:41 [INFO] 引擎加载成功: dangerous.engine
2026-06-04 18:57:41 [INFO] 检测系统初始化成功
2026-06-04 18:57:41 [INFO] 图像预处理完成，原始尺寸: (2160, 3840)
2026-06-04 18:57:41 [INFO] 开始执行目标检测...
2026-06-04 18:57:42 [INFO] 检测完成，找到 4 个物体
2026-06-04 18:57:42 [INFO] 物体 1: GasCyl1 (置信度: 0.89)
2026-06-04 18:57:42 [INFO] 物体 2: GasCyl1 (置信度: 0.82)
2026-06-04 18:57:42 [INFO] 物体 3: FireExt1 (置信度: 0.42)
2026-06-04 18:57:42 [INFO] 物体 4: FireExt1 (置信度: 0.42)
2026-06-04 18:57:42 [INFO] 检测到车兜区域，将过滤区域外的目标
2026-06-04 18:57:42 [INFO] 车兜区域过滤: 4 -> 3 个目标
2026-06-04 18:57:42 [INFO] 准备保存检测结果到: C:\code\show\Scrap_Steel_In_Field\photos\dangerous_det\detection_20260604_185742.jpg
2026-06-04 18:57:42 [INFO] 图像形状: (2160, 3840, 3)
2026-06-04 18:57:42 [INFO] 图像数据类型: uint8
2026-06-04 18:57:42 [INFO] 图像最大值: 255
2026-06-04 18:57:42 [INFO] 图像最小值: 0
2026-06-04 18:57:42 [INFO] 开始保存检测结果图像: 图像尺寸=(2160, 3840, 3), 类型=uint8, 路径=C:\code\show\Scrap_Steel_In_Field\photos\dangerous_det\detection_20260604_185742.jpg
2026-06-04 18:57:42 [INFO] 成功保存检测结果到: C:\code\show\Scrap_Steel_In_Field\photos\dangerous_det\detection_20260604_185742.jpg
2026-06-04 18:57:42 [INFO] 保存的检测结果文件大小: 2244552 字节
2026-06-04 18:57:42 [INFO] 引擎上下文已释放
2026-06-04 18:57:42 [INFO] TensorRT 引擎已释放
2026-06-04 18:57:42 [INFO] 全局 CUDA 资源已释放
2026-06-04 18:57:42 [INFO] 检测系统资源已释放
2026-06-04 18:57:46 [INFO] CUDA 初始化成功
2026-06-04 18:57:46 [INFO] 引擎加载成功: dangerous.engine
2026-06-04 18:57:46 [INFO] 检测系统初始化成功
2026-06-04 18:57:46 [INFO] 图像预处理完成，原始尺寸: (2160, 3840)
2026-06-04 18:57:46 [INFO] 开始执行目标检测...
2026-06-04 18:57:47 [INFO] 检测完成，找到 5 个物体
2026-06-04 18:57:47 [INFO] 物体 1: GasCyl1 (置信度: 0.90)
2026-06-04 18:57:47 [INFO] 物体 2: GasCyl1 (置信度: 0.83)
2026-06-04 18:57:47 [INFO] 物体 3: GasCyl1 (置信度: 0.47)
2026-06-04 18:57:47 [INFO] 物体 4: FireExt1 (置信度: 0.46)
2026-06-04 18:57:47 [INFO] 物体 5: FireExt1 (置信度: 0.41)
2026-06-04 18:57:47 [INFO] 检测到车兜区域，将过滤区域外的目标
2026-06-04 18:57:47 [INFO] 车兜区域过滤: 5 -> 4 个目标
2026-06-04 18:57:47 [INFO] 准备保存检测结果到: C:\code\show\Scrap_Steel_In_Field\photos\dangerous_det\detection_20260604_185747.jpg
2026-06-04 18:57:47 [INFO] 图像形状: (2160, 3840, 3)
2026-06-04 18:57:47 [INFO] 图像数据类型: uint8
2026-06-04 18:57:47 [INFO] 图像最大值: 255
2026-06-04 18:57:47 [INFO] 图像最小值: 0
2026-06-04 18:57:47 [INFO] 开始保存检测结果图像: 图像尺寸=(2160, 3840, 3), 类型=uint8, 路径=C:\code\show\Scrap_Steel_In_Field\photos\dangerous_det\detection_20260604_185747.jpg
2026-06-04 18:57:47 [INFO] 成功保存检测结果到: C:\code\show\Scrap_Steel_In_Field\photos\dangerous_det\detection_20260604_185747.jpg
2026-06-04 18:57:47 [INFO] 保存的检测结果文件大小: 2255315 字节
2026-06-04 18:57:47 [INFO] 引擎上下文已释放
2026-06-04 18:57:47 [INFO] TensorRT 引擎已释放
2026-06-04 18:57:47 [INFO] 全局 CUDA 资源已释放
2026-06-04 18:57:47 [INFO] 检测系统资源已释放
2026-06-04 18:57:52 [INFO] CUDA 初始化成功
2026-06-04 18:57:52 [INFO] 引擎加载成功: dangerous.engine
2026-06-04 18:57:52 [INFO] 检测系统初始化成功
2026-06-04 18:57:52 [INFO] 图像预处理完成，原始尺寸: (2160, 3840)
2026-06-04 18:57:52 [INFO] 开始执行目标检测...
2026-06-04 18:57:52 [INFO] 检测完成，找到 6 个物体
2026-06-04 18:57:52 [INFO] 物体 1: GasCyl1 (置信度: 0.90)
2026-06-04 18:57:52 [INFO] 物体 2: GasCyl1 (置信度: 0.75)
2026-06-04 18:57:52 [INFO] 物体 3: GasCyl1 (置信度: 0.52)
2026-06-04 18:57:52 [INFO] 物体 4: FireExt1 (置信度: 0.47)
2026-06-04 18:57:52 [INFO] 物体 5: FireExt1 (置信度: 0.40)
2026-06-04 18:57:52 [INFO] 物体 6: FireExt1 (置信度: 0.39)
2026-06-04 18:57:52 [INFO] 检测到车兜区域，将过滤区域外的目标
2026-06-04 18:57:52 [INFO] 车兜区域过滤: 6 -> 5 个目标
2026-06-04 18:57:52 [INFO] 准备保存检测结果到: C:\code\show\Scrap_Steel_In_Field\photos\dangerous_det\detection_20260604_185752.jpg
2026-06-04 18:57:52 [INFO] 图像形状: (2160, 3840, 3)
2026-06-04 18:57:52 [INFO] 图像数据类型: uint8
2026-06-04 18:57:52 [INFO] 图像最大值: 255
2026-06-04 18:57:52 [INFO] 图像最小值: 0
2026-06-04 18:57:52 [INFO] 开始保存检测结果图像: 图像尺寸=(2160, 3840, 3), 类型=uint8, 路径=C:\code\show\Scrap_Steel_In_Field\photos\dangerous_det\detection_20260604_185752.jpg
2026-06-04 18:57:52 [INFO] 成功保存检测结果到: C:\code\show\Scrap_Steel_In_Field\photos\dangerous_det\detection_20260604_185752.jpg
2026-06-04 18:57:52 [INFO] 保存的检测结果文件大小: 2254648 字节
2026-06-04 18:57:52 [INFO] 引擎上下文已释放
2026-06-04 18:57:52 [INFO] TensorRT 引擎已释放
2026-06-04 18:57:52 [INFO] 全局 CUDA 资源已释放
2026-06-04 18:57:52 [INFO] 检测系统资源已释放
2026-06-04 18:57:57 [INFO] CUDA 初始化成功
2026-06-04 18:57:57 [INFO] 引擎加载成功: dangerous.engine
2026-06-04 18:57:57 [INFO] 检测系统初始化成功
2026-06-04 18:57:58 [INFO] 图像预处理完成，原始尺寸: (2160, 3840)
2026-06-04 18:57:58 [INFO] 开始执行目标检测...
2026-06-04 18:57:58 [INFO] 检测完成，找到 5 个物体
2026-06-04 18:57:58 [INFO] 物体 1: GasCyl1 (置信度: 0.89)
2026-06-04 18:57:58 [INFO] 物体 2: GasCyl1 (置信度: 0.80)
2026-06-04 18:57:58 [INFO] 物体 3: GasCyl1 (置信度: 0.52)
2026-06-04 18:57:58 [INFO] 物体 4: FireExt1 (置信度: 0.44)
2026-06-04 18:57:58 [INFO] 物体 5: FireExt1 (置信度: 0.41)
2026-06-04 18:57:58 [INFO] 检测到车兜区域，将过滤区域外的目标
2026-06-04 18:57:58 [INFO] 车兜区域过滤: 5 -> 4 个目标
2026-06-04 18:57:58 [INFO] 准备保存检测结果到: C:\code\show\Scrap_Steel_In_Field\photos\dangerous_det\detection_20260604_185758.jpg
2026-06-04 18:57:58 [INFO] 图像形状: (2160, 3840, 3)
2026-06-04 18:57:58 [INFO] 图像数据类型: uint8
2026-06-04 18:57:58 [INFO] 图像最大值: 255
2026-06-04 18:57:58 [INFO] 图像最小值: 0
2026-06-04 18:57:58 [INFO] 开始保存检测结果图像: 图像尺寸=(2160, 3840, 3), 类型=uint8, 路径=C:\code\show\Scrap_Steel_In_Field\photos\dangerous_det\detection_20260604_185758.jpg
2026-06-04 18:57:58 [INFO] 成功保存检测结果到: C:\code\show\Scrap_Steel_In_Field\photos\dangerous_det\detection_20260604_185758.jpg
2026-06-04 18:57:58 [INFO] 保存的检测结果文件大小: 2256246 字节
2026-06-04 18:57:58 [INFO] 引擎上下文已释放
2026-06-04 18:57:58 [INFO] TensorRT 引擎已释放
2026-06-04 18:57:58 [INFO] 全局 CUDA 资源已释放
2026-06-04 18:57:58 [INFO] 检测系统资源已释放
2026-06-04 18:58:02 [INFO] CUDA 初始化成功
2026-06-04 18:58:02 [INFO] 引擎加载成功: dangerous.engine
2026-06-04 18:58:02 [INFO] 检测系统初始化成功
2026-06-04 18:58:02 [INFO] 图像预处理完成，原始尺寸: (2160, 3840)
2026-06-04 18:58:02 [INFO] 开始执行目标检测...
2026-06-04 18:58:03 [INFO] 检测完成，找到 5 个物体
2026-06-04 18:58:03 [INFO] 物体 1: GasCyl1 (置信度: 0.90)
2026-06-04 18:58:03 [INFO] 物体 2: GasCyl1 (置信度: 0.80)
2026-06-04 18:58:03 [INFO] 物体 3: FireExt1 (置信度: 0.44)
2026-06-04 18:58:03 [INFO] 物体 4: FireExt1 (置信度: 0.43)
2026-06-04 18:58:03 [INFO] 物体 5: GasCyl1 (置信度: 0.40)
2026-06-04 18:58:03 [INFO] 检测到车兜区域，将过滤区域外的目标
2026-06-04 18:58:03 [INFO] 车兜区域过滤: 5 -> 4 个目标
2026-06-04 18:58:03 [INFO] 准备保存检测结果到: C:\code\show\Scrap_Steel_In_Field\photos\dangerous_det\detection_20260604_185803.jpg
2026-06-04 18:58:03 [INFO] 图像形状: (2160, 3840, 3)
2026-06-04 18:58:03 [INFO] 图像数据类型: uint8
2026-06-04 18:58:03 [INFO] 图像最大值: 255
2026-06-04 18:58:03 [INFO] 图像最小值: 0
2026-06-04 18:58:03 [INFO] 开始保存检测结果图像: 图像尺寸=(2160, 3840, 3), 类型=uint8, 路径=C:\code\show\Scrap_Steel_In_Field\photos\dangerous_det\detection_20260604_185803.jpg
2026-06-04 18:58:03 [INFO] 成功保存检测结果到: C:\code\show\Scrap_Steel_In_Field\photos\dangerous_det\detection_20260604_185803.jpg
2026-06-04 18:58:03 [INFO] 保存的检测结果文件大小: 2254105 字节
2026-06-04 18:58:03 [INFO] 引擎上下文已释放
2026-06-04 18:58:03 [INFO] TensorRT 引擎已释放
2026-06-04 18:58:03 [INFO] 全局 CUDA 资源已释放
2026-06-04 18:58:03 [INFO] 检测系统资源已释放
2026-06-04 18:58:07 [INFO] CUDA 初始化成功
2026-06-04 18:58:07 [INFO] 引擎加载成功: dangerous.engine
2026-06-04 18:58:07 [INFO] 检测系统初始化成功
2026-06-04 18:58:08 [INFO] 图像预处理完成，原始尺寸: (2160, 3840)
2026-06-04 18:58:08 [INFO] 开始执行目标检测...
2026-06-04 18:58:08 [INFO] 检测完成，找到 4 个物体
2026-06-04 18:58:08 [INFO] 物体 1: GasCyl1 (置信度: 0.90)
2026-06-04 18:58:08 [INFO] 物体 2: GasCyl1 (置信度: 0.80)
2026-06-04 18:58:08 [INFO] 物体 3: GasCyl1 (置信度: 0.59)
2026-06-04 18:58:08 [INFO] 物体 4: FireExt1 (置信度: 0.42)
2026-06-04 18:58:08 [INFO] 检测到车兜区域，将过滤区域外的目标
2026-06-04 18:58:08 [INFO] 车兜区域过滤: 4 -> 3 个目标
2026-06-04 18:58:08 [INFO] 准备保存检测结果到: C:\code\show\Scrap_Steel_In_Field\photos\dangerous_det\detection_20260604_185808.jpg
2026-06-04 18:58:08 [INFO] 图像形状: (2160, 3840, 3)
2026-06-04 18:58:08 [INFO] 图像数据类型: uint8
2026-06-04 18:58:08 [INFO] 图像最大值: 255
2026-06-04 18:58:08 [INFO] 图像最小值: 0
2026-06-04 18:58:08 [INFO] 开始保存检测结果图像: 图像尺寸=(2160, 3840, 3), 类型=uint8, 路径=C:\code\show\Scrap_Steel_In_Field\photos\dangerous_det\detection_20260604_185808.jpg
2026-06-04 18:58:08 [INFO] 成功保存检测结果到: C:\code\show\Scrap_Steel_In_Field\photos\dangerous_det\detection_20260604_185808.jpg
2026-06-04 18:58:08 [INFO] 保存的检测结果文件大小: 2248733 字节
2026-06-04 18:58:08 [INFO] 引擎上下文已释放
2026-06-04 18:58:08 [INFO] TensorRT 引擎已释放
2026-06-04 18:58:08 [INFO] 全局 CUDA 资源已释放
2026-06-04 18:58:08 [INFO] 检测系统资源已释放
2026-06-04 18:58:12 [INFO] CUDA 初始化成功
2026-06-04 18:58:12 [INFO] 引擎加载成功: dangerous.engine
2026-06-04 18:58:12 [INFO] 检测系统初始化成功
2026-06-04 18:58:13 [INFO] 图像预处理完成，原始尺寸: (2160, 3840)
2026-06-04 18:58:13 [INFO] 开始执行目标检测...
2026-06-04 18:58:13 [INFO] 检测完成，找到 6 个物体
2026-06-04 18:58:13 [INFO] 物体 1: GasCyl1 (置信度: 0.90)
2026-06-04 18:58:13 [INFO] 物体 2: GasCyl1 (置信度: 0.81)
2026-06-04 18:58:13 [INFO] 物体 3: GasCyl1 (置信度: 0.49)
2026-06-04 18:58:13 [INFO] 物体 4: FireExt1 (置信度: 0.45)
2026-06-04 18:58:13 [INFO] 物体 5: FireExt1 (置信度: 0.38)
2026-06-04 18:58:13 [INFO] 物体 6: FireExt1 (置信度: 0.35)
2026-06-04 18:58:13 [INFO] 检测到车兜区域，将过滤区域外的目标
2026-06-04 18:58:13 [INFO] 车兜区域过滤: 6 -> 5 个目标
2026-06-04 18:58:13 [INFO] 准备保存检测结果到: C:\code\show\Scrap_Steel_In_Field\photos\dangerous_det\detection_20260604_185813.jpg
2026-06-04 18:58:13 [INFO] 图像形状: (2160, 3840, 3)
2026-06-04 18:58:13 [INFO] 图像数据类型: uint8
2026-06-04 18:58:13 [INFO] 图像最大值: 255
2026-06-04 18:58:13 [INFO] 图像最小值: 0
2026-06-04 18:58:13 [INFO] 开始保存检测结果图像: 图像尺寸=(2160, 3840, 3), 类型=uint8, 路径=C:\code\show\Scrap_Steel_In_Field\photos\dangerous_det\detection_20260604_185813.jpg
2026-06-04 18:58:13 [INFO] 成功保存检测结果到: C:\code\show\Scrap_Steel_In_Field\photos\dangerous_det\detection_20260604_185813.jpg
2026-06-04 18:58:13 [INFO] 保存的检测结果文件大小: 2257977 字节
2026-06-04 18:58:13 [INFO] 引擎上下文已释放
2026-06-04 18:58:13 [INFO] TensorRT 引擎已释放
2026-06-04 18:58:13 [INFO] 全局 CUDA 资源已释放
2026-06-04 18:58:13 [INFO] 检测系统资源已释放
2026-06-04 18:58:17 [INFO] CUDA 初始化成功
2026-06-04 18:58:17 [INFO] 引擎加载成功: dangerous.engine
2026-06-04 18:58:17 [INFO] 检测系统初始化成功
2026-06-04 18:58:18 [INFO] 图像预处理完成，原始尺寸: (2160, 3840)
2026-06-04 18:58:18 [INFO] 开始执行目标检测...
2026-06-04 18:58:18 [INFO] 检测完成，找到 5 个物体
2026-06-04 18:58:18 [INFO] 物体 1: GasCyl1 (置信度: 0.89)
2026-06-04 18:58:18 [INFO] 物体 2: GasCyl1 (置信度: 0.84)
2026-06-04 18:58:18 [INFO] 物体 3: GasCyl1 (置信度: 0.48)
2026-06-04 18:58:18 [INFO] 物体 4: FireExt1 (置信度: 0.43)
2026-06-04 18:58:18 [INFO] 物体 5: FireExt1 (置信度: 0.37)
2026-06-04 18:58:18 [INFO] 检测到车兜区域，将过滤区域外的目标
2026-06-04 18:58:18 [INFO] 车兜区域过滤: 5 -> 4 个目标
2026-06-04 18:58:18 [INFO] 准备保存检测结果到: C:\code\show\Scrap_Steel_In_Field\photos\dangerous_det\detection_20260604_185818.jpg
2026-06-04 18:58:18 [INFO] 图像形状: (2160, 3840, 3)
2026-06-04 18:58:18 [INFO] 图像数据类型: uint8
2026-06-04 18:58:18 [INFO] 图像最大值: 255
2026-06-04 18:58:18 [INFO] 图像最小值: 0
2026-06-04 18:58:18 [INFO] 开始保存检测结果图像: 图像尺寸=(2160, 3840, 3), 类型=uint8, 路径=C:\code\show\Scrap_Steel_In_Field\photos\dangerous_det\detection_20260604_185818.jpg
2026-06-04 18:58:18 [INFO] 成功保存检测结果到: C:\code\show\Scrap_Steel_In_Field\photos\dangerous_det\detection_20260604_185818.jpg
2026-06-04 18:58:18 [INFO] 保存的检测结果文件大小: 2252150 字节
2026-06-04 18:58:18 [INFO] 引擎上下文已释放
2026-06-04 18:58:18 [INFO] TensorRT 引擎已释放
2026-06-04 18:58:18 [INFO] 全局 CUDA 资源已释放
2026-06-04 18:58:18 [INFO] 检测系统资源已释放
2026-06-04 18:58:22 [INFO] CUDA 初始化成功
2026-06-04 18:58:22 [INFO] 引擎加载成功: dangerous.engine
2026-06-04 18:58:22 [INFO] 检测系统初始化成功
2026-06-04 18:58:22 [INFO] 图像预处理完成，原始尺寸: (2160, 3840)
2026-06-04 18:58:22 [INFO] 开始执行目标检测...
2026-06-04 18:58:23 [INFO] 检测完成，找到 5 个物体
2026-06-04 18:58:23 [INFO] 物体 1: GasCyl1 (置信度: 0.90)
2026-06-04 18:58:23 [INFO] 物体 2: GasCyl1 (置信度: 0.82)
2026-06-04 18:58:23 [INFO] 物体 3: GasCyl1 (置信度: 0.57)
2026-06-04 18:58:23 [INFO] 物体 4: FireExt1 (置信度: 0.49)
2026-06-04 18:58:23 [INFO] 物体 5: FireExt1 (置信度: 0.39)
2026-06-04 18:58:23 [INFO] 检测到车兜区域，将过滤区域外的目标
2026-06-04 18:58:23 [INFO] 车兜区域过滤: 5 -> 4 个目标
2026-06-04 18:58:23 [INFO] 准备保存检测结果到: C:\code\show\Scrap_Steel_In_Field\photos\dangerous_det\detection_20260604_185823.jpg
2026-06-04 18:58:23 [INFO] 图像形状: (2160, 3840, 3)
2026-06-04 18:58:23 [INFO] 图像数据类型: uint8
2026-06-04 18:58:23 [INFO] 图像最大值: 255
2026-06-04 18:58:23 [INFO] 图像最小值: 0
2026-06-04 18:58:23 [INFO] 开始保存检测结果图像: 图像尺寸=(2160, 3840, 3), 类型=uint8, 路径=C:\code\show\Scrap_Steel_In_Field\photos\dangerous_det\detection_20260604_185823.jpg
2026-06-04 18:58:23 [INFO] 成功保存检测结果到: C:\code\show\Scrap_Steel_In_Field\photos\dangerous_det\detection_20260604_185823.jpg
2026-06-04 18:58:23 [INFO] 保存的检测结果文件大小: 2250905 字节
2026-06-04 18:58:23 [INFO] 引擎上下文已释放
2026-06-04 18:58:23 [INFO] TensorRT 引擎已释放
2026-06-04 18:58:23 [INFO] 全局 CUDA 资源已释放
2026-06-04 18:58:23 [INFO] 检测系统资源已释放
2026-06-04 18:58:28 [INFO] CUDA 初始化成功
2026-06-04 18:58:28 [INFO] 引擎加载成功: dangerous.engine
2026-06-04 18:58:28 [INFO] 检测系统初始化成功
2026-06-04 18:58:28 [INFO] 图像预处理完成，原始尺寸: (2160, 3840)
2026-06-04 18:58:28 [INFO] 开始执行目标检测...
2026-06-04 18:58:28 [INFO] 检测完成，找到 5 个物体
2026-06-04 18:58:28 [INFO] 物体 1: GasCyl1 (置信度: 0.90)
2026-06-04 18:58:28 [INFO] 物体 2: GasCyl1 (置信度: 0.81)
2026-06-04 18:58:28 [INFO] 物体 3: GasCyl1 (置信度: 0.50)
2026-06-04 18:58:28 [INFO] 物体 4: FireExt1 (置信度: 0.47)
2026-06-04 18:58:28 [INFO] 物体 5: FireExt1 (置信度: 0.43)
2026-06-04 18:58:28 [INFO] 检测到车兜区域，将过滤区域外的目标
2026-06-04 18:58:28 [INFO] 车兜区域过滤: 5 -> 4 个目标
2026-06-04 18:58:28 [INFO] 准备保存检测结果到: C:\code\show\Scrap_Steel_In_Field\photos\dangerous_det\detection_20260604_185828.jpg
2026-06-04 18:58:28 [INFO] 图像形状: (2160, 3840, 3)
2026-06-04 18:58:28 [INFO] 图像数据类型: uint8
2026-06-04 18:58:28 [INFO] 图像最大值: 255
2026-06-04 18:58:28 [INFO] 图像最小值: 0
2026-06-04 18:58:28 [INFO] 开始保存检测结果图像: 图像尺寸=(2160, 3840, 3), 类型=uint8, 路径=C:\code\show\Scrap_Steel_In_Field\photos\dangerous_det\detection_20260604_185828.jpg
2026-06-04 18:58:28 [INFO] 成功保存检测结果到: C:\code\show\Scrap_Steel_In_Field\photos\dangerous_det\detection_20260604_185828.jpg
2026-06-04 18:58:28 [INFO] 保存的检测结果文件大小: 2256752 字节
2026-06-04 18:58:28 [INFO] 引擎上下文已释放
2026-06-04 18:58:28 [INFO] TensorRT 引擎已释放
2026-06-04 18:58:28 [INFO] 全局 CUDA 资源已释放
2026-06-04 18:58:28 [INFO] 检测系统资源已释放
2026-06-04 18:58:33 [INFO] CUDA 初始化成功
2026-06-04 18:58:33 [INFO] 引擎加载成功: dangerous.engine
2026-06-04 18:58:33 [INFO] 检测系统初始化成功
2026-06-04 18:58:34 [INFO] 图像预处理完成，原始尺寸: (2160, 3840)
2026-06-04 18:58:34 [INFO] 开始执行目标检测...
2026-06-04 18:58:34 [INFO] 检测完成，找到 5 个物体
2026-06-04 18:58:34 [INFO] 物体 1: GasCyl1 (置信度: 0.89)
2026-06-04 18:58:34 [INFO] 物体 2: GasCyl1 (置信度: 0.79)
2026-06-04 18:58:34 [INFO] 物体 3: FireExt1 (置信度: 0.47)
2026-06-04 18:58:34 [INFO] 物体 4: FireExt1 (置信度: 0.40)
2026-06-04 18:58:34 [INFO] 物体 5: GasCyl1 (置信度: 0.36)
2026-06-04 18:58:34 [INFO] 检测到车兜区域，将过滤区域外的目标
2026-06-04 18:58:34 [INFO] 车兜区域过滤: 5 -> 4 个目标
2026-06-04 18:58:34 [INFO] 准备保存检测结果到: C:\code\show\Scrap_Steel_In_Field\photos\dangerous_det\detection_20260604_185834.jpg
2026-06-04 18:58:34 [INFO] 图像形状: (2160, 3840, 3)
2026-06-04 18:58:34 [INFO] 图像数据类型: uint8
2026-06-04 18:58:34 [INFO] 图像最大值: 255
2026-06-04 18:58:34 [INFO] 图像最小值: 0
2026-06-04 18:58:34 [INFO] 开始保存检测结果图像: 图像尺寸=(2160, 3840, 3), 类型=uint8, 路径=C:\code\show\Scrap_Steel_In_Field\photos\dangerous_det\detection_20260604_185834.jpg
2026-06-04 18:58:34 [INFO] 成功保存检测结果到: C:\code\show\Scrap_Steel_In_Field\photos\dangerous_det\detection_20260604_185834.jpg
2026-06-04 18:58:34 [INFO] 保存的检测结果文件大小: 2252477 字节
2026-06-04 18:58:34 [INFO] 引擎上下文已释放
2026-06-04 18:58:34 [INFO] TensorRT 引擎已释放
2026-06-04 18:58:34 [INFO] 全局 CUDA 资源已释放
2026-06-04 18:58:34 [INFO] 检测系统资源已释放
2026-06-04 18:58:38 [INFO] CUDA 初始化成功
2026-06-04 18:58:38 [INFO] 引擎加载成功: dangerous.engine
2026-06-04 18:58:38 [INFO] 检测系统初始化成功
2026-06-04 18:58:39 [INFO] 图像预处理完成，原始尺寸: (2160, 3840)
2026-06-04 18:58:39 [INFO] 开始执行目标检测...
2026-06-04 18:58:39 [INFO] 检测完成，找到 5 个物体
2026-06-04 18:58:39 [INFO] 物体 1: GasCyl1 (置信度: 0.90)
2026-06-04 18:58:39 [INFO] 物体 2: GasCyl1 (置信度: 0.80)
2026-06-04 18:58:39 [INFO] 物体 3: FireExt1 (置信度: 0.47)
2026-06-04 18:58:39 [INFO] 物体 4: GasCyl1 (置信度: 0.42)
2026-06-04 18:58:39 [INFO] 物体 5: FireExt1 (置信度: 0.38)
2026-06-04 18:58:39 [INFO] 检测到车兜区域，将过滤区域外的目标
2026-06-04 18:58:39 [INFO] 车兜区域过滤: 5 -> 4 个目标
2026-06-04 18:58:39 [INFO] 准备保存检测结果到: C:\code\show\Scrap_Steel_In_Field\photos\dangerous_det\detection_20260604_185839.jpg
2026-06-04 18:58:39 [INFO] 图像形状: (2160, 3840, 3)
2026-06-04 18:58:39 [INFO] 图像数据类型: uint8
2026-06-04 18:58:39 [INFO] 图像最大值: 255
2026-06-04 18:58:39 [INFO] 图像最小值: 0
2026-06-04 18:58:39 [INFO] 开始保存检测结果图像: 图像尺寸=(2160, 3840, 3), 类型=uint8, 路径=C:\code\show\Scrap_Steel_In_Field\photos\dangerous_det\detection_20260604_185839.jpg
2026-06-04 18:58:39 [INFO] 成功保存检测结果到: C:\code\show\Scrap_Steel_In_Field\photos\dangerous_det\detection_20260604_185839.jpg
2026-06-04 18:58:39 [INFO] 保存的检测结果文件大小: 2252239 字节
2026-06-04 18:58:39 [INFO] 引擎上下文已释放
2026-06-04 18:58:39 [INFO] TensorRT 引擎已释放
2026-06-04 18:58:39 [INFO] 全局 CUDA 资源已释放
2026-06-04 18:58:39 [INFO] 检测系统资源已释放
2026-06-04 18:58:44 [INFO] CUDA 初始化成功
2026-06-04 18:58:44 [INFO] 引擎加载成功: dangerous.engine
2026-06-04 18:58:44 [INFO] 检测系统初始化成功
2026-06-04 18:58:44 [INFO] 图像预处理完成，原始尺寸: (2160, 3840)
2026-06-04 18:58:44 [INFO] 开始执行目标检测...
2026-06-04 18:58:44 [INFO] 检测完成，找到 5 个物体
2026-06-04 18:58:44 [INFO] 物体 1: GasCyl1 (置信度: 0.90)
2026-06-04 18:58:44 [INFO] 物体 2: GasCyl1 (置信度: 0.83)
2026-06-04 18:58:44 [INFO] 物体 3: GasCyl1 (置信度: 0.50)
2026-06-04 18:58:44 [INFO] 物体 4: FireExt1 (置信度: 0.43)
2026-06-04 18:58:44 [INFO] 物体 5: FireExt1 (置信度: 0.40)
2026-06-04 18:58:44 [INFO] 检测到车兜区域，将过滤区域外的目标
2026-06-04 18:58:44 [INFO] 车兜区域过滤: 5 -> 4 个目标
2026-06-04 18:58:44 [INFO] 准备保存检测结果到: C:\code\show\Scrap_Steel_In_Field\photos\dangerous_det\detection_20260604_185844.jpg
2026-06-04 18:58:44 [INFO] 图像形状: (2160, 3840, 3)
2026-06-04 18:58:44 [INFO] 图像数据类型: uint8
2026-06-04 18:58:44 [INFO] 图像最大值: 255
2026-06-04 18:58:44 [INFO] 图像最小值: 0
2026-06-04 18:58:44 [INFO] 开始保存检测结果图像: 图像尺寸=(2160, 3840, 3), 类型=uint8, 路径=C:\code\show\Scrap_Steel_In_Field\photos\dangerous_det\detection_20260604_185844.jpg
2026-06-04 18:58:44 [INFO] 成功保存检测结果到: C:\code\show\Scrap_Steel_In_Field\photos\dangerous_det\detection_20260604_185844.jpg
2026-06-04 18:58:44 [INFO] 保存的检测结果文件大小: 2252897 字节
2026-06-04 18:58:44 [INFO] 引擎上下文已释放
2026-06-04 18:58:44 [INFO] TensorRT 引擎已释放
2026-06-04 18:58:44 [INFO] 全局 CUDA 资源已释放
2026-06-04 18:58:44 [INFO] 检测系统资源已释放
2026-06-04 18:58:49 [INFO] CUDA 初始化成功
2026-06-04 18:58:50 [INFO] 引擎加载成功: dangerous.engine
2026-06-04 18:58:50 [INFO] 检测系统初始化成功
2026-06-04 18:58:50 [INFO] 图像预处理完成，原始尺寸: (2160, 3840)
2026-06-04 18:58:50 [INFO] 开始执行目标检测...
2026-06-04 18:58:50 [INFO] 检测完成，找到 5 个物体
2026-06-04 18:58:50 [INFO] 物体 1: GasCyl1 (置信度: 0.90)
2026-06-04 18:58:50 [INFO] 物体 2: GasCyl1 (置信度: 0.83)
2026-06-04 18:58:50 [INFO] 物体 3: FireExt1 (置信度: 0.41)
2026-06-04 18:58:50 [INFO] 物体 4: GasCyl1 (置信度: 0.41)
2026-06-04 18:58:50 [INFO] 物体 5: FireExt1 (置信度: 0.39)
2026-06-04 18:58:50 [INFO] 检测到车兜区域，将过滤区域外的目标
2026-06-04 18:58:50 [INFO] 车兜区域过滤: 5 -> 4 个目标
2026-06-04 18:58:50 [INFO] 准备保存检测结果到: C:\code\show\Scrap_Steel_In_Field\photos\dangerous_det\detection_20260604_185850.jpg
2026-06-04 18:58:50 [INFO] 图像形状: (2160, 3840, 3)
2026-06-04 18:58:50 [INFO] 图像数据类型: uint8
2026-06-04 18:58:50 [INFO] 图像最大值: 255
2026-06-04 18:58:50 [INFO] 图像最小值: 0
2026-06-04 18:58:50 [INFO] 开始保存检测结果图像: 图像尺寸=(2160, 3840, 3), 类型=uint8, 路径=C:\code\show\Scrap_Steel_In_Field\photos\dangerous_det\detection_20260604_185850.jpg
2026-06-04 18:58:50 [INFO] 成功保存检测结果到: C:\code\show\Scrap_Steel_In_Field\photos\dangerous_det\detection_20260604_185850.jpg
2026-06-04 18:58:50 [INFO] 保存的检测结果文件大小: 2251534 字节
2026-06-04 18:58:50 [INFO] 引擎上下文已释放
2026-06-04 18:58:50 [INFO] TensorRT 引擎已释放
2026-06-04 18:58:50 [INFO] 全局 CUDA 资源已释放
2026-06-04 18:58:50 [INFO] 检测系统资源已释放
2026-06-04 18:58:54 [INFO] CUDA 初始化成功
2026-06-04 18:58:55 [INFO] 引擎加载成功: dangerous.engine
2026-06-04 18:58:55 [INFO] 检测系统初始化成功
2026-06-04 18:58:55 [INFO] 图像预处理完成，原始尺寸: (2160, 3840)
2026-06-04 18:58:55 [INFO] 开始执行目标检测...
2026-06-04 18:58:55 [INFO] 检测完成，找到 6 个物体
2026-06-04 18:58:55 [INFO] 物体 1: GasCyl1 (置信度: 0.90)
2026-06-04 18:58:55 [INFO] 物体 2: GasCyl1 (置信度: 0.84)
2026-06-04 18:58:55 [INFO] 物体 3: GasCyl1 (置信度: 0.53)
2026-06-04 18:58:55 [INFO] 物体 4: FireExt1 (置信度: 0.49)
2026-06-04 18:58:55 [INFO] 物体 5: FireExt1 (置信度: 0.45)
2026-06-04 18:58:55 [INFO] 物体 6: FireExt1 (置信度: 0.36)
2026-06-04 18:58:55 [INFO] 检测到车兜区域，将过滤区域外的目标
2026-06-04 18:58:55 [INFO] 车兜区域过滤: 6 -> 5 个目标
2026-06-04 18:58:55 [INFO] 准备保存检测结果到: C:\code\show\Scrap_Steel_In_Field\photos\dangerous_det\detection_20260604_185855.jpg
2026-06-04 18:58:55 [INFO] 图像形状: (2160, 3840, 3)
2026-06-04 18:58:55 [INFO] 图像数据类型: uint8
2026-06-04 18:58:55 [INFO] 图像最大值: 255
2026-06-04 18:58:55 [INFO] 图像最小值: 0
2026-06-04 18:58:55 [INFO] 开始保存检测结果图像: 图像尺寸=(2160, 3840, 3), 类型=uint8, 路径=C:\code\show\Scrap_Steel_In_Field\photos\dangerous_det\detection_20260604_185855.jpg
2026-06-04 18:58:55 [INFO] 成功保存检测结果到: C:\code\show\Scrap_Steel_In_Field\photos\dangerous_det\detection_20260604_185855.jpg
2026-06-04 18:58:55 [INFO] 保存的检测结果文件大小: 2258353 字节
2026-06-04 18:58:55 [INFO] 引擎上下文已释放
2026-06-04 18:58:55 [INFO] TensorRT 引擎已释放
2026-06-04 18:58:55 [INFO] 全局 CUDA 资源已释放
2026-06-04 18:58:55 [INFO] 检测系统资源已释放
2026-06-04 18:59:00 [INFO] CUDA 初始化成功
2026-06-04 18:59:00 [INFO] 引擎加载成功: dangerous.engine
2026-06-04 18:59:00 [INFO] 检测系统初始化成功
2026-06-04 18:59:00 [INFO] 图像预处理完成，原始尺寸: (2160, 3840)
2026-06-04 18:59:00 [INFO] 开始执行目标检测...
2026-06-04 18:59:00 [INFO] 检测完成，找到 4 个物体
2026-06-04 18:59:00 [INFO] 物体 1: GasCyl1 (置信度: 0.90)
2026-06-04 18:59:00 [INFO] 物体 2: GasCyl1 (置信度: 0.78)
2026-06-04 18:59:00 [INFO] 物体 3: FireExt1 (置信度: 0.44)
2026-06-04 18:59:00 [INFO] 物体 4: FireExt1 (置信度: 0.39)
2026-06-04 18:59:00 [INFO] 检测到车兜区域，将过滤区域外的目标
2026-06-04 18:59:00 [INFO] 车兜区域过滤: 4 -> 3 个目标
2026-06-04 18:59:00 [INFO] 准备保存检测结果到: C:\code\show\Scrap_Steel_In_Field\photos\dangerous_det\detection_20260604_185900.jpg
2026-06-04 18:59:00 [INFO] 图像形状: (2160, 3840, 3)
2026-06-04 18:59:00 [INFO] 图像数据类型: uint8
2026-06-04 18:59:00 [INFO] 图像最大值: 255
2026-06-04 18:59:00 [INFO] 图像最小值: 0
2026-06-04 18:59:00 [INFO] 开始保存检测结果图像: 图像尺寸=(2160, 3840, 3), 类型=uint8, 路径=C:\code\show\Scrap_Steel_In_Field\photos\dangerous_det\detection_20260604_185900.jpg
2026-06-04 18:59:00 [INFO] 成功保存检测结果到: C:\code\show\Scrap_Steel_In_Field\photos\dangerous_det\detection_20260604_185900.jpg
2026-06-04 18:59:00 [INFO] 保存的检测结果文件大小: 2251409 字节
2026-06-04 18:59:00 [INFO] 引擎上下文已释放
2026-06-04 18:59:00 [INFO] TensorRT 引擎已释放
2026-06-04 18:59:00 [INFO] 全局 CUDA 资源已释放
2026-06-04 18:59:00 [INFO] 检测系统资源已释放
2026-06-04 18:59:05 [INFO] CUDA 初始化成功
2026-06-04 18:59:05 [INFO] 引擎加载成功: dangerous.engine
2026-06-04 18:59:05 [INFO] 检测系统初始化成功
2026-06-04 18:59:05 [INFO] 图像预处理完成，原始尺寸: (2160, 3840)
2026-06-04 18:59:05 [INFO] 开始执行目标检测...
2026-06-04 18:59:05 [INFO] 检测完成，找到 4 个物体
2026-06-04 18:59:05 [INFO] 物体 1: GasCyl1 (置信度: 0.90)
2026-06-04 18:59:05 [INFO] 物体 2: GasCyl1 (置信度: 0.81)
2026-06-04 18:59:05 [INFO] 物体 3: FireExt1 (置信度: 0.45)
2026-06-04 18:59:05 [INFO] 物体 4: FireExt1 (置信度: 0.37)
2026-06-04 18:59:05 [INFO] 检测到车兜区域，将过滤区域外的目标
2026-06-04 18:59:05 [INFO] 车兜区域过滤: 4 -> 3 个目标
2026-06-04 18:59:05 [INFO] 准备保存检测结果到: C:\code\show\Scrap_Steel_In_Field\photos\dangerous_det\detection_20260604_185905.jpg
2026-06-04 18:59:05 [INFO] 图像形状: (2160, 3840, 3)
2026-06-04 18:59:05 [INFO] 图像数据类型: uint8
2026-06-04 18:59:05 [INFO] 图像最大值: 255
2026-06-04 18:59:05 [INFO] 图像最小值: 0
2026-06-04 18:59:05 [INFO] 开始保存检测结果图像: 图像尺寸=(2160, 3840, 3), 类型=uint8, 路径=C:\code\show\Scrap_Steel_In_Field\photos\dangerous_det\detection_20260604_185905.jpg
2026-06-04 18:59:05 [INFO] 成功保存检测结果到: C:\code\show\Scrap_Steel_In_Field\photos\dangerous_det\detection_20260604_185905.jpg
2026-06-04 18:59:05 [INFO] 保存的检测结果文件大小: 2250763 字节
2026-06-04 18:59:05 [INFO] 引擎上下文已释放
2026-06-04 18:59:05 [INFO] TensorRT 引擎已释放
2026-06-04 18:59:05 [INFO] 全局 CUDA 资源已释放
2026-06-04 18:59:05 [INFO] 检测系统资源已释放
2026-06-04 18:59:11 [INFO] CUDA 初始化成功
2026-06-04 18:59:11 [INFO] 引擎加载成功: dangerous.engine
2026-06-04 18:59:11 [INFO] 检测系统初始化成功
2026-06-04 18:59:11 [INFO] 图像预处理完成，原始尺寸: (2160, 3840)
2026-06-04 18:59:11 [INFO] 开始执行目标检测...
2026-06-04 18:59:11 [INFO] 检测完成，找到 5 个物体
2026-06-04 18:59:11 [INFO] 物体 1: GasCyl1 (置信度: 0.89)
2026-06-04 18:59:11 [INFO] 物体 2: GasCyl1 (置信度: 0.81)
2026-06-04 18:59:11 [INFO] 物体 3: GasCyl1 (置信度: 0.48)
2026-06-04 18:59:11 [INFO] 物体 4: FireExt1 (置信度: 0.42)
2026-06-04 18:59:11 [INFO] 物体 5: FireExt1 (置信度: 0.37)
2026-06-04 18:59:11 [INFO] 检测到车兜区域，将过滤区域外的目标
2026-06-04 18:59:11 [INFO] 车兜区域过滤: 5 -> 4 个目标
2026-06-04 18:59:11 [INFO] 准备保存检测结果到: C:\code\show\Scrap_Steel_In_Field\photos\dangerous_det\detection_20260604_185911.jpg
2026-06-04 18:59:11 [INFO] 图像形状: (2160, 3840, 3)
2026-06-04 18:59:11 [INFO] 图像数据类型: uint8
2026-06-04 18:59:11 [INFO] 图像最大值: 255
2026-06-04 18:59:11 [INFO] 图像最小值: 0
2026-06-04 18:59:11 [INFO] 开始保存检测结果图像: 图像尺寸=(2160, 3840, 3), 类型=uint8, 路径=C:\code\show\Scrap_Steel_In_Field\photos\dangerous_det\detection_20260604_185911.jpg
2026-06-04 18:59:11 [INFO] 成功保存检测结果到: C:\code\show\Scrap_Steel_In_Field\photos\dangerous_det\detection_20260604_185911.jpg
2026-06-04 18:59:11 [INFO] 保存的检测结果文件大小: 2257893 字节
2026-06-04 18:59:11 [INFO] 引擎上下文已释放
2026-06-04 18:59:11 [INFO] TensorRT 引擎已释放
2026-06-04 18:59:11 [INFO] 全局 CUDA 资源已释放
2026-06-04 18:59:11 [INFO] 检测系统资源已释放
2026-06-04 18:59:16 [INFO] CUDA 初始化成功
2026-06-04 18:59:16 [INFO] 引擎加载成功: dangerous.engine
2026-06-04 18:59:16 [INFO] 检测系统初始化成功
2026-06-04 18:59:16 [INFO] 图像预处理完成，原始尺寸: (2160, 3840)
2026-06-04 18:59:16 [INFO] 开始执行目标检测...
2026-06-04 18:59:16 [INFO] 检测完成，找到 4 个物体
2026-06-04 18:59:16 [INFO] 物体 1: GasCyl1 (置信度: 0.90)
2026-06-04 18:59:16 [INFO] 物体 2: GasCyl1 (置信度: 0.81)
2026-06-04 18:59:16 [INFO] 物体 3: FireExt1 (置信度: 0.44)
2026-06-04 18:59:16 [INFO] 物体 4: FireExt1 (置信度: 0.36)
2026-06-04 18:59:16 [INFO] 检测到车兜区域，将过滤区域外的目标
2026-06-04 18:59:16 [INFO] 车兜区域过滤: 4 -> 3 个目标
2026-06-04 18:59:16 [INFO] 准备保存检测结果到: C:\code\show\Scrap_Steel_In_Field\photos\dangerous_det\detection_20260604_185916.jpg
2026-06-04 18:59:16 [INFO] 图像形状: (2160, 3840, 3)
2026-06-04 18:59:16 [INFO] 图像数据类型: uint8
2026-06-04 18:59:16 [INFO] 图像最大值: 255
2026-06-04 18:59:16 [INFO] 图像最小值: 0
2026-06-04 18:59:16 [INFO] 开始保存检测结果图像: 图像尺寸=(2160, 3840, 3), 类型=uint8, 路径=C:\code\show\Scrap_Steel_In_Field\photos\dangerous_det\detection_20260604_185916.jpg
2026-06-04 18:59:16 [INFO] 成功保存检测结果到: C:\code\show\Scrap_Steel_In_Field\photos\dangerous_det\detection_20260604_185916.jpg
2026-06-04 18:59:16 [INFO] 保存的检测结果文件大小: 2254840 字节
2026-06-04 18:59:16 [INFO] 引擎上下文已释放
2026-06-04 18:59:16 [INFO] TensorRT 引擎已释放
2026-06-04 18:59:16 [INFO] 全局 CUDA 资源已释放
2026-06-04 18:59:16 [INFO] 检测系统资源已释放
2026-06-04 18:59:21 [INFO] CUDA 初始化成功
2026-06-04 18:59:21 [INFO] 引擎加载成功: dangerous.engine
2026-06-04 18:59:21 [INFO] 检测系统初始化成功
2026-06-04 18:59:21 [INFO] 图像预处理完成，原始尺寸: (2160, 3840)
2026-06-04 18:59:21 [INFO] 开始执行目标检测...
2026-06-04 18:59:21 [INFO] 检测完成，找到 5 个物体
2026-06-04 18:59:21 [INFO] 物体 1: GasCyl1 (置信度: 0.89)
2026-06-04 18:59:21 [INFO] 物体 2: GasCyl1 (置信度: 0.84)
2026-06-04 18:59:21 [INFO] 物体 3: GasCyl1 (置信度: 0.49)
2026-06-04 18:59:21 [INFO] 物体 4: FireExt1 (置信度: 0.44)
2026-06-04 18:59:21 [INFO] 物体 5: FireExt1 (置信度: 0.41)
2026-06-04 18:59:21 [INFO] 检测到车兜区域，将过滤区域外的目标
2026-06-04 18:59:21 [INFO] 车兜区域过滤: 5 -> 4 个目标
2026-06-04 18:59:21 [INFO] 准备保存检测结果到: C:\code\show\Scrap_Steel_In_Field\photos\dangerous_det\detection_20260604_185921.jpg
2026-06-04 18:59:21 [INFO] 图像形状: (2160, 3840, 3)
2026-06-04 18:59:21 [INFO] 图像数据类型: uint8
2026-06-04 18:59:21 [INFO] 图像最大值: 255
2026-06-04 18:59:21 [INFO] 图像最小值: 0
2026-06-04 18:59:21 [INFO] 开始保存检测结果图像: 图像尺寸=(2160, 3840, 3), 类型=uint8, 路径=C:\code\show\Scrap_Steel_In_Field\photos\dangerous_det\detection_20260604_185921.jpg
2026-06-04 18:59:21 [INFO] 成功保存检测结果到: C:\code\show\Scrap_Steel_In_Field\photos\dangerous_det\detection_20260604_185921.jpg
2026-06-04 18:59:21 [INFO] 保存的检测结果文件大小: 2259082 字节
2026-06-04 18:59:21 [INFO] 引擎上下文已释放
2026-06-04 18:59:21 [INFO] TensorRT 引擎已释放
2026-06-04 18:59:21 [INFO] 全局 CUDA 资源已释放
2026-06-04 18:59:21 [INFO] 检测系统资源已释放
2026-06-04 18:59:26 [INFO] CUDA 初始化成功
2026-06-04 18:59:26 [INFO] 引擎加载成功: dangerous.engine
2026-06-04 18:59:26 [INFO] 检测系统初始化成功
2026-06-04 18:59:26 [INFO] 图像预处理完成，原始尺寸: (2160, 3840)
2026-06-04 18:59:26 [INFO] 开始执行目标检测...
2026-06-04 18:59:26 [INFO] 检测完成，找到 5 个物体
2026-06-04 18:59:26 [INFO] 物体 1: GasCyl1 (置信度: 0.90)
2026-06-04 18:59:26 [INFO] 物体 2: GasCyl1 (置信度: 0.83)
2026-06-04 18:59:26 [INFO] 物体 3: FireExt1 (置信度: 0.44)
2026-06-04 18:59:26 [INFO] 物体 4: GasCyl1 (置信度: 0.43)
2026-06-04 18:59:26 [INFO] 物体 5: FireExt1 (置信度: 0.37)
2026-06-04 18:59:26 [INFO] 检测到车兜区域，将过滤区域外的目标
2026-06-04 18:59:26 [INFO] 车兜区域过滤: 5 -> 4 个目标
2026-06-04 18:59:26 [INFO] 准备保存检测结果到: C:\code\show\Scrap_Steel_In_Field\photos\dangerous_det\detection_20260604_185926.jpg
2026-06-04 18:59:26 [INFO] 图像形状: (2160, 3840, 3)
2026-06-04 18:59:26 [INFO] 图像数据类型: uint8
2026-06-04 18:59:26 [INFO] 图像最大值: 255
2026-06-04 18:59:26 [INFO] 图像最小值: 0
2026-06-04 18:59:26 [INFO] 开始保存检测结果图像: 图像尺寸=(2160, 3840, 3), 类型=uint8, 路径=C:\code\show\Scrap_Steel_In_Field\photos\dangerous_det\detection_20260604_185926.jpg
2026-06-04 18:59:26 [INFO] 成功保存检测结果到: C:\code\show\Scrap_Steel_In_Field\photos\dangerous_det\detection_20260604_185926.jpg
2026-06-04 18:59:26 [INFO] 保存的检测结果文件大小: 2252106 字节
2026-06-04 18:59:26 [INFO] 引擎上下文已释放
2026-06-04 18:59:26 [INFO] TensorRT 引擎已释放
2026-06-04 18:59:26 [INFO] 全局 CUDA 资源已释放
2026-06-04 18:59:26 [INFO] 检测系统资源已释放
2026-06-04 18:59:32 [INFO] CUDA 初始化成功
2026-06-04 18:59:32 [INFO] 引擎加载成功: dangerous.engine
2026-06-04 18:59:32 [INFO] 检测系统初始化成功
2026-06-04 18:59:32 [INFO] 图像预处理完成，原始尺寸: (2160, 3840)
2026-06-04 18:59:32 [INFO] 开始执行目标检测...
2026-06-04 18:59:32 [INFO] 检测完成，找到 4 个物体
2026-06-04 18:59:32 [INFO] 物体 1: GasCyl1 (置信度: 0.89)
2026-06-04 18:59:32 [INFO] 物体 2: GasCyl1 (置信度: 0.82)
2026-06-04 18:59:32 [INFO] 物体 3: FireExt1 (置信度: 0.46)
2026-06-04 18:59:32 [INFO] 物体 4: FireExt1 (置信度: 0.37)
2026-06-04 18:59:32 [INFO] 检测到车兜区域，将过滤区域外的目标
2026-06-04 18:59:32 [INFO] 车兜区域过滤: 4 -> 3 个目标
2026-06-04 18:59:32 [INFO] 准备保存检测结果到: C:\code\show\Scrap_Steel_In_Field\photos\dangerous_det\detection_20260604_185932.jpg
2026-06-04 18:59:32 [INFO] 图像形状: (2160, 3840, 3)
2026-06-04 18:59:32 [INFO] 图像数据类型: uint8
2026-06-04 18:59:32 [INFO] 图像最大值: 255
2026-06-04 18:59:32 [INFO] 图像最小值: 0
2026-06-04 18:59:32 [INFO] 开始保存检测结果图像: 图像尺寸=(2160, 3840, 3), 类型=uint8, 路径=C:\code\show\Scrap_Steel_In_Field\photos\dangerous_det\detection_20260604_185932.jpg
2026-06-04 18:59:32 [INFO] 成功保存检测结果到: C:\code\show\Scrap_Steel_In_Field\photos\dangerous_det\detection_20260604_185932.jpg
2026-06-04 18:59:32 [INFO] 保存的检测结果文件大小: 2249636 字节
2026-06-04 18:59:32 [INFO] 引擎上下文已释放
2026-06-04 18:59:32 [INFO] TensorRT 引擎已释放
2026-06-04 18:59:32 [INFO] 全局 CUDA 资源已释放
2026-06-04 18:59:32 [INFO] 检测系统资源已释放
2026-06-04 18:59:37 [INFO] CUDA 初始化成功
2026-06-04 18:59:37 [INFO] 引擎加载成功: dangerous.engine
2026-06-04 18:59:37 [INFO] 检测系统初始化成功
2026-06-04 18:59:37 [INFO] 图像预处理完成，原始尺寸: (2160, 3840)
2026-06-04 18:59:37 [INFO] 开始执行目标检测...
2026-06-04 18:59:37 [INFO] 检测完成，找到 5 个物体
2026-06-04 18:59:37 [INFO] 物体 1: GasCyl1 (置信度: 0.90)
2026-06-04 18:59:37 [INFO] 物体 2: GasCyl1 (置信度: 0.77)
2026-06-04 18:59:37 [INFO] 物体 3: GasCyl1 (置信度: 0.48)
2026-06-04 18:59:37 [INFO] 物体 4: FireExt1 (置信度: 0.41)
2026-06-04 18:59:37 [INFO] 物体 5: FireExt1 (置信度: 0.38)
2026-06-04 18:59:37 [INFO] 检测到车兜区域，将过滤区域外的目标
2026-06-04 18:59:37 [INFO] 车兜区域过滤: 5 -> 4 个目标
2026-06-04 18:59:37 [INFO] 准备保存检测结果到: C:\code\show\Scrap_Steel_In_Field\photos\dangerous_det\detection_20260604_185937.jpg
2026-06-04 18:59:37 [INFO] 图像形状: (2160, 3840, 3)
2026-06-04 18:59:37 [INFO] 图像数据类型: uint8
2026-06-04 18:59:37 [INFO] 图像最大值: 255
2026-06-04 18:59:37 [INFO] 图像最小值: 0
2026-06-04 18:59:37 [INFO] 开始保存检测结果图像: 图像尺寸=(2160, 3840, 3), 类型=uint8, 路径=C:\code\show\Scrap_Steel_In_Field\photos\dangerous_det\detection_20260604_185937.jpg
2026-06-04 18:59:37 [INFO] 成功保存检测结果到: C:\code\show\Scrap_Steel_In_Field\photos\dangerous_det\detection_20260604_185937.jpg
2026-06-04 18:59:37 [INFO] 保存的检测结果文件大小: 2254579 字节
2026-06-04 18:59:37 [INFO] 引擎上下文已释放
2026-06-04 18:59:37 [INFO] TensorRT 引擎已释放
2026-06-04 18:59:37 [INFO] 全局 CUDA 资源已释放
2026-06-04 18:59:37 [INFO] 检测系统资源已释放
2026-06-04 18:59:42 [INFO] CUDA 初始化成功
2026-06-04 18:59:42 [INFO] 引擎加载成功: dangerous.engine
2026-06-04 18:59:42 [INFO] 检测系统初始化成功
2026-06-04 18:59:42 [INFO] 图像预处理完成，原始尺寸: (2160, 3840)
2026-06-04 18:59:42 [INFO] 开始执行目标检测...
2026-06-04 18:59:42 [INFO] 检测完成，找到 4 个物体
2026-06-04 18:59:42 [INFO] 物体 1: GasCyl1 (置信度: 0.91)
2026-06-04 18:59:42 [INFO] 物体 2: GasCyl1 (置信度: 0.81)
2026-06-04 18:59:42 [INFO] 物体 3: FireExt1 (置信度: 0.45)
2026-06-04 18:59:42 [INFO] 物体 4: FireExt1 (置信度: 0.42)
2026-06-04 18:59:42 [INFO] 检测到车兜区域，将过滤区域外的目标
2026-06-04 18:59:42 [INFO] 车兜区域过滤: 4 -> 3 个目标
2026-06-04 18:59:42 [INFO] 准备保存检测结果到: C:\code\show\Scrap_Steel_In_Field\photos\dangerous_det\detection_20260604_185942.jpg
2026-06-04 18:59:42 [INFO] 图像形状: (2160, 3840, 3)
2026-06-04 18:59:42 [INFO] 图像数据类型: uint8
2026-06-04 18:59:42 [INFO] 图像最大值: 255
2026-06-04 18:59:42 [INFO] 图像最小值: 0
2026-06-04 18:59:42 [INFO] 开始保存检测结果图像: 图像尺寸=(2160, 3840, 3), 类型=uint8, 路径=C:\code\show\Scrap_Steel_In_Field\photos\dangerous_det\detection_20260604_185942.jpg
2026-06-04 18:59:42 [INFO] 成功保存检测结果到: C:\code\show\Scrap_Steel_In_Field\photos\dangerous_det\detection_20260604_185942.jpg
2026-06-04 18:59:42 [INFO] 保存的检测结果文件大小: 2248237 字节
2026-06-04 18:59:42 [INFO] 引擎上下文已释放
2026-06-04 18:59:42 [INFO] TensorRT 引擎已释放
2026-06-04 18:59:42 [INFO] 全局 CUDA 资源已释放
2026-06-04 18:59:42 [INFO] 检测系统资源已释放
2026-06-04 18:59:48 [INFO] CUDA 初始化成功
2026-06-04 18:59:48 [INFO] 引擎加载成功: dangerous.engine
2026-06-04 18:59:48 [INFO] 检测系统初始化成功
2026-06-04 18:59:48 [INFO] 图像预处理完成，原始尺寸: (2160, 3840)
2026-06-04 18:59:48 [INFO] 开始执行目标检测...
2026-06-04 18:59:48 [INFO] 检测完成，找到 5 个物体
2026-06-04 18:59:48 [INFO] 物体 1: GasCyl1 (置信度: 0.90)
2026-06-04 18:59:48 [INFO] 物体 2: GasCyl1 (置信度: 0.77)
2026-06-04 18:59:48 [INFO] 物体 3: GasCyl1 (置信度: 0.50)
2026-06-04 18:59:48 [INFO] 物体 4: FireExt1 (置信度: 0.42)
2026-06-04 18:59:48 [INFO] 物体 5: FireExt1 (置信度: 0.36)
2026-06-04 18:59:48 [INFO] 检测到车兜区域，将过滤区域外的目标
2026-06-04 18:59:48 [INFO] 车兜区域过滤: 5 -> 4 个目标
2026-06-04 18:59:48 [INFO] 准备保存检测结果到: C:\code\show\Scrap_Steel_In_Field\photos\dangerous_det\detection_20260604_185948.jpg
2026-06-04 18:59:48 [INFO] 图像形状: (2160, 3840, 3)
2026-06-04 18:59:48 [INFO] 图像数据类型: uint8
2026-06-04 18:59:48 [INFO] 图像最大值: 255
2026-06-04 18:59:48 [INFO] 图像最小值: 0
2026-06-04 18:59:48 [INFO] 开始保存检测结果图像: 图像尺寸=(2160, 3840, 3), 类型=uint8, 路径=C:\code\show\Scrap_Steel_In_Field\photos\dangerous_det\detection_20260604_185948.jpg
2026-06-04 18:59:48 [INFO] 成功保存检测结果到: C:\code\show\Scrap_Steel_In_Field\photos\dangerous_det\detection_20260604_185948.jpg
2026-06-04 18:59:48 [INFO] 保存的检测结果文件大小: 2255539 字节
2026-06-04 18:59:48 [INFO] 引擎上下文已释放
2026-06-04 18:59:48 [INFO] TensorRT 引擎已释放
2026-06-04 18:59:48 [INFO] 全局 CUDA 资源已释放
2026-06-04 18:59:48 [INFO] 检测系统资源已释放
2026-06-04 18:59:53 [INFO] CUDA 初始化成功
2026-06-04 18:59:53 [INFO] 引擎加载成功: dangerous.engine
2026-06-04 18:59:53 [INFO] 检测系统初始化成功
2026-06-04 18:59:53 [INFO] 图像预处理完成，原始尺寸: (2160, 3840)
2026-06-04 18:59:53 [INFO] 开始执行目标检测...
2026-06-04 18:59:53 [INFO] 检测完成，找到 5 个物体
2026-06-04 18:59:53 [INFO] 物体 1: GasCyl1 (置信度: 0.90)
2026-06-04 18:59:53 [INFO] 物体 2: GasCyl1 (置信度: 0.82)
2026-06-04 18:59:53 [INFO] 物体 3: GasCyl1 (置信度: 0.53)
2026-06-04 18:59:53 [INFO] 物体 4: FireExt1 (置信度: 0.43)
2026-06-04 18:59:53 [INFO] 物体 5: FireExt1 (置信度: 0.42)
2026-06-04 18:59:53 [INFO] 检测到车兜区域，将过滤区域外的目标
2026-06-04 18:59:53 [INFO] 车兜区域过滤: 5 -> 4 个目标
2026-06-04 18:59:53 [INFO] 准备保存检测结果到: C:\code\show\Scrap_Steel_In_Field\photos\dangerous_det\detection_20260604_185953.jpg
2026-06-04 18:59:53 [INFO] 图像形状: (2160, 3840, 3)
2026-06-04 18:59:53 [INFO] 图像数据类型: uint8
2026-06-04 18:59:53 [INFO] 图像最大值: 255
2026-06-04 18:59:53 [INFO] 图像最小值: 0
2026-06-04 18:59:53 [INFO] 开始保存检测结果图像: 图像尺寸=(2160, 3840, 3), 类型=uint8, 路径=C:\code\show\Scrap_Steel_In_Field\photos\dangerous_det\detection_20260604_185953.jpg
2026-06-04 18:59:53 [INFO] 成功保存检测结果到: C:\code\show\Scrap_Steel_In_Field\photos\dangerous_det\detection_20260604_185953.jpg
2026-06-04 18:59:53 [INFO] 保存的检测结果文件大小: 2254945 字节
2026-06-04 18:59:53 [INFO] 引擎上下文已释放
2026-06-04 18:59:53 [INFO] TensorRT 引擎已释放
2026-06-04 18:59:53 [INFO] 全局 CUDA 资源已释放
2026-06-04 18:59:53 [INFO] 检测系统资源已释放
2026-06-04 18:59:58 [INFO] CUDA 初始化成功
2026-06-04 18:59:58 [INFO] 引擎加载成功: dangerous.engine
2026-06-04 18:59:58 [INFO] 检测系统初始化成功
2026-06-04 18:59:58 [INFO] 图像预处理完成，原始尺寸: (2160, 3840)
2026-06-04 18:59:58 [INFO] 开始执行目标检测...
2026-06-04 18:59:58 [INFO] 检测完成，找到 5 个物体
2026-06-04 18:59:58 [INFO] 物体 1: GasCyl1 (置信度: 0.89)
2026-06-04 18:59:58 [INFO] 物体 2: GasCyl1 (置信度: 0.80)
2026-06-04 18:59:58 [INFO] 物体 3: GasCyl1 (置信度: 0.51)
2026-06-04 18:59:58 [INFO] 物体 4: FireExt1 (置信度: 0.47)
2026-06-04 18:59:58 [INFO] 物体 5: FireExt1 (置信度: 0.41)
2026-06-04 18:59:58 [INFO] 检测到车兜区域，将过滤区域外的目标
2026-06-04 18:59:58 [INFO] 车兜区域过滤: 5 -> 4 个目标
2026-06-04 18:59:58 [INFO] 准备保存检测结果到: C:\code\show\Scrap_Steel_In_Field\photos\dangerous_det\detection_20260604_185958.jpg
2026-06-04 18:59:58 [INFO] 图像形状: (2160, 3840, 3)
2026-06-04 18:59:58 [INFO] 图像数据类型: uint8
2026-06-04 18:59:58 [INFO] 图像最大值: 255
2026-06-04 18:59:58 [INFO] 图像最小值: 0
2026-06-04 18:59:58 [INFO] 开始保存检测结果图像: 图像尺寸=(2160, 3840, 3), 类型=uint8, 路径=C:\code\show\Scrap_Steel_In_Field\photos\dangerous_det\detection_20260604_185958.jpg
2026-06-04 18:59:58 [INFO] 成功保存检测结果到: C:\code\show\Scrap_Steel_In_Field\photos\dangerous_det\detection_20260604_185958.jpg
2026-06-04 18:59:58 [INFO] 保存的检测结果文件大小: 2257055 字节
2026-06-04 18:59:58 [INFO] 引擎上下文已释放
2026-06-04 18:59:58 [INFO] TensorRT 引擎已释放
2026-06-04 18:59:58 [INFO] 全局 CUDA 资源已释放
2026-06-04 18:59:58 [INFO] 检测系统资源已释放
2026-06-04 19:00:03 [INFO] CUDA 初始化成功
2026-06-04 19:00:03 [INFO] 引擎加载成功: dangerous.engine
2026-06-04 19:00:03 [INFO] 检测系统初始化成功
2026-06-04 19:00:04 [INFO] 图像预处理完成，原始尺寸: (2160, 3840)
2026-06-04 19:00:04 [INFO] 开始执行目标检测...
2026-06-04 19:00:04 [INFO] 检测完成，找到 5 个物体
2026-06-04 19:00:04 [INFO] 物体 1: GasCyl1 (置信度: 0.90)
2026-06-04 19:00:04 [INFO] 物体 2: GasCyl1 (置信度: 0.82)
2026-06-04 19:00:04 [INFO] 物体 3: FireExt1 (置信度: 0.42)
2026-06-04 19:00:04 [INFO] 物体 4: FireExt1 (置信度: 0.37)
2026-06-04 19:00:04 [INFO] 物体 5: GasCyl1 (置信度: 0.35)
2026-06-04 19:00:04 [INFO] 检测到车兜区域，将过滤区域外的目标
2026-06-04 19:00:04 [INFO] 车兜区域过滤: 5 -> 4 个目标
2026-06-04 19:00:04 [INFO] 准备保存检测结果到: C:\code\show\Scrap_Steel_In_Field\photos\dangerous_det\detection_20260604_190004.jpg
2026-06-04 19:00:04 [INFO] 图像形状: (2160, 3840, 3)
2026-06-04 19:00:04 [INFO] 图像数据类型: uint8
2026-06-04 19:00:04 [INFO] 图像最大值: 255
2026-06-04 19:00:04 [INFO] 图像最小值: 0
2026-06-04 19:00:04 [INFO] 开始保存检测结果图像: 图像尺寸=(2160, 3840, 3), 类型=uint8, 路径=C:\code\show\Scrap_Steel_In_Field\photos\dangerous_det\detection_20260604_190004.jpg
2026-06-04 19:00:04 [INFO] 成功保存检测结果到: C:\code\show\Scrap_Steel_In_Field\photos\dangerous_det\detection_20260604_190004.jpg
2026-06-04 19:00:04 [INFO] 保存的检测结果文件大小: 2252911 字节
2026-06-04 19:00:04 [INFO] 引擎上下文已释放
2026-06-04 19:00:04 [INFO] TensorRT 引擎已释放
2026-06-04 19:00:04 [INFO] 全局 CUDA 资源已释放
2026-06-04 19:00:04 [INFO] 检测系统资源已释放
2026-06-04 19:00:08 [INFO] CUDA 初始化成功
2026-06-04 19:00:08 [INFO] 引擎加载成功: dangerous.engine
2026-06-04 19:00:08 [INFO] 检测系统初始化成功
2026-06-04 19:00:08 [INFO] 图像预处理完成，原始尺寸: (2160, 3840)
2026-06-04 19:00:08 [INFO] 开始执行目标检测...
2026-06-04 19:00:09 [INFO] 检测完成，找到 6 个物体
2026-06-04 19:00:09 [INFO] 物体 1: GasCyl1 (置信度: 0.90)
2026-06-04 19:00:09 [INFO] 物体 2: GasCyl1 (置信度: 0.81)
2026-06-04 19:00:09 [INFO] 物体 3: GasCyl1 (置信度: 0.54)
2026-06-04 19:00:09 [INFO] 物体 4: FireExt1 (置信度: 0.41)
2026-06-04 19:00:09 [INFO] 物体 5: FireExt1 (置信度: 0.41)
2026-06-04 19:00:09 [INFO] 物体 6: GasCyl1 (置信度: 0.40)
2026-06-04 19:00:09 [INFO] 检测到车兜区域，将过滤区域外的目标
2026-06-04 19:00:09 [INFO] 车兜区域过滤: 6 -> 5 个目标
2026-06-04 19:00:09 [INFO] 准备保存检测结果到: C:\code\show\Scrap_Steel_In_Field\photos\dangerous_det\detection_20260604_190009.jpg
2026-06-04 19:00:09 [INFO] 图像形状: (2160, 3840, 3)
2026-06-04 19:00:09 [INFO] 图像数据类型: uint8
2026-06-04 19:00:09 [INFO] 图像最大值: 255
2026-06-04 19:00:09 [INFO] 图像最小值: 0
2026-06-04 19:00:09 [INFO] 开始保存检测结果图像: 图像尺寸=(2160, 3840, 3), 类型=uint8, 路径=C:\code\show\Scrap_Steel_In_Field\photos\dangerous_det\detection_20260604_190009.jpg
2026-06-04 19:00:09 [INFO] 成功保存检测结果到: C:\code\show\Scrap_Steel_In_Field\photos\dangerous_det\detection_20260604_190009.jpg
2026-06-04 19:00:09 [INFO] 保存的检测结果文件大小: 2258097 字节
2026-06-04 19:00:09 [INFO] 引擎上下文已释放
2026-06-04 19:00:09 [INFO] TensorRT 引擎已释放
2026-06-04 19:00:09 [INFO] 全局 CUDA 资源已释放
2026-06-04 19:00:09 [INFO] 检测系统资源已释放
2026-06-04 19:00:14 [INFO] CUDA 初始化成功
2026-06-04 19:00:14 [INFO] 引擎加载成功: dangerous.engine
2026-06-04 19:00:14 [INFO] 检测系统初始化成功
2026-06-04 19:00:14 [INFO] 图像预处理完成，原始尺寸: (2160, 3840)
2026-06-04 19:00:14 [INFO] 开始执行目标检测...
2026-06-04 19:00:14 [INFO] 检测完成，找到 4 个物体
2026-06-04 19:00:14 [INFO] 物体 1: GasCyl1 (置信度: 0.91)
2026-06-04 19:00:14 [INFO] 物体 2: GasCyl1 (置信度: 0.80)
2026-06-04 19:00:14 [INFO] 物体 3: FireExt1 (置信度: 0.44)
2026-06-04 19:00:14 [INFO] 物体 4: FireExt1 (置信度: 0.41)
2026-06-04 19:00:14 [INFO] 检测到车兜区域，将过滤区域外的目标
2026-06-04 19:00:14 [INFO] 车兜区域过滤: 4 -> 3 个目标
2026-06-04 19:00:14 [INFO] 准备保存检测结果到: C:\code\show\Scrap_Steel_In_Field\photos\dangerous_det\detection_20260604_190014.jpg
2026-06-04 19:00:14 [INFO] 图像形状: (2160, 3840, 3)
2026-06-04 19:00:14 [INFO] 图像数据类型: uint8
2026-06-04 19:00:14 [INFO] 图像最大值: 255
2026-06-04 19:00:14 [INFO] 图像最小值: 0
2026-06-04 19:00:14 [INFO] 开始保存检测结果图像: 图像尺寸=(2160, 3840, 3), 类型=uint8, 路径=C:\code\show\Scrap_Steel_In_Field\photos\dangerous_det\detection_20260604_190014.jpg
2026-06-04 19:00:14 [INFO] 成功保存检测结果到: C:\code\show\Scrap_Steel_In_Field\photos\dangerous_det\detection_20260604_190014.jpg
2026-06-04 19:00:14 [INFO] 保存的检测结果文件大小: 2252529 字节
2026-06-04 19:00:14 [INFO] 引擎上下文已释放
2026-06-04 19:00:14 [INFO] TensorRT 引擎已释放
2026-06-04 19:00:14 [INFO] 全局 CUDA 资源已释放
2026-06-04 19:00:14 [INFO] 检测系统资源已释放
2026-06-04 19:00:19 [INFO] CUDA 初始化成功
2026-06-04 19:00:19 [INFO] 引擎加载成功: dangerous.engine
2026-06-04 19:00:19 [INFO] 检测系统初始化成功
2026-06-04 19:00:19 [INFO] 图像预处理完成，原始尺寸: (2160, 3840)
2026-06-04 19:00:19 [INFO] 开始执行目标检测...
2026-06-04 19:00:19 [INFO] 检测完成，找到 4 个物体
2026-06-04 19:00:19 [INFO] 物体 1: GasCyl1 (置信度: 0.90)
2026-06-04 19:00:19 [INFO] 物体 2: GasCyl1 (置信度: 0.81)
2026-06-04 19:00:19 [INFO] 物体 3: FireExt1 (置信度: 0.42)
2026-06-04 19:00:19 [INFO] 物体 4: FireExt1 (置信度: 0.37)
2026-06-04 19:00:19 [INFO] 检测到车兜区域，将过滤区域外的目标
2026-06-04 19:00:19 [INFO] 车兜区域过滤: 4 -> 3 个目标
2026-06-04 19:00:19 [INFO] 准备保存检测结果到: C:\code\show\Scrap_Steel_In_Field\photos\dangerous_det\detection_20260604_190019.jpg
2026-06-04 19:00:19 [INFO] 图像形状: (2160, 3840, 3)
2026-06-04 19:00:19 [INFO] 图像数据类型: uint8
2026-06-04 19:00:19 [INFO] 图像最大值: 255
2026-06-04 19:00:19 [INFO] 图像最小值: 0
2026-06-04 19:00:19 [INFO] 开始保存检测结果图像: 图像尺寸=(2160, 3840, 3), 类型=uint8, 路径=C:\code\show\Scrap_Steel_In_Field\photos\dangerous_det\detection_20260604_190019.jpg
2026-06-04 19:00:19 [INFO] 成功保存检测结果到: C:\code\show\Scrap_Steel_In_Field\photos\dangerous_det\detection_20260604_190019.jpg
2026-06-04 19:00:19 [INFO] 保存的检测结果文件大小: 2251443 字节
2026-06-04 19:00:19 [INFO] 引擎上下文已释放
2026-06-04 19:00:19 [INFO] TensorRT 引擎已释放
2026-06-04 19:00:19 [INFO] 全局 CUDA 资源已释放
2026-06-04 19:00:19 [INFO] 检测系统资源已释放
2026-06-04 19:00:24 [INFO] CUDA 初始化成功
2026-06-04 19:00:24 [INFO] 引擎加载成功: dangerous.engine
2026-06-04 19:00:24 [INFO] 检测系统初始化成功
2026-06-04 19:00:24 [INFO] 图像预处理完成，原始尺寸: (2160, 3840)
2026-06-04 19:00:24 [INFO] 开始执行目标检测...
2026-06-04 19:00:24 [INFO] 检测完成，找到 6 个物体
2026-06-04 19:00:24 [INFO] 物体 1: GasCyl1 (置信度: 0.90)
2026-06-04 19:00:24 [INFO] 物体 2: GasCyl1 (置信度: 0.75)
2026-06-04 19:00:24 [INFO] 物体 3: GasCyl1 (置信度: 0.38)
2026-06-04 19:00:24 [INFO] 物体 4: FireExt1 (置信度: 0.37)
2026-06-04 19:00:24 [INFO] 物体 5: FireExt1 (置信度: 0.36)
2026-06-04 19:00:24 [INFO] 物体 6: FireExt1 (置信度: 0.36)
2026-06-04 19:00:24 [INFO] 检测到车兜区域，将过滤区域外的目标
2026-06-04 19:00:24 [INFO] 车兜区域过滤: 6 -> 5 个目标
2026-06-04 19:00:24 [INFO] 准备保存检测结果到: C:\code\show\Scrap_Steel_In_Field\photos\dangerous_det\detection_20260604_190024.jpg
2026-06-04 19:00:24 [INFO] 图像形状: (2160, 3840, 3)
2026-06-04 19:00:24 [INFO] 图像数据类型: uint8
2026-06-04 19:00:24 [INFO] 图像最大值: 255
2026-06-04 19:00:24 [INFO] 图像最小值: 0
2026-06-04 19:00:24 [INFO] 开始保存检测结果图像: 图像尺寸=(2160, 3840, 3), 类型=uint8, 路径=C:\code\show\Scrap_Steel_In_Field\photos\dangerous_det\detection_20260604_190024.jpg
2026-06-04 19:00:24 [INFO] 成功保存检测结果到: C:\code\show\Scrap_Steel_In_Field\photos\dangerous_det\detection_20260604_190024.jpg
2026-06-04 19:00:24 [INFO] 保存的检测结果文件大小: 2260011 字节
2026-06-04 19:00:24 [INFO] 引擎上下文已释放
2026-06-04 19:00:24 [INFO] TensorRT 引擎已释放
2026-06-04 19:00:24 [INFO] 全局 CUDA 资源已释放
2026-06-04 19:00:24 [INFO] 检测系统资源已释放
2026-06-04 19:00:30 [INFO] CUDA 初始化成功
2026-06-04 19:00:30 [INFO] 引擎加载成功: dangerous.engine
2026-06-04 19:00:30 [INFO] 检测系统初始化成功
2026-06-04 19:00:30 [INFO] 图像预处理完成，原始尺寸: (2160, 3840)
2026-06-04 19:00:30 [INFO] 开始执行目标检测...
2026-06-04 19:00:30 [INFO] 检测完成，找到 4 个物体
2026-06-04 19:00:30 [INFO] 物体 1: GasCyl1 (置信度: 0.89)
2026-06-04 19:00:30 [INFO] 物体 2: GasCyl1 (置信度: 0.81)
2026-06-04 19:00:30 [INFO] 物体 3: GasCyl1 (置信度: 0.59)
2026-06-04 19:00:30 [INFO] 物体 4: FireExt1 (置信度: 0.47)
2026-06-04 19:00:30 [INFO] 检测到车兜区域，将过滤区域外的目标
2026-06-04 19:00:30 [INFO] 车兜区域过滤: 4 -> 3 个目标
2026-06-04 19:00:30 [INFO] 准备保存检测结果到: C:\code\show\Scrap_Steel_In_Field\photos\dangerous_det\detection_20260604_190030.jpg
2026-06-04 19:00:30 [INFO] 图像形状: (2160, 3840, 3)
2026-06-04 19:00:30 [INFO] 图像数据类型: uint8
2026-06-04 19:00:30 [INFO] 图像最大值: 255
2026-06-04 19:00:30 [INFO] 图像最小值: 0
2026-06-04 19:00:30 [INFO] 开始保存检测结果图像: 图像尺寸=(2160, 3840, 3), 类型=uint8, 路径=C:\code\show\Scrap_Steel_In_Field\photos\dangerous_det\detection_20260604_190030.jpg
2026-06-04 19:00:30 [INFO] 成功保存检测结果到: C:\code\show\Scrap_Steel_In_Field\photos\dangerous_det\detection_20260604_190030.jpg
2026-06-04 19:00:30 [INFO] 保存的检测结果文件大小: 2248550 字节
2026-06-04 19:00:30 [INFO] 引擎上下文已释放
2026-06-04 19:00:30 [INFO] TensorRT 引擎已释放
2026-06-04 19:00:30 [INFO] 全局 CUDA 资源已释放
2026-06-04 19:00:30 [INFO] 检测系统资源已释放
2026-06-04 19:00:35 [INFO] CUDA 初始化成功
2026-06-04 19:00:35 [INFO] 引擎加载成功: dangerous.engine
2026-06-04 19:00:35 [INFO] 检测系统初始化成功
2026-06-04 19:00:35 [INFO] 图像预处理完成，原始尺寸: (2160, 3840)
2026-06-04 19:00:35 [INFO] 开始执行目标检测...
2026-06-04 19:00:35 [INFO] 检测完成，找到 4 个物体
2026-06-04 19:00:35 [INFO] 物体 1: GasCyl1 (置信度: 0.90)
2026-06-04 19:00:35 [INFO] 物体 2: GasCyl1 (置信度: 0.80)
2026-06-04 19:00:35 [INFO] 物体 3: FireExt1 (置信度: 0.39)
2026-06-04 19:00:35 [INFO] 物体 4: FireExt1 (置信度: 0.39)
2026-06-04 19:00:35 [INFO] 检测到车兜区域，将过滤区域外的目标
2026-06-04 19:00:35 [INFO] 车兜区域过滤: 4 -> 3 个目标
2026-06-04 19:00:35 [INFO] 准备保存检测结果到: C:\code\show\Scrap_Steel_In_Field\photos\dangerous_det\detection_20260604_190035.jpg
2026-06-04 19:00:35 [INFO] 图像形状: (2160, 3840, 3)
2026-06-04 19:00:35 [INFO] 图像数据类型: uint8
2026-06-04 19:00:35 [INFO] 图像最大值: 255
2026-06-04 19:00:35 [INFO] 图像最小值: 0
2026-06-04 19:00:35 [INFO] 开始保存检测结果图像: 图像尺寸=(2160, 3840, 3), 类型=uint8, 路径=C:\code\show\Scrap_Steel_In_Field\photos\dangerous_det\detection_20260604_190035.jpg
2026-06-04 19:00:35 [INFO] 成功保存检测结果到: C:\code\show\Scrap_Steel_In_Field\photos\dangerous_det\detection_20260604_190035.jpg
2026-06-04 19:00:35 [INFO] 保存的检测结果文件大小: 2251108 字节
2026-06-04 19:00:35 [INFO] 引擎上下文已释放
2026-06-04 19:00:35 [INFO] TensorRT 引擎已释放
2026-06-04 19:00:35 [INFO] 全局 CUDA 资源已释放
2026-06-04 19:00:35 [INFO] 检测系统资源已释放
2026-06-04 19:00:40 [INFO] CUDA 初始化成功
2026-06-04 19:00:40 [INFO] 引擎加载成功: dangerous.engine
2026-06-04 19:00:40 [INFO] 检测系统初始化成功
2026-06-04 19:00:40 [INFO] 图像预处理完成，原始尺寸: (2160, 3840)
2026-06-04 19:00:40 [INFO] 开始执行目标检测...
2026-06-04 19:00:40 [INFO] 检测完成，找到 3 个物体
2026-06-04 19:00:40 [INFO] 物体 1: GasCyl1 (置信度: 0.90)
2026-06-04 19:00:40 [INFO] 物体 2: GasCyl1 (置信度: 0.78)
2026-06-04 19:00:40 [INFO] 物体 3: FireExt1 (置信度: 0.41)
2026-06-04 19:00:40 [INFO] 检测到车兜区域，将过滤区域外的目标
2026-06-04 19:00:40 [INFO] 车兜区域过滤: 3 -> 2 个目标
2026-06-04 19:00:40 [INFO] 准备保存检测结果到: C:\code\show\Scrap_Steel_In_Field\photos\dangerous_det\detection_20260604_190040.jpg
2026-06-04 19:00:40 [INFO] 图像形状: (2160, 3840, 3)
2026-06-04 19:00:40 [INFO] 图像数据类型: uint8
2026-06-04 19:00:40 [INFO] 图像最大值: 255
2026-06-04 19:00:40 [INFO] 图像最小值: 0
2026-06-04 19:00:40 [INFO] 开始保存检测结果图像: 图像尺寸=(2160, 3840, 3), 类型=uint8, 路径=C:\code\show\Scrap_Steel_In_Field\photos\dangerous_det\detection_20260604_190040.jpg
2026-06-04 19:00:40 [INFO] 成功保存检测结果到: C:\code\show\Scrap_Steel_In_Field\photos\dangerous_det\detection_20260604_190040.jpg
2026-06-04 19:00:40 [INFO] 保存的检测结果文件大小: 2249785 字节
2026-06-04 19:00:40 [INFO] 引擎上下文已释放
2026-06-04 19:00:40 [INFO] TensorRT 引擎已释放
2026-06-04 19:00:40 [INFO] 全局 CUDA 资源已释放
2026-06-04 19:00:40 [INFO] 检测系统资源已释放
2026-06-04 19:00:45 [INFO] CUDA 初始化成功
2026-06-04 19:00:45 [INFO] 引擎加载成功: dangerous.engine
2026-06-04 19:00:45 [INFO] 检测系统初始化成功
2026-06-04 19:00:45 [INFO] 图像预处理完成，原始尺寸: (2160, 3840)
2026-06-04 19:00:45 [INFO] 开始执行目标检测...
2026-06-04 19:00:45 [INFO] 检测完成，找到 4 个物体
2026-06-04 19:00:45 [INFO] 物体 1: GasCyl1 (置信度: 0.90)
2026-06-04 19:00:45 [INFO] 物体 2: GasCyl1 (置信度: 0.80)
2026-06-04 19:00:45 [INFO] 物体 3: FireExt1 (置信度: 0.45)
2026-06-04 19:00:45 [INFO] 物体 4: FireExt1 (置信度: 0.39)
2026-06-04 19:00:45 [INFO] 检测到车兜区域，将过滤区域外的目标
2026-06-04 19:00:45 [INFO] 车兜区域过滤: 4 -> 3 个目标
2026-06-04 19:00:45 [INFO] 准备保存检测结果到: C:\code\show\Scrap_Steel_In_Field\photos\dangerous_det\detection_20260604_190045.jpg
2026-06-04 19:00:45 [INFO] 图像形状: (2160, 3840, 3)
2026-06-04 19:00:45 [INFO] 图像数据类型: uint8
2026-06-04 19:00:45 [INFO] 图像最大值: 255
2026-06-04 19:00:45 [INFO] 图像最小值: 0
2026-06-04 19:00:45 [INFO] 开始保存检测结果图像: 图像尺寸=(2160, 3840, 3), 类型=uint8, 路径=C:\code\show\Scrap_Steel_In_Field\photos\dangerous_det\detection_20260604_190045.jpg
2026-06-04 19:00:45 [INFO] 成功保存检测结果到: C:\code\show\Scrap_Steel_In_Field\photos\dangerous_det\detection_20260604_190045.jpg
2026-06-04 19:00:45 [INFO] 保存的检测结果文件大小: 2253086 字节
2026-06-04 19:00:45 [INFO] 引擎上下文已释放
2026-06-04 19:00:45 [INFO] TensorRT 引擎已释放
2026-06-04 19:00:45 [INFO] 全局 CUDA 资源已释放
2026-06-04 19:00:45 [INFO] 检测系统资源已释放
2026-06-04 19:00:50 [INFO] CUDA 初始化成功
2026-06-04 19:00:50 [INFO] 引擎加载成功: dangerous.engine
2026-06-04 19:00:50 [INFO] 检测系统初始化成功
2026-06-04 19:00:50 [INFO] 图像预处理完成，原始尺寸: (2160, 3840)
2026-06-04 19:00:50 [INFO] 开始执行目标检测...
2026-06-04 19:00:50 [INFO] 检测完成，找到 5 个物体
2026-06-04 19:00:50 [INFO] 物体 1: GasCyl1 (置信度: 0.90)
2026-06-04 19:00:50 [INFO] 物体 2: GasCyl1 (置信度: 0.78)
2026-06-04 19:00:50 [INFO] 物体 3: GasCyl1 (置信度: 0.46)
2026-06-04 19:00:50 [INFO] 物体 4: FireExt1 (置信度: 0.41)
2026-06-04 19:00:50 [INFO] 物体 5: FireExt1 (置信度: 0.38)
2026-06-04 19:00:50 [INFO] 检测到车兜区域，将过滤区域外的目标
2026-06-04 19:00:50 [INFO] 车兜区域过滤: 5 -> 4 个目标
2026-06-04 19:00:50 [INFO] 准备保存检测结果到: C:\code\show\Scrap_Steel_In_Field\photos\dangerous_det\detection_20260604_190050.jpg
2026-06-04 19:00:50 [INFO] 图像形状: (2160, 3840, 3)
2026-06-04 19:00:50 [INFO] 图像数据类型: uint8
2026-06-04 19:00:50 [INFO] 图像最大值: 255
2026-06-04 19:00:50 [INFO] 图像最小值: 0
2026-06-04 19:00:50 [INFO] 开始保存检测结果图像: 图像尺寸=(2160, 3840, 3), 类型=uint8, 路径=C:\code\show\Scrap_Steel_In_Field\photos\dangerous_det\detection_20260604_190050.jpg
2026-06-04 19:00:50 [INFO] 成功保存检测结果到: C:\code\show\Scrap_Steel_In_Field\photos\dangerous_det\detection_20260604_190050.jpg
2026-06-04 19:00:50 [INFO] 保存的检测结果文件大小: 2253660 字节
2026-06-04 19:00:50 [INFO] 引擎上下文已释放
2026-06-04 19:00:50 [INFO] TensorRT 引擎已释放
2026-06-04 19:00:50 [INFO] 全局 CUDA 资源已释放
2026-06-04 19:00:50 [INFO] 检测系统资源已释放
2026-06-04 19:00:56 [INFO] CUDA 初始化成功
2026-06-04 19:00:56 [INFO] 引擎加载成功: dangerous.engine
2026-06-04 19:00:56 [INFO] 检测系统初始化成功
2026-06-04 19:00:56 [INFO] 图像预处理完成，原始尺寸: (2160, 3840)
2026-06-04 19:00:56 [INFO] 开始执行目标检测...
2026-06-04 19:00:56 [INFO] 检测完成，找到 5 个物体
2026-06-04 19:00:56 [INFO] 物体 1: GasCyl1 (置信度: 0.89)
2026-06-04 19:00:56 [INFO] 物体 2: GasCyl1 (置信度: 0.81)
2026-06-04 19:00:56 [INFO] 物体 3: GasCyl1 (置信度: 0.41)
2026-06-04 19:00:56 [INFO] 物体 4: FireExt1 (置信度: 0.40)
2026-06-04 19:00:56 [INFO] 物体 5: FireExt1 (置信度: 0.36)
2026-06-04 19:00:56 [INFO] 检测到车兜区域，将过滤区域外的目标
2026-06-04 19:00:56 [INFO] 车兜区域过滤: 5 -> 4 个目标
2026-06-04 19:00:56 [INFO] 准备保存检测结果到: C:\code\show\Scrap_Steel_In_Field\photos\dangerous_det\detection_20260604_190056.jpg
2026-06-04 19:00:56 [INFO] 图像形状: (2160, 3840, 3)
2026-06-04 19:00:56 [INFO] 图像数据类型: uint8
2026-06-04 19:00:56 [INFO] 图像最大值: 255
2026-06-04 19:00:56 [INFO] 图像最小值: 0
2026-06-04 19:00:56 [INFO] 开始保存检测结果图像: 图像尺寸=(2160, 3840, 3), 类型=uint8, 路径=C:\code\show\Scrap_Steel_In_Field\photos\dangerous_det\detection_20260604_190056.jpg
2026-06-04 19:00:56 [INFO] 成功保存检测结果到: C:\code\show\Scrap_Steel_In_Field\photos\dangerous_det\detection_20260604_190056.jpg
2026-06-04 19:00:56 [INFO] 保存的检测结果文件大小: 2255886 字节
2026-06-04 19:00:56 [INFO] 引擎上下文已释放
2026-06-04 19:00:56 [INFO] TensorRT 引擎已释放
2026-06-04 19:00:56 [INFO] 全局 CUDA 资源已释放
2026-06-04 19:00:56 [INFO] 检测系统资源已释放
2026-06-04 19:01:01 [INFO] CUDA 初始化成功
2026-06-04 19:01:01 [INFO] 引擎加载成功: dangerous.engine
2026-06-04 19:01:01 [INFO] 检测系统初始化成功
2026-06-04 19:01:01 [INFO] 图像预处理完成，原始尺寸: (2160, 3840)
2026-06-04 19:01:01 [INFO] 开始执行目标检测...
2026-06-04 19:01:01 [INFO] 检测完成，找到 5 个物体
2026-06-04 19:01:01 [INFO] 物体 1: GasCyl1 (置信度: 0.90)
2026-06-04 19:01:01 [INFO] 物体 2: GasCyl1 (置信度: 0.82)
2026-06-04 19:01:01 [INFO] 物体 3: FireExt1 (置信度: 0.46)
2026-06-04 19:01:01 [INFO] 物体 4: GasCyl1 (置信度: 0.38)
2026-06-04 19:01:01 [INFO] 物体 5: FireExt1 (置信度: 0.37)
2026-06-04 19:01:01 [INFO] 检测到车兜区域，将过滤区域外的目标
2026-06-04 19:01:01 [INFO] 车兜区域过滤: 5 -> 4 个目标
2026-06-04 19:01:01 [INFO] 准备保存检测结果到: C:\code\show\Scrap_Steel_In_Field\photos\dangerous_det\detection_20260604_190101.jpg
2026-06-04 19:01:01 [INFO] 图像形状: (2160, 3840, 3)
2026-06-04 19:01:01 [INFO] 图像数据类型: uint8
2026-06-04 19:01:01 [INFO] 图像最大值: 255
2026-06-04 19:01:01 [INFO] 图像最小值: 0
2026-06-04 19:01:01 [INFO] 开始保存检测结果图像: 图像尺寸=(2160, 3840, 3), 类型=uint8, 路径=C:\code\show\Scrap_Steel_In_Field\photos\dangerous_det\detection_20260604_190101.jpg
2026-06-04 19:01:01 [INFO] 成功保存检测结果到: C:\code\show\Scrap_Steel_In_Field\photos\dangerous_det\detection_20260604_190101.jpg
2026-06-04 19:01:01 [INFO] 保存的检测结果文件大小: 2254329 字节
2026-06-04 19:01:01 [INFO] 引擎上下文已释放
2026-06-04 19:01:01 [INFO] TensorRT 引擎已释放
2026-06-04 19:01:01 [INFO] 全局 CUDA 资源已释放
2026-06-04 19:01:01 [INFO] 检测系统资源已释放
2026-06-04 19:01:06 [INFO] CUDA 初始化成功
2026-06-04 19:01:06 [INFO] 引擎加载成功: dangerous.engine
2026-06-04 19:01:06 [INFO] 检测系统初始化成功
2026-06-04 19:01:06 [INFO] 图像预处理完成，原始尺寸: (2160, 3840)
2026-06-04 19:01:06 [INFO] 开始执行目标检测...
2026-06-04 19:01:06 [INFO] 检测完成，找到 5 个物体
2026-06-04 19:01:06 [INFO] 物体 1: GasCyl1 (置信度: 0.90)
2026-06-04 19:01:06 [INFO] 物体 2: GasCyl1 (置信度: 0.80)
2026-06-04 19:01:06 [INFO] 物体 3: GasCyl1 (置信度: 0.45)
2026-06-04 19:01:06 [INFO] 物体 4: FireExt1 (置信度: 0.41)
2026-06-04 19:01:06 [INFO] 物体 5: FireExt1 (置信度: 0.41)
2026-06-04 19:01:06 [INFO] 检测到车兜区域，将过滤区域外的目标
2026-06-04 19:01:06 [INFO] 车兜区域过滤: 5 -> 4 个目标
2026-06-04 19:01:06 [INFO] 准备保存检测结果到: C:\code\show\Scrap_Steel_In_Field\photos\dangerous_det\detection_20260604_190106.jpg
2026-06-04 19:01:06 [INFO] 图像形状: (2160, 3840, 3)
2026-06-04 19:01:06 [INFO] 图像数据类型: uint8
2026-06-04 19:01:06 [INFO] 图像最大值: 255
2026-06-04 19:01:06 [INFO] 图像最小值: 0
2026-06-04 19:01:06 [INFO] 开始保存检测结果图像: 图像尺寸=(2160, 3840, 3), 类型=uint8, 路径=C:\code\show\Scrap_Steel_In_Field\photos\dangerous_det\detection_20260604_190106.jpg
2026-06-04 19:01:06 [INFO] 成功保存检测结果到: C:\code\show\Scrap_Steel_In_Field\photos\dangerous_det\detection_20260604_190106.jpg
2026-06-04 19:01:06 [INFO] 保存的检测结果文件大小: 2253056 字节
2026-06-04 19:01:06 [INFO] 引擎上下文已释放
2026-06-04 19:01:06 [INFO] TensorRT 引擎已释放
2026-06-04 19:01:07 [INFO] 全局 CUDA 资源已释放
2026-06-04 19:01:07 [INFO] 检测系统资源已释放
2026-06-04 19:01:11 [INFO] CUDA 初始化成功
2026-06-04 19:01:11 [INFO] 引擎加载成功: dangerous.engine
2026-06-04 19:01:11 [INFO] 检测系统初始化成功
2026-06-04 19:01:11 [INFO] 图像预处理完成，原始尺寸: (2160, 3840)
2026-06-04 19:01:11 [INFO] 开始执行目标检测...
2026-06-04 19:01:11 [INFO] 检测完成，找到 4 个物体
2026-06-04 19:01:11 [INFO] 物体 1: GasCyl1 (置信度: 0.90)
2026-06-04 19:01:11 [INFO] 物体 2: GasCyl1 (置信度: 0.79)
2026-06-04 19:01:11 [INFO] 物体 3: GasCyl1 (置信度: 0.58)
2026-06-04 19:01:11 [INFO] 物体 4: FireExt1 (置信度: 0.44)
2026-06-04 19:01:11 [INFO] 检测到车兜区域，将过滤区域外的目标
2026-06-04 19:01:11 [INFO] 车兜区域过滤: 4 -> 3 个目标
2026-06-04 19:01:11 [INFO] 准备保存检测结果到: C:\code\show\Scrap_Steel_In_Field\photos\dangerous_det\detection_20260604_190111.jpg
2026-06-04 19:01:11 [INFO] 图像形状: (2160, 3840, 3)
2026-06-04 19:01:11 [INFO] 图像数据类型: uint8
2026-06-04 19:01:11 [INFO] 图像最大值: 255
2026-06-04 19:01:11 [INFO] 图像最小值: 0
2026-06-04 19:01:11 [INFO] 开始保存检测结果图像: 图像尺寸=(2160, 3840, 3), 类型=uint8, 路径=C:\code\show\Scrap_Steel_In_Field\photos\dangerous_det\detection_20260604_190111.jpg
2026-06-04 19:01:11 [INFO] 成功保存检测结果到: C:\code\show\Scrap_Steel_In_Field\photos\dangerous_det\detection_20260604_190111.jpg
2026-06-04 19:01:11 [INFO] 保存的检测结果文件大小: 2252009 字节
2026-06-04 19:01:11 [INFO] 引擎上下文已释放
2026-06-04 19:01:11 [INFO] TensorRT 引擎已释放
2026-06-04 19:01:11 [INFO] 全局 CUDA 资源已释放
2026-06-04 19:01:11 [INFO] 检测系统资源已释放
2026-06-04 19:01:17 [INFO] CUDA 初始化成功
2026-06-04 19:01:17 [INFO] 引擎加载成功: dangerous.engine
2026-06-04 19:01:17 [INFO] 检测系统初始化成功
2026-06-04 19:01:17 [INFO] 图像预处理完成，原始尺寸: (2160, 3840)
2026-06-04 19:01:17 [INFO] 开始执行目标检测...
2026-06-04 19:01:17 [INFO] 检测完成，找到 5 个物体
2026-06-04 19:01:17 [INFO] 物体 1: GasCyl1 (置信度: 0.89)
2026-06-04 19:01:17 [INFO] 物体 2: GasCyl1 (置信度: 0.80)
2026-06-04 19:01:17 [INFO] 物体 3: FireExt1 (置信度: 0.43)
2026-06-04 19:01:17 [INFO] 物体 4: FireExt1 (置信度: 0.40)
2026-06-04 19:01:17 [INFO] 物体 5: GasCyl1 (置信度: 0.37)
2026-06-04 19:01:17 [INFO] 检测到车兜区域，将过滤区域外的目标
2026-06-04 19:01:17 [INFO] 车兜区域过滤: 5 -> 4 个目标
2026-06-04 19:01:17 [INFO] 准备保存检测结果到: C:\code\show\Scrap_Steel_In_Field\photos\dangerous_det\detection_20260604_190117.jpg
2026-06-04 19:01:17 [INFO] 图像形状: (2160, 3840, 3)
2026-06-04 19:01:17 [INFO] 图像数据类型: uint8
2026-06-04 19:01:17 [INFO] 图像最大值: 255
2026-06-04 19:01:17 [INFO] 图像最小值: 0
2026-06-04 19:01:17 [INFO] 开始保存检测结果图像: 图像尺寸=(2160, 3840, 3), 类型=uint8, 路径=C:\code\show\Scrap_Steel_In_Field\photos\dangerous_det\detection_20260604_190117.jpg
2026-06-04 19:01:17 [INFO] 成功保存检测结果到: C:\code\show\Scrap_Steel_In_Field\photos\dangerous_det\detection_20260604_190117.jpg
2026-06-04 19:01:17 [INFO] 保存的检测结果文件大小: 2254935 字节
2026-06-04 19:01:17 [INFO] 引擎上下文已释放
2026-06-04 19:01:17 [INFO] TensorRT 引擎已释放
2026-06-04 19:01:17 [INFO] 全局 CUDA 资源已释放
2026-06-04 19:01:17 [INFO] 检测系统资源已释放
2026-06-04 19:01:22 [INFO] CUDA 初始化成功
2026-06-04 19:01:22 [INFO] 引擎加载成功: dangerous.engine
2026-06-04 19:01:22 [INFO] 检测系统初始化成功
2026-06-04 19:01:22 [INFO] 图像预处理完成，原始尺寸: (2160, 3840)
2026-06-04 19:01:22 [INFO] 开始执行目标检测...
2026-06-04 19:01:22 [INFO] 检测完成，找到 4 个物体
2026-06-04 19:01:22 [INFO] 物体 1: GasCyl1 (置信度: 0.89)
2026-06-04 19:01:22 [INFO] 物体 2: GasCyl1 (置信度: 0.80)
2026-06-04 19:01:22 [INFO] 物体 3: FireExt1 (置信度: 0.38)
2026-06-04 19:01:22 [INFO] 物体 4: FireExt1 (置信度: 0.38)
2026-06-04 19:01:22 [INFO] 检测到车兜区域，将过滤区域外的目标
2026-06-04 19:01:22 [INFO] 车兜区域过滤: 4 -> 3 个目标
2026-06-04 19:01:22 [INFO] 准备保存检测结果到: C:\code\show\Scrap_Steel_In_Field\photos\dangerous_det\detection_20260604_190122.jpg
2026-06-04 19:01:22 [INFO] 图像形状: (2160, 3840, 3)
2026-06-04 19:01:22 [INFO] 图像数据类型: uint8
2026-06-04 19:01:22 [INFO] 图像最大值: 255
2026-06-04 19:01:22 [INFO] 图像最小值: 0
2026-06-04 19:01:22 [INFO] 开始保存检测结果图像: 图像尺寸=(2160, 3840, 3), 类型=uint8, 路径=C:\code\show\Scrap_Steel_In_Field\photos\dangerous_det\detection_20260604_190122.jpg
2026-06-04 19:01:22 [INFO] 成功保存检测结果到: C:\code\show\Scrap_Steel_In_Field\photos\dangerous_det\detection_20260604_190122.jpg
2026-06-04 19:01:22 [INFO] 保存的检测结果文件大小: 2253159 字节
2026-06-04 19:01:22 [INFO] 引擎上下文已释放
2026-06-04 19:01:22 [INFO] TensorRT 引擎已释放
2026-06-04 19:01:22 [INFO] 全局 CUDA 资源已释放
2026-06-04 19:01:22 [INFO] 检测系统资源已释放
2026-06-04 19:01:27 [INFO] CUDA 初始化成功
2026-06-04 19:01:27 [INFO] 引擎加载成功: dangerous.engine
2026-06-04 19:01:27 [INFO] 检测系统初始化成功
2026-06-04 19:01:27 [INFO] 图像预处理完成，原始尺寸: (2160, 3840)
2026-06-04 19:01:27 [INFO] 开始执行目标检测...
2026-06-04 19:01:27 [INFO] 检测完成，找到 4 个物体
2026-06-04 19:01:27 [INFO] 物体 1: GasCyl1 (置信度: 0.89)
2026-06-04 19:01:27 [INFO] 物体 2: GasCyl1 (置信度: 0.82)
2026-06-04 19:01:27 [INFO] 物体 3: FireExt1 (置信度: 0.43)
2026-06-04 19:01:27 [INFO] 物体 4: FireExt1 (置信度: 0.41)
2026-06-04 19:01:27 [INFO] 检测到车兜区域，将过滤区域外的目标
2026-06-04 19:01:27 [INFO] 车兜区域过滤: 4 -> 3 个目标
2026-06-04 19:01:27 [INFO] 准备保存检测结果到: C:\code\show\Scrap_Steel_In_Field\photos\dangerous_det\detection_20260604_190127.jpg
2026-06-04 19:01:27 [INFO] 图像形状: (2160, 3840, 3)
2026-06-04 19:01:27 [INFO] 图像数据类型: uint8
2026-06-04 19:01:27 [INFO] 图像最大值: 255
2026-06-04 19:01:27 [INFO] 图像最小值: 0
2026-06-04 19:01:27 [INFO] 开始保存检测结果图像: 图像尺寸=(2160, 3840, 3), 类型=uint8, 路径=C:\code\show\Scrap_Steel_In_Field\photos\dangerous_det\detection_20260604_190127.jpg
2026-06-04 19:01:27 [INFO] 成功保存检测结果到: C:\code\show\Scrap_Steel_In_Field\photos\dangerous_det\detection_20260604_190127.jpg
2026-06-04 19:01:27 [INFO] 保存的检测结果文件大小: 2252233 字节
2026-06-04 19:01:27 [INFO] 引擎上下文已释放
2026-06-04 19:01:27 [INFO] TensorRT 引擎已释放
2026-06-04 19:01:28 [INFO] 全局 CUDA 资源已释放
2026-06-04 19:01:28 [INFO] 检测系统资源已释放
2026-06-04 19:01:33 [INFO] CUDA 初始化成功
2026-06-04 19:01:33 [INFO] 引擎加载成功: dangerous.engine
2026-06-04 19:01:33 [INFO] 检测系统初始化成功
2026-06-04 19:01:33 [INFO] 图像预处理完成，原始尺寸: (2160, 3840)
2026-06-04 19:01:33 [INFO] 开始执行目标检测...
2026-06-04 19:01:33 [INFO] 检测完成，找到 4 个物体
2026-06-04 19:01:33 [INFO] 物体 1: GasCyl1 (置信度: 0.90)
2026-06-04 19:01:33 [INFO] 物体 2: GasCyl1 (置信度: 0.83)
2026-06-04 19:01:33 [INFO] 物体 3: FireExt1 (置信度: 0.43)
2026-06-04 19:01:33 [INFO] 物体 4: FireExt1 (置信度: 0.36)
2026-06-04 19:01:33 [INFO] 检测到车兜区域，将过滤区域外的目标
2026-06-04 19:01:33 [INFO] 准备保存检测结果到: C:\code\show\Scrap_Steel_In_Field\photos\dangerous_det\detection_20260604_190133.jpg
2026-06-04 19:01:33 [INFO] 图像形状: (2160, 3840, 3)
2026-06-04 19:01:33 [INFO] 图像数据类型: uint8
2026-06-04 19:01:33 [INFO] 图像最大值: 255
2026-06-04 19:01:33 [INFO] 图像最小值: 0
2026-06-04 19:01:33 [INFO] 开始保存检测结果图像: 图像尺寸=(2160, 3840, 3), 类型=uint8, 路径=C:\code\show\Scrap_Steel_In_Field\photos\dangerous_det\detection_20260604_190133.jpg
2026-06-04 19:01:33 [INFO] 成功保存检测结果到: C:\code\show\Scrap_Steel_In_Field\photos\dangerous_det\detection_20260604_190133.jpg
2026-06-04 19:01:33 [INFO] 保存的检测结果文件大小: 2255670 字节
2026-06-04 19:01:33 [INFO] 引擎上下文已释放
2026-06-04 19:01:33 [INFO] TensorRT 引擎已释放
2026-06-04 19:01:33 [INFO] 全局 CUDA 资源已释放
2026-06-04 19:01:33 [INFO] 检测系统资源已释放
2026-06-04 19:01:38 [INFO] CUDA 初始化成功
2026-06-04 19:01:38 [INFO] 引擎加载成功: dangerous.engine
2026-06-04 19:01:38 [INFO] 检测系统初始化成功
2026-06-04 19:01:38 [INFO] 图像预处理完成，原始尺寸: (2160, 3840)
2026-06-04 19:01:38 [INFO] 开始执行目标检测...
2026-06-04 19:01:38 [INFO] 检测完成，找到 6 个物体
2026-06-04 19:01:38 [INFO] 物体 1: GasCyl1 (置信度: 0.89)
2026-06-04 19:01:38 [INFO] 物体 2: GasCyl1 (置信度: 0.82)
2026-06-04 19:01:38 [INFO] 物体 3: GasCyl1 (置信度: 0.60)
2026-06-04 19:01:38 [INFO] 物体 4: FireExt1 (置信度: 0.40)
2026-06-04 19:01:38 [INFO] 物体 5: FireExt1 (置信度: 0.40)
2026-06-04 19:01:38 [INFO] 物体 6: GasCyl1 (置信度: 0.36)
2026-06-04 19:01:38 [INFO] 检测到车兜区域，将过滤区域外的目标
2026-06-04 19:01:38 [INFO] 车兜区域过滤: 6 -> 5 个目标
2026-06-04 19:01:38 [INFO] 准备保存检测结果到: C:\code\show\Scrap_Steel_In_Field\photos\dangerous_det\detection_20260604_190138.jpg
2026-06-04 19:01:38 [INFO] 图像形状: (2160, 3840, 3)
2026-06-04 19:01:38 [INFO] 图像数据类型: uint8
2026-06-04 19:01:38 [INFO] 图像最大值: 255
2026-06-04 19:01:38 [INFO] 图像最小值: 0
2026-06-04 19:01:38 [INFO] 开始保存检测结果图像: 图像尺寸=(2160, 3840, 3), 类型=uint8, 路径=C:\code\show\Scrap_Steel_In_Field\photos\dangerous_det\detection_20260604_190138.jpg
2026-06-04 19:01:38 [INFO] 成功保存检测结果到: C:\code\show\Scrap_Steel_In_Field\photos\dangerous_det\detection_20260604_190138.jpg
2026-06-04 19:01:38 [INFO] 保存的检测结果文件大小: 2254626 字节
2026-06-04 19:01:38 [INFO] 引擎上下文已释放
2026-06-04 19:01:38 [INFO] TensorRT 引擎已释放
2026-06-04 19:01:38 [INFO] 全局 CUDA 资源已释放
2026-06-04 19:01:38 [INFO] 检测系统资源已释放
2026-06-04 19:01:43 [INFO] CUDA 初始化成功
2026-06-04 19:01:43 [INFO] 引擎加载成功: dangerous.engine
2026-06-04 19:01:43 [INFO] 检测系统初始化成功
2026-06-04 19:01:43 [INFO] 图像预处理完成，原始尺寸: (2160, 3840)
2026-06-04 19:01:43 [INFO] 开始执行目标检测...
2026-06-04 19:01:43 [INFO] 检测完成，找到 5 个物体
2026-06-04 19:01:43 [INFO] 物体 1: GasCyl1 (置信度: 0.90)
2026-06-04 19:01:43 [INFO] 物体 2: GasCyl1 (置信度: 0.84)
2026-06-04 19:01:43 [INFO] 物体 3: GasCyl1 (置信度: 0.56)
2026-06-04 19:01:43 [INFO] 物体 4: FireExt1 (置信度: 0.42)
2026-06-04 19:01:43 [INFO] 物体 5: FireExt1 (置信度: 0.35)
2026-06-04 19:01:43 [INFO] 检测到车兜区域，将过滤区域外的目标
2026-06-04 19:01:43 [INFO] 车兜区域过滤: 5 -> 4 个目标
2026-06-04 19:01:43 [INFO] 准备保存检测结果到: C:\code\show\Scrap_Steel_In_Field\photos\dangerous_det\detection_20260604_190143.jpg
2026-06-04 19:01:43 [INFO] 图像形状: (2160, 3840, 3)
2026-06-04 19:01:43 [INFO] 图像数据类型: uint8
2026-06-04 19:01:43 [INFO] 图像最大值: 255
2026-06-04 19:01:43 [INFO] 图像最小值: 0
2026-06-04 19:01:43 [INFO] 开始保存检测结果图像: 图像尺寸=(2160, 3840, 3), 类型=uint8, 路径=C:\code\show\Scrap_Steel_In_Field\photos\dangerous_det\detection_20260604_190143.jpg
2026-06-04 19:01:43 [INFO] 成功保存检测结果到: C:\code\show\Scrap_Steel_In_Field\photos\dangerous_det\detection_20260604_190143.jpg
2026-06-04 19:01:43 [INFO] 保存的检测结果文件大小: 2253261 字节
2026-06-04 19:01:43 [INFO] 引擎上下文已释放
2026-06-04 19:01:43 [INFO] TensorRT 引擎已释放
2026-06-04 19:01:43 [INFO] 全局 CUDA 资源已释放
2026-06-04 19:01:43 [INFO] 检测系统资源已释放
2026-06-04 19:01:48 [INFO] CUDA 初始化成功
2026-06-04 19:01:48 [INFO] 引擎加载成功: dangerous.engine
2026-06-04 19:01:48 [INFO] 检测系统初始化成功
2026-06-04 19:01:49 [INFO] 图像预处理完成，原始尺寸: (2160, 3840)
2026-06-04 19:01:49 [INFO] 开始执行目标检测...
2026-06-04 19:01:49 [INFO] 检测完成，找到 5 个物体
2026-06-04 19:01:49 [INFO] 物体 1: GasCyl1 (置信度: 0.91)
2026-06-04 19:01:49 [INFO] 物体 2: GasCyl1 (置信度: 0.80)
2026-06-04 19:01:49 [INFO] 物体 3: GasCyl1 (置信度: 0.47)
2026-06-04 19:01:49 [INFO] 物体 4: FireExt1 (置信度: 0.39)
2026-06-04 19:01:49 [INFO] 物体 5: GasCyl1 (置信度: 0.35)
2026-06-04 19:01:49 [INFO] 检测到车兜区域，将过滤区域外的目标
2026-06-04 19:01:49 [INFO] 车兜区域过滤: 5 -> 4 个目标
2026-06-04 19:01:49 [INFO] 准备保存检测结果到: C:\code\show\Scrap_Steel_In_Field\photos\dangerous_det\detection_20260604_190149.jpg
2026-06-04 19:01:49 [INFO] 图像形状: (2160, 3840, 3)
2026-06-04 19:01:49 [INFO] 图像数据类型: uint8
2026-06-04 19:01:49 [INFO] 图像最大值: 255
2026-06-04 19:01:49 [INFO] 图像最小值: 0
2026-06-04 19:01:49 [INFO] 开始保存检测结果图像: 图像尺寸=(2160, 3840, 3), 类型=uint8, 路径=C:\code\show\Scrap_Steel_In_Field\photos\dangerous_det\detection_20260604_190149.jpg
2026-06-04 19:01:49 [INFO] 成功保存检测结果到: C:\code\show\Scrap_Steel_In_Field\photos\dangerous_det\detection_20260604_190149.jpg
2026-06-04 19:01:49 [INFO] 保存的检测结果文件大小: 2253385 字节
2026-06-04 19:01:49 [INFO] 引擎上下文已释放
2026-06-04 19:01:49 [INFO] TensorRT 引擎已释放
2026-06-04 19:01:49 [INFO] 全局 CUDA 资源已释放
2026-06-04 19:01:49 [INFO] 检测系统资源已释放
2026-06-04 19:01:53 [INFO] CUDA 初始化成功
2026-06-04 19:01:53 [INFO] 引擎加载成功: dangerous.engine
2026-06-04 19:01:53 [INFO] 检测系统初始化成功
2026-06-04 19:01:53 [INFO] 图像预处理完成，原始尺寸: (2160, 3840)
2026-06-04 19:01:53 [INFO] 开始执行目标检测...
2026-06-04 19:01:54 [INFO] 检测完成，找到 4 个物体
2026-06-04 19:01:54 [INFO] 物体 1: GasCyl1 (置信度: 0.90)
2026-06-04 19:01:54 [INFO] 物体 2: GasCyl1 (置信度: 0.83)
2026-06-04 19:01:54 [INFO] 物体 3: FireExt1 (置信度: 0.41)
2026-06-04 19:01:54 [INFO] 物体 4: FireExt1 (置信度: 0.40)
2026-06-04 19:01:54 [INFO] 检测到车兜区域，将过滤区域外的目标
2026-06-04 19:01:54 [INFO] 车兜区域过滤: 4 -> 3 个目标
2026-06-04 19:01:54 [INFO] 准备保存检测结果到: C:\code\show\Scrap_Steel_In_Field\photos\dangerous_det\detection_20260604_190154.jpg
2026-06-04 19:01:54 [INFO] 图像形状: (2160, 3840, 3)
2026-06-04 19:01:54 [INFO] 图像数据类型: uint8
2026-06-04 19:01:54 [INFO] 图像最大值: 255
2026-06-04 19:01:54 [INFO] 图像最小值: 0
2026-06-04 19:01:54 [INFO] 开始保存检测结果图像: 图像尺寸=(2160, 3840, 3), 类型=uint8, 路径=C:\code\show\Scrap_Steel_In_Field\photos\dangerous_det\detection_20260604_190154.jpg
2026-06-04 19:01:54 [INFO] 成功保存检测结果到: C:\code\show\Scrap_Steel_In_Field\photos\dangerous_det\detection_20260604_190154.jpg
2026-06-04 19:01:54 [INFO] 保存的检测结果文件大小: 2252656 字节
2026-06-04 19:01:54 [INFO] 引擎上下文已释放
2026-06-04 19:01:54 [INFO] TensorRT 引擎已释放
2026-06-04 19:01:54 [INFO] 全局 CUDA 资源已释放
2026-06-04 19:01:54 [INFO] 检测系统资源已释放
2026-06-04 19:01:59 [INFO] CUDA 初始化成功
2026-06-04 19:01:59 [INFO] 引擎加载成功: dangerous.engine
2026-06-04 19:01:59 [INFO] 检测系统初始化成功
2026-06-04 19:01:59 [INFO] 图像预处理完成，原始尺寸: (2160, 3840)
2026-06-04 19:01:59 [INFO] 开始执行目标检测...
2026-06-04 19:01:59 [INFO] 检测完成，找到 5 个物体
2026-06-04 19:01:59 [INFO] 物体 1: GasCyl1 (置信度: 0.89)
2026-06-04 19:01:59 [INFO] 物体 2: GasCyl1 (置信度: 0.78)
2026-06-04 19:01:59 [INFO] 物体 3: GasCyl1 (置信度: 0.53)
2026-06-04 19:01:59 [INFO] 物体 4: FireExt1 (置信度: 0.42)
2026-06-04 19:01:59 [INFO] 物体 5: FireExt1 (置信度: 0.41)
2026-06-04 19:01:59 [INFO] 检测到车兜区域，将过滤区域外的目标
2026-06-04 19:01:59 [INFO] 车兜区域过滤: 5 -> 4 个目标
2026-06-04 19:01:59 [INFO] 准备保存检测结果到: C:\code\show\Scrap_Steel_In_Field\photos\dangerous_det\detection_20260604_190159.jpg
2026-06-04 19:01:59 [INFO] 图像形状: (2160, 3840, 3)
2026-06-04 19:01:59 [INFO] 图像数据类型: uint8
2026-06-04 19:01:59 [INFO] 图像最大值: 255
2026-06-04 19:01:59 [INFO] 图像最小值: 0
2026-06-04 19:01:59 [INFO] 开始保存检测结果图像: 图像尺寸=(2160, 3840, 3), 类型=uint8, 路径=C:\code\show\Scrap_Steel_In_Field\photos\dangerous_det\detection_20260604_190159.jpg
2026-06-04 19:01:59 [INFO] 成功保存检测结果到: C:\code\show\Scrap_Steel_In_Field\photos\dangerous_det\detection_20260604_190159.jpg
2026-06-04 19:01:59 [INFO] 保存的检测结果文件大小: 2249840 字节
2026-06-04 19:01:59 [INFO] 引擎上下文已释放
2026-06-04 19:01:59 [INFO] TensorRT 引擎已释放
2026-06-04 19:01:59 [INFO] 全局 CUDA 资源已释放
2026-06-04 19:01:59 [INFO] 检测系统资源已释放
2026-06-04 19:02:04 [INFO] CUDA 初始化成功
2026-06-04 19:02:04 [INFO] 引擎加载成功: dangerous.engine
2026-06-04 19:02:04 [INFO] 检测系统初始化成功
2026-06-04 19:02:04 [INFO] 图像预处理完成，原始尺寸: (2160, 3840)
2026-06-04 19:02:04 [INFO] 开始执行目标检测...
2026-06-04 19:02:04 [INFO] 检测完成，找到 4 个物体
2026-06-04 19:02:04 [INFO] 物体 1: GasCyl1 (置信度: 0.90)
2026-06-04 19:02:04 [INFO] 物体 2: GasCyl1 (置信度: 0.84)
2026-06-04 19:02:04 [INFO] 物体 3: FireExt1 (置信度: 0.45)
2026-06-04 19:02:04 [INFO] 物体 4: FireExt1 (置信度: 0.43)
2026-06-04 19:02:04 [INFO] 检测到车兜区域，将过滤区域外的目标
2026-06-04 19:02:04 [INFO] 车兜区域过滤: 4 -> 3 个目标
2026-06-04 19:02:04 [INFO] 准备保存检测结果到: C:\code\show\Scrap_Steel_In_Field\photos\dangerous_det\detection_20260604_190204.jpg
2026-06-04 19:02:04 [INFO] 图像形状: (2160, 3840, 3)
2026-06-04 19:02:04 [INFO] 图像数据类型: uint8
2026-06-04 19:02:04 [INFO] 图像最大值: 255
2026-06-04 19:02:04 [INFO] 图像最小值: 0
2026-06-04 19:02:04 [INFO] 开始保存检测结果图像: 图像尺寸=(2160, 3840, 3), 类型=uint8, 路径=C:\code\show\Scrap_Steel_In_Field\photos\dangerous_det\detection_20260604_190204.jpg
2026-06-04 19:02:04 [INFO] 成功保存检测结果到: C:\code\show\Scrap_Steel_In_Field\photos\dangerous_det\detection_20260604_190204.jpg
2026-06-04 19:02:04 [INFO] 保存的检测结果文件大小: 2251395 字节
2026-06-04 19:02:04 [INFO] 引擎上下文已释放
2026-06-04 19:02:04 [INFO] TensorRT 引擎已释放
2026-06-04 19:02:04 [INFO] 全局 CUDA 资源已释放
2026-06-04 19:02:04 [INFO] 检测系统资源已释放
2026-06-04 19:02:10 [INFO] CUDA 初始化成功
2026-06-04 19:02:10 [INFO] 引擎加载成功: dangerous.engine
2026-06-04 19:02:10 [INFO] 检测系统初始化成功
2026-06-04 19:02:10 [INFO] 图像预处理完成，原始尺寸: (2160, 3840)
2026-06-04 19:02:10 [INFO] 开始执行目标检测...
2026-06-04 19:02:10 [INFO] 检测完成，找到 5 个物体
2026-06-04 19:02:10 [INFO] 物体 1: GasCyl1 (置信度: 0.90)
2026-06-04 19:02:10 [INFO] 物体 2: GasCyl1 (置信度: 0.80)
2026-06-04 19:02:10 [INFO] 物体 3: GasCyl1 (置信度: 0.57)
2026-06-04 19:02:10 [INFO] 物体 4: FireExt1 (置信度: 0.42)
2026-06-04 19:02:10 [INFO] 物体 5: FireExt1 (置信度: 0.39)
2026-06-04 19:02:10 [INFO] 检测到车兜区域，将过滤区域外的目标
2026-06-04 19:02:10 [INFO] 车兜区域过滤: 5 -> 4 个目标
2026-06-04 19:02:10 [INFO] 准备保存检测结果到: C:\code\show\Scrap_Steel_In_Field\photos\dangerous_det\detection_20260604_190210.jpg
2026-06-04 19:02:10 [INFO] 图像形状: (2160, 3840, 3)
2026-06-04 19:02:10 [INFO] 图像数据类型: uint8
2026-06-04 19:02:10 [INFO] 图像最大值: 255
2026-06-04 19:02:10 [INFO] 图像最小值: 0
2026-06-04 19:02:10 [INFO] 开始保存检测结果图像: 图像尺寸=(2160, 3840, 3), 类型=uint8, 路径=C:\code\show\Scrap_Steel_In_Field\photos\dangerous_det\detection_20260604_190210.jpg
2026-06-04 19:02:10 [INFO] 成功保存检测结果到: C:\code\show\Scrap_Steel_In_Field\photos\dangerous_det\detection_20260604_190210.jpg
2026-06-04 19:02:10 [INFO] 保存的检测结果文件大小: 2256480 字节
2026-06-04 19:02:10 [INFO] 引擎上下文已释放
2026-06-04 19:02:10 [INFO] TensorRT 引擎已释放
2026-06-04 19:02:10 [INFO] 全局 CUDA 资源已释放
2026-06-04 19:02:10 [INFO] 检测系统资源已释放
2026-06-04 19:02:15 [INFO] CUDA 初始化成功
2026-06-04 19:02:15 [INFO] 引擎加载成功: dangerous.engine
2026-06-04 19:02:15 [INFO] 检测系统初始化成功
2026-06-04 19:02:15 [INFO] 图像预处理完成，原始尺寸: (2160, 3840)
2026-06-04 19:02:15 [INFO] 开始执行目标检测...
2026-06-04 19:02:15 [INFO] 检测完成，找到 6 个物体
2026-06-04 19:02:15 [INFO] 物体 1: GasCyl1 (置信度: 0.90)
2026-06-04 19:02:15 [INFO] 物体 2: GasCyl1 (置信度: 0.81)
2026-06-04 19:02:15 [INFO] 物体 3: GasCyl1 (置信度: 0.42)
2026-06-04 19:02:15 [INFO] 物体 4: FireExt1 (置信度: 0.42)
2026-06-04 19:02:15 [INFO] 物体 5: FireExt1 (置信度: 0.39)
2026-06-04 19:02:15 [INFO] 物体 6: FireExt1 (置信度: 0.36)
2026-06-04 19:02:15 [INFO] 检测到车兜区域，将过滤区域外的目标
2026-06-04 19:02:15 [INFO] 车兜区域过滤: 6 -> 5 个目标
2026-06-04 19:02:15 [INFO] 准备保存检测结果到: C:\code\show\Scrap_Steel_In_Field\photos\dangerous_det\detection_20260604_190215.jpg
2026-06-04 19:02:15 [INFO] 图像形状: (2160, 3840, 3)
2026-06-04 19:02:15 [INFO] 图像数据类型: uint8
2026-06-04 19:02:15 [INFO] 图像最大值: 255
2026-06-04 19:02:15 [INFO] 图像最小值: 0
2026-06-04 19:02:15 [INFO] 开始保存检测结果图像: 图像尺寸=(2160, 3840, 3), 类型=uint8, 路径=C:\code\show\Scrap_Steel_In_Field\photos\dangerous_det\detection_20260604_190215.jpg
2026-06-04 19:02:15 [INFO] 成功保存检测结果到: C:\code\show\Scrap_Steel_In_Field\photos\dangerous_det\detection_20260604_190215.jpg
2026-06-04 19:02:15 [INFO] 保存的检测结果文件大小: 2258971 字节
2026-06-04 19:02:15 [INFO] 引擎上下文已释放
2026-06-04 19:02:15 [INFO] TensorRT 引擎已释放
2026-06-04 19:02:15 [INFO] 全局 CUDA 资源已释放
2026-06-04 19:02:15 [INFO] 检测系统资源已释放
2026-06-04 19:02:20 [INFO] CUDA 初始化成功
2026-06-04 19:02:20 [INFO] 引擎加载成功: dangerous.engine
2026-06-04 19:02:20 [INFO] 检测系统初始化成功
2026-06-04 19:02:20 [INFO] 图像预处理完成，原始尺寸: (2160, 3840)
2026-06-04 19:02:20 [INFO] 开始执行目标检测...
2026-06-04 19:02:20 [INFO] 检测完成，找到 4 个物体
2026-06-04 19:02:20 [INFO] 物体 1: GasCyl1 (置信度: 0.89)
2026-06-04 19:02:20 [INFO] 物体 2: GasCyl1 (置信度: 0.80)
2026-06-04 19:02:20 [INFO] 物体 3: FireExt1 (置信度: 0.46)
2026-06-04 19:02:20 [INFO] 物体 4: FireExt1 (置信度: 0.39)
2026-06-04 19:02:20 [INFO] 检测到车兜区域，将过滤区域外的目标
2026-06-04 19:02:20 [INFO] 车兜区域过滤: 4 -> 3 个目标
2026-06-04 19:02:20 [INFO] 准备保存检测结果到: C:\code\show\Scrap_Steel_In_Field\photos\dangerous_det\detection_20260604_190220.jpg
2026-06-04 19:02:20 [INFO] 图像形状: (2160, 3840, 3)
2026-06-04 19:02:20 [INFO] 图像数据类型: uint8
2026-06-04 19:02:20 [INFO] 图像最大值: 255
2026-06-04 19:02:20 [INFO] 图像最小值: 0
2026-06-04 19:02:20 [INFO] 开始保存检测结果图像: 图像尺寸=(2160, 3840, 3), 类型=uint8, 路径=C:\code\show\Scrap_Steel_In_Field\photos\dangerous_det\detection_20260604_190220.jpg
2026-06-04 19:02:20 [INFO] 成功保存检测结果到: C:\code\show\Scrap_Steel_In_Field\photos\dangerous_det\detection_20260604_190220.jpg
2026-06-04 19:02:20 [INFO] 保存的检测结果文件大小: 2248140 字节
2026-06-04 19:02:20 [INFO] 引擎上下文已释放
2026-06-04 19:02:20 [INFO] TensorRT 引擎已释放
2026-06-04 19:02:20 [INFO] 全局 CUDA 资源已释放
2026-06-04 19:02:20 [INFO] 检测系统资源已释放
2026-06-04 19:02:25 [INFO] CUDA 初始化成功
2026-06-04 19:02:25 [INFO] 引擎加载成功: dangerous.engine
2026-06-04 19:02:25 [INFO] 检测系统初始化成功
2026-06-04 19:02:25 [INFO] 图像预处理完成，原始尺寸: (2160, 3840)
2026-06-04 19:02:25 [INFO] 开始执行目标检测...
2026-06-04 19:02:25 [INFO] 检测完成，找到 4 个物体
2026-06-04 19:02:25 [INFO] 物体 1: GasCyl1 (置信度: 0.90)
2026-06-04 19:02:25 [INFO] 物体 2: GasCyl1 (置信度: 0.79)
2026-06-04 19:02:25 [INFO] 物体 3: FireExt1 (置信度: 0.44)
2026-06-04 19:02:25 [INFO] 物体 4: FireExt1 (置信度: 0.39)
2026-06-04 19:02:25 [INFO] 检测到车兜区域，将过滤区域外的目标
2026-06-04 19:02:25 [INFO] 车兜区域过滤: 4 -> 3 个目标
2026-06-04 19:02:25 [INFO] 准备保存检测结果到: C:\code\show\Scrap_Steel_In_Field\photos\dangerous_det\detection_20260604_190225.jpg
2026-06-04 19:02:25 [INFO] 图像形状: (2160, 3840, 3)
2026-06-04 19:02:25 [INFO] 图像数据类型: uint8
2026-06-04 19:02:25 [INFO] 图像最大值: 255
2026-06-04 19:02:25 [INFO] 图像最小值: 0
2026-06-04 19:02:25 [INFO] 开始保存检测结果图像: 图像尺寸=(2160, 3840, 3), 类型=uint8, 路径=C:\code\show\Scrap_Steel_In_Field\photos\dangerous_det\detection_20260604_190225.jpg
2026-06-04 19:02:25 [INFO] 成功保存检测结果到: C:\code\show\Scrap_Steel_In_Field\photos\dangerous_det\detection_20260604_190225.jpg
2026-06-04 19:02:25 [INFO] 保存的检测结果文件大小: 2246462 字节
2026-06-04 19:02:25 [INFO] 引擎上下文已释放
2026-06-04 19:02:25 [INFO] TensorRT 引擎已释放
2026-06-04 19:02:25 [INFO] 全局 CUDA 资源已释放
2026-06-04 19:02:25 [INFO] 检测系统资源已释放
2026-06-04 19:02:30 [INFO] CUDA 初始化成功
2026-06-04 19:02:30 [INFO] 引擎加载成功: dangerous.engine
2026-06-04 19:02:30 [INFO] 检测系统初始化成功
2026-06-04 19:02:30 [INFO] 图像预处理完成，原始尺寸: (2160, 3840)
2026-06-04 19:02:30 [INFO] 开始执行目标检测...
2026-06-04 19:02:30 [INFO] 检测完成，找到 6 个物体
2026-06-04 19:02:30 [INFO] 物体 1: GasCyl1 (置信度: 0.89)
2026-06-04 19:02:30 [INFO] 物体 2: GasCyl1 (置信度: 0.82)
2026-06-04 19:02:30 [INFO] 物体 3: FireExt1 (置信度: 0.44)
2026-06-04 19:02:30 [INFO] 物体 4: GasCyl1 (置信度: 0.39)
2026-06-04 19:02:30 [INFO] 物体 5: FireExt1 (置信度: 0.39)
2026-06-04 19:02:30 [INFO] 物体 6: FireExt1 (置信度: 0.36)
2026-06-04 19:02:30 [INFO] 检测到车兜区域，将过滤区域外的目标
2026-06-04 19:02:30 [INFO] 车兜区域过滤: 6 -> 5 个目标
2026-06-04 19:02:30 [INFO] 准备保存检测结果到: C:\code\show\Scrap_Steel_In_Field\photos\dangerous_det\detection_20260604_190230.jpg
2026-06-04 19:02:30 [INFO] 图像形状: (2160, 3840, 3)
2026-06-04 19:02:30 [INFO] 图像数据类型: uint8
2026-06-04 19:02:30 [INFO] 图像最大值: 255
2026-06-04 19:02:30 [INFO] 图像最小值: 0
2026-06-04 19:02:30 [INFO] 开始保存检测结果图像: 图像尺寸=(2160, 3840, 3), 类型=uint8, 路径=C:\code\show\Scrap_Steel_In_Field\photos\dangerous_det\detection_20260604_190230.jpg
2026-06-04 19:02:30 [INFO] 成功保存检测结果到: C:\code\show\Scrap_Steel_In_Field\photos\dangerous_det\detection_20260604_190230.jpg
2026-06-04 19:02:30 [INFO] 保存的检测结果文件大小: 2255729 字节
2026-06-04 19:02:30 [INFO] 引擎上下文已释放
2026-06-04 19:02:30 [INFO] TensorRT 引擎已释放
2026-06-04 19:02:30 [INFO] 全局 CUDA 资源已释放
2026-06-04 19:02:30 [INFO] 检测系统资源已释放
2026-06-04 19:02:35 [INFO] CUDA 初始化成功
2026-06-04 19:02:35 [INFO] 引擎加载成功: dangerous.engine
2026-06-04 19:02:35 [INFO] 检测系统初始化成功
2026-06-04 19:02:35 [INFO] 图像预处理完成，原始尺寸: (2160, 3840)
2026-06-04 19:02:35 [INFO] 开始执行目标检测...
2026-06-04 19:02:35 [INFO] 检测完成，找到 4 个物体
2026-06-04 19:02:35 [INFO] 物体 1: GasCyl1 (置信度: 0.90)
2026-06-04 19:02:35 [INFO] 物体 2: GasCyl1 (置信度: 0.82)
2026-06-04 19:02:35 [INFO] 物体 3: FireExt1 (置信度: 0.40)
2026-06-04 19:02:35 [INFO] 物体 4: FireExt1 (置信度: 0.37)
2026-06-04 19:02:35 [INFO] 检测到车兜区域，将过滤区域外的目标
2026-06-04 19:02:35 [INFO] 车兜区域过滤: 4 -> 3 个目标
2026-06-04 19:02:35 [INFO] 准备保存检测结果到: C:\code\show\Scrap_Steel_In_Field\photos\dangerous_det\detection_20260604_190235.jpg
2026-06-04 19:02:35 [INFO] 图像形状: (2160, 3840, 3)
2026-06-04 19:02:35 [INFO] 图像数据类型: uint8
2026-06-04 19:02:35 [INFO] 图像最大值: 255
2026-06-04 19:02:35 [INFO] 图像最小值: 0
2026-06-04 19:02:35 [INFO] 开始保存检测结果图像: 图像尺寸=(2160, 3840, 3), 类型=uint8, 路径=C:\code\show\Scrap_Steel_In_Field\photos\dangerous_det\detection_20260604_190235.jpg
2026-06-04 19:02:35 [INFO] 成功保存检测结果到: C:\code\show\Scrap_Steel_In_Field\photos\dangerous_det\detection_20260604_190235.jpg
2026-06-04 19:02:35 [INFO] 保存的检测结果文件大小: 2250398 字节
2026-06-04 19:02:35 [INFO] 引擎上下文已释放
2026-06-04 19:02:35 [INFO] TensorRT 引擎已释放
2026-06-04 19:02:35 [INFO] 全局 CUDA 资源已释放
2026-06-04 19:02:35 [INFO] 检测系统资源已释放
2026-06-04 19:02:40 [INFO] CUDA 初始化成功
2026-06-04 19:02:40 [INFO] 引擎加载成功: dangerous.engine
2026-06-04 19:02:40 [INFO] 检测系统初始化成功
2026-06-04 19:02:40 [INFO] 图像预处理完成，原始尺寸: (2160, 3840)
2026-06-04 19:02:40 [INFO] 开始执行目标检测...
2026-06-04 19:02:40 [INFO] 检测完成，找到 5 个物体
2026-06-04 19:02:40 [INFO] 物体 1: GasCyl1 (置信度: 0.90)
2026-06-04 19:02:40 [INFO] 物体 2: GasCyl1 (置信度: 0.84)
2026-06-04 19:02:40 [INFO] 物体 3: GasCyl1 (置信度: 0.55)
2026-06-04 19:02:40 [INFO] 物体 4: FireExt1 (置信度: 0.40)
2026-06-04 19:02:40 [INFO] 物体 5: FireExt1 (置信度: 0.39)
2026-06-04 19:02:40 [INFO] 检测到车兜区域，将过滤区域外的目标
2026-06-04 19:02:40 [INFO] 车兜区域过滤: 5 -> 4 个目标
2026-06-04 19:02:40 [INFO] 准备保存检测结果到: C:\code\show\Scrap_Steel_In_Field\photos\dangerous_det\detection_20260604_190240.jpg
2026-06-04 19:02:40 [INFO] 图像形状: (2160, 3840, 3)
2026-06-04 19:02:40 [INFO] 图像数据类型: uint8
2026-06-04 19:02:40 [INFO] 图像最大值: 255
2026-06-04 19:02:40 [INFO] 图像最小值: 0
2026-06-04 19:02:40 [INFO] 开始保存检测结果图像: 图像尺寸=(2160, 3840, 3), 类型=uint8, 路径=C:\code\show\Scrap_Steel_In_Field\photos\dangerous_det\detection_20260604_190240.jpg
2026-06-04 19:02:40 [INFO] 成功保存检测结果到: C:\code\show\Scrap_Steel_In_Field\photos\dangerous_det\detection_20260604_190240.jpg
2026-06-04 19:02:40 [INFO] 保存的检测结果文件大小: 2254598 字节
2026-06-04 19:02:40 [INFO] 引擎上下文已释放
2026-06-04 19:02:40 [INFO] TensorRT 引擎已释放
2026-06-04 19:02:40 [INFO] 全局 CUDA 资源已释放
2026-06-04 19:02:40 [INFO] 检测系统资源已释放
2026-06-04 19:02:46 [INFO] CUDA 初始化成功
2026-06-04 19:02:46 [INFO] 引擎加载成功: dangerous.engine
2026-06-04 19:02:46 [INFO] 检测系统初始化成功
2026-06-04 19:02:46 [INFO] 图像预处理完成，原始尺寸: (2160, 3840)
2026-06-04 19:02:46 [INFO] 开始执行目标检测...
2026-06-04 19:02:46 [INFO] 检测完成，找到 5 个物体
2026-06-04 19:02:46 [INFO] 物体 1: GasCyl1 (置信度: 0.89)
2026-06-04 19:02:46 [INFO] 物体 2: GasCyl1 (置信度: 0.82)
2026-06-04 19:02:46 [INFO] 物体 3: GasCyl1 (置信度: 0.49)
2026-06-04 19:02:46 [INFO] 物体 4: FireExt1 (置信度: 0.41)
2026-06-04 19:02:46 [INFO] 物体 5: FireExt1 (置信度: 0.39)
2026-06-04 19:02:46 [INFO] 检测到车兜区域，将过滤区域外的目标
2026-06-04 19:02:46 [INFO] 车兜区域过滤: 5 -> 4 个目标
2026-06-04 19:02:46 [INFO] 准备保存检测结果到: C:\code\show\Scrap_Steel_In_Field\photos\dangerous_det\detection_20260604_190246.jpg
2026-06-04 19:02:46 [INFO] 图像形状: (2160, 3840, 3)
2026-06-04 19:02:46 [INFO] 图像数据类型: uint8
2026-06-04 19:02:46 [INFO] 图像最大值: 255
2026-06-04 19:02:46 [INFO] 图像最小值: 0
2026-06-04 19:02:46 [INFO] 开始保存检测结果图像: 图像尺寸=(2160, 3840, 3), 类型=uint8, 路径=C:\code\show\Scrap_Steel_In_Field\photos\dangerous_det\detection_20260604_190246.jpg
2026-06-04 19:02:46 [INFO] 成功保存检测结果到: C:\code\show\Scrap_Steel_In_Field\photos\dangerous_det\detection_20260604_190246.jpg
2026-06-04 19:02:46 [INFO] 保存的检测结果文件大小: 2250401 字节
2026-06-04 19:02:46 [INFO] 引擎上下文已释放
2026-06-04 19:02:46 [INFO] TensorRT 引擎已释放
2026-06-04 19:02:46 [INFO] 全局 CUDA 资源已释放
2026-06-04 19:02:46 [INFO] 检测系统资源已释放
2026-06-04 19:02:51 [INFO] CUDA 初始化成功
2026-06-04 19:02:51 [INFO] 引擎加载成功: dangerous.engine
2026-06-04 19:02:51 [INFO] 检测系统初始化成功
2026-06-04 19:02:51 [INFO] 图像预处理完成，原始尺寸: (2160, 3840)
2026-06-04 19:02:51 [INFO] 开始执行目标检测...
2026-06-04 19:02:51 [INFO] 检测完成，找到 5 个物体
2026-06-04 19:02:51 [INFO] 物体 1: GasCyl1 (置信度: 0.90)
2026-06-04 19:02:51 [INFO] 物体 2: GasCyl1 (置信度: 0.83)
2026-06-04 19:02:51 [INFO] 物体 3: GasCyl1 (置信度: 0.41)
2026-06-04 19:02:51 [INFO] 物体 4: FireExt1 (置信度: 0.41)
2026-06-04 19:02:51 [INFO] 物体 5: FireExt1 (置信度: 0.39)
2026-06-04 19:02:51 [INFO] 检测到车兜区域，将过滤区域外的目标
2026-06-04 19:02:51 [INFO] 车兜区域过滤: 5 -> 4 个目标
2026-06-04 19:02:51 [INFO] 准备保存检测结果到: C:\code\show\Scrap_Steel_In_Field\photos\dangerous_det\detection_20260604_190251.jpg
2026-06-04 19:02:51 [INFO] 图像形状: (2160, 3840, 3)
2026-06-04 19:02:51 [INFO] 图像数据类型: uint8
2026-06-04 19:02:51 [INFO] 图像最大值: 255
2026-06-04 19:02:51 [INFO] 图像最小值: 0
2026-06-04 19:02:51 [INFO] 开始保存检测结果图像: 图像尺寸=(2160, 3840, 3), 类型=uint8, 路径=C:\code\show\Scrap_Steel_In_Field\photos\dangerous_det\detection_20260604_190251.jpg
2026-06-04 19:02:51 [INFO] 成功保存检测结果到: C:\code\show\Scrap_Steel_In_Field\photos\dangerous_det\detection_20260604_190251.jpg
2026-06-04 19:02:51 [INFO] 保存的检测结果文件大小: 2252034 字节
2026-06-04 19:02:51 [INFO] 引擎上下文已释放
2026-06-04 19:02:51 [INFO] TensorRT 引擎已释放
2026-06-04 19:02:51 [INFO] 全局 CUDA 资源已释放
2026-06-04 19:02:51 [INFO] 检测系统资源已释放
2026-06-04 19:02:56 [INFO] CUDA 初始化成功
2026-06-04 19:02:56 [INFO] 引擎加载成功: dangerous.engine
2026-06-04 19:02:56 [INFO] 检测系统初始化成功
2026-06-04 19:02:56 [INFO] 图像预处理完成，原始尺寸: (2160, 3840)
2026-06-04 19:02:56 [INFO] 开始执行目标检测...
2026-06-04 19:02:56 [INFO] 检测完成，找到 4 个物体
2026-06-04 19:02:56 [INFO] 物体 1: GasCyl1 (置信度: 0.90)
2026-06-04 19:02:56 [INFO] 物体 2: GasCyl1 (置信度: 0.82)
2026-06-04 19:02:56 [INFO] 物体 3: FireExt1 (置信度: 0.41)
2026-06-04 19:02:56 [INFO] 物体 4: FireExt1 (置信度: 0.38)
2026-06-04 19:02:56 [INFO] 检测到车兜区域，将过滤区域外的目标
2026-06-04 19:02:56 [INFO] 车兜区域过滤: 4 -> 3 个目标
2026-06-04 19:02:56 [INFO] 准备保存检测结果到: C:\code\show\Scrap_Steel_In_Field\photos\dangerous_det\detection_20260604_190256.jpg
2026-06-04 19:02:56 [INFO] 图像形状: (2160, 3840, 3)
2026-06-04 19:02:56 [INFO] 图像数据类型: uint8
2026-06-04 19:02:56 [INFO] 图像最大值: 255
2026-06-04 19:02:56 [INFO] 图像最小值: 0
2026-06-04 19:02:56 [INFO] 开始保存检测结果图像: 图像尺寸=(2160, 3840, 3), 类型=uint8, 路径=C:\code\show\Scrap_Steel_In_Field\photos\dangerous_det\detection_20260604_190256.jpg
2026-06-04 19:02:56 [INFO] 成功保存检测结果到: C:\code\show\Scrap_Steel_In_Field\photos\dangerous_det\detection_20260604_190256.jpg
2026-06-04 19:02:56 [INFO] 保存的检测结果文件大小: 2250446 字节
2026-06-04 19:02:56 [INFO] 引擎上下文已释放
2026-06-04 19:02:56 [INFO] TensorRT 引擎已释放
2026-06-04 19:02:56 [INFO] 全局 CUDA 资源已释放
2026-06-04 19:02:56 [INFO] 检测系统资源已释放
2026-06-04 19:03:01 [INFO] CUDA 初始化成功
2026-06-04 19:03:01 [INFO] 引擎加载成功: dangerous.engine
2026-06-04 19:03:01 [INFO] 检测系统初始化成功
2026-06-04 19:03:01 [INFO] 图像预处理完成，原始尺寸: (2160, 3840)
2026-06-04 19:03:01 [INFO] 开始执行目标检测...
2026-06-04 19:03:01 [INFO] 检测完成，找到 5 个物体
2026-06-04 19:03:01 [INFO] 物体 1: GasCyl1 (置信度: 0.90)
2026-06-04 19:03:01 [INFO] 物体 2: GasCyl1 (置信度: 0.81)
2026-06-04 19:03:01 [INFO] 物体 3: GasCyl1 (置信度: 0.65)
2026-06-04 19:03:01 [INFO] 物体 4: FireExt1 (置信度: 0.44)
2026-06-04 19:03:01 [INFO] 物体 5: FireExt1 (置信度: 0.40)
2026-06-04 19:03:01 [INFO] 检测到车兜区域，将过滤区域外的目标
2026-06-04 19:03:01 [INFO] 车兜区域过滤: 5 -> 4 个目标
2026-06-04 19:03:01 [INFO] 准备保存检测结果到: C:\code\show\Scrap_Steel_In_Field\photos\dangerous_det\detection_20260604_190301.jpg
2026-06-04 19:03:01 [INFO] 图像形状: (2160, 3840, 3)
2026-06-04 19:03:01 [INFO] 图像数据类型: uint8
2026-06-04 19:03:01 [INFO] 图像最大值: 255
2026-06-04 19:03:01 [INFO] 图像最小值: 0
2026-06-04 19:03:01 [INFO] 开始保存检测结果图像: 图像尺寸=(2160, 3840, 3), 类型=uint8, 路径=C:\code\show\Scrap_Steel_In_Field\photos\dangerous_det\detection_20260604_190301.jpg
2026-06-04 19:03:01 [INFO] 成功保存检测结果到: C:\code\show\Scrap_Steel_In_Field\photos\dangerous_det\detection_20260604_190301.jpg
2026-06-04 19:03:01 [INFO] 保存的检测结果文件大小: 2253911 字节
2026-06-04 19:03:01 [INFO] 引擎上下文已释放
2026-06-04 19:03:01 [INFO] TensorRT 引擎已释放
2026-06-04 19:03:01 [INFO] 全局 CUDA 资源已释放
2026-06-04 19:03:01 [INFO] 检测系统资源已释放
2026-06-04 19:03:06 [INFO] CUDA 初始化成功
2026-06-04 19:03:06 [INFO] 引擎加载成功: dangerous.engine
2026-06-04 19:03:06 [INFO] 检测系统初始化成功
2026-06-04 19:03:06 [INFO] 图像预处理完成，原始尺寸: (2160, 3840)
2026-06-04 19:03:06 [INFO] 开始执行目标检测...
2026-06-04 19:03:06 [INFO] 检测完成，找到 5 个物体
2026-06-04 19:03:06 [INFO] 物体 1: GasCyl1 (置信度: 0.89)
2026-06-04 19:03:06 [INFO] 物体 2: GasCyl1 (置信度: 0.81)
2026-06-04 19:03:06 [INFO] 物体 3: GasCyl1 (置信度: 0.42)
2026-06-04 19:03:06 [INFO] 物体 4: FireExt1 (置信度: 0.41)
2026-06-04 19:03:06 [INFO] 物体 5: FireExt1 (置信度: 0.41)
2026-06-04 19:03:06 [INFO] 检测到车兜区域，将过滤区域外的目标
2026-06-04 19:03:06 [INFO] 车兜区域过滤: 5 -> 4 个目标
2026-06-04 19:03:06 [INFO] 准备保存检测结果到: C:\code\show\Scrap_Steel_In_Field\photos\dangerous_det\detection_20260604_190306.jpg
2026-06-04 19:03:06 [INFO] 图像形状: (2160, 3840, 3)
2026-06-04 19:03:06 [INFO] 图像数据类型: uint8
2026-06-04 19:03:06 [INFO] 图像最大值: 255
2026-06-04 19:03:06 [INFO] 图像最小值: 0
2026-06-04 19:03:06 [INFO] 开始保存检测结果图像: 图像尺寸=(2160, 3840, 3), 类型=uint8, 路径=C:\code\show\Scrap_Steel_In_Field\photos\dangerous_det\detection_20260604_190306.jpg
2026-06-04 19:03:06 [INFO] 成功保存检测结果到: C:\code\show\Scrap_Steel_In_Field\photos\dangerous_det\detection_20260604_190306.jpg
2026-06-04 19:03:06 [INFO] 保存的检测结果文件大小: 2251520 字节
2026-06-04 19:03:06 [INFO] 引擎上下文已释放
2026-06-04 19:03:06 [INFO] TensorRT 引擎已释放
2026-06-04 19:03:06 [INFO] 全局 CUDA 资源已释放
2026-06-04 19:03:06 [INFO] 检测系统资源已释放
2026-06-04 19:03:12 [INFO] CUDA 初始化成功
2026-06-04 19:03:12 [INFO] 引擎加载成功: dangerous.engine
2026-06-04 19:03:12 [INFO] 检测系统初始化成功
2026-06-04 19:03:12 [INFO] 图像预处理完成，原始尺寸: (2160, 3840)
2026-06-04 19:03:12 [INFO] 开始执行目标检测...
2026-06-04 19:03:12 [INFO] 检测完成，找到 6 个物体
2026-06-04 19:03:12 [INFO] 物体 1: GasCyl1 (置信度: 0.89)
2026-06-04 19:03:12 [INFO] 物体 2: GasCyl1 (置信度: 0.82)
2026-06-04 19:03:12 [INFO] 物体 3: FireExt1 (置信度: 0.41)
2026-06-04 19:03:12 [INFO] 物体 4: FireExt1 (置信度: 0.37)
2026-06-04 19:03:12 [INFO] 物体 5: FireExt1 (置信度: 0.35)
2026-06-04 19:03:12 [INFO] 物体 6: GasCyl1 (置信度: 0.35)
2026-06-04 19:03:12 [INFO] 检测到车兜区域，将过滤区域外的目标
2026-06-04 19:03:12 [INFO] 车兜区域过滤: 6 -> 5 个目标
2026-06-04 19:03:12 [INFO] 准备保存检测结果到: C:\code\show\Scrap_Steel_In_Field\photos\dangerous_det\detection_20260604_190312.jpg
2026-06-04 19:03:12 [INFO] 图像形状: (2160, 3840, 3)
2026-06-04 19:03:12 [INFO] 图像数据类型: uint8
2026-06-04 19:03:12 [INFO] 图像最大值: 255
2026-06-04 19:03:12 [INFO] 图像最小值: 0
2026-06-04 19:03:12 [INFO] 开始保存检测结果图像: 图像尺寸=(2160, 3840, 3), 类型=uint8, 路径=C:\code\show\Scrap_Steel_In_Field\photos\dangerous_det\detection_20260604_190312.jpg
2026-06-04 19:03:12 [INFO] 成功保存检测结果到: C:\code\show\Scrap_Steel_In_Field\photos\dangerous_det\detection_20260604_190312.jpg
2026-06-04 19:03:12 [INFO] 保存的检测结果文件大小: 2253230 字节
2026-06-04 19:03:12 [INFO] 引擎上下文已释放
2026-06-04 19:03:12 [INFO] TensorRT 引擎已释放
2026-06-04 19:03:12 [INFO] 全局 CUDA 资源已释放
2026-06-04 19:03:12 [INFO] 检测系统资源已释放
2026-06-04 19:03:17 [INFO] CUDA 初始化成功
2026-06-04 19:03:17 [INFO] 引擎加载成功: dangerous.engine
2026-06-04 19:03:17 [INFO] 检测系统初始化成功
2026-06-04 19:03:17 [INFO] 图像预处理完成，原始尺寸: (2160, 3840)
2026-06-04 19:03:17 [INFO] 开始执行目标检测...
2026-06-04 19:03:17 [INFO] 检测完成，找到 5 个物体
2026-06-04 19:03:17 [INFO] 物体 1: GasCyl1 (置信度: 0.91)
2026-06-04 19:03:17 [INFO] 物体 2: GasCyl1 (置信度: 0.80)
2026-06-04 19:03:17 [INFO] 物体 3: FireExt1 (置信度: 0.41)
2026-06-04 19:03:17 [INFO] 物体 4: FireExt1 (置信度: 0.37)
2026-06-04 19:03:17 [INFO] 物体 5: GasCyl1 (置信度: 0.35)
2026-06-04 19:03:17 [INFO] 检测到车兜区域，将过滤区域外的目标
2026-06-04 19:03:17 [INFO] 车兜区域过滤: 5 -> 4 个目标
2026-06-04 19:03:17 [INFO] 准备保存检测结果到: C:\code\show\Scrap_Steel_In_Field\photos\dangerous_det\detection_20260604_190317.jpg
2026-06-04 19:03:17 [INFO] 图像形状: (2160, 3840, 3)
2026-06-04 19:03:17 [INFO] 图像数据类型: uint8
2026-06-04 19:03:17 [INFO] 图像最大值: 255
2026-06-04 19:03:17 [INFO] 图像最小值: 0
2026-06-04 19:03:17 [INFO] 开始保存检测结果图像: 图像尺寸=(2160, 3840, 3), 类型=uint8, 路径=C:\code\show\Scrap_Steel_In_Field\photos\dangerous_det\detection_20260604_190317.jpg
2026-06-04 19:03:17 [INFO] 成功保存检测结果到: C:\code\show\Scrap_Steel_In_Field\photos\dangerous_det\detection_20260604_190317.jpg
2026-06-04 19:03:17 [INFO] 保存的检测结果文件大小: 2248051 字节
2026-06-04 19:03:17 [INFO] 引擎上下文已释放
2026-06-04 19:03:17 [INFO] TensorRT 引擎已释放
2026-06-04 19:03:17 [INFO] 全局 CUDA 资源已释放
2026-06-04 19:03:17 [INFO] 检测系统资源已释放
2026-06-04 19:03:22 [INFO] CUDA 初始化成功
2026-06-04 19:03:22 [INFO] 引擎加载成功: dangerous.engine
2026-06-04 19:03:22 [INFO] 检测系统初始化成功
2026-06-04 19:03:22 [INFO] 图像预处理完成，原始尺寸: (2160, 3840)
2026-06-04 19:03:22 [INFO] 开始执行目标检测...
2026-06-04 19:03:22 [INFO] 检测完成，找到 4 个物体
2026-06-04 19:03:22 [INFO] 物体 1: GasCyl1 (置信度: 0.90)
2026-06-04 19:03:22 [INFO] 物体 2: GasCyl1 (置信度: 0.83)
2026-06-04 19:03:22 [INFO] 物体 3: FireExt1 (置信度: 0.42)
2026-06-04 19:03:22 [INFO] 物体 4: FireExt1 (置信度: 0.37)
2026-06-04 19:03:22 [INFO] 检测到车兜区域，将过滤区域外的目标
2026-06-04 19:03:22 [INFO] 车兜区域过滤: 4 -> 3 个目标
2026-06-04 19:03:22 [INFO] 准备保存检测结果到: C:\code\show\Scrap_Steel_In_Field\photos\dangerous_det\detection_20260604_190322.jpg
2026-06-04 19:03:22 [INFO] 图像形状: (2160, 3840, 3)
2026-06-04 19:03:22 [INFO] 图像数据类型: uint8
2026-06-04 19:03:22 [INFO] 图像最大值: 255
2026-06-04 19:03:22 [INFO] 图像最小值: 0
2026-06-04 19:03:22 [INFO] 开始保存检测结果图像: 图像尺寸=(2160, 3840, 3), 类型=uint8, 路径=C:\code\show\Scrap_Steel_In_Field\photos\dangerous_det\detection_20260604_190322.jpg
2026-06-04 19:03:22 [INFO] 成功保存检测结果到: C:\code\show\Scrap_Steel_In_Field\photos\dangerous_det\detection_20260604_190322.jpg
2026-06-04 19:03:22 [INFO] 保存的检测结果文件大小: 2252235 字节
2026-06-04 19:03:22 [INFO] 引擎上下文已释放
2026-06-04 19:03:22 [INFO] TensorRT 引擎已释放
2026-06-04 19:03:22 [INFO] 全局 CUDA 资源已释放
2026-06-04 19:03:22 [INFO] 检测系统资源已释放
2026-06-04 19:03:27 [INFO] CUDA 初始化成功
2026-06-04 19:03:27 [INFO] 引擎加载成功: dangerous.engine
2026-06-04 19:03:27 [INFO] 检测系统初始化成功
2026-06-04 19:03:27 [INFO] 图像预处理完成，原始尺寸: (2160, 3840)
2026-06-04 19:03:27 [INFO] 开始执行目标检测...
2026-06-04 19:03:27 [INFO] 检测完成，找到 5 个物体
2026-06-04 19:03:27 [INFO] 物体 1: GasCyl1 (置信度: 0.90)
2026-06-04 19:03:27 [INFO] 物体 2: GasCyl1 (置信度: 0.80)
2026-06-04 19:03:27 [INFO] 物体 3: GasCyl1 (置信度: 0.47)
2026-06-04 19:03:27 [INFO] 物体 4: FireExt1 (置信度: 0.41)
2026-06-04 19:03:27 [INFO] 物体 5: FireExt1 (置信度: 0.41)
2026-06-04 19:03:27 [INFO] 检测到车兜区域，将过滤区域外的目标
2026-06-04 19:03:27 [INFO] 车兜区域过滤: 5 -> 4 个目标
2026-06-04 19:03:27 [INFO] 准备保存检测结果到: C:\code\show\Scrap_Steel_In_Field\photos\dangerous_det\detection_20260604_190327.jpg
2026-06-04 19:03:27 [INFO] 图像形状: (2160, 3840, 3)
2026-06-04 19:03:27 [INFO] 图像数据类型: uint8
2026-06-04 19:03:27 [INFO] 图像最大值: 255
2026-06-04 19:03:27 [INFO] 图像最小值: 0
2026-06-04 19:03:27 [INFO] 开始保存检测结果图像: 图像尺寸=(2160, 3840, 3), 类型=uint8, 路径=C:\code\show\Scrap_Steel_In_Field\photos\dangerous_det\detection_20260604_190327.jpg
2026-06-04 19:03:27 [INFO] 成功保存检测结果到: C:\code\show\Scrap_Steel_In_Field\photos\dangerous_det\detection_20260604_190327.jpg
2026-06-04 19:03:27 [INFO] 保存的检测结果文件大小: 2250740 字节
2026-06-04 19:03:27 [INFO] 引擎上下文已释放
2026-06-04 19:03:27 [INFO] TensorRT 引擎已释放
2026-06-04 19:03:27 [INFO] 全局 CUDA 资源已释放
2026-06-04 19:03:27 [INFO] 检测系统资源已释放
2026-06-04 19:03:32 [INFO] CUDA 初始化成功
2026-06-04 19:03:32 [INFO] 引擎加载成功: dangerous.engine
2026-06-04 19:03:32 [INFO] 检测系统初始化成功
2026-06-04 19:03:32 [INFO] 图像预处理完成，原始尺寸: (2160, 3840)
2026-06-04 19:03:32 [INFO] 开始执行目标检测...
2026-06-04 19:03:32 [INFO] 检测完成，找到 5 个物体
2026-06-04 19:03:32 [INFO] 物体 1: GasCyl1 (置信度: 0.91)
2026-06-04 19:03:32 [INFO] 物体 2: GasCyl1 (置信度: 0.82)
2026-06-04 19:03:32 [INFO] 物体 3: GasCyl1 (置信度: 0.61)
2026-06-04 19:03:32 [INFO] 物体 4: FireExt1 (置信度: 0.43)
2026-06-04 19:03:32 [INFO] 物体 5: FireExt1 (置信度: 0.38)
2026-06-04 19:03:32 [INFO] 检测到车兜区域，将过滤区域外的目标
2026-06-04 19:03:32 [INFO] 车兜区域过滤: 5 -> 4 个目标
2026-06-04 19:03:32 [INFO] 准备保存检测结果到: C:\code\show\Scrap_Steel_In_Field\photos\dangerous_det\detection_20260604_190332.jpg
2026-06-04 19:03:32 [INFO] 图像形状: (2160, 3840, 3)
2026-06-04 19:03:32 [INFO] 图像数据类型: uint8
2026-06-04 19:03:32 [INFO] 图像最大值: 255
2026-06-04 19:03:32 [INFO] 图像最小值: 0
2026-06-04 19:03:32 [INFO] 开始保存检测结果图像: 图像尺寸=(2160, 3840, 3), 类型=uint8, 路径=C:\code\show\Scrap_Steel_In_Field\photos\dangerous_det\detection_20260604_190332.jpg
2026-06-04 19:03:32 [INFO] 成功保存检测结果到: C:\code\show\Scrap_Steel_In_Field\photos\dangerous_det\detection_20260604_190332.jpg
2026-06-04 19:03:32 [INFO] 保存的检测结果文件大小: 2252058 字节
2026-06-04 19:03:32 [INFO] 引擎上下文已释放
2026-06-04 19:03:32 [INFO] TensorRT 引擎已释放
2026-06-04 19:03:32 [INFO] 全局 CUDA 资源已释放
2026-06-04 19:03:32 [INFO] 检测系统资源已释放
2026-06-04 19:03:37 [INFO] CUDA 初始化成功
2026-06-04 19:03:37 [INFO] 引擎加载成功: dangerous.engine
2026-06-04 19:03:37 [INFO] 检测系统初始化成功
2026-06-04 19:03:37 [INFO] 图像预处理完成，原始尺寸: (2160, 3840)
2026-06-04 19:03:37 [INFO] 开始执行目标检测...
2026-06-04 19:03:37 [INFO] 检测完成，找到 4 个物体
2026-06-04 19:03:37 [INFO] 物体 1: GasCyl1 (置信度: 0.90)
2026-06-04 19:03:37 [INFO] 物体 2: GasCyl1 (置信度: 0.76)
2026-06-04 19:03:37 [INFO] 物体 3: FireExt1 (置信度: 0.42)
2026-06-04 19:03:37 [INFO] 物体 4: FireExt1 (置信度: 0.38)
2026-06-04 19:03:37 [INFO] 检测到车兜区域，将过滤区域外的目标
2026-06-04 19:03:37 [INFO] 车兜区域过滤: 4 -> 3 个目标
2026-06-04 19:03:37 [INFO] 准备保存检测结果到: C:\code\show\Scrap_Steel_In_Field\photos\dangerous_det\detection_20260604_190337.jpg
2026-06-04 19:03:37 [INFO] 图像形状: (2160, 3840, 3)
2026-06-04 19:03:37 [INFO] 图像数据类型: uint8
2026-06-04 19:03:37 [INFO] 图像最大值: 255
2026-06-04 19:03:37 [INFO] 图像最小值: 0
2026-06-04 19:03:37 [INFO] 开始保存检测结果图像: 图像尺寸=(2160, 3840, 3), 类型=uint8, 路径=C:\code\show\Scrap_Steel_In_Field\photos\dangerous_det\detection_20260604_190337.jpg
2026-06-04 19:03:37 [INFO] 成功保存检测结果到: C:\code\show\Scrap_Steel_In_Field\photos\dangerous_det\detection_20260604_190337.jpg
2026-06-04 19:03:37 [INFO] 保存的检测结果文件大小: 2244095 字节
2026-06-04 19:03:37 [INFO] 引擎上下文已释放
2026-06-04 19:03:37 [INFO] TensorRT 引擎已释放
2026-06-04 19:03:37 [INFO] 全局 CUDA 资源已释放
2026-06-04 19:03:37 [INFO] 检测系统资源已释放
2026-06-04 19:03:43 [INFO] CUDA 初始化成功
2026-06-04 19:03:43 [INFO] 引擎加载成功: dangerous.engine
2026-06-04 19:03:43 [INFO] 检测系统初始化成功
2026-06-04 19:03:43 [INFO] 图像预处理完成，原始尺寸: (2160, 3840)
2026-06-04 19:03:43 [INFO] 开始执行目标检测...
2026-06-04 19:03:43 [INFO] 检测完成，找到 6 个物体
2026-06-04 19:03:43 [INFO] 物体 1: GasCyl1 (置信度: 0.90)
2026-06-04 19:03:43 [INFO] 物体 2: GasCyl1 (置信度: 0.81)
2026-06-04 19:03:43 [INFO] 物体 3: FireExt1 (置信度: 0.43)
2026-06-04 19:03:43 [INFO] 物体 4: FireExt1 (置信度: 0.40)
2026-06-04 19:03:43 [INFO] 物体 5: GasCyl1 (置信度: 0.37)
2026-06-04 19:03:43 [INFO] 物体 6: FireExt1 (置信度: 0.36)
2026-06-04 19:03:43 [INFO] 检测到车兜区域，将过滤区域外的目标
2026-06-04 19:03:43 [INFO] 车兜区域过滤: 6 -> 5 个目标
2026-06-04 19:03:43 [INFO] 准备保存检测结果到: C:\code\show\Scrap_Steel_In_Field\photos\dangerous_det\detection_20260604_190343.jpg
2026-06-04 19:03:43 [INFO] 图像形状: (2160, 3840, 3)
2026-06-04 19:03:43 [INFO] 图像数据类型: uint8
2026-06-04 19:03:43 [INFO] 图像最大值: 255
2026-06-04 19:03:43 [INFO] 图像最小值: 0
2026-06-04 19:03:43 [INFO] 开始保存检测结果图像: 图像尺寸=(2160, 3840, 3), 类型=uint8, 路径=C:\code\show\Scrap_Steel_In_Field\photos\dangerous_det\detection_20260604_190343.jpg
2026-06-04 19:03:43 [INFO] 成功保存检测结果到: C:\code\show\Scrap_Steel_In_Field\photos\dangerous_det\detection_20260604_190343.jpg
2026-06-04 19:03:43 [INFO] 保存的检测结果文件大小: 2253360 字节
2026-06-04 19:03:43 [INFO] 引擎上下文已释放
2026-06-04 19:03:43 [INFO] TensorRT 引擎已释放
2026-06-04 19:03:43 [INFO] 全局 CUDA 资源已释放
2026-06-04 19:03:43 [INFO] 检测系统资源已释放
2026-06-04 19:03:48 [INFO] CUDA 初始化成功
2026-06-04 19:03:48 [INFO] 引擎加载成功: dangerous.engine
2026-06-04 19:03:48 [INFO] 检测系统初始化成功
2026-06-04 19:03:48 [INFO] 图像预处理完成，原始尺寸: (2160, 3840)
2026-06-04 19:03:48 [INFO] 开始执行目标检测...
2026-06-04 19:03:48 [INFO] 检测完成，找到 4 个物体
2026-06-04 19:03:48 [INFO] 物体 1: GasCyl1 (置信度: 0.90)
2026-06-04 19:03:48 [INFO] 物体 2: GasCyl1 (置信度: 0.78)
2026-06-04 19:03:48 [INFO] 物体 3: GasCyl1 (置信度: 0.63)
2026-06-04 19:03:48 [INFO] 物体 4: FireExt1 (置信度: 0.37)
2026-06-04 19:03:48 [INFO] 检测到车兜区域，将过滤区域外的目标
2026-06-04 19:03:48 [INFO] 车兜区域过滤: 4 -> 3 个目标
2026-06-04 19:03:48 [INFO] 准备保存检测结果到: C:\code\show\Scrap_Steel_In_Field\photos\dangerous_det\detection_20260604_190348.jpg
2026-06-04 19:03:48 [INFO] 图像形状: (2160, 3840, 3)
2026-06-04 19:03:48 [INFO] 图像数据类型: uint8
2026-06-04 19:03:48 [INFO] 图像最大值: 255
2026-06-04 19:03:48 [INFO] 图像最小值: 0
2026-06-04 19:03:48 [INFO] 开始保存检测结果图像: 图像尺寸=(2160, 3840, 3), 类型=uint8, 路径=C:\code\show\Scrap_Steel_In_Field\photos\dangerous_det\detection_20260604_190348.jpg
2026-06-04 19:03:48 [INFO] 成功保存检测结果到: C:\code\show\Scrap_Steel_In_Field\photos\dangerous_det\detection_20260604_190348.jpg
2026-06-04 19:03:48 [INFO] 保存的检测结果文件大小: 2247052 字节
2026-06-04 19:03:48 [INFO] 引擎上下文已释放
2026-06-04 19:03:48 [INFO] TensorRT 引擎已释放
2026-06-04 19:03:48 [INFO] 全局 CUDA 资源已释放
2026-06-04 19:03:48 [INFO] 检测系统资源已释放
2026-06-04 19:03:53 [INFO] CUDA 初始化成功
2026-06-04 19:03:53 [INFO] 引擎加载成功: dangerous.engine
2026-06-04 19:03:53 [INFO] 检测系统初始化成功
2026-06-04 19:03:53 [INFO] 图像预处理完成，原始尺寸: (2160, 3840)
2026-06-04 19:03:53 [INFO] 开始执行目标检测...
2026-06-04 19:03:53 [INFO] 检测完成，找到 6 个物体
2026-06-04 19:03:53 [INFO] 物体 1: GasCyl1 (置信度: 0.90)
2026-06-04 19:03:53 [INFO] 物体 2: GasCyl1 (置信度: 0.83)
2026-06-04 19:03:53 [INFO] 物体 3: GasCyl1 (置信度: 0.47)
2026-06-04 19:03:53 [INFO] 物体 4: FireExt1 (置信度: 0.39)
2026-06-04 19:03:53 [INFO] 物体 5: FireExt1 (置信度: 0.38)
2026-06-04 19:03:53 [INFO] 物体 6: FireExt1 (置信度: 0.36)
2026-06-04 19:03:53 [INFO] 检测到车兜区域，将过滤区域外的目标
2026-06-04 19:03:53 [INFO] 车兜区域过滤: 6 -> 5 个目标
2026-06-04 19:03:53 [INFO] 准备保存检测结果到: C:\code\show\Scrap_Steel_In_Field\photos\dangerous_det\detection_20260604_190353.jpg
2026-06-04 19:03:53 [INFO] 图像形状: (2160, 3840, 3)
2026-06-04 19:03:53 [INFO] 图像数据类型: uint8
2026-06-04 19:03:53 [INFO] 图像最大值: 255
2026-06-04 19:03:53 [INFO] 图像最小值: 0
2026-06-04 19:03:53 [INFO] 开始保存检测结果图像: 图像尺寸=(2160, 3840, 3), 类型=uint8, 路径=C:\code\show\Scrap_Steel_In_Field\photos\dangerous_det\detection_20260604_190353.jpg
2026-06-04 19:03:53 [INFO] 成功保存检测结果到: C:\code\show\Scrap_Steel_In_Field\photos\dangerous_det\detection_20260604_190353.jpg
2026-06-04 19:03:53 [INFO] 保存的检测结果文件大小: 2254557 字节
2026-06-04 19:03:53 [INFO] 引擎上下文已释放
2026-06-04 19:03:53 [INFO] TensorRT 引擎已释放
2026-06-04 19:03:53 [INFO] 全局 CUDA 资源已释放
2026-06-04 19:03:53 [INFO] 检测系统资源已释放
2026-06-04 19:03:58 [INFO] CUDA 初始化成功
2026-06-04 19:03:58 [INFO] 引擎加载成功: dangerous.engine
2026-06-04 19:03:58 [INFO] 检测系统初始化成功
2026-06-04 19:03:58 [INFO] 图像预处理完成，原始尺寸: (2160, 3840)
2026-06-04 19:03:58 [INFO] 开始执行目标检测...
2026-06-04 19:03:58 [INFO] 检测完成，找到 5 个物体
2026-06-04 19:03:58 [INFO] 物体 1: GasCyl1 (置信度: 0.89)
2026-06-04 19:03:58 [INFO] 物体 2: GasCyl1 (置信度: 0.81)
2026-06-04 19:03:58 [INFO] 物体 3: FireExt1 (置信度: 0.44)
2026-06-04 19:03:58 [INFO] 物体 4: FireExt1 (置信度: 0.43)
2026-06-04 19:03:58 [INFO] 物体 5: GasCyl1 (置信度: 0.37)
2026-06-04 19:03:58 [INFO] 检测到车兜区域，将过滤区域外的目标
2026-06-04 19:03:58 [INFO] 车兜区域过滤: 5 -> 4 个目标
2026-06-04 19:03:58 [INFO] 准备保存检测结果到: C:\code\show\Scrap_Steel_In_Field\photos\dangerous_det\detection_20260604_190358.jpg
2026-06-04 19:03:58 [INFO] 图像形状: (2160, 3840, 3)
2026-06-04 19:03:58 [INFO] 图像数据类型: uint8
2026-06-04 19:03:58 [INFO] 图像最大值: 255
2026-06-04 19:03:58 [INFO] 图像最小值: 0
2026-06-04 19:03:58 [INFO] 开始保存检测结果图像: 图像尺寸=(2160, 3840, 3), 类型=uint8, 路径=C:\code\show\Scrap_Steel_In_Field\photos\dangerous_det\detection_20260604_190358.jpg
2026-06-04 19:03:58 [INFO] 成功保存检测结果到: C:\code\show\Scrap_Steel_In_Field\photos\dangerous_det\detection_20260604_190358.jpg
2026-06-04 19:03:58 [INFO] 保存的检测结果文件大小: 2248415 字节
2026-06-04 19:03:58 [INFO] 引擎上下文已释放
2026-06-04 19:03:58 [INFO] TensorRT 引擎已释放
2026-06-04 19:03:58 [INFO] 全局 CUDA 资源已释放
2026-06-04 19:03:58 [INFO] 检测系统资源已释放
2026-06-04 19:04:03 [INFO] CUDA 初始化成功
2026-06-04 19:04:04 [INFO] 引擎加载成功: dangerous.engine
2026-06-04 19:04:04 [INFO] 检测系统初始化成功
2026-06-04 19:04:04 [INFO] 图像预处理完成，原始尺寸: (2160, 3840)
2026-06-04 19:04:04 [INFO] 开始执行目标检测...
2026-06-04 19:04:04 [INFO] 检测完成，找到 5 个物体
2026-06-04 19:04:04 [INFO] 物体 1: GasCyl1 (置信度: 0.90)
2026-06-04 19:04:04 [INFO] 物体 2: GasCyl1 (置信度: 0.81)
2026-06-04 19:04:04 [INFO] 物体 3: GasCyl1 (置信度: 0.56)
2026-06-04 19:04:04 [INFO] 物体 4: FireExt1 (置信度: 0.40)
2026-06-04 19:04:04 [INFO] 物体 5: FireExt1 (置信度: 0.37)
2026-06-04 19:04:04 [INFO] 检测到车兜区域，将过滤区域外的目标
2026-06-04 19:04:04 [INFO] 车兜区域过滤: 5 -> 4 个目标
2026-06-04 19:04:04 [INFO] 准备保存检测结果到: C:\code\show\Scrap_Steel_In_Field\photos\dangerous_det\detection_20260604_190404.jpg
2026-06-04 19:04:04 [INFO] 图像形状: (2160, 3840, 3)
2026-06-04 19:04:04 [INFO] 图像数据类型: uint8
2026-06-04 19:04:04 [INFO] 图像最大值: 255
2026-06-04 19:04:04 [INFO] 图像最小值: 0
2026-06-04 19:04:04 [INFO] 开始保存检测结果图像: 图像尺寸=(2160, 3840, 3), 类型=uint8, 路径=C:\code\show\Scrap_Steel_In_Field\photos\dangerous_det\detection_20260604_190404.jpg
2026-06-04 19:04:04 [INFO] 成功保存检测结果到: C:\code\show\Scrap_Steel_In_Field\photos\dangerous_det\detection_20260604_190404.jpg
2026-06-04 19:04:04 [INFO] 保存的检测结果文件大小: 2249422 字节
2026-06-04 19:04:04 [INFO] 引擎上下文已释放
2026-06-04 19:04:04 [INFO] TensorRT 引擎已释放
2026-06-04 19:04:04 [INFO] 全局 CUDA 资源已释放
2026-06-04 19:04:04 [INFO] 检测系统资源已释放
2026-06-04 19:04:09 [INFO] CUDA 初始化成功
2026-06-04 19:04:09 [INFO] 引擎加载成功: dangerous.engine
2026-06-04 19:04:09 [INFO] 检测系统初始化成功
2026-06-04 19:04:09 [INFO] 图像预处理完成，原始尺寸: (2160, 3840)
2026-06-04 19:04:09 [INFO] 开始执行目标检测...
2026-06-04 19:04:09 [INFO] 检测完成，找到 5 个物体
2026-06-04 19:04:09 [INFO] 物体 1: GasCyl1 (置信度: 0.90)
2026-06-04 19:04:09 [INFO] 物体 2: GasCyl1 (置信度: 0.81)
2026-06-04 19:04:09 [INFO] 物体 3: GasCyl1 (置信度: 0.46)
2026-06-04 19:04:09 [INFO] 物体 4: GasCyl1 (置信度: 0.43)
2026-06-04 19:04:09 [INFO] 物体 5: FireExt1 (置信度: 0.39)
2026-06-04 19:04:09 [INFO] 检测到车兜区域，将过滤区域外的目标
2026-06-04 19:04:09 [INFO] 车兜区域过滤: 5 -> 4 个目标
2026-06-04 19:04:09 [INFO] 准备保存检测结果到: C:\code\show\Scrap_Steel_In_Field\photos\dangerous_det\detection_20260604_190409.jpg
2026-06-04 19:04:09 [INFO] 图像形状: (2160, 3840, 3)
2026-06-04 19:04:09 [INFO] 图像数据类型: uint8
2026-06-04 19:04:09 [INFO] 图像最大值: 255
2026-06-04 19:04:09 [INFO] 图像最小值: 0
2026-06-04 19:04:09 [INFO] 开始保存检测结果图像: 图像尺寸=(2160, 3840, 3), 类型=uint8, 路径=C:\code\show\Scrap_Steel_In_Field\photos\dangerous_det\detection_20260604_190409.jpg
2026-06-04 19:04:09 [INFO] 成功保存检测结果到: C:\code\show\Scrap_Steel_In_Field\photos\dangerous_det\detection_20260604_190409.jpg
2026-06-04 19:04:09 [INFO] 保存的检测结果文件大小: 2252467 字节
2026-06-04 19:04:09 [INFO] 引擎上下文已释放
2026-06-04 19:04:09 [INFO] TensorRT 引擎已释放
2026-06-04 19:04:09 [INFO] 全局 CUDA 资源已释放
2026-06-04 19:04:09 [INFO] 检测系统资源已释放
2026-06-04 19:04:14 [INFO] CUDA 初始化成功
2026-06-04 19:04:14 [INFO] 引擎加载成功: dangerous.engine
2026-06-04 19:04:14 [INFO] 检测系统初始化成功
2026-06-04 19:04:14 [INFO] 图像预处理完成，原始尺寸: (2160, 3840)
2026-06-04 19:04:14 [INFO] 开始执行目标检测...
2026-06-04 19:04:14 [INFO] 检测完成，找到 4 个物体
2026-06-04 19:04:14 [INFO] 物体 1: GasCyl1 (置信度: 0.90)
2026-06-04 19:04:14 [INFO] 物体 2: GasCyl1 (置信度: 0.78)
2026-06-04 19:04:14 [INFO] 物体 3: FireExt1 (置信度: 0.41)
2026-06-04 19:04:14 [INFO] 物体 4: FireExt1 (置信度: 0.40)
2026-06-04 19:04:14 [INFO] 检测到车兜区域，将过滤区域外的目标
2026-06-04 19:04:14 [INFO] 车兜区域过滤: 4 -> 3 个目标
2026-06-04 19:04:14 [INFO] 准备保存检测结果到: C:\code\show\Scrap_Steel_In_Field\photos\dangerous_det\detection_20260604_190414.jpg
2026-06-04 19:04:14 [INFO] 图像形状: (2160, 3840, 3)
2026-06-04 19:04:14 [INFO] 图像数据类型: uint8
2026-06-04 19:04:14 [INFO] 图像最大值: 255
2026-06-04 19:04:14 [INFO] 图像最小值: 0
2026-06-04 19:04:14 [INFO] 开始保存检测结果图像: 图像尺寸=(2160, 3840, 3), 类型=uint8, 路径=C:\code\show\Scrap_Steel_In_Field\photos\dangerous_det\detection_20260604_190414.jpg
2026-06-04 19:04:14 [INFO] 成功保存检测结果到: C:\code\show\Scrap_Steel_In_Field\photos\dangerous_det\detection_20260604_190414.jpg
2026-06-04 19:04:14 [INFO] 保存的检测结果文件大小: 2248502 字节
2026-06-04 19:04:14 [INFO] 引擎上下文已释放
2026-06-04 19:04:14 [INFO] TensorRT 引擎已释放
2026-06-04 19:04:14 [INFO] 全局 CUDA 资源已释放
2026-06-04 19:04:14 [INFO] 检测系统资源已释放
2026-06-04 19:04:19 [INFO] CUDA 初始化成功
2026-06-04 19:04:19 [INFO] 引擎加载成功: dangerous.engine
2026-06-04 19:04:19 [INFO] 检测系统初始化成功
2026-06-04 19:04:19 [INFO] 图像预处理完成，原始尺寸: (2160, 3840)
2026-06-04 19:04:19 [INFO] 开始执行目标检测...
2026-06-04 19:04:19 [INFO] 检测完成，找到 5 个物体
2026-06-04 19:04:19 [INFO] 物体 1: GasCyl1 (置信度: 0.90)
2026-06-04 19:04:19 [INFO] 物体 2: GasCyl1 (置信度: 0.79)
2026-06-04 19:04:19 [INFO] 物体 3: FireExt1 (置信度: 0.40)
2026-06-04 19:04:19 [INFO] 物体 4: FireExt1 (置信度: 0.36)
2026-06-04 19:04:19 [INFO] 物体 5: GasCyl1 (置信度: 0.35)
2026-06-04 19:04:19 [INFO] 检测到车兜区域，将过滤区域外的目标
2026-06-04 19:04:19 [INFO] 车兜区域过滤: 5 -> 4 个目标
2026-06-04 19:04:19 [INFO] 准备保存检测结果到: C:\code\show\Scrap_Steel_In_Field\photos\dangerous_det\detection_20260604_190419.jpg
2026-06-04 19:04:19 [INFO] 图像形状: (2160, 3840, 3)
2026-06-04 19:04:19 [INFO] 图像数据类型: uint8
2026-06-04 19:04:19 [INFO] 图像最大值: 255
2026-06-04 19:04:19 [INFO] 图像最小值: 0
2026-06-04 19:04:19 [INFO] 开始保存检测结果图像: 图像尺寸=(2160, 3840, 3), 类型=uint8, 路径=C:\code\show\Scrap_Steel_In_Field\photos\dangerous_det\detection_20260604_190419.jpg
2026-06-04 19:04:19 [INFO] 成功保存检测结果到: C:\code\show\Scrap_Steel_In_Field\photos\dangerous_det\detection_20260604_190419.jpg
2026-06-04 19:04:19 [INFO] 保存的检测结果文件大小: 2247385 字节
2026-06-04 19:04:19 [INFO] 引擎上下文已释放
2026-06-04 19:04:19 [INFO] TensorRT 引擎已释放
2026-06-04 19:04:19 [INFO] 全局 CUDA 资源已释放
2026-06-04 19:04:19 [INFO] 检测系统资源已释放
2026-06-04 19:04:24 [INFO] CUDA 初始化成功
2026-06-04 19:04:24 [INFO] 引擎加载成功: dangerous.engine
2026-06-04 19:04:24 [INFO] 检测系统初始化成功
2026-06-04 19:04:24 [INFO] 图像预处理完成，原始尺寸: (2160, 3840)
2026-06-04 19:04:24 [INFO] 开始执行目标检测...
2026-06-04 19:04:24 [INFO] 检测完成，找到 5 个物体
2026-06-04 19:04:24 [INFO] 物体 1: GasCyl1 (置信度: 0.90)
2026-06-04 19:04:24 [INFO] 物体 2: GasCyl1 (置信度: 0.81)
2026-06-04 19:04:24 [INFO] 物体 3: GasCyl1 (置信度: 0.50)
2026-06-04 19:04:24 [INFO] 物体 4: FireExt1 (置信度: 0.41)
2026-06-04 19:04:24 [INFO] 物体 5: FireExt1 (置信度: 0.36)
2026-06-04 19:04:24 [INFO] 检测到车兜区域，将过滤区域外的目标
2026-06-04 19:04:24 [INFO] 车兜区域过滤: 5 -> 4 个目标
2026-06-04 19:04:24 [INFO] 准备保存检测结果到: C:\code\show\Scrap_Steel_In_Field\photos\dangerous_det\detection_20260604_190424.jpg
2026-06-04 19:04:24 [INFO] 图像形状: (2160, 3840, 3)
2026-06-04 19:04:24 [INFO] 图像数据类型: uint8
2026-06-04 19:04:24 [INFO] 图像最大值: 255
2026-06-04 19:04:24 [INFO] 图像最小值: 0
2026-06-04 19:04:24 [INFO] 开始保存检测结果图像: 图像尺寸=(2160, 3840, 3), 类型=uint8, 路径=C:\code\show\Scrap_Steel_In_Field\photos\dangerous_det\detection_20260604_190424.jpg
2026-06-04 19:04:24 [INFO] 成功保存检测结果到: C:\code\show\Scrap_Steel_In_Field\photos\dangerous_det\detection_20260604_190424.jpg
2026-06-04 19:04:24 [INFO] 保存的检测结果文件大小: 2246681 字节
2026-06-04 19:04:24 [INFO] 引擎上下文已释放
2026-06-04 19:04:24 [INFO] TensorRT 引擎已释放
2026-06-04 19:04:24 [INFO] 全局 CUDA 资源已释放
2026-06-04 19:04:24 [INFO] 检测系统资源已释放
2026-06-04 19:04:30 [INFO] CUDA 初始化成功
2026-06-04 19:04:30 [INFO] 引擎加载成功: dangerous.engine
2026-06-04 19:04:30 [INFO] 检测系统初始化成功
2026-06-04 19:04:30 [INFO] 图像预处理完成，原始尺寸: (2160, 3840)
2026-06-04 19:04:30 [INFO] 开始执行目标检测...
2026-06-04 19:04:30 [INFO] 检测完成，找到 4 个物体
2026-06-04 19:04:30 [INFO] 物体 1: GasCyl1 (置信度: 0.90)
2026-06-04 19:04:30 [INFO] 物体 2: GasCyl1 (置信度: 0.76)
2026-06-04 19:04:30 [INFO] 物体 3: FireExt1 (置信度: 0.42)
2026-06-04 19:04:30 [INFO] 物体 4: FireExt1 (置信度: 0.37)
2026-06-04 19:04:30 [INFO] 检测到车兜区域，将过滤区域外的目标
2026-06-04 19:04:30 [INFO] 车兜区域过滤: 4 -> 3 个目标
2026-06-04 19:04:30 [INFO] 准备保存检测结果到: C:\code\show\Scrap_Steel_In_Field\photos\dangerous_det\detection_20260604_190430.jpg
2026-06-04 19:04:30 [INFO] 图像形状: (2160, 3840, 3)
2026-06-04 19:04:30 [INFO] 图像数据类型: uint8
2026-06-04 19:04:30 [INFO] 图像最大值: 255
2026-06-04 19:04:30 [INFO] 图像最小值: 0
2026-06-04 19:04:30 [INFO] 开始保存检测结果图像: 图像尺寸=(2160, 3840, 3), 类型=uint8, 路径=C:\code\show\Scrap_Steel_In_Field\photos\dangerous_det\detection_20260604_190430.jpg
2026-06-04 19:04:30 [INFO] 成功保存检测结果到: C:\code\show\Scrap_Steel_In_Field\photos\dangerous_det\detection_20260604_190430.jpg
2026-06-04 19:04:30 [INFO] 保存的检测结果文件大小: 2248227 字节
2026-06-04 19:04:30 [INFO] 引擎上下文已释放
2026-06-04 19:04:30 [INFO] TensorRT 引擎已释放
2026-06-04 19:04:30 [INFO] 全局 CUDA 资源已释放
2026-06-04 19:04:30 [INFO] 检测系统资源已释放
2026-06-04 19:04:35 [INFO] CUDA 初始化成功
2026-06-04 19:04:35 [INFO] 引擎加载成功: dangerous.engine
2026-06-04 19:04:35 [INFO] 检测系统初始化成功
2026-06-04 19:04:35 [INFO] 图像预处理完成，原始尺寸: (2160, 3840)
2026-06-04 19:04:35 [INFO] 开始执行目标检测...
2026-06-04 19:04:35 [INFO] 检测完成，找到 5 个物体
2026-06-04 19:04:35 [INFO] 物体 1: GasCyl1 (置信度: 0.91)
2026-06-04 19:04:35 [INFO] 物体 2: GasCyl1 (置信度: 0.83)
2026-06-04 19:04:35 [INFO] 物体 3: GasCyl1 (置信度: 0.58)
2026-06-04 19:04:35 [INFO] 物体 4: FireExt1 (置信度: 0.36)
2026-06-04 19:04:35 [INFO] 物体 5: FireExt1 (置信度: 0.35)
2026-06-04 19:04:35 [INFO] 检测到车兜区域，将过滤区域外的目标
2026-06-04 19:04:35 [INFO] 车兜区域过滤: 5 -> 4 个目标
2026-06-04 19:04:35 [INFO] 准备保存检测结果到: C:\code\show\Scrap_Steel_In_Field\photos\dangerous_det\detection_20260604_190435.jpg
2026-06-04 19:04:35 [INFO] 图像形状: (2160, 3840, 3)
2026-06-04 19:04:35 [INFO] 图像数据类型: uint8
2026-06-04 19:04:35 [INFO] 图像最大值: 255
2026-06-04 19:04:35 [INFO] 图像最小值: 0
2026-06-04 19:04:35 [INFO] 开始保存检测结果图像: 图像尺寸=(2160, 3840, 3), 类型=uint8, 路径=C:\code\show\Scrap_Steel_In_Field\photos\dangerous_det\detection_20260604_190435.jpg
2026-06-04 19:04:35 [INFO] 成功保存检测结果到: C:\code\show\Scrap_Steel_In_Field\photos\dangerous_det\detection_20260604_190435.jpg
2026-06-04 19:04:35 [INFO] 保存的检测结果文件大小: 2250033 字节
2026-06-04 19:04:35 [INFO] 引擎上下文已释放
2026-06-04 19:04:35 [INFO] TensorRT 引擎已释放
2026-06-04 19:04:35 [INFO] 全局 CUDA 资源已释放
2026-06-04 19:04:35 [INFO] 检测系统资源已释放
2026-06-04 19:04:40 [INFO] CUDA 初始化成功
2026-06-04 19:04:40 [INFO] 引擎加载成功: dangerous.engine
2026-06-04 19:04:40 [INFO] 检测系统初始化成功
2026-06-04 19:04:40 [INFO] 图像预处理完成，原始尺寸: (2160, 3840)
2026-06-04 19:04:40 [INFO] 开始执行目标检测...
2026-06-04 19:04:40 [INFO] 检测完成，找到 5 个物体
2026-06-04 19:04:40 [INFO] 物体 1: GasCyl1 (置信度: 0.89)
2026-06-04 19:04:40 [INFO] 物体 2: GasCyl1 (置信度: 0.78)
2026-06-04 19:04:40 [INFO] 物体 3: FireExt1 (置信度: 0.42)
2026-06-04 19:04:40 [INFO] 物体 4: FireExt1 (置信度: 0.38)
2026-06-04 19:04:40 [INFO] 物体 5: GasCyl1 (置信度: 0.35)
2026-06-04 19:04:40 [INFO] 检测到车兜区域，将过滤区域外的目标
2026-06-04 19:04:40 [INFO] 车兜区域过滤: 5 -> 4 个目标
2026-06-04 19:04:40 [INFO] 准备保存检测结果到: C:\code\show\Scrap_Steel_In_Field\photos\dangerous_det\detection_20260604_190440.jpg
2026-06-04 19:04:40 [INFO] 图像形状: (2160, 3840, 3)
2026-06-04 19:04:40 [INFO] 图像数据类型: uint8
2026-06-04 19:04:40 [INFO] 图像最大值: 255
2026-06-04 19:04:40 [INFO] 图像最小值: 0
2026-06-04 19:04:40 [INFO] 开始保存检测结果图像: 图像尺寸=(2160, 3840, 3), 类型=uint8, 路径=C:\code\show\Scrap_Steel_In_Field\photos\dangerous_det\detection_20260604_190440.jpg
2026-06-04 19:04:40 [INFO] 成功保存检测结果到: C:\code\show\Scrap_Steel_In_Field\photos\dangerous_det\detection_20260604_190440.jpg
2026-06-04 19:04:40 [INFO] 保存的检测结果文件大小: 2252698 字节
2026-06-04 19:04:40 [INFO] 引擎上下文已释放
2026-06-04 19:04:40 [INFO] TensorRT 引擎已释放
2026-06-04 19:04:40 [INFO] 全局 CUDA 资源已释放
2026-06-04 19:04:40 [INFO] 检测系统资源已释放
2026-06-04 19:04:45 [INFO] CUDA 初始化成功
2026-06-04 19:04:45 [INFO] 引擎加载成功: dangerous.engine
2026-06-04 19:04:45 [INFO] 检测系统初始化成功
2026-06-04 19:04:45 [INFO] 图像预处理完成，原始尺寸: (2160, 3840)
2026-06-04 19:04:45 [INFO] 开始执行目标检测...
2026-06-04 19:04:45 [INFO] 检测完成，找到 3 个物体
2026-06-04 19:04:45 [INFO] 物体 1: GasCyl1 (置信度: 0.89)
2026-06-04 19:04:45 [INFO] 物体 2: GasCyl1 (置信度: 0.75)
2026-06-04 19:04:45 [INFO] 物体 3: FireExt1 (置信度: 0.40)
2026-06-04 19:04:45 [INFO] 检测到车兜区域，将过滤区域外的目标
2026-06-04 19:04:45 [INFO] 准备保存检测结果到: C:\code\show\Scrap_Steel_In_Field\photos\dangerous_det\detection_20260604_190445.jpg
2026-06-04 19:04:45 [INFO] 图像形状: (2160, 3840, 3)
2026-06-04 19:04:45 [INFO] 图像数据类型: uint8
2026-06-04 19:04:45 [INFO] 图像最大值: 255
2026-06-04 19:04:45 [INFO] 图像最小值: 0
2026-06-04 19:04:45 [INFO] 开始保存检测结果图像: 图像尺寸=(2160, 3840, 3), 类型=uint8, 路径=C:\code\show\Scrap_Steel_In_Field\photos\dangerous_det\detection_20260604_190445.jpg
2026-06-04 19:04:45 [INFO] 成功保存检测结果到: C:\code\show\Scrap_Steel_In_Field\photos\dangerous_det\detection_20260604_190445.jpg
2026-06-04 19:04:45 [INFO] 保存的检测结果文件大小: 2249266 字节
2026-06-04 19:04:45 [INFO] 引擎上下文已释放
2026-06-04 19:04:45 [INFO] TensorRT 引擎已释放
2026-06-04 19:04:45 [INFO] 全局 CUDA 资源已释放
2026-06-04 19:04:45 [INFO] 检测系统资源已释放
2026-06-04 19:04:51 [INFO] CUDA 初始化成功
2026-06-04 19:04:51 [INFO] 引擎加载成功: dangerous.engine
2026-06-04 19:04:51 [INFO] 检测系统初始化成功
2026-06-04 19:04:51 [INFO] 图像预处理完成，原始尺寸: (2160, 3840)
2026-06-04 19:04:51 [INFO] 开始执行目标检测...
2026-06-04 19:04:51 [INFO] 检测完成，找到 4 个物体
2026-06-04 19:04:51 [INFO] 物体 1: GasCyl1 (置信度: 0.91)
2026-06-04 19:04:51 [INFO] 物体 2: GasCyl1 (置信度: 0.81)
2026-06-04 19:04:51 [INFO] 物体 3: FireExt1 (置信度: 0.40)
2026-06-04 19:04:51 [INFO] 物体 4: FireExt1 (置信度: 0.39)
2026-06-04 19:04:51 [INFO] 检测到车兜区域，将过滤区域外的目标
2026-06-04 19:04:51 [INFO] 车兜区域过滤: 4 -> 3 个目标
2026-06-04 19:04:51 [INFO] 准备保存检测结果到: C:\code\show\Scrap_Steel_In_Field\photos\dangerous_det\detection_20260604_190451.jpg
2026-06-04 19:04:51 [INFO] 图像形状: (2160, 3840, 3)
2026-06-04 19:04:51 [INFO] 图像数据类型: uint8
2026-06-04 19:04:51 [INFO] 图像最大值: 255
2026-06-04 19:04:51 [INFO] 图像最小值: 0
2026-06-04 19:04:51 [INFO] 开始保存检测结果图像: 图像尺寸=(2160, 3840, 3), 类型=uint8, 路径=C:\code\show\Scrap_Steel_In_Field\photos\dangerous_det\detection_20260604_190451.jpg
2026-06-04 19:04:51 [INFO] 成功保存检测结果到: C:\code\show\Scrap_Steel_In_Field\photos\dangerous_det\detection_20260604_190451.jpg
2026-06-04 19:04:51 [INFO] 保存的检测结果文件大小: 2252424 字节
2026-06-04 19:04:51 [INFO] 引擎上下文已释放
2026-06-04 19:04:51 [INFO] TensorRT 引擎已释放
2026-06-04 19:04:51 [INFO] 全局 CUDA 资源已释放
2026-06-04 19:04:51 [INFO] 检测系统资源已释放
2026-06-04 19:04:56 [INFO] CUDA 初始化成功
2026-06-04 19:04:56 [INFO] 引擎加载成功: dangerous.engine
2026-06-04 19:04:56 [INFO] 检测系统初始化成功
2026-06-04 19:04:56 [INFO] 图像预处理完成，原始尺寸: (2160, 3840)
2026-06-04 19:04:56 [INFO] 开始执行目标检测...
2026-06-04 19:04:56 [INFO] 检测完成，找到 6 个物体
2026-06-04 19:04:56 [INFO] 物体 1: GasCyl1 (置信度: 0.90)
2026-06-04 19:04:56 [INFO] 物体 2: GasCyl1 (置信度: 0.80)
2026-06-04 19:04:56 [INFO] 物体 3: FireExt1 (置信度: 0.43)
2026-06-04 19:04:56 [INFO] 物体 4: FireExt1 (置信度: 0.39)
2026-06-04 19:04:56 [INFO] 物体 5: GasCyl1 (置信度: 0.38)
2026-06-04 19:04:56 [INFO] 物体 6: FireExt1 (置信度: 0.37)
2026-06-04 19:04:56 [INFO] 检测到车兜区域，将过滤区域外的目标
2026-06-04 19:04:56 [INFO] 车兜区域过滤: 6 -> 5 个目标
2026-06-04 19:04:56 [INFO] 准备保存检测结果到: C:\code\show\Scrap_Steel_In_Field\photos\dangerous_det\detection_20260604_190456.jpg
2026-06-04 19:04:56 [INFO] 图像形状: (2160, 3840, 3)
2026-06-04 19:04:56 [INFO] 图像数据类型: uint8
2026-06-04 19:04:56 [INFO] 图像最大值: 255
2026-06-04 19:04:56 [INFO] 图像最小值: 0
2026-06-04 19:04:56 [INFO] 开始保存检测结果图像: 图像尺寸=(2160, 3840, 3), 类型=uint8, 路径=C:\code\show\Scrap_Steel_In_Field\photos\dangerous_det\detection_20260604_190456.jpg
2026-06-04 19:04:56 [INFO] 成功保存检测结果到: C:\code\show\Scrap_Steel_In_Field\photos\dangerous_det\detection_20260604_190456.jpg
2026-06-04 19:04:56 [INFO] 保存的检测结果文件大小: 2256611 字节
2026-06-04 19:04:56 [INFO] 引擎上下文已释放
2026-06-04 19:04:56 [INFO] TensorRT 引擎已释放
2026-06-04 19:04:56 [INFO] 全局 CUDA 资源已释放
2026-06-04 19:04:56 [INFO] 检测系统资源已释放
2026-06-04 19:05:01 [INFO] CUDA 初始化成功
2026-06-04 19:05:01 [INFO] 引擎加载成功: dangerous.engine
2026-06-04 19:05:01 [INFO] 检测系统初始化成功
2026-06-04 19:05:01 [INFO] 图像预处理完成，原始尺寸: (2160, 3840)
2026-06-04 19:05:01 [INFO] 开始执行目标检测...
2026-06-04 19:05:02 [INFO] 检测完成，找到 5 个物体
2026-06-04 19:05:02 [INFO] 物体 1: GasCyl1 (置信度: 0.89)
2026-06-04 19:05:02 [INFO] 物体 2: GasCyl1 (置信度: 0.78)
2026-06-04 19:05:02 [INFO] 物体 3: GasCyl1 (置信度: 0.55)
2026-06-04 19:05:02 [INFO] 物体 4: FireExt1 (置信度: 0.44)
2026-06-04 19:05:02 [INFO] 物体 5: FireExt1 (置信度: 0.39)
2026-06-04 19:05:02 [INFO] 检测到车兜区域，将过滤区域外的目标
2026-06-04 19:05:02 [INFO] 车兜区域过滤: 5 -> 4 个目标
2026-06-04 19:05:02 [INFO] 准备保存检测结果到: C:\code\show\Scrap_Steel_In_Field\photos\dangerous_det\detection_20260604_190502.jpg
2026-06-04 19:05:02 [INFO] 图像形状: (2160, 3840, 3)
2026-06-04 19:05:02 [INFO] 图像数据类型: uint8
2026-06-04 19:05:02 [INFO] 图像最大值: 255
2026-06-04 19:05:02 [INFO] 图像最小值: 0
2026-06-04 19:05:02 [INFO] 开始保存检测结果图像: 图像尺寸=(2160, 3840, 3), 类型=uint8, 路径=C:\code\show\Scrap_Steel_In_Field\photos\dangerous_det\detection_20260604_190502.jpg
2026-06-04 19:05:02 [INFO] 成功保存检测结果到: C:\code\show\Scrap_Steel_In_Field\photos\dangerous_det\detection_20260604_190502.jpg
2026-06-04 19:05:02 [INFO] 保存的检测结果文件大小: 2247460 字节
2026-06-04 19:05:02 [INFO] 引擎上下文已释放
2026-06-04 19:05:02 [INFO] TensorRT 引擎已释放
2026-06-04 19:05:02 [INFO] 全局 CUDA 资源已释放
2026-06-04 19:05:02 [INFO] 检测系统资源已释放
2026-06-04 19:05:06 [INFO] CUDA 初始化成功
2026-06-04 19:05:06 [INFO] 引擎加载成功: dangerous.engine
2026-06-04 19:05:06 [INFO] 检测系统初始化成功
2026-06-04 19:05:07 [INFO] 图像预处理完成，原始尺寸: (2160, 3840)
2026-06-04 19:05:07 [INFO] 开始执行目标检测...
2026-06-04 19:05:07 [INFO] 检测完成，找到 4 个物体
2026-06-04 19:05:07 [INFO] 物体 1: GasCyl1 (置信度: 0.89)
2026-06-04 19:05:07 [INFO] 物体 2: GasCyl1 (置信度: 0.75)
2026-06-04 19:05:07 [INFO] 物体 3: GasCyl1 (置信度: 0.62)
2026-06-04 19:05:07 [INFO] 物体 4: FireExt1 (置信度: 0.41)
2026-06-04 19:05:07 [INFO] 检测到车兜区域，将过滤区域外的目标
2026-06-04 19:05:07 [INFO] 车兜区域过滤: 4 -> 3 个目标
2026-06-04 19:05:07 [INFO] 准备保存检测结果到: C:\code\show\Scrap_Steel_In_Field\photos\dangerous_det\detection_20260604_190507.jpg
2026-06-04 19:05:07 [INFO] 图像形状: (2160, 3840, 3)
2026-06-04 19:05:07 [INFO] 图像数据类型: uint8
2026-06-04 19:05:07 [INFO] 图像最大值: 255
2026-06-04 19:05:07 [INFO] 图像最小值: 0
2026-06-04 19:05:07 [INFO] 开始保存检测结果图像: 图像尺寸=(2160, 3840, 3), 类型=uint8, 路径=C:\code\show\Scrap_Steel_In_Field\photos\dangerous_det\detection_20260604_190507.jpg
2026-06-04 19:05:07 [INFO] 成功保存检测结果到: C:\code\show\Scrap_Steel_In_Field\photos\dangerous_det\detection_20260604_190507.jpg
2026-06-04 19:05:07 [INFO] 保存的检测结果文件大小: 2246551 字节
2026-06-04 19:05:07 [INFO] 引擎上下文已释放
2026-06-04 19:05:07 [INFO] TensorRT 引擎已释放
2026-06-04 19:05:07 [INFO] 全局 CUDA 资源已释放
2026-06-04 19:05:07 [INFO] 检测系统资源已释放
2026-06-04 19:05:12 [INFO] CUDA 初始化成功
2026-06-04 19:05:12 [INFO] 引擎加载成功: dangerous.engine
2026-06-04 19:05:12 [INFO] 检测系统初始化成功
2026-06-04 19:05:12 [INFO] 图像预处理完成，原始尺寸: (2160, 3840)
2026-06-04 19:05:12 [INFO] 开始执行目标检测...
2026-06-04 19:05:12 [INFO] 检测完成，找到 5 个物体
2026-06-04 19:05:12 [INFO] 物体 1: GasCyl1 (置信度: 0.91)
2026-06-04 19:05:12 [INFO] 物体 2: GasCyl1 (置信度: 0.76)
2026-06-04 19:05:12 [INFO] 物体 3: GasCyl1 (置信度: 0.53)
2026-06-04 19:05:12 [INFO] 物体 4: FireExt1 (置信度: 0.40)
2026-06-04 19:05:12 [INFO] 物体 5: FireExt1 (置信度: 0.38)
2026-06-04 19:05:12 [INFO] 检测到车兜区域，将过滤区域外的目标
2026-06-04 19:05:12 [INFO] 车兜区域过滤: 5 -> 4 个目标
2026-06-04 19:05:12 [INFO] 准备保存检测结果到: C:\code\show\Scrap_Steel_In_Field\photos\dangerous_det\detection_20260604_190512.jpg
2026-06-04 19:05:12 [INFO] 图像形状: (2160, 3840, 3)
2026-06-04 19:05:12 [INFO] 图像数据类型: uint8
2026-06-04 19:05:12 [INFO] 图像最大值: 255
2026-06-04 19:05:12 [INFO] 图像最小值: 0
2026-06-04 19:05:12 [INFO] 开始保存检测结果图像: 图像尺寸=(2160, 3840, 3), 类型=uint8, 路径=C:\code\show\Scrap_Steel_In_Field\photos\dangerous_det\detection_20260604_190512.jpg
2026-06-04 19:05:12 [INFO] 成功保存检测结果到: C:\code\show\Scrap_Steel_In_Field\photos\dangerous_det\detection_20260604_190512.jpg
2026-06-04 19:05:12 [INFO] 保存的检测结果文件大小: 2247938 字节
2026-06-04 19:05:12 [INFO] 引擎上下文已释放
2026-06-04 19:05:12 [INFO] TensorRT 引擎已释放
2026-06-04 19:05:12 [INFO] 全局 CUDA 资源已释放
2026-06-04 19:05:12 [INFO] 检测系统资源已释放
2026-06-04 19:05:17 [INFO] CUDA 初始化成功
2026-06-04 19:05:17 [INFO] 引擎加载成功: dangerous.engine
2026-06-04 19:05:17 [INFO] 检测系统初始化成功
2026-06-04 19:05:17 [INFO] 图像预处理完成，原始尺寸: (2160, 3840)
2026-06-04 19:05:17 [INFO] 开始执行目标检测...
2026-06-04 19:05:17 [INFO] 检测完成，找到 5 个物体
2026-06-04 19:05:17 [INFO] 物体 1: GasCyl1 (置信度: 0.89)
2026-06-04 19:05:17 [INFO] 物体 2: GasCyl1 (置信度: 0.83)
2026-06-04 19:05:17 [INFO] 物体 3: GasCyl1 (置信度: 0.44)
2026-06-04 19:05:17 [INFO] 物体 4: FireExt1 (置信度: 0.40)
2026-06-04 19:05:17 [INFO] 物体 5: FireExt1 (置信度: 0.40)
2026-06-04 19:05:17 [INFO] 检测到车兜区域，将过滤区域外的目标
2026-06-04 19:05:17 [INFO] 车兜区域过滤: 5 -> 4 个目标
2026-06-04 19:05:17 [INFO] 准备保存检测结果到: C:\code\show\Scrap_Steel_In_Field\photos\dangerous_det\detection_20260604_190517.jpg
2026-06-04 19:05:17 [INFO] 图像形状: (2160, 3840, 3)
2026-06-04 19:05:17 [INFO] 图像数据类型: uint8
2026-06-04 19:05:17 [INFO] 图像最大值: 255
2026-06-04 19:05:17 [INFO] 图像最小值: 0
2026-06-04 19:05:17 [INFO] 开始保存检测结果图像: 图像尺寸=(2160, 3840, 3), 类型=uint8, 路径=C:\code\show\Scrap_Steel_In_Field\photos\dangerous_det\detection_20260604_190517.jpg
2026-06-04 19:05:17 [INFO] 成功保存检测结果到: C:\code\show\Scrap_Steel_In_Field\photos\dangerous_det\detection_20260604_190517.jpg
2026-06-04 19:05:17 [INFO] 保存的检测结果文件大小: 2249224 字节
2026-06-04 19:05:17 [INFO] 引擎上下文已释放
2026-06-04 19:05:17 [INFO] TensorRT 引擎已释放
2026-06-04 19:05:17 [INFO] 全局 CUDA 资源已释放
2026-06-04 19:05:17 [INFO] 检测系统资源已释放
2026-06-04 19:05:22 [INFO] CUDA 初始化成功
2026-06-04 19:05:22 [INFO] 引擎加载成功: dangerous.engine
2026-06-04 19:05:22 [INFO] 检测系统初始化成功
2026-06-04 19:05:22 [INFO] 图像预处理完成，原始尺寸: (2160, 3840)
2026-06-04 19:05:22 [INFO] 开始执行目标检测...
2026-06-04 19:05:22 [INFO] 检测完成，找到 5 个物体
2026-06-04 19:05:22 [INFO] 物体 1: GasCyl1 (置信度: 0.90)
2026-06-04 19:05:22 [INFO] 物体 2: GasCyl1 (置信度: 0.80)
2026-06-04 19:05:22 [INFO] 物体 3: GasCyl1 (置信度: 0.46)
2026-06-04 19:05:22 [INFO] 物体 4: FireExt1 (置信度: 0.44)
2026-06-04 19:05:22 [INFO] 物体 5: FireExt1 (置信度: 0.37)
2026-06-04 19:05:22 [INFO] 检测到车兜区域，将过滤区域外的目标
2026-06-04 19:05:22 [INFO] 车兜区域过滤: 5 -> 4 个目标
2026-06-04 19:05:22 [INFO] 准备保存检测结果到: C:\code\show\Scrap_Steel_In_Field\photos\dangerous_det\detection_20260604_190522.jpg
2026-06-04 19:05:22 [INFO] 图像形状: (2160, 3840, 3)
2026-06-04 19:05:22 [INFO] 图像数据类型: uint8
2026-06-04 19:05:22 [INFO] 图像最大值: 255
2026-06-04 19:05:22 [INFO] 图像最小值: 0
2026-06-04 19:05:22 [INFO] 开始保存检测结果图像: 图像尺寸=(2160, 3840, 3), 类型=uint8, 路径=C:\code\show\Scrap_Steel_In_Field\photos\dangerous_det\detection_20260604_190522.jpg
2026-06-04 19:05:22 [INFO] 成功保存检测结果到: C:\code\show\Scrap_Steel_In_Field\photos\dangerous_det\detection_20260604_190522.jpg
2026-06-04 19:05:22 [INFO] 保存的检测结果文件大小: 2251800 字节
2026-06-04 19:05:22 [INFO] 引擎上下文已释放
2026-06-04 19:05:22 [INFO] TensorRT 引擎已释放
2026-06-04 19:05:22 [INFO] 全局 CUDA 资源已释放
2026-06-04 19:05:22 [INFO] 检测系统资源已释放
2026-06-04 19:05:28 [INFO] CUDA 初始化成功
2026-06-04 19:05:28 [INFO] 引擎加载成功: dangerous.engine
2026-06-04 19:05:28 [INFO] 检测系统初始化成功
2026-06-04 19:05:28 [INFO] 图像预处理完成，原始尺寸: (2160, 3840)
2026-06-04 19:05:28 [INFO] 开始执行目标检测...
2026-06-04 19:05:28 [INFO] 检测完成，找到 6 个物体
2026-06-04 19:05:28 [INFO] 物体 1: GasCyl1 (置信度: 0.90)
2026-06-04 19:05:28 [INFO] 物体 2: GasCyl1 (置信度: 0.83)
2026-06-04 19:05:28 [INFO] 物体 3: GasCyl1 (置信度: 0.43)
2026-06-04 19:05:28 [INFO] 物体 4: FireExt1 (置信度: 0.42)
2026-06-04 19:05:28 [INFO] 物体 5: FireExt1 (置信度: 0.41)
2026-06-04 19:05:28 [INFO] 物体 6: FireExt1 (置信度: 0.37)
2026-06-04 19:05:28 [INFO] 检测到车兜区域，将过滤区域外的目标
2026-06-04 19:05:28 [INFO] 车兜区域过滤: 6 -> 5 个目标
2026-06-04 19:05:28 [INFO] 准备保存检测结果到: C:\code\show\Scrap_Steel_In_Field\photos\dangerous_det\detection_20260604_190528.jpg
2026-06-04 19:05:28 [INFO] 图像形状: (2160, 3840, 3)
2026-06-04 19:05:28 [INFO] 图像数据类型: uint8
2026-06-04 19:05:28 [INFO] 图像最大值: 255
2026-06-04 19:05:28 [INFO] 图像最小值: 0
2026-06-04 19:05:28 [INFO] 开始保存检测结果图像: 图像尺寸=(2160, 3840, 3), 类型=uint8, 路径=C:\code\show\Scrap_Steel_In_Field\photos\dangerous_det\detection_20260604_190528.jpg
2026-06-04 19:05:28 [INFO] 成功保存检测结果到: C:\code\show\Scrap_Steel_In_Field\photos\dangerous_det\detection_20260604_190528.jpg
2026-06-04 19:05:28 [INFO] 保存的检测结果文件大小: 2257015 字节
2026-06-04 19:05:28 [INFO] 引擎上下文已释放
2026-06-04 19:05:28 [INFO] TensorRT 引擎已释放
2026-06-04 19:05:28 [INFO] 全局 CUDA 资源已释放
2026-06-04 19:05:28 [INFO] 检测系统资源已释放
2026-06-04 19:05:33 [INFO] CUDA 初始化成功
2026-06-04 19:05:33 [INFO] 引擎加载成功: dangerous.engine
2026-06-04 19:05:33 [INFO] 检测系统初始化成功
2026-06-04 19:05:33 [INFO] 图像预处理完成，原始尺寸: (2160, 3840)
2026-06-04 19:05:33 [INFO] 开始执行目标检测...
2026-06-04 19:05:33 [INFO] 检测完成，找到 4 个物体
2026-06-04 19:05:33 [INFO] 物体 1: GasCyl1 (置信度: 0.90)
2026-06-04 19:05:33 [INFO] 物体 2: GasCyl1 (置信度: 0.78)
2026-06-04 19:05:33 [INFO] 物体 3: FireExt1 (置信度: 0.36)
2026-06-04 19:05:33 [INFO] 物体 4: FireExt1 (置信度: 0.35)
2026-06-04 19:05:33 [INFO] 检测到车兜区域，将过滤区域外的目标
2026-06-04 19:05:33 [INFO] 车兜区域过滤: 4 -> 3 个目标
2026-06-04 19:05:33 [INFO] 准备保存检测结果到: C:\code\show\Scrap_Steel_In_Field\photos\dangerous_det\detection_20260604_190533.jpg
2026-06-04 19:05:33 [INFO] 图像形状: (2160, 3840, 3)
2026-06-04 19:05:33 [INFO] 图像数据类型: uint8
2026-06-04 19:05:33 [INFO] 图像最大值: 255
2026-06-04 19:05:33 [INFO] 图像最小值: 0
2026-06-04 19:05:33 [INFO] 开始保存检测结果图像: 图像尺寸=(2160, 3840, 3), 类型=uint8, 路径=C:\code\show\Scrap_Steel_In_Field\photos\dangerous_det\detection_20260604_190533.jpg
2026-06-04 19:05:33 [INFO] 成功保存检测结果到: C:\code\show\Scrap_Steel_In_Field\photos\dangerous_det\detection_20260604_190533.jpg
2026-06-04 19:05:33 [INFO] 保存的检测结果文件大小: 2251474 字节
2026-06-04 19:05:33 [INFO] 引擎上下文已释放
2026-06-04 19:05:33 [INFO] TensorRT 引擎已释放
2026-06-04 19:05:33 [INFO] 全局 CUDA 资源已释放
2026-06-04 19:05:33 [INFO] 检测系统资源已释放
2026-06-04 19:05:38 [INFO] CUDA 初始化成功
2026-06-04 19:05:38 [INFO] 引擎加载成功: dangerous.engine
2026-06-04 19:05:38 [INFO] 检测系统初始化成功
2026-06-04 19:05:38 [INFO] 图像预处理完成，原始尺寸: (2160, 3840)
2026-06-04 19:05:38 [INFO] 开始执行目标检测...
2026-06-04 19:05:38 [INFO] 检测完成，找到 4 个物体
2026-06-04 19:05:38 [INFO] 物体 1: GasCyl1 (置信度: 0.90)
2026-06-04 19:05:38 [INFO] 物体 2: GasCyl1 (置信度: 0.80)
2026-06-04 19:05:38 [INFO] 物体 3: FireExt1 (置信度: 0.43)
2026-06-04 19:05:38 [INFO] 物体 4: FireExt1 (置信度: 0.40)
2026-06-04 19:05:38 [INFO] 检测到车兜区域，将过滤区域外的目标
2026-06-04 19:05:38 [INFO] 车兜区域过滤: 4 -> 3 个目标
2026-06-04 19:05:38 [INFO] 准备保存检测结果到: C:\code\show\Scrap_Steel_In_Field\photos\dangerous_det\detection_20260604_190538.jpg
2026-06-04 19:05:38 [INFO] 图像形状: (2160, 3840, 3)
2026-06-04 19:05:38 [INFO] 图像数据类型: uint8
2026-06-04 19:05:38 [INFO] 图像最大值: 255
2026-06-04 19:05:38 [INFO] 图像最小值: 0
2026-06-04 19:05:38 [INFO] 开始保存检测结果图像: 图像尺寸=(2160, 3840, 3), 类型=uint8, 路径=C:\code\show\Scrap_Steel_In_Field\photos\dangerous_det\detection_20260604_190538.jpg
2026-06-04 19:05:38 [INFO] 成功保存检测结果到: C:\code\show\Scrap_Steel_In_Field\photos\dangerous_det\detection_20260604_190538.jpg
2026-06-04 19:05:38 [INFO] 保存的检测结果文件大小: 2249827 字节
2026-06-04 19:05:38 [INFO] 引擎上下文已释放
2026-06-04 19:05:38 [INFO] TensorRT 引擎已释放
2026-06-04 19:05:38 [INFO] 全局 CUDA 资源已释放
2026-06-04 19:05:38 [INFO] 检测系统资源已释放
2026-06-04 19:05:43 [INFO] CUDA 初始化成功
2026-06-04 19:05:43 [INFO] 引擎加载成功: dangerous.engine
2026-06-04 19:05:43 [INFO] 检测系统初始化成功
2026-06-04 19:05:43 [INFO] 图像预处理完成，原始尺寸: (2160, 3840)
2026-06-04 19:05:43 [INFO] 开始执行目标检测...
2026-06-04 19:05:43 [INFO] 检测完成，找到 5 个物体
2026-06-04 19:05:43 [INFO] 物体 1: GasCyl1 (置信度: 0.90)
2026-06-04 19:05:43 [INFO] 物体 2: GasCyl1 (置信度: 0.81)
2026-06-04 19:05:43 [INFO] 物体 3: GasCyl1 (置信度: 0.58)
2026-06-04 19:05:43 [INFO] 物体 4: FireExt1 (置信度: 0.43)
2026-06-04 19:05:43 [INFO] 物体 5: FireExt1 (置信度: 0.37)
2026-06-04 19:05:43 [INFO] 检测到车兜区域，将过滤区域外的目标
2026-06-04 19:05:43 [INFO] 车兜区域过滤: 5 -> 4 个目标
2026-06-04 19:05:43 [INFO] 准备保存检测结果到: C:\code\show\Scrap_Steel_In_Field\photos\dangerous_det\detection_20260604_190543.jpg
2026-06-04 19:05:43 [INFO] 图像形状: (2160, 3840, 3)
2026-06-04 19:05:43 [INFO] 图像数据类型: uint8
2026-06-04 19:05:43 [INFO] 图像最大值: 255
2026-06-04 19:05:43 [INFO] 图像最小值: 0
2026-06-04 19:05:43 [INFO] 开始保存检测结果图像: 图像尺寸=(2160, 3840, 3), 类型=uint8, 路径=C:\code\show\Scrap_Steel_In_Field\photos\dangerous_det\detection_20260604_190543.jpg
2026-06-04 19:05:43 [INFO] 成功保存检测结果到: C:\code\show\Scrap_Steel_In_Field\photos\dangerous_det\detection_20260604_190543.jpg
2026-06-04 19:05:43 [INFO] 保存的检测结果文件大小: 2249093 字节
2026-06-04 19:05:43 [INFO] 引擎上下文已释放
2026-06-04 19:05:43 [INFO] TensorRT 引擎已释放
2026-06-04 19:05:43 [INFO] 全局 CUDA 资源已释放
2026-06-04 19:05:43 [INFO] 检测系统资源已释放
2026-06-04 19:05:48 [INFO] CUDA 初始化成功
2026-06-04 19:05:48 [INFO] 引擎加载成功: dangerous.engine
2026-06-04 19:05:48 [INFO] 检测系统初始化成功
2026-06-04 19:05:48 [INFO] 图像预处理完成，原始尺寸: (2160, 3840)
2026-06-04 19:05:48 [INFO] 开始执行目标检测...
2026-06-04 19:05:48 [INFO] 检测完成，找到 5 个物体
2026-06-04 19:05:48 [INFO] 物体 1: GasCyl1 (置信度: 0.90)
2026-06-04 19:05:48 [INFO] 物体 2: GasCyl1 (置信度: 0.81)
2026-06-04 19:05:48 [INFO] 物体 3: FireExt1 (置信度: 0.43)
2026-06-04 19:05:48 [INFO] 物体 4: FireExt1 (置信度: 0.43)
2026-06-04 19:05:48 [INFO] 物体 5: GasCyl1 (置信度: 0.38)
2026-06-04 19:05:48 [INFO] 检测到车兜区域，将过滤区域外的目标
2026-06-04 19:05:48 [INFO] 车兜区域过滤: 5 -> 4 个目标
2026-06-04 19:05:48 [INFO] 准备保存检测结果到: C:\code\show\Scrap_Steel_In_Field\photos\dangerous_det\detection_20260604_190548.jpg
2026-06-04 19:05:48 [INFO] 图像形状: (2160, 3840, 3)
2026-06-04 19:05:48 [INFO] 图像数据类型: uint8
2026-06-04 19:05:48 [INFO] 图像最大值: 255
2026-06-04 19:05:48 [INFO] 图像最小值: 0
2026-06-04 19:05:48 [INFO] 开始保存检测结果图像: 图像尺寸=(2160, 3840, 3), 类型=uint8, 路径=C:\code\show\Scrap_Steel_In_Field\photos\dangerous_det\detection_20260604_190548.jpg
2026-06-04 19:05:48 [INFO] 成功保存检测结果到: C:\code\show\Scrap_Steel_In_Field\photos\dangerous_det\detection_20260604_190548.jpg
2026-06-04 19:05:48 [INFO] 保存的检测结果文件大小: 2247073 字节
2026-06-04 19:05:48 [INFO] 引擎上下文已释放
2026-06-04 19:05:48 [INFO] TensorRT 引擎已释放
2026-06-04 19:05:48 [INFO] 全局 CUDA 资源已释放
2026-06-04 19:05:48 [INFO] 检测系统资源已释放
2026-06-04 19:05:53 [INFO] CUDA 初始化成功
2026-06-04 19:05:53 [INFO] 引擎加载成功: dangerous.engine
2026-06-04 19:05:53 [INFO] 检测系统初始化成功
2026-06-04 19:05:53 [INFO] 图像预处理完成，原始尺寸: (2160, 3840)
2026-06-04 19:05:53 [INFO] 开始执行目标检测...
2026-06-04 19:05:53 [INFO] 检测完成，找到 6 个物体
2026-06-04 19:05:53 [INFO] 物体 1: GasCyl1 (置信度: 0.89)
2026-06-04 19:05:53 [INFO] 物体 2: GasCyl1 (置信度: 0.75)
2026-06-04 19:05:53 [INFO] 物体 3: FireExt1 (置信度: 0.41)
2026-06-04 19:05:53 [INFO] 物体 4: FireExt1 (置信度: 0.40)
2026-06-04 19:05:53 [INFO] 物体 5: FireExt1 (置信度: 0.38)
2026-06-04 19:05:53 [INFO] 物体 6: GasCyl1 (置信度: 0.36)
2026-06-04 19:05:53 [INFO] 检测到车兜区域，将过滤区域外的目标
2026-06-04 19:05:53 [INFO] 车兜区域过滤: 6 -> 5 个目标
2026-06-04 19:05:53 [INFO] 准备保存检测结果到: C:\code\show\Scrap_Steel_In_Field\photos\dangerous_det\detection_20260604_190553.jpg
2026-06-04 19:05:53 [INFO] 图像形状: (2160, 3840, 3)
2026-06-04 19:05:53 [INFO] 图像数据类型: uint8
2026-06-04 19:05:53 [INFO] 图像最大值: 255
2026-06-04 19:05:53 [INFO] 图像最小值: 0
2026-06-04 19:05:53 [INFO] 开始保存检测结果图像: 图像尺寸=(2160, 3840, 3), 类型=uint8, 路径=C:\code\show\Scrap_Steel_In_Field\photos\dangerous_det\detection_20260604_190553.jpg
2026-06-04 19:05:53 [INFO] 成功保存检测结果到: C:\code\show\Scrap_Steel_In_Field\photos\dangerous_det\detection_20260604_190553.jpg
2026-06-04 19:05:53 [INFO] 保存的检测结果文件大小: 2254857 字节
2026-06-04 19:05:53 [INFO] 引擎上下文已释放
2026-06-04 19:05:53 [INFO] TensorRT 引擎已释放
2026-06-04 19:05:53 [INFO] 全局 CUDA 资源已释放
2026-06-04 19:05:53 [INFO] 检测系统资源已释放
2026-06-04 19:05:58 [INFO] CUDA 初始化成功
2026-06-04 19:05:58 [INFO] 引擎加载成功: dangerous.engine
2026-06-04 19:05:58 [INFO] 检测系统初始化成功
2026-06-04 19:05:58 [INFO] 图像预处理完成，原始尺寸: (2160, 3840)
2026-06-04 19:05:58 [INFO] 开始执行目标检测...
2026-06-04 19:05:58 [INFO] 检测完成，找到 4 个物体
2026-06-04 19:05:58 [INFO] 物体 1: GasCyl1 (置信度: 0.90)
2026-06-04 19:05:58 [INFO] 物体 2: GasCyl1 (置信度: 0.83)
2026-06-04 19:05:58 [INFO] 物体 3: FireExt1 (置信度: 0.43)
2026-06-04 19:05:58 [INFO] 物体 4: FireExt1 (置信度: 0.42)
2026-06-04 19:05:58 [INFO] 检测到车兜区域，将过滤区域外的目标
2026-06-04 19:05:58 [INFO] 车兜区域过滤: 4 -> 3 个目标
2026-06-04 19:05:58 [INFO] 准备保存检测结果到: C:\code\show\Scrap_Steel_In_Field\photos\dangerous_det\detection_20260604_190558.jpg
2026-06-04 19:05:58 [INFO] 图像形状: (2160, 3840, 3)
2026-06-04 19:05:58 [INFO] 图像数据类型: uint8
2026-06-04 19:05:58 [INFO] 图像最大值: 255
2026-06-04 19:05:58 [INFO] 图像最小值: 0
2026-06-04 19:05:58 [INFO] 开始保存检测结果图像: 图像尺寸=(2160, 3840, 3), 类型=uint8, 路径=C:\code\show\Scrap_Steel_In_Field\photos\dangerous_det\detection_20260604_190558.jpg
2026-06-04 19:05:58 [INFO] 成功保存检测结果到: C:\code\show\Scrap_Steel_In_Field\photos\dangerous_det\detection_20260604_190558.jpg
2026-06-04 19:05:58 [INFO] 保存的检测结果文件大小: 2247863 字节
2026-06-04 19:05:58 [INFO] 引擎上下文已释放
2026-06-04 19:05:58 [INFO] TensorRT 引擎已释放
2026-06-04 19:05:58 [INFO] 全局 CUDA 资源已释放
2026-06-04 19:05:58 [INFO] 检测系统资源已释放
2026-06-04 19:06:03 [INFO] CUDA 初始化成功
2026-06-04 19:06:03 [INFO] 引擎加载成功: dangerous.engine
2026-06-04 19:06:03 [INFO] 检测系统初始化成功
2026-06-04 19:06:03 [INFO] 图像预处理完成，原始尺寸: (2160, 3840)
2026-06-04 19:06:03 [INFO] 开始执行目标检测...
2026-06-04 19:06:03 [INFO] 检测完成，找到 5 个物体
2026-06-04 19:06:03 [INFO] 物体 1: GasCyl1 (置信度: 0.91)
2026-06-04 19:06:03 [INFO] 物体 2: GasCyl1 (置信度: 0.78)
2026-06-04 19:06:03 [INFO] 物体 3: GasCyl1 (置信度: 0.56)
2026-06-04 19:06:03 [INFO] 物体 4: FireExt1 (置信度: 0.47)
2026-06-04 19:06:03 [INFO] 物体 5: FireExt1 (置信度: 0.37)
2026-06-04 19:06:03 [INFO] 检测到车兜区域，将过滤区域外的目标
2026-06-04 19:06:03 [INFO] 车兜区域过滤: 5 -> 4 个目标
2026-06-04 19:06:03 [INFO] 准备保存检测结果到: C:\code\show\Scrap_Steel_In_Field\photos\dangerous_det\detection_20260604_190603.jpg
2026-06-04 19:06:03 [INFO] 图像形状: (2160, 3840, 3)
2026-06-04 19:06:03 [INFO] 图像数据类型: uint8
2026-06-04 19:06:03 [INFO] 图像最大值: 255
2026-06-04 19:06:03 [INFO] 图像最小值: 0
2026-06-04 19:06:03 [INFO] 开始保存检测结果图像: 图像尺寸=(2160, 3840, 3), 类型=uint8, 路径=C:\code\show\Scrap_Steel_In_Field\photos\dangerous_det\detection_20260604_190603.jpg
2026-06-04 19:06:03 [INFO] 成功保存检测结果到: C:\code\show\Scrap_Steel_In_Field\photos\dangerous_det\detection_20260604_190603.jpg
2026-06-04 19:06:03 [INFO] 保存的检测结果文件大小: 2250633 字节
2026-06-04 19:06:03 [INFO] 引擎上下文已释放
2026-06-04 19:06:03 [INFO] TensorRT 引擎已释放
2026-06-04 19:06:03 [INFO] 全局 CUDA 资源已释放
2026-06-04 19:06:03 [INFO] 检测系统资源已释放
2026-06-04 19:06:08 [INFO] CUDA 初始化成功
2026-06-04 19:06:08 [INFO] 引擎加载成功: dangerous.engine
2026-06-04 19:06:08 [INFO] 检测系统初始化成功
2026-06-04 19:06:08 [INFO] 图像预处理完成，原始尺寸: (2160, 3840)
2026-06-04 19:06:08 [INFO] 开始执行目标检测...
2026-06-04 19:06:08 [INFO] 检测完成，找到 5 个物体
2026-06-04 19:06:08 [INFO] 物体 1: GasCyl1 (置信度: 0.90)
2026-06-04 19:06:08 [INFO] 物体 2: GasCyl1 (置信度: 0.80)
2026-06-04 19:06:08 [INFO] 物体 3: GasCyl1 (置信度: 0.47)
2026-06-04 19:06:08 [INFO] 物体 4: FireExt1 (置信度: 0.45)
2026-06-04 19:06:08 [INFO] 物体 5: FireExt1 (置信度: 0.41)
2026-06-04 19:06:08 [INFO] 检测到车兜区域，将过滤区域外的目标
2026-06-04 19:06:08 [INFO] 车兜区域过滤: 5 -> 4 个目标
2026-06-04 19:06:08 [INFO] 准备保存检测结果到: C:\code\show\Scrap_Steel_In_Field\photos\dangerous_det\detection_20260604_190608.jpg
2026-06-04 19:06:08 [INFO] 图像形状: (2160, 3840, 3)
2026-06-04 19:06:08 [INFO] 图像数据类型: uint8
2026-06-04 19:06:08 [INFO] 图像最大值: 255
2026-06-04 19:06:08 [INFO] 图像最小值: 0
2026-06-04 19:06:08 [INFO] 开始保存检测结果图像: 图像尺寸=(2160, 3840, 3), 类型=uint8, 路径=C:\code\show\Scrap_Steel_In_Field\photos\dangerous_det\detection_20260604_190608.jpg
2026-06-04 19:06:08 [INFO] 成功保存检测结果到: C:\code\show\Scrap_Steel_In_Field\photos\dangerous_det\detection_20260604_190608.jpg
2026-06-04 19:06:08 [INFO] 保存的检测结果文件大小: 2249566 字节
2026-06-04 19:06:08 [INFO] 引擎上下文已释放
2026-06-04 19:06:08 [INFO] TensorRT 引擎已释放
2026-06-04 19:06:08 [INFO] 全局 CUDA 资源已释放
2026-06-04 19:06:08 [INFO] 检测系统资源已释放
2026-06-04 19:06:13 [INFO] CUDA 初始化成功
2026-06-04 19:06:13 [INFO] 引擎加载成功: dangerous.engine
2026-06-04 19:06:13 [INFO] 检测系统初始化成功
2026-06-04 19:06:13 [INFO] 图像预处理完成，原始尺寸: (2160, 3840)
2026-06-04 19:06:13 [INFO] 开始执行目标检测...
2026-06-04 19:06:13 [INFO] 检测完成，找到 5 个物体
2026-06-04 19:06:13 [INFO] 物体 1: GasCyl1 (置信度: 0.90)
2026-06-04 19:06:13 [INFO] 物体 2: GasCyl1 (置信度: 0.80)
2026-06-04 19:06:13 [INFO] 物体 3: GasCyl1 (置信度: 0.74)
2026-06-04 19:06:13 [INFO] 物体 4: FireExt1 (置信度: 0.43)
2026-06-04 19:06:13 [INFO] 物体 5: FireExt1 (置信度: 0.40)
2026-06-04 19:06:13 [INFO] 检测到车兜区域，将过滤区域外的目标
2026-06-04 19:06:13 [INFO] 车兜区域过滤: 5 -> 4 个目标
2026-06-04 19:06:13 [INFO] 准备保存检测结果到: C:\code\show\Scrap_Steel_In_Field\photos\dangerous_det\detection_20260604_190613.jpg
2026-06-04 19:06:13 [INFO] 图像形状: (2160, 3840, 3)
2026-06-04 19:06:13 [INFO] 图像数据类型: uint8
2026-06-04 19:06:13 [INFO] 图像最大值: 255
2026-06-04 19:06:13 [INFO] 图像最小值: 0
2026-06-04 19:06:13 [INFO] 开始保存检测结果图像: 图像尺寸=(2160, 3840, 3), 类型=uint8, 路径=C:\code\show\Scrap_Steel_In_Field\photos\dangerous_det\detection_20260604_190613.jpg
2026-06-04 19:06:13 [INFO] 成功保存检测结果到: C:\code\show\Scrap_Steel_In_Field\photos\dangerous_det\detection_20260604_190613.jpg
2026-06-04 19:06:13 [INFO] 保存的检测结果文件大小: 2250724 字节
2026-06-04 19:06:13 [INFO] 引擎上下文已释放
2026-06-04 19:06:13 [INFO] TensorRT 引擎已释放
2026-06-04 19:06:13 [INFO] 全局 CUDA 资源已释放
2026-06-04 19:06:13 [INFO] 检测系统资源已释放
2026-06-04 19:06:18 [INFO] CUDA 初始化成功
2026-06-04 19:06:18 [INFO] 引擎加载成功: dangerous.engine
2026-06-04 19:06:18 [INFO] 检测系统初始化成功
2026-06-04 19:06:18 [INFO] 图像预处理完成，原始尺寸: (2160, 3840)
2026-06-04 19:06:18 [INFO] 开始执行目标检测...
2026-06-04 19:06:18 [INFO] 检测完成，找到 5 个物体
2026-06-04 19:06:18 [INFO] 物体 1: GasCyl1 (置信度: 0.90)
2026-06-04 19:06:18 [INFO] 物体 2: GasCyl1 (置信度: 0.77)
2026-06-04 19:06:18 [INFO] 物体 3: GasCyl1 (置信度: 0.67)
2026-06-04 19:06:18 [INFO] 物体 4: FireExt1 (置信度: 0.46)
2026-06-04 19:06:18 [INFO] 物体 5: FireExt1 (置信度: 0.38)
2026-06-04 19:06:18 [INFO] 检测到车兜区域，将过滤区域外的目标
2026-06-04 19:06:18 [INFO] 车兜区域过滤: 5 -> 4 个目标
2026-06-04 19:06:18 [INFO] 准备保存检测结果到: C:\code\show\Scrap_Steel_In_Field\photos\dangerous_det\detection_20260604_190618.jpg
2026-06-04 19:06:18 [INFO] 图像形状: (2160, 3840, 3)
2026-06-04 19:06:18 [INFO] 图像数据类型: uint8
2026-06-04 19:06:18 [INFO] 图像最大值: 255
2026-06-04 19:06:18 [INFO] 图像最小值: 0
2026-06-04 19:06:18 [INFO] 开始保存检测结果图像: 图像尺寸=(2160, 3840, 3), 类型=uint8, 路径=C:\code\show\Scrap_Steel_In_Field\photos\dangerous_det\detection_20260604_190618.jpg
2026-06-04 19:06:18 [INFO] 成功保存检测结果到: C:\code\show\Scrap_Steel_In_Field\photos\dangerous_det\detection_20260604_190618.jpg
2026-06-04 19:06:18 [INFO] 保存的检测结果文件大小: 2250145 字节
2026-06-04 19:06:18 [INFO] 引擎上下文已释放
2026-06-04 19:06:18 [INFO] TensorRT 引擎已释放
2026-06-04 19:06:18 [INFO] 全局 CUDA 资源已释放
2026-06-04 19:06:18 [INFO] 检测系统资源已释放
2026-06-04 19:06:24 [INFO] CUDA 初始化成功
2026-06-04 19:06:24 [INFO] 引擎加载成功: dangerous.engine
2026-06-04 19:06:24 [INFO] 检测系统初始化成功
2026-06-04 19:06:24 [INFO] 图像预处理完成，原始尺寸: (2160, 3840)
2026-06-04 19:06:24 [INFO] 开始执行目标检测...
2026-06-04 19:06:24 [INFO] 检测完成，找到 5 个物体
2026-06-04 19:06:24 [INFO] 物体 1: GasCyl1 (置信度: 0.89)
2026-06-04 19:06:24 [INFO] 物体 2: GasCyl1 (置信度: 0.84)
2026-06-04 19:06:24 [INFO] 物体 3: GasCyl1 (置信度: 0.61)
2026-06-04 19:06:24 [INFO] 物体 4: FireExt1 (置信度: 0.41)
2026-06-04 19:06:24 [INFO] 物体 5: FireExt1 (置信度: 0.38)
2026-06-04 19:06:24 [INFO] 检测到车兜区域，将过滤区域外的目标
2026-06-04 19:06:24 [INFO] 车兜区域过滤: 5 -> 4 个目标
2026-06-04 19:06:24 [INFO] 准备保存检测结果到: C:\code\show\Scrap_Steel_In_Field\photos\dangerous_det\detection_20260604_190624.jpg
2026-06-04 19:06:24 [INFO] 图像形状: (2160, 3840, 3)
2026-06-04 19:06:24 [INFO] 图像数据类型: uint8
2026-06-04 19:06:24 [INFO] 图像最大值: 255
2026-06-04 19:06:24 [INFO] 图像最小值: 0
2026-06-04 19:06:24 [INFO] 开始保存检测结果图像: 图像尺寸=(2160, 3840, 3), 类型=uint8, 路径=C:\code\show\Scrap_Steel_In_Field\photos\dangerous_det\detection_20260604_190624.jpg
2026-06-04 19:06:24 [INFO] 成功保存检测结果到: C:\code\show\Scrap_Steel_In_Field\photos\dangerous_det\detection_20260604_190624.jpg
2026-06-04 19:06:24 [INFO] 保存的检测结果文件大小: 2250403 字节
2026-06-04 19:06:24 [INFO] 引擎上下文已释放
2026-06-04 19:06:24 [INFO] TensorRT 引擎已释放
2026-06-04 19:06:24 [INFO] 全局 CUDA 资源已释放
2026-06-04 19:06:24 [INFO] 检测系统资源已释放
2026-06-04 19:06:29 [INFO] CUDA 初始化成功
2026-06-04 19:06:29 [INFO] 引擎加载成功: dangerous.engine
2026-06-04 19:06:29 [INFO] 检测系统初始化成功
2026-06-04 19:06:29 [INFO] 图像预处理完成，原始尺寸: (2160, 3840)
2026-06-04 19:06:29 [INFO] 开始执行目标检测...
2026-06-04 19:06:29 [INFO] 检测完成，找到 5 个物体
2026-06-04 19:06:29 [INFO] 物体 1: GasCyl1 (置信度: 0.89)
2026-06-04 19:06:29 [INFO] 物体 2: GasCyl1 (置信度: 0.82)
2026-06-04 19:06:29 [INFO] 物体 3: GasCyl1 (置信度: 0.45)
2026-06-04 19:06:29 [INFO] 物体 4: FireExt1 (置信度: 0.45)
2026-06-04 19:06:29 [INFO] 物体 5: FireExt1 (置信度: 0.42)
2026-06-04 19:06:29 [INFO] 检测到车兜区域，将过滤区域外的目标
2026-06-04 19:06:29 [INFO] 车兜区域过滤: 5 -> 4 个目标
2026-06-04 19:06:29 [INFO] 准备保存检测结果到: C:\code\show\Scrap_Steel_In_Field\photos\dangerous_det\detection_20260604_190629.jpg
2026-06-04 19:06:29 [INFO] 图像形状: (2160, 3840, 3)
2026-06-04 19:06:29 [INFO] 图像数据类型: uint8
2026-06-04 19:06:29 [INFO] 图像最大值: 255
2026-06-04 19:06:29 [INFO] 图像最小值: 0
2026-06-04 19:06:29 [INFO] 开始保存检测结果图像: 图像尺寸=(2160, 3840, 3), 类型=uint8, 路径=C:\code\show\Scrap_Steel_In_Field\photos\dangerous_det\detection_20260604_190629.jpg
2026-06-04 19:06:29 [INFO] 成功保存检测结果到: C:\code\show\Scrap_Steel_In_Field\photos\dangerous_det\detection_20260604_190629.jpg
2026-06-04 19:06:29 [INFO] 保存的检测结果文件大小: 2249779 字节
2026-06-04 19:06:29 [INFO] 引擎上下文已释放
2026-06-04 19:06:29 [INFO] TensorRT 引擎已释放
2026-06-04 19:06:29 [INFO] 全局 CUDA 资源已释放
2026-06-04 19:06:29 [INFO] 检测系统资源已释放
2026-06-04 19:06:34 [INFO] CUDA 初始化成功
2026-06-04 19:06:34 [INFO] 引擎加载成功: dangerous.engine
2026-06-04 19:06:34 [INFO] 检测系统初始化成功
2026-06-04 19:06:34 [INFO] 图像预处理完成，原始尺寸: (2160, 3840)
2026-06-04 19:06:34 [INFO] 开始执行目标检测...
2026-06-04 19:06:34 [INFO] 检测完成，找到 5 个物体
2026-06-04 19:06:34 [INFO] 物体 1: GasCyl1 (置信度: 0.90)
2026-06-04 19:06:34 [INFO] 物体 2: GasCyl1 (置信度: 0.74)
2026-06-04 19:06:34 [INFO] 物体 3: FireExt1 (置信度: 0.44)
2026-06-04 19:06:34 [INFO] 物体 4: FireExt1 (置信度: 0.43)
2026-06-04 19:06:34 [INFO] 物体 5: GasCyl1 (置信度: 0.41)
2026-06-04 19:06:34 [INFO] 检测到车兜区域，将过滤区域外的目标
2026-06-04 19:06:34 [INFO] 车兜区域过滤: 5 -> 4 个目标
2026-06-04 19:06:34 [INFO] 准备保存检测结果到: C:\code\show\Scrap_Steel_In_Field\photos\dangerous_det\detection_20260604_190634.jpg
2026-06-04 19:06:34 [INFO] 图像形状: (2160, 3840, 3)
2026-06-04 19:06:34 [INFO] 图像数据类型: uint8
2026-06-04 19:06:34 [INFO] 图像最大值: 255
2026-06-04 19:06:34 [INFO] 图像最小值: 0
2026-06-04 19:06:34 [INFO] 开始保存检测结果图像: 图像尺寸=(2160, 3840, 3), 类型=uint8, 路径=C:\code\show\Scrap_Steel_In_Field\photos\dangerous_det\detection_20260604_190634.jpg
2026-06-04 19:06:34 [INFO] 成功保存检测结果到: C:\code\show\Scrap_Steel_In_Field\photos\dangerous_det\detection_20260604_190634.jpg
2026-06-04 19:06:34 [INFO] 保存的检测结果文件大小: 2250941 字节
2026-06-04 19:06:34 [INFO] 引擎上下文已释放
2026-06-04 19:06:34 [INFO] TensorRT 引擎已释放
2026-06-04 19:06:34 [INFO] 全局 CUDA 资源已释放
2026-06-04 19:06:34 [INFO] 检测系统资源已释放
2026-06-04 19:06:39 [INFO] CUDA 初始化成功
2026-06-04 19:06:39 [INFO] 引擎加载成功: dangerous.engine
2026-06-04 19:06:39 [INFO] 检测系统初始化成功
2026-06-04 19:06:39 [INFO] 图像预处理完成，原始尺寸: (2160, 3840)
2026-06-04 19:06:39 [INFO] 开始执行目标检测...
2026-06-04 19:06:39 [INFO] 检测完成，找到 6 个物体
2026-06-04 19:06:39 [INFO] 物体 1: GasCyl1 (置信度: 0.90)
2026-06-04 19:06:39 [INFO] 物体 2: GasCyl1 (置信度: 0.82)
2026-06-04 19:06:39 [INFO] 物体 3: GasCyl1 (置信度: 0.44)
2026-06-04 19:06:39 [INFO] 物体 4: FireExt1 (置信度: 0.40)
2026-06-04 19:06:39 [INFO] 物体 5: FireExt1 (置信度: 0.39)
2026-06-04 19:06:39 [INFO] 物体 6: FireExt1 (置信度: 0.35)
2026-06-04 19:06:39 [INFO] 检测到车兜区域，将过滤区域外的目标
2026-06-04 19:06:39 [INFO] 车兜区域过滤: 6 -> 5 个目标
2026-06-04 19:06:39 [INFO] 准备保存检测结果到: C:\code\show\Scrap_Steel_In_Field\photos\dangerous_det\detection_20260604_190639.jpg
2026-06-04 19:06:39 [INFO] 图像形状: (2160, 3840, 3)
2026-06-04 19:06:39 [INFO] 图像数据类型: uint8
2026-06-04 19:06:39 [INFO] 图像最大值: 255
2026-06-04 19:06:39 [INFO] 图像最小值: 0
2026-06-04 19:06:39 [INFO] 开始保存检测结果图像: 图像尺寸=(2160, 3840, 3), 类型=uint8, 路径=C:\code\show\Scrap_Steel_In_Field\photos\dangerous_det\detection_20260604_190639.jpg
2026-06-04 19:06:39 [INFO] 成功保存检测结果到: C:\code\show\Scrap_Steel_In_Field\photos\dangerous_det\detection_20260604_190639.jpg
2026-06-04 19:06:39 [INFO] 保存的检测结果文件大小: 2257262 字节
2026-06-04 19:06:39 [INFO] 引擎上下文已释放
2026-06-04 19:06:39 [INFO] TensorRT 引擎已释放
2026-06-04 19:06:40 [INFO] 全局 CUDA 资源已释放
2026-06-04 19:06:40 [INFO] 检测系统资源已释放
2026-06-04 19:06:44 [INFO] CUDA 初始化成功
2026-06-04 19:06:44 [INFO] 引擎加载成功: dangerous.engine
2026-06-04 19:06:44 [INFO] 检测系统初始化成功
2026-06-04 19:06:44 [INFO] 图像预处理完成，原始尺寸: (2160, 3840)
2026-06-04 19:06:44 [INFO] 开始执行目标检测...
2026-06-04 19:06:44 [INFO] 检测完成，找到 5 个物体
2026-06-04 19:06:44 [INFO] 物体 1: GasCyl1 (置信度: 0.90)
2026-06-04 19:06:44 [INFO] 物体 2: GasCyl1 (置信度: 0.77)
2026-06-04 19:06:44 [INFO] 物体 3: FireExt1 (置信度: 0.45)
2026-06-04 19:06:44 [INFO] 物体 4: FireExt1 (置信度: 0.42)
2026-06-04 19:06:44 [INFO] 物体 5: GasCyl1 (置信度: 0.39)
2026-06-04 19:06:44 [INFO] 检测到车兜区域，将过滤区域外的目标
2026-06-04 19:06:44 [INFO] 车兜区域过滤: 5 -> 4 个目标
2026-06-04 19:06:44 [INFO] 准备保存检测结果到: C:\code\show\Scrap_Steel_In_Field\photos\dangerous_det\detection_20260604_190644.jpg
2026-06-04 19:06:44 [INFO] 图像形状: (2160, 3840, 3)
2026-06-04 19:06:44 [INFO] 图像数据类型: uint8
2026-06-04 19:06:44 [INFO] 图像最大值: 255
2026-06-04 19:06:44 [INFO] 图像最小值: 0
2026-06-04 19:06:44 [INFO] 开始保存检测结果图像: 图像尺寸=(2160, 3840, 3), 类型=uint8, 路径=C:\code\show\Scrap_Steel_In_Field\photos\dangerous_det\detection_20260604_190644.jpg
2026-06-04 19:06:44 [INFO] 成功保存检测结果到: C:\code\show\Scrap_Steel_In_Field\photos\dangerous_det\detection_20260604_190644.jpg
2026-06-04 19:06:44 [INFO] 保存的检测结果文件大小: 2252450 字节
2026-06-04 19:06:44 [INFO] 引擎上下文已释放
2026-06-04 19:06:44 [INFO] TensorRT 引擎已释放
2026-06-04 19:06:44 [INFO] 全局 CUDA 资源已释放
2026-06-04 19:06:44 [INFO] 检测系统资源已释放
2026-06-04 19:06:50 [INFO] CUDA 初始化成功
2026-06-04 19:06:50 [INFO] 引擎加载成功: dangerous.engine
2026-06-04 19:06:50 [INFO] 检测系统初始化成功
2026-06-04 19:06:50 [INFO] 图像预处理完成，原始尺寸: (2160, 3840)
2026-06-04 19:06:50 [INFO] 开始执行目标检测...
2026-06-04 19:06:50 [INFO] 检测完成，找到 4 个物体
2026-06-04 19:06:50 [INFO] 物体 1: GasCyl1 (置信度: 0.90)
2026-06-04 19:06:50 [INFO] 物体 2: GasCyl1 (置信度: 0.77)
2026-06-04 19:06:50 [INFO] 物体 3: GasCyl1 (置信度: 0.59)
2026-06-04 19:06:50 [INFO] 物体 4: FireExt1 (置信度: 0.38)
2026-06-04 19:06:50 [INFO] 检测到车兜区域，将过滤区域外的目标
2026-06-04 19:06:50 [INFO] 准备保存检测结果到: C:\code\show\Scrap_Steel_In_Field\photos\dangerous_det\detection_20260604_190650.jpg
2026-06-04 19:06:50 [INFO] 图像形状: (2160, 3840, 3)
2026-06-04 19:06:50 [INFO] 图像数据类型: uint8
2026-06-04 19:06:50 [INFO] 图像最大值: 255
2026-06-04 19:06:50 [INFO] 图像最小值: 0
2026-06-04 19:06:50 [INFO] 开始保存检测结果图像: 图像尺寸=(2160, 3840, 3), 类型=uint8, 路径=C:\code\show\Scrap_Steel_In_Field\photos\dangerous_det\detection_20260604_190650.jpg
2026-06-04 19:06:50 [INFO] 成功保存检测结果到: C:\code\show\Scrap_Steel_In_Field\photos\dangerous_det\detection_20260604_190650.jpg
2026-06-04 19:06:50 [INFO] 保存的检测结果文件大小: 2251403 字节
2026-06-04 19:06:50 [INFO] 引擎上下文已释放
2026-06-04 19:06:50 [INFO] TensorRT 引擎已释放
2026-06-04 19:06:50 [INFO] 全局 CUDA 资源已释放
2026-06-04 19:06:50 [INFO] 检测系统资源已释放
2026-06-04 19:06:55 [INFO] CUDA 初始化成功
2026-06-04 19:06:55 [INFO] 引擎加载成功: dangerous.engine
2026-06-04 19:06:55 [INFO] 检测系统初始化成功
2026-06-04 19:06:55 [INFO] 图像预处理完成，原始尺寸: (2160, 3840)
2026-06-04 19:06:55 [INFO] 开始执行目标检测...
2026-06-04 19:06:55 [INFO] 检测完成，找到 5 个物体
2026-06-04 19:06:55 [INFO] 物体 1: GasCyl1 (置信度: 0.90)
2026-06-04 19:06:55 [INFO] 物体 2: GasCyl1 (置信度: 0.77)
2026-06-04 19:06:55 [INFO] 物体 3: GasCyl1 (置信度: 0.73)
2026-06-04 19:06:55 [INFO] 物体 4: FireExt1 (置信度: 0.41)
2026-06-04 19:06:55 [INFO] 物体 5: FireExt1 (置信度: 0.38)
2026-06-04 19:06:55 [INFO] 检测到车兜区域，将过滤区域外的目标
2026-06-04 19:06:55 [INFO] 车兜区域过滤: 5 -> 4 个目标
2026-06-04 19:06:55 [INFO] 准备保存检测结果到: C:\code\show\Scrap_Steel_In_Field\photos\dangerous_det\detection_20260604_190655.jpg
2026-06-04 19:06:55 [INFO] 图像形状: (2160, 3840, 3)
2026-06-04 19:06:55 [INFO] 图像数据类型: uint8
2026-06-04 19:06:55 [INFO] 图像最大值: 255
2026-06-04 19:06:55 [INFO] 图像最小值: 0
2026-06-04 19:06:55 [INFO] 开始保存检测结果图像: 图像尺寸=(2160, 3840, 3), 类型=uint8, 路径=C:\code\show\Scrap_Steel_In_Field\photos\dangerous_det\detection_20260604_190655.jpg
2026-06-04 19:06:55 [INFO] 成功保存检测结果到: C:\code\show\Scrap_Steel_In_Field\photos\dangerous_det\detection_20260604_190655.jpg
2026-06-04 19:06:55 [INFO] 保存的检测结果文件大小: 2251534 字节
2026-06-04 19:06:55 [INFO] 引擎上下文已释放
2026-06-04 19:06:55 [INFO] TensorRT 引擎已释放
2026-06-04 19:06:55 [INFO] 全局 CUDA 资源已释放
2026-06-04 19:06:55 [INFO] 检测系统资源已释放
2026-06-04 19:07:00 [INFO] CUDA 初始化成功
2026-06-04 19:07:00 [INFO] 引擎加载成功: dangerous.engine
2026-06-04 19:07:00 [INFO] 检测系统初始化成功
2026-06-04 19:07:00 [INFO] 图像预处理完成，原始尺寸: (2160, 3840)
2026-06-04 19:07:00 [INFO] 开始执行目标检测...
2026-06-04 19:07:00 [INFO] 检测完成，找到 4 个物体
2026-06-04 19:07:00 [INFO] 物体 1: GasCyl1 (置信度: 0.90)
2026-06-04 19:07:00 [INFO] 物体 2: GasCyl1 (置信度: 0.74)
2026-06-04 19:07:00 [INFO] 物体 3: FireExt1 (置信度: 0.41)
2026-06-04 19:07:00 [INFO] 物体 4: FireExt1 (置信度: 0.38)
2026-06-04 19:07:00 [INFO] 检测到车兜区域，将过滤区域外的目标
2026-06-04 19:07:00 [INFO] 车兜区域过滤: 4 -> 3 个目标
2026-06-04 19:07:00 [INFO] 准备保存检测结果到: C:\code\show\Scrap_Steel_In_Field\photos\dangerous_det\detection_20260604_190700.jpg
2026-06-04 19:07:00 [INFO] 图像形状: (2160, 3840, 3)
2026-06-04 19:07:00 [INFO] 图像数据类型: uint8
2026-06-04 19:07:00 [INFO] 图像最大值: 255
2026-06-04 19:07:00 [INFO] 图像最小值: 0
2026-06-04 19:07:00 [INFO] 开始保存检测结果图像: 图像尺寸=(2160, 3840, 3), 类型=uint8, 路径=C:\code\show\Scrap_Steel_In_Field\photos\dangerous_det\detection_20260604_190700.jpg
2026-06-04 19:07:00 [INFO] 成功保存检测结果到: C:\code\show\Scrap_Steel_In_Field\photos\dangerous_det\detection_20260604_190700.jpg
2026-06-04 19:07:00 [INFO] 保存的检测结果文件大小: 2254165 字节
2026-06-04 19:07:00 [INFO] 引擎上下文已释放
2026-06-04 19:07:00 [INFO] TensorRT 引擎已释放
2026-06-04 19:07:01 [INFO] 全局 CUDA 资源已释放
2026-06-04 19:07:01 [INFO] 检测系统资源已释放
2026-06-04 19:07:05 [INFO] CUDA 初始化成功
2026-06-04 19:07:05 [INFO] 引擎加载成功: dangerous.engine
2026-06-04 19:07:05 [INFO] 检测系统初始化成功
2026-06-04 19:07:05 [INFO] 图像预处理完成，原始尺寸: (2160, 3840)
2026-06-04 19:07:05 [INFO] 开始执行目标检测...
2026-06-04 19:07:05 [INFO] 检测完成，找到 6 个物体
2026-06-04 19:07:05 [INFO] 物体 1: GasCyl1 (置信度: 0.90)
2026-06-04 19:07:05 [INFO] 物体 2: GasCyl1 (置信度: 0.81)
2026-06-04 19:07:05 [INFO] 物体 3: GasCyl1 (置信度: 0.46)
2026-06-04 19:07:05 [INFO] 物体 4: FireExt1 (置信度: 0.42)
2026-06-04 19:07:05 [INFO] 物体 5: FireExt1 (置信度: 0.38)
2026-06-04 19:07:05 [INFO] 物体 6: FireExt1 (置信度: 0.36)
2026-06-04 19:07:05 [INFO] 检测到车兜区域，将过滤区域外的目标
2026-06-04 19:07:05 [INFO] 车兜区域过滤: 6 -> 5 个目标
2026-06-04 19:07:05 [INFO] 准备保存检测结果到: C:\code\show\Scrap_Steel_In_Field\photos\dangerous_det\detection_20260604_190705.jpg
2026-06-04 19:07:05 [INFO] 图像形状: (2160, 3840, 3)
2026-06-04 19:07:05 [INFO] 图像数据类型: uint8
2026-06-04 19:07:05 [INFO] 图像最大值: 255
2026-06-04 19:07:05 [INFO] 图像最小值: 0
2026-06-04 19:07:05 [INFO] 开始保存检测结果图像: 图像尺寸=(2160, 3840, 3), 类型=uint8, 路径=C:\code\show\Scrap_Steel_In_Field\photos\dangerous_det\detection_20260604_190705.jpg
2026-06-04 19:07:05 [INFO] 成功保存检测结果到: C:\code\show\Scrap_Steel_In_Field\photos\dangerous_det\detection_20260604_190705.jpg
2026-06-04 19:07:05 [INFO] 保存的检测结果文件大小: 2256584 字节
2026-06-04 19:07:05 [INFO] 引擎上下文已释放
2026-06-04 19:07:05 [INFO] TensorRT 引擎已释放
2026-06-04 19:07:05 [INFO] 全局 CUDA 资源已释放
2026-06-04 19:07:05 [INFO] 检测系统资源已释放
2026-06-04 19:07:10 [INFO] CUDA 初始化成功
2026-06-04 19:07:10 [INFO] 引擎加载成功: dangerous.engine
2026-06-04 19:07:10 [INFO] 检测系统初始化成功
2026-06-04 19:07:10 [INFO] 图像预处理完成，原始尺寸: (2160, 3840)
2026-06-04 19:07:10 [INFO] 开始执行目标检测...
2026-06-04 19:07:11 [INFO] 检测完成，找到 3 个物体
2026-06-04 19:07:11 [INFO] 物体 1: GasCyl1 (置信度: 0.90)
2026-06-04 19:07:11 [INFO] 物体 2: GasCyl1 (置信度: 0.80)
2026-06-04 19:07:11 [INFO] 物体 3: FireExt1 (置信度: 0.43)
2026-06-04 19:07:11 [INFO] 检测到车兜区域，将过滤区域外的目标
2026-06-04 19:07:11 [INFO] 准备保存检测结果到: C:\code\show\Scrap_Steel_In_Field\photos\dangerous_det\detection_20260604_190711.jpg
2026-06-04 19:07:11 [INFO] 图像形状: (2160, 3840, 3)
2026-06-04 19:07:11 [INFO] 图像数据类型: uint8
2026-06-04 19:07:11 [INFO] 图像最大值: 255
2026-06-04 19:07:11 [INFO] 图像最小值: 0
2026-06-04 19:07:11 [INFO] 开始保存检测结果图像: 图像尺寸=(2160, 3840, 3), 类型=uint8, 路径=C:\code\show\Scrap_Steel_In_Field\photos\dangerous_det\detection_20260604_190711.jpg
2026-06-04 19:07:11 [INFO] 成功保存检测结果到: C:\code\show\Scrap_Steel_In_Field\photos\dangerous_det\detection_20260604_190711.jpg
2026-06-04 19:07:11 [INFO] 保存的检测结果文件大小: 2174151 字节
2026-06-04 19:07:11 [INFO] 引擎上下文已释放
2026-06-04 19:07:11 [INFO] TensorRT 引擎已释放
2026-06-04 19:07:11 [INFO] 全局 CUDA 资源已释放
2026-06-04 19:07:11 [INFO] 检测系统资源已释放
2026-06-04 19:07:15 [INFO] CUDA 初始化成功
2026-06-04 19:07:15 [INFO] 引擎加载成功: dangerous.engine
2026-06-04 19:07:15 [INFO] 检测系统初始化成功
2026-06-04 19:07:15 [INFO] 图像预处理完成，原始尺寸: (2160, 3840)
2026-06-04 19:07:15 [INFO] 开始执行目标检测...
2026-06-04 19:07:16 [INFO] 检测完成，找到 3 个物体
2026-06-04 19:07:16 [INFO] 物体 1: GasCyl1 (置信度: 0.89)
2026-06-04 19:07:16 [INFO] 物体 2: GasCyl1 (置信度: 0.82)
2026-06-04 19:07:16 [INFO] 物体 3: GasCyl1 (置信度: 0.37)
2026-06-04 19:07:16 [INFO] 检测到车兜区域，将过滤区域外的目标
2026-06-04 19:07:16 [INFO] 准备保存检测结果到: C:\code\show\Scrap_Steel_In_Field\photos\dangerous_det\detection_20260604_190716.jpg
2026-06-04 19:07:16 [INFO] 图像形状: (2160, 3840, 3)
2026-06-04 19:07:16 [INFO] 图像数据类型: uint8
2026-06-04 19:07:16 [INFO] 图像最大值: 255
2026-06-04 19:07:16 [INFO] 图像最小值: 0
2026-06-04 19:07:16 [INFO] 开始保存检测结果图像: 图像尺寸=(2160, 3840, 3), 类型=uint8, 路径=C:\code\show\Scrap_Steel_In_Field\photos\dangerous_det\detection_20260604_190716.jpg
2026-06-04 19:07:16 [INFO] 成功保存检测结果到: C:\code\show\Scrap_Steel_In_Field\photos\dangerous_det\detection_20260604_190716.jpg
2026-06-04 19:07:16 [INFO] 保存的检测结果文件大小: 2179095 字节
2026-06-04 19:07:16 [INFO] 引擎上下文已释放
2026-06-04 19:07:16 [INFO] TensorRT 引擎已释放
2026-06-04 19:07:16 [INFO] 全局 CUDA 资源已释放
2026-06-04 19:07:16 [INFO] 检测系统资源已释放
2026-06-04 19:07:20 [INFO] CUDA 初始化成功
2026-06-04 19:07:20 [INFO] 引擎加载成功: dangerous.engine
2026-06-04 19:07:20 [INFO] 检测系统初始化成功
2026-06-04 19:07:20 [INFO] 图像预处理完成，原始尺寸: (2160, 3840)
2026-06-04 19:07:20 [INFO] 开始执行目标检测...
2026-06-04 19:07:21 [INFO] 检测完成，找到 3 个物体
2026-06-04 19:07:21 [INFO] 物体 1: GasCyl1 (置信度: 0.90)
2026-06-04 19:07:21 [INFO] 物体 2: GasCyl1 (置信度: 0.78)
2026-06-04 19:07:21 [INFO] 物体 3: FireExt1 (置信度: 0.39)
2026-06-04 19:07:21 [INFO] 检测到车兜区域，将过滤区域外的目标
2026-06-04 19:07:21 [INFO] 准备保存检测结果到: C:\code\show\Scrap_Steel_In_Field\photos\dangerous_det\detection_20260604_190721.jpg
2026-06-04 19:07:21 [INFO] 图像形状: (2160, 3840, 3)
2026-06-04 19:07:21 [INFO] 图像数据类型: uint8
2026-06-04 19:07:21 [INFO] 图像最大值: 255
2026-06-04 19:07:21 [INFO] 图像最小值: 0
2026-06-04 19:07:21 [INFO] 开始保存检测结果图像: 图像尺寸=(2160, 3840, 3), 类型=uint8, 路径=C:\code\show\Scrap_Steel_In_Field\photos\dangerous_det\detection_20260604_190721.jpg
2026-06-04 19:07:21 [INFO] 成功保存检测结果到: C:\code\show\Scrap_Steel_In_Field\photos\dangerous_det\detection_20260604_190721.jpg
2026-06-04 19:07:21 [INFO] 保存的检测结果文件大小: 2180256 字节
2026-06-04 19:07:21 [INFO] 引擎上下文已释放
2026-06-04 19:07:21 [INFO] TensorRT 引擎已释放
2026-06-04 19:07:21 [INFO] 全局 CUDA 资源已释放
2026-06-04 19:07:21 [INFO] 检测系统资源已释放
2026-06-04 19:07:26 [INFO] CUDA 初始化成功
2026-06-04 19:07:26 [INFO] 引擎加载成功: dangerous.engine
2026-06-04 19:07:26 [INFO] 检测系统初始化成功
2026-06-04 19:07:26 [INFO] 图像预处理完成，原始尺寸: (2160, 3840)
2026-06-04 19:07:26 [INFO] 开始执行目标检测...
2026-06-04 19:07:26 [INFO] 检测完成，找到 4 个物体
2026-06-04 19:07:26 [INFO] 物体 1: GasCyl1 (置信度: 0.90)
2026-06-04 19:07:26 [INFO] 物体 2: GasCyl1 (置信度: 0.80)
2026-06-04 19:07:26 [INFO] 物体 3: FireExt1 (置信度: 0.39)
2026-06-04 19:07:26 [INFO] 物体 4: GasCyl1 (置信度: 0.38)
2026-06-04 19:07:26 [INFO] 检测到车兜区域，将过滤区域外的目标
2026-06-04 19:07:26 [INFO] 准备保存检测结果到: C:\code\show\Scrap_Steel_In_Field\photos\dangerous_det\detection_20260604_190726.jpg
2026-06-04 19:07:26 [INFO] 图像形状: (2160, 3840, 3)
2026-06-04 19:07:26 [INFO] 图像数据类型: uint8
2026-06-04 19:07:26 [INFO] 图像最大值: 255
2026-06-04 19:07:26 [INFO] 图像最小值: 0
2026-06-04 19:07:26 [INFO] 开始保存检测结果图像: 图像尺寸=(2160, 3840, 3), 类型=uint8, 路径=C:\code\show\Scrap_Steel_In_Field\photos\dangerous_det\detection_20260604_190726.jpg
2026-06-04 19:07:26 [INFO] 成功保存检测结果到: C:\code\show\Scrap_Steel_In_Field\photos\dangerous_det\detection_20260604_190726.jpg
2026-06-04 19:07:26 [INFO] 保存的检测结果文件大小: 2097540 字节
2026-06-04 19:07:26 [INFO] 引擎上下文已释放
2026-06-04 19:07:26 [INFO] TensorRT 引擎已释放
2026-06-04 19:07:26 [INFO] 全局 CUDA 资源已释放
2026-06-04 19:07:26 [INFO] 检测系统资源已释放
2026-06-04 19:07:31 [INFO] CUDA 初始化成功
2026-06-04 19:07:31 [INFO] 引擎加载成功: dangerous.engine
2026-06-04 19:07:31 [INFO] 检测系统初始化成功
2026-06-04 19:07:32 [INFO] 图像预处理完成，原始尺寸: (2160, 3840)
2026-06-04 19:07:32 [INFO] 开始执行目标检测...
2026-06-04 19:07:32 [INFO] 检测完成，找到 3 个物体
2026-06-04 19:07:32 [INFO] 物体 1: GasCyl1 (置信度: 0.90)
2026-06-04 19:07:32 [INFO] 物体 2: GasCyl1 (置信度: 0.79)
2026-06-04 19:07:32 [INFO] 物体 3: FireExt1 (置信度: 0.44)
2026-06-04 19:07:32 [INFO] 检测到车兜区域，将过滤区域外的目标
2026-06-04 19:07:32 [INFO] 准备保存检测结果到: C:\code\show\Scrap_Steel_In_Field\photos\dangerous_det\detection_20260604_190732.jpg
2026-06-04 19:07:32 [INFO] 图像形状: (2160, 3840, 3)
2026-06-04 19:07:32 [INFO] 图像数据类型: uint8
2026-06-04 19:07:32 [INFO] 图像最大值: 255
2026-06-04 19:07:32 [INFO] 图像最小值: 0
2026-06-04 19:07:32 [INFO] 开始保存检测结果图像: 图像尺寸=(2160, 3840, 3), 类型=uint8, 路径=C:\code\show\Scrap_Steel_In_Field\photos\dangerous_det\detection_20260604_190732.jpg
2026-06-04 19:07:32 [INFO] 成功保存检测结果到: C:\code\show\Scrap_Steel_In_Field\photos\dangerous_det\detection_20260604_190732.jpg
2026-06-04 19:07:32 [INFO] 保存的检测结果文件大小: 2161068 字节
2026-06-04 19:07:32 [INFO] 引擎上下文已释放
2026-06-04 19:07:32 [INFO] TensorRT 引擎已释放
2026-06-04 19:07:32 [INFO] 全局 CUDA 资源已释放
2026-06-04 19:07:32 [INFO] 检测系统资源已释放
