2026-05-21 16:04:20 [INFO] CUDA 初始化成功
2026-05-21 16:04:20 [INFO] 引擎加载成功: scrap_steel.engine
2026-05-21 16:04:20 [INFO] 分割系统初始化成功
2026-05-21 16:04:23 [INFO] 引擎加载成功: scrap_steel.engine
2026-05-21 16:04:23 [INFO] 分割系统初始化成功
2026-05-21 16:04:23 [INFO] 图像预处理完成，原始尺寸: (2160, 3840)
2026-05-21 16:04:23 [INFO] 开始执行分割...
2026-05-21 16:04:23 [ERROR] 推理过程发生异常: explicit_context_dependent failed: invalid device context - no currently active context?
2026-05-21 16:04:23 [INFO] 分割完成，检测到 0 个物体
2026-05-21 16:04:23 [ERROR] 分割失败: 未能生成有效的分割掩码
2026-05-21 16:04:23 [INFO] 引擎上下文已释放
2026-05-21 16:04:23 [INFO] TensorRT 引擎已释放
2026-05-21 16:04:23 [INFO] 全局 CUDA 资源已释放
2026-05-21 16:04:23 [INFO] 分割系统资源已释放
2026-05-21 16:04:29 [INFO] CUDA 初始化成功
2026-05-21 16:04:29 [INFO] 引擎加载成功: scrap_steel.engine
2026-05-21 16:04:30 [INFO] 分割系统初始化成功
2026-05-21 16:04:30 [INFO] 图像预处理完成，原始尺寸: (2160, 3840)
2026-05-21 16:04:30 [INFO] 开始执行分割...
2026-05-21 16:04:30 [DEBUG] 处理后的检测结果形状: (1, 8400, 6)
2026-05-21 16:04:30 [DEBUG] 示例检测结果: [[-4.01451111e+00 -3.25469208e+00  3.87445641e+01  1.54590092e+01
   4.46119657e-08  5.00000000e+00]
 [-6.27943802e+00 -3.00667858e+00  4.40822029e+01  2.97407646e+01
   9.92735494e-09  9.00000000e+00]
 [-3.60607147e+00 -3.57510281e+00  4.56341553e+01  3.04671288e+01
   4.21340118e-09  9.00000000e+00]]
2026-05-21 16:04:30 [DEBUG] 处理后检测输出形状: (0, 52)
2026-05-21 16:04:30 [DEBUG] 有效检测数量: 0
2026-05-21 16:04:30 [DEBUG] 检测输出为空
2026-05-21 16:04:30 [INFO] 掩码中检测到的类别: [0, 1, 2, 3, 4, 5, 6, 7, 8, 9, 10, 11, 12, 13, 15]
2026-05-21 16:04:30 [INFO] 分割完成，检测到 0 个物体
2026-05-21 16:04:30 [INFO] 从分割掩码中提取检测结果
2026-05-21 16:04:30 [INFO] 从掩码中提取了 568 个检测框
2026-05-21 16:04:30 [INFO] 检测到车兜区域，将过滤区域外的目标
2026-05-21 16:04:30 [INFO] 车兜区域过滤: 568 -> 182 个目标
2026-05-21 16:04:31 [INFO] 保存分割和检测结果到: C:\code\show\Scrap_Steel_In_Field\photos\segmentation\segment_20260521_160430.jpg
2026-05-21 16:04:31 [INFO] JSON结果保存到: C:\code\show\Scrap_Steel_In_Field\photos\segmentation_result.json
2026-05-21 16:04:31 [INFO] 类别统计：{0: 16, 1: 27, 2: 18, 3: 1, 4: 7, 5: 20, 6: 14, 7: 12, 8: 13, 9: 16, 10: 11, 11: 1, 12: 10, 13: 14, 14: 0, 15: 2}
2026-05-21 16:04:31 [INFO] 面积统计：{1: np.float64(43.22), 2: np.float64(3.31), 3: np.float64(0.11), 4: np.float64(1.52), 5: np.float64(7.17), 6: np.float64(5.71), 7: np.float64(3.5), 8: np.float64(2.33), 9: np.float64(5.73), 10: np.float64(9.99), 11: np.float64(0.02), 12: np.float64(14.46), 13: np.float64(1.93), 15: np.float64(0.97)}
2026-05-21 16:04:31 [INFO] 分割成功
2026-05-21 16:04:31 [INFO] 引擎上下文已释放
2026-05-21 16:04:31 [INFO] TensorRT 引擎已释放
2026-05-21 16:04:31 [INFO] 全局 CUDA 资源已释放
2026-05-21 16:04:31 [INFO] 分割系统资源已释放
2026-05-21 16:04:35 [INFO] CUDA 初始化成功
2026-05-21 16:04:35 [INFO] 引擎加载成功: scrap_steel.engine
2026-05-21 16:04:35 [INFO] 分割系统初始化成功
2026-05-21 16:04:35 [INFO] 图像预处理完成，原始尺寸: (2160, 3840)
2026-05-21 16:04:35 [INFO] 开始执行分割...
2026-05-21 16:04:35 [DEBUG] 处理后的检测结果形状: (1, 8400, 6)
2026-05-21 16:04:35 [DEBUG] 示例检测结果: [[-4.04241943e+00 -3.32747936e+00  3.88681984e+01  1.57535372e+01
   4.47923441e-08  5.00000000e+00]
 [-6.31350708e+00 -3.05472088e+00  4.42640457e+01  3.00758629e+01
   9.91403581e-09  9.00000000e+00]
 [-3.62242889e+00 -3.61483002e+00  4.56646652e+01  3.06884880e+01
   4.25533742e-09  9.00000000e+00]]
2026-05-21 16:04:35 [DEBUG] 处理后检测输出形状: (0, 52)
2026-05-21 16:04:35 [DEBUG] 有效检测数量: 0
2026-05-21 16:04:35 [DEBUG] 检测输出为空
2026-05-21 16:04:35 [INFO] 掩码中检测到的类别: [0, 1, 2, 3, 4, 5, 6, 7, 8, 9, 10, 11, 12, 13, 15]
2026-05-21 16:04:35 [INFO] 分割完成，检测到 0 个物体
2026-05-21 16:04:35 [INFO] 从分割掩码中提取检测结果
2026-05-21 16:04:35 [INFO] 从掩码中提取了 536 个检测框
2026-05-21 16:04:35 [INFO] 检测到车兜区域，将过滤区域外的目标
2026-05-21 16:04:35 [INFO] 车兜区域过滤: 536 -> 178 个目标
2026-05-21 16:04:36 [INFO] 保存分割和检测结果到: C:\code\show\Scrap_Steel_In_Field\photos\segmentation\segment_20260521_160435.jpg
2026-05-21 16:04:36 [INFO] JSON结果保存到: C:\code\show\Scrap_Steel_In_Field\photos\segmentation_result.json
2026-05-21 16:04:36 [INFO] 类别统计：{0: 1, 1: 26, 2: 14, 3: 1, 4: 8, 5: 20, 6: 16, 7: 15, 8: 18, 9: 17, 10: 11, 11: 1, 12: 9, 13: 16, 14: 0, 15: 5}
2026-05-21 16:04:36 [INFO] 面积统计：{1: np.float64(44.19), 2: np.float64(4.46), 3: np.float64(0.04), 4: np.float64(1.32), 5: np.float64(7.43), 6: np.float64(6.01), 7: np.float64(3.21), 8: np.float64(2.47), 9: np.float64(4.74), 10: np.float64(9.94), 11: np.float64(0.03), 12: np.float64(13.07), 13: np.float64(1.83), 15: np.float64(1.24)}
2026-05-21 16:04:36 [INFO] 分割成功
2026-05-21 16:04:36 [INFO] 引擎上下文已释放
2026-05-21 16:04:36 [INFO] TensorRT 引擎已释放
2026-05-21 16:04:36 [INFO] 全局 CUDA 资源已释放
2026-05-21 16:04:36 [INFO] 分割系统资源已释放
2026-05-21 16:04:40 [INFO] CUDA 初始化成功
2026-05-21 16:04:40 [INFO] 引擎加载成功: scrap_steel.engine
2026-05-21 16:04:40 [INFO] 分割系统初始化成功
2026-05-21 16:04:40 [INFO] 图像预处理完成，原始尺寸: (2160, 3840)
2026-05-21 16:04:40 [INFO] 开始执行分割...
2026-05-21 16:04:40 [DEBUG] 处理后的检测结果形状: (1, 8400, 6)
2026-05-21 16:04:40 [DEBUG] 示例检测结果: [[-4.00610352e+00 -3.26230621e+00  3.87880936e+01  1.54829769e+01
   4.42611459e-08  5.00000000e+00]
 [-6.28526306e+00 -3.00640774e+00  4.42022247e+01  2.98087692e+01
   9.92735494e-09  9.00000000e+00]
 [-3.60611725e+00 -3.54603195e+00  4.56040955e+01  3.04875793e+01
   4.21199076e-09  9.00000000e+00]]
2026-05-21 16:04:40 [DEBUG] 处理后检测输出形状: (0, 52)
2026-05-21 16:04:40 [DEBUG] 有效检测数量: 0
2026-05-21 16:04:40 [DEBUG] 检测输出为空
2026-05-21 16:04:40 [INFO] 掩码中检测到的类别: [0, 1, 2, 3, 4, 5, 6, 7, 8, 9, 10, 11, 12, 13, 15]
2026-05-21 16:04:40 [INFO] 分割完成，检测到 0 个物体
2026-05-21 16:04:40 [INFO] 从分割掩码中提取检测结果
2026-05-21 16:04:40 [INFO] 从掩码中提取了 588 个检测框
2026-05-21 16:04:40 [INFO] 检测到车兜区域，将过滤区域外的目标
2026-05-21 16:04:40 [INFO] 车兜区域过滤: 588 -> 180 个目标
2026-05-21 16:04:41 [INFO] 保存分割和检测结果到: C:\code\show\Scrap_Steel_In_Field\photos\segmentation\segment_20260521_160440.jpg
2026-05-21 16:04:41 [INFO] JSON结果保存到: C:\code\show\Scrap_Steel_In_Field\photos\segmentation_result.json
2026-05-21 16:04:41 [INFO] 类别统计：{0: 13, 1: 25, 2: 15, 3: 0, 4: 5, 5: 19, 6: 19, 7: 14, 8: 18, 9: 17, 10: 8, 11: 2, 12: 7, 13: 13, 14: 0, 15: 5}
2026-05-21 16:04:41 [INFO] 面积统计：{1: np.float64(43.24), 2: np.float64(4.12), 3: np.float64(0.0), 4: np.float64(1.26), 5: np.float64(7.54), 6: np.float64(6.24), 7: np.float64(2.83), 8: np.float64(2.8), 9: np.float64(4.99), 10: np.float64(10.16), 11: np.float64(0.04), 12: np.float64(13.97), 13: np.float64(1.88), 15: np.float64(0.93)}
2026-05-21 16:04:41 [INFO] 分割成功
2026-05-21 16:04:41 [INFO] 引擎上下文已释放
2026-05-21 16:04:41 [INFO] TensorRT 引擎已释放
2026-05-21 16:04:41 [INFO] 全局 CUDA 资源已释放
2026-05-21 16:04:41 [INFO] 分割系统资源已释放
2026-05-21 16:04:45 [INFO] CUDA 初始化成功
2026-05-21 16:04:45 [INFO] 引擎加载成功: scrap_steel.engine
2026-05-21 16:04:45 [INFO] 分割系统初始化成功
2026-05-21 16:04:45 [INFO] 图像预处理完成，原始尺寸: (2160, 3840)
2026-05-21 16:04:45 [INFO] 开始执行分割...
2026-05-21 16:04:45 [DEBUG] 处理后的检测结果形状: (1, 8400, 6)
2026-05-21 16:04:45 [DEBUG] 示例检测结果: [[-4.02581787e+00 -3.26492834e+00  3.88630638e+01  1.55263233e+01
   4.37537082e-08  5.00000000e+00]
 [-6.29353714e+00 -2.99570465e+00  4.42962532e+01  2.99894753e+01
   9.88489290e-09  9.00000000e+00]
 [-3.63068390e+00 -3.60230637e+00  4.56820984e+01  3.06379166e+01
   4.24319069e-09  9.00000000e+00]]
2026-05-21 16:04:45 [DEBUG] 处理后检测输出形状: (0, 52)
2026-05-21 16:04:45 [DEBUG] 有效检测数量: 0
2026-05-21 16:04:45 [DEBUG] 检测输出为空
2026-05-21 16:04:45 [INFO] 掩码中检测到的类别: [0, 1, 2, 3, 4, 5, 6, 7, 8, 9, 10, 11, 12, 13, 15]
2026-05-21 16:04:45 [INFO] 分割完成，检测到 0 个物体
2026-05-21 16:04:45 [INFO] 从分割掩码中提取检测结果
2026-05-21 16:04:46 [INFO] 从掩码中提取了 534 个检测框
2026-05-21 16:04:46 [INFO] 检测到车兜区域，将过滤区域外的目标
2026-05-21 16:04:46 [INFO] 车兜区域过滤: 534 -> 167 个目标
2026-05-21 16:04:46 [INFO] 保存分割和检测结果到: C:\code\show\Scrap_Steel_In_Field\photos\segmentation\segment_20260521_160446.jpg
2026-05-21 16:04:46 [INFO] JSON结果保存到: C:\code\show\Scrap_Steel_In_Field\photos\segmentation_result.json
2026-05-21 16:04:46 [INFO] 类别统计：{0: 9, 1: 24, 2: 14, 3: 0, 4: 8, 5: 23, 6: 11, 7: 13, 8: 17, 9: 16, 10: 8, 11: 3, 12: 5, 13: 12, 14: 0, 15: 4}
2026-05-21 16:04:46 [INFO] 面积统计：{1: np.float64(44.25), 2: np.float64(3.85), 3: np.float64(0.02), 4: np.float64(1.16), 5: np.float64(7.5), 6: np.float64(5.88), 7: np.float64(3.56), 8: np.float64(2.43), 9: np.float64(5.63), 10: np.float64(9.9), 11: np.float64(0.1), 12: np.float64(13.14), 13: np.float64(1.54), 15: np.float64(1.05)}
2026-05-21 16:04:46 [INFO] 分割成功
2026-05-21 16:04:46 [INFO] 引擎上下文已释放
2026-05-21 16:04:46 [INFO] TensorRT 引擎已释放
2026-05-21 16:04:46 [INFO] 全局 CUDA 资源已释放
2026-05-21 16:04:46 [INFO] 分割系统资源已释放
2026-05-21 16:04:50 [INFO] CUDA 初始化成功
2026-05-21 16:04:50 [INFO] 引擎加载成功: scrap_steel.engine
2026-05-21 16:04:50 [INFO] 分割系统初始化成功
2026-05-21 16:04:50 [INFO] 图像预处理完成，原始尺寸: (2160, 3840)
2026-05-21 16:04:50 [INFO] 开始执行分割...
2026-05-21 16:04:50 [DEBUG] 处理后的检测结果形状: (1, 8400, 6)
2026-05-21 16:04:50 [DEBUG] 示例检测结果: [[-4.01253510e+00 -3.27846718e+00  3.87600060e+01  1.55719109e+01
   4.44328236e-08  5.00000000e+00]
 [-6.25722504e+00 -3.01015186e+00  4.41983604e+01  2.98500748e+01
   9.92735494e-09  9.00000000e+00]
 [-3.61502838e+00 -3.60537720e+00  4.56575699e+01  3.05428963e+01
   4.25961844e-09  9.00000000e+00]]
2026-05-21 16:04:50 [DEBUG] 处理后检测输出形状: (0, 52)
2026-05-21 16:04:50 [DEBUG] 有效检测数量: 0
2026-05-21 16:04:50 [DEBUG] 检测输出为空
2026-05-21 16:04:50 [INFO] 掩码中检测到的类别: [0, 1, 2, 3, 4, 5, 6, 7, 8, 9, 10, 11, 12, 13, 15]
2026-05-21 16:04:50 [INFO] 分割完成，检测到 0 个物体
2026-05-21 16:04:50 [INFO] 从分割掩码中提取检测结果
2026-05-21 16:04:51 [INFO] 从掩码中提取了 466 个检测框
2026-05-21 16:04:51 [INFO] 检测到车兜区域，将过滤区域外的目标
2026-05-21 16:04:51 [INFO] 车兜区域过滤: 466 -> 150 个目标
2026-05-21 16:04:51 [INFO] 保存分割和检测结果到: C:\code\show\Scrap_Steel_In_Field\photos\segmentation\segment_20260521_160451.jpg
2026-05-21 16:04:51 [INFO] JSON结果保存到: C:\code\show\Scrap_Steel_In_Field\photos\segmentation_result.json
2026-05-21 16:04:51 [INFO] 类别统计：{0: 1, 1: 22, 2: 12, 3: 0, 4: 4, 5: 21, 6: 12, 7: 14, 8: 16, 9: 12, 10: 7, 11: 1, 12: 9, 13: 14, 14: 0, 15: 5}
2026-05-21 16:04:51 [INFO] 面积统计：{1: np.float64(44.36), 2: np.float64(4.3), 3: np.float64(0.0), 4: np.float64(1.08), 5: np.float64(7.34), 6: np.float64(6.03), 7: np.float64(2.94), 8: np.float64(2.31), 9: np.float64(5.13), 10: np.float64(9.77), 11: np.float64(0.03), 12: np.float64(13.87), 13: np.float64(1.88), 15: np.float64(0.95)}
2026-05-21 16:04:51 [INFO] 分割成功
2026-05-21 16:04:51 [INFO] 引擎上下文已释放
2026-05-21 16:04:51 [INFO] TensorRT 引擎已释放
2026-05-21 16:04:51 [INFO] 全局 CUDA 资源已释放
2026-05-21 16:04:51 [INFO] 分割系统资源已释放
2026-05-21 16:04:55 [INFO] CUDA 初始化成功
2026-05-21 16:04:55 [INFO] 引擎加载成功: scrap_steel.engine
2026-05-21 16:04:55 [INFO] 分割系统初始化成功
2026-05-21 16:04:55 [INFO] 图像预处理完成，原始尺寸: (2160, 3840)
2026-05-21 16:04:55 [INFO] 开始执行分割...
2026-05-21 16:04:55 [DEBUG] 处理后的检测结果形状: (1, 8400, 6)
2026-05-21 16:04:55 [DEBUG] 示例检测结果: [[-4.01132965e+00 -3.26853275e+00  3.88268890e+01  1.55149832e+01
   4.40944490e-08  5.00000000e+00]
 [-6.26537323e+00 -3.01927185e+00  4.42406387e+01  2.99439735e+01
   9.85023263e-09  9.00000000e+00]
 [-3.60316467e+00 -3.59212875e+00  4.56353683e+01  3.05366058e+01
   4.22829771e-09  9.00000000e+00]]
2026-05-21 16:04:55 [DEBUG] 处理后检测输出形状: (0, 52)
2026-05-21 16:04:55 [DEBUG] 有效检测数量: 0
2026-05-21 16:04:55 [DEBUG] 检测输出为空
2026-05-21 16:04:55 [INFO] 掩码中检测到的类别: [0, 1, 2, 3, 4, 5, 6, 7, 8, 9, 10, 11, 12, 13, 15]
2026-05-21 16:04:55 [INFO] 分割完成，检测到 0 个物体
2026-05-21 16:04:55 [INFO] 从分割掩码中提取检测结果
2026-05-21 16:04:56 [INFO] 从掩码中提取了 472 个检测框
2026-05-21 16:04:56 [INFO] 检测到车兜区域，将过滤区域外的目标
2026-05-21 16:04:56 [INFO] 车兜区域过滤: 472 -> 159 个目标
2026-05-21 16:04:56 [INFO] 保存分割和检测结果到: C:\code\show\Scrap_Steel_In_Field\photos\segmentation\segment_20260521_160456.jpg
2026-05-21 16:04:56 [INFO] JSON结果保存到: C:\code\show\Scrap_Steel_In_Field\photos\segmentation_result.json
2026-05-21 16:04:56 [INFO] 类别统计：{0: 1, 1: 22, 2: 13, 3: 0, 4: 7, 5: 23, 6: 12, 7: 16, 8: 15, 9: 14, 10: 12, 11: 1, 12: 7, 13: 12, 14: 0, 15: 4}
2026-05-21 16:04:56 [INFO] 面积统计：{1: np.float64(44.07), 2: np.float64(3.8), 3: np.float64(0.01), 4: np.float64(1.41), 5: np.float64(7.67), 6: np.float64(6.37), 7: np.float64(3.63), 8: np.float64(2.45), 9: np.float64(4.88), 10: np.float64(9.34), 11: np.float64(0.04), 12: np.float64(13.53), 13: np.float64(1.65), 15: np.float64(1.16)}
2026-05-21 16:04:56 [INFO] 分割成功
2026-05-21 16:04:56 [INFO] 引擎上下文已释放
2026-05-21 16:04:56 [INFO] TensorRT 引擎已释放
2026-05-21 16:04:57 [INFO] 全局 CUDA 资源已释放
2026-05-21 16:04:57 [INFO] 分割系统资源已释放
2026-05-21 16:05:00 [INFO] CUDA 初始化成功
2026-05-21 16:05:00 [INFO] 引擎加载成功: scrap_steel.engine
2026-05-21 16:05:00 [INFO] 分割系统初始化成功
2026-05-21 16:05:00 [INFO] 图像预处理完成，原始尺寸: (2160, 3840)
2026-05-21 16:05:00 [INFO] 开始执行分割...
2026-05-21 16:05:00 [DEBUG] 处理后的检测结果形状: (1, 8400, 6)
2026-05-21 16:05:00 [DEBUG] 示例检测结果: [[-4.04039764e+00 -3.30972004e+00  3.87553940e+01  1.56049643e+01
   4.40894681e-08  5.00000000e+00]
 [-6.31496048e+00 -3.07865047e+00  4.42218246e+01  3.00655670e+01
   9.76930536e-09  9.00000000e+00]
 [-3.63160706e+00 -3.63091660e+00  4.56730576e+01  3.06124535e+01
   4.27200675e-09  9.00000000e+00]]
2026-05-21 16:05:00 [DEBUG] 处理后检测输出形状: (0, 52)
2026-05-21 16:05:00 [DEBUG] 有效检测数量: 0
2026-05-21 16:05:00 [DEBUG] 检测输出为空
2026-05-21 16:05:00 [INFO] 掩码中检测到的类别: [0, 1, 2, 3, 4, 5, 6, 7, 8, 9, 10, 11, 12, 13, 15]
2026-05-21 16:05:00 [INFO] 分割完成，检测到 0 个物体
2026-05-21 16:05:00 [INFO] 从分割掩码中提取检测结果
2026-05-21 16:05:01 [INFO] 从掩码中提取了 462 个检测框
2026-05-21 16:05:01 [INFO] 检测到车兜区域，将过滤区域外的目标
2026-05-21 16:05:01 [INFO] 车兜区域过滤: 462 -> 178 个目标
2026-05-21 16:05:01 [INFO] 保存分割和检测结果到: C:\code\show\Scrap_Steel_In_Field\photos\segmentation\segment_20260521_160501.jpg
2026-05-21 16:05:01 [INFO] JSON结果保存到: C:\code\show\Scrap_Steel_In_Field\photos\segmentation_result.json
2026-05-21 16:05:01 [INFO] 类别统计：{0: 1, 1: 23, 2: 15, 3: 2, 4: 6, 5: 19, 6: 16, 7: 17, 8: 21, 9: 16, 10: 11, 11: 3, 12: 9, 13: 14, 14: 0, 15: 5}
2026-05-21 16:05:01 [INFO] 面积统计：{1: np.float64(43.59), 2: np.float64(3.98), 3: np.float64(0.08), 4: np.float64(1.47), 5: np.float64(7.84), 6: np.float64(5.81), 7: np.float64(3.36), 8: np.float64(2.68), 9: np.float64(4.68), 10: np.float64(10.01), 11: np.float64(0.11), 12: np.float64(13.32), 13: np.float64(1.86), 15: np.float64(1.2)}
2026-05-21 16:05:01 [INFO] 分割成功
2026-05-21 16:05:01 [INFO] 引擎上下文已释放
2026-05-21 16:05:01 [INFO] TensorRT 引擎已释放
2026-05-21 16:05:02 [INFO] 全局 CUDA 资源已释放
2026-05-21 16:05:02 [INFO] 分割系统资源已释放
2026-05-21 16:05:05 [INFO] CUDA 初始化成功
2026-05-21 16:05:05 [INFO] 引擎加载成功: scrap_steel.engine
2026-05-21 16:05:05 [INFO] 分割系统初始化成功
2026-05-21 16:05:05 [INFO] 图像预处理完成，原始尺寸: (2160, 3840)
2026-05-21 16:05:05 [INFO] 开始执行分割...
2026-05-21 16:05:05 [DEBUG] 处理后的检测结果形状: (1, 8400, 6)
2026-05-21 16:05:05 [DEBUG] 示例检测结果: [[-4.01001358e+00 -3.28634739e+00  3.88029251e+01  1.54853888e+01
   4.42750263e-08  5.00000000e+00]
 [-6.37225342e+00 -3.06435490e+00  4.42836075e+01  2.99472008e+01
   1.01442694e-08  9.00000000e+00]
 [-3.66670609e+00 -3.61555958e+00  4.56661034e+01  3.05890083e+01
   4.44922588e-09  9.00000000e+00]]
2026-05-21 16:05:05 [DEBUG] 处理后检测输出形状: (0, 52)
2026-05-21 16:05:05 [DEBUG] 有效检测数量: 0
2026-05-21 16:05:05 [DEBUG] 检测输出为空
2026-05-21 16:05:05 [INFO] 掩码中检测到的类别: [0, 1, 2, 3, 4, 5, 6, 7, 8, 9, 10, 11, 12, 13, 15]
2026-05-21 16:05:05 [INFO] 分割完成，检测到 0 个物体
2026-05-21 16:05:05 [INFO] 从分割掩码中提取检测结果
2026-05-21 16:05:06 [INFO] 从掩码中提取了 463 个检测框
2026-05-21 16:05:06 [INFO] 检测到车兜区域，将过滤区域外的目标
2026-05-21 16:05:06 [INFO] 车兜区域过滤: 463 -> 174 个目标
2026-05-21 16:05:07 [INFO] 保存分割和检测结果到: C:\code\show\Scrap_Steel_In_Field\photos\segmentation\segment_20260521_160506.jpg
2026-05-21 16:05:07 [INFO] JSON结果保存到: C:\code\show\Scrap_Steel_In_Field\photos\segmentation_result.json
2026-05-21 16:05:07 [INFO] 类别统计：{0: 1, 1: 24, 2: 18, 3: 2, 4: 5, 5: 20, 6: 16, 7: 18, 8: 19, 9: 13, 10: 11, 11: 2, 12: 9, 13: 10, 14: 0, 15: 6}
2026-05-21 16:05:07 [INFO] 面积统计：{1: np.float64(44.12), 2: np.float64(4.24), 3: np.float64(0.05), 4: np.float64(1.12), 5: np.float64(6.62), 6: np.float64(5.37), 7: np.float64(2.89), 8: np.float64(2.5), 9: np.float64(5.12), 10: np.float64(10.97), 11: np.float64(0.07), 12: np.float64(13.94), 13: np.float64(1.87), 15: np.float64(1.12)}
2026-05-21 16:05:07 [INFO] 分割成功
2026-05-21 16:05:07 [INFO] 引擎上下文已释放
2026-05-21 16:05:07 [INFO] TensorRT 引擎已释放
2026-05-21 16:05:07 [INFO] 全局 CUDA 资源已释放
2026-05-21 16:05:07 [INFO] 分割系统资源已释放
2026-05-21 16:05:10 [INFO] CUDA 初始化成功
2026-05-21 16:05:10 [INFO] 引擎加载成功: scrap_steel.engine
2026-05-21 16:05:10 [INFO] 分割系统初始化成功
2026-05-21 16:05:11 [INFO] 图像预处理完成，原始尺寸: (2160, 3840)
2026-05-21 16:05:11 [INFO] 开始执行分割...
2026-05-21 16:05:11 [DEBUG] 处理后的检测结果形状: (1, 8400, 6)
2026-05-21 16:05:11 [DEBUG] 示例检测结果: [[-3.90128326e+00 -3.16268253e+00  3.92388840e+01  1.51487494e+01
   4.23959321e-08  5.00000000e+00]
 [-6.13294220e+00 -2.87385082e+00  4.45746231e+01  2.98063545e+01
   9.91897764e-09  9.00000000e+00]
 [-3.54917908e+00 -3.36059475e+00  4.57392044e+01  3.05608101e+01
   4.33917435e-09  9.00000000e+00]]
2026-05-21 16:05:11 [DEBUG] 处理后检测输出形状: (0, 52)
2026-05-21 16:05:11 [DEBUG] 有效检测数量: 0
2026-05-21 16:05:11 [DEBUG] 检测输出为空
2026-05-21 16:05:11 [INFO] 掩码中检测到的类别: [0, 1, 2, 3, 4, 5, 6, 7, 8, 9, 10, 11, 12, 13, 15]
2026-05-21 16:05:11 [INFO] 分割完成，检测到 0 个物体
2026-05-21 16:05:11 [INFO] 从分割掩码中提取检测结果
2026-05-21 16:05:11 [INFO] 从掩码中提取了 444 个检测框
2026-05-21 16:05:11 [INFO] 检测到车兜区域，将过滤区域外的目标
2026-05-21 16:05:11 [INFO] 车兜区域过滤: 444 -> 165 个目标
2026-05-21 16:05:12 [INFO] 保存分割和检测结果到: C:\code\show\Scrap_Steel_In_Field\photos\segmentation\segment_20260521_160511.jpg
2026-05-21 16:05:12 [INFO] JSON结果保存到: C:\code\show\Scrap_Steel_In_Field\photos\segmentation_result.json
2026-05-21 16:05:12 [INFO] 类别统计：{0: 1, 1: 18, 2: 17, 3: 1, 4: 5, 5: 22, 6: 12, 7: 15, 8: 18, 9: 13, 10: 11, 11: 4, 12: 8, 13: 14, 14: 0, 15: 6}
2026-05-21 16:05:12 [INFO] 面积统计：{1: np.float64(43.25), 2: np.float64(3.74), 3: np.float64(0.16), 4: np.float64(1.37), 5: np.float64(7.22), 6: np.float64(5.79), 7: np.float64(2.74), 8: np.float64(2.72), 9: np.float64(5.17), 10: np.float64(10.59), 11: np.float64(0.13), 12: np.float64(14.51), 13: np.float64(1.79), 15: np.float64(0.84)}
2026-05-21 16:05:12 [INFO] 分割成功
2026-05-21 16:05:12 [INFO] 引擎上下文已释放
2026-05-21 16:05:12 [INFO] TensorRT 引擎已释放
2026-05-21 16:05:12 [INFO] 全局 CUDA 资源已释放
2026-05-21 16:05:12 [INFO] 分割系统资源已释放
2026-05-21 16:05:15 [INFO] CUDA 初始化成功
2026-05-21 16:05:15 [INFO] 引擎加载成功: scrap_steel.engine
2026-05-21 16:05:15 [INFO] 分割系统初始化成功
2026-05-21 16:05:16 [INFO] 图像预处理完成，原始尺寸: (2160, 3840)
2026-05-21 16:05:16 [INFO] 开始执行分割...
2026-05-21 16:05:16 [DEBUG] 处理后的检测结果形状: (1, 8400, 6)
2026-05-21 16:05:16 [DEBUG] 示例检测结果: [[-4.04418564e+00 -3.29154968e+00  3.86502190e+01  1.51693630e+01
   4.42750263e-08  5.00000000e+00]
 [-6.40274429e+00 -3.06931210e+00  4.41905022e+01  2.95776367e+01
   9.61361479e-09  9.00000000e+00]
 [-3.64614868e+00 -3.61583519e+00  4.56280060e+01  3.03007755e+01
   4.25283986e-09  9.00000000e+00]]
2026-05-21 16:05:16 [DEBUG] 处理后检测输出形状: (0, 52)
2026-05-21 16:05:16 [DEBUG] 有效检测数量: 0
2026-05-21 16:05:16 [DEBUG] 检测输出为空
2026-05-21 16:05:16 [INFO] 掩码中检测到的类别: [0, 1, 2, 3, 4, 5, 6, 7, 8, 9, 10, 11, 12, 13, 15]
2026-05-21 16:05:16 [INFO] 分割完成，检测到 0 个物体
2026-05-21 16:05:16 [INFO] 从分割掩码中提取检测结果
2026-05-21 16:05:16 [INFO] 从掩码中提取了 376 个检测框
2026-05-21 16:05:17 [INFO] 保存分割和检测结果到: C:\code\show\Scrap_Steel_In_Field\photos\segmentation\segment_20260521_160516.jpg
2026-05-21 16:05:17 [INFO] JSON结果保存到: C:\code\show\Scrap_Steel_In_Field\photos\segmentation_result.json
2026-05-21 16:05:17 [INFO] 类别统计：{0: 11, 1: 39, 2: 16, 3: 20, 4: 14, 5: 26, 6: 11, 7: 17, 8: 32, 9: 29, 10: 7, 11: 24, 12: 13, 13: 92, 14: 0, 15: 25}
2026-05-21 16:05:17 [INFO] 面积统计：{1: np.float64(22.73), 2: np.float64(2.41), 3: np.float64(3.82), 4: np.float64(1.87), 5: np.float64(3.26), 6: np.float64(9.18), 7: np.float64(2.56), 8: np.float64(12.05), 9: np.float64(7.87), 10: np.float64(4.3), 11: np.float64(1.26), 12: np.float64(5.99), 13: np.float64(11.15), 15: np.float64(11.54)}
2026-05-21 16:05:17 [INFO] 分割成功
2026-05-21 16:05:17 [INFO] 引擎上下文已释放
2026-05-21 16:05:17 [INFO] TensorRT 引擎已释放
2026-05-21 16:05:17 [INFO] 全局 CUDA 资源已释放
2026-05-21 16:05:17 [INFO] 分割系统资源已释放
2026-05-21 16:05:20 [INFO] CUDA 初始化成功
2026-05-21 16:05:20 [INFO] 引擎加载成功: scrap_steel.engine
2026-05-21 16:05:20 [INFO] 分割系统初始化成功
2026-05-21 16:05:21 [INFO] 图像预处理完成，原始尺寸: (2160, 3840)
2026-05-21 16:05:21 [INFO] 开始执行分割...
2026-05-21 16:05:21 [DEBUG] 处理后的检测结果形状: (1, 8400, 6)
2026-05-21 16:05:21 [DEBUG] 示例检测结果: [[-4.23758698e+00 -3.31192780e+00  3.88755188e+01  1.55424747e+01
   4.27283844e-08  5.00000000e+00]
 [-6.66716385e+00 -3.16096497e+00  4.41219215e+01  2.98993568e+01
   1.00800968e-08  9.00000000e+00]
 [-3.65072632e+00 -3.56884003e+00  4.57398453e+01  3.01944771e+01
   4.55754634e-09  9.00000000e+00]]
2026-05-21 16:05:21 [DEBUG] 处理后检测输出形状: (0, 52)
2026-05-21 16:05:21 [DEBUG] 有效检测数量: 0
2026-05-21 16:05:21 [DEBUG] 检测输出为空
2026-05-21 16:05:21 [INFO] 掩码中检测到的类别: [0, 1, 2, 3, 4, 5, 6, 7, 8, 9, 10, 11, 12, 13, 15]
2026-05-21 16:05:21 [INFO] 分割完成，检测到 0 个物体
2026-05-21 16:05:21 [INFO] 从分割掩码中提取检测结果
2026-05-21 16:05:21 [INFO] 从掩码中提取了 522 个检测框
2026-05-21 16:05:22 [INFO] 保存分割和检测结果到: C:\code\show\Scrap_Steel_In_Field\photos\segmentation\segment_20260521_160521.jpg
2026-05-21 16:05:22 [INFO] JSON结果保存到: C:\code\show\Scrap_Steel_In_Field\photos\segmentation_result.json
2026-05-21 16:05:22 [INFO] 类别统计：{0: 34, 1: 60, 2: 32, 3: 5, 4: 13, 5: 51, 6: 23, 7: 40, 8: 63, 9: 47, 10: 24, 11: 31, 12: 22, 13: 65, 14: 0, 15: 12}
2026-05-21 16:05:22 [INFO] 面积统计：{1: np.float64(23.4), 2: np.float64(3.87), 3: np.float64(0.3), 4: np.float64(2.71), 5: np.float64(6.54), 6: np.float64(6.96), 7: np.float64(2.56), 8: np.float64(11.42), 9: np.float64(13.69), 10: np.float64(4.83), 11: np.float64(0.86), 12: np.float64(11.21), 13: np.float64(5.78), 15: np.float64(5.87)}
2026-05-21 16:05:22 [INFO] 分割成功
2026-05-21 16:05:22 [INFO] 引擎上下文已释放
2026-05-21 16:05:22 [INFO] TensorRT 引擎已释放
2026-05-21 16:05:22 [INFO] 全局 CUDA 资源已释放
2026-05-21 16:05:22 [INFO] 分割系统资源已释放
2026-05-21 16:05:25 [INFO] CUDA 初始化成功
2026-05-21 16:05:26 [INFO] 引擎加载成功: scrap_steel.engine
2026-05-21 16:05:26 [INFO] 分割系统初始化成功
2026-05-21 16:05:26 [INFO] 图像预处理完成，原始尺寸: (2160, 3840)
2026-05-21 16:05:26 [INFO] 开始执行分割...
2026-05-21 16:05:26 [DEBUG] 处理后的检测结果形状: (1, 8400, 6)
2026-05-21 16:05:26 [DEBUG] 示例检测结果: [[-4.17761993e+00 -3.28299522e+00  4.04197311e+01  1.55698948e+01
   4.20872368e-08  5.00000000e+00]
 [-6.52767181e+00 -2.99431801e+00  4.52884598e+01  3.04882832e+01
   9.63837010e-09  9.00000000e+00]
 [-3.53897095e+00 -3.35867405e+00  4.61346283e+01  3.08323250e+01
   4.63568650e-09  9.00000000e+00]]
2026-05-21 16:05:26 [DEBUG] 处理后检测输出形状: (0, 52)
2026-05-21 16:05:26 [DEBUG] 有效检测数量: 0
2026-05-21 16:05:26 [DEBUG] 检测输出为空
2026-05-21 16:05:26 [INFO] 掩码中检测到的类别: [0, 1, 2, 3, 4, 5, 6, 7, 8, 9, 10, 11, 12, 13, 15]
2026-05-21 16:05:26 [INFO] 分割完成，检测到 0 个物体
2026-05-21 16:05:26 [INFO] 从分割掩码中提取检测结果
2026-05-21 16:05:26 [INFO] 从掩码中提取了 489 个检测框
2026-05-21 16:05:27 [INFO] 保存分割和检测结果到: C:\code\show\Scrap_Steel_In_Field\photos\segmentation\segment_20260521_160526.jpg
2026-05-21 16:05:27 [INFO] JSON结果保存到: C:\code\show\Scrap_Steel_In_Field\photos\segmentation_result.json
2026-05-21 16:05:27 [INFO] 类别统计：{0: 20, 1: 50, 2: 19, 3: 3, 4: 26, 5: 36, 6: 40, 7: 45, 8: 62, 9: 35, 10: 23, 11: 24, 12: 16, 13: 77, 14: 0, 15: 13}
2026-05-21 16:05:27 [INFO] 面积统计：{1: np.float64(13.79), 2: np.float64(2.76), 3: np.float64(2.07), 4: np.float64(3.9), 5: np.float64(2.82), 6: np.float64(11.98), 7: np.float64(2.75), 8: np.float64(14.87), 9: np.float64(15.93), 10: np.float64(3.69), 11: np.float64(0.96), 12: np.float64(13.14), 13: np.float64(4.77), 15: np.float64(6.57)}
2026-05-21 16:05:27 [INFO] 分割成功
2026-05-21 16:05:27 [INFO] 引擎上下文已释放
2026-05-21 16:05:27 [INFO] TensorRT 引擎已释放
2026-05-21 16:05:27 [INFO] 全局 CUDA 资源已释放
2026-05-21 16:05:27 [INFO] 分割系统资源已释放
2026-05-21 16:05:31 [INFO] CUDA 初始化成功
2026-05-21 16:05:31 [INFO] 引擎加载成功: scrap_steel.engine
2026-05-21 16:05:31 [INFO] 分割系统初始化成功
2026-05-21 16:05:31 [INFO] 图像预处理完成，原始尺寸: (2160, 3840)
2026-05-21 16:05:31 [INFO] 开始执行分割...
2026-05-21 16:05:31 [DEBUG] 处理后的检测结果形状: (1, 8400, 6)
2026-05-21 16:05:31 [DEBUG] 示例检测结果: [[-4.04146957e+00 -3.32115269e+00  3.89867783e+01  1.57043295e+01
   4.51597018e-08  5.00000000e+00]
 [-6.38936615e+00 -3.09167957e+00  4.42896423e+01  3.01818581e+01
   1.00525455e-08  9.00000000e+00]
 [-3.63912582e+00 -3.62920570e+00  4.56876488e+01  3.06871853e+01
   4.32932978e-09  9.00000000e+00]]
2026-05-21 16:05:31 [DEBUG] 处理后检测输出形状: (0, 52)
2026-05-21 16:05:31 [DEBUG] 有效检测数量: 0
2026-05-21 16:05:31 [DEBUG] 检测输出为空
2026-05-21 16:05:31 [INFO] 掩码中检测到的类别: [0, 1, 2, 3, 4, 5, 6, 7, 8, 9, 10, 11, 12, 13, 15]
2026-05-21 16:05:31 [INFO] 分割完成，检测到 0 个物体
2026-05-21 16:05:31 [INFO] 从分割掩码中提取检测结果
2026-05-21 16:05:31 [INFO] 从掩码中提取了 485 个检测框
2026-05-21 16:05:31 [INFO] 检测到车兜区域，将过滤区域外的目标
2026-05-21 16:05:31 [INFO] 车兜区域过滤: 485 -> 176 个目标
2026-05-21 16:05:32 [INFO] 保存分割和检测结果到: C:\code\show\Scrap_Steel_In_Field\photos\segmentation\segment_20260521_160531.jpg
2026-05-21 16:05:32 [INFO] JSON结果保存到: C:\code\show\Scrap_Steel_In_Field\photos\segmentation_result.json
2026-05-21 16:05:32 [INFO] 类别统计：{0: 14, 1: 19, 2: 16, 3: 1, 4: 7, 5: 20, 6: 13, 7: 15, 8: 18, 9: 15, 10: 9, 11: 3, 12: 7, 13: 12, 14: 0, 15: 7}
2026-05-21 16:05:32 [INFO] 面积统计：{1: np.float64(46.98), 2: np.float64(3.57), 3: np.float64(0.23), 4: np.float64(1.62), 5: np.float64(6.16), 6: np.float64(5.31), 7: np.float64(3.4), 8: np.float64(2.42), 9: np.float64(4.57), 10: np.float64(10.31), 11: np.float64(0.12), 12: np.float64(12.2), 13: np.float64(1.92), 15: np.float64(1.19)}
2026-05-21 16:05:32 [INFO] 分割成功
2026-05-21 16:05:32 [INFO] 引擎上下文已释放
2026-05-21 16:05:32 [INFO] TensorRT 引擎已释放
2026-05-21 16:05:32 [INFO] 全局 CUDA 资源已释放
2026-05-21 16:05:32 [INFO] 分割系统资源已释放
2026-05-21 16:05:36 [INFO] CUDA 初始化成功
2026-05-21 16:05:36 [INFO] 引擎加载成功: scrap_steel.engine
2026-05-21 16:05:36 [INFO] 分割系统初始化成功
2026-05-21 16:05:36 [INFO] 图像预处理完成，原始尺寸: (2160, 3840)
2026-05-21 16:05:36 [INFO] 开始执行分割...
2026-05-21 16:05:36 [DEBUG] 处理后的检测结果形状: (1, 8400, 6)
2026-05-21 16:05:36 [DEBUG] 示例检测结果: [[-4.03979492e+00 -3.27255917e+00  3.87875061e+01  1.54569559e+01
   4.30612026e-08  5.00000000e+00]
 [-6.35731506e+00 -3.03437805e+00  4.42864990e+01  2.98782425e+01
   9.77918546e-09  9.00000000e+00]
 [-3.63639069e+00 -3.57775593e+00  4.56892548e+01  3.05560265e+01
   4.29496438e-09  9.00000000e+00]]
2026-05-21 16:05:36 [DEBUG] 处理后检测输出形状: (0, 52)
2026-05-21 16:05:36 [DEBUG] 有效检测数量: 0
2026-05-21 16:05:36 [DEBUG] 检测输出为空
2026-05-21 16:05:36 [INFO] 掩码中检测到的类别: [0, 1, 2, 3, 4, 5, 6, 7, 8, 9, 10, 11, 12, 13, 15]
2026-05-21 16:05:36 [INFO] 分割完成，检测到 0 个物体
2026-05-21 16:05:36 [INFO] 从分割掩码中提取检测结果
2026-05-21 16:05:37 [INFO] 从掩码中提取了 493 个检测框
2026-05-21 16:05:37 [INFO] 检测到车兜区域，将过滤区域外的目标
2026-05-21 16:05:37 [INFO] 车兜区域过滤: 493 -> 161 个目标
2026-05-21 16:05:38 [INFO] 保存分割和检测结果到: C:\code\show\Scrap_Steel_In_Field\photos\segmentation\segment_20260521_160537.jpg
2026-05-21 16:05:38 [INFO] JSON结果保存到: C:\code\show\Scrap_Steel_In_Field\photos\segmentation_result.json
2026-05-21 16:05:38 [INFO] 类别统计：{0: 1, 1: 25, 2: 15, 3: 0, 4: 7, 5: 21, 6: 14, 7: 15, 8: 16, 9: 16, 10: 8, 11: 0, 12: 7, 13: 10, 14: 0, 15: 6}
2026-05-21 16:05:38 [INFO] 面积统计：{1: np.float64(43.93), 2: np.float64(3.75), 3: np.float64(0.02), 4: np.float64(1.3), 5: np.float64(7.8), 6: np.float64(5.57), 7: np.float64(3.37), 8: np.float64(2.64), 9: np.float64(4.79), 10: np.float64(10.98), 11: np.float64(0.01), 12: np.float64(12.71), 13: np.float64(2.0), 15: np.float64(1.12)}
2026-05-21 16:05:38 [INFO] 分割成功
2026-05-21 16:05:38 [INFO] 引擎上下文已释放
2026-05-21 16:05:38 [INFO] TensorRT 引擎已释放
2026-05-21 16:05:38 [INFO] 全局 CUDA 资源已释放
2026-05-21 16:05:38 [INFO] 分割系统资源已释放
2026-05-21 16:05:42 [INFO] CUDA 初始化成功
2026-05-21 16:05:42 [INFO] 引擎加载成功: scrap_steel.engine
2026-05-21 16:05:42 [INFO] 分割系统初始化成功
2026-05-21 16:05:42 [INFO] 图像预处理完成，原始尺寸: (2160, 3840)
2026-05-21 16:05:42 [INFO] 开始执行分割...
2026-05-21 16:05:42 [DEBUG] 处理后的检测结果形状: (1, 8400, 6)
2026-05-21 16:05:42 [DEBUG] 示例检测结果: [[-4.02354050e+00 -3.28565502e+00  3.88143463e+01  1.55159998e+01
   4.51597018e-08  5.00000000e+00]
 [-6.28470993e+00 -3.02951908e+00  4.41837540e+01  2.99474716e+01
   9.83147430e-09  9.00000000e+00]
 [-3.61893082e+00 -3.61706638e+00  4.56234016e+01  3.05422668e+01
   4.25283986e-09  9.00000000e+00]]
2026-05-21 16:05:42 [DEBUG] 处理后检测输出形状: (0, 52)
2026-05-21 16:05:42 [DEBUG] 有效检测数量: 0
2026-05-21 16:05:42 [DEBUG] 检测输出为空
2026-05-21 16:05:42 [INFO] 掩码中检测到的类别: [0, 1, 2, 3, 4, 5, 6, 7, 8, 9, 10, 11, 12, 13, 15]
2026-05-21 16:05:42 [INFO] 分割完成，检测到 0 个物体
2026-05-21 16:05:42 [INFO] 从分割掩码中提取检测结果
2026-05-21 16:05:43 [INFO] 从掩码中提取了 519 个检测框
2026-05-21 16:05:43 [INFO] 检测到车兜区域，将过滤区域外的目标
2026-05-21 16:05:43 [INFO] 车兜区域过滤: 519 -> 172 个目标
2026-05-21 16:05:43 [INFO] 保存分割和检测结果到: C:\code\show\Scrap_Steel_In_Field\photos\segmentation\segment_20260521_160543.jpg
2026-05-21 16:05:43 [INFO] JSON结果保存到: C:\code\show\Scrap_Steel_In_Field\photos\segmentation_result.json
2026-05-21 16:05:43 [INFO] 类别统计：{0: 9, 1: 24, 2: 14, 3: 0, 4: 8, 5: 20, 6: 12, 7: 14, 8: 16, 9: 17, 10: 8, 11: 1, 12: 9, 13: 13, 14: 0, 15: 7}
2026-05-21 16:05:43 [INFO] 面积统计：{1: np.float64(42.82), 2: np.float64(4.66), 3: np.float64(0.01), 4: np.float64(1.33), 5: np.float64(7.84), 6: np.float64(6.11), 7: np.float64(2.45), 8: np.float64(2.81), 9: np.float64(5.58), 10: np.float64(10.26), 11: np.float64(0.04), 12: np.float64(13.44), 13: np.float64(1.72), 15: np.float64(0.92)}
2026-05-21 16:05:43 [INFO] 分割成功
2026-05-21 16:05:43 [INFO] 引擎上下文已释放
2026-05-21 16:05:43 [INFO] TensorRT 引擎已释放
2026-05-21 16:05:43 [INFO] 全局 CUDA 资源已释放
2026-05-21 16:05:43 [INFO] 分割系统资源已释放
2026-05-21 16:05:47 [INFO] CUDA 初始化成功
2026-05-21 16:05:47 [INFO] 引擎加载成功: scrap_steel.engine
2026-05-21 16:05:47 [INFO] 分割系统初始化成功
2026-05-21 16:05:47 [INFO] 图像预处理完成，原始尺寸: (2160, 3840)
2026-05-21 16:05:47 [INFO] 开始执行分割...
2026-05-21 16:05:47 [DEBUG] 处理后的检测结果形状: (1, 8400, 6)
2026-05-21 16:05:47 [DEBUG] 示例检测结果: [[-4.18235016e+00 -3.36936951e+00  3.89597931e+01  1.56147690e+01
   4.39307755e-08  5.00000000e+00]
 [-6.58711243e+00 -3.17345810e+00  4.42597923e+01  2.99673233e+01
   9.91403581e-09  9.00000000e+00]
 [-3.68715668e+00 -3.69080544e+00  4.57619476e+01  3.04560452e+01
   4.41778258e-09  9.00000000e+00]]
2026-05-21 16:05:47 [DEBUG] 处理后检测输出形状: (0, 52)
2026-05-21 16:05:47 [DEBUG] 有效检测数量: 0
2026-05-21 16:05:47 [DEBUG] 检测输出为空
2026-05-21 16:05:47 [INFO] 掩码中检测到的类别: [0, 1, 2, 3, 4, 5, 6, 7, 8, 9, 10, 11, 12, 13, 15]
2026-05-21 16:05:47 [INFO] 分割完成，检测到 0 个物体
2026-05-21 16:05:47 [INFO] 从分割掩码中提取检测结果
2026-05-21 16:05:48 [INFO] 从掩码中提取了 363 个检测框
2026-05-21 16:05:48 [INFO] 保存分割和检测结果到: C:\code\show\Scrap_Steel_In_Field\photos\segmentation\segment_20260521_160548.jpg
2026-05-21 16:05:48 [INFO] JSON结果保存到: C:\code\show\Scrap_Steel_In_Field\photos\segmentation_result.json
2026-05-21 16:05:48 [INFO] 类别统计：{0: 14, 1: 41, 2: 11, 3: 27, 4: 16, 5: 25, 6: 10, 7: 21, 8: 36, 9: 29, 10: 8, 11: 19, 12: 6, 13: 76, 14: 0, 15: 24}
2026-05-21 16:05:48 [INFO] 面积统计：{1: np.float64(17.3), 2: np.float64(2.37), 3: np.float64(12.38), 4: np.float64(2.28), 5: np.float64(3.12), 6: np.float64(7.16), 7: np.float64(2.82), 8: np.float64(6.25), 9: np.float64(6.58), 10: np.float64(6.76), 11: np.float64(1.03), 12: np.float64(3.26), 13: np.float64(17.45), 15: np.float64(11.24)}
2026-05-21 16:05:48 [INFO] 分割成功
2026-05-21 16:05:48 [INFO] 引擎上下文已释放
2026-05-21 16:05:48 [INFO] TensorRT 引擎已释放
2026-05-21 16:05:49 [INFO] 全局 CUDA 资源已释放
2026-05-21 16:05:49 [INFO] 分割系统资源已释放
2026-05-21 16:05:53 [INFO] CUDA 初始化成功
2026-05-21 16:05:53 [INFO] 引擎加载成功: scrap_steel.engine
2026-05-21 16:05:53 [INFO] 分割系统初始化成功
2026-05-21 16:05:53 [INFO] 图像预处理完成，原始尺寸: (2160, 3840)
2026-05-21 16:05:53 [INFO] 开始执行分割...
2026-05-21 16:05:54 [DEBUG] 处理后的检测结果形状: (1, 8400, 6)
2026-05-21 16:05:54 [DEBUG] 示例检测结果: [[-4.12931442e+00 -3.30076408e+00  3.88256454e+01  1.53433876e+01
   4.42900330e-08  5.00000000e+00]
 [-6.46648407e+00 -3.11240387e+00  4.43208466e+01  2.98336525e+01
   9.90271687e-09  9.00000000e+00]
 [-3.59927368e+00 -3.59174919e+00  4.57524414e+01  3.04421177e+01
   4.44226789e-09  9.00000000e+00]]
2026-05-21 16:05:54 [DEBUG] 处理后检测输出形状: (0, 52)
2026-05-21 16:05:54 [DEBUG] 有效检测数量: 0
2026-05-21 16:05:54 [DEBUG] 检测输出为空
2026-05-21 16:05:54 [INFO] 掩码中检测到的类别: [0, 1, 2, 3, 4, 5, 6, 7, 8, 9, 10, 11, 12, 13, 15]
2026-05-21 16:05:54 [INFO] 分割完成，检测到 0 个物体
2026-05-21 16:05:54 [INFO] 从分割掩码中提取检测结果
2026-05-21 16:05:54 [INFO] 从掩码中提取了 483 个检测框
2026-05-21 16:05:55 [INFO] 保存分割和检测结果到: C:\code\show\Scrap_Steel_In_Field\photos\segmentation\segment_20260521_160554.jpg
2026-05-21 16:05:55 [INFO] JSON结果保存到: C:\code\show\Scrap_Steel_In_Field\photos\segmentation_result.json
2026-05-21 16:05:55 [INFO] 类别统计：{0: 13, 1: 64, 2: 18, 3: 12, 4: 27, 5: 42, 6: 24, 7: 37, 8: 50, 9: 43, 10: 18, 11: 17, 12: 9, 13: 94, 14: 0, 15: 15}
2026-05-21 16:05:55 [INFO] 面积统计：{1: np.float64(26.48), 2: np.float64(2.61), 3: np.float64(4.49), 4: np.float64(7.61), 5: np.float64(3.88), 6: np.float64(9.45), 7: np.float64(2.27), 8: np.float64(8.51), 9: np.float64(8.02), 10: np.float64(1.76), 11: np.float64(0.74), 12: np.float64(9.07), 13: np.float64(7.2), 15: np.float64(7.92)}
2026-05-21 16:05:55 [INFO] 分割成功
2026-05-21 16:05:55 [INFO] 引擎上下文已释放
2026-05-21 16:05:55 [INFO] TensorRT 引擎已释放
2026-05-21 16:05:55 [INFO] 全局 CUDA 资源已释放
2026-05-21 16:05:55 [INFO] 分割系统资源已释放
2026-05-21 16:05:58 [INFO] CUDA 初始化成功
2026-05-21 16:05:58 [INFO] 引擎加载成功: scrap_steel.engine
2026-05-21 16:05:58 [INFO] 分割系统初始化成功
2026-05-21 16:05:59 [INFO] 图像预处理完成，原始尺寸: (2160, 3840)
2026-05-21 16:05:59 [INFO] 开始执行分割...
2026-05-21 16:05:59 [DEBUG] 处理后的检测结果形状: (1, 8400, 6)
2026-05-21 16:05:59 [DEBUG] 示例检测结果: [[-4.38060379e+00 -3.49753380e+00  3.95708961e+01  1.64876595e+01
   4.30842491e-08  5.00000000e+00]
 [-6.66714859e+00 -3.29340744e+00  4.43245430e+01  3.05410385e+01
   9.64124780e-09  9.00000000e+00]
 [-3.55609131e+00 -3.62590218e+00  4.56428680e+01  3.03384190e+01
   4.27198987e-09  9.00000000e+00]]
2026-05-21 16:05:59 [DEBUG] 处理后检测输出形状: (0, 52)
2026-05-21 16:05:59 [DEBUG] 有效检测数量: 0
2026-05-21 16:05:59 [DEBUG] 检测输出为空
2026-05-21 16:05:59 [INFO] 掩码中检测到的类别: [0, 1, 2, 3, 4, 5, 6, 7, 8, 9, 10, 11, 12, 13, 15]
2026-05-21 16:05:59 [INFO] 分割完成，检测到 0 个物体
2026-05-21 16:05:59 [INFO] 从分割掩码中提取检测结果
2026-05-21 16:05:59 [INFO] 从掩码中提取了 460 个检测框
2026-05-21 16:06:00 [INFO] 保存分割和检测结果到: C:\code\show\Scrap_Steel_In_Field\photos\segmentation\segment_20260521_160559.jpg
2026-05-21 16:06:00 [INFO] JSON结果保存到: C:\code\show\Scrap_Steel_In_Field\photos\segmentation_result.json
2026-05-21 16:06:00 [INFO] 类别统计：{0: 38, 1: 53, 2: 20, 3: 8, 4: 23, 5: 28, 6: 24, 7: 29, 8: 56, 9: 40, 10: 24, 11: 26, 12: 12, 13: 71, 14: 0, 15: 8}
2026-05-21 16:06:00 [INFO] 面积统计：{1: np.float64(11.45), 2: np.float64(1.81), 3: np.float64(2.81), 4: np.float64(3.23), 5: np.float64(2.92), 6: np.float64(13.1), 7: np.float64(3.2), 8: np.float64(15.89), 9: np.float64(13.73), 10: np.float64(2.09), 11: np.float64(1.98), 12: np.float64(14.52), 13: np.float64(4.96), 15: np.float64(8.3)}
2026-05-21 16:06:00 [INFO] 分割成功
2026-05-21 16:06:00 [INFO] 引擎上下文已释放
2026-05-21 16:06:00 [INFO] TensorRT 引擎已释放
2026-05-21 16:06:00 [INFO] 全局 CUDA 资源已释放
2026-05-21 16:06:00 [INFO] 分割系统资源已释放
2026-05-21 16:06:03 [INFO] CUDA 初始化成功
2026-05-21 16:06:03 [INFO] 引擎加载成功: scrap_steel.engine
2026-05-21 16:06:04 [INFO] 分割系统初始化成功
2026-05-21 16:06:04 [INFO] 图像预处理完成，原始尺寸: (2160, 3840)
2026-05-21 16:06:04 [INFO] 开始执行分割...
2026-05-21 16:06:04 [DEBUG] 处理后的检测结果形状: (1, 8400, 6)
2026-05-21 16:06:04 [DEBUG] 示例检测结果: [[-3.98153687e+00 -3.28383875e+00  3.88608818e+01  1.55828724e+01
   4.53620430e-08  5.00000000e+00]
 [-6.31525803e+00 -3.04395294e+00  4.42489357e+01  3.00245934e+01
   1.01311315e-08  9.00000000e+00]
 [-3.64435577e+00 -3.63003159e+00  4.56403847e+01  3.06691055e+01
   4.44226789e-09  9.00000000e+00]]
2026-05-21 16:06:04 [DEBUG] 处理后检测输出形状: (0, 52)
2026-05-21 16:06:04 [DEBUG] 有效检测数量: 0
2026-05-21 16:06:04 [DEBUG] 检测输出为空
2026-05-21 16:06:04 [INFO] 掩码中检测到的类别: [0, 1, 2, 3, 4, 5, 6, 7, 8, 9, 10, 11, 12, 13, 15]
2026-05-21 16:06:04 [INFO] 分割完成，检测到 0 个物体
2026-05-21 16:06:04 [INFO] 从分割掩码中提取检测结果
2026-05-21 16:06:04 [INFO] 从掩码中提取了 451 个检测框
2026-05-21 16:06:04 [INFO] 检测到车兜区域，将过滤区域外的目标
2026-05-21 16:06:04 [INFO] 车兜区域过滤: 451 -> 156 个目标
2026-05-21 16:06:05 [INFO] 保存分割和检测结果到: C:\code\show\Scrap_Steel_In_Field\photos\segmentation\segment_20260521_160604.jpg
2026-05-21 16:06:05 [INFO] JSON结果保存到: C:\code\show\Scrap_Steel_In_Field\photos\segmentation_result.json
2026-05-21 16:06:05 [INFO] 类别统计：{0: 1, 1: 25, 2: 16, 3: 1, 4: 7, 5: 16, 6: 11, 7: 15, 8: 18, 9: 11, 10: 9, 11: 4, 12: 6, 13: 11, 14: 0, 15: 5}
2026-05-21 16:06:05 [INFO] 面积统计：{1: np.float64(43.63), 2: np.float64(4.93), 3: np.float64(0.3), 4: np.float64(2.08), 5: np.float64(6.72), 6: np.float64(5.13), 7: np.float64(3.19), 8: np.float64(2.74), 9: np.float64(4.55), 10: np.float64(9.92), 11: np.float64(0.13), 12: np.float64(13.34), 13: np.float64(1.91), 15: np.float64(1.44)}
2026-05-21 16:06:05 [INFO] 分割成功
2026-05-21 16:06:05 [INFO] 引擎上下文已释放
2026-05-21 16:06:05 [INFO] TensorRT 引擎已释放
2026-05-21 16:06:05 [INFO] 全局 CUDA 资源已释放
2026-05-21 16:06:05 [INFO] 分割系统资源已释放
2026-05-21 16:06:09 [INFO] CUDA 初始化成功
2026-05-21 16:06:09 [INFO] 引擎加载成功: scrap_steel.engine
2026-05-21 16:06:09 [INFO] 分割系统初始化成功
2026-05-21 16:06:09 [INFO] 图像预处理完成，原始尺寸: (2160, 3840)
2026-05-21 16:06:09 [INFO] 开始执行分割...
2026-05-21 16:06:09 [DEBUG] 处理后的检测结果形状: (1, 8400, 6)
2026-05-21 16:06:09 [DEBUG] 示例检测结果: [[-4.01196289e+00 -3.27518988e+00  3.87854919e+01  1.55114841e+01
   4.44462103e-08  5.00000000e+00]
 [-6.34017563e+00 -3.05276203e+00  4.42179832e+01  2.99411201e+01
   1.01839817e-08  9.00000000e+00]
 [-3.65808105e+00 -3.58843803e+00  4.56564560e+01  3.05718098e+01
   4.43188242e-09  9.00000000e+00]]
2026-05-21 16:06:09 [DEBUG] 处理后检测输出形状: (0, 52)
2026-05-21 16:06:09 [DEBUG] 有效检测数量: 0
2026-05-21 16:06:09 [DEBUG] 检测输出为空
2026-05-21 16:06:09 [INFO] 掩码中检测到的类别: [0, 1, 2, 3, 4, 5, 6, 7, 8, 9, 10, 11, 12, 13, 15]
2026-05-21 16:06:09 [INFO] 分割完成，检测到 0 个物体
2026-05-21 16:06:09 [INFO] 从分割掩码中提取检测结果
2026-05-21 16:06:09 [INFO] 从掩码中提取了 523 个检测框
2026-05-21 16:06:10 [INFO] 检测到车兜区域，将过滤区域外的目标
2026-05-21 16:06:10 [INFO] 车兜区域过滤: 523 -> 167 个目标
2026-05-21 16:06:10 [INFO] 保存分割和检测结果到: C:\code\show\Scrap_Steel_In_Field\photos\segmentation\segment_20260521_160610.jpg
2026-05-21 16:06:10 [INFO] JSON结果保存到: C:\code\show\Scrap_Steel_In_Field\photos\segmentation_result.json
2026-05-21 16:06:10 [INFO] 类别统计：{0: 5, 1: 26, 2: 15, 3: 0, 4: 8, 5: 21, 6: 12, 7: 12, 8: 18, 9: 13, 10: 11, 11: 1, 12: 7, 13: 13, 14: 0, 15: 5}
2026-05-21 16:06:10 [INFO] 面积统计：{1: np.float64(43.23), 2: np.float64(4.15), 4: np.float64(1.28), 5: np.float64(7.74), 6: np.float64(6.55), 7: np.float64(3.11), 8: np.float64(2.72), 9: np.float64(4.48), 10: np.float64(10.29), 11: np.float64(0.02), 12: np.float64(13.57), 13: np.float64(1.77), 15: np.float64(1.09)}
2026-05-21 16:06:10 [INFO] 分割成功
2026-05-21 16:06:10 [INFO] 引擎上下文已释放
2026-05-21 16:06:10 [INFO] TensorRT 引擎已释放
2026-05-21 16:06:10 [INFO] 全局 CUDA 资源已释放
2026-05-21 16:06:10 [INFO] 分割系统资源已释放
2026-05-21 16:06:14 [INFO] CUDA 初始化成功
2026-05-21 16:06:14 [INFO] 引擎加载成功: scrap_steel.engine
2026-05-21 16:06:14 [INFO] 分割系统初始化成功
2026-05-21 16:06:15 [INFO] 图像预处理完成，原始尺寸: (2160, 3840)
2026-05-21 16:06:15 [INFO] 开始执行分割...
2026-05-21 16:06:15 [DEBUG] 处理后的检测结果形状: (1, 8400, 6)
2026-05-21 16:06:15 [DEBUG] 示例检测结果: [[-4.03698349e+00 -3.27526855e+00  3.90010948e+01  1.54852810e+01
   4.46303972e-08  5.00000000e+00]
 [-6.30763245e+00 -3.01683998e+00  4.43006821e+01  2.99366398e+01
   1.00648450e-08  9.00000000e+00]
 [-3.63185120e+00 -3.56027508e+00  4.56716995e+01  3.05698891e+01
   4.30559055e-09  9.00000000e+00]]
2026-05-21 16:06:15 [DEBUG] 处理后检测输出形状: (0, 52)
2026-05-21 16:06:15 [DEBUG] 有效检测数量: 0
2026-05-21 16:06:15 [DEBUG] 检测输出为空
2026-05-21 16:06:15 [INFO] 掩码中检测到的类别: [0, 1, 2, 3, 4, 5, 6, 7, 8, 9, 10, 11, 12, 13, 15]
2026-05-21 16:06:15 [INFO] 分割完成，检测到 0 个物体
2026-05-21 16:06:15 [INFO] 从分割掩码中提取检测结果
2026-05-21 16:06:15 [INFO] 从掩码中提取了 508 个检测框
2026-05-21 16:06:15 [INFO] 检测到车兜区域，将过滤区域外的目标
2026-05-21 16:06:15 [INFO] 车兜区域过滤: 508 -> 172 个目标
2026-05-21 16:06:16 [INFO] 保存分割和检测结果到: C:\code\show\Scrap_Steel_In_Field\photos\segmentation\segment_20260521_160615.jpg
2026-05-21 16:06:16 [INFO] JSON结果保存到: C:\code\show\Scrap_Steel_In_Field\photos\segmentation_result.json
2026-05-21 16:06:16 [INFO] 类别统计：{0: 11, 1: 23, 2: 12, 3: 1, 4: 6, 5: 22, 6: 15, 7: 14, 8: 21, 9: 16, 10: 10, 11: 0, 12: 6, 13: 10, 14: 0, 15: 5}
2026-05-21 16:06:16 [INFO] 面积统计：{1: np.float64(45.7), 2: np.float64(4.13), 3: np.float64(0.04), 4: np.float64(0.96), 5: np.float64(7.98), 6: np.float64(5.9), 7: np.float64(2.96), 8: np.float64(2.26), 9: np.float64(4.72), 10: np.float64(9.77), 11: np.float64(0.02), 12: np.float64(12.97), 13: np.float64(1.55), 15: np.float64(1.04)}
2026-05-21 16:06:16 [INFO] 分割成功
2026-05-21 16:06:16 [INFO] 引擎上下文已释放
2026-05-21 16:06:16 [INFO] TensorRT 引擎已释放
2026-05-21 16:06:16 [INFO] 全局 CUDA 资源已释放
2026-05-21 16:06:16 [INFO] 分割系统资源已释放
2026-05-21 16:06:20 [INFO] CUDA 初始化成功
2026-05-21 16:06:20 [INFO] 引擎加载成功: scrap_steel.engine
2026-05-21 16:06:20 [INFO] 分割系统初始化成功
2026-05-21 16:06:20 [INFO] 图像预处理完成，原始尺寸: (2160, 3840)
2026-05-21 16:06:20 [INFO] 开始执行分割...
2026-05-21 16:06:20 [DEBUG] 处理后的检测结果形状: (1, 8400, 6)
2026-05-21 16:06:20 [DEBUG] 示例检测结果: [[-4.32945251e+00 -3.43183088e+00  3.90540085e+01  1.58933144e+01
   4.25777813e-08  5.00000000e+00]
 [-6.71950912e+00 -3.30444908e+00  4.41144676e+01  3.02686253e+01
   9.84167059e-09  9.00000000e+00]
 [-3.62410736e+00 -3.71578026e+00  4.57349701e+01  3.04909573e+01
   4.48066917e-09  9.00000000e+00]]
2026-05-21 16:06:20 [DEBUG] 处理后检测输出形状: (0, 52)
2026-05-21 16:06:20 [DEBUG] 有效检测数量: 0
2026-05-21 16:06:20 [DEBUG] 检测输出为空
2026-05-21 16:06:20 [INFO] 掩码中检测到的类别: [0, 1, 2, 3, 4, 5, 6, 7, 8, 9, 10, 11, 12, 13, 15]
2026-05-21 16:06:20 [INFO] 分割完成，检测到 0 个物体
2026-05-21 16:06:20 [INFO] 从分割掩码中提取检测结果
2026-05-21 16:06:20 [INFO] 从掩码中提取了 389 个检测框
2026-05-21 16:06:21 [INFO] 保存分割和检测结果到: C:\code\show\Scrap_Steel_In_Field\photos\segmentation\segment_20260521_160620.jpg
2026-05-21 16:06:21 [INFO] JSON结果保存到: C:\code\show\Scrap_Steel_In_Field\photos\segmentation_result.json
2026-05-21 16:06:21 [INFO] 类别统计：{0: 21, 1: 37, 2: 9, 3: 9, 4: 9, 5: 20, 6: 22, 7: 20, 8: 33, 9: 30, 10: 6, 11: 24, 12: 17, 13: 106, 14: 0, 15: 26}
2026-05-21 16:06:21 [INFO] 面积统计：{1: np.float64(7.17), 2: np.float64(1.77), 3: np.float64(5.67), 4: np.float64(2.15), 5: np.float64(2.93), 6: np.float64(12.91), 7: np.float64(2.19), 8: np.float64(11.15), 9: np.float64(8.26), 10: np.float64(2.93), 11: np.float64(1.96), 12: np.float64(14.57), 13: np.float64(14.14), 15: np.float64(12.21)}
2026-05-21 16:06:21 [INFO] 分割成功
2026-05-21 16:06:21 [INFO] 引擎上下文已释放
2026-05-21 16:06:21 [INFO] TensorRT 引擎已释放
2026-05-21 16:06:21 [INFO] 全局 CUDA 资源已释放
2026-05-21 16:06:21 [INFO] 分割系统资源已释放
2026-05-21 16:06:26 [INFO] CUDA 初始化成功
2026-05-21 16:06:26 [INFO] 引擎加载成功: scrap_steel.engine
2026-05-21 16:06:26 [INFO] 分割系统初始化成功
2026-05-21 16:06:26 [INFO] 图像预处理完成，原始尺寸: (2160, 3840)
2026-05-21 16:06:26 [INFO] 开始执行分割...
2026-05-21 16:06:26 [DEBUG] 处理后的检测结果形状: (1, 8400, 6)
2026-05-21 16:06:26 [DEBUG] 示例检测结果: [[-4.13734818e+00 -3.30247831e+00  3.86911354e+01  1.54034615e+01
   4.27276774e-08  5.00000000e+00]
 [-6.48032379e+00 -3.12533569e+00  4.41112709e+01  2.97800255e+01
   9.77918546e-09  9.00000000e+00]
 [-3.59949112e+00 -3.57020855e+00  4.56892166e+01  3.02871208e+01
   4.40969927e-09  9.00000000e+00]]
2026-05-21 16:06:26 [DEBUG] 处理后检测输出形状: (0, 52)
2026-05-21 16:06:26 [DEBUG] 有效检测数量: 0
2026-05-21 16:06:26 [DEBUG] 检测输出为空
2026-05-21 16:06:26 [INFO] 掩码中检测到的类别: [0, 1, 2, 3, 4, 5, 6, 7, 8, 9, 10, 11, 12, 13, 15]
2026-05-21 16:06:26 [INFO] 分割完成，检测到 0 个物体
2026-05-21 16:06:26 [INFO] 从分割掩码中提取检测结果
2026-05-21 16:06:26 [INFO] 从掩码中提取了 542 个检测框
2026-05-21 16:06:27 [INFO] 保存分割和检测结果到: C:\code\show\Scrap_Steel_In_Field\photos\segmentation\segment_20260521_160626.jpg
2026-05-21 16:06:27 [INFO] JSON结果保存到: C:\code\show\Scrap_Steel_In_Field\photos\segmentation_result.json
2026-05-21 16:06:27 [INFO] 类别统计：{0: 19, 1: 54, 2: 29, 3: 22, 4: 28, 5: 48, 6: 27, 7: 41, 8: 52, 9: 54, 10: 19, 11: 17, 12: 11, 13: 93, 14: 0, 15: 28}
2026-05-21 16:06:27 [INFO] 面积统计：{1: np.float64(26.73), 2: np.float64(4.28), 3: np.float64(4.1), 4: np.float64(4.22), 5: np.float64(4.83), 6: np.float64(7.17), 7: np.float64(2.36), 8: np.float64(7.06), 9: np.float64(13.19), 10: np.float64(1.7), 11: np.float64(1.0), 12: np.float64(6.9), 13: np.float64(7.51), 15: np.float64(8.95)}
2026-05-21 16:06:27 [INFO] 分割成功
2026-05-21 16:06:27 [INFO] 引擎上下文已释放
2026-05-21 16:06:27 [INFO] TensorRT 引擎已释放
2026-05-21 16:06:27 [INFO] 全局 CUDA 资源已释放
2026-05-21 16:06:27 [INFO] 分割系统资源已释放
2026-05-21 16:06:31 [INFO] CUDA 初始化成功
2026-05-21 16:06:31 [INFO] 引擎加载成功: scrap_steel.engine
2026-05-21 16:06:31 [INFO] 分割系统初始化成功
2026-05-21 16:06:31 [INFO] 图像预处理完成，原始尺寸: (2160, 3840)
2026-05-21 16:06:31 [INFO] 开始执行分割...
2026-05-21 16:06:31 [DEBUG] 处理后的检测结果形状: (1, 8400, 6)
2026-05-21 16:06:31 [DEBUG] 示例检测结果: [[-4.08437347e+00 -3.31192017e+00  3.87168541e+01  1.54601116e+01
   4.37479777e-08  5.00000000e+00]
 [-6.44838715e+00 -3.10399246e+00  4.41665840e+01  2.98479271e+01
   9.76532988e-09  9.00000000e+00]
 [-3.64196014e+00 -3.61782551e+00  4.56223984e+01  3.04391861e+01
   4.30296332e-09  9.00000000e+00]]
2026-05-21 16:06:31 [DEBUG] 处理后检测输出形状: (0, 52)
2026-05-21 16:06:31 [DEBUG] 有效检测数量: 0
2026-05-21 16:06:31 [DEBUG] 检测输出为空
2026-05-21 16:06:31 [INFO] 掩码中检测到的类别: [0, 1, 2, 3, 4, 5, 6, 7, 8, 9, 10, 11, 12, 13, 15]
2026-05-21 16:06:31 [INFO] 分割完成，检测到 0 个物体
2026-05-21 16:06:31 [INFO] 从分割掩码中提取检测结果
2026-05-21 16:06:31 [INFO] 从掩码中提取了 512 个检测框
2026-05-21 16:06:32 [INFO] 保存分割和检测结果到: C:\code\show\Scrap_Steel_In_Field\photos\segmentation\segment_20260521_160631.jpg
2026-05-21 16:06:32 [INFO] JSON结果保存到: C:\code\show\Scrap_Steel_In_Field\photos\segmentation_result.json
2026-05-21 16:06:32 [INFO] 类别统计：{0: 17, 1: 62, 2: 24, 3: 7, 4: 20, 5: 39, 6: 15, 7: 37, 8: 61, 9: 41, 10: 20, 11: 24, 12: 13, 13: 87, 14: 0, 15: 45}
2026-05-21 16:06:32 [INFO] 面积统计：{1: np.float64(28.95), 2: np.float64(3.14), 3: np.float64(2.56), 4: np.float64(3.22), 5: np.float64(4.03), 6: np.float64(7.86), 7: np.float64(2.41), 8: np.float64(8.91), 9: np.float64(12.4), 10: np.float64(1.98), 11: np.float64(1.42), 12: np.float64(5.15), 13: np.float64(4.97), 15: np.float64(13.0)}
2026-05-21 16:06:32 [INFO] 分割成功
2026-05-21 16:06:32 [INFO] 引擎上下文已释放
2026-05-21 16:06:32 [INFO] TensorRT 引擎已释放
2026-05-21 16:06:32 [INFO] 全局 CUDA 资源已释放
2026-05-21 16:06:32 [INFO] 分割系统资源已释放
2026-05-21 16:06:36 [INFO] CUDA 初始化成功
2026-05-21 16:06:36 [INFO] 引擎加载成功: scrap_steel.engine
2026-05-21 16:06:36 [INFO] 分割系统初始化成功
2026-05-21 16:06:36 [INFO] 图像预处理完成，原始尺寸: (2160, 3840)
2026-05-21 16:06:36 [INFO] 开始执行分割...
2026-05-21 16:06:36 [DEBUG] 处理后的检测结果形状: (1, 8400, 6)
2026-05-21 16:06:36 [DEBUG] 示例检测结果: [[-3.87730408e+00 -3.20175028e+00  3.98697205e+01  1.56296520e+01
   4.24183213e-08  5.00000000e+00]
 [-5.93618774e+00 -2.82300282e+00  4.50127563e+01  3.04194069e+01
   9.18959131e-09  9.00000000e+00]
 [-3.22299576e+00 -3.17632675e+00  4.59104347e+01  3.06659393e+01
   4.32526548e-09  9.00000000e+00]]
2026-05-21 16:06:36 [DEBUG] 处理后检测输出形状: (0, 52)
2026-05-21 16:06:36 [DEBUG] 有效检测数量: 0
2026-05-21 16:06:36 [DEBUG] 检测输出为空
2026-05-21 16:06:36 [INFO] 掩码中检测到的类别: [0, 1, 2, 3, 4, 5, 6, 7, 8, 9, 10, 11, 12, 13, 15]
2026-05-21 16:06:36 [INFO] 分割完成，检测到 0 个物体
2026-05-21 16:06:36 [INFO] 从分割掩码中提取检测结果
2026-05-21 16:06:37 [INFO] 从掩码中提取了 480 个检测框
2026-05-21 16:06:37 [INFO] 检测到车兜区域，将过滤区域外的目标
2026-05-21 16:06:37 [INFO] 车兜区域过滤: 480 -> 186 个目标
2026-05-21 16:06:38 [INFO] 保存分割和检测结果到: C:\code\show\Scrap_Steel_In_Field\photos\segmentation\segment_20260521_160637.jpg
2026-05-21 16:06:38 [INFO] JSON结果保存到: C:\code\show\Scrap_Steel_In_Field\photos\segmentation_result.json
2026-05-21 16:06:38 [INFO] 类别统计：{0: 1, 1: 37, 2: 13, 3: 9, 4: 6, 5: 19, 6: 17, 7: 13, 8: 17, 9: 15, 10: 13, 11: 1, 12: 4, 13: 15, 14: 0, 15: 6}
2026-05-21 16:06:38 [INFO] 面积统计：{1: np.float64(34.63), 2: np.float64(5.23), 3: np.float64(3.62), 4: np.float64(2.02), 5: np.float64(9.18), 6: np.float64(7.99), 7: np.float64(2.39), 8: np.float64(4.86), 9: np.float64(7.73), 10: np.float64(13.18), 11: np.float64(0.12), 12: np.float64(1.46), 13: np.float64(6.03), 15: np.float64(1.54)}
2026-05-21 16:06:38 [INFO] 分割成功
2026-05-21 16:06:38 [INFO] 引擎上下文已释放
2026-05-21 16:06:38 [INFO] TensorRT 引擎已释放
2026-05-21 16:06:38 [INFO] 全局 CUDA 资源已释放
2026-05-21 16:06:38 [INFO] 分割系统资源已释放
2026-05-21 16:06:42 [INFO] CUDA 初始化成功
2026-05-21 16:06:42 [INFO] 引擎加载成功: scrap_steel.engine
2026-05-21 16:06:42 [INFO] 分割系统初始化成功
2026-05-21 16:06:42 [INFO] 图像预处理完成，原始尺寸: (2160, 3840)
2026-05-21 16:06:42 [INFO] 开始执行分割...
2026-05-21 16:06:42 [DEBUG] 处理后的检测结果形状: (1, 8400, 6)
2026-05-21 16:06:42 [DEBUG] 示例检测结果: [[-4.03800964e+00 -3.30820084e+00  3.89682693e+01  1.56512947e+01
   4.46303972e-08  5.00000000e+00]
 [-6.38871002e+00 -3.04194927e+00  4.43260918e+01  3.00114403e+01
   1.00256230e-08  9.00000000e+00]
 [-3.66557312e+00 -3.61376095e+00  4.56886139e+01  3.06227417e+01
   4.34939817e-09  9.00000000e+00]]
2026-05-21 16:06:42 [DEBUG] 处理后检测输出形状: (0, 52)
2026-05-21 16:06:42 [DEBUG] 有效检测数量: 0
2026-05-21 16:06:42 [DEBUG] 检测输出为空
2026-05-21 16:06:42 [INFO] 掩码中检测到的类别: [0, 1, 2, 3, 4, 5, 6, 7, 8, 9, 10, 11, 12, 13, 15]
2026-05-21 16:06:42 [INFO] 分割完成，检测到 0 个物体
2026-05-21 16:06:42 [INFO] 从分割掩码中提取检测结果
2026-05-21 16:06:43 [INFO] 从掩码中提取了 550 个检测框
2026-05-21 16:06:43 [INFO] 检测到车兜区域，将过滤区域外的目标
2026-05-21 16:06:43 [INFO] 车兜区域过滤: 550 -> 185 个目标
2026-05-21 16:06:43 [INFO] 保存分割和检测结果到: C:\code\show\Scrap_Steel_In_Field\photos\segmentation\segment_20260521_160643.jpg
2026-05-21 16:06:43 [INFO] JSON结果保存到: C:\code\show\Scrap_Steel_In_Field\photos\segmentation_result.json
2026-05-21 16:06:43 [INFO] 类别统计：{0: 11, 1: 26, 2: 19, 3: 1, 4: 11, 5: 23, 6: 11, 7: 13, 8: 16, 9: 14, 10: 11, 11: 2, 12: 9, 13: 13, 14: 0, 15: 5}
2026-05-21 16:06:43 [INFO] 面积统计：{1: np.float64(44.51), 2: np.float64(4.41), 3: np.float64(0.15), 4: np.float64(1.43), 5: np.float64(8.0), 6: np.float64(5.31), 7: np.float64(2.94), 8: np.float64(2.54), 9: np.float64(4.48), 10: np.float64(9.57), 11: np.float64(0.05), 12: np.float64(13.7), 13: np.float64(1.79), 15: np.float64(1.1)}
2026-05-21 16:06:43 [INFO] 分割成功
2026-05-21 16:06:43 [INFO] 引擎上下文已释放
2026-05-21 16:06:43 [INFO] TensorRT 引擎已释放
2026-05-21 16:06:43 [INFO] 全局 CUDA 资源已释放
2026-05-21 16:06:43 [INFO] 分割系统资源已释放
2026-05-21 16:06:48 [INFO] CUDA 初始化成功
2026-05-21 16:06:48 [INFO] 引擎加载成功: scrap_steel.engine
2026-05-21 16:06:48 [INFO] 分割系统初始化成功
2026-05-21 16:06:48 [INFO] 图像预处理完成，原始尺寸: (2160, 3840)
2026-05-21 16:06:48 [INFO] 开始执行分割...
2026-05-21 16:06:48 [DEBUG] 处理后的检测结果形状: (1, 8400, 6)
2026-05-21 16:06:48 [DEBUG] 示例检测结果: [[-4.01139832e+00 -3.28027153e+00  3.89049530e+01  1.55120811e+01
   4.48029560e-08  5.00000000e+00]
 [-6.29565048e+00 -3.01989269e+00  4.42436867e+01  2.99120140e+01
   9.99191130e-09  9.00000000e+00]
 [-3.63080978e+00 -3.59073448e+00  4.56355934e+01  3.05384312e+01
   4.33679048e-09  9.00000000e+00]]
2026-05-21 16:06:48 [DEBUG] 处理后检测输出形状: (0, 52)
2026-05-21 16:06:48 [DEBUG] 有效检测数量: 0
2026-05-21 16:06:48 [DEBUG] 检测输出为空
2026-05-21 16:06:48 [INFO] 掩码中检测到的类别: [0, 1, 2, 3, 4, 5, 6, 7, 8, 9, 10, 11, 12, 13, 15]
2026-05-21 16:06:48 [INFO] 分割完成，检测到 0 个物体
2026-05-21 16:06:48 [INFO] 从分割掩码中提取检测结果
2026-05-21 16:06:48 [INFO] 从掩码中提取了 557 个检测框
2026-05-21 16:06:48 [INFO] 检测到车兜区域，将过滤区域外的目标
2026-05-21 16:06:48 [INFO] 车兜区域过滤: 557 -> 178 个目标
2026-05-21 16:06:49 [INFO] 保存分割和检测结果到: C:\code\show\Scrap_Steel_In_Field\photos\segmentation\segment_20260521_160648.jpg
2026-05-21 16:06:49 [INFO] JSON结果保存到: C:\code\show\Scrap_Steel_In_Field\photos\segmentation_result.json
2026-05-21 16:06:49 [INFO] 类别统计：{0: 15, 1: 23, 2: 14, 3: 1, 4: 6, 5: 21, 6: 14, 7: 14, 8: 17, 9: 18, 10: 9, 11: 0, 12: 7, 13: 14, 14: 0, 15: 5}
2026-05-21 16:06:49 [INFO] 面积统计：{1: np.float64(44.03), 2: np.float64(4.22), 3: np.float64(0.09), 4: np.float64(1.25), 5: np.float64(7.22), 6: np.float64(6.5), 7: np.float64(2.94), 8: np.float64(2.7), 9: np.float64(4.74), 10: np.float64(9.52), 11: np.float64(0.02), 12: np.float64(14.08), 13: np.float64(1.72), 15: np.float64(0.99)}
2026-05-21 16:06:49 [INFO] 分割成功
2026-05-21 16:06:49 [INFO] 引擎上下文已释放
2026-05-21 16:06:49 [INFO] TensorRT 引擎已释放
2026-05-21 16:06:49 [INFO] 全局 CUDA 资源已释放
2026-05-21 16:06:49 [INFO] 分割系统资源已释放
2026-05-21 16:06:54 [INFO] CUDA 初始化成功
2026-05-21 16:06:54 [INFO] 引擎加载成功: scrap_steel.engine
2026-05-21 16:06:54 [INFO] 分割系统初始化成功
2026-05-21 16:06:54 [INFO] 图像预处理完成，原始尺寸: (2160, 3840)
2026-05-21 16:06:54 [INFO] 开始执行分割...
2026-05-21 16:06:54 [DEBUG] 处理后的检测结果形状: (1, 8400, 6)
2026-05-21 16:06:54 [DEBUG] 示例检测结果: [[-4.00949860e+00 -3.27449703e+00  3.89501381e+01  1.55653296e+01
   4.51597018e-08  5.00000000e+00]
 [-6.28010559e+00 -3.00677109e+00  4.42532425e+01  2.99809151e+01
   1.01777786e-08  9.00000000e+00]
 [-3.65242004e+00 -3.57410145e+00  4.56708298e+01  3.06829185e+01
   4.33679048e-09  9.00000000e+00]]
2026-05-21 16:06:54 [DEBUG] 处理后检测输出形状: (0, 52)
2026-05-21 16:06:54 [DEBUG] 有效检测数量: 0
2026-05-21 16:06:54 [DEBUG] 检测输出为空
2026-05-21 16:06:54 [INFO] 掩码中检测到的类别: [0, 1, 2, 3, 4, 5, 6, 7, 8, 9, 10, 11, 12, 13, 15]
2026-05-21 16:06:54 [INFO] 分割完成，检测到 0 个物体
2026-05-21 16:06:54 [INFO] 从分割掩码中提取检测结果
2026-05-21 16:06:54 [INFO] 从掩码中提取了 523 个检测框
2026-05-21 16:06:54 [INFO] 检测到车兜区域，将过滤区域外的目标
2026-05-21 16:06:54 [INFO] 车兜区域过滤: 523 -> 174 个目标
2026-05-21 16:06:55 [INFO] 保存分割和检测结果到: C:\code\show\Scrap_Steel_In_Field\photos\segmentation\segment_20260521_160654.jpg
2026-05-21 16:06:55 [INFO] JSON结果保存到: C:\code\show\Scrap_Steel_In_Field\photos\segmentation_result.json
2026-05-21 16:06:55 [INFO] 类别统计：{0: 6, 1: 23, 2: 16, 3: 0, 4: 5, 5: 20, 6: 18, 7: 17, 8: 16, 9: 15, 10: 12, 11: 2, 12: 7, 13: 12, 14: 0, 15: 5}
2026-05-21 16:06:55 [INFO] 面积统计：{1: np.float64(44.88), 2: np.float64(4.27), 3: np.float64(0.02), 4: np.float64(1.15), 5: np.float64(6.65), 6: np.float64(5.81), 7: np.float64(3.26), 8: np.float64(2.46), 9: np.float64(5.02), 10: np.float64(9.95), 11: np.float64(0.1), 12: np.float64(14.06), 13: np.float64(1.39), 15: np.float64(0.99)}
2026-05-21 16:06:55 [INFO] 分割成功
2026-05-21 16:06:55 [INFO] 引擎上下文已释放
2026-05-21 16:06:55 [INFO] TensorRT 引擎已释放
2026-05-21 16:06:55 [INFO] 全局 CUDA 资源已释放
2026-05-21 16:06:55 [INFO] 分割系统资源已释放
2026-05-21 16:06:59 [INFO] CUDA 初始化成功
2026-05-21 16:06:59 [INFO] 引擎加载成功: scrap_steel.engine
2026-05-21 16:06:59 [INFO] 分割系统初始化成功
2026-05-21 16:06:59 [INFO] 图像预处理完成，原始尺寸: (2160, 3840)
2026-05-21 16:06:59 [INFO] 开始执行分割...
2026-05-21 16:06:59 [DEBUG] 处理后的检测结果形状: (1, 8400, 6)
2026-05-21 16:06:59 [DEBUG] 示例检测结果: [[-4.00928497e+00 -3.25702810e+00  3.87828293e+01  1.53917866e+01
   4.42750263e-08  5.00000000e+00]
 [-6.30528641e+00 -2.99879932e+00  4.42674141e+01  2.98179512e+01
   9.95811433e-09  9.00000000e+00]
 [-3.62404633e+00 -3.60649872e+00  4.56933250e+01  3.05267563e+01
   4.21009361e-09  9.00000000e+00]]
2026-05-21 16:06:59 [DEBUG] 处理后检测输出形状: (0, 52)
2026-05-21 16:06:59 [DEBUG] 有效检测数量: 0
2026-05-21 16:06:59 [DEBUG] 检测输出为空
2026-05-21 16:06:59 [INFO] 掩码中检测到的类别: [0, 1, 2, 3, 4, 5, 6, 7, 8, 9, 10, 11, 12, 13, 15]
2026-05-21 16:06:59 [INFO] 分割完成，检测到 0 个物体
2026-05-21 16:06:59 [INFO] 从分割掩码中提取检测结果
2026-05-21 16:06:59 [INFO] 从掩码中提取了 452 个检测框
2026-05-21 16:06:59 [INFO] 检测到车兜区域，将过滤区域外的目标
2026-05-21 16:06:59 [INFO] 车兜区域过滤: 452 -> 170 个目标
2026-05-21 16:07:00 [INFO] 保存分割和检测结果到: C:\code\show\Scrap_Steel_In_Field\photos\segmentation\segment_20260521_160659.jpg
2026-05-21 16:07:00 [INFO] JSON结果保存到: C:\code\show\Scrap_Steel_In_Field\photos\segmentation_result.json
2026-05-21 16:07:00 [INFO] 类别统计：{0: 10, 1: 25, 2: 14, 3: 0, 4: 6, 5: 21, 6: 16, 7: 13, 8: 17, 9: 11, 10: 7, 11: 2, 12: 8, 13: 14, 14: 0, 15: 6}
2026-05-21 16:07:00 [INFO] 面积统计：{1: np.float64(43.63), 2: np.float64(3.6), 3: np.float64(0.03), 4: np.float64(1.33), 5: np.float64(7.97), 6: np.float64(5.84), 7: np.float64(3.15), 8: np.float64(2.52), 9: np.float64(5.05), 10: np.float64(10.08), 11: np.float64(0.05), 12: np.float64(13.88), 13: np.float64(1.82), 15: np.float64(1.05)}
2026-05-21 16:07:00 [INFO] 分割成功
2026-05-21 16:07:00 [INFO] 引擎上下文已释放
2026-05-21 16:07:00 [INFO] TensorRT 引擎已释放
2026-05-21 16:07:00 [INFO] 全局 CUDA 资源已释放
2026-05-21 16:07:00 [INFO] 分割系统资源已释放
2026-05-21 16:07:04 [INFO] CUDA 初始化成功
2026-05-21 16:07:04 [INFO] 引擎加载成功: scrap_steel.engine
2026-05-21 16:07:04 [INFO] 分割系统初始化成功
2026-05-21 16:07:04 [INFO] 图像预处理完成，原始尺寸: (2160, 3840)
2026-05-21 16:07:04 [INFO] 开始执行分割...
2026-05-21 16:07:05 [DEBUG] 处理后的检测结果形状: (1, 8400, 6)
2026-05-21 16:07:05 [DEBUG] 示例检测结果: [[-3.97970200e+00 -3.26070690e+00  3.87376785e+01  1.54520121e+01
   4.46192772e-08  5.00000000e+00]
 [-6.30954742e+00 -2.99514008e+00  4.43260651e+01  2.99119759e+01
   1.00648450e-08  9.00000000e+00]
 [-3.65230560e+00 -3.58537674e+00  4.56547623e+01  3.05644417e+01
   4.34939817e-09  9.00000000e+00]]
2026-05-21 16:07:05 [DEBUG] 处理后检测输出形状: (0, 52)
2026-05-21 16:07:05 [DEBUG] 有效检测数量: 0
2026-05-21 16:07:05 [DEBUG] 检测输出为空
2026-05-21 16:07:05 [INFO] 掩码中检测到的类别: [0, 1, 2, 3, 4, 5, 6, 7, 8, 9, 10, 11, 12, 13, 15]
2026-05-21 16:07:05 [INFO] 分割完成，检测到 0 个物体
2026-05-21 16:07:05 [INFO] 从分割掩码中提取检测结果
2026-05-21 16:07:05 [INFO] 从掩码中提取了 472 个检测框
2026-05-21 16:07:05 [INFO] 检测到车兜区域，将过滤区域外的目标
2026-05-21 16:07:05 [INFO] 车兜区域过滤: 472 -> 176 个目标
2026-05-21 16:07:06 [INFO] 保存分割和检测结果到: C:\code\show\Scrap_Steel_In_Field\photos\segmentation\segment_20260521_160705.jpg
2026-05-21 16:07:06 [INFO] JSON结果保存到: C:\code\show\Scrap_Steel_In_Field\photos\segmentation_result.json
2026-05-21 16:07:06 [INFO] 类别统计：{0: 9, 1: 27, 2: 14, 3: 0, 4: 6, 5: 23, 6: 13, 7: 13, 8: 16, 9: 15, 10: 10, 11: 1, 12: 10, 13: 14, 14: 0, 15: 5}
2026-05-21 16:07:06 [INFO] 面积统计：{1: np.float64(43.52), 2: np.float64(3.62), 3: np.float64(0.0), 4: np.float64(1.23), 5: np.float64(8.2), 6: np.float64(5.48), 7: np.float64(2.78), 8: np.float64(2.58), 9: np.float64(4.91), 10: np.float64(10.38), 11: np.float64(0.03), 12: np.float64(14.32), 13: np.float64(1.93), 15: np.float64(1.02)}
2026-05-21 16:07:06 [INFO] 分割成功
2026-05-21 16:07:06 [INFO] 引擎上下文已释放
2026-05-21 16:07:06 [INFO] TensorRT 引擎已释放
2026-05-21 16:07:06 [INFO] 全局 CUDA 资源已释放
2026-05-21 16:07:06 [INFO] 分割系统资源已释放
2026-05-21 16:07:10 [INFO] CUDA 初始化成功
2026-05-21 16:07:10 [INFO] 引擎加载成功: scrap_steel.engine
2026-05-21 16:07:10 [INFO] 分割系统初始化成功
2026-05-21 16:07:10 [INFO] 图像预处理完成，原始尺寸: (2160, 3840)
2026-05-21 16:07:10 [INFO] 开始执行分割...
2026-05-21 16:07:10 [DEBUG] 处理后的检测结果形状: (1, 8400, 6)
2026-05-21 16:07:10 [DEBUG] 示例检测结果: [[-4.03868484e+00 -3.27724457e+00  3.88166542e+01  1.55168247e+01
   4.37479777e-08  5.00000000e+00]
 [-6.37663651e+00 -3.04136467e+00  4.42991676e+01  2.99738865e+01
   9.95811433e-09  9.00000000e+00]
 [-3.65128326e+00 -3.56218719e+00  4.56614380e+01  3.05230370e+01
   4.35358061e-09  9.00000000e+00]]
2026-05-21 16:07:10 [DEBUG] 处理后检测输出形状: (0, 52)
2026-05-21 16:07:10 [DEBUG] 有效检测数量: 0
2026-05-21 16:07:10 [DEBUG] 检测输出为空
2026-05-21 16:07:10 [INFO] 掩码中检测到的类别: [0, 1, 2, 3, 4, 5, 6, 7, 8, 9, 10, 11, 12, 13, 15]
2026-05-21 16:07:10 [INFO] 分割完成，检测到 0 个物体
2026-05-21 16:07:10 [INFO] 从分割掩码中提取检测结果
2026-05-21 16:07:10 [INFO] 从掩码中提取了 440 个检测框
2026-05-21 16:07:10 [INFO] 检测到车兜区域，将过滤区域外的目标
2026-05-21 16:07:10 [INFO] 车兜区域过滤: 440 -> 161 个目标
2026-05-21 16:07:11 [INFO] 保存分割和检测结果到: C:\code\show\Scrap_Steel_In_Field\photos\segmentation\segment_20260521_160710.jpg
2026-05-21 16:07:11 [INFO] JSON结果保存到: C:\code\show\Scrap_Steel_In_Field\photos\segmentation_result.json
2026-05-21 16:07:11 [INFO] 类别统计：{0: 1, 1: 23, 2: 17, 3: 1, 4: 9, 5: 20, 6: 12, 7: 15, 8: 16, 9: 15, 10: 7, 11: 2, 12: 7, 13: 11, 14: 0, 15: 5}
2026-05-21 16:07:11 [INFO] 面积统计：{1: np.float64(42.61), 2: np.float64(4.21), 3: np.float64(0.05), 4: np.float64(1.38), 5: np.float64(7.89), 6: np.float64(6.02), 7: np.float64(3.04), 8: np.float64(2.28), 9: np.float64(4.84), 10: np.float64(10.64), 11: np.float64(0.07), 12: np.float64(13.89), 13: np.float64(1.91), 15: np.float64(1.19)}
2026-05-21 16:07:11 [INFO] 分割成功
2026-05-21 16:07:11 [INFO] 引擎上下文已释放
2026-05-21 16:07:11 [INFO] TensorRT 引擎已释放
2026-05-21 16:07:11 [INFO] 全局 CUDA 资源已释放
2026-05-21 16:07:11 [INFO] 分割系统资源已释放
2026-05-21 16:07:15 [INFO] CUDA 初始化成功
2026-05-21 16:07:15 [INFO] 引擎加载成功: scrap_steel.engine
2026-05-21 16:07:15 [INFO] 分割系统初始化成功
2026-05-21 16:07:15 [INFO] 图像预处理完成，原始尺寸: (2160, 3840)
2026-05-21 16:07:15 [INFO] 开始执行分割...
2026-05-21 16:07:15 [DEBUG] 处理后的检测结果形状: (1, 8400, 6)
2026-05-21 16:07:15 [DEBUG] 示例检测结果: [[-4.00850296e+00 -3.27540541e+00  3.88894157e+01  1.54626541e+01
   4.34148184e-08  5.00000000e+00]
 [-6.28371429e+00 -2.99209213e+00  4.42517166e+01  2.99234009e+01
   9.73502523e-09  9.00000000e+00]
 [-3.63000488e+00 -3.56077957e+00  4.56450729e+01  3.05853996e+01
   4.24319069e-09  9.00000000e+00]]
2026-05-21 16:07:15 [DEBUG] 处理后检测输出形状: (0, 52)
2026-05-21 16:07:15 [DEBUG] 有效检测数量: 0
2026-05-21 16:07:15 [DEBUG] 检测输出为空
2026-05-21 16:07:15 [INFO] 掩码中检测到的类别: [0, 1, 2, 3, 4, 5, 6, 7, 8, 9, 10, 11, 12, 13, 15]
2026-05-21 16:07:15 [INFO] 分割完成，检测到 0 个物体
2026-05-21 16:07:15 [INFO] 从分割掩码中提取检测结果
2026-05-21 16:07:15 [INFO] 从掩码中提取了 538 个检测框
2026-05-21 16:07:15 [INFO] 检测到车兜区域，将过滤区域外的目标
2026-05-21 16:07:15 [INFO] 车兜区域过滤: 538 -> 180 个目标
2026-05-21 16:07:16 [INFO] 保存分割和检测结果到: C:\code\show\Scrap_Steel_In_Field\photos\segmentation\segment_20260521_160715.jpg
2026-05-21 16:07:16 [INFO] JSON结果保存到: C:\code\show\Scrap_Steel_In_Field\photos\segmentation_result.json
2026-05-21 16:07:16 [INFO] 类别统计：{0: 13, 1: 23, 2: 19, 3: 1, 4: 6, 5: 21, 6: 12, 7: 14, 8: 19, 9: 14, 10: 11, 11: 2, 12: 8, 13: 12, 14: 0, 15: 5}
2026-05-21 16:07:16 [INFO] 面积统计：{1: np.float64(43.89), 2: np.float64(3.51), 3: np.float64(0.12), 4: np.float64(1.5), 5: np.float64(7.86), 6: np.float64(5.62), 7: np.float64(3.19), 8: np.float64(2.34), 9: np.float64(5.25), 10: np.float64(9.41), 11: np.float64(0.09), 12: np.float64(14.5), 13: np.float64(1.88), 15: np.float64(0.83)}
2026-05-21 16:07:16 [INFO] 分割成功
2026-05-21 16:07:16 [INFO] 引擎上下文已释放
2026-05-21 16:07:16 [INFO] TensorRT 引擎已释放
2026-05-21 16:07:16 [INFO] 全局 CUDA 资源已释放
2026-05-21 16:07:16 [INFO] 分割系统资源已释放
2026-05-21 16:07:20 [INFO] CUDA 初始化成功
2026-05-21 16:07:20 [INFO] 引擎加载成功: scrap_steel.engine
2026-05-21 16:07:20 [INFO] 分割系统初始化成功
2026-05-21 16:07:20 [INFO] 图像预处理完成，原始尺寸: (2160, 3840)
2026-05-21 16:07:20 [INFO] 开始执行分割...
2026-05-21 16:07:21 [DEBUG] 处理后的检测结果形状: (1, 8400, 6)
2026-05-21 16:07:21 [DEBUG] 示例检测结果: [[-4.12249756e+00 -3.30093241e+00  3.85803795e+01  1.52839603e+01
   4.34148184e-08  5.00000000e+00]
 [-6.54804230e+00 -3.11817741e+00  4.41276207e+01  2.94923496e+01
   9.84604398e-09  9.00000000e+00]
 [-3.71186829e+00 -3.64606094e+00  4.56832542e+01  3.01965942e+01
   4.40493864e-09  9.00000000e+00]]
2026-05-21 16:07:21 [DEBUG] 处理后检测输出形状: (0, 52)
2026-05-21 16:07:21 [DEBUG] 有效检测数量: 0
2026-05-21 16:07:21 [DEBUG] 检测输出为空
2026-05-21 16:07:21 [INFO] 掩码中检测到的类别: [0, 1, 2, 3, 4, 5, 6, 7, 8, 9, 10, 11, 12, 13, 15]
2026-05-21 16:07:21 [INFO] 分割完成，检测到 0 个物体
2026-05-21 16:07:21 [INFO] 从分割掩码中提取检测结果
2026-05-21 16:07:21 [INFO] 从掩码中提取了 447 个检测框
2026-05-21 16:07:22 [INFO] 保存分割和检测结果到: C:\code\show\Scrap_Steel_In_Field\photos\segmentation\segment_20260521_160721.jpg
2026-05-21 16:07:22 [INFO] JSON结果保存到: C:\code\show\Scrap_Steel_In_Field\photos\segmentation_result.json
2026-05-21 16:07:22 [INFO] 类别统计：{0: 13, 1: 48, 2: 22, 3: 22, 4: 27, 5: 36, 6: 14, 7: 21, 8: 32, 9: 51, 10: 7, 11: 25, 12: 21, 13: 79, 14: 0, 15: 29}
2026-05-21 16:07:22 [INFO] 面积统计：{1: np.float64(25.41), 2: np.float64(3.97), 3: np.float64(2.49), 4: np.float64(3.95), 5: np.float64(3.76), 6: np.float64(6.64), 7: np.float64(1.79), 8: np.float64(8.0), 9: np.float64(10.72), 10: np.float64(4.61), 11: np.float64(1.27), 12: np.float64(6.4), 13: np.float64(9.28), 15: np.float64(11.71)}
2026-05-21 16:07:22 [INFO] 分割成功
2026-05-21 16:07:22 [INFO] 引擎上下文已释放
2026-05-21 16:07:22 [INFO] TensorRT 引擎已释放
2026-05-21 16:07:22 [INFO] 全局 CUDA 资源已释放
2026-05-21 16:07:22 [INFO] 分割系统资源已释放
2026-05-21 16:07:25 [INFO] CUDA 初始化成功
2026-05-21 16:07:25 [INFO] 引擎加载成功: scrap_steel.engine
2026-05-21 16:07:25 [INFO] 分割系统初始化成功
2026-05-21 16:07:25 [INFO] 图像预处理完成，原始尺寸: (2160, 3840)
2026-05-21 16:07:25 [INFO] 开始执行分割...
2026-05-21 16:07:25 [DEBUG] 处理后的检测结果形状: (1, 8400, 6)
2026-05-21 16:07:25 [DEBUG] 示例检测结果: [[-4.33353424e+00 -3.40426970e+00  3.89395142e+01  1.59108963e+01
   4.28936922e-08  5.00000000e+00]
 [-6.79221344e+00 -3.27539062e+00  4.41494446e+01  3.01272926e+01
   9.99725103e-09  9.00000000e+00]
 [-3.65239334e+00 -3.59890556e+00  4.57591553e+01  3.02082691e+01
   4.55454341e-09  9.00000000e+00]]
2026-05-21 16:07:25 [DEBUG] 处理后检测输出形状: (0, 52)
2026-05-21 16:07:25 [DEBUG] 有效检测数量: 0
2026-05-21 16:07:25 [DEBUG] 检测输出为空
2026-05-21 16:07:26 [INFO] 掩码中检测到的类别: [0, 1, 2, 3, 4, 5, 6, 7, 8, 9, 10, 11, 12, 13, 15]
2026-05-21 16:07:26 [INFO] 分割完成，检测到 0 个物体
2026-05-21 16:07:26 [INFO] 从分割掩码中提取检测结果
2026-05-21 16:07:26 [INFO] 从掩码中提取了 563 个检测框
2026-05-21 16:07:27 [INFO] 保存分割和检测结果到: C:\code\show\Scrap_Steel_In_Field\photos\segmentation\segment_20260521_160726.jpg
2026-05-21 16:07:27 [INFO] JSON结果保存到: C:\code\show\Scrap_Steel_In_Field\photos\segmentation_result.json
2026-05-21 16:07:27 [INFO] 类别统计：{0: 34, 1: 53, 2: 30, 3: 11, 4: 20, 5: 48, 6: 41, 7: 41, 8: 61, 9: 60, 10: 19, 11: 32, 12: 33, 13: 69, 14: 0, 15: 11}
2026-05-21 16:07:27 [INFO] 面积统计：{1: np.float64(20.83), 2: np.float64(4.45), 3: np.float64(0.95), 4: np.float64(2.32), 5: np.float64(5.34), 6: np.float64(8.66), 7: np.float64(2.18), 8: np.float64(14.35), 9: np.float64(15.51), 10: np.float64(4.19), 11: np.float64(0.86), 12: np.float64(11.71), 13: np.float64(4.37), 15: np.float64(4.28)}
2026-05-21 16:07:27 [INFO] 分割成功
2026-05-21 16:07:27 [INFO] 引擎上下文已释放
2026-05-21 16:07:27 [INFO] TensorRT 引擎已释放
2026-05-21 16:07:27 [INFO] 全局 CUDA 资源已释放
2026-05-21 16:07:27 [INFO] 分割系统资源已释放
2026-05-21 16:07:31 [INFO] CUDA 初始化成功
2026-05-21 16:07:31 [INFO] 引擎加载成功: scrap_steel.engine
2026-05-21 16:07:31 [INFO] 分割系统初始化成功
2026-05-21 16:07:31 [INFO] 图像预处理完成，原始尺寸: (2160, 3840)
2026-05-21 16:07:31 [INFO] 开始执行分割...
2026-05-21 16:07:31 [DEBUG] 处理后的检测结果形状: (1, 8400, 6)
2026-05-21 16:07:31 [DEBUG] 示例检测结果: [[-4.18011093e+00 -3.25094843e+00  4.01669083e+01  1.53707104e+01
   4.27587885e-08  5.00000000e+00]
 [-6.50671387e+00 -3.00471497e+00  4.50196609e+01  3.02262154e+01
   9.86602799e-09  9.00000000e+00]
 [-3.53704071e+00 -3.34267426e+00  4.59434891e+01  3.06347885e+01
   4.70868944e-09  9.00000000e+00]]
2026-05-21 16:07:31 [DEBUG] 处理后检测输出形状: (0, 52)
2026-05-21 16:07:31 [DEBUG] 有效检测数量: 0
2026-05-21 16:07:31 [DEBUG] 检测输出为空
2026-05-21 16:07:31 [INFO] 掩码中检测到的类别: [0, 1, 2, 3, 4, 5, 6, 7, 8, 9, 10, 11, 12, 13, 15]
2026-05-21 16:07:31 [INFO] 分割完成，检测到 0 个物体
2026-05-21 16:07:31 [INFO] 从分割掩码中提取检测结果
2026-05-21 16:07:31 [INFO] 从掩码中提取了 532 个检测框
2026-05-21 16:07:32 [INFO] 保存分割和检测结果到: C:\code\show\Scrap_Steel_In_Field\photos\segmentation\segment_20260521_160731.jpg
2026-05-21 16:07:32 [INFO] JSON结果保存到: C:\code\show\Scrap_Steel_In_Field\photos\segmentation_result.json
2026-05-21 16:07:32 [INFO] 类别统计：{0: 50, 1: 60, 2: 23, 3: 3, 4: 29, 5: 37, 6: 44, 7: 39, 8: 52, 9: 49, 10: 27, 11: 25, 12: 21, 13: 63, 14: 0, 15: 10}
2026-05-21 16:07:32 [INFO] 面积统计：{1: np.float64(13.95), 2: np.float64(2.97), 3: np.float64(0.06), 4: np.float64(5.79), 5: np.float64(2.94), 6: np.float64(12.0), 7: np.float64(2.4), 8: np.float64(16.83), 9: np.float64(17.0), 10: np.float64(4.62), 11: np.float64(0.9), 12: np.float64(12.34), 13: np.float64(3.24), 15: np.float64(4.95)}
2026-05-21 16:07:32 [INFO] 分割成功
2026-05-21 16:07:32 [INFO] 引擎上下文已释放
2026-05-21 16:07:32 [INFO] TensorRT 引擎已释放
2026-05-21 16:07:32 [INFO] 全局 CUDA 资源已释放
2026-05-21 16:07:32 [INFO] 分割系统资源已释放
2026-05-21 16:07:36 [INFO] CUDA 初始化成功
2026-05-21 16:07:36 [INFO] 引擎加载成功: scrap_steel.engine
2026-05-21 16:07:36 [INFO] 分割系统初始化成功
2026-05-21 16:07:36 [INFO] 图像预处理完成，原始尺寸: (2160, 3840)
2026-05-21 16:07:36 [INFO] 开始执行分割...
2026-05-21 16:07:36 [DEBUG] 处理后的检测结果形状: (1, 8400, 6)
2026-05-21 16:07:36 [DEBUG] 示例检测结果: [[-3.99752808e+00 -3.26556969e+00  3.89383888e+01  1.54953079e+01
   4.55113920e-08  5.00000000e+00]
 [-6.30762482e+00 -3.04480648e+00  4.41932907e+01  2.99352379e+01
   1.04192601e-08  9.00000000e+00]
 [-3.60759735e+00 -3.58736801e+00  4.56348038e+01  3.05523682e+01
   4.56901184e-09  9.00000000e+00]]
2026-05-21 16:07:36 [DEBUG] 处理后检测输出形状: (0, 52)
2026-05-21 16:07:36 [DEBUG] 有效检测数量: 0
2026-05-21 16:07:36 [DEBUG] 检测输出为空
2026-05-21 16:07:36 [INFO] 掩码中检测到的类别: [0, 1, 2, 3, 4, 5, 6, 7, 8, 9, 10, 11, 12, 13, 15]
2026-05-21 16:07:36 [INFO] 分割完成，检测到 0 个物体
2026-05-21 16:07:36 [INFO] 从分割掩码中提取检测结果
2026-05-21 16:07:36 [INFO] 从掩码中提取了 503 个检测框
2026-05-21 16:07:36 [INFO] 检测到车兜区域，将过滤区域外的目标
2026-05-21 16:07:36 [INFO] 车兜区域过滤: 503 -> 172 个目标
2026-05-21 16:07:37 [INFO] 保存分割和检测结果到: C:\code\show\Scrap_Steel_In_Field\photos\segmentation\segment_20260521_160737.jpg
2026-05-21 16:07:37 [INFO] JSON结果保存到: C:\code\show\Scrap_Steel_In_Field\photos\segmentation_result.json
2026-05-21 16:07:37 [INFO] 类别统计：{0: 7, 1: 26, 2: 16, 3: 1, 4: 6, 5: 21, 6: 13, 7: 15, 8: 16, 9: 14, 10: 6, 11: 3, 12: 11, 13: 12, 14: 0, 15: 5}
2026-05-21 16:07:37 [INFO] 面积统计：{1: np.float64(44.66), 2: np.float64(3.97), 3: np.float64(0.28), 4: np.float64(1.69), 5: np.float64(7.39), 6: np.float64(5.6), 7: np.float64(3.26), 8: np.float64(2.42), 9: np.float64(3.74), 10: np.float64(9.61), 11: np.float64(0.13), 12: np.float64(13.58), 13: np.float64(2.08), 15: np.float64(1.59)}
2026-05-21 16:07:37 [INFO] 分割成功
2026-05-21 16:07:37 [INFO] 引擎上下文已释放
2026-05-21 16:07:37 [INFO] TensorRT 引擎已释放
2026-05-21 16:07:37 [INFO] 全局 CUDA 资源已释放
2026-05-21 16:07:37 [INFO] 分割系统资源已释放
2026-05-21 16:07:41 [INFO] CUDA 初始化成功
2026-05-21 16:07:41 [INFO] 引擎加载成功: scrap_steel.engine
2026-05-21 16:07:41 [INFO] 分割系统初始化成功
2026-05-21 16:07:41 [INFO] 图像预处理完成，原始尺寸: (2160, 3840)
2026-05-21 16:07:41 [INFO] 开始执行分割...
2026-05-21 16:07:41 [DEBUG] 处理后的检测结果形状: (1, 8400, 6)
2026-05-21 16:07:41 [DEBUG] 示例检测结果: [[-4.01145935e+00 -3.25704956e+00  3.87027092e+01  1.54031620e+01
   4.42750263e-08  5.00000000e+00]
 [-6.36964035e+00 -3.02995014e+00  4.42296944e+01  2.98802910e+01
   1.00363877e-08  9.00000000e+00]
 [-3.68149567e+00 -3.60548210e+00  4.56772842e+01  3.05754757e+01
   4.45247395e-09  9.00000000e+00]]
2026-05-21 16:07:41 [DEBUG] 处理后检测输出形状: (0, 52)
2026-05-21 16:07:41 [DEBUG] 有效检测数量: 0
2026-05-21 16:07:41 [DEBUG] 检测输出为空
2026-05-21 16:07:41 [INFO] 掩码中检测到的类别: [0, 1, 2, 3, 4, 5, 6, 7, 8, 9, 10, 11, 12, 13, 15]
2026-05-21 16:07:41 [INFO] 分割完成，检测到 0 个物体
2026-05-21 16:07:41 [INFO] 从分割掩码中提取检测结果
2026-05-21 16:07:42 [INFO] 从掩码中提取了 536 个检测框
2026-05-21 16:07:42 [INFO] 检测到车兜区域，将过滤区域外的目标
2026-05-21 16:07:42 [INFO] 车兜区域过滤: 536 -> 172 个目标
2026-05-21 16:07:42 [INFO] 保存分割和检测结果到: C:\code\show\Scrap_Steel_In_Field\photos\segmentation\segment_20260521_160742.jpg
2026-05-21 16:07:42 [INFO] JSON结果保存到: C:\code\show\Scrap_Steel_In_Field\photos\segmentation_result.json
2026-05-21 16:07:42 [INFO] 类别统计：{0: 11, 1: 24, 2: 17, 3: 1, 4: 6, 5: 20, 6: 12, 7: 15, 8: 20, 9: 15, 10: 7, 11: 2, 12: 5, 13: 13, 14: 0, 15: 4}
2026-05-21 16:07:42 [INFO] 面积统计：{1: np.float64(42.53), 2: np.float64(3.57), 3: np.float64(0.14), 4: np.float64(1.31), 5: np.float64(8.53), 6: np.float64(5.93), 7: np.float64(3.07), 8: np.float64(2.43), 9: np.float64(4.38), 10: np.float64(10.53), 11: np.float64(0.07), 12: np.float64(14.68), 13: np.float64(1.94), 15: np.float64(0.89)}
2026-05-21 16:07:42 [INFO] 分割成功
2026-05-21 16:07:42 [INFO] 引擎上下文已释放
2026-05-21 16:07:42 [INFO] TensorRT 引擎已释放
2026-05-21 16:07:42 [INFO] 全局 CUDA 资源已释放
2026-05-21 16:07:42 [INFO] 分割系统资源已释放
2026-05-21 16:07:46 [INFO] CUDA 初始化成功
2026-05-21 16:07:46 [INFO] 引擎加载成功: scrap_steel.engine
2026-05-21 16:07:46 [INFO] 分割系统初始化成功
2026-05-21 16:07:46 [INFO] 图像预处理完成，原始尺寸: (2160, 3840)
2026-05-21 16:07:46 [INFO] 开始执行分割...
2026-05-21 16:07:46 [DEBUG] 处理后的检测结果形状: (1, 8400, 6)
2026-05-21 16:07:46 [DEBUG] 示例检测结果: [[-4.01012802e+00 -3.26502514e+00  3.88732109e+01  1.55198774e+01
   4.47923441e-08  5.00000000e+00]
 [-6.28461838e+00 -2.99645519e+00  4.43095665e+01  2.99064865e+01
   1.00707602e-08  9.00000000e+00]
 [-3.62198639e+00 -3.57388592e+00  4.56872406e+01  3.06029930e+01
   4.28867608e-09  9.00000000e+00]]
2026-05-21 16:07:46 [DEBUG] 处理后检测输出形状: (0, 52)
2026-05-21 16:07:46 [DEBUG] 有效检测数量: 0
2026-05-21 16:07:46 [DEBUG] 检测输出为空
2026-05-21 16:07:46 [INFO] 掩码中检测到的类别: [0, 1, 2, 3, 4, 5, 6, 7, 8, 9, 10, 11, 12, 13, 15]
2026-05-21 16:07:46 [INFO] 分割完成，检测到 0 个物体
2026-05-21 16:07:46 [INFO] 从分割掩码中提取检测结果
2026-05-21 16:07:47 [INFO] 从掩码中提取了 532 个检测框
2026-05-21 16:07:47 [INFO] 检测到车兜区域，将过滤区域外的目标
2026-05-21 16:07:47 [INFO] 车兜区域过滤: 532 -> 166 个目标
2026-05-21 16:07:47 [INFO] 保存分割和检测结果到: C:\code\show\Scrap_Steel_In_Field\photos\segmentation\segment_20260521_160747.jpg
2026-05-21 16:07:47 [INFO] JSON结果保存到: C:\code\show\Scrap_Steel_In_Field\photos\segmentation_result.json
2026-05-21 16:07:47 [INFO] 类别统计：{0: 7, 1: 22, 2: 14, 3: 1, 4: 8, 5: 19, 6: 15, 7: 14, 8: 17, 9: 13, 10: 9, 11: 1, 12: 7, 13: 14, 14: 0, 15: 5}
2026-05-21 16:07:47 [INFO] 面积统计：{1: np.float64(44.53), 2: np.float64(4.06), 3: np.float64(0.03), 4: np.float64(1.29), 5: np.float64(7.37), 6: np.float64(6.23), 7: np.float64(3.27), 8: np.float64(2.44), 9: np.float64(4.69), 10: np.float64(9.47), 11: np.float64(0.03), 12: np.float64(13.76), 13: np.float64(1.76), 15: np.float64(1.08)}
2026-05-21 16:07:47 [INFO] 分割成功
2026-05-21 16:07:47 [INFO] 引擎上下文已释放
2026-05-21 16:07:47 [INFO] TensorRT 引擎已释放
2026-05-21 16:07:47 [INFO] 全局 CUDA 资源已释放
2026-05-21 16:07:47 [INFO] 分割系统资源已释放
2026-05-21 16:07:51 [INFO] CUDA 初始化成功
2026-05-21 16:07:51 [INFO] 引擎加载成功: scrap_steel.engine
2026-05-21 16:07:51 [INFO] 分割系统初始化成功
2026-05-21 16:07:52 [INFO] 图像预处理完成，原始尺寸: (2160, 3840)
2026-05-21 16:07:52 [INFO] 开始执行分割...
2026-05-21 16:07:52 [DEBUG] 处理后的检测结果形状: (1, 8400, 6)
2026-05-21 16:07:52 [DEBUG] 示例检测结果: [[-4.27918625e+00 -3.36075306e+00  4.12720337e+01  1.59893293e+01
   4.48890773e-08  5.00000000e+00]
 [-6.59222412e+00 -3.02342796e+00  4.56260834e+01  3.09003086e+01
   1.00691580e-08  9.00000000e+00]
 [-3.48494339e+00 -3.36096478e+00  4.64913673e+01  3.13533554e+01
   4.61956873e-09  9.00000000e+00]]
2026-05-21 16:07:52 [DEBUG] 处理后检测输出形状: (0, 52)
2026-05-21 16:07:52 [DEBUG] 有效检测数量: 0
2026-05-21 16:07:52 [DEBUG] 检测输出为空
2026-05-21 16:07:52 [INFO] 掩码中检测到的类别: [0, 1, 2, 3, 4, 5, 6, 7, 8, 9, 10, 11, 12, 13, 15]
2026-05-21 16:07:52 [INFO] 分割完成，检测到 0 个物体
2026-05-21 16:07:52 [INFO] 从分割掩码中提取检测结果
2026-05-21 16:07:52 [INFO] 从掩码中提取了 447 个检测框
2026-05-21 16:07:54 [INFO] 保存分割和检测结果到: C:\code\show\Scrap_Steel_In_Field\photos\segmentation\segment_20260521_160752.jpg
2026-05-21 16:07:54 [INFO] JSON结果保存到: C:\code\show\Scrap_Steel_In_Field\photos\segmentation_result.json
2026-05-21 16:07:54 [INFO] 类别统计：{0: 27, 1: 32, 2: 15, 3: 3, 4: 18, 5: 36, 6: 35, 7: 31, 8: 51, 9: 40, 10: 20, 11: 21, 12: 17, 13: 80, 14: 0, 15: 21}
2026-05-21 16:07:54 [INFO] 面积统计：{1: np.float64(11.1), 2: np.float64(2.34), 3: np.float64(0.13), 4: np.float64(4.21), 5: np.float64(3.03), 6: np.float64(10.67), 7: np.float64(2.51), 8: np.float64(18.31), 9: np.float64(10.54), 10: np.float64(4.6), 11: np.float64(1.48), 12: np.float64(15.32), 13: np.float64(6.98), 15: np.float64(8.77)}
2026-05-21 16:07:54 [INFO] 分割成功
2026-05-21 16:07:54 [INFO] 引擎上下文已释放
2026-05-21 16:07:54 [INFO] TensorRT 引擎已释放
2026-05-21 16:07:54 [INFO] 全局 CUDA 资源已释放
2026-05-21 16:07:54 [INFO] 分割系统资源已释放
2026-05-21 16:07:57 [INFO] CUDA 初始化成功
2026-05-21 16:07:57 [INFO] 引擎加载成功: scrap_steel.engine
2026-05-21 16:07:57 [INFO] 分割系统初始化成功
2026-05-21 16:07:58 [INFO] 图像预处理完成，原始尺寸: (2160, 3840)
2026-05-21 16:07:58 [INFO] 开始执行分割...
2026-05-21 16:07:58 [DEBUG] 处理后的检测结果形状: (1, 8400, 6)
2026-05-21 16:07:58 [DEBUG] 示例检测结果: [[-4.13773727e+00 -3.34061146e+00  3.87143860e+01  1.55225821e+01
   4.41019594e-08  5.00000000e+00]
 [-6.46100998e+00 -3.13180447e+00  4.40898247e+01  2.97834702e+01
   9.79868275e-09  9.00000000e+00]
 [-3.59594345e+00 -3.63309193e+00  4.56548233e+01  3.03308029e+01
   4.38359038e-09  9.00000000e+00]]
2026-05-21 16:07:58 [DEBUG] 处理后检测输出形状: (0, 52)
2026-05-21 16:07:58 [DEBUG] 有效检测数量: 0
2026-05-21 16:07:58 [DEBUG] 检测输出为空
2026-05-21 16:07:58 [INFO] 掩码中检测到的类别: [0, 1, 2, 3, 4, 5, 6, 7, 8, 9, 10, 11, 12, 13, 15]
2026-05-21 16:07:58 [INFO] 分割完成，检测到 0 个物体
2026-05-21 16:07:58 [INFO] 从分割掩码中提取检测结果
2026-05-21 16:07:58 [INFO] 从掩码中提取了 511 个检测框
2026-05-21 16:07:59 [INFO] 保存分割和检测结果到: C:\code\show\Scrap_Steel_In_Field\photos\segmentation\segment_20260521_160758.jpg
2026-05-21 16:07:59 [INFO] JSON结果保存到: C:\code\show\Scrap_Steel_In_Field\photos\segmentation_result.json
2026-05-21 16:07:59 [INFO] 类别统计：{0: 21, 1: 71, 2: 24, 3: 8, 4: 27, 5: 37, 6: 21, 7: 39, 8: 47, 9: 48, 10: 22, 11: 15, 12: 15, 13: 98, 14: 0, 15: 18}
2026-05-21 16:07:59 [INFO] 面积统计：{1: np.float64(28.78), 2: np.float64(2.33), 3: np.float64(1.82), 4: np.float64(6.25), 5: np.float64(4.37), 6: np.float64(8.34), 7: np.float64(3.11), 8: np.float64(9.69), 9: np.float64(9.71), 10: np.float64(1.85), 11: np.float64(0.89), 12: np.float64(9.63), 13: np.float64(8.57), 15: np.float64(4.65)}
2026-05-21 16:07:59 [INFO] 分割成功
2026-05-21 16:07:59 [INFO] 引擎上下文已释放
2026-05-21 16:07:59 [INFO] TensorRT 引擎已释放
2026-05-21 16:07:59 [INFO] 全局 CUDA 资源已释放
2026-05-21 16:07:59 [INFO] 分割系统资源已释放
2026-05-21 16:08:03 [INFO] CUDA 初始化成功
2026-05-21 16:08:03 [INFO] 引擎加载成功: scrap_steel.engine
2026-05-21 16:08:03 [INFO] 分割系统初始化成功
2026-05-21 16:08:03 [INFO] 图像预处理完成，原始尺寸: (2160, 3840)
2026-05-21 16:08:03 [INFO] 开始执行分割...
2026-05-21 16:08:03 [DEBUG] 处理后的检测结果形状: (1, 8400, 6)
2026-05-21 16:08:03 [DEBUG] 示例检测结果: [[-4.13604355e+00 -3.32180309e+00  3.88102684e+01  1.54145842e+01
   4.32462990e-08  5.00000000e+00]
 [-6.47159576e+00 -3.10935020e+00  4.40921326e+01  2.95890179e+01
   9.62172209e-09  9.00000000e+00]
 [-3.61690903e+00 -3.60975933e+00  4.56278343e+01  3.01554985e+01
   4.24105018e-09  9.00000000e+00]]
2026-05-21 16:08:03 [DEBUG] 处理后检测输出形状: (0, 52)
2026-05-21 16:08:03 [DEBUG] 有效检测数量: 0
2026-05-21 16:08:03 [DEBUG] 检测输出为空
2026-05-21 16:08:03 [INFO] 掩码中检测到的类别: [0, 1, 2, 3, 4, 5, 6, 7, 8, 9, 10, 11, 12, 13, 15]
2026-05-21 16:08:03 [INFO] 分割完成，检测到 0 个物体
2026-05-21 16:08:03 [INFO] 从分割掩码中提取检测结果
2026-05-21 16:08:03 [INFO] 从掩码中提取了 413 个检测框
2026-05-21 16:08:04 [INFO] 保存分割和检测结果到: C:\code\show\Scrap_Steel_In_Field\photos\segmentation\segment_20260521_160803.jpg
2026-05-21 16:08:04 [INFO] JSON结果保存到: C:\code\show\Scrap_Steel_In_Field\photos\segmentation_result.json
2026-05-21 16:08:04 [INFO] 类别统计：{0: 11, 1: 51, 2: 11, 3: 18, 4: 9, 5: 35, 6: 19, 7: 30, 8: 45, 9: 33, 10: 9, 11: 19, 12: 17, 13: 79, 14: 0, 15: 27}
2026-05-21 16:08:04 [INFO] 面积统计：{1: np.float64(21.42), 2: np.float64(1.59), 3: np.float64(10.72), 4: np.float64(1.73), 5: np.float64(4.05), 6: np.float64(10.11), 7: np.float64(4.65), 8: np.float64(6.46), 9: np.float64(6.85), 10: np.float64(5.74), 11: np.float64(0.97), 12: np.float64(9.59), 13: np.float64(8.54), 15: np.float64(7.6)}
2026-05-21 16:08:04 [INFO] 分割成功
2026-05-21 16:08:04 [INFO] 引擎上下文已释放
2026-05-21 16:08:04 [INFO] TensorRT 引擎已释放
2026-05-21 16:08:04 [INFO] 全局 CUDA 资源已释放
2026-05-21 16:08:04 [INFO] 分割系统资源已释放
2026-05-21 16:08:09 [INFO] CUDA 初始化成功
2026-05-21 16:08:09 [INFO] 引擎加载成功: scrap_steel.engine
2026-05-21 16:08:09 [INFO] 分割系统初始化成功
2026-05-21 16:08:09 [INFO] 图像预处理完成，原始尺寸: (2160, 3840)
2026-05-21 16:08:09 [INFO] 开始执行分割...
2026-05-21 16:08:09 [DEBUG] 处理后的检测结果形状: (1, 8400, 6)
2026-05-21 16:08:09 [DEBUG] 示例检测结果: [[-4.02535629e+00 -3.31134939e+00  3.88232269e+01  1.55720158e+01
   4.42833823e-08  5.00000000e+00]
 [-6.32972336e+00 -3.06693649e+00  4.41929359e+01  2.99982719e+01
   1.00313358e-08  9.00000000e+00]
 [-3.64013672e+00 -3.63298607e+00  4.56884232e+01  3.06366978e+01
   4.33679048e-09  9.00000000e+00]]
2026-05-21 16:08:09 [DEBUG] 处理后检测输出形状: (0, 52)
2026-05-21 16:08:09 [DEBUG] 有效检测数量: 0
2026-05-21 16:08:09 [DEBUG] 检测输出为空
2026-05-21 16:08:09 [INFO] 掩码中检测到的类别: [0, 1, 2, 3, 4, 5, 6, 7, 8, 9, 10, 11, 12, 13, 15]
2026-05-21 16:08:09 [INFO] 分割完成，检测到 0 个物体
2026-05-21 16:08:09 [INFO] 从分割掩码中提取检测结果
2026-05-21 16:08:10 [INFO] 从掩码中提取了 488 个检测框
2026-05-21 16:08:10 [INFO] 检测到车兜区域，将过滤区域外的目标
2026-05-21 16:08:10 [INFO] 车兜区域过滤: 488 -> 173 个目标
2026-05-21 16:08:11 [INFO] 保存分割和检测结果到: C:\code\show\Scrap_Steel_In_Field\photos\segmentation\segment_20260521_160810.jpg
2026-05-21 16:08:11 [INFO] JSON结果保存到: C:\code\show\Scrap_Steel_In_Field\photos\segmentation_result.json
2026-05-21 16:08:11 [INFO] 类别统计：{0: 1, 1: 25, 2: 19, 3: 3, 4: 7, 5: 18, 6: 12, 7: 14, 8: 19, 9: 13, 10: 9, 11: 3, 12: 11, 13: 12, 14: 0, 15: 7}
2026-05-21 16:08:11 [INFO] 面积统计：{1: np.float64(44.46), 2: np.float64(4.36), 3: np.float64(0.35), 4: np.float64(2.03), 5: np.float64(7.58), 6: np.float64(5.23), 7: np.float64(2.63), 8: np.float64(2.49), 9: np.float64(3.86), 10: np.float64(10.39), 11: np.float64(0.12), 12: np.float64(12.76), 13: np.float64(2.21), 15: np.float64(1.54)}
2026-05-21 16:08:11 [INFO] 分割成功
2026-05-21 16:08:11 [INFO] 引擎上下文已释放
2026-05-21 16:08:11 [INFO] TensorRT 引擎已释放
2026-05-21 16:08:11 [INFO] 全局 CUDA 资源已释放
2026-05-21 16:08:11 [INFO] 分割系统资源已释放
2026-05-21 16:08:14 [INFO] CUDA 初始化成功
2026-05-21 16:08:14 [INFO] 引擎加载成功: scrap_steel.engine
2026-05-21 16:08:14 [INFO] 分割系统初始化成功
2026-05-21 16:08:14 [INFO] 图像预处理完成，原始尺寸: (2160, 3840)
2026-05-21 16:08:14 [INFO] 开始执行分割...
2026-05-21 16:08:14 [DEBUG] 处理后的检测结果形状: (1, 8400, 6)
2026-05-21 16:08:14 [DEBUG] 示例检测结果: [[-3.99423599e+00 -3.26354504e+00  3.88809814e+01  1.53625307e+01
   4.51597018e-08  5.00000000e+00]
 [-6.33749390e+00 -3.00421619e+00  4.43528671e+01  2.98563042e+01
   1.01311315e-08  9.00000000e+00]
 [-3.67931366e+00 -3.60106277e+00  4.57249069e+01  3.06273689e+01
   4.48870274e-09  9.00000000e+00]]
2026-05-21 16:08:14 [DEBUG] 处理后检测输出形状: (0, 52)
2026-05-21 16:08:14 [DEBUG] 有效检测数量: 0
2026-05-21 16:08:14 [DEBUG] 检测输出为空
2026-05-21 16:08:14 [INFO] 掩码中检测到的类别: [0, 1, 2, 3, 4, 5, 6, 7, 8, 9, 10, 11, 12, 13, 15]
2026-05-21 16:08:14 [INFO] 分割完成，检测到 0 个物体
2026-05-21 16:08:14 [INFO] 从分割掩码中提取检测结果
2026-05-21 16:08:15 [INFO] 从掩码中提取了 528 个检测框
2026-05-21 16:08:15 [INFO] 检测到车兜区域，将过滤区域外的目标
2026-05-21 16:08:15 [INFO] 车兜区域过滤: 528 -> 169 个目标
2026-05-21 16:08:15 [INFO] 保存分割和检测结果到: C:\code\show\Scrap_Steel_In_Field\photos\segmentation\segment_20260521_160815.jpg
2026-05-21 16:08:15 [INFO] JSON结果保存到: C:\code\show\Scrap_Steel_In_Field\photos\segmentation_result.json
2026-05-21 16:08:15 [INFO] 类别统计：{0: 1, 1: 31, 2: 15, 3: 1, 4: 5, 5: 18, 6: 10, 7: 19, 8: 18, 9: 13, 10: 10, 11: 2, 12: 9, 13: 13, 14: 0, 15: 4}
2026-05-21 16:08:15 [INFO] 面积统计：{1: np.float64(44.57), 2: np.float64(4.25), 3: np.float64(0.09), 4: np.float64(1.61), 5: np.float64(6.99), 6: np.float64(6.42), 7: np.float64(2.94), 8: np.float64(2.8), 9: np.float64(4.44), 10: np.float64(11.65), 11: np.float64(0.05), 12: np.float64(10.88), 13: np.float64(2.04), 15: np.float64(1.25)}
2026-05-21 16:08:15 [INFO] 分割成功
2026-05-21 16:08:15 [INFO] 引擎上下文已释放
2026-05-21 16:08:15 [INFO] TensorRT 引擎已释放
2026-05-21 16:08:16 [INFO] 全局 CUDA 资源已释放
2026-05-21 16:08:16 [INFO] 分割系统资源已释放
2026-05-21 16:08:20 [INFO] CUDA 初始化成功
2026-05-21 16:08:20 [INFO] 引擎加载成功: scrap_steel.engine
2026-05-21 16:08:20 [INFO] 分割系统初始化成功
2026-05-21 16:08:20 [INFO] 图像预处理完成，原始尺寸: (2160, 3840)
2026-05-21 16:08:20 [INFO] 开始执行分割...
2026-05-21 16:08:20 [DEBUG] 处理后的检测结果形状: (1, 8400, 6)
2026-05-21 16:08:20 [DEBUG] 示例检测结果: [[-4.00737762e+00 -3.26478863e+00  3.88313675e+01  1.54499483e+01
   4.46192772e-08  5.00000000e+00]
 [-6.25969315e+00 -2.98358822e+00  4.41775627e+01  2.98140793e+01
   9.99725103e-09  9.00000000e+00]
 [-3.63411331e+00 -3.57551289e+00  4.56281090e+01  3.05250053e+01
   4.32225988e-09  9.00000000e+00]]
2026-05-21 16:08:20 [DEBUG] 处理后检测输出形状: (0, 52)
2026-05-21 16:08:20 [DEBUG] 有效检测数量: 0
2026-05-21 16:08:20 [DEBUG] 检测输出为空
2026-05-21 16:08:20 [INFO] 掩码中检测到的类别: [0, 1, 2, 3, 4, 5, 6, 7, 8, 9, 10, 11, 12, 13, 15]
2026-05-21 16:08:20 [INFO] 分割完成，检测到 0 个物体
2026-05-21 16:08:20 [INFO] 从分割掩码中提取检测结果
2026-05-21 16:08:20 [INFO] 从掩码中提取了 522 个检测框
2026-05-21 16:08:20 [INFO] 检测到车兜区域，将过滤区域外的目标
2026-05-21 16:08:20 [INFO] 车兜区域过滤: 522 -> 171 个目标
2026-05-21 16:08:21 [INFO] 保存分割和检测结果到: C:\code\show\Scrap_Steel_In_Field\photos\segmentation\segment_20260521_160820.jpg
2026-05-21 16:08:21 [INFO] JSON结果保存到: C:\code\show\Scrap_Steel_In_Field\photos\segmentation_result.json
2026-05-21 16:08:21 [INFO] 类别统计：{0: 1, 1: 25, 2: 13, 3: 0, 4: 7, 5: 22, 6: 13, 7: 17, 8: 19, 9: 14, 10: 10, 11: 0, 12: 10, 13: 14, 14: 0, 15: 6}
2026-05-21 16:08:21 [INFO] 面积统计：{1: np.float64(42.7), 2: np.float64(4.25), 3: np.float64(0.02), 4: np.float64(1.29), 5: np.float64(7.67), 6: np.float64(6.44), 7: np.float64(2.74), 8: np.float64(2.46), 9: np.float64(5.61), 10: np.float64(10.05), 11: np.float64(0.02), 12: np.float64(13.58), 13: np.float64(2.0), 15: np.float64(1.18)}
2026-05-21 16:08:21 [INFO] 分割成功
2026-05-21 16:08:21 [INFO] 引擎上下文已释放
2026-05-21 16:08:21 [INFO] TensorRT 引擎已释放
2026-05-21 16:08:21 [INFO] 全局 CUDA 资源已释放
2026-05-21 16:08:21 [INFO] 分割系统资源已释放
2026-05-21 16:08:25 [INFO] CUDA 初始化成功
2026-05-21 16:08:25 [INFO] 引擎加载成功: scrap_steel.engine
2026-05-21 16:08:25 [INFO] 分割系统初始化成功
2026-05-21 16:08:25 [INFO] 图像预处理完成，原始尺寸: (2160, 3840)
2026-05-21 16:08:25 [INFO] 开始执行分割...
2026-05-21 16:08:25 [DEBUG] 处理后的检测结果形状: (1, 8400, 6)
2026-05-21 16:08:25 [DEBUG] 示例检测结果: [[-4.32670975e+00 -3.41739225e+00  3.90672531e+01  1.59664154e+01
   4.27283844e-08  5.00000000e+00]
 [-6.70166016e+00 -3.27944374e+00  4.41299667e+01  3.03020763e+01
   1.00363877e-08  9.00000000e+00]
 [-3.62864685e+00 -3.68338013e+00  4.57608719e+01  3.04853706e+01
   4.55454341e-09  9.00000000e+00]]
2026-05-21 16:08:25 [DEBUG] 处理后检测输出形状: (0, 52)
2026-05-21 16:08:25 [DEBUG] 有效检测数量: 0
2026-05-21 16:08:25 [DEBUG] 检测输出为空
2026-05-21 16:08:25 [INFO] 掩码中检测到的类别: [0, 1, 2, 3, 4, 5, 6, 7, 8, 9, 10, 11, 12, 13, 15]
2026-05-21 16:08:25 [INFO] 分割完成，检测到 0 个物体
2026-05-21 16:08:25 [INFO] 从分割掩码中提取检测结果
2026-05-21 16:08:26 [INFO] 从掩码中提取了 400 个检测框
2026-05-21 16:08:26 [INFO] 保存分割和检测结果到: C:\code\show\Scrap_Steel_In_Field\photos\segmentation\segment_20260521_160826.jpg
2026-05-21 16:08:26 [INFO] JSON结果保存到: C:\code\show\Scrap_Steel_In_Field\photos\segmentation_result.json
2026-05-21 16:08:26 [INFO] 类别统计：{0: 13, 1: 26, 2: 12, 3: 10, 4: 11, 5: 21, 6: 25, 7: 27, 8: 33, 9: 28, 10: 15, 11: 32, 12: 6, 13: 113, 14: 0, 15: 28}
2026-05-21 16:08:26 [INFO] 面积统计：{1: np.float64(2.43), 2: np.float64(0.79), 3: np.float64(2.31), 4: np.float64(2.76), 5: np.float64(2.07), 6: np.float64(15.28), 7: np.float64(3.21), 8: np.float64(11.51), 9: np.float64(7.22), 10: np.float64(3.8), 11: np.float64(3.78), 12: np.float64(17.7), 13: np.float64(19.16), 15: np.float64(7.99)}
2026-05-21 16:08:26 [INFO] 分割成功
2026-05-21 16:08:26 [INFO] 引擎上下文已释放
2026-05-21 16:08:26 [INFO] TensorRT 引擎已释放
2026-05-21 16:08:26 [INFO] 全局 CUDA 资源已释放
2026-05-21 16:08:26 [INFO] 分割系统资源已释放
2026-05-21 16:08:31 [INFO] CUDA 初始化成功
2026-05-21 16:08:31 [INFO] 引擎加载成功: scrap_steel.engine
2026-05-21 16:08:31 [INFO] 分割系统初始化成功
2026-05-21 16:08:31 [INFO] 图像预处理完成，原始尺寸: (2160, 3840)
2026-05-21 16:08:31 [INFO] 开始执行分割...
2026-05-21 16:08:31 [DEBUG] 处理后的检测结果形状: (1, 8400, 6)
2026-05-21 16:08:31 [DEBUG] 示例检测结果: [[-4.12390900e+00 -3.31312466e+00  3.87446518e+01  1.55644941e+01
   4.37537082e-08  5.00000000e+00]
 [-6.45936203e+00 -3.11307621e+00  4.40953903e+01  2.98731308e+01
   1.00755244e-08  9.00000000e+00]
 [-3.58524704e+00 -3.56944180e+00  4.56959801e+01  3.04500809e+01
   4.45929160e-09  9.00000000e+00]]
2026-05-21 16:08:31 [DEBUG] 处理后检测输出形状: (0, 52)
2026-05-21 16:08:31 [DEBUG] 有效检测数量: 0
2026-05-21 16:08:31 [DEBUG] 检测输出为空
2026-05-21 16:08:31 [INFO] 掩码中检测到的类别: [0, 1, 2, 3, 4, 5, 6, 7, 8, 9, 10, 11, 12, 13, 15]
2026-05-21 16:08:31 [INFO] 分割完成，检测到 0 个物体
2026-05-21 16:08:31 [INFO] 从分割掩码中提取检测结果
2026-05-21 16:08:31 [INFO] 从掩码中提取了 573 个检测框
2026-05-21 16:08:32 [INFO] 保存分割和检测结果到: C:\code\show\Scrap_Steel_In_Field\photos\segmentation\segment_20260521_160831.jpg
2026-05-21 16:08:32 [INFO] JSON结果保存到: C:\code\show\Scrap_Steel_In_Field\photos\segmentation_result.json
2026-05-21 16:08:32 [INFO] 类别统计：{0: 14, 1: 70, 2: 31, 3: 15, 4: 26, 5: 47, 6: 23, 7: 34, 8: 60, 9: 49, 10: 22, 11: 24, 12: 7, 13: 116, 14: 0, 15: 35}
2026-05-21 16:08:32 [INFO] 面积统计：{1: np.float64(24.64), 2: np.float64(3.44), 3: np.float64(1.23), 4: np.float64(4.71), 5: np.float64(5.24), 6: np.float64(6.05), 7: np.float64(3.1), 8: np.float64(8.57), 9: np.float64(13.32), 10: np.float64(2.04), 11: np.float64(1.52), 12: np.float64(8.36), 13: np.float64(9.78), 15: np.float64(8.02)}
2026-05-21 16:08:32 [INFO] 分割成功
2026-05-21 16:08:32 [INFO] 引擎上下文已释放
2026-05-21 16:08:32 [INFO] TensorRT 引擎已释放
2026-05-21 16:08:32 [INFO] 全局 CUDA 资源已释放
2026-05-21 16:08:32 [INFO] 分割系统资源已释放
2026-05-21 16:08:36 [INFO] CUDA 初始化成功
2026-05-21 16:08:36 [INFO] 引擎加载成功: scrap_steel.engine
2026-05-21 16:08:36 [INFO] 分割系统初始化成功
2026-05-21 16:08:36 [INFO] 图像预处理完成，原始尺寸: (2160, 3840)
2026-05-21 16:08:36 [INFO] 开始执行分割...
2026-05-21 16:08:36 [DEBUG] 处理后的检测结果形状: (1, 8400, 6)
2026-05-21 16:08:36 [DEBUG] 示例检测结果: [[-4.06966400e+00 -3.30748796e+00  3.86777725e+01  1.54080429e+01
   4.37479777e-08  5.00000000e+00]
 [-6.40248108e+00 -3.10867882e+00  4.41702576e+01  2.98780575e+01
   9.95811433e-09  9.00000000e+00]
 [-3.59902573e+00 -3.62437534e+00  4.56595535e+01  3.04756508e+01
   4.35358061e-09  9.00000000e+00]]
2026-05-21 16:08:36 [DEBUG] 处理后检测输出形状: (0, 52)
2026-05-21 16:08:36 [DEBUG] 有效检测数量: 0
2026-05-21 16:08:36 [DEBUG] 检测输出为空
2026-05-21 16:08:36 [INFO] 掩码中检测到的类别: [0, 1, 2, 3, 4, 5, 6, 7, 8, 9, 10, 11, 12, 13, 15]
2026-05-21 16:08:36 [INFO] 分割完成，检测到 0 个物体
2026-05-21 16:08:36 [INFO] 从分割掩码中提取检测结果
2026-05-21 16:08:36 [INFO] 从掩码中提取了 527 个检测框
2026-05-21 16:08:37 [INFO] 保存分割和检测结果到: C:\code\show\Scrap_Steel_In_Field\photos\segmentation\segment_20260521_160836.jpg
2026-05-21 16:08:37 [INFO] JSON结果保存到: C:\code\show\Scrap_Steel_In_Field\photos\segmentation_result.json
2026-05-21 16:08:37 [INFO] 类别统计：{0: 10, 1: 59, 2: 27, 3: 9, 4: 24, 5: 52, 6: 23, 7: 39, 8: 63, 9: 53, 10: 17, 11: 23, 12: 12, 13: 77, 14: 0, 15: 39}
2026-05-21 16:08:37 [INFO] 面积统计：{1: np.float64(27.33), 2: np.float64(2.34), 3: np.float64(0.48), 4: np.float64(2.67), 5: np.float64(4.84), 6: np.float64(7.79), 7: np.float64(4.37), 8: np.float64(11.43), 9: np.float64(14.19), 10: np.float64(1.71), 11: np.float64(1.47), 12: np.float64(6.19), 13: np.float64(6.19), 15: np.float64(8.99)}
2026-05-21 16:08:37 [INFO] 分割成功
2026-05-21 16:08:37 [INFO] 引擎上下文已释放
2026-05-21 16:08:37 [INFO] TensorRT 引擎已释放
2026-05-21 16:08:37 [INFO] 全局 CUDA 资源已释放
2026-05-21 16:08:37 [INFO] 分割系统资源已释放
2026-05-21 16:08:41 [INFO] CUDA 初始化成功
2026-05-21 16:08:41 [INFO] 引擎加载成功: scrap_steel.engine
2026-05-21 16:08:41 [INFO] 分割系统初始化成功
2026-05-21 16:08:41 [INFO] 图像预处理完成，原始尺寸: (2160, 3840)
2026-05-21 16:08:41 [INFO] 开始执行分割...
2026-05-21 16:08:41 [DEBUG] 处理后的检测结果形状: (1, 8400, 6)
2026-05-21 16:08:41 [DEBUG] 示例检测结果: [[-4.06924057e+00 -3.38678551e+00  3.99439049e+01  1.63596077e+01
   4.38301626e-08  5.00000000e+00]
 [-6.05614090e+00 -2.97457886e+00  4.48466606e+01  3.08346558e+01
   9.93280391e-09  9.00000000e+00]
 [-3.29277039e+00 -3.36606979e+00  4.59722595e+01  3.10658913e+01
   4.52810323e-09  9.00000000e+00]]
2026-05-21 16:08:41 [DEBUG] 处理后检测输出形状: (0, 52)
2026-05-21 16:08:41 [DEBUG] 有效检测数量: 0
2026-05-21 16:08:41 [DEBUG] 检测输出为空
2026-05-21 16:08:41 [INFO] 掩码中检测到的类别: [0, 1, 2, 3, 4, 5, 6, 7, 8, 9, 10, 11, 12, 13, 15]
2026-05-21 16:08:41 [INFO] 分割完成，检测到 0 个物体
2026-05-21 16:08:41 [INFO] 从分割掩码中提取检测结果
2026-05-21 16:08:42 [INFO] 从掩码中提取了 547 个检测框
2026-05-21 16:08:42 [INFO] 保存分割和检测结果到: C:\code\show\Scrap_Steel_In_Field\photos\segmentation\segment_20260521_160842.jpg
2026-05-21 16:08:42 [INFO] JSON结果保存到: C:\code\show\Scrap_Steel_In_Field\photos\segmentation_result.json
2026-05-21 16:08:42 [INFO] 类别统计：{0: 16, 1: 53, 2: 28, 3: 22, 4: 21, 5: 48, 6: 29, 7: 43, 8: 75, 9: 42, 10: 27, 11: 24, 12: 12, 13: 82, 14: 0, 15: 25}
2026-05-21 16:08:42 [INFO] 面积统计：{1: np.float64(19.11), 2: np.float64(3.01), 3: np.float64(6.16), 4: np.float64(4.42), 5: np.float64(6.8), 6: np.float64(5.07), 7: np.float64(3.25), 8: np.float64(16.49), 9: np.float64(10.63), 10: np.float64(5.57), 11: np.float64(1.0), 12: np.float64(6.86), 13: np.float64(8.79), 15: np.float64(2.86)}
2026-05-21 16:08:42 [INFO] 分割成功
2026-05-21 16:08:42 [INFO] 引擎上下文已释放
2026-05-21 16:08:42 [INFO] TensorRT 引擎已释放
2026-05-21 16:08:42 [INFO] 全局 CUDA 资源已释放
2026-05-21 16:08:42 [INFO] 分割系统资源已释放
2026-05-21 16:08:46 [INFO] CUDA 初始化成功
2026-05-21 16:08:46 [INFO] 引擎加载成功: scrap_steel.engine
2026-05-21 16:08:46 [INFO] 分割系统初始化成功
2026-05-21 16:08:46 [INFO] 图像预处理完成，原始尺寸: (2160, 3840)
2026-05-21 16:08:46 [INFO] 开始执行分割...
2026-05-21 16:08:46 [DEBUG] 处理后的检测结果形状: (1, 8400, 6)
2026-05-21 16:08:46 [DEBUG] 示例检测结果: [[-4.00599670e+00 -3.27629662e+00  3.88640633e+01  1.53943424e+01
   4.49857680e-08  5.00000000e+00]
 [-6.32359314e+00 -3.01548100e+00  4.42995644e+01  2.99145508e+01
   1.01442694e-08  9.00000000e+00]
 [-3.65788269e+00 -3.60097122e+00  4.56945648e+01  3.06583405e+01
   4.41778258e-09  9.00000000e+00]]
2026-05-21 16:08:46 [DEBUG] 处理后检测输出形状: (0, 52)
2026-05-21 16:08:46 [DEBUG] 有效检测数量: 0
2026-05-21 16:08:46 [DEBUG] 检测输出为空
2026-05-21 16:08:46 [INFO] 掩码中检测到的类别: [0, 1, 2, 3, 4, 5, 6, 7, 8, 9, 10, 11, 12, 13, 15]
2026-05-21 16:08:46 [INFO] 分割完成，检测到 0 个物体
2026-05-21 16:08:46 [INFO] 从分割掩码中提取检测结果
2026-05-21 16:08:47 [INFO] 从掩码中提取了 512 个检测框
2026-05-21 16:08:47 [INFO] 检测到车兜区域，将过滤区域外的目标
2026-05-21 16:08:47 [INFO] 车兜区域过滤: 512 -> 172 个目标
2026-05-21 16:08:47 [INFO] 保存分割和检测结果到: C:\code\show\Scrap_Steel_In_Field\photos\segmentation\segment_20260521_160847.jpg
2026-05-21 16:08:47 [INFO] JSON结果保存到: C:\code\show\Scrap_Steel_In_Field\photos\segmentation_result.json
2026-05-21 16:08:47 [INFO] 类别统计：{0: 1, 1: 29, 2: 18, 3: 1, 4: 6, 5: 24, 6: 15, 7: 15, 8: 19, 9: 11, 10: 7, 11: 0, 12: 7, 13: 14, 14: 0, 15: 5}
2026-05-21 16:08:47 [INFO] 面积统计：{1: np.float64(43.43), 2: np.float64(3.79), 3: np.float64(0.21), 4: np.float64(1.48), 5: np.float64(7.44), 6: np.float64(6.34), 7: np.float64(2.74), 8: np.float64(2.7), 9: np.float64(4.93), 10: np.float64(10.84), 11: np.float64(0.02), 12: np.float64(12.74), 13: np.float64(2.19), 15: np.float64(1.15)}
2026-05-21 16:08:47 [INFO] 分割成功
2026-05-21 16:08:47 [INFO] 引擎上下文已释放
2026-05-21 16:08:47 [INFO] TensorRT 引擎已释放
2026-05-21 16:08:47 [INFO] 全局 CUDA 资源已释放
2026-05-21 16:08:47 [INFO] 分割系统资源已释放
2026-05-21 16:08:51 [INFO] CUDA 初始化成功
2026-05-21 16:08:51 [INFO] 引擎加载成功: scrap_steel.engine
2026-05-21 16:08:51 [INFO] 分割系统初始化成功
2026-05-21 16:08:51 [INFO] 图像预处理完成，原始尺寸: (2160, 3840)
2026-05-21 16:08:51 [INFO] 开始执行分割...
2026-05-21 16:08:51 [DEBUG] 处理后的检测结果形状: (1, 8400, 6)
2026-05-21 16:08:51 [DEBUG] 示例检测结果: [[-4.01136017e+00 -3.26443100e+00  3.88165512e+01  1.54868355e+01
   4.40894681e-08  5.00000000e+00]
 [-6.29211044e+00 -3.01817703e+00  4.41965866e+01  2.99106674e+01
   9.85023263e-09  9.00000000e+00]
 [-3.61228180e+00 -3.59032440e+00  4.56196594e+01  3.05476990e+01
   4.27628777e-09  9.00000000e+00]]
2026-05-21 16:08:51 [DEBUG] 处理后检测输出形状: (0, 52)
2026-05-21 16:08:51 [DEBUG] 有效检测数量: 0
2026-05-21 16:08:51 [DEBUG] 检测输出为空
2026-05-21 16:08:51 [INFO] 掩码中检测到的类别: [0, 1, 2, 3, 4, 5, 6, 7, 8, 9, 10, 11, 12, 13, 15]
2026-05-21 16:08:51 [INFO] 分割完成，检测到 0 个物体
2026-05-21 16:08:51 [INFO] 从分割掩码中提取检测结果
2026-05-21 16:08:52 [INFO] 从掩码中提取了 509 个检测框
2026-05-21 16:08:52 [INFO] 检测到车兜区域，将过滤区域外的目标
2026-05-21 16:08:52 [INFO] 车兜区域过滤: 509 -> 175 个目标
2026-05-21 16:08:52 [INFO] 保存分割和检测结果到: C:\code\show\Scrap_Steel_In_Field\photos\segmentation\segment_20260521_160852.jpg
2026-05-21 16:08:52 [INFO] JSON结果保存到: C:\code\show\Scrap_Steel_In_Field\photos\segmentation_result.json
2026-05-21 16:08:52 [INFO] 类别统计：{0: 1, 1: 29, 2: 14, 3: 1, 4: 6, 5: 22, 6: 14, 7: 16, 8: 20, 9: 16, 10: 12, 11: 0, 12: 9, 13: 11, 14: 0, 15: 4}
2026-05-21 16:08:52 [INFO] 面积统计：{1: np.float64(41.9), 2: np.float64(4.19), 3: np.float64(0.12), 4: np.float64(1.38), 5: np.float64(7.58), 6: np.float64(6.28), 7: np.float64(3.32), 8: np.float64(2.68), 9: np.float64(5.18), 10: np.float64(10.34), 11: np.float64(0.02), 12: np.float64(13.94), 13: np.float64(1.87), 15: np.float64(1.19)}
2026-05-21 16:08:52 [INFO] 分割成功
2026-05-21 16:08:52 [INFO] 引擎上下文已释放
2026-05-21 16:08:52 [INFO] TensorRT 引擎已释放
2026-05-21 16:08:52 [INFO] 全局 CUDA 资源已释放
2026-05-21 16:08:52 [INFO] 分割系统资源已释放
2026-05-21 16:08:56 [INFO] CUDA 初始化成功
2026-05-21 16:08:56 [INFO] 引擎加载成功: scrap_steel.engine
2026-05-21 16:08:56 [INFO] 分割系统初始化成功
2026-05-21 16:08:56 [INFO] 图像预处理完成，原始尺寸: (2160, 3840)
2026-05-21 16:08:56 [INFO] 开始执行分割...
2026-05-21 16:08:56 [DEBUG] 处理后的检测结果形状: (1, 8400, 6)
2026-05-21 16:08:56 [DEBUG] 示例检测结果: [[-3.97459793e+00 -3.26029110e+00  3.88317070e+01  1.53950930e+01
   4.48029560e-08  5.00000000e+00]
 [-6.28504562e+00 -2.99158096e+00  4.42963181e+01  2.98880615e+01
   1.01442694e-08  9.00000000e+00]
 [-3.63714600e+00 -3.57213593e+00  4.56849442e+01  3.06118279e+01
   4.40056169e-09  9.00000000e+00]]
2026-05-21 16:08:56 [DEBUG] 处理后检测输出形状: (0, 52)
2026-05-21 16:08:56 [DEBUG] 有效检测数量: 0
2026-05-21 16:08:56 [DEBUG] 检测输出为空
2026-05-21 16:08:56 [INFO] 掩码中检测到的类别: [0, 1, 2, 3, 4, 5, 6, 7, 8, 9, 10, 11, 12, 13, 15]
2026-05-21 16:08:56 [INFO] 分割完成，检测到 0 个物体
2026-05-21 16:08:56 [INFO] 从分割掩码中提取检测结果
2026-05-21 16:08:57 [INFO] 从掩码中提取了 494 个检测框
2026-05-21 16:08:57 [INFO] 检测到车兜区域，将过滤区域外的目标
2026-05-21 16:08:57 [INFO] 车兜区域过滤: 494 -> 168 个目标
2026-05-21 16:08:57 [INFO] 保存分割和检测结果到: C:\code\show\Scrap_Steel_In_Field\photos\segmentation\segment_20260521_160857.jpg
2026-05-21 16:08:57 [INFO] JSON结果保存到: C:\code\show\Scrap_Steel_In_Field\photos\segmentation_result.json
2026-05-21 16:08:57 [INFO] 类别统计：{0: 1, 1: 26, 2: 16, 3: 0, 4: 8, 5: 22, 6: 12, 7: 17, 8: 16, 9: 16, 10: 9, 11: 1, 12: 7, 13: 12, 14: 0, 15: 5}
2026-05-21 16:08:57 [INFO] 面积统计：{1: np.float64(41.94), 2: np.float64(4.13), 3: np.float64(0.02), 4: np.float64(1.28), 5: np.float64(7.92), 6: np.float64(5.78), 7: np.float64(2.88), 8: np.float64(2.45), 9: np.float64(5.85), 10: np.float64(10.9), 11: np.float64(0.02), 12: np.float64(13.87), 13: np.float64(1.95), 15: np.float64(1.01)}
2026-05-21 16:08:57 [INFO] 分割成功
2026-05-21 16:08:57 [INFO] 引擎上下文已释放
2026-05-21 16:08:57 [INFO] TensorRT 引擎已释放
2026-05-21 16:08:58 [INFO] 全局 CUDA 资源已释放
2026-05-21 16:08:58 [INFO] 分割系统资源已释放
2026-05-21 16:09:01 [INFO] CUDA 初始化成功
2026-05-21 16:09:01 [INFO] 引擎加载成功: scrap_steel.engine
2026-05-21 16:09:01 [INFO] 分割系统初始化成功
2026-05-21 16:09:01 [INFO] 图像预处理完成，原始尺寸: (2160, 3840)
2026-05-21 16:09:01 [INFO] 开始执行分割...
2026-05-21 16:09:01 [DEBUG] 处理后的检测结果形状: (1, 8400, 6)
2026-05-21 16:09:01 [DEBUG] 示例检测结果: [[-4.02728271e+00 -3.26556110e+00  3.88429413e+01  1.54608698e+01
   4.37479777e-08  5.00000000e+00]
 [-6.26412582e+00 -3.00865555e+00  4.41862984e+01  2.98002548e+01
   9.92735494e-09  9.00000000e+00]
 [-3.63307190e+00 -3.60546303e+00  4.56366386e+01  3.04992886e+01
   4.24484448e-09  9.00000000e+00]]
2026-05-21 16:09:01 [DEBUG] 处理后检测输出形状: (0, 52)
2026-05-21 16:09:01 [DEBUG] 有效检测数量: 0
2026-05-21 16:09:01 [DEBUG] 检测输出为空
2026-05-21 16:09:01 [INFO] 掩码中检测到的类别: [0, 1, 2, 3, 4, 5, 6, 7, 8, 9, 10, 11, 12, 13, 15]
2026-05-21 16:09:01 [INFO] 分割完成，检测到 0 个物体
2026-05-21 16:09:01 [INFO] 从分割掩码中提取检测结果
2026-05-21 16:09:02 [INFO] 从掩码中提取了 503 个检测框
2026-05-21 16:09:02 [INFO] 检测到车兜区域，将过滤区域外的目标
2026-05-21 16:09:02 [INFO] 车兜区域过滤: 503 -> 172 个目标
2026-05-21 16:09:03 [INFO] 保存分割和检测结果到: C:\code\show\Scrap_Steel_In_Field\photos\segmentation\segment_20260521_160902.jpg
2026-05-21 16:09:03 [INFO] JSON结果保存到: C:\code\show\Scrap_Steel_In_Field\photos\segmentation_result.json
2026-05-21 16:09:03 [INFO] 类别统计：{0: 1, 1: 26, 2: 18, 3: 1, 4: 6, 5: 22, 6: 18, 7: 14, 8: 15, 9: 17, 10: 11, 11: 0, 12: 8, 13: 11, 14: 0, 15: 4}
2026-05-21 16:09:03 [INFO] 面积统计：{1: np.float64(42.31), 2: np.float64(4.5), 3: np.float64(0.13), 4: np.float64(1.41), 5: np.float64(7.44), 6: np.float64(5.43), 7: np.float64(3.18), 8: np.float64(2.54), 9: np.float64(4.98), 10: np.float64(10.44), 11: np.float64(0.02), 12: np.float64(14.66), 13: np.float64(1.82), 15: np.float64(1.13)}
2026-05-21 16:09:03 [INFO] 分割成功
2026-05-21 16:09:03 [INFO] 引擎上下文已释放
2026-05-21 16:09:03 [INFO] TensorRT 引擎已释放
2026-05-21 16:09:03 [INFO] 全局 CUDA 资源已释放
2026-05-21 16:09:03 [INFO] 分割系统资源已释放
2026-05-21 16:09:06 [INFO] CUDA 初始化成功
2026-05-21 16:09:06 [INFO] 引擎加载成功: scrap_steel.engine
2026-05-21 16:09:06 [INFO] 分割系统初始化成功
2026-05-21 16:09:06 [INFO] 图像预处理完成，原始尺寸: (2160, 3840)
2026-05-21 16:09:06 [INFO] 开始执行分割...
2026-05-21 16:09:06 [DEBUG] 处理后的检测结果形状: (1, 8400, 6)
2026-05-21 16:09:06 [DEBUG] 示例检测结果: [[-4.03685379e+00 -3.29742479e+00  3.89614449e+01  1.56246147e+01
   4.40894681e-08  5.00000000e+00]
 [-6.32830429e+00 -3.01810360e+00  4.43448372e+01  3.00139427e+01
   9.99725103e-09  9.00000000e+00]
 [-3.64497375e+00 -3.58945084e+00  4.57141838e+01  3.06141930e+01
   4.27439062e-09  9.00000000e+00]]
2026-05-21 16:09:06 [DEBUG] 处理后检测输出形状: (0, 52)
2026-05-21 16:09:06 [DEBUG] 有效检测数量: 0
2026-05-21 16:09:06 [DEBUG] 检测输出为空
2026-05-21 16:09:06 [INFO] 掩码中检测到的类别: [0, 1, 2, 3, 4, 5, 6, 7, 8, 9, 10, 11, 12, 13, 15]
2026-05-21 16:09:06 [INFO] 分割完成，检测到 0 个物体
2026-05-21 16:09:06 [INFO] 从分割掩码中提取检测结果
2026-05-21 16:09:07 [INFO] 从掩码中提取了 508 个检测框
2026-05-21 16:09:07 [INFO] 检测到车兜区域，将过滤区域外的目标
2026-05-21 16:09:07 [INFO] 车兜区域过滤: 508 -> 176 个目标
2026-05-21 16:09:07 [INFO] 保存分割和检测结果到: C:\code\show\Scrap_Steel_In_Field\photos\segmentation\segment_20260521_160907.jpg
2026-05-21 16:09:07 [INFO] JSON结果保存到: C:\code\show\Scrap_Steel_In_Field\photos\segmentation_result.json
2026-05-21 16:09:07 [INFO] 类别统计：{0: 1, 1: 30, 2: 17, 3: 1, 4: 7, 5: 22, 6: 14, 7: 14, 8: 19, 9: 13, 10: 12, 11: 1, 12: 7, 13: 13, 14: 0, 15: 5}
2026-05-21 16:09:07 [INFO] 面积统计：{1: np.float64(42.01), 2: np.float64(3.83), 3: np.float64(0.04), 4: np.float64(1.29), 5: np.float64(8.31), 6: np.float64(6.39), 7: np.float64(3.58), 8: np.float64(2.49), 9: np.float64(4.84), 10: np.float64(10.63), 11: np.float64(0.04), 12: np.float64(13.32), 13: np.float64(1.99), 15: np.float64(1.23)}
2026-05-21 16:09:07 [INFO] 分割成功
2026-05-21 16:09:07 [INFO] 引擎上下文已释放
2026-05-21 16:09:07 [INFO] TensorRT 引擎已释放
2026-05-21 16:09:07 [INFO] 全局 CUDA 资源已释放
2026-05-21 16:09:07 [INFO] 分割系统资源已释放
2026-05-21 16:09:11 [INFO] CUDA 初始化成功
2026-05-21 16:09:11 [INFO] 引擎加载成功: scrap_steel.engine
2026-05-21 16:09:11 [INFO] 分割系统初始化成功
2026-05-21 16:09:12 [INFO] 图像预处理完成，原始尺寸: (2160, 3840)
2026-05-21 16:09:12 [INFO] 开始执行分割...
2026-05-21 16:09:12 [DEBUG] 处理后的检测结果形状: (1, 8400, 6)
2026-05-21 16:09:12 [DEBUG] 示例检测结果: [[-4.07005692e+00 -3.30729532e+00  3.89401512e+01  1.56128445e+01
   4.51518680e-08  5.00000000e+00]
 [-6.35794449e+00 -3.04052162e+00  4.42424774e+01  2.99853458e+01
   1.00648450e-08  9.00000000e+00]
 [-3.64183426e+00 -3.62833881e+00  4.56437569e+01  3.05969887e+01
   4.25759872e-09  9.00000000e+00]]
2026-05-21 16:09:12 [DEBUG] 处理后检测输出形状: (0, 52)
2026-05-21 16:09:12 [DEBUG] 有效检测数量: 0
2026-05-21 16:09:12 [DEBUG] 检测输出为空
2026-05-21 16:09:12 [INFO] 掩码中检测到的类别: [0, 1, 2, 3, 4, 5, 6, 7, 8, 9, 10, 11, 12, 13, 15]
2026-05-21 16:09:12 [INFO] 分割完成，检测到 0 个物体
2026-05-21 16:09:12 [INFO] 从分割掩码中提取检测结果
2026-05-21 16:09:12 [INFO] 从掩码中提取了 489 个检测框
2026-05-21 16:09:12 [INFO] 检测到车兜区域，将过滤区域外的目标
2026-05-21 16:09:12 [INFO] 车兜区域过滤: 489 -> 167 个目标
2026-05-21 16:09:12 [INFO] 保存分割和检测结果到: C:\code\show\Scrap_Steel_In_Field\photos\segmentation\segment_20260521_160912.jpg
2026-05-21 16:09:12 [INFO] JSON结果保存到: C:\code\show\Scrap_Steel_In_Field\photos\segmentation_result.json
2026-05-21 16:09:12 [INFO] 类别统计：{0: 1, 1: 26, 2: 14, 3: 2, 4: 7, 5: 19, 6: 15, 7: 14, 8: 16, 9: 16, 10: 9, 11: 1, 12: 9, 13: 13, 14: 0, 15: 5}
2026-05-21 16:09:12 [INFO] 面积统计：{1: np.float64(41.65), 2: np.float64(3.96), 3: np.float64(0.06), 4: np.float64(1.45), 5: np.float64(8.13), 6: np.float64(6.2), 7: np.float64(3.14), 8: np.float64(2.48), 9: np.float64(5.32), 10: np.float64(10.81), 11: np.float64(0.05), 12: np.float64(13.74), 13: np.float64(2.06), 15: np.float64(0.95)}
2026-05-21 16:09:12 [INFO] 分割成功
2026-05-21 16:09:12 [INFO] 引擎上下文已释放
2026-05-21 16:09:12 [INFO] TensorRT 引擎已释放
2026-05-21 16:09:12 [INFO] 全局 CUDA 资源已释放
2026-05-21 16:09:12 [INFO] 分割系统资源已释放
2026-05-21 16:09:17 [INFO] CUDA 初始化成功
2026-05-21 16:09:17 [INFO] 引擎加载成功: scrap_steel.engine
2026-05-21 16:09:17 [INFO] 分割系统初始化成功
2026-05-21 16:09:17 [INFO] 图像预处理完成，原始尺寸: (2160, 3840)
2026-05-21 16:09:17 [INFO] 开始执行分割...
2026-05-21 16:09:17 [DEBUG] 处理后的检测结果形状: (1, 8400, 6)
2026-05-21 16:09:17 [DEBUG] 示例检测结果: [[-4.03599167e+00 -3.28354836e+00  3.87792053e+01  1.54633484e+01
   4.42750263e-08  5.00000000e+00]
 [-6.30022812e+00 -3.01803398e+00  4.42319756e+01  2.99030743e+01
   9.91897764e-09  9.00000000e+00]
 [-3.64149857e+00 -3.57289314e+00  4.56481972e+01  3.05527325e+01
   4.28867608e-09  9.00000000e+00]]
2026-05-21 16:09:17 [DEBUG] 处理后检测输出形状: (0, 52)
2026-05-21 16:09:17 [DEBUG] 有效检测数量: 0
2026-05-21 16:09:17 [DEBUG] 检测输出为空
2026-05-21 16:09:17 [INFO] 掩码中检测到的类别: [0, 1, 2, 3, 4, 5, 6, 7, 8, 9, 10, 11, 12, 13, 15]
2026-05-21 16:09:17 [INFO] 分割完成，检测到 0 个物体
2026-05-21 16:09:17 [INFO] 从分割掩码中提取检测结果
2026-05-21 16:09:17 [INFO] 从掩码中提取了 512 个检测框
2026-05-21 16:09:17 [INFO] 检测到车兜区域，将过滤区域外的目标
2026-05-21 16:09:17 [INFO] 车兜区域过滤: 512 -> 171 个目标
2026-05-21 16:09:18 [INFO] 保存分割和检测结果到: C:\code\show\Scrap_Steel_In_Field\photos\segmentation\segment_20260521_160917.jpg
2026-05-21 16:09:18 [INFO] JSON结果保存到: C:\code\show\Scrap_Steel_In_Field\photos\segmentation_result.json
2026-05-21 16:09:18 [INFO] 类别统计：{0: 1, 1: 28, 2: 16, 3: 1, 4: 7, 5: 21, 6: 12, 7: 16, 8: 16, 9: 14, 10: 9, 11: 3, 12: 9, 13: 13, 14: 0, 15: 5}
2026-05-21 16:09:18 [INFO] 面积统计：{1: np.float64(42.46), 2: np.float64(4.23), 3: np.float64(0.14), 4: np.float64(1.44), 5: np.float64(7.84), 6: np.float64(6.06), 7: np.float64(3.26), 8: np.float64(2.42), 9: np.float64(5.11), 10: np.float64(10.33), 11: np.float64(0.06), 12: np.float64(13.41), 13: np.float64(2.08), 15: np.float64(1.15)}
2026-05-21 16:09:18 [INFO] 分割成功
2026-05-21 16:09:18 [INFO] 引擎上下文已释放
2026-05-21 16:09:18 [INFO] TensorRT 引擎已释放
2026-05-21 16:09:18 [INFO] 全局 CUDA 资源已释放
2026-05-21 16:09:18 [INFO] 分割系统资源已释放
2026-05-21 16:09:22 [INFO] CUDA 初始化成功
2026-05-21 16:09:22 [INFO] 引擎加载成功: scrap_steel.engine
2026-05-21 16:09:22 [INFO] 分割系统初始化成功
2026-05-21 16:09:22 [INFO] 图像预处理完成，原始尺寸: (2160, 3840)
2026-05-21 16:09:22 [INFO] 开始执行分割...
2026-05-21 16:09:22 [DEBUG] 处理后的检测结果形状: (1, 8400, 6)
2026-05-21 16:09:22 [DEBUG] 示例检测结果: [[-4.04010010e+00 -3.28666210e+00  3.88685303e+01  1.55086412e+01
   4.37479777e-08  5.00000000e+00]
 [-6.30356979e+00 -3.02117443e+00  4.43151817e+01  2.99179268e+01
   9.81167148e-09  9.00000000e+00]
 [-3.64756012e+00 -3.57719612e+00  4.56776352e+01  3.05303059e+01
   4.25961844e-09  9.00000000e+00]]
2026-05-21 16:09:22 [DEBUG] 处理后检测输出形状: (0, 52)
2026-05-21 16:09:22 [DEBUG] 有效检测数量: 0
2026-05-21 16:09:22 [DEBUG] 检测输出为空
2026-05-21 16:09:22 [INFO] 掩码中检测到的类别: [0, 1, 2, 3, 4, 5, 6, 7, 8, 9, 10, 11, 12, 13, 15]
2026-05-21 16:09:22 [INFO] 分割完成，检测到 0 个物体
2026-05-21 16:09:22 [INFO] 从分割掩码中提取检测结果
2026-05-21 16:09:22 [INFO] 从掩码中提取了 517 个检测框
2026-05-21 16:09:22 [INFO] 检测到车兜区域，将过滤区域外的目标
2026-05-21 16:09:22 [INFO] 车兜区域过滤: 517 -> 170 个目标
2026-05-21 16:09:23 [INFO] 保存分割和检测结果到: C:\code\show\Scrap_Steel_In_Field\photos\segmentation\segment_20260521_160922.jpg
2026-05-21 16:09:23 [INFO] JSON结果保存到: C:\code\show\Scrap_Steel_In_Field\photos\segmentation_result.json
2026-05-21 16:09:23 [INFO] 类别统计：{0: 1, 1: 30, 2: 13, 3: 1, 4: 7, 5: 22, 6: 15, 7: 15, 8: 16, 9: 13, 10: 10, 11: 1, 12: 8, 13: 13, 14: 0, 15: 5}
2026-05-21 16:09:23 [INFO] 面积统计：{1: np.float64(41.63), 2: np.float64(4.29), 3: np.float64(0.03), 4: np.float64(1.19), 5: np.float64(7.93), 6: np.float64(6.49), 7: np.float64(2.61), 8: np.float64(2.77), 9: np.float64(5.26), 10: np.float64(10.88), 11: np.float64(0.03), 12: np.float64(13.84), 13: np.float64(2.03), 15: np.float64(1.01)}
2026-05-21 16:09:23 [INFO] 分割成功
2026-05-21 16:09:23 [INFO] 引擎上下文已释放
2026-05-21 16:09:23 [INFO] TensorRT 引擎已释放
2026-05-21 16:09:23 [INFO] 全局 CUDA 资源已释放
2026-05-21 16:09:23 [INFO] 分割系统资源已释放
2026-05-21 16:09:27 [INFO] CUDA 初始化成功
2026-05-21 16:09:27 [INFO] 引擎加载成功: scrap_steel.engine
2026-05-21 16:09:27 [INFO] 分割系统初始化成功
2026-05-21 16:09:27 [INFO] 图像预处理完成，原始尺寸: (2160, 3840)
2026-05-21 16:09:27 [INFO] 开始执行分割...
2026-05-21 16:09:27 [DEBUG] 处理后的检测结果形状: (1, 8400, 6)
2026-05-21 16:09:27 [DEBUG] 示例检测结果: [[-4.04034805e+00 -3.29739761e+00  3.89400330e+01  1.55809155e+01
   4.55113920e-08  5.00000000e+00]
 [-6.29510498e+00 -3.02999973e+00  4.42167130e+01  2.99726791e+01
   1.01442694e-08  9.00000000e+00]
 [-3.62910461e+00 -3.58800697e+00  4.56334610e+01  3.05782070e+01
   4.37061765e-09  9.00000000e+00]]
2026-05-21 16:09:27 [DEBUG] 处理后检测输出形状: (0, 52)
2026-05-21 16:09:27 [DEBUG] 有效检测数量: 0
2026-05-21 16:09:27 [DEBUG] 检测输出为空
2026-05-21 16:09:27 [INFO] 掩码中检测到的类别: [0, 1, 2, 3, 4, 5, 6, 7, 8, 9, 10, 11, 12, 13, 15]
2026-05-21 16:09:27 [INFO] 分割完成，检测到 0 个物体
2026-05-21 16:09:27 [INFO] 从分割掩码中提取检测结果
2026-05-21 16:09:27 [INFO] 从掩码中提取了 504 个检测框
2026-05-21 16:09:27 [INFO] 检测到车兜区域，将过滤区域外的目标
2026-05-21 16:09:27 [INFO] 车兜区域过滤: 504 -> 169 个目标
2026-05-21 16:09:28 [INFO] 保存分割和检测结果到: C:\code\show\Scrap_Steel_In_Field\photos\segmentation\segment_20260521_160927.jpg
2026-05-21 16:09:28 [INFO] JSON结果保存到: C:\code\show\Scrap_Steel_In_Field\photos\segmentation_result.json
2026-05-21 16:09:28 [INFO] 类别统计：{0: 1, 1: 28, 2: 14, 3: 2, 4: 6, 5: 26, 6: 12, 7: 13, 8: 16, 9: 16, 10: 9, 11: 2, 12: 7, 13: 12, 14: 0, 15: 5}
2026-05-21 16:09:28 [INFO] 面积统计：{1: np.float64(41.5), 2: np.float64(4.31), 3: np.float64(0.06), 4: np.float64(1.32), 5: np.float64(7.7), 6: np.float64(6.34), 7: np.float64(3.56), 8: np.float64(2.66), 9: np.float64(5.08), 10: np.float64(11.14), 11: np.float64(0.09), 12: np.float64(12.94), 13: np.float64(2.07), 15: np.float64(1.23)}
2026-05-21 16:09:28 [INFO] 分割成功
2026-05-21 16:09:28 [INFO] 引擎上下文已释放
2026-05-21 16:09:28 [INFO] TensorRT 引擎已释放
2026-05-21 16:09:28 [INFO] 全局 CUDA 资源已释放
2026-05-21 16:09:28 [INFO] 分割系统资源已释放
2026-05-21 16:09:32 [INFO] CUDA 初始化成功
2026-05-21 16:09:32 [INFO] 引擎加载成功: scrap_steel.engine
2026-05-21 16:09:32 [INFO] 分割系统初始化成功
2026-05-21 16:09:32 [INFO] 图像预处理完成，原始尺寸: (2160, 3840)
2026-05-21 16:09:32 [INFO] 开始执行分割...
2026-05-21 16:09:32 [DEBUG] 处理后的检测结果形状: (1, 8400, 6)
2026-05-21 16:09:32 [DEBUG] 示例检测结果: [[-4.01155472e+00 -3.26589394e+00  3.87820549e+01  1.54818573e+01
   4.40894681e-08  5.00000000e+00]
 [-6.28588104e+00 -3.02055931e+00  4.42208176e+01  2.98554478e+01
   9.77311032e-09  9.00000000e+00]
 [-3.62302780e+00 -3.57695103e+00  4.56671600e+01  3.05012703e+01
   4.19544399e-09  9.00000000e+00]]
2026-05-21 16:09:32 [DEBUG] 处理后检测输出形状: (0, 52)
2026-05-21 16:09:32 [DEBUG] 有效检测数量: 0
2026-05-21 16:09:32 [DEBUG] 检测输出为空
2026-05-21 16:09:32 [INFO] 掩码中检测到的类别: [0, 1, 2, 3, 4, 5, 6, 7, 8, 9, 10, 11, 12, 13, 15]
2026-05-21 16:09:32 [INFO] 分割完成，检测到 0 个物体
2026-05-21 16:09:32 [INFO] 从分割掩码中提取检测结果
2026-05-21 16:09:33 [INFO] 从掩码中提取了 494 个检测框
2026-05-21 16:09:33 [INFO] 检测到车兜区域，将过滤区域外的目标
2026-05-21 16:09:33 [INFO] 车兜区域过滤: 494 -> 158 个目标
2026-05-21 16:09:33 [INFO] 保存分割和检测结果到: C:\code\show\Scrap_Steel_In_Field\photos\segmentation\segment_20260521_160933.jpg
2026-05-21 16:09:33 [INFO] JSON结果保存到: C:\code\show\Scrap_Steel_In_Field\photos\segmentation_result.json
2026-05-21 16:09:33 [INFO] 类别统计：{0: 1, 1: 25, 2: 11, 3: 0, 4: 6, 5: 23, 6: 13, 7: 12, 8: 16, 9: 14, 10: 12, 11: 1, 12: 8, 13: 11, 14: 0, 15: 5}
2026-05-21 16:09:33 [INFO] 面积统计：{1: np.float64(41.97), 2: np.float64(4.91), 3: np.float64(0.0), 4: np.float64(1.48), 5: np.float64(7.91), 6: np.float64(6.63), 7: np.float64(2.8), 8: np.float64(2.47), 9: np.float64(4.89), 10: np.float64(10.45), 11: np.float64(0.07), 12: np.float64(13.26), 13: np.float64(2.03), 15: np.float64(1.14)}
2026-05-21 16:09:33 [INFO] 分割成功
2026-05-21 16:09:33 [INFO] 引擎上下文已释放
2026-05-21 16:09:33 [INFO] TensorRT 引擎已释放
2026-05-21 16:09:33 [INFO] 全局 CUDA 资源已释放
2026-05-21 16:09:33 [INFO] 分割系统资源已释放
