2026-06-04 17:47:03 [INFO] CUDA 初始化成功
2026-06-04 17:47:03 [INFO] 引擎加载成功: scrap_steel.engine
2026-06-04 17:47:03 [INFO] 分割系统初始化成功
2026-06-04 17:47:06 [INFO] 引擎加载成功: scrap_steel.engine
2026-06-04 17:47:06 [INFO] 分割系统初始化成功
2026-06-04 17:47:06 [INFO] 图像预处理完成，原始尺寸: (2160, 3840)
2026-06-04 17:47:06 [INFO] 开始执行分割...
2026-06-04 17:47:06 [ERROR] 推理过程发生异常: explicit_context_dependent failed: invalid device context - no currently active context?
2026-06-04 17:47:06 [INFO] 分割完成，检测到 0 个物体
2026-06-04 17:47:06 [INFO] 计算出的车框矩形边界: (1026, 621) to (3174, 1518)
2026-06-04 17:47:06 [INFO] 原始检测数: 0, 过滤后检测数: 0
2026-06-04 17:47:06 [ERROR] 保存结果失败: 'NoneType' object has no attribute 'shape'
2026-06-04 17:47:06 [ERROR] 分割失败: 未能生成有效的分割掩码
2026-06-04 17:47:06 [INFO] 引擎上下文已释放
2026-06-04 17:47:06 [INFO] TensorRT 引擎已释放
2026-06-04 17:47:06 [INFO] 全局 CUDA 资源已释放
2026-06-04 17:47:06 [INFO] 分割系统资源已释放
2026-06-04 17:47:11 [INFO] CUDA 初始化成功
2026-06-04 17:47:12 [INFO] 引擎加载成功: scrap_steel.engine
2026-06-04 17:47:12 [INFO] 分割系统初始化成功
2026-06-04 17:47:12 [INFO] 图像预处理完成，原始尺寸: (2160, 3840)
2026-06-04 17:47:12 [INFO] 开始执行分割...
2026-06-04 17:47:12 [DEBUG] 处理后的检测结果形状: (1, 8400, 6)
2026-06-04 17:47:12 [DEBUG] 示例检测结果: [[-4.13110352e+00 -3.26541615e+00  3.94196320e+01  1.54924726e+01
   4.35851888e-08  5.00000000e+00]
 [-6.55817795e+00 -3.04046631e+00  4.45314255e+01  2.98427010e+01
   1.03849942e-08  9.00000000e+00]
 [-3.58964539e+00 -3.51178741e+00  4.59119186e+01  3.04480057e+01
   4.78746376e-09  9.00000000e+00]]
2026-06-04 17:47:12 [DEBUG] 处理后检测输出形状: (0, 52)
2026-06-04 17:47:12 [DEBUG] 有效检测数量: 0
2026-06-04 17:47:12 [DEBUG] 检测输出为空
2026-06-04 17:47:12 [INFO] 掩码中检测到的类别: [0, 1, 2, 3, 4, 5, 6, 7, 8, 9, 10, 11, 12, 13, 14, 15]
2026-06-04 17:47:12 [INFO] 分割完成，检测到 0 个物体
2026-06-04 17:47:12 [INFO] 从分割掩码中提取检测结果
2026-06-04 17:47:12 [INFO] 从掩码中提取了 444 个检测框
2026-06-04 17:47:12 [INFO] 计算出的车框矩形边界: (1026, 619) to (3173, 1518)
2026-06-04 17:47:12 [INFO] 原始检测数: 444, 过滤后检测数: 208
2026-06-04 17:47:12 [INFO] 保存分割和检测结果到: C:\code\show\Scrap_Steel_In_Field\photos\segmentation\segment_20260604_174712.jpg
2026-06-04 17:47:12 [INFO] JSON结果保存到: C:\code\show\Scrap_Steel_In_Field\photos\segmentation_result.json
2026-06-04 17:47:12 [INFO] 类别统计：{0: 14, 1: 42, 2: 23, 3: 6, 4: 26, 5: 29, 6: 19, 7: 25, 8: 55, 9: 53, 10: 25, 11: 17, 12: 23, 13: 68, 14: 0, 15: 19}
2026-06-04 17:47:12 [INFO] 面积统计：{0: 3967848.0, 1: 559656.0, 2: 38376.0, 3: 137736.0, 4: 146016.0, 5: 59904.0, 6: 537012.0, 7: 29340.0, 8: 910116.0, 9: 183060.0, 10: 191232.0, 11: 327888.0, 12: 90468.0, 13: 752112.0, 14: 36.0, 15: 41724.0}
2026-06-04 17:47:12 [INFO] 分割成功
2026-06-04 17:47:12 [INFO] 引擎上下文已释放
2026-06-04 17:47:12 [INFO] TensorRT 引擎已释放
2026-06-04 17:47:12 [INFO] 全局 CUDA 资源已释放
2026-06-04 17:47:12 [INFO] 分割系统资源已释放
2026-06-04 17:47:19 [INFO] CUDA 初始化成功
2026-06-04 17:47:19 [INFO] 引擎加载成功: scrap_steel.engine
2026-06-04 17:47:19 [INFO] 分割系统初始化成功
2026-06-04 17:47:19 [INFO] 图像预处理完成，原始尺寸: (2160, 3840)
2026-06-04 17:47:19 [INFO] 开始执行分割...
2026-06-04 17:47:19 [DEBUG] 处理后的检测结果形状: (1, 8400, 6)
2026-06-04 17:47:19 [DEBUG] 示例检测结果: [[-4.13338470e+00 -3.27661276e+00  3.94155579e+01  1.54938374e+01
   4.34148184e-08  5.00000000e+00]
 [-6.48442078e+00 -3.03103733e+00  4.45174370e+01  2.97870216e+01
   1.02638964e-08  9.00000000e+00]
 [-3.55092621e+00 -3.49796772e+00  4.59226379e+01  3.04462357e+01
   4.73202810e-09  9.00000000e+00]]
2026-06-04 17:47:19 [DEBUG] 处理后检测输出形状: (0, 52)
2026-06-04 17:47:19 [DEBUG] 有效检测数量: 0
2026-06-04 17:47:19 [DEBUG] 检测输出为空
2026-06-04 17:47:19 [INFO] 掩码中检测到的类别: [0, 1, 2, 3, 4, 5, 6, 7, 8, 9, 10, 11, 12, 13, 14, 15]
2026-06-04 17:47:19 [INFO] 分割完成，检测到 0 个物体
2026-06-04 17:47:19 [INFO] 从分割掩码中提取检测结果
2026-06-04 17:47:19 [INFO] 从掩码中提取了 427 个检测框
2026-06-04 17:47:19 [INFO] 计算出的车框矩形边界: (1026, 618) to (3174, 1518)
2026-06-04 17:47:19 [INFO] 原始检测数: 427, 过滤后检测数: 194
2026-06-04 17:47:20 [INFO] 保存分割和检测结果到: C:\code\show\Scrap_Steel_In_Field\photos\segmentation\segment_20260604_174719.jpg
2026-06-04 17:47:20 [INFO] JSON结果保存到: C:\code\show\Scrap_Steel_In_Field\photos\segmentation_result.json
2026-06-04 17:47:20 [INFO] 类别统计：{0: 12, 1: 48, 2: 21, 3: 2, 4: 23, 5: 33, 6: 14, 7: 20, 8: 48, 9: 51, 10: 27, 11: 19, 12: 18, 13: 69, 14: 0, 15: 22}
2026-06-04 17:47:20 [INFO] 面积统计：{0: 3854052.0, 1: 571716.0, 2: 41328.0, 3: 140040.0, 4: 160668.0, 5: 58752.0, 6: 560700.0, 7: 26172.0, 8: 905724.0, 9: 182448.0, 10: 185868.0, 11: 319464.0, 12: 90792.0, 13: 769284.0, 14: 36.0, 15: 41076.0}
2026-06-04 17:47:20 [INFO] 分割成功
2026-06-04 17:47:20 [INFO] 引擎上下文已释放
2026-06-04 17:47:20 [INFO] TensorRT 引擎已释放
2026-06-04 17:47:20 [INFO] 全局 CUDA 资源已释放
2026-06-04 17:47:20 [INFO] 分割系统资源已释放
2026-06-04 17:47:24 [INFO] CUDA 初始化成功
2026-06-04 17:47:24 [INFO] 引擎加载成功: scrap_steel.engine
2026-06-04 17:47:24 [INFO] 分割系统初始化成功
2026-06-04 17:47:24 [INFO] 图像预处理完成，原始尺寸: (2160, 3840)
2026-06-04 17:47:24 [INFO] 开始执行分割...
2026-06-04 17:47:24 [DEBUG] 处理后的检测结果形状: (1, 8400, 6)
2026-06-04 17:47:24 [DEBUG] 示例检测结果: [[-4.16003036e+00 -3.30871725e+00  3.95747871e+01  1.56130657e+01
   4.41019594e-08  5.00000000e+00]
 [-6.52761459e+00 -3.02760410e+00  4.45778275e+01  2.99032898e+01
   1.05355014e-08  9.00000000e+00]
 [-3.56280136e+00 -3.51050949e+00  4.59737358e+01  3.05668907e+01
   4.80245177e-09  9.00000000e+00]]
2026-06-04 17:47:24 [DEBUG] 处理后检测输出形状: (0, 52)
2026-06-04 17:47:24 [DEBUG] 有效检测数量: 0
2026-06-04 17:47:24 [DEBUG] 检测输出为空
2026-06-04 17:47:24 [INFO] 掩码中检测到的类别: [0, 1, 2, 3, 4, 5, 6, 7, 8, 9, 10, 11, 12, 13, 14, 15]
2026-06-04 17:47:24 [INFO] 分割完成，检测到 0 个物体
2026-06-04 17:47:24 [INFO] 从分割掩码中提取检测结果
2026-06-04 17:47:24 [INFO] 从掩码中提取了 426 个检测框
2026-06-04 17:47:24 [INFO] 计算出的车框矩形边界: (1026, 621) to (3173, 1518)
2026-06-04 17:47:24 [INFO] 原始检测数: 426, 过滤后检测数: 200
2026-06-04 17:47:25 [INFO] 保存分割和检测结果到: C:\code\show\Scrap_Steel_In_Field\photos\segmentation\segment_20260604_174724.jpg
2026-06-04 17:47:25 [INFO] JSON结果保存到: C:\code\show\Scrap_Steel_In_Field\photos\segmentation_result.json
2026-06-04 17:47:25 [INFO] 类别统计：{0: 13, 1: 35, 2: 24, 3: 2, 4: 25, 5: 27, 6: 16, 7: 27, 8: 50, 9: 56, 10: 26, 11: 14, 12: 18, 13: 74, 14: 0, 15: 19}
2026-06-04 17:47:25 [INFO] 面积统计：{0: 3855816.0, 1: 603504.0, 2: 41472.0, 3: 134316.0, 4: 150372.0, 5: 60012.0, 6: 552276.0, 7: 23328.0, 8: 898200.0, 9: 186552.0, 10: 191448.0, 11: 334944.0, 12: 90828.0, 13: 810252.0, 14: 36.0, 15: 36540.0}
2026-06-04 17:47:25 [INFO] 分割成功
2026-06-04 17:47:25 [INFO] 引擎上下文已释放
2026-06-04 17:47:25 [INFO] TensorRT 引擎已释放
2026-06-04 17:47:25 [INFO] 全局 CUDA 资源已释放
2026-06-04 17:47:25 [INFO] 分割系统资源已释放
2026-06-04 17:47:29 [INFO] CUDA 初始化成功
2026-06-04 17:47:29 [INFO] 引擎加载成功: scrap_steel.engine
2026-06-04 17:47:29 [INFO] 分割系统初始化成功
2026-06-04 17:47:29 [INFO] 图像预处理完成，原始尺寸: (2160, 3840)
2026-06-04 17:47:29 [INFO] 开始执行分割...
2026-06-04 17:47:29 [DEBUG] 处理后的检测结果形状: (1, 8400, 6)
2026-06-04 17:47:29 [DEBUG] 示例检测结果: [[-4.14622116e+00 -3.28964615e+00  3.94963989e+01  1.55226631e+01
   4.34102212e-08  5.00000000e+00]
 [-6.53359985e+00 -3.01712704e+00  4.46153488e+01  2.97552032e+01
   1.04942188e-08  9.00000000e+00]
 [-3.57769775e+00 -3.49980545e+00  4.59575882e+01  3.04310722e+01
   4.81504614e-09  9.00000000e+00]]
2026-06-04 17:47:29 [DEBUG] 处理后检测输出形状: (0, 52)
2026-06-04 17:47:29 [DEBUG] 有效检测数量: 0
2026-06-04 17:47:29 [DEBUG] 检测输出为空
2026-06-04 17:47:29 [INFO] 掩码中检测到的类别: [0, 1, 2, 3, 4, 5, 6, 7, 8, 9, 10, 11, 12, 13, 14, 15]
2026-06-04 17:47:29 [INFO] 分割完成，检测到 0 个物体
2026-06-04 17:47:29 [INFO] 从分割掩码中提取检测结果
2026-06-04 17:47:29 [INFO] 从掩码中提取了 423 个检测框
2026-06-04 17:47:29 [INFO] 计算出的车框矩形边界: (1024, 620) to (3174, 1518)
2026-06-04 17:47:29 [INFO] 原始检测数: 423, 过滤后检测数: 202
2026-06-04 17:47:30 [INFO] 保存分割和检测结果到: C:\code\show\Scrap_Steel_In_Field\photos\segmentation\segment_20260604_174729.jpg
2026-06-04 17:47:30 [INFO] JSON结果保存到: C:\code\show\Scrap_Steel_In_Field\photos\segmentation_result.json
2026-06-04 17:47:30 [INFO] 类别统计：{0: 12, 1: 41, 2: 23, 3: 2, 4: 26, 5: 34, 6: 17, 7: 16, 8: 47, 9: 45, 10: 29, 11: 19, 12: 22, 13: 71, 14: 0, 15: 19}
2026-06-04 17:47:30 [INFO] 面积统计：{0: 3962484.0, 1: 603612.0, 2: 35928.0, 3: 140724.0, 4: 154548.0, 5: 59076.0, 6: 522720.0, 7: 31392.0, 8: 906012.0, 9: 177876.0, 10: 195264.0, 11: 334872.0, 12: 85140.0, 13: 766764.0, 14: 36.0, 15: 37008.0}
2026-06-04 17:47:30 [INFO] 分割成功
2026-06-04 17:47:30 [INFO] 引擎上下文已释放
2026-06-04 17:47:30 [INFO] TensorRT 引擎已释放
2026-06-04 17:47:30 [INFO] 全局 CUDA 资源已释放
2026-06-04 17:47:30 [INFO] 分割系统资源已释放
2026-06-04 17:47:34 [INFO] CUDA 初始化成功
2026-06-04 17:47:34 [INFO] 引擎加载成功: scrap_steel.engine
2026-06-04 17:47:34 [INFO] 分割系统初始化成功
2026-06-04 17:47:34 [INFO] 图像预处理完成，原始尺寸: (2160, 3840)
2026-06-04 17:47:34 [INFO] 开始执行分割...
2026-06-04 17:47:34 [DEBUG] 处理后的检测结果形状: (1, 8400, 6)
2026-06-04 17:47:34 [DEBUG] 示例检测结果: [[-4.14790344e+00 -3.31850147e+00  3.94613800e+01  1.56973944e+01
   4.51518680e-08  5.00000000e+00]
 [-6.52625656e+00 -3.06305218e+00  4.45522575e+01  2.98891029e+01
   1.05355014e-08  9.00000000e+00]
 [-3.58872986e+00 -3.53791332e+00  4.58883896e+01  3.04703255e+01
   4.73202810e-09  9.00000000e+00]]
2026-06-04 17:47:34 [DEBUG] 处理后检测输出形状: (0, 52)
2026-06-04 17:47:34 [DEBUG] 有效检测数量: 0
2026-06-04 17:47:34 [DEBUG] 检测输出为空
2026-06-04 17:47:34 [INFO] 掩码中检测到的类别: [0, 1, 2, 3, 4, 5, 6, 7, 8, 9, 10, 11, 12, 13, 14, 15]
2026-06-04 17:47:34 [INFO] 分割完成，检测到 0 个物体
2026-06-04 17:47:34 [INFO] 从分割掩码中提取检测结果
2026-06-04 17:47:34 [INFO] 从掩码中提取了 443 个检测框
2026-06-04 17:47:34 [INFO] 计算出的车框矩形边界: (1024, 620) to (3173, 1518)
2026-06-04 17:47:34 [INFO] 原始检测数: 443, 过滤后检测数: 212
2026-06-04 17:47:35 [INFO] 保存分割和检测结果到: C:\code\show\Scrap_Steel_In_Field\photos\segmentation\segment_20260604_174734.jpg
2026-06-04 17:47:35 [INFO] JSON结果保存到: C:\code\show\Scrap_Steel_In_Field\photos\segmentation_result.json
2026-06-04 17:47:35 [INFO] 类别统计：{0: 16, 1: 46, 2: 20, 3: 2, 4: 29, 5: 32, 6: 19, 7: 22, 8: 57, 9: 52, 10: 27, 11: 19, 12: 22, 13: 61, 14: 0, 15: 19}
2026-06-04 17:47:35 [INFO] 面积统计：{0: 3823452.0, 1: 601668.0, 2: 45144.0, 3: 139248.0, 4: 162216.0, 5: 58176.0, 6: 518544.0, 7: 33012.0, 8: 909432.0, 9: 200700.0, 10: 192240.0, 11: 333972.0, 12: 92232.0, 13: 767016.0, 14: 36.0, 15: 45072.0}
2026-06-04 17:47:35 [INFO] 分割成功
2026-06-04 17:47:35 [INFO] 引擎上下文已释放
2026-06-04 17:47:35 [INFO] TensorRT 引擎已释放
2026-06-04 17:47:35 [INFO] 全局 CUDA 资源已释放
2026-06-04 17:47:35 [INFO] 分割系统资源已释放
2026-06-04 17:47:39 [INFO] CUDA 初始化成功
2026-06-04 17:47:39 [INFO] 引擎加载成功: scrap_steel.engine
2026-06-04 17:47:39 [INFO] 分割系统初始化成功
2026-06-04 17:47:39 [INFO] 图像预处理完成，原始尺寸: (2160, 3840)
2026-06-04 17:47:39 [INFO] 开始执行分割...
2026-06-04 17:47:39 [DEBUG] 处理后的检测结果形状: (1, 8400, 6)
2026-06-04 17:47:39 [DEBUG] 示例检测结果: [[-4.08441544e+00 -3.25051212e+00  3.93254738e+01  1.53456831e+01
   4.44462103e-08  5.00000000e+00]
 [-6.44536591e+00 -2.97891426e+00  4.45544319e+01  2.96206036e+01
   1.05355014e-08  9.00000000e+00]
 [-3.57532501e+00 -3.48216820e+00  4.58807144e+01  3.03373470e+01
   4.83384888e-09  9.00000000e+00]]
2026-06-04 17:47:39 [DEBUG] 处理后检测输出形状: (0, 52)
2026-06-04 17:47:39 [DEBUG] 有效检测数量: 0
2026-06-04 17:47:39 [DEBUG] 检测输出为空
2026-06-04 17:47:39 [INFO] 掩码中检测到的类别: [0, 1, 2, 3, 4, 5, 6, 7, 8, 9, 10, 11, 12, 13, 14, 15]
2026-06-04 17:47:39 [INFO] 分割完成，检测到 0 个物体
2026-06-04 17:47:39 [INFO] 从分割掩码中提取检测结果
2026-06-04 17:47:39 [INFO] 从掩码中提取了 436 个检测框
2026-06-04 17:47:39 [INFO] 计算出的车框矩形边界: (1024, 620) to (3174, 1518)
2026-06-04 17:47:39 [INFO] 原始检测数: 436, 过滤后检测数: 200
2026-06-04 17:47:40 [INFO] 保存分割和检测结果到: C:\code\show\Scrap_Steel_In_Field\photos\segmentation\segment_20260604_174739.jpg
2026-06-04 17:47:40 [INFO] JSON结果保存到: C:\code\show\Scrap_Steel_In_Field\photos\segmentation_result.json
2026-06-04 17:47:40 [INFO] 类别统计：{0: 13, 1: 41, 2: 22, 3: 3, 4: 26, 5: 27, 6: 20, 7: 18, 8: 44, 9: 53, 10: 27, 11: 19, 12: 22, 13: 79, 14: 0, 15: 22}
2026-06-04 17:47:40 [INFO] 面积统计：{0: 3922596.0, 1: 628272.0, 2: 37836.0, 3: 138636.0, 4: 160416.0, 5: 60552.0, 6: 533916.0, 7: 26496.0, 8: 892908.0, 9: 195768.0, 10: 192420.0, 11: 330768.0, 12: 83700.0, 13: 705960.0, 14: 36.0, 15: 42408.0}
2026-06-04 17:47:40 [INFO] 分割成功
2026-06-04 17:47:40 [INFO] 引擎上下文已释放
2026-06-04 17:47:40 [INFO] TensorRT 引擎已释放
2026-06-04 17:47:40 [INFO] 全局 CUDA 资源已释放
2026-06-04 17:47:40 [INFO] 分割系统资源已释放
2026-06-04 17:47:44 [INFO] CUDA 初始化成功
2026-06-04 17:47:44 [INFO] 引擎加载成功: scrap_steel.engine
2026-06-04 17:47:44 [INFO] 分割系统初始化成功
2026-06-04 17:47:44 [INFO] 图像预处理完成，原始尺寸: (2160, 3840)
2026-06-04 17:47:44 [INFO] 开始执行分割...
2026-06-04 17:47:44 [DEBUG] 处理后的检测结果形状: (1, 8400, 6)
2026-06-04 17:47:44 [DEBUG] 示例检测结果: [[-4.12633896e+00 -3.27776337e+00  3.94174309e+01  1.54159107e+01
   4.34102212e-08  5.00000000e+00]
 [-6.43833160e+00 -3.02959347e+00  4.44487534e+01  2.97702789e+01
   1.02977786e-08  9.00000000e+00]
 [-3.52799225e+00 -3.51490402e+00  4.58572845e+01  3.04900093e+01
   4.72776396e-09  9.00000000e+00]]
2026-06-04 17:47:44 [DEBUG] 处理后检测输出形状: (0, 52)
2026-06-04 17:47:44 [DEBUG] 有效检测数量: 0
2026-06-04 17:47:44 [DEBUG] 检测输出为空
2026-06-04 17:47:44 [INFO] 掩码中检测到的类别: [0, 1, 2, 3, 4, 5, 6, 7, 8, 9, 10, 11, 12, 13, 14, 15]
2026-06-04 17:47:44 [INFO] 分割完成，检测到 0 个物体
2026-06-04 17:47:44 [INFO] 从分割掩码中提取检测结果
2026-06-04 17:47:44 [INFO] 从掩码中提取了 423 个检测框
2026-06-04 17:47:45 [INFO] 计算出的车框矩形边界: (1026, 621) to (3174, 1518)
2026-06-04 17:47:45 [INFO] 原始检测数: 423, 过滤后检测数: 201
2026-06-04 17:47:45 [INFO] 保存分割和检测结果到: C:\code\show\Scrap_Steel_In_Field\photos\segmentation\segment_20260604_174744.jpg
2026-06-04 17:47:45 [INFO] JSON结果保存到: C:\code\show\Scrap_Steel_In_Field\photos\segmentation_result.json
2026-06-04 17:47:45 [INFO] 类别统计：{0: 13, 1: 48, 2: 21, 3: 4, 4: 26, 5: 26, 6: 20, 7: 23, 8: 54, 9: 45, 10: 22, 11: 18, 12: 19, 13: 65, 14: 0, 15: 19}
2026-06-04 17:47:45 [INFO] 面积统计：{0: 3862656.0, 1: 594540.0, 2: 34812.0, 3: 142308.0, 4: 164808.0, 5: 63396.0, 6: 539820.0, 7: 27792.0, 8: 901260.0, 9: 182736.0, 10: 188064.0, 11: 327888.0, 12: 88344.0, 13: 791388.0, 14: 36.0, 15: 41220.0}
2026-06-04 17:47:45 [INFO] 分割成功
2026-06-04 17:47:45 [INFO] 引擎上下文已释放
2026-06-04 17:47:45 [INFO] TensorRT 引擎已释放
2026-06-04 17:47:45 [INFO] 全局 CUDA 资源已释放
2026-06-04 17:47:45 [INFO] 分割系统资源已释放
2026-06-04 17:47:49 [INFO] CUDA 初始化成功
2026-06-04 17:47:49 [INFO] 引擎加载成功: scrap_steel.engine
2026-06-04 17:47:49 [INFO] 分割系统初始化成功
2026-06-04 17:47:49 [INFO] 图像预处理完成，原始尺寸: (2160, 3840)
2026-06-04 17:47:49 [INFO] 开始执行分割...
2026-06-04 17:47:49 [DEBUG] 处理后的检测结果形状: (1, 8400, 6)
2026-06-04 17:47:49 [DEBUG] 示例检测结果: [[-4.15762711e+00 -3.31015301e+00  3.95305748e+01  1.56647940e+01
   4.44559412e-08  5.00000000e+00]
 [-6.49414062e+00 -3.04935551e+00  4.45662613e+01  2.99763031e+01
   1.04534337e-08  9.00000000e+00]
 [-3.54937744e+00 -3.49674416e+00  4.58853378e+01  3.05261288e+01
   4.81504614e-09  9.00000000e+00]]
2026-06-04 17:47:49 [DEBUG] 处理后检测输出形状: (0, 52)
2026-06-04 17:47:49 [DEBUG] 有效检测数量: 0
2026-06-04 17:47:49 [DEBUG] 检测输出为空
2026-06-04 17:47:49 [INFO] 掩码中检测到的类别: [0, 1, 2, 3, 4, 5, 6, 7, 8, 9, 10, 11, 12, 13, 14, 15]
2026-06-04 17:47:49 [INFO] 分割完成，检测到 0 个物体
2026-06-04 17:47:49 [INFO] 从分割掩码中提取检测结果
2026-06-04 17:47:50 [INFO] 从掩码中提取了 442 个检测框
2026-06-04 17:47:50 [INFO] 计算出的车框矩形边界: (1025, 620) to (3174, 1518)
2026-06-04 17:47:50 [INFO] 原始检测数: 442, 过滤后检测数: 208
2026-06-04 17:47:50 [INFO] 保存分割和检测结果到: C:\code\show\Scrap_Steel_In_Field\photos\segmentation\segment_20260604_174750.jpg
2026-06-04 17:47:50 [INFO] JSON结果保存到: C:\code\show\Scrap_Steel_In_Field\photos\segmentation_result.json
2026-06-04 17:47:50 [INFO] 类别统计：{0: 10, 1: 46, 2: 20, 3: 6, 4: 28, 5: 30, 6: 16, 7: 24, 8: 50, 9: 49, 10: 27, 11: 18, 12: 18, 13: 77, 14: 0, 15: 23}
2026-06-04 17:47:50 [INFO] 面积统计：{0: 3787560.0, 1: 610200.0, 2: 33768.0, 3: 138096.0, 4: 158436.0, 5: 60876.0, 6: 522432.0, 7: 28188.0, 8: 880488.0, 9: 177480.0, 10: 194508.0, 11: 332676.0, 12: 85968.0, 13: 818964.0, 14: 72.0, 15: 33984.0}
2026-06-04 17:47:50 [INFO] 分割成功
2026-06-04 17:47:50 [INFO] 引擎上下文已释放
2026-06-04 17:47:50 [INFO] TensorRT 引擎已释放
2026-06-04 17:47:50 [INFO] 全局 CUDA 资源已释放
2026-06-04 17:47:50 [INFO] 分割系统资源已释放
2026-06-04 17:47:54 [INFO] CUDA 初始化成功
2026-06-04 17:47:54 [INFO] 引擎加载成功: scrap_steel.engine
2026-06-04 17:47:54 [INFO] 分割系统初始化成功
2026-06-04 17:47:54 [INFO] 图像预处理完成，原始尺寸: (2160, 3840)
2026-06-04 17:47:54 [INFO] 开始执行分割...
2026-06-04 17:47:54 [DEBUG] 处理后的检测结果形状: (1, 8400, 6)
2026-06-04 17:47:54 [DEBUG] 示例检测结果: [[-4.16096497e+00 -3.27789497e+00  3.94515457e+01  1.55015049e+01
   4.37479777e-08  5.00000000e+00]
 [-6.50836563e+00 -3.04164028e+00  4.45327911e+01  2.98718109e+01
   1.02236939e-08  9.00000000e+00]
 [-3.54961014e+00 -3.51049995e+00  4.59054413e+01  3.04882755e+01
   4.72776396e-09  9.00000000e+00]]
2026-06-04 17:47:54 [DEBUG] 处理后检测输出形状: (0, 52)
2026-06-04 17:47:54 [DEBUG] 有效检测数量: 0
2026-06-04 17:47:54 [DEBUG] 检测输出为空
2026-06-04 17:47:54 [INFO] 掩码中检测到的类别: [0, 1, 2, 3, 4, 5, 6, 7, 8, 9, 10, 11, 12, 13, 14, 15]
2026-06-04 17:47:54 [INFO] 分割完成，检测到 0 个物体
2026-06-04 17:47:54 [INFO] 从分割掩码中提取检测结果
2026-06-04 17:47:55 [INFO] 从掩码中提取了 425 个检测框
2026-06-04 17:47:55 [INFO] 计算出的车框矩形边界: (1025, 620) to (3174, 1518)
2026-06-04 17:47:55 [INFO] 原始检测数: 425, 过滤后检测数: 201
2026-06-04 17:47:55 [INFO] 保存分割和检测结果到: C:\code\show\Scrap_Steel_In_Field\photos\segmentation\segment_20260604_174755.jpg
2026-06-04 17:47:55 [INFO] JSON结果保存到: C:\code\show\Scrap_Steel_In_Field\photos\segmentation_result.json
2026-06-04 17:47:55 [INFO] 类别统计：{0: 15, 1: 47, 2: 22, 3: 5, 4: 25, 5: 26, 6: 18, 7: 23, 8: 42, 9: 45, 10: 29, 11: 20, 12: 20, 13: 65, 14: 0, 15: 23}
2026-06-04 17:47:55 [INFO] 面积统计：{0: 3916368.0, 1: 605844.0, 2: 37944.0, 3: 136296.0, 4: 165636.0, 5: 60084.0, 6: 535320.0, 7: 29196.0, 8: 901800.0, 9: 197064.0, 10: 184104.0, 11: 326052.0, 12: 84420.0, 13: 776556.0, 14: 36.0, 15: 34848.0}
2026-06-04 17:47:55 [INFO] 分割成功
2026-06-04 17:47:55 [INFO] 引擎上下文已释放
2026-06-04 17:47:55 [INFO] TensorRT 引擎已释放
2026-06-04 17:47:55 [INFO] 全局 CUDA 资源已释放
2026-06-04 17:47:55 [INFO] 分割系统资源已释放
2026-06-04 17:47:59 [INFO] CUDA 初始化成功
2026-06-04 17:47:59 [INFO] 引擎加载成功: scrap_steel.engine
2026-06-04 17:47:59 [INFO] 分割系统初始化成功
2026-06-04 17:47:59 [INFO] 图像预处理完成，原始尺寸: (2160, 3840)
2026-06-04 17:47:59 [INFO] 开始执行分割...
2026-06-04 17:48:00 [DEBUG] 处理后的检测结果形状: (1, 8400, 6)
2026-06-04 17:48:00 [DEBUG] 示例检测结果: [[-4.11552048e+00 -3.27449989e+00  3.94540977e+01  1.54371796e+01
   4.37479777e-08  5.00000000e+00]
 [-6.46780396e+00 -3.01528358e+00  4.45284653e+01  2.97443295e+01
   1.02693427e-08  9.00000000e+00]
 [-3.55180740e+00 -3.49920845e+00  4.59161339e+01  3.04375057e+01
   4.76898521e-09  9.00000000e+00]]
2026-06-04 17:48:00 [DEBUG] 处理后检测输出形状: (0, 52)
2026-06-04 17:48:00 [DEBUG] 有效检测数量: 0
2026-06-04 17:48:00 [DEBUG] 检测输出为空
2026-06-04 17:48:00 [INFO] 掩码中检测到的类别: [0, 1, 2, 3, 4, 5, 6, 7, 8, 9, 10, 11, 12, 13, 14, 15]
2026-06-04 17:48:00 [INFO] 分割完成，检测到 0 个物体
2026-06-04 17:48:00 [INFO] 从分割掩码中提取检测结果
2026-06-04 17:48:00 [INFO] 从掩码中提取了 431 个检测框
2026-06-04 17:48:00 [INFO] 计算出的车框矩形边界: (1026, 619) to (3173, 1518)
2026-06-04 17:48:00 [INFO] 原始检测数: 431, 过滤后检测数: 203
2026-06-04 17:48:00 [INFO] 保存分割和检测结果到: C:\code\show\Scrap_Steel_In_Field\photos\segmentation\segment_20260604_174800.jpg
2026-06-04 17:48:00 [INFO] JSON结果保存到: C:\code\show\Scrap_Steel_In_Field\photos\segmentation_result.json
2026-06-04 17:48:00 [INFO] 类别统计：{0: 10, 1: 49, 2: 22, 3: 5, 4: 28, 5: 27, 6: 22, 7: 23, 8: 48, 9: 48, 10: 26, 11: 21, 12: 17, 13: 65, 14: 0, 15: 20}
2026-06-04 17:48:00 [INFO] 面积统计：{0: 3803184.0, 1: 586692.0, 2: 41364.0, 3: 135828.0, 4: 152676.0, 5: 61920.0, 6: 527724.0, 7: 31140.0, 8: 912852.0, 9: 189972.0, 10: 208836.0, 11: 329616.0, 12: 84528.0, 13: 780984.0, 14: 36.0, 15: 37728.0}
2026-06-04 17:48:00 [INFO] 分割成功
2026-06-04 17:48:00 [INFO] 引擎上下文已释放
2026-06-04 17:48:00 [INFO] TensorRT 引擎已释放
2026-06-04 17:48:01 [INFO] 全局 CUDA 资源已释放
2026-06-04 17:48:01 [INFO] 分割系统资源已释放
2026-06-04 17:48:05 [INFO] CUDA 初始化成功
2026-06-04 17:48:05 [INFO] 引擎加载成功: scrap_steel.engine
2026-06-04 17:48:05 [INFO] 分割系统初始化成功
2026-06-04 17:48:05 [INFO] 图像预处理完成，原始尺寸: (2160, 3840)
2026-06-04 17:48:05 [INFO] 开始执行分割...
2026-06-04 17:48:05 [DEBUG] 处理后的检测结果形状: (1, 8400, 6)
2026-06-04 17:48:05 [DEBUG] 示例检测结果: [[-4.11655426e+00 -3.28536224e+00  3.93049965e+01  1.55407085e+01
   4.42611459e-08  5.00000000e+00]
 [-6.52584076e+00 -3.02419186e+00  4.44784241e+01  2.98726044e+01
   1.02977786e-08  9.00000000e+00]
 [-3.57675934e+00 -3.51972008e+00  4.59035339e+01  3.05126133e+01
   4.72776396e-09  9.00000000e+00]]
2026-06-04 17:48:05 [DEBUG] 处理后检测输出形状: (0, 52)
2026-06-04 17:48:05 [DEBUG] 有效检测数量: 0
2026-06-04 17:48:05 [DEBUG] 检测输出为空
2026-06-04 17:48:05 [INFO] 掩码中检测到的类别: [0, 1, 2, 3, 4, 5, 6, 7, 8, 9, 10, 11, 12, 13, 14, 15]
2026-06-04 17:48:05 [INFO] 分割完成，检测到 0 个物体
2026-06-04 17:48:05 [INFO] 从分割掩码中提取检测结果
2026-06-04 17:48:05 [INFO] 从掩码中提取了 428 个检测框
2026-06-04 17:48:05 [INFO] 计算出的车框矩形边界: (1024, 621) to (3174, 1518)
2026-06-04 17:48:05 [INFO] 原始检测数: 428, 过滤后检测数: 195
2026-06-04 17:48:06 [INFO] 保存分割和检测结果到: C:\code\show\Scrap_Steel_In_Field\photos\segmentation\segment_20260604_174805.jpg
2026-06-04 17:48:06 [INFO] JSON结果保存到: C:\code\show\Scrap_Steel_In_Field\photos\segmentation_result.json
2026-06-04 17:48:06 [INFO] 类别统计：{0: 11, 1: 42, 2: 22, 3: 4, 4: 27, 5: 28, 6: 18, 7: 21, 8: 51, 9: 47, 10: 22, 11: 22, 12: 20, 13: 71, 14: 0, 15: 22}
2026-06-04 17:48:06 [INFO] 面积统计：{0: 3932964.0, 1: 585900.0, 2: 37800.0, 3: 134460.0, 4: 157248.0, 5: 63324.0, 6: 539424.0, 7: 32580.0, 8: 905868.0, 9: 190512.0, 10: 195624.0, 11: 339228.0, 12: 85500.0, 13: 736920.0, 14: 36.0, 15: 46152.0}
2026-06-04 17:48:06 [INFO] 分割成功
2026-06-04 17:48:06 [INFO] 引擎上下文已释放
2026-06-04 17:48:06 [INFO] TensorRT 引擎已释放
2026-06-04 17:48:06 [INFO] 全局 CUDA 资源已释放
2026-06-04 17:48:06 [INFO] 分割系统资源已释放
2026-06-04 17:48:10 [INFO] CUDA 初始化成功
2026-06-04 17:48:10 [INFO] 引擎加载成功: scrap_steel.engine
2026-06-04 17:48:10 [INFO] 分割系统初始化成功
2026-06-04 17:48:10 [INFO] 图像预处理完成，原始尺寸: (2160, 3840)
2026-06-04 17:48:10 [INFO] 开始执行分割...
2026-06-04 17:48:10 [DEBUG] 处理后的检测结果形状: (1, 8400, 6)
2026-06-04 17:48:10 [DEBUG] 示例检测结果: [[-4.14686584e+00 -3.27490997e+00  3.94950066e+01  1.54923363e+01
   4.34148184e-08  5.00000000e+00]
 [-6.55749512e+00 -3.01473999e+00  4.46075020e+01  2.98129158e+01
   1.03905364e-08  9.00000000e+00]
 [-3.58927536e+00 -3.51049614e+00  4.59720268e+01  3.05421314e+01
   4.78746376e-09  9.00000000e+00]]
2026-06-04 17:48:10 [DEBUG] 处理后检测输出形状: (0, 52)
2026-06-04 17:48:10 [DEBUG] 有效检测数量: 0
2026-06-04 17:48:10 [DEBUG] 检测输出为空
2026-06-04 17:48:10 [INFO] 掩码中检测到的类别: [0, 1, 2, 3, 4, 5, 6, 7, 8, 9, 10, 11, 12, 13, 14, 15]
2026-06-04 17:48:10 [INFO] 分割完成，检测到 0 个物体
2026-06-04 17:48:10 [INFO] 从分割掩码中提取检测结果
2026-06-04 17:48:10 [INFO] 从掩码中提取了 418 个检测框
2026-06-04 17:48:10 [INFO] 计算出的车框矩形边界: (1026, 622) to (3174, 1518)
2026-06-04 17:48:10 [INFO] 原始检测数: 418, 过滤后检测数: 201
2026-06-04 17:48:11 [INFO] 保存分割和检测结果到: C:\code\show\Scrap_Steel_In_Field\photos\segmentation\segment_20260604_174810.jpg
2026-06-04 17:48:11 [INFO] JSON结果保存到: C:\code\show\Scrap_Steel_In_Field\photos\segmentation_result.json
2026-06-04 17:48:11 [INFO] 类别统计：{0: 13, 1: 46, 2: 21, 3: 3, 4: 26, 5: 25, 6: 20, 7: 20, 8: 41, 9: 52, 10: 28, 11: 16, 12: 19, 13: 70, 14: 0, 15: 18}
2026-06-04 17:48:11 [INFO] 面积统计：{0: 3883140.0, 1: 578772.0, 2: 37080.0, 3: 135144.0, 4: 166644.0, 5: 60588.0, 6: 522072.0, 7: 31860.0, 8: 916128.0, 9: 175248.0, 10: 190332.0, 11: 322344.0, 12: 81900.0, 13: 791424.0, 14: 36.0, 15: 39600.0}
2026-06-04 17:48:11 [INFO] 分割成功
2026-06-04 17:48:11 [INFO] 引擎上下文已释放
2026-06-04 17:48:12 [INFO] TensorRT 引擎已释放
2026-06-04 17:48:12 [INFO] 全局 CUDA 资源已释放
2026-06-04 17:48:12 [INFO] 分割系统资源已释放
2026-06-04 17:48:15 [INFO] CUDA 初始化成功
2026-06-04 17:48:15 [INFO] 引擎加载成功: scrap_steel.engine
2026-06-04 17:48:15 [INFO] 分割系统初始化成功
2026-06-04 17:48:15 [INFO] 图像预处理完成，原始尺寸: (2160, 3840)
2026-06-04 17:48:15 [INFO] 开始执行分割...
2026-06-04 17:48:15 [DEBUG] 处理后的检测结果形状: (1, 8400, 6)
2026-06-04 17:48:15 [DEBUG] 示例检测结果: [[-4.13188171e+00 -3.26387262e+00  3.93387909e+01  1.54511204e+01
   4.28936922e-08  5.00000000e+00]
 [-6.55429840e+00 -3.03745461e+00  4.45470161e+01  2.97089062e+01
   1.02388498e-08  9.00000000e+00]
 [-3.59859467e+00 -3.49532986e+00  4.59138870e+01  3.03579559e+01
   4.65185224e-09  9.00000000e+00]]
2026-06-04 17:48:15 [DEBUG] 处理后检测输出形状: (0, 52)
2026-06-04 17:48:15 [DEBUG] 有效检测数量: 0
2026-06-04 17:48:15 [DEBUG] 检测输出为空
2026-06-04 17:48:15 [INFO] 掩码中检测到的类别: [0, 1, 2, 3, 4, 5, 6, 7, 8, 9, 10, 11, 12, 13, 14, 15]
2026-06-04 17:48:15 [INFO] 分割完成，检测到 0 个物体
2026-06-04 17:48:15 [INFO] 从分割掩码中提取检测结果
2026-06-04 17:48:16 [INFO] 从掩码中提取了 481 个检测框
2026-06-04 17:48:16 [INFO] 计算出的车框矩形边界: (1024, 619) to (3173, 1518)
2026-06-04 17:48:16 [INFO] 原始检测数: 481, 过滤后检测数: 212
2026-06-04 17:48:16 [INFO] 保存分割和检测结果到: C:\code\show\Scrap_Steel_In_Field\photos\segmentation\segment_20260604_174816.jpg
2026-06-04 17:48:16 [INFO] JSON结果保存到: C:\code\show\Scrap_Steel_In_Field\photos\segmentation_result.json
2026-06-04 17:48:16 [INFO] 类别统计：{0: 31, 1: 46, 2: 25, 3: 5, 4: 26, 5: 31, 6: 24, 7: 26, 8: 52, 9: 56, 10: 27, 11: 18, 12: 18, 13: 67, 14: 0, 15: 29}
2026-06-04 17:48:16 [INFO] 面积统计：{0: 3707028.0, 1: 847656.0, 2: 47556.0, 3: 155232.0, 4: 122148.0, 5: 68040.0, 6: 433548.0, 7: 32148.0, 8: 938736.0, 9: 223812.0, 10: 177624.0, 11: 335520.0, 12: 73548.0, 13: 820656.0, 14: 36.0, 15: 81864.0}
2026-06-04 17:48:16 [INFO] 分割成功
2026-06-04 17:48:16 [INFO] 引擎上下文已释放
2026-06-04 17:48:16 [INFO] TensorRT 引擎已释放
2026-06-04 17:48:16 [INFO] 全局 CUDA 资源已释放
2026-06-04 17:48:16 [INFO] 分割系统资源已释放
2026-06-04 17:48:20 [INFO] CUDA 初始化成功
2026-06-04 17:48:20 [INFO] 引擎加载成功: scrap_steel.engine
2026-06-04 17:48:20 [INFO] 分割系统初始化成功
2026-06-04 17:48:20 [INFO] 图像预处理完成，原始尺寸: (2160, 3840)
2026-06-04 17:48:20 [INFO] 开始执行分割...
2026-06-04 17:48:20 [DEBUG] 处理后的检测结果形状: (1, 8400, 6)
2026-06-04 17:48:20 [DEBUG] 示例检测结果: [[-4.13138962e+00 -3.27284908e+00  3.93698578e+01  1.55131979e+01
   4.30608367e-08  5.00000000e+00]
 [-6.55030823e+00 -3.02802753e+00  4.45820656e+01  2.97946205e+01
   1.03958655e-08  9.00000000e+00]
 [-3.56925964e+00 -3.49786282e+00  4.59314957e+01  3.04448013e+01
   4.68814854e-09  9.00000000e+00]]
2026-06-04 17:48:20 [DEBUG] 处理后检测输出形状: (0, 52)
2026-06-04 17:48:20 [DEBUG] 有效检测数量: 0
2026-06-04 17:48:20 [DEBUG] 检测输出为空
2026-06-04 17:48:20 [INFO] 掩码中检测到的类别: [0, 1, 2, 3, 4, 5, 6, 7, 8, 9, 10, 11, 12, 13, 14, 15]
2026-06-04 17:48:20 [INFO] 分割完成，检测到 0 个物体
2026-06-04 17:48:20 [INFO] 从分割掩码中提取检测结果
2026-06-04 17:48:21 [INFO] 从掩码中提取了 512 个检测框
2026-06-04 17:48:21 [INFO] 计算出的车框矩形边界: (1026, 621) to (3174, 1518)
2026-06-04 17:48:21 [INFO] 原始检测数: 512, 过滤后检测数: 213
2026-06-04 17:48:21 [INFO] 保存分割和检测结果到: C:\code\show\Scrap_Steel_In_Field\photos\segmentation\segment_20260604_174821.jpg
2026-06-04 17:48:21 [INFO] JSON结果保存到: C:\code\show\Scrap_Steel_In_Field\photos\segmentation_result.json
2026-06-04 17:48:21 [INFO] 类别统计：{0: 43, 1: 53, 2: 25, 3: 6, 4: 31, 5: 36, 6: 22, 7: 37, 8: 55, 9: 54, 10: 25, 11: 20, 12: 16, 13: 66, 14: 0, 15: 23}
2026-06-04 17:48:21 [INFO] 面积统计：{0: 3778344.0, 1: 845208.0, 2: 55656.0, 3: 147564.0, 4: 167580.0, 5: 66420.0, 6: 413604.0, 7: 50220.0, 8: 923256.0, 9: 214812.0, 10: 161388.0, 11: 341208.0, 12: 69732.0, 13: 805824.0, 14: 36.0, 15: 68292.0}
2026-06-04 17:48:21 [INFO] 分割成功
2026-06-04 17:48:21 [INFO] 引擎上下文已释放
2026-06-04 17:48:21 [INFO] TensorRT 引擎已释放
2026-06-04 17:48:21 [INFO] 全局 CUDA 资源已释放
2026-06-04 17:48:21 [INFO] 分割系统资源已释放
2026-06-04 17:48:25 [INFO] CUDA 初始化成功
2026-06-04 17:48:25 [INFO] 引擎加载成功: scrap_steel.engine
2026-06-04 17:48:25 [INFO] 分割系统初始化成功
2026-06-04 17:48:25 [INFO] 图像预处理完成，原始尺寸: (2160, 3840)
2026-06-04 17:48:25 [INFO] 开始执行分割...
2026-06-04 17:48:25 [DEBUG] 处理后的检测结果形状: (1, 8400, 6)
2026-06-04 17:48:25 [DEBUG] 示例检测结果: [[-4.14644241e+00 -3.28356647e+00  3.93811531e+01  1.56002531e+01
   4.39196555e-08  5.00000000e+00]
 [-6.51855087e+00 -3.02689743e+00  4.45683823e+01  2.97716599e+01
   1.03501385e-08  9.00000000e+00]
 [-3.60103226e+00 -3.53812504e+00  4.59516563e+01  3.04232330e+01
   4.73874007e-09  9.00000000e+00]]
2026-06-04 17:48:25 [DEBUG] 处理后检测输出形状: (0, 52)
2026-06-04 17:48:25 [DEBUG] 有效检测数量: 0
2026-06-04 17:48:25 [DEBUG] 检测输出为空
2026-06-04 17:48:25 [INFO] 掩码中检测到的类别: [0, 1, 2, 3, 4, 5, 6, 7, 8, 9, 10, 11, 12, 13, 14, 15]
2026-06-04 17:48:25 [INFO] 分割完成，检测到 0 个物体
2026-06-04 17:48:25 [INFO] 从分割掩码中提取检测结果
2026-06-04 17:48:26 [INFO] 从掩码中提取了 467 个检测框
2026-06-04 17:48:26 [INFO] 计算出的车框矩形边界: (1026, 621) to (3174, 1518)
2026-06-04 17:48:26 [INFO] 原始检测数: 467, 过滤后检测数: 200
2026-06-04 17:48:27 [INFO] 保存分割和检测结果到: C:\code\show\Scrap_Steel_In_Field\photos\segmentation\segment_20260604_174826.jpg
2026-06-04 17:48:27 [INFO] JSON结果保存到: C:\code\show\Scrap_Steel_In_Field\photos\segmentation_result.json
2026-06-04 17:48:27 [INFO] 类别统计：{0: 39, 1: 42, 2: 26, 3: 5, 4: 29, 5: 36, 6: 16, 7: 31, 8: 50, 9: 49, 10: 22, 11: 21, 12: 17, 13: 59, 14: 0, 15: 25}
2026-06-04 17:48:27 [INFO] 面积统计：{0: 3790944.0, 1: 857160.0, 2: 58428.0, 3: 145116.0, 4: 164448.0, 5: 75420.0, 6: 414936.0, 7: 53352.0, 8: 941580.0, 9: 204120.0, 10: 154908.0, 11: 355104.0, 12: 62676.0, 13: 772020.0, 14: 36.0, 15: 69156.0}
2026-06-04 17:48:27 [INFO] 分割成功
2026-06-04 17:48:27 [INFO] 引擎上下文已释放
2026-06-04 17:48:27 [INFO] TensorRT 引擎已释放
2026-06-04 17:48:27 [INFO] 全局 CUDA 资源已释放
2026-06-04 17:48:27 [INFO] 分割系统资源已释放
2026-06-04 17:48:30 [INFO] CUDA 初始化成功
2026-06-04 17:48:30 [INFO] 引擎加载成功: scrap_steel.engine
2026-06-04 17:48:30 [INFO] 分割系统初始化成功
2026-06-04 17:48:30 [INFO] 图像预处理完成，原始尺寸: (2160, 3840)
2026-06-04 17:48:30 [INFO] 开始执行分割...
2026-06-04 17:48:31 [DEBUG] 处理后的检测结果形状: (1, 8400, 6)
2026-06-04 17:48:31 [DEBUG] 示例检测结果: [[-4.11270905e+00 -3.27037621e+00  3.94383011e+01  1.54411736e+01
   4.48029560e-08  5.00000000e+00]
 [-6.49918365e+00 -3.01262569e+00  4.45809708e+01  2.98070145e+01
   1.05281011e-08  9.00000000e+00]
 [-3.57725143e+00 -3.51972008e+00  4.59588165e+01  3.05150166e+01
   4.77718309e-09  9.00000000e+00]]
2026-06-04 17:48:31 [DEBUG] 处理后检测输出形状: (0, 52)
2026-06-04 17:48:31 [DEBUG] 有效检测数量: 0
2026-06-04 17:48:31 [DEBUG] 检测输出为空
2026-06-04 17:48:31 [INFO] 掩码中检测到的类别: [0, 1, 2, 3, 4, 5, 6, 7, 8, 9, 10, 11, 12, 13, 14, 15]
2026-06-04 17:48:31 [INFO] 分割完成，检测到 0 个物体
2026-06-04 17:48:31 [INFO] 从分割掩码中提取检测结果
2026-06-04 17:48:31 [INFO] 从掩码中提取了 458 个检测框
2026-06-04 17:48:31 [INFO] 计算出的车框矩形边界: (1026, 621) to (3174, 1518)
2026-06-04 17:48:31 [INFO] 原始检测数: 458, 过滤后检测数: 186
2026-06-04 17:48:31 [INFO] 保存分割和检测结果到: C:\code\show\Scrap_Steel_In_Field\photos\segmentation\segment_20260604_174831.jpg
2026-06-04 17:48:31 [INFO] JSON结果保存到: C:\code\show\Scrap_Steel_In_Field\photos\segmentation_result.json
2026-06-04 17:48:31 [INFO] 类别统计：{0: 14, 1: 52, 2: 25, 3: 6, 4: 31, 5: 31, 6: 11, 7: 35, 8: 49, 9: 50, 10: 23, 11: 21, 12: 17, 13: 67, 14: 0, 15: 26}
2026-06-04 17:48:31 [INFO] 面积统计：{0: 3725424.0, 1: 775584.0, 2: 61848.0, 3: 142848.0, 4: 163440.0, 5: 66780.0, 6: 411768.0, 7: 51336.0, 8: 953712.0, 9: 207612.0, 10: 152424.0, 11: 348444.0, 12: 73908.0, 13: 800208.0, 14: 36.0, 15: 60624.0}
2026-06-04 17:48:31 [INFO] 分割成功
2026-06-04 17:48:31 [INFO] 引擎上下文已释放
2026-06-04 17:48:31 [INFO] TensorRT 引擎已释放
2026-06-04 17:48:31 [INFO] 全局 CUDA 资源已释放
2026-06-04 17:48:31 [INFO] 分割系统资源已释放
2026-06-04 17:48:35 [INFO] CUDA 初始化成功
2026-06-04 17:48:36 [INFO] 引擎加载成功: scrap_steel.engine
2026-06-04 17:48:36 [INFO] 分割系统初始化成功
2026-06-04 17:48:36 [INFO] 图像预处理完成，原始尺寸: (2160, 3840)
2026-06-04 17:48:36 [INFO] 开始执行分割...
2026-06-04 17:48:36 [DEBUG] 处理后的检测结果形状: (1, 8400, 6)
2026-06-04 17:48:36 [DEBUG] 示例检测结果: [[-4.09735870e+00 -3.26960850e+00  3.95207596e+01  1.54296770e+01
   4.51597018e-08  5.00000000e+00]
 [-6.45666504e+00 -2.99027061e+00  4.46228180e+01  2.98385754e+01
   1.05614006e-08  9.00000000e+00]
 [-3.54826736e+00 -3.49608803e+00  4.59445877e+01  3.05187054e+01
   4.79650097e-09  9.00000000e+00]]
2026-06-04 17:48:36 [DEBUG] 处理后检测输出形状: (0, 52)
2026-06-04 17:48:36 [DEBUG] 有效检测数量: 0
2026-06-04 17:48:36 [DEBUG] 检测输出为空
2026-06-04 17:48:36 [INFO] 掩码中检测到的类别: [0, 1, 2, 3, 4, 5, 6, 7, 8, 9, 10, 11, 12, 13, 14, 15]
2026-06-04 17:48:36 [INFO] 分割完成，检测到 0 个物体
2026-06-04 17:48:36 [INFO] 从分割掩码中提取检测结果
2026-06-04 17:48:36 [INFO] 从掩码中提取了 510 个检测框
2026-06-04 17:48:36 [INFO] 计算出的车框矩形边界: (1026, 621) to (3174, 1518)
2026-06-04 17:48:36 [INFO] 原始检测数: 510, 过滤后检测数: 217
2026-06-04 17:48:37 [INFO] 保存分割和检测结果到: C:\code\show\Scrap_Steel_In_Field\photos\segmentation\segment_20260604_174836.jpg
2026-06-04 17:48:37 [INFO] JSON结果保存到: C:\code\show\Scrap_Steel_In_Field\photos\segmentation_result.json
2026-06-04 17:48:37 [INFO] 类别统计：{0: 39, 1: 59, 2: 25, 3: 8, 4: 34, 5: 34, 6: 21, 7: 31, 8: 50, 9: 52, 10: 28, 11: 19, 12: 21, 13: 65, 14: 0, 15: 24}
2026-06-04 17:48:37 [INFO] 面积统计：{0: 3593376.0, 1: 878184.0, 2: 55116.0, 3: 147564.0, 4: 163080.0, 5: 64620.0, 6: 416880.0, 7: 47376.0, 8: 925956.0, 9: 207036.0, 10: 154620.0, 11: 349056.0, 12: 69552.0, 13: 812592.0, 14: 72.0, 15: 71892.0}
2026-06-04 17:48:37 [INFO] 分割成功
2026-06-04 17:48:37 [INFO] 引擎上下文已释放
2026-06-04 17:48:37 [INFO] TensorRT 引擎已释放
2026-06-04 17:48:37 [INFO] 全局 CUDA 资源已释放
2026-06-04 17:48:37 [INFO] 分割系统资源已释放
2026-06-04 17:48:41 [INFO] CUDA 初始化成功
2026-06-04 17:48:41 [INFO] 引擎加载成功: scrap_steel.engine
2026-06-04 17:48:41 [INFO] 分割系统初始化成功
2026-06-04 17:48:41 [INFO] 图像预处理完成，原始尺寸: (2160, 3840)
2026-06-04 17:48:41 [INFO] 开始执行分割...
2026-06-04 17:48:41 [DEBUG] 处理后的检测结果形状: (1, 8400, 6)
2026-06-04 17:48:41 [DEBUG] 示例检测结果: [[-4.13304138e+00 -3.27527094e+00  3.94224091e+01  1.55364819e+01
   4.30796341e-08  5.00000000e+00]
 [-6.51109314e+00 -3.01598740e+00  4.45434723e+01  2.98029137e+01
   1.03097406e-08  9.00000000e+00]
 [-3.57433319e+00 -3.51296425e+00  4.59465637e+01  3.04685230e+01
   4.77246775e-09  9.00000000e+00]]
2026-06-04 17:48:41 [DEBUG] 处理后检测输出形状: (0, 52)
2026-06-04 17:48:41 [DEBUG] 有效检测数量: 0
2026-06-04 17:48:41 [DEBUG] 检测输出为空
2026-06-04 17:48:41 [INFO] 掩码中检测到的类别: [0, 1, 2, 3, 4, 5, 6, 7, 8, 9, 10, 11, 12, 13, 14, 15]
2026-06-04 17:48:42 [INFO] 分割完成，检测到 0 个物体
2026-06-04 17:48:42 [INFO] 从分割掩码中提取检测结果
2026-06-04 17:48:42 [INFO] 从掩码中提取了 483 个检测框
2026-06-04 17:48:42 [INFO] 计算出的车框矩形边界: (1026, 619) to (3174, 1518)
2026-06-04 17:48:42 [INFO] 原始检测数: 483, 过滤后检测数: 202
2026-06-04 17:48:42 [INFO] 保存分割和检测结果到: C:\code\show\Scrap_Steel_In_Field\photos\segmentation\segment_20260604_174842.jpg
2026-06-04 17:48:42 [INFO] JSON结果保存到: C:\code\show\Scrap_Steel_In_Field\photos\segmentation_result.json
2026-06-04 17:48:42 [INFO] 类别统计：{0: 46, 1: 51, 2: 23, 3: 6, 4: 35, 5: 36, 6: 17, 7: 28, 8: 49, 9: 53, 10: 22, 11: 16, 12: 18, 13: 58, 14: 0, 15: 25}
2026-06-04 17:48:42 [INFO] 面积统计：{0: 3710844.0, 1: 880056.0, 2: 57924.0, 3: 156816.0, 4: 150516.0, 5: 76572.0, 6: 399960.0, 7: 47448.0, 8: 960228.0, 9: 191232.0, 10: 156924.0, 11: 338616.0, 12: 65736.0, 13: 823536.0, 14: 36.0, 15: 63504.0}
2026-06-04 17:48:42 [INFO] 分割成功
2026-06-04 17:48:42 [INFO] 引擎上下文已释放
2026-06-04 17:48:42 [INFO] TensorRT 引擎已释放
2026-06-04 17:48:42 [INFO] 全局 CUDA 资源已释放
2026-06-04 17:48:42 [INFO] 分割系统资源已释放
2026-06-04 17:48:46 [INFO] CUDA 初始化成功
2026-06-04 17:48:46 [INFO] 引擎加载成功: scrap_steel.engine
2026-06-04 17:48:46 [INFO] 分割系统初始化成功
2026-06-04 17:48:46 [INFO] 图像预处理完成，原始尺寸: (2160, 3840)
2026-06-04 17:48:46 [INFO] 开始执行分割...
2026-06-04 17:48:46 [DEBUG] 处理后的检测结果形状: (1, 8400, 6)
2026-06-04 17:48:46 [DEBUG] 示例检测结果: [[-4.16030884e+00 -3.29513168e+00  3.94757500e+01  1.56221352e+01
   4.35781651e-08  5.00000000e+00]
 [-6.51506424e+00 -3.03812790e+00  4.45985222e+01  2.98945503e+01
   1.04602478e-08  9.00000000e+00]
 [-3.57013702e+00 -3.52283192e+00  4.59282570e+01  3.04528236e+01
   4.76523532e-09  9.00000000e+00]]
2026-06-04 17:48:46 [DEBUG] 处理后检测输出形状: (0, 52)
2026-06-04 17:48:46 [DEBUG] 有效检测数量: 0
2026-06-04 17:48:46 [DEBUG] 检测输出为空
2026-06-04 17:48:46 [INFO] 掩码中检测到的类别: [0, 1, 2, 3, 4, 5, 6, 7, 8, 9, 10, 11, 12, 13, 14, 15]
2026-06-04 17:48:46 [INFO] 分割完成，检测到 0 个物体
2026-06-04 17:48:46 [INFO] 从分割掩码中提取检测结果
2026-06-04 17:48:46 [INFO] 从掩码中提取了 488 个检测框
2026-06-04 17:48:46 [INFO] 计算出的车框矩形边界: (1026, 621) to (3174, 1518)
2026-06-04 17:48:46 [INFO] 原始检测数: 488, 过滤后检测数: 199
2026-06-04 17:48:47 [INFO] 保存分割和检测结果到: C:\code\show\Scrap_Steel_In_Field\photos\segmentation\segment_20260604_174846.jpg
2026-06-04 17:48:47 [INFO] JSON结果保存到: C:\code\show\Scrap_Steel_In_Field\photos\segmentation_result.json
2026-06-04 17:48:47 [INFO] 类别统计：{0: 25, 1: 53, 2: 24, 3: 6, 4: 33, 5: 40, 6: 20, 7: 32, 8: 51, 9: 47, 10: 23, 11: 22, 12: 19, 13: 67, 14: 0, 15: 26}
2026-06-04 17:48:47 [INFO] 面积统计：{0: 3681756.0, 1: 860544.0, 2: 57456.0, 3: 149868.0, 4: 156384.0, 5: 68364.0, 6: 420732.0, 7: 46800.0, 8: 958104.0, 9: 191736.0, 10: 162144.0, 11: 340236.0, 12: 67608.0, 13: 788040.0, 14: 36.0, 15: 63144.0}
2026-06-04 17:48:47 [INFO] 分割成功
2026-06-04 17:48:47 [INFO] 引擎上下文已释放
2026-06-04 17:48:47 [INFO] TensorRT 引擎已释放
2026-06-04 17:48:47 [INFO] 全局 CUDA 资源已释放
2026-06-04 17:48:47 [INFO] 分割系统资源已释放
2026-06-04 17:48:51 [INFO] CUDA 初始化成功
2026-06-04 17:48:51 [INFO] 引擎加载成功: scrap_steel.engine
2026-06-04 17:48:51 [INFO] 分割系统初始化成功
2026-06-04 17:48:51 [INFO] 图像预处理完成，原始尺寸: (2160, 3840)
2026-06-04 17:48:51 [INFO] 开始执行分割...
2026-06-04 17:48:51 [DEBUG] 处理后的检测结果形状: (1, 8400, 6)
2026-06-04 17:48:51 [DEBUG] 示例检测结果: [[-4.14646530e+00 -3.27215624e+00  3.94465218e+01  1.54915810e+01
   4.30796341e-08  5.00000000e+00]
 [-6.51342392e+00 -3.02732468e+00  4.44868965e+01  2.97251740e+01
   1.03097406e-08  9.00000000e+00]
 [-3.57976151e+00 -3.52508545e+00  4.59286880e+01  3.03871002e+01
   4.68383288e-09  9.00000000e+00]]
2026-06-04 17:48:51 [DEBUG] 处理后检测输出形状: (0, 52)
2026-06-04 17:48:51 [DEBUG] 有效检测数量: 0
2026-06-04 17:48:51 [DEBUG] 检测输出为空
2026-06-04 17:48:51 [INFO] 掩码中检测到的类别: [0, 1, 2, 3, 4, 5, 6, 7, 8, 9, 10, 11, 12, 13, 14, 15]
2026-06-04 17:48:51 [INFO] 分割完成，检测到 0 个物体
2026-06-04 17:48:51 [INFO] 从分割掩码中提取检测结果
2026-06-04 17:48:52 [INFO] 从掩码中提取了 492 个检测框
2026-06-04 17:48:52 [INFO] 计算出的车框矩形边界: (1026, 620) to (3173, 1518)
2026-06-04 17:48:52 [INFO] 原始检测数: 492, 过滤后检测数: 212
2026-06-04 17:48:52 [INFO] 保存分割和检测结果到: C:\code\show\Scrap_Steel_In_Field\photos\segmentation\segment_20260604_174852.jpg
2026-06-04 17:48:52 [INFO] JSON结果保存到: C:\code\show\Scrap_Steel_In_Field\photos\segmentation_result.json
2026-06-04 17:48:52 [INFO] 类别统计：{0: 36, 1: 56, 2: 27, 3: 8, 4: 34, 5: 35, 6: 18, 7: 27, 8: 47, 9: 51, 10: 29, 11: 16, 12: 22, 13: 61, 14: 0, 15: 25}
2026-06-04 17:48:52 [INFO] 面积统计：{0: 3810996.0, 1: 881388.0, 2: 53280.0, 3: 146520.0, 4: 148068.0, 5: 71136.0, 6: 402120.0, 7: 44820.0, 8: 914904.0, 9: 182772.0, 10: 160236.0, 11: 342972.0, 12: 64548.0, 13: 803484.0, 14: 36.0, 15: 75096.0}
2026-06-04 17:48:52 [INFO] 分割成功
2026-06-04 17:48:52 [INFO] 引擎上下文已释放
2026-06-04 17:48:52 [INFO] TensorRT 引擎已释放
2026-06-04 17:48:52 [INFO] 全局 CUDA 资源已释放
2026-06-04 17:48:52 [INFO] 分割系统资源已释放
2026-06-04 17:48:57 [INFO] CUDA 初始化成功
2026-06-04 17:48:57 [INFO] 引擎加载成功: scrap_steel.engine
2026-06-04 17:48:57 [INFO] 分割系统初始化成功
2026-06-04 17:48:57 [INFO] 图像预处理完成，原始尺寸: (2160, 3840)
2026-06-04 17:48:57 [INFO] 开始执行分割...
2026-06-04 17:48:57 [DEBUG] 处理后的检测结果形状: (1, 8400, 6)
2026-06-04 17:48:57 [DEBUG] 示例检测结果: [[-4.09987640e+00 -3.27369976e+00  3.94356461e+01  1.54416285e+01
   4.48029560e-08  5.00000000e+00]
 [-6.51390839e+00 -3.02733803e+00  4.45701828e+01  2.97984257e+01
   1.06107549e-08  9.00000000e+00]
 [-3.55340195e+00 -3.49773598e+00  4.59355125e+01  3.04517765e+01
   4.89051466e-09  9.00000000e+00]]
2026-06-04 17:48:57 [DEBUG] 处理后检测输出形状: (0, 52)
2026-06-04 17:48:57 [DEBUG] 有效检测数量: 0
2026-06-04 17:48:57 [DEBUG] 检测输出为空
2026-06-04 17:48:57 [INFO] 掩码中检测到的类别: [0, 1, 2, 3, 4, 5, 6, 7, 8, 9, 10, 11, 12, 13, 14, 15]
2026-06-04 17:48:57 [INFO] 分割完成，检测到 0 个物体
2026-06-04 17:48:57 [INFO] 从分割掩码中提取检测结果
2026-06-04 17:48:57 [INFO] 从掩码中提取了 508 个检测框
2026-06-04 17:48:57 [INFO] 计算出的车框矩形边界: (1026, 620) to (3174, 1518)
2026-06-04 17:48:57 [INFO] 原始检测数: 508, 过滤后检测数: 215
2026-06-04 17:48:58 [INFO] 保存分割和检测结果到: C:\code\show\Scrap_Steel_In_Field\photos\segmentation\segment_20260604_174857.jpg
2026-06-04 17:48:58 [INFO] JSON结果保存到: C:\code\show\Scrap_Steel_In_Field\photos\segmentation_result.json
2026-06-04 17:48:58 [INFO] 类别统计：{0: 35, 1: 47, 2: 28, 3: 8, 4: 32, 5: 41, 6: 18, 7: 32, 8: 57, 9: 54, 10: 25, 11: 18, 12: 18, 13: 70, 14: 0, 15: 25}
2026-06-04 17:48:58 [INFO] 面积统计：{0: 3678048.0, 1: 859068.0, 2: 53856.0, 3: 135252.0, 4: 157428.0, 5: 70416.0, 6: 411444.0, 7: 46044.0, 8: 928980.0, 9: 213840.0, 10: 150876.0, 11: 333900.0, 12: 74880.0, 13: 824724.0, 14: 36.0, 15: 71928.0}
2026-06-04 17:48:58 [INFO] 分割成功
2026-06-04 17:48:58 [INFO] 引擎上下文已释放
2026-06-04 17:48:58 [INFO] TensorRT 引擎已释放
2026-06-04 17:48:58 [INFO] 全局 CUDA 资源已释放
2026-06-04 17:48:58 [INFO] 分割系统资源已释放
2026-06-04 17:49:01 [INFO] CUDA 初始化成功
2026-06-04 17:49:01 [INFO] 引擎加载成功: scrap_steel.engine
2026-06-04 17:49:01 [INFO] 分割系统初始化成功
2026-06-04 17:49:01 [INFO] 图像预处理完成，原始尺寸: (2160, 3840)
2026-06-04 17:49:01 [INFO] 开始执行分割...
2026-06-04 17:49:02 [DEBUG] 处理后的检测结果形状: (1, 8400, 6)
2026-06-04 17:49:02 [DEBUG] 示例检测结果: [[-4.11244583e+00 -3.26224422e+00  3.93552132e+01  1.54968576e+01
   4.41019594e-08  5.00000000e+00]
 [-6.48034286e+00 -3.01271820e+00  4.44848366e+01  2.98351212e+01
   1.02638964e-08  9.00000000e+00]
 [-3.55522156e+00 -3.48100281e+00  4.58405838e+01  3.04762154e+01
   4.74688200e-09  9.00000000e+00]]
2026-06-04 17:49:02 [DEBUG] 处理后检测输出形状: (0, 52)
2026-06-04 17:49:02 [DEBUG] 有效检测数量: 0
2026-06-04 17:49:02 [DEBUG] 检测输出为空
2026-06-04 17:49:02 [INFO] 掩码中检测到的类别: [0, 1, 2, 3, 4, 5, 6, 7, 8, 9, 10, 11, 12, 13, 14, 15]
2026-06-04 17:49:02 [INFO] 分割完成，检测到 0 个物体
2026-06-04 17:49:02 [INFO] 从分割掩码中提取检测结果
2026-06-04 17:49:02 [INFO] 从掩码中提取了 495 个检测框
2026-06-04 17:49:02 [INFO] 计算出的车框矩形边界: (1026, 621) to (3174, 1518)
2026-06-04 17:49:02 [INFO] 原始检测数: 495, 过滤后检测数: 207
2026-06-04 17:49:02 [INFO] 保存分割和检测结果到: C:\code\show\Scrap_Steel_In_Field\photos\segmentation\segment_20260604_174902.jpg
2026-06-04 17:49:02 [INFO] JSON结果保存到: C:\code\show\Scrap_Steel_In_Field\photos\segmentation_result.json
2026-06-04 17:49:02 [INFO] 类别统计：{0: 28, 1: 55, 2: 25, 3: 8, 4: 29, 5: 37, 6: 20, 7: 37, 8: 48, 9: 51, 10: 27, 11: 19, 12: 19, 13: 67, 14: 0, 15: 25}
2026-06-04 17:49:02 [INFO] 面积统计：{0: 3686616.0, 1: 836964.0, 2: 55296.0, 3: 142992.0, 4: 151596.0, 5: 76140.0, 6: 414144.0, 7: 45720.0, 8: 951084.0, 9: 193104.0, 10: 161496.0, 11: 336060.0, 12: 76464.0, 13: 828432.0, 14: 36.0, 15: 68328.0}
2026-06-04 17:49:02 [INFO] 分割成功
2026-06-04 17:49:02 [INFO] 引擎上下文已释放
2026-06-04 17:49:02 [INFO] TensorRT 引擎已释放
2026-06-04 17:49:03 [INFO] 全局 CUDA 资源已释放
2026-06-04 17:49:03 [INFO] 分割系统资源已释放
2026-06-04 17:49:06 [INFO] CUDA 初始化成功
2026-06-04 17:49:06 [INFO] 引擎加载成功: scrap_steel.engine
2026-06-04 17:49:07 [INFO] 分割系统初始化成功
2026-06-04 17:49:07 [INFO] 图像预处理完成，原始尺寸: (2160, 3840)
2026-06-04 17:49:07 [INFO] 开始执行分割...
2026-06-04 17:49:07 [DEBUG] 处理后的检测结果形状: (1, 8400, 6)
2026-06-04 17:49:07 [DEBUG] 示例检测结果: [[-4.13363266e+00 -3.30829716e+00  3.93451691e+01  1.56165152e+01
   4.44462103e-08  5.00000000e+00]
 [-6.54716110e+00 -3.07546806e+00  4.45297203e+01  2.98781872e+01
   1.04534337e-08  9.00000000e+00]
 [-3.59734344e+00 -3.57967758e+00  4.59115524e+01  3.04926453e+01
   4.72776396e-09  9.00000000e+00]]
2026-06-04 17:49:07 [DEBUG] 处理后检测输出形状: (0, 52)
2026-06-04 17:49:07 [DEBUG] 有效检测数量: 0
2026-06-04 17:49:07 [DEBUG] 检测输出为空
2026-06-04 17:49:07 [INFO] 掩码中检测到的类别: [0, 1, 2, 3, 4, 5, 6, 7, 8, 9, 10, 11, 12, 13, 14, 15]
2026-06-04 17:49:07 [INFO] 分割完成，检测到 0 个物体
2026-06-04 17:49:07 [INFO] 从分割掩码中提取检测结果
2026-06-04 17:49:07 [INFO] 从掩码中提取了 507 个检测框
2026-06-04 17:49:07 [INFO] 计算出的车框矩形边界: (1024, 620) to (3173, 1518)
2026-06-04 17:49:07 [INFO] 原始检测数: 507, 过滤后检测数: 216
2026-06-04 17:49:08 [INFO] 保存分割和检测结果到: C:\code\show\Scrap_Steel_In_Field\photos\segmentation\segment_20260604_174907.jpg
2026-06-04 17:49:08 [INFO] JSON结果保存到: C:\code\show\Scrap_Steel_In_Field\photos\segmentation_result.json
2026-06-04 17:49:08 [INFO] 类别统计：{0: 39, 1: 52, 2: 28, 3: 4, 4: 28, 5: 33, 6: 24, 7: 30, 8: 54, 9: 53, 10: 26, 11: 17, 12: 19, 13: 67, 14: 0, 15: 33}
2026-06-04 17:49:08 [INFO] 面积统计：{0: 3687228.0, 1: 863280.0, 2: 55116.0, 3: 147276.0, 4: 160884.0, 5: 68220.0, 6: 413316.0, 7: 41760.0, 8: 945648.0, 9: 206928.0, 10: 164232.0, 11: 350100.0, 12: 68976.0, 13: 772488.0, 14: 36.0, 15: 67932.0}
2026-06-04 17:49:08 [INFO] 分割成功
2026-06-04 17:49:08 [INFO] 引擎上下文已释放
2026-06-04 17:49:08 [INFO] TensorRT 引擎已释放
2026-06-04 17:49:08 [INFO] 全局 CUDA 资源已释放
2026-06-04 17:49:08 [INFO] 分割系统资源已释放
2026-06-04 17:49:12 [INFO] CUDA 初始化成功
2026-06-04 17:49:12 [INFO] 引擎加载成功: scrap_steel.engine
2026-06-04 17:49:12 [INFO] 分割系统初始化成功
2026-06-04 17:49:12 [INFO] 图像预处理完成，原始尺寸: (2160, 3840)
2026-06-04 17:49:12 [INFO] 开始执行分割...
2026-06-04 17:49:12 [DEBUG] 处理后的检测结果形状: (1, 8400, 6)
2026-06-04 17:49:12 [DEBUG] 示例检测结果: [[-4.12341690e+00 -3.27821016e+00  3.95777130e+01  1.55562630e+01
   4.34102212e-08  5.00000000e+00]
 [-6.46259308e+00 -3.00138474e+00  4.45784531e+01  2.98401184e+01
   1.03787663e-08  9.00000000e+00]
 [-3.53298187e+00 -3.45441151e+00  4.59291077e+01  3.04684372e+01
   4.69481787e-09  9.00000000e+00]]
2026-06-04 17:49:12 [DEBUG] 处理后检测输出形状: (0, 52)
2026-06-04 17:49:12 [DEBUG] 有效检测数量: 0
2026-06-04 17:49:12 [DEBUG] 检测输出为空
2026-06-04 17:49:12 [INFO] 掩码中检测到的类别: [0, 1, 2, 3, 4, 5, 6, 7, 8, 9, 10, 11, 12, 13, 14, 15]
2026-06-04 17:49:12 [INFO] 分割完成，检测到 0 个物体
2026-06-04 17:49:12 [INFO] 从分割掩码中提取检测结果
2026-06-04 17:49:12 [INFO] 从掩码中提取了 507 个检测框
2026-06-04 17:49:12 [INFO] 计算出的车框矩形边界: (1026, 620) to (3174, 1518)
2026-06-04 17:49:12 [INFO] 原始检测数: 507, 过滤后检测数: 216
2026-06-04 17:49:13 [INFO] 保存分割和检测结果到: C:\code\show\Scrap_Steel_In_Field\photos\segmentation\segment_20260604_174912.jpg
2026-06-04 17:49:13 [INFO] JSON结果保存到: C:\code\show\Scrap_Steel_In_Field\photos\segmentation_result.json
2026-06-04 17:49:13 [INFO] 类别统计：{0: 37, 1: 55, 2: 30, 3: 5, 4: 33, 5: 33, 6: 22, 7: 34, 8: 52, 9: 48, 10: 25, 11: 17, 12: 17, 13: 65, 14: 0, 15: 34}
2026-06-04 17:49:13 [INFO] 面积统计：{0: 3687012.0, 1: 886608.0, 2: 57096.0, 3: 150552.0, 4: 150048.0, 5: 69912.0, 6: 398628.0, 7: 40752.0, 8: 938736.0, 9: 195876.0, 10: 157824.0, 11: 339336.0, 12: 72972.0, 13: 803952.0, 14: 36.0, 15: 66492.0}
2026-06-04 17:49:13 [INFO] 分割成功
2026-06-04 17:49:13 [INFO] 引擎上下文已释放
2026-06-04 17:49:13 [INFO] TensorRT 引擎已释放
2026-06-04 17:49:13 [INFO] 全局 CUDA 资源已释放
2026-06-04 17:49:13 [INFO] 分割系统资源已释放
2026-06-04 17:49:17 [INFO] CUDA 初始化成功
2026-06-04 17:49:17 [INFO] 引擎加载成功: scrap_steel.engine
2026-06-04 17:49:17 [INFO] 分割系统初始化成功
2026-06-04 17:49:17 [INFO] 图像预处理完成，原始尺寸: (2160, 3840)
2026-06-04 17:49:17 [INFO] 开始执行分割...
2026-06-04 17:49:17 [DEBUG] 处理后的检测结果形状: (1, 8400, 6)
2026-06-04 17:49:17 [DEBUG] 示例检测结果: [[-4.16327286e+00 -3.28666735e+00  3.94159241e+01  1.55168343e+01
   4.23977973e-08  5.00000000e+00]
 [-6.54892349e+00 -3.04077339e+00  4.44642372e+01  2.97272396e+01
   1.01592335e-08  9.00000000e+00]
 [-3.58499527e+00 -3.51208019e+00  4.58637733e+01  3.03759041e+01
   4.65185224e-09  9.00000000e+00]]
2026-06-04 17:49:17 [DEBUG] 处理后检测输出形状: (0, 52)
2026-06-04 17:49:17 [DEBUG] 有效检测数量: 0
2026-06-04 17:49:17 [DEBUG] 检测输出为空
2026-06-04 17:49:17 [INFO] 掩码中检测到的类别: [0, 1, 2, 3, 4, 5, 6, 7, 8, 9, 10, 11, 12, 13, 14, 15]
2026-06-04 17:49:17 [INFO] 分割完成，检测到 0 个物体
2026-06-04 17:49:17 [INFO] 从分割掩码中提取检测结果
2026-06-04 17:49:17 [INFO] 从掩码中提取了 501 个检测框
2026-06-04 17:49:18 [INFO] 计算出的车框矩形边界: (1025, 620) to (3174, 1518)
2026-06-04 17:49:18 [INFO] 原始检测数: 501, 过滤后检测数: 213
2026-06-04 17:49:18 [INFO] 保存分割和检测结果到: C:\code\show\Scrap_Steel_In_Field\photos\segmentation\segment_20260604_174917.jpg
2026-06-04 17:49:18 [INFO] JSON结果保存到: C:\code\show\Scrap_Steel_In_Field\photos\segmentation_result.json
2026-06-04 17:49:18 [INFO] 类别统计：{0: 33, 1: 52, 2: 25, 3: 7, 4: 35, 5: 37, 6: 20, 7: 29, 8: 48, 9: 50, 10: 29, 11: 19, 12: 21, 13: 61, 14: 0, 15: 35}
2026-06-04 17:49:18 [INFO] 面积统计：{0: 3772548.0, 1: 903096.0, 2: 53856.0, 3: 149940.0, 4: 157320.0, 5: 75780.0, 6: 407592.0, 7: 42048.0, 8: 942372.0, 9: 206064.0, 10: 156924.0, 11: 347580.0, 12: 68760.0, 13: 783360.0, 14: 36.0, 15: 62784.0}
2026-06-04 17:49:18 [INFO] 分割成功
2026-06-04 17:49:18 [INFO] 引擎上下文已释放
2026-06-04 17:49:18 [INFO] TensorRT 引擎已释放
2026-06-04 17:49:18 [INFO] 全局 CUDA 资源已释放
2026-06-04 17:49:18 [INFO] 分割系统资源已释放
2026-06-04 17:49:22 [INFO] CUDA 初始化成功
2026-06-04 17:49:22 [INFO] 引擎加载成功: scrap_steel.engine
2026-06-04 17:49:22 [INFO] 分割系统初始化成功
2026-06-04 17:49:22 [INFO] 图像预处理完成，原始尺寸: (2160, 3840)
2026-06-04 17:49:22 [INFO] 开始执行分割...
2026-06-04 17:49:22 [DEBUG] 处理后的检测结果形状: (1, 8400, 6)
2026-06-04 17:49:22 [DEBUG] 示例检测结果: [[-4.10120392e+00 -3.28571415e+00  3.95036392e+01  1.55598269e+01
   4.44559412e-08  5.00000000e+00]
 [-6.47618103e+00 -3.01493931e+00  4.45736694e+01  2.98504105e+01
   1.03718634e-08  9.00000000e+00]
 [-3.53833771e+00 -3.48332500e+00  4.59366226e+01  3.04930077e+01
   4.77718309e-09  9.00000000e+00]]
2026-06-04 17:49:22 [DEBUG] 处理后检测输出形状: (0, 52)
2026-06-04 17:49:22 [DEBUG] 有效检测数量: 0
2026-06-04 17:49:22 [DEBUG] 检测输出为空
2026-06-04 17:49:22 [INFO] 掩码中检测到的类别: [0, 1, 2, 3, 4, 5, 6, 7, 8, 9, 10, 11, 12, 13, 14, 15]
2026-06-04 17:49:22 [INFO] 分割完成，检测到 0 个物体
2026-06-04 17:49:22 [INFO] 从分割掩码中提取检测结果
2026-06-04 17:49:23 [INFO] 从掩码中提取了 494 个检测框
2026-06-04 17:49:23 [INFO] 计算出的车框矩形边界: (1026, 620) to (3174, 1518)
2026-06-04 17:49:23 [INFO] 原始检测数: 494, 过滤后检测数: 219
2026-06-04 17:49:23 [INFO] 保存分割和检测结果到: C:\code\show\Scrap_Steel_In_Field\photos\segmentation\segment_20260604_174923.jpg
2026-06-04 17:49:23 [INFO] JSON结果保存到: C:\code\show\Scrap_Steel_In_Field\photos\segmentation_result.json
2026-06-04 17:49:23 [INFO] 类别统计：{0: 33, 1: 54, 2: 23, 3: 4, 4: 36, 5: 31, 6: 21, 7: 30, 8: 50, 9: 54, 10: 29, 11: 19, 12: 18, 13: 63, 14: 0, 15: 29}
2026-06-04 17:49:23 [INFO] 面积统计：{0: 3705120.0, 1: 866448.0, 2: 54072.0, 3: 147456.0, 4: 149004.0, 5: 75456.0, 6: 405792.0, 7: 42120.0, 8: 921348.0, 9: 216252.0, 10: 161928.0, 11: 340452.0, 12: 70200.0, 13: 796068.0, 14: 36.0, 15: 68616.0}
2026-06-04 17:49:23 [INFO] 分割成功
2026-06-04 17:49:23 [INFO] 引擎上下文已释放
2026-06-04 17:49:23 [INFO] TensorRT 引擎已释放
2026-06-04 17:49:23 [INFO] 全局 CUDA 资源已释放
2026-06-04 17:49:23 [INFO] 分割系统资源已释放
2026-06-04 17:49:27 [INFO] CUDA 初始化成功
2026-06-04 17:49:27 [INFO] 引擎加载成功: scrap_steel.engine
2026-06-04 17:49:27 [INFO] 分割系统初始化成功
2026-06-04 17:49:27 [INFO] 图像预处理完成，原始尺寸: (2160, 3840)
2026-06-04 17:49:27 [INFO] 开始执行分割...
2026-06-04 17:49:27 [DEBUG] 处理后的检测结果形状: (1, 8400, 6)
2026-06-04 17:49:27 [DEBUG] 示例检测结果: [[-4.12955475e+00 -3.25694942e+00  3.95321808e+01  1.54375963e+01
   4.37479777e-08  5.00000000e+00]
 [-6.50657272e+00 -3.00261307e+00  4.46008568e+01  2.97785988e+01
   1.05487459e-08  9.00000000e+00]
 [-3.58390808e+00 -3.49703789e+00  4.59163666e+01  3.04829655e+01
   4.96727104e-09  9.00000000e+00]]
2026-06-04 17:49:27 [DEBUG] 处理后检测输出形状: (0, 52)
2026-06-04 17:49:27 [DEBUG] 有效检测数量: 0
2026-06-04 17:49:27 [DEBUG] 检测输出为空
2026-06-04 17:49:27 [INFO] 掩码中检测到的类别: [0, 1, 2, 3, 4, 5, 6, 7, 8, 9, 10, 11, 12, 13, 14, 15]
2026-06-04 17:49:27 [INFO] 分割完成，检测到 0 个物体
2026-06-04 17:49:27 [INFO] 从分割掩码中提取检测结果
2026-06-04 17:49:28 [INFO] 从掩码中提取了 510 个检测框
2026-06-04 17:49:28 [INFO] 计算出的车框矩形边界: (1026, 620) to (3174, 1518)
2026-06-04 17:49:28 [INFO] 原始检测数: 510, 过滤后检测数: 214
2026-06-04 17:49:28 [INFO] 保存分割和检测结果到: C:\code\show\Scrap_Steel_In_Field\photos\segmentation\segment_20260604_174928.jpg
2026-06-04 17:49:28 [INFO] JSON结果保存到: C:\code\show\Scrap_Steel_In_Field\photos\segmentation_result.json
2026-06-04 17:49:28 [INFO] 类别统计：{0: 41, 1: 49, 2: 26, 3: 7, 4: 37, 5: 33, 6: 17, 7: 30, 8: 47, 9: 56, 10: 27, 11: 20, 12: 18, 13: 69, 14: 0, 15: 33}
2026-06-04 17:49:28 [INFO] 面积统计：{0: 3664116.0, 1: 872532.0, 2: 51552.0, 3: 144288.0, 4: 150624.0, 5: 79128.0, 6: 416772.0, 7: 44460.0, 8: 927900.0, 9: 206424.0, 10: 158868.0, 11: 340236.0, 12: 65772.0, 13: 831744.0, 14: 36.0, 15: 55224.0}
2026-06-04 17:49:28 [INFO] 分割成功
2026-06-04 17:49:28 [INFO] 引擎上下文已释放
2026-06-04 17:49:28 [INFO] TensorRT 引擎已释放
2026-06-04 17:49:28 [INFO] 全局 CUDA 资源已释放
2026-06-04 17:49:28 [INFO] 分割系统资源已释放
2026-06-04 17:49:32 [INFO] CUDA 初始化成功
2026-06-04 17:49:32 [INFO] 引擎加载成功: scrap_steel.engine
2026-06-04 17:49:32 [INFO] 分割系统初始化成功
2026-06-04 17:49:32 [INFO] 图像预处理完成，原始尺寸: (2160, 3840)
2026-06-04 17:49:32 [INFO] 开始执行分割...
2026-06-04 17:49:32 [DEBUG] 处理后的检测结果形状: (1, 8400, 6)
2026-06-04 17:49:32 [DEBUG] 示例检测结果: [[-4.12820816e+00 -3.30864286e+00  3.94848404e+01  1.56344604e+01
   4.53355469e-08  5.00000000e+00]
 [-6.52513885e+00 -3.05021191e+00  4.46072464e+01  3.00089226e+01
   1.06860085e-08  9.00000000e+00]
 [-3.58363342e+00 -3.52106571e+00  4.59507523e+01  3.05810013e+01
   4.81504614e-09  9.00000000e+00]]
2026-06-04 17:49:32 [DEBUG] 处理后检测输出形状: (0, 52)
2026-06-04 17:49:32 [DEBUG] 有效检测数量: 0
2026-06-04 17:49:32 [DEBUG] 检测输出为空
2026-06-04 17:49:32 [INFO] 掩码中检测到的类别: [0, 1, 2, 3, 4, 5, 6, 7, 8, 9, 10, 11, 12, 13, 14, 15]
2026-06-04 17:49:32 [INFO] 分割完成，检测到 0 个物体
2026-06-04 17:49:32 [INFO] 从分割掩码中提取检测结果
2026-06-04 17:49:33 [INFO] 从掩码中提取了 489 个检测框
2026-06-04 17:49:33 [INFO] 计算出的车框矩形边界: (1026, 619) to (3173, 1518)
2026-06-04 17:49:33 [INFO] 原始检测数: 489, 过滤后检测数: 213
2026-06-04 17:49:33 [INFO] 保存分割和检测结果到: C:\code\show\Scrap_Steel_In_Field\photos\segmentation\segment_20260604_174933.jpg
2026-06-04 17:49:33 [INFO] JSON结果保存到: C:\code\show\Scrap_Steel_In_Field\photos\segmentation_result.json
2026-06-04 17:49:33 [INFO] 类别统计：{0: 33, 1: 48, 2: 28, 3: 7, 4: 29, 5: 29, 6: 21, 7: 26, 8: 52, 9: 51, 10: 30, 11: 21, 12: 19, 13: 67, 14: 0, 15: 28}
2026-06-04 17:49:33 [INFO] 面积统计：{0: 3675492.0, 1: 859140.0, 2: 56952.0, 3: 144612.0, 4: 148248.0, 5: 72288.0, 6: 408528.0, 7: 45288.0, 8: 930132.0, 9: 201780.0, 10: 159588.0, 11: 343908.0, 12: 73836.0, 13: 835920.0, 14: 36.0, 15: 49680.0}
2026-06-04 17:49:33 [INFO] 分割成功
2026-06-04 17:49:33 [INFO] 引擎上下文已释放
2026-06-04 17:49:33 [INFO] TensorRT 引擎已释放
2026-06-04 17:49:33 [INFO] 全局 CUDA 资源已释放
2026-06-04 17:49:33 [INFO] 分割系统资源已释放
2026-06-04 17:49:37 [INFO] CUDA 初始化成功
2026-06-04 17:49:37 [INFO] 引擎加载成功: scrap_steel.engine
2026-06-04 17:49:37 [INFO] 分割系统初始化成功
2026-06-04 17:49:38 [INFO] 图像预处理完成，原始尺寸: (2160, 3840)
2026-06-04 17:49:38 [INFO] 开始执行分割...
2026-06-04 17:49:38 [DEBUG] 处理后的检测结果形状: (1, 8400, 6)
2026-06-04 17:49:38 [DEBUG] 示例检测结果: [[-4.13325500e+00 -3.28327847e+00  3.94145355e+01  1.54652376e+01
   4.41019594e-08  5.00000000e+00]
 [-6.49623871e+00 -3.01232910e+00  4.45710907e+01  2.97816353e+01
   1.05355014e-08  9.00000000e+00]
 [-3.58075714e+00 -3.52298164e+00  4.59137573e+01  3.04961414e+01
   4.81504614e-09  9.00000000e+00]]
2026-06-04 17:49:38 [DEBUG] 处理后检测输出形状: (0, 52)
2026-06-04 17:49:38 [DEBUG] 有效检测数量: 0
2026-06-04 17:49:38 [DEBUG] 检测输出为空
2026-06-04 17:49:38 [INFO] 掩码中检测到的类别: [0, 1, 2, 3, 4, 5, 6, 7, 8, 9, 10, 11, 12, 13, 14, 15]
2026-06-04 17:49:38 [INFO] 分割完成，检测到 0 个物体
2026-06-04 17:49:38 [INFO] 从分割掩码中提取检测结果
2026-06-04 17:49:38 [INFO] 从掩码中提取了 492 个检测框
2026-06-04 17:49:38 [INFO] 计算出的车框矩形边界: (1026, 618) to (3174, 1518)
2026-06-04 17:49:38 [INFO] 原始检测数: 492, 过滤后检测数: 212
2026-06-04 17:49:38 [INFO] 保存分割和检测结果到: C:\code\show\Scrap_Steel_In_Field\photos\segmentation\segment_20260604_174938.jpg
2026-06-04 17:49:38 [INFO] JSON结果保存到: C:\code\show\Scrap_Steel_In_Field\photos\segmentation_result.json
2026-06-04 17:49:38 [INFO] 类别统计：{0: 31, 1: 50, 2: 26, 3: 5, 4: 33, 5: 35, 6: 19, 7: 28, 8: 50, 9: 58, 10: 23, 11: 21, 12: 18, 13: 71, 14: 0, 15: 24}
2026-06-04 17:49:38 [INFO] 面积统计：{0: 3618432.0, 1: 876024.0, 2: 57096.0, 3: 138924.0, 4: 156816.0, 5: 76176.0, 6: 411480.0, 7: 42840.0, 8: 937692.0, 9: 210312.0, 10: 155628.0, 11: 343980.0, 12: 68616.0, 13: 838368.0, 14: 36.0, 15: 63936.0}
2026-06-04 17:49:38 [INFO] 分割成功
2026-06-04 17:49:38 [INFO] 引擎上下文已释放
2026-06-04 17:49:38 [INFO] TensorRT 引擎已释放
2026-06-04 17:49:39 [INFO] 全局 CUDA 资源已释放
2026-06-04 17:49:39 [INFO] 分割系统资源已释放
2026-06-04 17:49:43 [INFO] CUDA 初始化成功
2026-06-04 17:49:43 [INFO] 引擎加载成功: scrap_steel.engine
2026-06-04 17:49:43 [INFO] 分割系统初始化成功
2026-06-04 17:49:43 [INFO] 图像预处理完成，原始尺寸: (2160, 3840)
2026-06-04 17:49:43 [INFO] 开始执行分割...
2026-06-04 17:49:43 [DEBUG] 处理后的检测结果形状: (1, 8400, 6)
2026-06-04 17:49:43 [DEBUG] 示例检测结果: [[-4.11160278e+00 -3.27599049e+00  3.95313416e+01  1.54592123e+01
   4.46359891e-08  5.00000000e+00]
 [-6.51891708e+00 -3.01562500e+00  4.46429214e+01  2.98823776e+01
   1.04791695e-08  9.00000000e+00]
 [-3.55458450e+00 -3.48107147e+00  4.59388847e+01  3.05111275e+01
   4.91227858e-09  9.00000000e+00]]
2026-06-04 17:49:43 [DEBUG] 处理后检测输出形状: (0, 52)
2026-06-04 17:49:43 [DEBUG] 有效检测数量: 0
2026-06-04 17:49:43 [DEBUG] 检测输出为空
2026-06-04 17:49:43 [INFO] 掩码中检测到的类别: [0, 1, 2, 3, 4, 5, 6, 7, 8, 9, 10, 11, 12, 13, 14, 15]
2026-06-04 17:49:43 [INFO] 分割完成，检测到 0 个物体
2026-06-04 17:49:43 [INFO] 从分割掩码中提取检测结果
2026-06-04 17:49:43 [INFO] 从掩码中提取了 495 个检测框
2026-06-04 17:49:43 [INFO] 计算出的车框矩形边界: (1026, 618) to (3174, 1518)
2026-06-04 17:49:43 [INFO] 原始检测数: 495, 过滤后检测数: 220
2026-06-04 17:49:44 [INFO] 保存分割和检测结果到: C:\code\show\Scrap_Steel_In_Field\photos\segmentation\segment_20260604_174943.jpg
2026-06-04 17:49:44 [INFO] JSON结果保存到: C:\code\show\Scrap_Steel_In_Field\photos\segmentation_result.json
2026-06-04 17:49:44 [INFO] 类别统计：{0: 46, 1: 52, 2: 26, 3: 6, 4: 30, 5: 31, 6: 18, 7: 32, 8: 44, 9: 54, 10: 29, 11: 20, 12: 18, 13: 62, 14: 0, 15: 27}
2026-06-04 17:49:44 [INFO] 面积统计：{0: 3718692.0, 1: 908172.0, 2: 55584.0, 3: 140220.0, 4: 143676.0, 5: 69336.0, 6: 413424.0, 7: 41724.0, 8: 933444.0, 9: 210456.0, 10: 148680.0, 11: 347508.0, 12: 69228.0, 13: 807444.0, 14: 36.0, 15: 68904.0}
2026-06-04 17:49:44 [INFO] 分割成功
2026-06-04 17:49:44 [INFO] 引擎上下文已释放
2026-06-04 17:49:44 [INFO] TensorRT 引擎已释放
2026-06-04 17:49:44 [INFO] 全局 CUDA 资源已释放
2026-06-04 17:49:44 [INFO] 分割系统资源已释放
2026-06-04 17:49:48 [INFO] CUDA 初始化成功
2026-06-04 17:49:48 [INFO] 引擎加载成功: scrap_steel.engine
2026-06-04 17:49:48 [INFO] 分割系统初始化成功
2026-06-04 17:49:48 [INFO] 图像预处理完成，原始尺寸: (2160, 3840)
2026-06-04 17:49:48 [INFO] 开始执行分割...
2026-06-04 17:49:48 [DEBUG] 处理后的检测结果形状: (1, 8400, 6)
2026-06-04 17:49:48 [DEBUG] 示例检测结果: [[-4.12834930e+00 -3.29462433e+00  3.94625626e+01  1.55543861e+01
   4.51847271e-08  5.00000000e+00]
 [-6.48440552e+00 -3.02396393e+00  4.45452423e+01  2.99795609e+01
   1.03565796e-08  9.00000000e+00]
 [-3.51984406e+00 -3.51963997e+00  4.58890686e+01  3.05856457e+01
   4.76839368e-09  9.00000000e+00]]
2026-06-04 17:49:48 [DEBUG] 处理后检测输出形状: (0, 52)
2026-06-04 17:49:48 [DEBUG] 有效检测数量: 0
2026-06-04 17:49:48 [DEBUG] 检测输出为空
2026-06-04 17:49:48 [INFO] 掩码中检测到的类别: [0, 1, 2, 3, 4, 5, 6, 7, 8, 9, 10, 11, 12, 13, 14, 15]
2026-06-04 17:49:48 [INFO] 分割完成，检测到 0 个物体
2026-06-04 17:49:48 [INFO] 从分割掩码中提取检测结果
2026-06-04 17:49:48 [INFO] 从掩码中提取了 499 个检测框
2026-06-04 17:49:48 [INFO] 计算出的车框矩形边界: (1026, 618) to (3174, 1518)
2026-06-04 17:49:48 [INFO] 原始检测数: 499, 过滤后检测数: 217
2026-06-04 17:49:49 [INFO] 保存分割和检测结果到: C:\code\show\Scrap_Steel_In_Field\photos\segmentation\segment_20260604_174948.jpg
2026-06-04 17:49:49 [INFO] JSON结果保存到: C:\code\show\Scrap_Steel_In_Field\photos\segmentation_result.json
2026-06-04 17:49:49 [INFO] 类别统计：{0: 43, 1: 51, 2: 26, 3: 6, 4: 30, 5: 31, 6: 22, 7: 27, 8: 48, 9: 54, 10: 28, 11: 20, 12: 17, 13: 73, 14: 0, 15: 23}
2026-06-04 17:49:49 [INFO] 面积统计：{0: 3753108.0, 1: 851220.0, 2: 53424.0, 3: 142308.0, 4: 146952.0, 5: 80496.0, 6: 409212.0, 7: 37404.0, 8: 907956.0, 9: 203400.0, 10: 158220.0, 11: 345672.0, 12: 76356.0, 13: 811584.0, 14: 36.0, 15: 65520.0}
2026-06-04 17:49:49 [INFO] 分割成功
2026-06-04 17:49:49 [INFO] 引擎上下文已释放
2026-06-04 17:49:49 [INFO] TensorRT 引擎已释放
2026-06-04 17:49:49 [INFO] 全局 CUDA 资源已释放
2026-06-04 17:49:49 [INFO] 分割系统资源已释放
2026-06-04 17:49:53 [INFO] CUDA 初始化成功
2026-06-04 17:49:53 [INFO] 引擎加载成功: scrap_steel.engine
2026-06-04 17:49:53 [INFO] 分割系统初始化成功
2026-06-04 17:49:53 [INFO] 图像预处理完成，原始尺寸: (2160, 3840)
2026-06-04 17:49:53 [INFO] 开始执行分割...
2026-06-04 17:49:53 [DEBUG] 处理后的检测结果形状: (1, 8400, 6)
2026-06-04 17:49:53 [DEBUG] 示例检测结果: [[-4.12837601e+00 -3.28432083e+00  3.95807724e+01  1.55401535e+01
   4.55374334e-08  5.00000000e+00]
 [-6.54261780e+00 -3.03848648e+00  4.46376534e+01  2.99016151e+01
   1.05118154e-08  9.00000000e+00]
 [-3.58522034e+00 -3.50870419e+00  4.59799194e+01  3.05170326e+01
   4.80573448e-09  9.00000000e+00]]
2026-06-04 17:49:53 [DEBUG] 处理后检测输出形状: (0, 52)
2026-06-04 17:49:53 [DEBUG] 有效检测数量: 0
2026-06-04 17:49:53 [DEBUG] 检测输出为空
2026-06-04 17:49:53 [INFO] 掩码中检测到的类别: [0, 1, 2, 3, 4, 5, 6, 7, 8, 9, 10, 11, 12, 13, 14, 15]
2026-06-04 17:49:53 [INFO] 分割完成，检测到 0 个物体
2026-06-04 17:49:53 [INFO] 从分割掩码中提取检测结果
2026-06-04 17:49:53 [INFO] 从掩码中提取了 504 个检测框
2026-06-04 17:49:53 [INFO] 计算出的车框矩形边界: (1025, 620) to (3174, 1518)
2026-06-04 17:49:53 [INFO] 原始检测数: 504, 过滤后检测数: 216
2026-06-04 17:49:54 [INFO] 保存分割和检测结果到: C:\code\show\Scrap_Steel_In_Field\photos\segmentation\segment_20260604_174953.jpg
2026-06-04 17:49:54 [INFO] JSON结果保存到: C:\code\show\Scrap_Steel_In_Field\photos\segmentation_result.json
2026-06-04 17:49:54 [INFO] 类别统计：{0: 34, 1: 51, 2: 28, 3: 5, 4: 29, 5: 37, 6: 16, 7: 31, 8: 45, 9: 55, 10: 30, 11: 22, 12: 20, 13: 70, 14: 0, 15: 31}
2026-06-04 17:49:54 [INFO] 面积统计：{0: 3728196.0, 1: 912132.0, 2: 50076.0, 3: 145188.0, 4: 152388.0, 5: 71820.0, 6: 402408.0, 7: 42552.0, 8: 925128.0, 9: 209880.0, 10: 153504.0, 11: 341856.0, 12: 76896.0, 13: 775044.0, 14: 36.0, 15: 70020.0}
2026-06-04 17:49:54 [INFO] 分割成功
2026-06-04 17:49:54 [INFO] 引擎上下文已释放
2026-06-04 17:49:54 [INFO] TensorRT 引擎已释放
2026-06-04 17:49:54 [INFO] 全局 CUDA 资源已释放
2026-06-04 17:49:54 [INFO] 分割系统资源已释放
2026-06-04 17:49:58 [INFO] CUDA 初始化成功
2026-06-04 17:49:58 [INFO] 引擎加载成功: scrap_steel.engine
2026-06-04 17:49:58 [INFO] 分割系统初始化成功
2026-06-04 17:49:58 [INFO] 图像预处理完成，原始尺寸: (2160, 3840)
2026-06-04 17:49:58 [INFO] 开始执行分割...
2026-06-04 17:49:58 [DEBUG] 处理后的检测结果形状: (1, 8400, 6)
2026-06-04 17:49:58 [DEBUG] 示例检测结果: [[-4.12748718e+00 -3.28007507e+00  3.96174240e+01  1.55554600e+01
   4.34102212e-08  5.00000000e+00]
 [-6.55691147e+00 -3.02711773e+00  4.45903740e+01  2.99422455e+01
   1.05422231e-08  9.00000000e+00]
 [-3.56285858e+00 -3.49717331e+00  4.59199524e+01  3.05069962e+01
   4.85878626e-09  9.00000000e+00]]
2026-06-04 17:49:58 [DEBUG] 处理后检测输出形状: (0, 52)
2026-06-04 17:49:58 [DEBUG] 有效检测数量: 0
2026-06-04 17:49:58 [DEBUG] 检测输出为空
2026-06-04 17:49:58 [INFO] 掩码中检测到的类别: [0, 1, 2, 3, 4, 5, 6, 7, 8, 9, 10, 11, 12, 13, 14, 15]
2026-06-04 17:49:58 [INFO] 分割完成，检测到 0 个物体
2026-06-04 17:49:58 [INFO] 从分割掩码中提取检测结果
2026-06-04 17:49:58 [INFO] 从掩码中提取了 481 个检测框
2026-06-04 17:49:58 [INFO] 计算出的车框矩形边界: (1025, 620) to (3174, 1518)
2026-06-04 17:49:58 [INFO] 原始检测数: 481, 过滤后检测数: 213
2026-06-04 17:49:59 [INFO] 保存分割和检测结果到: C:\code\show\Scrap_Steel_In_Field\photos\segmentation\segment_20260604_174958.jpg
2026-06-04 17:49:59 [INFO] JSON结果保存到: C:\code\show\Scrap_Steel_In_Field\photos\segmentation_result.json
2026-06-04 17:49:59 [INFO] 类别统计：{0: 32, 1: 49, 2: 27, 3: 6, 4: 27, 5: 36, 6: 13, 7: 27, 8: 55, 9: 54, 10: 26, 11: 21, 12: 20, 13: 61, 14: 0, 15: 27}
2026-06-04 17:49:59 [INFO] 面积统计：{0: 3561948.0, 1: 873720.0, 2: 49716.0, 3: 144072.0, 4: 159984.0, 5: 75852.0, 6: 410004.0, 7: 41148.0, 8: 927648.0, 9: 219204.0, 10: 160272.0, 11: 333540.0, 12: 70740.0, 13: 828360.0, 14: 36.0, 15: 67140.0}
2026-06-04 17:49:59 [INFO] 分割成功
2026-06-04 17:49:59 [INFO] 引擎上下文已释放
2026-06-04 17:49:59 [INFO] TensorRT 引擎已释放
2026-06-04 17:49:59 [INFO] 全局 CUDA 资源已释放
2026-06-04 17:49:59 [INFO] 分割系统资源已释放
2026-06-04 17:50:03 [INFO] CUDA 初始化成功
2026-06-04 17:50:03 [INFO] 引擎加载成功: scrap_steel.engine
2026-06-04 17:50:03 [INFO] 分割系统初始化成功
2026-06-04 17:50:03 [INFO] 图像预处理完成，原始尺寸: (2160, 3840)
2026-06-04 17:50:03 [INFO] 开始执行分割...
2026-06-04 17:50:03 [DEBUG] 处理后的检测结果形状: (1, 8400, 6)
2026-06-04 17:50:03 [DEBUG] 示例检测结果: [[-4.16083527e+00 -3.33135176e+00  3.95636826e+01  1.58424187e+01
   4.48099229e-08  5.00000000e+00]
 [-6.49378204e+00 -3.06270695e+00  4.45003662e+01  3.00124588e+01
   1.04459481e-08  9.00000000e+00]
 [-3.53098297e+00 -3.53901196e+00  4.58918610e+01  3.05469933e+01
   4.74035033e-09  9.00000000e+00]]
2026-06-04 17:50:03 [DEBUG] 处理后检测输出形状: (0, 52)
2026-06-04 17:50:03 [DEBUG] 有效检测数量: 0
2026-06-04 17:50:03 [DEBUG] 检测输出为空
2026-06-04 17:50:03 [INFO] 掩码中检测到的类别: [0, 1, 2, 3, 4, 5, 6, 7, 8, 9, 10, 11, 12, 13, 14, 15]
2026-06-04 17:50:03 [INFO] 分割完成，检测到 0 个物体
2026-06-04 17:50:03 [INFO] 从分割掩码中提取检测结果
2026-06-04 17:50:03 [INFO] 从掩码中提取了 507 个检测框
2026-06-04 17:50:04 [INFO] 计算出的车框矩形边界: (1026, 620) to (3174, 1518)
2026-06-04 17:50:04 [INFO] 原始检测数: 507, 过滤后检测数: 212
2026-06-04 17:50:04 [INFO] 保存分割和检测结果到: C:\code\show\Scrap_Steel_In_Field\photos\segmentation\segment_20260604_175003.jpg
2026-06-04 17:50:04 [INFO] JSON结果保存到: C:\code\show\Scrap_Steel_In_Field\photos\segmentation_result.json
2026-06-04 17:50:04 [INFO] 类别统计：{0: 30, 1: 53, 2: 26, 3: 7, 4: 34, 5: 33, 6: 20, 7: 28, 8: 50, 9: 58, 10: 27, 11: 22, 12: 18, 13: 74, 14: 0, 15: 27}
2026-06-04 17:50:04 [INFO] 面积统计：{0: 3637836.0, 1: 876024.0, 2: 55656.0, 3: 139104.0, 4: 159912.0, 5: 75852.0, 6: 403776.0, 7: 43812.0, 8: 940860.0, 9: 202500.0, 10: 155700.0, 11: 330552.0, 12: 69804.0, 13: 805860.0, 14: 36.0, 15: 65124.0}
2026-06-04 17:50:04 [INFO] 分割成功
2026-06-04 17:50:04 [INFO] 引擎上下文已释放
2026-06-04 17:50:04 [INFO] TensorRT 引擎已释放
2026-06-04 17:50:04 [INFO] 全局 CUDA 资源已释放
2026-06-04 17:50:04 [INFO] 分割系统资源已释放
2026-06-04 17:50:08 [INFO] CUDA 初始化成功
2026-06-04 17:50:08 [INFO] 引擎加载成功: scrap_steel.engine
2026-06-04 17:50:08 [INFO] 分割系统初始化成功
2026-06-04 17:50:08 [INFO] 图像预处理完成，原始尺寸: (2160, 3840)
2026-06-04 17:50:08 [INFO] 开始执行分割...
2026-06-04 17:50:08 [DEBUG] 处理后的检测结果形状: (1, 8400, 6)
2026-06-04 17:50:08 [DEBUG] 示例检测结果: [[-4.11493301e+00 -3.27983904e+00  3.93750648e+01  1.54621964e+01
   4.53355469e-08  5.00000000e+00]
 [-6.51602554e+00 -3.01266479e+00  4.45573997e+01  2.98201294e+01
   1.06441362e-08  9.00000000e+00]
 [-3.58215714e+00 -3.50789356e+00  4.59525108e+01  3.04965706e+01
   4.91958474e-09  9.00000000e+00]]
2026-06-04 17:50:08 [DEBUG] 处理后检测输出形状: (0, 52)
2026-06-04 17:50:08 [DEBUG] 有效检测数量: 0
2026-06-04 17:50:08 [DEBUG] 检测输出为空
2026-06-04 17:50:08 [INFO] 掩码中检测到的类别: [0, 1, 2, 3, 4, 5, 6, 7, 8, 9, 10, 11, 12, 13, 14, 15]
2026-06-04 17:50:08 [INFO] 分割完成，检测到 0 个物体
2026-06-04 17:50:08 [INFO] 从分割掩码中提取检测结果
2026-06-04 17:50:09 [INFO] 从掩码中提取了 479 个检测框
2026-06-04 17:50:09 [INFO] 计算出的车框矩形边界: (1026, 621) to (3174, 1518)
2026-06-04 17:50:09 [INFO] 原始检测数: 479, 过滤后检测数: 209
2026-06-04 17:50:09 [INFO] 保存分割和检测结果到: C:\code\show\Scrap_Steel_In_Field\photos\segmentation\segment_20260604_175009.jpg
2026-06-04 17:50:09 [INFO] JSON结果保存到: C:\code\show\Scrap_Steel_In_Field\photos\segmentation_result.json
2026-06-04 17:50:09 [INFO] 类别统计：{0: 32, 1: 49, 2: 26, 3: 6, 4: 29, 5: 36, 6: 19, 7: 27, 8: 44, 9: 51, 10: 25, 11: 23, 12: 18, 13: 61, 14: 0, 15: 33}
2026-06-04 17:50:09 [INFO] 面积统计：{0: 3727152.0, 1: 923544.0, 2: 54252.0, 3: 141660.0, 4: 153972.0, 5: 76428.0, 6: 401472.0, 7: 46152.0, 8: 936936.0, 9: 210924.0, 10: 158364.0, 11: 348624.0, 12: 65592.0, 13: 792540.0, 14: 72.0, 15: 65304.0}
2026-06-04 17:50:09 [INFO] 分割成功
2026-06-04 17:50:09 [INFO] 引擎上下文已释放
2026-06-04 17:50:09 [INFO] TensorRT 引擎已释放
2026-06-04 17:50:09 [INFO] 全局 CUDA 资源已释放
2026-06-04 17:50:09 [INFO] 分割系统资源已释放
2026-06-04 17:50:13 [INFO] CUDA 初始化成功
2026-06-04 17:50:13 [INFO] 引擎加载成功: scrap_steel.engine
2026-06-04 17:50:13 [INFO] 分割系统初始化成功
2026-06-04 17:50:13 [INFO] 图像预处理完成，原始尺寸: (2160, 3840)
2026-06-04 17:50:13 [INFO] 开始执行分割...
2026-06-04 17:50:13 [DEBUG] 处理后的检测结果形状: (1, 8400, 6)
2026-06-04 17:50:13 [DEBUG] 示例检测结果: [[-4.15917206e+00 -3.29296494e+00  3.93988037e+01  1.55245781e+01
   4.34148184e-08  5.00000000e+00]
 [-6.51271057e+00 -3.03790379e+00  4.45345345e+01  2.98125153e+01
   1.02638964e-08  9.00000000e+00]
 [-3.58708191e+00 -3.52235699e+00  4.59068031e+01  3.04242439e+01
   4.73202810e-09  9.00000000e+00]]
2026-06-04 17:50:13 [DEBUG] 处理后检测输出形状: (0, 52)
2026-06-04 17:50:13 [DEBUG] 有效检测数量: 0
2026-06-04 17:50:13 [DEBUG] 检测输出为空
2026-06-04 17:50:13 [INFO] 掩码中检测到的类别: [0, 1, 2, 3, 4, 5, 6, 7, 8, 9, 10, 11, 12, 13, 14, 15]
2026-06-04 17:50:13 [INFO] 分割完成，检测到 0 个物体
2026-06-04 17:50:13 [INFO] 从分割掩码中提取检测结果
2026-06-04 17:50:14 [INFO] 从掩码中提取了 513 个检测框
2026-06-04 17:50:14 [INFO] 计算出的车框矩形边界: (1025, 620) to (3174, 1518)
2026-06-04 17:50:14 [INFO] 原始检测数: 513, 过滤后检测数: 223
2026-06-04 17:50:14 [INFO] 保存分割和检测结果到: C:\code\show\Scrap_Steel_In_Field\photos\segmentation\segment_20260604_175014.jpg
2026-06-04 17:50:14 [INFO] JSON结果保存到: C:\code\show\Scrap_Steel_In_Field\photos\segmentation_result.json
2026-06-04 17:50:14 [INFO] 类别统计：{0: 38, 1: 58, 2: 28, 3: 6, 4: 27, 5: 38, 6: 17, 7: 32, 8: 57, 9: 54, 10: 25, 11: 18, 12: 21, 13: 65, 14: 0, 15: 29}
2026-06-04 17:50:14 [INFO] 面积统计：{0: 3733524.0, 1: 856008.0, 2: 51732.0, 3: 143748.0, 4: 145512.0, 5: 73728.0, 6: 403452.0, 7: 52812.0, 8: 926424.0, 9: 203904.0, 10: 159840.0, 11: 346932.0, 12: 67752.0, 13: 779616.0, 14: 36.0, 15: 68904.0}
2026-06-04 17:50:14 [INFO] 分割成功
2026-06-04 17:50:14 [INFO] 引擎上下文已释放
2026-06-04 17:50:14 [INFO] TensorRT 引擎已释放
2026-06-04 17:50:14 [INFO] 全局 CUDA 资源已释放
2026-06-04 17:50:14 [INFO] 分割系统资源已释放
2026-06-04 17:50:18 [INFO] CUDA 初始化成功
2026-06-04 17:50:18 [INFO] 引擎加载成功: scrap_steel.engine
2026-06-04 17:50:18 [INFO] 分割系统初始化成功
2026-06-04 17:50:18 [INFO] 图像预处理完成，原始尺寸: (2160, 3840)
2026-06-04 17:50:18 [INFO] 开始执行分割...
2026-06-04 17:50:18 [DEBUG] 处理后的检测结果形状: (1, 8400, 6)
2026-06-04 17:50:18 [DEBUG] 示例检测结果: [[-4.12426758e+00 -3.28480625e+00  3.94487915e+01  1.54586630e+01
   4.48099229e-08  5.00000000e+00]
 [-6.50027466e+00 -3.02451038e+00  4.45540085e+01  2.98219872e+01
   1.04459481e-08  9.00000000e+00]
 [-3.55404282e+00 -3.49479198e+00  4.58811455e+01  3.04375305e+01
   4.77718309e-09  9.00000000e+00]]
2026-06-04 17:50:18 [DEBUG] 处理后检测输出形状: (0, 52)
2026-06-04 17:50:18 [DEBUG] 有效检测数量: 0
2026-06-04 17:50:18 [DEBUG] 检测输出为空
2026-06-04 17:50:18 [INFO] 掩码中检测到的类别: [0, 1, 2, 3, 4, 5, 6, 7, 8, 9, 10, 11, 12, 13, 14, 15]
2026-06-04 17:50:18 [INFO] 分割完成，检测到 0 个物体
2026-06-04 17:50:18 [INFO] 从分割掩码中提取检测结果
2026-06-04 17:50:19 [INFO] 从掩码中提取了 507 个检测框
2026-06-04 17:50:19 [INFO] 计算出的车框矩形边界: (1025, 620) to (3174, 1518)
2026-06-04 17:50:19 [INFO] 原始检测数: 507, 过滤后检测数: 216
2026-06-04 17:50:19 [INFO] 保存分割和检测结果到: C:\code\show\Scrap_Steel_In_Field\photos\segmentation\segment_20260604_175019.jpg
2026-06-04 17:50:19 [INFO] JSON结果保存到: C:\code\show\Scrap_Steel_In_Field\photos\segmentation_result.json
2026-06-04 17:50:19 [INFO] 类别统计：{0: 35, 1: 47, 2: 25, 3: 6, 4: 28, 5: 38, 6: 20, 7: 29, 8: 45, 9: 58, 10: 30, 11: 22, 12: 20, 13: 73, 14: 0, 15: 31}
2026-06-04 17:50:19 [INFO] 面积统计：{0: 3696732.0, 1: 849240.0, 2: 57096.0, 3: 144000.0, 4: 145188.0, 5: 75492.0, 6: 397764.0, 7: 42408.0, 8: 922500.0, 9: 206244.0, 10: 152460.0, 11: 349344.0, 12: 67248.0, 13: 799308.0, 14: 36.0, 15: 66240.0}
2026-06-04 17:50:19 [INFO] 分割成功
2026-06-04 17:50:19 [INFO] 引擎上下文已释放
2026-06-04 17:50:19 [INFO] TensorRT 引擎已释放
2026-06-04 17:50:19 [INFO] 全局 CUDA 资源已释放
2026-06-04 17:50:19 [INFO] 分割系统资源已释放
2026-06-04 17:50:23 [INFO] CUDA 初始化成功
2026-06-04 17:50:23 [INFO] 引擎加载成功: scrap_steel.engine
2026-06-04 17:50:23 [INFO] 分割系统初始化成功
2026-06-04 17:50:23 [INFO] 图像预处理完成，原始尺寸: (2160, 3840)
2026-06-04 17:50:23 [INFO] 开始执行分割...
2026-06-04 17:50:24 [DEBUG] 处理后的检测结果形状: (1, 8400, 6)
2026-06-04 17:50:24 [DEBUG] 示例检测结果: [[-4.16147614e+00 -3.30786610e+00  3.94497261e+01  1.56934519e+01
   4.40894681e-08  5.00000000e+00]
 [-6.55245209e+00 -3.05295086e+00  4.45641594e+01  2.99435234e+01
   1.03787663e-08  9.00000000e+00]
 [-3.57660675e+00 -3.53894424e+00  4.59569397e+01  3.05368271e+01
   4.76898521e-09  9.00000000e+00]]
2026-06-04 17:50:24 [DEBUG] 处理后检测输出形状: (0, 52)
2026-06-04 17:50:24 [DEBUG] 有效检测数量: 0
2026-06-04 17:50:24 [DEBUG] 检测输出为空
2026-06-04 17:50:24 [INFO] 掩码中检测到的类别: [0, 1, 2, 3, 4, 5, 6, 7, 8, 9, 10, 11, 12, 13, 14, 15]
2026-06-04 17:50:24 [INFO] 分割完成，检测到 0 个物体
2026-06-04 17:50:24 [INFO] 从分割掩码中提取检测结果
2026-06-04 17:50:24 [INFO] 从掩码中提取了 488 个检测框
2026-06-04 17:50:24 [INFO] 计算出的车框矩形边界: (1026, 621) to (3173, 1518)
2026-06-04 17:50:24 [INFO] 原始检测数: 488, 过滤后检测数: 207
2026-06-04 17:50:24 [INFO] 保存分割和检测结果到: C:\code\show\Scrap_Steel_In_Field\photos\segmentation\segment_20260604_175024.jpg
2026-06-04 17:50:24 [INFO] JSON结果保存到: C:\code\show\Scrap_Steel_In_Field\photos\segmentation_result.json
2026-06-04 17:50:24 [INFO] 类别统计：{0: 31, 1: 51, 2: 27, 3: 6, 4: 30, 5: 35, 6: 18, 7: 31, 8: 47, 9: 51, 10: 28, 11: 23, 12: 15, 13: 66, 14: 0, 15: 29}
2026-06-04 17:50:24 [INFO] 面积统计：{0: 3678912.0, 1: 876708.0, 2: 56700.0, 3: 144900.0, 4: 151992.0, 5: 76608.0, 6: 406260.0, 7: 45252.0, 8: 928080.0, 9: 222588.0, 10: 147636.0, 11: 352548.0, 12: 70128.0, 13: 823284.0, 14: 36.0, 15: 65268.0}
2026-06-04 17:50:24 [INFO] 分割成功
2026-06-04 17:50:24 [INFO] 引擎上下文已释放
2026-06-04 17:50:24 [INFO] TensorRT 引擎已释放
2026-06-04 17:50:25 [INFO] 全局 CUDA 资源已释放
2026-06-04 17:50:25 [INFO] 分割系统资源已释放
2026-06-04 17:50:28 [INFO] CUDA 初始化成功
2026-06-04 17:50:29 [INFO] 引擎加载成功: scrap_steel.engine
2026-06-04 17:50:29 [INFO] 分割系统初始化成功
2026-06-04 17:50:29 [INFO] 图像预处理完成，原始尺寸: (2160, 3840)
2026-06-04 17:50:29 [INFO] 开始执行分割...
2026-06-04 17:50:29 [DEBUG] 处理后的检测结果形状: (1, 8400, 6)
2026-06-04 17:50:29 [DEBUG] 示例检测结果: [[-4.16312027e+00 -3.29594707e+00  3.93352356e+01  1.54983339e+01
   4.35781651e-08  5.00000000e+00]
 [-6.55469894e+00 -3.05235100e+00  4.45979080e+01  2.98154888e+01
   1.05075628e-08  9.00000000e+00]
 [-3.60036850e+00 -3.55281067e+00  4.59498711e+01  3.04748383e+01
   4.82492712e-09  9.00000000e+00]]
2026-06-04 17:50:29 [DEBUG] 处理后检测输出形状: (0, 52)
2026-06-04 17:50:29 [DEBUG] 有效检测数量: 0
2026-06-04 17:50:29 [DEBUG] 检测输出为空
2026-06-04 17:50:29 [INFO] 掩码中检测到的类别: [0, 1, 2, 3, 4, 5, 6, 7, 8, 9, 10, 11, 12, 13, 14, 15]
2026-06-04 17:50:29 [INFO] 分割完成，检测到 0 个物体
2026-06-04 17:50:29 [INFO] 从分割掩码中提取检测结果
2026-06-04 17:50:29 [INFO] 从掩码中提取了 498 个检测框
2026-06-04 17:50:29 [INFO] 计算出的车框矩形边界: (1026, 620) to (3174, 1518)
2026-06-04 17:50:29 [INFO] 原始检测数: 498, 过滤后检测数: 218
2026-06-04 17:50:30 [INFO] 保存分割和检测结果到: C:\code\show\Scrap_Steel_In_Field\photos\segmentation\segment_20260604_175029.jpg
2026-06-04 17:50:30 [INFO] JSON结果保存到: C:\code\show\Scrap_Steel_In_Field\photos\segmentation_result.json
2026-06-04 17:50:30 [INFO] 类别统计：{0: 38, 1: 47, 2: 27, 3: 7, 4: 31, 5: 41, 6: 19, 7: 24, 8: 47, 9: 55, 10: 27, 11: 18, 12: 18, 13: 75, 14: 0, 15: 24}
2026-06-04 17:50:30 [INFO] 面积统计：{0: 3660948.0, 1: 878868.0, 2: 60732.0, 3: 140328.0, 4: 171648.0, 5: 72324.0, 6: 400932.0, 7: 41112.0, 8: 960156.0, 9: 213444.0, 10: 147492.0, 11: 344772.0, 12: 63468.0, 13: 807948.0, 14: 36.0, 15: 58788.0}
2026-06-04 17:50:30 [INFO] 分割成功
2026-06-04 17:50:30 [INFO] 引擎上下文已释放
2026-06-04 17:50:30 [INFO] TensorRT 引擎已释放
2026-06-04 17:50:30 [INFO] 全局 CUDA 资源已释放
2026-06-04 17:50:30 [INFO] 分割系统资源已释放
2026-06-04 17:50:34 [INFO] CUDA 初始化成功
2026-06-04 17:50:34 [INFO] 引擎加载成功: scrap_steel.engine
2026-06-04 17:50:34 [INFO] 分割系统初始化成功
2026-06-04 17:50:34 [INFO] 图像预处理完成，原始尺寸: (2160, 3840)
2026-06-04 17:50:34 [INFO] 开始执行分割...
2026-06-04 17:50:34 [DEBUG] 处理后的检测结果形状: (1, 8400, 6)
2026-06-04 17:50:34 [DEBUG] 示例检测结果: [[-4.10188675e+00 -3.27589130e+00  3.95262947e+01  1.54851294e+01
   4.48029560e-08  5.00000000e+00]
 [-6.48115921e+00 -3.00407124e+00  4.46218185e+01  2.98322525e+01
   1.04459481e-08  9.00000000e+00]
 [-3.58779144e+00 -3.51071835e+00  4.59699860e+01  3.05070305e+01
   4.84307527e-09  9.00000000e+00]]
2026-06-04 17:50:34 [DEBUG] 处理后检测输出形状: (0, 52)
2026-06-04 17:50:34 [DEBUG] 有效检测数量: 0
2026-06-04 17:50:34 [DEBUG] 检测输出为空
2026-06-04 17:50:34 [INFO] 掩码中检测到的类别: [0, 1, 2, 3, 4, 5, 6, 7, 8, 9, 10, 11, 12, 13, 14, 15]
2026-06-04 17:50:34 [INFO] 分割完成，检测到 0 个物体
2026-06-04 17:50:34 [INFO] 从分割掩码中提取检测结果
2026-06-04 17:50:34 [INFO] 从掩码中提取了 492 个检测框
2026-06-04 17:50:34 [INFO] 计算出的车框矩形边界: (1025, 620) to (3174, 1518)
2026-06-04 17:50:34 [INFO] 原始检测数: 492, 过滤后检测数: 207
2026-06-04 17:50:35 [INFO] 保存分割和检测结果到: C:\code\show\Scrap_Steel_In_Field\photos\segmentation\segment_20260604_175034.jpg
2026-06-04 17:50:35 [INFO] JSON结果保存到: C:\code\show\Scrap_Steel_In_Field\photos\segmentation_result.json
2026-06-04 17:50:35 [INFO] 类别统计：{0: 43, 1: 52, 2: 28, 3: 7, 4: 28, 5: 29, 6: 19, 7: 28, 8: 48, 9: 59, 10: 24, 11: 19, 12: 16, 13: 69, 14: 0, 15: 23}
2026-06-04 17:50:35 [INFO] 面积统计：{0: 3644640.0, 1: 876888.0, 2: 53028.0, 3: 134964.0, 4: 155124.0, 5: 68220.0, 6: 393228.0, 7: 41688.0, 8: 910908.0, 9: 217116.0, 10: 154152.0, 11: 338904.0, 12: 75060.0, 13: 792864.0, 14: 36.0, 15: 64440.0}
2026-06-04 17:50:35 [INFO] 分割成功
2026-06-04 17:50:35 [INFO] 引擎上下文已释放
2026-06-04 17:50:35 [INFO] TensorRT 引擎已释放
2026-06-04 17:50:35 [INFO] 全局 CUDA 资源已释放
2026-06-04 17:50:35 [INFO] 分割系统资源已释放
2026-06-04 17:50:39 [INFO] CUDA 初始化成功
2026-06-04 17:50:39 [INFO] 引擎加载成功: scrap_steel.engine
2026-06-04 17:50:39 [INFO] 分割系统初始化成功
2026-06-04 17:50:39 [INFO] 图像预处理完成，原始尺寸: (2160, 3840)
2026-06-04 17:50:39 [INFO] 开始执行分割...
2026-06-04 17:50:39 [DEBUG] 处理后的检测结果形状: (1, 8400, 6)
2026-06-04 17:50:39 [DEBUG] 示例检测结果: [[-4.12936401e+00 -3.27490616e+00  3.95377960e+01  1.55842094e+01
   4.41019594e-08  5.00000000e+00]
 [-6.52289200e+00 -3.02435493e+00  4.45901184e+01  2.99472485e+01
   1.03315756e-08  9.00000000e+00]
 [-3.55600357e+00 -3.49551582e+00  4.59315948e+01  3.05247822e+01
   4.77718309e-09  9.00000000e+00]]
2026-06-04 17:50:39 [DEBUG] 处理后检测输出形状: (0, 52)
2026-06-04 17:50:39 [DEBUG] 有效检测数量: 0
2026-06-04 17:50:39 [DEBUG] 检测输出为空
2026-06-04 17:50:39 [INFO] 掩码中检测到的类别: [0, 1, 2, 3, 4, 5, 6, 7, 8, 9, 10, 11, 12, 13, 14, 15]
2026-06-04 17:50:39 [INFO] 分割完成，检测到 0 个物体
2026-06-04 17:50:39 [INFO] 从分割掩码中提取检测结果
2026-06-04 17:50:39 [INFO] 从掩码中提取了 492 个检测框
2026-06-04 17:50:39 [INFO] 计算出的车框矩形边界: (1026, 619) to (3174, 1518)
2026-06-04 17:50:39 [INFO] 原始检测数: 492, 过滤后检测数: 206
2026-06-04 17:50:40 [INFO] 保存分割和检测结果到: C:\code\show\Scrap_Steel_In_Field\photos\segmentation\segment_20260604_175039.jpg
2026-06-04 17:50:40 [INFO] JSON结果保存到: C:\code\show\Scrap_Steel_In_Field\photos\segmentation_result.json
2026-06-04 17:50:40 [INFO] 类别统计：{0: 31, 1: 50, 2: 27, 3: 7, 4: 32, 5: 38, 6: 19, 7: 27, 8: 59, 9: 50, 10: 28, 11: 18, 12: 20, 13: 67, 14: 0, 15: 19}
2026-06-04 17:50:40 [INFO] 面积统计：{0: 3674736.0, 1: 867168.0, 2: 59652.0, 3: 140436.0, 4: 151956.0, 5: 73512.0, 6: 399600.0, 7: 39060.0, 8: 942696.0, 9: 209484.0, 10: 152640.0, 11: 344736.0, 12: 68904.0, 13: 823500.0, 14: 36.0, 15: 62928.0}
2026-06-04 17:50:40 [INFO] 分割成功
2026-06-04 17:50:40 [INFO] 引擎上下文已释放
2026-06-04 17:50:40 [INFO] TensorRT 引擎已释放
2026-06-04 17:50:40 [INFO] 全局 CUDA 资源已释放
2026-06-04 17:50:40 [INFO] 分割系统资源已释放
2026-06-04 17:50:44 [INFO] CUDA 初始化成功
2026-06-04 17:50:44 [INFO] 引擎加载成功: scrap_steel.engine
2026-06-04 17:50:44 [INFO] 分割系统初始化成功
2026-06-04 17:50:44 [INFO] 图像预处理完成，原始尺寸: (2160, 3840)
2026-06-04 17:50:44 [INFO] 开始执行分割...
2026-06-04 17:50:44 [DEBUG] 处理后的检测结果形状: (1, 8400, 6)
2026-06-04 17:50:44 [DEBUG] 示例检测结果: [[-4.09674072e+00 -3.25138950e+00  3.94022522e+01  1.52667398e+01
   4.48099229e-08  5.00000000e+00]
 [-6.43774033e+00 -2.97958565e+00  4.46163673e+01  2.96869297e+01
   1.03647970e-08  9.00000000e+00]
 [-3.54614639e+00 -3.45474148e+00  4.59011345e+01  3.04340439e+01
   4.80573448e-09  9.00000000e+00]]
2026-06-04 17:50:44 [DEBUG] 处理后检测输出形状: (0, 52)
2026-06-04 17:50:44 [DEBUG] 有效检测数量: 0
2026-06-04 17:50:44 [DEBUG] 检测输出为空
2026-06-04 17:50:44 [INFO] 掩码中检测到的类别: [0, 1, 2, 3, 4, 5, 6, 7, 8, 9, 10, 11, 12, 13, 14, 15]
2026-06-04 17:50:44 [INFO] 分割完成，检测到 0 个物体
2026-06-04 17:50:44 [INFO] 从分割掩码中提取检测结果
2026-06-04 17:50:44 [INFO] 从掩码中提取了 518 个检测框
2026-06-04 17:50:44 [INFO] 计算出的车框矩形边界: (1025, 619) to (3173, 1518)
2026-06-04 17:50:44 [INFO] 原始检测数: 518, 过滤后检测数: 233
2026-06-04 17:50:45 [INFO] 保存分割和检测结果到: C:\code\show\Scrap_Steel_In_Field\photos\segmentation\segment_20260604_175044.jpg
2026-06-04 17:50:45 [INFO] JSON结果保存到: C:\code\show\Scrap_Steel_In_Field\photos\segmentation_result.json
2026-06-04 17:50:45 [INFO] 类别统计：{0: 37, 1: 54, 2: 28, 3: 8, 4: 34, 5: 38, 6: 21, 7: 34, 8: 48, 9: 54, 10: 30, 11: 21, 12: 19, 13: 64, 14: 0, 15: 28}
2026-06-04 17:50:45 [INFO] 面积统计：{0: 3650400.0, 1: 849132.0, 2: 59724.0, 3: 138636.0, 4: 131076.0, 5: 76428.0, 6: 416952.0, 7: 39276.0, 8: 923652.0, 9: 192456.0, 10: 154332.0, 11: 357120.0, 12: 62712.0, 13: 809712.0, 14: 36.0, 15: 71496.0}
2026-06-04 17:50:45 [INFO] 分割成功
2026-06-04 17:50:45 [INFO] 引擎上下文已释放
2026-06-04 17:50:45 [INFO] TensorRT 引擎已释放
2026-06-04 17:50:45 [INFO] 全局 CUDA 资源已释放
2026-06-04 17:50:45 [INFO] 分割系统资源已释放
2026-06-04 17:50:49 [INFO] CUDA 初始化成功
2026-06-04 17:50:49 [INFO] 引擎加载成功: scrap_steel.engine
2026-06-04 17:50:49 [INFO] 分割系统初始化成功
2026-06-04 17:50:49 [INFO] 图像预处理完成，原始尺寸: (2160, 3840)
2026-06-04 17:50:49 [INFO] 开始执行分割...
2026-06-04 17:50:49 [DEBUG] 处理后的检测结果形状: (1, 8400, 6)
2026-06-04 17:50:49 [DEBUG] 示例检测结果: [[-4.10340118e+00 -3.27518368e+00  3.93420601e+01  1.53324175e+01
   4.37614673e-08  5.00000000e+00]
 [-6.47563553e+00 -3.00436115e+00  4.45464516e+01  2.97039757e+01
   1.04534337e-08  9.00000000e+00]
 [-3.57332993e+00 -3.51130295e+00  4.59089432e+01  3.03871346e+01
   4.81504614e-09  9.00000000e+00]]
2026-06-04 17:50:49 [DEBUG] 处理后检测输出形状: (0, 52)
2026-06-04 17:50:49 [DEBUG] 有效检测数量: 0
2026-06-04 17:50:49 [DEBUG] 检测输出为空
2026-06-04 17:50:49 [INFO] 掩码中检测到的类别: [0, 1, 2, 3, 4, 5, 6, 7, 8, 9, 10, 11, 12, 13, 14, 15]
2026-06-04 17:50:49 [INFO] 分割完成，检测到 0 个物体
2026-06-04 17:50:49 [INFO] 从分割掩码中提取检测结果
2026-06-04 17:50:49 [INFO] 从掩码中提取了 497 个检测框
2026-06-04 17:50:49 [INFO] 计算出的车框矩形边界: (1026, 620) to (3174, 1518)
2026-06-04 17:50:49 [INFO] 原始检测数: 497, 过滤后检测数: 208
2026-06-04 17:50:50 [INFO] 保存分割和检测结果到: C:\code\show\Scrap_Steel_In_Field\photos\segmentation\segment_20260604_175049.jpg
2026-06-04 17:50:50 [INFO] JSON结果保存到: C:\code\show\Scrap_Steel_In_Field\photos\segmentation_result.json
2026-06-04 17:50:50 [INFO] 类别统计：{0: 36, 1: 58, 2: 25, 3: 9, 4: 26, 5: 39, 6: 19, 7: 37, 8: 48, 9: 51, 10: 26, 11: 18, 12: 18, 13: 62, 14: 0, 15: 25}
2026-06-04 17:50:50 [INFO] 面积统计：{0: 3687264.0, 1: 850176.0, 2: 57168.0, 3: 140472.0, 4: 151884.0, 5: 77436.0, 6: 408564.0, 7: 38160.0, 8: 934704.0, 9: 194040.0, 10: 152460.0, 11: 332100.0, 12: 65592.0, 13: 810756.0, 14: 36.0, 15: 64620.0}
2026-06-04 17:50:50 [INFO] 分割成功
2026-06-04 17:50:50 [INFO] 引擎上下文已释放
2026-06-04 17:50:50 [INFO] TensorRT 引擎已释放
2026-06-04 17:50:50 [INFO] 全局 CUDA 资源已释放
2026-06-04 17:50:50 [INFO] 分割系统资源已释放
2026-06-04 17:50:54 [INFO] CUDA 初始化成功
2026-06-04 17:50:54 [INFO] 引擎加载成功: scrap_steel.engine
2026-06-04 17:50:54 [INFO] 分割系统初始化成功
2026-06-04 17:50:54 [INFO] 图像预处理完成，原始尺寸: (2160, 3840)
2026-06-04 17:50:54 [INFO] 开始执行分割...
2026-06-04 17:50:54 [DEBUG] 处理后的检测结果形状: (1, 8400, 6)
2026-06-04 17:50:54 [DEBUG] 示例检测结果: [[-4.10064697e+00 -3.25158453e+00  3.94493408e+01  1.54321804e+01
   4.46303972e-08  5.00000000e+00]
 [-6.49562836e+00 -2.99073982e+00  4.46177902e+01  2.98719997e+01
   1.07697531e-08  9.00000000e+00]
 [-3.54365540e+00 -3.48341751e+00  4.59391861e+01  3.05219116e+01
   4.88611818e-09  9.00000000e+00]]
2026-06-04 17:50:54 [DEBUG] 处理后检测输出形状: (0, 52)
2026-06-04 17:50:54 [DEBUG] 有效检测数量: 0
2026-06-04 17:50:54 [DEBUG] 检测输出为空
2026-06-04 17:50:54 [INFO] 掩码中检测到的类别: [0, 1, 2, 3, 4, 5, 6, 7, 8, 9, 10, 11, 12, 13, 14, 15]
2026-06-04 17:50:54 [INFO] 分割完成，检测到 0 个物体
2026-06-04 17:50:54 [INFO] 从分割掩码中提取检测结果
2026-06-04 17:50:54 [INFO] 从掩码中提取了 500 个检测框
2026-06-04 17:50:54 [INFO] 计算出的车框矩形边界: (1026, 618) to (3174, 1518)
2026-06-04 17:50:54 [INFO] 原始检测数: 500, 过滤后检测数: 221
2026-06-04 17:50:55 [INFO] 保存分割和检测结果到: C:\code\show\Scrap_Steel_In_Field\photos\segmentation\segment_20260604_175054.jpg
2026-06-04 17:50:55 [INFO] JSON结果保存到: C:\code\show\Scrap_Steel_In_Field\photos\segmentation_result.json
2026-06-04 17:50:55 [INFO] 类别统计：{0: 28, 1: 54, 2: 28, 3: 5, 4: 30, 5: 36, 6: 20, 7: 29, 8: 53, 9: 57, 10: 29, 11: 20, 12: 20, 13: 64, 14: 0, 15: 27}
2026-06-04 17:50:55 [INFO] 面积统计：{0: 3638052.0, 1: 875448.0, 2: 57960.0, 3: 141048.0, 4: 147420.0, 5: 77040.0, 6: 409284.0, 7: 46260.0, 8: 933660.0, 9: 223524.0, 10: 146664.0, 11: 342000.0, 12: 70596.0, 13: 808380.0, 14: 36.0, 15: 63936.0}
2026-06-04 17:50:55 [INFO] 分割成功
2026-06-04 17:50:55 [INFO] 引擎上下文已释放
2026-06-04 17:50:55 [INFO] TensorRT 引擎已释放
2026-06-04 17:50:55 [INFO] 全局 CUDA 资源已释放
2026-06-04 17:50:55 [INFO] 分割系统资源已释放
2026-06-04 17:50:59 [INFO] CUDA 初始化成功
2026-06-04 17:50:59 [INFO] 引擎加载成功: scrap_steel.engine
2026-06-04 17:50:59 [INFO] 分割系统初始化成功
2026-06-04 17:50:59 [INFO] 图像预处理完成，原始尺寸: (2160, 3840)
2026-06-04 17:50:59 [INFO] 开始执行分割...
2026-06-04 17:50:59 [DEBUG] 处理后的检测结果形状: (1, 8400, 6)
2026-06-04 17:50:59 [DEBUG] 示例检测结果: [[-4.12863922e+00 -3.27950764e+00  3.94429092e+01  1.54960127e+01
   4.46303972e-08  5.00000000e+00]
 [-6.51209259e+00 -3.02850723e+00  4.45021057e+01  2.98340836e+01
   1.04870246e-08  9.00000000e+00]
 [-3.53978729e+00 -3.48522758e+00  4.58887100e+01  3.04515934e+01
   4.88611818e-09  9.00000000e+00]]
2026-06-04 17:50:59 [DEBUG] 处理后检测输出形状: (0, 52)
2026-06-04 17:50:59 [DEBUG] 有效检测数量: 0
2026-06-04 17:50:59 [DEBUG] 检测输出为空
2026-06-04 17:50:59 [INFO] 掩码中检测到的类别: [0, 1, 2, 3, 4, 5, 6, 7, 8, 9, 10, 11, 12, 13, 14, 15]
2026-06-04 17:50:59 [INFO] 分割完成，检测到 0 个物体
2026-06-04 17:50:59 [INFO] 从分割掩码中提取检测结果
2026-06-04 17:51:00 [INFO] 从掩码中提取了 493 个检测框
2026-06-04 17:51:00 [INFO] 计算出的车框矩形边界: (1025, 620) to (3173, 1518)
2026-06-04 17:51:00 [INFO] 原始检测数: 493, 过滤后检测数: 215
2026-06-04 17:51:00 [INFO] 保存分割和检测结果到: C:\code\show\Scrap_Steel_In_Field\photos\segmentation\segment_20260604_175100.jpg
2026-06-04 17:51:00 [INFO] JSON结果保存到: C:\code\show\Scrap_Steel_In_Field\photos\segmentation_result.json
2026-06-04 17:51:00 [INFO] 类别统计：{0: 37, 1: 54, 2: 30, 3: 9, 4: 29, 5: 33, 6: 19, 7: 25, 8: 51, 9: 52, 10: 24, 11: 20, 12: 17, 13: 69, 14: 0, 15: 24}
2026-06-04 17:51:00 [INFO] 面积统计：{0: 3642912.0, 1: 857268.0, 2: 51840.0, 3: 143100.0, 4: 154692.0, 5: 74628.0, 6: 409464.0, 7: 35208.0, 8: 916200.0, 9: 216108.0, 10: 156996.0, 11: 337572.0, 12: 71784.0, 13: 858204.0, 14: 36.0, 15: 77868.0}
2026-06-04 17:51:00 [INFO] 分割成功
2026-06-04 17:51:00 [INFO] 引擎上下文已释放
2026-06-04 17:51:00 [INFO] TensorRT 引擎已释放
2026-06-04 17:51:00 [INFO] 全局 CUDA 资源已释放
2026-06-04 17:51:00 [INFO] 分割系统资源已释放
2026-06-04 17:51:04 [INFO] CUDA 初始化成功
2026-06-04 17:51:04 [INFO] 引擎加载成功: scrap_steel.engine
2026-06-04 17:51:04 [INFO] 分割系统初始化成功
2026-06-04 17:51:05 [INFO] 图像预处理完成，原始尺寸: (2160, 3840)
2026-06-04 17:51:05 [INFO] 开始执行分割...
2026-06-04 17:51:05 [DEBUG] 处理后的检测结果形状: (1, 8400, 6)
2026-06-04 17:51:05 [DEBUG] 示例检测结果: [[-4.20093918e+00 -3.32408094e+00  3.94294052e+01  1.56974716e+01
   4.37537082e-08  5.00000000e+00]
 [-6.70321274e+00 -3.08985329e+00  4.44247932e+01  2.97706318e+01
   1.01151443e-08  9.00000000e+00]
 [-3.67028427e+00 -3.62278366e+00  4.59045753e+01  3.03965073e+01
   4.52666704e-09  9.00000000e+00]]
2026-06-04 17:51:05 [DEBUG] 处理后检测输出形状: (0, 52)
2026-06-04 17:51:05 [DEBUG] 有效检测数量: 0
2026-06-04 17:51:05 [DEBUG] 检测输出为空
2026-06-04 17:51:05 [INFO] 掩码中检测到的类别: [0, 1, 2, 3, 4, 5, 6, 7, 8, 9, 10, 11, 12, 13, 14, 15]
2026-06-04 17:51:05 [INFO] 分割完成，检测到 0 个物体
2026-06-04 17:51:05 [INFO] 从分割掩码中提取检测结果
2026-06-04 17:51:05 [INFO] 从掩码中提取了 513 个检测框
2026-06-04 17:51:05 [INFO] 计算出的车框矩形边界: (1026, 620) to (3176, 1518)
2026-06-04 17:51:05 [INFO] 原始检测数: 513, 过滤后检测数: 220
2026-06-04 17:51:06 [INFO] 保存分割和检测结果到: C:\code\show\Scrap_Steel_In_Field\photos\segmentation\segment_20260604_175105.jpg
2026-06-04 17:51:06 [INFO] JSON结果保存到: C:\code\show\Scrap_Steel_In_Field\photos\segmentation_result.json
2026-06-04 17:51:06 [INFO] 类别统计：{0: 40, 1: 50, 2: 28, 3: 6, 4: 28, 5: 37, 6: 20, 7: 30, 8: 48, 9: 51, 10: 28, 11: 18, 12: 20, 13: 77, 14: 0, 15: 32}
2026-06-04 17:51:06 [INFO] 面积统计：{0: 3764808.0, 1: 866268.0, 2: 59400.0, 3: 154476.0, 4: 156780.0, 5: 69192.0, 6: 448236.0, 7: 33840.0, 8: 1092240.0, 9: 188064.0, 10: 150372.0, 11: 370620.0, 12: 32868.0, 13: 649440.0, 14: 36.0, 15: 98604.0}
2026-06-04 17:51:06 [INFO] 分割成功
2026-06-04 17:51:06 [INFO] 引擎上下文已释放
2026-06-04 17:51:06 [INFO] TensorRT 引擎已释放
2026-06-04 17:51:06 [INFO] 全局 CUDA 资源已释放
2026-06-04 17:51:06 [INFO] 分割系统资源已释放
2026-06-04 17:51:09 [INFO] CUDA 初始化成功
2026-06-04 17:51:10 [INFO] 引擎加载成功: scrap_steel.engine
2026-06-04 17:51:10 [INFO] 分割系统初始化成功
2026-06-04 17:51:10 [INFO] 图像预处理完成，原始尺寸: (2160, 3840)
2026-06-04 17:51:10 [INFO] 开始执行分割...
2026-06-04 17:51:10 [DEBUG] 处理后的检测结果形状: (1, 8400, 6)
2026-06-04 17:51:10 [DEBUG] 示例检测结果: [[-4.23518753e+00 -3.34806347e+00  3.92865677e+01  1.59105749e+01
   4.23814264e-08  5.00000000e+00]
 [-6.63390350e+00 -3.11659431e+00  4.42631683e+01  2.98980694e+01
   1.03297424e-08  9.00000000e+00]
 [-3.62752151e+00 -3.64145279e+00  4.58548508e+01  3.04249344e+01
   4.62470062e-09  9.00000000e+00]]
2026-06-04 17:51:10 [DEBUG] 处理后检测输出形状: (0, 52)
2026-06-04 17:51:10 [DEBUG] 有效检测数量: 0
2026-06-04 17:51:10 [DEBUG] 检测输出为空
2026-06-04 17:51:10 [INFO] 掩码中检测到的类别: [0, 1, 2, 3, 4, 5, 6, 7, 8, 9, 10, 11, 12, 13, 14, 15]
2026-06-04 17:51:10 [INFO] 分割完成，检测到 0 个物体
2026-06-04 17:51:10 [INFO] 从分割掩码中提取检测结果
2026-06-04 17:51:10 [INFO] 从掩码中提取了 610 个检测框
2026-06-04 17:51:10 [INFO] 计算出的车框矩形边界: (1025, 620) to (3174, 1518)
2026-06-04 17:51:10 [INFO] 原始检测数: 610, 过滤后检测数: 225
2026-06-04 17:51:11 [INFO] 保存分割和检测结果到: C:\code\show\Scrap_Steel_In_Field\photos\segmentation\segment_20260604_175110.jpg
2026-06-04 17:51:11 [INFO] JSON结果保存到: C:\code\show\Scrap_Steel_In_Field\photos\segmentation_result.json
2026-06-04 17:51:11 [INFO] 类别统计：{0: 56, 1: 56, 2: 33, 3: 8, 4: 39, 5: 49, 6: 21, 7: 28, 8: 66, 9: 68, 10: 30, 11: 24, 12: 24, 13: 69, 14: 0, 15: 39}
2026-06-04 17:51:11 [INFO] 面积统计：{0: 2812716.0, 1: 1107576.0, 2: 68868.0, 3: 118764.0, 4: 189720.0, 5: 118440.0, 6: 329148.0, 7: 43524.0, 8: 1020852.0, 9: 294156.0, 10: 187740.0, 11: 361188.0, 12: 125424.0, 13: 568296.0, 14: 36.0, 15: 104688.0}
2026-06-04 17:51:11 [INFO] 分割成功
2026-06-04 17:51:11 [INFO] 引擎上下文已释放
2026-06-04 17:51:11 [INFO] TensorRT 引擎已释放
2026-06-04 17:51:11 [INFO] 全局 CUDA 资源已释放
2026-06-04 17:51:11 [INFO] 分割系统资源已释放
2026-06-04 17:51:15 [INFO] CUDA 初始化成功
2026-06-04 17:51:15 [INFO] 引擎加载成功: scrap_steel.engine
2026-06-04 17:51:15 [INFO] 分割系统初始化成功
2026-06-04 17:51:15 [INFO] 图像预处理完成，原始尺寸: (2160, 3840)
2026-06-04 17:51:15 [INFO] 开始执行分割...
2026-06-04 17:51:15 [DEBUG] 处理后的检测结果形状: (1, 8400, 6)
2026-06-04 17:51:15 [DEBUG] 示例检测结果: [[-4.25880432e+00 -3.37120628e+00  3.92676430e+01  1.59333858e+01
   4.26986517e-08  5.00000000e+00]
 [-6.69788742e+00 -3.16252518e+00  4.41446342e+01  2.98507385e+01
   9.93547644e-09  9.00000000e+00]
 [-3.67321014e+00 -3.64393997e+00  4.58397942e+01  3.02830925e+01
   4.55145255e-09  9.00000000e+00]]
2026-06-04 17:51:15 [DEBUG] 处理后检测输出形状: (0, 52)
2026-06-04 17:51:15 [DEBUG] 有效检测数量: 0
2026-06-04 17:51:15 [DEBUG] 检测输出为空
2026-06-04 17:51:15 [INFO] 掩码中检测到的类别: [0, 1, 2, 3, 4, 5, 6, 7, 8, 9, 10, 11, 12, 13, 14, 15]
2026-06-04 17:51:15 [INFO] 分割完成，检测到 0 个物体
2026-06-04 17:51:15 [INFO] 从分割掩码中提取检测结果
2026-06-04 17:51:15 [INFO] 从掩码中提取了 543 个检测框
2026-06-04 17:51:15 [INFO] 计算出的车框矩形边界: (1026, 620) to (3173, 1518)
2026-06-04 17:51:15 [INFO] 原始检测数: 543, 过滤后检测数: 214
2026-06-04 17:51:16 [INFO] 保存分割和检测结果到: C:\code\show\Scrap_Steel_In_Field\photos\segmentation\segment_20260604_175115.jpg
2026-06-04 17:51:16 [INFO] JSON结果保存到: C:\code\show\Scrap_Steel_In_Field\photos\segmentation_result.json
2026-06-04 17:51:16 [INFO] 类别统计：{0: 48, 1: 61, 2: 25, 3: 8, 4: 32, 5: 37, 6: 26, 7: 28, 8: 64, 9: 60, 10: 26, 11: 20, 12: 18, 13: 58, 14: 0, 15: 32}
2026-06-04 17:51:16 [INFO] 面积统计：{0: 3476592.0, 1: 897876.0, 2: 57096.0, 3: 143856.0, 4: 162216.0, 5: 127872.0, 6: 433260.0, 7: 48924.0, 8: 979992.0, 9: 237168.0, 10: 152856.0, 11: 357228.0, 12: 59580.0, 13: 649620.0, 14: 36.0, 15: 149364.0}
2026-06-04 17:51:16 [INFO] 分割成功
2026-06-04 17:51:16 [INFO] 引擎上下文已释放
2026-06-04 17:51:16 [INFO] TensorRT 引擎已释放
2026-06-04 17:51:16 [INFO] 全局 CUDA 资源已释放
2026-06-04 17:51:16 [INFO] 分割系统资源已释放
2026-06-04 17:51:20 [INFO] CUDA 初始化成功
2026-06-04 17:51:20 [INFO] 引擎加载成功: scrap_steel.engine
2026-06-04 17:51:20 [INFO] 分割系统初始化成功
2026-06-04 17:51:20 [INFO] 图像预处理完成，原始尺寸: (2160, 3840)
2026-06-04 17:51:20 [INFO] 开始执行分割...
2026-06-04 17:51:20 [DEBUG] 处理后的检测结果形状: (1, 8400, 6)
2026-06-04 17:51:20 [DEBUG] 示例检测结果: [[-4.15167236e+00 -3.31378937e+00  3.93547745e+01  1.56897373e+01
   4.37537082e-08  5.00000000e+00]
 [-6.62317276e+00 -3.09094810e+00  4.44575310e+01  2.97712498e+01
   1.03501385e-08  9.00000000e+00]
 [-3.60017395e+00 -3.57063866e+00  4.58664474e+01  3.02910633e+01
   4.66561367e-09  9.00000000e+00]]
2026-06-04 17:51:20 [DEBUG] 处理后检测输出形状: (0, 52)
2026-06-04 17:51:20 [DEBUG] 有效检测数量: 0
2026-06-04 17:51:20 [DEBUG] 检测输出为空
2026-06-04 17:51:20 [INFO] 掩码中检测到的类别: [0, 1, 2, 3, 4, 5, 6, 7, 8, 9, 10, 11, 12, 13, 14, 15]
2026-06-04 17:51:20 [INFO] 分割完成，检测到 0 个物体
2026-06-04 17:51:20 [INFO] 从分割掩码中提取检测结果
2026-06-04 17:51:20 [INFO] 从掩码中提取了 458 个检测框
2026-06-04 17:51:20 [INFO] 计算出的车框矩形边界: (1025, 620) to (3177, 1518)
2026-06-04 17:51:20 [INFO] 原始检测数: 458, 过滤后检测数: 194
2026-06-04 17:51:21 [INFO] 保存分割和检测结果到: C:\code\show\Scrap_Steel_In_Field\photos\segmentation\segment_20260604_175120.jpg
2026-06-04 17:51:21 [INFO] JSON结果保存到: C:\code\show\Scrap_Steel_In_Field\photos\segmentation_result.json
2026-06-04 17:51:21 [INFO] 类别统计：{0: 22, 1: 44, 2: 25, 3: 5, 4: 31, 5: 31, 6: 19, 7: 24, 8: 48, 9: 48, 10: 30, 11: 21, 12: 19, 13: 65, 14: 0, 15: 26}
2026-06-04 17:51:21 [INFO] 面积统计：{0: 4007160.0, 1: 862452.0, 2: 50832.0, 3: 151740.0, 4: 136224.0, 5: 59796.0, 6: 444924.0, 7: 26964.0, 8: 994392.0, 9: 169128.0, 10: 157032.0, 11: 371124.0, 12: 51768.0, 13: 762048.0, 14: 36.0, 15: 69552.0}
2026-06-04 17:51:21 [INFO] 分割成功
2026-06-04 17:51:21 [INFO] 引擎上下文已释放
2026-06-04 17:51:21 [INFO] TensorRT 引擎已释放
2026-06-04 17:51:21 [INFO] 全局 CUDA 资源已释放
2026-06-04 17:51:21 [INFO] 分割系统资源已释放
2026-06-04 17:51:25 [INFO] CUDA 初始化成功
2026-06-04 17:51:25 [INFO] 引擎加载成功: scrap_steel.engine
2026-06-04 17:51:25 [INFO] 分割系统初始化成功
2026-06-04 17:51:25 [INFO] 图像预处理完成，原始尺寸: (2160, 3840)
2026-06-04 17:51:25 [INFO] 开始执行分割...
2026-06-04 17:51:25 [DEBUG] 处理后的检测结果形状: (1, 8400, 6)
2026-06-04 17:51:25 [DEBUG] 示例检测结果: [[-4.09906006e+00 -3.26811552e+00  3.95229187e+01  1.54287338e+01
   4.44559412e-08  5.00000000e+00]
 [-6.50819778e+00 -3.01685905e+00  4.46576729e+01  2.99249363e+01
   1.06027684e-08  9.00000000e+00]
 [-3.55910110e+00 -3.49653149e+00  4.59894905e+01  3.05928993e+01
   4.86265961e-09  9.00000000e+00]]
2026-06-04 17:51:25 [DEBUG] 处理后检测输出形状: (0, 52)
2026-06-04 17:51:25 [DEBUG] 有效检测数量: 0
2026-06-04 17:51:25 [DEBUG] 检测输出为空
2026-06-04 17:51:25 [INFO] 掩码中检测到的类别: [0, 1, 2, 3, 4, 5, 6, 7, 8, 9, 10, 11, 12, 13, 14, 15]
2026-06-04 17:51:25 [INFO] 分割完成，检测到 0 个物体
2026-06-04 17:51:25 [INFO] 从分割掩码中提取检测结果
2026-06-04 17:51:25 [INFO] 从掩码中提取了 499 个检测框
2026-06-04 17:51:25 [INFO] 计算出的车框矩形边界: (1026, 620) to (3173, 1518)
2026-06-04 17:51:25 [INFO] 原始检测数: 499, 过滤后检测数: 225
2026-06-04 17:51:26 [INFO] 保存分割和检测结果到: C:\code\show\Scrap_Steel_In_Field\photos\segmentation\segment_20260604_175125.jpg
2026-06-04 17:51:26 [INFO] JSON结果保存到: C:\code\show\Scrap_Steel_In_Field\photos\segmentation_result.json
2026-06-04 17:51:26 [INFO] 类别统计：{0: 28, 1: 46, 2: 31, 3: 5, 4: 33, 5: 41, 6: 20, 7: 24, 8: 55, 9: 55, 10: 31, 11: 23, 12: 22, 13: 59, 14: 0, 15: 26}
2026-06-04 17:51:26 [INFO] 面积统计：{0: 3660120.0, 1: 785052.0, 2: 47304.0, 3: 142920.0, 4: 148716.0, 5: 86256.0, 6: 438480.0, 7: 35136.0, 8: 1012068.0, 9: 205020.0, 10: 203760.0, 11: 350856.0, 12: 71100.0, 13: 834984.0, 14: 36.0, 15: 74340.0}
2026-06-04 17:51:26 [INFO] 分割成功
2026-06-04 17:51:26 [INFO] 引擎上下文已释放
2026-06-04 17:51:26 [INFO] TensorRT 引擎已释放
2026-06-04 17:51:27 [INFO] 全局 CUDA 资源已释放
2026-06-04 17:51:27 [INFO] 分割系统资源已释放
2026-06-04 17:51:30 [INFO] CUDA 初始化成功
2026-06-04 17:51:30 [INFO] 引擎加载成功: scrap_steel.engine
2026-06-04 17:51:30 [INFO] 分割系统初始化成功
2026-06-04 17:51:30 [INFO] 图像预处理完成，原始尺寸: (2160, 3840)
2026-06-04 17:51:30 [INFO] 开始执行分割...
2026-06-04 17:51:30 [DEBUG] 处理后的检测结果形状: (1, 8400, 6)
2026-06-04 17:51:30 [DEBUG] 示例检测结果: [[-4.15707016e+00 -3.28843307e+00  3.95249100e+01  1.55164165e+01
   4.37614673e-08  5.00000000e+00]
 [-6.51868057e+00 -3.00185204e+00  4.46403465e+01  2.98002872e+01
   1.05355014e-08  9.00000000e+00]
 [-3.57118988e+00 -3.48450375e+00  4.59717331e+01  3.04526291e+01
   4.89051466e-09  9.00000000e+00]]
2026-06-04 17:51:30 [DEBUG] 处理后检测输出形状: (0, 52)
2026-06-04 17:51:30 [DEBUG] 有效检测数量: 0
2026-06-04 17:51:30 [DEBUG] 检测输出为空
2026-06-04 17:51:30 [INFO] 掩码中检测到的类别: [0, 1, 2, 3, 4, 5, 6, 7, 8, 9, 10, 11, 12, 13, 14, 15]
2026-06-04 17:51:30 [INFO] 分割完成，检测到 0 个物体
2026-06-04 17:51:30 [INFO] 从分割掩码中提取检测结果
2026-06-04 17:51:31 [INFO] 从掩码中提取了 511 个检测框
2026-06-04 17:51:31 [INFO] 计算出的车框矩形边界: (1026, 621) to (3174, 1518)
2026-06-04 17:51:31 [INFO] 原始检测数: 511, 过滤后检测数: 212
2026-06-04 17:51:31 [INFO] 保存分割和检测结果到: C:\code\show\Scrap_Steel_In_Field\photos\segmentation\segment_20260604_175131.jpg
2026-06-04 17:51:31 [INFO] JSON结果保存到: C:\code\show\Scrap_Steel_In_Field\photos\segmentation_result.json
2026-06-04 17:51:31 [INFO] 类别统计：{0: 43, 1: 46, 2: 25, 3: 4, 4: 30, 5: 35, 6: 21, 7: 24, 8: 55, 9: 49, 10: 30, 11: 26, 12: 23, 13: 75, 14: 0, 15: 25}
2026-06-04 17:51:31 [INFO] 面积统计：{0: 3645864.0, 1: 820728.0, 2: 52704.0, 3: 139752.0, 4: 165312.0, 5: 80208.0, 6: 415008.0, 7: 35172.0, 8: 1037340.0, 9: 168732.0, 10: 192672.0, 11: 360108.0, 12: 68436.0, 13: 849852.0, 14: 36.0, 15: 80604.0}
2026-06-04 17:51:31 [INFO] 分割成功
2026-06-04 17:51:31 [INFO] 引擎上下文已释放
2026-06-04 17:51:31 [INFO] TensorRT 引擎已释放
2026-06-04 17:51:31 [INFO] 全局 CUDA 资源已释放
2026-06-04 17:51:31 [INFO] 分割系统资源已释放
2026-06-04 17:51:35 [INFO] CUDA 初始化成功
2026-06-04 17:51:35 [INFO] 引擎加载成功: scrap_steel.engine
2026-06-04 17:51:35 [INFO] 分割系统初始化成功
2026-06-04 17:51:35 [INFO] 图像预处理完成，原始尺寸: (2160, 3840)
2026-06-04 17:51:35 [INFO] 开始执行分割...
2026-06-04 17:51:35 [DEBUG] 处理后的检测结果形状: (1, 8400, 6)
2026-06-04 17:51:35 [DEBUG] 示例检测结果: [[-4.12553406e+00 -3.28494549e+00  3.94798126e+01  1.54893007e+01
   4.51597018e-08  5.00000000e+00]
 [-6.54854202e+00 -3.02675915e+00  4.46328316e+01  2.98914070e+01
   1.05941176e-08  9.00000000e+00]
 [-3.57644272e+00 -3.50621414e+00  4.59395180e+01  3.05197716e+01
   4.80573448e-09  9.00000000e+00]]
2026-06-04 17:51:35 [DEBUG] 处理后检测输出形状: (0, 52)
2026-06-04 17:51:35 [DEBUG] 有效检测数量: 0
2026-06-04 17:51:35 [DEBUG] 检测输出为空
2026-06-04 17:51:35 [INFO] 掩码中检测到的类别: [0, 1, 2, 3, 4, 5, 6, 7, 8, 9, 10, 11, 12, 13, 14, 15]
2026-06-04 17:51:35 [INFO] 分割完成，检测到 0 个物体
2026-06-04 17:51:35 [INFO] 从分割掩码中提取检测结果
2026-06-04 17:51:36 [INFO] 从掩码中提取了 472 个检测框
2026-06-04 17:51:36 [INFO] 计算出的车框矩形边界: (1026, 620) to (3174, 1518)
2026-06-04 17:51:36 [INFO] 原始检测数: 472, 过滤后检测数: 208
2026-06-04 17:51:36 [INFO] 保存分割和检测结果到: C:\code\show\Scrap_Steel_In_Field\photos\segmentation\segment_20260604_175136.jpg
2026-06-04 17:51:36 [INFO] JSON结果保存到: C:\code\show\Scrap_Steel_In_Field\photos\segmentation_result.json
2026-06-04 17:51:36 [INFO] 类别统计：{0: 28, 1: 46, 2: 27, 3: 4, 4: 33, 5: 31, 6: 23, 7: 22, 8: 44, 9: 57, 10: 28, 11: 23, 12: 17, 13: 65, 14: 0, 15: 24}
2026-06-04 17:51:36 [INFO] 面积统计：{0: 3820068.0, 1: 776880.0, 2: 51912.0, 3: 137304.0, 4: 155016.0, 5: 78120.0, 6: 416520.0, 7: 34488.0, 8: 985212.0, 9: 164016.0, 10: 192996.0, 11: 344880.0, 12: 73080.0, 13: 831492.0, 14: 36.0, 15: 90324.0}
2026-06-04 17:51:36 [INFO] 分割成功
2026-06-04 17:51:36 [INFO] 引擎上下文已释放
2026-06-04 17:51:36 [INFO] TensorRT 引擎已释放
2026-06-04 17:51:36 [INFO] 全局 CUDA 资源已释放
2026-06-04 17:51:36 [INFO] 分割系统资源已释放
2026-06-04 17:51:40 [INFO] CUDA 初始化成功
2026-06-04 17:51:40 [INFO] 引擎加载成功: scrap_steel.engine
2026-06-04 17:51:40 [INFO] 分割系统初始化成功
2026-06-04 17:51:41 [INFO] 图像预处理完成，原始尺寸: (2160, 3840)
2026-06-04 17:51:41 [INFO] 开始执行分割...
2026-06-04 17:51:41 [DEBUG] 处理后的检测结果形状: (1, 8400, 6)
2026-06-04 17:51:41 [DEBUG] 示例检测结果: [[-4.13619614e+00 -3.28803539e+00  3.94164009e+01  1.55571489e+01
   4.39112533e-08  5.00000000e+00]
 [-6.54869843e+00 -3.00213909e+00  4.46080666e+01  2.97065849e+01
   1.03501385e-08  9.00000000e+00]
 [-3.63354111e+00 -3.51966381e+00  4.59624863e+01  3.04043007e+01
   4.81311435e-09  9.00000000e+00]]
2026-06-04 17:51:41 [DEBUG] 处理后检测输出形状: (0, 52)
2026-06-04 17:51:41 [DEBUG] 有效检测数量: 0
2026-06-04 17:51:41 [DEBUG] 检测输出为空
2026-06-04 17:51:41 [INFO] 掩码中检测到的类别: [0, 1, 2, 3, 4, 5, 6, 7, 8, 9, 10, 11, 12, 13, 14, 15]
2026-06-04 17:51:41 [INFO] 分割完成，检测到 0 个物体
2026-06-04 17:51:41 [INFO] 从分割掩码中提取检测结果
2026-06-04 17:51:42 [INFO] 从掩码中提取了 516 个检测框
2026-06-04 17:51:42 [INFO] 计算出的车框矩形边界: (1024, 620) to (3173, 1518)
2026-06-04 17:51:42 [INFO] 原始检测数: 516, 过滤后检测数: 227
2026-06-04 17:51:42 [INFO] 保存分割和检测结果到: C:\code\show\Scrap_Steel_In_Field\photos\segmentation\segment_20260604_175142.jpg
2026-06-04 17:51:42 [INFO] JSON结果保存到: C:\code\show\Scrap_Steel_In_Field\photos\segmentation_result.json
2026-06-04 17:51:42 [INFO] 类别统计：{0: 45, 1: 47, 2: 28, 3: 4, 4: 34, 5: 44, 6: 28, 7: 22, 8: 44, 9: 55, 10: 30, 11: 24, 12: 21, 13: 57, 14: 0, 15: 33}
2026-06-04 17:51:42 [INFO] 面积统计：{0: 3579768.0, 1: 850284.0, 2: 53208.0, 3: 153252.0, 4: 155160.0, 5: 123624.0, 6: 410364.0, 7: 33804.0, 8: 991620.0, 9: 176256.0, 10: 199800.0, 11: 319068.0, 12: 88452.0, 13: 638640.0, 14: 36.0, 15: 93816.0}
2026-06-04 17:51:42 [INFO] 分割成功
2026-06-04 17:51:42 [INFO] 引擎上下文已释放
2026-06-04 17:51:42 [INFO] TensorRT 引擎已释放
2026-06-04 17:51:42 [INFO] 全局 CUDA 资源已释放
2026-06-04 17:51:42 [INFO] 分割系统资源已释放
2026-06-04 17:51:46 [INFO] CUDA 初始化成功
2026-06-04 17:51:46 [INFO] 引擎加载成功: scrap_steel.engine
2026-06-04 17:51:46 [INFO] 分割系统初始化成功
2026-06-04 17:51:46 [INFO] 图像预处理完成，原始尺寸: (2160, 3840)
2026-06-04 17:51:46 [INFO] 开始执行分割...
2026-06-04 17:51:46 [DEBUG] 处理后的检测结果形状: (1, 8400, 6)
2026-06-04 17:51:46 [DEBUG] 示例检测结果: [[-4.16278839e+00 -3.29088783e+00  3.94665298e+01  1.56668339e+01
   4.55113920e-08  5.00000000e+00]
 [-6.57673645e+00 -3.05376434e+00  4.44952507e+01  2.99760513e+01
   1.07697531e-08  9.00000000e+00]
 [-3.57802200e+00 -3.54019356e+00  4.59248466e+01  3.05284748e+01
   4.84825335e-09  9.00000000e+00]]
2026-06-04 17:51:46 [DEBUG] 处理后检测输出形状: (0, 52)
2026-06-04 17:51:46 [DEBUG] 有效检测数量: 0
2026-06-04 17:51:46 [DEBUG] 检测输出为空
2026-06-04 17:51:46 [INFO] 掩码中检测到的类别: [0, 1, 2, 3, 4, 5, 6, 7, 8, 9, 10, 11, 12, 13, 14, 15]
2026-06-04 17:51:46 [INFO] 分割完成，检测到 0 个物体
2026-06-04 17:51:46 [INFO] 从分割掩码中提取检测结果
2026-06-04 17:51:46 [INFO] 从掩码中提取了 550 个检测框
2026-06-04 17:51:46 [INFO] 计算出的车框矩形边界: (1024, 620) to (3173, 1518)
2026-06-04 17:51:46 [INFO] 原始检测数: 550, 过滤后检测数: 223
2026-06-04 17:51:47 [INFO] 保存分割和检测结果到: C:\code\show\Scrap_Steel_In_Field\photos\segmentation\segment_20260604_175146.jpg
2026-06-04 17:51:47 [INFO] JSON结果保存到: C:\code\show\Scrap_Steel_In_Field\photos\segmentation_result.json
2026-06-04 17:51:47 [INFO] 类别统计：{0: 42, 1: 49, 2: 25, 3: 7, 4: 42, 5: 42, 6: 28, 7: 27, 8: 59, 9: 59, 10: 39, 11: 26, 12: 17, 13: 53, 14: 0, 15: 35}
2026-06-04 17:51:47 [INFO] 面积统计：{0: 3452976.0, 1: 807912.0, 2: 48312.0, 3: 135972.0, 4: 176364.0, 5: 118800.0, 6: 452844.0, 7: 35964.0, 8: 1047708.0, 9: 222300.0, 10: 226728.0, 11: 352080.0, 12: 68112.0, 13: 638280.0, 14: 36.0, 15: 102312.0}
2026-06-04 17:51:47 [INFO] 分割成功
2026-06-04 17:51:47 [INFO] 引擎上下文已释放
2026-06-04 17:51:47 [INFO] TensorRT 引擎已释放
2026-06-04 17:51:47 [INFO] 全局 CUDA 资源已释放
2026-06-04 17:51:47 [INFO] 分割系统资源已释放
2026-06-04 17:51:51 [INFO] CUDA 初始化成功
2026-06-04 17:51:51 [INFO] 引擎加载成功: scrap_steel.engine
2026-06-04 17:51:51 [INFO] 分割系统初始化成功
2026-06-04 17:51:51 [INFO] 图像预处理完成，原始尺寸: (2160, 3840)
2026-06-04 17:51:51 [INFO] 开始执行分割...
2026-06-04 17:51:51 [DEBUG] 处理后的检测结果形状: (1, 8400, 6)
2026-06-04 17:51:51 [DEBUG] 示例检测结果: [[-4.12793350e+00 -3.27819395e+00  3.95622902e+01  1.55349846e+01
   4.55374334e-08  5.00000000e+00]
 [-6.55421066e+00 -3.02074814e+00  4.46872292e+01  2.99274673e+01
   1.06682023e-08  9.00000000e+00]
 [-3.55646133e+00 -3.48236084e+00  4.59968338e+01  3.05708809e+01
   4.86265961e-09  9.00000000e+00]]
2026-06-04 17:51:51 [DEBUG] 处理后检测输出形状: (0, 52)
2026-06-04 17:51:51 [DEBUG] 有效检测数量: 0
2026-06-04 17:51:51 [DEBUG] 检测输出为空
2026-06-04 17:51:51 [INFO] 掩码中检测到的类别: [0, 1, 2, 3, 4, 5, 6, 7, 8, 9, 10, 11, 12, 13, 14, 15]
2026-06-04 17:51:51 [INFO] 分割完成，检测到 0 个物体
2026-06-04 17:51:51 [INFO] 从分割掩码中提取检测结果
2026-06-04 17:51:51 [INFO] 从掩码中提取了 520 个检测框
2026-06-04 17:51:52 [INFO] 计算出的车框矩形边界: (1025, 621) to (3173, 1518)
2026-06-04 17:51:52 [INFO] 原始检测数: 520, 过滤后检测数: 215
2026-06-04 17:51:52 [INFO] 保存分割和检测结果到: C:\code\show\Scrap_Steel_In_Field\photos\segmentation\segment_20260604_175151.jpg
2026-06-04 17:51:52 [INFO] JSON结果保存到: C:\code\show\Scrap_Steel_In_Field\photos\segmentation_result.json
2026-06-04 17:51:52 [INFO] 类别统计：{0: 44, 1: 52, 2: 25, 3: 10, 4: 31, 5: 32, 6: 24, 7: 28, 8: 53, 9: 55, 10: 30, 11: 24, 12: 17, 13: 75, 14: 0, 15: 20}
2026-06-04 17:51:52 [INFO] 面积统计：{0: 3577752.0, 1: 805464.0, 2: 49932.0, 3: 143604.0, 4: 163044.0, 5: 90720.0, 6: 397368.0, 7: 31752.0, 8: 1000404.0, 9: 225108.0, 10: 188172.0, 11: 368244.0, 12: 73044.0, 13: 891756.0, 14: 36.0, 15: 42372.0}
2026-06-04 17:51:52 [INFO] 分割成功
2026-06-04 17:51:52 [INFO] 引擎上下文已释放
2026-06-04 17:51:52 [INFO] TensorRT 引擎已释放
2026-06-04 17:51:52 [INFO] 全局 CUDA 资源已释放
2026-06-04 17:51:52 [INFO] 分割系统资源已释放
2026-06-04 17:51:56 [INFO] CUDA 初始化成功
2026-06-04 17:51:56 [INFO] 引擎加载成功: scrap_steel.engine
2026-06-04 17:51:56 [INFO] 分割系统初始化成功
2026-06-04 17:51:57 [INFO] 图像预处理完成，原始尺寸: (2160, 3840)
2026-06-04 17:51:57 [INFO] 开始执行分割...
2026-06-04 17:51:57 [DEBUG] 处理后的检测结果形状: (1, 8400, 6)
2026-06-04 17:51:57 [DEBUG] 示例检测结果: [[-4.09430313e+00 -3.26677227e+00  3.96784325e+01  1.54929838e+01
   4.53620430e-08  5.00000000e+00]
 [-6.49514771e+00 -3.00388145e+00  4.47132339e+01  2.99464359e+01
   1.06357767e-08  9.00000000e+00]
 [-3.54035187e+00 -3.45623016e+00  4.59655304e+01  3.05436249e+01
   4.91227858e-09  9.00000000e+00]]
2026-06-04 17:51:57 [DEBUG] 处理后检测输出形状: (0, 52)
2026-06-04 17:51:57 [DEBUG] 有效检测数量: 0
2026-06-04 17:51:57 [DEBUG] 检测输出为空
2026-06-04 17:51:57 [INFO] 掩码中检测到的类别: [0, 1, 2, 3, 4, 5, 6, 7, 8, 9, 10, 11, 12, 13, 14, 15]
2026-06-04 17:51:57 [INFO] 分割完成，检测到 0 个物体
2026-06-04 17:51:57 [INFO] 从分割掩码中提取检测结果
2026-06-04 17:51:57 [INFO] 从掩码中提取了 527 个检测框
2026-06-04 17:51:57 [INFO] 计算出的车框矩形边界: (1024, 621) to (3173, 1518)
2026-06-04 17:51:57 [INFO] 原始检测数: 527, 过滤后检测数: 232
2026-06-04 17:51:58 [INFO] 保存分割和检测结果到: C:\code\show\Scrap_Steel_In_Field\photos\segmentation\segment_20260604_175157.jpg
2026-06-04 17:51:58 [INFO] JSON结果保存到: C:\code\show\Scrap_Steel_In_Field\photos\segmentation_result.json
2026-06-04 17:51:58 [INFO] 类别统计：{0: 46, 1: 48, 2: 28, 3: 7, 4: 30, 5: 38, 6: 24, 7: 24, 8: 61, 9: 52, 10: 33, 11: 29, 12: 21, 13: 65, 14: 0, 15: 21}
2026-06-04 17:51:58 [INFO] 面积统计：{0: 3596112.0, 1: 802152.0, 2: 51552.0, 3: 137448.0, 4: 142920.0, 5: 96696.0, 6: 384444.0, 7: 33048.0, 8: 981936.0, 9: 230760.0, 10: 185400.0, 11: 360144.0, 12: 75564.0, 13: 865512.0, 14: 36.0, 15: 51228.0}
2026-06-04 17:51:58 [INFO] 分割成功
2026-06-04 17:51:58 [INFO] 引擎上下文已释放
2026-06-04 17:51:58 [INFO] TensorRT 引擎已释放
2026-06-04 17:51:58 [INFO] 全局 CUDA 资源已释放
2026-06-04 17:51:58 [INFO] 分割系统资源已释放
2026-06-04 17:52:01 [INFO] CUDA 初始化成功
2026-06-04 17:52:01 [INFO] 引擎加载成功: scrap_steel.engine
2026-06-04 17:52:01 [INFO] 分割系统初始化成功
2026-06-04 17:52:01 [INFO] 图像预处理完成，原始尺寸: (2160, 3840)
2026-06-04 17:52:01 [INFO] 开始执行分割...
2026-06-04 17:52:01 [DEBUG] 处理后的检测结果形状: (1, 8400, 6)
2026-06-04 17:52:01 [DEBUG] 示例检测结果: [[-4.13065338e+00 -3.28605032e+00  3.95409889e+01  1.55400791e+01
   4.44559412e-08  5.00000000e+00]
 [-6.53071213e+00 -3.01713562e+00  4.46183624e+01  2.98640900e+01
   1.04459481e-08  9.00000000e+00]
 [-3.55342102e+00 -3.50847816e+00  4.59421005e+01  3.05276012e+01
   4.77718309e-09  9.00000000e+00]]
2026-06-04 17:52:01 [DEBUG] 处理后检测输出形状: (0, 52)
2026-06-04 17:52:01 [DEBUG] 有效检测数量: 0
2026-06-04 17:52:01 [DEBUG] 检测输出为空
2026-06-04 17:52:01 [INFO] 掩码中检测到的类别: [0, 1, 2, 3, 4, 5, 6, 7, 8, 9, 10, 11, 12, 13, 14, 15]
2026-06-04 17:52:01 [INFO] 分割完成，检测到 0 个物体
2026-06-04 17:52:01 [INFO] 从分割掩码中提取检测结果
2026-06-04 17:52:02 [INFO] 从掩码中提取了 510 个检测框
2026-06-04 17:52:02 [INFO] 计算出的车框矩形边界: (1025, 620) to (3174, 1518)
2026-06-04 17:52:02 [INFO] 原始检测数: 510, 过滤后检测数: 218
2026-06-04 17:52:02 [INFO] 保存分割和检测结果到: C:\code\show\Scrap_Steel_In_Field\photos\segmentation\segment_20260604_175202.jpg
2026-06-04 17:52:02 [INFO] JSON结果保存到: C:\code\show\Scrap_Steel_In_Field\photos\segmentation_result.json
2026-06-04 17:52:02 [INFO] 类别统计：{0: 40, 1: 47, 2: 26, 3: 9, 4: 33, 5: 33, 6: 19, 7: 27, 8: 53, 9: 57, 10: 30, 11: 22, 12: 20, 13: 71, 14: 0, 15: 23}
2026-06-04 17:52:02 [INFO] 面积统计：{0: 3688812.0, 1: 837432.0, 2: 48240.0, 3: 137124.0, 4: 148644.0, 5: 90252.0, 6: 380376.0, 7: 32796.0, 8: 979344.0, 9: 234360.0, 10: 195840.0, 11: 349884.0, 12: 72720.0, 13: 828180.0, 14: 36.0, 15: 47592.0}
2026-06-04 17:52:02 [INFO] 分割成功
2026-06-04 17:52:02 [INFO] 引擎上下文已释放
2026-06-04 17:52:02 [INFO] TensorRT 引擎已释放
2026-06-04 17:52:02 [INFO] 全局 CUDA 资源已释放
2026-06-04 17:52:02 [INFO] 分割系统资源已释放
2026-06-04 17:52:06 [INFO] CUDA 初始化成功
2026-06-04 17:52:06 [INFO] 引擎加载成功: scrap_steel.engine
2026-06-04 17:52:06 [INFO] 分割系统初始化成功
2026-06-04 17:52:07 [INFO] 图像预处理完成，原始尺寸: (2160, 3840)
2026-06-04 17:52:07 [INFO] 开始执行分割...
2026-06-04 17:52:07 [DEBUG] 处理后的检测结果形状: (1, 8400, 6)
2026-06-04 17:52:07 [DEBUG] 示例检测结果: [[-4.16013336e+00 -3.30158663e+00  3.95472107e+01  1.56041946e+01
   4.41019594e-08  5.00000000e+00]
 [-6.53210831e+00 -3.05397701e+00  4.45469398e+01  2.99314041e+01
   1.04534337e-08  9.00000000e+00]
 [-3.54127502e+00 -3.52551174e+00  4.59223862e+01  3.04835663e+01
   4.71380268e-09  9.00000000e+00]]
2026-06-04 17:52:07 [DEBUG] 处理后检测输出形状: (0, 52)
2026-06-04 17:52:07 [DEBUG] 有效检测数量: 0
2026-06-04 17:52:07 [DEBUG] 检测输出为空
2026-06-04 17:52:07 [INFO] 掩码中检测到的类别: [0, 1, 2, 3, 4, 5, 6, 7, 8, 9, 10, 11, 12, 13, 14, 15]
2026-06-04 17:52:07 [INFO] 分割完成，检测到 0 个物体
2026-06-04 17:52:07 [INFO] 从分割掩码中提取检测结果
2026-06-04 17:52:07 [INFO] 从掩码中提取了 515 个检测框
2026-06-04 17:52:07 [INFO] 计算出的车框矩形边界: (1024, 621) to (3175, 1518)
2026-06-04 17:52:07 [INFO] 原始检测数: 515, 过滤后检测数: 222
2026-06-04 17:52:07 [INFO] 保存分割和检测结果到: C:\code\show\Scrap_Steel_In_Field\photos\segmentation\segment_20260604_175207.jpg
2026-06-04 17:52:07 [INFO] JSON结果保存到: C:\code\show\Scrap_Steel_In_Field\photos\segmentation_result.json
2026-06-04 17:52:07 [INFO] 类别统计：{0: 43, 1: 52, 2: 30, 3: 8, 4: 35, 5: 38, 6: 22, 7: 23, 8: 53, 9: 56, 10: 29, 11: 23, 12: 18, 13: 62, 14: 0, 15: 23}
2026-06-04 17:52:07 [INFO] 面积统计：{0: 3638448.0, 1: 842796.0, 2: 50400.0, 3: 138960.0, 4: 149040.0, 5: 82332.0, 6: 390708.0, 7: 31788.0, 8: 967392.0, 9: 241488.0, 10: 191664.0, 11: 355752.0, 12: 70812.0, 13: 827280.0, 14: 72.0, 15: 49320.0}
2026-06-04 17:52:07 [INFO] 分割成功
2026-06-04 17:52:07 [INFO] 引擎上下文已释放
2026-06-04 17:52:07 [INFO] TensorRT 引擎已释放
2026-06-04 17:52:08 [INFO] 全局 CUDA 资源已释放
2026-06-04 17:52:08 [INFO] 分割系统资源已释放
2026-06-04 17:52:12 [INFO] CUDA 初始化成功
2026-06-04 17:52:12 [INFO] 引擎加载成功: scrap_steel.engine
2026-06-04 17:52:12 [INFO] 分割系统初始化成功
2026-06-04 17:52:12 [INFO] 图像预处理完成，原始尺寸: (2160, 3840)
2026-06-04 17:52:12 [INFO] 开始执行分割...
2026-06-04 17:52:12 [DEBUG] 处理后的检测结果形状: (1, 8400, 6)
2026-06-04 17:52:12 [DEBUG] 示例检测结果: [[-4.09504700e+00 -3.26699352e+00  3.95112343e+01  1.54926119e+01
   4.44559412e-08  5.00000000e+00]
 [-6.43930435e+00 -2.99438667e+00  4.46157112e+01  2.98645725e+01
   1.05281011e-08  9.00000000e+00]
 [-3.54034805e+00 -3.47089386e+00  4.59262772e+01  3.05108948e+01
   4.84307527e-09  9.00000000e+00]]
2026-06-04 17:52:12 [DEBUG] 处理后检测输出形状: (0, 52)
2026-06-04 17:52:12 [DEBUG] 有效检测数量: 0
2026-06-04 17:52:12 [DEBUG] 检测输出为空
2026-06-04 17:52:12 [INFO] 掩码中检测到的类别: [0, 1, 2, 3, 4, 5, 6, 7, 8, 9, 10, 11, 12, 13, 14, 15]
2026-06-04 17:52:12 [INFO] 分割完成，检测到 0 个物体
2026-06-04 17:52:12 [INFO] 从分割掩码中提取检测结果
2026-06-04 17:52:13 [INFO] 从掩码中提取了 523 个检测框
2026-06-04 17:52:13 [INFO] 计算出的车框矩形边界: (1024, 621) to (3173, 1518)
2026-06-04 17:52:13 [INFO] 原始检测数: 523, 过滤后检测数: 224
2026-06-04 17:52:13 [INFO] 保存分割和检测结果到: C:\code\show\Scrap_Steel_In_Field\photos\segmentation\segment_20260604_175213.jpg
2026-06-04 17:52:13 [INFO] JSON结果保存到: C:\code\show\Scrap_Steel_In_Field\photos\segmentation_result.json
2026-06-04 17:52:13 [INFO] 类别统计：{0: 40, 1: 55, 2: 28, 3: 8, 4: 36, 5: 33, 6: 23, 7: 26, 8: 52, 9: 59, 10: 27, 11: 26, 12: 22, 13: 62, 14: 0, 15: 26}
2026-06-04 17:52:13 [INFO] 面积统计：{0: 3627396.0, 1: 813564.0, 2: 50832.0, 3: 150048.0, 4: 155196.0, 5: 90612.0, 6: 392184.0, 7: 36432.0, 8: 977436.0, 9: 223884.0, 10: 195408.0, 11: 339084.0, 12: 76248.0, 13: 813888.0, 14: 72.0, 15: 51372.0}
2026-06-04 17:52:13 [INFO] 分割成功
2026-06-04 17:52:13 [INFO] 引擎上下文已释放
2026-06-04 17:52:13 [INFO] TensorRT 引擎已释放
2026-06-04 17:52:13 [INFO] 全局 CUDA 资源已释放
2026-06-04 17:52:13 [INFO] 分割系统资源已释放
2026-06-04 17:52:17 [INFO] CUDA 初始化成功
2026-06-04 17:52:17 [INFO] 引擎加载成功: scrap_steel.engine
2026-06-04 17:52:17 [INFO] 分割系统初始化成功
2026-06-04 17:52:17 [INFO] 图像预处理完成，原始尺寸: (2160, 3840)
2026-06-04 17:52:17 [INFO] 开始执行分割...
2026-06-04 17:52:17 [DEBUG] 处理后的检测结果形状: (1, 8400, 6)
2026-06-04 17:52:17 [DEBUG] 示例检测结果: [[-4.09904480e+00 -3.24586391e+00  3.95323944e+01  1.54304876e+01
   4.42833823e-08  5.00000000e+00]
 [-6.48571777e+00 -2.98271942e+00  4.46432037e+01  2.97294312e+01
   1.06107549e-08  9.00000000e+00]
 [-3.56523132e+00 -3.45791531e+00  4.59253845e+01  3.03670349e+01
   4.92424235e-09  9.00000000e+00]]
2026-06-04 17:52:17 [DEBUG] 处理后检测输出形状: (0, 52)
2026-06-04 17:52:17 [DEBUG] 有效检测数量: 0
2026-06-04 17:52:17 [DEBUG] 检测输出为空
2026-06-04 17:52:17 [INFO] 掩码中检测到的类别: [0, 1, 2, 3, 4, 5, 6, 7, 8, 9, 10, 11, 12, 13, 14, 15]
2026-06-04 17:52:17 [INFO] 分割完成，检测到 0 个物体
2026-06-04 17:52:17 [INFO] 从分割掩码中提取检测结果
2026-06-04 17:52:17 [INFO] 从掩码中提取了 512 个检测框
2026-06-04 17:52:17 [INFO] 计算出的车框矩形边界: (1026, 620) to (3173, 1518)
2026-06-04 17:52:17 [INFO] 原始检测数: 512, 过滤后检测数: 220
2026-06-04 17:52:18 [INFO] 保存分割和检测结果到: C:\code\show\Scrap_Steel_In_Field\photos\segmentation\segment_20260604_175217.jpg
2026-06-04 17:52:18 [INFO] JSON结果保存到: C:\code\show\Scrap_Steel_In_Field\photos\segmentation_result.json
2026-06-04 17:52:18 [INFO] 类别统计：{0: 41, 1: 50, 2: 28, 3: 6, 4: 36, 5: 39, 6: 21, 7: 28, 8: 44, 9: 59, 10: 28, 11: 19, 12: 19, 13: 73, 14: 0, 15: 21}
2026-06-04 17:52:18 [INFO] 面积统计：{0: 3650544.0, 1: 790920.0, 2: 54288.0, 3: 132372.0, 4: 158040.0, 5: 90576.0, 6: 384444.0, 7: 31896.0, 8: 960012.0, 9: 224640.0, 10: 184608.0, 11: 340956.0, 12: 75204.0, 13: 837504.0, 14: 36.0, 15: 50832.0}
2026-06-04 17:52:18 [INFO] 分割成功
2026-06-04 17:52:18 [INFO] 引擎上下文已释放
2026-06-04 17:52:18 [INFO] TensorRT 引擎已释放
2026-06-04 17:52:18 [INFO] 全局 CUDA 资源已释放
2026-06-04 17:52:18 [INFO] 分割系统资源已释放
2026-06-04 17:52:22 [INFO] CUDA 初始化成功
2026-06-04 17:52:22 [INFO] 引擎加载成功: scrap_steel.engine
2026-06-04 17:52:22 [INFO] 分割系统初始化成功
2026-06-04 17:52:22 [INFO] 图像预处理完成，原始尺寸: (2160, 3840)
2026-06-04 17:52:22 [INFO] 开始执行分割...
2026-06-04 17:52:22 [DEBUG] 处理后的检测结果形状: (1, 8400, 6)
2026-06-04 17:52:22 [DEBUG] 示例检测结果: [[-4.11434174e+00 -3.23627567e+00  3.95297623e+01  1.53693705e+01
   4.34148184e-08  5.00000000e+00]
 [-6.52885056e+00 -2.99753761e+00  4.45983391e+01  2.96476498e+01
   1.05487459e-08  9.00000000e+00]
 [-3.57176971e+00 -3.47250748e+00  4.59439621e+01  3.04068642e+01
   4.84391194e-09  9.00000000e+00]]
2026-06-04 17:52:22 [DEBUG] 处理后检测输出形状: (0, 52)
2026-06-04 17:52:22 [DEBUG] 有效检测数量: 0
2026-06-04 17:52:22 [DEBUG] 检测输出为空
2026-06-04 17:52:22 [INFO] 掩码中检测到的类别: [0, 1, 2, 3, 4, 5, 6, 7, 8, 9, 10, 11, 12, 13, 14, 15]
2026-06-04 17:52:22 [INFO] 分割完成，检测到 0 个物体
2026-06-04 17:52:22 [INFO] 从分割掩码中提取检测结果
2026-06-04 17:52:22 [INFO] 从掩码中提取了 537 个检测框
2026-06-04 17:52:22 [INFO] 计算出的车框矩形边界: (1026, 620) to (3173, 1518)
2026-06-04 17:52:22 [INFO] 原始检测数: 537, 过滤后检测数: 219
2026-06-04 17:52:23 [INFO] 保存分割和检测结果到: C:\code\show\Scrap_Steel_In_Field\photos\segmentation\segment_20260604_175222.jpg
2026-06-04 17:52:23 [INFO] JSON结果保存到: C:\code\show\Scrap_Steel_In_Field\photos\segmentation_result.json
2026-06-04 17:52:23 [INFO] 类别统计：{0: 46, 1: 49, 2: 30, 3: 9, 4: 35, 5: 35, 6: 24, 7: 27, 8: 46, 9: 59, 10: 34, 11: 28, 12: 20, 13: 73, 14: 0, 15: 22}
2026-06-04 17:52:23 [INFO] 面积统计：{0: 3585672.0, 1: 817704.0, 2: 58212.0, 3: 157536.0, 4: 147960.0, 5: 90000.0, 6: 394020.0, 7: 36792.0, 8: 1012644.0, 9: 190188.0, 10: 187488.0, 11: 350208.0, 12: 72288.0, 13: 827460.0, 14: 36.0, 15: 53460.0}
2026-06-04 17:52:23 [INFO] 分割成功
2026-06-04 17:52:23 [INFO] 引擎上下文已释放
2026-06-04 17:52:23 [INFO] TensorRT 引擎已释放
2026-06-04 17:52:23 [INFO] 全局 CUDA 资源已释放
2026-06-04 17:52:23 [INFO] 分割系统资源已释放
2026-06-04 17:52:27 [INFO] CUDA 初始化成功
2026-06-04 17:52:27 [INFO] 引擎加载成功: scrap_steel.engine
2026-06-04 17:52:27 [INFO] 分割系统初始化成功
2026-06-04 17:52:27 [INFO] 图像预处理完成，原始尺寸: (2160, 3840)
2026-06-04 17:52:27 [INFO] 开始执行分割...
2026-06-04 17:52:27 [DEBUG] 处理后的检测结果形状: (1, 8400, 6)
2026-06-04 17:52:27 [DEBUG] 示例检测结果: [[-4.19506836e+00 -3.29932022e+00  3.95598183e+01  1.56637383e+01
   4.28936922e-08  5.00000000e+00]
 [-6.63845062e+00 -3.06481552e+00  4.46383591e+01  2.98614578e+01
   1.01990416e-08  9.00000000e+00]
 [-3.59159470e+00 -3.52799511e+00  4.59613113e+01  3.04285316e+01
   4.72027128e-09  9.00000000e+00]]
2026-06-04 17:52:27 [DEBUG] 处理后检测输出形状: (0, 52)
2026-06-04 17:52:27 [DEBUG] 有效检测数量: 0
2026-06-04 17:52:27 [DEBUG] 检测输出为空
2026-06-04 17:52:27 [INFO] 掩码中检测到的类别: [0, 1, 2, 3, 4, 5, 6, 7, 8, 9, 10, 11, 12, 13, 14, 15]
2026-06-04 17:52:27 [INFO] 分割完成，检测到 0 个物体
2026-06-04 17:52:27 [INFO] 从分割掩码中提取检测结果
2026-06-04 17:52:28 [INFO] 从掩码中提取了 565 个检测框
2026-06-04 17:52:28 [INFO] 计算出的车框矩形边界: (1024, 622) to (3173, 1518)
2026-06-04 17:52:28 [INFO] 原始检测数: 565, 过滤后检测数: 202
2026-06-04 17:52:28 [INFO] 保存分割和检测结果到: C:\code\show\Scrap_Steel_In_Field\photos\segmentation\segment_20260604_175228.jpg
2026-06-04 17:52:28 [INFO] JSON结果保存到: C:\code\show\Scrap_Steel_In_Field\photos\segmentation_result.json
2026-06-04 17:52:28 [INFO] 类别统计：{0: 36, 1: 65, 2: 30, 3: 15, 4: 33, 5: 37, 6: 20, 7: 37, 8: 59, 9: 59, 10: 33, 11: 27, 12: 17, 13: 79, 14: 0, 15: 18}
2026-06-04 17:52:28 [INFO] 面积统计：{0: 3406176.0, 1: 804888.0, 2: 60588.0, 3: 156420.0, 4: 157176.0, 5: 101376.0, 6: 453060.0, 7: 38484.0, 8: 1120428.0, 9: 215316.0, 10: 178740.0, 11: 345924.0, 12: 61272.0, 13: 767412.0, 14: 36.0, 15: 150156.0}
2026-06-04 17:52:28 [INFO] 分割成功
2026-06-04 17:52:28 [INFO] 引擎上下文已释放
2026-06-04 17:52:28 [INFO] TensorRT 引擎已释放
2026-06-04 17:52:28 [INFO] 全局 CUDA 资源已释放
2026-06-04 17:52:28 [INFO] 分割系统资源已释放
2026-06-04 17:52:32 [INFO] CUDA 初始化成功
2026-06-04 17:52:32 [INFO] 引擎加载成功: scrap_steel.engine
2026-06-04 17:52:32 [INFO] 分割系统初始化成功
2026-06-04 17:52:33 [INFO] 图像预处理完成，原始尺寸: (2160, 3840)
2026-06-04 17:52:33 [INFO] 开始执行分割...
2026-06-04 17:52:33 [DEBUG] 处理后的检测结果形状: (1, 8400, 6)
2026-06-04 17:52:33 [DEBUG] 示例检测结果: [[-4.16657639e+00 -3.29718304e+00  3.94935341e+01  1.55460310e+01
   4.33969625e-08  5.00000000e+00]
 [-6.59335709e+00 -3.05644608e+00  4.46125107e+01  2.96853752e+01
   1.01592335e-08  9.00000000e+00]
 [-3.62912369e+00 -3.57012367e+00  4.59625854e+01  3.04403057e+01
   4.60049066e-09  9.00000000e+00]]
2026-06-04 17:52:33 [DEBUG] 处理后检测输出形状: (0, 52)
2026-06-04 17:52:33 [DEBUG] 有效检测数量: 0
2026-06-04 17:52:33 [DEBUG] 检测输出为空
2026-06-04 17:52:33 [INFO] 掩码中检测到的类别: [0, 1, 2, 3, 4, 5, 6, 7, 8, 9, 10, 11, 12, 13, 14, 15]
2026-06-04 17:52:33 [INFO] 分割完成，检测到 0 个物体
2026-06-04 17:52:33 [INFO] 从分割掩码中提取检测结果
2026-06-04 17:52:33 [INFO] 从掩码中提取了 549 个检测框
2026-06-04 17:52:33 [INFO] 计算出的车框矩形边界: (1025, 620) to (3177, 1517)
2026-06-04 17:52:33 [INFO] 原始检测数: 549, 过滤后检测数: 201
2026-06-04 17:52:33 [INFO] 保存分割和检测结果到: C:\code\show\Scrap_Steel_In_Field\photos\segmentation\segment_20260604_175233.jpg
2026-06-04 17:52:33 [INFO] JSON结果保存到: C:\code\show\Scrap_Steel_In_Field\photos\segmentation_result.json
2026-06-04 17:52:33 [INFO] 类别统计：{0: 54, 1: 44, 2: 28, 3: 8, 4: 32, 5: 35, 6: 18, 7: 28, 8: 62, 9: 55, 10: 30, 11: 31, 12: 16, 13: 78, 14: 0, 15: 30}
2026-06-04 17:52:33 [INFO] 面积统计：{0: 3374496.0, 1: 844992.0, 2: 53064.0, 3: 150948.0, 4: 150552.0, 5: 141876.0, 6: 462708.0, 7: 41688.0, 8: 1130976.0, 9: 211536.0, 10: 187920.0, 11: 357480.0, 12: 51336.0, 13: 826920.0, 14: 36.0, 15: 96120.0}
2026-06-04 17:52:33 [INFO] 分割成功
2026-06-04 17:52:33 [INFO] 引擎上下文已释放
2026-06-04 17:52:33 [INFO] TensorRT 引擎已释放
2026-06-04 17:52:34 [INFO] 全局 CUDA 资源已释放
2026-06-04 17:52:34 [INFO] 分割系统资源已释放
2026-06-04 17:52:38 [INFO] CUDA 初始化成功
2026-06-04 17:52:38 [INFO] 引擎加载成功: scrap_steel.engine
2026-06-04 17:52:38 [INFO] 分割系统初始化成功
2026-06-04 17:52:38 [INFO] 图像预处理完成，原始尺寸: (2160, 3840)
2026-06-04 17:52:38 [INFO] 开始执行分割...
2026-06-04 17:52:38 [DEBUG] 处理后的检测结果形状: (1, 8400, 6)
2026-06-04 17:52:38 [DEBUG] 示例检测结果: [[-4.15879822e+00 -3.29205894e+00  3.96445770e+01  1.56217461e+01
   4.37479777e-08  5.00000000e+00]
 [-6.55659485e+00 -3.02240467e+00  4.46863899e+01  2.98765335e+01
   1.06251861e-08  9.00000000e+00]
 [-3.57672119e+00 -3.51384830e+00  4.59858627e+01  3.05165482e+01
   4.87790430e-09  9.00000000e+00]]
2026-06-04 17:52:38 [DEBUG] 处理后检测输出形状: (0, 52)
2026-06-04 17:52:38 [DEBUG] 有效检测数量: 0
2026-06-04 17:52:38 [DEBUG] 检测输出为空
2026-06-04 17:52:38 [INFO] 掩码中检测到的类别: [0, 1, 2, 3, 4, 5, 6, 7, 8, 9, 10, 11, 12, 13, 14, 15]
2026-06-04 17:52:38 [INFO] 分割完成，检测到 0 个物体
2026-06-04 17:52:38 [INFO] 从分割掩码中提取检测结果
2026-06-04 17:52:38 [INFO] 从掩码中提取了 553 个检测框
2026-06-04 17:52:38 [INFO] 计算出的车框矩形边界: (1026, 621) to (3173, 1518)
2026-06-04 17:52:38 [INFO] 原始检测数: 553, 过滤后检测数: 222
2026-06-04 17:52:39 [INFO] 保存分割和检测结果到: C:\code\show\Scrap_Steel_In_Field\photos\segmentation\segment_20260604_175238.jpg
2026-06-04 17:52:39 [INFO] JSON结果保存到: C:\code\show\Scrap_Steel_In_Field\photos\segmentation_result.json
2026-06-04 17:52:39 [INFO] 类别统计：{0: 41, 1: 61, 2: 29, 3: 10, 4: 29, 5: 43, 6: 25, 7: 31, 8: 60, 9: 53, 10: 31, 11: 22, 12: 16, 13: 75, 14: 0, 15: 27}
2026-06-04 17:52:39 [INFO] 面积统计：{0: 3457008.0, 1: 785736.0, 2: 52884.0, 3: 156312.0, 4: 155124.0, 5: 104688.0, 6: 498636.0, 7: 31428.0, 8: 1079640.0, 9: 209952.0, 10: 192060.0, 11: 351684.0, 12: 47736.0, 13: 753300.0, 14: 36.0, 15: 119448.0}
2026-06-04 17:52:39 [INFO] 分割成功
2026-06-04 17:52:39 [INFO] 引擎上下文已释放
2026-06-04 17:52:39 [INFO] TensorRT 引擎已释放
2026-06-04 17:52:39 [INFO] 全局 CUDA 资源已释放
2026-06-04 17:52:39 [INFO] 分割系统资源已释放
2026-06-04 17:52:43 [INFO] CUDA 初始化成功
2026-06-04 17:52:43 [INFO] 引擎加载成功: scrap_steel.engine
2026-06-04 17:52:43 [INFO] 分割系统初始化成功
2026-06-04 17:52:43 [INFO] 图像预处理完成，原始尺寸: (2160, 3840)
2026-06-04 17:52:43 [INFO] 开始执行分割...
2026-06-04 17:52:43 [DEBUG] 处理后的检测结果形状: (1, 8400, 6)
2026-06-04 17:52:43 [DEBUG] 示例检测结果: [[-4.09623337e+00 -3.27450275e+00  3.94393883e+01  1.54324675e+01
   4.58941756e-08  5.00000000e+00]
 [-6.43914795e+00 -3.00127316e+00  4.45719604e+01  2.99308319e+01
   1.05024469e-08  9.00000000e+00]
 [-3.52455521e+00 -3.47994137e+00  4.58850899e+01  3.05442581e+01
   4.84948881e-09  9.00000000e+00]]
2026-06-04 17:52:43 [DEBUG] 处理后检测输出形状: (0, 52)
2026-06-04 17:52:43 [DEBUG] 有效检测数量: 0
2026-06-04 17:52:43 [DEBUG] 检测输出为空
2026-06-04 17:52:43 [INFO] 掩码中检测到的类别: [0, 1, 2, 3, 4, 5, 6, 7, 8, 9, 10, 11, 12, 13, 14, 15]
2026-06-04 17:52:43 [INFO] 分割完成，检测到 0 个物体
2026-06-04 17:52:43 [INFO] 从分割掩码中提取检测结果
2026-06-04 17:52:43 [INFO] 从掩码中提取了 535 个检测框
2026-06-04 17:52:43 [INFO] 计算出的车框矩形边界: (1027, 621) to (3174, 1518)
2026-06-04 17:52:43 [INFO] 原始检测数: 535, 过滤后检测数: 211
2026-06-04 17:52:44 [INFO] 保存分割和检测结果到: C:\code\show\Scrap_Steel_In_Field\photos\segmentation\segment_20260604_175243.jpg
2026-06-04 17:52:44 [INFO] JSON结果保存到: C:\code\show\Scrap_Steel_In_Field\photos\segmentation_result.json
2026-06-04 17:52:44 [INFO] 类别统计：{0: 48, 1: 62, 2: 24, 3: 5, 4: 30, 5: 38, 6: 28, 7: 28, 8: 51, 9: 54, 10: 30, 11: 23, 12: 21, 13: 68, 14: 0, 15: 25}
2026-06-04 17:52:44 [INFO] 面积统计：{0: 3679668.0, 1: 818820.0, 2: 56484.0, 3: 181584.0, 4: 149652.0, 5: 85572.0, 6: 423252.0, 7: 29376.0, 8: 1031724.0, 9: 186048.0, 10: 184860.0, 11: 353016.0, 12: 62208.0, 13: 675576.0, 14: 36.0, 15: 163080.0}
2026-06-04 17:52:44 [INFO] 分割成功
2026-06-04 17:52:44 [INFO] 引擎上下文已释放
2026-06-04 17:52:44 [INFO] TensorRT 引擎已释放
2026-06-04 17:52:44 [INFO] 全局 CUDA 资源已释放
2026-06-04 17:52:44 [INFO] 分割系统资源已释放
2026-06-04 17:52:48 [INFO] CUDA 初始化成功
2026-06-04 17:52:48 [INFO] 引擎加载成功: scrap_steel.engine
2026-06-04 17:52:48 [INFO] 分割系统初始化成功
2026-06-04 17:52:48 [INFO] 图像预处理完成，原始尺寸: (2160, 3840)
2026-06-04 17:52:48 [INFO] 开始执行分割...
2026-06-04 17:52:48 [DEBUG] 处理后的检测结果形状: (1, 8400, 6)
2026-06-04 17:52:48 [DEBUG] 示例检测结果: [[-4.10928345e+00 -3.27274036e+00  3.94761848e+01  1.54614687e+01
   4.55374334e-08  5.00000000e+00]
 [-6.47436142e+00 -3.01472092e+00  4.45718956e+01  2.99118767e+01
   1.05200328e-08  9.00000000e+00]
 [-3.55471420e+00 -3.51979446e+00  4.59257965e+01  3.05911331e+01
   4.82453544e-09  9.00000000e+00]]
2026-06-04 17:52:48 [DEBUG] 处理后检测输出形状: (0, 52)
2026-06-04 17:52:48 [DEBUG] 有效检测数量: 0
2026-06-04 17:52:48 [DEBUG] 检测输出为空
2026-06-04 17:52:48 [INFO] 掩码中检测到的类别: [0, 1, 2, 3, 4, 5, 6, 7, 8, 9, 10, 11, 12, 13, 14, 15]
2026-06-04 17:52:48 [INFO] 分割完成，检测到 0 个物体
2026-06-04 17:52:48 [INFO] 从分割掩码中提取检测结果
2026-06-04 17:52:48 [INFO] 从掩码中提取了 513 个检测框
2026-06-04 17:52:48 [INFO] 计算出的车框矩形边界: (1026, 621) to (3173, 1518)
2026-06-04 17:52:48 [INFO] 原始检测数: 513, 过滤后检测数: 199
2026-06-04 17:52:49 [INFO] 保存分割和检测结果到: C:\code\show\Scrap_Steel_In_Field\photos\segmentation\segment_20260604_175248.jpg
2026-06-04 17:52:49 [INFO] JSON结果保存到: C:\code\show\Scrap_Steel_In_Field\photos\segmentation_result.json
2026-06-04 17:52:49 [INFO] 类别统计：{0: 24, 1: 49, 2: 28, 3: 6, 4: 34, 5: 34, 6: 28, 7: 29, 8: 66, 9: 53, 10: 29, 11: 23, 12: 21, 13: 63, 14: 0, 15: 26}
2026-06-04 17:52:49 [INFO] 面积统计：{0: 3557556.0, 1: 817380.0, 2: 52884.0, 3: 156744.0, 4: 153144.0, 5: 88416.0, 6: 410580.0, 7: 40320.0, 8: 990468.0, 9: 249984.0, 10: 185760.0, 11: 348948.0, 12: 73548.0, 13: 800712.0, 14: 36.0, 15: 50940.0}
2026-06-04 17:52:49 [INFO] 分割成功
2026-06-04 17:52:49 [INFO] 引擎上下文已释放
2026-06-04 17:52:49 [INFO] TensorRT 引擎已释放
2026-06-04 17:52:49 [INFO] 全局 CUDA 资源已释放
2026-06-04 17:52:49 [INFO] 分割系统资源已释放
2026-06-04 17:52:54 [INFO] CUDA 初始化成功
2026-06-04 17:52:54 [INFO] 引擎加载成功: scrap_steel.engine
2026-06-04 17:52:54 [INFO] 分割系统初始化成功
2026-06-04 17:52:54 [INFO] 图像预处理完成，原始尺寸: (2160, 3840)
2026-06-04 17:52:54 [INFO] 开始执行分割...
2026-06-04 17:52:54 [DEBUG] 处理后的检测结果形状: (1, 8400, 6)
2026-06-04 17:52:54 [DEBUG] 示例检测结果: [[-4.12610245e+00 -3.27248049e+00  3.94684486e+01  1.54344330e+01
   4.51597018e-08  5.00000000e+00]
 [-6.51145172e+00 -3.00094604e+00  4.45553856e+01  2.97558861e+01
   1.06939098e-08  9.00000000e+00]
 [-3.54914093e+00 -3.45639801e+00  4.59214172e+01  3.04028549e+01
   4.92424235e-09  9.00000000e+00]]
2026-06-04 17:52:54 [DEBUG] 处理后检测输出形状: (0, 52)
2026-06-04 17:52:54 [DEBUG] 有效检测数量: 0
2026-06-04 17:52:54 [DEBUG] 检测输出为空
2026-06-04 17:52:54 [INFO] 掩码中检测到的类别: [0, 1, 2, 3, 4, 5, 6, 7, 8, 9, 10, 11, 12, 13, 14, 15]
2026-06-04 17:52:54 [INFO] 分割完成，检测到 0 个物体
2026-06-04 17:52:54 [INFO] 从分割掩码中提取检测结果
2026-06-04 17:52:55 [INFO] 从掩码中提取了 548 个检测框
2026-06-04 17:52:55 [INFO] 计算出的车框矩形边界: (1026, 620) to (3173, 1517)
2026-06-04 17:52:55 [INFO] 原始检测数: 548, 过滤后检测数: 224
2026-06-04 17:52:55 [INFO] 保存分割和检测结果到: C:\code\show\Scrap_Steel_In_Field\photos\segmentation\segment_20260604_175255.jpg
2026-06-04 17:52:55 [INFO] JSON结果保存到: C:\code\show\Scrap_Steel_In_Field\photos\segmentation_result.json
2026-06-04 17:52:55 [INFO] 类别统计：{0: 55, 1: 49, 2: 29, 3: 10, 4: 31, 5: 35, 6: 25, 7: 30, 8: 60, 9: 52, 10: 31, 11: 23, 12: 21, 13: 74, 14: 0, 15: 23}
2026-06-04 17:52:55 [INFO] 面积统计：{0: 3628368.0, 1: 799632.0, 2: 55800.0, 3: 158400.0, 4: 141696.0, 5: 88848.0, 6: 400644.0, 7: 36576.0, 8: 1004364.0, 9: 235800.0, 10: 181620.0, 11: 348336.0, 12: 77652.0, 13: 780660.0, 14: 36.0, 15: 53532.0}
2026-06-04 17:52:55 [INFO] 分割成功
2026-06-04 17:52:55 [INFO] 引擎上下文已释放
2026-06-04 17:52:55 [INFO] TensorRT 引擎已释放
2026-06-04 17:52:55 [INFO] 全局 CUDA 资源已释放
2026-06-04 17:52:55 [INFO] 分割系统资源已释放
2026-06-04 17:52:58 [INFO] CUDA 初始化成功
2026-06-04 17:52:58 [INFO] 引擎加载成功: scrap_steel.engine
2026-06-04 17:52:58 [INFO] 分割系统初始化成功
2026-06-04 17:52:58 [INFO] 图像预处理完成，原始尺寸: (2160, 3840)
2026-06-04 17:52:58 [INFO] 开始执行分割...
2026-06-04 17:52:59 [DEBUG] 处理后的检测结果形状: (1, 8400, 6)
2026-06-04 17:52:59 [DEBUG] 示例检测结果: [[-4.10950851e+00 -3.27294159e+00  3.96239281e+01  1.55971584e+01
   4.49857680e-08  5.00000000e+00]
 [-6.46663666e+00 -2.98025513e+00  4.46452026e+01  2.98859177e+01
   1.06027684e-08  9.00000000e+00]
 [-3.56021500e+00 -3.46787453e+00  4.59457855e+01  3.05368366e+01
   4.84825335e-09  9.00000000e+00]]
2026-06-04 17:52:59 [DEBUG] 处理后检测输出形状: (0, 52)
2026-06-04 17:52:59 [DEBUG] 有效检测数量: 0
2026-06-04 17:52:59 [DEBUG] 检测输出为空
2026-06-04 17:52:59 [INFO] 掩码中检测到的类别: [0, 1, 2, 3, 4, 5, 6, 7, 8, 9, 10, 11, 12, 13, 14, 15]
2026-06-04 17:52:59 [INFO] 分割完成，检测到 0 个物体
2026-06-04 17:52:59 [INFO] 从分割掩码中提取检测结果
2026-06-04 17:52:59 [INFO] 从掩码中提取了 534 个检测框
2026-06-04 17:52:59 [INFO] 计算出的车框矩形边界: (1025, 621) to (3174, 1518)
2026-06-04 17:52:59 [INFO] 原始检测数: 534, 过滤后检测数: 215
