2026-06-04 21:08:41 [INFO] CUDA 初始化成功
2026-06-04 21:08:41 [INFO] 引擎加载成功: scrap_steel.engine
2026-06-04 21:08:41 [INFO] 分割系统初始化成功
2026-06-04 21:08:43 [INFO] 引擎加载成功: scrap_steel.engine
2026-06-04 21:08:43 [INFO] 分割系统初始化成功
2026-06-04 21:08:43 [INFO] 图像预处理完成，原始尺寸: (2160, 3840)
2026-06-04 21:08:43 [INFO] 开始执行分割...
2026-06-04 21:08:43 [ERROR] 推理过程发生异常: explicit_context_dependent failed: invalid device context - no currently active context?
2026-06-04 21:08:43 [INFO] 分割完成，检测到 0 个物体
2026-06-04 21:08:44 [INFO] 计算出的车框矩形边界: (1028, 618) to (3178, 1512)
2026-06-04 21:08:44 [INFO] 原始检测数: 0, 过滤后检测数: 0
2026-06-04 21:08:44 [ERROR] 保存结果失败: 'NoneType' object has no attribute 'shape'
2026-06-04 21:08:44 [ERROR] 分割失败: 未能生成有效的分割掩码
2026-06-04 21:08:44 [INFO] 引擎上下文已释放
2026-06-04 21:08:44 [INFO] TensorRT 引擎已释放
2026-06-04 21:08:44 [INFO] 全局 CUDA 资源已释放
2026-06-04 21:08:44 [INFO] 分割系统资源已释放
2026-06-04 21:08:49 [INFO] CUDA 初始化成功
2026-06-04 21:08:49 [INFO] 引擎加载成功: scrap_steel.engine
2026-06-04 21:08:49 [INFO] 分割系统初始化成功
2026-06-04 21:08:49 [INFO] 图像预处理完成，原始尺寸: (2160, 3840)
2026-06-04 21:08:49 [INFO] 开始执行分割...
2026-06-04 21:08:49 [DEBUG] 处理后的检测结果形状: (1, 8400, 6)
2026-06-04 21:08:49 [DEBUG] 示例检测结果: [[-4.11825562e+00 -3.25170994e+00  3.92867889e+01  1.52330275e+01
   4.07652685e-08  5.00000000e+00]
 [-6.54666519e+00 -3.03722954e+00  4.47220573e+01  2.97650661e+01
   9.77918546e-09  9.00000000e+00]
 [-3.56964111e+00 -3.43893337e+00  4.59362793e+01  3.04219627e+01
   4.54938842e-09  9.00000000e+00]]
2026-06-04 21:08:49 [DEBUG] 处理后检测输出形状: (0, 52)
2026-06-04 21:08:49 [DEBUG] 有效检测数量: 0
2026-06-04 21:08:49 [DEBUG] 检测输出为空
2026-06-04 21:08:49 [INFO] 掩码中检测到的类别: [0, 1, 2, 3, 4, 5, 6, 7, 8, 9, 10, 11, 12, 13, 14, 15]
2026-06-04 21:08:49 [INFO] 分割完成，检测到 0 个物体
2026-06-04 21:08:49 [INFO] 从分割掩码中提取检测结果
2026-06-04 21:08:50 [INFO] 从掩码中提取了 447 个检测框
2026-06-04 21:08:50 [INFO] 计算出的车框矩形边界: (1028, 619) to (3178, 1513)
2026-06-04 21:08:50 [INFO] 原始检测数: 447, 过滤后检测数: 196
2026-06-04 21:08:50 [INFO] 保存分割和检测结果到: C:\code\show\Scrap_Steel_In_Field\photos\segmentation\segment_20260604_210850.jpg
2026-06-04 21:08:50 [INFO] JSON结果保存到: C:\code\show\Scrap_Steel_In_Field\photos\segmentation_result.json
2026-06-04 21:08:50 [INFO] 类别统计：{0: 18, 1: 60, 2: 20, 3: 1, 4: 27, 5: 29, 6: 14, 7: 30, 8: 46, 9: 54, 10: 26, 11: 16, 12: 21, 13: 67, 14: 0, 15: 18}
2026-06-04 21:08:50 [INFO] 面积统计：{0: 3669732.0, 1: 611100.0, 2: 33264.0, 3: 140400.0, 4: 193320.0, 5: 52020.0, 6: 514368.0, 7: 47844.0, 8: 928548.0, 9: 185436.0, 10: 186732.0, 11: 346392.0, 12: 99072.0, 13: 765576.0, 14: 72.0, 15: 33156.0}
2026-06-04 21:08:50 [INFO] 分割成功
2026-06-04 21:08:50 [INFO] 引擎上下文已释放
2026-06-04 21:08:50 [INFO] TensorRT 引擎已释放
2026-06-04 21:08:50 [INFO] 全局 CUDA 资源已释放
2026-06-04 21:08:50 [INFO] 分割系统资源已释放
2026-06-04 21:08:56 [INFO] CUDA 初始化成功
2026-06-04 21:08:57 [INFO] 引擎加载成功: scrap_steel.engine
2026-06-04 21:08:57 [INFO] 分割系统初始化成功
2026-06-04 21:08:57 [INFO] 图像预处理完成，原始尺寸: (2160, 3840)
2026-06-04 21:08:57 [INFO] 开始执行分割...
2026-06-04 21:08:57 [DEBUG] 处理后的检测结果形状: (1, 8400, 6)
2026-06-04 21:08:57 [DEBUG] 示例检测结果: [[-4.09188461e+00 -3.24703932e+00  3.91593513e+01  1.52086792e+01
   4.12440642e-08  5.00000000e+00]
 [-6.53602219e+00 -3.02574635e+00  4.46730232e+01  2.96445885e+01
   9.81959047e-09  9.00000000e+00]
 [-3.55715179e+00 -3.45205116e+00  4.59475098e+01  3.03962688e+01
   4.56715377e-09  9.00000000e+00]]
2026-06-04 21:08:57 [DEBUG] 处理后检测输出形状: (0, 52)
2026-06-04 21:08:57 [DEBUG] 有效检测数量: 0
2026-06-04 21:08:57 [DEBUG] 检测输出为空
2026-06-04 21:08:57 [INFO] 掩码中检测到的类别: [0, 1, 2, 3, 4, 5, 6, 7, 8, 9, 10, 11, 12, 13, 14, 15]
2026-06-04 21:08:57 [INFO] 分割完成，检测到 0 个物体
2026-06-04 21:08:57 [INFO] 从分割掩码中提取检测结果
2026-06-04 21:08:57 [INFO] 从掩码中提取了 425 个检测框
2026-06-04 21:08:57 [INFO] 计算出的车框矩形边界: (1026, 617) to (3178, 1514)
2026-06-04 21:08:57 [INFO] 原始检测数: 425, 过滤后检测数: 198
2026-06-04 21:08:58 [INFO] 保存分割和检测结果到: C:\code\show\Scrap_Steel_In_Field\photos\segmentation\segment_20260604_210857.jpg
2026-06-04 21:08:58 [INFO] JSON结果保存到: C:\code\show\Scrap_Steel_In_Field\photos\segmentation_result.json
2026-06-04 21:08:58 [INFO] 类别统计：{0: 16, 1: 49, 2: 22, 3: 1, 4: 28, 5: 29, 6: 17, 7: 32, 8: 43, 9: 51, 10: 26, 11: 16, 12: 20, 13: 56, 14: 0, 15: 19}
2026-06-04 21:08:58 [INFO] 面积统计：{0: 3746988.0, 1: 657792.0, 2: 33984.0, 3: 141660.0, 4: 170568.0, 5: 48888.0, 6: 518652.0, 7: 41328.0, 8: 903060.0, 9: 185580.0, 10: 179316.0, 11: 337104.0, 12: 92628.0, 13: 778752.0, 14: 36.0, 15: 28728.0}
2026-06-04 21:08:58 [INFO] 分割成功
2026-06-04 21:08:58 [INFO] 引擎上下文已释放
2026-06-04 21:08:58 [INFO] TensorRT 引擎已释放
2026-06-04 21:08:58 [INFO] 全局 CUDA 资源已释放
2026-06-04 21:08:58 [INFO] 分割系统资源已释放
2026-06-04 21:09:01 [INFO] CUDA 初始化成功
2026-06-04 21:09:01 [INFO] 引擎加载成功: scrap_steel.engine
2026-06-04 21:09:01 [INFO] 分割系统初始化成功
2026-06-04 21:09:01 [INFO] 图像预处理完成，原始尺寸: (2160, 3840)
2026-06-04 21:09:01 [INFO] 开始执行分割...
2026-06-04 21:09:01 [DEBUG] 处理后的检测结果形状: (1, 8400, 6)
2026-06-04 21:09:01 [DEBUG] 示例检测结果: [[-4.12495041e+00 -3.25060129e+00  3.91539116e+01  1.52190418e+01
   3.99638935e-08  5.00000000e+00]
 [-6.57168579e+00 -3.04786110e+00  4.46646423e+01  2.97042446e+01
   9.70771197e-09  9.00000000e+00]
 [-3.58363724e+00 -3.44164085e+00  4.59108238e+01  3.02598057e+01
   4.53549198e-09  9.00000000e+00]]
2026-06-04 21:09:01 [DEBUG] 处理后检测输出形状: (0, 52)
2026-06-04 21:09:01 [DEBUG] 有效检测数量: 0
2026-06-04 21:09:01 [DEBUG] 检测输出为空
2026-06-04 21:09:01 [INFO] 掩码中检测到的类别: [0, 1, 2, 3, 4, 5, 6, 7, 8, 9, 10, 11, 12, 13, 14, 15]
2026-06-04 21:09:01 [INFO] 分割完成，检测到 0 个物体
2026-06-04 21:09:01 [INFO] 从分割掩码中提取检测结果
2026-06-04 21:09:02 [INFO] 从掩码中提取了 444 个检测框
2026-06-04 21:09:02 [INFO] 计算出的车框矩形边界: (1028, 619) to (3178, 1513)
2026-06-04 21:09:02 [INFO] 原始检测数: 444, 过滤后检测数: 209
2026-06-04 21:09:02 [INFO] 保存分割和检测结果到: C:\code\show\Scrap_Steel_In_Field\photos\segmentation\segment_20260604_210902.jpg
2026-06-04 21:09:02 [INFO] JSON结果保存到: C:\code\show\Scrap_Steel_In_Field\photos\segmentation_result.json
2026-06-04 21:09:02 [INFO] 类别统计：{0: 15, 1: 45, 2: 25, 3: 1, 4: 32, 5: 29, 6: 17, 7: 34, 8: 45, 9: 59, 10: 25, 11: 17, 12: 20, 13: 63, 14: 0, 15: 17}
2026-06-04 21:09:02 [INFO] 面积统计：{0: 3709260.0, 1: 629964.0, 2: 31932.0, 3: 139752.0, 4: 177696.0, 5: 54180.0, 6: 494136.0, 7: 46908.0, 8: 935496.0, 9: 194076.0, 10: 181944.0, 11: 330552.0, 12: 86976.0, 13: 789048.0, 14: 36.0, 15: 30708.0}
2026-06-04 21:09:02 [INFO] 分割成功
2026-06-04 21:09:02 [INFO] 引擎上下文已释放
2026-06-04 21:09:02 [INFO] TensorRT 引擎已释放
2026-06-04 21:09:02 [INFO] 全局 CUDA 资源已释放
2026-06-04 21:09:02 [INFO] 分割系统资源已释放
2026-06-04 21:09:06 [INFO] CUDA 初始化成功
2026-06-04 21:09:06 [INFO] 引擎加载成功: scrap_steel.engine
2026-06-04 21:09:06 [INFO] 分割系统初始化成功
2026-06-04 21:09:06 [INFO] 图像预处理完成，原始尺寸: (2160, 3840)
2026-06-04 21:09:06 [INFO] 开始执行分割...
2026-06-04 21:09:06 [DEBUG] 处理后的检测结果形状: (1, 8400, 6)
2026-06-04 21:09:06 [DEBUG] 示例检测结果: [[-4.11890411e+00 -3.25688839e+00  3.92461128e+01  1.52902060e+01
   4.05969445e-08  5.00000000e+00]
 [-6.55461502e+00 -3.03434086e+00  4.47465019e+01  2.97962837e+01
   9.81959047e-09  9.00000000e+00]
 [-3.57276154e+00 -3.46444798e+00  4.59850311e+01  3.04658241e+01
   4.63628069e-09  9.00000000e+00]]
2026-06-04 21:09:06 [DEBUG] 处理后检测输出形状: (0, 52)
2026-06-04 21:09:06 [DEBUG] 有效检测数量: 0
2026-06-04 21:09:06 [DEBUG] 检测输出为空
2026-06-04 21:09:06 [INFO] 掩码中检测到的类别: [0, 1, 2, 3, 4, 5, 6, 7, 8, 9, 10, 11, 12, 13, 14, 15]
2026-06-04 21:09:06 [INFO] 分割完成，检测到 0 个物体
2026-06-04 21:09:06 [INFO] 从分割掩码中提取检测结果
2026-06-04 21:09:07 [INFO] 从掩码中提取了 422 个检测框
2026-06-04 21:09:07 [INFO] 计算出的车框矩形边界: (1027, 617) to (3175, 1519)
2026-06-04 21:09:07 [INFO] 原始检测数: 422, 过滤后检测数: 195
2026-06-04 21:09:07 [INFO] 保存分割和检测结果到: C:\code\show\Scrap_Steel_In_Field\photos\segmentation\segment_20260604_210907.jpg
2026-06-04 21:09:07 [INFO] JSON结果保存到: C:\code\show\Scrap_Steel_In_Field\photos\segmentation_result.json
2026-06-04 21:09:07 [INFO] 类别统计：{0: 19, 1: 59, 2: 22, 3: 1, 4: 27, 5: 25, 6: 16, 7: 26, 8: 45, 9: 50, 10: 25, 11: 15, 12: 20, 13: 58, 14: 0, 15: 14}
2026-06-04 21:09:07 [INFO] 面积统计：{0: 3706380.0, 1: 602496.0, 2: 31104.0, 3: 138384.0, 4: 201132.0, 5: 56952.0, 6: 516708.0, 7: 40140.0, 8: 948060.0, 9: 192744.0, 10: 186192.0, 11: 340200.0, 12: 89316.0, 13: 821448.0, 14: 72.0, 15: 26784.0}
2026-06-04 21:09:07 [INFO] 分割成功
2026-06-04 21:09:07 [INFO] 引擎上下文已释放
2026-06-04 21:09:07 [INFO] TensorRT 引擎已释放
2026-06-04 21:09:07 [INFO] 全局 CUDA 资源已释放
2026-06-04 21:09:07 [INFO] 分割系统资源已释放
2026-06-04 21:09:11 [INFO] CUDA 初始化成功
2026-06-04 21:09:11 [INFO] 引擎加载成功: scrap_steel.engine
2026-06-04 21:09:11 [INFO] 分割系统初始化成功
2026-06-04 21:09:12 [INFO] 图像预处理完成，原始尺寸: (2160, 3840)
2026-06-04 21:09:12 [INFO] 开始执行分割...
2026-06-04 21:09:12 [DEBUG] 处理后的检测结果形状: (1, 8400, 6)
2026-06-04 21:09:12 [DEBUG] 示例检测结果: [[-4.10340881e+00 -3.24077034e+00  3.91970062e+01  1.52112007e+01
   4.02702085e-08  5.00000000e+00]
 [-6.50835800e+00 -3.02549744e+00  4.47557449e+01  2.97522583e+01
   9.70675984e-09  9.00000000e+00]
 [-3.56960297e+00 -3.43576336e+00  4.59982834e+01  3.04724541e+01
   4.53381688e-09  9.00000000e+00]]
2026-06-04 21:09:12 [DEBUG] 处理后检测输出形状: (0, 52)
2026-06-04 21:09:12 [DEBUG] 有效检测数量: 0
2026-06-04 21:09:12 [DEBUG] 检测输出为空
2026-06-04 21:09:12 [INFO] 掩码中检测到的类别: [0, 1, 2, 3, 4, 5, 6, 7, 8, 9, 10, 11, 12, 13, 14, 15]
2026-06-04 21:09:12 [INFO] 分割完成，检测到 0 个物体
2026-06-04 21:09:12 [INFO] 从分割掩码中提取检测结果
2026-06-04 21:09:12 [INFO] 从掩码中提取了 431 个检测框
2026-06-04 21:09:12 [INFO] 计算出的车框矩形边界: (1027, 618) to (3178, 1511)
2026-06-04 21:09:12 [INFO] 原始检测数: 431, 过滤后检测数: 201
2026-06-04 21:09:13 [INFO] 保存分割和检测结果到: C:\code\show\Scrap_Steel_In_Field\photos\segmentation\segment_20260604_210912.jpg
2026-06-04 21:09:13 [INFO] JSON结果保存到: C:\code\show\Scrap_Steel_In_Field\photos\segmentation_result.json
2026-06-04 21:09:13 [INFO] 类别统计：{0: 13, 1: 52, 2: 21, 3: 2, 4: 27, 5: 28, 6: 17, 7: 29, 8: 36, 9: 54, 10: 29, 11: 17, 12: 21, 13: 65, 14: 0, 15: 20}
2026-06-04 21:09:13 [INFO] 面积统计：{0: 3732408.0, 1: 573156.0, 2: 31644.0, 3: 143748.0, 4: 167976.0, 5: 50292.0, 6: 497988.0, 7: 42300.0, 8: 908136.0, 9: 177048.0, 10: 185508.0, 11: 326160.0, 12: 93132.0, 13: 772200.0, 14: 36.0, 15: 27684.0}
2026-06-04 21:09:13 [INFO] 分割成功
2026-06-04 21:09:13 [INFO] 引擎上下文已释放
2026-06-04 21:09:13 [INFO] TensorRT 引擎已释放
2026-06-04 21:09:13 [INFO] 全局 CUDA 资源已释放
2026-06-04 21:09:13 [INFO] 分割系统资源已释放
2026-06-04 21:09:17 [INFO] CUDA 初始化成功
2026-06-04 21:09:17 [INFO] 引擎加载成功: scrap_steel.engine
2026-06-04 21:09:17 [INFO] 分割系统初始化成功
2026-06-04 21:09:17 [INFO] 图像预处理完成，原始尺寸: (2160, 3840)
2026-06-04 21:09:17 [INFO] 开始执行分割...
2026-06-04 21:09:17 [DEBUG] 处理后的检测结果形状: (1, 8400, 6)
2026-06-04 21:09:17 [DEBUG] 示例检测结果: [[-4.09169006e+00 -3.20660877e+00  3.90510941e+01  1.50772524e+01
   3.98091977e-08  5.00000000e+00]
 [-6.52429581e+00 -2.98755741e+00  4.46100082e+01  2.95967102e+01
   9.70771197e-09  9.00000000e+00]
 [-3.56832886e+00 -3.38897324e+00  4.59323273e+01  3.02989044e+01
   4.58696547e-09  9.00000000e+00]]
2026-06-04 21:09:17 [DEBUG] 处理后检测输出形状: (0, 52)
2026-06-04 21:09:17 [DEBUG] 有效检测数量: 0
2026-06-04 21:09:17 [DEBUG] 检测输出为空
2026-06-04 21:09:17 [INFO] 掩码中检测到的类别: [0, 1, 2, 3, 4, 5, 6, 7, 8, 9, 10, 11, 12, 13, 14, 15]
2026-06-04 21:09:17 [INFO] 分割完成，检测到 0 个物体
2026-06-04 21:09:17 [INFO] 从分割掩码中提取检测结果
2026-06-04 21:09:17 [INFO] 从掩码中提取了 441 个检测框
2026-06-04 21:09:17 [INFO] 计算出的车框矩形边界: (1028, 619) to (3178, 1513)
2026-06-04 21:09:17 [INFO] 原始检测数: 441, 过滤后检测数: 201
2026-06-04 21:09:18 [INFO] 保存分割和检测结果到: C:\code\show\Scrap_Steel_In_Field\photos\segmentation\segment_20260604_210917.jpg
2026-06-04 21:09:18 [INFO] JSON结果保存到: C:\code\show\Scrap_Steel_In_Field\photos\segmentation_result.json
2026-06-04 21:09:18 [INFO] 类别统计：{0: 14, 1: 51, 2: 21, 3: 3, 4: 21, 5: 28, 6: 18, 7: 29, 8: 46, 9: 59, 10: 30, 11: 18, 12: 17, 13: 72, 14: 0, 15: 14}
2026-06-04 21:09:18 [INFO] 面积统计：{0: 3724560.0, 1: 609084.0, 2: 35568.0, 3: 143064.0, 4: 175788.0, 5: 54360.0, 6: 509040.0, 7: 42804.0, 8: 953820.0, 9: 167184.0, 10: 190296.0, 11: 348876.0, 12: 87876.0, 13: 741204.0, 14: 36.0, 15: 38016.0}
2026-06-04 21:09:18 [INFO] 分割成功
2026-06-04 21:09:18 [INFO] 引擎上下文已释放
2026-06-04 21:09:18 [INFO] TensorRT 引擎已释放
2026-06-04 21:09:18 [INFO] 全局 CUDA 资源已释放
2026-06-04 21:09:18 [INFO] 分割系统资源已释放
2026-06-04 21:09:22 [INFO] CUDA 初始化成功
2026-06-04 21:09:22 [INFO] 引擎加载成功: scrap_steel.engine
2026-06-04 21:09:22 [INFO] 分割系统初始化成功
2026-06-04 21:09:22 [INFO] 图像预处理完成，原始尺寸: (2160, 3840)
2026-06-04 21:09:22 [INFO] 开始执行分割...
2026-06-04 21:09:22 [DEBUG] 处理后的检测结果形状: (1, 8400, 6)
2026-06-04 21:09:22 [DEBUG] 示例检测结果: [[-4.09075546e+00 -3.23464394e+00  3.90742989e+01  1.52605095e+01
   3.98091977e-08  5.00000000e+00]
 [-6.56066895e+00 -3.04321861e+00  4.47016602e+01  2.97893963e+01
   9.93722438e-09  9.00000000e+00]
 [-3.54312515e+00 -3.40322495e+00  4.59300766e+01  3.03447533e+01
   4.65895766e-09  9.00000000e+00]]
2026-06-04 21:09:22 [DEBUG] 处理后检测输出形状: (0, 52)
2026-06-04 21:09:22 [DEBUG] 有效检测数量: 0
2026-06-04 21:09:22 [DEBUG] 检测输出为空
2026-06-04 21:09:22 [INFO] 掩码中检测到的类别: [0, 1, 2, 3, 4, 5, 6, 7, 8, 9, 10, 11, 12, 13, 14, 15]
2026-06-04 21:09:22 [INFO] 分割完成，检测到 0 个物体
2026-06-04 21:09:22 [INFO] 从分割掩码中提取检测结果
2026-06-04 21:09:22 [INFO] 从掩码中提取了 426 个检测框
2026-06-04 21:09:22 [INFO] 计算出的车框矩形边界: (1028, 619) to (3178, 1511)
2026-06-04 21:09:22 [INFO] 原始检测数: 426, 过滤后检测数: 198
2026-06-04 21:09:23 [INFO] 保存分割和检测结果到: C:\code\show\Scrap_Steel_In_Field\photos\segmentation\segment_20260604_210922.jpg
2026-06-04 21:09:23 [INFO] JSON结果保存到: C:\code\show\Scrap_Steel_In_Field\photos\segmentation_result.json
2026-06-04 21:09:23 [INFO] 类别统计：{0: 10, 1: 56, 2: 21, 3: 2, 4: 26, 5: 22, 6: 19, 7: 30, 8: 39, 9: 58, 10: 25, 11: 15, 12: 20, 13: 65, 14: 0, 15: 18}
2026-06-04 21:09:23 [INFO] 面积统计：{0: 3628728.0, 1: 617760.0, 2: 34452.0, 3: 143892.0, 4: 178560.0, 5: 44784.0, 6: 503856.0, 7: 47772.0, 8: 945108.0, 9: 184716.0, 10: 179712.0, 11: 350856.0, 12: 89604.0, 13: 741708.0, 14: 36.0, 15: 38952.0}
2026-06-04 21:09:23 [INFO] 分割成功
2026-06-04 21:09:23 [INFO] 引擎上下文已释放
2026-06-04 21:09:23 [INFO] TensorRT 引擎已释放
2026-06-04 21:09:23 [INFO] 全局 CUDA 资源已释放
2026-06-04 21:09:23 [INFO] 分割系统资源已释放
2026-06-04 21:09:27 [INFO] CUDA 初始化成功
2026-06-04 21:09:27 [INFO] 引擎加载成功: scrap_steel.engine
2026-06-04 21:09:27 [INFO] 分割系统初始化成功
2026-06-04 21:09:27 [INFO] 图像预处理完成，原始尺寸: (2160, 3840)
2026-06-04 21:09:27 [INFO] 开始执行分割...
2026-06-04 21:09:27 [DEBUG] 处理后的检测结果形状: (1, 8400, 6)
2026-06-04 21:09:27 [DEBUG] 示例检测结果: [[-4.12015152e+00 -3.24990988e+00  3.91531219e+01  1.51819439e+01
   3.93468440e-08  5.00000000e+00]
 [-6.53377914e+00 -3.04937744e+00  4.46844215e+01  2.96714325e+01
   9.42728295e-09  9.00000000e+00]
 [-3.55977249e+00 -3.42925835e+00  4.59398232e+01  3.02938480e+01
   4.43262849e-09  9.00000000e+00]]
2026-06-04 21:09:27 [DEBUG] 处理后检测输出形状: (0, 52)
2026-06-04 21:09:27 [DEBUG] 有效检测数量: 0
2026-06-04 21:09:27 [DEBUG] 检测输出为空
2026-06-04 21:09:27 [INFO] 掩码中检测到的类别: [0, 1, 2, 3, 4, 5, 6, 7, 8, 9, 10, 11, 12, 13, 14, 15]
2026-06-04 21:09:27 [INFO] 分割完成，检测到 0 个物体
2026-06-04 21:09:27 [INFO] 从分割掩码中提取检测结果
2026-06-04 21:09:28 [INFO] 从掩码中提取了 427 个检测框
2026-06-04 21:09:28 [INFO] 计算出的车框矩形边界: (1028, 618) to (3178, 1513)
2026-06-04 21:09:28 [INFO] 原始检测数: 427, 过滤后检测数: 193
2026-06-04 21:09:28 [INFO] 保存分割和检测结果到: C:\code\show\Scrap_Steel_In_Field\photos\segmentation\segment_20260604_210928.jpg
2026-06-04 21:09:28 [INFO] JSON结果保存到: C:\code\show\Scrap_Steel_In_Field\photos\segmentation_result.json
2026-06-04 21:09:28 [INFO] 类别统计：{0: 13, 1: 53, 2: 21, 3: 2, 4: 20, 5: 24, 6: 15, 7: 29, 8: 49, 9: 51, 10: 27, 11: 16, 12: 19, 13: 69, 14: 0, 15: 19}
2026-06-04 21:09:28 [INFO] 面积统计：{0: 3681216.0, 1: 620820.0, 2: 31428.0, 3: 140220.0, 4: 150768.0, 5: 46584.0, 6: 514368.0, 7: 42480.0, 8: 917892.0, 9: 166932.0, 10: 184392.0, 11: 324648.0, 12: 87624.0, 13: 777168.0, 14: 36.0, 15: 39924.0}
2026-06-04 21:09:28 [INFO] 分割成功
2026-06-04 21:09:28 [INFO] 引擎上下文已释放
2026-06-04 21:09:28 [INFO] TensorRT 引擎已释放
2026-06-04 21:09:28 [INFO] 全局 CUDA 资源已释放
2026-06-04 21:09:28 [INFO] 分割系统资源已释放
2026-06-04 21:09:32 [INFO] CUDA 初始化成功
2026-06-04 21:09:32 [INFO] 引擎加载成功: scrap_steel.engine
2026-06-04 21:09:32 [INFO] 分割系统初始化成功
2026-06-04 21:09:32 [INFO] 图像预处理完成，原始尺寸: (2160, 3840)
2026-06-04 21:09:32 [INFO] 开始执行分割...
2026-06-04 21:09:32 [DEBUG] 处理后的检测结果形状: (1, 8400, 6)
2026-06-04 21:09:32 [DEBUG] 示例检测结果: [[-4.14444733e+00 -3.26441526e+00  3.95813522e+01  1.52792664e+01
   3.91944042e-08  5.00000000e+00]
 [-6.53965378e+00 -3.03022194e+00  4.49544334e+01  2.98764210e+01
   9.92735494e-09  9.00000000e+00]
 [-3.59329605e+00 -3.51613808e+00  4.61498833e+01  3.07463360e+01
   4.62892569e-09  9.00000000e+00]]
2026-06-04 21:09:32 [DEBUG] 处理后检测输出形状: (0, 52)
2026-06-04 21:09:32 [DEBUG] 有效检测数量: 0
2026-06-04 21:09:32 [DEBUG] 检测输出为空
2026-06-04 21:09:32 [INFO] 掩码中检测到的类别: [0, 1, 2, 3, 4, 5, 6, 7, 8, 9, 10, 11, 12, 13, 15]
2026-06-04 21:09:32 [INFO] 分割完成，检测到 0 个物体
2026-06-04 21:09:32 [INFO] 从分割掩码中提取检测结果
2026-06-04 21:09:33 [INFO] 从掩码中提取了 410 个检测框
2026-06-04 21:09:33 [ERROR] 保存结果失败: 'NoneType' object has no attribute 'astype'
2026-06-04 21:09:33 [INFO] 分割成功
2026-06-04 21:09:33 [INFO] 引擎上下文已释放
2026-06-04 21:09:33 [INFO] TensorRT 引擎已释放
2026-06-04 21:09:33 [INFO] 全局 CUDA 资源已释放
2026-06-04 21:09:33 [INFO] 分割系统资源已释放
2026-06-04 21:09:37 [INFO] CUDA 初始化成功
2026-06-04 21:09:37 [INFO] 引擎加载成功: scrap_steel.engine
2026-06-04 21:09:37 [INFO] 分割系统初始化成功
2026-06-04 21:09:37 [INFO] 图像预处理完成，原始尺寸: (2160, 3840)
2026-06-04 21:09:37 [INFO] 开始执行分割...
2026-06-04 21:09:38 [DEBUG] 处理后的检测结果形状: (1, 8400, 6)
2026-06-04 21:09:38 [DEBUG] 示例检测结果: [[-3.96068573e+00 -3.17745829e+00  3.93443336e+01  1.51280918e+01
   3.44622642e-08  5.00000000e+00]
 [-6.13375092e+00 -2.88052177e+00  4.51371689e+01  2.99424000e+01
   8.45869152e-09  9.00000000e+00]
 [-3.34142303e+00 -3.18410015e+00  4.59295044e+01  3.05514374e+01
   4.03983247e-09  9.00000000e+00]]
2026-06-04 21:09:38 [DEBUG] 处理后检测输出形状: (0, 52)
2026-06-04 21:09:38 [DEBUG] 有效检测数量: 0
2026-06-04 21:09:38 [DEBUG] 检测输出为空
2026-06-04 21:09:38 [INFO] 掩码中检测到的类别: [0, 1, 2, 3, 4, 5, 6, 7, 8, 9, 10, 11, 12, 13, 14, 15]
2026-06-04 21:09:38 [INFO] 分割完成，检测到 0 个物体
2026-06-04 21:09:38 [INFO] 从分割掩码中提取检测结果
2026-06-04 21:09:38 [INFO] 从掩码中提取了 431 个检测框
2026-06-04 21:09:38 [INFO] 计算出的车框矩形边界: (1032, 619) to (3180, 1520)
2026-06-04 21:09:38 [INFO] 原始检测数: 431, 过滤后检测数: 173
2026-06-04 21:09:38 [INFO] 保存分割和检测结果到: C:\code\show\Scrap_Steel_In_Field\photos\segmentation\segment_20260604_210938.jpg
2026-06-04 21:09:38 [INFO] JSON结果保存到: C:\code\show\Scrap_Steel_In_Field\photos\segmentation_result.json
2026-06-04 21:09:38 [INFO] 类别统计：{0: 16, 1: 41, 2: 22, 3: 9, 4: 27, 5: 22, 6: 16, 7: 26, 8: 43, 9: 47, 10: 16, 11: 8, 12: 17, 13: 108, 14: 0, 15: 13}
2026-06-04 21:09:38 [INFO] 面积统计：{0: 3331908.0, 1: 493308.0, 2: 36684.0, 3: 152064.0, 4: 187236.0, 5: 49212.0, 6: 534456.0, 7: 46512.0, 8: 881712.0, 9: 234864.0, 10: 170892.0, 11: 228636.0, 12: 121968.0, 13: 944316.0, 14: 72.0, 15: 34704.0}
2026-06-04 21:09:38 [INFO] 分割成功
2026-06-04 21:09:38 [INFO] 引擎上下文已释放
2026-06-04 21:09:38 [INFO] TensorRT 引擎已释放
2026-06-04 21:09:38 [INFO] 全局 CUDA 资源已释放
2026-06-04 21:09:38 [INFO] 分割系统资源已释放
2026-06-04 21:09:42 [INFO] CUDA 初始化成功
2026-06-04 21:09:42 [INFO] 引擎加载成功: scrap_steel.engine
2026-06-04 21:09:42 [INFO] 分割系统初始化成功
2026-06-04 21:09:43 [INFO] 图像预处理完成，原始尺寸: (2160, 3840)
2026-06-04 21:09:43 [INFO] 开始执行分割...
2026-06-04 21:09:43 [DEBUG] 处理后的检测结果形状: (1, 8400, 6)
2026-06-04 21:09:43 [DEBUG] 示例检测结果: [[-4.11694717e+00 -3.25972223e+00  3.91950760e+01  1.52899418e+01
   3.94998025e-08  5.00000000e+00]
 [-6.51913071e+00 -3.04878330e+00  4.46978302e+01  2.98430824e+01
   9.55693125e-09  9.00000000e+00]
 [-3.55770111e+00 -3.43778706e+00  4.59579277e+01  3.04588547e+01
   4.44772219e-09  9.00000000e+00]]
2026-06-04 21:09:43 [DEBUG] 处理后检测输出形状: (0, 52)
2026-06-04 21:09:43 [DEBUG] 有效检测数量: 0
2026-06-04 21:09:43 [DEBUG] 检测输出为空
2026-06-04 21:09:43 [INFO] 掩码中检测到的类别: [0, 1, 2, 3, 4, 5, 6, 7, 8, 9, 10, 11, 12, 13, 14, 15]
2026-06-04 21:09:43 [INFO] 分割完成，检测到 0 个物体
2026-06-04 21:09:43 [INFO] 从分割掩码中提取检测结果
2026-06-04 21:09:43 [INFO] 从掩码中提取了 432 个检测框
2026-06-04 21:09:43 [INFO] 计算出的车框矩形边界: (1028, 618) to (3178, 1513)
2026-06-04 21:09:43 [INFO] 原始检测数: 432, 过滤后检测数: 205
2026-06-04 21:09:44 [INFO] 保存分割和检测结果到: C:\code\show\Scrap_Steel_In_Field\photos\segmentation\segment_20260604_210943.jpg
2026-06-04 21:09:44 [INFO] JSON结果保存到: C:\code\show\Scrap_Steel_In_Field\photos\segmentation_result.json
2026-06-04 21:09:44 [INFO] 类别统计：{0: 18, 1: 55, 2: 21, 3: 2, 4: 23, 5: 32, 6: 14, 7: 29, 8: 38, 9: 51, 10: 26, 11: 18, 12: 19, 13: 66, 14: 0, 15: 20}
2026-06-04 21:09:44 [INFO] 面积统计：{0: 3633876.0, 1: 621072.0, 2: 33588.0, 3: 143280.0, 4: 164880.0, 5: 43020.0, 6: 525276.0, 7: 40788.0, 8: 918144.0, 9: 194184.0, 10: 175032.0, 11: 318744.0, 12: 86328.0, 13: 808668.0, 14: 36.0, 15: 38412.0}
2026-06-04 21:09:44 [INFO] 分割成功
2026-06-04 21:09:44 [INFO] 引擎上下文已释放
2026-06-04 21:09:44 [INFO] TensorRT 引擎已释放
2026-06-04 21:09:44 [INFO] 全局 CUDA 资源已释放
2026-06-04 21:09:44 [INFO] 分割系统资源已释放
2026-06-04 21:09:48 [INFO] CUDA 初始化成功
2026-06-04 21:09:48 [INFO] 引擎加载成功: scrap_steel.engine
2026-06-04 21:09:48 [INFO] 分割系统初始化成功
2026-06-04 21:09:48 [INFO] 图像预处理完成，原始尺寸: (2160, 3840)
2026-06-04 21:09:48 [INFO] 开始执行分割...
2026-06-04 21:09:48 [DEBUG] 处理后的检测结果形状: (1, 8400, 6)
2026-06-04 21:09:48 [DEBUG] 示例检测结果: [[-4.19013596e+00 -3.29468250e+00  3.97896652e+01  1.53528509e+01
   3.90585519e-08  5.00000000e+00]
 [-6.58863831e+00 -3.13333035e+00  4.53113708e+01  3.03261261e+01
   9.75499148e-09  9.00000000e+00]
 [-3.48377991e+00 -3.47176552e+00  4.61864853e+01  3.10365505e+01
   4.59072069e-09  9.00000000e+00]]
2026-06-04 21:09:48 [DEBUG] 处理后检测输出形状: (0, 52)
2026-06-04 21:09:48 [DEBUG] 有效检测数量: 0
2026-06-04 21:09:48 [DEBUG] 检测输出为空
2026-06-04 21:09:48 [INFO] 掩码中检测到的类别: [0, 1, 2, 3, 4, 5, 6, 7, 8, 9, 10, 11, 12, 13, 14, 15]
2026-06-04 21:09:48 [INFO] 分割完成，检测到 0 个物体
2026-06-04 21:09:48 [INFO] 从分割掩码中提取检测结果
2026-06-04 21:09:48 [INFO] 从掩码中提取了 340 个检测框
2026-06-04 21:09:48 [ERROR] 保存结果失败: 'NoneType' object has no attribute 'astype'
2026-06-04 21:09:48 [INFO] 分割成功
2026-06-04 21:09:48 [INFO] 引擎上下文已释放
2026-06-04 21:09:48 [INFO] TensorRT 引擎已释放
2026-06-04 21:09:48 [INFO] 全局 CUDA 资源已释放
2026-06-04 21:09:48 [INFO] 分割系统资源已释放
2026-06-04 21:09:53 [INFO] CUDA 初始化成功
2026-06-04 21:09:53 [INFO] 引擎加载成功: scrap_steel.engine
2026-06-04 21:09:53 [INFO] 分割系统初始化成功
2026-06-04 21:09:53 [INFO] 图像预处理完成，原始尺寸: (2160, 3840)
2026-06-04 21:09:53 [INFO] 开始执行分割...
2026-06-04 21:09:53 [DEBUG] 处理后的检测结果形状: (1, 8400, 6)
2026-06-04 21:09:53 [DEBUG] 示例检测结果: [[-4.17026520e+00 -3.24630547e+00  3.95019836e+01  1.52228260e+01
   3.76850124e-08  5.00000000e+00]
 [-6.62145233e+00 -3.07348156e+00  4.49772797e+01  2.98691673e+01
   9.78142722e-09  9.00000000e+00]
 [-3.55418396e+00 -3.37745857e+00  4.59961548e+01  3.04099216e+01
   4.54656046e-09  9.00000000e+00]]
2026-06-04 21:09:53 [DEBUG] 处理后检测输出形状: (0, 52)
2026-06-04 21:09:53 [DEBUG] 有效检测数量: 0
2026-06-04 21:09:53 [DEBUG] 检测输出为空
2026-06-04 21:09:53 [INFO] 掩码中检测到的类别: [0, 1, 2, 3, 4, 5, 6, 7, 8, 9, 10, 11, 12, 13, 15]
2026-06-04 21:09:53 [INFO] 分割完成，检测到 0 个物体
2026-06-04 21:09:53 [INFO] 从分割掩码中提取检测结果
2026-06-04 21:09:54 [INFO] 从掩码中提取了 397 个检测框
2026-06-04 21:09:54 [ERROR] 保存结果失败: 'NoneType' object has no attribute 'astype'
2026-06-04 21:09:54 [INFO] 分割成功
2026-06-04 21:09:54 [INFO] 引擎上下文已释放
2026-06-04 21:09:54 [INFO] TensorRT 引擎已释放
2026-06-04 21:09:54 [INFO] 全局 CUDA 资源已释放
2026-06-04 21:09:54 [INFO] 分割系统资源已释放
2026-06-04 21:09:58 [INFO] CUDA 初始化成功
2026-06-04 21:09:58 [INFO] 引擎加载成功: scrap_steel.engine
2026-06-04 21:09:58 [INFO] 分割系统初始化成功
2026-06-04 21:09:58 [INFO] 图像预处理完成，原始尺寸: (2160, 3840)
2026-06-04 21:09:58 [INFO] 开始执行分割...
2026-06-04 21:09:58 [DEBUG] 处理后的检测结果形状: (1, 8400, 6)
2026-06-04 21:09:58 [DEBUG] 示例检测结果: [[-4.15177155e+00 -3.29404211e+00  3.92336044e+01  1.55008869e+01
   4.10838723e-08  5.00000000e+00]
 [-6.51483536e+00 -3.05833244e+00  4.46162338e+01  3.00084286e+01
   9.62970503e-09  9.00000000e+00]
 [-3.56408310e+00 -3.50612545e+00  4.59917450e+01  3.06110840e+01
   4.42896919e-09  9.00000000e+00]]
2026-06-04 21:09:58 [DEBUG] 处理后检测输出形状: (0, 52)
2026-06-04 21:09:58 [DEBUG] 有效检测数量: 0
2026-06-04 21:09:58 [DEBUG] 检测输出为空
2026-06-04 21:09:58 [INFO] 掩码中检测到的类别: [0, 1, 2, 3, 4, 5, 6, 7, 8, 9, 10, 11, 12, 13, 14, 15]
2026-06-04 21:09:58 [INFO] 分割完成，检测到 0 个物体
2026-06-04 21:09:58 [INFO] 从分割掩码中提取检测结果
2026-06-04 21:09:59 [INFO] 从掩码中提取了 447 个检测框
2026-06-04 21:09:59 [INFO] 计算出的车框矩形边界: (1027, 618) to (3178, 1513)
2026-06-04 21:09:59 [INFO] 原始检测数: 447, 过滤后检测数: 198
2026-06-04 21:09:59 [INFO] 保存分割和检测结果到: C:\code\show\Scrap_Steel_In_Field\photos\segmentation\segment_20260604_210959.jpg
2026-06-04 21:09:59 [INFO] JSON结果保存到: C:\code\show\Scrap_Steel_In_Field\photos\segmentation_result.json
2026-06-04 21:09:59 [INFO] 类别统计：{0: 17, 1: 58, 2: 23, 3: 1, 4: 28, 5: 26, 6: 19, 7: 28, 8: 45, 9: 49, 10: 22, 11: 16, 12: 20, 13: 74, 14: 0, 15: 21}
2026-06-04 21:09:59 [INFO] 面积统计：{0: 3723444.0, 1: 618048.0, 2: 32400.0, 3: 137448.0, 4: 170172.0, 5: 40716.0, 6: 513252.0, 7: 43452.0, 8: 898344.0, 9: 206604.0, 10: 183204.0, 11: 290664.0, 12: 91044.0, 13: 784800.0, 14: 36.0, 15: 37980.0}
2026-06-04 21:10:00 [INFO] 分割成功
2026-06-04 21:10:00 [INFO] 引擎上下文已释放
2026-06-04 21:10:00 [INFO] TensorRT 引擎已释放
2026-06-04 21:10:00 [INFO] 全局 CUDA 资源已释放
2026-06-04 21:10:00 [INFO] 分割系统资源已释放
2026-06-04 21:10:04 [INFO] CUDA 初始化成功
2026-06-04 21:10:04 [INFO] 引擎加载成功: scrap_steel.engine
2026-06-04 21:10:04 [INFO] 分割系统初始化成功
2026-06-04 21:10:04 [INFO] 图像预处理完成，原始尺寸: (2160, 3840)
2026-06-04 21:10:04 [INFO] 开始执行分割...
2026-06-04 21:10:04 [DEBUG] 处理后的检测结果形状: (1, 8400, 6)
2026-06-04 21:10:04 [DEBUG] 示例检测结果: [[-4.09306335e+00 -3.22983503e+00  3.90965843e+01  1.51479378e+01
   3.94837265e-08  5.00000000e+00]
 [-6.57572937e+00 -3.03727913e+00  4.46375961e+01  2.95780087e+01
   9.65106395e-09  9.00000000e+00]
 [-3.59892654e+00 -3.44004631e+00  4.59680901e+01  3.02882977e+01
   4.51951010e-09  9.00000000e+00]]
2026-06-04 21:10:04 [DEBUG] 处理后检测输出形状: (0, 52)
2026-06-04 21:10:04 [DEBUG] 有效检测数量: 0
2026-06-04 21:10:04 [DEBUG] 检测输出为空
2026-06-04 21:10:04 [INFO] 掩码中检测到的类别: [0, 1, 2, 3, 4, 5, 6, 7, 8, 9, 10, 11, 12, 13, 14, 15]
2026-06-04 21:10:04 [INFO] 分割完成，检测到 0 个物体
2026-06-04 21:10:04 [INFO] 从分割掩码中提取检测结果
2026-06-04 21:10:04 [INFO] 从掩码中提取了 448 个检测框
2026-06-04 21:10:04 [INFO] 计算出的车框矩形边界: (1028, 618) to (3178, 1514)
2026-06-04 21:10:04 [INFO] 原始检测数: 448, 过滤后检测数: 218
2026-06-04 21:10:05 [INFO] 保存分割和检测结果到: C:\code\show\Scrap_Steel_In_Field\photos\segmentation\segment_20260604_211004.jpg
2026-06-04 21:10:05 [INFO] JSON结果保存到: C:\code\show\Scrap_Steel_In_Field\photos\segmentation_result.json
2026-06-04 21:10:05 [INFO] 类别统计：{0: 27, 1: 56, 2: 21, 3: 1, 4: 26, 5: 29, 6: 16, 7: 25, 8: 43, 9: 54, 10: 25, 11: 15, 12: 20, 13: 72, 14: 0, 15: 18}
2026-06-04 21:10:05 [INFO] 面积统计：{0: 3610584.0, 1: 642420.0, 2: 37836.0, 3: 143820.0, 4: 181368.0, 5: 50292.0, 6: 521496.0, 7: 43560.0, 8: 947196.0, 9: 185436.0, 10: 185832.0, 11: 349380.0, 12: 84888.0, 13: 792828.0, 14: 36.0, 15: 27720.0}
2026-06-04 21:10:05 [INFO] 分割成功
2026-06-04 21:10:05 [INFO] 引擎上下文已释放
2026-06-04 21:10:05 [INFO] TensorRT 引擎已释放
2026-06-04 21:10:05 [INFO] 全局 CUDA 资源已释放
2026-06-04 21:10:05 [INFO] 分割系统资源已释放
2026-06-04 21:10:09 [INFO] CUDA 初始化成功
2026-06-04 21:10:09 [INFO] 引擎加载成功: scrap_steel.engine
2026-06-04 21:10:09 [INFO] 分割系统初始化成功
2026-06-04 21:10:09 [INFO] 图像预处理完成，原始尺寸: (2160, 3840)
2026-06-04 21:10:09 [INFO] 开始执行分割...
2026-06-04 21:10:09 [DEBUG] 处理后的检测结果形状: (1, 8400, 6)
2026-06-04 21:10:09 [DEBUG] 示例检测结果: [[-4.12414551e+00 -3.25029755e+00  3.91114578e+01  1.52356396e+01
   3.96545019e-08  5.00000000e+00]
 [-6.52744675e+00 -3.03798103e+00  4.47174416e+01  2.97624760e+01
   9.65127178e-09  9.00000000e+00]
 [-3.56220245e+00 -3.44121647e+00  4.59907150e+01  3.03813477e+01
   4.55323779e-09  9.00000000e+00]]
2026-06-04 21:10:09 [DEBUG] 处理后检测输出形状: (0, 52)
2026-06-04 21:10:09 [DEBUG] 有效检测数量: 0
2026-06-04 21:10:09 [DEBUG] 检测输出为空
2026-06-04 21:10:09 [INFO] 掩码中检测到的类别: [0, 1, 2, 3, 4, 5, 6, 7, 8, 9, 10, 11, 12, 13, 14, 15]
2026-06-04 21:10:09 [INFO] 分割完成，检测到 0 个物体
2026-06-04 21:10:09 [INFO] 从分割掩码中提取检测结果
2026-06-04 21:10:09 [INFO] 从掩码中提取了 439 个检测框
2026-06-04 21:10:09 [INFO] 计算出的车框矩形边界: (1027, 619) to (3178, 1513)
2026-06-04 21:10:09 [INFO] 原始检测数: 439, 过滤后检测数: 198
2026-06-04 21:10:10 [INFO] 保存分割和检测结果到: C:\code\show\Scrap_Steel_In_Field\photos\segmentation\segment_20260604_211009.jpg
2026-06-04 21:10:10 [INFO] JSON结果保存到: C:\code\show\Scrap_Steel_In_Field\photos\segmentation_result.json
2026-06-04 21:10:10 [INFO] 类别统计：{0: 17, 1: 53, 2: 22, 3: 1, 4: 23, 5: 29, 6: 19, 7: 28, 8: 43, 9: 54, 10: 23, 11: 18, 12: 18, 13: 76, 14: 0, 15: 15}
2026-06-04 21:10:10 [INFO] 面积统计：{0: 3720420.0, 1: 614160.0, 2: 39312.0, 3: 144684.0, 4: 164988.0, 5: 50868.0, 6: 510768.0, 7: 42408.0, 8: 912960.0, 9: 184032.0, 10: 183492.0, 11: 334296.0, 12: 90864.0, 13: 813096.0, 14: 36.0, 15: 30168.0}
2026-06-04 21:10:10 [INFO] 分割成功
2026-06-04 21:10:10 [INFO] 引擎上下文已释放
2026-06-04 21:10:10 [INFO] TensorRT 引擎已释放
2026-06-04 21:10:10 [INFO] 全局 CUDA 资源已释放
2026-06-04 21:10:10 [INFO] 分割系统资源已释放
2026-06-04 21:10:14 [INFO] CUDA 初始化成功
2026-06-04 21:10:14 [INFO] 引擎加载成功: scrap_steel.engine
2026-06-04 21:10:14 [INFO] 分割系统初始化成功
2026-06-04 21:10:14 [INFO] 图像预处理完成，原始尺寸: (2160, 3840)
2026-06-04 21:10:14 [INFO] 开始执行分割...
2026-06-04 21:10:14 [DEBUG] 处理后的检测结果形状: (1, 8400, 6)
2026-06-04 21:10:14 [DEBUG] 示例检测结果: [[-4.12117004e+00 -3.23672676e+00  3.90946617e+01  1.51797771e+01
   3.96545019e-08  5.00000000e+00]
 [-6.56742477e+00 -3.02441025e+00  4.46586952e+01  2.97334595e+01
   9.66888791e-09  9.00000000e+00]
 [-3.57261658e+00 -3.43940163e+00  4.59682007e+01  3.03959446e+01
   4.48297399e-09  9.00000000e+00]]
2026-06-04 21:10:14 [DEBUG] 处理后检测输出形状: (0, 52)
2026-06-04 21:10:14 [DEBUG] 有效检测数量: 0
2026-06-04 21:10:14 [DEBUG] 检测输出为空
2026-06-04 21:10:14 [INFO] 掩码中检测到的类别: [0, 1, 2, 3, 4, 5, 6, 7, 8, 9, 10, 11, 12, 13, 14, 15]
2026-06-04 21:10:14 [INFO] 分割完成，检测到 0 个物体
2026-06-04 21:10:14 [INFO] 从分割掩码中提取检测结果
2026-06-04 21:10:14 [INFO] 从掩码中提取了 432 个检测框
2026-06-04 21:10:14 [INFO] 计算出的车框矩形边界: (1028, 619) to (3178, 1513)
2026-06-04 21:10:14 [INFO] 原始检测数: 432, 过滤后检测数: 199
2026-06-04 21:10:16 [INFO] 保存分割和检测结果到: C:\code\show\Scrap_Steel_In_Field\photos\segmentation\segment_20260604_211014.jpg
2026-06-04 21:10:16 [INFO] JSON结果保存到: C:\code\show\Scrap_Steel_In_Field\photos\segmentation_result.json
2026-06-04 21:10:16 [INFO] 类别统计：{0: 14, 1: 60, 2: 21, 3: 2, 4: 25, 5: 29, 6: 14, 7: 29, 8: 39, 9: 51, 10: 28, 11: 17, 12: 18, 13: 69, 14: 0, 15: 16}
2026-06-04 21:10:16 [INFO] 面积统计：{0: 3691152.0, 1: 599472.0, 2: 37116.0, 3: 146304.0, 4: 175752.0, 5: 51300.0, 6: 510084.0, 7: 41184.0, 8: 928728.0, 9: 185292.0, 10: 179352.0, 11: 330300.0, 12: 94176.0, 13: 811224.0, 14: 72.0, 15: 32004.0}
2026-06-04 21:10:16 [INFO] 分割成功
2026-06-04 21:10:16 [INFO] 引擎上下文已释放
2026-06-04 21:10:16 [INFO] TensorRT 引擎已释放
2026-06-04 21:10:16 [INFO] 全局 CUDA 资源已释放
2026-06-04 21:10:16 [INFO] 分割系统资源已释放
2026-06-04 21:10:19 [INFO] CUDA 初始化成功
2026-06-04 21:10:19 [INFO] 引擎加载成功: scrap_steel.engine
2026-06-04 21:10:19 [INFO] 分割系统初始化成功
2026-06-04 21:10:19 [INFO] 图像预处理完成，原始尺寸: (2160, 3840)
2026-06-04 21:10:19 [INFO] 开始执行分割...
2026-06-04 21:10:19 [DEBUG] 处理后的检测结果形状: (1, 8400, 6)
2026-06-04 21:10:19 [DEBUG] 示例检测结果: [[-4.07715607e+00 -3.20723248e+00  3.90295639e+01  1.50565767e+01
   4.04278424e-08  5.00000000e+00]
 [-6.56512833e+00 -3.01373768e+00  4.46386909e+01  2.95817337e+01
   9.65127178e-09  9.00000000e+00]
 [-3.59246826e+00 -3.41491318e+00  4.59291840e+01  3.02964249e+01
   4.55323779e-09  9.00000000e+00]]
2026-06-04 21:10:19 [DEBUG] 处理后检测输出形状: (0, 52)
2026-06-04 21:10:19 [DEBUG] 有效检测数量: 0
2026-06-04 21:10:19 [DEBUG] 检测输出为空
2026-06-04 21:10:19 [INFO] 掩码中检测到的类别: [0, 1, 2, 3, 4, 5, 6, 7, 8, 9, 10, 11, 12, 13, 14, 15]
2026-06-04 21:10:19 [INFO] 分割完成，检测到 0 个物体
2026-06-04 21:10:19 [INFO] 从分割掩码中提取检测结果
2026-06-04 21:10:20 [INFO] 从掩码中提取了 435 个检测框
2026-06-04 21:10:20 [INFO] 计算出的车框矩形边界: (1027, 618) to (3178, 1514)
2026-06-04 21:10:20 [INFO] 原始检测数: 435, 过滤后检测数: 224
2026-06-04 21:10:20 [INFO] 保存分割和检测结果到: C:\code\show\Scrap_Steel_In_Field\photos\segmentation\segment_20260604_211020.jpg
2026-06-04 21:10:20 [INFO] JSON结果保存到: C:\code\show\Scrap_Steel_In_Field\photos\segmentation_result.json
2026-06-04 21:10:20 [INFO] 类别统计：{0: 36, 1: 53, 2: 21, 3: 1, 4: 25, 5: 32, 6: 15, 7: 27, 8: 35, 9: 52, 10: 25, 11: 18, 12: 18, 13: 62, 14: 0, 15: 15}
2026-06-04 21:10:20 [INFO] 面积统计：{0: 3687912.0, 1: 633924.0, 2: 36072.0, 3: 141804.0, 4: 165780.0, 5: 44784.0, 6: 509040.0, 7: 40752.0, 8: 925020.0, 9: 183744.0, 10: 178956.0, 11: 344052.0, 12: 90792.0, 13: 787932.0, 14: 36.0, 15: 29772.0}
2026-06-04 21:10:20 [INFO] 分割成功
2026-06-04 21:10:20 [INFO] 引擎上下文已释放
2026-06-04 21:10:20 [INFO] TensorRT 引擎已释放
2026-06-04 21:10:20 [INFO] 全局 CUDA 资源已释放
2026-06-04 21:10:20 [INFO] 分割系统资源已释放
2026-06-04 21:10:24 [INFO] CUDA 初始化成功
2026-06-04 21:10:24 [INFO] 引擎加载成功: scrap_steel.engine
2026-06-04 21:10:24 [INFO] 分割系统初始化成功
2026-06-04 21:10:25 [INFO] 图像预处理完成，原始尺寸: (2160, 3840)
2026-06-04 21:10:25 [INFO] 开始执行分割...
2026-06-04 21:10:25 [DEBUG] 处理后的检测结果形状: (1, 8400, 6)
2026-06-04 21:10:25 [DEBUG] 示例检测结果: [[-4.08764648e+00 -3.20911217e+00  3.91179619e+01  1.50058498e+01
   4.01143261e-08  5.00000000e+00]
 [-6.52587891e+00 -3.01298714e+00  4.46688194e+01  2.95377712e+01
   9.82129933e-09  9.00000000e+00]
 [-3.56497192e+00 -3.42787838e+00  4.59852142e+01  3.03106918e+01
   4.55145255e-09  9.00000000e+00]]
2026-06-04 21:10:25 [DEBUG] 处理后检测输出形状: (0, 52)
2026-06-04 21:10:25 [DEBUG] 有效检测数量: 0
2026-06-04 21:10:25 [DEBUG] 检测输出为空
2026-06-04 21:10:25 [INFO] 掩码中检测到的类别: [0, 1, 2, 3, 4, 5, 6, 7, 8, 9, 10, 11, 12, 13, 14, 15]
2026-06-04 21:10:25 [INFO] 分割完成，检测到 0 个物体
2026-06-04 21:10:25 [INFO] 从分割掩码中提取检测结果
2026-06-04 21:10:25 [INFO] 从掩码中提取了 455 个检测框
2026-06-04 21:10:25 [INFO] 计算出的车框矩形边界: (1027, 619) to (3178, 1513)
2026-06-04 21:10:25 [INFO] 原始检测数: 455, 过滤后检测数: 217
2026-06-04 21:10:26 [INFO] 保存分割和检测结果到: C:\code\show\Scrap_Steel_In_Field\photos\segmentation\segment_20260604_211025.jpg
2026-06-04 21:10:26 [INFO] JSON结果保存到: C:\code\show\Scrap_Steel_In_Field\photos\segmentation_result.json
2026-06-04 21:10:26 [INFO] 类别统计：{0: 32, 1: 59, 2: 18, 3: 2, 4: 24, 5: 25, 6: 20, 7: 36, 8: 38, 9: 50, 10: 29, 11: 20, 12: 16, 13: 72, 14: 0, 15: 14}
2026-06-04 21:10:26 [INFO] 面积统计：{0: 3698532.0, 1: 603252.0, 2: 33624.0, 3: 142092.0, 4: 164880.0, 5: 47772.0, 6: 485316.0, 7: 46872.0, 8: 921960.0, 9: 199584.0, 10: 177624.0, 11: 338364.0, 12: 91800.0, 13: 817272.0, 14: 72.0, 15: 32112.0}
2026-06-04 21:10:26 [INFO] 分割成功
2026-06-04 21:10:26 [INFO] 引擎上下文已释放
2026-06-04 21:10:26 [INFO] TensorRT 引擎已释放
2026-06-04 21:10:26 [INFO] 全局 CUDA 资源已释放
2026-06-04 21:10:26 [INFO] 分割系统资源已释放
2026-06-04 21:10:30 [INFO] CUDA 初始化成功
2026-06-04 21:10:30 [INFO] 引擎加载成功: scrap_steel.engine
2026-06-04 21:10:30 [INFO] 分割系统初始化成功
2026-06-04 21:10:30 [INFO] 图像预处理完成，原始尺寸: (2160, 3840)
2026-06-04 21:10:30 [INFO] 开始执行分割...
2026-06-04 21:10:30 [DEBUG] 处理后的检测结果形状: (1, 8400, 6)
2026-06-04 21:10:30 [DEBUG] 示例检测结果: [[-4.13168335e+00 -3.24452162e+00  3.93251495e+01  1.52253876e+01
   3.98091977e-08  5.00000000e+00]
 [-6.57330704e+00 -3.02939796e+00  4.47684326e+01  2.96657314e+01
   9.78296555e-09  9.00000000e+00]
 [-3.57072449e+00 -3.43026924e+00  4.59946823e+01  3.03621006e+01
   4.51798599e-09  9.00000000e+00]]
2026-06-04 21:10:30 [DEBUG] 处理后检测输出形状: (0, 52)
2026-06-04 21:10:30 [DEBUG] 有效检测数量: 0
2026-06-04 21:10:30 [DEBUG] 检测输出为空
2026-06-04 21:10:30 [INFO] 掩码中检测到的类别: [0, 1, 2, 3, 4, 5, 6, 7, 8, 9, 10, 11, 12, 13, 14, 15]
2026-06-04 21:10:31 [INFO] 分割完成，检测到 0 个物体
2026-06-04 21:10:31 [INFO] 从分割掩码中提取检测结果
2026-06-04 21:10:31 [INFO] 从掩码中提取了 437 个检测框
2026-06-04 21:10:31 [INFO] 计算出的车框矩形边界: (1028, 618) to (3178, 1512)
2026-06-04 21:10:31 [INFO] 原始检测数: 437, 过滤后检测数: 209
2026-06-04 21:10:31 [INFO] 保存分割和检测结果到: C:\code\show\Scrap_Steel_In_Field\photos\segmentation\segment_20260604_211031.jpg
2026-06-04 21:10:31 [INFO] JSON结果保存到: C:\code\show\Scrap_Steel_In_Field\photos\segmentation_result.json
2026-06-04 21:10:31 [INFO] 类别统计：{0: 18, 1: 56, 2: 24, 3: 1, 4: 24, 5: 30, 6: 17, 7: 29, 8: 41, 9: 52, 10: 26, 11: 18, 12: 21, 13: 62, 14: 0, 15: 18}
2026-06-04 21:10:31 [INFO] 面积统计：{0: 3706956.0, 1: 630432.0, 2: 35892.0, 3: 137628.0, 4: 180468.0, 5: 52344.0, 6: 503892.0, 7: 48672.0, 8: 908568.0, 9: 180792.0, 10: 182592.0, 11: 334008.0, 12: 90144.0, 13: 808632.0, 14: 36.0, 15: 28260.0}
2026-06-04 21:10:31 [INFO] 分割成功
2026-06-04 21:10:31 [INFO] 引擎上下文已释放
2026-06-04 21:10:31 [INFO] TensorRT 引擎已释放
2026-06-04 21:10:31 [INFO] 全局 CUDA 资源已释放
2026-06-04 21:10:31 [INFO] 分割系统资源已释放
2026-06-04 21:10:35 [INFO] CUDA 初始化成功
2026-06-04 21:10:35 [INFO] 引擎加载成功: scrap_steel.engine
2026-06-04 21:10:35 [INFO] 分割系统初始化成功
2026-06-04 21:10:35 [INFO] 图像预处理完成，原始尺寸: (2160, 3840)
2026-06-04 21:10:35 [INFO] 开始执行分割...
2026-06-04 21:10:35 [DEBUG] 处理后的检测结果形状: (1, 8400, 6)
2026-06-04 21:10:35 [DEBUG] 示例检测结果: [[-4.08933258e+00 -3.20522738e+00  3.91779404e+01  1.51231995e+01
   4.07558574e-08  5.00000000e+00]
 [-6.52795410e+00 -2.98963833e+00  4.47246628e+01  2.95890617e+01
   1.01294972e-08  9.00000000e+00]
 [-3.57799530e+00 -3.39731312e+00  4.59891815e+01  3.03515854e+01
   4.67496264e-09  9.00000000e+00]]
2026-06-04 21:10:35 [DEBUG] 处理后检测输出形状: (0, 52)
2026-06-04 21:10:35 [DEBUG] 有效检测数量: 0
2026-06-04 21:10:35 [DEBUG] 检测输出为空
2026-06-04 21:10:35 [INFO] 掩码中检测到的类别: [0, 1, 2, 3, 4, 5, 6, 7, 8, 9, 10, 11, 12, 13, 14, 15]
2026-06-04 21:10:35 [INFO] 分割完成，检测到 0 个物体
2026-06-04 21:10:35 [INFO] 从分割掩码中提取检测结果
2026-06-04 21:10:35 [INFO] 从掩码中提取了 446 个检测框
2026-06-04 21:10:35 [INFO] 计算出的车框矩形边界: (1027, 618) to (3175, 1519)
2026-06-04 21:10:35 [INFO] 原始检测数: 446, 过滤后检测数: 194
2026-06-04 21:10:36 [INFO] 保存分割和检测结果到: C:\code\show\Scrap_Steel_In_Field\photos\segmentation\segment_20260604_211035.jpg
2026-06-04 21:10:36 [INFO] JSON结果保存到: C:\code\show\Scrap_Steel_In_Field\photos\segmentation_result.json
2026-06-04 21:10:36 [INFO] 类别统计：{0: 15, 1: 51, 2: 27, 3: 2, 4: 28, 5: 29, 6: 20, 7: 28, 8: 34, 9: 53, 10: 24, 11: 17, 12: 20, 13: 78, 14: 0, 15: 20}
2026-06-04 21:10:36 [INFO] 面积统计：{0: 3805596.0, 1: 604116.0, 2: 33300.0, 3: 142092.0, 4: 96192.0, 5: 55548.0, 6: 460404.0, 7: 41400.0, 8: 901872.0, 9: 194904.0, 10: 184284.0, 11: 345744.0, 12: 92880.0, 13: 822708.0, 14: 36.0, 15: 70416.0}
2026-06-04 21:10:36 [INFO] 分割成功
2026-06-04 21:10:36 [INFO] 引擎上下文已释放
2026-06-04 21:10:36 [INFO] TensorRT 引擎已释放
2026-06-04 21:10:36 [INFO] 全局 CUDA 资源已释放
2026-06-04 21:10:36 [INFO] 分割系统资源已释放
2026-06-04 21:10:40 [INFO] CUDA 初始化成功
2026-06-04 21:10:40 [INFO] 引擎加载成功: scrap_steel.engine
2026-06-04 21:10:40 [INFO] 分割系统初始化成功
2026-06-04 21:10:40 [INFO] 图像预处理完成，原始尺寸: (2160, 3840)
2026-06-04 21:10:40 [INFO] 开始执行分割...
2026-06-04 21:10:40 [DEBUG] 处理后的检测结果形状: (1, 8400, 6)
2026-06-04 21:10:40 [DEBUG] 示例检测结果: [[-4.09385681e+00 -3.21529102e+00  3.91265411e+01  1.51296225e+01
   4.05854763e-08  5.00000000e+00]
 [-6.56443405e+00 -3.01273632e+00  4.47299271e+01  2.95749397e+01
   9.93722438e-09  9.00000000e+00]
 [-3.60767365e+00 -3.43649960e+00  4.59246292e+01  3.03033028e+01
   4.62470062e-09  9.00000000e+00]]
2026-06-04 21:10:40 [DEBUG] 处理后检测输出形状: (0, 52)
2026-06-04 21:10:40 [DEBUG] 有效检测数量: 0
2026-06-04 21:10:40 [DEBUG] 检测输出为空
2026-06-04 21:10:40 [INFO] 掩码中检测到的类别: [0, 1, 2, 3, 4, 5, 6, 7, 8, 9, 10, 11, 12, 13, 14, 15]
2026-06-04 21:10:40 [INFO] 分割完成，检测到 0 个物体
2026-06-04 21:10:40 [INFO] 从分割掩码中提取检测结果
2026-06-04 21:10:41 [INFO] 从掩码中提取了 458 个检测框
2026-06-04 21:10:41 [INFO] 计算出的车框矩形边界: (1028, 618) to (3178, 1512)
2026-06-04 21:10:41 [INFO] 原始检测数: 458, 过滤后检测数: 209
2026-06-04 21:10:41 [INFO] 保存分割和检测结果到: C:\code\show\Scrap_Steel_In_Field\photos\segmentation\segment_20260604_211041.jpg
2026-06-04 21:10:41 [INFO] JSON结果保存到: C:\code\show\Scrap_Steel_In_Field\photos\segmentation_result.json
2026-06-04 21:10:41 [INFO] 类别统计：{0: 27, 1: 57, 2: 22, 3: 1, 4: 21, 5: 26, 6: 20, 7: 32, 8: 48, 9: 48, 10: 29, 11: 16, 12: 22, 13: 68, 14: 0, 15: 21}
2026-06-04 21:10:41 [INFO] 面积统计：{0: 3646872.0, 1: 614736.0, 2: 37692.0, 3: 141156.0, 4: 181548.0, 5: 49464.0, 6: 521928.0, 7: 44748.0, 8: 916596.0, 9: 177588.0, 10: 177228.0, 11: 329220.0, 12: 90360.0, 13: 792720.0, 14: 36.0, 15: 35712.0}
2026-06-04 21:10:41 [INFO] 分割成功
2026-06-04 21:10:41 [INFO] 引擎上下文已释放
2026-06-04 21:10:41 [INFO] TensorRT 引擎已释放
2026-06-04 21:10:41 [INFO] 全局 CUDA 资源已释放
2026-06-04 21:10:41 [INFO] 分割系统资源已释放
2026-06-04 21:10:46 [INFO] CUDA 初始化成功
2026-06-04 21:10:46 [INFO] 引擎加载成功: scrap_steel.engine
2026-06-04 21:10:46 [INFO] 分割系统初始化成功
2026-06-04 21:10:46 [INFO] 图像预处理完成，原始尺寸: (2160, 3840)
2026-06-04 21:10:46 [INFO] 开始执行分割...
2026-06-04 21:10:46 [DEBUG] 处理后的检测结果形状: (1, 8400, 6)
2026-06-04 21:10:46 [DEBUG] 示例检测结果: [[-4.08608627e+00 -3.22163963e+00  3.92149048e+01  1.51272488e+01
   4.13913881e-08  5.00000000e+00]
 [-6.49497986e+00 -2.99992657e+00  4.48264618e+01  2.97280540e+01
   9.93076199e-09  9.00000000e+00]
 [-3.55015564e+00 -3.41172791e+00  4.59699936e+01  3.04578018e+01
   4.58259564e-09  9.00000000e+00]]
2026-06-04 21:10:46 [DEBUG] 处理后检测输出形状: (0, 52)
2026-06-04 21:10:46 [DEBUG] 有效检测数量: 0
2026-06-04 21:10:46 [DEBUG] 检测输出为空
2026-06-04 21:10:46 [INFO] 掩码中检测到的类别: [0, 1, 2, 3, 4, 5, 6, 7, 8, 9, 10, 11, 12, 13, 14, 15]
2026-06-04 21:10:46 [INFO] 分割完成，检测到 0 个物体
2026-06-04 21:10:46 [INFO] 从分割掩码中提取检测结果
2026-06-04 21:10:46 [INFO] 从掩码中提取了 431 个检测框
2026-06-04 21:10:46 [INFO] 计算出的车框矩形边界: (1028, 618) to (3178, 1513)
2026-06-04 21:10:46 [INFO] 原始检测数: 431, 过滤后检测数: 205
2026-06-04 21:10:47 [INFO] 保存分割和检测结果到: C:\code\show\Scrap_Steel_In_Field\photos\segmentation\segment_20260604_211046.jpg
2026-06-04 21:10:47 [INFO] JSON结果保存到: C:\code\show\Scrap_Steel_In_Field\photos\segmentation_result.json
2026-06-04 21:10:47 [INFO] 类别统计：{0: 20, 1: 59, 2: 22, 3: 1, 4: 20, 5: 27, 6: 15, 7: 30, 8: 37, 9: 53, 10: 29, 11: 15, 12: 23, 13: 62, 14: 0, 15: 18}
2026-06-04 21:10:47 [INFO] 面积统计：{0: 3623580.0, 1: 653904.0, 2: 33696.0, 3: 140112.0, 4: 188892.0, 5: 51768.0, 6: 503856.0, 7: 45072.0, 8: 912672.0, 9: 185688.0, 10: 181404.0, 11: 334548.0, 12: 94032.0, 13: 774936.0, 14: 36.0, 15: 33516.0}
2026-06-04 21:10:47 [INFO] 分割成功
2026-06-04 21:10:47 [INFO] 引擎上下文已释放
2026-06-04 21:10:47 [INFO] TensorRT 引擎已释放
2026-06-04 21:10:47 [INFO] 全局 CUDA 资源已释放
2026-06-04 21:10:47 [INFO] 分割系统资源已释放
2026-06-04 21:10:50 [INFO] CUDA 初始化成功
2026-06-04 21:10:50 [INFO] 引擎加载成功: scrap_steel.engine
2026-06-04 21:10:50 [INFO] 分割系统初始化成功
2026-06-04 21:10:50 [INFO] 图像预处理完成，原始尺寸: (2160, 3840)
2026-06-04 21:10:50 [INFO] 开始执行分割...
2026-06-04 21:10:50 [DEBUG] 处理后的检测结果形状: (1, 8400, 6)
2026-06-04 21:10:50 [DEBUG] 示例检测结果: [[-4.11550903e+00 -3.23634148e+00  3.91652527e+01  1.51491261e+01
   4.01143261e-08  5.00000000e+00]
 [-6.50447464e+00 -3.01334572e+00  4.47549438e+01  2.96891270e+01
   9.63209246e-09  9.00000000e+00]
 [-3.56066132e+00 -3.44002914e+00  4.60018463e+01  3.04627495e+01
   4.58696547e-09  9.00000000e+00]]
2026-06-04 21:10:50 [DEBUG] 处理后检测输出形状: (0, 52)
2026-06-04 21:10:50 [DEBUG] 有效检测数量: 0
2026-06-04 21:10:50 [DEBUG] 检测输出为空
2026-06-04 21:10:51 [INFO] 掩码中检测到的类别: [0, 1, 2, 3, 4, 5, 6, 7, 8, 9, 10, 11, 12, 13, 14, 15]
2026-06-04 21:10:51 [INFO] 分割完成，检测到 0 个物体
2026-06-04 21:10:51 [INFO] 从分割掩码中提取检测结果
2026-06-04 21:10:51 [INFO] 从掩码中提取了 440 个检测框
2026-06-04 21:10:51 [INFO] 计算出的车框矩形边界: (1027, 618) to (3178, 1512)
2026-06-04 21:10:51 [INFO] 原始检测数: 440, 过滤后检测数: 194
2026-06-04 21:10:51 [INFO] 保存分割和检测结果到: C:\code\show\Scrap_Steel_In_Field\photos\segmentation\segment_20260604_211051.jpg
2026-06-04 21:10:51 [INFO] JSON结果保存到: C:\code\show\Scrap_Steel_In_Field\photos\segmentation_result.json
2026-06-04 21:10:51 [INFO] 类别统计：{0: 8, 1: 55, 2: 25, 3: 3, 4: 25, 5: 24, 6: 17, 7: 25, 8: 47, 9: 54, 10: 24, 11: 17, 12: 15, 13: 78, 14: 0, 15: 23}
2026-06-04 21:10:51 [INFO] 面积统计：{0: 3639564.0, 1: 620568.0, 2: 33984.0, 3: 139680.0, 4: 185472.0, 5: 50400.0, 6: 521424.0, 7: 38232.0, 8: 917532.0, 9: 185940.0, 10: 179460.0, 11: 341856.0, 12: 97776.0, 13: 770940.0, 14: 72.0, 15: 36540.0}
2026-06-04 21:10:51 [INFO] 分割成功
2026-06-04 21:10:51 [INFO] 引擎上下文已释放
2026-06-04 21:10:51 [INFO] TensorRT 引擎已释放
2026-06-04 21:10:51 [INFO] 全局 CUDA 资源已释放
2026-06-04 21:10:51 [INFO] 分割系统资源已释放
2026-06-04 21:10:55 [INFO] CUDA 初始化成功
2026-06-04 21:10:55 [INFO] 引擎加载成功: scrap_steel.engine
2026-06-04 21:10:55 [INFO] 分割系统初始化成功
2026-06-04 21:10:56 [INFO] 图像预处理完成，原始尺寸: (2160, 3840)
2026-06-04 21:10:56 [INFO] 开始执行分割...
2026-06-04 21:10:56 [DEBUG] 处理后的检测结果形状: (1, 8400, 6)
2026-06-04 21:10:56 [DEBUG] 示例检测结果: [[-4.08901978e+00 -3.21367359e+00  3.91813889e+01  1.50202532e+01
   4.12299954e-08  5.00000000e+00]
 [-6.55163193e+00 -2.99976826e+00  4.47804985e+01  2.95902100e+01
   9.85609461e-09  9.00000000e+00]
 [-3.61207199e+00 -3.45229530e+00  4.60189056e+01  3.03893528e+01
   4.54938842e-09  9.00000000e+00]]
2026-06-04 21:10:56 [DEBUG] 处理后检测输出形状: (1, 52)
2026-06-04 21:10:56 [DEBUG] 有效检测数量: 1
2026-06-04 21:10:56 [DEBUG] 最大置信度: 0.0601, 平均置信度: 0.0601
2026-06-04 21:10:56 [INFO] 掩码中检测到的类别: [0, 1, 2, 3, 4, 5, 6, 7, 8, 9, 10, 11, 12, 13, 14, 15]
2026-06-04 21:10:56 [INFO] 分割完成，检测到 0 个物体
2026-06-04 21:10:56 [INFO] 从分割掩码中提取检测结果
2026-06-04 21:10:56 [INFO] 从掩码中提取了 432 个检测框
2026-06-04 21:10:56 [INFO] 计算出的车框矩形边界: (1027, 618) to (3180, 1520)
2026-06-04 21:10:56 [INFO] 原始检测数: 432, 过滤后检测数: 205
2026-06-04 21:10:57 [INFO] 保存分割和检测结果到: C:\code\show\Scrap_Steel_In_Field\photos\segmentation\segment_20260604_211056.jpg
2026-06-04 21:10:57 [INFO] JSON结果保存到: C:\code\show\Scrap_Steel_In_Field\photos\segmentation_result.json
2026-06-04 21:10:57 [INFO] 类别统计：{0: 15, 1: 57, 2: 22, 3: 3, 4: 25, 5: 25, 6: 19, 7: 23, 8: 36, 9: 54, 10: 29, 11: 14, 12: 18, 13: 67, 14: 0, 15: 25}
2026-06-04 21:10:57 [INFO] 面积统计：{0: 3701268.0, 1: 638352.0, 2: 32544.0, 3: 142020.0, 4: 115128.0, 5: 46224.0, 6: 541944.0, 7: 40752.0, 8: 860796.0, 9: 192780.0, 10: 170172.0, 11: 337536.0, 12: 94104.0, 13: 826056.0, 14: 72.0, 15: 60228.0}
2026-06-04 21:10:57 [INFO] 分割成功
2026-06-04 21:10:57 [INFO] 引擎上下文已释放
2026-06-04 21:10:57 [INFO] TensorRT 引擎已释放
2026-06-04 21:10:57 [INFO] 全局 CUDA 资源已释放
2026-06-04 21:10:57 [INFO] 分割系统资源已释放
2026-06-04 21:11:01 [INFO] CUDA 初始化成功
2026-06-04 21:11:01 [INFO] 引擎加载成功: scrap_steel.engine
2026-06-04 21:11:01 [INFO] 分割系统初始化成功
2026-06-04 21:11:01 [INFO] 图像预处理完成，原始尺寸: (2160, 3840)
2026-06-04 21:11:01 [INFO] 开始执行分割...
2026-06-04 21:11:01 [DEBUG] 处理后的检测结果形状: (1, 8400, 6)
2026-06-04 21:11:01 [DEBUG] 示例检测结果: [[-4.05773544e+00 -3.21185064e+00  3.90345345e+01  1.50390339e+01
   4.09147702e-08  5.00000000e+00]
 [-6.50916290e+00 -3.00131702e+00  4.47738190e+01  2.95132484e+01
   1.00113198e-08  9.00000000e+00]
 [-3.58152771e+00 -3.42272854e+00  4.59729843e+01  3.03118401e+01
   4.69094630e-09  9.00000000e+00]]
2026-06-04 21:11:01 [DEBUG] 处理后检测输出形状: (0, 52)
2026-06-04 21:11:01 [DEBUG] 有效检测数量: 0
2026-06-04 21:11:01 [DEBUG] 检测输出为空
2026-06-04 21:11:01 [INFO] 掩码中检测到的类别: [0, 1, 2, 3, 4, 5, 6, 7, 8, 9, 10, 11, 12, 13, 14, 15]
2026-06-04 21:11:01 [INFO] 分割完成，检测到 0 个物体
2026-06-04 21:11:01 [INFO] 从分割掩码中提取检测结果
2026-06-04 21:11:01 [INFO] 从掩码中提取了 440 个检测框
2026-06-04 21:11:01 [INFO] 计算出的车框矩形边界: (1029, 618) to (3182, 1516)
2026-06-04 21:11:01 [INFO] 原始检测数: 440, 过滤后检测数: 198
2026-06-04 21:11:02 [INFO] 保存分割和检测结果到: C:\code\show\Scrap_Steel_In_Field\photos\segmentation\segment_20260604_211101.jpg
2026-06-04 21:11:02 [INFO] JSON结果保存到: C:\code\show\Scrap_Steel_In_Field\photos\segmentation_result.json
2026-06-04 21:11:02 [INFO] 类别统计：{0: 12, 1: 62, 2: 22, 3: 3, 4: 27, 5: 28, 6: 16, 7: 31, 8: 36, 9: 51, 10: 24, 11: 17, 12: 23, 13: 73, 14: 0, 15: 15}
2026-06-04 21:11:02 [INFO] 面积统计：{0: 3668364.0, 1: 605700.0, 2: 34488.0, 3: 137736.0, 4: 188280.0, 5: 46116.0, 6: 527112.0, 7: 48744.0, 8: 909900.0, 9: 195876.0, 10: 177012.0, 11: 338076.0, 12: 97920.0, 13: 772488.0, 14: 36.0, 15: 35388.0}
2026-06-04 21:11:02 [INFO] 分割成功
2026-06-04 21:11:02 [INFO] 引擎上下文已释放
2026-06-04 21:11:02 [INFO] TensorRT 引擎已释放
2026-06-04 21:11:02 [INFO] 全局 CUDA 资源已释放
2026-06-04 21:11:02 [INFO] 分割系统资源已释放
2026-06-04 21:11:06 [INFO] CUDA 初始化成功
2026-06-04 21:11:06 [INFO] 引擎加载成功: scrap_steel.engine
2026-06-04 21:11:06 [INFO] 分割系统初始化成功
2026-06-04 21:11:06 [INFO] 图像预处理完成，原始尺寸: (2160, 3840)
2026-06-04 21:11:06 [INFO] 开始执行分割...
2026-06-04 21:11:06 [DEBUG] 处理后的检测结果形状: (1, 8400, 6)
2026-06-04 21:11:06 [DEBUG] 示例检测结果: [[-4.12242126e+00 -3.25105762e+00  3.91455078e+01  1.52192087e+01
   4.01143261e-08  5.00000000e+00]
 [-6.57278824e+00 -3.04799747e+00  4.46614189e+01  2.96445808e+01
   9.82228698e-09  9.00000000e+00]
 [-3.58329391e+00 -3.45583916e+00  4.59188881e+01  3.02652569e+01
   4.50189575e-09  9.00000000e+00]]
2026-06-04 21:11:06 [DEBUG] 处理后检测输出形状: (0, 52)
2026-06-04 21:11:06 [DEBUG] 有效检测数量: 0
2026-06-04 21:11:06 [DEBUG] 检测输出为空
2026-06-04 21:11:06 [INFO] 掩码中检测到的类别: [0, 1, 2, 3, 4, 5, 6, 7, 8, 9, 10, 11, 12, 13, 14, 15]
2026-06-04 21:11:06 [INFO] 分割完成，检测到 0 个物体
2026-06-04 21:11:06 [INFO] 从分割掩码中提取检测结果
2026-06-04 21:11:06 [INFO] 从掩码中提取了 428 个检测框
2026-06-04 21:11:06 [INFO] 计算出的车框矩形边界: (1028, 618) to (3182, 1513)
2026-06-04 21:11:06 [INFO] 原始检测数: 428, 过滤后检测数: 189
2026-06-04 21:11:07 [INFO] 保存分割和检测结果到: C:\code\show\Scrap_Steel_In_Field\photos\segmentation\segment_20260604_211106.jpg
2026-06-04 21:11:07 [INFO] JSON结果保存到: C:\code\show\Scrap_Steel_In_Field\photos\segmentation_result.json
2026-06-04 21:11:07 [INFO] 类别统计：{0: 24, 1: 60, 2: 17, 3: 3, 4: 20, 5: 26, 6: 15, 7: 30, 8: 43, 9: 51, 10: 25, 11: 18, 12: 18, 13: 61, 14: 0, 15: 17}
2026-06-04 21:11:07 [INFO] 面积统计：{0: 3720204.0, 1: 613260.0, 2: 31320.0, 3: 141408.0, 4: 149220.0, 5: 48672.0, 6: 491472.0, 7: 47160.0, 8: 904680.0, 9: 190908.0, 10: 180720.0, 11: 345924.0, 12: 91908.0, 13: 779868.0, 14: 36.0, 15: 28764.0}
2026-06-04 21:11:07 [INFO] 分割成功
2026-06-04 21:11:07 [INFO] 引擎上下文已释放
2026-06-04 21:11:07 [INFO] TensorRT 引擎已释放
2026-06-04 21:11:07 [INFO] 全局 CUDA 资源已释放
2026-06-04 21:11:07 [INFO] 分割系统资源已释放
2026-06-04 21:11:11 [INFO] CUDA 初始化成功
2026-06-04 21:11:11 [INFO] 引擎加载成功: scrap_steel.engine
2026-06-04 21:11:11 [INFO] 分割系统初始化成功
2026-06-04 21:11:11 [INFO] 图像预处理完成，原始尺寸: (2160, 3840)
2026-06-04 21:11:11 [INFO] 开始执行分割...
2026-06-04 21:11:11 [DEBUG] 处理后的检测结果形状: (1, 8400, 6)
2026-06-04 21:11:11 [DEBUG] 示例检测结果: [[-4.13428497e+00 -3.23809242e+00  3.92110672e+01  1.51880932e+01
   4.01143261e-08  5.00000000e+00]
 [-6.54314041e+00 -3.03802013e+00  4.47973480e+01  2.97536354e+01
   9.70510072e-09  9.00000000e+00]
 [-3.57947922e+00 -3.45175266e+00  4.59519653e+01  3.04115677e+01
   4.53186644e-09  9.00000000e+00]]
2026-06-04 21:11:11 [DEBUG] 处理后检测输出形状: (0, 52)
2026-06-04 21:11:11 [DEBUG] 有效检测数量: 0
2026-06-04 21:11:11 [DEBUG] 检测输出为空
2026-06-04 21:11:11 [INFO] 掩码中检测到的类别: [0, 1, 2, 3, 4, 5, 6, 7, 8, 9, 10, 11, 12, 13, 14, 15]
2026-06-04 21:11:11 [INFO] 分割完成，检测到 0 个物体
2026-06-04 21:11:11 [INFO] 从分割掩码中提取检测结果
2026-06-04 21:11:12 [INFO] 从掩码中提取了 427 个检测框
2026-06-04 21:11:12 [INFO] 计算出的车框矩形边界: (1028, 617) to (3178, 1514)
2026-06-04 21:11:12 [INFO] 原始检测数: 427, 过滤后检测数: 204
2026-06-04 21:11:12 [INFO] 保存分割和检测结果到: C:\code\show\Scrap_Steel_In_Field\photos\segmentation\segment_20260604_211112.jpg
2026-06-04 21:11:12 [INFO] JSON结果保存到: C:\code\show\Scrap_Steel_In_Field\photos\segmentation_result.json
2026-06-04 21:11:12 [INFO] 类别统计：{0: 10, 1: 58, 2: 23, 3: 2, 4: 23, 5: 28, 6: 13, 7: 32, 8: 39, 9: 57, 10: 22, 11: 17, 12: 23, 13: 61, 14: 0, 15: 19}
2026-06-04 21:11:12 [INFO] 面积统计：{0: 3691008.0, 1: 616428.0, 2: 38196.0, 3: 139896.0, 4: 159084.0, 5: 45180.0, 6: 523620.0, 7: 48744.0, 8: 887004.0, 9: 178128.0, 10: 177948.0, 11: 342792.0, 12: 95688.0, 13: 777996.0, 14: 72.0, 15: 33588.0}
2026-06-04 21:11:12 [INFO] 分割成功
2026-06-04 21:11:12 [INFO] 引擎上下文已释放
2026-06-04 21:11:12 [INFO] TensorRT 引擎已释放
2026-06-04 21:11:12 [INFO] 全局 CUDA 资源已释放
2026-06-04 21:11:12 [INFO] 分割系统资源已释放
2026-06-04 21:11:16 [INFO] CUDA 初始化成功
2026-06-04 21:11:16 [INFO] 引擎加载成功: scrap_steel.engine
2026-06-04 21:11:16 [INFO] 分割系统初始化成功
2026-06-04 21:11:16 [INFO] 图像预处理完成，原始尺寸: (2160, 3840)
2026-06-04 21:11:16 [INFO] 开始执行分割...
2026-06-04 21:11:16 [DEBUG] 处理后的检测结果形状: (1, 8400, 6)
2026-06-04 21:11:16 [DEBUG] 示例检测结果: [[-4.08612442e+00 -3.21409130e+00  3.91197319e+01  1.50604734e+01
   3.94998025e-08  5.00000000e+00]
 [-6.54249954e+00 -3.01233768e+00  4.48023033e+01  2.95847244e+01
   9.85963311e-09  9.00000000e+00]
 [-3.61481094e+00 -3.45101547e+00  4.60111694e+01  3.03981400e+01
   4.53549198e-09  9.00000000e+00]]
2026-06-04 21:11:16 [DEBUG] 处理后检测输出形状: (0, 52)
2026-06-04 21:11:16 [DEBUG] 有效检测数量: 0
2026-06-04 21:11:16 [DEBUG] 检测输出为空
2026-06-04 21:11:16 [INFO] 掩码中检测到的类别: [0, 1, 2, 3, 4, 5, 6, 7, 8, 9, 10, 11, 12, 13, 14, 15]
2026-06-04 21:11:16 [INFO] 分割完成，检测到 0 个物体
2026-06-04 21:11:16 [INFO] 从分割掩码中提取检测结果
2026-06-04 21:11:17 [INFO] 从掩码中提取了 433 个检测框
2026-06-04 21:11:17 [INFO] 计算出的车框矩形边界: (1027, 618) to (3178, 1513)
2026-06-04 21:11:17 [INFO] 原始检测数: 433, 过滤后检测数: 197
2026-06-04 21:11:17 [INFO] 保存分割和检测结果到: C:\code\show\Scrap_Steel_In_Field\photos\segmentation\segment_20260604_211117.jpg
2026-06-04 21:11:17 [INFO] JSON结果保存到: C:\code\show\Scrap_Steel_In_Field\photos\segmentation_result.json
2026-06-04 21:11:17 [INFO] 类别统计：{0: 12, 1: 51, 2: 25, 3: 2, 4: 25, 5: 29, 6: 18, 7: 30, 8: 44, 9: 45, 10: 24, 11: 16, 12: 17, 13: 78, 14: 0, 15: 17}
2026-06-04 21:11:17 [INFO] 面积统计：{0: 3675672.0, 1: 605736.0, 2: 35388.0, 3: 145512.0, 4: 119160.0, 5: 47268.0, 6: 500868.0, 7: 45072.0, 8: 898056.0, 9: 190368.0, 10: 172800.0, 11: 350136.0, 12: 93168.0, 13: 761436.0, 14: 72.0, 15: 36396.0}
2026-06-04 21:11:17 [INFO] 分割成功
2026-06-04 21:11:17 [INFO] 引擎上下文已释放
2026-06-04 21:11:17 [INFO] TensorRT 引擎已释放
2026-06-04 21:11:17 [INFO] 全局 CUDA 资源已释放
2026-06-04 21:11:17 [INFO] 分割系统资源已释放
2026-06-04 21:11:21 [INFO] CUDA 初始化成功
2026-06-04 21:11:22 [INFO] 引擎加载成功: scrap_steel.engine
2026-06-04 21:11:22 [INFO] 分割系统初始化成功
2026-06-04 21:11:22 [INFO] 图像预处理完成，原始尺寸: (2160, 3840)
2026-06-04 21:11:22 [INFO] 开始执行分割...
2026-06-04 21:11:22 [DEBUG] 处理后的检测结果形状: (1, 8400, 6)
2026-06-04 21:11:22 [DEBUG] 示例检测结果: [[-4.11849594e+00 -3.25775385e+00  3.91921730e+01  1.52353306e+01
   4.01143261e-08  5.00000000e+00]
 [-6.56581116e+00 -3.03752232e+00  4.47309494e+01  2.96401367e+01
   9.74463177e-09  9.00000000e+00]
 [-3.59000397e+00 -3.45068741e+00  4.59733810e+01  3.03777466e+01
   4.51798599e-09  9.00000000e+00]]
2026-06-04 21:11:22 [DEBUG] 处理后检测输出形状: (0, 52)
2026-06-04 21:11:22 [DEBUG] 有效检测数量: 0
2026-06-04 21:11:22 [DEBUG] 检测输出为空
2026-06-04 21:11:22 [INFO] 掩码中检测到的类别: [0, 1, 2, 3, 4, 5, 6, 7, 8, 9, 10, 11, 12, 13, 14, 15]
2026-06-04 21:11:22 [INFO] 分割完成，检测到 0 个物体
2026-06-04 21:11:22 [INFO] 从分割掩码中提取检测结果
2026-06-04 21:11:22 [INFO] 从掩码中提取了 430 个检测框
2026-06-04 21:11:22 [INFO] 计算出的车框矩形边界: (1028, 617) to (3178, 1512)
2026-06-04 21:11:22 [INFO] 原始检测数: 430, 过滤后检测数: 193
2026-06-04 21:11:23 [INFO] 保存分割和检测结果到: C:\code\show\Scrap_Steel_In_Field\photos\segmentation\segment_20260604_211122.jpg
2026-06-04 21:11:23 [INFO] JSON结果保存到: C:\code\show\Scrap_Steel_In_Field\photos\segmentation_result.json
2026-06-04 21:11:23 [INFO] 类别统计：{0: 12, 1: 58, 2: 22, 3: 1, 4: 28, 5: 27, 6: 13, 7: 31, 8: 40, 9: 51, 10: 22, 11: 16, 12: 16, 13: 79, 14: 0, 15: 14}
2026-06-04 21:11:23 [INFO] 面积统计：{0: 3768588.0, 1: 654156.0, 2: 37512.0, 3: 139536.0, 4: 102456.0, 5: 48996.0, 6: 471132.0, 7: 44784.0, 8: 889560.0, 9: 195804.0, 10: 170568.0, 11: 335628.0, 12: 94212.0, 13: 811836.0, 14: 72.0, 15: 28008.0}
2026-06-04 21:11:23 [INFO] 分割成功
2026-06-04 21:11:23 [INFO] 引擎上下文已释放
2026-06-04 21:11:23 [INFO] TensorRT 引擎已释放
2026-06-04 21:11:23 [INFO] 全局 CUDA 资源已释放
2026-06-04 21:11:23 [INFO] 分割系统资源已释放
2026-06-04 21:11:27 [INFO] CUDA 初始化成功
2026-06-04 21:11:27 [INFO] 引擎加载成功: scrap_steel.engine
2026-06-04 21:11:27 [INFO] 分割系统初始化成功
2026-06-04 21:11:27 [INFO] 图像预处理完成，原始尺寸: (2160, 3840)
2026-06-04 21:11:27 [INFO] 开始执行分割...
2026-06-04 21:11:27 [DEBUG] 处理后的检测结果形状: (1, 8400, 6)
2026-06-04 21:11:27 [DEBUG] 示例检测结果: [[-4.10551071e+00 -3.22657251e+00  3.92105560e+01  1.50793400e+01
   4.01143261e-08  5.00000000e+00]
 [-6.51770401e+00 -3.01561928e+00  4.47644997e+01  2.96184444e+01
   9.82129933e-09  9.00000000e+00]
 [-3.56469345e+00 -3.43814278e+00  4.59523430e+01  3.03746967e+01
   4.53549198e-09  9.00000000e+00]]
2026-06-04 21:11:27 [DEBUG] 处理后检测输出形状: (0, 52)
2026-06-04 21:11:27 [DEBUG] 有效检测数量: 0
2026-06-04 21:11:27 [DEBUG] 检测输出为空
2026-06-04 21:11:27 [INFO] 掩码中检测到的类别: [0, 1, 2, 3, 4, 5, 6, 7, 8, 9, 10, 11, 12, 13, 14, 15]
2026-06-04 21:11:27 [INFO] 分割完成，检测到 0 个物体
2026-06-04 21:11:27 [INFO] 从分割掩码中提取检测结果
2026-06-04 21:11:27 [INFO] 从掩码中提取了 434 个检测框
2026-06-04 21:11:27 [INFO] 计算出的车框矩形边界: (1027, 617) to (3179, 1520)
2026-06-04 21:11:27 [INFO] 原始检测数: 434, 过滤后检测数: 205
2026-06-04 21:11:28 [INFO] 保存分割和检测结果到: C:\code\show\Scrap_Steel_In_Field\photos\segmentation\segment_20260604_211127.jpg
2026-06-04 21:11:28 [INFO] JSON结果保存到: C:\code\show\Scrap_Steel_In_Field\photos\segmentation_result.json
2026-06-04 21:11:28 [INFO] 类别统计：{0: 34, 1: 47, 2: 23, 3: 3, 4: 24, 5: 26, 6: 17, 7: 30, 8: 30, 9: 54, 10: 24, 11: 18, 12: 22, 13: 63, 14: 0, 15: 19}
2026-06-04 21:11:28 [INFO] 面积统计：{0: 3560184.0, 1: 649440.0, 2: 27180.0, 3: 144216.0, 4: 127296.0, 5: 48780.0, 6: 523044.0, 7: 36936.0, 8: 889560.0, 9: 209952.0, 10: 184644.0, 11: 338760.0, 12: 93276.0, 13: 831744.0, 14: 36.0, 15: 31752.0}
2026-06-04 21:11:28 [INFO] 分割成功
2026-06-04 21:11:28 [INFO] 引擎上下文已释放
2026-06-04 21:11:28 [INFO] TensorRT 引擎已释放
2026-06-04 21:11:28 [INFO] 全局 CUDA 资源已释放
2026-06-04 21:11:28 [INFO] 分割系统资源已释放
2026-06-04 21:11:32 [INFO] CUDA 初始化成功
2026-06-04 21:11:32 [INFO] 引擎加载成功: scrap_steel.engine
2026-06-04 21:11:32 [INFO] 分割系统初始化成功
2026-06-04 21:11:32 [INFO] 图像预处理完成，原始尺寸: (2160, 3840)
2026-06-04 21:11:32 [INFO] 开始执行分割...
2026-06-04 21:11:32 [DEBUG] 处理后的检测结果形状: (1, 8400, 6)
2026-06-04 21:11:32 [DEBUG] 示例检测结果: [[-4.11495209e+00 -3.22813320e+00  3.92806854e+01  1.51255121e+01
   4.02826501e-08  5.00000000e+00]
 [-6.53450394e+00 -3.02805710e+00  4.48302727e+01  2.96338158e+01
   9.78296555e-09  9.00000000e+00]
 [-3.57049179e+00 -3.45228767e+00  4.59889488e+01  3.03801250e+01
   4.65695393e-09  9.00000000e+00]]
2026-06-04 21:11:32 [DEBUG] 处理后检测输出形状: (0, 52)
2026-06-04 21:11:32 [DEBUG] 有效检测数量: 0
2026-06-04 21:11:32 [DEBUG] 检测输出为空
2026-06-04 21:11:32 [INFO] 掩码中检测到的类别: [0, 1, 2, 3, 4, 5, 6, 7, 8, 9, 10, 11, 12, 13, 14, 15]
2026-06-04 21:11:32 [INFO] 分割完成，检测到 0 个物体
2026-06-04 21:11:32 [INFO] 从分割掩码中提取检测结果
2026-06-04 21:11:32 [INFO] 从掩码中提取了 452 个检测框
2026-06-04 21:11:32 [INFO] 计算出的车框矩形边界: (1028, 618) to (3178, 1513)
2026-06-04 21:11:32 [INFO] 原始检测数: 452, 过滤后检测数: 214
2026-06-04 21:11:33 [INFO] 保存分割和检测结果到: C:\code\show\Scrap_Steel_In_Field\photos\segmentation\segment_20260604_211132.jpg
2026-06-04 21:11:33 [INFO] JSON结果保存到: C:\code\show\Scrap_Steel_In_Field\photos\segmentation_result.json
2026-06-04 21:11:33 [INFO] 类别统计：{0: 40, 1: 52, 2: 22, 3: 2, 4: 23, 5: 26, 6: 18, 7: 31, 8: 39, 9: 51, 10: 22, 11: 19, 12: 19, 13: 72, 14: 0, 15: 16}
2026-06-04 21:11:33 [INFO] 面积统计：{0: 3650652.0, 1: 636084.0, 2: 32868.0, 3: 142020.0, 4: 150012.0, 5: 49104.0, 6: 470016.0, 7: 50832.0, 8: 885384.0, 9: 205272.0, 10: 186192.0, 11: 335448.0, 12: 93708.0, 13: 812736.0, 14: 36.0, 15: 30420.0}
2026-06-04 21:11:33 [INFO] 分割成功
2026-06-04 21:11:33 [INFO] 引擎上下文已释放
2026-06-04 21:11:33 [INFO] TensorRT 引擎已释放
2026-06-04 21:11:33 [INFO] 全局 CUDA 资源已释放
2026-06-04 21:11:33 [INFO] 分割系统资源已释放
2026-06-04 21:11:37 [INFO] CUDA 初始化成功
2026-06-04 21:11:37 [INFO] 引擎加载成功: scrap_steel.engine
2026-06-04 21:11:37 [INFO] 分割系统初始化成功
2026-06-04 21:11:37 [INFO] 图像预处理完成，原始尺寸: (2160, 3840)
2026-06-04 21:11:37 [INFO] 开始执行分割...
2026-06-04 21:11:37 [DEBUG] 处理后的检测结果形状: (1, 8400, 6)
2026-06-04 21:11:37 [DEBUG] 示例检测结果: [[-4.14834595e+00 -3.24308634e+00  3.92851639e+01  1.52458706e+01
   4.13913881e-08  5.00000000e+00]
 [-6.52635574e+00 -3.01434517e+00  4.47843742e+01  2.97159405e+01
   9.93076199e-09  9.00000000e+00]
 [-3.56041718e+00 -3.46405315e+00  4.59566727e+01  3.04594612e+01
   4.58259564e-09  9.00000000e+00]]
2026-06-04 21:11:37 [DEBUG] 处理后检测输出形状: (0, 52)
2026-06-04 21:11:37 [DEBUG] 有效检测数量: 0
2026-06-04 21:11:37 [DEBUG] 检测输出为空
2026-06-04 21:11:37 [INFO] 掩码中检测到的类别: [0, 1, 2, 3, 4, 5, 6, 7, 8, 9, 10, 11, 12, 13, 14, 15]
2026-06-04 21:11:37 [INFO] 分割完成，检测到 0 个物体
2026-06-04 21:11:37 [INFO] 从分割掩码中提取检测结果
2026-06-04 21:11:38 [INFO] 从掩码中提取了 437 个检测框
2026-06-04 21:11:38 [INFO] 计算出的车框矩形边界: (1027, 617) to (3178, 1513)
2026-06-04 21:11:38 [INFO] 原始检测数: 437, 过滤后检测数: 193
2026-06-04 21:11:38 [INFO] 保存分割和检测结果到: C:\code\show\Scrap_Steel_In_Field\photos\segmentation\segment_20260604_211138.jpg
2026-06-04 21:11:38 [INFO] JSON结果保存到: C:\code\show\Scrap_Steel_In_Field\photos\segmentation_result.json
2026-06-04 21:11:38 [INFO] 类别统计：{0: 13, 1: 59, 2: 23, 3: 3, 4: 22, 5: 26, 6: 17, 7: 28, 8: 42, 9: 51, 10: 28, 11: 14, 12: 16, 13: 74, 14: 0, 15: 21}
2026-06-04 21:11:38 [INFO] 面积统计：{0: 3725208.0, 1: 607140.0, 2: 40752.0, 3: 140328.0, 4: 156240.0, 5: 46296.0, 6: 500112.0, 7: 44460.0, 8: 917928.0, 9: 196740.0, 10: 179460.0, 11: 337284.0, 12: 92880.0, 13: 772020.0, 14: 36.0, 15: 32184.0}
2026-06-04 21:11:38 [INFO] 分割成功
2026-06-04 21:11:38 [INFO] 引擎上下文已释放
2026-06-04 21:11:38 [INFO] TensorRT 引擎已释放
2026-06-04 21:11:38 [INFO] 全局 CUDA 资源已释放
2026-06-04 21:11:38 [INFO] 分割系统资源已释放
2026-06-04 21:11:42 [INFO] CUDA 初始化成功
2026-06-04 21:11:42 [INFO] 引擎加载成功: scrap_steel.engine
2026-06-04 21:11:42 [INFO] 分割系统初始化成功
2026-06-04 21:11:42 [INFO] 图像预处理完成，原始尺寸: (2160, 3840)
2026-06-04 21:11:42 [INFO] 开始执行分割...
2026-06-04 21:11:42 [DEBUG] 处理后的检测结果形状: (1, 8400, 6)
2026-06-04 21:11:42 [DEBUG] 示例检测结果: [[-4.11761093e+00 -3.23772669e+00  3.91542892e+01  1.51280231e+01
   4.04397973e-08  5.00000000e+00]
 [-6.53484726e+00 -3.02519608e+00  4.47096062e+01  2.95524559e+01
   9.85963311e-09  9.00000000e+00]
 [-3.57820511e+00 -3.45424080e+00  4.59428329e+01  3.02853527e+01
   4.57098359e-09  9.00000000e+00]]
2026-06-04 21:11:42 [DEBUG] 处理后检测输出形状: (0, 52)
2026-06-04 21:11:42 [DEBUG] 有效检测数量: 0
2026-06-04 21:11:42 [DEBUG] 检测输出为空
2026-06-04 21:11:42 [INFO] 掩码中检测到的类别: [0, 1, 2, 3, 4, 5, 6, 7, 8, 9, 10, 11, 12, 13, 14, 15]
2026-06-04 21:11:42 [INFO] 分割完成，检测到 0 个物体
2026-06-04 21:11:42 [INFO] 从分割掩码中提取检测结果
2026-06-04 21:11:43 [INFO] 从掩码中提取了 414 个检测框
2026-06-04 21:11:43 [INFO] 计算出的车框矩形边界: (1027, 619) to (3178, 1512)
2026-06-04 21:11:43 [INFO] 原始检测数: 414, 过滤后检测数: 194
2026-06-04 21:11:43 [INFO] 保存分割和检测结果到: C:\code\show\Scrap_Steel_In_Field\photos\segmentation\segment_20260604_211143.jpg
2026-06-04 21:11:43 [INFO] JSON结果保存到: C:\code\show\Scrap_Steel_In_Field\photos\segmentation_result.json
2026-06-04 21:11:43 [INFO] 类别统计：{0: 10, 1: 55, 2: 22, 3: 1, 4: 21, 5: 23, 6: 17, 7: 32, 8: 37, 9: 45, 10: 25, 11: 18, 12: 22, 13: 67, 14: 0, 15: 19}
2026-06-04 21:11:43 [INFO] 面积统计：{0: 3739212.0, 1: 586368.0, 2: 37656.0, 3: 138780.0, 4: 168300.0, 5: 47016.0, 6: 509328.0, 7: 45360.0, 8: 915444.0, 9: 181080.0, 10: 186516.0, 11: 328860.0, 12: 97632.0, 13: 803880.0, 14: 72.0, 15: 29664.0}
2026-06-04 21:11:43 [INFO] 分割成功
2026-06-04 21:11:43 [INFO] 引擎上下文已释放
2026-06-04 21:11:43 [INFO] TensorRT 引擎已释放
2026-06-04 21:11:43 [INFO] 全局 CUDA 资源已释放
2026-06-04 21:11:43 [INFO] 分割系统资源已释放
2026-06-04 21:11:47 [INFO] CUDA 初始化成功
2026-06-04 21:11:47 [INFO] 引擎加载成功: scrap_steel.engine
2026-06-04 21:11:47 [INFO] 分割系统初始化成功
2026-06-04 21:11:48 [INFO] 图像预处理完成，原始尺寸: (2160, 3840)
2026-06-04 21:11:48 [INFO] 开始执行分割...
2026-06-04 21:11:48 [DEBUG] 处理后的检测结果形状: (1, 8400, 6)
2026-06-04 21:11:48 [DEBUG] 示例检测结果: [[-4.09981155e+00 -3.23906374e+00  3.91671028e+01  1.50678215e+01
   3.94837265e-08  5.00000000e+00]
 [-6.53479767e+00 -3.00156021e+00  4.47287903e+01  2.95045204e+01
   9.61345403e-09  9.00000000e+00]
 [-3.58498383e+00 -3.42510223e+00  4.59496155e+01  3.02739029e+01
   4.48578241e-09  9.00000000e+00]]
2026-06-04 21:11:48 [DEBUG] 处理后检测输出形状: (0, 52)
2026-06-04 21:11:48 [DEBUG] 有效检测数量: 0
2026-06-04 21:11:48 [DEBUG] 检测输出为空
2026-06-04 21:11:48 [INFO] 掩码中检测到的类别: [0, 1, 2, 3, 4, 5, 6, 7, 8, 9, 10, 11, 12, 13, 14, 15]
2026-06-04 21:11:48 [INFO] 分割完成，检测到 0 个物体
2026-06-04 21:11:48 [INFO] 从分割掩码中提取检测结果
2026-06-04 21:11:48 [INFO] 从掩码中提取了 433 个检测框
2026-06-04 21:11:48 [INFO] 计算出的车框矩形边界: (1028, 619) to (3178, 1511)
2026-06-04 21:11:48 [INFO] 原始检测数: 433, 过滤后检测数: 187
2026-06-04 21:11:49 [INFO] 保存分割和检测结果到: C:\code\show\Scrap_Steel_In_Field\photos\segmentation\segment_20260604_211148.jpg
2026-06-04 21:11:49 [INFO] JSON结果保存到: C:\code\show\Scrap_Steel_In_Field\photos\segmentation_result.json
2026-06-04 21:11:49 [INFO] 类别统计：{0: 12, 1: 52, 2: 20, 3: 2, 4: 24, 5: 26, 6: 17, 7: 31, 8: 47, 9: 51, 10: 31, 11: 17, 12: 19, 13: 68, 14: 0, 15: 16}
2026-06-04 21:11:49 [INFO] 面积统计：{0: 3783132.0, 1: 651888.0, 2: 36720.0, 3: 140760.0, 4: 149760.0, 5: 51156.0, 6: 500112.0, 7: 43920.0, 8: 906624.0, 9: 181368.0, 10: 189648.0, 11: 336816.0, 12: 101736.0, 13: 789660.0, 14: 72.0, 15: 27612.0}
2026-06-04 21:11:49 [INFO] 分割成功
2026-06-04 21:11:49 [INFO] 引擎上下文已释放
2026-06-04 21:11:49 [INFO] TensorRT 引擎已释放
2026-06-04 21:11:49 [INFO] 全局 CUDA 资源已释放
2026-06-04 21:11:49 [INFO] 分割系统资源已释放
2026-06-04 21:11:53 [INFO] CUDA 初始化成功
2026-06-04 21:11:53 [INFO] 引擎加载成功: scrap_steel.engine
2026-06-04 21:11:53 [INFO] 分割系统初始化成功
2026-06-04 21:11:53 [INFO] 图像预处理完成，原始尺寸: (2160, 3840)
2026-06-04 21:11:53 [INFO] 开始执行分割...
2026-06-04 21:11:53 [DEBUG] 处理后的检测结果形状: (1, 8400, 6)
2026-06-04 21:11:53 [DEBUG] 示例检测结果: [[-4.08928680e+00 -3.21621704e+00  3.92379456e+01  1.50505753e+01
   4.04397973e-08  5.00000000e+00]
 [-6.54825211e+00 -3.00066662e+00  4.47614212e+01  2.96619797e+01
   9.93547644e-09  9.00000000e+00]
 [-3.59009171e+00 -3.46660614e+00  4.59815445e+01  3.03839188e+01
   4.55145255e-09  9.00000000e+00]]
2026-06-04 21:11:53 [DEBUG] 处理后检测输出形状: (0, 52)
2026-06-04 21:11:53 [DEBUG] 有效检测数量: 0
2026-06-04 21:11:53 [DEBUG] 检测输出为空
2026-06-04 21:11:53 [INFO] 掩码中检测到的类别: [0, 1, 2, 3, 4, 5, 6, 7, 8, 9, 10, 11, 12, 13, 14, 15]
2026-06-04 21:11:53 [INFO] 分割完成，检测到 0 个物体
2026-06-04 21:11:53 [INFO] 从分割掩码中提取检测结果
2026-06-04 21:11:53 [INFO] 从掩码中提取了 433 个检测框
2026-06-04 21:11:53 [INFO] 计算出的车框矩形边界: (1027, 618) to (3178, 1512)
2026-06-04 21:11:53 [INFO] 原始检测数: 433, 过滤后检测数: 207
2026-06-04 21:11:54 [INFO] 保存分割和检测结果到: C:\code\show\Scrap_Steel_In_Field\photos\segmentation\segment_20260604_211153.jpg
2026-06-04 21:11:54 [INFO] JSON结果保存到: C:\code\show\Scrap_Steel_In_Field\photos\segmentation_result.json
2026-06-04 21:11:54 [INFO] 类别统计：{0: 15, 1: 59, 2: 22, 3: 3, 4: 23, 5: 28, 6: 17, 7: 27, 8: 40, 9: 55, 10: 28, 11: 16, 12: 19, 13: 63, 14: 0, 15: 18}
2026-06-04 21:11:54 [INFO] 面积统计：{0: 3719484.0, 1: 660492.0, 2: 33588.0, 3: 143280.0, 4: 161964.0, 5: 51984.0, 6: 519336.0, 7: 46584.0, 8: 907776.0, 9: 185976.0, 10: 181332.0, 11: 326160.0, 12: 95760.0, 13: 779112.0, 14: 36.0, 15: 29340.0}
2026-06-04 21:11:54 [INFO] 分割成功
2026-06-04 21:11:54 [INFO] 引擎上下文已释放
2026-06-04 21:11:54 [INFO] TensorRT 引擎已释放
2026-06-04 21:11:54 [INFO] 全局 CUDA 资源已释放
2026-06-04 21:11:54 [INFO] 分割系统资源已释放
2026-06-04 21:11:58 [INFO] CUDA 初始化成功
2026-06-04 21:11:58 [INFO] 引擎加载成功: scrap_steel.engine
2026-06-04 21:11:58 [INFO] 分割系统初始化成功
2026-06-04 21:11:58 [INFO] 图像预处理完成，原始尺寸: (2160, 3840)
2026-06-04 21:11:58 [INFO] 开始执行分割...
2026-06-04 21:11:58 [DEBUG] 处理后的检测结果形状: (1, 8400, 6)
2026-06-04 21:11:58 [DEBUG] 示例检测结果: [[-4.16605759e+00 -3.26803827e+00  3.91602440e+01  1.53046894e+01
   4.09147702e-08  5.00000000e+00]
 [-6.58421707e+00 -3.06133270e+00  4.47068405e+01  2.97385330e+01
   9.63209246e-09  9.00000000e+00]
 [-3.62878418e+00 -3.52054977e+00  4.60132446e+01  3.04542770e+01
   4.44772219e-09  9.00000000e+00]]
2026-06-04 21:11:58 [DEBUG] 处理后检测输出形状: (0, 52)
2026-06-04 21:11:58 [DEBUG] 有效检测数量: 0
2026-06-04 21:11:58 [DEBUG] 检测输出为空
2026-06-04 21:11:58 [INFO] 掩码中检测到的类别: [0, 1, 2, 3, 4, 5, 6, 7, 8, 9, 10, 11, 12, 13, 14, 15]
2026-06-04 21:11:58 [INFO] 分割完成，检测到 0 个物体
2026-06-04 21:11:58 [INFO] 从分割掩码中提取检测结果
2026-06-04 21:11:58 [INFO] 从掩码中提取了 442 个检测框
2026-06-04 21:11:58 [INFO] 计算出的车框矩形边界: (1031, 618) to (3178, 1512)
2026-06-04 21:11:58 [INFO] 原始检测数: 442, 过滤后检测数: 199
2026-06-04 21:11:59 [INFO] 保存分割和检测结果到: C:\code\show\Scrap_Steel_In_Field\photos\segmentation\segment_20260604_211158.jpg
2026-06-04 21:11:59 [INFO] JSON结果保存到: C:\code\show\Scrap_Steel_In_Field\photos\segmentation_result.json
2026-06-04 21:11:59 [INFO] 类别统计：{0: 13, 1: 55, 2: 24, 3: 1, 4: 29, 5: 27, 6: 16, 7: 31, 8: 52, 9: 43, 10: 29, 11: 13, 12: 21, 13: 66, 14: 0, 15: 22}
2026-06-04 21:11:59 [INFO] 面积统计：{0: 3718116.0, 1: 619200.0, 2: 37692.0, 3: 137556.0, 4: 159372.0, 5: 46980.0, 6: 504360.0, 7: 45936.0, 8: 909468.0, 9: 187560.0, 10: 180972.0, 11: 345888.0, 12: 89496.0, 13: 784656.0, 14: 36.0, 15: 31500.0}
2026-06-04 21:11:59 [INFO] 分割成功
2026-06-04 21:11:59 [INFO] 引擎上下文已释放
2026-06-04 21:11:59 [INFO] TensorRT 引擎已释放
2026-06-04 21:11:59 [INFO] 全局 CUDA 资源已释放
2026-06-04 21:11:59 [INFO] 分割系统资源已释放
2026-06-04 21:12:03 [INFO] CUDA 初始化成功
2026-06-04 21:12:03 [INFO] 引擎加载成功: scrap_steel.engine
2026-06-04 21:12:03 [INFO] 分割系统初始化成功
2026-06-04 21:12:03 [INFO] 图像预处理完成，原始尺寸: (2160, 3840)
2026-06-04 21:12:03 [INFO] 开始执行分割...
2026-06-04 21:12:03 [DEBUG] 处理后的检测结果形状: (1, 8400, 6)
2026-06-04 21:12:03 [DEBUG] 示例检测结果: [[-4.11856461e+00 -3.23521042e+00  3.91819344e+01  1.52099457e+01
   4.01143261e-08  5.00000000e+00]
 [-6.53266144e+00 -3.01100540e+00  4.47802849e+01  2.97037697e+01
   9.85821913e-09  9.00000000e+00]
 [-3.59054947e+00 -3.45097160e+00  4.59638329e+01  3.03945065e+01
   4.58491911e-09  9.00000000e+00]]
2026-06-04 21:12:03 [DEBUG] 处理后检测输出形状: (0, 52)
2026-06-04 21:12:03 [DEBUG] 有效检测数量: 0
2026-06-04 21:12:03 [DEBUG] 检测输出为空
2026-06-04 21:12:03 [INFO] 掩码中检测到的类别: [0, 1, 2, 3, 4, 5, 6, 7, 8, 9, 10, 11, 12, 13, 14, 15]
2026-06-04 21:12:03 [INFO] 分割完成，检测到 0 个物体
2026-06-04 21:12:03 [INFO] 从分割掩码中提取检测结果
2026-06-04 21:12:04 [INFO] 从掩码中提取了 442 个检测框
2026-06-04 21:12:04 [INFO] 计算出的车框矩形边界: (1027, 618) to (3178, 1512)
2026-06-04 21:12:04 [INFO] 原始检测数: 442, 过滤后检测数: 213
2026-06-04 21:12:04 [INFO] 保存分割和检测结果到: C:\code\show\Scrap_Steel_In_Field\photos\segmentation\segment_20260604_211204.jpg
2026-06-04 21:12:04 [INFO] JSON结果保存到: C:\code\show\Scrap_Steel_In_Field\photos\segmentation_result.json
2026-06-04 21:12:04 [INFO] 类别统计：{0: 25, 1: 57, 2: 21, 3: 2, 4: 23, 5: 30, 6: 14, 7: 31, 8: 45, 9: 47, 10: 27, 11: 13, 12: 19, 13: 73, 14: 0, 15: 15}
2026-06-04 21:12:04 [INFO] 面积统计：{0: 3680136.0, 1: 612432.0, 2: 37368.0, 3: 140400.0, 4: 165456.0, 5: 48204.0, 6: 517860.0, 7: 41436.0, 8: 930996.0, 9: 198360.0, 10: 183672.0, 11: 334224.0, 12: 94860.0, 13: 760068.0, 14: 36.0, 15: 35964.0}
2026-06-04 21:12:04 [INFO] 分割成功
2026-06-04 21:12:04 [INFO] 引擎上下文已释放
2026-06-04 21:12:04 [INFO] TensorRT 引擎已释放
2026-06-04 21:12:04 [INFO] 全局 CUDA 资源已释放
2026-06-04 21:12:04 [INFO] 分割系统资源已释放
2026-06-04 21:12:08 [INFO] CUDA 初始化成功
2026-06-04 21:12:08 [INFO] 引擎加载成功: scrap_steel.engine
2026-06-04 21:12:08 [INFO] 分割系统初始化成功
2026-06-04 21:12:08 [INFO] 图像预处理完成，原始尺寸: (2160, 3840)
2026-06-04 21:12:08 [INFO] 开始执行分割...
2026-06-04 21:12:08 [DEBUG] 处理后的检测结果形状: (1, 8400, 6)
2026-06-04 21:12:08 [DEBUG] 示例检测结果: [[-4.11832047e+00 -3.24548340e+00  3.92225075e+01  1.51828804e+01
   4.04397973e-08  5.00000000e+00]
 [-6.54184723e+00 -3.01362801e+00  4.48304291e+01  2.96661930e+01
   9.89684779e-09  9.00000000e+00]
 [-3.57103729e+00 -3.43734169e+00  4.60005455e+01  3.03649273e+01
   4.58696547e-09  9.00000000e+00]]
2026-06-04 21:12:08 [DEBUG] 处理后检测输出形状: (0, 52)
2026-06-04 21:12:08 [DEBUG] 有效检测数量: 0
2026-06-04 21:12:08 [DEBUG] 检测输出为空
2026-06-04 21:12:08 [INFO] 掩码中检测到的类别: [0, 1, 2, 3, 4, 5, 6, 7, 8, 9, 10, 11, 12, 13, 14, 15]
2026-06-04 21:12:08 [INFO] 分割完成，检测到 0 个物体
2026-06-04 21:12:08 [INFO] 从分割掩码中提取检测结果
2026-06-04 21:12:09 [INFO] 从掩码中提取了 431 个检测框
2026-06-04 21:12:09 [INFO] 计算出的车框矩形边界: (1027, 618) to (3175, 1519)
2026-06-04 21:12:09 [INFO] 原始检测数: 431, 过滤后检测数: 190
2026-06-04 21:12:09 [INFO] 保存分割和检测结果到: C:\code\show\Scrap_Steel_In_Field\photos\segmentation\segment_20260604_211209.jpg
2026-06-04 21:12:09 [INFO] JSON结果保存到: C:\code\show\Scrap_Steel_In_Field\photos\segmentation_result.json
2026-06-04 21:12:09 [INFO] 类别统计：{0: 12, 1: 55, 2: 23, 3: 3, 4: 24, 5: 28, 6: 15, 7: 34, 8: 39, 9: 51, 10: 27, 11: 15, 12: 18, 13: 67, 14: 0, 15: 20}
2026-06-04 21:12:09 [INFO] 面积统计：{0: 3669696.0, 1: 637272.0, 2: 39816.0, 3: 142308.0, 4: 163116.0, 5: 50580.0, 6: 503712.0, 7: 45360.0, 8: 901908.0, 9: 180684.0, 10: 192168.0, 11: 333288.0, 12: 101556.0, 13: 795348.0, 14: 36.0, 15: 32400.0}
2026-06-04 21:12:09 [INFO] 分割成功
2026-06-04 21:12:09 [INFO] 引擎上下文已释放
2026-06-04 21:12:09 [INFO] TensorRT 引擎已释放
2026-06-04 21:12:09 [INFO] 全局 CUDA 资源已释放
2026-06-04 21:12:09 [INFO] 分割系统资源已释放
2026-06-04 21:12:13 [INFO] CUDA 初始化成功
2026-06-04 21:12:13 [INFO] 引擎加载成功: scrap_steel.engine
2026-06-04 21:12:13 [INFO] 分割系统初始化成功
2026-06-04 21:12:13 [INFO] 图像预处理完成，原始尺寸: (2160, 3840)
2026-06-04 21:12:13 [INFO] 开始执行分割...
2026-06-04 21:12:13 [DEBUG] 处理后的检测结果形状: (1, 8400, 6)
2026-06-04 21:12:13 [DEBUG] 示例检测结果: [[-4.09067917e+00 -3.22602081e+00  3.91903763e+01  1.51232128e+01
   4.01143261e-08  5.00000000e+00]
 [-6.53553772e+00 -3.00150490e+00  4.47605286e+01  2.96628590e+01
   9.81959047e-09  9.00000000e+00]
 [-3.57291031e+00 -3.41169357e+00  4.59852943e+01  3.03845940e+01
   4.62069316e-09  9.00000000e+00]]
2026-06-04 21:12:13 [DEBUG] 处理后检测输出形状: (0, 52)
2026-06-04 21:12:13 [DEBUG] 有效检测数量: 0
2026-06-04 21:12:13 [DEBUG] 检测输出为空
2026-06-04 21:12:13 [INFO] 掩码中检测到的类别: [0, 1, 2, 3, 4, 5, 6, 7, 8, 9, 10, 11, 12, 13, 14, 15]
2026-06-04 21:12:13 [INFO] 分割完成，检测到 0 个物体
2026-06-04 21:12:13 [INFO] 从分割掩码中提取检测结果
2026-06-04 21:12:14 [INFO] 从掩码中提取了 446 个检测框
2026-06-04 21:12:14 [INFO] 计算出的车框矩形边界: (1027, 618) to (3178, 1511)
2026-06-04 21:12:14 [INFO] 原始检测数: 446, 过滤后检测数: 207
2026-06-04 21:12:14 [INFO] 保存分割和检测结果到: C:\code\show\Scrap_Steel_In_Field\photos\segmentation\segment_20260604_211214.jpg
2026-06-04 21:12:14 [INFO] JSON结果保存到: C:\code\show\Scrap_Steel_In_Field\photos\segmentation_result.json
2026-06-04 21:12:14 [INFO] 类别统计：{0: 32, 1: 62, 2: 23, 3: 3, 4: 25, 5: 29, 6: 16, 7: 29, 8: 44, 9: 51, 10: 24, 11: 13, 12: 17, 13: 65, 14: 0, 15: 13}
2026-06-04 21:12:14 [INFO] 面积统计：{0: 3685608.0, 1: 601020.0, 2: 35136.0, 3: 145260.0, 4: 164592.0, 5: 46332.0, 6: 510804.0, 7: 43092.0, 8: 889848.0, 9: 180000.0, 10: 186732.0, 11: 341424.0, 12: 91260.0, 13: 812304.0, 14: 36.0, 15: 37764.0}
2026-06-04 21:12:14 [INFO] 分割成功
2026-06-04 21:12:14 [INFO] 引擎上下文已释放
2026-06-04 21:12:14 [INFO] TensorRT 引擎已释放
2026-06-04 21:12:14 [INFO] 全局 CUDA 资源已释放
2026-06-04 21:12:14 [INFO] 分割系统资源已释放
2026-06-04 21:12:19 [INFO] CUDA 初始化成功
2026-06-04 21:12:19 [INFO] 引擎加载成功: scrap_steel.engine
2026-06-04 21:12:19 [INFO] 分割系统初始化成功
2026-06-04 21:12:19 [INFO] 图像预处理完成，原始尺寸: (2160, 3840)
2026-06-04 21:12:19 [INFO] 开始执行分割...
2026-06-04 21:12:19 [DEBUG] 处理后的检测结果形状: (1, 8400, 6)
2026-06-04 21:12:19 [DEBUG] 示例检测结果: [[-4.11945343e+00 -3.23584127e+00  3.93271408e+01  1.51791897e+01
   4.01143261e-08  5.00000000e+00]
 [-6.53170013e+00 -3.00143433e+00  4.48043022e+01  2.96370506e+01
   9.85963311e-09  9.00000000e+00]
 [-3.55089569e+00 -3.41202164e+00  4.59787598e+01  3.03643990e+01
   4.58696547e-09  9.00000000e+00]]
2026-06-04 21:12:19 [DEBUG] 处理后检测输出形状: (0, 52)
2026-06-04 21:12:19 [DEBUG] 有效检测数量: 0
2026-06-04 21:12:19 [DEBUG] 检测输出为空
2026-06-04 21:12:19 [INFO] 掩码中检测到的类别: [0, 1, 2, 3, 4, 5, 6, 7, 8, 9, 10, 11, 12, 13, 14, 15]
2026-06-04 21:12:19 [INFO] 分割完成，检测到 0 个物体
2026-06-04 21:12:19 [INFO] 从分割掩码中提取检测结果
2026-06-04 21:12:19 [INFO] 从掩码中提取了 450 个检测框
2026-06-04 21:12:19 [INFO] 计算出的车框矩形边界: (1027, 618) to (3178, 1512)
2026-06-04 21:12:19 [INFO] 原始检测数: 450, 过滤后检测数: 198
2026-06-04 21:12:20 [INFO] 保存分割和检测结果到: C:\code\show\Scrap_Steel_In_Field\photos\segmentation\segment_20260604_211219.jpg
2026-06-04 21:12:20 [INFO] JSON结果保存到: C:\code\show\Scrap_Steel_In_Field\photos\segmentation_result.json
2026-06-04 21:12:20 [INFO] 类别统计：{0: 19, 1: 63, 2: 20, 3: 3, 4: 24, 5: 27, 6: 16, 7: 31, 8: 46, 9: 56, 10: 26, 11: 16, 12: 18, 13: 65, 14: 0, 15: 20}
2026-06-04 21:12:20 [INFO] 面积统计：{0: 3559356.0, 1: 653508.0, 2: 37908.0, 3: 134424.0, 4: 156960.0, 5: 46404.0, 6: 517428.0, 7: 47304.0, 8: 919764.0, 9: 192240.0, 10: 176400.0, 11: 338616.0, 12: 94392.0, 13: 801288.0, 14: 36.0, 15: 31032.0}
2026-06-04 21:12:20 [INFO] 分割成功
2026-06-04 21:12:20 [INFO] 引擎上下文已释放
2026-06-04 21:12:20 [INFO] TensorRT 引擎已释放
2026-06-04 21:12:20 [INFO] 全局 CUDA 资源已释放
2026-06-04 21:12:20 [INFO] 分割系统资源已释放
2026-06-04 21:12:24 [INFO] CUDA 初始化成功
2026-06-04 21:12:24 [INFO] 引擎加载成功: scrap_steel.engine
2026-06-04 21:12:24 [INFO] 分割系统初始化成功
2026-06-04 21:12:24 [INFO] 图像预处理完成，原始尺寸: (2160, 3840)
2026-06-04 21:12:24 [INFO] 开始执行分割...
2026-06-04 21:12:24 [DEBUG] 处理后的检测结果形状: (1, 8400, 6)
2026-06-04 21:12:24 [DEBUG] 示例检测结果: [[-4.11844254e+00 -3.22756767e+00  3.92210007e+01  1.51282024e+01
   4.01143261e-08  5.00000000e+00]
 [-6.51485062e+00 -3.01529598e+00  4.47824287e+01  2.96207008e+01
   9.97602001e-09  9.00000000e+00]
 [-3.58391953e+00 -3.45295715e+00  4.59755096e+01  3.03522148e+01
   4.66091166e-09  9.00000000e+00]]
2026-06-04 21:12:24 [DEBUG] 处理后检测输出形状: (0, 52)
2026-06-04 21:12:24 [DEBUG] 有效检测数量: 0
2026-06-04 21:12:24 [DEBUG] 检测输出为空
2026-06-04 21:12:24 [INFO] 掩码中检测到的类别: [0, 1, 2, 3, 4, 5, 6, 7, 8, 9, 10, 11, 12, 13, 14, 15]
2026-06-04 21:12:24 [INFO] 分割完成，检测到 0 个物体
2026-06-04 21:12:24 [INFO] 从分割掩码中提取检测结果
2026-06-04 21:12:24 [INFO] 从掩码中提取了 447 个检测框
2026-06-04 21:12:24 [INFO] 计算出的车框矩形边界: (1027, 618) to (3175, 1519)
2026-06-04 21:12:24 [INFO] 原始检测数: 447, 过滤后检测数: 209
2026-06-04 21:12:25 [INFO] 保存分割和检测结果到: C:\code\show\Scrap_Steel_In_Field\photos\segmentation\segment_20260604_211224.jpg
2026-06-04 21:12:25 [INFO] JSON结果保存到: C:\code\show\Scrap_Steel_In_Field\photos\segmentation_result.json
2026-06-04 21:12:25 [INFO] 类别统计：{0: 39, 1: 54, 2: 22, 3: 1, 4: 24, 5: 30, 6: 16, 7: 26, 8: 37, 9: 57, 10: 28, 11: 17, 12: 18, 13: 61, 14: 0, 15: 17}
2026-06-04 21:12:25 [INFO] 面积统计：{0: 3628188.0, 1: 648612.0, 2: 34200.0, 3: 136152.0, 4: 155952.0, 5: 43020.0, 6: 505980.0, 7: 46440.0, 8: 908784.0, 9: 182772.0, 10: 189684.0, 11: 325692.0, 12: 94860.0, 13: 775224.0, 14: 72.0, 15: 34632.0}
2026-06-04 21:12:25 [INFO] 分割成功
2026-06-04 21:12:25 [INFO] 引擎上下文已释放
2026-06-04 21:12:25 [INFO] TensorRT 引擎已释放
2026-06-04 21:12:25 [INFO] 全局 CUDA 资源已释放
2026-06-04 21:12:25 [INFO] 分割系统资源已释放
2026-06-04 21:12:29 [INFO] CUDA 初始化成功
2026-06-04 21:12:29 [INFO] 引擎加载成功: scrap_steel.engine
2026-06-04 21:12:29 [INFO] 分割系统初始化成功
2026-06-04 21:12:29 [INFO] 图像预处理完成，原始尺寸: (2160, 3840)
2026-06-04 21:12:29 [INFO] 开始执行分割...
2026-06-04 21:12:29 [DEBUG] 处理后的检测结果形状: (1, 8400, 6)
2026-06-04 21:12:29 [DEBUG] 示例检测结果: [[-4.12490463e+00 -3.24416065e+00  3.91337166e+01  1.51906404e+01
   4.09236804e-08  5.00000000e+00]
 [-6.54874420e+00 -3.03594494e+00  4.47590637e+01  2.98024597e+01
   9.85609461e-09  9.00000000e+00]
 [-3.56360245e+00 -3.46342659e+00  4.59550209e+01  3.04553013e+01
   4.54938842e-09  9.00000000e+00]]
2026-06-04 21:12:29 [DEBUG] 处理后检测输出形状: (0, 52)
2026-06-04 21:12:29 [DEBUG] 有效检测数量: 0
2026-06-04 21:12:29 [DEBUG] 检测输出为空
2026-06-04 21:12:29 [INFO] 掩码中检测到的类别: [0, 1, 2, 3, 4, 5, 6, 7, 8, 9, 10, 11, 12, 13, 14, 15]
2026-06-04 21:12:29 [INFO] 分割完成，检测到 0 个物体
2026-06-04 21:12:29 [INFO] 从分割掩码中提取检测结果
2026-06-04 21:12:29 [INFO] 从掩码中提取了 448 个检测框
2026-06-04 21:12:29 [INFO] 计算出的车框矩形边界: (1028, 618) to (3174, 1519)
2026-06-04 21:12:29 [INFO] 原始检测数: 448, 过滤后检测数: 198
2026-06-04 21:12:31 [INFO] 保存分割和检测结果到: C:\code\show\Scrap_Steel_In_Field\photos\segmentation\segment_20260604_211229.jpg
2026-06-04 21:12:31 [INFO] JSON结果保存到: C:\code\show\Scrap_Steel_In_Field\photos\segmentation_result.json
2026-06-04 21:12:31 [INFO] 类别统计：{0: 18, 1: 51, 2: 21, 3: 1, 4: 28, 5: 34, 6: 15, 7: 29, 8: 38, 9: 59, 10: 25, 11: 15, 12: 23, 13: 73, 14: 0, 15: 18}
2026-06-04 21:12:31 [INFO] 面积统计：{0: 3672252.0, 1: 623376.0, 2: 35676.0, 3: 135252.0, 4: 143604.0, 5: 47952.0, 6: 497844.0, 7: 46980.0, 8: 881856.0, 9: 176112.0, 10: 195264.0, 11: 330012.0, 12: 105444.0, 13: 781452.0, 14: 72.0, 15: 37980.0}
2026-06-04 21:12:31 [INFO] 分割成功
2026-06-04 21:12:31 [INFO] 引擎上下文已释放
2026-06-04 21:12:31 [INFO] TensorRT 引擎已释放
2026-06-04 21:12:31 [INFO] 全局 CUDA 资源已释放
2026-06-04 21:12:31 [INFO] 分割系统资源已释放
2026-06-04 21:12:34 [INFO] CUDA 初始化成功
2026-06-04 21:12:34 [INFO] 引擎加载成功: scrap_steel.engine
2026-06-04 21:12:34 [INFO] 分割系统初始化成功
2026-06-04 21:12:34 [INFO] 图像预处理完成，原始尺寸: (2160, 3840)
2026-06-04 21:12:34 [INFO] 开始执行分割...
2026-06-04 21:12:34 [DEBUG] 处理后的检测结果形状: (1, 8400, 6)
2026-06-04 21:12:34 [DEBUG] 示例检测结果: [[-4.10627747e+00 -3.21333647e+00  3.91579361e+01  1.50715752e+01
   4.07558574e-08  5.00000000e+00]
 [-6.53371048e+00 -2.99942112e+00  4.47752876e+01  2.96368179e+01
   9.97239624e-09  9.00000000e+00]
 [-3.58400726e+00 -3.45023727e+00  4.59989090e+01  3.04082909e+01
   4.62069316e-09  9.00000000e+00]]
2026-06-04 21:12:34 [DEBUG] 处理后检测输出形状: (0, 52)
2026-06-04 21:12:34 [DEBUG] 有效检测数量: 0
2026-06-04 21:12:34 [DEBUG] 检测输出为空
2026-06-04 21:12:34 [INFO] 掩码中检测到的类别: [0, 1, 2, 3, 4, 5, 6, 7, 8, 9, 10, 11, 12, 13, 14, 15]
2026-06-04 21:12:34 [INFO] 分割完成，检测到 0 个物体
2026-06-04 21:12:34 [INFO] 从分割掩码中提取检测结果
2026-06-04 21:12:35 [INFO] 从掩码中提取了 438 个检测框
2026-06-04 21:12:35 [INFO] 计算出的车框矩形边界: (1029, 619) to (3182, 1513)
2026-06-04 21:12:35 [INFO] 原始检测数: 438, 过滤后检测数: 201
2026-06-04 21:12:35 [INFO] 保存分割和检测结果到: C:\code\show\Scrap_Steel_In_Field\photos\segmentation\segment_20260604_211235.jpg
2026-06-04 21:12:35 [INFO] JSON结果保存到: C:\code\show\Scrap_Steel_In_Field\photos\segmentation_result.json
2026-06-04 21:12:35 [INFO] 类别统计：{0: 16, 1: 56, 2: 22, 3: 1, 4: 26, 5: 26, 6: 17, 7: 31, 8: 38, 9: 60, 10: 27, 11: 17, 12: 20, 13: 67, 14: 0, 15: 14}
2026-06-04 21:12:35 [INFO] 面积统计：{0: 3725568.0, 1: 646092.0, 2: 36468.0, 3: 138924.0, 4: 137736.0, 5: 47736.0, 6: 521352.0, 7: 46548.0, 8: 887544.0, 9: 201780.0, 10: 181656.0, 11: 333900.0, 12: 100476.0, 13: 749160.0, 14: 72.0, 15: 33768.0}
2026-06-04 21:12:35 [INFO] 分割成功
2026-06-04 21:12:35 [INFO] 引擎上下文已释放
2026-06-04 21:12:35 [INFO] TensorRT 引擎已释放
2026-06-04 21:12:35 [INFO] 全局 CUDA 资源已释放
2026-06-04 21:12:35 [INFO] 分割系统资源已释放
2026-06-04 21:12:39 [INFO] CUDA 初始化成功
2026-06-04 21:12:39 [INFO] 引擎加载成功: scrap_steel.engine
2026-06-04 21:12:39 [INFO] 分割系统初始化成功
2026-06-04 21:12:39 [INFO] 图像预处理完成，原始尺寸: (2160, 3840)
2026-06-04 21:12:39 [INFO] 开始执行分割...
2026-06-04 21:12:39 [DEBUG] 处理后的检测结果形状: (1, 8400, 6)
2026-06-04 21:12:39 [DEBUG] 示例检测结果: [[-4.10415268e+00 -3.24754477e+00  3.91465759e+01  1.51819401e+01
   4.01143261e-08  5.00000000e+00]
 [-6.49651718e+00 -3.02773666e+00  4.47825661e+01  2.97221260e+01
   9.85821913e-09  9.00000000e+00]
 [-3.58068085e+00 -3.49300194e+00  4.60298462e+01  3.05046520e+01
   4.58696547e-09  9.00000000e+00]]
2026-06-04 21:12:39 [DEBUG] 处理后检测输出形状: (0, 52)
2026-06-04 21:12:39 [DEBUG] 有效检测数量: 0
2026-06-04 21:12:39 [DEBUG] 检测输出为空
2026-06-04 21:12:39 [INFO] 掩码中检测到的类别: [0, 1, 2, 3, 4, 5, 6, 7, 8, 9, 10, 11, 12, 13, 14, 15]
2026-06-04 21:12:39 [INFO] 分割完成，检测到 0 个物体
2026-06-04 21:12:39 [INFO] 从分割掩码中提取检测结果
2026-06-04 21:12:40 [INFO] 从掩码中提取了 452 个检测框
2026-06-04 21:12:40 [INFO] 计算出的车框矩形边界: (1028, 617) to (3177, 1514)
2026-06-04 21:12:40 [INFO] 原始检测数: 452, 过滤后检测数: 209
2026-06-04 21:12:40 [INFO] 保存分割和检测结果到: C:\code\show\Scrap_Steel_In_Field\photos\segmentation\segment_20260604_211240.jpg
2026-06-04 21:12:40 [INFO] JSON结果保存到: C:\code\show\Scrap_Steel_In_Field\photos\segmentation_result.json
2026-06-04 21:12:40 [INFO] 类别统计：{0: 19, 1: 55, 2: 20, 3: 1, 4: 27, 5: 29, 6: 18, 7: 29, 8: 39, 9: 61, 10: 30, 11: 15, 12: 21, 13: 72, 14: 0, 15: 16}
2026-06-04 21:12:40 [INFO] 面积统计：{0: 3669624.0, 1: 603720.0, 2: 39636.0, 3: 137988.0, 4: 171036.0, 5: 53892.0, 6: 503388.0, 7: 50904.0, 8: 926460.0, 9: 187920.0, 10: 192384.0, 11: 336456.0, 12: 96552.0, 13: 781128.0, 14: 72.0, 15: 41328.0}
2026-06-04 21:12:40 [INFO] 分割成功
2026-06-04 21:12:40 [INFO] 引擎上下文已释放
2026-06-04 21:12:40 [INFO] TensorRT 引擎已释放
2026-06-04 21:12:40 [INFO] 全局 CUDA 资源已释放
2026-06-04 21:12:40 [INFO] 分割系统资源已释放
2026-06-04 21:12:44 [INFO] CUDA 初始化成功
2026-06-04 21:12:44 [INFO] 引擎加载成功: scrap_steel.engine
2026-06-04 21:12:44 [INFO] 分割系统初始化成功
2026-06-04 21:12:45 [INFO] 图像预处理完成，原始尺寸: (2160, 3840)
2026-06-04 21:12:45 [INFO] 开始执行分割...
2026-06-04 21:12:45 [DEBUG] 处理后的检测结果形状: (1, 8400, 6)
2026-06-04 21:12:45 [DEBUG] 示例检测结果: [[-4.11859131e+00 -3.24195671e+00  3.92354469e+01  1.51882343e+01
   3.98091977e-08  5.00000000e+00]
 [-6.55386353e+00 -3.03818607e+00  4.47335281e+01  2.97074242e+01
   9.78378978e-09  9.00000000e+00]
 [-3.56806564e+00 -3.45624924e+00  4.59631462e+01  3.03474655e+01
   4.58896920e-09  9.00000000e+00]]
2026-06-04 21:12:45 [DEBUG] 处理后检测输出形状: (0, 52)
2026-06-04 21:12:45 [DEBUG] 有效检测数量: 0
2026-06-04 21:12:45 [DEBUG] 检测输出为空
2026-06-04 21:12:45 [INFO] 掩码中检测到的类别: [0, 1, 2, 3, 4, 5, 6, 7, 8, 9, 10, 11, 12, 13, 14, 15]
2026-06-04 21:12:45 [INFO] 分割完成，检测到 0 个物体
2026-06-04 21:12:45 [INFO] 从分割掩码中提取检测结果
2026-06-04 21:12:46 [INFO] 从掩码中提取了 451 个检测框
2026-06-04 21:12:46 [INFO] 计算出的车框矩形边界: (1027, 619) to (3178, 1510)
2026-06-04 21:12:46 [INFO] 原始检测数: 451, 过滤后检测数: 198
2026-06-04 21:12:46 [INFO] 保存分割和检测结果到: C:\code\show\Scrap_Steel_In_Field\photos\segmentation\segment_20260604_211246.jpg
2026-06-04 21:12:46 [INFO] JSON结果保存到: C:\code\show\Scrap_Steel_In_Field\photos\segmentation_result.json
2026-06-04 21:12:46 [INFO] 类别统计：{0: 14, 1: 62, 2: 20, 3: 2, 4: 23, 5: 26, 6: 16, 7: 31, 8: 48, 9: 62, 10: 28, 11: 17, 12: 18, 13: 64, 14: 0, 15: 20}
2026-06-04 21:12:46 [INFO] 面积统计：{0: 3764340.0, 1: 625104.0, 2: 37476.0, 3: 136296.0, 4: 170784.0, 5: 50112.0, 6: 515016.0, 7: 45432.0, 8: 912168.0, 9: 185688.0, 10: 188244.0, 11: 339840.0, 12: 96696.0, 13: 795996.0, 14: 72.0, 15: 31104.0}
2026-06-04 21:12:46 [INFO] 分割成功
2026-06-04 21:12:46 [INFO] 引擎上下文已释放
2026-06-04 21:12:46 [INFO] TensorRT 引擎已释放
2026-06-04 21:12:46 [INFO] 全局 CUDA 资源已释放
2026-06-04 21:12:46 [INFO] 分割系统资源已释放
2026-06-04 21:12:50 [INFO] CUDA 初始化成功
2026-06-04 21:12:50 [INFO] 引擎加载成功: scrap_steel.engine
2026-06-04 21:12:50 [INFO] 分割系统初始化成功
2026-06-04 21:12:50 [INFO] 图像预处理完成，原始尺寸: (2160, 3840)
2026-06-04 21:12:50 [INFO] 开始执行分割...
2026-06-04 21:12:50 [DEBUG] 处理后的检测结果形状: (1, 8400, 6)
2026-06-04 21:12:50 [DEBUG] 示例检测结果: [[-4.14868546e+00 -3.25440073e+00  3.92469406e+01  1.52530689e+01
   4.01143261e-08  5.00000000e+00]
 [-6.55585098e+00 -3.06283665e+00  4.46480370e+01  2.97423172e+01
   9.82228698e-09  9.00000000e+00]
 [-3.55843735e+00 -3.47953415e+00  4.59171562e+01  3.04126511e+01
   4.55323779e-09  9.00000000e+00]]
2026-06-04 21:12:50 [DEBUG] 处理后检测输出形状: (0, 52)
2026-06-04 21:12:50 [DEBUG] 有效检测数量: 0
2026-06-04 21:12:50 [DEBUG] 检测输出为空
2026-06-04 21:12:50 [INFO] 掩码中检测到的类别: [0, 1, 2, 3, 4, 5, 6, 7, 8, 9, 10, 11, 12, 13, 14, 15]
2026-06-04 21:12:50 [INFO] 分割完成，检测到 0 个物体
2026-06-04 21:12:50 [INFO] 从分割掩码中提取检测结果
2026-06-04 21:12:50 [INFO] 从掩码中提取了 419 个检测框
2026-06-04 21:12:50 [INFO] 计算出的车框矩形边界: (1027, 618) to (3175, 1519)
2026-06-04 21:12:50 [INFO] 原始检测数: 419, 过滤后检测数: 190
2026-06-04 21:12:51 [INFO] 保存分割和检测结果到: C:\code\show\Scrap_Steel_In_Field\photos\segmentation\segment_20260604_211250.jpg
2026-06-04 21:12:51 [INFO] JSON结果保存到: C:\code\show\Scrap_Steel_In_Field\photos\segmentation_result.json
2026-06-04 21:12:51 [INFO] 类别统计：{0: 17, 1: 50, 2: 21, 3: 2, 4: 22, 5: 31, 6: 14, 7: 28, 8: 40, 9: 53, 10: 27, 11: 15, 12: 21, 13: 62, 14: 0, 15: 16}
2026-06-04 21:12:51 [INFO] 面积统计：{0: 3575628.0, 1: 661068.0, 2: 29916.0, 3: 141984.0, 4: 191592.0, 5: 50580.0, 6: 528408.0, 7: 44784.0, 8: 941364.0, 9: 182916.0, 10: 183492.0, 11: 344232.0, 12: 92808.0, 13: 778968.0, 14: 36.0, 15: 33156.0}
2026-06-04 21:12:51 [INFO] 分割成功
2026-06-04 21:12:51 [INFO] 引擎上下文已释放
2026-06-04 21:12:51 [INFO] TensorRT 引擎已释放
2026-06-04 21:12:51 [INFO] 全局 CUDA 资源已释放
2026-06-04 21:12:51 [INFO] 分割系统资源已释放
2026-06-04 21:12:55 [INFO] CUDA 初始化成功
2026-06-04 21:12:55 [INFO] 引擎加载成功: scrap_steel.engine
2026-06-04 21:12:55 [INFO] 分割系统初始化成功
2026-06-04 21:12:55 [INFO] 图像预处理完成，原始尺寸: (2160, 3840)
2026-06-04 21:12:55 [INFO] 开始执行分割...
2026-06-04 21:12:55 [DEBUG] 处理后的检测结果形状: (1, 8400, 6)
2026-06-04 21:12:55 [DEBUG] 示例检测结果: [[-4.10233307e+00 -3.22515011e+00  3.90883408e+01  1.51019773e+01
   4.10703969e-08  5.00000000e+00]
 [-6.52427292e+00 -3.01186943e+00  4.47515907e+01  2.96624241e+01
   1.00113198e-08  9.00000000e+00]
 [-3.57749176e+00 -3.46440220e+00  4.60126648e+01  3.04427490e+01
   4.65442085e-09  9.00000000e+00]]
2026-06-04 21:12:55 [DEBUG] 处理后检测输出形状: (0, 52)
2026-06-04 21:12:55 [DEBUG] 有效检测数量: 0
2026-06-04 21:12:55 [DEBUG] 检测输出为空
2026-06-04 21:12:55 [INFO] 掩码中检测到的类别: [0, 1, 2, 3, 4, 5, 6, 7, 8, 9, 10, 11, 12, 13, 14, 15]
2026-06-04 21:12:55 [INFO] 分割完成，检测到 0 个物体
2026-06-04 21:12:55 [INFO] 从分割掩码中提取检测结果
2026-06-04 21:12:56 [INFO] 从掩码中提取了 448 个检测框
2026-06-04 21:12:56 [INFO] 计算出的车框矩形边界: (1028, 619) to (3178, 1510)
2026-06-04 21:12:56 [INFO] 原始检测数: 448, 过滤后检测数: 199
2026-06-04 21:12:56 [INFO] 保存分割和检测结果到: C:\code\show\Scrap_Steel_In_Field\photos\segmentation\segment_20260604_211256.jpg
2026-06-04 21:12:56 [INFO] JSON结果保存到: C:\code\show\Scrap_Steel_In_Field\photos\segmentation_result.json
2026-06-04 21:12:56 [INFO] 类别统计：{0: 13, 1: 57, 2: 22, 3: 3, 4: 30, 5: 25, 6: 18, 7: 28, 8: 48, 9: 52, 10: 25, 11: 14, 12: 21, 13: 73, 14: 0, 15: 19}
2026-06-04 21:12:56 [INFO] 面积统计：{0: 3709548.0, 1: 612072.0, 2: 37296.0, 3: 136404.0, 4: 187380.0, 5: 47268.0, 6: 518076.0, 7: 41220.0, 8: 929304.0, 9: 190944.0, 10: 193140.0, 11: 338832.0, 12: 105444.0, 13: 731664.0, 14: 36.0, 15: 39852.0}
2026-06-04 21:12:56 [INFO] 分割成功
2026-06-04 21:12:56 [INFO] 引擎上下文已释放
2026-06-04 21:12:56 [INFO] TensorRT 引擎已释放
2026-06-04 21:12:56 [INFO] 全局 CUDA 资源已释放
2026-06-04 21:12:56 [INFO] 分割系统资源已释放
2026-06-04 21:13:01 [INFO] CUDA 初始化成功
2026-06-04 21:13:01 [INFO] 引擎加载成功: scrap_steel.engine
2026-06-04 21:13:01 [INFO] 分割系统初始化成功
2026-06-04 21:13:01 [INFO] 图像预处理完成，原始尺寸: (2160, 3840)
2026-06-04 21:13:01 [INFO] 开始执行分割...
2026-06-04 21:13:01 [DEBUG] 处理后的检测结果形状: (1, 8400, 6)
2026-06-04 21:13:01 [DEBUG] 示例检测结果: [[-4.11727905e+00 -3.26128101e+00  3.92785683e+01  1.52915087e+01
   4.07558574e-08  5.00000000e+00]
 [-6.49315262e+00 -3.05072784e+00  4.47678146e+01  2.97656288e+01
   9.70675984e-09  9.00000000e+00]
 [-3.55930328e+00 -3.48062515e+00  4.59652481e+01  3.04748840e+01
   4.51618121e-09  9.00000000e+00]]
2026-06-04 21:13:01 [DEBUG] 处理后检测输出形状: (0, 52)
2026-06-04 21:13:01 [DEBUG] 有效检测数量: 0
2026-06-04 21:13:01 [DEBUG] 检测输出为空
2026-06-04 21:13:01 [INFO] 掩码中检测到的类别: [0, 1, 2, 3, 4, 5, 6, 7, 8, 9, 10, 11, 12, 13, 14, 15]
2026-06-04 21:13:01 [INFO] 分割完成，检测到 0 个物体
2026-06-04 21:13:01 [INFO] 从分割掩码中提取检测结果
2026-06-04 21:13:01 [INFO] 从掩码中提取了 469 个检测框
2026-06-04 21:13:01 [INFO] 计算出的车框矩形边界: (1027, 617) to (3178, 1510)
2026-06-04 21:13:01 [INFO] 原始检测数: 469, 过滤后检测数: 217
2026-06-04 21:13:02 [INFO] 保存分割和检测结果到: C:\code\show\Scrap_Steel_In_Field\photos\segmentation\segment_20260604_211301.jpg
2026-06-04 21:13:02 [INFO] JSON结果保存到: C:\code\show\Scrap_Steel_In_Field\photos\segmentation_result.json
2026-06-04 21:13:02 [INFO] 类别统计：{0: 43, 1: 49, 2: 20, 3: 4, 4: 23, 5: 32, 6: 18, 7: 29, 8: 39, 9: 56, 10: 26, 11: 17, 12: 20, 13: 78, 14: 0, 15: 15}
2026-06-04 21:13:02 [INFO] 面积统计：{0: 3699828.0, 1: 636084.0, 2: 34704.0, 3: 139104.0, 4: 168732.0, 5: 48744.0, 6: 510192.0, 7: 43092.0, 8: 911736.0, 9: 205668.0, 10: 187740.0, 11: 321768.0, 12: 97200.0, 13: 757728.0, 14: 72.0, 15: 38304.0}
2026-06-04 21:13:02 [INFO] 分割成功
2026-06-04 21:13:02 [INFO] 引擎上下文已释放
2026-06-04 21:13:02 [INFO] TensorRT 引擎已释放
2026-06-04 21:13:02 [INFO] 全局 CUDA 资源已释放
2026-06-04 21:13:02 [INFO] 分割系统资源已释放
2026-06-04 21:13:05 [INFO] CUDA 初始化成功
2026-06-04 21:13:05 [INFO] 引擎加载成功: scrap_steel.engine
2026-06-04 21:13:05 [INFO] 分割系统初始化成功
2026-06-04 21:13:06 [INFO] 图像预处理完成，原始尺寸: (2160, 3840)
2026-06-04 21:13:06 [INFO] 开始执行分割...
2026-06-04 21:13:06 [DEBUG] 处理后的检测结果形状: (1, 8400, 6)
2026-06-04 21:13:06 [DEBUG] 示例检测结果: [[-4.09588623e+00 -3.27047634e+00  3.91634369e+01  1.52496099e+01
   4.01143261e-08  5.00000000e+00]
 [-6.54871750e+00 -3.06048203e+00  4.45503654e+01  2.95748520e+01
   9.74575087e-09  9.00000000e+00]
 [-3.58535767e+00 -3.51148891e+00  4.59002991e+01  3.02421646e+01
   4.48451942e-09  9.00000000e+00]]
2026-06-04 21:13:06 [DEBUG] 处理后检测输出形状: (0, 52)
2026-06-04 21:13:06 [DEBUG] 有效检测数量: 0
2026-06-04 21:13:06 [DEBUG] 检测输出为空
2026-06-04 21:13:06 [INFO] 掩码中检测到的类别: [0, 1, 2, 3, 4, 5, 6, 7, 8, 9, 10, 11, 12, 13, 14, 15]
2026-06-04 21:13:06 [INFO] 分割完成，检测到 0 个物体
2026-06-04 21:13:06 [INFO] 从分割掩码中提取检测结果
2026-06-04 21:13:06 [INFO] 从掩码中提取了 453 个检测框
2026-06-04 21:13:06 [INFO] 计算出的车框矩形边界: (1027, 617) to (3178, 1512)
2026-06-04 21:13:06 [INFO] 原始检测数: 453, 过滤后检测数: 218
2026-06-04 21:13:07 [INFO] 保存分割和检测结果到: C:\code\show\Scrap_Steel_In_Field\photos\segmentation\segment_20260604_211306.jpg
2026-06-04 21:13:07 [INFO] JSON结果保存到: C:\code\show\Scrap_Steel_In_Field\photos\segmentation_result.json
2026-06-04 21:13:07 [INFO] 类别统计：{0: 34, 1: 58, 2: 22, 3: 2, 4: 25, 5: 27, 6: 19, 7: 23, 8: 41, 9: 54, 10: 27, 11: 21, 12: 21, 13: 64, 14: 0, 15: 15}
2026-06-04 21:13:07 [INFO] 面积统计：{0: 3742308.0, 1: 604296.0, 2: 34920.0, 3: 135360.0, 4: 180900.0, 5: 47160.0, 6: 502272.0, 7: 51624.0, 8: 952560.0, 9: 190332.0, 10: 187704.0, 11: 337176.0, 12: 86148.0, 13: 735372.0, 14: 36.0, 15: 36360.0}
2026-06-04 21:13:07 [INFO] 分割成功
2026-06-04 21:13:07 [INFO] 引擎上下文已释放
2026-06-04 21:13:07 [INFO] TensorRT 引擎已释放
2026-06-04 21:13:07 [INFO] 全局 CUDA 资源已释放
2026-06-04 21:13:07 [INFO] 分割系统资源已释放
2026-06-04 21:13:11 [INFO] CUDA 初始化成功
2026-06-04 21:13:11 [INFO] 引擎加载成功: scrap_steel.engine
2026-06-04 21:13:11 [INFO] 分割系统初始化成功
2026-06-04 21:13:11 [INFO] 图像预处理完成，原始尺寸: (2160, 3840)
2026-06-04 21:13:11 [INFO] 开始执行分割...
2026-06-04 21:13:11 [DEBUG] 处理后的检测结果形状: (1, 8400, 6)
2026-06-04 21:13:11 [DEBUG] 示例检测结果: [[-4.11765671e+00 -3.23781300e+00  3.91351395e+01  1.51770468e+01
   4.01143261e-08  5.00000000e+00]
 [-6.52513885e+00 -3.02860355e+00  4.47356071e+01  2.96689682e+01
   9.78296555e-09  9.00000000e+00]
 [-3.56486511e+00 -3.44031906e+00  4.59624939e+01  3.03794975e+01
   4.60484273e-09  9.00000000e+00]]
2026-06-04 21:13:11 [DEBUG] 处理后检测输出形状: (0, 52)
2026-06-04 21:13:11 [DEBUG] 有效检测数量: 0
2026-06-04 21:13:11 [DEBUG] 检测输出为空
2026-06-04 21:13:11 [INFO] 掩码中检测到的类别: [0, 1, 2, 3, 4, 5, 6, 7, 8, 9, 10, 11, 12, 13, 14, 15]
2026-06-04 21:13:11 [INFO] 分割完成，检测到 0 个物体
2026-06-04 21:13:11 [INFO] 从分割掩码中提取检测结果
2026-06-04 21:13:11 [INFO] 从掩码中提取了 443 个检测框
2026-06-04 21:13:11 [INFO] 计算出的车框矩形边界: (1027, 618) to (3175, 1519)
2026-06-04 21:13:11 [INFO] 原始检测数: 443, 过滤后检测数: 206
2026-06-04 21:13:12 [INFO] 保存分割和检测结果到: C:\code\show\Scrap_Steel_In_Field\photos\segmentation\segment_20260604_211311.jpg
2026-06-04 21:13:12 [INFO] JSON结果保存到: C:\code\show\Scrap_Steel_In_Field\photos\segmentation_result.json
2026-06-04 21:13:12 [INFO] 类别统计：{0: 36, 1: 52, 2: 22, 3: 1, 4: 25, 5: 24, 6: 16, 7: 25, 8: 41, 9: 56, 10: 24, 11: 16, 12: 17, 13: 70, 14: 0, 15: 18}
2026-06-04 21:13:12 [INFO] 面积统计：{0: 3758580.0, 1: 642636.0, 2: 32544.0, 3: 133848.0, 4: 178524.0, 5: 41688.0, 6: 519588.0, 7: 47628.0, 8: 926460.0, 9: 190656.0, 10: 197532.0, 11: 331524.0, 12: 86616.0, 13: 758844.0, 14: 72.0, 15: 33984.0}
2026-06-04 21:13:12 [INFO] 分割成功
2026-06-04 21:13:12 [INFO] 引擎上下文已释放
2026-06-04 21:13:12 [INFO] TensorRT 引擎已释放
2026-06-04 21:13:12 [INFO] 全局 CUDA 资源已释放
2026-06-04 21:13:12 [INFO] 分割系统资源已释放
2026-06-04 21:13:16 [INFO] CUDA 初始化成功
2026-06-04 21:13:16 [INFO] 引擎加载成功: scrap_steel.engine
2026-06-04 21:13:16 [INFO] 分割系统初始化成功
2026-06-04 21:13:16 [INFO] 图像预处理完成，原始尺寸: (2160, 3840)
2026-06-04 21:13:16 [INFO] 开始执行分割...
2026-06-04 21:13:16 [DEBUG] 处理后的检测结果形状: (1, 8400, 6)
2026-06-04 21:13:16 [DEBUG] 示例检测结果: [[-4.12388992e+00 -3.25996780e+00  3.91868629e+01  1.52965813e+01
   4.04278424e-08  5.00000000e+00]
 [-6.53160858e+00 -3.03751278e+00  4.46781921e+01  2.96536636e+01
   9.86078419e-09  9.00000000e+00]
 [-3.55666351e+00 -3.45325470e+00  4.59459534e+01  3.03375816e+01
   4.57259119e-09  9.00000000e+00]]
2026-06-04 21:13:16 [DEBUG] 处理后检测输出形状: (0, 52)
2026-06-04 21:13:16 [DEBUG] 有效检测数量: 0
2026-06-04 21:13:16 [DEBUG] 检测输出为空
2026-06-04 21:13:16 [INFO] 掩码中检测到的类别: [0, 1, 2, 3, 4, 5, 6, 7, 8, 9, 10, 11, 12, 13, 14, 15]
2026-06-04 21:13:16 [INFO] 分割完成，检测到 0 个物体
2026-06-04 21:13:16 [INFO] 从分割掩码中提取检测结果
2026-06-04 21:13:16 [INFO] 从掩码中提取了 435 个检测框
2026-06-04 21:13:16 [INFO] 计算出的车框矩形边界: (1027, 618) to (3175, 1519)
2026-06-04 21:13:16 [INFO] 原始检测数: 435, 过滤后检测数: 198
2026-06-04 21:13:17 [INFO] 保存分割和检测结果到: C:\code\show\Scrap_Steel_In_Field\photos\segmentation\segment_20260604_211316.jpg
2026-06-04 21:13:17 [INFO] JSON结果保存到: C:\code\show\Scrap_Steel_In_Field\photos\segmentation_result.json
2026-06-04 21:13:17 [INFO] 类别统计：{0: 17, 1: 59, 2: 20, 3: 1, 4: 35, 5: 25, 6: 18, 7: 27, 8: 38, 9: 55, 10: 24, 11: 16, 12: 16, 13: 63, 14: 0, 15: 21}
2026-06-04 21:13:17 [INFO] 面积统计：{0: 3720204.0, 1: 604404.0, 2: 35532.0, 3: 139572.0, 4: 177876.0, 5: 48204.0, 6: 525852.0, 7: 48240.0, 8: 923400.0, 9: 190584.0, 10: 194868.0, 11: 328788.0, 12: 89136.0, 13: 784692.0, 14: 72.0, 15: 34740.0}
2026-06-04 21:13:17 [INFO] 分割成功
2026-06-04 21:13:17 [INFO] 引擎上下文已释放
2026-06-04 21:13:17 [INFO] TensorRT 引擎已释放
2026-06-04 21:13:17 [INFO] 全局 CUDA 资源已释放
2026-06-04 21:13:17 [INFO] 分割系统资源已释放
2026-06-04 21:13:21 [INFO] CUDA 初始化成功
2026-06-04 21:13:21 [INFO] 引擎加载成功: scrap_steel.engine
2026-06-04 21:13:21 [INFO] 分割系统初始化成功
2026-06-04 21:13:21 [INFO] 图像预处理完成，原始尺寸: (2160, 3840)
2026-06-04 21:13:21 [INFO] 开始执行分割...
2026-06-04 21:13:21 [DEBUG] 处理后的检测结果形状: (1, 8400, 6)
2026-06-04 21:13:21 [DEBUG] 示例检测结果: [[-4.14892197e+00 -3.26871490e+00  3.91802635e+01  1.53546543e+01
   4.01143261e-08  5.00000000e+00]
 [-6.56267548e+00 -3.06173229e+00  4.46860046e+01  2.97848396e+01
   9.82129933e-09  9.00000000e+00]
 [-3.59883881e+00 -3.49374104e+00  4.59690018e+01  3.04542809e+01
   4.55145255e-09  9.00000000e+00]]
2026-06-04 21:13:21 [DEBUG] 处理后检测输出形状: (0, 52)
2026-06-04 21:13:21 [DEBUG] 有效检测数量: 0
2026-06-04 21:13:21 [DEBUG] 检测输出为空
2026-06-04 21:13:21 [INFO] 掩码中检测到的类别: [0, 1, 2, 3, 4, 5, 6, 7, 8, 9, 10, 11, 12, 13, 14, 15]
2026-06-04 21:13:21 [INFO] 分割完成，检测到 0 个物体
2026-06-04 21:13:21 [INFO] 从分割掩码中提取检测结果
2026-06-04 21:13:22 [INFO] 从掩码中提取了 448 个检测框
2026-06-04 21:13:22 [INFO] 计算出的车框矩形边界: (1028, 618) to (3178, 1511)
2026-06-04 21:13:22 [INFO] 原始检测数: 448, 过滤后检测数: 206
2026-06-04 21:13:22 [INFO] 保存分割和检测结果到: C:\code\show\Scrap_Steel_In_Field\photos\segmentation\segment_20260604_211322.jpg
2026-06-04 21:13:22 [INFO] JSON结果保存到: C:\code\show\Scrap_Steel_In_Field\photos\segmentation_result.json
2026-06-04 21:13:22 [INFO] 类别统计：{0: 37, 1: 55, 2: 20, 3: 2, 4: 25, 5: 25, 6: 16, 7: 24, 8: 42, 9: 55, 10: 27, 11: 15, 12: 20, 13: 66, 14: 0, 15: 19}
2026-06-04 21:13:22 [INFO] 面积统计：{0: 3790332.0, 1: 638352.0, 2: 36540.0, 3: 138168.0, 4: 147924.0, 5: 41616.0, 6: 508680.0, 7: 46656.0, 8: 922140.0, 9: 205740.0, 10: 192600.0, 11: 331668.0, 12: 90000.0, 13: 764244.0, 14: 36.0, 15: 32832.0}
2026-06-04 21:13:22 [INFO] 分割成功
2026-06-04 21:13:22 [INFO] 引擎上下文已释放
2026-06-04 21:13:22 [INFO] TensorRT 引擎已释放
2026-06-04 21:13:22 [INFO] 全局 CUDA 资源已释放
2026-06-04 21:13:22 [INFO] 分割系统资源已释放
2026-06-04 21:13:26 [INFO] CUDA 初始化成功
2026-06-04 21:13:26 [INFO] 引擎加载成功: scrap_steel.engine
2026-06-04 21:13:26 [INFO] 分割系统初始化成功
2026-06-04 21:13:26 [INFO] 图像预处理完成，原始尺寸: (2160, 3840)
2026-06-04 21:13:26 [INFO] 开始执行分割...
2026-06-04 21:13:26 [DEBUG] 处理后的检测结果形状: (1, 8400, 6)
2026-06-04 21:13:26 [DEBUG] 示例检测结果: [[-4.11645126e+00 -3.22884750e+00  3.92542000e+01  1.51149712e+01
   4.04397973e-08  5.00000000e+00]
 [-6.56180191e+00 -3.01405621e+00  4.47990685e+01  2.96453819e+01
   9.93347271e-09  9.00000000e+00]
 [-3.59571457e+00 -3.42711353e+00  4.59900780e+01  3.03479271e+01
   4.60049066e-09  9.00000000e+00]]
2026-06-04 21:13:26 [DEBUG] 处理后检测输出形状: (0, 52)
2026-06-04 21:13:26 [DEBUG] 有效检测数量: 0
2026-06-04 21:13:26 [DEBUG] 检测输出为空
2026-06-04 21:13:26 [INFO] 掩码中检测到的类别: [0, 1, 2, 3, 4, 5, 6, 7, 8, 9, 10, 11, 12, 13, 14, 15]
2026-06-04 21:13:26 [INFO] 分割完成，检测到 0 个物体
2026-06-04 21:13:26 [INFO] 从分割掩码中提取检测结果
2026-06-04 21:13:27 [INFO] 从掩码中提取了 447 个检测框
2026-06-04 21:13:27 [INFO] 计算出的车框矩形边界: (1027, 618) to (3178, 1513)
2026-06-04 21:13:27 [INFO] 原始检测数: 447, 过滤后检测数: 214
2026-06-04 21:13:27 [INFO] 保存分割和检测结果到: C:\code\show\Scrap_Steel_In_Field\photos\segmentation\segment_20260604_211327.jpg
2026-06-04 21:13:27 [INFO] JSON结果保存到: C:\code\show\Scrap_Steel_In_Field\photos\segmentation_result.json
2026-06-04 21:13:27 [INFO] 类别统计：{0: 37, 1: 54, 2: 21, 3: 2, 4: 27, 5: 32, 6: 15, 7: 27, 8: 44, 9: 50, 10: 26, 11: 16, 12: 18, 13: 60, 14: 0, 15: 18}
2026-06-04 21:13:27 [INFO] 面积统计：{0: 3652992.0, 1: 592380.0, 2: 31104.0, 3: 138204.0, 4: 172224.0, 5: 45504.0, 6: 525240.0, 7: 52200.0, 8: 917964.0, 9: 194724.0, 10: 193140.0, 11: 347184.0, 12: 94572.0, 13: 787032.0, 14: 72.0, 15: 37692.0}
2026-06-04 21:13:27 [INFO] 分割成功
2026-06-04 21:13:27 [INFO] 引擎上下文已释放
2026-06-04 21:13:27 [INFO] TensorRT 引擎已释放
2026-06-04 21:13:27 [INFO] 全局 CUDA 资源已释放
2026-06-04 21:13:27 [INFO] 分割系统资源已释放
2026-06-04 21:13:31 [INFO] CUDA 初始化成功
2026-06-04 21:13:31 [INFO] 引擎加载成功: scrap_steel.engine
2026-06-04 21:13:31 [INFO] 分割系统初始化成功
2026-06-04 21:13:32 [INFO] 图像预处理完成，原始尺寸: (2160, 3840)
2026-06-04 21:13:32 [INFO] 开始执行分割...
2026-06-04 21:13:32 [DEBUG] 处理后的检测结果形状: (1, 8400, 6)
2026-06-04 21:13:32 [DEBUG] 示例检测结果: [[-4.12354279e+00 -3.24671555e+00  3.90209122e+01  1.51882153e+01
   3.90263502e-08  5.00000000e+00]
 [-6.53864670e+00 -3.03530788e+00  4.46788521e+01  2.96147499e+01
   9.68903890e-09  9.00000000e+00]
 [-3.57566071e+00 -3.46519184e+00  4.58988495e+01  3.03080711e+01
   4.52098448e-09  9.00000000e+00]]
2026-06-04 21:13:32 [DEBUG] 处理后检测输出形状: (0, 52)
2026-06-04 21:13:32 [DEBUG] 有效检测数量: 0
2026-06-04 21:13:32 [DEBUG] 检测输出为空
2026-06-04 21:13:32 [INFO] 掩码中检测到的类别: [0, 1, 2, 3, 4, 5, 6, 7, 8, 9, 10, 11, 12, 13, 14, 15]
2026-06-04 21:13:32 [INFO] 分割完成，检测到 0 个物体
2026-06-04 21:13:32 [INFO] 从分割掩码中提取检测结果
2026-06-04 21:13:32 [INFO] 从掩码中提取了 424 个检测框
2026-06-04 21:13:32 [INFO] 计算出的车框矩形边界: (1029, 618) to (3178, 1510)
2026-06-04 21:13:32 [INFO] 原始检测数: 424, 过滤后检测数: 185
2026-06-04 21:13:33 [INFO] 保存分割和检测结果到: C:\code\show\Scrap_Steel_In_Field\photos\segmentation\segment_20260604_211332.jpg
2026-06-04 21:13:33 [INFO] JSON结果保存到: C:\code\show\Scrap_Steel_In_Field\photos\segmentation_result.json
2026-06-04 21:13:33 [INFO] 类别统计：{0: 14, 1: 53, 2: 21, 3: 3, 4: 28, 5: 28, 6: 12, 7: 30, 8: 41, 9: 52, 10: 24, 11: 15, 12: 20, 13: 64, 14: 0, 15: 19}
2026-06-04 21:13:33 [INFO] 面积统计：{0: 3702132.0, 1: 610128.0, 2: 31860.0, 3: 137088.0, 4: 166608.0, 5: 45540.0, 6: 514404.0, 7: 45072.0, 8: 926136.0, 9: 185796.0, 10: 192024.0, 11: 336672.0, 12: 96624.0, 13: 787068.0, 14: 72.0, 15: 32400.0}
2026-06-04 21:13:33 [INFO] 分割成功
2026-06-04 21:13:33 [INFO] 引擎上下文已释放
2026-06-04 21:13:33 [INFO] TensorRT 引擎已释放
2026-06-04 21:13:33 [INFO] 全局 CUDA 资源已释放
2026-06-04 21:13:33 [INFO] 分割系统资源已释放
