2026-05-21 16:17:48 [INFO] CUDA 初始化成功
2026-05-21 16:17:48 [INFO] 引擎加载成功: scrap_steel.engine
2026-05-21 16:17:48 [INFO] 分割系统初始化成功
2026-05-21 16:17:51 [INFO] 引擎加载成功: scrap_steel.engine
2026-05-21 16:17:51 [INFO] 分割系统初始化成功
2026-05-21 16:17:51 [INFO] 图像预处理完成，原始尺寸: (2160, 3840)
2026-05-21 16:17:51 [INFO] 开始执行分割...
2026-05-21 16:17:51 [ERROR] 推理过程发生异常: explicit_context_dependent failed: invalid device context - no currently active context?
2026-05-21 16:17:51 [INFO] 分割完成，检测到 0 个物体
2026-05-21 16:17:51 [ERROR] 分割失败: 未能生成有效的分割掩码
2026-05-21 16:17:51 [INFO] 引擎上下文已释放
2026-05-21 16:17:51 [INFO] TensorRT 引擎已释放
2026-05-21 16:17:51 [INFO] 全局 CUDA 资源已释放
2026-05-21 16:17:51 [INFO] 分割系统资源已释放
2026-05-21 16:17:56 [INFO] CUDA 初始化成功
2026-05-21 16:17:56 [INFO] 引擎加载成功: scrap_steel.engine
2026-05-21 16:17:56 [INFO] 分割系统初始化成功
2026-05-21 16:17:56 [INFO] 图像预处理完成，原始尺寸: (2160, 3840)
2026-05-21 16:17:56 [INFO] 开始执行分割...
2026-05-21 16:17:56 [DEBUG] 处理后的检测结果形状: (1, 8400, 6)
2026-05-21 16:17:56 [DEBUG] 示例检测结果: [[-4.10278702e+00 -3.31062174e+00  3.88330498e+01  1.57684383e+01
   4.13824033e-08  5.00000000e+00]
 [-6.32568359e+00 -3.06686115e+00  4.39487877e+01  2.99149780e+01
   9.28080812e-09  9.00000000e+00]
 [-3.59753799e+00 -3.59221458e+00  4.55037727e+01  3.03751545e+01
   4.00919120e-09  9.00000000e+00]]
2026-05-21 16:17:56 [DEBUG] 处理后检测输出形状: (0, 52)
2026-05-21 16:17:56 [DEBUG] 有效检测数量: 0
2026-05-21 16:17:56 [DEBUG] 检测输出为空
2026-05-21 16:17:56 [INFO] 掩码中检测到的类别: [0, 1, 2, 3, 4, 5, 6, 7, 8, 9, 10, 11, 12, 13, 15]
2026-05-21 16:17:56 [INFO] 分割完成，检测到 0 个物体
2026-05-21 16:17:56 [INFO] 从分割掩码中提取检测结果
2026-05-21 16:17:56 [INFO] 从掩码中提取了 435 个检测框
2026-05-21 16:17:56 [INFO] 检测到车兜区域，将过滤区域外的目标
2026-05-21 16:17:56 [INFO] 车兜区域过滤: 435 -> 172 个目标
2026-05-21 16:17:57 [INFO] 保存分割和检测结果到: C:\code\show\Scrap_Steel_In_Field\photos\segmentation\segment_20260521_161756.jpg
2026-05-21 16:17:57 [INFO] JSON结果保存到: C:\code\show\Scrap_Steel_In_Field\photos\segmentation_result.json
2026-05-21 16:17:57 [INFO] 类别统计：{0: 1, 1: 28, 2: 16, 3: 1, 4: 10, 5: 16, 6: 19, 7: 16, 8: 12, 9: 17, 10: 8, 11: 2, 12: 4, 13: 16, 14: 0, 15: 6}
2026-05-21 16:17:57 [INFO] 面积统计：{1: np.float64(42.5), 2: np.float64(3.21), 3: np.float64(0.08), 4: np.float64(2.36), 5: np.float64(9.5), 6: np.float64(6.57), 7: np.float64(2.24), 8: np.float64(1.32), 9: np.float64(5.32), 10: np.float64(9.84), 11: np.float64(0.19), 12: np.float64(13.2), 13: np.float64(2.38), 15: np.float64(1.29)}
2026-05-21 16:17:57 [INFO] 分割成功
2026-05-21 16:17:57 [INFO] 引擎上下文已释放
2026-05-21 16:17:57 [INFO] TensorRT 引擎已释放
2026-05-21 16:17:57 [INFO] 全局 CUDA 资源已释放
2026-05-21 16:17:57 [INFO] 分割系统资源已释放
2026-05-21 16:18:01 [INFO] CUDA 初始化成功
2026-05-21 16:18:01 [INFO] 引擎加载成功: scrap_steel.engine
2026-05-21 16:18:01 [INFO] 分割系统初始化成功
2026-05-21 16:18:01 [INFO] 图像预处理完成，原始尺寸: (2160, 3840)
2026-05-21 16:18:01 [INFO] 开始执行分割...
2026-05-21 16:18:01 [DEBUG] 处理后的检测结果形状: (1, 8400, 6)
2026-05-21 16:18:01 [DEBUG] 示例检测结果: [[-4.04534149e+00 -3.26903248e+00  3.88689270e+01  1.55641012e+01
   4.10676293e-08  5.00000000e+00]
 [-6.29782486e+00 -3.03436089e+00  4.39740028e+01  2.97517872e+01
   9.35319822e-09  9.00000000e+00]
 [-3.58639526e+00 -3.54168510e+00  4.55093918e+01  3.02872295e+01
   4.07198275e-09  9.00000000e+00]]
2026-05-21 16:18:01 [DEBUG] 处理后检测输出形状: (0, 52)
2026-05-21 16:18:01 [DEBUG] 有效检测数量: 0
2026-05-21 16:18:01 [DEBUG] 检测输出为空
2026-05-21 16:18:01 [INFO] 掩码中检测到的类别: [0, 1, 2, 3, 4, 5, 6, 7, 8, 9, 10, 11, 12, 13, 15]
2026-05-21 16:18:01 [INFO] 分割完成，检测到 0 个物体
2026-05-21 16:18:01 [INFO] 从分割掩码中提取检测结果
2026-05-21 16:18:01 [INFO] 从掩码中提取了 460 个检测框
2026-05-21 16:18:01 [INFO] 检测到车兜区域，将过滤区域外的目标
2026-05-21 16:18:01 [INFO] 车兜区域过滤: 460 -> 179 个目标
2026-05-21 16:18:02 [INFO] 保存分割和检测结果到: C:\code\show\Scrap_Steel_In_Field\photos\segmentation\segment_20260521_161801.jpg
2026-05-21 16:18:02 [INFO] JSON结果保存到: C:\code\show\Scrap_Steel_In_Field\photos\segmentation_result.json
2026-05-21 16:18:02 [INFO] 类别统计：{0: 10, 1: 23, 2: 17, 3: 0, 4: 9, 5: 16, 6: 22, 7: 14, 8: 12, 9: 17, 10: 12, 11: 3, 12: 6, 13: 14, 14: 0, 15: 4}
2026-05-21 16:18:02 [INFO] 面积统计：{1: np.float64(43.7), 2: np.float64(3.09), 3: np.float64(0.0), 4: np.float64(2.06), 5: np.float64(9.38), 6: np.float64(6.14), 7: np.float64(2.14), 8: np.float64(1.44), 9: np.float64(7.51), 10: np.float64(9.01), 11: np.float64(0.2), 12: np.float64(12.32), 13: np.float64(1.99), 15: np.float64(1.04)}
2026-05-21 16:18:02 [INFO] 分割成功
2026-05-21 16:18:02 [INFO] 引擎上下文已释放
2026-05-21 16:18:02 [INFO] TensorRT 引擎已释放
2026-05-21 16:18:02 [INFO] 全局 CUDA 资源已释放
2026-05-21 16:18:02 [INFO] 分割系统资源已释放
2026-05-21 16:18:06 [INFO] CUDA 初始化成功
2026-05-21 16:18:06 [INFO] 引擎加载成功: scrap_steel.engine
2026-05-21 16:18:06 [INFO] 分割系统初始化成功
2026-05-21 16:18:06 [INFO] 图像预处理完成，原始尺寸: (2160, 3840)
2026-05-21 16:18:06 [INFO] 开始执行分割...
2026-05-21 16:18:07 [DEBUG] 处理后的检测结果形状: (1, 8400, 6)
2026-05-21 16:18:07 [DEBUG] 示例检测结果: [[-4.06179810e+00 -3.29788971e+00  3.87987213e+01  1.57172527e+01
   4.17181631e-08  5.00000000e+00]
 [-6.28952789e+00 -3.05875683e+00  4.39387741e+01  2.98489571e+01
   9.39064826e-09  9.00000000e+00]
 [-3.60385895e+00 -3.58101177e+00  4.55140038e+01  3.03169479e+01
   4.05603373e-09  9.00000000e+00]]
2026-05-21 16:18:07 [DEBUG] 处理后检测输出形状: (0, 52)
2026-05-21 16:18:07 [DEBUG] 有效检测数量: 0
2026-05-21 16:18:07 [DEBUG] 检测输出为空
2026-05-21 16:18:07 [INFO] 掩码中检测到的类别: [0, 1, 2, 3, 4, 5, 6, 7, 8, 9, 10, 11, 12, 13, 15]
2026-05-21 16:18:07 [INFO] 分割完成，检测到 0 个物体
2026-05-21 16:18:07 [INFO] 从分割掩码中提取检测结果
2026-05-21 16:18:07 [INFO] 从掩码中提取了 421 个检测框
2026-05-21 16:18:07 [INFO] 检测到车兜区域，将过滤区域外的目标
2026-05-21 16:18:07 [INFO] 车兜区域过滤: 421 -> 159 个目标
2026-05-21 16:18:08 [INFO] 保存分割和检测结果到: C:\code\show\Scrap_Steel_In_Field\photos\segmentation\segment_20260521_161807.jpg
2026-05-21 16:18:08 [INFO] JSON结果保存到: C:\code\show\Scrap_Steel_In_Field\photos\segmentation_result.json
2026-05-21 16:18:08 [INFO] 类别统计：{0: 1, 1: 25, 2: 14, 3: 0, 4: 9, 5: 14, 6: 16, 7: 21, 8: 10, 9: 17, 10: 8, 11: 3, 12: 5, 13: 12, 14: 0, 15: 4}
2026-05-21 16:18:08 [INFO] 面积统计：{1: np.float64(42.31), 2: np.float64(2.77), 3: np.float64(0.01), 4: np.float64(1.66), 5: np.float64(8.85), 6: np.float64(7.38), 7: np.float64(2.3), 8: np.float64(1.42), 9: np.float64(6.5), 10: np.float64(10.19), 11: np.float64(0.25), 12: np.float64(13.32), 13: np.float64(1.75), 15: np.float64(1.29)}
2026-05-21 16:18:08 [INFO] 分割成功
2026-05-21 16:18:08 [INFO] 引擎上下文已释放
2026-05-21 16:18:08 [INFO] TensorRT 引擎已释放
2026-05-21 16:18:08 [INFO] 全局 CUDA 资源已释放
2026-05-21 16:18:08 [INFO] 分割系统资源已释放
2026-05-21 16:18:12 [INFO] CUDA 初始化成功
2026-05-21 16:18:12 [INFO] 引擎加载成功: scrap_steel.engine
2026-05-21 16:18:12 [INFO] 分割系统初始化成功
2026-05-21 16:18:12 [INFO] 图像预处理完成，原始尺寸: (2160, 3840)
2026-05-21 16:18:12 [INFO] 开始执行分割...
2026-05-21 16:18:12 [DEBUG] 处理后的检测结果形状: (1, 8400, 6)
2026-05-21 16:18:12 [DEBUG] 示例检测结果: [[-4.04684067e+00 -3.27198696e+00  3.87851295e+01  1.55278807e+01
   4.17281996e-08  5.00000000e+00]
 [-6.27760315e+00 -3.01986790e+00  4.39849548e+01  2.97615776e+01
   9.63101598e-09  9.00000000e+00]
 [-3.59675217e+00 -3.55127430e+00  4.55309830e+01  3.03534470e+01
   4.13557188e-09  9.00000000e+00]]
2026-05-21 16:18:12 [DEBUG] 处理后检测输出形状: (0, 52)
2026-05-21 16:18:12 [DEBUG] 有效检测数量: 0
2026-05-21 16:18:12 [DEBUG] 检测输出为空
2026-05-21 16:18:12 [INFO] 掩码中检测到的类别: [0, 1, 2, 3, 4, 5, 6, 7, 8, 9, 10, 11, 12, 13, 15]
2026-05-21 16:18:12 [INFO] 分割完成，检测到 0 个物体
2026-05-21 16:18:12 [INFO] 从分割掩码中提取检测结果
2026-05-21 16:18:12 [INFO] 从掩码中提取了 435 个检测框
2026-05-21 16:18:12 [INFO] 检测到车兜区域，将过滤区域外的目标
2026-05-21 16:18:12 [INFO] 车兜区域过滤: 435 -> 184 个目标
2026-05-21 16:18:13 [INFO] 保存分割和检测结果到: C:\code\show\Scrap_Steel_In_Field\photos\segmentation\segment_20260521_161812.jpg
2026-05-21 16:18:13 [INFO] JSON结果保存到: C:\code\show\Scrap_Steel_In_Field\photos\segmentation_result.json
2026-05-21 16:18:13 [INFO] 类别统计：{0: 8, 1: 27, 2: 15, 3: 0, 4: 10, 5: 16, 6: 16, 7: 21, 8: 13, 9: 20, 10: 11, 11: 3, 12: 6, 13: 14, 14: 0, 15: 4}
2026-05-21 16:18:13 [INFO] 面积统计：{1: np.float64(42.73), 2: np.float64(3.21), 3: np.float64(0.01), 4: np.float64(1.98), 5: np.float64(9.07), 6: np.float64(6.79), 7: np.float64(2.27), 8: np.float64(1.68), 9: np.float64(7.5), 10: np.float64(9.6), 11: np.float64(0.26), 12: np.float64(11.53), 13: np.float64(2.27), 15: np.float64(1.1)}
2026-05-21 16:18:13 [INFO] 分割成功
2026-05-21 16:18:13 [INFO] 引擎上下文已释放
2026-05-21 16:18:13 [INFO] TensorRT 引擎已释放
2026-05-21 16:18:13 [INFO] 全局 CUDA 资源已释放
2026-05-21 16:18:13 [INFO] 分割系统资源已释放
2026-05-21 16:18:17 [INFO] CUDA 初始化成功
2026-05-21 16:18:17 [INFO] 引擎加载成功: scrap_steel.engine
2026-05-21 16:18:17 [INFO] 分割系统初始化成功
2026-05-21 16:18:17 [INFO] 图像预处理完成，原始尺寸: (2160, 3840)
2026-05-21 16:18:17 [INFO] 开始执行分割...
2026-05-21 16:18:17 [DEBUG] 处理后的检测结果形状: (1, 8400, 6)
2026-05-21 16:18:17 [DEBUG] 示例检测结果: [[-4.04678345e+00 -3.27570343e+00  3.88724098e+01  1.56599007e+01
   4.17181631e-08  5.00000000e+00]
 [-6.31806946e+00 -3.02135849e+00  4.39927902e+01  2.98117790e+01
   9.50136769e-09  9.00000000e+00]
 [-3.57331085e+00 -3.53913784e+00  4.55482178e+01  3.03154869e+01
   4.10388168e-09  9.00000000e+00]]
2026-05-21 16:18:17 [DEBUG] 处理后检测输出形状: (0, 52)
2026-05-21 16:18:17 [DEBUG] 有效检测数量: 0
2026-05-21 16:18:17 [DEBUG] 检测输出为空
2026-05-21 16:18:17 [INFO] 掩码中检测到的类别: [0, 1, 2, 3, 4, 5, 6, 7, 8, 9, 10, 11, 12, 13, 15]
2026-05-21 16:18:17 [INFO] 分割完成，检测到 0 个物体
2026-05-21 16:18:17 [INFO] 从分割掩码中提取检测结果
2026-05-21 16:18:17 [INFO] 从掩码中提取了 430 个检测框
2026-05-21 16:18:17 [INFO] 检测到车兜区域，将过滤区域外的目标
2026-05-21 16:18:17 [INFO] 车兜区域过滤: 430 -> 170 个目标
2026-05-21 16:18:18 [INFO] 保存分割和检测结果到: C:\code\show\Scrap_Steel_In_Field\photos\segmentation\segment_20260521_161817.jpg
2026-05-21 16:18:18 [INFO] JSON结果保存到: C:\code\show\Scrap_Steel_In_Field\photos\segmentation_result.json
2026-05-21 16:18:18 [INFO] 类别统计：{0: 1, 1: 26, 2: 15, 3: 1, 4: 12, 5: 16, 6: 19, 7: 15, 8: 13, 9: 16, 10: 11, 11: 3, 12: 4, 13: 13, 14: 0, 15: 5}
2026-05-21 16:18:18 [INFO] 面积统计：{1: np.float64(43.82), 2: np.float64(2.91), 3: np.float64(0.02), 4: np.float64(2.09), 5: np.float64(9.4), 6: np.float64(6.14), 7: np.float64(2.16), 8: np.float64(1.49), 9: np.float64(6.15), 10: np.float64(9.39), 11: np.float64(0.2), 12: np.float64(12.92), 13: np.float64(2.19), 15: np.float64(1.12)}
2026-05-21 16:18:18 [INFO] 分割成功
2026-05-21 16:18:18 [INFO] 引擎上下文已释放
2026-05-21 16:18:18 [INFO] TensorRT 引擎已释放
2026-05-21 16:18:18 [INFO] 全局 CUDA 资源已释放
2026-05-21 16:18:18 [INFO] 分割系统资源已释放
2026-05-21 16:18:22 [INFO] CUDA 初始化成功
2026-05-21 16:18:22 [INFO] 引擎加载成功: scrap_steel.engine
2026-05-21 16:18:22 [INFO] 分割系统初始化成功
2026-05-21 16:18:23 [INFO] 图像预处理完成，原始尺寸: (2160, 3840)
2026-05-21 16:18:23 [INFO] 开始执行分割...
2026-05-21 16:18:23 [DEBUG] 处理后的检测结果形状: (1, 8400, 6)
2026-05-21 16:18:23 [DEBUG] 示例检测结果: [[-4.05755234e+00 -3.28888035e+00  3.89004631e+01  1.56557112e+01
   4.14060359e-08  5.00000000e+00]
 [-6.31804657e+00 -3.03331470e+00  4.40229645e+01  2.99105644e+01
   9.40747924e-09  9.00000000e+00]
 [-3.60110474e+00 -3.55144882e+00  4.55181427e+01  3.03927116e+01
   4.02406908e-09  9.00000000e+00]]
2026-05-21 16:18:23 [DEBUG] 处理后检测输出形状: (0, 52)
2026-05-21 16:18:23 [DEBUG] 有效检测数量: 0
2026-05-21 16:18:23 [DEBUG] 检测输出为空
2026-05-21 16:18:23 [INFO] 掩码中检测到的类别: [0, 1, 2, 3, 4, 5, 6, 7, 8, 9, 10, 11, 12, 13, 15]
2026-05-21 16:18:23 [INFO] 分割完成，检测到 0 个物体
2026-05-21 16:18:23 [INFO] 从分割掩码中提取检测结果
2026-05-21 16:18:23 [INFO] 从掩码中提取了 468 个检测框
2026-05-21 16:18:24 [INFO] 保存分割和检测结果到: C:\code\show\Scrap_Steel_In_Field\photos\segmentation\segment_20260521_161823.jpg
2026-05-21 16:18:24 [INFO] JSON结果保存到: C:\code\show\Scrap_Steel_In_Field\photos\segmentation_result.json
2026-05-21 16:18:24 [INFO] 类别统计：{0: 19, 1: 72, 2: 23, 3: 2, 4: 25, 5: 32, 6: 14, 7: 21, 8: 70, 9: 52, 10: 24, 11: 20, 12: 4, 13: 71, 14: 0, 15: 19}
2026-05-21 16:18:24 [INFO] 面积统计：{1: np.float64(32.07), 2: np.float64(1.8), 3: np.float64(0.03), 4: np.float64(5.9), 5: np.float64(4.39), 6: np.float64(5.62), 7: np.float64(2.99), 8: np.float64(8.55), 9: np.float64(12.87), 10: np.float64(3.8), 11: np.float64(0.6), 12: np.float64(9.68), 13: np.float64(3.52), 15: np.float64(8.18)}
2026-05-21 16:18:24 [INFO] 分割成功
2026-05-21 16:18:24 [INFO] 引擎上下文已释放
2026-05-21 16:18:24 [INFO] TensorRT 引擎已释放
2026-05-21 16:18:24 [INFO] 全局 CUDA 资源已释放
2026-05-21 16:18:24 [INFO] 分割系统资源已释放
2026-05-21 16:18:27 [INFO] CUDA 初始化成功
2026-05-21 16:18:27 [INFO] 引擎加载成功: scrap_steel.engine
2026-05-21 16:18:27 [INFO] 分割系统初始化成功
2026-05-21 16:18:28 [INFO] 图像预处理完成，原始尺寸: (2160, 3840)
2026-05-21 16:18:28 [INFO] 开始执行分割...
2026-05-21 16:18:28 [DEBUG] 处理后的检测结果形状: (1, 8400, 6)
2026-05-21 16:18:28 [DEBUG] 示例检测结果: [[-4.10928726e+00 -3.33201027e+00  3.88088799e+01  1.57704716e+01
   4.17181631e-08  5.00000000e+00]
 [-6.32656097e+00 -3.08209705e+00  4.39150620e+01  2.98252907e+01
   9.35374178e-09  9.00000000e+00]
 [-3.59973145e+00 -3.59429169e+00  4.54813080e+01  3.03192635e+01
   4.00919120e-09  9.00000000e+00]]
2026-05-21 16:18:28 [DEBUG] 处理后检测输出形状: (0, 52)
2026-05-21 16:18:28 [DEBUG] 有效检测数量: 0
2026-05-21 16:18:28 [DEBUG] 检测输出为空
2026-05-21 16:18:28 [INFO] 掩码中检测到的类别: [0, 1, 2, 3, 4, 5, 6, 7, 8, 9, 10, 11, 12, 13, 15]
2026-05-21 16:18:28 [INFO] 分割完成，检测到 0 个物体
2026-05-21 16:18:28 [INFO] 从分割掩码中提取检测结果
2026-05-21 16:18:28 [INFO] 从掩码中提取了 478 个检测框
2026-05-21 16:18:29 [INFO] 保存分割和检测结果到: C:\code\show\Scrap_Steel_In_Field\photos\segmentation\segment_20260521_161828.jpg
2026-05-21 16:18:29 [INFO] JSON结果保存到: C:\code\show\Scrap_Steel_In_Field\photos\segmentation_result.json
2026-05-21 16:18:29 [INFO] 类别统计：{0: 16, 1: 64, 2: 23, 3: 2, 4: 35, 5: 38, 6: 23, 7: 30, 8: 85, 9: 59, 10: 16, 11: 14, 12: 12, 13: 43, 14: 0, 15: 18}
2026-05-21 16:18:29 [INFO] 面积统计：{1: np.float64(31.95), 2: np.float64(1.08), 3: np.float64(0.27), 4: np.float64(5.68), 5: np.float64(4.37), 6: np.float64(9.49), 7: np.float64(2.17), 8: np.float64(10.47), 9: np.float64(13.17), 10: np.float64(5.17), 11: np.float64(0.28), 12: np.float64(8.66), 13: np.float64(1.9), 15: np.float64(5.35)}
2026-05-21 16:18:29 [INFO] 分割成功
2026-05-21 16:18:29 [INFO] 引擎上下文已释放
2026-05-21 16:18:29 [INFO] TensorRT 引擎已释放
2026-05-21 16:18:29 [INFO] 全局 CUDA 资源已释放
2026-05-21 16:18:29 [INFO] 分割系统资源已释放
2026-05-21 16:18:32 [INFO] CUDA 初始化成功
2026-05-21 16:18:32 [INFO] 引擎加载成功: scrap_steel.engine
2026-05-21 16:18:32 [INFO] 分割系统初始化成功
2026-05-21 16:18:33 [INFO] 图像预处理完成，原始尺寸: (2160, 3840)
2026-05-21 16:18:33 [INFO] 开始执行分割...
2026-05-21 16:18:33 [DEBUG] 处理后的检测结果形状: (1, 8400, 6)
2026-05-21 16:18:33 [DEBUG] 示例检测结果: [[-4.07566071e+00 -3.29613829e+00  3.88428650e+01  1.56817856e+01
   4.22055138e-08  5.00000000e+00]
 [-6.36506653e+00 -3.06549644e+00  4.40332565e+01  2.99715748e+01
   9.48137568e-09  9.00000000e+00]
 [-3.61790466e+00 -3.59100723e+00  4.55502930e+01  3.04211693e+01
   4.10279100e-09  9.00000000e+00]]
2026-05-21 16:18:33 [DEBUG] 处理后检测输出形状: (0, 52)
2026-05-21 16:18:33 [DEBUG] 有效检测数量: 0
2026-05-21 16:18:33 [DEBUG] 检测输出为空
2026-05-21 16:18:33 [INFO] 掩码中检测到的类别: [0, 1, 2, 3, 4, 5, 6, 7, 8, 9, 10, 11, 12, 13, 15]
2026-05-21 16:18:33 [INFO] 分割完成，检测到 0 个物体
2026-05-21 16:18:33 [INFO] 从分割掩码中提取检测结果
2026-05-21 16:18:33 [INFO] 从掩码中提取了 419 个检测框
2026-05-21 16:18:33 [INFO] 检测到车兜区域，将过滤区域外的目标
2026-05-21 16:18:33 [INFO] 车兜区域过滤: 419 -> 172 个目标
2026-05-21 16:18:34 [INFO] 保存分割和检测结果到: C:\code\show\Scrap_Steel_In_Field\photos\segmentation\segment_20260521_161833.jpg
2026-05-21 16:18:34 [INFO] JSON结果保存到: C:\code\show\Scrap_Steel_In_Field\photos\segmentation_result.json
2026-05-21 16:18:34 [INFO] 类别统计：{0: 1, 1: 29, 2: 16, 3: 0, 4: 9, 5: 17, 6: 20, 7: 15, 8: 13, 9: 18, 10: 11, 11: 3, 12: 5, 13: 12, 14: 0, 15: 3}
2026-05-21 16:18:34 [INFO] 面积统计：{1: np.float64(41.65), 2: np.float64(3.03), 3: np.float64(0.02), 4: np.float64(2.01), 5: np.float64(9.8), 6: np.float64(6.71), 7: np.float64(2.01), 8: np.float64(1.8), 9: np.float64(6.15), 10: np.float64(11.17), 11: np.float64(0.26), 12: np.float64(12.33), 13: np.float64(1.8), 15: np.float64(1.26)}
2026-05-21 16:18:34 [INFO] 分割成功
2026-05-21 16:18:34 [INFO] 引擎上下文已释放
2026-05-21 16:18:34 [INFO] TensorRT 引擎已释放
2026-05-21 16:18:34 [INFO] 全局 CUDA 资源已释放
2026-05-21 16:18:34 [INFO] 分割系统资源已释放
2026-05-21 16:18:38 [INFO] CUDA 初始化成功
2026-05-21 16:18:38 [INFO] 引擎加载成功: scrap_steel.engine
2026-05-21 16:18:38 [INFO] 分割系统初始化成功
2026-05-21 16:18:38 [INFO] 图像预处理完成，原始尺寸: (2160, 3840)
2026-05-21 16:18:38 [INFO] 开始执行分割...
2026-05-21 16:18:38 [DEBUG] 处理后的检测结果形状: (1, 8400, 6)
2026-05-21 16:18:38 [DEBUG] 示例检测结果: [[-4.04595947e+00 -3.25378418e+00  3.88530807e+01  1.55322990e+01
   4.17281996e-08  5.00000000e+00]
 [-6.27733612e+00 -2.99802303e+00  4.39956284e+01  2.97199249e+01
   9.48268664e-09  9.00000000e+00]
 [-3.59777832e+00 -3.55162621e+00  4.55099182e+01  3.03004856e+01
   4.05603373e-09  9.00000000e+00]]
2026-05-21 16:18:38 [DEBUG] 处理后检测输出形状: (0, 52)
2026-05-21 16:18:38 [DEBUG] 有效检测数量: 0
2026-05-21 16:18:38 [DEBUG] 检测输出为空
2026-05-21 16:18:38 [INFO] 掩码中检测到的类别: [0, 1, 2, 3, 4, 5, 6, 7, 8, 9, 10, 11, 12, 13, 15]
2026-05-21 16:18:38 [INFO] 分割完成，检测到 0 个物体
2026-05-21 16:18:38 [INFO] 从分割掩码中提取检测结果
2026-05-21 16:18:38 [INFO] 从掩码中提取了 423 个检测框
2026-05-21 16:18:38 [INFO] 检测到车兜区域，将过滤区域外的目标
2026-05-21 16:18:38 [INFO] 车兜区域过滤: 423 -> 186 个目标
2026-05-21 16:18:39 [INFO] 保存分割和检测结果到: C:\code\show\Scrap_Steel_In_Field\photos\segmentation\segment_20260521_161838.jpg
2026-05-21 16:18:39 [INFO] JSON结果保存到: C:\code\show\Scrap_Steel_In_Field\photos\segmentation_result.json
2026-05-21 16:18:39 [INFO] 类别统计：{0: 1, 1: 34, 2: 17, 3: 1, 4: 9, 5: 20, 6: 19, 7: 15, 8: 14, 9: 20, 10: 11, 11: 5, 12: 4, 13: 13, 14: 0, 15: 3}
2026-05-21 16:18:39 [INFO] 面积统计：{1: np.float64(40.31), 2: np.float64(3.19), 3: np.float64(0.03), 4: np.float64(1.65), 5: np.float64(8.32), 6: np.float64(7.49), 7: np.float64(1.82), 8: np.float64(1.59), 9: np.float64(7.71), 10: np.float64(10.36), 11: np.float64(0.41), 12: np.float64(14.05), 13: np.float64(1.9), 15: np.float64(1.18)}
2026-05-21 16:18:39 [INFO] 分割成功
2026-05-21 16:18:39 [INFO] 引擎上下文已释放
2026-05-21 16:18:39 [INFO] TensorRT 引擎已释放
2026-05-21 16:18:39 [INFO] 全局 CUDA 资源已释放
2026-05-21 16:18:39 [INFO] 分割系统资源已释放
2026-05-21 16:18:43 [INFO] CUDA 初始化成功
2026-05-21 16:18:43 [INFO] 引擎加载成功: scrap_steel.engine
2026-05-21 16:18:43 [INFO] 分割系统初始化成功
2026-05-21 16:18:43 [INFO] 图像预处理完成，原始尺寸: (2160, 3840)
2026-05-21 16:18:43 [INFO] 开始执行分割...
2026-05-21 16:18:43 [DEBUG] 处理后的检测结果形状: (1, 8400, 6)
2026-05-21 16:18:43 [DEBUG] 示例检测结果: [[-4.10536957e+00 -3.31885529e+00  3.89323654e+01  1.57070026e+01
   4.22055138e-08  5.00000000e+00]
 [-6.36809158e+00 -3.07813835e+00  4.40027924e+01  2.99767284e+01
   9.48137568e-09  9.00000000e+00]
 [-3.61847687e+00 -3.61727142e+00  4.55751724e+01  3.05234413e+01
   4.07159106e-09  9.00000000e+00]]
2026-05-21 16:18:43 [DEBUG] 处理后检测输出形状: (0, 52)
2026-05-21 16:18:43 [DEBUG] 有效检测数量: 0
2026-05-21 16:18:43 [DEBUG] 检测输出为空
2026-05-21 16:18:43 [INFO] 掩码中检测到的类别: [0, 1, 2, 3, 4, 5, 6, 7, 8, 9, 10, 11, 12, 13, 15]
2026-05-21 16:18:43 [INFO] 分割完成，检测到 0 个物体
2026-05-21 16:18:43 [INFO] 从分割掩码中提取检测结果
2026-05-21 16:18:43 [INFO] 从掩码中提取了 441 个检测框
2026-05-21 16:18:43 [INFO] 检测到车兜区域，将过滤区域外的目标
2026-05-21 16:18:43 [INFO] 车兜区域过滤: 441 -> 177 个目标
2026-05-21 16:18:44 [INFO] 保存分割和检测结果到: C:\code\show\Scrap_Steel_In_Field\photos\segmentation\segment_20260521_161843.jpg
2026-05-21 16:18:44 [INFO] JSON结果保存到: C:\code\show\Scrap_Steel_In_Field\photos\segmentation_result.json
2026-05-21 16:18:44 [INFO] 类别统计：{0: 1, 1: 23, 2: 17, 3: 2, 4: 9, 5: 19, 6: 19, 7: 15, 8: 13, 9: 18, 10: 10, 11: 6, 12: 6, 13: 16, 14: 0, 15: 3}
2026-05-21 16:18:44 [INFO] 面积统计：{1: np.float64(41.38), 2: np.float64(3.25), 3: np.float64(0.06), 4: np.float64(1.76), 5: np.float64(9.08), 6: np.float64(7.31), 7: np.float64(1.76), 8: np.float64(1.59), 9: np.float64(6.99), 10: np.float64(10.3), 11: np.float64(0.37), 12: np.float64(13.29), 13: np.float64(1.79), 15: np.float64(1.09)}
2026-05-21 16:18:44 [INFO] 分割成功
2026-05-21 16:18:44 [INFO] 引擎上下文已释放
2026-05-21 16:18:44 [INFO] TensorRT 引擎已释放
2026-05-21 16:18:44 [INFO] 全局 CUDA 资源已释放
2026-05-21 16:18:44 [INFO] 分割系统资源已释放
2026-05-21 16:18:48 [INFO] CUDA 初始化成功
2026-05-21 16:18:48 [INFO] 引擎加载成功: scrap_steel.engine
2026-05-21 16:18:48 [INFO] 分割系统初始化成功
2026-05-21 16:18:48 [INFO] 图像预处理完成，原始尺寸: (2160, 3840)
2026-05-21 16:18:48 [INFO] 开始执行分割...
2026-05-21 16:18:48 [DEBUG] 处理后的检测结果形状: (1, 8400, 6)
2026-05-21 16:18:48 [DEBUG] 示例检测结果: [[-4.07427597e+00 -3.29557896e+00  3.88354759e+01  1.56227255e+01
   4.23736957e-08  5.00000000e+00]
 [-6.34670258e+00 -3.02862263e+00  4.40058975e+01  2.99374504e+01
   9.44307743e-09  9.00000000e+00]
 [-3.60660934e+00 -3.56096935e+00  4.55550117e+01  3.04378891e+01
   4.11722390e-09  9.00000000e+00]]
2026-05-21 16:18:48 [DEBUG] 处理后检测输出形状: (0, 52)
2026-05-21 16:18:48 [DEBUG] 有效检测数量: 0
2026-05-21 16:18:48 [DEBUG] 检测输出为空
2026-05-21 16:18:48 [INFO] 掩码中检测到的类别: [0, 1, 2, 3, 4, 5, 6, 7, 8, 9, 10, 11, 12, 13, 15]
2026-05-21 16:18:48 [INFO] 分割完成，检测到 0 个物体
2026-05-21 16:18:48 [INFO] 从分割掩码中提取检测结果
2026-05-21 16:18:48 [INFO] 从掩码中提取了 431 个检测框
2026-05-21 16:18:48 [INFO] 检测到车兜区域，将过滤区域外的目标
2026-05-21 16:18:48 [INFO] 车兜区域过滤: 431 -> 184 个目标
2026-05-21 16:18:50 [INFO] 保存分割和检测结果到: C:\code\show\Scrap_Steel_In_Field\photos\segmentation\segment_20260521_161848.jpg
2026-05-21 16:18:50 [INFO] JSON结果保存到: C:\code\show\Scrap_Steel_In_Field\photos\segmentation_result.json
2026-05-21 16:18:50 [INFO] 类别统计：{0: 1, 1: 29, 2: 15, 3: 1, 4: 10, 5: 18, 6: 19, 7: 16, 8: 15, 9: 25, 10: 10, 11: 2, 12: 4, 13: 13, 14: 0, 15: 6}
2026-05-21 16:18:50 [INFO] 面积统计：{1: np.float64(43.17), 2: np.float64(2.91), 3: np.float64(0.08), 4: np.float64(2.29), 5: np.float64(9.17), 6: np.float64(6.73), 7: np.float64(1.72), 8: np.float64(1.7), 9: np.float64(5.88), 10: np.float64(10.2), 11: np.float64(0.23), 12: np.float64(12.88), 13: np.float64(1.9), 15: np.float64(1.14)}
2026-05-21 16:18:50 [INFO] 分割成功
2026-05-21 16:18:50 [INFO] 引擎上下文已释放
2026-05-21 16:18:50 [INFO] TensorRT 引擎已释放
2026-05-21 16:18:50 [INFO] 全局 CUDA 资源已释放
2026-05-21 16:18:50 [INFO] 分割系统资源已释放
2026-05-21 16:18:54 [INFO] CUDA 初始化成功
2026-05-21 16:18:54 [INFO] 引擎加载成功: scrap_steel.engine
2026-05-21 16:18:54 [INFO] 分割系统初始化成功
2026-05-21 16:18:54 [INFO] 图像预处理完成，原始尺寸: (2160, 3840)
2026-05-21 16:18:54 [INFO] 开始执行分割...
2026-05-21 16:18:54 [DEBUG] 处理后的检测结果形状: (1, 8400, 6)
2026-05-21 16:18:54 [DEBUG] 示例检测结果: [[-4.07057571e+00 -3.29082489e+00  3.90047112e+01  1.56633453e+01
   4.12343617e-08  5.00000000e+00]
 [-6.32661057e+00 -3.03480530e+00  4.40661049e+01  2.99637871e+01
   9.35374178e-09  9.00000000e+00]
 [-3.59840775e+00 -3.56899929e+00  4.55965385e+01  3.04248695e+01
   4.07159106e-09  9.00000000e+00]]
2026-05-21 16:18:54 [DEBUG] 处理后检测输出形状: (0, 52)
2026-05-21 16:18:54 [DEBUG] 有效检测数量: 0
2026-05-21 16:18:54 [DEBUG] 检测输出为空
2026-05-21 16:18:54 [INFO] 掩码中检测到的类别: [0, 1, 2, 3, 4, 5, 6, 7, 8, 9, 10, 11, 12, 13, 15]
2026-05-21 16:18:54 [INFO] 分割完成，检测到 0 个物体
2026-05-21 16:18:54 [INFO] 从分割掩码中提取检测结果
2026-05-21 16:18:54 [INFO] 从掩码中提取了 432 个检测框
2026-05-21 16:18:55 [INFO] 保存分割和检测结果到: C:\code\show\Scrap_Steel_In_Field\photos\segmentation\segment_20260521_161854.jpg
2026-05-21 16:18:55 [INFO] JSON结果保存到: C:\code\show\Scrap_Steel_In_Field\photos\segmentation_result.json
2026-05-21 16:18:55 [INFO] 类别统计：{0: 37, 1: 60, 2: 19, 3: 0, 4: 25, 5: 26, 6: 20, 7: 19, 8: 63, 9: 44, 10: 18, 11: 20, 12: 11, 13: 48, 14: 0, 15: 22}
2026-05-21 16:18:55 [INFO] 面积统计：{1: np.float64(32.28), 2: np.float64(1.3), 4: np.float64(5.93), 5: np.float64(2.8), 6: np.float64(3.49), 7: np.float64(1.59), 8: np.float64(12.46), 9: np.float64(15.84), 10: np.float64(5.13), 11: np.float64(1.02), 12: np.float64(9.15), 13: np.float64(2.15), 15: np.float64(6.86)}
2026-05-21 16:18:55 [INFO] 分割成功
2026-05-21 16:18:55 [INFO] 引擎上下文已释放
2026-05-21 16:18:55 [INFO] TensorRT 引擎已释放
2026-05-21 16:18:55 [INFO] 全局 CUDA 资源已释放
2026-05-21 16:18:55 [INFO] 分割系统资源已释放
2026-05-21 16:18:59 [INFO] CUDA 初始化成功
2026-05-21 16:18:59 [INFO] 引擎加载成功: scrap_steel.engine
2026-05-21 16:18:59 [INFO] 分割系统初始化成功
2026-05-21 16:18:59 [INFO] 图像预处理完成，原始尺寸: (2160, 3840)
2026-05-21 16:18:59 [INFO] 开始执行分割...
2026-05-21 16:18:59 [DEBUG] 处理后的检测结果形状: (1, 8400, 6)
2026-05-21 16:18:59 [DEBUG] 示例检测结果: [[-4.05954742e+00 -3.26889420e+00  3.88223686e+01  1.55214310e+01
   4.07448617e-08  5.00000000e+00]
 [-6.31436157e+00 -3.03375626e+00  4.39936142e+01  2.97735710e+01
   9.13610965e-09  9.00000000e+00]
 [-3.59568787e+00 -3.56655121e+00  4.55315170e+01  3.03010216e+01
   3.91638721e-09  9.00000000e+00]]
2026-05-21 16:18:59 [DEBUG] 处理后检测输出形状: (0, 52)
2026-05-21 16:18:59 [DEBUG] 有效检测数量: 0
2026-05-21 16:18:59 [DEBUG] 检测输出为空
2026-05-21 16:18:59 [INFO] 掩码中检测到的类别: [0, 1, 2, 3, 4, 5, 6, 7, 8, 9, 10, 11, 12, 13, 15]
2026-05-21 16:18:59 [INFO] 分割完成，检测到 0 个物体
2026-05-21 16:18:59 [INFO] 从分割掩码中提取检测结果
2026-05-21 16:19:00 [INFO] 从掩码中提取了 559 个检测框
2026-05-21 16:19:00 [INFO] 保存分割和检测结果到: C:\code\show\Scrap_Steel_In_Field\photos\segmentation\segment_20260521_161900.jpg
2026-05-21 16:19:00 [INFO] JSON结果保存到: C:\code\show\Scrap_Steel_In_Field\photos\segmentation_result.json
2026-05-21 16:19:00 [INFO] 类别统计：{0: 13, 1: 69, 2: 27, 3: 1, 4: 30, 5: 49, 6: 32, 7: 40, 8: 73, 9: 50, 10: 28, 11: 28, 12: 8, 13: 80, 14: 0, 15: 31}
2026-05-21 16:19:00 [INFO] 面积统计：{1: np.float64(31.72), 2: np.float64(1.33), 3: np.float64(0.02), 4: np.float64(2.09), 5: np.float64(4.79), 6: np.float64(10.01), 7: np.float64(2.74), 8: np.float64(11.05), 9: np.float64(10.51), 10: np.float64(5.52), 11: np.float64(1.14), 12: np.float64(8.3), 13: np.float64(3.24), 15: np.float64(7.54)}
2026-05-21 16:19:00 [INFO] 分割成功
2026-05-21 16:19:00 [INFO] 引擎上下文已释放
2026-05-21 16:19:00 [INFO] TensorRT 引擎已释放
2026-05-21 16:19:00 [INFO] 全局 CUDA 资源已释放
2026-05-21 16:19:00 [INFO] 分割系统资源已释放
2026-05-21 16:19:06 [INFO] CUDA 初始化成功
2026-05-21 16:19:06 [INFO] 引擎加载成功: scrap_steel.engine
2026-05-21 16:19:06 [INFO] 分割系统初始化成功
2026-05-21 16:19:06 [INFO] 图像预处理完成，原始尺寸: (2160, 3840)
2026-05-21 16:19:06 [INFO] 开始执行分割...
2026-05-21 16:19:06 [DEBUG] 处理后的检测结果形状: (1, 8400, 6)
2026-05-21 16:19:06 [DEBUG] 示例检测结果: [[-4.06002808e+00 -3.31056356e+00  3.87928619e+01  1.57165432e+01
   4.07495442e-08  5.00000000e+00]
 [-6.29172897e+00 -3.07246208e+00  4.40110817e+01  2.99288082e+01
   9.28053634e-09  9.00000000e+00]
 [-3.60293579e+00 -3.58135033e+00  4.55270004e+01  3.04297047e+01
   4.04046308e-09  9.00000000e+00]]
2026-05-21 16:19:06 [DEBUG] 处理后检测输出形状: (0, 52)
2026-05-21 16:19:06 [DEBUG] 有效检测数量: 0
2026-05-21 16:19:06 [DEBUG] 检测输出为空
2026-05-21 16:19:06 [INFO] 掩码中检测到的类别: [0, 1, 2, 3, 4, 5, 6, 7, 8, 9, 10, 11, 12, 13, 15]
2026-05-21 16:19:06 [INFO] 分割完成，检测到 0 个物体
2026-05-21 16:19:06 [INFO] 从分割掩码中提取检测结果
2026-05-21 16:19:06 [INFO] 从掩码中提取了 429 个检测框
2026-05-21 16:19:06 [INFO] 检测到车兜区域，将过滤区域外的目标
2026-05-21 16:19:06 [INFO] 车兜区域过滤: 429 -> 172 个目标
2026-05-21 16:19:07 [INFO] 保存分割和检测结果到: C:\code\show\Scrap_Steel_In_Field\photos\segmentation\segment_20260521_161906.jpg
2026-05-21 16:19:07 [INFO] JSON结果保存到: C:\code\show\Scrap_Steel_In_Field\photos\segmentation_result.json
2026-05-21 16:19:07 [INFO] 类别统计：{0: 1, 1: 24, 2: 14, 3: 0, 4: 7, 5: 19, 6: 18, 7: 16, 8: 13, 9: 17, 10: 12, 11: 3, 12: 6, 13: 16, 14: 0, 15: 6}
2026-05-21 16:19:07 [INFO] 面积统计：{1: np.float64(42.83), 2: np.float64(1.47), 4: np.float64(2.76), 5: np.float64(8.89), 6: np.float64(7.22), 7: np.float64(2.04), 8: np.float64(2.03), 9: np.float64(5.04), 10: np.float64(11.4), 11: np.float64(0.21), 12: np.float64(12.5), 13: np.float64(2.26), 15: np.float64(1.35)}
2026-05-21 16:19:07 [INFO] 分割成功
2026-05-21 16:19:07 [INFO] 引擎上下文已释放
2026-05-21 16:19:07 [INFO] TensorRT 引擎已释放
2026-05-21 16:19:07 [INFO] 全局 CUDA 资源已释放
2026-05-21 16:19:07 [INFO] 分割系统资源已释放
2026-05-21 16:19:11 [INFO] CUDA 初始化成功
2026-05-21 16:19:11 [INFO] 引擎加载成功: scrap_steel.engine
2026-05-21 16:19:11 [INFO] 分割系统初始化成功
2026-05-21 16:19:11 [INFO] 图像预处理完成，原始尺寸: (2160, 3840)
2026-05-21 16:19:11 [INFO] 开始执行分割...
2026-05-21 16:19:11 [DEBUG] 处理后的检测结果形状: (1, 8400, 6)
2026-05-21 16:19:11 [DEBUG] 示例检测结果: [[-4.06262207e+00 -3.28432560e+00  3.87940140e+01  1.56494093e+01
   4.12230179e-08  5.00000000e+00]
 [-6.29265594e+00 -3.03306389e+00  4.39842339e+01  2.98120899e+01
   9.31742683e-09  9.00000000e+00]
 [-3.59315491e+00 -3.55159473e+00  4.54932938e+01  3.03082237e+01
   4.07190637e-09  9.00000000e+00]]
2026-05-21 16:19:11 [DEBUG] 处理后检测输出形状: (0, 52)
2026-05-21 16:19:11 [DEBUG] 有效检测数量: 0
2026-05-21 16:19:11 [DEBUG] 检测输出为空
2026-05-21 16:19:11 [INFO] 掩码中检测到的类别: [0, 1, 2, 3, 4, 5, 6, 7, 8, 9, 10, 11, 12, 13, 15]
2026-05-21 16:19:11 [INFO] 分割完成，检测到 0 个物体
2026-05-21 16:19:11 [INFO] 从分割掩码中提取检测结果
2026-05-21 16:19:11 [INFO] 从掩码中提取了 419 个检测框
2026-05-21 16:19:11 [INFO] 检测到车兜区域，将过滤区域外的目标
2026-05-21 16:19:11 [INFO] 车兜区域过滤: 419 -> 159 个目标
2026-05-21 16:19:12 [INFO] 保存分割和检测结果到: C:\code\show\Scrap_Steel_In_Field\photos\segmentation\segment_20260521_161911.jpg
2026-05-21 16:19:12 [INFO] JSON结果保存到: C:\code\show\Scrap_Steel_In_Field\photos\segmentation_result.json
2026-05-21 16:19:12 [INFO] 类别统计：{0: 1, 1: 24, 2: 12, 3: 1, 4: 8, 5: 16, 6: 16, 7: 16, 8: 14, 9: 15, 10: 13, 11: 4, 12: 3, 13: 13, 14: 0, 15: 3}
2026-05-21 16:19:12 [INFO] 面积统计：{1: np.float64(43.33), 2: np.float64(2.04), 3: np.float64(0.05), 4: np.float64(2.38), 5: np.float64(8.57), 6: np.float64(6.63), 7: np.float64(1.93), 8: np.float64(1.75), 9: np.float64(5.44), 10: np.float64(11.35), 11: np.float64(0.31), 12: np.float64(13.27), 13: np.float64(1.8), 15: np.float64(1.15)}
2026-05-21 16:19:12 [INFO] 分割成功
2026-05-21 16:19:12 [INFO] 引擎上下文已释放
2026-05-21 16:19:12 [INFO] TensorRT 引擎已释放
2026-05-21 16:19:12 [INFO] 全局 CUDA 资源已释放
2026-05-21 16:19:12 [INFO] 分割系统资源已释放
2026-05-21 16:19:16 [INFO] CUDA 初始化成功
2026-05-21 16:19:16 [INFO] 引擎加载成功: scrap_steel.engine
2026-05-21 16:19:16 [INFO] 分割系统初始化成功
2026-05-21 16:19:16 [INFO] 图像预处理完成，原始尺寸: (2160, 3840)
2026-05-21 16:19:16 [INFO] 开始执行分割...
2026-05-21 16:19:17 [DEBUG] 处理后的检测结果形状: (1, 8400, 6)
2026-05-21 16:19:17 [DEBUG] 示例检测结果: [[-4.05776978e+00 -3.28063059e+00  3.88045654e+01  1.56441936e+01
   4.23686970e-08  5.00000000e+00]
 [-6.30501175e+00 -3.04215622e+00  4.38924713e+01  2.98363762e+01
   9.37099287e-09  9.00000000e+00]
 [-3.59816742e+00 -3.57810688e+00  4.55280609e+01  3.03790512e+01
   4.03983247e-09  9.00000000e+00]]
2026-05-21 16:19:17 [DEBUG] 处理后检测输出形状: (0, 52)
2026-05-21 16:19:17 [DEBUG] 有效检测数量: 0
2026-05-21 16:19:17 [DEBUG] 检测输出为空
2026-05-21 16:19:17 [INFO] 掩码中检测到的类别: [0, 1, 2, 3, 4, 5, 6, 7, 8, 9, 10, 11, 12, 13, 15]
2026-05-21 16:19:17 [INFO] 分割完成，检测到 0 个物体
2026-05-21 16:19:17 [INFO] 从分割掩码中提取检测结果
2026-05-21 16:19:17 [INFO] 从掩码中提取了 435 个检测框
2026-05-21 16:19:17 [INFO] 检测到车兜区域，将过滤区域外的目标
2026-05-21 16:19:17 [INFO] 车兜区域过滤: 435 -> 171 个目标
2026-05-21 16:19:18 [INFO] 保存分割和检测结果到: C:\code\show\Scrap_Steel_In_Field\photos\segmentation\segment_20260521_161917.jpg
2026-05-21 16:19:18 [INFO] JSON结果保存到: C:\code\show\Scrap_Steel_In_Field\photos\segmentation_result.json
2026-05-21 16:19:18 [INFO] 类别统计：{0: 1, 1: 27, 2: 15, 3: 1, 4: 10, 5: 17, 6: 19, 7: 13, 8: 14, 9: 16, 10: 13, 11: 3, 12: 3, 13: 14, 14: 0, 15: 5}
2026-05-21 16:19:18 [INFO] 面积统计：{1: np.float64(41.19), 2: np.float64(1.83), 3: np.float64(0.05), 4: np.float64(2.85), 5: np.float64(9.58), 6: np.float64(6.96), 7: np.float64(1.71), 8: np.float64(1.71), 9: np.float64(4.96), 10: np.float64(11.05), 11: np.float64(0.23), 12: np.float64(14.79), 13: np.float64(1.84), 15: np.float64(1.27)}
2026-05-21 16:19:18 [INFO] 分割成功
2026-05-21 16:19:18 [INFO] 引擎上下文已释放
2026-05-21 16:19:18 [INFO] TensorRT 引擎已释放
2026-05-21 16:19:18 [INFO] 全局 CUDA 资源已释放
2026-05-21 16:19:18 [INFO] 分割系统资源已释放
2026-05-21 16:19:21 [INFO] CUDA 初始化成功
2026-05-21 16:19:21 [INFO] 引擎加载成功: scrap_steel.engine
2026-05-21 16:19:21 [INFO] 分割系统初始化成功
2026-05-21 16:19:21 [INFO] 图像预处理完成，原始尺寸: (2160, 3840)
2026-05-21 16:19:21 [INFO] 开始执行分割...
2026-05-21 16:19:22 [DEBUG] 处理后的检测结果形状: (1, 8400, 6)
2026-05-21 16:19:22 [DEBUG] 示例检测结果: [[-4.04544067e+00 -3.29875946e+00  3.88377609e+01  1.56519451e+01
   4.18919512e-08  5.00000000e+00]
 [-6.29328156e+00 -3.05550194e+00  4.40066376e+01  2.99381084e+01
   9.48137568e-09  9.00000000e+00]
 [-3.59119034e+00 -3.59313488e+00  4.55250626e+01  3.04179230e+01
   4.07159106e-09  9.00000000e+00]]
2026-05-21 16:19:22 [DEBUG] 处理后检测输出形状: (0, 52)
2026-05-21 16:19:22 [DEBUG] 有效检测数量: 0
2026-05-21 16:19:22 [DEBUG] 检测输出为空
2026-05-21 16:19:22 [INFO] 掩码中检测到的类别: [0, 1, 2, 3, 4, 5, 6, 7, 8, 9, 10, 11, 12, 13, 15]
2026-05-21 16:19:22 [INFO] 分割完成，检测到 0 个物体
2026-05-21 16:19:22 [INFO] 从分割掩码中提取检测结果
2026-05-21 16:19:22 [INFO] 从掩码中提取了 414 个检测框
2026-05-21 16:19:22 [INFO] 检测到车兜区域，将过滤区域外的目标
2026-05-21 16:19:22 [INFO] 车兜区域过滤: 414 -> 163 个目标
2026-05-21 16:19:23 [INFO] 保存分割和检测结果到: C:\code\show\Scrap_Steel_In_Field\photos\segmentation\segment_20260521_161922.jpg
2026-05-21 16:19:23 [INFO] JSON结果保存到: C:\code\show\Scrap_Steel_In_Field\photos\segmentation_result.json
2026-05-21 16:19:23 [INFO] 类别统计：{0: 1, 1: 24, 2: 14, 3: 1, 4: 9, 5: 17, 6: 13, 7: 15, 8: 16, 9: 16, 10: 11, 11: 4, 12: 4, 13: 12, 14: 0, 15: 6}
2026-05-21 16:19:23 [INFO] 面积统计：{1: np.float64(42.21), 2: np.float64(1.81), 3: np.float64(0.04), 4: np.float64(2.89), 5: np.float64(8.62), 6: np.float64(7.94), 7: np.float64(1.79), 8: np.float64(1.91), 9: np.float64(5.51), 10: np.float64(10.39), 11: np.float64(0.26), 12: np.float64(13.27), 13: np.float64(2.14), 15: np.float64(1.22)}
2026-05-21 16:19:23 [INFO] 分割成功
2026-05-21 16:19:23 [INFO] 引擎上下文已释放
2026-05-21 16:19:23 [INFO] TensorRT 引擎已释放
2026-05-21 16:19:23 [INFO] 全局 CUDA 资源已释放
2026-05-21 16:19:23 [INFO] 分割系统资源已释放
2026-05-21 16:19:26 [INFO] CUDA 初始化成功
2026-05-21 16:19:26 [INFO] 引擎加载成功: scrap_steel.engine
2026-05-21 16:19:26 [INFO] 分割系统初始化成功
2026-05-21 16:19:26 [INFO] 图像预处理完成，原始尺寸: (2160, 3840)
2026-05-21 16:19:26 [INFO] 开始执行分割...
2026-05-21 16:19:27 [DEBUG] 处理后的检测结果形状: (1, 8400, 6)
2026-05-21 16:19:27 [DEBUG] 示例检测结果: [[-4.10694885e+00 -3.31851339e+00  3.88038445e+01  1.58015347e+01
   4.20430517e-08  5.00000000e+00]
 [-6.35754013e+00 -3.06912327e+00  4.39982300e+01  2.99375000e+01
   9.35374178e-09  9.00000000e+00]
 [-3.62977600e+00 -3.60611916e+00  4.55306778e+01  3.04129009e+01
   3.96236377e-09  9.00000000e+00]]
2026-05-21 16:19:27 [DEBUG] 处理后检测输出形状: (0, 52)
2026-05-21 16:19:27 [DEBUG] 有效检测数量: 0
2026-05-21 16:19:27 [DEBUG] 检测输出为空
2026-05-21 16:19:27 [INFO] 掩码中检测到的类别: [0, 1, 2, 3, 4, 5, 6, 7, 8, 9, 10, 11, 12, 13, 15]
2026-05-21 16:19:27 [INFO] 分割完成，检测到 0 个物体
2026-05-21 16:19:27 [INFO] 从分割掩码中提取检测结果
2026-05-21 16:19:27 [INFO] 从掩码中提取了 465 个检测框
2026-05-21 16:19:27 [INFO] 检测到车兜区域，将过滤区域外的目标
2026-05-21 16:19:27 [INFO] 车兜区域过滤: 465 -> 190 个目标
2026-05-21 16:19:28 [INFO] 保存分割和检测结果到: C:\code\show\Scrap_Steel_In_Field\photos\segmentation\segment_20260521_161927.jpg
2026-05-21 16:19:28 [INFO] JSON结果保存到: C:\code\show\Scrap_Steel_In_Field\photos\segmentation_result.json
2026-05-21 16:19:28 [INFO] 类别统计：{0: 14, 1: 28, 2: 15, 3: 1, 4: 9, 5: 17, 6: 18, 7: 17, 8: 14, 9: 17, 10: 13, 11: 4, 12: 4, 13: 15, 14: 0, 15: 4}
2026-05-21 16:19:28 [INFO] 面积统计：{1: np.float64(41.77), 2: np.float64(1.97), 3: np.float64(0.04), 4: np.float64(2.67), 5: np.float64(9.55), 6: np.float64(7.77), 7: np.float64(1.91), 8: np.float64(1.6), 9: np.float64(5.72), 10: np.float64(10.36), 11: np.float64(0.25), 12: np.float64(13.18), 13: np.float64(1.96), 15: np.float64(1.23)}
2026-05-21 16:19:28 [INFO] 分割成功
2026-05-21 16:19:28 [INFO] 引擎上下文已释放
2026-05-21 16:19:28 [INFO] TensorRT 引擎已释放
2026-05-21 16:19:28 [INFO] 全局 CUDA 资源已释放
2026-05-21 16:19:28 [INFO] 分割系统资源已释放
2026-05-21 16:19:32 [INFO] CUDA 初始化成功
2026-05-21 16:19:32 [INFO] 引擎加载成功: scrap_steel.engine
2026-05-21 16:19:32 [INFO] 分割系统初始化成功
2026-05-21 16:19:32 [INFO] 图像预处理完成，原始尺寸: (2160, 3840)
2026-05-21 16:19:32 [INFO] 开始执行分割...
2026-05-21 16:19:32 [DEBUG] 处理后的检测结果形状: (1, 8400, 6)
2026-05-21 16:19:32 [DEBUG] 示例检测结果: [[-4.08094025e+00 -3.30127811e+00  3.87962723e+01  1.56606016e+01
   4.09094554e-08  5.00000000e+00]
 [-6.32330704e+00 -3.04631138e+00  4.39723816e+01  2.99015121e+01
   9.20847487e-09  9.00000000e+00]
 [-3.59930038e+00 -3.59267426e+00  4.55310402e+01  3.04146843e+01
   3.94696276e-09  9.00000000e+00]]
2026-05-21 16:19:32 [DEBUG] 处理后检测输出形状: (0, 52)
2026-05-21 16:19:32 [DEBUG] 有效检测数量: 0
2026-05-21 16:19:32 [DEBUG] 检测输出为空
2026-05-21 16:19:32 [INFO] 掩码中检测到的类别: [0, 1, 2, 3, 4, 5, 6, 7, 8, 9, 10, 11, 12, 13, 15]
2026-05-21 16:19:32 [INFO] 分割完成，检测到 0 个物体
2026-05-21 16:19:32 [INFO] 从分割掩码中提取检测结果
2026-05-21 16:19:32 [INFO] 从掩码中提取了 428 个检测框
2026-05-21 16:19:32 [INFO] 检测到车兜区域，将过滤区域外的目标
2026-05-21 16:19:32 [INFO] 车兜区域过滤: 428 -> 181 个目标
2026-05-21 16:19:33 [INFO] 保存分割和检测结果到: C:\code\show\Scrap_Steel_In_Field\photos\segmentation\segment_20260521_161932.jpg
2026-05-21 16:19:33 [INFO] JSON结果保存到: C:\code\show\Scrap_Steel_In_Field\photos\segmentation_result.json
2026-05-21 16:19:33 [INFO] 类别统计：{0: 5, 1: 27, 2: 16, 3: 1, 4: 11, 5: 19, 6: 14, 7: 18, 8: 15, 9: 15, 10: 12, 11: 6, 12: 4, 13: 14, 14: 0, 15: 4}
2026-05-21 16:19:33 [INFO] 面积统计：{1: np.float64(42.13), 2: np.float64(1.99), 3: np.float64(0.04), 4: np.float64(3.06), 5: np.float64(8.91), 6: np.float64(7.6), 7: np.float64(2.3), 8: np.float64(1.76), 9: np.float64(5.62), 10: np.float64(10.99), 11: np.float64(0.37), 12: np.float64(11.63), 13: np.float64(2.46), 15: np.float64(1.15)}
2026-05-21 16:19:33 [INFO] 分割成功
2026-05-21 16:19:33 [INFO] 引擎上下文已释放
2026-05-21 16:19:33 [INFO] TensorRT 引擎已释放
2026-05-21 16:19:33 [INFO] 全局 CUDA 资源已释放
2026-05-21 16:19:33 [INFO] 分割系统资源已释放
2026-05-21 16:19:37 [INFO] CUDA 初始化成功
2026-05-21 16:19:37 [INFO] 引擎加载成功: scrap_steel.engine
2026-05-21 16:19:37 [INFO] 分割系统初始化成功
2026-05-21 16:19:37 [INFO] 图像预处理完成，原始尺寸: (2160, 3840)
2026-05-21 16:19:37 [INFO] 开始执行分割...
2026-05-21 16:19:37 [DEBUG] 处理后的检测结果形状: (1, 8400, 6)
2026-05-21 16:19:37 [DEBUG] 示例检测结果: [[-4.07519150e+00 -3.29607964e+00  3.87598724e+01  1.56518993e+01
   4.20539230e-08  5.00000000e+00]
 [-6.31396103e+00 -3.06924725e+00  4.39648590e+01  2.98989983e+01
   9.40747924e-09  9.00000000e+00]
 [-3.60836029e+00 -3.60628414e+00  4.55173111e+01  3.04350471e+01
   4.07159106e-09  9.00000000e+00]]
2026-05-21 16:19:37 [DEBUG] 处理后检测输出形状: (0, 52)
2026-05-21 16:19:37 [DEBUG] 有效检测数量: 0
2026-05-21 16:19:37 [DEBUG] 检测输出为空
2026-05-21 16:19:37 [INFO] 掩码中检测到的类别: [0, 1, 2, 3, 4, 5, 6, 7, 8, 9, 10, 11, 12, 13, 15]
2026-05-21 16:19:37 [INFO] 分割完成，检测到 0 个物体
2026-05-21 16:19:37 [INFO] 从分割掩码中提取检测结果
2026-05-21 16:19:37 [INFO] 从掩码中提取了 418 个检测框
2026-05-21 16:19:37 [INFO] 检测到车兜区域，将过滤区域外的目标
2026-05-21 16:19:37 [INFO] 车兜区域过滤: 418 -> 177 个目标
2026-05-21 16:19:38 [INFO] 保存分割和检测结果到: C:\code\show\Scrap_Steel_In_Field\photos\segmentation\segment_20260521_161937.jpg
2026-05-21 16:19:38 [INFO] JSON结果保存到: C:\code\show\Scrap_Steel_In_Field\photos\segmentation_result.json
2026-05-21 16:19:38 [INFO] 类别统计：{0: 1, 1: 25, 2: 17, 3: 1, 4: 8, 5: 20, 6: 17, 7: 16, 8: 13, 9: 19, 10: 11, 11: 4, 12: 6, 13: 13, 14: 0, 15: 6}
2026-05-21 16:19:38 [INFO] 面积统计：{1: np.float64(40.32), 2: np.float64(1.8), 3: np.float64(0.04), 4: np.float64(2.5), 5: np.float64(9.08), 6: np.float64(7.44), 7: np.float64(1.83), 8: np.float64(1.77), 9: np.float64(6.36), 10: np.float64(11.54), 11: np.float64(0.3), 12: np.float64(14.17), 13: np.float64(1.83), 15: np.float64(1.02)}
2026-05-21 16:19:38 [INFO] 分割成功
2026-05-21 16:19:38 [INFO] 引擎上下文已释放
2026-05-21 16:19:38 [INFO] TensorRT 引擎已释放
2026-05-21 16:19:38 [INFO] 全局 CUDA 资源已释放
2026-05-21 16:19:38 [INFO] 分割系统资源已释放
2026-05-21 16:19:42 [INFO] CUDA 初始化成功
2026-05-21 16:19:42 [INFO] 引擎加载成功: scrap_steel.engine
2026-05-21 16:19:42 [INFO] 分割系统初始化成功
2026-05-21 16:19:42 [INFO] 图像预处理完成，原始尺寸: (2160, 3840)
2026-05-21 16:19:42 [INFO] 开始执行分割...
2026-05-21 16:19:42 [DEBUG] 处理后的检测结果形状: (1, 8400, 6)
2026-05-21 16:19:42 [DEBUG] 示例检测结果: [[-4.06174469e+00 -3.27931881e+00  3.88187599e+01  1.55961618e+01
   4.07448617e-08  5.00000000e+00]
 [-6.30052948e+00 -3.03379440e+00  4.40143471e+01  2.97982826e+01
   9.20787446e-09  9.00000000e+00]
 [-3.59464264e+00 -3.56971931e+00  4.55641251e+01  3.02850628e+01
   4.00901978e-09  9.00000000e+00]]
2026-05-21 16:19:42 [DEBUG] 处理后检测输出形状: (0, 52)
2026-05-21 16:19:42 [DEBUG] 有效检测数量: 0
2026-05-21 16:19:42 [DEBUG] 检测输出为空
2026-05-21 16:19:42 [INFO] 掩码中检测到的类别: [0, 1, 2, 3, 4, 5, 6, 7, 8, 9, 10, 11, 12, 13, 15]
2026-05-21 16:19:42 [INFO] 分割完成，检测到 0 个物体
2026-05-21 16:19:42 [INFO] 从分割掩码中提取检测结果
2026-05-21 16:19:42 [INFO] 从掩码中提取了 420 个检测框
2026-05-21 16:19:42 [INFO] 检测到车兜区域，将过滤区域外的目标
2026-05-21 16:19:42 [INFO] 车兜区域过滤: 420 -> 174 个目标
2026-05-21 16:19:43 [INFO] 保存分割和检测结果到: C:\code\show\Scrap_Steel_In_Field\photos\segmentation\segment_20260521_161942.jpg
2026-05-21 16:19:43 [INFO] JSON结果保存到: C:\code\show\Scrap_Steel_In_Field\photos\segmentation_result.json
2026-05-21 16:19:43 [INFO] 类别统计：{0: 1, 1: 25, 2: 15, 3: 1, 4: 11, 5: 21, 6: 13, 7: 17, 8: 13, 9: 20, 10: 11, 11: 3, 12: 3, 13: 15, 14: 0, 15: 5}
2026-05-21 16:19:43 [INFO] 面积统计：{1: np.float64(42.26), 2: np.float64(1.41), 3: np.float64(0.08), 4: np.float64(2.61), 5: np.float64(8.29), 6: np.float64(7.67), 7: np.float64(2.08), 8: np.float64(1.82), 9: np.float64(5.59), 10: np.float64(10.71), 11: np.float64(0.2), 12: np.float64(14.09), 13: np.float64(2.02), 15: np.float64(1.17)}
2026-05-21 16:19:43 [INFO] 分割成功
2026-05-21 16:19:43 [INFO] 引擎上下文已释放
2026-05-21 16:19:43 [INFO] TensorRT 引擎已释放
2026-05-21 16:19:43 [INFO] 全局 CUDA 资源已释放
2026-05-21 16:19:43 [INFO] 分割系统资源已释放
2026-05-21 16:19:47 [INFO] CUDA 初始化成功
2026-05-21 16:19:47 [INFO] 引擎加载成功: scrap_steel.engine
2026-05-21 16:19:47 [INFO] 分割系统初始化成功
2026-05-21 16:19:47 [INFO] 图像预处理完成，原始尺寸: (2160, 3840)
2026-05-21 16:19:47 [INFO] 开始执行分割...
2026-05-21 16:19:48 [DEBUG] 处理后的检测结果形状: (1, 8400, 6)
2026-05-21 16:19:48 [DEBUG] 示例检测结果: [[-4.04629135e+00 -3.27661943e+00  3.87751999e+01  1.55381584e+01
   4.18919512e-08  5.00000000e+00]
 [-6.31063461e+00 -3.03213787e+00  4.40080338e+01  2.98381081e+01
   9.55619583e-09  9.00000000e+00]
 [-3.62333298e+00 -3.58014488e+00  4.55420799e+01  3.03662510e+01
   4.07159106e-09  9.00000000e+00]]
2026-05-21 16:19:48 [DEBUG] 处理后检测输出形状: (0, 52)
2026-05-21 16:19:48 [DEBUG] 有效检测数量: 0
2026-05-21 16:19:48 [DEBUG] 检测输出为空
2026-05-21 16:19:48 [INFO] 掩码中检测到的类别: [0, 1, 2, 3, 4, 5, 6, 7, 8, 9, 10, 11, 12, 13, 15]
2026-05-21 16:19:48 [INFO] 分割完成，检测到 0 个物体
2026-05-21 16:19:48 [INFO] 从分割掩码中提取检测结果
2026-05-21 16:19:48 [INFO] 从掩码中提取了 410 个检测框
2026-05-21 16:19:48 [INFO] 检测到车兜区域，将过滤区域外的目标
2026-05-21 16:19:48 [INFO] 车兜区域过滤: 410 -> 165 个目标
2026-05-21 16:19:49 [INFO] 保存分割和检测结果到: C:\code\show\Scrap_Steel_In_Field\photos\segmentation\segment_20260521_161948.jpg
2026-05-21 16:19:49 [INFO] JSON结果保存到: C:\code\show\Scrap_Steel_In_Field\photos\segmentation_result.json
2026-05-21 16:19:49 [INFO] 类别统计：{0: 1, 1: 25, 2: 15, 3: 1, 4: 9, 5: 14, 6: 11, 7: 18, 8: 14, 9: 19, 10: 12, 11: 4, 12: 3, 13: 14, 14: 0, 15: 5}
2026-05-21 16:19:49 [INFO] 面积统计：{1: np.float64(41.52), 2: np.float64(1.63), 3: np.float64(0.03), 4: np.float64(2.43), 5: np.float64(8.36), 6: np.float64(8.06), 7: np.float64(2.24), 8: np.float64(1.72), 9: np.float64(6.76), 10: np.float64(10.73), 11: np.float64(0.22), 12: np.float64(13.86), 13: np.float64(1.81), 15: np.float64(0.62)}
2026-05-21 16:19:49 [INFO] 分割成功
2026-05-21 16:19:49 [INFO] 引擎上下文已释放
2026-05-21 16:19:49 [INFO] TensorRT 引擎已释放
2026-05-21 16:19:49 [INFO] 全局 CUDA 资源已释放
2026-05-21 16:19:49 [INFO] 分割系统资源已释放
2026-05-21 16:19:52 [INFO] CUDA 初始化成功
2026-05-21 16:19:52 [INFO] 引擎加载成功: scrap_steel.engine
2026-05-21 16:19:52 [INFO] 分割系统初始化成功
2026-05-21 16:19:52 [INFO] 图像预处理完成，原始尺寸: (2160, 3840)
2026-05-21 16:19:52 [INFO] 开始执行分割...
2026-05-21 16:19:53 [DEBUG] 处理后的检测结果形状: (1, 8400, 6)
2026-05-21 16:19:53 [DEBUG] 示例检测结果: [[-4.04323959e+00 -3.26009750e+00  3.87400589e+01  1.55267887e+01
   4.15662278e-08  5.00000000e+00]
 [-6.29169083e+00 -3.01795292e+00  4.39860077e+01  2.98314934e+01
   9.48268664e-09  9.00000000e+00]
 [-3.59481430e+00 -3.55187225e+00  4.55580788e+01  3.04000015e+01
   4.07190637e-09  9.00000000e+00]]
2026-05-21 16:19:53 [DEBUG] 处理后检测输出形状: (0, 52)
2026-05-21 16:19:53 [DEBUG] 有效检测数量: 0
2026-05-21 16:19:53 [DEBUG] 检测输出为空
2026-05-21 16:19:53 [INFO] 掩码中检测到的类别: [0, 1, 2, 3, 4, 5, 6, 7, 8, 9, 10, 11, 12, 13, 15]
2026-05-21 16:19:53 [INFO] 分割完成，检测到 0 个物体
2026-05-21 16:19:53 [INFO] 从分割掩码中提取检测结果
2026-05-21 16:19:53 [INFO] 从掩码中提取了 450 个检测框
2026-05-21 16:19:53 [INFO] 检测到车兜区域，将过滤区域外的目标
2026-05-21 16:19:53 [INFO] 车兜区域过滤: 450 -> 177 个目标
2026-05-21 16:19:54 [INFO] 保存分割和检测结果到: C:\code\show\Scrap_Steel_In_Field\photos\segmentation\segment_20260521_161953.jpg
2026-05-21 16:19:54 [INFO] JSON结果保存到: C:\code\show\Scrap_Steel_In_Field\photos\segmentation_result.json
2026-05-21 16:19:54 [INFO] 类别统计：{0: 1, 1: 26, 2: 14, 3: 1, 4: 7, 5: 20, 6: 15, 7: 16, 8: 13, 9: 21, 10: 12, 11: 4, 12: 6, 13: 16, 14: 0, 15: 5}
2026-05-21 16:19:54 [INFO] 面积统计：{1: np.float64(41.42), 2: np.float64(1.89), 3: np.float64(0.05), 4: np.float64(2.55), 5: np.float64(8.62), 6: np.float64(7.54), 7: np.float64(1.99), 8: np.float64(1.64), 9: np.float64(6.69), 10: np.float64(10.89), 11: np.float64(0.28), 12: np.float64(13.62), 13: np.float64(1.96), 15: np.float64(0.84)}
2026-05-21 16:19:54 [INFO] 分割成功
2026-05-21 16:19:54 [INFO] 引擎上下文已释放
2026-05-21 16:19:54 [INFO] TensorRT 引擎已释放
2026-05-21 16:19:54 [INFO] 全局 CUDA 资源已释放
2026-05-21 16:19:54 [INFO] 分割系统资源已释放
2026-05-21 16:19:58 [INFO] CUDA 初始化成功
2026-05-21 16:19:58 [INFO] 引擎加载成功: scrap_steel.engine
2026-05-21 16:19:58 [INFO] 分割系统初始化成功
2026-05-21 16:19:58 [INFO] 图像预处理完成，原始尺寸: (2160, 3840)
2026-05-21 16:19:58 [INFO] 开始执行分割...
2026-05-21 16:19:58 [DEBUG] 处理后的检测结果形状: (1, 8400, 6)
2026-05-21 16:19:58 [DEBUG] 示例检测结果: [[-4.07728577e+00 -3.29699326e+00  3.88055420e+01  1.56498070e+01
   4.18919512e-08  5.00000000e+00]
 [-6.34499359e+00 -3.05659866e+00  4.39478531e+01  2.98126640e+01
   9.51980894e-09  9.00000000e+00]
 [-3.60996246e+00 -3.59288788e+00  4.55238571e+01  3.03596878e+01
   4.04039113e-09  9.00000000e+00]]
2026-05-21 16:19:58 [DEBUG] 处理后检测输出形状: (0, 52)
2026-05-21 16:19:58 [DEBUG] 有效检测数量: 0
2026-05-21 16:19:58 [DEBUG] 检测输出为空
2026-05-21 16:19:58 [INFO] 掩码中检测到的类别: [0, 1, 2, 3, 4, 5, 6, 7, 8, 9, 10, 11, 12, 13, 15]
2026-05-21 16:19:58 [INFO] 分割完成，检测到 0 个物体
2026-05-21 16:19:58 [INFO] 从分割掩码中提取检测结果
2026-05-21 16:19:58 [INFO] 从掩码中提取了 425 个检测框
2026-05-21 16:19:58 [INFO] 检测到车兜区域，将过滤区域外的目标
2026-05-21 16:19:58 [INFO] 车兜区域过滤: 425 -> 178 个目标
2026-05-21 16:19:59 [INFO] 保存分割和检测结果到: C:\code\show\Scrap_Steel_In_Field\photos\segmentation\segment_20260521_161958.jpg
2026-05-21 16:19:59 [INFO] JSON结果保存到: C:\code\show\Scrap_Steel_In_Field\photos\segmentation_result.json
2026-05-21 16:19:59 [INFO] 类别统计：{0: 9, 1: 24, 2: 15, 3: 0, 4: 9, 5: 16, 6: 16, 7: 16, 8: 14, 9: 20, 10: 13, 11: 3, 12: 4, 13: 11, 14: 0, 15: 8}
2026-05-21 16:19:59 [INFO] 面积统计：{1: np.float64(39.85), 2: np.float64(1.69), 3: np.float64(0.01), 4: np.float64(2.79), 5: np.float64(9.26), 6: np.float64(7.46), 7: np.float64(2.02), 8: np.float64(1.9), 9: np.float64(6.46), 10: np.float64(11.27), 11: np.float64(0.21), 12: np.float64(14.01), 13: np.float64(1.9), 15: np.float64(1.18)}
2026-05-21 16:19:59 [INFO] 分割成功
2026-05-21 16:19:59 [INFO] 引擎上下文已释放
2026-05-21 16:19:59 [INFO] TensorRT 引擎已释放
2026-05-21 16:19:59 [INFO] 全局 CUDA 资源已释放
2026-05-21 16:19:59 [INFO] 分割系统资源已释放
2026-05-21 16:20:03 [INFO] CUDA 初始化成功
2026-05-21 16:20:03 [INFO] 引擎加载成功: scrap_steel.engine
2026-05-21 16:20:03 [INFO] 分割系统初始化成功
2026-05-21 16:20:04 [INFO] 图像预处理完成，原始尺寸: (2160, 3840)
2026-05-21 16:20:04 [INFO] 开始执行分割...
2026-05-21 16:20:04 [DEBUG] 处理后的检测结果形状: (1, 8400, 6)
2026-05-21 16:20:04 [DEBUG] 示例检测结果: [[-4.10390472e+00 -3.31161785e+00  3.89564476e+01  1.56876955e+01
   4.10754488e-08  5.00000000e+00]
 [-6.36530304e+00 -3.05768871e+00  4.40362244e+01  2.99216576e+01
   9.37177802e-09  9.00000000e+00]
 [-3.60063553e+00 -3.58064270e+00  4.55597649e+01  3.03740692e+01
   4.05559586e-09  9.00000000e+00]]
2026-05-21 16:20:04 [DEBUG] 处理后检测输出形状: (0, 52)
2026-05-21 16:20:04 [DEBUG] 有效检测数量: 0
2026-05-21 16:20:04 [DEBUG] 检测输出为空
2026-05-21 16:20:04 [INFO] 掩码中检测到的类别: [0, 1, 2, 3, 4, 5, 6, 7, 8, 9, 10, 11, 12, 13, 15]
2026-05-21 16:20:04 [INFO] 分割完成，检测到 0 个物体
2026-05-21 16:20:04 [INFO] 从分割掩码中提取检测结果
2026-05-21 16:20:04 [INFO] 从掩码中提取了 426 个检测框
2026-05-21 16:20:04 [INFO] 检测到车兜区域，将过滤区域外的目标
2026-05-21 16:20:04 [INFO] 车兜区域过滤: 426 -> 170 个目标
2026-05-21 16:20:06 [INFO] 保存分割和检测结果到: C:\code\show\Scrap_Steel_In_Field\photos\segmentation\segment_20260521_162004.jpg
2026-05-21 16:20:06 [INFO] JSON结果保存到: C:\code\show\Scrap_Steel_In_Field\photos\segmentation_result.json
2026-05-21 16:20:06 [INFO] 类别统计：{0: 1, 1: 24, 2: 15, 3: 1, 4: 11, 5: 17, 6: 20, 7: 15, 8: 14, 9: 15, 10: 12, 11: 3, 12: 5, 13: 12, 14: 0, 15: 5}
2026-05-21 16:20:06 [INFO] 面积统计：{1: np.float64(42.24), 2: np.float64(1.88), 3: np.float64(0.02), 4: np.float64(2.56), 5: np.float64(9.72), 6: np.float64(6.29), 7: np.float64(1.76), 8: np.float64(1.62), 9: np.float64(5.8), 10: np.float64(11.23), 11: np.float64(0.28), 12: np.float64(13.59), 13: np.float64(1.95), 15: np.float64(1.05)}
2026-05-21 16:20:06 [INFO] 分割成功
2026-05-21 16:20:06 [INFO] 引擎上下文已释放
2026-05-21 16:20:06 [INFO] TensorRT 引擎已释放
2026-05-21 16:20:06 [INFO] 全局 CUDA 资源已释放
2026-05-21 16:20:06 [INFO] 分割系统资源已释放
2026-05-21 16:20:09 [INFO] CUDA 初始化成功
2026-05-21 16:20:09 [INFO] 引擎加载成功: scrap_steel.engine
2026-05-21 16:20:09 [INFO] 分割系统初始化成功
2026-05-21 16:20:10 [INFO] 图像预处理完成，原始尺寸: (2160, 3840)
2026-05-21 16:20:10 [INFO] 开始执行分割...
2026-05-21 16:20:10 [DEBUG] 处理后的检测结果形状: (1, 8400, 6)
2026-05-21 16:20:10 [DEBUG] 示例检测结果: [[-4.07653809e+00 -3.30865288e+00  3.88530235e+01  1.55946770e+01
   4.23814264e-08  5.00000000e+00]
 [-6.34145737e+00 -3.06637955e+00  4.38818130e+01  2.97272415e+01
   9.20847487e-09  9.00000000e+00]
 [-3.60862732e+00 -3.56513691e+00  4.54602737e+01  3.02663383e+01
   3.97791933e-09  9.00000000e+00]]
2026-05-21 16:20:10 [DEBUG] 处理后检测输出形状: (0, 52)
2026-05-21 16:20:10 [DEBUG] 有效检测数量: 0
2026-05-21 16:20:10 [DEBUG] 检测输出为空
2026-05-21 16:20:10 [INFO] 掩码中检测到的类别: [0, 1, 2, 3, 4, 5, 6, 7, 8, 9, 10, 11, 12, 13, 15]
2026-05-21 16:20:10 [INFO] 分割完成，检测到 0 个物体
2026-05-21 16:20:10 [INFO] 从分割掩码中提取检测结果
2026-05-21 16:20:10 [INFO] 从掩码中提取了 446 个检测框
2026-05-21 16:20:10 [INFO] 检测到车兜区域，将过滤区域外的目标
2026-05-21 16:20:10 [INFO] 车兜区域过滤: 446 -> 175 个目标
2026-05-21 16:20:11 [INFO] 保存分割和检测结果到: C:\code\show\Scrap_Steel_In_Field\photos\segmentation\segment_20260521_162010.jpg
2026-05-21 16:20:11 [INFO] JSON结果保存到: C:\code\show\Scrap_Steel_In_Field\photos\segmentation_result.json
2026-05-21 16:20:11 [INFO] 类别统计：{0: 1, 1: 24, 2: 18, 3: 0, 4: 9, 5: 17, 6: 19, 7: 15, 8: 15, 9: 19, 10: 12, 11: 3, 12: 5, 13: 13, 14: 0, 15: 5}
2026-05-21 16:20:11 [INFO] 面积统计：{1: np.float64(43.28), 2: np.float64(1.81), 4: np.float64(2.5), 5: np.float64(9.11), 6: np.float64(7.04), 7: np.float64(1.68), 8: np.float64(1.66), 9: np.float64(5.54), 10: np.float64(11.42), 11: np.float64(0.27), 12: np.float64(12.63), 13: np.float64(1.86), 15: np.float64(1.2)}
2026-05-21 16:20:11 [INFO] 分割成功
2026-05-21 16:20:11 [INFO] 引擎上下文已释放
2026-05-21 16:20:11 [INFO] TensorRT 引擎已释放
2026-05-21 16:20:11 [INFO] 全局 CUDA 资源已释放
2026-05-21 16:20:11 [INFO] 分割系统资源已释放
2026-05-21 16:20:15 [INFO] CUDA 初始化成功
2026-05-21 16:20:15 [INFO] 引擎加载成功: scrap_steel.engine
2026-05-21 16:20:15 [INFO] 分割系统初始化成功
2026-05-21 16:20:15 [INFO] 图像预处理完成，原始尺寸: (2160, 3840)
2026-05-21 16:20:15 [INFO] 开始执行分割...
2026-05-21 16:20:15 [DEBUG] 处理后的检测结果形状: (1, 8400, 6)
2026-05-21 16:20:15 [DEBUG] 示例检测结果: [[-4.10683060e+00 -3.32956648e+00  3.88316536e+01  1.57637863e+01
   4.17281996e-08  5.00000000e+00]
 [-6.31157303e+00 -3.06922150e+00  4.39278984e+01  2.98886452e+01
   9.28084010e-09  9.00000000e+00]
 [-3.59072495e+00 -3.56580162e+00  4.55005798e+01  3.03517475e+01
   4.00887590e-09  9.00000000e+00]]
2026-05-21 16:20:15 [DEBUG] 处理后检测输出形状: (0, 52)
2026-05-21 16:20:15 [DEBUG] 有效检测数量: 0
2026-05-21 16:20:15 [DEBUG] 检测输出为空
2026-05-21 16:20:15 [INFO] 掩码中检测到的类别: [0, 1, 2, 3, 4, 5, 6, 7, 8, 9, 10, 11, 12, 13, 15]
2026-05-21 16:20:15 [INFO] 分割完成，检测到 0 个物体
2026-05-21 16:20:15 [INFO] 从分割掩码中提取检测结果
2026-05-21 16:20:15 [INFO] 从掩码中提取了 423 个检测框
2026-05-21 16:20:15 [INFO] 检测到车兜区域，将过滤区域外的目标
2026-05-21 16:20:15 [INFO] 车兜区域过滤: 423 -> 165 个目标
2026-05-21 16:20:16 [INFO] 保存分割和检测结果到: C:\code\show\Scrap_Steel_In_Field\photos\segmentation\segment_20260521_162015.jpg
2026-05-21 16:20:16 [INFO] JSON结果保存到: C:\code\show\Scrap_Steel_In_Field\photos\segmentation_result.json
2026-05-21 16:20:16 [INFO] 类别统计：{0: 1, 1: 26, 2: 12, 3: 0, 4: 10, 5: 19, 6: 18, 7: 16, 8: 13, 9: 16, 10: 11, 11: 4, 12: 3, 13: 12, 14: 0, 15: 4}
2026-05-21 16:20:16 [INFO] 面积统计：{1: np.float64(41.33), 2: np.float64(1.62), 4: np.float64(2.94), 5: np.float64(9.14), 6: np.float64(6.99), 7: np.float64(2.0), 8: np.float64(1.95), 9: np.float64(6.19), 10: np.float64(11.3), 11: np.float64(0.26), 12: np.float64(13.8), 13: np.float64(1.89), 15: np.float64(0.59)}
2026-05-21 16:20:16 [INFO] 分割成功
2026-05-21 16:20:16 [INFO] 引擎上下文已释放
2026-05-21 16:20:16 [INFO] TensorRT 引擎已释放
2026-05-21 16:20:16 [INFO] 全局 CUDA 资源已释放
2026-05-21 16:20:16 [INFO] 分割系统资源已释放
2026-05-21 16:20:21 [INFO] CUDA 初始化成功
2026-05-21 16:20:21 [INFO] 引擎加载成功: scrap_steel.engine
2026-05-21 16:20:21 [INFO] 分割系统初始化成功
2026-05-21 16:20:21 [INFO] 图像预处理完成，原始尺寸: (2160, 3840)
2026-05-21 16:20:21 [INFO] 开始执行分割...
2026-05-21 16:20:21 [DEBUG] 处理后的检测结果形状: (1, 8400, 6)
2026-05-21 16:20:21 [DEBUG] 示例检测结果: [[-4.10342026e+00 -3.30440044e+00  3.89139709e+01  1.56819773e+01
   4.23686970e-08  5.00000000e+00]
 [-6.36638641e+00 -3.05497742e+00  4.41068344e+01  2.99929848e+01
   9.48137568e-09  9.00000000e+00]
 [-3.62416840e+00 -3.56311703e+00  4.56110497e+01  3.04407005e+01
   4.11957668e-09  9.00000000e+00]]
2026-05-21 16:20:21 [DEBUG] 处理后检测输出形状: (0, 52)
2026-05-21 16:20:21 [DEBUG] 有效检测数量: 0
2026-05-21 16:20:21 [DEBUG] 检测输出为空
2026-05-21 16:20:21 [INFO] 掩码中检测到的类别: [0, 1, 2, 3, 4, 5, 6, 7, 8, 9, 10, 11, 12, 13, 15]
2026-05-21 16:20:21 [INFO] 分割完成，检测到 0 个物体
2026-05-21 16:20:21 [INFO] 从分割掩码中提取检测结果
2026-05-21 16:20:21 [INFO] 从掩码中提取了 411 个检测框
2026-05-21 16:20:21 [INFO] 检测到车兜区域，将过滤区域外的目标
2026-05-21 16:20:21 [INFO] 车兜区域过滤: 411 -> 169 个目标
2026-05-21 16:20:22 [INFO] 保存分割和检测结果到: C:\code\show\Scrap_Steel_In_Field\photos\segmentation\segment_20260521_162021.jpg
2026-05-21 16:20:22 [INFO] JSON结果保存到: C:\code\show\Scrap_Steel_In_Field\photos\segmentation_result.json
2026-05-21 16:20:22 [INFO] 类别统计：{0: 8, 1: 28, 2: 6, 3: 1, 4: 11, 5: 17, 6: 13, 7: 15, 8: 14, 9: 17, 10: 12, 11: 3, 12: 5, 13: 15, 14: 0, 15: 4}
2026-05-21 16:20:22 [INFO] 面积统计：{1: np.float64(41.73), 2: np.float64(1.21), 3: np.float64(0.06), 4: np.float64(2.54), 5: np.float64(9.18), 6: np.float64(8.02), 7: np.float64(1.95), 8: np.float64(1.87), 9: np.float64(6.06), 10: np.float64(11.02), 11: np.float64(0.18), 12: np.float64(13.06), 13: np.float64(1.9), 15: np.float64(1.22)}
2026-05-21 16:20:22 [INFO] 分割成功
2026-05-21 16:20:22 [INFO] 引擎上下文已释放
2026-05-21 16:20:22 [INFO] TensorRT 引擎已释放
2026-05-21 16:20:22 [INFO] 全局 CUDA 资源已释放
2026-05-21 16:20:22 [INFO] 分割系统资源已释放
2026-05-21 16:20:26 [INFO] CUDA 初始化成功
2026-05-21 16:20:26 [INFO] 引擎加载成功: scrap_steel.engine
2026-05-21 16:20:26 [INFO] 分割系统初始化成功
2026-05-21 16:20:26 [INFO] 图像预处理完成，原始尺寸: (2160, 3840)
2026-05-21 16:20:26 [INFO] 开始执行分割...
2026-05-21 16:20:26 [DEBUG] 处理后的检测结果形状: (1, 8400, 6)
2026-05-21 16:20:26 [DEBUG] 示例检测结果: [[-4.12483978e+00 -3.33801079e+00  3.88415413e+01  1.58648777e+01
   4.17181631e-08  5.00000000e+00]
 [-6.37370682e+00 -3.11761284e+00  4.39434700e+01  2.99940472e+01
   9.28080812e-09  9.00000000e+00]
 [-3.59826660e+00 -3.60578156e+00  4.54831963e+01  3.03535919e+01
   3.93156174e-09  9.00000000e+00]]
2026-05-21 16:20:26 [DEBUG] 处理后检测输出形状: (0, 52)
2026-05-21 16:20:26 [DEBUG] 有效检测数量: 0
2026-05-21 16:20:26 [DEBUG] 检测输出为空
2026-05-21 16:20:26 [INFO] 掩码中检测到的类别: [0, 1, 2, 3, 4, 5, 6, 7, 8, 9, 10, 11, 12, 13, 15]
2026-05-21 16:20:26 [INFO] 分割完成，检测到 0 个物体
2026-05-21 16:20:26 [INFO] 从分割掩码中提取检测结果
2026-05-21 16:20:26 [INFO] 从掩码中提取了 443 个检测框
2026-05-21 16:20:26 [INFO] 检测到车兜区域，将过滤区域外的目标
2026-05-21 16:20:26 [INFO] 车兜区域过滤: 443 -> 185 个目标
2026-05-21 16:20:27 [INFO] 保存分割和检测结果到: C:\code\show\Scrap_Steel_In_Field\photos\segmentation\segment_20260521_162026.jpg
2026-05-21 16:20:27 [INFO] JSON结果保存到: C:\code\show\Scrap_Steel_In_Field\photos\segmentation_result.json
2026-05-21 16:20:27 [INFO] 类别统计：{0: 1, 1: 28, 2: 16, 3: 0, 4: 9, 5: 21, 6: 14, 7: 19, 8: 14, 9: 20, 10: 12, 11: 5, 12: 5, 13: 15, 14: 0, 15: 6}
2026-05-21 16:20:27 [INFO] 面积统计：{1: np.float64(42.2), 2: np.float64(1.79), 3: np.float64(0.01), 4: np.float64(2.48), 5: np.float64(9.25), 6: np.float64(6.62), 7: np.float64(1.97), 8: np.float64(1.8), 9: np.float64(6.01), 10: np.float64(11.52), 11: np.float64(0.28), 12: np.float64(12.94), 13: np.float64(1.89), 15: np.float64(1.26)}
2026-05-21 16:20:27 [INFO] 分割成功
2026-05-21 16:20:27 [INFO] 引擎上下文已释放
2026-05-21 16:20:27 [INFO] TensorRT 引擎已释放
2026-05-21 16:20:27 [INFO] 全局 CUDA 资源已释放
2026-05-21 16:20:27 [INFO] 分割系统资源已释放
2026-05-21 16:20:31 [INFO] CUDA 初始化成功
2026-05-21 16:20:31 [INFO] 引擎加载成功: scrap_steel.engine
2026-05-21 16:20:31 [INFO] 分割系统初始化成功
2026-05-21 16:20:31 [INFO] 图像预处理完成，原始尺寸: (2160, 3840)
2026-05-21 16:20:31 [INFO] 开始执行分割...
2026-05-21 16:20:32 [DEBUG] 处理后的检测结果形状: (1, 8400, 6)
2026-05-21 16:20:32 [DEBUG] 示例检测结果: [[-4.07555771e+00 -3.30362511e+00  3.87858238e+01  1.56003551e+01
   4.23686970e-08  5.00000000e+00]
 [-6.33662415e+00 -3.06461430e+00  4.39479332e+01  2.97837601e+01
   9.40747924e-09  9.00000000e+00]
 [-3.64601898e+00 -3.59040165e+00  4.54683304e+01  3.03286095e+01
   4.02406908e-09  9.00000000e+00]]
2026-05-21 16:20:32 [DEBUG] 处理后检测输出形状: (0, 52)
2026-05-21 16:20:32 [DEBUG] 有效检测数量: 0
2026-05-21 16:20:32 [DEBUG] 检测输出为空
2026-05-21 16:20:32 [INFO] 掩码中检测到的类别: [0, 1, 2, 3, 4, 5, 6, 7, 8, 9, 10, 11, 12, 13, 15]
2026-05-21 16:20:32 [INFO] 分割完成，检测到 0 个物体
2026-05-21 16:20:32 [INFO] 从分割掩码中提取检测结果
2026-05-21 16:20:32 [INFO] 从掩码中提取了 426 个检测框
2026-05-21 16:20:32 [INFO] 检测到车兜区域，将过滤区域外的目标
2026-05-21 16:20:32 [INFO] 车兜区域过滤: 426 -> 173 个目标
2026-05-21 16:20:33 [INFO] 保存分割和检测结果到: C:\code\show\Scrap_Steel_In_Field\photos\segmentation\segment_20260521_162032.jpg
2026-05-21 16:20:33 [INFO] JSON结果保存到: C:\code\show\Scrap_Steel_In_Field\photos\segmentation_result.json
2026-05-21 16:20:33 [INFO] 类别统计：{0: 1, 1: 29, 2: 13, 3: 1, 4: 10, 5: 16, 6: 15, 7: 19, 8: 13, 9: 17, 10: 11, 11: 5, 12: 3, 13: 15, 14: 0, 15: 5}
2026-05-21 16:20:33 [INFO] 面积统计：{1: np.float64(42.57), 2: np.float64(1.69), 3: np.float64(0.07), 4: np.float64(2.67), 5: np.float64(9.43), 6: np.float64(7.18), 7: np.float64(2.15), 8: np.float64(1.69), 9: np.float64(5.33), 10: np.float64(11.14), 11: np.float64(0.29), 12: np.float64(13.09), 13: np.float64(1.65), 15: np.float64(1.06)}
2026-05-21 16:20:33 [INFO] 分割成功
2026-05-21 16:20:33 [INFO] 引擎上下文已释放
2026-05-21 16:20:33 [INFO] TensorRT 引擎已释放
2026-05-21 16:20:33 [INFO] 全局 CUDA 资源已释放
2026-05-21 16:20:33 [INFO] 分割系统资源已释放
2026-05-21 16:20:37 [INFO] CUDA 初始化成功
2026-05-21 16:20:37 [INFO] 引擎加载成功: scrap_steel.engine
2026-05-21 16:20:37 [INFO] 分割系统初始化成功
2026-05-21 16:20:37 [INFO] 图像预处理完成，原始尺寸: (2160, 3840)
2026-05-21 16:20:37 [INFO] 开始执行分割...
2026-05-21 16:20:37 [DEBUG] 处理后的检测结果形状: (1, 8400, 6)
2026-05-21 16:20:37 [DEBUG] 示例检测结果: [[-4.07511139e+00 -3.28609562e+00  3.88266525e+01  1.56441374e+01
   4.17181631e-08  5.00000000e+00]
 [-6.36080170e+00 -3.05368233e+00  4.40207138e+01  2.98201008e+01
   9.35374178e-09  9.00000000e+00]
 [-3.62738800e+00 -3.56420898e+00  4.55330734e+01  3.03582802e+01
   4.05603373e-09  9.00000000e+00]]
2026-05-21 16:20:37 [DEBUG] 处理后检测输出形状: (0, 52)
2026-05-21 16:20:37 [DEBUG] 有效检测数量: 0
2026-05-21 16:20:37 [DEBUG] 检测输出为空
2026-05-21 16:20:37 [INFO] 掩码中检测到的类别: [0, 1, 2, 3, 4, 5, 6, 7, 8, 9, 10, 11, 12, 13, 15]
2026-05-21 16:20:37 [INFO] 分割完成，检测到 0 个物体
2026-05-21 16:20:37 [INFO] 从分割掩码中提取检测结果
2026-05-21 16:20:37 [INFO] 从掩码中提取了 411 个检测框
2026-05-21 16:20:37 [INFO] 检测到车兜区域，将过滤区域外的目标
2026-05-21 16:20:37 [INFO] 车兜区域过滤: 411 -> 171 个目标
2026-05-21 16:20:38 [INFO] 保存分割和检测结果到: C:\code\show\Scrap_Steel_In_Field\photos\segmentation\segment_20260521_162037.jpg
2026-05-21 16:20:38 [INFO] JSON结果保存到: C:\code\show\Scrap_Steel_In_Field\photos\segmentation_result.json
2026-05-21 16:20:38 [INFO] 类别统计：{0: 1, 1: 31, 2: 15, 3: 1, 4: 8, 5: 19, 6: 17, 7: 16, 8: 14, 9: 13, 10: 12, 11: 3, 12: 4, 13: 13, 14: 0, 15: 4}
2026-05-21 16:20:38 [INFO] 面积统计：{1: np.float64(40.49), 2: np.float64(1.65), 3: np.float64(0.06), 4: np.float64(2.74), 5: np.float64(8.95), 6: np.float64(7.77), 7: np.float64(2.24), 8: np.float64(1.91), 9: np.float64(5.85), 10: np.float64(11.24), 11: np.float64(0.19), 12: np.float64(13.7), 13: np.float64(2.04), 15: np.float64(1.16)}
2026-05-21 16:20:38 [INFO] 分割成功
2026-05-21 16:20:38 [INFO] 引擎上下文已释放
2026-05-21 16:20:38 [INFO] TensorRT 引擎已释放
2026-05-21 16:20:38 [INFO] 全局 CUDA 资源已释放
2026-05-21 16:20:38 [INFO] 分割系统资源已释放
2026-05-21 16:20:42 [INFO] CUDA 初始化成功
2026-05-21 16:20:42 [INFO] 引擎加载成功: scrap_steel.engine
2026-05-21 16:20:42 [INFO] 分割系统初始化成功
2026-05-21 16:20:42 [INFO] 图像预处理完成，原始尺寸: (2160, 3840)
2026-05-21 16:20:42 [INFO] 开始执行分割...
2026-05-21 16:20:42 [DEBUG] 处理后的检测结果形状: (1, 8400, 6)
2026-05-21 16:20:42 [DEBUG] 示例检测结果: [[-4.10524368e+00 -3.32008553e+00  3.87733955e+01  1.56280880e+01
   4.23814264e-08  5.00000000e+00]
 [-6.33078384e+00 -3.06671333e+00  4.39459000e+01  2.98160915e+01
   9.40844203e-09  9.00000000e+00]
 [-3.60242462e+00 -3.59265041e+00  4.54905853e+01  3.03453217e+01
   4.05603373e-09  9.00000000e+00]]
2026-05-21 16:20:42 [DEBUG] 处理后检测输出形状: (0, 52)
2026-05-21 16:20:42 [DEBUG] 有效检测数量: 0
2026-05-21 16:20:42 [DEBUG] 检测输出为空
2026-05-21 16:20:42 [INFO] 掩码中检测到的类别: [0, 1, 2, 3, 4, 5, 6, 7, 8, 9, 10, 11, 12, 13, 15]
2026-05-21 16:20:42 [INFO] 分割完成，检测到 0 个物体
2026-05-21 16:20:42 [INFO] 从分割掩码中提取检测结果
2026-05-21 16:20:42 [INFO] 从掩码中提取了 435 个检测框
2026-05-21 16:20:42 [INFO] 检测到车兜区域，将过滤区域外的目标
2026-05-21 16:20:42 [INFO] 车兜区域过滤: 435 -> 168 个目标
2026-05-21 16:20:43 [INFO] 保存分割和检测结果到: C:\code\show\Scrap_Steel_In_Field\photos\segmentation\segment_20260521_162042.jpg
2026-05-21 16:20:43 [INFO] JSON结果保存到: C:\code\show\Scrap_Steel_In_Field\photos\segmentation_result.json
2026-05-21 16:20:43 [INFO] 类别统计：{0: 1, 1: 23, 2: 13, 3: 1, 4: 8, 5: 17, 6: 13, 7: 15, 8: 15, 9: 17, 10: 13, 11: 3, 12: 7, 13: 18, 14: 0, 15: 4}
2026-05-21 16:20:43 [INFO] 面积统计：{1: np.float64(42.17), 2: np.float64(1.57), 3: np.float64(0.04), 4: np.float64(2.5), 5: np.float64(9.71), 6: np.float64(7.89), 7: np.float64(1.78), 8: np.float64(2.25), 9: np.float64(5.61), 10: np.float64(10.9), 11: np.float64(0.18), 12: np.float64(12.14), 13: np.float64(2.02), 15: np.float64(1.25)}
2026-05-21 16:20:43 [INFO] 分割成功
2026-05-21 16:20:43 [INFO] 引擎上下文已释放
2026-05-21 16:20:43 [INFO] TensorRT 引擎已释放
2026-05-21 16:20:43 [INFO] 全局 CUDA 资源已释放
2026-05-21 16:20:43 [INFO] 分割系统资源已释放
2026-05-21 16:20:47 [INFO] CUDA 初始化成功
2026-05-21 16:20:47 [INFO] 引擎加载成功: scrap_steel.engine
2026-05-21 16:20:47 [INFO] 分割系统初始化成功
2026-05-21 16:20:47 [INFO] 图像预处理完成，原始尺寸: (2160, 3840)
2026-05-21 16:20:47 [INFO] 开始执行分割...
2026-05-21 16:20:47 [DEBUG] 处理后的检测结果形状: (1, 8400, 6)
2026-05-21 16:20:47 [DEBUG] 示例检测结果: [[-4.05725861e+00 -3.28362322e+00  3.88391800e+01  1.55414314e+01
   4.23686970e-08  5.00000000e+00]
 [-6.30341721e+00 -3.03118420e+00  4.40737610e+01  2.98713493e+01
   9.47984446e-09  9.00000000e+00]
 [-3.60268784e+00 -3.55054569e+00  4.55459633e+01  3.03675079e+01
   4.11722390e-09  9.00000000e+00]]
2026-05-21 16:20:47 [DEBUG] 处理后检测输出形状: (0, 52)
2026-05-21 16:20:47 [DEBUG] 有效检测数量: 0
2026-05-21 16:20:47 [DEBUG] 检测输出为空
2026-05-21 16:20:47 [INFO] 掩码中检测到的类别: [0, 1, 2, 3, 4, 5, 6, 7, 8, 9, 10, 11, 12, 13, 15]
2026-05-21 16:20:47 [INFO] 分割完成，检测到 0 个物体
2026-05-21 16:20:47 [INFO] 从分割掩码中提取检测结果
2026-05-21 16:20:47 [INFO] 从掩码中提取了 405 个检测框
2026-05-21 16:20:47 [INFO] 检测到车兜区域，将过滤区域外的目标
2026-05-21 16:20:47 [INFO] 车兜区域过滤: 405 -> 170 个目标
2026-05-21 16:20:48 [INFO] 保存分割和检测结果到: C:\code\show\Scrap_Steel_In_Field\photos\segmentation\segment_20260521_162047.jpg
2026-05-21 16:20:48 [INFO] JSON结果保存到: C:\code\show\Scrap_Steel_In_Field\photos\segmentation_result.json
2026-05-21 16:20:48 [INFO] 类别统计：{0: 1, 1: 26, 2: 15, 3: 1, 4: 10, 5: 15, 6: 18, 7: 13, 8: 12, 9: 18, 10: 12, 11: 4, 12: 5, 13: 15, 14: 0, 15: 5}
2026-05-21 16:20:48 [INFO] 面积统计：{1: np.float64(40.49), 2: np.float64(1.87), 3: np.float64(0.03), 4: np.float64(2.79), 5: np.float64(9.15), 6: np.float64(8.16), 7: np.float64(1.83), 8: np.float64(1.69), 9: np.float64(5.52), 10: np.float64(11.22), 11: np.float64(0.25), 12: np.float64(13.67), 13: np.float64(2.14), 15: np.float64(1.21)}
2026-05-21 16:20:48 [INFO] 分割成功
2026-05-21 16:20:48 [INFO] 引擎上下文已释放
2026-05-21 16:20:48 [INFO] TensorRT 引擎已释放
2026-05-21 16:20:48 [INFO] 全局 CUDA 资源已释放
2026-05-21 16:20:48 [INFO] 分割系统资源已释放
2026-05-21 16:20:52 [INFO] CUDA 初始化成功
2026-05-21 16:20:52 [INFO] 引擎加载成功: scrap_steel.engine
2026-05-21 16:20:52 [INFO] 分割系统初始化成功
2026-05-21 16:20:52 [INFO] 图像预处理完成，原始尺寸: (2160, 3840)
2026-05-21 16:20:52 [INFO] 开始执行分割...
2026-05-21 16:20:52 [DEBUG] 处理后的检测结果形状: (1, 8400, 6)
2026-05-21 16:20:52 [DEBUG] 示例检测结果: [[-4.06056213e+00 -3.27165699e+00  3.87514877e+01  1.54818926e+01
   4.17281996e-08  5.00000000e+00]
 [-6.32369995e+00 -3.01747322e+00  4.39376373e+01  2.97207966e+01
   9.48137568e-09  9.00000000e+00]
 [-3.62240601e+00 -3.55192089e+00  4.55469208e+01  3.03470650e+01
   4.10279100e-09  9.00000000e+00]]
2026-05-21 16:20:52 [DEBUG] 处理后检测输出形状: (0, 52)
2026-05-21 16:20:52 [DEBUG] 有效检测数量: 0
2026-05-21 16:20:52 [DEBUG] 检测输出为空
2026-05-21 16:20:52 [INFO] 掩码中检测到的类别: [0, 1, 2, 3, 4, 5, 6, 7, 8, 9, 10, 11, 12, 13, 15]
2026-05-21 16:20:52 [INFO] 分割完成，检测到 0 个物体
2026-05-21 16:20:52 [INFO] 从分割掩码中提取检测结果
2026-05-21 16:20:52 [INFO] 从掩码中提取了 438 个检测框
2026-05-21 16:20:52 [INFO] 检测到车兜区域，将过滤区域外的目标
2026-05-21 16:20:52 [INFO] 车兜区域过滤: 438 -> 183 个目标
2026-05-21 16:20:53 [INFO] 保存分割和检测结果到: C:\code\show\Scrap_Steel_In_Field\photos\segmentation\segment_20260521_162052.jpg
2026-05-21 16:20:53 [INFO] JSON结果保存到: C:\code\show\Scrap_Steel_In_Field\photos\segmentation_result.json
2026-05-21 16:20:53 [INFO] 类别统计：{0: 1, 1: 28, 2: 13, 3: 0, 4: 11, 5: 18, 6: 16, 7: 17, 8: 16, 9: 18, 10: 12, 11: 5, 12: 8, 13: 14, 14: 0, 15: 6}
2026-05-21 16:20:53 [INFO] 面积统计：{1: np.float64(42.98), 2: np.float64(1.64), 3: np.float64(0.01), 4: np.float64(2.74), 5: np.float64(8.75), 6: np.float64(7.37), 7: np.float64(1.8), 8: np.float64(1.65), 9: np.float64(5.99), 10: np.float64(11.35), 11: np.float64(0.32), 12: np.float64(11.99), 13: np.float64(2.26), 15: np.float64(1.15)}
2026-05-21 16:20:53 [INFO] 分割成功
2026-05-21 16:20:53 [INFO] 引擎上下文已释放
2026-05-21 16:20:53 [INFO] TensorRT 引擎已释放
2026-05-21 16:20:53 [INFO] 全局 CUDA 资源已释放
2026-05-21 16:20:53 [INFO] 分割系统资源已释放
2026-05-21 16:20:57 [INFO] CUDA 初始化成功
2026-05-21 16:20:57 [INFO] 引擎加载成功: scrap_steel.engine
2026-05-21 16:20:57 [INFO] 分割系统初始化成功
2026-05-21 16:20:57 [INFO] 图像预处理完成，原始尺寸: (2160, 3840)
2026-05-21 16:20:57 [INFO] 开始执行分割...
2026-05-21 16:20:58 [DEBUG] 处理后的检测结果形状: (1, 8400, 6)
2026-05-21 16:20:58 [DEBUG] 示例检测结果: [[-4.09169769e+00 -3.30659819e+00  3.88843384e+01  1.57095985e+01
   4.20539230e-08  5.00000000e+00]
 [-6.35692596e+00 -3.06663227e+00  4.40133438e+01  2.99482918e+01
   9.48137568e-09  9.00000000e+00]
 [-3.62134552e+00 -3.59279919e+00  4.55774918e+01  3.04399147e+01
   4.08735445e-09  9.00000000e+00]]
2026-05-21 16:20:58 [DEBUG] 处理后检测输出形状: (0, 52)
2026-05-21 16:20:58 [DEBUG] 有效检测数量: 0
2026-05-21 16:20:58 [DEBUG] 检测输出为空
2026-05-21 16:20:58 [INFO] 掩码中检测到的类别: [0, 1, 2, 3, 4, 5, 6, 7, 8, 9, 10, 11, 12, 13, 15]
2026-05-21 16:20:58 [INFO] 分割完成，检测到 0 个物体
2026-05-21 16:20:58 [INFO] 从分割掩码中提取检测结果
2026-05-21 16:20:58 [INFO] 从掩码中提取了 427 个检测框
2026-05-21 16:20:58 [INFO] 检测到车兜区域，将过滤区域外的目标
2026-05-21 16:20:58 [INFO] 车兜区域过滤: 427 -> 184 个目标
2026-05-21 16:20:59 [INFO] 保存分割和检测结果到: C:\code\show\Scrap_Steel_In_Field\photos\segmentation\segment_20260521_162058.jpg
2026-05-21 16:20:59 [INFO] JSON结果保存到: C:\code\show\Scrap_Steel_In_Field\photos\segmentation_result.json
2026-05-21 16:20:59 [INFO] 类别统计：{0: 1, 1: 31, 2: 15, 3: 1, 4: 10, 5: 18, 6: 16, 7: 18, 8: 13, 9: 19, 10: 11, 11: 4, 12: 5, 13: 16, 14: 0, 15: 6}
2026-05-21 16:20:59 [INFO] 面积统计：{1: np.float64(41.91), 2: np.float64(1.79), 3: np.float64(0.03), 4: np.float64(2.76), 5: np.float64(9.25), 6: np.float64(6.98), 7: np.float64(2.06), 8: np.float64(1.81), 9: np.float64(5.68), 10: np.float64(10.9), 11: np.float64(0.27), 12: np.float64(13.22), 13: np.float64(2.15), 15: np.float64(1.2)}
2026-05-21 16:20:59 [INFO] 分割成功
2026-05-21 16:20:59 [INFO] 引擎上下文已释放
2026-05-21 16:20:59 [INFO] TensorRT 引擎已释放
2026-05-21 16:20:59 [INFO] 全局 CUDA 资源已释放
2026-05-21 16:20:59 [INFO] 分割系统资源已释放
2026-05-21 16:21:03 [INFO] CUDA 初始化成功
2026-05-21 16:21:03 [INFO] 引擎加载成功: scrap_steel.engine
2026-05-21 16:21:03 [INFO] 分割系统初始化成功
2026-05-21 16:21:03 [INFO] 图像预处理完成，原始尺寸: (2160, 3840)
2026-05-21 16:21:03 [INFO] 开始执行分割...
2026-05-21 16:21:03 [DEBUG] 处理后的检测结果形状: (1, 8400, 6)
2026-05-21 16:21:03 [DEBUG] 示例检测结果: [[-4.04445267e+00 -3.28197289e+00  3.87011452e+01  1.55427647e+01
   4.17281996e-08  5.00000000e+00]
 [-6.30062485e+00 -3.04012585e+00  4.39265594e+01  2.98458519e+01
   9.33511402e-09  9.00000000e+00]
 [-3.60649872e+00 -3.59125042e+00  4.54994888e+01  3.03671074e+01
   4.07159106e-09  9.00000000e+00]]
2026-05-21 16:21:03 [DEBUG] 处理后检测输出形状: (0, 52)
2026-05-21 16:21:03 [DEBUG] 有效检测数量: 0
2026-05-21 16:21:03 [DEBUG] 检测输出为空
2026-05-21 16:21:03 [INFO] 掩码中检测到的类别: [0, 1, 2, 3, 4, 5, 6, 7, 8, 9, 10, 11, 12, 13, 15]
2026-05-21 16:21:03 [INFO] 分割完成，检测到 0 个物体
2026-05-21 16:21:03 [INFO] 从分割掩码中提取检测结果
2026-05-21 16:21:03 [INFO] 从掩码中提取了 419 个检测框
2026-05-21 16:21:03 [INFO] 检测到车兜区域，将过滤区域外的目标
2026-05-21 16:21:03 [INFO] 车兜区域过滤: 419 -> 171 个目标
2026-05-21 16:21:04 [INFO] 保存分割和检测结果到: C:\code\show\Scrap_Steel_In_Field\photos\segmentation\segment_20260521_162103.jpg
2026-05-21 16:21:04 [INFO] JSON结果保存到: C:\code\show\Scrap_Steel_In_Field\photos\segmentation_result.json
2026-05-21 16:21:04 [INFO] 类别统计：{0: 1, 1: 26, 2: 16, 3: 0, 4: 8, 5: 15, 6: 16, 7: 15, 8: 14, 9: 19, 10: 13, 11: 3, 12: 3, 13: 16, 14: 0, 15: 6}
2026-05-21 16:21:04 [INFO] 面积统计：{1: np.float64(41.96), 2: np.float64(2.03), 3: np.float64(0.0), 4: np.float64(2.54), 5: np.float64(8.79), 6: np.float64(6.93), 7: np.float64(1.72), 8: np.float64(1.55), 9: np.float64(6.82), 10: np.float64(11.32), 11: np.float64(0.18), 12: np.float64(13.26), 13: np.float64(1.83), 15: np.float64(1.07)}
2026-05-21 16:21:04 [INFO] 分割成功
2026-05-21 16:21:04 [INFO] 引擎上下文已释放
2026-05-21 16:21:04 [INFO] TensorRT 引擎已释放
2026-05-21 16:21:04 [INFO] 全局 CUDA 资源已释放
2026-05-21 16:21:04 [INFO] 分割系统资源已释放
2026-05-21 16:21:08 [INFO] CUDA 初始化成功
2026-05-21 16:21:08 [INFO] 引擎加载成功: scrap_steel.engine
2026-05-21 16:21:08 [INFO] 分割系统初始化成功
2026-05-21 16:21:08 [INFO] 图像预处理完成，原始尺寸: (2160, 3840)
2026-05-21 16:21:08 [INFO] 开始执行分割...
2026-05-21 16:21:08 [DEBUG] 处理后的检测结果形状: (1, 8400, 6)
2026-05-21 16:21:08 [DEBUG] 示例检测结果: [[-4.10470963e+00 -3.30964184e+00  3.87987556e+01  1.57107630e+01
   4.17181631e-08  5.00000000e+00]
 [-6.33799744e+00 -3.09011459e+00  4.39008369e+01  2.98980484e+01
   9.28084010e-09  9.00000000e+00]
 [-3.60311890e+00 -3.59216309e+00  4.54697418e+01  3.03432579e+01
   4.00887590e-09  9.00000000e+00]]
2026-05-21 16:21:08 [DEBUG] 处理后检测输出形状: (0, 52)
2026-05-21 16:21:08 [DEBUG] 有效检测数量: 0
2026-05-21 16:21:08 [DEBUG] 检测输出为空
2026-05-21 16:21:08 [INFO] 掩码中检测到的类别: [0, 1, 2, 3, 4, 5, 6, 7, 8, 9, 10, 11, 12, 13, 15]
2026-05-21 16:21:08 [INFO] 分割完成，检测到 0 个物体
2026-05-21 16:21:08 [INFO] 从分割掩码中提取检测结果
2026-05-21 16:21:09 [INFO] 从掩码中提取了 430 个检测框
2026-05-21 16:21:09 [INFO] 检测到车兜区域，将过滤区域外的目标
2026-05-21 16:21:09 [INFO] 车兜区域过滤: 430 -> 165 个目标
2026-05-21 16:21:09 [INFO] 保存分割和检测结果到: C:\code\show\Scrap_Steel_In_Field\photos\segmentation\segment_20260521_162109.jpg
2026-05-21 16:21:09 [INFO] JSON结果保存到: C:\code\show\Scrap_Steel_In_Field\photos\segmentation_result.json
2026-05-21 16:21:09 [INFO] 类别统计：{0: 1, 1: 22, 2: 19, 3: 1, 4: 9, 5: 16, 6: 14, 7: 16, 8: 12, 9: 15, 10: 10, 11: 2, 12: 7, 13: 16, 14: 0, 15: 5}
2026-05-21 16:21:09 [INFO] 面积统计：{1: np.float64(41.32), 2: np.float64(1.83), 3: np.float64(0.07), 4: np.float64(2.58), 5: np.float64(9.42), 6: np.float64(7.37), 7: np.float64(1.83), 8: np.float64(1.71), 9: np.float64(5.47), 10: np.float64(11.35), 11: np.float64(0.2), 12: np.float64(13.54), 13: np.float64(2.13), 15: np.float64(1.18)}
2026-05-21 16:21:09 [INFO] 分割成功
2026-05-21 16:21:09 [INFO] 引擎上下文已释放
2026-05-21 16:21:09 [INFO] TensorRT 引擎已释放
2026-05-21 16:21:09 [INFO] 全局 CUDA 资源已释放
2026-05-21 16:21:09 [INFO] 分割系统资源已释放
2026-05-21 16:21:13 [INFO] CUDA 初始化成功
2026-05-21 16:21:13 [INFO] 引擎加载成功: scrap_steel.engine
2026-05-21 16:21:13 [INFO] 分割系统初始化成功
2026-05-21 16:21:13 [INFO] 图像预处理完成，原始尺寸: (2160, 3840)
2026-05-21 16:21:13 [INFO] 开始执行分割...
2026-05-21 16:21:13 [DEBUG] 处理后的检测结果形状: (1, 8400, 6)
2026-05-21 16:21:13 [DEBUG] 示例检测结果: [[-4.07842255e+00 -3.32011032e+00  3.88092537e+01  1.57620106e+01
   4.17181631e-08  5.00000000e+00]
 [-6.31254959e+00 -3.06942749e+00  4.39177437e+01  2.98549614e+01
   9.35374178e-09  9.00000000e+00]
 [-3.59352112e+00 -3.58016109e+00  4.54950714e+01  3.03320274e+01
   4.02451850e-09  9.00000000e+00]]
2026-05-21 16:21:13 [DEBUG] 处理后检测输出形状: (0, 52)
2026-05-21 16:21:13 [DEBUG] 有效检测数量: 0
2026-05-21 16:21:13 [DEBUG] 检测输出为空
2026-05-21 16:21:13 [INFO] 掩码中检测到的类别: [0, 1, 2, 3, 4, 5, 6, 7, 8, 9, 10, 11, 12, 13, 15]
2026-05-21 16:21:13 [INFO] 分割完成，检测到 0 个物体
2026-05-21 16:21:13 [INFO] 从分割掩码中提取检测结果
2026-05-21 16:21:14 [INFO] 从掩码中提取了 416 个检测框
2026-05-21 16:21:14 [INFO] 检测到车兜区域，将过滤区域外的目标
2026-05-21 16:21:14 [INFO] 车兜区域过滤: 416 -> 168 个目标
2026-05-21 16:21:14 [INFO] 保存分割和检测结果到: C:\code\show\Scrap_Steel_In_Field\photos\segmentation\segment_20260521_162114.jpg
2026-05-21 16:21:14 [INFO] JSON结果保存到: C:\code\show\Scrap_Steel_In_Field\photos\segmentation_result.json
2026-05-21 16:21:14 [INFO] 类别统计：{0: 1, 1: 22, 2: 16, 3: 0, 4: 10, 5: 19, 6: 16, 7: 17, 8: 13, 9: 18, 10: 11, 11: 3, 12: 4, 13: 14, 14: 0, 15: 4}
2026-05-21 16:21:14 [INFO] 面积统计：{1: np.float64(42.27), 2: np.float64(2.07), 4: np.float64(2.53), 5: np.float64(8.63), 6: np.float64(6.95), 7: np.float64(1.93), 8: np.float64(1.68), 9: np.float64(5.4), 10: np.float64(10.82), 11: np.float64(0.28), 12: np.float64(13.8), 13: np.float64(2.44), 15: np.float64(1.21)}
2026-05-21 16:21:14 [INFO] 分割成功
2026-05-21 16:21:14 [INFO] 引擎上下文已释放
2026-05-21 16:21:14 [INFO] TensorRT 引擎已释放
2026-05-21 16:21:14 [INFO] 全局 CUDA 资源已释放
2026-05-21 16:21:14 [INFO] 分割系统资源已释放
2026-05-21 16:21:18 [INFO] CUDA 初始化成功
2026-05-21 16:21:19 [INFO] 引擎加载成功: scrap_steel.engine
2026-05-21 16:21:19 [INFO] 分割系统初始化成功
2026-05-21 16:21:19 [INFO] 图像预处理完成，原始尺寸: (2160, 3840)
2026-05-21 16:21:19 [INFO] 开始执行分割...
2026-05-21 16:21:19 [DEBUG] 处理后的检测结果形状: (1, 8400, 6)
2026-05-21 16:21:19 [DEBUG] 示例检测结果: [[-4.07733917e+00 -3.31751490e+00  3.88610954e+01  1.57222118e+01
   4.23686970e-08  5.00000000e+00]
 [-6.30881119e+00 -3.04248905e+00  4.40060234e+01  2.98649063e+01
   9.40747924e-09  9.00000000e+00]
 [-3.57553101e+00 -3.55334663e+00  4.55137482e+01  3.03331966e+01
   4.03925426e-09  9.00000000e+00]]
2026-05-21 16:21:19 [DEBUG] 处理后检测输出形状: (0, 52)
2026-05-21 16:21:19 [DEBUG] 有效检测数量: 0
2026-05-21 16:21:19 [DEBUG] 检测输出为空
2026-05-21 16:21:19 [INFO] 掩码中检测到的类别: [0, 1, 2, 3, 4, 5, 6, 7, 8, 9, 10, 11, 12, 13, 15]
2026-05-21 16:21:19 [INFO] 分割完成，检测到 0 个物体
2026-05-21 16:21:19 [INFO] 从分割掩码中提取检测结果
2026-05-21 16:21:19 [INFO] 从掩码中提取了 422 个检测框
2026-05-21 16:21:19 [INFO] 检测到车兜区域，将过滤区域外的目标
2026-05-21 16:21:19 [INFO] 车兜区域过滤: 422 -> 168 个目标
2026-05-21 16:21:21 [INFO] 保存分割和检测结果到: C:\code\show\Scrap_Steel_In_Field\photos\segmentation\segment_20260521_162119.jpg
2026-05-21 16:21:21 [INFO] JSON结果保存到: C:\code\show\Scrap_Steel_In_Field\photos\segmentation_result.json
2026-05-21 16:21:21 [INFO] 类别统计：{0: 1, 1: 23, 2: 16, 3: 0, 4: 8, 5: 16, 6: 19, 7: 17, 8: 15, 9: 17, 10: 11, 11: 3, 12: 3, 13: 14, 14: 0, 15: 5}
2026-05-21 16:21:21 [INFO] 面积统计：{1: np.float64(41.9), 2: np.float64(1.79), 3: np.float64(0.01), 4: np.float64(2.84), 5: np.float64(9.25), 6: np.float64(6.42), 7: np.float64(2.23), 8: np.float64(1.69), 9: np.float64(5.91), 10: np.float64(10.99), 11: np.float64(0.28), 12: np.float64(13.74), 13: np.float64(1.71), 15: np.float64(1.25)}
2026-05-21 16:21:21 [INFO] 分割成功
2026-05-21 16:21:21 [INFO] 引擎上下文已释放
2026-05-21 16:21:21 [INFO] TensorRT 引擎已释放
2026-05-21 16:21:21 [INFO] 全局 CUDA 资源已释放
2026-05-21 16:21:21 [INFO] 分割系统资源已释放
2026-05-21 16:21:24 [INFO] CUDA 初始化成功
2026-05-21 16:21:24 [INFO] 引擎加载成功: scrap_steel.engine
2026-05-21 16:21:24 [INFO] 分割系统初始化成功
2026-05-21 16:21:25 [INFO] 图像预处理完成，原始尺寸: (2160, 3840)
2026-05-21 16:21:25 [INFO] 开始执行分割...
2026-05-21 16:21:25 [DEBUG] 处理后的检测结果形状: (1, 8400, 6)
2026-05-21 16:21:25 [DEBUG] 示例检测结果: [[-4.08975220e+00 -3.31648731e+00  3.88254929e+01  1.57726336e+01
   4.20539230e-08  5.00000000e+00]
 [-6.28749466e+00 -3.04393005e+00  4.39620819e+01  2.99181595e+01
   9.40747924e-09  9.00000000e+00]
 [-3.58856583e+00 -3.57738304e+00  4.55131912e+01  3.03605404e+01
   4.00853750e-09  9.00000000e+00]]
2026-05-21 16:21:25 [DEBUG] 处理后检测输出形状: (0, 52)
2026-05-21 16:21:25 [DEBUG] 有效检测数量: 0
2026-05-21 16:21:25 [DEBUG] 检测输出为空
2026-05-21 16:21:25 [INFO] 掩码中检测到的类别: [0, 1, 2, 3, 4, 5, 6, 7, 8, 9, 10, 11, 12, 13, 15]
2026-05-21 16:21:25 [INFO] 分割完成，检测到 0 个物体
2026-05-21 16:21:25 [INFO] 从分割掩码中提取检测结果
2026-05-21 16:21:25 [INFO] 从掩码中提取了 442 个检测框
2026-05-21 16:21:25 [INFO] 检测到车兜区域，将过滤区域外的目标
2026-05-21 16:21:25 [INFO] 车兜区域过滤: 442 -> 169 个目标
2026-05-21 16:21:26 [INFO] 保存分割和检测结果到: C:\code\show\Scrap_Steel_In_Field\photos\segmentation\segment_20260521_162125.jpg
2026-05-21 16:21:26 [INFO] JSON结果保存到: C:\code\show\Scrap_Steel_In_Field\photos\segmentation_result.json
2026-05-21 16:21:26 [INFO] 类别统计：{0: 1, 1: 24, 2: 13, 3: 1, 4: 8, 5: 21, 6: 17, 7: 15, 8: 11, 9: 17, 10: 12, 11: 3, 12: 4, 13: 16, 14: 0, 15: 6}
2026-05-21 16:21:26 [INFO] 面积统计：{1: np.float64(41.05), 2: np.float64(1.36), 3: np.float64(0.05), 4: np.float64(2.65), 5: np.float64(8.87), 6: np.float64(7.73), 7: np.float64(2.09), 8: np.float64(1.9), 9: np.float64(5.5), 10: np.float64(11.35), 11: np.float64(0.25), 12: np.float64(13.85), 13: np.float64(2.09), 15: np.float64(1.26)}
2026-05-21 16:21:26 [INFO] 分割成功
2026-05-21 16:21:26 [INFO] 引擎上下文已释放
2026-05-21 16:21:26 [INFO] TensorRT 引擎已释放
2026-05-21 16:21:26 [INFO] 全局 CUDA 资源已释放
2026-05-21 16:21:26 [INFO] 分割系统资源已释放
2026-05-21 16:21:30 [INFO] CUDA 初始化成功
2026-05-21 16:21:30 [INFO] 引擎加载成功: scrap_steel.engine
2026-05-21 16:21:30 [INFO] 分割系统初始化成功
2026-05-21 16:21:30 [INFO] 图像预处理完成，原始尺寸: (2160, 3840)
2026-05-21 16:21:30 [INFO] 开始执行分割...
2026-05-21 16:21:30 [DEBUG] 处理后的检测结果形状: (1, 8400, 6)
2026-05-21 16:21:30 [DEBUG] 示例检测结果: [[-4.10488510e+00 -3.34195662e+00  3.87693672e+01  1.58304214e+01
   4.17181631e-08  5.00000000e+00]
 [-6.31914139e+00 -3.10401821e+00  4.39353218e+01  3.00453148e+01
   9.20884968e-09  9.00000000e+00]
 [-3.59418869e+00 -3.60649490e+00  4.54775620e+01  3.03701630e+01
   3.94710398e-09  9.00000000e+00]]
2026-05-21 16:21:30 [DEBUG] 处理后检测输出形状: (0, 52)
2026-05-21 16:21:30 [DEBUG] 有效检测数量: 0
2026-05-21 16:21:30 [DEBUG] 检测输出为空
2026-05-21 16:21:30 [INFO] 掩码中检测到的类别: [0, 1, 2, 3, 4, 5, 6, 7, 8, 9, 10, 11, 12, 13, 15]
2026-05-21 16:21:30 [INFO] 分割完成，检测到 0 个物体
2026-05-21 16:21:30 [INFO] 从分割掩码中提取检测结果
2026-05-21 16:21:30 [INFO] 从掩码中提取了 449 个检测框
2026-05-21 16:21:30 [INFO] 检测到车兜区域，将过滤区域外的目标
2026-05-21 16:21:30 [INFO] 车兜区域过滤: 449 -> 184 个目标
2026-05-21 16:21:31 [INFO] 保存分割和检测结果到: C:\code\show\Scrap_Steel_In_Field\photos\segmentation\segment_20260521_162130.jpg
2026-05-21 16:21:31 [INFO] JSON结果保存到: C:\code\show\Scrap_Steel_In_Field\photos\segmentation_result.json
2026-05-21 16:21:31 [INFO] 类别统计：{0: 11, 1: 29, 2: 16, 3: 0, 4: 10, 5: 18, 6: 16, 7: 15, 8: 13, 9: 14, 10: 13, 11: 5, 12: 3, 13: 15, 14: 0, 15: 6}
2026-05-21 16:21:31 [INFO] 面积统计：{1: np.float64(40.38), 2: np.float64(1.99), 3: np.float64(0.01), 4: np.float64(3.13), 5: np.float64(9.34), 6: np.float64(8.22), 7: np.float64(1.84), 8: np.float64(1.8), 9: np.float64(4.87), 10: np.float64(11.38), 11: np.float64(0.33), 12: np.float64(13.59), 13: np.float64(1.91), 15: np.float64(1.22)}
2026-05-21 16:21:31 [INFO] 分割成功
2026-05-21 16:21:31 [INFO] 引擎上下文已释放
2026-05-21 16:21:31 [INFO] TensorRT 引擎已释放
2026-05-21 16:21:31 [INFO] 全局 CUDA 资源已释放
2026-05-21 16:21:31 [INFO] 分割系统资源已释放
2026-05-21 16:21:36 [INFO] CUDA 初始化成功
2026-05-21 16:21:36 [INFO] 引擎加载成功: scrap_steel.engine
2026-05-21 16:21:36 [INFO] 分割系统初始化成功
2026-05-21 16:21:36 [INFO] 图像预处理完成，原始尺寸: (2160, 3840)
2026-05-21 16:21:36 [INFO] 开始执行分割...
2026-05-21 16:21:36 [DEBUG] 处理后的检测结果形状: (1, 8400, 6)
2026-05-21 16:21:36 [DEBUG] 示例检测结果: [[-4.10498810e+00 -3.31858349e+00  3.89189644e+01  1.58342180e+01
   4.18806074e-08  5.00000000e+00]
 [-6.32025528e+00 -3.07145977e+00  4.39991264e+01  2.99830055e+01
   9.42755474e-09  9.00000000e+00]
 [-3.58464813e+00 -3.58082390e+00  4.55659714e+01  3.03861370e+01
   4.05644140e-09  9.00000000e+00]]
2026-05-21 16:21:36 [DEBUG] 处理后检测输出形状: (0, 52)
2026-05-21 16:21:36 [DEBUG] 有效检测数量: 0
2026-05-21 16:21:36 [DEBUG] 检测输出为空
2026-05-21 16:21:36 [INFO] 掩码中检测到的类别: [0, 1, 2, 3, 4, 5, 6, 7, 8, 9, 10, 11, 12, 13, 15]
2026-05-21 16:21:36 [INFO] 分割完成，检测到 0 个物体
2026-05-21 16:21:36 [INFO] 从分割掩码中提取检测结果
2026-05-21 16:21:37 [INFO] 从掩码中提取了 438 个检测框
2026-05-21 16:21:37 [INFO] 检测到车兜区域，将过滤区域外的目标
2026-05-21 16:21:37 [INFO] 车兜区域过滤: 438 -> 180 个目标
2026-05-21 16:21:37 [INFO] 保存分割和检测结果到: C:\code\show\Scrap_Steel_In_Field\photos\segmentation\segment_20260521_162137.jpg
2026-05-21 16:21:37 [INFO] JSON结果保存到: C:\code\show\Scrap_Steel_In_Field\photos\segmentation_result.json
2026-05-21 16:21:37 [INFO] 类别统计：{0: 1, 1: 28, 2: 13, 3: 1, 4: 13, 5: 17, 6: 22, 7: 15, 8: 12, 9: 17, 10: 12, 11: 3, 12: 6, 13: 15, 14: 0, 15: 5}
2026-05-21 16:21:37 [INFO] 面积统计：{1: np.float64(41.05), 2: np.float64(1.7), 3: np.float64(0.04), 4: np.float64(2.78), 5: np.float64(8.78), 6: np.float64(7.49), 7: np.float64(1.81), 8: np.float64(1.78), 9: np.float64(5.95), 10: np.float64(11.6), 11: np.float64(0.19), 12: np.float64(13.65), 13: np.float64(1.97), 15: np.float64(1.21)}
2026-05-21 16:21:37 [INFO] 分割成功
2026-05-21 16:21:37 [INFO] 引擎上下文已释放
2026-05-21 16:21:37 [INFO] TensorRT 引擎已释放
2026-05-21 16:21:37 [INFO] 全局 CUDA 资源已释放
2026-05-21 16:21:37 [INFO] 分割系统资源已释放
2026-05-21 16:21:41 [INFO] CUDA 初始化成功
2026-05-21 16:21:41 [INFO] 引擎加载成功: scrap_steel.engine
2026-05-21 16:21:41 [INFO] 分割系统初始化成功
2026-05-21 16:21:41 [INFO] 图像预处理完成，原始尺寸: (2160, 3840)
2026-05-21 16:21:41 [INFO] 开始执行分割...
2026-05-21 16:21:41 [DEBUG] 处理后的检测结果形状: (1, 8400, 6)
2026-05-21 16:21:41 [DEBUG] 示例检测结果: [[-4.07483673e+00 -3.27633095e+00  3.87536354e+01  1.55921459e+01
   4.17181631e-08  5.00000000e+00]
 [-6.28972244e+00 -3.03461647e+00  4.39200630e+01  2.97873554e+01
   9.31729094e-09  9.00000000e+00]
 [-3.59390259e+00 -3.56383705e+00  4.55134506e+01  3.03599987e+01
   4.04039113e-09  9.00000000e+00]]
2026-05-21 16:21:41 [DEBUG] 处理后检测输出形状: (0, 52)
2026-05-21 16:21:41 [DEBUG] 有效检测数量: 0
2026-05-21 16:21:41 [DEBUG] 检测输出为空
2026-05-21 16:21:41 [INFO] 掩码中检测到的类别: [0, 1, 2, 3, 4, 5, 6, 7, 8, 9, 10, 11, 12, 13, 15]
2026-05-21 16:21:41 [INFO] 分割完成，检测到 0 个物体
2026-05-21 16:21:41 [INFO] 从分割掩码中提取检测结果
2026-05-21 16:21:42 [INFO] 从掩码中提取了 436 个检测框
2026-05-21 16:21:42 [INFO] 检测到车兜区域，将过滤区域外的目标
2026-05-21 16:21:42 [INFO] 车兜区域过滤: 436 -> 182 个目标
2026-05-21 16:21:42 [INFO] 保存分割和检测结果到: C:\code\show\Scrap_Steel_In_Field\photos\segmentation\segment_20260521_162142.jpg
2026-05-21 16:21:42 [INFO] JSON结果保存到: C:\code\show\Scrap_Steel_In_Field\photos\segmentation_result.json
2026-05-21 16:21:42 [INFO] 类别统计：{0: 1, 1: 26, 2: 14, 3: 1, 4: 10, 5: 21, 6: 20, 7: 20, 8: 11, 9: 19, 10: 11, 11: 3, 12: 4, 13: 17, 14: 0, 15: 4}
2026-05-21 16:21:42 [INFO] 面积统计：{1: np.float64(40.38), 2: np.float64(1.72), 3: np.float64(0.07), 4: np.float64(2.33), 5: np.float64(9.62), 6: np.float64(6.86), 7: np.float64(2.17), 8: np.float64(1.79), 9: np.float64(6.59), 10: np.float64(11.07), 11: np.float64(0.2), 12: np.float64(13.76), 13: np.float64(2.2), 15: np.float64(1.24)}
2026-05-21 16:21:42 [INFO] 分割成功
2026-05-21 16:21:42 [INFO] 引擎上下文已释放
2026-05-21 16:21:42 [INFO] TensorRT 引擎已释放
2026-05-21 16:21:43 [INFO] 全局 CUDA 资源已释放
2026-05-21 16:21:43 [INFO] 分割系统资源已释放
2026-05-21 16:21:46 [INFO] CUDA 初始化成功
2026-05-21 16:21:46 [INFO] 引擎加载成功: scrap_steel.engine
2026-05-21 16:21:46 [INFO] 分割系统初始化成功
2026-05-21 16:21:46 [INFO] 图像预处理完成，原始尺寸: (2160, 3840)
2026-05-21 16:21:46 [INFO] 开始执行分割...
2026-05-21 16:21:46 [DEBUG] 处理后的检测结果形状: (1, 8400, 6)
2026-05-21 16:21:46 [DEBUG] 示例检测结果: [[-4.08805084e+00 -3.30669308e+00  3.89098663e+01  1.56986132e+01
   4.18919512e-08  5.00000000e+00]
 [-6.31491089e+00 -3.04253578e+00  4.40411758e+01  2.99552784e+01
   9.33511402e-09  9.00000000e+00]
 [-3.60402679e+00 -3.56291580e+00  4.55812531e+01  3.04080048e+01
   4.04039113e-09  9.00000000e+00]]
2026-05-21 16:21:46 [DEBUG] 处理后检测输出形状: (0, 52)
2026-05-21 16:21:46 [DEBUG] 有效检测数量: 0
2026-05-21 16:21:46 [DEBUG] 检测输出为空
2026-05-21 16:21:46 [INFO] 掩码中检测到的类别: [0, 1, 2, 3, 4, 5, 6, 7, 8, 9, 10, 11, 12, 13, 15]
2026-05-21 16:21:46 [INFO] 分割完成，检测到 0 个物体
2026-05-21 16:21:46 [INFO] 从分割掩码中提取检测结果
2026-05-21 16:21:47 [INFO] 从掩码中提取了 415 个检测框
2026-05-21 16:21:47 [INFO] 检测到车兜区域，将过滤区域外的目标
2026-05-21 16:21:47 [INFO] 车兜区域过滤: 415 -> 171 个目标
2026-05-21 16:21:47 [INFO] 保存分割和检测结果到: C:\code\show\Scrap_Steel_In_Field\photos\segmentation\segment_20260521_162147.jpg
2026-05-21 16:21:47 [INFO] JSON结果保存到: C:\code\show\Scrap_Steel_In_Field\photos\segmentation_result.json
2026-05-21 16:21:47 [INFO] 类别统计：{0: 1, 1: 29, 2: 16, 3: 1, 4: 9, 5: 17, 6: 18, 7: 17, 8: 11, 9: 13, 10: 12, 11: 4, 12: 3, 13: 16, 14: 0, 15: 4}
2026-05-21 16:21:47 [INFO] 面积统计：{1: np.float64(41.58), 2: np.float64(1.56), 3: np.float64(0.06), 4: np.float64(2.87), 5: np.float64(8.45), 6: np.float64(7.34), 7: np.float64(1.85), 8: np.float64(1.92), 9: np.float64(5.21), 10: np.float64(10.85), 11: np.float64(0.31), 12: np.float64(14.66), 13: np.float64(2.15), 15: np.float64(1.2)}
2026-05-21 16:21:47 [INFO] 分割成功
2026-05-21 16:21:47 [INFO] 引擎上下文已释放
2026-05-21 16:21:47 [INFO] TensorRT 引擎已释放
2026-05-21 16:21:47 [INFO] 全局 CUDA 资源已释放
2026-05-21 16:21:47 [INFO] 分割系统资源已释放
2026-05-21 16:21:52 [INFO] CUDA 初始化成功
2026-05-21 16:21:52 [INFO] 引擎加载成功: scrap_steel.engine
2026-05-21 16:21:52 [INFO] 分割系统初始化成功
2026-05-21 16:21:52 [INFO] 图像预处理完成，原始尺寸: (2160, 3840)
2026-05-21 16:21:52 [INFO] 开始执行分割...
2026-05-21 16:21:52 [DEBUG] 处理后的检测结果形状: (1, 8400, 6)
2026-05-21 16:21:52 [DEBUG] 示例检测结果: [[-4.13619232e+00 -3.34152222e+00  3.88891907e+01  1.59021320e+01
   4.17181631e-08  5.00000000e+00]
 [-6.37323761e+00 -3.09113884e+00  4.39510727e+01  2.99819508e+01
   9.24484489e-09  9.00000000e+00]
 [-3.61643982e+00 -3.61851501e+00  4.55058289e+01  3.04297333e+01
   3.97791933e-09  9.00000000e+00]]
2026-05-21 16:21:52 [DEBUG] 处理后检测输出形状: (0, 52)
2026-05-21 16:21:52 [DEBUG] 有效检测数量: 0
2026-05-21 16:21:52 [DEBUG] 检测输出为空
2026-05-21 16:21:52 [INFO] 掩码中检测到的类别: [0, 1, 2, 3, 4, 5, 6, 7, 8, 9, 10, 11, 12, 13, 15]
2026-05-21 16:21:52 [INFO] 分割完成，检测到 0 个物体
2026-05-21 16:21:52 [INFO] 从分割掩码中提取检测结果
2026-05-21 16:21:52 [INFO] 从掩码中提取了 455 个检测框
2026-05-21 16:21:52 [INFO] 检测到车兜区域，将过滤区域外的目标
2026-05-21 16:21:52 [INFO] 车兜区域过滤: 455 -> 192 个目标
2026-05-21 16:21:53 [INFO] 保存分割和检测结果到: C:\code\show\Scrap_Steel_In_Field\photos\segmentation\segment_20260521_162152.jpg
2026-05-21 16:21:53 [INFO] JSON结果保存到: C:\code\show\Scrap_Steel_In_Field\photos\segmentation_result.json
2026-05-21 16:21:53 [INFO] 类别统计：{0: 9, 1: 29, 2: 16, 3: 1, 4: 10, 5: 15, 6: 22, 7: 14, 8: 12, 9: 23, 10: 11, 11: 4, 12: 6, 13: 14, 14: 0, 15: 6}
2026-05-21 16:21:53 [INFO] 面积统计：{1: np.float64(41.47), 2: np.float64(1.87), 3: np.float64(0.05), 4: np.float64(2.28), 5: np.float64(8.82), 6: np.float64(7.46), 7: np.float64(1.84), 8: np.float64(1.63), 9: np.float64(6.34), 10: np.float64(10.76), 11: np.float64(0.25), 12: np.float64(14.08), 13: np.float64(2.03), 15: np.float64(1.13)}
2026-05-21 16:21:53 [INFO] 分割成功
2026-05-21 16:21:53 [INFO] 引擎上下文已释放
2026-05-21 16:21:53 [INFO] TensorRT 引擎已释放
2026-05-21 16:21:53 [INFO] 全局 CUDA 资源已释放
2026-05-21 16:21:53 [INFO] 分割系统资源已释放
2026-05-21 16:21:57 [INFO] CUDA 初始化成功
2026-05-21 16:21:57 [INFO] 引擎加载成功: scrap_steel.engine
2026-05-21 16:21:57 [INFO] 分割系统初始化成功
2026-05-21 16:21:57 [INFO] 图像预处理完成，原始尺寸: (2160, 3840)
2026-05-21 16:21:57 [INFO] 开始执行分割...
2026-05-21 16:21:57 [DEBUG] 处理后的检测结果形状: (1, 8400, 6)
2026-05-21 16:21:57 [DEBUG] 示例检测结果: [[-4.05938339e+00 -3.28655958e+00  3.88889999e+01  1.57022934e+01
   4.17181631e-08  5.00000000e+00]
 [-6.30162430e+00 -3.04440689e+00  4.40457420e+01  2.98802299e+01
   9.42755474e-09  9.00000000e+00]
 [-3.57838440e+00 -3.56925583e+00  4.55402527e+01  3.03574982e+01
   4.04046308e-09  9.00000000e+00]]
2026-05-21 16:21:57 [DEBUG] 处理后检测输出形状: (0, 52)
2026-05-21 16:21:57 [DEBUG] 有效检测数量: 0
2026-05-21 16:21:57 [DEBUG] 检测输出为空
2026-05-21 16:21:57 [INFO] 掩码中检测到的类别: [0, 1, 2, 3, 4, 5, 6, 7, 8, 9, 10, 11, 12, 13, 15]
2026-05-21 16:21:57 [INFO] 分割完成，检测到 0 个物体
2026-05-21 16:21:57 [INFO] 从分割掩码中提取检测结果
2026-05-21 16:21:58 [INFO] 从掩码中提取了 432 个检测框
2026-05-21 16:21:58 [INFO] 检测到车兜区域，将过滤区域外的目标
2026-05-21 16:21:58 [INFO] 车兜区域过滤: 432 -> 178 个目标
2026-05-21 16:21:58 [INFO] 保存分割和检测结果到: C:\code\show\Scrap_Steel_In_Field\photos\segmentation\segment_20260521_162158.jpg
2026-05-21 16:21:58 [INFO] JSON结果保存到: C:\code\show\Scrap_Steel_In_Field\photos\segmentation_result.json
2026-05-21 16:21:58 [INFO] 类别统计：{0: 1, 1: 27, 2: 16, 3: 1, 4: 9, 5: 20, 6: 19, 7: 15, 8: 13, 9: 16, 10: 15, 11: 4, 12: 2, 13: 16, 14: 0, 15: 4}
2026-05-21 16:21:58 [INFO] 面积统计：{1: np.float64(41.5), 2: np.float64(2.15), 3: np.float64(0.02), 4: np.float64(2.54), 5: np.float64(9.5), 6: np.float64(6.97), 7: np.float64(1.63), 8: np.float64(1.73), 9: np.float64(5.47), 10: np.float64(11.35), 11: np.float64(0.23), 12: np.float64(13.69), 13: np.float64(1.97), 15: np.float64(1.26)}
2026-05-21 16:21:58 [INFO] 分割成功
2026-05-21 16:21:58 [INFO] 引擎上下文已释放
2026-05-21 16:21:58 [INFO] TensorRT 引擎已释放
2026-05-21 16:21:58 [INFO] 全局 CUDA 资源已释放
2026-05-21 16:21:58 [INFO] 分割系统资源已释放
2026-05-21 16:22:03 [INFO] CUDA 初始化成功
2026-05-21 16:22:03 [INFO] 引擎加载成功: scrap_steel.engine
2026-05-21 16:22:03 [INFO] 分割系统初始化成功
2026-05-21 16:22:03 [INFO] 图像预处理完成，原始尺寸: (2160, 3840)
2026-05-21 16:22:03 [INFO] 开始执行分割...
2026-05-21 16:22:03 [DEBUG] 处理后的检测结果形状: (1, 8400, 6)
2026-05-21 16:22:03 [DEBUG] 示例检测结果: [[-4.07107162e+00 -3.29717875e+00  3.88478775e+01  1.56376972e+01
   4.17281996e-08  5.00000000e+00]
 [-6.31748962e+00 -3.03274536e+00  4.39971542e+01  2.98845062e+01
   9.40844203e-09  9.00000000e+00]
 [-3.60003662e+00 -3.56783485e+00  4.55275879e+01  3.04303989e+01
   4.05603373e-09  9.00000000e+00]]
2026-05-21 16:22:03 [DEBUG] 处理后检测输出形状: (0, 52)
2026-05-21 16:22:03 [DEBUG] 有效检测数量: 0
2026-05-21 16:22:03 [DEBUG] 检测输出为空
2026-05-21 16:22:03 [INFO] 掩码中检测到的类别: [0, 1, 2, 3, 4, 5, 6, 7, 8, 9, 10, 11, 12, 13, 15]
2026-05-21 16:22:03 [INFO] 分割完成，检测到 0 个物体
2026-05-21 16:22:03 [INFO] 从分割掩码中提取检测结果
2026-05-21 16:22:03 [INFO] 从掩码中提取了 431 个检测框
2026-05-21 16:22:03 [INFO] 检测到车兜区域，将过滤区域外的目标
2026-05-21 16:22:03 [INFO] 车兜区域过滤: 431 -> 168 个目标
2026-05-21 16:22:04 [INFO] 保存分割和检测结果到: C:\code\show\Scrap_Steel_In_Field\photos\segmentation\segment_20260521_162203.jpg
2026-05-21 16:22:04 [INFO] JSON结果保存到: C:\code\show\Scrap_Steel_In_Field\photos\segmentation_result.json
2026-05-21 16:22:04 [INFO] 类别统计：{0: 1, 1: 24, 2: 16, 3: 0, 4: 9, 5: 18, 6: 16, 7: 17, 8: 13, 9: 17, 10: 12, 11: 3, 12: 4, 13: 13, 14: 0, 15: 5}
2026-05-21 16:22:04 [INFO] 面积统计：{1: np.float64(42.12), 2: np.float64(1.73), 3: np.float64(0.0), 4: np.float64(2.52), 5: np.float64(9.1), 6: np.float64(7.3), 7: np.float64(2.18), 8: np.float64(1.67), 9: np.float64(5.33), 10: np.float64(11.07), 11: np.float64(0.17), 12: np.float64(13.76), 13: np.float64(1.82), 15: np.float64(1.23)}
2026-05-21 16:22:04 [INFO] 分割成功
2026-05-21 16:22:04 [INFO] 引擎上下文已释放
2026-05-21 16:22:04 [INFO] TensorRT 引擎已释放
2026-05-21 16:22:04 [INFO] 全局 CUDA 资源已释放
2026-05-21 16:22:04 [INFO] 分割系统资源已释放
2026-05-21 16:22:08 [INFO] CUDA 初始化成功
2026-05-21 16:22:08 [INFO] 引擎加载成功: scrap_steel.engine
2026-05-21 16:22:08 [INFO] 分割系统初始化成功
2026-05-21 16:22:08 [INFO] 图像预处理完成，原始尺寸: (2160, 3840)
2026-05-21 16:22:08 [INFO] 开始执行分割...
2026-05-21 16:22:08 [DEBUG] 处理后的检测结果形状: (1, 8400, 6)
2026-05-21 16:22:08 [DEBUG] 示例检测结果: [[-4.07516098e+00 -3.28377724e+00  3.87650681e+01  1.55911808e+01
   4.25336744e-08  5.00000000e+00]
 [-6.32431793e+00 -3.04184532e+00  4.39984894e+01  2.98349018e+01
   9.37177802e-09  9.00000000e+00]
 [-3.60943985e+00 -3.59344101e+00  4.55340958e+01  3.03840446e+01
   4.07159106e-09  9.00000000e+00]]
2026-05-21 16:22:08 [DEBUG] 处理后检测输出形状: (0, 52)
2026-05-21 16:22:08 [DEBUG] 有效检测数量: 0
2026-05-21 16:22:08 [DEBUG] 检测输出为空
2026-05-21 16:22:08 [INFO] 掩码中检测到的类别: [0, 1, 2, 3, 4, 5, 6, 7, 8, 9, 10, 11, 12, 13, 15]
2026-05-21 16:22:08 [INFO] 分割完成，检测到 0 个物体
2026-05-21 16:22:08 [INFO] 从分割掩码中提取检测结果
2026-05-21 16:22:08 [INFO] 从掩码中提取了 431 个检测框
2026-05-21 16:22:08 [INFO] 检测到车兜区域，将过滤区域外的目标
2026-05-21 16:22:08 [INFO] 车兜区域过滤: 431 -> 170 个目标
2026-05-21 16:22:09 [INFO] 保存分割和检测结果到: C:\code\show\Scrap_Steel_In_Field\photos\segmentation\segment_20260521_162208.jpg
2026-05-21 16:22:09 [INFO] JSON结果保存到: C:\code\show\Scrap_Steel_In_Field\photos\segmentation_result.json
2026-05-21 16:22:09 [INFO] 类别统计：{0: 1, 1: 23, 2: 14, 3: 1, 4: 10, 5: 15, 6: 16, 7: 18, 8: 14, 9: 17, 10: 13, 11: 3, 12: 3, 13: 15, 14: 0, 15: 7}
2026-05-21 16:22:09 [INFO] 面积统计：{1: np.float64(42.31), 2: np.float64(1.6), 3: np.float64(0.06), 4: np.float64(2.56), 5: np.float64(9.09), 6: np.float64(7.57), 7: np.float64(2.16), 8: np.float64(1.69), 9: np.float64(5.9), 10: np.float64(10.57), 11: np.float64(0.18), 12: np.float64(13.11), 13: np.float64(1.99), 15: np.float64(1.22)}
2026-05-21 16:22:09 [INFO] 分割成功
2026-05-21 16:22:09 [INFO] 引擎上下文已释放
2026-05-21 16:22:09 [INFO] TensorRT 引擎已释放
2026-05-21 16:22:09 [INFO] 全局 CUDA 资源已释放
2026-05-21 16:22:09 [INFO] 分割系统资源已释放
2026-05-21 16:22:13 [INFO] CUDA 初始化成功
2026-05-21 16:22:13 [INFO] 引擎加载成功: scrap_steel.engine
2026-05-21 16:22:13 [INFO] 分割系统初始化成功
2026-05-21 16:22:13 [INFO] 图像预处理完成，原始尺寸: (2160, 3840)
2026-05-21 16:22:13 [INFO] 开始执行分割...
2026-05-21 16:22:13 [DEBUG] 处理后的检测结果形状: (1, 8400, 6)
2026-05-21 16:22:13 [DEBUG] 示例检测结果: [[-4.07549667e+00 -3.29668140e+00  3.87225380e+01  1.56604910e+01
   4.15435402e-08  5.00000000e+00]
 [-6.32577896e+00 -3.05454445e+00  4.39317131e+01  2.97725964e+01
   9.28080812e-09  9.00000000e+00]
 [-3.59562683e+00 -3.55161095e+00  4.54677124e+01  3.02668591e+01
   4.02471301e-09  9.00000000e+00]]
2026-05-21 16:22:13 [DEBUG] 处理后检测输出形状: (0, 52)
2026-05-21 16:22:13 [DEBUG] 有效检测数量: 0
2026-05-21 16:22:13 [DEBUG] 检测输出为空
2026-05-21 16:22:13 [INFO] 掩码中检测到的类别: [0, 1, 2, 3, 4, 5, 6, 7, 8, 9, 10, 11, 12, 13, 15]
2026-05-21 16:22:13 [INFO] 分割完成，检测到 0 个物体
2026-05-21 16:22:13 [INFO] 从分割掩码中提取检测结果
2026-05-21 16:22:14 [INFO] 从掩码中提取了 409 个检测框
2026-05-21 16:22:14 [INFO] 检测到车兜区域，将过滤区域外的目标
2026-05-21 16:22:14 [INFO] 车兜区域过滤: 409 -> 170 个目标
2026-05-21 16:22:14 [INFO] 保存分割和检测结果到: C:\code\show\Scrap_Steel_In_Field\photos\segmentation\segment_20260521_162214.jpg
2026-05-21 16:22:14 [INFO] JSON结果保存到: C:\code\show\Scrap_Steel_In_Field\photos\segmentation_result.json
2026-05-21 16:22:14 [INFO] 类别统计：{0: 1, 1: 23, 2: 16, 3: 0, 4: 11, 5: 16, 6: 16, 7: 18, 8: 13, 9: 17, 10: 11, 11: 3, 12: 5, 13: 15, 14: 0, 15: 5}
2026-05-21 16:22:14 [INFO] 面积统计：{1: np.float64(41.27), 2: np.float64(1.75), 4: np.float64(3.18), 5: np.float64(8.79), 6: np.float64(8.23), 7: np.float64(2.17), 8: np.float64(1.82), 9: np.float64(5.89), 10: np.float64(10.86), 11: np.float64(0.31), 12: np.float64(12.82), 13: np.float64(2.04), 15: np.float64(0.88)}
2026-05-21 16:22:14 [INFO] 分割成功
2026-05-21 16:22:14 [INFO] 引擎上下文已释放
2026-05-21 16:22:14 [INFO] TensorRT 引擎已释放
2026-05-21 16:22:14 [INFO] 全局 CUDA 资源已释放
2026-05-21 16:22:14 [INFO] 分割系统资源已释放
2026-05-21 16:22:19 [INFO] CUDA 初始化成功
2026-05-21 16:22:19 [INFO] 引擎加载成功: scrap_steel.engine
2026-05-21 16:22:19 [INFO] 分割系统初始化成功
2026-05-21 16:22:19 [INFO] 图像预处理完成，原始尺寸: (2160, 3840)
2026-05-21 16:22:19 [INFO] 开始执行分割...
2026-05-21 16:22:19 [DEBUG] 处理后的检测结果形状: (1, 8400, 6)
2026-05-21 16:22:19 [DEBUG] 示例检测结果: [[-4.07658005e+00 -3.30723190e+00  3.88379364e+01  1.56523666e+01
   4.15574846e-08  5.00000000e+00]
 [-6.32954788e+00 -3.05568123e+00  4.39855766e+01  2.98050861e+01
   9.39064826e-09  9.00000000e+00]
 [-3.60587311e+00 -3.59168720e+00  4.55221291e+01  3.03261833e+01
   4.02471301e-09  9.00000000e+00]]
2026-05-21 16:22:19 [DEBUG] 处理后检测输出形状: (0, 52)
2026-05-21 16:22:19 [DEBUG] 有效检测数量: 0
2026-05-21 16:22:19 [DEBUG] 检测输出为空
2026-05-21 16:22:19 [INFO] 掩码中检测到的类别: [0, 1, 2, 3, 4, 5, 6, 7, 8, 9, 10, 11, 12, 13, 15]
2026-05-21 16:22:19 [INFO] 分割完成，检测到 0 个物体
2026-05-21 16:22:19 [INFO] 从分割掩码中提取检测结果
2026-05-21 16:22:19 [INFO] 从掩码中提取了 433 个检测框
2026-05-21 16:22:19 [INFO] 检测到车兜区域，将过滤区域外的目标
2026-05-21 16:22:19 [INFO] 车兜区域过滤: 433 -> 174 个目标
2026-05-21 16:22:21 [INFO] 保存分割和检测结果到: C:\code\show\Scrap_Steel_In_Field\photos\segmentation\segment_20260521_162219.jpg
2026-05-21 16:22:21 [INFO] JSON结果保存到: C:\code\show\Scrap_Steel_In_Field\photos\segmentation_result.json
2026-05-21 16:22:21 [INFO] 类别统计：{0: 1, 1: 23, 2: 15, 3: 1, 4: 10, 5: 20, 6: 17, 7: 16, 8: 13, 9: 19, 10: 10, 11: 3, 12: 6, 13: 16, 14: 0, 15: 4}
2026-05-21 16:22:21 [INFO] 面积统计：{1: np.float64(41.48), 2: np.float64(1.89), 3: np.float64(0.04), 4: np.float64(2.89), 5: np.float64(8.99), 6: np.float64(7.28), 7: np.float64(2.17), 8: np.float64(1.85), 9: np.float64(5.12), 10: np.float64(11.65), 11: np.float64(0.26), 12: np.float64(13.01), 13: np.float64(2.13), 15: np.float64(1.24)}
2026-05-21 16:22:21 [INFO] 分割成功
2026-05-21 16:22:21 [INFO] 引擎上下文已释放
2026-05-21 16:22:21 [INFO] TensorRT 引擎已释放
2026-05-21 16:22:21 [INFO] 全局 CUDA 资源已释放
2026-05-21 16:22:21 [INFO] 分割系统资源已释放
2026-05-21 16:22:25 [INFO] CUDA 初始化成功
2026-05-21 16:22:25 [INFO] 引擎加载成功: scrap_steel.engine
2026-05-21 16:22:25 [INFO] 分割系统初始化成功
2026-05-21 16:22:25 [INFO] 图像预处理完成，原始尺寸: (2160, 3840)
2026-05-21 16:22:25 [INFO] 开始执行分割...
2026-05-21 16:22:25 [DEBUG] 处理后的检测结果形状: (1, 8400, 6)
2026-05-21 16:22:25 [DEBUG] 示例检测结果: [[-4.10826111e+00 -3.31078291e+00  3.88502502e+01  1.57370262e+01
   4.17181631e-08  5.00000000e+00]
 [-6.33504486e+00 -3.07202530e+00  4.39789658e+01  2.98353767e+01
   9.39064826e-09  9.00000000e+00]
 [-3.60869598e+00 -3.55459404e+00  4.55272713e+01  3.02795010e+01
   4.05644140e-09  9.00000000e+00]]
2026-05-21 16:22:25 [DEBUG] 处理后检测输出形状: (0, 52)
2026-05-21 16:22:25 [DEBUG] 有效检测数量: 0
2026-05-21 16:22:25 [DEBUG] 检测输出为空
2026-05-21 16:22:25 [INFO] 掩码中检测到的类别: [0, 1, 2, 3, 4, 5, 6, 7, 8, 9, 10, 11, 12, 13, 15]
2026-05-21 16:22:25 [INFO] 分割完成，检测到 0 个物体
2026-05-21 16:22:25 [INFO] 从分割掩码中提取检测结果
2026-05-21 16:22:25 [INFO] 从掩码中提取了 437 个检测框
2026-05-21 16:22:25 [INFO] 检测到车兜区域，将过滤区域外的目标
2026-05-21 16:22:25 [INFO] 车兜区域过滤: 437 -> 176 个目标
2026-05-21 16:22:26 [INFO] 保存分割和检测结果到: C:\code\show\Scrap_Steel_In_Field\photos\segmentation\segment_20260521_162225.jpg
2026-05-21 16:22:26 [INFO] JSON结果保存到: C:\code\show\Scrap_Steel_In_Field\photos\segmentation_result.json
2026-05-21 16:22:26 [INFO] 类别统计：{0: 1, 1: 26, 2: 15, 3: 1, 4: 6, 5: 15, 6: 22, 7: 13, 8: 12, 9: 18, 10: 13, 11: 3, 12: 7, 13: 18, 14: 0, 15: 6}
2026-05-21 16:22:26 [INFO] 面积统计：{1: np.float64(42.91), 2: np.float64(1.92), 3: np.float64(0.07), 4: np.float64(2.26), 5: np.float64(8.76), 6: np.float64(6.96), 7: np.float64(1.91), 8: np.float64(1.74), 9: np.float64(5.54), 10: np.float64(11.43), 11: np.float64(0.25), 12: np.float64(12.9), 13: np.float64(2.32), 15: np.float64(1.03)}
2026-05-21 16:22:26 [INFO] 分割成功
2026-05-21 16:22:26 [INFO] 引擎上下文已释放
2026-05-21 16:22:26 [INFO] TensorRT 引擎已释放
2026-05-21 16:22:26 [INFO] 全局 CUDA 资源已释放
2026-05-21 16:22:26 [INFO] 分割系统资源已释放
2026-05-21 16:22:30 [INFO] CUDA 初始化成功
2026-05-21 16:22:30 [INFO] 引擎加载成功: scrap_steel.engine
2026-05-21 16:22:30 [INFO] 分割系统初始化成功
2026-05-21 16:22:30 [INFO] 图像预处理完成，原始尺寸: (2160, 3840)
2026-05-21 16:22:30 [INFO] 开始执行分割...
2026-05-21 16:22:30 [DEBUG] 处理后的检测结果形状: (1, 8400, 6)
2026-05-21 16:22:30 [DEBUG] 示例检测结果: [[-4.12314606e+00 -3.30690384e+00  3.88486748e+01  1.57121086e+01
   4.17181631e-08  5.00000000e+00]
 [-6.34969330e+00 -3.05688286e+00  4.39805527e+01  2.98286877e+01
   9.35404554e-09  9.00000000e+00]
 [-3.60766602e+00 -3.56427288e+00  4.54939575e+01  3.03033447e+01
   4.02487377e-09  9.00000000e+00]]
2026-05-21 16:22:30 [DEBUG] 处理后检测输出形状: (0, 52)
2026-05-21 16:22:30 [DEBUG] 有效检测数量: 0
2026-05-21 16:22:30 [DEBUG] 检测输出为空
2026-05-21 16:22:30 [INFO] 掩码中检测到的类别: [0, 1, 2, 3, 4, 5, 6, 7, 8, 9, 10, 11, 12, 13, 15]
2026-05-21 16:22:31 [INFO] 分割完成，检测到 0 个物体
2026-05-21 16:22:31 [INFO] 从分割掩码中提取检测结果
2026-05-21 16:22:31 [INFO] 从掩码中提取了 457 个检测框
2026-05-21 16:22:31 [INFO] 检测到车兜区域，将过滤区域外的目标
2026-05-21 16:22:31 [INFO] 车兜区域过滤: 457 -> 188 个目标
2026-05-21 16:22:31 [INFO] 保存分割和检测结果到: C:\code\show\Scrap_Steel_In_Field\photos\segmentation\segment_20260521_162231.jpg
2026-05-21 16:22:31 [INFO] JSON结果保存到: C:\code\show\Scrap_Steel_In_Field\photos\segmentation_result.json
2026-05-21 16:22:31 [INFO] 类别统计：{0: 5, 1: 25, 2: 16, 3: 1, 4: 8, 5: 21, 6: 19, 7: 18, 8: 15, 9: 19, 10: 12, 11: 4, 12: 4, 13: 15, 14: 0, 15: 6}
2026-05-21 16:22:31 [INFO] 面积统计：{1: np.float64(41.67), 2: np.float64(1.64), 3: np.float64(0.07), 4: np.float64(2.76), 5: np.float64(8.82), 6: np.float64(6.82), 7: np.float64(1.94), 8: np.float64(1.75), 9: np.float64(5.16), 10: np.float64(11.69), 11: np.float64(0.27), 12: np.float64(13.65), 13: np.float64(2.42), 15: np.float64(1.34)}
2026-05-21 16:22:32 [INFO] 分割成功
2026-05-21 16:22:32 [INFO] 引擎上下文已释放
2026-05-21 16:22:32 [INFO] TensorRT 引擎已释放
2026-05-21 16:22:32 [INFO] 全局 CUDA 资源已释放
2026-05-21 16:22:32 [INFO] 分割系统资源已释放
2026-05-21 16:22:37 [INFO] CUDA 初始化成功
2026-05-21 16:22:37 [INFO] 引擎加载成功: scrap_steel.engine
2026-05-21 16:22:37 [INFO] 分割系统初始化成功
2026-05-21 16:22:37 [INFO] 图像预处理完成，原始尺寸: (2160, 3840)
2026-05-21 16:22:37 [INFO] 开始执行分割...
2026-05-21 16:22:37 [DEBUG] 处理后的检测结果形状: (1, 8400, 6)
2026-05-21 16:22:37 [DEBUG] 示例检测结果: [[-4.10806274e+00 -3.31715965e+00  3.88270416e+01  1.57607365e+01
   4.23686970e-08  5.00000000e+00]
 [-6.36866760e+00 -3.09322739e+00  4.40126572e+01  2.98793411e+01
   9.40747924e-09  9.00000000e+00]
 [-3.61022949e+00 -3.59492111e+00  4.55107040e+01  3.03269234e+01
   4.10279100e-09  9.00000000e+00]]
2026-05-21 16:22:37 [DEBUG] 处理后检测输出形状: (0, 52)
2026-05-21 16:22:37 [DEBUG] 有效检测数量: 0
2026-05-21 16:22:37 [DEBUG] 检测输出为空
2026-05-21 16:22:37 [INFO] 掩码中检测到的类别: [0, 1, 2, 3, 4, 5, 6, 7, 8, 9, 10, 11, 12, 13, 15]
2026-05-21 16:22:37 [INFO] 分割完成，检测到 0 个物体
2026-05-21 16:22:37 [INFO] 从分割掩码中提取检测结果
2026-05-21 16:22:37 [INFO] 从掩码中提取了 424 个检测框
2026-05-21 16:22:37 [INFO] 检测到车兜区域，将过滤区域外的目标
2026-05-21 16:22:37 [INFO] 车兜区域过滤: 424 -> 166 个目标
2026-05-21 16:22:38 [INFO] 保存分割和检测结果到: C:\code\show\Scrap_Steel_In_Field\photos\segmentation\segment_20260521_162237.jpg
2026-05-21 16:22:38 [INFO] JSON结果保存到: C:\code\show\Scrap_Steel_In_Field\photos\segmentation_result.json
2026-05-21 16:22:38 [INFO] 类别统计：{0: 1, 1: 22, 2: 15, 3: 1, 4: 9, 5: 16, 6: 18, 7: 14, 8: 15, 9: 15, 10: 11, 11: 5, 12: 4, 13: 15, 14: 0, 15: 5}
2026-05-21 16:22:38 [INFO] 面积统计：{1: np.float64(41.5), 2: np.float64(1.73), 3: np.float64(0.04), 4: np.float64(2.53), 5: np.float64(9.65), 6: np.float64(6.84), 7: np.float64(1.81), 8: np.float64(1.84), 9: np.float64(6.53), 10: np.float64(11.32), 11: np.float64(0.3), 12: np.float64(12.8), 13: np.float64(1.99), 15: np.float64(1.12)}
2026-05-21 16:22:38 [INFO] 分割成功
2026-05-21 16:22:38 [INFO] 引擎上下文已释放
2026-05-21 16:22:38 [INFO] TensorRT 引擎已释放
2026-05-21 16:22:38 [INFO] 全局 CUDA 资源已释放
2026-05-21 16:22:38 [INFO] 分割系统资源已释放
2026-05-21 16:22:42 [INFO] CUDA 初始化成功
2026-05-21 16:22:42 [INFO] 引擎加载成功: scrap_steel.engine
2026-05-21 16:22:42 [INFO] 分割系统初始化成功
2026-05-21 16:22:42 [INFO] 图像预处理完成，原始尺寸: (2160, 3840)
2026-05-21 16:22:42 [INFO] 开始执行分割...
2026-05-21 16:22:42 [DEBUG] 处理后的检测结果形状: (1, 8400, 6)
2026-05-21 16:22:42 [DEBUG] 示例检测结果: [[-4.06439590e+00 -3.29657125e+00  3.87695007e+01  1.56213360e+01
   4.20539230e-08  5.00000000e+00]
 [-6.34471893e+00 -3.06789398e+00  4.39661942e+01  2.99196434e+01
   9.28084010e-09  9.00000000e+00]
 [-3.63717270e+00 -3.60860443e+00  4.55459900e+01  3.04276886e+01
   4.08735445e-09  9.00000000e+00]]
2026-05-21 16:22:42 [DEBUG] 处理后检测输出形状: (0, 52)
2026-05-21 16:22:42 [DEBUG] 有效检测数量: 0
2026-05-21 16:22:42 [DEBUG] 检测输出为空
2026-05-21 16:22:42 [INFO] 掩码中检测到的类别: [0, 1, 2, 3, 4, 5, 6, 7, 8, 9, 10, 11, 12, 13, 15]
2026-05-21 16:22:42 [INFO] 分割完成，检测到 0 个物体
2026-05-21 16:22:42 [INFO] 从分割掩码中提取检测结果
2026-05-21 16:22:42 [INFO] 从掩码中提取了 430 个检测框
2026-05-21 16:22:42 [INFO] 检测到车兜区域，将过滤区域外的目标
2026-05-21 16:22:42 [INFO] 车兜区域过滤: 430 -> 167 个目标
2026-05-21 16:22:43 [INFO] 保存分割和检测结果到: C:\code\show\Scrap_Steel_In_Field\photos\segmentation\segment_20260521_162242.jpg
2026-05-21 16:22:43 [INFO] JSON结果保存到: C:\code\show\Scrap_Steel_In_Field\photos\segmentation_result.json
2026-05-21 16:22:43 [INFO] 类别统计：{0: 1, 1: 26, 2: 13, 3: 1, 4: 8, 5: 17, 6: 17, 7: 13, 8: 14, 9: 15, 10: 11, 11: 4, 12: 6, 13: 16, 14: 0, 15: 5}
2026-05-21 16:22:43 [INFO] 面积统计：{1: np.float64(42.2), 2: np.float64(1.49), 3: np.float64(0.03), 4: np.float64(2.57), 5: np.float64(9.7), 6: np.float64(7.63), 7: np.float64(1.99), 8: np.float64(1.76), 9: np.float64(5.3), 10: np.float64(10.55), 11: np.float64(0.28), 12: np.float64(13.01), 13: np.float64(2.24), 15: np.float64(1.23)}
2026-05-21 16:22:43 [INFO] 分割成功
2026-05-21 16:22:43 [INFO] 引擎上下文已释放
2026-05-21 16:22:43 [INFO] TensorRT 引擎已释放
2026-05-21 16:22:43 [INFO] 全局 CUDA 资源已释放
2026-05-21 16:22:43 [INFO] 分割系统资源已释放
2026-05-21 16:22:47 [INFO] CUDA 初始化成功
2026-05-21 16:22:47 [INFO] 引擎加载成功: scrap_steel.engine
2026-05-21 16:22:47 [INFO] 分割系统初始化成功
2026-05-21 16:22:47 [INFO] 图像预处理完成，原始尺寸: (2160, 3840)
2026-05-21 16:22:47 [INFO] 开始执行分割...
2026-05-21 16:22:48 [DEBUG] 处理后的检测结果形状: (1, 8400, 6)
2026-05-21 16:22:48 [DEBUG] 示例检测结果: [[-4.07429886e+00 -3.30389214e+00  3.87162437e+01  1.56548119e+01
   4.27044569e-08  5.00000000e+00]
 [-6.30370712e+00 -3.06686211e+00  4.39683952e+01  2.99169369e+01
   9.36954336e-09  9.00000000e+00]
 [-3.62817764e+00 -3.58989906e+00  4.55179977e+01  3.04008884e+01
   4.02337008e-09  9.00000000e+00]]
2026-05-21 16:22:48 [DEBUG] 处理后检测输出形状: (0, 52)
2026-05-21 16:22:48 [DEBUG] 有效检测数量: 0
2026-05-21 16:22:48 [DEBUG] 检测输出为空
2026-05-21 16:22:48 [INFO] 掩码中检测到的类别: [0, 1, 2, 3, 4, 5, 6, 7, 8, 9, 10, 11, 12, 13, 15]
2026-05-21 16:22:48 [INFO] 分割完成，检测到 0 个物体
2026-05-21 16:22:48 [INFO] 从分割掩码中提取检测结果
2026-05-21 16:22:48 [INFO] 从掩码中提取了 459 个检测框
2026-05-21 16:22:48 [INFO] 检测到车兜区域，将过滤区域外的目标
2026-05-21 16:22:48 [INFO] 车兜区域过滤: 459 -> 186 个目标
2026-05-21 16:22:49 [INFO] 保存分割和检测结果到: C:\code\show\Scrap_Steel_In_Field\photos\segmentation\segment_20260521_162248.jpg
2026-05-21 16:22:49 [INFO] JSON结果保存到: C:\code\show\Scrap_Steel_In_Field\photos\segmentation_result.json
2026-05-21 16:22:49 [INFO] 类别统计：{0: 13, 1: 25, 2: 16, 3: 1, 4: 11, 5: 20, 6: 15, 7: 16, 8: 15, 9: 19, 10: 11, 11: 3, 12: 3, 13: 14, 14: 0, 15: 4}
2026-05-21 16:22:49 [INFO] 面积统计：{1: np.float64(42.29), 2: np.float64(1.99), 3: np.float64(0.07), 4: np.float64(2.92), 5: np.float64(8.75), 6: np.float64(6.53), 7: np.float64(2.02), 8: np.float64(1.66), 9: np.float64(5.62), 10: np.float64(11.22), 11: np.float64(0.24), 12: np.float64(13.55), 13: np.float64(2.12), 15: np.float64(1.02)}
2026-05-21 16:22:49 [INFO] 分割成功
2026-05-21 16:22:49 [INFO] 引擎上下文已释放
2026-05-21 16:22:49 [INFO] TensorRT 引擎已释放
2026-05-21 16:22:49 [INFO] 全局 CUDA 资源已释放
2026-05-21 16:22:49 [INFO] 分割系统资源已释放
2026-05-21 16:22:53 [INFO] CUDA 初始化成功
2026-05-21 16:22:53 [INFO] 引擎加载成功: scrap_steel.engine
2026-05-21 16:22:53 [INFO] 分割系统初始化成功
2026-05-21 16:22:53 [INFO] 图像预处理完成，原始尺寸: (2160, 3840)
2026-05-21 16:22:53 [INFO] 开始执行分割...
2026-05-21 16:22:53 [DEBUG] 处理后的检测结果形状: (1, 8400, 6)
2026-05-21 16:22:53 [DEBUG] 示例检测结果: [[-4.10540009e+00 -3.32266045e+00  3.89123306e+01  1.58069611e+01
   4.10618810e-08  5.00000000e+00]
 [-6.31256866e+00 -3.05869865e+00  4.39967270e+01  2.98854160e+01
   9.39064826e-09  9.00000000e+00]
 [-3.57922363e+00 -3.55291939e+00  4.55122833e+01  3.03372860e+01
   4.04046308e-09  9.00000000e+00]]
2026-05-21 16:22:53 [DEBUG] 处理后检测输出形状: (0, 52)
2026-05-21 16:22:53 [DEBUG] 有效检测数量: 0
2026-05-21 16:22:53 [DEBUG] 检测输出为空
2026-05-21 16:22:53 [INFO] 掩码中检测到的类别: [0, 1, 2, 3, 4, 5, 6, 7, 8, 9, 10, 11, 12, 13, 15]
2026-05-21 16:22:53 [INFO] 分割完成，检测到 0 个物体
2026-05-21 16:22:53 [INFO] 从分割掩码中提取检测结果
2026-05-21 16:22:53 [INFO] 从掩码中提取了 433 个检测框
2026-05-21 16:22:53 [INFO] 检测到车兜区域，将过滤区域外的目标
2026-05-21 16:22:53 [INFO] 车兜区域过滤: 433 -> 176 个目标
2026-05-21 16:22:54 [INFO] 保存分割和检测结果到: C:\code\show\Scrap_Steel_In_Field\photos\segmentation\segment_20260521_162253.jpg
2026-05-21 16:22:54 [INFO] JSON结果保存到: C:\code\show\Scrap_Steel_In_Field\photos\segmentation_result.json
2026-05-21 16:22:54 [INFO] 类别统计：{0: 1, 1: 25, 2: 18, 3: 1, 4: 10, 5: 17, 6: 18, 7: 13, 8: 13, 9: 20, 10: 14, 11: 3, 12: 4, 13: 13, 14: 0, 15: 6}
2026-05-21 16:22:54 [INFO] 面积统计：{1: np.float64(41.82), 2: np.float64(2.0), 3: np.float64(0.04), 4: np.float64(2.65), 5: np.float64(9.01), 6: np.float64(7.37), 7: np.float64(1.87), 8: np.float64(1.75), 9: np.float64(6.0), 10: np.float64(11.11), 11: np.float64(0.2), 12: np.float64(13.07), 13: np.float64(2.06), 15: np.float64(1.05)}
2026-05-21 16:22:54 [INFO] 分割成功
2026-05-21 16:22:54 [INFO] 引擎上下文已释放
2026-05-21 16:22:54 [INFO] TensorRT 引擎已释放
2026-05-21 16:22:54 [INFO] 全局 CUDA 资源已释放
2026-05-21 16:22:54 [INFO] 分割系统资源已释放
2026-05-21 16:22:58 [INFO] CUDA 初始化成功
2026-05-21 16:22:58 [INFO] 引擎加载成功: scrap_steel.engine
2026-05-21 16:22:58 [INFO] 分割系统初始化成功
2026-05-21 16:22:58 [INFO] 图像预处理完成，原始尺寸: (2160, 3840)
2026-05-21 16:22:58 [INFO] 开始执行分割...
2026-05-21 16:22:58 [DEBUG] 处理后的检测结果形状: (1, 8400, 6)
2026-05-21 16:22:58 [DEBUG] 示例检测结果: [[-4.07770157e+00 -3.31990147e+00  3.87610168e+01  1.57119608e+01
   4.18919512e-08  5.00000000e+00]
 [-6.31558609e+00 -3.08137608e+00  4.39549446e+01  2.99415627e+01
   9.26270260e-09  9.00000000e+00]
 [-3.60731506e+00 -3.60552597e+00  4.55044479e+01  3.03548279e+01
   3.97782074e-09  9.00000000e+00]]
2026-05-21 16:22:58 [DEBUG] 处理后检测输出形状: (0, 52)
2026-05-21 16:22:58 [DEBUG] 有效检测数量: 0
2026-05-21 16:22:58 [DEBUG] 检测输出为空
2026-05-21 16:22:58 [INFO] 掩码中检测到的类别: [0, 1, 2, 3, 4, 5, 6, 7, 8, 9, 10, 11, 12, 13, 15]
2026-05-21 16:22:58 [INFO] 分割完成，检测到 0 个物体
2026-05-21 16:22:58 [INFO] 从分割掩码中提取检测结果
2026-05-21 16:22:58 [INFO] 从掩码中提取了 461 个检测框
2026-05-21 16:22:58 [INFO] 检测到车兜区域，将过滤区域外的目标
2026-05-21 16:22:58 [INFO] 车兜区域过滤: 461 -> 189 个目标
2026-05-21 16:22:59 [INFO] 保存分割和检测结果到: C:\code\show\Scrap_Steel_In_Field\photos\segmentation\segment_20260521_162258.jpg
2026-05-21 16:22:59 [INFO] JSON结果保存到: C:\code\show\Scrap_Steel_In_Field\photos\segmentation_result.json
2026-05-21 16:22:59 [INFO] 类别统计：{0: 12, 1: 26, 2: 14, 3: 1, 4: 11, 5: 20, 6: 14, 7: 19, 8: 11, 9: 17, 10: 13, 11: 3, 12: 6, 13: 18, 14: 0, 15: 4}
2026-05-21 16:22:59 [INFO] 面积统计：{1: np.float64(40.39), 2: np.float64(1.69), 3: np.float64(0.06), 4: np.float64(2.97), 5: np.float64(8.54), 6: np.float64(8.47), 7: np.float64(2.13), 8: np.float64(1.79), 9: np.float64(5.77), 10: np.float64(11.06), 11: np.float64(0.2), 12: np.float64(13.5), 13: np.float64(2.17), 15: np.float64(1.23)}
2026-05-21 16:22:59 [INFO] 分割成功
2026-05-21 16:22:59 [INFO] 引擎上下文已释放
2026-05-21 16:22:59 [INFO] TensorRT 引擎已释放
2026-05-21 16:22:59 [INFO] 全局 CUDA 资源已释放
2026-05-21 16:22:59 [INFO] 分割系统资源已释放
2026-05-21 16:23:03 [INFO] CUDA 初始化成功
2026-05-21 16:23:03 [INFO] 引擎加载成功: scrap_steel.engine
2026-05-21 16:23:03 [INFO] 分割系统初始化成功
2026-05-21 16:23:03 [INFO] 图像预处理完成，原始尺寸: (2160, 3840)
2026-05-21 16:23:03 [INFO] 开始执行分割...
2026-05-21 16:23:04 [DEBUG] 处理后的检测结果形状: (1, 8400, 6)
2026-05-21 16:23:04 [DEBUG] 示例检测结果: [[-4.07925797e+00 -3.29746485e+00  3.87180710e+01  1.55966206e+01
   4.18919512e-08  5.00000000e+00]
 [-6.33389282e+00 -3.05674171e+00  4.38657990e+01  2.97486744e+01
   9.31729094e-09  9.00000000e+00]
 [-3.60868835e+00 -3.57880211e+00  4.54594650e+01  3.02674885e+01
   4.04039113e-09  9.00000000e+00]]
2026-05-21 16:23:04 [DEBUG] 处理后检测输出形状: (0, 52)
2026-05-21 16:23:04 [DEBUG] 有效检测数量: 0
2026-05-21 16:23:04 [DEBUG] 检测输出为空
2026-05-21 16:23:04 [INFO] 掩码中检测到的类别: [0, 1, 2, 3, 4, 5, 6, 7, 8, 9, 10, 11, 12, 13, 15]
2026-05-21 16:23:04 [INFO] 分割完成，检测到 0 个物体
2026-05-21 16:23:04 [INFO] 从分割掩码中提取检测结果
2026-05-21 16:23:04 [INFO] 从掩码中提取了 436 个检测框
2026-05-21 16:23:04 [INFO] 检测到车兜区域，将过滤区域外的目标
2026-05-21 16:23:04 [INFO] 车兜区域过滤: 436 -> 179 个目标
2026-05-21 16:23:05 [INFO] 保存分割和检测结果到: C:\code\show\Scrap_Steel_In_Field\photos\segmentation\segment_20260521_162304.jpg
2026-05-21 16:23:05 [INFO] JSON结果保存到: C:\code\show\Scrap_Steel_In_Field\photos\segmentation_result.json
2026-05-21 16:23:05 [INFO] 类别统计：{0: 1, 1: 23, 2: 15, 3: 1, 4: 9, 5: 20, 6: 16, 7: 17, 8: 14, 9: 19, 10: 13, 11: 4, 12: 7, 13: 14, 14: 0, 15: 6}
2026-05-21 16:23:05 [INFO] 面积统计：{1: np.float64(41.74), 2: np.float64(1.77), 3: np.float64(0.06), 4: np.float64(2.8), 5: np.float64(9.3), 6: np.float64(7.25), 7: np.float64(2.01), 8: np.float64(1.61), 9: np.float64(5.45), 10: np.float64(11.28), 11: np.float64(0.29), 12: np.float64(13.3), 13: np.float64(2.03), 15: np.float64(1.11)}
2026-05-21 16:23:05 [INFO] 分割成功
2026-05-21 16:23:05 [INFO] 引擎上下文已释放
2026-05-21 16:23:05 [INFO] TensorRT 引擎已释放
2026-05-21 16:23:05 [INFO] 全局 CUDA 资源已释放
2026-05-21 16:23:05 [INFO] 分割系统资源已释放
2026-05-21 16:23:08 [INFO] CUDA 初始化成功
2026-05-21 16:23:09 [INFO] 引擎加载成功: scrap_steel.engine
2026-05-21 16:23:09 [INFO] 分割系统初始化成功
2026-05-21 16:23:09 [INFO] 图像预处理完成，原始尺寸: (2160, 3840)
2026-05-21 16:23:09 [INFO] 开始执行分割...
2026-05-21 16:23:09 [DEBUG] 处理后的检测结果形状: (1, 8400, 6)
2026-05-21 16:23:09 [DEBUG] 示例检测结果: [[-4.07527542e+00 -3.28797817e+00  3.88677597e+01  1.56608248e+01
   4.15574846e-08  5.00000000e+00]
 [-6.32038116e+00 -3.03168297e+00  4.39381638e+01  2.98841419e+01
   9.35374178e-09  9.00000000e+00]
 [-3.59157944e+00 -3.56552982e+00  4.55059128e+01  3.03612213e+01
   4.07190637e-09  9.00000000e+00]]
2026-05-21 16:23:09 [DEBUG] 处理后检测输出形状: (0, 52)
2026-05-21 16:23:09 [DEBUG] 有效检测数量: 0
2026-05-21 16:23:09 [DEBUG] 检测输出为空
2026-05-21 16:23:09 [INFO] 掩码中检测到的类别: [0, 1, 2, 3, 4, 5, 6, 7, 8, 9, 10, 11, 12, 13, 15]
2026-05-21 16:23:09 [INFO] 分割完成，检测到 0 个物体
2026-05-21 16:23:09 [INFO] 从分割掩码中提取检测结果
2026-05-21 16:23:09 [INFO] 从掩码中提取了 427 个检测框
2026-05-21 16:23:09 [INFO] 检测到车兜区域，将过滤区域外的目标
2026-05-21 16:23:09 [INFO] 车兜区域过滤: 427 -> 169 个目标
2026-05-21 16:23:10 [INFO] 保存分割和检测结果到: C:\code\show\Scrap_Steel_In_Field\photos\segmentation\segment_20260521_162309.jpg
2026-05-21 16:23:10 [INFO] JSON结果保存到: C:\code\show\Scrap_Steel_In_Field\photos\segmentation_result.json
2026-05-21 16:23:10 [INFO] 类别统计：{0: 1, 1: 24, 2: 15, 3: 1, 4: 8, 5: 17, 6: 17, 7: 18, 8: 12, 9: 17, 10: 15, 11: 3, 12: 4, 13: 13, 14: 0, 15: 4}
2026-05-21 16:23:10 [INFO] 面积统计：{1: np.float64(41.38), 2: np.float64(1.89), 3: np.float64(0.08), 4: np.float64(2.53), 5: np.float64(9.14), 6: np.float64(7.52), 7: np.float64(1.86), 8: np.float64(1.74), 9: np.float64(5.87), 10: np.float64(11.03), 11: np.float64(0.21), 12: np.float64(13.64), 13: np.float64(1.93), 15: np.float64(1.16)}
2026-05-21 16:23:10 [INFO] 分割成功
2026-05-21 16:23:10 [INFO] 引擎上下文已释放
2026-05-21 16:23:10 [INFO] TensorRT 引擎已释放
2026-05-21 16:23:10 [INFO] 全局 CUDA 资源已释放
2026-05-21 16:23:10 [INFO] 分割系统资源已释放
2026-05-21 16:23:13 [INFO] CUDA 初始化成功
2026-05-21 16:23:14 [INFO] 引擎加载成功: scrap_steel.engine
2026-05-21 16:23:14 [INFO] 分割系统初始化成功
2026-05-21 16:23:14 [INFO] 图像预处理完成，原始尺寸: (2160, 3840)
2026-05-21 16:23:14 [INFO] 开始执行分割...
2026-05-21 16:23:14 [DEBUG] 处理后的检测结果形状: (1, 8400, 6)
2026-05-21 16:23:14 [DEBUG] 示例检测结果: [[-4.07513046e+00 -3.30901909e+00  3.88440361e+01  1.57108383e+01
   4.13824033e-08  5.00000000e+00]
 [-6.31400299e+00 -3.05717850e+00  4.39945602e+01  2.98874626e+01
   9.31742683e-09  9.00000000e+00]
 [-3.59082794e+00 -3.56510353e+00  4.55123215e+01  3.03906956e+01
   4.04046308e-09  9.00000000e+00]]
2026-05-21 16:23:14 [DEBUG] 处理后检测输出形状: (0, 52)
2026-05-21 16:23:14 [DEBUG] 有效检测数量: 0
2026-05-21 16:23:14 [DEBUG] 检测输出为空
2026-05-21 16:23:14 [INFO] 掩码中检测到的类别: [0, 1, 2, 3, 4, 5, 6, 7, 8, 9, 10, 11, 12, 13, 15]
2026-05-21 16:23:14 [INFO] 分割完成，检测到 0 个物体
2026-05-21 16:23:14 [INFO] 从分割掩码中提取检测结果
2026-05-21 16:23:14 [INFO] 从掩码中提取了 439 个检测框
2026-05-21 16:23:14 [INFO] 检测到车兜区域，将过滤区域外的目标
2026-05-21 16:23:14 [INFO] 车兜区域过滤: 439 -> 181 个目标
2026-05-21 16:23:15 [INFO] 保存分割和检测结果到: C:\code\show\Scrap_Steel_In_Field\photos\segmentation\segment_20260521_162314.jpg
2026-05-21 16:23:15 [INFO] JSON结果保存到: C:\code\show\Scrap_Steel_In_Field\photos\segmentation_result.json
2026-05-21 16:23:15 [INFO] 类别统计：{0: 1, 1: 28, 2: 17, 3: 1, 4: 8, 5: 17, 6: 18, 7: 15, 8: 12, 9: 20, 10: 14, 11: 4, 12: 5, 13: 15, 14: 0, 15: 6}
2026-05-21 16:23:15 [INFO] 面积统计：{1: np.float64(41.97), 2: np.float64(1.7), 3: np.float64(0.03), 4: np.float64(2.57), 5: np.float64(9.48), 6: np.float64(6.81), 7: np.float64(1.78), 8: np.float64(1.69), 9: np.float64(5.33), 10: np.float64(11.32), 11: np.float64(0.22), 12: np.float64(13.83), 13: np.float64(2.03), 15: np.float64(1.22)}
2026-05-21 16:23:15 [INFO] 分割成功
2026-05-21 16:23:15 [INFO] 引擎上下文已释放
2026-05-21 16:23:15 [INFO] TensorRT 引擎已释放
2026-05-21 16:23:15 [INFO] 全局 CUDA 资源已释放
2026-05-21 16:23:15 [INFO] 分割系统资源已释放
2026-05-21 16:23:18 [INFO] CUDA 初始化成功
2026-05-21 16:23:18 [INFO] 引擎加载成功: scrap_steel.engine
2026-05-21 16:23:18 [INFO] 分割系统初始化成功
2026-05-21 16:23:19 [INFO] 图像预处理完成，原始尺寸: (2160, 3840)
2026-05-21 16:23:19 [INFO] 开始执行分割...
2026-05-21 16:23:19 [DEBUG] 处理后的检测结果形状: (1, 8400, 6)
2026-05-21 16:23:19 [DEBUG] 示例检测结果: [[-4.06221390e+00 -3.29104567e+00  3.87489662e+01  1.55386391e+01
   4.27044569e-08  5.00000000e+00]
 [-6.31611252e+00 -3.05417442e+00  4.40130501e+01  2.98192196e+01
   9.40631040e-09  9.00000000e+00]
 [-3.59548569e+00 -3.57629395e+00  4.55326881e+01  3.03945007e+01
   4.08532941e-09  9.00000000e+00]]
2026-05-21 16:23:19 [DEBUG] 处理后检测输出形状: (0, 52)
2026-05-21 16:23:19 [DEBUG] 有效检测数量: 0
2026-05-21 16:23:19 [DEBUG] 检测输出为空
2026-05-21 16:23:19 [INFO] 掩码中检测到的类别: [0, 1, 2, 3, 4, 5, 6, 7, 8, 9, 10, 11, 12, 13, 15]
2026-05-21 16:23:19 [INFO] 分割完成，检测到 0 个物体
2026-05-21 16:23:19 [INFO] 从分割掩码中提取检测结果
2026-05-21 16:23:19 [INFO] 从掩码中提取了 428 个检测框
2026-05-21 16:23:19 [INFO] 检测到车兜区域，将过滤区域外的目标
2026-05-21 16:23:19 [INFO] 车兜区域过滤: 428 -> 181 个目标
2026-05-21 16:23:20 [INFO] 保存分割和检测结果到: C:\code\show\Scrap_Steel_In_Field\photos\segmentation\segment_20260521_162319.jpg
2026-05-21 16:23:20 [INFO] JSON结果保存到: C:\code\show\Scrap_Steel_In_Field\photos\segmentation_result.json
2026-05-21 16:23:20 [INFO] 类别统计：{0: 1, 1: 32, 2: 16, 3: 1, 4: 9, 5: 21, 6: 17, 7: 16, 8: 15, 9: 16, 10: 11, 11: 2, 12: 4, 13: 16, 14: 0, 15: 4}
2026-05-21 16:23:20 [INFO] 面积统计：{1: np.float64(42.59), 2: np.float64(1.65), 3: np.float64(0.02), 4: np.float64(2.41), 5: np.float64(8.96), 6: np.float64(6.7), 7: np.float64(2.12), 8: np.float64(1.68), 9: np.float64(5.27), 10: np.float64(11.53), 11: np.float64(0.17), 12: np.float64(13.89), 13: np.float64(1.86), 15: np.float64(1.15)}
2026-05-21 16:23:20 [INFO] 分割成功
2026-05-21 16:23:20 [INFO] 引擎上下文已释放
2026-05-21 16:23:20 [INFO] TensorRT 引擎已释放
2026-05-21 16:23:20 [INFO] 全局 CUDA 资源已释放
2026-05-21 16:23:20 [INFO] 分割系统资源已释放
2026-05-21 16:23:24 [INFO] CUDA 初始化成功
2026-05-21 16:23:24 [INFO] 引擎加载成功: scrap_steel.engine
2026-05-21 16:23:24 [INFO] 分割系统初始化成功
2026-05-21 16:23:24 [INFO] 图像预处理完成，原始尺寸: (2160, 3840)
2026-05-21 16:23:24 [INFO] 开始执行分割...
2026-05-21 16:23:24 [DEBUG] 处理后的检测结果形状: (1, 8400, 6)
2026-05-21 16:23:24 [DEBUG] 示例检测结果: [[-4.07939911e+00 -3.27400303e+00  3.88247643e+01  1.55968447e+01
   4.13824033e-08  5.00000000e+00]
 [-6.36165619e+00 -3.03083420e+00  4.39477692e+01  2.97712975e+01
   9.42728295e-09  9.00000000e+00]
 [-3.61325073e+00 -3.56342888e+00  4.55504456e+01  3.02939701e+01
   4.04050127e-09  9.00000000e+00]]
2026-05-21 16:23:24 [DEBUG] 处理后检测输出形状: (0, 52)
2026-05-21 16:23:24 [DEBUG] 有效检测数量: 0
2026-05-21 16:23:24 [DEBUG] 检测输出为空
2026-05-21 16:23:24 [INFO] 掩码中检测到的类别: [0, 1, 2, 3, 4, 5, 6, 7, 8, 9, 10, 11, 12, 13, 15]
2026-05-21 16:23:24 [INFO] 分割完成，检测到 0 个物体
2026-05-21 16:23:24 [INFO] 从分割掩码中提取检测结果
2026-05-21 16:23:25 [INFO] 从掩码中提取了 432 个检测框
2026-05-21 16:23:25 [INFO] 检测到车兜区域，将过滤区域外的目标
2026-05-21 16:23:25 [INFO] 车兜区域过滤: 432 -> 174 个目标
2026-05-21 16:23:25 [INFO] 保存分割和检测结果到: C:\code\show\Scrap_Steel_In_Field\photos\segmentation\segment_20260521_162325.jpg
2026-05-21 16:23:25 [INFO] JSON结果保存到: C:\code\show\Scrap_Steel_In_Field\photos\segmentation_result.json
2026-05-21 16:23:25 [INFO] 类别统计：{0: 4, 1: 21, 2: 17, 3: 1, 4: 10, 5: 21, 6: 17, 7: 15, 8: 13, 9: 16, 10: 12, 11: 4, 12: 4, 13: 14, 14: 0, 15: 5}
2026-05-21 16:23:25 [INFO] 面积统计：{1: np.float64(42.03), 2: np.float64(1.97), 3: np.float64(0.03), 4: np.float64(2.55), 5: np.float64(8.65), 6: np.float64(7.62), 7: np.float64(2.19), 8: np.float64(1.55), 9: np.float64(5.95), 10: np.float64(11.06), 11: np.float64(0.32), 12: np.float64(12.88), 13: np.float64(1.94), 15: np.float64(1.26)}
2026-05-21 16:23:25 [INFO] 分割成功
2026-05-21 16:23:25 [INFO] 引擎上下文已释放
2026-05-21 16:23:25 [INFO] TensorRT 引擎已释放
2026-05-21 16:23:25 [INFO] 全局 CUDA 资源已释放
2026-05-21 16:23:25 [INFO] 分割系统资源已释放
2026-05-21 16:23:29 [INFO] CUDA 初始化成功
2026-05-21 16:23:29 [INFO] 引擎加载成功: scrap_steel.engine
2026-05-21 16:23:29 [INFO] 分割系统初始化成功
2026-05-21 16:23:29 [INFO] 图像预处理完成，原始尺寸: (2160, 3840)
2026-05-21 16:23:29 [INFO] 开始执行分割...
2026-05-21 16:23:29 [DEBUG] 处理后的检测结果形状: (1, 8400, 6)
2026-05-21 16:23:29 [DEBUG] 示例检测结果: [[-4.07643127e+00 -3.29413891e+00  3.87939796e+01  1.55659189e+01
   4.23686970e-08  5.00000000e+00]
 [-6.32851410e+00 -3.04259491e+00  4.39466858e+01  2.98581963e+01
   9.48268664e-09  9.00000000e+00]
 [-3.60980988e+00 -3.56540108e+00  4.55209579e+01  3.03607922e+01
   4.10334966e-09  9.00000000e+00]]
2026-05-21 16:23:29 [DEBUG] 处理后检测输出形状: (0, 52)
2026-05-21 16:23:29 [DEBUG] 有效检测数量: 0
2026-05-21 16:23:29 [DEBUG] 检测输出为空
2026-05-21 16:23:29 [INFO] 掩码中检测到的类别: [0, 1, 2, 3, 4, 5, 6, 7, 8, 9, 10, 11, 12, 13, 15]
2026-05-21 16:23:29 [INFO] 分割完成，检测到 0 个物体
2026-05-21 16:23:29 [INFO] 从分割掩码中提取检测结果
2026-05-21 16:23:30 [INFO] 从掩码中提取了 435 个检测框
2026-05-21 16:23:30 [INFO] 检测到车兜区域，将过滤区域外的目标
2026-05-21 16:23:30 [INFO] 车兜区域过滤: 435 -> 169 个目标
2026-05-21 16:23:30 [INFO] 保存分割和检测结果到: C:\code\show\Scrap_Steel_In_Field\photos\segmentation\segment_20260521_162330.jpg
2026-05-21 16:23:30 [INFO] JSON结果保存到: C:\code\show\Scrap_Steel_In_Field\photos\segmentation_result.json
2026-05-21 16:23:30 [INFO] 类别统计：{0: 1, 1: 26, 2: 10, 3: 0, 4: 9, 5: 18, 6: 20, 7: 15, 8: 13, 9: 18, 10: 14, 11: 4, 12: 4, 13: 13, 14: 0, 15: 4}
2026-05-21 16:23:30 [INFO] 面积统计：{1: np.float64(39.75), 2: np.float64(1.46), 3: np.float64(0.0), 4: np.float64(2.77), 5: np.float64(9.61), 6: np.float64(7.07), 7: np.float64(1.93), 8: np.float64(1.95), 9: np.float64(5.24), 10: np.float64(11.7), 11: np.float64(0.21), 12: np.float64(15.02), 13: np.float64(2.08), 15: np.float64(1.21)}
2026-05-21 16:23:30 [INFO] 分割成功
2026-05-21 16:23:30 [INFO] 引擎上下文已释放
2026-05-21 16:23:30 [INFO] TensorRT 引擎已释放
2026-05-21 16:23:30 [INFO] 全局 CUDA 资源已释放
2026-05-21 16:23:30 [INFO] 分割系统资源已释放
2026-05-21 16:23:35 [INFO] CUDA 初始化成功
2026-05-21 16:23:35 [INFO] 引擎加载成功: scrap_steel.engine
2026-05-21 16:23:35 [INFO] 分割系统初始化成功
2026-05-21 16:23:35 [INFO] 图像预处理完成，原始尺寸: (2160, 3840)
2026-05-21 16:23:35 [INFO] 开始执行分割...
2026-05-21 16:23:35 [DEBUG] 处理后的检测结果形状: (1, 8400, 6)
2026-05-21 16:23:35 [DEBUG] 示例检测结果: [[-4.09098053e+00 -3.32536316e+00  3.88023300e+01  1.58238964e+01
   4.30370264e-08  5.00000000e+00]
 [-6.32607651e+00 -3.07772827e+00  4.39644585e+01  2.99592819e+01
   9.44442746e-09  9.00000000e+00]
 [-3.59725189e+00 -3.58937454e+00  4.54864197e+01  3.03908310e+01
   4.05559586e-09  9.00000000e+00]]
2026-05-21 16:23:35 [DEBUG] 处理后检测输出形状: (0, 52)
2026-05-21 16:23:35 [DEBUG] 有效检测数量: 0
2026-05-21 16:23:35 [DEBUG] 检测输出为空
2026-05-21 16:23:35 [INFO] 掩码中检测到的类别: [0, 1, 2, 3, 4, 5, 6, 7, 8, 9, 10, 11, 12, 13, 15]
2026-05-21 16:23:35 [INFO] 分割完成，检测到 0 个物体
2026-05-21 16:23:35 [INFO] 从分割掩码中提取检测结果
2026-05-21 16:23:35 [INFO] 从掩码中提取了 418 个检测框
2026-05-21 16:23:35 [INFO] 检测到车兜区域，将过滤区域外的目标
2026-05-21 16:23:35 [INFO] 车兜区域过滤: 418 -> 174 个目标
2026-05-21 16:23:37 [INFO] 保存分割和检测结果到: C:\code\show\Scrap_Steel_In_Field\photos\segmentation\segment_20260521_162335.jpg
2026-05-21 16:23:37 [INFO] JSON结果保存到: C:\code\show\Scrap_Steel_In_Field\photos\segmentation_result.json
2026-05-21 16:23:37 [INFO] 类别统计：{0: 1, 1: 30, 2: 13, 3: 1, 4: 9, 5: 18, 6: 19, 7: 19, 8: 14, 9: 14, 10: 12, 11: 3, 12: 2, 13: 16, 14: 0, 15: 3}
2026-05-21 16:23:37 [INFO] 面积统计：{1: np.float64(43.11), 2: np.float64(1.4), 3: np.float64(0.05), 4: np.float64(2.55), 5: np.float64(9.2), 6: np.float64(7.5), 7: np.float64(2.24), 8: np.float64(1.91), 9: np.float64(5.72), 10: np.float64(10.57), 11: np.float64(0.21), 12: np.float64(12.39), 13: np.float64(2.0), 15: np.float64(1.16)}
2026-05-21 16:23:37 [INFO] 分割成功
2026-05-21 16:23:37 [INFO] 引擎上下文已释放
2026-05-21 16:23:37 [INFO] TensorRT 引擎已释放
2026-05-21 16:23:37 [INFO] 全局 CUDA 资源已释放
2026-05-21 16:23:37 [INFO] 分割系统资源已释放
2026-05-21 16:23:41 [INFO] CUDA 初始化成功
2026-05-21 16:23:41 [INFO] 引擎加载成功: scrap_steel.engine
2026-05-21 16:23:41 [INFO] 分割系统初始化成功
2026-05-21 16:23:41 [INFO] 图像预处理完成，原始尺寸: (2160, 3840)
2026-05-21 16:23:41 [INFO] 开始执行分割...
2026-05-21 16:23:41 [DEBUG] 处理后的检测结果形状: (1, 8400, 6)
2026-05-21 16:23:41 [DEBUG] 示例检测结果: [[-4.10568619e+00 -3.32860565e+00  3.88400269e+01  1.57546234e+01
   4.20539230e-08  5.00000000e+00]
 [-6.35659027e+00 -3.07931137e+00  4.40022583e+01  2.98504753e+01
   9.33511402e-09  9.00000000e+00]
 [-3.60375977e+00 -3.58028507e+00  4.55065079e+01  3.03218002e+01
   4.03983247e-09  9.00000000e+00]]
2026-05-21 16:23:41 [DEBUG] 处理后检测输出形状: (0, 52)
2026-05-21 16:23:41 [DEBUG] 有效检测数量: 0
2026-05-21 16:23:41 [DEBUG] 检测输出为空
2026-05-21 16:23:41 [INFO] 掩码中检测到的类别: [0, 1, 2, 3, 4, 5, 6, 7, 8, 9, 10, 11, 12, 13, 15]
2026-05-21 16:23:41 [INFO] 分割完成，检测到 0 个物体
2026-05-21 16:23:41 [INFO] 从分割掩码中提取检测结果
2026-05-21 16:23:41 [INFO] 从掩码中提取了 449 个检测框
2026-05-21 16:23:41 [INFO] 检测到车兜区域，将过滤区域外的目标
2026-05-21 16:23:41 [INFO] 车兜区域过滤: 449 -> 183 个目标
2026-05-21 16:23:42 [INFO] 保存分割和检测结果到: C:\code\show\Scrap_Steel_In_Field\photos\segmentation\segment_20260521_162341.jpg
2026-05-21 16:23:42 [INFO] JSON结果保存到: C:\code\show\Scrap_Steel_In_Field\photos\segmentation_result.json
2026-05-21 16:23:42 [INFO] 类别统计：{0: 1, 1: 24, 2: 17, 3: 1, 4: 11, 5: 18, 6: 19, 7: 21, 8: 13, 9: 17, 10: 13, 11: 4, 12: 4, 13: 15, 14: 0, 15: 5}
2026-05-21 16:23:42 [INFO] 面积统计：{1: np.float64(40.79), 2: np.float64(1.94), 3: np.float64(0.07), 4: np.float64(3.01), 5: np.float64(9.08), 6: np.float64(6.76), 7: np.float64(1.99), 8: np.float64(1.63), 9: np.float64(6.36), 10: np.float64(10.98), 11: np.float64(0.24), 12: np.float64(13.76), 13: np.float64(2.19), 15: np.float64(1.21)}
2026-05-21 16:23:42 [INFO] 分割成功
2026-05-21 16:23:42 [INFO] 引擎上下文已释放
2026-05-21 16:23:42 [INFO] TensorRT 引擎已释放
2026-05-21 16:23:42 [INFO] 全局 CUDA 资源已释放
2026-05-21 16:23:42 [INFO] 分割系统资源已释放
2026-05-21 16:23:46 [INFO] CUDA 初始化成功
2026-05-21 16:23:46 [INFO] 引擎加载成功: scrap_steel.engine
2026-05-21 16:23:46 [INFO] 分割系统初始化成功
2026-05-21 16:23:46 [INFO] 图像预处理完成，原始尺寸: (2160, 3840)
2026-05-21 16:23:46 [INFO] 开始执行分割...
2026-05-21 16:23:46 [DEBUG] 处理后的检测结果形状: (1, 8400, 6)
2026-05-21 16:23:46 [DEBUG] 示例检测结果: [[-4.07683182e+00 -3.29190826e+00  3.87827187e+01  1.56464558e+01
   4.23686970e-08  5.00000000e+00]
 [-6.35609055e+00 -3.04161453e+00  4.39781761e+01  2.98116074e+01
   9.48137568e-09  9.00000000e+00]
 [-3.62721634e+00 -3.59234428e+00  4.55220909e+01  3.03568745e+01
   4.10334966e-09  9.00000000e+00]]
2026-05-21 16:23:46 [DEBUG] 处理后检测输出形状: (0, 52)
2026-05-21 16:23:46 [DEBUG] 有效检测数量: 0
2026-05-21 16:23:46 [DEBUG] 检测输出为空
2026-05-21 16:23:46 [INFO] 掩码中检测到的类别: [0, 1, 2, 3, 4, 5, 6, 7, 8, 9, 10, 11, 12, 13, 15]
2026-05-21 16:23:47 [INFO] 分割完成，检测到 0 个物体
2026-05-21 16:23:47 [INFO] 从分割掩码中提取检测结果
2026-05-21 16:23:47 [INFO] 从掩码中提取了 430 个检测框
2026-05-21 16:23:47 [INFO] 检测到车兜区域，将过滤区域外的目标
2026-05-21 16:23:47 [INFO] 车兜区域过滤: 430 -> 172 个目标
2026-05-21 16:23:47 [INFO] 保存分割和检测结果到: C:\code\show\Scrap_Steel_In_Field\photos\segmentation\segment_20260521_162347.jpg
2026-05-21 16:23:47 [INFO] JSON结果保存到: C:\code\show\Scrap_Steel_In_Field\photos\segmentation_result.json
2026-05-21 16:23:47 [INFO] 类别统计：{0: 1, 1: 29, 2: 14, 3: 1, 4: 9, 5: 21, 6: 17, 7: 15, 8: 12, 9: 14, 10: 12, 11: 4, 12: 3, 13: 13, 14: 0, 15: 7}
2026-05-21 16:23:47 [INFO] 面积统计：{1: np.float64(40.41), 2: np.float64(1.66), 3: np.float64(0.06), 4: np.float64(2.55), 5: np.float64(9.74), 6: np.float64(7.01), 7: np.float64(2.07), 8: np.float64(1.97), 9: np.float64(5.02), 10: np.float64(12.08), 11: np.float64(0.26), 12: np.float64(13.88), 13: np.float64(2.06), 15: np.float64(1.23)}
2026-05-21 16:23:48 [INFO] 分割成功
2026-05-21 16:23:48 [INFO] 引擎上下文已释放
2026-05-21 16:23:48 [INFO] TensorRT 引擎已释放
2026-05-21 16:23:48 [INFO] 全局 CUDA 资源已释放
2026-05-21 16:23:48 [INFO] 分割系统资源已释放
2026-05-21 16:23:52 [INFO] CUDA 初始化成功
2026-05-21 16:23:52 [INFO] 引擎加载成功: scrap_steel.engine
2026-05-21 16:23:52 [INFO] 分割系统初始化成功
2026-05-21 16:23:52 [INFO] 图像预处理完成，原始尺寸: (2160, 3840)
2026-05-21 16:23:52 [INFO] 开始执行分割...
2026-05-21 16:23:52 [DEBUG] 处理后的检测结果形状: (1, 8400, 6)
2026-05-21 16:23:52 [DEBUG] 示例检测结果: [[-4.07886887e+00 -3.29942036e+00  3.88414040e+01  1.56575251e+01
   4.12343617e-08  5.00000000e+00]
 [-6.32017899e+00 -3.04753304e+00  4.39429855e+01  2.98112926e+01
   9.29890831e-09  9.00000000e+00]
 [-3.59842682e+00 -3.57948112e+00  4.54986877e+01  3.03711376e+01
   3.97782074e-09  9.00000000e+00]]
2026-05-21 16:23:52 [DEBUG] 处理后检测输出形状: (0, 52)
2026-05-21 16:23:52 [DEBUG] 有效检测数量: 0
2026-05-21 16:23:52 [DEBUG] 检测输出为空
2026-05-21 16:23:52 [INFO] 掩码中检测到的类别: [0, 1, 2, 3, 4, 5, 6, 7, 8, 9, 10, 11, 12, 13, 15]
2026-05-21 16:23:52 [INFO] 分割完成，检测到 0 个物体
2026-05-21 16:23:52 [INFO] 从分割掩码中提取检测结果
2026-05-21 16:23:53 [INFO] 从掩码中提取了 429 个检测框
2026-05-21 16:23:53 [INFO] 检测到车兜区域，将过滤区域外的目标
2026-05-21 16:23:53 [INFO] 车兜区域过滤: 429 -> 173 个目标
2026-05-21 16:23:53 [INFO] 保存分割和检测结果到: C:\code\show\Scrap_Steel_In_Field\photos\segmentation\segment_20260521_162353.jpg
2026-05-21 16:23:53 [INFO] JSON结果保存到: C:\code\show\Scrap_Steel_In_Field\photos\segmentation_result.json
2026-05-21 16:23:53 [INFO] 类别统计：{0: 1, 1: 26, 2: 13, 3: 1, 4: 10, 5: 17, 6: 13, 7: 19, 8: 16, 9: 17, 10: 14, 11: 3, 12: 4, 13: 15, 14: 0, 15: 4}
2026-05-21 16:23:53 [INFO] 面积统计：{1: np.float64(41.89), 2: np.float64(1.31), 3: np.float64(0.02), 4: np.float64(2.62), 5: np.float64(8.73), 6: np.float64(8.5), 7: np.float64(1.95), 8: np.float64(1.88), 9: np.float64(5.29), 10: np.float64(11.24), 11: np.float64(0.24), 12: np.float64(13.33), 13: np.float64(1.87), 15: np.float64(1.13)}
2026-05-21 16:23:53 [INFO] 分割成功
2026-05-21 16:23:53 [INFO] 引擎上下文已释放
2026-05-21 16:23:53 [INFO] TensorRT 引擎已释放
2026-05-21 16:23:53 [INFO] 全局 CUDA 资源已释放
2026-05-21 16:23:53 [INFO] 分割系统资源已释放
2026-05-21 16:23:57 [INFO] CUDA 初始化成功
2026-05-21 16:23:57 [INFO] 引擎加载成功: scrap_steel.engine
2026-05-21 16:23:57 [INFO] 分割系统初始化成功
2026-05-21 16:23:57 [INFO] 图像预处理完成，原始尺寸: (2160, 3840)
2026-05-21 16:23:57 [INFO] 开始执行分割...
2026-05-21 16:23:57 [DEBUG] 处理后的检测结果形状: (1, 8400, 6)
2026-05-21 16:23:57 [DEBUG] 示例检测结果: [[-4.08947754e+00 -3.28980827e+00  3.87193832e+01  1.55117474e+01
   4.14060359e-08  5.00000000e+00]
 [-6.31175232e+00 -3.03270626e+00  4.39776497e+01  2.98106918e+01
   9.33511402e-09  9.00000000e+00]
 [-3.61280823e+00 -3.56323338e+00  4.55492859e+01  3.03708496e+01
   4.03983247e-09  9.00000000e+00]]
2026-05-21 16:23:57 [DEBUG] 处理后检测输出形状: (0, 52)
2026-05-21 16:23:57 [DEBUG] 有效检测数量: 0
2026-05-21 16:23:57 [DEBUG] 检测输出为空
2026-05-21 16:23:57 [INFO] 掩码中检测到的类别: [0, 1, 2, 3, 4, 5, 6, 7, 8, 9, 10, 11, 12, 13, 15]
2026-05-21 16:23:57 [INFO] 分割完成，检测到 0 个物体
2026-05-21 16:23:57 [INFO] 从分割掩码中提取检测结果
2026-05-21 16:23:58 [INFO] 从掩码中提取了 419 个检测框
2026-05-21 16:23:58 [INFO] 检测到车兜区域，将过滤区域外的目标
2026-05-21 16:23:58 [INFO] 车兜区域过滤: 419 -> 172 个目标
2026-05-21 16:23:58 [INFO] 保存分割和检测结果到: C:\code\show\Scrap_Steel_In_Field\photos\segmentation\segment_20260521_162358.jpg
2026-05-21 16:23:58 [INFO] JSON结果保存到: C:\code\show\Scrap_Steel_In_Field\photos\segmentation_result.json
2026-05-21 16:23:58 [INFO] 类别统计：{0: 1, 1: 27, 2: 15, 3: 1, 4: 10, 5: 18, 6: 16, 7: 16, 8: 13, 9: 19, 10: 12, 11: 3, 12: 3, 13: 14, 14: 0, 15: 4}
2026-05-21 16:23:58 [INFO] 面积统计：{1: np.float64(42.8), 2: np.float64(1.67), 3: np.float64(0.04), 4: np.float64(2.24), 5: np.float64(9.41), 6: np.float64(6.75), 7: np.float64(1.85), 8: np.float64(1.66), 9: np.float64(6.02), 10: np.float64(11.46), 11: np.float64(0.2), 12: np.float64(12.76), 13: np.float64(1.81), 15: np.float64(1.32)}
2026-05-21 16:23:58 [INFO] 分割成功
2026-05-21 16:23:58 [INFO] 引擎上下文已释放
2026-05-21 16:23:58 [INFO] TensorRT 引擎已释放
2026-05-21 16:23:58 [INFO] 全局 CUDA 资源已释放
2026-05-21 16:23:58 [INFO] 分割系统资源已释放
2026-05-21 16:24:02 [INFO] CUDA 初始化成功
2026-05-21 16:24:02 [INFO] 引擎加载成功: scrap_steel.engine
2026-05-21 16:24:02 [INFO] 分割系统初始化成功
2026-05-21 16:24:03 [INFO] 图像预处理完成，原始尺寸: (2160, 3840)
2026-05-21 16:24:03 [INFO] 开始执行分割...
2026-05-21 16:24:03 [DEBUG] 处理后的检测结果形状: (1, 8400, 6)
2026-05-21 16:24:03 [DEBUG] 示例检测结果: [[-4.09211731e+00 -3.29451084e+00  3.87515755e+01  1.56494665e+01
   4.23814264e-08  5.00000000e+00]
 [-6.30483627e+00 -3.04193401e+00  4.38753128e+01  2.98097382e+01
   9.44556433e-09  9.00000000e+00]
 [-3.58000183e+00 -3.53860569e+00  4.54565582e+01  3.02639313e+01
   4.10388168e-09  9.00000000e+00]]
2026-05-21 16:24:03 [DEBUG] 处理后检测输出形状: (0, 52)
2026-05-21 16:24:03 [DEBUG] 有效检测数量: 0
2026-05-21 16:24:03 [DEBUG] 检测输出为空
2026-05-21 16:24:03 [INFO] 掩码中检测到的类别: [0, 1, 2, 3, 4, 5, 6, 7, 8, 9, 10, 11, 12, 13, 15]
2026-05-21 16:24:03 [INFO] 分割完成，检测到 0 个物体
2026-05-21 16:24:03 [INFO] 从分割掩码中提取检测结果
2026-05-21 16:24:03 [INFO] 从掩码中提取了 435 个检测框
2026-05-21 16:24:03 [INFO] 检测到车兜区域，将过滤区域外的目标
2026-05-21 16:24:03 [INFO] 车兜区域过滤: 435 -> 174 个目标
2026-05-21 16:24:04 [INFO] 保存分割和检测结果到: C:\code\show\Scrap_Steel_In_Field\photos\segmentation\segment_20260521_162403.jpg
2026-05-21 16:24:04 [INFO] JSON结果保存到: C:\code\show\Scrap_Steel_In_Field\photos\segmentation_result.json
2026-05-21 16:24:04 [INFO] 类别统计：{0: 1, 1: 25, 2: 17, 3: 1, 4: 7, 5: 16, 6: 16, 7: 17, 8: 13, 9: 20, 10: 11, 11: 3, 12: 6, 13: 14, 14: 0, 15: 7}
2026-05-21 16:24:04 [INFO] 面积统计：{1: np.float64(41.48), 2: np.float64(1.9), 3: np.float64(0.08), 4: np.float64(2.19), 5: np.float64(8.74), 6: np.float64(6.76), 7: np.float64(1.98), 8: np.float64(1.75), 9: np.float64(6.35), 10: np.float64(11.4), 11: np.float64(0.17), 12: np.float64(14.32), 13: np.float64(1.8), 15: np.float64(1.08)}
2026-05-21 16:24:04 [INFO] 分割成功
2026-05-21 16:24:04 [INFO] 引擎上下文已释放
2026-05-21 16:24:04 [INFO] TensorRT 引擎已释放
2026-05-21 16:24:04 [INFO] 全局 CUDA 资源已释放
2026-05-21 16:24:04 [INFO] 分割系统资源已释放
2026-05-21 16:24:08 [INFO] CUDA 初始化成功
2026-05-21 16:24:08 [INFO] 引擎加载成功: scrap_steel.engine
2026-05-21 16:24:08 [INFO] 分割系统初始化成功
2026-05-21 16:24:08 [INFO] 图像预处理完成，原始尺寸: (2160, 3840)
2026-05-21 16:24:08 [INFO] 开始执行分割...
2026-05-21 16:24:08 [DEBUG] 处理后的检测结果形状: (1, 8400, 6)
2026-05-21 16:24:08 [DEBUG] 示例检测结果: [[-4.10870743e+00 -3.31874895e+00  3.87984695e+01  1.56925240e+01
   4.20405364e-08  5.00000000e+00]
 [-6.33424377e+00 -3.06816101e+00  4.39832916e+01  2.98958473e+01
   9.44442746e-09  9.00000000e+00]
 [-3.63136673e+00 -3.61743927e+00  4.55115356e+01  3.04392242e+01
   4.07078904e-09  9.00000000e+00]]
2026-05-21 16:24:08 [DEBUG] 处理后检测输出形状: (0, 52)
2026-05-21 16:24:08 [DEBUG] 有效检测数量: 0
2026-05-21 16:24:08 [DEBUG] 检测输出为空
2026-05-21 16:24:08 [INFO] 掩码中检测到的类别: [0, 1, 2, 3, 4, 5, 6, 7, 8, 9, 10, 11, 12, 13, 15]
2026-05-21 16:24:08 [INFO] 分割完成，检测到 0 个物体
2026-05-21 16:24:08 [INFO] 从分割掩码中提取检测结果
2026-05-21 16:24:08 [INFO] 从掩码中提取了 441 个检测框
2026-05-21 16:24:09 [INFO] 检测到车兜区域，将过滤区域外的目标
2026-05-21 16:24:09 [INFO] 车兜区域过滤: 441 -> 185 个目标
2026-05-21 16:24:09 [INFO] 保存分割和检测结果到: C:\code\show\Scrap_Steel_In_Field\photos\segmentation\segment_20260521_162409.jpg
2026-05-21 16:24:09 [INFO] JSON结果保存到: C:\code\show\Scrap_Steel_In_Field\photos\segmentation_result.json
2026-05-21 16:24:09 [INFO] 类别统计：{0: 1, 1: 26, 2: 17, 3: 1, 4: 10, 5: 17, 6: 23, 7: 17, 8: 13, 9: 20, 10: 13, 11: 3, 12: 5, 13: 14, 14: 0, 15: 5}
2026-05-21 16:24:09 [INFO] 面积统计：{1: np.float64(42.44), 2: np.float64(2.1), 3: np.float64(0.05), 4: np.float64(2.6), 5: np.float64(9.4), 6: np.float64(7.52), 7: np.float64(1.84), 8: np.float64(1.63), 9: np.float64(5.57), 10: np.float64(11.05), 11: np.float64(0.19), 12: np.float64(12.33), 13: np.float64(1.99), 15: np.float64(1.28)}
2026-05-21 16:24:09 [INFO] 分割成功
2026-05-21 16:24:09 [INFO] 引擎上下文已释放
2026-05-21 16:24:09 [INFO] TensorRT 引擎已释放
2026-05-21 16:24:09 [INFO] 全局 CUDA 资源已释放
2026-05-21 16:24:09 [INFO] 分割系统资源已释放
2026-05-21 16:24:13 [INFO] CUDA 初始化成功
2026-05-21 16:24:13 [INFO] 引擎加载成功: scrap_steel.engine
2026-05-21 16:24:13 [INFO] 分割系统初始化成功
2026-05-21 16:24:14 [INFO] 图像预处理完成，原始尺寸: (2160, 3840)
2026-05-21 16:24:14 [INFO] 开始执行分割...
2026-05-21 16:24:14 [DEBUG] 处理后的检测结果形状: (1, 8400, 6)
2026-05-21 16:24:14 [DEBUG] 示例检测结果: [[-4.04794693e+00 -3.27108860e+00  3.86208954e+01  1.54273272e+01
   4.17281996e-08  5.00000000e+00]
 [-6.27167511e+00 -3.01905060e+00  4.38694916e+01  2.96862488e+01
   9.40747924e-09  9.00000000e+00]
 [-3.59347916e+00 -3.57827759e+00  4.54902153e+01  3.03233032e+01
   4.00853750e-09  9.00000000e+00]]
2026-05-21 16:24:14 [DEBUG] 处理后检测输出形状: (0, 52)
2026-05-21 16:24:14 [DEBUG] 有效检测数量: 0
2026-05-21 16:24:14 [DEBUG] 检测输出为空
2026-05-21 16:24:14 [INFO] 掩码中检测到的类别: [0, 1, 2, 3, 4, 5, 6, 7, 8, 9, 10, 11, 12, 13, 15]
2026-05-21 16:24:14 [INFO] 分割完成，检测到 0 个物体
2026-05-21 16:24:14 [INFO] 从分割掩码中提取检测结果
2026-05-21 16:24:14 [INFO] 从掩码中提取了 437 个检测框
2026-05-21 16:24:14 [INFO] 检测到车兜区域，将过滤区域外的目标
2026-05-21 16:24:14 [INFO] 车兜区域过滤: 437 -> 181 个目标
2026-05-21 16:24:15 [INFO] 保存分割和检测结果到: C:\code\show\Scrap_Steel_In_Field\photos\segmentation\segment_20260521_162414.jpg
2026-05-21 16:24:15 [INFO] JSON结果保存到: C:\code\show\Scrap_Steel_In_Field\photos\segmentation_result.json
2026-05-21 16:24:15 [INFO] 类别统计：{0: 4, 1: 28, 2: 14, 3: 1, 4: 10, 5: 22, 6: 12, 7: 15, 8: 12, 9: 19, 10: 12, 11: 3, 12: 4, 13: 19, 14: 0, 15: 6}
2026-05-21 16:24:15 [INFO] 面积统计：{1: np.float64(40.9), 2: np.float64(1.5), 3: np.float64(0.06), 4: np.float64(2.81), 5: np.float64(8.27), 6: np.float64(8.03), 7: np.float64(2.09), 8: np.float64(1.85), 9: np.float64(5.85), 10: np.float64(11.61), 11: np.float64(0.18), 12: np.float64(13.48), 13: np.float64(2.14), 15: np.float64(1.22)}
2026-05-21 16:24:15 [INFO] 分割成功
2026-05-21 16:24:15 [INFO] 引擎上下文已释放
2026-05-21 16:24:15 [INFO] TensorRT 引擎已释放
2026-05-21 16:24:15 [INFO] 全局 CUDA 资源已释放
2026-05-21 16:24:15 [INFO] 分割系统资源已释放
2026-05-21 16:24:19 [INFO] CUDA 初始化成功
2026-05-21 16:24:19 [INFO] 引擎加载成功: scrap_steel.engine
2026-05-21 16:24:19 [INFO] 分割系统初始化成功
2026-05-21 16:24:19 [INFO] 图像预处理完成，原始尺寸: (2160, 3840)
2026-05-21 16:24:19 [INFO] 开始执行分割...
2026-05-21 16:24:19 [DEBUG] 处理后的检测结果形状: (1, 8400, 6)
2026-05-21 16:24:19 [DEBUG] 示例检测结果: [[-4.07902145e+00 -3.29908276e+00  3.88820992e+01  1.56316805e+01
   4.17181631e-08  5.00000000e+00]
 [-6.30751038e+00 -3.05702400e+00  4.39817429e+01  2.98337193e+01
   9.50136769e-09  9.00000000e+00]
 [-3.59352875e+00 -3.56665802e+00  4.55340805e+01  3.03055382e+01
   4.07219147e-09  9.00000000e+00]]
2026-05-21 16:24:19 [DEBUG] 处理后检测输出形状: (0, 52)
2026-05-21 16:24:19 [DEBUG] 有效检测数量: 0
2026-05-21 16:24:19 [DEBUG] 检测输出为空
2026-05-21 16:24:19 [INFO] 掩码中检测到的类别: [0, 1, 2, 3, 4, 5, 6, 7, 8, 9, 10, 11, 12, 13, 15]
2026-05-21 16:24:19 [INFO] 分割完成，检测到 0 个物体
2026-05-21 16:24:19 [INFO] 从分割掩码中提取检测结果
2026-05-21 16:24:19 [INFO] 从掩码中提取了 421 个检测框
2026-05-21 16:24:20 [INFO] 检测到车兜区域，将过滤区域外的目标
2026-05-21 16:24:20 [INFO] 车兜区域过滤: 421 -> 167 个目标
2026-05-21 16:24:20 [INFO] 保存分割和检测结果到: C:\code\show\Scrap_Steel_In_Field\photos\segmentation\segment_20260521_162420.jpg
2026-05-21 16:24:20 [INFO] JSON结果保存到: C:\code\show\Scrap_Steel_In_Field\photos\segmentation_result.json
2026-05-21 16:24:20 [INFO] 类别统计：{0: 1, 1: 24, 2: 13, 3: 1, 4: 11, 5: 18, 6: 17, 7: 15, 8: 13, 9: 18, 10: 11, 11: 2, 12: 2, 13: 14, 14: 0, 15: 7}
2026-05-21 16:24:20 [INFO] 面积统计：{1: np.float64(42.16), 2: np.float64(1.44), 3: np.float64(0.03), 4: np.float64(2.63), 5: np.float64(8.52), 6: np.float64(7.6), 7: np.float64(1.97), 8: np.float64(1.69), 9: np.float64(5.59), 10: np.float64(11.03), 11: np.float64(0.22), 12: np.float64(14.08), 13: np.float64(1.92), 15: np.float64(1.11)}
2026-05-21 16:24:20 [INFO] 分割成功
2026-05-21 16:24:20 [INFO] 引擎上下文已释放
2026-05-21 16:24:20 [INFO] TensorRT 引擎已释放
2026-05-21 16:24:21 [INFO] 全局 CUDA 资源已释放
2026-05-21 16:24:21 [INFO] 分割系统资源已释放
2026-05-21 16:24:25 [INFO] CUDA 初始化成功
2026-05-21 16:24:25 [INFO] 引擎加载成功: scrap_steel.engine
2026-05-21 16:24:25 [INFO] 分割系统初始化成功
2026-05-21 16:24:25 [INFO] 图像预处理完成，原始尺寸: (2160, 3840)
2026-05-21 16:24:25 [INFO] 开始执行分割...
2026-05-21 16:24:25 [DEBUG] 处理后的检测结果形状: (1, 8400, 6)
2026-05-21 16:24:25 [DEBUG] 示例检测结果: [[-4.04676056e+00 -3.27592611e+00  3.87827530e+01  1.56221485e+01
   4.17181631e-08  5.00000000e+00]
 [-6.30577087e+00 -3.03079796e+00  4.39184494e+01  2.97900677e+01
   9.50136769e-09  9.00000000e+00]
 [-3.59650803e+00 -3.55093002e+00  4.54913139e+01  3.03148880e+01
   4.10388168e-09  9.00000000e+00]]
2026-05-21 16:24:25 [DEBUG] 处理后检测输出形状: (0, 52)
2026-05-21 16:24:25 [DEBUG] 有效检测数量: 0
2026-05-21 16:24:25 [DEBUG] 检测输出为空
2026-05-21 16:24:25 [INFO] 掩码中检测到的类别: [0, 1, 2, 3, 4, 5, 6, 7, 8, 9, 10, 11, 12, 13, 15]
2026-05-21 16:24:25 [INFO] 分割完成，检测到 0 个物体
2026-05-21 16:24:25 [INFO] 从分割掩码中提取检测结果
2026-05-21 16:24:25 [INFO] 从掩码中提取了 439 个检测框
2026-05-21 16:24:25 [INFO] 检测到车兜区域，将过滤区域外的目标
2026-05-21 16:24:25 [INFO] 车兜区域过滤: 439 -> 177 个目标
2026-05-21 16:24:26 [INFO] 保存分割和检测结果到: C:\code\show\Scrap_Steel_In_Field\photos\segmentation\segment_20260521_162425.jpg
2026-05-21 16:24:26 [INFO] JSON结果保存到: C:\code\show\Scrap_Steel_In_Field\photos\segmentation_result.json
2026-05-21 16:24:26 [INFO] 类别统计：{0: 1, 1: 28, 2: 15, 3: 0, 4: 9, 5: 20, 6: 18, 7: 18, 8: 14, 9: 14, 10: 12, 11: 5, 12: 4, 13: 14, 14: 0, 15: 5}
2026-05-21 16:24:26 [INFO] 面积统计：{1: np.float64(40.73), 2: np.float64(1.96), 4: np.float64(2.87), 5: np.float64(8.44), 6: np.float64(7.76), 7: np.float64(2.08), 8: np.float64(1.85), 9: np.float64(4.25), 10: np.float64(11.67), 11: np.float64(0.35), 12: np.float64(14.52), 13: np.float64(2.18), 15: np.float64(1.32)}
2026-05-21 16:24:26 [INFO] 分割成功
2026-05-21 16:24:26 [INFO] 引擎上下文已释放
2026-05-21 16:24:26 [INFO] TensorRT 引擎已释放
2026-05-21 16:24:26 [INFO] 全局 CUDA 资源已释放
2026-05-21 16:24:26 [INFO] 分割系统资源已释放
2026-05-21 16:24:29 [INFO] CUDA 初始化成功
2026-05-21 16:24:30 [INFO] 引擎加载成功: scrap_steel.engine
2026-05-21 16:24:30 [INFO] 分割系统初始化成功
2026-05-21 16:24:30 [INFO] 图像预处理完成，原始尺寸: (2160, 3840)
2026-05-21 16:24:30 [INFO] 开始执行分割...
2026-05-21 16:24:30 [DEBUG] 处理后的检测结果形状: (1, 8400, 6)
2026-05-21 16:24:30 [DEBUG] 示例检测结果: [[-4.07891846e+00 -3.30596638e+00  3.88226585e+01  1.56820517e+01
   4.23686970e-08  5.00000000e+00]
 [-6.33454514e+00 -3.04255390e+00  4.39994087e+01  2.98620720e+01
   9.44556433e-09  9.00000000e+00]
 [-3.62650299e+00 -3.57669258e+00  4.55468216e+01  3.03765507e+01
   4.10334966e-09  9.00000000e+00]]
2026-05-21 16:24:30 [DEBUG] 处理后检测输出形状: (0, 52)
2026-05-21 16:24:30 [DEBUG] 有效检测数量: 0
2026-05-21 16:24:30 [DEBUG] 检测输出为空
2026-05-21 16:24:30 [INFO] 掩码中检测到的类别: [0, 1, 2, 3, 4, 5, 6, 7, 8, 9, 10, 11, 12, 13, 15]
2026-05-21 16:24:30 [INFO] 分割完成，检测到 0 个物体
2026-05-21 16:24:30 [INFO] 从分割掩码中提取检测结果
2026-05-21 16:24:30 [INFO] 从掩码中提取了 437 个检测框
2026-05-21 16:24:30 [INFO] 检测到车兜区域，将过滤区域外的目标
2026-05-21 16:24:30 [INFO] 车兜区域过滤: 437 -> 170 个目标
2026-05-21 16:24:31 [INFO] 保存分割和检测结果到: C:\code\show\Scrap_Steel_In_Field\photos\segmentation\segment_20260521_162430.jpg
2026-05-21 16:24:31 [INFO] JSON结果保存到: C:\code\show\Scrap_Steel_In_Field\photos\segmentation_result.json
2026-05-21 16:24:31 [INFO] 类别统计：{0: 1, 1: 29, 2: 12, 3: 1, 4: 10, 5: 18, 6: 16, 7: 15, 8: 16, 9: 20, 10: 11, 11: 3, 12: 3, 13: 12, 14: 0, 15: 3}
2026-05-21 16:24:31 [INFO] 面积统计：{1: np.float64(42.42), 2: np.float64(1.52), 3: np.float64(0.05), 4: np.float64(2.34), 5: np.float64(9.3), 6: np.float64(7.16), 7: np.float64(1.8), 8: np.float64(1.86), 9: np.float64(6.05), 10: np.float64(10.89), 11: np.float64(0.23), 12: np.float64(13.44), 13: np.float64(1.83), 15: np.float64(1.1)}
2026-05-21 16:24:31 [INFO] 分割成功
2026-05-21 16:24:31 [INFO] 引擎上下文已释放
2026-05-21 16:24:31 [INFO] TensorRT 引擎已释放
2026-05-21 16:24:31 [INFO] 全局 CUDA 资源已释放
2026-05-21 16:24:31 [INFO] 分割系统资源已释放
2026-05-21 16:24:35 [INFO] CUDA 初始化成功
2026-05-21 16:24:35 [INFO] 引擎加载成功: scrap_steel.engine
2026-05-21 16:24:35 [INFO] 分割系统初始化成功
2026-05-21 16:24:35 [INFO] 图像预处理完成，原始尺寸: (2160, 3840)
2026-05-21 16:24:35 [INFO] 开始执行分割...
2026-05-21 16:24:35 [DEBUG] 处理后的检测结果形状: (1, 8400, 6)
2026-05-21 16:24:35 [DEBUG] 示例检测结果: [[-4.07704163e+00 -3.30112123e+00  3.87538300e+01  1.56778336e+01
   4.18919512e-08  5.00000000e+00]
 [-6.31483841e+00 -3.06601238e+00  4.39950371e+01  2.98617439e+01
   9.37099287e-09  9.00000000e+00]
 [-3.60062408e+00 -3.57943916e+00  4.55193214e+01  3.03714275e+01
   4.03983247e-09  9.00000000e+00]]
2026-05-21 16:24:35 [DEBUG] 处理后检测输出形状: (0, 52)
2026-05-21 16:24:35 [DEBUG] 有效检测数量: 0
2026-05-21 16:24:35 [DEBUG] 检测输出为空
2026-05-21 16:24:35 [INFO] 掩码中检测到的类别: [0, 1, 2, 3, 4, 5, 6, 7, 8, 9, 10, 11, 12, 13, 15]
2026-05-21 16:24:35 [INFO] 分割完成，检测到 0 个物体
2026-05-21 16:24:35 [INFO] 从分割掩码中提取检测结果
2026-05-21 16:24:36 [INFO] 从掩码中提取了 434 个检测框
2026-05-21 16:24:37 [INFO] 检测到车兜区域，将过滤区域外的目标
2026-05-21 16:24:37 [INFO] 车兜区域过滤: 434 -> 177 个目标
2026-05-21 16:24:37 [INFO] 保存分割和检测结果到: C:\code\show\Scrap_Steel_In_Field\photos\segmentation\segment_20260521_162437.jpg
2026-05-21 16:24:37 [INFO] JSON结果保存到: C:\code\show\Scrap_Steel_In_Field\photos\segmentation_result.json
2026-05-21 16:24:37 [INFO] 类别统计：{0: 1, 1: 24, 2: 14, 3: 1, 4: 10, 5: 20, 6: 14, 7: 19, 8: 14, 9: 16, 10: 13, 11: 5, 12: 3, 13: 17, 14: 0, 15: 6}
2026-05-21 16:24:37 [INFO] 面积统计：{1: np.float64(42.41), 2: np.float64(1.73), 3: np.float64(0.07), 4: np.float64(2.88), 5: np.float64(8.36), 6: np.float64(7.8), 7: np.float64(1.82), 8: np.float64(1.79), 9: np.float64(5.54), 10: np.float64(11.17), 11: np.float64(0.25), 12: np.float64(12.67), 13: np.float64(2.28), 15: np.float64(1.24)}
2026-05-21 16:24:37 [INFO] 分割成功
2026-05-21 16:24:37 [INFO] 引擎上下文已释放
2026-05-21 16:24:37 [INFO] TensorRT 引擎已释放
2026-05-21 16:24:37 [INFO] 全局 CUDA 资源已释放
2026-05-21 16:24:37 [INFO] 分割系统资源已释放
2026-05-21 16:24:41 [INFO] CUDA 初始化成功
2026-05-21 16:24:41 [INFO] 引擎加载成功: scrap_steel.engine
2026-05-21 16:24:41 [INFO] 分割系统初始化成功
2026-05-21 16:24:41 [INFO] 图像预处理完成，原始尺寸: (2160, 3840)
2026-05-21 16:24:41 [INFO] 开始执行分割...
2026-05-21 16:24:41 [DEBUG] 处理后的检测结果形状: (1, 8400, 6)
2026-05-21 16:24:41 [DEBUG] 示例检测结果: [[-4.10649872e+00 -3.32600403e+00  3.88443489e+01  1.57804565e+01
   4.20405364e-08  5.00000000e+00]
 [-6.33145905e+00 -3.06597424e+00  4.39792480e+01  2.99545403e+01
   9.33450650e-09  9.00000000e+00]
 [-3.61616898e+00 -3.60577965e+00  4.55285683e+01  3.04618816e+01
   3.99277411e-09  9.00000000e+00]]
2026-05-21 16:24:41 [DEBUG] 处理后检测输出形状: (0, 52)
2026-05-21 16:24:41 [DEBUG] 有效检测数量: 0
2026-05-21 16:24:41 [DEBUG] 检测输出为空
2026-05-21 16:24:41 [INFO] 掩码中检测到的类别: [0, 1, 2, 3, 4, 5, 6, 7, 8, 9, 10, 11, 12, 13, 15]
2026-05-21 16:24:41 [INFO] 分割完成，检测到 0 个物体
2026-05-21 16:24:41 [INFO] 从分割掩码中提取检测结果
