2026-06-04 17:53:02 [INFO] CUDA 初始化成功
2026-06-04 17:53:02 [INFO] 引擎加载成功: scrap_steel.engine
2026-06-04 17:53:02 [INFO] 分割系统初始化成功
2026-06-04 17:53:05 [INFO] 引擎加载成功: scrap_steel.engine
2026-06-04 17:53:05 [INFO] 分割系统初始化成功
2026-06-04 17:53:05 [INFO] 图像预处理完成，原始尺寸: (2160, 3840)
2026-06-04 17:53:05 [INFO] 开始执行分割...
2026-06-04 17:53:05 [ERROR] 推理过程发生异常: explicit_context_dependent failed: invalid device context - no currently active context?
2026-06-04 17:53:05 [INFO] 分割完成，检测到 0 个物体
2026-06-04 17:53:05 [INFO] 计算出的车框矩形边界: (1026, 618) to (3173, 1518)
2026-06-04 17:53:05 [INFO] 原始检测数: 0, 过滤后检测数: 0
2026-06-04 17:53:05 [ERROR] 保存结果失败: 'NoneType' object has no attribute 'shape'
2026-06-04 17:53:05 [ERROR] 分割失败: 未能生成有效的分割掩码
2026-06-04 17:53:05 [INFO] 引擎上下文已释放
2026-06-04 17:53:05 [INFO] TensorRT 引擎已释放
2026-06-04 17:53:05 [INFO] 全局 CUDA 资源已释放
2026-06-04 17:53:05 [INFO] 分割系统资源已释放
2026-06-04 17:53:10 [INFO] CUDA 初始化成功
2026-06-04 17:53:10 [INFO] 引擎加载成功: scrap_steel.engine
2026-06-04 17:53:10 [INFO] 分割系统初始化成功
2026-06-04 17:53:10 [INFO] 图像预处理完成，原始尺寸: (2160, 3840)
2026-06-04 17:53:10 [INFO] 开始执行分割...
2026-06-04 17:53:10 [DEBUG] 处理后的检测结果形状: (1, 8400, 6)
2026-06-04 17:53:10 [DEBUG] 示例检测结果: [[-4.11265564e+00 -3.28476906e+00  3.94825172e+01  1.54579430e+01
   4.51597018e-08  5.00000000e+00]
 [-6.50472641e+00 -3.02361107e+00  4.45072975e+01  2.98246937e+01
   1.06027684e-08  9.00000000e+00]
 [-3.54687119e+00 -3.49424839e+00  4.59216309e+01  3.04913635e+01
   4.81504614e-09  9.00000000e+00]]
2026-06-04 17:53:10 [DEBUG] 处理后检测输出形状: (0, 52)
2026-06-04 17:53:10 [DEBUG] 有效检测数量: 0
2026-06-04 17:53:10 [DEBUG] 检测输出为空
2026-06-04 17:53:10 [INFO] 掩码中检测到的类别: [0, 1, 2, 3, 4, 5, 6, 7, 8, 9, 10, 11, 12, 13, 14, 15]
2026-06-04 17:53:10 [INFO] 分割完成，检测到 0 个物体
2026-06-04 17:53:10 [INFO] 从分割掩码中提取检测结果
2026-06-04 17:53:10 [INFO] 从掩码中提取了 430 个检测框
2026-06-04 17:53:10 [INFO] 计算出的车框矩形边界: (1024, 620) to (3173, 1518)
2026-06-04 17:53:10 [INFO] 原始检测数: 430, 过滤后检测数: 210
2026-06-04 17:53:11 [INFO] 保存分割和检测结果到: C:\code\show\Scrap_Steel_In_Field\photos\segmentation\segment_20260604_175310.jpg
2026-06-04 17:53:11 [INFO] JSON结果保存到: C:\code\show\Scrap_Steel_In_Field\photos\segmentation_result.json
2026-06-04 17:53:11 [INFO] 类别统计：{0: 11, 1: 40, 2: 25, 3: 3, 4: 29, 5: 30, 6: 19, 7: 21, 8: 44, 9: 49, 10: 29, 11: 20, 12: 23, 13: 64, 14: 0, 15: 23}
2026-06-04 17:53:11 [INFO] 面积统计：{0: 3902184.0, 1: 588708.0, 2: 43452.0, 3: 138780.0, 4: 153324.0, 5: 57564.0, 6: 520848.0, 7: 27900.0, 8: 902304.0, 9: 176508.0, 10: 191772.0, 11: 337824.0, 12: 92880.0, 13: 749160.0, 14: 36.0, 15: 43920.0}
2026-06-04 17:53:11 [INFO] 分割成功
2026-06-04 17:53:11 [INFO] 引擎上下文已释放
2026-06-04 17:53:11 [INFO] TensorRT 引擎已释放
2026-06-04 17:53:11 [INFO] 全局 CUDA 资源已释放
2026-06-04 17:53:11 [INFO] 分割系统资源已释放
2026-06-04 17:53:15 [INFO] CUDA 初始化成功
2026-06-04 17:53:15 [INFO] 引擎加载成功: scrap_steel.engine
2026-06-04 17:53:15 [INFO] 分割系统初始化成功
2026-06-04 17:53:16 [INFO] 图像预处理完成，原始尺寸: (2160, 3840)
2026-06-04 17:53:16 [INFO] 开始执行分割...
2026-06-04 17:53:16 [DEBUG] 处理后的检测结果形状: (1, 8400, 6)
2026-06-04 17:53:16 [DEBUG] 示例检测结果: [[-4.12998199e+00 -3.25373745e+00  3.95185165e+01  1.54889269e+01
   4.35781651e-08  5.00000000e+00]
 [-6.55113983e+00 -3.01441956e+00  4.45959358e+01  2.98019180e+01
   1.03040989e-08  9.00000000e+00]
 [-3.56946564e+00 -3.45588493e+00  4.59319458e+01  3.04355068e+01
   4.76898521e-09  9.00000000e+00]]
2026-06-04 17:53:16 [DEBUG] 处理后检测输出形状: (0, 52)
2026-06-04 17:53:16 [DEBUG] 有效检测数量: 0
2026-06-04 17:53:16 [DEBUG] 检测输出为空
2026-06-04 17:53:16 [INFO] 掩码中检测到的类别: [0, 1, 2, 3, 4, 5, 6, 7, 8, 9, 10, 11, 12, 13, 14, 15]
2026-06-04 17:53:16 [INFO] 分割完成，检测到 0 个物体
2026-06-04 17:53:16 [INFO] 从分割掩码中提取检测结果
2026-06-04 17:53:16 [INFO] 从掩码中提取了 456 个检测框
2026-06-04 17:53:16 [INFO] 计算出的车框矩形边界: (1024, 621) to (3173, 1518)
2026-06-04 17:53:16 [INFO] 原始检测数: 456, 过滤后检测数: 199
2026-06-04 17:53:16 [INFO] 保存分割和检测结果到: C:\code\show\Scrap_Steel_In_Field\photos\segmentation\segment_20260604_175316.jpg
2026-06-04 17:53:16 [INFO] JSON结果保存到: C:\code\show\Scrap_Steel_In_Field\photos\segmentation_result.json
2026-06-04 17:53:16 [INFO] 类别统计：{0: 18, 1: 48, 2: 21, 3: 6, 4: 27, 5: 33, 6: 25, 7: 29, 8: 44, 9: 52, 10: 26, 11: 19, 12: 20, 13: 67, 14: 0, 15: 21}
2026-06-04 17:53:16 [INFO] 面积统计：{0: 3923316.0, 1: 619956.0, 2: 40500.0, 3: 144288.0, 4: 199476.0, 5: 60156.0, 6: 481428.0, 7: 36792.0, 8: 928332.0, 9: 186480.0, 10: 192564.0, 11: 341028.0, 12: 88128.0, 13: 747864.0, 14: 36.0, 15: 48564.0}
2026-06-04 17:53:16 [INFO] 分割成功
2026-06-04 17:53:16 [INFO] 引擎上下文已释放
2026-06-04 17:53:16 [INFO] TensorRT 引擎已释放
2026-06-04 17:53:16 [INFO] 全局 CUDA 资源已释放
2026-06-04 17:53:16 [INFO] 分割系统资源已释放
2026-06-04 17:53:20 [INFO] CUDA 初始化成功
2026-06-04 17:53:20 [INFO] 引擎加载成功: scrap_steel.engine
2026-06-04 17:53:20 [INFO] 分割系统初始化成功
2026-06-04 17:53:21 [INFO] 图像预处理完成，原始尺寸: (2160, 3840)
2026-06-04 17:53:21 [INFO] 开始执行分割...
2026-06-04 17:53:21 [DEBUG] 处理后的检测结果形状: (1, 8400, 6)
2026-06-04 17:53:21 [DEBUG] 示例检测结果: [[-4.14128113e+00 -3.28761005e+00  3.95511398e+01  1.55472727e+01
   4.34148184e-08  5.00000000e+00]
 [-6.50074387e+00 -2.99141121e+00  4.46062202e+01  2.98741665e+01
   1.05422231e-08  9.00000000e+00]
 [-3.55672073e+00 -3.45855331e+00  4.59336929e+01  3.04563065e+01
   4.87790430e-09  9.00000000e+00]]
2026-06-04 17:53:21 [DEBUG] 处理后检测输出形状: (0, 52)
2026-06-04 17:53:21 [DEBUG] 有效检测数量: 0
2026-06-04 17:53:21 [DEBUG] 检测输出为空
2026-06-04 17:53:21 [INFO] 掩码中检测到的类别: [0, 1, 2, 3, 4, 5, 6, 7, 8, 9, 10, 11, 12, 13, 14, 15]
2026-06-04 17:53:21 [INFO] 分割完成，检测到 0 个物体
2026-06-04 17:53:21 [INFO] 从分割掩码中提取检测结果
2026-06-04 17:53:21 [INFO] 从掩码中提取了 425 个检测框
2026-06-04 17:53:21 [INFO] 计算出的车框矩形边界: (1024, 621) to (3173, 1518)
2026-06-04 17:53:21 [INFO] 原始检测数: 425, 过滤后检测数: 200
2026-06-04 17:53:21 [INFO] 保存分割和检测结果到: C:\code\show\Scrap_Steel_In_Field\photos\segmentation\segment_20260604_175321.jpg
2026-06-04 17:53:21 [INFO] JSON结果保存到: C:\code\show\Scrap_Steel_In_Field\photos\segmentation_result.json
2026-06-04 17:53:21 [INFO] 类别统计：{0: 9, 1: 41, 2: 22, 3: 5, 4: 28, 5: 33, 6: 17, 7: 23, 8: 51, 9: 53, 10: 20, 11: 19, 12: 22, 13: 66, 14: 0, 15: 16}
2026-06-04 17:53:21 [INFO] 面积统计：{0: 3797568.0, 1: 593388.0, 2: 40500.0, 3: 139896.0, 4: 155592.0, 5: 60372.0, 6: 531216.0, 7: 22896.0, 8: 923472.0, 9: 179208.0, 10: 203076.0, 11: 326340.0, 12: 90972.0, 13: 751212.0, 14: 72.0, 15: 44316.0}
2026-06-04 17:53:21 [INFO] 分割成功
2026-06-04 17:53:21 [INFO] 引擎上下文已释放
2026-06-04 17:53:21 [INFO] TensorRT 引擎已释放
2026-06-04 17:53:21 [INFO] 全局 CUDA 资源已释放
2026-06-04 17:53:21 [INFO] 分割系统资源已释放
2026-06-04 17:53:26 [INFO] CUDA 初始化成功
2026-06-04 17:53:26 [INFO] 引擎加载成功: scrap_steel.engine
2026-06-04 17:53:26 [INFO] 分割系统初始化成功
2026-06-04 17:53:26 [INFO] 图像预处理完成，原始尺寸: (2160, 3840)
2026-06-04 17:53:26 [INFO] 开始执行分割...
2026-06-04 17:53:26 [DEBUG] 处理后的检测结果形状: (1, 8400, 6)
2026-06-04 17:53:26 [DEBUG] 示例检测结果: [[-4.11413574e+00 -3.27527332e+00  3.94974060e+01  1.54276724e+01
   4.34102212e-08  5.00000000e+00]
 [-6.47394943e+00 -2.99478340e+00  4.46842918e+01  2.97882900e+01
   1.05767839e-08  9.00000000e+00]
 [-3.57060242e+00 -3.48143291e+00  4.59609871e+01  3.05349350e+01
   4.92424235e-09  9.00000000e+00]]
2026-06-04 17:53:26 [DEBUG] 处理后检测输出形状: (0, 52)
2026-06-04 17:53:26 [DEBUG] 有效检测数量: 0
2026-06-04 17:53:26 [DEBUG] 检测输出为空
2026-06-04 17:53:26 [INFO] 掩码中检测到的类别: [0, 1, 2, 3, 4, 5, 6, 7, 8, 9, 10, 11, 12, 13, 14, 15]
2026-06-04 17:53:26 [INFO] 分割完成，检测到 0 个物体
2026-06-04 17:53:26 [INFO] 从分割掩码中提取检测结果
2026-06-04 17:53:26 [INFO] 从掩码中提取了 440 个检测框
2026-06-04 17:53:26 [INFO] 计算出的车框矩形边界: (1026, 620) to (3173, 1518)
2026-06-04 17:53:26 [INFO] 原始检测数: 440, 过滤后检测数: 202
2026-06-04 17:53:27 [INFO] 保存分割和检测结果到: C:\code\show\Scrap_Steel_In_Field\photos\segmentation\segment_20260604_175326.jpg
2026-06-04 17:53:27 [INFO] JSON结果保存到: C:\code\show\Scrap_Steel_In_Field\photos\segmentation_result.json
2026-06-04 17:53:27 [INFO] 类别统计：{0: 17, 1: 46, 2: 21, 3: 5, 4: 30, 5: 29, 6: 17, 7: 17, 8: 54, 9: 61, 10: 22, 11: 19, 12: 21, 13: 63, 14: 0, 15: 18}
2026-06-04 17:53:27 [INFO] 面积统计：{0: 3878388.0, 1: 586116.0, 2: 37872.0, 3: 134064.0, 4: 164520.0, 5: 54216.0, 6: 534492.0, 7: 31644.0, 8: 905796.0, 9: 182484.0, 10: 195336.0, 11: 326520.0, 12: 90612.0, 13: 760320.0, 14: 36.0, 15: 52632.0}
2026-06-04 17:53:27 [INFO] 分割成功
2026-06-04 17:53:27 [INFO] 引擎上下文已释放
2026-06-04 17:53:27 [INFO] TensorRT 引擎已释放
2026-06-04 17:53:27 [INFO] 全局 CUDA 资源已释放
2026-06-04 17:53:27 [INFO] 分割系统资源已释放
2026-06-04 17:53:31 [INFO] CUDA 初始化成功
2026-06-04 17:53:31 [INFO] 引擎加载成功: scrap_steel.engine
2026-06-04 17:53:31 [INFO] 分割系统初始化成功
2026-06-04 17:53:31 [INFO] 图像预处理完成，原始尺寸: (2160, 3840)
2026-06-04 17:53:31 [INFO] 开始执行分割...
2026-06-04 17:53:32 [DEBUG] 处理后的检测结果形状: (1, 8400, 6)
2026-06-04 17:53:32 [DEBUG] 示例检测结果: [[-4.09573364e+00 -3.23016834e+00  3.95175819e+01  1.53704767e+01
   4.35781651e-08  5.00000000e+00]
 [-6.46532059e+00 -2.96947956e+00  4.46446533e+01  2.96100655e+01
   1.04602478e-08  9.00000000e+00]
 [-3.55646133e+00 -3.41860199e+00  4.59389877e+01  3.03495903e+01
   4.83992313e-09  9.00000000e+00]]
2026-06-04 17:53:32 [DEBUG] 处理后检测输出形状: (0, 52)
2026-06-04 17:53:32 [DEBUG] 有效检测数量: 0
2026-06-04 17:53:32 [DEBUG] 检测输出为空
2026-06-04 17:53:32 [INFO] 掩码中检测到的类别: [0, 1, 2, 3, 4, 5, 6, 7, 8, 9, 10, 11, 12, 13, 14, 15]
2026-06-04 17:53:32 [INFO] 分割完成，检测到 0 个物体
2026-06-04 17:53:32 [INFO] 从分割掩码中提取检测结果
2026-06-04 17:53:32 [INFO] 从掩码中提取了 436 个检测框
2026-06-04 17:53:32 [INFO] 计算出的车框矩形边界: (1026, 621) to (3172, 1518)
2026-06-04 17:53:32 [INFO] 原始检测数: 436, 过滤后检测数: 212
2026-06-04 17:53:32 [INFO] 保存分割和检测结果到: C:\code\show\Scrap_Steel_In_Field\photos\segmentation\segment_20260604_175332.jpg
2026-06-04 17:53:32 [INFO] JSON结果保存到: C:\code\show\Scrap_Steel_In_Field\photos\segmentation_result.json
2026-06-04 17:53:32 [INFO] 类别统计：{0: 16, 1: 46, 2: 21, 3: 4, 4: 31, 5: 28, 6: 16, 7: 21, 8: 52, 9: 52, 10: 27, 11: 21, 12: 24, 13: 57, 14: 0, 15: 20}
2026-06-04 17:53:32 [INFO] 面积统计：{0: 3800952.0, 1: 604944.0, 2: 42408.0, 3: 140040.0, 4: 168768.0, 5: 55116.0, 6: 538092.0, 7: 28692.0, 8: 919260.0, 9: 180396.0, 10: 186840.0, 11: 328392.0, 12: 91188.0, 13: 777780.0, 14: 36.0, 15: 46296.0}
2026-06-04 17:53:32 [INFO] 分割成功
2026-06-04 17:53:32 [INFO] 引擎上下文已释放
2026-06-04 17:53:32 [INFO] TensorRT 引擎已释放
2026-06-04 17:53:32 [INFO] 全局 CUDA 资源已释放
2026-06-04 17:53:32 [INFO] 分割系统资源已释放
2026-06-04 17:53:36 [INFO] CUDA 初始化成功
2026-06-04 17:53:36 [INFO] 引擎加载成功: scrap_steel.engine
2026-06-04 17:53:36 [INFO] 分割系统初始化成功
2026-06-04 17:53:36 [INFO] 图像预处理完成，原始尺寸: (2160, 3840)
2026-06-04 17:53:36 [INFO] 开始执行分割...
2026-06-04 17:53:37 [DEBUG] 处理后的检测结果形状: (1, 8400, 6)
2026-06-04 17:53:37 [DEBUG] 示例检测结果: [[-4.14531708e+00 -3.30532122e+00  3.94643021e+01  1.56630516e+01
   4.51597018e-08  5.00000000e+00]
 [-6.54403305e+00 -3.04766464e+00  4.46125145e+01  2.99351387e+01
   1.06027684e-08  9.00000000e+00]
 [-3.60069656e+00 -3.57739830e+00  4.59367867e+01  3.05930614e+01
   4.84307527e-09  9.00000000e+00]]
2026-06-04 17:53:37 [DEBUG] 处理后检测输出形状: (0, 52)
2026-06-04 17:53:37 [DEBUG] 有效检测数量: 0
2026-06-04 17:53:37 [DEBUG] 检测输出为空
2026-06-04 17:53:37 [INFO] 掩码中检测到的类别: [0, 1, 2, 3, 4, 5, 6, 7, 8, 9, 10, 11, 12, 13, 14, 15]
2026-06-04 17:53:37 [INFO] 分割完成，检测到 0 个物体
2026-06-04 17:53:37 [INFO] 从分割掩码中提取检测结果
2026-06-04 17:53:37 [INFO] 从掩码中提取了 435 个检测框
2026-06-04 17:53:37 [INFO] 计算出的车框矩形边界: (1025, 620) to (3172, 1518)
2026-06-04 17:53:37 [INFO] 原始检测数: 435, 过滤后检测数: 214
2026-06-04 17:53:37 [INFO] 保存分割和检测结果到: C:\code\show\Scrap_Steel_In_Field\photos\segmentation\segment_20260604_175337.jpg
2026-06-04 17:53:37 [INFO] JSON结果保存到: C:\code\show\Scrap_Steel_In_Field\photos\segmentation_result.json
2026-06-04 17:53:37 [INFO] 类别统计：{0: 10, 1: 46, 2: 26, 3: 4, 4: 27, 5: 31, 6: 21, 7: 20, 8: 46, 9: 49, 10: 25, 11: 21, 12: 23, 13: 61, 14: 0, 15: 25}
2026-06-04 17:53:37 [INFO] 面积统计：{0: 3892680.0, 1: 612540.0, 2: 37872.0, 3: 138708.0, 4: 170820.0, 5: 54900.0, 6: 543708.0, 7: 33516.0, 8: 935136.0, 9: 197784.0, 10: 196452.0, 11: 327852.0, 12: 88128.0, 13: 704700.0, 14: 36.0, 15: 40320.0}
2026-06-04 17:53:37 [INFO] 分割成功
2026-06-04 17:53:37 [INFO] 引擎上下文已释放
2026-06-04 17:53:37 [INFO] TensorRT 引擎已释放
2026-06-04 17:53:37 [INFO] 全局 CUDA 资源已释放
2026-06-04 17:53:37 [INFO] 分割系统资源已释放
2026-06-04 17:53:44 [INFO] CUDA 初始化成功
2026-06-04 17:53:44 [INFO] 引擎加载成功: scrap_steel.engine
2026-06-04 17:53:44 [INFO] 分割系统初始化成功
2026-06-04 17:53:44 [INFO] 图像预处理完成，原始尺寸: (2160, 3840)
2026-06-04 17:53:44 [INFO] 开始执行分割...
2026-06-04 17:53:44 [DEBUG] 处理后的检测结果形状: (1, 8400, 6)
2026-06-04 17:53:44 [DEBUG] 示例检测结果: [[-4.12804413e+00 -3.26982212e+00  3.94419212e+01  1.54447050e+01
   4.53620430e-08  5.00000000e+00]
 [-6.47275162e+00 -3.01315689e+00  4.45893517e+01  2.98268509e+01
   1.03974429e-08  9.00000000e+00]
 [-3.54154587e+00 -3.49299145e+00  4.59127617e+01  3.05007515e+01
   4.80573448e-09  9.00000000e+00]]
2026-06-04 17:53:44 [DEBUG] 处理后检测输出形状: (0, 52)
2026-06-04 17:53:44 [DEBUG] 有效检测数量: 0
2026-06-04 17:53:44 [DEBUG] 检测输出为空
2026-06-04 17:53:44 [INFO] 掩码中检测到的类别: [0, 1, 2, 3, 4, 5, 6, 7, 8, 9, 10, 11, 12, 13, 14, 15]
2026-06-04 17:53:44 [INFO] 分割完成，检测到 0 个物体
2026-06-04 17:53:44 [INFO] 从分割掩码中提取检测结果
2026-06-04 17:53:44 [INFO] 从掩码中提取了 414 个检测框
2026-06-04 17:53:45 [INFO] 计算出的车框矩形边界: (1027, 621) to (3173, 1518)
2026-06-04 17:53:45 [INFO] 原始检测数: 414, 过滤后检测数: 198
2026-06-04 17:53:45 [INFO] 保存分割和检测结果到: C:\code\show\Scrap_Steel_In_Field\photos\segmentation\segment_20260604_175344.jpg
2026-06-04 17:53:45 [INFO] JSON结果保存到: C:\code\show\Scrap_Steel_In_Field\photos\segmentation_result.json
2026-06-04 17:53:45 [INFO] 类别统计：{0: 13, 1: 46, 2: 20, 3: 2, 4: 26, 5: 29, 6: 19, 7: 24, 8: 44, 9: 45, 10: 23, 11: 17, 12: 20, 13: 66, 14: 0, 15: 20}
2026-06-04 17:53:45 [INFO] 面积统计：{0: 3933252.0, 1: 608616.0, 2: 36360.0, 3: 138996.0, 4: 168372.0, 5: 60768.0, 6: 533268.0, 7: 30852.0, 8: 910476.0, 9: 169056.0, 10: 190332.0, 11: 326196.0, 12: 90828.0, 13: 717984.0, 14: 36.0, 15: 42048.0}
2026-06-04 17:53:45 [INFO] 分割成功
2026-06-04 17:53:45 [INFO] 引擎上下文已释放
2026-06-04 17:53:45 [INFO] TensorRT 引擎已释放
2026-06-04 17:53:45 [INFO] 全局 CUDA 资源已释放
2026-06-04 17:53:45 [INFO] 分割系统资源已释放
2026-06-04 17:53:49 [INFO] CUDA 初始化成功
2026-06-04 17:53:49 [INFO] 引擎加载成功: scrap_steel.engine
2026-06-04 17:53:49 [INFO] 分割系统初始化成功
2026-06-04 17:53:49 [INFO] 图像预处理完成，原始尺寸: (2160, 3840)
2026-06-04 17:53:49 [INFO] 开始执行分割...
2026-06-04 17:53:49 [DEBUG] 处理后的检测结果形状: (1, 8400, 6)
2026-06-04 17:53:49 [DEBUG] 示例检测结果: [[-4.10075378e+00 -3.23158646e+00  3.93853035e+01  1.53335781e+01
   4.35902834e-08  5.00000000e+00]
 [-6.46095657e+00 -2.97816181e+00  4.44368477e+01  2.96691246e+01
   1.04602478e-08  9.00000000e+00]
 [-3.53772354e+00 -3.44408417e+00  4.58530159e+01  3.03311996e+01
   4.80245177e-09  9.00000000e+00]]
2026-06-04 17:53:49 [DEBUG] 处理后检测输出形状: (0, 52)
2026-06-04 17:53:49 [DEBUG] 有效检测数量: 0
2026-06-04 17:53:49 [DEBUG] 检测输出为空
2026-06-04 17:53:49 [INFO] 掩码中检测到的类别: [0, 1, 2, 3, 4, 5, 6, 7, 8, 9, 10, 11, 12, 13, 14, 15]
2026-06-04 17:53:49 [INFO] 分割完成，检测到 0 个物体
2026-06-04 17:53:49 [INFO] 从分割掩码中提取检测结果
2026-06-04 17:53:49 [INFO] 从掩码中提取了 438 个检测框
2026-06-04 17:53:49 [INFO] 计算出的车框矩形边界: (1026, 621) to (3172, 1518)
2026-06-04 17:53:49 [INFO] 原始检测数: 438, 过滤后检测数: 210
2026-06-04 17:53:50 [INFO] 保存分割和检测结果到: C:\code\show\Scrap_Steel_In_Field\photos\segmentation\segment_20260604_175349.jpg
2026-06-04 17:53:50 [INFO] JSON结果保存到: C:\code\show\Scrap_Steel_In_Field\photos\segmentation_result.json
2026-06-04 17:53:50 [INFO] 类别统计：{0: 13, 1: 47, 2: 22, 3: 5, 4: 27, 5: 32, 6: 17, 7: 23, 8: 51, 9: 50, 10: 25, 11: 19, 12: 23, 13: 64, 14: 0, 15: 20}
2026-06-04 17:53:50 [INFO] 面积统计：{0: 3831264.0, 1: 596628.0, 2: 34344.0, 3: 139932.0, 4: 174816.0, 5: 60480.0, 6: 531684.0, 7: 30744.0, 8: 943164.0, 9: 182448.0, 10: 196416.0, 11: 338400.0, 12: 89028.0, 13: 774720.0, 14: 36.0, 15: 41904.0}
2026-06-04 17:53:50 [INFO] 分割成功
2026-06-04 17:53:50 [INFO] 引擎上下文已释放
2026-06-04 17:53:50 [INFO] TensorRT 引擎已释放
2026-06-04 17:53:50 [INFO] 全局 CUDA 资源已释放
2026-06-04 17:53:50 [INFO] 分割系统资源已释放
2026-06-04 17:53:54 [INFO] CUDA 初始化成功
2026-06-04 17:53:54 [INFO] 引擎加载成功: scrap_steel.engine
2026-06-04 17:53:54 [INFO] 分割系统初始化成功
2026-06-04 17:53:54 [INFO] 图像预处理完成，原始尺寸: (2160, 3840)
2026-06-04 17:53:54 [INFO] 开始执行分割...
2026-06-04 17:53:54 [DEBUG] 处理后的检测结果形状: (1, 8400, 6)
2026-06-04 17:53:54 [DEBUG] 示例检测结果: [[-4.13015747e+00 -3.28776836e+00  3.95847015e+01  1.54995489e+01
   4.55374334e-08  5.00000000e+00]
 [-6.51552200e+00 -3.02833748e+00  4.46254120e+01  2.99146519e+01
   1.07612621e-08  9.00000000e+00]
 [-3.56600952e+00 -3.53891563e+00  4.59529724e+01  3.05557613e+01
   4.82958029e-09  9.00000000e+00]]
2026-06-04 17:53:54 [DEBUG] 处理后检测输出形状: (0, 52)
2026-06-04 17:53:54 [DEBUG] 有效检测数量: 0
2026-06-04 17:53:54 [DEBUG] 检测输出为空
2026-06-04 17:53:54 [INFO] 掩码中检测到的类别: [0, 1, 2, 3, 4, 5, 6, 7, 8, 9, 10, 11, 12, 13, 14, 15]
2026-06-04 17:53:54 [INFO] 分割完成，检测到 0 个物体
2026-06-04 17:53:54 [INFO] 从分割掩码中提取检测结果
2026-06-04 17:53:54 [INFO] 从掩码中提取了 427 个检测框
2026-06-04 17:53:54 [INFO] 计算出的车框矩形边界: (1026, 621) to (3174, 1513)
2026-06-04 17:53:54 [INFO] 原始检测数: 427, 过滤后检测数: 200
2026-06-04 17:53:55 [INFO] 保存分割和检测结果到: C:\code\show\Scrap_Steel_In_Field\photos\segmentation\segment_20260604_175354.jpg
2026-06-04 17:53:55 [INFO] JSON结果保存到: C:\code\show\Scrap_Steel_In_Field\photos\segmentation_result.json
2026-06-04 17:53:55 [INFO] 类别统计：{0: 13, 1: 44, 2: 22, 3: 4, 4: 24, 5: 34, 6: 18, 7: 24, 8: 44, 9: 49, 10: 26, 11: 15, 12: 21, 13: 66, 14: 0, 15: 23}
2026-06-04 17:53:55 [INFO] 面积统计：{0: 3906828.0, 1: 580572.0, 2: 35856.0, 3: 137520.0, 4: 159264.0, 5: 65160.0, 6: 501984.0, 7: 29160.0, 8: 919980.0, 9: 179316.0, 10: 199764.0, 11: 324252.0, 12: 91404.0, 13: 751860.0, 14: 36.0, 15: 41760.0}
2026-06-04 17:53:55 [INFO] 分割成功
2026-06-04 17:53:55 [INFO] 引擎上下文已释放
2026-06-04 17:53:55 [INFO] TensorRT 引擎已释放
2026-06-04 17:53:55 [INFO] 全局 CUDA 资源已释放
2026-06-04 17:53:55 [INFO] 分割系统资源已释放
2026-06-04 17:53:59 [INFO] CUDA 初始化成功
2026-06-04 17:53:59 [INFO] 引擎加载成功: scrap_steel.engine
2026-06-04 17:53:59 [INFO] 分割系统初始化成功
2026-06-04 17:53:59 [INFO] 图像预处理完成，原始尺寸: (2160, 3840)
2026-06-04 17:53:59 [INFO] 开始执行分割...
2026-06-04 17:53:59 [DEBUG] 处理后的检测结果形状: (1, 8400, 6)
2026-06-04 17:53:59 [DEBUG] 示例检测结果: [[-4.09783936e+00 -3.25507355e+00  3.95841179e+01  1.54641705e+01
   4.51597018e-08  5.00000000e+00]
 [-6.45030594e+00 -2.98093796e+00  4.45971909e+01  2.98793373e+01
   1.07101528e-08  9.00000000e+00]
 [-3.52819824e+00 -3.47828579e+00  4.59108353e+01  3.05473633e+01
   4.93127139e-09  9.00000000e+00]]
2026-06-04 17:53:59 [DEBUG] 处理后检测输出形状: (0, 52)
2026-06-04 17:53:59 [DEBUG] 有效检测数量: 0
2026-06-04 17:53:59 [DEBUG] 检测输出为空
2026-06-04 17:53:59 [INFO] 掩码中检测到的类别: [0, 1, 2, 3, 4, 5, 6, 7, 8, 9, 10, 11, 12, 13, 14, 15]
2026-06-04 17:53:59 [INFO] 分割完成，检测到 0 个物体
2026-06-04 17:53:59 [INFO] 从分割掩码中提取检测结果
2026-06-04 17:54:00 [INFO] 从掩码中提取了 429 个检测框
2026-06-04 17:54:00 [INFO] 计算出的车框矩形边界: (1024, 621) to (3172, 1517)
2026-06-04 17:54:00 [INFO] 原始检测数: 429, 过滤后检测数: 213
2026-06-04 17:54:00 [INFO] 保存分割和检测结果到: C:\code\show\Scrap_Steel_In_Field\photos\segmentation\segment_20260604_175400.jpg
2026-06-04 17:54:00 [INFO] JSON结果保存到: C:\code\show\Scrap_Steel_In_Field\photos\segmentation_result.json
2026-06-04 17:54:00 [INFO] 类别统计：{0: 13, 1: 39, 2: 21, 3: 5, 4: 25, 5: 30, 6: 18, 7: 26, 8: 46, 9: 57, 10: 26, 11: 21, 12: 23, 13: 60, 14: 0, 15: 19}
2026-06-04 17:54:00 [INFO] 面积统计：{0: 3856392.0, 1: 609552.0, 2: 38556.0, 3: 134856.0, 4: 159264.0, 5: 56340.0, 6: 522432.0, 7: 35136.0, 8: 908424.0, 9: 174240.0, 10: 197064.0, 11: 333504.0, 12: 93060.0, 13: 768096.0, 14: 36.0, 15: 39672.0}
2026-06-04 17:54:00 [INFO] 分割成功
2026-06-04 17:54:00 [INFO] 引擎上下文已释放
2026-06-04 17:54:00 [INFO] TensorRT 引擎已释放
2026-06-04 17:54:00 [INFO] 全局 CUDA 资源已释放
2026-06-04 17:54:00 [INFO] 分割系统资源已释放
2026-06-04 17:54:04 [INFO] CUDA 初始化成功
2026-06-04 17:54:04 [INFO] 引擎加载成功: scrap_steel.engine
2026-06-04 17:54:04 [INFO] 分割系统初始化成功
2026-06-04 17:54:04 [INFO] 图像预处理完成，原始尺寸: (2160, 3840)
2026-06-04 17:54:04 [INFO] 开始执行分割...
2026-06-04 17:54:04 [DEBUG] 处理后的检测结果形状: (1, 8400, 6)
2026-06-04 17:54:04 [DEBUG] 示例检测结果: [[-4.10029602e+00 -3.26342106e+00  3.94578056e+01  1.53691320e+01
   4.32462990e-08  5.00000000e+00]
 [-6.48336029e+00 -3.00373840e+00  4.46010437e+01  2.97282448e+01
   1.06251861e-08  9.00000000e+00]
 [-3.59288788e+00 -3.48398590e+00  4.59623642e+01  3.04753838e+01
   4.87790430e-09  9.00000000e+00]]
2026-06-04 17:54:04 [DEBUG] 处理后检测输出形状: (0, 52)
2026-06-04 17:54:04 [DEBUG] 有效检测数量: 0
2026-06-04 17:54:04 [DEBUG] 检测输出为空
2026-06-04 17:54:04 [INFO] 掩码中检测到的类别: [0, 1, 2, 3, 4, 5, 6, 7, 8, 9, 10, 11, 12, 13, 14, 15]
2026-06-04 17:54:04 [INFO] 分割完成，检测到 0 个物体
2026-06-04 17:54:04 [INFO] 从分割掩码中提取检测结果
2026-06-04 17:54:05 [INFO] 从掩码中提取了 446 个检测框
2026-06-04 17:54:05 [INFO] 计算出的车框矩形边界: (1024, 620) to (3172, 1518)
2026-06-04 17:54:05 [INFO] 原始检测数: 446, 过滤后检测数: 200
2026-06-04 17:54:05 [INFO] 保存分割和检测结果到: C:\code\show\Scrap_Steel_In_Field\photos\segmentation\segment_20260604_175405.jpg
2026-06-04 17:54:05 [INFO] JSON结果保存到: C:\code\show\Scrap_Steel_In_Field\photos\segmentation_result.json
2026-06-04 17:54:05 [INFO] 类别统计：{0: 16, 1: 48, 2: 22, 3: 5, 4: 25, 5: 26, 6: 17, 7: 26, 8: 51, 9: 49, 10: 25, 11: 23, 12: 22, 13: 68, 14: 0, 15: 23}
2026-06-04 17:54:05 [INFO] 面积统计：{0: 3858120.0, 1: 598572.0, 2: 43740.0, 3: 132732.0, 4: 169560.0, 5: 55116.0, 6: 498132.0, 7: 29880.0, 8: 913932.0, 9: 201420.0, 10: 195696.0, 11: 333324.0, 12: 93852.0, 13: 752112.0, 14: 36.0, 15: 38916.0}
2026-06-04 17:54:05 [INFO] 分割成功
2026-06-04 17:54:05 [INFO] 引擎上下文已释放
2026-06-04 17:54:05 [INFO] TensorRT 引擎已释放
2026-06-04 17:54:05 [INFO] 全局 CUDA 资源已释放
2026-06-04 17:54:05 [INFO] 分割系统资源已释放
2026-06-04 17:54:09 [INFO] CUDA 初始化成功
2026-06-04 17:54:09 [INFO] 引擎加载成功: scrap_steel.engine
2026-06-04 17:54:09 [INFO] 分割系统初始化成功
2026-06-04 17:54:10 [INFO] 图像预处理完成，原始尺寸: (2160, 3840)
2026-06-04 17:54:10 [INFO] 开始执行分割...
2026-06-04 17:54:10 [DEBUG] 处理后的检测结果形状: (1, 8400, 6)
2026-06-04 17:54:10 [DEBUG] 示例检测结果: [[-4.12895203e+00 -3.27503014e+00  3.94883347e+01  1.55148487e+01
   4.48029560e-08  5.00000000e+00]
 [-6.52800369e+00 -3.01571083e+00  4.46447639e+01  2.98904514e+01
   1.06860085e-08  9.00000000e+00]
 [-3.56570816e+00 -3.48262119e+00  4.59385605e+01  3.04714737e+01
   4.84825335e-09  9.00000000e+00]]
2026-06-04 17:54:10 [DEBUG] 处理后检测输出形状: (0, 52)
2026-06-04 17:54:10 [DEBUG] 有效检测数量: 0
2026-06-04 17:54:10 [DEBUG] 检测输出为空
2026-06-04 17:54:10 [INFO] 掩码中检测到的类别: [0, 1, 2, 3, 4, 5, 6, 7, 8, 9, 10, 11, 12, 13, 14, 15]
2026-06-04 17:54:10 [INFO] 分割完成，检测到 0 个物体
2026-06-04 17:54:10 [INFO] 从分割掩码中提取检测结果
2026-06-04 17:54:10 [INFO] 从掩码中提取了 433 个检测框
2026-06-04 17:54:10 [INFO] 计算出的车框矩形边界: (1024, 620) to (3174, 1513)
2026-06-04 17:54:10 [INFO] 原始检测数: 433, 过滤后检测数: 201
2026-06-04 17:54:11 [INFO] 保存分割和检测结果到: C:\code\show\Scrap_Steel_In_Field\photos\segmentation\segment_20260604_175410.jpg
2026-06-04 17:54:11 [INFO] JSON结果保存到: C:\code\show\Scrap_Steel_In_Field\photos\segmentation_result.json
2026-06-04 17:54:11 [INFO] 类别统计：{0: 19, 1: 41, 2: 22, 3: 5, 4: 24, 5: 28, 6: 18, 7: 25, 8: 46, 9: 50, 10: 30, 11: 21, 12: 22, 13: 62, 14: 0, 15: 20}
2026-06-04 17:54:11 [INFO] 面积统计：{0: 3764988.0, 1: 552060.0, 2: 36360.0, 3: 138312.0, 4: 176256.0, 5: 57312.0, 6: 511884.0, 7: 29952.0, 8: 911088.0, 9: 188964.0, 10: 195696.0, 11: 334836.0, 12: 90324.0, 13: 802188.0, 14: 36.0, 15: 37440.0}
2026-06-04 17:54:11 [INFO] 分割成功
2026-06-04 17:54:11 [INFO] 引擎上下文已释放
2026-06-04 17:54:11 [INFO] TensorRT 引擎已释放
2026-06-04 17:54:11 [INFO] 全局 CUDA 资源已释放
2026-06-04 17:54:11 [INFO] 分割系统资源已释放
2026-06-04 17:54:15 [INFO] CUDA 初始化成功
2026-06-04 17:54:15 [INFO] 引擎加载成功: scrap_steel.engine
2026-06-04 17:54:15 [INFO] 分割系统初始化成功
2026-06-04 17:54:15 [INFO] 图像预处理完成，原始尺寸: (2160, 3840)
2026-06-04 17:54:15 [INFO] 开始执行分割...
2026-06-04 17:54:15 [DEBUG] 处理后的检测结果形状: (1, 8400, 6)
2026-06-04 17:54:15 [DEBUG] 示例检测结果: [[-4.06591034e+00 -3.27190876e+00  3.94596214e+01  1.53707228e+01
   4.53620430e-08  5.00000000e+00]
 [-6.44104767e+00 -2.98995686e+00  4.46389923e+01  2.97591476e+01
   1.05118154e-08  9.00000000e+00]
 [-3.55078125e+00 -3.47958374e+00  4.59172859e+01  3.04662437e+01
   4.82453544e-09  9.00000000e+00]]
2026-06-04 17:54:15 [DEBUG] 处理后检测输出形状: (0, 52)
2026-06-04 17:54:15 [DEBUG] 有效检测数量: 0
2026-06-04 17:54:15 [DEBUG] 检测输出为空
2026-06-04 17:54:15 [INFO] 掩码中检测到的类别: [0, 1, 2, 3, 4, 5, 6, 7, 8, 9, 10, 11, 12, 13, 14, 15]
2026-06-04 17:54:15 [INFO] 分割完成，检测到 0 个物体
2026-06-04 17:54:15 [INFO] 从分割掩码中提取检测结果
2026-06-04 17:54:15 [INFO] 从掩码中提取了 418 个检测框
2026-06-04 17:54:15 [INFO] 计算出的车框矩形边界: (1024, 621) to (3174, 1513)
2026-06-04 17:54:15 [INFO] 原始检测数: 418, 过滤后检测数: 205
2026-06-04 17:54:16 [INFO] 保存分割和检测结果到: C:\code\show\Scrap_Steel_In_Field\photos\segmentation\segment_20260604_175415.jpg
2026-06-04 17:54:16 [INFO] JSON结果保存到: C:\code\show\Scrap_Steel_In_Field\photos\segmentation_result.json
2026-06-04 17:54:16 [INFO] 类别统计：{0: 13, 1: 41, 2: 24, 3: 7, 4: 29, 5: 32, 6: 18, 7: 20, 8: 45, 9: 50, 10: 25, 11: 18, 12: 18, 13: 57, 14: 0, 15: 21}
2026-06-04 17:54:16 [INFO] 面积统计：{0: 3684384.0, 1: 569484.0, 2: 45468.0, 3: 140760.0, 4: 149112.0, 5: 54720.0, 6: 515916.0, 7: 31644.0, 8: 902088.0, 9: 170424.0, 10: 192420.0, 11: 330048.0, 12: 89100.0, 13: 817632.0, 14: 36.0, 15: 34848.0}
2026-06-04 17:54:16 [INFO] 分割成功
2026-06-04 17:54:16 [INFO] 引擎上下文已释放
2026-06-04 17:54:16 [INFO] TensorRT 引擎已释放
2026-06-04 17:54:16 [INFO] 全局 CUDA 资源已释放
2026-06-04 17:54:16 [INFO] 分割系统资源已释放
2026-06-04 17:54:20 [INFO] CUDA 初始化成功
2026-06-04 17:54:20 [INFO] 引擎加载成功: scrap_steel.engine
2026-06-04 17:54:20 [INFO] 分割系统初始化成功
2026-06-04 17:54:20 [INFO] 图像预处理完成，原始尺寸: (2160, 3840)
2026-06-04 17:54:20 [INFO] 开始执行分割...
2026-06-04 17:54:20 [DEBUG] 处理后的检测结果形状: (1, 8400, 6)
2026-06-04 17:54:20 [DEBUG] 示例检测结果: [[-4.11065674e+00 -3.25214624e+00  3.94439163e+01  1.53853016e+01
   4.51847271e-08  5.00000000e+00]
 [-6.51742554e+00 -3.00188351e+00  4.46071396e+01  2.98892288e+01
   1.06027684e-08  9.00000000e+00]
 [-3.55382538e+00 -3.45334816e+00  4.59301414e+01  3.05048771e+01
   4.96978458e-09  9.00000000e+00]]
2026-06-04 17:54:20 [DEBUG] 处理后检测输出形状: (0, 52)
2026-06-04 17:54:20 [DEBUG] 有效检测数量: 0
2026-06-04 17:54:20 [DEBUG] 检测输出为空
2026-06-04 17:54:20 [INFO] 掩码中检测到的类别: [0, 1, 2, 3, 4, 5, 6, 7, 8, 9, 10, 11, 12, 13, 14, 15]
2026-06-04 17:54:20 [INFO] 分割完成，检测到 0 个物体
2026-06-04 17:54:20 [INFO] 从分割掩码中提取检测结果
2026-06-04 17:54:20 [INFO] 从掩码中提取了 426 个检测框
2026-06-04 17:54:20 [INFO] 计算出的车框矩形边界: (1024, 621) to (3174, 1513)
2026-06-04 17:54:20 [INFO] 原始检测数: 426, 过滤后检测数: 209
2026-06-04 17:54:21 [INFO] 保存分割和检测结果到: C:\code\show\Scrap_Steel_In_Field\photos\segmentation\segment_20260604_175420.jpg
2026-06-04 17:54:21 [INFO] JSON结果保存到: C:\code\show\Scrap_Steel_In_Field\photos\segmentation_result.json
2026-06-04 17:54:21 [INFO] 类别统计：{0: 15, 1: 46, 2: 22, 3: 4, 4: 26, 5: 34, 6: 18, 7: 25, 8: 46, 9: 48, 10: 25, 11: 14, 12: 20, 13: 68, 14: 0, 15: 15}
2026-06-04 17:54:21 [INFO] 面积统计：{0: 3776112.0, 1: 570708.0, 2: 41004.0, 3: 138528.0, 4: 158364.0, 5: 54288.0, 6: 492156.0, 7: 27756.0, 8: 902952.0, 9: 186408.0, 10: 190692.0, 11: 332856.0, 12: 95472.0, 13: 801900.0, 14: 36.0, 15: 41832.0}
2026-06-04 17:54:21 [INFO] 分割成功
2026-06-04 17:54:21 [INFO] 引擎上下文已释放
2026-06-04 17:54:21 [INFO] TensorRT 引擎已释放
2026-06-04 17:54:21 [INFO] 全局 CUDA 资源已释放
2026-06-04 17:54:21 [INFO] 分割系统资源已释放
2026-06-04 17:54:25 [INFO] CUDA 初始化成功
2026-06-04 17:54:25 [INFO] 引擎加载成功: scrap_steel.engine
2026-06-04 17:54:25 [INFO] 分割系统初始化成功
2026-06-04 17:54:25 [INFO] 图像预处理完成，原始尺寸: (2160, 3840)
2026-06-04 17:54:25 [INFO] 开始执行分割...
2026-06-04 17:54:25 [DEBUG] 处理后的检测结果形状: (1, 8400, 6)
2026-06-04 17:54:25 [DEBUG] 示例检测结果: [[-4.11050797e+00 -3.27229452e+00  3.94717903e+01  1.54904232e+01
   4.48099229e-08  5.00000000e+00]
 [-6.46781158e+00 -3.00053406e+00  4.45708961e+01  2.97966309e+01
   1.05200328e-08  9.00000000e+00]
 [-3.52738571e+00 -3.48304749e+00  4.59296570e+01  3.04868279e+01
   4.81012918e-09  9.00000000e+00]]
2026-06-04 17:54:25 [DEBUG] 处理后检测输出形状: (0, 52)
2026-06-04 17:54:25 [DEBUG] 有效检测数量: 0
2026-06-04 17:54:25 [DEBUG] 检测输出为空
2026-06-04 17:54:25 [INFO] 掩码中检测到的类别: [0, 1, 2, 3, 4, 5, 6, 7, 8, 9, 10, 11, 12, 13, 14, 15]
2026-06-04 17:54:25 [INFO] 分割完成，检测到 0 个物体
2026-06-04 17:54:25 [INFO] 从分割掩码中提取检测结果
2026-06-04 17:54:25 [INFO] 从掩码中提取了 399 个检测框
2026-06-04 17:54:26 [INFO] 计算出的车框矩形边界: (1024, 620) to (3174, 1513)
2026-06-04 17:54:26 [INFO] 原始检测数: 399, 过滤后检测数: 193
2026-06-04 17:54:26 [INFO] 保存分割和检测结果到: C:\code\show\Scrap_Steel_In_Field\photos\segmentation\segment_20260604_175425.jpg
2026-06-04 17:54:26 [INFO] JSON结果保存到: C:\code\show\Scrap_Steel_In_Field\photos\segmentation_result.json
2026-06-04 17:54:26 [INFO] 类别统计：{0: 12, 1: 39, 2: 24, 3: 5, 4: 27, 5: 36, 6: 18, 7: 20, 8: 41, 9: 46, 10: 23, 11: 16, 12: 21, 13: 53, 14: 0, 15: 18}
2026-06-04 17:54:26 [INFO] 面积统计：{0: 3808404.0, 1: 582552.0, 2: 39636.0, 3: 140832.0, 4: 161676.0, 5: 55152.0, 6: 507744.0, 7: 25488.0, 8: 900936.0, 9: 196164.0, 10: 198792.0, 11: 327924.0, 12: 83412.0, 13: 799776.0, 14: 36.0, 15: 38484.0}
2026-06-04 17:54:26 [INFO] 分割成功
2026-06-04 17:54:26 [INFO] 引擎上下文已释放
2026-06-04 17:54:26 [INFO] TensorRT 引擎已释放
2026-06-04 17:54:26 [INFO] 全局 CUDA 资源已释放
2026-06-04 17:54:26 [INFO] 分割系统资源已释放
2026-06-04 17:54:30 [INFO] CUDA 初始化成功
2026-06-04 17:54:30 [INFO] 引擎加载成功: scrap_steel.engine
2026-06-04 17:54:30 [INFO] 分割系统初始化成功
2026-06-04 17:54:30 [INFO] 图像预处理完成，原始尺寸: (2160, 3840)
2026-06-04 17:54:30 [INFO] 开始执行分割...
2026-06-04 17:54:30 [DEBUG] 处理后的检测结果形状: (1, 8400, 6)
2026-06-04 17:54:30 [DEBUG] 示例检测结果: [[-4.09640884e+00 -3.25045872e+00  3.93488579e+01  1.52632895e+01
   4.48099229e-08  5.00000000e+00]
 [-6.44385910e+00 -2.99170589e+00  4.45725098e+01  2.97227402e+01
   1.05200328e-08  9.00000000e+00]
 [-3.55184555e+00 -3.46842861e+00  4.59062538e+01  3.04473267e+01
   4.88146057e-09  9.00000000e+00]]
2026-06-04 17:54:30 [DEBUG] 处理后检测输出形状: (0, 52)
2026-06-04 17:54:30 [DEBUG] 有效检测数量: 0
2026-06-04 17:54:30 [DEBUG] 检测输出为空
2026-06-04 17:54:30 [INFO] 掩码中检测到的类别: [0, 1, 2, 3, 4, 5, 6, 7, 8, 9, 10, 11, 12, 13, 14, 15]
2026-06-04 17:54:30 [INFO] 分割完成，检测到 0 个物体
2026-06-04 17:54:30 [INFO] 从分割掩码中提取检测结果
2026-06-04 17:54:31 [INFO] 从掩码中提取了 398 个检测框
2026-06-04 17:54:31 [INFO] 计算出的车框矩形边界: (1024, 620) to (3174, 1513)
2026-06-04 17:54:31 [INFO] 原始检测数: 398, 过滤后检测数: 196
2026-06-04 17:54:31 [INFO] 保存分割和检测结果到: C:\code\show\Scrap_Steel_In_Field\photos\segmentation\segment_20260604_175431.jpg
2026-06-04 17:54:31 [INFO] JSON结果保存到: C:\code\show\Scrap_Steel_In_Field\photos\segmentation_result.json
2026-06-04 17:54:31 [INFO] 类别统计：{0: 9, 1: 45, 2: 20, 3: 5, 4: 26, 5: 27, 6: 19, 7: 21, 8: 45, 9: 50, 10: 22, 11: 16, 12: 19, 13: 55, 14: 0, 15: 19}
2026-06-04 17:54:31 [INFO] 面积统计：{0: 3739500.0, 1: 589068.0, 2: 38772.0, 3: 140040.0, 4: 163368.0, 5: 54828.0, 6: 518004.0, 7: 28404.0, 8: 871020.0, 9: 178236.0, 10: 189648.0, 11: 331848.0, 12: 99648.0, 13: 827496.0, 14: 36.0, 15: 39060.0}
2026-06-04 17:54:31 [INFO] 分割成功
2026-06-04 17:54:31 [INFO] 引擎上下文已释放
2026-06-04 17:54:31 [INFO] TensorRT 引擎已释放
2026-06-04 17:54:31 [INFO] 全局 CUDA 资源已释放
2026-06-04 17:54:31 [INFO] 分割系统资源已释放
2026-06-04 17:54:35 [INFO] CUDA 初始化成功
2026-06-04 17:54:35 [INFO] 引擎加载成功: scrap_steel.engine
2026-06-04 17:54:35 [INFO] 分割系统初始化成功
2026-06-04 17:54:35 [INFO] 图像预处理完成，原始尺寸: (2160, 3840)
2026-06-04 17:54:35 [INFO] 开始执行分割...
2026-06-04 17:54:35 [DEBUG] 处理后的检测结果形状: (1, 8400, 6)
2026-06-04 17:54:35 [DEBUG] 示例检测结果: [[-4.09313202e+00 -3.27258110e+00  3.95011673e+01  1.54270897e+01
   4.51847271e-08  5.00000000e+00]
 [-6.44991302e+00 -3.01323509e+00  4.46916084e+01  2.99255962e+01
   1.06267635e-08  9.00000000e+00]
 [-3.54180145e+00 -3.49337006e+00  4.59428978e+01  3.06151924e+01
   4.88746466e-09  9.00000000e+00]]
2026-06-04 17:54:35 [DEBUG] 处理后检测输出形状: (0, 52)
2026-06-04 17:54:35 [DEBUG] 有效检测数量: 0
2026-06-04 17:54:35 [DEBUG] 检测输出为空
2026-06-04 17:54:35 [INFO] 掩码中检测到的类别: [0, 1, 2, 3, 4, 5, 6, 7, 8, 9, 10, 11, 12, 13, 14, 15]
2026-06-04 17:54:35 [INFO] 分割完成，检测到 0 个物体
2026-06-04 17:54:35 [INFO] 从分割掩码中提取检测结果
2026-06-04 17:54:36 [INFO] 从掩码中提取了 434 个检测框
2026-06-04 17:54:36 [INFO] 计算出的车框矩形边界: (1024, 621) to (3174, 1513)
2026-06-04 17:54:36 [INFO] 原始检测数: 434, 过滤后检测数: 209
2026-06-04 17:54:37 [INFO] 保存分割和检测结果到: C:\code\show\Scrap_Steel_In_Field\photos\segmentation\segment_20260604_175436.jpg
2026-06-04 17:54:37 [INFO] JSON结果保存到: C:\code\show\Scrap_Steel_In_Field\photos\segmentation_result.json
2026-06-04 17:54:37 [INFO] 类别统计：{0: 13, 1: 48, 2: 22, 3: 5, 4: 26, 5: 28, 6: 20, 7: 24, 8: 48, 9: 49, 10: 23, 11: 17, 12: 22, 13: 74, 14: 0, 15: 15}
2026-06-04 17:54:37 [INFO] 面积统计：{0: 3649644.0, 1: 570852.0, 2: 38628.0, 3: 137196.0, 4: 149616.0, 5: 59364.0, 6: 516168.0, 7: 30240.0, 8: 898632.0, 9: 191160.0, 10: 191520.0, 11: 343116.0, 12: 90360.0, 13: 802944.0, 14: 36.0, 15: 41328.0}
2026-06-04 17:54:37 [INFO] 分割成功
2026-06-04 17:54:37 [INFO] 引擎上下文已释放
2026-06-04 17:54:37 [INFO] TensorRT 引擎已释放
2026-06-04 17:54:37 [INFO] 全局 CUDA 资源已释放
2026-06-04 17:54:37 [INFO] 分割系统资源已释放
2026-06-04 17:54:40 [INFO] CUDA 初始化成功
2026-06-04 17:54:41 [INFO] 引擎加载成功: scrap_steel.engine
2026-06-04 17:54:41 [INFO] 分割系统初始化成功
2026-06-04 17:54:41 [INFO] 图像预处理完成，原始尺寸: (2160, 3840)
2026-06-04 17:54:41 [INFO] 开始执行分割...
2026-06-04 17:54:41 [DEBUG] 处理后的检测结果形状: (1, 8400, 6)
2026-06-04 17:54:41 [DEBUG] 示例检测结果: [[-4.11074829e+00 -3.29083157e+00  3.95465164e+01  1.54908571e+01
   4.44559412e-08  5.00000000e+00]
 [-6.45777893e+00 -3.01647758e+00  4.45755196e+01  2.98513050e+01
   1.06027684e-08  9.00000000e+00]
 [-3.53513336e+00 -3.48537540e+00  4.58900909e+01  3.04740715e+01
   4.82958029e-09  9.00000000e+00]]
2026-06-04 17:54:41 [DEBUG] 处理后检测输出形状: (0, 52)
2026-06-04 17:54:41 [DEBUG] 有效检测数量: 0
2026-06-04 17:54:41 [DEBUG] 检测输出为空
2026-06-04 17:54:41 [INFO] 掩码中检测到的类别: [0, 1, 2, 3, 4, 5, 6, 7, 8, 9, 10, 11, 12, 13, 14, 15]
2026-06-04 17:54:41 [INFO] 分割完成，检测到 0 个物体
2026-06-04 17:54:41 [INFO] 从分割掩码中提取检测结果
2026-06-04 17:54:41 [INFO] 从掩码中提取了 409 个检测框
2026-06-04 17:54:41 [INFO] 计算出的车框矩形边界: (1024, 621) to (3174, 1513)
2026-06-04 17:54:41 [INFO] 原始检测数: 409, 过滤后检测数: 207
2026-06-04 17:54:42 [INFO] 保存分割和检测结果到: C:\code\show\Scrap_Steel_In_Field\photos\segmentation\segment_20260604_175441.jpg
2026-06-04 17:54:42 [INFO] JSON结果保存到: C:\code\show\Scrap_Steel_In_Field\photos\segmentation_result.json
2026-06-04 17:54:42 [INFO] 类别统计：{0: 9, 1: 38, 2: 22, 3: 2, 4: 24, 5: 31, 6: 21, 7: 21, 8: 39, 9: 52, 10: 26, 11: 18, 12: 21, 13: 67, 14: 0, 15: 18}
2026-06-04 17:54:42 [INFO] 面积统计：{0: 3552876.0, 1: 565596.0, 2: 40608.0, 3: 134568.0, 4: 156420.0, 5: 56484.0, 6: 531720.0, 7: 27036.0, 8: 878868.0, 9: 171864.0, 10: 192564.0, 11: 347436.0, 12: 92160.0, 13: 855828.0, 14: 36.0, 15: 48456.0}
2026-06-04 17:54:42 [INFO] 分割成功
2026-06-04 17:54:42 [INFO] 引擎上下文已释放
2026-06-04 17:54:42 [INFO] TensorRT 引擎已释放
2026-06-04 17:54:42 [INFO] 全局 CUDA 资源已释放
2026-06-04 17:54:42 [INFO] 分割系统资源已释放
2026-06-04 17:54:46 [INFO] CUDA 初始化成功
2026-06-04 17:54:46 [INFO] 引擎加载成功: scrap_steel.engine
2026-06-04 17:54:46 [INFO] 分割系统初始化成功
2026-06-04 17:54:46 [INFO] 图像预处理完成，原始尺寸: (2160, 3840)
2026-06-04 17:54:46 [INFO] 开始执行分割...
2026-06-04 17:54:46 [DEBUG] 处理后的检测结果形状: (1, 8400, 6)
2026-06-04 17:54:46 [DEBUG] 示例检测结果: [[-4.16308594e+00 -3.29910088e+00  3.93761292e+01  1.55428352e+01
   4.48029560e-08  5.00000000e+00]
 [-6.57436371e+00 -3.06411457e+00  4.45317154e+01  2.98407288e+01
   1.04126485e-08  9.00000000e+00]
 [-3.60202408e+00 -3.53924370e+00  4.58950081e+01  3.04425564e+01
   4.81504614e-09  9.00000000e+00]]
2026-06-04 17:54:46 [DEBUG] 处理后检测输出形状: (0, 52)
2026-06-04 17:54:46 [DEBUG] 有效检测数量: 0
2026-06-04 17:54:46 [DEBUG] 检测输出为空
2026-06-04 17:54:46 [INFO] 掩码中检测到的类别: [0, 1, 2, 3, 4, 5, 6, 7, 8, 9, 10, 11, 12, 13, 14, 15]
2026-06-04 17:54:46 [INFO] 分割完成，检测到 0 个物体
2026-06-04 17:54:46 [INFO] 从分割掩码中提取检测结果
2026-06-04 17:54:46 [INFO] 从掩码中提取了 423 个检测框
2026-06-04 17:54:46 [INFO] 计算出的车框矩形边界: (1024, 621) to (3174, 1513)
2026-06-04 17:54:46 [INFO] 原始检测数: 423, 过滤后检测数: 196
2026-06-04 17:54:47 [INFO] 保存分割和检测结果到: C:\code\show\Scrap_Steel_In_Field\photos\segmentation\segment_20260604_175446.jpg
2026-06-04 17:54:47 [INFO] JSON结果保存到: C:\code\show\Scrap_Steel_In_Field\photos\segmentation_result.json
2026-06-04 17:54:47 [INFO] 类别统计：{0: 17, 1: 39, 2: 21, 3: 6, 4: 26, 5: 28, 6: 17, 7: 22, 8: 46, 9: 54, 10: 26, 11: 17, 12: 18, 13: 68, 14: 0, 15: 18}
2026-06-04 17:54:47 [INFO] 面积统计：{0: 3627684.0, 1: 573120.0, 2: 38016.0, 3: 132840.0, 4: 166536.0, 5: 57960.0, 6: 528444.0, 7: 29448.0, 8: 917352.0, 9: 169992.0, 10: 196668.0, 11: 337860.0, 12: 91692.0, 13: 847152.0, 14: 36.0, 15: 41508.0}
2026-06-04 17:54:47 [INFO] 分割成功
2026-06-04 17:54:47 [INFO] 引擎上下文已释放
2026-06-04 17:54:47 [INFO] TensorRT 引擎已释放
2026-06-04 17:54:47 [INFO] 全局 CUDA 资源已释放
2026-06-04 17:54:47 [INFO] 分割系统资源已释放
2026-06-04 17:54:51 [INFO] CUDA 初始化成功
2026-06-04 17:54:51 [INFO] 引擎加载成功: scrap_steel.engine
2026-06-04 17:54:51 [INFO] 分割系统初始化成功
2026-06-04 17:54:51 [INFO] 图像预处理完成，原始尺寸: (2160, 3840)
2026-06-04 17:54:51 [INFO] 开始执行分割...
2026-06-04 17:54:51 [DEBUG] 处理后的检测结果形状: (1, 8400, 6)
2026-06-04 17:54:51 [DEBUG] 示例检测结果: [[-4.12838745e+00 -3.28600931e+00  3.94738503e+01  1.55498028e+01
   4.42750263e-08  5.00000000e+00]
 [-6.49110794e+00 -3.02552891e+00  4.45500832e+01  2.98716087e+01
   1.04534337e-08  9.00000000e+00]
 [-3.54314804e+00 -3.49493313e+00  4.59096756e+01  3.05136032e+01
   4.81504614e-09  9.00000000e+00]]
2026-06-04 17:54:51 [DEBUG] 处理后检测输出形状: (0, 52)
2026-06-04 17:54:51 [DEBUG] 有效检测数量: 0
2026-06-04 17:54:51 [DEBUG] 检测输出为空
2026-06-04 17:54:51 [INFO] 掩码中检测到的类别: [0, 1, 2, 3, 4, 5, 6, 7, 8, 9, 10, 11, 12, 13, 14, 15]
2026-06-04 17:54:51 [INFO] 分割完成，检测到 0 个物体
2026-06-04 17:54:51 [INFO] 从分割掩码中提取检测结果
2026-06-04 17:54:52 [INFO] 从掩码中提取了 412 个检测框
2026-06-04 17:54:52 [INFO] 计算出的车框矩形边界: (1026, 619) to (3172, 1518)
2026-06-04 17:54:52 [INFO] 原始检测数: 412, 过滤后检测数: 207
2026-06-04 17:54:52 [INFO] 保存分割和检测结果到: C:\code\show\Scrap_Steel_In_Field\photos\segmentation\segment_20260604_175452.jpg
2026-06-04 17:54:52 [INFO] JSON结果保存到: C:\code\show\Scrap_Steel_In_Field\photos\segmentation_result.json
2026-06-04 17:54:52 [INFO] 类别统计：{0: 13, 1: 43, 2: 26, 3: 2, 4: 28, 5: 31, 6: 17, 7: 23, 8: 41, 9: 53, 10: 22, 11: 18, 12: 19, 13: 59, 14: 0, 15: 17}
2026-06-04 17:54:52 [INFO] 面积统计：{0: 3754800.0, 1: 590688.0, 2: 42336.0, 3: 136044.0, 4: 157752.0, 5: 59112.0, 6: 526572.0, 7: 25344.0, 8: 917928.0, 9: 179676.0, 10: 198396.0, 11: 326052.0, 12: 90576.0, 13: 832392.0, 14: 36.0, 15: 32976.0}
2026-06-04 17:54:52 [INFO] 分割成功
2026-06-04 17:54:52 [INFO] 引擎上下文已释放
2026-06-04 17:54:52 [INFO] TensorRT 引擎已释放
2026-06-04 17:54:52 [INFO] 全局 CUDA 资源已释放
2026-06-04 17:54:52 [INFO] 分割系统资源已释放
2026-06-04 17:54:56 [INFO] CUDA 初始化成功
2026-06-04 17:54:56 [INFO] 引擎加载成功: scrap_steel.engine
2026-06-04 17:54:56 [INFO] 分割系统初始化成功
2026-06-04 17:54:56 [INFO] 图像预处理完成，原始尺寸: (2160, 3840)
2026-06-04 17:54:56 [INFO] 开始执行分割...
2026-06-04 17:54:56 [DEBUG] 处理后的检测结果形状: (1, 8400, 6)
2026-06-04 17:54:56 [DEBUG] 示例检测结果: [[-4.13034439e+00 -3.27074814e+00  3.94679909e+01  1.55261993e+01
   4.41019594e-08  5.00000000e+00]
 [-6.46050644e+00 -3.01525784e+00  4.45494919e+01  2.98493347e+01
   1.05355014e-08  9.00000000e+00]
 [-3.54827499e+00 -3.49696255e+00  4.59062614e+01  3.05179520e+01
   4.81504614e-09  9.00000000e+00]]
2026-06-04 17:54:56 [DEBUG] 处理后检测输出形状: (0, 52)
2026-06-04 17:54:56 [DEBUG] 有效检测数量: 0
2026-06-04 17:54:56 [DEBUG] 检测输出为空
2026-06-04 17:54:56 [INFO] 掩码中检测到的类别: [0, 1, 2, 3, 4, 5, 6, 7, 8, 9, 10, 11, 12, 13, 14, 15]
2026-06-04 17:54:56 [INFO] 分割完成，检测到 0 个物体
2026-06-04 17:54:56 [INFO] 从分割掩码中提取检测结果
2026-06-04 17:54:56 [INFO] 从掩码中提取了 419 个检测框
2026-06-04 17:54:56 [INFO] 计算出的车框矩形边界: (1024, 620) to (3172, 1517)
2026-06-04 17:54:56 [INFO] 原始检测数: 419, 过滤后检测数: 192
2026-06-04 17:54:57 [INFO] 保存分割和检测结果到: C:\code\show\Scrap_Steel_In_Field\photos\segmentation\segment_20260604_175456.jpg
2026-06-04 17:54:57 [INFO] JSON结果保存到: C:\code\show\Scrap_Steel_In_Field\photos\segmentation_result.json
2026-06-04 17:54:57 [INFO] 类别统计：{0: 21, 1: 41, 2: 19, 3: 5, 4: 28, 5: 30, 6: 19, 7: 24, 8: 38, 9: 49, 10: 24, 11: 18, 12: 19, 13: 70, 14: 0, 15: 14}
2026-06-04 17:54:57 [INFO] 面积统计：{0: 3669876.0, 1: 582300.0, 2: 36720.0, 3: 137160.0, 4: 145152.0, 5: 58932.0, 6: 502920.0, 7: 23256.0, 8: 871812.0, 9: 178704.0, 10: 196776.0, 11: 330156.0, 12: 92952.0, 13: 858204.0, 14: 36.0, 15: 36900.0}
2026-06-04 17:54:57 [INFO] 分割成功
2026-06-04 17:54:57 [INFO] 引擎上下文已释放
2026-06-04 17:54:57 [INFO] TensorRT 引擎已释放
2026-06-04 17:54:57 [INFO] 全局 CUDA 资源已释放
2026-06-04 17:54:57 [INFO] 分割系统资源已释放
2026-06-04 17:55:01 [INFO] CUDA 初始化成功
2026-06-04 17:55:01 [INFO] 引擎加载成功: scrap_steel.engine
2026-06-04 17:55:01 [INFO] 分割系统初始化成功
2026-06-04 17:55:01 [INFO] 图像预处理完成，原始尺寸: (2160, 3840)
2026-06-04 17:55:01 [INFO] 开始执行分割...
2026-06-04 17:55:01 [DEBUG] 处理后的检测结果形状: (1, 8400, 6)
2026-06-04 17:55:01 [DEBUG] 示例检测结果: [[-4.15763092e+00 -3.27763510e+00  3.95001144e+01  1.54924717e+01
   4.34102212e-08  5.00000000e+00]
 [-6.52358246e+00 -3.02963734e+00  4.45352325e+01  2.97642860e+01
   1.03849942e-08  9.00000000e+00]
 [-3.56343842e+00 -3.48561478e+00  4.59007263e+01  3.04117508e+01
   4.75386752e-09  9.00000000e+00]]
2026-06-04 17:55:01 [DEBUG] 处理后检测输出形状: (0, 52)
2026-06-04 17:55:01 [DEBUG] 有效检测数量: 0
2026-06-04 17:55:01 [DEBUG] 检测输出为空
2026-06-04 17:55:01 [INFO] 掩码中检测到的类别: [0, 1, 2, 3, 4, 5, 6, 7, 8, 9, 10, 11, 12, 13, 14, 15]
2026-06-04 17:55:01 [INFO] 分割完成，检测到 0 个物体
2026-06-04 17:55:01 [INFO] 从分割掩码中提取检测结果
2026-06-04 17:55:01 [INFO] 从掩码中提取了 447 个检测框
2026-06-04 17:55:01 [INFO] 计算出的车框矩形边界: (1024, 621) to (3174, 1513)
2026-06-04 17:55:01 [INFO] 原始检测数: 447, 过滤后检测数: 214
2026-06-04 17:55:02 [INFO] 保存分割和检测结果到: C:\code\show\Scrap_Steel_In_Field\photos\segmentation\segment_20260604_175501.jpg
2026-06-04 17:55:02 [INFO] JSON结果保存到: C:\code\show\Scrap_Steel_In_Field\photos\segmentation_result.json
2026-06-04 17:55:02 [INFO] 类别统计：{0: 11, 1: 42, 2: 26, 3: 5, 4: 31, 5: 34, 6: 17, 7: 23, 8: 50, 9: 55, 10: 23, 11: 16, 12: 25, 13: 72, 14: 0, 15: 17}
2026-06-04 17:55:02 [INFO] 面积统计：{0: 3699324.0, 1: 574524.0, 2: 40068.0, 3: 139536.0, 4: 159012.0, 5: 58392.0, 6: 506556.0, 7: 30348.0, 8: 894888.0, 9: 172440.0, 10: 198180.0, 11: 340200.0, 12: 85392.0, 13: 861732.0, 14: 36.0, 15: 41508.0}
2026-06-04 17:55:02 [INFO] 分割成功
2026-06-04 17:55:02 [INFO] 引擎上下文已释放
2026-06-04 17:55:02 [INFO] TensorRT 引擎已释放
2026-06-04 17:55:02 [INFO] 全局 CUDA 资源已释放
2026-06-04 17:55:02 [INFO] 分割系统资源已释放
2026-06-04 17:55:07 [INFO] CUDA 初始化成功
2026-06-04 17:55:07 [INFO] 引擎加载成功: scrap_steel.engine
2026-06-04 17:55:07 [INFO] 分割系统初始化成功
2026-06-04 17:55:07 [INFO] 图像预处理完成，原始尺寸: (2160, 3840)
2026-06-04 17:55:07 [INFO] 开始执行分割...
2026-06-04 17:55:07 [DEBUG] 处理后的检测结果形状: (1, 8400, 6)
2026-06-04 17:55:07 [DEBUG] 示例检测结果: [[-4.16358185e+00 -3.32001209e+00  3.94139519e+01  1.56715441e+01
   4.39196555e-08  5.00000000e+00]
 [-6.53008270e+00 -3.07678699e+00  4.45241089e+01  2.99263000e+01
   1.03849942e-08  9.00000000e+00]
 [-3.53107071e+00 -3.54055119e+00  4.58590965e+01  3.04118576e+01
   4.76523532e-09  9.00000000e+00]]
2026-06-04 17:55:07 [DEBUG] 处理后检测输出形状: (0, 52)
2026-06-04 17:55:07 [DEBUG] 有效检测数量: 0
2026-06-04 17:55:07 [DEBUG] 检测输出为空
2026-06-04 17:55:07 [INFO] 掩码中检测到的类别: [0, 1, 2, 3, 4, 5, 6, 7, 8, 9, 10, 11, 12, 13, 14, 15]
2026-06-04 17:55:07 [INFO] 分割完成，检测到 0 个物体
2026-06-04 17:55:07 [INFO] 从分割掩码中提取检测结果
2026-06-04 17:55:07 [INFO] 从掩码中提取了 423 个检测框
2026-06-04 17:55:07 [INFO] 计算出的车框矩形边界: (1024, 621) to (3174, 1513)
2026-06-04 17:55:07 [INFO] 原始检测数: 423, 过滤后检测数: 214
2026-06-04 17:55:08 [INFO] 保存分割和检测结果到: C:\code\show\Scrap_Steel_In_Field\photos\segmentation\segment_20260604_175507.jpg
2026-06-04 17:55:08 [INFO] JSON结果保存到: C:\code\show\Scrap_Steel_In_Field\photos\segmentation_result.json
2026-06-04 17:55:08 [INFO] 类别统计：{0: 15, 1: 45, 2: 20, 3: 3, 4: 26, 5: 32, 6: 18, 7: 22, 8: 39, 9: 60, 10: 25, 11: 17, 12: 20, 13: 63, 14: 0, 15: 18}
2026-06-04 17:55:08 [INFO] 面积统计：{0: 3686940.0, 1: 552312.0, 2: 40896.0, 3: 135144.0, 4: 152928.0, 5: 56988.0, 6: 490284.0, 7: 24552.0, 8: 924768.0, 9: 181044.0, 10: 201312.0, 11: 326052.0, 12: 96012.0, 13: 860976.0, 14: 36.0, 15: 40500.0}
2026-06-04 17:55:08 [INFO] 分割成功
2026-06-04 17:55:08 [INFO] 引擎上下文已释放
2026-06-04 17:55:08 [INFO] TensorRT 引擎已释放
2026-06-04 17:55:08 [INFO] 全局 CUDA 资源已释放
2026-06-04 17:55:08 [INFO] 分割系统资源已释放
2026-06-04 17:55:11 [INFO] CUDA 初始化成功
2026-06-04 17:55:11 [INFO] 引擎加载成功: scrap_steel.engine
2026-06-04 17:55:11 [INFO] 分割系统初始化成功
2026-06-04 17:55:11 [INFO] 图像预处理完成，原始尺寸: (2160, 3840)
2026-06-04 17:55:11 [INFO] 开始执行分割...
2026-06-04 17:55:11 [DEBUG] 处理后的检测结果形状: (1, 8400, 6)
2026-06-04 17:55:11 [DEBUG] 示例检测结果: [[-4.12929535e+00 -3.29593468e+00  3.94901314e+01  1.55579224e+01
   4.44559412e-08  5.00000000e+00]
 [-6.47825623e+00 -3.03833580e+00  4.45690002e+01  2.99548969e+01
   1.02107123e-08  9.00000000e+00]
 [-3.56056213e+00 -3.52184677e+00  4.59190140e+01  3.05813446e+01
   4.71780126e-09  9.00000000e+00]]
2026-06-04 17:55:11 [DEBUG] 处理后检测输出形状: (0, 52)
2026-06-04 17:55:11 [DEBUG] 有效检测数量: 0
2026-06-04 17:55:11 [DEBUG] 检测输出为空
2026-06-04 17:55:11 [INFO] 掩码中检测到的类别: [0, 1, 2, 3, 4, 5, 6, 7, 8, 9, 10, 11, 12, 13, 14, 15]
2026-06-04 17:55:11 [INFO] 分割完成，检测到 0 个物体
2026-06-04 17:55:11 [INFO] 从分割掩码中提取检测结果
2026-06-04 17:55:12 [INFO] 从掩码中提取了 414 个检测框
2026-06-04 17:55:12 [INFO] 计算出的车框矩形边界: (1024, 620) to (3174, 1513)
2026-06-04 17:55:12 [INFO] 原始检测数: 414, 过滤后检测数: 205
2026-06-04 17:55:12 [INFO] 保存分割和检测结果到: C:\code\show\Scrap_Steel_In_Field\photos\segmentation\segment_20260604_175512.jpg
2026-06-04 17:55:12 [INFO] JSON结果保存到: C:\code\show\Scrap_Steel_In_Field\photos\segmentation_result.json
2026-06-04 17:55:12 [INFO] 类别统计：{0: 12, 1: 44, 2: 22, 3: 3, 4: 26, 5: 28, 6: 20, 7: 23, 8: 46, 9: 49, 10: 26, 11: 16, 12: 24, 13: 60, 14: 0, 15: 15}
2026-06-04 17:55:12 [INFO] 面积统计：{0: 3598596.0, 1: 600336.0, 2: 33768.0, 3: 139716.0, 4: 154116.0, 5: 52488.0, 6: 543600.0, 7: 28116.0, 8: 898560.0, 9: 170712.0, 10: 191664.0, 11: 336816.0, 12: 88812.0, 13: 832932.0, 14: 36.0, 15: 44244.0}
2026-06-04 17:55:12 [INFO] 分割成功
2026-06-04 17:55:12 [INFO] 引擎上下文已释放
2026-06-04 17:55:12 [INFO] TensorRT 引擎已释放
2026-06-04 17:55:12 [INFO] 全局 CUDA 资源已释放
2026-06-04 17:55:12 [INFO] 分割系统资源已释放
2026-06-04 17:55:16 [INFO] CUDA 初始化成功
2026-06-04 17:55:16 [INFO] 引擎加载成功: scrap_steel.engine
2026-06-04 17:55:16 [INFO] 分割系统初始化成功
2026-06-04 17:55:16 [INFO] 图像预处理完成，原始尺寸: (2160, 3840)
2026-06-04 17:55:16 [INFO] 开始执行分割...
2026-06-04 17:55:16 [DEBUG] 处理后的检测结果形状: (1, 8400, 6)
2026-06-04 17:55:16 [DEBUG] 示例检测结果: [[-4.12983322e+00 -3.28621578e+00  3.94614258e+01  1.56101427e+01
   4.42750263e-08  5.00000000e+00]
 [-6.49475861e+00 -3.05172443e+00  4.45563583e+01  2.99192696e+01
   1.02977786e-08  9.00000000e+00]
 [-3.53570557e+00 -3.51134682e+00  4.58756180e+01  3.04636822e+01
   4.76523532e-09  9.00000000e+00]]
2026-06-04 17:55:16 [DEBUG] 处理后检测输出形状: (0, 52)
2026-06-04 17:55:16 [DEBUG] 有效检测数量: 0
2026-06-04 17:55:16 [DEBUG] 检测输出为空
2026-06-04 17:55:16 [INFO] 掩码中检测到的类别: [0, 1, 2, 3, 4, 5, 6, 7, 8, 9, 10, 11, 12, 13, 14, 15]
2026-06-04 17:55:16 [INFO] 分割完成，检测到 0 个物体
2026-06-04 17:55:16 [INFO] 从分割掩码中提取检测结果
2026-06-04 17:55:17 [INFO] 从掩码中提取了 393 个检测框
2026-06-04 17:55:17 [INFO] 计算出的车框矩形边界: (1024, 621) to (3174, 1513)
2026-06-04 17:55:17 [INFO] 原始检测数: 393, 过滤后检测数: 196
2026-06-04 17:55:17 [INFO] 保存分割和检测结果到: C:\code\show\Scrap_Steel_In_Field\photos\segmentation\segment_20260604_175517.jpg
2026-06-04 17:55:17 [INFO] JSON结果保存到: C:\code\show\Scrap_Steel_In_Field\photos\segmentation_result.json
2026-06-04 17:55:17 [INFO] 类别统计：{0: 12, 1: 44, 2: 21, 3: 6, 4: 25, 5: 36, 6: 15, 7: 22, 8: 35, 9: 48, 10: 21, 11: 16, 12: 19, 13: 56, 14: 0, 15: 17}
2026-06-04 17:55:17 [INFO] 面积统计：{0: 3669840.0, 1: 563868.0, 2: 30600.0, 3: 142704.0, 4: 162108.0, 5: 59904.0, 6: 509364.0, 7: 27144.0, 8: 925272.0, 9: 186876.0, 10: 200340.0, 11: 333396.0, 12: 97884.0, 13: 793152.0, 14: 36.0, 15: 46044.0}
2026-06-04 17:55:17 [INFO] 分割成功
2026-06-04 17:55:17 [INFO] 引擎上下文已释放
2026-06-04 17:55:17 [INFO] TensorRT 引擎已释放
2026-06-04 17:55:17 [INFO] 全局 CUDA 资源已释放
2026-06-04 17:55:17 [INFO] 分割系统资源已释放
2026-06-04 17:55:22 [INFO] CUDA 初始化成功
2026-06-04 17:55:22 [INFO] 引擎加载成功: scrap_steel.engine
2026-06-04 17:55:22 [INFO] 分割系统初始化成功
2026-06-04 17:55:22 [INFO] 图像预处理完成，原始尺寸: (2160, 3840)
2026-06-04 17:55:22 [INFO] 开始执行分割...
2026-06-04 17:55:22 [DEBUG] 处理后的检测结果形状: (1, 8400, 6)
2026-06-04 17:55:22 [DEBUG] 示例检测结果: [[-4.17567444e+00 -3.28746986e+00  3.94043312e+01  1.53829994e+01
   4.34102212e-08  5.00000000e+00]
 [-6.55122757e+00 -3.03849030e+00  4.45425148e+01  2.97404060e+01
   1.03443014e-08  9.00000000e+00]
 [-3.57423019e+00 -3.49703979e+00  4.58862114e+01  3.04091606e+01
   4.69481787e-09  9.00000000e+00]]
2026-06-04 17:55:22 [DEBUG] 处理后检测输出形状: (0, 52)
2026-06-04 17:55:22 [DEBUG] 有效检测数量: 0
2026-06-04 17:55:22 [DEBUG] 检测输出为空
2026-06-04 17:55:22 [INFO] 掩码中检测到的类别: [0, 1, 2, 3, 4, 5, 6, 7, 8, 9, 10, 11, 12, 13, 14, 15]
2026-06-04 17:55:22 [INFO] 分割完成，检测到 0 个物体
2026-06-04 17:55:22 [INFO] 从分割掩码中提取检测结果
2026-06-04 17:55:22 [INFO] 从掩码中提取了 436 个检测框
2026-06-04 17:55:23 [INFO] 计算出的车框矩形边界: (1027, 621) to (3172, 1517)
2026-06-04 17:55:23 [INFO] 原始检测数: 436, 过滤后检测数: 209
2026-06-04 17:55:23 [INFO] 保存分割和检测结果到: C:\code\show\Scrap_Steel_In_Field\photos\segmentation\segment_20260604_175522.jpg
2026-06-04 17:55:23 [INFO] JSON结果保存到: C:\code\show\Scrap_Steel_In_Field\photos\segmentation_result.json
2026-06-04 17:55:23 [INFO] 类别统计：{0: 12, 1: 45, 2: 25, 3: 5, 4: 29, 5: 28, 6: 18, 7: 24, 8: 49, 9: 51, 10: 26, 11: 19, 12: 23, 13: 63, 14: 0, 15: 19}
2026-06-04 17:55:23 [INFO] 面积统计：{0: 3886956.0, 1: 602676.0, 2: 37944.0, 3: 141552.0, 4: 167796.0, 5: 52704.0, 6: 485208.0, 7: 34776.0, 8: 925092.0, 9: 194832.0, 10: 190152.0, 11: 327996.0, 12: 87984.0, 13: 787608.0, 14: 72.0, 15: 31248.0}
2026-06-04 17:55:23 [INFO] 分割成功
2026-06-04 17:55:23 [INFO] 引擎上下文已释放
2026-06-04 17:55:23 [INFO] TensorRT 引擎已释放
2026-06-04 17:55:23 [INFO] 全局 CUDA 资源已释放
2026-06-04 17:55:23 [INFO] 分割系统资源已释放
2026-06-04 17:55:27 [INFO] CUDA 初始化成功
2026-06-04 17:55:27 [INFO] 引擎加载成功: scrap_steel.engine
2026-06-04 17:55:27 [INFO] 分割系统初始化成功
2026-06-04 17:55:27 [INFO] 图像预处理完成，原始尺寸: (2160, 3840)
2026-06-04 17:55:27 [INFO] 开始执行分割...
2026-06-04 17:55:27 [DEBUG] 处理后的检测结果形状: (1, 8400, 6)
2026-06-04 17:55:27 [DEBUG] 示例检测结果: [[-4.13158798e+00 -3.28463650e+00  3.93249016e+01  1.55409346e+01
   4.28936922e-08  5.00000000e+00]
 [-6.52174759e+00 -3.05194187e+00  4.45534401e+01  2.98122253e+01
   1.03905364e-08  9.00000000e+00]
 [-3.56781769e+00 -3.51355553e+00  4.59431229e+01  3.03884182e+01
   4.77246775e-09  9.00000000e+00]]
2026-06-04 17:55:27 [DEBUG] 处理后检测输出形状: (0, 52)
2026-06-04 17:55:27 [DEBUG] 有效检测数量: 0
2026-06-04 17:55:27 [DEBUG] 检测输出为空
2026-06-04 17:55:27 [INFO] 掩码中检测到的类别: [0, 1, 2, 3, 4, 5, 6, 7, 8, 9, 10, 11, 12, 13, 14, 15]
2026-06-04 17:55:27 [INFO] 分割完成，检测到 0 个物体
2026-06-04 17:55:27 [INFO] 从分割掩码中提取检测结果
2026-06-04 17:55:27 [INFO] 从掩码中提取了 440 个检测框
2026-06-04 17:55:27 [INFO] 计算出的车框矩形边界: (1024, 620) to (3172, 1517)
2026-06-04 17:55:27 [INFO] 原始检测数: 440, 过滤后检测数: 210
2026-06-04 17:55:28 [INFO] 保存分割和检测结果到: C:\code\show\Scrap_Steel_In_Field\photos\segmentation\segment_20260604_175527.jpg
2026-06-04 17:55:28 [INFO] JSON结果保存到: C:\code\show\Scrap_Steel_In_Field\photos\segmentation_result.json
2026-06-04 17:55:28 [INFO] 类别统计：{0: 16, 1: 46, 2: 22, 3: 6, 4: 29, 5: 31, 6: 23, 7: 20, 8: 48, 9: 56, 10: 27, 11: 19, 12: 17, 13: 60, 14: 0, 15: 20}
2026-06-04 17:55:28 [INFO] 面积统计：{0: 3896964.0, 1: 574920.0, 2: 38808.0, 3: 137808.0, 4: 159084.0, 5: 50580.0, 6: 486036.0, 7: 25092.0, 8: 922212.0, 9: 195264.0, 10: 198972.0, 11: 336204.0, 12: 81900.0, 13: 763596.0, 14: 36.0, 15: 34920.0}
2026-06-04 17:55:28 [INFO] 分割成功
2026-06-04 17:55:28 [INFO] 引擎上下文已释放
2026-06-04 17:55:28 [INFO] TensorRT 引擎已释放
2026-06-04 17:55:28 [INFO] 全局 CUDA 资源已释放
2026-06-04 17:55:28 [INFO] 分割系统资源已释放
2026-06-04 17:55:32 [INFO] CUDA 初始化成功
2026-06-04 17:55:32 [INFO] 引擎加载成功: scrap_steel.engine
2026-06-04 17:55:32 [INFO] 分割系统初始化成功
2026-06-04 17:55:32 [INFO] 图像预处理完成，原始尺寸: (2160, 3840)
2026-06-04 17:55:32 [INFO] 开始执行分割...
2026-06-04 17:55:32 [DEBUG] 处理后的检测结果形状: (1, 8400, 6)
2026-06-04 17:55:32 [DEBUG] 示例检测结果: [[-4.16044235e+00 -3.27837467e+00  3.94913826e+01  1.54976664e+01
   4.27283844e-08  5.00000000e+00]
 [-6.55026245e+00 -3.01969910e+00  4.45706940e+01  2.97824135e+01
   1.03905364e-08  9.00000000e+00]
 [-3.55190277e+00 -3.48745537e+00  4.59399109e+01  3.04168911e+01
   4.77246775e-09  9.00000000e+00]]
2026-06-04 17:55:32 [DEBUG] 处理后检测输出形状: (0, 52)
2026-06-04 17:55:32 [DEBUG] 有效检测数量: 0
2026-06-04 17:55:32 [DEBUG] 检测输出为空
2026-06-04 17:55:32 [INFO] 掩码中检测到的类别: [0, 1, 2, 3, 4, 5, 6, 7, 8, 9, 10, 11, 12, 13, 14, 15]
2026-06-04 17:55:32 [INFO] 分割完成，检测到 0 个物体
2026-06-04 17:55:32 [INFO] 从分割掩码中提取检测结果
2026-06-04 17:55:32 [INFO] 从掩码中提取了 415 个检测框
2026-06-04 17:55:32 [INFO] 计算出的车框矩形边界: (1026, 620) to (3174, 1512)
2026-06-04 17:55:32 [INFO] 原始检测数: 415, 过滤后检测数: 201
2026-06-04 17:55:33 [INFO] 保存分割和检测结果到: C:\code\show\Scrap_Steel_In_Field\photos\segmentation\segment_20260604_175532.jpg
2026-06-04 17:55:33 [INFO] JSON结果保存到: C:\code\show\Scrap_Steel_In_Field\photos\segmentation_result.json
2026-06-04 17:55:33 [INFO] 类别统计：{0: 12, 1: 41, 2: 22, 3: 6, 4: 24, 5: 32, 6: 22, 7: 24, 8: 51, 9: 49, 10: 23, 11: 16, 12: 19, 13: 58, 14: 0, 15: 16}
2026-06-04 17:55:33 [INFO] 面积统计：{0: 3919968.0, 1: 598464.0, 2: 44208.0, 3: 139716.0, 4: 161028.0, 5: 57096.0, 6: 487368.0, 7: 31176.0, 8: 936468.0, 9: 187380.0, 10: 188496.0, 11: 329220.0, 12: 95256.0, 13: 743508.0, 14: 36.0, 15: 40788.0}
2026-06-04 17:55:33 [INFO] 分割成功
2026-06-04 17:55:33 [INFO] 引擎上下文已释放
2026-06-04 17:55:33 [INFO] TensorRT 引擎已释放
2026-06-04 17:55:33 [INFO] 全局 CUDA 资源已释放
2026-06-04 17:55:33 [INFO] 分割系统资源已释放
2026-06-04 17:55:37 [INFO] CUDA 初始化成功
2026-06-04 17:55:37 [INFO] 引擎加载成功: scrap_steel.engine
2026-06-04 17:55:37 [INFO] 分割系统初始化成功
2026-06-04 17:55:37 [INFO] 图像预处理完成，原始尺寸: (2160, 3840)
2026-06-04 17:55:37 [INFO] 开始执行分割...
2026-06-04 17:55:37 [DEBUG] 处理后的检测结果形状: (1, 8400, 6)
2026-06-04 17:55:37 [DEBUG] 示例检测结果: [[-4.15879440e+00 -3.30084515e+00  3.94977455e+01  1.56143179e+01
   4.39307755e-08  5.00000000e+00]
 [-6.52774048e+00 -3.06483936e+00  4.45443726e+01  2.99057121e+01
   1.02977786e-08  9.00000000e+00]
 [-3.52287292e+00 -3.52404976e+00  4.58487053e+01  3.04665661e+01
   4.70966555e-09  9.00000000e+00]]
2026-06-04 17:55:37 [DEBUG] 处理后检测输出形状: (0, 52)
2026-06-04 17:55:37 [DEBUG] 有效检测数量: 0
2026-06-04 17:55:37 [DEBUG] 检测输出为空
2026-06-04 17:55:37 [INFO] 掩码中检测到的类别: [0, 1, 2, 3, 4, 5, 6, 7, 8, 9, 10, 11, 12, 13, 14, 15]
2026-06-04 17:55:37 [INFO] 分割完成，检测到 0 个物体
2026-06-04 17:55:37 [INFO] 从分割掩码中提取检测结果
2026-06-04 17:55:38 [INFO] 从掩码中提取了 420 个检测框
2026-06-04 17:55:38 [INFO] 计算出的车框矩形边界: (1024, 621) to (3174, 1513)
2026-06-04 17:55:38 [INFO] 原始检测数: 420, 过滤后检测数: 204
2026-06-04 17:55:38 [INFO] 保存分割和检测结果到: C:\code\show\Scrap_Steel_In_Field\photos\segmentation\segment_20260604_175538.jpg
2026-06-04 17:55:38 [INFO] JSON结果保存到: C:\code\show\Scrap_Steel_In_Field\photos\segmentation_result.json
2026-06-04 17:55:38 [INFO] 类别统计：{0: 8, 1: 44, 2: 22, 3: 4, 4: 27, 5: 28, 6: 20, 7: 25, 8: 51, 9: 52, 10: 32, 11: 13, 12: 22, 13: 58, 14: 0, 15: 14}
2026-06-04 17:55:38 [INFO] 面积统计：{0: 3949776.0, 1: 595188.0, 2: 37188.0, 3: 137808.0, 4: 164160.0, 5: 53460.0, 6: 490788.0, 7: 30168.0, 8: 909612.0, 9: 177984.0, 10: 182448.0, 11: 331740.0, 12: 87084.0, 13: 763092.0, 14: 36.0, 15: 42084.0}
2026-06-04 17:55:38 [INFO] 分割成功
2026-06-04 17:55:38 [INFO] 引擎上下文已释放
2026-06-04 17:55:38 [INFO] TensorRT 引擎已释放
2026-06-04 17:55:38 [INFO] 全局 CUDA 资源已释放
2026-06-04 17:55:38 [INFO] 分割系统资源已释放
2026-06-04 17:55:42 [INFO] CUDA 初始化成功
2026-06-04 17:55:42 [INFO] 引擎加载成功: scrap_steel.engine
2026-06-04 17:55:42 [INFO] 分割系统初始化成功
2026-06-04 17:55:42 [INFO] 图像预处理完成，原始尺寸: (2160, 3840)
2026-06-04 17:55:42 [INFO] 开始执行分割...
2026-06-04 17:55:42 [DEBUG] 处理后的检测结果形状: (1, 8400, 6)
2026-06-04 17:55:42 [DEBUG] 示例检测结果: [[-4.12907028e+00 -3.28893137e+00  3.95407562e+01  1.55465755e+01
   4.44559412e-08  5.00000000e+00]
 [-6.53373718e+00 -3.03024006e+00  4.45969620e+01  2.99052620e+01
   1.06860085e-08  9.00000000e+00]
 [-3.58419800e+00 -3.52214909e+00  4.59231491e+01  3.04859161e+01
   4.84825335e-09  9.00000000e+00]]
2026-06-04 17:55:42 [DEBUG] 处理后检测输出形状: (0, 52)
2026-06-04 17:55:42 [DEBUG] 有效检测数量: 0
2026-06-04 17:55:42 [DEBUG] 检测输出为空
2026-06-04 17:55:42 [INFO] 掩码中检测到的类别: [0, 1, 2, 3, 4, 5, 6, 7, 8, 9, 10, 11, 12, 13, 14, 15]
2026-06-04 17:55:42 [INFO] 分割完成，检测到 0 个物体
2026-06-04 17:55:42 [INFO] 从分割掩码中提取检测结果
2026-06-04 17:55:43 [INFO] 从掩码中提取了 417 个检测框
2026-06-04 17:55:43 [INFO] 计算出的车框矩形边界: (1024, 621) to (3174, 1513)
2026-06-04 17:55:43 [INFO] 原始检测数: 417, 过滤后检测数: 195
2026-06-04 17:55:43 [INFO] 保存分割和检测结果到: C:\code\show\Scrap_Steel_In_Field\photos\segmentation\segment_20260604_175543.jpg
2026-06-04 17:55:43 [INFO] JSON结果保存到: C:\code\show\Scrap_Steel_In_Field\photos\segmentation_result.json
2026-06-04 17:55:43 [INFO] 类别统计：{0: 19, 1: 39, 2: 23, 3: 3, 4: 29, 5: 30, 6: 20, 7: 21, 8: 39, 9: 51, 10: 24, 11: 17, 12: 17, 13: 68, 14: 0, 15: 17}
2026-06-04 17:55:43 [INFO] 面积统计：{0: 3935016.0, 1: 593712.0, 2: 41364.0, 3: 135612.0, 4: 170136.0, 5: 56376.0, 6: 484884.0, 7: 25560.0, 8: 945792.0, 9: 182880.0, 10: 190980.0, 11: 334512.0, 12: 92088.0, 13: 744408.0, 14: 36.0, 15: 36864.0}
2026-06-04 17:55:43 [INFO] 分割成功
2026-06-04 17:55:43 [INFO] 引擎上下文已释放
2026-06-04 17:55:43 [INFO] TensorRT 引擎已释放
2026-06-04 17:55:43 [INFO] 全局 CUDA 资源已释放
2026-06-04 17:55:43 [INFO] 分割系统资源已释放
2026-06-04 17:55:47 [INFO] CUDA 初始化成功
2026-06-04 17:55:47 [INFO] 引擎加载成功: scrap_steel.engine
2026-06-04 17:55:47 [INFO] 分割系统初始化成功
2026-06-04 17:55:47 [INFO] 图像预处理完成，原始尺寸: (2160, 3840)
2026-06-04 17:55:47 [INFO] 开始执行分割...
2026-06-04 17:55:47 [DEBUG] 处理后的检测结果形状: (1, 8400, 6)
2026-06-04 17:55:47 [DEBUG] 示例检测结果: [[-4.14221954e+00 -3.33042908e+00  3.94592896e+01  1.56703072e+01
   4.44559412e-08  5.00000000e+00]
 [-6.49779510e+00 -3.05071831e+00  4.45826759e+01  3.00095615e+01
   1.04053726e-08  9.00000000e+00]
 [-3.55665588e+00 -3.52045345e+00  4.58979797e+01  3.05744247e+01
   4.73595563e-09  9.00000000e+00]]
2026-06-04 17:55:47 [DEBUG] 处理后检测输出形状: (0, 52)
2026-06-04 17:55:47 [DEBUG] 有效检测数量: 0
2026-06-04 17:55:47 [DEBUG] 检测输出为空
2026-06-04 17:55:47 [INFO] 掩码中检测到的类别: [0, 1, 2, 3, 4, 5, 6, 7, 8, 9, 10, 11, 12, 13, 14, 15]
2026-06-04 17:55:47 [INFO] 分割完成，检测到 0 个物体
2026-06-04 17:55:47 [INFO] 从分割掩码中提取检测结果
2026-06-04 17:55:48 [INFO] 从掩码中提取了 468 个检测框
2026-06-04 17:55:48 [INFO] 计算出的车框矩形边界: (1024, 620) to (3174, 1513)
2026-06-04 17:55:48 [INFO] 原始检测数: 468, 过滤后检测数: 215
2026-06-04 17:55:48 [INFO] 保存分割和检测结果到: C:\code\show\Scrap_Steel_In_Field\photos\segmentation\segment_20260604_175548.jpg
2026-06-04 17:55:48 [INFO] JSON结果保存到: C:\code\show\Scrap_Steel_In_Field\photos\segmentation_result.json
2026-06-04 17:55:48 [INFO] 类别统计：{0: 20, 1: 55, 2: 25, 3: 6, 4: 22, 5: 28, 6: 21, 7: 24, 8: 50, 9: 58, 10: 29, 11: 19, 12: 21, 13: 71, 14: 0, 15: 19}
2026-06-04 17:55:48 [INFO] 面积统计：{0: 3924576.0, 1: 578052.0, 2: 38160.0, 3: 138564.0, 4: 175932.0, 5: 58428.0, 6: 476892.0, 7: 29160.0, 8: 935172.0, 9: 185652.0, 10: 196956.0, 11: 326556.0, 12: 93276.0, 13: 739332.0, 14: 36.0, 15: 33372.0}
2026-06-04 17:55:48 [INFO] 分割成功
2026-06-04 17:55:48 [INFO] 引擎上下文已释放
2026-06-04 17:55:48 [INFO] TensorRT 引擎已释放
2026-06-04 17:55:48 [INFO] 全局 CUDA 资源已释放
2026-06-04 17:55:48 [INFO] 分割系统资源已释放
2026-06-04 17:55:52 [INFO] CUDA 初始化成功
2026-06-04 17:55:52 [INFO] 引擎加载成功: scrap_steel.engine
2026-06-04 17:55:52 [INFO] 分割系统初始化成功
2026-06-04 17:55:53 [INFO] 图像预处理完成，原始尺寸: (2160, 3840)
2026-06-04 17:55:53 [INFO] 开始执行分割...
2026-06-04 17:55:53 [DEBUG] 处理后的检测结果形状: (1, 8400, 6)
2026-06-04 17:55:53 [DEBUG] 示例检测结果: [[-4.14559555e+00 -3.29822683e+00  3.95313492e+01  1.56071873e+01
   4.48029560e-08  5.00000000e+00]
 [-6.51900482e+00 -3.02977180e+00  4.45635796e+01  2.98615360e+01
   1.05281011e-08  9.00000000e+00]
 [-3.55724335e+00 -3.52478027e+00  4.59149094e+01  3.04533501e+01
   4.81504614e-09  9.00000000e+00]]
2026-06-04 17:55:53 [DEBUG] 处理后检测输出形状: (0, 52)
2026-06-04 17:55:53 [DEBUG] 有效检测数量: 0
2026-06-04 17:55:53 [DEBUG] 检测输出为空
2026-06-04 17:55:53 [INFO] 掩码中检测到的类别: [0, 1, 2, 3, 4, 5, 6, 7, 8, 9, 10, 11, 12, 13, 14, 15]
2026-06-04 17:55:53 [INFO] 分割完成，检测到 0 个物体
2026-06-04 17:55:53 [INFO] 从分割掩码中提取检测结果
2026-06-04 17:55:53 [INFO] 从掩码中提取了 455 个检测框
2026-06-04 17:55:53 [INFO] 计算出的车框矩形边界: (1024, 620) to (3174, 1513)
2026-06-04 17:55:53 [INFO] 原始检测数: 455, 过滤后检测数: 226
2026-06-04 17:55:53 [INFO] 保存分割和检测结果到: C:\code\show\Scrap_Steel_In_Field\photos\segmentation\segment_20260604_175553.jpg
2026-06-04 17:55:53 [INFO] JSON结果保存到: C:\code\show\Scrap_Steel_In_Field\photos\segmentation_result.json
2026-06-04 17:55:53 [INFO] 类别统计：{0: 42, 1: 48, 2: 23, 3: 5, 4: 29, 5: 27, 6: 18, 7: 19, 8: 46, 9: 51, 10: 21, 11: 18, 12: 26, 13: 63, 14: 0, 15: 19}
2026-06-04 17:55:53 [INFO] 面积统计：{0: 3993192.0, 1: 634608.0, 2: 37368.0, 3: 136260.0, 4: 177768.0, 5: 56484.0, 6: 465120.0, 7: 25596.0, 8: 920016.0, 9: 191628.0, 10: 189972.0, 11: 334224.0, 12: 96120.0, 13: 749520.0, 14: 36.0, 15: 36936.0}
2026-06-04 17:55:53 [INFO] 分割成功
2026-06-04 17:55:53 [INFO] 引擎上下文已释放
2026-06-04 17:55:54 [INFO] TensorRT 引擎已释放
2026-06-04 17:55:54 [INFO] 全局 CUDA 资源已释放
2026-06-04 17:55:54 [INFO] 分割系统资源已释放
2026-06-04 17:55:58 [INFO] CUDA 初始化成功
2026-06-04 17:55:58 [INFO] 引擎加载成功: scrap_steel.engine
2026-06-04 17:55:58 [INFO] 分割系统初始化成功
2026-06-04 17:55:58 [INFO] 图像预处理完成，原始尺寸: (2160, 3840)
2026-06-04 17:55:58 [INFO] 开始执行分割...
2026-06-04 17:55:58 [DEBUG] 处理后的检测结果形状: (1, 8400, 6)
2026-06-04 17:55:58 [DEBUG] 示例检测结果: [[-4.16073608e+00 -3.27705479e+00  3.94469604e+01  1.54885015e+01
   4.34148184e-08  5.00000000e+00]
 [-6.55590057e+00 -3.04107094e+00  4.45753174e+01  2.97929440e+01
   1.01496092e-08  9.00000000e+00]
 [-3.59544754e+00 -3.53742599e+00  4.59411049e+01  3.04417076e+01
   4.65862016e-09  9.00000000e+00]]
2026-06-04 17:55:58 [DEBUG] 处理后检测输出形状: (0, 52)
2026-06-04 17:55:58 [DEBUG] 有效检测数量: 0
2026-06-04 17:55:58 [DEBUG] 检测输出为空
2026-06-04 17:55:58 [INFO] 掩码中检测到的类别: [0, 1, 2, 3, 4, 5, 6, 7, 8, 9, 10, 11, 12, 13, 14, 15]
2026-06-04 17:55:58 [INFO] 分割完成，检测到 0 个物体
2026-06-04 17:55:58 [INFO] 从分割掩码中提取检测结果
2026-06-04 17:55:58 [INFO] 从掩码中提取了 410 个检测框
2026-06-04 17:55:58 [INFO] 计算出的车框矩形边界: (1027, 620) to (3174, 1512)
2026-06-04 17:55:58 [INFO] 原始检测数: 410, 过滤后检测数: 195
2026-06-04 17:55:59 [INFO] 保存分割和检测结果到: C:\code\show\Scrap_Steel_In_Field\photos\segmentation\segment_20260604_175558.jpg
2026-06-04 17:55:59 [INFO] JSON结果保存到: C:\code\show\Scrap_Steel_In_Field\photos\segmentation_result.json
2026-06-04 17:55:59 [INFO] 类别统计：{0: 12, 1: 44, 2: 20, 3: 6, 4: 26, 5: 32, 6: 19, 7: 20, 8: 43, 9: 48, 10: 22, 11: 15, 12: 20, 13: 67, 14: 0, 15: 16}
2026-06-04 17:55:59 [INFO] 面积统计：{0: 3954744.0, 1: 611712.0, 2: 42012.0, 3: 141984.0, 4: 180828.0, 5: 57132.0, 6: 487332.0, 7: 32076.0, 8: 923724.0, 9: 179244.0, 10: 196452.0, 11: 333648.0, 12: 89064.0, 13: 747864.0, 14: 36.0, 15: 40896.0}
2026-06-04 17:55:59 [INFO] 分割成功
2026-06-04 17:55:59 [INFO] 引擎上下文已释放
2026-06-04 17:55:59 [INFO] TensorRT 引擎已释放
2026-06-04 17:55:59 [INFO] 全局 CUDA 资源已释放
2026-06-04 17:55:59 [INFO] 分割系统资源已释放
2026-06-04 17:56:03 [INFO] CUDA 初始化成功
2026-06-04 17:56:03 [INFO] 引擎加载成功: scrap_steel.engine
2026-06-04 17:56:03 [INFO] 分割系统初始化成功
2026-06-04 17:56:03 [INFO] 图像预处理完成，原始尺寸: (2160, 3840)
2026-06-04 17:56:03 [INFO] 开始执行分割...
2026-06-04 17:56:03 [DEBUG] 处理后的检测结果形状: (1, 8400, 6)
2026-06-04 17:56:03 [DEBUG] 示例检测结果: [[-4.12910080e+00 -3.26717424e+00  3.94839478e+01  1.54063148e+01
   4.51597018e-08  5.00000000e+00]
 [-6.54710770e+00 -3.01797962e+00  4.46635628e+01  2.98079567e+01
   1.06441362e-08  9.00000000e+00]
 [-3.56282806e+00 -3.49689865e+00  4.59413757e+01  3.04916878e+01
   4.90052265e-09  9.00000000e+00]]
2026-06-04 17:56:03 [DEBUG] 处理后检测输出形状: (0, 52)
2026-06-04 17:56:03 [DEBUG] 有效检测数量: 0
2026-06-04 17:56:03 [DEBUG] 检测输出为空
2026-06-04 17:56:03 [INFO] 掩码中检测到的类别: [0, 1, 2, 3, 4, 5, 6, 7, 8, 9, 10, 11, 12, 13, 14, 15]
2026-06-04 17:56:03 [INFO] 分割完成，检测到 0 个物体
2026-06-04 17:56:03 [INFO] 从分割掩码中提取检测结果
2026-06-04 17:56:03 [INFO] 从掩码中提取了 451 个检测框
2026-06-04 17:56:03 [INFO] 计算出的车框矩形边界: (1026, 620) to (3176, 1508)
2026-06-04 17:56:03 [INFO] 原始检测数: 451, 过滤后检测数: 227
2026-06-04 17:56:04 [INFO] 保存分割和检测结果到: C:\code\show\Scrap_Steel_In_Field\photos\segmentation\segment_20260604_175603.jpg
2026-06-04 17:56:04 [INFO] JSON结果保存到: C:\code\show\Scrap_Steel_In_Field\photos\segmentation_result.json
2026-06-04 17:56:04 [INFO] 类别统计：{0: 38, 1: 45, 2: 23, 3: 3, 4: 27, 5: 28, 6: 21, 7: 19, 8: 49, 9: 56, 10: 26, 11: 17, 12: 22, 13: 59, 14: 0, 15: 18}
2026-06-04 17:56:04 [INFO] 面积统计：{0: 3848832.0, 1: 617616.0, 2: 42408.0, 3: 135180.0, 4: 178668.0, 5: 59004.0, 6: 500148.0, 7: 32760.0, 8: 947484.0, 9: 176364.0, 10: 192492.0, 11: 345060.0, 12: 100476.0, 13: 754452.0, 14: 36.0, 15: 45072.0}
2026-06-04 17:56:04 [INFO] 分割成功
2026-06-04 17:56:04 [INFO] 引擎上下文已释放
2026-06-04 17:56:04 [INFO] TensorRT 引擎已释放
2026-06-04 17:56:04 [INFO] 全局 CUDA 资源已释放
2026-06-04 17:56:04 [INFO] 分割系统资源已释放
2026-06-04 17:56:08 [INFO] CUDA 初始化成功
2026-06-04 17:56:08 [INFO] 引擎加载成功: scrap_steel.engine
2026-06-04 17:56:08 [INFO] 分割系统初始化成功
2026-06-04 17:56:08 [INFO] 图像预处理完成，原始尺寸: (2160, 3840)
2026-06-04 17:56:08 [INFO] 开始执行分割...
2026-06-04 17:56:08 [DEBUG] 处理后的检测结果形状: (1, 8400, 6)
2026-06-04 17:56:08 [DEBUG] 示例检测结果: [[-4.12637329e+00 -3.25200129e+00  3.93961296e+01  1.54062252e+01
   4.46303972e-08  5.00000000e+00]
 [-6.50233459e+00 -3.00186062e+00  4.45211029e+01  2.97762299e+01
   1.06107549e-08  9.00000000e+00]
 [-3.54654312e+00 -3.46537399e+00  4.58828087e+01  3.04451561e+01
   4.91958474e-09  9.00000000e+00]]
2026-06-04 17:56:08 [DEBUG] 处理后检测输出形状: (0, 52)
2026-06-04 17:56:08 [DEBUG] 有效检测数量: 0
2026-06-04 17:56:08 [DEBUG] 检测输出为空
2026-06-04 17:56:08 [INFO] 掩码中检测到的类别: [0, 1, 2, 3, 4, 5, 6, 7, 8, 9, 10, 11, 12, 13, 14, 15]
2026-06-04 17:56:08 [INFO] 分割完成，检测到 0 个物体
2026-06-04 17:56:08 [INFO] 从分割掩码中提取检测结果
2026-06-04 17:56:08 [INFO] 从掩码中提取了 408 个检测框
2026-06-04 17:56:08 [INFO] 计算出的车框矩形边界: (1024, 621) to (3174, 1513)
2026-06-04 17:56:08 [INFO] 原始检测数: 408, 过滤后检测数: 197
2026-06-04 17:56:09 [INFO] 保存分割和检测结果到: C:\code\show\Scrap_Steel_In_Field\photos\segmentation\segment_20260604_175608.jpg
2026-06-04 17:56:09 [INFO] JSON结果保存到: C:\code\show\Scrap_Steel_In_Field\photos\segmentation_result.json
2026-06-04 17:56:09 [INFO] 类别统计：{0: 13, 1: 44, 2: 20, 3: 4, 4: 24, 5: 31, 6: 21, 7: 20, 8: 45, 9: 53, 10: 24, 11: 17, 12: 21, 13: 54, 14: 0, 15: 17}
2026-06-04 17:56:09 [INFO] 面积统计：{0: 3878856.0, 1: 574920.0, 2: 36216.0, 3: 133200.0, 4: 166788.0, 5: 54216.0, 6: 491112.0, 7: 22428.0, 8: 947700.0, 9: 194148.0, 10: 196704.0, 11: 329436.0, 12: 91188.0, 13: 773748.0, 14: 36.0, 15: 51732.0}
2026-06-04 17:56:09 [INFO] 分割成功
2026-06-04 17:56:09 [INFO] 引擎上下文已释放
2026-06-04 17:56:09 [INFO] TensorRT 引擎已释放
2026-06-04 17:56:09 [INFO] 全局 CUDA 资源已释放
2026-06-04 17:56:09 [INFO] 分割系统资源已释放
2026-06-04 17:56:13 [INFO] CUDA 初始化成功
2026-06-04 17:56:13 [INFO] 引擎加载成功: scrap_steel.engine
2026-06-04 17:56:13 [INFO] 分割系统初始化成功
2026-06-04 17:56:13 [INFO] 图像预处理完成，原始尺寸: (2160, 3840)
2026-06-04 17:56:13 [INFO] 开始执行分割...
2026-06-04 17:56:13 [DEBUG] 处理后的检测结果形状: (1, 8400, 6)
2026-06-04 17:56:13 [DEBUG] 示例检测结果: [[-4.14551163e+00 -3.26876736e+00  3.94499931e+01  1.54677477e+01
   4.37479777e-08  5.00000000e+00]
 [-6.51361847e+00 -3.01874161e+00  4.45450897e+01  2.97093391e+01
   1.04663798e-08  9.00000000e+00]
 [-3.53977585e+00 -3.50091457e+00  4.58934555e+01  3.03137817e+01
   4.80619544e-09  9.00000000e+00]]
2026-06-04 17:56:13 [DEBUG] 处理后检测输出形状: (0, 52)
2026-06-04 17:56:13 [DEBUG] 有效检测数量: 0
2026-06-04 17:56:13 [DEBUG] 检测输出为空
2026-06-04 17:56:13 [INFO] 掩码中检测到的类别: [0, 1, 2, 3, 4, 5, 6, 7, 8, 9, 10, 11, 12, 13, 14, 15]
2026-06-04 17:56:13 [INFO] 分割完成，检测到 0 个物体
2026-06-04 17:56:13 [INFO] 从分割掩码中提取检测结果
2026-06-04 17:56:13 [INFO] 从掩码中提取了 419 个检测框
2026-06-04 17:56:14 [INFO] 计算出的车框矩形边界: (1024, 621) to (3172, 1517)
2026-06-04 17:56:14 [INFO] 原始检测数: 419, 过滤后检测数: 212
2026-06-04 17:56:14 [INFO] 保存分割和检测结果到: C:\code\show\Scrap_Steel_In_Field\photos\segmentation\segment_20260604_175613.jpg
2026-06-04 17:56:14 [INFO] JSON结果保存到: C:\code\show\Scrap_Steel_In_Field\photos\segmentation_result.json
2026-06-04 17:56:14 [INFO] 类别统计：{0: 17, 1: 45, 2: 22, 3: 4, 4: 22, 5: 32, 6: 21, 7: 26, 8: 43, 9: 52, 10: 23, 11: 17, 12: 20, 13: 59, 14: 0, 15: 16}
2026-06-04 17:56:14 [INFO] 面积统计：{0: 3905064.0, 1: 612324.0, 2: 37440.0, 3: 140148.0, 4: 183384.0, 5: 58896.0, 6: 488772.0, 7: 31104.0, 8: 924084.0, 9: 164736.0, 10: 191628.0, 11: 331740.0, 12: 93312.0, 13: 772920.0, 14: 36.0, 15: 50724.0}
2026-06-04 17:56:14 [INFO] 分割成功
2026-06-04 17:56:14 [INFO] 引擎上下文已释放
2026-06-04 17:56:14 [INFO] TensorRT 引擎已释放
2026-06-04 17:56:14 [INFO] 全局 CUDA 资源已释放
2026-06-04 17:56:14 [INFO] 分割系统资源已释放
2026-06-04 17:56:18 [INFO] CUDA 初始化成功
2026-06-04 17:56:18 [INFO] 引擎加载成功: scrap_steel.engine
2026-06-04 17:56:18 [INFO] 分割系统初始化成功
2026-06-04 17:56:18 [INFO] 图像预处理完成，原始尺寸: (2160, 3840)
2026-06-04 17:56:18 [INFO] 开始执行分割...
2026-06-04 17:56:18 [DEBUG] 处理后的检测结果形状: (1, 8400, 6)
2026-06-04 17:56:18 [DEBUG] 示例检测结果: [[-4.08163834e+00 -3.25303078e+00  3.93760834e+01  1.53246574e+01
   4.55374334e-08  5.00000000e+00]
 [-6.43673706e+00 -2.97918987e+00  4.45573158e+01  2.97235146e+01
   1.06682023e-08  9.00000000e+00]
 [-3.54585266e+00 -3.45430374e+00  4.59156952e+01  3.03728905e+01
   4.92544050e-09  9.00000000e+00]]
2026-06-04 17:56:18 [DEBUG] 处理后检测输出形状: (0, 52)
2026-06-04 17:56:18 [DEBUG] 有效检测数量: 0
2026-06-04 17:56:18 [DEBUG] 检测输出为空
2026-06-04 17:56:18 [INFO] 掩码中检测到的类别: [0, 1, 2, 3, 4, 5, 6, 7, 8, 9, 10, 11, 12, 13, 14, 15]
2026-06-04 17:56:18 [INFO] 分割完成，检测到 0 个物体
2026-06-04 17:56:18 [INFO] 从分割掩码中提取检测结果
2026-06-04 17:56:19 [INFO] 从掩码中提取了 422 个检测框
2026-06-04 17:56:19 [INFO] 计算出的车框矩形边界: (1024, 620) to (3172, 1517)
2026-06-04 17:56:19 [INFO] 原始检测数: 422, 过滤后检测数: 206
2026-06-04 17:56:19 [INFO] 保存分割和检测结果到: C:\code\show\Scrap_Steel_In_Field\photos\segmentation\segment_20260604_175619.jpg
2026-06-04 17:56:19 [INFO] JSON结果保存到: C:\code\show\Scrap_Steel_In_Field\photos\segmentation_result.json
2026-06-04 17:56:19 [INFO] 类别统计：{0: 15, 1: 47, 2: 22, 3: 2, 4: 24, 5: 34, 6: 19, 7: 20, 8: 37, 9: 51, 10: 29, 11: 18, 12: 22, 13: 60, 14: 0, 15: 22}
2026-06-04 17:56:19 [INFO] 面积统计：{0: 3882420.0, 1: 602352.0, 2: 39060.0, 3: 136584.0, 4: 179964.0, 5: 52056.0, 6: 491364.0, 7: 30168.0, 8: 934596.0, 9: 179712.0, 10: 190980.0, 11: 324288.0, 12: 94680.0, 13: 747576.0, 14: 36.0, 15: 47304.0}
2026-06-04 17:56:19 [INFO] 分割成功
2026-06-04 17:56:19 [INFO] 引擎上下文已释放
2026-06-04 17:56:19 [INFO] TensorRT 引擎已释放
2026-06-04 17:56:19 [INFO] 全局 CUDA 资源已释放
2026-06-04 17:56:19 [INFO] 分割系统资源已释放
2026-06-04 17:56:23 [INFO] CUDA 初始化成功
2026-06-04 17:56:23 [INFO] 引擎加载成功: scrap_steel.engine
2026-06-04 17:56:23 [INFO] 分割系统初始化成功
2026-06-04 17:56:23 [INFO] 图像预处理完成，原始尺寸: (2160, 3840)
2026-06-04 17:56:23 [INFO] 开始执行分割...
2026-06-04 17:56:23 [DEBUG] 处理后的检测结果形状: (1, 8400, 6)
2026-06-04 17:56:23 [DEBUG] 示例检测结果: [[-4.16141510e+00 -3.28658819e+00  3.94589157e+01  1.54939060e+01
   4.37614673e-08  5.00000000e+00]
 [-6.55643082e+00 -3.02851105e+00  4.46579399e+01  2.97808189e+01
   1.05422231e-08  9.00000000e+00]
 [-3.59273911e+00 -3.51167297e+00  4.59569130e+01  3.04133377e+01
   4.80619544e-09  9.00000000e+00]]
2026-06-04 17:56:23 [DEBUG] 处理后检测输出形状: (0, 52)
2026-06-04 17:56:23 [DEBUG] 有效检测数量: 0
2026-06-04 17:56:23 [DEBUG] 检测输出为空
2026-06-04 17:56:23 [INFO] 掩码中检测到的类别: [0, 1, 2, 3, 4, 5, 6, 7, 8, 9, 10, 11, 12, 13, 15]
2026-06-04 17:56:23 [INFO] 分割完成，检测到 0 个物体
2026-06-04 17:56:23 [INFO] 从分割掩码中提取检测结果
2026-06-04 17:56:24 [INFO] 从掩码中提取了 420 个检测框
2026-06-04 17:56:24 [INFO] 计算出的车框矩形边界: (1024, 620) to (3174, 1513)
2026-06-04 17:56:24 [INFO] 原始检测数: 420, 过滤后检测数: 195
2026-06-04 17:56:24 [INFO] 保存分割和检测结果到: C:\code\show\Scrap_Steel_In_Field\photos\segmentation\segment_20260604_175624.jpg
2026-06-04 17:56:24 [INFO] JSON结果保存到: C:\code\show\Scrap_Steel_In_Field\photos\segmentation_result.json
2026-06-04 17:56:24 [INFO] 类别统计：{0: 13, 1: 41, 2: 21, 3: 3, 4: 24, 5: 30, 6: 24, 7: 24, 8: 45, 9: 53, 10: 26, 11: 16, 12: 19, 13: 61, 14: 0, 15: 20}
2026-06-04 17:56:24 [INFO] 面积统计：{0: 3965616.0, 1: 607212.0, 2: 37836.0, 3: 137664.0, 4: 177588.0, 5: 56196.0, 6: 494388.0, 7: 31860.0, 8: 934272.0, 9: 186480.0, 10: 201384.0, 11: 331236.0, 12: 89064.0, 13: 752832.0, 15: 41148.0}
2026-06-04 17:56:24 [INFO] 分割成功
2026-06-04 17:56:24 [INFO] 引擎上下文已释放
2026-06-04 17:56:24 [INFO] TensorRT 引擎已释放
2026-06-04 17:56:24 [INFO] 全局 CUDA 资源已释放
2026-06-04 17:56:24 [INFO] 分割系统资源已释放
2026-06-04 17:56:28 [INFO] CUDA 初始化成功
2026-06-04 17:56:28 [INFO] 引擎加载成功: scrap_steel.engine
2026-06-04 17:56:28 [INFO] 分割系统初始化成功
2026-06-04 17:56:28 [INFO] 图像预处理完成，原始尺寸: (2160, 3840)
2026-06-04 17:56:28 [INFO] 开始执行分割...
2026-06-04 17:56:28 [DEBUG] 处理后的检测结果形状: (1, 8400, 6)
2026-06-04 17:56:28 [DEBUG] 示例检测结果: [[-4.09965134e+00 -3.25372839e+00  3.94139023e+01  1.53777142e+01
   4.37479777e-08  5.00000000e+00]
 [-6.48202896e+00 -2.99154377e+00  4.45849113e+01  2.96976395e+01
   1.05767839e-08  9.00000000e+00]
 [-3.57453918e+00 -3.45533180e+00  4.59065628e+01  3.04134960e+01
   4.89051466e-09  9.00000000e+00]]
2026-06-04 17:56:28 [DEBUG] 处理后检测输出形状: (0, 52)
2026-06-04 17:56:28 [DEBUG] 有效检测数量: 0
2026-06-04 17:56:28 [DEBUG] 检测输出为空
2026-06-04 17:56:28 [INFO] 掩码中检测到的类别: [0, 1, 2, 3, 4, 5, 6, 7, 8, 9, 10, 11, 12, 13, 14, 15]
2026-06-04 17:56:28 [INFO] 分割完成，检测到 0 个物体
2026-06-04 17:56:28 [INFO] 从分割掩码中提取检测结果
2026-06-04 17:56:29 [INFO] 从掩码中提取了 443 个检测框
2026-06-04 17:56:29 [INFO] 计算出的车框矩形边界: (1024, 620) to (3174, 1513)
2026-06-04 17:56:29 [INFO] 原始检测数: 443, 过滤后检测数: 205
2026-06-04 17:56:29 [INFO] 保存分割和检测结果到: C:\code\show\Scrap_Steel_In_Field\photos\segmentation\segment_20260604_175629.jpg
2026-06-04 17:56:29 [INFO] JSON结果保存到: C:\code\show\Scrap_Steel_In_Field\photos\segmentation_result.json
2026-06-04 17:56:29 [INFO] 类别统计：{0: 10, 1: 45, 2: 20, 3: 6, 4: 24, 5: 31, 6: 25, 7: 25, 8: 45, 9: 56, 10: 25, 11: 22, 12: 21, 13: 69, 14: 0, 15: 19}
2026-06-04 17:56:29 [INFO] 面积统计：{0: 3921048.0, 1: 616572.0, 2: 37368.0, 3: 136656.0, 4: 184176.0, 5: 57204.0, 6: 498420.0, 7: 33120.0, 8: 908604.0, 9: 178776.0, 10: 196884.0, 11: 322596.0, 12: 87984.0, 13: 759384.0, 14: 36.0, 15: 36828.0}
2026-06-04 17:56:29 [INFO] 分割成功
2026-06-04 17:56:29 [INFO] 引擎上下文已释放
2026-06-04 17:56:29 [INFO] TensorRT 引擎已释放
2026-06-04 17:56:29 [INFO] 全局 CUDA 资源已释放
2026-06-04 17:56:29 [INFO] 分割系统资源已释放
2026-06-04 17:56:33 [INFO] CUDA 初始化成功
2026-06-04 17:56:33 [INFO] 引擎加载成功: scrap_steel.engine
2026-06-04 17:56:33 [INFO] 分割系统初始化成功
2026-06-04 17:56:34 [INFO] 图像预处理完成，原始尺寸: (2160, 3840)
2026-06-04 17:56:34 [INFO] 开始执行分割...
2026-06-04 17:56:34 [DEBUG] 处理后的检测结果形状: (1, 8400, 6)
2026-06-04 17:56:34 [DEBUG] 示例检测结果: [[-4.16382217e+00 -3.28795958e+00  3.94198875e+01  1.55499115e+01
   4.30796341e-08  5.00000000e+00]
 [-6.55935287e+00 -3.05481339e+00  4.45619011e+01  2.97948990e+01
   1.01547641e-08  9.00000000e+00]
 [-3.58566284e+00 -3.52694035e+00  4.59426498e+01  3.04731102e+01
   4.71716977e-09  9.00000000e+00]]
2026-06-04 17:56:34 [DEBUG] 处理后检测输出形状: (0, 52)
2026-06-04 17:56:34 [DEBUG] 有效检测数量: 0
2026-06-04 17:56:34 [DEBUG] 检测输出为空
2026-06-04 17:56:34 [INFO] 掩码中检测到的类别: [0, 1, 2, 3, 4, 5, 6, 7, 8, 9, 10, 11, 12, 13, 14, 15]
2026-06-04 17:56:34 [INFO] 分割完成，检测到 0 个物体
2026-06-04 17:56:34 [INFO] 从分割掩码中提取检测结果
2026-06-04 17:56:34 [INFO] 从掩码中提取了 440 个检测框
2026-06-04 17:56:34 [INFO] 计算出的车框矩形边界: (1024, 620) to (3174, 1513)
2026-06-04 17:56:34 [INFO] 原始检测数: 440, 过滤后检测数: 212
2026-06-04 17:56:34 [INFO] 保存分割和检测结果到: C:\code\show\Scrap_Steel_In_Field\photos\segmentation\segment_20260604_175634.jpg
2026-06-04 17:56:34 [INFO] JSON结果保存到: C:\code\show\Scrap_Steel_In_Field\photos\segmentation_result.json
2026-06-04 17:56:34 [INFO] 类别统计：{0: 14, 1: 45, 2: 22, 3: 2, 4: 27, 5: 36, 6: 21, 7: 26, 8: 43, 9: 54, 10: 27, 11: 18, 12: 21, 13: 65, 14: 0, 15: 19}
2026-06-04 17:56:34 [INFO] 面积统计：{0: 3683844.0, 1: 589104.0, 2: 39276.0, 3: 137088.0, 4: 156924.0, 5: 58464.0, 6: 526572.0, 7: 28800.0, 8: 915624.0, 9: 178884.0, 10: 192888.0, 11: 332964.0, 12: 89136.0, 13: 829872.0, 14: 36.0, 15: 27864.0}
2026-06-04 17:56:34 [INFO] 分割成功
2026-06-04 17:56:34 [INFO] 引擎上下文已释放
2026-06-04 17:56:34 [INFO] TensorRT 引擎已释放
2026-06-04 17:56:35 [INFO] 全局 CUDA 资源已释放
2026-06-04 17:56:35 [INFO] 分割系统资源已释放
2026-06-04 17:56:39 [INFO] CUDA 初始化成功
2026-06-04 17:56:39 [INFO] 引擎加载成功: scrap_steel.engine
2026-06-04 17:56:39 [INFO] 分割系统初始化成功
2026-06-04 17:56:39 [INFO] 图像预处理完成，原始尺寸: (2160, 3840)
2026-06-04 17:56:39 [INFO] 开始执行分割...
2026-06-04 17:56:39 [DEBUG] 处理后的检测结果形状: (1, 8400, 6)
2026-06-04 17:56:39 [DEBUG] 示例检测结果: [[-4.14376831e+00 -3.29927921e+00  3.95558243e+01  1.55557070e+01
   4.37614673e-08  5.00000000e+00]
 [-6.52531052e+00 -3.04100704e+00  4.45804787e+01  2.98476944e+01
   1.04534337e-08  9.00000000e+00]
 [-3.56511688e+00 -3.52726746e+00  4.59242096e+01  3.04539032e+01
   4.77718309e-09  9.00000000e+00]]
2026-06-04 17:56:39 [DEBUG] 处理后检测输出形状: (0, 52)
2026-06-04 17:56:39 [DEBUG] 有效检测数量: 0
2026-06-04 17:56:39 [DEBUG] 检测输出为空
2026-06-04 17:56:39 [INFO] 掩码中检测到的类别: [0, 1, 2, 3, 4, 5, 6, 7, 8, 9, 10, 11, 12, 13, 14, 15]
2026-06-04 17:56:39 [INFO] 分割完成，检测到 0 个物体
2026-06-04 17:56:39 [INFO] 从分割掩码中提取检测结果
2026-06-04 17:56:39 [INFO] 从掩码中提取了 419 个检测框
2026-06-04 17:56:39 [INFO] 计算出的车框矩形边界: (1024, 620) to (3172, 1518)
2026-06-04 17:56:39 [INFO] 原始检测数: 419, 过滤后检测数: 205
2026-06-04 17:56:40 [INFO] 保存分割和检测结果到: C:\code\show\Scrap_Steel_In_Field\photos\segmentation\segment_20260604_175639.jpg
2026-06-04 17:56:40 [INFO] JSON结果保存到: C:\code\show\Scrap_Steel_In_Field\photos\segmentation_result.json
2026-06-04 17:56:40 [INFO] 类别统计：{0: 16, 1: 44, 2: 22, 3: 4, 4: 25, 5: 32, 6: 17, 7: 24, 8: 41, 9: 54, 10: 26, 11: 12, 12: 21, 13: 62, 14: 0, 15: 19}
2026-06-04 17:56:40 [INFO] 面积统计：{0: 3732048.0, 1: 572364.0, 2: 44388.0, 3: 141552.0, 4: 169596.0, 5: 61344.0, 6: 523476.0, 7: 30564.0, 8: 906948.0, 9: 186408.0, 10: 206532.0, 11: 334764.0, 12: 89748.0, 13: 826416.0, 14: 36.0, 15: 38124.0}
2026-06-04 17:56:40 [INFO] 分割成功
2026-06-04 17:56:40 [INFO] 引擎上下文已释放
2026-06-04 17:56:40 [INFO] TensorRT 引擎已释放
2026-06-04 17:56:40 [INFO] 全局 CUDA 资源已释放
2026-06-04 17:56:40 [INFO] 分割系统资源已释放
2026-06-04 17:56:44 [INFO] CUDA 初始化成功
2026-06-04 17:56:44 [INFO] 引擎加载成功: scrap_steel.engine
2026-06-04 17:56:44 [INFO] 分割系统初始化成功
2026-06-04 17:56:44 [INFO] 图像预处理完成，原始尺寸: (2160, 3840)
2026-06-04 17:56:44 [INFO] 开始执行分割...
2026-06-04 17:56:44 [DEBUG] 处理后的检测结果形状: (1, 8400, 6)
2026-06-04 17:56:44 [DEBUG] 示例检测结果: [[-4.12581253e+00 -3.27615356e+00  3.93827057e+01  1.53884563e+01
   4.51597018e-08  5.00000000e+00]
 [-6.47152710e+00 -3.02494240e+00  4.45602646e+01  2.98622227e+01
   1.05281011e-08  9.00000000e+00]
 [-3.54478455e+00 -3.50713348e+00  4.59045258e+01  3.04995003e+01
   4.84307527e-09  9.00000000e+00]]
2026-06-04 17:56:44 [DEBUG] 处理后检测输出形状: (0, 52)
2026-06-04 17:56:44 [DEBUG] 有效检测数量: 0
2026-06-04 17:56:44 [DEBUG] 检测输出为空
2026-06-04 17:56:44 [INFO] 掩码中检测到的类别: [0, 1, 2, 3, 4, 5, 6, 7, 8, 9, 10, 11, 12, 13, 14, 15]
2026-06-04 17:56:44 [INFO] 分割完成，检测到 0 个物体
2026-06-04 17:56:44 [INFO] 从分割掩码中提取检测结果
2026-06-04 17:56:44 [INFO] 从掩码中提取了 409 个检测框
2026-06-04 17:56:44 [INFO] 计算出的车框矩形边界: (1024, 620) to (3174, 1513)
2026-06-04 17:56:44 [INFO] 原始检测数: 409, 过滤后检测数: 193
2026-06-04 17:56:45 [INFO] 保存分割和检测结果到: C:\code\show\Scrap_Steel_In_Field\photos\segmentation\segment_20260604_175644.jpg
2026-06-04 17:56:45 [INFO] JSON结果保存到: C:\code\show\Scrap_Steel_In_Field\photos\segmentation_result.json
2026-06-04 17:56:45 [INFO] 类别统计：{0: 17, 1: 44, 2: 19, 3: 4, 4: 28, 5: 29, 6: 16, 7: 22, 8: 46, 9: 50, 10: 24, 11: 19, 12: 18, 13: 56, 14: 0, 15: 17}
2026-06-04 17:56:45 [INFO] 面积统计：{0: 3742092.0, 1: 595476.0, 2: 38052.0, 3: 135648.0, 4: 160992.0, 5: 53928.0, 6: 523296.0, 7: 29268.0, 8: 935316.0, 9: 182196.0, 10: 195336.0, 11: 332928.0, 12: 89964.0, 13: 795780.0, 14: 36.0, 15: 33732.0}
2026-06-04 17:56:45 [INFO] 分割成功
2026-06-04 17:56:45 [INFO] 引擎上下文已释放
2026-06-04 17:56:45 [INFO] TensorRT 引擎已释放
2026-06-04 17:56:45 [INFO] 全局 CUDA 资源已释放
2026-06-04 17:56:45 [INFO] 分割系统资源已释放
2026-06-04 17:56:49 [INFO] CUDA 初始化成功
2026-06-04 17:56:49 [INFO] 引擎加载成功: scrap_steel.engine
2026-06-04 17:56:49 [INFO] 分割系统初始化成功
2026-06-04 17:56:49 [INFO] 图像预处理完成，原始尺寸: (2160, 3840)
2026-06-04 17:56:49 [INFO] 开始执行分割...
2026-06-04 17:56:49 [DEBUG] 处理后的检测结果形状: (1, 8400, 6)
2026-06-04 17:56:49 [DEBUG] 示例检测结果: [[-4.09895706e+00 -3.26142216e+00  3.94558678e+01  1.54094896e+01
   4.48099229e-08  5.00000000e+00]
 [-6.45877838e+00 -3.01276302e+00  4.45608063e+01  2.98086128e+01
   1.04383062e-08  9.00000000e+00]
 [-3.56673813e+00 -3.50484753e+00  4.58645782e+01  3.04657097e+01
   4.78719464e-09  9.00000000e+00]]
2026-06-04 17:56:49 [DEBUG] 处理后检测输出形状: (0, 52)
2026-06-04 17:56:49 [DEBUG] 有效检测数量: 0
2026-06-04 17:56:49 [DEBUG] 检测输出为空
2026-06-04 17:56:49 [INFO] 掩码中检测到的类别: [0, 1, 2, 3, 4, 5, 6, 7, 8, 9, 10, 11, 12, 13, 14, 15]
2026-06-04 17:56:49 [INFO] 分割完成，检测到 0 个物体
2026-06-04 17:56:49 [INFO] 从分割掩码中提取检测结果
2026-06-04 17:56:49 [INFO] 从掩码中提取了 431 个检测框
2026-06-04 17:56:49 [INFO] 计算出的车框矩形边界: (1024, 620) to (3172, 1517)
2026-06-04 17:56:49 [INFO] 原始检测数: 431, 过滤后检测数: 202
2026-06-04 17:56:50 [INFO] 保存分割和检测结果到: C:\code\show\Scrap_Steel_In_Field\photos\segmentation\segment_20260604_175649.jpg
2026-06-04 17:56:50 [INFO] JSON结果保存到: C:\code\show\Scrap_Steel_In_Field\photos\segmentation_result.json
2026-06-04 17:56:50 [INFO] 类别统计：{0: 7, 1: 45, 2: 21, 3: 2, 4: 22, 5: 33, 6: 17, 7: 21, 8: 41, 9: 57, 10: 26, 11: 19, 12: 22, 13: 76, 14: 0, 15: 22}
2026-06-04 17:56:50 [INFO] 面积统计：{0: 3750372.0, 1: 582336.0, 2: 40644.0, 3: 136152.0, 4: 156888.0, 5: 53460.0, 6: 535572.0, 7: 32292.0, 8: 903528.0, 9: 160992.0, 10: 191700.0, 11: 319860.0, 12: 88740.0, 13: 800676.0, 14: 36.0, 15: 39132.0}
2026-06-04 17:56:50 [INFO] 分割成功
2026-06-04 17:56:50 [INFO] 引擎上下文已释放
2026-06-04 17:56:50 [INFO] TensorRT 引擎已释放
2026-06-04 17:56:50 [INFO] 全局 CUDA 资源已释放
2026-06-04 17:56:50 [INFO] 分割系统资源已释放
2026-06-04 17:56:54 [INFO] CUDA 初始化成功
2026-06-04 17:56:54 [INFO] 引擎加载成功: scrap_steel.engine
2026-06-04 17:56:54 [INFO] 分割系统初始化成功
2026-06-04 17:56:54 [INFO] 图像预处理完成，原始尺寸: (2160, 3840)
2026-06-04 17:56:54 [INFO] 开始执行分割...
2026-06-04 17:56:54 [DEBUG] 处理后的检测结果形状: (1, 8400, 6)
2026-06-04 17:56:54 [DEBUG] 示例检测结果: [[-4.10045624e+00 -3.25506115e+00  3.94644165e+01  1.54303274e+01
   4.44462103e-08  5.00000000e+00]
 [-6.51799393e+00 -3.01712799e+00  4.46286278e+01  2.98507576e+01
   1.06939098e-08  9.00000000e+00]
 [-3.57425690e+00 -3.49851227e+00  4.59208832e+01  3.04733124e+01
   4.96288521e-09  9.00000000e+00]]
2026-06-04 17:56:54 [DEBUG] 处理后检测输出形状: (0, 52)
2026-06-04 17:56:54 [DEBUG] 有效检测数量: 0
2026-06-04 17:56:54 [DEBUG] 检测输出为空
2026-06-04 17:56:54 [INFO] 掩码中检测到的类别: [0, 1, 2, 3, 4, 5, 6, 7, 8, 9, 10, 11, 12, 13, 14, 15]
2026-06-04 17:56:54 [INFO] 分割完成，检测到 0 个物体
2026-06-04 17:56:54 [INFO] 从分割掩码中提取检测结果
2026-06-04 17:56:54 [INFO] 从掩码中提取了 416 个检测框
2026-06-04 17:56:55 [INFO] 计算出的车框矩形边界: (1024, 620) to (3171, 1518)
2026-06-04 17:56:55 [INFO] 原始检测数: 416, 过滤后检测数: 200
2026-06-04 17:56:55 [INFO] 保存分割和检测结果到: C:\code\show\Scrap_Steel_In_Field\photos\segmentation\segment_20260604_175654.jpg
2026-06-04 17:56:55 [INFO] JSON结果保存到: C:\code\show\Scrap_Steel_In_Field\photos\segmentation_result.json
2026-06-04 17:56:55 [INFO] 类别统计：{0: 16, 1: 44, 2: 19, 3: 7, 4: 24, 5: 30, 6: 15, 7: 19, 8: 40, 9: 57, 10: 26, 11: 22, 12: 20, 13: 60, 14: 0, 15: 17}
2026-06-04 17:56:55 [INFO] 面积统计：{0: 3704724.0, 1: 550656.0, 2: 41256.0, 3: 140472.0, 4: 155160.0, 5: 63216.0, 6: 519048.0, 7: 30204.0, 8: 924300.0, 9: 181332.0, 10: 201996.0, 11: 346500.0, 12: 93204.0, 13: 827280.0, 14: 36.0, 15: 42228.0}
2026-06-04 17:56:55 [INFO] 分割成功
2026-06-04 17:56:55 [INFO] 引擎上下文已释放
2026-06-04 17:56:55 [INFO] TensorRT 引擎已释放
2026-06-04 17:56:55 [INFO] 全局 CUDA 资源已释放
2026-06-04 17:56:55 [INFO] 分割系统资源已释放
2026-06-04 17:56:59 [INFO] CUDA 初始化成功
2026-06-04 17:56:59 [INFO] 引擎加载成功: scrap_steel.engine
2026-06-04 17:56:59 [INFO] 分割系统初始化成功
2026-06-04 17:56:59 [INFO] 图像预处理完成，原始尺寸: (2160, 3840)
2026-06-04 17:56:59 [INFO] 开始执行分割...
2026-06-04 17:56:59 [DEBUG] 处理后的检测结果形状: (1, 8400, 6)
2026-06-04 17:56:59 [DEBUG] 示例检测结果: [[-4.09388351e+00 -3.27106667e+00  3.93868332e+01  1.54217110e+01
   4.66496353e-08  5.00000000e+00]
 [-6.47187424e+00 -3.01316547e+00  4.46758766e+01  2.98499680e+01
   1.06976303e-08  9.00000000e+00]
 [-3.56958771e+00 -3.49091434e+00  4.58790436e+01  3.05022659e+01
   4.93058394e-09  9.00000000e+00]]
2026-06-04 17:56:59 [DEBUG] 处理后检测输出形状: (0, 52)
2026-06-04 17:56:59 [DEBUG] 有效检测数量: 0
2026-06-04 17:56:59 [DEBUG] 检测输出为空
2026-06-04 17:56:59 [INFO] 掩码中检测到的类别: [0, 1, 2, 3, 4, 5, 6, 7, 8, 9, 10, 11, 12, 13, 14, 15]
2026-06-04 17:56:59 [INFO] 分割完成，检测到 0 个物体
2026-06-04 17:56:59 [INFO] 从分割掩码中提取检测结果
2026-06-04 17:57:00 [INFO] 从掩码中提取了 413 个检测框
2026-06-04 17:57:00 [INFO] 计算出的车框矩形边界: (1024, 620) to (3174, 1513)
2026-06-04 17:57:00 [INFO] 原始检测数: 413, 过滤后检测数: 203
2026-06-04 17:57:00 [INFO] 保存分割和检测结果到: C:\code\show\Scrap_Steel_In_Field\photos\segmentation\segment_20260604_175700.jpg
2026-06-04 17:57:00 [INFO] JSON结果保存到: C:\code\show\Scrap_Steel_In_Field\photos\segmentation_result.json
2026-06-04 17:57:00 [INFO] 类别统计：{0: 15, 1: 40, 2: 21, 3: 6, 4: 27, 5: 32, 6: 19, 7: 22, 8: 47, 9: 48, 10: 27, 11: 15, 12: 18, 13: 61, 14: 0, 15: 15}
2026-06-04 17:57:00 [INFO] 面积统计：{0: 3781152.0, 1: 589284.0, 2: 40032.0, 3: 136512.0, 4: 152244.0, 5: 61776.0, 6: 512388.0, 7: 24624.0, 8: 896508.0, 9: 186192.0, 10: 188748.0, 11: 335232.0, 12: 100044.0, 13: 797400.0, 14: 36.0, 15: 39672.0}
2026-06-04 17:57:00 [INFO] 分割成功
2026-06-04 17:57:00 [INFO] 引擎上下文已释放
2026-06-04 17:57:00 [INFO] TensorRT 引擎已释放
2026-06-04 17:57:00 [INFO] 全局 CUDA 资源已释放
2026-06-04 17:57:00 [INFO] 分割系统资源已释放
2026-06-04 17:57:04 [INFO] CUDA 初始化成功
2026-06-04 17:57:04 [INFO] 引擎加载成功: scrap_steel.engine
2026-06-04 17:57:04 [INFO] 分割系统初始化成功
2026-06-04 17:57:04 [INFO] 图像预处理完成，原始尺寸: (2160, 3840)
2026-06-04 17:57:04 [INFO] 开始执行分割...
2026-06-04 17:57:04 [DEBUG] 处理后的检测结果形状: (1, 8400, 6)
2026-06-04 17:57:04 [DEBUG] 示例检测结果: [[-4.14697647e+00 -3.28719330e+00  3.93862419e+01  1.54798756e+01
   4.32462990e-08  5.00000000e+00]
 [-6.51544571e+00 -3.04106045e+00  4.45860939e+01  2.98011246e+01
   1.04314211e-08  9.00000000e+00]
 [-3.57215118e+00 -3.51492500e+00  4.59196625e+01  3.04544544e+01
   4.84391194e-09  9.00000000e+00]]
2026-06-04 17:57:04 [DEBUG] 处理后检测输出形状: (0, 52)
2026-06-04 17:57:04 [DEBUG] 有效检测数量: 0
2026-06-04 17:57:04 [DEBUG] 检测输出为空
2026-06-04 17:57:04 [INFO] 掩码中检测到的类别: [0, 1, 2, 3, 4, 5, 6, 7, 8, 9, 10, 11, 12, 13, 14, 15]
2026-06-04 17:57:04 [INFO] 分割完成，检测到 0 个物体
2026-06-04 17:57:04 [INFO] 从分割掩码中提取检测结果
2026-06-04 17:57:05 [INFO] 从掩码中提取了 414 个检测框
2026-06-04 17:57:05 [INFO] 计算出的车框矩形边界: (1026, 621) to (3174, 1513)
2026-06-04 17:57:05 [INFO] 原始检测数: 414, 过滤后检测数: 195
2026-06-04 17:57:05 [INFO] 保存分割和检测结果到: C:\code\show\Scrap_Steel_In_Field\photos\segmentation\segment_20260604_175705.jpg
2026-06-04 17:57:05 [INFO] JSON结果保存到: C:\code\show\Scrap_Steel_In_Field\photos\segmentation_result.json
2026-06-04 17:57:05 [INFO] 类别统计：{0: 14, 1: 48, 2: 22, 3: 5, 4: 23, 5: 31, 6: 16, 7: 23, 8: 38, 9: 58, 10: 25, 11: 16, 12: 21, 13: 56, 14: 0, 15: 18}
2026-06-04 17:57:05 [INFO] 面积统计：{0: 3631104.0, 1: 590580.0, 2: 39132.0, 3: 141444.0, 4: 165348.0, 5: 61596.0, 6: 509868.0, 7: 35568.0, 8: 927612.0, 9: 175032.0, 10: 197028.0, 11: 340236.0, 12: 92916.0, 13: 831276.0, 14: 36.0, 15: 32400.0}
2026-06-04 17:57:05 [INFO] 分割成功
2026-06-04 17:57:05 [INFO] 引擎上下文已释放
2026-06-04 17:57:05 [INFO] TensorRT 引擎已释放
2026-06-04 17:57:05 [INFO] 全局 CUDA 资源已释放
2026-06-04 17:57:05 [INFO] 分割系统资源已释放
2026-06-04 17:57:09 [INFO] CUDA 初始化成功
2026-06-04 17:57:09 [INFO] 引擎加载成功: scrap_steel.engine
2026-06-04 17:57:09 [INFO] 分割系统初始化成功
2026-06-04 17:57:09 [INFO] 图像预处理完成，原始尺寸: (2160, 3840)
2026-06-04 17:57:09 [INFO] 开始执行分割...
2026-06-04 17:57:09 [DEBUG] 处理后的检测结果形状: (1, 8400, 6)
2026-06-04 17:57:09 [DEBUG] 示例检测结果: [[-4.19479752e+00 -3.28618765e+00  3.93916130e+01  1.55344296e+01
   4.20465476e-08  5.00000000e+00]
 [-6.66521072e+00 -3.03986359e+00  4.46019096e+01  2.96158104e+01
   1.01665449e-08  9.00000000e+00]
 [-3.65374374e+00 -3.55612564e+00  4.59732552e+01  3.03196564e+01
   4.65695393e-09  9.00000000e+00]]
2026-06-04 17:57:09 [DEBUG] 处理后检测输出形状: (0, 52)
2026-06-04 17:57:09 [DEBUG] 有效检测数量: 0
2026-06-04 17:57:09 [DEBUG] 检测输出为空
2026-06-04 17:57:09 [INFO] 掩码中检测到的类别: [0, 1, 2, 3, 4, 5, 6, 7, 8, 9, 10, 11, 12, 13, 14, 15]
2026-06-04 17:57:09 [INFO] 分割完成，检测到 0 个物体
2026-06-04 17:57:09 [INFO] 从分割掩码中提取检测结果
2026-06-04 17:57:10 [INFO] 从掩码中提取了 435 个检测框
2026-06-04 17:57:10 [INFO] 计算出的车框矩形边界: (1025, 620) to (3179, 1512)
2026-06-04 17:57:10 [INFO] 原始检测数: 435, 过滤后检测数: 209
2026-06-04 17:57:10 [INFO] 保存分割和检测结果到: C:\code\show\Scrap_Steel_In_Field\photos\segmentation\segment_20260604_175710.jpg
2026-06-04 17:57:10 [INFO] JSON结果保存到: C:\code\show\Scrap_Steel_In_Field\photos\segmentation_result.json
2026-06-04 17:57:10 [INFO] 类别统计：{0: 36, 1: 38, 2: 24, 3: 7, 4: 28, 5: 29, 6: 22, 7: 18, 8: 40, 9: 47, 10: 25, 11: 16, 12: 20, 13: 66, 14: 0, 15: 19}
2026-06-04 17:57:10 [INFO] 面积统计：{0: 3595572.0, 1: 645120.0, 2: 35964.0, 3: 141912.0, 4: 163728.0, 5: 59364.0, 6: 553464.0, 7: 25236.0, 8: 1046592.0, 9: 237420.0, 10: 197172.0, 11: 342396.0, 12: 70992.0, 13: 792036.0, 14: 72.0, 15: 24300.0}
2026-06-04 17:57:10 [INFO] 分割成功
2026-06-04 17:57:10 [INFO] 引擎上下文已释放
2026-06-04 17:57:10 [INFO] TensorRT 引擎已释放
2026-06-04 17:57:10 [INFO] 全局 CUDA 资源已释放
2026-06-04 17:57:10 [INFO] 分割系统资源已释放
2026-06-04 17:57:14 [INFO] CUDA 初始化成功
2026-06-04 17:57:14 [INFO] 引擎加载成功: scrap_steel.engine
2026-06-04 17:57:14 [INFO] 分割系统初始化成功
2026-06-04 17:57:15 [INFO] 图像预处理完成，原始尺寸: (2160, 3840)
2026-06-04 17:57:15 [INFO] 开始执行分割...
2026-06-04 17:57:15 [DEBUG] 处理后的检测结果形状: (1, 8400, 6)
2026-06-04 17:57:15 [DEBUG] 示例检测结果: [[-4.16376495e+00 -3.29750633e+00  3.94502792e+01  1.55443211e+01
   4.25618261e-08  5.00000000e+00]
 [-6.55384827e+00 -3.02977371e+00  4.45618362e+01  2.97609978e+01
   1.03194253e-08  9.00000000e+00]
 [-3.56912994e+00 -3.51392078e+00  4.59522934e+01  3.04218369e+01
   4.61838567e-09  9.00000000e+00]]
2026-06-04 17:57:15 [DEBUG] 处理后检测输出形状: (0, 52)
2026-06-04 17:57:15 [DEBUG] 有效检测数量: 0
2026-06-04 17:57:15 [DEBUG] 检测输出为空
2026-06-04 17:57:15 [INFO] 掩码中检测到的类别: [0, 1, 2, 3, 4, 5, 6, 7, 8, 9, 10, 11, 12, 13, 14, 15]
2026-06-04 17:57:15 [INFO] 分割完成，检测到 0 个物体
2026-06-04 17:57:15 [INFO] 从分割掩码中提取检测结果
2026-06-04 17:57:15 [INFO] 从掩码中提取了 403 个检测框
2026-06-04 17:57:15 [INFO] 计算出的车框矩形边界: (1024, 621) to (3174, 1513)
2026-06-04 17:57:15 [INFO] 原始检测数: 403, 过滤后检测数: 195
2026-06-04 17:57:15 [INFO] 保存分割和检测结果到: C:\code\show\Scrap_Steel_In_Field\photos\segmentation\segment_20260604_175715.jpg
2026-06-04 17:57:15 [INFO] JSON结果保存到: C:\code\show\Scrap_Steel_In_Field\photos\segmentation_result.json
2026-06-04 17:57:15 [INFO] 类别统计：{0: 14, 1: 40, 2: 26, 3: 5, 4: 25, 5: 27, 6: 16, 7: 15, 8: 41, 9: 47, 10: 25, 11: 18, 12: 20, 13: 64, 14: 0, 15: 20}
2026-06-04 17:57:15 [INFO] 面积统计：{0: 3908232.0, 1: 607032.0, 2: 39384.0, 3: 148320.0, 4: 159156.0, 5: 54072.0, 6: 516960.0, 7: 27972.0, 8: 936828.0, 9: 172260.0, 10: 192492.0, 11: 339552.0, 12: 83232.0, 13: 793764.0, 14: 36.0, 15: 26964.0}
2026-06-04 17:57:15 [INFO] 分割成功
2026-06-04 17:57:15 [INFO] 引擎上下文已释放
2026-06-04 17:57:15 [INFO] TensorRT 引擎已释放
2026-06-04 17:57:16 [INFO] 全局 CUDA 资源已释放
2026-06-04 17:57:16 [INFO] 分割系统资源已释放
2026-06-04 17:57:19 [INFO] CUDA 初始化成功
2026-06-04 17:57:20 [INFO] 引擎加载成功: scrap_steel.engine
2026-06-04 17:57:20 [INFO] 分割系统初始化成功
2026-06-04 17:57:20 [INFO] 图像预处理完成，原始尺寸: (2160, 3840)
2026-06-04 17:57:20 [INFO] 开始执行分割...
2026-06-04 17:57:20 [DEBUG] 处理后的检测结果形状: (1, 8400, 6)
2026-06-04 17:57:20 [DEBUG] 示例检测结果: [[-4.16686249e+00 -3.30731964e+00  3.94903526e+01  1.56922131e+01
   4.34148184e-08  5.00000000e+00]
 [-6.54032516e+00 -3.04333496e+00  4.45581779e+01  2.98385010e+01
   1.03552793e-08  9.00000000e+00]
 [-3.57654953e+00 -3.53123474e+00  4.59509201e+01  3.04109421e+01
   4.70642014e-09  9.00000000e+00]]
2026-06-04 17:57:20 [DEBUG] 处理后检测输出形状: (0, 52)
2026-06-04 17:57:20 [DEBUG] 有效检测数量: 0
2026-06-04 17:57:20 [DEBUG] 检测输出为空
2026-06-04 17:57:20 [INFO] 掩码中检测到的类别: [0, 1, 2, 3, 4, 5, 6, 7, 8, 9, 10, 11, 12, 13, 14, 15]
2026-06-04 17:57:20 [INFO] 分割完成，检测到 0 个物体
2026-06-04 17:57:20 [INFO] 从分割掩码中提取检测结果
2026-06-04 17:57:20 [INFO] 从掩码中提取了 408 个检测框
2026-06-04 17:57:20 [INFO] 计算出的车框矩形边界: (1024, 621) to (3176, 1509)
2026-06-04 17:57:20 [INFO] 原始检测数: 408, 过滤后检测数: 201
2026-06-04 17:57:21 [INFO] 保存分割和检测结果到: C:\code\show\Scrap_Steel_In_Field\photos\segmentation\segment_20260604_175720.jpg
2026-06-04 17:57:21 [INFO] JSON结果保存到: C:\code\show\Scrap_Steel_In_Field\photos\segmentation_result.json
2026-06-04 17:57:21 [INFO] 类别统计：{0: 6, 1: 40, 2: 21, 3: 7, 4: 26, 5: 34, 6: 16, 7: 25, 8: 40, 9: 53, 10: 24, 11: 17, 12: 20, 13: 65, 14: 0, 15: 14}
2026-06-04 17:57:21 [INFO] 面积统计：{0: 3893328.0, 1: 604584.0, 2: 35280.0, 3: 141948.0, 4: 174024.0, 5: 54828.0, 6: 499140.0, 7: 32040.0, 8: 925524.0, 9: 176724.0, 10: 192924.0, 11: 336348.0, 12: 87588.0, 13: 796608.0, 14: 36.0, 15: 26172.0}
2026-06-04 17:57:21 [INFO] 分割成功
2026-06-04 17:57:21 [INFO] 引擎上下文已释放
2026-06-04 17:57:21 [INFO] TensorRT 引擎已释放
2026-06-04 17:57:21 [INFO] 全局 CUDA 资源已释放
2026-06-04 17:57:21 [INFO] 分割系统资源已释放
2026-06-04 17:57:25 [INFO] CUDA 初始化成功
2026-06-04 17:57:25 [INFO] 引擎加载成功: scrap_steel.engine
2026-06-04 17:57:25 [INFO] 分割系统初始化成功
2026-06-04 17:57:25 [INFO] 图像预处理完成，原始尺寸: (2160, 3840)
2026-06-04 17:57:25 [INFO] 开始执行分割...
2026-06-04 17:57:25 [DEBUG] 处理后的检测结果形状: (1, 8400, 6)
2026-06-04 17:57:25 [DEBUG] 示例检测结果: [[-4.11466599e+00 -3.25437069e+00  3.94386215e+01  1.53755846e+01
   4.30608367e-08  5.00000000e+00]
 [-6.50495911e+00 -2.99587822e+00  4.46190567e+01  2.96336918e+01
   1.03905364e-08  9.00000000e+00]
 [-3.57756424e+00 -3.48659134e+00  4.59759903e+01  3.03786125e+01
   4.84391194e-09  9.00000000e+00]]
2026-06-04 17:57:25 [DEBUG] 处理后检测输出形状: (0, 52)
2026-06-04 17:57:25 [DEBUG] 有效检测数量: 0
2026-06-04 17:57:25 [DEBUG] 检测输出为空
2026-06-04 17:57:25 [INFO] 掩码中检测到的类别: [0, 1, 2, 3, 4, 5, 6, 7, 8, 9, 10, 11, 12, 13, 14, 15]
2026-06-04 17:57:25 [INFO] 分割完成，检测到 0 个物体
2026-06-04 17:57:25 [INFO] 从分割掩码中提取检测结果
2026-06-04 17:57:25 [INFO] 从掩码中提取了 391 个检测框
2026-06-04 17:57:25 [INFO] 计算出的车框矩形边界: (1026, 621) to (3174, 1512)
2026-06-04 17:57:25 [INFO] 原始检测数: 391, 过滤后检测数: 186
2026-06-04 17:57:26 [INFO] 保存分割和检测结果到: C:\code\show\Scrap_Steel_In_Field\photos\segmentation\segment_20260604_175725.jpg
2026-06-04 17:57:26 [INFO] JSON结果保存到: C:\code\show\Scrap_Steel_In_Field\photos\segmentation_result.json
2026-06-04 17:57:26 [INFO] 类别统计：{0: 18, 1: 41, 2: 22, 3: 5, 4: 23, 5: 27, 6: 16, 7: 20, 8: 41, 9: 49, 10: 24, 11: 14, 12: 18, 13: 54, 14: 0, 15: 19}
2026-06-04 17:57:26 [INFO] 面积统计：{0: 3883104.0, 1: 554616.0, 2: 44352.0, 3: 142884.0, 4: 166608.0, 5: 58968.0, 6: 503172.0, 7: 36792.0, 8: 901728.0, 9: 183528.0, 10: 190008.0, 11: 329112.0, 12: 88272.0, 13: 769140.0, 14: 36.0, 15: 41724.0}
2026-06-04 17:57:26 [INFO] 分割成功
2026-06-04 17:57:26 [INFO] 引擎上下文已释放
2026-06-04 17:57:26 [INFO] TensorRT 引擎已释放
2026-06-04 17:57:26 [INFO] 全局 CUDA 资源已释放
2026-06-04 17:57:26 [INFO] 分割系统资源已释放
2026-06-04 17:57:32 [INFO] CUDA 初始化成功
2026-06-04 17:57:32 [INFO] 引擎加载成功: scrap_steel.engine
2026-06-04 17:57:32 [INFO] 分割系统初始化成功
2026-06-04 17:57:32 [INFO] 图像预处理完成，原始尺寸: (2160, 3840)
2026-06-04 17:57:32 [INFO] 开始执行分割...
2026-06-04 17:57:32 [DEBUG] 处理后的检测结果形状: (1, 8400, 6)
2026-06-04 17:57:32 [DEBUG] 示例检测结果: [[-4.15522003e+00 -3.26616192e+00  3.95413551e+01  1.54929457e+01
   4.37479777e-08  5.00000000e+00]
 [-6.57344437e+00 -3.00534248e+00  4.46287346e+01  2.97879238e+01
   1.06251861e-08  9.00000000e+00]
 [-3.60031128e+00 -3.49808502e+00  4.59640160e+01  3.04420929e+01
   4.87790430e-09  9.00000000e+00]]
2026-06-04 17:57:32 [DEBUG] 处理后检测输出形状: (0, 52)
2026-06-04 17:57:32 [DEBUG] 有效检测数量: 0
2026-06-04 17:57:32 [DEBUG] 检测输出为空
2026-06-04 17:57:32 [INFO] 掩码中检测到的类别: [0, 1, 2, 3, 4, 5, 6, 7, 8, 9, 10, 11, 12, 13, 14, 15]
2026-06-04 17:57:32 [INFO] 分割完成，检测到 0 个物体
2026-06-04 17:57:32 [INFO] 从分割掩码中提取检测结果
2026-06-04 17:57:33 [INFO] 从掩码中提取了 438 个检测框
2026-06-04 17:57:33 [INFO] 计算出的车框矩形边界: (1024, 621) to (3174, 1513)
2026-06-04 17:57:33 [INFO] 原始检测数: 438, 过滤后检测数: 205
2026-06-04 17:57:33 [INFO] 保存分割和检测结果到: C:\code\show\Scrap_Steel_In_Field\photos\segmentation\segment_20260604_175733.jpg
2026-06-04 17:57:33 [INFO] JSON结果保存到: C:\code\show\Scrap_Steel_In_Field\photos\segmentation_result.json
2026-06-04 17:57:33 [INFO] 类别统计：{0: 9, 1: 49, 2: 23, 3: 6, 4: 27, 5: 32, 6: 20, 7: 21, 8: 44, 9: 53, 10: 24, 11: 18, 12: 18, 13: 77, 14: 0, 15: 17}
2026-06-04 17:57:33 [INFO] 面积统计：{0: 3912984.0, 1: 602676.0, 2: 41616.0, 3: 141876.0, 4: 167688.0, 5: 61272.0, 6: 510228.0, 7: 34164.0, 8: 903276.0, 9: 185220.0, 10: 193716.0, 11: 332604.0, 12: 85500.0, 13: 774936.0, 14: 36.0, 15: 28584.0}
2026-06-04 17:57:33 [INFO] 分割成功
2026-06-04 17:57:33 [INFO] 引擎上下文已释放
2026-06-04 17:57:33 [INFO] TensorRT 引擎已释放
2026-06-04 17:57:33 [INFO] 全局 CUDA 资源已释放
2026-06-04 17:57:33 [INFO] 分割系统资源已释放
2026-06-04 17:57:37 [INFO] CUDA 初始化成功
2026-06-04 17:57:37 [INFO] 引擎加载成功: scrap_steel.engine
2026-06-04 17:57:37 [INFO] 分割系统初始化成功
2026-06-04 17:57:37 [INFO] 图像预处理完成，原始尺寸: (2160, 3840)
2026-06-04 17:57:37 [INFO] 开始执行分割...
2026-06-04 17:57:37 [DEBUG] 处理后的检测结果形状: (1, 8400, 6)
2026-06-04 17:57:37 [DEBUG] 示例检测结果: [[-4.14577103e+00 -3.26459599e+00  3.94260216e+01  1.54559832e+01
   4.40894681e-08  5.00000000e+00]
 [-6.54671478e+00 -3.02902508e+00  4.45784531e+01  2.97234993e+01
   1.06251861e-08  9.00000000e+00]
 [-3.57381058e+00 -3.48610878e+00  4.59341965e+01  3.03799038e+01
   4.84391194e-09  9.00000000e+00]]
2026-06-04 17:57:37 [DEBUG] 处理后检测输出形状: (0, 52)
2026-06-04 17:57:37 [DEBUG] 有效检测数量: 0
2026-06-04 17:57:37 [DEBUG] 检测输出为空
2026-06-04 17:57:37 [INFO] 掩码中检测到的类别: [0, 1, 2, 3, 4, 5, 6, 7, 8, 9, 10, 11, 12, 13, 14, 15]
2026-06-04 17:57:37 [INFO] 分割完成，检测到 0 个物体
2026-06-04 17:57:37 [INFO] 从分割掩码中提取检测结果
2026-06-04 17:57:38 [INFO] 从掩码中提取了 430 个检测框
2026-06-04 17:57:38 [INFO] 计算出的车框矩形边界: (1024, 620) to (3176, 1508)
2026-06-04 17:57:38 [INFO] 原始检测数: 430, 过滤后检测数: 200
2026-06-04 17:57:38 [INFO] 保存分割和检测结果到: C:\code\show\Scrap_Steel_In_Field\photos\segmentation\segment_20260604_175738.jpg
2026-06-04 17:57:38 [INFO] JSON结果保存到: C:\code\show\Scrap_Steel_In_Field\photos\segmentation_result.json
2026-06-04 17:57:38 [INFO] 类别统计：{0: 10, 1: 45, 2: 21, 3: 6, 4: 26, 5: 33, 6: 15, 7: 21, 8: 50, 9: 52, 10: 26, 11: 19, 12: 20, 13: 70, 14: 0, 15: 16}
2026-06-04 17:57:38 [INFO] 面积统计：{0: 3882780.0, 1: 552816.0, 2: 40932.0, 3: 140472.0, 4: 173736.0, 5: 57780.0, 6: 500184.0, 7: 36900.0, 8: 919152.0, 9: 176940.0, 10: 198972.0, 11: 341964.0, 12: 91836.0, 13: 750600.0, 14: 36.0, 15: 41688.0}
2026-06-04 17:57:38 [INFO] 分割成功
2026-06-04 17:57:38 [INFO] 引擎上下文已释放
2026-06-04 17:57:38 [INFO] TensorRT 引擎已释放
2026-06-04 17:57:38 [INFO] 全局 CUDA 资源已释放
2026-06-04 17:57:38 [INFO] 分割系统资源已释放
2026-06-04 17:57:42 [INFO] CUDA 初始化成功
2026-06-04 17:57:42 [INFO] 引擎加载成功: scrap_steel.engine
2026-06-04 17:57:42 [INFO] 分割系统初始化成功
2026-06-04 17:57:42 [INFO] 图像预处理完成，原始尺寸: (2160, 3840)
2026-06-04 17:57:42 [INFO] 开始执行分割...
2026-06-04 17:57:42 [DEBUG] 处理后的检测结果形状: (1, 8400, 6)
2026-06-04 17:57:42 [DEBUG] 示例检测结果: [[-4.11462402e+00 -3.26889229e+00  3.95294952e+01  1.53840427e+01
   4.51847271e-08  5.00000000e+00]
 [-6.50117874e+00 -3.00567150e+00  4.46342354e+01  2.98368874e+01
   1.06774358e-08  9.00000000e+00]
 [-3.55141068e+00 -3.51050282e+00  4.59536285e+01  3.05012207e+01
   4.91958474e-09  9.00000000e+00]]
2026-06-04 17:57:42 [DEBUG] 处理后检测输出形状: (0, 52)
2026-06-04 17:57:42 [DEBUG] 有效检测数量: 0
2026-06-04 17:57:42 [DEBUG] 检测输出为空
2026-06-04 17:57:42 [INFO] 掩码中检测到的类别: [0, 1, 2, 3, 4, 5, 6, 7, 8, 9, 10, 11, 12, 13, 14, 15]
2026-06-04 17:57:42 [INFO] 分割完成，检测到 0 个物体
2026-06-04 17:57:42 [INFO] 从分割掩码中提取检测结果
2026-06-04 17:57:42 [INFO] 从掩码中提取了 428 个检测框
2026-06-04 17:57:42 [INFO] 计算出的车框矩形边界: (1024, 621) to (3174, 1512)
2026-06-04 17:57:42 [INFO] 原始检测数: 428, 过滤后检测数: 206
2026-06-04 17:57:43 [INFO] 保存分割和检测结果到: C:\code\show\Scrap_Steel_In_Field\photos\segmentation\segment_20260604_175742.jpg
2026-06-04 17:57:43 [INFO] JSON结果保存到: C:\code\show\Scrap_Steel_In_Field\photos\segmentation_result.json
2026-06-04 17:57:43 [INFO] 类别统计：{0: 13, 1: 46, 2: 24, 3: 5, 4: 24, 5: 28, 6: 20, 7: 24, 8: 44, 9: 52, 10: 26, 11: 20, 12: 22, 13: 66, 14: 0, 15: 14}
2026-06-04 17:57:43 [INFO] 面积统计：{0: 3869712.0, 1: 568980.0, 2: 43812.0, 3: 142344.0, 4: 172908.0, 5: 53892.0, 6: 500292.0, 7: 32796.0, 8: 916920.0, 9: 167760.0, 10: 191664.0, 11: 330876.0, 12: 87084.0, 13: 756072.0, 14: 36.0, 15: 39888.0}
2026-06-04 17:57:43 [INFO] 分割成功
2026-06-04 17:57:43 [INFO] 引擎上下文已释放
2026-06-04 17:57:43 [INFO] TensorRT 引擎已释放
2026-06-04 17:57:43 [INFO] 全局 CUDA 资源已释放
2026-06-04 17:57:43 [INFO] 分割系统资源已释放
2026-06-04 17:57:47 [INFO] CUDA 初始化成功
2026-06-04 17:57:47 [INFO] 引擎加载成功: scrap_steel.engine
2026-06-04 17:57:47 [INFO] 分割系统初始化成功
2026-06-04 17:57:47 [INFO] 图像预处理完成，原始尺寸: (2160, 3840)
2026-06-04 17:57:47 [INFO] 开始执行分割...
2026-06-04 17:57:47 [DEBUG] 处理后的检测结果形状: (1, 8400, 6)
2026-06-04 17:57:47 [DEBUG] 示例检测结果: [[-4.09354019e+00 -3.25276470e+00  3.95000191e+01  1.53193789e+01
   4.48358790e-08  5.00000000e+00]
 [-6.42836761e+00 -2.97970200e+00  4.46659660e+01  2.97920532e+01
   1.07521032e-08  9.00000000e+00]
 [-3.54011917e+00 -3.45464516e+00  4.59377823e+01  3.04900761e+01
   4.97485964e-09  9.00000000e+00]]
2026-06-04 17:57:47 [DEBUG] 处理后检测输出形状: (0, 52)
2026-06-04 17:57:47 [DEBUG] 有效检测数量: 0
2026-06-04 17:57:47 [DEBUG] 检测输出为空
2026-06-04 17:57:47 [INFO] 掩码中检测到的类别: [0, 1, 2, 3, 4, 5, 6, 7, 8, 9, 10, 11, 12, 13, 15]
2026-06-04 17:57:47 [INFO] 分割完成，检测到 0 个物体
2026-06-04 17:57:47 [INFO] 从分割掩码中提取检测结果
2026-06-04 17:57:48 [INFO] 从掩码中提取了 407 个检测框
2026-06-04 17:57:48 [INFO] 计算出的车框矩形边界: (1025, 620) to (3174, 1512)
2026-06-04 17:57:48 [INFO] 原始检测数: 407, 过滤后检测数: 194
2026-06-04 17:57:48 [INFO] 保存分割和检测结果到: C:\code\show\Scrap_Steel_In_Field\photos\segmentation\segment_20260604_175748.jpg
2026-06-04 17:57:48 [INFO] JSON结果保存到: C:\code\show\Scrap_Steel_In_Field\photos\segmentation_result.json
2026-06-04 17:57:48 [INFO] 类别统计：{0: 14, 1: 41, 2: 19, 3: 3, 4: 26, 5: 31, 6: 17, 7: 26, 8: 42, 9: 54, 10: 24, 11: 18, 12: 16, 13: 59, 14: 0, 15: 17}
2026-06-04 17:57:48 [INFO] 面积统计：{0: 3887676.0, 1: 576504.0, 2: 36180.0, 3: 139572.0, 4: 161676.0, 5: 56736.0, 6: 514116.0, 7: 34560.0, 8: 884952.0, 9: 179964.0, 10: 197604.0, 11: 331056.0, 12: 92736.0, 13: 772992.0, 15: 44532.0}
2026-06-04 17:57:48 [INFO] 分割成功
2026-06-04 17:57:48 [INFO] 引擎上下文已释放
2026-06-04 17:57:48 [INFO] TensorRT 引擎已释放
2026-06-04 17:57:48 [INFO] 全局 CUDA 资源已释放
2026-06-04 17:57:48 [INFO] 分割系统资源已释放
2026-06-04 17:57:52 [INFO] CUDA 初始化成功
2026-06-04 17:57:52 [INFO] 引擎加载成功: scrap_steel.engine
2026-06-04 17:57:52 [INFO] 分割系统初始化成功
2026-06-04 17:57:52 [INFO] 图像预处理完成，原始尺寸: (2160, 3840)
2026-06-04 17:57:52 [INFO] 开始执行分割...
2026-06-04 17:57:53 [DEBUG] 处理后的检测结果形状: (1, 8400, 6)
2026-06-04 17:57:53 [DEBUG] 示例检测结果: [[-4.10192108e+00 -3.25728703e+00  3.95109596e+01  1.53939333e+01
   4.37614673e-08  5.00000000e+00]
 [-6.51050949e+00 -2.99746513e+00  4.47129555e+01  2.96889553e+01
   1.05767839e-08  9.00000000e+00]
 [-3.58633041e+00 -3.49747086e+00  4.60087433e+01  3.04362564e+01
   4.83992313e-09  9.00000000e+00]]
2026-06-04 17:57:53 [DEBUG] 处理后检测输出形状: (0, 52)
2026-06-04 17:57:53 [DEBUG] 有效检测数量: 0
2026-06-04 17:57:53 [DEBUG] 检测输出为空
2026-06-04 17:57:53 [INFO] 掩码中检测到的类别: [0, 1, 2, 3, 4, 5, 6, 7, 8, 9, 10, 11, 12, 13, 14, 15]
2026-06-04 17:57:53 [INFO] 分割完成，检测到 0 个物体
2026-06-04 17:57:53 [INFO] 从分割掩码中提取检测结果
2026-06-04 17:57:53 [INFO] 从掩码中提取了 420 个检测框
2026-06-04 17:57:53 [INFO] 计算出的车框矩形边界: (1024, 621) to (3174, 1513)
2026-06-04 17:57:53 [INFO] 原始检测数: 420, 过滤后检测数: 207
2026-06-04 17:57:53 [INFO] 保存分割和检测结果到: C:\code\show\Scrap_Steel_In_Field\photos\segmentation\segment_20260604_175753.jpg
2026-06-04 17:57:53 [INFO] JSON结果保存到: C:\code\show\Scrap_Steel_In_Field\photos\segmentation_result.json
2026-06-04 17:57:53 [INFO] 类别统计：{0: 12, 1: 43, 2: 20, 3: 2, 4: 27, 5: 35, 6: 20, 7: 23, 8: 46, 9: 47, 10: 25, 11: 17, 12: 18, 13: 63, 14: 0, 15: 22}
2026-06-04 17:57:53 [INFO] 面积统计：{0: 3943332.0, 1: 587304.0, 2: 44568.0, 3: 143640.0, 4: 160956.0, 5: 48636.0, 6: 543060.0, 7: 29412.0, 8: 920988.0, 9: 180540.0, 10: 192312.0, 11: 333180.0, 12: 93420.0, 13: 732168.0, 14: 36.0, 15: 35640.0}
2026-06-04 17:57:53 [INFO] 分割成功
2026-06-04 17:57:53 [INFO] 引擎上下文已释放
2026-06-04 17:57:53 [INFO] TensorRT 引擎已释放
2026-06-04 17:57:53 [INFO] 全局 CUDA 资源已释放
2026-06-04 17:57:53 [INFO] 分割系统资源已释放
2026-06-04 17:57:57 [INFO] CUDA 初始化成功
2026-06-04 17:57:58 [INFO] 引擎加载成功: scrap_steel.engine
2026-06-04 17:57:58 [INFO] 分割系统初始化成功
2026-06-04 17:57:58 [INFO] 图像预处理完成，原始尺寸: (2160, 3840)
2026-06-04 17:57:58 [INFO] 开始执行分割...
2026-06-04 17:57:58 [DEBUG] 处理后的检测结果形状: (1, 8400, 6)
2026-06-04 17:57:58 [DEBUG] 示例检测结果: [[-4.15118408e+00 -3.29939747e+00  3.96782341e+01  1.55934439e+01
   4.44559412e-08  5.00000000e+00]
 [-6.54461288e+00 -3.03959465e+00  4.46957741e+01  2.99536610e+01
   1.04383062e-08  9.00000000e+00]
 [-3.57893372e+00 -3.48046875e+00  4.59582062e+01  3.05632477e+01
   4.78719464e-09  9.00000000e+00]]
2026-06-04 17:57:58 [DEBUG] 处理后检测输出形状: (0, 52)
2026-06-04 17:57:58 [DEBUG] 有效检测数量: 0
2026-06-04 17:57:58 [DEBUG] 检测输出为空
2026-06-04 17:57:58 [INFO] 掩码中检测到的类别: [0, 1, 2, 3, 4, 5, 6, 7, 8, 9, 10, 11, 12, 13, 14, 15]
2026-06-04 17:57:58 [INFO] 分割完成，检测到 0 个物体
2026-06-04 17:57:58 [INFO] 从分割掩码中提取检测结果
2026-06-04 17:57:58 [INFO] 从掩码中提取了 448 个检测框
2026-06-04 17:57:58 [INFO] 计算出的车框矩形边界: (1024, 620) to (3174, 1513)
2026-06-04 17:57:58 [INFO] 原始检测数: 448, 过滤后检测数: 224
2026-06-04 17:57:59 [INFO] 保存分割和检测结果到: C:\code\show\Scrap_Steel_In_Field\photos\segmentation\segment_20260604_175758.jpg
2026-06-04 17:57:59 [INFO] JSON结果保存到: C:\code\show\Scrap_Steel_In_Field\photos\segmentation_result.json
2026-06-04 17:57:59 [INFO] 类别统计：{0: 40, 1: 49, 2: 23, 3: 3, 4: 22, 5: 30, 6: 20, 7: 24, 8: 48, 9: 52, 10: 27, 11: 17, 12: 18, 13: 60, 14: 0, 15: 15}
2026-06-04 17:57:59 [INFO] 面积统计：{0: 3880296.0, 1: 578628.0, 2: 44100.0, 3: 135468.0, 4: 159084.0, 5: 58932.0, 6: 522180.0, 7: 31356.0, 8: 917136.0, 9: 182232.0, 10: 190152.0, 11: 329544.0, 12: 92628.0, 13: 775872.0, 14: 36.0, 15: 42732.0}
2026-06-04 17:57:59 [INFO] 分割成功
2026-06-04 17:57:59 [INFO] 引擎上下文已释放
2026-06-04 17:57:59 [INFO] TensorRT 引擎已释放
2026-06-04 17:57:59 [INFO] 全局 CUDA 资源已释放
2026-06-04 17:57:59 [INFO] 分割系统资源已释放
2026-06-04 17:58:03 [INFO] CUDA 初始化成功
2026-06-04 17:58:03 [INFO] 引擎加载成功: scrap_steel.engine
2026-06-04 17:58:03 [INFO] 分割系统初始化成功
2026-06-04 17:58:03 [INFO] 图像预处理完成，原始尺寸: (2160, 3840)
2026-06-04 17:58:03 [INFO] 开始执行分割...
2026-06-04 17:58:03 [DEBUG] 处理后的检测结果形状: (1, 8400, 6)
2026-06-04 17:58:03 [DEBUG] 示例检测结果: [[-4.16390228e+00 -3.28797150e+00  3.94099579e+01  1.54970245e+01
   4.37479777e-08  5.00000000e+00]
 [-6.55400848e+00 -3.04166412e+00  4.45640259e+01  2.96938934e+01
   1.03097406e-08  9.00000000e+00]
 [-3.60492706e+00 -3.52797413e+00  4.59584427e+01  3.03712502e+01
   4.82492712e-09  9.00000000e+00]]
2026-06-04 17:58:03 [DEBUG] 处理后检测输出形状: (0, 52)
2026-06-04 17:58:03 [DEBUG] 有效检测数量: 0
2026-06-04 17:58:03 [DEBUG] 检测输出为空
2026-06-04 17:58:03 [INFO] 掩码中检测到的类别: [0, 1, 2, 3, 4, 5, 6, 7, 8, 9, 10, 11, 12, 13, 14, 15]
2026-06-04 17:58:03 [INFO] 分割完成，检测到 0 个物体
2026-06-04 17:58:03 [INFO] 从分割掩码中提取检测结果
2026-06-04 17:58:03 [INFO] 从掩码中提取了 518 个检测框
2026-06-04 17:58:03 [INFO] 计算出的车框矩形边界: (1026, 620) to (3174, 1513)
2026-06-04 17:58:03 [INFO] 原始检测数: 518, 过滤后检测数: 217
2026-06-04 17:58:04 [INFO] 保存分割和检测结果到: C:\code\show\Scrap_Steel_In_Field\photos\segmentation\segment_20260604_175803.jpg
2026-06-04 17:58:04 [INFO] JSON结果保存到: C:\code\show\Scrap_Steel_In_Field\photos\segmentation_result.json
2026-06-04 17:58:04 [INFO] 类别统计：{0: 46, 1: 53, 2: 25, 3: 8, 4: 34, 5: 33, 6: 20, 7: 32, 8: 46, 9: 53, 10: 25, 11: 18, 12: 23, 13: 81, 14: 0, 15: 21}
2026-06-04 17:58:04 [INFO] 面积统计：{0: 3713940.0, 1: 816264.0, 2: 58140.0, 3: 137484.0, 4: 165744.0, 5: 72756.0, 6: 414936.0, 7: 42984.0, 8: 937584.0, 9: 220284.0, 10: 176508.0, 11: 350388.0, 12: 74376.0, 13: 864684.0, 14: 36.0, 15: 64800.0}
2026-06-04 17:58:04 [INFO] 分割成功
2026-06-04 17:58:04 [INFO] 引擎上下文已释放
2026-06-04 17:58:04 [INFO] TensorRT 引擎已释放
2026-06-04 17:58:04 [INFO] 全局 CUDA 资源已释放
2026-06-04 17:58:04 [INFO] 分割系统资源已释放
2026-06-04 17:58:08 [INFO] CUDA 初始化成功
2026-06-04 17:58:08 [INFO] 引擎加载成功: scrap_steel.engine
2026-06-04 17:58:08 [INFO] 分割系统初始化成功
2026-06-04 17:58:08 [INFO] 图像预处理完成，原始尺寸: (2160, 3840)
2026-06-04 17:58:08 [INFO] 开始执行分割...
2026-06-04 17:58:08 [DEBUG] 处理后的检测结果形状: (1, 8400, 6)
2026-06-04 17:58:08 [DEBUG] 示例检测结果: [[-4.12859726e+00 -3.27131414e+00  3.93434334e+01  1.54362469e+01
   4.47923441e-08  5.00000000e+00]
 [-6.55489731e+00 -3.02727222e+00  4.46228523e+01  2.98923187e+01
   1.05355014e-08  9.00000000e+00]
 [-3.61814880e+00 -3.52152920e+00  4.59618607e+01  3.05365067e+01
   4.87145435e-09  9.00000000e+00]]
2026-06-04 17:58:08 [DEBUG] 处理后检测输出形状: (0, 52)
2026-06-04 17:58:08 [DEBUG] 有效检测数量: 0
2026-06-04 17:58:08 [DEBUG] 检测输出为空
2026-06-04 17:58:08 [INFO] 掩码中检测到的类别: [0, 1, 2, 3, 4, 5, 6, 7, 8, 9, 10, 11, 12, 13, 14, 15]
2026-06-04 17:58:08 [INFO] 分割完成，检测到 0 个物体
2026-06-04 17:58:08 [INFO] 从分割掩码中提取检测结果
2026-06-04 17:58:08 [INFO] 从掩码中提取了 493 个检测框
2026-06-04 17:58:08 [INFO] 计算出的车框矩形边界: (1026, 620) to (3174, 1513)
2026-06-04 17:58:08 [INFO] 原始检测数: 493, 过滤后检测数: 214
2026-06-04 17:58:09 [INFO] 保存分割和检测结果到: C:\code\show\Scrap_Steel_In_Field\photos\segmentation\segment_20260604_175808.jpg
2026-06-04 17:58:09 [INFO] JSON结果保存到: C:\code\show\Scrap_Steel_In_Field\photos\segmentation_result.json
2026-06-04 17:58:09 [INFO] 类别统计：{0: 37, 1: 44, 2: 26, 3: 7, 4: 26, 5: 28, 6: 19, 7: 27, 8: 54, 9: 56, 10: 27, 11: 17, 12: 21, 13: 84, 14: 0, 15: 20}
2026-06-04 17:58:09 [INFO] 面积统计：{0: 3833244.0, 1: 833220.0, 2: 50724.0, 3: 136728.0, 4: 147888.0, 5: 62892.0, 6: 431784.0, 7: 47304.0, 8: 929916.0, 9: 215532.0, 10: 168480.0, 11: 349524.0, 12: 70200.0, 13: 840888.0, 14: 72.0, 15: 61020.0}
2026-06-04 17:58:09 [INFO] 分割成功
2026-06-04 17:58:09 [INFO] 引擎上下文已释放
2026-06-04 17:58:09 [INFO] TensorRT 引擎已释放
2026-06-04 17:58:09 [INFO] 全局 CUDA 资源已释放
2026-06-04 17:58:09 [INFO] 分割系统资源已释放
2026-06-04 17:58:13 [INFO] CUDA 初始化成功
2026-06-04 17:58:13 [INFO] 引擎加载成功: scrap_steel.engine
2026-06-04 17:58:13 [INFO] 分割系统初始化成功
2026-06-04 17:58:13 [INFO] 图像预处理完成，原始尺寸: (2160, 3840)
2026-06-04 17:58:13 [INFO] 开始执行分割...
2026-06-04 17:58:13 [DEBUG] 处理后的检测结果形状: (1, 8400, 6)
2026-06-04 17:58:13 [DEBUG] 示例检测结果: [[-4.13578415e+00 -3.24450207e+00  3.93175964e+01  1.53527498e+01
   4.30608367e-08  5.00000000e+00]
 [-6.53789902e+00 -2.99578857e+00  4.45113564e+01  2.95989075e+01
   1.03958655e-08  9.00000000e+00]
 [-3.61517334e+00 -3.49648666e+00  4.58960342e+01  3.03313942e+01
   4.82851981e-09  9.00000000e+00]]
2026-06-04 17:58:13 [DEBUG] 处理后检测输出形状: (0, 52)
2026-06-04 17:58:13 [DEBUG] 有效检测数量: 0
2026-06-04 17:58:13 [DEBUG] 检测输出为空
2026-06-04 17:58:13 [INFO] 掩码中检测到的类别: [0, 1, 2, 3, 4, 5, 6, 7, 8, 9, 10, 11, 12, 13, 14, 15]
2026-06-04 17:58:13 [INFO] 分割完成，检测到 0 个物体
2026-06-04 17:58:13 [INFO] 从分割掩码中提取检测结果
2026-06-04 17:58:13 [INFO] 从掩码中提取了 493 个检测框
2026-06-04 17:58:13 [INFO] 计算出的车框矩形边界: (1024, 620) to (3174, 1513)
2026-06-04 17:58:13 [INFO] 原始检测数: 493, 过滤后检测数: 209
2026-06-04 17:58:14 [INFO] 保存分割和检测结果到: C:\code\show\Scrap_Steel_In_Field\photos\segmentation\segment_20260604_175813.jpg
2026-06-04 17:58:14 [INFO] JSON结果保存到: C:\code\show\Scrap_Steel_In_Field\photos\segmentation_result.json
2026-06-04 17:58:14 [INFO] 类别统计：{0: 40, 1: 45, 2: 26, 3: 5, 4: 28, 5: 35, 6: 17, 7: 27, 8: 53, 9: 53, 10: 30, 11: 18, 12: 19, 13: 74, 14: 0, 15: 23}
2026-06-04 17:58:14 [INFO] 面积统计：{0: 3801816.0, 1: 842724.0, 2: 51480.0, 3: 137592.0, 4: 161712.0, 5: 59364.0, 6: 431856.0, 7: 55224.0, 8: 935028.0, 9: 218484.0, 10: 158076.0, 11: 360612.0, 12: 75852.0, 13: 807912.0, 14: 36.0, 15: 69588.0}
2026-06-04 17:58:14 [INFO] 分割成功
2026-06-04 17:58:14 [INFO] 引擎上下文已释放
2026-06-04 17:58:14 [INFO] TensorRT 引擎已释放
2026-06-04 17:58:14 [INFO] 全局 CUDA 资源已释放
2026-06-04 17:58:14 [INFO] 分割系统资源已释放
2026-06-04 17:58:18 [INFO] CUDA 初始化成功
2026-06-04 17:58:18 [INFO] 引擎加载成功: scrap_steel.engine
2026-06-04 17:58:18 [INFO] 分割系统初始化成功
2026-06-04 17:58:18 [INFO] 图像预处理完成，原始尺寸: (2160, 3840)
2026-06-04 17:58:18 [INFO] 开始执行分割...
2026-06-04 17:58:18 [DEBUG] 处理后的检测结果形状: (1, 8400, 6)
2026-06-04 17:58:18 [DEBUG] 示例检测结果: [[-4.10511780e+00 -3.24336529e+00  3.94227257e+01  1.53093138e+01
   4.28936922e-08  5.00000000e+00]
 [-6.54215622e+00 -2.96901035e+00  4.46108932e+01  2.96321106e+01
   1.04663798e-08  9.00000000e+00]
 [-3.59830475e+00 -3.46876526e+00  4.59424057e+01  3.03707314e+01
   4.84391194e-09  9.00000000e+00]]
2026-06-04 17:58:18 [DEBUG] 处理后检测输出形状: (0, 52)
2026-06-04 17:58:18 [DEBUG] 有效检测数量: 0
2026-06-04 17:58:18 [DEBUG] 检测输出为空
2026-06-04 17:58:18 [INFO] 掩码中检测到的类别: [0, 1, 2, 3, 4, 5, 6, 7, 8, 9, 10, 11, 12, 13, 14, 15]
2026-06-04 17:58:18 [INFO] 分割完成，检测到 0 个物体
2026-06-04 17:58:18 [INFO] 从分割掩码中提取检测结果
2026-06-04 17:58:18 [INFO] 从掩码中提取了 501 个检测框
2026-06-04 17:58:18 [INFO] 计算出的车框矩形边界: (1024, 621) to (3173, 1513)
2026-06-04 17:58:18 [INFO] 原始检测数: 501, 过滤后检测数: 222
2026-06-04 17:58:19 [INFO] 保存分割和检测结果到: C:\code\show\Scrap_Steel_In_Field\photos\segmentation\segment_20260604_175818.jpg
2026-06-04 17:58:19 [INFO] JSON结果保存到: C:\code\show\Scrap_Steel_In_Field\photos\segmentation_result.json
2026-06-04 17:58:19 [INFO] 类别统计：{0: 47, 1: 52, 2: 23, 3: 9, 4: 25, 5: 39, 6: 19, 7: 31, 8: 49, 9: 53, 10: 27, 11: 15, 12: 23, 13: 70, 14: 0, 15: 19}
2026-06-04 17:58:19 [INFO] 面积统计：{0: 3766176.0, 1: 878040.0, 2: 52704.0, 3: 143424.0, 4: 159480.0, 5: 58824.0, 6: 421596.0, 7: 53820.0, 8: 935820.0, 9: 211320.0, 10: 162540.0, 11: 355428.0, 12: 70668.0, 13: 802548.0, 14: 36.0, 15: 66492.0}
2026-06-04 17:58:19 [INFO] 分割成功
2026-06-04 17:58:19 [INFO] 引擎上下文已释放
2026-06-04 17:58:19 [INFO] TensorRT 引擎已释放
2026-06-04 17:58:19 [INFO] 全局 CUDA 资源已释放
2026-06-04 17:58:19 [INFO] 分割系统资源已释放
2026-06-04 17:58:23 [INFO] CUDA 初始化成功
2026-06-04 17:58:23 [INFO] 引擎加载成功: scrap_steel.engine
2026-06-04 17:58:23 [INFO] 分割系统初始化成功
2026-06-04 17:58:23 [INFO] 图像预处理完成，原始尺寸: (2160, 3840)
2026-06-04 17:58:23 [INFO] 开始执行分割...
2026-06-04 17:58:23 [DEBUG] 处理后的检测结果形状: (1, 8400, 6)
2026-06-04 17:58:23 [DEBUG] 示例检测结果: [[-4.14431381e+00 -3.27438021e+00  3.95468063e+01  1.55368843e+01
   4.35851888e-08  5.00000000e+00]
 [-6.57727432e+00 -3.02859020e+00  4.46727562e+01  2.98221741e+01
   1.04723057e-08  9.00000000e+00]
 [-3.60356140e+00 -3.51342106e+00  4.59535065e+01  3.04807091e+01
   4.80991957e-09  9.00000000e+00]]
2026-06-04 17:58:23 [DEBUG] 处理后检测输出形状: (0, 52)
2026-06-04 17:58:23 [DEBUG] 有效检测数量: 0
2026-06-04 17:58:23 [DEBUG] 检测输出为空
2026-06-04 17:58:23 [INFO] 掩码中检测到的类别: [0, 1, 2, 3, 4, 5, 6, 7, 8, 9, 10, 11, 12, 13, 14, 15]
2026-06-04 17:58:23 [INFO] 分割完成，检测到 0 个物体
2026-06-04 17:58:23 [INFO] 从分割掩码中提取检测结果
2026-06-04 17:58:23 [INFO] 从掩码中提取了 500 个检测框
2026-06-04 17:58:24 [INFO] 计算出的车框矩形边界: (1024, 621) to (3172, 1518)
2026-06-04 17:58:24 [INFO] 原始检测数: 500, 过滤后检测数: 232
2026-06-04 17:58:24 [INFO] 保存分割和检测结果到: C:\code\show\Scrap_Steel_In_Field\photos\segmentation\segment_20260604_175823.jpg
2026-06-04 17:58:24 [INFO] JSON结果保存到: C:\code\show\Scrap_Steel_In_Field\photos\segmentation_result.json
2026-06-04 17:58:24 [INFO] 类别统计：{0: 34, 1: 54, 2: 24, 3: 7, 4: 27, 5: 34, 6: 23, 7: 29, 8: 41, 9: 58, 10: 29, 11: 20, 12: 22, 13: 78, 14: 0, 15: 20}
2026-06-04 17:58:24 [INFO] 面积统计：{0: 3825900.0, 1: 818928.0, 2: 51120.0, 3: 139140.0, 4: 157572.0, 5: 58104.0, 6: 414792.0, 7: 46548.0, 8: 927540.0, 9: 207468.0, 10: 163728.0, 11: 349092.0, 12: 77472.0, 13: 864180.0, 14: 36.0, 15: 63360.0}
2026-06-04 17:58:24 [INFO] 分割成功
2026-06-04 17:58:24 [INFO] 引擎上下文已释放
2026-06-04 17:58:24 [INFO] TensorRT 引擎已释放
2026-06-04 17:58:24 [INFO] 全局 CUDA 资源已释放
2026-06-04 17:58:24 [INFO] 分割系统资源已释放
2026-06-04 17:58:28 [INFO] CUDA 初始化成功
2026-06-04 17:58:28 [INFO] 引擎加载成功: scrap_steel.engine
2026-06-04 17:58:28 [INFO] 分割系统初始化成功
2026-06-04 17:58:28 [INFO] 图像预处理完成，原始尺寸: (2160, 3840)
2026-06-04 17:58:28 [INFO] 开始执行分割...
2026-06-04 17:58:28 [DEBUG] 处理后的检测结果形状: (1, 8400, 6)
2026-06-04 17:58:28 [DEBUG] 示例检测结果: [[-4.13343048e+00 -3.25530767e+00  3.94648361e+01  1.54180813e+01
   4.35851888e-08  5.00000000e+00]
 [-6.58108139e+00 -3.00556278e+00  4.46370735e+01  2.96911240e+01
   1.06316023e-08  9.00000000e+00]
 [-3.64036560e+00 -3.51017952e+00  4.59326477e+01  3.03849583e+01
   4.88162843e-09  9.00000000e+00]]
2026-06-04 17:58:28 [DEBUG] 处理后检测输出形状: (0, 52)
2026-06-04 17:58:28 [DEBUG] 有效检测数量: 0
2026-06-04 17:58:28 [DEBUG] 检测输出为空
2026-06-04 17:58:28 [INFO] 掩码中检测到的类别: [0, 1, 2, 3, 4, 5, 6, 7, 8, 9, 10, 11, 12, 13, 14, 15]
2026-06-04 17:58:28 [INFO] 分割完成，检测到 0 个物体
2026-06-04 17:58:28 [INFO] 从分割掩码中提取检测结果
2026-06-04 17:58:29 [INFO] 从掩码中提取了 469 个检测框
2026-06-04 17:58:29 [INFO] 计算出的车框矩形边界: (1024, 621) to (3172, 1517)
2026-06-04 17:58:29 [INFO] 原始检测数: 469, 过滤后检测数: 209
2026-06-04 17:58:29 [INFO] 保存分割和检测结果到: C:\code\show\Scrap_Steel_In_Field\photos\segmentation\segment_20260604_175829.jpg
2026-06-04 17:58:29 [INFO] JSON结果保存到: C:\code\show\Scrap_Steel_In_Field\photos\segmentation_result.json
2026-06-04 17:58:29 [INFO] 类别统计：{0: 35, 1: 45, 2: 25, 3: 6, 4: 31, 5: 31, 6: 18, 7: 28, 8: 43, 9: 53, 10: 21, 11: 18, 12: 20, 13: 74, 14: 0, 15: 21}
2026-06-04 17:58:29 [INFO] 面积统计：{0: 3666456.0, 1: 807156.0, 2: 60984.0, 3: 134028.0, 4: 156240.0, 5: 66168.0, 6: 415080.0, 7: 47376.0, 8: 926532.0, 9: 212652.0, 10: 173916.0, 11: 357336.0, 12: 75384.0, 13: 875412.0, 14: 36.0, 15: 59796.0}
2026-06-04 17:58:29 [INFO] 分割成功
2026-06-04 17:58:29 [INFO] 引擎上下文已释放
2026-06-04 17:58:29 [INFO] TensorRT 引擎已释放
2026-06-04 17:58:29 [INFO] 全局 CUDA 资源已释放
2026-06-04 17:58:29 [INFO] 分割系统资源已释放
2026-06-04 17:58:33 [INFO] CUDA 初始化成功
2026-06-04 17:58:33 [INFO] 引擎加载成功: scrap_steel.engine
2026-06-04 17:58:33 [INFO] 分割系统初始化成功
2026-06-04 17:58:33 [INFO] 图像预处理完成，原始尺寸: (2160, 3840)
2026-06-04 17:58:33 [INFO] 开始执行分割...
2026-06-04 17:58:33 [DEBUG] 处理后的检测结果形状: (1, 8400, 6)
2026-06-04 17:58:33 [DEBUG] 示例检测结果: [[-4.17629623e+00 -3.29654408e+00  3.94913635e+01  1.56049299e+01
   4.34148184e-08  5.00000000e+00]
 [-6.57627869e+00 -3.04271126e+00  4.46127853e+01  2.98055286e+01
   1.03097406e-08  9.00000000e+00]
 [-3.60491943e+00 -3.51382923e+00  4.59353638e+01  3.04365158e+01
   4.77246775e-09  9.00000000e+00]]
2026-06-04 17:58:33 [DEBUG] 处理后检测输出形状: (0, 52)
2026-06-04 17:58:33 [DEBUG] 有效检测数量: 0
2026-06-04 17:58:33 [DEBUG] 检测输出为空
2026-06-04 17:58:33 [INFO] 掩码中检测到的类别: [0, 1, 2, 3, 4, 5, 6, 7, 8, 9, 10, 11, 12, 13, 14, 15]
2026-06-04 17:58:33 [INFO] 分割完成，检测到 0 个物体
2026-06-04 17:58:33 [INFO] 从分割掩码中提取检测结果
2026-06-04 17:58:34 [INFO] 从掩码中提取了 495 个检测框
2026-06-04 17:58:34 [INFO] 计算出的车框矩形边界: (1024, 620) to (3174, 1510)
2026-06-04 17:58:34 [INFO] 原始检测数: 495, 过滤后检测数: 225
2026-06-04 17:58:34 [INFO] 保存分割和检测结果到: C:\code\show\Scrap_Steel_In_Field\photos\segmentation\segment_20260604_175834.jpg
2026-06-04 17:58:34 [INFO] JSON结果保存到: C:\code\show\Scrap_Steel_In_Field\photos\segmentation_result.json
2026-06-04 17:58:34 [INFO] 类别统计：{0: 42, 1: 55, 2: 26, 3: 2, 4: 28, 5: 35, 6: 23, 7: 27, 8: 44, 9: 55, 10: 25, 11: 20, 12: 17, 13: 72, 14: 0, 15: 24}
2026-06-04 17:58:34 [INFO] 面积统计：{0: 3748176.0, 1: 812340.0, 2: 59616.0, 3: 140652.0, 4: 156168.0, 5: 66672.0, 6: 417204.0, 7: 48312.0, 8: 922104.0, 9: 214344.0, 10: 171936.0, 11: 355212.0, 12: 81648.0, 13: 799200.0, 14: 36.0, 15: 78732.0}
2026-06-04 17:58:34 [INFO] 分割成功
2026-06-04 17:58:34 [INFO] 引擎上下文已释放
2026-06-04 17:58:34 [INFO] TensorRT 引擎已释放
2026-06-04 17:58:34 [INFO] 全局 CUDA 资源已释放
2026-06-04 17:58:34 [INFO] 分割系统资源已释放
2026-06-04 17:58:38 [INFO] CUDA 初始化成功
2026-06-04 17:58:38 [INFO] 引擎加载成功: scrap_steel.engine
2026-06-04 17:58:38 [INFO] 分割系统初始化成功
2026-06-04 17:58:39 [INFO] 图像预处理完成，原始尺寸: (2160, 3840)
2026-06-04 17:58:39 [INFO] 开始执行分割...
2026-06-04 17:58:39 [DEBUG] 处理后的检测结果形状: (1, 8400, 6)
2026-06-04 17:58:39 [DEBUG] 示例检测结果: [[-4.12637329e+00 -3.28609371e+00  3.95537987e+01  1.54907465e+01
   4.51597018e-08  5.00000000e+00]
 [-6.55754852e+00 -3.02626801e+00  4.46058731e+01  2.98539009e+01
   1.03565796e-08  9.00000000e+00]
 [-3.58805847e+00 -3.53642464e+00  4.59507599e+01  3.05371838e+01
   4.66719996e-09  9.00000000e+00]]
2026-06-04 17:58:39 [DEBUG] 处理后检测输出形状: (0, 52)
2026-06-04 17:58:39 [DEBUG] 有效检测数量: 0
2026-06-04 17:58:39 [DEBUG] 检测输出为空
2026-06-04 17:58:39 [INFO] 掩码中检测到的类别: [0, 1, 2, 3, 4, 5, 6, 7, 8, 9, 10, 11, 12, 13, 14, 15]
2026-06-04 17:58:39 [INFO] 分割完成，检测到 0 个物体
2026-06-04 17:58:39 [INFO] 从分割掩码中提取检测结果
2026-06-04 17:58:39 [INFO] 从掩码中提取了 512 个检测框
2026-06-04 17:58:39 [INFO] 计算出的车框矩形边界: (1024, 620) to (3174, 1513)
2026-06-04 17:58:39 [INFO] 原始检测数: 512, 过滤后检测数: 221
2026-06-04 17:58:40 [INFO] 保存分割和检测结果到: C:\code\show\Scrap_Steel_In_Field\photos\segmentation\segment_20260604_175839.jpg
2026-06-04 17:58:40 [INFO] JSON结果保存到: C:\code\show\Scrap_Steel_In_Field\photos\segmentation_result.json
2026-06-04 17:58:40 [INFO] 类别统计：{0: 41, 1: 49, 2: 28, 3: 5, 4: 33, 5: 36, 6: 18, 7: 27, 8: 60, 9: 56, 10: 25, 11: 15, 12: 16, 13: 69, 14: 0, 15: 34}
2026-06-04 17:58:40 [INFO] 面积统计：{0: 3493080.0, 1: 912060.0, 2: 57492.0, 3: 134712.0, 4: 170424.0, 5: 134676.0, 6: 440316.0, 7: 36900.0, 8: 947484.0, 9: 204048.0, 10: 166104.0, 11: 362304.0, 12: 81900.0, 13: 730260.0, 14: 36.0, 15: 126648.0}
2026-06-04 17:58:40 [INFO] 分割成功
2026-06-04 17:58:40 [INFO] 引擎上下文已释放
2026-06-04 17:58:40 [INFO] TensorRT 引擎已释放
2026-06-04 17:58:40 [INFO] 全局 CUDA 资源已释放
2026-06-04 17:58:40 [INFO] 分割系统资源已释放
2026-06-04 17:58:44 [INFO] CUDA 初始化成功
2026-06-04 17:58:44 [INFO] 引擎加载成功: scrap_steel.engine
2026-06-04 17:58:44 [INFO] 分割系统初始化成功
2026-06-04 17:58:44 [INFO] 图像预处理完成，原始尺寸: (2160, 3840)
2026-06-04 17:58:44 [INFO] 开始执行分割...
2026-06-04 17:58:44 [DEBUG] 处理后的检测结果形状: (1, 8400, 6)
2026-06-04 17:58:44 [DEBUG] 示例检测结果: [[-4.16294479e+00 -3.31164265e+00  3.95259666e+01  1.55411177e+01
   4.55374334e-08  5.00000000e+00]
 [-6.59066772e+00 -3.04119682e+00  4.45691261e+01  2.97805958e+01
   1.05118154e-08  9.00000000e+00]
 [-3.60704803e+00 -3.55045509e+00  4.59449692e+01  3.04686565e+01
   4.76839368e-09  9.00000000e+00]]
2026-06-04 17:58:44 [DEBUG] 处理后检测输出形状: (0, 52)
2026-06-04 17:58:44 [DEBUG] 有效检测数量: 0
2026-06-04 17:58:44 [DEBUG] 检测输出为空
2026-06-04 17:58:44 [INFO] 掩码中检测到的类别: [0, 1, 2, 3, 4, 5, 6, 7, 8, 9, 10, 11, 12, 13, 14, 15]
2026-06-04 17:58:44 [INFO] 分割完成，检测到 0 个物体
2026-06-04 17:58:44 [INFO] 从分割掩码中提取检测结果
2026-06-04 17:58:44 [INFO] 从掩码中提取了 480 个检测框
2026-06-04 17:58:44 [INFO] 计算出的车框矩形边界: (1025, 622) to (3176, 1513)
2026-06-04 17:58:44 [INFO] 原始检测数: 480, 过滤后检测数: 201
2026-06-04 17:58:45 [INFO] 保存分割和检测结果到: C:\code\show\Scrap_Steel_In_Field\photos\segmentation\segment_20260604_175844.jpg
2026-06-04 17:58:45 [INFO] JSON结果保存到: C:\code\show\Scrap_Steel_In_Field\photos\segmentation_result.json
2026-06-04 17:58:45 [INFO] 类别统计：{0: 31, 1: 51, 2: 30, 3: 6, 4: 28, 5: 31, 6: 17, 7: 24, 8: 49, 9: 56, 10: 30, 11: 18, 12: 21, 13: 62, 14: 0, 15: 26}
2026-06-04 17:58:45 [INFO] 面积统计：{0: 3424968.0, 1: 900576.0, 2: 62748.0, 3: 142128.0, 4: 156708.0, 5: 94860.0, 6: 422712.0, 7: 30816.0, 8: 978732.0, 9: 204804.0, 10: 171072.0, 11: 354708.0, 12: 77832.0, 13: 703800.0, 14: 36.0, 15: 162468.0}
2026-06-04 17:58:45 [INFO] 分割成功
2026-06-04 17:58:45 [INFO] 引擎上下文已释放
2026-06-04 17:58:45 [INFO] TensorRT 引擎已释放
2026-06-04 17:58:45 [INFO] 全局 CUDA 资源已释放
2026-06-04 17:58:45 [INFO] 分割系统资源已释放
2026-06-04 17:58:49 [INFO] CUDA 初始化成功
2026-06-04 17:58:49 [INFO] 引擎加载成功: scrap_steel.engine
2026-06-04 17:58:49 [INFO] 分割系统初始化成功
2026-06-04 17:58:49 [INFO] 图像预处理完成，原始尺寸: (2160, 3840)
2026-06-04 17:58:49 [INFO] 开始执行分割...
2026-06-04 17:58:49 [DEBUG] 处理后的检测结果形状: (1, 8400, 6)
2026-06-04 17:58:49 [DEBUG] 示例检测结果: [[-4.15849686e+00 -3.27790451e+00  3.95305519e+01  1.54871082e+01
   4.34148184e-08  5.00000000e+00]
 [-6.57604599e+00 -3.05465508e+00  4.45909004e+01  2.98659534e+01
   1.04663798e-08  9.00000000e+00]
 [-3.57466888e+00 -3.50024891e+00  4.59718132e+01  3.04484024e+01
   4.80619544e-09  9.00000000e+00]]
2026-06-04 17:58:49 [DEBUG] 处理后检测输出形状: (0, 52)
2026-06-04 17:58:49 [DEBUG] 有效检测数量: 0
2026-06-04 17:58:49 [DEBUG] 检测输出为空
2026-06-04 17:58:49 [INFO] 掩码中检测到的类别: [0, 1, 2, 3, 4, 5, 6, 7, 8, 9, 10, 11, 12, 13, 14, 15]
2026-06-04 17:58:49 [INFO] 分割完成，检测到 0 个物体
2026-06-04 17:58:49 [INFO] 从分割掩码中提取检测结果
2026-06-04 17:58:49 [INFO] 从掩码中提取了 518 个检测框
2026-06-04 17:58:49 [INFO] 计算出的车框矩形边界: (1024, 621) to (3176, 1508)
2026-06-04 17:58:49 [INFO] 原始检测数: 518, 过滤后检测数: 223
2026-06-04 17:58:50 [INFO] 保存分割和检测结果到: C:\code\show\Scrap_Steel_In_Field\photos\segmentation\segment_20260604_175849.jpg
2026-06-04 17:58:50 [INFO] JSON结果保存到: C:\code\show\Scrap_Steel_In_Field\photos\segmentation_result.json
2026-06-04 17:58:50 [INFO] 类别统计：{0: 39, 1: 46, 2: 25, 3: 6, 4: 29, 5: 34, 6: 21, 7: 29, 8: 54, 9: 63, 10: 24, 11: 20, 12: 22, 13: 76, 14: 0, 15: 30}
2026-06-04 17:58:50 [INFO] 面积统计：{0: 3543336.0, 1: 847008.0, 2: 62316.0, 3: 132588.0, 4: 146988.0, 5: 67068.0, 6: 461520.0, 7: 31824.0, 8: 971172.0, 9: 198468.0, 10: 174528.0, 11: 349164.0, 12: 83232.0, 13: 719424.0, 14: 36.0, 15: 185580.0}
2026-06-04 17:58:50 [INFO] 分割成功
2026-06-04 17:58:50 [INFO] 引擎上下文已释放
2026-06-04 17:58:50 [INFO] TensorRT 引擎已释放
2026-06-04 17:58:50 [INFO] 全局 CUDA 资源已释放
2026-06-04 17:58:50 [INFO] 分割系统资源已释放
2026-06-04 17:58:54 [INFO] CUDA 初始化成功
2026-06-04 17:58:54 [INFO] 引擎加载成功: scrap_steel.engine
2026-06-04 17:58:54 [INFO] 分割系统初始化成功
2026-06-04 17:58:54 [INFO] 图像预处理完成，原始尺寸: (2160, 3840)
2026-06-04 17:58:54 [INFO] 开始执行分割...
2026-06-04 17:58:54 [DEBUG] 处理后的检测结果形状: (1, 8400, 6)
2026-06-04 17:58:54 [DEBUG] 示例检测结果: [[-4.11789703e+00 -3.25229740e+00  3.94107246e+01  1.53774843e+01
   4.30796341e-08  5.00000000e+00]
 [-6.50325775e+00 -3.00413036e+00  4.45618782e+01  2.97101631e+01
   1.04723057e-08  9.00000000e+00]
 [-3.55676270e+00 -3.47104645e+00  4.59053726e+01  3.03566284e+01
   4.80991957e-09  9.00000000e+00]]
2026-06-04 17:58:54 [DEBUG] 处理后检测输出形状: (0, 52)
2026-06-04 17:58:54 [DEBUG] 有效检测数量: 0
2026-06-04 17:58:54 [DEBUG] 检测输出为空
2026-06-04 17:58:54 [INFO] 掩码中检测到的类别: [0, 1, 2, 3, 4, 5, 6, 7, 8, 9, 10, 11, 12, 13, 14, 15]
2026-06-04 17:58:54 [INFO] 分割完成，检测到 0 个物体
2026-06-04 17:58:54 [INFO] 从分割掩码中提取检测结果
2026-06-04 17:58:54 [INFO] 从掩码中提取了 516 个检测框
2026-06-04 17:58:54 [INFO] 计算出的车框矩形边界: (1024, 622) to (3174, 1512)
2026-06-04 17:58:54 [INFO] 原始检测数: 516, 过滤后检测数: 227
2026-06-04 17:58:55 [INFO] 保存分割和检测结果到: C:\code\show\Scrap_Steel_In_Field\photos\segmentation\segment_20260604_175854.jpg
2026-06-04 17:58:55 [INFO] JSON结果保存到: C:\code\show\Scrap_Steel_In_Field\photos\segmentation_result.json
2026-06-04 17:58:55 [INFO] 类别统计：{0: 37, 1: 52, 2: 27, 3: 7, 4: 24, 5: 34, 6: 29, 7: 31, 8: 57, 9: 51, 10: 26, 11: 19, 12: 20, 13: 74, 14: 0, 15: 28}
2026-06-04 17:58:55 [INFO] 面积统计：{0: 3328524.0, 1: 829944.0, 2: 58104.0, 3: 154512.0, 4: 167328.0, 5: 66312.0, 6: 469512.0, 7: 31716.0, 8: 1010340.0, 9: 241200.0, 10: 183996.0, 11: 355608.0, 12: 63972.0, 13: 699912.0, 14: 36.0, 15: 192600.0}
2026-06-04 17:58:55 [INFO] 分割成功
2026-06-04 17:58:55 [INFO] 引擎上下文已释放
2026-06-04 17:58:55 [INFO] TensorRT 引擎已释放
2026-06-04 17:58:55 [INFO] 全局 CUDA 资源已释放
2026-06-04 17:58:55 [INFO] 分割系统资源已释放
2026-06-04 17:58:59 [INFO] CUDA 初始化成功
2026-06-04 17:58:59 [INFO] 引擎加载成功: scrap_steel.engine
2026-06-04 17:58:59 [INFO] 分割系统初始化成功
2026-06-04 17:58:59 [INFO] 图像预处理完成，原始尺寸: (2160, 3840)
2026-06-04 17:58:59 [INFO] 开始执行分割...
2026-06-04 17:58:59 [DEBUG] 处理后的检测结果形状: (1, 8400, 6)
2026-06-04 17:58:59 [DEBUG] 示例检测结果: [[-4.16424561e+00 -3.31683111e+00  3.93457794e+01  1.55906582e+01
   4.46192772e-08  5.00000000e+00]
 [-6.58028030e+00 -3.06311512e+00  4.44786224e+01  2.98430252e+01
   1.04534337e-08  9.00000000e+00]
 [-3.60178375e+00 -3.59155369e+00  4.59025116e+01  3.04685440e+01
   4.69481787e-09  9.00000000e+00]]
2026-06-04 17:58:59 [DEBUG] 处理后检测输出形状: (0, 52)
2026-06-04 17:58:59 [DEBUG] 有效检测数量: 0
2026-06-04 17:58:59 [DEBUG] 检测输出为空
2026-06-04 17:58:59 [INFO] 掩码中检测到的类别: [0, 1, 2, 3, 4, 5, 6, 7, 8, 9, 10, 11, 12, 13, 14, 15]
2026-06-04 17:58:59 [INFO] 分割完成，检测到 0 个物体
2026-06-04 17:58:59 [INFO] 从分割掩码中提取检测结果
2026-06-04 17:58:59 [INFO] 从掩码中提取了 537 个检测框
2026-06-04 17:59:00 [INFO] 计算出的车框矩形边界: (1024, 619) to (3174, 1512)
2026-06-04 17:59:00 [INFO] 原始检测数: 537, 过滤后检测数: 214
2026-06-04 17:59:00 [INFO] 保存分割和检测结果到: C:\code\show\Scrap_Steel_In_Field\photos\segmentation\segment_20260604_175859.jpg
2026-06-04 17:59:00 [INFO] JSON结果保存到: C:\code\show\Scrap_Steel_In_Field\photos\segmentation_result.json
2026-06-04 17:59:00 [INFO] 类别统计：{0: 33, 1: 50, 2: 26, 3: 6, 4: 27, 5: 38, 6: 28, 7: 27, 8: 69, 9: 66, 10: 26, 11: 20, 12: 18, 13: 70, 14: 0, 15: 33}
2026-06-04 17:59:00 [INFO] 面积统计：{0: 3560364.0, 1: 844668.0, 2: 62820.0, 3: 145620.0, 4: 163692.0, 5: 69012.0, 6: 498384.0, 7: 35604.0, 8: 995616.0, 9: 252216.0, 10: 184068.0, 11: 353376.0, 12: 62784.0, 13: 679680.0, 14: 36.0, 15: 133812.0}
2026-06-04 17:59:00 [INFO] 分割成功
2026-06-04 17:59:00 [INFO] 引擎上下文已释放
2026-06-04 17:59:00 [INFO] TensorRT 引擎已释放
2026-06-04 17:59:00 [INFO] 全局 CUDA 资源已释放
2026-06-04 17:59:00 [INFO] 分割系统资源已释放
2026-06-04 17:59:04 [INFO] CUDA 初始化成功
2026-06-04 17:59:04 [INFO] 引擎加载成功: scrap_steel.engine
2026-06-04 17:59:04 [INFO] 分割系统初始化成功
2026-06-04 17:59:04 [INFO] 图像预处理完成，原始尺寸: (2160, 3840)
2026-06-04 17:59:04 [INFO] 开始执行分割...
2026-06-04 17:59:04 [DEBUG] 处理后的检测结果形状: (1, 8400, 6)
2026-06-04 17:59:04 [DEBUG] 示例检测结果: [[-4.13711548e+00 -3.27740097e+00  3.93507614e+01  1.54481449e+01
   4.48029560e-08  5.00000000e+00]
 [-6.52955627e+00 -3.02852058e+00  4.45243263e+01  2.97207050e+01
   1.06180664e-08  9.00000000e+00]
 [-3.59007645e+00 -3.52524376e+00  4.59050369e+01  3.04274502e+01
   4.80619544e-09  9.00000000e+00]]
2026-06-04 17:59:04 [DEBUG] 处理后检测输出形状: (0, 52)
2026-06-04 17:59:04 [DEBUG] 有效检测数量: 0
2026-06-04 17:59:04 [DEBUG] 检测输出为空
2026-06-04 17:59:04 [INFO] 掩码中检测到的类别: [0, 1, 2, 3, 4, 5, 6, 7, 8, 9, 10, 11, 12, 13, 14, 15]
2026-06-04 17:59:04 [INFO] 分割完成，检测到 0 个物体
2026-06-04 17:59:04 [INFO] 从分割掩码中提取检测结果
2026-06-04 17:59:05 [INFO] 从掩码中提取了 529 个检测框
2026-06-04 17:59:05 [INFO] 计算出的车框矩形边界: (1024, 620) to (3176, 1508)
2026-06-04 17:59:05 [INFO] 原始检测数: 529, 过滤后检测数: 225
2026-06-04 17:59:05 [INFO] 保存分割和检测结果到: C:\code\show\Scrap_Steel_In_Field\photos\segmentation\segment_20260604_175905.jpg
2026-06-04 17:59:05 [INFO] JSON结果保存到: C:\code\show\Scrap_Steel_In_Field\photos\segmentation_result.json
2026-06-04 17:59:05 [INFO] 类别统计：{0: 52, 1: 54, 2: 29, 3: 4, 4: 32, 5: 40, 6: 20, 7: 29, 8: 62, 9: 60, 10: 24, 11: 18, 12: 20, 13: 63, 14: 0, 15: 22}
2026-06-04 17:59:05 [INFO] 面积统计：{0: 3569040.0, 1: 899856.0, 2: 59184.0, 3: 143532.0, 4: 163188.0, 5: 74520.0, 6: 531144.0, 7: 30492.0, 8: 1033452.0, 9: 224712.0, 10: 183276.0, 11: 372168.0, 12: 51696.0, 13: 659952.0, 14: 36.0, 15: 111600.0}
2026-06-04 17:59:05 [INFO] 分割成功
2026-06-04 17:59:05 [INFO] 引擎上下文已释放
2026-06-04 17:59:05 [INFO] TensorRT 引擎已释放
2026-06-04 17:59:05 [INFO] 全局 CUDA 资源已释放
2026-06-04 17:59:05 [INFO] 分割系统资源已释放
2026-06-04 17:59:09 [INFO] CUDA 初始化成功
2026-06-04 17:59:09 [INFO] 引擎加载成功: scrap_steel.engine
2026-06-04 17:59:09 [INFO] 分割系统初始化成功
2026-06-04 17:59:10 [INFO] 图像预处理完成，原始尺寸: (2160, 3840)
2026-06-04 17:59:10 [INFO] 开始执行分割...
2026-06-04 17:59:10 [DEBUG] 处理后的检测结果形状: (1, 8400, 6)
2026-06-04 17:59:10 [DEBUG] 示例检测结果: [[-4.13077927e+00 -3.28669262e+00  3.94501152e+01  1.54975080e+01
   4.55374334e-08  5.00000000e+00]
 [-6.54466629e+00 -3.04840183e+00  4.45431480e+01  2.99279861e+01
   1.05438858e-08  9.00000000e+00]
 [-3.60461426e+00 -3.53649330e+00  4.59372025e+01  3.05741673e+01
   4.76839368e-09  9.00000000e+00]]
2026-06-04 17:59:10 [DEBUG] 处理后检测输出形状: (0, 52)
2026-06-04 17:59:10 [DEBUG] 有效检测数量: 0
2026-06-04 17:59:10 [DEBUG] 检测输出为空
2026-06-04 17:59:10 [INFO] 掩码中检测到的类别: [0, 1, 2, 3, 4, 5, 6, 7, 8, 9, 10, 11, 12, 13, 14, 15]
2026-06-04 17:59:10 [INFO] 分割完成，检测到 0 个物体
2026-06-04 17:59:10 [INFO] 从分割掩码中提取检测结果
2026-06-04 17:59:10 [INFO] 从掩码中提取了 503 个检测框
2026-06-04 17:59:10 [INFO] 计算出的车框矩形边界: (1024, 621) to (3176, 1508)
2026-06-04 17:59:10 [INFO] 原始检测数: 503, 过滤后检测数: 212
2026-06-04 17:59:10 [INFO] 保存分割和检测结果到: C:\code\show\Scrap_Steel_In_Field\photos\segmentation\segment_20260604_175910.jpg
2026-06-04 17:59:10 [INFO] JSON结果保存到: C:\code\show\Scrap_Steel_In_Field\photos\segmentation_result.json
2026-06-04 17:59:10 [INFO] 类别统计：{0: 25, 1: 50, 2: 24, 3: 7, 4: 33, 5: 42, 6: 22, 7: 28, 8: 51, 9: 56, 10: 34, 11: 17, 12: 24, 13: 61, 14: 0, 15: 29}
2026-06-04 17:59:10 [INFO] 面积统计：{0: 3453444.0, 1: 866700.0, 2: 61164.0, 3: 149256.0, 4: 165528.0, 5: 71784.0, 6: 404208.0, 7: 31968.0, 8: 947880.0, 9: 186588.0, 10: 196236.0, 11: 354420.0, 12: 96876.0, 13: 702684.0, 14: 36.0, 15: 123588.0}
2026-06-04 17:59:10 [INFO] 分割成功
2026-06-04 17:59:10 [INFO] 引擎上下文已释放
2026-06-04 17:59:10 [INFO] TensorRT 引擎已释放
2026-06-04 17:59:11 [INFO] 全局 CUDA 资源已释放
2026-06-04 17:59:11 [INFO] 分割系统资源已释放
2026-06-04 17:59:14 [INFO] CUDA 初始化成功
2026-06-04 17:59:15 [INFO] 引擎加载成功: scrap_steel.engine
2026-06-04 17:59:15 [INFO] 分割系统初始化成功
2026-06-04 17:59:15 [INFO] 图像预处理完成，原始尺寸: (2160, 3840)
2026-06-04 17:59:15 [INFO] 开始执行分割...
2026-06-04 17:59:15 [DEBUG] 处理后的检测结果形状: (1, 8400, 6)
2026-06-04 17:59:15 [DEBUG] 示例检测结果: [[-4.14450455e+00 -3.27819395e+00  3.95558662e+01  1.54997063e+01
   4.51597018e-08  5.00000000e+00]
 [-6.52632523e+00 -3.01582527e+00  4.46286583e+01  2.99056263e+01
   1.06027684e-08  9.00000000e+00]
 [-3.55366516e+00 -3.48197937e+00  4.59637833e+01  3.05210304e+01
   4.88146057e-09  9.00000000e+00]]
2026-06-04 17:59:15 [DEBUG] 处理后检测输出形状: (0, 52)
2026-06-04 17:59:15 [DEBUG] 有效检测数量: 0
2026-06-04 17:59:15 [DEBUG] 检测输出为空
2026-06-04 17:59:15 [INFO] 掩码中检测到的类别: [0, 1, 2, 3, 4, 5, 6, 7, 8, 9, 10, 11, 12, 13, 14, 15]
2026-06-04 17:59:15 [INFO] 分割完成，检测到 0 个物体
2026-06-04 17:59:15 [INFO] 从分割掩码中提取检测结果
2026-06-04 17:59:15 [INFO] 从掩码中提取了 538 个检测框
2026-06-04 17:59:15 [INFO] 计算出的车框矩形边界: (1024, 621) to (3174, 1513)
2026-06-04 17:59:15 [INFO] 原始检测数: 538, 过滤后检测数: 220
2026-06-04 17:59:16 [INFO] 保存分割和检测结果到: C:\code\show\Scrap_Steel_In_Field\photos\segmentation\segment_20260604_175915.jpg
2026-06-04 17:59:16 [INFO] JSON结果保存到: C:\code\show\Scrap_Steel_In_Field\photos\segmentation_result.json
2026-06-04 17:59:16 [INFO] 类别统计：{0: 44, 1: 49, 2: 27, 3: 6, 4: 30, 5: 41, 6: 27, 7: 35, 8: 58, 9: 51, 10: 25, 11: 22, 12: 22, 13: 76, 14: 0, 15: 25}
2026-06-04 17:59:16 [INFO] 面积统计：{0: 3365568.0, 1: 892080.0, 2: 66528.0, 3: 161136.0, 4: 145836.0, 5: 105372.0, 6: 450648.0, 7: 41256.0, 8: 946368.0, 9: 178920.0, 10: 193680.0, 11: 363348.0, 12: 70740.0, 13: 710388.0, 14: 36.0, 15: 160740.0}
2026-06-04 17:59:16 [INFO] 分割成功
2026-06-04 17:59:16 [INFO] 引擎上下文已释放
2026-06-04 17:59:16 [INFO] TensorRT 引擎已释放
2026-06-04 17:59:16 [INFO] 全局 CUDA 资源已释放
2026-06-04 17:59:16 [INFO] 分割系统资源已释放
2026-06-04 17:59:20 [INFO] CUDA 初始化成功
2026-06-04 17:59:20 [INFO] 引擎加载成功: scrap_steel.engine
2026-06-04 17:59:20 [INFO] 分割系统初始化成功
2026-06-04 17:59:20 [INFO] 图像预处理完成，原始尺寸: (2160, 3840)
2026-06-04 17:59:20 [INFO] 开始执行分割...
2026-06-04 17:59:20 [DEBUG] 处理后的检测结果形状: (1, 8400, 6)
2026-06-04 17:59:20 [DEBUG] 示例检测结果: [[-4.07886124e+00 -3.23996925e+00  3.95764084e+01  1.53706074e+01
   4.75846811e-08  5.00000000e+00]
 [-6.46318054e+00 -2.97610855e+00  4.46424942e+01  2.98524323e+01
   1.07281446e-08  9.00000000e+00]
 [-3.55705261e+00 -3.43744659e+00  4.59367294e+01  3.05277481e+01
   4.97298203e-09  9.00000000e+00]]
2026-06-04 17:59:20 [DEBUG] 处理后检测输出形状: (0, 52)
2026-06-04 17:59:20 [DEBUG] 有效检测数量: 0
2026-06-04 17:59:20 [DEBUG] 检测输出为空
2026-06-04 17:59:20 [INFO] 掩码中检测到的类别: [0, 1, 2, 3, 4, 5, 6, 7, 8, 9, 10, 11, 12, 13, 15]
2026-06-04 17:59:20 [INFO] 分割完成，检测到 0 个物体
2026-06-04 17:59:20 [INFO] 从分割掩码中提取检测结果
2026-06-04 17:59:20 [INFO] 从掩码中提取了 514 个检测框
2026-06-04 17:59:20 [INFO] 计算出的车框矩形边界: (1024, 622) to (3174, 1513)
2026-06-04 17:59:20 [INFO] 原始检测数: 514, 过滤后检测数: 218
2026-06-04 17:59:21 [INFO] 保存分割和检测结果到: C:\code\show\Scrap_Steel_In_Field\photos\segmentation\segment_20260604_175920.jpg
2026-06-04 17:59:21 [INFO] JSON结果保存到: C:\code\show\Scrap_Steel_In_Field\photos\segmentation_result.json
2026-06-04 17:59:21 [INFO] 类别统计：{0: 34, 1: 55, 2: 23, 3: 10, 4: 27, 5: 40, 6: 20, 7: 40, 8: 62, 9: 55, 10: 23, 11: 21, 12: 21, 13: 55, 14: 0, 15: 28}
2026-06-04 17:59:21 [INFO] 面积统计：{0: 3512196.0, 1: 835416.0, 2: 56160.0, 3: 156168.0, 4: 168372.0, 5: 106164.0, 6: 448812.0, 7: 44928.0, 8: 925524.0, 9: 167832.0, 10: 177660.0, 11: 354852.0, 12: 79344.0, 13: 720324.0, 15: 139896.0}
2026-06-04 17:59:21 [INFO] 分割成功
2026-06-04 17:59:21 [INFO] 引擎上下文已释放
2026-06-04 17:59:21 [INFO] TensorRT 引擎已释放
2026-06-04 17:59:21 [INFO] 全局 CUDA 资源已释放
2026-06-04 17:59:21 [INFO] 分割系统资源已释放
2026-06-04 17:59:25 [INFO] CUDA 初始化成功
2026-06-04 17:59:25 [INFO] 引擎加载成功: scrap_steel.engine
2026-06-04 17:59:25 [INFO] 分割系统初始化成功
2026-06-04 17:59:25 [INFO] 图像预处理完成，原始尺寸: (2160, 3840)
2026-06-04 17:59:25 [INFO] 开始执行分割...
2026-06-04 17:59:25 [DEBUG] 处理后的检测结果形状: (1, 8400, 6)
2026-06-04 17:59:25 [DEBUG] 示例检测结果: [[-4.09792709e+00 -3.28293610e+00  3.96070175e+01  1.54806118e+01
   4.73860950e-08  5.00000000e+00]
 [-6.48159027e+00 -3.02743149e+00  4.47075539e+01  2.98944550e+01
   1.05834141e-08  9.00000000e+00]
 [-3.55672836e+00 -3.51771164e+00  4.59635963e+01  3.05833740e+01
   4.91168350e-09  9.00000000e+00]]
2026-06-04 17:59:25 [DEBUG] 处理后检测输出形状: (0, 52)
2026-06-04 17:59:25 [DEBUG] 有效检测数量: 0
2026-06-04 17:59:25 [DEBUG] 检测输出为空
2026-06-04 17:59:25 [INFO] 掩码中检测到的类别: [0, 1, 2, 3, 4, 5, 6, 7, 8, 9, 10, 11, 12, 13, 14, 15]
2026-06-04 17:59:25 [INFO] 分割完成，检测到 0 个物体
2026-06-04 17:59:25 [INFO] 从分割掩码中提取检测结果
2026-06-04 17:59:25 [INFO] 从掩码中提取了 540 个检测框
2026-06-04 17:59:25 [INFO] 计算出的车框矩形边界: (1026, 620) to (3174, 1512)
2026-06-04 17:59:25 [INFO] 原始检测数: 540, 过滤后检测数: 223
2026-06-04 17:59:26 [INFO] 保存分割和检测结果到: C:\code\show\Scrap_Steel_In_Field\photos\segmentation\segment_20260604_175925.jpg
2026-06-04 17:59:26 [INFO] JSON结果保存到: C:\code\show\Scrap_Steel_In_Field\photos\segmentation_result.json
2026-06-04 17:59:26 [INFO] 类别统计：{0: 38, 1: 58, 2: 26, 3: 5, 4: 30, 5: 39, 6: 20, 7: 37, 8: 58, 9: 57, 10: 28, 11: 22, 12: 25, 13: 66, 14: 0, 15: 31}
2026-06-04 17:59:26 [INFO] 面积统计：{0: 3449016.0, 1: 886212.0, 2: 61776.0, 3: 148968.0, 4: 167364.0, 5: 112140.0, 6: 433512.0, 7: 43020.0, 8: 923724.0, 9: 174384.0, 10: 191592.0, 11: 352620.0, 12: 81612.0, 13: 713772.0, 14: 36.0, 15: 119340.0}
2026-06-04 17:59:26 [INFO] 分割成功
2026-06-04 17:59:26 [INFO] 引擎上下文已释放
2026-06-04 17:59:26 [INFO] TensorRT 引擎已释放
2026-06-04 17:59:26 [INFO] 全局 CUDA 资源已释放
2026-06-04 17:59:26 [INFO] 分割系统资源已释放
2026-06-04 17:59:30 [INFO] CUDA 初始化成功
2026-06-04 17:59:30 [INFO] 引擎加载成功: scrap_steel.engine
2026-06-04 17:59:30 [INFO] 分割系统初始化成功
2026-06-04 17:59:30 [INFO] 图像预处理完成，原始尺寸: (2160, 3840)
2026-06-04 17:59:30 [INFO] 开始执行分割...
2026-06-04 17:59:30 [DEBUG] 处理后的检测结果形状: (1, 8400, 6)
2026-06-04 17:59:30 [DEBUG] 示例检测结果: [[-4.09271622e+00 -3.26088047e+00  3.95664368e+01  1.54293070e+01
   4.77697881e-08  5.00000000e+00]
 [-6.49510193e+00 -3.00176907e+00  4.46707115e+01  2.99544983e+01
   1.08242295e-08  9.00000000e+00]
 [-3.56463242e+00 -3.50429821e+00  4.59868011e+01  3.06455841e+01
   4.96919483e-09  9.00000000e+00]]
2026-06-04 17:59:30 [DEBUG] 处理后检测输出形状: (0, 52)
2026-06-04 17:59:30 [DEBUG] 有效检测数量: 0
2026-06-04 17:59:30 [DEBUG] 检测输出为空
2026-06-04 17:59:30 [INFO] 掩码中检测到的类别: [0, 1, 2, 3, 4, 5, 6, 7, 8, 9, 10, 11, 12, 13, 14, 15]
2026-06-04 17:59:30 [INFO] 分割完成，检测到 0 个物体
2026-06-04 17:59:30 [INFO] 从分割掩码中提取检测结果
2026-06-04 17:59:30 [INFO] 从掩码中提取了 531 个检测框
2026-06-04 17:59:30 [INFO] 计算出的车框矩形边界: (1025, 620) to (3174, 1513)
2026-06-04 17:59:30 [INFO] 原始检测数: 531, 过滤后检测数: 216
2026-06-04 17:59:31 [INFO] 保存分割和检测结果到: C:\code\show\Scrap_Steel_In_Field\photos\segmentation\segment_20260604_175930.jpg
2026-06-04 17:59:31 [INFO] JSON结果保存到: C:\code\show\Scrap_Steel_In_Field\photos\segmentation_result.json
2026-06-04 17:59:31 [INFO] 类别统计：{0: 35, 1: 55, 2: 27, 3: 7, 4: 31, 5: 39, 6: 24, 7: 31, 8: 51, 9: 58, 10: 27, 11: 17, 12: 22, 13: 78, 14: 0, 15: 29}
2026-06-04 17:59:31 [INFO] 面积统计：{0: 3461400.0, 1: 878436.0, 2: 66924.0, 3: 150948.0, 4: 153432.0, 5: 111348.0, 6: 439992.0, 7: 35568.0, 8: 911088.0, 9: 176760.0, 10: 193644.0, 11: 366912.0, 12: 78444.0, 13: 730116.0, 14: 36.0, 15: 106812.0}
2026-06-04 17:59:31 [INFO] 分割成功
2026-06-04 17:59:31 [INFO] 引擎上下文已释放
2026-06-04 17:59:31 [INFO] TensorRT 引擎已释放
2026-06-04 17:59:31 [INFO] 全局 CUDA 资源已释放
2026-06-04 17:59:31 [INFO] 分割系统资源已释放
2026-06-04 17:59:35 [INFO] CUDA 初始化成功
2026-06-04 17:59:35 [INFO] 引擎加载成功: scrap_steel.engine
2026-06-04 17:59:35 [INFO] 分割系统初始化成功
2026-06-04 17:59:35 [INFO] 图像预处理完成，原始尺寸: (2160, 3840)
2026-06-04 17:59:35 [INFO] 开始执行分割...
2026-06-04 17:59:35 [DEBUG] 处理后的检测结果形状: (1, 8400, 6)
2026-06-04 17:59:35 [DEBUG] 示例检测结果: [[-4.09593964e+00 -3.26121616e+00  3.95140991e+01  1.53262491e+01
   4.66631214e-08  5.00000000e+00]
 [-6.49895859e+00 -3.00203800e+00  4.47545166e+01  2.98670921e+01
   1.08124150e-08  9.00000000e+00]
 [-3.57769012e+00 -3.47580719e+00  4.59652023e+01  3.05469856e+01
   4.97298203e-09  9.00000000e+00]]
2026-06-04 17:59:35 [DEBUG] 处理后检测输出形状: (0, 52)
2026-06-04 17:59:35 [DEBUG] 有效检测数量: 0
2026-06-04 17:59:35 [DEBUG] 检测输出为空
2026-06-04 17:59:35 [INFO] 掩码中检测到的类别: [0, 1, 2, 3, 4, 5, 6, 7, 8, 9, 10, 11, 12, 13, 14, 15]
2026-06-04 17:59:35 [INFO] 分割完成，检测到 0 个物体
2026-06-04 17:59:35 [INFO] 从分割掩码中提取检测结果
2026-06-04 17:59:35 [INFO] 从掩码中提取了 571 个检测框
2026-06-04 17:59:36 [INFO] 计算出的车框矩形边界: (1024, 620) to (3173, 1513)
2026-06-04 17:59:36 [INFO] 原始检测数: 571, 过滤后检测数: 233
2026-06-04 17:59:36 [INFO] 保存分割和检测结果到: C:\code\show\Scrap_Steel_In_Field\photos\segmentation\segment_20260604_175935.jpg
2026-06-04 17:59:36 [INFO] JSON结果保存到: C:\code\show\Scrap_Steel_In_Field\photos\segmentation_result.json
2026-06-04 17:59:36 [INFO] 类别统计：{0: 39, 1: 56, 2: 30, 3: 6, 4: 35, 5: 42, 6: 27, 7: 35, 8: 53, 9: 57, 10: 28, 11: 24, 12: 22, 13: 84, 14: 0, 15: 33}
2026-06-04 17:59:36 [INFO] 面积统计：{0: 3490992.0, 1: 861984.0, 2: 64512.0, 3: 148284.0, 4: 163692.0, 5: 114120.0, 6: 443232.0, 7: 41508.0, 8: 929700.0, 9: 185544.0, 10: 196308.0, 11: 351072.0, 12: 69552.0, 13: 736956.0, 14: 36.0, 15: 140508.0}
2026-06-04 17:59:36 [INFO] 分割成功
2026-06-04 17:59:36 [INFO] 引擎上下文已释放
2026-06-04 17:59:36 [INFO] TensorRT 引擎已释放
2026-06-04 17:59:36 [INFO] 全局 CUDA 资源已释放
2026-06-04 17:59:36 [INFO] 分割系统资源已释放
2026-06-04 17:59:40 [INFO] CUDA 初始化成功
2026-06-04 17:59:40 [INFO] 引擎加载成功: scrap_steel.engine
2026-06-04 17:59:40 [INFO] 分割系统初始化成功
2026-06-04 17:59:40 [INFO] 图像预处理完成，原始尺寸: (2160, 3840)
2026-06-04 17:59:40 [INFO] 开始执行分割...
2026-06-04 17:59:40 [DEBUG] 处理后的检测结果形状: (1, 8400, 6)
2026-06-04 17:59:40 [DEBUG] 示例检测结果: [[-4.07074356e+00 -3.26297855e+00  3.93692207e+01  1.53767481e+01
   4.57147493e-08  5.00000000e+00]
 [-6.47907639e+00 -3.00185394e+00  4.45190315e+01  2.98062668e+01
   1.06682023e-08  9.00000000e+00]
 [-3.57517624e+00 -3.49346542e+00  4.58976479e+01  3.04780922e+01
   4.81705076e-09  9.00000000e+00]]
2026-06-04 17:59:40 [DEBUG] 处理后检测输出形状: (0, 52)
2026-06-04 17:59:40 [DEBUG] 有效检测数量: 0
2026-06-04 17:59:40 [DEBUG] 检测输出为空
2026-06-04 17:59:40 [INFO] 掩码中检测到的类别: [0, 1, 2, 3, 4, 5, 6, 7, 8, 9, 10, 11, 12, 13, 14, 15]
2026-06-04 17:59:40 [INFO] 分割完成，检测到 0 个物体
2026-06-04 17:59:40 [INFO] 从分割掩码中提取检测结果
2026-06-04 17:59:41 [INFO] 从掩码中提取了 517 个检测框
2026-06-04 17:59:41 [INFO] 计算出的车框矩形边界: (1025, 621) to (3172, 1518)
2026-06-04 17:59:41 [INFO] 原始检测数: 517, 过滤后检测数: 220
2026-06-04 17:59:41 [INFO] 保存分割和检测结果到: C:\code\show\Scrap_Steel_In_Field\photos\segmentation\segment_20260604_175941.jpg
2026-06-04 17:59:41 [INFO] JSON结果保存到: C:\code\show\Scrap_Steel_In_Field\photos\segmentation_result.json
2026-06-04 17:59:41 [INFO] 类别统计：{0: 43, 1: 50, 2: 29, 3: 4, 4: 33, 5: 37, 6: 22, 7: 36, 8: 57, 9: 53, 10: 22, 11: 21, 12: 21, 13: 62, 14: 0, 15: 27}
2026-06-04 17:59:41 [INFO] 面积统计：{0: 3450600.0, 1: 880452.0, 2: 61668.0, 3: 147060.0, 4: 165132.0, 5: 116748.0, 6: 446652.0, 7: 43920.0, 8: 920880.0, 9: 177192.0, 10: 206280.0, 11: 367668.0, 12: 74412.0, 13: 716652.0, 14: 36.0, 15: 121104.0}
2026-06-04 17:59:41 [INFO] 分割成功
2026-06-04 17:59:41 [INFO] 引擎上下文已释放
2026-06-04 17:59:41 [INFO] TensorRT 引擎已释放
2026-06-04 17:59:41 [INFO] 全局 CUDA 资源已释放
2026-06-04 17:59:41 [INFO] 分割系统资源已释放
2026-06-04 17:59:45 [INFO] CUDA 初始化成功
2026-06-04 17:59:45 [INFO] 引擎加载成功: scrap_steel.engine
2026-06-04 17:59:45 [INFO] 分割系统初始化成功
2026-06-04 17:59:45 [INFO] 图像预处理完成，原始尺寸: (2160, 3840)
2026-06-04 17:59:45 [INFO] 开始执行分割...
2026-06-04 17:59:45 [DEBUG] 处理后的检测结果形状: (1, 8400, 6)
2026-06-04 17:59:45 [DEBUG] 示例检测结果: [[-4.12992859e+00 -3.29352570e+00  3.94640961e+01  1.55972443e+01
   4.62515857e-08  5.00000000e+00]
 [-6.54412460e+00 -3.06090260e+00  4.46380424e+01  3.00345955e+01
   1.06772111e-08  9.00000000e+00]
 [-3.57240677e+00 -3.52008247e+00  4.59317093e+01  3.05649242e+01
   4.83089924e-09  9.00000000e+00]]
2026-06-04 17:59:45 [DEBUG] 处理后检测输出形状: (0, 52)
2026-06-04 17:59:45 [DEBUG] 有效检测数量: 0
2026-06-04 17:59:45 [DEBUG] 检测输出为空
2026-06-04 17:59:45 [INFO] 掩码中检测到的类别: [0, 1, 2, 3, 4, 5, 6, 7, 8, 9, 10, 11, 12, 13, 14, 15]
2026-06-04 17:59:45 [INFO] 分割完成，检测到 0 个物体
2026-06-04 17:59:45 [INFO] 从分割掩码中提取检测结果
2026-06-04 17:59:46 [INFO] 从掩码中提取了 541 个检测框
2026-06-04 17:59:46 [INFO] 计算出的车框矩形边界: (1024, 621) to (3172, 1518)
2026-06-04 17:59:46 [INFO] 原始检测数: 541, 过滤后检测数: 220
2026-06-04 17:59:46 [INFO] 保存分割和检测结果到: C:\code\show\Scrap_Steel_In_Field\photos\segmentation\segment_20260604_175946.jpg
2026-06-04 17:59:46 [INFO] JSON结果保存到: C:\code\show\Scrap_Steel_In_Field\photos\segmentation_result.json
2026-06-04 17:59:46 [INFO] 类别统计：{0: 28, 1: 60, 2: 28, 3: 8, 4: 28, 5: 39, 6: 26, 7: 34, 8: 62, 9: 53, 10: 26, 11: 22, 12: 21, 13: 75, 14: 0, 15: 31}
2026-06-04 17:59:46 [INFO] 面积统计：{0: 3431484.0, 1: 841104.0, 2: 63072.0, 3: 152244.0, 4: 156888.0, 5: 110808.0, 6: 441792.0, 7: 35424.0, 8: 943668.0, 9: 176580.0, 10: 184716.0, 11: 366408.0, 12: 82368.0, 13: 722196.0, 14: 36.0, 15: 143676.0}
2026-06-04 17:59:46 [INFO] 分割成功
2026-06-04 17:59:46 [INFO] 引擎上下文已释放
2026-06-04 17:59:46 [INFO] TensorRT 引擎已释放
2026-06-04 17:59:46 [INFO] 全局 CUDA 资源已释放
2026-06-04 17:59:46 [INFO] 分割系统资源已释放
2026-06-04 17:59:50 [INFO] CUDA 初始化成功
2026-06-04 17:59:50 [INFO] 引擎加载成功: scrap_steel.engine
2026-06-04 17:59:50 [INFO] 分割系统初始化成功
2026-06-04 17:59:51 [INFO] 图像预处理完成，原始尺寸: (2160, 3840)
2026-06-04 17:59:51 [INFO] 开始执行分割...
2026-06-04 17:59:51 [DEBUG] 处理后的检测结果形状: (1, 8400, 6)
2026-06-04 17:59:51 [DEBUG] 示例检测结果: [[-4.11368942e+00 -3.28454685e+00  3.95498466e+01  1.54369516e+01
   4.55374334e-08  5.00000000e+00]
 [-6.48237610e+00 -3.01234531e+00  4.46707916e+01  2.99354744e+01
   1.05024469e-08  9.00000000e+00]
 [-3.57816696e+00 -3.49119377e+00  4.59540024e+01  3.06547413e+01
   4.83089924e-09  9.00000000e+00]]
2026-06-04 17:59:51 [DEBUG] 处理后检测输出形状: (0, 52)
2026-06-04 17:59:51 [DEBUG] 有效检测数量: 0
2026-06-04 17:59:51 [DEBUG] 检测输出为空
2026-06-04 17:59:51 [INFO] 掩码中检测到的类别: [0, 1, 2, 3, 4, 5, 6, 7, 8, 9, 10, 11, 12, 13, 14, 15]
2026-06-04 17:59:51 [INFO] 分割完成，检测到 0 个物体
2026-06-04 17:59:51 [INFO] 从分割掩码中提取检测结果
2026-06-04 17:59:51 [INFO] 从掩码中提取了 521 个检测框
2026-06-04 17:59:51 [INFO] 计算出的车框矩形边界: (1025, 622) to (3174, 1512)
2026-06-04 17:59:51 [INFO] 原始检测数: 521, 过滤后检测数: 221
2026-06-04 17:59:52 [INFO] 保存分割和检测结果到: C:\code\show\Scrap_Steel_In_Field\photos\segmentation\segment_20260604_175951.jpg
2026-06-04 17:59:52 [INFO] JSON结果保存到: C:\code\show\Scrap_Steel_In_Field\photos\segmentation_result.json
2026-06-04 17:59:52 [INFO] 类别统计：{0: 26, 1: 58, 2: 28, 3: 6, 4: 31, 5: 34, 6: 28, 7: 36, 8: 53, 9: 52, 10: 26, 11: 20, 12: 21, 13: 71, 14: 0, 15: 31}
2026-06-04 17:59:52 [INFO] 面积统计：{0: 3542220.0, 1: 824292.0, 2: 59724.0, 3: 151596.0, 4: 143208.0, 5: 107028.0, 6: 447840.0, 7: 40680.0, 8: 928512.0, 9: 156600.0, 10: 183564.0, 11: 371124.0, 12: 83052.0, 13: 711756.0, 14: 36.0, 15: 167688.0}
2026-06-04 17:59:52 [INFO] 分割成功
2026-06-04 17:59:52 [INFO] 引擎上下文已释放
2026-06-04 17:59:52 [INFO] TensorRT 引擎已释放
2026-06-04 17:59:52 [INFO] 全局 CUDA 资源已释放
2026-06-04 17:59:52 [INFO] 分割系统资源已释放
2026-06-04 17:59:56 [INFO] CUDA 初始化成功
2026-06-04 17:59:56 [INFO] 引擎加载成功: scrap_steel.engine
2026-06-04 17:59:56 [INFO] 分割系统初始化成功
2026-06-04 17:59:56 [INFO] 图像预处理完成，原始尺寸: (2160, 3840)
2026-06-04 17:59:56 [INFO] 开始执行分割...
2026-06-04 17:59:56 [DEBUG] 处理后的检测结果形状: (1, 8400, 6)
2026-06-04 17:59:56 [DEBUG] 示例检测结果: [[-4.09799194e+00 -3.28493166e+00  3.95380516e+01  1.55464096e+01
   4.64520831e-08  5.00000000e+00]
 [-6.51880646e+00 -3.02615452e+00  4.46681900e+01  3.00157013e+01
   1.08242295e-08  9.00000000e+00]
 [-3.58187485e+00 -3.53519249e+00  4.59715271e+01  3.06522045e+01
   4.84154938e-09  9.00000000e+00]]
2026-06-04 17:59:56 [DEBUG] 处理后检测输出形状: (0, 52)
2026-06-04 17:59:56 [DEBUG] 有效检测数量: 0
2026-06-04 17:59:56 [DEBUG] 检测输出为空
2026-06-04 17:59:56 [INFO] 掩码中检测到的类别: [0, 1, 2, 3, 4, 5, 6, 7, 8, 9, 10, 11, 12, 13, 14, 15]
2026-06-04 17:59:56 [INFO] 分割完成，检测到 0 个物体
2026-06-04 17:59:56 [INFO] 从分割掩码中提取检测结果
2026-06-04 17:59:56 [INFO] 从掩码中提取了 520 个检测框
2026-06-04 17:59:56 [INFO] 计算出的车框矩形边界: (1026, 621) to (3176, 1508)
2026-06-04 17:59:56 [INFO] 原始检测数: 520, 过滤后检测数: 213
2026-06-04 17:59:57 [INFO] 保存分割和检测结果到: C:\code\show\Scrap_Steel_In_Field\photos\segmentation\segment_20260604_175956.jpg
2026-06-04 17:59:57 [INFO] JSON结果保存到: C:\code\show\Scrap_Steel_In_Field\photos\segmentation_result.json
2026-06-04 17:59:57 [INFO] 类别统计：{0: 24, 1: 55, 2: 28, 3: 8, 4: 30, 5: 42, 6: 23, 7: 38, 8: 61, 9: 52, 10: 25, 11: 19, 12: 22, 13: 63, 14: 0, 15: 30}
2026-06-04 17:59:57 [INFO] 面积统计：{0: 3431124.0, 1: 907488.0, 2: 57204.0, 3: 145512.0, 4: 164196.0, 5: 117036.0, 6: 443124.0, 7: 37404.0, 8: 938052.0, 9: 197532.0, 10: 185580.0, 11: 359784.0, 12: 78300.0, 13: 712224.0, 14: 36.0, 15: 125316.0}
2026-06-04 17:59:57 [INFO] 分割成功
2026-06-04 17:59:57 [INFO] 引擎上下文已释放
2026-06-04 17:59:57 [INFO] TensorRT 引擎已释放
2026-06-04 17:59:57 [INFO] 全局 CUDA 资源已释放
2026-06-04 17:59:57 [INFO] 分割系统资源已释放
2026-06-04 18:00:01 [INFO] CUDA 初始化成功
2026-06-04 18:00:01 [INFO] 引擎加载成功: scrap_steel.engine
2026-06-04 18:00:01 [INFO] 分割系统初始化成功
2026-06-04 18:00:01 [INFO] 图像预处理完成，原始尺寸: (2160, 3840)
2026-06-04 18:00:01 [INFO] 开始执行分割...
2026-06-04 18:00:01 [DEBUG] 处理后的检测结果形状: (1, 8400, 6)
2026-06-04 18:00:01 [DEBUG] 示例检测结果: [[-4.16336823e+00 -3.27580738e+00  3.94557648e+01  1.54889975e+01
   4.48029560e-08  5.00000000e+00]
 [-6.55464935e+00 -3.03961849e+00  4.45474472e+01  2.97757225e+01
   1.05281011e-08  9.00000000e+00]
 [-3.62112808e+00 -3.55066681e+00  4.59419403e+01  3.04862938e+01
   4.77718309e-09  9.00000000e+00]]
2026-06-04 18:00:01 [DEBUG] 处理后检测输出形状: (0, 52)
2026-06-04 18:00:01 [DEBUG] 有效检测数量: 0
2026-06-04 18:00:01 [DEBUG] 检测输出为空
2026-06-04 18:00:01 [INFO] 掩码中检测到的类别: [0, 1, 2, 3, 4, 5, 6, 7, 8, 9, 10, 11, 12, 13, 14, 15]
2026-06-04 18:00:01 [INFO] 分割完成，检测到 0 个物体
2026-06-04 18:00:01 [INFO] 从分割掩码中提取检测结果
2026-06-04 18:00:01 [INFO] 从掩码中提取了 518 个检测框
2026-06-04 18:00:01 [INFO] 计算出的车框矩形边界: (1024, 621) to (3174, 1513)
2026-06-04 18:00:01 [INFO] 原始检测数: 518, 过滤后检测数: 213
2026-06-04 18:00:02 [INFO] 保存分割和检测结果到: C:\code\show\Scrap_Steel_In_Field\photos\segmentation\segment_20260604_180001.jpg
2026-06-04 18:00:02 [INFO] JSON结果保存到: C:\code\show\Scrap_Steel_In_Field\photos\segmentation_result.json
2026-06-04 18:00:02 [INFO] 类别统计：{0: 41, 1: 53, 2: 30, 3: 9, 4: 29, 5: 39, 6: 25, 7: 36, 8: 52, 9: 56, 10: 22, 11: 20, 12: 20, 13: 58, 14: 0, 15: 28}
2026-06-04 18:00:02 [INFO] 面积统计：{0: 3394692.0, 1: 866160.0, 2: 61560.0, 3: 151776.0, 4: 156816.0, 5: 108756.0, 6: 457272.0, 7: 40068.0, 8: 1011708.0, 9: 187740.0, 10: 185148.0, 11: 369504.0, 12: 73116.0, 13: 698616.0, 14: 36.0, 15: 154548.0}
2026-06-04 18:00:02 [INFO] 分割成功
2026-06-04 18:00:02 [INFO] 引擎上下文已释放
2026-06-04 18:00:02 [INFO] TensorRT 引擎已释放
2026-06-04 18:00:02 [INFO] 全局 CUDA 资源已释放
2026-06-04 18:00:02 [INFO] 分割系统资源已释放
2026-06-04 18:00:06 [INFO] CUDA 初始化成功
2026-06-04 18:00:06 [INFO] 引擎加载成功: scrap_steel.engine
2026-06-04 18:00:06 [INFO] 分割系统初始化成功
2026-06-04 18:00:06 [INFO] 图像预处理完成，原始尺寸: (2160, 3840)
2026-06-04 18:00:06 [INFO] 开始执行分割...
2026-06-04 18:00:06 [DEBUG] 处理后的检测结果形状: (1, 8400, 6)
2026-06-04 18:00:06 [DEBUG] 示例检测结果: [[-4.09926224e+00 -3.26501369e+00  3.95298996e+01  1.53866014e+01
   4.57174139e-08  5.00000000e+00]
 [-6.51042557e+00 -3.01434517e+00  4.46066818e+01  2.98311634e+01
   1.06267635e-08  9.00000000e+00]
 [-3.57880020e+00 -3.52064514e+00  4.59062462e+01  3.05012169e+01
   4.88746466e-09  9.00000000e+00]]
2026-06-04 18:00:06 [DEBUG] 处理后检测输出形状: (0, 52)
2026-06-04 18:00:06 [DEBUG] 有效检测数量: 0
2026-06-04 18:00:06 [DEBUG] 检测输出为空
2026-06-04 18:00:06 [INFO] 掩码中检测到的类别: [0, 1, 2, 3, 4, 5, 6, 7, 8, 9, 10, 11, 12, 13, 14, 15]
2026-06-04 18:00:06 [INFO] 分割完成，检测到 0 个物体
2026-06-04 18:00:06 [INFO] 从分割掩码中提取检测结果
2026-06-04 18:00:06 [INFO] 从掩码中提取了 527 个检测框
2026-06-04 18:00:06 [INFO] 计算出的车框矩形边界: (1024, 620) to (3172, 1517)
2026-06-04 18:00:06 [INFO] 原始检测数: 527, 过滤后检测数: 214
2026-06-04 18:00:07 [INFO] 保存分割和检测结果到: C:\code\show\Scrap_Steel_In_Field\photos\segmentation\segment_20260604_180006.jpg
2026-06-04 18:00:07 [INFO] JSON结果保存到: C:\code\show\Scrap_Steel_In_Field\photos\segmentation_result.json
2026-06-04 18:00:07 [INFO] 类别统计：{0: 41, 1: 49, 2: 27, 3: 9, 4: 29, 5: 37, 6: 21, 7: 34, 8: 50, 9: 53, 10: 29, 11: 18, 12: 21, 13: 82, 14: 0, 15: 27}
2026-06-04 18:00:07 [INFO] 面积统计：{0: 3534912.0, 1: 861804.0, 2: 56052.0, 3: 152964.0, 4: 161676.0, 5: 106236.0, 6: 450432.0, 7: 39600.0, 8: 928224.0, 9: 205524.0, 10: 191340.0, 11: 355500.0, 12: 71892.0, 13: 763416.0, 14: 36.0, 15: 96012.0}
2026-06-04 18:00:07 [INFO] 分割成功
2026-06-04 18:00:07 [INFO] 引擎上下文已释放
2026-06-04 18:00:07 [INFO] TensorRT 引擎已释放
2026-06-04 18:00:07 [INFO] 全局 CUDA 资源已释放
2026-06-04 18:00:07 [INFO] 分割系统资源已释放
2026-06-04 18:00:11 [INFO] CUDA 初始化成功
2026-06-04 18:00:11 [INFO] 引擎加载成功: scrap_steel.engine
2026-06-04 18:00:11 [INFO] 分割系统初始化成功
2026-06-04 18:00:11 [INFO] 图像预处理完成，原始尺寸: (2160, 3840)
2026-06-04 18:00:11 [INFO] 开始执行分割...
2026-06-04 18:00:11 [DEBUG] 处理后的检测结果形状: (1, 8400, 6)
2026-06-04 18:00:11 [DEBUG] 示例检测结果: [[-4.11368942e+00 -3.28465843e+00  3.94856071e+01  1.54279156e+01
   4.55374334e-08  5.00000000e+00]
 [-6.51094055e+00 -3.02494240e+00  4.46124229e+01  2.98777905e+01
   1.05118154e-08  9.00000000e+00]
 [-3.58353424e+00 -3.50196457e+00  4.59006805e+01  3.05719070e+01
   4.80573448e-09  9.00000000e+00]]
2026-06-04 18:00:11 [DEBUG] 处理后检测输出形状: (0, 52)
2026-06-04 18:00:11 [DEBUG] 有效检测数量: 0
2026-06-04 18:00:11 [DEBUG] 检测输出为空
2026-06-04 18:00:11 [INFO] 掩码中检测到的类别: [0, 1, 2, 3, 4, 5, 6, 7, 8, 9, 10, 11, 12, 13, 14, 15]
2026-06-04 18:00:11 [INFO] 分割完成，检测到 0 个物体
2026-06-04 18:00:11 [INFO] 从分割掩码中提取检测结果
2026-06-04 18:00:11 [INFO] 从掩码中提取了 524 个检测框
2026-06-04 18:00:11 [INFO] 计算出的车框矩形边界: (1026, 620) to (3174, 1513)
2026-06-04 18:00:11 [INFO] 原始检测数: 524, 过滤后检测数: 237
2026-06-04 18:00:12 [INFO] 保存分割和检测结果到: C:\code\show\Scrap_Steel_In_Field\photos\segmentation\segment_20260604_180011.jpg
2026-06-04 18:00:12 [INFO] JSON结果保存到: C:\code\show\Scrap_Steel_In_Field\photos\segmentation_result.json
2026-06-04 18:00:12 [INFO] 类别统计：{0: 46, 1: 57, 2: 26, 3: 8, 4: 35, 5: 40, 6: 22, 7: 32, 8: 52, 9: 46, 10: 29, 11: 23, 12: 24, 13: 60, 14: 0, 15: 24}
2026-06-04 18:00:12 [INFO] 面积统计：{0: 3477528.0, 1: 860904.0, 2: 59868.0, 3: 157032.0, 4: 150840.0, 5: 105120.0, 6: 433872.0, 7: 38304.0, 8: 936036.0, 9: 176580.0, 10: 182880.0, 11: 356868.0, 12: 82944.0, 13: 711360.0, 14: 36.0, 15: 131328.0}
2026-06-04 18:00:12 [INFO] 分割成功
2026-06-04 18:00:12 [INFO] 引擎上下文已释放
2026-06-04 18:00:12 [INFO] TensorRT 引擎已释放
2026-06-04 18:00:12 [INFO] 全局 CUDA 资源已释放
2026-06-04 18:00:12 [INFO] 分割系统资源已释放
2026-06-04 18:00:16 [INFO] CUDA 初始化成功
2026-06-04 18:00:16 [INFO] 引擎加载成功: scrap_steel.engine
2026-06-04 18:00:16 [INFO] 分割系统初始化成功
2026-06-04 18:00:16 [INFO] 图像预处理完成，原始尺寸: (2160, 3840)
2026-06-04 18:00:16 [INFO] 开始执行分割...
2026-06-04 18:00:16 [DEBUG] 处理后的检测结果形状: (1, 8400, 6)
2026-06-04 18:00:16 [DEBUG] 示例检测结果: [[-4.12946701e+00 -3.30940914e+00  3.94363213e+01  1.56121244e+01
   4.55374334e-08  5.00000000e+00]
 [-6.49935913e+00 -3.04640388e+00  4.45112648e+01  2.99493160e+01
   1.05853246e-08  9.00000000e+00]
 [-3.54846954e+00 -3.52056122e+00  4.58864517e+01  3.05099869e+01
   4.78719464e-09  9.00000000e+00]]
2026-06-04 18:00:16 [DEBUG] 处理后检测输出形状: (0, 52)
2026-06-04 18:00:16 [DEBUG] 有效检测数量: 0
2026-06-04 18:00:16 [DEBUG] 检测输出为空
2026-06-04 18:00:16 [INFO] 掩码中检测到的类别: [0, 1, 2, 3, 4, 5, 6, 7, 8, 9, 10, 11, 12, 13, 14, 15]
2026-06-04 18:00:16 [INFO] 分割完成，检测到 0 个物体
2026-06-04 18:00:16 [INFO] 从分割掩码中提取检测结果
2026-06-04 18:00:17 [INFO] 从掩码中提取了 532 个检测框
2026-06-04 18:00:17 [INFO] 计算出的车框矩形边界: (1025, 619) to (3174, 1513)
2026-06-04 18:00:17 [INFO] 原始检测数: 532, 过滤后检测数: 231
2026-06-04 18:00:17 [INFO] 保存分割和检测结果到: C:\code\show\Scrap_Steel_In_Field\photos\segmentation\segment_20260604_180017.jpg
2026-06-04 18:00:17 [INFO] JSON结果保存到: C:\code\show\Scrap_Steel_In_Field\photos\segmentation_result.json
2026-06-04 18:00:17 [INFO] 类别统计：{0: 40, 1: 51, 2: 25, 3: 5, 4: 28, 5: 35, 6: 23, 7: 29, 8: 52, 9: 61, 10: 30, 11: 21, 12: 20, 13: 84, 14: 0, 15: 28}
2026-06-04 18:00:17 [INFO] 面积统计：{0: 3576852.0, 1: 850752.0, 2: 58824.0, 3: 142092.0, 4: 159048.0, 5: 66240.0, 6: 455940.0, 7: 37152.0, 8: 996732.0, 9: 188604.0, 10: 183492.0, 11: 354816.0, 12: 70164.0, 13: 749052.0, 14: 36.0, 15: 129780.0}
2026-06-04 18:00:17 [INFO] 分割成功
2026-06-04 18:00:17 [INFO] 引擎上下文已释放
2026-06-04 18:00:17 [INFO] TensorRT 引擎已释放
2026-06-04 18:00:17 [INFO] 全局 CUDA 资源已释放
2026-06-04 18:00:17 [INFO] 分割系统资源已释放
2026-06-04 18:00:22 [INFO] CUDA 初始化成功
2026-06-04 18:00:22 [INFO] 引擎加载成功: scrap_steel.engine
2026-06-04 18:00:22 [INFO] 分割系统初始化成功
2026-06-04 18:00:22 [INFO] 图像预处理完成，原始尺寸: (2160, 3840)
2026-06-04 18:00:22 [INFO] 开始执行分割...
2026-06-04 18:00:22 [DEBUG] 处理后的检测结果形状: (1, 8400, 6)
2026-06-04 18:00:22 [DEBUG] 示例检测结果: [[-4.15617752e+00 -3.29828644e+00  3.95262299e+01  1.56149311e+01
   4.48029560e-08  5.00000000e+00]
 [-6.51491165e+00 -3.05072403e+00  4.45733299e+01  2.99963150e+01
   1.06441362e-08  9.00000000e+00]
 [-3.57640076e+00 -3.52141094e+00  4.59207764e+01  3.05437660e+01
   4.81504614e-09  9.00000000e+00]]
2026-06-04 18:00:22 [DEBUG] 处理后检测输出形状: (0, 52)
2026-06-04 18:00:22 [DEBUG] 有效检测数量: 0
2026-06-04 18:00:22 [DEBUG] 检测输出为空
2026-06-04 18:00:22 [INFO] 掩码中检测到的类别: [0, 1, 2, 3, 4, 5, 6, 7, 8, 9, 10, 11, 12, 13, 15]
2026-06-04 18:00:22 [INFO] 分割完成，检测到 0 个物体
2026-06-04 18:00:22 [INFO] 从分割掩码中提取检测结果
2026-06-04 18:00:22 [INFO] 从掩码中提取了 507 个检测框
2026-06-04 18:00:22 [INFO] 计算出的车框矩形边界: (1024, 621) to (3174, 1513)
2026-06-04 18:00:22 [INFO] 原始检测数: 507, 过滤后检测数: 211
2026-06-04 18:00:23 [INFO] 保存分割和检测结果到: C:\code\show\Scrap_Steel_In_Field\photos\segmentation\segment_20260604_180022.jpg
2026-06-04 18:00:23 [INFO] JSON结果保存到: C:\code\show\Scrap_Steel_In_Field\photos\segmentation_result.json
2026-06-04 18:00:23 [INFO] 类别统计：{0: 26, 1: 53, 2: 27, 3: 7, 4: 32, 5: 33, 6: 25, 7: 31, 8: 58, 9: 51, 10: 30, 11: 18, 12: 18, 13: 76, 14: 0, 15: 22}
2026-06-04 18:00:23 [INFO] 面积统计：{0: 3557124.0, 1: 883116.0, 2: 59400.0, 3: 149904.0, 4: 152820.0, 5: 61488.0, 6: 475452.0, 7: 35136.0, 8: 949428.0, 9: 162036.0, 10: 174420.0, 11: 347328.0, 12: 64800.0, 13: 749304.0, 15: 164916.0}
2026-06-04 18:00:23 [INFO] 分割成功
2026-06-04 18:00:23 [INFO] 引擎上下文已释放
2026-06-04 18:00:23 [INFO] TensorRT 引擎已释放
2026-06-04 18:00:23 [INFO] 全局 CUDA 资源已释放
2026-06-04 18:00:23 [INFO] 分割系统资源已释放
2026-06-04 18:00:27 [INFO] CUDA 初始化成功
2026-06-04 18:00:27 [INFO] 引擎加载成功: scrap_steel.engine
2026-06-04 18:00:27 [INFO] 分割系统初始化成功
2026-06-04 18:00:27 [INFO] 图像预处理完成，原始尺寸: (2160, 3840)
2026-06-04 18:00:27 [INFO] 开始执行分割...
2026-06-04 18:00:27 [DEBUG] 处理后的检测结果形状: (1, 8400, 6)
2026-06-04 18:00:27 [DEBUG] 示例检测结果: [[-4.13343811e+00 -3.26378012e+00  3.94283028e+01  1.54282131e+01
   4.34148184e-08  5.00000000e+00]
 [-6.56760788e+00 -3.03738976e+00  4.45601311e+01  2.97310925e+01
   1.04723057e-08  9.00000000e+00]
 [-3.60824585e+00 -3.52734375e+00  4.59442978e+01  3.04350281e+01
   4.80991957e-09  9.00000000e+00]]
2026-06-04 18:00:27 [DEBUG] 处理后检测输出形状: (0, 52)
2026-06-04 18:00:27 [DEBUG] 有效检测数量: 0
2026-06-04 18:00:27 [DEBUG] 检测输出为空
2026-06-04 18:00:27 [INFO] 掩码中检测到的类别: [0, 1, 2, 3, 4, 5, 6, 7, 8, 9, 10, 11, 12, 13, 14, 15]
2026-06-04 18:00:27 [INFO] 分割完成，检测到 0 个物体
2026-06-04 18:00:27 [INFO] 从分割掩码中提取检测结果
2026-06-04 18:00:27 [INFO] 从掩码中提取了 538 个检测框
2026-06-04 18:00:27 [INFO] 计算出的车框矩形边界: (1025, 621) to (3172, 1518)
2026-06-04 18:00:27 [INFO] 原始检测数: 538, 过滤后检测数: 219
2026-06-04 18:00:28 [INFO] 保存分割和检测结果到: C:\code\show\Scrap_Steel_In_Field\photos\segmentation\segment_20260604_180027.jpg
2026-06-04 18:00:28 [INFO] JSON结果保存到: C:\code\show\Scrap_Steel_In_Field\photos\segmentation_result.json
2026-06-04 18:00:28 [INFO] 类别统计：{0: 26, 1: 57, 2: 26, 3: 7, 4: 35, 5: 31, 6: 23, 7: 30, 8: 65, 9: 67, 10: 25, 11: 21, 12: 21, 13: 80, 14: 0, 15: 24}
2026-06-04 18:00:28 [INFO] 面积统计：{0: 3554568.0, 1: 877608.0, 2: 60156.0, 3: 149400.0, 4: 155700.0, 5: 58860.0, 6: 459936.0, 7: 38160.0, 8: 981720.0, 9: 182376.0, 10: 187812.0, 11: 362592.0, 12: 54180.0, 13: 771768.0, 14: 36.0, 15: 151740.0}
2026-06-04 18:00:28 [INFO] 分割成功
2026-06-04 18:00:28 [INFO] 引擎上下文已释放
2026-06-04 18:00:28 [INFO] TensorRT 引擎已释放
2026-06-04 18:00:28 [INFO] 全局 CUDA 资源已释放
2026-06-04 18:00:28 [INFO] 分割系统资源已释放
2026-06-04 18:00:32 [INFO] CUDA 初始化成功
2026-06-04 18:00:32 [INFO] 引擎加载成功: scrap_steel.engine
2026-06-04 18:00:32 [INFO] 分割系统初始化成功
2026-06-04 18:00:32 [INFO] 图像预处理完成，原始尺寸: (2160, 3840)
2026-06-04 18:00:32 [INFO] 开始执行分割...
2026-06-04 18:00:32 [DEBUG] 处理后的检测结果形状: (1, 8400, 6)
2026-06-04 18:00:32 [DEBUG] 示例检测结果: [[-4.06245422e+00 -3.24361944e+00  3.95188370e+01  1.54340267e+01
   4.44559412e-08  5.00000000e+00]
 [-6.44273376e+00 -2.98159122e+00  4.46419983e+01  2.97938156e+01
   1.06523323e-08  9.00000000e+00]
 [-3.54106140e+00 -3.42858124e+00  4.59141197e+01  3.04306679e+01
   4.89051466e-09  9.00000000e+00]]
2026-06-04 18:00:32 [DEBUG] 处理后检测输出形状: (0, 52)
2026-06-04 18:00:32 [DEBUG] 有效检测数量: 0
2026-06-04 18:00:32 [DEBUG] 检测输出为空
2026-06-04 18:00:32 [INFO] 掩码中检测到的类别: [0, 1, 2, 3, 4, 5, 6, 7, 8, 9, 10, 11, 12, 13, 14, 15]
2026-06-04 18:00:32 [INFO] 分割完成，检测到 0 个物体
2026-06-04 18:00:32 [INFO] 从分割掩码中提取检测结果
2026-06-04 18:00:32 [INFO] 从掩码中提取了 524 个检测框
2026-06-04 18:00:32 [INFO] 计算出的车框矩形边界: (1025, 620) to (3174, 1513)
2026-06-04 18:00:32 [INFO] 原始检测数: 524, 过滤后检测数: 224
2026-06-04 18:00:33 [INFO] 保存分割和检测结果到: C:\code\show\Scrap_Steel_In_Field\photos\segmentation\segment_20260604_180032.jpg
2026-06-04 18:00:33 [INFO] JSON结果保存到: C:\code\show\Scrap_Steel_In_Field\photos\segmentation_result.json
2026-06-04 18:00:33 [INFO] 类别统计：{0: 44, 1: 53, 2: 27, 3: 6, 4: 29, 5: 29, 6: 21, 7: 27, 8: 53, 9: 63, 10: 20, 11: 19, 12: 22, 13: 86, 14: 0, 15: 25}
2026-06-04 18:00:33 [INFO] 面积统计：{0: 3518604.0, 1: 866556.0, 2: 58824.0, 3: 148572.0, 4: 147636.0, 5: 60048.0, 6: 455796.0, 7: 36360.0, 8: 953892.0, 9: 192456.0, 10: 191088.0, 11: 354240.0, 12: 71064.0, 13: 764136.0, 14: 36.0, 15: 138960.0}
2026-06-04 18:00:33 [INFO] 分割成功
2026-06-04 18:00:33 [INFO] 引擎上下文已释放
2026-06-04 18:00:33 [INFO] TensorRT 引擎已释放
2026-06-04 18:00:33 [INFO] 全局 CUDA 资源已释放
2026-06-04 18:00:33 [INFO] 分割系统资源已释放
2026-06-04 18:00:37 [INFO] CUDA 初始化成功
2026-06-04 18:00:37 [INFO] 引擎加载成功: scrap_steel.engine
2026-06-04 18:00:37 [INFO] 分割系统初始化成功
2026-06-04 18:00:37 [INFO] 图像预处理完成，原始尺寸: (2160, 3840)
2026-06-04 18:00:37 [INFO] 开始执行分割...
2026-06-04 18:00:37 [DEBUG] 处理后的检测结果形状: (1, 8400, 6)
2026-06-04 18:00:37 [DEBUG] 示例检测结果: [[-4.11746216e+00 -3.25278997e+00  3.93295898e+01  1.53811398e+01
   4.39196555e-08  5.00000000e+00]
 [-6.53266144e+00 -3.02963734e+00  4.45762863e+01  2.96953850e+01
   1.05075628e-08  9.00000000e+00]
 [-3.59978104e+00 -3.52685833e+00  4.59436226e+01  3.03888779e+01
   4.84391194e-09  9.00000000e+00]]
2026-06-04 18:00:37 [DEBUG] 处理后检测输出形状: (0, 52)
2026-06-04 18:00:37 [DEBUG] 有效检测数量: 0
2026-06-04 18:00:37 [DEBUG] 检测输出为空
2026-06-04 18:00:37 [INFO] 掩码中检测到的类别: [0, 1, 2, 3, 4, 5, 6, 7, 8, 9, 10, 11, 12, 13, 14, 15]
2026-06-04 18:00:38 [INFO] 分割完成，检测到 0 个物体
2026-06-04 18:00:38 [INFO] 从分割掩码中提取检测结果
2026-06-04 18:00:38 [INFO] 从掩码中提取了 534 个检测框
2026-06-04 18:00:38 [INFO] 计算出的车框矩形边界: (1025, 621) to (3172, 1518)
2026-06-04 18:00:38 [INFO] 原始检测数: 534, 过滤后检测数: 222
2026-06-04 18:00:38 [INFO] 保存分割和检测结果到: C:\code\show\Scrap_Steel_In_Field\photos\segmentation\segment_20260604_180038.jpg
2026-06-04 18:00:38 [INFO] JSON结果保存到: C:\code\show\Scrap_Steel_In_Field\photos\segmentation_result.json
2026-06-04 18:00:38 [INFO] 类别统计：{0: 38, 1: 45, 2: 26, 3: 6, 4: 31, 5: 36, 6: 23, 7: 30, 8: 51, 9: 66, 10: 28, 11: 17, 12: 22, 13: 86, 14: 0, 15: 29}
2026-06-04 18:00:38 [INFO] 面积统计：{0: 3543948.0, 1: 887796.0, 2: 60264.0, 3: 144396.0, 4: 154440.0, 5: 60768.0, 6: 449784.0, 7: 43704.0, 8: 984204.0, 9: 188064.0, 10: 186516.0, 11: 368208.0, 12: 62928.0, 13: 743976.0, 14: 36.0, 15: 145368.0}
2026-06-04 18:00:38 [INFO] 分割成功
2026-06-04 18:00:38 [INFO] 引擎上下文已释放
2026-06-04 18:00:38 [INFO] TensorRT 引擎已释放
2026-06-04 18:00:38 [INFO] 全局 CUDA 资源已释放
2026-06-04 18:00:38 [INFO] 分割系统资源已释放
2026-06-04 18:00:42 [INFO] CUDA 初始化成功
2026-06-04 18:00:42 [INFO] 引擎加载成功: scrap_steel.engine
2026-06-04 18:00:42 [INFO] 分割系统初始化成功
2026-06-04 18:00:42 [INFO] 图像预处理完成，原始尺寸: (2160, 3840)
2026-06-04 18:00:42 [INFO] 开始执行分割...
2026-06-04 18:00:42 [DEBUG] 处理后的检测结果形状: (1, 8400, 6)
2026-06-04 18:00:42 [DEBUG] 示例检测结果: [[-4.12414551e+00 -3.27705193e+00  3.94890823e+01  1.55375443e+01
   4.48099229e-08  5.00000000e+00]
 [-6.50123596e+00 -3.00212097e+00  4.46538696e+01  2.98779678e+01
   1.04791695e-08  9.00000000e+00]
 [-3.57739639e+00 -3.46455956e+00  4.59234276e+01  3.04839687e+01
   4.82453544e-09  9.00000000e+00]]
2026-06-04 18:00:42 [DEBUG] 处理后检测输出形状: (0, 52)
2026-06-04 18:00:42 [DEBUG] 有效检测数量: 0
2026-06-04 18:00:42 [DEBUG] 检测输出为空
2026-06-04 18:00:42 [INFO] 掩码中检测到的类别: [0, 1, 2, 3, 4, 5, 6, 7, 8, 9, 10, 11, 12, 13, 14, 15]
2026-06-04 18:00:42 [INFO] 分割完成，检测到 0 个物体
2026-06-04 18:00:42 [INFO] 从分割掩码中提取检测结果
2026-06-04 18:00:42 [INFO] 从掩码中提取了 545 个检测框
2026-06-04 18:00:42 [INFO] 计算出的车框矩形边界: (1025, 620) to (3172, 1518)
2026-06-04 18:00:42 [INFO] 原始检测数: 545, 过滤后检测数: 230
2026-06-04 18:00:43 [INFO] 保存分割和检测结果到: C:\code\show\Scrap_Steel_In_Field\photos\segmentation\segment_20260604_180042.jpg
2026-06-04 18:00:43 [INFO] JSON结果保存到: C:\code\show\Scrap_Steel_In_Field\photos\segmentation_result.json
2026-06-04 18:00:43 [INFO] 类别统计：{0: 41, 1: 54, 2: 25, 3: 6, 4: 33, 5: 37, 6: 23, 7: 28, 8: 59, 9: 57, 10: 28, 11: 20, 12: 24, 13: 84, 14: 0, 15: 26}
2026-06-04 18:00:43 [INFO] 面积统计：{0: 3561048.0, 1: 863928.0, 2: 61560.0, 3: 145656.0, 4: 145224.0, 5: 71820.0, 6: 441900.0, 7: 35388.0, 8: 980748.0, 9: 178488.0, 10: 190512.0, 11: 352980.0, 12: 66672.0, 13: 732924.0, 14: 36.0, 15: 139428.0}
2026-06-04 18:00:43 [INFO] 分割成功
2026-06-04 18:00:43 [INFO] 引擎上下文已释放
2026-06-04 18:00:43 [INFO] TensorRT 引擎已释放
2026-06-04 18:00:43 [INFO] 全局 CUDA 资源已释放
2026-06-04 18:00:43 [INFO] 分割系统资源已释放
2026-06-04 18:00:47 [INFO] CUDA 初始化成功
2026-06-04 18:00:47 [INFO] 引擎加载成功: scrap_steel.engine
2026-06-04 18:00:47 [INFO] 分割系统初始化成功
2026-06-04 18:00:47 [INFO] 图像预处理完成，原始尺寸: (2160, 3840)
2026-06-04 18:00:47 [INFO] 开始执行分割...
2026-06-04 18:00:47 [DEBUG] 处理后的检测结果形状: (1, 8400, 6)
2026-06-04 18:00:47 [DEBUG] 示例检测结果: [[-4.06701279e+00 -3.25140667e+00  3.93372040e+01  1.53188524e+01
   4.51847271e-08  5.00000000e+00]
 [-6.48041153e+00 -3.00118160e+00  4.45855522e+01  2.97782326e+01
   1.05118154e-08  9.00000000e+00]
 [-3.55582428e+00 -3.46911716e+00  4.58883972e+01  3.04332733e+01
   4.81705076e-09  9.00000000e+00]]
2026-06-04 18:00:47 [DEBUG] 处理后检测输出形状: (0, 52)
2026-06-04 18:00:47 [DEBUG] 有效检测数量: 0
2026-06-04 18:00:47 [DEBUG] 检测输出为空
2026-06-04 18:00:47 [INFO] 掩码中检测到的类别: [0, 1, 2, 3, 4, 5, 6, 7, 8, 9, 10, 11, 12, 13, 14, 15]
2026-06-04 18:00:47 [INFO] 分割完成，检测到 0 个物体
2026-06-04 18:00:47 [INFO] 从分割掩码中提取检测结果
2026-06-04 18:00:47 [INFO] 从掩码中提取了 521 个检测框
2026-06-04 18:00:48 [INFO] 计算出的车框矩形边界: (1026, 620) to (3173, 1518)
2026-06-04 18:00:48 [INFO] 原始检测数: 521, 过滤后检测数: 218
2026-06-04 18:00:48 [INFO] 保存分割和检测结果到: C:\code\show\Scrap_Steel_In_Field\photos\segmentation\segment_20260604_180047.jpg
2026-06-04 18:00:48 [INFO] JSON结果保存到: C:\code\show\Scrap_Steel_In_Field\photos\segmentation_result.json
2026-06-04 18:00:48 [INFO] 类别统计：{0: 29, 1: 54, 2: 25, 3: 7, 4: 32, 5: 33, 6: 27, 7: 30, 8: 66, 9: 57, 10: 25, 11: 22, 12: 21, 13: 71, 14: 0, 15: 22}
2026-06-04 18:00:48 [INFO] 面积统计：{0: 3542112.0, 1: 870480.0, 2: 58392.0, 3: 146772.0, 4: 157968.0, 5: 69516.0, 6: 458136.0, 7: 38808.0, 8: 969120.0, 9: 189828.0, 10: 187164.0, 11: 348480.0, 12: 63072.0, 13: 767556.0, 14: 36.0, 15: 134316.0}
2026-06-04 18:00:48 [INFO] 分割成功
2026-06-04 18:00:48 [INFO] 引擎上下文已释放
2026-06-04 18:00:48 [INFO] TensorRT 引擎已释放
2026-06-04 18:00:48 [INFO] 全局 CUDA 资源已释放
2026-06-04 18:00:48 [INFO] 分割系统资源已释放
2026-06-04 18:00:53 [INFO] CUDA 初始化成功
2026-06-04 18:00:53 [INFO] 引擎加载成功: scrap_steel.engine
2026-06-04 18:00:53 [INFO] 分割系统初始化成功
2026-06-04 18:00:53 [INFO] 图像预处理完成，原始尺寸: (2160, 3840)
2026-06-04 18:00:53 [INFO] 开始执行分割...
2026-06-04 18:00:53 [DEBUG] 处理后的检测结果形状: (1, 8400, 6)
2026-06-04 18:00:53 [DEBUG] 示例检测结果: [[-4.09597778e+00 -3.25261497e+00  3.94175301e+01  1.54013119e+01
   4.34148184e-08  5.00000000e+00]
 [-6.49490356e+00 -2.99297714e+00  4.45938797e+01  2.97191353e+01
   1.06251861e-08  9.00000000e+00]
 [-3.56659317e+00 -3.45885944e+00  4.59016457e+01  3.03436546e+01
   4.85878626e-09  9.00000000e+00]]
2026-06-04 18:00:53 [DEBUG] 处理后检测输出形状: (0, 52)
2026-06-04 18:00:53 [DEBUG] 有效检测数量: 0
2026-06-04 18:00:53 [DEBUG] 检测输出为空
2026-06-04 18:00:53 [INFO] 掩码中检测到的类别: [0, 1, 2, 3, 4, 5, 6, 7, 8, 9, 10, 11, 12, 13, 14, 15]
2026-06-04 18:00:53 [INFO] 分割完成，检测到 0 个物体
2026-06-04 18:00:53 [INFO] 从分割掩码中提取检测结果
2026-06-04 18:00:53 [INFO] 从掩码中提取了 520 个检测框
2026-06-04 18:00:53 [INFO] 计算出的车框矩形边界: (1026, 621) to (3172, 1517)
2026-06-04 18:00:53 [INFO] 原始检测数: 520, 过滤后检测数: 219
2026-06-04 18:00:54 [INFO] 保存分割和检测结果到: C:\code\show\Scrap_Steel_In_Field\photos\segmentation\segment_20260604_180053.jpg
2026-06-04 18:00:54 [INFO] JSON结果保存到: C:\code\show\Scrap_Steel_In_Field\photos\segmentation_result.json
2026-06-04 18:00:54 [INFO] 类别统计：{0: 41, 1: 60, 2: 24, 3: 5, 4: 29, 5: 38, 6: 21, 7: 31, 8: 48, 9: 54, 10: 24, 11: 19, 12: 19, 13: 82, 14: 0, 15: 25}
2026-06-04 18:00:54 [INFO] 面积统计：{0: 3508020.0, 1: 873900.0, 2: 61776.0, 3: 143820.0, 4: 159336.0, 5: 66960.0, 6: 451620.0, 7: 37836.0, 8: 994572.0, 9: 186912.0, 10: 189216.0, 11: 354852.0, 12: 67500.0, 13: 746244.0, 14: 36.0, 15: 119772.0}
2026-06-04 18:00:54 [INFO] 分割成功
2026-06-04 18:00:54 [INFO] 引擎上下文已释放
2026-06-04 18:00:54 [INFO] TensorRT 引擎已释放
2026-06-04 18:00:54 [INFO] 全局 CUDA 资源已释放
2026-06-04 18:00:54 [INFO] 分割系统资源已释放
2026-06-04 18:00:57 [INFO] CUDA 初始化成功
2026-06-04 18:00:57 [INFO] 引擎加载成功: scrap_steel.engine
2026-06-04 18:00:57 [INFO] 分割系统初始化成功
2026-06-04 18:00:57 [INFO] 图像预处理完成，原始尺寸: (2160, 3840)
2026-06-04 18:00:57 [INFO] 开始执行分割...
2026-06-04 18:00:57 [DEBUG] 处理后的检测结果形状: (1, 8400, 6)
2026-06-04 18:00:57 [DEBUG] 示例检测结果: [[-4.13062286e+00 -3.25177526e+00  3.93587418e+01  1.53783932e+01
   4.34148184e-08  5.00000000e+00]
 [-6.52637482e+00 -3.01669312e+00  4.45549927e+01  2.97658730e+01
   1.04663798e-08  9.00000000e+00]
 [-3.55559158e+00 -3.51259995e+00  4.59022141e+01  3.04606171e+01
   4.80619544e-09  9.00000000e+00]]
2026-06-04 18:00:57 [DEBUG] 处理后检测输出形状: (0, 52)
2026-06-04 18:00:57 [DEBUG] 有效检测数量: 0
2026-06-04 18:00:57 [DEBUG] 检测输出为空
2026-06-04 18:00:57 [INFO] 掩码中检测到的类别: [0, 1, 2, 3, 4, 5, 6, 7, 8, 9, 10, 11, 12, 13, 14, 15]
2026-06-04 18:00:57 [INFO] 分割完成，检测到 0 个物体
2026-06-04 18:00:57 [INFO] 从分割掩码中提取检测结果
2026-06-04 18:00:58 [INFO] 从掩码中提取了 513 个检测框
2026-06-04 18:00:58 [INFO] 计算出的车框矩形边界: (1024, 621) to (3172, 1518)
2026-06-04 18:00:58 [INFO] 原始检测数: 513, 过滤后检测数: 219
2026-06-04 18:00:58 [INFO] 保存分割和检测结果到: C:\code\show\Scrap_Steel_In_Field\photos\segmentation\segment_20260604_180058.jpg
2026-06-04 18:00:58 [INFO] JSON结果保存到: C:\code\show\Scrap_Steel_In_Field\photos\segmentation_result.json
2026-06-04 18:00:58 [INFO] 类别统计：{0: 31, 1: 50, 2: 26, 3: 8, 4: 29, 5: 37, 6: 26, 7: 26, 8: 52, 9: 63, 10: 28, 11: 22, 12: 20, 13: 71, 14: 0, 15: 24}
2026-06-04 18:00:58 [INFO] 面积统计：{0: 3488112.0, 1: 876744.0, 2: 61380.0, 3: 145188.0, 4: 157788.0, 5: 61452.0, 6: 463320.0, 7: 33012.0, 8: 978048.0, 9: 178956.0, 10: 183456.0, 11: 367668.0, 12: 63540.0, 13: 730728.0, 14: 36.0, 15: 139680.0}
2026-06-04 18:00:58 [INFO] 分割成功
2026-06-04 18:00:58 [INFO] 引擎上下文已释放
2026-06-04 18:00:58 [INFO] TensorRT 引擎已释放
2026-06-04 18:00:58 [INFO] 全局 CUDA 资源已释放
2026-06-04 18:00:58 [INFO] 分割系统资源已释放
2026-06-04 18:01:02 [INFO] CUDA 初始化成功
2026-06-04 18:01:02 [INFO] 引擎加载成功: scrap_steel.engine
2026-06-04 18:01:02 [INFO] 分割系统初始化成功
2026-06-04 18:01:02 [INFO] 图像预处理完成，原始尺寸: (2160, 3840)
2026-06-04 18:01:02 [INFO] 开始执行分割...
2026-06-04 18:01:02 [DEBUG] 处理后的检测结果形状: (1, 8400, 6)
2026-06-04 18:01:02 [DEBUG] 示例检测结果: [[-4.14247894e+00 -3.28853798e+00  3.94125900e+01  1.54984760e+01
   4.51597018e-08  5.00000000e+00]
 [-6.51949310e+00 -3.05145454e+00  4.45844688e+01  2.98916836e+01
   1.06774358e-08  9.00000000e+00]
 [-3.57245636e+00 -3.50963116e+00  4.59009438e+01  3.04832611e+01
   4.79171547e-09  9.00000000e+00]]
2026-06-04 18:01:02 [DEBUG] 处理后检测输出形状: (0, 52)
2026-06-04 18:01:02 [DEBUG] 有效检测数量: 0
2026-06-04 18:01:02 [DEBUG] 检测输出为空
2026-06-04 18:01:02 [INFO] 掩码中检测到的类别: [0, 1, 2, 3, 4, 5, 6, 7, 8, 9, 10, 11, 12, 13, 15]
2026-06-04 18:01:02 [INFO] 分割完成，检测到 0 个物体
2026-06-04 18:01:02 [INFO] 从分割掩码中提取检测结果
2026-06-04 18:01:03 [INFO] 从掩码中提取了 512 个检测框
2026-06-04 18:01:03 [INFO] 计算出的车框矩形边界: (1026, 622) to (3172, 1518)
2026-06-04 18:01:03 [INFO] 原始检测数: 512, 过滤后检测数: 220
2026-06-04 18:01:03 [INFO] 保存分割和检测结果到: C:\code\show\Scrap_Steel_In_Field\photos\segmentation\segment_20260604_180103.jpg
2026-06-04 18:01:03 [INFO] JSON结果保存到: C:\code\show\Scrap_Steel_In_Field\photos\segmentation_result.json
2026-06-04 18:01:03 [INFO] 类别统计：{0: 32, 1: 54, 2: 26, 3: 7, 4: 27, 5: 34, 6: 23, 7: 28, 8: 55, 9: 56, 10: 24, 11: 18, 12: 21, 13: 83, 14: 0, 15: 24}
2026-06-04 18:01:03 [INFO] 面积统计：{0: 3403152.0, 1: 863712.0, 2: 56484.0, 3: 149760.0, 4: 164304.0, 5: 56952.0, 6: 439056.0, 7: 35532.0, 8: 947160.0, 9: 165996.0, 10: 176652.0, 11: 357516.0, 12: 84564.0, 13: 769104.0, 15: 167328.0}
2026-06-04 18:01:03 [INFO] 分割成功
2026-06-04 18:01:03 [INFO] 引擎上下文已释放
2026-06-04 18:01:03 [INFO] TensorRT 引擎已释放
2026-06-04 18:01:03 [INFO] 全局 CUDA 资源已释放
2026-06-04 18:01:03 [INFO] 分割系统资源已释放
2026-06-04 18:01:08 [INFO] CUDA 初始化成功
2026-06-04 18:01:08 [INFO] 引擎加载成功: scrap_steel.engine
2026-06-04 18:01:08 [INFO] 分割系统初始化成功
2026-06-04 18:01:08 [INFO] 图像预处理完成，原始尺寸: (2160, 3840)
2026-06-04 18:01:08 [INFO] 开始执行分割...
2026-06-04 18:01:08 [DEBUG] 处理后的检测结果形状: (1, 8400, 6)
2026-06-04 18:01:08 [DEBUG] 示例检测结果: [[-4.15068817e+00 -3.31209373e+00  3.94156647e+01  1.56684723e+01
   4.49774120e-08  5.00000000e+00]
 [-6.55870056e+00 -3.06420517e+00  4.45027657e+01  2.98729057e+01
   1.04126485e-08  9.00000000e+00]
 [-3.58077240e+00 -3.55068398e+00  4.58907013e+01  3.04445019e+01
   4.77718309e-09  9.00000000e+00]]
2026-06-04 18:01:08 [DEBUG] 处理后检测输出形状: (0, 52)
2026-06-04 18:01:08 [DEBUG] 有效检测数量: 0
2026-06-04 18:01:08 [DEBUG] 检测输出为空
2026-06-04 18:01:08 [INFO] 掩码中检测到的类别: [0, 1, 2, 3, 4, 5, 6, 7, 8, 9, 10, 11, 12, 13, 14, 15]
2026-06-04 18:01:08 [INFO] 分割完成，检测到 0 个物体
2026-06-04 18:01:08 [INFO] 从分割掩码中提取检测结果
2026-06-04 18:01:08 [INFO] 从掩码中提取了 525 个检测框
2026-06-04 18:01:08 [INFO] 计算出的车框矩形边界: (1025, 619) to (3172, 1518)
2026-06-04 18:01:08 [INFO] 原始检测数: 525, 过滤后检测数: 221
2026-06-04 18:01:09 [INFO] 保存分割和检测结果到: C:\code\show\Scrap_Steel_In_Field\photos\segmentation\segment_20260604_180108.jpg
2026-06-04 18:01:09 [INFO] JSON结果保存到: C:\code\show\Scrap_Steel_In_Field\photos\segmentation_result.json
2026-06-04 18:01:09 [INFO] 类别统计：{0: 33, 1: 49, 2: 26, 3: 8, 4: 30, 5: 29, 6: 25, 7: 30, 8: 61, 9: 60, 10: 27, 11: 23, 12: 21, 13: 80, 14: 0, 15: 23}
2026-06-04 18:01:09 [INFO] 面积统计：{0: 3524796.0, 1: 856512.0, 2: 65448.0, 3: 148464.0, 4: 148716.0, 5: 64368.0, 6: 453276.0, 7: 33840.0, 8: 991944.0, 9: 168228.0, 10: 172548.0, 11: 362052.0, 12: 68832.0, 13: 847764.0, 14: 36.0, 15: 144936.0}
2026-06-04 18:01:09 [INFO] 分割成功
2026-06-04 18:01:09 [INFO] 引擎上下文已释放
2026-06-04 18:01:09 [INFO] TensorRT 引擎已释放
2026-06-04 18:01:09 [INFO] 全局 CUDA 资源已释放
2026-06-04 18:01:09 [INFO] 分割系统资源已释放
2026-06-04 18:01:13 [INFO] CUDA 初始化成功
2026-06-04 18:01:13 [INFO] 引擎加载成功: scrap_steel.engine
2026-06-04 18:01:13 [INFO] 分割系统初始化成功
2026-06-04 18:01:13 [INFO] 图像预处理完成，原始尺寸: (2160, 3840)
2026-06-04 18:01:13 [INFO] 开始执行分割...
2026-06-04 18:01:13 [DEBUG] 处理后的检测结果形状: (1, 8400, 6)
2026-06-04 18:01:13 [DEBUG] 示例检测结果: [[-4.15167618e+00 -3.29094028e+00  3.93260460e+01  1.55563784e+01
   4.37479777e-08  5.00000000e+00]
 [-6.55438614e+00 -3.05559540e+00  4.44468689e+01  2.97397575e+01
   1.03443014e-08  9.00000000e+00]
 [-3.58226395e+00 -3.55541039e+00  4.58560143e+01  3.03339443e+01
   4.69481787e-09  9.00000000e+00]]
2026-06-04 18:01:13 [DEBUG] 处理后检测输出形状: (0, 52)
2026-06-04 18:01:13 [DEBUG] 有效检测数量: 0
2026-06-04 18:01:13 [DEBUG] 检测输出为空
2026-06-04 18:01:13 [INFO] 掩码中检测到的类别: [0, 1, 2, 3, 4, 5, 6, 7, 8, 9, 10, 11, 12, 13, 14, 15]
2026-06-04 18:01:13 [INFO] 分割完成，检测到 0 个物体
2026-06-04 18:01:13 [INFO] 从分割掩码中提取检测结果
2026-06-04 18:01:13 [INFO] 从掩码中提取了 528 个检测框
2026-06-04 18:01:13 [INFO] 计算出的车框矩形边界: (1026, 622) to (3172, 1518)
2026-06-04 18:01:13 [INFO] 原始检测数: 528, 过滤后检测数: 228
2026-06-04 18:01:14 [INFO] 保存分割和检测结果到: C:\code\show\Scrap_Steel_In_Field\photos\segmentation\segment_20260604_180113.jpg
2026-06-04 18:01:14 [INFO] JSON结果保存到: C:\code\show\Scrap_Steel_In_Field\photos\segmentation_result.json
2026-06-04 18:01:14 [INFO] 类别统计：{0: 29, 1: 60, 2: 25, 3: 7, 4: 29, 5: 30, 6: 25, 7: 30, 8: 55, 9: 63, 10: 28, 11: 20, 12: 21, 13: 82, 14: 0, 15: 24}
2026-06-04 18:01:14 [INFO] 面积统计：{0: 3566052.0, 1: 835524.0, 2: 62748.0, 3: 147384.0, 4: 165600.0, 5: 57384.0, 6: 481284.0, 7: 33300.0, 8: 1009584.0, 9: 183060.0, 10: 185688.0, 11: 355644.0, 12: 68580.0, 13: 724032.0, 14: 36.0, 15: 157536.0}
2026-06-04 18:01:14 [INFO] 分割成功
2026-06-04 18:01:14 [INFO] 引擎上下文已释放
2026-06-04 18:01:14 [INFO] TensorRT 引擎已释放
2026-06-04 18:01:14 [INFO] 全局 CUDA 资源已释放
2026-06-04 18:01:14 [INFO] 分割系统资源已释放
2026-06-04 18:01:18 [INFO] CUDA 初始化成功
2026-06-04 18:01:18 [INFO] 引擎加载成功: scrap_steel.engine
2026-06-04 18:01:18 [INFO] 分割系统初始化成功
2026-06-04 18:01:18 [INFO] 图像预处理完成，原始尺寸: (2160, 3840)
2026-06-04 18:01:18 [INFO] 开始执行分割...
2026-06-04 18:01:18 [DEBUG] 处理后的检测结果形状: (1, 8400, 6)
2026-06-04 18:01:18 [DEBUG] 示例检测结果: [[-4.12779236e+00 -3.27733803e+00  3.94497833e+01  1.55408039e+01
   4.30608367e-08  5.00000000e+00]
 [-6.50162888e+00 -3.02746487e+00  4.46038055e+01  2.98891907e+01
   1.03905364e-08  9.00000000e+00]
 [-3.54219437e+00 -3.48662472e+00  4.59491119e+01  3.04832993e+01
   4.80619544e-09  9.00000000e+00]]
2026-06-04 18:01:18 [DEBUG] 处理后检测输出形状: (0, 52)
2026-06-04 18:01:18 [DEBUG] 有效检测数量: 0
2026-06-04 18:01:18 [DEBUG] 检测输出为空
2026-06-04 18:01:18 [INFO] 掩码中检测到的类别: [0, 1, 2, 3, 4, 5, 6, 7, 8, 9, 10, 11, 12, 13, 14, 15]
2026-06-04 18:01:18 [INFO] 分割完成，检测到 0 个物体
2026-06-04 18:01:18 [INFO] 从分割掩码中提取检测结果
2026-06-04 18:01:18 [INFO] 从掩码中提取了 532 个检测框
2026-06-04 18:01:18 [INFO] 计算出的车框矩形边界: (1026, 621) to (3173, 1518)
2026-06-04 18:01:18 [INFO] 原始检测数: 532, 过滤后检测数: 223
2026-06-04 18:01:19 [INFO] 保存分割和检测结果到: C:\code\show\Scrap_Steel_In_Field\photos\segmentation\segment_20260604_180118.jpg
2026-06-04 18:01:19 [INFO] JSON结果保存到: C:\code\show\Scrap_Steel_In_Field\photos\segmentation_result.json
2026-06-04 18:01:19 [INFO] 类别统计：{0: 37, 1: 60, 2: 29, 3: 4, 4: 32, 5: 34, 6: 22, 7: 29, 8: 58, 9: 54, 10: 24, 11: 17, 12: 21, 13: 86, 14: 0, 15: 25}
2026-06-04 18:01:19 [INFO] 面积统计：{0: 3476844.0, 1: 824220.0, 2: 56772.0, 3: 151776.0, 4: 161424.0, 5: 64044.0, 6: 454716.0, 7: 35856.0, 8: 964944.0, 9: 154080.0, 10: 170496.0, 11: 357552.0, 12: 72036.0, 13: 813852.0, 14: 36.0, 15: 172404.0}
2026-06-04 18:01:19 [INFO] 分割成功
2026-06-04 18:01:19 [INFO] 引擎上下文已释放
2026-06-04 18:01:19 [INFO] TensorRT 引擎已释放
2026-06-04 18:01:19 [INFO] 全局 CUDA 资源已释放
2026-06-04 18:01:19 [INFO] 分割系统资源已释放
2026-06-04 18:01:23 [INFO] CUDA 初始化成功
2026-06-04 18:01:23 [INFO] 引擎加载成功: scrap_steel.engine
2026-06-04 18:01:23 [INFO] 分割系统初始化成功
2026-06-04 18:01:23 [INFO] 图像预处理完成，原始尺寸: (2160, 3840)
2026-06-04 18:01:23 [INFO] 开始执行分割...
2026-06-04 18:01:23 [DEBUG] 处理后的检测结果形状: (1, 8400, 6)
2026-06-04 18:01:23 [DEBUG] 示例检测结果: [[-4.12928391e+00 -3.29758072e+00  3.94770393e+01  1.56550674e+01
   4.44559412e-08  5.00000000e+00]
 [-6.50806808e+00 -3.04036999e+00  4.46001778e+01  2.99193382e+01
   1.05281011e-08  9.00000000e+00]
 [-3.55334854e+00 -3.49812984e+00  4.58790970e+01  3.04198990e+01
   4.77718309e-09  9.00000000e+00]]
2026-06-04 18:01:23 [DEBUG] 处理后检测输出形状: (0, 52)
2026-06-04 18:01:23 [DEBUG] 有效检测数量: 0
2026-06-04 18:01:23 [DEBUG] 检测输出为空
2026-06-04 18:01:23 [INFO] 掩码中检测到的类别: [0, 1, 2, 3, 4, 5, 6, 7, 8, 9, 10, 11, 12, 13, 14, 15]
2026-06-04 18:01:23 [INFO] 分割完成，检测到 0 个物体
2026-06-04 18:01:23 [INFO] 从分割掩码中提取检测结果
2026-06-04 18:01:23 [INFO] 从掩码中提取了 532 个检测框
2026-06-04 18:01:24 [INFO] 计算出的车框矩形边界: (1026, 620) to (3173, 1518)
2026-06-04 18:01:24 [INFO] 原始检测数: 532, 过滤后检测数: 219
2026-06-04 18:01:24 [INFO] 保存分割和检测结果到: C:\code\show\Scrap_Steel_In_Field\photos\segmentation\segment_20260604_180123.jpg
2026-06-04 18:01:24 [INFO] JSON结果保存到: C:\code\show\Scrap_Steel_In_Field\photos\segmentation_result.json
2026-06-04 18:01:24 [INFO] 类别统计：{0: 37, 1: 65, 2: 25, 3: 5, 4: 25, 5: 32, 6: 21, 7: 31, 8: 59, 9: 61, 10: 26, 11: 20, 12: 21, 13: 86, 14: 0, 15: 18}
2026-06-04 18:01:24 [INFO] 面积统计：{0: 3642336.0, 1: 891648.0, 2: 61848.0, 3: 147204.0, 4: 152892.0, 5: 60948.0, 6: 439308.0, 7: 31896.0, 8: 955332.0, 9: 174672.0, 10: 174600.0, 11: 358092.0, 12: 68220.0, 13: 801360.0, 14: 36.0, 15: 173088.0}
2026-06-04 18:01:24 [INFO] 分割成功
2026-06-04 18:01:24 [INFO] 引擎上下文已释放
2026-06-04 18:01:24 [INFO] TensorRT 引擎已释放
2026-06-04 18:01:24 [INFO] 全局 CUDA 资源已释放
2026-06-04 18:01:24 [INFO] 分割系统资源已释放
2026-06-04 18:01:28 [INFO] CUDA 初始化成功
2026-06-04 18:01:28 [INFO] 引擎加载成功: scrap_steel.engine
2026-06-04 18:01:28 [INFO] 分割系统初始化成功
2026-06-04 18:01:28 [INFO] 图像预处理完成，原始尺寸: (2160, 3840)
2026-06-04 18:01:28 [INFO] 开始执行分割...
2026-06-04 18:01:28 [DEBUG] 处理后的检测结果形状: (1, 8400, 6)
2026-06-04 18:01:28 [DEBUG] 示例检测结果: [[-4.13373947e+00 -3.28532124e+00  3.93433800e+01  1.55260439e+01
   4.49857680e-08  5.00000000e+00]
 [-6.53316879e+00 -3.04985046e+00  4.45826530e+01  2.99112053e+01
   1.06027684e-08  9.00000000e+00]
 [-3.60605240e+00 -3.55068398e+00  4.59470978e+01  3.04935436e+01
   4.79171547e-09  9.00000000e+00]]
2026-06-04 18:01:28 [DEBUG] 处理后检测输出形状: (0, 52)
2026-06-04 18:01:28 [DEBUG] 有效检测数量: 0
2026-06-04 18:01:28 [DEBUG] 检测输出为空
2026-06-04 18:01:28 [INFO] 掩码中检测到的类别: [0, 1, 2, 3, 4, 5, 6, 7, 8, 9, 10, 11, 12, 13, 14, 15]
2026-06-04 18:01:28 [INFO] 分割完成，检测到 0 个物体
2026-06-04 18:01:28 [INFO] 从分割掩码中提取检测结果
2026-06-04 18:01:29 [INFO] 从掩码中提取了 548 个检测框
2026-06-04 18:01:29 [INFO] 计算出的车框矩形边界: (1025, 621) to (3173, 1518)
2026-06-04 18:01:29 [INFO] 原始检测数: 548, 过滤后检测数: 221
2026-06-04 18:01:29 [INFO] 保存分割和检测结果到: C:\code\show\Scrap_Steel_In_Field\photos\segmentation\segment_20260604_180129.jpg
2026-06-04 18:01:29 [INFO] JSON结果保存到: C:\code\show\Scrap_Steel_In_Field\photos\segmentation_result.json
2026-06-04 18:01:29 [INFO] 类别统计：{0: 43, 1: 59, 2: 25, 3: 7, 4: 27, 5: 37, 6: 19, 7: 31, 8: 55, 9: 63, 10: 29, 11: 17, 12: 22, 13: 92, 14: 0, 15: 22}
2026-06-04 18:01:29 [INFO] 面积统计：{0: 3557052.0, 1: 880200.0, 2: 59544.0, 3: 144648.0, 4: 140364.0, 5: 65088.0, 6: 447084.0, 7: 37908.0, 8: 988560.0, 9: 187956.0, 10: 167292.0, 11: 362880.0, 12: 69840.0, 13: 804672.0, 14: 36.0, 15: 164088.0}
2026-06-04 18:01:29 [INFO] 分割成功
2026-06-04 18:01:29 [INFO] 引擎上下文已释放
2026-06-04 18:01:29 [INFO] TensorRT 引擎已释放
2026-06-04 18:01:29 [INFO] 全局 CUDA 资源已释放
2026-06-04 18:01:29 [INFO] 分割系统资源已释放
2026-06-04 18:01:33 [INFO] CUDA 初始化成功
2026-06-04 18:01:33 [INFO] 引擎加载成功: scrap_steel.engine
2026-06-04 18:01:33 [INFO] 分割系统初始化成功
2026-06-04 18:01:33 [INFO] 图像预处理完成，原始尺寸: (2160, 3840)
2026-06-04 18:01:33 [INFO] 开始执行分割...
2026-06-04 18:01:33 [DEBUG] 处理后的检测结果形状: (1, 8400, 6)
2026-06-04 18:01:33 [DEBUG] 示例检测结果: [[-4.12903595e+00 -3.27897596e+00  3.94846878e+01  1.54895477e+01
   4.41127170e-08  5.00000000e+00]
 [-6.50928879e+00 -3.01926041e+00  4.45795174e+01  2.98222237e+01
   1.05281011e-08  9.00000000e+00]
 [-3.55530548e+00 -3.49802876e+00  4.59250412e+01  3.04722557e+01
   4.84825335e-09  9.00000000e+00]]
2026-06-04 18:01:33 [DEBUG] 处理后检测输出形状: (0, 52)
2026-06-04 18:01:33 [DEBUG] 有效检测数量: 0
2026-06-04 18:01:33 [DEBUG] 检测输出为空
2026-06-04 18:01:33 [INFO] 掩码中检测到的类别: [0, 1, 2, 3, 4, 5, 6, 7, 8, 9, 10, 11, 12, 13, 14, 15]
2026-06-04 18:01:33 [INFO] 分割完成，检测到 0 个物体
2026-06-04 18:01:33 [INFO] 从分割掩码中提取检测结果
2026-06-04 18:01:34 [INFO] 从掩码中提取了 536 个检测框
2026-06-04 18:01:34 [INFO] 计算出的车框矩形边界: (1025, 621) to (3172, 1518)
2026-06-04 18:01:34 [INFO] 原始检测数: 536, 过滤后检测数: 229
2026-06-04 18:01:34 [INFO] 保存分割和检测结果到: C:\code\show\Scrap_Steel_In_Field\photos\segmentation\segment_20260604_180134.jpg
2026-06-04 18:01:34 [INFO] JSON结果保存到: C:\code\show\Scrap_Steel_In_Field\photos\segmentation_result.json
2026-06-04 18:01:34 [INFO] 类别统计：{0: 34, 1: 49, 2: 25, 3: 6, 4: 31, 5: 35, 6: 24, 7: 28, 8: 62, 9: 60, 10: 32, 11: 19, 12: 26, 13: 81, 14: 0, 15: 24}
2026-06-04 18:01:34 [INFO] 面积统计：{0: 3392820.0, 1: 814104.0, 2: 60408.0, 3: 146700.0, 4: 149076.0, 5: 62568.0, 6: 447444.0, 7: 34920.0, 8: 964260.0, 9: 173556.0, 10: 175356.0, 11: 365832.0, 12: 78804.0, 13: 778572.0, 14: 36.0, 15: 184392.0}
2026-06-04 18:01:34 [INFO] 分割成功
2026-06-04 18:01:34 [INFO] 引擎上下文已释放
2026-06-04 18:01:34 [INFO] TensorRT 引擎已释放
2026-06-04 18:01:34 [INFO] 全局 CUDA 资源已释放
2026-06-04 18:01:34 [INFO] 分割系统资源已释放
2026-06-04 18:01:38 [INFO] CUDA 初始化成功
2026-06-04 18:01:38 [INFO] 引擎加载成功: scrap_steel.engine
2026-06-04 18:01:38 [INFO] 分割系统初始化成功
2026-06-04 18:01:38 [INFO] 图像预处理完成，原始尺寸: (2160, 3840)
2026-06-04 18:01:38 [INFO] 开始执行分割...
2026-06-04 18:01:39 [DEBUG] 处理后的检测结果形状: (1, 8400, 6)
2026-06-04 18:01:39 [DEBUG] 示例检测结果: [[-4.12746048e+00 -3.28866005e+00  3.94999580e+01  1.55439034e+01
   4.55374334e-08  5.00000000e+00]
 [-6.48984528e+00 -3.04060745e+00  4.46325798e+01  2.99276619e+01
   1.04295133e-08  9.00000000e+00]
 [-3.55522537e+00 -3.52161217e+00  4.59444389e+01  3.05610180e+01
   4.86860952e-09  9.00000000e+00]]
2026-06-04 18:01:39 [DEBUG] 处理后检测输出形状: (0, 52)
2026-06-04 18:01:39 [DEBUG] 有效检测数量: 0
2026-06-04 18:01:39 [DEBUG] 检测输出为空
2026-06-04 18:01:39 [INFO] 掩码中检测到的类别: [0, 1, 2, 3, 4, 5, 6, 7, 8, 9, 10, 11, 12, 13, 14, 15]
2026-06-04 18:01:39 [INFO] 分割完成，检测到 0 个物体
2026-06-04 18:01:39 [INFO] 从分割掩码中提取检测结果
2026-06-04 18:01:39 [INFO] 从掩码中提取了 517 个检测框
2026-06-04 18:01:39 [INFO] 计算出的车框矩形边界: (1026, 620) to (3174, 1518)
2026-06-04 18:01:39 [INFO] 原始检测数: 517, 过滤后检测数: 214
2026-06-04 18:01:39 [INFO] 保存分割和检测结果到: C:\code\show\Scrap_Steel_In_Field\photos\segmentation\segment_20260604_180139.jpg
2026-06-04 18:01:39 [INFO] JSON结果保存到: C:\code\show\Scrap_Steel_In_Field\photos\segmentation_result.json
2026-06-04 18:01:39 [INFO] 类别统计：{0: 32, 1: 60, 2: 25, 3: 5, 4: 32, 5: 35, 6: 19, 7: 26, 8: 52, 9: 61, 10: 29, 11: 19, 12: 20, 13: 80, 14: 0, 15: 22}
2026-06-04 18:01:39 [INFO] 面积统计：{0: 3431664.0, 1: 836568.0, 2: 61704.0, 3: 144324.0, 4: 143640.0, 5: 60804.0, 6: 424188.0, 7: 33264.0, 8: 948960.0, 9: 171360.0, 10: 171828.0, 11: 359352.0, 12: 78696.0, 13: 790776.0, 14: 36.0, 15: 190980.0}
2026-06-04 18:01:39 [INFO] 分割成功
2026-06-04 18:01:39 [INFO] 引擎上下文已释放
2026-06-04 18:01:39 [INFO] TensorRT 引擎已释放
2026-06-04 18:01:40 [INFO] 全局 CUDA 资源已释放
2026-06-04 18:01:40 [INFO] 分割系统资源已释放
2026-06-04 18:01:43 [INFO] CUDA 初始化成功
2026-06-04 18:01:44 [INFO] 引擎加载成功: scrap_steel.engine
2026-06-04 18:01:44 [INFO] 分割系统初始化成功
2026-06-04 18:01:44 [INFO] 图像预处理完成，原始尺寸: (2160, 3840)
2026-06-04 18:01:44 [INFO] 开始执行分割...
2026-06-04 18:01:44 [DEBUG] 处理后的检测结果形状: (1, 8400, 6)
2026-06-04 18:01:44 [DEBUG] 示例检测结果: [[-4.12719727e+00 -3.28530884e+00  3.94713173e+01  1.55453854e+01
   4.51847271e-08  5.00000000e+00]
 [-6.53759766e+00 -3.03886890e+00  4.46064224e+01  3.00062675e+01
   1.05529665e-08  9.00000000e+00]
 [-3.56058502e+00 -3.49510956e+00  4.59306564e+01  3.05702972e+01
   4.89249441e-09  9.00000000e+00]]
2026-06-04 18:01:44 [DEBUG] 处理后检测输出形状: (0, 52)
2026-06-04 18:01:44 [DEBUG] 有效检测数量: 0
2026-06-04 18:01:44 [DEBUG] 检测输出为空
2026-06-04 18:01:44 [INFO] 掩码中检测到的类别: [0, 1, 2, 3, 4, 5, 6, 7, 8, 9, 10, 11, 12, 13, 15]
2026-06-04 18:01:44 [INFO] 分割完成，检测到 0 个物体
2026-06-04 18:01:44 [INFO] 从分割掩码中提取检测结果
2026-06-04 18:01:44 [INFO] 从掩码中提取了 526 个检测框
2026-06-04 18:01:44 [INFO] 计算出的车框矩形边界: (1026, 620) to (3174, 1518)
2026-06-04 18:01:44 [INFO] 原始检测数: 526, 过滤后检测数: 218
2026-06-04 18:01:45 [INFO] 保存分割和检测结果到: C:\code\show\Scrap_Steel_In_Field\photos\segmentation\segment_20260604_180144.jpg
2026-06-04 18:01:45 [INFO] JSON结果保存到: C:\code\show\Scrap_Steel_In_Field\photos\segmentation_result.json
2026-06-04 18:01:45 [INFO] 类别统计：{0: 40, 1: 52, 2: 26, 3: 5, 4: 27, 5: 32, 6: 25, 7: 21, 8: 50, 9: 59, 10: 30, 11: 18, 12: 23, 13: 98, 14: 0, 15: 20}
2026-06-04 18:01:45 [INFO] 面积统计：{0: 3487392.0, 1: 857376.0, 2: 61596.0, 3: 151884.0, 4: 151776.0, 5: 61488.0, 6: 436104.0, 7: 28908.0, 8: 943380.0, 9: 158112.0, 10: 173808.0, 11: 358704.0, 12: 74916.0, 13: 815328.0, 15: 182340.0}
2026-06-04 18:01:45 [INFO] 分割成功
2026-06-04 18:01:45 [INFO] 引擎上下文已释放
2026-06-04 18:01:45 [INFO] TensorRT 引擎已释放
2026-06-04 18:01:45 [INFO] 全局 CUDA 资源已释放
2026-06-04 18:01:45 [INFO] 分割系统资源已释放
2026-06-04 18:01:49 [INFO] CUDA 初始化成功
2026-06-04 18:01:49 [INFO] 引擎加载成功: scrap_steel.engine
2026-06-04 18:01:49 [INFO] 分割系统初始化成功
2026-06-04 18:01:49 [INFO] 图像预处理完成，原始尺寸: (2160, 3840)
2026-06-04 18:01:49 [INFO] 开始执行分割...
2026-06-04 18:01:49 [DEBUG] 处理后的检测结果形状: (1, 8400, 6)
2026-06-04 18:01:49 [DEBUG] 示例检测结果: [[-4.12895203e+00 -3.29899406e+00  3.94327774e+01  1.56393909e+01
   4.44559412e-08  5.00000000e+00]
 [-6.50990677e+00 -3.05187607e+00  4.44979973e+01  2.99802475e+01
   1.04126485e-08  9.00000000e+00]
 [-3.53115463e+00 -3.50945187e+00  4.58672295e+01  3.05109825e+01
   4.79650097e-09  9.00000000e+00]]
2026-06-04 18:01:49 [DEBUG] 处理后检测输出形状: (0, 52)
2026-06-04 18:01:49 [DEBUG] 有效检测数量: 0
2026-06-04 18:01:49 [DEBUG] 检测输出为空
2026-06-04 18:01:49 [INFO] 掩码中检测到的类别: [0, 1, 2, 3, 4, 5, 6, 7, 8, 9, 10, 11, 12, 13, 14, 15]
2026-06-04 18:01:49 [INFO] 分割完成，检测到 0 个物体
2026-06-04 18:01:49 [INFO] 从分割掩码中提取检测结果
2026-06-04 18:01:49 [INFO] 从掩码中提取了 526 个检测框
2026-06-04 18:01:49 [INFO] 计算出的车框矩形边界: (1026, 621) to (3172, 1518)
2026-06-04 18:01:49 [INFO] 原始检测数: 526, 过滤后检测数: 224
2026-06-04 18:01:50 [INFO] 保存分割和检测结果到: C:\code\show\Scrap_Steel_In_Field\photos\segmentation\segment_20260604_180149.jpg
2026-06-04 18:01:50 [INFO] JSON结果保存到: C:\code\show\Scrap_Steel_In_Field\photos\segmentation_result.json
2026-06-04 18:01:50 [INFO] 类别统计：{0: 35, 1: 51, 2: 26, 3: 6, 4: 30, 5: 37, 6: 26, 7: 28, 8: 57, 9: 49, 10: 29, 11: 22, 12: 21, 13: 88, 14: 0, 15: 21}
2026-06-04 18:01:50 [INFO] 面积统计：{0: 3448620.0, 1: 813816.0, 2: 55044.0, 3: 151416.0, 4: 140508.0, 5: 64620.0, 6: 432612.0, 7: 35712.0, 8: 954396.0, 9: 157392.0, 10: 170964.0, 11: 369036.0, 12: 80676.0, 13: 768672.0, 14: 36.0, 15: 181908.0}
2026-06-04 18:01:50 [INFO] 分割成功
2026-06-04 18:01:50 [INFO] 引擎上下文已释放
2026-06-04 18:01:50 [INFO] TensorRT 引擎已释放
2026-06-04 18:01:50 [INFO] 全局 CUDA 资源已释放
2026-06-04 18:01:50 [INFO] 分割系统资源已释放
2026-06-04 18:01:54 [INFO] CUDA 初始化成功
2026-06-04 18:01:54 [INFO] 引擎加载成功: scrap_steel.engine
2026-06-04 18:01:54 [INFO] 分割系统初始化成功
2026-06-04 18:01:54 [INFO] 图像预处理完成，原始尺寸: (2160, 3840)
2026-06-04 18:01:54 [INFO] 开始执行分割...
2026-06-04 18:01:54 [DEBUG] 处理后的检测结果形状: (1, 8400, 6)
2026-06-04 18:01:54 [DEBUG] 示例检测结果: [[-4.12731934e+00 -3.29675674e+00  3.95354538e+01  1.56139297e+01
   4.55374334e-08  5.00000000e+00]
 [-6.49335098e+00 -3.05154705e+00  4.46127090e+01  3.00301857e+01
   1.05941176e-08  9.00000000e+00]
 [-3.55152893e+00 -3.52146912e+00  4.58900146e+01  3.05485039e+01
   4.82453544e-09  9.00000000e+00]]
2026-06-04 18:01:54 [DEBUG] 处理后检测输出形状: (0, 52)
2026-06-04 18:01:54 [DEBUG] 有效检测数量: 0
2026-06-04 18:01:54 [DEBUG] 检测输出为空
2026-06-04 18:01:54 [INFO] 掩码中检测到的类别: [0, 1, 2, 3, 4, 5, 6, 7, 8, 9, 10, 11, 12, 13, 15]
2026-06-04 18:01:54 [INFO] 分割完成，检测到 0 个物体
2026-06-04 18:01:54 [INFO] 从分割掩码中提取检测结果
2026-06-04 18:01:54 [INFO] 从掩码中提取了 523 个检测框
2026-06-04 18:01:54 [INFO] 计算出的车框矩形边界: (1025, 620) to (3172, 1518)
2026-06-04 18:01:54 [INFO] 原始检测数: 523, 过滤后检测数: 227
2026-06-04 18:01:55 [INFO] 保存分割和检测结果到: C:\code\show\Scrap_Steel_In_Field\photos\segmentation\segment_20260604_180154.jpg
2026-06-04 18:01:55 [INFO] JSON结果保存到: C:\code\show\Scrap_Steel_In_Field\photos\segmentation_result.json
2026-06-04 18:01:55 [INFO] 类别统计：{0: 38, 1: 52, 2: 29, 3: 5, 4: 26, 5: 36, 6: 29, 7: 32, 8: 49, 9: 54, 10: 28, 11: 17, 12: 22, 13: 89, 14: 0, 15: 17}
2026-06-04 18:01:55 [INFO] 面积统计：{0: 3487572.0, 1: 799236.0, 2: 59724.0, 3: 147276.0, 4: 151956.0, 5: 66888.0, 6: 460044.0, 7: 35028.0, 8: 945180.0, 9: 159912.0, 10: 183096.0, 11: 359496.0, 12: 61884.0, 13: 786096.0, 15: 155376.0}
2026-06-04 18:01:55 [INFO] 分割成功
2026-06-04 18:01:55 [INFO] 引擎上下文已释放
2026-06-04 18:01:55 [INFO] TensorRT 引擎已释放
2026-06-04 18:01:55 [INFO] 全局 CUDA 资源已释放
2026-06-04 18:01:55 [INFO] 分割系统资源已释放
2026-06-04 18:01:59 [INFO] CUDA 初始化成功
2026-06-04 18:01:59 [INFO] 引擎加载成功: scrap_steel.engine
2026-06-04 18:01:59 [INFO] 分割系统初始化成功
2026-06-04 18:01:59 [INFO] 图像预处理完成，原始尺寸: (2160, 3840)
2026-06-04 18:01:59 [INFO] 开始执行分割...
2026-06-04 18:01:59 [DEBUG] 处理后的检测结果形状: (1, 8400, 6)
2026-06-04 18:01:59 [DEBUG] 示例检测结果: [[-4.12699890e+00 -3.29335308e+00  3.93686714e+01  1.55031481e+01
   4.62719072e-08  5.00000000e+00]
 [-6.48500061e+00 -3.03690338e+00  4.45617294e+01  2.98768501e+01
   1.05853246e-08  9.00000000e+00]
 [-3.60838318e+00 -3.54867840e+00  4.58858719e+01  3.04932976e+01
   4.88746466e-09  9.00000000e+00]]
2026-06-04 18:01:59 [DEBUG] 处理后检测输出形状: (0, 52)
2026-06-04 18:01:59 [DEBUG] 有效检测数量: 0
2026-06-04 18:01:59 [DEBUG] 检测输出为空
2026-06-04 18:01:59 [INFO] 掩码中检测到的类别: [0, 1, 2, 3, 4, 5, 6, 7, 8, 9, 10, 11, 12, 13, 14, 15]
2026-06-04 18:01:59 [INFO] 分割完成，检测到 0 个物体
2026-06-04 18:01:59 [INFO] 从分割掩码中提取检测结果
2026-06-04 18:01:59 [INFO] 从掩码中提取了 497 个检测框
2026-06-04 18:01:59 [INFO] 计算出的车框矩形边界: (1026, 621) to (3173, 1518)
2026-06-04 18:01:59 [INFO] 原始检测数: 497, 过滤后检测数: 220
2026-06-04 18:02:00 [INFO] 保存分割和检测结果到: C:\code\show\Scrap_Steel_In_Field\photos\segmentation\segment_20260604_180159.jpg
2026-06-04 18:02:00 [INFO] JSON结果保存到: C:\code\show\Scrap_Steel_In_Field\photos\segmentation_result.json
2026-06-04 18:02:00 [INFO] 类别统计：{0: 31, 1: 49, 2: 24, 3: 5, 4: 31, 5: 35, 6: 27, 7: 29, 8: 48, 9: 58, 10: 24, 11: 18, 12: 23, 13: 73, 14: 0, 15: 22}
2026-06-04 18:02:00 [INFO] 面积统计：{0: 3551184.0, 1: 801864.0, 2: 60984.0, 3: 146592.0, 4: 145728.0, 5: 61740.0, 6: 440388.0, 7: 33804.0, 8: 955980.0, 9: 168084.0, 10: 177372.0, 11: 361656.0, 12: 59796.0, 13: 769896.0, 14: 36.0, 15: 172116.0}
2026-06-04 18:02:00 [INFO] 分割成功
2026-06-04 18:02:00 [INFO] 引擎上下文已释放
2026-06-04 18:02:00 [INFO] TensorRT 引擎已释放
2026-06-04 18:02:00 [INFO] 全局 CUDA 资源已释放
2026-06-04 18:02:00 [INFO] 分割系统资源已释放
2026-06-04 18:02:04 [INFO] CUDA 初始化成功
2026-06-04 18:02:04 [INFO] 引擎加载成功: scrap_steel.engine
2026-06-04 18:02:04 [INFO] 分割系统初始化成功
2026-06-04 18:02:04 [INFO] 图像预处理完成，原始尺寸: (2160, 3840)
2026-06-04 18:02:04 [INFO] 开始执行分割...
2026-06-04 18:02:04 [DEBUG] 处理后的检测结果形状: (1, 8400, 6)
2026-06-04 18:02:04 [DEBUG] 示例检测结果: [[-4.13167191e+00 -3.28798723e+00  3.94004021e+01  1.55485916e+01
   4.48029560e-08  5.00000000e+00]
 [-6.54838181e+00 -3.05242252e+00  4.45574760e+01  2.98517303e+01
   1.06107549e-08  9.00000000e+00]
 [-3.58597946e+00 -3.48562908e+00  4.59235649e+01  3.04500923e+01
   4.84825335e-09  9.00000000e+00]]
2026-06-04 18:02:04 [DEBUG] 处理后检测输出形状: (0, 52)
2026-06-04 18:02:04 [DEBUG] 有效检测数量: 0
2026-06-04 18:02:04 [DEBUG] 检测输出为空
2026-06-04 18:02:04 [INFO] 掩码中检测到的类别: [0, 1, 2, 3, 4, 5, 6, 7, 8, 9, 10, 11, 12, 13, 14, 15]
2026-06-04 18:02:04 [INFO] 分割完成，检测到 0 个物体
2026-06-04 18:02:04 [INFO] 从分割掩码中提取检测结果
2026-06-04 18:02:04 [INFO] 从掩码中提取了 527 个检测框
2026-06-04 18:02:04 [INFO] 计算出的车框矩形边界: (1026, 620) to (3173, 1518)
2026-06-04 18:02:04 [INFO] 原始检测数: 527, 过滤后检测数: 230
2026-06-04 18:02:05 [INFO] 保存分割和检测结果到: C:\code\show\Scrap_Steel_In_Field\photos\segmentation\segment_20260604_180204.jpg
2026-06-04 18:02:05 [INFO] JSON结果保存到: C:\code\show\Scrap_Steel_In_Field\photos\segmentation_result.json
2026-06-04 18:02:05 [INFO] 类别统计：{0: 38, 1: 51, 2: 27, 3: 9, 4: 29, 5: 36, 6: 25, 7: 30, 8: 56, 9: 62, 10: 30, 11: 17, 12: 22, 13: 73, 14: 0, 15: 22}
2026-06-04 18:02:05 [INFO] 面积统计：{0: 3462228.0, 1: 867024.0, 2: 59976.0, 3: 143928.0, 4: 164988.0, 5: 70992.0, 6: 469224.0, 7: 36612.0, 8: 986472.0, 9: 170208.0, 10: 177444.0, 11: 363708.0, 12: 66492.0, 13: 766620.0, 14: 72.0, 15: 168912.0}
2026-06-04 18:02:05 [INFO] 分割成功
2026-06-04 18:02:05 [INFO] 引擎上下文已释放
2026-06-04 18:02:05 [INFO] TensorRT 引擎已释放
2026-06-04 18:02:05 [INFO] 全局 CUDA 资源已释放
2026-06-04 18:02:05 [INFO] 分割系统资源已释放
2026-06-04 18:02:09 [INFO] CUDA 初始化成功
2026-06-04 18:02:09 [INFO] 引擎加载成功: scrap_steel.engine
2026-06-04 18:02:09 [INFO] 分割系统初始化成功
2026-06-04 18:02:09 [INFO] 图像预处理完成，原始尺寸: (2160, 3840)
2026-06-04 18:02:09 [INFO] 开始执行分割...
2026-06-04 18:02:09 [DEBUG] 处理后的检测结果形状: (1, 8400, 6)
2026-06-04 18:02:09 [DEBUG] 示例检测结果: [[-4.12792587e+00 -3.27402782e+00  3.93415985e+01  1.54726896e+01
   4.51597018e-08  5.00000000e+00]
 [-6.50883484e+00 -3.02479935e+00  4.45326767e+01  2.99167137e+01
   1.03647970e-08  9.00000000e+00]
 [-3.55141449e+00 -3.47910023e+00  4.58695679e+01  3.05060616e+01
   4.82453544e-09  9.00000000e+00]]
2026-06-04 18:02:09 [DEBUG] 处理后检测输出形状: (0, 52)
2026-06-04 18:02:09 [DEBUG] 有效检测数量: 0
2026-06-04 18:02:09 [DEBUG] 检测输出为空
2026-06-04 18:02:09 [INFO] 掩码中检测到的类别: [0, 1, 2, 3, 4, 5, 6, 7, 8, 9, 10, 11, 12, 13, 14, 15]
2026-06-04 18:02:09 [INFO] 分割完成，检测到 0 个物体
2026-06-04 18:02:09 [INFO] 从分割掩码中提取检测结果
2026-06-04 18:02:09 [INFO] 从掩码中提取了 530 个检测框
2026-06-04 18:02:10 [INFO] 计算出的车框矩形边界: (1026, 620) to (3174, 1518)
2026-06-04 18:02:10 [INFO] 原始检测数: 530, 过滤后检测数: 226
2026-06-04 18:02:10 [INFO] 保存分割和检测结果到: C:\code\show\Scrap_Steel_In_Field\photos\segmentation\segment_20260604_180209.jpg
2026-06-04 18:02:10 [INFO] JSON结果保存到: C:\code\show\Scrap_Steel_In_Field\photos\segmentation_result.json
2026-06-04 18:02:10 [INFO] 类别统计：{0: 40, 1: 53, 2: 30, 3: 7, 4: 34, 5: 36, 6: 23, 7: 30, 8: 49, 9: 64, 10: 26, 11: 20, 12: 21, 13: 78, 14: 0, 15: 19}
2026-06-04 18:02:10 [INFO] 面积统计：{0: 3424428.0, 1: 816696.0, 2: 62712.0, 3: 145440.0, 4: 149292.0, 5: 65232.0, 6: 469548.0, 7: 31248.0, 8: 962244.0, 9: 163980.0, 10: 178164.0, 11: 361944.0, 12: 66492.0, 13: 792288.0, 14: 36.0, 15: 174996.0}
2026-06-04 18:02:10 [INFO] 分割成功
2026-06-04 18:02:10 [INFO] 引擎上下文已释放
2026-06-04 18:02:10 [INFO] TensorRT 引擎已释放
2026-06-04 18:02:10 [INFO] 全局 CUDA 资源已释放
2026-06-04 18:02:10 [INFO] 分割系统资源已释放
2026-06-04 18:02:14 [INFO] CUDA 初始化成功
2026-06-04 18:02:14 [INFO] 引擎加载成功: scrap_steel.engine
2026-06-04 18:02:14 [INFO] 分割系统初始化成功
2026-06-04 18:02:14 [INFO] 图像预处理完成，原始尺寸: (2160, 3840)
2026-06-04 18:02:14 [INFO] 开始执行分割...
2026-06-04 18:02:14 [DEBUG] 处理后的检测结果形状: (1, 8400, 6)
2026-06-04 18:02:14 [DEBUG] 示例检测结果: [[-4.16340256e+00 -3.29787827e+00  3.95664673e+01  1.56664619e+01
   4.48029560e-08  5.00000000e+00]
 [-6.54695511e+00 -3.06373787e+00  4.45474129e+01  2.99986057e+01
   1.05355014e-08  9.00000000e+00]
 [-3.57276917e+00 -3.51110744e+00  4.58936844e+01  3.05122337e+01
   4.81504614e-09  9.00000000e+00]]
2026-06-04 18:02:14 [DEBUG] 处理后检测输出形状: (0, 52)
2026-06-04 18:02:14 [DEBUG] 有效检测数量: 0
2026-06-04 18:02:14 [DEBUG] 检测输出为空
2026-06-04 18:02:14 [INFO] 掩码中检测到的类别: [0, 1, 2, 3, 4, 5, 6, 7, 8, 9, 10, 11, 12, 13, 14, 15]
2026-06-04 18:02:14 [INFO] 分割完成，检测到 0 个物体
2026-06-04 18:02:14 [INFO] 从分割掩码中提取检测结果
2026-06-04 18:02:15 [INFO] 从掩码中提取了 509 个检测框
2026-06-04 18:02:15 [INFO] 计算出的车框矩形边界: (1025, 622) to (3174, 1518)
2026-06-04 18:02:15 [INFO] 原始检测数: 509, 过滤后检测数: 204
2026-06-04 18:02:15 [INFO] 保存分割和检测结果到: C:\code\show\Scrap_Steel_In_Field\photos\segmentation\segment_20260604_180215.jpg
2026-06-04 18:02:15 [INFO] JSON结果保存到: C:\code\show\Scrap_Steel_In_Field\photos\segmentation_result.json
2026-06-04 18:02:15 [INFO] 类别统计：{0: 35, 1: 43, 2: 28, 3: 7, 4: 28, 5: 36, 6: 27, 7: 25, 8: 58, 9: 60, 10: 26, 11: 19, 12: 21, 13: 73, 14: 0, 15: 23}
2026-06-04 18:02:15 [INFO] 面积统计：{0: 3419784.0, 1: 867600.0, 2: 61200.0, 3: 137772.0, 4: 152568.0, 5: 72468.0, 6: 435060.0, 7: 39240.0, 8: 975636.0, 9: 189648.0, 10: 178884.0, 11: 356544.0, 12: 79308.0, 13: 736848.0, 14: 36.0, 15: 272232.0}
2026-06-04 18:02:15 [INFO] 分割成功
2026-06-04 18:02:15 [INFO] 引擎上下文已释放
2026-06-04 18:02:15 [INFO] TensorRT 引擎已释放
2026-06-04 18:02:15 [INFO] 全局 CUDA 资源已释放
2026-06-04 18:02:15 [INFO] 分割系统资源已释放
2026-06-04 18:02:19 [INFO] CUDA 初始化成功
2026-06-04 18:02:19 [INFO] 引擎加载成功: scrap_steel.engine
2026-06-04 18:02:19 [INFO] 分割系统初始化成功
2026-06-04 18:02:19 [INFO] 图像预处理完成，原始尺寸: (2160, 3840)
2026-06-04 18:02:19 [INFO] 开始执行分割...
2026-06-04 18:02:19 [DEBUG] 处理后的检测结果形状: (1, 8400, 6)
2026-06-04 18:02:19 [DEBUG] 示例检测结果: [[-4.12946701e+00 -3.29969835e+00  3.95392418e+01  1.56164742e+01
   4.44559412e-08  5.00000000e+00]
 [-6.56815720e+00 -3.04745102e+00  4.45792694e+01  3.00180244e+01
   1.04053726e-08  9.00000000e+00]
 [-3.56545258e+00 -3.50719547e+00  4.59199524e+01  3.05832329e+01
   4.70351758e-09  9.00000000e+00]]
2026-06-04 18:02:19 [DEBUG] 处理后检测输出形状: (0, 52)
2026-06-04 18:02:19 [DEBUG] 有效检测数量: 0
2026-06-04 18:02:19 [DEBUG] 检测输出为空
2026-06-04 18:02:19 [INFO] 掩码中检测到的类别: [0, 1, 2, 3, 4, 5, 6, 7, 8, 9, 10, 11, 12, 13, 14, 15]
2026-06-04 18:02:19 [INFO] 分割完成，检测到 0 个物体
2026-06-04 18:02:19 [INFO] 从分割掩码中提取检测结果
2026-06-04 18:02:20 [INFO] 从掩码中提取了 440 个检测框
2026-06-04 18:02:20 [INFO] 计算出的车框矩形边界: (1026, 620) to (3173, 1518)
2026-06-04 18:02:20 [INFO] 原始检测数: 440, 过滤后检测数: 209
2026-06-04 18:02:20 [INFO] 保存分割和检测结果到: C:\code\show\Scrap_Steel_In_Field\photos\segmentation\segment_20260604_180220.jpg
2026-06-04 18:02:20 [INFO] JSON结果保存到: C:\code\show\Scrap_Steel_In_Field\photos\segmentation_result.json
2026-06-04 18:02:20 [INFO] 类别统计：{0: 16, 1: 46, 2: 21, 3: 6, 4: 24, 5: 36, 6: 20, 7: 25, 8: 46, 9: 42, 10: 25, 11: 17, 12: 20, 13: 76, 14: 0, 15: 20}
2026-06-04 18:02:20 [INFO] 面积统计：{0: 4030308.0, 1: 632268.0, 2: 39096.0, 3: 141984.0, 4: 164160.0, 5: 57996.0, 6: 458568.0, 7: 31284.0, 8: 914868.0, 9: 155376.0, 10: 187452.0, 11: 332568.0, 12: 87444.0, 13: 817200.0, 14: 36.0, 15: 30564.0}
2026-06-04 18:02:20 [INFO] 分割成功
2026-06-04 18:02:20 [INFO] 引擎上下文已释放
2026-06-04 18:02:20 [INFO] TensorRT 引擎已释放
2026-06-04 18:02:20 [INFO] 全局 CUDA 资源已释放
2026-06-04 18:02:20 [INFO] 分割系统资源已释放
2026-06-04 18:02:24 [INFO] CUDA 初始化成功
2026-06-04 18:02:24 [INFO] 引擎加载成功: scrap_steel.engine
2026-06-04 18:02:24 [INFO] 分割系统初始化成功
2026-06-04 18:02:24 [INFO] 图像预处理完成，原始尺寸: (2160, 3840)
2026-06-04 18:02:24 [INFO] 开始执行分割...
2026-06-04 18:02:24 [DEBUG] 处理后的检测结果形状: (1, 8400, 6)
2026-06-04 18:02:24 [DEBUG] 示例检测结果: [[-4.13055801e+00 -3.28544140e+00  3.94631386e+01  1.55507994e+01
   4.44559412e-08  5.00000000e+00]
 [-6.50706100e+00 -3.03715897e+00  4.45855522e+01  2.99022293e+01
   1.05281011e-08  9.00000000e+00]
 [-3.56536102e+00 -3.49669361e+00  4.58817825e+01  3.04551849e+01
   4.78384354e-09  9.00000000e+00]]
2026-06-04 18:02:24 [DEBUG] 处理后检测输出形状: (0, 52)
2026-06-04 18:02:24 [DEBUG] 有效检测数量: 0
2026-06-04 18:02:24 [DEBUG] 检测输出为空
2026-06-04 18:02:24 [INFO] 掩码中检测到的类别: [0, 1, 2, 3, 4, 5, 6, 7, 8, 9, 10, 11, 12, 13, 15]
2026-06-04 18:02:24 [INFO] 分割完成，检测到 0 个物体
2026-06-04 18:02:24 [INFO] 从分割掩码中提取检测结果
2026-06-04 18:02:25 [INFO] 从掩码中提取了 426 个检测框
2026-06-04 18:02:25 [INFO] 计算出的车框矩形边界: (1025, 620) to (3174, 1513)
2026-06-04 18:02:25 [INFO] 原始检测数: 426, 过滤后检测数: 208
2026-06-04 18:02:25 [INFO] 保存分割和检测结果到: C:\code\show\Scrap_Steel_In_Field\photos\segmentation\segment_20260604_180225.jpg
2026-06-04 18:02:25 [INFO] JSON结果保存到: C:\code\show\Scrap_Steel_In_Field\photos\segmentation_result.json
2026-06-04 18:02:25 [INFO] 类别统计：{0: 10, 1: 50, 2: 23, 3: 3, 4: 25, 5: 28, 6: 18, 7: 31, 8: 51, 9: 54, 10: 22, 11: 16, 12: 21, 13: 56, 14: 0, 15: 18}
2026-06-04 18:02:25 [INFO] 面积统计：{0: 3990672.0, 1: 612108.0, 2: 42948.0, 3: 138132.0, 4: 150840.0, 5: 57096.0, 6: 464544.0, 7: 36612.0, 8: 898272.0, 9: 182412.0, 10: 194220.0, 11: 338472.0, 12: 90252.0, 13: 762768.0, 15: 35100.0}
2026-06-04 18:02:25 [INFO] 分割成功
2026-06-04 18:02:25 [INFO] 引擎上下文已释放
2026-06-04 18:02:25 [INFO] TensorRT 引擎已释放
2026-06-04 18:02:25 [INFO] 全局 CUDA 资源已释放
2026-06-04 18:02:25 [INFO] 分割系统资源已释放
2026-06-04 18:02:29 [INFO] CUDA 初始化成功
2026-06-04 18:02:29 [INFO] 引擎加载成功: scrap_steel.engine
2026-06-04 18:02:29 [INFO] 分割系统初始化成功
2026-06-04 18:02:30 [INFO] 图像预处理完成，原始尺寸: (2160, 3840)
2026-06-04 18:02:30 [INFO] 开始执行分割...
2026-06-04 18:02:30 [DEBUG] 处理后的检测结果形状: (1, 8400, 6)
2026-06-04 18:02:30 [DEBUG] 示例检测结果: [[-4.12719345e+00 -3.28826714e+00  3.94485703e+01  1.55038433e+01
   4.46359891e-08  5.00000000e+00]
 [-6.49390030e+00 -3.02800274e+00  4.45172386e+01  2.98724747e+01
   1.05614006e-08  9.00000000e+00]
 [-3.52845764e+00 -3.49444008e+00  4.58578491e+01  3.04649830e+01
   4.81012918e-09  9.00000000e+00]]
2026-06-04 18:02:30 [DEBUG] 处理后检测输出形状: (0, 52)
2026-06-04 18:02:30 [DEBUG] 有效检测数量: 0
2026-06-04 18:02:30 [DEBUG] 检测输出为空
2026-06-04 18:02:30 [INFO] 掩码中检测到的类别: [0, 1, 2, 3, 4, 5, 6, 7, 8, 9, 10, 11, 12, 13, 15]
2026-06-04 18:02:30 [INFO] 分割完成，检测到 0 个物体
2026-06-04 18:02:30 [INFO] 从分割掩码中提取检测结果
2026-06-04 18:02:30 [INFO] 从掩码中提取了 426 个检测框
2026-06-04 18:02:30 [INFO] 计算出的车框矩形边界: (1025, 620) to (3173, 1518)
2026-06-04 18:02:30 [INFO] 原始检测数: 426, 过滤后检测数: 215
2026-06-04 18:02:30 [INFO] 保存分割和检测结果到: C:\code\show\Scrap_Steel_In_Field\photos\segmentation\segment_20260604_180230.jpg
2026-06-04 18:02:30 [INFO] JSON结果保存到: C:\code\show\Scrap_Steel_In_Field\photos\segmentation_result.json
2026-06-04 18:02:30 [INFO] 类别统计：{0: 26, 1: 44, 2: 22, 3: 5, 4: 25, 5: 33, 6: 19, 7: 28, 8: 37, 9: 48, 10: 19, 11: 23, 12: 21, 13: 62, 14: 0, 15: 14}
2026-06-04 18:02:30 [INFO] 面积统计：{0: 3964716.0, 1: 602928.0, 2: 39708.0, 3: 135612.0, 4: 166644.0, 5: 63576.0, 6: 455076.0, 7: 38052.0, 8: 905580.0, 9: 171576.0, 10: 193608.0, 11: 335952.0, 12: 92484.0, 13: 778536.0, 15: 34488.0}
2026-06-04 18:02:30 [INFO] 分割成功
2026-06-04 18:02:30 [INFO] 引擎上下文已释放
2026-06-04 18:02:30 [INFO] TensorRT 引擎已释放
2026-06-04 18:02:30 [INFO] 全局 CUDA 资源已释放
2026-06-04 18:02:30 [INFO] 分割系统资源已释放
2026-06-04 18:02:34 [INFO] CUDA 初始化成功
2026-06-04 18:02:34 [INFO] 引擎加载成功: scrap_steel.engine
2026-06-04 18:02:34 [INFO] 分割系统初始化成功
2026-06-04 18:02:35 [INFO] 图像预处理完成，原始尺寸: (2160, 3840)
2026-06-04 18:02:35 [INFO] 开始执行分割...
2026-06-04 18:02:35 [DEBUG] 处理后的检测结果形状: (1, 8400, 6)
2026-06-04 18:02:35 [DEBUG] 示例检测结果: [[-4.13055038e+00 -3.27670717e+00  3.94646454e+01  1.54667320e+01
   4.41019594e-08  5.00000000e+00]
 [-6.49606323e+00 -3.01311016e+00  4.45128937e+01  2.97630730e+01
   1.05012354e-08  9.00000000e+00]
 [-3.54625320e+00 -3.48180962e+00  4.58880386e+01  3.04027729e+01
   4.82106000e-09  9.00000000e+00]]
2026-06-04 18:02:35 [DEBUG] 处理后检测输出形状: (0, 52)
2026-06-04 18:02:35 [DEBUG] 有效检测数量: 0
2026-06-04 18:02:35 [DEBUG] 检测输出为空
2026-06-04 18:02:35 [INFO] 掩码中检测到的类别: [0, 1, 2, 3, 4, 5, 6, 7, 8, 9, 10, 11, 12, 13, 14, 15]
2026-06-04 18:02:35 [INFO] 分割完成，检测到 0 个物体
2026-06-04 18:02:35 [INFO] 从分割掩码中提取检测结果
2026-06-04 18:02:35 [INFO] 从掩码中提取了 439 个检测框
2026-06-04 18:02:35 [INFO] 计算出的车框矩形边界: (1024, 621) to (3179, 1507)
2026-06-04 18:02:35 [INFO] 原始检测数: 439, 过滤后检测数: 205
2026-06-04 18:02:35 [INFO] 保存分割和检测结果到: C:\code\show\Scrap_Steel_In_Field\photos\segmentation\segment_20260604_180235.jpg
2026-06-04 18:02:35 [INFO] JSON结果保存到: C:\code\show\Scrap_Steel_In_Field\photos\segmentation_result.json
2026-06-04 18:02:35 [INFO] 类别统计：{0: 8, 1: 44, 2: 22, 3: 3, 4: 27, 5: 31, 6: 18, 7: 27, 8: 53, 9: 49, 10: 23, 11: 20, 12: 21, 13: 72, 14: 0, 15: 21}
2026-06-04 18:02:35 [INFO] 面积统计：{0: 3936636.0, 1: 622872.0, 2: 45144.0, 3: 140400.0, 4: 170460.0, 5: 55332.0, 6: 474948.0, 7: 27900.0, 8: 929232.0, 9: 180000.0, 10: 199944.0, 11: 331992.0, 12: 90108.0, 13: 733788.0, 14: 36.0, 15: 41364.0}
2026-06-04 18:02:35 [INFO] 分割成功
2026-06-04 18:02:35 [INFO] 引擎上下文已释放
2026-06-04 18:02:35 [INFO] TensorRT 引擎已释放
2026-06-04 18:02:36 [INFO] 全局 CUDA 资源已释放
2026-06-04 18:02:36 [INFO] 分割系统资源已释放
2026-06-04 18:02:39 [INFO] CUDA 初始化成功
2026-06-04 18:02:40 [INFO] 引擎加载成功: scrap_steel.engine
2026-06-04 18:02:40 [INFO] 分割系统初始化成功
2026-06-04 18:02:40 [INFO] 图像预处理完成，原始尺寸: (2160, 3840)
2026-06-04 18:02:40 [INFO] 开始执行分割...
2026-06-04 18:02:40 [DEBUG] 处理后的检测结果形状: (1, 8400, 6)
2026-06-04 18:02:40 [DEBUG] 示例检测结果: [[-4.10974121e+00 -3.27543211e+00  3.95378685e+01  1.54981804e+01
   4.48099229e-08  5.00000000e+00]
 [-6.52353287e+00 -3.03848648e+00  4.46525383e+01  2.99569511e+01
   1.05614006e-08  9.00000000e+00]
 [-3.56036377e+00 -3.49436569e+00  4.59197769e+01  3.05185471e+01
   4.82453544e-09  9.00000000e+00]]
2026-06-04 18:02:40 [DEBUG] 处理后检测输出形状: (0, 52)
2026-06-04 18:02:40 [DEBUG] 有效检测数量: 0
2026-06-04 18:02:40 [DEBUG] 检测输出为空
2026-06-04 18:02:40 [INFO] 掩码中检测到的类别: [0, 1, 2, 3, 4, 5, 6, 7, 8, 9, 10, 11, 12, 13, 15]
2026-06-04 18:02:40 [INFO] 分割完成，检测到 0 个物体
2026-06-04 18:02:40 [INFO] 从分割掩码中提取检测结果
2026-06-04 18:02:40 [INFO] 从掩码中提取了 423 个检测框
2026-06-04 18:02:40 [INFO] 计算出的车框矩形边界: (1025, 621) to (3173, 1518)
2026-06-04 18:02:40 [INFO] 原始检测数: 423, 过滤后检测数: 207
2026-06-04 18:02:41 [INFO] 保存分割和检测结果到: C:\code\show\Scrap_Steel_In_Field\photos\segmentation\segment_20260604_180240.jpg
2026-06-04 18:02:41 [INFO] JSON结果保存到: C:\code\show\Scrap_Steel_In_Field\photos\segmentation_result.json
2026-06-04 18:02:41 [INFO] 类别统计：{0: 9, 1: 47, 2: 23, 3: 5, 4: 25, 5: 29, 6: 21, 7: 27, 8: 43, 9: 48, 10: 23, 11: 21, 12: 21, 13: 61, 14: 0, 15: 20}
2026-06-04 18:02:41 [INFO] 面积统计：{0: 3918456.0, 1: 615420.0, 2: 40500.0, 3: 139284.0, 4: 155808.0, 5: 55692.0, 6: 448128.0, 7: 38772.0, 8: 911232.0, 9: 185832.0, 10: 190800.0, 11: 338328.0, 12: 81540.0, 13: 750456.0, 15: 32400.0}
2026-06-04 18:02:41 [INFO] 分割成功
2026-06-04 18:02:41 [INFO] 引擎上下文已释放
2026-06-04 18:02:41 [INFO] TensorRT 引擎已释放
2026-06-04 18:02:41 [INFO] 全局 CUDA 资源已释放
2026-06-04 18:02:41 [INFO] 分割系统资源已释放
2026-06-04 18:02:45 [INFO] CUDA 初始化成功
2026-06-04 18:02:45 [INFO] 引擎加载成功: scrap_steel.engine
2026-06-04 18:02:45 [INFO] 分割系统初始化成功
2026-06-04 18:02:45 [INFO] 图像预处理完成，原始尺寸: (2160, 3840)
2026-06-04 18:02:45 [INFO] 开始执行分割...
2026-06-04 18:02:45 [DEBUG] 处理后的检测结果形状: (1, 8400, 6)
2026-06-04 18:02:45 [DEBUG] 示例检测结果: [[-4.13997269e+00 -3.28817844e+00  3.94701424e+01  1.55414190e+01
   4.42833823e-08  5.00000000e+00]
 [-6.50839233e+00 -3.04975700e+00  4.45149918e+01  2.99234142e+01
   1.05281011e-08  9.00000000e+00]
 [-3.55974579e+00 -3.48298073e+00  4.58790207e+01  3.04605160e+01
   4.77718309e-09  9.00000000e+00]]
2026-06-04 18:02:45 [DEBUG] 处理后检测输出形状: (0, 52)
2026-06-04 18:02:45 [DEBUG] 有效检测数量: 0
2026-06-04 18:02:45 [DEBUG] 检测输出为空
2026-06-04 18:02:45 [INFO] 掩码中检测到的类别: [0, 1, 2, 3, 4, 5, 6, 7, 8, 9, 10, 11, 12, 13, 14, 15]
2026-06-04 18:02:45 [INFO] 分割完成，检测到 0 个物体
2026-06-04 18:02:45 [INFO] 从分割掩码中提取检测结果
2026-06-04 18:02:45 [INFO] 从掩码中提取了 435 个检测框
2026-06-04 18:02:45 [INFO] 计算出的车框矩形边界: (1025, 620) to (3173, 1518)
2026-06-04 18:02:45 [INFO] 原始检测数: 435, 过滤后检测数: 215
2026-06-04 18:02:46 [INFO] 保存分割和检测结果到: C:\code\show\Scrap_Steel_In_Field\photos\segmentation\segment_20260604_180245.jpg
2026-06-04 18:02:46 [INFO] JSON结果保存到: C:\code\show\Scrap_Steel_In_Field\photos\segmentation_result.json
2026-06-04 18:02:46 [INFO] 类别统计：{0: 12, 1: 41, 2: 23, 3: 4, 4: 28, 5: 29, 6: 23, 7: 22, 8: 44, 9: 54, 10: 23, 11: 21, 12: 26, 13: 68, 14: 0, 15: 17}
2026-06-04 18:02:46 [INFO] 面积统计：{0: 4009500.0, 1: 569160.0, 2: 41364.0, 3: 152064.0, 4: 174348.0, 5: 62532.0, 6: 449568.0, 7: 38484.0, 8: 942624.0, 9: 158328.0, 10: 188748.0, 11: 335448.0, 12: 88992.0, 13: 765468.0, 14: 36.0, 15: 37476.0}
2026-06-04 18:02:46 [INFO] 分割成功
2026-06-04 18:02:46 [INFO] 引擎上下文已释放
2026-06-04 18:02:46 [INFO] TensorRT 引擎已释放
2026-06-04 18:02:46 [INFO] 全局 CUDA 资源已释放
2026-06-04 18:02:46 [INFO] 分割系统资源已释放
2026-06-04 18:02:52 [INFO] CUDA 初始化成功
2026-06-04 18:02:52 [INFO] 引擎加载成功: scrap_steel.engine
2026-06-04 18:02:52 [INFO] 分割系统初始化成功
2026-06-04 18:02:52 [INFO] 图像预处理完成，原始尺寸: (2160, 3840)
2026-06-04 18:02:52 [INFO] 开始执行分割...
2026-06-04 18:02:52 [DEBUG] 处理后的检测结果形状: (1, 8400, 6)
2026-06-04 18:02:52 [DEBUG] 示例检测结果: [[-4.12582016e+00 -3.28922176e+00  3.95300522e+01  1.55475893e+01
   4.48099229e-08  5.00000000e+00]
 [-6.47515106e+00 -3.00315952e+00  4.45849838e+01  2.99412537e+01
   1.03647970e-08  9.00000000e+00]
 [-3.53673553e+00 -3.46815681e+00  4.59018555e+01  3.05697956e+01
   4.73595563e-09  9.00000000e+00]]
2026-06-04 18:02:52 [DEBUG] 处理后检测输出形状: (0, 52)
2026-06-04 18:02:52 [DEBUG] 有效检测数量: 0
2026-06-04 18:02:52 [DEBUG] 检测输出为空
2026-06-04 18:02:52 [INFO] 掩码中检测到的类别: [0, 1, 2, 3, 4, 5, 6, 7, 8, 9, 10, 11, 12, 13, 14, 15]
2026-06-04 18:02:52 [INFO] 分割完成，检测到 0 个物体
2026-06-04 18:02:52 [INFO] 从分割掩码中提取检测结果
2026-06-04 18:02:53 [INFO] 从掩码中提取了 434 个检测框
2026-06-04 18:02:53 [INFO] 计算出的车框矩形边界: (1024, 620) to (3174, 1518)
2026-06-04 18:02:53 [INFO] 原始检测数: 434, 过滤后检测数: 212
2026-06-04 18:02:53 [INFO] 保存分割和检测结果到: C:\code\show\Scrap_Steel_In_Field\photos\segmentation\segment_20260604_180253.jpg
2026-06-04 18:02:53 [INFO] JSON结果保存到: C:\code\show\Scrap_Steel_In_Field\photos\segmentation_result.json
2026-06-04 18:02:53 [INFO] 类别统计：{0: 14, 1: 42, 2: 22, 3: 6, 4: 29, 5: 29, 6: 21, 7: 27, 8: 44, 9: 52, 10: 23, 11: 19, 12: 23, 13: 67, 14: 0, 15: 16}
2026-06-04 18:02:53 [INFO] 面积统计：{0: 4023432.0, 1: 589104.0, 2: 46440.0, 3: 142164.0, 4: 165384.0, 5: 57708.0, 6: 467172.0, 7: 33264.0, 8: 928836.0, 9: 153792.0, 10: 183780.0, 11: 334044.0, 12: 92664.0, 13: 767988.0, 14: 36.0, 15: 36000.0}
2026-06-04 18:02:53 [INFO] 分割成功
2026-06-04 18:02:53 [INFO] 引擎上下文已释放
2026-06-04 18:02:53 [INFO] TensorRT 引擎已释放
2026-06-04 18:02:53 [INFO] 全局 CUDA 资源已释放
2026-06-04 18:02:53 [INFO] 分割系统资源已释放
2026-06-04 18:02:57 [INFO] CUDA 初始化成功
2026-06-04 18:02:57 [INFO] 引擎加载成功: scrap_steel.engine
2026-06-04 18:02:57 [INFO] 分割系统初始化成功
2026-06-04 18:02:57 [INFO] 图像预处理完成，原始尺寸: (2160, 3840)
2026-06-04 18:02:57 [INFO] 开始执行分割...
2026-06-04 18:02:57 [DEBUG] 处理后的检测结果形状: (1, 8400, 6)
2026-06-04 18:02:57 [DEBUG] 示例检测结果: [[-4.12954712e+00 -3.26806641e+00  3.94451027e+01  1.54319992e+01
   4.51847271e-08  5.00000000e+00]
 [-6.47121048e+00 -2.99928665e+00  4.45746651e+01  2.97621346e+01
   1.04383062e-08  9.00000000e+00]
 [-3.56784821e+00 -3.49142742e+00  4.59029617e+01  3.04645576e+01
   4.76839368e-09  9.00000000e+00]]
2026-06-04 18:02:57 [DEBUG] 处理后检测输出形状: (0, 52)
2026-06-04 18:02:57 [DEBUG] 有效检测数量: 0
2026-06-04 18:02:57 [DEBUG] 检测输出为空
2026-06-04 18:02:57 [INFO] 掩码中检测到的类别: [0, 1, 2, 3, 4, 5, 6, 7, 8, 9, 10, 11, 12, 13, 15]
2026-06-04 18:02:57 [INFO] 分割完成，检测到 0 个物体
2026-06-04 18:02:57 [INFO] 从分割掩码中提取检测结果
2026-06-04 18:02:57 [INFO] 从掩码中提取了 431 个检测框
2026-06-04 18:02:57 [INFO] 计算出的车框矩形边界: (1026, 621) to (3173, 1518)
2026-06-04 18:02:57 [INFO] 原始检测数: 431, 过滤后检测数: 197
2026-06-04 18:02:58 [INFO] 保存分割和检测结果到: C:\code\show\Scrap_Steel_In_Field\photos\segmentation\segment_20260604_180257.jpg
2026-06-04 18:02:58 [INFO] JSON结果保存到: C:\code\show\Scrap_Steel_In_Field\photos\segmentation_result.json
2026-06-04 18:02:58 [INFO] 类别统计：{0: 13, 1: 47, 2: 21, 3: 5, 4: 27, 5: 33, 6: 20, 7: 26, 8: 36, 9: 49, 10: 22, 11: 19, 12: 20, 13: 71, 14: 0, 15: 22}
2026-06-04 18:02:58 [INFO] 面积统计：{0: 3937212.0, 1: 603432.0, 2: 43776.0, 3: 140796.0, 4: 163872.0, 5: 53784.0, 6: 449856.0, 7: 31644.0, 8: 925092.0, 9: 173088.0, 10: 194328.0, 11: 340560.0, 12: 92052.0, 13: 782568.0, 15: 35388.0}
2026-06-04 18:02:58 [INFO] 分割成功
2026-06-04 18:02:58 [INFO] 引擎上下文已释放
2026-06-04 18:02:58 [INFO] TensorRT 引擎已释放
2026-06-04 18:02:58 [INFO] 全局 CUDA 资源已释放
2026-06-04 18:02:58 [INFO] 分割系统资源已释放
2026-06-04 18:03:02 [INFO] CUDA 初始化成功
2026-06-04 18:03:02 [INFO] 引擎加载成功: scrap_steel.engine
2026-06-04 18:03:02 [INFO] 分割系统初始化成功
2026-06-04 18:03:02 [INFO] 图像预处理完成，原始尺寸: (2160, 3840)
2026-06-04 18:03:02 [INFO] 开始执行分割...
2026-06-04 18:03:02 [DEBUG] 处理后的检测结果形状: (1, 8400, 6)
2026-06-04 18:03:02 [DEBUG] 示例检测结果: [[-4.12640762e+00 -3.29790974e+00  3.95369072e+01  1.56021013e+01
   4.51597018e-08  5.00000000e+00]
 [-6.51548004e+00 -3.03734684e+00  4.45287018e+01  2.99694519e+01
   1.05200328e-08  9.00000000e+00]
 [-3.55478668e+00 -3.50817490e+00  4.59226837e+01  3.05507088e+01
   4.84307527e-09  9.00000000e+00]]
2026-06-04 18:03:02 [DEBUG] 处理后检测输出形状: (0, 52)
2026-06-04 18:03:02 [DEBUG] 有效检测数量: 0
2026-06-04 18:03:02 [DEBUG] 检测输出为空
2026-06-04 18:03:02 [INFO] 掩码中检测到的类别: [0, 1, 2, 3, 4, 5, 6, 7, 8, 9, 10, 11, 12, 13, 14, 15]
2026-06-04 18:03:02 [INFO] 分割完成，检测到 0 个物体
2026-06-04 18:03:02 [INFO] 从分割掩码中提取检测结果
2026-06-04 18:03:02 [INFO] 从掩码中提取了 425 个检测框
2026-06-04 18:03:02 [INFO] 计算出的车框矩形边界: (1026, 620) to (3173, 1518)
2026-06-04 18:03:02 [INFO] 原始检测数: 425, 过滤后检测数: 206
2026-06-04 18:03:03 [INFO] 保存分割和检测结果到: C:\code\show\Scrap_Steel_In_Field\photos\segmentation\segment_20260604_180302.jpg
2026-06-04 18:03:03 [INFO] JSON结果保存到: C:\code\show\Scrap_Steel_In_Field\photos\segmentation_result.json
2026-06-04 18:03:03 [INFO] 类别统计：{0: 12, 1: 45, 2: 22, 3: 4, 4: 25, 5: 37, 6: 20, 7: 21, 8: 46, 9: 53, 10: 23, 11: 16, 12: 21, 13: 62, 14: 0, 15: 18}
2026-06-04 18:03:03 [INFO] 面积统计：{0: 4005360.0, 1: 605808.0, 2: 40464.0, 3: 141156.0, 4: 163836.0, 5: 56556.0, 6: 486000.0, 7: 29340.0, 8: 925848.0, 9: 177516.0, 10: 193824.0, 11: 337320.0, 12: 89892.0, 13: 763344.0, 14: 36.0, 15: 40608.0}
2026-06-04 18:03:03 [INFO] 分割成功
2026-06-04 18:03:03 [INFO] 引擎上下文已释放
2026-06-04 18:03:03 [INFO] TensorRT 引擎已释放
2026-06-04 18:03:03 [INFO] 全局 CUDA 资源已释放
2026-06-04 18:03:03 [INFO] 分割系统资源已释放
2026-06-04 18:03:08 [INFO] CUDA 初始化成功
2026-06-04 18:03:08 [INFO] 引擎加载成功: scrap_steel.engine
2026-06-04 18:03:08 [INFO] 分割系统初始化成功
2026-06-04 18:03:08 [INFO] 图像预处理完成，原始尺寸: (2160, 3840)
2026-06-04 18:03:08 [INFO] 开始执行分割...
2026-06-04 18:03:08 [DEBUG] 处理后的检测结果形状: (1, 8400, 6)
2026-06-04 18:03:08 [DEBUG] 示例检测结果: [[-4.12999344e+00 -3.29531288e+00  3.94285316e+01  1.56044807e+01
   4.39196555e-08  5.00000000e+00]
 [-6.47846603e+00 -3.02569008e+00  4.45403862e+01  2.98902683e+01
   1.03787663e-08  9.00000000e+00]
 [-3.54228210e+00 -3.50922108e+00  4.59311218e+01  3.04999237e+01
   4.73202810e-09  9.00000000e+00]]
2026-06-04 18:03:08 [DEBUG] 处理后检测输出形状: (0, 52)
2026-06-04 18:03:08 [DEBUG] 有效检测数量: 0
2026-06-04 18:03:08 [DEBUG] 检测输出为空
2026-06-04 18:03:08 [INFO] 掩码中检测到的类别: [0, 1, 2, 3, 4, 5, 6, 7, 8, 9, 10, 11, 12, 13, 14, 15]
2026-06-04 18:03:08 [INFO] 分割完成，检测到 0 个物体
2026-06-04 18:03:08 [INFO] 从分割掩码中提取检测结果
2026-06-04 18:03:08 [INFO] 从掩码中提取了 435 个检测框
2026-06-04 18:03:08 [INFO] 计算出的车框矩形边界: (1025, 621) to (3173, 1518)
2026-06-04 18:03:08 [INFO] 原始检测数: 435, 过滤后检测数: 199
2026-06-04 18:03:09 [INFO] 保存分割和检测结果到: C:\code\show\Scrap_Steel_In_Field\photos\segmentation\segment_20260604_180308.jpg
2026-06-04 18:03:09 [INFO] JSON结果保存到: C:\code\show\Scrap_Steel_In_Field\photos\segmentation_result.json
2026-06-04 18:03:09 [INFO] 类别统计：{0: 13, 1: 48, 2: 23, 3: 5, 4: 33, 5: 27, 6: 23, 7: 20, 8: 46, 9: 48, 10: 24, 11: 18, 12: 22, 13: 68, 14: 0, 15: 17}
2026-06-04 18:03:09 [INFO] 面积统计：{0: 4025304.0, 1: 620892.0, 2: 42372.0, 3: 143460.0, 4: 161244.0, 5: 56592.0, 6: 461520.0, 7: 32256.0, 8: 886500.0, 9: 158832.0, 10: 194148.0, 11: 329544.0, 12: 83052.0, 13: 777528.0, 14: 36.0, 15: 33876.0}
2026-06-04 18:03:09 [INFO] 分割成功
2026-06-04 18:03:09 [INFO] 引擎上下文已释放
2026-06-04 18:03:09 [INFO] TensorRT 引擎已释放
2026-06-04 18:03:09 [INFO] 全局 CUDA 资源已释放
2026-06-04 18:03:09 [INFO] 分割系统资源已释放
2026-06-04 18:03:12 [INFO] CUDA 初始化成功
2026-06-04 18:03:12 [INFO] 引擎加载成功: scrap_steel.engine
2026-06-04 18:03:12 [INFO] 分割系统初始化成功
2026-06-04 18:03:12 [INFO] 图像预处理完成，原始尺寸: (2160, 3840)
2026-06-04 18:03:12 [INFO] 开始执行分割...
2026-06-04 18:03:12 [DEBUG] 处理后的检测结果形状: (1, 8400, 6)
2026-06-04 18:03:12 [DEBUG] 示例检测结果: [[-4.12809753e+00 -3.28891277e+00  3.94871254e+01  1.54871588e+01
   4.37479777e-08  5.00000000e+00]
 [-6.52532196e+00 -3.03901291e+00  4.46076660e+01  2.98592606e+01
   1.04192601e-08  9.00000000e+00]
 [-3.56388474e+00 -3.52290726e+00  4.59284172e+01  3.05241508e+01
   4.76523532e-09  9.00000000e+00]]
2026-06-04 18:03:12 [DEBUG] 处理后检测输出形状: (0, 52)
2026-06-04 18:03:12 [DEBUG] 有效检测数量: 0
2026-06-04 18:03:12 [DEBUG] 检测输出为空
2026-06-04 18:03:12 [INFO] 掩码中检测到的类别: [0, 1, 2, 3, 4, 5, 6, 7, 8, 9, 10, 11, 12, 13, 14, 15]
2026-06-04 18:03:12 [INFO] 分割完成，检测到 0 个物体
2026-06-04 18:03:12 [INFO] 从分割掩码中提取检测结果
2026-06-04 18:03:13 [INFO] 从掩码中提取了 422 个检测框
2026-06-04 18:03:13 [INFO] 计算出的车框矩形边界: (1025, 621) to (3173, 1518)
2026-06-04 18:03:13 [INFO] 原始检测数: 422, 过滤后检测数: 205
2026-06-04 18:03:13 [INFO] 保存分割和检测结果到: C:\code\show\Scrap_Steel_In_Field\photos\segmentation\segment_20260604_180313.jpg
2026-06-04 18:03:13 [INFO] JSON结果保存到: C:\code\show\Scrap_Steel_In_Field\photos\segmentation_result.json
2026-06-04 18:03:13 [INFO] 类别统计：{0: 15, 1: 45, 2: 22, 3: 2, 4: 25, 5: 33, 6: 21, 7: 22, 8: 48, 9: 50, 10: 26, 11: 22, 12: 20, 13: 56, 14: 0, 15: 15}
2026-06-04 18:03:13 [INFO] 面积统计：{0: 3945060.0, 1: 628236.0, 2: 44604.0, 3: 140256.0, 4: 173628.0, 5: 53136.0, 6: 478980.0, 7: 27216.0, 8: 945648.0, 9: 151524.0, 10: 192708.0, 11: 326304.0, 12: 80748.0, 13: 742932.0, 14: 36.0, 15: 36072.0}
2026-06-04 18:03:13 [INFO] 分割成功
2026-06-04 18:03:13 [INFO] 引擎上下文已释放
2026-06-04 18:03:13 [INFO] TensorRT 引擎已释放
2026-06-04 18:03:13 [INFO] 全局 CUDA 资源已释放
2026-06-04 18:03:13 [INFO] 分割系统资源已释放
2026-06-04 18:03:17 [INFO] CUDA 初始化成功
2026-06-04 18:03:17 [INFO] 引擎加载成功: scrap_steel.engine
2026-06-04 18:03:17 [INFO] 分割系统初始化成功
2026-06-04 18:03:17 [INFO] 图像预处理完成，原始尺寸: (2160, 3840)
2026-06-04 18:03:17 [INFO] 开始执行分割...
2026-06-04 18:03:17 [DEBUG] 处理后的检测结果形状: (1, 8400, 6)
2026-06-04 18:03:17 [DEBUG] 示例检测结果: [[-4.12310028e+00 -3.29395294e+00  3.94650726e+01  1.55549278e+01
   4.44559412e-08  5.00000000e+00]
 [-6.45046616e+00 -3.02503777e+00  4.45381508e+01  2.99192371e+01
   1.03718634e-08  9.00000000e+00]
 [-3.52658844e+00 -3.48063087e+00  4.58708420e+01  3.04950695e+01
   4.77718309e-09  9.00000000e+00]]
2026-06-04 18:03:17 [DEBUG] 处理后检测输出形状: (0, 52)
2026-06-04 18:03:17 [DEBUG] 有效检测数量: 0
2026-06-04 18:03:17 [DEBUG] 检测输出为空
2026-06-04 18:03:17 [INFO] 掩码中检测到的类别: [0, 1, 2, 3, 4, 5, 6, 7, 8, 9, 10, 11, 12, 13, 15]
2026-06-04 18:03:17 [INFO] 分割完成，检测到 0 个物体
2026-06-04 18:03:17 [INFO] 从分割掩码中提取检测结果
2026-06-04 18:03:18 [INFO] 从掩码中提取了 410 个检测框
2026-06-04 18:03:18 [INFO] 计算出的车框矩形边界: (1026, 620) to (3173, 1518)
2026-06-04 18:03:18 [INFO] 原始检测数: 410, 过滤后检测数: 202
2026-06-04 18:03:18 [INFO] 保存分割和检测结果到: C:\code\show\Scrap_Steel_In_Field\photos\segmentation\segment_20260604_180318.jpg
2026-06-04 18:03:18 [INFO] JSON结果保存到: C:\code\show\Scrap_Steel_In_Field\photos\segmentation_result.json
2026-06-04 18:03:18 [INFO] 类别统计：{0: 10, 1: 46, 2: 21, 3: 4, 4: 27, 5: 29, 6: 20, 7: 21, 8: 45, 9: 49, 10: 22, 11: 17, 12: 21, 13: 62, 14: 0, 15: 16}
2026-06-04 18:03:18 [INFO] 面积统计：{0: 3870036.0, 1: 588492.0, 2: 44136.0, 3: 141660.0, 4: 178020.0, 5: 61992.0, 6: 484452.0, 7: 33840.0, 8: 878904.0, 9: 163440.0, 10: 187704.0, 11: 335124.0, 12: 90180.0, 13: 829512.0, 15: 36252.0}
2026-06-04 18:03:18 [INFO] 分割成功
2026-06-04 18:03:18 [INFO] 引擎上下文已释放
2026-06-04 18:03:18 [INFO] TensorRT 引擎已释放
2026-06-04 18:03:18 [INFO] 全局 CUDA 资源已释放
2026-06-04 18:03:18 [INFO] 分割系统资源已释放
2026-06-04 18:03:23 [INFO] CUDA 初始化成功
2026-06-04 18:03:23 [INFO] 引擎加载成功: scrap_steel.engine
2026-06-04 18:03:23 [INFO] 分割系统初始化成功
2026-06-04 18:03:23 [INFO] 图像预处理完成，原始尺寸: (2160, 3840)
2026-06-04 18:03:23 [INFO] 开始执行分割...
2026-06-04 18:03:23 [DEBUG] 处理后的检测结果形状: (1, 8400, 6)
2026-06-04 18:03:23 [DEBUG] 示例检测结果: [[-4.16075516e+00 -3.29595852e+00  3.95021820e+01  1.56035299e+01
   4.35851888e-08  5.00000000e+00]
 [-6.57723999e+00 -3.02652168e+00  4.46419373e+01  2.99016743e+01
   1.05075628e-08  9.00000000e+00]
 [-3.61143875e+00 -3.52394485e+00  4.59546165e+01  3.05164833e+01
   4.80991957e-09  9.00000000e+00]]
2026-06-04 18:03:23 [DEBUG] 处理后检测输出形状: (0, 52)
2026-06-04 18:03:23 [DEBUG] 有效检测数量: 0
2026-06-04 18:03:23 [DEBUG] 检测输出为空
2026-06-04 18:03:23 [INFO] 掩码中检测到的类别: [0, 1, 2, 3, 4, 5, 6, 7, 8, 9, 10, 11, 12, 13, 14, 15]
2026-06-04 18:03:23 [INFO] 分割完成，检测到 0 个物体
2026-06-04 18:03:23 [INFO] 从分割掩码中提取检测结果
2026-06-04 18:03:23 [INFO] 从掩码中提取了 452 个检测框
2026-06-04 18:03:23 [INFO] 计算出的车框矩形边界: (1026, 621) to (3173, 1518)
2026-06-04 18:03:23 [INFO] 原始检测数: 452, 过滤后检测数: 212
2026-06-04 18:03:24 [INFO] 保存分割和检测结果到: C:\code\show\Scrap_Steel_In_Field\photos\segmentation\segment_20260604_180323.jpg
2026-06-04 18:03:24 [INFO] JSON结果保存到: C:\code\show\Scrap_Steel_In_Field\photos\segmentation_result.json
2026-06-04 18:03:24 [INFO] 类别统计：{0: 12, 1: 47, 2: 22, 3: 5, 4: 23, 5: 29, 6: 24, 7: 25, 8: 52, 9: 57, 10: 31, 11: 18, 12: 20, 13: 71, 14: 0, 15: 16}
2026-06-04 18:03:24 [INFO] 面积统计：{0: 4042656.0, 1: 589968.0, 2: 42516.0, 3: 142416.0, 4: 166860.0, 5: 60228.0, 6: 483696.0, 7: 34092.0, 8: 911520.0, 9: 181224.0, 10: 193860.0, 11: 329328.0, 12: 84960.0, 13: 784584.0, 14: 36.0, 15: 38520.0}
2026-06-04 18:03:24 [INFO] 分割成功
2026-06-04 18:03:24 [INFO] 引擎上下文已释放
2026-06-04 18:03:24 [INFO] TensorRT 引擎已释放
2026-06-04 18:03:24 [INFO] 全局 CUDA 资源已释放
2026-06-04 18:03:24 [INFO] 分割系统资源已释放
2026-06-04 18:03:27 [INFO] CUDA 初始化成功
2026-06-04 18:03:28 [INFO] 引擎加载成功: scrap_steel.engine
2026-06-04 18:03:28 [INFO] 分割系统初始化成功
2026-06-04 18:03:28 [INFO] 图像预处理完成，原始尺寸: (2160, 3840)
2026-06-04 18:03:28 [INFO] 开始执行分割...
2026-06-04 18:03:28 [DEBUG] 处理后的检测结果形状: (1, 8400, 6)
2026-06-04 18:03:28 [DEBUG] 示例检测结果: [[-4.11754608e+00 -3.28217411e+00  3.93363495e+01  1.55179968e+01
   4.37479777e-08  5.00000000e+00]
 [-6.52722168e+00 -3.03665543e+00  4.45759735e+01  2.98437347e+01
   1.03787663e-08  9.00000000e+00]
 [-3.59422684e+00 -3.53753376e+00  4.59706268e+01  3.04859543e+01
   4.76523532e-09  9.00000000e+00]]
2026-06-04 18:03:28 [DEBUG] 处理后检测输出形状: (0, 52)
2026-06-04 18:03:28 [DEBUG] 有效检测数量: 0
2026-06-04 18:03:28 [DEBUG] 检测输出为空
2026-06-04 18:03:28 [INFO] 掩码中检测到的类别: [0, 1, 2, 3, 4, 5, 6, 7, 8, 9, 10, 11, 12, 13, 15]
2026-06-04 18:03:28 [INFO] 分割完成，检测到 0 个物体
2026-06-04 18:03:28 [INFO] 从分割掩码中提取检测结果
2026-06-04 18:03:28 [INFO] 从掩码中提取了 430 个检测框
2026-06-04 18:03:28 [INFO] 计算出的车框矩形边界: (1026, 620) to (3180, 1507)
2026-06-04 18:03:28 [INFO] 原始检测数: 430, 过滤后检测数: 210
2026-06-04 18:03:29 [INFO] 保存分割和检测结果到: C:\code\show\Scrap_Steel_In_Field\photos\segmentation\segment_20260604_180328.jpg
2026-06-04 18:03:29 [INFO] JSON结果保存到: C:\code\show\Scrap_Steel_In_Field\photos\segmentation_result.json
2026-06-04 18:03:29 [INFO] 类别统计：{0: 14, 1: 48, 2: 25, 3: 5, 4: 27, 5: 29, 6: 19, 7: 23, 8: 40, 9: 51, 10: 25, 11: 19, 12: 21, 13: 66, 14: 0, 15: 18}
2026-06-04 18:03:29 [INFO] 面积统计：{0: 3940848.0, 1: 611460.0, 2: 40896.0, 3: 136944.0, 4: 163368.0, 5: 54756.0, 6: 481896.0, 7: 34056.0, 8: 916344.0, 9: 172440.0, 10: 193680.0, 11: 332568.0, 12: 81900.0, 13: 764244.0, 15: 37836.0}
2026-06-04 18:03:29 [INFO] 分割成功
2026-06-04 18:03:29 [INFO] 引擎上下文已释放
2026-06-04 18:03:29 [INFO] TensorRT 引擎已释放
2026-06-04 18:03:29 [INFO] 全局 CUDA 资源已释放
2026-06-04 18:03:29 [INFO] 分割系统资源已释放
2026-06-04 18:03:33 [INFO] CUDA 初始化成功
2026-06-04 18:03:33 [INFO] 引擎加载成功: scrap_steel.engine
2026-06-04 18:03:33 [INFO] 分割系统初始化成功
2026-06-04 18:03:33 [INFO] 图像预处理完成，原始尺寸: (2160, 3840)
2026-06-04 18:03:33 [INFO] 开始执行分割...
2026-06-04 18:03:33 [DEBUG] 处理后的检测结果形状: (1, 8400, 6)
2026-06-04 18:03:33 [DEBUG] 示例检测结果: [[-4.12937927e+00 -3.27447748e+00  3.95248108e+01  1.54961720e+01
   4.44559412e-08  5.00000000e+00]
 [-6.50285339e+00 -3.01469135e+00  4.46129608e+01  2.98561478e+01
   1.04126485e-08  9.00000000e+00]
 [-3.55824661e+00 -3.50814533e+00  4.59483490e+01  3.05405159e+01
   4.72776396e-09  9.00000000e+00]]
2026-06-04 18:03:33 [DEBUG] 处理后检测输出形状: (0, 52)
2026-06-04 18:03:33 [DEBUG] 有效检测数量: 0
2026-06-04 18:03:33 [DEBUG] 检测输出为空
2026-06-04 18:03:33 [INFO] 掩码中检测到的类别: [0, 1, 2, 3, 4, 5, 6, 7, 8, 9, 10, 11, 12, 13, 14, 15]
2026-06-04 18:03:33 [INFO] 分割完成，检测到 0 个物体
2026-06-04 18:03:33 [INFO] 从分割掩码中提取检测结果
2026-06-04 18:03:33 [INFO] 从掩码中提取了 423 个检测框
2026-06-04 18:03:33 [INFO] 计算出的车框矩形边界: (1026, 619) to (3173, 1518)
2026-06-04 18:03:33 [INFO] 原始检测数: 423, 过滤后检测数: 202
2026-06-04 18:03:34 [INFO] 保存分割和检测结果到: C:\code\show\Scrap_Steel_In_Field\photos\segmentation\segment_20260604_180333.jpg
2026-06-04 18:03:34 [INFO] JSON结果保存到: C:\code\show\Scrap_Steel_In_Field\photos\segmentation_result.json
2026-06-04 18:03:34 [INFO] 类别统计：{0: 11, 1: 40, 2: 22, 3: 5, 4: 26, 5: 32, 6: 20, 7: 21, 8: 50, 9: 56, 10: 22, 11: 18, 12: 20, 13: 62, 14: 0, 15: 18}
2026-06-04 18:03:34 [INFO] 面积统计：{0: 3958848.0, 1: 603216.0, 2: 40320.0, 3: 143172.0, 4: 177552.0, 5: 62928.0, 6: 478440.0, 7: 28440.0, 8: 917460.0, 9: 184500.0, 10: 193860.0, 11: 329292.0, 12: 84276.0, 13: 776268.0, 14: 36.0, 15: 34524.0}
2026-06-04 18:03:34 [INFO] 分割成功
2026-06-04 18:03:34 [INFO] 引擎上下文已释放
2026-06-04 18:03:34 [INFO] TensorRT 引擎已释放
2026-06-04 18:03:34 [INFO] 全局 CUDA 资源已释放
2026-06-04 18:03:34 [INFO] 分割系统资源已释放
2026-06-04 18:03:38 [INFO] CUDA 初始化成功
2026-06-04 18:03:38 [INFO] 引擎加载成功: scrap_steel.engine
2026-06-04 18:03:38 [INFO] 分割系统初始化成功
2026-06-04 18:03:38 [INFO] 图像预处理完成，原始尺寸: (2160, 3840)
2026-06-04 18:03:38 [INFO] 开始执行分割...
2026-06-04 18:03:38 [DEBUG] 处理后的检测结果形状: (1, 8400, 6)
2026-06-04 18:03:38 [DEBUG] 示例检测结果: [[-4.11209488e+00 -3.28447056e+00  3.94388466e+01  1.54364939e+01
   4.41019594e-08  5.00000000e+00]
 [-6.50198746e+00 -3.01271629e+00  4.45962486e+01  2.98079395e+01
   1.03315756e-08  9.00000000e+00]
 [-3.56033325e+00 -3.46821213e+00  4.59217415e+01  3.04525528e+01
   4.77718309e-09  9.00000000e+00]]
2026-06-04 18:03:38 [DEBUG] 处理后检测输出形状: (0, 52)
2026-06-04 18:03:38 [DEBUG] 有效检测数量: 0
2026-06-04 18:03:38 [DEBUG] 检测输出为空
2026-06-04 18:03:38 [INFO] 掩码中检测到的类别: [0, 1, 2, 3, 4, 5, 6, 7, 8, 9, 10, 11, 12, 13, 14, 15]
2026-06-04 18:03:38 [INFO] 分割完成，检测到 0 个物体
2026-06-04 18:03:38 [INFO] 从分割掩码中提取检测结果
2026-06-04 18:03:38 [INFO] 从掩码中提取了 399 个检测框
2026-06-04 18:03:38 [INFO] 计算出的车框矩形边界: (1026, 620) to (3173, 1518)
2026-06-04 18:03:38 [INFO] 原始检测数: 399, 过滤后检测数: 198
2026-06-04 18:03:39 [INFO] 保存分割和检测结果到: C:\code\show\Scrap_Steel_In_Field\photos\segmentation\segment_20260604_180338.jpg
2026-06-04 18:03:39 [INFO] JSON结果保存到: C:\code\show\Scrap_Steel_In_Field\photos\segmentation_result.json
2026-06-04 18:03:39 [INFO] 类别统计：{0: 10, 1: 38, 2: 22, 3: 3, 4: 26, 5: 32, 6: 24, 7: 19, 8: 38, 9: 51, 10: 22, 11: 18, 12: 19, 13: 59, 14: 0, 15: 18}
2026-06-04 18:03:39 [INFO] 面积统计：{0: 4036140.0, 1: 596736.0, 2: 40644.0, 3: 140904.0, 4: 170424.0, 5: 56556.0, 6: 478152.0, 7: 30348.0, 8: 911808.0, 9: 175176.0, 10: 190512.0, 11: 329688.0, 12: 88524.0, 13: 790560.0, 14: 36.0, 15: 27108.0}
2026-06-04 18:03:39 [INFO] 分割成功
2026-06-04 18:03:39 [INFO] 引擎上下文已释放
2026-06-04 18:03:39 [INFO] TensorRT 引擎已释放
2026-06-04 18:03:39 [INFO] 全局 CUDA 资源已释放
2026-06-04 18:03:39 [INFO] 分割系统资源已释放
