2026-06-22 17:43:04 [INFO] CUDA 初始化成功
2026-06-22 17:43:04 [INFO] 引擎加载成功: scrap_steel.engine
2026-06-22 17:43:04 [INFO] 分割系统初始化成功
2026-06-22 17:43:07 [INFO] 引擎加载成功: scrap_steel.engine
2026-06-22 17:43:07 [INFO] 分割系统初始化成功
2026-06-22 17:43:07 [INFO] 图像预处理完成，原始尺寸: (2160, 3840)
2026-06-22 17:43:07 [INFO] 开始执行分割...
2026-06-22 17:43:07 [ERROR] 推理过程发生异常: explicit_context_dependent failed: invalid device context - no currently active context?
2026-06-22 17:43:07 [INFO] 分割完成，检测到 0 个物体
2026-06-22 17:43:07 [INFO] 计算出的车框矩形边界: (1445, 200) to (3762, 2095)
2026-06-22 17:43:07 [INFO] 原始检测数: 0, 过滤后检测数: 0
2026-06-22 17:43:07 [ERROR] 保存结果失败: 'NoneType' object has no attribute 'shape'
2026-06-22 17:43:07 [ERROR] 分割失败: 未能生成有效的分割掩码
2026-06-22 17:43:07 [INFO] 引擎上下文已释放
2026-06-22 17:43:07 [INFO] TensorRT 引擎已释放
2026-06-22 17:43:07 [INFO] 全局 CUDA 资源已释放
2026-06-22 17:43:07 [INFO] 分割系统资源已释放
2026-06-22 17:43:13 [INFO] CUDA 初始化成功
2026-06-22 17:43:13 [INFO] 引擎加载成功: scrap_steel.engine
2026-06-22 17:43:13 [INFO] 分割系统初始化成功
2026-06-22 17:43:13 [INFO] 图像预处理完成，原始尺寸: (2160, 3840)
2026-06-22 17:43:13 [INFO] 开始执行分割...
2026-06-22 17:43:13 [DEBUG] 处理后的检测结果形状: (1, 8400, 6)
2026-06-22 17:43:13 [DEBUG] 示例检测结果: [[-4.09736633e+00 -3.12480593e+00  3.92110672e+01  1.47077141e+01
   3.62519188e-08  5.00000000e+00]
 [-6.60137177e+00 -2.93321800e+00  4.47451630e+01  2.89453030e+01
   8.92721097e-09  9.00000000e+00]
 [-3.63045502e+00 -3.27989864e+00  4.58585854e+01  2.96762161e+01
   4.21711643e-09  9.00000000e+00]]
2026-06-22 17:43:13 [DEBUG] 处理后检测输出形状: (0, 52)
2026-06-22 17:43:13 [DEBUG] 有效检测数量: 0
2026-06-22 17:43:13 [DEBUG] 检测输出为空
2026-06-22 17:43:13 [INFO] 掩码中检测到的类别: [0, 1, 2, 3, 4, 5, 6, 7, 8, 9, 10, 11, 12, 13, 15]
2026-06-22 17:43:13 [INFO] 分割完成，检测到 0 个物体
2026-06-22 17:43:13 [INFO] 从分割掩码中提取检测结果
2026-06-22 17:43:13 [INFO] 从掩码中提取了 486 个检测框
2026-06-22 17:43:13 [INFO] 计算出的车框矩形边界: (1444, 199) to (3761, 2095)
2026-06-22 17:43:13 [INFO] 原始检测数: 486, 过滤后检测数: 266
2026-06-22 17:43:13 [INFO] 保存分割和检测结果到: C:\code\show\Scrap_Steel_In_Field\photos\segmentation\segment_20260622_174313.jpg
2026-06-22 17:43:13 [INFO] JSON结果保存到: C:\code\show\Scrap_Steel_In_Field\photos\segmentation_result.json
2026-06-22 17:43:13 [INFO] 类别统计：{0: 46, 1: 50, 2: 20, 3: 10, 4: 27, 5: 25, 6: 34, 7: 24, 8: 57, 9: 49, 10: 23, 11: 26, 12: 5, 13: 68, 14: 0, 15: 22}
2026-06-22 17:43:13 [INFO] 面积统计：{0: 2045988.0, 1: 480816.0, 2: 54216.0, 3: 184824.0, 4: 100728.0, 5: 55188.0, 6: 909720.0, 7: 40212.0, 8: 1041156.0, 9: 439020.0, 10: 142596.0, 11: 193356.0, 12: 211284.0, 13: 674388.0, 15: 109152.0}
2026-06-22 17:43:13 [INFO] 分割成功
2026-06-22 17:43:13 [INFO] 引擎上下文已释放
2026-06-22 17:43:13 [INFO] TensorRT 引擎已释放
2026-06-22 17:43:13 [INFO] 全局 CUDA 资源已释放
2026-06-22 17:43:13 [INFO] 分割系统资源已释放
2026-06-22 17:43:23 [INFO] CUDA 初始化成功
2026-06-22 17:43:23 [INFO] 引擎加载成功: scrap_steel.engine
2026-06-22 17:43:23 [INFO] 分割系统初始化成功
2026-06-22 17:43:23 [INFO] 图像预处理完成，原始尺寸: (2160, 3840)
2026-06-22 17:43:23 [INFO] 开始执行分割...
2026-06-22 17:43:23 [DEBUG] 处理后的检测结果形状: (1, 8400, 6)
2026-06-22 17:43:23 [DEBUG] 示例检测结果: [[-4.14352036e+00 -3.17273283e+00  3.93394127e+01  1.48611755e+01
   3.72522031e-08  5.00000000e+00]
 [-6.70233917e+00 -2.92262268e+00  4.48371658e+01  2.88223629e+01
   8.93136765e-09  9.00000000e+00]
 [-3.67345428e+00 -3.30250072e+00  4.58936157e+01  2.95896645e+01
   4.20062651e-09  9.00000000e+00]]
2026-06-22 17:43:23 [DEBUG] 处理后检测输出形状: (0, 52)
2026-06-22 17:43:23 [DEBUG] 有效检测数量: 0
2026-06-22 17:43:23 [DEBUG] 检测输出为空
2026-06-22 17:43:23 [INFO] 掩码中检测到的类别: [0, 1, 2, 3, 4, 5, 6, 7, 8, 9, 10, 11, 12, 13, 15]
2026-06-22 17:43:23 [INFO] 分割完成，检测到 0 个物体
2026-06-22 17:43:23 [INFO] 从分割掩码中提取检测结果
2026-06-22 17:43:23 [INFO] 从掩码中提取了 448 个检测框
2026-06-22 17:43:23 [INFO] 计算出的车框矩形边界: (1447, 198) to (3763, 2094)
2026-06-22 17:43:23 [INFO] 原始检测数: 448, 过滤后检测数: 253
2026-06-22 17:43:24 [INFO] 保存分割和检测结果到: C:\code\show\Scrap_Steel_In_Field\photos\segmentation\segment_20260622_174323.jpg
2026-06-22 17:43:24 [INFO] JSON结果保存到: C:\code\show\Scrap_Steel_In_Field\photos\segmentation_result.json
2026-06-22 17:43:24 [INFO] 类别统计：{0: 27, 1: 44, 2: 23, 3: 7, 4: 26, 5: 27, 6: 35, 7: 21, 8: 58, 9: 39, 10: 22, 11: 20, 12: 5, 13: 74, 14: 0, 15: 20}
2026-06-22 17:43:24 [INFO] 面积统计：{0: 1996416.0, 1: 537408.0, 2: 55008.0, 3: 179460.0, 4: 110916.0, 5: 59112.0, 6: 859176.0, 7: 41904.0, 8: 1026756.0, 9: 446436.0, 10: 125676.0, 11: 181332.0, 12: 209772.0, 13: 664380.0, 15: 109008.0}
2026-06-22 17:43:24 [INFO] 分割成功
2026-06-22 17:43:24 [INFO] 引擎上下文已释放
2026-06-22 17:43:24 [INFO] TensorRT 引擎已释放
2026-06-22 17:43:24 [INFO] 全局 CUDA 资源已释放
2026-06-22 17:43:24 [INFO] 分割系统资源已释放
2026-06-22 17:43:28 [INFO] CUDA 初始化成功
2026-06-22 17:43:28 [INFO] 引擎加载成功: scrap_steel.engine
2026-06-22 17:43:28 [INFO] 分割系统初始化成功
2026-06-22 17:43:28 [INFO] 图像预处理完成，原始尺寸: (2160, 3840)
2026-06-22 17:43:28 [INFO] 开始执行分割...
2026-06-22 17:43:28 [DEBUG] 处理后的检测结果形状: (1, 8400, 6)
2026-06-22 17:43:28 [DEBUG] 示例检测结果: [[-4.07585526e+00 -3.17853451e+00  3.95075531e+01  1.49136534e+01
   3.70926010e-08  5.00000000e+00]
 [-6.67312241e+00 -2.94235229e+00  4.52060051e+01  2.90410042e+01
   8.89020857e-09  9.00000000e+00]
 [-3.62570953e+00 -3.27196503e+00  4.61493912e+01  2.99716873e+01
   4.13328927e-09  9.00000000e+00]]
2026-06-22 17:43:28 [DEBUG] 处理后检测输出形状: (0, 52)
2026-06-22 17:43:28 [DEBUG] 有效检测数量: 0
2026-06-22 17:43:28 [DEBUG] 检测输出为空
2026-06-22 17:43:28 [INFO] 掩码中检测到的类别: [0, 1, 2, 3, 4, 5, 6, 7, 8, 9, 10, 11, 12, 13, 15]
2026-06-22 17:43:28 [INFO] 分割完成，检测到 0 个物体
2026-06-22 17:43:28 [INFO] 从分割掩码中提取检测结果
2026-06-22 17:43:28 [INFO] 从掩码中提取了 443 个检测框
2026-06-22 17:43:28 [ERROR] 保存结果失败: 'NoneType' object has no attribute 'astype'
2026-06-22 17:43:28 [INFO] 分割成功
2026-06-22 17:43:28 [INFO] 引擎上下文已释放
2026-06-22 17:43:28 [INFO] TensorRT 引擎已释放
2026-06-22 17:43:28 [INFO] 全局 CUDA 资源已释放
2026-06-22 17:43:28 [INFO] 分割系统资源已释放
2026-06-22 17:43:33 [INFO] CUDA 初始化成功
2026-06-22 17:43:33 [INFO] 引擎加载成功: scrap_steel.engine
2026-06-22 17:43:33 [INFO] 分割系统初始化成功
2026-06-22 17:43:33 [INFO] 图像预处理完成，原始尺寸: (2160, 3840)
2026-06-22 17:43:33 [INFO] 开始执行分割...
2026-06-22 17:43:33 [DEBUG] 处理后的检测结果形状: (1, 8400, 6)
2026-06-22 17:43:33 [DEBUG] 示例检测结果: [[-4.12941742e+00 -3.15298462e+00  3.98056717e+01  1.48043079e+01
   3.73839484e-08  5.00000000e+00]
 [-6.73755264e+00 -2.91435528e+00  4.53345528e+01  2.91060410e+01
   9.13685927e-09  9.00000000e+00]
 [-3.67545319e+00 -3.27300453e+00  4.61558304e+01  3.00070782e+01
   4.36060077e-09  9.00000000e+00]]
2026-06-22 17:43:33 [DEBUG] 处理后检测输出形状: (0, 52)
2026-06-22 17:43:33 [DEBUG] 有效检测数量: 0
2026-06-22 17:43:33 [DEBUG] 检测输出为空
2026-06-22 17:43:33 [INFO] 掩码中检测到的类别: [0, 1, 2, 3, 4, 5, 6, 7, 8, 9, 10, 11, 12, 13, 15]
2026-06-22 17:43:33 [INFO] 分割完成，检测到 0 个物体
2026-06-22 17:43:33 [INFO] 从分割掩码中提取检测结果
2026-06-22 17:43:34 [INFO] 从掩码中提取了 463 个检测框
2026-06-22 17:43:34 [INFO] 计算出的车框矩形边界: (1450, 197) to (3763, 2100)
2026-06-22 17:43:34 [INFO] 原始检测数: 463, 过滤后检测数: 269
2026-06-22 17:43:34 [INFO] 保存分割和检测结果到: C:\code\show\Scrap_Steel_In_Field\photos\segmentation\segment_20260622_174334.jpg
2026-06-22 17:43:34 [INFO] JSON结果保存到: C:\code\show\Scrap_Steel_In_Field\photos\segmentation_result.json
2026-06-22 17:43:34 [INFO] 类别统计：{0: 42, 1: 34, 2: 16, 3: 10, 4: 35, 5: 22, 6: 38, 7: 17, 8: 59, 9: 43, 10: 20, 11: 27, 12: 6, 13: 76, 14: 0, 15: 18}
2026-06-22 17:43:34 [INFO] 面积统计：{0: 1708668.0, 1: 434088.0, 2: 48672.0, 3: 201024.0, 4: 115092.0, 5: 41364.0, 6: 866628.0, 7: 38412.0, 8: 1099656.0, 9: 522792.0, 10: 142200.0, 11: 223560.0, 12: 178020.0, 13: 705240.0, 15: 139716.0}
2026-06-22 17:43:34 [INFO] 分割成功
2026-06-22 17:43:34 [INFO] 引擎上下文已释放
2026-06-22 17:43:34 [INFO] TensorRT 引擎已释放
2026-06-22 17:43:34 [INFO] 全局 CUDA 资源已释放
2026-06-22 17:43:34 [INFO] 分割系统资源已释放
2026-06-22 17:43:38 [INFO] CUDA 初始化成功
2026-06-22 17:43:38 [INFO] 引擎加载成功: scrap_steel.engine
2026-06-22 17:43:38 [INFO] 分割系统初始化成功
2026-06-22 17:43:38 [INFO] 图像预处理完成，原始尺寸: (2160, 3840)
2026-06-22 17:43:38 [INFO] 开始执行分割...
2026-06-22 17:43:38 [DEBUG] 处理后的检测结果形状: (1, 8400, 6)
2026-06-22 17:43:38 [DEBUG] 示例检测结果: [[-4.14421082e+00 -3.17021370e+00  3.92826462e+01  1.46984596e+01
   3.61103787e-08  5.00000000e+00]
 [-6.69984436e+00 -2.96222878e+00  4.48576202e+01  2.88309269e+01
   8.89640361e-09  9.00000000e+00]
 [-3.66783524e+00 -3.31981659e+00  4.58986702e+01  2.96252365e+01
   4.21761293e-09  9.00000000e+00]]
2026-06-22 17:43:38 [DEBUG] 处理后检测输出形状: (0, 52)
2026-06-22 17:43:38 [DEBUG] 有效检测数量: 0
2026-06-22 17:43:38 [DEBUG] 检测输出为空
2026-06-22 17:43:38 [INFO] 掩码中检测到的类别: [0, 1, 2, 3, 4, 5, 6, 7, 8, 9, 10, 11, 12, 13, 15]
2026-06-22 17:43:38 [INFO] 分割完成，检测到 0 个物体
2026-06-22 17:43:38 [INFO] 从分割掩码中提取检测结果
2026-06-22 17:43:39 [INFO] 从掩码中提取了 478 个检测框
2026-06-22 17:43:39 [INFO] 计算出的车框矩形边界: (1448, 197) to (3764, 2099)
2026-06-22 17:43:39 [INFO] 原始检测数: 478, 过滤后检测数: 262
2026-06-22 17:43:39 [INFO] 保存分割和检测结果到: C:\code\show\Scrap_Steel_In_Field\photos\segmentation\segment_20260622_174339.jpg
2026-06-22 17:43:39 [INFO] JSON结果保存到: C:\code\show\Scrap_Steel_In_Field\photos\segmentation_result.json
2026-06-22 17:43:39 [INFO] 类别统计：{0: 38, 1: 42, 2: 24, 3: 8, 4: 29, 5: 24, 6: 30, 7: 23, 8: 71, 9: 37, 10: 20, 11: 26, 12: 4, 13: 77, 14: 0, 15: 25}
2026-06-22 17:43:39 [INFO] 面积统计：{0: 1991988.0, 1: 475380.0, 2: 49392.0, 3: 173772.0, 4: 111420.0, 5: 50148.0, 6: 815724.0, 7: 37368.0, 8: 1048716.0, 9: 437976.0, 10: 145800.0, 11: 215568.0, 12: 197712.0, 13: 669744.0, 15: 101016.0}
2026-06-22 17:43:39 [INFO] 分割成功
2026-06-22 17:43:39 [INFO] 引擎上下文已释放
2026-06-22 17:43:39 [INFO] TensorRT 引擎已释放
2026-06-22 17:43:39 [INFO] 全局 CUDA 资源已释放
2026-06-22 17:43:39 [INFO] 分割系统资源已释放
2026-06-22 17:43:43 [INFO] CUDA 初始化成功
2026-06-22 17:43:43 [INFO] 引擎加载成功: scrap_steel.engine
2026-06-22 17:43:43 [INFO] 分割系统初始化成功
2026-06-22 17:43:43 [INFO] 图像预处理完成，原始尺寸: (2160, 3840)
2026-06-22 17:43:43 [INFO] 开始执行分割...
2026-06-22 17:43:43 [DEBUG] 处理后的检测结果形状: (1, 8400, 6)
2026-06-22 17:43:43 [DEBUG] 示例检测结果: [[-4.07464981e+00 -3.17054272e+00  3.96867180e+01  1.48759737e+01
   3.85831846e-08  5.00000000e+00]
 [-6.69232178e+00 -2.95385361e+00  4.51912994e+01  2.89947739e+01
   9.11682818e-09  9.00000000e+00]
 [-3.65613556e+00 -3.29762077e+00  4.61191254e+01  3.00707073e+01
   4.25759872e-09  9.00000000e+00]]
2026-06-22 17:43:43 [DEBUG] 处理后检测输出形状: (0, 52)
2026-06-22 17:43:43 [DEBUG] 有效检测数量: 0
2026-06-22 17:43:43 [DEBUG] 检测输出为空
2026-06-22 17:43:43 [INFO] 掩码中检测到的类别: [0, 1, 2, 3, 4, 5, 6, 7, 8, 9, 10, 11, 12, 13, 15]
2026-06-22 17:43:43 [INFO] 分割完成，检测到 0 个物体
2026-06-22 17:43:43 [INFO] 从分割掩码中提取检测结果
2026-06-22 17:43:44 [INFO] 从掩码中提取了 404 个检测框
2026-06-22 17:43:44 [ERROR] 保存结果失败: 'NoneType' object has no attribute 'astype'
2026-06-22 17:43:44 [INFO] 分割成功
2026-06-22 17:43:44 [INFO] 引擎上下文已释放
2026-06-22 17:43:44 [INFO] TensorRT 引擎已释放
2026-06-22 17:43:44 [INFO] 全局 CUDA 资源已释放
2026-06-22 17:43:44 [INFO] 分割系统资源已释放
2026-06-22 17:43:48 [INFO] CUDA 初始化成功
2026-06-22 17:43:48 [INFO] 引擎加载成功: scrap_steel.engine
2026-06-22 17:43:48 [INFO] 分割系统初始化成功
2026-06-22 17:43:48 [INFO] 图像预处理完成，原始尺寸: (2160, 3840)
2026-06-22 17:43:48 [INFO] 开始执行分割...
2026-06-22 17:43:48 [DEBUG] 处理后的检测结果形状: (1, 8400, 6)
2026-06-22 17:43:48 [DEBUG] 示例检测结果: [[-4.24077225e+00 -3.47123718e+00  4.00643997e+01  1.65267677e+01
   4.27862616e-08  5.00000000e+00]
 [-6.29629517e+00 -3.17505169e+00  4.46968689e+01  3.11218758e+01
   9.48813028e-09  9.00000000e+00]
 [-3.34916687e+00 -3.54258537e+00  4.56597214e+01  3.10500088e+01
   4.39025527e-09  9.00000000e+00]]
2026-06-22 17:43:48 [DEBUG] 处理后检测输出形状: (0, 52)
2026-06-22 17:43:48 [DEBUG] 有效检测数量: 0
2026-06-22 17:43:48 [DEBUG] 检测输出为空
2026-06-22 17:43:48 [INFO] 掩码中检测到的类别: [0, 1, 2, 3, 4, 5, 6, 7, 8, 9, 10, 11, 12, 13, 15]
2026-06-22 17:43:49 [INFO] 分割完成，检测到 0 个物体
2026-06-22 17:43:49 [INFO] 从分割掩码中提取检测结果
2026-06-22 17:43:49 [INFO] 从掩码中提取了 389 个检测框
2026-06-22 17:43:49 [INFO] 计算出的车框矩形边界: (1445, 195) to (3764, 2099)
2026-06-22 17:43:49 [INFO] 原始检测数: 389, 过滤后检测数: 242
2026-06-22 17:43:49 [INFO] 保存分割和检测结果到: C:\code\show\Scrap_Steel_In_Field\photos\segmentation\segment_20260622_174349.jpg
2026-06-22 17:43:49 [INFO] JSON结果保存到: C:\code\show\Scrap_Steel_In_Field\photos\segmentation_result.json
2026-06-22 17:43:49 [INFO] 类别统计：{0: 29, 1: 29, 2: 13, 3: 14, 4: 23, 5: 22, 6: 20, 7: 20, 8: 59, 9: 28, 10: 23, 11: 25, 12: 2, 13: 60, 14: 0, 15: 22}
2026-06-22 17:43:49 [INFO] 面积统计：{0: 1730088.0, 1: 278892.0, 2: 49176.0, 3: 345528.0, 4: 39528.0, 5: 60192.0, 6: 1054116.0, 7: 28836.0, 8: 945000.0, 9: 780372.0, 10: 165564.0, 11: 149292.0, 12: 171540.0, 13: 673344.0, 15: 71424.0}
2026-06-22 17:43:49 [INFO] 分割成功
2026-06-22 17:43:49 [INFO] 引擎上下文已释放
2026-06-22 17:43:49 [INFO] TensorRT 引擎已释放
2026-06-22 17:43:50 [INFO] 全局 CUDA 资源已释放
2026-06-22 17:43:50 [INFO] 分割系统资源已释放
2026-06-22 17:43:54 [INFO] CUDA 初始化成功
2026-06-22 17:43:54 [INFO] 引擎加载成功: scrap_steel.engine
2026-06-22 17:43:54 [INFO] 分割系统初始化成功
2026-06-22 17:43:54 [INFO] 图像预处理完成，原始尺寸: (2160, 3840)
2026-06-22 17:43:54 [INFO] 开始执行分割...
2026-06-22 17:43:54 [DEBUG] 处理后的检测结果形状: (1, 8400, 6)
2026-06-22 17:43:54 [DEBUG] 示例检测结果: [[-4.13008118e+00 -3.14885139e+00  3.91742439e+01  1.46506748e+01
   3.56970844e-08  5.00000000e+00]
 [-6.69602203e+00 -2.94903374e+00  4.48045502e+01  2.88744335e+01
   8.94141916e-09  9.00000000e+00]
 [-3.67523956e+00 -3.32363129e+00  4.58963242e+01  2.96199989e+01
   4.21678692e-09  9.00000000e+00]]
2026-06-22 17:43:54 [DEBUG] 处理后检测输出形状: (0, 52)
2026-06-22 17:43:54 [DEBUG] 有效检测数量: 0
2026-06-22 17:43:54 [DEBUG] 检测输出为空
2026-06-22 17:43:54 [INFO] 掩码中检测到的类别: [0, 1, 2, 3, 4, 5, 6, 7, 8, 9, 10, 11, 12, 13, 15]
2026-06-22 17:43:54 [INFO] 分割完成，检测到 0 个物体
2026-06-22 17:43:54 [INFO] 从分割掩码中提取检测结果
2026-06-22 17:43:54 [INFO] 从掩码中提取了 464 个检测框
2026-06-22 17:43:54 [INFO] 计算出的车框矩形边界: (1447, 196) to (3764, 2099)
2026-06-22 17:43:54 [INFO] 原始检测数: 464, 过滤后检测数: 242
2026-06-22 17:43:55 [INFO] 保存分割和检测结果到: C:\code\show\Scrap_Steel_In_Field\photos\segmentation\segment_20260622_174354.jpg
2026-06-22 17:43:55 [INFO] JSON结果保存到: C:\code\show\Scrap_Steel_In_Field\photos\segmentation_result.json
2026-06-22 17:43:55 [INFO] 类别统计：{0: 40, 1: 48, 2: 23, 3: 7, 4: 24, 5: 28, 6: 30, 7: 20, 8: 61, 9: 38, 10: 20, 11: 28, 12: 3, 13: 74, 14: 0, 15: 20}
2026-06-22 17:43:55 [INFO] 面积统计：{0: 1923120.0, 1: 481932.0, 2: 45288.0, 3: 185940.0, 4: 112176.0, 5: 55188.0, 6: 880020.0, 7: 38664.0, 8: 1028016.0, 9: 460008.0, 10: 151560.0, 11: 225900.0, 12: 194616.0, 13: 667224.0, 15: 88236.0}
2026-06-22 17:43:55 [INFO] 分割成功
2026-06-22 17:43:55 [INFO] 引擎上下文已释放
2026-06-22 17:43:55 [INFO] TensorRT 引擎已释放
2026-06-22 17:43:55 [INFO] 全局 CUDA 资源已释放
2026-06-22 17:43:55 [INFO] 分割系统资源已释放
2026-06-22 17:43:59 [INFO] CUDA 初始化成功
2026-06-22 17:43:59 [INFO] 引擎加载成功: scrap_steel.engine
2026-06-22 17:43:59 [INFO] 分割系统初始化成功
2026-06-22 17:43:59 [INFO] 图像预处理完成，原始尺寸: (2160, 3840)
2026-06-22 17:43:59 [INFO] 开始执行分割...
2026-06-22 17:43:59 [DEBUG] 处理后的检测结果形状: (1, 8400, 6)
2026-06-22 17:43:59 [DEBUG] 示例检测结果: [[-4.10177994e+00 -3.12659645e+00  3.91201935e+01  1.46278877e+01
   3.61184931e-08  5.00000000e+00]
 [-6.64092255e+00 -2.92488289e+00  4.47898102e+01  2.87551746e+01
   9.04692765e-09  9.00000000e+00]
 [-3.66068649e+00 -3.29385376e+00  4.58300781e+01  2.95907936e+01
   4.24904556e-09  9.00000000e+00]]
2026-06-22 17:43:59 [DEBUG] 处理后检测输出形状: (0, 52)
2026-06-22 17:43:59 [DEBUG] 有效检测数量: 0
2026-06-22 17:43:59 [DEBUG] 检测输出为空
2026-06-22 17:43:59 [INFO] 掩码中检测到的类别: [0, 1, 2, 3, 4, 5, 6, 7, 8, 9, 10, 11, 12, 13, 15]
2026-06-22 17:43:59 [INFO] 分割完成，检测到 0 个物体
2026-06-22 17:43:59 [INFO] 从分割掩码中提取检测结果
2026-06-22 17:43:59 [INFO] 从掩码中提取了 473 个检测框
2026-06-22 17:44:00 [INFO] 计算出的车框矩形边界: (1447, 196) to (3764, 2099)
2026-06-22 17:44:00 [INFO] 原始检测数: 473, 过滤后检测数: 261
2026-06-22 17:44:00 [INFO] 保存分割和检测结果到: C:\code\show\Scrap_Steel_In_Field\photos\segmentation\segment_20260622_174359.jpg
2026-06-22 17:44:00 [INFO] JSON结果保存到: C:\code\show\Scrap_Steel_In_Field\photos\segmentation_result.json
2026-06-22 17:44:00 [INFO] 类别统计：{0: 31, 1: 48, 2: 22, 3: 6, 4: 26, 5: 23, 6: 24, 7: 20, 8: 61, 9: 39, 10: 21, 11: 31, 12: 7, 13: 93, 14: 0, 15: 21}
2026-06-22 17:44:00 [INFO] 面积统计：{0: 1996128.0, 1: 488304.0, 2: 44856.0, 3: 185436.0, 4: 83088.0, 5: 49140.0, 6: 830160.0, 7: 36576.0, 8: 1039788.0, 9: 450324.0, 10: 149688.0, 11: 230508.0, 12: 211536.0, 13: 676404.0, 15: 100188.0}
2026-06-22 17:44:00 [INFO] 分割成功
2026-06-22 17:44:00 [INFO] 引擎上下文已释放
2026-06-22 17:44:00 [INFO] TensorRT 引擎已释放
2026-06-22 17:44:00 [INFO] 全局 CUDA 资源已释放
2026-06-22 17:44:00 [INFO] 分割系统资源已释放
2026-06-22 17:44:04 [INFO] CUDA 初始化成功
2026-06-22 17:44:04 [INFO] 引擎加载成功: scrap_steel.engine
2026-06-22 17:44:04 [INFO] 分割系统初始化成功
2026-06-22 17:44:04 [INFO] 图像预处理完成，原始尺寸: (2160, 3840)
2026-06-22 17:44:04 [INFO] 开始执行分割...
2026-06-22 17:44:05 [DEBUG] 处理后的检测结果形状: (1, 8400, 6)
2026-06-22 17:44:05 [DEBUG] 示例检测结果: [[-4.17087173e+00 -3.20742702e+00  3.93752022e+01  1.48601942e+01
   3.71127307e-08  5.00000000e+00]
 [-6.73500061e+00 -2.99497700e+00  4.49597778e+01  2.90936623e+01
   8.85188900e-09  9.00000000e+00]
 [-3.69392776e+00 -3.35435486e+00  4.60193481e+01  2.98995094e+01
   4.20047996e-09  9.00000000e+00]]
2026-06-22 17:44:05 [DEBUG] 处理后检测输出形状: (0, 52)
2026-06-22 17:44:05 [DEBUG] 有效检测数量: 0
2026-06-22 17:44:05 [DEBUG] 检测输出为空
2026-06-22 17:44:05 [INFO] 掩码中检测到的类别: [0, 1, 2, 3, 4, 5, 6, 7, 8, 9, 10, 11, 12, 13, 15]
2026-06-22 17:44:05 [INFO] 分割完成，检测到 0 个物体
2026-06-22 17:44:05 [INFO] 从分割掩码中提取检测结果
2026-06-22 17:44:05 [INFO] 从掩码中提取了 526 个检测框
2026-06-22 17:44:05 [ERROR] 保存结果失败: 'NoneType' object has no attribute 'astype'
2026-06-22 17:44:05 [INFO] 分割成功
2026-06-22 17:44:05 [INFO] 引擎上下文已释放
2026-06-22 17:44:05 [INFO] TensorRT 引擎已释放
2026-06-22 17:44:05 [INFO] 全局 CUDA 资源已释放
2026-06-22 17:44:05 [INFO] 分割系统资源已释放
2026-06-22 17:44:10 [INFO] CUDA 初始化成功
2026-06-22 17:44:10 [INFO] 引擎加载成功: scrap_steel.engine
2026-06-22 17:44:10 [INFO] 分割系统初始化成功
2026-06-22 17:44:10 [INFO] 图像预处理完成，原始尺寸: (2160, 3840)
2026-06-22 17:44:10 [INFO] 开始执行分割...
2026-06-22 17:44:10 [DEBUG] 处理后的检测结果形状: (1, 8400, 6)
2026-06-22 17:44:10 [DEBUG] 示例检测结果: [[-4.08606339e+00 -3.15359449e+00  3.96094055e+01  1.48240891e+01
   3.76800813e-08  5.00000000e+00]
 [-6.64983368e+00 -2.92466736e+00  4.50732422e+01  2.90764961e+01
   9.06524189e-09  9.00000000e+00]
 [-3.61104202e+00 -3.26357460e+00  4.60472641e+01  2.98729038e+01
   4.37913705e-09  9.00000000e+00]]
2026-06-22 17:44:10 [DEBUG] 处理后检测输出形状: (0, 52)
2026-06-22 17:44:10 [DEBUG] 有效检测数量: 0
2026-06-22 17:44:10 [DEBUG] 检测输出为空
2026-06-22 17:44:10 [INFO] 掩码中检测到的类别: [0, 1, 2, 3, 4, 5, 6, 7, 8, 9, 10, 11, 12, 13, 15]
2026-06-22 17:44:10 [INFO] 分割完成，检测到 0 个物体
2026-06-22 17:44:10 [INFO] 从分割掩码中提取检测结果
2026-06-22 17:44:10 [INFO] 从掩码中提取了 516 个检测框
2026-06-22 17:44:10 [ERROR] 保存结果失败: 'NoneType' object has no attribute 'astype'
2026-06-22 17:44:10 [INFO] 分割成功
2026-06-22 17:44:10 [INFO] 引擎上下文已释放
2026-06-22 17:44:10 [INFO] TensorRT 引擎已释放
2026-06-22 17:44:10 [INFO] 全局 CUDA 资源已释放
2026-06-22 17:44:10 [INFO] 分割系统资源已释放
2026-06-22 17:44:15 [INFO] CUDA 初始化成功
2026-06-22 17:44:15 [INFO] 引擎加载成功: scrap_steel.engine
2026-06-22 17:44:15 [INFO] 分割系统初始化成功
2026-06-22 17:44:15 [INFO] 图像预处理完成，原始尺寸: (2160, 3840)
2026-06-22 17:44:15 [INFO] 开始执行分割...
2026-06-22 17:44:15 [DEBUG] 处理后的检测结果形状: (1, 8400, 6)
2026-06-22 17:44:15 [DEBUG] 示例检测结果: [[-4.12136459e+00 -3.16757298e+00  3.94071999e+01  1.47509165e+01
   3.74025291e-08  5.00000000e+00]
 [-6.65563965e+00 -2.93929291e+00  4.49248772e+01  2.89119587e+01
   8.92163410e-09  9.00000000e+00]
 [-3.63766479e+00 -3.30184555e+00  4.59715805e+01  2.97890244e+01
   4.20047996e-09  9.00000000e+00]]
2026-06-22 17:44:15 [DEBUG] 处理后检测输出形状: (1, 52)
2026-06-22 17:44:15 [DEBUG] 有效检测数量: 1
2026-06-22 17:44:15 [DEBUG] 最大置信度: 0.0789, 平均置信度: 0.0789
2026-06-22 17:44:15 [INFO] 掩码中检测到的类别: [0, 1, 2, 3, 4, 5, 6, 7, 8, 9, 10, 11, 12, 13, 14, 15]
2026-06-22 17:44:15 [INFO] 分割完成，检测到 0 个物体
2026-06-22 17:44:15 [INFO] 从分割掩码中提取检测结果
2026-06-22 17:44:16 [INFO] 从掩码中提取了 560 个检测框
2026-06-22 17:44:16 [ERROR] 保存结果失败: 'NoneType' object has no attribute 'astype'
2026-06-22 17:44:16 [INFO] 分割成功
2026-06-22 17:44:16 [INFO] 引擎上下文已释放
2026-06-22 17:44:16 [INFO] TensorRT 引擎已释放
2026-06-22 17:44:16 [INFO] 全局 CUDA 资源已释放
2026-06-22 17:44:16 [INFO] 分割系统资源已释放
2026-06-22 17:44:20 [INFO] CUDA 初始化成功
2026-06-22 17:44:20 [INFO] 引擎加载成功: scrap_steel.engine
2026-06-22 17:44:20 [INFO] 分割系统初始化成功
2026-06-22 17:44:20 [INFO] 图像预处理完成，原始尺寸: (2160, 3840)
2026-06-22 17:44:20 [INFO] 开始执行分割...
2026-06-22 17:44:20 [DEBUG] 处理后的检测结果形状: (1, 8400, 6)
2026-06-22 17:44:20 [DEBUG] 示例检测结果: [[-4.09693909e+00 -3.12277508e+00  3.92317963e+01  1.46311407e+01
   3.66880606e-08  5.00000000e+00]
 [-6.60675049e+00 -2.90983009e+00  4.47841835e+01  2.87841072e+01
   9.10748277e-09  9.00000000e+00]
 [-3.66730118e+00 -3.27980804e+00  4.58799210e+01  2.95769768e+01
   4.28352021e-09  9.00000000e+00]]
2026-06-22 17:44:20 [DEBUG] 处理后检测输出形状: (0, 52)
2026-06-22 17:44:20 [DEBUG] 有效检测数量: 0
2026-06-22 17:44:20 [DEBUG] 检测输出为空
2026-06-22 17:44:20 [INFO] 掩码中检测到的类别: [0, 1, 2, 3, 4, 5, 6, 7, 8, 9, 10, 11, 12, 13, 14, 15]
2026-06-22 17:44:20 [INFO] 分割完成，检测到 0 个物体
2026-06-22 17:44:20 [INFO] 从分割掩码中提取检测结果
2026-06-22 17:44:21 [INFO] 从掩码中提取了 593 个检测框
2026-06-22 17:44:21 [INFO] 计算出的车框矩形边界: (1125, 713) to (3335, 1694)
2026-06-22 17:44:21 [INFO] 原始检测数: 593, 过滤后检测数: 229
2026-06-22 17:44:21 [INFO] 保存分割和检测结果到: C:\code\show\Scrap_Steel_In_Field\photos\segmentation\segment_20260622_174421.jpg
2026-06-22 17:44:21 [INFO] JSON结果保存到: C:\code\show\Scrap_Steel_In_Field\photos\segmentation_result.json
2026-06-22 17:44:21 [INFO] 类别统计：{0: 45, 1: 56, 2: 27, 3: 17, 4: 36, 5: 35, 6: 33, 7: 31, 8: 66, 9: 73, 10: 28, 11: 15, 12: 12, 13: 84, 14: 0, 15: 35}
2026-06-22 17:44:21 [INFO] 面积统计：{0: 3392208.0, 1: 1143180.0, 2: 49320.0, 3: 150264.0, 4: 172980.0, 5: 97416.0, 6: 518328.0, 7: 52884.0, 8: 976320.0, 9: 289224.0, 10: 141336.0, 11: 285876.0, 12: 43200.0, 13: 703368.0, 14: 108.0, 15: 167400.0}
2026-06-22 17:44:21 [INFO] 分割成功
2026-06-22 17:44:21 [INFO] 引擎上下文已释放
2026-06-22 17:44:21 [INFO] TensorRT 引擎已释放
2026-06-22 17:44:21 [INFO] 全局 CUDA 资源已释放
2026-06-22 17:44:21 [INFO] 分割系统资源已释放
2026-06-22 17:44:25 [INFO] CUDA 初始化成功
2026-06-22 17:44:25 [INFO] 引擎加载成功: scrap_steel.engine
2026-06-22 17:44:25 [INFO] 分割系统初始化成功
2026-06-22 17:44:25 [INFO] 图像预处理完成，原始尺寸: (2160, 3840)
2026-06-22 17:44:25 [INFO] 开始执行分割...
2026-06-22 17:44:25 [DEBUG] 处理后的检测结果形状: (1, 8400, 6)
2026-06-22 17:44:25 [DEBUG] 示例检测结果: [[-4.08192825e+00 -3.14475632e+00  3.92689896e+01  1.47317696e+01
   3.62519188e-08  5.00000000e+00]
 [-6.60913467e+00 -2.91230202e+00  4.48665047e+01  2.88302212e+01
   8.99741970e-09  9.00000000e+00]
 [-3.63038635e+00 -3.29386330e+00  4.58888741e+01  2.96554966e+01
   4.21711643e-09  9.00000000e+00]]
2026-06-22 17:44:25 [DEBUG] 处理后检测输出形状: (0, 52)
2026-06-22 17:44:25 [DEBUG] 有效检测数量: 0
2026-06-22 17:44:25 [DEBUG] 检测输出为空
2026-06-22 17:44:25 [INFO] 掩码中检测到的类别: [0, 1, 2, 3, 4, 5, 6, 7, 8, 9, 10, 11, 12, 13, 14, 15]
2026-06-22 17:44:25 [INFO] 分割完成，检测到 0 个物体
2026-06-22 17:44:25 [INFO] 从分割掩码中提取检测结果
2026-06-22 17:44:25 [INFO] 从掩码中提取了 603 个检测框
2026-06-22 17:44:26 [ERROR] 保存结果失败: 'NoneType' object has no attribute 'astype'
2026-06-22 17:44:26 [INFO] 分割成功
2026-06-22 17:44:26 [INFO] 引擎上下文已释放
2026-06-22 17:44:26 [INFO] TensorRT 引擎已释放
2026-06-22 17:44:26 [INFO] 全局 CUDA 资源已释放
2026-06-22 17:44:26 [INFO] 分割系统资源已释放
2026-06-22 17:44:30 [INFO] CUDA 初始化成功
2026-06-22 17:44:30 [INFO] 引擎加载成功: scrap_steel.engine
2026-06-22 17:44:30 [INFO] 分割系统初始化成功
2026-06-22 17:44:30 [INFO] 图像预处理完成，原始尺寸: (2160, 3840)
2026-06-22 17:44:30 [INFO] 开始执行分割...
2026-06-22 17:44:30 [DEBUG] 处理后的检测结果形状: (1, 8400, 6)
2026-06-22 17:44:30 [DEBUG] 示例检测结果: [[-4.14282990e+00 -3.15665293e+00  3.92878799e+01  1.47339268e+01
   3.72522031e-08  5.00000000e+00]
 [-6.69729996e+00 -2.94694328e+00  4.48279953e+01  2.88290596e+01
   9.16684950e-09  9.00000000e+00]
 [-3.66723251e+00 -3.32162189e+00  4.58877029e+01  2.95705605e+01
   4.25045332e-09  9.00000000e+00]]
2026-06-22 17:44:30 [DEBUG] 处理后检测输出形状: (0, 52)
2026-06-22 17:44:30 [DEBUG] 有效检测数量: 0
2026-06-22 17:44:30 [DEBUG] 检测输出为空
2026-06-22 17:44:30 [INFO] 掩码中检测到的类别: [0, 1, 2, 3, 4, 5, 6, 7, 8, 9, 10, 11, 12, 13, 15]
2026-06-22 17:44:30 [INFO] 分割完成，检测到 0 个物体
2026-06-22 17:44:30 [INFO] 从分割掩码中提取检测结果
2026-06-22 17:44:31 [INFO] 从掩码中提取了 595 个检测框
2026-06-22 17:44:31 [ERROR] 保存结果失败: 'NoneType' object has no attribute 'astype'
2026-06-22 17:44:31 [INFO] 分割成功
2026-06-22 17:44:31 [INFO] 引擎上下文已释放
2026-06-22 17:44:31 [INFO] TensorRT 引擎已释放
2026-06-22 17:44:31 [INFO] 全局 CUDA 资源已释放
2026-06-22 17:44:31 [INFO] 分割系统资源已释放
2026-06-22 17:44:36 [INFO] CUDA 初始化成功
2026-06-22 17:44:36 [INFO] 引擎加载成功: scrap_steel.engine
2026-06-22 17:44:36 [INFO] 分割系统初始化成功
2026-06-22 17:44:36 [INFO] 图像预处理完成，原始尺寸: (2160, 3840)
2026-06-22 17:44:36 [INFO] 开始执行分割...
2026-06-22 17:44:36 [DEBUG] 处理后的检测结果形状: (1, 8400, 6)
2026-06-22 17:44:36 [DEBUG] 示例检测结果: [[-4.11008072e+00 -3.15133286e+00  3.91956558e+01  1.48363037e+01
   3.78439644e-08  5.00000000e+00]
 [-6.57907867e+00 -2.92238045e+00  4.47976303e+01  2.89541264e+01
   9.16684950e-09  9.00000000e+00]
 [-3.62173080e+00 -3.27737522e+00  4.58417511e+01  2.97275543e+01
   4.30045333e-09  9.00000000e+00]]
2026-06-22 17:44:36 [DEBUG] 处理后检测输出形状: (0, 52)
2026-06-22 17:44:36 [DEBUG] 有效检测数量: 0
2026-06-22 17:44:36 [DEBUG] 检测输出为空
2026-06-22 17:44:36 [INFO] 掩码中检测到的类别: [0, 1, 2, 3, 4, 5, 6, 7, 8, 9, 10, 11, 12, 13, 15]
2026-06-22 17:44:36 [INFO] 分割完成，检测到 0 个物体
2026-06-22 17:44:36 [INFO] 从分割掩码中提取检测结果
2026-06-22 17:44:36 [INFO] 从掩码中提取了 569 个检测框
2026-06-22 17:44:36 [INFO] 计算出的车框矩形边界: (1089, 721) to (3298, 1690)
2026-06-22 17:44:36 [INFO] 原始检测数: 569, 过滤后检测数: 229
2026-06-22 17:44:37 [INFO] 保存分割和检测结果到: C:\code\show\Scrap_Steel_In_Field\photos\segmentation\segment_20260622_174436.jpg
2026-06-22 17:44:37 [INFO] JSON结果保存到: C:\code\show\Scrap_Steel_In_Field\photos\segmentation_result.json
2026-06-22 17:44:37 [INFO] 类别统计：{0: 61, 1: 47, 2: 24, 3: 11, 4: 37, 5: 32, 6: 28, 7: 31, 8: 72, 9: 72, 10: 22, 11: 17, 12: 13, 13: 77, 14: 0, 15: 25}
2026-06-22 17:44:37 [INFO] 面积统计：{0: 3466476.0, 1: 1150236.0, 2: 48924.0, 3: 174636.0, 4: 129096.0, 5: 84456.0, 6: 548784.0, 7: 46872.0, 8: 972864.0, 9: 357624.0, 10: 143388.0, 11: 313092.0, 12: 50112.0, 13: 750564.0, 15: 181332.0}
2026-06-22 17:44:37 [INFO] 分割成功
2026-06-22 17:44:37 [INFO] 引擎上下文已释放
2026-06-22 17:44:37 [INFO] TensorRT 引擎已释放
2026-06-22 17:44:37 [INFO] 全局 CUDA 资源已释放
2026-06-22 17:44:37 [INFO] 分割系统资源已释放
2026-06-22 17:44:42 [INFO] CUDA 初始化成功
2026-06-22 17:44:43 [INFO] 引擎加载成功: scrap_steel.engine
2026-06-22 17:44:43 [INFO] 分割系统初始化成功
2026-06-22 17:44:43 [INFO] 图像预处理完成，原始尺寸: (2160, 3840)
2026-06-22 17:44:43 [INFO] 开始执行分割...
2026-06-22 17:44:43 [DEBUG] 处理后的检测结果形状: (1, 8400, 6)
2026-06-22 17:44:43 [DEBUG] 示例检测结果: [[-4.13029099e+00 -3.14620590e+00  3.92814407e+01  1.47452393e+01
   3.65453765e-08  5.00000000e+00]
 [-6.64440155e+00 -2.94312477e+00  4.47022552e+01  2.89290371e+01
   8.99741970e-09  9.00000000e+00]
 [-3.65375900e+00 -3.33105087e+00  4.57966957e+01  2.97064133e+01
   4.20071267e-09  9.00000000e+00]]
2026-06-22 17:44:43 [DEBUG] 处理后检测输出形状: (0, 52)
2026-06-22 17:44:43 [DEBUG] 有效检测数量: 0
2026-06-22 17:44:43 [DEBUG] 检测输出为空
2026-06-22 17:44:43 [INFO] 掩码中检测到的类别: [0, 1, 2, 3, 4, 5, 6, 7, 8, 9, 10, 11, 12, 13, 14, 15]
2026-06-22 17:44:43 [INFO] 分割完成，检测到 0 个物体
2026-06-22 17:44:43 [INFO] 从分割掩码中提取检测结果
2026-06-22 17:44:43 [INFO] 从掩码中提取了 550 个检测框
2026-06-22 17:44:43 [INFO] 计算出的车框矩形边界: (1088, 719) to (3295, 1688)
2026-06-22 17:44:43 [INFO] 原始检测数: 550, 过滤后检测数: 211
2026-06-22 17:44:44 [INFO] 保存分割和检测结果到: C:\code\show\Scrap_Steel_In_Field\photos\segmentation\segment_20260622_174443.jpg
2026-06-22 17:44:44 [INFO] JSON结果保存到: C:\code\show\Scrap_Steel_In_Field\photos\segmentation_result.json
2026-06-22 17:44:44 [INFO] 类别统计：{0: 49, 1: 47, 2: 23, 3: 12, 4: 25, 5: 36, 6: 36, 7: 30, 8: 69, 9: 65, 10: 23, 11: 12, 12: 14, 13: 80, 14: 0, 15: 29}
2026-06-22 17:44:44 [INFO] 面积统计：{0: 3501360.0, 1: 1137060.0, 2: 46908.0, 3: 162396.0, 4: 136620.0, 5: 72396.0, 6: 545256.0, 7: 47988.0, 8: 1008612.0, 9: 369000.0, 10: 143424.0, 11: 299664.0, 12: 59508.0, 13: 734760.0, 14: 36.0, 15: 168480.0}
2026-06-22 17:44:44 [INFO] 分割成功
2026-06-22 17:44:44 [INFO] 引擎上下文已释放
2026-06-22 17:44:44 [INFO] TensorRT 引擎已释放
2026-06-22 17:44:44 [INFO] 全局 CUDA 资源已释放
2026-06-22 17:44:44 [INFO] 分割系统资源已释放
2026-06-22 17:44:48 [INFO] CUDA 初始化成功
2026-06-22 17:44:48 [INFO] 引擎加载成功: scrap_steel.engine
2026-06-22 17:44:48 [INFO] 分割系统初始化成功
2026-06-22 17:44:48 [INFO] 图像预处理完成，原始尺寸: (2160, 3840)
2026-06-22 17:44:48 [INFO] 开始执行分割...
2026-06-22 17:44:48 [DEBUG] 处理后的检测结果形状: (1, 8400, 6)
2026-06-22 17:44:48 [DEBUG] 示例检测结果: [[-4.13986969e+00 -3.15673065e+00  3.93582458e+01  1.48059959e+01
   3.66880606e-08  5.00000000e+00]
 [-6.68841171e+00 -2.93837738e+00  4.49120522e+01  2.90125923e+01
   9.00129571e-09  9.00000000e+00]
 [-3.67686462e+00 -3.30696774e+00  4.59358749e+01  2.97940140e+01
   4.23352020e-09  9.00000000e+00]]
2026-06-22 17:44:48 [DEBUG] 处理后检测输出形状: (0, 52)
2026-06-22 17:44:48 [DEBUG] 有效检测数量: 0
2026-06-22 17:44:48 [DEBUG] 检测输出为空
2026-06-22 17:44:48 [INFO] 掩码中检测到的类别: [0, 1, 2, 3, 4, 5, 6, 7, 8, 9, 10, 11, 12, 13, 14, 15]
2026-06-22 17:44:48 [INFO] 分割完成，检测到 0 个物体
2026-06-22 17:44:48 [INFO] 从分割掩码中提取检测结果
2026-06-22 17:44:48 [INFO] 从掩码中提取了 556 个检测框
2026-06-22 17:44:48 [INFO] 计算出的车框矩形边界: (1088, 721) to (3297, 1688)
2026-06-22 17:44:48 [INFO] 原始检测数: 556, 过滤后检测数: 220
2026-06-22 17:44:49 [INFO] 保存分割和检测结果到: C:\code\show\Scrap_Steel_In_Field\photos\segmentation\segment_20260622_174448.jpg
2026-06-22 17:44:49 [INFO] JSON结果保存到: C:\code\show\Scrap_Steel_In_Field\photos\segmentation_result.json
2026-06-22 17:44:49 [INFO] 类别统计：{0: 60, 1: 38, 2: 21, 3: 7, 4: 30, 5: 31, 6: 40, 7: 31, 8: 73, 9: 75, 10: 27, 11: 16, 12: 12, 13: 54, 14: 0, 15: 41}
2026-06-22 17:44:49 [INFO] 面积统计：{0: 3353508.0, 1: 1184256.0, 2: 39600.0, 3: 157716.0, 4: 124884.0, 5: 78804.0, 6: 585396.0, 7: 42192.0, 8: 1089468.0, 9: 340092.0, 10: 153612.0, 11: 323604.0, 12: 55296.0, 13: 696600.0, 14: 36.0, 15: 161460.0}
2026-06-22 17:44:49 [INFO] 分割成功
2026-06-22 17:44:49 [INFO] 引擎上下文已释放
2026-06-22 17:44:49 [INFO] TensorRT 引擎已释放
2026-06-22 17:44:49 [INFO] 全局 CUDA 资源已释放
2026-06-22 17:44:49 [INFO] 分割系统资源已释放
2026-06-22 17:44:52 [INFO] CUDA 初始化成功
2026-06-22 17:44:52 [INFO] 引擎加载成功: scrap_steel.engine
2026-06-22 17:44:52 [INFO] 分割系统初始化成功
2026-06-22 17:44:52 [INFO] 图像预处理完成，原始尺寸: (2160, 3840)
2026-06-22 17:44:52 [INFO] 开始执行分割...
2026-06-22 17:44:53 [DEBUG] 处理后的检测结果形状: (1, 8400, 6)
2026-06-22 17:44:53 [DEBUG] 示例检测结果: [[-4.21929550e+00 -3.26169014e+00  3.96885185e+01  1.51949406e+01
   3.66622572e-08  5.00000000e+00]
 [-6.81291199e+00 -3.07317543e+00  4.50164604e+01  2.94225788e+01
   8.88842333e-09  9.00000000e+00]
 [-3.67160034e+00 -3.41368675e+00  4.60345383e+01  3.01767063e+01
   4.16726209e-09  9.00000000e+00]]
2026-06-22 17:44:53 [DEBUG] 处理后检测输出形状: (0, 52)
2026-06-22 17:44:53 [DEBUG] 有效检测数量: 0
2026-06-22 17:44:53 [DEBUG] 检测输出为空
2026-06-22 17:44:53 [INFO] 掩码中检测到的类别: [0, 1, 2, 3, 4, 5, 6, 7, 8, 9, 10, 11, 12, 13, 15]
2026-06-22 17:44:53 [INFO] 分割完成，检测到 0 个物体
2026-06-22 17:44:53 [INFO] 从分割掩码中提取检测结果
2026-06-22 17:44:53 [INFO] 从掩码中提取了 469 个检测框
2026-06-22 17:44:53 [ERROR] 保存结果失败: 'NoneType' object has no attribute 'astype'
2026-06-22 17:44:53 [INFO] 分割成功
2026-06-22 17:44:53 [INFO] 引擎上下文已释放
2026-06-22 17:44:53 [INFO] TensorRT 引擎已释放
2026-06-22 17:44:53 [INFO] 全局 CUDA 资源已释放
2026-06-22 17:44:53 [INFO] 分割系统资源已释放
2026-06-22 17:44:58 [INFO] CUDA 初始化成功
2026-06-22 17:44:58 [INFO] 引擎加载成功: scrap_steel.engine
2026-06-22 17:44:58 [INFO] 分割系统初始化成功
2026-06-22 17:44:58 [INFO] 图像预处理完成，原始尺寸: (2160, 3840)
2026-06-22 17:44:58 [INFO] 开始执行分割...
2026-06-22 17:44:58 [DEBUG] 处理后的检测结果形状: (1, 8400, 6)
2026-06-22 17:44:58 [DEBUG] 示例检测结果: [[-4.12145615e+00 -3.35477161e+00  4.02388153e+01  1.59798536e+01
   3.71096895e-08  5.00000000e+00]
 [-6.22538757e+00 -2.97180176e+00  4.52276077e+01  3.07125740e+01
   8.86525697e-09  9.00000000e+00]
 [-3.33313370e+00 -3.27739620e+00  4.59141579e+01  3.10420799e+01
   4.15023482e-09  9.00000000e+00]]
2026-06-22 17:44:58 [DEBUG] 处理后检测输出形状: (0, 52)
2026-06-22 17:44:58 [DEBUG] 有效检测数量: 0
2026-06-22 17:44:58 [DEBUG] 检测输出为空
2026-06-22 17:44:58 [INFO] 掩码中检测到的类别: [0, 1, 2, 3, 4, 5, 6, 7, 8, 9, 10, 11, 12, 13, 14, 15]
2026-06-22 17:44:58 [INFO] 分割完成，检测到 0 个物体
2026-06-22 17:44:58 [INFO] 从分割掩码中提取检测结果
2026-06-22 17:44:59 [INFO] 从掩码中提取了 507 个检测框
2026-06-22 17:44:59 [INFO] 计算出的车框矩形边界: (1087, 719) to (3296, 1689)
2026-06-22 17:44:59 [INFO] 原始检测数: 507, 过滤后检测数: 225
2026-06-22 17:44:59 [INFO] 保存分割和检测结果到: C:\code\show\Scrap_Steel_In_Field\photos\segmentation\segment_20260622_174459.jpg
2026-06-22 17:44:59 [INFO] JSON结果保存到: C:\code\show\Scrap_Steel_In_Field\photos\segmentation_result.json
2026-06-22 17:44:59 [INFO] 类别统计：{0: 27, 1: 52, 2: 22, 3: 13, 4: 27, 5: 30, 6: 34, 7: 31, 8: 58, 9: 72, 10: 27, 11: 6, 12: 13, 13: 64, 14: 0, 15: 31}
2026-06-22 17:44:59 [INFO] 面积统计：{0: 3210948.0, 1: 805176.0, 2: 36036.0, 3: 192996.0, 4: 169704.0, 5: 102816.0, 6: 671220.0, 7: 28728.0, 8: 1238796.0, 9: 336852.0, 10: 129636.0, 11: 238176.0, 12: 47988.0, 13: 783108.0, 14: 72.0, 15: 205884.0}
2026-06-22 17:44:59 [INFO] 分割成功
2026-06-22 17:44:59 [INFO] 引擎上下文已释放
2026-06-22 17:44:59 [INFO] TensorRT 引擎已释放
2026-06-22 17:44:59 [INFO] 全局 CUDA 资源已释放
2026-06-22 17:44:59 [INFO] 分割系统资源已释放
2026-06-22 17:45:03 [INFO] CUDA 初始化成功
2026-06-22 17:45:03 [INFO] 引擎加载成功: scrap_steel.engine
2026-06-22 17:45:03 [INFO] 分割系统初始化成功
2026-06-22 17:45:03 [INFO] 图像预处理完成，原始尺寸: (2160, 3840)
2026-06-22 17:45:03 [INFO] 开始执行分割...
2026-06-22 17:45:03 [DEBUG] 处理后的检测结果形状: (1, 8400, 6)
2026-06-22 17:45:03 [DEBUG] 示例检测结果: [[-4.08850479e+00 -3.09014606e+00  3.90365257e+01  1.44691954e+01
   3.54253302e-08  5.00000000e+00]
 [-6.64755630e+00 -2.88723755e+00  4.47081909e+01  2.84987431e+01
   8.93636276e-09  9.00000000e+00]
 [-3.67094421e+00 -3.26653099e+00  4.58500671e+01  2.94587421e+01
   4.28213021e-09  9.00000000e+00]]
2026-06-22 17:45:03 [DEBUG] 处理后检测输出形状: (0, 52)
2026-06-22 17:45:03 [DEBUG] 有效检测数量: 0
2026-06-22 17:45:03 [DEBUG] 检测输出为空
2026-06-22 17:45:03 [INFO] 掩码中检测到的类别: [0, 1, 2, 3, 4, 5, 6, 7, 8, 9, 10, 11, 12, 13, 14, 15]
2026-06-22 17:45:03 [INFO] 分割完成，检测到 0 个物体
2026-06-22 17:45:03 [INFO] 从分割掩码中提取检测结果
2026-06-22 17:45:04 [INFO] 从掩码中提取了 575 个检测框
2026-06-22 17:45:04 [INFO] 计算出的车框矩形边界: (1088, 720) to (3297, 1687)
2026-06-22 17:45:04 [INFO] 原始检测数: 575, 过滤后检测数: 214
2026-06-22 17:45:04 [INFO] 保存分割和检测结果到: C:\code\show\Scrap_Steel_In_Field\photos\segmentation\segment_20260622_174504.jpg
2026-06-22 17:45:04 [INFO] JSON结果保存到: C:\code\show\Scrap_Steel_In_Field\photos\segmentation_result.json
2026-06-22 17:45:04 [INFO] 类别统计：{0: 65, 1: 56, 2: 18, 3: 7, 4: 29, 5: 36, 6: 26, 7: 31, 8: 70, 9: 79, 10: 24, 11: 16, 12: 10, 13: 73, 14: 0, 15: 35}
2026-06-22 17:45:04 [INFO] 面积统计：{0: 3536496.0, 1: 1080360.0, 2: 39348.0, 3: 151344.0, 4: 124020.0, 5: 89568.0, 6: 622512.0, 7: 43236.0, 8: 1056024.0, 9: 350892.0, 10: 166716.0, 11: 344304.0, 12: 47412.0, 13: 737028.0, 14: 72.0, 15: 172008.0}
2026-06-22 17:45:04 [INFO] 分割成功
2026-06-22 17:45:04 [INFO] 引擎上下文已释放
2026-06-22 17:45:04 [INFO] TensorRT 引擎已释放
2026-06-22 17:45:04 [INFO] 全局 CUDA 资源已释放
2026-06-22 17:45:04 [INFO] 分割系统资源已释放
2026-06-22 17:45:08 [INFO] CUDA 初始化成功
2026-06-22 17:45:08 [INFO] 引擎加载成功: scrap_steel.engine
2026-06-22 17:45:08 [INFO] 分割系统初始化成功
2026-06-22 17:45:08 [INFO] 图像预处理完成，原始尺寸: (2160, 3840)
2026-06-22 17:45:08 [INFO] 开始执行分割...
2026-06-22 17:45:08 [DEBUG] 处理后的检测结果形状: (1, 8400, 6)
2026-06-22 17:45:08 [DEBUG] 示例检测结果: [[-4.19873810e+00 -3.27633905e+00  3.97051353e+01  1.52361965e+01
   3.65185642e-08  5.00000000e+00]
 [-6.77889252e+00 -3.09872055e+00  4.51733513e+01  2.96525612e+01
   8.95938879e-09  9.00000000e+00]
 [-3.64521027e+00 -3.43063641e+00  4.61179428e+01  3.03404808e+01
   4.23006341e-09  9.00000000e+00]]
2026-06-22 17:45:08 [DEBUG] 处理后检测输出形状: (0, 52)
2026-06-22 17:45:08 [DEBUG] 有效检测数量: 0
2026-06-22 17:45:08 [DEBUG] 检测输出为空
2026-06-22 17:45:08 [INFO] 掩码中检测到的类别: [0, 1, 2, 3, 4, 5, 6, 7, 8, 9, 10, 11, 12, 13, 15]
2026-06-22 17:45:08 [INFO] 分割完成，检测到 0 个物体
2026-06-22 17:45:08 [INFO] 从分割掩码中提取检测结果
2026-06-22 17:45:08 [INFO] 从掩码中提取了 455 个检测框
2026-06-22 17:45:08 [ERROR] 保存结果失败: 'NoneType' object has no attribute 'astype'
2026-06-22 17:45:08 [INFO] 分割成功
2026-06-22 17:45:09 [INFO] 引擎上下文已释放
2026-06-22 17:45:09 [INFO] TensorRT 引擎已释放
2026-06-22 17:45:09 [INFO] 全局 CUDA 资源已释放
2026-06-22 17:45:09 [INFO] 分割系统资源已释放
2026-06-22 17:45:13 [INFO] CUDA 初始化成功
2026-06-22 17:45:13 [INFO] 引擎加载成功: scrap_steel.engine
2026-06-22 17:45:13 [INFO] 分割系统初始化成功
2026-06-22 17:45:13 [INFO] 图像预处理完成，原始尺寸: (2160, 3840)
2026-06-22 17:45:13 [INFO] 开始执行分割...
2026-06-22 17:45:13 [DEBUG] 处理后的检测结果形状: (1, 8400, 6)
2026-06-22 17:45:13 [DEBUG] 示例检测结果: [[-4.19513321e+00 -3.29471016e+00  4.09392052e+01  1.59234352e+01
   4.74185882e-08  5.00000000e+00]
 [-6.28548431e+00 -2.89870739e+00  4.50646210e+01  3.05568657e+01
   1.05419673e-08  9.00000000e+00]
 [-3.36195374e+00 -3.26169777e+00  4.59073486e+01  3.08394032e+01
   4.82273421e-09  9.00000000e+00]]
2026-06-22 17:45:13 [DEBUG] 处理后检测输出形状: (0, 52)
2026-06-22 17:45:13 [DEBUG] 有效检测数量: 0
2026-06-22 17:45:13 [DEBUG] 检测输出为空
2026-06-22 17:45:13 [INFO] 掩码中检测到的类别: [0, 1, 2, 3, 4, 5, 6, 7, 8, 9, 10, 11, 12, 13, 15]
2026-06-22 17:45:13 [INFO] 分割完成，检测到 0 个物体
2026-06-22 17:45:13 [INFO] 从分割掩码中提取检测结果
2026-06-22 17:45:14 [INFO] 从掩码中提取了 529 个检测框
2026-06-22 17:45:14 [ERROR] 保存结果失败: 'NoneType' object has no attribute 'astype'
2026-06-22 17:45:14 [INFO] 分割成功
2026-06-22 17:45:14 [INFO] 引擎上下文已释放
2026-06-22 17:45:14 [INFO] TensorRT 引擎已释放
2026-06-22 17:45:14 [INFO] 全局 CUDA 资源已释放
2026-06-22 17:45:14 [INFO] 分割系统资源已释放
2026-06-22 17:45:19 [INFO] CUDA 初始化成功
2026-06-22 17:45:19 [INFO] 引擎加载成功: scrap_steel.engine
2026-06-22 17:45:19 [INFO] 分割系统初始化成功
2026-06-22 17:45:19 [INFO] 图像预处理完成，原始尺寸: (2160, 3840)
2026-06-22 17:45:19 [INFO] 开始执行分割...
2026-06-22 17:45:19 [DEBUG] 处理后的检测结果形状: (1, 8400, 6)
2026-06-22 17:45:19 [DEBUG] 示例检测结果: [[-4.08663559e+00 -3.11696768e+00  3.91030388e+01  1.46261349e+01
   3.59688421e-08  5.00000000e+00]
 [-6.62475967e+00 -2.92058372e+00  4.48078194e+01  2.88478680e+01
   9.06805653e-09  9.00000000e+00]
 [-3.64620209e+00 -3.28983116e+00  4.59107590e+01  2.97005749e+01
   4.23312585e-09  9.00000000e+00]]
2026-06-22 17:45:19 [DEBUG] 处理后检测输出形状: (0, 52)
2026-06-22 17:45:19 [DEBUG] 有效检测数量: 0
2026-06-22 17:45:19 [DEBUG] 检测输出为空
2026-06-22 17:45:19 [INFO] 掩码中检测到的类别: [0, 1, 2, 3, 4, 5, 6, 7, 8, 9, 10, 11, 12, 13, 14, 15]
2026-06-22 17:45:19 [INFO] 分割完成，检测到 0 个物体
2026-06-22 17:45:19 [INFO] 从分割掩码中提取检测结果
2026-06-22 17:45:19 [INFO] 从掩码中提取了 563 个检测框
2026-06-22 17:45:19 [INFO] 计算出的车框矩形边界: (1088, 725) to (3297, 1688)
2026-06-22 17:45:19 [INFO] 原始检测数: 563, 过滤后检测数: 216
2026-06-22 17:45:20 [INFO] 保存分割和检测结果到: C:\code\show\Scrap_Steel_In_Field\photos\segmentation\segment_20260622_174519.jpg
2026-06-22 17:45:20 [INFO] JSON结果保存到: C:\code\show\Scrap_Steel_In_Field\photos\segmentation_result.json
2026-06-22 17:45:20 [INFO] 类别统计：{0: 50, 1: 49, 2: 21, 3: 8, 4: 33, 5: 33, 6: 34, 7: 32, 8: 71, 9: 72, 10: 26, 11: 12, 12: 11, 13: 75, 14: 0, 15: 36}
2026-06-22 17:45:20 [INFO] 面积统计：{0: 3505860.0, 1: 1119816.0, 2: 38664.0, 3: 149220.0, 4: 129420.0, 5: 73512.0, 6: 585036.0, 7: 42732.0, 8: 1059444.0, 9: 308700.0, 10: 150048.0, 11: 341388.0, 12: 45972.0, 13: 722952.0, 14: 36.0, 15: 199404.0}
2026-06-22 17:45:20 [INFO] 分割成功
2026-06-22 17:45:20 [INFO] 引擎上下文已释放
2026-06-22 17:45:20 [INFO] TensorRT 引擎已释放
2026-06-22 17:45:20 [INFO] 全局 CUDA 资源已释放
2026-06-22 17:45:20 [INFO] 分割系统资源已释放
2026-06-22 17:45:23 [INFO] CUDA 初始化成功
2026-06-22 17:45:24 [INFO] 引擎加载成功: scrap_steel.engine
2026-06-22 17:45:24 [INFO] 分割系统初始化成功
2026-06-22 17:45:24 [INFO] 图像预处理完成，原始尺寸: (2160, 3840)
2026-06-22 17:45:24 [INFO] 开始执行分割...
2026-06-22 17:45:24 [DEBUG] 处理后的检测结果形状: (1, 8400, 6)
2026-06-22 17:45:24 [DEBUG] 示例检测结果: [[-4.01149750e+00 -3.13752460e+00  4.03670807e+01  1.49339228e+01
   4.07828047e-08  5.00000000e+00]
 [-6.32562637e+00 -2.85656166e+00  4.55001564e+01  2.99918537e+01
   9.72899983e-09  9.00000000e+00]
 [-3.39811707e+00 -3.13391972e+00  4.61119995e+01  3.05728683e+01
   4.71502304e-09  9.00000000e+00]]
2026-06-22 17:45:24 [DEBUG] 处理后检测输出形状: (0, 52)
2026-06-22 17:45:24 [DEBUG] 有效检测数量: 0
2026-06-22 17:45:24 [DEBUG] 检测输出为空
2026-06-22 17:45:24 [INFO] 掩码中检测到的类别: [0, 1, 2, 3, 4, 5, 6, 7, 8, 9, 10, 11, 12, 13, 15]
2026-06-22 17:45:24 [INFO] 分割完成，检测到 0 个物体
2026-06-22 17:45:24 [INFO] 从分割掩码中提取检测结果
2026-06-22 17:45:24 [INFO] 从掩码中提取了 511 个检测框
2026-06-22 17:45:24 [ERROR] 保存结果失败: 'NoneType' object has no attribute 'astype'
2026-06-22 17:45:24 [INFO] 分割成功
2026-06-22 17:45:24 [INFO] 引擎上下文已释放
2026-06-22 17:45:24 [INFO] TensorRT 引擎已释放
2026-06-22 17:45:24 [INFO] 全局 CUDA 资源已释放
2026-06-22 17:45:24 [INFO] 分割系统资源已释放
2026-06-22 17:45:29 [INFO] CUDA 初始化成功
2026-06-22 17:45:29 [INFO] 引擎加载成功: scrap_steel.engine
2026-06-22 17:45:29 [INFO] 分割系统初始化成功
2026-06-22 17:45:29 [INFO] 图像预处理完成，原始尺寸: (2160, 3840)
2026-06-22 17:45:29 [INFO] 开始执行分割...
2026-06-22 17:45:29 [DEBUG] 处理后的检测结果形状: (1, 8400, 6)
2026-06-22 17:45:29 [DEBUG] 示例检测结果: [[-4.09628677e+00 -3.13813686e+00  3.92032509e+01  1.45499907e+01
   3.69504178e-08  5.00000000e+00]
 [-6.74247360e+00 -2.92627335e+00  4.49936867e+01  2.87279472e+01
   8.92163410e-09  9.00000000e+00]
 [-3.70015335e+00 -3.28985596e+00  4.60311699e+01  2.97308044e+01
   4.16779411e-09  9.00000000e+00]]
2026-06-22 17:45:29 [DEBUG] 处理后检测输出形状: (0, 52)
2026-06-22 17:45:29 [DEBUG] 有效检测数量: 0
2026-06-22 17:45:29 [DEBUG] 检测输出为空
2026-06-22 17:45:29 [INFO] 掩码中检测到的类别: [0, 1, 2, 3, 4, 5, 6, 7, 8, 9, 10, 11, 12, 13, 15]
2026-06-22 17:45:29 [INFO] 分割完成，检测到 0 个物体
2026-06-22 17:45:29 [INFO] 从分割掩码中提取检测结果
2026-06-22 17:45:29 [INFO] 从掩码中提取了 549 个检测框
2026-06-22 17:45:29 [ERROR] 保存结果失败: 'NoneType' object has no attribute 'astype'
2026-06-22 17:45:29 [INFO] 分割成功
2026-06-22 17:45:29 [INFO] 引擎上下文已释放
2026-06-22 17:45:29 [INFO] TensorRT 引擎已释放
2026-06-22 17:45:29 [INFO] 全局 CUDA 资源已释放
2026-06-22 17:45:29 [INFO] 分割系统资源已释放
2026-06-22 17:45:34 [INFO] CUDA 初始化成功
2026-06-22 17:45:34 [INFO] 引擎加载成功: scrap_steel.engine
2026-06-22 17:45:34 [INFO] 分割系统初始化成功
2026-06-22 17:45:34 [INFO] 图像预处理完成，原始尺寸: (2160, 3840)
2026-06-22 17:45:34 [INFO] 开始执行分割...
2026-06-22 17:45:34 [DEBUG] 处理后的检测结果形状: (1, 8400, 6)
2026-06-22 17:45:34 [DEBUG] 示例检测结果: [[-4.12512970e+00 -3.13249874e+00  3.92673759e+01  1.46159601e+01
   3.62600083e-08  5.00000000e+00]
 [-6.69175720e+00 -2.93966103e+00  4.49585495e+01  2.88909321e+01
   9.00487684e-09  9.00000000e+00]
 [-3.64392853e+00 -3.29039288e+00  4.59505539e+01  2.97176018e+01
   4.25069224e-09  9.00000000e+00]]
2026-06-22 17:45:34 [DEBUG] 处理后检测输出形状: (0, 52)
2026-06-22 17:45:34 [DEBUG] 有效检测数量: 0
2026-06-22 17:45:34 [DEBUG] 检测输出为空
2026-06-22 17:45:34 [INFO] 掩码中检测到的类别: [0, 1, 2, 3, 4, 5, 6, 7, 8, 9, 10, 11, 12, 13, 14, 15]
2026-06-22 17:45:34 [INFO] 分割完成，检测到 0 个物体
2026-06-22 17:45:34 [INFO] 从分割掩码中提取检测结果
2026-06-22 17:45:35 [INFO] 从掩码中提取了 490 个检测框
2026-06-22 17:45:35 [INFO] 计算出的车框矩形边界: (1087, 719) to (3296, 1688)
2026-06-22 17:45:35 [INFO] 原始检测数: 490, 过滤后检测数: 199
2026-06-22 17:45:35 [INFO] 保存分割和检测结果到: C:\code\show\Scrap_Steel_In_Field\photos\segmentation\segment_20260622_174535.jpg
2026-06-22 17:45:35 [INFO] JSON结果保存到: C:\code\show\Scrap_Steel_In_Field\photos\segmentation_result.json
2026-06-22 17:45:35 [INFO] 类别统计：{0: 34, 1: 58, 2: 13, 3: 12, 4: 24, 5: 31, 6: 28, 7: 27, 8: 55, 9: 69, 10: 21, 11: 10, 12: 11, 13: 65, 14: 0, 15: 32}
2026-06-22 17:45:35 [INFO] 面积统计：{0: 3237768.0, 1: 1189476.0, 2: 36576.0, 3: 153144.0, 4: 116424.0, 5: 75096.0, 6: 614880.0, 7: 42192.0, 8: 1144908.0, 9: 320976.0, 10: 150840.0, 11: 324360.0, 12: 40752.0, 13: 801396.0, 14: 36.0, 15: 200916.0}
2026-06-22 17:45:35 [INFO] 分割成功
2026-06-22 17:45:35 [INFO] 引擎上下文已释放
2026-06-22 17:45:35 [INFO] TensorRT 引擎已释放
2026-06-22 17:45:35 [INFO] 全局 CUDA 资源已释放
2026-06-22 17:45:35 [INFO] 分割系统资源已释放
2026-06-22 17:45:40 [INFO] CUDA 初始化成功
2026-06-22 17:45:40 [INFO] 引擎加载成功: scrap_steel.engine
2026-06-22 17:45:40 [INFO] 分割系统初始化成功
2026-06-22 17:45:40 [INFO] 图像预处理完成，原始尺寸: (2160, 3840)
2026-06-22 17:45:40 [INFO] 开始执行分割...
2026-06-22 17:45:40 [DEBUG] 处理后的检测结果形状: (1, 8400, 6)
2026-06-22 17:45:40 [DEBUG] 示例检测结果: [[-4.11485291e+00 -3.17471123e+00  3.92230759e+01  1.47848721e+01
   3.63934554e-08  5.00000000e+00]
 [-6.68213654e+00 -2.96959114e+00  4.47924423e+01  2.88747959e+01
   8.92721097e-09  9.00000000e+00]
 [-3.66008377e+00 -3.33131027e+00  4.58685760e+01  2.96253738e+01
   4.21678692e-09  9.00000000e+00]]
2026-06-22 17:45:40 [DEBUG] 处理后检测输出形状: (0, 52)
2026-06-22 17:45:40 [DEBUG] 有效检测数量: 0
2026-06-22 17:45:40 [DEBUG] 检测输出为空
2026-06-22 17:45:40 [INFO] 掩码中检测到的类别: [0, 1, 2, 3, 4, 5, 6, 7, 8, 9, 10, 11, 12, 13, 14, 15]
2026-06-22 17:45:40 [INFO] 分割完成，检测到 0 个物体
2026-06-22 17:45:40 [INFO] 从分割掩码中提取检测结果
2026-06-22 17:45:40 [INFO] 从掩码中提取了 548 个检测框
2026-06-22 17:45:40 [INFO] 计算出的车框矩形边界: (1088, 720) to (3295, 1678)
2026-06-22 17:45:40 [INFO] 原始检测数: 548, 过滤后检测数: 225
2026-06-22 17:45:41 [INFO] 保存分割和检测结果到: C:\code\show\Scrap_Steel_In_Field\photos\segmentation\segment_20260622_174540.jpg
2026-06-22 17:45:41 [INFO] JSON结果保存到: C:\code\show\Scrap_Steel_In_Field\photos\segmentation_result.json
2026-06-22 17:45:41 [INFO] 类别统计：{0: 49, 1: 44, 2: 21, 3: 13, 4: 28, 5: 33, 6: 32, 7: 30, 8: 67, 9: 78, 10: 26, 11: 10, 12: 15, 13: 63, 14: 0, 15: 39}
2026-06-22 17:45:41 [INFO] 面积统计：{0: 3371796.0, 1: 1198692.0, 2: 44100.0, 3: 150516.0, 4: 135108.0, 5: 58716.0, 6: 570600.0, 7: 39888.0, 8: 1031400.0, 9: 368208.0, 10: 151560.0, 11: 338328.0, 12: 51300.0, 13: 725796.0, 14: 36.0, 15: 156528.0}
2026-06-22 17:45:41 [INFO] 分割成功
2026-06-22 17:45:41 [INFO] 引擎上下文已释放
2026-06-22 17:45:41 [INFO] TensorRT 引擎已释放
2026-06-22 17:45:41 [INFO] 全局 CUDA 资源已释放
2026-06-22 17:45:41 [INFO] 分割系统资源已释放
2026-06-22 17:45:45 [INFO] CUDA 初始化成功
2026-06-22 17:45:45 [INFO] 引擎加载成功: scrap_steel.engine
2026-06-22 17:45:45 [INFO] 分割系统初始化成功
2026-06-22 17:45:45 [INFO] 图像预处理完成，原始尺寸: (2160, 3840)
2026-06-22 17:45:45 [INFO] 开始执行分割...
2026-06-22 17:45:45 [DEBUG] 处理后的检测结果形状: (1, 8400, 6)
2026-06-22 17:45:45 [DEBUG] 示例检测结果: [[-4.09872437e+00 -3.13235474e+00  3.91938171e+01  1.47130623e+01
   3.68307447e-08  5.00000000e+00]
 [-6.64807892e+00 -2.93460274e+00  4.47496605e+01  2.89096947e+01
   9.07208708e-09  9.00000000e+00]
 [-3.65634155e+00 -3.31972122e+00  4.58747635e+01  2.97392578e+01
   4.30028013e-09  9.00000000e+00]]
2026-06-22 17:45:45 [DEBUG] 处理后检测输出形状: (0, 52)
2026-06-22 17:45:45 [DEBUG] 有效检测数量: 0
2026-06-22 17:45:45 [DEBUG] 检测输出为空
2026-06-22 17:45:45 [INFO] 掩码中检测到的类别: [0, 1, 2, 3, 4, 5, 6, 7, 8, 9, 10, 11, 12, 13, 14, 15]
2026-06-22 17:45:45 [INFO] 分割完成，检测到 0 个物体
2026-06-22 17:45:45 [INFO] 从分割掩码中提取检测结果
2026-06-22 17:45:45 [INFO] 从掩码中提取了 553 个检测框
2026-06-22 17:45:45 [INFO] 计算出的车框矩形边界: (1088, 722) to (3296, 1681)
2026-06-22 17:45:45 [INFO] 原始检测数: 553, 过滤后检测数: 218
2026-06-22 17:45:46 [INFO] 保存分割和检测结果到: C:\code\show\Scrap_Steel_In_Field\photos\segmentation\segment_20260622_174545.jpg
2026-06-22 17:45:46 [INFO] JSON结果保存到: C:\code\show\Scrap_Steel_In_Field\photos\segmentation_result.json
2026-06-22 17:45:46 [INFO] 类别统计：{0: 47, 1: 43, 2: 22, 3: 11, 4: 25, 5: 33, 6: 33, 7: 33, 8: 68, 9: 87, 10: 24, 11: 10, 12: 14, 13: 71, 14: 0, 15: 32}
2026-06-22 17:45:46 [INFO] 面积统计：{0: 3499740.0, 1: 1177488.0, 2: 44208.0, 3: 148752.0, 4: 155268.0, 5: 61956.0, 6: 565488.0, 7: 42984.0, 8: 1046772.0, 9: 307296.0, 10: 147924.0, 11: 340056.0, 12: 56160.0, 13: 728064.0, 14: 36.0, 15: 156456.0}
2026-06-22 17:45:46 [INFO] 分割成功
2026-06-22 17:45:46 [INFO] 引擎上下文已释放
2026-06-22 17:45:46 [INFO] TensorRT 引擎已释放
2026-06-22 17:45:46 [INFO] 全局 CUDA 资源已释放
2026-06-22 17:45:46 [INFO] 分割系统资源已释放
2026-06-22 17:45:50 [INFO] CUDA 初始化成功
2026-06-22 17:45:50 [INFO] 引擎加载成功: scrap_steel.engine
2026-06-22 17:45:50 [INFO] 分割系统初始化成功
2026-06-22 17:45:50 [INFO] 图像预处理完成，原始尺寸: (2160, 3840)
2026-06-22 17:45:50 [INFO] 开始执行分割...
2026-06-22 17:45:50 [DEBUG] 处理后的检测结果形状: (1, 8400, 6)
2026-06-22 17:45:50 [DEBUG] 示例检测结果: [[-4.10185242e+00 -3.13543940e+00  3.90927925e+01  1.46753521e+01
   3.62589603e-08  5.00000000e+00]
 [-6.60559082e+00 -2.94815254e+00  4.45953445e+01  2.87631016e+01
   9.01161634e-09  9.00000000e+00]
 [-3.61354446e+00 -3.32141113e+00  4.57898674e+01  2.95781593e+01
   4.24904556e-09  9.00000000e+00]]
2026-06-22 17:45:50 [DEBUG] 处理后检测输出形状: (0, 52)
2026-06-22 17:45:50 [DEBUG] 有效检测数量: 0
2026-06-22 17:45:50 [DEBUG] 检测输出为空
2026-06-22 17:45:50 [INFO] 掩码中检测到的类别: [0, 1, 2, 3, 4, 5, 6, 7, 8, 9, 10, 11, 12, 13, 14, 15]
2026-06-22 17:45:50 [INFO] 分割完成，检测到 0 个物体
2026-06-22 17:45:50 [INFO] 从分割掩码中提取检测结果
2026-06-22 17:45:50 [INFO] 从掩码中提取了 562 个检测框
2026-06-22 17:45:50 [INFO] 计算出的车框矩形边界: (1088, 720) to (3295, 1678)
2026-06-22 17:45:50 [INFO] 原始检测数: 562, 过滤后检测数: 229
2026-06-22 17:45:51 [INFO] 保存分割和检测结果到: C:\code\show\Scrap_Steel_In_Field\photos\segmentation\segment_20260622_174550.jpg
2026-06-22 17:45:51 [INFO] JSON结果保存到: C:\code\show\Scrap_Steel_In_Field\photos\segmentation_result.json
2026-06-22 17:45:51 [INFO] 类别统计：{0: 44, 1: 51, 2: 22, 3: 11, 4: 32, 5: 35, 6: 34, 7: 32, 8: 71, 9: 82, 10: 26, 11: 12, 12: 12, 13: 68, 14: 0, 15: 30}
2026-06-22 17:45:51 [INFO] 面积统计：{0: 3540168.0, 1: 1154988.0, 2: 46224.0, 3: 151308.0, 4: 142740.0, 5: 68544.0, 6: 582228.0, 7: 48132.0, 8: 1015992.0, 9: 273528.0, 10: 150372.0, 11: 339084.0, 12: 50616.0, 13: 734148.0, 14: 144.0, 15: 150120.0}
2026-06-22 17:45:51 [INFO] 分割成功
2026-06-22 17:45:51 [INFO] 引擎上下文已释放
2026-06-22 17:45:51 [INFO] TensorRT 引擎已释放
2026-06-22 17:45:51 [INFO] 全局 CUDA 资源已释放
2026-06-22 17:45:51 [INFO] 分割系统资源已释放
2026-06-22 17:45:55 [INFO] CUDA 初始化成功
2026-06-22 17:45:55 [INFO] 引擎加载成功: scrap_steel.engine
2026-06-22 17:45:55 [INFO] 分割系统初始化成功
2026-06-22 17:45:55 [INFO] 图像预处理完成，原始尺寸: (2160, 3840)
2026-06-22 17:45:55 [INFO] 开始执行分割...
2026-06-22 17:45:55 [DEBUG] 处理后的检测结果形状: (1, 8400, 6)
2026-06-22 17:45:55 [DEBUG] 示例检测结果: [[-4.11192703e+00 -3.15691090e+00  3.91807442e+01  1.47366438e+01
   3.68213620e-08  5.00000000e+00]
 [-6.67237473e+00 -2.95916367e+00  4.47437935e+01  2.88664112e+01
   8.92721097e-09  9.00000000e+00]
 [-3.66065979e+00 -3.33079529e+00  4.58465576e+01  2.96809196e+01
   4.21678692e-09  9.00000000e+00]]
2026-06-22 17:45:55 [DEBUG] 处理后检测输出形状: (0, 52)
2026-06-22 17:45:55 [DEBUG] 有效检测数量: 0
2026-06-22 17:45:55 [DEBUG] 检测输出为空
2026-06-22 17:45:55 [INFO] 掩码中检测到的类别: [0, 1, 2, 3, 4, 5, 6, 7, 8, 9, 10, 11, 12, 13, 14, 15]
2026-06-22 17:45:55 [INFO] 分割完成，检测到 0 个物体
2026-06-22 17:45:55 [INFO] 从分割掩码中提取检测结果
2026-06-22 17:45:56 [INFO] 从掩码中提取了 560 个检测框
2026-06-22 17:45:56 [INFO] 计算出的车框矩形边界: (1088, 720) to (3294, 1687)
2026-06-22 17:45:56 [INFO] 原始检测数: 560, 过滤后检测数: 221
2026-06-22 17:45:56 [INFO] 保存分割和检测结果到: C:\code\show\Scrap_Steel_In_Field\photos\segmentation\segment_20260622_174556.jpg
2026-06-22 17:45:56 [INFO] JSON结果保存到: C:\code\show\Scrap_Steel_In_Field\photos\segmentation_result.json
2026-06-22 17:45:56 [INFO] 类别统计：{0: 51, 1: 52, 2: 23, 3: 11, 4: 35, 5: 31, 6: 31, 7: 31, 8: 63, 9: 78, 10: 24, 11: 14, 12: 13, 13: 71, 14: 0, 15: 32}
2026-06-22 17:45:56 [INFO] 面积统计：{0: 3388644.0, 1: 1144620.0, 2: 41544.0, 3: 142596.0, 4: 175572.0, 5: 60552.0, 6: 547560.0, 7: 48528.0, 8: 1054692.0, 9: 310788.0, 10: 152280.0, 11: 332208.0, 12: 55044.0, 13: 756216.0, 14: 108.0, 15: 166104.0}
2026-06-22 17:45:56 [INFO] 分割成功
2026-06-22 17:45:56 [INFO] 引擎上下文已释放
2026-06-22 17:45:56 [INFO] TensorRT 引擎已释放
2026-06-22 17:45:56 [INFO] 全局 CUDA 资源已释放
2026-06-22 17:45:56 [INFO] 分割系统资源已释放
2026-06-22 17:46:01 [INFO] CUDA 初始化成功
2026-06-22 17:46:01 [INFO] 引擎加载成功: scrap_steel.engine
2026-06-22 17:46:01 [INFO] 分割系统初始化成功
2026-06-22 17:46:01 [INFO] 图像预处理完成，原始尺寸: (2160, 3840)
2026-06-22 17:46:01 [INFO] 开始执行分割...
2026-06-22 17:46:01 [DEBUG] 处理后的检测结果形状: (1, 8400, 6)
2026-06-22 17:46:01 [DEBUG] 示例检测结果: [[-4.11916733e+00 -3.15105724e+00  3.91429672e+01  1.47315493e+01
   3.69630229e-08  5.00000000e+00]
 [-6.65208817e+00 -2.94765472e+00  4.46934929e+01  2.87816429e+01
   9.03669140e-09  9.00000000e+00]
 [-3.66436768e+00 -3.33305740e+00  4.58337021e+01  2.96352921e+01
   4.23352020e-09  9.00000000e+00]]
2026-06-22 17:46:01 [DEBUG] 处理后检测输出形状: (0, 52)
2026-06-22 17:46:01 [DEBUG] 有效检测数量: 0
2026-06-22 17:46:01 [DEBUG] 检测输出为空
2026-06-22 17:46:01 [INFO] 掩码中检测到的类别: [0, 1, 2, 3, 4, 5, 6, 7, 8, 9, 10, 11, 12, 13, 14, 15]
2026-06-22 17:46:01 [INFO] 分割完成，检测到 0 个物体
2026-06-22 17:46:01 [INFO] 从分割掩码中提取检测结果
2026-06-22 17:46:01 [INFO] 从掩码中提取了 562 个检测框
2026-06-22 17:46:01 [INFO] 计算出的车框矩形边界: (1088, 720) to (3297, 1687)
2026-06-22 17:46:01 [INFO] 原始检测数: 562, 过滤后检测数: 229
2026-06-22 17:46:02 [INFO] 保存分割和检测结果到: C:\code\show\Scrap_Steel_In_Field\photos\segmentation\segment_20260622_174601.jpg
2026-06-22 17:46:02 [INFO] JSON结果保存到: C:\code\show\Scrap_Steel_In_Field\photos\segmentation_result.json
2026-06-22 17:46:02 [INFO] 类别统计：{0: 29, 1: 51, 2: 24, 3: 10, 4: 35, 5: 38, 6: 40, 7: 28, 8: 64, 9: 82, 10: 24, 11: 11, 12: 14, 13: 76, 14: 0, 15: 36}
2026-06-22 17:46:02 [INFO] 面积统计：{0: 3489192.0, 1: 1139004.0, 2: 44244.0, 3: 137268.0, 4: 164988.0, 5: 63324.0, 6: 541008.0, 7: 45252.0, 8: 1022976.0, 9: 287496.0, 10: 150336.0, 11: 330444.0, 12: 56916.0, 13: 758916.0, 14: 216.0, 15: 167508.0}
2026-06-22 17:46:02 [INFO] 分割成功
2026-06-22 17:46:02 [INFO] 引擎上下文已释放
2026-06-22 17:46:02 [INFO] TensorRT 引擎已释放
2026-06-22 17:46:02 [INFO] 全局 CUDA 资源已释放
2026-06-22 17:46:02 [INFO] 分割系统资源已释放
2026-06-22 17:46:06 [INFO] CUDA 初始化成功
2026-06-22 17:46:06 [INFO] 引擎加载成功: scrap_steel.engine
2026-06-22 17:46:06 [INFO] 分割系统初始化成功
2026-06-22 17:46:06 [INFO] 图像预处理完成，原始尺寸: (2160, 3840)
2026-06-22 17:46:06 [INFO] 开始执行分割...
2026-06-22 17:46:06 [DEBUG] 处理后的检测结果形状: (1, 8400, 6)
2026-06-22 17:46:06 [DEBUG] 示例检测结果: [[-4.09730148e+00 -3.10728168e+00  3.90883217e+01  1.45220728e+01
   3.65453765e-08  5.00000000e+00]
 [-6.64009857e+00 -2.91215515e+00  4.47613525e+01  2.86766548e+01
   9.03669140e-09  9.00000000e+00]
 [-3.63555908e+00 -3.29078293e+00  4.58522491e+01  2.95831528e+01
   4.24992397e-09  9.00000000e+00]]
2026-06-22 17:46:06 [DEBUG] 处理后检测输出形状: (0, 52)
2026-06-22 17:46:06 [DEBUG] 有效检测数量: 0
2026-06-22 17:46:06 [DEBUG] 检测输出为空
2026-06-22 17:46:06 [INFO] 掩码中检测到的类别: [0, 1, 2, 3, 4, 5, 6, 7, 8, 9, 10, 11, 12, 13, 14, 15]
2026-06-22 17:46:06 [INFO] 分割完成，检测到 0 个物体
2026-06-22 17:46:06 [INFO] 从分割掩码中提取检测结果
2026-06-22 17:46:06 [INFO] 从掩码中提取了 553 个检测框
2026-06-22 17:46:06 [INFO] 计算出的车框矩形边界: (1088, 720) to (3297, 1681)
2026-06-22 17:46:07 [INFO] 原始检测数: 553, 过滤后检测数: 216
2026-06-22 17:46:07 [INFO] 保存分割和检测结果到: C:\code\show\Scrap_Steel_In_Field\photos\segmentation\segment_20260622_174606.jpg
2026-06-22 17:46:07 [INFO] JSON结果保存到: C:\code\show\Scrap_Steel_In_Field\photos\segmentation_result.json
2026-06-22 17:46:07 [INFO] 类别统计：{0: 39, 1: 51, 2: 23, 3: 10, 4: 32, 5: 33, 6: 35, 7: 28, 8: 70, 9: 76, 10: 26, 11: 12, 12: 15, 13: 68, 14: 0, 15: 35}
2026-06-22 17:46:07 [INFO] 面积统计：{0: 3515148.0, 1: 1152468.0, 2: 45720.0, 3: 155088.0, 4: 150660.0, 5: 64116.0, 6: 567108.0, 7: 37656.0, 8: 1018260.0, 9: 334656.0, 10: 149148.0, 11: 338868.0, 12: 54144.0, 13: 717588.0, 14: 108.0, 15: 146232.0}
2026-06-22 17:46:07 [INFO] 分割成功
2026-06-22 17:46:07 [INFO] 引擎上下文已释放
2026-06-22 17:46:07 [INFO] TensorRT 引擎已释放
2026-06-22 17:46:07 [INFO] 全局 CUDA 资源已释放
2026-06-22 17:46:07 [INFO] 分割系统资源已释放
2026-06-22 17:46:11 [INFO] CUDA 初始化成功
2026-06-22 17:46:12 [INFO] 引擎加载成功: scrap_steel.engine
2026-06-22 17:46:12 [INFO] 分割系统初始化成功
2026-06-22 17:46:12 [INFO] 图像预处理完成，原始尺寸: (2160, 3840)
2026-06-22 17:46:12 [INFO] 开始执行分割...
2026-06-22 17:46:12 [DEBUG] 处理后的检测结果形状: (1, 8400, 6)
2026-06-22 17:46:12 [DEBUG] 示例检测结果: [[-4.08617401e+00 -3.12125158e+00  3.91841888e+01  1.46196918e+01
   3.68307447e-08  5.00000000e+00]
 [-6.64403152e+00 -2.91275406e+00  4.47720032e+01  2.87392960e+01
   9.14331011e-09  9.00000000e+00]
 [-3.66884232e+00 -3.32048893e+00  4.58973503e+01  2.96337509e+01
   4.30028013e-09  9.00000000e+00]]
2026-06-22 17:46:12 [DEBUG] 处理后检测输出形状: (0, 52)
2026-06-22 17:46:12 [DEBUG] 有效检测数量: 0
2026-06-22 17:46:12 [DEBUG] 检测输出为空
2026-06-22 17:46:12 [INFO] 掩码中检测到的类别: [0, 1, 2, 3, 4, 5, 6, 7, 8, 9, 10, 11, 12, 13, 14, 15]
2026-06-22 17:46:12 [INFO] 分割完成，检测到 0 个物体
2026-06-22 17:46:12 [INFO] 从分割掩码中提取检测结果
2026-06-22 17:46:12 [INFO] 从掩码中提取了 553 个检测框
2026-06-22 17:46:12 [INFO] 计算出的车框矩形边界: (1088, 719) to (3297, 1687)
2026-06-22 17:46:12 [INFO] 原始检测数: 553, 过滤后检测数: 222
2026-06-22 17:46:13 [INFO] 保存分割和检测结果到: C:\code\show\Scrap_Steel_In_Field\photos\segmentation\segment_20260622_174612.jpg
2026-06-22 17:46:13 [INFO] JSON结果保存到: C:\code\show\Scrap_Steel_In_Field\photos\segmentation_result.json
2026-06-22 17:46:13 [INFO] 类别统计：{0: 32, 1: 47, 2: 25, 3: 11, 4: 35, 5: 37, 6: 37, 7: 29, 8: 77, 9: 78, 10: 22, 11: 14, 12: 11, 13: 67, 14: 0, 15: 31}
2026-06-22 17:46:13 [INFO] 面积统计：{0: 3494520.0, 1: 1157328.0, 2: 42768.0, 3: 145548.0, 4: 140868.0, 5: 60372.0, 6: 540504.0, 7: 44892.0, 8: 1005012.0, 9: 301608.0, 10: 156708.0, 11: 340560.0, 12: 51084.0, 13: 751212.0, 14: 108.0, 15: 177408.0}
2026-06-22 17:46:13 [INFO] 分割成功
2026-06-22 17:46:13 [INFO] 引擎上下文已释放
2026-06-22 17:46:13 [INFO] TensorRT 引擎已释放
2026-06-22 17:46:13 [INFO] 全局 CUDA 资源已释放
2026-06-22 17:46:13 [INFO] 分割系统资源已释放
2026-06-22 17:46:17 [INFO] CUDA 初始化成功
2026-06-22 17:46:17 [INFO] 引擎加载成功: scrap_steel.engine
2026-06-22 17:46:17 [INFO] 分割系统初始化成功
2026-06-22 17:46:17 [INFO] 图像预处理完成，原始尺寸: (2160, 3840)
2026-06-22 17:46:17 [INFO] 开始执行分割...
2026-06-22 17:46:17 [DEBUG] 处理后的检测结果形状: (1, 8400, 6)
2026-06-22 17:46:17 [DEBUG] 示例检测结果: [[-4.09656906e+00 -3.12099838e+00  3.91465340e+01  1.45670357e+01
   3.62519188e-08  5.00000000e+00]
 [-6.62231445e+00 -2.91245270e+00  4.48424301e+01  2.87654877e+01
   8.92721097e-09  9.00000000e+00]
 [-3.65841675e+00 -3.27884674e+00  4.58818359e+01  2.96469002e+01
   4.20044799e-09  9.00000000e+00]]
2026-06-22 17:46:17 [DEBUG] 处理后检测输出形状: (0, 52)
2026-06-22 17:46:17 [DEBUG] 有效检测数量: 0
2026-06-22 17:46:17 [DEBUG] 检测输出为空
2026-06-22 17:46:17 [INFO] 掩码中检测到的类别: [0, 1, 2, 3, 4, 5, 6, 7, 8, 9, 10, 11, 12, 13, 14, 15]
2026-06-22 17:46:17 [INFO] 分割完成，检测到 0 个物体
2026-06-22 17:46:17 [INFO] 从分割掩码中提取检测结果
2026-06-22 17:46:18 [INFO] 从掩码中提取了 546 个检测框
2026-06-22 17:46:18 [INFO] 计算出的车框矩形边界: (1088, 720) to (3297, 1681)
2026-06-22 17:46:18 [INFO] 原始检测数: 546, 过滤后检测数: 226
2026-06-22 17:46:18 [INFO] 保存分割和检测结果到: C:\code\show\Scrap_Steel_In_Field\photos\segmentation\segment_20260622_174618.jpg
2026-06-22 17:46:18 [INFO] JSON结果保存到: C:\code\show\Scrap_Steel_In_Field\photos\segmentation_result.json
2026-06-22 17:46:18 [INFO] 类别统计：{0: 38, 1: 52, 2: 24, 3: 9, 4: 30, 5: 39, 6: 34, 7: 34, 8: 72, 9: 70, 10: 23, 11: 14, 12: 14, 13: 54, 14: 0, 15: 39}
2026-06-22 17:46:18 [INFO] 面积统计：{0: 3475548.0, 1: 1138392.0, 2: 46008.0, 3: 153360.0, 4: 134892.0, 5: 72720.0, 6: 584172.0, 7: 41328.0, 8: 992628.0, 9: 293760.0, 10: 157140.0, 11: 341820.0, 12: 56340.0, 13: 717192.0, 14: 36.0, 15: 134424.0}
2026-06-22 17:46:18 [INFO] 分割成功
2026-06-22 17:46:18 [INFO] 引擎上下文已释放
2026-06-22 17:46:18 [INFO] TensorRT 引擎已释放
2026-06-22 17:46:18 [INFO] 全局 CUDA 资源已释放
2026-06-22 17:46:18 [INFO] 分割系统资源已释放
2026-06-22 17:46:23 [INFO] CUDA 初始化成功
2026-06-22 17:46:23 [INFO] 引擎加载成功: scrap_steel.engine
2026-06-22 17:46:23 [INFO] 分割系统初始化成功
2026-06-22 17:46:23 [INFO] 图像预处理完成，原始尺寸: (2160, 3840)
2026-06-22 17:46:23 [INFO] 开始执行分割...
2026-06-22 17:46:23 [DEBUG] 处理后的检测结果形状: (1, 8400, 6)
2026-06-22 17:46:23 [DEBUG] 示例检测结果: [[-4.09996796e+00 -3.14223003e+00  3.90509644e+01  1.45621500e+01
   3.62519188e-08  5.00000000e+00]
 [-6.64321136e+00 -2.94617081e+00  4.47332230e+01  2.86509056e+01
   8.90653329e-09  9.00000000e+00]
 [-3.67370224e+00 -3.31978512e+00  4.58436317e+01  2.95581741e+01
   4.16799395e-09  9.00000000e+00]]
2026-06-22 17:46:23 [DEBUG] 处理后检测输出形状: (0, 52)
2026-06-22 17:46:23 [DEBUG] 有效检测数量: 0
2026-06-22 17:46:23 [DEBUG] 检测输出为空
2026-06-22 17:46:23 [INFO] 掩码中检测到的类别: [0, 1, 2, 3, 4, 5, 6, 7, 8, 9, 10, 11, 12, 13, 14, 15]
2026-06-22 17:46:23 [INFO] 分割完成，检测到 0 个物体
2026-06-22 17:46:23 [INFO] 从分割掩码中提取检测结果
2026-06-22 17:46:23 [INFO] 从掩码中提取了 568 个检测框
2026-06-22 17:46:23 [INFO] 计算出的车框矩形边界: (1088, 724) to (3297, 1678)
2026-06-22 17:46:23 [INFO] 原始检测数: 568, 过滤后检测数: 245
2026-06-22 17:46:24 [INFO] 保存分割和检测结果到: C:\code\show\Scrap_Steel_In_Field\photos\segmentation\segment_20260622_174623.jpg
2026-06-22 17:46:24 [INFO] JSON结果保存到: C:\code\show\Scrap_Steel_In_Field\photos\segmentation_result.json
2026-06-22 17:46:24 [INFO] 类别统计：{0: 51, 1: 47, 2: 22, 3: 12, 4: 31, 5: 33, 6: 38, 7: 32, 8: 60, 9: 79, 10: 26, 11: 14, 12: 17, 13: 77, 14: 0, 15: 29}
2026-06-22 17:46:24 [INFO] 面积统计：{0: 3509100.0, 1: 1123020.0, 2: 44100.0, 3: 144864.0, 4: 156888.0, 5: 60372.0, 6: 536616.0, 7: 46800.0, 8: 1028700.0, 9: 286128.0, 10: 148572.0, 11: 339840.0, 12: 53604.0, 13: 741384.0, 14: 108.0, 15: 185508.0}
2026-06-22 17:46:24 [INFO] 分割成功
2026-06-22 17:46:24 [INFO] 引擎上下文已释放
2026-06-22 17:46:24 [INFO] TensorRT 引擎已释放
2026-06-22 17:46:24 [INFO] 全局 CUDA 资源已释放
2026-06-22 17:46:24 [INFO] 分割系统资源已释放
2026-06-22 17:46:29 [INFO] CUDA 初始化成功
2026-06-22 17:46:29 [INFO] 引擎加载成功: scrap_steel.engine
2026-06-22 17:46:29 [INFO] 分割系统初始化成功
2026-06-22 17:46:29 [INFO] 图像预处理完成，原始尺寸: (2160, 3840)
2026-06-22 17:46:29 [INFO] 开始执行分割...
2026-06-22 17:46:29 [DEBUG] 处理后的检测结果形状: (1, 8400, 6)
2026-06-22 17:46:29 [DEBUG] 示例检测结果: [[-4.11629486e+00 -3.14427757e+00  3.90944481e+01  1.46544399e+01
   3.61103787e-08  5.00000000e+00]
 [-6.64221954e+00 -2.94699478e+00  4.47521782e+01  2.87772141e+01
   9.07208708e-09  9.00000000e+00]
 [-3.65802765e+00 -3.32212162e+00  4.58281326e+01  2.95590668e+01
   4.21678692e-09  9.00000000e+00]]
2026-06-22 17:46:29 [DEBUG] 处理后检测输出形状: (0, 52)
2026-06-22 17:46:29 [DEBUG] 有效检测数量: 0
2026-06-22 17:46:29 [DEBUG] 检测输出为空
2026-06-22 17:46:29 [INFO] 掩码中检测到的类别: [0, 1, 2, 3, 4, 5, 6, 7, 8, 9, 10, 11, 12, 13, 14, 15]
2026-06-22 17:46:29 [INFO] 分割完成，检测到 0 个物体
2026-06-22 17:46:29 [INFO] 从分割掩码中提取检测结果
2026-06-22 17:46:29 [INFO] 从掩码中提取了 561 个检测框
2026-06-22 17:46:29 [INFO] 计算出的车框矩形边界: (1088, 720) to (3295, 1688)
2026-06-22 17:46:29 [INFO] 原始检测数: 561, 过滤后检测数: 215
2026-06-22 17:46:30 [INFO] 保存分割和检测结果到: C:\code\show\Scrap_Steel_In_Field\photos\segmentation\segment_20260622_174629.jpg
2026-06-22 17:46:30 [INFO] JSON结果保存到: C:\code\show\Scrap_Steel_In_Field\photos\segmentation_result.json
2026-06-22 17:46:30 [INFO] 类别统计：{0: 37, 1: 59, 2: 23, 3: 11, 4: 28, 5: 33, 6: 33, 7: 32, 8: 75, 9: 82, 10: 23, 11: 15, 12: 11, 13: 63, 14: 0, 15: 36}
2026-06-22 17:46:30 [INFO] 面积统计：{0: 3521124.0, 1: 1113876.0, 2: 45900.0, 3: 157788.0, 4: 130716.0, 5: 70200.0, 6: 573768.0, 7: 37152.0, 8: 998712.0, 9: 294552.0, 10: 153072.0, 11: 348336.0, 12: 49392.0, 13: 731628.0, 14: 36.0, 15: 167832.0}
2026-06-22 17:46:30 [INFO] 分割成功
2026-06-22 17:46:30 [INFO] 引擎上下文已释放
2026-06-22 17:46:30 [INFO] TensorRT 引擎已释放
2026-06-22 17:46:30 [INFO] 全局 CUDA 资源已释放
2026-06-22 17:46:30 [INFO] 分割系统资源已释放
2026-06-22 17:46:34 [INFO] CUDA 初始化成功
2026-06-22 17:46:34 [INFO] 引擎加载成功: scrap_steel.engine
2026-06-22 17:46:34 [INFO] 分割系统初始化成功
2026-06-22 17:46:34 [INFO] 图像预处理完成，原始尺寸: (2160, 3840)
2026-06-22 17:46:34 [INFO] 开始执行分割...
2026-06-22 17:46:34 [DEBUG] 处理后的检测结果形状: (1, 8400, 6)
2026-06-22 17:46:34 [DEBUG] 示例检测结果: [[-4.13402939e+00 -3.13133144e+00  3.90343018e+01  1.46199522e+01
   3.58375551e-08  5.00000000e+00]
 [-6.66013718e+00 -2.93441010e+00  4.46843605e+01  2.86481285e+01
   8.93636276e-09  9.00000000e+00]
 [-3.66147614e+00 -3.30593586e+00  4.57848358e+01  2.94866905e+01
   4.21596091e-09  9.00000000e+00]]
2026-06-22 17:46:34 [DEBUG] 处理后检测输出形状: (0, 52)
2026-06-22 17:46:34 [DEBUG] 有效检测数量: 0
2026-06-22 17:46:34 [DEBUG] 检测输出为空
2026-06-22 17:46:34 [INFO] 掩码中检测到的类别: [0, 1, 2, 3, 4, 5, 6, 7, 8, 9, 10, 11, 12, 13, 14, 15]
2026-06-22 17:46:34 [INFO] 分割完成，检测到 0 个物体
2026-06-22 17:46:34 [INFO] 从分割掩码中提取检测结果
2026-06-22 17:46:34 [INFO] 从掩码中提取了 554 个检测框
2026-06-22 17:46:34 [INFO] 计算出的车框矩形边界: (1088, 721) to (3296, 1687)
2026-06-22 17:46:34 [INFO] 原始检测数: 554, 过滤后检测数: 230
2026-06-22 17:46:35 [INFO] 保存分割和检测结果到: C:\code\show\Scrap_Steel_In_Field\photos\segmentation\segment_20260622_174634.jpg
2026-06-22 17:46:35 [INFO] JSON结果保存到: C:\code\show\Scrap_Steel_In_Field\photos\segmentation_result.json
2026-06-22 17:46:35 [INFO] 类别统计：{0: 50, 1: 56, 2: 23, 3: 12, 4: 28, 5: 36, 6: 33, 7: 32, 8: 64, 9: 77, 10: 24, 11: 12, 12: 17, 13: 62, 14: 0, 15: 28}
2026-06-22 17:46:35 [INFO] 面积统计：{0: 3469752.0, 1: 1175616.0, 2: 44496.0, 3: 149400.0, 4: 128664.0, 5: 67104.0, 6: 595224.0, 7: 45252.0, 8: 1054836.0, 9: 297756.0, 10: 150552.0, 11: 341388.0, 12: 47664.0, 13: 710604.0, 14: 216.0, 15: 145260.0}
2026-06-22 17:46:35 [INFO] 分割成功
2026-06-22 17:46:35 [INFO] 引擎上下文已释放
2026-06-22 17:46:35 [INFO] TensorRT 引擎已释放
2026-06-22 17:46:35 [INFO] 全局 CUDA 资源已释放
2026-06-22 17:46:35 [INFO] 分割系统资源已释放
2026-06-22 17:46:39 [INFO] CUDA 初始化成功
2026-06-22 17:46:39 [INFO] 引擎加载成功: scrap_steel.engine
2026-06-22 17:46:39 [INFO] 分割系统初始化成功
2026-06-22 17:46:39 [INFO] 图像预处理完成，原始尺寸: (2160, 3840)
2026-06-22 17:46:39 [INFO] 开始执行分割...
2026-06-22 17:46:39 [DEBUG] 处理后的检测结果形状: (1, 8400, 6)
2026-06-22 17:46:39 [DEBUG] 示例检测结果: [[-4.08691025e+00 -3.15018845e+00  3.90261497e+01  1.47212353e+01
   3.62519188e-08  5.00000000e+00]
 [-6.64479828e+00 -2.94411278e+00  4.46750641e+01  2.87891407e+01
   8.86675178e-09  9.00000000e+00]
 [-3.66904449e+00 -3.34432793e+00  4.58468552e+01  2.95973644e+01
   4.24968860e-09  9.00000000e+00]]
2026-06-22 17:46:39 [DEBUG] 处理后检测输出形状: (0, 52)
2026-06-22 17:46:39 [DEBUG] 有效检测数量: 0
2026-06-22 17:46:39 [DEBUG] 检测输出为空
2026-06-22 17:46:39 [INFO] 掩码中检测到的类别: [0, 1, 2, 3, 4, 5, 6, 7, 8, 9, 10, 11, 12, 13, 14, 15]
2026-06-22 17:46:39 [INFO] 分割完成，检测到 0 个物体
2026-06-22 17:46:39 [INFO] 从分割掩码中提取检测结果
2026-06-22 17:46:39 [INFO] 从掩码中提取了 571 个检测框
2026-06-22 17:46:39 [INFO] 计算出的车框矩形边界: (1088, 720) to (3297, 1687)
2026-06-22 17:46:39 [INFO] 原始检测数: 571, 过滤后检测数: 227
2026-06-22 17:46:40 [INFO] 保存分割和检测结果到: C:\code\show\Scrap_Steel_In_Field\photos\segmentation\segment_20260622_174639.jpg
2026-06-22 17:46:40 [INFO] JSON结果保存到: C:\code\show\Scrap_Steel_In_Field\photos\segmentation_result.json
2026-06-22 17:46:40 [INFO] 类别统计：{0: 42, 1: 59, 2: 24, 3: 10, 4: 26, 5: 33, 6: 35, 7: 32, 8: 73, 9: 79, 10: 27, 11: 15, 12: 14, 13: 70, 14: 0, 15: 32}
2026-06-22 17:46:40 [INFO] 面积统计：{0: 3522456.0, 1: 1141596.0, 2: 41688.0, 3: 146484.0, 4: 141876.0, 5: 63828.0, 6: 565812.0, 7: 42336.0, 8: 1023336.0, 9: 302112.0, 10: 149580.0, 11: 341100.0, 12: 50004.0, 13: 729324.0, 14: 72.0, 15: 158004.0}
2026-06-22 17:46:40 [INFO] 分割成功
2026-06-22 17:46:40 [INFO] 引擎上下文已释放
2026-06-22 17:46:40 [INFO] TensorRT 引擎已释放
2026-06-22 17:46:40 [INFO] 全局 CUDA 资源已释放
2026-06-22 17:46:40 [INFO] 分割系统资源已释放
2026-06-22 17:46:44 [INFO] CUDA 初始化成功
2026-06-22 17:46:44 [INFO] 引擎加载成功: scrap_steel.engine
2026-06-22 17:46:44 [INFO] 分割系统初始化成功
2026-06-22 17:46:44 [INFO] 图像预处理完成，原始尺寸: (2160, 3840)
2026-06-22 17:46:44 [INFO] 开始执行分割...
2026-06-22 17:46:44 [DEBUG] 处理后的检测结果形状: (1, 8400, 6)
2026-06-22 17:46:44 [DEBUG] 示例检测结果: [[-4.08662415e+00 -3.13254213e+00  3.90110664e+01  1.45980148e+01
   3.63934554e-08  5.00000000e+00]
 [-6.64606094e+00 -2.94553185e+00  4.47464752e+01  2.87557220e+01
   8.92721097e-09  9.00000000e+00]
 [-3.64508057e+00 -3.30572510e+00  4.58329468e+01  2.95771561e+01
   4.20044799e-09  9.00000000e+00]]
2026-06-22 17:46:44 [DEBUG] 处理后检测输出形状: (0, 52)
2026-06-22 17:46:44 [DEBUG] 有效检测数量: 0
2026-06-22 17:46:44 [DEBUG] 检测输出为空
2026-06-22 17:46:44 [INFO] 掩码中检测到的类别: [0, 1, 2, 3, 4, 5, 6, 7, 8, 9, 10, 11, 12, 13, 14, 15]
2026-06-22 17:46:44 [INFO] 分割完成，检测到 0 个物体
2026-06-22 17:46:44 [INFO] 从分割掩码中提取检测结果
2026-06-22 17:46:44 [INFO] 从掩码中提取了 555 个检测框
2026-06-22 17:46:44 [INFO] 计算出的车框矩形边界: (1088, 720) to (3295, 1687)
2026-06-22 17:46:44 [INFO] 原始检测数: 555, 过滤后检测数: 219
2026-06-22 17:46:45 [INFO] 保存分割和检测结果到: C:\code\show\Scrap_Steel_In_Field\photos\segmentation\segment_20260622_174644.jpg
2026-06-22 17:46:45 [INFO] JSON结果保存到: C:\code\show\Scrap_Steel_In_Field\photos\segmentation_result.json
2026-06-22 17:46:45 [INFO] 类别统计：{0: 42, 1: 59, 2: 23, 3: 11, 4: 35, 5: 35, 6: 26, 7: 29, 8: 67, 9: 74, 10: 21, 11: 16, 12: 13, 13: 74, 14: 0, 15: 30}
2026-06-22 17:46:45 [INFO] 面积统计：{0: 3500460.0, 1: 1143756.0, 2: 42120.0, 3: 148176.0, 4: 162792.0, 5: 57060.0, 6: 548460.0, 7: 41148.0, 8: 1036836.0, 9: 293976.0, 10: 156204.0, 11: 343800.0, 12: 51120.0, 13: 735912.0, 14: 72.0, 15: 179784.0}
2026-06-22 17:46:45 [INFO] 分割成功
2026-06-22 17:46:45 [INFO] 引擎上下文已释放
2026-06-22 17:46:45 [INFO] TensorRT 引擎已释放
2026-06-22 17:46:45 [INFO] 全局 CUDA 资源已释放
2026-06-22 17:46:45 [INFO] 分割系统资源已释放
2026-06-22 17:46:49 [INFO] CUDA 初始化成功
2026-06-22 17:46:49 [INFO] 引擎加载成功: scrap_steel.engine
2026-06-22 17:46:49 [INFO] 分割系统初始化成功
2026-06-22 17:46:49 [INFO] 图像预处理完成，原始尺寸: (2160, 3840)
2026-06-22 17:46:49 [INFO] 开始执行分割...
2026-06-22 17:46:49 [DEBUG] 处理后的检测结果形状: (1, 8400, 6)
2026-06-22 17:46:49 [DEBUG] 示例检测结果: [[-4.08783340e+00 -3.13064575e+00  3.91481514e+01  1.46744175e+01
   3.66880606e-08  5.00000000e+00]
 [-6.64977646e+00 -2.92253685e+00  4.47374840e+01  2.87461605e+01
   9.07208708e-09  9.00000000e+00]
 [-3.67149734e+00 -3.31754303e+00  4.58723831e+01  2.96198158e+01
   4.23352020e-09  9.00000000e+00]]
2026-06-22 17:46:49 [DEBUG] 处理后检测输出形状: (0, 52)
2026-06-22 17:46:49 [DEBUG] 有效检测数量: 0
2026-06-22 17:46:49 [DEBUG] 检测输出为空
2026-06-22 17:46:49 [INFO] 掩码中检测到的类别: [0, 1, 2, 3, 4, 5, 6, 7, 8, 9, 10, 11, 12, 13, 15]
2026-06-22 17:46:49 [INFO] 分割完成，检测到 0 个物体
2026-06-22 17:46:49 [INFO] 从分割掩码中提取检测结果
2026-06-22 17:46:49 [INFO] 从掩码中提取了 570 个检测框
2026-06-22 17:46:49 [INFO] 计算出的车框矩形边界: (1088, 721) to (3296, 1678)
2026-06-22 17:46:49 [INFO] 原始检测数: 570, 过滤后检测数: 230
2026-06-22 17:46:50 [INFO] 保存分割和检测结果到: C:\code\show\Scrap_Steel_In_Field\photos\segmentation\segment_20260622_174649.jpg
2026-06-22 17:46:50 [INFO] JSON结果保存到: C:\code\show\Scrap_Steel_In_Field\photos\segmentation_result.json
2026-06-22 17:46:50 [INFO] 类别统计：{0: 55, 1: 46, 2: 25, 3: 11, 4: 31, 5: 32, 6: 31, 7: 32, 8: 71, 9: 79, 10: 21, 11: 14, 12: 14, 13: 73, 14: 0, 15: 35}
2026-06-22 17:46:50 [INFO] 面积统计：{0: 3439224.0, 1: 1120464.0, 2: 46404.0, 3: 154620.0, 4: 141012.0, 5: 72072.0, 6: 561420.0, 7: 37584.0, 8: 1052820.0, 9: 317916.0, 10: 145296.0, 11: 333684.0, 12: 55656.0, 13: 735120.0, 15: 149724.0}
2026-06-22 17:46:50 [INFO] 分割成功
2026-06-22 17:46:50 [INFO] 引擎上下文已释放
2026-06-22 17:46:50 [INFO] TensorRT 引擎已释放
2026-06-22 17:46:50 [INFO] 全局 CUDA 资源已释放
2026-06-22 17:46:50 [INFO] 分割系统资源已释放
2026-06-22 17:46:54 [INFO] CUDA 初始化成功
2026-06-22 17:46:54 [INFO] 引擎加载成功: scrap_steel.engine
2026-06-22 17:46:54 [INFO] 分割系统初始化成功
2026-06-22 17:46:54 [INFO] 图像预处理完成，原始尺寸: (2160, 3840)
2026-06-22 17:46:54 [INFO] 开始执行分割...
2026-06-22 17:46:54 [DEBUG] 处理后的检测结果形状: (1, 8400, 6)
2026-06-22 17:46:54 [DEBUG] 示例检测结果: [[-4.10147095e+00 -3.13502073e+00  3.90665359e+01  1.46027451e+01
   3.62589603e-08  5.00000000e+00]
 [-6.66418076e+00 -2.94575691e+00  4.46863632e+01  2.86032505e+01
   9.08223896e-09  9.00000000e+00]
 [-3.67190933e+00 -3.31790161e+00  4.57897377e+01  2.94496880e+01
   4.24904556e-09  9.00000000e+00]]
2026-06-22 17:46:54 [DEBUG] 处理后检测输出形状: (0, 52)
2026-06-22 17:46:54 [DEBUG] 有效检测数量: 0
2026-06-22 17:46:54 [DEBUG] 检测输出为空
2026-06-22 17:46:54 [INFO] 掩码中检测到的类别: [0, 1, 2, 3, 4, 5, 6, 7, 8, 9, 10, 11, 12, 13, 15]
2026-06-22 17:46:54 [INFO] 分割完成，检测到 0 个物体
2026-06-22 17:46:54 [INFO] 从分割掩码中提取检测结果
2026-06-22 17:46:54 [INFO] 从掩码中提取了 530 个检测框
2026-06-22 17:46:54 [INFO] 计算出的车框矩形边界: (1088, 720) to (3296, 1687)
2026-06-22 17:46:54 [INFO] 原始检测数: 530, 过滤后检测数: 212
2026-06-22 17:46:55 [INFO] 保存分割和检测结果到: C:\code\show\Scrap_Steel_In_Field\photos\segmentation\segment_20260622_174654.jpg
2026-06-22 17:46:55 [INFO] JSON结果保存到: C:\code\show\Scrap_Steel_In_Field\photos\segmentation_result.json
2026-06-22 17:46:55 [INFO] 类别统计：{0: 39, 1: 62, 2: 21, 3: 10, 4: 30, 5: 37, 6: 33, 7: 30, 8: 59, 9: 69, 10: 20, 11: 14, 12: 11, 13: 68, 14: 0, 15: 27}
2026-06-22 17:46:55 [INFO] 面积统计：{0: 3596868.0, 1: 1127592.0, 2: 44136.0, 3: 149220.0, 4: 135072.0, 5: 58104.0, 6: 610632.0, 7: 41904.0, 8: 1011384.0, 9: 287424.0, 10: 147348.0, 11: 336780.0, 12: 44640.0, 13: 708552.0, 15: 154188.0}
2026-06-22 17:46:55 [INFO] 分割成功
2026-06-22 17:46:55 [INFO] 引擎上下文已释放
2026-06-22 17:46:55 [INFO] TensorRT 引擎已释放
2026-06-22 17:46:55 [INFO] 全局 CUDA 资源已释放
2026-06-22 17:46:55 [INFO] 分割系统资源已释放
2026-06-22 17:46:59 [INFO] CUDA 初始化成功
2026-06-22 17:46:59 [INFO] 引擎加载成功: scrap_steel.engine
2026-06-22 17:46:59 [INFO] 分割系统初始化成功
2026-06-22 17:46:59 [INFO] 图像预处理完成，原始尺寸: (2160, 3840)
2026-06-22 17:46:59 [INFO] 开始执行分割...
2026-06-22 17:46:59 [DEBUG] 处理后的检测结果形状: (1, 8400, 6)
2026-06-22 17:46:59 [DEBUG] 示例检测结果: [[-4.11472702e+00 -3.13425303e+00  3.90478783e+01  1.45599880e+01
   3.65349955e-08  5.00000000e+00]
 [-6.64203644e+00 -2.93644905e+00  4.46703720e+01  2.86345863e+01
   8.89253471e-09  9.00000000e+00]
 [-3.67677307e+00 -3.30552959e+00  4.57954559e+01  2.94616890e+01
   4.15090184e-09  9.00000000e+00]]
2026-06-22 17:46:59 [DEBUG] 处理后检测输出形状: (0, 52)
2026-06-22 17:46:59 [DEBUG] 有效检测数量: 0
2026-06-22 17:46:59 [DEBUG] 检测输出为空
2026-06-22 17:47:00 [INFO] 掩码中检测到的类别: [0, 1, 2, 3, 4, 5, 6, 7, 8, 9, 10, 11, 12, 13, 15]
2026-06-22 17:47:00 [INFO] 分割完成，检测到 0 个物体
2026-06-22 17:47:00 [INFO] 从分割掩码中提取检测结果
2026-06-22 17:47:00 [INFO] 从掩码中提取了 531 个检测框
2026-06-22 17:47:00 [INFO] 计算出的车框矩形边界: (1088, 720) to (3295, 1687)
2026-06-22 17:47:00 [INFO] 原始检测数: 531, 过滤后检测数: 216
2026-06-22 17:47:00 [INFO] 保存分割和检测结果到: C:\code\show\Scrap_Steel_In_Field\photos\segmentation\segment_20260622_174700.jpg
2026-06-22 17:47:00 [INFO] JSON结果保存到: C:\code\show\Scrap_Steel_In_Field\photos\segmentation_result.json
2026-06-22 17:47:00 [INFO] 类别统计：{0: 40, 1: 50, 2: 22, 3: 13, 4: 33, 5: 32, 6: 32, 7: 29, 8: 55, 9: 72, 10: 22, 11: 14, 12: 12, 13: 69, 14: 0, 15: 36}
2026-06-22 17:47:00 [INFO] 面积统计：{0: 3419856.0, 1: 1151964.0, 2: 44064.0, 3: 142092.0, 4: 161064.0, 5: 61344.0, 6: 564876.0, 7: 41616.0, 8: 992484.0, 9: 326052.0, 10: 152352.0, 11: 343980.0, 12: 51372.0, 13: 724896.0, 15: 175032.0}
2026-06-22 17:47:00 [INFO] 分割成功
2026-06-22 17:47:00 [INFO] 引擎上下文已释放
2026-06-22 17:47:00 [INFO] TensorRT 引擎已释放
2026-06-22 17:47:01 [INFO] 全局 CUDA 资源已释放
2026-06-22 17:47:01 [INFO] 分割系统资源已释放
2026-06-22 17:47:05 [INFO] CUDA 初始化成功
2026-06-22 17:47:05 [INFO] 引擎加载成功: scrap_steel.engine
2026-06-22 17:47:05 [INFO] 分割系统初始化成功
2026-06-22 17:47:05 [INFO] 图像预处理完成，原始尺寸: (2160, 3840)
2026-06-22 17:47:05 [INFO] 开始执行分割...
2026-06-22 17:47:05 [DEBUG] 处理后的检测结果形状: (1, 8400, 6)
2026-06-22 17:47:05 [DEBUG] 示例检测结果: [[-4.11584091e+00 -3.14443541e+00  3.92219353e+01  1.46181221e+01
   3.62519188e-08  5.00000000e+00]
 [-6.67250443e+00 -2.93594933e+00  4.48089790e+01  2.87667446e+01
   8.73380568e-09  9.00000000e+00]
 [-3.65014648e+00 -3.30586052e+00  4.58951416e+01  2.96290150e+01
   4.13531609e-09  9.00000000e+00]]
2026-06-22 17:47:05 [DEBUG] 处理后检测输出形状: (0, 52)
2026-06-22 17:47:05 [DEBUG] 有效检测数量: 0
2026-06-22 17:47:05 [DEBUG] 检测输出为空
2026-06-22 17:47:05 [INFO] 掩码中检测到的类别: [0, 1, 2, 3, 4, 5, 6, 7, 8, 9, 10, 11, 12, 13, 15]
2026-06-22 17:47:05 [INFO] 分割完成，检测到 0 个物体
2026-06-22 17:47:05 [INFO] 从分割掩码中提取检测结果
2026-06-22 17:47:05 [INFO] 从掩码中提取了 541 个检测框
2026-06-22 17:47:05 [INFO] 计算出的车框矩形边界: (1088, 720) to (3296, 1687)
2026-06-22 17:47:05 [INFO] 原始检测数: 541, 过滤后检测数: 215
2026-06-22 17:47:06 [INFO] 保存分割和检测结果到: C:\code\show\Scrap_Steel_In_Field\photos\segmentation\segment_20260622_174705.jpg
2026-06-22 17:47:06 [INFO] JSON结果保存到: C:\code\show\Scrap_Steel_In_Field\photos\segmentation_result.json
2026-06-22 17:47:06 [INFO] 类别统计：{0: 34, 1: 52, 2: 23, 3: 12, 4: 27, 5: 37, 6: 31, 7: 27, 8: 68, 9: 79, 10: 27, 11: 11, 12: 12, 13: 66, 14: 0, 15: 35}
2026-06-22 17:47:06 [INFO] 面积统计：{0: 3509964.0, 1: 1139328.0, 2: 43668.0, 3: 142020.0, 4: 152748.0, 5: 64908.0, 6: 569628.0, 7: 39996.0, 8: 1020168.0, 9: 308880.0, 10: 150588.0, 11: 344268.0, 12: 42588.0, 13: 730152.0, 15: 180000.0}
2026-06-22 17:47:06 [INFO] 分割成功
2026-06-22 17:47:06 [INFO] 引擎上下文已释放
2026-06-22 17:47:06 [INFO] TensorRT 引擎已释放
2026-06-22 17:47:06 [INFO] 全局 CUDA 资源已释放
2026-06-22 17:47:06 [INFO] 分割系统资源已释放
2026-06-22 17:47:10 [INFO] CUDA 初始化成功
2026-06-22 17:47:10 [INFO] 引擎加载成功: scrap_steel.engine
2026-06-22 17:47:10 [INFO] 分割系统初始化成功
2026-06-22 17:47:10 [INFO] 图像预处理完成，原始尺寸: (2160, 3840)
2026-06-22 17:47:10 [INFO] 开始执行分割...
2026-06-22 17:47:10 [DEBUG] 处理后的检测结果形状: (1, 8400, 6)
2026-06-22 17:47:10 [DEBUG] 示例检测结果: [[-4.06800079e+00 -3.11274815e+00  3.91422577e+01  1.45211878e+01
   3.69630229e-08  5.00000000e+00]
 [-6.57297516e+00 -2.90199852e+00  4.48035507e+01  2.87146873e+01
   9.07208708e-09  9.00000000e+00]
 [-3.66256714e+00 -3.29303551e+00  4.58718796e+01  2.96451359e+01
   4.28352021e-09  9.00000000e+00]]
2026-06-22 17:47:10 [DEBUG] 处理后检测输出形状: (0, 52)
2026-06-22 17:47:10 [DEBUG] 有效检测数量: 0
2026-06-22 17:47:10 [DEBUG] 检测输出为空
2026-06-22 17:47:10 [INFO] 掩码中检测到的类别: [0, 1, 2, 3, 4, 5, 6, 7, 8, 9, 10, 11, 12, 13, 15]
2026-06-22 17:47:10 [INFO] 分割完成，检测到 0 个物体
2026-06-22 17:47:10 [INFO] 从分割掩码中提取检测结果
2026-06-22 17:47:10 [INFO] 从掩码中提取了 544 个检测框
2026-06-22 17:47:10 [INFO] 计算出的车框矩形边界: (1088, 720) to (3295, 1687)
2026-06-22 17:47:10 [INFO] 原始检测数: 544, 过滤后检测数: 225
2026-06-22 17:47:11 [INFO] 保存分割和检测结果到: C:\code\show\Scrap_Steel_In_Field\photos\segmentation\segment_20260622_174710.jpg
2026-06-22 17:47:11 [INFO] JSON结果保存到: C:\code\show\Scrap_Steel_In_Field\photos\segmentation_result.json
2026-06-22 17:47:11 [INFO] 类别统计：{0: 26, 1: 53, 2: 22, 3: 9, 4: 29, 5: 34, 6: 33, 7: 29, 8: 76, 9: 83, 10: 23, 11: 14, 12: 14, 13: 65, 14: 0, 15: 34}
2026-06-22 17:47:11 [INFO] 面积统计：{0: 3481524.0, 1: 1147032.0, 2: 45972.0, 3: 147528.0, 4: 138132.0, 5: 67536.0, 6: 566316.0, 7: 38880.0, 8: 977508.0, 9: 325044.0, 10: 149652.0, 11: 336672.0, 12: 45972.0, 13: 716400.0, 15: 153288.0}
2026-06-22 17:47:11 [INFO] 分割成功
2026-06-22 17:47:11 [INFO] 引擎上下文已释放
2026-06-22 17:47:11 [INFO] TensorRT 引擎已释放
2026-06-22 17:47:11 [INFO] 全局 CUDA 资源已释放
2026-06-22 17:47:11 [INFO] 分割系统资源已释放
2026-06-22 17:47:15 [INFO] CUDA 初始化成功
2026-06-22 17:47:15 [INFO] 引擎加载成功: scrap_steel.engine
2026-06-22 17:47:15 [INFO] 分割系统初始化成功
2026-06-22 17:47:15 [INFO] 图像预处理完成，原始尺寸: (2160, 3840)
2026-06-22 17:47:15 [INFO] 开始执行分割...
2026-06-22 17:47:16 [DEBUG] 处理后的检测结果形状: (1, 8400, 6)
2026-06-22 17:47:16 [DEBUG] 示例检测结果: [[-4.11680222e+00 -3.15502834e+00  3.91730919e+01  1.47099810e+01
   3.62519188e-08  5.00000000e+00]
 [-6.64405060e+00 -2.94538689e+00  4.47295227e+01  2.88294430e+01
   8.92721097e-09  9.00000000e+00]
 [-3.65874100e+00 -3.33525181e+00  4.58488121e+01  2.96451645e+01
   4.23352020e-09  9.00000000e+00]]
2026-06-22 17:47:16 [DEBUG] 处理后检测输出形状: (0, 52)
2026-06-22 17:47:16 [DEBUG] 有效检测数量: 0
2026-06-22 17:47:16 [DEBUG] 检测输出为空
2026-06-22 17:47:16 [INFO] 掩码中检测到的类别: [0, 1, 2, 3, 4, 5, 6, 7, 8, 9, 10, 11, 12, 13, 14, 15]
2026-06-22 17:47:16 [INFO] 分割完成，检测到 0 个物体
2026-06-22 17:47:16 [INFO] 从分割掩码中提取检测结果
2026-06-22 17:47:16 [INFO] 从掩码中提取了 543 个检测框
2026-06-22 17:47:16 [INFO] 计算出的车框矩形边界: (1088, 720) to (3297, 1687)
2026-06-22 17:47:16 [INFO] 原始检测数: 543, 过滤后检测数: 222
2026-06-22 17:47:17 [INFO] 保存分割和检测结果到: C:\code\show\Scrap_Steel_In_Field\photos\segmentation\segment_20260622_174716.jpg
2026-06-22 17:47:17 [INFO] JSON结果保存到: C:\code\show\Scrap_Steel_In_Field\photos\segmentation_result.json
2026-06-22 17:47:17 [INFO] 类别统计：{0: 33, 1: 49, 2: 20, 3: 11, 4: 38, 5: 36, 6: 37, 7: 26, 8: 65, 9: 75, 10: 25, 11: 14, 12: 13, 13: 72, 14: 0, 15: 29}
2026-06-22 17:47:17 [INFO] 面积统计：{0: 3445344.0, 1: 1144908.0, 2: 44460.0, 3: 139284.0, 4: 172188.0, 5: 56844.0, 6: 537480.0, 7: 41868.0, 8: 1036116.0, 9: 309780.0, 10: 150876.0, 11: 331884.0, 12: 53712.0, 13: 741312.0, 14: 36.0, 15: 167004.0}
2026-06-22 17:47:17 [INFO] 分割成功
2026-06-22 17:47:17 [INFO] 引擎上下文已释放
2026-06-22 17:47:17 [INFO] TensorRT 引擎已释放
2026-06-22 17:47:17 [INFO] 全局 CUDA 资源已释放
2026-06-22 17:47:17 [INFO] 分割系统资源已释放
2026-06-22 17:47:20 [INFO] CUDA 初始化成功
2026-06-22 17:47:20 [INFO] 引擎加载成功: scrap_steel.engine
2026-06-22 17:47:20 [INFO] 分割系统初始化成功
2026-06-22 17:47:20 [INFO] 图像预处理完成，原始尺寸: (2160, 3840)
2026-06-22 17:47:20 [INFO] 开始执行分割...
2026-06-22 17:47:21 [DEBUG] 处理后的检测结果形状: (1, 8400, 6)
2026-06-22 17:47:21 [DEBUG] 示例检测结果: [[-4.11310959e+00 -3.15313387e+00  3.91106415e+01  1.46988487e+01
   3.62519188e-08  5.00000000e+00]
 [-6.64812088e+00 -2.94595909e+00  4.47823906e+01  2.88921452e+01
   8.85785845e-09  9.00000000e+00]
 [-3.64574432e+00 -3.30376816e+00  4.58806992e+01  2.96754189e+01
   4.18410906e-09  9.00000000e+00]]
2026-06-22 17:47:21 [DEBUG] 处理后检测输出形状: (0, 52)
2026-06-22 17:47:21 [DEBUG] 有效检测数量: 0
2026-06-22 17:47:21 [DEBUG] 检测输出为空
2026-06-22 17:47:21 [INFO] 掩码中检测到的类别: [0, 1, 2, 3, 4, 5, 6, 7, 8, 9, 10, 11, 12, 13, 14, 15]
2026-06-22 17:47:21 [INFO] 分割完成，检测到 0 个物体
2026-06-22 17:47:21 [INFO] 从分割掩码中提取检测结果
2026-06-22 17:47:21 [INFO] 从掩码中提取了 560 个检测框
2026-06-22 17:47:21 [INFO] 计算出的车框矩形边界: (1088, 719) to (3296, 1688)
2026-06-22 17:47:21 [INFO] 原始检测数: 560, 过滤后检测数: 220
2026-06-22 17:47:21 [INFO] 保存分割和检测结果到: C:\code\show\Scrap_Steel_In_Field\photos\segmentation\segment_20260622_174721.jpg
2026-06-22 17:47:21 [INFO] JSON结果保存到: C:\code\show\Scrap_Steel_In_Field\photos\segmentation_result.json
2026-06-22 17:47:21 [INFO] 类别统计：{0: 42, 1: 54, 2: 22, 3: 10, 4: 36, 5: 32, 6: 32, 7: 35, 8: 66, 9: 80, 10: 22, 11: 15, 12: 12, 13: 73, 14: 0, 15: 29}
2026-06-22 17:47:21 [INFO] 面积统计：{0: 3414024.0, 1: 1181952.0, 2: 42408.0, 3: 139068.0, 4: 159336.0, 5: 61488.0, 6: 541908.0, 7: 43956.0, 8: 1041192.0, 9: 317844.0, 10: 149292.0, 11: 336564.0, 12: 59904.0, 13: 735156.0, 14: 108.0, 15: 161496.0}
2026-06-22 17:47:22 [INFO] 分割成功
2026-06-22 17:47:22 [INFO] 引擎上下文已释放
2026-06-22 17:47:22 [INFO] TensorRT 引擎已释放
2026-06-22 17:47:22 [INFO] 全局 CUDA 资源已释放
2026-06-22 17:47:22 [INFO] 分割系统资源已释放
2026-06-22 17:47:26 [INFO] CUDA 初始化成功
2026-06-22 17:47:26 [INFO] 引擎加载成功: scrap_steel.engine
2026-06-22 17:47:26 [INFO] 分割系统初始化成功
2026-06-22 17:47:26 [INFO] 图像预处理完成，原始尺寸: (2160, 3840)
2026-06-22 17:47:26 [INFO] 开始执行分割...
2026-06-22 17:47:26 [DEBUG] 处理后的检测结果形状: (1, 8400, 6)
2026-06-22 17:47:26 [DEBUG] 示例检测结果: [[-4.08457184e+00 -3.10365057e+00  3.90936546e+01  1.45125599e+01
   3.62519188e-08  5.00000000e+00]
 [-6.64567947e+00 -2.90960503e+00  4.47974701e+01  2.87491283e+01
   8.99741970e-09  9.00000000e+00]
 [-3.64528656e+00 -3.29243183e+00  4.58453217e+01  2.96580772e+01
   4.24992397e-09  9.00000000e+00]]
2026-06-22 17:47:26 [DEBUG] 处理后检测输出形状: (0, 52)
2026-06-22 17:47:26 [DEBUG] 有效检测数量: 0
2026-06-22 17:47:26 [DEBUG] 检测输出为空
2026-06-22 17:47:26 [INFO] 掩码中检测到的类别: [0, 1, 2, 3, 4, 5, 6, 7, 8, 9, 10, 11, 12, 13, 14, 15]
2026-06-22 17:47:26 [INFO] 分割完成，检测到 0 个物体
2026-06-22 17:47:26 [INFO] 从分割掩码中提取检测结果
2026-06-22 17:47:26 [INFO] 从掩码中提取了 549 个检测框
2026-06-22 17:47:26 [INFO] 计算出的车框矩形边界: (1088, 720) to (3297, 1687)
2026-06-22 17:47:26 [INFO] 原始检测数: 549, 过滤后检测数: 213
2026-06-22 17:47:27 [INFO] 保存分割和检测结果到: C:\code\show\Scrap_Steel_In_Field\photos\segmentation\segment_20260622_174726.jpg
2026-06-22 17:47:27 [INFO] JSON结果保存到: C:\code\show\Scrap_Steel_In_Field\photos\segmentation_result.json
2026-06-22 17:47:27 [INFO] 类别统计：{0: 47, 1: 53, 2: 24, 3: 9, 4: 30, 5: 37, 6: 35, 7: 27, 8: 71, 9: 74, 10: 19, 11: 15, 12: 13, 13: 65, 14: 0, 15: 30}
2026-06-22 17:47:27 [INFO] 面积统计：{0: 3488580.0, 1: 1109988.0, 2: 46836.0, 3: 148176.0, 4: 139968.0, 5: 66024.0, 6: 594900.0, 7: 44928.0, 8: 1048860.0, 9: 311148.0, 10: 147636.0, 11: 333684.0, 12: 54900.0, 13: 740844.0, 14: 108.0, 15: 158184.0}
2026-06-22 17:47:27 [INFO] 分割成功
2026-06-22 17:47:27 [INFO] 引擎上下文已释放
2026-06-22 17:47:27 [INFO] TensorRT 引擎已释放
2026-06-22 17:47:27 [INFO] 全局 CUDA 资源已释放
2026-06-22 17:47:27 [INFO] 分割系统资源已释放
2026-06-22 17:47:31 [INFO] CUDA 初始化成功
2026-06-22 17:47:31 [INFO] 引擎加载成功: scrap_steel.engine
2026-06-22 17:47:31 [INFO] 分割系统初始化成功
2026-06-22 17:47:31 [INFO] 图像预处理完成，原始尺寸: (2160, 3840)
2026-06-22 17:47:31 [INFO] 开始执行分割...
2026-06-22 17:47:31 [DEBUG] 处理后的检测结果形状: (1, 8400, 6)
2026-06-22 17:47:31 [DEBUG] 示例检测结果: [[-4.11452484e+00 -3.13315773e+00  3.91360245e+01  1.46113529e+01
   3.62519188e-08  5.00000000e+00]
 [-6.63933563e+00 -2.93546867e+00  4.48079834e+01  2.86733322e+01
   8.92721097e-09  9.00000000e+00]
 [-3.66277313e+00 -3.30419159e+00  4.58877792e+01  2.95539856e+01
   4.20071267e-09  9.00000000e+00]]
2026-06-22 17:47:31 [DEBUG] 处理后检测输出形状: (0, 52)
2026-06-22 17:47:31 [DEBUG] 有效检测数量: 0
2026-06-22 17:47:31 [DEBUG] 检测输出为空
2026-06-22 17:47:31 [INFO] 掩码中检测到的类别: [0, 1, 2, 3, 4, 5, 6, 7, 8, 9, 10, 11, 12, 13, 14, 15]
2026-06-22 17:47:31 [INFO] 分割完成，检测到 0 个物体
2026-06-22 17:47:31 [INFO] 从分割掩码中提取检测结果
2026-06-22 17:47:32 [INFO] 从掩码中提取了 579 个检测框
2026-06-22 17:47:32 [INFO] 计算出的车框矩形边界: (1088, 720) to (3295, 1687)
2026-06-22 17:47:32 [INFO] 原始检测数: 579, 过滤后检测数: 232
2026-06-22 17:47:32 [INFO] 保存分割和检测结果到: C:\code\show\Scrap_Steel_In_Field\photos\segmentation\segment_20260622_174732.jpg
2026-06-22 17:47:32 [INFO] JSON结果保存到: C:\code\show\Scrap_Steel_In_Field\photos\segmentation_result.json
2026-06-22 17:47:32 [INFO] 类别统计：{0: 59, 1: 54, 2: 24, 3: 11, 4: 30, 5: 37, 6: 32, 7: 32, 8: 72, 9: 73, 10: 26, 11: 12, 12: 13, 13: 71, 14: 0, 15: 33}
2026-06-22 17:47:32 [INFO] 面积统计：{0: 3480300.0, 1: 1151856.0, 2: 45648.0, 3: 145656.0, 4: 141264.0, 5: 60192.0, 6: 562464.0, 7: 42804.0, 8: 1016712.0, 9: 327204.0, 10: 151380.0, 11: 344124.0, 12: 48276.0, 13: 739728.0, 14: 72.0, 15: 173196.0}
2026-06-22 17:47:32 [INFO] 分割成功
2026-06-22 17:47:32 [INFO] 引擎上下文已释放
2026-06-22 17:47:32 [INFO] TensorRT 引擎已释放
2026-06-22 17:47:32 [INFO] 全局 CUDA 资源已释放
2026-06-22 17:47:32 [INFO] 分割系统资源已释放
2026-06-22 17:47:36 [INFO] CUDA 初始化成功
2026-06-22 17:47:36 [INFO] 引擎加载成功: scrap_steel.engine
2026-06-22 17:47:36 [INFO] 分割系统初始化成功
2026-06-22 17:47:36 [INFO] 图像预处理完成，原始尺寸: (2160, 3840)
2026-06-22 17:47:36 [INFO] 开始执行分割...
2026-06-22 17:47:36 [DEBUG] 处理后的检测结果形状: (1, 8400, 6)
2026-06-22 17:47:36 [DEBUG] 示例检测结果: [[-4.14443970e+00 -3.14745283e+00  3.91378403e+01  1.46762161e+01
   3.55647281e-08  5.00000000e+00]
 [-6.62551498e+00 -2.93594170e+00  4.46614685e+01  2.87324123e+01
   8.90134633e-09  9.00000000e+00]
 [-3.65689087e+00 -3.32246113e+00  4.58504639e+01  2.95439110e+01
   4.18223323e-09  9.00000000e+00]]
2026-06-22 17:47:36 [DEBUG] 处理后检测输出形状: (0, 52)
2026-06-22 17:47:36 [DEBUG] 有效检测数量: 0
2026-06-22 17:47:36 [DEBUG] 检测输出为空
2026-06-22 17:47:36 [INFO] 掩码中检测到的类别: [0, 1, 2, 3, 4, 5, 6, 7, 8, 9, 10, 11, 12, 13, 14, 15]
2026-06-22 17:47:36 [INFO] 分割完成，检测到 0 个物体
2026-06-22 17:47:36 [INFO] 从分割掩码中提取检测结果
2026-06-22 17:47:37 [INFO] 从掩码中提取了 554 个检测框
2026-06-22 17:47:37 [INFO] 计算出的车框矩形边界: (1088, 724) to (3297, 1687)
2026-06-22 17:47:37 [INFO] 原始检测数: 554, 过滤后检测数: 221
2026-06-22 17:47:37 [INFO] 保存分割和检测结果到: C:\code\show\Scrap_Steel_In_Field\photos\segmentation\segment_20260622_174737.jpg
2026-06-22 17:47:37 [INFO] JSON结果保存到: C:\code\show\Scrap_Steel_In_Field\photos\segmentation_result.json
2026-06-22 17:47:37 [INFO] 类别统计：{0: 45, 1: 54, 2: 23, 3: 11, 4: 29, 5: 39, 6: 31, 7: 32, 8: 68, 9: 73, 10: 23, 11: 14, 12: 14, 13: 66, 14: 0, 15: 32}
2026-06-22 17:47:37 [INFO] 面积统计：{0: 3333204.0, 1: 1195956.0, 2: 49356.0, 3: 163296.0, 4: 145116.0, 5: 62352.0, 6: 564192.0, 7: 38592.0, 8: 1028772.0, 9: 374076.0, 10: 148716.0, 11: 332676.0, 12: 55584.0, 13: 733500.0, 14: 36.0, 15: 140940.0}
2026-06-22 17:47:37 [INFO] 分割成功
2026-06-22 17:47:37 [INFO] 引擎上下文已释放
2026-06-22 17:47:37 [INFO] TensorRT 引擎已释放
2026-06-22 17:47:37 [INFO] 全局 CUDA 资源已释放
2026-06-22 17:47:37 [INFO] 分割系统资源已释放
2026-06-22 17:47:41 [INFO] CUDA 初始化成功
2026-06-22 17:47:41 [INFO] 引擎加载成功: scrap_steel.engine
2026-06-22 17:47:41 [INFO] 分割系统初始化成功
2026-06-22 17:47:41 [INFO] 图像预处理完成，原始尺寸: (2160, 3840)
2026-06-22 17:47:41 [INFO] 开始执行分割...
2026-06-22 17:47:41 [DEBUG] 处理后的检测结果形状: (1, 8400, 6)
2026-06-22 17:47:41 [DEBUG] 示例检测结果: [[-4.08471298e+00 -3.12192249e+00  3.90494804e+01  1.45702906e+01
   3.65349955e-08  5.00000000e+00]
 [-6.61709213e+00 -2.92049217e+00  4.47341728e+01  2.86519470e+01
   9.08223896e-09  9.00000000e+00]
 [-3.64765549e+00 -3.29222107e+00  4.57964783e+01  2.95254021e+01
   4.24968860e-09  9.00000000e+00]]
2026-06-22 17:47:41 [DEBUG] 处理后检测输出形状: (0, 52)
2026-06-22 17:47:41 [DEBUG] 有效检测数量: 0
2026-06-22 17:47:41 [DEBUG] 检测输出为空
2026-06-22 17:47:41 [INFO] 掩码中检测到的类别: [0, 1, 2, 3, 4, 5, 6, 7, 8, 9, 10, 11, 12, 13, 14, 15]
2026-06-22 17:47:41 [INFO] 分割完成，检测到 0 个物体
2026-06-22 17:47:41 [INFO] 从分割掩码中提取检测结果
2026-06-22 17:47:42 [INFO] 从掩码中提取了 562 个检测框
2026-06-22 17:47:42 [INFO] 计算出的车框矩形边界: (1088, 721) to (3295, 1687)
2026-06-22 17:47:42 [INFO] 原始检测数: 562, 过滤后检测数: 227
2026-06-22 17:47:42 [INFO] 保存分割和检测结果到: C:\code\show\Scrap_Steel_In_Field\photos\segmentation\segment_20260622_174742.jpg
2026-06-22 17:47:42 [INFO] JSON结果保存到: C:\code\show\Scrap_Steel_In_Field\photos\segmentation_result.json
2026-06-22 17:47:42 [INFO] 类别统计：{0: 57, 1: 53, 2: 23, 3: 11, 4: 27, 5: 35, 6: 37, 7: 32, 8: 69, 9: 75, 10: 21, 11: 13, 12: 15, 13: 59, 14: 0, 15: 35}
2026-06-22 17:47:42 [INFO] 面积统计：{0: 3469068.0, 1: 1154412.0, 2: 48528.0, 3: 156060.0, 4: 144252.0, 5: 68688.0, 6: 566748.0, 7: 38736.0, 8: 1047636.0, 9: 296172.0, 10: 153288.0, 11: 329436.0, 12: 49140.0, 13: 716580.0, 14: 72.0, 15: 148716.0}
2026-06-22 17:47:42 [INFO] 分割成功
2026-06-22 17:47:42 [INFO] 引擎上下文已释放
2026-06-22 17:47:42 [INFO] TensorRT 引擎已释放
2026-06-22 17:47:42 [INFO] 全局 CUDA 资源已释放
2026-06-22 17:47:42 [INFO] 分割系统资源已释放
2026-06-22 17:47:47 [INFO] CUDA 初始化成功
2026-06-22 17:47:47 [INFO] 引擎加载成功: scrap_steel.engine
2026-06-22 17:47:47 [INFO] 分割系统初始化成功
2026-06-22 17:47:47 [INFO] 图像预处理完成，原始尺寸: (2160, 3840)
2026-06-22 17:47:47 [INFO] 开始执行分割...
2026-06-22 17:47:47 [DEBUG] 处理后的检测结果形状: (1, 8400, 6)
2026-06-22 17:47:47 [DEBUG] 示例检测结果: [[-4.10153961e+00 -3.13156557e+00  3.90406075e+01  1.46703568e+01
   3.61184931e-08  5.00000000e+00]
 [-6.63717651e+00 -2.93124008e+00  4.46442528e+01  2.87217026e+01
   8.90134633e-09  9.00000000e+00]
 [-3.67710114e+00 -3.31817722e+00  4.58118439e+01  2.95229721e+01
   4.24904556e-09  9.00000000e+00]]
2026-06-22 17:47:47 [DEBUG] 处理后检测输出形状: (0, 52)
2026-06-22 17:47:47 [DEBUG] 有效检测数量: 0
2026-06-22 17:47:47 [DEBUG] 检测输出为空
2026-06-22 17:47:47 [INFO] 掩码中检测到的类别: [0, 1, 2, 3, 4, 5, 6, 7, 8, 9, 10, 11, 12, 13, 15]
2026-06-22 17:47:47 [INFO] 分割完成，检测到 0 个物体
2026-06-22 17:47:47 [INFO] 从分割掩码中提取检测结果
2026-06-22 17:47:47 [INFO] 从掩码中提取了 549 个检测框
2026-06-22 17:47:47 [INFO] 计算出的车框矩形边界: (1088, 720) to (3288, 1687)
2026-06-22 17:47:47 [INFO] 原始检测数: 549, 过滤后检测数: 223
2026-06-22 17:47:48 [INFO] 保存分割和检测结果到: C:\code\show\Scrap_Steel_In_Field\photos\segmentation\segment_20260622_174747.jpg
2026-06-22 17:47:48 [INFO] JSON结果保存到: C:\code\show\Scrap_Steel_In_Field\photos\segmentation_result.json
2026-06-22 17:47:48 [INFO] 类别统计：{0: 43, 1: 54, 2: 22, 3: 11, 4: 29, 5: 33, 6: 33, 7: 31, 8: 67, 9: 71, 10: 24, 11: 15, 12: 12, 13: 68, 14: 0, 15: 36}
2026-06-22 17:47:48 [INFO] 面积统计：{0: 3426048.0, 1: 1167120.0, 2: 41832.0, 3: 142416.0, 4: 180900.0, 5: 59076.0, 6: 534132.0, 7: 50724.0, 8: 1042488.0, 9: 317412.0, 10: 155448.0, 11: 346212.0, 12: 48744.0, 13: 727200.0, 15: 178812.0}
2026-06-22 17:47:48 [INFO] 分割成功
2026-06-22 17:47:48 [INFO] 引擎上下文已释放
2026-06-22 17:47:48 [INFO] TensorRT 引擎已释放
2026-06-22 17:47:48 [INFO] 全局 CUDA 资源已释放
2026-06-22 17:47:48 [INFO] 分割系统资源已释放
2026-06-22 17:47:52 [INFO] CUDA 初始化成功
2026-06-22 17:47:52 [INFO] 引擎加载成功: scrap_steel.engine
2026-06-22 17:47:52 [INFO] 分割系统初始化成功
2026-06-22 17:47:52 [INFO] 图像预处理完成，原始尺寸: (2160, 3840)
2026-06-22 17:47:52 [INFO] 开始执行分割...
2026-06-22 17:47:52 [DEBUG] 处理后的检测结果形状: (1, 8400, 6)
2026-06-22 17:47:52 [DEBUG] 示例检测结果: [[-4.11769485e+00 -3.14793015e+00  3.91119957e+01  1.46554604e+01
   3.59780223e-08  5.00000000e+00]
 [-6.61137772e+00 -2.93551064e+00  4.46166229e+01  2.86488190e+01
   9.01161634e-09  9.00000000e+00]
 [-3.64971161e+00 -3.31849289e+00  4.57907410e+01  2.95276222e+01
   4.24904556e-09  9.00000000e+00]]
2026-06-22 17:47:52 [DEBUG] 处理后检测输出形状: (0, 52)
2026-06-22 17:47:52 [DEBUG] 有效检测数量: 0
2026-06-22 17:47:52 [DEBUG] 检测输出为空
2026-06-22 17:47:52 [INFO] 掩码中检测到的类别: [0, 1, 2, 3, 4, 5, 6, 7, 8, 9, 10, 11, 12, 13, 14, 15]
2026-06-22 17:47:52 [INFO] 分割完成，检测到 0 个物体
2026-06-22 17:47:52 [INFO] 从分割掩码中提取检测结果
2026-06-22 17:47:52 [INFO] 从掩码中提取了 541 个检测框
2026-06-22 17:47:52 [INFO] 计算出的车框矩形边界: (1088, 720) to (3288, 1678)
2026-06-22 17:47:52 [INFO] 原始检测数: 541, 过滤后检测数: 224
2026-06-22 17:47:53 [INFO] 保存分割和检测结果到: C:\code\show\Scrap_Steel_In_Field\photos\segmentation\segment_20260622_174752.jpg
2026-06-22 17:47:53 [INFO] JSON结果保存到: C:\code\show\Scrap_Steel_In_Field\photos\segmentation_result.json
2026-06-22 17:47:53 [INFO] 类别统计：{0: 39, 1: 56, 2: 22, 3: 9, 4: 32, 5: 32, 6: 34, 7: 33, 8: 60, 9: 80, 10: 22, 11: 16, 12: 13, 13: 61, 14: 0, 15: 32}
2026-06-22 17:47:53 [INFO] 面积统计：{0: 3438396.0, 1: 1156788.0, 2: 43380.0, 3: 141516.0, 4: 171756.0, 5: 59148.0, 6: 533376.0, 7: 54288.0, 8: 1027080.0, 9: 314244.0, 10: 154260.0, 11: 340632.0, 12: 52992.0, 13: 747288.0, 14: 180.0, 15: 178308.0}
2026-06-22 17:47:53 [INFO] 分割成功
2026-06-22 17:47:53 [INFO] 引擎上下文已释放
2026-06-22 17:47:53 [INFO] TensorRT 引擎已释放
2026-06-22 17:47:53 [INFO] 全局 CUDA 资源已释放
2026-06-22 17:47:53 [INFO] 分割系统资源已释放
2026-06-22 17:47:57 [INFO] CUDA 初始化成功
2026-06-22 17:47:57 [INFO] 引擎加载成功: scrap_steel.engine
2026-06-22 17:47:57 [INFO] 分割系统初始化成功
2026-06-22 17:47:57 [INFO] 图像预处理完成，原始尺寸: (2160, 3840)
2026-06-22 17:47:57 [INFO] 开始执行分割...
2026-06-22 17:47:57 [DEBUG] 处理后的检测结果形状: (1, 8400, 6)
2026-06-22 17:47:57 [DEBUG] 示例检测结果: [[-4.09863663e+00 -3.12344122e+00  3.90877571e+01  1.45093975e+01
   3.59688421e-08  5.00000000e+00]
 [-6.65256500e+00 -2.91240311e+00  4.47601547e+01  2.85766678e+01
   8.87164742e-09  9.00000000e+00]
 [-3.65381622e+00 -3.30723476e+00  4.58717957e+01  2.95148544e+01
   4.11826129e-09  9.00000000e+00]]
2026-06-22 17:47:57 [DEBUG] 处理后检测输出形状: (0, 52)
2026-06-22 17:47:57 [DEBUG] 有效检测数量: 0
2026-06-22 17:47:57 [DEBUG] 检测输出为空
2026-06-22 17:47:58 [INFO] 掩码中检测到的类别: [0, 1, 2, 3, 4, 5, 6, 7, 8, 9, 10, 11, 12, 13, 14, 15]
2026-06-22 17:47:58 [INFO] 分割完成，检测到 0 个物体
2026-06-22 17:47:58 [INFO] 从分割掩码中提取检测结果
2026-06-22 17:47:58 [INFO] 从掩码中提取了 551 个检测框
2026-06-22 17:47:58 [INFO] 计算出的车框矩形边界: (1088, 721) to (3296, 1687)
2026-06-22 17:47:58 [INFO] 原始检测数: 551, 过滤后检测数: 219
2026-06-22 17:47:59 [INFO] 保存分割和检测结果到: C:\code\show\Scrap_Steel_In_Field\photos\segmentation\segment_20260622_174758.jpg
2026-06-22 17:47:59 [INFO] JSON结果保存到: C:\code\show\Scrap_Steel_In_Field\photos\segmentation_result.json
2026-06-22 17:47:59 [INFO] 类别统计：{0: 47, 1: 45, 2: 26, 3: 11, 4: 33, 5: 31, 6: 39, 7: 31, 8: 59, 9: 75, 10: 24, 11: 17, 12: 14, 13: 67, 14: 0, 15: 32}
2026-06-22 17:47:59 [INFO] 面积统计：{0: 3419460.0, 1: 1113300.0, 2: 46908.0, 3: 144972.0, 4: 176148.0, 5: 65016.0, 6: 522684.0, 7: 39132.0, 8: 1031616.0, 9: 347652.0, 10: 151056.0, 11: 350568.0, 12: 51372.0, 13: 742572.0, 14: 144.0, 15: 187308.0}
2026-06-22 17:47:59 [INFO] 分割成功
2026-06-22 17:47:59 [INFO] 引擎上下文已释放
2026-06-22 17:47:59 [INFO] TensorRT 引擎已释放
2026-06-22 17:47:59 [INFO] 全局 CUDA 资源已释放
2026-06-22 17:47:59 [INFO] 分割系统资源已释放
2026-06-22 17:48:03 [INFO] CUDA 初始化成功
2026-06-22 17:48:03 [INFO] 引擎加载成功: scrap_steel.engine
2026-06-22 17:48:03 [INFO] 分割系统初始化成功
2026-06-22 17:48:03 [INFO] 图像预处理完成，原始尺寸: (2160, 3840)
2026-06-22 17:48:03 [INFO] 开始执行分割...
2026-06-22 17:48:03 [DEBUG] 处理后的检测结果形状: (1, 8400, 6)
2026-06-22 17:48:03 [DEBUG] 示例检测结果: [[-4.11776352e+00 -3.14252472e+00  3.89952965e+01  1.46140614e+01
   3.59780223e-08  5.00000000e+00]
 [-6.66697311e+00 -2.94539452e+00  4.47301292e+01  2.87035389e+01
   8.87164742e-09  9.00000000e+00]
 [-3.67068863e+00 -3.33265305e+00  4.58506889e+01  2.95617218e+01
   4.16711110e-09  9.00000000e+00]]
2026-06-22 17:48:03 [DEBUG] 处理后检测输出形状: (0, 52)
2026-06-22 17:48:03 [DEBUG] 有效检测数量: 0
2026-06-22 17:48:03 [DEBUG] 检测输出为空
2026-06-22 17:48:03 [INFO] 掩码中检测到的类别: [0, 1, 2, 3, 4, 5, 6, 7, 8, 9, 10, 11, 12, 13, 14, 15]
2026-06-22 17:48:03 [INFO] 分割完成，检测到 0 个物体
2026-06-22 17:48:03 [INFO] 从分割掩码中提取检测结果
2026-06-22 17:48:03 [INFO] 从掩码中提取了 537 个检测框
2026-06-22 17:48:03 [INFO] 计算出的车框矩形边界: (1088, 720) to (3297, 1687)
2026-06-22 17:48:03 [INFO] 原始检测数: 537, 过滤后检测数: 236
2026-06-22 17:48:04 [INFO] 保存分割和检测结果到: C:\code\show\Scrap_Steel_In_Field\photos\segmentation\segment_20260622_174803.jpg
2026-06-22 17:48:04 [INFO] JSON结果保存到: C:\code\show\Scrap_Steel_In_Field\photos\segmentation_result.json
2026-06-22 17:48:04 [INFO] 类别统计：{0: 46, 1: 52, 2: 23, 3: 8, 4: 30, 5: 31, 6: 35, 7: 33, 8: 66, 9: 71, 10: 26, 11: 11, 12: 14, 13: 59, 14: 0, 15: 32}
2026-06-22 17:48:04 [INFO] 面积统计：{0: 3390804.0, 1: 1134108.0, 2: 46008.0, 3: 143172.0, 4: 156204.0, 5: 57564.0, 6: 545616.0, 7: 36324.0, 8: 1019952.0, 9: 325368.0, 10: 152568.0, 11: 349740.0, 12: 52416.0, 13: 752868.0, 14: 144.0, 15: 194400.0}
2026-06-22 17:48:04 [INFO] 分割成功
2026-06-22 17:48:04 [INFO] 引擎上下文已释放
2026-06-22 17:48:04 [INFO] TensorRT 引擎已释放
2026-06-22 17:48:04 [INFO] 全局 CUDA 资源已释放
2026-06-22 17:48:04 [INFO] 分割系统资源已释放
2026-06-22 17:48:08 [INFO] CUDA 初始化成功
2026-06-22 17:48:08 [INFO] 引擎加载成功: scrap_steel.engine
2026-06-22 17:48:08 [INFO] 分割系统初始化成功
2026-06-22 17:48:08 [INFO] 图像预处理完成，原始尺寸: (2160, 3840)
2026-06-22 17:48:08 [INFO] 开始执行分割...
2026-06-22 17:48:09 [DEBUG] 处理后的检测结果形状: (1, 8400, 6)
2026-06-22 17:48:09 [DEBUG] 示例检测结果: [[-4.08876038e+00 -3.10933495e+00  3.90478745e+01  1.45669537e+01
   3.62589603e-08  5.00000000e+00]
 [-6.65000153e+00 -2.92392159e+00  4.47099838e+01  2.86571560e+01
   8.86675178e-09  9.00000000e+00]
 [-3.64265060e+00 -3.29324913e+00  4.58211670e+01  2.94886189e+01
   4.18223323e-09  9.00000000e+00]]
2026-06-22 17:48:09 [DEBUG] 处理后检测输出形状: (0, 52)
2026-06-22 17:48:09 [DEBUG] 有效检测数量: 0
2026-06-22 17:48:09 [DEBUG] 检测输出为空
2026-06-22 17:48:09 [INFO] 掩码中检测到的类别: [0, 1, 2, 3, 4, 5, 6, 7, 8, 9, 10, 11, 12, 13, 15]
2026-06-22 17:48:09 [INFO] 分割完成，检测到 0 个物体
2026-06-22 17:48:09 [INFO] 从分割掩码中提取检测结果
2026-06-22 17:48:09 [INFO] 从掩码中提取了 577 个检测框
2026-06-22 17:48:09 [ERROR] 保存结果失败: 'NoneType' object has no attribute 'astype'
2026-06-22 17:48:09 [INFO] 分割成功
2026-06-22 17:48:09 [INFO] 引擎上下文已释放
2026-06-22 17:48:09 [INFO] TensorRT 引擎已释放
2026-06-22 17:48:09 [INFO] 全局 CUDA 资源已释放
2026-06-22 17:48:09 [INFO] 分割系统资源已释放
2026-06-22 17:48:14 [INFO] CUDA 初始化成功
2026-06-22 17:48:14 [INFO] 引擎加载成功: scrap_steel.engine
2026-06-22 17:48:14 [INFO] 分割系统初始化成功
2026-06-22 17:48:14 [INFO] 图像预处理完成，原始尺寸: (2160, 3840)
2026-06-22 17:48:14 [INFO] 开始执行分割...
2026-06-22 17:48:14 [DEBUG] 处理后的检测结果形状: (1, 8400, 6)
2026-06-22 17:48:14 [DEBUG] 示例检测结果: [[-4.10853958e+00 -3.14288807e+00  3.91970863e+01  1.47198362e+01
   3.74025291e-08  5.00000000e+00]
 [-6.66571045e+00 -2.94803047e+00  4.48512001e+01  2.88982697e+01
   8.91901397e-09  9.00000000e+00]
 [-3.65166855e+00 -3.31741905e+00  4.59348373e+01  2.97164631e+01
   4.20072777e-09  9.00000000e+00]]
2026-06-22 17:48:14 [DEBUG] 处理后检测输出形状: (0, 52)
2026-06-22 17:48:14 [DEBUG] 有效检测数量: 0
2026-06-22 17:48:14 [DEBUG] 检测输出为空
2026-06-22 17:48:14 [INFO] 掩码中检测到的类别: [0, 1, 2, 3, 4, 5, 6, 7, 8, 9, 10, 11, 12, 13, 15]
2026-06-22 17:48:14 [INFO] 分割完成，检测到 0 个物体
2026-06-22 17:48:14 [INFO] 从分割掩码中提取检测结果
2026-06-22 17:48:15 [INFO] 从掩码中提取了 460 个检测框
2026-06-22 17:48:15 [ERROR] 保存结果失败: 'NoneType' object has no attribute 'astype'
2026-06-22 17:48:15 [INFO] 分割成功
2026-06-22 17:48:15 [INFO] 引擎上下文已释放
2026-06-22 17:48:15 [INFO] TensorRT 引擎已释放
2026-06-22 17:48:15 [INFO] 全局 CUDA 资源已释放
2026-06-22 17:48:15 [INFO] 分割系统资源已释放
2026-06-22 17:48:19 [INFO] CUDA 初始化成功
2026-06-22 17:48:19 [INFO] 引擎加载成功: scrap_steel.engine
2026-06-22 17:48:19 [INFO] 分割系统初始化成功
2026-06-22 17:48:19 [INFO] 图像预处理完成，原始尺寸: (2160, 3840)
2026-06-22 17:48:19 [INFO] 开始执行分割...
2026-06-22 17:48:19 [DEBUG] 处理后的检测结果形状: (1, 8400, 6)
2026-06-22 17:48:19 [DEBUG] 示例检测结果: [[-4.06231689e+00 -3.14117336e+00  3.99029121e+01  1.48664770e+01
   3.82865650e-08  5.00000000e+00]
 [-6.66446304e+00 -2.91230011e+00  4.53555565e+01  2.92875786e+01
   9.19029119e-09  9.00000000e+00]
 [-3.65980530e+00 -3.27445984e+00  4.61729736e+01  3.01443558e+01
   4.37324843e-09  9.00000000e+00]]
2026-06-22 17:48:19 [DEBUG] 处理后检测输出形状: (0, 52)
2026-06-22 17:48:19 [DEBUG] 有效检测数量: 0
2026-06-22 17:48:19 [DEBUG] 检测输出为空
2026-06-22 17:48:19 [INFO] 掩码中检测到的类别: [0, 1, 2, 3, 4, 5, 6, 7, 8, 9, 10, 11, 12, 13, 15]
2026-06-22 17:48:19 [INFO] 分割完成，检测到 0 个物体
2026-06-22 17:48:19 [INFO] 从分割掩码中提取检测结果
2026-06-22 17:48:19 [INFO] 从掩码中提取了 455 个检测框
2026-06-22 17:48:19 [INFO] 计算出的车框矩形边界: (3476, 793) to (3840, 1086)
2026-06-22 17:48:19 [INFO] 原始检测数: 455, 过滤后检测数: 16
2026-06-22 17:48:20 [INFO] 保存分割和检测结果到: C:\code\show\Scrap_Steel_In_Field\photos\segmentation\segment_20260622_174819.jpg
2026-06-22 17:48:20 [INFO] JSON结果保存到: C:\code\show\Scrap_Steel_In_Field\photos\segmentation_result.json
2026-06-22 17:48:20 [INFO] 类别统计：{0: 21, 1: 21, 2: 18, 3: 2, 4: 22, 5: 29, 6: 33, 7: 9, 8: 62, 9: 36, 10: 10, 11: 24, 12: 4, 13: 132, 14: 0, 15: 32}
2026-06-22 17:48:20 [INFO] 面积统计：{0: 1817460.0, 1: 56052.0, 2: 36900.0, 3: 138816.0, 4: 51732.0, 5: 129852.0, 6: 620280.0, 7: 13032.0, 8: 1030464.0, 9: 214884.0, 10: 84600.0, 11: 249084.0, 12: 12960.0, 13: 1088892.0, 15: 271404.0}
2026-06-22 17:48:20 [INFO] 分割成功
2026-06-22 17:48:20 [INFO] 引擎上下文已释放
2026-06-22 17:48:20 [INFO] TensorRT 引擎已释放
2026-06-22 17:48:20 [INFO] 全局 CUDA 资源已释放
2026-06-22 17:48:20 [INFO] 分割系统资源已释放
2026-06-22 17:48:24 [INFO] CUDA 初始化成功
2026-06-22 17:48:24 [INFO] 引擎加载成功: scrap_steel.engine
2026-06-22 17:48:24 [INFO] 分割系统初始化成功
2026-06-22 17:48:24 [INFO] 图像预处理完成，原始尺寸: (2160, 3840)
2026-06-22 17:48:24 [INFO] 开始执行分割...
2026-06-22 17:48:24 [DEBUG] 处理后的检测结果形状: (1, 8400, 6)
2026-06-22 17:48:24 [DEBUG] 示例检测结果: [[-4.07874298e+00 -3.12508011e+00  3.94477615e+01  1.46825657e+01
   3.68192730e-08  5.00000000e+00]
 [-6.64588928e+00 -2.88046455e+00  4.49778671e+01  2.88126163e+01
   8.93437324e-09  9.00000000e+00]
 [-3.64461136e+00 -3.25554848e+00  4.59434700e+01  2.96530056e+01
   4.20062651e-09  9.00000000e+00]]
2026-06-22 17:48:24 [DEBUG] 处理后检测输出形状: (0, 52)
2026-06-22 17:48:24 [DEBUG] 有效检测数量: 0
2026-06-22 17:48:24 [DEBUG] 检测输出为空
2026-06-22 17:48:24 [INFO] 掩码中检测到的类别: [0, 1, 2, 3, 4, 5, 6, 7, 8, 9, 10, 11, 12, 13, 15]
2026-06-22 17:48:24 [INFO] 分割完成，检测到 0 个物体
2026-06-22 17:48:24 [INFO] 从分割掩码中提取检测结果
2026-06-22 17:48:25 [INFO] 从掩码中提取了 480 个检测框
2026-06-22 17:48:25 [ERROR] 保存结果失败: 'NoneType' object has no attribute 'astype'
2026-06-22 17:48:25 [INFO] 分割成功
2026-06-22 17:48:25 [INFO] 引擎上下文已释放
2026-06-22 17:48:25 [INFO] TensorRT 引擎已释放
2026-06-22 17:48:25 [INFO] 全局 CUDA 资源已释放
2026-06-22 17:48:25 [INFO] 分割系统资源已释放
2026-06-22 17:48:30 [INFO] CUDA 初始化成功
2026-06-22 17:48:30 [INFO] 引擎加载成功: scrap_steel.engine
2026-06-22 17:48:30 [INFO] 分割系统初始化成功
2026-06-22 17:48:30 [INFO] 图像预处理完成，原始尺寸: (2160, 3840)
2026-06-22 17:48:30 [INFO] 开始执行分割...
2026-06-22 17:48:30 [DEBUG] 处理后的检测结果形状: (1, 8400, 6)
2026-06-22 17:48:30 [DEBUG] 示例检测结果: [[-4.06673050e+00 -3.11553001e+00  3.93509521e+01  1.46924610e+01
   3.62600083e-08  5.00000000e+00]
 [-6.53455734e+00 -2.89224625e+00  4.48877220e+01  2.88456802e+01
   9.07538045e-09  9.00000000e+00]
 [-3.61862183e+00 -3.25735855e+00  4.59103165e+01  2.96036453e+01
   4.23391988e-09  9.00000000e+00]]
2026-06-22 17:48:30 [DEBUG] 处理后检测输出形状: (0, 52)
2026-06-22 17:48:30 [DEBUG] 有效检测数量: 0
2026-06-22 17:48:30 [DEBUG] 检测输出为空
2026-06-22 17:48:30 [INFO] 掩码中检测到的类别: [0, 1, 2, 3, 4, 5, 6, 7, 8, 9, 10, 11, 12, 13, 15]
2026-06-22 17:48:30 [INFO] 分割完成，检测到 0 个物体
2026-06-22 17:48:30 [INFO] 从分割掩码中提取检测结果
2026-06-22 17:48:30 [INFO] 从掩码中提取了 399 个检测框
2026-06-22 17:48:30 [ERROR] 保存结果失败: 'NoneType' object has no attribute 'astype'
2026-06-22 17:48:30 [INFO] 分割成功
2026-06-22 17:48:30 [INFO] 引擎上下文已释放
2026-06-22 17:48:30 [INFO] TensorRT 引擎已释放
2026-06-22 17:48:30 [INFO] 全局 CUDA 资源已释放
2026-06-22 17:48:30 [INFO] 分割系统资源已释放
