2026-06-05 15:44:48 [INFO] CUDA 初始化成功
2026-06-05 15:44:48 [INFO] 引擎加载成功: scrap_steel.engine
2026-06-05 15:44:48 [INFO] 分割系统初始化成功
2026-06-05 15:44:51 [INFO] 引擎加载成功: scrap_steel.engine
2026-06-05 15:44:51 [INFO] 分割系统初始化成功
2026-06-05 15:44:51 [INFO] 图像预处理完成，原始尺寸: (2160, 3840)
2026-06-05 15:44:51 [INFO] 开始执行分割...
2026-06-05 15:44:51 [ERROR] 推理过程发生异常: explicit_context_dependent failed: invalid device context - no currently active context?
2026-06-05 15:44:51 [INFO] 分割完成，检测到 0 个物体
2026-06-05 15:44:51 [ERROR] 保存结果失败: 'NoneType' object has no attribute 'astype'
2026-06-05 15:44:51 [ERROR] 分割失败: 未能生成有效的分割掩码
2026-06-05 15:44:51 [INFO] 引擎上下文已释放
2026-06-05 15:44:51 [INFO] TensorRT 引擎已释放
2026-06-05 15:44:51 [INFO] 全局 CUDA 资源已释放
2026-06-05 15:44:51 [INFO] 分割系统资源已释放
2026-06-05 15:44:56 [INFO] CUDA 初始化成功
2026-06-05 15:44:56 [INFO] 引擎加载成功: scrap_steel.engine
2026-06-05 15:44:56 [INFO] 分割系统初始化成功
2026-06-05 15:44:56 [INFO] 图像预处理完成，原始尺寸: (2160, 3840)
2026-06-05 15:44:56 [INFO] 开始执行分割...
2026-06-05 15:44:56 [DEBUG] 处理后的检测结果形状: (1, 8400, 6)
2026-06-05 15:44:56 [DEBUG] 示例检测结果: [[-4.20762634e+00 -3.23366356e+00  4.01187935e+01  1.55243282e+01
   3.56890126e-08  5.00000000e+00]
 [-6.48486328e+00 -3.01172352e+00  4.53048096e+01  3.02059669e+01
   8.95938879e-09  9.00000000e+00]
 [-3.48445129e+00 -3.25787544e+00  4.60136795e+01  3.06359234e+01
   4.34532410e-09  9.00000000e+00]]
2026-06-05 15:44:56 [DEBUG] 处理后检测输出形状: (0, 52)
2026-06-05 15:44:56 [DEBUG] 有效检测数量: 0
2026-06-05 15:44:56 [DEBUG] 检测输出为空
2026-06-05 15:44:56 [INFO] 掩码中检测到的类别: [0, 1, 2, 3, 4, 5, 6, 7, 8, 9, 10, 11, 12, 13, 14, 15]
2026-06-05 15:44:56 [INFO] 分割完成，检测到 0 个物体
2026-06-05 15:44:56 [INFO] 从分割掩码中提取检测结果
2026-06-05 15:44:56 [INFO] 从掩码中提取了 548 个检测框
2026-06-05 15:44:56 [ERROR] 保存结果失败: 'NoneType' object has no attribute 'astype'
2026-06-05 15:44:56 [INFO] 分割成功
2026-06-05 15:44:56 [INFO] 引擎上下文已释放
2026-06-05 15:44:56 [INFO] TensorRT 引擎已释放
2026-06-05 15:44:56 [INFO] 全局 CUDA 资源已释放
2026-06-05 15:44:56 [INFO] 分割系统资源已释放
2026-06-05 15:45:03 [INFO] CUDA 初始化成功
2026-06-05 15:45:04 [INFO] 引擎加载成功: scrap_steel.engine
2026-06-05 15:45:04 [INFO] 分割系统初始化成功
2026-06-05 15:45:04 [INFO] 图像预处理完成，原始尺寸: (2160, 3840)
2026-06-05 15:45:04 [INFO] 开始执行分割...
2026-06-05 15:45:04 [DEBUG] 处理后的检测结果形状: (1, 8400, 6)
2026-06-05 15:45:04 [DEBUG] 示例检测结果: [[-4.12768173e+00 -3.24811554e+00  4.03597298e+01  1.56213951e+01
   4.29310560e-08  5.00000000e+00]
 [-6.35943222e+00 -2.96673107e+00  4.52634964e+01  3.05093002e+01
   1.00215516e-08  9.00000000e+00]
 [-3.48412704e+00 -3.35780048e+00  4.62325249e+01  3.11057549e+01
   4.74793715e-09  9.00000000e+00]]
2026-06-05 15:45:04 [DEBUG] 处理后检测输出形状: (0, 52)
2026-06-05 15:45:04 [DEBUG] 有效检测数量: 0
2026-06-05 15:45:04 [DEBUG] 检测输出为空
2026-06-05 15:45:04 [INFO] 掩码中检测到的类别: [0, 1, 2, 3, 4, 5, 6, 7, 8, 9, 10, 11, 12, 13, 14, 15]
2026-06-05 15:45:04 [INFO] 分割完成，检测到 0 个物体
2026-06-05 15:45:04 [INFO] 从分割掩码中提取检测结果
2026-06-05 15:45:04 [INFO] 从掩码中提取了 509 个检测框
2026-06-05 15:45:04 [ERROR] 保存结果失败: 'NoneType' object has no attribute 'astype'
2026-06-05 15:45:04 [INFO] 分割成功
2026-06-05 15:45:04 [INFO] 引擎上下文已释放
2026-06-05 15:45:04 [INFO] TensorRT 引擎已释放
2026-06-05 15:45:04 [INFO] 全局 CUDA 资源已释放
2026-06-05 15:45:04 [INFO] 分割系统资源已释放
2026-06-05 15:45:08 [INFO] CUDA 初始化成功
2026-06-05 15:45:08 [INFO] 引擎加载成功: scrap_steel.engine
2026-06-05 15:45:08 [INFO] 分割系统初始化成功
2026-06-05 15:45:08 [INFO] 图像预处理完成，原始尺寸: (2160, 3840)
2026-06-05 15:45:08 [INFO] 开始执行分割...
2026-06-05 15:45:08 [DEBUG] 处理后的检测结果形状: (1, 8400, 6)
2026-06-05 15:45:08 [DEBUG] 示例检测结果: [[-4.10609055e+00 -3.31852531e+00  4.03084030e+01  1.61909714e+01
   4.22481534e-08  5.00000000e+00]
 [-6.34595490e+00 -2.94909477e+00  4.52270660e+01  3.06652927e+01
   9.66707603e-09  9.00000000e+00]
 [-3.44301605e+00 -3.32792282e+00  4.62488213e+01  3.09379463e+01
   4.38035475e-09  9.00000000e+00]]
2026-06-05 15:45:08 [DEBUG] 处理后检测输出形状: (0, 52)
2026-06-05 15:45:08 [DEBUG] 有效检测数量: 0
2026-06-05 15:45:08 [DEBUG] 检测输出为空
2026-06-05 15:45:08 [INFO] 掩码中检测到的类别: [0, 1, 2, 3, 4, 5, 6, 7, 8, 9, 10, 11, 12, 13, 14, 15]
2026-06-05 15:45:08 [INFO] 分割完成，检测到 0 个物体
2026-06-05 15:45:08 [INFO] 从分割掩码中提取检测结果
2026-06-05 15:45:08 [INFO] 从掩码中提取了 558 个检测框
2026-06-05 15:45:08 [INFO] 计算出的车框矩形边界: (1093, 661) to (3278, 1642)
2026-06-05 15:45:08 [INFO] 原始检测数: 558, 过滤后检测数: 260
2026-06-05 15:45:09 [INFO] 保存分割和检测结果到: C:\code\show\Scrap_Steel_In_Field\photos\segmentation\segment_20260605_154508.jpg
2026-06-05 15:45:09 [INFO] JSON结果保存到: C:\code\show\Scrap_Steel_In_Field\photos\segmentation_result.json
2026-06-05 15:45:09 [INFO] 类别统计：{0: 43, 1: 69, 2: 24, 3: 18, 4: 31, 5: 37, 6: 31, 7: 38, 8: 55, 9: 72, 10: 30, 11: 23, 12: 16, 13: 61, 14: 0, 15: 10}
2026-06-05 15:45:09 [INFO] 面积统计：{0: 2886300.0, 1: 549612.0, 2: 63972.0, 3: 326520.0, 4: 195264.0, 5: 113292.0, 6: 644580.0, 7: 84672.0, 8: 939204.0, 9: 339228.0, 10: 118872.0, 11: 285444.0, 12: 157140.0, 13: 680760.0, 14: 108.0, 15: 17172.0}
2026-06-05 15:45:09 [INFO] 分割成功
2026-06-05 15:45:09 [INFO] 引擎上下文已释放
2026-06-05 15:45:09 [INFO] TensorRT 引擎已释放
2026-06-05 15:45:09 [INFO] 全局 CUDA 资源已释放
2026-06-05 15:45:09 [INFO] 分割系统资源已释放
2026-06-05 15:45:13 [INFO] CUDA 初始化成功
2026-06-05 15:45:13 [INFO] 引擎加载成功: scrap_steel.engine
2026-06-05 15:45:13 [INFO] 分割系统初始化成功
2026-06-05 15:45:13 [INFO] 图像预处理完成，原始尺寸: (2160, 3840)
2026-06-05 15:45:13 [INFO] 开始执行分割...
2026-06-05 15:45:13 [DEBUG] 处理后的检测结果形状: (1, 8400, 6)
2026-06-05 15:45:13 [DEBUG] 示例检测结果: [[-4.10652924e+00 -3.31831741e+00  4.02408180e+01  1.61452808e+01
   4.24129674e-08  5.00000000e+00]
 [-6.37503815e+00 -2.95988464e+00  4.51364708e+01  3.06859016e+01
   9.59802549e-09  9.00000000e+00]
 [-3.44921875e+00 -3.34095573e+00  4.62436371e+01  3.09785480e+01
   4.34642189e-09  9.00000000e+00]]
2026-06-05 15:45:13 [DEBUG] 处理后检测输出形状: (0, 52)
2026-06-05 15:45:13 [DEBUG] 有效检测数量: 0
2026-06-05 15:45:13 [DEBUG] 检测输出为空
2026-06-05 15:45:13 [INFO] 掩码中检测到的类别: [0, 1, 2, 3, 4, 5, 6, 7, 8, 9, 10, 11, 12, 13, 14, 15]
2026-06-05 15:45:13 [INFO] 分割完成，检测到 0 个物体
2026-06-05 15:45:13 [INFO] 从分割掩码中提取检测结果
2026-06-05 15:45:13 [INFO] 从掩码中提取了 566 个检测框
2026-06-05 15:45:13 [INFO] 计算出的车框矩形边界: (1096, 661) to (3278, 1642)
2026-06-05 15:45:13 [INFO] 原始检测数: 566, 过滤后检测数: 243
2026-06-05 15:45:14 [INFO] 保存分割和检测结果到: C:\code\show\Scrap_Steel_In_Field\photos\segmentation\segment_20260605_154513.jpg
2026-06-05 15:45:14 [INFO] JSON结果保存到: C:\code\show\Scrap_Steel_In_Field\photos\segmentation_result.json
2026-06-05 15:45:14 [INFO] 类别统计：{0: 34, 1: 68, 2: 31, 3: 20, 4: 29, 5: 39, 6: 28, 7: 34, 8: 66, 9: 72, 10: 29, 11: 23, 12: 16, 13: 63, 14: 0, 15: 14}
2026-06-05 15:45:14 [INFO] 面积统计：{0: 2844504.0, 1: 565776.0, 2: 57384.0, 3: 324900.0, 4: 206208.0, 5: 111636.0, 6: 676764.0, 7: 83916.0, 8: 903852.0, 9: 341676.0, 10: 126648.0, 11: 289404.0, 12: 159732.0, 13: 680976.0, 14: 108.0, 15: 14148.0}
2026-06-05 15:45:14 [INFO] 分割成功
2026-06-05 15:45:14 [INFO] 引擎上下文已释放
2026-06-05 15:45:14 [INFO] TensorRT 引擎已释放
2026-06-05 15:45:14 [INFO] 全局 CUDA 资源已释放
2026-06-05 15:45:14 [INFO] 分割系统资源已释放
2026-06-05 15:45:18 [INFO] CUDA 初始化成功
2026-06-05 15:45:18 [INFO] 引擎加载成功: scrap_steel.engine
2026-06-05 15:45:18 [INFO] 分割系统初始化成功
2026-06-05 15:45:18 [INFO] 图像预处理完成，原始尺寸: (2160, 3840)
2026-06-05 15:45:18 [INFO] 开始执行分割...
2026-06-05 15:45:18 [DEBUG] 处理后的检测结果形状: (1, 8400, 6)
2026-06-05 15:45:18 [DEBUG] 示例检测结果: [[-4.10765839e+00 -3.28504181e+00  4.02901688e+01  1.58702869e+01
   4.66806256e-08  5.00000000e+00]
 [-6.31139374e+00 -2.88731003e+00  4.50620079e+01  3.02319717e+01
   1.02317017e-08  9.00000000e+00]
 [-3.44638824e+00 -3.25900173e+00  4.61001968e+01  3.06514740e+01
   4.64411443e-09  9.00000000e+00]]
2026-06-05 15:45:18 [DEBUG] 处理后检测输出形状: (0, 52)
2026-06-05 15:45:18 [DEBUG] 有效检测数量: 0
2026-06-05 15:45:18 [DEBUG] 检测输出为空
2026-06-05 15:45:18 [INFO] 掩码中检测到的类别: [0, 1, 2, 3, 4, 5, 6, 7, 8, 9, 10, 11, 12, 13, 14, 15]
2026-06-05 15:45:18 [INFO] 分割完成，检测到 0 个物体
2026-06-05 15:45:18 [INFO] 从分割掩码中提取检测结果
2026-06-05 15:45:19 [INFO] 从掩码中提取了 513 个检测框
2026-06-05 15:45:19 [INFO] 计算出的车框矩形边界: (1093, 658) to (3278, 1641)
2026-06-05 15:45:19 [INFO] 原始检测数: 513, 过滤后检测数: 245
2026-06-05 15:45:19 [INFO] 保存分割和检测结果到: C:\code\show\Scrap_Steel_In_Field\photos\segmentation\segment_20260605_154519.jpg
2026-06-05 15:45:19 [INFO] JSON结果保存到: C:\code\show\Scrap_Steel_In_Field\photos\segmentation_result.json
2026-06-05 15:45:19 [INFO] 类别统计：{0: 46, 1: 52, 2: 25, 3: 16, 4: 28, 5: 31, 6: 32, 7: 41, 8: 51, 9: 64, 10: 32, 11: 15, 12: 14, 13: 56, 14: 0, 15: 10}
2026-06-05 15:45:19 [INFO] 面积统计：{0: 2958516.0, 1: 529056.0, 2: 46368.0, 3: 380376.0, 4: 200088.0, 5: 115416.0, 6: 604584.0, 7: 82728.0, 8: 934272.0, 9: 268956.0, 10: 114120.0, 11: 263772.0, 12: 167040.0, 13: 674496.0, 14: 180.0, 15: 12276.0}
2026-06-05 15:45:19 [INFO] 分割成功
2026-06-05 15:45:19 [INFO] 引擎上下文已释放
2026-06-05 15:45:19 [INFO] TensorRT 引擎已释放
2026-06-05 15:45:19 [INFO] 全局 CUDA 资源已释放
2026-06-05 15:45:19 [INFO] 分割系统资源已释放
2026-06-05 15:45:23 [INFO] CUDA 初始化成功
2026-06-05 15:45:23 [INFO] 引擎加载成功: scrap_steel.engine
2026-06-05 15:45:23 [INFO] 分割系统初始化成功
2026-06-05 15:45:23 [INFO] 图像预处理完成，原始尺寸: (2160, 3840)
2026-06-05 15:45:23 [INFO] 开始执行分割...
2026-06-05 15:45:23 [DEBUG] 处理后的检测结果形状: (1, 8400, 6)
2026-06-05 15:45:23 [DEBUG] 示例检测结果: [[-4.12479782e+00 -3.22133636e+00  4.00601578e+01  1.54510479e+01
   4.34209788e-08  5.00000000e+00]
 [-6.37229538e+00 -2.87793159e+00  4.50409355e+01  2.98894062e+01
   1.01311315e-08  9.00000000e+00]
 [-3.51545334e+00 -3.23985100e+00  4.61323547e+01  3.04161777e+01
   4.75889550e-09  9.00000000e+00]]
2026-06-05 15:45:23 [DEBUG] 处理后检测输出形状: (0, 52)
2026-06-05 15:45:23 [DEBUG] 有效检测数量: 0
2026-06-05 15:45:23 [DEBUG] 检测输出为空
2026-06-05 15:45:23 [INFO] 掩码中检测到的类别: [0, 1, 2, 3, 4, 5, 6, 7, 8, 9, 10, 11, 12, 13, 14, 15]
2026-06-05 15:45:23 [INFO] 分割完成，检测到 0 个物体
2026-06-05 15:45:23 [INFO] 从分割掩码中提取检测结果
2026-06-05 15:45:24 [INFO] 从掩码中提取了 509 个检测框
2026-06-05 15:45:24 [INFO] 计算出的车框矩形边界: (1093, 660) to (3275, 1642)
2026-06-05 15:45:24 [INFO] 原始检测数: 509, 过滤后检测数: 241
2026-06-05 15:45:25 [INFO] 保存分割和检测结果到: C:\code\show\Scrap_Steel_In_Field\photos\segmentation\segment_20260605_154524.jpg
2026-06-05 15:45:25 [INFO] JSON结果保存到: C:\code\show\Scrap_Steel_In_Field\photos\segmentation_result.json
2026-06-05 15:45:25 [INFO] 类别统计：{0: 41, 1: 63, 2: 23, 3: 12, 4: 30, 5: 31, 6: 34, 7: 41, 8: 54, 9: 56, 10: 37, 11: 14, 12: 18, 13: 48, 14: 0, 15: 7}
2026-06-05 15:45:25 [INFO] 面积统计：{0: 3036240.0, 1: 555192.0, 2: 41940.0, 3: 338940.0, 4: 171468.0, 5: 110844.0, 6: 620100.0, 7: 90720.0, 8: 935208.0, 9: 260028.0, 10: 116172.0, 11: 269784.0, 12: 135252.0, 13: 685224.0, 14: 72.0, 15: 9324.0}
2026-06-05 15:45:25 [INFO] 分割成功
2026-06-05 15:45:25 [INFO] 引擎上下文已释放
2026-06-05 15:45:25 [INFO] TensorRT 引擎已释放
2026-06-05 15:45:25 [INFO] 全局 CUDA 资源已释放
2026-06-05 15:45:25 [INFO] 分割系统资源已释放
2026-06-05 15:45:29 [INFO] CUDA 初始化成功
2026-06-05 15:45:29 [INFO] 引擎加载成功: scrap_steel.engine
2026-06-05 15:45:29 [INFO] 分割系统初始化成功
2026-06-05 15:45:29 [INFO] 图像预处理完成，原始尺寸: (2160, 3840)
2026-06-05 15:45:29 [INFO] 开始执行分割...
2026-06-05 15:45:29 [DEBUG] 处理后的检测结果形状: (1, 8400, 6)
2026-06-05 15:45:29 [DEBUG] 示例检测结果: [[-4.11155319e+00 -3.15725708e+00  3.94009590e+01  1.52164059e+01
   3.60095100e-08  5.00000000e+00]
 [-6.26810074e+00 -2.88191605e+00  4.47574043e+01  2.94488220e+01
   9.77591341e-09  9.00000000e+00]
 [-3.44002533e+00 -3.18317986e+00  4.59249496e+01  2.99421520e+01
   4.77751172e-09  9.00000000e+00]]
2026-06-05 15:45:29 [DEBUG] 处理后检测输出形状: (0, 52)
2026-06-05 15:45:29 [DEBUG] 有效检测数量: 0
2026-06-05 15:45:29 [DEBUG] 检测输出为空
2026-06-05 15:45:29 [INFO] 掩码中检测到的类别: [0, 1, 2, 3, 4, 5, 6, 7, 8, 9, 10, 11, 12, 13, 14, 15]
2026-06-05 15:45:29 [INFO] 分割完成，检测到 0 个物体
2026-06-05 15:45:29 [INFO] 从分割掩码中提取检测结果
2026-06-05 15:45:29 [INFO] 从掩码中提取了 483 个检测框
2026-06-05 15:45:29 [INFO] 计算出的车框矩形边界: (1094, 661) to (3277, 1642)
2026-06-05 15:45:29 [INFO] 原始检测数: 483, 过滤后检测数: 210
2026-06-05 15:45:30 [INFO] 保存分割和检测结果到: C:\code\show\Scrap_Steel_In_Field\photos\segmentation\segment_20260605_154529.jpg
2026-06-05 15:45:30 [INFO] JSON结果保存到: C:\code\show\Scrap_Steel_In_Field\photos\segmentation_result.json
2026-06-05 15:45:30 [INFO] 类别统计：{0: 21, 1: 49, 2: 22, 3: 13, 4: 29, 5: 37, 6: 27, 7: 36, 8: 65, 9: 48, 10: 35, 11: 18, 12: 19, 13: 53, 14: 0, 15: 11}
2026-06-05 15:45:30 [INFO] 面积统计：{0: 3206340.0, 1: 493308.0, 2: 52380.0, 3: 313344.0, 4: 187848.0, 5: 112536.0, 6: 575352.0, 7: 82512.0, 8: 931644.0, 9: 257184.0, 10: 108144.0, 11: 272196.0, 12: 104652.0, 13: 684216.0, 14: 144.0, 15: 9828.0}
2026-06-05 15:45:30 [INFO] 分割成功
2026-06-05 15:45:30 [INFO] 引擎上下文已释放
2026-06-05 15:45:30 [INFO] TensorRT 引擎已释放
2026-06-05 15:45:30 [INFO] 全局 CUDA 资源已释放
2026-06-05 15:45:30 [INFO] 分割系统资源已释放
2026-06-05 15:45:34 [INFO] CUDA 初始化成功
2026-06-05 15:45:34 [INFO] 引擎加载成功: scrap_steel.engine
2026-06-05 15:45:34 [INFO] 分割系统初始化成功
2026-06-05 15:45:34 [INFO] 图像预处理完成，原始尺寸: (2160, 3840)
2026-06-05 15:45:34 [INFO] 开始执行分割...
2026-06-05 15:45:34 [DEBUG] 处理后的检测结果形状: (1, 8400, 6)
2026-06-05 15:45:34 [DEBUG] 示例检测结果: [[-3.94961548e+00 -3.04934216e+00  3.98870888e+01  1.48484735e+01
   3.79738943e-08  5.00000000e+00]
 [-6.02119064e+00 -2.69137573e+00  4.49108925e+01  2.92713280e+01
   9.80262538e-09  9.00000000e+00]
 [-3.37328720e+00 -3.05414677e+00  4.59041634e+01  3.01104698e+01
   4.68564831e-09  9.00000000e+00]]
2026-06-05 15:45:34 [DEBUG] 处理后检测输出形状: (0, 52)
2026-06-05 15:45:34 [DEBUG] 有效检测数量: 0
2026-06-05 15:45:34 [DEBUG] 检测输出为空
2026-06-05 15:45:34 [INFO] 掩码中检测到的类别: [0, 1, 2, 3, 4, 5, 6, 7, 8, 9, 10, 11, 12, 13, 14, 15]
2026-06-05 15:45:34 [INFO] 分割完成，检测到 0 个物体
2026-06-05 15:45:34 [INFO] 从分割掩码中提取检测结果
2026-06-05 15:45:34 [INFO] 从掩码中提取了 537 个检测框
2026-06-05 15:45:34 [INFO] 计算出的车框矩形边界: (1093, 661) to (3278, 1642)
2026-06-05 15:45:34 [INFO] 原始检测数: 537, 过滤后检测数: 255
2026-06-05 15:45:35 [INFO] 保存分割和检测结果到: C:\code\show\Scrap_Steel_In_Field\photos\segmentation\segment_20260605_154534.jpg
2026-06-05 15:45:35 [INFO] JSON结果保存到: C:\code\show\Scrap_Steel_In_Field\photos\segmentation_result.json
2026-06-05 15:45:35 [INFO] 类别统计：{0: 50, 1: 53, 2: 28, 3: 23, 4: 33, 5: 39, 6: 27, 7: 44, 8: 59, 9: 55, 10: 32, 11: 18, 12: 14, 13: 51, 14: 0, 15: 11}
2026-06-05 15:45:35 [INFO] 面积统计：{0: 3203100.0, 1: 501012.0, 2: 62352.0, 3: 248328.0, 4: 144108.0, 5: 119808.0, 6: 590688.0, 7: 69156.0, 8: 918288.0, 9: 214056.0, 10: 121068.0, 11: 259956.0, 12: 87804.0, 13: 678924.0, 14: 36.0, 15: 12924.0}
2026-06-05 15:45:35 [INFO] 分割成功
2026-06-05 15:45:35 [INFO] 引擎上下文已释放
2026-06-05 15:45:35 [INFO] TensorRT 引擎已释放
2026-06-05 15:45:35 [INFO] 全局 CUDA 资源已释放
2026-06-05 15:45:35 [INFO] 分割系统资源已释放
2026-06-05 15:45:39 [INFO] CUDA 初始化成功
2026-06-05 15:45:39 [INFO] 引擎加载成功: scrap_steel.engine
2026-06-05 15:45:39 [INFO] 分割系统初始化成功
2026-06-05 15:45:39 [INFO] 图像预处理完成，原始尺寸: (2160, 3840)
2026-06-05 15:45:39 [INFO] 开始执行分割...
2026-06-05 15:45:39 [DEBUG] 处理后的检测结果形状: (1, 8400, 6)
2026-06-05 15:45:39 [DEBUG] 示例检测结果: [[-3.91807556e+00 -3.00538349e+00  3.95190926e+01  1.49145079e+01
   3.29653247e-08  5.00000000e+00]
 [-5.94065475e+00 -2.70822716e+00  4.47035866e+01  2.92913570e+01
   8.87690454e-09  9.00000000e+00]
 [-3.37600708e+00 -3.02516937e+00  4.57059784e+01  2.98341255e+01
   4.35051994e-09  9.00000000e+00]]
2026-06-05 15:45:39 [DEBUG] 处理后检测输出形状: (0, 52)
2026-06-05 15:45:39 [DEBUG] 有效检测数量: 0
2026-06-05 15:45:39 [DEBUG] 检测输出为空
2026-06-05 15:45:40 [INFO] 掩码中检测到的类别: [0, 1, 2, 3, 4, 5, 6, 7, 8, 9, 10, 11, 12, 13, 14, 15]
2026-06-05 15:45:40 [INFO] 分割完成，检测到 0 个物体
2026-06-05 15:45:40 [INFO] 从分割掩码中提取检测结果
2026-06-05 15:45:40 [INFO] 从掩码中提取了 505 个检测框
2026-06-05 15:45:40 [INFO] 计算出的车框矩形边界: (1097, 661) to (3278, 1641)
2026-06-05 15:45:40 [INFO] 原始检测数: 505, 过滤后检测数: 239
2026-06-05 15:45:40 [INFO] 保存分割和检测结果到: C:\code\show\Scrap_Steel_In_Field\photos\segmentation\segment_20260605_154540.jpg
2026-06-05 15:45:40 [INFO] JSON结果保存到: C:\code\show\Scrap_Steel_In_Field\photos\segmentation_result.json
2026-06-05 15:45:40 [INFO] 类别统计：{0: 36, 1: 54, 2: 27, 3: 14, 4: 24, 5: 33, 6: 31, 7: 47, 8: 61, 9: 49, 10: 32, 11: 19, 12: 15, 13: 49, 14: 0, 15: 14}
2026-06-05 15:45:40 [INFO] 面积统计：{0: 3177684.0, 1: 520092.0, 2: 56520.0, 3: 213804.0, 4: 124560.0, 5: 88308.0, 6: 562392.0, 7: 56232.0, 8: 853488.0, 9: 221076.0, 10: 130392.0, 11: 251100.0, 12: 81756.0, 13: 685764.0, 14: 36.0, 15: 14904.0}
2026-06-05 15:45:40 [INFO] 分割成功
2026-06-05 15:45:40 [INFO] 引擎上下文已释放
2026-06-05 15:45:40 [INFO] TensorRT 引擎已释放
2026-06-05 15:45:40 [INFO] 全局 CUDA 资源已释放
2026-06-05 15:45:40 [INFO] 分割系统资源已释放
2026-06-05 15:45:44 [INFO] CUDA 初始化成功
2026-06-05 15:45:44 [INFO] 引擎加载成功: scrap_steel.engine
2026-06-05 15:45:44 [INFO] 分割系统初始化成功
2026-06-05 15:45:44 [INFO] 图像预处理完成，原始尺寸: (2160, 3840)
2026-06-05 15:45:44 [INFO] 开始执行分割...
2026-06-05 15:45:44 [DEBUG] 处理后的检测结果形状: (1, 8400, 6)
2026-06-05 15:45:44 [DEBUG] 示例检测结果: [[-4.04539871e+00 -3.05242062e+00  3.95886726e+01  1.50609598e+01
   3.29266037e-08  5.00000000e+00]
 [-6.09439468e+00 -2.75838470e+00  4.46025543e+01  2.91000690e+01
   9.01678732e-09  9.00000000e+00]
 [-3.41702652e+00 -3.08475304e+00  4.57027664e+01  2.95834217e+01
   4.46346426e-09  9.00000000e+00]]
2026-06-05 15:45:44 [DEBUG] 处理后检测输出形状: (0, 52)
2026-06-05 15:45:44 [DEBUG] 有效检测数量: 0
2026-06-05 15:45:44 [DEBUG] 检测输出为空
2026-06-05 15:45:44 [INFO] 掩码中检测到的类别: [0, 1, 2, 3, 4, 5, 6, 7, 8, 9, 10, 11, 12, 13, 14, 15]
2026-06-05 15:45:44 [INFO] 分割完成，检测到 0 个物体
2026-06-05 15:45:44 [INFO] 从分割掩码中提取检测结果
2026-06-05 15:45:45 [INFO] 从掩码中提取了 485 个检测框
2026-06-05 15:45:45 [INFO] 计算出的车框矩形边界: (1095, 658) to (3278, 1640)
2026-06-05 15:45:45 [INFO] 原始检测数: 485, 过滤后检测数: 225
2026-06-05 15:45:45 [INFO] 保存分割和检测结果到: C:\code\show\Scrap_Steel_In_Field\photos\segmentation\segment_20260605_154545.jpg
2026-06-05 15:45:45 [INFO] JSON结果保存到: C:\code\show\Scrap_Steel_In_Field\photos\segmentation_result.json
2026-06-05 15:45:45 [INFO] 类别统计：{0: 19, 1: 55, 2: 27, 3: 9, 4: 24, 5: 31, 6: 33, 7: 37, 8: 65, 9: 56, 10: 35, 11: 19, 12: 14, 13: 43, 14: 0, 15: 18}
2026-06-05 15:45:45 [INFO] 面积统计：{0: 3080160.0, 1: 547272.0, 2: 45360.0, 3: 236016.0, 4: 140112.0, 5: 100224.0, 6: 575388.0, 7: 59724.0, 8: 930924.0, 9: 228636.0, 10: 123588.0, 11: 247716.0, 12: 72252.0, 13: 677952.0, 14: 180.0, 15: 19008.0}
2026-06-05 15:45:45 [INFO] 分割成功
2026-06-05 15:45:45 [INFO] 引擎上下文已释放
2026-06-05 15:45:45 [INFO] TensorRT 引擎已释放
2026-06-05 15:45:45 [INFO] 全局 CUDA 资源已释放
2026-06-05 15:45:45 [INFO] 分割系统资源已释放
2026-06-05 15:45:49 [INFO] CUDA 初始化成功
2026-06-05 15:45:49 [INFO] 引擎加载成功: scrap_steel.engine
2026-06-05 15:45:49 [INFO] 分割系统初始化成功
2026-06-05 15:45:49 [INFO] 图像预处理完成，原始尺寸: (2160, 3840)
2026-06-05 15:45:49 [INFO] 开始执行分割...
2026-06-05 15:45:49 [DEBUG] 处理后的检测结果形状: (1, 8400, 6)
2026-06-05 15:45:49 [DEBUG] 示例检测结果: [[-4.26953125e+00 -3.16954041e+00  3.93196373e+01  1.52504978e+01
   3.09820010e-08  5.00000000e+00]
 [-6.59555817e+00 -2.97862911e+00  4.46118851e+01  2.92109222e+01
   8.04362799e-09  9.00000000e+00]
 [-3.49147797e+00 -3.23063087e+00  4.56788712e+01  2.94904385e+01
   3.83484267e-09  9.00000000e+00]]
2026-06-05 15:45:49 [DEBUG] 处理后检测输出形状: (0, 52)
2026-06-05 15:45:49 [DEBUG] 有效检测数量: 0
2026-06-05 15:45:49 [DEBUG] 检测输出为空
2026-06-05 15:45:49 [INFO] 掩码中检测到的类别: [0, 1, 2, 3, 4, 5, 6, 7, 8, 9, 10, 11, 12, 13, 14, 15]
2026-06-05 15:45:49 [INFO] 分割完成，检测到 0 个物体
2026-06-05 15:45:49 [INFO] 从分割掩码中提取检测结果
2026-06-05 15:45:50 [INFO] 从掩码中提取了 495 个检测框
2026-06-05 15:45:50 [INFO] 计算出的车框矩形边界: (1097, 664) to (3278, 1640)
2026-06-05 15:45:50 [INFO] 原始检测数: 495, 过滤后检测数: 220
2026-06-05 15:45:50 [INFO] 保存分割和检测结果到: C:\code\show\Scrap_Steel_In_Field\photos\segmentation\segment_20260605_154550.jpg
2026-06-05 15:45:50 [INFO] JSON结果保存到: C:\code\show\Scrap_Steel_In_Field\photos\segmentation_result.json
2026-06-05 15:45:50 [INFO] 类别统计：{0: 22, 1: 55, 2: 30, 3: 11, 4: 28, 5: 32, 6: 28, 7: 46, 8: 55, 9: 53, 10: 35, 11: 20, 12: 15, 13: 48, 14: 0, 15: 17}
2026-06-05 15:45:50 [INFO] 面积统计：{0: 3081348.0, 1: 505008.0, 2: 67824.0, 3: 161280.0, 4: 187848.0, 5: 109296.0, 6: 563292.0, 7: 58068.0, 8: 952164.0, 9: 229968.0, 10: 178704.0, 11: 301932.0, 12: 65772.0, 13: 696348.0, 14: 144.0, 15: 37656.0}
2026-06-05 15:45:50 [INFO] 分割成功
2026-06-05 15:45:50 [INFO] 引擎上下文已释放
2026-06-05 15:45:50 [INFO] TensorRT 引擎已释放
2026-06-05 15:45:50 [INFO] 全局 CUDA 资源已释放
2026-06-05 15:45:50 [INFO] 分割系统资源已释放
2026-06-05 15:45:55 [INFO] CUDA 初始化成功
2026-06-05 15:45:55 [INFO] 引擎加载成功: scrap_steel.engine
2026-06-05 15:45:55 [INFO] 分割系统初始化成功
2026-06-05 15:45:55 [INFO] 图像预处理完成，原始尺寸: (2160, 3840)
2026-06-05 15:45:55 [INFO] 开始执行分割...
2026-06-05 15:45:55 [DEBUG] 处理后的检测结果形状: (1, 8400, 6)
2026-06-05 15:45:55 [DEBUG] 示例检测结果: [[-3.89217377e+00 -3.04078341e+00  3.91275673e+01  1.44991684e+01
   3.20601714e-08  5.00000000e+00]
 [-6.13082123e+00 -2.75469398e+00  4.49499245e+01  2.86117706e+01
   8.83813023e-09  9.00000000e+00]
 [-3.44094086e+00 -3.05275536e+00  4.58665848e+01  2.92980938e+01
   4.28763958e-09  9.00000000e+00]]
2026-06-05 15:45:55 [DEBUG] 处理后检测输出形状: (0, 52)
2026-06-05 15:45:55 [DEBUG] 有效检测数量: 0
2026-06-05 15:45:55 [DEBUG] 检测输出为空
2026-06-05 15:45:55 [INFO] 掩码中检测到的类别: [0, 1, 2, 3, 4, 5, 6, 7, 8, 9, 10, 11, 12, 13, 14, 15]
2026-06-05 15:45:55 [INFO] 分割完成，检测到 0 个物体
2026-06-05 15:45:55 [INFO] 从分割掩码中提取检测结果
2026-06-05 15:45:55 [INFO] 从掩码中提取了 488 个检测框
2026-06-05 15:45:55 [INFO] 计算出的车框矩形边界: (1095, 661) to (3273, 1642)
2026-06-05 15:45:55 [INFO] 原始检测数: 488, 过滤后检测数: 227
2026-06-05 15:45:56 [INFO] 保存分割和检测结果到: C:\code\show\Scrap_Steel_In_Field\photos\segmentation\segment_20260605_154555.jpg
2026-06-05 15:45:56 [INFO] JSON结果保存到: C:\code\show\Scrap_Steel_In_Field\photos\segmentation_result.json
2026-06-05 15:45:56 [INFO] 类别统计：{0: 14, 1: 59, 2: 32, 3: 7, 4: 28, 5: 39, 6: 27, 7: 41, 8: 48, 9: 57, 10: 29, 11: 21, 12: 17, 13: 52, 14: 0, 15: 17}
2026-06-05 15:45:56 [INFO] 面积统计：{0: 3032784.0, 1: 697824.0, 2: 60228.0, 3: 146448.0, 4: 124560.0, 5: 116352.0, 6: 569448.0, 7: 46332.0, 8: 839844.0, 9: 267156.0, 10: 135072.0, 11: 248580.0, 12: 82656.0, 13: 670536.0, 14: 144.0, 15: 30024.0}
2026-06-05 15:45:56 [INFO] 分割成功
2026-06-05 15:45:56 [INFO] 引擎上下文已释放
2026-06-05 15:45:56 [INFO] TensorRT 引擎已释放
2026-06-05 15:45:56 [INFO] 全局 CUDA 资源已释放
2026-06-05 15:45:56 [INFO] 分割系统资源已释放
2026-06-05 15:45:59 [INFO] CUDA 初始化成功
2026-06-05 15:45:59 [INFO] 引擎加载成功: scrap_steel.engine
2026-06-05 15:45:59 [INFO] 分割系统初始化成功
2026-06-05 15:46:00 [INFO] 图像预处理完成，原始尺寸: (2160, 3840)
2026-06-05 15:46:00 [INFO] 开始执行分割...
2026-06-05 15:46:00 [DEBUG] 处理后的检测结果形状: (1, 8400, 6)
2026-06-05 15:46:00 [DEBUG] 示例检测结果: [[-3.91783905e+00 -3.04516554e+00  3.94346123e+01  1.45906487e+01
   3.27851026e-08  5.00000000e+00]
 [-6.23836899e+00 -2.81476402e+00  4.52012596e+01  2.90666065e+01
   8.57184101e-09  9.00000000e+00]
 [-3.52597809e+00 -3.08422852e+00  4.59654007e+01  2.97368774e+01
   4.11477785e-09  9.00000000e+00]]
2026-06-05 15:46:00 [DEBUG] 处理后检测输出形状: (0, 52)
2026-06-05 15:46:00 [DEBUG] 有效检测数量: 0
2026-06-05 15:46:00 [DEBUG] 检测输出为空
2026-06-05 15:46:00 [INFO] 掩码中检测到的类别: [0, 1, 2, 3, 4, 5, 6, 7, 8, 9, 10, 11, 12, 13, 14, 15]
2026-06-05 15:46:00 [INFO] 分割完成，检测到 0 个物体
2026-06-05 15:46:00 [INFO] 从分割掩码中提取检测结果
2026-06-05 15:46:00 [INFO] 从掩码中提取了 473 个检测框
2026-06-05 15:46:00 [INFO] 计算出的车框矩形边界: (1094, 661) to (3278, 1641)
2026-06-05 15:46:00 [INFO] 原始检测数: 473, 过滤后检测数: 223
2026-06-05 15:46:00 [INFO] 保存分割和检测结果到: C:\code\show\Scrap_Steel_In_Field\photos\segmentation\segment_20260605_154600.jpg
2026-06-05 15:46:00 [INFO] JSON结果保存到: C:\code\show\Scrap_Steel_In_Field\photos\segmentation_result.json
2026-06-05 15:46:00 [INFO] 类别统计：{0: 12, 1: 50, 2: 29, 3: 6, 4: 26, 5: 42, 6: 29, 7: 32, 8: 57, 9: 67, 10: 34, 11: 10, 12: 17, 13: 46, 14: 0, 15: 16}
2026-06-05 15:46:00 [INFO] 面积统计：{0: 3252672.0, 1: 685800.0, 2: 48024.0, 3: 178920.0, 4: 137556.0, 5: 107964.0, 6: 550296.0, 7: 42048.0, 8: 842616.0, 9: 277668.0, 10: 109872.0, 11: 261396.0, 12: 90864.0, 13: 682848.0, 14: 288.0, 15: 27504.0}
2026-06-05 15:46:00 [INFO] 分割成功
2026-06-05 15:46:00 [INFO] 引擎上下文已释放
2026-06-05 15:46:00 [INFO] TensorRT 引擎已释放
2026-06-05 15:46:01 [INFO] 全局 CUDA 资源已释放
2026-06-05 15:46:01 [INFO] 分割系统资源已释放
2026-06-05 15:46:04 [INFO] CUDA 初始化成功
2026-06-05 15:46:05 [INFO] 引擎加载成功: scrap_steel.engine
2026-06-05 15:46:05 [INFO] 分割系统初始化成功
2026-06-05 15:46:05 [INFO] 图像预处理完成，原始尺寸: (2160, 3840)
2026-06-05 15:46:05 [INFO] 开始执行分割...
2026-06-05 15:46:05 [DEBUG] 处理后的检测结果形状: (1, 8400, 6)
2026-06-05 15:46:05 [DEBUG] 示例检测结果: [[-4.06285858e+00 -3.13599396e+00  3.90608559e+01  1.46870232e+01
   3.42045645e-08  5.00000000e+00]
 [-6.61437225e+00 -2.96970177e+00  4.46529388e+01  2.84946365e+01
   8.87892870e-09  9.00000000e+00]
 [-3.68025970e+00 -3.39409637e+00  4.58945694e+01  2.95107956e+01
   4.09371648e-09  9.00000000e+00]]
2026-06-05 15:46:05 [DEBUG] 处理后检测输出形状: (0, 52)
2026-06-05 15:46:05 [DEBUG] 有效检测数量: 0
2026-06-05 15:46:05 [DEBUG] 检测输出为空
2026-06-05 15:46:05 [INFO] 掩码中检测到的类别: [0, 1, 2, 3, 4, 5, 6, 7, 8, 9, 10, 11, 12, 13, 14, 15]
2026-06-05 15:46:05 [INFO] 分割完成，检测到 0 个物体
2026-06-05 15:46:05 [INFO] 从分割掩码中提取检测结果
2026-06-05 15:46:05 [INFO] 从掩码中提取了 489 个检测框
2026-06-05 15:46:05 [INFO] 计算出的车框矩形边界: (1094, 662) to (3276, 1642)
2026-06-05 15:46:05 [INFO] 原始检测数: 489, 过滤后检测数: 242
2026-06-05 15:46:06 [INFO] 保存分割和检测结果到: C:\code\show\Scrap_Steel_In_Field\photos\segmentation\segment_20260605_154605.jpg
2026-06-05 15:46:06 [INFO] JSON结果保存到: C:\code\show\Scrap_Steel_In_Field\photos\segmentation_result.json
2026-06-05 15:46:06 [INFO] 类别统计：{0: 41, 1: 53, 2: 24, 3: 7, 4: 29, 5: 29, 6: 31, 7: 30, 8: 72, 9: 51, 10: 31, 11: 15, 12: 14, 13: 46, 14: 0, 15: 16}
2026-06-05 15:46:06 [INFO] 面积统计：{0: 3201012.0, 1: 751644.0, 2: 39024.0, 3: 181548.0, 4: 141660.0, 5: 94140.0, 6: 577080.0, 7: 36864.0, 8: 948456.0, 9: 313668.0, 10: 134424.0, 11: 297972.0, 12: 66708.0, 13: 671328.0, 14: 216.0, 15: 27288.0}
2026-06-05 15:46:06 [INFO] 分割成功
2026-06-05 15:46:06 [INFO] 引擎上下文已释放
2026-06-05 15:46:06 [INFO] TensorRT 引擎已释放
2026-06-05 15:46:06 [INFO] 全局 CUDA 资源已释放
2026-06-05 15:46:06 [INFO] 分割系统资源已释放
2026-06-05 15:46:10 [INFO] CUDA 初始化成功
2026-06-05 15:46:10 [INFO] 引擎加载成功: scrap_steel.engine
2026-06-05 15:46:10 [INFO] 分割系统初始化成功
2026-06-05 15:46:10 [INFO] 图像预处理完成，原始尺寸: (2160, 3840)
2026-06-05 15:46:10 [INFO] 开始执行分割...
2026-06-05 15:46:10 [DEBUG] 处理后的检测结果形状: (1, 8400, 6)
2026-06-05 15:46:10 [DEBUG] 示例检测结果: [[-4.09786987e+00 -3.15240097e+00  3.90110321e+01  1.47325039e+01
   3.61189834e-08  5.00000000e+00]
 [-6.65966034e+00 -2.97530746e+00  4.47092857e+01  2.87113667e+01
   9.04183395e-09  9.00000000e+00]
 [-3.70278168e+00 -3.45125389e+00  4.59137497e+01  2.96222019e+01
   4.03376355e-09  9.00000000e+00]]
2026-06-05 15:46:10 [DEBUG] 处理后检测输出形状: (0, 52)
2026-06-05 15:46:10 [DEBUG] 有效检测数量: 0
2026-06-05 15:46:10 [DEBUG] 检测输出为空
2026-06-05 15:46:10 [INFO] 掩码中检测到的类别: [0, 1, 2, 3, 4, 5, 6, 7, 8, 9, 10, 11, 12, 13, 14, 15]
2026-06-05 15:46:10 [INFO] 分割完成，检测到 0 个物体
2026-06-05 15:46:10 [INFO] 从分割掩码中提取检测结果
2026-06-05 15:46:11 [INFO] 从掩码中提取了 506 个检测框
2026-06-05 15:46:11 [INFO] 计算出的车框矩形边界: (1095, 661) to (3274, 1640)
2026-06-05 15:46:11 [INFO] 原始检测数: 506, 过滤后检测数: 254
2026-06-05 15:46:11 [INFO] 保存分割和检测结果到: C:\code\show\Scrap_Steel_In_Field\photos\segmentation\segment_20260605_154611.jpg
2026-06-05 15:46:11 [INFO] JSON结果保存到: C:\code\show\Scrap_Steel_In_Field\photos\segmentation_result.json
2026-06-05 15:46:11 [INFO] 类别统计：{0: 43, 1: 50, 2: 24, 3: 6, 4: 30, 5: 29, 6: 31, 7: 33, 8: 61, 9: 57, 10: 30, 11: 19, 12: 19, 13: 56, 14: 0, 15: 18}
2026-06-05 15:46:11 [INFO] 面积统计：{0: 3269808.0, 1: 725076.0, 2: 42840.0, 3: 166536.0, 4: 150408.0, 5: 97884.0, 6: 569520.0, 7: 46656.0, 8: 937908.0, 9: 310572.0, 10: 131472.0, 11: 293616.0, 12: 71820.0, 13: 669132.0, 14: 144.0, 15: 29016.0}
2026-06-05 15:46:11 [INFO] 分割成功
2026-06-05 15:46:11 [INFO] 引擎上下文已释放
2026-06-05 15:46:11 [INFO] TensorRT 引擎已释放
2026-06-05 15:46:11 [INFO] 全局 CUDA 资源已释放
2026-06-05 15:46:11 [INFO] 分割系统资源已释放
2026-06-05 15:46:15 [INFO] CUDA 初始化成功
2026-06-05 15:46:15 [INFO] 引擎加载成功: scrap_steel.engine
2026-06-05 15:46:15 [INFO] 分割系统初始化成功
2026-06-05 15:46:15 [INFO] 图像预处理完成，原始尺寸: (2160, 3840)
2026-06-05 15:46:15 [INFO] 开始执行分割...
2026-06-05 15:46:15 [DEBUG] 处理后的检测结果形状: (1, 8400, 6)
2026-06-05 15:46:15 [DEBUG] 示例检测结果: [[-4.21990585e+00 -3.20865488e+00  3.90474434e+01  1.48773746e+01
   3.46297497e-08  5.00000000e+00]
 [-6.74384689e+00 -3.03737831e+00  4.45904579e+01  2.87688427e+01
   8.39842595e-09  9.00000000e+00]
 [-3.64018250e+00 -3.40834618e+00  4.58547821e+01  2.95446301e+01
   3.95353084e-09  9.00000000e+00]]
2026-06-05 15:46:15 [DEBUG] 处理后检测输出形状: (0, 52)
2026-06-05 15:46:15 [DEBUG] 有效检测数量: 0
2026-06-05 15:46:15 [DEBUG] 检测输出为空
2026-06-05 15:46:15 [INFO] 掩码中检测到的类别: [0, 1, 2, 3, 4, 5, 6, 7, 8, 9, 10, 11, 12, 13, 14, 15]
2026-06-05 15:46:15 [INFO] 分割完成，检测到 0 个物体
2026-06-05 15:46:15 [INFO] 从分割掩码中提取检测结果
2026-06-05 15:46:15 [INFO] 从掩码中提取了 488 个检测框
2026-06-05 15:46:15 [INFO] 计算出的车框矩形边界: (1095, 659) to (3275, 1641)
2026-06-05 15:46:15 [INFO] 原始检测数: 488, 过滤后检测数: 236
2026-06-05 15:46:16 [INFO] 保存分割和检测结果到: C:\code\show\Scrap_Steel_In_Field\photos\segmentation\segment_20260605_154615.jpg
2026-06-05 15:46:16 [INFO] JSON结果保存到: C:\code\show\Scrap_Steel_In_Field\photos\segmentation_result.json
2026-06-05 15:46:16 [INFO] 类别统计：{0: 39, 1: 47, 2: 24, 3: 6, 4: 33, 5: 31, 6: 28, 7: 33, 8: 60, 9: 50, 10: 36, 11: 12, 12: 20, 13: 52, 14: 0, 15: 17}
2026-06-05 15:46:16 [INFO] 面积统计：{0: 3253752.0, 1: 716580.0, 2: 37008.0, 3: 149508.0, 4: 152028.0, 5: 107244.0, 6: 556272.0, 7: 39600.0, 8: 983484.0, 9: 298260.0, 10: 128448.0, 11: 360108.0, 12: 85212.0, 13: 653400.0, 14: 108.0, 15: 28548.0}
2026-06-05 15:46:16 [INFO] 分割成功
2026-06-05 15:46:16 [INFO] 引擎上下文已释放
2026-06-05 15:46:16 [INFO] TensorRT 引擎已释放
2026-06-05 15:46:16 [INFO] 全局 CUDA 资源已释放
2026-06-05 15:46:16 [INFO] 分割系统资源已释放
2026-06-05 15:46:22 [INFO] CUDA 初始化成功
2026-06-05 15:46:22 [INFO] 引擎加载成功: scrap_steel.engine
2026-06-05 15:46:22 [INFO] 分割系统初始化成功
2026-06-05 15:46:22 [INFO] 图像预处理完成，原始尺寸: (2160, 3840)
2026-06-05 15:46:22 [INFO] 开始执行分割...
2026-06-05 15:46:22 [DEBUG] 处理后的检测结果形状: (1, 8400, 6)
2026-06-05 15:46:22 [DEBUG] 示例检测结果: [[-4.17088318e+00 -3.18492508e+00  3.88627129e+01  1.47082176e+01
   3.43601059e-08  5.00000000e+00]
 [-6.74175262e+00 -3.02386475e+00  4.46314011e+01  2.86043377e+01
   8.30215896e-09  9.00000000e+00]
 [-3.66487122e+00 -3.40834236e+00  4.58918228e+01  2.94602528e+01
   3.93505495e-09  9.00000000e+00]]
2026-06-05 15:46:22 [DEBUG] 处理后检测输出形状: (0, 52)
2026-06-05 15:46:22 [DEBUG] 有效检测数量: 0
2026-06-05 15:46:22 [DEBUG] 检测输出为空
2026-06-05 15:46:22 [INFO] 掩码中检测到的类别: [0, 1, 2, 3, 4, 5, 6, 7, 8, 9, 10, 11, 12, 13, 14, 15]
2026-06-05 15:46:22 [INFO] 分割完成，检测到 0 个物体
2026-06-05 15:46:22 [INFO] 从分割掩码中提取检测结果
2026-06-05 15:46:23 [INFO] 从掩码中提取了 514 个检测框
2026-06-05 15:46:23 [INFO] 计算出的车框矩形边界: (1095, 662) to (3278, 1642)
2026-06-05 15:46:23 [INFO] 原始检测数: 514, 过滤后检测数: 257
2026-06-05 15:46:23 [INFO] 保存分割和检测结果到: C:\code\show\Scrap_Steel_In_Field\photos\segmentation\segment_20260605_154623.jpg
2026-06-05 15:46:23 [INFO] JSON结果保存到: C:\code\show\Scrap_Steel_In_Field\photos\segmentation_result.json
2026-06-05 15:46:23 [INFO] 类别统计：{0: 49, 1: 51, 2: 27, 3: 3, 4: 35, 5: 27, 6: 32, 7: 38, 8: 59, 9: 52, 10: 32, 11: 18, 12: 18, 13: 58, 14: 0, 15: 15}
2026-06-05 15:46:23 [INFO] 面积统计：{0: 3302748.0, 1: 724248.0, 2: 45504.0, 3: 150372.0, 4: 132876.0, 5: 98892.0, 6: 555156.0, 7: 48348.0, 8: 988884.0, 9: 310500.0, 10: 133740.0, 11: 340920.0, 12: 73332.0, 13: 642600.0, 14: 180.0, 15: 30240.0}
2026-06-05 15:46:23 [INFO] 分割成功
2026-06-05 15:46:23 [INFO] 引擎上下文已释放
2026-06-05 15:46:23 [INFO] TensorRT 引擎已释放
2026-06-05 15:46:23 [INFO] 全局 CUDA 资源已释放
2026-06-05 15:46:23 [INFO] 分割系统资源已释放
2026-06-05 15:46:27 [INFO] CUDA 初始化成功
2026-06-05 15:46:27 [INFO] 引擎加载成功: scrap_steel.engine
2026-06-05 15:46:27 [INFO] 分割系统初始化成功
2026-06-05 15:46:27 [INFO] 图像预处理完成，原始尺寸: (2160, 3840)
2026-06-05 15:46:27 [INFO] 开始执行分割...
2026-06-05 15:46:27 [DEBUG] 处理后的检测结果形状: (1, 8400, 6)
2026-06-05 15:46:27 [DEBUG] 示例检测结果: [[-4.22021866e+00 -3.18602848e+00  3.90243301e+01  1.47528429e+01
   3.52919045e-08  5.00000000e+00]
 [-6.82001114e+00 -3.04841232e+00  4.46597176e+01  2.87469807e+01
   8.47193515e-09  9.00000000e+00]
 [-3.69308853e+00 -3.43311405e+00  4.59158707e+01  2.95990143e+01
   3.92304855e-09  9.00000000e+00]]
2026-06-05 15:46:27 [DEBUG] 处理后检测输出形状: (0, 52)
2026-06-05 15:46:27 [DEBUG] 有效检测数量: 0
2026-06-05 15:46:27 [DEBUG] 检测输出为空
2026-06-05 15:46:27 [INFO] 掩码中检测到的类别: [0, 1, 2, 3, 4, 5, 6, 7, 8, 9, 10, 11, 12, 13, 14, 15]
2026-06-05 15:46:27 [INFO] 分割完成，检测到 0 个物体
2026-06-05 15:46:27 [INFO] 从分割掩码中提取检测结果
2026-06-05 15:46:27 [INFO] 从掩码中提取了 496 个检测框
2026-06-05 15:46:27 [INFO] 计算出的车框矩形边界: (1095, 660) to (3274, 1641)
2026-06-05 15:46:27 [INFO] 原始检测数: 496, 过滤后检测数: 253
2026-06-05 15:46:28 [INFO] 保存分割和检测结果到: C:\code\show\Scrap_Steel_In_Field\photos\segmentation\segment_20260605_154627.jpg
2026-06-05 15:46:28 [INFO] JSON结果保存到: C:\code\show\Scrap_Steel_In_Field\photos\segmentation_result.json
2026-06-05 15:46:28 [INFO] 类别统计：{0: 46, 1: 43, 2: 24, 3: 7, 4: 33, 5: 32, 6: 29, 7: 34, 8: 64, 9: 51, 10: 28, 11: 16, 12: 20, 13: 52, 14: 0, 15: 17}
2026-06-05 15:46:28 [INFO] 面积统计：{0: 3224808.0, 1: 741960.0, 2: 37368.0, 3: 146304.0, 4: 151452.0, 5: 109944.0, 6: 543816.0, 7: 41508.0, 8: 998604.0, 9: 296712.0, 10: 131184.0, 11: 370044.0, 12: 77796.0, 13: 646812.0, 14: 144.0, 15: 33444.0}
2026-06-05 15:46:28 [INFO] 分割成功
2026-06-05 15:46:28 [INFO] 引擎上下文已释放
2026-06-05 15:46:28 [INFO] TensorRT 引擎已释放
2026-06-05 15:46:28 [INFO] 全局 CUDA 资源已释放
2026-06-05 15:46:28 [INFO] 分割系统资源已释放
2026-06-05 15:46:32 [INFO] CUDA 初始化成功
2026-06-05 15:46:32 [INFO] 引擎加载成功: scrap_steel.engine
2026-06-05 15:46:32 [INFO] 分割系统初始化成功
2026-06-05 15:46:32 [INFO] 图像预处理完成，原始尺寸: (2160, 3840)
2026-06-05 15:46:32 [INFO] 开始执行分割...
2026-06-05 15:46:32 [DEBUG] 处理后的检测结果形状: (1, 8400, 6)
2026-06-05 15:46:32 [DEBUG] 示例检测结果: [[-4.18474579e+00 -3.20663071e+00  3.90806923e+01  1.48186436e+01
   3.54302330e-08  5.00000000e+00]
 [-6.75443268e+00 -3.05123520e+00  4.47536087e+01  2.87890739e+01
   8.40560421e-09  9.00000000e+00]
 [-3.64576721e+00 -3.40772152e+00  4.59325790e+01  2.96068192e+01
   3.95574062e-09  9.00000000e+00]]
2026-06-05 15:46:32 [DEBUG] 处理后检测输出形状: (0, 52)
2026-06-05 15:46:32 [DEBUG] 有效检测数量: 0
2026-06-05 15:46:32 [DEBUG] 检测输出为空
2026-06-05 15:46:32 [INFO] 掩码中检测到的类别: [0, 1, 2, 3, 4, 5, 6, 7, 8, 9, 10, 11, 12, 13, 14, 15]
2026-06-05 15:46:32 [INFO] 分割完成，检测到 0 个物体
2026-06-05 15:46:32 [INFO] 从分割掩码中提取检测结果
2026-06-05 15:46:32 [INFO] 从掩码中提取了 488 个检测框
2026-06-05 15:46:32 [INFO] 计算出的车框矩形边界: (1095, 661) to (3274, 1640)
2026-06-05 15:46:32 [INFO] 原始检测数: 488, 过滤后检测数: 241
2026-06-05 15:46:33 [INFO] 保存分割和检测结果到: C:\code\show\Scrap_Steel_In_Field\photos\segmentation\segment_20260605_154632.jpg
2026-06-05 15:46:33 [INFO] JSON结果保存到: C:\code\show\Scrap_Steel_In_Field\photos\segmentation_result.json
2026-06-05 15:46:33 [INFO] 类别统计：{0: 47, 1: 44, 2: 22, 3: 5, 4: 29, 5: 29, 6: 27, 7: 31, 8: 61, 9: 57, 10: 29, 11: 19, 12: 15, 13: 54, 14: 0, 15: 19}
2026-06-05 15:46:33 [INFO] 面积统计：{0: 3344472.0, 1: 729360.0, 2: 37692.0, 3: 156996.0, 4: 133272.0, 5: 97092.0, 6: 548748.0, 7: 41580.0, 8: 993888.0, 9: 293832.0, 10: 130104.0, 11: 358488.0, 12: 77472.0, 13: 642924.0, 14: 144.0, 15: 30312.0}
2026-06-05 15:46:33 [INFO] 分割成功
2026-06-05 15:46:33 [INFO] 引擎上下文已释放
2026-06-05 15:46:33 [INFO] TensorRT 引擎已释放
2026-06-05 15:46:33 [INFO] 全局 CUDA 资源已释放
2026-06-05 15:46:33 [INFO] 分割系统资源已释放
2026-06-05 15:46:37 [INFO] CUDA 初始化成功
2026-06-05 15:46:37 [INFO] 引擎加载成功: scrap_steel.engine
2026-06-05 15:46:37 [INFO] 分割系统初始化成功
2026-06-05 15:46:37 [INFO] 图像预处理完成，原始尺寸: (2160, 3840)
2026-06-05 15:46:37 [INFO] 开始执行分割...
2026-06-05 15:46:37 [DEBUG] 处理后的检测结果形状: (1, 8400, 6)
2026-06-05 15:46:37 [DEBUG] 示例检测结果: [[-4.18701172e+00 -3.19590378e+00  3.91606941e+01  1.48612041e+01
   3.59780223e-08  5.00000000e+00]
 [-6.78534317e+00 -3.04910278e+00  4.47066994e+01  2.89391384e+01
   8.65570815e-09  9.00000000e+00]
 [-3.67048264e+00 -3.44672489e+00  4.59064407e+01  2.97362785e+01
   3.98988043e-09  9.00000000e+00]]
2026-06-05 15:46:37 [DEBUG] 处理后检测输出形状: (0, 52)
2026-06-05 15:46:37 [DEBUG] 有效检测数量: 0
2026-06-05 15:46:37 [DEBUG] 检测输出为空
2026-06-05 15:46:37 [INFO] 掩码中检测到的类别: [0, 1, 2, 3, 4, 5, 6, 7, 8, 9, 10, 11, 12, 13, 14, 15]
2026-06-05 15:46:37 [INFO] 分割完成，检测到 0 个物体
2026-06-05 15:46:37 [INFO] 从分割掩码中提取检测结果
2026-06-05 15:46:38 [INFO] 从掩码中提取了 465 个检测框
2026-06-05 15:46:38 [INFO] 计算出的车框矩形边界: (1094, 658) to (3275, 1642)
2026-06-05 15:46:38 [INFO] 原始检测数: 465, 过滤后检测数: 229
2026-06-05 15:46:38 [INFO] 保存分割和检测结果到: C:\code\show\Scrap_Steel_In_Field\photos\segmentation\segment_20260605_154638.jpg
2026-06-05 15:46:38 [INFO] JSON结果保存到: C:\code\show\Scrap_Steel_In_Field\photos\segmentation_result.json
2026-06-05 15:46:38 [INFO] 类别统计：{0: 16, 1: 48, 2: 21, 3: 6, 4: 33, 5: 30, 6: 27, 7: 39, 8: 66, 9: 58, 10: 32, 11: 10, 12: 16, 13: 47, 14: 0, 15: 16}
2026-06-05 15:46:38 [INFO] 面积统计：{0: 3248424.0, 1: 723816.0, 2: 33336.0, 3: 156888.0, 4: 151668.0, 5: 101268.0, 6: 554868.0, 7: 39348.0, 8: 1009620.0, 9: 275940.0, 10: 135756.0, 11: 351396.0, 12: 68652.0, 13: 640224.0, 14: 180.0, 15: 31896.0}
2026-06-05 15:46:38 [INFO] 分割成功
2026-06-05 15:46:38 [INFO] 引擎上下文已释放
2026-06-05 15:46:38 [INFO] TensorRT 引擎已释放
2026-06-05 15:46:38 [INFO] 全局 CUDA 资源已释放
2026-06-05 15:46:38 [INFO] 分割系统资源已释放
2026-06-05 15:46:42 [INFO] CUDA 初始化成功
2026-06-05 15:46:42 [INFO] 引擎加载成功: scrap_steel.engine
2026-06-05 15:46:42 [INFO] 分割系统初始化成功
2026-06-05 15:46:43 [INFO] 图像预处理完成，原始尺寸: (2160, 3840)
2026-06-05 15:46:43 [INFO] 开始执行分割...
2026-06-05 15:46:43 [DEBUG] 处理后的检测结果形状: (1, 8400, 6)
2026-06-05 15:46:43 [DEBUG] 示例检测结果: [[-4.13405991e+00 -3.17337465e+00  3.91894112e+01  1.47608223e+01
   3.54194150e-08  5.00000000e+00]
 [-6.72381973e+00 -3.00486946e+00  4.47723808e+01  2.87044468e+01
   8.72347794e-09  9.00000000e+00]
 [-3.64458847e+00 -3.37003040e+00  4.59681664e+01  2.95830421e+01
   4.03567668e-09  9.00000000e+00]]
2026-06-05 15:46:43 [DEBUG] 处理后检测输出形状: (0, 52)
2026-06-05 15:46:43 [DEBUG] 有效检测数量: 0
2026-06-05 15:46:43 [DEBUG] 检测输出为空
2026-06-05 15:46:43 [INFO] 掩码中检测到的类别: [0, 1, 2, 3, 4, 5, 6, 7, 8, 9, 10, 11, 12, 13, 14, 15]
2026-06-05 15:46:43 [INFO] 分割完成，检测到 0 个物体
2026-06-05 15:46:43 [INFO] 从分割掩码中提取检测结果
2026-06-05 15:46:43 [INFO] 从掩码中提取了 529 个检测框
2026-06-05 15:46:43 [INFO] 计算出的车框矩形边界: (1095, 661) to (3275, 1640)
2026-06-05 15:46:43 [INFO] 原始检测数: 529, 过滤后检测数: 253
2026-06-05 15:46:43 [INFO] 保存分割和检测结果到: C:\code\show\Scrap_Steel_In_Field\photos\segmentation\segment_20260605_154643.jpg
2026-06-05 15:46:43 [INFO] JSON结果保存到: C:\code\show\Scrap_Steel_In_Field\photos\segmentation_result.json
2026-06-05 15:46:43 [INFO] 类别统计：{0: 41, 1: 53, 2: 26, 3: 7, 4: 34, 5: 31, 6: 29, 7: 40, 8: 60, 9: 61, 10: 31, 11: 21, 12: 21, 13: 58, 14: 0, 15: 16}
2026-06-05 15:46:43 [INFO] 面积统计：{0: 3329640.0, 1: 752724.0, 2: 38592.0, 3: 152208.0, 4: 129132.0, 5: 102240.0, 6: 581724.0, 7: 43236.0, 8: 950976.0, 9: 291060.0, 10: 139104.0, 11: 344736.0, 12: 59112.0, 13: 648972.0, 14: 216.0, 15: 27612.0}
2026-06-05 15:46:43 [INFO] 分割成功
2026-06-05 15:46:43 [INFO] 引擎上下文已释放
2026-06-05 15:46:43 [INFO] TensorRT 引擎已释放
2026-06-05 15:46:44 [INFO] 全局 CUDA 资源已释放
2026-06-05 15:46:44 [INFO] 分割系统资源已释放
2026-06-05 15:46:47 [INFO] CUDA 初始化成功
2026-06-05 15:46:48 [INFO] 引擎加载成功: scrap_steel.engine
2026-06-05 15:46:48 [INFO] 分割系统初始化成功
2026-06-05 15:46:48 [INFO] 图像预处理完成，原始尺寸: (2160, 3840)
2026-06-05 15:46:48 [INFO] 开始执行分割...
2026-06-05 15:46:48 [DEBUG] 处理后的检测结果形状: (1, 8400, 6)
2026-06-05 15:46:48 [DEBUG] 示例检测结果: [[-4.15803146e+00 -3.19706917e+00  3.90573921e+01  1.48673382e+01
   3.47434082e-08  5.00000000e+00]
 [-6.73855591e+00 -3.02662468e+00  4.46196442e+01  2.86833477e+01
   8.47193515e-09  9.00000000e+00]
 [-3.64936447e+00 -3.38457203e+00  4.58785439e+01  2.94959602e+01
   3.92304855e-09  9.00000000e+00]]
2026-06-05 15:46:48 [DEBUG] 处理后检测输出形状: (0, 52)
2026-06-05 15:46:48 [DEBUG] 有效检测数量: 0
2026-06-05 15:46:48 [DEBUG] 检测输出为空
2026-06-05 15:46:48 [INFO] 掩码中检测到的类别: [0, 1, 2, 3, 4, 5, 6, 7, 8, 9, 10, 11, 12, 13, 14, 15]
2026-06-05 15:46:48 [INFO] 分割完成，检测到 0 个物体
2026-06-05 15:46:48 [INFO] 从分割掩码中提取检测结果
2026-06-05 15:46:48 [INFO] 从掩码中提取了 477 个检测框
2026-06-05 15:46:48 [INFO] 计算出的车框矩形边界: (1094, 660) to (3275, 1641)
2026-06-05 15:46:48 [INFO] 原始检测数: 477, 过滤后检测数: 250
2026-06-05 15:46:49 [INFO] 保存分割和检测结果到: C:\code\show\Scrap_Steel_In_Field\photos\segmentation\segment_20260605_154648.jpg
2026-06-05 15:46:49 [INFO] JSON结果保存到: C:\code\show\Scrap_Steel_In_Field\photos\segmentation_result.json
2026-06-05 15:46:49 [INFO] 类别统计：{0: 40, 1: 46, 2: 27, 3: 6, 4: 26, 5: 31, 6: 24, 7: 40, 8: 56, 9: 50, 10: 35, 11: 14, 12: 21, 13: 48, 14: 0, 15: 13}
2026-06-05 15:46:49 [INFO] 面积统计：{0: 3303396.0, 1: 693576.0, 2: 38376.0, 3: 157896.0, 4: 133704.0, 5: 88848.0, 6: 557496.0, 7: 44964.0, 8: 983448.0, 9: 295128.0, 10: 121464.0, 11: 364968.0, 12: 83052.0, 13: 639180.0, 14: 216.0, 15: 30780.0}
2026-06-05 15:46:49 [INFO] 分割成功
2026-06-05 15:46:49 [INFO] 引擎上下文已释放
2026-06-05 15:46:49 [INFO] TensorRT 引擎已释放
2026-06-05 15:46:49 [INFO] 全局 CUDA 资源已释放
2026-06-05 15:46:49 [INFO] 分割系统资源已释放
2026-06-05 15:46:53 [INFO] CUDA 初始化成功
2026-06-05 15:46:53 [INFO] 引擎加载成功: scrap_steel.engine
2026-06-05 15:46:53 [INFO] 分割系统初始化成功
2026-06-05 15:46:53 [INFO] 图像预处理完成，原始尺寸: (2160, 3840)
2026-06-05 15:46:53 [INFO] 开始执行分割...
2026-06-05 15:46:53 [DEBUG] 处理后的检测结果形状: (1, 8400, 6)
2026-06-05 15:46:53 [DEBUG] 示例检测结果: [[-4.12033081e+00 -3.15923977e+00  3.90797310e+01  1.46527567e+01
   3.56970844e-08  5.00000000e+00]
 [-6.68063736e+00 -2.96391106e+00  4.48194847e+01  2.86451263e+01
   8.66791439e-09  9.00000000e+00]
 [-3.63814545e+00 -3.33967686e+00  4.59371719e+01  2.96116486e+01
   4.05128020e-09  9.00000000e+00]]
2026-06-05 15:46:53 [DEBUG] 处理后检测输出形状: (0, 52)
2026-06-05 15:46:53 [DEBUG] 有效检测数量: 0
2026-06-05 15:46:53 [DEBUG] 检测输出为空
2026-06-05 15:46:53 [INFO] 掩码中检测到的类别: [0, 1, 2, 3, 4, 5, 6, 7, 8, 9, 10, 11, 12, 13, 14, 15]
2026-06-05 15:46:53 [INFO] 分割完成，检测到 0 个物体
2026-06-05 15:46:53 [INFO] 从分割掩码中提取检测结果
2026-06-05 15:46:53 [INFO] 从掩码中提取了 485 个检测框
2026-06-05 15:46:53 [INFO] 计算出的车框矩形边界: (1093, 661) to (3278, 1642)
2026-06-05 15:46:53 [INFO] 原始检测数: 485, 过滤后检测数: 252
2026-06-05 15:46:54 [INFO] 保存分割和检测结果到: C:\code\show\Scrap_Steel_In_Field\photos\segmentation\segment_20260605_154653.jpg
2026-06-05 15:46:54 [INFO] JSON结果保存到: C:\code\show\Scrap_Steel_In_Field\photos\segmentation_result.json
2026-06-05 15:46:54 [INFO] 类别统计：{0: 29, 1: 53, 2: 27, 3: 7, 4: 26, 5: 30, 6: 32, 7: 32, 8: 64, 9: 52, 10: 33, 11: 17, 12: 18, 13: 50, 14: 0, 15: 15}
2026-06-05 15:46:54 [INFO] 面积统计：{0: 3316716.0, 1: 678204.0, 2: 39348.0, 3: 156204.0, 4: 139788.0, 5: 100764.0, 6: 555192.0, 7: 41004.0, 8: 954036.0, 9: 314928.0, 10: 129276.0, 11: 374616.0, 12: 91728.0, 13: 658908.0, 14: 252.0, 15: 24732.0}
2026-06-05 15:46:54 [INFO] 分割成功
2026-06-05 15:46:54 [INFO] 引擎上下文已释放
2026-06-05 15:46:54 [INFO] TensorRT 引擎已释放
2026-06-05 15:46:54 [INFO] 全局 CUDA 资源已释放
2026-06-05 15:46:54 [INFO] 分割系统资源已释放
2026-06-05 15:46:58 [INFO] CUDA 初始化成功
2026-06-05 15:46:58 [INFO] 引擎加载成功: scrap_steel.engine
2026-06-05 15:46:58 [INFO] 分割系统初始化成功
2026-06-05 15:46:58 [INFO] 图像预处理完成，原始尺寸: (2160, 3840)
2026-06-05 15:46:58 [INFO] 开始执行分割...
2026-06-05 15:46:58 [DEBUG] 处理后的检测结果形状: (1, 8400, 6)
2026-06-05 15:46:58 [DEBUG] 示例检测结果: [[-4.09181595e+00 -3.15439415e+00  3.91774330e+01  1.46729031e+01
   3.58246979e-08  5.00000000e+00]
 [-6.70052719e+00 -2.99165726e+00  4.48175697e+01  2.85666122e+01
   8.93636276e-09  9.00000000e+00]
 [-3.72519684e+00 -3.45478153e+00  4.59770432e+01  2.96398468e+01
   4.08292067e-09  9.00000000e+00]]
2026-06-05 15:46:58 [DEBUG] 处理后检测输出形状: (0, 52)
2026-06-05 15:46:58 [DEBUG] 有效检测数量: 0
2026-06-05 15:46:58 [DEBUG] 检测输出为空
2026-06-05 15:46:58 [INFO] 掩码中检测到的类别: [0, 1, 2, 3, 4, 5, 6, 7, 8, 9, 10, 11, 12, 13, 15]
2026-06-05 15:46:58 [INFO] 分割完成，检测到 0 个物体
2026-06-05 15:46:58 [INFO] 从分割掩码中提取检测结果
2026-06-05 15:46:58 [INFO] 从掩码中提取了 460 个检测框
2026-06-05 15:46:58 [ERROR] 保存结果失败: 'NoneType' object has no attribute 'astype'
2026-06-05 15:46:58 [INFO] 分割成功
2026-06-05 15:46:58 [INFO] 引擎上下文已释放
2026-06-05 15:46:58 [INFO] TensorRT 引擎已释放
2026-06-05 15:46:58 [INFO] 全局 CUDA 资源已释放
2026-06-05 15:46:58 [INFO] 分割系统资源已释放
2026-06-05 15:47:03 [INFO] CUDA 初始化成功
2026-06-05 15:47:03 [INFO] 引擎加载成功: scrap_steel.engine
2026-06-05 15:47:03 [INFO] 分割系统初始化成功
2026-06-05 15:47:03 [INFO] 图像预处理完成，原始尺寸: (2160, 3840)
2026-06-05 15:47:03 [INFO] 开始执行分割...
2026-06-05 15:47:03 [DEBUG] 处理后的检测结果形状: (1, 8400, 6)
2026-06-05 15:47:03 [DEBUG] 示例检测结果: [[-4.16720963e+00 -3.21356392e+00  3.99901543e+01  1.49119816e+01
   3.56703396e-08  5.00000000e+00]
 [-6.72415543e+00 -3.02792549e+00  4.55007973e+01  2.93207111e+01
   9.17276033e-09  9.00000000e+00]
 [-3.64476776e+00 -3.43146420e+00  4.63400879e+01  3.03312149e+01
   4.31313651e-09  9.00000000e+00]]
2026-06-05 15:47:03 [DEBUG] 处理后检测输出形状: (0, 52)
2026-06-05 15:47:03 [DEBUG] 有效检测数量: 0
2026-06-05 15:47:03 [DEBUG] 检测输出为空
2026-06-05 15:47:03 [INFO] 掩码中检测到的类别: [0, 1, 2, 3, 4, 5, 6, 7, 8, 9, 10, 11, 12, 13, 14, 15]
2026-06-05 15:47:03 [INFO] 分割完成，检测到 0 个物体
2026-06-05 15:47:03 [INFO] 从分割掩码中提取检测结果
2026-06-05 15:47:03 [INFO] 从掩码中提取了 415 个检测框
2026-06-05 15:47:03 [INFO] 计算出的车框矩形边界: (1096, 661) to (3278, 1646)
2026-06-05 15:47:03 [INFO] 原始检测数: 415, 过滤后检测数: 210
2026-06-05 15:47:04 [INFO] 保存分割和检测结果到: C:\code\show\Scrap_Steel_In_Field\photos\segmentation\segment_20260605_154703.jpg
2026-06-05 15:47:04 [INFO] JSON结果保存到: C:\code\show\Scrap_Steel_In_Field\photos\segmentation_result.json
2026-06-05 15:47:04 [INFO] 类别统计：{0: 28, 1: 53, 2: 16, 3: 4, 4: 25, 5: 25, 6: 21, 7: 25, 8: 37, 9: 48, 10: 21, 11: 10, 12: 19, 13: 62, 14: 0, 15: 21}
2026-06-05 15:47:04 [INFO] 面积统计：{0: 2583252.0, 1: 631332.0, 2: 36756.0, 3: 189936.0, 4: 186084.0, 5: 65700.0, 6: 563976.0, 7: 22032.0, 8: 1123956.0, 9: 332748.0, 10: 119016.0, 11: 296244.0, 12: 44784.0, 13: 705456.0, 14: 216.0, 15: 35892.0}
2026-06-05 15:47:04 [INFO] 分割成功
2026-06-05 15:47:04 [INFO] 引擎上下文已释放
2026-06-05 15:47:04 [INFO] TensorRT 引擎已释放
2026-06-05 15:47:04 [INFO] 全局 CUDA 资源已释放
2026-06-05 15:47:04 [INFO] 分割系统资源已释放
2026-06-05 15:47:08 [INFO] CUDA 初始化成功
2026-06-05 15:47:08 [INFO] 引擎加载成功: scrap_steel.engine
2026-06-05 15:47:08 [INFO] 分割系统初始化成功
2026-06-05 15:47:08 [INFO] 图像预处理完成，原始尺寸: (2160, 3840)
2026-06-05 15:47:08 [INFO] 开始执行分割...
2026-06-05 15:47:08 [DEBUG] 处理后的检测结果形状: (1, 8400, 6)
2026-06-05 15:47:08 [DEBUG] 示例检测结果: [[-4.18584824e+00 -3.17572975e+00  3.89029541e+01  1.47668648e+01
   3.48758356e-08  5.00000000e+00]
 [-6.69850922e+00 -3.03841782e+00  4.45323486e+01  2.86177731e+01
   8.50510062e-09  9.00000000e+00]
 [-3.63681793e+00 -3.39969635e+00  4.58253021e+01  2.94505157e+01
   3.92198629e-09  9.00000000e+00]]
2026-06-05 15:47:08 [DEBUG] 处理后检测输出形状: (0, 52)
2026-06-05 15:47:08 [DEBUG] 有效检测数量: 0
2026-06-05 15:47:08 [DEBUG] 检测输出为空
2026-06-05 15:47:08 [INFO] 掩码中检测到的类别: [0, 1, 2, 3, 4, 5, 6, 7, 8, 9, 10, 11, 12, 13, 14, 15]
2026-06-05 15:47:08 [INFO] 分割完成，检测到 0 个物体
2026-06-05 15:47:08 [INFO] 从分割掩码中提取检测结果
2026-06-05 15:47:09 [INFO] 从掩码中提取了 480 个检测框
2026-06-05 15:47:09 [INFO] 计算出的车框矩形边界: (1095, 663) to (3275, 1641)
2026-06-05 15:47:09 [INFO] 原始检测数: 480, 过滤后检测数: 236
2026-06-05 15:47:10 [INFO] 保存分割和检测结果到: C:\code\show\Scrap_Steel_In_Field\photos\segmentation\segment_20260605_154709.jpg
2026-06-05 15:47:10 [INFO] JSON结果保存到: C:\code\show\Scrap_Steel_In_Field\photos\segmentation_result.json
2026-06-05 15:47:10 [INFO] 类别统计：{0: 48, 1: 50, 2: 26, 3: 6, 4: 32, 5: 28, 6: 23, 7: 34, 8: 58, 9: 52, 10: 30, 11: 12, 12: 17, 13: 48, 14: 0, 15: 16}
2026-06-05 15:47:10 [INFO] 面积统计：{0: 3136320.0, 1: 753516.0, 2: 41400.0, 3: 156744.0, 4: 133812.0, 5: 96696.0, 6: 567252.0, 7: 44352.0, 8: 975312.0, 9: 297324.0, 10: 126900.0, 11: 349200.0, 12: 73584.0, 13: 649944.0, 14: 216.0, 15: 32400.0}
2026-06-05 15:47:10 [INFO] 分割成功
2026-06-05 15:47:10 [INFO] 引擎上下文已释放
2026-06-05 15:47:10 [INFO] TensorRT 引擎已释放
2026-06-05 15:47:10 [INFO] 全局 CUDA 资源已释放
2026-06-05 15:47:10 [INFO] 分割系统资源已释放
2026-06-05 15:47:13 [INFO] CUDA 初始化成功
2026-06-05 15:47:13 [INFO] 引擎加载成功: scrap_steel.engine
2026-06-05 15:47:13 [INFO] 分割系统初始化成功
2026-06-05 15:47:13 [INFO] 图像预处理完成，原始尺寸: (2160, 3840)
2026-06-05 15:47:13 [INFO] 开始执行分割...
2026-06-05 15:47:13 [DEBUG] 处理后的检测结果形状: (1, 8400, 6)
2026-06-05 15:47:13 [DEBUG] 示例检测结果: [[-4.17977905e+00 -3.23556805e+00  3.95438156e+01  1.48652754e+01
   3.68029767e-08  5.00000000e+00]
 [-6.84561157e+00 -3.07716465e+00  4.50326271e+01  2.91293640e+01
   9.20787446e-09  9.00000000e+00]
 [-3.73821640e+00 -3.52069759e+00  4.61398773e+01  3.01506844e+01
   4.26560387e-09  9.00000000e+00]]
2026-06-05 15:47:13 [DEBUG] 处理后检测输出形状: (0, 52)
2026-06-05 15:47:13 [DEBUG] 有效检测数量: 0
2026-06-05 15:47:13 [DEBUG] 检测输出为空
2026-06-05 15:47:13 [INFO] 掩码中检测到的类别: [0, 1, 2, 3, 4, 5, 6, 7, 8, 9, 10, 11, 12, 13, 15]
2026-06-05 15:47:13 [INFO] 分割完成，检测到 0 个物体
2026-06-05 15:47:13 [INFO] 从分割掩码中提取检测结果
2026-06-05 15:47:14 [INFO] 从掩码中提取了 443 个检测框
2026-06-05 15:47:14 [ERROR] 保存结果失败: 'NoneType' object has no attribute 'astype'
2026-06-05 15:47:14 [INFO] 分割成功
2026-06-05 15:47:14 [INFO] 引擎上下文已释放
2026-06-05 15:47:14 [INFO] TensorRT 引擎已释放
2026-06-05 15:47:14 [INFO] 全局 CUDA 资源已释放
2026-06-05 15:47:14 [INFO] 分割系统资源已释放
2026-06-05 15:47:18 [INFO] CUDA 初始化成功
2026-06-05 15:47:18 [INFO] 引擎加载成功: scrap_steel.engine
2026-06-05 15:47:18 [INFO] 分割系统初始化成功
2026-06-05 15:47:18 [INFO] 图像预处理完成，原始尺寸: (2160, 3840)
2026-06-05 15:47:18 [INFO] 开始执行分割...
2026-06-05 15:47:18 [DEBUG] 处理后的检测结果形状: (1, 8400, 6)
2026-06-05 15:47:18 [DEBUG] 示例检测结果: [[-4.11543655e+00 -3.24826622e+00  4.01820374e+01  1.53978539e+01
   3.70926010e-08  5.00000000e+00]
 [-6.38036728e+00 -2.91745663e+00  4.53106575e+01  3.01168480e+01
   8.70174333e-09  9.00000000e+00]
 [-3.42798615e+00 -3.24506378e+00  4.60109749e+01  3.06067810e+01
   4.05225364e-09  9.00000000e+00]]
2026-06-05 15:47:18 [DEBUG] 处理后检测输出形状: (0, 52)
2026-06-05 15:47:18 [DEBUG] 有效检测数量: 0
2026-06-05 15:47:18 [DEBUG] 检测输出为空
2026-06-05 15:47:18 [INFO] 掩码中检测到的类别: [0, 1, 2, 3, 4, 5, 6, 7, 8, 9, 10, 11, 12, 13, 14, 15]
2026-06-05 15:47:19 [INFO] 分割完成，检测到 0 个物体
2026-06-05 15:47:19 [INFO] 从分割掩码中提取检测结果
2026-06-05 15:47:19 [INFO] 从掩码中提取了 462 个检测框
2026-06-05 15:47:19 [INFO] 计算出的车框矩形边界: (1095, 662) to (3276, 1638)
2026-06-05 15:47:19 [INFO] 原始检测数: 462, 过滤后检测数: 225
2026-06-05 15:47:19 [INFO] 保存分割和检测结果到: C:\code\show\Scrap_Steel_In_Field\photos\segmentation\segment_20260605_154719.jpg
2026-06-05 15:47:19 [INFO] JSON结果保存到: C:\code\show\Scrap_Steel_In_Field\photos\segmentation_result.json
2026-06-05 15:47:19 [INFO] 类别统计：{0: 43, 1: 54, 2: 12, 3: 11, 4: 30, 5: 26, 6: 29, 7: 24, 8: 60, 9: 53, 10: 32, 11: 4, 12: 16, 13: 58, 14: 0, 15: 10}
2026-06-05 15:47:19 [INFO] 面积统计：{0: 2406276.0, 1: 507600.0, 2: 24588.0, 3: 291132.0, 4: 170172.0, 5: 93096.0, 6: 654264.0, 7: 41976.0, 8: 973944.0, 9: 349308.0, 10: 166716.0, 11: 240948.0, 12: 113652.0, 13: 722664.0, 14: 216.0, 15: 16056.0}
2026-06-05 15:47:19 [INFO] 分割成功
2026-06-05 15:47:19 [INFO] 引擎上下文已释放
2026-06-05 15:47:19 [INFO] TensorRT 引擎已释放
2026-06-05 15:47:19 [INFO] 全局 CUDA 资源已释放
2026-06-05 15:47:19 [INFO] 分割系统资源已释放
2026-06-05 15:47:23 [INFO] CUDA 初始化成功
2026-06-05 15:47:23 [INFO] 引擎加载成功: scrap_steel.engine
2026-06-05 15:47:23 [INFO] 分割系统初始化成功
2026-06-05 15:47:24 [INFO] 图像预处理完成，原始尺寸: (2160, 3840)
2026-06-05 15:47:24 [INFO] 开始执行分割...
2026-06-05 15:47:24 [DEBUG] 处理后的检测结果形状: (1, 8400, 6)
2026-06-05 15:47:24 [DEBUG] 示例检测结果: [[-4.12555695e+00 -3.15542221e+00  3.89894562e+01  1.47560463e+01
   3.47654883e-08  5.00000000e+00]
 [-6.64538574e+00 -3.01278114e+00  4.45687943e+01  2.87627869e+01
   8.53826609e-09  9.00000000e+00]
 [-3.61763382e+00 -3.38385010e+00  4.58421135e+01  2.95534439e+01
   3.96951805e-09  9.00000000e+00]]
2026-06-05 15:47:24 [DEBUG] 处理后检测输出形状: (0, 52)
2026-06-05 15:47:24 [DEBUG] 有效检测数量: 0
2026-06-05 15:47:24 [DEBUG] 检测输出为空
2026-06-05 15:47:24 [INFO] 掩码中检测到的类别: [0, 1, 2, 3, 4, 5, 6, 7, 8, 9, 10, 11, 12, 13, 14, 15]
2026-06-05 15:47:24 [INFO] 分割完成，检测到 0 个物体
2026-06-05 15:47:24 [INFO] 从分割掩码中提取检测结果
2026-06-05 15:47:24 [INFO] 从掩码中提取了 479 个检测框
2026-06-05 15:47:24 [INFO] 计算出的车框矩形边界: (1095, 658) to (3275, 1640)
2026-06-05 15:47:24 [INFO] 原始检测数: 479, 过滤后检测数: 242
2026-06-05 15:47:25 [INFO] 保存分割和检测结果到: C:\code\show\Scrap_Steel_In_Field\photos\segmentation\segment_20260605_154724.jpg
2026-06-05 15:47:25 [INFO] JSON结果保存到: C:\code\show\Scrap_Steel_In_Field\photos\segmentation_result.json
2026-06-05 15:47:25 [INFO] 类别统计：{0: 21, 1: 54, 2: 24, 3: 5, 4: 27, 5: 31, 6: 32, 7: 37, 8: 49, 9: 60, 10: 37, 11: 18, 12: 18, 13: 51, 14: 0, 15: 15}
2026-06-05 15:47:25 [INFO] 面积统计：{0: 3188412.0, 1: 751788.0, 2: 43344.0, 3: 160740.0, 4: 144324.0, 5: 102384.0, 6: 563292.0, 7: 46836.0, 8: 965196.0, 9: 284328.0, 10: 130572.0, 11: 312984.0, 12: 70128.0, 13: 656352.0, 14: 72.0, 15: 29232.0}
2026-06-05 15:47:25 [INFO] 分割成功
2026-06-05 15:47:25 [INFO] 引擎上下文已释放
2026-06-05 15:47:25 [INFO] TensorRT 引擎已释放
2026-06-05 15:47:25 [INFO] 全局 CUDA 资源已释放
2026-06-05 15:47:25 [INFO] 分割系统资源已释放
2026-06-05 15:47:29 [INFO] CUDA 初始化成功
2026-06-05 15:47:29 [INFO] 引擎加载成功: scrap_steel.engine
2026-06-05 15:47:29 [INFO] 分割系统初始化成功
2026-06-05 15:47:29 [INFO] 图像预处理完成，原始尺寸: (2160, 3840)
2026-06-05 15:47:29 [INFO] 开始执行分割...
2026-06-05 15:47:29 [DEBUG] 处理后的检测结果形状: (1, 8400, 6)
2026-06-05 15:47:29 [DEBUG] 示例检测结果: [[-4.12177277e+00 -3.16522026e+00  3.90415497e+01  1.47087479e+01
   3.52805785e-08  5.00000000e+00]
 [-6.71432495e+00 -3.02393341e+00  4.46738281e+01  2.87195206e+01
   8.70199912e-09  9.00000000e+00]
 [-3.64280701e+00 -3.35865021e+00  4.58721695e+01  2.95572929e+01
   4.03376355e-09  9.00000000e+00]]
2026-06-05 15:47:29 [DEBUG] 处理后检测输出形状: (0, 52)
2026-06-05 15:47:29 [DEBUG] 有效检测数量: 0
2026-06-05 15:47:29 [DEBUG] 检测输出为空
2026-06-05 15:47:29 [INFO] 掩码中检测到的类别: [0, 1, 2, 3, 4, 5, 6, 7, 8, 9, 10, 11, 12, 13, 14, 15]
2026-06-05 15:47:29 [INFO] 分割完成，检测到 0 个物体
2026-06-05 15:47:29 [INFO] 从分割掩码中提取检测结果
2026-06-05 15:47:29 [INFO] 从掩码中提取了 499 个检测框
2026-06-05 15:47:29 [INFO] 计算出的车框矩形边界: (1095, 659) to (3274, 1642)
2026-06-05 15:47:29 [INFO] 原始检测数: 499, 过滤后检测数: 243
2026-06-05 15:47:30 [INFO] 保存分割和检测结果到: C:\code\show\Scrap_Steel_In_Field\photos\segmentation\segment_20260605_154729.jpg
2026-06-05 15:47:30 [INFO] JSON结果保存到: C:\code\show\Scrap_Steel_In_Field\photos\segmentation_result.json
2026-06-05 15:47:30 [INFO] 类别统计：{0: 37, 1: 50, 2: 23, 3: 9, 4: 28, 5: 31, 6: 32, 7: 35, 8: 64, 9: 53, 10: 32, 11: 17, 12: 20, 13: 53, 14: 0, 15: 15}
2026-06-05 15:47:30 [INFO] 面积统计：{0: 3219408.0, 1: 708156.0, 2: 38268.0, 3: 158904.0, 4: 138060.0, 5: 107028.0, 6: 554724.0, 7: 38448.0, 8: 963036.0, 9: 294012.0, 10: 128844.0, 11: 335052.0, 12: 81612.0, 13: 650628.0, 14: 108.0, 15: 26676.0}
2026-06-05 15:47:30 [INFO] 分割成功
2026-06-05 15:47:30 [INFO] 引擎上下文已释放
2026-06-05 15:47:30 [INFO] TensorRT 引擎已释放
2026-06-05 15:47:30 [INFO] 全局 CUDA 资源已释放
2026-06-05 15:47:30 [INFO] 分割系统资源已释放
2026-06-05 15:47:34 [INFO] CUDA 初始化成功
2026-06-05 15:47:34 [INFO] 引擎加载成功: scrap_steel.engine
2026-06-05 15:47:34 [INFO] 分割系统初始化成功
2026-06-05 15:47:34 [INFO] 图像预处理完成，原始尺寸: (2160, 3840)
2026-06-05 15:47:34 [INFO] 开始执行分割...
2026-06-05 15:47:34 [DEBUG] 处理后的检测结果形状: (1, 8400, 6)
2026-06-05 15:47:34 [DEBUG] 示例检测结果: [[-4.12207413e+00 -3.14314604e+00  3.90885124e+01  1.47002716e+01
   3.59688421e-08  5.00000000e+00]
 [-6.67815399e+00 -2.99269485e+00  4.47560768e+01  2.86408787e+01
   8.62182326e-09  9.00000000e+00]
 [-3.66199493e+00 -3.35592556e+00  4.59073181e+01  2.95877151e+01
   4.02112477e-09  9.00000000e+00]]
2026-06-05 15:47:34 [DEBUG] 处理后检测输出形状: (0, 52)
2026-06-05 15:47:34 [DEBUG] 有效检测数量: 0
2026-06-05 15:47:34 [DEBUG] 检测输出为空
2026-06-05 15:47:34 [INFO] 掩码中检测到的类别: [0, 1, 2, 3, 4, 5, 6, 7, 8, 9, 10, 11, 12, 13, 14, 15]
2026-06-05 15:47:34 [INFO] 分割完成，检测到 0 个物体
2026-06-05 15:47:34 [INFO] 从分割掩码中提取检测结果
2026-06-05 15:47:34 [INFO] 从掩码中提取了 504 个检测框
2026-06-05 15:47:34 [INFO] 计算出的车框矩形边界: (1094, 658) to (3275, 1641)
2026-06-05 15:47:34 [INFO] 原始检测数: 504, 过滤后检测数: 243
2026-06-05 15:47:35 [INFO] 保存分割和检测结果到: C:\code\show\Scrap_Steel_In_Field\photos\segmentation\segment_20260605_154734.jpg
2026-06-05 15:47:35 [INFO] JSON结果保存到: C:\code\show\Scrap_Steel_In_Field\photos\segmentation_result.json
2026-06-05 15:47:35 [INFO] 类别统计：{0: 46, 1: 50, 2: 22, 3: 4, 4: 25, 5: 32, 6: 27, 7: 38, 8: 73, 9: 56, 10: 32, 11: 15, 12: 18, 13: 50, 14: 0, 15: 16}
2026-06-05 15:47:35 [INFO] 面积统计：{0: 3208896.0, 1: 719964.0, 2: 44424.0, 3: 154980.0, 4: 152568.0, 5: 103320.0, 6: 550440.0, 7: 41904.0, 8: 996552.0, 9: 274968.0, 10: 128268.0, 11: 350784.0, 12: 66636.0, 13: 652896.0, 14: 144.0, 15: 28764.0}
2026-06-05 15:47:35 [INFO] 分割成功
2026-06-05 15:47:35 [INFO] 引擎上下文已释放
2026-06-05 15:47:35 [INFO] TensorRT 引擎已释放
2026-06-05 15:47:35 [INFO] 全局 CUDA 资源已释放
2026-06-05 15:47:35 [INFO] 分割系统资源已释放
2026-06-05 15:47:39 [INFO] CUDA 初始化成功
2026-06-05 15:47:39 [INFO] 引擎加载成功: scrap_steel.engine
2026-06-05 15:47:39 [INFO] 分割系统初始化成功
2026-06-05 15:47:39 [INFO] 图像预处理完成，原始尺寸: (2160, 3840)
2026-06-05 15:47:39 [INFO] 开始执行分割...
2026-06-05 15:47:39 [DEBUG] 处理后的检测结果形状: (1, 8400, 6)
2026-06-05 15:47:39 [DEBUG] 示例检测结果: [[-4.06135559e+00 -3.15189791e+00  3.90334587e+01  1.46423264e+01
   3.51433762e-08  5.00000000e+00]
 [-6.61934662e+00 -2.95682716e+00  4.47604218e+01  2.85300503e+01
   8.60057625e-09  9.00000000e+00]
 [-3.64923096e+00 -3.34465408e+00  4.59117393e+01  2.95444794e+01
   4.01942302e-09  9.00000000e+00]]
2026-06-05 15:47:39 [DEBUG] 处理后检测输出形状: (0, 52)
2026-06-05 15:47:39 [DEBUG] 有效检测数量: 0
2026-06-05 15:47:39 [DEBUG] 检测输出为空
2026-06-05 15:47:40 [INFO] 掩码中检测到的类别: [0, 1, 2, 3, 4, 5, 6, 7, 8, 9, 10, 11, 12, 13, 14, 15]
2026-06-05 15:47:40 [INFO] 分割完成，检测到 0 个物体
2026-06-05 15:47:40 [INFO] 从分割掩码中提取检测结果
2026-06-05 15:47:40 [INFO] 从掩码中提取了 478 个检测框
2026-06-05 15:47:40 [INFO] 计算出的车框矩形边界: (1094, 658) to (3274, 1640)
2026-06-05 15:47:40 [INFO] 原始检测数: 478, 过滤后检测数: 243
2026-06-05 15:47:41 [INFO] 保存分割和检测结果到: C:\code\show\Scrap_Steel_In_Field\photos\segmentation\segment_20260605_154740.jpg
2026-06-05 15:47:41 [INFO] JSON结果保存到: C:\code\show\Scrap_Steel_In_Field\photos\segmentation_result.json
2026-06-05 15:47:41 [INFO] 类别统计：{0: 36, 1: 52, 2: 26, 3: 4, 4: 26, 5: 28, 6: 26, 7: 35, 8: 64, 9: 52, 10: 34, 11: 14, 12: 16, 13: 49, 14: 0, 15: 16}
2026-06-05 15:47:41 [INFO] 面积统计：{0: 3220272.0, 1: 701208.0, 2: 41940.0, 3: 165060.0, 4: 146808.0, 5: 105228.0, 6: 553356.0, 7: 47484.0, 8: 945144.0, 9: 308340.0, 10: 130536.0, 11: 352080.0, 12: 95760.0, 13: 646200.0, 14: 288.0, 15: 32112.0}
2026-06-05 15:47:41 [INFO] 分割成功
2026-06-05 15:47:41 [INFO] 引擎上下文已释放
2026-06-05 15:47:41 [INFO] TensorRT 引擎已释放
2026-06-05 15:47:41 [INFO] 全局 CUDA 资源已释放
2026-06-05 15:47:41 [INFO] 分割系统资源已释放
2026-06-05 15:47:44 [INFO] CUDA 初始化成功
2026-06-05 15:47:44 [INFO] 引擎加载成功: scrap_steel.engine
2026-06-05 15:47:44 [INFO] 分割系统初始化成功
2026-06-05 15:47:44 [INFO] 图像预处理完成，原始尺寸: (2160, 3840)
2026-06-05 15:47:44 [INFO] 开始执行分割...
2026-06-05 15:47:44 [DEBUG] 处理后的检测结果形状: (1, 8400, 6)
2026-06-05 15:47:44 [DEBUG] 示例检测结果: [[-4.18429565e+00 -3.19906998e+00  3.90827522e+01  1.48061886e+01
   3.56970844e-08  5.00000000e+00]
 [-6.75381088e+00 -3.02853203e+00  4.46447868e+01  2.85825958e+01
   8.60057625e-09  9.00000000e+00]
 [-3.69394302e+00 -3.42566013e+00  4.58913345e+01  2.94668655e+01
   3.95574062e-09  9.00000000e+00]]
2026-06-05 15:47:44 [DEBUG] 处理后检测输出形状: (0, 52)
2026-06-05 15:47:44 [DEBUG] 有效检测数量: 0
2026-06-05 15:47:44 [DEBUG] 检测输出为空
2026-06-05 15:47:44 [INFO] 掩码中检测到的类别: [0, 1, 2, 3, 4, 5, 6, 7, 8, 9, 10, 11, 12, 13, 14, 15]
2026-06-05 15:47:44 [INFO] 分割完成，检测到 0 个物体
2026-06-05 15:47:44 [INFO] 从分割掩码中提取检测结果
2026-06-05 15:47:45 [INFO] 从掩码中提取了 527 个检测框
2026-06-05 15:47:45 [INFO] 计算出的车框矩形边界: (1095, 662) to (3278, 1640)
2026-06-05 15:47:45 [INFO] 原始检测数: 527, 过滤后检测数: 238
2026-06-05 15:47:45 [INFO] 保存分割和检测结果到: C:\code\show\Scrap_Steel_In_Field\photos\segmentation\segment_20260605_154745.jpg
2026-06-05 15:47:45 [INFO] JSON结果保存到: C:\code\show\Scrap_Steel_In_Field\photos\segmentation_result.json
2026-06-05 15:47:45 [INFO] 类别统计：{0: 49, 1: 47, 2: 26, 3: 12, 4: 34, 5: 32, 6: 33, 7: 32, 8: 59, 9: 61, 10: 36, 11: 18, 12: 19, 13: 49, 14: 0, 15: 20}
2026-06-05 15:47:45 [INFO] 面积统计：{0: 3049884.0, 1: 829728.0, 2: 49356.0, 3: 172512.0, 4: 136656.0, 5: 104328.0, 6: 537660.0, 7: 45432.0, 8: 977688.0, 9: 360360.0, 10: 157428.0, 11: 354384.0, 12: 52092.0, 13: 655956.0, 14: 144.0, 15: 67392.0}
2026-06-05 15:47:45 [INFO] 分割成功
2026-06-05 15:47:45 [INFO] 引擎上下文已释放
2026-06-05 15:47:45 [INFO] TensorRT 引擎已释放
2026-06-05 15:47:45 [INFO] 全局 CUDA 资源已释放
2026-06-05 15:47:45 [INFO] 分割系统资源已释放
2026-06-05 15:47:49 [INFO] CUDA 初始化成功
2026-06-05 15:47:49 [INFO] 引擎加载成功: scrap_steel.engine
2026-06-05 15:47:49 [INFO] 分割系统初始化成功
2026-06-05 15:47:49 [INFO] 图像预处理完成，原始尺寸: (2160, 3840)
2026-06-05 15:47:49 [INFO] 开始执行分割...
2026-06-05 15:47:49 [DEBUG] 处理后的检测结果形状: (1, 8400, 6)
2026-06-05 15:47:49 [DEBUG] 示例检测结果: [[-4.15355682e+00 -3.20369053e+00  3.90372658e+01  1.47312632e+01
   3.54253302e-08  5.00000000e+00]
 [-6.75859451e+00 -3.02185059e+00  4.47339211e+01  2.86090736e+01
   8.47193515e-09  9.00000000e+00]
 [-3.68507385e+00 -3.43409061e+00  4.58992004e+01  2.95324631e+01
   3.92198629e-09  9.00000000e+00]]
2026-06-05 15:47:49 [DEBUG] 处理后检测输出形状: (0, 52)
2026-06-05 15:47:49 [DEBUG] 有效检测数量: 0
2026-06-05 15:47:49 [DEBUG] 检测输出为空
2026-06-05 15:47:49 [INFO] 掩码中检测到的类别: [0, 1, 2, 3, 4, 5, 6, 7, 8, 9, 10, 11, 12, 13, 14, 15]
2026-06-05 15:47:50 [INFO] 分割完成，检测到 0 个物体
2026-06-05 15:47:50 [INFO] 从分割掩码中提取检测结果
2026-06-05 15:47:50 [INFO] 从掩码中提取了 569 个检测框
2026-06-05 15:47:50 [INFO] 计算出的车框矩形边界: (1095, 659) to (3275, 1641)
2026-06-05 15:47:50 [INFO] 原始检测数: 569, 过滤后检测数: 263
2026-06-05 15:47:50 [INFO] 保存分割和检测结果到: C:\code\show\Scrap_Steel_In_Field\photos\segmentation\segment_20260605_154750.jpg
2026-06-05 15:47:50 [INFO] JSON结果保存到: C:\code\show\Scrap_Steel_In_Field\photos\segmentation_result.json
2026-06-05 15:47:50 [INFO] 类别统计：{0: 71, 1: 52, 2: 31, 3: 12, 4: 44, 5: 31, 6: 35, 7: 40, 8: 59, 9: 55, 10: 34, 11: 15, 12: 23, 13: 49, 14: 0, 15: 18}
2026-06-05 15:47:50 [INFO] 面积统计：{0: 3070116.0, 1: 834408.0, 2: 44892.0, 3: 166176.0, 4: 150480.0, 5: 105732.0, 6: 540144.0, 7: 42300.0, 8: 1012788.0, 9: 399384.0, 10: 163440.0, 11: 369180.0, 12: 62928.0, 13: 639396.0, 14: 216.0, 15: 58644.0}
2026-06-05 15:47:50 [INFO] 分割成功
2026-06-05 15:47:50 [INFO] 引擎上下文已释放
2026-06-05 15:47:50 [INFO] TensorRT 引擎已释放
2026-06-05 15:47:50 [INFO] 全局 CUDA 资源已释放
2026-06-05 15:47:50 [INFO] 分割系统资源已释放
2026-06-05 15:47:55 [INFO] CUDA 初始化成功
2026-06-05 15:47:55 [INFO] 引擎加载成功: scrap_steel.engine
2026-06-05 15:47:55 [INFO] 分割系统初始化成功
2026-06-05 15:47:55 [INFO] 图像预处理完成，原始尺寸: (2160, 3840)
2026-06-05 15:47:55 [INFO] 开始执行分割...
2026-06-05 15:47:55 [DEBUG] 处理后的检测结果形状: (1, 8400, 6)
2026-06-05 15:47:55 [DEBUG] 示例检测结果: [[-4.18669891e+00 -3.16944361e+00  3.88619919e+01  1.46643276e+01
   3.52919045e-08  5.00000000e+00]
 [-6.75852203e+00 -3.00012016e+00  4.46147270e+01  2.84936180e+01
   8.32491676e-09  9.00000000e+00]
 [-3.68186188e+00 -3.39343739e+00  4.58472748e+01  2.94246597e+01
   3.90670252e-09  9.00000000e+00]]
2026-06-05 15:47:55 [DEBUG] 处理后检测输出形状: (0, 52)
2026-06-05 15:47:55 [DEBUG] 有效检测数量: 0
2026-06-05 15:47:55 [DEBUG] 检测输出为空
2026-06-05 15:47:55 [INFO] 掩码中检测到的类别: [0, 1, 2, 3, 4, 5, 6, 7, 8, 9, 10, 11, 12, 13, 14, 15]
2026-06-05 15:47:55 [INFO] 分割完成，检测到 0 个物体
2026-06-05 15:47:55 [INFO] 从分割掩码中提取检测结果
2026-06-05 15:47:56 [INFO] 从掩码中提取了 561 个检测框
2026-06-05 15:47:56 [INFO] 计算出的车框矩形边界: (1095, 664) to (3274, 1641)
2026-06-05 15:47:56 [INFO] 原始检测数: 561, 过滤后检测数: 254
2026-06-05 15:47:56 [INFO] 保存分割和检测结果到: C:\code\show\Scrap_Steel_In_Field\photos\segmentation\segment_20260605_154756.jpg
2026-06-05 15:47:56 [INFO] JSON结果保存到: C:\code\show\Scrap_Steel_In_Field\photos\segmentation_result.json
2026-06-05 15:47:56 [INFO] 类别统计：{0: 48, 1: 50, 2: 34, 3: 17, 4: 39, 5: 35, 6: 29, 7: 36, 8: 67, 9: 59, 10: 32, 11: 20, 12: 29, 13: 47, 14: 0, 15: 19}
2026-06-05 15:47:56 [INFO] 面积统计：{0: 2975796.0, 1: 769860.0, 2: 50652.0, 3: 159264.0, 4: 148644.0, 5: 110448.0, 6: 528156.0, 7: 41220.0, 8: 1029492.0, 9: 360216.0, 10: 162252.0, 11: 371448.0, 12: 61524.0, 13: 639108.0, 14: 180.0, 15: 51336.0}
2026-06-05 15:47:56 [INFO] 分割成功
2026-06-05 15:47:56 [INFO] 引擎上下文已释放
2026-06-05 15:47:56 [INFO] TensorRT 引擎已释放
2026-06-05 15:47:56 [INFO] 全局 CUDA 资源已释放
2026-06-05 15:47:56 [INFO] 分割系统资源已释放
2026-06-05 15:48:00 [INFO] CUDA 初始化成功
2026-06-05 15:48:00 [INFO] 引擎加载成功: scrap_steel.engine
2026-06-05 15:48:00 [INFO] 分割系统初始化成功
2026-06-05 15:48:00 [INFO] 图像预处理完成，原始尺寸: (2160, 3840)
2026-06-05 15:48:00 [INFO] 开始执行分割...
2026-06-05 15:48:00 [DEBUG] 处理后的检测结果形状: (1, 8400, 6)
2026-06-05 15:48:00 [DEBUG] 示例检测结果: [[-4.14096832e+00 -3.17188358e+00  3.90081749e+01  1.47080145e+01
   3.61184931e-08  5.00000000e+00]
 [-6.69473648e+00 -3.01321602e+00  4.46954918e+01  2.86564426e+01
   8.65570815e-09  9.00000000e+00]
 [-3.64769363e+00 -3.39246655e+00  4.59023132e+01  2.95472221e+01
   3.98843270e-09  9.00000000e+00]]
2026-06-05 15:48:00 [DEBUG] 处理后检测输出形状: (0, 52)
2026-06-05 15:48:00 [DEBUG] 有效检测数量: 0
2026-06-05 15:48:00 [DEBUG] 检测输出为空
2026-06-05 15:48:00 [INFO] 掩码中检测到的类别: [0, 1, 2, 3, 4, 5, 6, 7, 8, 9, 10, 11, 12, 13, 14, 15]
2026-06-05 15:48:00 [INFO] 分割完成，检测到 0 个物体
2026-06-05 15:48:00 [INFO] 从分割掩码中提取检测结果
2026-06-05 15:48:00 [INFO] 从掩码中提取了 563 个检测框
2026-06-05 15:48:00 [INFO] 计算出的车框矩形边界: (1095, 662) to (3275, 1641)
2026-06-05 15:48:00 [INFO] 原始检测数: 563, 过滤后检测数: 253
2026-06-05 15:48:01 [INFO] 保存分割和检测结果到: C:\code\show\Scrap_Steel_In_Field\photos\segmentation\segment_20260605_154800.jpg
2026-06-05 15:48:01 [INFO] JSON结果保存到: C:\code\show\Scrap_Steel_In_Field\photos\segmentation_result.json
2026-06-05 15:48:01 [INFO] 类别统计：{0: 61, 1: 48, 2: 29, 3: 13, 4: 43, 5: 31, 6: 32, 7: 43, 8: 58, 9: 60, 10: 35, 11: 16, 12: 21, 13: 53, 14: 0, 15: 20}
2026-06-05 15:48:01 [INFO] 面积统计：{0: 3044628.0, 1: 795276.0, 2: 48312.0, 3: 168192.0, 4: 162432.0, 5: 106884.0, 6: 523764.0, 7: 42084.0, 8: 1013832.0, 9: 349884.0, 10: 164088.0, 11: 366444.0, 12: 62136.0, 13: 644796.0, 14: 108.0, 15: 61272.0}
2026-06-05 15:48:01 [INFO] 分割成功
2026-06-05 15:48:01 [INFO] 引擎上下文已释放
2026-06-05 15:48:01 [INFO] TensorRT 引擎已释放
2026-06-05 15:48:01 [INFO] 全局 CUDA 资源已释放
2026-06-05 15:48:01 [INFO] 分割系统资源已释放
2026-06-05 15:48:05 [INFO] CUDA 初始化成功
2026-06-05 15:48:05 [INFO] 引擎加载成功: scrap_steel.engine
2026-06-05 15:48:05 [INFO] 分割系统初始化成功
2026-06-05 15:48:05 [INFO] 图像预处理完成，原始尺寸: (2160, 3840)
2026-06-05 15:48:05 [INFO] 开始执行分割...
2026-06-05 15:48:05 [DEBUG] 处理后的检测结果形状: (1, 8400, 6)
2026-06-05 15:48:05 [DEBUG] 示例检测结果: [[-4.18499374e+00 -3.17070627e+00  3.89530373e+01  1.46804790e+01
   3.50168534e-08  5.00000000e+00]
 [-6.78036118e+00 -3.02517128e+00  4.46993332e+01  2.86253014e+01
   8.47193515e-09  9.00000000e+00]
 [-3.65013885e+00 -3.38016891e+00  4.58929367e+01  2.94795113e+01
   3.93839628e-09  9.00000000e+00]]
2026-06-05 15:48:05 [DEBUG] 处理后检测输出形状: (0, 52)
2026-06-05 15:48:05 [DEBUG] 有效检测数量: 0
2026-06-05 15:48:05 [DEBUG] 检测输出为空
2026-06-05 15:48:05 [INFO] 掩码中检测到的类别: [0, 1, 2, 3, 4, 5, 6, 7, 8, 9, 10, 11, 12, 13, 14, 15]
2026-06-05 15:48:05 [INFO] 分割完成，检测到 0 个物体
2026-06-05 15:48:05 [INFO] 从分割掩码中提取检测结果
2026-06-05 15:48:05 [INFO] 从掩码中提取了 572 个检测框
2026-06-05 15:48:05 [INFO] 计算出的车框矩形边界: (1094, 661) to (3275, 1641)
2026-06-05 15:48:05 [INFO] 原始检测数: 572, 过滤后检测数: 242
2026-06-05 15:48:06 [INFO] 保存分割和检测结果到: C:\code\show\Scrap_Steel_In_Field\photos\segmentation\segment_20260605_154805.jpg
2026-06-05 15:48:06 [INFO] JSON结果保存到: C:\code\show\Scrap_Steel_In_Field\photos\segmentation_result.json
2026-06-05 15:48:06 [INFO] 类别统计：{0: 57, 1: 50, 2: 28, 3: 15, 4: 42, 5: 32, 6: 34, 7: 40, 8: 67, 9: 66, 10: 34, 11: 16, 12: 18, 13: 52, 14: 0, 15: 21}
2026-06-05 15:48:06 [INFO] 面积统计：{0: 3092940.0, 1: 773388.0, 2: 57204.0, 3: 154692.0, 4: 152604.0, 5: 110952.0, 6: 538920.0, 7: 42192.0, 8: 1027404.0, 9: 350352.0, 10: 168516.0, 11: 374904.0, 12: 60948.0, 13: 649368.0, 14: 180.0, 15: 59184.0}
2026-06-05 15:48:06 [INFO] 分割成功
2026-06-05 15:48:06 [INFO] 引擎上下文已释放
2026-06-05 15:48:06 [INFO] TensorRT 引擎已释放
2026-06-05 15:48:06 [INFO] 全局 CUDA 资源已释放
2026-06-05 15:48:06 [INFO] 分割系统资源已释放
2026-06-05 15:48:10 [INFO] CUDA 初始化成功
2026-06-05 15:48:10 [INFO] 引擎加载成功: scrap_steel.engine
2026-06-05 15:48:10 [INFO] 分割系统初始化成功
2026-06-05 15:48:10 [INFO] 图像预处理完成，原始尺寸: (2160, 3840)
2026-06-05 15:48:10 [INFO] 开始执行分割...
2026-06-05 15:48:11 [DEBUG] 处理后的检测结果形状: (1, 8400, 6)
2026-06-05 15:48:11 [DEBUG] 示例检测结果: [[-4.18616867e+00 -3.20340204e+00  3.90126228e+01  1.48234005e+01
   3.57041294e-08  5.00000000e+00]
 [-6.80277252e+00 -3.04948807e+00  4.46971283e+01  2.87802162e+01
   8.46030446e-09  9.00000000e+00]
 [-3.66456985e+00 -3.41842365e+00  4.58983879e+01  2.95875664e+01
   3.92500432e-09  9.00000000e+00]]
2026-06-05 15:48:11 [DEBUG] 处理后检测输出形状: (0, 52)
2026-06-05 15:48:11 [DEBUG] 有效检测数量: 0
2026-06-05 15:48:11 [DEBUG] 检测输出为空
2026-06-05 15:48:11 [INFO] 掩码中检测到的类别: [0, 1, 2, 3, 4, 5, 6, 7, 8, 9, 10, 11, 12, 13, 14, 15]
2026-06-05 15:48:11 [INFO] 分割完成，检测到 0 个物体
2026-06-05 15:48:11 [INFO] 从分割掩码中提取检测结果
2026-06-05 15:48:11 [INFO] 从掩码中提取了 562 个检测框
2026-06-05 15:48:11 [INFO] 计算出的车框矩形边界: (1094, 660) to (3275, 1640)
2026-06-05 15:48:11 [INFO] 原始检测数: 562, 过滤后检测数: 259
2026-06-05 15:48:11 [INFO] 保存分割和检测结果到: C:\code\show\Scrap_Steel_In_Field\photos\segmentation\segment_20260605_154811.jpg
2026-06-05 15:48:11 [INFO] JSON结果保存到: C:\code\show\Scrap_Steel_In_Field\photos\segmentation_result.json
2026-06-05 15:48:11 [INFO] 类别统计：{0: 75, 1: 41, 2: 28, 3: 12, 4: 36, 5: 29, 6: 38, 7: 39, 8: 64, 9: 60, 10: 30, 11: 16, 12: 22, 13: 48, 14: 0, 15: 24}
2026-06-05 15:48:11 [INFO] 面积统计：{0: 3054744.0, 1: 825840.0, 2: 50832.0, 3: 152964.0, 4: 148032.0, 5: 105012.0, 6: 559080.0, 7: 50868.0, 8: 1005516.0, 9: 378720.0, 10: 164016.0, 11: 375084.0, 12: 60696.0, 13: 646884.0, 14: 180.0, 15: 71892.0}
2026-06-05 15:48:11 [INFO] 分割成功
2026-06-05 15:48:11 [INFO] 引擎上下文已释放
2026-06-05 15:48:11 [INFO] TensorRT 引擎已释放
2026-06-05 15:48:11 [INFO] 全局 CUDA 资源已释放
2026-06-05 15:48:11 [INFO] 分割系统资源已释放
2026-06-05 15:48:15 [INFO] CUDA 初始化成功
2026-06-05 15:48:15 [INFO] 引擎加载成功: scrap_steel.engine
2026-06-05 15:48:15 [INFO] 分割系统初始化成功
2026-06-05 15:48:15 [INFO] 图像预处理完成，原始尺寸: (2160, 3840)
2026-06-05 15:48:15 [INFO] 开始执行分割...
2026-06-05 15:48:15 [DEBUG] 处理后的检测结果形状: (1, 8400, 6)
2026-06-05 15:48:15 [DEBUG] 示例检测结果: [[-4.15530777e+00 -3.17035818e+00  3.89685478e+01  1.46597614e+01
   3.51497711e-08  5.00000000e+00]
 [-6.71682739e+00 -2.98946190e+00  4.46560669e+01  2.85505810e+01
   8.40560421e-09  9.00000000e+00]
 [-3.64798737e+00 -3.36526108e+00  4.58681259e+01  2.94892311e+01
   3.89256627e-09  9.00000000e+00]]
2026-06-05 15:48:15 [DEBUG] 处理后检测输出形状: (0, 52)
2026-06-05 15:48:15 [DEBUG] 有效检测数量: 0
2026-06-05 15:48:15 [DEBUG] 检测输出为空
2026-06-05 15:48:15 [INFO] 掩码中检测到的类别: [0, 1, 2, 3, 4, 5, 6, 7, 8, 9, 10, 11, 12, 13, 14, 15]
2026-06-05 15:48:15 [INFO] 分割完成，检测到 0 个物体
2026-06-05 15:48:15 [INFO] 从分割掩码中提取检测结果
2026-06-05 15:48:15 [INFO] 从掩码中提取了 578 个检测框
2026-06-05 15:48:16 [INFO] 计算出的车框矩形边界: (1095, 661) to (3273, 1642)
2026-06-05 15:48:16 [INFO] 原始检测数: 578, 过滤后检测数: 253
2026-06-05 15:48:16 [INFO] 保存分割和检测结果到: C:\code\show\Scrap_Steel_In_Field\photos\segmentation\segment_20260605_154815.jpg
2026-06-05 15:48:16 [INFO] JSON结果保存到: C:\code\show\Scrap_Steel_In_Field\photos\segmentation_result.json
2026-06-05 15:48:16 [INFO] 类别统计：{0: 76, 1: 47, 2: 26, 3: 9, 4: 43, 5: 34, 6: 35, 7: 38, 8: 62, 9: 53, 10: 31, 11: 18, 12: 23, 13: 51, 14: 0, 15: 32}
2026-06-05 15:48:16 [INFO] 面积统计：{0: 3098988.0, 1: 775476.0, 2: 55872.0, 3: 169776.0, 4: 157896.0, 5: 105012.0, 6: 520632.0, 7: 52956.0, 8: 1013112.0, 9: 354060.0, 10: 165672.0, 11: 372780.0, 12: 56664.0, 13: 644652.0, 14: 216.0, 15: 84456.0}
2026-06-05 15:48:16 [INFO] 分割成功
2026-06-05 15:48:16 [INFO] 引擎上下文已释放
2026-06-05 15:48:16 [INFO] TensorRT 引擎已释放
2026-06-05 15:48:16 [INFO] 全局 CUDA 资源已释放
2026-06-05 15:48:16 [INFO] 分割系统资源已释放
2026-06-05 15:48:20 [INFO] CUDA 初始化成功
2026-06-05 15:48:20 [INFO] 引擎加载成功: scrap_steel.engine
2026-06-05 15:48:20 [INFO] 分割系统初始化成功
2026-06-05 15:48:20 [INFO] 图像预处理完成，原始尺寸: (2160, 3840)
2026-06-05 15:48:20 [INFO] 开始执行分割...
2026-06-05 15:48:20 [DEBUG] 处理后的检测结果形状: (1, 8400, 6)
2026-06-05 15:48:20 [DEBUG] 示例检测结果: [[-4.12384796e+00 -3.17021656e+00  3.89701462e+01  1.47110338e+01
   3.54253302e-08  5.00000000e+00]
 [-6.68627167e+00 -3.00317192e+00  4.46426926e+01  2.86492176e+01
   8.59382965e-09  9.00000000e+00]
 [-3.64964676e+00 -3.40749741e+00  4.59083214e+01  2.95925179e+01
   3.95353084e-09  9.00000000e+00]]
2026-06-05 15:48:20 [DEBUG] 处理后检测输出形状: (0, 52)
2026-06-05 15:48:20 [DEBUG] 有效检测数量: 0
2026-06-05 15:48:20 [DEBUG] 检测输出为空
2026-06-05 15:48:20 [INFO] 掩码中检测到的类别: [0, 1, 2, 3, 4, 5, 6, 7, 8, 9, 10, 11, 12, 13, 14, 15]
2026-06-05 15:48:20 [INFO] 分割完成，检测到 0 个物体
2026-06-05 15:48:20 [INFO] 从分割掩码中提取检测结果
2026-06-05 15:48:21 [INFO] 从掩码中提取了 574 个检测框
2026-06-05 15:48:21 [INFO] 计算出的车框矩形边界: (1094, 661) to (3278, 1641)
2026-06-05 15:48:21 [INFO] 原始检测数: 574, 过滤后检测数: 259
2026-06-05 15:48:21 [INFO] 保存分割和检测结果到: C:\code\show\Scrap_Steel_In_Field\photos\segmentation\segment_20260605_154821.jpg
2026-06-05 15:48:21 [INFO] JSON结果保存到: C:\code\show\Scrap_Steel_In_Field\photos\segmentation_result.json
2026-06-05 15:48:21 [INFO] 类别统计：{0: 62, 1: 48, 2: 29, 3: 9, 4: 41, 5: 39, 6: 37, 7: 42, 8: 58, 9: 63, 10: 30, 11: 20, 12: 23, 13: 45, 14: 0, 15: 28}
2026-06-05 15:48:21 [INFO] 面积统计：{0: 2979468.0, 1: 795348.0, 2: 50076.0, 3: 158760.0, 4: 151488.0, 5: 104400.0, 6: 535752.0, 7: 51300.0, 8: 1020636.0, 9: 337284.0, 10: 169488.0, 11: 383724.0, 12: 49500.0, 13: 637560.0, 14: 144.0, 15: 75672.0}
2026-06-05 15:48:21 [INFO] 分割成功
2026-06-05 15:48:21 [INFO] 引擎上下文已释放
2026-06-05 15:48:21 [INFO] TensorRT 引擎已释放
2026-06-05 15:48:21 [INFO] 全局 CUDA 资源已释放
2026-06-05 15:48:21 [INFO] 分割系统资源已释放
2026-06-05 15:48:25 [INFO] CUDA 初始化成功
2026-06-05 15:48:25 [INFO] 引擎加载成功: scrap_steel.engine
2026-06-05 15:48:25 [INFO] 分割系统初始化成功
2026-06-05 15:48:25 [INFO] 图像预处理完成，原始尺寸: (2160, 3840)
2026-06-05 15:48:25 [INFO] 开始执行分割...
2026-06-05 15:48:26 [DEBUG] 处理后的检测结果形状: (1, 8400, 6)
2026-06-05 15:48:26 [DEBUG] 示例检测结果: [[-4.15504456e+00 -3.19487476e+00  3.89967880e+01  1.47561674e+01
   3.51535725e-08  5.00000000e+00]
 [-6.71411896e+00 -3.04979706e+00  4.46639252e+01  2.87528076e+01
   8.47193515e-09  9.00000000e+00]
 [-3.64462662e+00 -3.41116524e+00  4.58917542e+01  2.95571728e+01
   3.92304855e-09  9.00000000e+00]]
2026-06-05 15:48:26 [DEBUG] 处理后检测输出形状: (0, 52)
2026-06-05 15:48:26 [DEBUG] 有效检测数量: 0
2026-06-05 15:48:26 [DEBUG] 检测输出为空
2026-06-05 15:48:26 [INFO] 掩码中检测到的类别: [0, 1, 2, 3, 4, 5, 6, 7, 8, 9, 10, 11, 12, 13, 14, 15]
2026-06-05 15:48:26 [INFO] 分割完成，检测到 0 个物体
2026-06-05 15:48:26 [INFO] 从分割掩码中提取检测结果
2026-06-05 15:48:26 [INFO] 从掩码中提取了 554 个检测框
2026-06-05 15:48:26 [INFO] 计算出的车框矩形边界: (1095, 660) to (3275, 1641)
2026-06-05 15:48:26 [INFO] 原始检测数: 554, 过滤后检测数: 255
2026-06-05 15:48:26 [INFO] 保存分割和检测结果到: C:\code\show\Scrap_Steel_In_Field\photos\segmentation\segment_20260605_154826.jpg
2026-06-05 15:48:26 [INFO] JSON结果保存到: C:\code\show\Scrap_Steel_In_Field\photos\segmentation_result.json
2026-06-05 15:48:26 [INFO] 类别统计：{0: 62, 1: 55, 2: 30, 3: 8, 4: 36, 5: 34, 6: 29, 7: 42, 8: 58, 9: 58, 10: 32, 11: 19, 12: 23, 13: 45, 14: 0, 15: 23}
2026-06-05 15:48:26 [INFO] 面积统计：{0: 3027600.0, 1: 799020.0, 2: 55152.0, 3: 170928.0, 4: 148932.0, 5: 91548.0, 6: 532332.0, 7: 43704.0, 8: 1016316.0, 9: 361152.0, 10: 162108.0, 11: 376452.0, 12: 85500.0, 13: 639000.0, 14: 144.0, 15: 109908.0}
2026-06-05 15:48:26 [INFO] 分割成功
2026-06-05 15:48:26 [INFO] 引擎上下文已释放
2026-06-05 15:48:26 [INFO] TensorRT 引擎已释放
2026-06-05 15:48:26 [INFO] 全局 CUDA 资源已释放
2026-06-05 15:48:26 [INFO] 分割系统资源已释放
2026-06-05 15:48:30 [INFO] CUDA 初始化成功
2026-06-05 15:48:31 [INFO] 引擎加载成功: scrap_steel.engine
2026-06-05 15:48:31 [INFO] 分割系统初始化成功
2026-06-05 15:48:31 [INFO] 图像预处理完成，原始尺寸: (2160, 3840)
2026-06-05 15:48:31 [INFO] 开始执行分割...
2026-06-05 15:48:31 [DEBUG] 处理后的检测结果形状: (1, 8400, 6)
2026-06-05 15:48:31 [DEBUG] 示例检测结果: [[-4.18936920e+00 -3.18446875e+00  3.88740120e+01  1.47297039e+01
   3.44947892e-08  5.00000000e+00]
 [-6.75008011e+00 -3.02610207e+00  4.45329018e+01  2.86108418e+01
   8.32491676e-09  9.00000000e+00]
 [-3.65883255e+00 -3.39604664e+00  4.58354607e+01  2.94215355e+01
   3.87401045e-09  9.00000000e+00]]
2026-06-05 15:48:31 [DEBUG] 处理后检测输出形状: (0, 52)
2026-06-05 15:48:31 [DEBUG] 有效检测数量: 0
2026-06-05 15:48:31 [DEBUG] 检测输出为空
2026-06-05 15:48:31 [INFO] 掩码中检测到的类别: [0, 1, 2, 3, 4, 5, 6, 7, 8, 9, 10, 11, 12, 13, 14, 15]
2026-06-05 15:48:31 [INFO] 分割完成，检测到 0 个物体
2026-06-05 15:48:31 [INFO] 从分割掩码中提取检测结果
2026-06-05 15:48:31 [INFO] 从掩码中提取了 555 个检测框
2026-06-05 15:48:31 [INFO] 计算出的车框矩形边界: (1095, 659) to (3274, 1640)
2026-06-05 15:48:31 [INFO] 原始检测数: 555, 过滤后检测数: 259
2026-06-05 15:48:32 [INFO] 保存分割和检测结果到: C:\code\show\Scrap_Steel_In_Field\photos\segmentation\segment_20260605_154831.jpg
2026-06-05 15:48:32 [INFO] JSON结果保存到: C:\code\show\Scrap_Steel_In_Field\photos\segmentation_result.json
2026-06-05 15:48:32 [INFO] 类别统计：{0: 62, 1: 50, 2: 26, 3: 11, 4: 43, 5: 39, 6: 32, 7: 39, 8: 55, 9: 55, 10: 33, 11: 15, 12: 23, 13: 48, 14: 0, 15: 24}
2026-06-05 15:48:32 [INFO] 面积统计：{0: 3049560.0, 1: 789012.0, 2: 52920.0, 3: 164412.0, 4: 166140.0, 5: 101304.0, 6: 546012.0, 7: 53064.0, 8: 1025136.0, 9: 334908.0, 10: 169200.0, 11: 363492.0, 12: 84096.0, 13: 639216.0, 14: 144.0, 15: 92268.0}
2026-06-05 15:48:32 [INFO] 分割成功
2026-06-05 15:48:32 [INFO] 引擎上下文已释放
2026-06-05 15:48:32 [INFO] TensorRT 引擎已释放
2026-06-05 15:48:32 [INFO] 全局 CUDA 资源已释放
2026-06-05 15:48:32 [INFO] 分割系统资源已释放
2026-06-05 15:48:36 [INFO] CUDA 初始化成功
2026-06-05 15:48:36 [INFO] 引擎加载成功: scrap_steel.engine
2026-06-05 15:48:36 [INFO] 分割系统初始化成功
2026-06-05 15:48:36 [INFO] 图像预处理完成，原始尺寸: (2160, 3840)
2026-06-05 15:48:36 [INFO] 开始执行分割...
2026-06-05 15:48:36 [DEBUG] 处理后的检测结果形状: (1, 8400, 6)
2026-06-05 15:48:36 [DEBUG] 示例检测结果: [[-4.18895721e+00 -3.18046856e+00  3.89282227e+01  1.48154535e+01
   3.51535725e-08  5.00000000e+00]
 [-6.76701736e+00 -3.05843353e+00  4.46243896e+01  2.87688198e+01
   8.40560421e-09  9.00000000e+00]
 [-3.66104126e+00 -3.40755272e+00  4.58586731e+01  2.95555820e+01
   3.90791399e-09  9.00000000e+00]]
2026-06-05 15:48:36 [DEBUG] 处理后检测输出形状: (0, 52)
2026-06-05 15:48:36 [DEBUG] 有效检测数量: 0
2026-06-05 15:48:36 [DEBUG] 检测输出为空
2026-06-05 15:48:36 [INFO] 掩码中检测到的类别: [0, 1, 2, 3, 4, 5, 6, 7, 8, 9, 10, 11, 12, 13, 14, 15]
2026-06-05 15:48:36 [INFO] 分割完成，检测到 0 个物体
2026-06-05 15:48:36 [INFO] 从分割掩码中提取检测结果
2026-06-05 15:48:36 [INFO] 从掩码中提取了 558 个检测框
2026-06-05 15:48:36 [INFO] 计算出的车框矩形边界: (1095, 662) to (3275, 1641)
2026-06-05 15:48:36 [INFO] 原始检测数: 558, 过滤后检测数: 241
2026-06-05 15:48:37 [INFO] 保存分割和检测结果到: C:\code\show\Scrap_Steel_In_Field\photos\segmentation\segment_20260605_154836.jpg
2026-06-05 15:48:37 [INFO] JSON结果保存到: C:\code\show\Scrap_Steel_In_Field\photos\segmentation_result.json
2026-06-05 15:48:37 [INFO] 类别统计：{0: 55, 1: 51, 2: 28, 3: 8, 4: 39, 5: 38, 6: 36, 7: 42, 8: 66, 9: 62, 10: 32, 11: 16, 12: 22, 13: 40, 14: 0, 15: 23}
2026-06-05 15:48:37 [INFO] 面积统计：{0: 3109140.0, 1: 749232.0, 2: 57168.0, 3: 153612.0, 4: 144864.0, 5: 99000.0, 6: 535824.0, 7: 51516.0, 8: 1007568.0, 9: 354744.0, 10: 164196.0, 11: 371376.0, 12: 80100.0, 13: 641844.0, 14: 216.0, 15: 87444.0}
2026-06-05 15:48:37 [INFO] 分割成功
2026-06-05 15:48:37 [INFO] 引擎上下文已释放
2026-06-05 15:48:37 [INFO] TensorRT 引擎已释放
2026-06-05 15:48:37 [INFO] 全局 CUDA 资源已释放
2026-06-05 15:48:37 [INFO] 分割系统资源已释放
2026-06-05 15:48:41 [INFO] CUDA 初始化成功
2026-06-05 15:48:41 [INFO] 引擎加载成功: scrap_steel.engine
2026-06-05 15:48:41 [INFO] 分割系统初始化成功
2026-06-05 15:48:41 [INFO] 图像预处理完成，原始尺寸: (2160, 3840)
2026-06-05 15:48:41 [INFO] 开始执行分割...
2026-06-05 15:48:41 [DEBUG] 处理后的检测结果形状: (1, 8400, 6)
2026-06-05 15:48:41 [DEBUG] 示例检测结果: [[-4.13849258e+00 -3.17594814e+00  3.90657463e+01  1.47648935e+01
   3.51535725e-08  5.00000000e+00]
 [-6.68297195e+00 -3.00546455e+00  4.47084999e+01  2.86788406e+01
   8.63424532e-09  9.00000000e+00]
 [-3.63243103e+00 -3.35715580e+00  4.59105301e+01  2.95719223e+01
   3.95574062e-09  9.00000000e+00]]
2026-06-05 15:48:41 [DEBUG] 处理后检测输出形状: (0, 52)
2026-06-05 15:48:41 [DEBUG] 有效检测数量: 0
2026-06-05 15:48:41 [DEBUG] 检测输出为空
2026-06-05 15:48:41 [INFO] 掩码中检测到的类别: [0, 1, 2, 3, 4, 5, 6, 7, 8, 9, 10, 11, 12, 13, 14, 15]
2026-06-05 15:48:41 [INFO] 分割完成，检测到 0 个物体
2026-06-05 15:48:41 [INFO] 从分割掩码中提取检测结果
2026-06-05 15:48:41 [INFO] 从掩码中提取了 566 个检测框
2026-06-05 15:48:41 [INFO] 计算出的车框矩形边界: (1095, 660) to (3275, 1637)
2026-06-05 15:48:41 [INFO] 原始检测数: 566, 过滤后检测数: 257
2026-06-05 15:48:42 [INFO] 保存分割和检测结果到: C:\code\show\Scrap_Steel_In_Field\photos\segmentation\segment_20260605_154841.jpg
2026-06-05 15:48:42 [INFO] JSON结果保存到: C:\code\show\Scrap_Steel_In_Field\photos\segmentation_result.json
2026-06-05 15:48:42 [INFO] 类别统计：{0: 52, 1: 52, 2: 30, 3: 11, 4: 44, 5: 32, 6: 37, 7: 42, 8: 55, 9: 55, 10: 35, 11: 20, 12: 22, 13: 51, 14: 0, 15: 28}
2026-06-05 15:48:42 [INFO] 面积统计：{0: 3047652.0, 1: 784728.0, 2: 49464.0, 3: 153936.0, 4: 165240.0, 5: 101088.0, 6: 541620.0, 7: 43236.0, 8: 1021104.0, 9: 350424.0, 10: 165636.0, 11: 378900.0, 12: 59400.0, 13: 645408.0, 14: 144.0, 15: 78480.0}
2026-06-05 15:48:42 [INFO] 分割成功
2026-06-05 15:48:42 [INFO] 引擎上下文已释放
2026-06-05 15:48:42 [INFO] TensorRT 引擎已释放
2026-06-05 15:48:42 [INFO] 全局 CUDA 资源已释放
2026-06-05 15:48:42 [INFO] 分割系统资源已释放
2026-06-05 15:48:46 [INFO] CUDA 初始化成功
2026-06-05 15:48:46 [INFO] 引擎加载成功: scrap_steel.engine
2026-06-05 15:48:46 [INFO] 分割系统初始化成功
2026-06-05 15:48:46 [INFO] 图像预处理完成，原始尺寸: (2160, 3840)
2026-06-05 15:48:46 [INFO] 开始执行分割...
2026-06-05 15:48:46 [DEBUG] 处理后的检测结果形状: (1, 8400, 6)
2026-06-05 15:48:46 [DEBUG] 示例检测结果: [[-4.15623474e+00 -3.17482519e+00  3.90002594e+01  1.47317982e+01
   3.52919045e-08  5.00000000e+00]
 [-6.74516678e+00 -3.02591133e+00  4.46092224e+01  2.85627422e+01
   8.50510062e-09  9.00000000e+00]
 [-3.68354797e+00 -3.40648746e+00  4.58459167e+01  2.94508057e+01
   3.95297839e-09  9.00000000e+00]]
2026-06-05 15:48:46 [DEBUG] 处理后检测输出形状: (0, 52)
2026-06-05 15:48:46 [DEBUG] 有效检测数量: 0
2026-06-05 15:48:46 [DEBUG] 检测输出为空
2026-06-05 15:48:46 [INFO] 掩码中检测到的类别: [0, 1, 2, 3, 4, 5, 6, 7, 8, 9, 10, 11, 12, 13, 14, 15]
2026-06-05 15:48:46 [INFO] 分割完成，检测到 0 个物体
2026-06-05 15:48:46 [INFO] 从分割掩码中提取检测结果
2026-06-05 15:48:46 [INFO] 从掩码中提取了 548 个检测框
2026-06-05 15:48:46 [INFO] 计算出的车框矩形边界: (1095, 660) to (3275, 1640)
2026-06-05 15:48:46 [INFO] 原始检测数: 548, 过滤后检测数: 251
2026-06-05 15:48:47 [INFO] 保存分割和检测结果到: C:\code\show\Scrap_Steel_In_Field\photos\segmentation\segment_20260605_154846.jpg
2026-06-05 15:48:47 [INFO] JSON结果保存到: C:\code\show\Scrap_Steel_In_Field\photos\segmentation_result.json
2026-06-05 15:48:47 [INFO] 类别统计：{0: 50, 1: 44, 2: 31, 3: 9, 4: 40, 5: 37, 6: 29, 7: 37, 8: 64, 9: 54, 10: 32, 11: 19, 12: 22, 13: 51, 14: 0, 15: 29}
2026-06-05 15:48:47 [INFO] 面积统计：{0: 3132360.0, 1: 772668.0, 2: 55224.0, 3: 154548.0, 4: 137484.0, 5: 105084.0, 6: 525744.0, 7: 43668.0, 8: 1020168.0, 9: 323856.0, 10: 167040.0, 11: 367632.0, 12: 57096.0, 13: 641916.0, 14: 72.0, 15: 86472.0}
2026-06-05 15:48:47 [INFO] 分割成功
2026-06-05 15:48:47 [INFO] 引擎上下文已释放
2026-06-05 15:48:47 [INFO] TensorRT 引擎已释放
2026-06-05 15:48:47 [INFO] 全局 CUDA 资源已释放
2026-06-05 15:48:47 [INFO] 分割系统资源已释放
2026-06-05 15:48:51 [INFO] CUDA 初始化成功
2026-06-05 15:48:51 [INFO] 引擎加载成功: scrap_steel.engine
2026-06-05 15:48:51 [INFO] 分割系统初始化成功
2026-06-05 15:48:51 [INFO] 图像预处理完成，原始尺寸: (2160, 3840)
2026-06-05 15:48:51 [INFO] 开始执行分割...
2026-06-05 15:48:51 [DEBUG] 处理后的检测结果形状: (1, 8400, 6)
2026-06-05 15:48:51 [DEBUG] 示例检测结果: [[-4.18268204e+00 -3.19473648e+00  3.91262627e+01  1.48149757e+01
   3.48801308e-08  5.00000000e+00]
 [-6.76409149e+00 -3.04114723e+00  4.47249908e+01  2.86137314e+01
   8.57184101e-09  9.00000000e+00]
 [-3.66837692e+00 -3.38448143e+00  4.58662872e+01  2.93343678e+01
   3.95353084e-09  9.00000000e+00]]
2026-06-05 15:48:51 [DEBUG] 处理后检测输出形状: (0, 52)
2026-06-05 15:48:51 [DEBUG] 有效检测数量: 0
2026-06-05 15:48:51 [DEBUG] 检测输出为空
2026-06-05 15:48:51 [INFO] 掩码中检测到的类别: [0, 1, 2, 3, 4, 5, 6, 7, 8, 9, 10, 11, 12, 13, 14, 15]
2026-06-05 15:48:51 [INFO] 分割完成，检测到 0 个物体
2026-06-05 15:48:51 [INFO] 从分割掩码中提取检测结果
2026-06-05 15:48:51 [INFO] 从掩码中提取了 568 个检测框
2026-06-05 15:48:51 [INFO] 计算出的车框矩形边界: (1094, 661) to (3274, 1641)
2026-06-05 15:48:51 [INFO] 原始检测数: 568, 过滤后检测数: 252
2026-06-05 15:48:52 [INFO] 保存分割和检测结果到: C:\code\show\Scrap_Steel_In_Field\photos\segmentation\segment_20260605_154851.jpg
2026-06-05 15:48:52 [INFO] JSON结果保存到: C:\code\show\Scrap_Steel_In_Field\photos\segmentation_result.json
2026-06-05 15:48:52 [INFO] 类别统计：{0: 59, 1: 50, 2: 27, 3: 9, 4: 38, 5: 38, 6: 36, 7: 37, 8: 66, 9: 59, 10: 32, 11: 18, 12: 17, 13: 51, 14: 0, 15: 31}
2026-06-05 15:48:52 [INFO] 面积统计：{0: 3045240.0, 1: 788328.0, 2: 59076.0, 3: 157212.0, 4: 161352.0, 5: 111924.0, 6: 535608.0, 7: 51696.0, 8: 1018188.0, 9: 329436.0, 10: 163764.0, 11: 368388.0, 12: 67716.0, 13: 645804.0, 14: 180.0, 15: 71640.0}
2026-06-05 15:48:52 [INFO] 分割成功
2026-06-05 15:48:52 [INFO] 引擎上下文已释放
2026-06-05 15:48:52 [INFO] TensorRT 引擎已释放
2026-06-05 15:48:52 [INFO] 全局 CUDA 资源已释放
2026-06-05 15:48:52 [INFO] 分割系统资源已释放
2026-06-05 15:48:56 [INFO] CUDA 初始化成功
2026-06-05 15:48:56 [INFO] 引擎加载成功: scrap_steel.engine
2026-06-05 15:48:56 [INFO] 分割系统初始化成功
2026-06-05 15:48:56 [INFO] 图像预处理完成，原始尺寸: (2160, 3840)
2026-06-05 15:48:56 [INFO] 开始执行分割...
2026-06-05 15:48:56 [DEBUG] 处理后的检测结果形状: (1, 8400, 6)
2026-06-05 15:48:56 [DEBUG] 示例检测结果: [[-4.15312958e+00 -3.16029263e+00  3.90361710e+01  1.46468515e+01
   3.46297497e-08  5.00000000e+00]
 [-6.71599579e+00 -3.00077629e+00  4.47572365e+01  2.86746597e+01
   8.46418136e-09  9.00000000e+00]
 [-3.67473602e+00 -3.36818123e+00  4.59513016e+01  2.95746899e+01
   3.95297839e-09  9.00000000e+00]]
2026-06-05 15:48:56 [DEBUG] 处理后检测输出形状: (0, 52)
2026-06-05 15:48:56 [DEBUG] 有效检测数量: 0
2026-06-05 15:48:56 [DEBUG] 检测输出为空
2026-06-05 15:48:56 [INFO] 掩码中检测到的类别: [0, 1, 2, 3, 4, 5, 6, 7, 8, 9, 10, 11, 12, 13, 14, 15]
2026-06-05 15:48:56 [INFO] 分割完成，检测到 0 个物体
2026-06-05 15:48:56 [INFO] 从分割掩码中提取检测结果
2026-06-05 15:48:57 [INFO] 从掩码中提取了 530 个检测框
2026-06-05 15:48:57 [INFO] 计算出的车框矩形边界: (1095, 661) to (3275, 1641)
2026-06-05 15:48:57 [INFO] 原始检测数: 530, 过滤后检测数: 254
2026-06-05 15:48:57 [INFO] 保存分割和检测结果到: C:\code\show\Scrap_Steel_In_Field\photos\segmentation\segment_20260605_154857.jpg
2026-06-05 15:48:57 [INFO] JSON结果保存到: C:\code\show\Scrap_Steel_In_Field\photos\segmentation_result.json
2026-06-05 15:48:57 [INFO] 类别统计：{0: 52, 1: 51, 2: 28, 3: 7, 4: 39, 5: 34, 6: 30, 7: 41, 8: 61, 9: 53, 10: 29, 11: 17, 12: 20, 13: 43, 14: 0, 15: 25}
2026-06-05 15:48:57 [INFO] 面积统计：{0: 3020004.0, 1: 810396.0, 2: 47088.0, 3: 160884.0, 4: 150876.0, 5: 94464.0, 6: 536040.0, 7: 50400.0, 8: 984024.0, 9: 359352.0, 10: 166824.0, 11: 374580.0, 12: 76212.0, 13: 645804.0, 14: 252.0, 15: 127836.0}
2026-06-05 15:48:57 [INFO] 分割成功
2026-06-05 15:48:57 [INFO] 引擎上下文已释放
2026-06-05 15:48:57 [INFO] TensorRT 引擎已释放
2026-06-05 15:48:57 [INFO] 全局 CUDA 资源已释放
2026-06-05 15:48:57 [INFO] 分割系统资源已释放
2026-06-05 15:49:01 [INFO] CUDA 初始化成功
2026-06-05 15:49:01 [INFO] 引擎加载成功: scrap_steel.engine
2026-06-05 15:49:01 [INFO] 分割系统初始化成功
2026-06-05 15:49:01 [INFO] 图像预处理完成，原始尺寸: (2160, 3840)
2026-06-05 15:49:01 [INFO] 开始执行分割...
2026-06-05 15:49:01 [DEBUG] 处理后的检测结果形状: (1, 8400, 6)
2026-06-05 15:49:01 [DEBUG] 示例检测结果: [[-4.18395615e+00 -3.18480301e+00  3.89548073e+01  1.46775646e+01
   3.46297497e-08  5.00000000e+00]
 [-6.76181412e+00 -3.01408958e+00  4.46876259e+01  2.86077480e+01
   8.46418136e-09  9.00000000e+00]
 [-3.67107773e+00 -3.38115883e+00  4.58638077e+01  2.94148617e+01
   3.93705779e-09  9.00000000e+00]]
2026-06-05 15:49:01 [DEBUG] 处理后检测输出形状: (0, 52)
2026-06-05 15:49:01 [DEBUG] 有效检测数量: 0
2026-06-05 15:49:01 [DEBUG] 检测输出为空
2026-06-05 15:49:01 [INFO] 掩码中检测到的类别: [0, 1, 2, 3, 4, 5, 6, 7, 8, 9, 10, 11, 12, 13, 14, 15]
2026-06-05 15:49:01 [INFO] 分割完成，检测到 0 个物体
2026-06-05 15:49:01 [INFO] 从分割掩码中提取检测结果
2026-06-05 15:49:02 [INFO] 从掩码中提取了 540 个检测框
2026-06-05 15:49:02 [INFO] 计算出的车框矩形边界: (1095, 658) to (3275, 1640)
2026-06-05 15:49:02 [INFO] 原始检测数: 540, 过滤后检测数: 238
2026-06-05 15:49:02 [INFO] 保存分割和检测结果到: C:\code\show\Scrap_Steel_In_Field\photos\segmentation\segment_20260605_154902.jpg
2026-06-05 15:49:02 [INFO] JSON结果保存到: C:\code\show\Scrap_Steel_In_Field\photos\segmentation_result.json
2026-06-05 15:49:02 [INFO] 类别统计：{0: 55, 1: 48, 2: 30, 3: 11, 4: 37, 5: 33, 6: 38, 7: 32, 8: 61, 9: 54, 10: 29, 11: 14, 12: 20, 13: 49, 14: 0, 15: 29}
2026-06-05 15:49:02 [INFO] 面积统计：{0: 3081060.0, 1: 780984.0, 2: 55368.0, 3: 151236.0, 4: 151128.0, 5: 94464.0, 6: 522720.0, 7: 48780.0, 8: 1036080.0, 9: 322056.0, 10: 166680.0, 11: 384012.0, 12: 62028.0, 13: 653436.0, 14: 216.0, 15: 92376.0}
2026-06-05 15:49:02 [INFO] 分割成功
2026-06-05 15:49:02 [INFO] 引擎上下文已释放
2026-06-05 15:49:02 [INFO] TensorRT 引擎已释放
2026-06-05 15:49:02 [INFO] 全局 CUDA 资源已释放
2026-06-05 15:49:02 [INFO] 分割系统资源已释放
2026-06-05 15:49:06 [INFO] CUDA 初始化成功
2026-06-05 15:49:06 [INFO] 引擎加载成功: scrap_steel.engine
2026-06-05 15:49:06 [INFO] 分割系统初始化成功
2026-06-05 15:49:06 [INFO] 图像预处理完成，原始尺寸: (2160, 3840)
2026-06-05 15:49:06 [INFO] 开始执行分割...
2026-06-05 15:49:06 [DEBUG] 处理后的检测结果形状: (1, 8400, 6)
2026-06-05 15:49:06 [DEBUG] 示例检测结果: [[-4.13801575e+00 -3.17910194e+00  3.90857620e+01  1.47166634e+01
   3.54253302e-08  5.00000000e+00]
 [-6.71898651e+00 -2.98613739e+00  4.47796555e+01  2.87679367e+01
   8.66791439e-09  9.00000000e+00]
 [-3.64786911e+00 -3.36294556e+00  4.59191437e+01  2.96236115e+01
   4.00259736e-09  9.00000000e+00]]
2026-06-05 15:49:06 [DEBUG] 处理后检测输出形状: (0, 52)
2026-06-05 15:49:06 [DEBUG] 有效检测数量: 0
2026-06-05 15:49:06 [DEBUG] 检测输出为空
2026-06-05 15:49:06 [INFO] 掩码中检测到的类别: [0, 1, 2, 3, 4, 5, 6, 7, 8, 9, 10, 11, 12, 13, 14, 15]
2026-06-05 15:49:06 [INFO] 分割完成，检测到 0 个物体
2026-06-05 15:49:06 [INFO] 从分割掩码中提取检测结果
2026-06-05 15:49:07 [INFO] 从掩码中提取了 545 个检测框
2026-06-05 15:49:07 [INFO] 计算出的车框矩形边界: (1095, 661) to (3273, 1642)
2026-06-05 15:49:07 [INFO] 原始检测数: 545, 过滤后检测数: 248
2026-06-05 15:49:07 [INFO] 保存分割和检测结果到: C:\code\show\Scrap_Steel_In_Field\photos\segmentation\segment_20260605_154907.jpg
2026-06-05 15:49:07 [INFO] JSON结果保存到: C:\code\show\Scrap_Steel_In_Field\photos\segmentation_result.json
2026-06-05 15:49:07 [INFO] 类别统计：{0: 58, 1: 52, 2: 30, 3: 10, 4: 41, 5: 31, 6: 32, 7: 39, 8: 51, 9: 57, 10: 32, 11: 14, 12: 24, 13: 48, 14: 0, 15: 26}
2026-06-05 15:49:07 [INFO] 面积统计：{0: 3059352.0, 1: 805428.0, 2: 51948.0, 3: 155196.0, 4: 140940.0, 5: 105012.0, 6: 539568.0, 7: 47232.0, 8: 1026144.0, 9: 350892.0, 10: 169524.0, 11: 366120.0, 12: 57816.0, 13: 644940.0, 14: 108.0, 15: 114048.0}
2026-06-05 15:49:07 [INFO] 分割成功
2026-06-05 15:49:07 [INFO] 引擎上下文已释放
2026-06-05 15:49:07 [INFO] TensorRT 引擎已释放
2026-06-05 15:49:07 [INFO] 全局 CUDA 资源已释放
2026-06-05 15:49:07 [INFO] 分割系统资源已释放
2026-06-05 15:49:11 [INFO] CUDA 初始化成功
2026-06-05 15:49:11 [INFO] 引擎加载成功: scrap_steel.engine
2026-06-05 15:49:11 [INFO] 分割系统初始化成功
2026-06-05 15:49:11 [INFO] 图像预处理完成，原始尺寸: (2160, 3840)
2026-06-05 15:49:11 [INFO] 开始执行分割...
2026-06-05 15:49:11 [DEBUG] 处理后的检测结果形状: (1, 8400, 6)
2026-06-05 15:49:11 [DEBUG] 示例检测结果: [[-4.13718796e+00 -3.17502308e+00  3.90817032e+01  1.46830587e+01
   3.59780223e-08  5.00000000e+00]
 [-6.74184799e+00 -3.02729034e+00  4.47378426e+01  2.86607552e+01
   8.66791439e-09  9.00000000e+00]
 [-3.67918015e+00 -3.42236710e+00  4.59279404e+01  2.95335960e+01
   4.05128020e-09  9.00000000e+00]]
2026-06-05 15:49:11 [DEBUG] 处理后检测输出形状: (0, 52)
2026-06-05 15:49:11 [DEBUG] 有效检测数量: 0
2026-06-05 15:49:11 [DEBUG] 检测输出为空
2026-06-05 15:49:11 [INFO] 掩码中检测到的类别: [0, 1, 2, 3, 4, 5, 6, 7, 8, 9, 10, 11, 12, 13, 15]
2026-06-05 15:49:12 [INFO] 分割完成，检测到 0 个物体
2026-06-05 15:49:12 [INFO] 从分割掩码中提取检测结果
2026-06-05 15:49:12 [INFO] 从掩码中提取了 562 个检测框
2026-06-05 15:49:12 [INFO] 计算出的车框矩形边界: (1095, 658) to (3275, 1641)
2026-06-05 15:49:12 [INFO] 原始检测数: 562, 过滤后检测数: 249
2026-06-05 15:49:12 [INFO] 保存分割和检测结果到: C:\code\show\Scrap_Steel_In_Field\photos\segmentation\segment_20260605_154912.jpg
2026-06-05 15:49:12 [INFO] JSON结果保存到: C:\code\show\Scrap_Steel_In_Field\photos\segmentation_result.json
2026-06-05 15:49:12 [INFO] 类别统计：{0: 55, 1: 52, 2: 26, 3: 7, 4: 33, 5: 38, 6: 32, 7: 39, 8: 63, 9: 53, 10: 36, 11: 21, 12: 25, 13: 56, 14: 0, 15: 26}
2026-06-05 15:49:12 [INFO] 面积统计：{0: 3064896.0, 1: 774324.0, 2: 56412.0, 3: 158400.0, 4: 138708.0, 5: 104544.0, 6: 522108.0, 7: 46620.0, 8: 1015668.0, 9: 336528.0, 10: 160596.0, 11: 366516.0, 12: 71784.0, 13: 661032.0, 15: 93672.0}
2026-06-05 15:49:12 [INFO] 分割成功
2026-06-05 15:49:12 [INFO] 引擎上下文已释放
2026-06-05 15:49:12 [INFO] TensorRT 引擎已释放
2026-06-05 15:49:12 [INFO] 全局 CUDA 资源已释放
2026-06-05 15:49:12 [INFO] 分割系统资源已释放
2026-06-05 15:49:16 [INFO] CUDA 初始化成功
2026-06-05 15:49:16 [INFO] 引擎加载成功: scrap_steel.engine
2026-06-05 15:49:16 [INFO] 分割系统初始化成功
2026-06-05 15:49:17 [INFO] 图像预处理完成，原始尺寸: (2160, 3840)
2026-06-05 15:49:17 [INFO] 开始执行分割...
2026-06-05 15:49:17 [DEBUG] 处理后的检测结果形状: (1, 8400, 6)
2026-06-05 15:49:17 [DEBUG] 示例检测结果: [[-4.13972855e+00 -3.16248131e+00  3.89610138e+01  1.46479073e+01
   3.43601059e-08  5.00000000e+00]
 [-6.73999786e+00 -3.00459290e+00  4.46974564e+01  2.85017433e+01
   8.45608117e-09  9.00000000e+00]
 [-3.67087173e+00 -3.38277626e+00  4.59352493e+01  2.94766636e+01
   3.93505495e-09  9.00000000e+00]]
2026-06-05 15:49:17 [DEBUG] 处理后检测输出形状: (0, 52)
2026-06-05 15:49:17 [DEBUG] 有效检测数量: 0
2026-06-05 15:49:17 [DEBUG] 检测输出为空
2026-06-05 15:49:17 [INFO] 掩码中检测到的类别: [0, 1, 2, 3, 4, 5, 6, 7, 8, 9, 10, 11, 12, 13, 14, 15]
2026-06-05 15:49:17 [INFO] 分割完成，检测到 0 个物体
2026-06-05 15:49:17 [INFO] 从分割掩码中提取检测结果
2026-06-05 15:49:17 [INFO] 从掩码中提取了 541 个检测框
2026-06-05 15:49:17 [INFO] 计算出的车框矩形边界: (1095, 658) to (3274, 1640)
2026-06-05 15:49:17 [INFO] 原始检测数: 541, 过滤后检测数: 256
2026-06-05 15:49:17 [INFO] 保存分割和检测结果到: C:\code\show\Scrap_Steel_In_Field\photos\segmentation\segment_20260605_154917.jpg
2026-06-05 15:49:17 [INFO] JSON结果保存到: C:\code\show\Scrap_Steel_In_Field\photos\segmentation_result.json
2026-06-05 15:49:17 [INFO] 类别统计：{0: 61, 1: 46, 2: 27, 3: 10, 4: 39, 5: 36, 6: 34, 7: 37, 8: 52, 9: 51, 10: 31, 11: 15, 12: 23, 13: 51, 14: 0, 15: 28}
2026-06-05 15:49:17 [INFO] 面积统计：{0: 3053592.0, 1: 780480.0, 2: 53460.0, 3: 153252.0, 4: 149724.0, 5: 106308.0, 6: 530532.0, 7: 44100.0, 8: 1017792.0, 9: 347508.0, 10: 166572.0, 11: 392796.0, 12: 56988.0, 13: 642456.0, 14: 108.0, 15: 95616.0}
2026-06-05 15:49:17 [INFO] 分割成功
2026-06-05 15:49:17 [INFO] 引擎上下文已释放
2026-06-05 15:49:17 [INFO] TensorRT 引擎已释放
2026-06-05 15:49:18 [INFO] 全局 CUDA 资源已释放
2026-06-05 15:49:18 [INFO] 分割系统资源已释放
2026-06-05 15:49:21 [INFO] CUDA 初始化成功
2026-06-05 15:49:22 [INFO] 引擎加载成功: scrap_steel.engine
2026-06-05 15:49:22 [INFO] 分割系统初始化成功
2026-06-05 15:49:22 [INFO] 图像预处理完成，原始尺寸: (2160, 3840)
2026-06-05 15:49:22 [INFO] 开始执行分割...
2026-06-05 15:49:22 [DEBUG] 处理后的检测结果形状: (1, 8400, 6)
2026-06-05 15:49:22 [DEBUG] 示例检测结果: [[-4.16868973e+00 -3.18274784e+00  3.89455414e+01  1.47604170e+01
   3.47654883e-08  5.00000000e+00]
 [-6.72018433e+00 -3.01426888e+00  4.46607018e+01  2.86870708e+01
   8.53826609e-09  9.00000000e+00]
 [-3.64895248e+00 -3.38080692e+00  4.58923759e+01  2.95289536e+01
   3.98486577e-09  9.00000000e+00]]
2026-06-05 15:49:22 [DEBUG] 处理后检测输出形状: (0, 52)
2026-06-05 15:49:22 [DEBUG] 有效检测数量: 0
2026-06-05 15:49:22 [DEBUG] 检测输出为空
2026-06-05 15:49:22 [INFO] 掩码中检测到的类别: [0, 1, 2, 3, 4, 5, 6, 7, 8, 9, 10, 11, 12, 13, 14, 15]
2026-06-05 15:49:22 [INFO] 分割完成，检测到 0 个物体
2026-06-05 15:49:22 [INFO] 从分割掩码中提取检测结果
2026-06-05 15:49:22 [INFO] 从掩码中提取了 570 个检测框
2026-06-05 15:49:22 [INFO] 计算出的车框矩形边界: (1095, 660) to (3275, 1640)
2026-06-05 15:49:22 [INFO] 原始检测数: 570, 过滤后检测数: 248
2026-06-05 15:49:23 [INFO] 保存分割和检测结果到: C:\code\show\Scrap_Steel_In_Field\photos\segmentation\segment_20260605_154922.jpg
2026-06-05 15:49:23 [INFO] JSON结果保存到: C:\code\show\Scrap_Steel_In_Field\photos\segmentation_result.json
2026-06-05 15:49:23 [INFO] 类别统计：{0: 66, 1: 51, 2: 29, 3: 11, 4: 37, 5: 38, 6: 37, 7: 30, 8: 63, 9: 53, 10: 34, 11: 19, 12: 21, 13: 51, 14: 0, 15: 30}
2026-06-05 15:49:23 [INFO] 面积统计：{0: 3016044.0, 1: 762408.0, 2: 46764.0, 3: 156420.0, 4: 163224.0, 5: 110736.0, 6: 528768.0, 7: 48456.0, 8: 1042632.0, 9: 340452.0, 10: 172836.0, 11: 370548.0, 12: 73800.0, 13: 629928.0, 14: 72.0, 15: 73116.0}
2026-06-05 15:49:23 [INFO] 分割成功
2026-06-05 15:49:23 [INFO] 引擎上下文已释放
2026-06-05 15:49:23 [INFO] TensorRT 引擎已释放
2026-06-05 15:49:23 [INFO] 全局 CUDA 资源已释放
2026-06-05 15:49:23 [INFO] 分割系统资源已释放
2026-06-05 15:49:27 [INFO] CUDA 初始化成功
2026-06-05 15:49:27 [INFO] 引擎加载成功: scrap_steel.engine
2026-06-05 15:49:27 [INFO] 分割系统初始化成功
2026-06-05 15:49:27 [INFO] 图像预处理完成，原始尺寸: (2160, 3840)
2026-06-05 15:49:27 [INFO] 开始执行分割...
2026-06-05 15:49:27 [DEBUG] 处理后的检测结果形状: (1, 8400, 6)
2026-06-05 15:49:27 [DEBUG] 示例检测结果: [[-4.20097351e+00 -3.18788338e+00  3.90509720e+01  1.48951359e+01
   3.54253302e-08  5.00000000e+00]
 [-6.78954697e+00 -3.03389549e+00  4.47600594e+01  2.88831348e+01
   8.60057625e-09  9.00000000e+00]
 [-3.66288376e+00 -3.40623665e+00  4.59440727e+01  2.96432133e+01
   3.94047994e-09  9.00000000e+00]]
2026-06-05 15:49:27 [DEBUG] 处理后检测输出形状: (0, 52)
2026-06-05 15:49:27 [DEBUG] 有效检测数量: 0
2026-06-05 15:49:27 [DEBUG] 检测输出为空
2026-06-05 15:49:27 [INFO] 掩码中检测到的类别: [0, 1, 2, 3, 4, 5, 6, 7, 8, 9, 10, 11, 12, 13, 14, 15]
2026-06-05 15:49:27 [INFO] 分割完成，检测到 0 个物体
2026-06-05 15:49:27 [INFO] 从分割掩码中提取检测结果
2026-06-05 15:49:27 [INFO] 从掩码中提取了 555 个检测框
2026-06-05 15:49:27 [INFO] 计算出的车框矩形边界: (1095, 660) to (3275, 1641)
2026-06-05 15:49:27 [INFO] 原始检测数: 555, 过滤后检测数: 247
2026-06-05 15:49:28 [INFO] 保存分割和检测结果到: C:\code\show\Scrap_Steel_In_Field\photos\segmentation\segment_20260605_154927.jpg
2026-06-05 15:49:28 [INFO] JSON结果保存到: C:\code\show\Scrap_Steel_In_Field\photos\segmentation_result.json
2026-06-05 15:49:28 [INFO] 类别统计：{0: 70, 1: 46, 2: 27, 3: 8, 4: 44, 5: 37, 6: 33, 7: 39, 8: 57, 9: 49, 10: 30, 11: 17, 12: 22, 13: 50, 14: 0, 15: 26}
2026-06-05 15:49:28 [INFO] 面积统计：{0: 3002688.0, 1: 778428.0, 2: 59616.0, 3: 152388.0, 4: 156132.0, 5: 117396.0, 6: 552960.0, 7: 54324.0, 8: 996084.0, 9: 334836.0, 10: 169416.0, 11: 373572.0, 12: 71568.0, 13: 645048.0, 14: 180.0, 15: 89748.0}
2026-06-05 15:49:28 [INFO] 分割成功
2026-06-05 15:49:28 [INFO] 引擎上下文已释放
2026-06-05 15:49:28 [INFO] TensorRT 引擎已释放
2026-06-05 15:49:28 [INFO] 全局 CUDA 资源已释放
2026-06-05 15:49:28 [INFO] 分割系统资源已释放
2026-06-05 15:49:32 [INFO] CUDA 初始化成功
2026-06-05 15:49:32 [INFO] 引擎加载成功: scrap_steel.engine
2026-06-05 15:49:32 [INFO] 分割系统初始化成功
2026-06-05 15:49:32 [INFO] 图像预处理完成，原始尺寸: (2160, 3840)
2026-06-05 15:49:32 [INFO] 开始执行分割...
2026-06-05 15:49:32 [DEBUG] 处理后的检测结果形状: (1, 8400, 6)
2026-06-05 15:49:32 [DEBUG] 示例检测结果: [[-4.16802597e+00 -3.16828299e+00  3.89485970e+01  1.45915661e+01
   3.49012268e-08  5.00000000e+00]
 [-6.76372910e+00 -3.00285912e+00  4.47286911e+01  2.84735813e+01
   8.46418136e-09  9.00000000e+00]
 [-3.69497681e+00 -3.35434818e+00  4.58877487e+01  2.93577423e+01
   3.96826216e-09  9.00000000e+00]]
2026-06-05 15:49:32 [DEBUG] 处理后检测输出形状: (0, 52)
2026-06-05 15:49:32 [DEBUG] 有效检测数量: 0
2026-06-05 15:49:32 [DEBUG] 检测输出为空
2026-06-05 15:49:32 [INFO] 掩码中检测到的类别: [0, 1, 2, 3, 4, 5, 6, 7, 8, 9, 10, 11, 12, 13, 14, 15]
2026-06-05 15:49:32 [INFO] 分割完成，检测到 0 个物体
2026-06-05 15:49:32 [INFO] 从分割掩码中提取检测结果
2026-06-05 15:49:32 [INFO] 从掩码中提取了 524 个检测框
2026-06-05 15:49:32 [INFO] 计算出的车框矩形边界: (1095, 659) to (3277, 1641)
2026-06-05 15:49:32 [INFO] 原始检测数: 524, 过滤后检测数: 241
2026-06-05 15:49:33 [INFO] 保存分割和检测结果到: C:\code\show\Scrap_Steel_In_Field\photos\segmentation\segment_20260605_154932.jpg
2026-06-05 15:49:33 [INFO] JSON结果保存到: C:\code\show\Scrap_Steel_In_Field\photos\segmentation_result.json
2026-06-05 15:49:33 [INFO] 类别统计：{0: 47, 1: 48, 2: 28, 3: 10, 4: 37, 5: 35, 6: 32, 7: 32, 8: 51, 9: 54, 10: 34, 11: 16, 12: 19, 13: 52, 14: 0, 15: 29}
2026-06-05 15:49:33 [INFO] 面积统计：{0: 3132864.0, 1: 772956.0, 2: 49752.0, 3: 160020.0, 4: 166032.0, 5: 104148.0, 6: 535068.0, 7: 39312.0, 8: 1029204.0, 9: 341280.0, 10: 166932.0, 11: 393840.0, 12: 52632.0, 13: 635868.0, 14: 108.0, 15: 113904.0}
2026-06-05 15:49:33 [INFO] 分割成功
2026-06-05 15:49:33 [INFO] 引擎上下文已释放
2026-06-05 15:49:33 [INFO] TensorRT 引擎已释放
2026-06-05 15:49:33 [INFO] 全局 CUDA 资源已释放
2026-06-05 15:49:33 [INFO] 分割系统资源已释放
2026-06-05 15:49:37 [INFO] CUDA 初始化成功
2026-06-05 15:49:37 [INFO] 引擎加载成功: scrap_steel.engine
2026-06-05 15:49:37 [INFO] 分割系统初始化成功
2026-06-05 15:49:37 [INFO] 图像预处理完成，原始尺寸: (2160, 3840)
2026-06-05 15:49:37 [INFO] 开始执行分割...
2026-06-05 15:49:37 [DEBUG] 处理后的检测结果形状: (1, 8400, 6)
2026-06-05 15:49:37 [DEBUG] 示例检测结果: [[-4.18323135e+00 -3.19120884e+00  3.90828781e+01  1.47689676e+01
   3.51535725e-08  5.00000000e+00]
 [-6.74272156e+00 -3.02147865e+00  4.47828064e+01  2.89004726e+01
   8.49368575e-09  9.00000000e+00]
 [-3.65143204e+00 -3.39142036e+00  4.58911247e+01  2.96585979e+01
   3.95574062e-09  9.00000000e+00]]
2026-06-05 15:49:37 [DEBUG] 处理后检测输出形状: (0, 52)
2026-06-05 15:49:37 [DEBUG] 有效检测数量: 0
2026-06-05 15:49:37 [DEBUG] 检测输出为空
2026-06-05 15:49:37 [INFO] 掩码中检测到的类别: [0, 1, 2, 3, 4, 5, 6, 7, 8, 9, 10, 11, 12, 13, 14, 15]
2026-06-05 15:49:37 [INFO] 分割完成，检测到 0 个物体
2026-06-05 15:49:37 [INFO] 从分割掩码中提取检测结果
2026-06-05 15:49:37 [INFO] 从掩码中提取了 543 个检测框
2026-06-05 15:49:37 [INFO] 计算出的车框矩形边界: (1095, 660) to (3275, 1641)
2026-06-05 15:49:37 [INFO] 原始检测数: 543, 过滤后检测数: 246
2026-06-05 15:49:38 [INFO] 保存分割和检测结果到: C:\code\show\Scrap_Steel_In_Field\photos\segmentation\segment_20260605_154937.jpg
2026-06-05 15:49:38 [INFO] JSON结果保存到: C:\code\show\Scrap_Steel_In_Field\photos\segmentation_result.json
2026-06-05 15:49:38 [INFO] 类别统计：{0: 57, 1: 45, 2: 28, 3: 8, 4: 36, 5: 40, 6: 39, 7: 34, 8: 60, 9: 57, 10: 35, 11: 14, 12: 23, 13: 40, 14: 0, 15: 27}
2026-06-05 15:49:38 [INFO] 面积统计：{0: 3039912.0, 1: 774828.0, 2: 49284.0, 3: 162036.0, 4: 147924.0, 5: 105156.0, 6: 521460.0, 7: 54324.0, 8: 1023084.0, 9: 350712.0, 10: 165672.0, 11: 378180.0, 12: 63432.0, 13: 649368.0, 14: 144.0, 15: 90108.0}
2026-06-05 15:49:38 [INFO] 分割成功
2026-06-05 15:49:38 [INFO] 引擎上下文已释放
2026-06-05 15:49:38 [INFO] TensorRT 引擎已释放
2026-06-05 15:49:38 [INFO] 全局 CUDA 资源已释放
2026-06-05 15:49:38 [INFO] 分割系统资源已释放
2026-06-05 15:49:42 [INFO] CUDA 初始化成功
2026-06-05 15:49:42 [INFO] 引擎加载成功: scrap_steel.engine
2026-06-05 15:49:42 [INFO] 分割系统初始化成功
2026-06-05 15:49:42 [INFO] 图像预处理完成，原始尺寸: (2160, 3840)
2026-06-05 15:49:42 [INFO] 开始执行分割...
2026-06-05 15:49:42 [DEBUG] 处理后的检测结果形状: (1, 8400, 6)
2026-06-05 15:49:42 [DEBUG] 示例检测结果: [[-4.15100861e+00 -3.17064762e+00  3.92401505e+01  1.47177076e+01
   3.56970844e-08  5.00000000e+00]
 [-6.73947144e+00 -2.98802567e+00  4.48439903e+01  2.87782516e+01
   8.65570815e-09  9.00000000e+00]
 [-3.66212463e+00 -3.35427094e+00  4.59845200e+01  2.96486282e+01
   4.01942302e-09  9.00000000e+00]]
2026-06-05 15:49:42 [DEBUG] 处理后检测输出形状: (0, 52)
2026-06-05 15:49:42 [DEBUG] 有效检测数量: 0
2026-06-05 15:49:42 [DEBUG] 检测输出为空
2026-06-05 15:49:42 [INFO] 掩码中检测到的类别: [0, 1, 2, 3, 4, 5, 6, 7, 8, 9, 10, 11, 12, 13, 14, 15]
2026-06-05 15:49:42 [INFO] 分割完成，检测到 0 个物体
2026-06-05 15:49:42 [INFO] 从分割掩码中提取检测结果
2026-06-05 15:49:42 [INFO] 从掩码中提取了 569 个检测框
2026-06-05 15:49:42 [INFO] 计算出的车框矩形边界: (1094, 664) to (3275, 1640)
2026-06-05 15:49:42 [INFO] 原始检测数: 569, 过滤后检测数: 251
2026-06-05 15:49:43 [INFO] 保存分割和检测结果到: C:\code\show\Scrap_Steel_In_Field\photos\segmentation\segment_20260605_154942.jpg
2026-06-05 15:49:43 [INFO] JSON结果保存到: C:\code\show\Scrap_Steel_In_Field\photos\segmentation_result.json
2026-06-05 15:49:43 [INFO] 类别统计：{0: 62, 1: 50, 2: 30, 3: 8, 4: 46, 5: 36, 6: 33, 7: 37, 8: 60, 9: 53, 10: 30, 11: 17, 12: 23, 13: 51, 14: 0, 15: 33}
2026-06-05 15:49:43 [INFO] 面积统计：{0: 3066120.0, 1: 758664.0, 2: 55872.0, 3: 164340.0, 4: 152388.0, 5: 104220.0, 6: 542016.0, 7: 54036.0, 8: 981756.0, 9: 359640.0, 10: 171144.0, 11: 383472.0, 12: 66240.0, 13: 645372.0, 14: 216.0, 15: 77976.0}
2026-06-05 15:49:43 [INFO] 分割成功
2026-06-05 15:49:43 [INFO] 引擎上下文已释放
2026-06-05 15:49:43 [INFO] TensorRT 引擎已释放
2026-06-05 15:49:43 [INFO] 全局 CUDA 资源已释放
2026-06-05 15:49:43 [INFO] 分割系统资源已释放
2026-06-05 15:49:47 [INFO] CUDA 初始化成功
2026-06-05 15:49:47 [INFO] 引擎加载成功: scrap_steel.engine
2026-06-05 15:49:47 [INFO] 分割系统初始化成功
2026-06-05 15:49:47 [INFO] 图像预处理完成，原始尺寸: (2160, 3840)
2026-06-05 15:49:47 [INFO] 开始执行分割...
2026-06-05 15:49:47 [DEBUG] 处理后的检测结果形状: (1, 8400, 6)
2026-06-05 15:49:47 [DEBUG] 示例检测结果: [[-4.14929581e+00 -3.18943119e+00  3.89196129e+01  1.47009249e+01
   3.51535725e-08  5.00000000e+00]
 [-6.69849777e+00 -3.01149940e+00  4.47109528e+01  2.86888332e+01
   8.47193515e-09  9.00000000e+00]
 [-3.63178635e+00 -3.37922955e+00  4.58848686e+01  2.95801582e+01
   3.93839628e-09  9.00000000e+00]]
2026-06-05 15:49:47 [DEBUG] 处理后检测输出形状: (0, 52)
2026-06-05 15:49:47 [DEBUG] 有效检测数量: 0
2026-06-05 15:49:47 [DEBUG] 检测输出为空
2026-06-05 15:49:47 [INFO] 掩码中检测到的类别: [0, 1, 2, 3, 4, 5, 6, 7, 8, 9, 10, 11, 12, 13, 14, 15]
2026-06-05 15:49:47 [INFO] 分割完成，检测到 0 个物体
2026-06-05 15:49:47 [INFO] 从分割掩码中提取检测结果
2026-06-05 15:49:48 [INFO] 从掩码中提取了 553 个检测框
2026-06-05 15:49:48 [INFO] 计算出的车框矩形边界: (1094, 658) to (3274, 1641)
2026-06-05 15:49:48 [INFO] 原始检测数: 553, 过滤后检测数: 258
2026-06-05 15:49:48 [INFO] 保存分割和检测结果到: C:\code\show\Scrap_Steel_In_Field\photos\segmentation\segment_20260605_154948.jpg
2026-06-05 15:49:48 [INFO] JSON结果保存到: C:\code\show\Scrap_Steel_In_Field\photos\segmentation_result.json
2026-06-05 15:49:48 [INFO] 类别统计：{0: 64, 1: 46, 2: 27, 3: 9, 4: 39, 5: 34, 6: 36, 7: 41, 8: 59, 9: 55, 10: 32, 11: 18, 12: 17, 13: 48, 14: 0, 15: 28}
2026-06-05 15:49:48 [INFO] 面积统计：{0: 3101364.0, 1: 784080.0, 2: 53208.0, 3: 155664.0, 4: 138996.0, 5: 110016.0, 6: 547308.0, 7: 42768.0, 8: 1039752.0, 9: 356220.0, 10: 157860.0, 11: 380088.0, 12: 71316.0, 13: 653832.0, 14: 144.0, 15: 85860.0}
2026-06-05 15:49:48 [INFO] 分割成功
2026-06-05 15:49:48 [INFO] 引擎上下文已释放
2026-06-05 15:49:48 [INFO] TensorRT 引擎已释放
2026-06-05 15:49:48 [INFO] 全局 CUDA 资源已释放
2026-06-05 15:49:48 [INFO] 分割系统资源已释放
2026-06-05 15:49:52 [INFO] CUDA 初始化成功
2026-06-05 15:49:52 [INFO] 引擎加载成功: scrap_steel.engine
2026-06-05 15:49:52 [INFO] 分割系统初始化成功
2026-06-05 15:49:52 [INFO] 图像预处理完成，原始尺寸: (2160, 3840)
2026-06-05 15:49:52 [INFO] 开始执行分割...
2026-06-05 15:49:52 [DEBUG] 处理后的检测结果形状: (1, 8400, 6)
2026-06-05 15:49:52 [DEBUG] 示例检测结果: [[-4.17901611e+00 -3.17325306e+00  3.91702423e+01  1.47044935e+01
   3.58375551e-08  5.00000000e+00]
 [-6.77598190e+00 -3.02187729e+00  4.48086052e+01  2.87479591e+01
   8.60057625e-09  9.00000000e+00]
 [-3.67980194e+00 -3.40470600e+00  4.59434357e+01  2.96266670e+01
   4.03685618e-09  9.00000000e+00]]
2026-06-05 15:49:52 [DEBUG] 处理后检测输出形状: (0, 52)
2026-06-05 15:49:52 [DEBUG] 有效检测数量: 0
2026-06-05 15:49:52 [DEBUG] 检测输出为空
2026-06-05 15:49:52 [INFO] 掩码中检测到的类别: [0, 1, 2, 3, 4, 5, 6, 7, 8, 9, 10, 11, 12, 13, 14, 15]
2026-06-05 15:49:52 [INFO] 分割完成，检测到 0 个物体
2026-06-05 15:49:52 [INFO] 从分割掩码中提取检测结果
2026-06-05 15:49:53 [INFO] 从掩码中提取了 551 个检测框
2026-06-05 15:49:53 [INFO] 计算出的车框矩形边界: (1095, 659) to (3275, 1642)
2026-06-05 15:49:53 [INFO] 原始检测数: 551, 过滤后检测数: 254
2026-06-05 15:49:53 [INFO] 保存分割和检测结果到: C:\code\show\Scrap_Steel_In_Field\photos\segmentation\segment_20260605_154953.jpg
2026-06-05 15:49:53 [INFO] JSON结果保存到: C:\code\show\Scrap_Steel_In_Field\photos\segmentation_result.json
2026-06-05 15:49:53 [INFO] 类别统计：{0: 54, 1: 47, 2: 32, 3: 10, 4: 37, 5: 41, 6: 32, 7: 37, 8: 60, 9: 54, 10: 30, 11: 17, 12: 22, 13: 49, 14: 0, 15: 29}
2026-06-05 15:49:53 [INFO] 面积统计：{0: 3121488.0, 1: 781128.0, 2: 56268.0, 3: 154728.0, 4: 155196.0, 5: 103392.0, 6: 541368.0, 7: 51300.0, 8: 1007424.0, 9: 342468.0, 10: 167292.0, 11: 384840.0, 12: 59472.0, 13: 646236.0, 14: 216.0, 15: 70560.0}
2026-06-05 15:49:53 [INFO] 分割成功
2026-06-05 15:49:53 [INFO] 引擎上下文已释放
2026-06-05 15:49:53 [INFO] TensorRT 引擎已释放
2026-06-05 15:49:53 [INFO] 全局 CUDA 资源已释放
2026-06-05 15:49:53 [INFO] 分割系统资源已释放
2026-06-05 15:49:58 [INFO] CUDA 初始化成功
2026-06-05 15:49:58 [INFO] 引擎加载成功: scrap_steel.engine
2026-06-05 15:49:58 [INFO] 分割系统初始化成功
2026-06-05 15:49:58 [INFO] 图像预处理完成，原始尺寸: (2160, 3840)
2026-06-05 15:49:58 [INFO] 开始执行分割...
2026-06-05 15:49:58 [DEBUG] 处理后的检测结果形状: (1, 8400, 6)
2026-06-05 15:49:58 [DEBUG] 示例检测结果: [[-4.16956329e+00 -3.19085789e+00  3.91875076e+01  1.47114916e+01
   3.58289469e-08  5.00000000e+00]
 [-6.78954697e+00 -3.02058983e+00  4.48172569e+01  2.87355652e+01
   8.58793836e-09  9.00000000e+00]
 [-3.68599319e+00 -3.40538692e+00  4.59662857e+01  2.96433258e+01
   3.95744237e-09  9.00000000e+00]]
2026-06-05 15:49:58 [DEBUG] 处理后检测输出形状: (0, 52)
2026-06-05 15:49:58 [DEBUG] 有效检测数量: 0
2026-06-05 15:49:58 [DEBUG] 检测输出为空
2026-06-05 15:49:58 [INFO] 掩码中检测到的类别: [0, 1, 2, 3, 4, 5, 6, 7, 8, 9, 10, 11, 12, 13, 14, 15]
2026-06-05 15:49:58 [INFO] 分割完成，检测到 0 个物体
2026-06-05 15:49:58 [INFO] 从分割掩码中提取检测结果
2026-06-05 15:49:58 [INFO] 从掩码中提取了 528 个检测框
2026-06-05 15:49:58 [INFO] 计算出的车框矩形边界: (1095, 660) to (3273, 1642)
2026-06-05 15:49:58 [INFO] 原始检测数: 528, 过滤后检测数: 235
2026-06-05 15:49:59 [INFO] 保存分割和检测结果到: C:\code\show\Scrap_Steel_In_Field\photos\segmentation\segment_20260605_154958.jpg
2026-06-05 15:49:59 [INFO] JSON结果保存到: C:\code\show\Scrap_Steel_In_Field\photos\segmentation_result.json
2026-06-05 15:49:59 [INFO] 类别统计：{0: 56, 1: 45, 2: 28, 3: 8, 4: 39, 5: 35, 6: 36, 7: 32, 8: 57, 9: 47, 10: 34, 11: 17, 12: 22, 13: 47, 14: 0, 15: 25}
2026-06-05 15:49:59 [INFO] 面积统计：{0: 3082968.0, 1: 780084.0, 2: 49104.0, 3: 156816.0, 4: 143100.0, 5: 108432.0, 6: 544212.0, 7: 45144.0, 8: 986508.0, 9: 338040.0, 10: 163296.0, 11: 376092.0, 12: 68400.0, 13: 652896.0, 14: 144.0, 15: 112032.0}
2026-06-05 15:49:59 [INFO] 分割成功
2026-06-05 15:49:59 [INFO] 引擎上下文已释放
2026-06-05 15:49:59 [INFO] TensorRT 引擎已释放
2026-06-05 15:49:59 [INFO] 全局 CUDA 资源已释放
2026-06-05 15:49:59 [INFO] 分割系统资源已释放
2026-06-05 15:50:03 [INFO] CUDA 初始化成功
2026-06-05 15:50:03 [INFO] 引擎加载成功: scrap_steel.engine
2026-06-05 15:50:03 [INFO] 分割系统初始化成功
2026-06-05 15:50:03 [INFO] 图像预处理完成，原始尺寸: (2160, 3840)
2026-06-05 15:50:03 [INFO] 开始执行分割...
2026-06-05 15:50:03 [DEBUG] 处理后的检测结果形状: (1, 8400, 6)
2026-06-05 15:50:03 [DEBUG] 示例检测结果: [[-4.12491989e+00 -3.17221928e+00  3.90805626e+01  1.47119646e+01
   3.59780223e-08  5.00000000e+00]
 [-6.71131516e+00 -3.01443672e+00  4.47736626e+01  2.87105999e+01
   8.60057625e-09  9.00000000e+00]
 [-3.66194916e+00 -3.39393616e+00  4.59291534e+01  2.96249924e+01
   4.01942302e-09  9.00000000e+00]]
2026-06-05 15:50:03 [DEBUG] 处理后检测输出形状: (0, 52)
2026-06-05 15:50:03 [DEBUG] 有效检测数量: 0
2026-06-05 15:50:03 [DEBUG] 检测输出为空
2026-06-05 15:50:03 [INFO] 掩码中检测到的类别: [0, 1, 2, 3, 4, 5, 6, 7, 8, 9, 10, 11, 12, 13, 14, 15]
2026-06-05 15:50:03 [INFO] 分割完成，检测到 0 个物体
2026-06-05 15:50:03 [INFO] 从分割掩码中提取检测结果
2026-06-05 15:50:03 [INFO] 从掩码中提取了 543 个检测框
2026-06-05 15:50:03 [INFO] 计算出的车框矩形边界: (1095, 660) to (3275, 1637)
2026-06-05 15:50:03 [INFO] 原始检测数: 543, 过滤后检测数: 242
2026-06-05 15:50:04 [INFO] 保存分割和检测结果到: C:\code\show\Scrap_Steel_In_Field\photos\segmentation\segment_20260605_155003.jpg
2026-06-05 15:50:04 [INFO] JSON结果保存到: C:\code\show\Scrap_Steel_In_Field\photos\segmentation_result.json
2026-06-05 15:50:04 [INFO] 类别统计：{0: 51, 1: 51, 2: 27, 3: 10, 4: 41, 5: 37, 6: 32, 7: 36, 8: 57, 9: 54, 10: 34, 11: 15, 12: 19, 13: 47, 14: 0, 15: 32}
2026-06-05 15:50:04 [INFO] 面积统计：{0: 3035304.0, 1: 773388.0, 2: 48528.0, 3: 154584.0, 4: 143460.0, 5: 104652.0, 6: 563652.0, 7: 54684.0, 8: 999180.0, 9: 364572.0, 10: 162252.0, 11: 369360.0, 12: 65052.0, 13: 649404.0, 14: 144.0, 15: 103608.0}
2026-06-05 15:50:04 [INFO] 分割成功
2026-06-05 15:50:04 [INFO] 引擎上下文已释放
2026-06-05 15:50:04 [INFO] TensorRT 引擎已释放
2026-06-05 15:50:04 [INFO] 全局 CUDA 资源已释放
2026-06-05 15:50:04 [INFO] 分割系统资源已释放
2026-06-05 15:50:08 [INFO] CUDA 初始化成功
2026-06-05 15:50:08 [INFO] 引擎加载成功: scrap_steel.engine
2026-06-05 15:50:08 [INFO] 分割系统初始化成功
2026-06-05 15:50:08 [INFO] 图像预处理完成，原始尺寸: (2160, 3840)
2026-06-05 15:50:08 [INFO] 开始执行分割...
2026-06-05 15:50:08 [DEBUG] 处理后的检测结果形状: (1, 8400, 6)
2026-06-05 15:50:08 [DEBUG] 示例检测结果: [[-4.16810608e+00 -3.20246649e+00  3.89859314e+01  1.48074703e+01
   3.49012268e-08  5.00000000e+00]
 [-6.75790405e+00 -3.05970955e+00  4.47433472e+01  2.88884220e+01
   8.40560421e-09  9.00000000e+00]
 [-3.67475891e+00 -3.41990471e+00  4.59036407e+01  2.96421299e+01
   3.93839628e-09  9.00000000e+00]]
2026-06-05 15:50:08 [DEBUG] 处理后检测输出形状: (0, 52)
2026-06-05 15:50:08 [DEBUG] 有效检测数量: 0
2026-06-05 15:50:08 [DEBUG] 检测输出为空
2026-06-05 15:50:08 [INFO] 掩码中检测到的类别: [0, 1, 2, 3, 4, 5, 6, 7, 8, 9, 10, 11, 12, 13, 14, 15]
2026-06-05 15:50:08 [INFO] 分割完成，检测到 0 个物体
2026-06-05 15:50:08 [INFO] 从分割掩码中提取检测结果
2026-06-05 15:50:08 [INFO] 从掩码中提取了 549 个检测框
2026-06-05 15:50:08 [INFO] 计算出的车框矩形边界: (1095, 661) to (3275, 1639)
2026-06-05 15:50:08 [INFO] 原始检测数: 549, 过滤后检测数: 251
2026-06-05 15:50:09 [INFO] 保存分割和检测结果到: C:\code\show\Scrap_Steel_In_Field\photos\segmentation\segment_20260605_155008.jpg
2026-06-05 15:50:09 [INFO] JSON结果保存到: C:\code\show\Scrap_Steel_In_Field\photos\segmentation_result.json
2026-06-05 15:50:09 [INFO] 类别统计：{0: 57, 1: 39, 2: 29, 3: 9, 4: 37, 5: 33, 6: 38, 7: 40, 8: 56, 9: 62, 10: 31, 11: 18, 12: 23, 13: 44, 14: 0, 15: 33}
2026-06-05 15:50:09 [INFO] 面积统计：{0: 3074760.0, 1: 778428.0, 2: 49284.0, 3: 153324.0, 4: 158472.0, 5: 104940.0, 6: 540108.0, 7: 50760.0, 8: 1034280.0, 9: 356688.0, 10: 166464.0, 11: 373824.0, 12: 54504.0, 13: 641880.0, 14: 144.0, 15: 97668.0}
2026-06-05 15:50:09 [INFO] 分割成功
2026-06-05 15:50:09 [INFO] 引擎上下文已释放
2026-06-05 15:50:09 [INFO] TensorRT 引擎已释放
2026-06-05 15:50:09 [INFO] 全局 CUDA 资源已释放
2026-06-05 15:50:09 [INFO] 分割系统资源已释放
2026-06-05 15:50:13 [INFO] CUDA 初始化成功
2026-06-05 15:50:13 [INFO] 引擎加载成功: scrap_steel.engine
2026-06-05 15:50:13 [INFO] 分割系统初始化成功
2026-06-05 15:50:13 [INFO] 图像预处理完成，原始尺寸: (2160, 3840)
2026-06-05 15:50:13 [INFO] 开始执行分割...
2026-06-05 15:50:13 [DEBUG] 处理后的检测结果形状: (1, 8400, 6)
2026-06-05 15:50:13 [DEBUG] 示例检测结果: [[-4.21433258e+00 -3.19119167e+00  3.90440025e+01  1.48738928e+01
   3.54253302e-08  5.00000000e+00]
 [-6.78570938e+00 -3.02199936e+00  4.46213951e+01  2.87326736e+01
   8.66791439e-09  9.00000000e+00]
 [-3.66403961e+00 -3.40716553e+00  4.59030151e+01  2.95578651e+01
   3.95353084e-09  9.00000000e+00]]
2026-06-05 15:50:13 [DEBUG] 处理后检测输出形状: (0, 52)
2026-06-05 15:50:13 [DEBUG] 有效检测数量: 0
2026-06-05 15:50:13 [DEBUG] 检测输出为空
2026-06-05 15:50:13 [INFO] 掩码中检测到的类别: [0, 1, 2, 3, 4, 5, 6, 7, 8, 9, 10, 11, 12, 13, 14, 15]
2026-06-05 15:50:13 [INFO] 分割完成，检测到 0 个物体
2026-06-05 15:50:13 [INFO] 从分割掩码中提取检测结果
2026-06-05 15:50:14 [INFO] 从掩码中提取了 572 个检测框
2026-06-05 15:50:14 [INFO] 计算出的车框矩形边界: (1095, 661) to (3277, 1642)
2026-06-05 15:50:14 [INFO] 原始检测数: 572, 过滤后检测数: 254
2026-06-05 15:50:14 [INFO] 保存分割和检测结果到: C:\code\show\Scrap_Steel_In_Field\photos\segmentation\segment_20260605_155014.jpg
2026-06-05 15:50:14 [INFO] JSON结果保存到: C:\code\show\Scrap_Steel_In_Field\photos\segmentation_result.json
2026-06-05 15:50:14 [INFO] 类别统计：{0: 54, 1: 48, 2: 28, 3: 13, 4: 42, 5: 38, 6: 37, 7: 38, 8: 57, 9: 57, 10: 34, 11: 19, 12: 22, 13: 55, 14: 0, 15: 30}
2026-06-05 15:50:14 [INFO] 面积统计：{0: 2902860.0, 1: 752328.0, 2: 53460.0, 3: 154980.0, 4: 161532.0, 5: 101268.0, 6: 526176.0, 7: 47088.0, 8: 1026612.0, 9: 366804.0, 10: 169128.0, 11: 377208.0, 12: 68472.0, 13: 643716.0, 14: 180.0, 15: 78660.0}
2026-06-05 15:50:14 [INFO] 分割成功
2026-06-05 15:50:14 [INFO] 引擎上下文已释放
2026-06-05 15:50:14 [INFO] TensorRT 引擎已释放
2026-06-05 15:50:14 [INFO] 全局 CUDA 资源已释放
2026-06-05 15:50:14 [INFO] 分割系统资源已释放
2026-06-05 15:50:18 [INFO] CUDA 初始化成功
2026-06-05 15:50:18 [INFO] 引擎加载成功: scrap_steel.engine
2026-06-05 15:50:18 [INFO] 分割系统初始化成功
2026-06-05 15:50:18 [INFO] 图像预处理完成，原始尺寸: (2160, 3840)
2026-06-05 15:50:18 [INFO] 开始执行分割...
2026-06-05 15:50:18 [DEBUG] 处理后的检测结果形状: (1, 8400, 6)
2026-06-05 15:50:18 [DEBUG] 示例检测结果: [[-4.16857147e+00 -3.18429661e+00  3.91976242e+01  1.47083788e+01
   3.56970844e-08  5.00000000e+00]
 [-6.71592331e+00 -3.00104904e+00  4.47523918e+01  2.86582870e+01
   8.63424532e-09  9.00000000e+00]
 [-3.64483261e+00 -3.36768246e+00  4.58887634e+01  2.95474396e+01
   3.95574062e-09  9.00000000e+00]]
2026-06-05 15:50:18 [DEBUG] 处理后检测输出形状: (0, 52)
2026-06-05 15:50:18 [DEBUG] 有效检测数量: 0
2026-06-05 15:50:18 [DEBUG] 检测输出为空
2026-06-05 15:50:18 [INFO] 掩码中检测到的类别: [0, 1, 2, 3, 4, 5, 6, 7, 8, 9, 10, 11, 12, 13, 14, 15]
2026-06-05 15:50:18 [INFO] 分割完成，检测到 0 个物体
2026-06-05 15:50:18 [INFO] 从分割掩码中提取检测结果
2026-06-05 15:50:19 [INFO] 从掩码中提取了 567 个检测框
2026-06-05 15:50:19 [INFO] 计算出的车框矩形边界: (1095, 660) to (3274, 1640)
2026-06-05 15:50:19 [INFO] 原始检测数: 567, 过滤后检测数: 261
2026-06-05 15:50:19 [INFO] 保存分割和检测结果到: C:\code\show\Scrap_Steel_In_Field\photos\segmentation\segment_20260605_155019.jpg
2026-06-05 15:50:19 [INFO] JSON结果保存到: C:\code\show\Scrap_Steel_In_Field\photos\segmentation_result.json
2026-06-05 15:50:19 [INFO] 类别统计：{0: 52, 1: 47, 2: 32, 3: 9, 4: 39, 5: 35, 6: 34, 7: 42, 8: 62, 9: 56, 10: 34, 11: 13, 12: 21, 13: 62, 14: 0, 15: 29}
2026-06-05 15:50:19 [INFO] 面积统计：{0: 3078720.0, 1: 773280.0, 2: 52164.0, 3: 163548.0, 4: 170388.0, 5: 105912.0, 6: 519840.0, 7: 51516.0, 8: 1042344.0, 9: 329184.0, 10: 164736.0, 11: 368136.0, 12: 64764.0, 13: 646920.0, 14: 108.0, 15: 73296.0}
2026-06-05 15:50:19 [INFO] 分割成功
2026-06-05 15:50:19 [INFO] 引擎上下文已释放
2026-06-05 15:50:19 [INFO] TensorRT 引擎已释放
2026-06-05 15:50:19 [INFO] 全局 CUDA 资源已释放
2026-06-05 15:50:19 [INFO] 分割系统资源已释放
2026-06-05 15:50:23 [INFO] CUDA 初始化成功
2026-06-05 15:50:23 [INFO] 引擎加载成功: scrap_steel.engine
2026-06-05 15:50:23 [INFO] 分割系统初始化成功
2026-06-05 15:50:23 [INFO] 图像预处理完成，原始尺寸: (2160, 3840)
2026-06-05 15:50:23 [INFO] 开始执行分割...
2026-06-05 15:50:23 [DEBUG] 处理后的检测结果形状: (1, 8400, 6)
2026-06-05 15:50:23 [DEBUG] 示例检测结果: [[-4.17193604e+00 -3.17412519e+00  3.90194244e+01  1.47366867e+01
   3.57041294e-08  5.00000000e+00]
 [-6.79839706e+00 -3.02482033e+00  4.47281570e+01  2.86368313e+01
   8.60541594e-09  9.00000000e+00]
 [-3.67376709e+00 -3.38377380e+00  4.59430389e+01  2.95072441e+01
   3.98486577e-09  9.00000000e+00]]
2026-06-05 15:50:23 [DEBUG] 处理后检测输出形状: (0, 52)
2026-06-05 15:50:23 [DEBUG] 有效检测数量: 0
2026-06-05 15:50:23 [DEBUG] 检测输出为空
2026-06-05 15:50:23 [INFO] 掩码中检测到的类别: [0, 1, 2, 3, 4, 5, 6, 7, 8, 9, 10, 11, 12, 13, 14, 15]
2026-06-05 15:50:23 [INFO] 分割完成，检测到 0 个物体
2026-06-05 15:50:23 [INFO] 从分割掩码中提取检测结果
2026-06-05 15:50:24 [INFO] 从掩码中提取了 548 个检测框
2026-06-05 15:50:24 [INFO] 计算出的车框矩形边界: (1095, 660) to (3278, 1641)
2026-06-05 15:50:24 [INFO] 原始检测数: 548, 过滤后检测数: 240
2026-06-05 15:50:24 [INFO] 保存分割和检测结果到: C:\code\show\Scrap_Steel_In_Field\photos\segmentation\segment_20260605_155024.jpg
2026-06-05 15:50:24 [INFO] JSON结果保存到: C:\code\show\Scrap_Steel_In_Field\photos\segmentation_result.json
2026-06-05 15:50:24 [INFO] 类别统计：{0: 59, 1: 51, 2: 29, 3: 9, 4: 34, 5: 38, 6: 34, 7: 38, 8: 55, 9: 57, 10: 32, 11: 17, 12: 17, 13: 52, 14: 0, 15: 26}
2026-06-05 15:50:24 [INFO] 面积统计：{0: 3025548.0, 1: 795132.0, 2: 52308.0, 3: 160992.0, 4: 158148.0, 5: 101484.0, 6: 518400.0, 7: 45648.0, 8: 1020600.0, 9: 369000.0, 10: 166068.0, 11: 371988.0, 12: 52344.0, 13: 647316.0, 14: 180.0, 15: 86004.0}
2026-06-05 15:50:24 [INFO] 分割成功
2026-06-05 15:50:24 [INFO] 引擎上下文已释放
2026-06-05 15:50:25 [INFO] TensorRT 引擎已释放
2026-06-05 15:50:25 [INFO] 全局 CUDA 资源已释放
2026-06-05 15:50:25 [INFO] 分割系统资源已释放
2026-06-05 15:50:28 [INFO] CUDA 初始化成功
2026-06-05 15:50:28 [INFO] 引擎加载成功: scrap_steel.engine
2026-06-05 15:50:28 [INFO] 分割系统初始化成功
2026-06-05 15:50:29 [INFO] 图像预处理完成，原始尺寸: (2160, 3840)
2026-06-05 15:50:29 [INFO] 开始执行分割...
2026-06-05 15:50:29 [DEBUG] 处理后的检测结果形状: (1, 8400, 6)
2026-06-05 15:50:29 [DEBUG] 示例检测结果: [[-4.15851974e+00 -3.15322113e+00  3.88011131e+01  1.46048698e+01
   3.52919045e-08  5.00000000e+00]
 [-6.71112061e+00 -3.01539421e+00  4.45385818e+01  2.83907337e+01
   8.35750669e-09  9.00000000e+00]
 [-3.64805603e+00 -3.37098598e+00  4.57966995e+01  2.92380867e+01
   3.87401045e-09  9.00000000e+00]]
2026-06-05 15:50:29 [DEBUG] 处理后检测输出形状: (0, 52)
2026-06-05 15:50:29 [DEBUG] 有效检测数量: 0
2026-06-05 15:50:29 [DEBUG] 检测输出为空
2026-06-05 15:50:29 [INFO] 掩码中检测到的类别: [0, 1, 2, 3, 4, 5, 6, 7, 8, 9, 10, 11, 12, 13, 14, 15]
2026-06-05 15:50:29 [INFO] 分割完成，检测到 0 个物体
2026-06-05 15:50:29 [INFO] 从分割掩码中提取检测结果
2026-06-05 15:50:29 [INFO] 从掩码中提取了 535 个检测框
2026-06-05 15:50:29 [INFO] 计算出的车框矩形边界: (1094, 658) to (3275, 1641)
2026-06-05 15:50:29 [INFO] 原始检测数: 535, 过滤后检测数: 245
2026-06-05 15:50:29 [INFO] 保存分割和检测结果到: C:\code\show\Scrap_Steel_In_Field\photos\segmentation\segment_20260605_155029.jpg
2026-06-05 15:50:29 [INFO] JSON结果保存到: C:\code\show\Scrap_Steel_In_Field\photos\segmentation_result.json
2026-06-05 15:50:29 [INFO] 类别统计：{0: 54, 1: 50, 2: 28, 3: 10, 4: 40, 5: 31, 6: 29, 7: 35, 8: 53, 9: 58, 10: 33, 11: 15, 12: 24, 13: 49, 14: 0, 15: 26}
2026-06-05 15:50:29 [INFO] 面积统计：{0: 3020292.0, 1: 783504.0, 2: 56412.0, 3: 152136.0, 4: 155844.0, 5: 105804.0, 6: 541476.0, 7: 45180.0, 8: 1051704.0, 9: 342432.0, 10: 169884.0, 11: 390204.0, 12: 58752.0, 13: 635292.0, 14: 108.0, 15: 76572.0}
2026-06-05 15:50:29 [INFO] 分割成功
2026-06-05 15:50:30 [INFO] 引擎上下文已释放
2026-06-05 15:50:30 [INFO] TensorRT 引擎已释放
2026-06-05 15:50:30 [INFO] 全局 CUDA 资源已释放
2026-06-05 15:50:30 [INFO] 分割系统资源已释放
2026-06-05 15:50:33 [INFO] CUDA 初始化成功
2026-06-05 15:50:34 [INFO] 引擎加载成功: scrap_steel.engine
2026-06-05 15:50:34 [INFO] 分割系统初始化成功
2026-06-05 15:50:34 [INFO] 图像预处理完成，原始尺寸: (2160, 3840)
2026-06-05 15:50:34 [INFO] 开始执行分割...
2026-06-05 15:50:34 [DEBUG] 处理后的检测结果形状: (1, 8400, 6)
2026-06-05 15:50:34 [DEBUG] 示例检测结果: [[-4.20318222e+00 -3.19188309e+00  3.89407082e+01  1.47758579e+01
   3.55647281e-08  5.00000000e+00]
 [-6.78403854e+00 -3.03384590e+00  4.45861931e+01  2.87216091e+01
   8.53826609e-09  9.00000000e+00]
 [-3.67600250e+00 -3.43095684e+00  4.58710403e+01  2.95627098e+01
   3.93839628e-09  9.00000000e+00]]
2026-06-05 15:50:34 [DEBUG] 处理后检测输出形状: (0, 52)
2026-06-05 15:50:34 [DEBUG] 有效检测数量: 0
2026-06-05 15:50:34 [DEBUG] 检测输出为空
2026-06-05 15:50:34 [INFO] 掩码中检测到的类别: [0, 1, 2, 3, 4, 5, 6, 7, 8, 9, 10, 11, 12, 13, 14, 15]
2026-06-05 15:50:34 [INFO] 分割完成，检测到 0 个物体
2026-06-05 15:50:34 [INFO] 从分割掩码中提取检测结果
2026-06-05 15:50:34 [INFO] 从掩码中提取了 563 个检测框
2026-06-05 15:50:34 [INFO] 计算出的车框矩形边界: (1094, 658) to (3274, 1640)
2026-06-05 15:50:34 [INFO] 原始检测数: 563, 过滤后检测数: 244
2026-06-05 15:50:35 [INFO] 保存分割和检测结果到: C:\code\show\Scrap_Steel_In_Field\photos\segmentation\segment_20260605_155034.jpg
2026-06-05 15:50:35 [INFO] JSON结果保存到: C:\code\show\Scrap_Steel_In_Field\photos\segmentation_result.json
2026-06-05 15:50:35 [INFO] 类别统计：{0: 50, 1: 52, 2: 24, 3: 9, 4: 41, 5: 38, 6: 39, 7: 43, 8: 61, 9: 58, 10: 34, 11: 16, 12: 22, 13: 50, 14: 0, 15: 26}
2026-06-05 15:50:35 [INFO] 面积统计：{0: 3126384.0, 1: 798732.0, 2: 49896.0, 3: 152028.0, 4: 159084.0, 5: 96264.0, 6: 536292.0, 7: 49788.0, 8: 1015380.0, 9: 351720.0, 10: 166140.0, 11: 368496.0, 12: 58824.0, 13: 653832.0, 14: 180.0, 15: 90432.0}
2026-06-05 15:50:35 [INFO] 分割成功
2026-06-05 15:50:35 [INFO] 引擎上下文已释放
2026-06-05 15:50:35 [INFO] TensorRT 引擎已释放
2026-06-05 15:50:35 [INFO] 全局 CUDA 资源已释放
2026-06-05 15:50:35 [INFO] 分割系统资源已释放
2026-06-05 15:50:38 [INFO] CUDA 初始化成功
2026-06-05 15:50:39 [INFO] 引擎加载成功: scrap_steel.engine
2026-06-05 15:50:39 [INFO] 分割系统初始化成功
2026-06-05 15:50:39 [INFO] 图像预处理完成，原始尺寸: (2160, 3840)
2026-06-05 15:50:39 [INFO] 开始执行分割...
2026-06-05 15:50:39 [DEBUG] 处理后的检测结果形状: (1, 8400, 6)
2026-06-05 15:50:39 [DEBUG] 示例检测结果: [[-4.16852951e+00 -3.19407988e+00  3.90884666e+01  1.47523918e+01
   3.51535725e-08  5.00000000e+00]
 [-6.79425049e+00 -3.01320839e+00  4.48228951e+01  2.86327877e+01
   8.60541594e-09  9.00000000e+00]
 [-3.68082809e+00 -3.35501194e+00  4.59223289e+01  2.93862953e+01
   4.00042666e-09  9.00000000e+00]]
2026-06-05 15:50:39 [DEBUG] 处理后检测输出形状: (0, 52)
2026-06-05 15:50:39 [DEBUG] 有效检测数量: 0
2026-06-05 15:50:39 [DEBUG] 检测输出为空
2026-06-05 15:50:39 [INFO] 掩码中检测到的类别: [0, 1, 2, 3, 4, 5, 6, 7, 8, 9, 10, 11, 12, 13, 14, 15]
2026-06-05 15:50:39 [INFO] 分割完成，检测到 0 个物体
2026-06-05 15:50:39 [INFO] 从分割掩码中提取检测结果
2026-06-05 15:50:39 [INFO] 从掩码中提取了 533 个检测框
2026-06-05 15:50:39 [INFO] 计算出的车框矩形边界: (1095, 661) to (3274, 1641)
2026-06-05 15:50:39 [INFO] 原始检测数: 533, 过滤后检测数: 244
2026-06-05 15:50:40 [INFO] 保存分割和检测结果到: C:\code\show\Scrap_Steel_In_Field\photos\segmentation\segment_20260605_155039.jpg
2026-06-05 15:50:40 [INFO] JSON结果保存到: C:\code\show\Scrap_Steel_In_Field\photos\segmentation_result.json
2026-06-05 15:50:40 [INFO] 类别统计：{0: 55, 1: 45, 2: 26, 3: 9, 4: 42, 5: 37, 6: 32, 7: 35, 8: 53, 9: 58, 10: 34, 11: 15, 12: 20, 13: 51, 14: 0, 15: 21}
2026-06-05 15:50:40 [INFO] 面积统计：{0: 3091140.0, 1: 810288.0, 2: 48924.0, 3: 155736.0, 4: 145296.0, 5: 107928.0, 6: 541548.0, 7: 48852.0, 8: 1004904.0, 9: 370512.0, 10: 162000.0, 11: 385056.0, 12: 50832.0, 13: 644580.0, 14: 108.0, 15: 92412.0}
2026-06-05 15:50:40 [INFO] 分割成功
2026-06-05 15:50:40 [INFO] 引擎上下文已释放
2026-06-05 15:50:40 [INFO] TensorRT 引擎已释放
2026-06-05 15:50:40 [INFO] 全局 CUDA 资源已释放
2026-06-05 15:50:40 [INFO] 分割系统资源已释放
2026-06-05 15:50:44 [INFO] CUDA 初始化成功
2026-06-05 15:50:44 [INFO] 引擎加载成功: scrap_steel.engine
2026-06-05 15:50:44 [INFO] 分割系统初始化成功
2026-06-05 15:50:44 [INFO] 图像预处理完成，原始尺寸: (2160, 3840)
2026-06-05 15:50:44 [INFO] 开始执行分割...
2026-06-05 15:50:44 [DEBUG] 处理后的检测结果形状: (1, 8400, 6)
2026-06-05 15:50:44 [DEBUG] 示例检测结果: [[-4.18622208e+00 -3.16911602e+00  3.89974899e+01  1.46460161e+01
   3.44940077e-08  5.00000000e+00]
 [-6.76979065e+00 -3.00312424e+00  4.47818451e+01  2.85400257e+01
   8.43130366e-09  9.00000000e+00]
 [-3.66875458e+00 -3.38330269e+00  4.59514465e+01  2.94639683e+01
   3.96826216e-09  9.00000000e+00]]
2026-06-05 15:50:44 [DEBUG] 处理后检测输出形状: (0, 52)
2026-06-05 15:50:44 [DEBUG] 有效检测数量: 0
2026-06-05 15:50:44 [DEBUG] 检测输出为空
2026-06-05 15:50:44 [INFO] 掩码中检测到的类别: [0, 1, 2, 3, 4, 5, 6, 7, 8, 9, 10, 11, 12, 13, 14, 15]
2026-06-05 15:50:44 [INFO] 分割完成，检测到 0 个物体
2026-06-05 15:50:44 [INFO] 从分割掩码中提取检测结果
2026-06-05 15:50:44 [INFO] 从掩码中提取了 528 个检测框
2026-06-05 15:50:44 [INFO] 计算出的车框矩形边界: (1094, 664) to (3277, 1641)
2026-06-05 15:50:44 [INFO] 原始检测数: 528, 过滤后检测数: 239
2026-06-05 15:50:45 [INFO] 保存分割和检测结果到: C:\code\show\Scrap_Steel_In_Field\photos\segmentation\segment_20260605_155044.jpg
2026-06-05 15:50:45 [INFO] JSON结果保存到: C:\code\show\Scrap_Steel_In_Field\photos\segmentation_result.json
2026-06-05 15:50:45 [INFO] 类别统计：{0: 56, 1: 47, 2: 29, 3: 9, 4: 39, 5: 35, 6: 30, 7: 31, 8: 55, 9: 52, 10: 32, 11: 13, 12: 23, 13: 47, 14: 0, 15: 30}
2026-06-05 15:50:45 [INFO] 面积统计：{0: 3142008.0, 1: 760932.0, 2: 54324.0, 3: 153504.0, 4: 150048.0, 5: 106776.0, 6: 544572.0, 7: 44064.0, 8: 1019808.0, 9: 344052.0, 10: 169848.0, 11: 369180.0, 12: 56592.0, 13: 646776.0, 14: 216.0, 15: 92952.0}
2026-06-05 15:50:45 [INFO] 分割成功
2026-06-05 15:50:45 [INFO] 引擎上下文已释放
2026-06-05 15:50:45 [INFO] TensorRT 引擎已释放
2026-06-05 15:50:45 [INFO] 全局 CUDA 资源已释放
2026-06-05 15:50:45 [INFO] 分割系统资源已释放
2026-06-05 15:50:49 [INFO] CUDA 初始化成功
2026-06-05 15:50:49 [INFO] 引擎加载成功: scrap_steel.engine
2026-06-05 15:50:49 [INFO] 分割系统初始化成功
2026-06-05 15:50:49 [INFO] 图像预处理完成，原始尺寸: (2160, 3840)
2026-06-05 15:50:49 [INFO] 开始执行分割...
2026-06-05 15:50:49 [DEBUG] 处理后的检测结果形状: (1, 8400, 6)
2026-06-05 15:50:49 [DEBUG] 示例检测结果: [[-4.13856125e+00 -3.16058874e+00  3.89593391e+01  1.46548519e+01
   3.49012268e-08  5.00000000e+00]
 [-6.71722031e+00 -3.00069809e+00  4.47007027e+01  2.86896896e+01
   8.53074855e-09  9.00000000e+00]
 [-3.64511490e+00 -3.38200188e+00  4.58907509e+01  2.95624714e+01
   3.99925426e-09  9.00000000e+00]]
2026-06-05 15:50:49 [DEBUG] 处理后检测输出形状: (0, 52)
2026-06-05 15:50:49 [DEBUG] 有效检测数量: 0
2026-06-05 15:50:49 [DEBUG] 检测输出为空
2026-06-05 15:50:49 [INFO] 掩码中检测到的类别: [0, 1, 2, 3, 4, 5, 6, 7, 8, 9, 10, 11, 12, 13, 15]
2026-06-05 15:50:49 [INFO] 分割完成，检测到 0 个物体
2026-06-05 15:50:49 [INFO] 从分割掩码中提取检测结果
2026-06-05 15:50:49 [INFO] 从掩码中提取了 565 个检测框
2026-06-05 15:50:49 [INFO] 计算出的车框矩形边界: (1095, 661) to (3277, 1640)
2026-06-05 15:50:49 [INFO] 原始检测数: 565, 过滤后检测数: 243
2026-06-05 15:50:50 [INFO] 保存分割和检测结果到: C:\code\show\Scrap_Steel_In_Field\photos\segmentation\segment_20260605_155049.jpg
2026-06-05 15:50:50 [INFO] JSON结果保存到: C:\code\show\Scrap_Steel_In_Field\photos\segmentation_result.json
2026-06-05 15:50:50 [INFO] 类别统计：{0: 41, 1: 49, 2: 31, 3: 11, 4: 37, 5: 35, 6: 35, 7: 42, 8: 61, 9: 54, 10: 37, 11: 18, 12: 22, 13: 62, 14: 0, 15: 30}
2026-06-05 15:50:50 [INFO] 面积统计：{0: 3055680.0, 1: 765576.0, 2: 54324.0, 3: 158328.0, 4: 154764.0, 5: 106884.0, 6: 548100.0, 7: 57888.0, 8: 1016856.0, 9: 328644.0, 10: 167112.0, 11: 380484.0, 12: 65556.0, 13: 661140.0, 15: 89784.0}
2026-06-05 15:50:50 [INFO] 分割成功
2026-06-05 15:50:50 [INFO] 引擎上下文已释放
2026-06-05 15:50:50 [INFO] TensorRT 引擎已释放
2026-06-05 15:50:50 [INFO] 全局 CUDA 资源已释放
2026-06-05 15:50:50 [INFO] 分割系统资源已释放
2026-06-05 15:50:54 [INFO] CUDA 初始化成功
2026-06-05 15:50:54 [INFO] 引擎加载成功: scrap_steel.engine
2026-06-05 15:50:54 [INFO] 分割系统初始化成功
2026-06-05 15:50:54 [INFO] 图像预处理完成，原始尺寸: (2160, 3840)
2026-06-05 15:50:54 [INFO] 开始执行分割...
2026-06-05 15:50:54 [DEBUG] 处理后的检测结果形状: (1, 8400, 6)
2026-06-05 15:50:54 [DEBUG] 示例检测结果: [[-4.18354416e+00 -3.19969749e+00  3.89382515e+01  1.47647305e+01
   3.59780223e-08  5.00000000e+00]
 [-6.73040771e+00 -3.03396797e+00  4.46556244e+01  2.87882633e+01
   8.52706705e-09  9.00000000e+00]
 [-3.65236664e+00 -3.41848564e+00  4.59331970e+01  2.96444988e+01
   3.89256627e-09  9.00000000e+00]]
2026-06-05 15:50:54 [DEBUG] 处理后检测输出形状: (0, 52)
2026-06-05 15:50:54 [DEBUG] 有效检测数量: 0
2026-06-05 15:50:54 [DEBUG] 检测输出为空
2026-06-05 15:50:54 [INFO] 掩码中检测到的类别: [0, 1, 2, 3, 4, 5, 6, 7, 8, 9, 10, 11, 12, 13, 14, 15]
2026-06-05 15:50:54 [INFO] 分割完成，检测到 0 个物体
2026-06-05 15:50:54 [INFO] 从分割掩码中提取检测结果
2026-06-05 15:50:54 [INFO] 从掩码中提取了 538 个检测框
2026-06-05 15:50:54 [INFO] 计算出的车框矩形边界: (1095, 660) to (3273, 1641)
2026-06-05 15:50:54 [INFO] 原始检测数: 538, 过滤后检测数: 248
2026-06-05 15:50:55 [INFO] 保存分割和检测结果到: C:\code\show\Scrap_Steel_In_Field\photos\segmentation\segment_20260605_155054.jpg
2026-06-05 15:50:55 [INFO] JSON结果保存到: C:\code\show\Scrap_Steel_In_Field\photos\segmentation_result.json
2026-06-05 15:50:55 [INFO] 类别统计：{0: 61, 1: 49, 2: 30, 3: 7, 4: 36, 5: 31, 6: 28, 7: 35, 8: 60, 9: 53, 10: 33, 11: 16, 12: 19, 13: 49, 14: 0, 15: 31}
2026-06-05 15:50:55 [INFO] 面积统计：{0: 3111552.0, 1: 753480.0, 2: 51228.0, 3: 147996.0, 4: 150084.0, 5: 100008.0, 6: 545112.0, 7: 51660.0, 8: 1018008.0, 9: 349020.0, 10: 161964.0, 11: 363672.0, 12: 57204.0, 13: 646740.0, 14: 216.0, 15: 84528.0}
2026-06-05 15:50:55 [INFO] 分割成功
2026-06-05 15:50:55 [INFO] 引擎上下文已释放
2026-06-05 15:50:55 [INFO] TensorRT 引擎已释放
2026-06-05 15:50:56 [INFO] 全局 CUDA 资源已释放
2026-06-05 15:50:56 [INFO] 分割系统资源已释放
2026-06-05 15:50:59 [INFO] CUDA 初始化成功
2026-06-05 15:50:59 [INFO] 引擎加载成功: scrap_steel.engine
2026-06-05 15:50:59 [INFO] 分割系统初始化成功
2026-06-05 15:50:59 [INFO] 图像预处理完成，原始尺寸: (2160, 3840)
2026-06-05 15:50:59 [INFO] 开始执行分割...
2026-06-05 15:50:59 [DEBUG] 处理后的检测结果形状: (1, 8400, 6)
2026-06-05 15:50:59 [DEBUG] 示例检测结果: [[-4.18575287e+00 -3.18207169e+00  3.90899506e+01  1.47694721e+01
   3.55647281e-08  5.00000000e+00]
 [-6.79840851e+00 -3.03493500e+00  4.47081757e+01  2.87398109e+01
   8.63424532e-09  9.00000000e+00]
 [-3.67319489e+00 -3.42039680e+00  4.58973846e+01  2.95570087e+01
   3.95574062e-09  9.00000000e+00]]
2026-06-05 15:50:59 [DEBUG] 处理后检测输出形状: (0, 52)
2026-06-05 15:50:59 [DEBUG] 有效检测数量: 0
2026-06-05 15:50:59 [DEBUG] 检测输出为空
2026-06-05 15:50:59 [INFO] 掩码中检测到的类别: [0, 1, 2, 3, 4, 5, 6, 7, 8, 9, 10, 11, 12, 13, 15]
2026-06-05 15:50:59 [INFO] 分割完成，检测到 0 个物体
2026-06-05 15:50:59 [INFO] 从分割掩码中提取检测结果
2026-06-05 15:51:00 [INFO] 从掩码中提取了 541 个检测框
2026-06-05 15:51:00 [INFO] 计算出的车框矩形边界: (1095, 661) to (3274, 1641)
2026-06-05 15:51:00 [INFO] 原始检测数: 541, 过滤后检测数: 238
2026-06-05 15:51:00 [INFO] 保存分割和检测结果到: C:\code\show\Scrap_Steel_In_Field\photos\segmentation\segment_20260605_155100.jpg
2026-06-05 15:51:00 [INFO] JSON结果保存到: C:\code\show\Scrap_Steel_In_Field\photos\segmentation_result.json
2026-06-05 15:51:00 [INFO] 类别统计：{0: 54, 1: 46, 2: 24, 3: 9, 4: 40, 5: 34, 6: 30, 7: 33, 8: 58, 9: 62, 10: 31, 11: 19, 12: 24, 13: 51, 14: 0, 15: 26}
2026-06-05 15:51:00 [INFO] 面积统计：{0: 3074184.0, 1: 783108.0, 2: 46368.0, 3: 150300.0, 4: 143748.0, 5: 100296.0, 6: 534096.0, 7: 38844.0, 8: 1050948.0, 9: 339552.0, 10: 172404.0, 11: 368892.0, 12: 54684.0, 13: 641376.0, 15: 91872.0}
2026-06-05 15:51:00 [INFO] 分割成功
2026-06-05 15:51:00 [INFO] 引擎上下文已释放
2026-06-05 15:51:00 [INFO] TensorRT 引擎已释放
2026-06-05 15:51:00 [INFO] 全局 CUDA 资源已释放
2026-06-05 15:51:00 [INFO] 分割系统资源已释放
2026-06-05 15:51:04 [INFO] CUDA 初始化成功
2026-06-05 15:51:04 [INFO] 引擎加载成功: scrap_steel.engine
2026-06-05 15:51:04 [INFO] 分割系统初始化成功
2026-06-05 15:51:04 [INFO] 图像预处理完成，原始尺寸: (2160, 3840)
2026-06-05 15:51:04 [INFO] 开始执行分割...
2026-06-05 15:51:04 [DEBUG] 处理后的检测结果形状: (1, 8400, 6)
2026-06-05 15:51:04 [DEBUG] 示例检测结果: [[-4.15599823e+00 -3.18035793e+00  3.90803528e+01  1.47328615e+01
   3.54253302e-08  5.00000000e+00]
 [-6.71501160e+00 -3.01341629e+00  4.48025208e+01  2.87391205e+01
   8.60057625e-09  9.00000000e+00]
 [-3.64482117e+00 -3.36581421e+00  4.59390793e+01  2.96475945e+01
   3.92500432e-09  9.00000000e+00]]
2026-06-05 15:51:04 [DEBUG] 处理后检测输出形状: (0, 52)
2026-06-05 15:51:04 [DEBUG] 有效检测数量: 0
2026-06-05 15:51:04 [DEBUG] 检测输出为空
2026-06-05 15:51:04 [INFO] 掩码中检测到的类别: [0, 1, 2, 3, 4, 5, 6, 7, 8, 9, 10, 11, 12, 13, 14, 15]
2026-06-05 15:51:04 [INFO] 分割完成，检测到 0 个物体
2026-06-05 15:51:04 [INFO] 从分割掩码中提取检测结果
2026-06-05 15:51:05 [INFO] 从掩码中提取了 555 个检测框
2026-06-05 15:51:05 [INFO] 计算出的车框矩形边界: (1095, 664) to (3273, 1641)
2026-06-05 15:51:05 [INFO] 原始检测数: 555, 过滤后检测数: 240
2026-06-05 15:51:05 [INFO] 保存分割和检测结果到: C:\code\show\Scrap_Steel_In_Field\photos\segmentation\segment_20260605_155105.jpg
2026-06-05 15:51:05 [INFO] JSON结果保存到: C:\code\show\Scrap_Steel_In_Field\photos\segmentation_result.json
2026-06-05 15:51:05 [INFO] 类别统计：{0: 60, 1: 49, 2: 28, 3: 10, 4: 40, 5: 34, 6: 34, 7: 36, 8: 62, 9: 50, 10: 37, 11: 13, 12: 24, 13: 46, 14: 0, 15: 32}
2026-06-05 15:51:05 [INFO] 面积统计：{0: 2970360.0, 1: 781128.0, 2: 49536.0, 3: 156060.0, 4: 159516.0, 5: 102960.0, 6: 512352.0, 7: 43992.0, 8: 1046844.0, 9: 325080.0, 10: 164304.0, 11: 380556.0, 12: 70560.0, 13: 644148.0, 14: 180.0, 15: 94068.0}
2026-06-05 15:51:05 [INFO] 分割成功
2026-06-05 15:51:05 [INFO] 引擎上下文已释放
2026-06-05 15:51:05 [INFO] TensorRT 引擎已释放
2026-06-05 15:51:05 [INFO] 全局 CUDA 资源已释放
2026-06-05 15:51:05 [INFO] 分割系统资源已释放
2026-06-05 15:51:09 [INFO] CUDA 初始化成功
2026-06-05 15:51:09 [INFO] 引擎加载成功: scrap_steel.engine
2026-06-05 15:51:09 [INFO] 分割系统初始化成功
2026-06-05 15:51:09 [INFO] 图像预处理完成，原始尺寸: (2160, 3840)
2026-06-05 15:51:09 [INFO] 开始执行分割...
2026-06-05 15:51:09 [DEBUG] 处理后的检测结果形状: (1, 8400, 6)
2026-06-05 15:51:09 [DEBUG] 示例检测结果: [[-4.14192581e+00 -3.15024614e+00  3.90519867e+01  1.45473099e+01
   3.56970844e-08  5.00000000e+00]
 [-6.76295090e+00 -2.97792053e+00  4.47896156e+01  2.84645691e+01
   8.58793836e-09  9.00000000e+00]
 [-3.68459320e+00 -3.35402679e+00  4.59465256e+01  2.94718742e+01
   4.01942302e-09  9.00000000e+00]]
2026-06-05 15:51:09 [DEBUG] 处理后检测输出形状: (0, 52)
2026-06-05 15:51:09 [DEBUG] 有效检测数量: 0
2026-06-05 15:51:09 [DEBUG] 检测输出为空
2026-06-05 15:51:09 [INFO] 掩码中检测到的类别: [0, 1, 2, 3, 4, 5, 6, 7, 8, 9, 10, 11, 12, 13, 14, 15]
2026-06-05 15:51:09 [INFO] 分割完成，检测到 0 个物体
2026-06-05 15:51:09 [INFO] 从分割掩码中提取检测结果
2026-06-05 15:51:10 [INFO] 从掩码中提取了 562 个检测框
2026-06-05 15:51:10 [INFO] 计算出的车框矩形边界: (1094, 660) to (3274, 1641)
2026-06-05 15:51:10 [INFO] 原始检测数: 562, 过滤后检测数: 264
2026-06-05 15:51:11 [INFO] 保存分割和检测结果到: C:\code\show\Scrap_Steel_In_Field\photos\segmentation\segment_20260605_155110.jpg
2026-06-05 15:51:11 [INFO] JSON结果保存到: C:\code\show\Scrap_Steel_In_Field\photos\segmentation_result.json
2026-06-05 15:51:11 [INFO] 类别统计：{0: 58, 1: 46, 2: 27, 3: 10, 4: 41, 5: 35, 6: 39, 7: 36, 8: 58, 9: 63, 10: 35, 11: 17, 12: 23, 13: 51, 14: 0, 15: 23}
2026-06-05 15:51:11 [INFO] 面积统计：{0: 3133476.0, 1: 783432.0, 2: 50796.0, 3: 150408.0, 4: 157500.0, 5: 105156.0, 6: 528840.0, 7: 40896.0, 8: 986400.0, 9: 335844.0, 10: 170964.0, 11: 391356.0, 12: 60768.0, 13: 649512.0, 14: 180.0, 15: 115128.0}
2026-06-05 15:51:11 [INFO] 分割成功
2026-06-05 15:51:11 [INFO] 引擎上下文已释放
2026-06-05 15:51:11 [INFO] TensorRT 引擎已释放
2026-06-05 15:51:11 [INFO] 全局 CUDA 资源已释放
2026-06-05 15:51:11 [INFO] 分割系统资源已释放
2026-06-05 15:51:14 [INFO] CUDA 初始化成功
2026-06-05 15:51:14 [INFO] 引擎加载成功: scrap_steel.engine
2026-06-05 15:51:14 [INFO] 分割系统初始化成功
2026-06-05 15:51:15 [INFO] 图像预处理完成，原始尺寸: (2160, 3840)
2026-06-05 15:51:15 [INFO] 开始执行分割...
2026-06-05 15:51:15 [DEBUG] 处理后的检测结果形状: (1, 8400, 6)
2026-06-05 15:51:15 [DEBUG] 示例检测结果: [[-4.18450546e+00 -3.17063236e+00  3.91183510e+01  1.46811152e+01
   3.54253302e-08  5.00000000e+00]
 [-6.78123474e+00 -2.97776222e+00  4.47619553e+01  2.85930653e+01
   8.53323812e-09  9.00000000e+00]
 [-3.67535400e+00 -3.35055923e+00  4.59013290e+01  2.94687119e+01
   3.95574062e-09  9.00000000e+00]]
2026-06-05 15:51:15 [DEBUG] 处理后检测输出形状: (0, 52)
2026-06-05 15:51:15 [DEBUG] 有效检测数量: 0
2026-06-05 15:51:15 [DEBUG] 检测输出为空
2026-06-05 15:51:15 [INFO] 掩码中检测到的类别: [0, 1, 2, 3, 4, 5, 6, 7, 8, 9, 10, 11, 12, 13, 14, 15]
2026-06-05 15:51:15 [INFO] 分割完成，检测到 0 个物体
2026-06-05 15:51:15 [INFO] 从分割掩码中提取检测结果
2026-06-05 15:51:15 [INFO] 从掩码中提取了 546 个检测框
2026-06-05 15:51:15 [INFO] 计算出的车框矩形边界: (1095, 660) to (3277, 1641)
2026-06-05 15:51:15 [INFO] 原始检测数: 546, 过滤后检测数: 259
2026-06-05 15:51:16 [INFO] 保存分割和检测结果到: C:\code\show\Scrap_Steel_In_Field\photos\segmentation\segment_20260605_155115.jpg
2026-06-05 15:51:16 [INFO] JSON结果保存到: C:\code\show\Scrap_Steel_In_Field\photos\segmentation_result.json
2026-06-05 15:51:16 [INFO] 类别统计：{0: 56, 1: 41, 2: 28, 3: 8, 4: 43, 5: 31, 6: 29, 7: 42, 8: 57, 9: 53, 10: 32, 11: 17, 12: 24, 13: 56, 14: 0, 15: 29}
2026-06-05 15:51:16 [INFO] 面积统计：{0: 3059136.0, 1: 806400.0, 2: 51768.0, 3: 149004.0, 4: 157824.0, 5: 110160.0, 6: 533952.0, 7: 46836.0, 8: 1036116.0, 9: 316188.0, 10: 170928.0, 11: 372240.0, 12: 66600.0, 13: 644436.0, 14: 144.0, 15: 92628.0}
2026-06-05 15:51:16 [INFO] 分割成功
2026-06-05 15:51:16 [INFO] 引擎上下文已释放
2026-06-05 15:51:16 [INFO] TensorRT 引擎已释放
2026-06-05 15:51:16 [INFO] 全局 CUDA 资源已释放
2026-06-05 15:51:16 [INFO] 分割系统资源已释放
2026-06-05 15:51:20 [INFO] CUDA 初始化成功
2026-06-05 15:51:20 [INFO] 引擎加载成功: scrap_steel.engine
2026-06-05 15:51:20 [INFO] 分割系统初始化成功
2026-06-05 15:51:20 [INFO] 图像预处理完成，原始尺寸: (2160, 3840)
2026-06-05 15:51:20 [INFO] 开始执行分割...
2026-06-05 15:51:20 [DEBUG] 处理后的检测结果形状: (1, 8400, 6)
2026-06-05 15:51:20 [DEBUG] 示例检测结果: [[-4.17331696e+00 -3.17141867e+00  3.90149422e+01  1.47218494e+01
   3.57041294e-08  5.00000000e+00]
 [-6.76949692e+00 -3.02458191e+00  4.46394310e+01  2.86406708e+01
   8.50510062e-09  9.00000000e+00]
 [-3.68076324e+00 -3.39177704e+00  4.58689156e+01  2.95330353e+01
   3.95353084e-09  9.00000000e+00]]
2026-06-05 15:51:20 [DEBUG] 处理后检测输出形状: (0, 52)
2026-06-05 15:51:20 [DEBUG] 有效检测数量: 0
2026-06-05 15:51:20 [DEBUG] 检测输出为空
2026-06-05 15:51:20 [INFO] 掩码中检测到的类别: [0, 1, 2, 3, 4, 5, 6, 7, 8, 9, 10, 11, 12, 13, 14, 15]
2026-06-05 15:51:20 [INFO] 分割完成，检测到 0 个物体
2026-06-05 15:51:20 [INFO] 从分割掩码中提取检测结果
2026-06-05 15:51:20 [INFO] 从掩码中提取了 547 个检测框
2026-06-05 15:51:20 [INFO] 计算出的车框矩形边界: (1095, 659) to (3274, 1641)
2026-06-05 15:51:20 [INFO] 原始检测数: 547, 过滤后检测数: 236
2026-06-05 15:51:21 [INFO] 保存分割和检测结果到: C:\code\show\Scrap_Steel_In_Field\photos\segmentation\segment_20260605_155120.jpg
2026-06-05 15:51:21 [INFO] JSON结果保存到: C:\code\show\Scrap_Steel_In_Field\photos\segmentation_result.json
2026-06-05 15:51:21 [INFO] 类别统计：{0: 63, 1: 48, 2: 28, 3: 9, 4: 36, 5: 38, 6: 33, 7: 29, 8: 56, 9: 58, 10: 30, 11: 19, 12: 24, 13: 48, 14: 0, 15: 28}
2026-06-05 15:51:21 [INFO] 面积统计：{0: 3062052.0, 1: 790812.0, 2: 52452.0, 3: 144324.0, 4: 151848.0, 5: 102204.0, 6: 510948.0, 7: 39168.0, 8: 1039032.0, 9: 339372.0, 10: 163656.0, 11: 364356.0, 12: 67212.0, 13: 642528.0, 14: 180.0, 15: 79200.0}
2026-06-05 15:51:21 [INFO] 分割成功
2026-06-05 15:51:21 [INFO] 引擎上下文已释放
2026-06-05 15:51:21 [INFO] TensorRT 引擎已释放
2026-06-05 15:51:21 [INFO] 全局 CUDA 资源已释放
2026-06-05 15:51:21 [INFO] 分割系统资源已释放
2026-06-05 15:51:25 [INFO] CUDA 初始化成功
2026-06-05 15:51:25 [INFO] 引擎加载成功: scrap_steel.engine
2026-06-05 15:51:25 [INFO] 分割系统初始化成功
2026-06-05 15:51:25 [INFO] 图像预处理完成，原始尺寸: (2160, 3840)
2026-06-05 15:51:25 [INFO] 开始执行分割...
2026-06-05 15:51:25 [DEBUG] 处理后的检测结果形状: (1, 8400, 6)
2026-06-05 15:51:25 [DEBUG] 示例检测结果: [[-4.21749115e+00 -3.19169044e+00  3.91281967e+01  1.47990780e+01
   3.56970844e-08  5.00000000e+00]
 [-6.81588364e+00 -3.02355194e+00  4.47510643e+01  2.87746429e+01
   8.68959305e-09  9.00000000e+00]
 [-3.69613647e+00 -3.41941643e+00  4.59581871e+01  2.95864811e+01
   3.98843270e-09  9.00000000e+00]]
2026-06-05 15:51:25 [DEBUG] 处理后检测输出形状: (0, 52)
2026-06-05 15:51:25 [DEBUG] 有效检测数量: 0
2026-06-05 15:51:25 [DEBUG] 检测输出为空
2026-06-05 15:51:25 [INFO] 掩码中检测到的类别: [0, 1, 2, 3, 4, 5, 6, 7, 8, 9, 10, 11, 12, 13, 14, 15]
2026-06-05 15:51:25 [INFO] 分割完成，检测到 0 个物体
2026-06-05 15:51:25 [INFO] 从分割掩码中提取检测结果
2026-06-05 15:51:26 [INFO] 从掩码中提取了 558 个检测框
2026-06-05 15:51:26 [INFO] 计算出的车框矩形边界: (1095, 661) to (3277, 1640)
2026-06-05 15:51:26 [INFO] 原始检测数: 558, 过滤后检测数: 249
2026-06-05 15:51:26 [INFO] 保存分割和检测结果到: C:\code\show\Scrap_Steel_In_Field\photos\segmentation\segment_20260605_155126.jpg
2026-06-05 15:51:26 [INFO] JSON结果保存到: C:\code\show\Scrap_Steel_In_Field\photos\segmentation_result.json
2026-06-05 15:51:26 [INFO] 类别统计：{0: 63, 1: 50, 2: 29, 3: 11, 4: 35, 5: 36, 6: 31, 7: 38, 8: 52, 9: 60, 10: 32, 11: 17, 12: 19, 13: 59, 14: 0, 15: 26}
2026-06-05 15:51:26 [INFO] 面积统计：{0: 2961072.0, 1: 778320.0, 2: 53064.0, 3: 154404.0, 4: 166716.0, 5: 101412.0, 6: 526464.0, 7: 45648.0, 8: 1037772.0, 9: 342432.0, 10: 162360.0, 11: 375948.0, 12: 72144.0, 13: 637488.0, 14: 108.0, 15: 100764.0}
2026-06-05 15:51:26 [INFO] 分割成功
2026-06-05 15:51:26 [INFO] 引擎上下文已释放
2026-06-05 15:51:26 [INFO] TensorRT 引擎已释放
2026-06-05 15:51:26 [INFO] 全局 CUDA 资源已释放
2026-06-05 15:51:26 [INFO] 分割系统资源已释放
2026-06-05 15:51:30 [INFO] CUDA 初始化成功
2026-06-05 15:51:30 [INFO] 引擎加载成功: scrap_steel.engine
2026-06-05 15:51:30 [INFO] 分割系统初始化成功
2026-06-05 15:51:30 [INFO] 图像预处理完成，原始尺寸: (2160, 3840)
2026-06-05 15:51:30 [INFO] 开始执行分割...
2026-06-05 15:51:30 [DEBUG] 处理后的检测结果形状: (1, 8400, 6)
2026-06-05 15:51:30 [DEBUG] 示例检测结果: [[-4.15109253e+00 -3.16970444e+00  3.90916977e+01  1.46787643e+01
   3.59688421e-08  5.00000000e+00]
 [-6.75598145e+00 -2.98532677e+00  4.48154755e+01  2.86943741e+01
   8.79756268e-09  9.00000000e+00]
 [-3.69489288e+00 -3.38869858e+00  4.59738998e+01  2.96334572e+01
   4.11769463e-09  9.00000000e+00]]
2026-06-05 15:51:30 [DEBUG] 处理后检测输出形状: (0, 52)
2026-06-05 15:51:30 [DEBUG] 有效检测数量: 0
2026-06-05 15:51:30 [DEBUG] 检测输出为空
2026-06-05 15:51:30 [INFO] 掩码中检测到的类别: [0, 1, 2, 3, 4, 5, 6, 7, 8, 9, 10, 11, 12, 13, 14, 15]
2026-06-05 15:51:30 [INFO] 分割完成，检测到 0 个物体
2026-06-05 15:51:30 [INFO] 从分割掩码中提取检测结果
2026-06-05 15:51:30 [INFO] 从掩码中提取了 538 个检测框
2026-06-05 15:51:30 [INFO] 计算出的车框矩形边界: (1095, 660) to (3272, 1641)
2026-06-05 15:51:30 [INFO] 原始检测数: 538, 过滤后检测数: 244
2026-06-05 15:51:31 [INFO] 保存分割和检测结果到: C:\code\show\Scrap_Steel_In_Field\photos\segmentation\segment_20260605_155130.jpg
2026-06-05 15:51:31 [INFO] JSON结果保存到: C:\code\show\Scrap_Steel_In_Field\photos\segmentation_result.json
2026-06-05 15:51:31 [INFO] 类别统计：{0: 66, 1: 53, 2: 30, 3: 9, 4: 40, 5: 37, 6: 33, 7: 38, 8: 46, 9: 53, 10: 30, 11: 15, 12: 17, 13: 48, 14: 0, 15: 23}
2026-06-05 15:51:31 [INFO] 面积统计：{0: 3040884.0, 1: 775152.0, 2: 51228.0, 3: 156780.0, 4: 157932.0, 5: 103608.0, 6: 556128.0, 7: 48456.0, 8: 1027224.0, 9: 342612.0, 10: 160704.0, 11: 379872.0, 12: 55080.0, 13: 633276.0, 14: 216.0, 15: 91116.0}
2026-06-05 15:51:31 [INFO] 分割成功
2026-06-05 15:51:31 [INFO] 引擎上下文已释放
2026-06-05 15:51:31 [INFO] TensorRT 引擎已释放
2026-06-05 15:51:31 [INFO] 全局 CUDA 资源已释放
2026-06-05 15:51:31 [INFO] 分割系统资源已释放
2026-06-05 15:51:35 [INFO] CUDA 初始化成功
2026-06-05 15:51:35 [INFO] 引擎加载成功: scrap_steel.engine
2026-06-05 15:51:35 [INFO] 分割系统初始化成功
2026-06-05 15:51:35 [INFO] 图像预处理完成，原始尺寸: (2160, 3840)
2026-06-05 15:51:35 [INFO] 开始执行分割...
2026-06-05 15:51:35 [DEBUG] 处理后的检测结果形状: (1, 8400, 6)
2026-06-05 15:51:35 [DEBUG] 示例检测结果: [[-4.18524551e+00 -3.19582462e+00  3.90142441e+01  1.47842379e+01
   3.54302330e-08  5.00000000e+00]
 [-6.77941513e+00 -3.02691269e+00  4.47143059e+01  2.86487522e+01
   8.40560421e-09  9.00000000e+00]
 [-3.67200470e+00 -3.38013172e+00  4.59094315e+01  2.95178223e+01
   3.92304855e-09  9.00000000e+00]]
2026-06-05 15:51:35 [DEBUG] 处理后检测输出形状: (0, 52)
2026-06-05 15:51:35 [DEBUG] 有效检测数量: 0
2026-06-05 15:51:35 [DEBUG] 检测输出为空
2026-06-05 15:51:35 [INFO] 掩码中检测到的类别: [0, 1, 2, 3, 4, 5, 6, 7, 8, 9, 10, 11, 12, 13, 14, 15]
2026-06-05 15:51:35 [INFO] 分割完成，检测到 0 个物体
2026-06-05 15:51:35 [INFO] 从分割掩码中提取检测结果
2026-06-05 15:51:35 [INFO] 从掩码中提取了 544 个检测框
2026-06-05 15:51:35 [INFO] 计算出的车框矩形边界: (1095, 662) to (3277, 1640)
2026-06-05 15:51:35 [INFO] 原始检测数: 544, 过滤后检测数: 254
2026-06-05 15:51:36 [INFO] 保存分割和检测结果到: C:\code\show\Scrap_Steel_In_Field\photos\segmentation\segment_20260605_155135.jpg
2026-06-05 15:51:36 [INFO] JSON结果保存到: C:\code\show\Scrap_Steel_In_Field\photos\segmentation_result.json
2026-06-05 15:51:36 [INFO] 类别统计：{0: 58, 1: 50, 2: 30, 3: 8, 4: 38, 5: 32, 6: 33, 7: 34, 8: 59, 9: 50, 10: 35, 11: 17, 12: 21, 13: 50, 14: 0, 15: 29}
2026-06-05 15:51:36 [INFO] 面积统计：{0: 3111228.0, 1: 765432.0, 2: 53352.0, 3: 150804.0, 4: 153324.0, 5: 102636.0, 6: 533484.0, 7: 45144.0, 8: 1030608.0, 9: 317124.0, 10: 163872.0, 11: 379440.0, 12: 66420.0, 13: 649620.0, 14: 144.0, 15: 85824.0}
2026-06-05 15:51:36 [INFO] 分割成功
2026-06-05 15:51:36 [INFO] 引擎上下文已释放
2026-06-05 15:51:36 [INFO] TensorRT 引擎已释放
2026-06-05 15:51:36 [INFO] 全局 CUDA 资源已释放
2026-06-05 15:51:36 [INFO] 分割系统资源已释放
2026-06-05 15:51:41 [INFO] CUDA 初始化成功
2026-06-05 15:51:41 [INFO] 引擎加载成功: scrap_steel.engine
2026-06-05 15:51:41 [INFO] 分割系统初始化成功
2026-06-05 15:51:41 [INFO] 图像预处理完成，原始尺寸: (2160, 3840)
2026-06-05 15:51:41 [INFO] 开始执行分割...
2026-06-05 15:51:41 [DEBUG] 处理后的检测结果形状: (1, 8400, 6)
2026-06-05 15:51:41 [DEBUG] 示例检测结果: [[-4.15724182e+00 -3.15796947e+00  3.88986168e+01  1.46321535e+01
   3.57041294e-08  5.00000000e+00]
 [-6.76469040e+00 -2.99846077e+00  4.46204262e+01  2.85007381e+01
   8.59382965e-09  9.00000000e+00]
 [-3.68767929e+00 -3.39109421e+00  4.58944511e+01  2.94501266e+01
   4.01807299e-09  9.00000000e+00]]
2026-06-05 15:51:41 [DEBUG] 处理后检测输出形状: (0, 52)
2026-06-05 15:51:41 [DEBUG] 有效检测数量: 0
2026-06-05 15:51:41 [DEBUG] 检测输出为空
2026-06-05 15:51:41 [INFO] 掩码中检测到的类别: [0, 1, 2, 3, 4, 5, 6, 7, 8, 9, 10, 11, 12, 13, 14, 15]
2026-06-05 15:51:41 [INFO] 分割完成，检测到 0 个物体
2026-06-05 15:51:41 [INFO] 从分割掩码中提取检测结果
2026-06-05 15:51:41 [INFO] 从掩码中提取了 550 个检测框
2026-06-05 15:51:41 [INFO] 计算出的车框矩形边界: (1094, 660) to (3278, 1640)
2026-06-05 15:51:41 [INFO] 原始检测数: 550, 过滤后检测数: 250
2026-06-05 15:51:42 [INFO] 保存分割和检测结果到: C:\code\show\Scrap_Steel_In_Field\photos\segmentation\segment_20260605_155141.jpg
2026-06-05 15:51:42 [INFO] JSON结果保存到: C:\code\show\Scrap_Steel_In_Field\photos\segmentation_result.json
2026-06-05 15:51:42 [INFO] 类别统计：{0: 54, 1: 50, 2: 29, 3: 8, 4: 39, 5: 33, 6: 30, 7: 37, 8: 57, 9: 59, 10: 31, 11: 15, 12: 23, 13: 57, 14: 0, 15: 28}
2026-06-05 15:51:42 [INFO] 面积统计：{0: 3081168.0, 1: 801072.0, 2: 52704.0, 3: 148500.0, 4: 151344.0, 5: 106272.0, 6: 543708.0, 7: 47592.0, 8: 1021716.0, 9: 349092.0, 10: 164124.0, 11: 368928.0, 12: 55008.0, 13: 644256.0, 14: 144.0, 15: 100332.0}
2026-06-05 15:51:42 [INFO] 分割成功
2026-06-05 15:51:42 [INFO] 引擎上下文已释放
2026-06-05 15:51:42 [INFO] TensorRT 引擎已释放
2026-06-05 15:51:42 [INFO] 全局 CUDA 资源已释放
2026-06-05 15:51:42 [INFO] 分割系统资源已释放
2026-06-05 15:51:45 [INFO] CUDA 初始化成功
2026-06-05 15:51:45 [INFO] 引擎加载成功: scrap_steel.engine
2026-06-05 15:51:45 [INFO] 分割系统初始化成功
2026-06-05 15:51:45 [INFO] 图像预处理完成，原始尺寸: (2160, 3840)
2026-06-05 15:51:45 [INFO] 开始执行分割...
2026-06-05 15:51:45 [DEBUG] 处理后的检测结果形状: (1, 8400, 6)
2026-06-05 15:51:45 [DEBUG] 示例检测结果: [[-4.17182159e+00 -3.21240234e+00  3.90659294e+01  1.48751869e+01
   3.57041294e-08  5.00000000e+00]
 [-6.78692245e+00 -3.04746437e+00  4.46844749e+01  2.87728291e+01
   8.49368575e-09  9.00000000e+00]
 [-3.66640472e+00 -3.40635872e+00  4.58532410e+01  2.95213261e+01
   3.90670252e-09  9.00000000e+00]]
2026-06-05 15:51:45 [DEBUG] 处理后检测输出形状: (0, 52)
2026-06-05 15:51:45 [DEBUG] 有效检测数量: 0
2026-06-05 15:51:45 [DEBUG] 检测输出为空
2026-06-05 15:51:45 [INFO] 掩码中检测到的类别: [0, 1, 2, 3, 4, 5, 6, 7, 8, 9, 10, 11, 12, 13, 14, 15]
2026-06-05 15:51:45 [INFO] 分割完成，检测到 0 个物体
2026-06-05 15:51:45 [INFO] 从分割掩码中提取检测结果
2026-06-05 15:51:46 [INFO] 从掩码中提取了 540 个检测框
2026-06-05 15:51:46 [INFO] 计算出的车框矩形边界: (1095, 660) to (3277, 1642)
2026-06-05 15:51:46 [INFO] 原始检测数: 540, 过滤后检测数: 251
2026-06-05 15:51:46 [INFO] 保存分割和检测结果到: C:\code\show\Scrap_Steel_In_Field\photos\segmentation\segment_20260605_155146.jpg
2026-06-05 15:51:46 [INFO] JSON结果保存到: C:\code\show\Scrap_Steel_In_Field\photos\segmentation_result.json
2026-06-05 15:51:46 [INFO] 类别统计：{0: 65, 1: 43, 2: 32, 3: 8, 4: 34, 5: 35, 6: 31, 7: 35, 8: 57, 9: 53, 10: 32, 11: 20, 12: 22, 13: 51, 14: 0, 15: 22}
2026-06-05 15:51:46 [INFO] 面积统计：{0: 3086064.0, 1: 785592.0, 2: 57960.0, 3: 151992.0, 4: 149616.0, 5: 105840.0, 6: 547524.0, 7: 49104.0, 8: 1040256.0, 9: 351468.0, 10: 166644.0, 11: 362268.0, 12: 54396.0, 13: 633600.0, 14: 216.0, 15: 91044.0}
2026-06-05 15:51:46 [INFO] 分割成功
2026-06-05 15:51:46 [INFO] 引擎上下文已释放
2026-06-05 15:51:46 [INFO] TensorRT 引擎已释放
2026-06-05 15:51:46 [INFO] 全局 CUDA 资源已释放
2026-06-05 15:51:46 [INFO] 分割系统资源已释放
2026-06-05 15:51:50 [INFO] CUDA 初始化成功
2026-06-05 15:51:50 [INFO] 引擎加载成功: scrap_steel.engine
2026-06-05 15:51:50 [INFO] 分割系统初始化成功
2026-06-05 15:51:50 [INFO] 图像预处理完成，原始尺寸: (2160, 3840)
2026-06-05 15:51:50 [INFO] 开始执行分割...
2026-06-05 15:51:50 [DEBUG] 处理后的检测结果形状: (1, 8400, 6)
2026-06-05 15:51:50 [DEBUG] 示例检测结果: [[-4.17257690e+00 -3.17080307e+00  3.88954010e+01  1.47231178e+01
   3.54302330e-08  5.00000000e+00]
 [-6.76086426e+00 -3.02350426e+00  4.46098938e+01  2.86411839e+01
   8.43130366e-09  9.00000000e+00]
 [-3.65915680e+00 -3.39357281e+00  4.58486519e+01  2.94454842e+01
   3.93839628e-09  9.00000000e+00]]
2026-06-05 15:51:50 [DEBUG] 处理后检测输出形状: (0, 52)
2026-06-05 15:51:50 [DEBUG] 有效检测数量: 0
2026-06-05 15:51:50 [DEBUG] 检测输出为空
2026-06-05 15:51:50 [INFO] 掩码中检测到的类别: [0, 1, 2, 3, 4, 5, 6, 7, 8, 9, 10, 11, 12, 13, 14, 15]
2026-06-05 15:51:51 [INFO] 分割完成，检测到 0 个物体
2026-06-05 15:51:51 [INFO] 从分割掩码中提取检测结果
2026-06-05 15:51:51 [INFO] 从掩码中提取了 535 个检测框
2026-06-05 15:51:51 [INFO] 计算出的车框矩形边界: (1095, 662) to (3277, 1641)
2026-06-05 15:51:51 [INFO] 原始检测数: 535, 过滤后检测数: 250
2026-06-05 15:51:51 [INFO] 保存分割和检测结果到: C:\code\show\Scrap_Steel_In_Field\photos\segmentation\segment_20260605_155151.jpg
2026-06-05 15:51:51 [INFO] JSON结果保存到: C:\code\show\Scrap_Steel_In_Field\photos\segmentation_result.json
2026-06-05 15:51:51 [INFO] 类别统计：{0: 52, 1: 54, 2: 28, 3: 9, 4: 39, 5: 34, 6: 31, 7: 35, 8: 55, 9: 50, 10: 29, 11: 16, 12: 24, 13: 54, 14: 0, 15: 25}
2026-06-05 15:51:51 [INFO] 面积统计：{0: 3074256.0, 1: 760212.0, 2: 49860.0, 3: 150480.0, 4: 151056.0, 5: 103068.0, 6: 548676.0, 7: 50904.0, 8: 1020924.0, 9: 337032.0, 10: 161964.0, 11: 362304.0, 12: 65664.0, 13: 626652.0, 14: 144.0, 15: 89136.0}
2026-06-05 15:51:51 [INFO] 分割成功
2026-06-05 15:51:51 [INFO] 引擎上下文已释放
2026-06-05 15:51:51 [INFO] TensorRT 引擎已释放
2026-06-05 15:51:51 [INFO] 全局 CUDA 资源已释放
2026-06-05 15:51:51 [INFO] 分割系统资源已释放
2026-06-05 15:51:56 [INFO] CUDA 初始化成功
2026-06-05 15:51:56 [INFO] 引擎加载成功: scrap_steel.engine
2026-06-05 15:51:56 [INFO] 分割系统初始化成功
2026-06-05 15:51:56 [INFO] 图像预处理完成，原始尺寸: (2160, 3840)
2026-06-05 15:51:56 [INFO] 开始执行分割...
2026-06-05 15:51:56 [DEBUG] 处理后的检测结果形状: (1, 8400, 6)
2026-06-05 15:51:56 [DEBUG] 示例检测结果: [[-4.15546036e+00 -3.17260122e+00  3.90876389e+01  1.47176571e+01
   3.57041294e-08  5.00000000e+00]
 [-6.76238632e+00 -3.01227570e+00  4.47936440e+01  2.87015152e+01
   8.46030446e-09  9.00000000e+00]
 [-3.65267181e+00 -3.37681198e+00  4.59632034e+01  2.95754280e+01
   3.98843270e-09  9.00000000e+00]]
2026-06-05 15:51:56 [DEBUG] 处理后检测输出形状: (0, 52)
2026-06-05 15:51:56 [DEBUG] 有效检测数量: 0
2026-06-05 15:51:56 [DEBUG] 检测输出为空
2026-06-05 15:51:56 [INFO] 掩码中检测到的类别: [0, 1, 2, 3, 4, 5, 6, 7, 8, 9, 10, 11, 12, 13, 14, 15]
2026-06-05 15:51:56 [INFO] 分割完成，检测到 0 个物体
2026-06-05 15:51:56 [INFO] 从分割掩码中提取检测结果
2026-06-05 15:51:56 [INFO] 从掩码中提取了 560 个检测框
2026-06-05 15:51:56 [INFO] 计算出的车框矩形边界: (1095, 660) to (3277, 1642)
2026-06-05 15:51:56 [INFO] 原始检测数: 560, 过滤后检测数: 256
2026-06-05 15:51:57 [INFO] 保存分割和检测结果到: C:\code\show\Scrap_Steel_In_Field\photos\segmentation\segment_20260605_155156.jpg
2026-06-05 15:51:57 [INFO] JSON结果保存到: C:\code\show\Scrap_Steel_In_Field\photos\segmentation_result.json
2026-06-05 15:51:57 [INFO] 类别统计：{0: 69, 1: 52, 2: 30, 3: 7, 4: 42, 5: 35, 6: 37, 7: 39, 8: 48, 9: 58, 10: 31, 11: 15, 12: 21, 13: 50, 14: 0, 15: 26}
2026-06-05 15:51:57 [INFO] 面积统计：{0: 3068496.0, 1: 798912.0, 2: 56304.0, 3: 153612.0, 4: 151884.0, 5: 106128.0, 6: 549828.0, 7: 53280.0, 8: 1037016.0, 9: 339660.0, 10: 162792.0, 11: 381852.0, 12: 58716.0, 13: 645120.0, 14: 144.0, 15: 83916.0}
2026-06-05 15:51:57 [INFO] 分割成功
2026-06-05 15:51:57 [INFO] 引擎上下文已释放
2026-06-05 15:51:57 [INFO] TensorRT 引擎已释放
2026-06-05 15:51:57 [INFO] 全局 CUDA 资源已释放
2026-06-05 15:51:57 [INFO] 分割系统资源已释放
2026-06-05 15:52:00 [INFO] CUDA 初始化成功
2026-06-05 15:52:00 [INFO] 引擎加载成功: scrap_steel.engine
2026-06-05 15:52:00 [INFO] 分割系统初始化成功
2026-06-05 15:52:01 [INFO] 图像预处理完成，原始尺寸: (2160, 3840)
2026-06-05 15:52:01 [INFO] 开始执行分割...
2026-06-05 15:52:01 [DEBUG] 处理后的检测结果形状: (1, 8400, 6)
2026-06-05 15:52:01 [DEBUG] 示例检测结果: [[-4.21456909e+00 -3.19494390e+00  3.91540909e+01  1.48146534e+01
   3.58375551e-08  5.00000000e+00]
 [-6.76057816e+00 -3.03681374e+00  4.47422981e+01  2.87879848e+01
   8.53323812e-09  9.00000000e+00]
 [-3.64772034e+00 -3.38005829e+00  4.58929214e+01  2.96104317e+01
   3.92500432e-09  9.00000000e+00]]
2026-06-05 15:52:01 [DEBUG] 处理后检测输出形状: (0, 52)
2026-06-05 15:52:01 [DEBUG] 有效检测数量: 0
2026-06-05 15:52:01 [DEBUG] 检测输出为空
2026-06-05 15:52:01 [INFO] 掩码中检测到的类别: [0, 1, 2, 3, 4, 5, 6, 7, 8, 9, 10, 11, 12, 13, 14, 15]
2026-06-05 15:52:01 [INFO] 分割完成，检测到 0 个物体
2026-06-05 15:52:01 [INFO] 从分割掩码中提取检测结果
2026-06-05 15:52:01 [INFO] 从掩码中提取了 537 个检测框
2026-06-05 15:52:01 [INFO] 计算出的车框矩形边界: (1094, 659) to (3272, 1640)
2026-06-05 15:52:01 [INFO] 原始检测数: 537, 过滤后检测数: 247
2026-06-05 15:52:01 [INFO] 保存分割和检测结果到: C:\code\show\Scrap_Steel_In_Field\photos\segmentation\segment_20260605_155201.jpg
2026-06-05 15:52:01 [INFO] JSON结果保存到: C:\code\show\Scrap_Steel_In_Field\photos\segmentation_result.json
2026-06-05 15:52:01 [INFO] 类别统计：{0: 54, 1: 42, 2: 26, 3: 10, 4: 42, 5: 32, 6: 29, 7: 34, 8: 65, 9: 59, 10: 34, 11: 14, 12: 18, 13: 52, 14: 0, 15: 26}
2026-06-05 15:52:01 [INFO] 面积统计：{0: 3068208.0, 1: 781452.0, 2: 50076.0, 3: 145584.0, 4: 142308.0, 5: 103572.0, 6: 536472.0, 7: 43236.0, 8: 1012212.0, 9: 324360.0, 10: 176256.0, 11: 379008.0, 12: 71208.0, 13: 644220.0, 14: 144.0, 15: 91008.0}
2026-06-05 15:52:02 [INFO] 分割成功
2026-06-05 15:52:02 [INFO] 引擎上下文已释放
2026-06-05 15:52:02 [INFO] TensorRT 引擎已释放
2026-06-05 15:52:02 [INFO] 全局 CUDA 资源已释放
2026-06-05 15:52:02 [INFO] 分割系统资源已释放
2026-06-05 15:52:05 [INFO] CUDA 初始化成功
2026-06-05 15:52:06 [INFO] 引擎加载成功: scrap_steel.engine
2026-06-05 15:52:06 [INFO] 分割系统初始化成功
2026-06-05 15:52:06 [INFO] 图像预处理完成，原始尺寸: (2160, 3840)
2026-06-05 15:52:06 [INFO] 开始执行分割...
2026-06-05 15:52:06 [DEBUG] 处理后的检测结果形状: (1, 8400, 6)
2026-06-05 15:52:06 [DEBUG] 示例检测结果: [[-4.18572235e+00 -3.17773342e+00  3.89335022e+01  1.47637320e+01
   3.59780223e-08  5.00000000e+00]
 [-6.75864410e+00 -3.02393913e+00  4.46489792e+01  2.86770325e+01
   8.52706705e-09  9.00000000e+00]
 [-3.67415237e+00 -3.39187241e+00  4.58676147e+01  2.95559959e+01
   3.93839628e-09  9.00000000e+00]]
2026-06-05 15:52:06 [DEBUG] 处理后检测输出形状: (0, 52)
2026-06-05 15:52:06 [DEBUG] 有效检测数量: 0
2026-06-05 15:52:06 [DEBUG] 检测输出为空
2026-06-05 15:52:06 [INFO] 掩码中检测到的类别: [0, 1, 2, 3, 4, 5, 6, 7, 8, 9, 10, 11, 12, 13, 14, 15]
2026-06-05 15:52:06 [INFO] 分割完成，检测到 0 个物体
2026-06-05 15:52:06 [INFO] 从分割掩码中提取检测结果
2026-06-05 15:52:06 [INFO] 从掩码中提取了 537 个检测框
2026-06-05 15:52:06 [INFO] 计算出的车框矩形边界: (1094, 661) to (3278, 1641)
2026-06-05 15:52:06 [INFO] 原始检测数: 537, 过滤后检测数: 251
2026-06-05 15:52:07 [INFO] 保存分割和检测结果到: C:\code\show\Scrap_Steel_In_Field\photos\segmentation\segment_20260605_155206.jpg
2026-06-05 15:52:07 [INFO] JSON结果保存到: C:\code\show\Scrap_Steel_In_Field\photos\segmentation_result.json
2026-06-05 15:52:07 [INFO] 类别统计：{0: 50, 1: 45, 2: 28, 3: 7, 4: 41, 5: 36, 6: 31, 7: 41, 8: 56, 9: 53, 10: 37, 11: 14, 12: 20, 13: 52, 14: 0, 15: 26}
2026-06-05 15:52:07 [INFO] 面积统计：{0: 3019716.0, 1: 788040.0, 2: 48888.0, 3: 143604.0, 4: 154476.0, 5: 112140.0, 6: 527184.0, 7: 46836.0, 8: 1026180.0, 9: 317376.0, 10: 165348.0, 11: 367488.0, 12: 52524.0, 13: 632052.0, 14: 108.0, 15: 100260.0}
2026-06-05 15:52:07 [INFO] 分割成功
2026-06-05 15:52:07 [INFO] 引擎上下文已释放
2026-06-05 15:52:07 [INFO] TensorRT 引擎已释放
2026-06-05 15:52:07 [INFO] 全局 CUDA 资源已释放
2026-06-05 15:52:07 [INFO] 分割系统资源已释放
2026-06-05 15:52:11 [INFO] CUDA 初始化成功
2026-06-05 15:52:11 [INFO] 引擎加载成功: scrap_steel.engine
2026-06-05 15:52:11 [INFO] 分割系统初始化成功
2026-06-05 15:52:11 [INFO] 图像预处理完成，原始尺寸: (2160, 3840)
2026-06-05 15:52:11 [INFO] 开始执行分割...
2026-06-05 15:52:11 [DEBUG] 处理后的检测结果形状: (1, 8400, 6)
2026-06-05 15:52:11 [DEBUG] 示例检测结果: [[-4.16009903e+00 -3.17912960e+00  3.88999481e+01  1.46609774e+01
   3.51535725e-08  5.00000000e+00]
 [-6.76503372e+00 -3.01114845e+00  4.45751610e+01  2.85132198e+01
   8.53074855e-09  9.00000000e+00]
 [-3.68136215e+00 -3.40679932e+00  4.58586693e+01  2.93949699e+01
   3.91989907e-09  9.00000000e+00]]
2026-06-05 15:52:11 [DEBUG] 处理后检测输出形状: (0, 52)
2026-06-05 15:52:11 [DEBUG] 有效检测数量: 0
2026-06-05 15:52:11 [DEBUG] 检测输出为空
2026-06-05 15:52:11 [INFO] 掩码中检测到的类别: [0, 1, 2, 3, 4, 5, 6, 7, 8, 9, 10, 11, 12, 13, 14, 15]
2026-06-05 15:52:11 [INFO] 分割完成，检测到 0 个物体
2026-06-05 15:52:11 [INFO] 从分割掩码中提取检测结果
2026-06-05 15:52:11 [INFO] 从掩码中提取了 526 个检测框
2026-06-05 15:52:11 [INFO] 计算出的车框矩形边界: (1095, 662) to (3278, 1641)
2026-06-05 15:52:11 [INFO] 原始检测数: 526, 过滤后检测数: 248
2026-06-05 15:52:12 [INFO] 保存分割和检测结果到: C:\code\show\Scrap_Steel_In_Field\photos\segmentation\segment_20260605_155211.jpg
2026-06-05 15:52:12 [INFO] JSON结果保存到: C:\code\show\Scrap_Steel_In_Field\photos\segmentation_result.json
2026-06-05 15:52:12 [INFO] 类别统计：{0: 47, 1: 44, 2: 28, 3: 8, 4: 39, 5: 35, 6: 33, 7: 35, 8: 62, 9: 52, 10: 32, 11: 15, 12: 24, 13: 48, 14: 0, 15: 24}
2026-06-05 15:52:12 [INFO] 面积统计：{0: 3100284.0, 1: 775008.0, 2: 46332.0, 3: 147456.0, 4: 145188.0, 5: 105300.0, 6: 540504.0, 7: 42588.0, 8: 1019700.0, 9: 352404.0, 10: 167904.0, 11: 370152.0, 12: 55980.0, 13: 643176.0, 14: 144.0, 15: 103536.0}
2026-06-05 15:52:12 [INFO] 分割成功
2026-06-05 15:52:12 [INFO] 引擎上下文已释放
2026-06-05 15:52:12 [INFO] TensorRT 引擎已释放
2026-06-05 15:52:12 [INFO] 全局 CUDA 资源已释放
2026-06-05 15:52:12 [INFO] 分割系统资源已释放
2026-06-05 15:52:16 [INFO] CUDA 初始化成功
2026-06-05 15:52:16 [INFO] 引擎加载成功: scrap_steel.engine
2026-06-05 15:52:16 [INFO] 分割系统初始化成功
2026-06-05 15:52:16 [INFO] 图像预处理完成，原始尺寸: (2160, 3840)
2026-06-05 15:52:16 [INFO] 开始执行分割...
2026-06-05 15:52:16 [DEBUG] 处理后的检测结果形状: (1, 8400, 6)
2026-06-05 15:52:16 [DEBUG] 示例检测结果: [[-4.16709137e+00 -3.18265152e+00  3.89534035e+01  1.46439686e+01
   3.46297497e-08  5.00000000e+00]
 [-6.73360443e+00 -3.02898407e+00  4.47784843e+01  2.86650982e+01
   8.32491676e-09  9.00000000e+00]
 [-3.66112900e+00 -3.37998962e+00  4.59200020e+01  2.95590401e+01
   4.01598754e-09  9.00000000e+00]]
2026-06-05 15:52:16 [DEBUG] 处理后检测输出形状: (0, 52)
2026-06-05 15:52:16 [DEBUG] 有效检测数量: 0
2026-06-05 15:52:16 [DEBUG] 检测输出为空
2026-06-05 15:52:16 [INFO] 掩码中检测到的类别: [0, 1, 2, 3, 4, 5, 6, 7, 8, 9, 10, 11, 12, 13, 14, 15]
2026-06-05 15:52:16 [INFO] 分割完成，检测到 0 个物体
2026-06-05 15:52:16 [INFO] 从分割掩码中提取检测结果
2026-06-05 15:52:16 [INFO] 从掩码中提取了 552 个检测框
2026-06-05 15:52:16 [INFO] 计算出的车框矩形边界: (1094, 659) to (3278, 1641)
2026-06-05 15:52:16 [INFO] 原始检测数: 552, 过滤后检测数: 254
2026-06-05 15:52:17 [INFO] 保存分割和检测结果到: C:\code\show\Scrap_Steel_In_Field\photos\segmentation\segment_20260605_155216.jpg
2026-06-05 15:52:17 [INFO] JSON结果保存到: C:\code\show\Scrap_Steel_In_Field\photos\segmentation_result.json
2026-06-05 15:52:17 [INFO] 类别统计：{0: 58, 1: 55, 2: 28, 3: 8, 4: 38, 5: 41, 6: 37, 7: 30, 8: 57, 9: 49, 10: 37, 11: 18, 12: 18, 13: 49, 14: 0, 15: 29}
2026-06-05 15:52:17 [INFO] 面积统计：{0: 3056436.0, 1: 783360.0, 2: 59292.0, 3: 150480.0, 4: 142416.0, 5: 109764.0, 6: 561240.0, 7: 48420.0, 8: 1054836.0, 9: 338904.0, 10: 169992.0, 11: 386712.0, 12: 60768.0, 13: 643428.0, 14: 108.0, 15: 93384.0}
2026-06-05 15:52:17 [INFO] 分割成功
2026-06-05 15:52:17 [INFO] 引擎上下文已释放
2026-06-05 15:52:17 [INFO] TensorRT 引擎已释放
2026-06-05 15:52:17 [INFO] 全局 CUDA 资源已释放
2026-06-05 15:52:17 [INFO] 分割系统资源已释放
2026-06-05 15:52:21 [INFO] CUDA 初始化成功
2026-06-05 15:52:21 [INFO] 引擎加载成功: scrap_steel.engine
2026-06-05 15:52:21 [INFO] 分割系统初始化成功
2026-06-05 15:52:21 [INFO] 图像预处理完成，原始尺寸: (2160, 3840)
2026-06-05 15:52:21 [INFO] 开始执行分割...
2026-06-05 15:52:21 [DEBUG] 处理后的检测结果形状: (1, 8400, 6)
2026-06-05 15:52:21 [DEBUG] 示例检测结果: [[-4.14059830e+00 -3.15682507e+00  3.89729309e+01  1.46063375e+01
   3.54194150e-08  5.00000000e+00]
 [-6.72230530e+00 -2.99809265e+00  4.47381439e+01  2.87252998e+01
   8.58793836e-09  9.00000000e+00]
 [-3.66703796e+00 -3.37613583e+00  4.59416313e+01  2.96817894e+01
   3.98988043e-09  9.00000000e+00]]
2026-06-05 15:52:21 [DEBUG] 处理后检测输出形状: (0, 52)
2026-06-05 15:52:21 [DEBUG] 有效检测数量: 0
2026-06-05 15:52:21 [DEBUG] 检测输出为空
2026-06-05 15:52:21 [INFO] 掩码中检测到的类别: [0, 1, 2, 3, 4, 5, 6, 7, 8, 9, 10, 11, 12, 13, 14, 15]
2026-06-05 15:52:21 [INFO] 分割完成，检测到 0 个物体
2026-06-05 15:52:21 [INFO] 从分割掩码中提取检测结果
2026-06-05 15:52:21 [INFO] 从掩码中提取了 542 个检测框
2026-06-05 15:52:21 [INFO] 计算出的车框矩形边界: (1094, 663) to (3278, 1640)
2026-06-05 15:52:21 [INFO] 原始检测数: 542, 过滤后检测数: 251
2026-06-05 15:52:22 [INFO] 保存分割和检测结果到: C:\code\show\Scrap_Steel_In_Field\photos\segmentation\segment_20260605_155221.jpg
2026-06-05 15:52:22 [INFO] JSON结果保存到: C:\code\show\Scrap_Steel_In_Field\photos\segmentation_result.json
2026-06-05 15:52:22 [INFO] 类别统计：{0: 55, 1: 49, 2: 31, 3: 11, 4: 40, 5: 35, 6: 30, 7: 34, 8: 56, 9: 50, 10: 32, 11: 18, 12: 19, 13: 53, 14: 0, 15: 29}
2026-06-05 15:52:22 [INFO] 面积统计：{0: 3113172.0, 1: 760140.0, 2: 49536.0, 3: 149364.0, 4: 139500.0, 5: 108396.0, 6: 539568.0, 7: 49500.0, 8: 1021140.0, 9: 328608.0, 10: 168372.0, 11: 371556.0, 12: 69408.0, 13: 649404.0, 14: 72.0, 15: 88812.0}
2026-06-05 15:52:22 [INFO] 分割成功
2026-06-05 15:52:22 [INFO] 引擎上下文已释放
2026-06-05 15:52:22 [INFO] TensorRT 引擎已释放
2026-06-05 15:52:22 [INFO] 全局 CUDA 资源已释放
2026-06-05 15:52:22 [INFO] 分割系统资源已释放
2026-06-05 15:52:26 [INFO] CUDA 初始化成功
2026-06-05 15:52:26 [INFO] 引擎加载成功: scrap_steel.engine
2026-06-05 15:52:26 [INFO] 分割系统初始化成功
2026-06-05 15:52:26 [INFO] 图像预处理完成，原始尺寸: (2160, 3840)
2026-06-05 15:52:26 [INFO] 开始执行分割...
2026-06-05 15:52:26 [DEBUG] 处理后的检测结果形状: (1, 8400, 6)
2026-06-05 15:52:26 [DEBUG] 示例检测结果: [[-4.18498993e+00 -3.21483278e+00  3.91512070e+01  1.48232651e+01
   3.62519188e-08  5.00000000e+00]
 [-6.72307968e+00 -3.03661346e+00  4.47558479e+01  2.88080978e+01
   8.83215723e-09  9.00000000e+00]
 [-3.64741135e+00 -3.43171787e+00  4.59432373e+01  2.97225494e+01
   4.08531520e-09  9.00000000e+00]]
2026-06-05 15:52:26 [DEBUG] 处理后检测输出形状: (0, 52)
2026-06-05 15:52:26 [DEBUG] 有效检测数量: 0
2026-06-05 15:52:26 [DEBUG] 检测输出为空
2026-06-05 15:52:26 [INFO] 掩码中检测到的类别: [0, 1, 2, 3, 4, 5, 6, 7, 8, 9, 10, 11, 12, 13, 14, 15]
2026-06-05 15:52:26 [INFO] 分割完成，检测到 0 个物体
2026-06-05 15:52:26 [INFO] 从分割掩码中提取检测结果
2026-06-05 15:52:26 [INFO] 从掩码中提取了 519 个检测框
2026-06-05 15:52:27 [INFO] 计算出的车框矩形边界: (1095, 661) to (3278, 1641)
2026-06-05 15:52:27 [INFO] 原始检测数: 519, 过滤后检测数: 239
2026-06-05 15:52:27 [INFO] 保存分割和检测结果到: C:\code\show\Scrap_Steel_In_Field\photos\segmentation\segment_20260605_155226.jpg
2026-06-05 15:52:27 [INFO] JSON结果保存到: C:\code\show\Scrap_Steel_In_Field\photos\segmentation_result.json
2026-06-05 15:52:27 [INFO] 类别统计：{0: 54, 1: 48, 2: 28, 3: 8, 4: 40, 5: 36, 6: 27, 7: 34, 8: 52, 9: 50, 10: 28, 11: 16, 12: 22, 13: 49, 14: 0, 15: 27}
2026-06-05 15:52:27 [INFO] 面积统计：{0: 3042684.0, 1: 784152.0, 2: 58968.0, 3: 145548.0, 4: 155160.0, 5: 106020.0, 6: 535752.0, 7: 49392.0, 8: 1028016.0, 9: 340920.0, 10: 171360.0, 11: 364608.0, 12: 47844.0, 13: 645156.0, 14: 216.0, 15: 97056.0}
2026-06-05 15:52:27 [INFO] 分割成功
2026-06-05 15:52:27 [INFO] 引擎上下文已释放
2026-06-05 15:52:27 [INFO] TensorRT 引擎已释放
2026-06-05 15:52:27 [INFO] 全局 CUDA 资源已释放
2026-06-05 15:52:27 [INFO] 分割系统资源已释放
2026-06-05 15:52:31 [INFO] CUDA 初始化成功
2026-06-05 15:52:31 [INFO] 引擎加载成功: scrap_steel.engine
2026-06-05 15:52:31 [INFO] 分割系统初始化成功
2026-06-05 15:52:31 [INFO] 图像预处理完成，原始尺寸: (2160, 3840)
2026-06-05 15:52:31 [INFO] 开始执行分割...
2026-06-05 15:52:31 [DEBUG] 处理后的检测结果形状: (1, 8400, 6)
2026-06-05 15:52:31 [DEBUG] 示例检测结果: [[-4.21600723e+00 -3.21186590e+00  3.90045586e+01  1.49173374e+01
   3.62589603e-08  5.00000000e+00]
 [-6.81193542e+00 -3.04831886e+00  4.47313042e+01  2.88259411e+01
   8.56690718e-09  9.00000000e+00]
 [-3.68937302e+00 -3.39207268e+00  4.59287376e+01  2.95540905e+01
   3.95574062e-09  9.00000000e+00]]
2026-06-05 15:52:31 [DEBUG] 处理后检测输出形状: (0, 52)
2026-06-05 15:52:31 [DEBUG] 有效检测数量: 0
2026-06-05 15:52:31 [DEBUG] 检测输出为空
2026-06-05 15:52:31 [INFO] 掩码中检测到的类别: [0, 1, 2, 3, 4, 5, 6, 7, 8, 9, 10, 11, 12, 13, 14, 15]
2026-06-05 15:52:31 [INFO] 分割完成，检测到 0 个物体
2026-06-05 15:52:31 [INFO] 从分割掩码中提取检测结果
2026-06-05 15:52:32 [INFO] 从掩码中提取了 557 个检测框
2026-06-05 15:52:32 [INFO] 计算出的车框矩形边界: (1094, 658) to (3278, 1641)
2026-06-05 15:52:32 [INFO] 原始检测数: 557, 过滤后检测数: 254
2026-06-05 15:52:32 [INFO] 保存分割和检测结果到: C:\code\show\Scrap_Steel_In_Field\photos\segmentation\segment_20260605_155232.jpg
2026-06-05 15:52:32 [INFO] JSON结果保存到: C:\code\show\Scrap_Steel_In_Field\photos\segmentation_result.json
2026-06-05 15:52:32 [INFO] 类别统计：{0: 52, 1: 50, 2: 30, 3: 10, 4: 44, 5: 37, 6: 32, 7: 34, 8: 68, 9: 49, 10: 30, 11: 19, 12: 21, 13: 51, 14: 0, 15: 30}
2026-06-05 15:52:32 [INFO] 面积统计：{0: 3022704.0, 1: 775980.0, 2: 55908.0, 3: 152316.0, 4: 144972.0, 5: 102312.0, 6: 516852.0, 7: 42084.0, 8: 1032228.0, 9: 298872.0, 10: 166356.0, 11: 366336.0, 12: 65412.0, 13: 637848.0, 14: 108.0, 15: 94968.0}
2026-06-05 15:52:32 [INFO] 分割成功
2026-06-05 15:52:32 [INFO] 引擎上下文已释放
2026-06-05 15:52:32 [INFO] TensorRT 引擎已释放
2026-06-05 15:52:32 [INFO] 全局 CUDA 资源已释放
2026-06-05 15:52:32 [INFO] 分割系统资源已释放
2026-06-05 15:52:36 [INFO] CUDA 初始化成功
2026-06-05 15:52:36 [INFO] 引擎加载成功: scrap_steel.engine
2026-06-05 15:52:36 [INFO] 分割系统初始化成功
2026-06-05 15:52:36 [INFO] 图像预处理完成，原始尺寸: (2160, 3840)
2026-06-05 15:52:36 [INFO] 开始执行分割...
2026-06-05 15:52:36 [DEBUG] 处理后的检测结果形状: (1, 8400, 6)
2026-06-05 15:52:36 [DEBUG] 示例检测结果: [[-4.17046738e+00 -3.19227791e+00  3.90240288e+01  1.48192120e+01
   3.57041294e-08  5.00000000e+00]
 [-6.75031662e+00 -3.02392006e+00  4.46865730e+01  2.86724472e+01
   8.46030446e-09  9.00000000e+00]
 [-3.64912415e+00 -3.36734295e+00  4.58494873e+01  2.94799118e+01
   3.87634724e-09  9.00000000e+00]]
2026-06-05 15:52:36 [DEBUG] 处理后检测输出形状: (0, 52)
2026-06-05 15:52:36 [DEBUG] 有效检测数量: 0
2026-06-05 15:52:36 [DEBUG] 检测输出为空
2026-06-05 15:52:36 [INFO] 掩码中检测到的类别: [0, 1, 2, 3, 4, 5, 6, 7, 8, 9, 10, 11, 12, 13, 14, 15]
2026-06-05 15:52:36 [INFO] 分割完成，检测到 0 个物体
2026-06-05 15:52:36 [INFO] 从分割掩码中提取检测结果
2026-06-05 15:52:37 [INFO] 从掩码中提取了 555 个检测框
2026-06-05 15:52:37 [INFO] 计算出的车框矩形边界: (1095, 662) to (3278, 1640)
2026-06-05 15:52:37 [INFO] 原始检测数: 555, 过滤后检测数: 252
2026-06-05 15:52:37 [INFO] 保存分割和检测结果到: C:\code\show\Scrap_Steel_In_Field\photos\segmentation\segment_20260605_155237.jpg
2026-06-05 15:52:37 [INFO] JSON结果保存到: C:\code\show\Scrap_Steel_In_Field\photos\segmentation_result.json
2026-06-05 15:52:37 [INFO] 类别统计：{0: 48, 1: 49, 2: 26, 3: 10, 4: 44, 5: 34, 6: 31, 7: 34, 8: 72, 9: 52, 10: 33, 11: 21, 12: 18, 13: 54, 14: 0, 15: 29}
2026-06-05 15:52:37 [INFO] 面积统计：{0: 3045888.0, 1: 789984.0, 2: 52560.0, 3: 152820.0, 4: 144144.0, 5: 109980.0, 6: 540864.0, 7: 43812.0, 8: 1034532.0, 9: 324828.0, 10: 167112.0, 11: 368496.0, 12: 53028.0, 13: 651132.0, 14: 216.0, 15: 92988.0}
2026-06-05 15:52:37 [INFO] 分割成功
2026-06-05 15:52:37 [INFO] 引擎上下文已释放
2026-06-05 15:52:37 [INFO] TensorRT 引擎已释放
2026-06-05 15:52:37 [INFO] 全局 CUDA 资源已释放
2026-06-05 15:52:37 [INFO] 分割系统资源已释放
2026-06-05 15:52:41 [INFO] CUDA 初始化成功
2026-06-05 15:52:41 [INFO] 引擎加载成功: scrap_steel.engine
2026-06-05 15:52:41 [INFO] 分割系统初始化成功
2026-06-05 15:52:41 [INFO] 图像预处理完成，原始尺寸: (2160, 3840)
2026-06-05 15:52:41 [INFO] 开始执行分割...
2026-06-05 15:52:41 [DEBUG] 处理后的检测结果形状: (1, 8400, 6)
2026-06-05 15:52:41 [DEBUG] 示例检测结果: [[-4.15517044e+00 -3.17214346e+00  3.89453773e+01  1.46844807e+01
   3.46297497e-08  5.00000000e+00]
 [-6.69966125e+00 -3.02303505e+00  4.46529808e+01  2.86471195e+01
   8.53826609e-09  9.00000000e+00]
 [-3.65528488e+00 -3.38020325e+00  4.58812714e+01  2.94427376e+01
   3.98486577e-09  9.00000000e+00]]
2026-06-05 15:52:41 [DEBUG] 处理后检测输出形状: (0, 52)
2026-06-05 15:52:41 [DEBUG] 有效检测数量: 0
2026-06-05 15:52:41 [DEBUG] 检测输出为空
2026-06-05 15:52:41 [INFO] 掩码中检测到的类别: [0, 1, 2, 3, 4, 5, 6, 7, 8, 9, 10, 11, 12, 13, 14, 15]
2026-06-05 15:52:41 [INFO] 分割完成，检测到 0 个物体
2026-06-05 15:52:41 [INFO] 从分割掩码中提取检测结果
2026-06-05 15:52:42 [INFO] 从掩码中提取了 532 个检测框
2026-06-05 15:52:42 [INFO] 计算出的车框矩形边界: (1097, 661) to (3278, 1641)
2026-06-05 15:52:42 [INFO] 原始检测数: 532, 过滤后检测数: 241
2026-06-05 15:52:42 [INFO] 保存分割和检测结果到: C:\code\show\Scrap_Steel_In_Field\photos\segmentation\segment_20260605_155242.jpg
2026-06-05 15:52:42 [INFO] JSON结果保存到: C:\code\show\Scrap_Steel_In_Field\photos\segmentation_result.json
2026-06-05 15:52:42 [INFO] 类别统计：{0: 53, 1: 45, 2: 32, 3: 8, 4: 35, 5: 33, 6: 34, 7: 37, 8: 55, 9: 47, 10: 36, 11: 19, 12: 20, 13: 52, 14: 0, 15: 26}
2026-06-05 15:52:42 [INFO] 面积统计：{0: 3019248.0, 1: 765468.0, 2: 58932.0, 3: 152856.0, 4: 138960.0, 5: 105732.0, 6: 543096.0, 7: 42912.0, 8: 1018836.0, 9: 334368.0, 10: 167544.0, 11: 363924.0, 12: 64584.0, 13: 646596.0, 14: 108.0, 15: 81648.0}
2026-06-05 15:52:42 [INFO] 分割成功
2026-06-05 15:52:42 [INFO] 引擎上下文已释放
2026-06-05 15:52:42 [INFO] TensorRT 引擎已释放
2026-06-05 15:52:42 [INFO] 全局 CUDA 资源已释放
2026-06-05 15:52:42 [INFO] 分割系统资源已释放
2026-06-05 15:52:46 [INFO] CUDA 初始化成功
2026-06-05 15:52:46 [INFO] 引擎加载成功: scrap_steel.engine
2026-06-05 15:52:46 [INFO] 分割系统初始化成功
2026-06-05 15:52:46 [INFO] 图像预处理完成，原始尺寸: (2160, 3840)
2026-06-05 15:52:46 [INFO] 开始执行分割...
2026-06-05 15:52:46 [DEBUG] 处理后的检测结果形状: (1, 8400, 6)
2026-06-05 15:52:46 [DEBUG] 示例检测结果: [[-4.15325165e+00 -3.19065952e+00  3.91881294e+01  1.48235102e+01
   3.65453765e-08  5.00000000e+00]
 [-6.72293854e+00 -3.01351547e+00  4.48229980e+01  2.88885574e+01
   8.80272655e-09  9.00000000e+00]
 [-3.68079376e+00 -3.38963032e+00  4.59888992e+01  2.97140884e+01
   4.02112477e-09  9.00000000e+00]]
2026-06-05 15:52:46 [DEBUG] 处理后检测输出形状: (0, 52)
2026-06-05 15:52:46 [DEBUG] 有效检测数量: 0
2026-06-05 15:52:46 [DEBUG] 检测输出为空
2026-06-05 15:52:46 [INFO] 掩码中检测到的类别: [0, 1, 2, 3, 4, 5, 6, 7, 8, 9, 10, 11, 12, 13, 14, 15]
2026-06-05 15:52:47 [INFO] 分割完成，检测到 0 个物体
2026-06-05 15:52:47 [INFO] 从分割掩码中提取检测结果
2026-06-05 15:52:47 [INFO] 从掩码中提取了 547 个检测框
2026-06-05 15:52:47 [INFO] 计算出的车框矩形边界: (1095, 659) to (3278, 1641)
2026-06-05 15:52:47 [INFO] 原始检测数: 547, 过滤后检测数: 236
2026-06-05 15:52:47 [INFO] 保存分割和检测结果到: C:\code\show\Scrap_Steel_In_Field\photos\segmentation\segment_20260605_155247.jpg
2026-06-05 15:52:47 [INFO] JSON结果保存到: C:\code\show\Scrap_Steel_In_Field\photos\segmentation_result.json
2026-06-05 15:52:47 [INFO] 类别统计：{0: 53, 1: 45, 2: 26, 3: 11, 4: 42, 5: 38, 6: 32, 7: 31, 8: 56, 9: 58, 10: 35, 11: 16, 12: 17, 13: 56, 14: 0, 15: 31}
2026-06-05 15:52:47 [INFO] 面积统计：{0: 2968308.0, 1: 780876.0, 2: 52884.0, 3: 151092.0, 4: 156564.0, 5: 115308.0, 6: 537480.0, 7: 47520.0, 8: 1046664.0, 9: 351468.0, 10: 165780.0, 11: 375912.0, 12: 53568.0, 13: 632484.0, 14: 144.0, 15: 108180.0}
2026-06-05 15:52:47 [INFO] 分割成功
2026-06-05 15:52:47 [INFO] 引擎上下文已释放
2026-06-05 15:52:47 [INFO] TensorRT 引擎已释放
2026-06-05 15:52:47 [INFO] 全局 CUDA 资源已释放
2026-06-05 15:52:47 [INFO] 分割系统资源已释放
2026-06-05 15:52:51 [INFO] CUDA 初始化成功
2026-06-05 15:52:51 [INFO] 引擎加载成功: scrap_steel.engine
2026-06-05 15:52:51 [INFO] 分割系统初始化成功
2026-06-05 15:52:52 [INFO] 图像预处理完成，原始尺寸: (2160, 3840)
2026-06-05 15:52:52 [INFO] 开始执行分割...
2026-06-05 15:52:52 [DEBUG] 处理后的检测结果形状: (1, 8400, 6)
2026-06-05 15:52:52 [DEBUG] 示例检测结果: [[-4.14109421e+00 -3.15722322e+00  3.90441704e+01  1.46567650e+01
   3.62519188e-08  5.00000000e+00]
 [-6.71563339e+00 -2.96612930e+00  4.46861839e+01  2.85739937e+01
   8.60057625e-09  9.00000000e+00]
 [-3.65621948e+00 -3.37625885e+00  4.59332504e+01  2.95639114e+01
   4.00403621e-09  9.00000000e+00]]
2026-06-05 15:52:52 [DEBUG] 处理后检测输出形状: (0, 52)
2026-06-05 15:52:52 [DEBUG] 有效检测数量: 0
2026-06-05 15:52:52 [DEBUG] 检测输出为空
2026-06-05 15:52:52 [INFO] 掩码中检测到的类别: [0, 1, 2, 3, 4, 5, 6, 7, 8, 9, 10, 11, 12, 13, 14, 15]
2026-06-05 15:52:52 [INFO] 分割完成，检测到 0 个物体
2026-06-05 15:52:52 [INFO] 从分割掩码中提取检测结果
2026-06-05 15:52:52 [INFO] 从掩码中提取了 563 个检测框
2026-06-05 15:52:52 [INFO] 计算出的车框矩形边界: (1095, 660) to (3278, 1639)
2026-06-05 15:52:52 [INFO] 原始检测数: 563, 过滤后检测数: 259
2026-06-05 15:52:52 [INFO] 保存分割和检测结果到: C:\code\show\Scrap_Steel_In_Field\photos\segmentation\segment_20260605_155252.jpg
2026-06-05 15:52:52 [INFO] JSON结果保存到: C:\code\show\Scrap_Steel_In_Field\photos\segmentation_result.json
2026-06-05 15:52:52 [INFO] 类别统计：{0: 55, 1: 56, 2: 29, 3: 8, 4: 39, 5: 35, 6: 36, 7: 34, 8: 60, 9: 57, 10: 33, 11: 16, 12: 20, 13: 52, 14: 0, 15: 33}
2026-06-05 15:52:52 [INFO] 面积统计：{0: 3136932.0, 1: 776088.0, 2: 52524.0, 3: 158184.0, 4: 158256.0, 5: 110268.0, 6: 533304.0, 7: 50364.0, 8: 1001520.0, 9: 317916.0, 10: 165564.0, 11: 364608.0, 12: 70740.0, 13: 641772.0, 14: 108.0, 15: 105984.0}
2026-06-05 15:52:52 [INFO] 分割成功
2026-06-05 15:52:52 [INFO] 引擎上下文已释放
2026-06-05 15:52:52 [INFO] TensorRT 引擎已释放
2026-06-05 15:52:52 [INFO] 全局 CUDA 资源已释放
2026-06-05 15:52:52 [INFO] 分割系统资源已释放
2026-06-05 15:52:56 [INFO] CUDA 初始化成功
2026-06-05 15:52:56 [INFO] 引擎加载成功: scrap_steel.engine
2026-06-05 15:52:56 [INFO] 分割系统初始化成功
2026-06-05 15:52:57 [INFO] 图像预处理完成，原始尺寸: (2160, 3840)
2026-06-05 15:52:57 [INFO] 开始执行分割...
2026-06-05 15:52:57 [DEBUG] 处理后的检测结果形状: (1, 8400, 6)
2026-06-05 15:52:57 [DEBUG] 示例检测结果: [[-4.18093872e+00 -3.19311380e+00  3.90645180e+01  1.47145710e+01
   3.55647281e-08  5.00000000e+00]
 [-6.75239182e+00 -3.01210403e+00  4.47970581e+01  2.87413139e+01
   8.46030446e-09  9.00000000e+00]
 [-3.67827606e+00 -3.40311050e+00  4.59451866e+01  2.96840782e+01
   3.97121624e-09  9.00000000e+00]]
2026-06-05 15:52:57 [DEBUG] 处理后检测输出形状: (0, 52)
2026-06-05 15:52:57 [DEBUG] 有效检测数量: 0
2026-06-05 15:52:57 [DEBUG] 检测输出为空
2026-06-05 15:52:57 [INFO] 掩码中检测到的类别: [0, 1, 2, 3, 4, 5, 6, 7, 8, 9, 10, 11, 12, 13, 14, 15]
2026-06-05 15:52:57 [INFO] 分割完成，检测到 0 个物体
2026-06-05 15:52:57 [INFO] 从分割掩码中提取检测结果
2026-06-05 15:52:57 [INFO] 从掩码中提取了 545 个检测框
2026-06-05 15:52:57 [INFO] 计算出的车框矩形边界: (1095, 664) to (3278, 1637)
2026-06-05 15:52:57 [INFO] 原始检测数: 545, 过滤后检测数: 245
2026-06-05 15:52:57 [INFO] 保存分割和检测结果到: C:\code\show\Scrap_Steel_In_Field\photos\segmentation\segment_20260605_155257.jpg
2026-06-05 15:52:57 [INFO] JSON结果保存到: C:\code\show\Scrap_Steel_In_Field\photos\segmentation_result.json
2026-06-05 15:52:57 [INFO] 类别统计：{0: 51, 1: 43, 2: 29, 3: 8, 4: 49, 5: 31, 6: 38, 7: 38, 8: 63, 9: 57, 10: 28, 11: 16, 12: 22, 13: 47, 14: 0, 15: 25}
2026-06-05 15:52:57 [INFO] 面积统计：{0: 2932128.0, 1: 764496.0, 2: 54828.0, 3: 159588.0, 4: 150408.0, 5: 108432.0, 6: 512784.0, 7: 47808.0, 8: 1008324.0, 9: 345816.0, 10: 167508.0, 11: 370584.0, 12: 66348.0, 13: 645192.0, 14: 36.0, 15: 96300.0}
2026-06-05 15:52:58 [INFO] 分割成功
2026-06-05 15:52:58 [INFO] 引擎上下文已释放
2026-06-05 15:52:58 [INFO] TensorRT 引擎已释放
2026-06-05 15:52:58 [INFO] 全局 CUDA 资源已释放
2026-06-05 15:52:58 [INFO] 分割系统资源已释放
2026-06-05 15:53:01 [INFO] CUDA 初始化成功
2026-06-05 15:53:02 [INFO] 引擎加载成功: scrap_steel.engine
2026-06-05 15:53:02 [INFO] 分割系统初始化成功
2026-06-05 15:53:02 [INFO] 图像预处理完成，原始尺寸: (2160, 3840)
2026-06-05 15:53:02 [INFO] 开始执行分割...
2026-06-05 15:53:02 [DEBUG] 处理后的检测结果形状: (1, 8400, 6)
2026-06-05 15:53:02 [DEBUG] 示例检测结果: [[-4.12041092e+00 -3.15979576e+00  3.90660820e+01  1.46525364e+01
   3.52875489e-08  5.00000000e+00]
 [-6.69306564e+00 -2.98966217e+00  4.48097954e+01  2.86944771e+01
   8.46030446e-09  9.00000000e+00]
 [-3.64501953e+00 -3.37693119e+00  4.59079666e+01  2.95930481e+01
   4.01942302e-09  9.00000000e+00]]
2026-06-05 15:53:02 [DEBUG] 处理后检测输出形状: (0, 52)
2026-06-05 15:53:02 [DEBUG] 有效检测数量: 0
2026-06-05 15:53:02 [DEBUG] 检测输出为空
2026-06-05 15:53:02 [INFO] 掩码中检测到的类别: [0, 1, 2, 3, 4, 5, 6, 7, 8, 9, 10, 11, 12, 13, 14, 15]
2026-06-05 15:53:02 [INFO] 分割完成，检测到 0 个物体
2026-06-05 15:53:02 [INFO] 从分割掩码中提取检测结果
2026-06-05 15:53:02 [INFO] 从掩码中提取了 536 个检测框
2026-06-05 15:53:02 [INFO] 计算出的车框矩形边界: (1095, 658) to (3278, 1641)
2026-06-05 15:53:02 [INFO] 原始检测数: 536, 过滤后检测数: 251
2026-06-05 15:53:03 [INFO] 保存分割和检测结果到: C:\code\show\Scrap_Steel_In_Field\photos\segmentation\segment_20260605_155302.jpg
2026-06-05 15:53:03 [INFO] JSON结果保存到: C:\code\show\Scrap_Steel_In_Field\photos\segmentation_result.json
2026-06-05 15:53:03 [INFO] 类别统计：{0: 53, 1: 50, 2: 27, 3: 9, 4: 40, 5: 37, 6: 32, 7: 30, 8: 58, 9: 53, 10: 29, 11: 17, 12: 23, 13: 50, 14: 0, 15: 28}
2026-06-05 15:53:03 [INFO] 面积统计：{0: 3096036.0, 1: 780840.0, 2: 51696.0, 3: 158940.0, 4: 139932.0, 5: 105228.0, 6: 531072.0, 7: 40788.0, 8: 1008288.0, 9: 324288.0, 10: 168552.0, 11: 366336.0, 12: 70236.0, 13: 648648.0, 14: 108.0, 15: 117180.0}
2026-06-05 15:53:03 [INFO] 分割成功
2026-06-05 15:53:03 [INFO] 引擎上下文已释放
2026-06-05 15:53:03 [INFO] TensorRT 引擎已释放
2026-06-05 15:53:03 [INFO] 全局 CUDA 资源已释放
2026-06-05 15:53:03 [INFO] 分割系统资源已释放
2026-06-05 15:53:07 [INFO] CUDA 初始化成功
2026-06-05 15:53:07 [INFO] 引擎加载成功: scrap_steel.engine
2026-06-05 15:53:07 [INFO] 分割系统初始化成功
2026-06-05 15:53:07 [INFO] 图像预处理完成，原始尺寸: (2160, 3840)
2026-06-05 15:53:07 [INFO] 开始执行分割...
2026-06-05 15:53:07 [DEBUG] 处理后的检测结果形状: (1, 8400, 6)
2026-06-05 15:53:07 [DEBUG] 示例检测结果: [[-4.18046570e+00 -3.19265747e+00  3.90508728e+01  1.47059269e+01
   3.54253302e-08  5.00000000e+00]
 [-6.74859238e+00 -3.03630257e+00  4.47717400e+01  2.87513714e+01
   8.53323812e-09  9.00000000e+00]
 [-3.65076447e+00 -3.37815380e+00  4.59220123e+01  2.95942268e+01
   4.01942302e-09  9.00000000e+00]]
2026-06-05 15:53:07 [DEBUG] 处理后检测输出形状: (0, 52)
2026-06-05 15:53:07 [DEBUG] 有效检测数量: 0
2026-06-05 15:53:07 [DEBUG] 检测输出为空
2026-06-05 15:53:07 [INFO] 掩码中检测到的类别: [0, 1, 2, 3, 4, 5, 6, 7, 8, 9, 10, 11, 12, 13, 14, 15]
2026-06-05 15:53:07 [INFO] 分割完成，检测到 0 个物体
2026-06-05 15:53:07 [INFO] 从分割掩码中提取检测结果
2026-06-05 15:53:07 [INFO] 从掩码中提取了 533 个检测框
2026-06-05 15:53:07 [INFO] 计算出的车框矩形边界: (1097, 658) to (3277, 1640)
2026-06-05 15:53:07 [INFO] 原始检测数: 533, 过滤后检测数: 239
2026-06-05 15:53:08 [INFO] 保存分割和检测结果到: C:\code\show\Scrap_Steel_In_Field\photos\segmentation\segment_20260605_155307.jpg
2026-06-05 15:53:08 [INFO] JSON结果保存到: C:\code\show\Scrap_Steel_In_Field\photos\segmentation_result.json
2026-06-05 15:53:08 [INFO] 类别统计：{0: 56, 1: 44, 2: 35, 3: 10, 4: 40, 5: 33, 6: 28, 7: 33, 8: 64, 9: 53, 10: 31, 11: 17, 12: 17, 13: 49, 14: 0, 15: 23}
2026-06-05 15:53:08 [INFO] 面积统计：{0: 3085992.0, 1: 761688.0, 2: 51264.0, 3: 150948.0, 4: 138564.0, 5: 103896.0, 6: 545940.0, 7: 39888.0, 8: 1016496.0, 9: 316800.0, 10: 167148.0, 11: 362088.0, 12: 66276.0, 13: 645696.0, 14: 108.0, 15: 92808.0}
2026-06-05 15:53:08 [INFO] 分割成功
2026-06-05 15:53:08 [INFO] 引擎上下文已释放
2026-06-05 15:53:08 [INFO] TensorRT 引擎已释放
2026-06-05 15:53:08 [INFO] 全局 CUDA 资源已释放
2026-06-05 15:53:08 [INFO] 分割系统资源已释放
2026-06-05 15:53:12 [INFO] CUDA 初始化成功
2026-06-05 15:53:12 [INFO] 引擎加载成功: scrap_steel.engine
2026-06-05 15:53:12 [INFO] 分割系统初始化成功
2026-06-05 15:53:12 [INFO] 图像预处理完成，原始尺寸: (2160, 3840)
2026-06-05 15:53:12 [INFO] 开始执行分割...
2026-06-05 15:53:12 [DEBUG] 处理后的检测结果形状: (1, 8400, 6)
2026-06-05 15:53:12 [DEBUG] 示例检测结果: [[-4.15602493e+00 -3.17141438e+00  3.90860710e+01  1.47342196e+01
   3.58375551e-08  5.00000000e+00]
 [-6.74937820e+00 -3.02608109e+00  4.47690544e+01  2.86636028e+01
   8.79208439e-09  9.00000000e+00]
 [-3.67984390e+00 -3.42091560e+00  4.59271202e+01  2.95539379e+01
   4.01942302e-09  9.00000000e+00]]
2026-06-05 15:53:12 [DEBUG] 处理后检测输出形状: (0, 52)
2026-06-05 15:53:12 [DEBUG] 有效检测数量: 0
2026-06-05 15:53:12 [DEBUG] 检测输出为空
2026-06-05 15:53:12 [INFO] 掩码中检测到的类别: [0, 1, 2, 3, 4, 5, 6, 7, 8, 9, 10, 11, 12, 13, 14, 15]
2026-06-05 15:53:12 [INFO] 分割完成，检测到 0 个物体
2026-06-05 15:53:12 [INFO] 从分割掩码中提取检测结果
2026-06-05 15:53:12 [INFO] 从掩码中提取了 567 个检测框
2026-06-05 15:53:12 [INFO] 计算出的车框矩形边界: (1095, 661) to (3277, 1641)
2026-06-05 15:53:12 [INFO] 原始检测数: 567, 过滤后检测数: 251
2026-06-05 15:53:13 [INFO] 保存分割和检测结果到: C:\code\show\Scrap_Steel_In_Field\photos\segmentation\segment_20260605_155312.jpg
2026-06-05 15:53:13 [INFO] JSON结果保存到: C:\code\show\Scrap_Steel_In_Field\photos\segmentation_result.json
2026-06-05 15:53:13 [INFO] 类别统计：{0: 56, 1: 48, 2: 29, 3: 9, 4: 45, 5: 35, 6: 30, 7: 36, 8: 65, 9: 60, 10: 34, 11: 17, 12: 23, 13: 50, 14: 0, 15: 30}
2026-06-05 15:53:13 [INFO] 面积统计：{0: 3111588.0, 1: 764388.0, 2: 48240.0, 3: 142668.0, 4: 143892.0, 5: 107244.0, 6: 550188.0, 7: 40032.0, 8: 1016136.0, 9: 304812.0, 10: 169344.0, 11: 353088.0, 12: 62316.0, 13: 654192.0, 14: 144.0, 15: 92412.0}
2026-06-05 15:53:13 [INFO] 分割成功
2026-06-05 15:53:13 [INFO] 引擎上下文已释放
2026-06-05 15:53:13 [INFO] TensorRT 引擎已释放
2026-06-05 15:53:13 [INFO] 全局 CUDA 资源已释放
2026-06-05 15:53:13 [INFO] 分割系统资源已释放
2026-06-05 15:53:17 [INFO] CUDA 初始化成功
2026-06-05 15:53:17 [INFO] 引擎加载成功: scrap_steel.engine
2026-06-05 15:53:17 [INFO] 分割系统初始化成功
2026-06-05 15:53:17 [INFO] 图像预处理完成，原始尺寸: (2160, 3840)
2026-06-05 15:53:17 [INFO] 开始执行分割...
2026-06-05 15:53:17 [DEBUG] 处理后的检测结果形状: (1, 8400, 6)
2026-06-05 15:53:17 [DEBUG] 示例检测结果: [[-4.16947556e+00 -3.19221020e+00  3.90112114e+01  1.48130178e+01
   3.51535725e-08  5.00000000e+00]
 [-6.74791718e+00 -3.03696060e+00  4.47620163e+01  2.87961617e+01
   8.47193515e-09  9.00000000e+00]
 [-3.63872147e+00 -3.40486336e+00  4.59040680e+01  2.96373882e+01
   3.92304855e-09  9.00000000e+00]]
2026-06-05 15:53:17 [DEBUG] 处理后检测输出形状: (0, 52)
2026-06-05 15:53:17 [DEBUG] 有效检测数量: 0
2026-06-05 15:53:17 [DEBUG] 检测输出为空
2026-06-05 15:53:17 [INFO] 掩码中检测到的类别: [0, 1, 2, 3, 4, 5, 6, 7, 8, 9, 10, 11, 12, 13, 14, 15]
2026-06-05 15:53:17 [INFO] 分割完成，检测到 0 个物体
2026-06-05 15:53:17 [INFO] 从分割掩码中提取检测结果
2026-06-05 15:53:17 [INFO] 从掩码中提取了 554 个检测框
2026-06-05 15:53:17 [INFO] 计算出的车框矩形边界: (1095, 663) to (3277, 1640)
2026-06-05 15:53:17 [INFO] 原始检测数: 554, 过滤后检测数: 249
2026-06-05 15:53:18 [INFO] 保存分割和检测结果到: C:\code\show\Scrap_Steel_In_Field\photos\segmentation\segment_20260605_155317.jpg
2026-06-05 15:53:18 [INFO] JSON结果保存到: C:\code\show\Scrap_Steel_In_Field\photos\segmentation_result.json
2026-06-05 15:53:18 [INFO] 类别统计：{0: 52, 1: 51, 2: 29, 3: 8, 4: 47, 5: 38, 6: 31, 7: 34, 8: 64, 9: 54, 10: 31, 11: 18, 12: 20, 13: 49, 14: 0, 15: 28}
2026-06-05 15:53:18 [INFO] 面积统计：{0: 3107160.0, 1: 762480.0, 2: 51480.0, 3: 150696.0, 4: 148608.0, 5: 119952.0, 6: 566712.0, 7: 47376.0, 8: 1011528.0, 9: 320868.0, 10: 163368.0, 11: 371268.0, 12: 56880.0, 13: 657576.0, 14: 108.0, 15: 95832.0}
2026-06-05 15:53:18 [INFO] 分割成功
2026-06-05 15:53:18 [INFO] 引擎上下文已释放
2026-06-05 15:53:18 [INFO] TensorRT 引擎已释放
2026-06-05 15:53:18 [INFO] 全局 CUDA 资源已释放
2026-06-05 15:53:18 [INFO] 分割系统资源已释放
2026-06-05 15:53:22 [INFO] CUDA 初始化成功
2026-06-05 15:53:22 [INFO] 引擎加载成功: scrap_steel.engine
2026-06-05 15:53:22 [INFO] 分割系统初始化成功
2026-06-05 15:53:22 [INFO] 图像预处理完成，原始尺寸: (2160, 3840)
2026-06-05 15:53:22 [INFO] 开始执行分割...
2026-06-05 15:53:22 [DEBUG] 处理后的检测结果形状: (1, 8400, 6)
2026-06-05 15:53:22 [DEBUG] 示例检测结果: [[-4.16647339e+00 -3.17181969e+00  3.92287827e+01  1.47609940e+01
   3.54253302e-08  5.00000000e+00]
 [-6.71736145e+00 -3.01247978e+00  4.47693710e+01  2.88301601e+01
   8.52706705e-09  9.00000000e+00]
 [-3.64278030e+00 -3.41801071e+00  4.59364319e+01  2.97399940e+01
   4.01942302e-09  9.00000000e+00]]
2026-06-05 15:53:22 [DEBUG] 处理后检测输出形状: (0, 52)
2026-06-05 15:53:22 [DEBUG] 有效检测数量: 0
2026-06-05 15:53:22 [DEBUG] 检测输出为空
2026-06-05 15:53:22 [INFO] 掩码中检测到的类别: [0, 1, 2, 3, 4, 5, 6, 7, 8, 9, 10, 11, 12, 13, 14, 15]
2026-06-05 15:53:22 [INFO] 分割完成，检测到 0 个物体
2026-06-05 15:53:22 [INFO] 从分割掩码中提取检测结果
2026-06-05 15:53:22 [INFO] 从掩码中提取了 554 个检测框
2026-06-05 15:53:22 [INFO] 计算出的车框矩形边界: (1094, 658) to (3276, 1641)
2026-06-05 15:53:22 [INFO] 原始检测数: 554, 过滤后检测数: 255
2026-06-05 15:53:23 [INFO] 保存分割和检测结果到: C:\code\show\Scrap_Steel_In_Field\photos\segmentation\segment_20260605_155322.jpg
2026-06-05 15:53:23 [INFO] JSON结果保存到: C:\code\show\Scrap_Steel_In_Field\photos\segmentation_result.json
2026-06-05 15:53:23 [INFO] 类别统计：{0: 49, 1: 55, 2: 25, 3: 8, 4: 39, 5: 36, 6: 33, 7: 40, 8: 58, 9: 57, 10: 34, 11: 14, 12: 21, 13: 56, 14: 0, 15: 29}
2026-06-05 15:53:23 [INFO] 面积统计：{0: 3055104.0, 1: 774288.0, 2: 57816.0, 3: 153576.0, 4: 159192.0, 5: 106416.0, 6: 533628.0, 7: 51228.0, 8: 1027116.0, 9: 328428.0, 10: 159804.0, 11: 369216.0, 12: 63828.0, 13: 635184.0, 14: 108.0, 15: 100152.0}
2026-06-05 15:53:23 [INFO] 分割成功
2026-06-05 15:53:23 [INFO] 引擎上下文已释放
2026-06-05 15:53:23 [INFO] TensorRT 引擎已释放
2026-06-05 15:53:23 [INFO] 全局 CUDA 资源已释放
2026-06-05 15:53:23 [INFO] 分割系统资源已释放
2026-06-05 15:53:27 [INFO] CUDA 初始化成功
2026-06-05 15:53:27 [INFO] 引擎加载成功: scrap_steel.engine
2026-06-05 15:53:27 [INFO] 分割系统初始化成功
2026-06-05 15:53:27 [INFO] 图像预处理完成，原始尺寸: (2160, 3840)
2026-06-05 15:53:27 [INFO] 开始执行分割...
2026-06-05 15:53:27 [DEBUG] 处理后的检测结果形状: (1, 8400, 6)
2026-06-05 15:53:27 [DEBUG] 示例检测结果: [[-4.15447998e+00 -3.18017960e+00  3.90330772e+01  1.46585903e+01
   3.52875489e-08  5.00000000e+00]
 [-6.76260376e+00 -3.01324272e+00  4.47458878e+01  2.86597157e+01
   8.60057625e-09  9.00000000e+00]
 [-3.67926025e+00 -3.39258862e+00  4.59159126e+01  2.96159096e+01
   3.95574062e-09  9.00000000e+00]]
2026-06-05 15:53:27 [DEBUG] 处理后检测输出形状: (0, 52)
2026-06-05 15:53:27 [DEBUG] 有效检测数量: 0
2026-06-05 15:53:27 [DEBUG] 检测输出为空
2026-06-05 15:53:27 [INFO] 掩码中检测到的类别: [0, 1, 2, 3, 4, 5, 6, 7, 8, 9, 10, 11, 12, 13, 14, 15]
2026-06-05 15:53:27 [INFO] 分割完成，检测到 0 个物体
2026-06-05 15:53:27 [INFO] 从分割掩码中提取检测结果
2026-06-05 15:53:28 [INFO] 从掩码中提取了 520 个检测框
2026-06-05 15:53:28 [INFO] 计算出的车框矩形边界: (1095, 660) to (3278, 1641)
2026-06-05 15:53:28 [INFO] 原始检测数: 520, 过滤后检测数: 237
2026-06-05 15:53:28 [INFO] 保存分割和检测结果到: C:\code\show\Scrap_Steel_In_Field\photos\segmentation\segment_20260605_155328.jpg
2026-06-05 15:53:28 [INFO] JSON结果保存到: C:\code\show\Scrap_Steel_In_Field\photos\segmentation_result.json
2026-06-05 15:53:28 [INFO] 类别统计：{0: 54, 1: 47, 2: 26, 3: 9, 4: 38, 5: 33, 6: 34, 7: 33, 8: 55, 9: 55, 10: 31, 11: 15, 12: 18, 13: 49, 14: 0, 15: 23}
2026-06-05 15:53:28 [INFO] 面积统计：{0: 3133044.0, 1: 785124.0, 2: 51264.0, 3: 150912.0, 4: 152856.0, 5: 120888.0, 6: 577368.0, 7: 46620.0, 8: 1018764.0, 9: 362592.0, 10: 167184.0, 11: 380376.0, 12: 44172.0, 13: 658620.0, 14: 180.0, 15: 98064.0}
2026-06-05 15:53:28 [INFO] 分割成功
2026-06-05 15:53:28 [INFO] 引擎上下文已释放
2026-06-05 15:53:28 [INFO] TensorRT 引擎已释放
2026-06-05 15:53:28 [INFO] 全局 CUDA 资源已释放
2026-06-05 15:53:28 [INFO] 分割系统资源已释放
2026-06-05 15:53:32 [INFO] CUDA 初始化成功
2026-06-05 15:53:32 [INFO] 引擎加载成功: scrap_steel.engine
2026-06-05 15:53:32 [INFO] 分割系统初始化成功
2026-06-05 15:53:32 [INFO] 图像预处理完成，原始尺寸: (2160, 3840)
2026-06-05 15:53:32 [INFO] 开始执行分割...
2026-06-05 15:53:32 [DEBUG] 处理后的检测结果形状: (1, 8400, 6)
2026-06-05 15:53:32 [DEBUG] 示例检测结果: [[-4.15579987e+00 -3.18112373e+00  3.89256935e+01  1.46802235e+01
   3.51535725e-08  5.00000000e+00]
 [-6.73925018e+00 -3.01105499e+00  4.46748734e+01  2.86318054e+01
   8.50510062e-09  9.00000000e+00]
 [-3.66926956e+00 -3.37912941e+00  4.58790588e+01  2.95075130e+01
   3.96951805e-09  9.00000000e+00]]
2026-06-05 15:53:32 [DEBUG] 处理后检测输出形状: (0, 52)
2026-06-05 15:53:32 [DEBUG] 有效检测数量: 0
2026-06-05 15:53:32 [DEBUG] 检测输出为空
2026-06-05 15:53:32 [INFO] 掩码中检测到的类别: [0, 1, 2, 3, 4, 5, 6, 7, 8, 9, 10, 11, 12, 13, 14, 15]
2026-06-05 15:53:32 [INFO] 分割完成，检测到 0 个物体
2026-06-05 15:53:32 [INFO] 从分割掩码中提取检测结果
2026-06-05 15:53:33 [INFO] 从掩码中提取了 521 个检测框
2026-06-05 15:53:33 [INFO] 计算出的车框矩形边界: (1095, 661) to (3278, 1641)
2026-06-05 15:53:33 [INFO] 原始检测数: 521, 过滤后检测数: 240
2026-06-05 15:53:33 [INFO] 保存分割和检测结果到: C:\code\show\Scrap_Steel_In_Field\photos\segmentation\segment_20260605_155333.jpg
2026-06-05 15:53:33 [INFO] JSON结果保存到: C:\code\show\Scrap_Steel_In_Field\photos\segmentation_result.json
2026-06-05 15:53:33 [INFO] 类别统计：{0: 49, 1: 51, 2: 30, 3: 8, 4: 35, 5: 34, 6: 32, 7: 32, 8: 57, 9: 49, 10: 31, 11: 14, 12: 23, 13: 48, 14: 0, 15: 28}
2026-06-05 15:53:33 [INFO] 面积统计：{0: 3000600.0, 1: 787824.0, 2: 53676.0, 3: 148536.0, 4: 162900.0, 5: 108900.0, 6: 544536.0, 7: 39384.0, 8: 1040184.0, 9: 334872.0, 10: 162504.0, 11: 372240.0, 12: 50184.0, 13: 654696.0, 14: 108.0, 15: 93960.0}
2026-06-05 15:53:33 [INFO] 分割成功
2026-06-05 15:53:33 [INFO] 引擎上下文已释放
2026-06-05 15:53:33 [INFO] TensorRT 引擎已释放
2026-06-05 15:53:33 [INFO] 全局 CUDA 资源已释放
2026-06-05 15:53:33 [INFO] 分割系统资源已释放
2026-06-05 15:53:37 [INFO] CUDA 初始化成功
2026-06-05 15:53:37 [INFO] 引擎加载成功: scrap_steel.engine
2026-06-05 15:53:37 [INFO] 分割系统初始化成功
2026-06-05 15:53:37 [INFO] 图像预处理完成，原始尺寸: (2160, 3840)
2026-06-05 15:53:37 [INFO] 开始执行分割...
2026-06-05 15:53:37 [DEBUG] 处理后的检测结果形状: (1, 8400, 6)
2026-06-05 15:53:37 [DEBUG] 示例检测结果: [[-4.16868973e+00 -3.17940140e+00  3.91012344e+01  1.47011147e+01
   3.56970844e-08  5.00000000e+00]
 [-6.73256302e+00 -2.98754311e+00  4.48229103e+01  2.86787605e+01
   8.68959305e-09  9.00000000e+00]
 [-3.67923737e+00 -3.36447716e+00  4.59216537e+01  2.95609341e+01
   4.01942302e-09  9.00000000e+00]]
2026-06-05 15:53:37 [DEBUG] 处理后检测输出形状: (0, 52)
2026-06-05 15:53:37 [DEBUG] 有效检测数量: 0
2026-06-05 15:53:37 [DEBUG] 检测输出为空
2026-06-05 15:53:37 [INFO] 掩码中检测到的类别: [0, 1, 2, 3, 4, 5, 6, 7, 8, 9, 10, 11, 12, 13, 14, 15]
2026-06-05 15:53:37 [INFO] 分割完成，检测到 0 个物体
2026-06-05 15:53:37 [INFO] 从分割掩码中提取检测结果
2026-06-05 15:53:38 [INFO] 从掩码中提取了 550 个检测框
2026-06-05 15:53:38 [INFO] 计算出的车框矩形边界: (1095, 660) to (3278, 1640)
2026-06-05 15:53:38 [INFO] 原始检测数: 550, 过滤后检测数: 248
2026-06-05 15:53:38 [INFO] 保存分割和检测结果到: C:\code\show\Scrap_Steel_In_Field\photos\segmentation\segment_20260605_155338.jpg
2026-06-05 15:53:38 [INFO] JSON结果保存到: C:\code\show\Scrap_Steel_In_Field\photos\segmentation_result.json
2026-06-05 15:53:38 [INFO] 类别统计：{0: 64, 1: 51, 2: 28, 3: 8, 4: 45, 5: 35, 6: 27, 7: 30, 8: 65, 9: 56, 10: 31, 11: 17, 12: 20, 13: 41, 14: 0, 15: 32}
2026-06-05 15:53:38 [INFO] 面积统计：{0: 3072708.0, 1: 759096.0, 2: 48492.0, 3: 144108.0, 4: 148572.0, 5: 118800.0, 6: 553032.0, 7: 43092.0, 8: 1008000.0, 9: 319896.0, 10: 173484.0, 11: 373716.0, 12: 74952.0, 13: 661320.0, 14: 108.0, 15: 90720.0}
2026-06-05 15:53:38 [INFO] 分割成功
2026-06-05 15:53:38 [INFO] 引擎上下文已释放
2026-06-05 15:53:38 [INFO] TensorRT 引擎已释放
2026-06-05 15:53:38 [INFO] 全局 CUDA 资源已释放
2026-06-05 15:53:38 [INFO] 分割系统资源已释放
2026-06-05 15:53:42 [INFO] CUDA 初始化成功
2026-06-05 15:53:42 [INFO] 引擎加载成功: scrap_steel.engine
2026-06-05 15:53:42 [INFO] 分割系统初始化成功
2026-06-05 15:53:42 [INFO] 图像预处理完成，原始尺寸: (2160, 3840)
2026-06-05 15:53:42 [INFO] 开始执行分割...
2026-06-05 15:53:42 [DEBUG] 处理后的检测结果形状: (1, 8400, 6)
2026-06-05 15:53:42 [DEBUG] 示例检测结果: [[-4.18010330e+00 -3.18010902e+00  3.91408348e+01  1.48149776e+01
   3.55647281e-08  5.00000000e+00]
 [-6.75315094e+00 -3.03434181e+00  4.47575798e+01  2.88579712e+01
   8.56690718e-09  9.00000000e+00]
 [-3.65070343e+00 -3.39055061e+00  4.59378738e+01  2.96982899e+01
   3.98843270e-09  9.00000000e+00]]
2026-06-05 15:53:42 [DEBUG] 处理后检测输出形状: (0, 52)
2026-06-05 15:53:42 [DEBUG] 有效检测数量: 0
2026-06-05 15:53:42 [DEBUG] 检测输出为空
2026-06-05 15:53:42 [INFO] 掩码中检测到的类别: [0, 1, 2, 3, 4, 5, 6, 7, 8, 9, 10, 11, 12, 13, 14, 15]
2026-06-05 15:53:43 [INFO] 分割完成，检测到 0 个物体
2026-06-05 15:53:43 [INFO] 从分割掩码中提取检测结果
2026-06-05 15:53:43 [INFO] 从掩码中提取了 571 个检测框
2026-06-05 15:53:43 [INFO] 计算出的车框矩形边界: (1095, 658) to (3278, 1642)
2026-06-05 15:53:43 [INFO] 原始检测数: 571, 过滤后检测数: 269
2026-06-05 15:53:43 [INFO] 保存分割和检测结果到: C:\code\show\Scrap_Steel_In_Field\photos\segmentation\segment_20260605_155343.jpg
2026-06-05 15:53:43 [INFO] JSON结果保存到: C:\code\show\Scrap_Steel_In_Field\photos\segmentation_result.json
2026-06-05 15:53:43 [INFO] 类别统计：{0: 57, 1: 52, 2: 29, 3: 9, 4: 39, 5: 40, 6: 41, 7: 35, 8: 57, 9: 65, 10: 33, 11: 17, 12: 21, 13: 49, 14: 0, 15: 27}
2026-06-05 15:53:43 [INFO] 面积统计：{0: 3056220.0, 1: 790740.0, 2: 53496.0, 3: 148680.0, 4: 150336.0, 5: 106668.0, 6: 538740.0, 7: 51084.0, 8: 1007100.0, 9: 324792.0, 10: 168372.0, 11: 360792.0, 12: 55584.0, 13: 649224.0, 14: 108.0, 15: 89496.0}
2026-06-05 15:53:43 [INFO] 分割成功
2026-06-05 15:53:43 [INFO] 引擎上下文已释放
2026-06-05 15:53:43 [INFO] TensorRT 引擎已释放
2026-06-05 15:53:43 [INFO] 全局 CUDA 资源已释放
2026-06-05 15:53:43 [INFO] 分割系统资源已释放
2026-06-05 15:53:47 [INFO] CUDA 初始化成功
2026-06-05 15:53:47 [INFO] 引擎加载成功: scrap_steel.engine
2026-06-05 15:53:47 [INFO] 分割系统初始化成功
2026-06-05 15:53:48 [INFO] 图像预处理完成，原始尺寸: (2160, 3840)
2026-06-05 15:53:48 [INFO] 开始执行分割...
2026-06-05 15:53:48 [DEBUG] 处理后的检测结果形状: (1, 8400, 6)
2026-06-05 15:53:48 [DEBUG] 示例检测结果: [[-4.15736008e+00 -3.18262386e+00  3.88646507e+01  1.46569738e+01
   3.51535725e-08  5.00000000e+00]
 [-6.73902893e+00 -3.02511215e+00  4.46059151e+01  2.84859104e+01
   8.39842595e-09  9.00000000e+00]
 [-3.65003967e+00 -3.36903763e+00  4.58349075e+01  2.93695831e+01
   3.95297839e-09  9.00000000e+00]]
2026-06-05 15:53:48 [DEBUG] 处理后检测输出形状: (0, 52)
2026-06-05 15:53:48 [DEBUG] 有效检测数量: 0
2026-06-05 15:53:48 [DEBUG] 检测输出为空
2026-06-05 15:53:48 [INFO] 掩码中检测到的类别: [0, 1, 2, 3, 4, 5, 6, 7, 8, 9, 10, 11, 12, 13, 14, 15]
2026-06-05 15:53:48 [INFO] 分割完成，检测到 0 个物体
2026-06-05 15:53:48 [INFO] 从分割掩码中提取检测结果
2026-06-05 15:53:48 [INFO] 从掩码中提取了 536 个检测框
2026-06-05 15:53:48 [INFO] 计算出的车框矩形边界: (1095, 662) to (3276, 1637)
2026-06-05 15:53:48 [INFO] 原始检测数: 536, 过滤后检测数: 248
2026-06-05 15:53:48 [INFO] 保存分割和检测结果到: C:\code\show\Scrap_Steel_In_Field\photos\segmentation\segment_20260605_155348.jpg
2026-06-05 15:53:48 [INFO] JSON结果保存到: C:\code\show\Scrap_Steel_In_Field\photos\segmentation_result.json
2026-06-05 15:53:48 [INFO] 类别统计：{0: 50, 1: 42, 2: 28, 3: 9, 4: 38, 5: 40, 6: 31, 7: 38, 8: 60, 9: 51, 10: 31, 11: 14, 12: 23, 13: 56, 14: 0, 15: 25}
2026-06-05 15:53:48 [INFO] 面积统计：{0: 3134664.0, 1: 782604.0, 2: 60156.0, 3: 138600.0, 4: 142092.0, 5: 117612.0, 6: 555768.0, 7: 37584.0, 8: 1023660.0, 9: 365688.0, 10: 168408.0, 11: 376236.0, 12: 66780.0, 13: 650556.0, 14: 216.0, 15: 62100.0}
2026-06-05 15:53:49 [INFO] 分割成功
2026-06-05 15:53:49 [INFO] 引擎上下文已释放
2026-06-05 15:53:49 [INFO] TensorRT 引擎已释放
2026-06-05 15:53:49 [INFO] 全局 CUDA 资源已释放
2026-06-05 15:53:49 [INFO] 分割系统资源已释放
2026-06-05 15:53:53 [INFO] CUDA 初始化成功
2026-06-05 15:53:53 [INFO] 引擎加载成功: scrap_steel.engine
2026-06-05 15:53:53 [INFO] 分割系统初始化成功
2026-06-05 15:53:53 [INFO] 图像预处理完成，原始尺寸: (2160, 3840)
2026-06-05 15:53:53 [INFO] 开始执行分割...
2026-06-05 15:53:53 [DEBUG] 处理后的检测结果形状: (1, 8400, 6)
2026-06-05 15:53:53 [DEBUG] 示例检测结果: [[-4.15643311e+00 -3.18314266e+00  3.90426331e+01  1.47362700e+01
   3.54253302e-08  5.00000000e+00]
 [-6.71693420e+00 -3.00086784e+00  4.46516190e+01  2.86388969e+01
   8.59382965e-09  9.00000000e+00]
 [-3.63755417e+00 -3.38513851e+00  4.58649559e+01  2.95454330e+01
   3.95353084e-09  9.00000000e+00]]
2026-06-05 15:53:53 [DEBUG] 处理后检测输出形状: (0, 52)
2026-06-05 15:53:53 [DEBUG] 有效检测数量: 0
2026-06-05 15:53:53 [DEBUG] 检测输出为空
2026-06-05 15:53:53 [INFO] 掩码中检测到的类别: [0, 1, 2, 3, 4, 5, 6, 7, 8, 9, 10, 11, 12, 13, 14, 15]
2026-06-05 15:53:53 [INFO] 分割完成，检测到 0 个物体
2026-06-05 15:53:53 [INFO] 从分割掩码中提取检测结果
2026-06-05 15:53:53 [INFO] 从掩码中提取了 524 个检测框
2026-06-05 15:53:53 [INFO] 计算出的车框矩形边界: (1097, 660) to (3277, 1642)
2026-06-05 15:53:53 [INFO] 原始检测数: 524, 过滤后检测数: 249
2026-06-05 15:53:54 [INFO] 保存分割和检测结果到: C:\code\show\Scrap_Steel_In_Field\photos\segmentation\segment_20260605_155353.jpg
2026-06-05 15:53:54 [INFO] JSON结果保存到: C:\code\show\Scrap_Steel_In_Field\photos\segmentation_result.json
2026-06-05 15:53:54 [INFO] 类别统计：{0: 53, 1: 51, 2: 28, 3: 6, 4: 45, 5: 29, 6: 29, 7: 36, 8: 54, 9: 49, 10: 33, 11: 15, 12: 19, 13: 48, 14: 0, 15: 29}
2026-06-05 15:53:54 [INFO] 面积统计：{0: 3097188.0, 1: 776592.0, 2: 50796.0, 3: 149112.0, 4: 155016.0, 5: 108036.0, 6: 554400.0, 7: 41832.0, 8: 1033920.0, 9: 338148.0, 10: 165888.0, 11: 366192.0, 12: 41832.0, 13: 654588.0, 14: 108.0, 15: 94932.0}
2026-06-05 15:53:54 [INFO] 分割成功
2026-06-05 15:53:54 [INFO] 引擎上下文已释放
2026-06-05 15:53:54 [INFO] TensorRT 引擎已释放
2026-06-05 15:53:54 [INFO] 全局 CUDA 资源已释放
2026-06-05 15:53:54 [INFO] 分割系统资源已释放
2026-06-05 15:53:58 [INFO] CUDA 初始化成功
2026-06-05 15:53:58 [INFO] 引擎加载成功: scrap_steel.engine
2026-06-05 15:53:58 [INFO] 分割系统初始化成功
2026-06-05 15:53:58 [INFO] 图像预处理完成，原始尺寸: (2160, 3840)
2026-06-05 15:53:58 [INFO] 开始执行分割...
2026-06-05 15:53:58 [DEBUG] 处理后的检测结果形状: (1, 8400, 6)
2026-06-05 15:53:58 [DEBUG] 示例检测结果: [[-4.15668106e+00 -3.16155148e+00  3.90317459e+01  1.46273928e+01
   3.51535725e-08  5.00000000e+00]
 [-6.74795532e+00 -2.99966049e+00  4.46494904e+01  2.85660286e+01
   8.59382965e-09  9.00000000e+00]
 [-3.68958664e+00 -3.38112354e+00  4.58870354e+01  2.94525986e+01
   3.98647693e-09  9.00000000e+00]]
2026-06-05 15:53:58 [DEBUG] 处理后检测输出形状: (0, 52)
2026-06-05 15:53:58 [DEBUG] 有效检测数量: 0
2026-06-05 15:53:58 [DEBUG] 检测输出为空
2026-06-05 15:53:58 [INFO] 掩码中检测到的类别: [0, 1, 2, 3, 4, 5, 6, 7, 8, 9, 10, 11, 12, 13, 14, 15]
2026-06-05 15:53:58 [INFO] 分割完成，检测到 0 个物体
2026-06-05 15:53:58 [INFO] 从分割掩码中提取检测结果
2026-06-05 15:53:58 [INFO] 从掩码中提取了 531 个检测框
2026-06-05 15:53:58 [INFO] 计算出的车框矩形边界: (1094, 664) to (3278, 1641)
2026-06-05 15:53:58 [INFO] 原始检测数: 531, 过滤后检测数: 246
2026-06-05 15:53:59 [INFO] 保存分割和检测结果到: C:\code\show\Scrap_Steel_In_Field\photos\segmentation\segment_20260605_155358.jpg
2026-06-05 15:53:59 [INFO] JSON结果保存到: C:\code\show\Scrap_Steel_In_Field\photos\segmentation_result.json
2026-06-05 15:53:59 [INFO] 类别统计：{0: 57, 1: 45, 2: 28, 3: 9, 4: 39, 5: 31, 6: 31, 7: 36, 8: 49, 9: 57, 10: 35, 11: 16, 12: 23, 13: 51, 14: 0, 15: 24}
2026-06-05 15:53:59 [INFO] 面积统计：{0: 3197916.0, 1: 787428.0, 2: 58536.0, 3: 160272.0, 4: 146376.0, 5: 108684.0, 6: 534816.0, 7: 45144.0, 8: 987768.0, 9: 338364.0, 10: 164268.0, 11: 357192.0, 12: 71388.0, 13: 641016.0, 14: 108.0, 15: 114264.0}
2026-06-05 15:53:59 [INFO] 分割成功
2026-06-05 15:53:59 [INFO] 引擎上下文已释放
2026-06-05 15:53:59 [INFO] TensorRT 引擎已释放
2026-06-05 15:53:59 [INFO] 全局 CUDA 资源已释放
2026-06-05 15:53:59 [INFO] 分割系统资源已释放
2026-06-05 15:54:03 [INFO] CUDA 初始化成功
2026-06-05 15:54:03 [INFO] 引擎加载成功: scrap_steel.engine
2026-06-05 15:54:03 [INFO] 分割系统初始化成功
2026-06-05 15:54:03 [INFO] 图像预处理完成，原始尺寸: (2160, 3840)
2026-06-05 15:54:03 [INFO] 开始执行分割...
2026-06-05 15:54:03 [DEBUG] 处理后的检测结果形状: (1, 8400, 6)
2026-06-05 15:54:03 [DEBUG] 示例检测结果: [[-4.18529510e+00 -3.17303705e+00  3.88538208e+01  1.46024075e+01
   3.49012268e-08  5.00000000e+00]
 [-6.73840714e+00 -3.00106812e+00  4.46573219e+01  2.85265427e+01
   8.32491676e-09  9.00000000e+00]
 [-3.67611694e+00 -3.39041138e+00  4.58594933e+01  2.94663315e+01
   3.93705779e-09  9.00000000e+00]]
2026-06-05 15:54:03 [DEBUG] 处理后检测输出形状: (0, 52)
2026-06-05 15:54:03 [DEBUG] 有效检测数量: 0
2026-06-05 15:54:03 [DEBUG] 检测输出为空
2026-06-05 15:54:03 [INFO] 掩码中检测到的类别: [0, 1, 2, 3, 4, 5, 6, 7, 8, 9, 10, 11, 12, 13, 14, 15]
2026-06-05 15:54:03 [INFO] 分割完成，检测到 0 个物体
2026-06-05 15:54:03 [INFO] 从分割掩码中提取检测结果
2026-06-05 15:54:03 [INFO] 从掩码中提取了 541 个检测框
2026-06-05 15:54:03 [INFO] 计算出的车框矩形边界: (1097, 660) to (3278, 1641)
2026-06-05 15:54:03 [INFO] 原始检测数: 541, 过滤后检测数: 257
2026-06-05 15:54:04 [INFO] 保存分割和检测结果到: C:\code\show\Scrap_Steel_In_Field\photos\segmentation\segment_20260605_155403.jpg
2026-06-05 15:54:04 [INFO] JSON结果保存到: C:\code\show\Scrap_Steel_In_Field\photos\segmentation_result.json
2026-06-05 15:54:04 [INFO] 类别统计：{0: 55, 1: 46, 2: 29, 3: 12, 4: 36, 5: 36, 6: 35, 7: 33, 8: 55, 9: 58, 10: 35, 11: 18, 12: 20, 13: 45, 14: 0, 15: 28}
2026-06-05 15:54:04 [INFO] 面积统计：{0: 3064896.0, 1: 779976.0, 2: 52560.0, 3: 148968.0, 4: 145440.0, 5: 117072.0, 6: 530136.0, 7: 45504.0, 8: 1009224.0, 9: 317592.0, 10: 170640.0, 11: 372744.0, 12: 49032.0, 13: 645120.0, 14: 216.0, 15: 94716.0}
2026-06-05 15:54:04 [INFO] 分割成功
2026-06-05 15:54:04 [INFO] 引擎上下文已释放
2026-06-05 15:54:04 [INFO] TensorRT 引擎已释放
2026-06-05 15:54:04 [INFO] 全局 CUDA 资源已释放
2026-06-05 15:54:04 [INFO] 分割系统资源已释放
2026-06-05 15:54:08 [INFO] CUDA 初始化成功
2026-06-05 15:54:08 [INFO] 引擎加载成功: scrap_steel.engine
2026-06-05 15:54:08 [INFO] 分割系统初始化成功
2026-06-05 15:54:08 [INFO] 图像预处理完成，原始尺寸: (2160, 3840)
2026-06-05 15:54:08 [INFO] 开始执行分割...
2026-06-05 15:54:08 [DEBUG] 处理后的检测结果形状: (1, 8400, 6)
2026-06-05 15:54:08 [DEBUG] 示例检测结果: [[-4.19001770e+00 -3.17152357e+00  3.89962883e+01  1.47191429e+01
   3.58375551e-08  5.00000000e+00]
 [-6.77962494e+00 -3.01290512e+00  4.46061935e+01  2.86527939e+01
   8.70199912e-09  9.00000000e+00]
 [-3.67778778e+00 -3.42064762e+00  4.58637085e+01  2.95447998e+01
   3.98647693e-09  9.00000000e+00]]
2026-06-05 15:54:08 [DEBUG] 处理后检测输出形状: (0, 52)
2026-06-05 15:54:08 [DEBUG] 有效检测数量: 0
2026-06-05 15:54:08 [DEBUG] 检测输出为空
2026-06-05 15:54:08 [INFO] 掩码中检测到的类别: [0, 1, 2, 3, 4, 5, 6, 7, 8, 9, 10, 11, 12, 13, 14, 15]
2026-06-05 15:54:08 [INFO] 分割完成，检测到 0 个物体
2026-06-05 15:54:08 [INFO] 从分割掩码中提取检测结果
2026-06-05 15:54:09 [INFO] 从掩码中提取了 542 个检测框
2026-06-05 15:54:09 [INFO] 计算出的车框矩形边界: (1097, 661) to (3278, 1641)
2026-06-05 15:54:09 [INFO] 原始检测数: 542, 过滤后检测数: 247
2026-06-05 15:54:09 [INFO] 保存分割和检测结果到: C:\code\show\Scrap_Steel_In_Field\photos\segmentation\segment_20260605_155409.jpg
2026-06-05 15:54:09 [INFO] JSON结果保存到: C:\code\show\Scrap_Steel_In_Field\photos\segmentation_result.json
2026-06-05 15:54:09 [INFO] 类别统计：{0: 62, 1: 45, 2: 29, 3: 9, 4: 40, 5: 37, 6: 32, 7: 38, 8: 56, 9: 55, 10: 32, 11: 15, 12: 19, 13: 49, 14: 0, 15: 24}
2026-06-05 15:54:09 [INFO] 面积统计：{0: 3059784.0, 1: 763956.0, 2: 48600.0, 3: 158868.0, 4: 146700.0, 5: 103392.0, 6: 543456.0, 7: 42876.0, 8: 1019232.0, 9: 345096.0, 10: 171072.0, 11: 388044.0, 12: 58752.0, 13: 641592.0, 14: 180.0, 15: 84348.0}
2026-06-05 15:54:09 [INFO] 分割成功
2026-06-05 15:54:09 [INFO] 引擎上下文已释放
2026-06-05 15:54:09 [INFO] TensorRT 引擎已释放
2026-06-05 15:54:09 [INFO] 全局 CUDA 资源已释放
2026-06-05 15:54:09 [INFO] 分割系统资源已释放
2026-06-05 15:54:13 [INFO] CUDA 初始化成功
2026-06-05 15:54:13 [INFO] 引擎加载成功: scrap_steel.engine
2026-06-05 15:54:13 [INFO] 分割系统初始化成功
2026-06-05 15:54:14 [INFO] 图像预处理完成，原始尺寸: (2160, 3840)
2026-06-05 15:54:14 [INFO] 开始执行分割...
2026-06-05 15:54:14 [DEBUG] 处理后的检测结果形状: (1, 8400, 6)
2026-06-05 15:54:14 [DEBUG] 示例检测结果: [[-4.15252686e+00 -3.17224360e+00  3.90118866e+01  1.46119633e+01
   3.54253302e-08  5.00000000e+00]
 [-6.74129868e+00 -3.01193619e+00  4.47676773e+01  2.86652870e+01
   8.52706705e-09  9.00000000e+00]
 [-3.66976166e+00 -3.37773895e+00  4.59170303e+01  2.95689392e+01
   3.95574062e-09  9.00000000e+00]]
2026-06-05 15:54:14 [DEBUG] 处理后检测输出形状: (0, 52)
2026-06-05 15:54:14 [DEBUG] 有效检测数量: 0
2026-06-05 15:54:14 [DEBUG] 检测输出为空
2026-06-05 15:54:14 [INFO] 掩码中检测到的类别: [0, 1, 2, 3, 4, 5, 6, 7, 8, 9, 10, 11, 12, 13, 14, 15]
2026-06-05 15:54:14 [INFO] 分割完成，检测到 0 个物体
2026-06-05 15:54:14 [INFO] 从分割掩码中提取检测结果
2026-06-05 15:54:14 [INFO] 从掩码中提取了 551 个检测框
2026-06-05 15:54:14 [INFO] 计算出的车框矩形边界: (1095, 661) to (3276, 1641)
2026-06-05 15:54:14 [INFO] 原始检测数: 551, 过滤后检测数: 247
2026-06-05 15:54:14 [INFO] 保存分割和检测结果到: C:\code\show\Scrap_Steel_In_Field\photos\segmentation\segment_20260605_155414.jpg
2026-06-05 15:54:14 [INFO] JSON结果保存到: C:\code\show\Scrap_Steel_In_Field\photos\segmentation_result.json
2026-06-05 15:54:14 [INFO] 类别统计：{0: 64, 1: 42, 2: 28, 3: 10, 4: 40, 5: 37, 6: 35, 7: 39, 8: 58, 9: 62, 10: 30, 11: 20, 12: 15, 13: 46, 14: 0, 15: 25}
2026-06-05 15:54:14 [INFO] 面积统计：{0: 3093624.0, 1: 781272.0, 2: 55368.0, 3: 158328.0, 4: 141048.0, 5: 108000.0, 6: 513756.0, 7: 58680.0, 8: 997056.0, 9: 337104.0, 10: 164268.0, 11: 364716.0, 12: 71964.0, 13: 649980.0, 14: 108.0, 15: 92988.0}
2026-06-05 15:54:14 [INFO] 分割成功
2026-06-05 15:54:14 [INFO] 引擎上下文已释放
2026-06-05 15:54:14 [INFO] TensorRT 引擎已释放
2026-06-05 15:54:15 [INFO] 全局 CUDA 资源已释放
2026-06-05 15:54:15 [INFO] 分割系统资源已释放
2026-06-05 15:54:18 [INFO] CUDA 初始化成功
2026-06-05 15:54:19 [INFO] 引擎加载成功: scrap_steel.engine
2026-06-05 15:54:19 [INFO] 分割系统初始化成功
2026-06-05 15:54:19 [INFO] 图像预处理完成，原始尺寸: (2160, 3840)
2026-06-05 15:54:19 [INFO] 开始执行分割...
2026-06-05 15:54:19 [DEBUG] 处理后的检测结果形状: (1, 8400, 6)
2026-06-05 15:54:19 [DEBUG] 示例检测结果: [[-4.15417862e+00 -3.17953634e+00  3.91364784e+01  1.47615833e+01
   3.61184931e-08  5.00000000e+00]
 [-6.74404144e+00 -2.98934174e+00  4.47599640e+01  2.87068939e+01
   8.56690718e-09  9.00000000e+00]
 [-3.68268204e+00 -3.39272308e+00  4.59617844e+01  2.95944138e+01
   3.98647693e-09  9.00000000e+00]]
2026-06-05 15:54:19 [DEBUG] 处理后检测输出形状: (0, 52)
2026-06-05 15:54:19 [DEBUG] 有效检测数量: 0
2026-06-05 15:54:19 [DEBUG] 检测输出为空
2026-06-05 15:54:19 [INFO] 掩码中检测到的类别: [0, 1, 2, 3, 4, 5, 6, 7, 8, 9, 10, 11, 12, 13, 14, 15]
2026-06-05 15:54:19 [INFO] 分割完成，检测到 0 个物体
2026-06-05 15:54:19 [INFO] 从分割掩码中提取检测结果
2026-06-05 15:54:19 [INFO] 从掩码中提取了 548 个检测框
2026-06-05 15:54:19 [INFO] 计算出的车框矩形边界: (1095, 663) to (3276, 1641)
2026-06-05 15:54:19 [INFO] 原始检测数: 548, 过滤后检测数: 259
2026-06-05 15:54:20 [INFO] 保存分割和检测结果到: C:\code\show\Scrap_Steel_In_Field\photos\segmentation\segment_20260605_155419.jpg
2026-06-05 15:54:20 [INFO] JSON结果保存到: C:\code\show\Scrap_Steel_In_Field\photos\segmentation_result.json
2026-06-05 15:54:20 [INFO] 类别统计：{0: 48, 1: 54, 2: 31, 3: 12, 4: 41, 5: 33, 6: 34, 7: 35, 8: 51, 9: 59, 10: 33, 11: 16, 12: 22, 13: 51, 14: 0, 15: 28}
2026-06-05 15:54:20 [INFO] 面积统计：{0: 3026664.0, 1: 768636.0, 2: 53064.0, 3: 149004.0, 4: 146376.0, 5: 105804.0, 6: 539676.0, 7: 44604.0, 8: 1012140.0, 9: 350280.0, 10: 166356.0, 11: 382284.0, 12: 63216.0, 13: 654768.0, 14: 180.0, 15: 73224.0}
2026-06-05 15:54:20 [INFO] 分割成功
2026-06-05 15:54:20 [INFO] 引擎上下文已释放
2026-06-05 15:54:20 [INFO] TensorRT 引擎已释放
2026-06-05 15:54:20 [INFO] 全局 CUDA 资源已释放
2026-06-05 15:54:20 [INFO] 分割系统资源已释放
2026-06-05 15:54:24 [INFO] CUDA 初始化成功
2026-06-05 15:54:24 [INFO] 引擎加载成功: scrap_steel.engine
2026-06-05 15:54:24 [INFO] 分割系统初始化成功
2026-06-05 15:54:24 [INFO] 图像预处理完成，原始尺寸: (2160, 3840)
2026-06-05 15:54:24 [INFO] 开始执行分割...
2026-06-05 15:54:24 [DEBUG] 处理后的检测结果形状: (1, 8400, 6)
2026-06-05 15:54:24 [DEBUG] 示例检测结果: [[-4.16992188e+00 -3.16157436e+00  3.89554405e+01  1.46606703e+01
   3.49012268e-08  5.00000000e+00]
 [-6.78985214e+00 -3.01226044e+00  4.46961403e+01  2.85991211e+01
   8.57184101e-09  9.00000000e+00]
 [-3.67453384e+00 -3.39301109e+00  4.58990135e+01  2.94762554e+01
   3.98486577e-09  9.00000000e+00]]
2026-06-05 15:54:24 [DEBUG] 处理后检测输出形状: (0, 52)
2026-06-05 15:54:24 [DEBUG] 有效检测数量: 0
2026-06-05 15:54:24 [DEBUG] 检测输出为空
2026-06-05 15:54:24 [INFO] 掩码中检测到的类别: [0, 1, 2, 3, 4, 5, 6, 7, 8, 9, 10, 11, 12, 13, 14, 15]
2026-06-05 15:54:24 [INFO] 分割完成，检测到 0 个物体
2026-06-05 15:54:24 [INFO] 从分割掩码中提取检测结果
2026-06-05 15:54:24 [INFO] 从掩码中提取了 563 个检测框
2026-06-05 15:54:24 [INFO] 计算出的车框矩形边界: (1095, 659) to (3276, 1641)
2026-06-05 15:54:24 [INFO] 原始检测数: 563, 过滤后检测数: 247
2026-06-05 15:54:25 [INFO] 保存分割和检测结果到: C:\code\show\Scrap_Steel_In_Field\photos\segmentation\segment_20260605_155424.jpg
2026-06-05 15:54:25 [INFO] JSON结果保存到: C:\code\show\Scrap_Steel_In_Field\photos\segmentation_result.json
2026-06-05 15:54:25 [INFO] 类别统计：{0: 59, 1: 43, 2: 29, 3: 9, 4: 36, 5: 38, 6: 34, 7: 35, 8: 67, 9: 60, 10: 32, 11: 20, 12: 25, 13: 50, 14: 0, 15: 26}
2026-06-05 15:54:25 [INFO] 面积统计：{0: 3043836.0, 1: 795708.0, 2: 52848.0, 3: 146160.0, 4: 139464.0, 5: 112932.0, 6: 558900.0, 7: 54756.0, 8: 1018692.0, 9: 341712.0, 10: 172260.0, 11: 375048.0, 12: 49500.0, 13: 646344.0, 14: 72.0, 15: 71136.0}
2026-06-05 15:54:25 [INFO] 分割成功
2026-06-05 15:54:25 [INFO] 引擎上下文已释放
2026-06-05 15:54:25 [INFO] TensorRT 引擎已释放
2026-06-05 15:54:25 [INFO] 全局 CUDA 资源已释放
2026-06-05 15:54:25 [INFO] 分割系统资源已释放
2026-06-05 15:54:29 [INFO] CUDA 初始化成功
2026-06-05 15:54:29 [INFO] 引擎加载成功: scrap_steel.engine
2026-06-05 15:54:29 [INFO] 分割系统初始化成功
2026-06-05 15:54:29 [INFO] 图像预处理完成，原始尺寸: (2160, 3840)
2026-06-05 15:54:29 [INFO] 开始执行分割...
2026-06-05 15:54:29 [DEBUG] 处理后的检测结果形状: (1, 8400, 6)
2026-06-05 15:54:29 [DEBUG] 示例检测结果: [[-4.17047882e+00 -3.16060305e+00  3.88981247e+01  1.46358185e+01
   3.49012268e-08  5.00000000e+00]
 [-6.76395416e+00 -2.99912834e+00  4.46107712e+01  2.85008545e+01
   8.45608117e-09  9.00000000e+00]
 [-3.68045044e+00 -3.37964249e+00  4.58670349e+01  2.94254265e+01
   3.96826216e-09  9.00000000e+00]]
2026-06-05 15:54:29 [DEBUG] 处理后检测输出形状: (0, 52)
2026-06-05 15:54:29 [DEBUG] 有效检测数量: 0
2026-06-05 15:54:29 [DEBUG] 检测输出为空
2026-06-05 15:54:29 [INFO] 掩码中检测到的类别: [0, 1, 2, 3, 4, 5, 6, 7, 8, 9, 10, 11, 12, 13, 14, 15]
2026-06-05 15:54:29 [INFO] 分割完成，检测到 0 个物体
2026-06-05 15:54:29 [INFO] 从分割掩码中提取检测结果
2026-06-05 15:54:29 [INFO] 从掩码中提取了 544 个检测框
2026-06-05 15:54:29 [INFO] 计算出的车框矩形边界: (1094, 658) to (3277, 1637)
2026-06-05 15:54:29 [INFO] 原始检测数: 544, 过滤后检测数: 250
2026-06-05 15:54:30 [INFO] 保存分割和检测结果到: C:\code\show\Scrap_Steel_In_Field\photos\segmentation\segment_20260605_155429.jpg
2026-06-05 15:54:30 [INFO] JSON结果保存到: C:\code\show\Scrap_Steel_In_Field\photos\segmentation_result.json
2026-06-05 15:54:30 [INFO] 类别统计：{0: 50, 1: 39, 2: 26, 3: 8, 4: 41, 5: 33, 6: 38, 7: 39, 8: 67, 9: 58, 10: 33, 11: 15, 12: 19, 13: 53, 14: 0, 15: 25}
2026-06-05 15:54:30 [INFO] 面积统计：{0: 3059136.0, 1: 802656.0, 2: 52668.0, 3: 153792.0, 4: 154692.0, 5: 104256.0, 6: 564264.0, 7: 55800.0, 8: 1062468.0, 9: 341784.0, 10: 170244.0, 11: 359352.0, 12: 60156.0, 13: 653652.0, 14: 108.0, 15: 72432.0}
2026-06-05 15:54:30 [INFO] 分割成功
2026-06-05 15:54:30 [INFO] 引擎上下文已释放
2026-06-05 15:54:30 [INFO] TensorRT 引擎已释放
2026-06-05 15:54:30 [INFO] 全局 CUDA 资源已释放
2026-06-05 15:54:30 [INFO] 分割系统资源已释放
2026-06-05 15:54:34 [INFO] CUDA 初始化成功
2026-06-05 15:54:34 [INFO] 引擎加载成功: scrap_steel.engine
2026-06-05 15:54:34 [INFO] 分割系统初始化成功
2026-06-05 15:54:34 [INFO] 图像预处理完成，原始尺寸: (2160, 3840)
2026-06-05 15:54:34 [INFO] 开始执行分割...
2026-06-05 15:54:34 [DEBUG] 处理后的检测结果形状: (1, 8400, 6)
2026-06-05 15:54:34 [DEBUG] 示例检测结果: [[-4.17605209e+00 -3.16898823e+00  3.89340782e+01  1.47092447e+01
   3.57041294e-08  5.00000000e+00]
 [-6.78257370e+00 -3.01154518e+00  4.46294746e+01  2.86301956e+01
   8.59382965e-09  9.00000000e+00]
 [-3.66781998e+00 -3.38888741e+00  4.58891449e+01  2.95638866e+01
   3.98647693e-09  9.00000000e+00]]
2026-06-05 15:54:34 [DEBUG] 处理后检测输出形状: (0, 52)
2026-06-05 15:54:34 [DEBUG] 有效检测数量: 0
2026-06-05 15:54:34 [DEBUG] 检测输出为空
2026-06-05 15:54:34 [INFO] 掩码中检测到的类别: [0, 1, 2, 3, 4, 5, 6, 7, 8, 9, 10, 11, 12, 13, 14, 15]
2026-06-05 15:54:34 [INFO] 分割完成，检测到 0 个物体
2026-06-05 15:54:34 [INFO] 从分割掩码中提取检测结果
2026-06-05 15:54:34 [INFO] 从掩码中提取了 564 个检测框
2026-06-05 15:54:34 [INFO] 计算出的车框矩形边界: (1094, 660) to (3276, 1641)
2026-06-05 15:54:34 [INFO] 原始检测数: 564, 过滤后检测数: 256
2026-06-05 15:54:35 [INFO] 保存分割和检测结果到: C:\code\show\Scrap_Steel_In_Field\photos\segmentation\segment_20260605_155434.jpg
2026-06-05 15:54:35 [INFO] JSON结果保存到: C:\code\show\Scrap_Steel_In_Field\photos\segmentation_result.json
2026-06-05 15:54:35 [INFO] 类别统计：{0: 63, 1: 47, 2: 28, 3: 8, 4: 43, 5: 33, 6: 36, 7: 41, 8: 58, 9: 58, 10: 36, 11: 19, 12: 20, 13: 50, 14: 0, 15: 24}
2026-06-05 15:54:35 [INFO] 面积统计：{0: 3020724.0, 1: 804312.0, 2: 51840.0, 3: 156492.0, 4: 150408.0, 5: 117648.0, 6: 549792.0, 7: 53676.0, 8: 1031436.0, 9: 334368.0, 10: 164736.0, 11: 378468.0, 12: 60912.0, 13: 635256.0, 14: 144.0, 15: 81288.0}
2026-06-05 15:54:35 [INFO] 分割成功
2026-06-05 15:54:35 [INFO] 引擎上下文已释放
2026-06-05 15:54:35 [INFO] TensorRT 引擎已释放
2026-06-05 15:54:35 [INFO] 全局 CUDA 资源已释放
2026-06-05 15:54:35 [INFO] 分割系统资源已释放
2026-06-05 15:54:39 [INFO] CUDA 初始化成功
2026-06-05 15:54:39 [INFO] 引擎加载成功: scrap_steel.engine
2026-06-05 15:54:39 [INFO] 分割系统初始化成功
2026-06-05 15:54:39 [INFO] 图像预处理完成，原始尺寸: (2160, 3840)
2026-06-05 15:54:39 [INFO] 开始执行分割...
2026-06-05 15:54:39 [DEBUG] 处理后的检测结果形状: (1, 8400, 6)
2026-06-05 15:54:39 [DEBUG] 示例检测结果: [[-4.17203522e+00 -3.15928364e+00  3.88472366e+01  1.46103373e+01
   3.51535725e-08  5.00000000e+00]
 [-6.73040009e+00 -3.01256561e+00  4.45820923e+01  2.85280533e+01
   8.29232683e-09  9.00000000e+00]
 [-3.65678406e+00 -3.39436340e+00  4.58588562e+01  2.94256248e+01
   3.93705779e-09  9.00000000e+00]]
2026-06-05 15:54:39 [DEBUG] 处理后检测输出形状: (0, 52)
2026-06-05 15:54:39 [DEBUG] 有效检测数量: 0
2026-06-05 15:54:39 [DEBUG] 检测输出为空
2026-06-05 15:54:39 [INFO] 掩码中检测到的类别: [0, 1, 2, 3, 4, 5, 6, 7, 8, 9, 10, 11, 12, 13, 14, 15]
2026-06-05 15:54:39 [INFO] 分割完成，检测到 0 个物体
2026-06-05 15:54:39 [INFO] 从分割掩码中提取检测结果
2026-06-05 15:54:40 [INFO] 从掩码中提取了 546 个检测框
2026-06-05 15:54:40 [INFO] 计算出的车框矩形边界: (1095, 660) to (3276, 1641)
2026-06-05 15:54:40 [INFO] 原始检测数: 546, 过滤后检测数: 248
2026-06-05 15:54:41 [INFO] 保存分割和检测结果到: C:\code\show\Scrap_Steel_In_Field\photos\segmentation\segment_20260605_155440.jpg
2026-06-05 15:54:41 [INFO] JSON结果保存到: C:\code\show\Scrap_Steel_In_Field\photos\segmentation_result.json
2026-06-05 15:54:41 [INFO] 类别统计：{0: 57, 1: 45, 2: 29, 3: 10, 4: 35, 5: 37, 6: 39, 7: 36, 8: 61, 9: 54, 10: 31, 11: 12, 12: 20, 13: 50, 14: 0, 15: 30}
2026-06-05 15:54:41 [INFO] 面积统计：{0: 3111948.0, 1: 797436.0, 2: 49716.0, 3: 153972.0, 4: 155160.0, 5: 105372.0, 6: 551844.0, 7: 57348.0, 8: 985068.0, 9: 339768.0, 10: 165960.0, 11: 377028.0, 12: 52380.0, 13: 650916.0, 14: 36.0, 15: 81324.0}
2026-06-05 15:54:41 [INFO] 分割成功
2026-06-05 15:54:41 [INFO] 引擎上下文已释放
2026-06-05 15:54:41 [INFO] TensorRT 引擎已释放
2026-06-05 15:54:41 [INFO] 全局 CUDA 资源已释放
2026-06-05 15:54:41 [INFO] 分割系统资源已释放
2026-06-05 15:54:44 [INFO] CUDA 初始化成功
2026-06-05 15:54:44 [INFO] 引擎加载成功: scrap_steel.engine
2026-06-05 15:54:44 [INFO] 分割系统初始化成功
2026-06-05 15:54:45 [INFO] 图像预处理完成，原始尺寸: (2160, 3840)
2026-06-05 15:54:45 [INFO] 开始执行分割...
2026-06-05 15:54:45 [DEBUG] 处理后的检测结果形状: (1, 8400, 6)
2026-06-05 15:54:45 [DEBUG] 示例检测结果: [[-4.18151855e+00 -3.20206165e+00  3.90665588e+01  1.48444910e+01
   3.59829286e-08  5.00000000e+00]
 [-6.71837234e+00 -3.03778076e+00  4.47460823e+01  2.88582592e+01
   8.52706705e-09  9.00000000e+00]
 [-3.65796280e+00 -3.43474102e+00  4.59351311e+01  2.96981621e+01
   3.95574062e-09  9.00000000e+00]]
2026-06-05 15:54:45 [DEBUG] 处理后检测输出形状: (0, 52)
2026-06-05 15:54:45 [DEBUG] 有效检测数量: 0
2026-06-05 15:54:45 [DEBUG] 检测输出为空
2026-06-05 15:54:45 [INFO] 掩码中检测到的类别: [0, 1, 2, 3, 4, 5, 6, 7, 8, 9, 10, 11, 12, 13, 14, 15]
2026-06-05 15:54:45 [INFO] 分割完成，检测到 0 个物体
2026-06-05 15:54:45 [INFO] 从分割掩码中提取检测结果
2026-06-05 15:54:45 [INFO] 从掩码中提取了 560 个检测框
2026-06-05 15:54:45 [INFO] 计算出的车框矩形边界: (1094, 660) to (3278, 1641)
2026-06-05 15:54:45 [INFO] 原始检测数: 560, 过滤后检测数: 252
2026-06-05 15:54:45 [INFO] 保存分割和检测结果到: C:\code\show\Scrap_Steel_In_Field\photos\segmentation\segment_20260605_155445.jpg
2026-06-05 15:54:45 [INFO] JSON结果保存到: C:\code\show\Scrap_Steel_In_Field\photos\segmentation_result.json
2026-06-05 15:54:45 [INFO] 类别统计：{0: 54, 1: 46, 2: 28, 3: 13, 4: 40, 5: 34, 6: 38, 7: 41, 8: 67, 9: 54, 10: 34, 11: 15, 12: 23, 13: 48, 14: 0, 15: 25}
2026-06-05 15:54:45 [INFO] 面积统计：{0: 3077100.0, 1: 799128.0, 2: 53820.0, 3: 148536.0, 4: 148176.0, 5: 103680.0, 6: 527508.0, 7: 56520.0, 8: 1003968.0, 9: 369324.0, 10: 164628.0, 11: 363060.0, 12: 62316.0, 13: 651744.0, 14: 108.0, 15: 82764.0}
2026-06-05 15:54:45 [INFO] 分割成功
2026-06-05 15:54:45 [INFO] 引擎上下文已释放
2026-06-05 15:54:45 [INFO] TensorRT 引擎已释放
2026-06-05 15:54:46 [INFO] 全局 CUDA 资源已释放
2026-06-05 15:54:46 [INFO] 分割系统资源已释放
2026-06-05 15:54:49 [INFO] CUDA 初始化成功
2026-06-05 15:54:50 [INFO] 引擎加载成功: scrap_steel.engine
2026-06-05 15:54:50 [INFO] 分割系统初始化成功
2026-06-05 15:54:50 [INFO] 图像预处理完成，原始尺寸: (2160, 3840)
2026-06-05 15:54:50 [INFO] 开始执行分割...
2026-06-05 15:54:50 [DEBUG] 处理后的检测结果形状: (1, 8400, 6)
2026-06-05 15:54:50 [DEBUG] 示例检测结果: [[-4.15629959e+00 -3.17843533e+00  3.89588776e+01  1.46018991e+01
   3.51535725e-08  5.00000000e+00]
 [-6.72153473e+00 -3.00100517e+00  4.47104111e+01  2.85151348e+01
   8.37284819e-09  9.00000000e+00]
 [-3.68437195e+00 -3.39030647e+00  4.59170456e+01  2.95414143e+01
   3.89256627e-09  9.00000000e+00]]
2026-06-05 15:54:50 [DEBUG] 处理后检测输出形状: (0, 52)
2026-06-05 15:54:50 [DEBUG] 有效检测数量: 0
2026-06-05 15:54:50 [DEBUG] 检测输出为空
2026-06-05 15:54:50 [INFO] 掩码中检测到的类别: [0, 1, 2, 3, 4, 5, 6, 7, 8, 9, 10, 11, 12, 13, 14, 15]
2026-06-05 15:54:50 [INFO] 分割完成，检测到 0 个物体
2026-06-05 15:54:50 [INFO] 从分割掩码中提取检测结果
2026-06-05 15:54:50 [INFO] 从掩码中提取了 554 个检测框
2026-06-05 15:54:50 [INFO] 计算出的车框矩形边界: (1095, 660) to (3276, 1641)
2026-06-05 15:54:50 [INFO] 原始检测数: 554, 过滤后检测数: 236
2026-06-05 15:54:51 [INFO] 保存分割和检测结果到: C:\code\show\Scrap_Steel_In_Field\photos\segmentation\segment_20260605_155450.jpg
2026-06-05 15:54:51 [INFO] JSON结果保存到: C:\code\show\Scrap_Steel_In_Field\photos\segmentation_result.json
2026-06-05 15:54:51 [INFO] 类别统计：{0: 56, 1: 50, 2: 25, 3: 9, 4: 45, 5: 36, 6: 33, 7: 36, 8: 56, 9: 56, 10: 36, 11: 19, 12: 21, 13: 49, 14: 0, 15: 27}
2026-06-05 15:54:51 [INFO] 面积统计：{0: 3076632.0, 1: 801468.0, 2: 50040.0, 3: 156816.0, 4: 157140.0, 5: 107244.0, 6: 545076.0, 7: 45864.0, 8: 1020492.0, 9: 348408.0, 10: 166284.0, 11: 379188.0, 12: 55872.0, 13: 652932.0, 14: 108.0, 15: 61416.0}
2026-06-05 15:54:51 [INFO] 分割成功
2026-06-05 15:54:51 [INFO] 引擎上下文已释放
2026-06-05 15:54:51 [INFO] TensorRT 引擎已释放
2026-06-05 15:54:51 [INFO] 全局 CUDA 资源已释放
2026-06-05 15:54:51 [INFO] 分割系统资源已释放
2026-06-05 15:54:55 [INFO] CUDA 初始化成功
2026-06-05 15:54:55 [INFO] 引擎加载成功: scrap_steel.engine
2026-06-05 15:54:55 [INFO] 分割系统初始化成功
2026-06-05 15:54:55 [INFO] 图像预处理完成，原始尺寸: (2160, 3840)
2026-06-05 15:54:55 [INFO] 开始执行分割...
2026-06-05 15:54:55 [DEBUG] 处理后的检测结果形状: (1, 8400, 6)
2026-06-05 15:54:55 [DEBUG] 示例检测结果: [[-4.18538284e+00 -3.17388821e+00  3.90047417e+01  1.47152414e+01
   3.51497711e-08  5.00000000e+00]
 [-6.74100113e+00 -3.02556992e+00  4.47115822e+01  2.86824417e+01
   8.66141647e-09  9.00000000e+00]
 [-3.67008209e+00 -3.41166973e+00  4.58912354e+01  2.95256844e+01
   4.04945411e-09  9.00000000e+00]]
2026-06-05 15:54:55 [DEBUG] 处理后检测输出形状: (0, 52)
2026-06-05 15:54:55 [DEBUG] 有效检测数量: 0
2026-06-05 15:54:55 [DEBUG] 检测输出为空
2026-06-05 15:54:55 [INFO] 掩码中检测到的类别: [0, 1, 2, 3, 4, 5, 6, 7, 8, 9, 10, 11, 12, 13, 15]
2026-06-05 15:54:55 [INFO] 分割完成，检测到 0 个物体
2026-06-05 15:54:55 [INFO] 从分割掩码中提取检测结果
2026-06-05 15:54:56 [INFO] 从掩码中提取了 559 个检测框
2026-06-05 15:54:56 [INFO] 计算出的车框矩形边界: (1094, 661) to (3278, 1641)
2026-06-05 15:54:56 [INFO] 原始检测数: 559, 过滤后检测数: 244
2026-06-05 15:54:56 [INFO] 保存分割和检测结果到: C:\code\show\Scrap_Steel_In_Field\photos\segmentation\segment_20260605_155456.jpg
2026-06-05 15:54:56 [INFO] JSON结果保存到: C:\code\show\Scrap_Steel_In_Field\photos\segmentation_result.json
2026-06-05 15:54:56 [INFO] 类别统计：{0: 62, 1: 46, 2: 30, 3: 10, 4: 40, 5: 34, 6: 34, 7: 39, 8: 55, 9: 58, 10: 35, 11: 16, 12: 23, 13: 49, 14: 0, 15: 28}
2026-06-05 15:54:56 [INFO] 面积统计：{0: 3016008.0, 1: 783180.0, 2: 51768.0, 3: 151092.0, 4: 163656.0, 5: 108396.0, 6: 547272.0, 7: 57492.0, 8: 998748.0, 9: 342504.0, 10: 164628.0, 11: 360900.0, 12: 67968.0, 13: 647892.0, 15: 77400.0}
2026-06-05 15:54:56 [INFO] 分割成功
2026-06-05 15:54:56 [INFO] 引擎上下文已释放
2026-06-05 15:54:56 [INFO] TensorRT 引擎已释放
2026-06-05 15:54:56 [INFO] 全局 CUDA 资源已释放
2026-06-05 15:54:56 [INFO] 分割系统资源已释放
2026-06-05 15:55:00 [INFO] CUDA 初始化成功
2026-06-05 15:55:00 [INFO] 引擎加载成功: scrap_steel.engine
2026-06-05 15:55:00 [INFO] 分割系统初始化成功
2026-06-05 15:55:00 [INFO] 图像预处理完成，原始尺寸: (2160, 3840)
2026-06-05 15:55:00 [INFO] 开始执行分割...
2026-06-05 15:55:00 [DEBUG] 处理后的检测结果形状: (1, 8400, 6)
2026-06-05 15:55:00 [DEBUG] 示例检测结果: [[-4.09078598e+00 -3.13682985e+00  3.90087624e+01  1.44959335e+01
   3.52875489e-08  5.00000000e+00]
 [-6.69305420e+00 -2.95177078e+00  4.47522659e+01  2.85672531e+01
   8.62762306e-09  9.00000000e+00]
 [-3.68532944e+00 -3.35296440e+00  4.59676857e+01  2.95593243e+01
   4.06710043e-09  9.00000000e+00]]
2026-06-05 15:55:00 [DEBUG] 处理后检测输出形状: (0, 52)
2026-06-05 15:55:00 [DEBUG] 有效检测数量: 0
2026-06-05 15:55:00 [DEBUG] 检测输出为空
2026-06-05 15:55:00 [INFO] 掩码中检测到的类别: [0, 1, 2, 3, 4, 5, 6, 7, 8, 9, 10, 11, 12, 13, 14, 15]
2026-06-05 15:55:00 [INFO] 分割完成，检测到 0 个物体
2026-06-05 15:55:00 [INFO] 从分割掩码中提取检测结果
2026-06-05 15:55:00 [INFO] 从掩码中提取了 555 个检测框
2026-06-05 15:55:00 [INFO] 计算出的车框矩形边界: (1095, 661) to (3277, 1641)
2026-06-05 15:55:00 [INFO] 原始检测数: 555, 过滤后检测数: 245
2026-06-05 15:55:01 [INFO] 保存分割和检测结果到: C:\code\show\Scrap_Steel_In_Field\photos\segmentation\segment_20260605_155500.jpg
2026-06-05 15:55:01 [INFO] JSON结果保存到: C:\code\show\Scrap_Steel_In_Field\photos\segmentation_result.json
2026-06-05 15:55:01 [INFO] 类别统计：{0: 62, 1: 52, 2: 29, 3: 8, 4: 39, 5: 38, 6: 31, 7: 32, 8: 56, 9: 58, 10: 33, 11: 15, 12: 23, 13: 52, 14: 0, 15: 27}
2026-06-05 15:55:01 [INFO] 面积统计：{0: 3070908.0, 1: 804960.0, 2: 49284.0, 3: 158508.0, 4: 144504.0, 5: 106668.0, 6: 566856.0, 7: 49320.0, 8: 1018044.0, 9: 359964.0, 10: 167220.0, 11: 383724.0, 12: 51192.0, 13: 645480.0, 14: 108.0, 15: 74736.0}
2026-06-05 15:55:01 [INFO] 分割成功
2026-06-05 15:55:01 [INFO] 引擎上下文已释放
2026-06-05 15:55:01 [INFO] TensorRT 引擎已释放
2026-06-05 15:55:01 [INFO] 全局 CUDA 资源已释放
2026-06-05 15:55:01 [INFO] 分割系统资源已释放
2026-06-05 15:55:05 [INFO] CUDA 初始化成功
2026-06-05 15:55:05 [INFO] 引擎加载成功: scrap_steel.engine
2026-06-05 15:55:05 [INFO] 分割系统初始化成功
2026-06-05 15:55:05 [INFO] 图像预处理完成，原始尺寸: (2160, 3840)
2026-06-05 15:55:05 [INFO] 开始执行分割...
2026-06-05 15:55:05 [DEBUG] 处理后的检测结果形状: (1, 8400, 6)
2026-06-05 15:55:05 [DEBUG] 示例检测结果: [[-4.09388351e+00 -3.14646339e+00  3.90310974e+01  1.45400028e+01
   3.52875489e-08  5.00000000e+00]
 [-6.68784714e+00 -2.97555923e+00  4.48577461e+01  2.86224823e+01
   8.80466899e-09  9.00000000e+00]
 [-3.66469955e+00 -3.36438560e+00  4.59781952e+01  2.96037617e+01
   4.08292067e-09  9.00000000e+00]]
2026-06-05 15:55:05 [DEBUG] 处理后检测输出形状: (0, 52)
2026-06-05 15:55:05 [DEBUG] 有效检测数量: 0
2026-06-05 15:55:05 [DEBUG] 检测输出为空
2026-06-05 15:55:05 [INFO] 掩码中检测到的类别: [0, 1, 2, 3, 4, 5, 6, 7, 8, 9, 10, 11, 12, 13, 14, 15]
2026-06-05 15:55:05 [INFO] 分割完成，检测到 0 个物体
2026-06-05 15:55:05 [INFO] 从分割掩码中提取检测结果
2026-06-05 15:55:06 [INFO] 从掩码中提取了 564 个检测框
2026-06-05 15:55:06 [INFO] 计算出的车框矩形边界: (1097, 660) to (3277, 1641)
2026-06-05 15:55:06 [INFO] 原始检测数: 564, 过滤后检测数: 250
2026-06-05 15:55:06 [INFO] 保存分割和检测结果到: C:\code\show\Scrap_Steel_In_Field\photos\segmentation\segment_20260605_155506.jpg
2026-06-05 15:55:06 [INFO] JSON结果保存到: C:\code\show\Scrap_Steel_In_Field\photos\segmentation_result.json
2026-06-05 15:55:06 [INFO] 类别统计：{0: 59, 1: 48, 2: 28, 3: 13, 4: 33, 5: 41, 6: 36, 7: 41, 8: 62, 9: 62, 10: 32, 11: 15, 12: 16, 13: 52, 14: 0, 15: 26}
2026-06-05 15:55:06 [INFO] 面积统计：{0: 3041460.0, 1: 758592.0, 2: 53856.0, 3: 153468.0, 4: 159300.0, 5: 109476.0, 6: 554580.0, 7: 57672.0, 8: 1007316.0, 9: 349236.0, 10: 164124.0, 11: 386892.0, 12: 57024.0, 13: 650556.0, 14: 180.0, 15: 70848.0}
2026-06-05 15:55:06 [INFO] 分割成功
2026-06-05 15:55:06 [INFO] 引擎上下文已释放
2026-06-05 15:55:06 [INFO] TensorRT 引擎已释放
2026-06-05 15:55:06 [INFO] 全局 CUDA 资源已释放
2026-06-05 15:55:06 [INFO] 分割系统资源已释放
2026-06-05 15:55:11 [INFO] CUDA 初始化成功
2026-06-05 15:55:11 [INFO] 引擎加载成功: scrap_steel.engine
2026-06-05 15:55:11 [INFO] 分割系统初始化成功
2026-06-05 15:55:11 [INFO] 图像预处理完成，原始尺寸: (2160, 3840)
2026-06-05 15:55:11 [INFO] 开始执行分割...
2026-06-05 15:55:11 [DEBUG] 处理后的检测结果形状: (1, 8400, 6)
2026-06-05 15:55:11 [DEBUG] 示例检测结果: [[-4.12283707e+00 -3.14725018e+00  3.90582848e+01  1.46496191e+01
   3.65349955e-08  5.00000000e+00]
 [-6.71630096e+00 -2.97488976e+00  4.46969833e+01  2.86186466e+01
   8.65570815e-09  9.00000000e+00]
 [-3.67343903e+00 -3.34834480e+00  4.59443512e+01  2.96198330e+01
   4.01942302e-09  9.00000000e+00]]
2026-06-05 15:55:11 [DEBUG] 处理后检测输出形状: (0, 52)
2026-06-05 15:55:11 [DEBUG] 有效检测数量: 0
2026-06-05 15:55:11 [DEBUG] 检测输出为空
2026-06-05 15:55:11 [INFO] 掩码中检测到的类别: [0, 1, 2, 3, 4, 5, 6, 7, 8, 9, 10, 11, 12, 13, 14, 15]
2026-06-05 15:55:11 [INFO] 分割完成，检测到 0 个物体
2026-06-05 15:55:11 [INFO] 从分割掩码中提取检测结果
2026-06-05 15:55:11 [INFO] 从掩码中提取了 545 个检测框
2026-06-05 15:55:11 [INFO] 计算出的车框矩形边界: (1098, 660) to (3277, 1641)
2026-06-05 15:55:11 [INFO] 原始检测数: 545, 过滤后检测数: 237
2026-06-05 15:55:12 [INFO] 保存分割和检测结果到: C:\code\show\Scrap_Steel_In_Field\photos\segmentation\segment_20260605_155511.jpg
2026-06-05 15:55:12 [INFO] JSON结果保存到: C:\code\show\Scrap_Steel_In_Field\photos\segmentation_result.json
2026-06-05 15:55:12 [INFO] 类别统计：{0: 61, 1: 48, 2: 27, 3: 12, 4: 35, 5: 37, 6: 30, 7: 39, 8: 57, 9: 53, 10: 35, 11: 18, 12: 19, 13: 51, 14: 0, 15: 23}
2026-06-05 15:55:12 [INFO] 面积统计：{0: 3039228.0, 1: 794880.0, 2: 51768.0, 3: 150912.0, 4: 171108.0, 5: 113004.0, 6: 533664.0, 7: 53316.0, 8: 1015056.0, 9: 336744.0, 10: 163800.0, 11: 394236.0, 12: 70128.0, 13: 661284.0, 14: 144.0, 15: 58608.0}
2026-06-05 15:55:12 [INFO] 分割成功
2026-06-05 15:55:12 [INFO] 引擎上下文已释放
2026-06-05 15:55:12 [INFO] TensorRT 引擎已释放
2026-06-05 15:55:12 [INFO] 全局 CUDA 资源已释放
2026-06-05 15:55:12 [INFO] 分割系统资源已释放
2026-06-05 15:55:15 [INFO] CUDA 初始化成功
2026-06-05 15:55:15 [INFO] 引擎加载成功: scrap_steel.engine
2026-06-05 15:55:15 [INFO] 分割系统初始化成功
2026-06-05 15:55:15 [INFO] 图像预处理完成，原始尺寸: (2160, 3840)
2026-06-05 15:55:15 [INFO] 开始执行分割...
2026-06-05 15:55:15 [DEBUG] 处理后的检测结果形状: (1, 8400, 6)
2026-06-05 15:55:15 [DEBUG] 示例检测结果: [[-4.18143082e+00 -3.18506145e+00  3.90142326e+01  1.47145262e+01
   3.54302330e-08  5.00000000e+00]
 [-6.75368881e+00 -3.02633667e+00  4.46760979e+01  2.87152863e+01
   8.53323812e-09  9.00000000e+00]
 [-3.64567947e+00 -3.39326859e+00  4.58995705e+01  2.95483093e+01
   3.98647693e-09  9.00000000e+00]]
2026-06-05 15:55:15 [DEBUG] 处理后检测输出形状: (0, 52)
2026-06-05 15:55:15 [DEBUG] 有效检测数量: 0
2026-06-05 15:55:15 [DEBUG] 检测输出为空
2026-06-05 15:55:15 [INFO] 掩码中检测到的类别: [0, 1, 2, 3, 4, 5, 6, 7, 8, 9, 10, 11, 12, 13, 15]
2026-06-05 15:55:15 [INFO] 分割完成，检测到 0 个物体
2026-06-05 15:55:15 [INFO] 从分割掩码中提取检测结果
2026-06-05 15:55:16 [INFO] 从掩码中提取了 571 个检测框
2026-06-05 15:55:16 [INFO] 计算出的车框矩形边界: (1095, 660) to (3278, 1641)
2026-06-05 15:55:16 [INFO] 原始检测数: 571, 过滤后检测数: 245
2026-06-05 15:55:16 [INFO] 保存分割和检测结果到: C:\code\show\Scrap_Steel_In_Field\photos\segmentation\segment_20260605_155516.jpg
2026-06-05 15:55:16 [INFO] JSON结果保存到: C:\code\show\Scrap_Steel_In_Field\photos\segmentation_result.json
2026-06-05 15:55:16 [INFO] 类别统计：{0: 54, 1: 46, 2: 27, 3: 9, 4: 54, 5: 42, 6: 34, 7: 37, 8: 57, 9: 60, 10: 34, 11: 19, 12: 22, 13: 51, 14: 0, 15: 25}
2026-06-05 15:55:16 [INFO] 面积统计：{0: 3019284.0, 1: 817776.0, 2: 53820.0, 3: 153504.0, 4: 162396.0, 5: 111096.0, 6: 542916.0, 7: 45792.0, 8: 1014444.0, 9: 353232.0, 10: 165528.0, 11: 376416.0, 12: 59508.0, 13: 650808.0, 15: 65124.0}
2026-06-05 15:55:16 [INFO] 分割成功
2026-06-05 15:55:16 [INFO] 引擎上下文已释放
2026-06-05 15:55:16 [INFO] TensorRT 引擎已释放
2026-06-05 15:55:16 [INFO] 全局 CUDA 资源已释放
2026-06-05 15:55:16 [INFO] 分割系统资源已释放
2026-06-05 15:55:20 [INFO] CUDA 初始化成功
2026-06-05 15:55:20 [INFO] 引擎加载成功: scrap_steel.engine
2026-06-05 15:55:20 [INFO] 分割系统初始化成功
2026-06-05 15:55:20 [INFO] 图像预处理完成，原始尺寸: (2160, 3840)
2026-06-05 15:55:20 [INFO] 开始执行分割...
2026-06-05 15:55:20 [DEBUG] 处理后的检测结果形状: (1, 8400, 6)
2026-06-05 15:55:20 [DEBUG] 示例检测结果: [[-4.15585709e+00 -3.17271852e+00  3.88897820e+01  1.46599045e+01
   3.54302330e-08  5.00000000e+00]
 [-6.70812607e+00 -3.02435493e+00  4.45901947e+01  2.86231327e+01
   8.46418136e-09  9.00000000e+00]
 [-3.64907074e+00 -3.36778927e+00  4.58227310e+01  2.94424782e+01
   3.96826216e-09  9.00000000e+00]]
2026-06-05 15:55:20 [DEBUG] 处理后检测输出形状: (0, 52)
2026-06-05 15:55:20 [DEBUG] 有效检测数量: 0
2026-06-05 15:55:20 [DEBUG] 检测输出为空
2026-06-05 15:55:20 [INFO] 掩码中检测到的类别: [0, 1, 2, 3, 4, 5, 6, 7, 8, 9, 10, 11, 12, 13, 14, 15]
2026-06-05 15:55:20 [INFO] 分割完成，检测到 0 个物体
2026-06-05 15:55:20 [INFO] 从分割掩码中提取检测结果
2026-06-05 15:55:21 [INFO] 从掩码中提取了 553 个检测框
2026-06-05 15:55:21 [INFO] 计算出的车框矩形边界: (1095, 661) to (3278, 1641)
2026-06-05 15:55:21 [INFO] 原始检测数: 553, 过滤后检测数: 248
2026-06-05 15:55:21 [INFO] 保存分割和检测结果到: C:\code\show\Scrap_Steel_In_Field\photos\segmentation\segment_20260605_155521.jpg
2026-06-05 15:55:21 [INFO] JSON结果保存到: C:\code\show\Scrap_Steel_In_Field\photos\segmentation_result.json
2026-06-05 15:55:21 [INFO] 类别统计：{0: 61, 1: 43, 2: 27, 3: 8, 4: 41, 5: 36, 6: 24, 7: 35, 8: 65, 9: 62, 10: 35, 11: 15, 12: 22, 13: 50, 14: 0, 15: 29}
2026-06-05 15:55:21 [INFO] 面积统计：{0: 3108492.0, 1: 773676.0, 2: 51876.0, 3: 156708.0, 4: 153684.0, 5: 102096.0, 6: 497700.0, 7: 62064.0, 8: 1036008.0, 9: 338220.0, 10: 159804.0, 11: 354636.0, 12: 72864.0, 13: 649980.0, 14: 108.0, 15: 79416.0}
2026-06-05 15:55:21 [INFO] 分割成功
2026-06-05 15:55:21 [INFO] 引擎上下文已释放
2026-06-05 15:55:21 [INFO] TensorRT 引擎已释放
2026-06-05 15:55:21 [INFO] 全局 CUDA 资源已释放
2026-06-05 15:55:21 [INFO] 分割系统资源已释放
2026-06-05 15:55:26 [INFO] CUDA 初始化成功
2026-06-05 15:55:26 [INFO] 引擎加载成功: scrap_steel.engine
2026-06-05 15:55:26 [INFO] 分割系统初始化成功
2026-06-05 15:55:26 [INFO] 图像预处理完成，原始尺寸: (2160, 3840)
2026-06-05 15:55:26 [INFO] 开始执行分割...
2026-06-05 15:55:26 [DEBUG] 处理后的检测结果形状: (1, 8400, 6)
2026-06-05 15:55:26 [DEBUG] 示例检测结果: [[-4.15071487e+00 -3.17312431e+00  3.90524483e+01  1.47030411e+01
   3.61184931e-08  5.00000000e+00]
 [-6.73183823e+00 -3.01501083e+00  4.47417336e+01  2.87218742e+01
   8.75778117e-09  9.00000000e+00]
 [-3.64822388e+00 -3.40653801e+00  4.59506378e+01  2.96307392e+01
   4.08448741e-09  9.00000000e+00]]
2026-06-05 15:55:26 [DEBUG] 处理后检测输出形状: (0, 52)
2026-06-05 15:55:26 [DEBUG] 有效检测数量: 0
2026-06-05 15:55:26 [DEBUG] 检测输出为空
2026-06-05 15:55:26 [INFO] 掩码中检测到的类别: [0, 1, 2, 3, 4, 5, 6, 7, 8, 9, 10, 11, 12, 13, 14, 15]
2026-06-05 15:55:26 [INFO] 分割完成，检测到 0 个物体
2026-06-05 15:55:26 [INFO] 从分割掩码中提取检测结果
2026-06-05 15:55:26 [INFO] 从掩码中提取了 567 个检测框
2026-06-05 15:55:26 [INFO] 计算出的车框矩形边界: (1097, 664) to (3278, 1641)
2026-06-05 15:55:26 [INFO] 原始检测数: 567, 过滤后检测数: 246
2026-06-05 15:55:27 [INFO] 保存分割和检测结果到: C:\code\show\Scrap_Steel_In_Field\photos\segmentation\segment_20260605_155526.jpg
2026-06-05 15:55:27 [INFO] JSON结果保存到: C:\code\show\Scrap_Steel_In_Field\photos\segmentation_result.json
2026-06-05 15:55:27 [INFO] 类别统计：{0: 58, 1: 48, 2: 27, 3: 10, 4: 39, 5: 41, 6: 35, 7: 33, 8: 67, 9: 60, 10: 34, 11: 15, 12: 23, 13: 50, 14: 0, 15: 27}
2026-06-05 15:55:27 [INFO] 面积统计：{0: 2999844.0, 1: 784944.0, 2: 54900.0, 3: 154008.0, 4: 158832.0, 5: 105228.0, 6: 549396.0, 7: 55512.0, 8: 1042308.0, 9: 366660.0, 10: 165888.0, 11: 386748.0, 12: 50220.0, 13: 646632.0, 14: 180.0, 15: 70452.0}
2026-06-05 15:55:27 [INFO] 分割成功
2026-06-05 15:55:27 [INFO] 引擎上下文已释放
2026-06-05 15:55:27 [INFO] TensorRT 引擎已释放
2026-06-05 15:55:27 [INFO] 全局 CUDA 资源已释放
2026-06-05 15:55:27 [INFO] 分割系统资源已释放
2026-06-05 15:55:30 [INFO] CUDA 初始化成功
2026-06-05 15:55:31 [INFO] 引擎加载成功: scrap_steel.engine
2026-06-05 15:55:31 [INFO] 分割系统初始化成功
2026-06-05 15:55:31 [INFO] 图像预处理完成，原始尺寸: (2160, 3840)
2026-06-05 15:55:31 [INFO] 开始执行分割...
2026-06-05 15:55:31 [DEBUG] 处理后的检测结果形状: (1, 8400, 6)
2026-06-05 15:55:31 [DEBUG] 示例检测结果: [[-4.18441010e+00 -3.17986536e+00  3.90381775e+01  1.48258648e+01
   3.66781805e-08  5.00000000e+00]
 [-6.76409531e+00 -2.99830437e+00  4.46777534e+01  2.87274170e+01
   8.63424532e-09  9.00000000e+00]
 [-3.66680145e+00 -3.39147282e+00  4.59116821e+01  2.95865631e+01
   3.98843270e-09  9.00000000e+00]]
2026-06-05 15:55:31 [DEBUG] 处理后检测输出形状: (0, 52)
2026-06-05 15:55:31 [DEBUG] 有效检测数量: 0
2026-06-05 15:55:31 [DEBUG] 检测输出为空
2026-06-05 15:55:31 [INFO] 掩码中检测到的类别: [0, 1, 2, 3, 4, 5, 6, 7, 8, 9, 10, 11, 12, 13, 14, 15]
2026-06-05 15:55:31 [INFO] 分割完成，检测到 0 个物体
2026-06-05 15:55:31 [INFO] 从分割掩码中提取检测结果
2026-06-05 15:55:31 [INFO] 从掩码中提取了 531 个检测框
2026-06-05 15:55:31 [INFO] 计算出的车框矩形边界: (1094, 661) to (3277, 1641)
2026-06-05 15:55:31 [INFO] 原始检测数: 531, 过滤后检测数: 244
2026-06-05 15:55:32 [INFO] 保存分割和检测结果到: C:\code\show\Scrap_Steel_In_Field\photos\segmentation\segment_20260605_155531.jpg
2026-06-05 15:55:32 [INFO] JSON结果保存到: C:\code\show\Scrap_Steel_In_Field\photos\segmentation_result.json
2026-06-05 15:55:32 [INFO] 类别统计：{0: 57, 1: 46, 2: 30, 3: 8, 4: 45, 5: 30, 6: 31, 7: 33, 8: 52, 9: 53, 10: 34, 11: 16, 12: 24, 13: 45, 14: 0, 15: 27}
2026-06-05 15:55:32 [INFO] 面积统计：{0: 3120768.0, 1: 792540.0, 2: 52848.0, 3: 154620.0, 4: 157248.0, 5: 102132.0, 6: 545976.0, 7: 57780.0, 8: 1037340.0, 9: 334368.0, 10: 168696.0, 11: 382212.0, 12: 50148.0, 13: 640080.0, 14: 144.0, 15: 76464.0}
2026-06-05 15:55:32 [INFO] 分割成功
2026-06-05 15:55:32 [INFO] 引擎上下文已释放
2026-06-05 15:55:32 [INFO] TensorRT 引擎已释放
2026-06-05 15:55:32 [INFO] 全局 CUDA 资源已释放
2026-06-05 15:55:32 [INFO] 分割系统资源已释放
2026-06-05 15:55:36 [INFO] CUDA 初始化成功
2026-06-05 15:55:36 [INFO] 引擎加载成功: scrap_steel.engine
2026-06-05 15:55:36 [INFO] 分割系统初始化成功
2026-06-05 15:55:36 [INFO] 图像预处理完成，原始尺寸: (2160, 3840)
2026-06-05 15:55:36 [INFO] 开始执行分割...
2026-06-05 15:55:36 [DEBUG] 处理后的检测结果形状: (1, 8400, 6)
2026-06-05 15:55:36 [DEBUG] 示例检测结果: [[-4.18598175e+00 -3.19354248e+00  3.90624275e+01  1.47441845e+01
   3.59780223e-08  5.00000000e+00]
 [-6.79697037e+00 -3.03739166e+00  4.46519318e+01  2.86946678e+01
   8.56690718e-09  9.00000000e+00]
 [-3.68312836e+00 -3.43486786e+00  4.59036636e+01  2.95673828e+01
   3.92500432e-09  9.00000000e+00]]
2026-06-05 15:55:36 [DEBUG] 处理后检测输出形状: (0, 52)
2026-06-05 15:55:36 [DEBUG] 有效检测数量: 0
2026-06-05 15:55:36 [DEBUG] 检测输出为空
2026-06-05 15:55:36 [INFO] 掩码中检测到的类别: [0, 1, 2, 3, 4, 5, 6, 7, 8, 9, 10, 11, 12, 13, 14, 15]
2026-06-05 15:55:36 [INFO] 分割完成，检测到 0 个物体
2026-06-05 15:55:36 [INFO] 从分割掩码中提取检测结果
2026-06-05 15:55:36 [INFO] 从掩码中提取了 584 个检测框
2026-06-05 15:55:36 [INFO] 计算出的车框矩形边界: (1097, 662) to (3278, 1641)
2026-06-05 15:55:36 [INFO] 原始检测数: 584, 过滤后检测数: 255
2026-06-05 15:55:37 [INFO] 保存分割和检测结果到: C:\code\show\Scrap_Steel_In_Field\photos\segmentation\segment_20260605_155536.jpg
2026-06-05 15:55:37 [INFO] JSON结果保存到: C:\code\show\Scrap_Steel_In_Field\photos\segmentation_result.json
2026-06-05 15:55:37 [INFO] 类别统计：{0: 69, 1: 48, 2: 33, 3: 11, 4: 42, 5: 36, 6: 38, 7: 40, 8: 64, 9: 61, 10: 31, 11: 15, 12: 20, 13: 53, 14: 0, 15: 23}
2026-06-05 15:55:37 [INFO] 面积统计：{0: 2986740.0, 1: 803592.0, 2: 51264.0, 3: 151236.0, 4: 170748.0, 5: 114444.0, 6: 540900.0, 7: 52452.0, 8: 1040652.0, 9: 333468.0, 10: 169812.0, 11: 385560.0, 12: 66672.0, 13: 653040.0, 14: 144.0, 15: 61344.0}
2026-06-05 15:55:37 [INFO] 分割成功
2026-06-05 15:55:37 [INFO] 引擎上下文已释放
2026-06-05 15:55:37 [INFO] TensorRT 引擎已释放
2026-06-05 15:55:37 [INFO] 全局 CUDA 资源已释放
2026-06-05 15:55:37 [INFO] 分割系统资源已释放
2026-06-05 15:55:41 [INFO] CUDA 初始化成功
2026-06-05 15:55:41 [INFO] 引擎加载成功: scrap_steel.engine
2026-06-05 15:55:41 [INFO] 分割系统初始化成功
2026-06-05 15:55:41 [INFO] 图像预处理完成，原始尺寸: (2160, 3840)
2026-06-05 15:55:41 [INFO] 开始执行分割...
2026-06-05 15:55:41 [DEBUG] 处理后的检测结果形状: (1, 8400, 6)
2026-06-05 15:55:41 [DEBUG] 示例检测结果: [[-4.18635178e+00 -3.18281412e+00  3.89111061e+01  1.47099667e+01
   3.52919045e-08  5.00000000e+00]
 [-6.78417206e+00 -3.03874016e+00  4.46113739e+01  2.86623516e+01
   8.40560421e-09  9.00000000e+00]
 [-3.66753769e+00 -3.42084408e+00  4.58417282e+01  2.95620651e+01
   3.87634724e-09  9.00000000e+00]]
2026-06-05 15:55:41 [DEBUG] 处理后检测输出形状: (0, 52)
2026-06-05 15:55:41 [DEBUG] 有效检测数量: 0
2026-06-05 15:55:41 [DEBUG] 检测输出为空
2026-06-05 15:55:41 [INFO] 掩码中检测到的类别: [0, 1, 2, 3, 4, 5, 6, 7, 8, 9, 10, 11, 12, 13, 14, 15]
2026-06-05 15:55:41 [INFO] 分割完成，检测到 0 个物体
2026-06-05 15:55:41 [INFO] 从分割掩码中提取检测结果
2026-06-05 15:55:42 [INFO] 从掩码中提取了 567 个检测框
2026-06-05 15:55:42 [INFO] 计算出的车框矩形边界: (1095, 661) to (3278, 1641)
2026-06-05 15:55:42 [INFO] 原始检测数: 567, 过滤后检测数: 247
2026-06-05 15:55:42 [INFO] 保存分割和检测结果到: C:\code\show\Scrap_Steel_In_Field\photos\segmentation\segment_20260605_155542.jpg
2026-06-05 15:55:42 [INFO] JSON结果保存到: C:\code\show\Scrap_Steel_In_Field\photos\segmentation_result.json
2026-06-05 15:55:42 [INFO] 类别统计：{0: 55, 1: 48, 2: 28, 3: 13, 4: 40, 5: 34, 6: 39, 7: 38, 8: 60, 9: 59, 10: 31, 11: 19, 12: 18, 13: 56, 14: 0, 15: 29}
2026-06-05 15:55:42 [INFO] 面积统计：{0: 3071484.0, 1: 835992.0, 2: 50760.0, 3: 148716.0, 4: 161784.0, 5: 101376.0, 6: 519444.0, 7: 60876.0, 8: 1014660.0, 9: 322488.0, 10: 164988.0, 11: 375264.0, 12: 64980.0, 13: 645768.0, 14: 108.0, 15: 80532.0}
2026-06-05 15:55:42 [INFO] 分割成功
2026-06-05 15:55:42 [INFO] 引擎上下文已释放
2026-06-05 15:55:42 [INFO] TensorRT 引擎已释放
2026-06-05 15:55:42 [INFO] 全局 CUDA 资源已释放
2026-06-05 15:55:42 [INFO] 分割系统资源已释放
2026-06-05 15:55:46 [INFO] CUDA 初始化成功
2026-06-05 15:55:46 [INFO] 引擎加载成功: scrap_steel.engine
2026-06-05 15:55:46 [INFO] 分割系统初始化成功
2026-06-05 15:55:46 [INFO] 图像预处理完成，原始尺寸: (2160, 3840)
2026-06-05 15:55:46 [INFO] 开始执行分割...
2026-06-05 15:55:46 [DEBUG] 处理后的检测结果形状: (1, 8400, 6)
2026-06-05 15:55:46 [DEBUG] 示例检测结果: [[-4.18141174e+00 -3.19612932e+00  3.91894150e+01  1.47710266e+01
   3.54253302e-08  5.00000000e+00]
 [-6.72588348e+00 -3.01429176e+00  4.48270950e+01  2.88278713e+01
   8.60057625e-09  9.00000000e+00]
 [-3.63970566e+00 -3.40793896e+00  4.59285545e+01  2.96787262e+01
   4.00259736e-09  9.00000000e+00]]
2026-06-05 15:55:46 [DEBUG] 处理后检测输出形状: (0, 52)
2026-06-05 15:55:46 [DEBUG] 有效检测数量: 0
2026-06-05 15:55:46 [DEBUG] 检测输出为空
2026-06-05 15:55:46 [INFO] 掩码中检测到的类别: [0, 1, 2, 3, 4, 5, 6, 7, 8, 9, 10, 11, 12, 13, 14, 15]
2026-06-05 15:55:46 [INFO] 分割完成，检测到 0 个物体
2026-06-05 15:55:46 [INFO] 从分割掩码中提取检测结果
2026-06-05 15:55:47 [INFO] 从掩码中提取了 562 个检测框
2026-06-05 15:55:47 [INFO] 计算出的车框矩形边界: (1094, 660) to (3278, 1641)
2026-06-05 15:55:47 [INFO] 原始检测数: 562, 过滤后检测数: 247
2026-06-05 15:55:47 [INFO] 保存分割和检测结果到: C:\code\show\Scrap_Steel_In_Field\photos\segmentation\segment_20260605_155547.jpg
2026-06-05 15:55:47 [INFO] JSON结果保存到: C:\code\show\Scrap_Steel_In_Field\photos\segmentation_result.json
2026-06-05 15:55:47 [INFO] 类别统计：{0: 61, 1: 48, 2: 31, 3: 11, 4: 39, 5: 34, 6: 35, 7: 33, 8: 56, 9: 64, 10: 32, 11: 21, 12: 22, 13: 52, 14: 0, 15: 23}
2026-06-05 15:55:47 [INFO] 面积统计：{0: 3078252.0, 1: 777852.0, 2: 52056.0, 3: 156240.0, 4: 158472.0, 5: 104796.0, 6: 522900.0, 7: 55872.0, 8: 1017972.0, 9: 352476.0, 10: 164628.0, 11: 377100.0, 12: 53028.0, 13: 650808.0, 14: 36.0, 15: 82980.0}
2026-06-05 15:55:47 [INFO] 分割成功
2026-06-05 15:55:47 [INFO] 引擎上下文已释放
2026-06-05 15:55:47 [INFO] TensorRT 引擎已释放
2026-06-05 15:55:47 [INFO] 全局 CUDA 资源已释放
2026-06-05 15:55:47 [INFO] 分割系统资源已释放
2026-06-05 15:55:51 [INFO] CUDA 初始化成功
2026-06-05 15:55:51 [INFO] 引擎加载成功: scrap_steel.engine
2026-06-05 15:55:51 [INFO] 分割系统初始化成功
2026-06-05 15:55:51 [INFO] 图像预处理完成，原始尺寸: (2160, 3840)
2026-06-05 15:55:51 [INFO] 开始执行分割...
2026-06-05 15:55:51 [DEBUG] 处理后的检测结果形状: (1, 8400, 6)
2026-06-05 15:55:51 [DEBUG] 示例检测结果: [[-4.24622345e+00 -3.22470427e+00  3.89618073e+01  1.48900185e+01
   3.49012268e-08  5.00000000e+00]
 [-6.81444168e+00 -3.06314850e+00  4.46807823e+01  2.87201939e+01
   8.36554825e-09  9.00000000e+00]
 [-3.69018555e+00 -3.43289185e+00  4.58906937e+01  2.94763107e+01
   3.93839628e-09  9.00000000e+00]]
2026-06-05 15:55:51 [DEBUG] 处理后检测输出形状: (0, 52)
2026-06-05 15:55:51 [DEBUG] 有效检测数量: 0
2026-06-05 15:55:51 [DEBUG] 检测输出为空
2026-06-05 15:55:51 [INFO] 掩码中检测到的类别: [0, 1, 2, 3, 4, 5, 6, 7, 8, 9, 10, 11, 12, 13, 14, 15]
2026-06-05 15:55:51 [INFO] 分割完成，检测到 0 个物体
2026-06-05 15:55:51 [INFO] 从分割掩码中提取检测结果
2026-06-05 15:55:52 [INFO] 从掩码中提取了 551 个检测框
2026-06-05 15:55:52 [INFO] 计算出的车框矩形边界: (1097, 659) to (3278, 1641)
2026-06-05 15:55:52 [INFO] 原始检测数: 551, 过滤后检测数: 240
2026-06-05 15:55:52 [INFO] 保存分割和检测结果到: C:\code\show\Scrap_Steel_In_Field\photos\segmentation\segment_20260605_155552.jpg
2026-06-05 15:55:52 [INFO] JSON结果保存到: C:\code\show\Scrap_Steel_In_Field\photos\segmentation_result.json
2026-06-05 15:55:52 [INFO] 类别统计：{0: 60, 1: 53, 2: 29, 3: 6, 4: 38, 5: 37, 6: 34, 7: 38, 8: 53, 9: 61, 10: 33, 11: 18, 12: 20, 13: 45, 14: 0, 15: 26}
2026-06-05 15:55:52 [INFO] 面积统计：{0: 3074868.0, 1: 797832.0, 2: 50508.0, 3: 157500.0, 4: 149904.0, 5: 98244.0, 6: 552528.0, 7: 54000.0, 8: 1020060.0, 9: 353124.0, 10: 162036.0, 11: 371232.0, 12: 60804.0, 13: 637740.0, 14: 144.0, 15: 82008.0}
2026-06-05 15:55:52 [INFO] 分割成功
2026-06-05 15:55:52 [INFO] 引擎上下文已释放
2026-06-05 15:55:52 [INFO] TensorRT 引擎已释放
2026-06-05 15:55:52 [INFO] 全局 CUDA 资源已释放
2026-06-05 15:55:52 [INFO] 分割系统资源已释放
2026-06-05 15:55:57 [INFO] CUDA 初始化成功
2026-06-05 15:55:57 [INFO] 引擎加载成功: scrap_steel.engine
2026-06-05 15:55:57 [INFO] 分割系统初始化成功
2026-06-05 15:55:57 [INFO] 图像预处理完成，原始尺寸: (2160, 3840)
2026-06-05 15:55:57 [INFO] 开始执行分割...
2026-06-05 15:55:57 [DEBUG] 处理后的检测结果形状: (1, 8400, 6)
2026-06-05 15:55:57 [DEBUG] 示例检测结果: [[-4.18663788e+00 -3.17666435e+00  3.91151237e+01  1.46510048e+01
   3.56970844e-08  5.00000000e+00]
 [-6.76135635e+00 -3.01458931e+00  4.46883583e+01  2.86024933e+01
   8.65570815e-09  9.00000000e+00]
 [-3.67599106e+00 -3.40625381e+00  4.58933105e+01  2.95281105e+01
   4.01942302e-09  9.00000000e+00]]
2026-06-05 15:55:57 [DEBUG] 处理后检测输出形状: (0, 52)
2026-06-05 15:55:57 [DEBUG] 有效检测数量: 0
2026-06-05 15:55:57 [DEBUG] 检测输出为空
2026-06-05 15:55:57 [INFO] 掩码中检测到的类别: [0, 1, 2, 3, 4, 5, 6, 7, 8, 9, 10, 11, 12, 13, 14, 15]
2026-06-05 15:55:57 [INFO] 分割完成，检测到 0 个物体
2026-06-05 15:55:57 [INFO] 从分割掩码中提取检测结果
2026-06-05 15:55:57 [INFO] 从掩码中提取了 561 个检测框
2026-06-05 15:55:57 [INFO] 计算出的车框矩形边界: (1095, 661) to (3278, 1641)
2026-06-05 15:55:57 [INFO] 原始检测数: 561, 过滤后检测数: 243
2026-06-05 15:55:58 [INFO] 保存分割和检测结果到: C:\code\show\Scrap_Steel_In_Field\photos\segmentation\segment_20260605_155557.jpg
2026-06-05 15:55:58 [INFO] JSON结果保存到: C:\code\show\Scrap_Steel_In_Field\photos\segmentation_result.json
2026-06-05 15:55:58 [INFO] 类别统计：{0: 53, 1: 52, 2: 24, 3: 11, 4: 39, 5: 34, 6: 39, 7: 38, 8: 58, 9: 52, 10: 35, 11: 17, 12: 24, 13: 55, 14: 0, 15: 30}
2026-06-05 15:55:58 [INFO] 面积统计：{0: 3208212.0, 1: 794952.0, 2: 52056.0, 3: 149220.0, 4: 155412.0, 5: 105372.0, 6: 527832.0, 7: 56628.0, 8: 1003608.0, 9: 335232.0, 10: 168228.0, 11: 373464.0, 12: 50508.0, 13: 653364.0, 14: 180.0, 15: 94572.0}
2026-06-05 15:55:58 [INFO] 分割成功
2026-06-05 15:55:58 [INFO] 引擎上下文已释放
2026-06-05 15:55:58 [INFO] TensorRT 引擎已释放
2026-06-05 15:55:58 [INFO] 全局 CUDA 资源已释放
2026-06-05 15:55:58 [INFO] 分割系统资源已释放
2026-06-05 15:56:02 [INFO] CUDA 初始化成功
2026-06-05 15:56:02 [INFO] 引擎加载成功: scrap_steel.engine
2026-06-05 15:56:02 [INFO] 分割系统初始化成功
2026-06-05 15:56:02 [INFO] 图像预处理完成，原始尺寸: (2160, 3840)
2026-06-05 15:56:02 [INFO] 开始执行分割...
2026-06-05 15:56:02 [DEBUG] 处理后的检测结果形状: (1, 8400, 6)
2026-06-05 15:56:02 [DEBUG] 示例检测结果: [[-4.21308899e+00 -3.20635319e+00  3.92352791e+01  1.48420668e+01
   3.59780223e-08  5.00000000e+00]
 [-6.79150009e+00 -3.03380203e+00  4.46615944e+01  2.88058662e+01
   8.63424532e-09  9.00000000e+00]
 [-3.66504669e+00 -3.40316391e+00  4.58786011e+01  2.96357689e+01
   3.95574062e-09  9.00000000e+00]]
2026-06-05 15:56:02 [DEBUG] 处理后检测输出形状: (0, 52)
2026-06-05 15:56:02 [DEBUG] 有效检测数量: 0
2026-06-05 15:56:02 [DEBUG] 检测输出为空
2026-06-05 15:56:02 [INFO] 掩码中检测到的类别: [0, 1, 2, 3, 4, 5, 6, 7, 8, 9, 10, 11, 12, 13, 14, 15]
2026-06-05 15:56:02 [INFO] 分割完成，检测到 0 个物体
2026-06-05 15:56:02 [INFO] 从分割掩码中提取检测结果
2026-06-05 15:56:02 [INFO] 从掩码中提取了 546 个检测框
2026-06-05 15:56:02 [INFO] 计算出的车框矩形边界: (1095, 660) to (3278, 1641)
2026-06-05 15:56:02 [INFO] 原始检测数: 546, 过滤后检测数: 253
2026-06-05 15:56:03 [INFO] 保存分割和检测结果到: C:\code\show\Scrap_Steel_In_Field\photos\segmentation\segment_20260605_155602.jpg
2026-06-05 15:56:03 [INFO] JSON结果保存到: C:\code\show\Scrap_Steel_In_Field\photos\segmentation_result.json
2026-06-05 15:56:03 [INFO] 类别统计：{0: 50, 1: 47, 2: 33, 3: 10, 4: 42, 5: 30, 6: 32, 7: 38, 8: 52, 9: 62, 10: 33, 11: 17, 12: 22, 13: 50, 14: 0, 15: 28}
2026-06-05 15:56:03 [INFO] 面积统计：{0: 3085416.0, 1: 775152.0, 2: 56052.0, 3: 154368.0, 4: 165168.0, 5: 105480.0, 6: 542124.0, 7: 46944.0, 8: 1064232.0, 9: 339192.0, 10: 164160.0, 11: 373536.0, 12: 52560.0, 13: 639720.0, 14: 108.0, 15: 86940.0}
2026-06-05 15:56:03 [INFO] 分割成功
2026-06-05 15:56:03 [INFO] 引擎上下文已释放
2026-06-05 15:56:03 [INFO] TensorRT 引擎已释放
2026-06-05 15:56:03 [INFO] 全局 CUDA 资源已释放
2026-06-05 15:56:03 [INFO] 分割系统资源已释放
2026-06-05 15:56:07 [INFO] CUDA 初始化成功
2026-06-05 15:56:07 [INFO] 引擎加载成功: scrap_steel.engine
2026-06-05 15:56:07 [INFO] 分割系统初始化成功
2026-06-05 15:56:07 [INFO] 图像预处理完成，原始尺寸: (2160, 3840)
2026-06-05 15:56:07 [INFO] 开始执行分割...
2026-06-05 15:56:07 [DEBUG] 处理后的检测结果形状: (1, 8400, 6)
2026-06-05 15:56:07 [DEBUG] 示例检测结果: [[-4.16852570e+00 -3.15612507e+00  3.89227257e+01  1.46199045e+01
   3.54253302e-08  5.00000000e+00]
 [-6.77759552e+00 -2.98854446e+00  4.47549973e+01  2.86196404e+01
   8.56044835e-09  9.00000000e+00]
 [-3.67263794e+00 -3.35137177e+00  4.59001846e+01  2.95075798e+01
   4.01942302e-09  9.00000000e+00]]
2026-06-05 15:56:07 [DEBUG] 处理后检测输出形状: (0, 52)
2026-06-05 15:56:07 [DEBUG] 有效检测数量: 0
2026-06-05 15:56:07 [DEBUG] 检测输出为空
2026-06-05 15:56:07 [INFO] 掩码中检测到的类别: [0, 1, 2, 3, 4, 5, 6, 7, 8, 9, 10, 11, 12, 13, 14, 15]
2026-06-05 15:56:07 [INFO] 分割完成，检测到 0 个物体
2026-06-05 15:56:07 [INFO] 从分割掩码中提取检测结果
2026-06-05 15:56:07 [INFO] 从掩码中提取了 555 个检测框
2026-06-05 15:56:07 [INFO] 计算出的车框矩形边界: (1097, 660) to (3278, 1641)
2026-06-05 15:56:07 [INFO] 原始检测数: 555, 过滤后检测数: 245
2026-06-05 15:56:08 [INFO] 保存分割和检测结果到: C:\code\show\Scrap_Steel_In_Field\photos\segmentation\segment_20260605_155607.jpg
2026-06-05 15:56:08 [INFO] JSON结果保存到: C:\code\show\Scrap_Steel_In_Field\photos\segmentation_result.json
2026-06-05 15:56:08 [INFO] 类别统计：{0: 61, 1: 47, 2: 28, 3: 12, 4: 37, 5: 35, 6: 31, 7: 38, 8: 63, 9: 55, 10: 34, 11: 15, 12: 23, 13: 46, 14: 0, 15: 30}
2026-06-05 15:56:08 [INFO] 面积统计：{0: 3094776.0, 1: 800100.0, 2: 46944.0, 3: 155376.0, 4: 146484.0, 5: 106596.0, 6: 564768.0, 7: 50796.0, 8: 1019808.0, 9: 329184.0, 10: 166500.0, 11: 384300.0, 12: 71676.0, 13: 640368.0, 14: 216.0, 15: 71496.0}
2026-06-05 15:56:08 [INFO] 分割成功
2026-06-05 15:56:08 [INFO] 引擎上下文已释放
2026-06-05 15:56:08 [INFO] TensorRT 引擎已释放
2026-06-05 15:56:08 [INFO] 全局 CUDA 资源已释放
2026-06-05 15:56:08 [INFO] 分割系统资源已释放
2026-06-05 15:56:12 [INFO] CUDA 初始化成功
2026-06-05 15:56:12 [INFO] 引擎加载成功: scrap_steel.engine
2026-06-05 15:56:12 [INFO] 分割系统初始化成功
2026-06-05 15:56:12 [INFO] 图像预处理完成，原始尺寸: (2160, 3840)
2026-06-05 15:56:12 [INFO] 开始执行分割...
2026-06-05 15:56:12 [DEBUG] 处理后的检测结果形状: (1, 8400, 6)
2026-06-05 15:56:12 [DEBUG] 示例检测结果: [[-4.17131424e+00 -3.18936253e+00  3.89070358e+01  1.47078447e+01
   3.47654883e-08  5.00000000e+00]
 [-6.76116943e+00 -3.03524017e+00  4.46289368e+01  2.86308804e+01
   8.32491676e-09  9.00000000e+00]
 [-3.68786621e+00 -3.41844654e+00  4.59035263e+01  2.95192566e+01
   3.90411170e-09  9.00000000e+00]]
2026-06-05 15:56:12 [DEBUG] 处理后检测输出形状: (0, 52)
2026-06-05 15:56:12 [DEBUG] 有效检测数量: 0
2026-06-05 15:56:12 [DEBUG] 检测输出为空
2026-06-05 15:56:12 [INFO] 掩码中检测到的类别: [0, 1, 2, 3, 4, 5, 6, 7, 8, 9, 10, 11, 12, 13, 14, 15]
2026-06-05 15:56:12 [INFO] 分割完成，检测到 0 个物体
2026-06-05 15:56:12 [INFO] 从分割掩码中提取检测结果
2026-06-05 15:56:12 [INFO] 从掩码中提取了 591 个检测框
2026-06-05 15:56:12 [INFO] 计算出的车框矩形边界: (1097, 660) to (3277, 1641)
2026-06-05 15:56:12 [INFO] 原始检测数: 591, 过滤后检测数: 262
2026-06-05 15:56:13 [INFO] 保存分割和检测结果到: C:\code\show\Scrap_Steel_In_Field\photos\segmentation\segment_20260605_155612.jpg
2026-06-05 15:56:13 [INFO] JSON结果保存到: C:\code\show\Scrap_Steel_In_Field\photos\segmentation_result.json
2026-06-05 15:56:13 [INFO] 类别统计：{0: 58, 1: 52, 2: 30, 3: 7, 4: 43, 5: 36, 6: 38, 7: 37, 8: 64, 9: 63, 10: 37, 11: 24, 12: 22, 13: 46, 14: 0, 15: 34}
2026-06-05 15:56:13 [INFO] 面积统计：{0: 3110220.0, 1: 808668.0, 2: 51300.0, 3: 154152.0, 4: 150588.0, 5: 106524.0, 6: 531648.0, 7: 54252.0, 8: 1046340.0, 9: 328248.0, 10: 162576.0, 11: 374004.0, 12: 55836.0, 13: 639468.0, 14: 144.0, 15: 75708.0}
2026-06-05 15:56:13 [INFO] 分割成功
2026-06-05 15:56:13 [INFO] 引擎上下文已释放
2026-06-05 15:56:13 [INFO] TensorRT 引擎已释放
2026-06-05 15:56:13 [INFO] 全局 CUDA 资源已释放
2026-06-05 15:56:13 [INFO] 分割系统资源已释放
2026-06-05 15:56:17 [INFO] CUDA 初始化成功
2026-06-05 15:56:17 [INFO] 引擎加载成功: scrap_steel.engine
2026-06-05 15:56:17 [INFO] 分割系统初始化成功
2026-06-05 15:56:17 [INFO] 图像预处理完成，原始尺寸: (2160, 3840)
2026-06-05 15:56:17 [INFO] 开始执行分割...
2026-06-05 15:56:17 [DEBUG] 处理后的检测结果形状: (1, 8400, 6)
2026-06-05 15:56:17 [DEBUG] 示例检测结果: [[-4.15883636e+00 -3.16318560e+00  3.89912109e+01  1.46299171e+01
   3.57041294e-08  5.00000000e+00]
 [-6.78741837e+00 -3.01330757e+00  4.47040558e+01  2.85728283e+01
   8.59382965e-09  9.00000000e+00]
 [-3.68209076e+00 -3.39310455e+00  4.58790703e+01  2.94665794e+01
   3.96951805e-09  9.00000000e+00]]
2026-06-05 15:56:17 [DEBUG] 处理后检测输出形状: (0, 52)
2026-06-05 15:56:17 [DEBUG] 有效检测数量: 0
2026-06-05 15:56:17 [DEBUG] 检测输出为空
2026-06-05 15:56:17 [INFO] 掩码中检测到的类别: [0, 1, 2, 3, 4, 5, 6, 7, 8, 9, 10, 11, 12, 13, 14, 15]
2026-06-05 15:56:17 [INFO] 分割完成，检测到 0 个物体
2026-06-05 15:56:17 [INFO] 从分割掩码中提取检测结果
2026-06-05 15:56:18 [INFO] 从掩码中提取了 583 个检测框
2026-06-05 15:56:18 [INFO] 计算出的车框矩形边界: (1097, 660) to (3278, 1641)
2026-06-05 15:56:18 [INFO] 原始检测数: 583, 过滤后检测数: 260
2026-06-05 15:56:18 [INFO] 保存分割和检测结果到: C:\code\show\Scrap_Steel_In_Field\photos\segmentation\segment_20260605_155618.jpg
2026-06-05 15:56:18 [INFO] JSON结果保存到: C:\code\show\Scrap_Steel_In_Field\photos\segmentation_result.json
2026-06-05 15:56:18 [INFO] 类别统计：{0: 65, 1: 48, 2: 30, 3: 10, 4: 45, 5: 37, 6: 33, 7: 36, 8: 62, 9: 64, 10: 35, 11: 20, 12: 20, 13: 49, 14: 0, 15: 29}
2026-06-05 15:56:18 [INFO] 面积统计：{0: 3060144.0, 1: 810468.0, 2: 50544.0, 3: 155088.0, 4: 152964.0, 5: 99432.0, 6: 551520.0, 7: 52740.0, 8: 1028196.0, 9: 350208.0, 10: 168768.0, 11: 386856.0, 12: 62568.0, 13: 657360.0, 14: 180.0, 15: 75924.0}
2026-06-05 15:56:18 [INFO] 分割成功
2026-06-05 15:56:18 [INFO] 引擎上下文已释放
2026-06-05 15:56:18 [INFO] TensorRT 引擎已释放
2026-06-05 15:56:18 [INFO] 全局 CUDA 资源已释放
2026-06-05 15:56:18 [INFO] 分割系统资源已释放
2026-06-05 15:56:22 [INFO] CUDA 初始化成功
2026-06-05 15:56:22 [INFO] 引擎加载成功: scrap_steel.engine
2026-06-05 15:56:22 [INFO] 分割系统初始化成功
2026-06-05 15:56:22 [INFO] 图像预处理完成，原始尺寸: (2160, 3840)
2026-06-05 15:56:22 [INFO] 开始执行分割...
2026-06-05 15:56:22 [DEBUG] 处理后的检测结果形状: (1, 8400, 6)
2026-06-05 15:56:22 [DEBUG] 示例检测结果: [[-4.16768646e+00 -3.20308971e+00  3.89853058e+01  1.48068190e+01
   3.51759013e-08  5.00000000e+00]
 [-6.70739365e+00 -3.03762436e+00  4.47685814e+01  2.87605476e+01
   8.39842595e-09  9.00000000e+00]
 [-3.65045929e+00 -3.39278889e+00  4.58971596e+01  2.95554695e+01
   3.90670252e-09  9.00000000e+00]]
2026-06-05 15:56:22 [DEBUG] 处理后检测输出形状: (0, 52)
2026-06-05 15:56:22 [DEBUG] 有效检测数量: 0
2026-06-05 15:56:22 [DEBUG] 检测输出为空
2026-06-05 15:56:22 [INFO] 掩码中检测到的类别: [0, 1, 2, 3, 4, 5, 6, 7, 8, 9, 10, 11, 12, 13, 14, 15]
2026-06-05 15:56:22 [INFO] 分割完成，检测到 0 个物体
2026-06-05 15:56:22 [INFO] 从分割掩码中提取检测结果
2026-06-05 15:56:23 [INFO] 从掩码中提取了 533 个检测框
2026-06-05 15:56:23 [INFO] 计算出的车框矩形边界: (1095, 660) to (3278, 1641)
2026-06-05 15:56:23 [INFO] 原始检测数: 533, 过滤后检测数: 229
2026-06-05 15:56:23 [INFO] 保存分割和检测结果到: C:\code\show\Scrap_Steel_In_Field\photos\segmentation\segment_20260605_155623.jpg
2026-06-05 15:56:23 [INFO] JSON结果保存到: C:\code\show\Scrap_Steel_In_Field\photos\segmentation_result.json
2026-06-05 15:56:23 [INFO] 类别统计：{0: 49, 1: 46, 2: 30, 3: 8, 4: 39, 5: 35, 6: 29, 7: 37, 8: 65, 9: 56, 10: 33, 11: 15, 12: 19, 13: 45, 14: 0, 15: 27}
2026-06-05 15:56:23 [INFO] 面积统计：{0: 3092724.0, 1: 781848.0, 2: 56844.0, 3: 154548.0, 4: 157932.0, 5: 107280.0, 6: 553500.0, 7: 56592.0, 8: 1003968.0, 9: 335448.0, 10: 163980.0, 11: 375444.0, 12: 66240.0, 13: 639828.0, 14: 216.0, 15: 77688.0}
2026-06-05 15:56:23 [INFO] 分割成功
2026-06-05 15:56:23 [INFO] 引擎上下文已释放
2026-06-05 15:56:23 [INFO] TensorRT 引擎已释放
2026-06-05 15:56:23 [INFO] 全局 CUDA 资源已释放
2026-06-05 15:56:23 [INFO] 分割系统资源已释放
2026-06-05 15:56:27 [INFO] CUDA 初始化成功
2026-06-05 15:56:27 [INFO] 引擎加载成功: scrap_steel.engine
2026-06-05 15:56:27 [INFO] 分割系统初始化成功
2026-06-05 15:56:27 [INFO] 图像预处理完成，原始尺寸: (2160, 3840)
2026-06-05 15:56:27 [INFO] 开始执行分割...
2026-06-05 15:56:27 [DEBUG] 处理后的检测结果形状: (1, 8400, 6)
2026-06-05 15:56:27 [DEBUG] 示例检测结果: [[-4.12485886e+00 -3.16007996e+00  3.91454506e+01  1.46519852e+01
   3.56970844e-08  5.00000000e+00]
 [-6.71441269e+00 -2.97902489e+00  4.47187233e+01  2.85111122e+01
   8.72347794e-09  9.00000000e+00]
 [-3.66297913e+00 -3.36646080e+00  4.59181290e+01  2.95108318e+01
   4.03685618e-09  9.00000000e+00]]
2026-06-05 15:56:27 [DEBUG] 处理后检测输出形状: (0, 52)
2026-06-05 15:56:27 [DEBUG] 有效检测数量: 0
2026-06-05 15:56:27 [DEBUG] 检测输出为空
2026-06-05 15:56:27 [INFO] 掩码中检测到的类别: [0, 1, 2, 3, 4, 5, 6, 7, 8, 9, 10, 11, 12, 13, 14, 15]
2026-06-05 15:56:27 [INFO] 分割完成，检测到 0 个物体
2026-06-05 15:56:27 [INFO] 从分割掩码中提取检测结果
2026-06-05 15:56:28 [INFO] 从掩码中提取了 549 个检测框
2026-06-05 15:56:28 [INFO] 计算出的车框矩形边界: (1095, 660) to (3276, 1641)
2026-06-05 15:56:28 [INFO] 原始检测数: 549, 过滤后检测数: 246
2026-06-05 15:56:28 [INFO] 保存分割和检测结果到: C:\code\show\Scrap_Steel_In_Field\photos\segmentation\segment_20260605_155628.jpg
2026-06-05 15:56:28 [INFO] JSON结果保存到: C:\code\show\Scrap_Steel_In_Field\photos\segmentation_result.json
2026-06-05 15:56:28 [INFO] 类别统计：{0: 50, 1: 49, 2: 26, 3: 10, 4: 38, 5: 36, 6: 38, 7: 33, 8: 60, 9: 58, 10: 33, 11: 17, 12: 23, 13: 49, 14: 0, 15: 29}
2026-06-05 15:56:28 [INFO] 面积统计：{0: 3120732.0, 1: 797652.0, 2: 54756.0, 3: 162540.0, 4: 164340.0, 5: 106056.0, 6: 546516.0, 7: 52380.0, 8: 1003824.0, 9: 362124.0, 10: 163296.0, 11: 387720.0, 12: 71496.0, 13: 647568.0, 14: 108.0, 15: 67968.0}
2026-06-05 15:56:28 [INFO] 分割成功
2026-06-05 15:56:28 [INFO] 引擎上下文已释放
2026-06-05 15:56:28 [INFO] TensorRT 引擎已释放
2026-06-05 15:56:28 [INFO] 全局 CUDA 资源已释放
2026-06-05 15:56:28 [INFO] 分割系统资源已释放
2026-06-05 15:56:32 [INFO] CUDA 初始化成功
2026-06-05 15:56:32 [INFO] 引擎加载成功: scrap_steel.engine
2026-06-05 15:56:32 [INFO] 分割系统初始化成功
2026-06-05 15:56:33 [INFO] 图像预处理完成，原始尺寸: (2160, 3840)
2026-06-05 15:56:33 [INFO] 开始执行分割...
2026-06-05 15:56:33 [DEBUG] 处理后的检测结果形状: (1, 8400, 6)
2026-06-05 15:56:33 [DEBUG] 示例检测结果: [[-4.19693375e+00 -3.20558834e+00  3.91470413e+01  1.48228750e+01
   3.51535725e-08  5.00000000e+00]
 [-6.77356339e+00 -3.03970718e+00  4.47458153e+01  2.87745323e+01
   8.47193515e-09  9.00000000e+00]
 [-3.66266632e+00 -3.42164993e+00  4.59303551e+01  2.96285248e+01
   3.92304855e-09  9.00000000e+00]]
2026-06-05 15:56:33 [DEBUG] 处理后检测输出形状: (0, 52)
2026-06-05 15:56:33 [DEBUG] 有效检测数量: 0
2026-06-05 15:56:33 [DEBUG] 检测输出为空
2026-06-05 15:56:33 [INFO] 掩码中检测到的类别: [0, 1, 2, 3, 4, 5, 6, 7, 8, 9, 10, 11, 12, 13, 14, 15]
2026-06-05 15:56:33 [INFO] 分割完成，检测到 0 个物体
2026-06-05 15:56:33 [INFO] 从分割掩码中提取检测结果
2026-06-05 15:56:33 [INFO] 从掩码中提取了 569 个检测框
2026-06-05 15:56:33 [INFO] 计算出的车框矩形边界: (1097, 661) to (3277, 1641)
2026-06-05 15:56:33 [INFO] 原始检测数: 569, 过滤后检测数: 261
2026-06-05 15:56:33 [INFO] 保存分割和检测结果到: C:\code\show\Scrap_Steel_In_Field\photos\segmentation\segment_20260605_155633.jpg
2026-06-05 15:56:33 [INFO] JSON结果保存到: C:\code\show\Scrap_Steel_In_Field\photos\segmentation_result.json
2026-06-05 15:56:33 [INFO] 类别统计：{0: 52, 1: 42, 2: 29, 3: 8, 4: 45, 5: 35, 6: 38, 7: 45, 8: 62, 9: 65, 10: 37, 11: 18, 12: 21, 13: 48, 14: 0, 15: 24}
2026-06-05 15:56:33 [INFO] 面积统计：{0: 3083040.0, 1: 773496.0, 2: 54612.0, 3: 158904.0, 4: 150768.0, 5: 103824.0, 6: 555156.0, 7: 61020.0, 8: 1024272.0, 9: 339552.0, 10: 163764.0, 11: 378036.0, 12: 56556.0, 13: 653688.0, 14: 108.0, 15: 70812.0}
2026-06-05 15:56:33 [INFO] 分割成功
2026-06-05 15:56:34 [INFO] 引擎上下文已释放
2026-06-05 15:56:34 [INFO] TensorRT 引擎已释放
2026-06-05 15:56:34 [INFO] 全局 CUDA 资源已释放
2026-06-05 15:56:34 [INFO] 分割系统资源已释放
2026-06-05 15:56:38 [INFO] CUDA 初始化成功
2026-06-05 15:56:38 [INFO] 引擎加载成功: scrap_steel.engine
2026-06-05 15:56:38 [INFO] 分割系统初始化成功
2026-06-05 15:56:38 [INFO] 图像预处理完成，原始尺寸: (2160, 3840)
2026-06-05 15:56:38 [INFO] 开始执行分割...
2026-06-05 15:56:38 [DEBUG] 处理后的检测结果形状: (1, 8400, 6)
2026-06-05 15:56:38 [DEBUG] 示例检测结果: [[-4.21411514e+00 -3.19560051e+00  3.90649643e+01  1.47609253e+01
   3.51535725e-08  5.00000000e+00]
 [-6.77957916e+00 -3.03772545e+00  4.47646103e+01  2.87659626e+01
   8.40560421e-09  9.00000000e+00]
 [-3.66513062e+00 -3.39213753e+00  4.59187164e+01  2.95815220e+01
   3.98647693e-09  9.00000000e+00]]
2026-06-05 15:56:38 [DEBUG] 处理后检测输出形状: (0, 52)
2026-06-05 15:56:38 [DEBUG] 有效检测数量: 0
2026-06-05 15:56:38 [DEBUG] 检测输出为空
2026-06-05 15:56:38 [INFO] 掩码中检测到的类别: [0, 1, 2, 3, 4, 5, 6, 7, 8, 9, 10, 11, 12, 13, 14, 15]
2026-06-05 15:56:38 [INFO] 分割完成，检测到 0 个物体
2026-06-05 15:56:38 [INFO] 从分割掩码中提取检测结果
2026-06-05 15:56:38 [INFO] 从掩码中提取了 568 个检测框
2026-06-05 15:56:38 [INFO] 计算出的车框矩形边界: (1094, 660) to (3278, 1641)
2026-06-05 15:56:38 [INFO] 原始检测数: 568, 过滤后检测数: 256
2026-06-05 15:56:39 [INFO] 保存分割和检测结果到: C:\code\show\Scrap_Steel_In_Field\photos\segmentation\segment_20260605_155638.jpg
2026-06-05 15:56:39 [INFO] JSON结果保存到: C:\code\show\Scrap_Steel_In_Field\photos\segmentation_result.json
2026-06-05 15:56:39 [INFO] 类别统计：{0: 62, 1: 51, 2: 29, 3: 10, 4: 43, 5: 34, 6: 36, 7: 33, 8: 61, 9: 65, 10: 30, 11: 18, 12: 24, 13: 42, 14: 0, 15: 30}
2026-06-05 15:56:39 [INFO] 面积统计：{0: 3070440.0, 1: 792432.0, 2: 51624.0, 3: 157500.0, 4: 143100.0, 5: 97452.0, 6: 522540.0, 7: 63144.0, 8: 1028772.0, 9: 330660.0, 10: 173700.0, 11: 376380.0, 12: 71424.0, 13: 637452.0, 14: 180.0, 15: 96156.0}
2026-06-05 15:56:39 [INFO] 分割成功
2026-06-05 15:56:39 [INFO] 引擎上下文已释放
2026-06-05 15:56:39 [INFO] TensorRT 引擎已释放
2026-06-05 15:56:39 [INFO] 全局 CUDA 资源已释放
2026-06-05 15:56:39 [INFO] 分割系统资源已释放
2026-06-05 15:56:43 [INFO] CUDA 初始化成功
2026-06-05 15:56:43 [INFO] 引擎加载成功: scrap_steel.engine
2026-06-05 15:56:43 [INFO] 分割系统初始化成功
2026-06-05 15:56:43 [INFO] 图像预处理完成，原始尺寸: (2160, 3840)
2026-06-05 15:56:43 [INFO] 开始执行分割...
2026-06-05 15:56:43 [DEBUG] 处理后的检测结果形状: (1, 8400, 6)
2026-06-05 15:56:43 [DEBUG] 示例检测结果: [[-4.12420273e+00 -3.15892124e+00  3.89567680e+01  1.46166506e+01
   3.46297497e-08  5.00000000e+00]
 [-6.71722412e+00 -2.98066711e+00  4.48207664e+01  2.86008949e+01
   8.49746495e-09  9.00000000e+00]
 [-3.66285324e+00 -3.36704540e+00  4.59637794e+01  2.95669365e+01
   4.01598754e-09  9.00000000e+00]]
2026-06-05 15:56:43 [DEBUG] 处理后检测输出形状: (0, 52)
2026-06-05 15:56:43 [DEBUG] 有效检测数量: 0
2026-06-05 15:56:43 [DEBUG] 检测输出为空
2026-06-05 15:56:43 [INFO] 掩码中检测到的类别: [0, 1, 2, 3, 4, 5, 6, 7, 8, 9, 10, 11, 12, 13, 14, 15]
2026-06-05 15:56:43 [INFO] 分割完成，检测到 0 个物体
2026-06-05 15:56:43 [INFO] 从分割掩码中提取检测结果
2026-06-05 15:56:43 [INFO] 从掩码中提取了 551 个检测框
2026-06-05 15:56:43 [INFO] 计算出的车框矩形边界: (1094, 660) to (3278, 1641)
2026-06-05 15:56:43 [INFO] 原始检测数: 551, 过滤后检测数: 251
2026-06-05 15:56:44 [INFO] 保存分割和检测结果到: C:\code\show\Scrap_Steel_In_Field\photos\segmentation\segment_20260605_155643.jpg
2026-06-05 15:56:44 [INFO] JSON结果保存到: C:\code\show\Scrap_Steel_In_Field\photos\segmentation_result.json
2026-06-05 15:56:44 [INFO] 类别统计：{0: 61, 1: 51, 2: 27, 3: 10, 4: 39, 5: 40, 6: 36, 7: 38, 8: 49, 9: 53, 10: 33, 11: 16, 12: 21, 13: 52, 14: 0, 15: 25}
2026-06-05 15:56:44 [INFO] 面积统计：{0: 3204396.0, 1: 800316.0, 2: 52596.0, 3: 152676.0, 4: 148608.0, 5: 104760.0, 6: 525852.0, 7: 45072.0, 8: 1019736.0, 9: 382140.0, 10: 169524.0, 11: 367524.0, 12: 45108.0, 13: 657936.0, 14: 108.0, 15: 86760.0}
2026-06-05 15:56:44 [INFO] 分割成功
2026-06-05 15:56:44 [INFO] 引擎上下文已释放
2026-06-05 15:56:44 [INFO] TensorRT 引擎已释放
2026-06-05 15:56:44 [INFO] 全局 CUDA 资源已释放
2026-06-05 15:56:44 [INFO] 分割系统资源已释放
2026-06-05 15:56:48 [INFO] CUDA 初始化成功
2026-06-05 15:56:48 [INFO] 引擎加载成功: scrap_steel.engine
2026-06-05 15:56:48 [INFO] 分割系统初始化成功
2026-06-05 15:56:48 [INFO] 图像预处理完成，原始尺寸: (2160, 3840)
2026-06-05 15:56:48 [INFO] 开始执行分割...
2026-06-05 15:56:48 [DEBUG] 处理后的检测结果形状: (1, 8400, 6)
2026-06-05 15:56:48 [DEBUG] 示例检测结果: [[-4.12272263e+00 -3.18270016e+00  3.91452408e+01  1.48181314e+01
   3.61184931e-08  5.00000000e+00]
 [-6.71130753e+00 -3.01326180e+00  4.48055344e+01  2.88783607e+01
   8.75778117e-09  9.00000000e+00]
 [-3.64411926e+00 -3.39300251e+00  4.59310608e+01  2.97052383e+01
   4.05128020e-09  9.00000000e+00]]
2026-06-05 15:56:48 [DEBUG] 处理后检测输出形状: (0, 52)
2026-06-05 15:56:48 [DEBUG] 有效检测数量: 0
2026-06-05 15:56:48 [DEBUG] 检测输出为空
2026-06-05 15:56:48 [INFO] 掩码中检测到的类别: [0, 1, 2, 3, 4, 5, 6, 7, 8, 9, 10, 11, 12, 13, 15]
2026-06-05 15:56:48 [INFO] 分割完成，检测到 0 个物体
2026-06-05 15:56:48 [INFO] 从分割掩码中提取检测结果
2026-06-05 15:56:48 [INFO] 从掩码中提取了 571 个检测框
2026-06-05 15:56:48 [INFO] 计算出的车框矩形边界: (1097, 659) to (3278, 1641)
2026-06-05 15:56:48 [INFO] 原始检测数: 571, 过滤后检测数: 252
2026-06-05 15:56:49 [INFO] 保存分割和检测结果到: C:\code\show\Scrap_Steel_In_Field\photos\segmentation\segment_20260605_155648.jpg
2026-06-05 15:56:49 [INFO] JSON结果保存到: C:\code\show\Scrap_Steel_In_Field\photos\segmentation_result.json
2026-06-05 15:56:49 [INFO] 类别统计：{0: 59, 1: 51, 2: 29, 3: 12, 4: 35, 5: 36, 6: 39, 7: 35, 8: 60, 9: 60, 10: 31, 11: 16, 12: 26, 13: 52, 14: 0, 15: 30}
2026-06-05 15:56:49 [INFO] 面积统计：{0: 3126420.0, 1: 822888.0, 2: 57348.0, 3: 153144.0, 4: 157860.0, 5: 109620.0, 6: 517428.0, 7: 53280.0, 8: 999612.0, 9: 327780.0, 10: 163980.0, 11: 376272.0, 12: 41400.0, 13: 654552.0, 15: 85788.0}
2026-06-05 15:56:49 [INFO] 分割成功
2026-06-05 15:56:49 [INFO] 引擎上下文已释放
2026-06-05 15:56:49 [INFO] TensorRT 引擎已释放
2026-06-05 15:56:49 [INFO] 全局 CUDA 资源已释放
2026-06-05 15:56:49 [INFO] 分割系统资源已释放
2026-06-05 15:56:53 [INFO] CUDA 初始化成功
2026-06-05 15:56:53 [INFO] 引擎加载成功: scrap_steel.engine
2026-06-05 15:56:53 [INFO] 分割系统初始化成功
2026-06-05 15:56:53 [INFO] 图像预处理完成，原始尺寸: (2160, 3840)
2026-06-05 15:56:53 [INFO] 开始执行分割...
2026-06-05 15:56:53 [DEBUG] 处理后的检测结果形状: (1, 8400, 6)
2026-06-05 15:56:53 [DEBUG] 示例检测结果: [[-4.18434525e+00 -3.17025566e+00  3.88589020e+01  1.46504536e+01
   3.49012268e-08  5.00000000e+00]
 [-6.72657776e+00 -3.01299095e+00  4.46404076e+01  2.85225868e+01
   8.25973689e-09  9.00000000e+00]
 [-3.64810944e+00 -3.38176727e+00  4.58552818e+01  2.94401207e+01
   3.88916632e-09  9.00000000e+00]]
2026-06-05 15:56:53 [DEBUG] 处理后检测输出形状: (0, 52)
2026-06-05 15:56:53 [DEBUG] 有效检测数量: 0
2026-06-05 15:56:53 [DEBUG] 检测输出为空
2026-06-05 15:56:53 [INFO] 掩码中检测到的类别: [0, 1, 2, 3, 4, 5, 6, 7, 8, 9, 10, 11, 12, 13, 14, 15]
2026-06-05 15:56:53 [INFO] 分割完成，检测到 0 个物体
2026-06-05 15:56:53 [INFO] 从分割掩码中提取检测结果
2026-06-05 15:56:53 [INFO] 从掩码中提取了 566 个检测框
2026-06-05 15:56:53 [INFO] 计算出的车框矩形边界: (1097, 662) to (3278, 1640)
2026-06-05 15:56:53 [INFO] 原始检测数: 566, 过滤后检测数: 245
2026-06-05 15:56:54 [INFO] 保存分割和检测结果到: C:\code\show\Scrap_Steel_In_Field\photos\segmentation\segment_20260605_155653.jpg
2026-06-05 15:56:54 [INFO] JSON结果保存到: C:\code\show\Scrap_Steel_In_Field\photos\segmentation_result.json
2026-06-05 15:56:54 [INFO] 类别统计：{0: 58, 1: 51, 2: 30, 3: 8, 4: 41, 5: 38, 6: 38, 7: 34, 8: 64, 9: 57, 10: 33, 11: 21, 12: 21, 13: 44, 14: 0, 15: 28}
2026-06-05 15:56:54 [INFO] 面积统计：{0: 2945916.0, 1: 776016.0, 2: 56520.0, 3: 152640.0, 4: 158076.0, 5: 102204.0, 6: 569988.0, 7: 51300.0, 8: 1027620.0, 9: 379080.0, 10: 169848.0, 11: 369720.0, 12: 66564.0, 13: 657972.0, 14: 108.0, 15: 79848.0}
2026-06-05 15:56:54 [INFO] 分割成功
2026-06-05 15:56:54 [INFO] 引擎上下文已释放
2026-06-05 15:56:54 [INFO] TensorRT 引擎已释放
2026-06-05 15:56:54 [INFO] 全局 CUDA 资源已释放
2026-06-05 15:56:54 [INFO] 分割系统资源已释放
2026-06-05 15:56:58 [INFO] CUDA 初始化成功
2026-06-05 15:56:58 [INFO] 引擎加载成功: scrap_steel.engine
2026-06-05 15:56:58 [INFO] 分割系统初始化成功
2026-06-05 15:56:58 [INFO] 图像预处理完成，原始尺寸: (2160, 3840)
2026-06-05 15:56:58 [INFO] 开始执行分割...
2026-06-05 15:56:58 [DEBUG] 处理后的检测结果形状: (1, 8400, 6)
2026-06-05 15:56:58 [DEBUG] 示例检测结果: [[-4.15472031e+00 -3.16762161e+00  3.89570618e+01  1.46496620e+01
   3.57041294e-08  5.00000000e+00]
 [-6.78538513e+00 -2.99919510e+00  4.47112541e+01  2.86198463e+01
   8.52706705e-09  9.00000000e+00]
 [-3.69117355e+00 -3.37692451e+00  4.59326553e+01  2.95122509e+01
   3.95353084e-09  9.00000000e+00]]
2026-06-05 15:56:58 [DEBUG] 处理后检测输出形状: (0, 52)
2026-06-05 15:56:58 [DEBUG] 有效检测数量: 0
2026-06-05 15:56:58 [DEBUG] 检测输出为空
2026-06-05 15:56:58 [INFO] 掩码中检测到的类别: [0, 1, 2, 3, 4, 5, 6, 7, 8, 9, 10, 11, 12, 13, 14, 15]
2026-06-05 15:56:58 [INFO] 分割完成，检测到 0 个物体
2026-06-05 15:56:58 [INFO] 从分割掩码中提取检测结果
2026-06-05 15:56:58 [INFO] 从掩码中提取了 552 个检测框
2026-06-05 15:56:58 [INFO] 计算出的车框矩形边界: (1095, 662) to (3277, 1641)
2026-06-05 15:56:58 [INFO] 原始检测数: 552, 过滤后检测数: 247
2026-06-05 15:56:59 [INFO] 保存分割和检测结果到: C:\code\show\Scrap_Steel_In_Field\photos\segmentation\segment_20260605_155658.jpg
2026-06-05 15:56:59 [INFO] JSON结果保存到: C:\code\show\Scrap_Steel_In_Field\photos\segmentation_result.json
2026-06-05 15:56:59 [INFO] 类别统计：{0: 52, 1: 49, 2: 27, 3: 9, 4: 35, 5: 37, 6: 35, 7: 37, 8: 63, 9: 55, 10: 34, 11: 16, 12: 23, 13: 52, 14: 0, 15: 28}
2026-06-05 15:56:59 [INFO] 面积统计：{0: 3122496.0, 1: 784152.0, 2: 48960.0, 3: 158220.0, 4: 155196.0, 5: 101520.0, 6: 509364.0, 7: 53352.0, 8: 1014660.0, 9: 370260.0, 10: 162036.0, 11: 385200.0, 12: 55440.0, 13: 645120.0, 14: 108.0, 15: 84096.0}
2026-06-05 15:56:59 [INFO] 分割成功
2026-06-05 15:56:59 [INFO] 引擎上下文已释放
2026-06-05 15:56:59 [INFO] TensorRT 引擎已释放
2026-06-05 15:56:59 [INFO] 全局 CUDA 资源已释放
2026-06-05 15:56:59 [INFO] 分割系统资源已释放
2026-06-05 15:57:03 [INFO] CUDA 初始化成功
2026-06-05 15:57:03 [INFO] 引擎加载成功: scrap_steel.engine
2026-06-05 15:57:03 [INFO] 分割系统初始化成功
2026-06-05 15:57:03 [INFO] 图像预处理完成，原始尺寸: (2160, 3840)
2026-06-05 15:57:03 [INFO] 开始执行分割...
2026-06-05 15:57:03 [DEBUG] 处理后的检测结果形状: (1, 8400, 6)
2026-06-05 15:57:03 [DEBUG] 示例检测结果: [[-4.12021637e+00 -3.15014744e+00  3.89946747e+01  1.45423403e+01
   3.54253302e-08  5.00000000e+00]
 [-6.74305344e+00 -2.99083138e+00  4.48332176e+01  2.86127605e+01
   8.66791439e-09  9.00000000e+00]
 [-3.68879700e+00 -3.39431095e+00  4.59915390e+01  2.96062775e+01
   4.03567668e-09  9.00000000e+00]]
2026-06-05 15:57:03 [DEBUG] 处理后检测输出形状: (0, 52)
2026-06-05 15:57:03 [DEBUG] 有效检测数量: 0
2026-06-05 15:57:03 [DEBUG] 检测输出为空
2026-06-05 15:57:03 [INFO] 掩码中检测到的类别: [0, 1, 2, 3, 4, 5, 6, 7, 8, 9, 10, 11, 12, 13, 14, 15]
2026-06-05 15:57:03 [INFO] 分割完成，检测到 0 个物体
2026-06-05 15:57:03 [INFO] 从分割掩码中提取检测结果
2026-06-05 15:57:04 [INFO] 从掩码中提取了 577 个检测框
2026-06-05 15:57:04 [INFO] 计算出的车框矩形边界: (1095, 662) to (3278, 1641)
2026-06-05 15:57:04 [INFO] 原始检测数: 577, 过滤后检测数: 249
2026-06-05 15:57:04 [INFO] 保存分割和检测结果到: C:\code\show\Scrap_Steel_In_Field\photos\segmentation\segment_20260605_155704.jpg
2026-06-05 15:57:04 [INFO] JSON结果保存到: C:\code\show\Scrap_Steel_In_Field\photos\segmentation_result.json
2026-06-05 15:57:04 [INFO] 类别统计：{0: 78, 1: 51, 2: 26, 3: 8, 4: 35, 5: 40, 6: 38, 7: 39, 8: 58, 9: 61, 10: 35, 11: 14, 12: 19, 13: 51, 14: 0, 15: 24}
2026-06-05 15:57:04 [INFO] 面积统计：{0: 3139056.0, 1: 784404.0, 2: 50688.0, 3: 160524.0, 4: 155052.0, 5: 105300.0, 6: 543420.0, 7: 57960.0, 8: 1019700.0, 9: 371448.0, 10: 162324.0, 11: 385740.0, 12: 60840.0, 13: 659592.0, 14: 144.0, 15: 76860.0}
2026-06-05 15:57:04 [INFO] 分割成功
2026-06-05 15:57:04 [INFO] 引擎上下文已释放
2026-06-05 15:57:04 [INFO] TensorRT 引擎已释放
2026-06-05 15:57:04 [INFO] 全局 CUDA 资源已释放
2026-06-05 15:57:04 [INFO] 分割系统资源已释放
2026-06-05 15:57:08 [INFO] CUDA 初始化成功
2026-06-05 15:57:08 [INFO] 引擎加载成功: scrap_steel.engine
2026-06-05 15:57:08 [INFO] 分割系统初始化成功
2026-06-05 15:57:08 [INFO] 图像预处理完成，原始尺寸: (2160, 3840)
2026-06-05 15:57:08 [INFO] 开始执行分割...
2026-06-05 15:57:08 [DEBUG] 处理后的检测结果形状: (1, 8400, 6)
2026-06-05 15:57:08 [DEBUG] 示例检测结果: [[-4.12388611e+00 -3.16927624e+00  3.90776520e+01  1.46528788e+01
   3.56970844e-08  5.00000000e+00]
 [-6.70508575e+00 -2.99853897e+00  4.47261658e+01  2.86567917e+01
   8.66791439e-09  9.00000000e+00]
 [-3.68419647e+00 -3.40415668e+00  4.59279633e+01  2.96651001e+01
   3.98843270e-09  9.00000000e+00]]
2026-06-05 15:57:08 [DEBUG] 处理后检测输出形状: (0, 52)
2026-06-05 15:57:08 [DEBUG] 有效检测数量: 0
2026-06-05 15:57:08 [DEBUG] 检测输出为空
2026-06-05 15:57:08 [INFO] 掩码中检测到的类别: [0, 1, 2, 3, 4, 5, 6, 7, 8, 9, 10, 11, 12, 13, 14, 15]
2026-06-05 15:57:08 [INFO] 分割完成，检测到 0 个物体
2026-06-05 15:57:08 [INFO] 从分割掩码中提取检测结果
2026-06-05 15:57:09 [INFO] 从掩码中提取了 542 个检测框
2026-06-05 15:57:09 [INFO] 计算出的车框矩形边界: (1094, 660) to (3277, 1641)
2026-06-05 15:57:09 [INFO] 原始检测数: 542, 过滤后检测数: 237
2026-06-05 15:57:09 [INFO] 保存分割和检测结果到: C:\code\show\Scrap_Steel_In_Field\photos\segmentation\segment_20260605_155709.jpg
2026-06-05 15:57:09 [INFO] JSON结果保存到: C:\code\show\Scrap_Steel_In_Field\photos\segmentation_result.json
2026-06-05 15:57:09 [INFO] 类别统计：{0: 54, 1: 47, 2: 22, 3: 10, 4: 42, 5: 39, 6: 32, 7: 37, 8: 51, 9: 61, 10: 32, 11: 16, 12: 20, 13: 53, 14: 0, 15: 26}
2026-06-05 15:57:09 [INFO] 面积统计：{0: 3136356.0, 1: 808272.0, 2: 51156.0, 3: 153288.0, 4: 164556.0, 5: 114912.0, 6: 530352.0, 7: 60336.0, 8: 1006308.0, 9: 321696.0, 10: 162612.0, 11: 365868.0, 12: 51552.0, 13: 662616.0, 14: 180.0, 15: 75960.0}
2026-06-05 15:57:09 [INFO] 分割成功
2026-06-05 15:57:09 [INFO] 引擎上下文已释放
2026-06-05 15:57:09 [INFO] TensorRT 引擎已释放
2026-06-05 15:57:09 [INFO] 全局 CUDA 资源已释放
2026-06-05 15:57:09 [INFO] 分割系统资源已释放
2026-06-05 15:57:14 [INFO] CUDA 初始化成功
2026-06-05 15:57:14 [INFO] 引擎加载成功: scrap_steel.engine
2026-06-05 15:57:14 [INFO] 分割系统初始化成功
2026-06-05 15:57:14 [INFO] 图像预处理完成，原始尺寸: (2160, 3840)
2026-06-05 15:57:14 [INFO] 开始执行分割...
2026-06-05 15:57:14 [DEBUG] 处理后的检测结果形状: (1, 8400, 6)
2026-06-05 15:57:14 [DEBUG] 示例检测结果: [[-4.13772964e+00 -3.17013311e+00  3.90736465e+01  1.46513500e+01
   3.58375551e-08  5.00000000e+00]
 [-6.76211166e+00 -3.01178932e+00  4.47829552e+01  2.86233597e+01
   8.60057625e-09  9.00000000e+00]
 [-3.68210602e+00 -3.37849045e+00  4.59419975e+01  2.95815811e+01
   3.98843270e-09  9.00000000e+00]]
2026-06-05 15:57:14 [DEBUG] 处理后检测输出形状: (0, 52)
2026-06-05 15:57:14 [DEBUG] 有效检测数量: 0
2026-06-05 15:57:14 [DEBUG] 检测输出为空
2026-06-05 15:57:14 [INFO] 掩码中检测到的类别: [0, 1, 2, 3, 4, 5, 6, 7, 8, 9, 10, 11, 12, 13, 14, 15]
2026-06-05 15:57:14 [INFO] 分割完成，检测到 0 个物体
2026-06-05 15:57:14 [INFO] 从分割掩码中提取检测结果
2026-06-05 15:57:14 [INFO] 从掩码中提取了 579 个检测框
2026-06-05 15:57:14 [INFO] 计算出的车框矩形边界: (1095, 661) to (3278, 1641)
2026-06-05 15:57:14 [INFO] 原始检测数: 579, 过滤后检测数: 246
2026-06-05 15:57:15 [INFO] 保存分割和检测结果到: C:\code\show\Scrap_Steel_In_Field\photos\segmentation\segment_20260605_155714.jpg
2026-06-05 15:57:15 [INFO] JSON结果保存到: C:\code\show\Scrap_Steel_In_Field\photos\segmentation_result.json
2026-06-05 15:57:15 [INFO] 类别统计：{0: 65, 1: 46, 2: 31, 3: 7, 4: 36, 5: 42, 6: 33, 7: 39, 8: 64, 9: 57, 10: 31, 11: 22, 12: 22, 13: 50, 14: 0, 15: 34}
2026-06-05 15:57:15 [INFO] 面积统计：{0: 3061548.0, 1: 790236.0, 2: 53136.0, 3: 159804.0, 4: 156024.0, 5: 106884.0, 6: 556020.0, 7: 59724.0, 8: 1012824.0, 9: 353736.0, 10: 160164.0, 11: 372708.0, 12: 53784.0, 13: 658692.0, 14: 108.0, 15: 84204.0}
2026-06-05 15:57:15 [INFO] 分割成功
2026-06-05 15:57:15 [INFO] 引擎上下文已释放
2026-06-05 15:57:15 [INFO] TensorRT 引擎已释放
2026-06-05 15:57:15 [INFO] 全局 CUDA 资源已释放
2026-06-05 15:57:15 [INFO] 分割系统资源已释放
2026-06-05 15:57:19 [INFO] CUDA 初始化成功
2026-06-05 15:57:19 [INFO] 引擎加载成功: scrap_steel.engine
2026-06-05 15:57:19 [INFO] 分割系统初始化成功
2026-06-05 15:57:19 [INFO] 图像预处理完成，原始尺寸: (2160, 3840)
2026-06-05 15:57:19 [INFO] 开始执行分割...
2026-06-05 15:57:19 [DEBUG] 处理后的检测结果形状: (1, 8400, 6)
2026-06-05 15:57:19 [DEBUG] 示例检测结果: [[-4.15256119e+00 -3.17735767e+00  3.90710411e+01  1.47605238e+01
   3.59780223e-08  5.00000000e+00]
 [-6.71483612e+00 -3.00288010e+00  4.47821655e+01  2.87111301e+01
   8.66791439e-09  9.00000000e+00]
 [-3.65293503e+00 -3.39212990e+00  4.59709015e+01  2.96115589e+01
   4.01942302e-09  9.00000000e+00]]
2026-06-05 15:57:19 [DEBUG] 处理后检测输出形状: (0, 52)
2026-06-05 15:57:19 [DEBUG] 有效检测数量: 0
2026-06-05 15:57:19 [DEBUG] 检测输出为空
2026-06-05 15:57:19 [INFO] 掩码中检测到的类别: [0, 1, 2, 3, 4, 5, 6, 7, 8, 9, 10, 11, 12, 13, 14, 15]
2026-06-05 15:57:19 [INFO] 分割完成，检测到 0 个物体
2026-06-05 15:57:19 [INFO] 从分割掩码中提取检测结果
2026-06-05 15:57:19 [INFO] 从掩码中提取了 553 个检测框
2026-06-05 15:57:19 [INFO] 计算出的车框矩形边界: (1098, 659) to (3277, 1641)
2026-06-05 15:57:19 [INFO] 原始检测数: 553, 过滤后检测数: 244
2026-06-05 15:57:20 [INFO] 保存分割和检测结果到: C:\code\show\Scrap_Steel_In_Field\photos\segmentation\segment_20260605_155719.jpg
2026-06-05 15:57:20 [INFO] JSON结果保存到: C:\code\show\Scrap_Steel_In_Field\photos\segmentation_result.json
2026-06-05 15:57:20 [INFO] 类别统计：{0: 53, 1: 52, 2: 28, 3: 11, 4: 36, 5: 39, 6: 31, 7: 34, 8: 56, 9: 61, 10: 33, 11: 15, 12: 19, 13: 55, 14: 0, 15: 30}
2026-06-05 15:57:20 [INFO] 面积统计：{0: 3096612.0, 1: 793512.0, 2: 53388.0, 3: 159012.0, 4: 173628.0, 5: 109044.0, 6: 546408.0, 7: 49140.0, 8: 1034388.0, 9: 345024.0, 10: 159624.0, 11: 390096.0, 12: 43488.0, 13: 655200.0, 14: 108.0, 15: 69876.0}
2026-06-05 15:57:20 [INFO] 分割成功
2026-06-05 15:57:20 [INFO] 引擎上下文已释放
2026-06-05 15:57:20 [INFO] TensorRT 引擎已释放
2026-06-05 15:57:20 [INFO] 全局 CUDA 资源已释放
2026-06-05 15:57:20 [INFO] 分割系统资源已释放
2026-06-05 15:57:24 [INFO] CUDA 初始化成功
2026-06-05 15:57:24 [INFO] 引擎加载成功: scrap_steel.engine
2026-06-05 15:57:24 [INFO] 分割系统初始化成功
2026-06-05 15:57:24 [INFO] 图像预处理完成，原始尺寸: (2160, 3840)
2026-06-05 15:57:24 [INFO] 开始执行分割...
2026-06-05 15:57:24 [DEBUG] 处理后的检测结果形状: (1, 8400, 6)
2026-06-05 15:57:24 [DEBUG] 示例检测结果: [[-4.15730286e+00 -3.17964554e+00  3.89112244e+01  1.46820965e+01
   3.54302330e-08  5.00000000e+00]
 [-6.73000336e+00 -3.00070953e+00  4.46303406e+01  2.84967918e+01
   8.36554825e-09  9.00000000e+00]
 [-3.66777039e+00 -3.40709305e+00  4.58912735e+01  2.94899483e+01
   3.87401045e-09  9.00000000e+00]]
2026-06-05 15:57:24 [DEBUG] 处理后检测输出形状: (0, 52)
2026-06-05 15:57:24 [DEBUG] 有效检测数量: 0
2026-06-05 15:57:24 [DEBUG] 检测输出为空
2026-06-05 15:57:24 [INFO] 掩码中检测到的类别: [0, 1, 2, 3, 4, 5, 6, 7, 8, 9, 10, 11, 12, 13, 14, 15]
2026-06-05 15:57:24 [INFO] 分割完成，检测到 0 个物体
2026-06-05 15:57:24 [INFO] 从分割掩码中提取检测结果
2026-06-05 15:57:25 [INFO] 从掩码中提取了 553 个检测框
2026-06-05 15:57:25 [INFO] 计算出的车框矩形边界: (1097, 660) to (3278, 1641)
2026-06-05 15:57:25 [INFO] 原始检测数: 553, 过滤后检测数: 242
2026-06-05 15:57:25 [INFO] 保存分割和检测结果到: C:\code\show\Scrap_Steel_In_Field\photos\segmentation\segment_20260605_155725.jpg
2026-06-05 15:57:25 [INFO] JSON结果保存到: C:\code\show\Scrap_Steel_In_Field\photos\segmentation_result.json
2026-06-05 15:57:25 [INFO] 类别统计：{0: 58, 1: 52, 2: 24, 3: 10, 4: 40, 5: 35, 6: 39, 7: 39, 8: 56, 9: 56, 10: 34, 11: 17, 12: 19, 13: 46, 14: 0, 15: 28}
2026-06-05 15:57:25 [INFO] 面积统计：{0: 3030372.0, 1: 813852.0, 2: 49644.0, 3: 160488.0, 4: 151308.0, 5: 103752.0, 6: 537120.0, 7: 55116.0, 8: 1006020.0, 9: 329904.0, 10: 158904.0, 11: 378972.0, 12: 69516.0, 13: 652392.0, 14: 144.0, 15: 93240.0}
2026-06-05 15:57:25 [INFO] 分割成功
2026-06-05 15:57:25 [INFO] 引擎上下文已释放
2026-06-05 15:57:25 [INFO] TensorRT 引擎已释放
2026-06-05 15:57:25 [INFO] 全局 CUDA 资源已释放
2026-06-05 15:57:25 [INFO] 分割系统资源已释放
2026-06-05 15:57:29 [INFO] CUDA 初始化成功
2026-06-05 15:57:29 [INFO] 引擎加载成功: scrap_steel.engine
2026-06-05 15:57:29 [INFO] 分割系统初始化成功
2026-06-05 15:57:29 [INFO] 图像预处理完成，原始尺寸: (2160, 3840)
2026-06-05 15:57:29 [INFO] 开始执行分割...
2026-06-05 15:57:29 [DEBUG] 处理后的检测结果形状: (1, 8400, 6)
2026-06-05 15:57:29 [DEBUG] 示例检测结果: [[-4.18496704e+00 -3.16801167e+00  3.89984131e+01  1.46542711e+01
   3.55647281e-08  5.00000000e+00]
 [-6.74230576e+00 -2.99775124e+00  4.47194633e+01  2.86515446e+01
   8.46030446e-09  9.00000000e+00]
 [-3.68243790e+00 -3.39117908e+00  4.59272194e+01  2.95389252e+01
   3.97304589e-09  9.00000000e+00]]
2026-06-05 15:57:29 [DEBUG] 处理后检测输出形状: (0, 52)
2026-06-05 15:57:29 [DEBUG] 有效检测数量: 0
2026-06-05 15:57:29 [DEBUG] 检测输出为空
2026-06-05 15:57:29 [INFO] 掩码中检测到的类别: [0, 1, 2, 3, 4, 5, 6, 7, 8, 9, 10, 11, 12, 13, 14, 15]
2026-06-05 15:57:29 [INFO] 分割完成，检测到 0 个物体
2026-06-05 15:57:29 [INFO] 从分割掩码中提取检测结果
2026-06-05 15:57:30 [INFO] 从掩码中提取了 578 个检测框
2026-06-05 15:57:30 [INFO] 计算出的车框矩形边界: (1095, 662) to (3278, 1641)
2026-06-05 15:57:30 [INFO] 原始检测数: 578, 过滤后检测数: 257
2026-06-05 15:57:30 [INFO] 保存分割和检测结果到: C:\code\show\Scrap_Steel_In_Field\photos\segmentation\segment_20260605_155730.jpg
2026-06-05 15:57:30 [INFO] JSON结果保存到: C:\code\show\Scrap_Steel_In_Field\photos\segmentation_result.json
2026-06-05 15:57:30 [INFO] 类别统计：{0: 58, 1: 52, 2: 25, 3: 9, 4: 42, 5: 41, 6: 33, 7: 37, 8: 64, 9: 65, 10: 35, 11: 17, 12: 24, 13: 49, 14: 0, 15: 27}
2026-06-05 15:57:30 [INFO] 面积统计：{0: 3180240.0, 1: 786960.0, 2: 53136.0, 3: 152244.0, 4: 168300.0, 5: 98532.0, 6: 529848.0, 7: 56772.0, 8: 1031436.0, 9: 324216.0, 10: 166284.0, 11: 369828.0, 12: 57672.0, 13: 652104.0, 14: 180.0, 15: 86904.0}
2026-06-05 15:57:30 [INFO] 分割成功
2026-06-05 15:57:30 [INFO] 引擎上下文已释放
2026-06-05 15:57:30 [INFO] TensorRT 引擎已释放
2026-06-05 15:57:30 [INFO] 全局 CUDA 资源已释放
2026-06-05 15:57:30 [INFO] 分割系统资源已释放
2026-06-05 15:57:34 [INFO] CUDA 初始化成功
2026-06-05 15:57:34 [INFO] 引擎加载成功: scrap_steel.engine
2026-06-05 15:57:34 [INFO] 分割系统初始化成功
2026-06-05 15:57:34 [INFO] 图像预处理完成，原始尺寸: (2160, 3840)
2026-06-05 15:57:34 [INFO] 开始执行分割...
2026-06-05 15:57:34 [DEBUG] 处理后的检测结果形状: (1, 8400, 6)
2026-06-05 15:57:34 [DEBUG] 示例检测结果: [[-4.17372894e+00 -3.17950153e+00  3.87797394e+01  1.45999174e+01
   3.57041294e-08  5.00000000e+00]
 [-6.78009415e+00 -3.01914978e+00  4.44591866e+01  2.84065456e+01
   8.33267055e-09  9.00000000e+00]
 [-3.70468140e+00 -3.41854286e+00  4.58142471e+01  2.93160191e+01
   3.82917431e-09  9.00000000e+00]]
2026-06-05 15:57:34 [DEBUG] 处理后检测输出形状: (0, 52)
2026-06-05 15:57:34 [DEBUG] 有效检测数量: 0
2026-06-05 15:57:34 [DEBUG] 检测输出为空
2026-06-05 15:57:34 [INFO] 掩码中检测到的类别: [0, 1, 2, 3, 4, 5, 6, 7, 8, 9, 10, 11, 12, 13, 14, 15]
2026-06-05 15:57:35 [INFO] 分割完成，检测到 0 个物体
2026-06-05 15:57:35 [INFO] 从分割掩码中提取检测结果
2026-06-05 15:57:35 [INFO] 从掩码中提取了 551 个检测框
2026-06-05 15:57:35 [INFO] 计算出的车框矩形边界: (1095, 658) to (3277, 1641)
2026-06-05 15:57:35 [INFO] 原始检测数: 551, 过滤后检测数: 235
2026-06-05 15:57:35 [INFO] 保存分割和检测结果到: C:\code\show\Scrap_Steel_In_Field\photos\segmentation\segment_20260605_155735.jpg
2026-06-05 15:57:35 [INFO] JSON结果保存到: C:\code\show\Scrap_Steel_In_Field\photos\segmentation_result.json
2026-06-05 15:57:35 [INFO] 类别统计：{0: 56, 1: 53, 2: 29, 3: 10, 4: 39, 5: 34, 6: 33, 7: 37, 8: 57, 9: 63, 10: 36, 11: 12, 12: 18, 13: 49, 14: 0, 15: 25}
2026-06-05 15:57:35 [INFO] 面积统计：{0: 3041640.0, 1: 794988.0, 2: 51192.0, 3: 154404.0, 4: 157428.0, 5: 94788.0, 6: 544536.0, 7: 64908.0, 8: 1038276.0, 9: 331128.0, 10: 162972.0, 11: 373788.0, 12: 49752.0, 13: 648576.0, 14: 108.0, 15: 74520.0}
2026-06-05 15:57:35 [INFO] 分割成功
2026-06-05 15:57:35 [INFO] 引擎上下文已释放
2026-06-05 15:57:35 [INFO] TensorRT 引擎已释放
2026-06-05 15:57:35 [INFO] 全局 CUDA 资源已释放
2026-06-05 15:57:35 [INFO] 分割系统资源已释放
2026-06-05 15:57:39 [INFO] CUDA 初始化成功
2026-06-05 15:57:39 [INFO] 引擎加载成功: scrap_steel.engine
2026-06-05 15:57:39 [INFO] 分割系统初始化成功
2026-06-05 15:57:40 [INFO] 图像预处理完成，原始尺寸: (2160, 3840)
2026-06-05 15:57:40 [INFO] 开始执行分割...
2026-06-05 15:57:40 [DEBUG] 处理后的检测结果形状: (1, 8400, 6)
2026-06-05 15:57:40 [DEBUG] 示例检测结果: [[-4.12398148e+00 -3.17540741e+00  3.90037651e+01  1.46533546e+01
   3.48801308e-08  5.00000000e+00]
 [-6.70254135e+00 -2.99263191e+00  4.47000923e+01  2.85601311e+01
   8.53826609e-09  9.00000000e+00]
 [-3.63546371e+00 -3.38243484e+00  4.59014244e+01  2.94934044e+01
   3.92198629e-09  9.00000000e+00]]
2026-06-05 15:57:40 [DEBUG] 处理后检测输出形状: (0, 52)
2026-06-05 15:57:40 [DEBUG] 有效检测数量: 0
2026-06-05 15:57:40 [DEBUG] 检测输出为空
2026-06-05 15:57:40 [INFO] 掩码中检测到的类别: [0, 1, 2, 3, 4, 5, 6, 7, 8, 9, 10, 11, 12, 13, 14, 15]
2026-06-05 15:57:40 [INFO] 分割完成，检测到 0 个物体
2026-06-05 15:57:40 [INFO] 从分割掩码中提取检测结果
2026-06-05 15:57:40 [INFO] 从掩码中提取了 578 个检测框
2026-06-05 15:57:40 [INFO] 计算出的车框矩形边界: (1097, 658) to (3278, 1641)
2026-06-05 15:57:40 [INFO] 原始检测数: 578, 过滤后检测数: 257
2026-06-05 15:57:41 [INFO] 保存分割和检测结果到: C:\code\show\Scrap_Steel_In_Field\photos\segmentation\segment_20260605_155740.jpg
2026-06-05 15:57:41 [INFO] JSON结果保存到: C:\code\show\Scrap_Steel_In_Field\photos\segmentation_result.json
2026-06-05 15:57:41 [INFO] 类别统计：{0: 59, 1: 49, 2: 31, 3: 9, 4: 38, 5: 34, 6: 32, 7: 41, 8: 64, 9: 61, 10: 38, 11: 17, 12: 24, 13: 52, 14: 0, 15: 29}
2026-06-05 15:57:41 [INFO] 面积统计：{0: 3109392.0, 1: 810432.0, 2: 51696.0, 3: 160128.0, 4: 143496.0, 5: 99684.0, 6: 546840.0, 7: 53604.0, 8: 984276.0, 9: 381132.0, 10: 169704.0, 11: 371052.0, 12: 44892.0, 13: 651672.0, 14: 180.0, 15: 92304.0}
2026-06-05 15:57:41 [INFO] 分割成功
2026-06-05 15:57:41 [INFO] 引擎上下文已释放
2026-06-05 15:57:41 [INFO] TensorRT 引擎已释放
2026-06-05 15:57:41 [INFO] 全局 CUDA 资源已释放
2026-06-05 15:57:41 [INFO] 分割系统资源已释放
2026-06-05 15:57:45 [INFO] CUDA 初始化成功
2026-06-05 15:57:45 [INFO] 引擎加载成功: scrap_steel.engine
2026-06-05 15:57:45 [INFO] 分割系统初始化成功
2026-06-05 15:57:45 [INFO] 图像预处理完成，原始尺寸: (2160, 3840)
2026-06-05 15:57:45 [INFO] 开始执行分割...
2026-06-05 15:57:45 [DEBUG] 处理后的检测结果形状: (1, 8400, 6)
2026-06-05 15:57:45 [DEBUG] 示例检测结果: [[-4.18656158e+00 -3.19056034e+00  3.90050659e+01  1.48185110e+01
   3.54253302e-08  5.00000000e+00]
 [-6.76071167e+00 -3.03324890e+00  4.46904297e+01  2.86729736e+01
   8.52706705e-09  9.00000000e+00]
 [-3.67301941e+00 -3.40430737e+00  4.58790741e+01  2.95401802e+01
   3.97121624e-09  9.00000000e+00]]
2026-06-05 15:57:45 [DEBUG] 处理后检测输出形状: (0, 52)
2026-06-05 15:57:45 [DEBUG] 有效检测数量: 0
2026-06-05 15:57:45 [DEBUG] 检测输出为空
2026-06-05 15:57:45 [INFO] 掩码中检测到的类别: [0, 1, 2, 3, 4, 5, 6, 7, 8, 9, 10, 11, 12, 13, 14, 15]
2026-06-05 15:57:45 [INFO] 分割完成，检测到 0 个物体
2026-06-05 15:57:45 [INFO] 从分割掩码中提取检测结果
2026-06-05 15:57:45 [INFO] 从掩码中提取了 574 个检测框
2026-06-05 15:57:45 [INFO] 计算出的车框矩形边界: (1095, 660) to (3278, 1641)
2026-06-05 15:57:45 [INFO] 原始检测数: 574, 过滤后检测数: 241
2026-06-05 15:57:46 [INFO] 保存分割和检测结果到: C:\code\show\Scrap_Steel_In_Field\photos\segmentation\segment_20260605_155745.jpg
2026-06-05 15:57:46 [INFO] JSON结果保存到: C:\code\show\Scrap_Steel_In_Field\photos\segmentation_result.json
2026-06-05 15:57:46 [INFO] 类别统计：{0: 62, 1: 50, 2: 34, 3: 11, 4: 38, 5: 36, 6: 29, 7: 41, 8: 67, 9: 58, 10: 34, 11: 15, 12: 21, 13: 55, 14: 0, 15: 23}
2026-06-05 15:57:46 [INFO] 面积统计：{0: 3014244.0, 1: 786096.0, 2: 54936.0, 3: 152748.0, 4: 156852.0, 5: 108000.0, 6: 552132.0, 7: 60804.0, 8: 1022796.0, 9: 359820.0, 10: 163656.0, 11: 382428.0, 12: 50508.0, 13: 655596.0, 14: 108.0, 15: 70776.0}
2026-06-05 15:57:46 [INFO] 分割成功
2026-06-05 15:57:46 [INFO] 引擎上下文已释放
2026-06-05 15:57:46 [INFO] TensorRT 引擎已释放
2026-06-05 15:57:46 [INFO] 全局 CUDA 资源已释放
2026-06-05 15:57:46 [INFO] 分割系统资源已释放
2026-06-05 15:57:50 [INFO] CUDA 初始化成功
2026-06-05 15:57:50 [INFO] 引擎加载成功: scrap_steel.engine
2026-06-05 15:57:50 [INFO] 分割系统初始化成功
2026-06-05 15:57:50 [INFO] 图像预处理完成，原始尺寸: (2160, 3840)
2026-06-05 15:57:50 [INFO] 开始执行分割...
2026-06-05 15:57:50 [DEBUG] 处理后的检测结果形状: (1, 8400, 6)
2026-06-05 15:57:50 [DEBUG] 示例检测结果: [[-4.18481445e+00 -3.19307423e+00  3.91720695e+01  1.48767385e+01
   3.63934554e-08  5.00000000e+00]
 [-6.76258850e+00 -3.04486084e+00  4.46618729e+01  2.88023090e+01
   8.63424532e-09  9.00000000e+00]
 [-3.66699219e+00 -3.41827583e+00  4.59385986e+01  2.96281528e+01
   3.95574062e-09  9.00000000e+00]]
2026-06-05 15:57:50 [DEBUG] 处理后检测输出形状: (0, 52)
2026-06-05 15:57:50 [DEBUG] 有效检测数量: 0
2026-06-05 15:57:50 [DEBUG] 检测输出为空
2026-06-05 15:57:50 [INFO] 掩码中检测到的类别: [0, 1, 2, 3, 4, 5, 6, 7, 8, 9, 10, 11, 12, 13, 14, 15]
2026-06-05 15:57:50 [INFO] 分割完成，检测到 0 个物体
2026-06-05 15:57:50 [INFO] 从分割掩码中提取检测结果
2026-06-05 15:57:50 [INFO] 从掩码中提取了 556 个检测框
2026-06-05 15:57:50 [INFO] 计算出的车框矩形边界: (1094, 661) to (3278, 1641)
2026-06-05 15:57:50 [INFO] 原始检测数: 556, 过滤后检测数: 243
2026-06-05 15:57:51 [INFO] 保存分割和检测结果到: C:\code\show\Scrap_Steel_In_Field\photos\segmentation\segment_20260605_155750.jpg
2026-06-05 15:57:51 [INFO] JSON结果保存到: C:\code\show\Scrap_Steel_In_Field\photos\segmentation_result.json
2026-06-05 15:57:51 [INFO] 类别统计：{0: 59, 1: 47, 2: 30, 3: 13, 4: 43, 5: 32, 6: 35, 7: 36, 8: 57, 9: 53, 10: 35, 11: 17, 12: 23, 13: 49, 14: 0, 15: 27}
2026-06-05 15:57:51 [INFO] 面积统计：{0: 2992428.0, 1: 821772.0, 2: 46908.0, 3: 150552.0, 4: 161964.0, 5: 107532.0, 6: 563472.0, 7: 50976.0, 8: 1009872.0, 9: 365904.0, 10: 169524.0, 11: 356904.0, 12: 45396.0, 13: 650376.0, 14: 108.0, 15: 68256.0}
2026-06-05 15:57:51 [INFO] 分割成功
2026-06-05 15:57:51 [INFO] 引擎上下文已释放
2026-06-05 15:57:51 [INFO] TensorRT 引擎已释放
2026-06-05 15:57:51 [INFO] 全局 CUDA 资源已释放
2026-06-05 15:57:51 [INFO] 分割系统资源已释放
2026-06-05 15:57:55 [INFO] CUDA 初始化成功
2026-06-05 15:57:55 [INFO] 引擎加载成功: scrap_steel.engine
2026-06-05 15:57:55 [INFO] 分割系统初始化成功
2026-06-05 15:57:55 [INFO] 图像预处理完成，原始尺寸: (2160, 3840)
2026-06-05 15:57:55 [INFO] 开始执行分割...
2026-06-05 15:57:55 [DEBUG] 处理后的检测结果形状: (1, 8400, 6)
2026-06-05 15:57:55 [DEBUG] 示例检测结果: [[-4.17079926e+00 -3.20326281e+00  3.90081635e+01  1.48160782e+01
   3.59829286e-08  5.00000000e+00]
 [-6.74362183e+00 -3.03691292e+00  4.46562080e+01  2.86941357e+01
   8.47193515e-09  9.00000000e+00]
 [-3.66368484e+00 -3.44673347e+00  4.58894882e+01  2.95773144e+01
   3.89163102e-09  9.00000000e+00]]
2026-06-05 15:57:55 [DEBUG] 处理后检测输出形状: (0, 52)
2026-06-05 15:57:55 [DEBUG] 有效检测数量: 0
2026-06-05 15:57:55 [DEBUG] 检测输出为空
2026-06-05 15:57:55 [INFO] 掩码中检测到的类别: [0, 1, 2, 3, 4, 5, 6, 7, 8, 9, 10, 11, 12, 13, 14, 15]
2026-06-05 15:57:55 [INFO] 分割完成，检测到 0 个物体
2026-06-05 15:57:55 [INFO] 从分割掩码中提取检测结果
2026-06-05 15:57:55 [INFO] 从掩码中提取了 554 个检测框
2026-06-05 15:57:55 [INFO] 计算出的车框矩形边界: (1095, 664) to (3278, 1641)
2026-06-05 15:57:55 [INFO] 原始检测数: 554, 过滤后检测数: 243
2026-06-05 15:57:57 [INFO] 保存分割和检测结果到: C:\code\show\Scrap_Steel_In_Field\photos\segmentation\segment_20260605_155755.jpg
2026-06-05 15:57:57 [INFO] JSON结果保存到: C:\code\show\Scrap_Steel_In_Field\photos\segmentation_result.json
2026-06-05 15:57:57 [INFO] 类别统计：{0: 54, 1: 53, 2: 31, 3: 12, 4: 36, 5: 40, 6: 34, 7: 38, 8: 55, 9: 53, 10: 33, 11: 15, 12: 22, 13: 49, 14: 0, 15: 29}
2026-06-05 15:57:57 [INFO] 面积统计：{0: 3099708.0, 1: 783612.0, 2: 51696.0, 3: 152820.0, 4: 154224.0, 5: 107100.0, 6: 556020.0, 7: 55800.0, 8: 1005336.0, 9: 343260.0, 10: 167328.0, 11: 378108.0, 12: 49500.0, 13: 655668.0, 14: 144.0, 15: 73476.0}
2026-06-05 15:57:57 [INFO] 分割成功
2026-06-05 15:57:57 [INFO] 引擎上下文已释放
2026-06-05 15:57:57 [INFO] TensorRT 引擎已释放
2026-06-05 15:57:57 [INFO] 全局 CUDA 资源已释放
2026-06-05 15:57:57 [INFO] 分割系统资源已释放
2026-06-05 15:58:00 [INFO] CUDA 初始化成功
2026-06-05 15:58:00 [INFO] 引擎加载成功: scrap_steel.engine
2026-06-05 15:58:00 [INFO] 分割系统初始化成功
2026-06-05 15:58:00 [INFO] 图像预处理完成，原始尺寸: (2160, 3840)
2026-06-05 15:58:00 [INFO] 开始执行分割...
2026-06-05 15:58:00 [DEBUG] 处理后的检测结果形状: (1, 8400, 6)
2026-06-05 15:58:00 [DEBUG] 示例检测结果: [[-4.18301773e+00 -3.20324421e+00  3.91360588e+01  1.48394556e+01
   3.54253302e-08  5.00000000e+00]
 [-6.74760056e+00 -3.00165558e+00  4.48370094e+01  2.88247986e+01
   8.60057625e-09  9.00000000e+00]
 [-3.65899658e+00 -3.40530968e+00  4.59822617e+01  2.97077961e+01
   4.00403621e-09  9.00000000e+00]]
2026-06-05 15:58:00 [DEBUG] 处理后检测输出形状: (0, 52)
2026-06-05 15:58:00 [DEBUG] 有效检测数量: 0
2026-06-05 15:58:00 [DEBUG] 检测输出为空
2026-06-05 15:58:00 [INFO] 掩码中检测到的类别: [0, 1, 2, 3, 4, 5, 6, 7, 8, 9, 10, 11, 12, 13, 14, 15]
2026-06-05 15:58:00 [INFO] 分割完成，检测到 0 个物体
2026-06-05 15:58:00 [INFO] 从分割掩码中提取检测结果
2026-06-05 15:58:01 [INFO] 从掩码中提取了 577 个检测框
2026-06-05 15:58:01 [INFO] 计算出的车框矩形边界: (1095, 663) to (3278, 1641)
2026-06-05 15:58:01 [INFO] 原始检测数: 577, 过滤后检测数: 253
2026-06-05 15:58:01 [INFO] 保存分割和检测结果到: C:\code\show\Scrap_Steel_In_Field\photos\segmentation\segment_20260605_155801.jpg
2026-06-05 15:58:01 [INFO] JSON结果保存到: C:\code\show\Scrap_Steel_In_Field\photos\segmentation_result.json
2026-06-05 15:58:01 [INFO] 类别统计：{0: 66, 1: 50, 2: 29, 3: 9, 4: 45, 5: 37, 6: 36, 7: 38, 8: 57, 9: 57, 10: 30, 11: 16, 12: 26, 13: 53, 14: 0, 15: 28}
2026-06-05 15:58:01 [INFO] 面积统计：{0: 3037608.0, 1: 792936.0, 2: 46044.0, 3: 157428.0, 4: 154764.0, 5: 102600.0, 6: 541908.0, 7: 52704.0, 8: 1016676.0, 9: 346464.0, 10: 168012.0, 11: 384120.0, 12: 57564.0, 13: 650808.0, 14: 180.0, 15: 80064.0}
2026-06-05 15:58:01 [INFO] 分割成功
2026-06-05 15:58:01 [INFO] 引擎上下文已释放
2026-06-05 15:58:01 [INFO] TensorRT 引擎已释放
2026-06-05 15:58:01 [INFO] 全局 CUDA 资源已释放
2026-06-05 15:58:01 [INFO] 分割系统资源已释放
2026-06-05 15:58:05 [INFO] CUDA 初始化成功
2026-06-05 15:58:05 [INFO] 引擎加载成功: scrap_steel.engine
2026-06-05 15:58:05 [INFO] 分割系统初始化成功
2026-06-05 15:58:05 [INFO] 图像预处理完成，原始尺寸: (2160, 3840)
2026-06-05 15:58:05 [INFO] 开始执行分割...
2026-06-05 15:58:05 [DEBUG] 处理后的检测结果形状: (1, 8400, 6)
2026-06-05 15:58:05 [DEBUG] 示例检测结果: [[-4.17829514e+00 -3.20296335e+00  3.91805458e+01  1.48580570e+01
   3.56970844e-08  5.00000000e+00]
 [-6.73679352e+00 -3.01180840e+00  4.48450089e+01  2.89067211e+01
   8.46673132e-09  9.00000000e+00]
 [-3.66118622e+00 -3.37748718e+00  4.59980469e+01  2.97346649e+01
   4.05236911e-09  9.00000000e+00]]
2026-06-05 15:58:05 [DEBUG] 处理后检测输出形状: (0, 52)
2026-06-05 15:58:05 [DEBUG] 有效检测数量: 0
2026-06-05 15:58:05 [DEBUG] 检测输出为空
2026-06-05 15:58:05 [INFO] 掩码中检测到的类别: [0, 1, 2, 3, 4, 5, 6, 7, 8, 9, 10, 11, 12, 13, 14, 15]
2026-06-05 15:58:05 [INFO] 分割完成，检测到 0 个物体
2026-06-05 15:58:05 [INFO] 从分割掩码中提取检测结果
2026-06-05 15:58:06 [INFO] 从掩码中提取了 547 个检测框
2026-06-05 15:58:06 [INFO] 计算出的车框矩形边界: (1095, 661) to (3278, 1641)
2026-06-05 15:58:06 [INFO] 原始检测数: 547, 过滤后检测数: 240
2026-06-05 15:58:06 [INFO] 保存分割和检测结果到: C:\code\show\Scrap_Steel_In_Field\photos\segmentation\segment_20260605_155806.jpg
2026-06-05 15:58:06 [INFO] JSON结果保存到: C:\code\show\Scrap_Steel_In_Field\photos\segmentation_result.json
2026-06-05 15:58:06 [INFO] 类别统计：{0: 61, 1: 47, 2: 25, 3: 10, 4: 43, 5: 34, 6: 43, 7: 32, 8: 57, 9: 52, 10: 29, 11: 16, 12: 21, 13: 48, 14: 0, 15: 29}
2026-06-05 15:58:06 [INFO] 面积统计：{0: 3089988.0, 1: 806472.0, 2: 55224.0, 3: 161208.0, 4: 159588.0, 5: 106308.0, 6: 536868.0, 7: 56772.0, 8: 1018476.0, 9: 335196.0, 10: 168588.0, 11: 371376.0, 12: 50364.0, 13: 651204.0, 14: 108.0, 15: 92016.0}
2026-06-05 15:58:06 [INFO] 分割成功
2026-06-05 15:58:06 [INFO] 引擎上下文已释放
2026-06-05 15:58:06 [INFO] TensorRT 引擎已释放
2026-06-05 15:58:06 [INFO] 全局 CUDA 资源已释放
2026-06-05 15:58:06 [INFO] 分割系统资源已释放
2026-06-05 15:58:10 [INFO] CUDA 初始化成功
2026-06-05 15:58:10 [INFO] 引擎加载成功: scrap_steel.engine
2026-06-05 15:58:10 [INFO] 分割系统初始化成功
2026-06-05 15:58:11 [INFO] 图像预处理完成，原始尺寸: (2160, 3840)
2026-06-05 15:58:11 [INFO] 开始执行分割...
2026-06-05 15:58:11 [DEBUG] 处理后的检测结果形状: (1, 8400, 6)
2026-06-05 15:58:11 [DEBUG] 示例检测结果: [[-4.15935898e+00 -3.17881250e+00  3.89417992e+01  1.47162075e+01
   3.65349955e-08  5.00000000e+00]
 [-6.75106812e+00 -3.01265717e+00  4.46930161e+01  2.86953697e+01
   8.72347794e-09  9.00000000e+00]
 [-3.70291138e+00 -3.40632439e+00  4.59501038e+01  2.96301250e+01
   4.01942302e-09  9.00000000e+00]]
2026-06-05 15:58:11 [DEBUG] 处理后检测输出形状: (0, 52)
2026-06-05 15:58:11 [DEBUG] 有效检测数量: 0
2026-06-05 15:58:11 [DEBUG] 检测输出为空
2026-06-05 15:58:11 [INFO] 掩码中检测到的类别: [0, 1, 2, 3, 4, 5, 6, 7, 8, 9, 10, 11, 12, 13, 14, 15]
2026-06-05 15:58:11 [INFO] 分割完成，检测到 0 个物体
2026-06-05 15:58:11 [INFO] 从分割掩码中提取检测结果
2026-06-05 15:58:12 [INFO] 从掩码中提取了 556 个检测框
2026-06-05 15:58:12 [INFO] 计算出的车框矩形边界: (1097, 659) to (3278, 1641)
2026-06-05 15:58:12 [INFO] 原始检测数: 556, 过滤后检测数: 257
2026-06-05 15:58:12 [INFO] 保存分割和检测结果到: C:\code\show\Scrap_Steel_In_Field\photos\segmentation\segment_20260605_155812.jpg
2026-06-05 15:58:12 [INFO] JSON结果保存到: C:\code\show\Scrap_Steel_In_Field\photos\segmentation_result.json
2026-06-05 15:58:12 [INFO] 类别统计：{0: 53, 1: 45, 2: 26, 3: 8, 4: 40, 5: 41, 6: 36, 7: 44, 8: 59, 9: 55, 10: 35, 11: 15, 12: 22, 13: 51, 14: 0, 15: 26}
2026-06-05 15:58:12 [INFO] 面积统计：{0: 3164544.0, 1: 794556.0, 2: 48636.0, 3: 157464.0, 4: 153252.0, 5: 107928.0, 6: 558360.0, 7: 53460.0, 8: 966276.0, 9: 341208.0, 10: 168372.0, 11: 386388.0, 12: 58032.0, 13: 661752.0, 14: 180.0, 15: 98316.0}
2026-06-05 15:58:12 [INFO] 分割成功
2026-06-05 15:58:12 [INFO] 引擎上下文已释放
2026-06-05 15:58:12 [INFO] TensorRT 引擎已释放
2026-06-05 15:58:12 [INFO] 全局 CUDA 资源已释放
2026-06-05 15:58:12 [INFO] 分割系统资源已释放
2026-06-05 15:58:16 [INFO] CUDA 初始化成功
2026-06-05 15:58:16 [INFO] 引擎加载成功: scrap_steel.engine
2026-06-05 15:58:16 [INFO] 分割系统初始化成功
2026-06-05 15:58:16 [INFO] 图像预处理完成，原始尺寸: (2160, 3840)
2026-06-05 15:58:16 [INFO] 开始执行分割...
2026-06-05 15:58:16 [DEBUG] 处理后的检测结果形状: (1, 8400, 6)
2026-06-05 15:58:16 [DEBUG] 示例检测结果: [[-4.12052155e+00 -3.13920164e+00  3.91046371e+01  1.46058464e+01
   3.59688421e-08  5.00000000e+00]
 [-6.68776703e+00 -2.96481323e+00  4.47609253e+01  2.86322556e+01
   8.59337046e-09  9.00000000e+00]
 [-3.67387390e+00 -3.36185360e+00  4.59578667e+01  2.96323128e+01
   3.94227229e-09  9.00000000e+00]]
2026-06-05 15:58:16 [DEBUG] 处理后检测输出形状: (0, 52)
2026-06-05 15:58:16 [DEBUG] 有效检测数量: 0
2026-06-05 15:58:16 [DEBUG] 检测输出为空
2026-06-05 15:58:16 [INFO] 掩码中检测到的类别: [0, 1, 2, 3, 4, 5, 6, 7, 8, 9, 10, 11, 12, 13, 14, 15]
2026-06-05 15:58:16 [INFO] 分割完成，检测到 0 个物体
2026-06-05 15:58:16 [INFO] 从分割掩码中提取检测结果
2026-06-05 15:58:16 [INFO] 从掩码中提取了 561 个检测框
2026-06-05 15:58:16 [INFO] 计算出的车框矩形边界: (1094, 660) to (3276, 1641)
2026-06-05 15:58:16 [INFO] 原始检测数: 561, 过滤后检测数: 254
2026-06-05 15:58:17 [INFO] 保存分割和检测结果到: C:\code\show\Scrap_Steel_In_Field\photos\segmentation\segment_20260605_155816.jpg
2026-06-05 15:58:17 [INFO] JSON结果保存到: C:\code\show\Scrap_Steel_In_Field\photos\segmentation_result.json
2026-06-05 15:58:17 [INFO] 类别统计：{0: 59, 1: 45, 2: 30, 3: 9, 4: 42, 5: 36, 6: 32, 7: 37, 8: 55, 9: 68, 10: 36, 11: 13, 12: 22, 13: 51, 14: 0, 15: 26}
2026-06-05 15:58:17 [INFO] 面积统计：{0: 2998908.0, 1: 793152.0, 2: 54108.0, 3: 161640.0, 4: 159588.0, 5: 101340.0, 6: 502488.0, 7: 63180.0, 8: 1013760.0, 9: 349416.0, 10: 172980.0, 11: 368280.0, 12: 64908.0, 13: 649440.0, 14: 144.0, 15: 83412.0}
2026-06-05 15:58:17 [INFO] 分割成功
2026-06-05 15:58:17 [INFO] 引擎上下文已释放
2026-06-05 15:58:17 [INFO] TensorRT 引擎已释放
2026-06-05 15:58:17 [INFO] 全局 CUDA 资源已释放
2026-06-05 15:58:17 [INFO] 分割系统资源已释放
2026-06-05 15:58:21 [INFO] CUDA 初始化成功
2026-06-05 15:58:21 [INFO] 引擎加载成功: scrap_steel.engine
2026-06-05 15:58:21 [INFO] 分割系统初始化成功
2026-06-05 15:58:21 [INFO] 图像预处理完成，原始尺寸: (2160, 3840)
2026-06-05 15:58:21 [INFO] 开始执行分割...
2026-06-05 15:58:21 [DEBUG] 处理后的检测结果形状: (1, 8400, 6)
2026-06-05 15:58:21 [DEBUG] 示例检测结果: [[-4.20290375e+00 -3.17160177e+00  3.89373779e+01  1.46582623e+01
   3.46294726e-08  5.00000000e+00]
 [-6.76057816e+00 -3.01348114e+00  4.45755119e+01  2.85450039e+01
   8.35750669e-09  9.00000000e+00]
 [-3.65822601e+00 -3.38307571e+00  4.58830490e+01  2.94529953e+01
   3.90411170e-09  9.00000000e+00]]
2026-06-05 15:58:21 [DEBUG] 处理后检测输出形状: (0, 52)
2026-06-05 15:58:21 [DEBUG] 有效检测数量: 0
2026-06-05 15:58:21 [DEBUG] 检测输出为空
2026-06-05 15:58:21 [INFO] 掩码中检测到的类别: [0, 1, 2, 3, 4, 5, 6, 7, 8, 9, 10, 11, 12, 13, 14, 15]
2026-06-05 15:58:21 [INFO] 分割完成，检测到 0 个物体
2026-06-05 15:58:21 [INFO] 从分割掩码中提取检测结果
2026-06-05 15:58:21 [INFO] 从掩码中提取了 578 个检测框
2026-06-05 15:58:21 [INFO] 计算出的车框矩形边界: (1095, 660) to (3277, 1641)
2026-06-05 15:58:21 [INFO] 原始检测数: 578, 过滤后检测数: 250
2026-06-05 15:58:22 [INFO] 保存分割和检测结果到: C:\code\show\Scrap_Steel_In_Field\photos\segmentation\segment_20260605_155821.jpg
2026-06-05 15:58:22 [INFO] JSON结果保存到: C:\code\show\Scrap_Steel_In_Field\photos\segmentation_result.json
2026-06-05 15:58:22 [INFO] 类别统计：{0: 58, 1: 47, 2: 28, 3: 9, 4: 44, 5: 39, 6: 32, 7: 43, 8: 66, 9: 61, 10: 30, 11: 21, 12: 17, 13: 54, 14: 0, 15: 29}
2026-06-05 15:58:22 [INFO] 面积统计：{0: 3012156.0, 1: 772668.0, 2: 59400.0, 3: 153072.0, 4: 155016.0, 5: 110808.0, 6: 546552.0, 7: 60336.0, 8: 1034064.0, 9: 339876.0, 10: 170460.0, 11: 375660.0, 12: 57024.0, 13: 643896.0, 14: 216.0, 15: 67752.0}
2026-06-05 15:58:22 [INFO] 分割成功
2026-06-05 15:58:22 [INFO] 引擎上下文已释放
2026-06-05 15:58:22 [INFO] TensorRT 引擎已释放
2026-06-05 15:58:22 [INFO] 全局 CUDA 资源已释放
2026-06-05 15:58:22 [INFO] 分割系统资源已释放
2026-06-05 15:58:26 [INFO] CUDA 初始化成功
2026-06-05 15:58:26 [INFO] 引擎加载成功: scrap_steel.engine
2026-06-05 15:58:26 [INFO] 分割系统初始化成功
2026-06-05 15:58:27 [INFO] 图像预处理完成，原始尺寸: (2160, 3840)
2026-06-05 15:58:27 [INFO] 开始执行分割...
2026-06-05 15:58:27 [DEBUG] 处理后的检测结果形状: (1, 8400, 6)
2026-06-05 15:58:27 [DEBUG] 示例检测结果: [[-4.18483353e+00 -3.18375206e+00  3.90398903e+01  1.47743168e+01
   3.56970844e-08  5.00000000e+00]
 [-6.75865555e+00 -3.03886223e+00  4.47365761e+01  2.87939987e+01
   8.72347794e-09  9.00000000e+00]
 [-3.66775513e+00 -3.43348598e+00  4.59128265e+01  2.96251678e+01
   4.01942302e-09  9.00000000e+00]]
2026-06-05 15:58:27 [DEBUG] 处理后检测输出形状: (0, 52)
2026-06-05 15:58:27 [DEBUG] 有效检测数量: 0
2026-06-05 15:58:27 [DEBUG] 检测输出为空
2026-06-05 15:58:27 [INFO] 掩码中检测到的类别: [0, 1, 2, 3, 4, 5, 6, 7, 8, 9, 10, 11, 12, 13, 14, 15]
2026-06-05 15:58:27 [INFO] 分割完成，检测到 0 个物体
2026-06-05 15:58:27 [INFO] 从分割掩码中提取检测结果
2026-06-05 15:58:27 [INFO] 从掩码中提取了 577 个检测框
2026-06-05 15:58:27 [INFO] 计算出的车框矩形边界: (1095, 664) to (3277, 1641)
2026-06-05 15:58:27 [INFO] 原始检测数: 577, 过滤后检测数: 267
2026-06-05 15:58:28 [INFO] 保存分割和检测结果到: C:\code\show\Scrap_Steel_In_Field\photos\segmentation\segment_20260605_155827.jpg
2026-06-05 15:58:28 [INFO] JSON结果保存到: C:\code\show\Scrap_Steel_In_Field\photos\segmentation_result.json
2026-06-05 15:58:28 [INFO] 类别统计：{0: 66, 1: 50, 2: 27, 3: 9, 4: 40, 5: 37, 6: 35, 7: 39, 8: 53, 9: 67, 10: 37, 11: 15, 12: 25, 13: 50, 14: 0, 15: 27}
2026-06-05 15:58:28 [INFO] 面积统计：{0: 3149640.0, 1: 803412.0, 2: 50544.0, 3: 151380.0, 4: 157824.0, 5: 103536.0, 6: 559944.0, 7: 57312.0, 8: 1014984.0, 9: 346032.0, 10: 167724.0, 11: 365292.0, 12: 62064.0, 13: 636624.0, 14: 180.0, 15: 94608.0}
2026-06-05 15:58:28 [INFO] 分割成功
2026-06-05 15:58:28 [INFO] 引擎上下文已释放
2026-06-05 15:58:28 [INFO] TensorRT 引擎已释放
2026-06-05 15:58:28 [INFO] 全局 CUDA 资源已释放
2026-06-05 15:58:28 [INFO] 分割系统资源已释放
2026-06-05 15:58:31 [INFO] CUDA 初始化成功
2026-06-05 15:58:31 [INFO] 引擎加载成功: scrap_steel.engine
2026-06-05 15:58:31 [INFO] 分割系统初始化成功
2026-06-05 15:58:31 [INFO] 图像预处理完成，原始尺寸: (2160, 3840)
2026-06-05 15:58:31 [INFO] 开始执行分割...
2026-06-05 15:58:31 [DEBUG] 处理后的检测结果形状: (1, 8400, 6)
2026-06-05 15:58:31 [DEBUG] 示例检测结果: [[-4.20499802e+00 -3.20550060e+00  3.90272102e+01  1.48111963e+01
   3.54302330e-08  5.00000000e+00]
 [-6.79201889e+00 -3.02247620e+00  4.46245079e+01  2.86779976e+01
   8.52706705e-09  9.00000000e+00]
 [-3.67604446e+00 -3.40654373e+00  4.58952675e+01  2.94806595e+01
   3.92304855e-09  9.00000000e+00]]
2026-06-05 15:58:31 [DEBUG] 处理后检测输出形状: (0, 52)
2026-06-05 15:58:31 [DEBUG] 有效检测数量: 0
2026-06-05 15:58:31 [DEBUG] 检测输出为空
2026-06-05 15:58:31 [INFO] 掩码中检测到的类别: [0, 1, 2, 3, 4, 5, 6, 7, 8, 9, 10, 11, 12, 13, 14, 15]
2026-06-05 15:58:31 [INFO] 分割完成，检测到 0 个物体
2026-06-05 15:58:31 [INFO] 从分割掩码中提取检测结果
2026-06-05 15:58:32 [INFO] 从掩码中提取了 556 个检测框
2026-06-05 15:58:32 [INFO] 计算出的车框矩形边界: (1097, 658) to (3277, 1641)
2026-06-05 15:58:32 [INFO] 原始检测数: 556, 过滤后检测数: 250
2026-06-05 15:58:32 [INFO] 保存分割和检测结果到: C:\code\show\Scrap_Steel_In_Field\photos\segmentation\segment_20260605_155832.jpg
2026-06-05 15:58:32 [INFO] JSON结果保存到: C:\code\show\Scrap_Steel_In_Field\photos\segmentation_result.json
2026-06-05 15:58:32 [INFO] 类别统计：{0: 55, 1: 52, 2: 24, 3: 12, 4: 36, 5: 39, 6: 36, 7: 41, 8: 63, 9: 58, 10: 30, 11: 13, 12: 22, 13: 49, 14: 0, 15: 26}
2026-06-05 15:58:32 [INFO] 面积统计：{0: 3024540.0, 1: 813852.0, 2: 59040.0, 3: 149076.0, 4: 147672.0, 5: 101916.0, 6: 544392.0, 7: 53568.0, 8: 1019952.0, 9: 355284.0, 10: 161676.0, 11: 377928.0, 12: 61416.0, 13: 649368.0, 14: 216.0, 15: 66096.0}
2026-06-05 15:58:32 [INFO] 分割成功
2026-06-05 15:58:32 [INFO] 引擎上下文已释放
2026-06-05 15:58:32 [INFO] TensorRT 引擎已释放
2026-06-05 15:58:32 [INFO] 全局 CUDA 资源已释放
2026-06-05 15:58:32 [INFO] 分割系统资源已释放
2026-06-05 15:58:36 [INFO] CUDA 初始化成功
2026-06-05 15:58:36 [INFO] 引擎加载成功: scrap_steel.engine
2026-06-05 15:58:36 [INFO] 分割系统初始化成功
2026-06-05 15:58:36 [INFO] 图像预处理完成，原始尺寸: (2160, 3840)
2026-06-05 15:58:36 [INFO] 开始执行分割...
2026-06-05 15:58:36 [DEBUG] 处理后的检测结果形状: (1, 8400, 6)
2026-06-05 15:58:36 [DEBUG] 示例检测结果: [[-4.15464783e+00 -3.20482731e+00  3.90442886e+01  1.48087893e+01
   3.59780223e-08  5.00000000e+00]
 [-6.76687241e+00 -3.04816818e+00  4.46628532e+01  2.87372742e+01
   8.52706705e-09  9.00000000e+00]
 [-3.66791916e+00 -3.44685936e+00  4.59002342e+01  2.96207066e+01
   3.98647693e-09  9.00000000e+00]]
2026-06-05 15:58:36 [DEBUG] 处理后检测输出形状: (0, 52)
2026-06-05 15:58:36 [DEBUG] 有效检测数量: 0
2026-06-05 15:58:36 [DEBUG] 检测输出为空
2026-06-05 15:58:36 [INFO] 掩码中检测到的类别: [0, 1, 2, 3, 4, 5, 6, 7, 8, 9, 10, 11, 12, 13, 14, 15]
2026-06-05 15:58:36 [INFO] 分割完成，检测到 0 个物体
2026-06-05 15:58:36 [INFO] 从分割掩码中提取检测结果
2026-06-05 15:58:37 [INFO] 从掩码中提取了 550 个检测框
2026-06-05 15:58:37 [INFO] 计算出的车框矩形边界: (1098, 662) to (3278, 1641)
2026-06-05 15:58:37 [INFO] 原始检测数: 550, 过滤后检测数: 246
2026-06-05 15:58:37 [INFO] 保存分割和检测结果到: C:\code\show\Scrap_Steel_In_Field\photos\segmentation\segment_20260605_155837.jpg
2026-06-05 15:58:37 [INFO] JSON结果保存到: C:\code\show\Scrap_Steel_In_Field\photos\segmentation_result.json
2026-06-05 15:58:37 [INFO] 类别统计：{0: 53, 1: 54, 2: 23, 3: 12, 4: 43, 5: 36, 6: 35, 7: 36, 8: 55, 9: 54, 10: 33, 11: 17, 12: 20, 13: 56, 14: 0, 15: 23}
2026-06-05 15:58:37 [INFO] 面积统计：{0: 3016044.0, 1: 796428.0, 2: 48672.0, 3: 158004.0, 4: 173232.0, 5: 102744.0, 6: 543132.0, 7: 49104.0, 8: 1010844.0, 9: 349848.0, 10: 166068.0, 11: 389988.0, 12: 54108.0, 13: 651744.0, 14: 108.0, 15: 66600.0}
2026-06-05 15:58:37 [INFO] 分割成功
2026-06-05 15:58:37 [INFO] 引擎上下文已释放
2026-06-05 15:58:37 [INFO] TensorRT 引擎已释放
2026-06-05 15:58:37 [INFO] 全局 CUDA 资源已释放
2026-06-05 15:58:37 [INFO] 分割系统资源已释放
2026-06-05 15:58:42 [INFO] CUDA 初始化成功
2026-06-05 15:58:42 [INFO] 引擎加载成功: scrap_steel.engine
2026-06-05 15:58:42 [INFO] 分割系统初始化成功
2026-06-05 15:58:42 [INFO] 图像预处理完成，原始尺寸: (2160, 3840)
2026-06-05 15:58:42 [INFO] 开始执行分割...
2026-06-05 15:58:42 [DEBUG] 处理后的检测结果形状: (1, 8400, 6)
2026-06-05 15:58:42 [DEBUG] 示例检测结果: [[-4.15192413e+00 -3.18008232e+00  3.89504547e+01  1.46691265e+01
   3.52875489e-08  5.00000000e+00]
 [-6.72632980e+00 -3.01501083e+00  4.47637291e+01  2.86448593e+01
   8.40560421e-09  9.00000000e+00]
 [-3.66274261e+00 -3.42134571e+00  4.59486809e+01  2.96277809e+01
   3.90670252e-09  9.00000000e+00]]
2026-06-05 15:58:42 [DEBUG] 处理后检测输出形状: (0, 52)
2026-06-05 15:58:42 [DEBUG] 有效检测数量: 0
2026-06-05 15:58:42 [DEBUG] 检测输出为空
2026-06-05 15:58:42 [INFO] 掩码中检测到的类别: [0, 1, 2, 3, 4, 5, 6, 7, 8, 9, 10, 11, 12, 13, 14, 15]
2026-06-05 15:58:42 [INFO] 分割完成，检测到 0 个物体
2026-06-05 15:58:42 [INFO] 从分割掩码中提取检测结果
2026-06-05 15:58:42 [INFO] 从掩码中提取了 537 个检测框
2026-06-05 15:58:42 [INFO] 计算出的车框矩形边界: (1095, 659) to (3278, 1640)
2026-06-05 15:58:42 [INFO] 原始检测数: 537, 过滤后检测数: 248
2026-06-05 15:58:43 [INFO] 保存分割和检测结果到: C:\code\show\Scrap_Steel_In_Field\photos\segmentation\segment_20260605_155842.jpg
2026-06-05 15:58:43 [INFO] JSON结果保存到: C:\code\show\Scrap_Steel_In_Field\photos\segmentation_result.json
2026-06-05 15:58:43 [INFO] 类别统计：{0: 55, 1: 47, 2: 28, 3: 11, 4: 32, 5: 33, 6: 34, 7: 36, 8: 52, 9: 55, 10: 34, 11: 18, 12: 23, 13: 47, 14: 0, 15: 32}
2026-06-05 15:58:43 [INFO] 面积统计：{0: 3111840.0, 1: 789516.0, 2: 51372.0, 3: 158580.0, 4: 151740.0, 5: 106200.0, 6: 528768.0, 7: 55296.0, 8: 1001520.0, 9: 355356.0, 10: 165924.0, 11: 369972.0, 12: 54864.0, 13: 645804.0, 14: 144.0, 15: 82044.0}
2026-06-05 15:58:43 [INFO] 分割成功
2026-06-05 15:58:43 [INFO] 引擎上下文已释放
2026-06-05 15:58:43 [INFO] TensorRT 引擎已释放
2026-06-05 15:58:43 [INFO] 全局 CUDA 资源已释放
2026-06-05 15:58:43 [INFO] 分割系统资源已释放
2026-06-05 15:58:46 [INFO] CUDA 初始化成功
2026-06-05 15:58:46 [INFO] 引擎加载成功: scrap_steel.engine
2026-06-05 15:58:46 [INFO] 分割系统初始化成功
2026-06-05 15:58:46 [INFO] 图像预处理完成，原始尺寸: (2160, 3840)
2026-06-05 15:58:46 [INFO] 开始执行分割...
2026-06-05 15:58:46 [DEBUG] 处理后的检测结果形状: (1, 8400, 6)
2026-06-05 15:58:46 [DEBUG] 示例检测结果: [[-4.18188477e+00 -3.18802166e+00  3.91873970e+01  1.46882849e+01
   3.56970844e-08  5.00000000e+00]
 [-6.74039841e+00 -3.03788757e+00  4.47851906e+01  2.88211880e+01
   8.58793836e-09  9.00000000e+00]
 [-3.63166428e+00 -3.40711880e+00  4.59214706e+01  2.96595306e+01
   3.95574062e-09  9.00000000e+00]]
2026-06-05 15:58:46 [DEBUG] 处理后检测输出形状: (0, 52)
2026-06-05 15:58:46 [DEBUG] 有效检测数量: 0
2026-06-05 15:58:46 [DEBUG] 检测输出为空
2026-06-05 15:58:46 [INFO] 掩码中检测到的类别: [0, 1, 2, 3, 4, 5, 6, 7, 8, 9, 10, 11, 12, 13, 14, 15]
2026-06-05 15:58:47 [INFO] 分割完成，检测到 0 个物体
2026-06-05 15:58:47 [INFO] 从分割掩码中提取检测结果
2026-06-05 15:58:47 [INFO] 从掩码中提取了 549 个检测框
2026-06-05 15:58:47 [INFO] 计算出的车框矩形边界: (1095, 660) to (3278, 1641)
2026-06-05 15:58:47 [INFO] 原始检测数: 549, 过滤后检测数: 247
2026-06-05 15:58:47 [INFO] 保存分割和检测结果到: C:\code\show\Scrap_Steel_In_Field\photos\segmentation\segment_20260605_155847.jpg
2026-06-05 15:58:47 [INFO] JSON结果保存到: C:\code\show\Scrap_Steel_In_Field\photos\segmentation_result.json
2026-06-05 15:58:47 [INFO] 类别统计：{0: 57, 1: 50, 2: 24, 3: 11, 4: 45, 5: 29, 6: 32, 7: 40, 8: 57, 9: 55, 10: 37, 11: 18, 12: 23, 13: 45, 14: 0, 15: 26}
2026-06-05 15:58:47 [INFO] 面积统计：{0: 3095748.0, 1: 772524.0, 2: 54792.0, 3: 151452.0, 4: 155448.0, 5: 98856.0, 6: 558252.0, 7: 60444.0, 8: 1032012.0, 9: 339228.0, 10: 163296.0, 11: 373896.0, 12: 65052.0, 13: 647820.0, 14: 216.0, 15: 81972.0}
2026-06-05 15:58:47 [INFO] 分割成功
2026-06-05 15:58:47 [INFO] 引擎上下文已释放
2026-06-05 15:58:47 [INFO] TensorRT 引擎已释放
2026-06-05 15:58:47 [INFO] 全局 CUDA 资源已释放
2026-06-05 15:58:47 [INFO] 分割系统资源已释放
2026-06-05 15:58:51 [INFO] CUDA 初始化成功
2026-06-05 15:58:51 [INFO] 引擎加载成功: scrap_steel.engine
2026-06-05 15:58:51 [INFO] 分割系统初始化成功
2026-06-05 15:58:52 [INFO] 图像预处理完成，原始尺寸: (2160, 3840)
2026-06-05 15:58:52 [INFO] 开始执行分割...
2026-06-05 15:58:52 [DEBUG] 处理后的检测结果形状: (1, 8400, 6)
2026-06-05 15:58:52 [DEBUG] 示例检测结果: [[-4.17086029e+00 -3.16913795e+00  3.88673286e+01  1.46274319e+01
   3.51535725e-08  5.00000000e+00]
 [-6.71577454e+00 -3.01477432e+00  4.46691513e+01  2.86218109e+01
   8.46418136e-09  9.00000000e+00]
 [-3.64522552e+00 -3.39784718e+00  4.58976669e+01  2.94776154e+01
   3.95297839e-09  9.00000000e+00]]
2026-06-05 15:58:52 [DEBUG] 处理后检测输出形状: (0, 52)
2026-06-05 15:58:52 [DEBUG] 有效检测数量: 0
2026-06-05 15:58:52 [DEBUG] 检测输出为空
2026-06-05 15:58:52 [INFO] 掩码中检测到的类别: [0, 1, 2, 3, 4, 5, 6, 7, 8, 9, 10, 11, 12, 13, 14, 15]
2026-06-05 15:58:52 [INFO] 分割完成，检测到 0 个物体
2026-06-05 15:58:52 [INFO] 从分割掩码中提取检测结果
2026-06-05 15:58:52 [INFO] 从掩码中提取了 596 个检测框
2026-06-05 15:58:52 [INFO] 计算出的车框矩形边界: (1094, 658) to (3277, 1640)
2026-06-05 15:58:52 [INFO] 原始检测数: 596, 过滤后检测数: 258
2026-06-05 15:58:52 [INFO] 保存分割和检测结果到: C:\code\show\Scrap_Steel_In_Field\photos\segmentation\segment_20260605_155852.jpg
2026-06-05 15:58:52 [INFO] JSON结果保存到: C:\code\show\Scrap_Steel_In_Field\photos\segmentation_result.json
2026-06-05 15:58:52 [INFO] 类别统计：{0: 64, 1: 48, 2: 31, 3: 9, 4: 43, 5: 42, 6: 37, 7: 38, 8: 61, 9: 71, 10: 32, 11: 18, 12: 24, 13: 52, 14: 0, 15: 26}
2026-06-05 15:58:52 [INFO] 面积统计：{0: 3155184.0, 1: 808812.0, 2: 55728.0, 3: 158184.0, 4: 159480.0, 5: 107064.0, 6: 538992.0, 7: 57924.0, 8: 1031436.0, 9: 329724.0, 10: 164484.0, 11: 369324.0, 12: 48636.0, 13: 665748.0, 14: 288.0, 15: 71676.0}
2026-06-05 15:58:53 [INFO] 分割成功
2026-06-05 15:58:53 [INFO] 引擎上下文已释放
2026-06-05 15:58:53 [INFO] TensorRT 引擎已释放
2026-06-05 15:58:53 [INFO] 全局 CUDA 资源已释放
2026-06-05 15:58:53 [INFO] 分割系统资源已释放
2026-06-05 15:58:57 [INFO] CUDA 初始化成功
2026-06-05 15:58:57 [INFO] 引擎加载成功: scrap_steel.engine
2026-06-05 15:58:57 [INFO] 分割系统初始化成功
2026-06-05 15:58:57 [INFO] 图像预处理完成，原始尺寸: (2160, 3840)
2026-06-05 15:58:57 [INFO] 开始执行分割...
2026-06-05 15:58:57 [DEBUG] 处理后的检测结果形状: (1, 8400, 6)
2026-06-05 15:58:57 [DEBUG] 示例检测结果: [[-4.18140793e+00 -3.20384979e+00  3.90895348e+01  1.48810291e+01
   3.55647281e-08  5.00000000e+00]
 [-6.75247574e+00 -3.04883766e+00  4.46374016e+01  2.87978439e+01
   8.59382965e-09  9.00000000e+00]
 [-3.65797424e+00 -3.44853592e+00  4.59074173e+01  2.95836639e+01
   3.93839628e-09  9.00000000e+00]]
2026-06-05 15:58:57 [DEBUG] 处理后检测输出形状: (0, 52)
2026-06-05 15:58:57 [DEBUG] 有效检测数量: 0
2026-06-05 15:58:57 [DEBUG] 检测输出为空
2026-06-05 15:58:57 [INFO] 掩码中检测到的类别: [0, 1, 2, 3, 4, 5, 6, 7, 8, 9, 10, 11, 12, 13, 14, 15]
2026-06-05 15:58:57 [INFO] 分割完成，检测到 0 个物体
2026-06-05 15:58:57 [INFO] 从分割掩码中提取检测结果
2026-06-05 15:58:57 [INFO] 从掩码中提取了 560 个检测框
2026-06-05 15:58:57 [INFO] 计算出的车框矩形边界: (1095, 660) to (3278, 1641)
2026-06-05 15:58:57 [INFO] 原始检测数: 560, 过滤后检测数: 243
2026-06-05 15:58:58 [INFO] 保存分割和检测结果到: C:\code\show\Scrap_Steel_In_Field\photos\segmentation\segment_20260605_155857.jpg
2026-06-05 15:58:58 [INFO] JSON结果保存到: C:\code\show\Scrap_Steel_In_Field\photos\segmentation_result.json
2026-06-05 15:58:58 [INFO] 类别统计：{0: 54, 1: 48, 2: 33, 3: 8, 4: 46, 5: 35, 6: 32, 7: 36, 8: 67, 9: 55, 10: 35, 11: 21, 12: 19, 13: 48, 14: 0, 15: 23}
2026-06-05 15:58:58 [INFO] 面积统计：{0: 3127824.0, 1: 788472.0, 2: 51444.0, 3: 158400.0, 4: 152568.0, 5: 106416.0, 6: 547344.0, 7: 52668.0, 8: 1008504.0, 9: 363492.0, 10: 162720.0, 11: 363528.0, 12: 52884.0, 13: 663012.0, 14: 36.0, 15: 68652.0}
2026-06-05 15:58:58 [INFO] 分割成功
2026-06-05 15:58:58 [INFO] 引擎上下文已释放
2026-06-05 15:58:58 [INFO] TensorRT 引擎已释放
2026-06-05 15:58:58 [INFO] 全局 CUDA 资源已释放
2026-06-05 15:58:58 [INFO] 分割系统资源已释放
2026-06-05 15:59:02 [INFO] CUDA 初始化成功
2026-06-05 15:59:02 [INFO] 引擎加载成功: scrap_steel.engine
2026-06-05 15:59:02 [INFO] 分割系统初始化成功
2026-06-05 15:59:02 [INFO] 图像预处理完成，原始尺寸: (2160, 3840)
2026-06-05 15:59:02 [INFO] 开始执行分割...
2026-06-05 15:59:02 [DEBUG] 处理后的检测结果形状: (1, 8400, 6)
2026-06-05 15:59:02 [DEBUG] 示例检测结果: [[-4.15332794e+00 -3.18171597e+00  3.90422745e+01  1.46487722e+01
   3.61103787e-08  5.00000000e+00]
 [-6.74262238e+00 -3.01258278e+00  4.47446213e+01  2.87348690e+01
   8.53323812e-09  9.00000000e+00]
 [-3.67897034e+00 -3.43199348e+00  4.59795074e+01  2.96925678e+01
   4.02112477e-09  9.00000000e+00]]
2026-06-05 15:59:02 [DEBUG] 处理后检测输出形状: (0, 52)
2026-06-05 15:59:02 [DEBUG] 有效检测数量: 0
2026-06-05 15:59:02 [DEBUG] 检测输出为空
2026-06-05 15:59:02 [INFO] 掩码中检测到的类别: [0, 1, 2, 3, 4, 5, 6, 7, 8, 9, 10, 11, 12, 13, 14, 15]
2026-06-05 15:59:02 [INFO] 分割完成，检测到 0 个物体
2026-06-05 15:59:02 [INFO] 从分割掩码中提取检测结果
2026-06-05 15:59:02 [INFO] 从掩码中提取了 584 个检测框
2026-06-05 15:59:02 [INFO] 计算出的车框矩形边界: (1095, 661) to (3278, 1641)
2026-06-05 15:59:02 [INFO] 原始检测数: 584, 过滤后检测数: 262
2026-06-05 15:59:03 [INFO] 保存分割和检测结果到: C:\code\show\Scrap_Steel_In_Field\photos\segmentation\segment_20260605_155902.jpg
2026-06-05 15:59:03 [INFO] JSON结果保存到: C:\code\show\Scrap_Steel_In_Field\photos\segmentation_result.json
2026-06-05 15:59:03 [INFO] 类别统计：{0: 53, 1: 51, 2: 26, 3: 11, 4: 40, 5: 37, 6: 33, 7: 41, 8: 59, 9: 69, 10: 38, 11: 20, 12: 22, 13: 58, 14: 0, 15: 26}
2026-06-05 15:59:03 [INFO] 面积统计：{0: 3063744.0, 1: 819072.0, 2: 48924.0, 3: 154512.0, 4: 155664.0, 5: 105444.0, 6: 560448.0, 7: 52632.0, 8: 1026504.0, 9: 341712.0, 10: 167184.0, 11: 369540.0, 12: 42588.0, 13: 649512.0, 14: 216.0, 15: 60408.0}
2026-06-05 15:59:03 [INFO] 分割成功
2026-06-05 15:59:03 [INFO] 引擎上下文已释放
2026-06-05 15:59:03 [INFO] TensorRT 引擎已释放
2026-06-05 15:59:03 [INFO] 全局 CUDA 资源已释放
2026-06-05 15:59:03 [INFO] 分割系统资源已释放
2026-06-05 15:59:07 [INFO] CUDA 初始化成功
2026-06-05 15:59:07 [INFO] 引擎加载成功: scrap_steel.engine
2026-06-05 15:59:07 [INFO] 分割系统初始化成功
2026-06-05 15:59:07 [INFO] 图像预处理完成，原始尺寸: (2160, 3840)
2026-06-05 15:59:07 [INFO] 开始执行分割...
2026-06-05 15:59:07 [DEBUG] 处理后的检测结果形状: (1, 8400, 6)
2026-06-05 15:59:07 [DEBUG] 示例检测结果: [[-4.18577194e+00 -3.21444321e+00  3.89429207e+01  1.48107529e+01
   3.54253302e-08  5.00000000e+00]
 [-6.77971649e+00 -3.05829048e+00  4.46666031e+01  2.88007030e+01
   8.52706705e-09  9.00000000e+00]
 [-3.69350815e+00 -3.42036247e+00  4.59285812e+01  2.95813465e+01
   3.95353084e-09  9.00000000e+00]]
2026-06-05 15:59:07 [DEBUG] 处理后检测输出形状: (0, 52)
2026-06-05 15:59:07 [DEBUG] 有效检测数量: 0
2026-06-05 15:59:07 [DEBUG] 检测输出为空
2026-06-05 15:59:07 [INFO] 掩码中检测到的类别: [0, 1, 2, 3, 4, 5, 6, 7, 8, 9, 10, 11, 12, 13, 14, 15]
2026-06-05 15:59:07 [INFO] 分割完成，检测到 0 个物体
2026-06-05 15:59:07 [INFO] 从分割掩码中提取检测结果
2026-06-05 15:59:07 [INFO] 从掩码中提取了 579 个检测框
2026-06-05 15:59:07 [INFO] 计算出的车框矩形边界: (1094, 658) to (3278, 1641)
2026-06-05 15:59:07 [INFO] 原始检测数: 579, 过滤后检测数: 254
2026-06-05 15:59:08 [INFO] 保存分割和检测结果到: C:\code\show\Scrap_Steel_In_Field\photos\segmentation\segment_20260605_155907.jpg
2026-06-05 15:59:08 [INFO] JSON结果保存到: C:\code\show\Scrap_Steel_In_Field\photos\segmentation_result.json
2026-06-05 15:59:08 [INFO] 类别统计：{0: 64, 1: 54, 2: 27, 3: 10, 4: 39, 5: 36, 6: 41, 7: 39, 8: 61, 9: 61, 10: 31, 11: 17, 12: 19, 13: 54, 14: 0, 15: 26}
2026-06-05 15:59:08 [INFO] 面积统计：{0: 3100392.0, 1: 788760.0, 2: 57744.0, 3: 151560.0, 4: 146628.0, 5: 107352.0, 6: 537084.0, 7: 53856.0, 8: 1032768.0, 9: 347436.0, 10: 167652.0, 11: 370836.0, 12: 50364.0, 13: 657972.0, 14: 108.0, 15: 73008.0}
2026-06-05 15:59:08 [INFO] 分割成功
2026-06-05 15:59:08 [INFO] 引擎上下文已释放
2026-06-05 15:59:08 [INFO] TensorRT 引擎已释放
2026-06-05 15:59:08 [INFO] 全局 CUDA 资源已释放
2026-06-05 15:59:08 [INFO] 分割系统资源已释放
2026-06-05 15:59:12 [INFO] CUDA 初始化成功
2026-06-05 15:59:12 [INFO] 引擎加载成功: scrap_steel.engine
2026-06-05 15:59:12 [INFO] 分割系统初始化成功
2026-06-05 15:59:12 [INFO] 图像预处理完成，原始尺寸: (2160, 3840)
2026-06-05 15:59:12 [INFO] 开始执行分割...
2026-06-05 15:59:12 [DEBUG] 处理后的检测结果形状: (1, 8400, 6)
2026-06-05 15:59:12 [DEBUG] 示例检测结果: [[-4.18580246e+00 -3.17227983e+00  3.89671478e+01  1.46022491e+01
   3.51535725e-08  5.00000000e+00]
 [-6.77160263e+00 -3.02646446e+00  4.47393723e+01  2.86414700e+01
   8.43130366e-09  9.00000000e+00]
 [-3.66230392e+00 -3.43494320e+00  4.59395180e+01  2.95278473e+01
   3.93705779e-09  9.00000000e+00]]
2026-06-05 15:59:12 [DEBUG] 处理后检测输出形状: (0, 52)
2026-06-05 15:59:12 [DEBUG] 有效检测数量: 0
2026-06-05 15:59:12 [DEBUG] 检测输出为空
2026-06-05 15:59:12 [INFO] 掩码中检测到的类别: [0, 1, 2, 3, 4, 5, 6, 7, 8, 9, 10, 11, 12, 13, 14, 15]
2026-06-05 15:59:12 [INFO] 分割完成，检测到 0 个物体
2026-06-05 15:59:12 [INFO] 从分割掩码中提取检测结果
2026-06-05 15:59:13 [INFO] 从掩码中提取了 571 个检测框
2026-06-05 15:59:13 [INFO] 计算出的车框矩形边界: (1097, 658) to (3278, 1640)
2026-06-05 15:59:13 [INFO] 原始检测数: 571, 过滤后检测数: 249
2026-06-05 15:59:13 [INFO] 保存分割和检测结果到: C:\code\show\Scrap_Steel_In_Field\photos\segmentation\segment_20260605_155913.jpg
2026-06-05 15:59:13 [INFO] JSON结果保存到: C:\code\show\Scrap_Steel_In_Field\photos\segmentation_result.json
2026-06-05 15:59:13 [INFO] 类别统计：{0: 58, 1: 56, 2: 25, 3: 8, 4: 42, 5: 34, 6: 33, 7: 38, 8: 61, 9: 60, 10: 31, 11: 21, 12: 22, 13: 57, 14: 0, 15: 25}
2026-06-05 15:59:13 [INFO] 面积统计：{0: 3098592.0, 1: 803520.0, 2: 55800.0, 3: 157788.0, 4: 150984.0, 5: 108828.0, 6: 526284.0, 7: 61416.0, 8: 1016568.0, 9: 344052.0, 10: 157500.0, 11: 378504.0, 12: 50508.0, 13: 652824.0, 14: 216.0, 15: 70668.0}
2026-06-05 15:59:13 [INFO] 分割成功
2026-06-05 15:59:13 [INFO] 引擎上下文已释放
2026-06-05 15:59:13 [INFO] TensorRT 引擎已释放
2026-06-05 15:59:13 [INFO] 全局 CUDA 资源已释放
2026-06-05 15:59:13 [INFO] 分割系统资源已释放
2026-06-05 15:59:17 [INFO] CUDA 初始化成功
2026-06-05 15:59:17 [INFO] 引擎加载成功: scrap_steel.engine
2026-06-05 15:59:17 [INFO] 分割系统初始化成功
2026-06-05 15:59:17 [INFO] 图像预处理完成，原始尺寸: (2160, 3840)
2026-06-05 15:59:17 [INFO] 开始执行分割...
2026-06-05 15:59:17 [DEBUG] 处理后的检测结果形状: (1, 8400, 6)
2026-06-05 15:59:17 [DEBUG] 示例检测结果: [[-4.15369415e+00 -3.17299557e+00  3.91235886e+01  1.47198839e+01
   3.52875489e-08  5.00000000e+00]
 [-6.71653366e+00 -3.01351357e+00  4.47012367e+01  2.87154045e+01
   8.66791439e-09  9.00000000e+00]
 [-3.66809082e+00 -3.40931988e+00  4.59323349e+01  2.96121750e+01
   4.01942302e-09  9.00000000e+00]]
2026-06-05 15:59:17 [DEBUG] 处理后检测输出形状: (0, 52)
2026-06-05 15:59:17 [DEBUG] 有效检测数量: 0
2026-06-05 15:59:17 [DEBUG] 检测输出为空
2026-06-05 15:59:17 [INFO] 掩码中检测到的类别: [0, 1, 2, 3, 4, 5, 6, 7, 8, 9, 10, 11, 12, 13, 14, 15]
2026-06-05 15:59:17 [INFO] 分割完成，检测到 0 个物体
2026-06-05 15:59:17 [INFO] 从分割掩码中提取检测结果
2026-06-05 15:59:18 [INFO] 从掩码中提取了 528 个检测框
2026-06-05 15:59:18 [INFO] 计算出的车框矩形边界: (1095, 658) to (3271, 1641)
2026-06-05 15:59:18 [INFO] 原始检测数: 528, 过滤后检测数: 239
2026-06-05 15:59:18 [INFO] 保存分割和检测结果到: C:\code\show\Scrap_Steel_In_Field\photos\segmentation\segment_20260605_155918.jpg
2026-06-05 15:59:18 [INFO] JSON结果保存到: C:\code\show\Scrap_Steel_In_Field\photos\segmentation_result.json
2026-06-05 15:59:18 [INFO] 类别统计：{0: 62, 1: 46, 2: 27, 3: 8, 4: 39, 5: 36, 6: 27, 7: 39, 8: 45, 9: 57, 10: 32, 11: 16, 12: 18, 13: 52, 14: 0, 15: 24}
2026-06-05 15:59:18 [INFO] 面积统计：{0: 3057912.0, 1: 799632.0, 2: 56088.0, 3: 156384.0, 4: 164304.0, 5: 105588.0, 6: 549540.0, 7: 55440.0, 8: 1092708.0, 9: 351180.0, 10: 171252.0, 11: 373212.0, 12: 46620.0, 13: 651312.0, 14: 108.0, 15: 66096.0}
2026-06-05 15:59:18 [INFO] 分割成功
2026-06-05 15:59:18 [INFO] 引擎上下文已释放
2026-06-05 15:59:18 [INFO] TensorRT 引擎已释放
2026-06-05 15:59:18 [INFO] 全局 CUDA 资源已释放
2026-06-05 15:59:18 [INFO] 分割系统资源已释放
2026-06-05 15:59:22 [INFO] CUDA 初始化成功
2026-06-05 15:59:22 [INFO] 引擎加载成功: scrap_steel.engine
2026-06-05 15:59:22 [INFO] 分割系统初始化成功
2026-06-05 15:59:22 [INFO] 图像预处理完成，原始尺寸: (2160, 3840)
2026-06-05 15:59:22 [INFO] 开始执行分割...
2026-06-05 15:59:22 [DEBUG] 处理后的检测结果形状: (1, 8400, 6)
2026-06-05 15:59:22 [DEBUG] 示例检测结果: [[-4.15102005e+00 -3.21558332e+00  3.91231079e+01  1.48700523e+01
   3.62589603e-08  5.00000000e+00]
 [-6.72394943e+00 -3.04901695e+00  4.48105812e+01  2.88675690e+01
   8.65570815e-09  9.00000000e+00]
 [-3.67288208e+00 -3.43338966e+00  4.59880600e+01  2.97414608e+01
   4.08448741e-09  9.00000000e+00]]
2026-06-05 15:59:22 [DEBUG] 处理后检测输出形状: (0, 52)
2026-06-05 15:59:22 [DEBUG] 有效检测数量: 0
2026-06-05 15:59:22 [DEBUG] 检测输出为空
2026-06-05 15:59:22 [INFO] 掩码中检测到的类别: [0, 1, 2, 3, 4, 5, 6, 7, 8, 9, 10, 11, 12, 13, 14, 15]
2026-06-05 15:59:22 [INFO] 分割完成，检测到 0 个物体
2026-06-05 15:59:22 [INFO] 从分割掩码中提取检测结果
2026-06-05 15:59:23 [INFO] 从掩码中提取了 554 个检测框
2026-06-05 15:59:23 [INFO] 计算出的车框矩形边界: (1098, 662) to (3278, 1641)
2026-06-05 15:59:23 [INFO] 原始检测数: 554, 过滤后检测数: 255
2026-06-05 15:59:23 [INFO] 保存分割和检测结果到: C:\code\show\Scrap_Steel_In_Field\photos\segmentation\segment_20260605_155923.jpg
2026-06-05 15:59:23 [INFO] JSON结果保存到: C:\code\show\Scrap_Steel_In_Field\photos\segmentation_result.json
2026-06-05 15:59:23 [INFO] 类别统计：{0: 52, 1: 54, 2: 26, 3: 12, 4: 38, 5: 38, 6: 36, 7: 37, 8: 58, 9: 60, 10: 38, 11: 17, 12: 23, 13: 46, 14: 0, 15: 19}
2026-06-05 15:59:23 [INFO] 面积统计：{0: 3121020.0, 1: 800424.0, 2: 55116.0, 3: 156852.0, 4: 140796.0, 5: 100188.0, 6: 537840.0, 7: 50112.0, 8: 977184.0, 9: 383652.0, 10: 168192.0, 11: 391968.0, 12: 61884.0, 13: 644436.0, 14: 108.0, 15: 87876.0}
2026-06-05 15:59:23 [INFO] 分割成功
2026-06-05 15:59:23 [INFO] 引擎上下文已释放
2026-06-05 15:59:23 [INFO] TensorRT 引擎已释放
2026-06-05 15:59:23 [INFO] 全局 CUDA 资源已释放
2026-06-05 15:59:23 [INFO] 分割系统资源已释放
2026-06-05 15:59:27 [INFO] CUDA 初始化成功
2026-06-05 15:59:27 [INFO] 引擎加载成功: scrap_steel.engine
2026-06-05 15:59:27 [INFO] 分割系统初始化成功
2026-06-05 15:59:28 [INFO] 图像预处理完成，原始尺寸: (2160, 3840)
2026-06-05 15:59:28 [INFO] 开始执行分割...
2026-06-05 15:59:28 [DEBUG] 处理后的检测结果形状: (1, 8400, 6)
2026-06-05 15:59:28 [DEBUG] 示例检测结果: [[-4.16417694e+00 -3.18071365e+00  3.91127014e+01  1.48064003e+01
   3.56970844e-08  5.00000000e+00]
 [-6.71205139e+00 -3.01401520e+00  4.47910118e+01  2.88332596e+01
   8.62182326e-09  9.00000000e+00]
 [-3.63255310e+00 -3.39079475e+00  4.59727554e+01  2.97996883e+01
   3.95744237e-09  9.00000000e+00]]
2026-06-05 15:59:28 [DEBUG] 处理后检测输出形状: (0, 52)
2026-06-05 15:59:28 [DEBUG] 有效检测数量: 0
2026-06-05 15:59:28 [DEBUG] 检测输出为空
2026-06-05 15:59:28 [INFO] 掩码中检测到的类别: [0, 1, 2, 3, 4, 5, 6, 7, 8, 9, 10, 11, 12, 13, 14, 15]
2026-06-05 15:59:28 [INFO] 分割完成，检测到 0 个物体
2026-06-05 15:59:28 [INFO] 从分割掩码中提取检测结果
2026-06-05 15:59:28 [INFO] 从掩码中提取了 560 个检测框
2026-06-05 15:59:28 [INFO] 计算出的车框矩形边界: (1095, 660) to (3277, 1641)
2026-06-05 15:59:28 [INFO] 原始检测数: 560, 过滤后检测数: 254
2026-06-05 15:59:28 [INFO] 保存分割和检测结果到: C:\code\show\Scrap_Steel_In_Field\photos\segmentation\segment_20260605_155928.jpg
2026-06-05 15:59:28 [INFO] JSON结果保存到: C:\code\show\Scrap_Steel_In_Field\photos\segmentation_result.json
2026-06-05 15:59:28 [INFO] 类别统计：{0: 57, 1: 50, 2: 29, 3: 12, 4: 40, 5: 34, 6: 33, 7: 35, 8: 59, 9: 61, 10: 36, 11: 16, 12: 22, 13: 46, 14: 0, 15: 30}
2026-06-05 15:59:28 [INFO] 面积统计：{0: 3034152.0, 1: 803592.0, 2: 54972.0, 3: 161352.0, 4: 155736.0, 5: 105840.0, 6: 551232.0, 7: 46944.0, 8: 1007136.0, 9: 354492.0, 10: 158436.0, 11: 371088.0, 12: 51552.0, 13: 652752.0, 14: 108.0, 15: 69228.0}
2026-06-05 15:59:28 [INFO] 分割成功
2026-06-05 15:59:28 [INFO] 引擎上下文已释放
2026-06-05 15:59:28 [INFO] TensorRT 引擎已释放
2026-06-05 15:59:29 [INFO] 全局 CUDA 资源已释放
2026-06-05 15:59:29 [INFO] 分割系统资源已释放
2026-06-05 15:59:32 [INFO] CUDA 初始化成功
2026-06-05 15:59:33 [INFO] 引擎加载成功: scrap_steel.engine
2026-06-05 15:59:33 [INFO] 分割系统初始化成功
2026-06-05 15:59:33 [INFO] 图像预处理完成，原始尺寸: (2160, 3840)
2026-06-05 15:59:33 [INFO] 开始执行分割...
2026-06-05 15:59:33 [DEBUG] 处理后的检测结果形状: (1, 8400, 6)
2026-06-05 15:59:33 [DEBUG] 示例检测结果: [[-4.13751602e+00 -3.17935085e+00  3.90568428e+01  1.47564650e+01
   3.55647281e-08  5.00000000e+00]
 [-6.73645782e+00 -3.01048088e+00  4.47705002e+01  2.88017311e+01
   8.49368575e-09  9.00000000e+00]
 [-3.68468475e+00 -3.41752052e+00  4.59691772e+01  2.96862850e+01
   3.95574062e-09  9.00000000e+00]]
2026-06-05 15:59:33 [DEBUG] 处理后检测输出形状: (0, 52)
2026-06-05 15:59:33 [DEBUG] 有效检测数量: 0
2026-06-05 15:59:33 [DEBUG] 检测输出为空
2026-06-05 15:59:33 [INFO] 掩码中检测到的类别: [0, 1, 2, 3, 4, 5, 6, 7, 8, 9, 10, 11, 12, 13, 14, 15]
2026-06-05 15:59:33 [INFO] 分割完成，检测到 0 个物体
2026-06-05 15:59:33 [INFO] 从分割掩码中提取检测结果
2026-06-05 15:59:33 [INFO] 从掩码中提取了 561 个检测框
2026-06-05 15:59:33 [INFO] 计算出的车框矩形边界: (1094, 661) to (3278, 1641)
2026-06-05 15:59:33 [INFO] 原始检测数: 561, 过滤后检测数: 250
2026-06-05 15:59:34 [INFO] 保存分割和检测结果到: C:\code\show\Scrap_Steel_In_Field\photos\segmentation\segment_20260605_155933.jpg
2026-06-05 15:59:34 [INFO] JSON结果保存到: C:\code\show\Scrap_Steel_In_Field\photos\segmentation_result.json
2026-06-05 15:59:34 [INFO] 类别统计：{0: 52, 1: 53, 2: 26, 3: 11, 4: 37, 5: 43, 6: 41, 7: 39, 8: 55, 9: 54, 10: 39, 11: 19, 12: 21, 13: 49, 14: 0, 15: 22}
2026-06-05 15:59:34 [INFO] 面积统计：{0: 2916612.0, 1: 805356.0, 2: 52560.0, 3: 159516.0, 4: 167544.0, 5: 100764.0, 6: 556272.0, 7: 55044.0, 8: 1058364.0, 9: 359892.0, 10: 162756.0, 11: 377064.0, 12: 62388.0, 13: 649008.0, 14: 216.0, 15: 64188.0}
2026-06-05 15:59:34 [INFO] 分割成功
2026-06-05 15:59:34 [INFO] 引擎上下文已释放
2026-06-05 15:59:34 [INFO] TensorRT 引擎已释放
2026-06-05 15:59:34 [INFO] 全局 CUDA 资源已释放
2026-06-05 15:59:34 [INFO] 分割系统资源已释放
2026-06-05 15:59:38 [INFO] CUDA 初始化成功
2026-06-05 15:59:38 [INFO] 引擎加载成功: scrap_steel.engine
2026-06-05 15:59:38 [INFO] 分割系统初始化成功
2026-06-05 15:59:38 [INFO] 图像预处理完成，原始尺寸: (2160, 3840)
2026-06-05 15:59:38 [INFO] 开始执行分割...
2026-06-05 15:59:38 [DEBUG] 处理后的检测结果形状: (1, 8400, 6)
2026-06-05 15:59:38 [DEBUG] 示例检测结果: [[-4.18166733e+00 -3.19229174e+00  3.90681229e+01  1.47717857e+01
   3.54302330e-08  5.00000000e+00]
 [-6.71194839e+00 -3.03594017e+00  4.46965446e+01  2.88374996e+01
   8.43876968e-09  9.00000000e+00]
 [-3.63332748e+00 -3.39365387e+00  4.58865204e+01  2.96002579e+01
   3.97121624e-09  9.00000000e+00]]
2026-06-05 15:59:38 [DEBUG] 处理后检测输出形状: (0, 52)
2026-06-05 15:59:38 [DEBUG] 有效检测数量: 0
2026-06-05 15:59:38 [DEBUG] 检测输出为空
2026-06-05 15:59:38 [INFO] 掩码中检测到的类别: [0, 1, 2, 3, 4, 5, 6, 7, 8, 9, 10, 11, 12, 13, 14, 15]
2026-06-05 15:59:38 [INFO] 分割完成，检测到 0 个物体
2026-06-05 15:59:38 [INFO] 从分割掩码中提取检测结果
2026-06-05 15:59:38 [INFO] 从掩码中提取了 567 个检测框
2026-06-05 15:59:38 [INFO] 计算出的车框矩形边界: (1095, 663) to (3277, 1641)
2026-06-05 15:59:38 [INFO] 原始检测数: 567, 过滤后检测数: 257
2026-06-05 15:59:39 [INFO] 保存分割和检测结果到: C:\code\show\Scrap_Steel_In_Field\photos\segmentation\segment_20260605_155938.jpg
2026-06-05 15:59:39 [INFO] JSON结果保存到: C:\code\show\Scrap_Steel_In_Field\photos\segmentation_result.json
2026-06-05 15:59:39 [INFO] 类别统计：{0: 50, 1: 54, 2: 26, 3: 12, 4: 40, 5: 36, 6: 31, 7: 41, 8: 59, 9: 60, 10: 43, 11: 19, 12: 21, 13: 51, 14: 0, 15: 24}
2026-06-05 15:59:39 [INFO] 面积统计：{0: 3061008.0, 1: 819180.0, 2: 51192.0, 3: 160560.0, 4: 169236.0, 5: 112644.0, 6: 545760.0, 7: 51588.0, 8: 1004868.0, 9: 344772.0, 10: 162900.0, 11: 373536.0, 12: 52020.0, 13: 654156.0, 14: 108.0, 15: 61704.0}
2026-06-05 15:59:39 [INFO] 分割成功
2026-06-05 15:59:39 [INFO] 引擎上下文已释放
2026-06-05 15:59:39 [INFO] TensorRT 引擎已释放
2026-06-05 15:59:39 [INFO] 全局 CUDA 资源已释放
2026-06-05 15:59:39 [INFO] 分割系统资源已释放
2026-06-05 15:59:43 [INFO] CUDA 初始化成功
2026-06-05 15:59:43 [INFO] 引擎加载成功: scrap_steel.engine
2026-06-05 15:59:43 [INFO] 分割系统初始化成功
2026-06-05 15:59:43 [INFO] 图像预处理完成，原始尺寸: (2160, 3840)
2026-06-05 15:59:43 [INFO] 开始执行分割...
2026-06-05 15:59:43 [DEBUG] 处理后的检测结果形状: (1, 8400, 6)
2026-06-05 15:59:43 [DEBUG] 示例检测结果: [[-4.15243149e+00 -3.16707373e+00  3.90395203e+01  1.46452351e+01
   3.56970844e-08  5.00000000e+00]
 [-6.78210449e+00 -2.99896812e+00  4.48711014e+01  2.87227802e+01
   8.60057625e-09  9.00000000e+00]
 [-3.68033600e+00 -3.37711525e+00  4.59632645e+01  2.96114864e+01
   3.98843270e-09  9.00000000e+00]]
2026-06-05 15:59:43 [DEBUG] 处理后检测输出形状: (0, 52)
2026-06-05 15:59:43 [DEBUG] 有效检测数量: 0
2026-06-05 15:59:43 [DEBUG] 检测输出为空
2026-06-05 15:59:43 [INFO] 掩码中检测到的类别: [0, 1, 2, 3, 4, 5, 6, 7, 8, 9, 10, 11, 12, 13, 14, 15]
2026-06-05 15:59:43 [INFO] 分割完成，检测到 0 个物体
2026-06-05 15:59:43 [INFO] 从分割掩码中提取检测结果
2026-06-05 15:59:43 [INFO] 从掩码中提取了 560 个检测框
2026-06-05 15:59:43 [INFO] 计算出的车框矩形边界: (1095, 658) to (3277, 1641)
2026-06-05 15:59:43 [INFO] 原始检测数: 560, 过滤后检测数: 256
2026-06-05 15:59:44 [INFO] 保存分割和检测结果到: C:\code\show\Scrap_Steel_In_Field\photos\segmentation\segment_20260605_155943.jpg
2026-06-05 15:59:44 [INFO] JSON结果保存到: C:\code\show\Scrap_Steel_In_Field\photos\segmentation_result.json
2026-06-05 15:59:44 [INFO] 类别统计：{0: 55, 1: 56, 2: 27, 3: 12, 4: 42, 5: 36, 6: 38, 7: 42, 8: 60, 9: 53, 10: 33, 11: 18, 12: 19, 13: 46, 14: 0, 15: 23}
2026-06-05 15:59:44 [INFO] 面积统计：{0: 3164508.0, 1: 805608.0, 2: 50868.0, 3: 157392.0, 4: 160344.0, 5: 102708.0, 6: 537084.0, 7: 60480.0, 8: 989244.0, 9: 347472.0, 10: 159876.0, 11: 380160.0, 12: 46440.0, 13: 661716.0, 14: 216.0, 15: 75816.0}
2026-06-05 15:59:44 [INFO] 分割成功
2026-06-05 15:59:44 [INFO] 引擎上下文已释放
2026-06-05 15:59:44 [INFO] TensorRT 引擎已释放
2026-06-05 15:59:44 [INFO] 全局 CUDA 资源已释放
2026-06-05 15:59:44 [INFO] 分割系统资源已释放
2026-06-05 15:59:48 [INFO] CUDA 初始化成功
2026-06-05 15:59:48 [INFO] 引擎加载成功: scrap_steel.engine
2026-06-05 15:59:48 [INFO] 分割系统初始化成功
2026-06-05 15:59:48 [INFO] 图像预处理完成，原始尺寸: (2160, 3840)
2026-06-05 15:59:48 [INFO] 开始执行分割...
2026-06-05 15:59:48 [DEBUG] 处理后的检测结果形状: (1, 8400, 6)
2026-06-05 15:59:48 [DEBUG] 示例检测结果: [[-4.21069336e+00 -3.20268536e+00  3.91361122e+01  1.48675814e+01
   3.57041294e-08  5.00000000e+00]
 [-6.80746460e+00 -3.02155495e+00  4.47793732e+01  2.87118969e+01
   8.52706705e-09  9.00000000e+00]
 [-3.69252014e+00 -3.40408707e+00  4.59305038e+01  2.95479774e+01
   3.89256627e-09  9.00000000e+00]]
2026-06-05 15:59:48 [DEBUG] 处理后检测输出形状: (0, 52)
2026-06-05 15:59:48 [DEBUG] 有效检测数量: 0
2026-06-05 15:59:48 [DEBUG] 检测输出为空
2026-06-05 15:59:48 [INFO] 掩码中检测到的类别: [0, 1, 2, 3, 4, 5, 6, 7, 8, 9, 10, 11, 12, 13, 14, 15]
2026-06-05 15:59:48 [INFO] 分割完成，检测到 0 个物体
2026-06-05 15:59:48 [INFO] 从分割掩码中提取检测结果
2026-06-05 15:59:48 [INFO] 从掩码中提取了 542 个检测框
2026-06-05 15:59:48 [INFO] 计算出的车框矩形边界: (1095, 662) to (3278, 1637)
2026-06-05 15:59:48 [INFO] 原始检测数: 542, 过滤后检测数: 248
2026-06-05 15:59:49 [INFO] 保存分割和检测结果到: C:\code\show\Scrap_Steel_In_Field\photos\segmentation\segment_20260605_155948.jpg
2026-06-05 15:59:49 [INFO] JSON结果保存到: C:\code\show\Scrap_Steel_In_Field\photos\segmentation_result.json
2026-06-05 15:59:49 [INFO] 类别统计：{0: 47, 1: 50, 2: 27, 3: 9, 4: 36, 5: 31, 6: 33, 7: 39, 8: 59, 9: 60, 10: 34, 11: 15, 12: 22, 13: 56, 14: 0, 15: 24}
2026-06-05 15:59:49 [INFO] 面积统计：{0: 3012624.0, 1: 769392.0, 2: 56448.0, 3: 158832.0, 4: 166644.0, 5: 110448.0, 6: 540360.0, 7: 48456.0, 8: 1011456.0, 9: 338976.0, 10: 167832.0, 11: 374652.0, 12: 63864.0, 13: 656028.0, 14: 108.0, 15: 59436.0}
2026-06-05 15:59:49 [INFO] 分割成功
2026-06-05 15:59:49 [INFO] 引擎上下文已释放
2026-06-05 15:59:49 [INFO] TensorRT 引擎已释放
2026-06-05 15:59:49 [INFO] 全局 CUDA 资源已释放
2026-06-05 15:59:49 [INFO] 分割系统资源已释放
2026-06-05 15:59:53 [INFO] CUDA 初始化成功
2026-06-05 15:59:53 [INFO] 引擎加载成功: scrap_steel.engine
2026-06-05 15:59:53 [INFO] 分割系统初始化成功
2026-06-05 15:59:53 [INFO] 图像预处理完成，原始尺寸: (2160, 3840)
2026-06-05 15:59:53 [INFO] 开始执行分割...
2026-06-05 15:59:53 [DEBUG] 处理后的检测结果形状: (1, 8400, 6)
2026-06-05 15:59:53 [DEBUG] 示例检测结果: [[-4.13927078e+00 -3.19093513e+00  3.91255875e+01  1.47925625e+01
   3.65453765e-08  5.00000000e+00]
 [-6.68108368e+00 -3.02362251e+00  4.47656555e+01  2.89089203e+01
   8.76826611e-09  9.00000000e+00]
 [-3.65288162e+00 -3.41842651e+00  4.59790115e+01  2.97607269e+01
   4.02231848e-09  9.00000000e+00]]
2026-06-05 15:59:53 [DEBUG] 处理后检测输出形状: (0, 52)
2026-06-05 15:59:53 [DEBUG] 有效检测数量: 0
2026-06-05 15:59:53 [DEBUG] 检测输出为空
2026-06-05 15:59:53 [INFO] 掩码中检测到的类别: [0, 1, 2, 3, 4, 5, 6, 7, 8, 9, 10, 11, 12, 13, 14, 15]
2026-06-05 15:59:53 [INFO] 分割完成，检测到 0 个物体
2026-06-05 15:59:53 [INFO] 从分割掩码中提取检测结果
2026-06-05 15:59:54 [INFO] 从掩码中提取了 562 个检测框
2026-06-05 15:59:54 [INFO] 计算出的车框矩形边界: (1095, 660) to (3277, 1641)
2026-06-05 15:59:54 [INFO] 原始检测数: 562, 过滤后检测数: 247
2026-06-05 15:59:54 [INFO] 保存分割和检测结果到: C:\code\show\Scrap_Steel_In_Field\photos\segmentation\segment_20260605_155954.jpg
2026-06-05 15:59:54 [INFO] JSON结果保存到: C:\code\show\Scrap_Steel_In_Field\photos\segmentation_result.json
2026-06-05 15:59:54 [INFO] 类别统计：{0: 65, 1: 47, 2: 28, 3: 10, 4: 37, 5: 39, 6: 32, 7: 39, 8: 70, 9: 54, 10: 33, 11: 18, 12: 18, 13: 45, 14: 0, 15: 27}
2026-06-05 15:59:54 [INFO] 面积统计：{0: 3037824.0, 1: 765252.0, 2: 52560.0, 3: 151380.0, 4: 155484.0, 5: 109908.0, 6: 550800.0, 7: 52848.0, 8: 1051848.0, 9: 355824.0, 10: 166140.0, 11: 378612.0, 12: 56124.0, 13: 658368.0, 14: 108.0, 15: 70056.0}
2026-06-05 15:59:54 [INFO] 分割成功
2026-06-05 15:59:54 [INFO] 引擎上下文已释放
2026-06-05 15:59:54 [INFO] TensorRT 引擎已释放
2026-06-05 15:59:54 [INFO] 全局 CUDA 资源已释放
2026-06-05 15:59:54 [INFO] 分割系统资源已释放
2026-06-05 15:59:58 [INFO] CUDA 初始化成功
2026-06-05 15:59:58 [INFO] 引擎加载成功: scrap_steel.engine
2026-06-05 15:59:58 [INFO] 分割系统初始化成功
2026-06-05 15:59:58 [INFO] 图像预处理完成，原始尺寸: (2160, 3840)
2026-06-05 15:59:58 [INFO] 开始执行分割...
2026-06-05 15:59:58 [DEBUG] 处理后的检测结果形状: (1, 8400, 6)
2026-06-05 15:59:58 [DEBUG] 示例检测结果: [[-4.16768646e+00 -3.20152855e+00  3.91049805e+01  1.48621559e+01
   3.56970844e-08  5.00000000e+00]
 [-6.76208878e+00 -3.02452278e+00  4.47885933e+01  2.88205280e+01
   8.53323812e-09  9.00000000e+00]
 [-3.65413284e+00 -3.37893867e+00  4.59249954e+01  2.96321964e+01
   3.94227229e-09  9.00000000e+00]]
2026-06-05 15:59:58 [DEBUG] 处理后检测输出形状: (0, 52)
2026-06-05 15:59:58 [DEBUG] 有效检测数量: 0
2026-06-05 15:59:58 [DEBUG] 检测输出为空
2026-06-05 15:59:58 [INFO] 掩码中检测到的类别: [0, 1, 2, 3, 4, 5, 6, 7, 8, 9, 10, 11, 12, 13, 14, 15]
2026-06-05 15:59:58 [INFO] 分割完成，检测到 0 个物体
2026-06-05 15:59:58 [INFO] 从分割掩码中提取检测结果
2026-06-05 15:59:59 [INFO] 从掩码中提取了 556 个检测框
2026-06-05 15:59:59 [INFO] 计算出的车框矩形边界: (1095, 659) to (3278, 1640)
2026-06-05 15:59:59 [INFO] 原始检测数: 556, 过滤后检测数: 254
2026-06-05 15:59:59 [INFO] 保存分割和检测结果到: C:\code\show\Scrap_Steel_In_Field\photos\segmentation\segment_20260605_155959.jpg
2026-06-05 15:59:59 [INFO] JSON结果保存到: C:\code\show\Scrap_Steel_In_Field\photos\segmentation_result.json
2026-06-05 15:59:59 [INFO] 类别统计：{0: 58, 1: 51, 2: 23, 3: 12, 4: 39, 5: 31, 6: 32, 7: 33, 8: 69, 9: 58, 10: 36, 11: 18, 12: 23, 13: 52, 14: 0, 15: 21}
2026-06-05 15:59:59 [INFO] 面积统计：{0: 2994408.0, 1: 820080.0, 2: 53892.0, 3: 156096.0, 4: 169344.0, 5: 106056.0, 6: 526824.0, 7: 50472.0, 8: 1026720.0, 9: 336456.0, 10: 168696.0, 11: 376920.0, 12: 54180.0, 13: 653400.0, 14: 108.0, 15: 64620.0}
2026-06-05 15:59:59 [INFO] 分割成功
2026-06-05 15:59:59 [INFO] 引擎上下文已释放
2026-06-05 15:59:59 [INFO] TensorRT 引擎已释放
2026-06-05 15:59:59 [INFO] 全局 CUDA 资源已释放
2026-06-05 15:59:59 [INFO] 分割系统资源已释放
2026-06-05 16:00:03 [INFO] CUDA 初始化成功
2026-06-05 16:00:03 [INFO] 引擎加载成功: scrap_steel.engine
2026-06-05 16:00:03 [INFO] 分割系统初始化成功
2026-06-05 16:00:03 [INFO] 图像预处理完成，原始尺寸: (2160, 3840)
2026-06-05 16:00:03 [INFO] 开始执行分割...
2026-06-05 16:00:03 [DEBUG] 处理后的检测结果形状: (1, 8400, 6)
2026-06-05 16:00:03 [DEBUG] 示例检测结果: [[-4.16350174e+00 -3.20840359e+00  3.91804771e+01  1.48098059e+01
   3.54253302e-08  5.00000000e+00]
 [-6.71051407e+00 -3.02698517e+00  4.48232765e+01  2.87863693e+01
   8.60057625e-09  9.00000000e+00]
 [-3.64889145e+00 -3.40654564e+00  4.59608498e+01  2.96795521e+01
   4.01942302e-09  9.00000000e+00]]
2026-06-05 16:00:03 [DEBUG] 处理后检测输出形状: (0, 52)
2026-06-05 16:00:03 [DEBUG] 有效检测数量: 0
2026-06-05 16:00:03 [DEBUG] 检测输出为空
2026-06-05 16:00:03 [INFO] 掩码中检测到的类别: [0, 1, 2, 3, 4, 5, 6, 7, 8, 9, 10, 11, 12, 13, 14, 15]
2026-06-05 16:00:03 [INFO] 分割完成，检测到 0 个物体
2026-06-05 16:00:03 [INFO] 从分割掩码中提取检测结果
2026-06-05 16:00:04 [INFO] 从掩码中提取了 568 个检测框
2026-06-05 16:00:04 [INFO] 计算出的车框矩形边界: (1097, 660) to (3278, 1640)
2026-06-05 16:00:04 [INFO] 原始检测数: 568, 过滤后检测数: 239
2026-06-05 16:00:04 [INFO] 保存分割和检测结果到: C:\code\show\Scrap_Steel_In_Field\photos\segmentation\segment_20260605_160004.jpg
2026-06-05 16:00:04 [INFO] JSON结果保存到: C:\code\show\Scrap_Steel_In_Field\photos\segmentation_result.json
2026-06-05 16:00:04 [INFO] 类别统计：{0: 49, 1: 49, 2: 25, 3: 11, 4: 50, 5: 35, 6: 37, 7: 41, 8: 59, 9: 62, 10: 34, 11: 17, 12: 21, 13: 58, 14: 0, 15: 20}
2026-06-05 16:00:04 [INFO] 面积统计：{0: 3110040.0, 1: 774360.0, 2: 59256.0, 3: 151524.0, 4: 144540.0, 5: 104580.0, 6: 548136.0, 7: 57780.0, 8: 1002420.0, 9: 364140.0, 10: 169056.0, 11: 378756.0, 12: 50004.0, 13: 655884.0, 14: 72.0, 15: 66204.0}
2026-06-05 16:00:04 [INFO] 分割成功
2026-06-05 16:00:04 [INFO] 引擎上下文已释放
2026-06-05 16:00:04 [INFO] TensorRT 引擎已释放
2026-06-05 16:00:04 [INFO] 全局 CUDA 资源已释放
2026-06-05 16:00:04 [INFO] 分割系统资源已释放
2026-06-05 16:00:08 [INFO] CUDA 初始化成功
2026-06-05 16:00:08 [INFO] 引擎加载成功: scrap_steel.engine
2026-06-05 16:00:08 [INFO] 分割系统初始化成功
2026-06-05 16:00:08 [INFO] 图像预处理完成，原始尺寸: (2160, 3840)
2026-06-05 16:00:08 [INFO] 开始执行分割...
2026-06-05 16:00:08 [DEBUG] 处理后的检测结果形状: (1, 8400, 6)
2026-06-05 16:00:08 [DEBUG] 示例检测结果: [[-4.16897964e+00 -3.19985580e+00  3.90800552e+01  1.48071899e+01
   3.54253302e-08  5.00000000e+00]
 [-6.78812408e+00 -3.03656960e+00  4.48579941e+01  2.88011684e+01
   8.53323812e-09  9.00000000e+00]
 [-3.68665314e+00 -3.43251038e+00  4.60045929e+01  2.97138100e+01
   3.92500432e-09  9.00000000e+00]]
2026-06-05 16:00:08 [DEBUG] 处理后检测输出形状: (0, 52)
2026-06-05 16:00:08 [DEBUG] 有效检测数量: 0
2026-06-05 16:00:08 [DEBUG] 检测输出为空
2026-06-05 16:00:08 [INFO] 掩码中检测到的类别: [0, 1, 2, 3, 4, 5, 6, 7, 8, 9, 10, 11, 12, 13, 14, 15]
2026-06-05 16:00:09 [INFO] 分割完成，检测到 0 个物体
2026-06-05 16:00:09 [INFO] 从分割掩码中提取检测结果
2026-06-05 16:00:09 [INFO] 从掩码中提取了 538 个检测框
2026-06-05 16:00:09 [INFO] 计算出的车框矩形边界: (1095, 662) to (3277, 1640)
2026-06-05 16:00:09 [INFO] 原始检测数: 538, 过滤后检测数: 239
2026-06-05 16:00:09 [INFO] 保存分割和检测结果到: C:\code\show\Scrap_Steel_In_Field\photos\segmentation\segment_20260605_160009.jpg
2026-06-05 16:00:09 [INFO] JSON结果保存到: C:\code\show\Scrap_Steel_In_Field\photos\segmentation_result.json
2026-06-05 16:00:09 [INFO] 类别统计：{0: 54, 1: 48, 2: 26, 3: 13, 4: 37, 5: 32, 6: 35, 7: 39, 8: 59, 9: 51, 10: 35, 11: 18, 12: 21, 13: 50, 14: 0, 15: 20}
2026-06-05 16:00:09 [INFO] 面积统计：{0: 3112056.0, 1: 767772.0, 2: 51984.0, 3: 156312.0, 4: 176256.0, 5: 111960.0, 6: 537732.0, 7: 47088.0, 8: 1062108.0, 9: 360324.0, 10: 168660.0, 11: 377892.0, 12: 65016.0, 13: 659376.0, 14: 108.0, 15: 50724.0}
2026-06-05 16:00:09 [INFO] 分割成功
2026-06-05 16:00:09 [INFO] 引擎上下文已释放
2026-06-05 16:00:09 [INFO] TensorRT 引擎已释放
2026-06-05 16:00:09 [INFO] 全局 CUDA 资源已释放
2026-06-05 16:00:09 [INFO] 分割系统资源已释放
2026-06-05 16:00:13 [INFO] CUDA 初始化成功
2026-06-05 16:00:13 [INFO] 引擎加载成功: scrap_steel.engine
2026-06-05 16:00:13 [INFO] 分割系统初始化成功
2026-06-05 16:00:14 [INFO] 图像预处理完成，原始尺寸: (2160, 3840)
2026-06-05 16:00:14 [INFO] 开始执行分割...
2026-06-05 16:00:14 [DEBUG] 处理后的检测结果形状: (1, 8400, 6)
2026-06-05 16:00:14 [DEBUG] 示例检测结果: [[-4.15603256e+00 -3.18140888e+00  3.90101280e+01  1.46979361e+01
   3.49012268e-08  5.00000000e+00]
 [-6.67463303e+00 -3.00437546e+00  4.47977180e+01  2.86981373e+01
   8.60541594e-09  9.00000000e+00]
 [-3.65139008e+00 -3.37907124e+00  4.59128265e+01  2.96002922e+01
   3.99925426e-09  9.00000000e+00]]
2026-06-05 16:00:14 [DEBUG] 处理后检测输出形状: (0, 52)
2026-06-05 16:00:14 [DEBUG] 有效检测数量: 0
2026-06-05 16:00:14 [DEBUG] 检测输出为空
2026-06-05 16:00:14 [INFO] 掩码中检测到的类别: [0, 1, 2, 3, 4, 5, 6, 7, 8, 9, 10, 11, 12, 13, 14, 15]
2026-06-05 16:00:14 [INFO] 分割完成，检测到 0 个物体
2026-06-05 16:00:14 [INFO] 从分割掩码中提取检测结果
2026-06-05 16:00:14 [INFO] 从掩码中提取了 552 个检测框
2026-06-05 16:00:14 [INFO] 计算出的车框矩形边界: (1095, 659) to (3277, 1641)
2026-06-05 16:00:14 [INFO] 原始检测数: 552, 过滤后检测数: 244
2026-06-05 16:00:15 [INFO] 保存分割和检测结果到: C:\code\show\Scrap_Steel_In_Field\photos\segmentation\segment_20260605_160014.jpg
2026-06-05 16:00:15 [INFO] JSON结果保存到: C:\code\show\Scrap_Steel_In_Field\photos\segmentation_result.json
2026-06-05 16:00:15 [INFO] 类别统计：{0: 57, 1: 52, 2: 24, 3: 7, 4: 39, 5: 35, 6: 37, 7: 40, 8: 58, 9: 57, 10: 33, 11: 19, 12: 24, 13: 48, 14: 0, 15: 22}
2026-06-05 16:00:15 [INFO] 面积统计：{0: 2996496.0, 1: 802548.0, 2: 53316.0, 3: 162144.0, 4: 162936.0, 5: 107244.0, 6: 536508.0, 7: 49680.0, 8: 1003572.0, 9: 346752.0, 10: 171972.0, 11: 361944.0, 12: 51444.0, 13: 649692.0, 14: 108.0, 15: 60624.0}
2026-06-05 16:00:15 [INFO] 分割成功
2026-06-05 16:00:15 [INFO] 引擎上下文已释放
2026-06-05 16:00:15 [INFO] TensorRT 引擎已释放
2026-06-05 16:00:15 [INFO] 全局 CUDA 资源已释放
2026-06-05 16:00:15 [INFO] 分割系统资源已释放
2026-06-05 16:00:19 [INFO] CUDA 初始化成功
2026-06-05 16:00:19 [INFO] 引擎加载成功: scrap_steel.engine
2026-06-05 16:00:19 [INFO] 分割系统初始化成功
2026-06-05 16:00:19 [INFO] 图像预处理完成，原始尺寸: (2160, 3840)
2026-06-05 16:00:19 [INFO] 开始执行分割...
2026-06-05 16:00:19 [DEBUG] 处理后的检测结果形状: (1, 8400, 6)
2026-06-05 16:00:19 [DEBUG] 示例检测结果: [[-4.18511200e+00 -3.17304039e+00  3.89461098e+01  1.46048889e+01
   3.50168534e-08  5.00000000e+00]
 [-6.76967621e+00 -2.99871063e+00  4.47080154e+01  2.86115990e+01
   8.52706705e-09  9.00000000e+00]
 [-3.66898346e+00 -3.37742424e+00  4.58880997e+01  2.94963245e+01
   3.93839628e-09  9.00000000e+00]]
2026-06-05 16:00:19 [DEBUG] 处理后检测输出形状: (0, 52)
2026-06-05 16:00:19 [DEBUG] 有效检测数量: 0
2026-06-05 16:00:19 [DEBUG] 检测输出为空
2026-06-05 16:00:19 [INFO] 掩码中检测到的类别: [0, 1, 2, 3, 4, 5, 6, 7, 8, 9, 10, 11, 12, 13, 14, 15]
2026-06-05 16:00:19 [INFO] 分割完成，检测到 0 个物体
2026-06-05 16:00:19 [INFO] 从分割掩码中提取检测结果
2026-06-05 16:00:19 [INFO] 从掩码中提取了 585 个检测框
2026-06-05 16:00:19 [INFO] 计算出的车框矩形边界: (1094, 661) to (3277, 1641)
2026-06-05 16:00:19 [INFO] 原始检测数: 585, 过滤后检测数: 259
2026-06-05 16:00:20 [INFO] 保存分割和检测结果到: C:\code\show\Scrap_Steel_In_Field\photos\segmentation\segment_20260605_160019.jpg
2026-06-05 16:00:20 [INFO] JSON结果保存到: C:\code\show\Scrap_Steel_In_Field\photos\segmentation_result.json
2026-06-05 16:00:20 [INFO] 类别统计：{0: 50, 1: 55, 2: 30, 3: 14, 4: 40, 5: 38, 6: 40, 7: 40, 8: 64, 9: 63, 10: 36, 11: 19, 12: 22, 13: 48, 14: 0, 15: 26}
2026-06-05 16:00:20 [INFO] 面积统计：{0: 3180672.0, 1: 800172.0, 2: 55656.0, 3: 160236.0, 4: 148896.0, 5: 110988.0, 6: 539064.0, 7: 51516.0, 8: 1012824.0, 9: 340308.0, 10: 161964.0, 11: 362916.0, 12: 52956.0, 13: 652248.0, 14: 108.0, 15: 73620.0}
2026-06-05 16:00:20 [INFO] 分割成功
2026-06-05 16:00:20 [INFO] 引擎上下文已释放
2026-06-05 16:00:20 [INFO] TensorRT 引擎已释放
2026-06-05 16:00:20 [INFO] 全局 CUDA 资源已释放
2026-06-05 16:00:20 [INFO] 分割系统资源已释放
2026-06-05 16:00:24 [INFO] CUDA 初始化成功
2026-06-05 16:00:24 [INFO] 引擎加载成功: scrap_steel.engine
2026-06-05 16:00:24 [INFO] 分割系统初始化成功
2026-06-05 16:00:24 [INFO] 图像预处理完成，原始尺寸: (2160, 3840)
2026-06-05 16:00:24 [INFO] 开始执行分割...
2026-06-05 16:00:24 [DEBUG] 处理后的检测结果形状: (1, 8400, 6)
2026-06-05 16:00:24 [DEBUG] 示例检测结果: [[-4.15447998e+00 -3.18168783e+00  3.90494537e+01  1.47041531e+01
   3.51535725e-08  5.00000000e+00]
 [-6.72834396e+00 -3.00161171e+00  4.47849388e+01  2.87119350e+01
   8.47193515e-09  9.00000000e+00]
 [-3.65449142e+00 -3.35442257e+00  4.59421005e+01  2.96279068e+01
   3.95353084e-09  9.00000000e+00]]
2026-06-05 16:00:24 [DEBUG] 处理后检测输出形状: (0, 52)
2026-06-05 16:00:24 [DEBUG] 有效检测数量: 0
2026-06-05 16:00:24 [DEBUG] 检测输出为空
2026-06-05 16:00:24 [INFO] 掩码中检测到的类别: [0, 1, 2, 3, 4, 5, 6, 7, 8, 9, 10, 11, 12, 13, 14, 15]
2026-06-05 16:00:24 [INFO] 分割完成，检测到 0 个物体
2026-06-05 16:00:24 [INFO] 从分割掩码中提取检测结果
2026-06-05 16:00:24 [INFO] 从掩码中提取了 589 个检测框
2026-06-05 16:00:24 [INFO] 计算出的车框矩形边界: (1095, 658) to (3278, 1640)
2026-06-05 16:00:24 [INFO] 原始检测数: 589, 过滤后检测数: 263
2026-06-05 16:00:25 [INFO] 保存分割和检测结果到: C:\code\show\Scrap_Steel_In_Field\photos\segmentation\segment_20260605_160024.jpg
2026-06-05 16:00:25 [INFO] JSON结果保存到: C:\code\show\Scrap_Steel_In_Field\photos\segmentation_result.json
2026-06-05 16:00:25 [INFO] 类别统计：{0: 71, 1: 57, 2: 28, 3: 10, 4: 42, 5: 35, 6: 33, 7: 41, 8: 56, 9: 59, 10: 38, 11: 19, 12: 17, 13: 60, 14: 0, 15: 23}
2026-06-05 16:00:25 [INFO] 面积统计：{0: 3103848.0, 1: 796608.0, 2: 51336.0, 3: 165492.0, 4: 160272.0, 5: 107784.0, 6: 550656.0, 7: 50184.0, 8: 1030788.0, 9: 338004.0, 10: 166500.0, 11: 383148.0, 12: 56628.0, 13: 668088.0, 14: 108.0, 15: 57708.0}
2026-06-05 16:00:25 [INFO] 分割成功
2026-06-05 16:00:25 [INFO] 引擎上下文已释放
2026-06-05 16:00:25 [INFO] TensorRT 引擎已释放
2026-06-05 16:00:25 [INFO] 全局 CUDA 资源已释放
2026-06-05 16:00:25 [INFO] 分割系统资源已释放
2026-06-05 16:00:29 [INFO] CUDA 初始化成功
2026-06-05 16:00:29 [INFO] 引擎加载成功: scrap_steel.engine
2026-06-05 16:00:29 [INFO] 分割系统初始化成功
2026-06-05 16:00:29 [INFO] 图像预处理完成，原始尺寸: (2160, 3840)
2026-06-05 16:00:29 [INFO] 开始执行分割...
2026-06-05 16:00:29 [DEBUG] 处理后的检测结果形状: (1, 8400, 6)
2026-06-05 16:00:29 [DEBUG] 示例检测结果: [[-4.18745422e+00 -3.21484089e+00  3.90256310e+01  1.48639708e+01
   3.55647281e-08  5.00000000e+00]
 [-6.78889847e+00 -3.04570389e+00  4.46746559e+01  2.87235088e+01
   8.49368575e-09  9.00000000e+00]
 [-3.68745804e+00 -3.41985703e+00  4.58798103e+01  2.95025826e+01
   3.89256627e-09  9.00000000e+00]]
2026-06-05 16:00:29 [DEBUG] 处理后检测输出形状: (0, 52)
2026-06-05 16:00:29 [DEBUG] 有效检测数量: 0
2026-06-05 16:00:29 [DEBUG] 检测输出为空
2026-06-05 16:00:29 [INFO] 掩码中检测到的类别: [0, 1, 2, 3, 4, 5, 6, 7, 8, 9, 10, 11, 12, 13, 14, 15]
2026-06-05 16:00:29 [INFO] 分割完成，检测到 0 个物体
2026-06-05 16:00:29 [INFO] 从分割掩码中提取检测结果
2026-06-05 16:00:29 [INFO] 从掩码中提取了 551 个检测框
2026-06-05 16:00:29 [INFO] 计算出的车框矩形边界: (1095, 658) to (3277, 1641)
2026-06-05 16:00:29 [INFO] 原始检测数: 551, 过滤后检测数: 238
2026-06-05 16:00:30 [INFO] 保存分割和检测结果到: C:\code\show\Scrap_Steel_In_Field\photos\segmentation\segment_20260605_160029.jpg
2026-06-05 16:00:30 [INFO] JSON结果保存到: C:\code\show\Scrap_Steel_In_Field\photos\segmentation_result.json
2026-06-05 16:00:30 [INFO] 类别统计：{0: 54, 1: 53, 2: 26, 3: 13, 4: 42, 5: 30, 6: 31, 7: 36, 8: 56, 9: 60, 10: 28, 11: 16, 12: 23, 13: 56, 14: 0, 15: 27}
2026-06-05 16:00:30 [INFO] 面积统计：{0: 3081384.0, 1: 774468.0, 2: 49212.0, 3: 149256.0, 4: 189252.0, 5: 99108.0, 6: 530856.0, 7: 51300.0, 8: 1041228.0, 9: 335916.0, 10: 171648.0, 11: 390456.0, 12: 48492.0, 13: 651636.0, 14: 252.0, 15: 53676.0}
2026-06-05 16:00:30 [INFO] 分割成功
2026-06-05 16:00:30 [INFO] 引擎上下文已释放
2026-06-05 16:00:30 [INFO] TensorRT 引擎已释放
2026-06-05 16:00:30 [INFO] 全局 CUDA 资源已释放
2026-06-05 16:00:30 [INFO] 分割系统资源已释放
2026-06-05 16:00:34 [INFO] CUDA 初始化成功
2026-06-05 16:00:34 [INFO] 引擎加载成功: scrap_steel.engine
2026-06-05 16:00:34 [INFO] 分割系统初始化成功
2026-06-05 16:00:34 [INFO] 图像预处理完成，原始尺寸: (2160, 3840)
2026-06-05 16:00:34 [INFO] 开始执行分割...
2026-06-05 16:00:34 [DEBUG] 处理后的检测结果形状: (1, 8400, 6)
2026-06-05 16:00:34 [DEBUG] 示例检测结果: [[-4.18919373e+00 -3.21410847e+00  3.91535416e+01  1.48683138e+01
   3.57041294e-08  5.00000000e+00]
 [-6.76725006e+00 -3.03464317e+00  4.47066879e+01  2.87625084e+01
   8.59382965e-09  9.00000000e+00]
 [-3.67761993e+00 -3.42193890e+00  4.59406891e+01  2.96153946e+01
   3.93839628e-09  9.00000000e+00]]
2026-06-05 16:00:34 [DEBUG] 处理后检测输出形状: (0, 52)
2026-06-05 16:00:34 [DEBUG] 有效检测数量: 0
2026-06-05 16:00:34 [DEBUG] 检测输出为空
2026-06-05 16:00:34 [INFO] 掩码中检测到的类别: [0, 1, 2, 3, 4, 5, 6, 7, 8, 9, 10, 11, 12, 13, 14, 15]
2026-06-05 16:00:34 [INFO] 分割完成，检测到 0 个物体
2026-06-05 16:00:34 [INFO] 从分割掩码中提取检测结果
2026-06-05 16:00:34 [INFO] 从掩码中提取了 550 个检测框
2026-06-05 16:00:34 [INFO] 计算出的车框矩形边界: (1095, 662) to (3273, 1641)
2026-06-05 16:00:34 [INFO] 原始检测数: 550, 过滤后检测数: 241
2026-06-05 16:00:35 [INFO] 保存分割和检测结果到: C:\code\show\Scrap_Steel_In_Field\photos\segmentation\segment_20260605_160034.jpg
2026-06-05 16:00:35 [INFO] JSON结果保存到: C:\code\show\Scrap_Steel_In_Field\photos\segmentation_result.json
2026-06-05 16:00:35 [INFO] 类别统计：{0: 48, 1: 49, 2: 24, 3: 11, 4: 38, 5: 38, 6: 38, 7: 43, 8: 54, 9: 60, 10: 33, 11: 20, 12: 20, 13: 50, 14: 0, 15: 24}
2026-06-05 16:00:35 [INFO] 面积统计：{0: 3187620.0, 1: 813492.0, 2: 54612.0, 3: 150660.0, 4: 175428.0, 5: 107208.0, 6: 533988.0, 7: 50328.0, 8: 996912.0, 9: 321768.0, 10: 166644.0, 11: 373968.0, 12: 57240.0, 13: 653400.0, 14: 144.0, 15: 62496.0}
2026-06-05 16:00:35 [INFO] 分割成功
2026-06-05 16:00:35 [INFO] 引擎上下文已释放
2026-06-05 16:00:35 [INFO] TensorRT 引擎已释放
2026-06-05 16:00:35 [INFO] 全局 CUDA 资源已释放
2026-06-05 16:00:35 [INFO] 分割系统资源已释放
2026-06-05 16:00:39 [INFO] CUDA 初始化成功
2026-06-05 16:00:39 [INFO] 引擎加载成功: scrap_steel.engine
2026-06-05 16:00:39 [INFO] 分割系统初始化成功
2026-06-05 16:00:39 [INFO] 图像预处理完成，原始尺寸: (2160, 3840)
2026-06-05 16:00:39 [INFO] 开始执行分割...
2026-06-05 16:00:39 [DEBUG] 处理后的检测结果形状: (1, 8400, 6)
2026-06-05 16:00:39 [DEBUG] 示例检测结果: [[-4.17908096e+00 -3.18082333e+00  3.91963959e+01  1.48114367e+01
   3.54253302e-08  5.00000000e+00]
 [-6.78293991e+00 -3.02549171e+00  4.48900528e+01  2.88110752e+01
   8.60057625e-09  9.00000000e+00]
 [-3.66927719e+00 -3.39351845e+00  4.59667969e+01  2.96126766e+01
   3.98647693e-09  9.00000000e+00]]
2026-06-05 16:00:39 [DEBUG] 处理后检测输出形状: (0, 52)
2026-06-05 16:00:39 [DEBUG] 有效检测数量: 0
2026-06-05 16:00:39 [DEBUG] 检测输出为空
2026-06-05 16:00:39 [INFO] 掩码中检测到的类别: [0, 1, 2, 3, 4, 5, 6, 7, 8, 9, 10, 11, 12, 13, 14, 15]
2026-06-05 16:00:39 [INFO] 分割完成，检测到 0 个物体
2026-06-05 16:00:39 [INFO] 从分割掩码中提取检测结果
2026-06-05 16:00:39 [INFO] 从掩码中提取了 577 个检测框
2026-06-05 16:00:39 [INFO] 计算出的车框矩形边界: (1095, 661) to (3272, 1647)
2026-06-05 16:00:39 [INFO] 原始检测数: 577, 过滤后检测数: 254
2026-06-05 16:00:40 [INFO] 保存分割和检测结果到: C:\code\show\Scrap_Steel_In_Field\photos\segmentation\segment_20260605_160039.jpg
2026-06-05 16:00:40 [INFO] JSON结果保存到: C:\code\show\Scrap_Steel_In_Field\photos\segmentation_result.json
2026-06-05 16:00:40 [INFO] 类别统计：{0: 59, 1: 53, 2: 28, 3: 12, 4: 40, 5: 40, 6: 33, 7: 38, 8: 50, 9: 67, 10: 37, 11: 19, 12: 24, 13: 49, 14: 0, 15: 28}
2026-06-05 16:00:40 [INFO] 面积统计：{0: 3046896.0, 1: 798084.0, 2: 53208.0, 3: 154116.0, 4: 166536.0, 5: 106560.0, 6: 565596.0, 7: 54396.0, 8: 1017684.0, 9: 350928.0, 10: 160488.0, 11: 385740.0, 12: 41076.0, 13: 653832.0, 14: 180.0, 15: 67320.0}
2026-06-05 16:00:40 [INFO] 分割成功
2026-06-05 16:00:40 [INFO] 引擎上下文已释放
2026-06-05 16:00:40 [INFO] TensorRT 引擎已释放
2026-06-05 16:00:40 [INFO] 全局 CUDA 资源已释放
2026-06-05 16:00:40 [INFO] 分割系统资源已释放
2026-06-05 16:00:44 [INFO] CUDA 初始化成功
2026-06-05 16:00:44 [INFO] 引擎加载成功: scrap_steel.engine
2026-06-05 16:00:44 [INFO] 分割系统初始化成功
2026-06-05 16:00:44 [INFO] 图像预处理完成，原始尺寸: (2160, 3840)
2026-06-05 16:00:44 [INFO] 开始执行分割...
2026-06-05 16:00:44 [DEBUG] 处理后的检测结果形状: (1, 8400, 6)
2026-06-05 16:00:44 [DEBUG] 示例检测结果: [[-4.18441010e+00 -3.17771626e+00  3.89195633e+01  1.47603579e+01
   3.51535725e-08  5.00000000e+00]
 [-6.77137375e+00 -3.03724861e+00  4.47108994e+01  2.86929913e+01
   8.46418136e-09  9.00000000e+00]
 [-3.68058014e+00 -3.40702343e+00  4.59182663e+01  2.95501213e+01
   3.93705779e-09  9.00000000e+00]]
2026-06-05 16:00:44 [DEBUG] 处理后检测输出形状: (0, 52)
2026-06-05 16:00:44 [DEBUG] 有效检测数量: 0
2026-06-05 16:00:44 [DEBUG] 检测输出为空
2026-06-05 16:00:44 [INFO] 掩码中检测到的类别: [0, 1, 2, 3, 4, 5, 6, 7, 8, 9, 10, 11, 12, 13, 14, 15]
2026-06-05 16:00:45 [INFO] 分割完成，检测到 0 个物体
2026-06-05 16:00:45 [INFO] 从分割掩码中提取检测结果
2026-06-05 16:00:45 [INFO] 从掩码中提取了 559 个检测框
2026-06-05 16:00:45 [INFO] 计算出的车框矩形边界: (1095, 662) to (3273, 1641)
2026-06-05 16:00:45 [INFO] 原始检测数: 559, 过滤后检测数: 256
2026-06-05 16:00:45 [INFO] 保存分割和检测结果到: C:\code\show\Scrap_Steel_In_Field\photos\segmentation\segment_20260605_160045.jpg
2026-06-05 16:00:45 [INFO] JSON结果保存到: C:\code\show\Scrap_Steel_In_Field\photos\segmentation_result.json
2026-06-05 16:00:45 [INFO] 类别统计：{0: 58, 1: 49, 2: 24, 3: 12, 4: 38, 5: 34, 6: 33, 7: 38, 8: 69, 9: 58, 10: 34, 11: 15, 12: 24, 13: 47, 14: 0, 15: 26}
2026-06-05 16:00:45 [INFO] 面积统计：{0: 3114864.0, 1: 775656.0, 2: 55260.0, 3: 148896.0, 4: 146628.0, 5: 96264.0, 6: 544320.0, 7: 50688.0, 8: 1048536.0, 9: 334476.0, 10: 168192.0, 11: 375012.0, 12: 58932.0, 13: 642204.0, 14: 108.0, 15: 79092.0}
2026-06-05 16:00:45 [INFO] 分割成功
2026-06-05 16:00:45 [INFO] 引擎上下文已释放
2026-06-05 16:00:45 [INFO] TensorRT 引擎已释放
2026-06-05 16:00:45 [INFO] 全局 CUDA 资源已释放
2026-06-05 16:00:45 [INFO] 分割系统资源已释放
2026-06-05 16:00:49 [INFO] CUDA 初始化成功
2026-06-05 16:00:49 [INFO] 引擎加载成功: scrap_steel.engine
2026-06-05 16:00:49 [INFO] 分割系统初始化成功
2026-06-05 16:00:50 [INFO] 图像预处理完成，原始尺寸: (2160, 3840)
2026-06-05 16:00:50 [INFO] 开始执行分割...
2026-06-05 16:00:50 [DEBUG] 处理后的检测结果形状: (1, 8400, 6)
2026-06-05 16:00:50 [DEBUG] 示例检测结果: [[-4.19994736e+00 -3.19155979e+00  3.91320686e+01  1.48186216e+01
   3.56970844e-08  5.00000000e+00]
 [-6.75829697e+00 -3.03651047e+00  4.47939415e+01  2.87880707e+01
   8.69504468e-09  9.00000000e+00]
 [-3.69221497e+00 -3.43206024e+00  4.59842911e+01  2.96586914e+01
   3.98988043e-09  9.00000000e+00]]
2026-06-05 16:00:50 [DEBUG] 处理后检测输出形状: (0, 52)
2026-06-05 16:00:50 [DEBUG] 有效检测数量: 0
2026-06-05 16:00:50 [DEBUG] 检测输出为空
2026-06-05 16:00:50 [INFO] 掩码中检测到的类别: [0, 1, 2, 3, 4, 5, 6, 7, 8, 9, 10, 11, 12, 13, 14, 15]
2026-06-05 16:00:50 [INFO] 分割完成，检测到 0 个物体
2026-06-05 16:00:50 [INFO] 从分割掩码中提取检测结果
2026-06-05 16:00:50 [INFO] 从掩码中提取了 565 个检测框
2026-06-05 16:00:50 [INFO] 计算出的车框矩形边界: (1095, 660) to (3278, 1641)
2026-06-05 16:00:50 [INFO] 原始检测数: 565, 过滤后检测数: 241
2026-06-05 16:00:50 [INFO] 保存分割和检测结果到: C:\code\show\Scrap_Steel_In_Field\photos\segmentation\segment_20260605_160050.jpg
2026-06-05 16:00:50 [INFO] JSON结果保存到: C:\code\show\Scrap_Steel_In_Field\photos\segmentation_result.json
2026-06-05 16:00:50 [INFO] 类别统计：{0: 55, 1: 45, 2: 29, 3: 7, 4: 44, 5: 42, 6: 32, 7: 44, 8: 60, 9: 61, 10: 33, 11: 17, 12: 18, 13: 53, 14: 0, 15: 25}
2026-06-05 16:00:50 [INFO] 面积统计：{0: 3142008.0, 1: 786096.0, 2: 59148.0, 3: 158004.0, 4: 157140.0, 5: 103500.0, 6: 539892.0, 7: 52524.0, 8: 1032984.0, 9: 343224.0, 10: 164736.0, 11: 376164.0, 12: 58356.0, 13: 649512.0, 14: 72.0, 15: 72252.0}
2026-06-05 16:00:50 [INFO] 分割成功
2026-06-05 16:00:50 [INFO] 引擎上下文已释放
2026-06-05 16:00:50 [INFO] TensorRT 引擎已释放
2026-06-05 16:00:51 [INFO] 全局 CUDA 资源已释放
2026-06-05 16:00:51 [INFO] 分割系统资源已释放
2026-06-05 16:00:55 [INFO] CUDA 初始化成功
2026-06-05 16:00:55 [INFO] 引擎加载成功: scrap_steel.engine
2026-06-05 16:00:55 [INFO] 分割系统初始化成功
2026-06-05 16:00:55 [INFO] 图像预处理完成，原始尺寸: (2160, 3840)
2026-06-05 16:00:55 [INFO] 开始执行分割...
2026-06-05 16:00:55 [DEBUG] 处理后的检测结果形状: (1, 8400, 6)
2026-06-05 16:00:55 [DEBUG] 示例检测结果: [[-4.17036438e+00 -3.19448948e+00  3.89467964e+01  1.47440825e+01
   3.51759013e-08  5.00000000e+00]
 [-6.72793198e+00 -3.04175949e+00  4.47929039e+01  2.86990166e+01
   8.46418136e-09  9.00000000e+00]
 [-3.64677048e+00 -3.41110992e+00  4.59557762e+01  2.95325890e+01
   3.93705779e-09  9.00000000e+00]]
2026-06-05 16:00:55 [DEBUG] 处理后检测输出形状: (0, 52)
2026-06-05 16:00:55 [DEBUG] 有效检测数量: 0
2026-06-05 16:00:55 [DEBUG] 检测输出为空
2026-06-05 16:00:55 [INFO] 掩码中检测到的类别: [0, 1, 2, 3, 4, 5, 6, 7, 8, 9, 10, 11, 12, 13, 14, 15]
2026-06-05 16:00:55 [INFO] 分割完成，检测到 0 个物体
2026-06-05 16:00:55 [INFO] 从分割掩码中提取检测结果
2026-06-05 16:00:55 [INFO] 从掩码中提取了 550 个检测框
2026-06-05 16:00:55 [INFO] 计算出的车框矩形边界: (1095, 659) to (3276, 1647)
2026-06-05 16:00:55 [INFO] 原始检测数: 550, 过滤后检测数: 242
2026-06-05 16:00:56 [INFO] 保存分割和检测结果到: C:\code\show\Scrap_Steel_In_Field\photos\segmentation\segment_20260605_160055.jpg
2026-06-05 16:00:56 [INFO] JSON结果保存到: C:\code\show\Scrap_Steel_In_Field\photos\segmentation_result.json
2026-06-05 16:00:56 [INFO] 类别统计：{0: 47, 1: 49, 2: 31, 3: 8, 4: 39, 5: 38, 6: 33, 7: 40, 8: 59, 9: 67, 10: 35, 11: 14, 12: 16, 13: 52, 14: 0, 15: 22}
2026-06-05 16:00:56 [INFO] 面积统计：{0: 3068172.0, 1: 800388.0, 2: 55548.0, 3: 160668.0, 4: 145944.0, 5: 108468.0, 6: 557928.0, 7: 55692.0, 8: 1019304.0, 9: 364860.0, 10: 166032.0, 11: 382932.0, 12: 57816.0, 13: 649980.0, 14: 108.0, 15: 70740.0}
2026-06-05 16:00:56 [INFO] 分割成功
2026-06-05 16:00:56 [INFO] 引擎上下文已释放
2026-06-05 16:00:56 [INFO] TensorRT 引擎已释放
2026-06-05 16:00:56 [INFO] 全局 CUDA 资源已释放
2026-06-05 16:00:56 [INFO] 分割系统资源已释放
2026-06-05 16:01:00 [INFO] CUDA 初始化成功
2026-06-05 16:01:00 [INFO] 引擎加载成功: scrap_steel.engine
2026-06-05 16:01:00 [INFO] 分割系统初始化成功
2026-06-05 16:01:00 [INFO] 图像预处理完成，原始尺寸: (2160, 3840)
2026-06-05 16:01:00 [INFO] 开始执行分割...
2026-06-05 16:01:00 [DEBUG] 处理后的检测结果形状: (1, 8400, 6)
2026-06-05 16:01:00 [DEBUG] 示例检测结果: [[-4.18574142e+00 -3.16893959e+00  3.90152206e+01  1.47626572e+01
   3.51535725e-08  5.00000000e+00]
 [-6.78325653e+00 -3.01290131e+00  4.47059860e+01  2.86231155e+01
   8.56044835e-09  9.00000000e+00]
 [-3.67826080e+00 -3.38083553e+00  4.59231873e+01  2.94952087e+01
   3.98647693e-09  9.00000000e+00]]
2026-06-05 16:01:00 [DEBUG] 处理后检测输出形状: (0, 52)
2026-06-05 16:01:00 [DEBUG] 有效检测数量: 0
2026-06-05 16:01:00 [DEBUG] 检测输出为空
2026-06-05 16:01:00 [INFO] 掩码中检测到的类别: [0, 1, 2, 3, 4, 5, 6, 7, 8, 9, 10, 11, 12, 13, 14, 15]
2026-06-05 16:01:00 [INFO] 分割完成，检测到 0 个物体
2026-06-05 16:01:00 [INFO] 从分割掩码中提取检测结果
2026-06-05 16:01:00 [INFO] 从掩码中提取了 584 个检测框
2026-06-05 16:01:00 [INFO] 计算出的车框矩形边界: (1095, 659) to (3277, 1647)
2026-06-05 16:01:00 [INFO] 原始检测数: 584, 过滤后检测数: 262
2026-06-05 16:01:01 [INFO] 保存分割和检测结果到: C:\code\show\Scrap_Steel_In_Field\photos\segmentation\segment_20260605_160100.jpg
2026-06-05 16:01:01 [INFO] JSON结果保存到: C:\code\show\Scrap_Steel_In_Field\photos\segmentation_result.json
2026-06-05 16:01:01 [INFO] 类别统计：{0: 64, 1: 54, 2: 31, 3: 10, 4: 38, 5: 40, 6: 37, 7: 44, 8: 62, 9: 60, 10: 33, 11: 13, 12: 27, 13: 45, 14: 0, 15: 26}
2026-06-05 16:01:01 [INFO] 面积统计：{0: 3031020.0, 1: 774288.0, 2: 56448.0, 3: 159084.0, 4: 146556.0, 5: 111348.0, 6: 535716.0, 7: 50400.0, 8: 1015236.0, 9: 362700.0, 10: 162072.0, 11: 392184.0, 12: 71028.0, 13: 652320.0, 14: 144.0, 15: 67968.0}
2026-06-05 16:01:01 [INFO] 分割成功
2026-06-05 16:01:01 [INFO] 引擎上下文已释放
2026-06-05 16:01:01 [INFO] TensorRT 引擎已释放
2026-06-05 16:01:01 [INFO] 全局 CUDA 资源已释放
2026-06-05 16:01:01 [INFO] 分割系统资源已释放
2026-06-05 16:01:05 [INFO] CUDA 初始化成功
2026-06-05 16:01:05 [INFO] 引擎加载成功: scrap_steel.engine
2026-06-05 16:01:05 [INFO] 分割系统初始化成功
2026-06-05 16:01:05 [INFO] 图像预处理完成，原始尺寸: (2160, 3840)
2026-06-05 16:01:05 [INFO] 开始执行分割...
2026-06-05 16:01:05 [DEBUG] 处理后的检测结果形状: (1, 8400, 6)
2026-06-05 16:01:05 [DEBUG] 示例检测结果: [[-4.18495941e+00 -3.18336201e+00  3.90109329e+01  1.47637053e+01
   3.58435273e-08  5.00000000e+00]
 [-6.76209641e+00 -3.02637672e+00  4.46637688e+01  2.86696777e+01
   8.52706705e-09  9.00000000e+00]
 [-3.65608978e+00 -3.40872955e+00  4.59148178e+01  2.96062851e+01
   3.98647693e-09  9.00000000e+00]]
2026-06-05 16:01:05 [DEBUG] 处理后检测输出形状: (0, 52)
2026-06-05 16:01:05 [DEBUG] 有效检测数量: 0
2026-06-05 16:01:05 [DEBUG] 检测输出为空
2026-06-05 16:01:05 [INFO] 掩码中检测到的类别: [0, 1, 2, 3, 4, 5, 6, 7, 8, 9, 10, 11, 12, 13, 14, 15]
2026-06-05 16:01:05 [INFO] 分割完成，检测到 0 个物体
2026-06-05 16:01:05 [INFO] 从分割掩码中提取检测结果
2026-06-05 16:01:05 [INFO] 从掩码中提取了 553 个检测框
2026-06-05 16:01:05 [INFO] 计算出的车框矩形边界: (1095, 658) to (3276, 1641)
2026-06-05 16:01:05 [INFO] 原始检测数: 553, 过滤后检测数: 249
2026-06-05 16:01:06 [INFO] 保存分割和检测结果到: C:\code\show\Scrap_Steel_In_Field\photos\segmentation\segment_20260605_160105.jpg
2026-06-05 16:01:06 [INFO] JSON结果保存到: C:\code\show\Scrap_Steel_In_Field\photos\segmentation_result.json
2026-06-05 16:01:06 [INFO] 类别统计：{0: 63, 1: 51, 2: 30, 3: 8, 4: 45, 5: 29, 6: 29, 7: 37, 8: 61, 9: 54, 10: 36, 11: 18, 12: 20, 13: 49, 14: 0, 15: 23}
2026-06-05 16:01:06 [INFO] 面积统计：{0: 3082644.0, 1: 787716.0, 2: 48708.0, 3: 159192.0, 4: 148896.0, 5: 111132.0, 6: 534132.0, 7: 48852.0, 8: 1014300.0, 9: 375912.0, 10: 162648.0, 11: 371808.0, 12: 60480.0, 13: 646848.0, 14: 216.0, 15: 62640.0}
2026-06-05 16:01:06 [INFO] 分割成功
2026-06-05 16:01:06 [INFO] 引擎上下文已释放
2026-06-05 16:01:06 [INFO] TensorRT 引擎已释放
2026-06-05 16:01:06 [INFO] 全局 CUDA 资源已释放
2026-06-05 16:01:06 [INFO] 分割系统资源已释放
2026-06-05 16:01:10 [INFO] CUDA 初始化成功
2026-06-05 16:01:10 [INFO] 引擎加载成功: scrap_steel.engine
2026-06-05 16:01:10 [INFO] 分割系统初始化成功
2026-06-05 16:01:10 [INFO] 图像预处理完成，原始尺寸: (2160, 3840)
2026-06-05 16:01:10 [INFO] 开始执行分割...
2026-06-05 16:01:10 [DEBUG] 处理后的检测结果形状: (1, 8400, 6)
2026-06-05 16:01:10 [DEBUG] 示例检测结果: [[-4.18447113e+00 -3.18052721e+00  3.89357834e+01  1.46860466e+01
   3.52919045e-08  5.00000000e+00]
 [-6.81460953e+00 -3.01145554e+00  4.46425209e+01  2.85658703e+01
   8.47193515e-09  9.00000000e+00]
 [-3.68062592e+00 -3.42255783e+00  4.58790321e+01  2.94646721e+01
   3.90670252e-09  9.00000000e+00]]
2026-06-05 16:01:10 [DEBUG] 处理后检测输出形状: (0, 52)
2026-06-05 16:01:10 [DEBUG] 有效检测数量: 0
2026-06-05 16:01:10 [DEBUG] 检测输出为空
2026-06-05 16:01:10 [INFO] 掩码中检测到的类别: [0, 1, 2, 3, 4, 5, 6, 7, 8, 9, 10, 11, 12, 13, 14, 15]
2026-06-05 16:01:10 [INFO] 分割完成，检测到 0 个物体
2026-06-05 16:01:10 [INFO] 从分割掩码中提取检测结果
2026-06-05 16:01:10 [INFO] 从掩码中提取了 570 个检测框
2026-06-05 16:01:10 [INFO] 计算出的车框矩形边界: (1095, 662) to (3277, 1641)
2026-06-05 16:01:10 [INFO] 原始检测数: 570, 过滤后检测数: 242
2026-06-05 16:01:11 [INFO] 保存分割和检测结果到: C:\code\show\Scrap_Steel_In_Field\photos\segmentation\segment_20260605_160110.jpg
2026-06-05 16:01:11 [INFO] JSON结果保存到: C:\code\show\Scrap_Steel_In_Field\photos\segmentation_result.json
2026-06-05 16:01:11 [INFO] 类别统计：{0: 61, 1: 48, 2: 28, 3: 10, 4: 43, 5: 34, 6: 35, 7: 39, 8: 64, 9: 58, 10: 32, 11: 16, 12: 20, 13: 56, 14: 0, 15: 26}
2026-06-05 16:01:11 [INFO] 面积统计：{0: 3127608.0, 1: 807372.0, 2: 51228.0, 3: 160416.0, 4: 158580.0, 5: 104148.0, 6: 538884.0, 7: 43848.0, 8: 997560.0, 9: 379188.0, 10: 167436.0, 11: 362412.0, 12: 62460.0, 13: 664848.0, 14: 252.0, 15: 61992.0}
2026-06-05 16:01:11 [INFO] 分割成功
2026-06-05 16:01:11 [INFO] 引擎上下文已释放
2026-06-05 16:01:11 [INFO] TensorRT 引擎已释放
2026-06-05 16:01:11 [INFO] 全局 CUDA 资源已释放
2026-06-05 16:01:11 [INFO] 分割系统资源已释放
2026-06-05 16:01:15 [INFO] CUDA 初始化成功
2026-06-05 16:01:15 [INFO] 引擎加载成功: scrap_steel.engine
2026-06-05 16:01:15 [INFO] 分割系统初始化成功
2026-06-05 16:01:15 [INFO] 图像预处理完成，原始尺寸: (2160, 3840)
2026-06-05 16:01:15 [INFO] 开始执行分割...
2026-06-05 16:01:15 [DEBUG] 处理后的检测结果形状: (1, 8400, 6)
2026-06-05 16:01:15 [DEBUG] 示例检测结果: [[-4.16641998e+00 -3.19160748e+00  3.91017723e+01  1.47826929e+01
   3.59780223e-08  5.00000000e+00]
 [-6.73339462e+00 -2.99697113e+00  4.48382912e+01  2.88589401e+01
   8.60057625e-09  9.00000000e+00]
 [-3.67263031e+00 -3.40303040e+00  4.59831390e+01  2.97059174e+01
   4.05128020e-09  9.00000000e+00]]
2026-06-05 16:01:15 [DEBUG] 处理后检测输出形状: (0, 52)
2026-06-05 16:01:15 [DEBUG] 有效检测数量: 0
2026-06-05 16:01:15 [DEBUG] 检测输出为空
2026-06-05 16:01:15 [INFO] 掩码中检测到的类别: [0, 1, 2, 3, 4, 5, 6, 7, 8, 9, 10, 11, 12, 13, 14, 15]
2026-06-05 16:01:15 [INFO] 分割完成，检测到 0 个物体
2026-06-05 16:01:15 [INFO] 从分割掩码中提取检测结果
2026-06-05 16:01:15 [INFO] 从掩码中提取了 558 个检测框
2026-06-05 16:01:15 [INFO] 计算出的车框矩形边界: (1095, 660) to (3277, 1641)
2026-06-05 16:01:15 [INFO] 原始检测数: 558, 过滤后检测数: 246
2026-06-05 16:01:16 [INFO] 保存分割和检测结果到: C:\code\show\Scrap_Steel_In_Field\photos\segmentation\segment_20260605_160115.jpg
2026-06-05 16:01:16 [INFO] JSON结果保存到: C:\code\show\Scrap_Steel_In_Field\photos\segmentation_result.json
2026-06-05 16:01:16 [INFO] 类别统计：{0: 62, 1: 41, 2: 25, 3: 13, 4: 41, 5: 38, 6: 35, 7: 38, 8: 66, 9: 56, 10: 35, 11: 17, 12: 19, 13: 47, 14: 0, 15: 25}
2026-06-05 16:01:16 [INFO] 面积统计：{0: 3127464.0, 1: 784764.0, 2: 49500.0, 3: 157032.0, 4: 150624.0, 5: 103068.0, 6: 546552.0, 7: 51732.0, 8: 1010484.0, 9: 342108.0, 10: 170820.0, 11: 376056.0, 12: 53604.0, 13: 650268.0, 14: 144.0, 15: 85212.0}
2026-06-05 16:01:16 [INFO] 分割成功
2026-06-05 16:01:16 [INFO] 引擎上下文已释放
2026-06-05 16:01:16 [INFO] TensorRT 引擎已释放
2026-06-05 16:01:16 [INFO] 全局 CUDA 资源已释放
2026-06-05 16:01:16 [INFO] 分割系统资源已释放
2026-06-05 16:01:20 [INFO] CUDA 初始化成功
2026-06-05 16:01:20 [INFO] 引擎加载成功: scrap_steel.engine
2026-06-05 16:01:20 [INFO] 分割系统初始化成功
2026-06-05 16:01:20 [INFO] 图像预处理完成，原始尺寸: (2160, 3840)
2026-06-05 16:01:20 [INFO] 开始执行分割...
2026-06-05 16:01:20 [DEBUG] 处理后的检测结果形状: (1, 8400, 6)
2026-06-05 16:01:20 [DEBUG] 示例检测结果: [[-4.18452072e+00 -3.18590021e+00  3.89972076e+01  1.47636929e+01
   3.49012268e-08  5.00000000e+00]
 [-6.72865677e+00 -3.01512146e+00  4.46712837e+01  2.86203918e+01
   8.46418136e-09  9.00000000e+00]
 [-3.64876556e+00 -3.39593983e+00  4.58774872e+01  2.95336800e+01
   3.91989907e-09  9.00000000e+00]]
2026-06-05 16:01:20 [DEBUG] 处理后检测输出形状: (0, 52)
2026-06-05 16:01:20 [DEBUG] 有效检测数量: 0
2026-06-05 16:01:20 [DEBUG] 检测输出为空
2026-06-05 16:01:20 [INFO] 掩码中检测到的类别: [0, 1, 2, 3, 4, 5, 6, 7, 8, 9, 10, 11, 12, 13, 14, 15]
2026-06-05 16:01:20 [INFO] 分割完成，检测到 0 个物体
2026-06-05 16:01:20 [INFO] 从分割掩码中提取检测结果
2026-06-05 16:01:21 [INFO] 从掩码中提取了 545 个检测框
2026-06-05 16:01:21 [INFO] 计算出的车框矩形边界: (1095, 660) to (3277, 1640)
2026-06-05 16:01:21 [INFO] 原始检测数: 545, 过滤后检测数: 249
2026-06-05 16:01:21 [INFO] 保存分割和检测结果到: C:\code\show\Scrap_Steel_In_Field\photos\segmentation\segment_20260605_160121.jpg
2026-06-05 16:01:21 [INFO] JSON结果保存到: C:\code\show\Scrap_Steel_In_Field\photos\segmentation_result.json
2026-06-05 16:01:21 [INFO] 类别统计：{0: 49, 1: 54, 2: 28, 3: 11, 4: 35, 5: 34, 6: 32, 7: 37, 8: 59, 9: 63, 10: 36, 11: 16, 12: 20, 13: 44, 14: 0, 15: 27}
2026-06-05 16:01:21 [INFO] 面积统计：{0: 3122460.0, 1: 777384.0, 2: 48744.0, 3: 161100.0, 4: 169416.0, 5: 99648.0, 6: 566856.0, 7: 52164.0, 8: 1009224.0, 9: 367956.0, 10: 168624.0, 11: 383904.0, 12: 49176.0, 13: 651744.0, 14: 108.0, 15: 65484.0}
2026-06-05 16:01:21 [INFO] 分割成功
2026-06-05 16:01:21 [INFO] 引擎上下文已释放
2026-06-05 16:01:21 [INFO] TensorRT 引擎已释放
2026-06-05 16:01:21 [INFO] 全局 CUDA 资源已释放
2026-06-05 16:01:21 [INFO] 分割系统资源已释放
2026-06-05 16:01:25 [INFO] CUDA 初始化成功
2026-06-05 16:01:25 [INFO] 引擎加载成功: scrap_steel.engine
2026-06-05 16:01:25 [INFO] 分割系统初始化成功
2026-06-05 16:01:25 [INFO] 图像预处理完成，原始尺寸: (2160, 3840)
2026-06-05 16:01:25 [INFO] 开始执行分割...
2026-06-05 16:01:25 [DEBUG] 处理后的检测结果形状: (1, 8400, 6)
2026-06-05 16:01:25 [DEBUG] 示例检测结果: [[-4.21310043e+00 -3.20424128e+00  3.91578407e+01  1.48164730e+01
   3.56970844e-08  5.00000000e+00]
 [-6.81319427e+00 -3.03703499e+00  4.47644081e+01  2.88995533e+01
   8.60057625e-09  9.00000000e+00]
 [-3.66272354e+00 -3.43254757e+00  4.59659348e+01  2.97281570e+01
   3.92500432e-09  9.00000000e+00]]
2026-06-05 16:01:25 [DEBUG] 处理后检测输出形状: (0, 52)
2026-06-05 16:01:25 [DEBUG] 有效检测数量: 0
2026-06-05 16:01:25 [DEBUG] 检测输出为空
2026-06-05 16:01:25 [INFO] 掩码中检测到的类别: [0, 1, 2, 3, 4, 5, 6, 7, 8, 9, 10, 11, 12, 13, 14, 15]
2026-06-05 16:01:25 [INFO] 分割完成，检测到 0 个物体
2026-06-05 16:01:25 [INFO] 从分割掩码中提取检测结果
2026-06-05 16:01:26 [INFO] 从掩码中提取了 570 个检测框
2026-06-05 16:01:26 [INFO] 计算出的车框矩形边界: (1095, 662) to (3277, 1640)
2026-06-05 16:01:26 [INFO] 原始检测数: 570, 过滤后检测数: 257
2026-06-05 16:01:27 [INFO] 保存分割和检测结果到: C:\code\show\Scrap_Steel_In_Field\photos\segmentation\segment_20260605_160126.jpg
2026-06-05 16:01:27 [INFO] JSON结果保存到: C:\code\show\Scrap_Steel_In_Field\photos\segmentation_result.json
2026-06-05 16:01:27 [INFO] 类别统计：{0: 58, 1: 51, 2: 25, 3: 9, 4: 38, 5: 35, 6: 34, 7: 40, 8: 68, 9: 64, 10: 38, 11: 13, 12: 18, 13: 53, 14: 0, 15: 26}
2026-06-05 16:01:27 [INFO] 面积统计：{0: 3094056.0, 1: 803880.0, 2: 55692.0, 3: 156312.0, 4: 151092.0, 5: 106596.0, 6: 555624.0, 7: 57528.0, 8: 998892.0, 9: 349704.0, 10: 174636.0, 11: 370404.0, 12: 51876.0, 13: 645768.0, 14: 180.0, 15: 86148.0}
2026-06-05 16:01:27 [INFO] 分割成功
2026-06-05 16:01:27 [INFO] 引擎上下文已释放
2026-06-05 16:01:27 [INFO] TensorRT 引擎已释放
2026-06-05 16:01:27 [INFO] 全局 CUDA 资源已释放
2026-06-05 16:01:27 [INFO] 分割系统资源已释放
2026-06-05 16:01:30 [INFO] CUDA 初始化成功
2026-06-05 16:01:30 [INFO] 引擎加载成功: scrap_steel.engine
2026-06-05 16:01:30 [INFO] 分割系统初始化成功
2026-06-05 16:01:30 [INFO] 图像预处理完成，原始尺寸: (2160, 3840)
2026-06-05 16:01:30 [INFO] 开始执行分割...
2026-06-05 16:01:30 [DEBUG] 处理后的检测结果形状: (1, 8400, 6)
2026-06-05 16:01:30 [DEBUG] 示例检测结果: [[-4.21578598e+00 -3.21372032e+00  3.91477661e+01  1.48772259e+01
   3.54253302e-08  5.00000000e+00]
 [-6.83737564e+00 -3.05951118e+00  4.47238922e+01  2.88758354e+01
   8.49368575e-09  9.00000000e+00]
 [-3.70050430e+00 -3.45803261e+00  4.59354744e+01  2.96984997e+01
   3.92500432e-09  9.00000000e+00]]
2026-06-05 16:01:30 [DEBUG] 处理后检测输出形状: (0, 52)
2026-06-05 16:01:30 [DEBUG] 有效检测数量: 0
2026-06-05 16:01:30 [DEBUG] 检测输出为空
2026-06-05 16:01:30 [INFO] 掩码中检测到的类别: [0, 1, 2, 3, 4, 5, 6, 7, 8, 9, 10, 11, 12, 13, 14, 15]
2026-06-05 16:01:30 [INFO] 分割完成，检测到 0 个物体
2026-06-05 16:01:30 [INFO] 从分割掩码中提取检测结果
2026-06-05 16:01:31 [INFO] 从掩码中提取了 576 个检测框
2026-06-05 16:01:31 [INFO] 计算出的车框矩形边界: (1095, 661) to (3278, 1641)
2026-06-05 16:01:31 [INFO] 原始检测数: 576, 过滤后检测数: 250
2026-06-05 16:01:31 [INFO] 保存分割和检测结果到: C:\code\show\Scrap_Steel_In_Field\photos\segmentation\segment_20260605_160131.jpg
2026-06-05 16:01:31 [INFO] JSON结果保存到: C:\code\show\Scrap_Steel_In_Field\photos\segmentation_result.json
2026-06-05 16:01:31 [INFO] 类别统计：{0: 66, 1: 54, 2: 28, 3: 14, 4: 37, 5: 35, 6: 32, 7: 41, 8: 65, 9: 54, 10: 31, 11: 17, 12: 23, 13: 51, 14: 0, 15: 28}
2026-06-05 16:01:31 [INFO] 面积统计：{0: 3079368.0, 1: 811476.0, 2: 54756.0, 3: 152208.0, 4: 171540.0, 5: 107892.0, 6: 547200.0, 7: 56520.0, 8: 1038168.0, 9: 360432.0, 10: 173628.0, 11: 383796.0, 12: 58716.0, 13: 657540.0, 14: 72.0, 15: 62424.0}
2026-06-05 16:01:31 [INFO] 分割成功
2026-06-05 16:01:31 [INFO] 引擎上下文已释放
2026-06-05 16:01:31 [INFO] TensorRT 引擎已释放
2026-06-05 16:01:31 [INFO] 全局 CUDA 资源已释放
2026-06-05 16:01:31 [INFO] 分割系统资源已释放
2026-06-05 16:01:35 [INFO] CUDA 初始化成功
2026-06-05 16:01:35 [INFO] 引擎加载成功: scrap_steel.engine
2026-06-05 16:01:35 [INFO] 分割系统初始化成功
2026-06-05 16:01:36 [INFO] 图像预处理完成，原始尺寸: (2160, 3840)
2026-06-05 16:01:36 [INFO] 开始执行分割...
2026-06-05 16:01:36 [DEBUG] 处理后的检测结果形状: (1, 8400, 6)
2026-06-05 16:01:36 [DEBUG] 示例检测结果: [[-4.21587753e+00 -3.20317173e+00  3.90286942e+01  1.48175058e+01
   3.57041294e-08  5.00000000e+00]
 [-6.83335495e+00 -3.05904961e+00  4.47193184e+01  2.87819920e+01
   8.40560421e-09  9.00000000e+00]
 [-3.71286011e+00 -3.46135616e+00  4.59271622e+01  2.96150513e+01
   3.84641652e-09  9.00000000e+00]]
2026-06-05 16:01:36 [DEBUG] 处理后检测输出形状: (0, 52)
2026-06-05 16:01:36 [DEBUG] 有效检测数量: 0
2026-06-05 16:01:36 [DEBUG] 检测输出为空
2026-06-05 16:01:36 [INFO] 掩码中检测到的类别: [0, 1, 2, 3, 4, 5, 6, 7, 8, 9, 10, 11, 12, 13, 14, 15]
2026-06-05 16:01:36 [INFO] 分割完成，检测到 0 个物体
2026-06-05 16:01:36 [INFO] 从分割掩码中提取检测结果
2026-06-05 16:01:36 [INFO] 从掩码中提取了 552 个检测框
2026-06-05 16:01:36 [INFO] 计算出的车框矩形边界: (1095, 659) to (3277, 1641)
2026-06-05 16:01:36 [INFO] 原始检测数: 552, 过滤后检测数: 245
2026-06-05 16:01:36 [INFO] 保存分割和检测结果到: C:\code\show\Scrap_Steel_In_Field\photos\segmentation\segment_20260605_160136.jpg
2026-06-05 16:01:36 [INFO] JSON结果保存到: C:\code\show\Scrap_Steel_In_Field\photos\segmentation_result.json
2026-06-05 16:01:36 [INFO] 类别统计：{0: 64, 1: 54, 2: 27, 3: 10, 4: 36, 5: 30, 6: 35, 7: 39, 8: 53, 9: 57, 10: 39, 11: 17, 12: 17, 13: 46, 14: 0, 15: 28}
2026-06-05 16:01:36 [INFO] 面积统计：{0: 3165264.0, 1: 794628.0, 2: 52740.0, 3: 155268.0, 4: 157212.0, 5: 102420.0, 6: 554688.0, 7: 55296.0, 8: 1003968.0, 9: 386352.0, 10: 164700.0, 11: 385740.0, 12: 47556.0, 13: 641196.0, 14: 216.0, 15: 89064.0}
2026-06-05 16:01:36 [INFO] 分割成功
2026-06-05 16:01:36 [INFO] 引擎上下文已释放
2026-06-05 16:01:36 [INFO] TensorRT 引擎已释放
2026-06-05 16:01:37 [INFO] 全局 CUDA 资源已释放
2026-06-05 16:01:37 [INFO] 分割系统资源已释放
2026-06-05 16:01:40 [INFO] CUDA 初始化成功
2026-06-05 16:01:41 [INFO] 引擎加载成功: scrap_steel.engine
2026-06-05 16:01:41 [INFO] 分割系统初始化成功
2026-06-05 16:01:41 [INFO] 图像预处理完成，原始尺寸: (2160, 3840)
2026-06-05 16:01:41 [INFO] 开始执行分割...
2026-06-05 16:01:41 [DEBUG] 处理后的检测结果形状: (1, 8400, 6)
2026-06-05 16:01:41 [DEBUG] 示例检测结果: [[-4.18111420e+00 -3.17948246e+00  3.90582352e+01  1.47595491e+01
   3.52919045e-08  5.00000000e+00]
 [-6.75489044e+00 -3.01140594e+00  4.48070755e+01  2.87145214e+01
   8.47193515e-09  9.00000000e+00]
 [-3.67163086e+00 -3.39041328e+00  4.59154053e+01  2.95893993e+01
   3.90670252e-09  9.00000000e+00]]
2026-06-05 16:01:41 [DEBUG] 处理后检测输出形状: (0, 52)
2026-06-05 16:01:41 [DEBUG] 有效检测数量: 0
2026-06-05 16:01:41 [DEBUG] 检测输出为空
2026-06-05 16:01:41 [INFO] 掩码中检测到的类别: [0, 1, 2, 3, 4, 5, 6, 7, 8, 9, 10, 11, 12, 13, 14, 15]
2026-06-05 16:01:41 [INFO] 分割完成，检测到 0 个物体
2026-06-05 16:01:41 [INFO] 从分割掩码中提取检测结果
2026-06-05 16:01:42 [INFO] 从掩码中提取了 551 个检测框
2026-06-05 16:01:42 [INFO] 计算出的车框矩形边界: (1095, 660) to (3274, 1637)
2026-06-05 16:01:42 [INFO] 原始检测数: 551, 过滤后检测数: 244
2026-06-05 16:01:42 [INFO] 保存分割和检测结果到: C:\code\show\Scrap_Steel_In_Field\photos\segmentation\segment_20260605_160142.jpg
2026-06-05 16:01:42 [INFO] JSON结果保存到: C:\code\show\Scrap_Steel_In_Field\photos\segmentation_result.json
2026-06-05 16:01:42 [INFO] 类别统计：{0: 58, 1: 57, 2: 27, 3: 11, 4: 37, 5: 37, 6: 30, 7: 37, 8: 58, 9: 54, 10: 34, 11: 17, 12: 15, 13: 53, 14: 0, 15: 26}
2026-06-05 16:01:42 [INFO] 面积统计：{0: 3079980.0, 1: 785124.0, 2: 54468.0, 3: 155160.0, 4: 154512.0, 5: 109224.0, 6: 543528.0, 7: 51660.0, 8: 1032372.0, 9: 353088.0, 10: 158004.0, 11: 376128.0, 12: 55152.0, 13: 650556.0, 14: 216.0, 15: 70128.0}
2026-06-05 16:01:42 [INFO] 分割成功
2026-06-05 16:01:42 [INFO] 引擎上下文已释放
2026-06-05 16:01:42 [INFO] TensorRT 引擎已释放
2026-06-05 16:01:42 [INFO] 全局 CUDA 资源已释放
2026-06-05 16:01:42 [INFO] 分割系统资源已释放
2026-06-05 16:01:46 [INFO] CUDA 初始化成功
2026-06-05 16:01:46 [INFO] 引擎加载成功: scrap_steel.engine
2026-06-05 16:01:46 [INFO] 分割系统初始化成功
2026-06-05 16:01:46 [INFO] 图像预处理完成，原始尺寸: (2160, 3840)
2026-06-05 16:01:46 [INFO] 开始执行分割...
2026-06-05 16:01:46 [DEBUG] 处理后的检测结果形状: (1, 8400, 6)
2026-06-05 16:01:46 [DEBUG] 示例检测结果: [[-4.18095398e+00 -3.19160986e+00  3.91420403e+01  1.47669430e+01
   3.57041294e-08  5.00000000e+00]
 [-6.74867249e+00 -3.01366234e+00  4.46990166e+01  2.86824627e+01
   8.56690718e-09  9.00000000e+00]
 [-3.67515182e+00 -3.40537453e+00  4.59498138e+01  2.96190701e+01
   3.92500432e-09  9.00000000e+00]]
2026-06-05 16:01:46 [DEBUG] 处理后检测输出形状: (0, 52)
2026-06-05 16:01:46 [DEBUG] 有效检测数量: 0
2026-06-05 16:01:46 [DEBUG] 检测输出为空
2026-06-05 16:01:46 [INFO] 掩码中检测到的类别: [0, 1, 2, 3, 4, 5, 6, 7, 8, 9, 10, 11, 12, 13, 14, 15]
2026-06-05 16:01:46 [INFO] 分割完成，检测到 0 个物体
2026-06-05 16:01:46 [INFO] 从分割掩码中提取检测结果
2026-06-05 16:01:46 [INFO] 从掩码中提取了 569 个检测框
2026-06-05 16:01:46 [INFO] 计算出的车框矩形边界: (1094, 662) to (3277, 1640)
2026-06-05 16:01:46 [INFO] 原始检测数: 569, 过滤后检测数: 253
2026-06-05 16:01:47 [INFO] 保存分割和检测结果到: C:\code\show\Scrap_Steel_In_Field\photos\segmentation\segment_20260605_160146.jpg
2026-06-05 16:01:47 [INFO] JSON结果保存到: C:\code\show\Scrap_Steel_In_Field\photos\segmentation_result.json
2026-06-05 16:01:47 [INFO] 类别统计：{0: 64, 1: 54, 2: 29, 3: 13, 4: 44, 5: 35, 6: 32, 7: 35, 8: 57, 9: 60, 10: 36, 11: 15, 12: 20, 13: 48, 14: 0, 15: 27}
2026-06-05 16:01:47 [INFO] 面积统计：{0: 3059460.0, 1: 812268.0, 2: 50508.0, 3: 156204.0, 4: 169236.0, 5: 106092.0, 6: 548928.0, 7: 49500.0, 8: 1018656.0, 9: 351504.0, 10: 164088.0, 11: 367632.0, 12: 51264.0, 13: 652356.0, 14: 72.0, 15: 63072.0}
2026-06-05 16:01:47 [INFO] 分割成功
2026-06-05 16:01:47 [INFO] 引擎上下文已释放
2026-06-05 16:01:47 [INFO] TensorRT 引擎已释放
2026-06-05 16:01:47 [INFO] 全局 CUDA 资源已释放
2026-06-05 16:01:47 [INFO] 分割系统资源已释放
2026-06-05 16:01:51 [INFO] CUDA 初始化成功
2026-06-05 16:01:51 [INFO] 引擎加载成功: scrap_steel.engine
2026-06-05 16:01:51 [INFO] 分割系统初始化成功
2026-06-05 16:01:51 [INFO] 图像预处理完成，原始尺寸: (2160, 3840)
2026-06-05 16:01:51 [INFO] 开始执行分割...
2026-06-05 16:01:51 [DEBUG] 处理后的检测结果形状: (1, 8400, 6)
2026-06-05 16:01:51 [DEBUG] 示例检测结果: [[-4.18708801e+00 -3.19137621e+00  3.89535446e+01  1.47385216e+01
   3.51535725e-08  5.00000000e+00]
 [-6.76508331e+00 -3.03682518e+00  4.46426926e+01  2.87169647e+01
   8.53826609e-09  9.00000000e+00]
 [-3.65850449e+00 -3.43217373e+00  4.59254417e+01  2.96495514e+01
   3.95353084e-09  9.00000000e+00]]
2026-06-05 16:01:51 [DEBUG] 处理后检测输出形状: (0, 52)
2026-06-05 16:01:51 [DEBUG] 有效检测数量: 0
2026-06-05 16:01:51 [DEBUG] 检测输出为空
2026-06-05 16:01:51 [INFO] 掩码中检测到的类别: [0, 1, 2, 3, 4, 5, 6, 7, 8, 9, 10, 11, 12, 13, 14, 15]
2026-06-05 16:01:51 [INFO] 分割完成，检测到 0 个物体
2026-06-05 16:01:51 [INFO] 从分割掩码中提取检测结果
2026-06-05 16:01:51 [INFO] 从掩码中提取了 572 个检测框
2026-06-05 16:01:51 [INFO] 计算出的车框矩形边界: (1095, 660) to (3277, 1640)
2026-06-05 16:01:51 [INFO] 原始检测数: 572, 过滤后检测数: 254
2026-06-05 16:01:52 [INFO] 保存分割和检测结果到: C:\code\show\Scrap_Steel_In_Field\photos\segmentation\segment_20260605_160151.jpg
2026-06-05 16:01:52 [INFO] JSON结果保存到: C:\code\show\Scrap_Steel_In_Field\photos\segmentation_result.json
2026-06-05 16:01:52 [INFO] 类别统计：{0: 66, 1: 49, 2: 25, 3: 9, 4: 41, 5: 34, 6: 38, 7: 36, 8: 68, 9: 56, 10: 30, 11: 21, 12: 22, 13: 51, 14: 0, 15: 26}
2026-06-05 16:01:52 [INFO] 面积统计：{0: 3101904.0, 1: 797616.0, 2: 59040.0, 3: 159876.0, 4: 147528.0, 5: 110592.0, 6: 541656.0, 7: 48816.0, 8: 992448.0, 9: 362844.0, 10: 172152.0, 11: 364104.0, 12: 52956.0, 13: 660528.0, 14: 180.0, 15: 61992.0}
2026-06-05 16:01:52 [INFO] 分割成功
2026-06-05 16:01:52 [INFO] 引擎上下文已释放
2026-06-05 16:01:52 [INFO] TensorRT 引擎已释放
2026-06-05 16:01:52 [INFO] 全局 CUDA 资源已释放
2026-06-05 16:01:52 [INFO] 分割系统资源已释放
2026-06-05 16:01:57 [INFO] CUDA 初始化成功
2026-06-05 16:01:57 [INFO] 引擎加载成功: scrap_steel.engine
2026-06-05 16:01:57 [INFO] 分割系统初始化成功
2026-06-05 16:01:57 [INFO] 图像预处理完成，原始尺寸: (2160, 3840)
2026-06-05 16:01:57 [INFO] 开始执行分割...
2026-06-05 16:01:57 [DEBUG] 处理后的检测结果形状: (1, 8400, 6)
2026-06-05 16:01:57 [DEBUG] 示例检测结果: [[-4.18615341e+00 -3.17224407e+00  3.90568733e+01  1.47676725e+01
   3.59780223e-08  5.00000000e+00]
 [-6.76277542e+00 -3.01338577e+00  4.46752663e+01  2.86953335e+01
   8.53323812e-09  9.00000000e+00]
 [-3.66260529e+00 -3.40644455e+00  4.58804665e+01  2.96195068e+01
   3.92500432e-09  9.00000000e+00]]
2026-06-05 16:01:57 [DEBUG] 处理后检测输出形状: (0, 52)
2026-06-05 16:01:57 [DEBUG] 有效检测数量: 0
2026-06-05 16:01:57 [DEBUG] 检测输出为空
2026-06-05 16:01:57 [INFO] 掩码中检测到的类别: [0, 1, 2, 3, 4, 5, 6, 7, 8, 9, 10, 11, 12, 13, 14, 15]
2026-06-05 16:01:57 [INFO] 分割完成，检测到 0 个物体
2026-06-05 16:01:57 [INFO] 从分割掩码中提取检测结果
2026-06-05 16:01:57 [INFO] 从掩码中提取了 578 个检测框
2026-06-05 16:01:57 [INFO] 计算出的车框矩形边界: (1095, 658) to (3273, 1640)
2026-06-05 16:01:57 [INFO] 原始检测数: 578, 过滤后检测数: 247
2026-06-05 16:01:58 [INFO] 保存分割和检测结果到: C:\code\show\Scrap_Steel_In_Field\photos\segmentation\segment_20260605_160157.jpg
2026-06-05 16:01:58 [INFO] JSON结果保存到: C:\code\show\Scrap_Steel_In_Field\photos\segmentation_result.json
2026-06-05 16:01:58 [INFO] 类别统计：{0: 68, 1: 57, 2: 26, 3: 8, 4: 40, 5: 33, 6: 32, 7: 36, 8: 61, 9: 58, 10: 33, 11: 17, 12: 25, 13: 59, 14: 0, 15: 25}
2026-06-05 16:01:58 [INFO] 面积统计：{0: 2920140.0, 1: 799848.0, 2: 50580.0, 3: 160992.0, 4: 163764.0, 5: 100800.0, 6: 558072.0, 7: 51120.0, 8: 1050768.0, 9: 321156.0, 10: 171720.0, 11: 394416.0, 12: 62352.0, 13: 657576.0, 14: 108.0, 15: 63828.0}
2026-06-05 16:01:58 [INFO] 分割成功
2026-06-05 16:01:58 [INFO] 引擎上下文已释放
2026-06-05 16:01:58 [INFO] TensorRT 引擎已释放
2026-06-05 16:01:58 [INFO] 全局 CUDA 资源已释放
2026-06-05 16:01:58 [INFO] 分割系统资源已释放
2026-06-05 16:02:01 [INFO] CUDA 初始化成功
2026-06-05 16:02:01 [INFO] 引擎加载成功: scrap_steel.engine
2026-06-05 16:02:01 [INFO] 分割系统初始化成功
2026-06-05 16:02:01 [INFO] 图像预处理完成，原始尺寸: (2160, 3840)
2026-06-05 16:02:01 [INFO] 开始执行分割...
2026-06-05 16:02:01 [DEBUG] 处理后的检测结果形状: (1, 8400, 6)
2026-06-05 16:02:01 [DEBUG] 示例检测结果: [[-4.12433243e+00 -3.18087101e+00  3.90175362e+01  1.47100496e+01
   3.54253302e-08  5.00000000e+00]
 [-6.70429230e+00 -3.02285385e+00  4.47141571e+01  2.87034016e+01
   8.59382965e-09  9.00000000e+00]
 [-3.68650436e+00 -3.42041779e+00  4.59095383e+01  2.95967751e+01
   3.92304855e-09  9.00000000e+00]]
2026-06-05 16:02:01 [DEBUG] 处理后检测输出形状: (0, 52)
2026-06-05 16:02:01 [DEBUG] 有效检测数量: 0
2026-06-05 16:02:01 [DEBUG] 检测输出为空
2026-06-05 16:02:01 [INFO] 掩码中检测到的类别: [0, 1, 2, 3, 4, 5, 6, 7, 8, 9, 10, 11, 12, 13, 14, 15]
2026-06-05 16:02:01 [INFO] 分割完成，检测到 0 个物体
2026-06-05 16:02:01 [INFO] 从分割掩码中提取检测结果
2026-06-05 16:02:02 [INFO] 从掩码中提取了 571 个检测框
2026-06-05 16:02:02 [INFO] 计算出的车框矩形边界: (1095, 662) to (3273, 1640)
2026-06-05 16:02:02 [INFO] 原始检测数: 571, 过滤后检测数: 251
2026-06-05 16:02:02 [INFO] 保存分割和检测结果到: C:\code\show\Scrap_Steel_In_Field\photos\segmentation\segment_20260605_160202.jpg
2026-06-05 16:02:02 [INFO] JSON结果保存到: C:\code\show\Scrap_Steel_In_Field\photos\segmentation_result.json
2026-06-05 16:02:02 [INFO] 类别统计：{0: 60, 1: 56, 2: 27, 3: 12, 4: 36, 5: 38, 6: 31, 7: 34, 8: 62, 9: 62, 10: 37, 11: 19, 12: 25, 13: 48, 14: 0, 15: 24}
2026-06-05 16:02:02 [INFO] 面积统计：{0: 3154212.0, 1: 809100.0, 2: 59868.0, 3: 150732.0, 4: 165240.0, 5: 108360.0, 6: 553788.0, 7: 52668.0, 8: 1034244.0, 9: 338688.0, 10: 162288.0, 11: 373608.0, 12: 40140.0, 13: 664452.0, 14: 72.0, 15: 71208.0}
2026-06-05 16:02:02 [INFO] 分割成功
2026-06-05 16:02:02 [INFO] 引擎上下文已释放
2026-06-05 16:02:02 [INFO] TensorRT 引擎已释放
2026-06-05 16:02:02 [INFO] 全局 CUDA 资源已释放
2026-06-05 16:02:02 [INFO] 分割系统资源已释放
2026-06-05 16:02:06 [INFO] CUDA 初始化成功
2026-06-05 16:02:06 [INFO] 引擎加载成功: scrap_steel.engine
2026-06-05 16:02:06 [INFO] 分割系统初始化成功
2026-06-05 16:02:06 [INFO] 图像预处理完成，原始尺寸: (2160, 3840)
2026-06-05 16:02:06 [INFO] 开始执行分割...
2026-06-05 16:02:06 [DEBUG] 处理后的检测结果形状: (1, 8400, 6)
2026-06-05 16:02:06 [DEBUG] 示例检测结果: [[-4.18648911e+00 -3.18495750e+00  3.90149918e+01  1.47164173e+01
   3.51535725e-08  5.00000000e+00]
 [-6.75882339e+00 -3.02470016e+00  4.46155891e+01  2.86307945e+01
   8.53826609e-09  9.00000000e+00]
 [-3.68329620e+00 -3.42244911e+00  4.58646698e+01  2.95085812e+01
   3.93705779e-09  9.00000000e+00]]
2026-06-05 16:02:06 [DEBUG] 处理后检测输出形状: (0, 52)
2026-06-05 16:02:06 [DEBUG] 有效检测数量: 0
2026-06-05 16:02:06 [DEBUG] 检测输出为空
2026-06-05 16:02:06 [INFO] 掩码中检测到的类别: [0, 1, 2, 3, 4, 5, 6, 7, 8, 9, 10, 11, 12, 13, 14, 15]
2026-06-05 16:02:07 [INFO] 分割完成，检测到 0 个物体
2026-06-05 16:02:07 [INFO] 从分割掩码中提取检测结果
2026-06-05 16:02:07 [INFO] 从掩码中提取了 575 个检测框
2026-06-05 16:02:07 [INFO] 计算出的车框矩形边界: (1095, 660) to (3274, 1640)
2026-06-05 16:02:07 [INFO] 原始检测数: 575, 过滤后检测数: 259
2026-06-05 16:02:07 [INFO] 保存分割和检测结果到: C:\code\show\Scrap_Steel_In_Field\photos\segmentation\segment_20260605_160207.jpg
2026-06-05 16:02:07 [INFO] JSON结果保存到: C:\code\show\Scrap_Steel_In_Field\photos\segmentation_result.json
2026-06-05 16:02:07 [INFO] 类别统计：{0: 53, 1: 51, 2: 28, 3: 12, 4: 40, 5: 35, 6: 38, 7: 42, 8: 61, 9: 60, 10: 34, 11: 21, 12: 24, 13: 53, 14: 0, 15: 23}
2026-06-05 16:02:07 [INFO] 面积统计：{0: 3090132.0, 1: 773136.0, 2: 55260.0, 3: 156312.0, 4: 165816.0, 5: 101340.0, 6: 549324.0, 7: 53820.0, 8: 1005768.0, 9: 351180.0, 10: 170856.0, 11: 369000.0, 12: 52704.0, 13: 655740.0, 14: 108.0, 15: 65016.0}
2026-06-05 16:02:07 [INFO] 分割成功
2026-06-05 16:02:07 [INFO] 引擎上下文已释放
2026-06-05 16:02:07 [INFO] TensorRT 引擎已释放
2026-06-05 16:02:07 [INFO] 全局 CUDA 资源已释放
2026-06-05 16:02:07 [INFO] 分割系统资源已释放
2026-06-05 16:02:12 [INFO] CUDA 初始化成功
2026-06-05 16:02:12 [INFO] 引擎加载成功: scrap_steel.engine
2026-06-05 16:02:12 [INFO] 分割系统初始化成功
2026-06-05 16:02:12 [INFO] 图像预处理完成，原始尺寸: (2160, 3840)
2026-06-05 16:02:12 [INFO] 开始执行分割...
2026-06-05 16:02:12 [DEBUG] 处理后的检测结果形状: (1, 8400, 6)
2026-06-05 16:02:12 [DEBUG] 示例检测结果: [[-4.15777969e+00 -3.16992426e+00  3.88650627e+01  1.46460056e+01
   3.47654883e-08  5.00000000e+00]
 [-6.75248337e+00 -3.01379967e+00  4.46401749e+01  2.84882946e+01
   8.35750669e-09  9.00000000e+00]
 [-3.66685486e+00 -3.42184258e+00  4.59127121e+01  2.94672642e+01
   3.88916632e-09  9.00000000e+00]]
2026-06-05 16:02:12 [DEBUG] 处理后检测输出形状: (0, 52)
2026-06-05 16:02:12 [DEBUG] 有效检测数量: 0
2026-06-05 16:02:12 [DEBUG] 检测输出为空
2026-06-05 16:02:12 [INFO] 掩码中检测到的类别: [0, 1, 2, 3, 4, 5, 6, 7, 8, 9, 10, 11, 12, 13, 14, 15]
2026-06-05 16:02:12 [INFO] 分割完成，检测到 0 个物体
2026-06-05 16:02:12 [INFO] 从分割掩码中提取检测结果
2026-06-05 16:02:13 [INFO] 从掩码中提取了 550 个检测框
2026-06-05 16:02:13 [INFO] 计算出的车框矩形边界: (1096, 658) to (3277, 1640)
2026-06-05 16:02:13 [INFO] 原始检测数: 550, 过滤后检测数: 256
2026-06-05 16:02:13 [INFO] 保存分割和检测结果到: C:\code\show\Scrap_Steel_In_Field\photos\segmentation\segment_20260605_160213.jpg
2026-06-05 16:02:13 [INFO] JSON结果保存到: C:\code\show\Scrap_Steel_In_Field\photos\segmentation_result.json
2026-06-05 16:02:13 [INFO] 类别统计：{0: 53, 1: 50, 2: 25, 3: 9, 4: 32, 5: 35, 6: 39, 7: 39, 8: 63, 9: 53, 10: 33, 11: 17, 12: 25, 13: 50, 14: 0, 15: 27}
2026-06-05 16:02:13 [INFO] 面积统计：{0: 3166344.0, 1: 811224.0, 2: 54360.0, 3: 160740.0, 4: 147708.0, 5: 99864.0, 6: 533880.0, 7: 59760.0, 8: 1000296.0, 9: 382176.0, 10: 166752.0, 11: 367740.0, 12: 57096.0, 13: 642996.0, 14: 108.0, 15: 98280.0}
2026-06-05 16:02:13 [INFO] 分割成功
2026-06-05 16:02:13 [INFO] 引擎上下文已释放
2026-06-05 16:02:13 [INFO] TensorRT 引擎已释放
2026-06-05 16:02:13 [INFO] 全局 CUDA 资源已释放
2026-06-05 16:02:13 [INFO] 分割系统资源已释放
2026-06-05 16:02:17 [INFO] CUDA 初始化成功
2026-06-05 16:02:17 [INFO] 引擎加载成功: scrap_steel.engine
2026-06-05 16:02:17 [INFO] 分割系统初始化成功
2026-06-05 16:02:17 [INFO] 图像预处理完成，原始尺寸: (2160, 3840)
2026-06-05 16:02:17 [INFO] 开始执行分割...
2026-06-05 16:02:17 [DEBUG] 处理后的检测结果形状: (1, 8400, 6)
2026-06-05 16:02:17 [DEBUG] 示例检测结果: [[-4.14054108e+00 -3.20593071e+00  3.89944649e+01  1.48140755e+01
   3.57041294e-08  5.00000000e+00]
 [-6.73306274e+00 -3.04901886e+00  4.47013702e+01  2.87127132e+01
   8.59382965e-09  9.00000000e+00]
 [-3.68667221e+00 -3.44649124e+00  4.59381943e+01  2.96128654e+01
   3.98486577e-09  9.00000000e+00]]
2026-06-05 16:02:17 [DEBUG] 处理后检测输出形状: (0, 52)
2026-06-05 16:02:17 [DEBUG] 有效检测数量: 0
2026-06-05 16:02:17 [DEBUG] 检测输出为空
2026-06-05 16:02:17 [INFO] 掩码中检测到的类别: [0, 1, 2, 3, 4, 5, 6, 7, 8, 9, 10, 11, 12, 13, 14, 15]
2026-06-05 16:02:17 [INFO] 分割完成，检测到 0 个物体
2026-06-05 16:02:17 [INFO] 从分割掩码中提取检测结果
2026-06-05 16:02:17 [INFO] 从掩码中提取了 566 个检测框
2026-06-05 16:02:17 [INFO] 计算出的车框矩形边界: (1095, 660) to (3273, 1639)
2026-06-05 16:02:17 [INFO] 原始检测数: 566, 过滤后检测数: 247
2026-06-05 16:02:18 [INFO] 保存分割和检测结果到: C:\code\show\Scrap_Steel_In_Field\photos\segmentation\segment_20260605_160217.jpg
2026-06-05 16:02:18 [INFO] JSON结果保存到: C:\code\show\Scrap_Steel_In_Field\photos\segmentation_result.json
2026-06-05 16:02:18 [INFO] 类别统计：{0: 58, 1: 48, 2: 28, 3: 11, 4: 45, 5: 31, 6: 35, 7: 37, 8: 56, 9: 65, 10: 33, 11: 17, 12: 24, 13: 55, 14: 0, 15: 23}
2026-06-05 16:02:18 [INFO] 面积统计：{0: 3121884.0, 1: 781056.0, 2: 53460.0, 3: 149796.0, 4: 155556.0, 5: 100764.0, 6: 560952.0, 7: 61236.0, 8: 980496.0, 9: 360576.0, 10: 159300.0, 11: 358416.0, 12: 49464.0, 13: 664704.0, 14: 252.0, 15: 68436.0}
2026-06-05 16:02:18 [INFO] 分割成功
2026-06-05 16:02:18 [INFO] 引擎上下文已释放
2026-06-05 16:02:18 [INFO] TensorRT 引擎已释放
2026-06-05 16:02:18 [INFO] 全局 CUDA 资源已释放
2026-06-05 16:02:18 [INFO] 分割系统资源已释放
2026-06-05 16:02:22 [INFO] CUDA 初始化成功
2026-06-05 16:02:22 [INFO] 引擎加载成功: scrap_steel.engine
2026-06-05 16:02:22 [INFO] 分割系统初始化成功
2026-06-05 16:02:22 [INFO] 图像预处理完成，原始尺寸: (2160, 3840)
2026-06-05 16:02:22 [INFO] 开始执行分割...
2026-06-05 16:02:22 [DEBUG] 处理后的检测结果形状: (1, 8400, 6)
2026-06-05 16:02:22 [DEBUG] 示例检测结果: [[-4.18376160e+00 -3.18253803e+00  3.89468651e+01  1.46494036e+01
   3.47654883e-08  5.00000000e+00]
 [-6.73921204e+00 -3.01464462e+00  4.46919136e+01  2.85694809e+01
   8.39842595e-09  9.00000000e+00]
 [-3.66300964e+00 -3.39453220e+00  4.59066467e+01  2.94981384e+01
   3.90670252e-09  9.00000000e+00]]
2026-06-05 16:02:22 [DEBUG] 处理后检测输出形状: (0, 52)
2026-06-05 16:02:22 [DEBUG] 有效检测数量: 0
2026-06-05 16:02:22 [DEBUG] 检测输出为空
2026-06-05 16:02:22 [INFO] 掩码中检测到的类别: [0, 1, 2, 3, 4, 5, 6, 7, 8, 9, 10, 11, 12, 13, 14, 15]
2026-06-05 16:02:22 [INFO] 分割完成，检测到 0 个物体
2026-06-05 16:02:22 [INFO] 从分割掩码中提取检测结果
2026-06-05 16:02:22 [INFO] 从掩码中提取了 553 个检测框
2026-06-05 16:02:22 [INFO] 计算出的车框矩形边界: (1095, 660) to (3277, 1640)
2026-06-05 16:02:22 [INFO] 原始检测数: 553, 过滤后检测数: 253
2026-06-05 16:02:23 [INFO] 保存分割和检测结果到: C:\code\show\Scrap_Steel_In_Field\photos\segmentation\segment_20260605_160222.jpg
2026-06-05 16:02:23 [INFO] JSON结果保存到: C:\code\show\Scrap_Steel_In_Field\photos\segmentation_result.json
2026-06-05 16:02:23 [INFO] 类别统计：{0: 44, 1: 49, 2: 28, 3: 11, 4: 35, 5: 35, 6: 35, 7: 39, 8: 61, 9: 65, 10: 39, 11: 15, 12: 22, 13: 50, 14: 0, 15: 25}
2026-06-05 16:02:23 [INFO] 面积统计：{0: 3183912.0, 1: 775152.0, 2: 52272.0, 3: 153504.0, 4: 140940.0, 5: 104796.0, 6: 537804.0, 7: 61236.0, 8: 1000620.0, 9: 351396.0, 10: 165132.0, 11: 371880.0, 12: 65304.0, 13: 645948.0, 14: 216.0, 15: 78480.0}
2026-06-05 16:02:23 [INFO] 分割成功
2026-06-05 16:02:23 [INFO] 引擎上下文已释放
2026-06-05 16:02:23 [INFO] TensorRT 引擎已释放
2026-06-05 16:02:23 [INFO] 全局 CUDA 资源已释放
2026-06-05 16:02:23 [INFO] 分割系统资源已释放
2026-06-05 16:02:27 [INFO] CUDA 初始化成功
2026-06-05 16:02:27 [INFO] 引擎加载成功: scrap_steel.engine
2026-06-05 16:02:27 [INFO] 分割系统初始化成功
2026-06-05 16:02:27 [INFO] 图像预处理完成，原始尺寸: (2160, 3840)
2026-06-05 16:02:27 [INFO] 开始执行分割...
2026-06-05 16:02:27 [DEBUG] 处理后的检测结果形状: (1, 8400, 6)
2026-06-05 16:02:27 [DEBUG] 示例检测结果: [[-4.16810989e+00 -3.19186163e+00  3.89451332e+01  1.47077084e+01
   3.50168534e-08  5.00000000e+00]
 [-6.75519180e+00 -3.04019737e+00  4.47716408e+01  2.86144505e+01
   8.47193515e-09  9.00000000e+00]
 [-3.67359924e+00 -3.40667915e+00  4.58980942e+01  2.94635448e+01
   3.95353084e-09  9.00000000e+00]]
2026-06-05 16:02:27 [DEBUG] 处理后检测输出形状: (0, 52)
2026-06-05 16:02:27 [DEBUG] 有效检测数量: 0
2026-06-05 16:02:27 [DEBUG] 检测输出为空
2026-06-05 16:02:27 [INFO] 掩码中检测到的类别: [0, 1, 2, 3, 4, 5, 6, 7, 8, 9, 10, 11, 12, 13, 14, 15]
2026-06-05 16:02:27 [INFO] 分割完成，检测到 0 个物体
2026-06-05 16:02:27 [INFO] 从分割掩码中提取检测结果
2026-06-05 16:02:28 [INFO] 从掩码中提取了 577 个检测框
2026-06-05 16:02:28 [INFO] 计算出的车框矩形边界: (1094, 664) to (3273, 1640)
2026-06-05 16:02:28 [INFO] 原始检测数: 577, 过滤后检测数: 251
2026-06-05 16:02:28 [INFO] 保存分割和检测结果到: C:\code\show\Scrap_Steel_In_Field\photos\segmentation\segment_20260605_160228.jpg
2026-06-05 16:02:28 [INFO] JSON结果保存到: C:\code\show\Scrap_Steel_In_Field\photos\segmentation_result.json
2026-06-05 16:02:28 [INFO] 类别统计：{0: 60, 1: 55, 2: 25, 3: 9, 4: 41, 5: 37, 6: 37, 7: 37, 8: 62, 9: 62, 10: 34, 11: 20, 12: 18, 13: 55, 14: 0, 15: 25}
2026-06-05 16:02:28 [INFO] 面积统计：{0: 3129408.0, 1: 815148.0, 2: 56268.0, 3: 153864.0, 4: 153936.0, 5: 105984.0, 6: 541836.0, 7: 56772.0, 8: 1002096.0, 9: 356292.0, 10: 166896.0, 11: 370224.0, 12: 46332.0, 13: 646596.0, 14: 144.0, 15: 76428.0}
2026-06-05 16:02:28 [INFO] 分割成功
2026-06-05 16:02:28 [INFO] 引擎上下文已释放
2026-06-05 16:02:28 [INFO] TensorRT 引擎已释放
2026-06-05 16:02:28 [INFO] 全局 CUDA 资源已释放
2026-06-05 16:02:28 [INFO] 分割系统资源已释放
2026-06-05 16:02:32 [INFO] CUDA 初始化成功
2026-06-05 16:02:32 [INFO] 引擎加载成功: scrap_steel.engine
2026-06-05 16:02:32 [INFO] 分割系统初始化成功
2026-06-05 16:02:32 [INFO] 图像预处理完成，原始尺寸: (2160, 3840)
2026-06-05 16:02:32 [INFO] 开始执行分割...
2026-06-05 16:02:32 [DEBUG] 处理后的检测结果形状: (1, 8400, 6)
2026-06-05 16:02:32 [DEBUG] 示例检测结果: [[-4.15494537e+00 -3.18129253e+00  3.90302277e+01  1.46732473e+01
   3.54302330e-08  5.00000000e+00]
 [-6.76288986e+00 -3.02591896e+00  4.47968559e+01  2.85204830e+01
   8.40560421e-09  9.00000000e+00]
 [-3.68840027e+00 -3.38043118e+00  4.59155807e+01  2.94021072e+01
   3.87634724e-09  9.00000000e+00]]
2026-06-05 16:02:32 [DEBUG] 处理后检测输出形状: (0, 52)
2026-06-05 16:02:32 [DEBUG] 有效检测数量: 0
2026-06-05 16:02:32 [DEBUG] 检测输出为空
2026-06-05 16:02:32 [INFO] 掩码中检测到的类别: [0, 1, 2, 3, 4, 5, 6, 7, 8, 9, 10, 11, 12, 13, 14, 15]
2026-06-05 16:02:32 [INFO] 分割完成，检测到 0 个物体
2026-06-05 16:02:32 [INFO] 从分割掩码中提取检测结果
2026-06-05 16:02:32 [INFO] 从掩码中提取了 559 个检测框
2026-06-05 16:02:32 [INFO] 计算出的车框矩形边界: (1094, 659) to (3277, 1641)
2026-06-05 16:02:32 [INFO] 原始检测数: 559, 过滤后检测数: 253
2026-06-05 16:02:33 [INFO] 保存分割和检测结果到: C:\code\show\Scrap_Steel_In_Field\photos\segmentation\segment_20260605_160232.jpg
2026-06-05 16:02:33 [INFO] JSON结果保存到: C:\code\show\Scrap_Steel_In_Field\photos\segmentation_result.json
2026-06-05 16:02:33 [INFO] 类别统计：{0: 65, 1: 50, 2: 31, 3: 13, 4: 38, 5: 36, 6: 31, 7: 43, 8: 51, 9: 53, 10: 32, 11: 15, 12: 24, 13: 48, 14: 0, 15: 29}
2026-06-05 16:02:33 [INFO] 面积统计：{0: 3006540.0, 1: 792288.0, 2: 59112.0, 3: 155376.0, 4: 157536.0, 5: 102528.0, 6: 525348.0, 7: 39816.0, 8: 1071036.0, 9: 369900.0, 10: 163728.0, 11: 375660.0, 12: 66708.0, 13: 642276.0, 14: 108.0, 15: 110592.0}
2026-06-05 16:02:33 [INFO] 分割成功
2026-06-05 16:02:33 [INFO] 引擎上下文已释放
2026-06-05 16:02:33 [INFO] TensorRT 引擎已释放
2026-06-05 16:02:33 [INFO] 全局 CUDA 资源已释放
2026-06-05 16:02:33 [INFO] 分割系统资源已释放
2026-06-05 16:02:37 [INFO] CUDA 初始化成功
2026-06-05 16:02:37 [INFO] 引擎加载成功: scrap_steel.engine
2026-06-05 16:02:37 [INFO] 分割系统初始化成功
2026-06-05 16:02:37 [INFO] 图像预处理完成，原始尺寸: (2160, 3840)
2026-06-05 16:02:37 [INFO] 开始执行分割...
2026-06-05 16:02:37 [DEBUG] 处理后的检测结果形状: (1, 8400, 6)
2026-06-05 16:02:37 [DEBUG] 示例检测结果: [[-4.18791962e+00 -3.19678116e+00  3.88789749e+01  1.46993980e+01
   3.43601059e-08  5.00000000e+00]
 [-6.74407578e+00 -3.04958344e+00  4.46685944e+01  2.87340546e+01
   8.32491676e-09  9.00000000e+00]
 [-3.66353226e+00 -3.43648529e+00  4.59019089e+01  2.94950066e+01
   3.90411170e-09  9.00000000e+00]]
2026-06-05 16:02:37 [DEBUG] 处理后检测输出形状: (0, 52)
2026-06-05 16:02:37 [DEBUG] 有效检测数量: 0
2026-06-05 16:02:37 [DEBUG] 检测输出为空
2026-06-05 16:02:37 [INFO] 掩码中检测到的类别: [0, 1, 2, 3, 4, 5, 6, 7, 8, 9, 10, 11, 12, 13, 14, 15]
2026-06-05 16:02:37 [INFO] 分割完成，检测到 0 个物体
2026-06-05 16:02:37 [INFO] 从分割掩码中提取检测结果
2026-06-05 16:02:37 [INFO] 从掩码中提取了 538 个检测框
2026-06-05 16:02:37 [INFO] 计算出的车框矩形边界: (1095, 660) to (3273, 1640)
2026-06-05 16:02:37 [INFO] 原始检测数: 538, 过滤后检测数: 244
2026-06-05 16:02:38 [INFO] 保存分割和检测结果到: C:\code\show\Scrap_Steel_In_Field\photos\segmentation\segment_20260605_160237.jpg
2026-06-05 16:02:38 [INFO] JSON结果保存到: C:\code\show\Scrap_Steel_In_Field\photos\segmentation_result.json
2026-06-05 16:02:38 [INFO] 类别统计：{0: 59, 1: 43, 2: 26, 3: 10, 4: 39, 5: 36, 6: 31, 7: 36, 8: 57, 9: 57, 10: 30, 11: 16, 12: 24, 13: 47, 14: 0, 15: 27}
2026-06-05 16:02:38 [INFO] 面积统计：{0: 3101472.0, 1: 812736.0, 2: 54108.0, 3: 157320.0, 4: 143640.0, 5: 100764.0, 6: 558288.0, 7: 45612.0, 8: 1027836.0, 9: 334944.0, 10: 170064.0, 11: 386712.0, 12: 46296.0, 13: 648000.0, 14: 108.0, 15: 83916.0}
2026-06-05 16:02:38 [INFO] 分割成功
2026-06-05 16:02:38 [INFO] 引擎上下文已释放
2026-06-05 16:02:38 [INFO] TensorRT 引擎已释放
2026-06-05 16:02:38 [INFO] 全局 CUDA 资源已释放
2026-06-05 16:02:38 [INFO] 分割系统资源已释放
2026-06-05 16:02:42 [INFO] CUDA 初始化成功
2026-06-05 16:02:42 [INFO] 引擎加载成功: scrap_steel.engine
2026-06-05 16:02:42 [INFO] 分割系统初始化成功
2026-06-05 16:02:42 [INFO] 图像预处理完成，原始尺寸: (2160, 3840)
2026-06-05 16:02:42 [INFO] 开始执行分割...
2026-06-05 16:02:42 [DEBUG] 处理后的检测结果形状: (1, 8400, 6)
2026-06-05 16:02:42 [DEBUG] 示例检测结果: [[-4.20445251e+00 -3.20381355e+00  3.89459419e+01  1.47711506e+01
   3.54253302e-08  5.00000000e+00]
 [-6.76777267e+00 -3.03658867e+00  4.45871696e+01  2.86268368e+01
   8.47193515e-09  9.00000000e+00]
 [-3.66939545e+00 -3.42246246e+00  4.58841553e+01  2.95498238e+01
   3.89163102e-09  9.00000000e+00]]
2026-06-05 16:02:42 [DEBUG] 处理后检测输出形状: (0, 52)
2026-06-05 16:02:42 [DEBUG] 有效检测数量: 0
2026-06-05 16:02:42 [DEBUG] 检测输出为空
2026-06-05 16:02:42 [INFO] 掩码中检测到的类别: [0, 1, 2, 3, 4, 5, 6, 7, 8, 9, 10, 11, 12, 13, 14, 15]
2026-06-05 16:02:42 [INFO] 分割完成，检测到 0 个物体
2026-06-05 16:02:42 [INFO] 从分割掩码中提取检测结果
2026-06-05 16:02:43 [INFO] 从掩码中提取了 543 个检测框
2026-06-05 16:02:43 [INFO] 计算出的车框矩形边界: (1095, 660) to (3274, 1640)
2026-06-05 16:02:43 [INFO] 原始检测数: 543, 过滤后检测数: 245
2026-06-05 16:02:43 [INFO] 保存分割和检测结果到: C:\code\show\Scrap_Steel_In_Field\photos\segmentation\segment_20260605_160243.jpg
2026-06-05 16:02:43 [INFO] JSON结果保存到: C:\code\show\Scrap_Steel_In_Field\photos\segmentation_result.json
2026-06-05 16:02:43 [INFO] 类别统计：{0: 57, 1: 45, 2: 28, 3: 11, 4: 40, 5: 37, 6: 32, 7: 35, 8: 60, 9: 55, 10: 35, 11: 18, 12: 22, 13: 45, 14: 0, 15: 23}
2026-06-05 16:02:43 [INFO] 面积统计：{0: 3068640.0, 1: 782424.0, 2: 52200.0, 3: 153036.0, 4: 151020.0, 5: 106164.0, 6: 529020.0, 7: 42912.0, 8: 1044756.0, 9: 326268.0, 10: 169596.0, 11: 368352.0, 12: 54828.0, 13: 647568.0, 14: 216.0, 15: 83520.0}
2026-06-05 16:02:43 [INFO] 分割成功
2026-06-05 16:02:43 [INFO] 引擎上下文已释放
2026-06-05 16:02:43 [INFO] TensorRT 引擎已释放
2026-06-05 16:02:43 [INFO] 全局 CUDA 资源已释放
2026-06-05 16:02:43 [INFO] 分割系统资源已释放
2026-06-05 16:02:47 [INFO] CUDA 初始化成功
2026-06-05 16:02:47 [INFO] 引擎加载成功: scrap_steel.engine
2026-06-05 16:02:47 [INFO] 分割系统初始化成功
2026-06-05 16:02:47 [INFO] 图像预处理完成，原始尺寸: (2160, 3840)
2026-06-05 16:02:47 [INFO] 开始执行分割...
2026-06-05 16:02:47 [DEBUG] 处理后的检测结果形状: (1, 8400, 6)
2026-06-05 16:02:47 [DEBUG] 示例检测结果: [[-4.13952637e+00 -3.16929054e+00  3.90505066e+01  1.47048244e+01
   3.59780223e-08  5.00000000e+00]
 [-6.71951675e+00 -2.99975777e+00  4.47902031e+01  2.86960907e+01
   8.65570815e-09  9.00000000e+00]
 [-3.64319611e+00 -3.40728855e+00  4.59267044e+01  2.96287766e+01
   3.95574062e-09  9.00000000e+00]]
2026-06-05 16:02:47 [DEBUG] 处理后检测输出形状: (0, 52)
2026-06-05 16:02:47 [DEBUG] 有效检测数量: 0
2026-06-05 16:02:47 [DEBUG] 检测输出为空
2026-06-05 16:02:48 [INFO] 掩码中检测到的类别: [0, 1, 2, 3, 4, 5, 6, 7, 8, 9, 10, 11, 12, 13, 14, 15]
2026-06-05 16:02:48 [INFO] 分割完成，检测到 0 个物体
2026-06-05 16:02:48 [INFO] 从分割掩码中提取检测结果
2026-06-05 16:02:48 [INFO] 从掩码中提取了 560 个检测框
2026-06-05 16:02:48 [INFO] 计算出的车框矩形边界: (1095, 661) to (3274, 1639)
2026-06-05 16:02:48 [INFO] 原始检测数: 560, 过滤后检测数: 262
2026-06-05 16:02:48 [INFO] 保存分割和检测结果到: C:\code\show\Scrap_Steel_In_Field\photos\segmentation\segment_20260605_160248.jpg
2026-06-05 16:02:48 [INFO] JSON结果保存到: C:\code\show\Scrap_Steel_In_Field\photos\segmentation_result.json
2026-06-05 16:02:48 [INFO] 类别统计：{0: 55, 1: 50, 2: 28, 3: 12, 4: 43, 5: 36, 6: 35, 7: 37, 8: 60, 9: 55, 10: 35, 11: 16, 12: 21, 13: 49, 14: 0, 15: 28}
2026-06-05 16:02:48 [INFO] 面积统计：{0: 3204864.0, 1: 822816.0, 2: 51048.0, 3: 153576.0, 4: 140112.0, 5: 103536.0, 6: 532152.0, 7: 45828.0, 8: 980532.0, 9: 347832.0, 10: 164664.0, 11: 358920.0, 12: 44424.0, 13: 659088.0, 14: 108.0, 15: 92736.0}
2026-06-05 16:02:48 [INFO] 分割成功
2026-06-05 16:02:48 [INFO] 引擎上下文已释放
2026-06-05 16:02:48 [INFO] TensorRT 引擎已释放
2026-06-05 16:02:48 [INFO] 全局 CUDA 资源已释放
2026-06-05 16:02:48 [INFO] 分割系统资源已释放
2026-06-05 16:02:52 [INFO] CUDA 初始化成功
2026-06-05 16:02:52 [INFO] 引擎加载成功: scrap_steel.engine
2026-06-05 16:02:52 [INFO] 分割系统初始化成功
2026-06-05 16:02:53 [INFO] 图像预处理完成，原始尺寸: (2160, 3840)
2026-06-05 16:02:53 [INFO] 开始执行分割...
2026-06-05 16:02:53 [DEBUG] 处理后的检测结果形状: (1, 8400, 6)
2026-06-05 16:02:53 [DEBUG] 示例检测结果: [[-4.14632034e+00 -3.16957569e+00  3.91275215e+01  1.47614088e+01
   3.59780223e-08  5.00000000e+00]
 [-6.70064926e+00 -3.00877380e+00  4.47731514e+01  2.88596725e+01
   8.68959305e-09  9.00000000e+00]
 [-3.64237213e+00 -3.40409470e+00  4.59677429e+01  2.97662926e+01
   4.08531520e-09  9.00000000e+00]]
2026-06-05 16:02:53 [DEBUG] 处理后检测输出形状: (0, 52)
2026-06-05 16:02:53 [DEBUG] 有效检测数量: 0
2026-06-05 16:02:53 [DEBUG] 检测输出为空
2026-06-05 16:02:53 [INFO] 掩码中检测到的类别: [0, 1, 2, 3, 4, 5, 6, 7, 8, 9, 10, 11, 12, 13, 14, 15]
2026-06-05 16:02:53 [INFO] 分割完成，检测到 0 个物体
2026-06-05 16:02:53 [INFO] 从分割掩码中提取检测结果
2026-06-05 16:02:53 [INFO] 从掩码中提取了 556 个检测框
2026-06-05 16:02:53 [INFO] 计算出的车框矩形边界: (1095, 659) to (3273, 1639)
2026-06-05 16:02:53 [INFO] 原始检测数: 556, 过滤后检测数: 249
2026-06-05 16:02:54 [INFO] 保存分割和检测结果到: C:\code\show\Scrap_Steel_In_Field\photos\segmentation\segment_20260605_160253.jpg
2026-06-05 16:02:54 [INFO] JSON结果保存到: C:\code\show\Scrap_Steel_In_Field\photos\segmentation_result.json
2026-06-05 16:02:54 [INFO] 类别统计：{0: 55, 1: 47, 2: 29, 3: 11, 4: 39, 5: 37, 6: 33, 7: 36, 8: 62, 9: 61, 10: 32, 11: 19, 12: 20, 13: 51, 14: 0, 15: 24}
2026-06-05 16:02:54 [INFO] 面积统计：{0: 3089484.0, 1: 755280.0, 2: 53928.0, 3: 149148.0, 4: 164340.0, 5: 101088.0, 6: 561636.0, 7: 46116.0, 8: 1032516.0, 9: 346752.0, 10: 167652.0, 11: 392832.0, 12: 61956.0, 13: 656604.0, 14: 144.0, 15: 87660.0}
2026-06-05 16:02:54 [INFO] 分割成功
2026-06-05 16:02:54 [INFO] 引擎上下文已释放
2026-06-05 16:02:54 [INFO] TensorRT 引擎已释放
2026-06-05 16:02:54 [INFO] 全局 CUDA 资源已释放
2026-06-05 16:02:54 [INFO] 分割系统资源已释放
2026-06-05 16:02:58 [INFO] CUDA 初始化成功
2026-06-05 16:02:58 [INFO] 引擎加载成功: scrap_steel.engine
2026-06-05 16:02:58 [INFO] 分割系统初始化成功
2026-06-05 16:02:58 [INFO] 图像预处理完成，原始尺寸: (2160, 3840)
2026-06-05 16:02:58 [INFO] 开始执行分割...
2026-06-05 16:02:58 [DEBUG] 处理后的检测结果形状: (1, 8400, 6)
2026-06-05 16:02:58 [DEBUG] 示例检测结果: [[-4.17101288e+00 -3.18812132e+00  3.89908867e+01  1.47535782e+01
   3.54253302e-08  5.00000000e+00]
 [-6.74269867e+00 -3.01368141e+00  4.47537460e+01  2.86320553e+01
   8.52706705e-09  9.00000000e+00]
 [-3.67375183e+00 -3.38044167e+00  4.59594498e+01  2.95615025e+01
   3.92304855e-09  9.00000000e+00]]
2026-06-05 16:02:58 [DEBUG] 处理后检测输出形状: (0, 52)
2026-06-05 16:02:58 [DEBUG] 有效检测数量: 0
2026-06-05 16:02:58 [DEBUG] 检测输出为空
2026-06-05 16:02:58 [INFO] 掩码中检测到的类别: [0, 1, 2, 3, 4, 5, 6, 7, 8, 9, 10, 11, 12, 13, 14, 15]
2026-06-05 16:02:58 [INFO] 分割完成，检测到 0 个物体
2026-06-05 16:02:58 [INFO] 从分割掩码中提取检测结果
2026-06-05 16:02:58 [INFO] 从掩码中提取了 534 个检测框
2026-06-05 16:02:58 [INFO] 计算出的车框矩形边界: (1095, 663) to (3273, 1637)
2026-06-05 16:02:58 [INFO] 原始检测数: 534, 过滤后检测数: 253
2026-06-05 16:02:59 [INFO] 保存分割和检测结果到: C:\code\show\Scrap_Steel_In_Field\photos\segmentation\segment_20260605_160258.jpg
2026-06-05 16:02:59 [INFO] JSON结果保存到: C:\code\show\Scrap_Steel_In_Field\photos\segmentation_result.json
2026-06-05 16:02:59 [INFO] 类别统计：{0: 52, 1: 55, 2: 30, 3: 9, 4: 35, 5: 32, 6: 28, 7: 37, 8: 58, 9: 51, 10: 33, 11: 15, 12: 21, 13: 50, 14: 0, 15: 28}
2026-06-05 16:02:59 [INFO] 面积统计：{0: 3142512.0, 1: 776052.0, 2: 53928.0, 3: 148788.0, 4: 154368.0, 5: 98352.0, 6: 563400.0, 7: 41976.0, 8: 1009908.0, 9: 330732.0, 10: 166608.0, 11: 369648.0, 12: 55980.0, 13: 673740.0, 14: 72.0, 15: 83484.0}
2026-06-05 16:02:59 [INFO] 分割成功
2026-06-05 16:02:59 [INFO] 引擎上下文已释放
2026-06-05 16:02:59 [INFO] TensorRT 引擎已释放
2026-06-05 16:02:59 [INFO] 全局 CUDA 资源已释放
2026-06-05 16:02:59 [INFO] 分割系统资源已释放
2026-06-05 16:03:03 [INFO] CUDA 初始化成功
2026-06-05 16:03:03 [INFO] 引擎加载成功: scrap_steel.engine
2026-06-05 16:03:03 [INFO] 分割系统初始化成功
2026-06-05 16:03:03 [INFO] 图像预处理完成，原始尺寸: (2160, 3840)
2026-06-05 16:03:03 [INFO] 开始执行分割...
2026-06-05 16:03:03 [DEBUG] 处理后的检测结果形状: (1, 8400, 6)
2026-06-05 16:03:03 [DEBUG] 示例检测结果: [[-4.15081406e+00 -3.16823435e+00  3.90862122e+01  1.47216358e+01
   3.57041294e-08  5.00000000e+00]
 [-6.74803162e+00 -2.99053574e+00  4.48500328e+01  2.87105770e+01
   8.60057625e-09  9.00000000e+00]
 [-3.66120911e+00 -3.39131165e+00  4.59756241e+01  2.96524086e+01
   3.98647693e-09  9.00000000e+00]]
2026-06-05 16:03:03 [DEBUG] 处理后检测输出形状: (0, 52)
2026-06-05 16:03:03 [DEBUG] 有效检测数量: 0
2026-06-05 16:03:03 [DEBUG] 检测输出为空
2026-06-05 16:03:03 [INFO] 掩码中检测到的类别: [0, 1, 2, 3, 4, 5, 6, 7, 8, 9, 10, 11, 12, 13, 14, 15]
2026-06-05 16:03:03 [INFO] 分割完成，检测到 0 个物体
2026-06-05 16:03:03 [INFO] 从分割掩码中提取检测结果
2026-06-05 16:03:03 [INFO] 从掩码中提取了 518 个检测框
2026-06-05 16:03:03 [INFO] 计算出的车框矩形边界: (1095, 664) to (3274, 1637)
2026-06-05 16:03:03 [INFO] 原始检测数: 518, 过滤后检测数: 242
2026-06-05 16:03:04 [INFO] 保存分割和检测结果到: C:\code\show\Scrap_Steel_In_Field\photos\segmentation\segment_20260605_160303.jpg
2026-06-05 16:03:04 [INFO] JSON结果保存到: C:\code\show\Scrap_Steel_In_Field\photos\segmentation_result.json
2026-06-05 16:03:04 [INFO] 类别统计：{0: 52, 1: 45, 2: 26, 3: 8, 4: 34, 5: 32, 6: 29, 7: 34, 8: 52, 9: 57, 10: 33, 11: 19, 12: 23, 13: 49, 14: 0, 15: 25}
2026-06-05 16:03:04 [INFO] 面积统计：{0: 3155112.0, 1: 790560.0, 2: 54576.0, 3: 154548.0, 4: 147888.0, 5: 103212.0, 6: 564372.0, 7: 44136.0, 8: 994608.0, 9: 342072.0, 10: 165312.0, 11: 376740.0, 12: 59328.0, 13: 655596.0, 14: 216.0, 15: 100944.0}
2026-06-05 16:03:04 [INFO] 分割成功
2026-06-05 16:03:04 [INFO] 引擎上下文已释放
2026-06-05 16:03:04 [INFO] TensorRT 引擎已释放
2026-06-05 16:03:04 [INFO] 全局 CUDA 资源已释放
2026-06-05 16:03:04 [INFO] 分割系统资源已释放
2026-06-05 16:03:08 [INFO] CUDA 初始化成功
2026-06-05 16:03:08 [INFO] 引擎加载成功: scrap_steel.engine
2026-06-05 16:03:08 [INFO] 分割系统初始化成功
2026-06-05 16:03:08 [INFO] 图像预处理完成，原始尺寸: (2160, 3840)
2026-06-05 16:03:08 [INFO] 开始执行分割...
2026-06-05 16:03:08 [DEBUG] 处理后的检测结果形状: (1, 8400, 6)
2026-06-05 16:03:08 [DEBUG] 示例检测结果: [[-4.15446854e+00 -3.17240143e+00  3.90465050e+01  1.47796459e+01
   3.55647281e-08  5.00000000e+00]
 [-6.72305679e+00 -2.99861717e+00  4.45764122e+01  2.86717014e+01
   8.52706705e-09  9.00000000e+00]
 [-3.63920212e+00 -3.42162991e+00  4.58609619e+01  2.95162315e+01
   3.92304855e-09  9.00000000e+00]]
2026-06-05 16:03:08 [DEBUG] 处理后检测输出形状: (0, 52)
2026-06-05 16:03:08 [DEBUG] 有效检测数量: 0
2026-06-05 16:03:08 [DEBUG] 检测输出为空
2026-06-05 16:03:08 [INFO] 掩码中检测到的类别: [0, 1, 2, 3, 4, 5, 6, 7, 8, 9, 10, 11, 12, 13, 14, 15]
2026-06-05 16:03:08 [INFO] 分割完成，检测到 0 个物体
2026-06-05 16:03:08 [INFO] 从分割掩码中提取检测结果
2026-06-05 16:03:08 [INFO] 从掩码中提取了 551 个检测框
2026-06-05 16:03:08 [INFO] 计算出的车框矩形边界: (1095, 658) to (3277, 1640)
2026-06-05 16:03:08 [INFO] 原始检测数: 551, 过滤后检测数: 247
2026-06-05 16:03:09 [INFO] 保存分割和检测结果到: C:\code\show\Scrap_Steel_In_Field\photos\segmentation\segment_20260605_160308.jpg
2026-06-05 16:03:09 [INFO] JSON结果保存到: C:\code\show\Scrap_Steel_In_Field\photos\segmentation_result.json
2026-06-05 16:03:09 [INFO] 类别统计：{0: 53, 1: 44, 2: 28, 3: 10, 4: 43, 5: 37, 6: 28, 7: 31, 8: 66, 9: 51, 10: 34, 11: 16, 12: 24, 13: 60, 14: 0, 15: 26}
2026-06-05 16:03:09 [INFO] 面积统计：{0: 3139596.0, 1: 783072.0, 2: 51084.0, 3: 151956.0, 4: 157500.0, 5: 109908.0, 6: 530712.0, 7: 38628.0, 8: 1018332.0, 9: 318996.0, 10: 163620.0, 11: 358488.0, 12: 50292.0, 13: 665388.0, 14: 252.0, 15: 98352.0}
2026-06-05 16:03:09 [INFO] 分割成功
2026-06-05 16:03:09 [INFO] 引擎上下文已释放
2026-06-05 16:03:09 [INFO] TensorRT 引擎已释放
2026-06-05 16:03:09 [INFO] 全局 CUDA 资源已释放
2026-06-05 16:03:09 [INFO] 分割系统资源已释放
2026-06-05 16:03:13 [INFO] CUDA 初始化成功
2026-06-05 16:03:13 [INFO] 引擎加载成功: scrap_steel.engine
2026-06-05 16:03:13 [INFO] 分割系统初始化成功
2026-06-05 16:03:13 [INFO] 图像预处理完成，原始尺寸: (2160, 3840)
2026-06-05 16:03:13 [INFO] 开始执行分割...
2026-06-05 16:03:13 [DEBUG] 处理后的检测结果形状: (1, 8400, 6)
2026-06-05 16:03:13 [DEBUG] 示例检测结果: [[-4.12107086e+00 -3.18067980e+00  3.91189041e+01  1.47679977e+01
   3.62519188e-08  5.00000000e+00]
 [-6.72888565e+00 -2.99903297e+00  4.48671455e+01  2.88144016e+01
   8.79756268e-09  9.00000000e+00]
 [-3.67059326e+00 -3.41868687e+00  4.59971695e+01  2.97356224e+01
   4.06875600e-09  9.00000000e+00]]
2026-06-05 16:03:13 [DEBUG] 处理后检测输出形状: (0, 52)
2026-06-05 16:03:13 [DEBUG] 有效检测数量: 0
2026-06-05 16:03:13 [DEBUG] 检测输出为空
2026-06-05 16:03:13 [INFO] 掩码中检测到的类别: [0, 1, 2, 3, 4, 5, 6, 7, 8, 9, 10, 11, 12, 13, 14, 15]
2026-06-05 16:03:13 [INFO] 分割完成，检测到 0 个物体
2026-06-05 16:03:13 [INFO] 从分割掩码中提取检测结果
2026-06-05 16:03:13 [INFO] 从掩码中提取了 541 个检测框
2026-06-05 16:03:13 [INFO] 计算出的车框矩形边界: (1095, 664) to (3274, 1641)
2026-06-05 16:03:13 [INFO] 原始检测数: 541, 过滤后检测数: 243
2026-06-05 16:03:14 [INFO] 保存分割和检测结果到: C:\code\show\Scrap_Steel_In_Field\photos\segmentation\segment_20260605_160313.jpg
2026-06-05 16:03:14 [INFO] JSON结果保存到: C:\code\show\Scrap_Steel_In_Field\photos\segmentation_result.json
2026-06-05 16:03:14 [INFO] 类别统计：{0: 47, 1: 45, 2: 31, 3: 9, 4: 39, 5: 35, 6: 34, 7: 35, 8: 60, 9: 64, 10: 33, 11: 16, 12: 18, 13: 52, 14: 0, 15: 23}
2026-06-05 16:03:14 [INFO] 面积统计：{0: 3043116.0, 1: 792684.0, 2: 54936.0, 3: 156780.0, 4: 164880.0, 5: 105480.0, 6: 536004.0, 7: 44280.0, 8: 1018260.0, 9: 361332.0, 10: 163152.0, 11: 370080.0, 12: 61812.0, 13: 647532.0, 14: 108.0, 15: 112608.0}
2026-06-05 16:03:14 [INFO] 分割成功
2026-06-05 16:03:14 [INFO] 引擎上下文已释放
2026-06-05 16:03:14 [INFO] TensorRT 引擎已释放
2026-06-05 16:03:14 [INFO] 全局 CUDA 资源已释放
2026-06-05 16:03:14 [INFO] 分割系统资源已释放
2026-06-05 16:03:18 [INFO] CUDA 初始化成功
2026-06-05 16:03:18 [INFO] 引擎加载成功: scrap_steel.engine
2026-06-05 16:03:18 [INFO] 分割系统初始化成功
2026-06-05 16:03:18 [INFO] 图像预处理完成，原始尺寸: (2160, 3840)
2026-06-05 16:03:18 [INFO] 开始执行分割...
2026-06-05 16:03:18 [DEBUG] 处理后的检测结果形状: (1, 8400, 6)
2026-06-05 16:03:18 [DEBUG] 示例检测结果: [[-4.15293121e+00 -3.17907524e+00  3.91344719e+01  1.47895966e+01
   3.62519188e-08  5.00000000e+00]
 [-6.72712708e+00 -3.01044083e+00  4.47868805e+01  2.88490124e+01
   8.65570815e-09  9.00000000e+00]
 [-3.67158127e+00 -3.37668514e+00  4.59374199e+01  2.96846161e+01
   4.02112477e-09  9.00000000e+00]]
2026-06-05 16:03:18 [DEBUG] 处理后检测输出形状: (0, 52)
2026-06-05 16:03:18 [DEBUG] 有效检测数量: 0
2026-06-05 16:03:18 [DEBUG] 检测输出为空
2026-06-05 16:03:18 [INFO] 掩码中检测到的类别: [0, 1, 2, 3, 4, 5, 6, 7, 8, 9, 10, 11, 12, 13, 14, 15]
2026-06-05 16:03:18 [INFO] 分割完成，检测到 0 个物体
2026-06-05 16:03:18 [INFO] 从分割掩码中提取检测结果
2026-06-05 16:03:18 [INFO] 从掩码中提取了 558 个检测框
2026-06-05 16:03:18 [INFO] 计算出的车框矩形边界: (1095, 661) to (3273, 1641)
2026-06-05 16:03:18 [INFO] 原始检测数: 558, 过滤后检测数: 257
2026-06-05 16:03:19 [INFO] 保存分割和检测结果到: C:\code\show\Scrap_Steel_In_Field\photos\segmentation\segment_20260605_160318.jpg
2026-06-05 16:03:19 [INFO] JSON结果保存到: C:\code\show\Scrap_Steel_In_Field\photos\segmentation_result.json
2026-06-05 16:03:19 [INFO] 类别统计：{0: 59, 1: 49, 2: 29, 3: 9, 4: 39, 5: 39, 6: 31, 7: 43, 8: 61, 9: 50, 10: 35, 11: 19, 12: 20, 13: 54, 14: 0, 15: 21}
2026-06-05 16:03:19 [INFO] 面积统计：{0: 3109572.0, 1: 748728.0, 2: 54288.0, 3: 150120.0, 4: 146088.0, 5: 111708.0, 6: 562644.0, 7: 48816.0, 8: 1005012.0, 9: 356400.0, 10: 158400.0, 11: 368604.0, 12: 50904.0, 13: 656532.0, 14: 144.0, 15: 90000.0}
2026-06-05 16:03:19 [INFO] 分割成功
2026-06-05 16:03:19 [INFO] 引擎上下文已释放
2026-06-05 16:03:19 [INFO] TensorRT 引擎已释放
2026-06-05 16:03:19 [INFO] 全局 CUDA 资源已释放
2026-06-05 16:03:19 [INFO] 分割系统资源已释放
2026-06-05 16:03:23 [INFO] CUDA 初始化成功
2026-06-05 16:03:23 [INFO] 引擎加载成功: scrap_steel.engine
2026-06-05 16:03:23 [INFO] 分割系统初始化成功
2026-06-05 16:03:23 [INFO] 图像预处理完成，原始尺寸: (2160, 3840)
2026-06-05 16:03:23 [INFO] 开始执行分割...
2026-06-05 16:03:23 [DEBUG] 处理后的检测结果形状: (1, 8400, 6)
2026-06-05 16:03:23 [DEBUG] 示例检测结果: [[-4.15299606e+00 -3.16802406e+00  3.88855057e+01  1.46526375e+01
   3.54302330e-08  5.00000000e+00]
 [-6.70090103e+00 -2.99937630e+00  4.46493721e+01  2.85568981e+01
   8.39842595e-09  9.00000000e+00]
 [-3.63835144e+00 -3.41844845e+00  4.58925323e+01  2.95483398e+01
   3.90670252e-09  9.00000000e+00]]
2026-06-05 16:03:23 [DEBUG] 处理后检测输出形状: (0, 52)
2026-06-05 16:03:23 [DEBUG] 有效检测数量: 0
2026-06-05 16:03:23 [DEBUG] 检测输出为空
2026-06-05 16:03:23 [INFO] 掩码中检测到的类别: [0, 1, 2, 3, 4, 5, 6, 7, 8, 9, 10, 11, 12, 13, 14, 15]
2026-06-05 16:03:23 [INFO] 分割完成，检测到 0 个物体
2026-06-05 16:03:23 [INFO] 从分割掩码中提取检测结果
2026-06-05 16:03:23 [INFO] 从掩码中提取了 544 个检测框
2026-06-05 16:03:24 [INFO] 计算出的车框矩形边界: (1095, 659) to (3273, 1640)
2026-06-05 16:03:24 [INFO] 原始检测数: 544, 过滤后检测数: 238
2026-06-05 16:03:24 [INFO] 保存分割和检测结果到: C:\code\show\Scrap_Steel_In_Field\photos\segmentation\segment_20260605_160324.jpg
2026-06-05 16:03:24 [INFO] JSON结果保存到: C:\code\show\Scrap_Steel_In_Field\photos\segmentation_result.json
2026-06-05 16:03:24 [INFO] 类别统计：{0: 54, 1: 45, 2: 31, 3: 10, 4: 42, 5: 38, 6: 33, 7: 31, 8: 51, 9: 61, 10: 36, 11: 15, 12: 21, 13: 52, 14: 0, 15: 24}
2026-06-05 16:03:24 [INFO] 面积统计：{0: 3171420.0, 1: 755784.0, 2: 52164.0, 3: 150372.0, 4: 144216.0, 5: 100296.0, 6: 530604.0, 7: 41760.0, 8: 1011456.0, 9: 324324.0, 10: 165132.0, 11: 370116.0, 12: 64008.0, 13: 654984.0, 14: 216.0, 15: 90396.0}
2026-06-05 16:03:24 [INFO] 分割成功
2026-06-05 16:03:24 [INFO] 引擎上下文已释放
2026-06-05 16:03:24 [INFO] TensorRT 引擎已释放
2026-06-05 16:03:24 [INFO] 全局 CUDA 资源已释放
2026-06-05 16:03:24 [INFO] 分割系统资源已释放
2026-06-05 16:03:28 [INFO] CUDA 初始化成功
2026-06-05 16:03:28 [INFO] 引擎加载成功: scrap_steel.engine
2026-06-05 16:03:28 [INFO] 分割系统初始化成功
2026-06-05 16:03:28 [INFO] 图像预处理完成，原始尺寸: (2160, 3840)
2026-06-05 16:03:28 [INFO] 开始执行分割...
2026-06-05 16:03:28 [DEBUG] 处理后的检测结果形状: (1, 8400, 6)
2026-06-05 16:03:28 [DEBUG] 示例检测结果: [[-4.18437576e+00 -3.19003677e+00  3.90047264e+01  1.48203793e+01
   3.62519188e-08  5.00000000e+00]
 [-6.75917053e+00 -3.03407860e+00  4.46436234e+01  2.88249035e+01
   8.58793836e-09  9.00000000e+00]
 [-3.66656876e+00 -3.43088531e+00  4.59252663e+01  2.96428261e+01
   3.94227229e-09  9.00000000e+00]]
2026-06-05 16:03:28 [DEBUG] 处理后检测输出形状: (0, 52)
2026-06-05 16:03:28 [DEBUG] 有效检测数量: 0
2026-06-05 16:03:28 [DEBUG] 检测输出为空
2026-06-05 16:03:28 [INFO] 掩码中检测到的类别: [0, 1, 2, 3, 4, 5, 6, 7, 8, 9, 10, 11, 12, 13, 14, 15]
2026-06-05 16:03:28 [INFO] 分割完成，检测到 0 个物体
2026-06-05 16:03:28 [INFO] 从分割掩码中提取检测结果
2026-06-05 16:03:29 [INFO] 从掩码中提取了 533 个检测框
2026-06-05 16:03:29 [INFO] 计算出的车框矩形边界: (1095, 662) to (3277, 1641)
2026-06-05 16:03:29 [INFO] 原始检测数: 533, 过滤后检测数: 235
2026-06-05 16:03:29 [INFO] 保存分割和检测结果到: C:\code\show\Scrap_Steel_In_Field\photos\segmentation\segment_20260605_160329.jpg
2026-06-05 16:03:29 [INFO] JSON结果保存到: C:\code\show\Scrap_Steel_In_Field\photos\segmentation_result.json
2026-06-05 16:03:29 [INFO] 类别统计：{0: 53, 1: 46, 2: 28, 3: 9, 4: 37, 5: 31, 6: 29, 7: 37, 8: 60, 9: 55, 10: 36, 11: 17, 12: 18, 13: 48, 14: 0, 15: 29}
2026-06-05 16:03:29 [INFO] 面积统计：{0: 3148920.0, 1: 785592.0, 2: 53784.0, 3: 146484.0, 4: 152244.0, 5: 103140.0, 6: 560016.0, 7: 51192.0, 8: 1026540.0, 9: 344556.0, 10: 164520.0, 11: 367128.0, 12: 54648.0, 13: 645048.0, 14: 144.0, 15: 98208.0}
2026-06-05 16:03:29 [INFO] 分割成功
2026-06-05 16:03:29 [INFO] 引擎上下文已释放
2026-06-05 16:03:29 [INFO] TensorRT 引擎已释放
2026-06-05 16:03:29 [INFO] 全局 CUDA 资源已释放
2026-06-05 16:03:29 [INFO] 分割系统资源已释放
2026-06-05 16:03:33 [INFO] CUDA 初始化成功
2026-06-05 16:03:33 [INFO] 引擎加载成功: scrap_steel.engine
2026-06-05 16:03:33 [INFO] 分割系统初始化成功
2026-06-05 16:03:33 [INFO] 图像预处理完成，原始尺寸: (2160, 3840)
2026-06-05 16:03:33 [INFO] 开始执行分割...
2026-06-05 16:03:33 [DEBUG] 处理后的检测结果形状: (1, 8400, 6)
2026-06-05 16:03:33 [DEBUG] 示例检测结果: [[-4.17164993e+00 -3.17373705e+00  3.89756546e+01  1.47057915e+01
   3.51535725e-08  5.00000000e+00]
 [-6.78020096e+00 -3.00032043e+00  4.46445885e+01  2.85993290e+01
   8.43130366e-09  9.00000000e+00]
 [-3.66749573e+00 -3.40659046e+00  4.59133759e+01  2.95382729e+01
   3.95353084e-09  9.00000000e+00]]
2026-06-05 16:03:33 [DEBUG] 处理后检测输出形状: (0, 52)
2026-06-05 16:03:33 [DEBUG] 有效检测数量: 0
2026-06-05 16:03:33 [DEBUG] 检测输出为空
2026-06-05 16:03:33 [INFO] 掩码中检测到的类别: [0, 1, 2, 3, 4, 5, 6, 7, 8, 9, 10, 11, 12, 13, 14, 15]
2026-06-05 16:03:33 [INFO] 分割完成，检测到 0 个物体
2026-06-05 16:03:33 [INFO] 从分割掩码中提取检测结果
2026-06-05 16:03:33 [INFO] 从掩码中提取了 551 个检测框
2026-06-05 16:03:34 [INFO] 计算出的车框矩形边界: (1095, 660) to (3274, 1640)
2026-06-05 16:03:34 [INFO] 原始检测数: 551, 过滤后检测数: 243
2026-06-05 16:03:34 [INFO] 保存分割和检测结果到: C:\code\show\Scrap_Steel_In_Field\photos\segmentation\segment_20260605_160333.jpg
2026-06-05 16:03:34 [INFO] JSON结果保存到: C:\code\show\Scrap_Steel_In_Field\photos\segmentation_result.json
2026-06-05 16:03:34 [INFO] 类别统计：{0: 58, 1: 55, 2: 23, 3: 11, 4: 35, 5: 37, 6: 35, 7: 42, 8: 53, 9: 55, 10: 33, 11: 17, 12: 20, 13: 49, 14: 0, 15: 28}
2026-06-05 16:03:34 [INFO] 面积统计：{0: 3175092.0, 1: 779508.0, 2: 56088.0, 3: 145800.0, 4: 162396.0, 5: 95940.0, 6: 522324.0, 7: 49320.0, 8: 1006056.0, 9: 321912.0, 10: 165672.0, 11: 382032.0, 12: 69264.0, 13: 651492.0, 14: 180.0, 15: 97740.0}
2026-06-05 16:03:34 [INFO] 分割成功
2026-06-05 16:03:34 [INFO] 引擎上下文已释放
2026-06-05 16:03:34 [INFO] TensorRT 引擎已释放
2026-06-05 16:03:34 [INFO] 全局 CUDA 资源已释放
2026-06-05 16:03:34 [INFO] 分割系统资源已释放
2026-06-05 16:03:38 [INFO] CUDA 初始化成功
2026-06-05 16:03:38 [INFO] 引擎加载成功: scrap_steel.engine
2026-06-05 16:03:38 [INFO] 分割系统初始化成功
2026-06-05 16:03:38 [INFO] 图像预处理完成，原始尺寸: (2160, 3840)
2026-06-05 16:03:38 [INFO] 开始执行分割...
2026-06-05 16:03:38 [DEBUG] 处理后的检测结果形状: (1, 8400, 6)
2026-06-05 16:03:38 [DEBUG] 示例检测结果: [[-4.21818924e+00 -3.22601080e+00  3.90755119e+01  1.49350719e+01
   3.54253302e-08  5.00000000e+00]
 [-6.76179504e+00 -3.05770302e+00  4.46487656e+01  2.87872982e+01
   8.39436609e-09  9.00000000e+00]
 [-3.66028976e+00 -3.43415260e+00  4.58855095e+01  2.96458454e+01
   3.86251031e-09  9.00000000e+00]]
2026-06-05 16:03:38 [DEBUG] 处理后检测输出形状: (0, 52)
2026-06-05 16:03:38 [DEBUG] 有效检测数量: 0
2026-06-05 16:03:38 [DEBUG] 检测输出为空
2026-06-05 16:03:38 [INFO] 掩码中检测到的类别: [0, 1, 2, 3, 4, 5, 6, 7, 8, 9, 10, 11, 12, 13, 14, 15]
2026-06-05 16:03:38 [INFO] 分割完成，检测到 0 个物体
2026-06-05 16:03:38 [INFO] 从分割掩码中提取检测结果
2026-06-05 16:03:39 [INFO] 从掩码中提取了 522 个检测框
2026-06-05 16:03:39 [INFO] 计算出的车框矩形边界: (1095, 658) to (3278, 1640)
2026-06-05 16:03:39 [INFO] 原始检测数: 522, 过滤后检测数: 229
2026-06-05 16:03:39 [INFO] 保存分割和检测结果到: C:\code\show\Scrap_Steel_In_Field\photos\segmentation\segment_20260605_160339.jpg
2026-06-05 16:03:39 [INFO] JSON结果保存到: C:\code\show\Scrap_Steel_In_Field\photos\segmentation_result.json
2026-06-05 16:03:39 [INFO] 类别统计：{0: 56, 1: 44, 2: 26, 3: 9, 4: 36, 5: 36, 6: 28, 7: 33, 8: 64, 9: 51, 10: 29, 11: 17, 12: 19, 13: 49, 14: 0, 15: 25}
2026-06-05 16:03:39 [INFO] 面积统计：{0: 3222396.0, 1: 792504.0, 2: 54936.0, 3: 146268.0, 4: 151776.0, 5: 105444.0, 6: 516888.0, 7: 49536.0, 8: 1022940.0, 9: 320436.0, 10: 166932.0, 11: 372132.0, 12: 44604.0, 13: 649224.0, 14: 144.0, 15: 92808.0}
2026-06-05 16:03:39 [INFO] 分割成功
2026-06-05 16:03:39 [INFO] 引擎上下文已释放
2026-06-05 16:03:39 [INFO] TensorRT 引擎已释放
2026-06-05 16:03:39 [INFO] 全局 CUDA 资源已释放
2026-06-05 16:03:39 [INFO] 分割系统资源已释放
2026-06-05 16:03:43 [INFO] CUDA 初始化成功
2026-06-05 16:03:43 [INFO] 引擎加载成功: scrap_steel.engine
2026-06-05 16:03:43 [INFO] 分割系统初始化成功
2026-06-05 16:03:43 [INFO] 图像预处理完成，原始尺寸: (2160, 3840)
2026-06-05 16:03:43 [INFO] 开始执行分割...
2026-06-05 16:03:43 [DEBUG] 处理后的检测结果形状: (1, 8400, 6)
2026-06-05 16:03:43 [DEBUG] 示例检测结果: [[-4.12039185e+00 -3.17953587e+00  3.90507469e+01  1.47569170e+01
   3.58375551e-08  5.00000000e+00]
 [-6.63755035e+00 -3.00185966e+00  4.47667160e+01  2.87787876e+01
   8.53323812e-09  9.00000000e+00]
 [-3.62907410e+00 -3.36488342e+00  4.59501190e+01  2.97064667e+01
   4.00403621e-09  9.00000000e+00]]
2026-06-05 16:03:43 [DEBUG] 处理后检测输出形状: (0, 52)
2026-06-05 16:03:43 [DEBUG] 有效检测数量: 0
2026-06-05 16:03:43 [DEBUG] 检测输出为空
2026-06-05 16:03:43 [INFO] 掩码中检测到的类别: [0, 1, 2, 3, 4, 5, 6, 7, 8, 9, 10, 11, 12, 13, 14, 15]
2026-06-05 16:03:43 [INFO] 分割完成，检测到 0 个物体
2026-06-05 16:03:43 [INFO] 从分割掩码中提取检测结果
2026-06-05 16:03:44 [INFO] 从掩码中提取了 540 个检测框
2026-06-05 16:03:44 [INFO] 计算出的车框矩形边界: (1094, 658) to (3272, 1641)
2026-06-05 16:03:44 [INFO] 原始检测数: 540, 过滤后检测数: 242
2026-06-05 16:03:44 [INFO] 保存分割和检测结果到: C:\code\show\Scrap_Steel_In_Field\photos\segmentation\segment_20260605_160344.jpg
2026-06-05 16:03:44 [INFO] JSON结果保存到: C:\code\show\Scrap_Steel_In_Field\photos\segmentation_result.json
2026-06-05 16:03:44 [INFO] 类别统计：{0: 51, 1: 42, 2: 25, 3: 8, 4: 40, 5: 31, 6: 33, 7: 37, 8: 66, 9: 54, 10: 30, 11: 19, 12: 22, 13: 56, 14: 0, 15: 26}
2026-06-05 16:03:44 [INFO] 面积统计：{0: 3033288.0, 1: 808632.0, 2: 57168.0, 3: 155088.0, 4: 160092.0, 5: 97884.0, 6: 550008.0, 7: 49752.0, 8: 1014264.0, 9: 339192.0, 10: 164340.0, 11: 370188.0, 12: 58932.0, 13: 651240.0, 14: 108.0, 15: 112356.0}
2026-06-05 16:03:44 [INFO] 分割成功
2026-06-05 16:03:44 [INFO] 引擎上下文已释放
2026-06-05 16:03:44 [INFO] TensorRT 引擎已释放
2026-06-05 16:03:44 [INFO] 全局 CUDA 资源已释放
2026-06-05 16:03:44 [INFO] 分割系统资源已释放
2026-06-05 16:03:48 [INFO] CUDA 初始化成功
2026-06-05 16:03:48 [INFO] 引擎加载成功: scrap_steel.engine
2026-06-05 16:03:48 [INFO] 分割系统初始化成功
2026-06-05 16:03:48 [INFO] 图像预处理完成，原始尺寸: (2160, 3840)
2026-06-05 16:03:48 [INFO] 开始执行分割...
2026-06-05 16:03:48 [DEBUG] 处理后的检测结果形状: (1, 8400, 6)
2026-06-05 16:03:48 [DEBUG] 示例检测结果: [[-4.15534210e+00 -3.18037891e+00  3.89766579e+01  1.47381659e+01
   3.57041294e-08  5.00000000e+00]
 [-6.73898315e+00 -3.01104546e+00  4.46568222e+01  2.87018242e+01
   8.59382965e-09  9.00000000e+00]
 [-3.68148041e+00 -3.40605736e+00  4.58969650e+01  2.95832958e+01
   3.95353084e-09  9.00000000e+00]]
2026-06-05 16:03:48 [DEBUG] 处理后检测输出形状: (0, 52)
2026-06-05 16:03:48 [DEBUG] 有效检测数量: 0
2026-06-05 16:03:48 [DEBUG] 检测输出为空
2026-06-05 16:03:48 [INFO] 掩码中检测到的类别: [0, 1, 2, 3, 4, 5, 6, 7, 8, 9, 10, 11, 12, 13, 14, 15]
2026-06-05 16:03:49 [INFO] 分割完成，检测到 0 个物体
2026-06-05 16:03:49 [INFO] 从分割掩码中提取检测结果
2026-06-05 16:03:49 [INFO] 从掩码中提取了 561 个检测框
2026-06-05 16:03:49 [INFO] 计算出的车框矩形边界: (1095, 658) to (3273, 1641)
2026-06-05 16:03:49 [INFO] 原始检测数: 561, 过滤后检测数: 250
2026-06-05 16:03:49 [INFO] 保存分割和检测结果到: C:\code\show\Scrap_Steel_In_Field\photos\segmentation\segment_20260605_160349.jpg
2026-06-05 16:03:49 [INFO] JSON结果保存到: C:\code\show\Scrap_Steel_In_Field\photos\segmentation_result.json
2026-06-05 16:03:49 [INFO] 类别统计：{0: 59, 1: 56, 2: 28, 3: 14, 4: 37, 5: 33, 6: 33, 7: 34, 8: 56, 9: 55, 10: 37, 11: 17, 12: 22, 13: 52, 14: 0, 15: 28}
2026-06-05 16:03:49 [INFO] 面积统计：{0: 3125232.0, 1: 784080.0, 2: 48312.0, 3: 148860.0, 4: 147816.0, 5: 101808.0, 6: 535212.0, 7: 46656.0, 8: 1030212.0, 9: 325332.0, 10: 159732.0, 11: 358200.0, 12: 60300.0, 13: 660816.0, 14: 108.0, 15: 103356.0}
2026-06-05 16:03:49 [INFO] 分割成功
2026-06-05 16:03:49 [INFO] 引擎上下文已释放
2026-06-05 16:03:49 [INFO] TensorRT 引擎已释放
2026-06-05 16:03:49 [INFO] 全局 CUDA 资源已释放
2026-06-05 16:03:49 [INFO] 分割系统资源已释放
2026-06-05 16:03:53 [INFO] CUDA 初始化成功
2026-06-05 16:03:53 [INFO] 引擎加载成功: scrap_steel.engine
2026-06-05 16:03:53 [INFO] 分割系统初始化成功
2026-06-05 16:03:54 [INFO] 图像预处理完成，原始尺寸: (2160, 3840)
2026-06-05 16:03:54 [INFO] 开始执行分割...
2026-06-05 16:03:54 [DEBUG] 处理后的检测结果形状: (1, 8400, 6)
2026-06-05 16:03:54 [DEBUG] 示例检测结果: [[-4.18253326e+00 -3.19089508e+00  3.91041603e+01  1.47487030e+01
   3.57041294e-08  5.00000000e+00]
 [-6.75025177e+00 -3.01172447e+00  4.47284966e+01  2.86066303e+01
   8.40560421e-09  9.00000000e+00]
 [-3.64668274e+00 -3.39473343e+00  4.59258804e+01  2.95373306e+01
   3.89256627e-09  9.00000000e+00]]
2026-06-05 16:03:54 [DEBUG] 处理后检测输出形状: (0, 52)
2026-06-05 16:03:54 [DEBUG] 有效检测数量: 0
2026-06-05 16:03:54 [DEBUG] 检测输出为空
2026-06-05 16:03:54 [INFO] 掩码中检测到的类别: [0, 1, 2, 3, 4, 5, 6, 7, 8, 9, 10, 11, 12, 13, 14, 15]
2026-06-05 16:03:54 [INFO] 分割完成，检测到 0 个物体
2026-06-05 16:03:54 [INFO] 从分割掩码中提取检测结果
2026-06-05 16:03:54 [INFO] 从掩码中提取了 536 个检测框
2026-06-05 16:03:54 [INFO] 计算出的车框矩形边界: (1095, 660) to (3277, 1637)
2026-06-05 16:03:54 [INFO] 原始检测数: 536, 过滤后检测数: 253
2026-06-05 16:03:55 [INFO] 保存分割和检测结果到: C:\code\show\Scrap_Steel_In_Field\photos\segmentation\segment_20260605_160354.jpg
2026-06-05 16:03:55 [INFO] JSON结果保存到: C:\code\show\Scrap_Steel_In_Field\photos\segmentation_result.json
2026-06-05 16:03:55 [INFO] 类别统计：{0: 54, 1: 46, 2: 30, 3: 9, 4: 37, 5: 37, 6: 30, 7: 41, 8: 52, 9: 49, 10: 35, 11: 14, 12: 23, 13: 52, 14: 0, 15: 27}
2026-06-05 16:03:55 [INFO] 面积统计：{0: 3077820.0, 1: 761688.0, 2: 50760.0, 3: 153288.0, 4: 168984.0, 5: 103248.0, 6: 558324.0, 7: 47412.0, 8: 1014840.0, 9: 340920.0, 10: 160848.0, 11: 380160.0, 12: 55836.0, 13: 653832.0, 14: 216.0, 15: 109980.0}
2026-06-05 16:03:55 [INFO] 分割成功
2026-06-05 16:03:55 [INFO] 引擎上下文已释放
2026-06-05 16:03:55 [INFO] TensorRT 引擎已释放
2026-06-05 16:03:55 [INFO] 全局 CUDA 资源已释放
2026-06-05 16:03:55 [INFO] 分割系统资源已释放
2026-06-05 16:03:58 [INFO] CUDA 初始化成功
2026-06-05 16:03:59 [INFO] 引擎加载成功: scrap_steel.engine
2026-06-05 16:03:59 [INFO] 分割系统初始化成功
2026-06-05 16:03:59 [INFO] 图像预处理完成，原始尺寸: (2160, 3840)
2026-06-05 16:03:59 [INFO] 开始执行分割...
2026-06-05 16:03:59 [DEBUG] 处理后的检测结果形状: (1, 8400, 6)
2026-06-05 16:03:59 [DEBUG] 示例检测结果: [[-4.18091965e+00 -3.18160152e+00  3.91246300e+01  1.46799173e+01
   3.56970844e-08  5.00000000e+00]
 [-6.76071548e+00 -3.02331352e+00  4.47633095e+01  2.86496830e+01
   8.56690718e-09  9.00000000e+00]
 [-3.67518616e+00 -3.40488434e+00  4.59113998e+01  2.95659752e+01
   3.98843270e-09  9.00000000e+00]]
2026-06-05 16:03:59 [DEBUG] 处理后检测输出形状: (0, 52)
2026-06-05 16:03:59 [DEBUG] 有效检测数量: 0
2026-06-05 16:03:59 [DEBUG] 检测输出为空
2026-06-05 16:03:59 [INFO] 掩码中检测到的类别: [0, 1, 2, 3, 4, 5, 6, 7, 8, 9, 10, 11, 12, 13, 14, 15]
2026-06-05 16:03:59 [INFO] 分割完成，检测到 0 个物体
2026-06-05 16:03:59 [INFO] 从分割掩码中提取检测结果
2026-06-05 16:03:59 [INFO] 从掩码中提取了 553 个检测框
2026-06-05 16:03:59 [INFO] 计算出的车框矩形边界: (1095, 662) to (3277, 1640)
2026-06-05 16:03:59 [INFO] 原始检测数: 553, 过滤后检测数: 256
2026-06-05 16:04:00 [INFO] 保存分割和检测结果到: C:\code\show\Scrap_Steel_In_Field\photos\segmentation\segment_20260605_160359.jpg
2026-06-05 16:04:00 [INFO] JSON结果保存到: C:\code\show\Scrap_Steel_In_Field\photos\segmentation_result.json
2026-06-05 16:04:00 [INFO] 类别统计：{0: 60, 1: 44, 2: 25, 3: 9, 4: 38, 5: 37, 6: 31, 7: 38, 8: 56, 9: 58, 10: 34, 11: 16, 12: 24, 13: 58, 14: 0, 15: 25}
2026-06-05 16:04:00 [INFO] 面积统计：{0: 3118248.0, 1: 773028.0, 2: 56952.0, 3: 152676.0, 4: 159696.0, 5: 106740.0, 6: 538488.0, 7: 44820.0, 8: 1022292.0, 9: 340668.0, 10: 161820.0, 11: 363564.0, 12: 70740.0, 13: 670860.0, 14: 216.0, 15: 105228.0}
2026-06-05 16:04:00 [INFO] 分割成功
2026-06-05 16:04:00 [INFO] 引擎上下文已释放
2026-06-05 16:04:00 [INFO] TensorRT 引擎已释放
2026-06-05 16:04:00 [INFO] 全局 CUDA 资源已释放
2026-06-05 16:04:00 [INFO] 分割系统资源已释放
2026-06-05 16:04:04 [INFO] CUDA 初始化成功
2026-06-05 16:04:04 [INFO] 引擎加载成功: scrap_steel.engine
2026-06-05 16:04:04 [INFO] 分割系统初始化成功
2026-06-05 16:04:04 [INFO] 图像预处理完成，原始尺寸: (2160, 3840)
2026-06-05 16:04:04 [INFO] 开始执行分割...
2026-06-05 16:04:04 [DEBUG] 处理后的检测结果形状: (1, 8400, 6)
2026-06-05 16:04:04 [DEBUG] 示例检测结果: [[-4.18415451e+00 -3.17882442e+00  3.89925270e+01  1.47616873e+01
   3.57041294e-08  5.00000000e+00]
 [-6.74871063e+00 -3.02248383e+00  4.47133255e+01  2.87865887e+01
   8.53323812e-09  9.00000000e+00]
 [-3.67591858e+00 -3.40303326e+00  4.59312897e+01  2.96450920e+01
   3.92500432e-09  9.00000000e+00]]
2026-06-05 16:04:04 [DEBUG] 处理后检测输出形状: (0, 52)
2026-06-05 16:04:04 [DEBUG] 有效检测数量: 0
2026-06-05 16:04:04 [DEBUG] 检测输出为空
2026-06-05 16:04:04 [INFO] 掩码中检测到的类别: [0, 1, 2, 3, 4, 5, 6, 7, 8, 9, 10, 11, 12, 13, 14, 15]
2026-06-05 16:04:04 [INFO] 分割完成，检测到 0 个物体
2026-06-05 16:04:04 [INFO] 从分割掩码中提取检测结果
2026-06-05 16:04:04 [INFO] 从掩码中提取了 555 个检测框
2026-06-05 16:04:04 [INFO] 计算出的车框矩形边界: (1095, 661) to (3277, 1640)
2026-06-05 16:04:04 [INFO] 原始检测数: 555, 过滤后检测数: 259
2026-06-05 16:04:05 [INFO] 保存分割和检测结果到: C:\code\show\Scrap_Steel_In_Field\photos\segmentation\segment_20260605_160404.jpg
2026-06-05 16:04:05 [INFO] JSON结果保存到: C:\code\show\Scrap_Steel_In_Field\photos\segmentation_result.json
2026-06-05 16:04:05 [INFO] 类别统计：{0: 53, 1: 48, 2: 29, 3: 12, 4: 40, 5: 37, 6: 31, 7: 35, 8: 61, 9: 56, 10: 36, 11: 21, 12: 23, 13: 45, 14: 0, 15: 28}
2026-06-05 16:04:05 [INFO] 面积统计：{0: 3032028.0, 1: 793008.0, 2: 49248.0, 3: 150012.0, 4: 158076.0, 5: 99900.0, 6: 536580.0, 7: 50400.0, 8: 1026684.0, 9: 317772.0, 10: 167076.0, 11: 372528.0, 12: 64836.0, 13: 656568.0, 14: 108.0, 15: 108504.0}
2026-06-05 16:04:05 [INFO] 分割成功
2026-06-05 16:04:05 [INFO] 引擎上下文已释放
2026-06-05 16:04:05 [INFO] TensorRT 引擎已释放
2026-06-05 16:04:05 [INFO] 全局 CUDA 资源已释放
2026-06-05 16:04:05 [INFO] 分割系统资源已释放
2026-06-05 16:04:09 [INFO] CUDA 初始化成功
2026-06-05 16:04:09 [INFO] 引擎加载成功: scrap_steel.engine
2026-06-05 16:04:09 [INFO] 分割系统初始化成功
2026-06-05 16:04:09 [INFO] 图像预处理完成，原始尺寸: (2160, 3840)
2026-06-05 16:04:09 [INFO] 开始执行分割...
2026-06-05 16:04:09 [DEBUG] 处理后的检测结果形状: (1, 8400, 6)
2026-06-05 16:04:09 [DEBUG] 示例检测结果: [[-4.12216949e+00 -3.15839529e+00  3.90650406e+01  1.46562176e+01
   3.59780223e-08  5.00000000e+00]
 [-6.67057037e+00 -2.97558022e+00  4.47569809e+01  2.86736164e+01
   8.53323812e-09  9.00000000e+00]
 [-3.63353348e+00 -3.36334801e+00  4.59333344e+01  2.96436710e+01
   3.97304589e-09  9.00000000e+00]]
2026-06-05 16:04:09 [DEBUG] 处理后检测输出形状: (0, 52)
2026-06-05 16:04:09 [DEBUG] 有效检测数量: 0
2026-06-05 16:04:09 [DEBUG] 检测输出为空
2026-06-05 16:04:09 [INFO] 掩码中检测到的类别: [0, 1, 2, 3, 4, 5, 6, 7, 8, 9, 10, 11, 12, 13, 14, 15]
2026-06-05 16:04:09 [INFO] 分割完成，检测到 0 个物体
2026-06-05 16:04:09 [INFO] 从分割掩码中提取检测结果
2026-06-05 16:04:09 [INFO] 从掩码中提取了 561 个检测框
2026-06-05 16:04:09 [INFO] 计算出的车框矩形边界: (1095, 662) to (3274, 1641)
2026-06-05 16:04:09 [INFO] 原始检测数: 561, 过滤后检测数: 270
2026-06-05 16:04:10 [INFO] 保存分割和检测结果到: C:\code\show\Scrap_Steel_In_Field\photos\segmentation\segment_20260605_160409.jpg
2026-06-05 16:04:10 [INFO] JSON结果保存到: C:\code\show\Scrap_Steel_In_Field\photos\segmentation_result.json
2026-06-05 16:04:10 [INFO] 类别统计：{0: 60, 1: 49, 2: 28, 3: 10, 4: 37, 5: 36, 6: 30, 7: 37, 8: 62, 9: 54, 10: 39, 11: 15, 12: 21, 13: 52, 14: 0, 15: 31}
2026-06-05 16:04:10 [INFO] 面积统计：{0: 3075804.0, 1: 763164.0, 2: 51480.0, 3: 149076.0, 4: 149724.0, 5: 110736.0, 6: 543564.0, 7: 45432.0, 8: 1021068.0, 9: 313812.0, 10: 166932.0, 11: 372348.0, 12: 55260.0, 13: 657180.0, 14: 144.0, 15: 102600.0}
2026-06-05 16:04:10 [INFO] 分割成功
2026-06-05 16:04:10 [INFO] 引擎上下文已释放
2026-06-05 16:04:10 [INFO] TensorRT 引擎已释放
2026-06-05 16:04:10 [INFO] 全局 CUDA 资源已释放
2026-06-05 16:04:10 [INFO] 分割系统资源已释放
2026-06-05 16:04:14 [INFO] CUDA 初始化成功
2026-06-05 16:04:14 [INFO] 引擎加载成功: scrap_steel.engine
2026-06-05 16:04:14 [INFO] 分割系统初始化成功
2026-06-05 16:04:14 [INFO] 图像预处理完成，原始尺寸: (2160, 3840)
2026-06-05 16:04:14 [INFO] 开始执行分割...
2026-06-05 16:04:14 [DEBUG] 处理后的检测结果形状: (1, 8400, 6)
2026-06-05 16:04:14 [DEBUG] 示例检测结果: [[-4.15114594e+00 -3.16739559e+00  3.90140266e+01  1.46470327e+01
   3.55647281e-08  5.00000000e+00]
 [-6.71288300e+00 -2.98799133e+00  4.47677612e+01  2.86999149e+01
   8.46030446e-09  9.00000000e+00]
 [-3.65975189e+00 -3.35064888e+00  4.59501839e+01  2.96073437e+01
   3.95574062e-09  9.00000000e+00]]
2026-06-05 16:04:14 [DEBUG] 处理后检测输出形状: (0, 52)
2026-06-05 16:04:14 [DEBUG] 有效检测数量: 0
2026-06-05 16:04:14 [DEBUG] 检测输出为空
2026-06-05 16:04:14 [INFO] 掩码中检测到的类别: [0, 1, 2, 3, 4, 5, 6, 7, 8, 9, 10, 11, 12, 13, 14, 15]
2026-06-05 16:04:14 [INFO] 分割完成，检测到 0 个物体
2026-06-05 16:04:14 [INFO] 从分割掩码中提取检测结果
2026-06-05 16:04:14 [INFO] 从掩码中提取了 543 个检测框
2026-06-05 16:04:14 [INFO] 计算出的车框矩形边界: (1095, 662) to (3278, 1640)
2026-06-05 16:04:14 [INFO] 原始检测数: 543, 过滤后检测数: 247
2026-06-05 16:04:15 [INFO] 保存分割和检测结果到: C:\code\show\Scrap_Steel_In_Field\photos\segmentation\segment_20260605_160414.jpg
2026-06-05 16:04:15 [INFO] JSON结果保存到: C:\code\show\Scrap_Steel_In_Field\photos\segmentation_result.json
2026-06-05 16:04:15 [INFO] 类别统计：{0: 55, 1: 48, 2: 27, 3: 10, 4: 36, 5: 35, 6: 31, 7: 35, 8: 62, 9: 52, 10: 35, 11: 15, 12: 23, 13: 51, 14: 0, 15: 28}
2026-06-05 16:04:15 [INFO] 面积统计：{0: 3178692.0, 1: 758268.0, 2: 56304.0, 3: 149256.0, 4: 139536.0, 5: 96912.0, 6: 549360.0, 7: 40716.0, 8: 1017252.0, 9: 304164.0, 10: 164304.0, 11: 379188.0, 12: 53892.0, 13: 646416.0, 14: 144.0, 15: 87660.0}
2026-06-05 16:04:15 [INFO] 分割成功
2026-06-05 16:04:15 [INFO] 引擎上下文已释放
2026-06-05 16:04:15 [INFO] TensorRT 引擎已释放
2026-06-05 16:04:15 [INFO] 全局 CUDA 资源已释放
2026-06-05 16:04:15 [INFO] 分割系统资源已释放
2026-06-05 16:04:19 [INFO] CUDA 初始化成功
2026-06-05 16:04:19 [INFO] 引擎加载成功: scrap_steel.engine
2026-06-05 16:04:19 [INFO] 分割系统初始化成功
2026-06-05 16:04:19 [INFO] 图像预处理完成，原始尺寸: (2160, 3840)
2026-06-05 16:04:19 [INFO] 开始执行分割...
2026-06-05 16:04:19 [DEBUG] 处理后的检测结果形状: (1, 8400, 6)
2026-06-05 16:04:19 [DEBUG] 示例检测结果: [[-4.15368271e+00 -3.18005180e+00  3.89941940e+01  1.47162457e+01
   3.54253302e-08  5.00000000e+00]
 [-6.72100830e+00 -3.01372528e+00  4.47160454e+01  2.86909618e+01
   8.52706705e-09  9.00000000e+00]
 [-3.68234253e+00 -3.40659428e+00  4.59400330e+01  2.95843811e+01
   4.00259736e-09  9.00000000e+00]]
2026-06-05 16:04:19 [DEBUG] 处理后检测输出形状: (0, 52)
2026-06-05 16:04:19 [DEBUG] 有效检测数量: 0
2026-06-05 16:04:19 [DEBUG] 检测输出为空
2026-06-05 16:04:19 [INFO] 掩码中检测到的类别: [0, 1, 2, 3, 4, 5, 6, 7, 8, 9, 10, 11, 12, 13, 14, 15]
2026-06-05 16:04:19 [INFO] 分割完成，检测到 0 个物体
2026-06-05 16:04:19 [INFO] 从分割掩码中提取检测结果
2026-06-05 16:04:20 [INFO] 从掩码中提取了 550 个检测框
2026-06-05 16:04:20 [INFO] 计算出的车框矩形边界: (1095, 661) to (3277, 1640)
2026-06-05 16:04:20 [INFO] 原始检测数: 550, 过滤后检测数: 261
2026-06-05 16:04:20 [INFO] 保存分割和检测结果到: C:\code\show\Scrap_Steel_In_Field\photos\segmentation\segment_20260605_160420.jpg
2026-06-05 16:04:20 [INFO] JSON结果保存到: C:\code\show\Scrap_Steel_In_Field\photos\segmentation_result.json
2026-06-05 16:04:20 [INFO] 类别统计：{0: 65, 1: 57, 2: 23, 3: 8, 4: 34, 5: 40, 6: 36, 7: 37, 8: 57, 9: 48, 10: 36, 11: 17, 12: 19, 13: 45, 14: 0, 15: 28}
2026-06-05 16:04:20 [INFO] 面积统计：{0: 3142476.0, 1: 813816.0, 2: 53424.0, 3: 151632.0, 4: 164736.0, 5: 101520.0, 6: 550044.0, 7: 46764.0, 8: 1031400.0, 9: 344304.0, 10: 160920.0, 11: 365292.0, 12: 49644.0, 13: 647820.0, 14: 144.0, 15: 116532.0}
2026-06-05 16:04:20 [INFO] 分割成功
2026-06-05 16:04:20 [INFO] 引擎上下文已释放
2026-06-05 16:04:20 [INFO] TensorRT 引擎已释放
2026-06-05 16:04:20 [INFO] 全局 CUDA 资源已释放
2026-06-05 16:04:20 [INFO] 分割系统资源已释放
2026-06-05 16:04:24 [INFO] CUDA 初始化成功
2026-06-05 16:04:24 [INFO] 引擎加载成功: scrap_steel.engine
2026-06-05 16:04:24 [INFO] 分割系统初始化成功
2026-06-05 16:04:24 [INFO] 图像预处理完成，原始尺寸: (2160, 3840)
2026-06-05 16:04:24 [INFO] 开始执行分割...
2026-06-05 16:04:24 [DEBUG] 处理后的检测结果形状: (1, 8400, 6)
2026-06-05 16:04:24 [DEBUG] 示例检测结果: [[-4.17398071e+00 -3.19493389e+00  3.89267654e+01  1.47740774e+01
   3.54302330e-08  5.00000000e+00]
 [-6.74606705e+00 -3.03498459e+00  4.44910927e+01  2.85977402e+01
   8.47193515e-09  9.00000000e+00]
 [-3.68668365e+00 -3.44872284e+00  4.58371124e+01  2.94953232e+01
   3.92304855e-09  9.00000000e+00]]
2026-06-05 16:04:24 [DEBUG] 处理后检测输出形状: (0, 52)
2026-06-05 16:04:24 [DEBUG] 有效检测数量: 0
2026-06-05 16:04:24 [DEBUG] 检测输出为空
2026-06-05 16:04:24 [INFO] 掩码中检测到的类别: [0, 1, 2, 3, 4, 5, 6, 7, 8, 9, 10, 11, 12, 13, 14, 15]
2026-06-05 16:04:24 [INFO] 分割完成，检测到 0 个物体
2026-06-05 16:04:24 [INFO] 从分割掩码中提取检测结果
2026-06-05 16:04:25 [INFO] 从掩码中提取了 531 个检测框
2026-06-05 16:04:25 [INFO] 计算出的车框矩形边界: (1095, 660) to (3273, 1640)
2026-06-05 16:04:25 [INFO] 原始检测数: 531, 过滤后检测数: 247
2026-06-05 16:04:25 [INFO] 保存分割和检测结果到: C:\code\show\Scrap_Steel_In_Field\photos\segmentation\segment_20260605_160425.jpg
2026-06-05 16:04:25 [INFO] JSON结果保存到: C:\code\show\Scrap_Steel_In_Field\photos\segmentation_result.json
2026-06-05 16:04:25 [INFO] 类别统计：{0: 56, 1: 46, 2: 31, 3: 8, 4: 41, 5: 35, 6: 31, 7: 39, 8: 53, 9: 50, 10: 33, 11: 15, 12: 20, 13: 47, 14: 0, 15: 26}
2026-06-05 16:04:25 [INFO] 面积统计：{0: 3107700.0, 1: 751680.0, 2: 54756.0, 3: 148392.0, 4: 160308.0, 5: 107424.0, 6: 565308.0, 7: 56340.0, 8: 1052460.0, 9: 336744.0, 10: 161352.0, 11: 377496.0, 12: 47808.0, 13: 644148.0, 14: 216.0, 15: 93564.0}
2026-06-05 16:04:25 [INFO] 分割成功
2026-06-05 16:04:25 [INFO] 引擎上下文已释放
2026-06-05 16:04:25 [INFO] TensorRT 引擎已释放
2026-06-05 16:04:25 [INFO] 全局 CUDA 资源已释放
2026-06-05 16:04:25 [INFO] 分割系统资源已释放
2026-06-05 16:04:30 [INFO] CUDA 初始化成功
2026-06-05 16:04:30 [INFO] 引擎加载成功: scrap_steel.engine
2026-06-05 16:04:30 [INFO] 分割系统初始化成功
2026-06-05 16:04:30 [INFO] 图像预处理完成，原始尺寸: (2160, 3840)
2026-06-05 16:04:30 [INFO] 开始执行分割...
2026-06-05 16:04:30 [DEBUG] 处理后的检测结果形状: (1, 8400, 6)
2026-06-05 16:04:30 [DEBUG] 示例检测结果: [[-4.12316895e+00 -3.16237545e+00  3.90841103e+01  1.46824427e+01
   3.56970844e-08  5.00000000e+00]
 [-6.72960663e+00 -3.01392746e+00  4.47719727e+01  2.86837978e+01
   8.66791439e-09  9.00000000e+00]
 [-3.64094162e+00 -3.38083839e+00  4.59265709e+01  2.95716076e+01
   4.01942302e-09  9.00000000e+00]]
2026-06-05 16:04:30 [DEBUG] 处理后检测输出形状: (0, 52)
2026-06-05 16:04:30 [DEBUG] 有效检测数量: 0
2026-06-05 16:04:30 [DEBUG] 检测输出为空
2026-06-05 16:04:30 [INFO] 掩码中检测到的类别: [0, 1, 2, 3, 4, 5, 6, 7, 8, 9, 10, 11, 12, 13, 14, 15]
2026-06-05 16:04:30 [INFO] 分割完成，检测到 0 个物体
2026-06-05 16:04:30 [INFO] 从分割掩码中提取检测结果
2026-06-05 16:04:30 [INFO] 从掩码中提取了 571 个检测框
2026-06-05 16:04:30 [INFO] 计算出的车框矩形边界: (1095, 660) to (3274, 1637)
2026-06-05 16:04:30 [INFO] 原始检测数: 571, 过滤后检测数: 252
2026-06-05 16:04:31 [INFO] 保存分割和检测结果到: C:\code\show\Scrap_Steel_In_Field\photos\segmentation\segment_20260605_160430.jpg
2026-06-05 16:04:31 [INFO] JSON结果保存到: C:\code\show\Scrap_Steel_In_Field\photos\segmentation_result.json
2026-06-05 16:04:31 [INFO] 类别统计：{0: 62, 1: 52, 2: 28, 3: 10, 4: 44, 5: 37, 6: 35, 7: 37, 8: 61, 9: 53, 10: 37, 11: 18, 12: 18, 13: 52, 14: 0, 15: 27}
2026-06-05 16:04:31 [INFO] 面积统计：{0: 3148848.0, 1: 767484.0, 2: 49824.0, 3: 151236.0, 4: 169128.0, 5: 101556.0, 6: 531108.0, 7: 46152.0, 8: 1018728.0, 9: 315972.0, 10: 166104.0, 11: 380052.0, 12: 46548.0, 13: 671400.0, 14: 216.0, 15: 97308.0}
2026-06-05 16:04:31 [INFO] 分割成功
2026-06-05 16:04:31 [INFO] 引擎上下文已释放
2026-06-05 16:04:31 [INFO] TensorRT 引擎已释放
2026-06-05 16:04:31 [INFO] 全局 CUDA 资源已释放
2026-06-05 16:04:31 [INFO] 分割系统资源已释放
2026-06-05 16:04:34 [INFO] CUDA 初始化成功
2026-06-05 16:04:34 [INFO] 引擎加载成功: scrap_steel.engine
2026-06-05 16:04:34 [INFO] 分割系统初始化成功
2026-06-05 16:04:34 [INFO] 图像预处理完成，原始尺寸: (2160, 3840)
2026-06-05 16:04:34 [INFO] 开始执行分割...
2026-06-05 16:04:34 [DEBUG] 处理后的检测结果形状: (1, 8400, 6)
2026-06-05 16:04:34 [DEBUG] 示例检测结果: [[-4.17106628e+00 -3.18550873e+00  3.90411606e+01  1.46903591e+01
   3.54253302e-08  5.00000000e+00]
 [-6.75007629e+00 -3.01348114e+00  4.46126518e+01  2.85926895e+01
   8.56044835e-09  9.00000000e+00]
 [-3.65879822e+00 -3.41033936e+00  4.58944168e+01  2.95308456e+01
   3.93839628e-09  9.00000000e+00]]
2026-06-05 16:04:34 [DEBUG] 处理后检测输出形状: (0, 52)
2026-06-05 16:04:34 [DEBUG] 有效检测数量: 0
2026-06-05 16:04:34 [DEBUG] 检测输出为空
2026-06-05 16:04:34 [INFO] 掩码中检测到的类别: [0, 1, 2, 3, 4, 5, 6, 7, 8, 9, 10, 11, 12, 13, 14, 15]
2026-06-05 16:04:34 [INFO] 分割完成，检测到 0 个物体
2026-06-05 16:04:34 [INFO] 从分割掩码中提取检测结果
2026-06-05 16:04:35 [INFO] 从掩码中提取了 566 个检测框
2026-06-05 16:04:35 [INFO] 计算出的车框矩形边界: (1095, 663) to (3273, 1640)
2026-06-05 16:04:35 [INFO] 原始检测数: 566, 过滤后检测数: 252
2026-06-05 16:04:35 [INFO] 保存分割和检测结果到: C:\code\show\Scrap_Steel_In_Field\photos\segmentation\segment_20260605_160435.jpg
2026-06-05 16:04:35 [INFO] JSON结果保存到: C:\code\show\Scrap_Steel_In_Field\photos\segmentation_result.json
2026-06-05 16:04:35 [INFO] 类别统计：{0: 56, 1: 54, 2: 31, 3: 9, 4: 44, 5: 35, 6: 33, 7: 35, 8: 66, 9: 49, 10: 31, 11: 19, 12: 21, 13: 52, 14: 0, 15: 31}
2026-06-05 16:04:35 [INFO] 面积统计：{0: 3118968.0, 1: 790128.0, 2: 52776.0, 3: 150480.0, 4: 147204.0, 5: 108504.0, 6: 551916.0, 7: 44496.0, 8: 1006164.0, 9: 338508.0, 10: 172800.0, 11: 386388.0, 12: 52344.0, 13: 660348.0, 14: 72.0, 15: 101268.0}
2026-06-05 16:04:35 [INFO] 分割成功
2026-06-05 16:04:35 [INFO] 引擎上下文已释放
2026-06-05 16:04:35 [INFO] TensorRT 引擎已释放
2026-06-05 16:04:35 [INFO] 全局 CUDA 资源已释放
2026-06-05 16:04:35 [INFO] 分割系统资源已释放
2026-06-05 16:04:39 [INFO] CUDA 初始化成功
2026-06-05 16:04:39 [INFO] 引擎加载成功: scrap_steel.engine
2026-06-05 16:04:39 [INFO] 分割系统初始化成功
2026-06-05 16:04:39 [INFO] 图像预处理完成，原始尺寸: (2160, 3840)
2026-06-05 16:04:39 [INFO] 开始执行分割...
2026-06-05 16:04:39 [DEBUG] 处理后的检测结果形状: (1, 8400, 6)
2026-06-05 16:04:39 [DEBUG] 示例检测结果: [[-4.12096786e+00 -3.15673256e+00  3.89760284e+01  1.45998631e+01
   3.54253302e-08  5.00000000e+00]
 [-6.70897293e+00 -2.97528267e+00  4.47212639e+01  2.86566811e+01
   8.52706705e-09  9.00000000e+00]
 [-3.66609573e+00 -3.37706757e+00  4.59224167e+01  2.96441422e+01
   3.98647693e-09  9.00000000e+00]]
2026-06-05 16:04:39 [DEBUG] 处理后检测输出形状: (0, 52)
2026-06-05 16:04:39 [DEBUG] 有效检测数量: 0
2026-06-05 16:04:39 [DEBUG] 检测输出为空
2026-06-05 16:04:40 [INFO] 掩码中检测到的类别: [0, 1, 2, 3, 4, 5, 6, 7, 8, 9, 10, 11, 12, 13, 14, 15]
2026-06-05 16:04:40 [INFO] 分割完成，检测到 0 个物体
2026-06-05 16:04:40 [INFO] 从分割掩码中提取检测结果
2026-06-05 16:04:40 [INFO] 从掩码中提取了 540 个检测框
2026-06-05 16:04:40 [INFO] 计算出的车框矩形边界: (1094, 660) to (3277, 1640)
2026-06-05 16:04:40 [INFO] 原始检测数: 540, 过滤后检测数: 244
2026-06-05 16:04:40 [INFO] 保存分割和检测结果到: C:\code\show\Scrap_Steel_In_Field\photos\segmentation\segment_20260605_160440.jpg
2026-06-05 16:04:40 [INFO] JSON结果保存到: C:\code\show\Scrap_Steel_In_Field\photos\segmentation_result.json
2026-06-05 16:04:40 [INFO] 类别统计：{0: 55, 1: 51, 2: 28, 3: 11, 4: 37, 5: 29, 6: 34, 7: 36, 8: 52, 9: 55, 10: 33, 11: 16, 12: 19, 13: 53, 14: 0, 15: 31}
2026-06-05 16:04:40 [INFO] 面积统计：{0: 3137832.0, 1: 794196.0, 2: 48096.0, 3: 152352.0, 4: 167400.0, 5: 98496.0, 6: 547488.0, 7: 47664.0, 8: 1000440.0, 9: 349776.0, 10: 168264.0, 11: 388224.0, 12: 47844.0, 13: 660240.0, 14: 144.0, 15: 93564.0}
2026-06-05 16:04:40 [INFO] 分割成功
2026-06-05 16:04:40 [INFO] 引擎上下文已释放
2026-06-05 16:04:40 [INFO] TensorRT 引擎已释放
2026-06-05 16:04:40 [INFO] 全局 CUDA 资源已释放
2026-06-05 16:04:40 [INFO] 分割系统资源已释放
2026-06-05 16:04:45 [INFO] CUDA 初始化成功
2026-06-05 16:04:45 [INFO] 引擎加载成功: scrap_steel.engine
2026-06-05 16:04:45 [INFO] 分割系统初始化成功
2026-06-05 16:04:45 [INFO] 图像预处理完成，原始尺寸: (2160, 3840)
2026-06-05 16:04:45 [INFO] 开始执行分割...
2026-06-05 16:04:45 [DEBUG] 处理后的检测结果形状: (1, 8400, 6)
2026-06-05 16:04:45 [DEBUG] 示例检测结果: [[-4.18583298e+00 -3.20496273e+00  3.90994682e+01  1.48283453e+01
   3.56970844e-08  5.00000000e+00]
 [-6.75132751e+00 -3.04842758e+00  4.46687851e+01  2.87514076e+01
   8.60057625e-09  9.00000000e+00]
 [-3.67923355e+00 -3.43223476e+00  4.59584122e+01  2.96365433e+01
   3.95744237e-09  9.00000000e+00]]
2026-06-05 16:04:45 [DEBUG] 处理后检测输出形状: (0, 52)
2026-06-05 16:04:45 [DEBUG] 有效检测数量: 0
2026-06-05 16:04:45 [DEBUG] 检测输出为空
2026-06-05 16:04:45 [INFO] 掩码中检测到的类别: [0, 1, 2, 3, 4, 5, 6, 7, 8, 9, 10, 11, 12, 13, 14, 15]
2026-06-05 16:04:45 [INFO] 分割完成，检测到 0 个物体
2026-06-05 16:04:45 [INFO] 从分割掩码中提取检测结果
2026-06-05 16:04:45 [INFO] 从掩码中提取了 548 个检测框
2026-06-05 16:04:45 [INFO] 计算出的车框矩形边界: (1095, 660) to (3277, 1641)
2026-06-05 16:04:45 [INFO] 原始检测数: 548, 过滤后检测数: 253
2026-06-05 16:04:46 [INFO] 保存分割和检测结果到: C:\code\show\Scrap_Steel_In_Field\photos\segmentation\segment_20260605_160445.jpg
2026-06-05 16:04:46 [INFO] JSON结果保存到: C:\code\show\Scrap_Steel_In_Field\photos\segmentation_result.json
2026-06-05 16:04:46 [INFO] 类别统计：{0: 60, 1: 46, 2: 25, 3: 9, 4: 39, 5: 36, 6: 27, 7: 38, 8: 60, 9: 51, 10: 36, 11: 19, 12: 24, 13: 53, 14: 0, 15: 25}
2026-06-05 16:04:46 [INFO] 面积统计：{0: 3178440.0, 1: 785484.0, 2: 52164.0, 3: 141300.0, 4: 133848.0, 5: 108864.0, 6: 545508.0, 7: 40392.0, 8: 1021140.0, 9: 321516.0, 10: 167616.0, 11: 378612.0, 12: 50796.0, 13: 651780.0, 14: 108.0, 15: 86688.0}
2026-06-05 16:04:46 [INFO] 分割成功
2026-06-05 16:04:46 [INFO] 引擎上下文已释放
2026-06-05 16:04:46 [INFO] TensorRT 引擎已释放
2026-06-05 16:04:46 [INFO] 全局 CUDA 资源已释放
2026-06-05 16:04:46 [INFO] 分割系统资源已释放
2026-06-05 16:04:50 [INFO] CUDA 初始化成功
2026-06-05 16:04:50 [INFO] 引擎加载成功: scrap_steel.engine
2026-06-05 16:04:50 [INFO] 分割系统初始化成功
2026-06-05 16:04:50 [INFO] 图像预处理完成，原始尺寸: (2160, 3840)
2026-06-05 16:04:50 [INFO] 开始执行分割...
2026-06-05 16:04:50 [DEBUG] 处理后的检测结果形状: (1, 8400, 6)
2026-06-05 16:04:50 [DEBUG] 示例检测结果: [[-4.12305832e+00 -3.15609694e+00  3.88089142e+01  1.45714722e+01
   3.49012268e-08  5.00000000e+00]
 [-6.70790482e+00 -2.98873138e+00  4.46601067e+01  2.85226345e+01
   8.46418136e-09  9.00000000e+00]
 [-3.66952515e+00 -3.39246750e+00  4.59015312e+01  2.94947472e+01
   3.93705779e-09  9.00000000e+00]]
2026-06-05 16:04:50 [DEBUG] 处理后检测输出形状: (0, 52)
2026-06-05 16:04:50 [DEBUG] 有效检测数量: 0
2026-06-05 16:04:50 [DEBUG] 检测输出为空
2026-06-05 16:04:50 [INFO] 掩码中检测到的类别: [0, 1, 2, 3, 4, 5, 6, 7, 8, 9, 10, 11, 12, 13, 14, 15]
2026-06-05 16:04:50 [INFO] 分割完成，检测到 0 个物体
2026-06-05 16:04:50 [INFO] 从分割掩码中提取检测结果
2026-06-05 16:04:50 [INFO] 从掩码中提取了 563 个检测框
2026-06-05 16:04:50 [INFO] 计算出的车框矩形边界: (1095, 664) to (3277, 1640)
2026-06-05 16:04:50 [INFO] 原始检测数: 563, 过滤后检测数: 255
2026-06-05 16:04:51 [INFO] 保存分割和检测结果到: C:\code\show\Scrap_Steel_In_Field\photos\segmentation\segment_20260605_160450.jpg
2026-06-05 16:04:51 [INFO] JSON结果保存到: C:\code\show\Scrap_Steel_In_Field\photos\segmentation_result.json
2026-06-05 16:04:51 [INFO] 类别统计：{0: 54, 1: 52, 2: 27, 3: 9, 4: 38, 5: 40, 6: 29, 7: 35, 8: 66, 9: 55, 10: 35, 11: 17, 12: 20, 13: 48, 14: 0, 15: 38}
2026-06-05 16:04:51 [INFO] 面积统计：{0: 3194928.0, 1: 783792.0, 2: 51588.0, 3: 155268.0, 4: 162936.0, 5: 99756.0, 6: 530352.0, 7: 51840.0, 8: 1013652.0, 9: 340236.0, 10: 164952.0, 11: 387900.0, 12: 62172.0, 13: 646488.0, 14: 216.0, 15: 105696.0}
2026-06-05 16:04:51 [INFO] 分割成功
2026-06-05 16:04:51 [INFO] 引擎上下文已释放
2026-06-05 16:04:51 [INFO] TensorRT 引擎已释放
2026-06-05 16:04:51 [INFO] 全局 CUDA 资源已释放
2026-06-05 16:04:51 [INFO] 分割系统资源已释放
2026-06-05 16:04:55 [INFO] CUDA 初始化成功
2026-06-05 16:04:55 [INFO] 引擎加载成功: scrap_steel.engine
2026-06-05 16:04:55 [INFO] 分割系统初始化成功
2026-06-05 16:04:55 [INFO] 图像预处理完成，原始尺寸: (2160, 3840)
2026-06-05 16:04:55 [INFO] 开始执行分割...
2026-06-05 16:04:55 [DEBUG] 处理后的检测结果形状: (1, 8400, 6)
2026-06-05 16:04:55 [DEBUG] 示例检测结果: [[-4.15175629e+00 -3.17710209e+00  3.90557671e+01  1.46735067e+01
   3.58375551e-08  5.00000000e+00]
 [-6.73241425e+00 -2.98720932e+00  4.48062897e+01  2.86750679e+01
   8.65570815e-09  9.00000000e+00]
 [-3.68670654e+00 -3.37835503e+00  4.59483109e+01  2.96175213e+01
   4.02112477e-09  9.00000000e+00]]
2026-06-05 16:04:55 [DEBUG] 处理后检测输出形状: (0, 52)
2026-06-05 16:04:55 [DEBUG] 有效检测数量: 0
2026-06-05 16:04:55 [DEBUG] 检测输出为空
2026-06-05 16:04:55 [INFO] 掩码中检测到的类别: [0, 1, 2, 3, 4, 5, 6, 7, 8, 9, 10, 11, 12, 13, 14, 15]
2026-06-05 16:04:55 [INFO] 分割完成，检测到 0 个物体
2026-06-05 16:04:55 [INFO] 从分割掩码中提取检测结果
2026-06-05 16:04:55 [INFO] 从掩码中提取了 564 个检测框
2026-06-05 16:04:55 [INFO] 计算出的车框矩形边界: (1094, 660) to (3277, 1640)
2026-06-05 16:04:55 [INFO] 原始检测数: 564, 过滤后检测数: 260
2026-06-05 16:04:56 [INFO] 保存分割和检测结果到: C:\code\show\Scrap_Steel_In_Field\photos\segmentation\segment_20260605_160455.jpg
2026-06-05 16:04:56 [INFO] JSON结果保存到: C:\code\show\Scrap_Steel_In_Field\photos\segmentation_result.json
2026-06-05 16:04:56 [INFO] 类别统计：{0: 60, 1: 49, 2: 24, 3: 10, 4: 47, 5: 39, 6: 35, 7: 31, 8: 57, 9: 60, 10: 34, 11: 17, 12: 23, 13: 49, 14: 0, 15: 29}
2026-06-05 16:04:56 [INFO] 面积统计：{0: 3145752.0, 1: 795888.0, 2: 53316.0, 3: 145548.0, 4: 163620.0, 5: 104472.0, 6: 573624.0, 7: 40140.0, 8: 1033992.0, 9: 332028.0, 10: 168516.0, 11: 392940.0, 12: 49932.0, 13: 652932.0, 14: 144.0, 15: 109260.0}
2026-06-05 16:04:56 [INFO] 分割成功
2026-06-05 16:04:56 [INFO] 引擎上下文已释放
2026-06-05 16:04:56 [INFO] TensorRT 引擎已释放
2026-06-05 16:04:56 [INFO] 全局 CUDA 资源已释放
2026-06-05 16:04:56 [INFO] 分割系统资源已释放
2026-06-05 16:05:00 [INFO] CUDA 初始化成功
2026-06-05 16:05:00 [INFO] 引擎加载成功: scrap_steel.engine
2026-06-05 16:05:00 [INFO] 分割系统初始化成功
2026-06-05 16:05:00 [INFO] 图像预处理完成，原始尺寸: (2160, 3840)
2026-06-05 16:05:00 [INFO] 开始执行分割...
2026-06-05 16:05:00 [DEBUG] 处理后的检测结果形状: (1, 8400, 6)
2026-06-05 16:05:00 [DEBUG] 示例检测结果: [[-4.17983627e+00 -3.18124962e+00  3.91211967e+01  1.47614765e+01
   3.54253302e-08  5.00000000e+00]
 [-6.69527817e+00 -3.01211357e+00  4.47343750e+01  2.88137360e+01
   8.56690718e-09  9.00000000e+00]
 [-3.63159561e+00 -3.36561203e+00  4.59352112e+01  2.96737251e+01
   3.95574062e-09  9.00000000e+00]]
2026-06-05 16:05:00 [DEBUG] 处理后检测输出形状: (0, 52)
2026-06-05 16:05:00 [DEBUG] 有效检测数量: 0
2026-06-05 16:05:00 [DEBUG] 检测输出为空
2026-06-05 16:05:00 [INFO] 掩码中检测到的类别: [0, 1, 2, 3, 4, 5, 6, 7, 8, 9, 10, 11, 12, 13, 14, 15]
2026-06-05 16:05:00 [INFO] 分割完成，检测到 0 个物体
2026-06-05 16:05:00 [INFO] 从分割掩码中提取检测结果
2026-06-05 16:05:01 [INFO] 从掩码中提取了 514 个检测框
2026-06-05 16:05:01 [INFO] 计算出的车框矩形边界: (1095, 660) to (3276, 1641)
2026-06-05 16:05:01 [INFO] 原始检测数: 514, 过滤后检测数: 234
2026-06-05 16:05:01 [INFO] 保存分割和检测结果到: C:\code\show\Scrap_Steel_In_Field\photos\segmentation\segment_20260605_160501.jpg
2026-06-05 16:05:01 [INFO] JSON结果保存到: C:\code\show\Scrap_Steel_In_Field\photos\segmentation_result.json
2026-06-05 16:05:01 [INFO] 类别统计：{0: 49, 1: 51, 2: 30, 3: 8, 4: 39, 5: 32, 6: 28, 7: 27, 8: 60, 9: 51, 10: 32, 11: 12, 12: 24, 13: 46, 14: 0, 15: 25}
2026-06-05 16:05:01 [INFO] 面积统计：{0: 3095028.0, 1: 784152.0, 2: 47628.0, 3: 149256.0, 4: 149616.0, 5: 105372.0, 6: 554508.0, 7: 33948.0, 8: 1007388.0, 9: 321588.0, 10: 163764.0, 11: 382608.0, 12: 55224.0, 13: 644976.0, 14: 108.0, 15: 85104.0}
2026-06-05 16:05:01 [INFO] 分割成功
2026-06-05 16:05:01 [INFO] 引擎上下文已释放
2026-06-05 16:05:01 [INFO] TensorRT 引擎已释放
2026-06-05 16:05:01 [INFO] 全局 CUDA 资源已释放
2026-06-05 16:05:01 [INFO] 分割系统资源已释放
2026-06-05 16:05:05 [INFO] CUDA 初始化成功
2026-06-05 16:05:05 [INFO] 引擎加载成功: scrap_steel.engine
2026-06-05 16:05:05 [INFO] 分割系统初始化成功
2026-06-05 16:05:05 [INFO] 图像预处理完成，原始尺寸: (2160, 3840)
2026-06-05 16:05:05 [INFO] 开始执行分割...
2026-06-05 16:05:05 [DEBUG] 处理后的检测结果形状: (1, 8400, 6)
2026-06-05 16:05:05 [DEBUG] 示例检测结果: [[-4.18574142e+00 -3.19488430e+00  3.90916786e+01  1.48171663e+01
   3.62519188e-08  5.00000000e+00]
 [-6.79767227e+00 -3.06026649e+00  4.47084541e+01  2.87919846e+01
   8.65570815e-09  9.00000000e+00]
 [-3.66418076e+00 -3.43580437e+00  4.59154243e+01  2.96415386e+01
   3.95574062e-09  9.00000000e+00]]
2026-06-05 16:05:05 [DEBUG] 处理后检测输出形状: (0, 52)
2026-06-05 16:05:05 [DEBUG] 有效检测数量: 0
2026-06-05 16:05:05 [DEBUG] 检测输出为空
2026-06-05 16:05:05 [INFO] 掩码中检测到的类别: [0, 1, 2, 3, 4, 5, 6, 7, 8, 9, 10, 11, 12, 13, 14, 15]
2026-06-05 16:05:05 [INFO] 分割完成，检测到 0 个物体
2026-06-05 16:05:05 [INFO] 从分割掩码中提取检测结果
2026-06-05 16:05:06 [INFO] 从掩码中提取了 545 个检测框
2026-06-05 16:05:06 [INFO] 计算出的车框矩形边界: (1095, 660) to (3277, 1641)
2026-06-05 16:05:06 [INFO] 原始检测数: 545, 过滤后检测数: 245
2026-06-05 16:05:06 [INFO] 保存分割和检测结果到: C:\code\show\Scrap_Steel_In_Field\photos\segmentation\segment_20260605_160506.jpg
2026-06-05 16:05:06 [INFO] JSON结果保存到: C:\code\show\Scrap_Steel_In_Field\photos\segmentation_result.json
2026-06-05 16:05:06 [INFO] 类别统计：{0: 56, 1: 49, 2: 31, 3: 10, 4: 38, 5: 33, 6: 31, 7: 35, 8: 63, 9: 50, 10: 34, 11: 14, 12: 23, 13: 51, 14: 0, 15: 27}
2026-06-05 16:05:06 [INFO] 面积统计：{0: 3101832.0, 1: 767376.0, 2: 51192.0, 3: 148608.0, 4: 137628.0, 5: 104652.0, 6: 565884.0, 7: 43056.0, 8: 1030968.0, 9: 332460.0, 10: 171144.0, 11: 386388.0, 12: 53964.0, 13: 637668.0, 14: 144.0, 15: 92952.0}
2026-06-05 16:05:06 [INFO] 分割成功
2026-06-05 16:05:06 [INFO] 引擎上下文已释放
2026-06-05 16:05:06 [INFO] TensorRT 引擎已释放
2026-06-05 16:05:06 [INFO] 全局 CUDA 资源已释放
2026-06-05 16:05:06 [INFO] 分割系统资源已释放
2026-06-05 16:05:10 [INFO] CUDA 初始化成功
2026-06-05 16:05:10 [INFO] 引擎加载成功: scrap_steel.engine
2026-06-05 16:05:10 [INFO] 分割系统初始化成功
2026-06-05 16:05:10 [INFO] 图像预处理完成，原始尺寸: (2160, 3840)
2026-06-05 16:05:10 [INFO] 开始执行分割...
2026-06-05 16:05:10 [DEBUG] 处理后的检测结果形状: (1, 8400, 6)
2026-06-05 16:05:10 [DEBUG] 示例检测结果: [[-4.18633652e+00 -3.17654705e+00  3.89609146e+01  1.46550207e+01
   3.49012268e-08  5.00000000e+00]
 [-6.73979187e+00 -3.00046539e+00  4.45567703e+01  2.86064529e+01
   8.46418136e-09  9.00000000e+00]
 [-3.67333603e+00 -3.39267063e+00  4.58401871e+01  2.95389977e+01
   3.96826216e-09  9.00000000e+00]]
2026-06-05 16:05:10 [DEBUG] 处理后检测输出形状: (0, 52)
2026-06-05 16:05:10 [DEBUG] 有效检测数量: 0
2026-06-05 16:05:10 [DEBUG] 检测输出为空
2026-06-05 16:05:10 [INFO] 掩码中检测到的类别: [0, 1, 2, 3, 4, 5, 6, 7, 8, 9, 10, 11, 12, 13, 14, 15]
2026-06-05 16:05:10 [INFO] 分割完成，检测到 0 个物体
2026-06-05 16:05:10 [INFO] 从分割掩码中提取检测结果
2026-06-05 16:05:11 [INFO] 从掩码中提取了 541 个检测框
2026-06-05 16:05:11 [INFO] 计算出的车框矩形边界: (1095, 660) to (3277, 1641)
2026-06-05 16:05:11 [INFO] 原始检测数: 541, 过滤后检测数: 244
2026-06-05 16:05:12 [INFO] 保存分割和检测结果到: C:\code\show\Scrap_Steel_In_Field\photos\segmentation\segment_20260605_160511.jpg
2026-06-05 16:05:12 [INFO] JSON结果保存到: C:\code\show\Scrap_Steel_In_Field\photos\segmentation_result.json
2026-06-05 16:05:12 [INFO] 类别统计：{0: 47, 1: 48, 2: 27, 3: 11, 4: 36, 5: 39, 6: 35, 7: 36, 8: 67, 9: 53, 10: 34, 11: 15, 12: 17, 13: 51, 14: 0, 15: 25}
2026-06-05 16:05:12 [INFO] 面积统计：{0: 3170628.0, 1: 785052.0, 2: 49536.0, 3: 144540.0, 4: 155052.0, 5: 108000.0, 6: 530856.0, 7: 41256.0, 8: 1008540.0, 9: 310644.0, 10: 158436.0, 11: 383508.0, 12: 59976.0, 13: 644148.0, 14: 108.0, 15: 94788.0}
2026-06-05 16:05:12 [INFO] 分割成功
2026-06-05 16:05:12 [INFO] 引擎上下文已释放
2026-06-05 16:05:12 [INFO] TensorRT 引擎已释放
2026-06-05 16:05:12 [INFO] 全局 CUDA 资源已释放
2026-06-05 16:05:12 [INFO] 分割系统资源已释放
2026-06-05 16:05:15 [INFO] CUDA 初始化成功
2026-06-05 16:05:15 [INFO] 引擎加载成功: scrap_steel.engine
2026-06-05 16:05:15 [INFO] 分割系统初始化成功
2026-06-05 16:05:16 [INFO] 图像预处理完成，原始尺寸: (2160, 3840)
2026-06-05 16:05:16 [INFO] 开始执行分割...
2026-06-05 16:05:16 [DEBUG] 处理后的检测结果形状: (1, 8400, 6)
2026-06-05 16:05:16 [DEBUG] 示例检测结果: [[-4.14823914e+00 -3.17971516e+00  3.91700439e+01  1.47469320e+01
   3.59688421e-08  5.00000000e+00]
 [-6.72832870e+00 -3.01208115e+00  4.48100586e+01  2.88302021e+01
   8.69504468e-09  9.00000000e+00]
 [-3.65141296e+00 -3.41711617e+00  4.60408516e+01  2.98053646e+01
   4.05381684e-09  9.00000000e+00]]
2026-06-05 16:05:16 [DEBUG] 处理后检测输出形状: (0, 52)
2026-06-05 16:05:16 [DEBUG] 有效检测数量: 0
2026-06-05 16:05:16 [DEBUG] 检测输出为空
2026-06-05 16:05:16 [INFO] 掩码中检测到的类别: [0, 1, 2, 3, 4, 5, 6, 7, 8, 9, 10, 11, 12, 13, 14, 15]
2026-06-05 16:05:16 [INFO] 分割完成，检测到 0 个物体
2026-06-05 16:05:16 [INFO] 从分割掩码中提取检测结果
2026-06-05 16:05:16 [INFO] 从掩码中提取了 532 个检测框
2026-06-05 16:05:16 [INFO] 计算出的车框矩形边界: (1095, 660) to (3277, 1637)
2026-06-05 16:05:16 [INFO] 原始检测数: 532, 过滤后检测数: 242
2026-06-05 16:05:17 [INFO] 保存分割和检测结果到: C:\code\show\Scrap_Steel_In_Field\photos\segmentation\segment_20260605_160516.jpg
2026-06-05 16:05:17 [INFO] JSON结果保存到: C:\code\show\Scrap_Steel_In_Field\photos\segmentation_result.json
2026-06-05 16:05:17 [INFO] 类别统计：{0: 58, 1: 51, 2: 27, 3: 12, 4: 43, 5: 33, 6: 29, 7: 35, 8: 54, 9: 56, 10: 32, 11: 16, 12: 16, 13: 46, 14: 0, 15: 24}
2026-06-05 16:05:17 [INFO] 面积统计：{0: 3067920.0, 1: 768600.0, 2: 58104.0, 3: 151092.0, 4: 175212.0, 5: 102816.0, 6: 543924.0, 7: 46872.0, 8: 1007604.0, 9: 347040.0, 10: 170676.0, 11: 378324.0, 12: 78516.0, 13: 646020.0, 14: 144.0, 15: 108468.0}
2026-06-05 16:05:17 [INFO] 分割成功
2026-06-05 16:05:17 [INFO] 引擎上下文已释放
2026-06-05 16:05:17 [INFO] TensorRT 引擎已释放
2026-06-05 16:05:17 [INFO] 全局 CUDA 资源已释放
2026-06-05 16:05:17 [INFO] 分割系统资源已释放
2026-06-05 16:05:21 [INFO] CUDA 初始化成功
2026-06-05 16:05:21 [INFO] 引擎加载成功: scrap_steel.engine
2026-06-05 16:05:21 [INFO] 分割系统初始化成功
2026-06-05 16:05:21 [INFO] 图像预处理完成，原始尺寸: (2160, 3840)
2026-06-05 16:05:21 [INFO] 开始执行分割...
2026-06-05 16:05:21 [DEBUG] 处理后的检测结果形状: (1, 8400, 6)
2026-06-05 16:05:21 [DEBUG] 示例检测结果: [[-4.14977264e+00 -3.17204809e+00  3.91545753e+01  1.46781673e+01
   3.54253302e-08  5.00000000e+00]
 [-6.70601654e+00 -2.96826744e+00  4.48117523e+01  2.86927071e+01
   8.66791439e-09  9.00000000e+00]
 [-3.64502335e+00 -3.36470699e+00  4.59929771e+01  2.96817131e+01
   4.05128020e-09  9.00000000e+00]]
2026-06-05 16:05:21 [DEBUG] 处理后检测输出形状: (0, 52)
2026-06-05 16:05:21 [DEBUG] 有效检测数量: 0
2026-06-05 16:05:21 [DEBUG] 检测输出为空
2026-06-05 16:05:21 [INFO] 掩码中检测到的类别: [0, 1, 2, 3, 4, 5, 6, 7, 8, 9, 10, 11, 12, 13, 14, 15]
2026-06-05 16:05:21 [INFO] 分割完成，检测到 0 个物体
2026-06-05 16:05:21 [INFO] 从分割掩码中提取检测结果
2026-06-05 16:05:21 [INFO] 从掩码中提取了 537 个检测框
2026-06-05 16:05:21 [INFO] 计算出的车框矩形边界: (1095, 662) to (3277, 1641)
2026-06-05 16:05:21 [INFO] 原始检测数: 537, 过滤后检测数: 247
2026-06-05 16:05:22 [INFO] 保存分割和检测结果到: C:\code\show\Scrap_Steel_In_Field\photos\segmentation\segment_20260605_160521.jpg
2026-06-05 16:05:22 [INFO] JSON结果保存到: C:\code\show\Scrap_Steel_In_Field\photos\segmentation_result.json
2026-06-05 16:05:22 [INFO] 类别统计：{0: 57, 1: 46, 2: 29, 3: 10, 4: 43, 5: 33, 6: 29, 7: 27, 8: 65, 9: 47, 10: 33, 11: 16, 12: 21, 13: 51, 14: 0, 15: 30}
2026-06-05 16:05:22 [INFO] 面积统计：{0: 3058092.0, 1: 772596.0, 2: 52812.0, 3: 159912.0, 4: 148644.0, 5: 103644.0, 6: 520416.0, 7: 37908.0, 8: 1030536.0, 9: 338436.0, 10: 166716.0, 11: 379512.0, 12: 50328.0, 13: 644256.0, 14: 144.0, 15: 89892.0}
2026-06-05 16:05:22 [INFO] 分割成功
2026-06-05 16:05:22 [INFO] 引擎上下文已释放
2026-06-05 16:05:22 [INFO] TensorRT 引擎已释放
2026-06-05 16:05:22 [INFO] 全局 CUDA 资源已释放
2026-06-05 16:05:22 [INFO] 分割系统资源已释放
2026-06-05 16:05:26 [INFO] CUDA 初始化成功
2026-06-05 16:05:26 [INFO] 引擎加载成功: scrap_steel.engine
2026-06-05 16:05:26 [INFO] 分割系统初始化成功
2026-06-05 16:05:26 [INFO] 图像预处理完成，原始尺寸: (2160, 3840)
2026-06-05 16:05:26 [INFO] 开始执行分割...
2026-06-05 16:05:26 [DEBUG] 处理后的检测结果形状: (1, 8400, 6)
2026-06-05 16:05:26 [DEBUG] 示例检测结果: [[-4.13897705e+00 -3.14843750e+00  3.90576286e+01  1.46528301e+01
   3.59780223e-08  5.00000000e+00]
 [-6.71912766e+00 -2.97132874e+00  4.46962013e+01  2.86567707e+01
   8.62182326e-09  9.00000000e+00]
 [-3.65964127e+00 -3.34905815e+00  4.59156647e+01  2.95742626e+01
   3.98843270e-09  9.00000000e+00]]
2026-06-05 16:05:26 [DEBUG] 处理后检测输出形状: (0, 52)
2026-06-05 16:05:26 [DEBUG] 有效检测数量: 0
2026-06-05 16:05:26 [DEBUG] 检测输出为空
2026-06-05 16:05:26 [INFO] 掩码中检测到的类别: [0, 1, 2, 3, 4, 5, 6, 7, 8, 9, 10, 11, 12, 13, 14, 15]
2026-06-05 16:05:26 [INFO] 分割完成，检测到 0 个物体
2026-06-05 16:05:26 [INFO] 从分割掩码中提取检测结果
2026-06-05 16:05:26 [INFO] 从掩码中提取了 556 个检测框
2026-06-05 16:05:26 [INFO] 计算出的车框矩形边界: (1095, 660) to (3278, 1640)
2026-06-05 16:05:26 [INFO] 原始检测数: 556, 过滤后检测数: 253
2026-06-05 16:05:27 [INFO] 保存分割和检测结果到: C:\code\show\Scrap_Steel_In_Field\photos\segmentation\segment_20260605_160526.jpg
2026-06-05 16:05:27 [INFO] JSON结果保存到: C:\code\show\Scrap_Steel_In_Field\photos\segmentation_result.json
2026-06-05 16:05:27 [INFO] 类别统计：{0: 66, 1: 54, 2: 24, 3: 6, 4: 45, 5: 35, 6: 33, 7: 30, 8: 53, 9: 49, 10: 38, 11: 18, 12: 26, 13: 48, 14: 0, 15: 31}
2026-06-05 16:05:27 [INFO] 面积统计：{0: 3141468.0, 1: 754488.0, 2: 55728.0, 3: 151560.0, 4: 156924.0, 5: 94932.0, 6: 541764.0, 7: 42516.0, 8: 1061460.0, 9: 315720.0, 10: 161604.0, 11: 373356.0, 12: 54144.0, 13: 647784.0, 14: 72.0, 15: 86616.0}
2026-06-05 16:05:27 [INFO] 分割成功
2026-06-05 16:05:27 [INFO] 引擎上下文已释放
2026-06-05 16:05:27 [INFO] TensorRT 引擎已释放
2026-06-05 16:05:27 [INFO] 全局 CUDA 资源已释放
2026-06-05 16:05:27 [INFO] 分割系统资源已释放
2026-06-05 16:05:31 [INFO] CUDA 初始化成功
2026-06-05 16:05:31 [INFO] 引擎加载成功: scrap_steel.engine
2026-06-05 16:05:31 [INFO] 分割系统初始化成功
2026-06-05 16:05:31 [INFO] 图像预处理完成，原始尺寸: (2160, 3840)
2026-06-05 16:05:31 [INFO] 开始执行分割...
2026-06-05 16:05:31 [DEBUG] 处理后的检测结果形状: (1, 8400, 6)
2026-06-05 16:05:31 [DEBUG] 示例检测结果: [[-4.12721252e+00 -3.14793777e+00  3.89515762e+01  1.44909191e+01
   3.54253302e-08  5.00000000e+00]
 [-6.73273468e+00 -2.97510147e+00  4.47420082e+01  2.83872585e+01
   8.80466899e-09  9.00000000e+00]
 [-3.70357895e+00 -3.35262871e+00  4.59043007e+01  2.93901539e+01
   4.04945411e-09  9.00000000e+00]]
2026-06-05 16:05:31 [DEBUG] 处理后检测输出形状: (0, 52)
2026-06-05 16:05:31 [DEBUG] 有效检测数量: 0
2026-06-05 16:05:31 [DEBUG] 检测输出为空
2026-06-05 16:05:31 [INFO] 掩码中检测到的类别: [0, 1, 2, 3, 4, 5, 6, 7, 8, 9, 10, 11, 12, 13, 14, 15]
2026-06-05 16:05:31 [INFO] 分割完成，检测到 0 个物体
2026-06-05 16:05:31 [INFO] 从分割掩码中提取检测结果
2026-06-05 16:05:31 [INFO] 从掩码中提取了 556 个检测框
2026-06-05 16:05:31 [INFO] 计算出的车框矩形边界: (1095, 662) to (3277, 1641)
2026-06-05 16:05:31 [INFO] 原始检测数: 556, 过滤后检测数: 253
2026-06-05 16:05:32 [INFO] 保存分割和检测结果到: C:\code\show\Scrap_Steel_In_Field\photos\segmentation\segment_20260605_160531.jpg
2026-06-05 16:05:32 [INFO] JSON结果保存到: C:\code\show\Scrap_Steel_In_Field\photos\segmentation_result.json
2026-06-05 16:05:32 [INFO] 类别统计：{0: 57, 1: 54, 2: 25, 3: 11, 4: 40, 5: 34, 6: 34, 7: 32, 8: 67, 9: 54, 10: 35, 11: 19, 12: 19, 13: 52, 14: 0, 15: 23}
2026-06-05 16:05:32 [INFO] 面积统计：{0: 3081096.0, 1: 769284.0, 2: 52344.0, 3: 152100.0, 4: 157212.0, 5: 100008.0, 6: 541152.0, 7: 53028.0, 8: 1003716.0, 9: 330552.0, 10: 171252.0, 11: 393876.0, 12: 62496.0, 13: 668664.0, 14: 144.0, 15: 83160.0}
2026-06-05 16:05:32 [INFO] 分割成功
2026-06-05 16:05:32 [INFO] 引擎上下文已释放
2026-06-05 16:05:32 [INFO] TensorRT 引擎已释放
2026-06-05 16:05:32 [INFO] 全局 CUDA 资源已释放
2026-06-05 16:05:32 [INFO] 分割系统资源已释放
2026-06-05 16:05:36 [INFO] CUDA 初始化成功
2026-06-05 16:05:36 [INFO] 引擎加载成功: scrap_steel.engine
2026-06-05 16:05:36 [INFO] 分割系统初始化成功
2026-06-05 16:05:36 [INFO] 图像预处理完成，原始尺寸: (2160, 3840)
2026-06-05 16:05:36 [INFO] 开始执行分割...
2026-06-05 16:05:36 [DEBUG] 处理后的检测结果形状: (1, 8400, 6)
2026-06-05 16:05:36 [DEBUG] 示例检测结果: [[-4.18116379e+00 -3.20054531e+00  3.91487045e+01  1.48914881e+01
   3.58375551e-08  5.00000000e+00]
 [-6.67556763e+00 -2.99989700e+00  4.47453918e+01  2.89054165e+01
   8.62182326e-09  9.00000000e+00]
 [-3.61890793e+00 -3.35114574e+00  4.59353256e+01  2.97062225e+01
   3.98843270e-09  9.00000000e+00]]
2026-06-05 16:05:36 [DEBUG] 处理后检测输出形状: (0, 52)
2026-06-05 16:05:36 [DEBUG] 有效检测数量: 0
2026-06-05 16:05:36 [DEBUG] 检测输出为空
2026-06-05 16:05:36 [INFO] 掩码中检测到的类别: [0, 1, 2, 3, 4, 5, 6, 7, 8, 9, 10, 11, 12, 13, 14, 15]
2026-06-05 16:05:36 [INFO] 分割完成，检测到 0 个物体
2026-06-05 16:05:36 [INFO] 从分割掩码中提取检测结果
2026-06-05 16:05:36 [INFO] 从掩码中提取了 544 个检测框
2026-06-05 16:05:36 [INFO] 计算出的车框矩形边界: (1094, 660) to (3278, 1640)
2026-06-05 16:05:36 [INFO] 原始检测数: 544, 过滤后检测数: 242
2026-06-05 16:05:37 [INFO] 保存分割和检测结果到: C:\code\show\Scrap_Steel_In_Field\photos\segmentation\segment_20260605_160536.jpg
2026-06-05 16:05:37 [INFO] JSON结果保存到: C:\code\show\Scrap_Steel_In_Field\photos\segmentation_result.json
2026-06-05 16:05:37 [INFO] 类别统计：{0: 59, 1: 48, 2: 26, 3: 10, 4: 36, 5: 34, 6: 34, 7: 36, 8: 56, 9: 55, 10: 37, 11: 18, 12: 27, 13: 43, 14: 0, 15: 25}
2026-06-05 16:05:37 [INFO] 面积统计：{0: 3050928.0, 1: 753840.0, 2: 53028.0, 3: 153864.0, 4: 139608.0, 5: 100872.0, 6: 556776.0, 7: 44892.0, 8: 1019232.0, 9: 329976.0, 10: 162900.0, 11: 369144.0, 12: 86400.0, 13: 655164.0, 14: 144.0, 15: 100116.0}
2026-06-05 16:05:37 [INFO] 分割成功
2026-06-05 16:05:37 [INFO] 引擎上下文已释放
2026-06-05 16:05:37 [INFO] TensorRT 引擎已释放
2026-06-05 16:05:37 [INFO] 全局 CUDA 资源已释放
2026-06-05 16:05:37 [INFO] 分割系统资源已释放
2026-06-05 16:05:41 [INFO] CUDA 初始化成功
2026-06-05 16:05:41 [INFO] 引擎加载成功: scrap_steel.engine
2026-06-05 16:05:41 [INFO] 分割系统初始化成功
2026-06-05 16:05:41 [INFO] 图像预处理完成，原始尺寸: (2160, 3840)
2026-06-05 16:05:41 [INFO] 开始执行分割...
2026-06-05 16:05:41 [DEBUG] 处理后的检测结果形状: (1, 8400, 6)
2026-06-05 16:05:41 [DEBUG] 示例检测结果: [[-4.18740463e+00 -3.20435715e+00  3.89960899e+01  1.47553520e+01
   3.49012268e-08  5.00000000e+00]
 [-6.79067612e+00 -3.04970551e+00  4.46765404e+01  2.86536922e+01
   8.52246806e-09  9.00000000e+00]
 [-3.68582916e+00 -3.42358398e+00  4.58702087e+01  2.94853058e+01
   3.96578770e-09  9.00000000e+00]]
2026-06-05 16:05:41 [DEBUG] 处理后检测输出形状: (0, 52)
2026-06-05 16:05:41 [DEBUG] 有效检测数量: 0
2026-06-05 16:05:41 [DEBUG] 检测输出为空
2026-06-05 16:05:41 [INFO] 掩码中检测到的类别: [0, 1, 2, 3, 4, 5, 6, 7, 8, 9, 10, 11, 12, 13, 14, 15]
2026-06-05 16:05:41 [INFO] 分割完成，检测到 0 个物体
2026-06-05 16:05:41 [INFO] 从分割掩码中提取检测结果
2026-06-05 16:05:42 [INFO] 从掩码中提取了 557 个检测框
2026-06-05 16:05:42 [INFO] 计算出的车框矩形边界: (1095, 660) to (3276, 1641)
2026-06-05 16:05:42 [INFO] 原始检测数: 557, 过滤后检测数: 255
2026-06-05 16:05:43 [INFO] 保存分割和检测结果到: C:\code\show\Scrap_Steel_In_Field\photos\segmentation\segment_20260605_160542.jpg
2026-06-05 16:05:43 [INFO] JSON结果保存到: C:\code\show\Scrap_Steel_In_Field\photos\segmentation_result.json
2026-06-05 16:05:43 [INFO] 类别统计：{0: 68, 1: 47, 2: 29, 3: 11, 4: 37, 5: 34, 6: 27, 7: 35, 8: 64, 9: 58, 10: 35, 11: 21, 12: 24, 13: 47, 14: 0, 15: 20}
2026-06-05 16:05:43 [INFO] 面积统计：{0: 3071484.0, 1: 794628.0, 2: 54216.0, 3: 154440.0, 4: 153972.0, 5: 105876.0, 6: 546048.0, 7: 47268.0, 8: 1008504.0, 9: 341748.0, 10: 169380.0, 11: 380304.0, 12: 60696.0, 13: 656136.0, 14: 216.0, 15: 86112.0}
2026-06-05 16:05:43 [INFO] 分割成功
2026-06-05 16:05:43 [INFO] 引擎上下文已释放
2026-06-05 16:05:43 [INFO] TensorRT 引擎已释放
2026-06-05 16:05:43 [INFO] 全局 CUDA 资源已释放
2026-06-05 16:05:43 [INFO] 分割系统资源已释放
2026-06-05 16:05:46 [INFO] CUDA 初始化成功
2026-06-05 16:05:46 [INFO] 引擎加载成功: scrap_steel.engine
2026-06-05 16:05:46 [INFO] 分割系统初始化成功
2026-06-05 16:05:46 [INFO] 图像预处理完成，原始尺寸: (2160, 3840)
2026-06-05 16:05:46 [INFO] 开始执行分割...
2026-06-05 16:05:46 [DEBUG] 处理后的检测结果形状: (1, 8400, 6)
2026-06-05 16:05:46 [DEBUG] 示例检测结果: [[-4.15372086e+00 -3.15625763e+00  3.88092766e+01  1.45447350e+01
   3.49012268e-08  5.00000000e+00]
 [-6.73069000e+00 -2.99798203e+00  4.46230774e+01  2.84545174e+01
   8.42308889e-09  9.00000000e+00]
 [-3.66806412e+00 -3.36394310e+00  4.58417664e+01  2.93995991e+01
   3.98375821e-09  9.00000000e+00]]
2026-06-05 16:05:46 [DEBUG] 处理后检测输出形状: (0, 52)
2026-06-05 16:05:46 [DEBUG] 有效检测数量: 0
2026-06-05 16:05:46 [DEBUG] 检测输出为空
2026-06-05 16:05:46 [INFO] 掩码中检测到的类别: [0, 1, 2, 3, 4, 5, 6, 7, 8, 9, 10, 11, 12, 13, 14, 15]
2026-06-05 16:05:46 [INFO] 分割完成，检测到 0 个物体
2026-06-05 16:05:46 [INFO] 从分割掩码中提取检测结果
2026-06-05 16:05:47 [INFO] 从掩码中提取了 528 个检测框
2026-06-05 16:05:47 [INFO] 计算出的车框矩形边界: (1095, 659) to (3277, 1640)
2026-06-05 16:05:47 [INFO] 原始检测数: 528, 过滤后检测数: 242
2026-06-05 16:05:47 [INFO] 保存分割和检测结果到: C:\code\show\Scrap_Steel_In_Field\photos\segmentation\segment_20260605_160547.jpg
2026-06-05 16:05:47 [INFO] JSON结果保存到: C:\code\show\Scrap_Steel_In_Field\photos\segmentation_result.json
2026-06-05 16:05:47 [INFO] 类别统计：{0: 46, 1: 55, 2: 27, 3: 11, 4: 39, 5: 39, 6: 31, 7: 34, 8: 55, 9: 50, 10: 32, 11: 15, 12: 19, 13: 48, 14: 0, 15: 27}
2026-06-05 16:05:47 [INFO] 面积统计：{0: 3301308.0, 1: 788220.0, 2: 53604.0, 3: 152676.0, 4: 154872.0, 5: 98748.0, 6: 529992.0, 7: 47736.0, 8: 969696.0, 9: 336348.0, 10: 162468.0, 11: 352476.0, 12: 63432.0, 13: 651060.0, 14: 180.0, 15: 121032.0}
2026-06-05 16:05:47 [INFO] 分割成功
2026-06-05 16:05:47 [INFO] 引擎上下文已释放
2026-06-05 16:05:47 [INFO] TensorRT 引擎已释放
2026-06-05 16:05:47 [INFO] 全局 CUDA 资源已释放
2026-06-05 16:05:47 [INFO] 分割系统资源已释放
2026-06-05 16:05:51 [INFO] CUDA 初始化成功
2026-06-05 16:05:51 [INFO] 引擎加载成功: scrap_steel.engine
2026-06-05 16:05:51 [INFO] 分割系统初始化成功
2026-06-05 16:05:51 [INFO] 图像预处理完成，原始尺寸: (2160, 3840)
2026-06-05 16:05:51 [INFO] 开始执行分割...
2026-06-05 16:05:51 [DEBUG] 处理后的检测结果形状: (1, 8400, 6)
2026-06-05 16:05:51 [DEBUG] 示例检测结果: [[-4.17887115e+00 -3.19107103e+00  3.92241974e+01  1.48105812e+01
   3.62519188e-08  5.00000000e+00]
 [-6.74579620e+00 -2.99890137e+00  4.48508949e+01  2.88372383e+01
   8.60057625e-09  9.00000000e+00]
 [-3.65467072e+00 -3.39074135e+00  4.59726791e+01  2.96560268e+01
   3.95744237e-09  9.00000000e+00]]
2026-06-05 16:05:51 [DEBUG] 处理后检测输出形状: (0, 52)
2026-06-05 16:05:51 [DEBUG] 有效检测数量: 0
2026-06-05 16:05:51 [DEBUG] 检测输出为空
2026-06-05 16:05:51 [INFO] 掩码中检测到的类别: [0, 1, 2, 3, 4, 5, 6, 7, 8, 9, 10, 11, 12, 13, 14, 15]
2026-06-05 16:05:51 [INFO] 分割完成，检测到 0 个物体
2026-06-05 16:05:51 [INFO] 从分割掩码中提取检测结果
2026-06-05 16:05:52 [INFO] 从掩码中提取了 560 个检测框
2026-06-05 16:05:52 [INFO] 计算出的车框矩形边界: (1095, 660) to (3279, 1640)
2026-06-05 16:05:52 [INFO] 原始检测数: 560, 过滤后检测数: 254
2026-06-05 16:05:52 [INFO] 保存分割和检测结果到: C:\code\show\Scrap_Steel_In_Field\photos\segmentation\segment_20260605_160552.jpg
2026-06-05 16:05:52 [INFO] JSON结果保存到: C:\code\show\Scrap_Steel_In_Field\photos\segmentation_result.json
2026-06-05 16:05:52 [INFO] 类别统计：{0: 51, 1: 47, 2: 34, 3: 9, 4: 45, 5: 39, 6: 29, 7: 34, 8: 61, 9: 59, 10: 37, 11: 14, 12: 18, 13: 50, 14: 0, 15: 33}
2026-06-05 16:05:52 [INFO] 面积统计：{0: 3094272.0, 1: 766224.0, 2: 54216.0, 3: 162324.0, 4: 153144.0, 5: 105552.0, 6: 563436.0, 7: 46512.0, 8: 1039644.0, 9: 354456.0, 10: 164880.0, 11: 374328.0, 12: 59868.0, 13: 656784.0, 14: 108.0, 15: 79344.0}
2026-06-05 16:05:52 [INFO] 分割成功
2026-06-05 16:05:52 [INFO] 引擎上下文已释放
2026-06-05 16:05:52 [INFO] TensorRT 引擎已释放
2026-06-05 16:05:52 [INFO] 全局 CUDA 资源已释放
2026-06-05 16:05:52 [INFO] 分割系统资源已释放
2026-06-05 16:05:57 [INFO] CUDA 初始化成功
2026-06-05 16:05:57 [INFO] 引擎加载成功: scrap_steel.engine
2026-06-05 16:05:57 [INFO] 分割系统初始化成功
2026-06-05 16:05:57 [INFO] 图像预处理完成，原始尺寸: (2160, 3840)
2026-06-05 16:05:57 [INFO] 开始执行分割...
2026-06-05 16:05:57 [DEBUG] 处理后的检测结果形状: (1, 8400, 6)
2026-06-05 16:05:57 [DEBUG] 示例检测结果: [[-4.18397903e+00 -3.18389177e+00  3.91456566e+01  1.47737999e+01
   3.62519188e-08  5.00000000e+00]
 [-6.73842239e+00 -3.00013733e+00  4.47291336e+01  2.87539902e+01
   8.72921735e-09  9.00000000e+00]
 [-3.67797470e+00 -3.41774464e+00  4.59675331e+01  2.96800346e+01
   4.00561184e-09  9.00000000e+00]]
2026-06-05 16:05:57 [DEBUG] 处理后检测输出形状: (0, 52)
2026-06-05 16:05:57 [DEBUG] 有效检测数量: 0
2026-06-05 16:05:57 [DEBUG] 检测输出为空
2026-06-05 16:05:57 [INFO] 掩码中检测到的类别: [0, 1, 2, 3, 4, 5, 6, 7, 8, 9, 10, 11, 12, 13, 14, 15]
2026-06-05 16:05:57 [INFO] 分割完成，检测到 0 个物体
2026-06-05 16:05:57 [INFO] 从分割掩码中提取检测结果
2026-06-05 16:05:58 [INFO] 从掩码中提取了 572 个检测框
2026-06-05 16:05:58 [INFO] 计算出的车框矩形边界: (1095, 662) to (3277, 1641)
2026-06-05 16:05:58 [INFO] 原始检测数: 572, 过滤后检测数: 263
2026-06-05 16:05:58 [INFO] 保存分割和检测结果到: C:\code\show\Scrap_Steel_In_Field\photos\segmentation\segment_20260605_160558.jpg
2026-06-05 16:05:58 [INFO] JSON结果保存到: C:\code\show\Scrap_Steel_In_Field\photos\segmentation_result.json
2026-06-05 16:05:58 [INFO] 类别统计：{0: 60, 1: 53, 2: 27, 3: 6, 4: 37, 5: 37, 6: 40, 7: 37, 8: 53, 9: 61, 10: 38, 11: 24, 12: 22, 13: 48, 14: 0, 15: 29}
2026-06-05 16:05:58 [INFO] 面积统计：{0: 3182220.0, 1: 793800.0, 2: 53892.0, 3: 160560.0, 4: 147636.0, 5: 105948.0, 6: 552528.0, 7: 42264.0, 8: 1021248.0, 9: 342864.0, 10: 159552.0, 11: 380700.0, 12: 58212.0, 13: 662616.0, 14: 108.0, 15: 95904.0}
2026-06-05 16:05:58 [INFO] 分割成功
2026-06-05 16:05:58 [INFO] 引擎上下文已释放
2026-06-05 16:05:58 [INFO] TensorRT 引擎已释放
2026-06-05 16:05:58 [INFO] 全局 CUDA 资源已释放
2026-06-05 16:05:58 [INFO] 分割系统资源已释放
2026-06-05 16:06:02 [INFO] CUDA 初始化成功
2026-06-05 16:06:02 [INFO] 引擎加载成功: scrap_steel.engine
2026-06-05 16:06:02 [INFO] 分割系统初始化成功
2026-06-05 16:06:02 [INFO] 图像预处理完成，原始尺寸: (2160, 3840)
2026-06-05 16:06:02 [INFO] 开始执行分割...
2026-06-05 16:06:02 [DEBUG] 处理后的检测结果形状: (1, 8400, 6)
2026-06-05 16:06:02 [DEBUG] 示例检测结果: [[-4.13954544e+00 -3.17920208e+00  3.89864616e+01  1.46186628e+01
   3.51535725e-08  5.00000000e+00]
 [-6.72612762e+00 -3.00002480e+00  4.47835426e+01  2.85991688e+01
   8.53826609e-09  9.00000000e+00]
 [-3.67771530e+00 -3.36349201e+00  4.59231567e+01  2.95601654e+01
   3.95353084e-09  9.00000000e+00]]
2026-06-05 16:06:02 [DEBUG] 处理后检测输出形状: (0, 52)
2026-06-05 16:06:02 [DEBUG] 有效检测数量: 0
2026-06-05 16:06:02 [DEBUG] 检测输出为空
2026-06-05 16:06:02 [INFO] 掩码中检测到的类别: [0, 1, 2, 3, 4, 5, 6, 7, 8, 9, 10, 11, 12, 13, 14, 15]
2026-06-05 16:06:02 [INFO] 分割完成，检测到 0 个物体
2026-06-05 16:06:02 [INFO] 从分割掩码中提取检测结果
2026-06-05 16:06:02 [INFO] 从掩码中提取了 539 个检测框
2026-06-05 16:06:02 [INFO] 计算出的车框矩形边界: (1095, 660) to (3276, 1637)
2026-06-05 16:06:02 [INFO] 原始检测数: 539, 过滤后检测数: 252
2026-06-05 16:06:03 [INFO] 保存分割和检测结果到: C:\code\show\Scrap_Steel_In_Field\photos\segmentation\segment_20260605_160602.jpg
2026-06-05 16:06:03 [INFO] JSON结果保存到: C:\code\show\Scrap_Steel_In_Field\photos\segmentation_result.json
2026-06-05 16:06:03 [INFO] 类别统计：{0: 50, 1: 46, 2: 28, 3: 12, 4: 39, 5: 40, 6: 33, 7: 35, 8: 58, 9: 48, 10: 35, 11: 19, 12: 23, 13: 51, 14: 0, 15: 22}
2026-06-05 16:06:03 [INFO] 面积统计：{0: 3202740.0, 1: 821880.0, 2: 53496.0, 3: 151272.0, 4: 153000.0, 5: 106560.0, 6: 549324.0, 7: 41796.0, 8: 1034748.0, 9: 320868.0, 10: 162972.0, 11: 372420.0, 12: 51372.0, 13: 645912.0, 14: 180.0, 15: 100620.0}
2026-06-05 16:06:03 [INFO] 分割成功
2026-06-05 16:06:03 [INFO] 引擎上下文已释放
2026-06-05 16:06:03 [INFO] TensorRT 引擎已释放
2026-06-05 16:06:03 [INFO] 全局 CUDA 资源已释放
2026-06-05 16:06:03 [INFO] 分割系统资源已释放
2026-06-05 16:06:07 [INFO] CUDA 初始化成功
2026-06-05 16:06:07 [INFO] 引擎加载成功: scrap_steel.engine
2026-06-05 16:06:07 [INFO] 分割系统初始化成功
2026-06-05 16:06:07 [INFO] 图像预处理完成，原始尺寸: (2160, 3840)
2026-06-05 16:06:07 [INFO] 开始执行分割...
2026-06-05 16:06:07 [DEBUG] 处理后的检测结果形状: (1, 8400, 6)
2026-06-05 16:06:07 [DEBUG] 示例检测结果: [[-4.18465042e+00 -3.17992687e+00  3.90741310e+01  1.47359171e+01
   3.59780223e-08  5.00000000e+00]
 [-6.77906418e+00 -3.02120781e+00  4.46951103e+01  2.86767464e+01
   8.66791439e-09  9.00000000e+00]
 [-3.67982483e+00 -3.40291309e+00  4.58843918e+01  2.96298332e+01
   3.92304855e-09  9.00000000e+00]]
2026-06-05 16:06:07 [DEBUG] 处理后检测输出形状: (0, 52)
2026-06-05 16:06:07 [DEBUG] 有效检测数量: 0
2026-06-05 16:06:07 [DEBUG] 检测输出为空
2026-06-05 16:06:07 [INFO] 掩码中检测到的类别: [0, 1, 2, 3, 4, 5, 6, 7, 8, 9, 10, 11, 12, 13, 14, 15]
2026-06-05 16:06:07 [INFO] 分割完成，检测到 0 个物体
2026-06-05 16:06:07 [INFO] 从分割掩码中提取检测结果
2026-06-05 16:06:07 [INFO] 从掩码中提取了 521 个检测框
2026-06-05 16:06:07 [INFO] 计算出的车框矩形边界: (1095, 660) to (3277, 1641)
2026-06-05 16:06:07 [INFO] 原始检测数: 521, 过滤后检测数: 235
2026-06-05 16:06:08 [INFO] 保存分割和检测结果到: C:\code\show\Scrap_Steel_In_Field\photos\segmentation\segment_20260605_160607.jpg
2026-06-05 16:06:08 [INFO] JSON结果保存到: C:\code\show\Scrap_Steel_In_Field\photos\segmentation_result.json
2026-06-05 16:06:08 [INFO] 类别统计：{0: 58, 1: 42, 2: 31, 3: 9, 4: 40, 5: 28, 6: 28, 7: 37, 8: 61, 9: 52, 10: 30, 11: 16, 12: 18, 13: 41, 14: 0, 15: 30}
2026-06-05 16:06:08 [INFO] 面积统计：{0: 3126060.0, 1: 789660.0, 2: 59076.0, 3: 151524.0, 4: 160740.0, 5: 98892.0, 6: 556812.0, 7: 44100.0, 8: 1037484.0, 9: 342000.0, 10: 169164.0, 11: 389520.0, 12: 58428.0, 13: 656928.0, 14: 72.0, 15: 108504.0}
2026-06-05 16:06:08 [INFO] 分割成功
2026-06-05 16:06:08 [INFO] 引擎上下文已释放
2026-06-05 16:06:08 [INFO] TensorRT 引擎已释放
2026-06-05 16:06:08 [INFO] 全局 CUDA 资源已释放
2026-06-05 16:06:08 [INFO] 分割系统资源已释放
2026-06-05 16:06:12 [INFO] CUDA 初始化成功
2026-06-05 16:06:12 [INFO] 引擎加载成功: scrap_steel.engine
2026-06-05 16:06:12 [INFO] 分割系统初始化成功
2026-06-05 16:06:13 [INFO] 图像预处理完成，原始尺寸: (2160, 3840)
2026-06-05 16:06:13 [INFO] 开始执行分割...
2026-06-05 16:06:13 [DEBUG] 处理后的检测结果形状: (1, 8400, 6)
2026-06-05 16:06:13 [DEBUG] 示例检测结果: [[-4.20536041e+00 -3.18442726e+00  3.88405609e+01  1.46803722e+01
   3.48801308e-08  5.00000000e+00]
 [-6.82491302e+00 -3.05896378e+00  4.46378288e+01  2.88165035e+01
   8.34009217e-09  9.00000000e+00]
 [-3.69811249e+00 -3.41718864e+00  4.58996964e+01  2.96177197e+01
   3.87764487e-09  9.00000000e+00]]
2026-06-05 16:06:13 [DEBUG] 处理后检测输出形状: (0, 52)
2026-06-05 16:06:13 [DEBUG] 有效检测数量: 0
2026-06-05 16:06:13 [DEBUG] 检测输出为空
2026-06-05 16:06:13 [INFO] 掩码中检测到的类别: [0, 1, 2, 3, 4, 5, 6, 7, 8, 9, 10, 11, 12, 13, 14, 15]
2026-06-05 16:06:13 [INFO] 分割完成，检测到 0 个物体
2026-06-05 16:06:13 [INFO] 从分割掩码中提取检测结果
2026-06-05 16:06:13 [INFO] 从掩码中提取了 543 个检测框
2026-06-05 16:06:13 [INFO] 计算出的车框矩形边界: (1095, 661) to (3278, 1640)
2026-06-05 16:06:13 [INFO] 原始检测数: 543, 过滤后检测数: 245
2026-06-05 16:06:14 [INFO] 保存分割和检测结果到: C:\code\show\Scrap_Steel_In_Field\photos\segmentation\segment_20260605_160613.jpg
2026-06-05 16:06:14 [INFO] JSON结果保存到: C:\code\show\Scrap_Steel_In_Field\photos\segmentation_result.json
2026-06-05 16:06:14 [INFO] 类别统计：{0: 52, 1: 47, 2: 27, 3: 9, 4: 39, 5: 34, 6: 40, 7: 35, 8: 62, 9: 53, 10: 34, 11: 20, 12: 20, 13: 48, 14: 0, 15: 23}
2026-06-05 16:06:14 [INFO] 面积统计：{0: 3055104.0, 1: 785052.0, 2: 57240.0, 3: 154188.0, 4: 165888.0, 5: 104868.0, 6: 562248.0, 7: 45468.0, 8: 1033704.0, 9: 338040.0, 10: 162072.0, 11: 382968.0, 12: 60768.0, 13: 650412.0, 14: 144.0, 15: 93060.0}
2026-06-05 16:06:14 [INFO] 分割成功
2026-06-05 16:06:14 [INFO] 引擎上下文已释放
2026-06-05 16:06:14 [INFO] TensorRT 引擎已释放
2026-06-05 16:06:14 [INFO] 全局 CUDA 资源已释放
2026-06-05 16:06:14 [INFO] 分割系统资源已释放
2026-06-05 16:06:17 [INFO] CUDA 初始化成功
2026-06-05 16:06:17 [INFO] 引擎加载成功: scrap_steel.engine
2026-06-05 16:06:17 [INFO] 分割系统初始化成功
2026-06-05 16:06:17 [INFO] 图像预处理完成，原始尺寸: (2160, 3840)
2026-06-05 16:06:17 [INFO] 开始执行分割...
2026-06-05 16:06:17 [DEBUG] 处理后的检测结果形状: (1, 8400, 6)
2026-06-05 16:06:17 [DEBUG] 示例检测结果: [[-4.15322876e+00 -3.19453192e+00  3.90598679e+01  1.47166424e+01
   3.55647281e-08  5.00000000e+00]
 [-6.70115662e+00 -3.01780510e+00  4.47754250e+01  2.86562614e+01
   8.62762306e-09  9.00000000e+00]
 [-3.65015411e+00 -3.38157558e+00  4.59242020e+01  2.95815468e+01
   3.98486577e-09  9.00000000e+00]]
2026-06-05 16:06:17 [DEBUG] 处理后检测输出形状: (0, 52)
2026-06-05 16:06:17 [DEBUG] 有效检测数量: 0
2026-06-05 16:06:17 [DEBUG] 检测输出为空
2026-06-05 16:06:17 [INFO] 掩码中检测到的类别: [0, 1, 2, 3, 4, 5, 6, 7, 8, 9, 10, 11, 12, 13, 14, 15]
2026-06-05 16:06:17 [INFO] 分割完成，检测到 0 个物体
2026-06-05 16:06:17 [INFO] 从分割掩码中提取检测结果
2026-06-05 16:06:18 [INFO] 从掩码中提取了 542 个检测框
2026-06-05 16:06:18 [INFO] 计算出的车框矩形边界: (1095, 660) to (3278, 1641)
2026-06-05 16:06:18 [INFO] 原始检测数: 542, 过滤后检测数: 245
2026-06-05 16:06:18 [INFO] 保存分割和检测结果到: C:\code\show\Scrap_Steel_In_Field\photos\segmentation\segment_20260605_160618.jpg
2026-06-05 16:06:18 [INFO] JSON结果保存到: C:\code\show\Scrap_Steel_In_Field\photos\segmentation_result.json
2026-06-05 16:06:18 [INFO] 类别统计：{0: 54, 1: 52, 2: 32, 3: 9, 4: 41, 5: 31, 6: 26, 7: 40, 8: 57, 9: 51, 10: 34, 11: 14, 12: 22, 13: 52, 14: 0, 15: 27}
2026-06-05 16:06:18 [INFO] 面积统计：{0: 3176568.0, 1: 784512.0, 2: 56664.0, 3: 147060.0, 4: 165276.0, 5: 105192.0, 6: 572688.0, 7: 34992.0, 8: 1046484.0, 9: 321336.0, 10: 161532.0, 11: 376020.0, 12: 47412.0, 13: 662112.0, 14: 72.0, 15: 121788.0}
2026-06-05 16:06:18 [INFO] 分割成功
2026-06-05 16:06:18 [INFO] 引擎上下文已释放
2026-06-05 16:06:18 [INFO] TensorRT 引擎已释放
2026-06-05 16:06:18 [INFO] 全局 CUDA 资源已释放
2026-06-05 16:06:18 [INFO] 分割系统资源已释放
2026-06-05 16:06:22 [INFO] CUDA 初始化成功
2026-06-05 16:06:22 [INFO] 引擎加载成功: scrap_steel.engine
2026-06-05 16:06:22 [INFO] 分割系统初始化成功
2026-06-05 16:06:22 [INFO] 图像预处理完成，原始尺寸: (2160, 3840)
2026-06-05 16:06:22 [INFO] 开始执行分割...
2026-06-05 16:06:22 [DEBUG] 处理后的检测结果形状: (1, 8400, 6)
2026-06-05 16:06:22 [DEBUG] 示例检测结果: [[-4.15488434e+00 -3.17890406e+00  3.89774857e+01  1.47135181e+01
   3.59780223e-08  5.00000000e+00]
 [-6.71173859e+00 -3.01189804e+00  4.46264343e+01  2.86242294e+01
   8.66791439e-09  9.00000000e+00]
 [-3.66276169e+00 -3.39095402e+00  4.58954391e+01  2.95465584e+01
   3.98843270e-09  9.00000000e+00]]
2026-06-05 16:06:22 [DEBUG] 处理后检测输出形状: (0, 52)
2026-06-05 16:06:22 [DEBUG] 有效检测数量: 0
2026-06-05 16:06:22 [DEBUG] 检测输出为空
2026-06-05 16:06:22 [INFO] 掩码中检测到的类别: [0, 1, 2, 3, 4, 5, 6, 7, 8, 9, 10, 11, 12, 13, 14, 15]
2026-06-05 16:06:22 [INFO] 分割完成，检测到 0 个物体
2026-06-05 16:06:22 [INFO] 从分割掩码中提取检测结果
2026-06-05 16:06:23 [INFO] 从掩码中提取了 537 个检测框
2026-06-05 16:06:23 [INFO] 计算出的车框矩形边界: (1095, 659) to (3277, 1641)
2026-06-05 16:06:23 [INFO] 原始检测数: 537, 过滤后检测数: 251
2026-06-05 16:06:23 [INFO] 保存分割和检测结果到: C:\code\show\Scrap_Steel_In_Field\photos\segmentation\segment_20260605_160623.jpg
2026-06-05 16:06:23 [INFO] JSON结果保存到: C:\code\show\Scrap_Steel_In_Field\photos\segmentation_result.json
2026-06-05 16:06:23 [INFO] 类别统计：{0: 52, 1: 44, 2: 29, 3: 10, 4: 35, 5: 34, 6: 31, 7: 30, 8: 60, 9: 55, 10: 37, 11: 16, 12: 26, 13: 53, 14: 0, 15: 25}
2026-06-05 16:06:23 [INFO] 面积统计：{0: 3177900.0, 1: 785232.0, 2: 54828.0, 3: 151092.0, 4: 163368.0, 5: 103608.0, 6: 534528.0, 7: 42912.0, 8: 996624.0, 9: 318564.0, 10: 158508.0, 11: 368712.0, 12: 54828.0, 13: 651204.0, 14: 144.0, 15: 96336.0}
2026-06-05 16:06:23 [INFO] 分割成功
2026-06-05 16:06:23 [INFO] 引擎上下文已释放
2026-06-05 16:06:23 [INFO] TensorRT 引擎已释放
2026-06-05 16:06:23 [INFO] 全局 CUDA 资源已释放
2026-06-05 16:06:23 [INFO] 分割系统资源已释放
2026-06-05 16:06:28 [INFO] CUDA 初始化成功
2026-06-05 16:06:28 [INFO] 引擎加载成功: scrap_steel.engine
2026-06-05 16:06:28 [INFO] 分割系统初始化成功
2026-06-05 16:06:28 [INFO] 图像预处理完成，原始尺寸: (2160, 3840)
2026-06-05 16:06:28 [INFO] 开始执行分割...
2026-06-05 16:06:28 [DEBUG] 处理后的检测结果形状: (1, 8400, 6)
2026-06-05 16:06:28 [DEBUG] 示例检测结果: [[-4.21675110e+00 -3.19379425e+00  3.89912376e+01  1.48106575e+01
   3.51535725e-08  5.00000000e+00]
 [-6.81283951e+00 -3.04663658e+00  4.46727104e+01  2.87921619e+01
   8.49368575e-09  9.00000000e+00]
 [-3.67695236e+00 -3.43388176e+00  4.59234200e+01  2.96337223e+01
   3.92304855e-09  9.00000000e+00]]
2026-06-05 16:06:28 [DEBUG] 处理后检测输出形状: (0, 52)
2026-06-05 16:06:28 [DEBUG] 有效检测数量: 0
2026-06-05 16:06:28 [DEBUG] 检测输出为空
2026-06-05 16:06:28 [INFO] 掩码中检测到的类别: [0, 1, 2, 3, 4, 5, 6, 7, 8, 9, 10, 11, 12, 13, 14, 15]
2026-06-05 16:06:28 [INFO] 分割完成，检测到 0 个物体
2026-06-05 16:06:28 [INFO] 从分割掩码中提取检测结果
2026-06-05 16:06:28 [INFO] 从掩码中提取了 556 个检测框
2026-06-05 16:06:28 [INFO] 计算出的车框矩形边界: (1095, 660) to (3276, 1641)
2026-06-05 16:06:28 [INFO] 原始检测数: 556, 过滤后检测数: 251
2026-06-05 16:06:29 [INFO] 保存分割和检测结果到: C:\code\show\Scrap_Steel_In_Field\photos\segmentation\segment_20260605_160628.jpg
2026-06-05 16:06:29 [INFO] JSON结果保存到: C:\code\show\Scrap_Steel_In_Field\photos\segmentation_result.json
2026-06-05 16:06:29 [INFO] 类别统计：{0: 58, 1: 50, 2: 26, 3: 8, 4: 35, 5: 36, 6: 30, 7: 35, 8: 62, 9: 64, 10: 37, 11: 15, 12: 20, 13: 57, 14: 0, 15: 23}
2026-06-05 16:06:29 [INFO] 面积统计：{0: 3104100.0, 1: 765576.0, 2: 49716.0, 3: 144180.0, 4: 160092.0, 5: 105228.0, 6: 530676.0, 7: 48600.0, 8: 1002672.0, 9: 316404.0, 10: 169848.0, 11: 372600.0, 12: 59652.0, 13: 635364.0, 14: 144.0, 15: 100944.0}
2026-06-05 16:06:29 [INFO] 分割成功
2026-06-05 16:06:29 [INFO] 引擎上下文已释放
2026-06-05 16:06:29 [INFO] TensorRT 引擎已释放
2026-06-05 16:06:29 [INFO] 全局 CUDA 资源已释放
2026-06-05 16:06:29 [INFO] 分割系统资源已释放
2026-06-05 16:06:32 [INFO] CUDA 初始化成功
2026-06-05 16:06:32 [INFO] 引擎加载成功: scrap_steel.engine
2026-06-05 16:06:32 [INFO] 分割系统初始化成功
2026-06-05 16:06:32 [INFO] 图像预处理完成，原始尺寸: (2160, 3840)
2026-06-05 16:06:32 [INFO] 开始执行分割...
2026-06-05 16:06:32 [DEBUG] 处理后的检测结果形状: (1, 8400, 6)
2026-06-05 16:06:32 [DEBUG] 示例检测结果: [[-4.13895035e+00 -3.16754007e+00  3.90146713e+01  1.47294445e+01
   3.58375551e-08  5.00000000e+00]
 [-6.71741104e+00 -2.99907494e+00  4.47502174e+01  2.87455807e+01
   8.66791439e-09  9.00000000e+00]
 [-3.65978241e+00 -3.37863159e+00  4.59244461e+01  2.96222610e+01
   4.00403621e-09  9.00000000e+00]]
2026-06-05 16:06:32 [DEBUG] 处理后检测输出形状: (0, 52)
2026-06-05 16:06:32 [DEBUG] 有效检测数量: 0
2026-06-05 16:06:32 [DEBUG] 检测输出为空
2026-06-05 16:06:32 [INFO] 掩码中检测到的类别: [0, 1, 2, 3, 4, 5, 6, 7, 8, 9, 10, 11, 12, 13, 14, 15]
2026-06-05 16:06:32 [INFO] 分割完成，检测到 0 个物体
2026-06-05 16:06:32 [INFO] 从分割掩码中提取检测结果
2026-06-05 16:06:33 [INFO] 从掩码中提取了 556 个检测框
2026-06-05 16:06:33 [INFO] 计算出的车框矩形边界: (1095, 660) to (3277, 1641)
2026-06-05 16:06:33 [INFO] 原始检测数: 556, 过滤后检测数: 252
2026-06-05 16:06:33 [INFO] 保存分割和检测结果到: C:\code\show\Scrap_Steel_In_Field\photos\segmentation\segment_20260605_160633.jpg
2026-06-05 16:06:33 [INFO] JSON结果保存到: C:\code\show\Scrap_Steel_In_Field\photos\segmentation_result.json
2026-06-05 16:06:33 [INFO] 类别统计：{0: 61, 1: 49, 2: 29, 3: 9, 4: 41, 5: 35, 6: 27, 7: 37, 8: 60, 9: 59, 10: 31, 11: 19, 12: 19, 13: 56, 14: 0, 15: 24}
2026-06-05 16:06:33 [INFO] 面积统计：{0: 3115116.0, 1: 802224.0, 2: 58248.0, 3: 151416.0, 4: 157680.0, 5: 99756.0, 6: 568692.0, 7: 46620.0, 8: 1000260.0, 9: 334728.0, 10: 163944.0, 11: 357480.0, 12: 46584.0, 13: 661140.0, 14: 144.0, 15: 99576.0}
2026-06-05 16:06:33 [INFO] 分割成功
2026-06-05 16:06:33 [INFO] 引擎上下文已释放
2026-06-05 16:06:33 [INFO] TensorRT 引擎已释放
2026-06-05 16:06:33 [INFO] 全局 CUDA 资源已释放
2026-06-05 16:06:33 [INFO] 分割系统资源已释放
2026-06-05 16:06:37 [INFO] CUDA 初始化成功
2026-06-05 16:06:37 [INFO] 引擎加载成功: scrap_steel.engine
2026-06-05 16:06:37 [INFO] 分割系统初始化成功
2026-06-05 16:06:38 [INFO] 图像预处理完成，原始尺寸: (2160, 3840)
2026-06-05 16:06:38 [INFO] 开始执行分割...
2026-06-05 16:06:38 [DEBUG] 处理后的检测结果形状: (1, 8400, 6)
2026-06-05 16:06:38 [DEBUG] 示例检测结果: [[-4.12355423e+00 -3.15963364e+00  3.90649071e+01  1.46504726e+01
   3.51497711e-08  5.00000000e+00]
 [-6.74851608e+00 -2.97786331e+00  4.47664528e+01  2.85546570e+01
   8.40560421e-09  9.00000000e+00]
 [-3.68397141e+00 -3.38076591e+00  4.59327736e+01  2.95280781e+01
   3.92304855e-09  9.00000000e+00]]
2026-06-05 16:06:38 [DEBUG] 处理后检测输出形状: (0, 52)
2026-06-05 16:06:38 [DEBUG] 有效检测数量: 0
2026-06-05 16:06:38 [DEBUG] 检测输出为空
2026-06-05 16:06:38 [INFO] 掩码中检测到的类别: [0, 1, 2, 3, 4, 5, 6, 7, 8, 9, 10, 11, 12, 13, 14, 15]
2026-06-05 16:06:38 [INFO] 分割完成，检测到 0 个物体
2026-06-05 16:06:38 [INFO] 从分割掩码中提取检测结果
2026-06-05 16:06:38 [INFO] 从掩码中提取了 524 个检测框
2026-06-05 16:06:38 [INFO] 计算出的车框矩形边界: (1095, 663) to (3278, 1640)
2026-06-05 16:06:38 [INFO] 原始检测数: 524, 过滤后检测数: 238
2026-06-05 16:06:39 [INFO] 保存分割和检测结果到: C:\code\show\Scrap_Steel_In_Field\photos\segmentation\segment_20260605_160638.jpg
2026-06-05 16:06:39 [INFO] JSON结果保存到: C:\code\show\Scrap_Steel_In_Field\photos\segmentation_result.json
2026-06-05 16:06:39 [INFO] 类别统计：{0: 56, 1: 51, 2: 29, 3: 9, 4: 37, 5: 29, 6: 28, 7: 36, 8: 59, 9: 49, 10: 30, 11: 17, 12: 25, 13: 48, 14: 0, 15: 21}
2026-06-05 16:06:39 [INFO] 面积统计：{0: 3104460.0, 1: 801252.0, 2: 51840.0, 3: 146664.0, 4: 157068.0, 5: 111312.0, 6: 564156.0, 7: 45828.0, 8: 1005012.0, 9: 330768.0, 10: 166860.0, 11: 384840.0, 12: 45504.0, 13: 650340.0, 14: 108.0, 15: 80064.0}
2026-06-05 16:06:39 [INFO] 分割成功
2026-06-05 16:06:39 [INFO] 引擎上下文已释放
2026-06-05 16:06:39 [INFO] TensorRT 引擎已释放
2026-06-05 16:06:39 [INFO] 全局 CUDA 资源已释放
2026-06-05 16:06:39 [INFO] 分割系统资源已释放
2026-06-05 16:06:43 [INFO] CUDA 初始化成功
2026-06-05 16:06:43 [INFO] 引擎加载成功: scrap_steel.engine
2026-06-05 16:06:43 [INFO] 分割系统初始化成功
2026-06-05 16:06:43 [INFO] 图像预处理完成，原始尺寸: (2160, 3840)
2026-06-05 16:06:43 [INFO] 开始执行分割...
2026-06-05 16:06:43 [DEBUG] 处理后的检测结果形状: (1, 8400, 6)
2026-06-05 16:06:43 [DEBUG] 示例检测结果: [[-4.18231201e+00 -3.18279266e+00  3.91074371e+01  1.47709675e+01
   3.62589603e-08  5.00000000e+00]
 [-6.73694229e+00 -3.02228546e+00  4.47691002e+01  2.87499924e+01
   8.65570815e-09  9.00000000e+00]
 [-3.65478516e+00 -3.39297867e+00  4.59670258e+01  2.96182709e+01
   3.98843270e-09  9.00000000e+00]]
2026-06-05 16:06:43 [DEBUG] 处理后检测输出形状: (0, 52)
2026-06-05 16:06:43 [DEBUG] 有效检测数量: 0
2026-06-05 16:06:43 [DEBUG] 检测输出为空
2026-06-05 16:06:43 [INFO] 掩码中检测到的类别: [0, 1, 2, 3, 4, 5, 6, 7, 8, 9, 10, 11, 12, 13, 14, 15]
2026-06-05 16:06:43 [INFO] 分割完成，检测到 0 个物体
2026-06-05 16:06:43 [INFO] 从分割掩码中提取检测结果
2026-06-05 16:06:43 [INFO] 从掩码中提取了 538 个检测框
2026-06-05 16:06:43 [INFO] 计算出的车框矩形边界: (1095, 660) to (3278, 1640)
2026-06-05 16:06:43 [INFO] 原始检测数: 538, 过滤后检测数: 249
2026-06-05 16:06:44 [INFO] 保存分割和检测结果到: C:\code\show\Scrap_Steel_In_Field\photos\segmentation\segment_20260605_160643.jpg
2026-06-05 16:06:44 [INFO] JSON结果保存到: C:\code\show\Scrap_Steel_In_Field\photos\segmentation_result.json
2026-06-05 16:06:44 [INFO] 类别统计：{0: 52, 1: 51, 2: 28, 3: 10, 4: 38, 5: 34, 6: 30, 7: 34, 8: 60, 9: 54, 10: 35, 11: 16, 12: 18, 13: 51, 14: 0, 15: 27}
2026-06-05 16:06:44 [INFO] 面积统计：{0: 3125448.0, 1: 767700.0, 2: 59040.0, 3: 149760.0, 4: 164160.0, 5: 105768.0, 6: 540828.0, 7: 41508.0, 8: 1028664.0, 9: 318564.0, 10: 157536.0, 11: 371736.0, 12: 61272.0, 13: 644472.0, 14: 144.0, 15: 83592.0}
2026-06-05 16:06:44 [INFO] 分割成功
2026-06-05 16:06:44 [INFO] 引擎上下文已释放
2026-06-05 16:06:44 [INFO] TensorRT 引擎已释放
2026-06-05 16:06:44 [INFO] 全局 CUDA 资源已释放
2026-06-05 16:06:44 [INFO] 分割系统资源已释放
2026-06-05 16:06:49 [INFO] CUDA 初始化成功
2026-06-05 16:06:49 [INFO] 引擎加载成功: scrap_steel.engine
2026-06-05 16:06:49 [INFO] 分割系统初始化成功
2026-06-05 16:06:49 [INFO] 图像预处理完成，原始尺寸: (2160, 3840)
2026-06-05 16:06:49 [INFO] 开始执行分割...
2026-06-05 16:06:49 [DEBUG] 处理后的检测结果形状: (1, 8400, 6)
2026-06-05 16:06:49 [DEBUG] 示例检测结果: [[-4.19462204e+00 -3.20162010e+00  3.92162170e+01  1.48619289e+01
   3.65453765e-08  5.00000000e+00]
 [-6.70302963e+00 -3.02290154e+00  4.47675285e+01  2.87532043e+01
   8.66087202e-09  9.00000000e+00]
 [-3.64056396e+00 -3.38950634e+00  4.59541626e+01  2.97030106e+01
   3.98988043e-09  9.00000000e+00]]
2026-06-05 16:06:49 [DEBUG] 处理后检测输出形状: (0, 52)
2026-06-05 16:06:49 [DEBUG] 有效检测数量: 0
2026-06-05 16:06:49 [DEBUG] 检测输出为空
2026-06-05 16:06:49 [INFO] 掩码中检测到的类别: [0, 1, 2, 3, 4, 5, 6, 7, 8, 9, 10, 11, 12, 13, 14, 15]
2026-06-05 16:06:49 [INFO] 分割完成，检测到 0 个物体
2026-06-05 16:06:49 [INFO] 从分割掩码中提取检测结果
2026-06-05 16:06:49 [INFO] 从掩码中提取了 533 个检测框
2026-06-05 16:06:49 [INFO] 计算出的车框矩形边界: (1094, 662) to (3276, 1641)
2026-06-05 16:06:49 [INFO] 原始检测数: 533, 过滤后检测数: 248
2026-06-05 16:06:50 [INFO] 保存分割和检测结果到: C:\code\show\Scrap_Steel_In_Field\photos\segmentation\segment_20260605_160649.jpg
2026-06-05 16:06:50 [INFO] JSON结果保存到: C:\code\show\Scrap_Steel_In_Field\photos\segmentation_result.json
2026-06-05 16:06:50 [INFO] 类别统计：{0: 54, 1: 47, 2: 30, 3: 9, 4: 39, 5: 35, 6: 31, 7: 35, 8: 57, 9: 50, 10: 32, 11: 14, 12: 23, 13: 53, 14: 0, 15: 24}
2026-06-05 16:06:50 [INFO] 面积统计：{0: 3128688.0, 1: 754380.0, 2: 56556.0, 3: 150948.0, 4: 149148.0, 5: 107028.0, 6: 547740.0, 7: 45972.0, 8: 1015092.0, 9: 309276.0, 10: 166176.0, 11: 360324.0, 12: 58716.0, 13: 647892.0, 14: 180.0, 15: 90360.0}
2026-06-05 16:06:50 [INFO] 分割成功
2026-06-05 16:06:50 [INFO] 引擎上下文已释放
2026-06-05 16:06:50 [INFO] TensorRT 引擎已释放
2026-06-05 16:06:50 [INFO] 全局 CUDA 资源已释放
2026-06-05 16:06:50 [INFO] 分割系统资源已释放
2026-06-05 16:06:53 [INFO] CUDA 初始化成功
2026-06-05 16:06:53 [INFO] 引擎加载成功: scrap_steel.engine
2026-06-05 16:06:54 [INFO] 分割系统初始化成功
2026-06-05 16:06:54 [INFO] 图像预处理完成，原始尺寸: (2160, 3840)
2026-06-05 16:06:54 [INFO] 开始执行分割...
2026-06-05 16:06:54 [DEBUG] 处理后的检测结果形状: (1, 8400, 6)
2026-06-05 16:06:54 [DEBUG] 示例检测结果: [[-4.16771698e+00 -3.17918921e+00  3.90304260e+01  1.47657719e+01
   3.51535725e-08  5.00000000e+00]
 [-6.76690674e+00 -3.01096344e+00  4.47403984e+01  2.87550373e+01
   8.63424532e-09  9.00000000e+00]
 [-3.69237137e+00 -3.40328217e+00  4.59555702e+01  2.96028328e+01
   3.98647693e-09  9.00000000e+00]]
2026-06-05 16:06:54 [DEBUG] 处理后检测输出形状: (0, 52)
2026-06-05 16:06:54 [DEBUG] 有效检测数量: 0
2026-06-05 16:06:54 [DEBUG] 检测输出为空
2026-06-05 16:06:54 [INFO] 掩码中检测到的类别: [0, 1, 2, 3, 4, 5, 6, 7, 8, 9, 10, 11, 12, 13, 14, 15]
2026-06-05 16:06:54 [INFO] 分割完成，检测到 0 个物体
2026-06-05 16:06:54 [INFO] 从分割掩码中提取检测结果
2026-06-05 16:06:54 [INFO] 从掩码中提取了 541 个检测框
2026-06-05 16:06:54 [INFO] 计算出的车框矩形边界: (1095, 663) to (3277, 1641)
2026-06-05 16:06:54 [INFO] 原始检测数: 541, 过滤后检测数: 253
2026-06-05 16:06:55 [INFO] 保存分割和检测结果到: C:\code\show\Scrap_Steel_In_Field\photos\segmentation\segment_20260605_160654.jpg
2026-06-05 16:06:55 [INFO] JSON结果保存到: C:\code\show\Scrap_Steel_In_Field\photos\segmentation_result.json
2026-06-05 16:06:55 [INFO] 类别统计：{0: 55, 1: 45, 2: 33, 3: 8, 4: 34, 5: 38, 6: 30, 7: 36, 8: 56, 9: 53, 10: 40, 11: 13, 12: 25, 13: 52, 14: 0, 15: 23}
2026-06-05 16:06:55 [INFO] 面积统计：{0: 3263724.0, 1: 799524.0, 2: 61992.0, 3: 148968.0, 4: 142056.0, 5: 121968.0, 6: 565920.0, 7: 43164.0, 8: 1009728.0, 9: 370620.0, 10: 159768.0, 11: 387540.0, 12: 48816.0, 13: 634392.0, 14: 108.0, 15: 63864.0}
2026-06-05 16:06:55 [INFO] 分割成功
2026-06-05 16:06:55 [INFO] 引擎上下文已释放
2026-06-05 16:06:55 [INFO] TensorRT 引擎已释放
2026-06-05 16:06:55 [INFO] 全局 CUDA 资源已释放
2026-06-05 16:06:55 [INFO] 分割系统资源已释放
2026-06-05 16:06:59 [INFO] CUDA 初始化成功
2026-06-05 16:06:59 [INFO] 引擎加载成功: scrap_steel.engine
2026-06-05 16:06:59 [INFO] 分割系统初始化成功
2026-06-05 16:06:59 [INFO] 图像预处理完成，原始尺寸: (2160, 3840)
2026-06-05 16:06:59 [INFO] 开始执行分割...
2026-06-05 16:06:59 [DEBUG] 处理后的检测结果形状: (1, 8400, 6)
2026-06-05 16:06:59 [DEBUG] 示例检测结果: [[-4.13451004e+00 -3.19316101e+00  3.92703667e+01  1.47899418e+01
   3.65453765e-08  5.00000000e+00]
 [-6.67918015e+00 -3.01372528e+00  4.48934517e+01  2.88887444e+01
   8.78850592e-09  9.00000000e+00]
 [-3.63426971e+00 -3.39146233e+00  4.60150375e+01  2.98085423e+01
   4.05381684e-09  9.00000000e+00]]
2026-06-05 16:06:59 [DEBUG] 处理后检测输出形状: (0, 52)
2026-06-05 16:06:59 [DEBUG] 有效检测数量: 0
2026-06-05 16:06:59 [DEBUG] 检测输出为空
2026-06-05 16:06:59 [INFO] 掩码中检测到的类别: [0, 1, 2, 3, 4, 5, 6, 7, 8, 9, 10, 11, 12, 13, 14, 15]
2026-06-05 16:06:59 [INFO] 分割完成，检测到 0 个物体
2026-06-05 16:06:59 [INFO] 从分割掩码中提取检测结果
2026-06-05 16:06:59 [INFO] 从掩码中提取了 543 个检测框
2026-06-05 16:06:59 [INFO] 计算出的车框矩形边界: (1094, 658) to (3278, 1641)
2026-06-05 16:06:59 [INFO] 原始检测数: 543, 过滤后检测数: 248
2026-06-05 16:07:00 [INFO] 保存分割和检测结果到: C:\code\show\Scrap_Steel_In_Field\photos\segmentation\segment_20260605_160659.jpg
2026-06-05 16:07:00 [INFO] JSON结果保存到: C:\code\show\Scrap_Steel_In_Field\photos\segmentation_result.json
2026-06-05 16:07:00 [INFO] 类别统计：{0: 56, 1: 46, 2: 24, 3: 7, 4: 40, 5: 39, 6: 36, 7: 36, 8: 61, 9: 57, 10: 30, 11: 17, 12: 22, 13: 45, 14: 0, 15: 27}
2026-06-05 16:07:00 [INFO] 面积统计：{0: 3105756.0, 1: 757260.0, 2: 56520.0, 3: 149076.0, 4: 141588.0, 5: 108504.0, 6: 549828.0, 7: 47016.0, 8: 989316.0, 9: 300816.0, 10: 169128.0, 11: 355572.0, 12: 56988.0, 13: 654876.0, 14: 108.0, 15: 96120.0}
2026-06-05 16:07:00 [INFO] 分割成功
2026-06-05 16:07:00 [INFO] 引擎上下文已释放
2026-06-05 16:07:00 [INFO] TensorRT 引擎已释放
2026-06-05 16:07:00 [INFO] 全局 CUDA 资源已释放
2026-06-05 16:07:00 [INFO] 分割系统资源已释放
2026-06-05 16:07:04 [INFO] CUDA 初始化成功
2026-06-05 16:07:04 [INFO] 引擎加载成功: scrap_steel.engine
2026-06-05 16:07:04 [INFO] 分割系统初始化成功
2026-06-05 16:07:04 [INFO] 图像预处理完成，原始尺寸: (2160, 3840)
2026-06-05 16:07:04 [INFO] 开始执行分割...
2026-06-05 16:07:04 [DEBUG] 处理后的检测结果形状: (1, 8400, 6)
2026-06-05 16:07:04 [DEBUG] 示例检测结果: [[-4.15436554e+00 -3.18353128e+00  3.89807587e+01  1.46573048e+01
   3.50168534e-08  5.00000000e+00]
 [-6.74193192e+00 -3.01440239e+00  4.47530556e+01  2.86230431e+01
   8.47193515e-09  9.00000000e+00]
 [-3.66753387e+00 -3.39467621e+00  4.59035187e+01  2.95344048e+01
   3.93839628e-09  9.00000000e+00]]
2026-06-05 16:07:04 [DEBUG] 处理后检测输出形状: (0, 52)
2026-06-05 16:07:04 [DEBUG] 有效检测数量: 0
2026-06-05 16:07:04 [DEBUG] 检测输出为空
2026-06-05 16:07:04 [INFO] 掩码中检测到的类别: [0, 1, 2, 3, 4, 5, 6, 7, 8, 9, 10, 11, 12, 13, 14, 15]
2026-06-05 16:07:04 [INFO] 分割完成，检测到 0 个物体
2026-06-05 16:07:04 [INFO] 从分割掩码中提取检测结果
2026-06-05 16:07:04 [INFO] 从掩码中提取了 534 个检测框
2026-06-05 16:07:04 [INFO] 计算出的车框矩形边界: (1095, 660) to (3278, 1641)
2026-06-05 16:07:04 [INFO] 原始检测数: 534, 过滤后检测数: 240
2026-06-05 16:07:05 [INFO] 保存分割和检测结果到: C:\code\show\Scrap_Steel_In_Field\photos\segmentation\segment_20260605_160704.jpg
2026-06-05 16:07:05 [INFO] JSON结果保存到: C:\code\show\Scrap_Steel_In_Field\photos\segmentation_result.json
2026-06-05 16:07:05 [INFO] 类别统计：{0: 48, 1: 50, 2: 27, 3: 8, 4: 44, 5: 32, 6: 26, 7: 34, 8: 61, 9: 53, 10: 36, 11: 16, 12: 21, 13: 52, 14: 0, 15: 26}
2026-06-05 16:07:05 [INFO] 面积统计：{0: 3029652.0, 1: 787536.0, 2: 49104.0, 3: 148320.0, 4: 153684.0, 5: 102420.0, 6: 560196.0, 7: 44604.0, 8: 1000080.0, 9: 334368.0, 10: 162072.0, 11: 372852.0, 12: 50544.0, 13: 650124.0, 14: 36.0, 15: 97812.0}
2026-06-05 16:07:05 [INFO] 分割成功
2026-06-05 16:07:05 [INFO] 引擎上下文已释放
2026-06-05 16:07:05 [INFO] TensorRT 引擎已释放
2026-06-05 16:07:05 [INFO] 全局 CUDA 资源已释放
2026-06-05 16:07:05 [INFO] 分割系统资源已释放
2026-06-05 16:07:09 [INFO] CUDA 初始化成功
2026-06-05 16:07:09 [INFO] 引擎加载成功: scrap_steel.engine
2026-06-05 16:07:09 [INFO] 分割系统初始化成功
2026-06-05 16:07:09 [INFO] 图像预处理完成，原始尺寸: (2160, 3840)
2026-06-05 16:07:09 [INFO] 开始执行分割...
2026-06-05 16:07:09 [DEBUG] 处理后的检测结果形状: (1, 8400, 6)
2026-06-05 16:07:09 [DEBUG] 示例检测结果: [[-4.15252686e+00 -3.17826366e+00  3.91179657e+01  1.47107611e+01
   3.62519188e-08  5.00000000e+00]
 [-6.74469757e+00 -2.99776268e+00  4.47580185e+01  2.86524487e+01
   8.62182326e-09  9.00000000e+00]
 [-3.69879913e+00 -3.40353107e+00  4.59628067e+01  2.96723328e+01
   3.94227229e-09  9.00000000e+00]]
2026-06-05 16:07:09 [DEBUG] 处理后检测输出形状: (0, 52)
2026-06-05 16:07:09 [DEBUG] 有效检测数量: 0
2026-06-05 16:07:09 [DEBUG] 检测输出为空
2026-06-05 16:07:09 [INFO] 掩码中检测到的类别: [0, 1, 2, 3, 4, 5, 6, 7, 8, 9, 10, 11, 12, 13, 14, 15]
2026-06-05 16:07:09 [INFO] 分割完成，检测到 0 个物体
2026-06-05 16:07:09 [INFO] 从分割掩码中提取检测结果
2026-06-05 16:07:09 [INFO] 从掩码中提取了 559 个检测框
2026-06-05 16:07:09 [INFO] 计算出的车框矩形边界: (1095, 660) to (3278, 1641)
2026-06-05 16:07:09 [INFO] 原始检测数: 559, 过滤后检测数: 249
2026-06-05 16:07:10 [INFO] 保存分割和检测结果到: C:\code\show\Scrap_Steel_In_Field\photos\segmentation\segment_20260605_160709.jpg
2026-06-05 16:07:10 [INFO] JSON结果保存到: C:\code\show\Scrap_Steel_In_Field\photos\segmentation_result.json
2026-06-05 16:07:10 [INFO] 类别统计：{0: 63, 1: 41, 2: 28, 3: 8, 4: 41, 5: 30, 6: 34, 7: 34, 8: 66, 9: 55, 10: 33, 11: 17, 12: 22, 13: 58, 14: 0, 15: 29}
2026-06-05 16:07:10 [INFO] 面积统计：{0: 3115440.0, 1: 771696.0, 2: 55620.0, 3: 151884.0, 4: 146592.0, 5: 107172.0, 6: 548100.0, 7: 37872.0, 8: 1013508.0, 9: 308880.0, 10: 173628.0, 11: 397152.0, 12: 50184.0, 13: 662292.0, 14: 180.0, 15: 79920.0}
2026-06-05 16:07:10 [INFO] 分割成功
2026-06-05 16:07:10 [INFO] 引擎上下文已释放
2026-06-05 16:07:10 [INFO] TensorRT 引擎已释放
2026-06-05 16:07:10 [INFO] 全局 CUDA 资源已释放
2026-06-05 16:07:10 [INFO] 分割系统资源已释放
2026-06-05 16:07:14 [INFO] CUDA 初始化成功
2026-06-05 16:07:14 [INFO] 引擎加载成功: scrap_steel.engine
2026-06-05 16:07:14 [INFO] 分割系统初始化成功
2026-06-05 16:07:14 [INFO] 图像预处理完成，原始尺寸: (2160, 3840)
2026-06-05 16:07:14 [INFO] 开始执行分割...
2026-06-05 16:07:14 [DEBUG] 处理后的检测结果形状: (1, 8400, 6)
2026-06-05 16:07:14 [DEBUG] 示例检测结果: [[-4.21577835e+00 -3.20478249e+00  3.91166687e+01  1.48747711e+01
   3.55582515e-08  5.00000000e+00]
 [-6.78938675e+00 -3.06048203e+00  4.46780968e+01  2.87475967e+01
   8.43389358e-09  9.00000000e+00]
 [-3.68331528e+00 -3.43553257e+00  4.59064484e+01  2.96150818e+01
   3.89469790e-09  9.00000000e+00]]
2026-06-05 16:07:14 [DEBUG] 处理后检测输出形状: (0, 52)
2026-06-05 16:07:14 [DEBUG] 有效检测数量: 0
2026-06-05 16:07:14 [DEBUG] 检测输出为空
2026-06-05 16:07:14 [INFO] 掩码中检测到的类别: [0, 1, 2, 3, 4, 5, 6, 7, 8, 9, 10, 11, 12, 13, 14, 15]
2026-06-05 16:07:14 [INFO] 分割完成，检测到 0 个物体
2026-06-05 16:07:14 [INFO] 从分割掩码中提取检测结果
2026-06-05 16:07:15 [INFO] 从掩码中提取了 546 个检测框
2026-06-05 16:07:15 [INFO] 计算出的车框矩形边界: (1095, 659) to (3278, 1641)
2026-06-05 16:07:15 [INFO] 原始检测数: 546, 过滤后检测数: 252
2026-06-05 16:07:16 [INFO] 保存分割和检测结果到: C:\code\show\Scrap_Steel_In_Field\photos\segmentation\segment_20260605_160715.jpg
2026-06-05 16:07:16 [INFO] JSON结果保存到: C:\code\show\Scrap_Steel_In_Field\photos\segmentation_result.json
2026-06-05 16:07:16 [INFO] 类别统计：{0: 56, 1: 40, 2: 31, 3: 10, 4: 34, 5: 32, 6: 33, 7: 36, 8: 58, 9: 57, 10: 34, 11: 13, 12: 25, 13: 63, 14: 0, 15: 24}
2026-06-05 16:07:16 [INFO] 面积统计：{0: 3101580.0, 1: 780408.0, 2: 64584.0, 3: 149760.0, 4: 148212.0, 5: 118296.0, 6: 549432.0, 7: 38880.0, 8: 1024812.0, 9: 335160.0, 10: 166968.0, 11: 373968.0, 12: 48780.0, 13: 662472.0, 14: 216.0, 15: 61992.0}
2026-06-05 16:07:16 [INFO] 分割成功
2026-06-05 16:07:16 [INFO] 引擎上下文已释放
2026-06-05 16:07:16 [INFO] TensorRT 引擎已释放
2026-06-05 16:07:16 [INFO] 全局 CUDA 资源已释放
2026-06-05 16:07:16 [INFO] 分割系统资源已释放
2026-06-05 16:07:21 [INFO] CUDA 初始化成功
2026-06-05 16:07:21 [INFO] 引擎加载成功: scrap_steel.engine
2026-06-05 16:07:21 [INFO] 分割系统初始化成功
2026-06-05 16:07:21 [INFO] 图像预处理完成，原始尺寸: (2160, 3840)
2026-06-05 16:07:21 [INFO] 开始执行分割...
2026-06-05 16:07:21 [DEBUG] 处理后的检测结果形状: (1, 8400, 6)
2026-06-05 16:07:21 [DEBUG] 示例检测结果: [[-4.18294525e+00 -3.19208813e+00  3.91368980e+01  1.48214273e+01
   3.56970844e-08  5.00000000e+00]
 [-6.74670792e+00 -3.01288795e+00  4.47668953e+01  2.87297688e+01
   8.60057625e-09  9.00000000e+00]
 [-3.66912842e+00 -3.39473343e+00  4.59319611e+01  2.95767097e+01
   3.94047994e-09  9.00000000e+00]]
2026-06-05 16:07:21 [DEBUG] 处理后检测输出形状: (0, 52)
2026-06-05 16:07:21 [DEBUG] 有效检测数量: 0
2026-06-05 16:07:21 [DEBUG] 检测输出为空
2026-06-05 16:07:21 [INFO] 掩码中检测到的类别: [0, 1, 2, 3, 4, 5, 6, 7, 8, 9, 10, 11, 12, 13, 14, 15]
2026-06-05 16:07:21 [INFO] 分割完成，检测到 0 个物体
2026-06-05 16:07:21 [INFO] 从分割掩码中提取检测结果
2026-06-05 16:07:21 [INFO] 从掩码中提取了 542 个检测框
2026-06-05 16:07:21 [INFO] 计算出的车框矩形边界: (1097, 661) to (3277, 1641)
2026-06-05 16:07:21 [INFO] 原始检测数: 542, 过滤后检测数: 254
2026-06-05 16:07:22 [INFO] 保存分割和检测结果到: C:\code\show\Scrap_Steel_In_Field\photos\segmentation\segment_20260605_160721.jpg
2026-06-05 16:07:22 [INFO] JSON结果保存到: C:\code\show\Scrap_Steel_In_Field\photos\segmentation_result.json
2026-06-05 16:07:22 [INFO] 类别统计：{0: 58, 1: 51, 2: 32, 3: 11, 4: 43, 5: 33, 6: 23, 7: 37, 8: 61, 9: 52, 10: 36, 11: 15, 12: 20, 13: 45, 14: 0, 15: 25}
2026-06-05 16:07:22 [INFO] 面积统计：{0: 3188520.0, 1: 765144.0, 2: 50400.0, 3: 146808.0, 4: 152964.0, 5: 102060.0, 6: 551916.0, 7: 40536.0, 8: 1022436.0, 9: 317988.0, 10: 169560.0, 11: 370584.0, 12: 56376.0, 13: 664344.0, 14: 144.0, 15: 105696.0}
2026-06-05 16:07:22 [INFO] 分割成功
2026-06-05 16:07:22 [INFO] 引擎上下文已释放
2026-06-05 16:07:22 [INFO] TensorRT 引擎已释放
2026-06-05 16:07:22 [INFO] 全局 CUDA 资源已释放
2026-06-05 16:07:22 [INFO] 分割系统资源已释放
2026-06-05 16:07:25 [INFO] CUDA 初始化成功
2026-06-05 16:07:25 [INFO] 引擎加载成功: scrap_steel.engine
2026-06-05 16:07:25 [INFO] 分割系统初始化成功
2026-06-05 16:07:25 [INFO] 图像预处理完成，原始尺寸: (2160, 3840)
2026-06-05 16:07:25 [INFO] 开始执行分割...
2026-06-05 16:07:26 [DEBUG] 处理后的检测结果形状: (1, 8400, 6)
2026-06-05 16:07:26 [DEBUG] 示例检测结果: [[-4.16271210e+00 -3.17992687e+00  3.90894394e+01  1.47624674e+01
   3.58375551e-08  5.00000000e+00]
 [-6.67816162e+00 -2.99935150e+00  4.47945404e+01  2.87404289e+01
   8.58793836e-09  9.00000000e+00]
 [-3.62604523e+00 -3.36560154e+00  4.59580231e+01  2.96446915e+01
   4.00403621e-09  9.00000000e+00]]
2026-06-05 16:07:26 [DEBUG] 处理后检测输出形状: (0, 52)
2026-06-05 16:07:26 [DEBUG] 有效检测数量: 0
2026-06-05 16:07:26 [DEBUG] 检测输出为空
2026-06-05 16:07:26 [INFO] 掩码中检测到的类别: [0, 1, 2, 3, 4, 5, 6, 7, 8, 9, 10, 11, 12, 13, 14, 15]
2026-06-05 16:07:26 [INFO] 分割完成，检测到 0 个物体
2026-06-05 16:07:26 [INFO] 从分割掩码中提取检测结果
2026-06-05 16:07:26 [INFO] 从掩码中提取了 508 个检测框
2026-06-05 16:07:26 [INFO] 计算出的车框矩形边界: (1094, 659) to (3278, 1640)
2026-06-05 16:07:26 [INFO] 原始检测数: 508, 过滤后检测数: 234
2026-06-05 16:07:26 [INFO] 保存分割和检测结果到: C:\code\show\Scrap_Steel_In_Field\photos\segmentation\segment_20260605_160726.jpg
2026-06-05 16:07:26 [INFO] JSON结果保存到: C:\code\show\Scrap_Steel_In_Field\photos\segmentation_result.json
2026-06-05 16:07:26 [INFO] 类别统计：{0: 44, 1: 52, 2: 27, 3: 9, 4: 35, 5: 30, 6: 29, 7: 35, 8: 58, 9: 54, 10: 28, 11: 13, 12: 21, 13: 51, 14: 0, 15: 22}
2026-06-05 16:07:26 [INFO] 面积统计：{0: 3157020.0, 1: 773100.0, 2: 58464.0, 3: 150660.0, 4: 152532.0, 5: 109440.0, 6: 565992.0, 7: 38628.0, 8: 1025928.0, 9: 335664.0, 10: 167184.0, 11: 365724.0, 12: 50796.0, 13: 652140.0, 14: 180.0, 15: 74808.0}
2026-06-05 16:07:26 [INFO] 分割成功
2026-06-05 16:07:26 [INFO] 引擎上下文已释放
2026-06-05 16:07:26 [INFO] TensorRT 引擎已释放
2026-06-05 16:07:26 [INFO] 全局 CUDA 资源已释放
2026-06-05 16:07:26 [INFO] 分割系统资源已释放
2026-06-05 16:07:31 [INFO] CUDA 初始化成功
2026-06-05 16:07:31 [INFO] 引擎加载成功: scrap_steel.engine
2026-06-05 16:07:31 [INFO] 分割系统初始化成功
2026-06-05 16:07:31 [INFO] 图像预处理完成，原始尺寸: (2160, 3840)
2026-06-05 16:07:31 [INFO] 开始执行分割...
2026-06-05 16:07:31 [DEBUG] 处理后的检测结果形状: (1, 8400, 6)
2026-06-05 16:07:31 [DEBUG] 示例检测结果: [[-4.20026779e+00 -3.20244932e+00  3.90870018e+01  1.48707466e+01
   3.62519188e-08  5.00000000e+00]
 [-6.76152039e+00 -3.03594780e+00  4.47175217e+01  2.88453274e+01
   8.53323812e-09  9.00000000e+00]
 [-3.66911316e+00 -3.41833401e+00  4.59252014e+01  2.96597519e+01
   3.95574062e-09  9.00000000e+00]]
2026-06-05 16:07:31 [DEBUG] 处理后检测输出形状: (0, 52)
2026-06-05 16:07:31 [DEBUG] 有效检测数量: 0
2026-06-05 16:07:31 [DEBUG] 检测输出为空
2026-06-05 16:07:31 [INFO] 掩码中检测到的类别: [0, 1, 2, 3, 4, 5, 6, 7, 8, 9, 10, 11, 12, 13, 14, 15]
2026-06-05 16:07:31 [INFO] 分割完成，检测到 0 个物体
2026-06-05 16:07:31 [INFO] 从分割掩码中提取检测结果
2026-06-05 16:07:31 [INFO] 从掩码中提取了 535 个检测框
2026-06-05 16:07:31 [INFO] 计算出的车框矩形边界: (1094, 659) to (3278, 1641)
2026-06-05 16:07:31 [INFO] 原始检测数: 535, 过滤后检测数: 253
2026-06-05 16:07:32 [INFO] 保存分割和检测结果到: C:\code\show\Scrap_Steel_In_Field\photos\segmentation\segment_20260605_160731.jpg
2026-06-05 16:07:32 [INFO] JSON结果保存到: C:\code\show\Scrap_Steel_In_Field\photos\segmentation_result.json
2026-06-05 16:07:32 [INFO] 类别统计：{0: 55, 1: 48, 2: 27, 3: 9, 4: 42, 5: 33, 6: 31, 7: 37, 8: 56, 9: 51, 10: 32, 11: 20, 12: 21, 13: 50, 14: 0, 15: 23}
2026-06-05 16:07:32 [INFO] 面积统计：{0: 3143448.0, 1: 780840.0, 2: 53388.0, 3: 151524.0, 4: 171288.0, 5: 106920.0, 6: 540360.0, 7: 48708.0, 8: 1022976.0, 9: 321372.0, 10: 163080.0, 11: 378972.0, 12: 61056.0, 13: 650844.0, 14: 108.0, 15: 123732.0}
2026-06-05 16:07:32 [INFO] 分割成功
2026-06-05 16:07:32 [INFO] 引擎上下文已释放
2026-06-05 16:07:32 [INFO] TensorRT 引擎已释放
2026-06-05 16:07:32 [INFO] 全局 CUDA 资源已释放
2026-06-05 16:07:32 [INFO] 分割系统资源已释放
2026-06-05 16:07:36 [INFO] CUDA 初始化成功
2026-06-05 16:07:36 [INFO] 引擎加载成功: scrap_steel.engine
2026-06-05 16:07:36 [INFO] 分割系统初始化成功
2026-06-05 16:07:36 [INFO] 图像预处理完成，原始尺寸: (2160, 3840)
2026-06-05 16:07:36 [INFO] 开始执行分割...
2026-06-05 16:07:36 [DEBUG] 处理后的检测结果形状: (1, 8400, 6)
2026-06-05 16:07:36 [DEBUG] 示例检测结果: [[-4.18139267e+00 -3.19059467e+00  3.91914864e+01  1.47594919e+01
   3.59688421e-08  5.00000000e+00]
 [-6.76766586e+00 -3.02258682e+00  4.48106956e+01  2.87374039e+01
   8.63212613e-09  9.00000000e+00]
 [-3.67829895e+00 -3.40194988e+00  4.59756546e+01  2.96811295e+01
   3.99126066e-09  9.00000000e+00]]
2026-06-05 16:07:36 [DEBUG] 处理后检测输出形状: (0, 52)
2026-06-05 16:07:36 [DEBUG] 有效检测数量: 0
2026-06-05 16:07:36 [DEBUG] 检测输出为空
2026-06-05 16:07:36 [INFO] 掩码中检测到的类别: [0, 1, 2, 3, 4, 5, 6, 7, 8, 9, 10, 11, 12, 13, 14, 15]
2026-06-05 16:07:36 [INFO] 分割完成，检测到 0 个物体
2026-06-05 16:07:36 [INFO] 从分割掩码中提取检测结果
2026-06-05 16:07:36 [INFO] 从掩码中提取了 534 个检测框
2026-06-05 16:07:36 [INFO] 计算出的车框矩形边界: (1095, 660) to (3278, 1641)
2026-06-05 16:07:36 [INFO] 原始检测数: 534, 过滤后检测数: 250
2026-06-05 16:07:37 [INFO] 保存分割和检测结果到: C:\code\show\Scrap_Steel_In_Field\photos\segmentation\segment_20260605_160736.jpg
2026-06-05 16:07:37 [INFO] JSON结果保存到: C:\code\show\Scrap_Steel_In_Field\photos\segmentation_result.json
2026-06-05 16:07:37 [INFO] 类别统计：{0: 56, 1: 46, 2: 23, 3: 9, 4: 39, 5: 33, 6: 32, 7: 32, 8: 59, 9: 56, 10: 36, 11: 14, 12: 25, 13: 50, 14: 0, 15: 24}
2026-06-05 16:07:37 [INFO] 面积统计：{0: 3141288.0, 1: 781776.0, 2: 57492.0, 3: 144828.0, 4: 157536.0, 5: 101628.0, 6: 521496.0, 7: 38700.0, 8: 1012716.0, 9: 316692.0, 10: 164304.0, 11: 367596.0, 12: 74196.0, 13: 660348.0, 14: 108.0, 15: 83052.0}
2026-06-05 16:07:37 [INFO] 分割成功
2026-06-05 16:07:37 [INFO] 引擎上下文已释放
2026-06-05 16:07:37 [INFO] TensorRT 引擎已释放
2026-06-05 16:07:37 [INFO] 全局 CUDA 资源已释放
2026-06-05 16:07:37 [INFO] 分割系统资源已释放
2026-06-05 16:07:41 [INFO] CUDA 初始化成功
2026-06-05 16:07:41 [INFO] 引擎加载成功: scrap_steel.engine
2026-06-05 16:07:41 [INFO] 分割系统初始化成功
2026-06-05 16:07:41 [INFO] 图像预处理完成，原始尺寸: (2160, 3840)
2026-06-05 16:07:41 [INFO] 开始执行分割...
2026-06-05 16:07:41 [DEBUG] 处理后的检测结果形状: (1, 8400, 6)
2026-06-05 16:07:41 [DEBUG] 示例检测结果: [[-4.18592072e+00 -3.18249130e+00  3.89224625e+01  1.47086334e+01
   3.51535725e-08  5.00000000e+00]
 [-6.76606750e+00 -3.01244736e+00  4.47078629e+01  2.86379032e+01
   8.59382965e-09  9.00000000e+00]
 [-3.65308380e+00 -3.35311317e+00  4.58703461e+01  2.94116726e+01
   3.96951805e-09  9.00000000e+00]]
2026-06-05 16:07:41 [DEBUG] 处理后检测输出形状: (0, 52)
2026-06-05 16:07:41 [DEBUG] 有效检测数量: 0
2026-06-05 16:07:41 [DEBUG] 检测输出为空
2026-06-05 16:07:41 [INFO] 掩码中检测到的类别: [0, 1, 2, 3, 4, 5, 6, 7, 8, 9, 10, 11, 12, 13, 14, 15]
2026-06-05 16:07:41 [INFO] 分割完成，检测到 0 个物体
2026-06-05 16:07:41 [INFO] 从分割掩码中提取检测结果
2026-06-05 16:07:41 [INFO] 从掩码中提取了 538 个检测框
2026-06-05 16:07:41 [INFO] 计算出的车框矩形边界: (1095, 661) to (3278, 1641)
2026-06-05 16:07:41 [INFO] 原始检测数: 538, 过滤后检测数: 245
2026-06-05 16:07:42 [INFO] 保存分割和检测结果到: C:\code\show\Scrap_Steel_In_Field\photos\segmentation\segment_20260605_160741.jpg
2026-06-05 16:07:42 [INFO] JSON结果保存到: C:\code\show\Scrap_Steel_In_Field\photos\segmentation_result.json
2026-06-05 16:07:42 [INFO] 类别统计：{0: 53, 1: 49, 2: 24, 3: 10, 4: 39, 5: 38, 6: 33, 7: 35, 8: 62, 9: 50, 10: 35, 11: 16, 12: 21, 13: 47, 14: 0, 15: 26}
2026-06-05 16:07:42 [INFO] 面积统计：{0: 3037320.0, 1: 811584.0, 2: 54756.0, 3: 149508.0, 4: 150804.0, 5: 103500.0, 6: 534276.0, 7: 43596.0, 8: 1009692.0, 9: 322344.0, 10: 167580.0, 11: 369756.0, 12: 51948.0, 13: 643752.0, 14: 108.0, 15: 117648.0}
2026-06-05 16:07:42 [INFO] 分割成功
2026-06-05 16:07:42 [INFO] 引擎上下文已释放
2026-06-05 16:07:42 [INFO] TensorRT 引擎已释放
2026-06-05 16:07:42 [INFO] 全局 CUDA 资源已释放
2026-06-05 16:07:42 [INFO] 分割系统资源已释放
2026-06-05 16:07:46 [INFO] CUDA 初始化成功
2026-06-05 16:07:46 [INFO] 引擎加载成功: scrap_steel.engine
2026-06-05 16:07:46 [INFO] 分割系统初始化成功
2026-06-05 16:07:46 [INFO] 图像预处理完成，原始尺寸: (2160, 3840)
2026-06-05 16:07:46 [INFO] 开始执行分割...
2026-06-05 16:07:46 [DEBUG] 处理后的检测结果形状: (1, 8400, 6)
2026-06-05 16:07:46 [DEBUG] 示例检测结果: [[-4.18064499e+00 -3.19401360e+00  3.91479530e+01  1.47520218e+01
   3.51497711e-08  5.00000000e+00]
 [-6.77273178e+00 -3.02685928e+00  4.47886696e+01  2.87637253e+01
   8.46030446e-09  9.00000000e+00]
 [-3.65342331e+00 -3.40894127e+00  4.59353867e+01  2.96481876e+01
   3.94047994e-09  9.00000000e+00]]
2026-06-05 16:07:46 [DEBUG] 处理后检测输出形状: (0, 52)
2026-06-05 16:07:46 [DEBUG] 有效检测数量: 0
2026-06-05 16:07:46 [DEBUG] 检测输出为空
2026-06-05 16:07:46 [INFO] 掩码中检测到的类别: [0, 1, 2, 3, 4, 5, 6, 7, 8, 9, 10, 11, 12, 13, 14, 15]
2026-06-05 16:07:46 [INFO] 分割完成，检测到 0 个物体
2026-06-05 16:07:46 [INFO] 从分割掩码中提取检测结果
2026-06-05 16:07:46 [INFO] 从掩码中提取了 524 个检测框
2026-06-05 16:07:46 [INFO] 计算出的车框矩形边界: (1095, 663) to (3278, 1640)
2026-06-05 16:07:46 [INFO] 原始检测数: 524, 过滤后检测数: 244
2026-06-05 16:07:47 [INFO] 保存分割和检测结果到: C:\code\show\Scrap_Steel_In_Field\photos\segmentation\segment_20260605_160746.jpg
2026-06-05 16:07:47 [INFO] JSON结果保存到: C:\code\show\Scrap_Steel_In_Field\photos\segmentation_result.json
2026-06-05 16:07:47 [INFO] 类别统计：{0: 56, 1: 46, 2: 27, 3: 8, 4: 35, 5: 28, 6: 32, 7: 28, 8: 55, 9: 51, 10: 35, 11: 14, 12: 23, 13: 56, 14: 0, 15: 30}
2026-06-05 16:07:47 [INFO] 面积统计：{0: 3197592.0, 1: 790632.0, 2: 52668.0, 3: 150588.0, 4: 148248.0, 5: 102996.0, 6: 549180.0, 7: 35640.0, 8: 996768.0, 9: 317592.0, 10: 159300.0, 11: 374328.0, 12: 48384.0, 13: 651888.0, 14: 108.0, 15: 97776.0}
2026-06-05 16:07:47 [INFO] 分割成功
2026-06-05 16:07:47 [INFO] 引擎上下文已释放
2026-06-05 16:07:47 [INFO] TensorRT 引擎已释放
2026-06-05 16:07:47 [INFO] 全局 CUDA 资源已释放
2026-06-05 16:07:47 [INFO] 分割系统资源已释放
2026-06-05 16:07:51 [INFO] CUDA 初始化成功
2026-06-05 16:07:51 [INFO] 引擎加载成功: scrap_steel.engine
2026-06-05 16:07:51 [INFO] 分割系统初始化成功
2026-06-05 16:07:51 [INFO] 图像预处理完成，原始尺寸: (2160, 3840)
2026-06-05 16:07:51 [INFO] 开始执行分割...
2026-06-05 16:07:51 [DEBUG] 处理后的检测结果形状: (1, 8400, 6)
2026-06-05 16:07:51 [DEBUG] 示例检测结果: [[-4.15253448e+00 -3.17989397e+00  3.91204529e+01  1.47858047e+01
   3.59780223e-08  5.00000000e+00]
 [-6.70604324e+00 -3.01122093e+00  4.47396584e+01  2.88025417e+01
   8.66087202e-09  9.00000000e+00]
 [-3.64957809e+00 -3.39186287e+00  4.59366684e+01  2.97059269e+01
   4.05381684e-09  9.00000000e+00]]
2026-06-05 16:07:51 [DEBUG] 处理后检测输出形状: (0, 52)
2026-06-05 16:07:51 [DEBUG] 有效检测数量: 0
2026-06-05 16:07:51 [DEBUG] 检测输出为空
2026-06-05 16:07:51 [INFO] 掩码中检测到的类别: [0, 1, 2, 3, 4, 5, 6, 7, 8, 9, 10, 11, 12, 13, 14, 15]
2026-06-05 16:07:51 [INFO] 分割完成，检测到 0 个物体
2026-06-05 16:07:51 [INFO] 从分割掩码中提取检测结果
2026-06-05 16:07:52 [INFO] 从掩码中提取了 549 个检测框
2026-06-05 16:07:52 [INFO] 计算出的车框矩形边界: (1095, 658) to (3277, 1641)
2026-06-05 16:07:52 [INFO] 原始检测数: 549, 过滤后检测数: 250
2026-06-05 16:07:52 [INFO] 保存分割和检测结果到: C:\code\show\Scrap_Steel_In_Field\photos\segmentation\segment_20260605_160752.jpg
2026-06-05 16:07:52 [INFO] JSON结果保存到: C:\code\show\Scrap_Steel_In_Field\photos\segmentation_result.json
2026-06-05 16:07:52 [INFO] 类别统计：{0: 43, 1: 53, 2: 28, 3: 6, 4: 39, 5: 31, 6: 35, 7: 35, 8: 65, 9: 55, 10: 31, 11: 19, 12: 30, 13: 55, 14: 0, 15: 24}
2026-06-05 16:07:52 [INFO] 面积统计：{0: 3122604.0, 1: 767628.0, 2: 55260.0, 3: 151308.0, 4: 144036.0, 5: 104760.0, 6: 533484.0, 7: 49608.0, 8: 1014480.0, 9: 310248.0, 10: 163476.0, 11: 377496.0, 12: 43308.0, 13: 650052.0, 14: 36.0, 15: 92484.0}
2026-06-05 16:07:52 [INFO] 分割成功
2026-06-05 16:07:52 [INFO] 引擎上下文已释放
2026-06-05 16:07:52 [INFO] TensorRT 引擎已释放
2026-06-05 16:07:52 [INFO] 全局 CUDA 资源已释放
2026-06-05 16:07:52 [INFO] 分割系统资源已释放
2026-06-05 16:07:56 [INFO] CUDA 初始化成功
2026-06-05 16:07:56 [INFO] 引擎加载成功: scrap_steel.engine
2026-06-05 16:07:56 [INFO] 分割系统初始化成功
2026-06-05 16:07:56 [INFO] 图像预处理完成，原始尺寸: (2160, 3840)
2026-06-05 16:07:56 [INFO] 开始执行分割...
2026-06-05 16:07:56 [DEBUG] 处理后的检测结果形状: (1, 8400, 6)
2026-06-05 16:07:56 [DEBUG] 示例检测结果: [[-4.18016434e+00 -3.19252205e+00  3.91910210e+01  1.47350750e+01
   3.64026924e-08  5.00000000e+00]
 [-6.77330399e+00 -3.03490448e+00  4.48482742e+01  2.88281021e+01
   8.72000960e-09  9.00000000e+00]
 [-3.70426178e+00 -3.41586113e+00  4.60165558e+01  2.97592869e+01
   3.99126066e-09  9.00000000e+00]]
2026-06-05 16:07:56 [DEBUG] 处理后检测输出形状: (0, 52)
2026-06-05 16:07:56 [DEBUG] 有效检测数量: 0
2026-06-05 16:07:56 [DEBUG] 检测输出为空
2026-06-05 16:07:56 [INFO] 掩码中检测到的类别: [0, 1, 2, 3, 4, 5, 6, 7, 8, 9, 10, 11, 12, 13, 14, 15]
2026-06-05 16:07:56 [INFO] 分割完成，检测到 0 个物体
2026-06-05 16:07:56 [INFO] 从分割掩码中提取检测结果
2026-06-05 16:07:57 [INFO] 从掩码中提取了 553 个检测框
2026-06-05 16:07:57 [INFO] 计算出的车框矩形边界: (1095, 660) to (3278, 1641)
2026-06-05 16:07:57 [INFO] 原始检测数: 553, 过滤后检测数: 265
2026-06-05 16:07:58 [INFO] 保存分割和检测结果到: C:\code\show\Scrap_Steel_In_Field\photos\segmentation\segment_20260605_160757.jpg
2026-06-05 16:07:58 [INFO] JSON结果保存到: C:\code\show\Scrap_Steel_In_Field\photos\segmentation_result.json
2026-06-05 16:07:58 [INFO] 类别统计：{0: 43, 1: 47, 2: 26, 3: 9, 4: 42, 5: 32, 6: 30, 7: 37, 8: 61, 9: 65, 10: 37, 11: 20, 12: 24, 13: 50, 14: 0, 15: 30}
2026-06-05 16:07:58 [INFO] 面积统计：{0: 3171600.0, 1: 783936.0, 2: 54504.0, 3: 146628.0, 4: 152064.0, 5: 110628.0, 6: 545364.0, 7: 45108.0, 8: 995004.0, 9: 316044.0, 10: 159948.0, 11: 369864.0, 12: 50868.0, 13: 662796.0, 14: 108.0, 15: 97056.0}
2026-06-05 16:07:58 [INFO] 分割成功
2026-06-05 16:07:58 [INFO] 引擎上下文已释放
2026-06-05 16:07:58 [INFO] TensorRT 引擎已释放
2026-06-05 16:07:58 [INFO] 全局 CUDA 资源已释放
2026-06-05 16:07:58 [INFO] 分割系统资源已释放
2026-06-05 16:08:01 [INFO] CUDA 初始化成功
2026-06-05 16:08:01 [INFO] 引擎加载成功: scrap_steel.engine
2026-06-05 16:08:01 [INFO] 分割系统初始化成功
2026-06-05 16:08:02 [INFO] 图像预处理完成，原始尺寸: (2160, 3840)
2026-06-05 16:08:02 [INFO] 开始执行分割...
2026-06-05 16:08:02 [DEBUG] 处理后的检测结果形状: (1, 8400, 6)
2026-06-05 16:08:02 [DEBUG] 示例检测结果: [[-4.15735626e+00 -3.16988850e+00  3.89522667e+01  1.46512690e+01
   3.59780223e-08  5.00000000e+00]
 [-6.73868179e+00 -3.01306152e+00  4.47483330e+01  2.86357822e+01
   8.63424532e-09  9.00000000e+00]
 [-3.66411972e+00 -3.40546799e+00  4.59448242e+01  2.95832939e+01
   4.01942302e-09  9.00000000e+00]]
2026-06-05 16:08:02 [DEBUG] 处理后检测输出形状: (0, 52)
2026-06-05 16:08:02 [DEBUG] 有效检测数量: 0
2026-06-05 16:08:02 [DEBUG] 检测输出为空
2026-06-05 16:08:02 [INFO] 掩码中检测到的类别: [0, 1, 2, 3, 4, 5, 6, 7, 8, 9, 10, 11, 12, 13, 14, 15]
2026-06-05 16:08:02 [INFO] 分割完成，检测到 0 个物体
2026-06-05 16:08:02 [INFO] 从分割掩码中提取检测结果
2026-06-05 16:08:02 [INFO] 从掩码中提取了 536 个检测框
2026-06-05 16:08:02 [INFO] 计算出的车框矩形边界: (1094, 662) to (3278, 1641)
2026-06-05 16:08:02 [INFO] 原始检测数: 536, 过滤后检测数: 252
2026-06-05 16:08:03 [INFO] 保存分割和检测结果到: C:\code\show\Scrap_Steel_In_Field\photos\segmentation\segment_20260605_160802.jpg
2026-06-05 16:08:03 [INFO] JSON结果保存到: C:\code\show\Scrap_Steel_In_Field\photos\segmentation_result.json
2026-06-05 16:08:03 [INFO] 类别统计：{0: 54, 1: 43, 2: 31, 3: 9, 4: 40, 5: 34, 6: 31, 7: 28, 8: 64, 9: 52, 10: 33, 11: 16, 12: 22, 13: 51, 14: 0, 15: 28}
2026-06-05 16:08:03 [INFO] 面积统计：{0: 3093840.0, 1: 795348.0, 2: 54720.0, 3: 143460.0, 4: 140292.0, 5: 107352.0, 6: 534672.0, 7: 38556.0, 8: 1020276.0, 9: 300276.0, 10: 174240.0, 11: 375804.0, 12: 46512.0, 13: 662688.0, 14: 108.0, 15: 93780.0}
2026-06-05 16:08:03 [INFO] 分割成功
2026-06-05 16:08:03 [INFO] 引擎上下文已释放
2026-06-05 16:08:03 [INFO] TensorRT 引擎已释放
2026-06-05 16:08:03 [INFO] 全局 CUDA 资源已释放
2026-06-05 16:08:03 [INFO] 分割系统资源已释放
2026-06-05 16:08:07 [INFO] CUDA 初始化成功
2026-06-05 16:08:07 [INFO] 引擎加载成功: scrap_steel.engine
2026-06-05 16:08:07 [INFO] 分割系统初始化成功
2026-06-05 16:08:07 [INFO] 图像预处理完成，原始尺寸: (2160, 3840)
2026-06-05 16:08:07 [INFO] 开始执行分割...
2026-06-05 16:08:07 [DEBUG] 处理后的检测结果形状: (1, 8400, 6)
2026-06-05 16:08:07 [DEBUG] 示例检测结果: [[-4.15274429e+00 -3.18197870e+00  3.90537262e+01  1.47600040e+01
   3.57041294e-08  5.00000000e+00]
 [-6.73070526e+00 -3.02710915e+00  4.46998672e+01  2.87427197e+01
   8.52706705e-09  9.00000000e+00]
 [-3.64112091e+00 -3.37994766e+00  4.58905258e+01  2.96301460e+01
   4.00403621e-09  9.00000000e+00]]
2026-06-05 16:08:07 [DEBUG] 处理后检测输出形状: (0, 52)
2026-06-05 16:08:07 [DEBUG] 有效检测数量: 0
2026-06-05 16:08:07 [DEBUG] 检测输出为空
2026-06-05 16:08:07 [INFO] 掩码中检测到的类别: [0, 1, 2, 3, 4, 5, 6, 7, 8, 9, 10, 11, 12, 13, 14, 15]
2026-06-05 16:08:07 [INFO] 分割完成，检测到 0 个物体
2026-06-05 16:08:07 [INFO] 从分割掩码中提取检测结果
2026-06-05 16:08:07 [INFO] 从掩码中提取了 565 个检测框
2026-06-05 16:08:07 [INFO] 计算出的车框矩形边界: (1095, 661) to (3278, 1641)
2026-06-05 16:08:07 [INFO] 原始检测数: 565, 过滤后检测数: 250
2026-06-05 16:08:08 [INFO] 保存分割和检测结果到: C:\code\show\Scrap_Steel_In_Field\photos\segmentation\segment_20260605_160807.jpg
2026-06-05 16:08:08 [INFO] JSON结果保存到: C:\code\show\Scrap_Steel_In_Field\photos\segmentation_result.json
2026-06-05 16:08:08 [INFO] 类别统计：{0: 47, 1: 49, 2: 26, 3: 12, 4: 40, 5: 37, 6: 29, 7: 41, 8: 68, 9: 48, 10: 37, 11: 20, 12: 22, 13: 58, 14: 0, 15: 31}
2026-06-05 16:08:08 [INFO] 面积统计：{0: 3186000.0, 1: 773460.0, 2: 50724.0, 3: 142920.0, 4: 147348.0, 5: 103032.0, 6: 580572.0, 7: 41904.0, 8: 1046016.0, 9: 299304.0, 10: 168192.0, 11: 371016.0, 12: 57600.0, 13: 644184.0, 14: 108.0, 15: 104616.0}
2026-06-05 16:08:08 [INFO] 分割成功
2026-06-05 16:08:08 [INFO] 引擎上下文已释放
2026-06-05 16:08:08 [INFO] TensorRT 引擎已释放
2026-06-05 16:08:08 [INFO] 全局 CUDA 资源已释放
2026-06-05 16:08:08 [INFO] 分割系统资源已释放
2026-06-05 16:08:12 [INFO] CUDA 初始化成功
2026-06-05 16:08:12 [INFO] 引擎加载成功: scrap_steel.engine
2026-06-05 16:08:12 [INFO] 分割系统初始化成功
2026-06-05 16:08:13 [INFO] 图像预处理完成，原始尺寸: (2160, 3840)
2026-06-05 16:08:13 [INFO] 开始执行分割...
2026-06-05 16:08:13 [DEBUG] 处理后的检测结果形状: (1, 8400, 6)
2026-06-05 16:08:13 [DEBUG] 示例检测结果: [[-4.15396881e+00 -3.17295361e+00  3.90998001e+01  1.47348356e+01
   3.56970844e-08  5.00000000e+00]
 [-6.77601624e+00 -2.99967384e+00  4.47817764e+01  2.86760883e+01
   8.63424532e-09  9.00000000e+00]
 [-3.68417358e+00 -3.37799072e+00  4.59281693e+01  2.95730743e+01
   3.98843270e-09  9.00000000e+00]]
2026-06-05 16:08:13 [DEBUG] 处理后检测输出形状: (0, 52)
2026-06-05 16:08:13 [DEBUG] 有效检测数量: 0
2026-06-05 16:08:13 [DEBUG] 检测输出为空
2026-06-05 16:08:13 [INFO] 掩码中检测到的类别: [0, 1, 2, 3, 4, 5, 6, 7, 8, 9, 10, 11, 12, 13, 14, 15]
2026-06-05 16:08:13 [INFO] 分割完成，检测到 0 个物体
2026-06-05 16:08:13 [INFO] 从分割掩码中提取检测结果
2026-06-05 16:08:13 [INFO] 从掩码中提取了 553 个检测框
2026-06-05 16:08:13 [INFO] 计算出的车框矩形边界: (1095, 658) to (3277, 1641)
2026-06-05 16:08:13 [INFO] 原始检测数: 553, 过滤后检测数: 264
2026-06-05 16:08:14 [INFO] 保存分割和检测结果到: C:\code\show\Scrap_Steel_In_Field\photos\segmentation\segment_20260605_160813.jpg
2026-06-05 16:08:14 [INFO] JSON结果保存到: C:\code\show\Scrap_Steel_In_Field\photos\segmentation_result.json
2026-06-05 16:08:14 [INFO] 类别统计：{0: 59, 1: 54, 2: 28, 3: 9, 4: 39, 5: 34, 6: 33, 7: 32, 8: 51, 9: 61, 10: 41, 11: 11, 12: 21, 13: 54, 14: 0, 15: 26}
2026-06-05 16:08:14 [INFO] 面积统计：{0: 3158028.0, 1: 760608.0, 2: 50544.0, 3: 150516.0, 4: 166176.0, 5: 102960.0, 6: 548100.0, 7: 46836.0, 8: 1035648.0, 9: 314316.0, 10: 164916.0, 11: 374076.0, 12: 59364.0, 13: 651672.0, 14: 108.0, 15: 76860.0}
2026-06-05 16:08:14 [INFO] 分割成功
2026-06-05 16:08:14 [INFO] 引擎上下文已释放
2026-06-05 16:08:14 [INFO] TensorRT 引擎已释放
2026-06-05 16:08:14 [INFO] 全局 CUDA 资源已释放
2026-06-05 16:08:14 [INFO] 分割系统资源已释放
2026-06-05 16:08:17 [INFO] CUDA 初始化成功
2026-06-05 16:08:17 [INFO] 引擎加载成功: scrap_steel.engine
2026-06-05 16:08:17 [INFO] 分割系统初始化成功
2026-06-05 16:08:17 [INFO] 图像预处理完成，原始尺寸: (2160, 3840)
2026-06-05 16:08:17 [INFO] 开始执行分割...
2026-06-05 16:08:17 [DEBUG] 处理后的检测结果形状: (1, 8400, 6)
2026-06-05 16:08:17 [DEBUG] 示例检测结果: [[-4.11579895e+00 -3.17215919e+00  3.91300316e+01  1.46475906e+01
   3.61103787e-08  5.00000000e+00]
 [-6.67538834e+00 -2.98892784e+00  4.48223076e+01  2.86603527e+01
   8.58793836e-09  9.00000000e+00]
 [-3.62421417e+00 -3.37685871e+00  4.59709854e+01  2.97371445e+01
   4.02112477e-09  9.00000000e+00]]
2026-06-05 16:08:17 [DEBUG] 处理后检测输出形状: (0, 52)
2026-06-05 16:08:17 [DEBUG] 有效检测数量: 0
2026-06-05 16:08:17 [DEBUG] 检测输出为空
2026-06-05 16:08:17 [INFO] 掩码中检测到的类别: [0, 1, 2, 3, 4, 5, 6, 7, 8, 9, 10, 11, 12, 13, 14, 15]
2026-06-05 16:08:17 [INFO] 分割完成，检测到 0 个物体
2026-06-05 16:08:17 [INFO] 从分割掩码中提取检测结果
2026-06-05 16:08:18 [INFO] 从掩码中提取了 563 个检测框
2026-06-05 16:08:18 [INFO] 计算出的车框矩形边界: (1095, 659) to (3277, 1641)
2026-06-05 16:08:18 [INFO] 原始检测数: 563, 过滤后检测数: 243
2026-06-05 16:08:18 [INFO] 保存分割和检测结果到: C:\code\show\Scrap_Steel_In_Field\photos\segmentation\segment_20260605_160818.jpg
2026-06-05 16:08:18 [INFO] JSON结果保存到: C:\code\show\Scrap_Steel_In_Field\photos\segmentation_result.json
2026-06-05 16:08:18 [INFO] 类别统计：{0: 60, 1: 49, 2: 26, 3: 10, 4: 36, 5: 39, 6: 37, 7: 31, 8: 60, 9: 53, 10: 35, 11: 17, 12: 22, 13: 56, 14: 0, 15: 32}
2026-06-05 16:08:18 [INFO] 面积统计：{0: 3052368.0, 1: 789624.0, 2: 55512.0, 3: 161460.0, 4: 159336.0, 5: 102924.0, 6: 542412.0, 7: 39744.0, 8: 1016100.0, 9: 363708.0, 10: 161028.0, 11: 368856.0, 12: 51912.0, 13: 654696.0, 14: 108.0, 15: 76500.0}
2026-06-05 16:08:18 [INFO] 分割成功
2026-06-05 16:08:18 [INFO] 引擎上下文已释放
2026-06-05 16:08:18 [INFO] TensorRT 引擎已释放
2026-06-05 16:08:18 [INFO] 全局 CUDA 资源已释放
2026-06-05 16:08:18 [INFO] 分割系统资源已释放
2026-06-05 16:08:22 [INFO] CUDA 初始化成功
2026-06-05 16:08:22 [INFO] 引擎加载成功: scrap_steel.engine
2026-06-05 16:08:22 [INFO] 分割系统初始化成功
2026-06-05 16:08:22 [INFO] 图像预处理完成，原始尺寸: (2160, 3840)
2026-06-05 16:08:22 [INFO] 开始执行分割...
2026-06-05 16:08:22 [DEBUG] 处理后的检测结果形状: (1, 8400, 6)
2026-06-05 16:08:22 [DEBUG] 示例检测结果: [[-4.16767120e+00 -3.19435120e+00  3.90512543e+01  1.47371941e+01
   3.59780223e-08  5.00000000e+00]
 [-6.76337433e+00 -3.02554703e+00  4.46762543e+01  2.86900501e+01
   8.66791439e-09  9.00000000e+00]
 [-3.67643738e+00 -3.39313126e+00  4.58777618e+01  2.95528183e+01
   4.01942302e-09  9.00000000e+00]]
2026-06-05 16:08:22 [DEBUG] 处理后检测输出形状: (0, 52)
2026-06-05 16:08:22 [DEBUG] 有效检测数量: 0
2026-06-05 16:08:22 [DEBUG] 检测输出为空
2026-06-05 16:08:22 [INFO] 掩码中检测到的类别: [0, 1, 2, 3, 4, 5, 6, 7, 8, 9, 10, 11, 12, 13, 14, 15]
2026-06-05 16:08:22 [INFO] 分割完成，检测到 0 个物体
2026-06-05 16:08:22 [INFO] 从分割掩码中提取检测结果
2026-06-05 16:08:23 [INFO] 从掩码中提取了 559 个检测框
2026-06-05 16:08:23 [INFO] 计算出的车框矩形边界: (1097, 658) to (3278, 1641)
2026-06-05 16:08:23 [INFO] 原始检测数: 559, 过滤后检测数: 251
2026-06-05 16:08:23 [INFO] 保存分割和检测结果到: C:\code\show\Scrap_Steel_In_Field\photos\segmentation\segment_20260605_160823.jpg
2026-06-05 16:08:23 [INFO] JSON结果保存到: C:\code\show\Scrap_Steel_In_Field\photos\segmentation_result.json
2026-06-05 16:08:23 [INFO] 类别统计：{0: 51, 1: 45, 2: 29, 3: 12, 4: 41, 5: 37, 6: 33, 7: 34, 8: 64, 9: 58, 10: 33, 11: 18, 12: 21, 13: 57, 14: 0, 15: 26}
2026-06-05 16:08:23 [INFO] 面积统计：{0: 3095244.0, 1: 789876.0, 2: 49644.0, 3: 157752.0, 4: 149220.0, 5: 107892.0, 6: 523404.0, 7: 45288.0, 8: 991908.0, 9: 320616.0, 10: 162324.0, 11: 363996.0, 12: 59760.0, 13: 659484.0, 14: 108.0, 15: 91008.0}
2026-06-05 16:08:23 [INFO] 分割成功
2026-06-05 16:08:23 [INFO] 引擎上下文已释放
2026-06-05 16:08:23 [INFO] TensorRT 引擎已释放
2026-06-05 16:08:23 [INFO] 全局 CUDA 资源已释放
2026-06-05 16:08:23 [INFO] 分割系统资源已释放
2026-06-05 16:08:28 [INFO] CUDA 初始化成功
2026-06-05 16:08:28 [INFO] 引擎加载成功: scrap_steel.engine
2026-06-05 16:08:28 [INFO] 分割系统初始化成功
2026-06-05 16:08:28 [INFO] 图像预处理完成，原始尺寸: (2160, 3840)
2026-06-05 16:08:28 [INFO] 开始执行分割...
2026-06-05 16:08:28 [DEBUG] 处理后的检测结果形状: (1, 8400, 6)
2026-06-05 16:08:28 [DEBUG] 示例检测结果: [[-4.16500854e+00 -3.18095779e+00  3.91022644e+01  1.47869511e+01
   3.59780223e-08  5.00000000e+00]
 [-6.72159958e+00 -2.99765587e+00  4.47820244e+01  2.88062000e+01
   8.56690718e-09  9.00000000e+00]
 [-3.64851379e+00 -3.37714386e+00  4.59416962e+01  2.96819038e+01
   3.98843270e-09  9.00000000e+00]]
2026-06-05 16:08:28 [DEBUG] 处理后检测输出形状: (0, 52)
2026-06-05 16:08:28 [DEBUG] 有效检测数量: 0
2026-06-05 16:08:28 [DEBUG] 检测输出为空
2026-06-05 16:08:28 [INFO] 掩码中检测到的类别: [0, 1, 2, 3, 4, 5, 6, 7, 8, 9, 10, 11, 12, 13, 14, 15]
2026-06-05 16:08:28 [INFO] 分割完成，检测到 0 个物体
2026-06-05 16:08:28 [INFO] 从分割掩码中提取检测结果
2026-06-05 16:08:29 [INFO] 从掩码中提取了 550 个检测框
2026-06-05 16:08:29 [INFO] 计算出的车框矩形边界: (1095, 660) to (3277, 1641)
2026-06-05 16:08:29 [INFO] 原始检测数: 550, 过滤后检测数: 256
2026-06-05 16:08:29 [INFO] 保存分割和检测结果到: C:\code\show\Scrap_Steel_In_Field\photos\segmentation\segment_20260605_160829.jpg
2026-06-05 16:08:29 [INFO] JSON结果保存到: C:\code\show\Scrap_Steel_In_Field\photos\segmentation_result.json
2026-06-05 16:08:29 [INFO] 类别统计：{0: 62, 1: 49, 2: 28, 3: 9, 4: 38, 5: 37, 6: 35, 7: 35, 8: 60, 9: 53, 10: 38, 11: 16, 12: 20, 13: 47, 14: 0, 15: 23}
2026-06-05 16:08:29 [INFO] 面积统计：{0: 3115080.0, 1: 785448.0, 2: 53388.0, 3: 157680.0, 4: 161748.0, 5: 102816.0, 6: 549612.0, 7: 41868.0, 8: 1017792.0, 9: 328536.0, 10: 170172.0, 11: 378828.0, 12: 62100.0, 13: 663984.0, 14: 216.0, 15: 82188.0}
2026-06-05 16:08:29 [INFO] 分割成功
2026-06-05 16:08:29 [INFO] 引擎上下文已释放
2026-06-05 16:08:29 [INFO] TensorRT 引擎已释放
2026-06-05 16:08:29 [INFO] 全局 CUDA 资源已释放
2026-06-05 16:08:29 [INFO] 分割系统资源已释放
2026-06-05 16:08:33 [INFO] CUDA 初始化成功
2026-06-05 16:08:33 [INFO] 引擎加载成功: scrap_steel.engine
2026-06-05 16:08:33 [INFO] 分割系统初始化成功
2026-06-05 16:08:33 [INFO] 图像预处理完成，原始尺寸: (2160, 3840)
2026-06-05 16:08:33 [INFO] 开始执行分割...
2026-06-05 16:08:33 [DEBUG] 处理后的检测结果形状: (1, 8400, 6)
2026-06-05 16:08:33 [DEBUG] 示例检测结果: [[-4.15092850e+00 -3.18058348e+00  3.91439056e+01  1.47120361e+01
   3.65453765e-08  5.00000000e+00]
 [-6.74001312e+00 -2.99684525e+00  4.47777443e+01  2.87230854e+01
   8.59337046e-09  9.00000000e+00]
 [-3.66670227e+00 -3.38932037e+00  4.59636536e+01  2.96468315e+01
   3.92688548e-09  9.00000000e+00]]
2026-06-05 16:08:33 [DEBUG] 处理后检测输出形状: (0, 52)
2026-06-05 16:08:33 [DEBUG] 有效检测数量: 0
2026-06-05 16:08:33 [DEBUG] 检测输出为空
2026-06-05 16:08:33 [INFO] 掩码中检测到的类别: [0, 1, 2, 3, 4, 5, 6, 7, 8, 9, 10, 11, 12, 13, 14, 15]
2026-06-05 16:08:33 [INFO] 分割完成，检测到 0 个物体
2026-06-05 16:08:33 [INFO] 从分割掩码中提取检测结果
2026-06-05 16:08:33 [INFO] 从掩码中提取了 537 个检测框
2026-06-05 16:08:33 [INFO] 计算出的车框矩形边界: (1095, 659) to (3278, 1641)
2026-06-05 16:08:33 [INFO] 原始检测数: 537, 过滤后检测数: 248
2026-06-05 16:08:34 [INFO] 保存分割和检测结果到: C:\code\show\Scrap_Steel_In_Field\photos\segmentation\segment_20260605_160833.jpg
2026-06-05 16:08:34 [INFO] JSON结果保存到: C:\code\show\Scrap_Steel_In_Field\photos\segmentation_result.json
2026-06-05 16:08:34 [INFO] 类别统计：{0: 60, 1: 45, 2: 25, 3: 7, 4: 35, 5: 37, 6: 34, 7: 38, 8: 53, 9: 55, 10: 35, 11: 18, 12: 22, 13: 45, 14: 0, 15: 28}
2026-06-05 16:08:34 [INFO] 面积统计：{0: 3078288.0, 1: 825300.0, 2: 52020.0, 3: 163548.0, 4: 164196.0, 5: 108864.0, 6: 523260.0, 7: 47520.0, 8: 1044216.0, 9: 344196.0, 10: 169380.0, 11: 373752.0, 12: 63576.0, 13: 659592.0, 14: 108.0, 15: 85572.0}
2026-06-05 16:08:34 [INFO] 分割成功
2026-06-05 16:08:34 [INFO] 引擎上下文已释放
2026-06-05 16:08:34 [INFO] TensorRT 引擎已释放
2026-06-05 16:08:34 [INFO] 全局 CUDA 资源已释放
2026-06-05 16:08:34 [INFO] 分割系统资源已释放
2026-06-05 16:08:38 [INFO] CUDA 初始化成功
2026-06-05 16:08:38 [INFO] 引擎加载成功: scrap_steel.engine
2026-06-05 16:08:38 [INFO] 分割系统初始化成功
2026-06-05 16:08:38 [INFO] 图像预处理完成，原始尺寸: (2160, 3840)
2026-06-05 16:08:38 [INFO] 开始执行分割...
2026-06-05 16:08:38 [DEBUG] 处理后的检测结果形状: (1, 8400, 6)
2026-06-05 16:08:38 [DEBUG] 示例检测结果: [[-4.18508530e+00 -3.19517279e+00  3.89967117e+01  1.48102474e+01
   3.57041294e-08  5.00000000e+00]
 [-6.75839996e+00 -3.05150986e+00  4.47475281e+01  2.87552128e+01
   8.46030446e-09  9.00000000e+00]
 [-3.63233948e+00 -3.41100597e+00  4.58930588e+01  2.95895271e+01
   3.89256627e-09  9.00000000e+00]]
2026-06-05 16:08:38 [DEBUG] 处理后检测输出形状: (0, 52)
2026-06-05 16:08:38 [DEBUG] 有效检测数量: 0
2026-06-05 16:08:38 [DEBUG] 检测输出为空
2026-06-05 16:08:38 [INFO] 掩码中检测到的类别: [0, 1, 2, 3, 4, 5, 6, 7, 8, 9, 10, 11, 12, 13, 14, 15]
2026-06-05 16:08:38 [INFO] 分割完成，检测到 0 个物体
2026-06-05 16:08:38 [INFO] 从分割掩码中提取检测结果
2026-06-05 16:08:39 [INFO] 从掩码中提取了 556 个检测框
2026-06-05 16:08:39 [INFO] 计算出的车框矩形边界: (1095, 663) to (3278, 1641)
2026-06-05 16:08:39 [INFO] 原始检测数: 556, 过滤后检测数: 235
2026-06-05 16:08:39 [INFO] 保存分割和检测结果到: C:\code\show\Scrap_Steel_In_Field\photos\segmentation\segment_20260605_160839.jpg
2026-06-05 16:08:39 [INFO] JSON结果保存到: C:\code\show\Scrap_Steel_In_Field\photos\segmentation_result.json
2026-06-05 16:08:39 [INFO] 类别统计：{0: 40, 1: 49, 2: 28, 3: 11, 4: 40, 5: 40, 6: 33, 7: 39, 8: 68, 9: 56, 10: 33, 11: 14, 12: 26, 13: 52, 14: 0, 15: 27}
2026-06-05 16:08:39 [INFO] 面积统计：{0: 3085524.0, 1: 795456.0, 2: 52164.0, 3: 159840.0, 4: 155304.0, 5: 101808.0, 6: 553860.0, 7: 48276.0, 8: 1017360.0, 9: 326556.0, 10: 171396.0, 11: 380124.0, 12: 53100.0, 13: 658188.0, 14: 180.0, 15: 70452.0}
2026-06-05 16:08:39 [INFO] 分割成功
2026-06-05 16:08:39 [INFO] 引擎上下文已释放
2026-06-05 16:08:39 [INFO] TensorRT 引擎已释放
2026-06-05 16:08:39 [INFO] 全局 CUDA 资源已释放
2026-06-05 16:08:39 [INFO] 分割系统资源已释放
2026-06-05 16:08:43 [INFO] CUDA 初始化成功
2026-06-05 16:08:43 [INFO] 引擎加载成功: scrap_steel.engine
2026-06-05 16:08:43 [INFO] 分割系统初始化成功
2026-06-05 16:08:43 [INFO] 图像预处理完成，原始尺寸: (2160, 3840)
2026-06-05 16:08:43 [INFO] 开始执行分割...
2026-06-05 16:08:43 [DEBUG] 处理后的检测结果形状: (1, 8400, 6)
2026-06-05 16:08:43 [DEBUG] 示例检测结果: [[-4.17986679e+00 -3.20031452e+00  3.91270332e+01  1.48433161e+01
   3.59688421e-08  5.00000000e+00]
 [-6.75043106e+00 -3.04910469e+00  4.48224831e+01  2.89509907e+01
   8.59337046e-09  9.00000000e+00]
 [-3.66265106e+00 -3.43152523e+00  4.59780502e+01  2.97999611e+01
   3.95744237e-09  9.00000000e+00]]
2026-06-05 16:08:43 [DEBUG] 处理后检测输出形状: (0, 52)
2026-06-05 16:08:43 [DEBUG] 有效检测数量: 0
2026-06-05 16:08:43 [DEBUG] 检测输出为空
2026-06-05 16:08:43 [INFO] 掩码中检测到的类别: [0, 1, 2, 3, 4, 5, 6, 7, 8, 9, 10, 11, 12, 13, 14, 15]
2026-06-05 16:08:43 [INFO] 分割完成，检测到 0 个物体
2026-06-05 16:08:43 [INFO] 从分割掩码中提取检测结果
2026-06-05 16:08:44 [INFO] 从掩码中提取了 567 个检测框
2026-06-05 16:08:44 [INFO] 计算出的车框矩形边界: (1094, 660) to (3278, 1641)
2026-06-05 16:08:44 [INFO] 原始检测数: 567, 过滤后检测数: 260
2026-06-05 16:08:44 [INFO] 保存分割和检测结果到: C:\code\show\Scrap_Steel_In_Field\photos\segmentation\segment_20260605_160844.jpg
2026-06-05 16:08:44 [INFO] JSON结果保存到: C:\code\show\Scrap_Steel_In_Field\photos\segmentation_result.json
2026-06-05 16:08:44 [INFO] 类别统计：{0: 53, 1: 46, 2: 25, 3: 12, 4: 41, 5: 42, 6: 37, 7: 36, 8: 59, 9: 61, 10: 32, 11: 20, 12: 22, 13: 53, 14: 0, 15: 28}
2026-06-05 16:08:44 [INFO] 面积统计：{0: 3011580.0, 1: 773064.0, 2: 51300.0, 3: 158112.0, 4: 159300.0, 5: 107604.0, 6: 539856.0, 7: 46188.0, 8: 1012932.0, 9: 334620.0, 10: 172728.0, 11: 367740.0, 12: 62892.0, 13: 645336.0, 14: 108.0, 15: 79596.0}
2026-06-05 16:08:44 [INFO] 分割成功
2026-06-05 16:08:44 [INFO] 引擎上下文已释放
2026-06-05 16:08:44 [INFO] TensorRT 引擎已释放
2026-06-05 16:08:44 [INFO] 全局 CUDA 资源已释放
2026-06-05 16:08:44 [INFO] 分割系统资源已释放
2026-06-05 16:08:48 [INFO] CUDA 初始化成功
2026-06-05 16:08:48 [INFO] 引擎加载成功: scrap_steel.engine
2026-06-05 16:08:48 [INFO] 分割系统初始化成功
2026-06-05 16:08:48 [INFO] 图像预处理完成，原始尺寸: (2160, 3840)
2026-06-05 16:08:48 [INFO] 开始执行分割...
2026-06-05 16:08:48 [DEBUG] 处理后的检测结果形状: (1, 8400, 6)
2026-06-05 16:08:48 [DEBUG] 示例检测结果: [[-4.15416336e+00 -3.15933704e+00  3.89097557e+01  1.46042147e+01
   3.51535725e-08  5.00000000e+00]
 [-6.71852493e+00 -3.02555275e+00  4.46397209e+01  2.85698280e+01
   8.50510062e-09  9.00000000e+00]
 [-3.65825272e+00 -3.40876675e+00  4.59041443e+01  2.95446968e+01
   3.98486577e-09  9.00000000e+00]]
2026-06-05 16:08:48 [DEBUG] 处理后检测输出形状: (0, 52)
2026-06-05 16:08:48 [DEBUG] 有效检测数量: 0
2026-06-05 16:08:48 [DEBUG] 检测输出为空
2026-06-05 16:08:49 [INFO] 掩码中检测到的类别: [0, 1, 2, 3, 4, 5, 6, 7, 8, 9, 10, 11, 12, 13, 14, 15]
2026-06-05 16:08:49 [INFO] 分割完成，检测到 0 个物体
2026-06-05 16:08:49 [INFO] 从分割掩码中提取检测结果
2026-06-05 16:08:49 [INFO] 从掩码中提取了 565 个检测框
2026-06-05 16:08:49 [INFO] 计算出的车框矩形边界: (1095, 663) to (3278, 1641)
2026-06-05 16:08:49 [INFO] 原始检测数: 565, 过滤后检测数: 255
2026-06-05 16:08:49 [INFO] 保存分割和检测结果到: C:\code\show\Scrap_Steel_In_Field\photos\segmentation\segment_20260605_160849.jpg
2026-06-05 16:08:49 [INFO] JSON结果保存到: C:\code\show\Scrap_Steel_In_Field\photos\segmentation_result.json
2026-06-05 16:08:49 [INFO] 类别统计：{0: 51, 1: 55, 2: 28, 3: 9, 4: 39, 5: 35, 6: 35, 7: 35, 8: 74, 9: 55, 10: 34, 11: 17, 12: 21, 13: 49, 14: 0, 15: 28}
2026-06-05 16:08:49 [INFO] 面积统计：{0: 3212136.0, 1: 808128.0, 2: 46872.0, 3: 163908.0, 4: 154440.0, 5: 108180.0, 6: 579312.0, 7: 44316.0, 8: 1014660.0, 9: 363960.0, 10: 166068.0, 11: 372204.0, 12: 53316.0, 13: 655200.0, 14: 216.0, 15: 61596.0}
2026-06-05 16:08:49 [INFO] 分割成功
2026-06-05 16:08:49 [INFO] 引擎上下文已释放
2026-06-05 16:08:49 [INFO] TensorRT 引擎已释放
2026-06-05 16:08:49 [INFO] 全局 CUDA 资源已释放
2026-06-05 16:08:49 [INFO] 分割系统资源已释放
2026-06-05 16:08:53 [INFO] CUDA 初始化成功
2026-06-05 16:08:53 [INFO] 引擎加载成功: scrap_steel.engine
2026-06-05 16:08:53 [INFO] 分割系统初始化成功
2026-06-05 16:08:54 [INFO] 图像预处理完成，原始尺寸: (2160, 3840)
2026-06-05 16:08:54 [INFO] 开始执行分割...
2026-06-05 16:08:54 [DEBUG] 处理后的检测结果形状: (1, 8400, 6)
2026-06-05 16:08:54 [DEBUG] 示例检测结果: [[-4.18000793e+00 -3.20480537e+00  3.90648232e+01  1.48072758e+01
   3.52919045e-08  5.00000000e+00]
 [-6.73438644e+00 -3.03665924e+00  4.47892189e+01  2.88445339e+01
   8.47193515e-09  9.00000000e+00]
 [-3.64738464e+00 -3.39346504e+00  4.59335938e+01  2.96613636e+01
   3.96951805e-09  9.00000000e+00]]
2026-06-05 16:08:54 [DEBUG] 处理后检测输出形状: (0, 52)
2026-06-05 16:08:54 [DEBUG] 有效检测数量: 0
2026-06-05 16:08:54 [DEBUG] 检测输出为空
2026-06-05 16:08:54 [INFO] 掩码中检测到的类别: [0, 1, 2, 3, 4, 5, 6, 7, 8, 9, 10, 11, 12, 13, 14, 15]
2026-06-05 16:08:54 [INFO] 分割完成，检测到 0 个物体
2026-06-05 16:08:54 [INFO] 从分割掩码中提取检测结果
2026-06-05 16:08:54 [INFO] 从掩码中提取了 547 个检测框
2026-06-05 16:08:54 [INFO] 计算出的车框矩形边界: (1095, 658) to (3278, 1641)
2026-06-05 16:08:54 [INFO] 原始检测数: 547, 过滤后检测数: 236
2026-06-05 16:08:55 [INFO] 保存分割和检测结果到: C:\code\show\Scrap_Steel_In_Field\photos\segmentation\segment_20260605_160854.jpg
2026-06-05 16:08:55 [INFO] JSON结果保存到: C:\code\show\Scrap_Steel_In_Field\photos\segmentation_result.json
2026-06-05 16:08:55 [INFO] 类别统计：{0: 39, 1: 50, 2: 26, 3: 9, 4: 41, 5: 39, 6: 31, 7: 44, 8: 57, 9: 56, 10: 36, 11: 19, 12: 24, 13: 48, 14: 0, 15: 28}
2026-06-05 16:08:55 [INFO] 面积统计：{0: 3088764.0, 1: 823140.0, 2: 51876.0, 3: 159948.0, 4: 152532.0, 5: 107316.0, 6: 533448.0, 7: 52704.0, 8: 1023444.0, 9: 353196.0, 10: 164736.0, 11: 357768.0, 12: 46656.0, 13: 663516.0, 14: 72.0, 15: 72432.0}
2026-06-05 16:08:55 [INFO] 分割成功
2026-06-05 16:08:55 [INFO] 引擎上下文已释放
2026-06-05 16:08:55 [INFO] TensorRT 引擎已释放
2026-06-05 16:08:55 [INFO] 全局 CUDA 资源已释放
2026-06-05 16:08:55 [INFO] 分割系统资源已释放
2026-06-05 16:08:59 [INFO] CUDA 初始化成功
2026-06-05 16:08:59 [INFO] 引擎加载成功: scrap_steel.engine
2026-06-05 16:08:59 [INFO] 分割系统初始化成功
2026-06-05 16:08:59 [INFO] 图像预处理完成，原始尺寸: (2160, 3840)
2026-06-05 16:08:59 [INFO] 开始执行分割...
2026-06-05 16:08:59 [DEBUG] 处理后的检测结果形状: (1, 8400, 6)
2026-06-05 16:08:59 [DEBUG] 示例检测结果: [[-4.16954803e+00 -3.18316460e+00  3.91006622e+01  1.47595081e+01
   3.48801308e-08  5.00000000e+00]
 [-6.77118683e+00 -3.01396179e+00  4.46963272e+01  2.86701679e+01
   8.59382965e-09  9.00000000e+00]
 [-3.64958954e+00 -3.39480591e+00  4.58827057e+01  2.95648956e+01
   3.96951805e-09  9.00000000e+00]]
2026-06-05 16:08:59 [DEBUG] 处理后检测输出形状: (0, 52)
2026-06-05 16:08:59 [DEBUG] 有效检测数量: 0
2026-06-05 16:08:59 [DEBUG] 检测输出为空
2026-06-05 16:08:59 [INFO] 掩码中检测到的类别: [0, 1, 2, 3, 4, 5, 6, 7, 8, 9, 10, 11, 12, 13, 14, 15]
2026-06-05 16:08:59 [INFO] 分割完成，检测到 0 个物体
2026-06-05 16:08:59 [INFO] 从分割掩码中提取检测结果
2026-06-05 16:08:59 [INFO] 从掩码中提取了 553 个检测框
2026-06-05 16:08:59 [INFO] 计算出的车框矩形边界: (1095, 660) to (3277, 1640)
2026-06-05 16:08:59 [INFO] 原始检测数: 553, 过滤后检测数: 264
2026-06-05 16:09:00 [INFO] 保存分割和检测结果到: C:\code\show\Scrap_Steel_In_Field\photos\segmentation\segment_20260605_160859.jpg
2026-06-05 16:09:00 [INFO] JSON结果保存到: C:\code\show\Scrap_Steel_In_Field\photos\segmentation_result.json
2026-06-05 16:09:00 [INFO] 类别统计：{0: 46, 1: 52, 2: 27, 3: 9, 4: 37, 5: 37, 6: 35, 7: 34, 8: 58, 9: 61, 10: 38, 11: 17, 12: 24, 13: 54, 14: 0, 15: 24}
2026-06-05 16:09:00 [INFO] 面积统计：{0: 3094812.0, 1: 783180.0, 2: 55836.0, 3: 160416.0, 4: 151956.0, 5: 104184.0, 6: 543132.0, 7: 49752.0, 8: 1021140.0, 9: 341964.0, 10: 165780.0, 11: 375804.0, 12: 43776.0, 13: 654444.0, 14: 108.0, 15: 79848.0}
2026-06-05 16:09:00 [INFO] 分割成功
2026-06-05 16:09:00 [INFO] 引擎上下文已释放
2026-06-05 16:09:00 [INFO] TensorRT 引擎已释放
2026-06-05 16:09:00 [INFO] 全局 CUDA 资源已释放
2026-06-05 16:09:00 [INFO] 分割系统资源已释放
2026-06-05 16:09:04 [INFO] CUDA 初始化成功
2026-06-05 16:09:04 [INFO] 引擎加载成功: scrap_steel.engine
2026-06-05 16:09:04 [INFO] 分割系统初始化成功
2026-06-05 16:09:04 [INFO] 图像预处理完成，原始尺寸: (2160, 3840)
2026-06-05 16:09:04 [INFO] 开始执行分割...
2026-06-05 16:09:04 [DEBUG] 处理后的检测结果形状: (1, 8400, 6)
2026-06-05 16:09:04 [DEBUG] 示例检测结果: [[-4.15242386e+00 -3.17980194e+00  3.91709251e+01  1.47307281e+01
   3.59688421e-08  5.00000000e+00]
 [-6.70994568e+00 -2.98755836e+00  4.48007355e+01  2.86975994e+01
   8.69504468e-09  9.00000000e+00]
 [-3.65960312e+00 -3.39002037e+00  4.59813881e+01  2.97152996e+01
   4.05381684e-09  9.00000000e+00]]
2026-06-05 16:09:04 [DEBUG] 处理后检测输出形状: (0, 52)
2026-06-05 16:09:04 [DEBUG] 有效检测数量: 0
2026-06-05 16:09:04 [DEBUG] 检测输出为空
2026-06-05 16:09:04 [INFO] 掩码中检测到的类别: [0, 1, 2, 3, 4, 5, 6, 7, 8, 9, 10, 11, 12, 13, 14, 15]
2026-06-05 16:09:04 [INFO] 分割完成，检测到 0 个物体
2026-06-05 16:09:04 [INFO] 从分割掩码中提取检测结果
2026-06-05 16:09:04 [INFO] 从掩码中提取了 532 个检测框
2026-06-05 16:09:04 [INFO] 计算出的车框矩形边界: (1097, 661) to (3277, 1641)
2026-06-05 16:09:04 [INFO] 原始检测数: 532, 过滤后检测数: 240
2026-06-05 16:09:05 [INFO] 保存分割和检测结果到: C:\code\show\Scrap_Steel_In_Field\photos\segmentation\segment_20260605_160904.jpg
2026-06-05 16:09:05 [INFO] JSON结果保存到: C:\code\show\Scrap_Steel_In_Field\photos\segmentation_result.json
2026-06-05 16:09:05 [INFO] 类别统计：{0: 61, 1: 46, 2: 26, 3: 11, 4: 41, 5: 41, 6: 32, 7: 34, 8: 48, 9: 52, 10: 36, 11: 16, 12: 17, 13: 49, 14: 0, 15: 22}
2026-06-05 16:09:05 [INFO] 面积统计：{0: 3080952.0, 1: 783324.0, 2: 51840.0, 3: 155844.0, 4: 159336.0, 5: 103788.0, 6: 513360.0, 7: 50724.0, 8: 1025532.0, 9: 329508.0, 10: 169092.0, 11: 375768.0, 12: 52164.0, 13: 658872.0, 14: 36.0, 15: 85824.0}
2026-06-05 16:09:05 [INFO] 分割成功
2026-06-05 16:09:05 [INFO] 引擎上下文已释放
2026-06-05 16:09:05 [INFO] TensorRT 引擎已释放
2026-06-05 16:09:05 [INFO] 全局 CUDA 资源已释放
2026-06-05 16:09:05 [INFO] 分割系统资源已释放
2026-06-05 16:09:09 [INFO] CUDA 初始化成功
2026-06-05 16:09:09 [INFO] 引擎加载成功: scrap_steel.engine
2026-06-05 16:09:09 [INFO] 分割系统初始化成功
2026-06-05 16:09:09 [INFO] 图像预处理完成，原始尺寸: (2160, 3840)
2026-06-05 16:09:09 [INFO] 开始执行分割...
2026-06-05 16:09:09 [DEBUG] 处理后的检测结果形状: (1, 8400, 6)
2026-06-05 16:09:09 [DEBUG] 示例检测结果: [[-4.18796921e+00 -3.17350960e+00  3.90272789e+01  1.46689453e+01
   3.56970844e-08  5.00000000e+00]
 [-6.82510757e+00 -3.03743935e+00  4.47264366e+01  2.86950607e+01
   8.72347794e-09  9.00000000e+00]
 [-3.70088196e+00 -3.42095852e+00  4.58705826e+01  2.95482025e+01
   4.00259736e-09  9.00000000e+00]]
2026-06-05 16:09:09 [DEBUG] 处理后检测输出形状: (0, 52)
2026-06-05 16:09:09 [DEBUG] 有效检测数量: 0
2026-06-05 16:09:09 [DEBUG] 检测输出为空
2026-06-05 16:09:09 [INFO] 掩码中检测到的类别: [0, 1, 2, 3, 4, 5, 6, 7, 8, 9, 10, 11, 12, 13, 14, 15]
2026-06-05 16:09:09 [INFO] 分割完成，检测到 0 个物体
2026-06-05 16:09:09 [INFO] 从分割掩码中提取检测结果
2026-06-05 16:09:09 [INFO] 从掩码中提取了 548 个检测框
2026-06-05 16:09:09 [INFO] 计算出的车框矩形边界: (1095, 660) to (3278, 1641)
2026-06-05 16:09:09 [INFO] 原始检测数: 548, 过滤后检测数: 243
2026-06-05 16:09:10 [INFO] 保存分割和检测结果到: C:\code\show\Scrap_Steel_In_Field\photos\segmentation\segment_20260605_160909.jpg
2026-06-05 16:09:10 [INFO] JSON结果保存到: C:\code\show\Scrap_Steel_In_Field\photos\segmentation_result.json
2026-06-05 16:09:10 [INFO] 类别统计：{0: 64, 1: 53, 2: 25, 3: 10, 4: 41, 5: 34, 6: 36, 7: 36, 8: 53, 9: 56, 10: 35, 11: 19, 12: 21, 13: 43, 14: 0, 15: 22}
2026-06-05 16:09:10 [INFO] 面积统计：{0: 3084048.0, 1: 812412.0, 2: 50256.0, 3: 152244.0, 4: 142848.0, 5: 107064.0, 6: 575208.0, 7: 51300.0, 8: 1013652.0, 9: 362232.0, 10: 163584.0, 11: 375552.0, 12: 61452.0, 13: 645768.0, 14: 72.0, 15: 74772.0}
2026-06-05 16:09:10 [INFO] 分割成功
2026-06-05 16:09:10 [INFO] 引擎上下文已释放
2026-06-05 16:09:10 [INFO] TensorRT 引擎已释放
2026-06-05 16:09:10 [INFO] 全局 CUDA 资源已释放
2026-06-05 16:09:10 [INFO] 分割系统资源已释放
2026-06-05 16:09:14 [INFO] CUDA 初始化成功
2026-06-05 16:09:14 [INFO] 引擎加载成功: scrap_steel.engine
2026-06-05 16:09:14 [INFO] 分割系统初始化成功
2026-06-05 16:09:14 [INFO] 图像预处理完成，原始尺寸: (2160, 3840)
2026-06-05 16:09:14 [INFO] 开始执行分割...
2026-06-05 16:09:14 [DEBUG] 处理后的检测结果形状: (1, 8400, 6)
2026-06-05 16:09:14 [DEBUG] 示例检测结果: [[-4.18681717e+00 -3.16062355e+00  3.88027763e+01  1.45625858e+01
   3.54302330e-08  5.00000000e+00]
 [-6.76082993e+00 -3.03727341e+00  4.46466026e+01  2.85996857e+01
   8.43130366e-09  9.00000000e+00]
 [-3.65618515e+00 -3.42129707e+00  4.58941460e+01  2.95358486e+01
   3.93705779e-09  9.00000000e+00]]
2026-06-05 16:09:14 [DEBUG] 处理后检测输出形状: (0, 52)
2026-06-05 16:09:14 [DEBUG] 有效检测数量: 0
2026-06-05 16:09:14 [DEBUG] 检测输出为空
2026-06-05 16:09:14 [INFO] 掩码中检测到的类别: [0, 1, 2, 3, 4, 5, 6, 7, 8, 9, 10, 11, 12, 13, 14, 15]
2026-06-05 16:09:14 [INFO] 分割完成，检测到 0 个物体
2026-06-05 16:09:14 [INFO] 从分割掩码中提取检测结果
2026-06-05 16:09:15 [INFO] 从掩码中提取了 568 个检测框
2026-06-05 16:09:15 [INFO] 计算出的车框矩形边界: (1094, 661) to (3278, 1640)
2026-06-05 16:09:15 [INFO] 原始检测数: 568, 过滤后检测数: 245
2026-06-05 16:09:15 [INFO] 保存分割和检测结果到: C:\code\show\Scrap_Steel_In_Field\photos\segmentation\segment_20260605_160915.jpg
2026-06-05 16:09:15 [INFO] JSON结果保存到: C:\code\show\Scrap_Steel_In_Field\photos\segmentation_result.json
2026-06-05 16:09:15 [INFO] 类别统计：{0: 64, 1: 47, 2: 29, 3: 11, 4: 45, 5: 42, 6: 34, 7: 37, 8: 53, 9: 57, 10: 39, 11: 18, 12: 21, 13: 47, 14: 0, 15: 24}
2026-06-05 16:09:15 [INFO] 面积统计：{0: 3159576.0, 1: 807444.0, 2: 61884.0, 3: 152280.0, 4: 154872.0, 5: 112464.0, 6: 552456.0, 7: 52092.0, 8: 1003932.0, 9: 347580.0, 10: 166752.0, 11: 391860.0, 12: 45972.0, 13: 660384.0, 14: 180.0, 15: 74700.0}
2026-06-05 16:09:15 [INFO] 分割成功
2026-06-05 16:09:15 [INFO] 引擎上下文已释放
2026-06-05 16:09:15 [INFO] TensorRT 引擎已释放
2026-06-05 16:09:15 [INFO] 全局 CUDA 资源已释放
2026-06-05 16:09:15 [INFO] 分割系统资源已释放
2026-06-05 16:09:19 [INFO] CUDA 初始化成功
2026-06-05 16:09:19 [INFO] 引擎加载成功: scrap_steel.engine
2026-06-05 16:09:19 [INFO] 分割系统初始化成功
2026-06-05 16:09:19 [INFO] 图像预处理完成，原始尺寸: (2160, 3840)
2026-06-05 16:09:19 [INFO] 开始执行分割...
2026-06-05 16:09:19 [DEBUG] 处理后的检测结果形状: (1, 8400, 6)
2026-06-05 16:09:19 [DEBUG] 示例检测结果: [[-4.17916489e+00 -3.19188070e+00  3.91123810e+01  1.47653294e+01
   3.59780223e-08  5.00000000e+00]
 [-6.74611282e+00 -3.02442360e+00  4.47327652e+01  2.87363110e+01
   8.53323812e-09  9.00000000e+00]
 [-3.66807556e+00 -3.41980457e+00  4.59621353e+01  2.96513901e+01
   3.94047994e-09  9.00000000e+00]]
2026-06-05 16:09:19 [DEBUG] 处理后检测输出形状: (0, 52)
2026-06-05 16:09:19 [DEBUG] 有效检测数量: 0
2026-06-05 16:09:19 [DEBUG] 检测输出为空
2026-06-05 16:09:19 [INFO] 掩码中检测到的类别: [0, 1, 2, 3, 4, 5, 6, 7, 8, 9, 10, 11, 12, 13, 14, 15]
2026-06-05 16:09:19 [INFO] 分割完成，检测到 0 个物体
2026-06-05 16:09:19 [INFO] 从分割掩码中提取检测结果
2026-06-05 16:09:20 [INFO] 从掩码中提取了 584 个检测框
2026-06-05 16:09:20 [INFO] 计算出的车框矩形边界: (1095, 660) to (3277, 1641)
2026-06-05 16:09:20 [INFO] 原始检测数: 584, 过滤后检测数: 256
2026-06-05 16:09:20 [INFO] 保存分割和检测结果到: C:\code\show\Scrap_Steel_In_Field\photos\segmentation\segment_20260605_160920.jpg
2026-06-05 16:09:20 [INFO] JSON结果保存到: C:\code\show\Scrap_Steel_In_Field\photos\segmentation_result.json
2026-06-05 16:09:20 [INFO] 类别统计：{0: 49, 1: 53, 2: 30, 3: 12, 4: 41, 5: 45, 6: 31, 7: 34, 8: 69, 9: 62, 10: 39, 11: 16, 12: 21, 13: 55, 14: 0, 15: 27}
2026-06-05 16:09:20 [INFO] 面积统计：{0: 3005172.0, 1: 772560.0, 2: 52416.0, 3: 159768.0, 4: 163944.0, 5: 109908.0, 6: 535968.0, 7: 46692.0, 8: 1010196.0, 9: 342576.0, 10: 163908.0, 11: 386280.0, 12: 52884.0, 13: 646056.0, 14: 144.0, 15: 58464.0}
2026-06-05 16:09:20 [INFO] 分割成功
2026-06-05 16:09:20 [INFO] 引擎上下文已释放
2026-06-05 16:09:20 [INFO] TensorRT 引擎已释放
2026-06-05 16:09:20 [INFO] 全局 CUDA 资源已释放
2026-06-05 16:09:20 [INFO] 分割系统资源已释放
2026-06-05 16:09:24 [INFO] CUDA 初始化成功
2026-06-05 16:09:24 [INFO] 引擎加载成功: scrap_steel.engine
2026-06-05 16:09:24 [INFO] 分割系统初始化成功
2026-06-05 16:09:25 [INFO] 图像预处理完成，原始尺寸: (2160, 3840)
2026-06-05 16:09:25 [INFO] 开始执行分割...
2026-06-05 16:09:25 [DEBUG] 处理后的检测结果形状: (1, 8400, 6)
2026-06-05 16:09:25 [DEBUG] 示例检测结果: [[-4.17137527e+00 -3.18405151e+00  3.89853363e+01  1.47101231e+01
   3.59780223e-08  5.00000000e+00]
 [-6.78724289e+00 -3.03947258e+00  4.47254448e+01  2.86703892e+01
   8.60057625e-09  9.00000000e+00]
 [-3.69514465e+00 -3.43296909e+00  4.59060745e+01  2.96232567e+01
   3.98843270e-09  9.00000000e+00]]
2026-06-05 16:09:25 [DEBUG] 处理后检测输出形状: (0, 52)
2026-06-05 16:09:25 [DEBUG] 有效检测数量: 0
2026-06-05 16:09:25 [DEBUG] 检测输出为空
2026-06-05 16:09:25 [INFO] 掩码中检测到的类别: [0, 1, 2, 3, 4, 5, 6, 7, 8, 9, 10, 11, 12, 13, 14, 15]
2026-06-05 16:09:25 [INFO] 分割完成，检测到 0 个物体
2026-06-05 16:09:25 [INFO] 从分割掩码中提取检测结果
2026-06-05 16:09:25 [INFO] 从掩码中提取了 591 个检测框
2026-06-05 16:09:25 [INFO] 计算出的车框矩形边界: (1094, 659) to (3277, 1641)
2026-06-05 16:09:25 [INFO] 原始检测数: 591, 过滤后检测数: 252
2026-06-05 16:09:26 [INFO] 保存分割和检测结果到: C:\code\show\Scrap_Steel_In_Field\photos\segmentation\segment_20260605_160925.jpg
2026-06-05 16:09:26 [INFO] JSON结果保存到: C:\code\show\Scrap_Steel_In_Field\photos\segmentation_result.json
2026-06-05 16:09:26 [INFO] 类别统计：{0: 53, 1: 56, 2: 27, 3: 13, 4: 44, 5: 38, 6: 38, 7: 41, 8: 66, 9: 58, 10: 33, 11: 19, 12: 22, 13: 55, 14: 0, 15: 28}
2026-06-05 16:09:26 [INFO] 面积统计：{0: 3024612.0, 1: 817920.0, 2: 61416.0, 3: 151992.0, 4: 153540.0, 5: 115236.0, 6: 557388.0, 7: 52164.0, 8: 1043280.0, 9: 320580.0, 10: 163476.0, 11: 374004.0, 12: 48384.0, 13: 639936.0, 14: 108.0, 15: 62064.0}
2026-06-05 16:09:26 [INFO] 分割成功
2026-06-05 16:09:26 [INFO] 引擎上下文已释放
2026-06-05 16:09:26 [INFO] TensorRT 引擎已释放
2026-06-05 16:09:26 [INFO] 全局 CUDA 资源已释放
2026-06-05 16:09:26 [INFO] 分割系统资源已释放
2026-06-05 16:09:30 [INFO] CUDA 初始化成功
2026-06-05 16:09:30 [INFO] 引擎加载成功: scrap_steel.engine
2026-06-05 16:09:30 [INFO] 分割系统初始化成功
2026-06-05 16:09:30 [INFO] 图像预处理完成，原始尺寸: (2160, 3840)
2026-06-05 16:09:30 [INFO] 开始执行分割...
2026-06-05 16:09:30 [DEBUG] 处理后的检测结果形状: (1, 8400, 6)
2026-06-05 16:09:30 [DEBUG] 示例检测结果: [[-4.19614029e+00 -3.22194052e+00  3.93018684e+01  1.48838177e+01
   3.74025291e-08  5.00000000e+00]
 [-6.79840469e+00 -3.03324127e+00  4.48196068e+01  2.89005642e+01
   8.58472937e-09  9.00000000e+00]
 [-3.71397781e+00 -3.42650509e+00  4.59965706e+01  2.97558670e+01
   3.92958555e-09  9.00000000e+00]]
2026-06-05 16:09:30 [DEBUG] 处理后检测输出形状: (0, 52)
2026-06-05 16:09:30 [DEBUG] 有效检测数量: 0
2026-06-05 16:09:30 [DEBUG] 检测输出为空
2026-06-05 16:09:30 [INFO] 掩码中检测到的类别: [0, 1, 2, 3, 4, 5, 6, 7, 8, 9, 10, 11, 12, 13, 14, 15]
2026-06-05 16:09:30 [INFO] 分割完成，检测到 0 个物体
2026-06-05 16:09:30 [INFO] 从分割掩码中提取检测结果
2026-06-05 16:09:30 [INFO] 从掩码中提取了 558 个检测框
2026-06-05 16:09:30 [INFO] 计算出的车框矩形边界: (1097, 659) to (3278, 1641)
2026-06-05 16:09:30 [INFO] 原始检测数: 558, 过滤后检测数: 243
2026-06-05 16:09:31 [INFO] 保存分割和检测结果到: C:\code\show\Scrap_Steel_In_Field\photos\segmentation\segment_20260605_160930.jpg
2026-06-05 16:09:31 [INFO] JSON结果保存到: C:\code\show\Scrap_Steel_In_Field\photos\segmentation_result.json
2026-06-05 16:09:31 [INFO] 类别统计：{0: 53, 1: 51, 2: 33, 3: 11, 4: 39, 5: 34, 6: 40, 7: 34, 8: 62, 9: 56, 10: 30, 11: 18, 12: 20, 13: 52, 14: 0, 15: 25}
2026-06-05 16:09:31 [INFO] 面积统计：{0: 3007440.0, 1: 776880.0, 2: 53892.0, 3: 154548.0, 4: 159084.0, 5: 105228.0, 6: 536688.0, 7: 57348.0, 8: 1029096.0, 9: 335340.0, 10: 164952.0, 11: 378144.0, 12: 63396.0, 13: 646884.0, 14: 36.0, 15: 80064.0}
2026-06-05 16:09:31 [INFO] 分割成功
2026-06-05 16:09:31 [INFO] 引擎上下文已释放
2026-06-05 16:09:31 [INFO] TensorRT 引擎已释放
2026-06-05 16:09:31 [INFO] 全局 CUDA 资源已释放
2026-06-05 16:09:31 [INFO] 分割系统资源已释放
2026-06-05 16:09:35 [INFO] CUDA 初始化成功
2026-06-05 16:09:35 [INFO] 引擎加载成功: scrap_steel.engine
2026-06-05 16:09:35 [INFO] 分割系统初始化成功
2026-06-05 16:09:35 [INFO] 图像预处理完成，原始尺寸: (2160, 3840)
2026-06-05 16:09:35 [INFO] 开始执行分割...
2026-06-05 16:09:35 [DEBUG] 处理后的检测结果形状: (1, 8400, 6)
2026-06-05 16:09:35 [DEBUG] 示例检测结果: [[-4.18502808e+00 -3.19105244e+00  3.90739365e+01  1.47689142e+01
   3.56970844e-08  5.00000000e+00]
 [-6.76256561e+00 -3.03705406e+00  4.47336693e+01  2.88190365e+01
   8.65570815e-09  9.00000000e+00]
 [-3.69511795e+00 -3.41991997e+00  4.59338684e+01  2.96356525e+01
   3.98843270e-09  9.00000000e+00]]
2026-06-05 16:09:35 [DEBUG] 处理后检测输出形状: (0, 52)
2026-06-05 16:09:35 [DEBUG] 有效检测数量: 0
2026-06-05 16:09:35 [DEBUG] 检测输出为空
2026-06-05 16:09:35 [INFO] 掩码中检测到的类别: [0, 1, 2, 3, 4, 5, 6, 7, 8, 9, 10, 11, 12, 13, 14, 15]
2026-06-05 16:09:35 [INFO] 分割完成，检测到 0 个物体
2026-06-05 16:09:35 [INFO] 从分割掩码中提取检测结果
2026-06-05 16:09:35 [INFO] 从掩码中提取了 567 个检测框
2026-06-05 16:09:35 [INFO] 计算出的车框矩形边界: (1097, 662) to (3278, 1641)
2026-06-05 16:09:35 [INFO] 原始检测数: 567, 过滤后检测数: 249
2026-06-05 16:09:36 [INFO] 保存分割和检测结果到: C:\code\show\Scrap_Steel_In_Field\photos\segmentation\segment_20260605_160935.jpg
2026-06-05 16:09:36 [INFO] JSON结果保存到: C:\code\show\Scrap_Steel_In_Field\photos\segmentation_result.json
2026-06-05 16:09:36 [INFO] 类别统计：{0: 53, 1: 47, 2: 25, 3: 9, 4: 37, 5: 41, 6: 37, 7: 41, 8: 70, 9: 53, 10: 39, 11: 17, 12: 24, 13: 47, 14: 0, 15: 27}
2026-06-05 16:09:36 [INFO] 面积统计：{0: 3156084.0, 1: 808056.0, 2: 56520.0, 3: 157392.0, 4: 156132.0, 5: 108468.0, 6: 554292.0, 7: 42192.0, 8: 996588.0, 9: 339444.0, 10: 167724.0, 11: 382608.0, 12: 47556.0, 13: 656064.0, 14: 180.0, 15: 72900.0}
2026-06-05 16:09:36 [INFO] 分割成功
2026-06-05 16:09:36 [INFO] 引擎上下文已释放
2026-06-05 16:09:36 [INFO] TensorRT 引擎已释放
2026-06-05 16:09:36 [INFO] 全局 CUDA 资源已释放
2026-06-05 16:09:36 [INFO] 分割系统资源已释放
2026-06-05 16:09:40 [INFO] CUDA 初始化成功
2026-06-05 16:09:40 [INFO] 引擎加载成功: scrap_steel.engine
2026-06-05 16:09:40 [INFO] 分割系统初始化成功
2026-06-05 16:09:40 [INFO] 图像预处理完成，原始尺寸: (2160, 3840)
2026-06-05 16:09:40 [INFO] 开始执行分割...
2026-06-05 16:09:40 [DEBUG] 处理后的检测结果形状: (1, 8400, 6)
2026-06-05 16:09:40 [DEBUG] 示例检测结果: [[-4.18623734e+00 -3.18413734e+00  3.89714775e+01  1.46521759e+01
   3.51535725e-08  5.00000000e+00]
 [-6.76538849e+00 -3.02571106e+00  4.46826057e+01  2.85288296e+01
   8.47193515e-09  9.00000000e+00]
 [-3.67734909e+00 -3.40840530e+00  4.59247971e+01  2.95430183e+01
   3.95353084e-09  9.00000000e+00]]
2026-06-05 16:09:40 [DEBUG] 处理后检测输出形状: (0, 52)
2026-06-05 16:09:40 [DEBUG] 有效检测数量: 0
2026-06-05 16:09:40 [DEBUG] 检测输出为空
2026-06-05 16:09:40 [INFO] 掩码中检测到的类别: [0, 1, 2, 3, 4, 5, 6, 7, 8, 9, 10, 11, 12, 13, 14, 15]
2026-06-05 16:09:40 [INFO] 分割完成，检测到 0 个物体
2026-06-05 16:09:40 [INFO] 从分割掩码中提取检测结果
2026-06-05 16:09:40 [INFO] 从掩码中提取了 548 个检测框
2026-06-05 16:09:40 [INFO] 计算出的车框矩形边界: (1097, 660) to (3278, 1641)
2026-06-05 16:09:40 [INFO] 原始检测数: 548, 过滤后检测数: 249
2026-06-05 16:09:41 [INFO] 保存分割和检测结果到: C:\code\show\Scrap_Steel_In_Field\photos\segmentation\segment_20260605_160940.jpg
2026-06-05 16:09:41 [INFO] JSON结果保存到: C:\code\show\Scrap_Steel_In_Field\photos\segmentation_result.json
2026-06-05 16:09:41 [INFO] 类别统计：{0: 62, 1: 47, 2: 31, 3: 8, 4: 37, 5: 34, 6: 36, 7: 35, 8: 57, 9: 51, 10: 32, 11: 18, 12: 19, 13: 58, 14: 0, 15: 23}
2026-06-05 16:09:41 [INFO] 面积统计：{0: 3259404.0, 1: 785124.0, 2: 60732.0, 3: 151380.0, 4: 160200.0, 5: 103896.0, 6: 557028.0, 7: 50868.0, 8: 992736.0, 9: 331776.0, 10: 166356.0, 11: 375444.0, 12: 47412.0, 13: 658224.0, 14: 108.0, 15: 84060.0}
2026-06-05 16:09:41 [INFO] 分割成功
2026-06-05 16:09:41 [INFO] 引擎上下文已释放
2026-06-05 16:09:41 [INFO] TensorRT 引擎已释放
2026-06-05 16:09:41 [INFO] 全局 CUDA 资源已释放
2026-06-05 16:09:41 [INFO] 分割系统资源已释放
2026-06-05 16:09:45 [INFO] CUDA 初始化成功
2026-06-05 16:09:45 [INFO] 引擎加载成功: scrap_steel.engine
2026-06-05 16:09:45 [INFO] 分割系统初始化成功
2026-06-05 16:09:45 [INFO] 图像预处理完成，原始尺寸: (2160, 3840)
2026-06-05 16:09:45 [INFO] 开始执行分割...
2026-06-05 16:09:45 [DEBUG] 处理后的检测结果形状: (1, 8400, 6)
2026-06-05 16:09:45 [DEBUG] 示例检测结果: [[-4.18517685e+00 -3.19169712e+00  3.89520035e+01  1.47381697e+01
   3.51535725e-08  5.00000000e+00]
 [-6.74810410e+00 -3.03441620e+00  4.45627327e+01  2.86588879e+01
   8.53826609e-09  9.00000000e+00]
 [-3.65176392e+00 -3.42155647e+00  4.58769341e+01  2.95502110e+01
   3.93705779e-09  9.00000000e+00]]
2026-06-05 16:09:45 [DEBUG] 处理后检测输出形状: (0, 52)
2026-06-05 16:09:45 [DEBUG] 有效检测数量: 0
2026-06-05 16:09:45 [DEBUG] 检测输出为空
2026-06-05 16:09:46 [INFO] 掩码中检测到的类别: [0, 1, 2, 3, 4, 5, 6, 7, 8, 9, 10, 11, 12, 13, 14, 15]
2026-06-05 16:09:46 [INFO] 分割完成，检测到 0 个物体
2026-06-05 16:09:46 [INFO] 从分割掩码中提取检测结果
2026-06-05 16:09:46 [INFO] 从掩码中提取了 562 个检测框
2026-06-05 16:09:46 [INFO] 计算出的车框矩形边界: (1095, 661) to (3278, 1641)
2026-06-05 16:09:46 [INFO] 原始检测数: 562, 过滤后检测数: 248
2026-06-05 16:09:46 [INFO] 保存分割和检测结果到: C:\code\show\Scrap_Steel_In_Field\photos\segmentation\segment_20260605_160946.jpg
2026-06-05 16:09:46 [INFO] JSON结果保存到: C:\code\show\Scrap_Steel_In_Field\photos\segmentation_result.json
2026-06-05 16:09:46 [INFO] 类别统计：{0: 58, 1: 50, 2: 24, 3: 9, 4: 40, 5: 34, 6: 37, 7: 34, 8: 61, 9: 59, 10: 36, 11: 18, 12: 25, 13: 49, 14: 0, 15: 28}
2026-06-05 16:09:46 [INFO] 面积统计：{0: 3134196.0, 1: 809820.0, 2: 55008.0, 3: 152676.0, 4: 153756.0, 5: 101880.0, 6: 551304.0, 7: 54108.0, 8: 1020600.0, 9: 357588.0, 10: 168120.0, 11: 365724.0, 12: 57888.0, 13: 656136.0, 14: 108.0, 15: 88776.0}
2026-06-05 16:09:46 [INFO] 分割成功
2026-06-05 16:09:46 [INFO] 引擎上下文已释放
2026-06-05 16:09:46 [INFO] TensorRT 引擎已释放
2026-06-05 16:09:46 [INFO] 全局 CUDA 资源已释放
2026-06-05 16:09:46 [INFO] 分割系统资源已释放
2026-06-05 16:09:50 [INFO] CUDA 初始化成功
2026-06-05 16:09:50 [INFO] 引擎加载成功: scrap_steel.engine
2026-06-05 16:09:50 [INFO] 分割系统初始化成功
2026-06-05 16:09:51 [INFO] 图像预处理完成，原始尺寸: (2160, 3840)
2026-06-05 16:09:51 [INFO] 开始执行分割...
2026-06-05 16:09:51 [DEBUG] 处理后的检测结果形状: (1, 8400, 6)
2026-06-05 16:09:51 [DEBUG] 示例检测结果: [[-4.14990997e+00 -3.19411230e+00  3.91121979e+01  1.48346958e+01
   3.59780223e-08  5.00000000e+00]
 [-6.73314285e+00 -3.02602196e+00  4.48189468e+01  2.88471699e+01
   8.68959305e-09  9.00000000e+00]
 [-3.65217972e+00 -3.37836933e+00  4.59660492e+01  2.97567863e+01
   4.05128020e-09  9.00000000e+00]]
2026-06-05 16:09:51 [DEBUG] 处理后检测输出形状: (0, 52)
2026-06-05 16:09:51 [DEBUG] 有效检测数量: 0
2026-06-05 16:09:51 [DEBUG] 检测输出为空
2026-06-05 16:09:51 [INFO] 掩码中检测到的类别: [0, 1, 2, 3, 4, 5, 6, 7, 8, 9, 10, 11, 12, 13, 14, 15]
2026-06-05 16:09:51 [INFO] 分割完成，检测到 0 个物体
2026-06-05 16:09:51 [INFO] 从分割掩码中提取检测结果
2026-06-05 16:09:51 [INFO] 从掩码中提取了 576 个检测框
2026-06-05 16:09:51 [INFO] 计算出的车框矩形边界: (1095, 660) to (3278, 1640)
2026-06-05 16:09:51 [INFO] 原始检测数: 576, 过滤后检测数: 249
2026-06-05 16:09:52 [INFO] 保存分割和检测结果到: C:\code\show\Scrap_Steel_In_Field\photos\segmentation\segment_20260605_160951.jpg
2026-06-05 16:09:52 [INFO] JSON结果保存到: C:\code\show\Scrap_Steel_In_Field\photos\segmentation_result.json
2026-06-05 16:09:52 [INFO] 类别统计：{0: 53, 1: 49, 2: 26, 3: 9, 4: 43, 5: 45, 6: 37, 7: 42, 8: 63, 9: 61, 10: 38, 11: 15, 12: 20, 13: 51, 14: 0, 15: 24}
2026-06-05 16:09:52 [INFO] 面积统计：{0: 3059604.0, 1: 782136.0, 2: 56520.0, 3: 155304.0, 4: 150804.0, 5: 108504.0, 6: 543456.0, 7: 52416.0, 8: 997488.0, 9: 349596.0, 10: 164520.0, 11: 367236.0, 12: 53424.0, 13: 661752.0, 14: 216.0, 15: 67140.0}
2026-06-05 16:09:52 [INFO] 分割成功
2026-06-05 16:09:52 [INFO] 引擎上下文已释放
2026-06-05 16:09:52 [INFO] TensorRT 引擎已释放
2026-06-05 16:09:52 [INFO] 全局 CUDA 资源已释放
2026-06-05 16:09:52 [INFO] 分割系统资源已释放
2026-06-05 16:09:56 [INFO] CUDA 初始化成功
2026-06-05 16:09:56 [INFO] 引擎加载成功: scrap_steel.engine
2026-06-05 16:09:56 [INFO] 分割系统初始化成功
2026-06-05 16:09:56 [INFO] 图像预处理完成，原始尺寸: (2160, 3840)
2026-06-05 16:09:56 [INFO] 开始执行分割...
2026-06-05 16:09:56 [DEBUG] 处理后的检测结果形状: (1, 8400, 6)
2026-06-05 16:09:56 [DEBUG] 示例检测结果: [[-4.18695068e+00 -3.19556999e+00  3.90277481e+01  1.47456379e+01
   3.48801308e-08  5.00000000e+00]
 [-6.75202560e+00 -3.03400612e+00  4.45775909e+01  2.87019348e+01
   8.47193515e-09  9.00000000e+00]
 [-3.65768433e+00 -3.40653992e+00  4.58537827e+01  2.95762329e+01
   3.89256627e-09  9.00000000e+00]]
2026-06-05 16:09:56 [DEBUG] 处理后检测输出形状: (0, 52)
2026-06-05 16:09:56 [DEBUG] 有效检测数量: 0
2026-06-05 16:09:56 [DEBUG] 检测输出为空
2026-06-05 16:09:56 [INFO] 掩码中检测到的类别: [0, 1, 2, 3, 4, 5, 6, 7, 8, 9, 10, 11, 12, 13, 14, 15]
2026-06-05 16:09:56 [INFO] 分割完成，检测到 0 个物体
2026-06-05 16:09:56 [INFO] 从分割掩码中提取检测结果
2026-06-05 16:09:56 [INFO] 从掩码中提取了 577 个检测框
2026-06-05 16:09:56 [INFO] 计算出的车框矩形边界: (1097, 660) to (3278, 1641)
2026-06-05 16:09:56 [INFO] 原始检测数: 577, 过滤后检测数: 251
2026-06-05 16:09:57 [INFO] 保存分割和检测结果到: C:\code\show\Scrap_Steel_In_Field\photos\segmentation\segment_20260605_160956.jpg
2026-06-05 16:09:57 [INFO] JSON结果保存到: C:\code\show\Scrap_Steel_In_Field\photos\segmentation_result.json
2026-06-05 16:09:57 [INFO] 类别统计：{0: 62, 1: 52, 2: 30, 3: 8, 4: 37, 5: 40, 6: 38, 7: 39, 8: 63, 9: 57, 10: 32, 11: 15, 12: 23, 13: 56, 14: 0, 15: 25}
2026-06-05 16:09:57 [INFO] 面积统计：{0: 3065148.0, 1: 805248.0, 2: 59004.0, 3: 156456.0, 4: 164592.0, 5: 102492.0, 6: 530604.0, 7: 52056.0, 8: 1011060.0, 9: 353808.0, 10: 159192.0, 11: 372780.0, 12: 57384.0, 13: 653256.0, 14: 144.0, 15: 73620.0}
2026-06-05 16:09:57 [INFO] 分割成功
2026-06-05 16:09:57 [INFO] 引擎上下文已释放
2026-06-05 16:09:57 [INFO] TensorRT 引擎已释放
2026-06-05 16:09:57 [INFO] 全局 CUDA 资源已释放
2026-06-05 16:09:57 [INFO] 分割系统资源已释放
2026-06-05 16:10:01 [INFO] CUDA 初始化成功
2026-06-05 16:10:01 [INFO] 引擎加载成功: scrap_steel.engine
2026-06-05 16:10:01 [INFO] 分割系统初始化成功
2026-06-05 16:10:01 [INFO] 图像预处理完成，原始尺寸: (2160, 3840)
2026-06-05 16:10:01 [INFO] 开始执行分割...
2026-06-05 16:10:01 [DEBUG] 处理后的检测结果形状: (1, 8400, 6)
2026-06-05 16:10:01 [DEBUG] 示例检测结果: [[-4.18537903e+00 -3.18240356e+00  3.89890823e+01  1.47073689e+01
   3.46082949e-08  5.00000000e+00]
 [-6.80300903e+00 -3.02459526e+00  4.47057076e+01  2.87089939e+01
   8.34009217e-09  9.00000000e+00]
 [-3.66920853e+00 -3.39013100e+00  4.58958473e+01  2.95699596e+01
   3.89256627e-09  9.00000000e+00]]
2026-06-05 16:10:01 [DEBUG] 处理后检测输出形状: (0, 52)
2026-06-05 16:10:01 [DEBUG] 有效检测数量: 0
2026-06-05 16:10:01 [DEBUG] 检测输出为空
2026-06-05 16:10:01 [INFO] 掩码中检测到的类别: [0, 1, 2, 3, 4, 5, 6, 7, 8, 9, 10, 11, 12, 13, 14, 15]
2026-06-05 16:10:01 [INFO] 分割完成，检测到 0 个物体
2026-06-05 16:10:01 [INFO] 从分割掩码中提取检测结果
2026-06-05 16:10:01 [INFO] 从掩码中提取了 575 个检测框
2026-06-05 16:10:01 [INFO] 计算出的车框矩形边界: (1095, 659) to (3278, 1641)
2026-06-05 16:10:01 [INFO] 原始检测数: 575, 过滤后检测数: 250
2026-06-05 16:10:02 [INFO] 保存分割和检测结果到: C:\code\show\Scrap_Steel_In_Field\photos\segmentation\segment_20260605_161001.jpg
2026-06-05 16:10:02 [INFO] JSON结果保存到: C:\code\show\Scrap_Steel_In_Field\photos\segmentation_result.json
2026-06-05 16:10:02 [INFO] 类别统计：{0: 56, 1: 49, 2: 29, 3: 11, 4: 45, 5: 39, 6: 35, 7: 38, 8: 63, 9: 52, 10: 34, 11: 21, 12: 24, 13: 52, 14: 0, 15: 27}
2026-06-05 16:10:02 [INFO] 面积统计：{0: 3204864.0, 1: 797580.0, 2: 55008.0, 3: 158688.0, 4: 154872.0, 5: 108720.0, 6: 524880.0, 7: 47088.0, 8: 1038420.0, 9: 344088.0, 10: 159264.0, 11: 369972.0, 12: 57672.0, 13: 642384.0, 14: 180.0, 15: 94068.0}
2026-06-05 16:10:02 [INFO] 分割成功
2026-06-05 16:10:02 [INFO] 引擎上下文已释放
2026-06-05 16:10:02 [INFO] TensorRT 引擎已释放
2026-06-05 16:10:02 [INFO] 全局 CUDA 资源已释放
2026-06-05 16:10:02 [INFO] 分割系统资源已释放
2026-06-05 16:10:06 [INFO] CUDA 初始化成功
2026-06-05 16:10:06 [INFO] 引擎加载成功: scrap_steel.engine
2026-06-05 16:10:06 [INFO] 分割系统初始化成功
2026-06-05 16:10:06 [INFO] 图像预处理完成，原始尺寸: (2160, 3840)
2026-06-05 16:10:06 [INFO] 开始执行分割...
2026-06-05 16:10:06 [DEBUG] 处理后的检测结果形状: (1, 8400, 6)
2026-06-05 16:10:06 [DEBUG] 示例检测结果: [[-4.18579102e+00 -3.19393969e+00  3.89983521e+01  1.47605553e+01
   3.54253302e-08  5.00000000e+00]
 [-6.74922180e+00 -3.02680969e+00  4.47270699e+01  2.86481056e+01
   8.52706705e-09  9.00000000e+00]
 [-3.65964127e+00 -3.38240623e+00  4.58990707e+01  2.94443035e+01
   3.92304855e-09  9.00000000e+00]]
2026-06-05 16:10:06 [DEBUG] 处理后检测输出形状: (0, 52)
2026-06-05 16:10:06 [DEBUG] 有效检测数量: 0
2026-06-05 16:10:06 [DEBUG] 检测输出为空
2026-06-05 16:10:06 [INFO] 掩码中检测到的类别: [0, 1, 2, 3, 4, 5, 6, 7, 8, 9, 10, 11, 12, 13, 14, 15]
2026-06-05 16:10:06 [INFO] 分割完成，检测到 0 个物体
2026-06-05 16:10:06 [INFO] 从分割掩码中提取检测结果
2026-06-05 16:10:07 [INFO] 从掩码中提取了 566 个检测框
2026-06-05 16:10:07 [INFO] 计算出的车框矩形边界: (1095, 659) to (3278, 1641)
2026-06-05 16:10:07 [INFO] 原始检测数: 566, 过滤后检测数: 253
2026-06-05 16:10:07 [INFO] 保存分割和检测结果到: C:\code\show\Scrap_Steel_In_Field\photos\segmentation\segment_20260605_161007.jpg
2026-06-05 16:10:07 [INFO] JSON结果保存到: C:\code\show\Scrap_Steel_In_Field\photos\segmentation_result.json
2026-06-05 16:10:07 [INFO] 类别统计：{0: 55, 1: 50, 2: 29, 3: 13, 4: 38, 5: 37, 6: 38, 7: 34, 8: 62, 9: 60, 10: 36, 11: 15, 12: 22, 13: 49, 14: 0, 15: 28}
2026-06-05 16:10:07 [INFO] 面积统计：{0: 3092076.0, 1: 766692.0, 2: 60372.0, 3: 151200.0, 4: 153288.0, 5: 104148.0, 6: 553644.0, 7: 51012.0, 8: 1037268.0, 9: 324756.0, 10: 165564.0, 11: 385344.0, 12: 54108.0, 13: 637488.0, 14: 144.0, 15: 81360.0}
2026-06-05 16:10:07 [INFO] 分割成功
2026-06-05 16:10:07 [INFO] 引擎上下文已释放
2026-06-05 16:10:07 [INFO] TensorRT 引擎已释放
2026-06-05 16:10:07 [INFO] 全局 CUDA 资源已释放
2026-06-05 16:10:07 [INFO] 分割系统资源已释放
2026-06-05 16:10:11 [INFO] CUDA 初始化成功
2026-06-05 16:10:11 [INFO] 引擎加载成功: scrap_steel.engine
2026-06-05 16:10:11 [INFO] 分割系统初始化成功
2026-06-05 16:10:11 [INFO] 图像预处理完成，原始尺寸: (2160, 3840)
2026-06-05 16:10:11 [INFO] 开始执行分割...
2026-06-05 16:10:11 [DEBUG] 处理后的检测结果形状: (1, 8400, 6)
2026-06-05 16:10:11 [DEBUG] 示例检测结果: [[-4.15276718e+00 -3.15923023e+00  3.90671349e+01  1.46281729e+01
   3.58375551e-08  5.00000000e+00]
 [-6.70744324e+00 -2.98953438e+00  4.48067780e+01  2.86611919e+01
   8.72347794e-09  9.00000000e+00]
 [-3.65835953e+00 -3.37983799e+00  4.59590302e+01  2.96235847e+01
   4.00403621e-09  9.00000000e+00]]
2026-06-05 16:10:11 [DEBUG] 处理后检测输出形状: (0, 52)
2026-06-05 16:10:11 [DEBUG] 有效检测数量: 0
2026-06-05 16:10:11 [DEBUG] 检测输出为空
2026-06-05 16:10:11 [INFO] 掩码中检测到的类别: [0, 1, 2, 3, 4, 5, 6, 7, 8, 9, 10, 11, 12, 13, 14, 15]
2026-06-05 16:10:11 [INFO] 分割完成，检测到 0 个物体
2026-06-05 16:10:11 [INFO] 从分割掩码中提取检测结果
2026-06-05 16:10:12 [INFO] 从掩码中提取了 586 个检测框
2026-06-05 16:10:12 [INFO] 计算出的车框矩形边界: (1095, 660) to (3278, 1641)
2026-06-05 16:10:12 [INFO] 原始检测数: 586, 过滤后检测数: 249
2026-06-05 16:10:13 [INFO] 保存分割和检测结果到: C:\code\show\Scrap_Steel_In_Field\photos\segmentation\segment_20260605_161012.jpg
2026-06-05 16:10:13 [INFO] JSON结果保存到: C:\code\show\Scrap_Steel_In_Field\photos\segmentation_result.json
2026-06-05 16:10:13 [INFO] 类别统计：{0: 54, 1: 54, 2: 28, 3: 8, 4: 47, 5: 37, 6: 37, 7: 43, 8: 66, 9: 59, 10: 34, 11: 19, 12: 24, 13: 50, 14: 0, 15: 26}
2026-06-05 16:10:13 [INFO] 面积统计：{0: 2976372.0, 1: 797472.0, 2: 55116.0, 3: 160092.0, 4: 154332.0, 5: 104652.0, 6: 569016.0, 7: 43344.0, 8: 1035936.0, 9: 335304.0, 10: 169776.0, 11: 378216.0, 12: 46440.0, 13: 645264.0, 14: 144.0, 15: 73944.0}
2026-06-05 16:10:13 [INFO] 分割成功
2026-06-05 16:10:13 [INFO] 引擎上下文已释放
2026-06-05 16:10:13 [INFO] TensorRT 引擎已释放
2026-06-05 16:10:13 [INFO] 全局 CUDA 资源已释放
2026-06-05 16:10:13 [INFO] 分割系统资源已释放
2026-06-05 16:10:16 [INFO] CUDA 初始化成功
2026-06-05 16:10:16 [INFO] 引擎加载成功: scrap_steel.engine
2026-06-05 16:10:17 [INFO] 分割系统初始化成功
2026-06-05 16:10:17 [INFO] 图像预处理完成，原始尺寸: (2160, 3840)
2026-06-05 16:10:17 [INFO] 开始执行分割...
2026-06-05 16:10:17 [DEBUG] 处理后的检测结果形状: (1, 8400, 6)
2026-06-05 16:10:17 [DEBUG] 示例检测结果: [[-4.13701630e+00 -3.17366648e+00  3.90065994e+01  1.46473179e+01
   3.51497711e-08  5.00000000e+00]
 [-6.70962143e+00 -2.99090004e+00  4.47338066e+01  2.85126133e+01
   8.56044835e-09  9.00000000e+00]
 [-3.67481995e+00 -3.36680794e+00  4.59086266e+01  2.94754238e+01
   3.90791399e-09  9.00000000e+00]]
2026-06-05 16:10:17 [DEBUG] 处理后检测输出形状: (0, 52)
2026-06-05 16:10:17 [DEBUG] 有效检测数量: 0
2026-06-05 16:10:17 [DEBUG] 检测输出为空
2026-06-05 16:10:17 [INFO] 掩码中检测到的类别: [0, 1, 2, 3, 4, 5, 6, 7, 8, 9, 10, 11, 12, 13, 14, 15]
2026-06-05 16:10:17 [INFO] 分割完成，检测到 0 个物体
2026-06-05 16:10:17 [INFO] 从分割掩码中提取检测结果
2026-06-05 16:10:17 [INFO] 从掩码中提取了 562 个检测框
2026-06-05 16:10:17 [INFO] 计算出的车框矩形边界: (1097, 659) to (3278, 1641)
2026-06-05 16:10:17 [INFO] 原始检测数: 562, 过滤后检测数: 257
2026-06-05 16:10:18 [INFO] 保存分割和检测结果到: C:\code\show\Scrap_Steel_In_Field\photos\segmentation\segment_20260605_161017.jpg
2026-06-05 16:10:18 [INFO] JSON结果保存到: C:\code\show\Scrap_Steel_In_Field\photos\segmentation_result.json
2026-06-05 16:10:18 [INFO] 类别统计：{0: 53, 1: 50, 2: 30, 3: 9, 4: 39, 5: 37, 6: 41, 7: 40, 8: 62, 9: 54, 10: 37, 11: 17, 12: 21, 13: 47, 14: 0, 15: 25}
2026-06-05 16:10:18 [INFO] 面积统计：{0: 3095856.0, 1: 758664.0, 2: 51624.0, 3: 154620.0, 4: 154476.0, 5: 100008.0, 6: 534600.0, 7: 46908.0, 8: 1004076.0, 9: 358812.0, 10: 159372.0, 11: 391968.0, 12: 50688.0, 13: 651636.0, 14: 108.0, 15: 84492.0}
2026-06-05 16:10:18 [INFO] 分割成功
2026-06-05 16:10:18 [INFO] 引擎上下文已释放
2026-06-05 16:10:18 [INFO] TensorRT 引擎已释放
2026-06-05 16:10:18 [INFO] 全局 CUDA 资源已释放
2026-06-05 16:10:18 [INFO] 分割系统资源已释放
2026-06-05 16:10:22 [INFO] CUDA 初始化成功
2026-06-05 16:10:22 [INFO] 引擎加载成功: scrap_steel.engine
2026-06-05 16:10:22 [INFO] 分割系统初始化成功
2026-06-05 16:10:22 [INFO] 图像预处理完成，原始尺寸: (2160, 3840)
2026-06-05 16:10:22 [INFO] 开始执行分割...
2026-06-05 16:10:22 [DEBUG] 处理后的检测结果形状: (1, 8400, 6)
2026-06-05 16:10:22 [DEBUG] 示例检测结果: [[-4.18875885e+00 -3.18034649e+00  3.89493713e+01  1.47137651e+01
   3.57041294e-08  5.00000000e+00]
 [-6.82111359e+00 -3.03571510e+00  4.47063179e+01  2.86228848e+01
   8.59382965e-09  9.00000000e+00]
 [-3.69837189e+00 -3.43557167e+00  4.59060364e+01  2.94339466e+01
   3.93839628e-09  9.00000000e+00]]
2026-06-05 16:10:22 [DEBUG] 处理后检测输出形状: (0, 52)
2026-06-05 16:10:22 [DEBUG] 有效检测数量: 0
2026-06-05 16:10:22 [DEBUG] 检测输出为空
2026-06-05 16:10:22 [INFO] 掩码中检测到的类别: [0, 1, 2, 3, 4, 5, 6, 7, 8, 9, 10, 11, 12, 13, 14, 15]
2026-06-05 16:10:22 [INFO] 分割完成，检测到 0 个物体
2026-06-05 16:10:22 [INFO] 从分割掩码中提取检测结果
2026-06-05 16:10:22 [INFO] 从掩码中提取了 569 个检测框
2026-06-05 16:10:22 [INFO] 计算出的车框矩形边界: (1097, 661) to (3278, 1638)
2026-06-05 16:10:22 [INFO] 原始检测数: 569, 过滤后检测数: 251
2026-06-05 16:10:23 [INFO] 保存分割和检测结果到: C:\code\show\Scrap_Steel_In_Field\photos\segmentation\segment_20260605_161022.jpg
2026-06-05 16:10:23 [INFO] JSON结果保存到: C:\code\show\Scrap_Steel_In_Field\photos\segmentation_result.json
2026-06-05 16:10:23 [INFO] 类别统计：{0: 58, 1: 50, 2: 31, 3: 10, 4: 39, 5: 37, 6: 35, 7: 37, 8: 65, 9: 55, 10: 36, 11: 16, 12: 23, 13: 50, 14: 0, 15: 27}
2026-06-05 16:10:23 [INFO] 面积统计：{0: 3054708.0, 1: 790200.0, 2: 53748.0, 3: 158544.0, 4: 154548.0, 5: 96444.0, 6: 552492.0, 7: 53136.0, 8: 1012140.0, 9: 345708.0, 10: 163116.0, 11: 380160.0, 12: 65376.0, 13: 644400.0, 14: 216.0, 15: 69300.0}
2026-06-05 16:10:23 [INFO] 分割成功
2026-06-05 16:10:23 [INFO] 引擎上下文已释放
2026-06-05 16:10:23 [INFO] TensorRT 引擎已释放
2026-06-05 16:10:23 [INFO] 全局 CUDA 资源已释放
2026-06-05 16:10:23 [INFO] 分割系统资源已释放
2026-06-05 16:10:27 [INFO] CUDA 初始化成功
2026-06-05 16:10:27 [INFO] 引擎加载成功: scrap_steel.engine
2026-06-05 16:10:27 [INFO] 分割系统初始化成功
2026-06-05 16:10:27 [INFO] 图像预处理完成，原始尺寸: (2160, 3840)
2026-06-05 16:10:27 [INFO] 开始执行分割...
2026-06-05 16:10:28 [DEBUG] 处理后的检测结果形状: (1, 8400, 6)
2026-06-05 16:10:28 [DEBUG] 示例检测结果: [[-4.20246887e+00 -3.19344521e+00  3.90698776e+01  1.48166389e+01
   3.57041294e-08  5.00000000e+00]
 [-6.78059769e+00 -3.01169205e+00  4.47170944e+01  2.87227592e+01
   8.46030446e-09  9.00000000e+00]
 [-3.65605545e+00 -3.40300941e+00  4.59280396e+01  2.95876827e+01
   3.95574062e-09  9.00000000e+00]]
2026-06-05 16:10:28 [DEBUG] 处理后检测输出形状: (0, 52)
2026-06-05 16:10:28 [DEBUG] 有效检测数量: 0
2026-06-05 16:10:28 [DEBUG] 检测输出为空
2026-06-05 16:10:28 [INFO] 掩码中检测到的类别: [0, 1, 2, 3, 4, 5, 6, 7, 8, 9, 10, 11, 12, 13, 14, 15]
2026-06-05 16:10:28 [INFO] 分割完成，检测到 0 个物体
2026-06-05 16:10:28 [INFO] 从分割掩码中提取检测结果
2026-06-05 16:10:28 [INFO] 从掩码中提取了 551 个检测框
2026-06-05 16:10:28 [INFO] 计算出的车框矩形边界: (1095, 658) to (3278, 1641)
2026-06-05 16:10:28 [INFO] 原始检测数: 551, 过滤后检测数: 240
2026-06-05 16:10:28 [INFO] 保存分割和检测结果到: C:\code\show\Scrap_Steel_In_Field\photos\segmentation\segment_20260605_161028.jpg
2026-06-05 16:10:28 [INFO] JSON结果保存到: C:\code\show\Scrap_Steel_In_Field\photos\segmentation_result.json
2026-06-05 16:10:28 [INFO] 类别统计：{0: 61, 1: 58, 2: 29, 3: 11, 4: 37, 5: 26, 6: 38, 7: 37, 8: 54, 9: 57, 10: 36, 11: 17, 12: 19, 13: 40, 14: 0, 15: 31}
2026-06-05 16:10:28 [INFO] 面积统计：{0: 3005064.0, 1: 808704.0, 2: 53712.0, 3: 151488.0, 4: 180108.0, 5: 105552.0, 6: 549900.0, 7: 45540.0, 8: 1037340.0, 9: 329868.0, 10: 164448.0, 11: 386640.0, 12: 66780.0, 13: 644652.0, 14: 108.0, 15: 80244.0}
2026-06-05 16:10:28 [INFO] 分割成功
2026-06-05 16:10:28 [INFO] 引擎上下文已释放
2026-06-05 16:10:28 [INFO] TensorRT 引擎已释放
2026-06-05 16:10:29 [INFO] 全局 CUDA 资源已释放
2026-06-05 16:10:29 [INFO] 分割系统资源已释放
2026-06-05 16:10:32 [INFO] CUDA 初始化成功
2026-06-05 16:10:32 [INFO] 引擎加载成功: scrap_steel.engine
2026-06-05 16:10:32 [INFO] 分割系统初始化成功
2026-06-05 16:10:32 [INFO] 图像预处理完成，原始尺寸: (2160, 3840)
2026-06-05 16:10:32 [INFO] 开始执行分割...
2026-06-05 16:10:32 [DEBUG] 处理后的检测结果形状: (1, 8400, 6)
2026-06-05 16:10:32 [DEBUG] 示例检测结果: [[-4.19869614e+00 -3.20277023e+00  3.91446114e+01  1.48493137e+01
   3.57041294e-08  5.00000000e+00]
 [-6.79891205e+00 -3.03544044e+00  4.47715225e+01  2.88555279e+01
   8.53323812e-09  9.00000000e+00]
 [-3.68833160e+00 -3.45788288e+00  4.59614563e+01  2.97041321e+01
   3.90995858e-09  9.00000000e+00]]
2026-06-05 16:10:32 [DEBUG] 处理后检测输出形状: (0, 52)
2026-06-05 16:10:32 [DEBUG] 有效检测数量: 0
2026-06-05 16:10:32 [DEBUG] 检测输出为空
2026-06-05 16:10:32 [INFO] 掩码中检测到的类别: [0, 1, 2, 3, 4, 5, 6, 7, 8, 9, 10, 11, 12, 13, 14, 15]
2026-06-05 16:10:32 [INFO] 分割完成，检测到 0 个物体
2026-06-05 16:10:32 [INFO] 从分割掩码中提取检测结果
2026-06-05 16:10:33 [INFO] 从掩码中提取了 570 个检测框
2026-06-05 16:10:33 [INFO] 计算出的车框矩形边界: (1095, 659) to (3278, 1641)
2026-06-05 16:10:33 [INFO] 原始检测数: 570, 过滤后检测数: 243
2026-06-05 16:10:33 [INFO] 保存分割和检测结果到: C:\code\show\Scrap_Steel_In_Field\photos\segmentation\segment_20260605_161033.jpg
2026-06-05 16:10:33 [INFO] JSON结果保存到: C:\code\show\Scrap_Steel_In_Field\photos\segmentation_result.json
2026-06-05 16:10:33 [INFO] 类别统计：{0: 48, 1: 54, 2: 29, 3: 10, 4: 40, 5: 35, 6: 35, 7: 37, 8: 67, 9: 60, 10: 37, 11: 16, 12: 23, 13: 54, 14: 0, 15: 25}
2026-06-05 16:10:33 [INFO] 面积统计：{0: 3079908.0, 1: 775692.0, 2: 58212.0, 3: 155232.0, 4: 153432.0, 5: 106128.0, 6: 555012.0, 7: 47232.0, 8: 1007748.0, 9: 346140.0, 10: 170604.0, 11: 362088.0, 12: 46260.0, 13: 654660.0, 14: 144.0, 15: 63612.0}
2026-06-05 16:10:33 [INFO] 分割成功
2026-06-05 16:10:33 [INFO] 引擎上下文已释放
2026-06-05 16:10:33 [INFO] TensorRT 引擎已释放
2026-06-05 16:10:33 [INFO] 全局 CUDA 资源已释放
2026-06-05 16:10:33 [INFO] 分割系统资源已释放
2026-06-05 16:10:37 [INFO] CUDA 初始化成功
2026-06-05 16:10:37 [INFO] 引擎加载成功: scrap_steel.engine
2026-06-05 16:10:37 [INFO] 分割系统初始化成功
2026-06-05 16:10:37 [INFO] 图像预处理完成，原始尺寸: (2160, 3840)
2026-06-05 16:10:37 [INFO] 开始执行分割...
2026-06-05 16:10:37 [DEBUG] 处理后的检测结果形状: (1, 8400, 6)
2026-06-05 16:10:37 [DEBUG] 示例检测结果: [[-4.15195084e+00 -3.19273090e+00  3.89540329e+01  1.47348928e+01
   3.47654883e-08  5.00000000e+00]
 [-6.73704147e+00 -3.03880310e+00  4.47392464e+01  2.87426186e+01
   8.30019875e-09  9.00000000e+00]
 [-3.65057755e+00 -3.40744209e+00  4.59227219e+01  2.96387882e+01
   3.90791399e-09  9.00000000e+00]]
2026-06-05 16:10:37 [DEBUG] 处理后检测输出形状: (0, 52)
2026-06-05 16:10:37 [DEBUG] 有效检测数量: 0
2026-06-05 16:10:37 [DEBUG] 检测输出为空
2026-06-05 16:10:37 [INFO] 掩码中检测到的类别: [0, 1, 2, 3, 4, 5, 6, 7, 8, 9, 10, 11, 12, 13, 14, 15]
2026-06-05 16:10:37 [INFO] 分割完成，检测到 0 个物体
2026-06-05 16:10:37 [INFO] 从分割掩码中提取检测结果
2026-06-05 16:10:38 [INFO] 从掩码中提取了 568 个检测框
2026-06-05 16:10:38 [INFO] 计算出的车框矩形边界: (1095, 659) to (3278, 1640)
2026-06-05 16:10:38 [INFO] 原始检测数: 568, 过滤后检测数: 249
2026-06-05 16:10:38 [INFO] 保存分割和检测结果到: C:\code\show\Scrap_Steel_In_Field\photos\segmentation\segment_20260605_161038.jpg
2026-06-05 16:10:38 [INFO] JSON结果保存到: C:\code\show\Scrap_Steel_In_Field\photos\segmentation_result.json
2026-06-05 16:10:38 [INFO] 类别统计：{0: 54, 1: 59, 2: 28, 3: 10, 4: 36, 5: 39, 6: 39, 7: 37, 8: 57, 9: 54, 10: 34, 11: 18, 12: 29, 13: 45, 14: 0, 15: 29}
2026-06-05 16:10:38 [INFO] 面积统计：{0: 3177936.0, 1: 792792.0, 2: 57672.0, 3: 157140.0, 4: 151344.0, 5: 105552.0, 6: 523908.0, 7: 55836.0, 8: 986328.0, 9: 344556.0, 10: 166284.0, 11: 383832.0, 12: 66024.0, 13: 654804.0, 14: 108.0, 15: 89712.0}
2026-06-05 16:10:38 [INFO] 分割成功
2026-06-05 16:10:38 [INFO] 引擎上下文已释放
2026-06-05 16:10:38 [INFO] TensorRT 引擎已释放
2026-06-05 16:10:38 [INFO] 全局 CUDA 资源已释放
2026-06-05 16:10:38 [INFO] 分割系统资源已释放
2026-06-05 16:10:43 [INFO] CUDA 初始化成功
2026-06-05 16:10:43 [INFO] 引擎加载成功: scrap_steel.engine
2026-06-05 16:10:43 [INFO] 分割系统初始化成功
2026-06-05 16:10:43 [INFO] 图像预处理完成，原始尺寸: (2160, 3840)
2026-06-05 16:10:43 [INFO] 开始执行分割...
2026-06-05 16:10:43 [DEBUG] 处理后的检测结果形状: (1, 8400, 6)
2026-06-05 16:10:43 [DEBUG] 示例检测结果: [[-4.18101501e+00 -3.19232893e+00  3.90642471e+01  1.48164825e+01
   3.55647281e-08  5.00000000e+00]
 [-6.76559448e+00 -3.02397919e+00  4.47271881e+01  2.88110657e+01
   8.59382965e-09  9.00000000e+00]
 [-3.65238953e+00 -3.38001633e+00  4.59458313e+01  2.96189995e+01
   3.95353084e-09  9.00000000e+00]]
2026-06-05 16:10:43 [DEBUG] 处理后检测输出形状: (0, 52)
2026-06-05 16:10:43 [DEBUG] 有效检测数量: 0
2026-06-05 16:10:43 [DEBUG] 检测输出为空
2026-06-05 16:10:43 [INFO] 掩码中检测到的类别: [0, 1, 2, 3, 4, 5, 6, 7, 8, 9, 10, 11, 12, 13, 14, 15]
2026-06-05 16:10:43 [INFO] 分割完成，检测到 0 个物体
2026-06-05 16:10:43 [INFO] 从分割掩码中提取检测结果
2026-06-05 16:10:44 [INFO] 从掩码中提取了 547 个检测框
2026-06-05 16:10:44 [INFO] 计算出的车框矩形边界: (1094, 660) to (3278, 1641)
2026-06-05 16:10:44 [INFO] 原始检测数: 547, 过滤后检测数: 249
2026-06-05 16:10:44 [INFO] 保存分割和检测结果到: C:\code\show\Scrap_Steel_In_Field\photos\segmentation\segment_20260605_161044.jpg
2026-06-05 16:10:44 [INFO] JSON结果保存到: C:\code\show\Scrap_Steel_In_Field\photos\segmentation_result.json
2026-06-05 16:10:44 [INFO] 类别统计：{0: 62, 1: 49, 2: 29, 3: 11, 4: 33, 5: 36, 6: 36, 7: 28, 8: 57, 9: 55, 10: 33, 11: 16, 12: 25, 13: 50, 14: 0, 15: 27}
2026-06-05 16:10:44 [INFO] 面积统计：{0: 3152412.0, 1: 798084.0, 2: 54828.0, 3: 154908.0, 4: 155628.0, 5: 105768.0, 6: 538056.0, 7: 41508.0, 8: 996804.0, 9: 360360.0, 10: 166968.0, 11: 367056.0, 12: 66600.0, 13: 661428.0, 14: 108.0, 15: 100620.0}
2026-06-05 16:10:44 [INFO] 分割成功
2026-06-05 16:10:44 [INFO] 引擎上下文已释放
2026-06-05 16:10:44 [INFO] TensorRT 引擎已释放
2026-06-05 16:10:44 [INFO] 全局 CUDA 资源已释放
2026-06-05 16:10:44 [INFO] 分割系统资源已释放
2026-06-05 16:10:48 [INFO] CUDA 初始化成功
2026-06-05 16:10:48 [INFO] 引擎加载成功: scrap_steel.engine
2026-06-05 16:10:48 [INFO] 分割系统初始化成功
2026-06-05 16:10:48 [INFO] 图像预处理完成，原始尺寸: (2160, 3840)
2026-06-05 16:10:48 [INFO] 开始执行分割...
2026-06-05 16:10:48 [DEBUG] 处理后的检测结果形状: (1, 8400, 6)
2026-06-05 16:10:48 [DEBUG] 示例检测结果: [[-4.18892670e+00 -3.19439507e+00  3.91388283e+01  1.47612648e+01
   3.54253302e-08  5.00000000e+00]
 [-6.75987625e+00 -3.02450371e+00  4.47201500e+01  2.87403774e+01
   8.49998472e-09  9.00000000e+00]
 [-3.67003632e+00 -3.40641403e+00  4.59179840e+01  2.95941963e+01
   3.90995858e-09  9.00000000e+00]]
2026-06-05 16:10:48 [DEBUG] 处理后检测输出形状: (0, 52)
2026-06-05 16:10:48 [DEBUG] 有效检测数量: 0
2026-06-05 16:10:48 [DEBUG] 检测输出为空
2026-06-05 16:10:48 [INFO] 掩码中检测到的类别: [0, 1, 2, 3, 4, 5, 6, 7, 8, 9, 10, 11, 12, 13, 14, 15]
2026-06-05 16:10:48 [INFO] 分割完成，检测到 0 个物体
2026-06-05 16:10:48 [INFO] 从分割掩码中提取检测结果
2026-06-05 16:10:48 [INFO] 从掩码中提取了 556 个检测框
2026-06-05 16:10:48 [INFO] 计算出的车框矩形边界: (1097, 659) to (3276, 1641)
2026-06-05 16:10:48 [INFO] 原始检测数: 556, 过滤后检测数: 255
2026-06-05 16:10:49 [INFO] 保存分割和检测结果到: C:\code\show\Scrap_Steel_In_Field\photos\segmentation\segment_20260605_161048.jpg
2026-06-05 16:10:49 [INFO] JSON结果保存到: C:\code\show\Scrap_Steel_In_Field\photos\segmentation_result.json
2026-06-05 16:10:49 [INFO] 类别统计：{0: 47, 1: 52, 2: 25, 3: 12, 4: 37, 5: 32, 6: 37, 7: 36, 8: 60, 9: 61, 10: 36, 11: 20, 12: 24, 13: 50, 14: 0, 15: 27}
2026-06-05 16:10:49 [INFO] 面积统计：{0: 3053124.0, 1: 783972.0, 2: 57312.0, 3: 153972.0, 4: 157428.0, 5: 98784.0, 6: 523080.0, 7: 51120.0, 8: 1016028.0, 9: 344160.0, 10: 164268.0, 11: 355824.0, 12: 70776.0, 13: 664704.0, 14: 72.0, 15: 92628.0}
2026-06-05 16:10:49 [INFO] 分割成功
2026-06-05 16:10:49 [INFO] 引擎上下文已释放
2026-06-05 16:10:49 [INFO] TensorRT 引擎已释放
2026-06-05 16:10:49 [INFO] 全局 CUDA 资源已释放
2026-06-05 16:10:49 [INFO] 分割系统资源已释放
2026-06-05 16:10:53 [INFO] CUDA 初始化成功
2026-06-05 16:10:53 [INFO] 引擎加载成功: scrap_steel.engine
2026-06-05 16:10:53 [INFO] 分割系统初始化成功
2026-06-05 16:10:53 [INFO] 图像预处理完成，原始尺寸: (2160, 3840)
2026-06-05 16:10:53 [INFO] 开始执行分割...
2026-06-05 16:10:53 [DEBUG] 处理后的检测结果形状: (1, 8400, 6)
2026-06-05 16:10:53 [DEBUG] 示例检测结果: [[-4.15444565e+00 -3.20738792e+00  3.90803223e+01  1.48695812e+01
   3.52875489e-08  5.00000000e+00]
 [-6.72300339e+00 -3.05055809e+00  4.46693878e+01  2.87803993e+01
   8.52706705e-09  9.00000000e+00]
 [-3.64869308e+00 -3.43552399e+00  4.59048767e+01  2.96586075e+01
   3.90670252e-09  9.00000000e+00]]
2026-06-05 16:10:53 [DEBUG] 处理后检测输出形状: (0, 52)
2026-06-05 16:10:53 [DEBUG] 有效检测数量: 0
2026-06-05 16:10:53 [DEBUG] 检测输出为空
2026-06-05 16:10:53 [INFO] 掩码中检测到的类别: [0, 1, 2, 3, 4, 5, 6, 7, 8, 9, 10, 11, 12, 13, 14, 15]
2026-06-05 16:10:53 [INFO] 分割完成，检测到 0 个物体
2026-06-05 16:10:53 [INFO] 从分割掩码中提取检测结果
2026-06-05 16:10:53 [INFO] 从掩码中提取了 591 个检测框
2026-06-05 16:10:53 [INFO] 计算出的车框矩形边界: (1095, 660) to (3278, 1641)
2026-06-05 16:10:53 [INFO] 原始检测数: 591, 过滤后检测数: 257
2026-06-05 16:10:54 [INFO] 保存分割和检测结果到: C:\code\show\Scrap_Steel_In_Field\photos\segmentation\segment_20260605_161053.jpg
2026-06-05 16:10:54 [INFO] JSON结果保存到: C:\code\show\Scrap_Steel_In_Field\photos\segmentation_result.json
2026-06-05 16:10:54 [INFO] 类别统计：{0: 59, 1: 51, 2: 30, 3: 13, 4: 42, 5: 41, 6: 31, 7: 36, 8: 63, 9: 64, 10: 34, 11: 20, 12: 22, 13: 57, 14: 0, 15: 28}
2026-06-05 16:10:54 [INFO] 面积统计：{0: 3175920.0, 1: 793800.0, 2: 55440.0, 3: 160236.0, 4: 149040.0, 5: 100332.0, 6: 571176.0, 7: 51732.0, 8: 1013544.0, 9: 350856.0, 10: 166824.0, 11: 368784.0, 12: 48492.0, 13: 661176.0, 14: 108.0, 15: 80064.0}
2026-06-05 16:10:54 [INFO] 分割成功
2026-06-05 16:10:54 [INFO] 引擎上下文已释放
2026-06-05 16:10:54 [INFO] TensorRT 引擎已释放
2026-06-05 16:10:54 [INFO] 全局 CUDA 资源已释放
2026-06-05 16:10:54 [INFO] 分割系统资源已释放
2026-06-05 16:10:58 [INFO] CUDA 初始化成功
2026-06-05 16:10:58 [INFO] 引擎加载成功: scrap_steel.engine
2026-06-05 16:10:58 [INFO] 分割系统初始化成功
2026-06-05 16:10:58 [INFO] 图像预处理完成，原始尺寸: (2160, 3840)
2026-06-05 16:10:58 [INFO] 开始执行分割...
2026-06-05 16:10:58 [DEBUG] 处理后的检测结果形状: (1, 8400, 6)
2026-06-05 16:10:58 [DEBUG] 示例检测结果: [[-4.17065430e+00 -3.19234943e+00  3.91882477e+01  1.47673903e+01
   3.62519188e-08  5.00000000e+00]
 [-6.75527191e+00 -3.03586197e+00  4.47500343e+01  2.87696476e+01
   8.52100523e-09  9.00000000e+00]
 [-3.66483307e+00 -3.43114662e+00  4.59392700e+01  2.96574726e+01
   3.89469790e-09  9.00000000e+00]]
2026-06-05 16:10:58 [DEBUG] 处理后检测输出形状: (0, 52)
2026-06-05 16:10:58 [DEBUG] 有效检测数量: 0
2026-06-05 16:10:58 [DEBUG] 检测输出为空
2026-06-05 16:10:58 [INFO] 掩码中检测到的类别: [0, 1, 2, 3, 4, 5, 6, 7, 8, 9, 10, 11, 12, 13, 14, 15]
2026-06-05 16:10:58 [INFO] 分割完成，检测到 0 个物体
2026-06-05 16:10:58 [INFO] 从分割掩码中提取检测结果
2026-06-05 16:10:59 [INFO] 从掩码中提取了 549 个检测框
2026-06-05 16:10:59 [INFO] 计算出的车框矩形边界: (1095, 660) to (3278, 1641)
2026-06-05 16:10:59 [INFO] 原始检测数: 549, 过滤后检测数: 252
2026-06-05 16:10:59 [INFO] 保存分割和检测结果到: C:\code\show\Scrap_Steel_In_Field\photos\segmentation\segment_20260605_161059.jpg
2026-06-05 16:10:59 [INFO] JSON结果保存到: C:\code\show\Scrap_Steel_In_Field\photos\segmentation_result.json
2026-06-05 16:10:59 [INFO] 类别统计：{0: 52, 1: 49, 2: 30, 3: 10, 4: 40, 5: 34, 6: 33, 7: 35, 8: 62, 9: 51, 10: 34, 11: 20, 12: 19, 13: 50, 14: 0, 15: 30}
2026-06-05 16:10:59 [INFO] 面积统计：{0: 3110904.0, 1: 791280.0, 2: 52524.0, 3: 155844.0, 4: 163296.0, 5: 103464.0, 6: 562932.0, 7: 48960.0, 8: 1039932.0, 9: 324648.0, 10: 157752.0, 11: 371088.0, 12: 46296.0, 13: 648612.0, 14: 72.0, 15: 76356.0}
2026-06-05 16:10:59 [INFO] 分割成功
2026-06-05 16:10:59 [INFO] 引擎上下文已释放
2026-06-05 16:10:59 [INFO] TensorRT 引擎已释放
2026-06-05 16:10:59 [INFO] 全局 CUDA 资源已释放
2026-06-05 16:10:59 [INFO] 分割系统资源已释放
2026-06-05 16:11:03 [INFO] CUDA 初始化成功
2026-06-05 16:11:03 [INFO] 引擎加载成功: scrap_steel.engine
2026-06-05 16:11:03 [INFO] 分割系统初始化成功
2026-06-05 16:11:03 [INFO] 图像预处理完成，原始尺寸: (2160, 3840)
2026-06-05 16:11:03 [INFO] 开始执行分割...
2026-06-05 16:11:03 [DEBUG] 处理后的检测结果形状: (1, 8400, 6)
2026-06-05 16:11:03 [DEBUG] 示例检测结果: [[-4.14992142e+00 -3.17156887e+00  3.92018852e+01  1.46546812e+01
   3.55582515e-08  5.00000000e+00]
 [-6.74323273e+00 -3.00199318e+00  4.48229675e+01  2.87232723e+01
   8.62182326e-09  9.00000000e+00]
 [-3.65707016e+00 -3.38128853e+00  4.59542770e+01  2.96085567e+01
   4.00403621e-09  9.00000000e+00]]
2026-06-05 16:11:03 [DEBUG] 处理后检测输出形状: (0, 52)
2026-06-05 16:11:03 [DEBUG] 有效检测数量: 0
2026-06-05 16:11:03 [DEBUG] 检测输出为空
2026-06-05 16:11:04 [INFO] 掩码中检测到的类别: [0, 1, 2, 3, 4, 5, 6, 7, 8, 9, 10, 11, 12, 13, 14, 15]
2026-06-05 16:11:04 [INFO] 分割完成，检测到 0 个物体
2026-06-05 16:11:04 [INFO] 从分割掩码中提取检测结果
2026-06-05 16:11:04 [INFO] 从掩码中提取了 566 个检测框
2026-06-05 16:11:04 [INFO] 计算出的车框矩形边界: (1095, 661) to (3277, 1641)
2026-06-05 16:11:04 [INFO] 原始检测数: 566, 过滤后检测数: 253
2026-06-05 16:11:04 [INFO] 保存分割和检测结果到: C:\code\show\Scrap_Steel_In_Field\photos\segmentation\segment_20260605_161104.jpg
2026-06-05 16:11:04 [INFO] JSON结果保存到: C:\code\show\Scrap_Steel_In_Field\photos\segmentation_result.json
2026-06-05 16:11:04 [INFO] 类别统计：{0: 55, 1: 52, 2: 26, 3: 10, 4: 36, 5: 33, 6: 42, 7: 36, 8: 57, 9: 57, 10: 37, 11: 20, 12: 24, 13: 51, 14: 0, 15: 30}
2026-06-05 16:11:04 [INFO] 面积统计：{0: 3136284.0, 1: 819972.0, 2: 53748.0, 3: 159372.0, 4: 156348.0, 5: 102492.0, 6: 554220.0, 7: 48996.0, 8: 998172.0, 9: 342756.0, 10: 164232.0, 11: 375012.0, 12: 54504.0, 13: 652392.0, 14: 180.0, 15: 81108.0}
2026-06-05 16:11:04 [INFO] 分割成功
2026-06-05 16:11:04 [INFO] 引擎上下文已释放
2026-06-05 16:11:04 [INFO] TensorRT 引擎已释放
2026-06-05 16:11:04 [INFO] 全局 CUDA 资源已释放
2026-06-05 16:11:04 [INFO] 分割系统资源已释放
2026-06-05 16:11:08 [INFO] CUDA 初始化成功
2026-06-05 16:11:08 [INFO] 引擎加载成功: scrap_steel.engine
2026-06-05 16:11:09 [INFO] 分割系统初始化成功
2026-06-05 16:11:09 [INFO] 图像预处理完成，原始尺寸: (2160, 3840)
2026-06-05 16:11:09 [INFO] 开始执行分割...
2026-06-05 16:11:09 [DEBUG] 处理后的检测结果形状: (1, 8400, 6)
2026-06-05 16:11:09 [DEBUG] 示例检测结果: [[-4.18054581e+00 -3.18996239e+00  3.91255493e+01  1.48158226e+01
   3.58375551e-08  5.00000000e+00]
 [-6.74216080e+00 -3.01233482e+00  4.47315979e+01  2.87748451e+01
   8.53323812e-09  9.00000000e+00]
 [-3.65025711e+00 -3.38140106e+00  4.59479599e+01  2.95564728e+01
   3.95744237e-09  9.00000000e+00]]
2026-06-05 16:11:09 [DEBUG] 处理后检测输出形状: (0, 52)
2026-06-05 16:11:09 [DEBUG] 有效检测数量: 0
2026-06-05 16:11:09 [DEBUG] 检测输出为空
2026-06-05 16:11:09 [INFO] 掩码中检测到的类别: [0, 1, 2, 3, 4, 5, 6, 7, 8, 9, 10, 11, 12, 13, 14, 15]
2026-06-05 16:11:09 [INFO] 分割完成，检测到 0 个物体
2026-06-05 16:11:09 [INFO] 从分割掩码中提取检测结果
2026-06-05 16:11:09 [INFO] 从掩码中提取了 555 个检测框
2026-06-05 16:11:09 [INFO] 计算出的车框矩形边界: (1095, 661) to (3278, 1641)
2026-06-05 16:11:09 [INFO] 原始检测数: 555, 过滤后检测数: 258
2026-06-05 16:11:10 [INFO] 保存分割和检测结果到: C:\code\show\Scrap_Steel_In_Field\photos\segmentation\segment_20260605_161109.jpg
2026-06-05 16:11:10 [INFO] JSON结果保存到: C:\code\show\Scrap_Steel_In_Field\photos\segmentation_result.json
2026-06-05 16:11:10 [INFO] 类别统计：{0: 54, 1: 50, 2: 27, 3: 12, 4: 42, 5: 39, 6: 36, 7: 37, 8: 56, 9: 55, 10: 36, 11: 17, 12: 23, 13: 48, 14: 0, 15: 23}
2026-06-05 16:11:10 [INFO] 面积统计：{0: 3079008.0, 1: 768708.0, 2: 55404.0, 3: 150480.0, 4: 144468.0, 5: 104328.0, 6: 572976.0, 7: 49968.0, 8: 1025280.0, 9: 334044.0, 10: 164952.0, 11: 387324.0, 12: 48816.0, 13: 647028.0, 14: 144.0, 15: 77976.0}
2026-06-05 16:11:10 [INFO] 分割成功
2026-06-05 16:11:10 [INFO] 引擎上下文已释放
2026-06-05 16:11:10 [INFO] TensorRT 引擎已释放
2026-06-05 16:11:10 [INFO] 全局 CUDA 资源已释放
2026-06-05 16:11:10 [INFO] 分割系统资源已释放
2026-06-05 16:11:14 [INFO] CUDA 初始化成功
2026-06-05 16:11:14 [INFO] 引擎加载成功: scrap_steel.engine
2026-06-05 16:11:14 [INFO] 分割系统初始化成功
2026-06-05 16:11:14 [INFO] 图像预处理完成，原始尺寸: (2160, 3840)
2026-06-05 16:11:14 [INFO] 开始执行分割...
2026-06-05 16:11:14 [DEBUG] 处理后的检测结果形状: (1, 8400, 6)
2026-06-05 16:11:14 [DEBUG] 示例检测结果: [[-4.15446472e+00 -3.19324636e+00  3.89793053e+01  1.47570171e+01
   3.54302330e-08  5.00000000e+00]
 [-6.77001572e+00 -3.01329041e+00  4.47538605e+01  2.87058411e+01
   8.62762306e-09  9.00000000e+00]
 [-3.68185425e+00 -3.39271832e+00  4.59283752e+01  2.95873375e+01
   3.98486577e-09  9.00000000e+00]]
2026-06-05 16:11:14 [DEBUG] 处理后检测输出形状: (0, 52)
2026-06-05 16:11:14 [DEBUG] 有效检测数量: 0
2026-06-05 16:11:14 [DEBUG] 检测输出为空
2026-06-05 16:11:14 [INFO] 掩码中检测到的类别: [0, 1, 2, 3, 4, 5, 6, 7, 8, 9, 10, 11, 12, 13, 14, 15]
2026-06-05 16:11:14 [INFO] 分割完成，检测到 0 个物体
2026-06-05 16:11:14 [INFO] 从分割掩码中提取检测结果
2026-06-05 16:11:14 [INFO] 从掩码中提取了 537 个检测框
2026-06-05 16:11:14 [INFO] 计算出的车框矩形边界: (1095, 658) to (3278, 1640)
2026-06-05 16:11:14 [INFO] 原始检测数: 537, 过滤后检测数: 246
2026-06-05 16:11:15 [INFO] 保存分割和检测结果到: C:\code\show\Scrap_Steel_In_Field\photos\segmentation\segment_20260605_161114.jpg
2026-06-05 16:11:15 [INFO] JSON结果保存到: C:\code\show\Scrap_Steel_In_Field\photos\segmentation_result.json
2026-06-05 16:11:15 [INFO] 类别统计：{0: 50, 1: 53, 2: 25, 3: 11, 4: 36, 5: 40, 6: 31, 7: 37, 8: 57, 9: 54, 10: 32, 11: 19, 12: 23, 13: 43, 14: 0, 15: 26}
2026-06-05 16:11:15 [INFO] 面积统计：{0: 3164904.0, 1: 775980.0, 2: 59652.0, 3: 156528.0, 4: 185940.0, 5: 103500.0, 6: 518076.0, 7: 45360.0, 8: 989892.0, 9: 352728.0, 10: 163908.0, 11: 374580.0, 12: 60588.0, 13: 660060.0, 14: 108.0, 15: 84564.0}
2026-06-05 16:11:15 [INFO] 分割成功
2026-06-05 16:11:15 [INFO] 引擎上下文已释放
2026-06-05 16:11:15 [INFO] TensorRT 引擎已释放
2026-06-05 16:11:15 [INFO] 全局 CUDA 资源已释放
2026-06-05 16:11:15 [INFO] 分割系统资源已释放
2026-06-05 16:11:19 [INFO] CUDA 初始化成功
2026-06-05 16:11:19 [INFO] 引擎加载成功: scrap_steel.engine
2026-06-05 16:11:19 [INFO] 分割系统初始化成功
2026-06-05 16:11:19 [INFO] 图像预处理完成，原始尺寸: (2160, 3840)
2026-06-05 16:11:19 [INFO] 开始执行分割...
2026-06-05 16:11:19 [DEBUG] 处理后的检测结果形状: (1, 8400, 6)
2026-06-05 16:11:19 [DEBUG] 示例检测结果: [[-4.13918686e+00 -3.18000937e+00  3.90829811e+01  1.47015285e+01
   3.59688421e-08  5.00000000e+00]
 [-6.74235535e+00 -2.98630524e+00  4.47901421e+01  2.86459675e+01
   8.56690718e-09  9.00000000e+00]
 [-3.66133499e+00 -3.36462688e+00  4.59424171e+01  2.96046143e+01
   3.94047994e-09  9.00000000e+00]]
2026-06-05 16:11:19 [DEBUG] 处理后检测输出形状: (0, 52)
2026-06-05 16:11:19 [DEBUG] 有效检测数量: 0
2026-06-05 16:11:19 [DEBUG] 检测输出为空
2026-06-05 16:11:19 [INFO] 掩码中检测到的类别: [0, 1, 2, 3, 4, 5, 6, 7, 8, 9, 10, 11, 12, 13, 14, 15]
2026-06-05 16:11:19 [INFO] 分割完成，检测到 0 个物体
2026-06-05 16:11:19 [INFO] 从分割掩码中提取检测结果
2026-06-05 16:11:19 [INFO] 从掩码中提取了 559 个检测框
2026-06-05 16:11:19 [INFO] 计算出的车框矩形边界: (1094, 660) to (3278, 1641)
2026-06-05 16:11:19 [INFO] 原始检测数: 559, 过滤后检测数: 247
2026-06-05 16:11:20 [INFO] 保存分割和检测结果到: C:\code\show\Scrap_Steel_In_Field\photos\segmentation\segment_20260605_161119.jpg
2026-06-05 16:11:20 [INFO] JSON结果保存到: C:\code\show\Scrap_Steel_In_Field\photos\segmentation_result.json
2026-06-05 16:11:20 [INFO] 类别统计：{0: 63, 1: 46, 2: 28, 3: 10, 4: 43, 5: 38, 6: 35, 7: 34, 8: 57, 9: 56, 10: 34, 11: 18, 12: 24, 13: 47, 14: 0, 15: 26}
2026-06-05 16:11:20 [INFO] 面积统计：{0: 3033648.0, 1: 817164.0, 2: 51516.0, 3: 160020.0, 4: 182124.0, 5: 110088.0, 6: 545112.0, 7: 50688.0, 8: 1037952.0, 9: 384300.0, 10: 166212.0, 11: 354816.0, 12: 52308.0, 13: 661320.0, 14: 180.0, 15: 64872.0}
2026-06-05 16:11:20 [INFO] 分割成功
2026-06-05 16:11:20 [INFO] 引擎上下文已释放
2026-06-05 16:11:20 [INFO] TensorRT 引擎已释放
2026-06-05 16:11:20 [INFO] 全局 CUDA 资源已释放
2026-06-05 16:11:20 [INFO] 分割系统资源已释放
2026-06-05 16:11:24 [INFO] CUDA 初始化成功
2026-06-05 16:11:24 [INFO] 引擎加载成功: scrap_steel.engine
2026-06-05 16:11:24 [INFO] 分割系统初始化成功
2026-06-05 16:11:24 [INFO] 图像预处理完成，原始尺寸: (2160, 3840)
2026-06-05 16:11:24 [INFO] 开始执行分割...
2026-06-05 16:11:24 [DEBUG] 处理后的检测结果形状: (1, 8400, 6)
2026-06-05 16:11:24 [DEBUG] 示例检测结果: [[-4.16901398e+00 -3.19455624e+00  3.91706886e+01  1.48142023e+01
   3.61184931e-08  5.00000000e+00]
 [-6.69895935e+00 -3.00055885e+00  4.47458572e+01  2.86920910e+01
   8.79208439e-09  9.00000000e+00]
 [-3.63655853e+00 -3.39646530e+00  4.59289551e+01  2.95813446e+01
   4.06710043e-09  9.00000000e+00]]
2026-06-05 16:11:24 [DEBUG] 处理后检测输出形状: (0, 52)
2026-06-05 16:11:24 [DEBUG] 有效检测数量: 0
2026-06-05 16:11:24 [DEBUG] 检测输出为空
2026-06-05 16:11:24 [INFO] 掩码中检测到的类别: [0, 1, 2, 3, 4, 5, 6, 7, 8, 9, 10, 11, 12, 13, 14, 15]
2026-06-05 16:11:24 [INFO] 分割完成，检测到 0 个物体
2026-06-05 16:11:24 [INFO] 从分割掩码中提取检测结果
2026-06-05 16:11:25 [INFO] 从掩码中提取了 571 个检测框
2026-06-05 16:11:25 [INFO] 计算出的车框矩形边界: (1094, 660) to (3276, 1641)
2026-06-05 16:11:25 [INFO] 原始检测数: 571, 过滤后检测数: 252
2026-06-05 16:11:25 [INFO] 保存分割和检测结果到: C:\code\show\Scrap_Steel_In_Field\photos\segmentation\segment_20260605_161125.jpg
2026-06-05 16:11:25 [INFO] JSON结果保存到: C:\code\show\Scrap_Steel_In_Field\photos\segmentation_result.json
2026-06-05 16:11:25 [INFO] 类别统计：{0: 53, 1: 45, 2: 27, 3: 10, 4: 41, 5: 36, 6: 43, 7: 36, 8: 61, 9: 63, 10: 34, 11: 18, 12: 23, 13: 54, 14: 0, 15: 27}
2026-06-05 16:11:25 [INFO] 面积统计：{0: 3034836.0, 1: 795492.0, 2: 56916.0, 3: 164052.0, 4: 164088.0, 5: 101016.0, 6: 528084.0, 7: 57168.0, 8: 999000.0, 9: 338652.0, 10: 168588.0, 11: 362196.0, 12: 43632.0, 13: 658224.0, 14: 144.0, 15: 87264.0}
2026-06-05 16:11:25 [INFO] 分割成功
2026-06-05 16:11:25 [INFO] 引擎上下文已释放
2026-06-05 16:11:25 [INFO] TensorRT 引擎已释放
2026-06-05 16:11:25 [INFO] 全局 CUDA 资源已释放
2026-06-05 16:11:25 [INFO] 分割系统资源已释放
2026-06-05 16:11:29 [INFO] CUDA 初始化成功
2026-06-05 16:11:29 [INFO] 引擎加载成功: scrap_steel.engine
2026-06-05 16:11:29 [INFO] 分割系统初始化成功
2026-06-05 16:11:29 [INFO] 图像预处理完成，原始尺寸: (2160, 3840)
2026-06-05 16:11:29 [INFO] 开始执行分割...
2026-06-05 16:11:29 [DEBUG] 处理后的检测结果形状: (1, 8400, 6)
2026-06-05 16:11:29 [DEBUG] 示例检测结果: [[-4.18209076e+00 -3.19186640e+00  3.89757843e+01  1.47306004e+01
   3.57041294e-08  5.00000000e+00]
 [-6.75057983e+00 -3.03553009e+00  4.46508713e+01  2.86657696e+01
   8.49368575e-09  9.00000000e+00]
 [-3.66277313e+00 -3.40646362e+00  4.58914299e+01  2.94981346e+01
   3.90791399e-09  9.00000000e+00]]
2026-06-05 16:11:29 [DEBUG] 处理后检测输出形状: (0, 52)
2026-06-05 16:11:29 [DEBUG] 有效检测数量: 0
2026-06-05 16:11:29 [DEBUG] 检测输出为空
2026-06-05 16:11:29 [INFO] 掩码中检测到的类别: [0, 1, 2, 3, 4, 5, 6, 7, 8, 9, 10, 11, 12, 13, 14, 15]
2026-06-05 16:11:29 [INFO] 分割完成，检测到 0 个物体
2026-06-05 16:11:29 [INFO] 从分割掩码中提取检测结果
2026-06-05 16:11:30 [INFO] 从掩码中提取了 532 个检测框
2026-06-05 16:11:30 [INFO] 计算出的车框矩形边界: (1095, 658) to (3278, 1641)
2026-06-05 16:11:30 [INFO] 原始检测数: 532, 过滤后检测数: 249
2026-06-05 16:11:30 [INFO] 保存分割和检测结果到: C:\code\show\Scrap_Steel_In_Field\photos\segmentation\segment_20260605_161130.jpg
2026-06-05 16:11:30 [INFO] JSON结果保存到: C:\code\show\Scrap_Steel_In_Field\photos\segmentation_result.json
2026-06-05 16:11:30 [INFO] 类别统计：{0: 58, 1: 51, 2: 30, 3: 10, 4: 30, 5: 30, 6: 30, 7: 42, 8: 53, 9: 56, 10: 36, 11: 14, 12: 26, 13: 42, 14: 0, 15: 24}
2026-06-05 16:11:30 [INFO] 面积统计：{0: 3114324.0, 1: 784944.0, 2: 52236.0, 3: 156852.0, 4: 168480.0, 5: 101412.0, 6: 509832.0, 7: 52164.0, 8: 1043496.0, 9: 324792.0, 10: 166212.0, 11: 384480.0, 12: 47052.0, 13: 637812.0, 14: 180.0, 15: 95040.0}
2026-06-05 16:11:30 [INFO] 分割成功
2026-06-05 16:11:30 [INFO] 引擎上下文已释放
2026-06-05 16:11:30 [INFO] TensorRT 引擎已释放
2026-06-05 16:11:30 [INFO] 全局 CUDA 资源已释放
2026-06-05 16:11:30 [INFO] 分割系统资源已释放
2026-06-05 16:11:34 [INFO] CUDA 初始化成功
2026-06-05 16:11:34 [INFO] 引擎加载成功: scrap_steel.engine
2026-06-05 16:11:34 [INFO] 分割系统初始化成功
2026-06-05 16:11:34 [INFO] 图像预处理完成，原始尺寸: (2160, 3840)
2026-06-05 16:11:34 [INFO] 开始执行分割...
2026-06-05 16:11:34 [DEBUG] 处理后的检测结果形状: (1, 8400, 6)
2026-06-05 16:11:34 [DEBUG] 示例检测结果: [[-4.21285248e+00 -3.20595646e+00  3.92190781e+01  1.48204908e+01
   3.59780223e-08  5.00000000e+00]
 [-6.79615402e+00 -3.04830170e+00  4.47353401e+01  2.88323479e+01
   8.53323812e-09  9.00000000e+00]
 [-3.68590546e+00 -3.41879654e+00  4.59577255e+01  2.95966263e+01
   3.90995858e-09  9.00000000e+00]]
2026-06-05 16:11:34 [DEBUG] 处理后检测输出形状: (0, 52)
2026-06-05 16:11:34 [DEBUG] 有效检测数量: 0
2026-06-05 16:11:34 [DEBUG] 检测输出为空
2026-06-05 16:11:35 [INFO] 掩码中检测到的类别: [0, 1, 2, 3, 4, 5, 6, 7, 8, 9, 10, 11, 12, 13, 14, 15]
2026-06-05 16:11:35 [INFO] 分割完成，检测到 0 个物体
2026-06-05 16:11:35 [INFO] 从分割掩码中提取检测结果
2026-06-05 16:11:35 [INFO] 从掩码中提取了 558 个检测框
2026-06-05 16:11:35 [INFO] 计算出的车框矩形边界: (1094, 660) to (3278, 1641)
2026-06-05 16:11:35 [INFO] 原始检测数: 558, 过滤后检测数: 247
2026-06-05 16:11:35 [INFO] 保存分割和检测结果到: C:\code\show\Scrap_Steel_In_Field\photos\segmentation\segment_20260605_161135.jpg
2026-06-05 16:11:35 [INFO] JSON结果保存到: C:\code\show\Scrap_Steel_In_Field\photos\segmentation_result.json
2026-06-05 16:11:35 [INFO] 类别统计：{0: 50, 1: 51, 2: 30, 3: 10, 4: 41, 5: 40, 6: 38, 7: 37, 8: 54, 9: 50, 10: 32, 11: 21, 12: 21, 13: 54, 14: 0, 15: 29}
2026-06-05 16:11:35 [INFO] 面积统计：{0: 3069648.0, 1: 794448.0, 2: 52776.0, 3: 152280.0, 4: 168660.0, 5: 102996.0, 6: 561240.0, 7: 49572.0, 8: 1046556.0, 9: 345780.0, 10: 166356.0, 11: 357876.0, 12: 37332.0, 13: 646560.0, 14: 108.0, 15: 72000.0}
2026-06-05 16:11:35 [INFO] 分割成功
2026-06-05 16:11:35 [INFO] 引擎上下文已释放
2026-06-05 16:11:35 [INFO] TensorRT 引擎已释放
2026-06-05 16:11:35 [INFO] 全局 CUDA 资源已释放
2026-06-05 16:11:35 [INFO] 分割系统资源已释放
2026-06-05 16:11:39 [INFO] CUDA 初始化成功
2026-06-05 16:11:39 [INFO] 引擎加载成功: scrap_steel.engine
2026-06-05 16:11:39 [INFO] 分割系统初始化成功
2026-06-05 16:11:40 [INFO] 图像预处理完成，原始尺寸: (2160, 3840)
2026-06-05 16:11:40 [INFO] 开始执行分割...
2026-06-05 16:11:40 [DEBUG] 处理后的检测结果形状: (1, 8400, 6)
2026-06-05 16:11:40 [DEBUG] 示例检测结果: [[-4.18128967e+00 -3.20381975e+00  3.91926651e+01  1.48429337e+01
   3.62519188e-08  5.00000000e+00]
 [-6.76566696e+00 -3.03561592e+00  4.47920456e+01  2.88106194e+01
   8.58793836e-09  9.00000000e+00]
 [-3.65501785e+00 -3.40507412e+00  4.59381676e+01  2.96491814e+01
   3.95744237e-09  9.00000000e+00]]
2026-06-05 16:11:40 [DEBUG] 处理后检测输出形状: (0, 52)
2026-06-05 16:11:40 [DEBUG] 有效检测数量: 0
2026-06-05 16:11:40 [DEBUG] 检测输出为空
2026-06-05 16:11:40 [INFO] 掩码中检测到的类别: [0, 1, 2, 3, 4, 5, 6, 7, 8, 9, 10, 11, 12, 13, 14, 15]
2026-06-05 16:11:40 [INFO] 分割完成，检测到 0 个物体
2026-06-05 16:11:40 [INFO] 从分割掩码中提取检测结果
2026-06-05 16:11:40 [INFO] 从掩码中提取了 532 个检测框
2026-06-05 16:11:40 [INFO] 计算出的车框矩形边界: (1095, 659) to (3277, 1641)
2026-06-05 16:11:40 [INFO] 原始检测数: 532, 过滤后检测数: 243
2026-06-05 16:11:41 [INFO] 保存分割和检测结果到: C:\code\show\Scrap_Steel_In_Field\photos\segmentation\segment_20260605_161140.jpg
2026-06-05 16:11:41 [INFO] JSON结果保存到: C:\code\show\Scrap_Steel_In_Field\photos\segmentation_result.json
2026-06-05 16:11:41 [INFO] 类别统计：{0: 60, 1: 43, 2: 28, 3: 9, 4: 39, 5: 36, 6: 34, 7: 33, 8: 52, 9: 53, 10: 34, 11: 15, 12: 19, 13: 55, 14: 0, 15: 22}
2026-06-05 16:11:41 [INFO] 面积统计：{0: 3172716.0, 1: 804564.0, 2: 60012.0, 3: 151380.0, 4: 154584.0, 5: 100944.0, 6: 553428.0, 7: 50220.0, 8: 1001736.0, 9: 336240.0, 10: 170820.0, 11: 378972.0, 12: 43236.0, 13: 656172.0, 14: 72.0, 15: 87660.0}
2026-06-05 16:11:41 [INFO] 分割成功
2026-06-05 16:11:41 [INFO] 引擎上下文已释放
2026-06-05 16:11:41 [INFO] TensorRT 引擎已释放
2026-06-05 16:11:41 [INFO] 全局 CUDA 资源已释放
2026-06-05 16:11:41 [INFO] 分割系统资源已释放
2026-06-05 16:11:45 [INFO] CUDA 初始化成功
2026-06-05 16:11:45 [INFO] 引擎加载成功: scrap_steel.engine
2026-06-05 16:11:45 [INFO] 分割系统初始化成功
2026-06-05 16:11:45 [INFO] 图像预处理完成，原始尺寸: (2160, 3840)
2026-06-05 16:11:45 [INFO] 开始执行分割...
2026-06-05 16:11:45 [DEBUG] 处理后的检测结果形状: (1, 8400, 6)
2026-06-05 16:11:45 [DEBUG] 示例检测结果: [[-4.18610382e+00 -3.20434856e+00  3.90697556e+01  1.47707453e+01
   3.51535725e-08  5.00000000e+00]
 [-6.76041412e+00 -3.03631401e+00  4.47335892e+01  2.88041382e+01
   8.40560421e-09  9.00000000e+00]
 [-3.65477753e+00 -3.42083359e+00  4.59379807e+01  2.96458588e+01
   3.92304855e-09  9.00000000e+00]]
2026-06-05 16:11:45 [DEBUG] 处理后检测输出形状: (0, 52)
2026-06-05 16:11:45 [DEBUG] 有效检测数量: 0
2026-06-05 16:11:45 [DEBUG] 检测输出为空
2026-06-05 16:11:45 [INFO] 掩码中检测到的类别: [0, 1, 2, 3, 4, 5, 6, 7, 8, 9, 10, 11, 12, 13, 14, 15]
2026-06-05 16:11:45 [INFO] 分割完成，检测到 0 个物体
2026-06-05 16:11:45 [INFO] 从分割掩码中提取检测结果
2026-06-05 16:11:45 [INFO] 从掩码中提取了 560 个检测框
2026-06-05 16:11:45 [INFO] 计算出的车框矩形边界: (1095, 660) to (3278, 1641)
2026-06-05 16:11:45 [INFO] 原始检测数: 560, 过滤后检测数: 252
2026-06-05 16:11:46 [INFO] 保存分割和检测结果到: C:\code\show\Scrap_Steel_In_Field\photos\segmentation\segment_20260605_161145.jpg
2026-06-05 16:11:46 [INFO] JSON结果保存到: C:\code\show\Scrap_Steel_In_Field\photos\segmentation_result.json
2026-06-05 16:11:46 [INFO] 类别统计：{0: 53, 1: 47, 2: 26, 3: 11, 4: 42, 5: 34, 6: 40, 7: 39, 8: 58, 9: 61, 10: 32, 11: 17, 12: 25, 13: 48, 14: 0, 15: 27}
2026-06-05 16:11:46 [INFO] 面积统计：{0: 3150504.0, 1: 786132.0, 2: 54360.0, 3: 154260.0, 4: 149148.0, 5: 99936.0, 6: 547668.0, 7: 53532.0, 8: 1043820.0, 9: 331524.0, 10: 166068.0, 11: 369396.0, 12: 57456.0, 13: 660852.0, 14: 144.0, 15: 83088.0}
2026-06-05 16:11:46 [INFO] 分割成功
2026-06-05 16:11:46 [INFO] 引擎上下文已释放
2026-06-05 16:11:46 [INFO] TensorRT 引擎已释放
2026-06-05 16:11:46 [INFO] 全局 CUDA 资源已释放
2026-06-05 16:11:46 [INFO] 分割系统资源已释放
2026-06-05 16:11:50 [INFO] CUDA 初始化成功
2026-06-05 16:11:50 [INFO] 引擎加载成功: scrap_steel.engine
2026-06-05 16:11:50 [INFO] 分割系统初始化成功
2026-06-05 16:11:50 [INFO] 图像预处理完成，原始尺寸: (2160, 3840)
2026-06-05 16:11:50 [INFO] 开始执行分割...
2026-06-05 16:11:50 [DEBUG] 处理后的检测结果形状: (1, 8400, 6)
2026-06-05 16:11:50 [DEBUG] 示例检测结果: [[-4.18203735e+00 -3.19156647e+00  3.90667534e+01  1.48098793e+01
   3.59829286e-08  5.00000000e+00]
 [-6.78092575e+00 -3.01456833e+00  4.47651749e+01  2.86651382e+01
   8.49368575e-09  9.00000000e+00]
 [-3.69094467e+00 -3.41841316e+00  4.59517899e+01  2.96407986e+01
   3.92304855e-09  9.00000000e+00]]
2026-06-05 16:11:50 [DEBUG] 处理后检测输出形状: (0, 52)
2026-06-05 16:11:50 [DEBUG] 有效检测数量: 0
2026-06-05 16:11:50 [DEBUG] 检测输出为空
2026-06-05 16:11:50 [INFO] 掩码中检测到的类别: [0, 1, 2, 3, 4, 5, 6, 7, 8, 9, 10, 11, 12, 13, 14, 15]
2026-06-05 16:11:50 [INFO] 分割完成，检测到 0 个物体
2026-06-05 16:11:50 [INFO] 从分割掩码中提取检测结果
2026-06-05 16:11:50 [INFO] 从掩码中提取了 559 个检测框
2026-06-05 16:11:50 [INFO] 计算出的车框矩形边界: (1095, 660) to (3278, 1641)
2026-06-05 16:11:50 [INFO] 原始检测数: 559, 过滤后检测数: 259
2026-06-05 16:11:51 [INFO] 保存分割和检测结果到: C:\code\show\Scrap_Steel_In_Field\photos\segmentation\segment_20260605_161150.jpg
2026-06-05 16:11:51 [INFO] JSON结果保存到: C:\code\show\Scrap_Steel_In_Field\photos\segmentation_result.json
2026-06-05 16:11:51 [INFO] 类别统计：{0: 61, 1: 50, 2: 27, 3: 9, 4: 42, 5: 41, 6: 38, 7: 35, 8: 54, 9: 54, 10: 31, 11: 21, 12: 24, 13: 45, 14: 0, 15: 27}
2026-06-05 16:11:51 [INFO] 面积统计：{0: 3103056.0, 1: 811152.0, 2: 50976.0, 3: 153828.0, 4: 148896.0, 5: 105444.0, 6: 546408.0, 7: 59436.0, 8: 985320.0, 9: 355860.0, 10: 161820.0, 11: 369324.0, 12: 51480.0, 13: 648756.0, 14: 144.0, 15: 83268.0}
2026-06-05 16:11:51 [INFO] 分割成功
2026-06-05 16:11:51 [INFO] 引擎上下文已释放
2026-06-05 16:11:51 [INFO] TensorRT 引擎已释放
2026-06-05 16:11:51 [INFO] 全局 CUDA 资源已释放
2026-06-05 16:11:51 [INFO] 分割系统资源已释放
2026-06-05 16:11:55 [INFO] CUDA 初始化成功
2026-06-05 16:11:55 [INFO] 引擎加载成功: scrap_steel.engine
2026-06-05 16:11:55 [INFO] 分割系统初始化成功
2026-06-05 16:11:55 [INFO] 图像预处理完成，原始尺寸: (2160, 3840)
2026-06-05 16:11:55 [INFO] 开始执行分割...
2026-06-05 16:11:55 [DEBUG] 处理后的检测结果形状: (1, 8400, 6)
2026-06-05 16:11:55 [DEBUG] 示例检测结果: [[-4.18510056e+00 -3.19232273e+00  3.89538918e+01  1.47636805e+01
   3.51535725e-08  5.00000000e+00]
 [-6.74791336e+00 -3.03371048e+00  4.46013756e+01  2.87024307e+01
   8.34009217e-09  9.00000000e+00]
 [-3.64279175e+00 -3.40544128e+00  4.58525162e+01  2.94957542e+01
   3.90791399e-09  9.00000000e+00]]
2026-06-05 16:11:55 [DEBUG] 处理后检测输出形状: (0, 52)
2026-06-05 16:11:55 [DEBUG] 有效检测数量: 0
2026-06-05 16:11:55 [DEBUG] 检测输出为空
2026-06-05 16:11:55 [INFO] 掩码中检测到的类别: [0, 1, 2, 3, 4, 5, 6, 7, 8, 9, 10, 11, 12, 13, 14, 15]
2026-06-05 16:11:55 [INFO] 分割完成，检测到 0 个物体
2026-06-05 16:11:55 [INFO] 从分割掩码中提取检测结果
2026-06-05 16:11:55 [INFO] 从掩码中提取了 584 个检测框
2026-06-05 16:11:55 [INFO] 计算出的车框矩形边界: (1095, 660) to (3278, 1641)
2026-06-05 16:11:55 [INFO] 原始检测数: 584, 过滤后检测数: 261
2026-06-05 16:11:56 [INFO] 保存分割和检测结果到: C:\code\show\Scrap_Steel_In_Field\photos\segmentation\segment_20260605_161155.jpg
2026-06-05 16:11:56 [INFO] JSON结果保存到: C:\code\show\Scrap_Steel_In_Field\photos\segmentation_result.json
2026-06-05 16:11:56 [INFO] 类别统计：{0: 65, 1: 51, 2: 29, 3: 11, 4: 42, 5: 37, 6: 36, 7: 43, 8: 59, 9: 56, 10: 35, 11: 12, 12: 25, 13: 55, 14: 0, 15: 28}
2026-06-05 16:11:56 [INFO] 面积统计：{0: 3101580.0, 1: 823176.0, 2: 46584.0, 3: 149544.0, 4: 159516.0, 5: 101196.0, 6: 542772.0, 7: 55440.0, 8: 1017360.0, 9: 344124.0, 10: 162792.0, 11: 377100.0, 12: 59580.0, 13: 655092.0, 14: 216.0, 15: 64476.0}
2026-06-05 16:11:56 [INFO] 分割成功
2026-06-05 16:11:56 [INFO] 引擎上下文已释放
2026-06-05 16:11:56 [INFO] TensorRT 引擎已释放
2026-06-05 16:11:56 [INFO] 全局 CUDA 资源已释放
2026-06-05 16:11:56 [INFO] 分割系统资源已释放
2026-06-05 16:12:00 [INFO] CUDA 初始化成功
2026-06-05 16:12:00 [INFO] 引擎加载成功: scrap_steel.engine
2026-06-05 16:12:00 [INFO] 分割系统初始化成功
2026-06-05 16:12:01 [INFO] 图像预处理完成，原始尺寸: (2160, 3840)
2026-06-05 16:12:01 [INFO] 开始执行分割...
2026-06-05 16:12:01 [DEBUG] 处理后的检测结果形状: (1, 8400, 6)
2026-06-05 16:12:01 [DEBUG] 示例检测结果: [[-4.20029449e+00 -3.20879459e+00  3.89790039e+01  1.47652788e+01
   3.54253302e-08  5.00000000e+00]
 [-6.81053543e+00 -3.04665184e+00  4.47198067e+01  2.87068424e+01
   8.34009217e-09  9.00000000e+00]
 [-3.71092224e+00 -3.44545364e+00  4.59318237e+01  2.95617447e+01
   3.84641652e-09  9.00000000e+00]]
2026-06-05 16:12:01 [DEBUG] 处理后检测输出形状: (0, 52)
2026-06-05 16:12:01 [DEBUG] 有效检测数量: 0
2026-06-05 16:12:01 [DEBUG] 检测输出为空
2026-06-05 16:12:01 [INFO] 掩码中检测到的类别: [0, 1, 2, 3, 4, 5, 6, 7, 8, 9, 10, 11, 12, 13, 14, 15]
2026-06-05 16:12:01 [INFO] 分割完成，检测到 0 个物体
2026-06-05 16:12:01 [INFO] 从分割掩码中提取检测结果
2026-06-05 16:12:01 [INFO] 从掩码中提取了 547 个检测框
2026-06-05 16:12:01 [INFO] 计算出的车框矩形边界: (1095, 661) to (3278, 1641)
2026-06-05 16:12:01 [INFO] 原始检测数: 547, 过滤后检测数: 239
2026-06-05 16:12:02 [INFO] 保存分割和检测结果到: C:\code\show\Scrap_Steel_In_Field\photos\segmentation\segment_20260605_161201.jpg
2026-06-05 16:12:02 [INFO] JSON结果保存到: C:\code\show\Scrap_Steel_In_Field\photos\segmentation_result.json
2026-06-05 16:12:02 [INFO] 类别统计：{0: 56, 1: 43, 2: 27, 3: 12, 4: 40, 5: 35, 6: 29, 7: 34, 8: 59, 9: 61, 10: 31, 11: 16, 12: 29, 13: 46, 14: 0, 15: 29}
2026-06-05 16:12:02 [INFO] 面积统计：{0: 3124512.0, 1: 787212.0, 2: 49824.0, 3: 147672.0, 4: 148572.0, 5: 109368.0, 6: 568728.0, 7: 46548.0, 8: 1011888.0, 9: 325224.0, 10: 161532.0, 11: 372060.0, 12: 51732.0, 13: 659268.0, 14: 108.0, 15: 80064.0}
2026-06-05 16:12:02 [INFO] 分割成功
2026-06-05 16:12:02 [INFO] 引擎上下文已释放
2026-06-05 16:12:02 [INFO] TensorRT 引擎已释放
2026-06-05 16:12:02 [INFO] 全局 CUDA 资源已释放
2026-06-05 16:12:02 [INFO] 分割系统资源已释放
2026-06-05 16:12:05 [INFO] CUDA 初始化成功
2026-06-05 16:12:05 [INFO] 引擎加载成功: scrap_steel.engine
2026-06-05 16:12:05 [INFO] 分割系统初始化成功
2026-06-05 16:12:05 [INFO] 图像预处理完成，原始尺寸: (2160, 3840)
2026-06-05 16:12:05 [INFO] 开始执行分割...
2026-06-05 16:12:05 [DEBUG] 处理后的检测结果形状: (1, 8400, 6)
2026-06-05 16:12:05 [DEBUG] 示例检测结果: [[-4.15564346e+00 -3.18107367e+00  3.89685097e+01  1.47668095e+01
   3.55647281e-08  5.00000000e+00]
 [-6.72758865e+00 -3.03534126e+00  4.47027092e+01  2.88446007e+01
   8.56690718e-09  9.00000000e+00]
 [-3.65047073e+00 -3.43116856e+00  4.59251633e+01  2.96841125e+01
   3.95744237e-09  9.00000000e+00]]
2026-06-05 16:12:05 [DEBUG] 处理后检测输出形状: (0, 52)
2026-06-05 16:12:05 [DEBUG] 有效检测数量: 0
2026-06-05 16:12:05 [DEBUG] 检测输出为空
2026-06-05 16:12:05 [INFO] 掩码中检测到的类别: [0, 1, 2, 3, 4, 5, 6, 7, 8, 9, 10, 11, 12, 13, 14, 15]
2026-06-05 16:12:05 [INFO] 分割完成，检测到 0 个物体
2026-06-05 16:12:05 [INFO] 从分割掩码中提取检测结果
2026-06-05 16:12:06 [INFO] 从掩码中提取了 565 个检测框
2026-06-05 16:12:06 [INFO] 计算出的车框矩形边界: (1095, 663) to (3277, 1640)
2026-06-05 16:12:06 [INFO] 原始检测数: 565, 过滤后检测数: 242
2026-06-05 16:12:06 [INFO] 保存分割和检测结果到: C:\code\show\Scrap_Steel_In_Field\photos\segmentation\segment_20260605_161206.jpg
2026-06-05 16:12:06 [INFO] JSON结果保存到: C:\code\show\Scrap_Steel_In_Field\photos\segmentation_result.json
2026-06-05 16:12:06 [INFO] 类别统计：{0: 55, 1: 50, 2: 29, 3: 9, 4: 36, 5: 42, 6: 36, 7: 37, 8: 59, 9: 58, 10: 32, 11: 18, 12: 23, 13: 51, 14: 0, 15: 30}
2026-06-05 16:12:06 [INFO] 面积统计：{0: 3166524.0, 1: 785232.0, 2: 48528.0, 3: 154728.0, 4: 165348.0, 5: 107568.0, 6: 539892.0, 7: 47952.0, 8: 1013904.0, 9: 332244.0, 10: 164376.0, 11: 353880.0, 12: 49500.0, 13: 654156.0, 14: 36.0, 15: 75708.0}
2026-06-05 16:12:06 [INFO] 分割成功
2026-06-05 16:12:06 [INFO] 引擎上下文已释放
2026-06-05 16:12:06 [INFO] TensorRT 引擎已释放
2026-06-05 16:12:06 [INFO] 全局 CUDA 资源已释放
2026-06-05 16:12:06 [INFO] 分割系统资源已释放
2026-06-05 16:12:10 [INFO] CUDA 初始化成功
2026-06-05 16:12:10 [INFO] 引擎加载成功: scrap_steel.engine
2026-06-05 16:12:10 [INFO] 分割系统初始化成功
2026-06-05 16:12:10 [INFO] 图像预处理完成，原始尺寸: (2160, 3840)
2026-06-05 16:12:10 [INFO] 开始执行分割...
2026-06-05 16:12:10 [DEBUG] 处理后的检测结果形状: (1, 8400, 6)
2026-06-05 16:12:10 [DEBUG] 示例检测结果: [[-4.18019867e+00 -3.17389965e+00  3.91397095e+01  1.47083311e+01
   3.56970844e-08  5.00000000e+00]
 [-6.77809906e+00 -3.02196884e+00  4.48056107e+01  2.87682743e+01
   8.46673132e-09  9.00000000e+00]
 [-3.67426300e+00 -3.36605453e+00  4.59268188e+01  2.95341148e+01
   3.94227229e-09  9.00000000e+00]]
2026-06-05 16:12:10 [DEBUG] 处理后检测输出形状: (0, 52)
2026-06-05 16:12:10 [DEBUG] 有效检测数量: 0
2026-06-05 16:12:10 [DEBUG] 检测输出为空
2026-06-05 16:12:10 [INFO] 掩码中检测到的类别: [0, 1, 2, 3, 4, 5, 6, 7, 8, 9, 10, 11, 12, 13, 14, 15]
2026-06-05 16:12:10 [INFO] 分割完成，检测到 0 个物体
2026-06-05 16:12:10 [INFO] 从分割掩码中提取检测结果
2026-06-05 16:12:11 [INFO] 从掩码中提取了 569 个检测框
2026-06-05 16:12:11 [INFO] 计算出的车框矩形边界: (1097, 658) to (3278, 1641)
2026-06-05 16:12:11 [INFO] 原始检测数: 569, 过滤后检测数: 252
2026-06-05 16:12:11 [INFO] 保存分割和检测结果到: C:\code\show\Scrap_Steel_In_Field\photos\segmentation\segment_20260605_161211.jpg
2026-06-05 16:12:11 [INFO] JSON结果保存到: C:\code\show\Scrap_Steel_In_Field\photos\segmentation_result.json
2026-06-05 16:12:11 [INFO] 类别统计：{0: 67, 1: 48, 2: 26, 3: 8, 4: 42, 5: 33, 6: 38, 7: 37, 8: 54, 9: 54, 10: 35, 11: 17, 12: 23, 13: 58, 14: 0, 15: 29}
2026-06-05 16:12:11 [INFO] 面积统计：{0: 2978028.0, 1: 810108.0, 2: 53460.0, 3: 157212.0, 4: 158868.0, 5: 104256.0, 6: 519300.0, 7: 55296.0, 8: 1014120.0, 9: 326952.0, 10: 162576.0, 11: 370008.0, 12: 55836.0, 13: 656856.0, 14: 108.0, 15: 95004.0}
2026-06-05 16:12:11 [INFO] 分割成功
2026-06-05 16:12:11 [INFO] 引擎上下文已释放
2026-06-05 16:12:11 [INFO] TensorRT 引擎已释放
2026-06-05 16:12:11 [INFO] 全局 CUDA 资源已释放
2026-06-05 16:12:11 [INFO] 分割系统资源已释放
2026-06-05 16:12:16 [INFO] CUDA 初始化成功
2026-06-05 16:12:16 [INFO] 引擎加载成功: scrap_steel.engine
2026-06-05 16:12:16 [INFO] 分割系统初始化成功
2026-06-05 16:12:16 [INFO] 图像预处理完成，原始尺寸: (2160, 3840)
2026-06-05 16:12:16 [INFO] 开始执行分割...
2026-06-05 16:12:16 [DEBUG] 处理后的检测结果形状: (1, 8400, 6)
2026-06-05 16:12:16 [DEBUG] 示例检测结果: [[-4.20677567e+00 -3.19201374e+00  3.92057838e+01  1.47673693e+01
   3.57041294e-08  5.00000000e+00]
 [-6.76283646e+00 -3.01047134e+00  4.48426018e+01  2.88240719e+01
   8.49998472e-09  9.00000000e+00]
 [-3.67112350e+00 -3.40292931e+00  4.60215302e+01  2.97118664e+01
   3.92500432e-09  9.00000000e+00]]
2026-06-05 16:12:16 [DEBUG] 处理后检测输出形状: (0, 52)
2026-06-05 16:12:16 [DEBUG] 有效检测数量: 0
2026-06-05 16:12:16 [DEBUG] 检测输出为空
2026-06-05 16:12:16 [INFO] 掩码中检测到的类别: [0, 1, 2, 3, 4, 5, 6, 7, 8, 9, 10, 11, 12, 13, 14, 15]
2026-06-05 16:12:16 [INFO] 分割完成，检测到 0 个物体
2026-06-05 16:12:16 [INFO] 从分割掩码中提取检测结果
2026-06-05 16:12:16 [INFO] 从掩码中提取了 549 个检测框
2026-06-05 16:12:16 [INFO] 计算出的车框矩形边界: (1097, 658) to (3277, 1641)
2026-06-05 16:12:16 [INFO] 原始检测数: 549, 过滤后检测数: 247
2026-06-05 16:12:17 [INFO] 保存分割和检测结果到: C:\code\show\Scrap_Steel_In_Field\photos\segmentation\segment_20260605_161216.jpg
2026-06-05 16:12:17 [INFO] JSON结果保存到: C:\code\show\Scrap_Steel_In_Field\photos\segmentation_result.json
2026-06-05 16:12:17 [INFO] 类别统计：{0: 52, 1: 57, 2: 26, 3: 14, 4: 39, 5: 33, 6: 32, 7: 40, 8: 62, 9: 54, 10: 31, 11: 16, 12: 22, 13: 48, 14: 0, 15: 23}
2026-06-05 16:12:17 [INFO] 面积统计：{0: 3129876.0, 1: 803916.0, 2: 51696.0, 3: 152820.0, 4: 168300.0, 5: 101556.0, 6: 540000.0, 7: 49572.0, 8: 1030464.0, 9: 340200.0, 10: 162576.0, 11: 371772.0, 12: 49032.0, 13: 652752.0, 14: 216.0, 15: 93204.0}
2026-06-05 16:12:17 [INFO] 分割成功
2026-06-05 16:12:17 [INFO] 引擎上下文已释放
2026-06-05 16:12:17 [INFO] TensorRT 引擎已释放
2026-06-05 16:12:17 [INFO] 全局 CUDA 资源已释放
2026-06-05 16:12:17 [INFO] 分割系统资源已释放
2026-06-05 16:12:21 [INFO] CUDA 初始化成功
2026-06-05 16:12:21 [INFO] 引擎加载成功: scrap_steel.engine
2026-06-05 16:12:21 [INFO] 分割系统初始化成功
2026-06-05 16:12:21 [INFO] 图像预处理完成，原始尺寸: (2160, 3840)
2026-06-05 16:12:21 [INFO] 开始执行分割...
2026-06-05 16:12:21 [DEBUG] 处理后的检测结果形状: (1, 8400, 6)
2026-06-05 16:12:21 [DEBUG] 示例检测结果: [[-4.18030548e+00 -3.18304729e+00  3.91416740e+01  1.47100496e+01
   3.58375551e-08  5.00000000e+00]
 [-6.72708511e+00 -3.02482414e+00  4.47971306e+01  2.87183018e+01
   8.58793836e-09  9.00000000e+00]
 [-3.67349243e+00 -3.40678692e+00  4.59713974e+01  2.95959740e+01
   3.98988043e-09  9.00000000e+00]]
2026-06-05 16:12:21 [DEBUG] 处理后检测输出形状: (0, 52)
2026-06-05 16:12:21 [DEBUG] 有效检测数量: 0
2026-06-05 16:12:21 [DEBUG] 检测输出为空
2026-06-05 16:12:21 [INFO] 掩码中检测到的类别: [0, 1, 2, 3, 4, 5, 6, 7, 8, 9, 10, 11, 12, 13, 14, 15]
2026-06-05 16:12:21 [INFO] 分割完成，检测到 0 个物体
2026-06-05 16:12:21 [INFO] 从分割掩码中提取检测结果
2026-06-05 16:12:21 [INFO] 从掩码中提取了 537 个检测框
2026-06-05 16:12:21 [INFO] 计算出的车框矩形边界: (1095, 658) to (3277, 1641)
2026-06-05 16:12:21 [INFO] 原始检测数: 537, 过滤后检测数: 249
2026-06-05 16:12:22 [INFO] 保存分割和检测结果到: C:\code\show\Scrap_Steel_In_Field\photos\segmentation\segment_20260605_161221.jpg
2026-06-05 16:12:22 [INFO] JSON结果保存到: C:\code\show\Scrap_Steel_In_Field\photos\segmentation_result.json
2026-06-05 16:12:22 [INFO] 类别统计：{0: 50, 1: 49, 2: 30, 3: 11, 4: 38, 5: 31, 6: 33, 7: 33, 8: 64, 9: 56, 10: 35, 11: 17, 12: 19, 13: 44, 14: 0, 15: 27}
2026-06-05 16:12:22 [INFO] 面积统计：{0: 3163608.0, 1: 799164.0, 2: 57672.0, 3: 154368.0, 4: 147276.0, 5: 106848.0, 6: 563508.0, 7: 56592.0, 8: 1044072.0, 9: 360720.0, 10: 159840.0, 11: 375192.0, 12: 57024.0, 13: 651636.0, 14: 180.0, 15: 86832.0}
2026-06-05 16:12:22 [INFO] 分割成功
2026-06-05 16:12:22 [INFO] 引擎上下文已释放
2026-06-05 16:12:22 [INFO] TensorRT 引擎已释放
2026-06-05 16:12:22 [INFO] 全局 CUDA 资源已释放
2026-06-05 16:12:22 [INFO] 分割系统资源已释放
2026-06-05 16:12:26 [INFO] CUDA 初始化成功
2026-06-05 16:12:26 [INFO] 引擎加载成功: scrap_steel.engine
2026-06-05 16:12:26 [INFO] 分割系统初始化成功
2026-06-05 16:12:26 [INFO] 图像预处理完成，原始尺寸: (2160, 3840)
2026-06-05 16:12:26 [INFO] 开始执行分割...
2026-06-05 16:12:26 [DEBUG] 处理后的检测结果形状: (1, 8400, 6)
2026-06-05 16:12:26 [DEBUG] 示例检测结果: [[-4.15434265e+00 -3.17803860e+00  3.90110550e+01  1.46994505e+01
   3.54253302e-08  5.00000000e+00]
 [-6.72456360e+00 -2.99802971e+00  4.47322464e+01  2.86995373e+01
   8.60057625e-09  9.00000000e+00]
 [-3.65935898e+00 -3.37816048e+00  4.59141464e+01  2.96214619e+01
   3.98647693e-09  9.00000000e+00]]
2026-06-05 16:12:26 [DEBUG] 处理后检测输出形状: (0, 52)
2026-06-05 16:12:26 [DEBUG] 有效检测数量: 0
2026-06-05 16:12:26 [DEBUG] 检测输出为空
2026-06-05 16:12:26 [INFO] 掩码中检测到的类别: [0, 1, 2, 3, 4, 5, 6, 7, 8, 9, 10, 11, 12, 13, 14, 15]
2026-06-05 16:12:26 [INFO] 分割完成，检测到 0 个物体
2026-06-05 16:12:26 [INFO] 从分割掩码中提取检测结果
2026-06-05 16:12:26 [INFO] 从掩码中提取了 565 个检测框
2026-06-05 16:12:26 [INFO] 计算出的车框矩形边界: (1095, 660) to (3278, 1640)
2026-06-05 16:12:26 [INFO] 原始检测数: 565, 过滤后检测数: 251
2026-06-05 16:12:27 [INFO] 保存分割和检测结果到: C:\code\show\Scrap_Steel_In_Field\photos\segmentation\segment_20260605_161226.jpg
2026-06-05 16:12:27 [INFO] JSON结果保存到: C:\code\show\Scrap_Steel_In_Field\photos\segmentation_result.json
2026-06-05 16:12:27 [INFO] 类别统计：{0: 53, 1: 52, 2: 34, 3: 10, 4: 40, 5: 29, 6: 32, 7: 35, 8: 63, 9: 62, 10: 32, 11: 17, 12: 25, 13: 53, 14: 0, 15: 28}
2026-06-05 16:12:27 [INFO] 面积统计：{0: 3126600.0, 1: 795564.0, 2: 48708.0, 3: 157248.0, 4: 143064.0, 5: 98748.0, 6: 567576.0, 7: 46476.0, 8: 998856.0, 9: 351828.0, 10: 159624.0, 11: 379152.0, 12: 49068.0, 13: 654516.0, 14: 144.0, 15: 81072.0}
2026-06-05 16:12:27 [INFO] 分割成功
2026-06-05 16:12:27 [INFO] 引擎上下文已释放
2026-06-05 16:12:27 [INFO] TensorRT 引擎已释放
2026-06-05 16:12:27 [INFO] 全局 CUDA 资源已释放
2026-06-05 16:12:27 [INFO] 分割系统资源已释放
2026-06-05 16:12:31 [INFO] CUDA 初始化成功
2026-06-05 16:12:31 [INFO] 引擎加载成功: scrap_steel.engine
2026-06-05 16:12:31 [INFO] 分割系统初始化成功
2026-06-05 16:12:31 [INFO] 图像预处理完成，原始尺寸: (2160, 3840)
2026-06-05 16:12:31 [INFO] 开始执行分割...
2026-06-05 16:12:31 [DEBUG] 处理后的检测结果形状: (1, 8400, 6)
2026-06-05 16:12:31 [DEBUG] 示例检测结果: [[-4.16974258e+00 -3.18212414e+00  3.90684204e+01  1.46567812e+01
   3.55647281e-08  5.00000000e+00]
 [-6.74557877e+00 -3.00089645e+00  4.48517723e+01  2.86905193e+01
   8.52706705e-09  9.00000000e+00]
 [-3.68662262e+00 -3.39082718e+00  4.59169312e+01  2.95680428e+01
   3.95353084e-09  9.00000000e+00]]
2026-06-05 16:12:31 [DEBUG] 处理后检测输出形状: (0, 52)
2026-06-05 16:12:31 [DEBUG] 有效检测数量: 0
2026-06-05 16:12:31 [DEBUG] 检测输出为空
2026-06-05 16:12:31 [INFO] 掩码中检测到的类别: [0, 1, 2, 3, 4, 5, 6, 7, 8, 9, 10, 11, 12, 13, 14, 15]
2026-06-05 16:12:31 [INFO] 分割完成，检测到 0 个物体
2026-06-05 16:12:31 [INFO] 从分割掩码中提取检测结果
2026-06-05 16:12:32 [INFO] 从掩码中提取了 564 个检测框
2026-06-05 16:12:32 [INFO] 计算出的车框矩形边界: (1095, 659) to (3277, 1640)
2026-06-05 16:12:32 [INFO] 原始检测数: 564, 过滤后检测数: 251
2026-06-05 16:12:32 [INFO] 保存分割和检测结果到: C:\code\show\Scrap_Steel_In_Field\photos\segmentation\segment_20260605_161232.jpg
2026-06-05 16:12:32 [INFO] JSON结果保存到: C:\code\show\Scrap_Steel_In_Field\photos\segmentation_result.json
2026-06-05 16:12:32 [INFO] 类别统计：{0: 49, 1: 54, 2: 30, 3: 10, 4: 36, 5: 38, 6: 37, 7: 37, 8: 62, 9: 60, 10: 32, 11: 18, 12: 21, 13: 48, 14: 0, 15: 32}
2026-06-05 16:12:32 [INFO] 面积统计：{0: 3066984.0, 1: 808740.0, 2: 54792.0, 3: 151812.0, 4: 155592.0, 5: 103932.0, 6: 552492.0, 7: 53568.0, 8: 1024452.0, 9: 352080.0, 10: 158796.0, 11: 355500.0, 12: 47736.0, 13: 644112.0, 14: 108.0, 15: 83160.0}
2026-06-05 16:12:32 [INFO] 分割成功
2026-06-05 16:12:32 [INFO] 引擎上下文已释放
2026-06-05 16:12:32 [INFO] TensorRT 引擎已释放
2026-06-05 16:12:32 [INFO] 全局 CUDA 资源已释放
2026-06-05 16:12:32 [INFO] 分割系统资源已释放
2026-06-05 16:12:36 [INFO] CUDA 初始化成功
2026-06-05 16:12:36 [INFO] 引擎加载成功: scrap_steel.engine
2026-06-05 16:12:36 [INFO] 分割系统初始化成功
2026-06-05 16:12:36 [INFO] 图像预处理完成，原始尺寸: (2160, 3840)
2026-06-05 16:12:36 [INFO] 开始执行分割...
2026-06-05 16:12:36 [DEBUG] 处理后的检测结果形状: (1, 8400, 6)
2026-06-05 16:12:36 [DEBUG] 示例检测结果: [[-4.11009216e+00 -3.14597988e+00  3.87913475e+01  1.45190744e+01
   3.46082949e-08  5.00000000e+00]
 [-6.70554352e+00 -2.97565460e+00  4.46858406e+01  2.84842777e+01
   8.53826609e-09  9.00000000e+00]
 [-3.67916489e+00 -3.38133240e+00  4.58851204e+01  2.95028725e+01
   3.93705779e-09  9.00000000e+00]]
2026-06-05 16:12:36 [DEBUG] 处理后检测输出形状: (0, 52)
2026-06-05 16:12:36 [DEBUG] 有效检测数量: 0
2026-06-05 16:12:36 [DEBUG] 检测输出为空
2026-06-05 16:12:36 [INFO] 掩码中检测到的类别: [0, 1, 2, 3, 4, 5, 6, 7, 8, 9, 10, 11, 12, 13, 14, 15]
2026-06-05 16:12:36 [INFO] 分割完成，检测到 0 个物体
2026-06-05 16:12:36 [INFO] 从分割掩码中提取检测结果
2026-06-05 16:12:37 [INFO] 从掩码中提取了 571 个检测框
2026-06-05 16:12:37 [INFO] 计算出的车框矩形边界: (1095, 660) to (3277, 1641)
2026-06-05 16:12:37 [INFO] 原始检测数: 571, 过滤后检测数: 253
2026-06-05 16:12:37 [INFO] 保存分割和检测结果到: C:\code\show\Scrap_Steel_In_Field\photos\segmentation\segment_20260605_161237.jpg
2026-06-05 16:12:37 [INFO] JSON结果保存到: C:\code\show\Scrap_Steel_In_Field\photos\segmentation_result.json
2026-06-05 16:12:37 [INFO] 类别统计：{0: 51, 1: 52, 2: 30, 3: 9, 4: 38, 5: 34, 6: 41, 7: 36, 8: 63, 9: 62, 10: 33, 11: 18, 12: 26, 13: 51, 14: 0, 15: 27}
2026-06-05 16:12:37 [INFO] 面积统计：{0: 3116412.0, 1: 774216.0, 2: 52380.0, 3: 156816.0, 4: 169452.0, 5: 98640.0, 6: 558576.0, 7: 50472.0, 8: 1043100.0, 9: 325368.0, 10: 172224.0, 11: 372708.0, 12: 38916.0, 13: 651888.0, 14: 216.0, 15: 73584.0}
2026-06-05 16:12:37 [INFO] 分割成功
2026-06-05 16:12:37 [INFO] 引擎上下文已释放
2026-06-05 16:12:37 [INFO] TensorRT 引擎已释放
2026-06-05 16:12:37 [INFO] 全局 CUDA 资源已释放
2026-06-05 16:12:37 [INFO] 分割系统资源已释放
2026-06-05 16:12:41 [INFO] CUDA 初始化成功
2026-06-05 16:12:41 [INFO] 引擎加载成功: scrap_steel.engine
2026-06-05 16:12:41 [INFO] 分割系统初始化成功
2026-06-05 16:12:41 [INFO] 图像预处理完成，原始尺寸: (2160, 3840)
2026-06-05 16:12:41 [INFO] 开始执行分割...
2026-06-05 16:12:41 [DEBUG] 处理后的检测结果形状: (1, 8400, 6)
2026-06-05 16:12:41 [DEBUG] 示例检测结果: [[-4.12173080e+00 -3.15818882e+00  3.90224037e+01  1.46015444e+01
   3.54253302e-08  5.00000000e+00]
 [-6.68973160e+00 -2.97753906e+00  4.48338432e+01  2.86361217e+01
   8.60057625e-09  9.00000000e+00]
 [-3.62516785e+00 -3.36602592e+00  4.59800720e+01  2.95966396e+01
   4.01942302e-09  9.00000000e+00]]
2026-06-05 16:12:41 [DEBUG] 处理后检测输出形状: (0, 52)
2026-06-05 16:12:41 [DEBUG] 有效检测数量: 0
2026-06-05 16:12:41 [DEBUG] 检测输出为空
2026-06-05 16:12:41 [INFO] 掩码中检测到的类别: [0, 1, 2, 3, 4, 5, 6, 7, 8, 9, 10, 11, 12, 13, 14, 15]
2026-06-05 16:12:41 [INFO] 分割完成，检测到 0 个物体
2026-06-05 16:12:41 [INFO] 从分割掩码中提取检测结果
2026-06-05 16:12:42 [INFO] 从掩码中提取了 570 个检测框
2026-06-05 16:12:42 [INFO] 计算出的车框矩形边界: (1095, 658) to (3278, 1641)
2026-06-05 16:12:42 [INFO] 原始检测数: 570, 过滤后检测数: 254
2026-06-05 16:12:43 [INFO] 保存分割和检测结果到: C:\code\show\Scrap_Steel_In_Field\photos\segmentation\segment_20260605_161242.jpg
2026-06-05 16:12:43 [INFO] JSON结果保存到: C:\code\show\Scrap_Steel_In_Field\photos\segmentation_result.json
2026-06-05 16:12:43 [INFO] 类别统计：{0: 53, 1: 51, 2: 26, 3: 11, 4: 35, 5: 36, 6: 39, 7: 40, 8: 66, 9: 60, 10: 33, 11: 20, 12: 24, 13: 47, 14: 0, 15: 29}
2026-06-05 16:12:43 [INFO] 面积统计：{0: 3160008.0, 1: 787356.0, 2: 54504.0, 3: 155520.0, 4: 137592.0, 5: 101700.0, 6: 551484.0, 7: 56952.0, 8: 1018872.0, 9: 348876.0, 10: 165132.0, 11: 374472.0, 12: 62352.0, 13: 645840.0, 14: 108.0, 15: 89496.0}
2026-06-05 16:12:43 [INFO] 分割成功
2026-06-05 16:12:43 [INFO] 引擎上下文已释放
2026-06-05 16:12:43 [INFO] TensorRT 引擎已释放
2026-06-05 16:12:43 [INFO] 全局 CUDA 资源已释放
2026-06-05 16:12:43 [INFO] 分割系统资源已释放
2026-06-05 16:12:46 [INFO] CUDA 初始化成功
2026-06-05 16:12:46 [INFO] 引擎加载成功: scrap_steel.engine
2026-06-05 16:12:46 [INFO] 分割系统初始化成功
2026-06-05 16:12:47 [INFO] 图像预处理完成，原始尺寸: (2160, 3840)
2026-06-05 16:12:47 [INFO] 开始执行分割...
2026-06-05 16:12:47 [DEBUG] 处理后的检测结果形状: (1, 8400, 6)
2026-06-05 16:12:47 [DEBUG] 示例检测结果: [[-4.12442780e+00 -3.15890360e+00  3.89852867e+01  1.45978565e+01
   3.57041294e-08  5.00000000e+00]
 [-6.72889328e+00 -2.97323036e+00  4.46973915e+01  2.85125484e+01
   8.43876968e-09  9.00000000e+00]
 [-3.68145370e+00 -3.37999249e+00  4.59053192e+01  2.94490547e+01
   3.92304855e-09  9.00000000e+00]]
2026-06-05 16:12:47 [DEBUG] 处理后检测输出形状: (0, 52)
2026-06-05 16:12:47 [DEBUG] 有效检测数量: 0
2026-06-05 16:12:47 [DEBUG] 检测输出为空
2026-06-05 16:12:47 [INFO] 掩码中检测到的类别: [0, 1, 2, 3, 4, 5, 6, 7, 8, 9, 10, 11, 12, 13, 14, 15]
2026-06-05 16:12:47 [INFO] 分割完成，检测到 0 个物体
2026-06-05 16:12:47 [INFO] 从分割掩码中提取检测结果
2026-06-05 16:12:47 [INFO] 从掩码中提取了 552 个检测框
2026-06-05 16:12:47 [INFO] 计算出的车框矩形边界: (1095, 662) to (3278, 1641)
2026-06-05 16:12:47 [INFO] 原始检测数: 552, 过滤后检测数: 243
2026-06-05 16:12:48 [INFO] 保存分割和检测结果到: C:\code\show\Scrap_Steel_In_Field\photos\segmentation\segment_20260605_161247.jpg
2026-06-05 16:12:48 [INFO] JSON结果保存到: C:\code\show\Scrap_Steel_In_Field\photos\segmentation_result.json
2026-06-05 16:12:48 [INFO] 类别统计：{0: 53, 1: 46, 2: 30, 3: 11, 4: 35, 5: 37, 6: 34, 7: 37, 8: 53, 9: 55, 10: 35, 11: 20, 12: 26, 13: 54, 14: 0, 15: 26}
2026-06-05 16:12:48 [INFO] 面积统计：{0: 3221388.0, 1: 819756.0, 2: 56772.0, 3: 156672.0, 4: 144180.0, 5: 102960.0, 6: 560592.0, 7: 50328.0, 8: 978876.0, 9: 347328.0, 10: 156132.0, 11: 368964.0, 12: 48852.0, 13: 656280.0, 14: 108.0, 15: 74808.0}
2026-06-05 16:12:48 [INFO] 分割成功
2026-06-05 16:12:48 [INFO] 引擎上下文已释放
2026-06-05 16:12:48 [INFO] TensorRT 引擎已释放
2026-06-05 16:12:48 [INFO] 全局 CUDA 资源已释放
2026-06-05 16:12:48 [INFO] 分割系统资源已释放
2026-06-05 16:12:52 [INFO] CUDA 初始化成功
2026-06-05 16:12:52 [INFO] 引擎加载成功: scrap_steel.engine
2026-06-05 16:12:52 [INFO] 分割系统初始化成功
2026-06-05 16:12:52 [INFO] 图像预处理完成，原始尺寸: (2160, 3840)
2026-06-05 16:12:52 [INFO] 开始执行分割...
2026-06-05 16:12:52 [DEBUG] 处理后的检测结果形状: (1, 8400, 6)
2026-06-05 16:12:52 [DEBUG] 示例检测结果: [[-4.15176773e+00 -3.16995144e+00  3.90003319e+01  1.47123098e+01
   3.52919045e-08  5.00000000e+00]
 [-6.67973328e+00 -2.98810959e+00  4.47426682e+01  2.86607533e+01
   8.57184101e-09  9.00000000e+00]
 [-3.65134430e+00 -3.39162064e+00  4.59274902e+01  2.95927620e+01
   3.96951805e-09  9.00000000e+00]]
2026-06-05 16:12:52 [DEBUG] 处理后检测输出形状: (0, 52)
2026-06-05 16:12:52 [DEBUG] 有效检测数量: 0
2026-06-05 16:12:52 [DEBUG] 检测输出为空
2026-06-05 16:12:52 [INFO] 掩码中检测到的类别: [0, 1, 2, 3, 4, 5, 6, 7, 8, 9, 10, 11, 12, 13, 14, 15]
2026-06-05 16:12:52 [INFO] 分割完成，检测到 0 个物体
2026-06-05 16:12:52 [INFO] 从分割掩码中提取检测结果
2026-06-05 16:12:52 [INFO] 从掩码中提取了 579 个检测框
2026-06-05 16:12:52 [INFO] 计算出的车框矩形边界: (1095, 659) to (3278, 1641)
2026-06-05 16:12:52 [INFO] 原始检测数: 579, 过滤后检测数: 270
2026-06-05 16:12:53 [INFO] 保存分割和检测结果到: C:\code\show\Scrap_Steel_In_Field\photos\segmentation\segment_20260605_161252.jpg
2026-06-05 16:12:53 [INFO] JSON结果保存到: C:\code\show\Scrap_Steel_In_Field\photos\segmentation_result.json
2026-06-05 16:12:53 [INFO] 类别统计：{0: 62, 1: 51, 2: 26, 3: 11, 4: 43, 5: 36, 6: 39, 7: 40, 8: 56, 9: 53, 10: 34, 11: 23, 12: 23, 13: 53, 14: 0, 15: 29}
2026-06-05 16:12:53 [INFO] 面积统计：{0: 3077280.0, 1: 794484.0, 2: 51372.0, 3: 156312.0, 4: 159444.0, 5: 109224.0, 6: 567324.0, 7: 53316.0, 8: 1004364.0, 9: 331344.0, 10: 168192.0, 11: 372132.0, 12: 45792.0, 13: 646524.0, 14: 108.0, 15: 73800.0}
2026-06-05 16:12:53 [INFO] 分割成功
2026-06-05 16:12:53 [INFO] 引擎上下文已释放
2026-06-05 16:12:53 [INFO] TensorRT 引擎已释放
2026-06-05 16:12:53 [INFO] 全局 CUDA 资源已释放
2026-06-05 16:12:53 [INFO] 分割系统资源已释放
2026-06-05 16:12:57 [INFO] CUDA 初始化成功
2026-06-05 16:12:57 [INFO] 引擎加载成功: scrap_steel.engine
2026-06-05 16:12:57 [INFO] 分割系统初始化成功
2026-06-05 16:12:57 [INFO] 图像预处理完成，原始尺寸: (2160, 3840)
2026-06-05 16:12:57 [INFO] 开始执行分割...
2026-06-05 16:12:57 [DEBUG] 处理后的检测结果形状: (1, 8400, 6)
2026-06-05 16:12:57 [DEBUG] 示例检测结果: [[-4.16955185e+00 -3.18254995e+00  3.89999771e+01  1.46828175e+01
   3.52919045e-08  5.00000000e+00]
 [-6.74200439e+00 -3.03526306e+00  4.46912460e+01  2.87068233e+01
   8.43876968e-09  9.00000000e+00]
 [-3.66552353e+00 -3.40732861e+00  4.59480209e+01  2.95883141e+01
   3.90791399e-09  9.00000000e+00]]
2026-06-05 16:12:57 [DEBUG] 处理后检测输出形状: (0, 52)
2026-06-05 16:12:57 [DEBUG] 有效检测数量: 0
2026-06-05 16:12:57 [DEBUG] 检测输出为空
2026-06-05 16:12:57 [INFO] 掩码中检测到的类别: [0, 1, 2, 3, 4, 5, 6, 7, 8, 9, 10, 11, 12, 13, 14, 15]
2026-06-05 16:12:57 [INFO] 分割完成，检测到 0 个物体
2026-06-05 16:12:57 [INFO] 从分割掩码中提取检测结果
2026-06-05 16:12:58 [INFO] 从掩码中提取了 553 个检测框
2026-06-05 16:12:58 [INFO] 计算出的车框矩形边界: (1095, 660) to (3278, 1641)
2026-06-05 16:12:58 [INFO] 原始检测数: 553, 过滤后检测数: 249
2026-06-05 16:12:59 [INFO] 保存分割和检测结果到: C:\code\show\Scrap_Steel_In_Field\photos\segmentation\segment_20260605_161258.jpg
2026-06-05 16:12:59 [INFO] JSON结果保存到: C:\code\show\Scrap_Steel_In_Field\photos\segmentation_result.json
2026-06-05 16:12:59 [INFO] 类别统计：{0: 52, 1: 50, 2: 26, 3: 11, 4: 41, 5: 40, 6: 34, 7: 37, 8: 47, 9: 62, 10: 32, 11: 17, 12: 21, 13: 55, 14: 0, 15: 28}
2026-06-05 16:12:59 [INFO] 面积统计：{0: 3121236.0, 1: 821088.0, 2: 48060.0, 3: 157860.0, 4: 136980.0, 5: 102456.0, 6: 562716.0, 7: 52992.0, 8: 998172.0, 9: 351432.0, 10: 164232.0, 11: 363960.0, 12: 44028.0, 13: 663156.0, 14: 180.0, 15: 85320.0}
2026-06-05 16:12:59 [INFO] 分割成功
2026-06-05 16:12:59 [INFO] 引擎上下文已释放
2026-06-05 16:12:59 [INFO] TensorRT 引擎已释放
2026-06-05 16:12:59 [INFO] 全局 CUDA 资源已释放
2026-06-05 16:12:59 [INFO] 分割系统资源已释放
2026-06-05 16:13:02 [INFO] CUDA 初始化成功
2026-06-05 16:13:02 [INFO] 引擎加载成功: scrap_steel.engine
2026-06-05 16:13:02 [INFO] 分割系统初始化成功
2026-06-05 16:13:02 [INFO] 图像预处理完成，原始尺寸: (2160, 3840)
2026-06-05 16:13:02 [INFO] 开始执行分割...
2026-06-05 16:13:02 [DEBUG] 处理后的检测结果形状: (1, 8400, 6)
2026-06-05 16:13:02 [DEBUG] 示例检测结果: [[-4.15514755e+00 -3.16824150e+00  3.88994560e+01  1.46582985e+01
   3.48801308e-08  5.00000000e+00]
 [-6.71880722e+00 -3.01032257e+00  4.47038918e+01  2.86779194e+01
   8.59382965e-09  9.00000000e+00]
 [-3.65388107e+00 -3.39290905e+00  4.59258232e+01  2.95387039e+01
   3.96951805e-09  9.00000000e+00]]
2026-06-05 16:13:02 [DEBUG] 处理后检测输出形状: (0, 52)
2026-06-05 16:13:02 [DEBUG] 有效检测数量: 0
2026-06-05 16:13:02 [DEBUG] 检测输出为空
2026-06-05 16:13:02 [INFO] 掩码中检测到的类别: [0, 1, 2, 3, 4, 5, 6, 7, 8, 9, 10, 11, 12, 13, 14, 15]
2026-06-05 16:13:02 [INFO] 分割完成，检测到 0 个物体
2026-06-05 16:13:02 [INFO] 从分割掩码中提取检测结果
2026-06-05 16:13:03 [INFO] 从掩码中提取了 563 个检测框
2026-06-05 16:13:03 [INFO] 计算出的车框矩形边界: (1095, 661) to (3278, 1641)
2026-06-05 16:13:03 [INFO] 原始检测数: 563, 过滤后检测数: 251
2026-06-05 16:13:03 [INFO] 保存分割和检测结果到: C:\code\show\Scrap_Steel_In_Field\photos\segmentation\segment_20260605_161303.jpg
2026-06-05 16:13:03 [INFO] JSON结果保存到: C:\code\show\Scrap_Steel_In_Field\photos\segmentation_result.json
2026-06-05 16:13:03 [INFO] 类别统计：{0: 48, 1: 53, 2: 30, 3: 11, 4: 36, 5: 40, 6: 35, 7: 36, 8: 59, 9: 56, 10: 31, 11: 19, 12: 26, 13: 52, 14: 0, 15: 31}
2026-06-05 16:13:03 [INFO] 面积统计：{0: 3095532.0, 1: 770724.0, 2: 54540.0, 3: 158364.0, 4: 142956.0, 5: 113400.0, 6: 543204.0, 7: 47664.0, 8: 1002780.0, 9: 356868.0, 10: 163548.0, 11: 375804.0, 12: 53388.0, 13: 663840.0, 14: 72.0, 15: 72144.0}
2026-06-05 16:13:03 [INFO] 分割成功
2026-06-05 16:13:03 [INFO] 引擎上下文已释放
2026-06-05 16:13:03 [INFO] TensorRT 引擎已释放
2026-06-05 16:13:03 [INFO] 全局 CUDA 资源已释放
2026-06-05 16:13:03 [INFO] 分割系统资源已释放
2026-06-05 16:13:07 [INFO] CUDA 初始化成功
2026-06-05 16:13:07 [INFO] 引擎加载成功: scrap_steel.engine
2026-06-05 16:13:07 [INFO] 分割系统初始化成功
2026-06-05 16:13:07 [INFO] 图像预处理完成，原始尺寸: (2160, 3840)
2026-06-05 16:13:07 [INFO] 开始执行分割...
2026-06-05 16:13:07 [DEBUG] 处理后的检测结果形状: (1, 8400, 6)
2026-06-05 16:13:07 [DEBUG] 示例检测结果: [[-4.18096924e+00 -3.19382429e+00  3.91614990e+01  1.47843513e+01
   3.50168534e-08  5.00000000e+00]
 [-6.76559067e+00 -3.02506828e+00  4.48417549e+01  2.88400402e+01
   8.60057625e-09  9.00000000e+00]
 [-3.65223694e+00 -3.42039680e+00  4.60074921e+01  2.97327747e+01
   3.98647693e-09  9.00000000e+00]]
2026-06-05 16:13:07 [DEBUG] 处理后检测输出形状: (0, 52)
2026-06-05 16:13:07 [DEBUG] 有效检测数量: 0
2026-06-05 16:13:07 [DEBUG] 检测输出为空
2026-06-05 16:13:07 [INFO] 掩码中检测到的类别: [0, 1, 2, 3, 4, 5, 6, 7, 8, 9, 10, 11, 12, 13, 14, 15]
2026-06-05 16:13:07 [INFO] 分割完成，检测到 0 个物体
2026-06-05 16:13:07 [INFO] 从分割掩码中提取检测结果
2026-06-05 16:13:08 [INFO] 从掩码中提取了 570 个检测框
2026-06-05 16:13:08 [INFO] 计算出的车框矩形边界: (1094, 660) to (3277, 1647)
2026-06-05 16:13:08 [INFO] 原始检测数: 570, 过滤后检测数: 250
2026-06-05 16:13:08 [INFO] 保存分割和检测结果到: C:\code\show\Scrap_Steel_In_Field\photos\segmentation\segment_20260605_161308.jpg
2026-06-05 16:13:08 [INFO] JSON结果保存到: C:\code\show\Scrap_Steel_In_Field\photos\segmentation_result.json
2026-06-05 16:13:08 [INFO] 类别统计：{0: 54, 1: 50, 2: 30, 3: 10, 4: 41, 5: 40, 6: 39, 7: 40, 8: 63, 9: 60, 10: 33, 11: 16, 12: 19, 13: 54, 14: 0, 15: 21}
2026-06-05 16:13:08 [INFO] 面积统计：{0: 3111300.0, 1: 790992.0, 2: 52740.0, 3: 161316.0, 4: 160704.0, 5: 100152.0, 6: 542628.0, 7: 58104.0, 8: 1020600.0, 9: 336456.0, 10: 167544.0, 11: 386316.0, 12: 45144.0, 13: 642168.0, 14: 180.0, 15: 77904.0}
2026-06-05 16:13:08 [INFO] 分割成功
2026-06-05 16:13:08 [INFO] 引擎上下文已释放
2026-06-05 16:13:08 [INFO] TensorRT 引擎已释放
2026-06-05 16:13:08 [INFO] 全局 CUDA 资源已释放
2026-06-05 16:13:08 [INFO] 分割系统资源已释放
2026-06-05 16:13:13 [INFO] CUDA 初始化成功
2026-06-05 16:13:13 [INFO] 引擎加载成功: scrap_steel.engine
2026-06-05 16:13:13 [INFO] 分割系统初始化成功
2026-06-05 16:13:13 [INFO] 图像预处理完成，原始尺寸: (2160, 3840)
2026-06-05 16:13:13 [INFO] 开始执行分割...
2026-06-05 16:13:13 [DEBUG] 处理后的检测结果形状: (1, 8400, 6)
2026-06-05 16:13:13 [DEBUG] 示例检测结果: [[-4.15315247e+00 -3.20233822e+00  3.90588112e+01  1.47562246e+01
   3.57041294e-08  5.00000000e+00]
 [-6.68924332e+00 -3.02458572e+00  4.47582932e+01  2.87261677e+01
   8.52706705e-09  9.00000000e+00]
 [-3.67306137e+00 -3.42155743e+00  4.59669418e+01  2.96652565e+01
   4.01942302e-09  9.00000000e+00]]
2026-06-05 16:13:13 [DEBUG] 处理后检测输出形状: (0, 52)
2026-06-05 16:13:13 [DEBUG] 有效检测数量: 0
2026-06-05 16:13:13 [DEBUG] 检测输出为空
2026-06-05 16:13:13 [INFO] 掩码中检测到的类别: [0, 1, 2, 3, 4, 5, 6, 7, 8, 9, 10, 11, 12, 13, 14, 15]
2026-06-05 16:13:13 [INFO] 分割完成，检测到 0 个物体
2026-06-05 16:13:13 [INFO] 从分割掩码中提取检测结果
2026-06-05 16:13:14 [INFO] 从掩码中提取了 552 个检测框
2026-06-05 16:13:14 [INFO] 计算出的车框矩形边界: (1095, 661) to (3278, 1641)
2026-06-05 16:13:14 [INFO] 原始检测数: 552, 过滤后检测数: 253
2026-06-05 16:13:14 [INFO] 保存分割和检测结果到: C:\code\show\Scrap_Steel_In_Field\photos\segmentation\segment_20260605_161314.jpg
2026-06-05 16:13:14 [INFO] JSON结果保存到: C:\code\show\Scrap_Steel_In_Field\photos\segmentation_result.json
2026-06-05 16:13:14 [INFO] 类别统计：{0: 48, 1: 48, 2: 30, 3: 11, 4: 30, 5: 40, 6: 35, 7: 39, 8: 51, 9: 63, 10: 38, 11: 19, 12: 20, 13: 53, 14: 0, 15: 27}
2026-06-05 16:13:14 [INFO] 面积统计：{0: 3081132.0, 1: 766980.0, 2: 52452.0, 3: 153684.0, 4: 152316.0, 5: 99540.0, 6: 558720.0, 7: 46980.0, 8: 996840.0, 9: 356184.0, 10: 162036.0, 11: 378792.0, 12: 43740.0, 13: 652896.0, 14: 288.0, 15: 76680.0}
2026-06-05 16:13:14 [INFO] 分割成功
2026-06-05 16:13:14 [INFO] 引擎上下文已释放
2026-06-05 16:13:14 [INFO] TensorRT 引擎已释放
2026-06-05 16:13:14 [INFO] 全局 CUDA 资源已释放
2026-06-05 16:13:14 [INFO] 分割系统资源已释放
2026-06-05 16:13:18 [INFO] CUDA 初始化成功
2026-06-05 16:13:18 [INFO] 引擎加载成功: scrap_steel.engine
2026-06-05 16:13:18 [INFO] 分割系统初始化成功
2026-06-05 16:13:18 [INFO] 图像预处理完成，原始尺寸: (2160, 3840)
2026-06-05 16:13:18 [INFO] 开始执行分割...
2026-06-05 16:13:18 [DEBUG] 处理后的检测结果形状: (1, 8400, 6)
2026-06-05 16:13:18 [DEBUG] 示例检测结果: [[-4.16952515e+00 -3.18178606e+00  3.90033722e+01  1.47511711e+01
   3.52919045e-08  5.00000000e+00]
 [-6.74372864e+00 -3.01706123e+00  4.48159790e+01  2.87103958e+01
   8.46030446e-09  9.00000000e+00]
 [-3.65676880e+00 -3.40685844e+00  4.59446335e+01  2.95794735e+01
   3.92500432e-09  9.00000000e+00]]
2026-06-05 16:13:18 [DEBUG] 处理后检测输出形状: (0, 52)
2026-06-05 16:13:18 [DEBUG] 有效检测数量: 0
2026-06-05 16:13:18 [DEBUG] 检测输出为空
2026-06-05 16:13:18 [INFO] 掩码中检测到的类别: [0, 1, 2, 3, 4, 5, 6, 7, 8, 9, 10, 11, 12, 13, 14, 15]
2026-06-05 16:13:18 [INFO] 分割完成，检测到 0 个物体
2026-06-05 16:13:18 [INFO] 从分割掩码中提取检测结果
2026-06-05 16:13:18 [INFO] 从掩码中提取了 566 个检测框
2026-06-05 16:13:18 [INFO] 计算出的车框矩形边界: (1095, 663) to (3278, 1641)
2026-06-05 16:13:18 [INFO] 原始检测数: 566, 过滤后检测数: 244
2026-06-05 16:13:19 [INFO] 保存分割和检测结果到: C:\code\show\Scrap_Steel_In_Field\photos\segmentation\segment_20260605_161318.jpg
2026-06-05 16:13:19 [INFO] JSON结果保存到: C:\code\show\Scrap_Steel_In_Field\photos\segmentation_result.json
2026-06-05 16:13:19 [INFO] 类别统计：{0: 50, 1: 52, 2: 30, 3: 12, 4: 38, 5: 39, 6: 33, 7: 36, 8: 68, 9: 61, 10: 39, 11: 15, 12: 19, 13: 48, 14: 0, 15: 26}
2026-06-05 16:13:19 [INFO] 面积统计：{0: 3138336.0, 1: 795168.0, 2: 50220.0, 3: 151380.0, 4: 154692.0, 5: 99324.0, 6: 553104.0, 7: 49104.0, 8: 1004760.0, 9: 348804.0, 10: 163368.0, 11: 386640.0, 12: 54720.0, 13: 651312.0, 14: 108.0, 15: 66600.0}
2026-06-05 16:13:19 [INFO] 分割成功
2026-06-05 16:13:19 [INFO] 引擎上下文已释放
2026-06-05 16:13:19 [INFO] TensorRT 引擎已释放
2026-06-05 16:13:19 [INFO] 全局 CUDA 资源已释放
2026-06-05 16:13:19 [INFO] 分割系统资源已释放
2026-06-05 16:13:23 [INFO] CUDA 初始化成功
2026-06-05 16:13:23 [INFO] 引擎加载成功: scrap_steel.engine
2026-06-05 16:13:23 [INFO] 分割系统初始化成功
2026-06-05 16:13:23 [INFO] 图像预处理完成，原始尺寸: (2160, 3840)
2026-06-05 16:13:23 [INFO] 开始执行分割...
2026-06-05 16:13:23 [DEBUG] 处理后的检测结果形状: (1, 8400, 6)
2026-06-05 16:13:23 [DEBUG] 示例检测结果: [[-4.16878510e+00 -3.19047976e+00  3.90586586e+01  1.47582207e+01
   3.54253302e-08  5.00000000e+00]
 [-6.72312546e+00 -3.02381516e+00  4.47629662e+01  2.87645206e+01
   8.52706705e-09  9.00000000e+00]
 [-3.65711975e+00 -3.41873264e+00  4.59747467e+01  2.96384201e+01
   3.92304855e-09  9.00000000e+00]]
2026-06-05 16:13:23 [DEBUG] 处理后检测输出形状: (0, 52)
2026-06-05 16:13:23 [DEBUG] 有效检测数量: 0
2026-06-05 16:13:23 [DEBUG] 检测输出为空
2026-06-05 16:13:23 [INFO] 掩码中检测到的类别: [0, 1, 2, 3, 4, 5, 6, 7, 8, 9, 10, 11, 12, 13, 14, 15]
2026-06-05 16:13:23 [INFO] 分割完成，检测到 0 个物体
2026-06-05 16:13:23 [INFO] 从分割掩码中提取检测结果
2026-06-05 16:13:23 [INFO] 从掩码中提取了 585 个检测框
2026-06-05 16:13:23 [INFO] 计算出的车框矩形边界: (1095, 660) to (3278, 1641)
2026-06-05 16:13:23 [INFO] 原始检测数: 585, 过滤后检测数: 267
2026-06-05 16:13:24 [INFO] 保存分割和检测结果到: C:\code\show\Scrap_Steel_In_Field\photos\segmentation\segment_20260605_161323.jpg
2026-06-05 16:13:24 [INFO] JSON结果保存到: C:\code\show\Scrap_Steel_In_Field\photos\segmentation_result.json
2026-06-05 16:13:24 [INFO] 类别统计：{0: 56, 1: 49, 2: 31, 3: 11, 4: 40, 5: 35, 6: 40, 7: 34, 8: 65, 9: 65, 10: 35, 11: 19, 12: 18, 13: 59, 14: 0, 15: 28}
2026-06-05 16:13:24 [INFO] 面积统计：{0: 3040560.0, 1: 820044.0, 2: 54540.0, 3: 150768.0, 4: 156276.0, 5: 109836.0, 6: 555480.0, 7: 52956.0, 8: 1030824.0, 9: 342972.0, 10: 166320.0, 11: 371988.0, 12: 38988.0, 13: 655236.0, 14: 216.0, 15: 70416.0}
2026-06-05 16:13:24 [INFO] 分割成功
2026-06-05 16:13:24 [INFO] 引擎上下文已释放
2026-06-05 16:13:24 [INFO] TensorRT 引擎已释放
2026-06-05 16:13:24 [INFO] 全局 CUDA 资源已释放
2026-06-05 16:13:24 [INFO] 分割系统资源已释放
2026-06-05 16:13:28 [INFO] CUDA 初始化成功
2026-06-05 16:13:28 [INFO] 引擎加载成功: scrap_steel.engine
2026-06-05 16:13:28 [INFO] 分割系统初始化成功
2026-06-05 16:13:29 [INFO] 图像预处理完成，原始尺寸: (2160, 3840)
2026-06-05 16:13:29 [INFO] 开始执行分割...
2026-06-05 16:13:29 [DEBUG] 处理后的检测结果形状: (1, 8400, 6)
2026-06-05 16:13:29 [DEBUG] 示例检测结果: [[-4.17920303e+00 -3.20074940e+00  3.92664223e+01  1.48011198e+01
   3.62519188e-08  5.00000000e+00]
 [-6.75744247e+00 -2.99661255e+00  4.48903885e+01  2.87614765e+01
   8.69504468e-09  9.00000000e+00]
 [-3.67235947e+00 -3.36231232e+00  4.59790649e+01  2.96888046e+01
   3.98988043e-09  9.00000000e+00]]
2026-06-05 16:13:29 [DEBUG] 处理后检测输出形状: (0, 52)
2026-06-05 16:13:29 [DEBUG] 有效检测数量: 0
2026-06-05 16:13:29 [DEBUG] 检测输出为空
2026-06-05 16:13:29 [INFO] 掩码中检测到的类别: [0, 1, 2, 3, 4, 5, 6, 7, 8, 9, 10, 11, 12, 13, 14, 15]
2026-06-05 16:13:29 [INFO] 分割完成，检测到 0 个物体
2026-06-05 16:13:29 [INFO] 从分割掩码中提取检测结果
2026-06-05 16:13:29 [INFO] 从掩码中提取了 561 个检测框
2026-06-05 16:13:29 [INFO] 计算出的车框矩形边界: (1095, 662) to (3277, 1641)
2026-06-05 16:13:29 [INFO] 原始检测数: 561, 过滤后检测数: 255
2026-06-05 16:13:30 [INFO] 保存分割和检测结果到: C:\code\show\Scrap_Steel_In_Field\photos\segmentation\segment_20260605_161329.jpg
2026-06-05 16:13:30 [INFO] JSON结果保存到: C:\code\show\Scrap_Steel_In_Field\photos\segmentation_result.json
2026-06-05 16:13:30 [INFO] 类别统计：{0: 49, 1: 53, 2: 30, 3: 13, 4: 38, 5: 36, 6: 33, 7: 38, 8: 60, 9: 64, 10: 38, 11: 20, 12: 17, 13: 46, 14: 0, 15: 26}
2026-06-05 16:13:30 [INFO] 面积统计：{0: 3072060.0, 1: 787536.0, 2: 52416.0, 3: 155520.0, 4: 155556.0, 5: 102204.0, 6: 572616.0, 7: 49248.0, 8: 1028520.0, 9: 314064.0, 10: 165420.0, 11: 377640.0, 12: 45720.0, 13: 656856.0, 14: 72.0, 15: 75924.0}
2026-06-05 16:13:30 [INFO] 分割成功
2026-06-05 16:13:30 [INFO] 引擎上下文已释放
2026-06-05 16:13:30 [INFO] TensorRT 引擎已释放
2026-06-05 16:13:30 [INFO] 全局 CUDA 资源已释放
2026-06-05 16:13:30 [INFO] 分割系统资源已释放
2026-06-05 16:13:33 [INFO] CUDA 初始化成功
2026-06-05 16:13:33 [INFO] 引擎加载成功: scrap_steel.engine
2026-06-05 16:13:33 [INFO] 分割系统初始化成功
2026-06-05 16:13:33 [INFO] 图像预处理完成，原始尺寸: (2160, 3840)
2026-06-05 16:13:33 [INFO] 开始执行分割...
2026-06-05 16:13:33 [DEBUG] 处理后的检测结果形状: (1, 8400, 6)
2026-06-05 16:13:33 [DEBUG] 示例检测结果: [[-4.17937088e+00 -3.20356655e+00  3.93042526e+01  1.48671751e+01
   3.62519188e-08  5.00000000e+00]
 [-6.77510452e+00 -3.02537155e+00  4.48591805e+01  2.88956623e+01
   8.72921735e-09  9.00000000e+00]
 [-3.66329956e+00 -3.40357876e+00  4.60080414e+01  2.97323380e+01
   4.03685618e-09  9.00000000e+00]]
2026-06-05 16:13:33 [DEBUG] 处理后检测输出形状: (0, 52)
2026-06-05 16:13:33 [DEBUG] 有效检测数量: 0
2026-06-05 16:13:33 [DEBUG] 检测输出为空
2026-06-05 16:13:33 [INFO] 掩码中检测到的类别: [0, 1, 2, 3, 4, 5, 6, 7, 8, 9, 10, 11, 12, 13, 14, 15]
2026-06-05 16:13:33 [INFO] 分割完成，检测到 0 个物体
2026-06-05 16:13:33 [INFO] 从分割掩码中提取检测结果
2026-06-05 16:13:34 [INFO] 从掩码中提取了 569 个检测框
2026-06-05 16:13:34 [INFO] 计算出的车框矩形边界: (1094, 660) to (3277, 1640)
2026-06-05 16:13:34 [INFO] 原始检测数: 569, 过滤后检测数: 254
2026-06-05 16:13:34 [INFO] 保存分割和检测结果到: C:\code\show\Scrap_Steel_In_Field\photos\segmentation\segment_20260605_161334.jpg
2026-06-05 16:13:34 [INFO] JSON结果保存到: C:\code\show\Scrap_Steel_In_Field\photos\segmentation_result.json
2026-06-05 16:13:34 [INFO] 类别统计：{0: 55, 1: 52, 2: 31, 3: 12, 4: 40, 5: 38, 6: 33, 7: 34, 8: 60, 9: 53, 10: 34, 11: 21, 12: 26, 13: 53, 14: 0, 15: 27}
2026-06-05 16:13:34 [INFO] 面积统计：{0: 3104604.0, 1: 779220.0, 2: 53244.0, 3: 153828.0, 4: 150660.0, 5: 106920.0, 6: 558648.0, 7: 47556.0, 8: 1028088.0, 9: 335916.0, 10: 170208.0, 11: 382284.0, 12: 52560.0, 13: 654804.0, 14: 72.0, 15: 80100.0}
2026-06-05 16:13:34 [INFO] 分割成功
2026-06-05 16:13:34 [INFO] 引擎上下文已释放
2026-06-05 16:13:34 [INFO] TensorRT 引擎已释放
2026-06-05 16:13:34 [INFO] 全局 CUDA 资源已释放
2026-06-05 16:13:34 [INFO] 分割系统资源已释放
2026-06-05 16:13:38 [INFO] CUDA 初始化成功
2026-06-05 16:13:38 [INFO] 引擎加载成功: scrap_steel.engine
2026-06-05 16:13:38 [INFO] 分割系统初始化成功
2026-06-05 16:13:38 [INFO] 图像预处理完成，原始尺寸: (2160, 3840)
2026-06-05 16:13:38 [INFO] 开始执行分割...
2026-06-05 16:13:38 [DEBUG] 处理后的检测结果形状: (1, 8400, 6)
2026-06-05 16:13:38 [DEBUG] 示例检测结果: [[-4.16635895e+00 -3.21444416e+00  3.91188774e+01  1.49253416e+01
   3.58375551e-08  5.00000000e+00]
 [-6.72962570e+00 -3.03815174e+00  4.47444420e+01  2.89659882e+01
   8.58793836e-09  9.00000000e+00]
 [-3.65643692e+00 -3.44684029e+00  4.59985466e+01  2.97699871e+01
   3.98843270e-09  9.00000000e+00]]
2026-06-05 16:13:38 [DEBUG] 处理后检测输出形状: (0, 52)
2026-06-05 16:13:38 [DEBUG] 有效检测数量: 0
2026-06-05 16:13:38 [DEBUG] 检测输出为空
2026-06-05 16:13:38 [INFO] 掩码中检测到的类别: [0, 1, 2, 3, 4, 5, 6, 7, 8, 9, 10, 11, 12, 13, 14, 15]
2026-06-05 16:13:38 [INFO] 分割完成，检测到 0 个物体
2026-06-05 16:13:38 [INFO] 从分割掩码中提取检测结果
2026-06-05 16:13:39 [INFO] 从掩码中提取了 570 个检测框
2026-06-05 16:13:39 [INFO] 计算出的车框矩形边界: (1094, 659) to (3277, 1641)
2026-06-05 16:13:39 [INFO] 原始检测数: 570, 过滤后检测数: 247
2026-06-05 16:13:39 [INFO] 保存分割和检测结果到: C:\code\show\Scrap_Steel_In_Field\photos\segmentation\segment_20260605_161339.jpg
2026-06-05 16:13:39 [INFO] JSON结果保存到: C:\code\show\Scrap_Steel_In_Field\photos\segmentation_result.json
2026-06-05 16:13:39 [INFO] 类别统计：{0: 52, 1: 54, 2: 32, 3: 9, 4: 42, 5: 40, 6: 32, 7: 31, 8: 61, 9: 62, 10: 36, 11: 19, 12: 22, 13: 50, 14: 0, 15: 28}
2026-06-05 16:13:39 [INFO] 面积统计：{0: 3213720.0, 1: 769212.0, 2: 50796.0, 3: 156240.0, 4: 160488.0, 5: 98532.0, 6: 565380.0, 7: 43704.0, 8: 997020.0, 9: 346644.0, 10: 165240.0, 11: 380844.0, 12: 48996.0, 13: 657180.0, 14: 144.0, 15: 67824.0}
2026-06-05 16:13:39 [INFO] 分割成功
2026-06-05 16:13:39 [INFO] 引擎上下文已释放
2026-06-05 16:13:39 [INFO] TensorRT 引擎已释放
2026-06-05 16:13:39 [INFO] 全局 CUDA 资源已释放
2026-06-05 16:13:39 [INFO] 分割系统资源已释放
2026-06-05 16:13:43 [INFO] CUDA 初始化成功
2026-06-05 16:13:44 [INFO] 引擎加载成功: scrap_steel.engine
2026-06-05 16:13:44 [INFO] 分割系统初始化成功
2026-06-05 16:13:44 [INFO] 图像预处理完成，原始尺寸: (2160, 3840)
2026-06-05 16:13:44 [INFO] 开始执行分割...
2026-06-05 16:13:44 [DEBUG] 处理后的检测结果形状: (1, 8400, 6)
2026-06-05 16:13:44 [DEBUG] 示例检测结果: [[-4.18506622e+00 -3.19164467e+00  3.91084976e+01  1.47096386e+01
   3.59780223e-08  5.00000000e+00]
 [-6.81077957e+00 -3.02214241e+00  4.47323036e+01  2.86430893e+01
   8.53323812e-09  9.00000000e+00]
 [-3.69347382e+00 -3.41892052e+00  4.59584808e+01  2.95713558e+01
   3.95574062e-09  9.00000000e+00]]
2026-06-05 16:13:44 [DEBUG] 处理后检测输出形状: (0, 52)
2026-06-05 16:13:44 [DEBUG] 有效检测数量: 0
2026-06-05 16:13:44 [DEBUG] 检测输出为空
2026-06-05 16:13:44 [INFO] 掩码中检测到的类别: [0, 1, 2, 3, 4, 5, 6, 7, 8, 9, 10, 11, 12, 13, 14, 15]
2026-06-05 16:13:44 [INFO] 分割完成，检测到 0 个物体
2026-06-05 16:13:44 [INFO] 从分割掩码中提取检测结果
2026-06-05 16:13:44 [INFO] 从掩码中提取了 566 个检测框
2026-06-05 16:13:44 [INFO] 计算出的车框矩形边界: (1095, 659) to (3278, 1641)
2026-06-05 16:13:44 [INFO] 原始检测数: 566, 过滤后检测数: 252
2026-06-05 16:13:45 [INFO] 保存分割和检测结果到: C:\code\show\Scrap_Steel_In_Field\photos\segmentation\segment_20260605_161344.jpg
2026-06-05 16:13:45 [INFO] JSON结果保存到: C:\code\show\Scrap_Steel_In_Field\photos\segmentation_result.json
2026-06-05 16:13:45 [INFO] 类别统计：{0: 54, 1: 48, 2: 25, 3: 9, 4: 44, 5: 42, 6: 33, 7: 40, 8: 59, 9: 63, 10: 30, 11: 18, 12: 19, 13: 54, 14: 0, 15: 28}
2026-06-05 16:13:45 [INFO] 面积统计：{0: 3102228.0, 1: 786384.0, 2: 51588.0, 3: 154116.0, 4: 146880.0, 5: 104040.0, 6: 578916.0, 7: 52740.0, 8: 1035972.0, 9: 360684.0, 10: 163116.0, 11: 380736.0, 12: 38160.0, 13: 647676.0, 14: 144.0, 15: 70056.0}
2026-06-05 16:13:45 [INFO] 分割成功
2026-06-05 16:13:45 [INFO] 引擎上下文已释放
2026-06-05 16:13:45 [INFO] TensorRT 引擎已释放
2026-06-05 16:13:45 [INFO] 全局 CUDA 资源已释放
2026-06-05 16:13:45 [INFO] 分割系统资源已释放
2026-06-05 16:13:49 [INFO] CUDA 初始化成功
2026-06-05 16:13:49 [INFO] 引擎加载成功: scrap_steel.engine
2026-06-05 16:13:49 [INFO] 分割系统初始化成功
2026-06-05 16:13:49 [INFO] 图像预处理完成，原始尺寸: (2160, 3840)
2026-06-05 16:13:49 [INFO] 开始执行分割...
2026-06-05 16:13:49 [DEBUG] 处理后的检测结果形状: (1, 8400, 6)
2026-06-05 16:13:49 [DEBUG] 示例检测结果: [[-4.15133667e+00 -3.16123629e+00  3.91435089e+01  1.46745605e+01
   3.59780223e-08  5.00000000e+00]
 [-6.71643829e+00 -2.95531082e+00  4.48399010e+01  2.85724678e+01
   8.58793836e-09  9.00000000e+00]
 [-3.67602921e+00 -3.37763023e+00  4.59619904e+01  2.96478138e+01
   3.98843270e-09  9.00000000e+00]]
2026-06-05 16:13:49 [DEBUG] 处理后检测输出形状: (0, 52)
2026-06-05 16:13:49 [DEBUG] 有效检测数量: 0
2026-06-05 16:13:49 [DEBUG] 检测输出为空
2026-06-05 16:13:49 [INFO] 掩码中检测到的类别: [0, 1, 2, 3, 4, 5, 6, 7, 8, 9, 10, 11, 12, 13, 14, 15]
2026-06-05 16:13:49 [INFO] 分割完成，检测到 0 个物体
2026-06-05 16:13:49 [INFO] 从分割掩码中提取检测结果
2026-06-05 16:13:49 [INFO] 从掩码中提取了 559 个检测框
2026-06-05 16:13:49 [INFO] 计算出的车框矩形边界: (1095, 660) to (3278, 1647)
2026-06-05 16:13:49 [INFO] 原始检测数: 559, 过滤后检测数: 240
2026-06-05 16:13:50 [INFO] 保存分割和检测结果到: C:\code\show\Scrap_Steel_In_Field\photos\segmentation\segment_20260605_161349.jpg
2026-06-05 16:13:50 [INFO] JSON结果保存到: C:\code\show\Scrap_Steel_In_Field\photos\segmentation_result.json
2026-06-05 16:13:50 [INFO] 类别统计：{0: 53, 1: 44, 2: 27, 3: 10, 4: 42, 5: 40, 6: 39, 7: 38, 8: 60, 9: 62, 10: 34, 11: 19, 12: 18, 13: 47, 14: 0, 15: 26}
2026-06-05 16:13:50 [INFO] 面积统计：{0: 3086928.0, 1: 758880.0, 2: 59904.0, 3: 152784.0, 4: 172692.0, 5: 100800.0, 6: 542484.0, 7: 56520.0, 8: 1066536.0, 9: 334944.0, 10: 168300.0, 11: 380448.0, 12: 66816.0, 13: 653508.0, 14: 72.0, 15: 75456.0}
2026-06-05 16:13:50 [INFO] 分割成功
2026-06-05 16:13:50 [INFO] 引擎上下文已释放
2026-06-05 16:13:50 [INFO] TensorRT 引擎已释放
2026-06-05 16:13:50 [INFO] 全局 CUDA 资源已释放
2026-06-05 16:13:50 [INFO] 分割系统资源已释放
2026-06-05 16:13:54 [INFO] CUDA 初始化成功
2026-06-05 16:13:54 [INFO] 引擎加载成功: scrap_steel.engine
2026-06-05 16:13:54 [INFO] 分割系统初始化成功
2026-06-05 16:13:54 [INFO] 图像预处理完成，原始尺寸: (2160, 3840)
2026-06-05 16:13:54 [INFO] 开始执行分割...
2026-06-05 16:13:54 [DEBUG] 处理后的检测结果形状: (1, 8400, 6)
2026-06-05 16:13:54 [DEBUG] 示例检测结果: [[-4.18041992e+00 -3.19222164e+00  3.90554886e+01  1.47274485e+01
   3.51535725e-08  5.00000000e+00]
 [-6.80792618e+00 -3.02470398e+00  4.48404503e+01  2.87999268e+01
   8.39436609e-09  9.00000000e+00]
 [-3.70772552e+00 -3.42757511e+00  4.60175552e+01  2.96859665e+01
   3.92500432e-09  9.00000000e+00]]
2026-06-05 16:13:54 [DEBUG] 处理后检测输出形状: (0, 52)
2026-06-05 16:13:54 [DEBUG] 有效检测数量: 0
2026-06-05 16:13:54 [DEBUG] 检测输出为空
2026-06-05 16:13:54 [INFO] 掩码中检测到的类别: [0, 1, 2, 3, 4, 5, 6, 7, 8, 9, 10, 11, 12, 13, 14, 15]
2026-06-05 16:13:54 [INFO] 分割完成，检测到 0 个物体
2026-06-05 16:13:54 [INFO] 从分割掩码中提取检测结果
2026-06-05 16:13:54 [INFO] 从掩码中提取了 542 个检测框
2026-06-05 16:13:54 [INFO] 计算出的车框矩形边界: (1095, 663) to (3277, 1640)
2026-06-05 16:13:54 [INFO] 原始检测数: 542, 过滤后检测数: 255
2026-06-05 16:13:55 [INFO] 保存分割和检测结果到: C:\code\show\Scrap_Steel_In_Field\photos\segmentation\segment_20260605_161354.jpg
2026-06-05 16:13:55 [INFO] JSON结果保存到: C:\code\show\Scrap_Steel_In_Field\photos\segmentation_result.json
2026-06-05 16:13:55 [INFO] 类别统计：{0: 48, 1: 48, 2: 25, 3: 10, 4: 35, 5: 37, 6: 36, 7: 35, 8: 60, 9: 66, 10: 32, 11: 18, 12: 21, 13: 50, 14: 0, 15: 21}
2026-06-05 16:13:55 [INFO] 面积统计：{0: 3156552.0, 1: 776700.0, 2: 58248.0, 3: 147852.0, 4: 175536.0, 5: 105804.0, 6: 546840.0, 7: 49752.0, 8: 1015092.0, 9: 355500.0, 10: 167904.0, 11: 374616.0, 12: 49752.0, 13: 655272.0, 14: 108.0, 15: 73872.0}
2026-06-05 16:13:55 [INFO] 分割成功
2026-06-05 16:13:55 [INFO] 引擎上下文已释放
2026-06-05 16:13:55 [INFO] TensorRT 引擎已释放
2026-06-05 16:13:55 [INFO] 全局 CUDA 资源已释放
2026-06-05 16:13:55 [INFO] 分割系统资源已释放
2026-06-05 16:13:59 [INFO] CUDA 初始化成功
2026-06-05 16:13:59 [INFO] 引擎加载成功: scrap_steel.engine
2026-06-05 16:13:59 [INFO] 分割系统初始化成功
2026-06-05 16:13:59 [INFO] 图像预处理完成，原始尺寸: (2160, 3840)
2026-06-05 16:13:59 [INFO] 开始执行分割...
2026-06-05 16:13:59 [DEBUG] 处理后的检测结果形状: (1, 8400, 6)
2026-06-05 16:13:59 [DEBUG] 示例检测结果: [[-4.15531158e+00 -3.18076134e+00  3.91303215e+01  1.47577648e+01
   3.56970844e-08  5.00000000e+00]
 [-6.71887589e+00 -3.01536179e+00  4.48431587e+01  2.87022820e+01
   8.60057625e-09  9.00000000e+00]
 [-3.66670227e+00 -3.40918541e+00  4.60278931e+01  2.96807575e+01
   4.00403621e-09  9.00000000e+00]]
2026-06-05 16:13:59 [DEBUG] 处理后检测输出形状: (0, 52)
2026-06-05 16:13:59 [DEBUG] 有效检测数量: 0
2026-06-05 16:13:59 [DEBUG] 检测输出为空
2026-06-05 16:13:59 [INFO] 掩码中检测到的类别: [0, 1, 2, 3, 4, 5, 6, 7, 8, 9, 10, 11, 12, 13, 14, 15]
2026-06-05 16:13:59 [INFO] 分割完成，检测到 0 个物体
2026-06-05 16:13:59 [INFO] 从分割掩码中提取检测结果
2026-06-05 16:14:00 [INFO] 从掩码中提取了 550 个检测框
2026-06-05 16:14:00 [INFO] 计算出的车框矩形边界: (1095, 660) to (3275, 1647)
2026-06-05 16:14:00 [INFO] 原始检测数: 550, 过滤后检测数: 245
2026-06-05 16:14:00 [INFO] 保存分割和检测结果到: C:\code\show\Scrap_Steel_In_Field\photos\segmentation\segment_20260605_161400.jpg
2026-06-05 16:14:00 [INFO] JSON结果保存到: C:\code\show\Scrap_Steel_In_Field\photos\segmentation_result.json
2026-06-05 16:14:00 [INFO] 类别统计：{0: 54, 1: 46, 2: 28, 3: 12, 4: 42, 5: 36, 6: 33, 7: 33, 8: 60, 9: 54, 10: 35, 11: 17, 12: 23, 13: 49, 14: 0, 15: 28}
2026-06-05 16:14:00 [INFO] 面积统计：{0: 3042468.0, 1: 774972.0, 2: 56052.0, 3: 154332.0, 4: 167364.0, 5: 104184.0, 6: 548064.0, 7: 50328.0, 8: 1033812.0, 9: 346356.0, 10: 162000.0, 11: 384264.0, 12: 49104.0, 13: 654912.0, 14: 144.0, 15: 73872.0}
2026-06-05 16:14:00 [INFO] 分割成功
2026-06-05 16:14:00 [INFO] 引擎上下文已释放
2026-06-05 16:14:00 [INFO] TensorRT 引擎已释放
2026-06-05 16:14:00 [INFO] 全局 CUDA 资源已释放
2026-06-05 16:14:00 [INFO] 分割系统资源已释放
2026-06-05 16:14:04 [INFO] CUDA 初始化成功
2026-06-05 16:14:04 [INFO] 引擎加载成功: scrap_steel.engine
2026-06-05 16:14:04 [INFO] 分割系统初始化成功
2026-06-05 16:14:04 [INFO] 图像预处理完成，原始尺寸: (2160, 3840)
2026-06-05 16:14:04 [INFO] 开始执行分割...
2026-06-05 16:14:04 [DEBUG] 处理后的检测结果形状: (1, 8400, 6)
2026-06-05 16:14:04 [DEBUG] 示例检测结果: [[-4.15694046e+00 -3.17094898e+00  3.90058365e+01  1.46065149e+01
   3.54253302e-08  5.00000000e+00]
 [-6.78200150e+00 -3.02409172e+00  4.47384071e+01  2.86262894e+01
   8.60057625e-09  9.00000000e+00]
 [-3.67160416e+00 -3.39247799e+00  4.58945389e+01  2.95188370e+01
   3.97121624e-09  9.00000000e+00]]
2026-06-05 16:14:04 [DEBUG] 处理后检测输出形状: (0, 52)
2026-06-05 16:14:04 [DEBUG] 有效检测数量: 0
2026-06-05 16:14:04 [DEBUG] 检测输出为空
2026-06-05 16:14:04 [INFO] 掩码中检测到的类别: [0, 1, 2, 3, 4, 5, 6, 7, 8, 9, 10, 11, 12, 13, 14, 15]
2026-06-05 16:14:04 [INFO] 分割完成，检测到 0 个物体
2026-06-05 16:14:04 [INFO] 从分割掩码中提取检测结果
2026-06-05 16:14:05 [INFO] 从掩码中提取了 571 个检测框
2026-06-05 16:14:05 [INFO] 计算出的车框矩形边界: (1095, 659) to (3278, 1640)
2026-06-05 16:14:05 [INFO] 原始检测数: 571, 过滤后检测数: 257
2026-06-05 16:14:05 [INFO] 保存分割和检测结果到: C:\code\show\Scrap_Steel_In_Field\photos\segmentation\segment_20260605_161405.jpg
2026-06-05 16:14:05 [INFO] JSON结果保存到: C:\code\show\Scrap_Steel_In_Field\photos\segmentation_result.json
2026-06-05 16:14:05 [INFO] 类别统计：{0: 50, 1: 54, 2: 29, 3: 11, 4: 40, 5: 31, 6: 39, 7: 38, 8: 63, 9: 70, 10: 35, 11: 17, 12: 22, 13: 49, 14: 0, 15: 23}
2026-06-05 16:14:05 [INFO] 面积统计：{0: 3061080.0, 1: 789948.0, 2: 59472.0, 3: 148644.0, 4: 161640.0, 5: 103500.0, 6: 561348.0, 7: 49500.0, 8: 1047888.0, 9: 320976.0, 10: 162180.0, 11: 382212.0, 12: 38916.0, 13: 658692.0, 14: 108.0, 15: 69372.0}
2026-06-05 16:14:05 [INFO] 分割成功
2026-06-05 16:14:05 [INFO] 引擎上下文已释放
2026-06-05 16:14:05 [INFO] TensorRT 引擎已释放
2026-06-05 16:14:05 [INFO] 全局 CUDA 资源已释放
2026-06-05 16:14:05 [INFO] 分割系统资源已释放
2026-06-05 16:14:09 [INFO] CUDA 初始化成功
2026-06-05 16:14:10 [INFO] 引擎加载成功: scrap_steel.engine
2026-06-05 16:14:10 [INFO] 分割系统初始化成功
2026-06-05 16:14:10 [INFO] 图像预处理完成，原始尺寸: (2160, 3840)
2026-06-05 16:14:10 [INFO] 开始执行分割...
2026-06-05 16:14:10 [DEBUG] 处理后的检测结果形状: (1, 8400, 6)
2026-06-05 16:14:10 [DEBUG] 示例检测结果: [[-4.18331146e+00 -3.19292259e+00  3.90804672e+01  1.47664642e+01
   3.57041294e-08  5.00000000e+00]
 [-6.77957535e+00 -3.02248573e+00  4.47327614e+01  2.87553978e+01
   8.39436609e-09  9.00000000e+00]
 [-3.67624664e+00 -3.40193653e+00  4.59226227e+01  2.96742134e+01
   3.86251031e-09  9.00000000e+00]]
2026-06-05 16:14:10 [DEBUG] 处理后检测输出形状: (0, 52)
2026-06-05 16:14:10 [DEBUG] 有效检测数量: 0
2026-06-05 16:14:10 [DEBUG] 检测输出为空
2026-06-05 16:14:10 [INFO] 掩码中检测到的类别: [0, 1, 2, 3, 4, 5, 6, 7, 8, 9, 10, 11, 12, 13, 14, 15]
2026-06-05 16:14:10 [INFO] 分割完成，检测到 0 个物体
2026-06-05 16:14:10 [INFO] 从分割掩码中提取检测结果
2026-06-05 16:14:10 [INFO] 从掩码中提取了 556 个检测框
2026-06-05 16:14:10 [INFO] 计算出的车框矩形边界: (1095, 658) to (3278, 1640)
2026-06-05 16:14:10 [INFO] 原始检测数: 556, 过滤后检测数: 250
2026-06-05 16:14:11 [INFO] 保存分割和检测结果到: C:\code\show\Scrap_Steel_In_Field\photos\segmentation\segment_20260605_161410.jpg
2026-06-05 16:14:11 [INFO] JSON结果保存到: C:\code\show\Scrap_Steel_In_Field\photos\segmentation_result.json
2026-06-05 16:14:11 [INFO] 类别统计：{0: 54, 1: 48, 2: 26, 3: 10, 4: 41, 5: 33, 6: 35, 7: 30, 8: 68, 9: 61, 10: 36, 11: 17, 12: 23, 13: 53, 14: 0, 15: 21}
2026-06-05 16:14:11 [INFO] 面积统计：{0: 2991744.0, 1: 780156.0, 2: 50076.0, 3: 158040.0, 4: 179928.0, 5: 99252.0, 6: 557604.0, 7: 47376.0, 8: 1059336.0, 9: 342468.0, 10: 165528.0, 11: 388332.0, 12: 55080.0, 13: 655596.0, 14: 108.0, 15: 64008.0}
2026-06-05 16:14:11 [INFO] 分割成功
2026-06-05 16:14:11 [INFO] 引擎上下文已释放
2026-06-05 16:14:11 [INFO] TensorRT 引擎已释放
2026-06-05 16:14:11 [INFO] 全局 CUDA 资源已释放
2026-06-05 16:14:11 [INFO] 分割系统资源已释放
2026-06-05 16:14:15 [INFO] CUDA 初始化成功
2026-06-05 16:14:15 [INFO] 引擎加载成功: scrap_steel.engine
2026-06-05 16:14:15 [INFO] 分割系统初始化成功
2026-06-05 16:14:15 [INFO] 图像预处理完成，原始尺寸: (2160, 3840)
2026-06-05 16:14:15 [INFO] 开始执行分割...
2026-06-05 16:14:15 [DEBUG] 处理后的检测结果形状: (1, 8400, 6)
2026-06-05 16:14:15 [DEBUG] 示例检测结果: [[-4.18402481e+00 -3.18016720e+00  3.91219978e+01  1.47080698e+01
   3.62519188e-08  5.00000000e+00]
 [-6.75493622e+00 -3.02372932e+00  4.47473373e+01  2.87698498e+01
   8.59337046e-09  9.00000000e+00]
 [-3.67622375e+00 -3.41726875e+00  4.59684525e+01  2.97070141e+01
   3.95744237e-09  9.00000000e+00]]
2026-06-05 16:14:15 [DEBUG] 处理后检测输出形状: (0, 52)
2026-06-05 16:14:15 [DEBUG] 有效检测数量: 0
2026-06-05 16:14:15 [DEBUG] 检测输出为空
2026-06-05 16:14:15 [INFO] 掩码中检测到的类别: [0, 1, 2, 3, 4, 5, 6, 7, 8, 9, 10, 11, 12, 13, 14, 15]
2026-06-05 16:14:15 [INFO] 分割完成，检测到 0 个物体
2026-06-05 16:14:15 [INFO] 从分割掩码中提取检测结果
2026-06-05 16:14:15 [INFO] 从掩码中提取了 578 个检测框
2026-06-05 16:14:15 [INFO] 计算出的车框矩形边界: (1095, 661) to (3277, 1641)
2026-06-05 16:14:15 [INFO] 原始检测数: 578, 过滤后检测数: 251
2026-06-05 16:14:16 [INFO] 保存分割和检测结果到: C:\code\show\Scrap_Steel_In_Field\photos\segmentation\segment_20260605_161415.jpg
2026-06-05 16:14:16 [INFO] JSON结果保存到: C:\code\show\Scrap_Steel_In_Field\photos\segmentation_result.json
2026-06-05 16:14:16 [INFO] 类别统计：{0: 53, 1: 56, 2: 26, 3: 9, 4: 40, 5: 38, 6: 37, 7: 39, 8: 58, 9: 59, 10: 33, 11: 19, 12: 25, 13: 61, 14: 0, 15: 25}
2026-06-05 16:14:16 [INFO] 面积统计：{0: 3149280.0, 1: 777888.0, 2: 55008.0, 3: 146628.0, 4: 151236.0, 5: 102312.0, 6: 556416.0, 7: 53604.0, 8: 1025460.0, 9: 346392.0, 10: 159948.0, 11: 376632.0, 12: 44532.0, 13: 663048.0, 14: 180.0, 15: 73584.0}
2026-06-05 16:14:16 [INFO] 分割成功
2026-06-05 16:14:16 [INFO] 引擎上下文已释放
2026-06-05 16:14:16 [INFO] TensorRT 引擎已释放
2026-06-05 16:14:16 [INFO] 全局 CUDA 资源已释放
2026-06-05 16:14:16 [INFO] 分割系统资源已释放
2026-06-05 16:14:20 [INFO] CUDA 初始化成功
2026-06-05 16:14:20 [INFO] 引擎加载成功: scrap_steel.engine
2026-06-05 16:14:20 [INFO] 分割系统初始化成功
2026-06-05 16:14:20 [INFO] 图像预处理完成，原始尺寸: (2160, 3840)
2026-06-05 16:14:20 [INFO] 开始执行分割...
2026-06-05 16:14:20 [DEBUG] 处理后的检测结果形状: (1, 8400, 6)
2026-06-05 16:14:20 [DEBUG] 示例检测结果: [[-4.15365982e+00 -3.16947031e+00  3.89837303e+01  1.46634235e+01
   3.54253302e-08  5.00000000e+00]
 [-6.76661301e+00 -3.01029015e+00  4.47138557e+01  2.87181892e+01
   8.49368575e-09  9.00000000e+00]
 [-3.68524170e+00 -3.40319538e+00  4.59583511e+01  2.96207542e+01
   4.00403621e-09  9.00000000e+00]]
2026-06-05 16:14:20 [DEBUG] 处理后检测输出形状: (0, 52)
2026-06-05 16:14:20 [DEBUG] 有效检测数量: 0
2026-06-05 16:14:20 [DEBUG] 检测输出为空
2026-06-05 16:14:20 [INFO] 掩码中检测到的类别: [0, 1, 2, 3, 4, 5, 6, 7, 8, 9, 10, 11, 12, 13, 14, 15]
2026-06-05 16:14:20 [INFO] 分割完成，检测到 0 个物体
2026-06-05 16:14:20 [INFO] 从分割掩码中提取检测结果
2026-06-05 16:14:20 [INFO] 从掩码中提取了 557 个检测框
2026-06-05 16:14:20 [INFO] 计算出的车框矩形边界: (1095, 659) to (3276, 1641)
2026-06-05 16:14:20 [INFO] 原始检测数: 557, 过滤后检测数: 249
2026-06-05 16:14:21 [INFO] 保存分割和检测结果到: C:\code\show\Scrap_Steel_In_Field\photos\segmentation\segment_20260605_161420.jpg
2026-06-05 16:14:21 [INFO] JSON结果保存到: C:\code\show\Scrap_Steel_In_Field\photos\segmentation_result.json
2026-06-05 16:14:21 [INFO] 类别统计：{0: 53, 1: 47, 2: 28, 3: 7, 4: 35, 5: 37, 6: 33, 7: 38, 8: 67, 9: 55, 10: 35, 11: 20, 12: 23, 13: 52, 14: 0, 15: 27}
2026-06-05 16:14:21 [INFO] 面积统计：{0: 3147048.0, 1: 766260.0, 2: 55224.0, 3: 152244.0, 4: 140688.0, 5: 100440.0, 6: 530208.0, 7: 52596.0, 8: 988632.0, 9: 353052.0, 10: 162756.0, 11: 374652.0, 12: 54900.0, 13: 650844.0, 14: 180.0, 15: 82548.0}
2026-06-05 16:14:21 [INFO] 分割成功
2026-06-05 16:14:21 [INFO] 引擎上下文已释放
2026-06-05 16:14:21 [INFO] TensorRT 引擎已释放
2026-06-05 16:14:21 [INFO] 全局 CUDA 资源已释放
2026-06-05 16:14:21 [INFO] 分割系统资源已释放
2026-06-05 16:14:25 [INFO] CUDA 初始化成功
2026-06-05 16:14:25 [INFO] 引擎加载成功: scrap_steel.engine
2026-06-05 16:14:25 [INFO] 分割系统初始化成功
2026-06-05 16:14:25 [INFO] 图像预处理完成，原始尺寸: (2160, 3840)
2026-06-05 16:14:25 [INFO] 开始执行分割...
2026-06-05 16:14:25 [DEBUG] 处理后的检测结果形状: (1, 8400, 6)
2026-06-05 16:14:25 [DEBUG] 示例检测结果: [[-4.18656540e+00 -3.18949127e+00  3.90258751e+01  1.48166752e+01
   3.59780223e-08  5.00000000e+00]
 [-6.79368210e+00 -3.03436470e+00  4.47340355e+01  2.87820759e+01
   8.52706705e-09  9.00000000e+00]
 [-3.68707275e+00 -3.44809914e+00  4.59480515e+01  2.96785755e+01
   3.92500432e-09  9.00000000e+00]]
2026-06-05 16:14:25 [DEBUG] 处理后检测输出形状: (0, 52)
2026-06-05 16:14:25 [DEBUG] 有效检测数量: 0
2026-06-05 16:14:25 [DEBUG] 检测输出为空
2026-06-05 16:14:25 [INFO] 掩码中检测到的类别: [0, 1, 2, 3, 4, 5, 6, 7, 8, 9, 10, 11, 12, 13, 14, 15]
2026-06-05 16:14:25 [INFO] 分割完成，检测到 0 个物体
2026-06-05 16:14:25 [INFO] 从分割掩码中提取检测结果
2026-06-05 16:14:26 [INFO] 从掩码中提取了 586 个检测框
2026-06-05 16:14:26 [INFO] 计算出的车框矩形边界: (1095, 659) to (3278, 1640)
2026-06-05 16:14:26 [INFO] 原始检测数: 586, 过滤后检测数: 259
2026-06-05 16:14:26 [INFO] 保存分割和检测结果到: C:\code\show\Scrap_Steel_In_Field\photos\segmentation\segment_20260605_161426.jpg
2026-06-05 16:14:26 [INFO] JSON结果保存到: C:\code\show\Scrap_Steel_In_Field\photos\segmentation_result.json
2026-06-05 16:14:26 [INFO] 类别统计：{0: 56, 1: 53, 2: 30, 3: 11, 4: 37, 5: 38, 6: 37, 7: 43, 8: 56, 9: 63, 10: 35, 11: 20, 12: 24, 13: 55, 14: 0, 15: 28}
2026-06-05 16:14:26 [INFO] 面积统计：{0: 3082464.0, 1: 776484.0, 2: 62028.0, 3: 148140.0, 4: 172152.0, 5: 110196.0, 6: 536868.0, 7: 53388.0, 8: 995940.0, 9: 364860.0, 10: 159336.0, 11: 348624.0, 12: 47772.0, 13: 657432.0, 14: 144.0, 15: 65052.0}
2026-06-05 16:14:26 [INFO] 分割成功
2026-06-05 16:14:26 [INFO] 引擎上下文已释放
2026-06-05 16:14:26 [INFO] TensorRT 引擎已释放
2026-06-05 16:14:26 [INFO] 全局 CUDA 资源已释放
2026-06-05 16:14:26 [INFO] 分割系统资源已释放
2026-06-05 16:14:30 [INFO] CUDA 初始化成功
2026-06-05 16:14:30 [INFO] 引擎加载成功: scrap_steel.engine
2026-06-05 16:14:30 [INFO] 分割系统初始化成功
2026-06-05 16:14:30 [INFO] 图像预处理完成，原始尺寸: (2160, 3840)
2026-06-05 16:14:30 [INFO] 开始执行分割...
2026-06-05 16:14:30 [DEBUG] 处理后的检测结果形状: (1, 8400, 6)
2026-06-05 16:14:30 [DEBUG] 示例检测结果: [[-4.19927979e+00 -3.20207596e+00  3.91774559e+01  1.48130531e+01
   3.62519188e-08  5.00000000e+00]
 [-6.79233551e+00 -3.03834534e+00  4.47892570e+01  2.88331165e+01
   8.53323812e-09  9.00000000e+00]
 [-3.68595123e+00 -3.43058586e+00  4.59776764e+01  2.96897106e+01
   3.97304589e-09  9.00000000e+00]]
2026-06-05 16:14:30 [DEBUG] 处理后检测输出形状: (0, 52)
2026-06-05 16:14:30 [DEBUG] 有效检测数量: 0
2026-06-05 16:14:30 [DEBUG] 检测输出为空
2026-06-05 16:14:30 [INFO] 掩码中检测到的类别: [0, 1, 2, 3, 4, 5, 6, 7, 8, 9, 10, 11, 12, 13, 14, 15]
2026-06-05 16:14:30 [INFO] 分割完成，检测到 0 个物体
2026-06-05 16:14:30 [INFO] 从分割掩码中提取检测结果
2026-06-05 16:14:31 [INFO] 从掩码中提取了 523 个检测框
2026-06-05 16:14:31 [INFO] 计算出的车框矩形边界: (1094, 663) to (3277, 1647)
2026-06-05 16:14:31 [INFO] 原始检测数: 523, 过滤后检测数: 233
2026-06-05 16:14:31 [INFO] 保存分割和检测结果到: C:\code\show\Scrap_Steel_In_Field\photos\segmentation\segment_20260605_161431.jpg
2026-06-05 16:14:31 [INFO] JSON结果保存到: C:\code\show\Scrap_Steel_In_Field\photos\segmentation_result.json
2026-06-05 16:14:31 [INFO] 类别统计：{0: 30, 1: 50, 2: 27, 3: 7, 4: 42, 5: 35, 6: 39, 7: 36, 8: 59, 9: 55, 10: 35, 11: 18, 12: 18, 13: 45, 14: 0, 15: 27}
2026-06-05 16:14:31 [INFO] 面积统计：{0: 3101652.0, 1: 810540.0, 2: 43524.0, 3: 161136.0, 4: 170100.0, 5: 96336.0, 6: 538308.0, 7: 40284.0, 8: 996444.0, 9: 339696.0, 10: 163512.0, 11: 383688.0, 12: 58392.0, 13: 640404.0, 14: 144.0, 15: 90936.0}
2026-06-05 16:14:31 [INFO] 分割成功
2026-06-05 16:14:31 [INFO] 引擎上下文已释放
2026-06-05 16:14:31 [INFO] TensorRT 引擎已释放
2026-06-05 16:14:31 [INFO] 全局 CUDA 资源已释放
2026-06-05 16:14:31 [INFO] 分割系统资源已释放
2026-06-05 16:14:35 [INFO] CUDA 初始化成功
2026-06-05 16:14:35 [INFO] 引擎加载成功: scrap_steel.engine
2026-06-05 16:14:35 [INFO] 分割系统初始化成功
2026-06-05 16:14:35 [INFO] 图像预处理完成，原始尺寸: (2160, 3840)
2026-06-05 16:14:35 [INFO] 开始执行分割...
2026-06-05 16:14:35 [DEBUG] 处理后的检测结果形状: (1, 8400, 6)
2026-06-05 16:14:35 [DEBUG] 示例检测结果: [[-4.18311691e+00 -3.19031143e+00  3.89569054e+01  1.47145252e+01
   3.50168534e-08  5.00000000e+00]
 [-6.73235321e+00 -3.02533531e+00  4.47194252e+01  2.86654377e+01
   8.34009217e-09  9.00000000e+00]
 [-3.67445374e+00 -3.40360832e+00  4.58813858e+01  2.95031567e+01
   3.89256627e-09  9.00000000e+00]]
2026-06-05 16:14:35 [DEBUG] 处理后检测输出形状: (0, 52)
2026-06-05 16:14:35 [DEBUG] 有效检测数量: 0
2026-06-05 16:14:35 [DEBUG] 检测输出为空
2026-06-05 16:14:36 [INFO] 掩码中检测到的类别: [0, 1, 2, 3, 4, 5, 6, 7, 8, 9, 10, 11, 12, 13, 14, 15]
2026-06-05 16:14:36 [INFO] 分割完成，检测到 0 个物体
2026-06-05 16:14:36 [INFO] 从分割掩码中提取检测结果
2026-06-05 16:14:36 [INFO] 从掩码中提取了 573 个检测框
2026-06-05 16:14:36 [INFO] 计算出的车框矩形边界: (1094, 658) to (3278, 1640)
2026-06-05 16:14:36 [INFO] 原始检测数: 573, 过滤后检测数: 251
2026-06-05 16:14:36 [INFO] 保存分割和检测结果到: C:\code\show\Scrap_Steel_In_Field\photos\segmentation\segment_20260605_161436.jpg
2026-06-05 16:14:36 [INFO] JSON结果保存到: C:\code\show\Scrap_Steel_In_Field\photos\segmentation_result.json
2026-06-05 16:14:36 [INFO] 类别统计：{0: 55, 1: 47, 2: 26, 3: 8, 4: 42, 5: 37, 6: 35, 7: 39, 8: 67, 9: 58, 10: 37, 11: 18, 12: 25, 13: 47, 14: 0, 15: 32}
2026-06-05 16:14:36 [INFO] 面积统计：{0: 3060144.0, 1: 777816.0, 2: 58500.0, 3: 154404.0, 4: 162072.0, 5: 100116.0, 6: 551592.0, 7: 51444.0, 8: 1018980.0, 9: 344016.0, 10: 161424.0, 11: 376020.0, 12: 61884.0, 13: 653904.0, 14: 72.0, 15: 79308.0}
2026-06-05 16:14:36 [INFO] 分割成功
2026-06-05 16:14:36 [INFO] 引擎上下文已释放
2026-06-05 16:14:36 [INFO] TensorRT 引擎已释放
2026-06-05 16:14:36 [INFO] 全局 CUDA 资源已释放
2026-06-05 16:14:36 [INFO] 分割系统资源已释放
2026-06-05 16:14:40 [INFO] CUDA 初始化成功
2026-06-05 16:14:40 [INFO] 引擎加载成功: scrap_steel.engine
2026-06-05 16:14:40 [INFO] 分割系统初始化成功
2026-06-05 16:14:41 [INFO] 图像预处理完成，原始尺寸: (2160, 3840)
2026-06-05 16:14:41 [INFO] 开始执行分割...
2026-06-05 16:14:41 [DEBUG] 处理后的检测结果形状: (1, 8400, 6)
2026-06-05 16:14:41 [DEBUG] 示例检测结果: [[-4.18019867e+00 -3.20360565e+00  3.92250557e+01  1.48416920e+01
   3.62519188e-08  5.00000000e+00]
 [-6.73222351e+00 -3.02361107e+00  4.48870544e+01  2.89167023e+01
   8.72921735e-09  9.00000000e+00]
 [-3.66222763e+00 -3.41589737e+00  4.59733047e+01  2.98069153e+01
   4.03685618e-09  9.00000000e+00]]
2026-06-05 16:14:41 [DEBUG] 处理后检测输出形状: (0, 52)
2026-06-05 16:14:41 [DEBUG] 有效检测数量: 0
2026-06-05 16:14:41 [DEBUG] 检测输出为空
2026-06-05 16:14:41 [INFO] 掩码中检测到的类别: [0, 1, 2, 3, 4, 5, 6, 7, 8, 9, 10, 11, 12, 13, 14, 15]
2026-06-05 16:14:41 [INFO] 分割完成，检测到 0 个物体
2026-06-05 16:14:41 [INFO] 从分割掩码中提取检测结果
2026-06-05 16:14:41 [INFO] 从掩码中提取了 587 个检测框
2026-06-05 16:14:41 [INFO] 计算出的车框矩形边界: (1095, 659) to (3278, 1640)
2026-06-05 16:14:41 [INFO] 原始检测数: 587, 过滤后检测数: 261
2026-06-05 16:14:42 [INFO] 保存分割和检测结果到: C:\code\show\Scrap_Steel_In_Field\photos\segmentation\segment_20260605_161441.jpg
2026-06-05 16:14:42 [INFO] JSON结果保存到: C:\code\show\Scrap_Steel_In_Field\photos\segmentation_result.json
2026-06-05 16:14:42 [INFO] 类别统计：{0: 64, 1: 48, 2: 33, 3: 11, 4: 39, 5: 38, 6: 39, 7: 35, 8: 66, 9: 65, 10: 36, 11: 14, 12: 20, 13: 56, 14: 0, 15: 23}
2026-06-05 16:14:42 [INFO] 面积统计：{0: 3091644.0, 1: 791244.0, 2: 59940.0, 3: 161136.0, 4: 171864.0, 5: 101592.0, 6: 548100.0, 7: 52344.0, 8: 1044684.0, 9: 365148.0, 10: 165672.0, 11: 370908.0, 12: 42228.0, 13: 663444.0, 14: 36.0, 15: 55440.0}
2026-06-05 16:14:42 [INFO] 分割成功
2026-06-05 16:14:42 [INFO] 引擎上下文已释放
2026-06-05 16:14:42 [INFO] TensorRT 引擎已释放
2026-06-05 16:14:42 [INFO] 全局 CUDA 资源已释放
2026-06-05 16:14:42 [INFO] 分割系统资源已释放
2026-06-05 16:14:46 [INFO] CUDA 初始化成功
2026-06-05 16:14:46 [INFO] 引擎加载成功: scrap_steel.engine
2026-06-05 16:14:46 [INFO] 分割系统初始化成功
2026-06-05 16:14:46 [INFO] 图像预处理完成，原始尺寸: (2160, 3840)
2026-06-05 16:14:46 [INFO] 开始执行分割...
2026-06-05 16:14:46 [DEBUG] 处理后的检测结果形状: (1, 8400, 6)
2026-06-05 16:14:46 [DEBUG] 示例检测结果: [[-4.21400070e+00 -3.20641041e+00  3.91981392e+01  1.48212824e+01
   3.59688421e-08  5.00000000e+00]
 [-6.79026794e+00 -3.02796745e+00  4.48115463e+01  2.88187084e+01
   8.62182326e-09  9.00000000e+00]
 [-3.68428421e+00 -3.40842438e+00  4.59785271e+01  2.96414909e+01
   3.95574062e-09  9.00000000e+00]]
2026-06-05 16:14:46 [DEBUG] 处理后检测输出形状: (0, 52)
2026-06-05 16:14:46 [DEBUG] 有效检测数量: 0
2026-06-05 16:14:46 [DEBUG] 检测输出为空
2026-06-05 16:14:46 [INFO] 掩码中检测到的类别: [0, 1, 2, 3, 4, 5, 6, 7, 8, 9, 10, 11, 12, 13, 14, 15]
2026-06-05 16:14:46 [INFO] 分割完成，检测到 0 个物体
2026-06-05 16:14:46 [INFO] 从分割掩码中提取检测结果
2026-06-05 16:14:46 [INFO] 从掩码中提取了 553 个检测框
2026-06-05 16:14:46 [INFO] 计算出的车框矩形边界: (1095, 659) to (3278, 1647)
2026-06-05 16:14:46 [INFO] 原始检测数: 553, 过滤后检测数: 251
2026-06-05 16:14:47 [INFO] 保存分割和检测结果到: C:\code\show\Scrap_Steel_In_Field\photos\segmentation\segment_20260605_161446.jpg
2026-06-05 16:14:47 [INFO] JSON结果保存到: C:\code\show\Scrap_Steel_In_Field\photos\segmentation_result.json
2026-06-05 16:14:47 [INFO] 类别统计：{0: 47, 1: 48, 2: 29, 3: 13, 4: 43, 5: 33, 6: 35, 7: 35, 8: 58, 9: 58, 10: 34, 11: 19, 12: 25, 13: 47, 14: 0, 15: 29}
2026-06-05 16:14:47 [INFO] 面积统计：{0: 3113064.0, 1: 784944.0, 2: 56412.0, 3: 152244.0, 4: 145800.0, 5: 103572.0, 6: 541872.0, 7: 44712.0, 8: 1030428.0, 9: 353448.0, 10: 160380.0, 11: 384732.0, 12: 51912.0, 13: 652680.0, 14: 144.0, 15: 62856.0}
2026-06-05 16:14:47 [INFO] 分割成功
2026-06-05 16:14:47 [INFO] 引擎上下文已释放
2026-06-05 16:14:47 [INFO] TensorRT 引擎已释放
2026-06-05 16:14:47 [INFO] 全局 CUDA 资源已释放
2026-06-05 16:14:47 [INFO] 分割系统资源已释放
2026-06-05 16:14:51 [INFO] CUDA 初始化成功
2026-06-05 16:14:51 [INFO] 引擎加载成功: scrap_steel.engine
2026-06-05 16:14:51 [INFO] 分割系统初始化成功
2026-06-05 16:14:51 [INFO] 图像预处理完成，原始尺寸: (2160, 3840)
2026-06-05 16:14:51 [INFO] 开始执行分割...
2026-06-05 16:14:51 [DEBUG] 处理后的检测结果形状: (1, 8400, 6)
2026-06-05 16:14:51 [DEBUG] 示例检测结果: [[-4.18491745e+00 -3.18376923e+00  3.90003319e+01  1.47907887e+01
   3.48801308e-08  5.00000000e+00]
 [-6.73273468e+00 -3.01750374e+00  4.46615562e+01  2.85818005e+01
   8.47193515e-09  9.00000000e+00]
 [-3.66680908e+00 -3.39835453e+00  4.59159851e+01  2.94441185e+01
   3.87634724e-09  9.00000000e+00]]
2026-06-05 16:14:51 [DEBUG] 处理后检测输出形状: (0, 52)
2026-06-05 16:14:51 [DEBUG] 有效检测数量: 0
2026-06-05 16:14:51 [DEBUG] 检测输出为空
2026-06-05 16:14:51 [INFO] 掩码中检测到的类别: [0, 1, 2, 3, 4, 5, 6, 7, 8, 9, 10, 11, 12, 13, 14, 15]
2026-06-05 16:14:51 [INFO] 分割完成，检测到 0 个物体
2026-06-05 16:14:51 [INFO] 从分割掩码中提取检测结果
2026-06-05 16:14:52 [INFO] 从掩码中提取了 563 个检测框
2026-06-05 16:14:52 [INFO] 计算出的车框矩形边界: (1095, 659) to (3275, 1641)
2026-06-05 16:14:52 [INFO] 原始检测数: 563, 过滤后检测数: 254
2026-06-05 16:14:52 [INFO] 保存分割和检测结果到: C:\code\show\Scrap_Steel_In_Field\photos\segmentation\segment_20260605_161452.jpg
2026-06-05 16:14:52 [INFO] JSON结果保存到: C:\code\show\Scrap_Steel_In_Field\photos\segmentation_result.json
2026-06-05 16:14:52 [INFO] 类别统计：{0: 56, 1: 56, 2: 30, 3: 8, 4: 38, 5: 36, 6: 34, 7: 37, 8: 61, 9: 58, 10: 33, 11: 22, 12: 15, 13: 52, 14: 0, 15: 27}
2026-06-05 16:14:52 [INFO] 面积统计：{0: 3163104.0, 1: 798768.0, 2: 55548.0, 3: 154260.0, 4: 150768.0, 5: 102924.0, 6: 548532.0, 7: 52200.0, 8: 1038384.0, 9: 357732.0, 10: 166032.0, 11: 371736.0, 12: 41148.0, 13: 660276.0, 14: 72.0, 15: 63576.0}
2026-06-05 16:14:52 [INFO] 分割成功
2026-06-05 16:14:52 [INFO] 引擎上下文已释放
2026-06-05 16:14:52 [INFO] TensorRT 引擎已释放
2026-06-05 16:14:52 [INFO] 全局 CUDA 资源已释放
2026-06-05 16:14:52 [INFO] 分割系统资源已释放
2026-06-05 16:14:56 [INFO] CUDA 初始化成功
2026-06-05 16:14:56 [INFO] 引擎加载成功: scrap_steel.engine
2026-06-05 16:14:56 [INFO] 分割系统初始化成功
2026-06-05 16:14:57 [INFO] 图像预处理完成，原始尺寸: (2160, 3840)
2026-06-05 16:14:57 [INFO] 开始执行分割...
2026-06-05 16:14:57 [DEBUG] 处理后的检测结果形状: (1, 8400, 6)
2026-06-05 16:14:57 [DEBUG] 示例检测结果: [[-4.18424988e+00 -3.18041039e+00  3.90548782e+01  1.47689419e+01
   3.59780223e-08  5.00000000e+00]
 [-6.79270172e+00 -3.02425385e+00  4.47219429e+01  2.87632656e+01
   8.52706705e-09  9.00000000e+00]
 [-3.66705322e+00 -3.40538311e+00  4.59080048e+01  2.95987968e+01
   3.87764487e-09  9.00000000e+00]]
2026-06-05 16:14:57 [DEBUG] 处理后检测输出形状: (0, 52)
2026-06-05 16:14:57 [DEBUG] 有效检测数量: 0
2026-06-05 16:14:57 [DEBUG] 检测输出为空
2026-06-05 16:14:57 [INFO] 掩码中检测到的类别: [0, 1, 2, 3, 4, 5, 6, 7, 8, 9, 10, 11, 12, 13, 14, 15]
2026-06-05 16:14:57 [INFO] 分割完成，检测到 0 个物体
2026-06-05 16:14:57 [INFO] 从分割掩码中提取检测结果
2026-06-05 16:14:57 [INFO] 从掩码中提取了 579 个检测框
2026-06-05 16:14:57 [INFO] 计算出的车框矩形边界: (1095, 659) to (3278, 1640)
2026-06-05 16:14:57 [INFO] 原始检测数: 579, 过滤后检测数: 252
2026-06-05 16:14:58 [INFO] 保存分割和检测结果到: C:\code\show\Scrap_Steel_In_Field\photos\segmentation\segment_20260605_161457.jpg
2026-06-05 16:14:58 [INFO] JSON结果保存到: C:\code\show\Scrap_Steel_In_Field\photos\segmentation_result.json
2026-06-05 16:14:58 [INFO] 类别统计：{0: 57, 1: 45, 2: 28, 3: 11, 4: 38, 5: 41, 6: 36, 7: 42, 8: 59, 9: 64, 10: 37, 11: 23, 12: 23, 13: 45, 14: 0, 15: 30}
2026-06-05 16:14:58 [INFO] 面积统计：{0: 3020508.0, 1: 812556.0, 2: 53460.0, 3: 157320.0, 4: 165636.0, 5: 102636.0, 6: 559656.0, 7: 48996.0, 8: 1006956.0, 9: 343512.0, 10: 167004.0, 11: 372852.0, 12: 44640.0, 13: 646272.0, 14: 108.0, 15: 66204.0}
2026-06-05 16:14:58 [INFO] 分割成功
2026-06-05 16:14:58 [INFO] 引擎上下文已释放
2026-06-05 16:14:58 [INFO] TensorRT 引擎已释放
2026-06-05 16:14:58 [INFO] 全局 CUDA 资源已释放
2026-06-05 16:14:58 [INFO] 分割系统资源已释放
2026-06-05 16:15:02 [INFO] CUDA 初始化成功
2026-06-05 16:15:02 [INFO] 引擎加载成功: scrap_steel.engine
2026-06-05 16:15:02 [INFO] 分割系统初始化成功
2026-06-05 16:15:02 [INFO] 图像预处理完成，原始尺寸: (2160, 3840)
2026-06-05 16:15:02 [INFO] 开始执行分割...
2026-06-05 16:15:02 [DEBUG] 处理后的检测结果形状: (1, 8400, 6)
2026-06-05 16:15:02 [DEBUG] 示例检测结果: [[-4.16956711e+00 -3.17636728e+00  3.89288254e+01  1.46583881e+01
   3.50385676e-08  5.00000000e+00]
 [-6.75039291e+00 -3.02066994e+00  4.47312813e+01  2.86798134e+01
   8.39842595e-09  9.00000000e+00]
 [-3.67435837e+00 -3.38960457e+00  4.59351997e+01  2.95220356e+01
   3.93705779e-09  9.00000000e+00]]
2026-06-05 16:15:02 [DEBUG] 处理后检测输出形状: (0, 52)
2026-06-05 16:15:02 [DEBUG] 有效检测数量: 0
2026-06-05 16:15:02 [DEBUG] 检测输出为空
2026-06-05 16:15:02 [INFO] 掩码中检测到的类别: [0, 1, 2, 3, 4, 5, 6, 7, 8, 9, 10, 11, 12, 13, 14, 15]
2026-06-05 16:15:02 [INFO] 分割完成，检测到 0 个物体
2026-06-05 16:15:02 [INFO] 从分割掩码中提取检测结果
2026-06-05 16:15:02 [INFO] 从掩码中提取了 537 个检测框
2026-06-05 16:15:02 [INFO] 计算出的车框矩形边界: (1095, 659) to (3277, 1641)
2026-06-05 16:15:02 [INFO] 原始检测数: 537, 过滤后检测数: 231
2026-06-05 16:15:03 [INFO] 保存分割和检测结果到: C:\code\show\Scrap_Steel_In_Field\photos\segmentation\segment_20260605_161502.jpg
2026-06-05 16:15:03 [INFO] JSON结果保存到: C:\code\show\Scrap_Steel_In_Field\photos\segmentation_result.json
2026-06-05 16:15:03 [INFO] 类别统计：{0: 45, 1: 50, 2: 26, 3: 7, 4: 41, 5: 37, 6: 33, 7: 34, 8: 51, 9: 55, 10: 35, 11: 22, 12: 28, 13: 49, 14: 0, 15: 24}
2026-06-05 16:15:03 [INFO] 面积统计：{0: 3101544.0, 1: 793836.0, 2: 56160.0, 3: 154584.0, 4: 162648.0, 5: 112500.0, 6: 550476.0, 7: 45432.0, 8: 1006452.0, 9: 358596.0, 10: 167256.0, 11: 362988.0, 12: 53100.0, 13: 649404.0, 14: 180.0, 15: 68580.0}
2026-06-05 16:15:03 [INFO] 分割成功
2026-06-05 16:15:03 [INFO] 引擎上下文已释放
2026-06-05 16:15:03 [INFO] TensorRT 引擎已释放
2026-06-05 16:15:03 [INFO] 全局 CUDA 资源已释放
2026-06-05 16:15:03 [INFO] 分割系统资源已释放
2026-06-05 16:15:07 [INFO] CUDA 初始化成功
2026-06-05 16:15:07 [INFO] 引擎加载成功: scrap_steel.engine
2026-06-05 16:15:07 [INFO] 分割系统初始化成功
2026-06-05 16:15:07 [INFO] 图像预处理完成，原始尺寸: (2160, 3840)
2026-06-05 16:15:07 [INFO] 开始执行分割...
2026-06-05 16:15:07 [DEBUG] 处理后的检测结果形状: (1, 8400, 6)
2026-06-05 16:15:07 [DEBUG] 示例检测结果: [[-4.19048309e+00 -3.18056583e+00  3.88977776e+01  1.47147303e+01
   3.48801308e-08  5.00000000e+00]
 [-6.78435135e+00 -3.04926682e+00  4.46553612e+01  2.86533222e+01
   8.46418136e-09  9.00000000e+00]
 [-3.68279648e+00 -3.43492222e+00  4.58923950e+01  2.95048294e+01
   3.90411170e-09  9.00000000e+00]]
2026-06-05 16:15:07 [DEBUG] 处理后检测输出形状: (0, 52)
2026-06-05 16:15:07 [DEBUG] 有效检测数量: 0
2026-06-05 16:15:07 [DEBUG] 检测输出为空
2026-06-05 16:15:07 [INFO] 掩码中检测到的类别: [0, 1, 2, 3, 4, 5, 6, 7, 8, 9, 10, 11, 12, 13, 14, 15]
2026-06-05 16:15:07 [INFO] 分割完成，检测到 0 个物体
2026-06-05 16:15:07 [INFO] 从分割掩码中提取检测结果
2026-06-05 16:15:07 [INFO] 从掩码中提取了 574 个检测框
2026-06-05 16:15:07 [INFO] 计算出的车框矩形边界: (1095, 661) to (3278, 1641)
2026-06-05 16:15:07 [INFO] 原始检测数: 574, 过滤后检测数: 246
2026-06-05 16:15:08 [INFO] 保存分割和检测结果到: C:\code\show\Scrap_Steel_In_Field\photos\segmentation\segment_20260605_161507.jpg
2026-06-05 16:15:08 [INFO] JSON结果保存到: C:\code\show\Scrap_Steel_In_Field\photos\segmentation_result.json
2026-06-05 16:15:08 [INFO] 类别统计：{0: 50, 1: 59, 2: 32, 3: 12, 4: 45, 5: 38, 6: 35, 7: 37, 8: 56, 9: 62, 10: 30, 11: 20, 12: 23, 13: 53, 14: 0, 15: 22}
2026-06-05 16:15:08 [INFO] 面积统计：{0: 2990088.0, 1: 789156.0, 2: 52092.0, 3: 147960.0, 4: 148824.0, 5: 106668.0, 6: 559656.0, 7: 49500.0, 8: 1031688.0, 9: 359208.0, 10: 165456.0, 11: 366516.0, 12: 48276.0, 13: 670716.0, 14: 180.0, 15: 70848.0}
2026-06-05 16:15:08 [INFO] 分割成功
2026-06-05 16:15:08 [INFO] 引擎上下文已释放
2026-06-05 16:15:08 [INFO] TensorRT 引擎已释放
2026-06-05 16:15:08 [INFO] 全局 CUDA 资源已释放
2026-06-05 16:15:08 [INFO] 分割系统资源已释放
2026-06-05 16:15:12 [INFO] CUDA 初始化成功
2026-06-05 16:15:12 [INFO] 引擎加载成功: scrap_steel.engine
2026-06-05 16:15:12 [INFO] 分割系统初始化成功
2026-06-05 16:15:12 [INFO] 图像预处理完成，原始尺寸: (2160, 3840)
2026-06-05 16:15:12 [INFO] 开始执行分割...
2026-06-05 16:15:12 [DEBUG] 处理后的检测结果形状: (1, 8400, 6)
2026-06-05 16:15:12 [DEBUG] 示例检测结果: [[-4.16809845e+00 -3.17149734e+00  3.91135559e+01  1.47044144e+01
   3.56970844e-08  5.00000000e+00]
 [-6.83539963e+00 -3.02602005e+00  4.47260323e+01  2.86416683e+01
   8.56044835e-09  9.00000000e+00]
 [-3.71408844e+00 -3.42128181e+00  4.59562073e+01  2.95269833e+01
   3.95353084e-09  9.00000000e+00]]
2026-06-05 16:15:12 [DEBUG] 处理后检测输出形状: (0, 52)
2026-06-05 16:15:12 [DEBUG] 有效检测数量: 0
2026-06-05 16:15:12 [DEBUG] 检测输出为空
2026-06-05 16:15:12 [INFO] 掩码中检测到的类别: [0, 1, 2, 3, 4, 5, 6, 7, 8, 9, 10, 11, 12, 13, 14, 15]
2026-06-05 16:15:12 [INFO] 分割完成，检测到 0 个物体
2026-06-05 16:15:12 [INFO] 从分割掩码中提取检测结果
2026-06-05 16:15:12 [INFO] 从掩码中提取了 563 个检测框
2026-06-05 16:15:12 [INFO] 计算出的车框矩形边界: (1095, 665) to (3277, 1643)
2026-06-05 16:15:12 [INFO] 原始检测数: 563, 过滤后检测数: 242
2026-06-05 16:15:12 [INFO] 保存分割和检测结果到: C:\code\show\Scrap_Steel_In_Field\photos\segmentation\segment_20260605_161512.jpg
2026-06-05 16:15:12 [INFO] JSON结果保存到: C:\code\show\Scrap_Steel_In_Field\photos\segmentation_result.json
2026-06-05 16:15:12 [INFO] 类别统计：{0: 51, 1: 49, 2: 28, 3: 8, 4: 42, 5: 36, 6: 33, 7: 36, 8: 66, 9: 61, 10: 32, 11: 20, 12: 18, 13: 53, 14: 0, 15: 30}
2026-06-05 16:15:12 [INFO] 面积统计：{0: 3087432.0, 1: 821016.0, 2: 46908.0, 3: 157824.0, 4: 132516.0, 5: 98316.0, 6: 544680.0, 7: 48600.0, 8: 1001448.0, 9: 367236.0, 10: 158256.0, 11: 367380.0, 12: 36792.0, 13: 655632.0, 14: 108.0, 15: 89100.0}
2026-06-05 16:15:12 [INFO] 分割成功
2026-06-05 16:15:12 [INFO] 引擎上下文已释放
2026-06-05 16:15:12 [INFO] TensorRT 引擎已释放
2026-06-05 16:15:12 [INFO] 全局 CUDA 资源已释放
2026-06-05 16:15:12 [INFO] 分割系统资源已释放
