2026-06-04 20:55:28 [INFO] CUDA 初始化成功
2026-06-04 20:55:28 [INFO] 引擎加载成功: scrap_steel.engine
2026-06-04 20:55:28 [INFO] 分割系统初始化成功
2026-06-04 20:55:31 [INFO] 引擎加载成功: scrap_steel.engine
2026-06-04 20:55:31 [INFO] 分割系统初始化成功
2026-06-04 20:55:31 [INFO] 图像预处理完成，原始尺寸: (2160, 3840)
2026-06-04 20:55:31 [INFO] 开始执行分割...
2026-06-04 20:55:31 [ERROR] 推理过程发生异常: explicit_context_dependent failed: invalid device context - no currently active context?
2026-06-04 20:55:31 [INFO] 分割完成，检测到 0 个物体
2026-06-04 20:55:31 [ERROR] 保存结果失败: 'NoneType' object has no attribute 'astype'
2026-06-04 20:55:31 [ERROR] 分割失败: 未能生成有效的分割掩码
2026-06-04 20:55:31 [INFO] 引擎上下文已释放
2026-06-04 20:55:31 [INFO] TensorRT 引擎已释放
2026-06-04 20:55:31 [INFO] 全局 CUDA 资源已释放
2026-06-04 20:55:31 [INFO] 分割系统资源已释放
2026-06-04 20:55:36 [INFO] CUDA 初始化成功
2026-06-04 20:55:36 [INFO] 引擎加载成功: scrap_steel.engine
2026-06-04 20:55:36 [INFO] 分割系统初始化成功
2026-06-04 20:55:36 [INFO] 图像预处理完成，原始尺寸: (2160, 3840)
2026-06-04 20:55:36 [INFO] 开始执行分割...
2026-06-04 20:55:36 [DEBUG] 处理后的检测结果形状: (1, 8400, 6)
2026-06-04 20:55:36 [DEBUG] 示例检测结果: [[-4.01010895e+00 -3.21410084e+00  3.99020233e+01  1.55846186e+01
   4.29256595e-08  5.00000000e+00]
 [-6.12598419e+00 -2.87863827e+00  4.48269081e+01  3.02929497e+01
   1.02510000e-08  9.00000000e+00]
 [-3.39331818e+00 -3.30172825e+00  4.60320930e+01  3.08802338e+01
   4.74035033e-09  9.00000000e+00]]
2026-06-04 20:55:36 [DEBUG] 处理后检测输出形状: (0, 52)
2026-06-04 20:55:36 [DEBUG] 有效检测数量: 0
2026-06-04 20:55:36 [DEBUG] 检测输出为空
2026-06-04 20:55:36 [INFO] 掩码中检测到的类别: [0, 1, 2, 3, 4, 5, 6, 7, 8, 9, 10, 11, 12, 13, 15]
2026-06-04 20:55:36 [INFO] 分割完成，检测到 0 个物体
2026-06-04 20:55:36 [INFO] 从分割掩码中提取检测结果
2026-06-04 20:55:36 [INFO] 从掩码中提取了 493 个检测框
2026-06-04 20:55:36 [ERROR] 保存结果失败: 'NoneType' object has no attribute 'astype'
2026-06-04 20:55:36 [INFO] 分割成功
2026-06-04 20:55:36 [INFO] 引擎上下文已释放
2026-06-04 20:55:36 [INFO] TensorRT 引擎已释放
2026-06-04 20:55:36 [INFO] 全局 CUDA 资源已释放
2026-06-04 20:55:36 [INFO] 分割系统资源已释放
2026-06-04 20:55:43 [INFO] CUDA 初始化成功
2026-06-04 20:55:43 [INFO] 引擎加载成功: scrap_steel.engine
2026-06-04 20:55:43 [INFO] 分割系统初始化成功
2026-06-04 20:55:44 [INFO] 图像预处理完成，原始尺寸: (2160, 3840)
2026-06-04 20:55:44 [INFO] 开始执行分割...
2026-06-04 20:55:44 [DEBUG] 处理后的检测结果形状: (1, 8400, 6)
2026-06-04 20:55:44 [DEBUG] 示例检测结果: [[-4.03850937e+00 -3.22596359e+00  4.00144920e+01  1.56923141e+01
   4.30925304e-08  5.00000000e+00]
 [-6.12242126e+00 -2.87779427e+00  4.48520241e+01  3.03828182e+01
   1.03647970e-08  9.00000000e+00]
 [-3.38047409e+00 -3.31291294e+00  4.60611115e+01  3.09563484e+01
   4.77304241e-09  9.00000000e+00]]
2026-06-04 20:55:44 [DEBUG] 处理后检测输出形状: (0, 52)
2026-06-04 20:55:44 [DEBUG] 有效检测数量: 0
2026-06-04 20:55:44 [DEBUG] 检测输出为空
2026-06-04 20:55:44 [INFO] 掩码中检测到的类别: [0, 1, 2, 3, 4, 5, 6, 7, 8, 9, 10, 11, 12, 13, 15]
2026-06-04 20:55:44 [INFO] 分割完成，检测到 0 个物体
2026-06-04 20:55:44 [INFO] 从分割掩码中提取检测结果
2026-06-04 20:55:44 [INFO] 从掩码中提取了 476 个检测框
2026-06-04 20:55:44 [ERROR] 保存结果失败: 'NoneType' object has no attribute 'astype'
2026-06-04 20:55:44 [INFO] 分割成功
2026-06-04 20:55:44 [INFO] 引擎上下文已释放
2026-06-04 20:55:44 [INFO] TensorRT 引擎已释放
2026-06-04 20:55:44 [INFO] 全局 CUDA 资源已释放
2026-06-04 20:55:44 [INFO] 分割系统资源已释放
2026-06-04 20:55:47 [INFO] CUDA 初始化成功
2026-06-04 20:55:47 [INFO] 引擎加载成功: scrap_steel.engine
2026-06-04 20:55:47 [INFO] 分割系统初始化成功
2026-06-04 20:55:47 [INFO] 图像预处理完成，原始尺寸: (2160, 3840)
2026-06-04 20:55:47 [INFO] 开始执行分割...
2026-06-04 20:55:47 [DEBUG] 处理后的检测结果形状: (1, 8400, 6)
2026-06-04 20:55:47 [DEBUG] 示例检测结果: [[-4.02334213e+00 -3.19710493e+00  4.00389671e+01  1.55137520e+01
   4.27494058e-08  5.00000000e+00]
 [-6.14951706e+00 -2.91335869e+00  4.48836021e+01  3.03038654e+01
   1.02912878e-08  9.00000000e+00]
 [-3.38646317e+00 -3.31581116e+00  4.60216980e+01  3.08727417e+01
   4.74035033e-09  9.00000000e+00]]
2026-06-04 20:55:47 [DEBUG] 处理后检测输出形状: (0, 52)
2026-06-04 20:55:47 [DEBUG] 有效检测数量: 0
2026-06-04 20:55:47 [DEBUG] 检测输出为空
2026-06-04 20:55:47 [INFO] 掩码中检测到的类别: [0, 1, 2, 3, 4, 5, 6, 7, 8, 9, 10, 11, 12, 13, 15]
2026-06-04 20:55:47 [INFO] 分割完成，检测到 0 个物体
2026-06-04 20:55:47 [INFO] 从分割掩码中提取检测结果
2026-06-04 20:55:47 [INFO] 从掩码中提取了 479 个检测框
2026-06-04 20:55:47 [ERROR] 保存结果失败: 'NoneType' object has no attribute 'astype'
2026-06-04 20:55:47 [INFO] 分割成功
2026-06-04 20:55:47 [INFO] 引擎上下文已释放
2026-06-04 20:55:47 [INFO] TensorRT 引擎已释放
2026-06-04 20:55:47 [INFO] 全局 CUDA 资源已释放
2026-06-04 20:55:47 [INFO] 分割系统资源已释放
2026-06-04 20:55:52 [INFO] CUDA 初始化成功
2026-06-04 20:55:52 [INFO] 引擎加载成功: scrap_steel.engine
2026-06-04 20:55:52 [INFO] 分割系统初始化成功
2026-06-04 20:55:52 [INFO] 图像预处理完成，原始尺寸: (2160, 3840)
2026-06-04 20:55:52 [INFO] 开始执行分割...
2026-06-04 20:55:52 [DEBUG] 处理后的检测结果形状: (1, 8400, 6)
2026-06-04 20:55:52 [DEBUG] 示例检测结果: [[-4.04247665e+00 -3.25867176e+00  3.99373932e+01  1.58744230e+01
   4.30925304e-08  5.00000000e+00]
 [-6.14262009e+00 -2.92578030e+00  4.48145027e+01  3.04163589e+01
   1.02836459e-08  9.00000000e+00]
 [-3.38372803e+00 -3.32921314e+00  4.60031967e+01  3.08621025e+01
   4.70351758e-09  9.00000000e+00]]
2026-06-04 20:55:52 [DEBUG] 处理后检测输出形状: (0, 52)
2026-06-04 20:55:52 [DEBUG] 有效检测数量: 0
2026-06-04 20:55:52 [DEBUG] 检测输出为空
2026-06-04 20:55:52 [INFO] 掩码中检测到的类别: [0, 1, 2, 3, 4, 5, 6, 7, 8, 9, 10, 11, 12, 13, 15]
2026-06-04 20:55:52 [INFO] 分割完成，检测到 0 个物体
2026-06-04 20:55:52 [INFO] 从分割掩码中提取检测结果
2026-06-04 20:55:53 [INFO] 从掩码中提取了 498 个检测框
2026-06-04 20:55:53 [ERROR] 保存结果失败: 'NoneType' object has no attribute 'astype'
2026-06-04 20:55:53 [INFO] 分割成功
2026-06-04 20:55:53 [INFO] 引擎上下文已释放
2026-06-04 20:55:53 [INFO] TensorRT 引擎已释放
2026-06-04 20:55:53 [INFO] 全局 CUDA 资源已释放
2026-06-04 20:55:53 [INFO] 分割系统资源已释放
2026-06-04 20:55:58 [INFO] CUDA 初始化成功
2026-06-04 20:55:58 [INFO] 引擎加载成功: scrap_steel.engine
2026-06-04 20:55:58 [INFO] 分割系统初始化成功
2026-06-04 20:55:58 [INFO] 图像预处理完成，原始尺寸: (2160, 3840)
2026-06-04 20:55:58 [INFO] 开始执行分割...
2026-06-04 20:55:58 [DEBUG] 处理后的检测结果形状: (1, 8400, 6)
2026-06-04 20:55:58 [DEBUG] 示例检测结果: [[-4.02437592e+00 -3.20526218e+00  3.99394379e+01  1.55841722e+01
   4.25723599e-08  5.00000000e+00]
 [-6.14007187e+00 -2.88861370e+00  4.47988625e+01  3.02865105e+01
   1.02177786e-08  9.00000000e+00]
 [-3.40910339e+00 -3.30237389e+00  4.60127487e+01  3.08411045e+01
   4.72776396e-09  9.00000000e+00]]
2026-06-04 20:55:58 [DEBUG] 处理后检测输出形状: (0, 52)
2026-06-04 20:55:58 [DEBUG] 有效检测数量: 0
2026-06-04 20:55:58 [DEBUG] 检测输出为空
2026-06-04 20:55:58 [INFO] 掩码中检测到的类别: [0, 1, 2, 3, 4, 5, 6, 7, 8, 9, 10, 11, 12, 13, 15]
2026-06-04 20:55:58 [INFO] 分割完成，检测到 0 个物体
2026-06-04 20:55:58 [INFO] 从分割掩码中提取检测结果
2026-06-04 20:55:58 [INFO] 从掩码中提取了 479 个检测框
2026-06-04 20:55:58 [ERROR] 保存结果失败: 'NoneType' object has no attribute 'astype'
2026-06-04 20:55:58 [INFO] 分割成功
2026-06-04 20:55:58 [INFO] 引擎上下文已释放
2026-06-04 20:55:58 [INFO] TensorRT 引擎已释放
2026-06-04 20:55:58 [INFO] 全局 CUDA 资源已释放
2026-06-04 20:55:58 [INFO] 分割系统资源已释放
2026-06-04 20:56:03 [INFO] CUDA 初始化成功
2026-06-04 20:56:03 [INFO] 引擎加载成功: scrap_steel.engine
2026-06-04 20:56:03 [INFO] 分割系统初始化成功
2026-06-04 20:56:03 [INFO] 图像预处理完成，原始尺寸: (2160, 3840)
2026-06-04 20:56:03 [INFO] 开始执行分割...
2026-06-04 20:56:03 [DEBUG] 处理后的检测结果形状: (1, 8400, 6)
2026-06-04 20:56:03 [DEBUG] 示例检测结果: [[-4.02450180e+00 -3.23277521e+00  3.99985771e+01  1.58117390e+01
   4.34300631e-08  5.00000000e+00]
 [-6.13662720e+00 -2.90180588e+00  4.48101425e+01  3.03590164e+01
   1.02836459e-08  9.00000000e+00]
 [-3.38799286e+00 -3.33825302e+00  4.60229645e+01  3.09045944e+01
   4.74035033e-09  9.00000000e+00]]
2026-06-04 20:56:03 [DEBUG] 处理后检测输出形状: (0, 52)
2026-06-04 20:56:03 [DEBUG] 有效检测数量: 0
2026-06-04 20:56:03 [DEBUG] 检测输出为空
2026-06-04 20:56:03 [INFO] 掩码中检测到的类别: [0, 1, 2, 3, 4, 5, 6, 7, 8, 9, 10, 11, 12, 13, 15]
2026-06-04 20:56:03 [INFO] 分割完成，检测到 0 个物体
2026-06-04 20:56:03 [INFO] 从分割掩码中提取检测结果
2026-06-04 20:56:03 [INFO] 从掩码中提取了 486 个检测框
2026-06-04 20:56:03 [ERROR] 保存结果失败: 'NoneType' object has no attribute 'astype'
2026-06-04 20:56:03 [INFO] 分割成功
2026-06-04 20:56:03 [INFO] 引擎上下文已释放
2026-06-04 20:56:03 [INFO] TensorRT 引擎已释放
2026-06-04 20:56:03 [INFO] 全局 CUDA 资源已释放
2026-06-04 20:56:03 [INFO] 分割系统资源已释放
2026-06-04 20:56:08 [INFO] CUDA 初始化成功
2026-06-04 20:56:08 [INFO] 引擎加载成功: scrap_steel.engine
2026-06-04 20:56:08 [INFO] 分割系统初始化成功
2026-06-04 20:56:08 [INFO] 图像预处理完成，原始尺寸: (2160, 3840)
2026-06-04 20:56:08 [INFO] 开始执行分割...
2026-06-04 20:56:08 [DEBUG] 处理后的检测结果形状: (1, 8400, 6)
2026-06-04 20:56:08 [DEBUG] 示例检测结果: [[-4.01039886e+00 -3.20169830e+00  3.99253807e+01  1.55856304e+01
   4.34300631e-08  5.00000000e+00]
 [-6.17559052e+00 -2.88010406e+00  4.49134483e+01  3.02740936e+01
   1.02758619e-08  9.00000000e+00]
 [-3.42302704e+00 -3.29791641e+00  4.60504532e+01  3.08460579e+01
   4.78719464e-09  9.00000000e+00]]
2026-06-04 20:56:08 [DEBUG] 处理后检测输出形状: (0, 52)
2026-06-04 20:56:08 [DEBUG] 有效检测数量: 0
2026-06-04 20:56:08 [DEBUG] 检测输出为空
2026-06-04 20:56:08 [INFO] 掩码中检测到的类别: [0, 1, 2, 3, 4, 5, 6, 7, 8, 9, 10, 11, 12, 13, 15]
2026-06-04 20:56:08 [INFO] 分割完成，检测到 0 个物体
2026-06-04 20:56:08 [INFO] 从分割掩码中提取检测结果
2026-06-04 20:56:09 [INFO] 从掩码中提取了 485 个检测框
2026-06-04 20:56:09 [ERROR] 保存结果失败: 'NoneType' object has no attribute 'astype'
2026-06-04 20:56:09 [INFO] 分割成功
2026-06-04 20:56:09 [INFO] 引擎上下文已释放
2026-06-04 20:56:09 [INFO] TensorRT 引擎已释放
2026-06-04 20:56:09 [INFO] 全局 CUDA 资源已释放
2026-06-04 20:56:09 [INFO] 分割系统资源已释放
2026-06-04 20:56:13 [INFO] CUDA 初始化成功
2026-06-04 20:56:13 [INFO] 引擎加载成功: scrap_steel.engine
2026-06-04 20:56:13 [INFO] 分割系统初始化成功
2026-06-04 20:56:13 [INFO] 图像预处理完成，原始尺寸: (2160, 3840)
2026-06-04 20:56:13 [INFO] 开始执行分割...
2026-06-04 20:56:13 [DEBUG] 处理后的检测结果形状: (1, 8400, 6)
2026-06-04 20:56:13 [DEBUG] 示例检测结果: [[-4.03663254e+00 -3.19192219e+00  4.02531013e+01  1.54136419e+01
   4.52201547e-08  5.00000000e+00]
 [-6.23503876e+00 -2.87980270e+00  4.52508087e+01  3.03358154e+01
   1.06803011e-08  9.00000000e+00]
 [-3.42131042e+00 -3.25351143e+00  4.61860962e+01  3.08845158e+01
   5.18169330e-09  9.00000000e+00]]
2026-06-04 20:56:13 [DEBUG] 处理后检测输出形状: (0, 52)
2026-06-04 20:56:13 [DEBUG] 有效检测数量: 0
2026-06-04 20:56:13 [DEBUG] 检测输出为空
2026-06-04 20:56:13 [INFO] 掩码中检测到的类别: [0, 1, 2, 3, 4, 5, 6, 7, 8, 9, 10, 11, 12, 13, 15]
2026-06-04 20:56:13 [INFO] 分割完成，检测到 0 个物体
2026-06-04 20:56:13 [INFO] 从分割掩码中提取检测结果
2026-06-04 20:56:14 [INFO] 从掩码中提取了 458 个检测框
2026-06-04 20:56:14 [ERROR] 保存结果失败: 'NoneType' object has no attribute 'astype'
2026-06-04 20:56:14 [INFO] 分割成功
2026-06-04 20:56:14 [INFO] 引擎上下文已释放
2026-06-04 20:56:14 [INFO] TensorRT 引擎已释放
2026-06-04 20:56:14 [INFO] 全局 CUDA 资源已释放
2026-06-04 20:56:14 [INFO] 分割系统资源已释放
2026-06-04 20:56:18 [INFO] CUDA 初始化成功
2026-06-04 20:56:18 [INFO] 引擎加载成功: scrap_steel.engine
2026-06-04 20:56:18 [INFO] 分割系统初始化成功
2026-06-04 20:56:18 [INFO] 图像预处理完成，原始尺寸: (2160, 3840)
2026-06-04 20:56:18 [INFO] 开始执行分割...
2026-06-04 20:56:18 [DEBUG] 处理后的检测结果形状: (1, 8400, 6)
2026-06-04 20:56:18 [DEBUG] 示例检测结果: [[-4.08261871e+00 -3.21926785e+00  4.06745415e+01  1.56946287e+01
   4.66631214e-08  5.00000000e+00]
 [-6.35781097e+00 -2.82845402e+00  4.55344925e+01  3.04246407e+01
   1.04739133e-08  9.00000000e+00]
 [-3.48879242e+00 -3.14742851e+00  4.62779922e+01  3.07680111e+01
   4.98376185e-09  9.00000000e+00]]
2026-06-04 20:56:18 [DEBUG] 处理后检测输出形状: (0, 52)
2026-06-04 20:56:18 [DEBUG] 有效检测数量: 0
2026-06-04 20:56:18 [DEBUG] 检测输出为空
2026-06-04 20:56:18 [INFO] 掩码中检测到的类别: [0, 1, 2, 3, 4, 5, 6, 7, 8, 9, 10, 11, 12, 13, 15]
2026-06-04 20:56:18 [INFO] 分割完成，检测到 0 个物体
2026-06-04 20:56:18 [INFO] 从分割掩码中提取检测结果
2026-06-04 20:56:19 [INFO] 从掩码中提取了 494 个检测框
2026-06-04 20:56:19 [ERROR] 保存结果失败: 'NoneType' object has no attribute 'astype'
2026-06-04 20:56:19 [INFO] 分割成功
2026-06-04 20:56:19 [INFO] 引擎上下文已释放
2026-06-04 20:56:19 [INFO] TensorRT 引擎已释放
2026-06-04 20:56:19 [INFO] 全局 CUDA 资源已释放
2026-06-04 20:56:19 [INFO] 分割系统资源已释放
2026-06-04 20:56:23 [INFO] CUDA 初始化成功
2026-06-04 20:56:23 [INFO] 引擎加载成功: scrap_steel.engine
2026-06-04 20:56:23 [INFO] 分割系统初始化成功
2026-06-04 20:56:23 [INFO] 图像预处理完成，原始尺寸: (2160, 3840)
2026-06-04 20:56:23 [INFO] 开始执行分割...
2026-06-04 20:56:23 [DEBUG] 处理后的检测结果形状: (1, 8400, 6)
2026-06-04 20:56:23 [DEBUG] 示例检测结果: [[-3.87121582e+00 -2.99191570e+00  3.98129463e+01  1.49847822e+01
   3.41295596e-08  5.00000000e+00]
 [-5.87540436e+00 -2.66143227e+00  4.51213913e+01  2.97704945e+01
   9.22024412e-09  9.00000000e+00]
 [-3.23302841e+00 -2.92989540e+00  4.60147514e+01  3.03508053e+01
   4.44508430e-09  9.00000000e+00]]
2026-06-04 20:56:23 [DEBUG] 处理后检测输出形状: (0, 52)
2026-06-04 20:56:23 [DEBUG] 有效检测数量: 0
2026-06-04 20:56:23 [DEBUG] 检测输出为空
2026-06-04 20:56:24 [INFO] 掩码中检测到的类别: [0, 1, 2, 3, 4, 5, 6, 7, 8, 9, 10, 11, 12, 13, 15]
2026-06-04 20:56:24 [INFO] 分割完成，检测到 0 个物体
2026-06-04 20:56:24 [INFO] 从分割掩码中提取检测结果
2026-06-04 20:56:24 [INFO] 从掩码中提取了 481 个检测框
2026-06-04 20:56:24 [ERROR] 保存结果失败: 'NoneType' object has no attribute 'astype'
2026-06-04 20:56:24 [INFO] 分割成功
2026-06-04 20:56:24 [INFO] 引擎上下文已释放
2026-06-04 20:56:24 [INFO] TensorRT 引擎已释放
2026-06-04 20:56:24 [INFO] 全局 CUDA 资源已释放
2026-06-04 20:56:24 [INFO] 分割系统资源已释放
2026-06-04 20:56:28 [INFO] CUDA 初始化成功
2026-06-04 20:56:28 [INFO] 引擎加载成功: scrap_steel.engine
2026-06-04 20:56:28 [INFO] 分割系统初始化成功
2026-06-04 20:56:28 [INFO] 图像预处理完成，原始尺寸: (2160, 3840)
2026-06-04 20:56:28 [INFO] 开始执行分割...
2026-06-04 20:56:28 [DEBUG] 处理后的检测结果形状: (1, 8400, 6)
2026-06-04 20:56:28 [DEBUG] 示例检测结果: [[-3.91753006e+00 -3.02457428e+00  4.00568466e+01  1.49928188e+01
   3.74114357e-08  5.00000000e+00]
 [-5.98000717e+00 -2.69793510e+00  4.50565376e+01  2.96279202e+01
   1.01928466e-08  9.00000000e+00]
 [-3.35311127e+00 -3.06819344e+00  4.60509644e+01  3.04023647e+01
   4.77866191e-09  9.00000000e+00]]
2026-06-04 20:56:28 [DEBUG] 处理后检测输出形状: (0, 52)
2026-06-04 20:56:28 [DEBUG] 有效检测数量: 0
2026-06-04 20:56:28 [DEBUG] 检测输出为空
2026-06-04 20:56:29 [INFO] 掩码中检测到的类别: [0, 1, 2, 3, 4, 5, 6, 7, 8, 9, 10, 11, 12, 13, 15]
2026-06-04 20:56:29 [INFO] 分割完成，检测到 0 个物体
2026-06-04 20:56:29 [INFO] 从分割掩码中提取检测结果
2026-06-04 20:56:29 [INFO] 从掩码中提取了 458 个检测框
2026-06-04 20:56:29 [ERROR] 保存结果失败: 'NoneType' object has no attribute 'astype'
2026-06-04 20:56:29 [INFO] 分割成功
2026-06-04 20:56:29 [INFO] 引擎上下文已释放
2026-06-04 20:56:29 [INFO] TensorRT 引擎已释放
2026-06-04 20:56:29 [INFO] 全局 CUDA 资源已释放
2026-06-04 20:56:29 [INFO] 分割系统资源已释放
2026-06-04 20:56:33 [INFO] CUDA 初始化成功
2026-06-04 20:56:34 [INFO] 引擎加载成功: scrap_steel.engine
2026-06-04 20:56:34 [INFO] 分割系统初始化成功
2026-06-04 20:56:34 [INFO] 图像预处理完成，原始尺寸: (2160, 3840)
2026-06-04 20:56:34 [INFO] 开始执行分割...
2026-06-04 20:56:34 [DEBUG] 处理后的检测结果形状: (1, 8400, 6)
2026-06-04 20:56:34 [DEBUG] 示例检测结果: [[-3.90342331e+00 -3.06017303e+00  4.01205101e+01  1.47665062e+01
   3.62323469e-08  5.00000000e+00]
 [-6.05311203e+00 -2.72915936e+00  4.54034157e+01  2.95058060e+01
   9.40747924e-09  9.00000000e+00]
 [-3.30858612e+00 -3.01681995e+00  4.59811478e+01  3.02782249e+01
   4.57551597e-09  9.00000000e+00]]
2026-06-04 20:56:34 [DEBUG] 处理后检测输出形状: (0, 52)
2026-06-04 20:56:34 [DEBUG] 有效检测数量: 0
2026-06-04 20:56:34 [DEBUG] 检测输出为空
2026-06-04 20:56:34 [INFO] 掩码中检测到的类别: [0, 1, 2, 3, 4, 5, 6, 7, 8, 9, 10, 11, 12, 13, 15]
2026-06-04 20:56:34 [INFO] 分割完成，检测到 0 个物体
2026-06-04 20:56:34 [INFO] 从分割掩码中提取检测结果
2026-06-04 20:56:34 [INFO] 从掩码中提取了 517 个检测框
2026-06-04 20:56:34 [ERROR] 保存结果失败: 'NoneType' object has no attribute 'astype'
2026-06-04 20:56:34 [INFO] 分割成功
2026-06-04 20:56:34 [INFO] 引擎上下文已释放
2026-06-04 20:56:34 [INFO] TensorRT 引擎已释放
2026-06-04 20:56:34 [INFO] 全局 CUDA 资源已释放
2026-06-04 20:56:34 [INFO] 分割系统资源已释放
2026-06-04 20:56:39 [INFO] CUDA 初始化成功
2026-06-04 20:56:39 [INFO] 引擎加载成功: scrap_steel.engine
2026-06-04 20:56:39 [INFO] 分割系统初始化成功
2026-06-04 20:56:39 [INFO] 图像预处理完成，原始尺寸: (2160, 3840)
2026-06-04 20:56:39 [INFO] 开始执行分割...
2026-06-04 20:56:39 [DEBUG] 处理后的检测结果形状: (1, 8400, 6)
2026-06-04 20:56:39 [DEBUG] 示例检测结果: [[-3.94549561e+00 -3.04597664e+00  3.94428825e+01  1.45220661e+01
   3.30417933e-08  5.00000000e+00]
 [-6.32984161e+00 -2.81517315e+00  4.51602097e+01  2.92000313e+01
   8.59382965e-09  9.00000000e+00]
 [-3.54209137e+00 -3.18258762e+00  4.59139786e+01  3.00976448e+01
   4.26625135e-09  9.00000000e+00]]
2026-06-04 20:56:39 [DEBUG] 处理后检测输出形状: (0, 52)
2026-06-04 20:56:39 [DEBUG] 有效检测数量: 0
2026-06-04 20:56:39 [DEBUG] 检测输出为空
2026-06-04 20:56:39 [INFO] 掩码中检测到的类别: [0, 1, 2, 3, 4, 5, 6, 7, 8, 9, 10, 11, 12, 13, 15]
2026-06-04 20:56:39 [INFO] 分割完成，检测到 0 个物体
2026-06-04 20:56:39 [INFO] 从分割掩码中提取检测结果
2026-06-04 20:56:39 [INFO] 从掩码中提取了 478 个检测框
2026-06-04 20:56:39 [ERROR] 保存结果失败: 'NoneType' object has no attribute 'astype'
2026-06-04 20:56:39 [INFO] 分割成功
2026-06-04 20:56:39 [INFO] 引擎上下文已释放
2026-06-04 20:56:39 [INFO] TensorRT 引擎已释放
2026-06-04 20:56:39 [INFO] 全局 CUDA 资源已释放
2026-06-04 20:56:39 [INFO] 分割系统资源已释放
2026-06-04 20:56:44 [INFO] CUDA 初始化成功
2026-06-04 20:56:44 [INFO] 引擎加载成功: scrap_steel.engine
2026-06-04 20:56:44 [INFO] 分割系统初始化成功
2026-06-04 20:56:44 [INFO] 图像预处理完成，原始尺寸: (2160, 3840)
2026-06-04 20:56:44 [INFO] 开始执行分割...
2026-06-04 20:56:44 [DEBUG] 处理后的检测结果形状: (1, 8400, 6)
2026-06-04 20:56:44 [DEBUG] 示例检测结果: [[-3.97435760e+00 -3.02884817e+00  3.85311127e+01  1.44311161e+01
   3.04858716e-08  5.00000000e+00]
 [-6.24419785e+00 -2.88536453e+00  4.45958748e+01  2.91017265e+01
   8.00710964e-09  9.00000000e+00]
 [-3.43857193e+00 -3.14961624e+00  4.56616020e+01  2.96777306e+01
   3.98593158e-09  9.00000000e+00]]
2026-06-04 20:56:44 [DEBUG] 处理后检测输出形状: (0, 52)
2026-06-04 20:56:44 [DEBUG] 有效检测数量: 0
2026-06-04 20:56:44 [DEBUG] 检测输出为空
2026-06-04 20:56:44 [INFO] 掩码中检测到的类别: [0, 1, 2, 3, 4, 5, 6, 7, 8, 9, 10, 11, 12, 13, 15]
2026-06-04 20:56:44 [INFO] 分割完成，检测到 0 个物体
2026-06-04 20:56:44 [INFO] 从分割掩码中提取检测结果
2026-06-04 20:56:44 [INFO] 从掩码中提取了 499 个检测框
2026-06-04 20:56:44 [ERROR] 保存结果失败: 'NoneType' object has no attribute 'astype'
2026-06-04 20:56:44 [INFO] 分割成功
2026-06-04 20:56:44 [INFO] 引擎上下文已释放
2026-06-04 20:56:44 [INFO] TensorRT 引擎已释放
2026-06-04 20:56:44 [INFO] 全局 CUDA 资源已释放
2026-06-04 20:56:44 [INFO] 分割系统资源已释放
2026-06-04 20:56:49 [INFO] CUDA 初始化成功
2026-06-04 20:56:49 [INFO] 引擎加载成功: scrap_steel.engine
2026-06-04 20:56:49 [INFO] 分割系统初始化成功
2026-06-04 20:56:49 [INFO] 图像预处理完成，原始尺寸: (2160, 3840)
2026-06-04 20:56:49 [INFO] 开始执行分割...
2026-06-04 20:56:49 [DEBUG] 处理后的检测结果形状: (1, 8400, 6)
2026-06-04 20:56:49 [DEBUG] 示例检测结果: [[-3.93162155e+00 -3.02891445e+00  3.85665131e+01  1.43339701e+01
   3.19698898e-08  5.00000000e+00]
 [-6.22812271e+00 -2.86830139e+00  4.46190186e+01  2.91138878e+01
   8.26692315e-09  9.00000000e+00]
 [-3.45829391e+00 -3.14786053e+00  4.56780739e+01  2.96986809e+01
   4.01230782e-09  9.00000000e+00]]
2026-06-04 20:56:49 [DEBUG] 处理后检测输出形状: (0, 52)
2026-06-04 20:56:49 [DEBUG] 有效检测数量: 0
2026-06-04 20:56:49 [DEBUG] 检测输出为空
2026-06-04 20:56:49 [INFO] 掩码中检测到的类别: [0, 1, 2, 3, 4, 5, 6, 7, 8, 9, 10, 11, 12, 13, 15]
2026-06-04 20:56:49 [INFO] 分割完成，检测到 0 个物体
2026-06-04 20:56:49 [INFO] 从分割掩码中提取检测结果
2026-06-04 20:56:50 [INFO] 从掩码中提取了 481 个检测框
2026-06-04 20:56:51 [ERROR] 保存结果失败: 'NoneType' object has no attribute 'astype'
2026-06-04 20:56:51 [INFO] 分割成功
2026-06-04 20:56:51 [INFO] 引擎上下文已释放
2026-06-04 20:56:51 [INFO] TensorRT 引擎已释放
2026-06-04 20:56:51 [INFO] 全局 CUDA 资源已释放
2026-06-04 20:56:51 [INFO] 分割系统资源已释放
2026-06-04 20:56:54 [INFO] CUDA 初始化成功
2026-06-04 20:56:55 [INFO] 引擎加载成功: scrap_steel.engine
2026-06-04 20:56:55 [INFO] 分割系统初始化成功
2026-06-04 20:56:55 [INFO] 图像预处理完成，原始尺寸: (2160, 3840)
2026-06-04 20:56:55 [INFO] 开始执行分割...
2026-06-04 20:56:55 [DEBUG] 处理后的检测结果形状: (1, 8400, 6)
2026-06-04 20:56:55 [DEBUG] 示例检测结果: [[-3.92901611e+00 -3.03999233e+00  3.86090546e+01  1.45292864e+01
   3.20956524e-08  5.00000000e+00]
 [-6.18986893e+00 -2.87149334e+00  4.46636848e+01  2.92404556e+01
   8.13080003e-09  9.00000000e+00]
 [-3.42105865e+00 -3.11046600e+00  4.56565704e+01  2.97608566e+01
   3.99925426e-09  9.00000000e+00]]
2026-06-04 20:56:55 [DEBUG] 处理后检测输出形状: (0, 52)
2026-06-04 20:56:55 [DEBUG] 有效检测数量: 0
2026-06-04 20:56:55 [DEBUG] 检测输出为空
2026-06-04 20:56:55 [INFO] 掩码中检测到的类别: [0, 1, 2, 3, 4, 5, 6, 7, 8, 9, 10, 11, 12, 13, 15]
2026-06-04 20:56:55 [INFO] 分割完成，检测到 0 个物体
2026-06-04 20:56:55 [INFO] 从分割掩码中提取检测结果
2026-06-04 20:56:55 [INFO] 从掩码中提取了 473 个检测框
2026-06-04 20:56:55 [ERROR] 保存结果失败: 'NoneType' object has no attribute 'astype'
2026-06-04 20:56:55 [INFO] 分割成功
2026-06-04 20:56:55 [INFO] 引擎上下文已释放
2026-06-04 20:56:55 [INFO] TensorRT 引擎已释放
2026-06-04 20:56:55 [INFO] 全局 CUDA 资源已释放
2026-06-04 20:56:55 [INFO] 分割系统资源已释放
2026-06-04 20:57:00 [INFO] CUDA 初始化成功
2026-06-04 20:57:00 [INFO] 引擎加载成功: scrap_steel.engine
2026-06-04 20:57:00 [INFO] 分割系统初始化成功
2026-06-04 20:57:00 [INFO] 图像预处理完成，原始尺寸: (2160, 3840)
2026-06-04 20:57:00 [INFO] 开始执行分割...
2026-06-04 20:57:00 [DEBUG] 处理后的检测结果形状: (1, 8400, 6)
2026-06-04 20:57:00 [DEBUG] 示例检测结果: [[-3.90275955e+00 -3.08525848e+00  3.90639114e+01  1.46623611e+01
   3.59523966e-08  5.00000000e+00]
 [-6.23454666e+00 -2.84037304e+00  4.48298950e+01  2.92097931e+01
   9.99463712e-09  9.00000000e+00]
 [-3.53319550e+00 -3.16747570e+00  4.58714600e+01  3.00012054e+01
   4.77146322e-09  9.00000000e+00]]
2026-06-04 20:57:00 [DEBUG] 处理后检测输出形状: (0, 52)
2026-06-04 20:57:00 [DEBUG] 有效检测数量: 0
2026-06-04 20:57:00 [DEBUG] 检测输出为空
2026-06-04 20:57:00 [INFO] 掩码中检测到的类别: [0, 1, 2, 3, 4, 5, 6, 7, 8, 9, 10, 11, 12, 13, 15]
2026-06-04 20:57:00 [INFO] 分割完成，检测到 0 个物体
2026-06-04 20:57:00 [INFO] 从分割掩码中提取检测结果
2026-06-04 20:57:01 [INFO] 从掩码中提取了 480 个检测框
2026-06-04 20:57:01 [ERROR] 保存结果失败: 'NoneType' object has no attribute 'astype'
2026-06-04 20:57:01 [INFO] 分割成功
2026-06-04 20:57:01 [INFO] 引擎上下文已释放
2026-06-04 20:57:01 [INFO] TensorRT 引擎已释放
2026-06-04 20:57:01 [INFO] 全局 CUDA 资源已释放
2026-06-04 20:57:01 [INFO] 分割系统资源已释放
2026-06-04 20:57:06 [INFO] CUDA 初始化成功
2026-06-04 20:57:06 [INFO] 引擎加载成功: scrap_steel.engine
2026-06-04 20:57:06 [INFO] 分割系统初始化成功
2026-06-04 20:57:06 [INFO] 图像预处理完成，原始尺寸: (2160, 3840)
2026-06-04 20:57:06 [INFO] 开始执行分割...
2026-06-04 20:57:06 [DEBUG] 处理后的检测结果形状: (1, 8400, 6)
2026-06-04 20:57:06 [DEBUG] 示例检测结果: [[-3.97522354e+00 -3.09486771e+00  3.83618622e+01  1.45982857e+01
   3.26819958e-08  5.00000000e+00]
 [-6.33856964e+00 -2.94534302e+00  4.46109581e+01  2.93130798e+01
   8.87250273e-09  9.00000000e+00]
 [-3.47965240e+00 -3.22574043e+00  4.59304199e+01  2.98334942e+01
   4.38141790e-09  9.00000000e+00]]
2026-06-04 20:57:06 [DEBUG] 处理后检测输出形状: (0, 52)
2026-06-04 20:57:06 [DEBUG] 有效检测数量: 0
2026-06-04 20:57:06 [DEBUG] 检测输出为空
2026-06-04 20:57:06 [INFO] 掩码中检测到的类别: [0, 1, 2, 3, 4, 5, 6, 7, 8, 9, 10, 11, 12, 13, 15]
2026-06-04 20:57:06 [INFO] 分割完成，检测到 0 个物体
2026-06-04 20:57:06 [INFO] 从分割掩码中提取检测结果
2026-06-04 20:57:06 [INFO] 从掩码中提取了 479 个检测框
2026-06-04 20:57:06 [INFO] 计算出的车框矩形边界: (1023, 623) to (3173, 1513)
2026-06-04 20:57:06 [INFO] 原始检测数: 479, 过滤后检测数: 205
2026-06-04 20:57:07 [INFO] 保存分割和检测结果到: C:\code\show\Scrap_Steel_In_Field\photos\segmentation\segment_20260604_205706.jpg
2026-06-04 20:57:07 [INFO] JSON结果保存到: C:\code\show\Scrap_Steel_In_Field\photos\segmentation_result.json
2026-06-04 20:57:07 [INFO] 类别统计：{0: 18, 1: 64, 2: 29, 3: 4, 4: 26, 5: 35, 6: 18, 7: 37, 8: 49, 9: 49, 10: 30, 11: 11, 12: 16, 13: 72, 14: 0, 15: 21}
2026-06-04 20:57:07 [INFO] 面积统计：{0: 3523284.0, 1: 515988.0, 2: 49032.0, 3: 132984.0, 4: 172800.0, 5: 75096.0, 6: 627264.0, 7: 49932.0, 8: 824976.0, 9: 158940.0, 10: 183132.0, 11: 286236.0, 12: 77148.0, 13: 827604.0, 15: 38916.0}
2026-06-04 20:57:07 [INFO] 分割成功
2026-06-04 20:57:07 [INFO] 引擎上下文已释放
2026-06-04 20:57:07 [INFO] TensorRT 引擎已释放
2026-06-04 20:57:07 [INFO] 全局 CUDA 资源已释放
2026-06-04 20:57:07 [INFO] 分割系统资源已释放
2026-06-04 20:57:10 [INFO] CUDA 初始化成功
2026-06-04 20:57:10 [INFO] 引擎加载成功: scrap_steel.engine
2026-06-04 20:57:10 [INFO] 分割系统初始化成功
2026-06-04 20:57:11 [INFO] 图像预处理完成，原始尺寸: (2160, 3840)
2026-06-04 20:57:11 [INFO] 开始执行分割...
2026-06-04 20:57:11 [DEBUG] 处理后的检测结果形状: (1, 8400, 6)
2026-06-04 20:57:11 [DEBUG] 示例检测结果: [[-3.97607803e+00 -3.16407776e+00  3.87395287e+01  1.50724220e+01
   3.77034404e-08  5.00000000e+00]
 [-6.25435638e+00 -2.96803665e+00  4.44309845e+01  2.95314560e+01
   9.72861791e-09  9.00000000e+00]
 [-3.51389694e+00 -3.38454342e+00  4.57774696e+01  3.01325302e+01
   4.52364546e-09  9.00000000e+00]]
2026-06-04 20:57:11 [DEBUG] 处理后检测输出形状: (0, 52)
2026-06-04 20:57:11 [DEBUG] 有效检测数量: 0
2026-06-04 20:57:11 [DEBUG] 检测输出为空
2026-06-04 20:57:11 [INFO] 掩码中检测到的类别: [0, 1, 2, 3, 4, 5, 6, 7, 8, 9, 10, 11, 12, 13, 15]
2026-06-04 20:57:11 [INFO] 分割完成，检测到 0 个物体
2026-06-04 20:57:11 [INFO] 从分割掩码中提取检测结果
2026-06-04 20:57:11 [INFO] 从掩码中提取了 438 个检测框
2026-06-04 20:57:11 [INFO] 计算出的车框矩形边界: (1023, 622) to (3173, 1514)
2026-06-04 20:57:11 [INFO] 原始检测数: 438, 过滤后检测数: 186
2026-06-04 20:57:11 [INFO] 保存分割和检测结果到: C:\code\show\Scrap_Steel_In_Field\photos\segmentation\segment_20260604_205711.jpg
2026-06-04 20:57:11 [INFO] JSON结果保存到: C:\code\show\Scrap_Steel_In_Field\photos\segmentation_result.json
2026-06-04 20:57:11 [INFO] 类别统计：{0: 24, 1: 56, 2: 20, 3: 3, 4: 22, 5: 32, 6: 14, 7: 33, 8: 45, 9: 44, 10: 21, 11: 17, 12: 21, 13: 60, 14: 0, 15: 26}
2026-06-04 20:57:11 [INFO] 面积统计：{0: 3430512.0, 1: 599148.0, 2: 50544.0, 3: 161352.0, 4: 171252.0, 5: 70956.0, 6: 581796.0, 7: 41292.0, 8: 871740.0, 9: 164088.0, 10: 158616.0, 11: 299304.0, 12: 85644.0, 13: 848196.0, 15: 46476.0}
2026-06-04 20:57:11 [INFO] 分割成功
2026-06-04 20:57:11 [INFO] 引擎上下文已释放
2026-06-04 20:57:11 [INFO] TensorRT 引擎已释放
2026-06-04 20:57:12 [INFO] 全局 CUDA 资源已释放
2026-06-04 20:57:12 [INFO] 分割系统资源已释放
2026-06-04 20:57:15 [INFO] CUDA 初始化成功
2026-06-04 20:57:16 [INFO] 引擎加载成功: scrap_steel.engine
2026-06-04 20:57:16 [INFO] 分割系统初始化成功
2026-06-04 20:57:16 [INFO] 图像预处理完成，原始尺寸: (2160, 3840)
2026-06-04 20:57:16 [INFO] 开始执行分割...
2026-06-04 20:57:16 [DEBUG] 处理后的检测结果形状: (1, 8400, 6)
2026-06-04 20:57:16 [DEBUG] 示例检测结果: [[-4.13964462e+00 -3.27737761e+00  3.92666740e+01  1.52953148e+01
   4.17159605e-08  5.00000000e+00]
 [-6.56460190e+00 -3.03356457e+00  4.46798668e+01  2.96348305e+01
   9.89201610e-09  9.00000000e+00]
 [-3.62979889e+00 -3.50431252e+00  4.59814529e+01  3.03791790e+01
   4.52915572e-09  9.00000000e+00]]
2026-06-04 20:57:16 [DEBUG] 处理后检测输出形状: (0, 52)
2026-06-04 20:57:16 [DEBUG] 有效检测数量: 0
2026-06-04 20:57:16 [DEBUG] 检测输出为空
2026-06-04 20:57:16 [INFO] 掩码中检测到的类别: [0, 1, 2, 3, 4, 5, 6, 7, 8, 9, 10, 11, 12, 13, 15]
2026-06-04 20:57:16 [INFO] 分割完成，检测到 0 个物体
2026-06-04 20:57:16 [INFO] 从分割掩码中提取检测结果
2026-06-04 20:57:16 [INFO] 从掩码中提取了 440 个检测框
2026-06-04 20:57:16 [INFO] 计算出的车框矩形边界: (1025, 623) to (3173, 1514)
2026-06-04 20:57:16 [INFO] 原始检测数: 440, 过滤后检测数: 197
2026-06-04 20:57:17 [INFO] 保存分割和检测结果到: C:\code\show\Scrap_Steel_In_Field\photos\segmentation\segment_20260604_205716.jpg
2026-06-04 20:57:17 [INFO] JSON结果保存到: C:\code\show\Scrap_Steel_In_Field\photos\segmentation_result.json
2026-06-04 20:57:17 [INFO] 类别统计：{0: 17, 1: 61, 2: 19, 3: 3, 4: 25, 5: 31, 6: 16, 7: 26, 8: 51, 9: 53, 10: 26, 11: 16, 12: 19, 13: 56, 14: 0, 15: 21}
2026-06-04 20:57:17 [INFO] 面积统计：{0: 3444336.0, 1: 591552.0, 2: 41220.0, 3: 141804.0, 4: 212112.0, 5: 40068.0, 6: 578232.0, 7: 39384.0, 8: 940356.0, 9: 167436.0, 10: 162648.0, 11: 350532.0, 12: 92736.0, 13: 789228.0, 15: 51156.0}
2026-06-04 20:57:17 [INFO] 分割成功
2026-06-04 20:57:17 [INFO] 引擎上下文已释放
2026-06-04 20:57:17 [INFO] TensorRT 引擎已释放
2026-06-04 20:57:17 [INFO] 全局 CUDA 资源已释放
2026-06-04 20:57:17 [INFO] 分割系统资源已释放
2026-06-04 20:57:21 [INFO] CUDA 初始化成功
2026-06-04 20:57:21 [INFO] 引擎加载成功: scrap_steel.engine
2026-06-04 20:57:21 [INFO] 分割系统初始化成功
2026-06-04 20:57:21 [INFO] 图像预处理完成，原始尺寸: (2160, 3840)
2026-06-04 20:57:21 [INFO] 开始执行分割...
2026-06-04 20:57:21 [DEBUG] 处理后的检测结果形状: (1, 8400, 6)
2026-06-04 20:57:21 [DEBUG] 示例检测结果: [[-4.08554840e+00 -3.24560547e+00  3.93569679e+01  1.52426014e+01
   4.27283844e-08  5.00000000e+00]
 [-6.47897339e+00 -3.00080299e+00  4.48229294e+01  2.98402386e+01
   1.03097406e-08  9.00000000e+00]
 [-3.57080841e+00 -3.44789124e+00  4.59500122e+01  3.05368919e+01
   4.80245177e-09  9.00000000e+00]]
2026-06-04 20:57:21 [DEBUG] 处理后检测输出形状: (0, 52)
2026-06-04 20:57:21 [DEBUG] 有效检测数量: 0
2026-06-04 20:57:21 [DEBUG] 检测输出为空
2026-06-04 20:57:21 [INFO] 掩码中检测到的类别: [0, 1, 2, 3, 4, 5, 6, 7, 8, 9, 10, 11, 12, 13, 15]
2026-06-04 20:57:21 [INFO] 分割完成，检测到 0 个物体
2026-06-04 20:57:21 [INFO] 从分割掩码中提取检测结果
2026-06-04 20:57:21 [INFO] 从掩码中提取了 434 个检测框
2026-06-04 20:57:21 [INFO] 计算出的车框矩形边界: (1024, 623) to (3173, 1513)
2026-06-04 20:57:21 [INFO] 原始检测数: 434, 过滤后检测数: 198
2026-06-04 20:57:22 [INFO] 保存分割和检测结果到: C:\code\show\Scrap_Steel_In_Field\photos\segmentation\segment_20260604_205721.jpg
2026-06-04 20:57:22 [INFO] JSON结果保存到: C:\code\show\Scrap_Steel_In_Field\photos\segmentation_result.json
2026-06-04 20:57:22 [INFO] 类别统计：{0: 17, 1: 54, 2: 20, 3: 3, 4: 28, 5: 30, 6: 14, 7: 28, 8: 46, 9: 48, 10: 21, 11: 16, 12: 21, 13: 66, 14: 0, 15: 22}
2026-06-04 20:57:22 [INFO] 面积统计：{0: 3577320.0, 1: 613404.0, 2: 35244.0, 3: 143532.0, 4: 152604.0, 5: 52020.0, 6: 602028.0, 7: 40428.0, 8: 914544.0, 9: 148932.0, 10: 177660.0, 11: 327600.0, 12: 93708.0, 13: 767160.0, 15: 43416.0}
2026-06-04 20:57:22 [INFO] 分割成功
2026-06-04 20:57:22 [INFO] 引擎上下文已释放
2026-06-04 20:57:22 [INFO] TensorRT 引擎已释放
2026-06-04 20:57:22 [INFO] 全局 CUDA 资源已释放
2026-06-04 20:57:22 [INFO] 分割系统资源已释放
2026-06-04 20:57:26 [INFO] CUDA 初始化成功
2026-06-04 20:57:26 [INFO] 引擎加载成功: scrap_steel.engine
2026-06-04 20:57:26 [INFO] 分割系统初始化成功
2026-06-04 20:57:26 [INFO] 图像预处理完成，原始尺寸: (2160, 3840)
2026-06-04 20:57:26 [INFO] 开始执行分割...
2026-06-04 20:57:26 [DEBUG] 处理后的检测结果形状: (1, 8400, 6)
2026-06-04 20:57:26 [DEBUG] 示例检测结果: [[-4.11853409e+00 -3.24922085e+00  3.93998146e+01  1.52460852e+01
   4.13958681e-08  5.00000000e+00]
 [-6.52082062e+00 -3.00033283e+00  4.46877861e+01  2.97355537e+01
   9.85327020e-09  9.00000000e+00]
 [-3.57292938e+00 -3.49000549e+00  4.59614182e+01  3.05128899e+01
   4.56494575e-09  9.00000000e+00]]
2026-06-04 20:57:26 [DEBUG] 处理后检测输出形状: (0, 52)
2026-06-04 20:57:26 [DEBUG] 有效检测数量: 0
2026-06-04 20:57:26 [DEBUG] 检测输出为空
2026-06-04 20:57:26 [INFO] 掩码中检测到的类别: [0, 1, 2, 3, 4, 5, 6, 7, 8, 9, 10, 11, 12, 13, 15]
2026-06-04 20:57:26 [INFO] 分割完成，检测到 0 个物体
2026-06-04 20:57:26 [INFO] 从分割掩码中提取检测结果
2026-06-04 20:57:26 [INFO] 从掩码中提取了 432 个检测框
2026-06-04 20:57:27 [INFO] 计算出的车框矩形边界: (1024, 623) to (3173, 1514)
2026-06-04 20:57:27 [INFO] 原始检测数: 432, 过滤后检测数: 189
2026-06-04 20:57:27 [INFO] 保存分割和检测结果到: C:\code\show\Scrap_Steel_In_Field\photos\segmentation\segment_20260604_205726.jpg
2026-06-04 20:57:27 [INFO] JSON结果保存到: C:\code\show\Scrap_Steel_In_Field\photos\segmentation_result.json
2026-06-04 20:57:27 [INFO] 类别统计：{0: 18, 1: 60, 2: 20, 3: 3, 4: 21, 5: 31, 6: 17, 7: 23, 8: 60, 9: 51, 10: 19, 11: 14, 12: 21, 13: 56, 14: 0, 15: 18}
2026-06-04 20:57:27 [INFO] 面积统计：{0: 3579228.0, 1: 631152.0, 2: 36288.0, 3: 140112.0, 4: 174924.0, 5: 46800.0, 6: 591156.0, 7: 33300.0, 8: 942192.0, 9: 155700.0, 10: 172224.0, 11: 353376.0, 12: 83700.0, 13: 753408.0, 15: 51084.0}
2026-06-04 20:57:27 [INFO] 分割成功
2026-06-04 20:57:27 [INFO] 引擎上下文已释放
2026-06-04 20:57:27 [INFO] TensorRT 引擎已释放
2026-06-04 20:57:27 [INFO] 全局 CUDA 资源已释放
2026-06-04 20:57:27 [INFO] 分割系统资源已释放
2026-06-04 20:57:31 [INFO] CUDA 初始化成功
2026-06-04 20:57:31 [INFO] 引擎加载成功: scrap_steel.engine
2026-06-04 20:57:31 [INFO] 分割系统初始化成功
2026-06-04 20:57:31 [INFO] 图像预处理完成，原始尺寸: (2160, 3840)
2026-06-04 20:57:31 [INFO] 开始执行分割...
2026-06-04 20:57:31 [DEBUG] 处理后的检测结果形状: (1, 8400, 6)
2026-06-04 20:57:31 [DEBUG] 示例检测结果: [[-4.11582184e+00 -3.24260044e+00  3.93972435e+01  1.52148123e+01
   4.19038884e-08  5.00000000e+00]
 [-6.48711777e+00 -2.98678970e+00  4.48287888e+01  2.97328644e+01
   1.00054294e-08  9.00000000e+00]
 [-3.56461716e+00 -3.43642616e+00  4.59922447e+01  3.05297031e+01
   4.65185224e-09  9.00000000e+00]]
2026-06-04 20:57:31 [DEBUG] 处理后检测输出形状: (0, 52)
2026-06-04 20:57:31 [DEBUG] 有效检测数量: 0
2026-06-04 20:57:31 [DEBUG] 检测输出为空
2026-06-04 20:57:31 [INFO] 掩码中检测到的类别: [0, 1, 2, 3, 4, 5, 6, 7, 8, 9, 10, 11, 12, 13, 15]
2026-06-04 20:57:31 [INFO] 分割完成，检测到 0 个物体
2026-06-04 20:57:31 [INFO] 从分割掩码中提取检测结果
2026-06-04 20:57:32 [INFO] 从掩码中提取了 429 个检测框
2026-06-04 20:57:32 [INFO] 计算出的车框矩形边界: (1023, 623) to (3173, 1513)
2026-06-04 20:57:32 [INFO] 原始检测数: 429, 过滤后检测数: 197
2026-06-04 20:57:32 [INFO] 保存分割和检测结果到: C:\code\show\Scrap_Steel_In_Field\photos\segmentation\segment_20260604_205732.jpg
2026-06-04 20:57:32 [INFO] JSON结果保存到: C:\code\show\Scrap_Steel_In_Field\photos\segmentation_result.json
2026-06-04 20:57:32 [INFO] 类别统计：{0: 18, 1: 57, 2: 21, 3: 4, 4: 18, 5: 32, 6: 17, 7: 29, 8: 49, 9: 54, 10: 22, 11: 18, 12: 19, 13: 56, 14: 0, 15: 15}
2026-06-04 20:57:32 [INFO] 面积统计：{0: 3447000.0, 1: 594648.0, 2: 38376.0, 3: 140724.0, 4: 184032.0, 5: 52200.0, 6: 569088.0, 7: 34740.0, 8: 942876.0, 9: 155340.0, 10: 175896.0, 11: 349020.0, 12: 96948.0, 13: 773532.0, 15: 41796.0}
2026-06-04 20:57:32 [INFO] 分割成功
2026-06-04 20:57:32 [INFO] 引擎上下文已释放
2026-06-04 20:57:32 [INFO] TensorRT 引擎已释放
2026-06-04 20:57:32 [INFO] 全局 CUDA 资源已释放
2026-06-04 20:57:32 [INFO] 分割系统资源已释放
2026-06-04 20:57:36 [INFO] CUDA 初始化成功
2026-06-04 20:57:36 [INFO] 引擎加载成功: scrap_steel.engine
2026-06-04 20:57:36 [INFO] 分割系统初始化成功
2026-06-04 20:57:36 [INFO] 图像预处理完成，原始尺寸: (2160, 3840)
2026-06-04 20:57:36 [INFO] 开始执行分割...
2026-06-04 20:57:36 [DEBUG] 处理后的检测结果形状: (1, 8400, 6)
2026-06-04 20:57:36 [DEBUG] 示例检测结果: [[-4.08396149e+00 -3.22318840e+00  3.94217758e+01  1.51579170e+01
   4.13958681e-08  5.00000000e+00]
 [-6.45605087e+00 -2.98884392e+00  4.47792931e+01  2.98134518e+01
   9.88879378e-09  9.00000000e+00]
 [-3.53506088e+00 -3.42001247e+00  4.60179787e+01  3.06211472e+01
   4.62892569e-09  9.00000000e+00]]
2026-06-04 20:57:36 [DEBUG] 处理后检测输出形状: (0, 52)
2026-06-04 20:57:36 [DEBUG] 有效检测数量: 0
2026-06-04 20:57:36 [DEBUG] 检测输出为空
2026-06-04 20:57:36 [INFO] 掩码中检测到的类别: [0, 1, 2, 3, 4, 5, 6, 7, 8, 9, 10, 11, 12, 13, 15]
2026-06-04 20:57:36 [INFO] 分割完成，检测到 0 个物体
2026-06-04 20:57:36 [INFO] 从分割掩码中提取检测结果
2026-06-04 20:57:37 [INFO] 从掩码中提取了 419 个检测框
2026-06-04 20:57:37 [INFO] 计算出的车框矩形边界: (1024, 623) to (3173, 1514)
2026-06-04 20:57:37 [INFO] 原始检测数: 419, 过滤后检测数: 187
2026-06-04 20:57:37 [INFO] 保存分割和检测结果到: C:\code\show\Scrap_Steel_In_Field\photos\segmentation\segment_20260604_205737.jpg
2026-06-04 20:57:37 [INFO] JSON结果保存到: C:\code\show\Scrap_Steel_In_Field\photos\segmentation_result.json
2026-06-04 20:57:37 [INFO] 类别统计：{0: 14, 1: 59, 2: 20, 3: 4, 4: 21, 5: 32, 6: 16, 7: 30, 8: 51, 9: 45, 10: 19, 11: 15, 12: 18, 13: 58, 14: 0, 15: 17}
2026-06-04 20:57:37 [INFO] 面积统计：{0: 3487824.0, 1: 597240.0, 2: 40500.0, 3: 146700.0, 4: 167328.0, 5: 47808.0, 6: 581832.0, 7: 36864.0, 8: 915048.0, 9: 143568.0, 10: 182520.0, 11: 338220.0, 12: 83232.0, 13: 778752.0, 15: 49284.0}
2026-06-04 20:57:37 [INFO] 分割成功
2026-06-04 20:57:37 [INFO] 引擎上下文已释放
2026-06-04 20:57:37 [INFO] TensorRT 引擎已释放
2026-06-04 20:57:37 [INFO] 全局 CUDA 资源已释放
2026-06-04 20:57:37 [INFO] 分割系统资源已释放
2026-06-04 20:57:41 [INFO] CUDA 初始化成功
2026-06-04 20:57:41 [INFO] 引擎加载成功: scrap_steel.engine
2026-06-04 20:57:41 [INFO] 分割系统初始化成功
2026-06-04 20:57:41 [INFO] 图像预处理完成，原始尺寸: (2160, 3840)
2026-06-04 20:57:41 [INFO] 开始执行分割...
2026-06-04 20:57:41 [DEBUG] 处理后的检测结果形状: (1, 8400, 6)
2026-06-04 20:57:41 [DEBUG] 示例检测结果: [[-4.08813858e+00 -3.25739193e+00  3.93421860e+01  1.53015089e+01
   4.28936922e-08  5.00000000e+00]
 [-6.49502945e+00 -3.00978661e+00  4.47917061e+01  2.98704205e+01
   1.00755244e-08  9.00000000e+00]
 [-3.55884552e+00 -3.46263790e+00  4.59946327e+01  3.05863037e+01
   4.66187178e-09  9.00000000e+00]]
2026-06-04 20:57:41 [DEBUG] 处理后检测输出形状: (0, 52)
2026-06-04 20:57:41 [DEBUG] 有效检测数量: 0
2026-06-04 20:57:41 [DEBUG] 检测输出为空
2026-06-04 20:57:41 [INFO] 掩码中检测到的类别: [0, 1, 2, 3, 4, 5, 6, 7, 8, 9, 10, 11, 12, 13, 15]
2026-06-04 20:57:41 [INFO] 分割完成，检测到 0 个物体
2026-06-04 20:57:41 [INFO] 从分割掩码中提取检测结果
2026-06-04 20:57:42 [INFO] 从掩码中提取了 435 个检测框
2026-06-04 20:57:42 [INFO] 计算出的车框矩形边界: (1023, 623) to (3173, 1513)
2026-06-04 20:57:42 [INFO] 原始检测数: 435, 过滤后检测数: 203
2026-06-04 20:57:42 [INFO] 保存分割和检测结果到: C:\code\show\Scrap_Steel_In_Field\photos\segmentation\segment_20260604_205742.jpg
2026-06-04 20:57:42 [INFO] JSON结果保存到: C:\code\show\Scrap_Steel_In_Field\photos\segmentation_result.json
2026-06-04 20:57:42 [INFO] 类别统计：{0: 18, 1: 56, 2: 21, 3: 3, 4: 20, 5: 32, 6: 20, 7: 30, 8: 50, 9: 45, 10: 22, 11: 18, 12: 19, 13: 60, 14: 0, 15: 21}
2026-06-04 20:57:42 [INFO] 面积统计：{0: 3561228.0, 1: 613548.0, 2: 39996.0, 3: 142704.0, 4: 178452.0, 5: 49284.0, 6: 573948.0, 7: 29412.0, 8: 944172.0, 9: 150084.0, 10: 173484.0, 11: 349344.0, 12: 97164.0, 13: 769212.0, 15: 46944.0}
2026-06-04 20:57:42 [INFO] 分割成功
2026-06-04 20:57:42 [INFO] 引擎上下文已释放
2026-06-04 20:57:42 [INFO] TensorRT 引擎已释放
2026-06-04 20:57:42 [INFO] 全局 CUDA 资源已释放
2026-06-04 20:57:42 [INFO] 分割系统资源已释放
2026-06-04 20:57:46 [INFO] CUDA 初始化成功
2026-06-04 20:57:46 [INFO] 引擎加载成功: scrap_steel.engine
2026-06-04 20:57:46 [INFO] 分割系统初始化成功
2026-06-04 20:57:47 [INFO] 图像预处理完成，原始尺寸: (2160, 3840)
2026-06-04 20:57:47 [INFO] 开始执行分割...
2026-06-04 20:57:47 [DEBUG] 处理后的检测结果形状: (1, 8400, 6)
2026-06-04 20:57:47 [DEBUG] 示例检测结果: [[-4.10197830e+00 -3.25510216e+00  3.93144951e+01  1.52930679e+01
   4.15567314e-08  5.00000000e+00]
 [-6.46672821e+00 -3.02139282e+00  4.46619949e+01  2.98196831e+01
   1.00087263e-08  9.00000000e+00]
 [-3.54512405e+00 -3.47931862e+00  4.59428024e+01  3.05542698e+01
   4.58259564e-09  9.00000000e+00]]
2026-06-04 20:57:47 [DEBUG] 处理后检测输出形状: (0, 52)
2026-06-04 20:57:47 [DEBUG] 有效检测数量: 0
2026-06-04 20:57:47 [DEBUG] 检测输出为空
2026-06-04 20:57:47 [INFO] 掩码中检测到的类别: [0, 1, 2, 3, 4, 5, 6, 7, 8, 9, 10, 11, 12, 13, 15]
2026-06-04 20:57:47 [INFO] 分割完成，检测到 0 个物体
2026-06-04 20:57:47 [INFO] 从分割掩码中提取检测结果
2026-06-04 20:57:47 [INFO] 从掩码中提取了 416 个检测框
2026-06-04 20:57:47 [INFO] 计算出的车框矩形边界: (1023, 623) to (3173, 1514)
2026-06-04 20:57:47 [INFO] 原始检测数: 416, 过滤后检测数: 202
2026-06-04 20:57:47 [INFO] 保存分割和检测结果到: C:\code\show\Scrap_Steel_In_Field\photos\segmentation\segment_20260604_205747.jpg
2026-06-04 20:57:47 [INFO] JSON结果保存到: C:\code\show\Scrap_Steel_In_Field\photos\segmentation_result.json
2026-06-04 20:57:47 [INFO] 类别统计：{0: 11, 1: 56, 2: 23, 3: 2, 4: 22, 5: 27, 6: 19, 7: 27, 8: 44, 9: 45, 10: 24, 11: 17, 12: 21, 13: 56, 14: 0, 15: 22}
2026-06-04 20:57:47 [INFO] 面积统计：{0: 3604644.0, 1: 589356.0, 2: 40356.0, 3: 139212.0, 4: 176868.0, 5: 39996.0, 6: 566100.0, 7: 35820.0, 8: 941652.0, 9: 136764.0, 10: 172332.0, 11: 340308.0, 12: 82620.0, 13: 766152.0, 15: 48348.0}
2026-06-04 20:57:47 [INFO] 分割成功
2026-06-04 20:57:47 [INFO] 引擎上下文已释放
2026-06-04 20:57:47 [INFO] TensorRT 引擎已释放
2026-06-04 20:57:48 [INFO] 全局 CUDA 资源已释放
2026-06-04 20:57:48 [INFO] 分割系统资源已释放
2026-06-04 20:57:51 [INFO] CUDA 初始化成功
2026-06-04 20:57:52 [INFO] 引擎加载成功: scrap_steel.engine
2026-06-04 20:57:52 [INFO] 分割系统初始化成功
2026-06-04 20:57:52 [INFO] 图像预处理完成，原始尺寸: (2160, 3840)
2026-06-04 20:57:52 [INFO] 开始执行分割...
2026-06-04 20:57:52 [DEBUG] 处理后的检测结果形状: (1, 8400, 6)
2026-06-04 20:57:52 [DEBUG] 示例检测结果: [[-4.11800003e+00 -3.24743938e+00  3.93031044e+01  1.52519884e+01
   4.22319459e-08  5.00000000e+00]
 [-6.50085831e+00 -3.00980473e+00  4.47741165e+01  2.98901329e+01
   9.92374183e-09  9.00000000e+00]
 [-3.54683685e+00 -3.47575092e+00  4.59800835e+01  3.06046867e+01
   4.61120564e-09  9.00000000e+00]]
2026-06-04 20:57:52 [DEBUG] 处理后检测输出形状: (0, 52)
2026-06-04 20:57:52 [DEBUG] 有效检测数量: 0
2026-06-04 20:57:52 [DEBUG] 检测输出为空
2026-06-04 20:57:52 [INFO] 掩码中检测到的类别: [0, 1, 2, 3, 4, 5, 6, 7, 8, 9, 10, 11, 12, 13, 15]
2026-06-04 20:57:52 [INFO] 分割完成，检测到 0 个物体
2026-06-04 20:57:52 [INFO] 从分割掩码中提取检测结果
2026-06-04 20:57:52 [INFO] 从掩码中提取了 449 个检测框
2026-06-04 20:57:52 [INFO] 计算出的车框矩形边界: (1024, 623) to (3173, 1513)
2026-06-04 20:57:52 [INFO] 原始检测数: 449, 过滤后检测数: 200
2026-06-04 20:57:53 [INFO] 保存分割和检测结果到: C:\code\show\Scrap_Steel_In_Field\photos\segmentation\segment_20260604_205752.jpg
2026-06-04 20:57:53 [INFO] JSON结果保存到: C:\code\show\Scrap_Steel_In_Field\photos\segmentation_result.json
2026-06-04 20:57:53 [INFO] 类别统计：{0: 21, 1: 57, 2: 24, 3: 3, 4: 23, 5: 29, 6: 16, 7: 27, 8: 51, 9: 53, 10: 20, 11: 19, 12: 18, 13: 62, 14: 0, 15: 26}
2026-06-04 20:57:53 [INFO] 面积统计：{0: 3532500.0, 1: 598140.0, 2: 40320.0, 3: 144504.0, 4: 174456.0, 5: 50832.0, 6: 581256.0, 7: 41544.0, 8: 929880.0, 9: 146700.0, 10: 182232.0, 11: 340164.0, 12: 94860.0, 13: 774936.0, 15: 40896.0}
2026-06-04 20:57:53 [INFO] 分割成功
2026-06-04 20:57:53 [INFO] 引擎上下文已释放
2026-06-04 20:57:53 [INFO] TensorRT 引擎已释放
2026-06-04 20:57:53 [INFO] 全局 CUDA 资源已释放
2026-06-04 20:57:53 [INFO] 分割系统资源已释放
2026-06-04 20:57:57 [INFO] CUDA 初始化成功
2026-06-04 20:57:57 [INFO] 引擎加载成功: scrap_steel.engine
2026-06-04 20:57:57 [INFO] 分割系统初始化成功
2026-06-04 20:57:57 [INFO] 图像预处理完成，原始尺寸: (2160, 3840)
2026-06-04 20:57:57 [INFO] 开始执行分割...
2026-06-04 20:57:57 [DEBUG] 处理后的检测结果形状: (1, 8400, 6)
2026-06-04 20:57:57 [DEBUG] 示例检测结果: [[-4.08693695e+00 -3.23165941e+00  3.94100609e+01  1.52422142e+01
   4.20679171e-08  5.00000000e+00]
 [-6.50144958e+00 -2.98323154e+00  4.47935219e+01  2.97651138e+01
   9.92374183e-09  9.00000000e+00]
 [-3.58522797e+00 -3.44644737e+00  4.59793091e+01  3.05578899e+01
   4.59323601e-09  9.00000000e+00]]
2026-06-04 20:57:57 [DEBUG] 处理后检测输出形状: (0, 52)
2026-06-04 20:57:57 [DEBUG] 有效检测数量: 0
2026-06-04 20:57:57 [DEBUG] 检测输出为空
2026-06-04 20:57:57 [INFO] 掩码中检测到的类别: [0, 1, 2, 3, 4, 5, 6, 7, 8, 9, 10, 11, 12, 13, 15]
2026-06-04 20:57:57 [INFO] 分割完成，检测到 0 个物体
2026-06-04 20:57:57 [INFO] 从分割掩码中提取检测结果
2026-06-04 20:57:57 [INFO] 从掩码中提取了 423 个检测框
2026-06-04 20:57:57 [INFO] 计算出的车框矩形边界: (1027, 623) to (3173, 1514)
2026-06-04 20:57:57 [INFO] 原始检测数: 423, 过滤后检测数: 200
2026-06-04 20:57:58 [INFO] 保存分割和检测结果到: C:\code\show\Scrap_Steel_In_Field\photos\segmentation\segment_20260604_205757.jpg
2026-06-04 20:57:58 [INFO] JSON结果保存到: C:\code\show\Scrap_Steel_In_Field\photos\segmentation_result.json
2026-06-04 20:57:58 [INFO] 类别统计：{0: 14, 1: 58, 2: 23, 3: 3, 4: 19, 5: 29, 6: 16, 7: 28, 8: 53, 9: 50, 10: 21, 11: 14, 12: 19, 13: 57, 14: 0, 15: 19}
2026-06-04 20:57:58 [INFO] 面积统计：{0: 3522960.0, 1: 603720.0, 2: 40896.0, 3: 141336.0, 4: 165636.0, 5: 44028.0, 6: 582840.0, 7: 40176.0, 8: 900972.0, 9: 142812.0, 10: 176040.0, 11: 337032.0, 12: 88344.0, 13: 777276.0, 15: 48240.0}
2026-06-04 20:57:58 [INFO] 分割成功
2026-06-04 20:57:58 [INFO] 引擎上下文已释放
2026-06-04 20:57:58 [INFO] TensorRT 引擎已释放
2026-06-04 20:57:58 [INFO] 全局 CUDA 资源已释放
2026-06-04 20:57:58 [INFO] 分割系统资源已释放
2026-06-04 20:58:02 [INFO] CUDA 初始化成功
2026-06-04 20:58:02 [INFO] 引擎加载成功: scrap_steel.engine
2026-06-04 20:58:02 [INFO] 分割系统初始化成功
2026-06-04 20:58:02 [INFO] 图像预处理完成，原始尺寸: (2160, 3840)
2026-06-04 20:58:02 [INFO] 开始执行分割...
2026-06-04 20:58:02 [DEBUG] 处理后的检测结果形状: (1, 8400, 6)
2026-06-04 20:58:02 [DEBUG] 示例检测结果: [[-4.13307190e+00 -3.25595284e+00  3.93915024e+01  1.53075790e+01
   4.18820711e-08  5.00000000e+00]
 [-6.53907776e+00 -3.03422260e+00  4.47802010e+01  2.99032936e+01
   9.92374183e-09  9.00000000e+00]
 [-3.54882050e+00 -3.44919205e+00  4.59773712e+01  3.05459671e+01
   4.66561367e-09  9.00000000e+00]]
2026-06-04 20:58:02 [DEBUG] 处理后检测输出形状: (0, 52)
2026-06-04 20:58:02 [DEBUG] 有效检测数量: 0
2026-06-04 20:58:02 [DEBUG] 检测输出为空
2026-06-04 20:58:02 [INFO] 掩码中检测到的类别: [0, 1, 2, 3, 4, 5, 6, 7, 8, 9, 10, 11, 12, 13, 15]
2026-06-04 20:58:02 [INFO] 分割完成，检测到 0 个物体
2026-06-04 20:58:02 [INFO] 从分割掩码中提取检测结果
2026-06-04 20:58:02 [INFO] 从掩码中提取了 453 个检测框
2026-06-04 20:58:02 [INFO] 计算出的车框矩形边界: (1023, 623) to (3173, 1514)
2026-06-04 20:58:02 [INFO] 原始检测数: 453, 过滤后检测数: 201
2026-06-04 20:58:03 [INFO] 保存分割和检测结果到: C:\code\show\Scrap_Steel_In_Field\photos\segmentation\segment_20260604_205802.jpg
2026-06-04 20:58:03 [INFO] JSON结果保存到: C:\code\show\Scrap_Steel_In_Field\photos\segmentation_result.json
2026-06-04 20:58:03 [INFO] 类别统计：{0: 16, 1: 55, 2: 19, 3: 3, 4: 22, 5: 37, 6: 19, 7: 30, 8: 52, 9: 52, 10: 22, 11: 16, 12: 21, 13: 67, 14: 0, 15: 22}
2026-06-04 20:58:03 [INFO] 面积统计：{0: 3485844.0, 1: 593100.0, 2: 39312.0, 3: 145512.0, 4: 185148.0, 5: 47268.0, 6: 592704.0, 7: 38340.0, 8: 938628.0, 9: 146844.0, 10: 169236.0, 11: 340344.0, 12: 87192.0, 13: 769860.0, 15: 52704.0}
2026-06-04 20:58:03 [INFO] 分割成功
2026-06-04 20:58:03 [INFO] 引擎上下文已释放
2026-06-04 20:58:03 [INFO] TensorRT 引擎已释放
2026-06-04 20:58:03 [INFO] 全局 CUDA 资源已释放
2026-06-04 20:58:03 [INFO] 分割系统资源已释放
2026-06-04 20:58:07 [INFO] CUDA 初始化成功
2026-06-04 20:58:07 [INFO] 引擎加载成功: scrap_steel.engine
2026-06-04 20:58:07 [INFO] 分割系统初始化成功
2026-06-04 20:58:07 [INFO] 图像预处理完成，原始尺寸: (2160, 3840)
2026-06-04 20:58:07 [INFO] 开始执行分割...
2026-06-04 20:58:07 [DEBUG] 处理后的检测结果形状: (1, 8400, 6)
2026-06-04 20:58:07 [DEBUG] 示例检测结果: [[-4.11787796e+00 -3.24628210e+00  3.93915672e+01  1.52473049e+01
   4.34148184e-08  5.00000000e+00]
 [-6.52072906e+00 -3.01193237e+00  4.47656136e+01  2.97567673e+01
   1.01496092e-08  9.00000000e+00]
 [-3.57113647e+00 -3.47455406e+00  4.59690704e+01  3.04988766e+01
   4.71380268e-09  9.00000000e+00]]
2026-06-04 20:58:07 [DEBUG] 处理后检测输出形状: (0, 52)
2026-06-04 20:58:07 [DEBUG] 有效检测数量: 0
2026-06-04 20:58:07 [DEBUG] 检测输出为空
2026-06-04 20:58:07 [INFO] 掩码中检测到的类别: [0, 1, 2, 3, 4, 5, 6, 7, 8, 9, 10, 11, 12, 13, 15]
2026-06-04 20:58:07 [INFO] 分割完成，检测到 0 个物体
2026-06-04 20:58:07 [INFO] 从分割掩码中提取检测结果
2026-06-04 20:58:07 [INFO] 从掩码中提取了 429 个检测框
2026-06-04 20:58:07 [INFO] 计算出的车框矩形边界: (1027, 623) to (3173, 1514)
2026-06-04 20:58:07 [INFO] 原始检测数: 429, 过滤后检测数: 197
2026-06-04 20:58:08 [INFO] 保存分割和检测结果到: C:\code\show\Scrap_Steel_In_Field\photos\segmentation\segment_20260604_205807.jpg
2026-06-04 20:58:08 [INFO] JSON结果保存到: C:\code\show\Scrap_Steel_In_Field\photos\segmentation_result.json
2026-06-04 20:58:08 [INFO] 类别统计：{0: 17, 1: 63, 2: 20, 3: 4, 4: 21, 5: 28, 6: 18, 7: 26, 8: 42, 9: 48, 10: 23, 11: 16, 12: 20, 13: 58, 14: 0, 15: 25}
2026-06-04 20:58:08 [INFO] 面积统计：{0: 3623328.0, 1: 590580.0, 2: 40680.0, 3: 139140.0, 4: 178956.0, 5: 44712.0, 6: 586836.0, 7: 34596.0, 8: 926100.0, 9: 143388.0, 10: 174528.0, 11: 331776.0, 12: 85068.0, 13: 799668.0, 15: 40500.0}
2026-06-04 20:58:08 [INFO] 分割成功
2026-06-04 20:58:08 [INFO] 引擎上下文已释放
2026-06-04 20:58:08 [INFO] TensorRT 引擎已释放
2026-06-04 20:58:08 [INFO] 全局 CUDA 资源已释放
2026-06-04 20:58:08 [INFO] 分割系统资源已释放
2026-06-04 20:58:12 [INFO] CUDA 初始化成功
2026-06-04 20:58:12 [INFO] 引擎加载成功: scrap_steel.engine
2026-06-04 20:58:12 [INFO] 分割系统初始化成功
2026-06-04 20:58:12 [INFO] 图像预处理完成，原始尺寸: (2160, 3840)
2026-06-04 20:58:12 [INFO] 开始执行分割...
2026-06-04 20:58:12 [DEBUG] 处理后的检测结果形状: (1, 8400, 6)
2026-06-04 20:58:12 [DEBUG] 示例检测结果: [[-4.08566666e+00 -3.24302387e+00  3.92924461e+01  1.53008966e+01
   4.23977973e-08  5.00000000e+00]
 [-6.47895813e+00 -3.00733662e+00  4.47221756e+01  2.98377876e+01
   1.01547641e-08  9.00000000e+00]
 [-3.54235458e+00 -3.42084885e+00  4.59262848e+01  3.05023155e+01
   4.69481787e-09  9.00000000e+00]]
2026-06-04 20:58:12 [DEBUG] 处理后检测输出形状: (0, 52)
2026-06-04 20:58:12 [DEBUG] 有效检测数量: 0
2026-06-04 20:58:12 [DEBUG] 检测输出为空
2026-06-04 20:58:12 [INFO] 掩码中检测到的类别: [0, 1, 2, 3, 4, 5, 6, 7, 8, 9, 10, 11, 12, 13, 15]
2026-06-04 20:58:12 [INFO] 分割完成，检测到 0 个物体
2026-06-04 20:58:12 [INFO] 从分割掩码中提取检测结果
2026-06-04 20:58:12 [INFO] 从掩码中提取了 414 个检测框
2026-06-04 20:58:12 [INFO] 计算出的车框矩形边界: (1023, 623) to (3173, 1513)
2026-06-04 20:58:12 [INFO] 原始检测数: 414, 过滤后检测数: 199
2026-06-04 20:58:13 [INFO] 保存分割和检测结果到: C:\code\show\Scrap_Steel_In_Field\photos\segmentation\segment_20260604_205812.jpg
2026-06-04 20:58:13 [INFO] JSON结果保存到: C:\code\show\Scrap_Steel_In_Field\photos\segmentation_result.json
2026-06-04 20:58:13 [INFO] 类别统计：{0: 13, 1: 57, 2: 20, 3: 4, 4: 21, 5: 27, 6: 17, 7: 28, 8: 45, 9: 50, 10: 20, 11: 15, 12: 20, 13: 62, 14: 0, 15: 15}
2026-06-04 20:58:13 [INFO] 面积统计：{0: 3605976.0, 1: 582984.0, 2: 39924.0, 3: 141156.0, 4: 159120.0, 5: 42552.0, 6: 556056.0, 7: 36288.0, 8: 927108.0, 9: 142740.0, 10: 183960.0, 11: 343368.0, 12: 78228.0, 13: 789624.0, 15: 45828.0}
2026-06-04 20:58:13 [INFO] 分割成功
2026-06-04 20:58:13 [INFO] 引擎上下文已释放
2026-06-04 20:58:13 [INFO] TensorRT 引擎已释放
2026-06-04 20:58:13 [INFO] 全局 CUDA 资源已释放
2026-06-04 20:58:13 [INFO] 分割系统资源已释放
2026-06-04 20:58:17 [INFO] CUDA 初始化成功
2026-06-04 20:58:17 [INFO] 引擎加载成功: scrap_steel.engine
2026-06-04 20:58:17 [INFO] 分割系统初始化成功
2026-06-04 20:58:17 [INFO] 图像预处理完成，原始尺寸: (2160, 3840)
2026-06-04 20:58:17 [INFO] 开始执行分割...
2026-06-04 20:58:17 [DEBUG] 处理后的检测结果形状: (1, 8400, 6)
2026-06-04 20:58:17 [DEBUG] 示例检测结果: [[-4.11762238e+00 -3.28049183e+00  3.93980713e+01  1.53909349e+01
   4.22319459e-08  5.00000000e+00]
 [-6.46391296e+00 -3.02221966e+00  4.46646881e+01  2.98400192e+01
   9.92374183e-09  9.00000000e+00]
 [-3.53057861e+00 -3.46091270e+00  4.59001617e+01  3.05432301e+01
   4.59323601e-09  9.00000000e+00]]
2026-06-04 20:58:17 [DEBUG] 处理后检测输出形状: (0, 52)
2026-06-04 20:58:17 [DEBUG] 有效检测数量: 0
2026-06-04 20:58:17 [DEBUG] 检测输出为空
2026-06-04 20:58:17 [INFO] 掩码中检测到的类别: [0, 1, 2, 3, 4, 5, 6, 7, 8, 9, 10, 11, 12, 13, 15]
2026-06-04 20:58:17 [INFO] 分割完成，检测到 0 个物体
2026-06-04 20:58:17 [INFO] 从分割掩码中提取检测结果
2026-06-04 20:58:17 [INFO] 从掩码中提取了 440 个检测框
2026-06-04 20:58:18 [INFO] 计算出的车框矩形边界: (1024, 623) to (3173, 1514)
2026-06-04 20:58:18 [INFO] 原始检测数: 440, 过滤后检测数: 201
2026-06-04 20:58:18 [INFO] 保存分割和检测结果到: C:\code\show\Scrap_Steel_In_Field\photos\segmentation\segment_20260604_205817.jpg
2026-06-04 20:58:18 [INFO] JSON结果保存到: C:\code\show\Scrap_Steel_In_Field\photos\segmentation_result.json
2026-06-04 20:58:18 [INFO] 类别统计：{0: 20, 1: 59, 2: 21, 3: 3, 4: 20, 5: 33, 6: 18, 7: 27, 8: 43, 9: 57, 10: 24, 11: 18, 12: 19, 13: 56, 14: 0, 15: 22}
2026-06-04 20:58:18 [INFO] 面积统计：{0: 3550104.0, 1: 591732.0, 2: 40644.0, 3: 145260.0, 4: 176292.0, 5: 46368.0, 6: 581796.0, 7: 42804.0, 8: 938988.0, 9: 145620.0, 10: 168552.0, 11: 345528.0, 12: 93564.0, 13: 776736.0, 15: 47196.0}
2026-06-04 20:58:18 [INFO] 分割成功
2026-06-04 20:58:18 [INFO] 引擎上下文已释放
2026-06-04 20:58:18 [INFO] TensorRT 引擎已释放
2026-06-04 20:58:18 [INFO] 全局 CUDA 资源已释放
2026-06-04 20:58:18 [INFO] 分割系统资源已释放
2026-06-04 20:58:22 [INFO] CUDA 初始化成功
2026-06-04 20:58:22 [INFO] 引擎加载成功: scrap_steel.engine
2026-06-04 20:58:22 [INFO] 分割系统初始化成功
2026-06-04 20:58:22 [INFO] 图像预处理完成，原始尺寸: (2160, 3840)
2026-06-04 20:58:22 [INFO] 开始执行分割...
2026-06-04 20:58:22 [DEBUG] 处理后的检测结果形状: (1, 8400, 6)
2026-06-04 20:58:22 [DEBUG] 示例检测结果: [[-4.08877945e+00 -3.25951576e+00  3.94181480e+01  1.54232483e+01
   4.18820711e-08  5.00000000e+00]
 [-6.45566559e+00 -3.01305199e+00  4.47146606e+01  2.99343586e+01
   9.92735494e-09  9.00000000e+00]
 [-3.54049683e+00 -3.43499565e+00  4.59442673e+01  3.05560474e+01
   4.66561367e-09  9.00000000e+00]]
2026-06-04 20:58:22 [DEBUG] 处理后检测输出形状: (0, 52)
2026-06-04 20:58:22 [DEBUG] 有效检测数量: 0
2026-06-04 20:58:22 [DEBUG] 检测输出为空
2026-06-04 20:58:22 [INFO] 掩码中检测到的类别: [0, 1, 2, 3, 4, 5, 6, 7, 8, 9, 10, 11, 12, 13, 15]
2026-06-04 20:58:22 [INFO] 分割完成，检测到 0 个物体
2026-06-04 20:58:22 [INFO] 从分割掩码中提取检测结果
2026-06-04 20:58:23 [INFO] 从掩码中提取了 428 个检测框
2026-06-04 20:58:23 [INFO] 计算出的车框矩形边界: (1024, 622) to (3173, 1513)
2026-06-04 20:58:23 [INFO] 原始检测数: 428, 过滤后检测数: 200
2026-06-04 20:58:23 [INFO] 保存分割和检测结果到: C:\code\show\Scrap_Steel_In_Field\photos\segmentation\segment_20260604_205823.jpg
2026-06-04 20:58:23 [INFO] JSON结果保存到: C:\code\show\Scrap_Steel_In_Field\photos\segmentation_result.json
2026-06-04 20:58:23 [INFO] 类别统计：{0: 16, 1: 55, 2: 19, 3: 3, 4: 24, 5: 36, 6: 16, 7: 31, 8: 45, 9: 51, 10: 19, 11: 14, 12: 20, 13: 56, 14: 0, 15: 23}
2026-06-04 20:58:23 [INFO] 面积统计：{0: 3481416.0, 1: 583272.0, 2: 38376.0, 3: 141840.0, 4: 179964.0, 5: 47484.0, 6: 580428.0, 7: 42084.0, 8: 907308.0, 9: 147492.0, 10: 178452.0, 11: 328104.0, 12: 92016.0, 13: 808128.0, 15: 34020.0}
2026-06-04 20:58:23 [INFO] 分割成功
2026-06-04 20:58:23 [INFO] 引擎上下文已释放
2026-06-04 20:58:23 [INFO] TensorRT 引擎已释放
2026-06-04 20:58:23 [INFO] 全局 CUDA 资源已释放
2026-06-04 20:58:23 [INFO] 分割系统资源已释放
2026-06-04 20:58:29 [INFO] CUDA 初始化成功
2026-06-04 20:58:29 [INFO] 引擎加载成功: scrap_steel.engine
2026-06-04 20:58:29 [INFO] 分割系统初始化成功
2026-06-04 20:58:29 [INFO] 图像预处理完成，原始尺寸: (2160, 3840)
2026-06-04 20:58:29 [INFO] 开始执行分割...
2026-06-04 20:58:29 [DEBUG] 处理后的检测结果形状: (1, 8400, 6)
2026-06-04 20:58:29 [DEBUG] 示例检测结果: [[-4.11956024e+00 -3.24877167e+00  3.92871704e+01  1.52916546e+01
   4.17194030e-08  5.00000000e+00]
 [-6.49320221e+00 -3.01024055e+00  4.47062569e+01  2.97586727e+01
   9.92735494e-09  9.00000000e+00]
 [-3.56547165e+00 -3.46344471e+00  4.59449425e+01  3.05073738e+01
   4.61120564e-09  9.00000000e+00]]
2026-06-04 20:58:29 [DEBUG] 处理后检测输出形状: (0, 52)
2026-06-04 20:58:29 [DEBUG] 有效检测数量: 0
2026-06-04 20:58:29 [DEBUG] 检测输出为空
2026-06-04 20:58:29 [INFO] 掩码中检测到的类别: [0, 1, 2, 3, 4, 5, 6, 7, 8, 9, 10, 11, 12, 13, 15]
2026-06-04 20:58:29 [INFO] 分割完成，检测到 0 个物体
2026-06-04 20:58:29 [INFO] 从分割掩码中提取检测结果
2026-06-04 20:58:29 [INFO] 从掩码中提取了 440 个检测框
2026-06-04 20:58:29 [INFO] 计算出的车框矩形边界: (1024, 623) to (3173, 1513)
2026-06-04 20:58:29 [INFO] 原始检测数: 440, 过滤后检测数: 188
2026-06-04 20:58:30 [INFO] 保存分割和检测结果到: C:\code\show\Scrap_Steel_In_Field\photos\segmentation\segment_20260604_205829.jpg
2026-06-04 20:58:30 [INFO] JSON结果保存到: C:\code\show\Scrap_Steel_In_Field\photos\segmentation_result.json
2026-06-04 20:58:30 [INFO] 类别统计：{0: 25, 1: 54, 2: 21, 3: 4, 4: 23, 5: 29, 6: 17, 7: 28, 8: 47, 9: 54, 10: 22, 11: 15, 12: 19, 13: 56, 14: 0, 15: 26}
2026-06-04 20:58:30 [INFO] 面积统计：{0: 3568752.0, 1: 584568.0, 2: 38628.0, 3: 144288.0, 4: 178092.0, 5: 44280.0, 6: 572112.0, 7: 43056.0, 8: 978624.0, 9: 148356.0, 10: 175932.0, 11: 345996.0, 12: 89028.0, 13: 781848.0, 15: 46260.0}
2026-06-04 20:58:30 [INFO] 分割成功
2026-06-04 20:58:30 [INFO] 引擎上下文已释放
2026-06-04 20:58:30 [INFO] TensorRT 引擎已释放
2026-06-04 20:58:30 [INFO] 全局 CUDA 资源已释放
2026-06-04 20:58:30 [INFO] 分割系统资源已释放
2026-06-04 20:58:33 [INFO] CUDA 初始化成功
2026-06-04 20:58:33 [INFO] 引擎加载成功: scrap_steel.engine
2026-06-04 20:58:33 [INFO] 分割系统初始化成功
2026-06-04 20:58:33 [INFO] 图像预处理完成，原始尺寸: (2160, 3840)
2026-06-04 20:58:33 [INFO] 开始执行分割...
2026-06-04 20:58:33 [DEBUG] 处理后的检测结果形状: (1, 8400, 6)
2026-06-04 20:58:33 [DEBUG] 示例检测结果: [[-4.09040070e+00 -3.22075891e+00  3.93362961e+01  1.51316891e+01
   4.22306243e-08  5.00000000e+00]
 [-6.53446579e+00 -2.98604488e+00  4.47917976e+01  2.97228928e+01
   1.02344870e-08  9.00000000e+00]
 [-3.60054016e+00 -3.46084309e+00  4.60309219e+01  3.05577621e+01
   4.73551864e-09  9.00000000e+00]]
2026-06-04 20:58:33 [DEBUG] 处理后检测输出形状: (0, 52)
2026-06-04 20:58:33 [DEBUG] 有效检测数量: 0
2026-06-04 20:58:33 [DEBUG] 检测输出为空
2026-06-04 20:58:33 [INFO] 掩码中检测到的类别: [0, 1, 2, 3, 4, 5, 6, 7, 8, 9, 10, 11, 12, 13, 15]
2026-06-04 20:58:33 [INFO] 分割完成，检测到 0 个物体
2026-06-04 20:58:33 [INFO] 从分割掩码中提取检测结果
2026-06-04 20:58:34 [INFO] 从掩码中提取了 450 个检测框
2026-06-04 20:58:34 [INFO] 计算出的车框矩形边界: (1024, 622) to (3173, 1513)
2026-06-04 20:58:34 [INFO] 原始检测数: 450, 过滤后检测数: 205
2026-06-04 20:58:34 [INFO] 保存分割和检测结果到: C:\code\show\Scrap_Steel_In_Field\photos\segmentation\segment_20260604_205834.jpg
2026-06-04 20:58:34 [INFO] JSON结果保存到: C:\code\show\Scrap_Steel_In_Field\photos\segmentation_result.json
2026-06-04 20:58:34 [INFO] 类别统计：{0: 20, 1: 62, 2: 22, 3: 3, 4: 24, 5: 30, 6: 19, 7: 26, 8: 44, 9: 49, 10: 25, 11: 21, 12: 23, 13: 61, 14: 0, 15: 21}
2026-06-04 20:58:34 [INFO] 面积统计：{0: 3539772.0, 1: 596124.0, 2: 38880.0, 3: 142308.0, 4: 180900.0, 5: 43668.0, 6: 577188.0, 7: 43704.0, 8: 934308.0, 9: 146700.0, 10: 176040.0, 11: 339336.0, 12: 82656.0, 13: 807876.0, 15: 41508.0}
2026-06-04 20:58:34 [INFO] 分割成功
2026-06-04 20:58:34 [INFO] 引擎上下文已释放
2026-06-04 20:58:34 [INFO] TensorRT 引擎已释放
2026-06-04 20:58:34 [INFO] 全局 CUDA 资源已释放
2026-06-04 20:58:34 [INFO] 分割系统资源已释放
2026-06-04 20:58:38 [INFO] CUDA 初始化成功
2026-06-04 20:58:38 [INFO] 引擎加载成功: scrap_steel.engine
2026-06-04 20:58:38 [INFO] 分割系统初始化成功
2026-06-04 20:58:39 [INFO] 图像预处理完成，原始尺寸: (2160, 3840)
2026-06-04 20:58:39 [INFO] 开始执行分割...
2026-06-04 20:58:39 [DEBUG] 处理后的检测结果形状: (1, 8400, 6)
2026-06-04 20:58:39 [DEBUG] 示例检测结果: [[-4.09161758e+00 -3.23676538e+00  3.93473625e+01  1.51870365e+01
   4.22319459e-08  5.00000000e+00]
 [-6.55713272e+00 -3.00097179e+00  4.48164597e+01  2.98006020e+01
   1.00839799e-08  9.00000000e+00]
 [-3.56649017e+00 -3.46436691e+00  4.59893875e+01  3.05555840e+01
   4.63382754e-09  9.00000000e+00]]
2026-06-04 20:58:39 [DEBUG] 处理后检测输出形状: (0, 52)
2026-06-04 20:58:39 [DEBUG] 有效检测数量: 0
2026-06-04 20:58:39 [DEBUG] 检测输出为空
2026-06-04 20:58:39 [INFO] 掩码中检测到的类别: [0, 1, 2, 3, 4, 5, 6, 7, 8, 9, 10, 11, 12, 13, 15]
2026-06-04 20:58:39 [INFO] 分割完成，检测到 0 个物体
2026-06-04 20:58:39 [INFO] 从分割掩码中提取检测结果
2026-06-04 20:58:39 [INFO] 从掩码中提取了 445 个检测框
2026-06-04 20:58:39 [INFO] 计算出的车框矩形边界: (1024, 623) to (3173, 1514)
2026-06-04 20:58:39 [INFO] 原始检测数: 445, 过滤后检测数: 197
2026-06-04 20:58:39 [INFO] 保存分割和检测结果到: C:\code\show\Scrap_Steel_In_Field\photos\segmentation\segment_20260604_205839.jpg
2026-06-04 20:58:39 [INFO] JSON结果保存到: C:\code\show\Scrap_Steel_In_Field\photos\segmentation_result.json
2026-06-04 20:58:39 [INFO] 类别统计：{0: 17, 1: 58, 2: 21, 3: 2, 4: 27, 5: 25, 6: 20, 7: 29, 8: 51, 9: 55, 10: 22, 11: 22, 12: 16, 13: 59, 14: 0, 15: 21}
2026-06-04 20:58:39 [INFO] 面积统计：{0: 3558744.0, 1: 574524.0, 2: 34452.0, 3: 141732.0, 4: 161460.0, 5: 45576.0, 6: 572508.0, 7: 32940.0, 8: 937152.0, 9: 166356.0, 10: 189000.0, 11: 351000.0, 12: 92016.0, 13: 789012.0, 15: 49176.0}
2026-06-04 20:58:39 [INFO] 分割成功
2026-06-04 20:58:39 [INFO] 引擎上下文已释放
2026-06-04 20:58:39 [INFO] TensorRT 引擎已释放
2026-06-04 20:58:40 [INFO] 全局 CUDA 资源已释放
2026-06-04 20:58:40 [INFO] 分割系统资源已释放
2026-06-04 20:58:43 [INFO] CUDA 初始化成功
2026-06-04 20:58:44 [INFO] 引擎加载成功: scrap_steel.engine
2026-06-04 20:58:44 [INFO] 分割系统初始化成功
2026-06-04 20:58:44 [INFO] 图像预处理完成，原始尺寸: (2160, 3840)
2026-06-04 20:58:44 [INFO] 开始执行分割...
2026-06-04 20:58:44 [DEBUG] 处理后的检测结果形状: (1, 8400, 6)
2026-06-04 20:58:44 [DEBUG] 示例检测结果: [[-4.10418320e+00 -3.24547482e+00  3.93618202e+01  1.52205496e+01
   4.17194030e-08  5.00000000e+00]
 [-6.49239731e+00 -2.99765396e+00  4.47126198e+01  2.96403923e+01
   9.85327020e-09  9.00000000e+00]
 [-3.58559036e+00 -3.47687435e+00  4.60003662e+01  3.04931374e+01
   4.59802507e-09  9.00000000e+00]]
2026-06-04 20:58:44 [DEBUG] 处理后检测输出形状: (0, 52)
2026-06-04 20:58:44 [DEBUG] 有效检测数量: 0
2026-06-04 20:58:44 [DEBUG] 检测输出为空
2026-06-04 20:58:44 [INFO] 掩码中检测到的类别: [0, 1, 2, 3, 4, 5, 6, 7, 8, 9, 10, 11, 12, 13, 15]
2026-06-04 20:58:44 [INFO] 分割完成，检测到 0 个物体
2026-06-04 20:58:44 [INFO] 从分割掩码中提取检测结果
2026-06-04 20:58:44 [INFO] 从掩码中提取了 420 个检测框
2026-06-04 20:58:44 [INFO] 计算出的车框矩形边界: (1023, 623) to (3173, 1514)
2026-06-04 20:58:44 [INFO] 原始检测数: 420, 过滤后检测数: 188
2026-06-04 20:58:45 [INFO] 保存分割和检测结果到: C:\code\show\Scrap_Steel_In_Field\photos\segmentation\segment_20260604_205844.jpg
2026-06-04 20:58:45 [INFO] JSON结果保存到: C:\code\show\Scrap_Steel_In_Field\photos\segmentation_result.json
2026-06-04 20:58:45 [INFO] 类别统计：{0: 20, 1: 58, 2: 19, 3: 3, 4: 22, 5: 27, 6: 17, 7: 28, 8: 40, 9: 49, 10: 23, 11: 14, 12: 18, 13: 60, 14: 0, 15: 22}
2026-06-04 20:58:45 [INFO] 面积统计：{0: 3521412.0, 1: 612900.0, 2: 37368.0, 3: 141372.0, 4: 157248.0, 5: 40320.0, 6: 572148.0, 7: 40176.0, 8: 911844.0, 9: 146520.0, 10: 171756.0, 11: 339732.0, 12: 86508.0, 13: 781956.0, 15: 42804.0}
2026-06-04 20:58:45 [INFO] 分割成功
2026-06-04 20:58:45 [INFO] 引擎上下文已释放
2026-06-04 20:58:45 [INFO] TensorRT 引擎已释放
2026-06-04 20:58:45 [INFO] 全局 CUDA 资源已释放
2026-06-04 20:58:45 [INFO] 分割系统资源已释放
2026-06-04 20:58:49 [INFO] CUDA 初始化成功
2026-06-04 20:58:49 [INFO] 引擎加载成功: scrap_steel.engine
2026-06-04 20:58:49 [INFO] 分割系统初始化成功
2026-06-04 20:58:49 [INFO] 图像预处理完成，原始尺寸: (2160, 3840)
2026-06-04 20:58:49 [INFO] 开始执行分割...
2026-06-04 20:58:49 [DEBUG] 处理后的检测结果形状: (1, 8400, 6)
2026-06-04 20:58:49 [DEBUG] 示例检测结果: [[-4.12187958e+00 -3.24864483e+00  3.93469582e+01  1.52754087e+01
   4.10703969e-08  5.00000000e+00]
 [-6.45037079e+00 -2.99836731e+00  4.47317657e+01  2.97621880e+01
   9.92735494e-09  9.00000000e+00]
 [-3.55593872e+00 -3.44848824e+00  4.59559479e+01  3.05101376e+01
   4.56494575e-09  9.00000000e+00]]
2026-06-04 20:58:49 [DEBUG] 处理后检测输出形状: (0, 52)
2026-06-04 20:58:49 [DEBUG] 有效检测数量: 0
2026-06-04 20:58:49 [DEBUG] 检测输出为空
2026-06-04 20:58:49 [INFO] 掩码中检测到的类别: [0, 1, 2, 3, 4, 5, 6, 7, 8, 9, 10, 11, 12, 13, 15]
2026-06-04 20:58:49 [INFO] 分割完成，检测到 0 个物体
2026-06-04 20:58:49 [INFO] 从分割掩码中提取检测结果
2026-06-04 20:58:49 [INFO] 从掩码中提取了 433 个检测框
2026-06-04 20:58:49 [INFO] 计算出的车框矩形边界: (1023, 622) to (3173, 1514)
2026-06-04 20:58:49 [INFO] 原始检测数: 433, 过滤后检测数: 208
2026-06-04 20:58:50 [INFO] 保存分割和检测结果到: C:\code\show\Scrap_Steel_In_Field\photos\segmentation\segment_20260604_205849.jpg
2026-06-04 20:58:50 [INFO] JSON结果保存到: C:\code\show\Scrap_Steel_In_Field\photos\segmentation_result.json
2026-06-04 20:58:50 [INFO] 类别统计：{0: 18, 1: 57, 2: 20, 3: 4, 4: 22, 5: 29, 6: 17, 7: 35, 8: 43, 9: 50, 10: 23, 11: 16, 12: 20, 13: 59, 14: 0, 15: 20}
2026-06-04 20:58:50 [INFO] 面积统计：{0: 3548376.0, 1: 576432.0, 2: 38952.0, 3: 144144.0, 4: 165132.0, 5: 42516.0, 6: 565704.0, 7: 35676.0, 8: 922104.0, 9: 149688.0, 10: 178344.0, 11: 334872.0, 12: 85716.0, 13: 808128.0, 15: 30060.0}
2026-06-04 20:58:50 [INFO] 分割成功
2026-06-04 20:58:50 [INFO] 引擎上下文已释放
2026-06-04 20:58:50 [INFO] TensorRT 引擎已释放
2026-06-04 20:58:50 [INFO] 全局 CUDA 资源已释放
2026-06-04 20:58:50 [INFO] 分割系统资源已释放
2026-06-04 20:58:54 [INFO] CUDA 初始化成功
2026-06-04 20:58:54 [INFO] 引擎加载成功: scrap_steel.engine
2026-06-04 20:58:54 [INFO] 分割系统初始化成功
2026-06-04 20:58:54 [INFO] 图像预处理完成，原始尺寸: (2160, 3840)
2026-06-04 20:58:54 [INFO] 开始执行分割...
2026-06-04 20:58:54 [DEBUG] 处理后的检测结果形状: (1, 8400, 6)
2026-06-04 20:58:54 [DEBUG] 示例检测结果: [[-4.08763885e+00 -3.25654125e+00  3.94126778e+01  1.52448893e+01
   4.27283844e-08  5.00000000e+00]
 [-6.52033234e+00 -2.99964619e+00  4.47605896e+01  2.97621307e+01
   1.01943840e-08  9.00000000e+00]
 [-3.58383179e+00 -3.44831753e+00  4.59885025e+01  3.05403442e+01
   4.69882089e-09  9.00000000e+00]]
2026-06-04 20:58:54 [DEBUG] 处理后检测输出形状: (0, 52)
2026-06-04 20:58:54 [DEBUG] 有效检测数量: 0
2026-06-04 20:58:54 [DEBUG] 检测输出为空
2026-06-04 20:58:54 [INFO] 掩码中检测到的类别: [0, 1, 2, 3, 4, 5, 6, 7, 8, 9, 10, 11, 12, 13, 15]
2026-06-04 20:58:54 [INFO] 分割完成，检测到 0 个物体
2026-06-04 20:58:54 [INFO] 从分割掩码中提取检测结果
2026-06-04 20:58:54 [INFO] 从掩码中提取了 429 个检测框
2026-06-04 20:58:55 [INFO] 计算出的车框矩形边界: (1024, 623) to (3173, 1514)
2026-06-04 20:58:55 [INFO] 原始检测数: 429, 过滤后检测数: 202
2026-06-04 20:58:55 [INFO] 保存分割和检测结果到: C:\code\show\Scrap_Steel_In_Field\photos\segmentation\segment_20260604_205854.jpg
2026-06-04 20:58:55 [INFO] JSON结果保存到: C:\code\show\Scrap_Steel_In_Field\photos\segmentation_result.json
2026-06-04 20:58:55 [INFO] 类别统计：{0: 21, 1: 57, 2: 19, 3: 2, 4: 21, 5: 29, 6: 21, 7: 26, 8: 39, 9: 56, 10: 22, 11: 16, 12: 18, 13: 62, 14: 0, 15: 20}
2026-06-04 20:58:55 [INFO] 面积统计：{0: 3496356.0, 1: 616140.0, 2: 38016.0, 3: 142524.0, 4: 169776.0, 5: 45936.0, 6: 580752.0, 7: 38124.0, 8: 927144.0, 9: 156384.0, 10: 181080.0, 11: 344268.0, 12: 93204.0, 13: 808524.0, 15: 38520.0}
2026-06-04 20:58:55 [INFO] 分割成功
2026-06-04 20:58:55 [INFO] 引擎上下文已释放
2026-06-04 20:58:55 [INFO] TensorRT 引擎已释放
2026-06-04 20:58:55 [INFO] 全局 CUDA 资源已释放
2026-06-04 20:58:55 [INFO] 分割系统资源已释放
2026-06-04 20:58:59 [INFO] CUDA 初始化成功
2026-06-04 20:58:59 [INFO] 引擎加载成功: scrap_steel.engine
2026-06-04 20:58:59 [INFO] 分割系统初始化成功
2026-06-04 20:58:59 [INFO] 图像预处理完成，原始尺寸: (2160, 3840)
2026-06-04 20:58:59 [INFO] 开始执行分割...
2026-06-04 20:58:59 [DEBUG] 处理后的检测结果形状: (1, 8400, 6)
2026-06-04 20:58:59 [DEBUG] 示例检测结果: [[-4.08849716e+00 -3.23211765e+00  3.93030167e+01  1.51854010e+01
   4.27283844e-08  5.00000000e+00]
 [-6.46875381e+00 -2.99644089e+00  4.47028084e+01  2.98381119e+01
   1.01151443e-08  9.00000000e+00]
 [-3.55290222e+00 -3.44765854e+00  4.59635010e+01  3.05625305e+01
   4.73202810e-09  9.00000000e+00]]
2026-06-04 20:58:59 [DEBUG] 处理后检测输出形状: (0, 52)
2026-06-04 20:58:59 [DEBUG] 有效检测数量: 0
2026-06-04 20:58:59 [DEBUG] 检测输出为空
2026-06-04 20:58:59 [INFO] 掩码中检测到的类别: [0, 1, 2, 3, 4, 5, 6, 7, 8, 9, 10, 11, 12, 13, 15]
2026-06-04 20:58:59 [INFO] 分割完成，检测到 0 个物体
2026-06-04 20:58:59 [INFO] 从分割掩码中提取检测结果
2026-06-04 20:59:00 [INFO] 从掩码中提取了 411 个检测框
2026-06-04 20:59:00 [INFO] 计算出的车框矩形边界: (1024, 622) to (3173, 1514)
2026-06-04 20:59:00 [INFO] 原始检测数: 411, 过滤后检测数: 186
2026-06-04 20:59:00 [INFO] 保存分割和检测结果到: C:\code\show\Scrap_Steel_In_Field\photos\segmentation\segment_20260604_205900.jpg
2026-06-04 20:59:00 [INFO] JSON结果保存到: C:\code\show\Scrap_Steel_In_Field\photos\segmentation_result.json
2026-06-04 20:59:00 [INFO] 类别统计：{0: 13, 1: 55, 2: 20, 3: 3, 4: 23, 5: 26, 6: 16, 7: 25, 8: 42, 9: 51, 10: 20, 11: 16, 12: 18, 13: 60, 14: 0, 15: 23}
2026-06-04 20:59:00 [INFO] 面积统计：{0: 3554964.0, 1: 610164.0, 2: 34200.0, 3: 144504.0, 4: 180720.0, 5: 44856.0, 6: 576360.0, 7: 39564.0, 8: 914004.0, 9: 161424.0, 10: 180684.0, 11: 333072.0, 12: 87228.0, 13: 780444.0, 15: 39096.0}
2026-06-04 20:59:00 [INFO] 分割成功
2026-06-04 20:59:00 [INFO] 引擎上下文已释放
2026-06-04 20:59:00 [INFO] TensorRT 引擎已释放
2026-06-04 20:59:00 [INFO] 全局 CUDA 资源已释放
2026-06-04 20:59:00 [INFO] 分割系统资源已释放
2026-06-04 20:59:04 [INFO] CUDA 初始化成功
2026-06-04 20:59:04 [INFO] 引擎加载成功: scrap_steel.engine
2026-06-04 20:59:04 [INFO] 分割系统初始化成功
2026-06-04 20:59:04 [INFO] 图像预处理完成，原始尺寸: (2160, 3840)
2026-06-04 20:59:04 [INFO] 开始执行分割...
2026-06-04 20:59:04 [DEBUG] 处理后的检测结果形状: (1, 8400, 6)
2026-06-04 20:59:04 [DEBUG] 示例检测结果: [[-4.04129410e+00 -3.19063044e+00  3.92923698e+01  1.50623341e+01
   4.20679171e-08  5.00000000e+00]
 [-6.45265198e+00 -2.95414257e+00  4.48382416e+01  2.96519661e+01
   1.01547641e-08  9.00000000e+00]
 [-3.56285858e+00 -3.39560890e+00  4.60251617e+01  3.04710484e+01
   4.76898521e-09  9.00000000e+00]]
2026-06-04 20:59:04 [DEBUG] 处理后检测输出形状: (0, 52)
2026-06-04 20:59:04 [DEBUG] 有效检测数量: 0
2026-06-04 20:59:04 [DEBUG] 检测输出为空
2026-06-04 20:59:04 [INFO] 掩码中检测到的类别: [0, 1, 2, 3, 4, 5, 6, 7, 8, 9, 10, 11, 12, 13, 15]
2026-06-04 20:59:04 [INFO] 分割完成，检测到 0 个物体
2026-06-04 20:59:04 [INFO] 从分割掩码中提取检测结果
2026-06-04 20:59:05 [INFO] 从掩码中提取了 458 个检测框
2026-06-04 20:59:05 [INFO] 计算出的车框矩形边界: (1023, 622) to (3173, 1514)
2026-06-04 20:59:05 [INFO] 原始检测数: 458, 过滤后检测数: 205
2026-06-04 20:59:06 [INFO] 保存分割和检测结果到: C:\code\show\Scrap_Steel_In_Field\photos\segmentation\segment_20260604_205905.jpg
2026-06-04 20:59:06 [INFO] JSON结果保存到: C:\code\show\Scrap_Steel_In_Field\photos\segmentation_result.json
2026-06-04 20:59:06 [INFO] 类别统计：{0: 16, 1: 62, 2: 20, 3: 2, 4: 22, 5: 29, 6: 16, 7: 34, 8: 50, 9: 55, 10: 22, 11: 16, 12: 19, 13: 71, 14: 0, 15: 24}
2026-06-04 20:59:06 [INFO] 面积统计：{0: 3520152.0, 1: 596232.0, 2: 37368.0, 3: 142020.0, 4: 166248.0, 5: 56268.0, 6: 571860.0, 7: 39132.0, 8: 923508.0, 9: 155736.0, 10: 188748.0, 11: 328320.0, 12: 93780.0, 13: 769356.0, 15: 50148.0}
2026-06-04 20:59:06 [INFO] 分割成功
2026-06-04 20:59:06 [INFO] 引擎上下文已释放
2026-06-04 20:59:06 [INFO] TensorRT 引擎已释放
2026-06-04 20:59:06 [INFO] 全局 CUDA 资源已释放
2026-06-04 20:59:06 [INFO] 分割系统资源已释放
2026-06-04 20:59:10 [INFO] CUDA 初始化成功
2026-06-04 20:59:10 [INFO] 引擎加载成功: scrap_steel.engine
2026-06-04 20:59:10 [INFO] 分割系统初始化成功
2026-06-04 20:59:10 [INFO] 图像预处理完成，原始尺寸: (2160, 3840)
2026-06-04 20:59:10 [INFO] 开始执行分割...
2026-06-04 20:59:10 [DEBUG] 处理后的检测结果形状: (1, 8400, 6)
2026-06-04 20:59:10 [DEBUG] 示例检测结果: [[-4.09000397e+00 -3.24930525e+00  3.92584305e+01  1.51790733e+01
   4.07757348e-08  5.00000000e+00]
 [-6.50930786e+00 -3.04755688e+00  4.47255211e+01  2.97704926e+01
   1.00839799e-08  9.00000000e+00]
 [-3.61103439e+00 -3.52415848e+00  4.60096550e+01  3.05971222e+01
   4.63628069e-09  9.00000000e+00]]
2026-06-04 20:59:10 [DEBUG] 处理后检测输出形状: (0, 52)
2026-06-04 20:59:10 [DEBUG] 有效检测数量: 0
2026-06-04 20:59:10 [DEBUG] 检测输出为空
2026-06-04 20:59:10 [INFO] 掩码中检测到的类别: [0, 1, 2, 3, 4, 5, 6, 7, 8, 9, 10, 11, 12, 13, 15]
2026-06-04 20:59:10 [INFO] 分割完成，检测到 0 个物体
2026-06-04 20:59:10 [INFO] 从分割掩码中提取检测结果
2026-06-04 20:59:10 [INFO] 从掩码中提取了 404 个检测框
2026-06-04 20:59:10 [ERROR] 保存结果失败: 'NoneType' object has no attribute 'astype'
2026-06-04 20:59:10 [INFO] 分割成功
2026-06-04 20:59:10 [INFO] 引擎上下文已释放
2026-06-04 20:59:10 [INFO] TensorRT 引擎已释放
2026-06-04 20:59:10 [INFO] 全局 CUDA 资源已释放
2026-06-04 20:59:10 [INFO] 分割系统资源已释放
2026-06-04 20:59:15 [INFO] CUDA 初始化成功
2026-06-04 20:59:15 [INFO] 引擎加载成功: scrap_steel.engine
2026-06-04 20:59:15 [INFO] 分割系统初始化成功
2026-06-04 20:59:15 [INFO] 图像预处理完成，原始尺寸: (2160, 3840)
2026-06-04 20:59:15 [INFO] 开始执行分割...
2026-06-04 20:59:15 [DEBUG] 处理后的检测结果形状: (1, 8400, 6)
2026-06-04 20:59:15 [DEBUG] 示例检测结果: [[-4.10199738e+00 -3.24366093e+00  3.93643761e+01  1.52975264e+01
   4.07560350e-08  5.00000000e+00]
 [-6.54058456e+00 -3.05085468e+00  4.47372971e+01  2.98715591e+01
   1.03194253e-08  9.00000000e+00]
 [-3.58440018e+00 -3.48838329e+00  4.60100517e+01  3.05654640e+01
   4.77592721e-09  9.00000000e+00]]
2026-06-04 20:59:15 [DEBUG] 处理后检测输出形状: (0, 52)
2026-06-04 20:59:15 [DEBUG] 有效检测数量: 0
2026-06-04 20:59:15 [DEBUG] 检测输出为空
2026-06-04 20:59:15 [INFO] 掩码中检测到的类别: [0, 1, 2, 3, 4, 5, 6, 7, 8, 9, 10, 11, 12, 13, 15]
2026-06-04 20:59:15 [INFO] 分割完成，检测到 0 个物体
2026-06-04 20:59:15 [INFO] 从分割掩码中提取检测结果
2026-06-04 20:59:15 [INFO] 从掩码中提取了 445 个检测框
2026-06-04 20:59:15 [ERROR] 保存结果失败: 'NoneType' object has no attribute 'astype'
2026-06-04 20:59:15 [INFO] 分割成功
2026-06-04 20:59:15 [INFO] 引擎上下文已释放
2026-06-04 20:59:15 [INFO] TensorRT 引擎已释放
2026-06-04 20:59:15 [INFO] 全局 CUDA 资源已释放
2026-06-04 20:59:15 [INFO] 分割系统资源已释放
2026-06-04 20:59:20 [INFO] CUDA 初始化成功
2026-06-04 20:59:20 [INFO] 引擎加载成功: scrap_steel.engine
2026-06-04 20:59:20 [INFO] 分割系统初始化成功
2026-06-04 20:59:21 [INFO] 图像预处理完成，原始尺寸: (2160, 3840)
2026-06-04 20:59:21 [INFO] 开始执行分割...
2026-06-04 20:59:21 [DEBUG] 处理后的检测结果形状: (1, 8400, 6)
2026-06-04 20:59:21 [DEBUG] 示例检测结果: [[-4.12268066e+00 -3.32793474e+00  4.01404533e+01  1.55135994e+01
   4.31203624e-08  5.00000000e+00]
 [-6.47465134e+00 -3.07138443e+00  4.54955482e+01  3.06039772e+01
   1.00201847e-08  9.00000000e+00]
 [-3.48389053e+00 -3.46622849e+00  4.63437538e+01  3.13049393e+01
   4.78488182e-09  9.00000000e+00]]
2026-06-04 20:59:21 [DEBUG] 处理后检测输出形状: (0, 52)
2026-06-04 20:59:21 [DEBUG] 有效检测数量: 0
2026-06-04 20:59:21 [DEBUG] 检测输出为空
2026-06-04 20:59:21 [INFO] 掩码中检测到的类别: [0, 1, 2, 3, 4, 5, 6, 7, 8, 9, 10, 11, 12, 13, 15]
2026-06-04 20:59:21 [INFO] 分割完成，检测到 0 个物体
2026-06-04 20:59:21 [INFO] 从分割掩码中提取检测结果
2026-06-04 20:59:21 [INFO] 从掩码中提取了 427 个检测框
2026-06-04 20:59:21 [INFO] 计算出的车框矩形边界: (1022, 621) to (3174, 1520)
2026-06-04 20:59:21 [INFO] 原始检测数: 427, 过滤后检测数: 183
2026-06-04 20:59:22 [INFO] 保存分割和检测结果到: C:\code\show\Scrap_Steel_In_Field\photos\segmentation\segment_20260604_205921.jpg
2026-06-04 20:59:22 [INFO] JSON结果保存到: C:\code\show\Scrap_Steel_In_Field\photos\segmentation_result.json
2026-06-04 20:59:22 [INFO] 类别统计：{0: 13, 1: 53, 2: 13, 3: 6, 4: 28, 5: 23, 6: 12, 7: 20, 8: 43, 9: 43, 10: 19, 11: 6, 12: 18, 13: 110, 14: 0, 15: 20}
2026-06-04 20:59:22 [INFO] 面积统计：{0: 3379320.0, 1: 519228.0, 2: 44460.0, 3: 154044.0, 4: 182916.0, 5: 35964.0, 6: 513000.0, 7: 23832.0, 8: 1063224.0, 9: 183528.0, 10: 167616.0, 11: 328248.0, 12: 82908.0, 13: 1006416.0, 15: 58968.0}
2026-06-04 20:59:22 [INFO] 分割成功
2026-06-04 20:59:22 [INFO] 引擎上下文已释放
2026-06-04 20:59:22 [INFO] TensorRT 引擎已释放
2026-06-04 20:59:22 [INFO] 全局 CUDA 资源已释放
2026-06-04 20:59:22 [INFO] 分割系统资源已释放
2026-06-04 20:59:25 [INFO] CUDA 初始化成功
2026-06-04 20:59:25 [INFO] 引擎加载成功: scrap_steel.engine
2026-06-04 20:59:25 [INFO] 分割系统初始化成功
2026-06-04 20:59:25 [INFO] 图像预处理完成，原始尺寸: (2160, 3840)
2026-06-04 20:59:25 [INFO] 开始执行分割...
2026-06-04 20:59:25 [DEBUG] 处理后的检测结果形状: (1, 8400, 6)
2026-06-04 20:59:25 [DEBUG] 示例检测结果: [[-4.11541748e+00 -3.26263762e+00  3.93141251e+01  1.54248161e+01
   4.01143261e-08  5.00000000e+00]
 [-6.46121216e+00 -3.06021118e+00  4.46695633e+01  2.99285202e+01
   9.70675984e-09  9.00000000e+00]
 [-3.56172180e+00 -3.50947380e+00  4.59232712e+01  3.05642414e+01
   4.50047999e-09  9.00000000e+00]]
2026-06-04 20:59:25 [DEBUG] 处理后检测输出形状: (0, 52)
2026-06-04 20:59:25 [DEBUG] 有效检测数量: 0
2026-06-04 20:59:25 [DEBUG] 检测输出为空
2026-06-04 20:59:25 [INFO] 掩码中检测到的类别: [0, 1, 2, 3, 4, 5, 6, 7, 8, 9, 10, 11, 12, 13, 15]
2026-06-04 20:59:25 [INFO] 分割完成，检测到 0 个物体
2026-06-04 20:59:25 [INFO] 从分割掩码中提取检测结果
2026-06-04 20:59:25 [INFO] 从掩码中提取了 438 个检测框
2026-06-04 20:59:26 [INFO] 计算出的车框矩形边界: (1024, 623) to (3173, 1514)
2026-06-04 20:59:26 [INFO] 原始检测数: 438, 过滤后检测数: 189
2026-06-04 20:59:26 [INFO] 保存分割和检测结果到: C:\code\show\Scrap_Steel_In_Field\photos\segmentation\segment_20260604_205925.jpg
2026-06-04 20:59:26 [INFO] JSON结果保存到: C:\code\show\Scrap_Steel_In_Field\photos\segmentation_result.json
2026-06-04 20:59:26 [INFO] 类别统计：{0: 18, 1: 58, 2: 20, 3: 5, 4: 21, 5: 30, 6: 17, 7: 32, 8: 41, 9: 51, 10: 18, 11: 18, 12: 19, 13: 67, 14: 0, 15: 23}
2026-06-04 20:59:26 [INFO] 面积统计：{0: 3560652.0, 1: 601416.0, 2: 36324.0, 3: 149040.0, 4: 172080.0, 5: 49392.0, 6: 558828.0, 7: 35712.0, 8: 943668.0, 9: 140076.0, 10: 192096.0, 11: 296388.0, 12: 84420.0, 13: 775008.0, 15: 40896.0}
2026-06-04 20:59:26 [INFO] 分割成功
2026-06-04 20:59:26 [INFO] 引擎上下文已释放
2026-06-04 20:59:26 [INFO] TensorRT 引擎已释放
2026-06-04 20:59:26 [INFO] 全局 CUDA 资源已释放
2026-06-04 20:59:26 [INFO] 分割系统资源已释放
2026-06-04 20:59:30 [INFO] CUDA 初始化成功
2026-06-04 20:59:30 [INFO] 引擎加载成功: scrap_steel.engine
2026-06-04 20:59:30 [INFO] 分割系统初始化成功
2026-06-04 20:59:30 [INFO] 图像预处理完成，原始尺寸: (2160, 3840)
2026-06-04 20:59:30 [INFO] 开始执行分割...
2026-06-04 20:59:30 [DEBUG] 处理后的检测结果形状: (1, 8400, 6)
2026-06-04 20:59:30 [DEBUG] 示例检测结果: [[-4.17938995e+00 -3.34066105e+00  3.98866081e+01  1.55230722e+01
   4.07929974e-08  5.00000000e+00]
 [-6.52941132e+00 -3.15505028e+00  4.51310921e+01  3.05162411e+01
   9.96705651e-09  9.00000000e+00]
 [-3.51493073e+00 -3.56776237e+00  4.61781616e+01  3.11183414e+01
   4.66438976e-09  9.00000000e+00]]
2026-06-04 20:59:30 [DEBUG] 处理后检测输出形状: (0, 52)
2026-06-04 20:59:30 [DEBUG] 有效检测数量: 0
2026-06-04 20:59:30 [DEBUG] 检测输出为空
2026-06-04 20:59:30 [INFO] 掩码中检测到的类别: [0, 1, 2, 3, 4, 5, 6, 7, 8, 9, 10, 11, 12, 13, 15]
2026-06-04 20:59:30 [INFO] 分割完成，检测到 0 个物体
2026-06-04 20:59:30 [INFO] 从分割掩码中提取检测结果
2026-06-04 20:59:31 [INFO] 从掩码中提取了 323 个检测框
2026-06-04 20:59:31 [ERROR] 保存结果失败: 'NoneType' object has no attribute 'astype'
2026-06-04 20:59:31 [INFO] 分割成功
2026-06-04 20:59:31 [INFO] 引擎上下文已释放
2026-06-04 20:59:31 [INFO] TensorRT 引擎已释放
2026-06-04 20:59:31 [INFO] 全局 CUDA 资源已释放
2026-06-04 20:59:31 [INFO] 分割系统资源已释放
2026-06-04 20:59:36 [INFO] CUDA 初始化成功
2026-06-04 20:59:36 [INFO] 引擎加载成功: scrap_steel.engine
2026-06-04 20:59:36 [INFO] 分割系统初始化成功
2026-06-04 20:59:36 [INFO] 图像预处理完成，原始尺寸: (2160, 3840)
2026-06-04 20:59:36 [INFO] 开始执行分割...
2026-06-04 20:59:36 [DEBUG] 处理后的检测结果形状: (1, 8400, 6)
2026-06-04 20:59:36 [DEBUG] 示例检测结果: [[-4.11831665e+00 -3.23686981e+00  3.95900116e+01  1.52642651e+01
   3.79810139e-08  5.00000000e+00]
 [-6.54280853e+00 -3.04404926e+00  4.50203552e+01  2.98083305e+01
   9.85963311e-09  9.00000000e+00]
 [-3.60919571e+00 -3.46286011e+00  4.61011391e+01  3.04690170e+01
   4.65695393e-09  9.00000000e+00]]
2026-06-04 20:59:36 [DEBUG] 处理后检测输出形状: (0, 52)
2026-06-04 20:59:36 [DEBUG] 有效检测数量: 0
2026-06-04 20:59:36 [DEBUG] 检测输出为空
2026-06-04 20:59:36 [INFO] 掩码中检测到的类别: [0, 1, 2, 3, 4, 5, 6, 7, 8, 9, 10, 11, 12, 13, 15]
2026-06-04 20:59:36 [INFO] 分割完成，检测到 0 个物体
2026-06-04 20:59:36 [INFO] 从分割掩码中提取检测结果
2026-06-04 20:59:36 [INFO] 从掩码中提取了 383 个检测框
2026-06-04 20:59:36 [ERROR] 保存结果失败: 'NoneType' object has no attribute 'astype'
2026-06-04 20:59:36 [INFO] 分割成功
2026-06-04 20:59:36 [INFO] 引擎上下文已释放
2026-06-04 20:59:36 [INFO] TensorRT 引擎已释放
2026-06-04 20:59:36 [INFO] 全局 CUDA 资源已释放
2026-06-04 20:59:36 [INFO] 分割系统资源已释放
2026-06-04 20:59:40 [INFO] CUDA 初始化成功
2026-06-04 20:59:40 [INFO] 引擎加载成功: scrap_steel.engine
2026-06-04 20:59:40 [INFO] 分割系统初始化成功
2026-06-04 20:59:41 [INFO] 图像预处理完成，原始尺寸: (2160, 3840)
2026-06-04 20:59:41 [INFO] 开始执行分割...
2026-06-04 20:59:41 [DEBUG] 处理后的检测结果形状: (1, 8400, 6)
2026-06-04 20:59:41 [DEBUG] 示例检测结果: [[-4.10615158e+00 -3.28423119e+00  3.92239723e+01  1.54165096e+01
   4.10838723e-08  5.00000000e+00]
 [-6.45212555e+00 -3.04561710e+00  4.45748520e+01  2.99332123e+01
   9.70321423e-09  9.00000000e+00]
 [-3.57939529e+00 -3.50583267e+00  4.59443817e+01  3.05959358e+01
   4.44612169e-09  9.00000000e+00]]
2026-06-04 20:59:41 [DEBUG] 处理后检测输出形状: (0, 52)
2026-06-04 20:59:41 [DEBUG] 有效检测数量: 0
2026-06-04 20:59:41 [DEBUG] 检测输出为空
2026-06-04 20:59:41 [INFO] 掩码中检测到的类别: [0, 1, 2, 3, 4, 5, 6, 7, 8, 9, 10, 11, 12, 13, 15]
2026-06-04 20:59:41 [INFO] 分割完成，检测到 0 个物体
2026-06-04 20:59:41 [INFO] 从分割掩码中提取检测结果
2026-06-04 20:59:41 [INFO] 从掩码中提取了 417 个检测框
2026-06-04 20:59:41 [INFO] 计算出的车框矩形边界: (1022, 625) to (3173, 1514)
2026-06-04 20:59:41 [INFO] 原始检测数: 417, 过滤后检测数: 191
2026-06-04 20:59:41 [INFO] 保存分割和检测结果到: C:\code\show\Scrap_Steel_In_Field\photos\segmentation\segment_20260604_205941.jpg
2026-06-04 20:59:41 [INFO] JSON结果保存到: C:\code\show\Scrap_Steel_In_Field\photos\segmentation_result.json
2026-06-04 20:59:41 [INFO] 类别统计：{0: 15, 1: 50, 2: 21, 3: 4, 4: 24, 5: 28, 6: 16, 7: 27, 8: 34, 9: 55, 10: 24, 11: 20, 12: 19, 13: 58, 14: 0, 15: 22}
2026-06-04 20:59:41 [INFO] 面积统计：{0: 3540708.0, 1: 623124.0, 2: 33912.0, 3: 143424.0, 4: 167940.0, 5: 50184.0, 6: 582228.0, 7: 30780.0, 8: 952920.0, 9: 149652.0, 10: 194364.0, 11: 288720.0, 12: 87660.0, 13: 793476.0, 15: 41508.0}
2026-06-04 20:59:41 [INFO] 分割成功
2026-06-04 20:59:41 [INFO] 引擎上下文已释放
2026-06-04 20:59:41 [INFO] TensorRT 引擎已释放
2026-06-04 20:59:42 [INFO] 全局 CUDA 资源已释放
2026-06-04 20:59:42 [INFO] 分割系统资源已释放
2026-06-04 20:59:45 [INFO] CUDA 初始化成功
2026-06-04 20:59:46 [INFO] 引擎加载成功: scrap_steel.engine
2026-06-04 20:59:46 [INFO] 分割系统初始化成功
2026-06-04 20:59:46 [INFO] 图像预处理完成，原始尺寸: (2160, 3840)
2026-06-04 20:59:46 [INFO] 开始执行分割...
2026-06-04 20:59:46 [DEBUG] 处理后的检测结果形状: (1, 8400, 6)
2026-06-04 20:59:46 [DEBUG] 示例检测结果: [[-4.08373260e+00 -3.23689365e+00  3.92789116e+01  1.53085928e+01
   4.10838723e-08  5.00000000e+00]
 [-6.53351212e+00 -3.01202774e+00  4.47949638e+01  2.98902740e+01
   1.00054294e-08  9.00000000e+00]
 [-3.54391098e+00 -3.41344643e+00  4.59900322e+01  3.05628719e+01
   4.63382754e-09  9.00000000e+00]]
2026-06-04 20:59:46 [DEBUG] 处理后检测输出形状: (0, 52)
2026-06-04 20:59:46 [DEBUG] 有效检测数量: 0
2026-06-04 20:59:46 [DEBUG] 检测输出为空
2026-06-04 20:59:46 [INFO] 掩码中检测到的类别: [0, 1, 2, 3, 4, 5, 6, 7, 8, 9, 10, 11, 12, 13, 15]
2026-06-04 20:59:46 [INFO] 分割完成，检测到 0 个物体
2026-06-04 20:59:46 [INFO] 从分割掩码中提取检测结果
2026-06-04 20:59:46 [INFO] 从掩码中提取了 446 个检测框
2026-06-04 20:59:46 [INFO] 计算出的车框矩形边界: (1024, 623) to (3173, 1513)
2026-06-04 20:59:46 [INFO] 原始检测数: 446, 过滤后检测数: 196
2026-06-04 20:59:47 [INFO] 保存分割和检测结果到: C:\code\show\Scrap_Steel_In_Field\photos\segmentation\segment_20260604_205946.jpg
2026-06-04 20:59:47 [INFO] JSON结果保存到: C:\code\show\Scrap_Steel_In_Field\photos\segmentation_result.json
2026-06-04 20:59:47 [INFO] 类别统计：{0: 15, 1: 58, 2: 23, 3: 6, 4: 20, 5: 29, 6: 20, 7: 28, 8: 45, 9: 52, 10: 20, 11: 21, 12: 22, 13: 67, 14: 0, 15: 20}
2026-06-04 20:59:47 [INFO] 面积统计：{0: 3557124.0, 1: 599256.0, 2: 34668.0, 3: 149760.0, 4: 201276.0, 5: 54216.0, 6: 565524.0, 7: 34596.0, 8: 960156.0, 9: 143388.0, 10: 180468.0, 11: 330264.0, 12: 91584.0, 13: 726876.0, 15: 45900.0}
2026-06-04 20:59:47 [INFO] 分割成功
2026-06-04 20:59:47 [INFO] 引擎上下文已释放
2026-06-04 20:59:47 [INFO] TensorRT 引擎已释放
2026-06-04 20:59:47 [INFO] 全局 CUDA 资源已释放
2026-06-04 20:59:47 [INFO] 分割系统资源已释放
2026-06-04 20:59:51 [INFO] CUDA 初始化成功
2026-06-04 20:59:51 [INFO] 引擎加载成功: scrap_steel.engine
2026-06-04 20:59:51 [INFO] 分割系统初始化成功
2026-06-04 20:59:51 [INFO] 图像预处理完成，原始尺寸: (2160, 3840)
2026-06-04 20:59:51 [INFO] 开始执行分割...
2026-06-04 20:59:51 [DEBUG] 处理后的检测结果形状: (1, 8400, 6)
2026-06-04 20:59:51 [DEBUG] 示例检测结果: [[-4.05400848e+00 -3.23052883e+00  3.94138031e+01  1.52851439e+01
   4.20465476e-08  5.00000000e+00]
 [-6.46987915e+00 -3.00394630e+00  4.47894173e+01  2.99293957e+01
   1.01990416e-08  9.00000000e+00]
 [-3.56013489e+00 -3.42603111e+00  4.59969788e+01  3.06221409e+01
   4.73874007e-09  9.00000000e+00]]
2026-06-04 20:59:51 [DEBUG] 处理后检测输出形状: (0, 52)
2026-06-04 20:59:51 [DEBUG] 有效检测数量: 0
2026-06-04 20:59:51 [DEBUG] 检测输出为空
2026-06-04 20:59:51 [INFO] 掩码中检测到的类别: [0, 1, 2, 3, 4, 5, 6, 7, 8, 9, 10, 11, 12, 13, 15]
2026-06-04 20:59:51 [INFO] 分割完成，检测到 0 个物体
2026-06-04 20:59:51 [INFO] 从分割掩码中提取检测结果
2026-06-04 20:59:52 [INFO] 从掩码中提取了 449 个检测框
2026-06-04 20:59:52 [INFO] 计算出的车框矩形边界: (1024, 622) to (3173, 1514)
2026-06-04 20:59:52 [INFO] 原始检测数: 449, 过滤后检测数: 205
2026-06-04 20:59:52 [INFO] 保存分割和检测结果到: C:\code\show\Scrap_Steel_In_Field\photos\segmentation\segment_20260604_205952.jpg
2026-06-04 20:59:52 [INFO] JSON结果保存到: C:\code\show\Scrap_Steel_In_Field\photos\segmentation_result.json
2026-06-04 20:59:52 [INFO] 类别统计：{0: 15, 1: 57, 2: 24, 3: 3, 4: 20, 5: 33, 6: 19, 7: 28, 8: 43, 9: 51, 10: 27, 11: 17, 12: 22, 13: 72, 14: 0, 15: 18}
2026-06-04 20:59:52 [INFO] 面积统计：{0: 3521916.0, 1: 599796.0, 2: 35028.0, 3: 146880.0, 4: 191772.0, 5: 51768.0, 6: 552852.0, 7: 37836.0, 8: 931896.0, 9: 141660.0, 10: 183024.0, 11: 330444.0, 12: 100296.0, 13: 764064.0, 15: 41904.0}
2026-06-04 20:59:52 [INFO] 分割成功
2026-06-04 20:59:52 [INFO] 引擎上下文已释放
2026-06-04 20:59:52 [INFO] TensorRT 引擎已释放
2026-06-04 20:59:52 [INFO] 全局 CUDA 资源已释放
2026-06-04 20:59:52 [INFO] 分割系统资源已释放
2026-06-04 20:59:56 [INFO] CUDA 初始化成功
2026-06-04 20:59:56 [INFO] 引擎加载成功: scrap_steel.engine
2026-06-04 20:59:56 [INFO] 分割系统初始化成功
2026-06-04 20:59:56 [INFO] 图像预处理完成，原始尺寸: (2160, 3840)
2026-06-04 20:59:56 [INFO] 开始执行分割...
2026-06-04 20:59:56 [DEBUG] 处理后的检测结果形状: (1, 8400, 6)
2026-06-04 20:59:56 [DEBUG] 示例检测结果: [[-4.10271835e+00 -3.24813747e+00  3.92902870e+01  1.53789320e+01
   4.13913881e-08  5.00000000e+00]
 [-6.49832535e+00 -3.00333405e+00  4.47674484e+01  2.98963203e+01
   9.93076199e-09  9.00000000e+00]
 [-3.55632782e+00 -3.40903282e+00  4.59703369e+01  3.05088978e+01
   4.63382754e-09  9.00000000e+00]]
2026-06-04 20:59:56 [DEBUG] 处理后检测输出形状: (0, 52)
2026-06-04 20:59:56 [DEBUG] 有效检测数量: 0
2026-06-04 20:59:56 [DEBUG] 检测输出为空
2026-06-04 20:59:56 [INFO] 掩码中检测到的类别: [0, 1, 2, 3, 4, 5, 6, 7, 8, 9, 10, 11, 12, 13, 15]
2026-06-04 20:59:56 [INFO] 分割完成，检测到 0 个物体
2026-06-04 20:59:56 [INFO] 从分割掩码中提取检测结果
2026-06-04 20:59:56 [INFO] 从掩码中提取了 438 个检测框
2026-06-04 20:59:56 [INFO] 计算出的车框矩形边界: (1019, 624) to (3174, 1517)
2026-06-04 20:59:56 [INFO] 原始检测数: 438, 过滤后检测数: 197
2026-06-04 20:59:57 [INFO] 保存分割和检测结果到: C:\code\show\Scrap_Steel_In_Field\photos\segmentation\segment_20260604_205956.jpg
2026-06-04 20:59:57 [INFO] JSON结果保存到: C:\code\show\Scrap_Steel_In_Field\photos\segmentation_result.json
2026-06-04 20:59:57 [INFO] 类别统计：{0: 11, 1: 59, 2: 18, 3: 4, 4: 21, 5: 28, 6: 20, 7: 22, 8: 38, 9: 51, 10: 22, 11: 18, 12: 16, 13: 78, 14: 0, 15: 32}
2026-06-04 20:59:57 [INFO] 面积统计：{0: 3467376.0, 1: 649908.0, 2: 35280.0, 3: 146952.0, 4: 109116.0, 5: 51300.0, 6: 510840.0, 7: 28728.0, 8: 934236.0, 9: 178452.0, 10: 184068.0, 11: 321444.0, 12: 72180.0, 13: 748044.0, 15: 62244.0}
2026-06-04 20:59:57 [INFO] 分割成功
2026-06-04 20:59:57 [INFO] 引擎上下文已释放
2026-06-04 20:59:57 [INFO] TensorRT 引擎已释放
2026-06-04 20:59:57 [INFO] 全局 CUDA 资源已释放
2026-06-04 20:59:57 [INFO] 分割系统资源已释放
2026-06-04 21:00:01 [INFO] CUDA 初始化成功
2026-06-04 21:00:01 [INFO] 引擎加载成功: scrap_steel.engine
2026-06-04 21:00:01 [INFO] 分割系统初始化成功
2026-06-04 21:00:01 [INFO] 图像预处理完成，原始尺寸: (2160, 3840)
2026-06-04 21:00:01 [INFO] 开始执行分割...
2026-06-04 21:00:01 [DEBUG] 处理后的检测结果形状: (1, 8400, 6)
2026-06-04 21:00:01 [DEBUG] 示例检测结果: [[-4.11568832e+00 -3.24146748e+00  3.93461342e+01  1.53411493e+01
   4.13913881e-08  5.00000000e+00]
 [-6.55307388e+00 -3.02713013e+00  4.47473335e+01  2.98012466e+01
   9.85327020e-09  9.00000000e+00]
 [-3.57258606e+00 -3.42688656e+00  4.59831009e+01  3.04551544e+01
   4.60049066e-09  9.00000000e+00]]
2026-06-04 21:00:01 [DEBUG] 处理后检测输出形状: (0, 52)
2026-06-04 21:00:01 [DEBUG] 有效检测数量: 0
2026-06-04 21:00:01 [DEBUG] 检测输出为空
2026-06-04 21:00:01 [INFO] 掩码中检测到的类别: [0, 1, 2, 3, 4, 5, 6, 7, 8, 9, 10, 11, 12, 13, 15]
2026-06-04 21:00:01 [INFO] 分割完成，检测到 0 个物体
2026-06-04 21:00:01 [INFO] 从分割掩码中提取检测结果
2026-06-04 21:00:01 [INFO] 从掩码中提取了 449 个检测框
2026-06-04 21:00:01 [INFO] 计算出的车框矩形边界: (1023, 623) to (3173, 1513)
2026-06-04 21:00:01 [INFO] 原始检测数: 449, 过滤后检测数: 195
2026-06-04 21:00:02 [INFO] 保存分割和检测结果到: C:\code\show\Scrap_Steel_In_Field\photos\segmentation\segment_20260604_210001.jpg
2026-06-04 21:00:02 [INFO] JSON结果保存到: C:\code\show\Scrap_Steel_In_Field\photos\segmentation_result.json
2026-06-04 21:00:02 [INFO] 类别统计：{0: 18, 1: 55, 2: 21, 3: 6, 4: 24, 5: 29, 6: 22, 7: 30, 8: 40, 9: 56, 10: 21, 11: 16, 12: 22, 13: 69, 14: 0, 15: 20}
2026-06-04 21:00:02 [INFO] 面积统计：{0: 3526560.0, 1: 617904.0, 2: 33660.0, 3: 147384.0, 4: 178308.0, 5: 52776.0, 6: 547308.0, 7: 34020.0, 8: 950292.0, 9: 149220.0, 10: 188064.0, 11: 328176.0, 12: 92844.0, 13: 748836.0, 15: 38124.0}
2026-06-04 21:00:02 [INFO] 分割成功
2026-06-04 21:00:02 [INFO] 引擎上下文已释放
2026-06-04 21:00:02 [INFO] TensorRT 引擎已释放
2026-06-04 21:00:02 [INFO] 全局 CUDA 资源已释放
2026-06-04 21:00:02 [INFO] 分割系统资源已释放
2026-06-04 21:00:06 [INFO] CUDA 初始化成功
2026-06-04 21:00:06 [INFO] 引擎加载成功: scrap_steel.engine
2026-06-04 21:00:06 [INFO] 分割系统初始化成功
2026-06-04 21:00:06 [INFO] 图像预处理完成，原始尺寸: (2160, 3840)
2026-06-04 21:00:06 [INFO] 开始执行分割...
2026-06-04 21:00:06 [DEBUG] 处理后的检测结果形状: (1, 8400, 6)
2026-06-04 21:00:06 [DEBUG] 示例检测结果: [[-4.09931183e+00 -3.23822784e+00  3.93773041e+01  1.52777996e+01
   4.02826501e-08  5.00000000e+00]
 [-6.54868317e+00 -3.00337410e+00  4.48468285e+01  2.98766079e+01
   1.00087263e-08  9.00000000e+00]
 [-3.55391693e+00 -3.42709064e+00  4.60391083e+01  3.05841103e+01
   4.65442085e-09  9.00000000e+00]]
2026-06-04 21:00:06 [DEBUG] 处理后检测输出形状: (0, 52)
2026-06-04 21:00:06 [DEBUG] 有效检测数量: 0
2026-06-04 21:00:06 [DEBUG] 检测输出为空
2026-06-04 21:00:06 [INFO] 掩码中检测到的类别: [0, 1, 2, 3, 4, 5, 6, 7, 8, 9, 10, 11, 12, 13, 15]
2026-06-04 21:00:06 [INFO] 分割完成，检测到 0 个物体
2026-06-04 21:00:06 [INFO] 从分割掩码中提取检测结果
2026-06-04 21:00:07 [INFO] 从掩码中提取了 437 个检测框
2026-06-04 21:00:07 [INFO] 计算出的车框矩形边界: (1023, 624) to (3173, 1512)
2026-06-04 21:00:07 [INFO] 原始检测数: 437, 过滤后检测数: 211
2026-06-04 21:00:07 [INFO] 保存分割和检测结果到: C:\code\show\Scrap_Steel_In_Field\photos\segmentation\segment_20260604_210007.jpg
2026-06-04 21:00:07 [INFO] JSON结果保存到: C:\code\show\Scrap_Steel_In_Field\photos\segmentation_result.json
2026-06-04 21:00:07 [INFO] 类别统计：{0: 16, 1: 58, 2: 23, 3: 3, 4: 22, 5: 34, 6: 19, 7: 30, 8: 40, 9: 44, 10: 25, 11: 18, 12: 21, 13: 62, 14: 0, 15: 22}
2026-06-04 21:00:07 [INFO] 面积统计：{0: 3360276.0, 1: 620316.0, 2: 35496.0, 3: 149364.0, 4: 182988.0, 5: 50400.0, 6: 579060.0, 7: 34956.0, 8: 942156.0, 9: 129564.0, 10: 189828.0, 11: 343152.0, 12: 82800.0, 13: 791964.0, 15: 34956.0}
2026-06-04 21:00:07 [INFO] 分割成功
2026-06-04 21:00:07 [INFO] 引擎上下文已释放
2026-06-04 21:00:07 [INFO] TensorRT 引擎已释放
2026-06-04 21:00:07 [INFO] 全局 CUDA 资源已释放
2026-06-04 21:00:07 [INFO] 分割系统资源已释放
2026-06-04 21:00:11 [INFO] CUDA 初始化成功
2026-06-04 21:00:11 [INFO] 引擎加载成功: scrap_steel.engine
2026-06-04 21:00:11 [INFO] 分割系统初始化成功
2026-06-04 21:00:11 [INFO] 图像预处理完成，原始尺寸: (2160, 3840)
2026-06-04 21:00:11 [INFO] 开始执行分割...
2026-06-04 21:00:11 [DEBUG] 处理后的检测结果形状: (1, 8400, 6)
2026-06-04 21:00:11 [DEBUG] 示例检测结果: [[-4.01956177e+00 -3.18482780e+00  3.94420815e+01  1.51153755e+01
   4.07512033e-08  5.00000000e+00]
 [-6.39580154e+00 -2.94019890e+00  4.49810066e+01  2.98924084e+01
   1.00800968e-08  9.00000000e+00]
 [-3.49839401e+00 -3.31719112e+00  4.60017204e+01  3.05728226e+01
   4.78746376e-09  9.00000000e+00]]
2026-06-04 21:00:11 [DEBUG] 处理后检测输出形状: (0, 52)
2026-06-04 21:00:11 [DEBUG] 有效检测数量: 0
2026-06-04 21:00:11 [DEBUG] 检测输出为空
2026-06-04 21:00:11 [INFO] 掩码中检测到的类别: [0, 1, 2, 3, 4, 5, 6, 7, 8, 9, 10, 11, 12, 13, 14, 15]
2026-06-04 21:00:11 [INFO] 分割完成，检测到 0 个物体
2026-06-04 21:00:11 [INFO] 从分割掩码中提取检测结果
2026-06-04 21:00:12 [INFO] 从掩码中提取了 443 个检测框
2026-06-04 21:00:12 [INFO] 计算出的车框矩形边界: (1028, 618) to (3180, 1519)
2026-06-04 21:00:12 [INFO] 原始检测数: 443, 过滤后检测数: 175
2026-06-04 21:00:12 [INFO] 保存分割和检测结果到: C:\code\show\Scrap_Steel_In_Field\photos\segmentation\segment_20260604_210012.jpg
2026-06-04 21:00:12 [INFO] JSON结果保存到: C:\code\show\Scrap_Steel_In_Field\photos\segmentation_result.json
2026-06-04 21:00:12 [INFO] 类别统计：{0: 14, 1: 54, 2: 19, 3: 6, 4: 20, 5: 22, 6: 19, 7: 23, 8: 40, 9: 47, 10: 22, 11: 21, 12: 16, 13: 96, 14: 0, 15: 24}
2026-06-04 21:00:12 [INFO] 面积统计：{0: 3125808.0, 1: 640368.0, 2: 32112.0, 3: 155916.0, 4: 129132.0, 5: 47592.0, 6: 578952.0, 7: 34488.0, 8: 965952.0, 9: 209088.0, 10: 175356.0, 11: 313488.0, 12: 76428.0, 13: 834840.0, 14: 36.0, 15: 47124.0}
2026-06-04 21:00:12 [INFO] 分割成功
2026-06-04 21:00:12 [INFO] 引擎上下文已释放
2026-06-04 21:00:12 [INFO] TensorRT 引擎已释放
2026-06-04 21:00:12 [INFO] 全局 CUDA 资源已释放
2026-06-04 21:00:12 [INFO] 分割系统资源已释放
2026-06-04 21:00:16 [INFO] CUDA 初始化成功
2026-06-04 21:00:16 [INFO] 引擎加载成功: scrap_steel.engine
2026-06-04 21:00:16 [INFO] 分割系统初始化成功
2026-06-04 21:00:17 [INFO] 图像预处理完成，原始尺寸: (2160, 3840)
2026-06-04 21:00:17 [INFO] 开始执行分割...
2026-06-04 21:00:17 [DEBUG] 处理后的检测结果形状: (1, 8400, 6)
2026-06-04 21:00:17 [DEBUG] 示例检测结果: [[-4.11856842e+00 -3.26222801e+00  3.93598785e+01  1.54053135e+01
   4.04397973e-08  5.00000000e+00]
 [-6.52807617e+00 -3.02612782e+00  4.47608223e+01  2.98649559e+01
   9.93347271e-09  9.00000000e+00]
 [-3.56330109e+00 -3.42713261e+00  4.59882278e+01  3.05176926e+01
   4.63628069e-09  9.00000000e+00]]
2026-06-04 21:00:17 [DEBUG] 处理后检测输出形状: (0, 52)
2026-06-04 21:00:17 [DEBUG] 有效检测数量: 0
2026-06-04 21:00:17 [DEBUG] 检测输出为空
2026-06-04 21:00:17 [INFO] 掩码中检测到的类别: [0, 1, 2, 3, 4, 5, 6, 7, 8, 9, 10, 11, 12, 13, 14, 15]
2026-06-04 21:00:17 [INFO] 分割完成，检测到 0 个物体
2026-06-04 21:00:17 [INFO] 从分割掩码中提取检测结果
2026-06-04 21:00:17 [INFO] 从掩码中提取了 414 个检测框
2026-06-04 21:00:17 [INFO] 计算出的车框矩形边界: (1031, 616) to (3172, 1521)
2026-06-04 21:00:17 [INFO] 原始检测数: 414, 过滤后检测数: 194
2026-06-04 21:00:17 [INFO] 保存分割和检测结果到: C:\code\show\Scrap_Steel_In_Field\photos\segmentation\segment_20260604_210017.jpg
2026-06-04 21:00:17 [INFO] JSON结果保存到: C:\code\show\Scrap_Steel_In_Field\photos\segmentation_result.json
2026-06-04 21:00:17 [INFO] 类别统计：{0: 19, 1: 49, 2: 22, 3: 3, 4: 21, 5: 30, 6: 19, 7: 28, 8: 44, 9: 47, 10: 26, 11: 16, 12: 18, 13: 52, 14: 0, 15: 20}
2026-06-04 21:00:17 [INFO] 面积统计：{0: 3568536.0, 1: 643896.0, 2: 39096.0, 3: 147348.0, 4: 166752.0, 5: 54180.0, 6: 509220.0, 7: 42408.0, 8: 933300.0, 9: 178488.0, 10: 182988.0, 11: 318024.0, 12: 94752.0, 13: 813636.0, 14: 36.0, 15: 34020.0}
2026-06-04 21:00:17 [INFO] 分割成功
2026-06-04 21:00:17 [INFO] 引擎上下文已释放
2026-06-04 21:00:17 [INFO] TensorRT 引擎已释放
2026-06-04 21:00:18 [INFO] 全局 CUDA 资源已释放
2026-06-04 21:00:18 [INFO] 分割系统资源已释放
2026-06-04 21:00:22 [INFO] CUDA 初始化成功
2026-06-04 21:00:22 [INFO] 引擎加载成功: scrap_steel.engine
2026-06-04 21:00:22 [INFO] 分割系统初始化成功
2026-06-04 21:00:22 [INFO] 图像预处理完成，原始尺寸: (2160, 3840)
2026-06-04 21:00:22 [INFO] 开始执行分割...
2026-06-04 21:00:22 [DEBUG] 处理后的检测结果形状: (1, 8400, 6)
2026-06-04 21:00:22 [DEBUG] 示例检测结果: [[-4.11633301e+00 -3.25132084e+00  3.93112488e+01  1.52623930e+01
   4.04397973e-08  5.00000000e+00]
 [-6.52059555e+00 -3.02839756e+00  4.47847786e+01  2.98463364e+01
   1.00113198e-08  9.00000000e+00]
 [-3.56236649e+00 -3.45236206e+00  4.59824867e+01  3.05459518e+01
   4.72493866e-09  9.00000000e+00]]
2026-06-04 21:00:22 [DEBUG] 处理后检测输出形状: (0, 52)
2026-06-04 21:00:22 [DEBUG] 有效检测数量: 0
2026-06-04 21:00:22 [DEBUG] 检测输出为空
2026-06-04 21:00:22 [INFO] 掩码中检测到的类别: [0, 1, 2, 3, 4, 5, 6, 7, 8, 9, 10, 11, 12, 13, 14, 15]
2026-06-04 21:00:22 [INFO] 分割完成，检测到 0 个物体
2026-06-04 21:00:22 [INFO] 从分割掩码中提取检测结果
2026-06-04 21:00:22 [INFO] 从掩码中提取了 411 个检测框
2026-06-04 21:00:22 [INFO] 计算出的车框矩形边界: (1027, 617) to (3178, 1512)
2026-06-04 21:00:22 [INFO] 原始检测数: 411, 过滤后检测数: 182
2026-06-04 21:00:23 [INFO] 保存分割和检测结果到: C:\code\show\Scrap_Steel_In_Field\photos\segmentation\segment_20260604_210022.jpg
2026-06-04 21:00:23 [INFO] JSON结果保存到: C:\code\show\Scrap_Steel_In_Field\photos\segmentation_result.json
2026-06-04 21:00:23 [INFO] 类别统计：{0: 17, 1: 45, 2: 21, 3: 4, 4: 22, 5: 28, 6: 13, 7: 29, 8: 36, 9: 52, 10: 26, 11: 15, 12: 20, 13: 61, 14: 0, 15: 22}
2026-06-04 21:00:23 [INFO] 面积统计：{0: 3518856.0, 1: 646416.0, 2: 39096.0, 3: 148644.0, 4: 160452.0, 5: 55548.0, 6: 536184.0, 7: 49932.0, 8: 922284.0, 9: 171036.0, 10: 188712.0, 11: 327276.0, 12: 100800.0, 13: 768492.0, 14: 72.0, 15: 41688.0}
2026-06-04 21:00:23 [INFO] 分割成功
2026-06-04 21:00:23 [INFO] 引擎上下文已释放
2026-06-04 21:00:23 [INFO] TensorRT 引擎已释放
2026-06-04 21:00:23 [INFO] 全局 CUDA 资源已释放
2026-06-04 21:00:23 [INFO] 分割系统资源已释放
2026-06-04 21:00:27 [INFO] CUDA 初始化成功
2026-06-04 21:00:27 [INFO] 引擎加载成功: scrap_steel.engine
2026-06-04 21:00:27 [INFO] 分割系统初始化成功
2026-06-04 21:00:27 [INFO] 图像预处理完成，原始尺寸: (2160, 3840)
2026-06-04 21:00:27 [INFO] 开始执行分割...
2026-06-04 21:00:27 [DEBUG] 处理后的检测结果形状: (1, 8400, 6)
2026-06-04 21:00:27 [DEBUG] 示例检测结果: [[-4.08884048e+00 -3.19848776e+00  3.91086922e+01  1.49630489e+01
   3.94942994e-08  5.00000000e+00]
 [-6.57011795e+00 -3.00158024e+00  4.47171440e+01  2.96099281e+01
   9.85821913e-09  9.00000000e+00]
 [-3.59300613e+00 -3.43978691e+00  4.59807549e+01  3.04291286e+01
   4.65695393e-09  9.00000000e+00]]
2026-06-04 21:00:27 [DEBUG] 处理后检测输出形状: (0, 52)
2026-06-04 21:00:27 [DEBUG] 有效检测数量: 0
2026-06-04 21:00:27 [DEBUG] 检测输出为空
2026-06-04 21:00:27 [INFO] 掩码中检测到的类别: [0, 1, 2, 3, 4, 5, 6, 7, 8, 9, 10, 11, 12, 13, 14, 15]
2026-06-04 21:00:27 [INFO] 分割完成，检测到 0 个物体
2026-06-04 21:00:27 [INFO] 从分割掩码中提取检测结果
2026-06-04 21:00:27 [INFO] 从掩码中提取了 427 个检测框
2026-06-04 21:00:27 [INFO] 计算出的车框矩形边界: (1028, 617) to (3178, 1518)
2026-06-04 21:00:27 [INFO] 原始检测数: 427, 过滤后检测数: 186
2026-06-04 21:00:28 [INFO] 保存分割和检测结果到: C:\code\show\Scrap_Steel_In_Field\photos\segmentation\segment_20260604_210027.jpg
2026-06-04 21:00:28 [INFO] JSON结果保存到: C:\code\show\Scrap_Steel_In_Field\photos\segmentation_result.json
2026-06-04 21:00:28 [INFO] 类别统计：{0: 15, 1: 41, 2: 18, 3: 5, 4: 22, 5: 24, 6: 26, 7: 24, 8: 32, 9: 58, 10: 30, 11: 17, 12: 17, 13: 78, 14: 0, 15: 20}
2026-06-04 21:00:28 [INFO] 面积统计：{0: 3252276.0, 1: 637308.0, 2: 30672.0, 3: 147528.0, 4: 129636.0, 5: 50760.0, 6: 538056.0, 7: 34596.0, 8: 1071504.0, 9: 221220.0, 10: 185292.0, 11: 331848.0, 12: 85464.0, 13: 839520.0, 14: 36.0, 15: 39024.0}
2026-06-04 21:00:28 [INFO] 分割成功
2026-06-04 21:00:28 [INFO] 引擎上下文已释放
2026-06-04 21:00:28 [INFO] TensorRT 引擎已释放
2026-06-04 21:00:28 [INFO] 全局 CUDA 资源已释放
2026-06-04 21:00:28 [INFO] 分割系统资源已释放
2026-06-04 21:00:32 [INFO] CUDA 初始化成功
2026-06-04 21:00:32 [INFO] 引擎加载成功: scrap_steel.engine
2026-06-04 21:00:32 [INFO] 分割系统初始化成功
2026-06-04 21:00:32 [INFO] 图像预处理完成，原始尺寸: (2160, 3840)
2026-06-04 21:00:32 [INFO] 开始执行分割...
2026-06-04 21:00:32 [DEBUG] 处理后的检测结果形状: (1, 8400, 6)
2026-06-04 21:00:32 [DEBUG] 示例检测结果: [[-4.05418777e+00 -3.20511007e+00  3.92636108e+01  1.51188526e+01
   4.17159605e-08  5.00000000e+00]
 [-6.50875092e+00 -2.98069000e+00  4.48079071e+01  2.96707993e+01
   1.00839799e-08  9.00000000e+00]
 [-3.58201218e+00 -3.41423225e+00  4.60651360e+01  3.04262447e+01
   4.70205208e-09  9.00000000e+00]]
2026-06-04 21:00:32 [DEBUG] 处理后检测输出形状: (0, 52)
2026-06-04 21:00:32 [DEBUG] 有效检测数量: 0
2026-06-04 21:00:32 [DEBUG] 检测输出为空
2026-06-04 21:00:32 [INFO] 掩码中检测到的类别: [0, 1, 2, 3, 4, 5, 6, 7, 8, 9, 10, 11, 12, 13, 14, 15]
2026-06-04 21:00:32 [INFO] 分割完成，检测到 0 个物体
2026-06-04 21:00:32 [INFO] 从分割掩码中提取检测结果
2026-06-04 21:00:32 [INFO] 从掩码中提取了 444 个检测框
2026-06-04 21:00:32 [INFO] 计算出的车框矩形边界: (1027, 617) to (3178, 1510)
2026-06-04 21:00:32 [INFO] 原始检测数: 444, 过滤后检测数: 199
2026-06-04 21:00:33 [INFO] 保存分割和检测结果到: C:\code\show\Scrap_Steel_In_Field\photos\segmentation\segment_20260604_210032.jpg
2026-06-04 21:00:33 [INFO] JSON结果保存到: C:\code\show\Scrap_Steel_In_Field\photos\segmentation_result.json
2026-06-04 21:00:33 [INFO] 类别统计：{0: 16, 1: 59, 2: 21, 3: 4, 4: 23, 5: 30, 6: 16, 7: 29, 8: 37, 9: 49, 10: 27, 11: 18, 12: 21, 13: 66, 14: 0, 15: 28}
2026-06-04 21:00:33 [INFO] 面积统计：{0: 3697812.0, 1: 636732.0, 2: 42984.0, 3: 143964.0, 4: 188028.0, 5: 76464.0, 6: 466308.0, 7: 38844.0, 8: 947124.0, 9: 181872.0, 10: 194724.0, 11: 341316.0, 12: 90252.0, 13: 756540.0, 14: 36.0, 15: 82836.0}
2026-06-04 21:00:33 [INFO] 分割成功
2026-06-04 21:00:33 [INFO] 引擎上下文已释放
2026-06-04 21:00:33 [INFO] TensorRT 引擎已释放
2026-06-04 21:00:33 [INFO] 全局 CUDA 资源已释放
2026-06-04 21:00:33 [INFO] 分割系统资源已释放
2026-06-04 21:00:37 [INFO] CUDA 初始化成功
2026-06-04 21:00:37 [INFO] 引擎加载成功: scrap_steel.engine
2026-06-04 21:00:37 [INFO] 分割系统初始化成功
2026-06-04 21:00:37 [INFO] 图像预处理完成，原始尺寸: (2160, 3840)
2026-06-04 21:00:37 [INFO] 开始执行分割...
2026-06-04 21:00:37 [DEBUG] 处理后的检测结果形状: (1, 8400, 6)
2026-06-04 21:00:37 [DEBUG] 示例检测结果: [[-4.12145233e+00 -3.23917198e+00  3.93013649e+01  1.52454128e+01
   4.07652685e-08  5.00000000e+00]
 [-6.53115845e+00 -3.02519226e+00  4.46413956e+01  2.97206421e+01
   9.85821913e-09  9.00000000e+00]
 [-3.57173538e+00 -3.46688175e+00  4.59316063e+01  3.04225693e+01
   4.62069316e-09  9.00000000e+00]]
2026-06-04 21:00:37 [DEBUG] 处理后检测输出形状: (0, 52)
2026-06-04 21:00:37 [DEBUG] 有效检测数量: 0
2026-06-04 21:00:37 [DEBUG] 检测输出为空
2026-06-04 21:00:37 [INFO] 掩码中检测到的类别: [0, 1, 2, 3, 4, 5, 6, 7, 8, 9, 10, 11, 12, 13, 15]
2026-06-04 21:00:37 [INFO] 分割完成，检测到 0 个物体
2026-06-04 21:00:37 [INFO] 从分割掩码中提取检测结果
2026-06-04 21:00:38 [INFO] 从掩码中提取了 456 个检测框
2026-06-04 21:00:38 [ERROR] 保存结果失败: 'NoneType' object has no attribute 'astype'
2026-06-04 21:00:38 [INFO] 分割成功
2026-06-04 21:00:38 [INFO] 引擎上下文已释放
2026-06-04 21:00:38 [INFO] TensorRT 引擎已释放
2026-06-04 21:00:38 [INFO] 全局 CUDA 资源已释放
2026-06-04 21:00:38 [INFO] 分割系统资源已释放
2026-06-04 21:00:42 [INFO] CUDA 初始化成功
2026-06-04 21:00:42 [INFO] 引擎加载成功: scrap_steel.engine
2026-06-04 21:00:42 [INFO] 分割系统初始化成功
2026-06-04 21:00:42 [INFO] 图像预处理完成，原始尺寸: (2160, 3840)
2026-06-04 21:00:42 [INFO] 开始执行分割...
2026-06-04 21:00:42 [DEBUG] 处理后的检测结果形状: (1, 8400, 6)
2026-06-04 21:00:42 [DEBUG] 示例检测结果: [[-4.06830215e+00 -3.21695328e+00  3.94773979e+01  1.50583305e+01
   4.20671533e-08  5.00000000e+00]
 [-6.52627563e+00 -2.98214436e+00  4.49836998e+01  2.97112541e+01
   1.02294315e-08  9.00000000e+00]
 [-3.55220795e+00 -3.39838314e+00  4.60524216e+01  3.05479431e+01
   4.81504614e-09  9.00000000e+00]]
2026-06-04 21:00:42 [DEBUG] 处理后检测输出形状: (1, 52)
2026-06-04 21:00:42 [DEBUG] 有效检测数量: 1
2026-06-04 21:00:42 [DEBUG] 最大置信度: 0.0601, 平均置信度: 0.0601
2026-06-04 21:00:42 [INFO] 掩码中检测到的类别: [0, 1, 2, 3, 4, 5, 6, 7, 8, 9, 10, 11, 12, 13, 14, 15]
2026-06-04 21:00:42 [INFO] 分割完成，检测到 0 个物体
2026-06-04 21:00:42 [INFO] 从分割掩码中提取检测结果
2026-06-04 21:00:43 [INFO] 从掩码中提取了 407 个检测框
2026-06-04 21:00:43 [INFO] 计算出的车框矩形边界: (1027, 615) to (3177, 1521)
2026-06-04 21:00:43 [INFO] 原始检测数: 407, 过滤后检测数: 175
2026-06-04 21:00:43 [INFO] 保存分割和检测结果到: C:\code\show\Scrap_Steel_In_Field\photos\segmentation\segment_20260604_210043.jpg
2026-06-04 21:00:43 [INFO] JSON结果保存到: C:\code\show\Scrap_Steel_In_Field\photos\segmentation_result.json
2026-06-04 21:00:43 [INFO] 类别统计：{0: 18, 1: 53, 2: 19, 3: 5, 4: 22, 5: 26, 6: 17, 7: 18, 8: 34, 9: 56, 10: 21, 11: 13, 12: 18, 13: 70, 14: 0, 15: 17}
2026-06-04 21:00:43 [INFO] 面积统计：{0: 3319308.0, 1: 678960.0, 2: 30024.0, 3: 141012.0, 4: 147384.0, 5: 49248.0, 6: 575460.0, 7: 23940.0, 8: 1083132.0, 9: 195624.0, 10: 177408.0, 11: 335952.0, 12: 77580.0, 13: 838656.0, 14: 72.0, 15: 29916.0}
2026-06-04 21:00:43 [INFO] 分割成功
2026-06-04 21:00:43 [INFO] 引擎上下文已释放
2026-06-04 21:00:43 [INFO] TensorRT 引擎已释放
2026-06-04 21:00:43 [INFO] 全局 CUDA 资源已释放
2026-06-04 21:00:43 [INFO] 分割系统资源已释放
2026-06-04 21:00:47 [INFO] CUDA 初始化成功
2026-06-04 21:00:47 [INFO] 引擎加载成功: scrap_steel.engine
2026-06-04 21:00:47 [INFO] 分割系统初始化成功
2026-06-04 21:00:47 [INFO] 图像预处理完成，原始尺寸: (2160, 3840)
2026-06-04 21:00:47 [INFO] 开始执行分割...
2026-06-04 21:00:47 [DEBUG] 处理后的检测结果形状: (1, 8400, 6)
2026-06-04 21:00:47 [DEBUG] 示例检测结果: [[-4.08526993e+00 -3.22898006e+00  3.93385658e+01  1.51307268e+01
   4.12350047e-08  5.00000000e+00]
 [-6.49394608e+00 -2.99298000e+00  4.47918167e+01  2.96317444e+01
   1.01630064e-08  9.00000000e+00]
 [-3.58139038e+00 -3.43938923e+00  4.60293121e+01  3.04259758e+01
   4.65185224e-09  9.00000000e+00]]
2026-06-04 21:00:47 [DEBUG] 处理后检测输出形状: (0, 52)
2026-06-04 21:00:47 [DEBUG] 有效检测数量: 0
2026-06-04 21:00:47 [DEBUG] 检测输出为空
2026-06-04 21:00:47 [INFO] 掩码中检测到的类别: [0, 1, 2, 3, 4, 5, 6, 7, 8, 9, 10, 11, 12, 13, 14, 15]
2026-06-04 21:00:47 [INFO] 分割完成，检测到 0 个物体
2026-06-04 21:00:47 [INFO] 从分割掩码中提取检测结果
2026-06-04 21:00:48 [INFO] 从掩码中提取了 436 个检测框
2026-06-04 21:00:48 [INFO] 计算出的车框矩形边界: (1028, 618) to (3178, 1513)
2026-06-04 21:00:48 [INFO] 原始检测数: 436, 过滤后检测数: 203
2026-06-04 21:00:48 [INFO] 保存分割和检测结果到: C:\code\show\Scrap_Steel_In_Field\photos\segmentation\segment_20260604_210048.jpg
2026-06-04 21:00:48 [INFO] JSON结果保存到: C:\code\show\Scrap_Steel_In_Field\photos\segmentation_result.json
2026-06-04 21:00:48 [INFO] 类别统计：{0: 12, 1: 57, 2: 24, 3: 3, 4: 27, 5: 29, 6: 17, 7: 29, 8: 45, 9: 52, 10: 26, 11: 14, 12: 19, 13: 63, 14: 0, 15: 19}
2026-06-04 21:00:48 [INFO] 面积统计：{0: 3557880.0, 1: 624024.0, 2: 37404.0, 3: 141984.0, 4: 172404.0, 5: 50364.0, 6: 523080.0, 7: 38376.0, 8: 947916.0, 9: 190044.0, 10: 182016.0, 11: 320940.0, 12: 93816.0, 13: 752904.0, 14: 72.0, 15: 48564.0}
2026-06-04 21:00:48 [INFO] 分割成功
2026-06-04 21:00:48 [INFO] 引擎上下文已释放
2026-06-04 21:00:48 [INFO] TensorRT 引擎已释放
2026-06-04 21:00:48 [INFO] 全局 CUDA 资源已释放
2026-06-04 21:00:48 [INFO] 分割系统资源已释放
2026-06-04 21:00:52 [INFO] CUDA 初始化成功
2026-06-04 21:00:52 [INFO] 引擎加载成功: scrap_steel.engine
2026-06-04 21:00:52 [INFO] 分割系统初始化成功
2026-06-04 21:00:52 [INFO] 图像预处理完成，原始尺寸: (2160, 3840)
2026-06-04 21:00:52 [INFO] 开始执行分割...
2026-06-04 21:00:52 [DEBUG] 处理后的检测结果形状: (1, 8400, 6)
2026-06-04 21:00:52 [DEBUG] 示例检测结果: [[-4.08587265e+00 -3.23804474e+00  3.92994766e+01  1.51830559e+01
   4.10741450e-08  5.00000000e+00]
 [-6.50033188e+00 -3.01164627e+00  4.47601204e+01  2.97876472e+01
   1.01630064e-08  9.00000000e+00]
 [-3.53672791e+00 -3.41192436e+00  4.59775848e+01  3.04812908e+01
   4.77592721e-09  9.00000000e+00]]
2026-06-04 21:00:52 [DEBUG] 处理后检测输出形状: (0, 52)
2026-06-04 21:00:52 [DEBUG] 有效检测数量: 0
2026-06-04 21:00:52 [DEBUG] 检测输出为空
2026-06-04 21:00:52 [INFO] 掩码中检测到的类别: [0, 1, 2, 3, 4, 5, 6, 7, 8, 9, 10, 11, 12, 13, 14, 15]
2026-06-04 21:00:52 [INFO] 分割完成，检测到 0 个物体
2026-06-04 21:00:52 [INFO] 从分割掩码中提取检测结果
2026-06-04 21:00:53 [INFO] 从掩码中提取了 445 个检测框
2026-06-04 21:00:53 [INFO] 计算出的车框矩形边界: (1028, 617) to (3175, 1519)
2026-06-04 21:00:53 [INFO] 原始检测数: 445, 过滤后检测数: 215
2026-06-04 21:00:53 [INFO] 保存分割和检测结果到: C:\code\show\Scrap_Steel_In_Field\photos\segmentation\segment_20260604_210053.jpg
2026-06-04 21:00:53 [INFO] JSON结果保存到: C:\code\show\Scrap_Steel_In_Field\photos\segmentation_result.json
2026-06-04 21:00:53 [INFO] 类别统计：{0: 19, 1: 56, 2: 24, 3: 3, 4: 25, 5: 30, 6: 20, 7: 29, 8: 46, 9: 53, 10: 29, 11: 15, 12: 19, 13: 56, 14: 0, 15: 21}
2026-06-04 21:00:53 [INFO] 面积统计：{0: 3589380.0, 1: 591624.0, 2: 34488.0, 3: 141768.0, 4: 167148.0, 5: 49572.0, 6: 547920.0, 7: 40680.0, 8: 932220.0, 9: 159300.0, 10: 184320.0, 11: 332568.0, 12: 80208.0, 13: 800028.0, 14: 36.0, 15: 48816.0}
2026-06-04 21:00:53 [INFO] 分割成功
2026-06-04 21:00:53 [INFO] 引擎上下文已释放
2026-06-04 21:00:53 [INFO] TensorRT 引擎已释放
2026-06-04 21:00:53 [INFO] 全局 CUDA 资源已释放
2026-06-04 21:00:53 [INFO] 分割系统资源已释放
2026-06-04 21:00:57 [INFO] CUDA 初始化成功
2026-06-04 21:00:57 [INFO] 引擎加载成功: scrap_steel.engine
2026-06-04 21:00:57 [INFO] 分割系统初始化成功
2026-06-04 21:00:58 [INFO] 图像预处理完成，原始尺寸: (2160, 3840)
2026-06-04 21:00:58 [INFO] 开始执行分割...
2026-06-04 21:00:58 [DEBUG] 处理后的检测结果形状: (1, 8400, 6)
2026-06-04 21:00:58 [DEBUG] 示例检测结果: [[-4.08485794e+00 -3.23982430e+00  3.93829346e+01  1.52404156e+01
   4.23977973e-08  5.00000000e+00]
 [-6.53682709e+00 -3.01175117e+00  4.48309860e+01  2.98868389e+01
   1.03958655e-08  9.00000000e+00]
 [-3.57592010e+00 -3.45081234e+00  4.60348663e+01  3.05766411e+01
   4.88162843e-09  9.00000000e+00]]
2026-06-04 21:00:58 [DEBUG] 处理后检测输出形状: (0, 52)
2026-06-04 21:00:58 [DEBUG] 有效检测数量: 0
2026-06-04 21:00:58 [DEBUG] 检测输出为空
2026-06-04 21:00:58 [INFO] 掩码中检测到的类别: [0, 1, 2, 3, 4, 5, 6, 7, 8, 9, 10, 11, 12, 13, 14, 15]
2026-06-04 21:00:58 [INFO] 分割完成，检测到 0 个物体
2026-06-04 21:00:58 [INFO] 从分割掩码中提取检测结果
2026-06-04 21:00:58 [INFO] 从掩码中提取了 425 个检测框
2026-06-04 21:00:58 [INFO] 计算出的车框矩形边界: (1028, 618) to (3175, 1519)
2026-06-04 21:00:58 [INFO] 原始检测数: 425, 过滤后检测数: 202
2026-06-04 21:00:59 [INFO] 保存分割和检测结果到: C:\code\show\Scrap_Steel_In_Field\photos\segmentation\segment_20260604_210058.jpg
2026-06-04 21:00:59 [INFO] JSON结果保存到: C:\code\show\Scrap_Steel_In_Field\photos\segmentation_result.json
2026-06-04 21:00:59 [INFO] 类别统计：{0: 17, 1: 50, 2: 24, 3: 5, 4: 24, 5: 29, 6: 17, 7: 29, 8: 40, 9: 52, 10: 23, 11: 16, 12: 21, 13: 57, 14: 0, 15: 21}
2026-06-04 21:00:59 [INFO] 面积统计：{0: 3605796.0, 1: 616104.0, 2: 36288.0, 3: 142596.0, 4: 172872.0, 5: 47592.0, 6: 494208.0, 7: 46116.0, 8: 916308.0, 9: 163440.0, 10: 180108.0, 11: 331164.0, 12: 86544.0, 13: 772308.0, 14: 36.0, 15: 49644.0}
2026-06-04 21:00:59 [INFO] 分割成功
2026-06-04 21:00:59 [INFO] 引擎上下文已释放
2026-06-04 21:00:59 [INFO] TensorRT 引擎已释放
2026-06-04 21:00:59 [INFO] 全局 CUDA 资源已释放
2026-06-04 21:00:59 [INFO] 分割系统资源已释放
2026-06-04 21:01:03 [INFO] CUDA 初始化成功
2026-06-04 21:01:03 [INFO] 引擎加载成功: scrap_steel.engine
2026-06-04 21:01:03 [INFO] 分割系统初始化成功
2026-06-04 21:01:03 [INFO] 图像预处理完成，原始尺寸: (2160, 3840)
2026-06-04 21:01:03 [INFO] 开始执行分割...
2026-06-04 21:01:03 [DEBUG] 处理后的检测结果形状: (1, 8400, 6)
2026-06-04 21:01:03 [DEBUG] 示例检测结果: [[-4.02696228e+00 -3.19881344e+00  3.92842331e+01  1.51514883e+01
   4.22319459e-08  5.00000000e+00]
 [-6.45601654e+00 -2.97683334e+00  4.48227158e+01  2.98066025e+01
   1.02745901e-08  9.00000000e+00]
 [-3.56015396e+00 -3.42186642e+00  4.60242691e+01  3.06576462e+01
   4.78746376e-09  9.00000000e+00]]
2026-06-04 21:01:03 [DEBUG] 处理后检测输出形状: (0, 52)
2026-06-04 21:01:03 [DEBUG] 有效检测数量: 0
2026-06-04 21:01:03 [DEBUG] 检测输出为空
2026-06-04 21:01:03 [INFO] 掩码中检测到的类别: [0, 1, 2, 3, 4, 5, 6, 7, 8, 9, 10, 11, 12, 13, 14, 15]
2026-06-04 21:01:03 [INFO] 分割完成，检测到 0 个物体
2026-06-04 21:01:03 [INFO] 从分割掩码中提取检测结果
2026-06-04 21:01:03 [INFO] 从掩码中提取了 406 个检测框
2026-06-04 21:01:03 [INFO] 计算出的车框矩形边界: (1028, 619) to (3178, 1511)
2026-06-04 21:01:03 [INFO] 原始检测数: 406, 过滤后检测数: 200
2026-06-04 21:01:04 [INFO] 保存分割和检测结果到: C:\code\show\Scrap_Steel_In_Field\photos\segmentation\segment_20260604_210103.jpg
2026-06-04 21:01:04 [INFO] JSON结果保存到: C:\code\show\Scrap_Steel_In_Field\photos\segmentation_result.json
2026-06-04 21:01:04 [INFO] 类别统计：{0: 15, 1: 51, 2: 23, 3: 3, 4: 21, 5: 30, 6: 19, 7: 27, 8: 41, 9: 47, 10: 26, 11: 14, 12: 16, 13: 54, 14: 0, 15: 19}
2026-06-04 21:01:04 [INFO] 面积统计：{0: 3657168.0, 1: 604008.0, 2: 37512.0, 3: 144468.0, 4: 173556.0, 5: 54144.0, 6: 523980.0, 7: 41760.0, 8: 919404.0, 9: 174420.0, 10: 189468.0, 11: 324684.0, 12: 93276.0, 13: 761868.0, 14: 36.0, 15: 32796.0}
2026-06-04 21:01:04 [INFO] 分割成功
2026-06-04 21:01:04 [INFO] 引擎上下文已释放
2026-06-04 21:01:04 [INFO] TensorRT 引擎已释放
2026-06-04 21:01:04 [INFO] 全局 CUDA 资源已释放
2026-06-04 21:01:04 [INFO] 分割系统资源已释放
2026-06-04 21:01:08 [INFO] CUDA 初始化成功
2026-06-04 21:01:08 [INFO] 引擎加载成功: scrap_steel.engine
2026-06-04 21:01:08 [INFO] 分割系统初始化成功
2026-06-04 21:01:08 [INFO] 图像预处理完成，原始尺寸: (2160, 3840)
2026-06-04 21:01:08 [INFO] 开始执行分割...
2026-06-04 21:01:08 [DEBUG] 处理后的检测结果形状: (1, 8400, 6)
2026-06-04 21:01:08 [DEBUG] 示例检测结果: [[-4.08553314e+00 -3.22978449e+00  3.92601242e+01  1.51235981e+01
   4.07652685e-08  5.00000000e+00]
 [-6.47227859e+00 -2.99179363e+00  4.48159981e+01  2.96289482e+01
   9.93347271e-09  9.00000000e+00]
 [-3.52420044e+00 -3.39859772e+00  4.59905014e+01  3.04025688e+01
   4.61838567e-09  9.00000000e+00]]
2026-06-04 21:01:08 [DEBUG] 处理后检测输出形状: (0, 52)
2026-06-04 21:01:08 [DEBUG] 有效检测数量: 0
2026-06-04 21:01:08 [DEBUG] 检测输出为空
2026-06-04 21:01:08 [INFO] 掩码中检测到的类别: [0, 1, 2, 3, 4, 5, 6, 7, 8, 9, 10, 11, 12, 13, 14, 15]
2026-06-04 21:01:08 [INFO] 分割完成，检测到 0 个物体
2026-06-04 21:01:08 [INFO] 从分割掩码中提取检测结果
2026-06-04 21:01:08 [INFO] 从掩码中提取了 427 个检测框
2026-06-04 21:01:08 [INFO] 计算出的车框矩形边界: (1027, 619) to (3178, 1512)
2026-06-04 21:01:08 [INFO] 原始检测数: 427, 过滤后检测数: 197
2026-06-04 21:01:09 [INFO] 保存分割和检测结果到: C:\code\show\Scrap_Steel_In_Field\photos\segmentation\segment_20260604_210108.jpg
2026-06-04 21:01:09 [INFO] JSON结果保存到: C:\code\show\Scrap_Steel_In_Field\photos\segmentation_result.json
2026-06-04 21:01:09 [INFO] 类别统计：{0: 23, 1: 51, 2: 20, 3: 4, 4: 26, 5: 29, 6: 13, 7: 30, 8: 36, 9: 49, 10: 26, 11: 18, 12: 20, 13: 61, 14: 0, 15: 21}
2026-06-04 21:01:09 [INFO] 面积统计：{0: 3549348.0, 1: 605376.0, 2: 36792.0, 3: 143712.0, 4: 169812.0, 5: 50580.0, 6: 525492.0, 7: 44136.0, 8: 936756.0, 9: 153540.0, 10: 174672.0, 11: 332244.0, 12: 90324.0, 13: 765396.0, 14: 36.0, 15: 49392.0}
2026-06-04 21:01:09 [INFO] 分割成功
2026-06-04 21:01:09 [INFO] 引擎上下文已释放
2026-06-04 21:01:09 [INFO] TensorRT 引擎已释放
2026-06-04 21:01:09 [INFO] 全局 CUDA 资源已释放
2026-06-04 21:01:09 [INFO] 分割系统资源已释放
2026-06-04 21:01:13 [INFO] CUDA 初始化成功
2026-06-04 21:01:13 [INFO] 引擎加载成功: scrap_steel.engine
2026-06-04 21:01:13 [INFO] 分割系统初始化成功
2026-06-04 21:01:13 [INFO] 图像预处理完成，原始尺寸: (2160, 3840)
2026-06-04 21:01:13 [INFO] 开始执行分割...
2026-06-04 21:01:13 [DEBUG] 处理后的检测结果形状: (1, 8400, 6)
2026-06-04 21:01:13 [DEBUG] 示例检测结果: [[-4.11229706e+00 -3.26765633e+00  3.95024567e+01  1.53560524e+01
   4.15567314e-08  5.00000000e+00]
 [-6.48967743e+00 -3.01060867e+00  4.48236618e+01  2.98919106e+01
   1.00054294e-08  9.00000000e+00]
 [-3.51638794e+00 -3.42285538e+00  4.59479980e+01  3.04873047e+01
   4.73551864e-09  9.00000000e+00]]
2026-06-04 21:01:13 [DEBUG] 处理后检测输出形状: (0, 52)
2026-06-04 21:01:13 [DEBUG] 有效检测数量: 0
2026-06-04 21:01:13 [DEBUG] 检测输出为空
2026-06-04 21:01:13 [INFO] 掩码中检测到的类别: [0, 1, 2, 3, 4, 5, 6, 7, 8, 9, 10, 11, 12, 13, 14, 15]
2026-06-04 21:01:13 [INFO] 分割完成，检测到 0 个物体
2026-06-04 21:01:13 [INFO] 从分割掩码中提取检测结果
2026-06-04 21:01:13 [INFO] 从掩码中提取了 419 个检测框
2026-06-04 21:01:13 [INFO] 计算出的车框矩形边界: (1028, 617) to (3178, 1513)
2026-06-04 21:01:13 [INFO] 原始检测数: 419, 过滤后检测数: 194
2026-06-04 21:01:14 [INFO] 保存分割和检测结果到: C:\code\show\Scrap_Steel_In_Field\photos\segmentation\segment_20260604_210113.jpg
2026-06-04 21:01:14 [INFO] JSON结果保存到: C:\code\show\Scrap_Steel_In_Field\photos\segmentation_result.json
2026-06-04 21:01:14 [INFO] 类别统计：{0: 13, 1: 51, 2: 22, 3: 5, 4: 22, 5: 32, 6: 15, 7: 25, 8: 42, 9: 54, 10: 21, 11: 18, 12: 19, 13: 57, 14: 0, 15: 23}
2026-06-04 21:01:14 [INFO] 面积统计：{0: 3606912.0, 1: 590076.0, 2: 38592.0, 3: 149940.0, 4: 168840.0, 5: 54720.0, 6: 527508.0, 7: 41220.0, 8: 906084.0, 9: 168480.0, 10: 179028.0, 11: 324540.0, 12: 85824.0, 13: 764928.0, 14: 36.0, 15: 55620.0}
2026-06-04 21:01:14 [INFO] 分割成功
2026-06-04 21:01:14 [INFO] 引擎上下文已释放
2026-06-04 21:01:14 [INFO] TensorRT 引擎已释放
2026-06-04 21:01:14 [INFO] 全局 CUDA 资源已释放
2026-06-04 21:01:14 [INFO] 分割系统资源已释放
2026-06-04 21:01:18 [INFO] CUDA 初始化成功
2026-06-04 21:01:18 [INFO] 引擎加载成功: scrap_steel.engine
2026-06-04 21:01:18 [INFO] 分割系统初始化成功
2026-06-04 21:01:18 [INFO] 图像预处理完成，原始尺寸: (2160, 3840)
2026-06-04 21:01:18 [INFO] 开始执行分割...
2026-06-04 21:01:18 [DEBUG] 处理后的检测结果形状: (1, 8400, 6)
2026-06-04 21:01:18 [DEBUG] 示例检测结果: [[-4.08970261e+00 -3.25660038e+00  3.92647743e+01  1.51914129e+01
   4.22319459e-08  5.00000000e+00]
 [-6.53862762e+00 -3.01122189e+00  4.47400436e+01  2.97014618e+01
   1.01592335e-08  9.00000000e+00]
 [-3.56784058e+00 -3.45196629e+00  4.59768219e+01  3.04557495e+01
   4.66561367e-09  9.00000000e+00]]
2026-06-04 21:01:18 [DEBUG] 处理后检测输出形状: (0, 52)
2026-06-04 21:01:18 [DEBUG] 有效检测数量: 0
2026-06-04 21:01:18 [DEBUG] 检测输出为空
2026-06-04 21:01:18 [INFO] 掩码中检测到的类别: [0, 1, 2, 3, 4, 5, 6, 7, 8, 9, 10, 11, 12, 13, 14, 15]
2026-06-04 21:01:18 [INFO] 分割完成，检测到 0 个物体
2026-06-04 21:01:18 [INFO] 从分割掩码中提取检测结果
2026-06-04 21:01:18 [INFO] 从掩码中提取了 428 个检测框
2026-06-04 21:01:18 [INFO] 计算出的车框矩形边界: (1027, 617) to (3175, 1519)
2026-06-04 21:01:18 [INFO] 原始检测数: 428, 过滤后检测数: 199
2026-06-04 21:01:19 [INFO] 保存分割和检测结果到: C:\code\show\Scrap_Steel_In_Field\photos\segmentation\segment_20260604_210118.jpg
2026-06-04 21:01:19 [INFO] JSON结果保存到: C:\code\show\Scrap_Steel_In_Field\photos\segmentation_result.json
2026-06-04 21:01:19 [INFO] 类别统计：{0: 16, 1: 53, 2: 20, 3: 4, 4: 28, 5: 30, 6: 18, 7: 29, 8: 38, 9: 46, 10: 24, 11: 20, 12: 23, 13: 61, 14: 0, 15: 18}
2026-06-04 21:01:19 [INFO] 面积统计：{0: 3647628.0, 1: 608508.0, 2: 35316.0, 3: 142632.0, 4: 175896.0, 5: 48780.0, 6: 540072.0, 7: 40860.0, 8: 969336.0, 9: 167940.0, 10: 188892.0, 11: 339084.0, 12: 94464.0, 13: 740016.0, 14: 36.0, 15: 39852.0}
2026-06-04 21:01:19 [INFO] 分割成功
2026-06-04 21:01:19 [INFO] 引擎上下文已释放
2026-06-04 21:01:19 [INFO] TensorRT 引擎已释放
2026-06-04 21:01:19 [INFO] 全局 CUDA 资源已释放
2026-06-04 21:01:19 [INFO] 分割系统资源已释放
2026-06-04 21:01:23 [INFO] CUDA 初始化成功
2026-06-04 21:01:23 [INFO] 引擎加载成功: scrap_steel.engine
2026-06-04 21:01:23 [INFO] 分割系统初始化成功
2026-06-04 21:01:24 [INFO] 图像预处理完成，原始尺寸: (2160, 3840)
2026-06-04 21:01:24 [INFO] 开始执行分割...
2026-06-04 21:01:24 [DEBUG] 处理后的检测结果形状: (1, 8400, 6)
2026-06-04 21:01:24 [DEBUG] 示例检测结果: [[-4.08420181e+00 -3.22650576e+00  3.94106598e+01  1.51536598e+01
   4.10703969e-08  5.00000000e+00]
 [-6.43861771e+00 -2.96636581e+00  4.48654747e+01  2.96961365e+01
   9.96639216e-09  9.00000000e+00]
 [-3.52964020e+00 -3.37010860e+00  4.59968452e+01  3.04681320e+01
   4.65185224e-09  9.00000000e+00]]
2026-06-04 21:01:24 [DEBUG] 处理后检测输出形状: (0, 52)
2026-06-04 21:01:24 [DEBUG] 有效检测数量: 0
2026-06-04 21:01:24 [DEBUG] 检测输出为空
2026-06-04 21:01:24 [INFO] 掩码中检测到的类别: [0, 1, 2, 3, 4, 5, 6, 7, 8, 9, 10, 11, 12, 13, 14, 15]
2026-06-04 21:01:24 [INFO] 分割完成，检测到 0 个物体
2026-06-04 21:01:24 [INFO] 从分割掩码中提取检测结果
2026-06-04 21:01:24 [INFO] 从掩码中提取了 425 个检测框
2026-06-04 21:01:24 [INFO] 计算出的车框矩形边界: (1027, 618) to (3175, 1519)
2026-06-04 21:01:24 [INFO] 原始检测数: 425, 过滤后检测数: 190
2026-06-04 21:01:24 [INFO] 保存分割和检测结果到: C:\code\show\Scrap_Steel_In_Field\photos\segmentation\segment_20260604_210124.jpg
2026-06-04 21:01:24 [INFO] JSON结果保存到: C:\code\show\Scrap_Steel_In_Field\photos\segmentation_result.json
2026-06-04 21:01:24 [INFO] 类别统计：{0: 18, 1: 56, 2: 23, 3: 3, 4: 25, 5: 32, 6: 17, 7: 26, 8: 39, 9: 49, 10: 21, 11: 18, 12: 19, 13: 56, 14: 0, 15: 23}
2026-06-04 21:01:24 [INFO] 面积统计：{0: 3520512.0, 1: 587052.0, 2: 39996.0, 3: 147132.0, 4: 178380.0, 5: 50832.0, 6: 535608.0, 7: 41400.0, 8: 896220.0, 9: 173520.0, 10: 178344.0, 11: 340416.0, 12: 93744.0, 13: 781956.0, 14: 36.0, 15: 36144.0}
2026-06-04 21:01:25 [INFO] 分割成功
2026-06-04 21:01:25 [INFO] 引擎上下文已释放
2026-06-04 21:01:25 [INFO] TensorRT 引擎已释放
2026-06-04 21:01:25 [INFO] 全局 CUDA 资源已释放
2026-06-04 21:01:25 [INFO] 分割系统资源已释放
