2026-05-21 15:13:02 [INFO] CUDA 初始化成功
2026-05-21 15:13:02 [INFO] 引擎加载成功: scrap_steel.engine
2026-05-21 15:13:02 [INFO] 分割系统初始化成功
2026-05-21 15:13:05 [INFO] 引擎加载成功: scrap_steel.engine
2026-05-21 15:13:05 [INFO] 分割系统初始化成功
2026-05-21 15:13:05 [INFO] 图像预处理完成，原始尺寸: (2160, 3840)
2026-05-21 15:13:05 [INFO] 开始执行分割...
2026-05-21 15:13:05 [ERROR] 推理过程发生异常: explicit_context_dependent failed: invalid device context - no currently active context?
2026-05-21 15:13:05 [INFO] 分割完成，检测到 0 个物体
2026-05-21 15:13:05 [ERROR] 分割失败: 未能生成有效的分割掩码
2026-05-21 15:13:05 [INFO] 引擎上下文已释放
2026-05-21 15:13:05 [INFO] TensorRT 引擎已释放
2026-05-21 15:13:05 [INFO] 全局 CUDA 资源已释放
2026-05-21 15:13:05 [INFO] 分割系统资源已释放
2026-05-21 15:13:10 [INFO] CUDA 初始化成功
2026-05-21 15:13:10 [INFO] 引擎加载成功: scrap_steel.engine
2026-05-21 15:13:10 [INFO] 分割系统初始化成功
2026-05-21 15:13:10 [INFO] 图像预处理完成，原始尺寸: (2160, 3840)
2026-05-21 15:13:10 [INFO] 开始执行分割...
2026-05-21 15:13:10 [DEBUG] 处理后的检测结果形状: (1, 8400, 6)
2026-05-21 15:13:10 [DEBUG] 示例检测结果: [[-4.00396729e+00 -3.27411461e+00  3.88735504e+01  1.55736732e+01
   4.49774120e-08  5.00000000e+00]
 [-6.27441025e+00 -3.00602913e+00  4.42511673e+01  2.99347858e+01
   9.87558479e-09  9.00000000e+00]
 [-3.63702393e+00 -3.57583618e+00  4.56722412e+01  3.05549126e+01
   4.23891322e-09  9.00000000e+00]]
2026-05-21 15:13:10 [DEBUG] 处理后检测输出形状: (0, 52)
2026-05-21 15:13:10 [DEBUG] 有效检测数量: 0
2026-05-21 15:13:10 [DEBUG] 检测输出为空
2026-05-21 15:13:10 [INFO] 掩码中检测到的类别: [0, 1, 2, 3, 4, 5, 6, 7, 8, 9, 10, 11, 12, 13, 15]
2026-05-21 15:13:10 [INFO] 分割完成，检测到 0 个物体
2026-05-21 15:13:10 [INFO] 从分割掩码中提取检测结果
2026-05-21 15:13:11 [INFO] 从掩码中提取了 563 个检测框
2026-05-21 15:13:11 [INFO] 检测到车兜区域，将过滤区域外的目标
2026-05-21 15:13:11 [INFO] 车兜区域过滤: 563 -> 177 个目标
2026-05-21 15:13:11 [INFO] 保存分割和检测结果到: C:\code\show\Scrap_Steel_In_Field\photos\segmentation\segment_20260521_151311.jpg
2026-05-21 15:13:11 [INFO] JSON结果保存到: C:\code\show\Scrap_Steel_In_Field\photos\segmentation_result.json
2026-05-21 15:13:11 [INFO] 类别统计：{1: 398761, 2: 37764, 3: 540, 4: 10260, 5: 58356, 6: 52236, 7: 29052, 8: 19512, 9: 42860, 10: 87984, 11: 72, 12: 124804, 13: 14774, 15: 11448}
2026-05-21 15:13:11 [INFO] 面积统计：{1: np.float64(398761.0), 2: np.float64(37764.0), 3: np.float64(540.0), 4: np.float64(10260.0), 5: np.float64(58356.0), 6: np.float64(52236.0), 7: np.float64(29052.0), 8: np.float64(19512.0), 9: np.float64(42860.0), 10: np.float64(87984.0), 11: np.float64(72.0), 12: np.float64(124804.0), 13: np.float64(14774.0), 15: np.float64(11448.0)}
2026-05-21 15:13:11 [INFO] 分割成功
2026-05-21 15:13:11 [INFO] 引擎上下文已释放
2026-05-21 15:13:11 [INFO] TensorRT 引擎已释放
2026-05-21 15:13:11 [INFO] 全局 CUDA 资源已释放
2026-05-21 15:13:11 [INFO] 分割系统资源已释放
2026-05-21 15:13:15 [INFO] CUDA 初始化成功
2026-05-21 15:13:15 [INFO] 引擎加载成功: scrap_steel.engine
2026-05-21 15:13:15 [INFO] 分割系统初始化成功
2026-05-21 15:13:16 [INFO] 图像预处理完成，原始尺寸: (2160, 3840)
2026-05-21 15:13:16 [INFO] 开始执行分割...
2026-05-21 15:13:16 [DEBUG] 处理后的检测结果形状: (1, 8400, 6)
2026-05-21 15:13:16 [DEBUG] 示例检测结果: [[-4.00901413e+00 -3.27065659e+00  3.88382492e+01  1.55695248e+01
   4.44462103e-08  5.00000000e+00]
 [-6.29404449e+00 -3.01357555e+00  4.42259750e+01  3.00741615e+01
   9.91403581e-09  9.00000000e+00]
 [-3.64286804e+00 -3.59917164e+00  4.56579056e+01  3.06695213e+01
   4.25533742e-09  9.00000000e+00]]
2026-05-21 15:13:16 [DEBUG] 处理后检测输出形状: (0, 52)
2026-05-21 15:13:16 [DEBUG] 有效检测数量: 0
2026-05-21 15:13:16 [DEBUG] 检测输出为空
2026-05-21 15:13:16 [INFO] 掩码中检测到的类别: [0, 1, 2, 3, 4, 5, 6, 7, 8, 9, 10, 11, 12, 13, 15]
2026-05-21 15:13:16 [INFO] 分割完成，检测到 0 个物体
2026-05-21 15:13:16 [INFO] 从分割掩码中提取检测结果
2026-05-21 15:13:16 [INFO] 从掩码中提取了 542 个检测框
2026-05-21 15:13:16 [INFO] 检测到车兜区域，将过滤区域外的目标
2026-05-21 15:13:16 [INFO] 车兜区域过滤: 542 -> 167 个目标
2026-05-21 15:13:17 [INFO] 保存分割和检测结果到: C:\code\show\Scrap_Steel_In_Field\photos\segmentation\segment_20260521_151316.jpg
2026-05-21 15:13:17 [INFO] JSON结果保存到: C:\code\show\Scrap_Steel_In_Field\photos\segmentation_result.json
2026-05-21 15:13:17 [INFO] 类别统计：{1: 401433, 2: 39924, 3: 144, 4: 7236, 5: 63396, 6: 52632, 7: 29628, 8: 21240, 9: 38431, 10: 91836, 11: 360, 12: 124228, 13: 15322, 15: 11016}
2026-05-21 15:13:17 [INFO] 面积统计：{1: np.float64(401433.0), 2: np.float64(39924.0), 3: np.float64(144.0), 4: np.float64(7236.0), 5: np.float64(63396.0), 6: np.float64(52632.0), 7: np.float64(29628.0), 8: np.float64(21240.0), 9: np.float64(38431.0), 10: np.float64(91836.0), 11: np.float64(360.0), 12: np.float64(124228.0), 13: np.float64(15322.0), 15: np.float64(11016.0)}
2026-05-21 15:13:17 [INFO] 分割成功
2026-05-21 15:13:17 [INFO] 引擎上下文已释放
2026-05-21 15:13:17 [INFO] TensorRT 引擎已释放
2026-05-21 15:13:17 [INFO] 全局 CUDA 资源已释放
2026-05-21 15:13:17 [INFO] 分割系统资源已释放
2026-05-21 15:13:23 [INFO] CUDA 初始化成功
2026-05-21 15:13:23 [INFO] 引擎加载成功: scrap_steel.engine
2026-05-21 15:13:23 [INFO] 分割系统初始化成功
2026-05-21 15:13:23 [INFO] 图像预处理完成，原始尺寸: (2160, 3840)
2026-05-21 15:13:23 [INFO] 开始执行分割...
2026-05-21 15:13:24 [DEBUG] 处理后的检测结果形状: (1, 8400, 6)
2026-05-21 15:13:24 [DEBUG] 示例检测结果: [[-4.03968048e+00 -3.28672695e+00  3.88654938e+01  1.55806704e+01
   4.37479777e-08  5.00000000e+00]
 [-6.30897522e+00 -3.03023148e+00  4.41555099e+01  2.99870682e+01
   9.80350023e-09  9.00000000e+00]
 [-3.62422562e+00 -3.61640549e+00  4.56613617e+01  3.06554680e+01
   4.20819646e-09  9.00000000e+00]]
2026-05-21 15:13:24 [DEBUG] 处理后检测输出形状: (0, 52)
2026-05-21 15:13:24 [DEBUG] 有效检测数量: 0
2026-05-21 15:13:24 [DEBUG] 检测输出为空
2026-05-21 15:13:24 [INFO] 掩码中检测到的类别: [0, 1, 2, 3, 4, 5, 6, 7, 8, 9, 10, 11, 12, 13, 15]
2026-05-21 15:13:24 [INFO] 分割完成，检测到 0 个物体
2026-05-21 15:13:24 [INFO] 从分割掩码中提取检测结果
2026-05-21 15:13:24 [INFO] 从掩码中提取了 555 个检测框
2026-05-21 15:13:24 [INFO] 检测到车兜区域，将过滤区域外的目标
2026-05-21 15:13:24 [INFO] 车兜区域过滤: 555 -> 178 个目标
2026-05-21 15:13:24 [INFO] 保存分割和检测结果到: C:\code\show\Scrap_Steel_In_Field\photos\segmentation\segment_20260521_151324.jpg
2026-05-21 15:13:24 [INFO] JSON结果保存到: C:\code\show\Scrap_Steel_In_Field\photos\segmentation_result.json
2026-05-21 15:13:24 [INFO] 类别统计：{1: 402006, 2: 38556, 3: 36, 4: 9108, 5: 61056, 6: 55152, 7: 30996, 8: 23292, 9: 44828, 10: 91080, 11: 432, 12: 118754, 13: 14431, 15: 9504}
2026-05-21 15:13:24 [INFO] 面积统计：{1: np.float64(402006.0), 2: np.float64(38556.0), 3: np.float64(36.0), 4: np.float64(9108.0), 5: np.float64(61056.0), 6: np.float64(55152.0), 7: np.float64(30996.0), 8: np.float64(23292.0), 9: np.float64(44828.0), 10: np.float64(91080.0), 11: np.float64(432.0), 12: np.float64(118754.0), 13: np.float64(14431.0), 15: np.float64(9504.0)}
2026-05-21 15:13:24 [INFO] 分割成功
2026-05-21 15:13:24 [INFO] 引擎上下文已释放
2026-05-21 15:13:24 [INFO] TensorRT 引擎已释放
2026-05-21 15:13:24 [INFO] 全局 CUDA 资源已释放
2026-05-21 15:13:24 [INFO] 分割系统资源已释放
2026-05-21 15:13:28 [INFO] CUDA 初始化成功
2026-05-21 15:13:28 [INFO] 引擎加载成功: scrap_steel.engine
2026-05-21 15:13:28 [INFO] 分割系统初始化成功
2026-05-21 15:13:28 [INFO] 图像预处理完成，原始尺寸: (2160, 3840)
2026-05-21 15:13:28 [INFO] 开始执行分割...
2026-05-21 15:13:28 [DEBUG] 处理后的检测结果形状: (1, 8400, 6)
2026-05-21 15:13:28 [DEBUG] 示例检测结果: [[-4.00778198e+00 -3.27793694e+00  3.87276344e+01  1.55872154e+01
   4.30796341e-08  5.00000000e+00]
 [-6.25377655e+00 -3.02099228e+00  4.40824432e+01  2.99654503e+01
   9.65933111e-09  9.00000000e+00]
 [-3.59309769e+00 -3.57985306e+00  4.56128006e+01  3.05221710e+01
   4.14676293e-09  9.00000000e+00]]
2026-05-21 15:13:28 [DEBUG] 处理后检测输出形状: (0, 52)
2026-05-21 15:13:28 [DEBUG] 有效检测数量: 0
2026-05-21 15:13:28 [DEBUG] 检测输出为空
2026-05-21 15:13:28 [INFO] 掩码中检测到的类别: [0, 1, 2, 3, 4, 5, 6, 7, 8, 9, 10, 11, 12, 13, 15]
2026-05-21 15:13:28 [INFO] 分割完成，检测到 0 个物体
2026-05-21 15:13:28 [INFO] 从分割掩码中提取检测结果
2026-05-21 15:13:28 [INFO] 从掩码中提取了 557 个检测框
2026-05-21 15:13:28 [INFO] 检测到车兜区域，将过滤区域外的目标
2026-05-21 15:13:28 [INFO] 车兜区域过滤: 557 -> 180 个目标
2026-05-21 15:13:29 [INFO] 保存分割和检测结果到: C:\code\show\Scrap_Steel_In_Field\photos\segmentation\segment_20260521_151328.jpg
2026-05-21 15:13:29 [INFO] JSON结果保存到: C:\code\show\Scrap_Steel_In_Field\photos\segmentation_result.json
2026-05-21 15:13:29 [INFO] 类别统计：{1: 382970, 2: 33876, 3: 1440, 4: 9288, 5: 61056, 6: 52164, 7: 27504, 8: 17820, 9: 41436, 10: 92664, 11: 288, 12: 128921, 13: 14656, 15: 9036}
2026-05-21 15:13:29 [INFO] 面积统计：{1: np.float64(382970.0), 2: np.float64(33876.0), 3: np.float64(1440.0), 4: np.float64(9288.0), 5: np.float64(61056.0), 6: np.float64(52164.0), 7: np.float64(27504.0), 8: np.float64(17820.0), 9: np.float64(41436.0), 10: np.float64(92664.0), 11: np.float64(288.0), 12: np.float64(128921.0), 13: np.float64(14656.0), 15: np.float64(9036.0)}
2026-05-21 15:13:29 [INFO] 分割成功
2026-05-21 15:13:29 [INFO] 引擎上下文已释放
2026-05-21 15:13:29 [INFO] TensorRT 引擎已释放
2026-05-21 15:13:29 [INFO] 全局 CUDA 资源已释放
2026-05-21 15:13:29 [INFO] 分割系统资源已释放
2026-05-21 15:13:33 [INFO] CUDA 初始化成功
2026-05-21 15:13:33 [INFO] 引擎加载成功: scrap_steel.engine
2026-05-21 15:13:33 [INFO] 分割系统初始化成功
2026-05-21 15:13:33 [INFO] 图像预处理完成，原始尺寸: (2160, 3840)
2026-05-21 15:13:33 [INFO] 开始执行分割...
2026-05-21 15:13:33 [DEBUG] 处理后的检测结果形状: (1, 8400, 6)
2026-05-21 15:13:33 [DEBUG] 示例检测结果: [[-4.00873566e+00 -3.27617931e+00  3.87786255e+01  1.55188608e+01
   4.35851888e-08  5.00000000e+00]
 [-6.24641037e+00 -3.01871395e+00  4.42191391e+01  2.99253540e+01
   9.77311032e-09  9.00000000e+00]
 [-3.61300278e+00 -3.56240463e+00  4.56462021e+01  3.05244026e+01
   4.21199076e-09  9.00000000e+00]]
2026-05-21 15:13:33 [DEBUG] 处理后检测输出形状: (0, 52)
2026-05-21 15:13:33 [DEBUG] 有效检测数量: 0
2026-05-21 15:13:33 [DEBUG] 检测输出为空
2026-05-21 15:13:33 [INFO] 掩码中检测到的类别: [0, 1, 2, 3, 4, 5, 6, 7, 8, 9, 10, 11, 12, 13, 15]
2026-05-21 15:13:33 [INFO] 分割完成，检测到 0 个物体
2026-05-21 15:13:33 [INFO] 从分割掩码中提取检测结果
2026-05-21 15:13:33 [INFO] 从掩码中提取了 579 个检测框
2026-05-21 15:13:34 [INFO] 检测到车兜区域，将过滤区域外的目标
2026-05-21 15:13:34 [INFO] 车兜区域过滤: 579 -> 187 个目标
2026-05-21 15:13:34 [INFO] 保存分割和检测结果到: C:\code\show\Scrap_Steel_In_Field\photos\segmentation\segment_20260521_151334.jpg
2026-05-21 15:13:34 [INFO] JSON结果保存到: C:\code\show\Scrap_Steel_In_Field\photos\segmentation_result.json
2026-05-21 15:13:34 [INFO] 类别统计：{1: 396969, 2: 32220, 3: 468, 4: 9108, 5: 67680, 6: 48888, 7: 29196, 8: 17100, 9: 46932, 10: 87768, 11: 612, 12: 114891, 13: 13592, 15: 10656}
2026-05-21 15:13:34 [INFO] 面积统计：{1: np.float64(396969.0), 2: np.float64(32220.0), 3: np.float64(468.0), 4: np.float64(9108.0), 5: np.float64(67680.0), 6: np.float64(48888.0), 7: np.float64(29196.0), 8: np.float64(17100.0), 9: np.float64(46932.0), 10: np.float64(87768.0), 11: np.float64(612.0), 12: np.float64(114891.0), 13: np.float64(13592.0), 15: np.float64(10656.0)}
2026-05-21 15:13:34 [INFO] 分割成功
2026-05-21 15:13:34 [INFO] 引擎上下文已释放
2026-05-21 15:13:34 [INFO] TensorRT 引擎已释放
2026-05-21 15:13:34 [INFO] 全局 CUDA 资源已释放
2026-05-21 15:13:34 [INFO] 分割系统资源已释放
2026-05-21 15:13:38 [INFO] CUDA 初始化成功
2026-05-21 15:13:38 [INFO] 引擎加载成功: scrap_steel.engine
2026-05-21 15:13:38 [INFO] 分割系统初始化成功
2026-05-21 15:13:38 [INFO] 图像预处理完成，原始尺寸: (2160, 3840)
2026-05-21 15:13:38 [INFO] 开始执行分割...
2026-05-21 15:13:38 [DEBUG] 处理后的检测结果形状: (1, 8400, 6)
2026-05-21 15:13:38 [DEBUG] 示例检测结果: [[-4.00603104e+00 -3.30034637e+00  3.88758011e+01  1.55698738e+01
   4.30608367e-08  5.00000000e+00]
 [-6.31224060e+00 -3.02904701e+00  4.42348099e+01  2.98990536e+01
   9.69694014e-09  9.00000000e+00]
 [-3.64113617e+00 -3.57732964e+00  4.56687698e+01  3.04852657e+01
   4.22652136e-09  9.00000000e+00]]
2026-05-21 15:13:38 [DEBUG] 处理后检测输出形状: (0, 52)
2026-05-21 15:13:38 [DEBUG] 有效检测数量: 0
2026-05-21 15:13:38 [DEBUG] 检测输出为空
2026-05-21 15:13:38 [INFO] 掩码中检测到的类别: [0, 1, 2, 3, 4, 5, 6, 7, 8, 9, 10, 11, 12, 13, 15]
2026-05-21 15:13:38 [INFO] 分割完成，检测到 0 个物体
2026-05-21 15:13:38 [INFO] 从分割掩码中提取检测结果
2026-05-21 15:13:39 [INFO] 从掩码中提取了 556 个检测框
2026-05-21 15:13:39 [INFO] 检测到车兜区域，将过滤区域外的目标
2026-05-21 15:13:39 [INFO] 车兜区域过滤: 556 -> 168 个目标
2026-05-21 15:13:39 [INFO] 保存分割和检测结果到: C:\code\show\Scrap_Steel_In_Field\photos\segmentation\segment_20260521_151339.jpg
2026-05-21 15:13:39 [INFO] JSON结果保存到: C:\code\show\Scrap_Steel_In_Field\photos\segmentation_result.json
2026-05-21 15:13:39 [INFO] 类别统计：{1: 398568, 2: 34920, 3: 216, 4: 8820, 5: 59040, 6: 48348, 7: 30996, 8: 15768, 9: 45435, 10: 88308, 11: 360, 12: 120563, 13: 15220, 15: 10728}
2026-05-21 15:13:39 [INFO] 面积统计：{1: np.float64(398568.0), 2: np.float64(34920.0), 3: np.float64(216.0), 4: np.float64(8820.0), 5: np.float64(59040.0), 6: np.float64(48348.0), 7: np.float64(30996.0), 8: np.float64(15768.0), 9: np.float64(45435.0), 10: np.float64(88308.0), 11: np.float64(360.0), 12: np.float64(120563.0), 13: np.float64(15220.0), 15: np.float64(10728.0)}
2026-05-21 15:13:39 [INFO] 分割成功
2026-05-21 15:13:39 [INFO] 引擎上下文已释放
2026-05-21 15:13:39 [INFO] TensorRT 引擎已释放
2026-05-21 15:13:39 [INFO] 全局 CUDA 资源已释放
2026-05-21 15:13:39 [INFO] 分割系统资源已释放
2026-05-21 15:13:43 [INFO] CUDA 初始化成功
2026-05-21 15:13:43 [INFO] 引擎加载成功: scrap_steel.engine
2026-05-21 15:13:43 [INFO] 分割系统初始化成功
2026-05-21 15:13:44 [INFO] 图像预处理完成，原始尺寸: (2160, 3840)
2026-05-21 15:13:44 [INFO] 开始执行分割...
2026-05-21 15:13:44 [DEBUG] 处理后的检测结果形状: (1, 8400, 6)
2026-05-21 15:13:44 [DEBUG] 示例检测结果: [[-3.98255157e+00 -3.28324223e+00  3.86936493e+01  1.55296850e+01
   4.18820711e-08  5.00000000e+00]
 [-6.23266983e+00 -3.05894470e+00  4.40743446e+01  2.99433823e+01
   9.47984446e-09  9.00000000e+00]
 [-3.57268524e+00 -3.59581947e+00  4.55739975e+01  3.04469013e+01
   4.11722390e-09  9.00000000e+00]]
2026-05-21 15:13:44 [DEBUG] 处理后检测输出形状: (0, 52)
2026-05-21 15:13:44 [DEBUG] 有效检测数量: 0
2026-05-21 15:13:44 [DEBUG] 检测输出为空
2026-05-21 15:13:44 [INFO] 掩码中检测到的类别: [0, 1, 2, 3, 4, 5, 6, 7, 8, 9, 10, 11, 12, 13, 15]
2026-05-21 15:13:44 [INFO] 分割完成，检测到 0 个物体
2026-05-21 15:13:44 [INFO] 从分割掩码中提取检测结果
2026-05-21 15:13:44 [INFO] 从掩码中提取了 548 个检测框
2026-05-21 15:13:44 [INFO] 检测到车兜区域，将过滤区域外的目标
2026-05-21 15:13:44 [INFO] 车兜区域过滤: 548 -> 172 个目标
2026-05-21 15:13:45 [INFO] 保存分割和检测结果到: C:\code\show\Scrap_Steel_In_Field\photos\segmentation\segment_20260521_151344.jpg
2026-05-21 15:13:45 [INFO] JSON结果保存到: C:\code\show\Scrap_Steel_In_Field\photos\segmentation_result.json
2026-05-21 15:13:45 [INFO] 类别统计：{1: 388147, 2: 32580, 3: 396, 4: 11340, 5: 57420, 6: 52020, 7: 32256, 8: 16200, 9: 39959, 10: 87480, 11: 324, 12: 131523, 13: 14412, 15: 10764}
2026-05-21 15:13:45 [INFO] 面积统计：{1: np.float64(388147.0), 2: np.float64(32580.0), 3: np.float64(396.0), 4: np.float64(11340.0), 5: np.float64(57420.0), 6: np.float64(52020.0), 7: np.float64(32256.0), 8: np.float64(16200.0), 9: np.float64(39959.0), 10: np.float64(87480.0), 11: np.float64(324.0), 12: np.float64(131523.0), 13: np.float64(14412.0), 15: np.float64(10764.0)}
2026-05-21 15:13:45 [INFO] 分割成功
2026-05-21 15:13:45 [INFO] 引擎上下文已释放
2026-05-21 15:13:45 [INFO] TensorRT 引擎已释放
2026-05-21 15:13:45 [INFO] 全局 CUDA 资源已释放
2026-05-21 15:13:45 [INFO] 分割系统资源已释放
2026-05-21 15:13:48 [INFO] CUDA 初始化成功
2026-05-21 15:13:48 [INFO] 引擎加载成功: scrap_steel.engine
2026-05-21 15:13:48 [INFO] 分割系统初始化成功
2026-05-21 15:13:49 [INFO] 图像预处理完成，原始尺寸: (2160, 3840)
2026-05-21 15:13:49 [INFO] 开始执行分割...
2026-05-21 15:13:49 [DEBUG] 处理后的检测结果形状: (1, 8400, 6)
2026-05-21 15:13:49 [DEBUG] 示例检测结果: [[-4.00705338e+00 -3.27890491e+00  3.87872353e+01  1.54625540e+01
   4.37479777e-08  5.00000000e+00]
 [-6.25792694e+00 -3.01835728e+00  4.41859932e+01  2.98902664e+01
   9.73141567e-09  9.00000000e+00]
 [-3.59099197e+00 -3.57863808e+00  4.56189613e+01  3.05196857e+01
   4.20819646e-09  9.00000000e+00]]
2026-05-21 15:13:49 [DEBUG] 处理后检测输出形状: (0, 52)
2026-05-21 15:13:49 [DEBUG] 有效检测数量: 0
2026-05-21 15:13:49 [DEBUG] 检测输出为空
2026-05-21 15:13:49 [INFO] 掩码中检测到的类别: [0, 1, 2, 3, 4, 5, 6, 7, 8, 9, 10, 11, 12, 13, 15]
2026-05-21 15:13:49 [INFO] 分割完成，检测到 0 个物体
2026-05-21 15:13:49 [INFO] 从分割掩码中提取检测结果
2026-05-21 15:13:49 [INFO] 从掩码中提取了 445 个检测框
2026-05-21 15:13:49 [INFO] 检测到车兜区域，将过滤区域外的目标
2026-05-21 15:13:49 [INFO] 车兜区域过滤: 445 -> 165 个目标
2026-05-21 15:13:50 [INFO] 保存分割和检测结果到: C:\code\show\Scrap_Steel_In_Field\photos\segmentation\segment_20260521_151349.jpg
2026-05-21 15:13:50 [INFO] JSON结果保存到: C:\code\show\Scrap_Steel_In_Field\photos\segmentation_result.json
2026-05-21 15:13:50 [INFO] 类别统计：{1: 405084, 2: 33336, 3: 432, 4: 6444, 5: 61308, 6: 59473, 7: 32652, 8: 16776, 9: 38056, 10: 85572, 11: 396, 12: 111483, 13: 13919, 15: 10944}
2026-05-21 15:13:50 [INFO] 面积统计：{1: np.float64(405084.0), 2: np.float64(33336.0), 3: np.float64(432.0), 4: np.float64(6444.0), 5: np.float64(61308.0), 6: np.float64(59473.0), 7: np.float64(32652.0), 8: np.float64(16776.0), 9: np.float64(38056.0), 10: np.float64(85572.0), 11: np.float64(396.0), 12: np.float64(111483.0), 13: np.float64(13919.0), 15: np.float64(10944.0)}
2026-05-21 15:13:50 [INFO] 分割成功
2026-05-21 15:13:50 [INFO] 引擎上下文已释放
2026-05-21 15:13:50 [INFO] TensorRT 引擎已释放
2026-05-21 15:13:50 [INFO] 全局 CUDA 资源已释放
2026-05-21 15:13:50 [INFO] 分割系统资源已释放
2026-05-21 15:13:54 [INFO] CUDA 初始化成功
2026-05-21 15:13:54 [INFO] 引擎加载成功: scrap_steel.engine
2026-05-21 15:13:54 [INFO] 分割系统初始化成功
2026-05-21 15:13:54 [INFO] 图像预处理完成，原始尺寸: (2160, 3840)
2026-05-21 15:13:54 [INFO] 开始执行分割...
2026-05-21 15:13:54 [DEBUG] 处理后的检测结果形状: (1, 8400, 6)
2026-05-21 15:13:54 [DEBUG] 示例检测结果: [[-3.99197006e+00 -3.28021765e+00  3.87724152e+01  1.55170155e+01
   4.28936922e-08  5.00000000e+00]
 [-6.26552582e+00 -3.03190231e+00  4.41269684e+01  2.99570465e+01
   9.73502523e-09  9.00000000e+00]
 [-3.59476089e+00 -3.57942390e+00  4.56365433e+01  3.05209599e+01
   4.21009361e-09  9.00000000e+00]]
2026-05-21 15:13:54 [DEBUG] 处理后检测输出形状: (0, 52)
2026-05-21 15:13:54 [DEBUG] 有效检测数量: 0
2026-05-21 15:13:54 [DEBUG] 检测输出为空
2026-05-21 15:13:54 [INFO] 掩码中检测到的类别: [0, 1, 2, 3, 4, 5, 6, 7, 8, 9, 10, 11, 12, 13, 15]
2026-05-21 15:13:54 [INFO] 分割完成，检测到 0 个物体
2026-05-21 15:13:54 [INFO] 从分割掩码中提取检测结果
2026-05-21 15:13:55 [INFO] 从掩码中提取了 459 个检测框
2026-05-21 15:13:55 [INFO] 检测到车兜区域，将过滤区域外的目标
2026-05-21 15:13:55 [INFO] 车兜区域过滤: 459 -> 162 个目标
2026-05-21 15:13:57 [INFO] 保存分割和检测结果到: C:\code\show\Scrap_Steel_In_Field\photos\segmentation\segment_20260521_151356.jpg
2026-05-21 15:13:57 [INFO] JSON结果保存到: C:\code\show\Scrap_Steel_In_Field\photos\segmentation_result.json
2026-05-21 15:13:57 [INFO] 类别统计：{1: 388795, 2: 33660, 3: 72, 4: 9396, 5: 59472, 6: 48816, 7: 32940, 8: 17568, 9: 43937, 10: 94788, 11: 216, 12: 118547, 13: 14219, 15: 9792}
2026-05-21 15:13:57 [INFO] 面积统计：{1: np.float64(388795.0), 2: np.float64(33660.0), 3: np.float64(72.0), 4: np.float64(9396.0), 5: np.float64(59472.0), 6: np.float64(48816.0), 7: np.float64(32940.0), 8: np.float64(17568.0), 9: np.float64(43937.0), 10: np.float64(94788.0), 11: np.float64(216.0), 12: np.float64(118547.0), 13: np.float64(14219.0), 15: np.float64(9792.0)}
2026-05-21 15:13:57 [INFO] 分割成功
2026-05-21 15:13:57 [INFO] 引擎上下文已释放
2026-05-21 15:13:57 [INFO] TensorRT 引擎已释放
2026-05-21 15:13:57 [INFO] 全局 CUDA 资源已释放
2026-05-21 15:13:57 [INFO] 分割系统资源已释放
2026-05-21 15:14:01 [INFO] CUDA 初始化成功
2026-05-21 15:14:01 [INFO] 引擎加载成功: scrap_steel.engine
2026-05-21 15:14:01 [INFO] 分割系统初始化成功
2026-05-21 15:14:01 [INFO] 图像预处理完成，原始尺寸: (2160, 3840)
2026-05-21 15:14:01 [INFO] 开始执行分割...
2026-05-21 15:14:01 [DEBUG] 处理后的检测结果形状: (1, 8400, 6)
2026-05-21 15:14:01 [DEBUG] 示例检测结果: [[-4.00571060e+00 -3.25904274e+00  3.88171921e+01  1.54321327e+01
   4.34102212e-08  5.00000000e+00]
 [-6.29987335e+00 -3.01087284e+00  4.42556381e+01  2.98815956e+01
   9.84604398e-09  9.00000000e+00]
 [-3.60541534e+00 -3.52570629e+00  4.56642075e+01  3.05240135e+01
   4.40056169e-09  9.00000000e+00]]
2026-05-21 15:14:01 [DEBUG] 处理后检测输出形状: (0, 52)
2026-05-21 15:14:01 [DEBUG] 有效检测数量: 0
2026-05-21 15:14:01 [DEBUG] 检测输出为空
2026-05-21 15:14:01 [INFO] 掩码中检测到的类别: [0, 1, 2, 3, 4, 5, 6, 7, 8, 9, 10, 11, 12, 13, 15]
2026-05-21 15:14:01 [INFO] 分割完成，检测到 0 个物体
2026-05-21 15:14:01 [INFO] 从分割掩码中提取检测结果
2026-05-21 15:14:01 [INFO] 从掩码中提取了 471 个检测框
2026-05-21 15:14:01 [INFO] 检测到车兜区域，将过滤区域外的目标
2026-05-21 15:14:01 [INFO] 车兜区域过滤: 471 -> 171 个目标
2026-05-21 15:14:02 [INFO] 保存分割和检测结果到: C:\code\show\Scrap_Steel_In_Field\photos\segmentation\segment_20260521_151401.jpg
2026-05-21 15:14:02 [INFO] JSON结果保存到: C:\code\show\Scrap_Steel_In_Field\photos\segmentation_result.json
2026-05-21 15:14:02 [INFO] 类别统计：{1: 356524, 2: 35496, 3: 324, 4: 8388, 5: 63180, 6: 60306, 7: 29916, 8: 18252, 9: 40538, 10: 90576, 11: 576, 12: 120259, 13: 15148, 15: 9288}
2026-05-21 15:14:02 [INFO] 面积统计：{1: np.float64(356524.0), 2: np.float64(35496.0), 3: np.float64(324.0), 4: np.float64(8388.0), 5: np.float64(63180.0), 6: np.float64(60306.0), 7: np.float64(29916.0), 8: np.float64(18252.0), 9: np.float64(40538.0), 10: np.float64(90576.0), 11: np.float64(576.0), 12: np.float64(120259.0), 13: np.float64(15148.0), 15: np.float64(9288.0)}
2026-05-21 15:14:02 [INFO] 分割成功
2026-05-21 15:14:02 [INFO] 引擎上下文已释放
2026-05-21 15:14:02 [INFO] TensorRT 引擎已释放
2026-05-21 15:14:02 [INFO] 全局 CUDA 资源已释放
2026-05-21 15:14:02 [INFO] 分割系统资源已释放
2026-05-21 15:14:06 [INFO] CUDA 初始化成功
2026-05-21 15:14:06 [INFO] 引擎加载成功: scrap_steel.engine
2026-05-21 15:14:06 [INFO] 分割系统初始化成功
2026-05-21 15:14:06 [INFO] 图像预处理完成，原始尺寸: (2160, 3840)
2026-05-21 15:14:06 [INFO] 开始执行分割...
2026-05-21 15:14:06 [DEBUG] 处理后的检测结果形状: (1, 8400, 6)
2026-05-21 15:14:06 [DEBUG] 示例检测结果: [[-3.99614334e+00 -3.25783157e+00  3.87535820e+01  1.55128613e+01
   4.37349250e-08  5.00000000e+00]
 [-6.24701309e+00 -3.01994896e+00  4.41629295e+01  2.98772449e+01
   9.96259075e-09  9.00000000e+00]
 [-3.60801697e+00 -3.55057907e+00  4.56374207e+01  3.05307655e+01
   4.35859349e-09  9.00000000e+00]]
2026-05-21 15:14:06 [DEBUG] 处理后检测输出形状: (0, 52)
2026-05-21 15:14:06 [DEBUG] 有效检测数量: 0
2026-05-21 15:14:06 [DEBUG] 检测输出为空
2026-05-21 15:14:06 [INFO] 掩码中检测到的类别: [0, 1, 2, 3, 4, 5, 6, 7, 8, 9, 10, 11, 12, 13, 15]
2026-05-21 15:14:06 [INFO] 分割完成，检测到 0 个物体
2026-05-21 15:14:06 [INFO] 从分割掩码中提取检测结果
2026-05-21 15:14:07 [INFO] 从掩码中提取了 475 个检测框
2026-05-21 15:14:07 [INFO] 检测到车兜区域，将过滤区域外的目标
2026-05-21 15:14:07 [INFO] 车兜区域过滤: 475 -> 173 个目标
2026-05-21 15:14:07 [INFO] 保存分割和检测结果到: C:\code\show\Scrap_Steel_In_Field\photos\segmentation\segment_20260521_151407.jpg
2026-05-21 15:14:07 [INFO] JSON结果保存到: C:\code\show\Scrap_Steel_In_Field\photos\segmentation_result.json
2026-05-21 15:14:07 [INFO] 类别统计：{1: 366967, 2: 36504, 4: 5472, 5: 57744, 6: 59652, 7: 29556, 8: 20628, 9: 39838, 10: 89820, 11: 144, 12: 120734, 13: 14003, 15: 10944}
2026-05-21 15:14:07 [INFO] 面积统计：{1: np.float64(366967.0), 2: np.float64(36504.0), 4: np.float64(5472.0), 5: np.float64(57744.0), 6: np.float64(59652.0), 7: np.float64(29556.0), 8: np.float64(20628.0), 9: np.float64(39838.0), 10: np.float64(89820.0), 11: np.float64(144.0), 12: np.float64(120734.0), 13: np.float64(14003.0), 15: np.float64(10944.0)}
2026-05-21 15:14:07 [INFO] 分割成功
2026-05-21 15:14:07 [INFO] 引擎上下文已释放
2026-05-21 15:14:07 [INFO] TensorRT 引擎已释放
2026-05-21 15:14:07 [INFO] 全局 CUDA 资源已释放
2026-05-21 15:14:07 [INFO] 分割系统资源已释放
2026-05-21 15:14:12 [INFO] CUDA 初始化成功
2026-05-21 15:14:12 [INFO] 引擎加载成功: scrap_steel.engine
2026-05-21 15:14:12 [INFO] 分割系统初始化成功
2026-05-21 15:14:12 [INFO] 图像预处理完成，原始尺寸: (2160, 3840)
2026-05-21 15:14:12 [INFO] 开始执行分割...
2026-05-21 15:14:12 [DEBUG] 处理后的检测结果形状: (1, 8400, 6)
2026-05-21 15:14:12 [DEBUG] 示例检测结果: [[-3.97656631e+00 -3.25261354e+00  3.86910057e+01  1.54043961e+01
   4.47923441e-08  5.00000000e+00]
 [-6.24392319e+00 -2.99601650e+00  4.41966171e+01  2.97742615e+01
   9.92374183e-09  9.00000000e+00]
 [-3.61515045e+00 -3.58955002e+00  4.56048050e+01  3.05030022e+01
   4.30559055e-09  9.00000000e+00]]
2026-05-21 15:14:12 [DEBUG] 处理后检测输出形状: (0, 52)
2026-05-21 15:14:12 [DEBUG] 有效检测数量: 0
2026-05-21 15:14:12 [DEBUG] 检测输出为空
2026-05-21 15:14:12 [INFO] 掩码中检测到的类别: [0, 1, 2, 3, 4, 5, 6, 7, 8, 9, 10, 11, 12, 13, 15]
2026-05-21 15:14:12 [INFO] 分割完成，检测到 0 个物体
2026-05-21 15:14:12 [INFO] 从分割掩码中提取检测结果
2026-05-21 15:14:12 [INFO] 从掩码中提取了 453 个检测框
2026-05-21 15:14:12 [INFO] 检测到车兜区域，将过滤区域外的目标
2026-05-21 15:14:12 [INFO] 车兜区域过滤: 453 -> 169 个目标
2026-05-21 15:14:13 [INFO] 保存分割和检测结果到: C:\code\show\Scrap_Steel_In_Field\photos\segmentation\segment_20260521_151412.jpg
2026-05-21 15:14:13 [INFO] JSON结果保存到: C:\code\show\Scrap_Steel_In_Field\photos\segmentation_result.json
2026-05-21 15:14:13 [INFO] 类别统计：{1: 376137, 2: 38484, 3: 540, 4: 7488, 5: 64872, 6: 60984, 7: 30600, 8: 17316, 9: 42535, 10: 89064, 11: 684, 12: 114324, 13: 13745, 15: 12132}
2026-05-21 15:14:13 [INFO] 面积统计：{1: np.float64(376137.0), 2: np.float64(38484.0), 3: np.float64(540.0), 4: np.float64(7488.0), 5: np.float64(64872.0), 6: np.float64(60984.0), 7: np.float64(30600.0), 8: np.float64(17316.0), 9: np.float64(42535.0), 10: np.float64(89064.0), 11: np.float64(684.0), 12: np.float64(114324.0), 13: np.float64(13745.0), 15: np.float64(12132.0)}
2026-05-21 15:14:13 [INFO] 分割成功
2026-05-21 15:14:13 [INFO] 引擎上下文已释放
2026-05-21 15:14:13 [INFO] TensorRT 引擎已释放
2026-05-21 15:14:13 [INFO] 全局 CUDA 资源已释放
2026-05-21 15:14:13 [INFO] 分割系统资源已释放
2026-05-21 15:14:17 [INFO] CUDA 初始化成功
2026-05-21 15:14:17 [INFO] 引擎加载成功: scrap_steel.engine
2026-05-21 15:14:17 [INFO] 分割系统初始化成功
2026-05-21 15:14:17 [INFO] 图像预处理完成，原始尺寸: (2160, 3840)
2026-05-21 15:14:17 [INFO] 开始执行分割...
2026-05-21 15:14:17 [DEBUG] 处理后的检测结果形状: (1, 8400, 6)
2026-05-21 15:14:17 [DEBUG] 示例检测结果: [[-3.84785843e+00 -3.07962322e+00  3.85473938e+01  1.51412344e+01
   3.37942438e-08  5.00000000e+00]
 [-5.89117813e+00 -2.81679058e+00  4.41866722e+01  2.91907387e+01
   8.65887362e-09  9.00000000e+00]
 [-3.30623627e+00 -3.10804081e+00  4.54551849e+01  2.94030037e+01
   4.23737401e-09  9.00000000e+00]]
2026-05-21 15:14:17 [DEBUG] 处理后检测输出形状: (0, 52)
2026-05-21 15:14:17 [DEBUG] 有效检测数量: 0
2026-05-21 15:14:17 [DEBUG] 检测输出为空
2026-05-21 15:14:17 [INFO] 掩码中检测到的类别: [0, 1, 2, 3, 4, 5, 6, 7, 8, 9, 10, 11, 12, 13, 15]
2026-05-21 15:14:17 [INFO] 分割完成，检测到 0 个物体
2026-05-21 15:14:17 [INFO] 从分割掩码中提取检测结果
2026-05-21 15:14:17 [INFO] 从掩码中提取了 529 个检测框
2026-05-21 15:14:17 [INFO] 检测到车兜区域，将过滤区域外的目标
2026-05-21 15:14:17 [INFO] 车兜区域过滤: 529 -> 171 个目标
2026-05-21 15:14:18 [INFO] 保存分割和检测结果到: C:\code\show\Scrap_Steel_In_Field\photos\segmentation\segment_20260521_151417.jpg
2026-05-21 15:14:18 [INFO] JSON结果保存到: C:\code\show\Scrap_Steel_In_Field\photos\segmentation_result.json
2026-05-21 15:14:18 [INFO] 类别统计：{1: 358578, 2: 37584, 3: 2412, 4: 9108, 5: 69084, 6: 46116, 7: 25632, 8: 17496, 9: 33229, 10: 88164, 11: 684, 12: 111564, 13: 14080, 15: 10656}
2026-05-21 15:14:18 [INFO] 面积统计：{1: np.float64(358578.0), 2: np.float64(37584.0), 3: np.float64(2412.0), 4: np.float64(9108.0), 5: np.float64(69084.0), 6: np.float64(46116.0), 7: np.float64(25632.0), 8: np.float64(17496.0), 9: np.float64(33229.0), 10: np.float64(88164.0), 11: np.float64(684.0), 12: np.float64(111564.0), 13: np.float64(14080.0), 15: np.float64(10656.0)}
2026-05-21 15:14:18 [INFO] 分割成功
2026-05-21 15:14:18 [INFO] 引擎上下文已释放
2026-05-21 15:14:18 [INFO] TensorRT 引擎已释放
2026-05-21 15:14:18 [INFO] 全局 CUDA 资源已释放
2026-05-21 15:14:18 [INFO] 分割系统资源已释放
2026-05-21 15:14:22 [INFO] CUDA 初始化成功
2026-05-21 15:14:22 [INFO] 引擎加载成功: scrap_steel.engine
2026-05-21 15:14:22 [INFO] 分割系统初始化成功
2026-05-21 15:14:22 [INFO] 图像预处理完成，原始尺寸: (2160, 3840)
2026-05-21 15:14:22 [INFO] 开始执行分割...
2026-05-21 15:14:22 [DEBUG] 处理后的检测结果形状: (1, 8400, 6)
2026-05-21 15:14:22 [DEBUG] 示例检测结果: [[-4.04229736e+00 -3.26504517e+00  3.87449570e+01  1.50802326e+01
   4.53355469e-08  5.00000000e+00]
 [-6.39077759e+00 -3.01967239e+00  4.42694740e+01  2.94277573e+01
   9.98074157e-09  9.00000000e+00]
 [-3.66085052e+00 -3.59995270e+00  4.56805496e+01  3.02791023e+01
   4.41131132e-09  9.00000000e+00]]
2026-05-21 15:14:22 [DEBUG] 处理后检测输出形状: (0, 52)
2026-05-21 15:14:22 [DEBUG] 有效检测数量: 0
2026-05-21 15:14:22 [DEBUG] 检测输出为空
2026-05-21 15:14:22 [INFO] 掩码中检测到的类别: [0, 1, 2, 3, 4, 5, 6, 7, 8, 9, 10, 11, 12, 13, 15]
2026-05-21 15:14:22 [INFO] 分割完成，检测到 0 个物体
2026-05-21 15:14:22 [INFO] 从分割掩码中提取检测结果
2026-05-21 15:14:23 [INFO] 从掩码中提取了 378 个检测框
2026-05-21 15:14:25 [INFO] 保存分割和检测结果到: C:\code\show\Scrap_Steel_In_Field\photos\segmentation\segment_20260521_151423.jpg
2026-05-21 15:14:25 [INFO] JSON结果保存到: C:\code\show\Scrap_Steel_In_Field\photos\segmentation_result.json
2026-05-21 15:14:25 [INFO] 类别统计：{0: 8, 1: 39, 2: 11, 3: 16, 4: 9, 5: 22, 6: 14, 7: 27, 8: 34, 9: 39, 10: 10, 11: 23, 12: 9, 13: 94, 14: 0, 15: 23}
2026-05-21 15:14:25 [INFO] 面积统计：{0: np.float64(2693124.0), 1: np.float64(439488.0), 2: np.float64(43596.0), 3: np.float64(282024.0), 4: np.float64(39168.0), 5: np.float64(65700.0), 6: np.float64(527940.0), 7: np.float64(55116.0), 8: np.float64(995364.0), 9: np.float64(144180.0), 10: np.float64(170964.0), 11: np.float64(224424.0), 12: np.float64(62640.0), 13: np.float64(864000.0), 15: np.float64(248076.0)}
2026-05-21 15:14:25 [INFO] 分割成功
2026-05-21 15:14:25 [INFO] 引擎上下文已释放
2026-05-21 15:14:25 [INFO] TensorRT 引擎已释放
2026-05-21 15:14:25 [INFO] 全局 CUDA 资源已释放
2026-05-21 15:14:25 [INFO] 分割系统资源已释放
2026-05-21 15:14:29 [INFO] CUDA 初始化成功
2026-05-21 15:14:29 [INFO] 引擎加载成功: scrap_steel.engine
2026-05-21 15:14:29 [INFO] 分割系统初始化成功
2026-05-21 15:14:29 [INFO] 图像预处理完成，原始尺寸: (2160, 3840)
2026-05-21 15:14:29 [INFO] 开始执行分割...
2026-05-21 15:14:29 [DEBUG] 处理后的检测结果形状: (1, 8400, 6)
2026-05-21 15:14:29 [DEBUG] 示例检测结果: [[-4.28826523e+00 -3.33819771e+00  3.89195824e+01  1.57204189e+01
   4.30608367e-08  5.00000000e+00]
 [-6.72914886e+00 -3.18947124e+00  4.40324936e+01  2.99910240e+01
   1.00363877e-08  9.00000000e+00]
 [-3.67254639e+00 -3.59875679e+00  4.58123169e+01  3.02608242e+01
   4.50488535e-09  9.00000000e+00]]
2026-05-21 15:14:29 [DEBUG] 处理后检测输出形状: (0, 52)
2026-05-21 15:14:29 [DEBUG] 有效检测数量: 0
2026-05-21 15:14:29 [DEBUG] 检测输出为空
2026-05-21 15:14:29 [INFO] 掩码中检测到的类别: [0, 1, 2, 3, 4, 5, 6, 7, 8, 9, 10, 11, 12, 13, 15]
2026-05-21 15:14:29 [INFO] 分割完成，检测到 0 个物体
2026-05-21 15:14:29 [INFO] 从分割掩码中提取检测结果
2026-05-21 15:14:29 [INFO] 从掩码中提取了 559 个检测框
2026-05-21 15:14:30 [INFO] 保存分割和检测结果到: C:\code\show\Scrap_Steel_In_Field\photos\segmentation\segment_20260521_151429.jpg
2026-05-21 15:14:30 [INFO] JSON结果保存到: C:\code\show\Scrap_Steel_In_Field\photos\segmentation_result.json
2026-05-21 15:14:30 [INFO] 类别统计：{0: 35, 1: 45, 2: 32, 3: 6, 4: 24, 5: 50, 6: 38, 7: 45, 8: 53, 9: 54, 10: 24, 11: 29, 12: 22, 13: 91, 14: 0, 15: 11}
2026-05-21 15:14:30 [INFO] 面积统计：{0: np.float64(2671272.0), 1: np.float64(516600.0), 2: np.float64(116280.0), 3: np.float64(158760.0), 4: np.float64(90036.0), 5: np.float64(143316.0), 6: np.float64(555696.0), 7: np.float64(68832.0), 8: np.float64(1079640.0), 9: np.float64(477144.0), 10: np.float64(157212.0), 11: np.float64(272880.0), 12: np.float64(349308.0), 13: np.float64(672876.0), 15: np.float64(143352.0)}
2026-05-21 15:14:30 [INFO] 分割成功
2026-05-21 15:14:30 [INFO] 引擎上下文已释放
2026-05-21 15:14:30 [INFO] TensorRT 引擎已释放
2026-05-21 15:14:30 [INFO] 全局 CUDA 资源已释放
2026-05-21 15:14:30 [INFO] 分割系统资源已释放
2026-05-21 15:14:34 [INFO] CUDA 初始化成功
2026-05-21 15:14:34 [INFO] 引擎加载成功: scrap_steel.engine
2026-05-21 15:14:34 [INFO] 分割系统初始化成功
2026-05-21 15:14:34 [INFO] 图像预处理完成，原始尺寸: (2160, 3840)
2026-05-21 15:14:34 [INFO] 开始执行分割...
2026-05-21 15:14:34 [DEBUG] 处理后的检测结果形状: (1, 8400, 6)
2026-05-21 15:14:34 [DEBUG] 示例检测结果: [[-4.04609680e+00 -3.26787281e+00  3.87295189e+01  1.51636362e+01
   4.41019594e-08  5.00000000e+00]
 [-6.37697983e+00 -3.03498840e+00  4.42308235e+01  2.94958115e+01
   9.88032411e-09  9.00000000e+00]
 [-3.63084412e+00 -3.57649040e+00  4.56559715e+01  3.02276478e+01
   4.32225988e-09  9.00000000e+00]]
2026-05-21 15:14:34 [DEBUG] 处理后检测输出形状: (0, 52)
2026-05-21 15:14:34 [DEBUG] 有效检测数量: 0
2026-05-21 15:14:34 [DEBUG] 检测输出为空
2026-05-21 15:14:34 [INFO] 掩码中检测到的类别: [0, 1, 2, 3, 4, 5, 6, 7, 8, 9, 10, 11, 12, 13, 15]
2026-05-21 15:14:34 [INFO] 分割完成，检测到 0 个物体
2026-05-21 15:14:34 [INFO] 从分割掩码中提取检测结果
2026-05-21 15:14:34 [INFO] 从掩码中提取了 453 个检测框
2026-05-21 15:14:35 [INFO] 保存分割和检测结果到: C:\code\show\Scrap_Steel_In_Field\photos\segmentation\segment_20260521_151434.jpg
2026-05-21 15:14:35 [INFO] JSON结果保存到: C:\code\show\Scrap_Steel_In_Field\photos\segmentation_result.json
2026-05-21 15:14:35 [INFO] 类别统计：{0: 19, 1: 55, 2: 15, 3: 14, 4: 14, 5: 31, 6: 21, 7: 28, 8: 27, 9: 43, 10: 16, 11: 25, 12: 18, 13: 99, 14: 0, 15: 28}
2026-05-21 15:14:35 [INFO] 面积统计：{0: np.float64(2383668.0), 1: np.float64(456552.0), 2: np.float64(63864.0), 3: np.float64(308988.0), 4: np.float64(101376.0), 5: np.float64(84564.0), 6: np.float64(619992.0), 7: np.float64(78660.0), 8: np.float64(844812.0), 9: np.float64(189792.0), 10: np.float64(129132.0), 11: np.float64(243756.0), 12: np.float64(207684.0), 13: np.float64(785196.0), 15: np.float64(233208.0)}
2026-05-21 15:14:35 [INFO] 分割成功
2026-05-21 15:14:35 [INFO] 引擎上下文已释放
2026-05-21 15:14:35 [INFO] TensorRT 引擎已释放
2026-05-21 15:14:35 [INFO] 全局 CUDA 资源已释放
2026-05-21 15:14:35 [INFO] 分割系统资源已释放
2026-05-21 15:14:40 [INFO] CUDA 初始化成功
2026-05-21 15:14:40 [INFO] 引擎加载成功: scrap_steel.engine
2026-05-21 15:14:40 [INFO] 分割系统初始化成功
2026-05-21 15:14:40 [INFO] 图像预处理完成，原始尺寸: (2160, 3840)
2026-05-21 15:14:40 [INFO] 开始执行分割...
2026-05-21 15:14:40 [DEBUG] 处理后的检测结果形状: (1, 8400, 6)
2026-05-21 15:14:40 [DEBUG] 示例检测结果: [[-4.07114029e+00 -3.27977419e+00  4.00474625e+01  1.56759720e+01
   4.59524649e-08  5.00000000e+00]
 [-6.10568237e+00 -2.90962410e+00  4.47455750e+01  3.04926167e+01
   1.00734354e-08  9.00000000e+00]
 [-3.29380035e+00 -3.27887154e+00  4.58649826e+01  3.08597660e+01
   4.51212934e-09  9.00000000e+00]]
2026-05-21 15:14:40 [DEBUG] 处理后检测输出形状: (0, 52)
2026-05-21 15:14:40 [DEBUG] 有效检测数量: 0
2026-05-21 15:14:40 [DEBUG] 检测输出为空
2026-05-21 15:14:40 [INFO] 掩码中检测到的类别: [0, 1, 2, 3, 4, 5, 6, 7, 8, 9, 10, 11, 12, 13, 15]
2026-05-21 15:14:40 [INFO] 分割完成，检测到 0 个物体
2026-05-21 15:14:40 [INFO] 从分割掩码中提取检测结果
2026-05-21 15:14:41 [INFO] 从掩码中提取了 465 个检测框
2026-05-21 15:14:41 [INFO] 保存分割和检测结果到: C:\code\show\Scrap_Steel_In_Field\photos\segmentation\segment_20260521_151441.jpg
2026-05-21 15:14:41 [INFO] JSON结果保存到: C:\code\show\Scrap_Steel_In_Field\photos\segmentation_result.json
2026-05-21 15:14:41 [INFO] 类别统计：{0: 18, 1: 50, 2: 23, 3: 20, 4: 22, 5: 42, 6: 39, 7: 28, 8: 56, 9: 34, 10: 13, 11: 18, 12: 12, 13: 74, 14: 0, 15: 16}
2026-05-21 15:14:41 [INFO] 面积统计：{0: np.float64(2757420.0), 1: np.float64(434376.0), 2: np.float64(91944.0), 3: np.float64(363996.0), 4: np.float64(101772.0), 5: np.float64(126864.0), 6: np.float64(537696.0), 7: np.float64(44964.0), 8: np.float64(922788.0), 9: np.float64(320436.0), 10: np.float64(156996.0), 11: np.float64(213408.0), 12: np.float64(314604.0), 13: np.float64(647784.0), 15: np.float64(93852.0)}
2026-05-21 15:14:41 [INFO] 分割成功
2026-05-21 15:14:41 [INFO] 引擎上下文已释放
2026-05-21 15:14:41 [INFO] TensorRT 引擎已释放
2026-05-21 15:14:41 [INFO] 全局 CUDA 资源已释放
2026-05-21 15:14:41 [INFO] 分割系统资源已释放
2026-05-21 15:14:45 [INFO] CUDA 初始化成功
2026-05-21 15:14:45 [INFO] 引擎加载成功: scrap_steel.engine
2026-05-21 15:14:45 [INFO] 分割系统初始化成功
2026-05-21 15:14:45 [INFO] 图像预处理完成，原始尺寸: (2160, 3840)
2026-05-21 15:14:45 [INFO] 开始执行分割...
2026-05-21 15:14:45 [DEBUG] 处理后的检测结果形状: (1, 8400, 6)
2026-05-21 15:14:45 [DEBUG] 示例检测结果: [[-4.00736618e+00 -3.28581142e+00  3.88269463e+01  1.56213865e+01
   4.44328236e-08  5.00000000e+00]
 [-6.28374100e+00 -3.01688766e+00  4.42166901e+01  2.99886971e+01
   9.88489290e-09  9.00000000e+00]
 [-3.63404846e+00 -3.58918953e+00  4.56409836e+01  3.05823269e+01
   4.27439062e-09  9.00000000e+00]]
2026-05-21 15:14:45 [DEBUG] 处理后检测输出形状: (0, 52)
2026-05-21 15:14:45 [DEBUG] 有效检测数量: 0
2026-05-21 15:14:45 [DEBUG] 检测输出为空
2026-05-21 15:14:45 [INFO] 掩码中检测到的类别: [0, 1, 2, 3, 4, 5, 6, 7, 8, 9, 10, 11, 12, 13, 15]
2026-05-21 15:14:45 [INFO] 分割完成，检测到 0 个物体
2026-05-21 15:14:45 [INFO] 从分割掩码中提取检测结果
2026-05-21 15:14:46 [INFO] 从掩码中提取了 456 个检测框
2026-05-21 15:14:46 [INFO] 检测到车兜区域，将过滤区域外的目标
2026-05-21 15:14:46 [INFO] 车兜区域过滤: 456 -> 157 个目标
2026-05-21 15:14:46 [INFO] 保存分割和检测结果到: C:\code\show\Scrap_Steel_In_Field\photos\segmentation\segment_20260521_151446.jpg
2026-05-21 15:14:46 [INFO] JSON结果保存到: C:\code\show\Scrap_Steel_In_Field\photos\segmentation_result.json
2026-05-21 15:14:46 [INFO] 类别统计：{1: 402396, 2: 35748, 3: 1980, 4: 7020, 5: 64440, 6: 55671, 7: 30204, 8: 21852, 9: 41659, 10: 85860, 11: 540, 12: 118437, 13: 13202, 15: 10188}
2026-05-21 15:14:46 [INFO] 面积统计：{1: np.float64(402396.0), 2: np.float64(35748.0), 3: np.float64(1980.0), 4: np.float64(7020.0), 5: np.float64(64440.0), 6: np.float64(55671.0), 7: np.float64(30204.0), 8: np.float64(21852.0), 9: np.float64(41659.0), 10: np.float64(85860.0), 11: np.float64(540.0), 12: np.float64(118437.0), 13: np.float64(13202.0), 15: np.float64(10188.0)}
2026-05-21 15:14:46 [INFO] 分割成功
2026-05-21 15:14:46 [INFO] 引擎上下文已释放
2026-05-21 15:14:46 [INFO] TensorRT 引擎已释放
2026-05-21 15:14:46 [INFO] 全局 CUDA 资源已释放
2026-05-21 15:14:46 [INFO] 分割系统资源已释放
2026-05-21 15:14:51 [INFO] CUDA 初始化成功
2026-05-21 15:14:51 [INFO] 引擎加载成功: scrap_steel.engine
2026-05-21 15:14:51 [INFO] 分割系统初始化成功
2026-05-21 15:14:51 [INFO] 图像预处理完成，原始尺寸: (2160, 3840)
2026-05-21 15:14:51 [INFO] 开始执行分割...
2026-05-21 15:14:51 [DEBUG] 处理后的检测结果形状: (1, 8400, 6)
2026-05-21 15:14:51 [DEBUG] 示例检测结果: [[-4.01126480e+00 -3.25902653e+00  3.87100792e+01  1.54651537e+01
   4.44444481e-08  5.00000000e+00]
 [-6.30013657e+00 -3.01336098e+00  4.41936073e+01  2.98056126e+01
   1.00054294e-08  9.00000000e+00]
 [-3.61068344e+00 -3.57908821e+00  4.56414833e+01  3.04738255e+01
   4.37538539e-09  9.00000000e+00]]
2026-05-21 15:14:51 [DEBUG] 处理后检测输出形状: (0, 52)
2026-05-21 15:14:51 [DEBUG] 有效检测数量: 0
2026-05-21 15:14:51 [DEBUG] 检测输出为空
2026-05-21 15:14:51 [INFO] 掩码中检测到的类别: [0, 1, 2, 3, 4, 5, 6, 7, 8, 9, 10, 11, 12, 13, 15]
2026-05-21 15:14:51 [INFO] 分割完成，检测到 0 个物体
2026-05-21 15:14:51 [INFO] 从分割掩码中提取检测结果
2026-05-21 15:14:51 [INFO] 从掩码中提取了 455 个检测框
2026-05-21 15:14:51 [INFO] 检测到车兜区域，将过滤区域外的目标
2026-05-21 15:14:51 [INFO] 车兜区域过滤: 455 -> 159 个目标
2026-05-21 15:14:52 [INFO] 保存分割和检测结果到: C:\code\show\Scrap_Steel_In_Field\photos\segmentation\segment_20260521_151451.jpg
2026-05-21 15:14:52 [INFO] JSON结果保存到: C:\code\show\Scrap_Steel_In_Field\photos\segmentation_result.json
2026-05-21 15:14:52 [INFO] 类别统计：{1: 398574, 2: 37080, 3: 936, 4: 8064, 5: 64872, 6: 52452, 7: 30852, 8: 23040, 9: 45739, 10: 88380, 11: 36, 12: 117194, 13: 12535, 15: 10044}
2026-05-21 15:14:52 [INFO] 面积统计：{1: np.float64(398574.0), 2: np.float64(37080.0), 3: np.float64(936.0), 4: np.float64(8064.0), 5: np.float64(64872.0), 6: np.float64(52452.0), 7: np.float64(30852.0), 8: np.float64(23040.0), 9: np.float64(45739.0), 10: np.float64(88380.0), 11: np.float64(36.0), 12: np.float64(117194.0), 13: np.float64(12535.0), 15: np.float64(10044.0)}
2026-05-21 15:14:52 [INFO] 分割成功
2026-05-21 15:14:52 [INFO] 引擎上下文已释放
2026-05-21 15:14:52 [INFO] TensorRT 引擎已释放
2026-05-21 15:14:52 [INFO] 全局 CUDA 资源已释放
2026-05-21 15:14:52 [INFO] 分割系统资源已释放
2026-05-21 15:14:56 [INFO] CUDA 初始化成功
2026-05-21 15:14:56 [INFO] 引擎加载成功: scrap_steel.engine
2026-05-21 15:14:56 [INFO] 分割系统初始化成功
2026-05-21 15:14:56 [INFO] 图像预处理完成，原始尺寸: (2160, 3840)
2026-05-21 15:14:56 [INFO] 开始执行分割...
2026-05-21 15:14:56 [DEBUG] 处理后的检测结果形状: (1, 8400, 6)
2026-05-21 15:14:56 [DEBUG] 示例检测结果: [[-3.97914124e+00 -3.26412725e+00  3.87880783e+01  1.54600506e+01
   4.48029560e-08  5.00000000e+00]
 [-6.31102371e+00 -3.01861191e+00  4.43032799e+01  3.00107040e+01
   9.90893767e-09  9.00000000e+00]
 [-3.65740204e+00 -3.57279873e+00  4.57027588e+01  3.06919327e+01
   4.37713865e-09  9.00000000e+00]]
2026-05-21 15:14:56 [DEBUG] 处理后检测输出形状: (0, 52)
2026-05-21 15:14:56 [DEBUG] 有效检测数量: 0
2026-05-21 15:14:56 [DEBUG] 检测输出为空
2026-05-21 15:14:56 [INFO] 掩码中检测到的类别: [0, 1, 2, 3, 4, 5, 6, 7, 8, 9, 10, 11, 12, 13, 15]
2026-05-21 15:14:56 [INFO] 分割完成，检测到 0 个物体
2026-05-21 15:14:56 [INFO] 从分割掩码中提取检测结果
2026-05-21 15:14:56 [INFO] 从掩码中提取了 490 个检测框
2026-05-21 15:14:56 [INFO] 检测到车兜区域，将过滤区域外的目标
2026-05-21 15:14:56 [INFO] 车兜区域过滤: 490 -> 171 个目标
2026-05-21 15:14:57 [INFO] 保存分割和检测结果到: C:\code\show\Scrap_Steel_In_Field\photos\segmentation\segment_20260521_151456.jpg
2026-05-21 15:14:57 [INFO] JSON结果保存到: C:\code\show\Scrap_Steel_In_Field\photos\segmentation_result.json
2026-05-21 15:14:57 [INFO] 类别统计：{1: 376890, 2: 34200, 3: 288, 4: 7596, 5: 58032, 6: 54144, 7: 34776, 8: 19476, 9: 40985, 10: 96732, 11: 1152, 12: 111669, 13: 14830, 15: 11592}
2026-05-21 15:14:57 [INFO] 面积统计：{1: np.float64(376890.0), 2: np.float64(34200.0), 3: np.float64(288.0), 4: np.float64(7596.0), 5: np.float64(58032.0), 6: np.float64(54144.0), 7: np.float64(34776.0), 8: np.float64(19476.0), 9: np.float64(40985.0), 10: np.float64(96732.0), 11: np.float64(1152.0), 12: np.float64(111669.0), 13: np.float64(14830.0), 15: np.float64(11592.0)}
2026-05-21 15:14:57 [INFO] 分割成功
2026-05-21 15:14:57 [INFO] 引擎上下文已释放
2026-05-21 15:14:57 [INFO] TensorRT 引擎已释放
2026-05-21 15:14:57 [INFO] 全局 CUDA 资源已释放
2026-05-21 15:14:57 [INFO] 分割系统资源已释放
2026-05-21 15:15:01 [INFO] CUDA 初始化成功
2026-05-21 15:15:01 [INFO] 引擎加载成功: scrap_steel.engine
2026-05-21 15:15:01 [INFO] 分割系统初始化成功
2026-05-21 15:15:01 [INFO] 图像预处理完成，原始尺寸: (2160, 3840)
2026-05-21 15:15:01 [INFO] 开始执行分割...
2026-05-21 15:15:01 [DEBUG] 处理后的检测结果形状: (1, 8400, 6)
2026-05-21 15:15:01 [DEBUG] 示例检测结果: [[-4.04026794e+00 -3.29497528e+00  3.88677559e+01  1.56423302e+01
   4.23736957e-08  5.00000000e+00]
 [-6.29183960e+00 -3.03613091e+00  4.41876984e+01  2.99850941e+01
   9.70321423e-09  9.00000000e+00]
 [-3.59085846e+00 -3.58071709e+00  4.56379890e+01  3.05404491e+01
   4.24648761e-09  9.00000000e+00]]
2026-05-21 15:15:01 [DEBUG] 处理后检测输出形状: (0, 52)
2026-05-21 15:15:01 [DEBUG] 有效检测数量: 0
2026-05-21 15:15:01 [DEBUG] 检测输出为空
2026-05-21 15:15:01 [INFO] 掩码中检测到的类别: [0, 1, 2, 3, 4, 5, 6, 7, 8, 9, 10, 11, 12, 13, 15]
2026-05-21 15:15:01 [INFO] 分割完成，检测到 0 个物体
2026-05-21 15:15:01 [INFO] 从分割掩码中提取检测结果
2026-05-21 15:15:02 [INFO] 从掩码中提取了 491 个检测框
2026-05-21 15:15:02 [INFO] 检测到车兜区域，将过滤区域外的目标
2026-05-21 15:15:02 [INFO] 车兜区域过滤: 491 -> 166 个目标
2026-05-21 15:15:02 [INFO] 保存分割和检测结果到: C:\code\show\Scrap_Steel_In_Field\photos\segmentation\segment_20260521_151502.jpg
2026-05-21 15:15:02 [INFO] JSON结果保存到: C:\code\show\Scrap_Steel_In_Field\photos\segmentation_result.json
2026-05-21 15:15:02 [INFO] 类别统计：{1: 371392, 2: 36936, 3: 180, 4: 7668, 5: 58104, 6: 60130, 7: 29088, 8: 22428, 9: 44187, 10: 89928, 11: 360, 12: 125483, 13: 13457, 15: 9756}
2026-05-21 15:15:02 [INFO] 面积统计：{1: np.float64(371392.0), 2: np.float64(36936.0), 3: np.float64(180.0), 4: np.float64(7668.0), 5: np.float64(58104.0), 6: np.float64(60130.0), 7: np.float64(29088.0), 8: np.float64(22428.0), 9: np.float64(44187.0), 10: np.float64(89928.0), 11: np.float64(360.0), 12: np.float64(125483.0), 13: np.float64(13457.0), 15: np.float64(9756.0)}
2026-05-21 15:15:02 [INFO] 分割成功
2026-05-21 15:15:02 [INFO] 引擎上下文已释放
2026-05-21 15:15:02 [INFO] TensorRT 引擎已释放
2026-05-21 15:15:02 [INFO] 全局 CUDA 资源已释放
2026-05-21 15:15:02 [INFO] 分割系统资源已释放
2026-05-21 15:15:07 [INFO] CUDA 初始化成功
2026-05-21 15:15:07 [INFO] 引擎加载成功: scrap_steel.engine
2026-05-21 15:15:07 [INFO] 分割系统初始化成功
2026-05-21 15:15:07 [INFO] 图像预处理完成，原始尺寸: (2160, 3840)
2026-05-21 15:15:07 [INFO] 开始执行分割...
2026-05-21 15:15:07 [DEBUG] 处理后的检测结果形状: (1, 8400, 6)
2026-05-21 15:15:07 [DEBUG] 示例检测结果: [[-4.03865814e+00 -3.27993488e+00  3.88053284e+01  1.55083494e+01
   4.27044569e-08  5.00000000e+00]
 [-6.33996964e+00 -3.02916336e+00  4.42134933e+01  2.98139000e+01
   9.47984446e-09  9.00000000e+00]
 [-3.64485168e+00 -3.59080696e+00  4.56860046e+01  3.04692554e+01
   4.16565626e-09  9.00000000e+00]]
2026-05-21 15:15:07 [DEBUG] 处理后检测输出形状: (0, 52)
2026-05-21 15:15:07 [DEBUG] 有效检测数量: 0
2026-05-21 15:15:07 [DEBUG] 检测输出为空
2026-05-21 15:15:07 [INFO] 掩码中检测到的类别: [0, 1, 2, 3, 4, 5, 6, 7, 8, 9, 10, 11, 12, 13, 15]
2026-05-21 15:15:07 [INFO] 分割完成，检测到 0 个物体
2026-05-21 15:15:07 [INFO] 从分割掩码中提取检测结果
2026-05-21 15:15:07 [INFO] 从掩码中提取了 491 个检测框
2026-05-21 15:15:07 [INFO] 检测到车兜区域，将过滤区域外的目标
2026-05-21 15:15:07 [INFO] 车兜区域过滤: 491 -> 167 个目标
2026-05-21 15:15:08 [INFO] 保存分割和检测结果到: C:\code\show\Scrap_Steel_In_Field\photos\segmentation\segment_20260521_151507.jpg
2026-05-21 15:15:08 [INFO] JSON结果保存到: C:\code\show\Scrap_Steel_In_Field\photos\segmentation_result.json
2026-05-21 15:15:08 [INFO] 类别统计：{1: 387483, 2: 35676, 3: 180, 4: 8496, 5: 60912, 6: 58141, 7: 31896, 8: 17208, 9: 40690, 10: 89316, 11: 540, 12: 125356, 13: 13786, 15: 9108}
2026-05-21 15:15:08 [INFO] 面积统计：{1: np.float64(387483.0), 2: np.float64(35676.0), 3: np.float64(180.0), 4: np.float64(8496.0), 5: np.float64(60912.0), 6: np.float64(58141.0), 7: np.float64(31896.0), 8: np.float64(17208.0), 9: np.float64(40690.0), 10: np.float64(89316.0), 11: np.float64(540.0), 12: np.float64(125356.0), 13: np.float64(13786.0), 15: np.float64(9108.0)}
2026-05-21 15:15:08 [INFO] 分割成功
2026-05-21 15:15:08 [INFO] 引擎上下文已释放
2026-05-21 15:15:08 [INFO] TensorRT 引擎已释放
2026-05-21 15:15:08 [INFO] 全局 CUDA 资源已释放
2026-05-21 15:15:08 [INFO] 分割系统资源已释放
2026-05-21 15:15:12 [INFO] CUDA 初始化成功
2026-05-21 15:15:12 [INFO] 引擎加载成功: scrap_steel.engine
2026-05-21 15:15:12 [INFO] 分割系统初始化成功
2026-05-21 15:15:12 [INFO] 图像预处理完成，原始尺寸: (2160, 3840)
2026-05-21 15:15:12 [INFO] 开始执行分割...
2026-05-21 15:15:12 [DEBUG] 处理后的检测结果形状: (1, 8400, 6)
2026-05-21 15:15:12 [DEBUG] 示例检测结果: [[-4.01997757e+00 -3.33090210e+00  4.03901367e+01  1.64090805e+01
   4.41420909e-08  5.00000000e+00]
 [-6.05106354e+00 -2.88465118e+00  4.48741302e+01  3.08077927e+01
   1.03173265e-08  9.00000000e+00]
 [-3.36234283e+00 -3.31591034e+00  4.60981750e+01  3.10089226e+01
   4.52582771e-09  9.00000000e+00]]
2026-05-21 15:15:12 [DEBUG] 处理后检测输出形状: (0, 52)
2026-05-21 15:15:12 [DEBUG] 有效检测数量: 0
2026-05-21 15:15:12 [DEBUG] 检测输出为空
2026-05-21 15:15:12 [INFO] 掩码中检测到的类别: [0, 1, 2, 3, 4, 5, 6, 7, 8, 9, 10, 11, 12, 13, 15]
2026-05-21 15:15:12 [INFO] 分割完成，检测到 0 个物体
2026-05-21 15:15:12 [INFO] 从分割掩码中提取检测结果
2026-05-21 15:15:12 [INFO] 从掩码中提取了 545 个检测框
2026-05-21 15:15:13 [INFO] 保存分割和检测结果到: C:\code\show\Scrap_Steel_In_Field\photos\segmentation\segment_20260521_151512.jpg
2026-05-21 15:15:13 [INFO] JSON结果保存到: C:\code\show\Scrap_Steel_In_Field\photos\segmentation_result.json
2026-05-21 15:15:13 [INFO] 类别统计：{0: 22, 1: 59, 2: 38, 3: 13, 4: 28, 5: 48, 6: 41, 7: 44, 8: 74, 9: 31, 10: 21, 11: 30, 12: 11, 13: 64, 14: 0, 15: 21}
2026-05-21 15:15:13 [INFO] 面积统计：{0: np.float64(2882844.0), 1: np.float64(449640.0), 2: np.float64(94428.0), 3: np.float64(287748.0), 4: np.float64(167400.0), 5: np.float64(177696.0), 6: np.float64(560592.0), 7: np.float64(100692.0), 8: np.float64(900684.0), 9: np.float64(329220.0), 10: np.float64(167904.0), 11: np.float64(183744.0), 12: np.float64(207756.0), 13: np.float64(617364.0), 15: np.float64(143064.0)}
2026-05-21 15:15:13 [INFO] 分割成功
2026-05-21 15:15:13 [INFO] 引擎上下文已释放
2026-05-21 15:15:13 [INFO] TensorRT 引擎已释放
2026-05-21 15:15:13 [INFO] 全局 CUDA 资源已释放
2026-05-21 15:15:13 [INFO] 分割系统资源已释放
2026-05-21 15:15:17 [INFO] CUDA 初始化成功
2026-05-21 15:15:17 [INFO] 引擎加载成功: scrap_steel.engine
2026-05-21 15:15:17 [INFO] 分割系统初始化成功
2026-05-21 15:15:17 [INFO] 图像预处理完成，原始尺寸: (2160, 3840)
2026-05-21 15:15:17 [INFO] 开始执行分割...
2026-05-21 15:15:17 [DEBUG] 处理后的检测结果形状: (1, 8400, 6)
2026-05-21 15:15:17 [DEBUG] 示例检测结果: [[-4.08723831e+00 -3.28035069e+00  3.87964554e+01  1.51920996e+01
   4.51518680e-08  5.00000000e+00]
 [-6.50900650e+00 -3.05778503e+00  4.43169365e+01  2.96177940e+01
   9.83713377e-09  9.00000000e+00]
 [-3.66631317e+00 -3.58693981e+00  4.57228699e+01  3.02985115e+01
   4.41479031e-09  9.00000000e+00]]
2026-05-21 15:15:17 [DEBUG] 处理后检测输出形状: (0, 52)
2026-05-21 15:15:17 [DEBUG] 有效检测数量: 0
2026-05-21 15:15:17 [DEBUG] 检测输出为空
2026-05-21 15:15:17 [INFO] 掩码中检测到的类别: [0, 1, 2, 3, 4, 5, 6, 7, 8, 9, 10, 11, 12, 13, 15]
2026-05-21 15:15:17 [INFO] 分割完成，检测到 0 个物体
2026-05-21 15:15:17 [INFO] 从分割掩码中提取检测结果
2026-05-21 15:15:17 [INFO] 从掩码中提取了 442 个检测框
2026-05-21 15:15:18 [INFO] 保存分割和检测结果到: C:\code\show\Scrap_Steel_In_Field\photos\segmentation\segment_20260521_151517.jpg
2026-05-21 15:15:18 [INFO] JSON结果保存到: C:\code\show\Scrap_Steel_In_Field\photos\segmentation_result.json
2026-05-21 15:15:18 [INFO] 类别统计：{0: 24, 1: 52, 2: 18, 3: 14, 4: 20, 5: 36, 6: 14, 7: 24, 8: 34, 9: 43, 10: 11, 11: 23, 12: 20, 13: 82, 14: 0, 15: 27}
2026-05-21 15:15:18 [INFO] 面积统计：{0: np.float64(2748960.0), 1: np.float64(533772.0), 2: np.float64(66816.0), 3: np.float64(211644.0), 4: np.float64(75492.0), 5: np.float64(91836.0), 6: np.float64(539424.0), 7: np.float64(68760.0), 8: np.float64(1048896.0), 9: np.float64(236844.0), 10: np.float64(145188.0), 11: np.float64(212760.0), 12: np.float64(94140.0), 13: np.float64(710964.0), 15: np.float64(259128.0)}
2026-05-21 15:15:18 [INFO] 分割成功
2026-05-21 15:15:18 [INFO] 引擎上下文已释放
2026-05-21 15:15:18 [INFO] TensorRT 引擎已释放
2026-05-21 15:15:18 [INFO] 全局 CUDA 资源已释放
2026-05-21 15:15:18 [INFO] 分割系统资源已释放
2026-05-21 15:15:22 [INFO] CUDA 初始化成功
2026-05-21 15:15:22 [INFO] 引擎加载成功: scrap_steel.engine
2026-05-21 15:15:22 [INFO] 分割系统初始化成功
2026-05-21 15:15:22 [INFO] 图像预处理完成，原始尺寸: (2160, 3840)
2026-05-21 15:15:22 [INFO] 开始执行分割...
2026-05-21 15:15:22 [DEBUG] 处理后的检测结果形状: (1, 8400, 6)
2026-05-21 15:15:22 [DEBUG] 示例检测结果: [[-4.10211945e+00 -3.26574135e+00  3.88265114e+01  1.52451000e+01
   4.28953513e-08  5.00000000e+00]
 [-6.50991058e+00 -3.04971695e+00  4.43139305e+01  2.96637878e+01
   9.92735494e-09  9.00000000e+00]
 [-3.62432098e+00 -3.55334282e+00  4.57894211e+01  3.03057728e+01
   4.41157511e-09  9.00000000e+00]]
2026-05-21 15:15:22 [DEBUG] 处理后检测输出形状: (0, 52)
2026-05-21 15:15:22 [DEBUG] 有效检测数量: 0
2026-05-21 15:15:22 [DEBUG] 检测输出为空
2026-05-21 15:15:22 [INFO] 掩码中检测到的类别: [0, 1, 2, 3, 4, 5, 6, 7, 8, 9, 10, 11, 12, 13, 15]
2026-05-21 15:15:22 [INFO] 分割完成，检测到 0 个物体
2026-05-21 15:15:22 [INFO] 从分割掩码中提取检测结果
2026-05-21 15:15:23 [INFO] 从掩码中提取了 492 个检测框
2026-05-21 15:15:23 [INFO] 保存分割和检测结果到: C:\code\show\Scrap_Steel_In_Field\photos\segmentation\segment_20260521_151523.jpg
2026-05-21 15:15:23 [INFO] JSON结果保存到: C:\code\show\Scrap_Steel_In_Field\photos\segmentation_result.json
2026-05-21 15:15:23 [INFO] 类别统计：{0: 37, 1: 72, 2: 14, 3: 8, 4: 20, 5: 49, 6: 19, 7: 33, 8: 53, 9: 50, 10: 12, 11: 19, 12: 12, 13: 80, 14: 0, 15: 14}
2026-05-21 15:15:23 [INFO] 面积统计：{0: np.float64(2832156.0), 1: np.float64(729432.0), 2: np.float64(68076.0), 3: np.float64(221436.0), 4: np.float64(133380.0), 5: np.float64(112320.0), 6: np.float64(599508.0), 7: np.float64(68040.0), 8: np.float64(973584.0), 9: np.float64(271296.0), 10: np.float64(109908.0), 11: np.float64(218556.0), 12: np.float64(220068.0), 13: np.float64(669924.0), 15: np.float64(171324.0)}
2026-05-21 15:15:23 [INFO] 分割成功
2026-05-21 15:15:23 [INFO] 引擎上下文已释放
2026-05-21 15:15:23 [INFO] TensorRT 引擎已释放
2026-05-21 15:15:23 [INFO] 全局 CUDA 资源已释放
2026-05-21 15:15:23 [INFO] 分割系统资源已释放
2026-05-21 15:15:27 [INFO] CUDA 初始化成功
2026-05-21 15:15:27 [INFO] 引擎加载成功: scrap_steel.engine
2026-05-21 15:15:27 [INFO] 分割系统初始化成功
2026-05-21 15:15:27 [INFO] 图像预处理完成，原始尺寸: (2160, 3840)
2026-05-21 15:15:27 [INFO] 开始执行分割...
2026-05-21 15:15:27 [DEBUG] 处理后的检测结果形状: (1, 8400, 6)
2026-05-21 15:15:27 [DEBUG] 示例检测结果: [[-4.15108109e+00 -3.32134438e+00  3.88392754e+01  1.54523144e+01
   4.44328236e-08  5.00000000e+00]
 [-6.48908615e+00 -3.11109161e+00  4.42716179e+01  2.97928467e+01
   9.80350023e-09  9.00000000e+00]
 [-3.62327576e+00 -3.60589981e+00  4.57277985e+01  3.04047203e+01
   4.37061765e-09  9.00000000e+00]]
2026-05-21 15:15:27 [DEBUG] 处理后检测输出形状: (0, 52)
2026-05-21 15:15:27 [DEBUG] 有效检测数量: 0
2026-05-21 15:15:27 [DEBUG] 检测输出为空
2026-05-21 15:15:27 [INFO] 掩码中检测到的类别: [0, 1, 2, 3, 4, 5, 6, 7, 8, 9, 10, 11, 12, 13, 15]
2026-05-21 15:15:27 [INFO] 分割完成，检测到 0 个物体
2026-05-21 15:15:27 [INFO] 从分割掩码中提取检测结果
2026-05-21 15:15:28 [INFO] 从掩码中提取了 469 个检测框
2026-05-21 15:15:28 [INFO] 保存分割和检测结果到: C:\code\show\Scrap_Steel_In_Field\photos\segmentation\segment_20260521_151528.jpg
2026-05-21 15:15:28 [INFO] JSON结果保存到: C:\code\show\Scrap_Steel_In_Field\photos\segmentation_result.json
2026-05-21 15:15:28 [INFO] 类别统计：{0: 30, 1: 51, 2: 13, 3: 19, 4: 15, 5: 45, 6: 19, 7: 33, 8: 32, 9: 45, 10: 11, 11: 24, 12: 14, 13: 93, 14: 0, 15: 25}
2026-05-21 15:15:28 [INFO] 面积统计：{0: np.float64(2629620.0), 1: np.float64(566388.0), 2: np.float64(77220.0), 3: np.float64(248688.0), 4: np.float64(90432.0), 5: np.float64(93456.0), 6: np.float64(556380.0), 7: np.float64(86580.0), 8: np.float64(932652.0), 9: np.float64(146340.0), 10: np.float64(119916.0), 11: np.float64(210024.0), 12: np.float64(164160.0), 13: np.float64(692424.0), 15: np.float64(213624.0)}
2026-05-21 15:15:28 [INFO] 分割成功
2026-05-21 15:15:28 [INFO] 引擎上下文已释放
2026-05-21 15:15:28 [INFO] TensorRT 引擎已释放
2026-05-21 15:15:29 [INFO] 全局 CUDA 资源已释放
2026-05-21 15:15:29 [INFO] 分割系统资源已释放
2026-05-21 15:15:32 [INFO] CUDA 初始化成功
2026-05-21 15:15:32 [INFO] 引擎加载成功: scrap_steel.engine
2026-05-21 15:15:32 [INFO] 分割系统初始化成功
2026-05-21 15:15:32 [INFO] 图像预处理完成，原始尺寸: (2160, 3840)
2026-05-21 15:15:32 [INFO] 开始执行分割...
2026-05-21 15:15:32 [DEBUG] 处理后的检测结果形状: (1, 8400, 6)
2026-05-21 15:15:32 [DEBUG] 示例检测结果: [[-4.13463211e+00 -3.26585102e+00  4.12928200e+01  1.59532442e+01
   4.70379256e-08  5.00000000e+00]
 [-6.30241394e+00 -2.86054993e+00  4.57095413e+01  3.07935715e+01
   9.99092009e-09  9.00000000e+00]
 [-3.33248520e+00 -3.14497471e+00  4.63189125e+01  3.10661240e+01
   4.67424499e-09  9.00000000e+00]]
2026-05-21 15:15:32 [DEBUG] 处理后检测输出形状: (0, 52)
2026-05-21 15:15:32 [DEBUG] 有效检测数量: 0
2026-05-21 15:15:32 [DEBUG] 检测输出为空
2026-05-21 15:15:32 [INFO] 掩码中检测到的类别: [0, 1, 2, 3, 4, 5, 6, 7, 8, 9, 10, 11, 12, 13, 15]
2026-05-21 15:15:32 [INFO] 分割完成，检测到 0 个物体
2026-05-21 15:15:32 [INFO] 从分割掩码中提取检测结果
2026-05-21 15:15:33 [INFO] 从掩码中提取了 513 个检测框
2026-05-21 15:15:33 [INFO] 保存分割和检测结果到: C:\code\show\Scrap_Steel_In_Field\photos\segmentation\segment_20260521_151533.jpg
2026-05-21 15:15:33 [INFO] JSON结果保存到: C:\code\show\Scrap_Steel_In_Field\photos\segmentation_result.json
2026-05-21 15:15:33 [INFO] 类别统计：{0: 38, 1: 44, 2: 20, 3: 24, 4: 23, 5: 47, 6: 47, 7: 34, 8: 54, 9: 40, 10: 18, 11: 21, 12: 23, 13: 60, 14: 0, 15: 20}
2026-05-21 15:15:33 [INFO] 面积统计：{0: np.float64(2279052.0), 1: np.float64(438192.0), 2: np.float64(81432.0), 3: np.float64(349452.0), 4: np.float64(131580.0), 5: np.float64(89100.0), 6: np.float64(621432.0), 7: np.float64(70920.0), 8: np.float64(992700.0), 9: np.float64(432684.0), 10: np.float64(194292.0), 11: np.float64(240120.0), 12: np.float64(333324.0), 13: np.float64(687240.0), 15: np.float64(93780.0)}
2026-05-21 15:15:33 [INFO] 分割成功
2026-05-21 15:15:33 [INFO] 引擎上下文已释放
2026-05-21 15:15:33 [INFO] TensorRT 引擎已释放
2026-05-21 15:15:33 [INFO] 全局 CUDA 资源已释放
2026-05-21 15:15:33 [INFO] 分割系统资源已释放
2026-05-21 15:15:38 [INFO] CUDA 初始化成功
2026-05-21 15:15:38 [INFO] 引擎加载成功: scrap_steel.engine
2026-05-21 15:15:38 [INFO] 分割系统初始化成功
2026-05-21 15:15:38 [INFO] 图像预处理完成，原始尺寸: (2160, 3840)
2026-05-21 15:15:38 [INFO] 开始执行分割...
2026-05-21 15:15:38 [DEBUG] 处理后的检测结果形状: (1, 8400, 6)
2026-05-21 15:15:38 [DEBUG] 示例检测结果: [[-4.04333115e+00 -3.28025627e+00  3.88443985e+01  1.54617710e+01
   4.44444481e-08  5.00000000e+00]
 [-6.37989426e+00 -3.04433632e+00  4.41295738e+01  2.97850246e+01
   9.77311032e-09  9.00000000e+00]
 [-3.65710449e+00 -3.61689281e+00  4.56870880e+01  3.04920998e+01
   4.30773106e-09  9.00000000e+00]]
2026-05-21 15:15:38 [DEBUG] 处理后检测输出形状: (0, 52)
2026-05-21 15:15:38 [DEBUG] 有效检测数量: 0
2026-05-21 15:15:38 [DEBUG] 检测输出为空
2026-05-21 15:15:38 [INFO] 掩码中检测到的类别: [0, 1, 2, 3, 4, 5, 6, 7, 8, 9, 10, 11, 12, 13, 15]
2026-05-21 15:15:38 [INFO] 分割完成，检测到 0 个物体
2026-05-21 15:15:38 [INFO] 从分割掩码中提取检测结果
2026-05-21 15:15:38 [INFO] 从掩码中提取了 457 个检测框
2026-05-21 15:15:38 [INFO] 检测到车兜区域，将过滤区域外的目标
2026-05-21 15:15:38 [INFO] 车兜区域过滤: 457 -> 172 个目标
2026-05-21 15:15:40 [INFO] 保存分割和检测结果到: C:\code\show\Scrap_Steel_In_Field\photos\segmentation\segment_20260521_151538.jpg
2026-05-21 15:15:40 [INFO] JSON结果保存到: C:\code\show\Scrap_Steel_In_Field\photos\segmentation_result.json
2026-05-21 15:15:40 [INFO] 类别统计：{1: 401228, 2: 39492, 3: 2628, 4: 10656, 5: 60300, 6: 53632, 7: 23256, 8: 25128, 9: 36474, 10: 91476, 11: 1080, 12: 106308, 13: 14550, 15: 11304}
2026-05-21 15:15:40 [INFO] 面积统计：{1: np.float64(401228.0), 2: np.float64(39492.0), 3: np.float64(2628.0), 4: np.float64(10656.0), 5: np.float64(60300.0), 6: np.float64(53632.0), 7: np.float64(23256.0), 8: np.float64(25128.0), 9: np.float64(36474.0), 10: np.float64(91476.0), 11: np.float64(1080.0), 12: np.float64(106308.0), 13: np.float64(14550.0), 15: np.float64(11304.0)}
2026-05-21 15:15:40 [INFO] 分割成功
2026-05-21 15:15:40 [INFO] 引擎上下文已释放
2026-05-21 15:15:40 [INFO] TensorRT 引擎已释放
2026-05-21 15:15:40 [INFO] 全局 CUDA 资源已释放
2026-05-21 15:15:40 [INFO] 分割系统资源已释放
2026-05-21 15:15:44 [INFO] CUDA 初始化成功
2026-05-21 15:15:44 [INFO] 引擎加载成功: scrap_steel.engine
2026-05-21 15:15:44 [INFO] 分割系统初始化成功
2026-05-21 15:15:44 [INFO] 图像预处理完成，原始尺寸: (2160, 3840)
2026-05-21 15:15:44 [INFO] 开始执行分割...
2026-05-21 15:15:44 [DEBUG] 处理后的检测结果形状: (1, 8400, 6)
2026-05-21 15:15:44 [DEBUG] 示例检测结果: [[-4.07877350e+00 -3.30413437e+00  3.88848228e+01  1.55909824e+01
   4.28708020e-08  5.00000000e+00]
 [-6.43186569e+00 -3.05679703e+00  4.41565208e+01  2.98880196e+01
   9.55619583e-09  9.00000000e+00]
 [-3.65673828e+00 -3.60583878e+00  4.56958542e+01  3.05154953e+01
   4.21479740e-09  9.00000000e+00]]
2026-05-21 15:15:44 [DEBUG] 处理后检测输出形状: (0, 52)
2026-05-21 15:15:44 [DEBUG] 有效检测数量: 0
2026-05-21 15:15:44 [DEBUG] 检测输出为空
2026-05-21 15:15:44 [INFO] 掩码中检测到的类别: [0, 1, 2, 3, 4, 5, 6, 7, 8, 9, 10, 11, 12, 13, 15]
2026-05-21 15:15:44 [INFO] 分割完成，检测到 0 个物体
2026-05-21 15:15:44 [INFO] 从分割掩码中提取检测结果
2026-05-21 15:15:44 [INFO] 从掩码中提取了 501 个检测框
2026-05-21 15:15:44 [INFO] 检测到车兜区域，将过滤区域外的目标
2026-05-21 15:15:44 [INFO] 车兜区域过滤: 501 -> 184 个目标
2026-05-21 15:15:45 [INFO] 保存分割和检测结果到: C:\code\show\Scrap_Steel_In_Field\photos\segmentation\segment_20260521_151544.jpg
2026-05-21 15:15:45 [INFO] JSON结果保存到: C:\code\show\Scrap_Steel_In_Field\photos\segmentation_result.json
2026-05-21 15:15:45 [INFO] 类别统计：{1: 401424, 2: 36756, 3: 180, 4: 9252, 5: 52812, 6: 54754, 7: 28008, 8: 23364, 9: 44447, 10: 97992, 11: 648, 12: 120531, 13: 12989, 15: 10260}
2026-05-21 15:15:45 [INFO] 面积统计：{1: np.float64(401424.0), 2: np.float64(36756.0), 3: np.float64(180.0), 4: np.float64(9252.0), 5: np.float64(52812.0), 6: np.float64(54754.0), 7: np.float64(28008.0), 8: np.float64(23364.0), 9: np.float64(44447.0), 10: np.float64(97992.0), 11: np.float64(648.0), 12: np.float64(120531.0), 13: np.float64(12989.0), 15: np.float64(10260.0)}
2026-05-21 15:15:45 [INFO] 分割成功
2026-05-21 15:15:45 [INFO] 引擎上下文已释放
2026-05-21 15:15:45 [INFO] TensorRT 引擎已释放
2026-05-21 15:15:45 [INFO] 全局 CUDA 资源已释放
2026-05-21 15:15:45 [INFO] 分割系统资源已释放
2026-05-21 15:15:49 [INFO] CUDA 初始化成功
2026-05-21 15:15:49 [INFO] 引擎加载成功: scrap_steel.engine
2026-05-21 15:15:49 [INFO] 分割系统初始化成功
2026-05-21 15:15:49 [INFO] 图像预处理完成，原始尺寸: (2160, 3840)
2026-05-21 15:15:49 [INFO] 开始执行分割...
2026-05-21 15:15:49 [DEBUG] 处理后的检测结果形状: (1, 8400, 6)
2026-05-21 15:15:49 [DEBUG] 示例检测结果: [[-4.14342499e+00 -3.34499836e+00  3.87948303e+01  1.57289152e+01
   4.32105409e-08  5.00000000e+00]
 [-6.56311417e+00 -3.13599968e+00  4.41120872e+01  3.00352421e+01
   9.51516199e-09  9.00000000e+00]
 [-3.73760223e+00 -3.70018387e+00  4.57357941e+01  3.06144981e+01
   4.20819646e-09  9.00000000e+00]]
2026-05-21 15:15:49 [DEBUG] 处理后检测输出形状: (0, 52)
2026-05-21 15:15:49 [DEBUG] 有效检测数量: 0
2026-05-21 15:15:49 [DEBUG] 检测输出为空
2026-05-21 15:15:49 [INFO] 掩码中检测到的类别: [0, 1, 2, 3, 4, 5, 6, 7, 8, 9, 10, 11, 12, 13, 15]
2026-05-21 15:15:49 [INFO] 分割完成，检测到 0 个物体
2026-05-21 15:15:49 [INFO] 从分割掩码中提取检测结果
2026-05-21 15:15:49 [INFO] 从掩码中提取了 531 个检测框
2026-05-21 15:15:49 [INFO] 检测到车兜区域，将过滤区域外的目标
2026-05-21 15:15:49 [INFO] 车兜区域过滤: 531 -> 195 个目标
2026-05-21 15:15:50 [INFO] 保存分割和检测结果到: C:\code\show\Scrap_Steel_In_Field\photos\segmentation\segment_20260521_151549.jpg
2026-05-21 15:15:50 [INFO] JSON结果保存到: C:\code\show\Scrap_Steel_In_Field\photos\segmentation_result.json
2026-05-21 15:15:50 [INFO] 类别统计：{1: 379705, 2: 33876, 3: 108, 4: 11160, 5: 56340, 6: 56498, 7: 28836, 8: 19260, 9: 41267, 10: 95616, 11: 432, 12: 94734, 13: 14886, 15: 10584}
2026-05-21 15:15:50 [INFO] 面积统计：{1: np.float64(379705.0), 2: np.float64(33876.0), 3: np.float64(108.0), 4: np.float64(11160.0), 5: np.float64(56340.0), 6: np.float64(56498.0), 7: np.float64(28836.0), 8: np.float64(19260.0), 9: np.float64(41267.0), 10: np.float64(95616.0), 11: np.float64(432.0), 12: np.float64(94734.0), 13: np.float64(14886.0), 15: np.float64(10584.0)}
2026-05-21 15:15:50 [INFO] 分割成功
2026-05-21 15:15:50 [INFO] 引擎上下文已释放
2026-05-21 15:15:50 [INFO] TensorRT 引擎已释放
2026-05-21 15:15:50 [INFO] 全局 CUDA 资源已释放
2026-05-21 15:15:50 [INFO] 分割系统资源已释放
2026-05-21 15:15:55 [INFO] CUDA 初始化成功
2026-05-21 15:15:55 [INFO] 引擎加载成功: scrap_steel.engine
2026-05-21 15:15:55 [INFO] 分割系统初始化成功
2026-05-21 15:15:55 [INFO] 图像预处理完成，原始尺寸: (2160, 3840)
2026-05-21 15:15:55 [INFO] 开始执行分割...
2026-05-21 15:15:55 [DEBUG] 处理后的检测结果形状: (1, 8400, 6)
2026-05-21 15:15:55 [DEBUG] 示例检测结果: [[-4.09059525e+00 -3.33219814e+00  3.87785912e+01  1.58436270e+01
   4.44255441e-08  5.00000000e+00]
 [-6.45243454e+00 -3.09965992e+00  4.40509033e+01  3.01032410e+01
   9.84604398e-09  9.00000000e+00]
 [-3.68056488e+00 -3.67043495e+00  4.56717606e+01  3.06479473e+01
   4.25759872e-09  9.00000000e+00]]
2026-05-21 15:15:55 [DEBUG] 处理后检测输出形状: (0, 52)
2026-05-21 15:15:55 [DEBUG] 有效检测数量: 0
2026-05-21 15:15:55 [DEBUG] 检测输出为空
2026-05-21 15:15:55 [INFO] 掩码中检测到的类别: [0, 1, 2, 3, 4, 5, 6, 7, 8, 9, 10, 11, 12, 13, 15]
2026-05-21 15:15:55 [INFO] 分割完成，检测到 0 个物体
2026-05-21 15:15:55 [INFO] 从分割掩码中提取检测结果
2026-05-21 15:15:56 [INFO] 从掩码中提取了 499 个检测框
2026-05-21 15:15:56 [INFO] 检测到车兜区域，将过滤区域外的目标
2026-05-21 15:15:56 [INFO] 车兜区域过滤: 499 -> 167 个目标
2026-05-21 15:15:56 [INFO] 保存分割和检测结果到: C:\code\show\Scrap_Steel_In_Field\photos\segmentation\segment_20260521_151556.jpg
2026-05-21 15:15:56 [INFO] JSON结果保存到: C:\code\show\Scrap_Steel_In_Field\photos\segmentation_result.json
2026-05-21 15:15:56 [INFO] 类别统计：{1: 391188, 2: 36720, 3: 108, 4: 8856, 5: 60804, 6: 52234, 7: 29556, 8: 19512, 9: 44276, 10: 93564, 11: 288, 12: 113074, 13: 13257, 15: 10548}
2026-05-21 15:15:56 [INFO] 面积统计：{1: np.float64(391188.0), 2: np.float64(36720.0), 3: np.float64(108.0), 4: np.float64(8856.0), 5: np.float64(60804.0), 6: np.float64(52234.0), 7: np.float64(29556.0), 8: np.float64(19512.0), 9: np.float64(44276.0), 10: np.float64(93564.0), 11: np.float64(288.0), 12: np.float64(113074.0), 13: np.float64(13257.0), 15: np.float64(10548.0)}
2026-05-21 15:15:56 [INFO] 分割成功
2026-05-21 15:15:56 [INFO] 引擎上下文已释放
2026-05-21 15:15:56 [INFO] TensorRT 引擎已释放
2026-05-21 15:15:56 [INFO] 全局 CUDA 资源已释放
2026-05-21 15:15:56 [INFO] 分割系统资源已释放
2026-05-21 15:16:00 [INFO] CUDA 初始化成功
2026-05-21 15:16:00 [INFO] 引擎加载成功: scrap_steel.engine
2026-05-21 15:16:00 [INFO] 分割系统初始化成功
2026-05-21 15:16:00 [INFO] 图像预处理完成，原始尺寸: (2160, 3840)
2026-05-21 15:16:00 [INFO] 开始执行分割...
2026-05-21 15:16:00 [DEBUG] 处理后的检测结果形状: (1, 8400, 6)
2026-05-21 15:16:00 [DEBUG] 示例检测结果: [[-4.02577591e+00 -3.25599480e+00  3.88262405e+01  1.53975086e+01
   4.33965504e-08  5.00000000e+00]
 [-6.36472321e+00 -3.01797676e+00  4.42210732e+01  2.98097095e+01
   9.66237579e-09  9.00000000e+00]
 [-3.65694427e+00 -3.57476425e+00  4.57022552e+01  3.05401649e+01
   4.29319869e-09  9.00000000e+00]]
2026-05-21 15:16:00 [DEBUG] 处理后检测输出形状: (0, 52)
2026-05-21 15:16:00 [DEBUG] 有效检测数量: 0
2026-05-21 15:16:00 [DEBUG] 检测输出为空
2026-05-21 15:16:00 [INFO] 掩码中检测到的类别: [0, 1, 2, 3, 4, 5, 6, 7, 8, 9, 10, 11, 12, 13, 15]
2026-05-21 15:16:00 [INFO] 分割完成，检测到 0 个物体
2026-05-21 15:16:00 [INFO] 从分割掩码中提取检测结果
2026-05-21 15:16:01 [INFO] 从掩码中提取了 486 个检测框
2026-05-21 15:16:01 [INFO] 检测到车兜区域，将过滤区域外的目标
2026-05-21 15:16:01 [INFO] 车兜区域过滤: 486 -> 166 个目标
2026-05-21 15:16:01 [INFO] 保存分割和检测结果到: C:\code\show\Scrap_Steel_In_Field\photos\segmentation\segment_20260521_151601.jpg
2026-05-21 15:16:01 [INFO] JSON结果保存到: C:\code\show\Scrap_Steel_In_Field\photos\segmentation_result.json
2026-05-21 15:16:01 [INFO] 类别统计：{1: 383560, 2: 35352, 3: 540, 4: 8784, 5: 58896, 6: 55414, 7: 29556, 8: 20376, 9: 46338, 10: 88416, 11: 756, 12: 121163, 13: 13693, 15: 9972}
2026-05-21 15:16:01 [INFO] 面积统计：{1: np.float64(383560.0), 2: np.float64(35352.0), 3: np.float64(540.0), 4: np.float64(8784.0), 5: np.float64(58896.0), 6: np.float64(55414.0), 7: np.float64(29556.0), 8: np.float64(20376.0), 9: np.float64(46338.0), 10: np.float64(88416.0), 11: np.float64(756.0), 12: np.float64(121163.0), 13: np.float64(13693.0), 15: np.float64(9972.0)}
2026-05-21 15:16:01 [INFO] 分割成功
2026-05-21 15:16:01 [INFO] 引擎上下文已释放
2026-05-21 15:16:01 [INFO] TensorRT 引擎已释放
2026-05-21 15:16:01 [INFO] 全局 CUDA 资源已释放
2026-05-21 15:16:01 [INFO] 分割系统资源已释放
2026-05-21 15:16:05 [INFO] CUDA 初始化成功
2026-05-21 15:16:05 [INFO] 引擎加载成功: scrap_steel.engine
2026-05-21 15:16:05 [INFO] 分割系统初始化成功
2026-05-21 15:16:05 [INFO] 图像预处理完成，原始尺寸: (2160, 3840)
2026-05-21 15:16:05 [INFO] 开始执行分割...
2026-05-21 15:16:05 [DEBUG] 处理后的检测结果形状: (1, 8400, 6)
2026-05-21 15:16:05 [DEBUG] 示例检测结果: [[-3.96448517e+00 -3.20709515e+00  4.00807037e+01  1.55695963e+01
   3.96593585e-08  5.00000000e+00]
 [-6.03973389e+00 -2.81338501e+00  4.48958511e+01  2.99690933e+01
   1.00087263e-08  9.00000000e+00]
 [-3.32114792e+00 -3.18828201e+00  4.60027809e+01  3.04248886e+01
   4.54938842e-09  9.00000000e+00]]
2026-05-21 15:16:05 [DEBUG] 处理后检测输出形状: (0, 52)
2026-05-21 15:16:05 [DEBUG] 有效检测数量: 0
2026-05-21 15:16:05 [DEBUG] 检测输出为空
2026-05-21 15:16:05 [INFO] 掩码中检测到的类别: [0, 1, 2, 3, 4, 5, 6, 7, 8, 9, 10, 11, 12, 13, 15]
2026-05-21 15:16:05 [INFO] 分割完成，检测到 0 个物体
2026-05-21 15:16:05 [INFO] 从分割掩码中提取检测结果
2026-05-21 15:16:06 [INFO] 从掩码中提取了 558 个检测框
2026-05-21 15:16:06 [INFO] 保存分割和检测结果到: C:\code\show\Scrap_Steel_In_Field\photos\segmentation\segment_20260521_151606.jpg
2026-05-21 15:16:06 [INFO] JSON结果保存到: C:\code\show\Scrap_Steel_In_Field\photos\segmentation_result.json
2026-05-21 15:16:06 [INFO] 类别统计：{0: 27, 1: 55, 2: 40, 3: 13, 4: 29, 5: 50, 6: 35, 7: 46, 8: 75, 9: 43, 10: 26, 11: 24, 12: 20, 13: 55, 14: 0, 15: 20}
2026-05-21 15:16:06 [INFO] 面积统计：{0: np.float64(3192228.0), 1: np.float64(551988.0), 2: np.float64(79992.0), 3: np.float64(243360.0), 4: np.float64(144216.0), 5: np.float64(152460.0), 6: np.float64(479808.0), 7: np.float64(81936.0), 8: np.float64(959112.0), 9: np.float64(296352.0), 10: np.float64(169452.0), 11: np.float64(187956.0), 12: np.float64(134352.0), 13: np.float64(615996.0), 15: np.float64(114192.0)}
2026-05-21 15:16:06 [INFO] 分割成功
2026-05-21 15:16:06 [INFO] 引擎上下文已释放
2026-05-21 15:16:06 [INFO] TensorRT 引擎已释放
2026-05-21 15:16:06 [INFO] 全局 CUDA 资源已释放
2026-05-21 15:16:06 [INFO] 分割系统资源已释放
2026-05-21 15:16:11 [INFO] CUDA 初始化成功
2026-05-21 15:16:11 [INFO] 引擎加载成功: scrap_steel.engine
2026-05-21 15:16:11 [INFO] 分割系统初始化成功
2026-05-21 15:16:11 [INFO] 图像预处理完成，原始尺寸: (2160, 3840)
2026-05-21 15:16:11 [INFO] 开始执行分割...
2026-05-21 15:16:11 [DEBUG] 处理后的检测结果形状: (1, 8400, 6)
2026-05-21 15:16:11 [DEBUG] 示例检测结果: [[-4.09016037e+00 -3.26387501e+00  3.87640762e+01  1.51920481e+01
   4.39240786e-08  5.00000000e+00]
 [-6.50722885e+00 -3.07236099e+00  4.43368416e+01  2.95628891e+01
   9.76930536e-09  9.00000000e+00]
 [-3.66085815e+00 -3.60468006e+00  4.57219696e+01  3.03349304e+01
   4.35633396e-09  9.00000000e+00]]
2026-05-21 15:16:11 [DEBUG] 处理后检测输出形状: (0, 52)
2026-05-21 15:16:11 [DEBUG] 有效检测数量: 0
2026-05-21 15:16:11 [DEBUG] 检测输出为空
2026-05-21 15:16:11 [INFO] 掩码中检测到的类别: [0, 1, 2, 3, 4, 5, 6, 7, 8, 9, 10, 11, 12, 13, 15]
2026-05-21 15:16:11 [INFO] 分割完成，检测到 0 个物体
2026-05-21 15:16:11 [INFO] 从分割掩码中提取检测结果
2026-05-21 15:16:11 [INFO] 从掩码中提取了 454 个检测框
2026-05-21 15:16:12 [INFO] 保存分割和检测结果到: C:\code\show\Scrap_Steel_In_Field\photos\segmentation\segment_20260521_151611.jpg
2026-05-21 15:16:12 [INFO] JSON结果保存到: C:\code\show\Scrap_Steel_In_Field\photos\segmentation_result.json
2026-05-21 15:16:12 [INFO] 类别统计：{0: 40, 1: 52, 2: 21, 3: 13, 4: 19, 5: 32, 6: 14, 7: 27, 8: 34, 9: 42, 10: 13, 11: 21, 12: 19, 13: 88, 14: 0, 15: 19}
2026-05-21 15:16:12 [INFO] 面积统计：{0: np.float64(2689920.0), 1: np.float64(580176.0), 2: np.float64(58248.0), 3: np.float64(221796.0), 4: np.float64(94536.0), 5: np.float64(78372.0), 6: np.float64(591048.0), 7: np.float64(63468.0), 8: np.float64(996552.0), 9: np.float64(324000.0), 10: np.float64(189360.0), 11: np.float64(226584.0), 12: np.float64(124488.0), 13: np.float64(658332.0), 15: np.float64(262296.0)}
2026-05-21 15:16:12 [INFO] 分割成功
2026-05-21 15:16:12 [INFO] 引擎上下文已释放
2026-05-21 15:16:12 [INFO] TensorRT 引擎已释放
2026-05-21 15:16:12 [INFO] 全局 CUDA 资源已释放
2026-05-21 15:16:12 [INFO] 分割系统资源已释放
2026-05-21 15:16:16 [INFO] CUDA 初始化成功
2026-05-21 15:16:16 [INFO] 引擎加载成功: scrap_steel.engine
2026-05-21 15:16:16 [INFO] 分割系统初始化成功
2026-05-21 15:16:16 [INFO] 图像预处理完成，原始尺寸: (2160, 3840)
2026-05-21 15:16:16 [INFO] 开始执行分割...
2026-05-21 15:16:16 [DEBUG] 处理后的检测结果形状: (1, 8400, 6)
2026-05-21 15:16:16 [DEBUG] 示例检测结果: [[-4.11883163e+00 -3.26729679e+00  3.89069862e+01  1.53283396e+01
   4.33965504e-08  5.00000000e+00]
 [-6.50808716e+00 -3.06229496e+00  4.43636436e+01  2.97950249e+01
   9.69694014e-09  9.00000000e+00]
 [-3.61789322e+00 -3.54987717e+00  4.57957458e+01  3.04122047e+01
   4.35633396e-09  9.00000000e+00]]
2026-05-21 15:16:16 [DEBUG] 处理后检测输出形状: (0, 52)
2026-05-21 15:16:16 [DEBUG] 有效检测数量: 0
2026-05-21 15:16:16 [DEBUG] 检测输出为空
2026-05-21 15:16:16 [INFO] 掩码中检测到的类别: [0, 1, 2, 3, 4, 5, 6, 7, 8, 9, 10, 11, 12, 13, 15]
2026-05-21 15:16:16 [INFO] 分割完成，检测到 0 个物体
2026-05-21 15:16:16 [INFO] 从分割掩码中提取检测结果
2026-05-21 15:16:16 [INFO] 从掩码中提取了 520 个检测框
2026-05-21 15:16:17 [INFO] 保存分割和检测结果到: C:\code\show\Scrap_Steel_In_Field\photos\segmentation\segment_20260521_151616.jpg
2026-05-21 15:16:17 [INFO] JSON结果保存到: C:\code\show\Scrap_Steel_In_Field\photos\segmentation_result.json
2026-05-21 15:16:17 [INFO] 类别统计：{0: 11, 1: 70, 2: 27, 3: 12, 4: 16, 5: 53, 6: 20, 7: 37, 8: 49, 9: 67, 10: 14, 11: 21, 12: 10, 13: 69, 14: 0, 15: 44}
2026-05-21 15:16:17 [INFO] 面积统计：{0: np.float64(3030084.0), 1: np.float64(766368.0), 2: np.float64(98712.0), 3: np.float64(151740.0), 4: np.float64(91620.0), 5: np.float64(118116.0), 6: np.float64(463608.0), 7: np.float64(90288.0), 8: np.float64(863244.0), 9: np.float64(395964.0), 10: np.float64(101556.0), 11: np.float64(195804.0), 12: np.float64(141048.0), 13: np.float64(601452.0), 15: np.float64(190368.0)}
2026-05-21 15:16:17 [INFO] 分割成功
2026-05-21 15:16:17 [INFO] 引擎上下文已释放
2026-05-21 15:16:17 [INFO] TensorRT 引擎已释放
2026-05-21 15:16:17 [INFO] 全局 CUDA 资源已释放
2026-05-21 15:16:17 [INFO] 分割系统资源已释放
2026-05-21 15:16:21 [INFO] CUDA 初始化成功
2026-05-21 15:16:21 [INFO] 引擎加载成功: scrap_steel.engine
2026-05-21 15:16:21 [INFO] 分割系统初始化成功
2026-05-21 15:16:21 [INFO] 图像预处理完成，原始尺寸: (2160, 3840)
2026-05-21 15:16:21 [INFO] 开始执行分割...
2026-05-21 15:16:21 [DEBUG] 处理后的检测结果形状: (1, 8400, 6)
2026-05-21 15:16:21 [DEBUG] 示例检测结果: [[-4.07305527e+00 -3.30401897e+00  3.87567101e+01  1.55683813e+01
   4.30612026e-08  5.00000000e+00]
 [-6.47765732e+00 -3.08999157e+00  4.41430855e+01  2.98781967e+01
   9.62724300e-09  9.00000000e+00]
 [-3.66663742e+00 -3.63029480e+00  4.56413841e+01  3.04705315e+01
   4.16436663e-09  9.00000000e+00]]
2026-05-21 15:16:21 [DEBUG] 处理后检测输出形状: (0, 52)
2026-05-21 15:16:21 [DEBUG] 有效检测数量: 0
2026-05-21 15:16:21 [DEBUG] 检测输出为空
2026-05-21 15:16:21 [INFO] 掩码中检测到的类别: [0, 1, 2, 3, 4, 5, 6, 7, 8, 9, 10, 11, 12, 13, 15]
2026-05-21 15:16:21 [INFO] 分割完成，检测到 0 个物体
2026-05-21 15:16:21 [INFO] 从分割掩码中提取检测结果
2026-05-21 15:16:22 [INFO] 从掩码中提取了 533 个检测框
2026-05-21 15:16:22 [INFO] 保存分割和检测结果到: C:\code\show\Scrap_Steel_In_Field\photos\segmentation\segment_20260521_151622.jpg
2026-05-21 15:16:22 [INFO] JSON结果保存到: C:\code\show\Scrap_Steel_In_Field\photos\segmentation_result.json
2026-05-21 15:16:22 [INFO] 类别统计：{0: 14, 1: 61, 2: 34, 3: 8, 4: 21, 5: 58, 6: 26, 7: 41, 8: 58, 9: 70, 10: 20, 11: 16, 12: 12, 13: 66, 14: 0, 15: 28}
2026-05-21 15:16:22 [INFO] 面积统计：{0: np.float64(2944836.0), 1: np.float64(762804.0), 2: np.float64(88488.0), 3: np.float64(175860.0), 4: np.float64(122796.0), 5: np.float64(123120.0), 6: np.float64(521712.0), 7: np.float64(76752.0), 8: np.float64(777744.0), 9: np.float64(430668.0), 10: np.float64(117252.0), 11: np.float64(191196.0), 12: np.float64(187524.0), 13: np.float64(551160.0), 15: np.float64(166140.0)}
2026-05-21 15:16:22 [INFO] 分割成功
2026-05-21 15:16:22 [INFO] 引擎上下文已释放
2026-05-21 15:16:22 [INFO] TensorRT 引擎已释放
2026-05-21 15:16:22 [INFO] 全局 CUDA 资源已释放
2026-05-21 15:16:22 [INFO] 分割系统资源已释放
2026-05-21 15:16:27 [INFO] CUDA 初始化成功
2026-05-21 15:16:27 [INFO] 引擎加载成功: scrap_steel.engine
2026-05-21 15:16:27 [INFO] 分割系统初始化成功
2026-05-21 15:16:27 [INFO] 图像预处理完成，原始尺寸: (2160, 3840)
2026-05-21 15:16:27 [INFO] 开始执行分割...
2026-05-21 15:16:27 [DEBUG] 处理后的检测结果形状: (1, 8400, 6)
2026-05-21 15:16:27 [DEBUG] 示例检测结果: [[-4.14985275e+00 -3.30164623e+00  3.89065437e+01  1.54538698e+01
   4.27044569e-08  5.00000000e+00]
 [-6.57281113e+00 -3.09937096e+00  4.43295860e+01  2.98069134e+01
   9.66522862e-09  9.00000000e+00]
 [-3.65219116e+00 -3.58083916e+00  4.57833099e+01  3.04169559e+01
   4.29496438e-09  9.00000000e+00]]
2026-05-21 15:16:27 [DEBUG] 处理后检测输出形状: (0, 52)
2026-05-21 15:16:27 [DEBUG] 有效检测数量: 0
2026-05-21 15:16:27 [DEBUG] 检测输出为空
2026-05-21 15:16:27 [INFO] 掩码中检测到的类别: [0, 1, 2, 3, 4, 5, 6, 7, 8, 9, 10, 11, 12, 13, 15]
2026-05-21 15:16:27 [INFO] 分割完成，检测到 0 个物体
2026-05-21 15:16:27 [INFO] 从分割掩码中提取检测结果
2026-05-21 15:16:27 [INFO] 从掩码中提取了 540 个检测框
2026-05-21 15:16:28 [INFO] 保存分割和检测结果到: C:\code\show\Scrap_Steel_In_Field\photos\segmentation\segment_20260521_151627.jpg
2026-05-21 15:16:28 [INFO] JSON结果保存到: C:\code\show\Scrap_Steel_In_Field\photos\segmentation_result.json
2026-05-21 15:16:28 [INFO] 类别统计：{0: 21, 1: 62, 2: 26, 3: 8, 4: 25, 5: 38, 6: 15, 7: 36, 8: 62, 9: 62, 10: 23, 11: 23, 12: 12, 13: 87, 14: 0, 15: 40}
2026-05-21 15:16:28 [INFO] 面积统计：{0: np.float64(2282940.0), 1: np.float64(637200.0), 2: np.float64(75960.0), 3: np.float64(173268.0), 4: np.float64(134640.0), 5: np.float64(65952.0), 6: np.float64(566532.0), 7: np.float64(83556.0), 8: np.float64(1053684.0), 9: np.float64(429624.0), 10: np.float64(101988.0), 11: np.float64(214380.0), 12: np.float64(66672.0), 13: np.float64(616032.0), 15: np.float64(262584.0)}
2026-05-21 15:16:28 [INFO] 分割成功
2026-05-21 15:16:28 [INFO] 引擎上下文已释放
2026-05-21 15:16:28 [INFO] TensorRT 引擎已释放
2026-05-21 15:16:28 [INFO] 全局 CUDA 资源已释放
2026-05-21 15:16:28 [INFO] 分割系统资源已释放
2026-05-21 15:16:32 [INFO] CUDA 初始化成功
2026-05-21 15:16:32 [INFO] 引擎加载成功: scrap_steel.engine
2026-05-21 15:16:32 [INFO] 分割系统初始化成功
2026-05-21 15:16:32 [INFO] 图像预处理完成，原始尺寸: (2160, 3840)
2026-05-21 15:16:32 [INFO] 开始执行分割...
2026-05-21 15:16:32 [DEBUG] 处理后的检测结果形状: (1, 8400, 6)
2026-05-21 15:16:32 [DEBUG] 示例检测结果: [[-4.15875626e+00 -3.28348255e+00  4.08200302e+01  1.58232908e+01
   5.09347018e-08  5.00000000e+00]
 [-6.38711929e+00 -2.91681480e+00  4.53025627e+01  3.06636372e+01
   1.04450528e-08  9.00000000e+00]
 [-3.42418289e+00 -3.23385239e+00  4.60688553e+01  3.09147453e+01
   4.87621854e-09  9.00000000e+00]]
2026-05-21 15:16:32 [DEBUG] 处理后检测输出形状: (0, 52)
2026-05-21 15:16:32 [DEBUG] 有效检测数量: 0
2026-05-21 15:16:32 [DEBUG] 检测输出为空
2026-05-21 15:16:32 [INFO] 掩码中检测到的类别: [0, 1, 2, 3, 4, 5, 6, 7, 8, 9, 10, 11, 12, 13, 15]
2026-05-21 15:16:32 [INFO] 分割完成，检测到 0 个物体
2026-05-21 15:16:32 [INFO] 从分割掩码中提取检测结果
2026-05-21 15:16:32 [INFO] 从掩码中提取了 560 个检测框
2026-05-21 15:16:33 [INFO] 保存分割和检测结果到: C:\code\show\Scrap_Steel_In_Field\photos\segmentation\segment_20260521_151632.jpg
2026-05-21 15:16:33 [INFO] JSON结果保存到: C:\code\show\Scrap_Steel_In_Field\photos\segmentation_result.json
2026-05-21 15:16:33 [INFO] 类别统计：{0: 57, 1: 58, 2: 18, 3: 16, 4: 40, 5: 36, 6: 43, 7: 37, 8: 65, 9: 43, 10: 27, 11: 23, 12: 21, 13: 59, 14: 0, 15: 17}
2026-05-21 15:16:33 [INFO] 面积统计：{0: np.float64(1959840.0), 1: np.float64(438876.0), 2: np.float64(89784.0), 3: np.float64(228528.0), 4: np.float64(121068.0), 5: np.float64(82980.0), 6: np.float64(618228.0), 7: np.float64(67140.0), 8: np.float64(1027008.0), 9: np.float64(531720.0), 10: np.float64(188388.0), 11: np.float64(252144.0), 12: np.float64(393012.0), 13: np.float64(702612.0), 15: np.float64(27756.0)}
2026-05-21 15:16:33 [INFO] 分割成功
2026-05-21 15:16:33 [INFO] 引擎上下文已释放
2026-05-21 15:16:33 [INFO] TensorRT 引擎已释放
2026-05-21 15:16:33 [INFO] 全局 CUDA 资源已释放
2026-05-21 15:16:33 [INFO] 分割系统资源已释放
2026-05-21 15:16:37 [INFO] CUDA 初始化成功
2026-05-21 15:16:37 [INFO] 引擎加载成功: scrap_steel.engine
2026-05-21 15:16:37 [INFO] 分割系统初始化成功
2026-05-21 15:16:37 [INFO] 图像预处理完成，原始尺寸: (2160, 3840)
2026-05-21 15:16:37 [INFO] 开始执行分割...
2026-05-21 15:16:37 [DEBUG] 处理后的检测结果形状: (1, 8400, 6)
2026-05-21 15:16:37 [DEBUG] 示例检测结果: [[-4.05763245e+00 -3.25662804e+00  3.88233261e+01  1.55179787e+01
   4.33965504e-08  5.00000000e+00]
 [-6.38739014e+00 -3.03112602e+00  4.41098633e+01  2.99028263e+01
   9.85327020e-09  9.00000000e+00]
 [-3.65640259e+00 -3.56135845e+00  4.56262970e+01  3.05321655e+01
   4.44188686e-09  9.00000000e+00]]
2026-05-21 15:16:37 [DEBUG] 处理后检测输出形状: (0, 52)
2026-05-21 15:16:37 [DEBUG] 有效检测数量: 0
2026-05-21 15:16:37 [DEBUG] 检测输出为空
2026-05-21 15:16:37 [INFO] 掩码中检测到的类别: [0, 1, 2, 3, 4, 5, 6, 7, 8, 9, 10, 11, 12, 13, 15]
2026-05-21 15:16:37 [INFO] 分割完成，检测到 0 个物体
2026-05-21 15:16:37 [INFO] 从分割掩码中提取检测结果
2026-05-21 15:16:37 [INFO] 从掩码中提取了 529 个检测框
2026-05-21 15:16:37 [INFO] 检测到车兜区域，将过滤区域外的目标
2026-05-21 15:16:37 [INFO] 车兜区域过滤: 529 -> 168 个目标
2026-05-21 15:16:38 [INFO] 保存分割和检测结果到: C:\code\show\Scrap_Steel_In_Field\photos\segmentation\segment_20260521_151637.jpg
2026-05-21 15:16:38 [INFO] JSON结果保存到: C:\code\show\Scrap_Steel_In_Field\photos\segmentation_result.json
2026-05-21 15:16:38 [INFO] 类别统计：{1: 399357, 2: 39816, 3: 3888, 4: 12744, 5: 61524, 6: 41839, 7: 25812, 8: 22104, 9: 34741, 10: 85752, 11: 936, 12: 100210, 13: 17699, 15: 10908}
2026-05-21 15:16:38 [INFO] 面积统计：{1: np.float64(399357.0), 2: np.float64(39816.0), 3: np.float64(3888.0), 4: np.float64(12744.0), 5: np.float64(61524.0), 6: np.float64(41839.0), 7: np.float64(25812.0), 8: np.float64(22104.0), 9: np.float64(34741.0), 10: np.float64(85752.0), 11: np.float64(936.0), 12: np.float64(100210.0), 13: np.float64(17699.0), 15: np.float64(10908.0)}
2026-05-21 15:16:38 [INFO] 分割成功
2026-05-21 15:16:38 [INFO] 引擎上下文已释放
2026-05-21 15:16:38 [INFO] TensorRT 引擎已释放
2026-05-21 15:16:38 [INFO] 全局 CUDA 资源已释放
2026-05-21 15:16:38 [INFO] 分割系统资源已释放
2026-05-21 15:16:42 [INFO] CUDA 初始化成功
2026-05-21 15:16:42 [INFO] 引擎加载成功: scrap_steel.engine
2026-05-21 15:16:42 [INFO] 分割系统初始化成功
2026-05-21 15:16:42 [INFO] 图像预处理完成，原始尺寸: (2160, 3840)
2026-05-21 15:16:42 [INFO] 开始执行分割...
2026-05-21 15:16:42 [DEBUG] 处理后的检测结果形状: (1, 8400, 6)
2026-05-21 15:16:42 [DEBUG] 示例检测结果: [[-4.09878540e+00 -3.26353264e+00  3.88484230e+01  1.54506435e+01
   4.10490770e-08  5.00000000e+00]
 [-6.39723969e+00 -3.02565861e+00  4.41117439e+01  2.95699081e+01
   9.79918635e-09  9.00000000e+00]
 [-3.66987610e+00 -3.61065578e+00  4.56334534e+01  3.01881866e+01
   4.34963177e-09  9.00000000e+00]]
2026-05-21 15:16:42 [DEBUG] 处理后检测输出形状: (0, 52)
2026-05-21 15:16:42 [DEBUG] 有效检测数量: 0
2026-05-21 15:16:42 [DEBUG] 检测输出为空
2026-05-21 15:16:42 [INFO] 掩码中检测到的类别: [0, 1, 2, 3, 4, 5, 6, 7, 8, 9, 10, 11, 12, 13, 15]
2026-05-21 15:16:42 [INFO] 分割完成，检测到 0 个物体
2026-05-21 15:16:42 [INFO] 从分割掩码中提取检测结果
2026-05-21 15:16:43 [INFO] 从掩码中提取了 510 个检测框
2026-05-21 15:16:43 [INFO] 检测到车兜区域，将过滤区域外的目标
2026-05-21 15:16:43 [INFO] 车兜区域过滤: 510 -> 175 个目标
2026-05-21 15:16:43 [INFO] 保存分割和检测结果到: C:\code\show\Scrap_Steel_In_Field\photos\segmentation\segment_20260521_151643.jpg
2026-05-21 15:16:43 [INFO] JSON结果保存到: C:\code\show\Scrap_Steel_In_Field\photos\segmentation_result.json
2026-05-21 15:16:43 [INFO] 类别统计：{1: 369260, 2: 34560, 3: 396, 4: 10296, 5: 61092, 6: 54010, 7: 26352, 8: 21780, 9: 38799, 10: 87840, 11: 252, 12: 98896, 13: 14557, 15: 7920}
2026-05-21 15:16:43 [INFO] 面积统计：{1: np.float64(369260.0), 2: np.float64(34560.0), 3: np.float64(396.0), 4: np.float64(10296.0), 5: np.float64(61092.0), 6: np.float64(54010.0), 7: np.float64(26352.0), 8: np.float64(21780.0), 9: np.float64(38799.0), 10: np.float64(87840.0), 11: np.float64(252.0), 12: np.float64(98896.0), 13: np.float64(14557.0), 15: np.float64(7920.0)}
2026-05-21 15:16:43 [INFO] 分割成功
2026-05-21 15:16:43 [INFO] 引擎上下文已释放
2026-05-21 15:16:43 [INFO] TensorRT 引擎已释放
2026-05-21 15:16:43 [INFO] 全局 CUDA 资源已释放
2026-05-21 15:16:43 [INFO] 分割系统资源已释放
2026-05-21 15:16:47 [INFO] CUDA 初始化成功
2026-05-21 15:16:47 [INFO] 引擎加载成功: scrap_steel.engine
2026-05-21 15:16:47 [INFO] 分割系统初始化成功
2026-05-21 15:16:47 [INFO] 图像预处理完成，原始尺寸: (2160, 3840)
2026-05-21 15:16:47 [INFO] 开始执行分割...
2026-05-21 15:16:47 [DEBUG] 处理后的检测结果形状: (1, 8400, 6)
2026-05-21 15:16:47 [DEBUG] 示例检测结果: [[-4.02553177e+00 -3.27891159e+00  3.87121353e+01  1.54635010e+01
   4.30608367e-08  5.00000000e+00]
 [-6.33420181e+00 -3.03183270e+00  4.41953468e+01  2.99024124e+01
   9.51516199e-09  9.00000000e+00]
 [-3.64389420e+00 -3.59034157e+00  4.56591454e+01  3.04959469e+01
   4.18079082e-09  9.00000000e+00]]
2026-05-21 15:16:47 [DEBUG] 处理后检测输出形状: (0, 52)
2026-05-21 15:16:47 [DEBUG] 有效检测数量: 0
2026-05-21 15:16:47 [DEBUG] 检测输出为空
2026-05-21 15:16:47 [INFO] 掩码中检测到的类别: [0, 1, 2, 3, 4, 5, 6, 7, 8, 9, 10, 11, 12, 13, 15]
2026-05-21 15:16:47 [INFO] 分割完成，检测到 0 个物体
2026-05-21 15:16:47 [INFO] 从分割掩码中提取检测结果
2026-05-21 15:16:48 [INFO] 从掩码中提取了 574 个检测框
2026-05-21 15:16:48 [INFO] 检测到车兜区域，将过滤区域外的目标
2026-05-21 15:16:48 [INFO] 车兜区域过滤: 574 -> 176 个目标
2026-05-21 15:16:48 [INFO] 保存分割和检测结果到: C:\code\show\Scrap_Steel_In_Field\photos\segmentation\segment_20260521_151648.jpg
2026-05-21 15:16:48 [INFO] JSON结果保存到: C:\code\show\Scrap_Steel_In_Field\photos\segmentation_result.json
2026-05-21 15:16:48 [INFO] 类别统计：{1: 398916, 2: 33768, 3: 1800, 4: 9864, 5: 58356, 6: 44244, 7: 31176, 8: 18108, 9: 44965, 10: 90612, 11: 468, 12: 124531, 13: 15688, 15: 10872}
2026-05-21 15:16:48 [INFO] 面积统计：{1: np.float64(398916.0), 2: np.float64(33768.0), 3: np.float64(1800.0), 4: np.float64(9864.0), 5: np.float64(58356.0), 6: np.float64(44244.0), 7: np.float64(31176.0), 8: np.float64(18108.0), 9: np.float64(44965.0), 10: np.float64(90612.0), 11: np.float64(468.0), 12: np.float64(124531.0), 13: np.float64(15688.0), 15: np.float64(10872.0)}
2026-05-21 15:16:48 [INFO] 分割成功
2026-05-21 15:16:48 [INFO] 引擎上下文已释放
2026-05-21 15:16:48 [INFO] TensorRT 引擎已释放
2026-05-21 15:16:48 [INFO] 全局 CUDA 资源已释放
2026-05-21 15:16:48 [INFO] 分割系统资源已释放
2026-05-21 15:16:53 [INFO] CUDA 初始化成功
2026-05-21 15:16:53 [INFO] 引擎加载成功: scrap_steel.engine
2026-05-21 15:16:53 [INFO] 分割系统初始化成功
2026-05-21 15:16:53 [INFO] 图像预处理完成，原始尺寸: (2160, 3840)
2026-05-21 15:16:53 [INFO] 开始执行分割...
2026-05-21 15:16:53 [DEBUG] 处理后的检测结果形状: (1, 8400, 6)
2026-05-21 15:16:53 [DEBUG] 示例检测结果: [[-3.97832870e+00 -3.25326443e+00  3.88373184e+01  1.54562330e+01
   4.37479777e-08  5.00000000e+00]
 [-6.23542786e+00 -2.96736431e+00  4.41786690e+01  2.98551216e+01
   9.91897764e-09  9.00000000e+00]
 [-3.61257935e+00 -3.54557610e+00  4.56219330e+01  3.05563679e+01
   4.33679048e-09  9.00000000e+00]]
2026-05-21 15:16:53 [DEBUG] 处理后检测输出形状: (0, 52)
2026-05-21 15:16:53 [DEBUG] 有效检测数量: 0
2026-05-21 15:16:53 [DEBUG] 检测输出为空
2026-05-21 15:16:53 [INFO] 掩码中检测到的类别: [0, 1, 2, 3, 4, 5, 6, 7, 8, 9, 10, 11, 12, 13, 15]
2026-05-21 15:16:53 [INFO] 分割完成，检测到 0 个物体
2026-05-21 15:16:53 [INFO] 从分割掩码中提取检测结果
2026-05-21 15:16:53 [INFO] 从掩码中提取了 558 个检测框
2026-05-21 15:16:53 [INFO] 检测到车兜区域，将过滤区域外的目标
2026-05-21 15:16:53 [INFO] 车兜区域过滤: 558 -> 178 个目标
2026-05-21 15:16:55 [INFO] 保存分割和检测结果到: C:\code\show\Scrap_Steel_In_Field\photos\segmentation\segment_20260521_151653.jpg
2026-05-21 15:16:55 [INFO] JSON结果保存到: C:\code\show\Scrap_Steel_In_Field\photos\segmentation_result.json
2026-05-21 15:16:55 [INFO] 类别统计：{1: 394515, 2: 28656, 3: 576, 4: 10872, 5: 61056, 6: 53244, 7: 32508, 8: 16848, 9: 48436, 10: 87444, 11: 396, 12: 129201, 13: 14060, 15: 10836}
2026-05-21 15:16:55 [INFO] 面积统计：{1: np.float64(394515.0), 2: np.float64(28656.0), 3: np.float64(576.0), 4: np.float64(10872.0), 5: np.float64(61056.0), 6: np.float64(53244.0), 7: np.float64(32508.0), 8: np.float64(16848.0), 9: np.float64(48436.0), 10: np.float64(87444.0), 11: np.float64(396.0), 12: np.float64(129201.0), 13: np.float64(14060.0), 15: np.float64(10836.0)}
2026-05-21 15:16:55 [INFO] 分割成功
2026-05-21 15:16:55 [INFO] 引擎上下文已释放
2026-05-21 15:16:55 [INFO] TensorRT 引擎已释放
2026-05-21 15:16:55 [INFO] 全局 CUDA 资源已释放
2026-05-21 15:16:55 [INFO] 分割系统资源已释放
2026-05-21 15:16:59 [INFO] CUDA 初始化成功
2026-05-21 15:16:59 [INFO] 引擎加载成功: scrap_steel.engine
2026-05-21 15:16:59 [INFO] 分割系统初始化成功
2026-05-21 15:16:59 [INFO] 图像预处理完成，原始尺寸: (2160, 3840)
2026-05-21 15:16:59 [INFO] 开始执行分割...
2026-05-21 15:16:59 [DEBUG] 处理后的检测结果形状: (1, 8400, 6)
2026-05-21 15:16:59 [DEBUG] 示例检测结果: [[-4.00923920e+00 -3.22723103e+00  3.89561577e+01  1.54064951e+01
   4.53339091e-08  5.00000000e+00]
 [-6.27498245e+00 -2.96656036e+00  4.43162880e+01  2.99027863e+01
   1.02577786e-08  9.00000000e+00]
 [-3.64524460e+00 -3.56921387e+00  4.56969872e+01  3.05958900e+01
   4.41479031e-09  9.00000000e+00]]
2026-05-21 15:16:59 [DEBUG] 处理后检测输出形状: (0, 52)
2026-05-21 15:16:59 [DEBUG] 有效检测数量: 0
2026-05-21 15:16:59 [DEBUG] 检测输出为空
2026-05-21 15:16:59 [INFO] 掩码中检测到的类别: [0, 1, 2, 3, 4, 5, 6, 7, 8, 9, 10, 11, 12, 13, 15]
2026-05-21 15:16:59 [INFO] 分割完成，检测到 0 个物体
2026-05-21 15:16:59 [INFO] 从分割掩码中提取检测结果
2026-05-21 15:16:59 [INFO] 从掩码中提取了 542 个检测框
2026-05-21 15:16:59 [INFO] 检测到车兜区域，将过滤区域外的目标
2026-05-21 15:16:59 [INFO] 车兜区域过滤: 542 -> 171 个目标
2026-05-21 15:17:00 [INFO] 保存分割和检测结果到: C:\code\show\Scrap_Steel_In_Field\photos\segmentation\segment_20260521_151700.jpg
2026-05-21 15:17:00 [INFO] JSON结果保存到: C:\code\show\Scrap_Steel_In_Field\photos\segmentation_result.json
2026-05-21 15:17:00 [INFO] 类别统计：{1: 384905, 2: 38052, 3: 36, 4: 8820, 5: 60120, 6: 48384, 7: 27432, 8: 19908, 9: 42241, 10: 86904, 11: 288, 12: 125890, 13: 15244, 15: 11016}
2026-05-21 15:17:00 [INFO] 面积统计：{1: np.float64(384905.0), 2: np.float64(38052.0), 3: np.float64(36.0), 4: np.float64(8820.0), 5: np.float64(60120.0), 6: np.float64(48384.0), 7: np.float64(27432.0), 8: np.float64(19908.0), 9: np.float64(42241.0), 10: np.float64(86904.0), 11: np.float64(288.0), 12: np.float64(125890.0), 13: np.float64(15244.0), 15: np.float64(11016.0)}
2026-05-21 15:17:00 [INFO] 分割成功
2026-05-21 15:17:00 [INFO] 引擎上下文已释放
2026-05-21 15:17:00 [INFO] TensorRT 引擎已释放
2026-05-21 15:17:00 [INFO] 全局 CUDA 资源已释放
2026-05-21 15:17:00 [INFO] 分割系统资源已释放
2026-05-21 15:17:04 [INFO] CUDA 初始化成功
2026-05-21 15:17:04 [INFO] 引擎加载成功: scrap_steel.engine
2026-05-21 15:17:04 [INFO] 分割系统初始化成功
2026-05-21 15:17:04 [INFO] 图像预处理完成，原始尺寸: (2160, 3840)
2026-05-21 15:17:04 [INFO] 开始执行分割...
2026-05-21 15:17:04 [DEBUG] 处理后的检测结果形状: (1, 8400, 6)
2026-05-21 15:17:04 [DEBUG] 示例检测结果: [[-4.00923920e+00 -3.28153610e+00  3.89093285e+01  1.55463257e+01
   4.53339091e-08  5.00000000e+00]
 [-6.27244568e+00 -3.01503181e+00  4.42832184e+01  2.99993114e+01
   1.01377786e-08  9.00000000e+00]
 [-3.64584351e+00 -3.58865643e+00  4.56549835e+01  3.06396523e+01
   4.38359038e-09  9.00000000e+00]]
2026-05-21 15:17:04 [DEBUG] 处理后检测输出形状: (0, 52)
2026-05-21 15:17:04 [DEBUG] 有效检测数量: 0
2026-05-21 15:17:04 [DEBUG] 检测输出为空
2026-05-21 15:17:04 [INFO] 掩码中检测到的类别: [0, 1, 2, 3, 4, 5, 6, 7, 8, 9, 10, 11, 12, 13, 15]
2026-05-21 15:17:04 [INFO] 分割完成，检测到 0 个物体
2026-05-21 15:17:04 [INFO] 从分割掩码中提取检测结果
2026-05-21 15:17:04 [INFO] 从掩码中提取了 579 个检测框
2026-05-21 15:17:04 [INFO] 检测到车兜区域，将过滤区域外的目标
2026-05-21 15:17:04 [INFO] 车兜区域过滤: 579 -> 183 个目标
2026-05-21 15:17:05 [INFO] 保存分割和检测结果到: C:\code\show\Scrap_Steel_In_Field\photos\segmentation\segment_20260521_151704.jpg
2026-05-21 15:17:05 [INFO] JSON结果保存到: C:\code\show\Scrap_Steel_In_Field\photos\segmentation_result.json
2026-05-21 15:17:05 [INFO] 类别统计：{1: 378575, 2: 33156, 3: 108, 4: 10728, 5: 61488, 6: 51048, 7: 30528, 8: 18216, 9: 38980, 10: 87480, 11: 108, 12: 128911, 13: 15050, 15: 10332}
2026-05-21 15:17:05 [INFO] 面积统计：{1: np.float64(378575.0), 2: np.float64(33156.0), 3: np.float64(108.0), 4: np.float64(10728.0), 5: np.float64(61488.0), 6: np.float64(51048.0), 7: np.float64(30528.0), 8: np.float64(18216.0), 9: np.float64(38980.0), 10: np.float64(87480.0), 11: np.float64(108.0), 12: np.float64(128911.0), 13: np.float64(15050.0), 15: np.float64(10332.0)}
2026-05-21 15:17:05 [INFO] 分割成功
2026-05-21 15:17:05 [INFO] 引擎上下文已释放
2026-05-21 15:17:05 [INFO] TensorRT 引擎已释放
2026-05-21 15:17:05 [INFO] 全局 CUDA 资源已释放
2026-05-21 15:17:05 [INFO] 分割系统资源已释放
2026-05-21 15:17:09 [INFO] CUDA 初始化成功
2026-05-21 15:17:09 [INFO] 引擎加载成功: scrap_steel.engine
2026-05-21 15:17:09 [INFO] 分割系统初始化成功
2026-05-21 15:17:09 [INFO] 图像预处理完成，原始尺寸: (2160, 3840)
2026-05-21 15:17:09 [INFO] 开始执行分割...
2026-05-21 15:17:09 [DEBUG] 处理后的检测结果形状: (1, 8400, 6)
2026-05-21 15:17:09 [DEBUG] 示例检测结果: [[-4.02601242e+00 -3.26351929e+00  3.87582703e+01  1.55490665e+01
   4.33969625e-08  5.00000000e+00]
 [-6.24664688e+00 -3.00777435e+00  4.41758232e+01  2.99439201e+01
   9.77672343e-09  9.00000000e+00]
 [-3.61214447e+00 -3.56221676e+00  4.56261520e+01  3.05603561e+01
   4.24484448e-09  9.00000000e+00]]
2026-05-21 15:17:09 [DEBUG] 处理后检测输出形状: (0, 52)
2026-05-21 15:17:09 [DEBUG] 有效检测数量: 0
2026-05-21 15:17:09 [DEBUG] 检测输出为空
2026-05-21 15:17:09 [INFO] 掩码中检测到的类别: [0, 1, 2, 3, 4, 5, 6, 7, 8, 9, 10, 11, 12, 13, 15]
2026-05-21 15:17:09 [INFO] 分割完成，检测到 0 个物体
2026-05-21 15:17:09 [INFO] 从分割掩码中提取检测结果
2026-05-21 15:17:10 [INFO] 从掩码中提取了 567 个检测框
2026-05-21 15:17:10 [INFO] 检测到车兜区域，将过滤区域外的目标
2026-05-21 15:17:10 [INFO] 车兜区域过滤: 567 -> 173 个目标
2026-05-21 15:17:10 [INFO] 保存分割和检测结果到: C:\code\show\Scrap_Steel_In_Field\photos\segmentation\segment_20260521_151710.jpg
2026-05-21 15:17:10 [INFO] JSON结果保存到: C:\code\show\Scrap_Steel_In_Field\photos\segmentation_result.json
2026-05-21 15:17:10 [INFO] 类别统计：{1: 375146, 2: 33408, 4: 9252, 5: 63396, 6: 48024, 7: 30024, 8: 20700, 9: 42154, 10: 88920, 11: 144, 12: 118106, 13: 13567, 15: 9324}
2026-05-21 15:17:10 [INFO] 面积统计：{1: np.float64(375146.0), 2: np.float64(33408.0), 4: np.float64(9252.0), 5: np.float64(63396.0), 6: np.float64(48024.0), 7: np.float64(30024.0), 8: np.float64(20700.0), 9: np.float64(42154.0), 10: np.float64(88920.0), 11: np.float64(144.0), 12: np.float64(118106.0), 13: np.float64(13567.0), 15: np.float64(9324.0)}
2026-05-21 15:17:10 [INFO] 分割成功
2026-05-21 15:17:10 [INFO] 引擎上下文已释放
2026-05-21 15:17:10 [INFO] TensorRT 引擎已释放
2026-05-21 15:17:10 [INFO] 全局 CUDA 资源已释放
2026-05-21 15:17:10 [INFO] 分割系统资源已释放
2026-05-21 15:17:14 [INFO] CUDA 初始化成功
2026-05-21 15:17:14 [INFO] 引擎加载成功: scrap_steel.engine
2026-05-21 15:17:14 [INFO] 分割系统初始化成功
2026-05-21 15:17:14 [INFO] 图像预处理完成，原始尺寸: (2160, 3840)
2026-05-21 15:17:14 [INFO] 开始执行分割...
2026-05-21 15:17:14 [DEBUG] 处理后的检测结果形状: (1, 8400, 6)
2026-05-21 15:17:14 [DEBUG] 示例检测结果: [[-4.03990173e+00 -3.30038548e+00  3.88112869e+01  1.55720053e+01
   4.27276774e-08  5.00000000e+00]
 [-6.28582382e+00 -3.01859760e+00  4.42403297e+01  2.99338570e+01
   9.55220969e-09  9.00000000e+00]
 [-3.60883713e+00 -3.56590176e+00  4.56539650e+01  3.05393028e+01
   4.18079082e-09  9.00000000e+00]]
2026-05-21 15:17:14 [DEBUG] 处理后检测输出形状: (0, 52)
2026-05-21 15:17:14 [DEBUG] 有效检测数量: 0
2026-05-21 15:17:14 [DEBUG] 检测输出为空
2026-05-21 15:17:14 [INFO] 掩码中检测到的类别: [0, 1, 2, 3, 4, 5, 6, 7, 8, 9, 10, 11, 12, 13, 15]
2026-05-21 15:17:14 [INFO] 分割完成，检测到 0 个物体
2026-05-21 15:17:14 [INFO] 从分割掩码中提取检测结果
2026-05-21 15:17:15 [INFO] 从掩码中提取了 555 个检测框
2026-05-21 15:17:15 [INFO] 检测到车兜区域，将过滤区域外的目标
2026-05-21 15:17:15 [INFO] 车兜区域过滤: 555 -> 176 个目标
2026-05-21 15:17:15 [INFO] 保存分割和检测结果到: C:\code\show\Scrap_Steel_In_Field\photos\segmentation\segment_20260521_151715.jpg
2026-05-21 15:17:15 [INFO] JSON结果保存到: C:\code\show\Scrap_Steel_In_Field\photos\segmentation_result.json
2026-05-21 15:17:15 [INFO] 类别统计：{1: 390755, 2: 32112, 3: 144, 4: 9792, 5: 62460, 6: 46332, 7: 29232, 8: 17892, 9: 44170, 10: 89712, 11: 180, 12: 116967, 13: 15315, 15: 10584}
2026-05-21 15:17:15 [INFO] 面积统计：{1: np.float64(390755.0), 2: np.float64(32112.0), 3: np.float64(144.0), 4: np.float64(9792.0), 5: np.float64(62460.0), 6: np.float64(46332.0), 7: np.float64(29232.0), 8: np.float64(17892.0), 9: np.float64(44170.0), 10: np.float64(89712.0), 11: np.float64(180.0), 12: np.float64(116967.0), 13: np.float64(15315.0), 15: np.float64(10584.0)}
2026-05-21 15:17:15 [INFO] 分割成功
2026-05-21 15:17:15 [INFO] 引擎上下文已释放
2026-05-21 15:17:15 [INFO] TensorRT 引擎已释放
2026-05-21 15:17:15 [INFO] 全局 CUDA 资源已释放
2026-05-21 15:17:15 [INFO] 分割系统资源已释放
2026-05-21 15:17:19 [INFO] CUDA 初始化成功
2026-05-21 15:17:19 [INFO] 引擎加载成功: scrap_steel.engine
2026-05-21 15:17:19 [INFO] 分割系统初始化成功
2026-05-21 15:17:19 [INFO] 图像预处理完成，原始尺寸: (2160, 3840)
2026-05-21 15:17:19 [INFO] 开始执行分割...
2026-05-21 15:17:19 [DEBUG] 处理后的检测结果形状: (1, 8400, 6)
2026-05-21 15:17:19 [DEBUG] 示例检测结果: [[-3.98040390e+00 -3.25302601e+00  3.87200050e+01  1.54437304e+01
   4.40944490e-08  5.00000000e+00]
 [-6.23108673e+00 -2.99267673e+00  4.41169434e+01  2.97981873e+01
   9.85023263e-09  9.00000000e+00]
 [-3.61154175e+00 -3.58743763e+00  4.56166267e+01  3.05062752e+01
   4.32476632e-09  9.00000000e+00]]
2026-05-21 15:17:19 [DEBUG] 处理后检测输出形状: (0, 52)
2026-05-21 15:17:19 [DEBUG] 有效检测数量: 0
2026-05-21 15:17:19 [DEBUG] 检测输出为空
2026-05-21 15:17:20 [INFO] 掩码中检测到的类别: [0, 1, 2, 3, 4, 5, 6, 7, 8, 9, 10, 11, 12, 13, 15]
2026-05-21 15:17:20 [INFO] 分割完成，检测到 0 个物体
2026-05-21 15:17:20 [INFO] 从分割掩码中提取检测结果
2026-05-21 15:17:20 [INFO] 从掩码中提取了 551 个检测框
2026-05-21 15:17:20 [INFO] 检测到车兜区域，将过滤区域外的目标
2026-05-21 15:17:20 [INFO] 车兜区域过滤: 551 -> 170 个目标
2026-05-21 15:17:20 [INFO] 保存分割和检测结果到: C:\code\show\Scrap_Steel_In_Field\photos\segmentation\segment_20260521_151720.jpg
2026-05-21 15:17:20 [INFO] JSON结果保存到: C:\code\show\Scrap_Steel_In_Field\photos\segmentation_result.json
2026-05-21 15:17:20 [INFO] 类别统计：{1: 396405, 2: 39528, 3: 108, 4: 10296, 5: 58644, 6: 45216, 7: 32472, 8: 20628, 9: 48176, 10: 89712, 11: 648, 12: 118488, 13: 15190, 15: 8964}
2026-05-21 15:17:20 [INFO] 面积统计：{1: np.float64(396405.0), 2: np.float64(39528.0), 3: np.float64(108.0), 4: np.float64(10296.0), 5: np.float64(58644.0), 6: np.float64(45216.0), 7: np.float64(32472.0), 8: np.float64(20628.0), 9: np.float64(48176.0), 10: np.float64(89712.0), 11: np.float64(648.0), 12: np.float64(118488.0), 13: np.float64(15190.0), 15: np.float64(8964.0)}
2026-05-21 15:17:20 [INFO] 分割成功
2026-05-21 15:17:20 [INFO] 引擎上下文已释放
2026-05-21 15:17:20 [INFO] TensorRT 引擎已释放
2026-05-21 15:17:20 [INFO] 全局 CUDA 资源已释放
2026-05-21 15:17:20 [INFO] 分割系统资源已释放
2026-05-21 15:17:25 [INFO] CUDA 初始化成功
2026-05-21 15:17:25 [INFO] 引擎加载成功: scrap_steel.engine
2026-05-21 15:17:25 [INFO] 分割系统初始化成功
2026-05-21 15:17:25 [INFO] 图像预处理完成，原始尺寸: (2160, 3840)
2026-05-21 15:17:25 [INFO] 开始执行分割...
2026-05-21 15:17:25 [DEBUG] 处理后的检测结果形状: (1, 8400, 6)
2026-05-21 15:17:25 [DEBUG] 示例检测结果: [[-4.00857162e+00 -3.27801323e+00  3.88936195e+01  1.55700436e+01
   4.37537082e-08  5.00000000e+00]
 [-6.27657318e+00 -3.01888084e+00  4.42538223e+01  2.99679546e+01
   9.85023263e-09  9.00000000e+00]
 [-3.60649109e+00 -3.58795452e+00  4.56639481e+01  3.05815010e+01
   4.24484448e-09  9.00000000e+00]]
2026-05-21 15:17:25 [DEBUG] 处理后检测输出形状: (0, 52)
2026-05-21 15:17:25 [DEBUG] 有效检测数量: 0
2026-05-21 15:17:25 [DEBUG] 检测输出为空
2026-05-21 15:17:25 [INFO] 掩码中检测到的类别: [0, 1, 2, 3, 4, 5, 6, 7, 8, 9, 10, 11, 12, 13, 15]
2026-05-21 15:17:25 [INFO] 分割完成，检测到 0 个物体
2026-05-21 15:17:25 [INFO] 从分割掩码中提取检测结果
2026-05-21 15:17:25 [INFO] 从掩码中提取了 552 个检测框
2026-05-21 15:17:25 [INFO] 检测到车兜区域，将过滤区域外的目标
2026-05-21 15:17:25 [INFO] 车兜区域过滤: 552 -> 174 个目标
2026-05-21 15:17:25 [INFO] 保存分割和检测结果到: C:\code\show\Scrap_Steel_In_Field\photos\segmentation\segment_20260521_151725.jpg
2026-05-21 15:17:25 [INFO] JSON结果保存到: C:\code\show\Scrap_Steel_In_Field\photos\segmentation_result.json
2026-05-21 15:17:25 [INFO] 类别统计：{1: 391236, 2: 33768, 3: 36, 4: 10404, 5: 66996, 6: 45648, 7: 29124, 8: 19692, 9: 41934, 10: 84600, 11: 396, 12: 121455, 13: 14627, 15: 10476}
2026-05-21 15:17:25 [INFO] 面积统计：{1: np.float64(391236.0), 2: np.float64(33768.0), 3: np.float64(36.0), 4: np.float64(10404.0), 5: np.float64(66996.0), 6: np.float64(45648.0), 7: np.float64(29124.0), 8: np.float64(19692.0), 9: np.float64(41934.0), 10: np.float64(84600.0), 11: np.float64(396.0), 12: np.float64(121455.0), 13: np.float64(14627.0), 15: np.float64(10476.0)}
2026-05-21 15:17:25 [INFO] 分割成功
2026-05-21 15:17:25 [INFO] 引擎上下文已释放
2026-05-21 15:17:25 [INFO] TensorRT 引擎已释放
2026-05-21 15:17:25 [INFO] 全局 CUDA 资源已释放
2026-05-21 15:17:25 [INFO] 分割系统资源已释放
2026-05-21 15:17:30 [INFO] CUDA 初始化成功
2026-05-21 15:17:30 [INFO] 引擎加载成功: scrap_steel.engine
2026-05-21 15:17:30 [INFO] 分割系统初始化成功
2026-05-21 15:17:30 [INFO] 图像预处理完成，原始尺寸: (2160, 3840)
2026-05-21 15:17:30 [INFO] 开始执行分割...
2026-05-21 15:17:30 [DEBUG] 处理后的检测结果形状: (1, 8400, 6)
2026-05-21 15:17:30 [DEBUG] 示例检测结果: [[-3.99509811e+00 -3.27532005e+00  3.88309402e+01  1.55688190e+01
   4.47923441e-08  5.00000000e+00]
 [-6.28021240e+00 -3.00384140e+00  4.41792870e+01  2.99169502e+01
   1.00313358e-08  9.00000000e+00]
 [-3.62586975e+00 -3.56310654e+00  4.56283875e+01  3.05103607e+01
   4.29093916e-09  9.00000000e+00]]
2026-05-21 15:17:30 [DEBUG] 处理后检测输出形状: (0, 52)
2026-05-21 15:17:30 [DEBUG] 有效检测数量: 0
2026-05-21 15:17:30 [DEBUG] 检测输出为空
2026-05-21 15:17:30 [INFO] 掩码中检测到的类别: [0, 1, 2, 3, 4, 5, 6, 7, 8, 9, 10, 11, 12, 13, 15]
2026-05-21 15:17:30 [INFO] 分割完成，检测到 0 个物体
2026-05-21 15:17:30 [INFO] 从分割掩码中提取检测结果
2026-05-21 15:17:30 [INFO] 从掩码中提取了 553 个检测框
2026-05-21 15:17:30 [INFO] 检测到车兜区域，将过滤区域外的目标
2026-05-21 15:17:30 [INFO] 车兜区域过滤: 553 -> 169 个目标
2026-05-21 15:17:31 [INFO] 保存分割和检测结果到: C:\code\show\Scrap_Steel_In_Field\photos\segmentation\segment_20260521_151730.jpg
2026-05-21 15:17:31 [INFO] JSON结果保存到: C:\code\show\Scrap_Steel_In_Field\photos\segmentation_result.json
2026-05-21 15:17:31 [INFO] 类别统计：{1: 380162, 2: 32112, 3: 72, 4: 8604, 5: 59400, 6: 45720, 7: 31752, 8: 15889, 9: 42774, 10: 89064, 11: 288, 12: 120236, 13: 14336, 15: 9288}
2026-05-21 15:17:31 [INFO] 面积统计：{1: np.float64(380162.0), 2: np.float64(32112.0), 3: np.float64(72.0), 4: np.float64(8604.0), 5: np.float64(59400.0), 6: np.float64(45720.0), 7: np.float64(31752.0), 8: np.float64(15889.0), 9: np.float64(42774.0), 10: np.float64(89064.0), 11: np.float64(288.0), 12: np.float64(120236.0), 13: np.float64(14336.0), 15: np.float64(9288.0)}
2026-05-21 15:17:31 [INFO] 分割成功
2026-05-21 15:17:31 [INFO] 引擎上下文已释放
2026-05-21 15:17:31 [INFO] TensorRT 引擎已释放
2026-05-21 15:17:31 [INFO] 全局 CUDA 资源已释放
2026-05-21 15:17:31 [INFO] 分割系统资源已释放
2026-05-21 15:17:35 [INFO] CUDA 初始化成功
2026-05-21 15:17:35 [INFO] 引擎加载成功: scrap_steel.engine
2026-05-21 15:17:35 [INFO] 分割系统初始化成功
2026-05-21 15:17:35 [INFO] 图像预处理完成，原始尺寸: (2160, 3840)
2026-05-21 15:17:35 [INFO] 开始执行分割...
2026-05-21 15:17:35 [DEBUG] 处理后的检测结果形状: (1, 8400, 6)
2026-05-21 15:17:35 [DEBUG] 示例检测结果: [[-4.01115417e+00 -3.28211975e+00  3.87457581e+01  1.56339226e+01
   4.32105409e-08  5.00000000e+00]
 [-6.26540756e+00 -3.02391434e+00  4.41711617e+01  2.99365578e+01
   9.93347271e-09  9.00000000e+00]
 [-3.58575439e+00 -3.55357742e+00  4.56138916e+01  3.04352837e+01
   4.31313651e-09  9.00000000e+00]]
2026-05-21 15:17:35 [DEBUG] 处理后检测输出形状: (0, 52)
2026-05-21 15:17:35 [DEBUG] 有效检测数量: 0
2026-05-21 15:17:35 [DEBUG] 检测输出为空
2026-05-21 15:17:35 [INFO] 掩码中检测到的类别: [0, 1, 2, 3, 4, 5, 6, 7, 8, 9, 10, 11, 12, 13, 15]
2026-05-21 15:17:35 [INFO] 分割完成，检测到 0 个物体
2026-05-21 15:17:35 [INFO] 从分割掩码中提取检测结果
2026-05-21 15:17:35 [INFO] 从掩码中提取了 566 个检测框
2026-05-21 15:17:35 [INFO] 检测到车兜区域，将过滤区域外的目标
2026-05-21 15:17:35 [INFO] 车兜区域过滤: 566 -> 164 个目标
2026-05-21 15:17:36 [INFO] 保存分割和检测结果到: C:\code\show\Scrap_Steel_In_Field\photos\segmentation\segment_20260521_151735.jpg
2026-05-21 15:17:36 [INFO] JSON结果保存到: C:\code\show\Scrap_Steel_In_Field\photos\segmentation_result.json
2026-05-21 15:17:36 [INFO] 类别统计：{1: 388492, 2: 34128, 3: 216, 4: 9612, 5: 65484, 6: 46836, 7: 34056, 8: 16452, 9: 37479, 10: 89244, 11: 360, 12: 118673, 13: 14286, 15: 10908}
2026-05-21 15:17:36 [INFO] 面积统计：{1: np.float64(388492.0), 2: np.float64(34128.0), 3: np.float64(216.0), 4: np.float64(9612.0), 5: np.float64(65484.0), 6: np.float64(46836.0), 7: np.float64(34056.0), 8: np.float64(16452.0), 9: np.float64(37479.0), 10: np.float64(89244.0), 11: np.float64(360.0), 12: np.float64(118673.0), 13: np.float64(14286.0), 15: np.float64(10908.0)}
2026-05-21 15:17:36 [INFO] 分割成功
2026-05-21 15:17:36 [INFO] 引擎上下文已释放
2026-05-21 15:17:36 [INFO] TensorRT 引擎已释放
2026-05-21 15:17:36 [INFO] 全局 CUDA 资源已释放
2026-05-21 15:17:36 [INFO] 分割系统资源已释放
2026-05-21 15:17:40 [INFO] CUDA 初始化成功
2026-05-21 15:17:40 [INFO] 引擎加载成功: scrap_steel.engine
2026-05-21 15:17:40 [INFO] 分割系统初始化成功
2026-05-21 15:17:40 [INFO] 图像预处理完成，原始尺寸: (2160, 3840)
2026-05-21 15:17:40 [INFO] 开始执行分割...
2026-05-21 15:17:40 [DEBUG] 处理后的检测结果形状: (1, 8400, 6)
2026-05-21 15:17:40 [DEBUG] 示例检测结果: [[-3.97799683e+00 -3.24003983e+00  3.87946358e+01  1.54328079e+01
   4.55102622e-08  5.00000000e+00]
 [-6.25113297e+00 -2.99409676e+00  4.42317390e+01  2.98757992e+01
   1.01442694e-08  9.00000000e+00]
 [-3.63213348e+00 -3.58569050e+00  4.56538010e+01  3.05649910e+01
   4.33679048e-09  9.00000000e+00]]
2026-05-21 15:17:40 [DEBUG] 处理后检测输出形状: (0, 52)
2026-05-21 15:17:40 [DEBUG] 有效检测数量: 0
2026-05-21 15:17:40 [DEBUG] 检测输出为空
2026-05-21 15:17:40 [INFO] 掩码中检测到的类别: [0, 1, 2, 3, 4, 5, 6, 7, 8, 9, 10, 11, 12, 13, 15]
2026-05-21 15:17:40 [INFO] 分割完成，检测到 0 个物体
2026-05-21 15:17:40 [INFO] 从分割掩码中提取检测结果
2026-05-21 15:17:40 [INFO] 从掩码中提取了 564 个检测框
2026-05-21 15:17:40 [INFO] 检测到车兜区域，将过滤区域外的目标
2026-05-21 15:17:40 [INFO] 车兜区域过滤: 564 -> 177 个目标
2026-05-21 15:17:41 [INFO] 保存分割和检测结果到: C:\code\show\Scrap_Steel_In_Field\photos\segmentation\segment_20260521_151740.jpg
2026-05-21 15:17:41 [INFO] JSON结果保存到: C:\code\show\Scrap_Steel_In_Field\photos\segmentation_result.json
2026-05-21 15:17:41 [INFO] 类别统计：{1: 385719, 2: 30852, 4: 8568, 5: 59076, 6: 44892, 7: 31536, 8: 17676, 9: 39182, 10: 92808, 11: 180, 12: 123944, 13: 13982, 15: 11052}
2026-05-21 15:17:41 [INFO] 面积统计：{1: np.float64(385719.0), 2: np.float64(30852.0), 4: np.float64(8568.0), 5: np.float64(59076.0), 6: np.float64(44892.0), 7: np.float64(31536.0), 8: np.float64(17676.0), 9: np.float64(39182.0), 10: np.float64(92808.0), 11: np.float64(180.0), 12: np.float64(123944.0), 13: np.float64(13982.0), 15: np.float64(11052.0)}
2026-05-21 15:17:41 [INFO] 分割成功
2026-05-21 15:17:41 [INFO] 引擎上下文已释放
2026-05-21 15:17:41 [INFO] TensorRT 引擎已释放
2026-05-21 15:17:41 [INFO] 全局 CUDA 资源已释放
2026-05-21 15:17:41 [INFO] 分割系统资源已释放
2026-05-21 15:17:45 [INFO] CUDA 初始化成功
2026-05-21 15:17:45 [INFO] 引擎加载成功: scrap_steel.engine
2026-05-21 15:17:45 [INFO] 分割系统初始化成功
2026-05-21 15:17:45 [INFO] 图像预处理完成，原始尺寸: (2160, 3840)
2026-05-21 15:17:45 [INFO] 开始执行分割...
2026-05-21 15:17:45 [DEBUG] 处理后的检测结果形状: (1, 8400, 6)
2026-05-21 15:17:45 [DEBUG] 示例检测结果: [[-4.04307556e+00 -3.27935791e+00  3.86970634e+01  1.55883350e+01
   4.33965504e-08  5.00000000e+00]
 [-6.29497910e+00 -3.04327393e+00  4.40560722e+01  2.99386749e+01
   9.62970503e-09  9.00000000e+00]
 [-3.61804581e+00 -3.60556793e+00  4.55817490e+01  3.04876938e+01
   4.18195789e-09  9.00000000e+00]]
2026-05-21 15:17:45 [DEBUG] 处理后检测输出形状: (0, 52)
2026-05-21 15:17:45 [DEBUG] 有效检测数量: 0
2026-05-21 15:17:45 [DEBUG] 检测输出为空
2026-05-21 15:17:45 [INFO] 掩码中检测到的类别: [0, 1, 2, 3, 4, 5, 6, 7, 8, 9, 10, 11, 12, 13, 15]
2026-05-21 15:17:45 [INFO] 分割完成，检测到 0 个物体
2026-05-21 15:17:45 [INFO] 从分割掩码中提取检测结果
2026-05-21 15:17:45 [INFO] 从掩码中提取了 575 个检测框
2026-05-21 15:17:45 [INFO] 检测到车兜区域，将过滤区域外的目标
2026-05-21 15:17:45 [INFO] 车兜区域过滤: 575 -> 192 个目标
2026-05-21 15:17:46 [INFO] 保存分割和检测结果到: C:\code\show\Scrap_Steel_In_Field\photos\segmentation\segment_20260521_151745.jpg
2026-05-21 15:17:46 [INFO] JSON结果保存到: C:\code\show\Scrap_Steel_In_Field\photos\segmentation_result.json
2026-05-21 15:17:46 [INFO] 类别统计：{1: 390934, 2: 33840, 3: 756, 4: 9216, 5: 60192, 6: 49968, 7: 30924, 8: 18684, 9: 39162, 10: 86652, 11: 216, 12: 114108, 13: 14638, 15: 11232}
2026-05-21 15:17:46 [INFO] 面积统计：{1: np.float64(390934.0), 2: np.float64(33840.0), 3: np.float64(756.0), 4: np.float64(9216.0), 5: np.float64(60192.0), 6: np.float64(49968.0), 7: np.float64(30924.0), 8: np.float64(18684.0), 9: np.float64(39162.0), 10: np.float64(86652.0), 11: np.float64(216.0), 12: np.float64(114108.0), 13: np.float64(14638.0), 15: np.float64(11232.0)}
2026-05-21 15:17:46 [INFO] 分割成功
2026-05-21 15:17:46 [INFO] 引擎上下文已释放
2026-05-21 15:17:46 [INFO] TensorRT 引擎已释放
2026-05-21 15:17:46 [INFO] 全局 CUDA 资源已释放
2026-05-21 15:17:46 [INFO] 分割系统资源已释放
2026-05-21 15:17:50 [INFO] CUDA 初始化成功
2026-05-21 15:17:50 [INFO] 引擎加载成功: scrap_steel.engine
2026-05-21 15:17:50 [INFO] 分割系统初始化成功
2026-05-21 15:17:50 [INFO] 图像预处理完成，原始尺寸: (2160, 3840)
2026-05-21 15:17:50 [INFO] 开始执行分割...
2026-05-21 15:17:50 [DEBUG] 处理后的检测结果形状: (1, 8400, 6)
2026-05-21 15:17:50 [DEBUG] 示例检测结果: [[-3.97487259e+00 -3.26178741e+00  3.88045578e+01  1.54661999e+01
   4.55102622e-08  5.00000000e+00]
 [-6.23438263e+00 -2.99390221e+00  4.42152634e+01  2.99144611e+01
   9.99191130e-09  9.00000000e+00]
 [-3.62352371e+00 -3.57430267e+00  4.56299706e+01  3.05642090e+01
   4.31975344e-09  9.00000000e+00]]
2026-05-21 15:17:50 [DEBUG] 处理后检测输出形状: (0, 52)
2026-05-21 15:17:50 [DEBUG] 有效检测数量: 0
2026-05-21 15:17:50 [DEBUG] 检测输出为空
2026-05-21 15:17:50 [INFO] 掩码中检测到的类别: [0, 1, 2, 3, 4, 5, 6, 7, 8, 9, 10, 11, 12, 13, 15]
2026-05-21 15:17:50 [INFO] 分割完成，检测到 0 个物体
2026-05-21 15:17:50 [INFO] 从分割掩码中提取检测结果
2026-05-21 15:17:50 [INFO] 从掩码中提取了 528 个检测框
2026-05-21 15:17:50 [INFO] 检测到车兜区域，将过滤区域外的目标
2026-05-21 15:17:51 [INFO] 车兜区域过滤: 528 -> 165 个目标
2026-05-21 15:17:51 [INFO] 保存分割和检测结果到: C:\code\show\Scrap_Steel_In_Field\photos\segmentation\segment_20260521_151751.jpg
2026-05-21 15:17:51 [INFO] JSON结果保存到: C:\code\show\Scrap_Steel_In_Field\photos\segmentation_result.json
2026-05-21 15:17:51 [INFO] 类别统计：{1: 391017, 2: 36360, 3: 108, 4: 9108, 5: 64440, 6: 48708, 7: 30528, 8: 16992, 9: 41185, 10: 90540, 11: 612, 12: 118305, 13: 15995, 15: 9576}
2026-05-21 15:17:51 [INFO] 面积统计：{1: np.float64(391017.0), 2: np.float64(36360.0), 3: np.float64(108.0), 4: np.float64(9108.0), 5: np.float64(64440.0), 6: np.float64(48708.0), 7: np.float64(30528.0), 8: np.float64(16992.0), 9: np.float64(41185.0), 10: np.float64(90540.0), 11: np.float64(612.0), 12: np.float64(118305.0), 13: np.float64(15995.0), 15: np.float64(9576.0)}
2026-05-21 15:17:51 [INFO] 分割成功
2026-05-21 15:17:51 [INFO] 引擎上下文已释放
2026-05-21 15:17:51 [INFO] TensorRT 引擎已释放
2026-05-21 15:17:51 [INFO] 全局 CUDA 资源已释放
2026-05-21 15:17:51 [INFO] 分割系统资源已释放
2026-05-21 15:17:55 [INFO] CUDA 初始化成功
2026-05-21 15:17:55 [INFO] 引擎加载成功: scrap_steel.engine
2026-05-21 15:17:55 [INFO] 分割系统初始化成功
2026-05-21 15:17:55 [INFO] 图像预处理完成，原始尺寸: (2160, 3840)
2026-05-21 15:17:55 [INFO] 开始执行分割...
2026-05-21 15:17:55 [DEBUG] 处理后的检测结果形状: (1, 8400, 6)
2026-05-21 15:17:55 [DEBUG] 示例检测结果: [[-4.00474930e+00 -3.25244570e+00  3.89086800e+01  1.55289192e+01
   4.48029560e-08  5.00000000e+00]
 [-6.26109314e+00 -3.01067162e+00  4.42743149e+01  3.00419788e+01
   9.98640104e-09  9.00000000e+00]
 [-3.63016510e+00 -3.57656765e+00  4.56408234e+01  3.06071854e+01
   4.30296332e-09  9.00000000e+00]]
2026-05-21 15:17:55 [DEBUG] 处理后检测输出形状: (0, 52)
2026-05-21 15:17:55 [DEBUG] 有效检测数量: 0
2026-05-21 15:17:55 [DEBUG] 检测输出为空
2026-05-21 15:17:55 [INFO] 掩码中检测到的类别: [0, 1, 2, 3, 4, 5, 6, 7, 8, 9, 10, 11, 12, 13, 15]
2026-05-21 15:17:55 [INFO] 分割完成，检测到 0 个物体
2026-05-21 15:17:55 [INFO] 从分割掩码中提取检测结果
2026-05-21 15:17:55 [INFO] 从掩码中提取了 550 个检测框
2026-05-21 15:17:56 [INFO] 检测到车兜区域，将过滤区域外的目标
2026-05-21 15:17:56 [INFO] 车兜区域过滤: 550 -> 168 个目标
2026-05-21 15:17:56 [INFO] 保存分割和检测结果到: C:\code\show\Scrap_Steel_In_Field\photos\segmentation\segment_20260521_151756.jpg
2026-05-21 15:17:56 [INFO] JSON结果保存到: C:\code\show\Scrap_Steel_In_Field\photos\segmentation_result.json
2026-05-21 15:17:56 [INFO] 类别统计：{1: 392639, 2: 31032, 3: 216, 4: 9216, 5: 62820, 6: 45648, 7: 36252, 8: 20484, 9: 43026, 10: 86832, 11: 1188, 12: 113384, 13: 15103, 15: 10404}
2026-05-21 15:17:56 [INFO] 面积统计：{1: np.float64(392639.0), 2: np.float64(31032.0), 3: np.float64(216.0), 4: np.float64(9216.0), 5: np.float64(62820.0), 6: np.float64(45648.0), 7: np.float64(36252.0), 8: np.float64(20484.0), 9: np.float64(43026.0), 10: np.float64(86832.0), 11: np.float64(1188.0), 12: np.float64(113384.0), 13: np.float64(15103.0), 15: np.float64(10404.0)}
2026-05-21 15:17:56 [INFO] 分割成功
2026-05-21 15:17:56 [INFO] 引擎上下文已释放
2026-05-21 15:17:56 [INFO] TensorRT 引擎已释放
2026-05-21 15:17:56 [INFO] 全局 CUDA 资源已释放
2026-05-21 15:17:56 [INFO] 分割系统资源已释放
2026-05-21 15:18:00 [INFO] CUDA 初始化成功
2026-05-21 15:18:00 [INFO] 引擎加载成功: scrap_steel.engine
2026-05-21 15:18:00 [INFO] 分割系统初始化成功
2026-05-21 15:18:00 [INFO] 图像预处理完成，原始尺寸: (2160, 3840)
2026-05-21 15:18:00 [INFO] 开始执行分割...
2026-05-21 15:18:00 [DEBUG] 处理后的检测结果形状: (1, 8400, 6)
2026-05-21 15:18:00 [DEBUG] 示例检测结果: [[-4.00636673e+00 -3.27583885e+00  3.88838692e+01  1.55742035e+01
   4.58726390e-08  5.00000000e+00]
 [-6.27738571e+00 -3.03155231e+00  4.42161446e+01  2.99941330e+01
   1.02107123e-08  9.00000000e+00]
 [-3.63705063e+00 -3.58895969e+00  4.56435699e+01  3.05788116e+01
   4.34939817e-09  9.00000000e+00]]
2026-05-21 15:18:00 [DEBUG] 处理后检测输出形状: (0, 52)
2026-05-21 15:18:00 [DEBUG] 有效检测数量: 0
2026-05-21 15:18:00 [DEBUG] 检测输出为空
2026-05-21 15:18:00 [INFO] 掩码中检测到的类别: [0, 1, 2, 3, 4, 5, 6, 7, 8, 9, 10, 11, 12, 13, 15]
2026-05-21 15:18:00 [INFO] 分割完成，检测到 0 个物体
2026-05-21 15:18:00 [INFO] 从分割掩码中提取检测结果
2026-05-21 15:18:01 [INFO] 从掩码中提取了 543 个检测框
2026-05-21 15:18:01 [INFO] 检测到车兜区域，将过滤区域外的目标
2026-05-21 15:18:01 [INFO] 车兜区域过滤: 543 -> 174 个目标
2026-05-21 15:18:01 [INFO] 保存分割和检测结果到: C:\code\show\Scrap_Steel_In_Field\photos\segmentation\segment_20260521_151801.jpg
2026-05-21 15:18:01 [INFO] JSON结果保存到: C:\code\show\Scrap_Steel_In_Field\photos\segmentation_result.json
2026-05-21 15:18:01 [INFO] 类别统计：{1: 398358, 2: 32076, 4: 8460, 5: 61596, 6: 48240, 7: 33876, 8: 17784, 9: 49152, 10: 88308, 11: 288, 12: 113018, 13: 12509, 15: 10152}
2026-05-21 15:18:01 [INFO] 面积统计：{1: np.float64(398358.0), 2: np.float64(32076.0), 4: np.float64(8460.0), 5: np.float64(61596.0), 6: np.float64(48240.0), 7: np.float64(33876.0), 8: np.float64(17784.0), 9: np.float64(49152.0), 10: np.float64(88308.0), 11: np.float64(288.0), 12: np.float64(113018.0), 13: np.float64(12509.0), 15: np.float64(10152.0)}
2026-05-21 15:18:01 [INFO] 分割成功
2026-05-21 15:18:01 [INFO] 引擎上下文已释放
2026-05-21 15:18:01 [INFO] TensorRT 引擎已释放
2026-05-21 15:18:01 [INFO] 全局 CUDA 资源已释放
2026-05-21 15:18:01 [INFO] 分割系统资源已释放
2026-05-21 15:18:05 [INFO] CUDA 初始化成功
2026-05-21 15:18:05 [INFO] 引擎加载成功: scrap_steel.engine
2026-05-21 15:18:05 [INFO] 分割系统初始化成功
2026-05-21 15:18:06 [INFO] 图像预处理完成，原始尺寸: (2160, 3840)
2026-05-21 15:18:06 [INFO] 开始执行分割...
2026-05-21 15:18:06 [DEBUG] 处理后的检测结果形状: (1, 8400, 6)
2026-05-21 15:18:06 [DEBUG] 示例检测结果: [[-3.94747925e+00 -3.25123930e+00  3.88654137e+01  1.54515305e+01
   4.55102622e-08  5.00000000e+00]
 [-6.23392487e+00 -2.98239708e+00  4.42389946e+01  2.98910770e+01
   1.01101847e-08  9.00000000e+00]
 [-3.64026642e+00 -3.56041431e+00  4.56432190e+01  3.05777626e+01
   4.33917435e-09  9.00000000e+00]]
2026-05-21 15:18:06 [DEBUG] 处理后检测输出形状: (0, 52)
2026-05-21 15:18:06 [DEBUG] 有效检测数量: 0
2026-05-21 15:18:06 [DEBUG] 检测输出为空
2026-05-21 15:18:06 [INFO] 掩码中检测到的类别: [0, 1, 2, 3, 4, 5, 6, 7, 8, 9, 10, 11, 12, 13, 15]
2026-05-21 15:18:06 [INFO] 分割完成，检测到 0 个物体
2026-05-21 15:18:06 [INFO] 从分割掩码中提取检测结果
2026-05-21 15:18:06 [INFO] 从掩码中提取了 548 个检测框
2026-05-21 15:18:06 [INFO] 检测到车兜区域，将过滤区域外的目标
2026-05-21 15:18:06 [INFO] 车兜区域过滤: 548 -> 171 个目标
2026-05-21 15:18:06 [INFO] 保存分割和检测结果到: C:\code\show\Scrap_Steel_In_Field\photos\segmentation\segment_20260521_151806.jpg
2026-05-21 15:18:06 [INFO] JSON结果保存到: C:\code\show\Scrap_Steel_In_Field\photos\segmentation_result.json
2026-05-21 15:18:06 [INFO] 类别统计：{1: 393503, 2: 32652, 3: 72, 4: 9972, 5: 64008, 6: 47124, 7: 31104, 8: 19152, 9: 41161, 10: 86184, 11: 288, 12: 118018, 13: 14557, 15: 10800}
2026-05-21 15:18:06 [INFO] 面积统计：{1: np.float64(393503.0), 2: np.float64(32652.0), 3: np.float64(72.0), 4: np.float64(9972.0), 5: np.float64(64008.0), 6: np.float64(47124.0), 7: np.float64(31104.0), 8: np.float64(19152.0), 9: np.float64(41161.0), 10: np.float64(86184.0), 11: np.float64(288.0), 12: np.float64(118018.0), 13: np.float64(14557.0), 15: np.float64(10800.0)}
2026-05-21 15:18:06 [INFO] 分割成功
2026-05-21 15:18:06 [INFO] 引擎上下文已释放
2026-05-21 15:18:06 [INFO] TensorRT 引擎已释放
2026-05-21 15:18:06 [INFO] 全局 CUDA 资源已释放
2026-05-21 15:18:06 [INFO] 分割系统资源已释放
2026-05-21 15:18:11 [INFO] CUDA 初始化成功
2026-05-21 15:18:11 [INFO] 引擎加载成功: scrap_steel.engine
2026-05-21 15:18:11 [INFO] 分割系统初始化成功
2026-05-21 15:18:11 [INFO] 图像预处理完成，原始尺寸: (2160, 3840)
2026-05-21 15:18:11 [INFO] 开始执行分割...
2026-05-21 15:18:11 [DEBUG] 处理后的检测结果形状: (1, 8400, 6)
2026-05-21 15:18:11 [DEBUG] 示例检测结果: [[-4.00550079e+00 -3.27662277e+00  3.88611832e+01  1.55186481e+01
   4.51518680e-08  5.00000000e+00]
 [-6.25682449e+00 -3.00789070e+00  4.42342033e+01  2.99582386e+01
   1.00256230e-08  9.00000000e+00]
 [-3.62496185e+00 -3.58855629e+00  4.56608124e+01  3.05893955e+01
   4.30296332e-09  9.00000000e+00]]
2026-05-21 15:18:11 [DEBUG] 处理后检测输出形状: (0, 52)
2026-05-21 15:18:11 [DEBUG] 有效检测数量: 0
2026-05-21 15:18:11 [DEBUG] 检测输出为空
2026-05-21 15:18:11 [INFO] 掩码中检测到的类别: [0, 1, 2, 3, 4, 5, 6, 7, 8, 9, 10, 11, 12, 13, 15]
2026-05-21 15:18:11 [INFO] 分割完成，检测到 0 个物体
2026-05-21 15:18:11 [INFO] 从分割掩码中提取检测结果
2026-05-21 15:18:11 [INFO] 从掩码中提取了 566 个检测框
2026-05-21 15:18:11 [INFO] 检测到车兜区域，将过滤区域外的目标
2026-05-21 15:18:11 [INFO] 车兜区域过滤: 566 -> 183 个目标
2026-05-21 15:18:11 [INFO] 保存分割和检测结果到: C:\code\show\Scrap_Steel_In_Field\photos\segmentation\segment_20260521_151811.jpg
2026-05-21 15:18:11 [INFO] JSON结果保存到: C:\code\show\Scrap_Steel_In_Field\photos\segmentation_result.json
2026-05-21 15:18:11 [INFO] 类别统计：{1: 386817, 2: 33768, 3: 108, 4: 8820, 5: 63648, 6: 46440, 7: 29304, 8: 20469, 9: 41535, 10: 91440, 11: 324, 12: 122084, 13: 14218, 15: 9360}
2026-05-21 15:18:11 [INFO] 面积统计：{1: np.float64(386817.0), 2: np.float64(33768.0), 3: np.float64(108.0), 4: np.float64(8820.0), 5: np.float64(63648.0), 6: np.float64(46440.0), 7: np.float64(29304.0), 8: np.float64(20469.0), 9: np.float64(41535.0), 10: np.float64(91440.0), 11: np.float64(324.0), 12: np.float64(122084.0), 13: np.float64(14218.0), 15: np.float64(9360.0)}
2026-05-21 15:18:11 [INFO] 分割成功
2026-05-21 15:18:11 [INFO] 引擎上下文已释放
2026-05-21 15:18:11 [INFO] TensorRT 引擎已释放
2026-05-21 15:18:11 [INFO] 全局 CUDA 资源已释放
2026-05-21 15:18:11 [INFO] 分割系统资源已释放
2026-05-21 15:18:16 [INFO] CUDA 初始化成功
2026-05-21 15:18:16 [INFO] 引擎加载成功: scrap_steel.engine
2026-05-21 15:18:16 [INFO] 分割系统初始化成功
2026-05-21 15:18:16 [INFO] 图像预处理完成，原始尺寸: (2160, 3840)
2026-05-21 15:18:16 [INFO] 开始执行分割...
2026-05-21 15:18:16 [DEBUG] 处理后的检测结果形状: (1, 8400, 6)
2026-05-21 15:18:16 [DEBUG] 示例检测结果: [[-3.99288177e+00 -3.26062536e+00  3.89231682e+01  1.54549427e+01
   4.51597018e-08  5.00000000e+00]
 [-6.27199554e+00 -3.00606155e+00  4.43499298e+01  2.99164772e+01
   1.00648450e-08  9.00000000e+00]
 [-3.66367340e+00 -3.59860897e+00  4.56729050e+01  3.06113663e+01
   4.28617319e-09  9.00000000e+00]]
2026-05-21 15:18:16 [DEBUG] 处理后检测输出形状: (0, 52)
2026-05-21 15:18:16 [DEBUG] 有效检测数量: 0
2026-05-21 15:18:16 [DEBUG] 检测输出为空
2026-05-21 15:18:16 [INFO] 掩码中检测到的类别: [0, 1, 2, 3, 4, 5, 6, 7, 8, 9, 10, 11, 12, 13, 15]
2026-05-21 15:18:16 [INFO] 分割完成，检测到 0 个物体
2026-05-21 15:18:16 [INFO] 从分割掩码中提取检测结果
2026-05-21 15:18:16 [INFO] 从掩码中提取了 585 个检测框
2026-05-21 15:18:16 [INFO] 检测到车兜区域，将过滤区域外的目标
2026-05-21 15:18:16 [INFO] 车兜区域过滤: 585 -> 179 个目标
2026-05-21 15:18:16 [INFO] 保存分割和检测结果到: C:\code\show\Scrap_Steel_In_Field\photos\segmentation\segment_20260521_151816.jpg
2026-05-21 15:18:16 [INFO] JSON结果保存到: C:\code\show\Scrap_Steel_In_Field\photos\segmentation_result.json
2026-05-21 15:18:16 [INFO] 类别统计：{1: 423428, 2: 34524, 3: 1116, 4: 10188, 5: 57312, 6: 52128, 7: 32328, 8: 18612, 9: 46311, 10: 92232, 11: 324, 12: 120368, 13: 14554, 15: 11628}
2026-05-21 15:18:16 [INFO] 面积统计：{1: np.float64(423428.0), 2: np.float64(34524.0), 3: np.float64(1116.0), 4: np.float64(10188.0), 5: np.float64(57312.0), 6: np.float64(52128.0), 7: np.float64(32328.0), 8: np.float64(18612.0), 9: np.float64(46311.0), 10: np.float64(92232.0), 11: np.float64(324.0), 12: np.float64(120368.0), 13: np.float64(14554.0), 15: np.float64(11628.0)}
2026-05-21 15:18:16 [INFO] 分割成功
2026-05-21 15:18:16 [INFO] 引擎上下文已释放
2026-05-21 15:18:16 [INFO] TensorRT 引擎已释放
2026-05-21 15:18:16 [INFO] 全局 CUDA 资源已释放
2026-05-21 15:18:16 [INFO] 分割系统资源已释放
2026-05-21 15:18:21 [INFO] CUDA 初始化成功
2026-05-21 15:18:21 [INFO] 引擎加载成功: scrap_steel.engine
2026-05-21 15:18:21 [INFO] 分割系统初始化成功
2026-05-21 15:18:21 [INFO] 图像预处理完成，原始尺寸: (2160, 3840)
2026-05-21 15:18:21 [INFO] 开始执行分割...
2026-05-21 15:18:21 [DEBUG] 处理后的检测结果形状: (1, 8400, 6)
2026-05-21 15:18:21 [DEBUG] 示例检测结果: [[-3.97880936e+00 -3.26643848e+00  3.87586937e+01  1.53940344e+01
   4.48029560e-08  5.00000000e+00]
 [-6.24168777e+00 -3.00643063e+00  4.42129326e+01  2.99265556e+01
   9.91403581e-09  9.00000000e+00]
 [-3.63030243e+00 -3.60191250e+00  4.56593399e+01  3.06025848e+01
   4.27200675e-09  9.00000000e+00]]
2026-05-21 15:18:21 [DEBUG] 处理后检测输出形状: (0, 52)
2026-05-21 15:18:21 [DEBUG] 有效检测数量: 0
2026-05-21 15:18:21 [DEBUG] 检测输出为空
2026-05-21 15:18:21 [INFO] 掩码中检测到的类别: [0, 1, 2, 3, 4, 5, 6, 7, 8, 9, 10, 11, 12, 13, 15]
2026-05-21 15:18:21 [INFO] 分割完成，检测到 0 个物体
2026-05-21 15:18:21 [INFO] 从分割掩码中提取检测结果
2026-05-21 15:18:21 [INFO] 从掩码中提取了 534 个检测框
2026-05-21 15:18:21 [INFO] 检测到车兜区域，将过滤区域外的目标
2026-05-21 15:18:21 [INFO] 车兜区域过滤: 534 -> 173 个目标
2026-05-21 15:18:22 [INFO] 保存分割和检测结果到: C:\code\show\Scrap_Steel_In_Field\photos\segmentation\segment_20260521_151821.jpg
2026-05-21 15:18:22 [INFO] JSON结果保存到: C:\code\show\Scrap_Steel_In_Field\photos\segmentation_result.json
2026-05-21 15:18:22 [INFO] 类别统计：{1: 376754, 2: 33984, 3: 360, 4: 10080, 5: 65592, 6: 48024, 7: 32004, 8: 17142, 9: 44922, 10: 83736, 11: 72, 12: 124184, 13: 15449, 15: 9648}
2026-05-21 15:18:22 [INFO] 面积统计：{1: np.float64(376754.0), 2: np.float64(33984.0), 3: np.float64(360.0), 4: np.float64(10080.0), 5: np.float64(65592.0), 6: np.float64(48024.0), 7: np.float64(32004.0), 8: np.float64(17142.0), 9: np.float64(44922.0), 10: np.float64(83736.0), 11: np.float64(72.0), 12: np.float64(124184.0), 13: np.float64(15449.0), 15: np.float64(9648.0)}
2026-05-21 15:18:22 [INFO] 分割成功
2026-05-21 15:18:22 [INFO] 引擎上下文已释放
2026-05-21 15:18:22 [INFO] TensorRT 引擎已释放
2026-05-21 15:18:22 [INFO] 全局 CUDA 资源已释放
2026-05-21 15:18:22 [INFO] 分割系统资源已释放
2026-05-21 15:18:26 [INFO] CUDA 初始化成功
2026-05-21 15:18:26 [INFO] 引擎加载成功: scrap_steel.engine
2026-05-21 15:18:26 [INFO] 分割系统初始化成功
2026-05-21 15:18:26 [INFO] 图像预处理完成，原始尺寸: (2160, 3840)
2026-05-21 15:18:26 [INFO] 开始执行分割...
2026-05-21 15:18:26 [DEBUG] 处理后的检测结果形状: (1, 8400, 6)
2026-05-21 15:18:26 [DEBUG] 示例检测结果: [[-4.04237366e+00 -3.31044865e+00  3.88220520e+01  1.56781435e+01
   4.47923441e-08  5.00000000e+00]
 [-6.35171890e+00 -3.04318810e+00  4.41188469e+01  3.00762691e+01
   9.80350023e-09  9.00000000e+00]
 [-3.63334656e+00 -3.61543655e+00  4.56166077e+01  3.06024284e+01
   4.25533742e-09  9.00000000e+00]]
2026-05-21 15:18:26 [DEBUG] 处理后检测输出形状: (0, 52)
2026-05-21 15:18:26 [DEBUG] 有效检测数量: 0
2026-05-21 15:18:26 [DEBUG] 检测输出为空
2026-05-21 15:18:26 [INFO] 掩码中检测到的类别: [0, 1, 2, 3, 4, 5, 6, 7, 8, 9, 10, 11, 12, 13, 15]
2026-05-21 15:18:26 [INFO] 分割完成，检测到 0 个物体
2026-05-21 15:18:26 [INFO] 从分割掩码中提取检测结果
2026-05-21 15:18:26 [INFO] 从掩码中提取了 564 个检测框
2026-05-21 15:18:26 [INFO] 检测到车兜区域，将过滤区域外的目标
2026-05-21 15:18:26 [INFO] 车兜区域过滤: 564 -> 171 个目标
2026-05-21 15:18:27 [INFO] 保存分割和检测结果到: C:\code\show\Scrap_Steel_In_Field\photos\segmentation\segment_20260521_151826.jpg
2026-05-21 15:18:27 [INFO] JSON结果保存到: C:\code\show\Scrap_Steel_In_Field\photos\segmentation_result.json
2026-05-21 15:18:27 [INFO] 类别统计：{1: 422166, 2: 30744, 4: 9864, 5: 61848, 6: 51516, 7: 28944, 8: 18900, 9: 48368, 10: 90432, 11: 324, 12: 113753, 13: 14606, 15: 9108}
2026-05-21 15:18:27 [INFO] 面积统计：{1: np.float64(422166.0), 2: np.float64(30744.0), 4: np.float64(9864.0), 5: np.float64(61848.0), 6: np.float64(51516.0), 7: np.float64(28944.0), 8: np.float64(18900.0), 9: np.float64(48368.0), 10: np.float64(90432.0), 11: np.float64(324.0), 12: np.float64(113753.0), 13: np.float64(14606.0), 15: np.float64(9108.0)}
2026-05-21 15:18:27 [INFO] 分割成功
2026-05-21 15:18:27 [INFO] 引擎上下文已释放
2026-05-21 15:18:27 [INFO] TensorRT 引擎已释放
2026-05-21 15:18:27 [INFO] 全局 CUDA 资源已释放
2026-05-21 15:18:27 [INFO] 分割系统资源已释放
2026-05-21 15:18:31 [INFO] CUDA 初始化成功
2026-05-21 15:18:31 [INFO] 引擎加载成功: scrap_steel.engine
2026-05-21 15:18:31 [INFO] 分割系统初始化成功
2026-05-21 15:18:31 [INFO] 图像预处理完成，原始尺寸: (2160, 3840)
2026-05-21 15:18:31 [INFO] 开始执行分割...
2026-05-21 15:18:31 [DEBUG] 处理后的检测结果形状: (1, 8400, 6)
2026-05-21 15:18:31 [DEBUG] 示例检测结果: [[-4.00925827e+00 -3.26556206e+00  3.88164177e+01  1.54942665e+01
   4.40894681e-08  5.00000000e+00]
 [-6.28237534e+00 -3.00604534e+00  4.42050819e+01  2.98661118e+01
   9.84604398e-09  9.00000000e+00]
 [-3.62580109e+00 -3.60497093e+00  4.56394043e+01  3.04851208e+01
   4.24319069e-09  9.00000000e+00]]
2026-05-21 15:18:31 [DEBUG] 处理后检测输出形状: (0, 52)
2026-05-21 15:18:31 [DEBUG] 有效检测数量: 0
2026-05-21 15:18:31 [DEBUG] 检测输出为空
2026-05-21 15:18:31 [INFO] 掩码中检测到的类别: [0, 1, 2, 3, 4, 5, 6, 7, 8, 9, 10, 11, 12, 13, 15]
2026-05-21 15:18:31 [INFO] 分割完成，检测到 0 个物体
2026-05-21 15:18:31 [INFO] 从分割掩码中提取检测结果
2026-05-21 15:18:31 [INFO] 从掩码中提取了 578 个检测框
2026-05-21 15:18:31 [INFO] 检测到车兜区域，将过滤区域外的目标
2026-05-21 15:18:31 [INFO] 车兜区域过滤: 578 -> 181 个目标
2026-05-21 15:18:32 [INFO] 保存分割和检测结果到: C:\code\show\Scrap_Steel_In_Field\photos\segmentation\segment_20260521_151831.jpg
2026-05-21 15:18:32 [INFO] JSON结果保存到: C:\code\show\Scrap_Steel_In_Field\photos\segmentation_result.json
2026-05-21 15:18:32 [INFO] 类别统计：{1: 400270, 2: 34272, 3: 72, 4: 9936, 5: 62820, 6: 50580, 7: 28800, 8: 19872, 9: 44207, 10: 90216, 11: 144, 12: 116179, 13: 14784, 15: 7884}
2026-05-21 15:18:32 [INFO] 面积统计：{1: np.float64(400270.0), 2: np.float64(34272.0), 3: np.float64(72.0), 4: np.float64(9936.0), 5: np.float64(62820.0), 6: np.float64(50580.0), 7: np.float64(28800.0), 8: np.float64(19872.0), 9: np.float64(44207.0), 10: np.float64(90216.0), 11: np.float64(144.0), 12: np.float64(116179.0), 13: np.float64(14784.0), 15: np.float64(7884.0)}
2026-05-21 15:18:32 [INFO] 分割成功
2026-05-21 15:18:32 [INFO] 引擎上下文已释放
2026-05-21 15:18:32 [INFO] TensorRT 引擎已释放
2026-05-21 15:18:32 [INFO] 全局 CUDA 资源已释放
2026-05-21 15:18:32 [INFO] 分割系统资源已释放
2026-05-21 15:18:36 [INFO] CUDA 初始化成功
2026-05-21 15:18:36 [INFO] 引擎加载成功: scrap_steel.engine
2026-05-21 15:18:36 [INFO] 分割系统初始化成功
2026-05-21 15:18:36 [INFO] 图像预处理完成，原始尺寸: (2160, 3840)
2026-05-21 15:18:36 [INFO] 开始执行分割...
2026-05-21 15:18:36 [DEBUG] 处理后的检测结果形状: (1, 8400, 6)
2026-05-21 15:18:36 [DEBUG] 示例检测结果: [[-4.01121140e+00 -3.27393246e+00  3.88061447e+01  1.55486326e+01
   4.51518680e-08  5.00000000e+00]
 [-6.30306244e+00 -3.03876495e+00  4.41918259e+01  3.00109825e+01
   9.84167059e-09  9.00000000e+00]
 [-3.64004517e+00 -3.62902355e+00  4.56276779e+01  3.06175880e+01
   4.25533742e-09  9.00000000e+00]]
2026-05-21 15:18:36 [DEBUG] 处理后检测输出形状: (0, 52)
2026-05-21 15:18:36 [DEBUG] 有效检测数量: 0
2026-05-21 15:18:36 [DEBUG] 检测输出为空
2026-05-21 15:18:36 [INFO] 掩码中检测到的类别: [0, 1, 2, 3, 4, 5, 6, 7, 8, 9, 10, 11, 12, 13, 15]
2026-05-21 15:18:36 [INFO] 分割完成，检测到 0 个物体
2026-05-21 15:18:36 [INFO] 从分割掩码中提取检测结果
2026-05-21 15:18:36 [INFO] 从掩码中提取了 543 个检测框
2026-05-21 15:18:36 [INFO] 检测到车兜区域，将过滤区域外的目标
2026-05-21 15:18:36 [INFO] 车兜区域过滤: 543 -> 179 个目标
2026-05-21 15:18:37 [INFO] 保存分割和检测结果到: C:\code\show\Scrap_Steel_In_Field\photos\segmentation\segment_20260521_151836.jpg
2026-05-21 15:18:37 [INFO] JSON结果保存到: C:\code\show\Scrap_Steel_In_Field\photos\segmentation_result.json
2026-05-21 15:18:37 [INFO] 类别统计：{1: 389534, 2: 35964, 3: 72, 4: 10548, 5: 66348, 6: 55872, 7: 27288, 8: 20232, 9: 46998, 10: 87624, 11: 144, 12: 120725, 13: 14849, 15: 10584}
2026-05-21 15:18:37 [INFO] 面积统计：{1: np.float64(389534.0), 2: np.float64(35964.0), 3: np.float64(72.0), 4: np.float64(10548.0), 5: np.float64(66348.0), 6: np.float64(55872.0), 7: np.float64(27288.0), 8: np.float64(20232.0), 9: np.float64(46998.0), 10: np.float64(87624.0), 11: np.float64(144.0), 12: np.float64(120725.0), 13: np.float64(14849.0), 15: np.float64(10584.0)}
2026-05-21 15:18:37 [INFO] 分割成功
2026-05-21 15:18:37 [INFO] 引擎上下文已释放
2026-05-21 15:18:37 [INFO] TensorRT 引擎已释放
2026-05-21 15:18:37 [INFO] 全局 CUDA 资源已释放
2026-05-21 15:18:37 [INFO] 分割系统资源已释放
2026-05-21 15:18:41 [INFO] CUDA 初始化成功
2026-05-21 15:18:41 [INFO] 引擎加载成功: scrap_steel.engine
2026-05-21 15:18:41 [INFO] 分割系统初始化成功
2026-05-21 15:18:41 [INFO] 图像预处理完成，原始尺寸: (2160, 3840)
2026-05-21 15:18:41 [INFO] 开始执行分割...
2026-05-21 15:18:41 [DEBUG] 处理后的检测结果形状: (1, 8400, 6)
2026-05-21 15:18:41 [DEBUG] 示例检测结果: [[-3.97862625e+00 -3.24654865e+00  3.87723351e+01  1.54016943e+01
   4.37537082e-08  5.00000000e+00]
 [-6.24958420e+00 -2.99648476e+00  4.41885567e+01  2.98491535e+01
   9.70017666e-09  9.00000000e+00]
 [-3.59845734e+00 -3.53632164e+00  4.55746994e+01  3.04555683e+01
   4.21340118e-09  9.00000000e+00]]
2026-05-21 15:18:41 [DEBUG] 处理后检测输出形状: (0, 52)
2026-05-21 15:18:41 [DEBUG] 有效检测数量: 0
2026-05-21 15:18:41 [DEBUG] 检测输出为空
2026-05-21 15:18:41 [INFO] 掩码中检测到的类别: [0, 1, 2, 3, 4, 5, 6, 7, 8, 9, 10, 11, 12, 13, 15]
2026-05-21 15:18:41 [INFO] 分割完成，检测到 0 个物体
2026-05-21 15:18:41 [INFO] 从分割掩码中提取检测结果
2026-05-21 15:18:41 [INFO] 从掩码中提取了 540 个检测框
2026-05-21 15:18:41 [INFO] 检测到车兜区域，将过滤区域外的目标
2026-05-21 15:18:41 [INFO] 车兜区域过滤: 540 -> 164 个目标
2026-05-21 15:18:42 [INFO] 保存分割和检测结果到: C:\code\show\Scrap_Steel_In_Field\photos\segmentation\segment_20260521_151841.jpg
2026-05-21 15:18:42 [INFO] JSON结果保存到: C:\code\show\Scrap_Steel_In_Field\photos\segmentation_result.json
2026-05-21 15:18:42 [INFO] 类别统计：{1: 397236, 2: 33300, 3: 468, 4: 9540, 5: 60624, 6: 50076, 7: 30348, 8: 21348, 9: 41770, 10: 90216, 11: 612, 12: 118436, 13: 14331, 15: 11340}
2026-05-21 15:18:42 [INFO] 面积统计：{1: np.float64(397236.0), 2: np.float64(33300.0), 3: np.float64(468.0), 4: np.float64(9540.0), 5: np.float64(60624.0), 6: np.float64(50076.0), 7: np.float64(30348.0), 8: np.float64(21348.0), 9: np.float64(41770.0), 10: np.float64(90216.0), 11: np.float64(612.0), 12: np.float64(118436.0), 13: np.float64(14331.0), 15: np.float64(11340.0)}
2026-05-21 15:18:42 [INFO] 分割成功
2026-05-21 15:18:42 [INFO] 引擎上下文已释放
2026-05-21 15:18:42 [INFO] TensorRT 引擎已释放
2026-05-21 15:18:42 [INFO] 全局 CUDA 资源已释放
2026-05-21 15:18:42 [INFO] 分割系统资源已释放
2026-05-21 15:18:46 [INFO] CUDA 初始化成功
2026-05-21 15:18:46 [INFO] 引擎加载成功: scrap_steel.engine
2026-05-21 15:18:46 [INFO] 分割系统初始化成功
2026-05-21 15:18:46 [INFO] 图像预处理完成，原始尺寸: (2160, 3840)
2026-05-21 15:18:46 [INFO] 开始执行分割...
2026-05-21 15:18:46 [DEBUG] 处理后的检测结果形状: (1, 8400, 6)
2026-05-21 15:18:46 [DEBUG] 示例检测结果: [[-3.99184418e+00 -3.26585531e+00  3.88851509e+01  1.53488674e+01
   4.48029560e-08  5.00000000e+00]
 [-6.30690765e+00 -3.00635433e+00  4.43110580e+01  2.99163017e+01
   9.98640104e-09  9.00000000e+00]
 [-3.66291809e+00 -3.60117435e+00  4.56626968e+01  3.06050835e+01
   4.26962998e-09  9.00000000e+00]]
2026-05-21 15:18:46 [DEBUG] 处理后检测输出形状: (0, 52)
2026-05-21 15:18:46 [DEBUG] 有效检测数量: 0
2026-05-21 15:18:46 [DEBUG] 检测输出为空
2026-05-21 15:18:46 [INFO] 掩码中检测到的类别: [0, 1, 2, 3, 4, 5, 6, 7, 8, 9, 10, 11, 12, 13, 15]
2026-05-21 15:18:46 [INFO] 分割完成，检测到 0 个物体
2026-05-21 15:18:46 [INFO] 从分割掩码中提取检测结果
2026-05-21 15:18:46 [INFO] 从掩码中提取了 539 个检测框
2026-05-21 15:18:47 [INFO] 检测到车兜区域，将过滤区域外的目标
2026-05-21 15:18:47 [INFO] 车兜区域过滤: 539 -> 177 个目标
2026-05-21 15:18:47 [INFO] 保存分割和检测结果到: C:\code\show\Scrap_Steel_In_Field\photos\segmentation\segment_20260521_151847.jpg
2026-05-21 15:18:47 [INFO] JSON结果保存到: C:\code\show\Scrap_Steel_In_Field\photos\segmentation_result.json
2026-05-21 15:18:47 [INFO] 类别统计：{1: 393163, 2: 33732, 3: 540, 4: 9108, 5: 63324, 6: 47628, 7: 32508, 8: 20669, 9: 55786, 10: 89424, 11: 144, 12: 116976, 13: 14313, 15: 7812}
2026-05-21 15:18:47 [INFO] 面积统计：{1: np.float64(393163.0), 2: np.float64(33732.0), 3: np.float64(540.0), 4: np.float64(9108.0), 5: np.float64(63324.0), 6: np.float64(47628.0), 7: np.float64(32508.0), 8: np.float64(20669.0), 9: np.float64(55786.0), 10: np.float64(89424.0), 11: np.float64(144.0), 12: np.float64(116976.0), 13: np.float64(14313.0), 15: np.float64(7812.0)}
2026-05-21 15:18:47 [INFO] 分割成功
2026-05-21 15:18:47 [INFO] 引擎上下文已释放
2026-05-21 15:18:47 [INFO] TensorRT 引擎已释放
2026-05-21 15:18:47 [INFO] 全局 CUDA 资源已释放
2026-05-21 15:18:47 [INFO] 分割系统资源已释放
2026-05-21 15:18:51 [INFO] CUDA 初始化成功
2026-05-21 15:18:51 [INFO] 引擎加载成功: scrap_steel.engine
2026-05-21 15:18:51 [INFO] 分割系统初始化成功
2026-05-21 15:18:51 [INFO] 图像预处理完成，原始尺寸: (2160, 3840)
2026-05-21 15:18:51 [INFO] 开始执行分割...
2026-05-21 15:18:51 [DEBUG] 处理后的检测结果形状: (1, 8400, 6)
2026-05-21 15:18:51 [DEBUG] 示例检测结果: [[-4.01091766e+00 -3.28626251e+00  3.88564682e+01  1.55185223e+01
   4.37479777e-08  5.00000000e+00]
 [-6.22944641e+00 -3.01973534e+00  4.42450943e+01  2.99119473e+01
   9.77311032e-09  9.00000000e+00]
 [-3.60334015e+00 -3.57785606e+00  4.56557236e+01  3.04984150e+01
   4.24319069e-09  9.00000000e+00]]
2026-05-21 15:18:51 [DEBUG] 处理后检测输出形状: (0, 52)
2026-05-21 15:18:51 [DEBUG] 有效检测数量: 0
2026-05-21 15:18:51 [DEBUG] 检测输出为空
2026-05-21 15:18:51 [INFO] 掩码中检测到的类别: [0, 1, 2, 3, 4, 5, 6, 7, 8, 9, 10, 11, 12, 13, 15]
2026-05-21 15:18:51 [INFO] 分割完成，检测到 0 个物体
2026-05-21 15:18:51 [INFO] 从分割掩码中提取检测结果
2026-05-21 15:18:52 [INFO] 从掩码中提取了 526 个检测框
2026-05-21 15:18:52 [INFO] 检测到车兜区域，将过滤区域外的目标
2026-05-21 15:18:52 [INFO] 车兜区域过滤: 526 -> 158 个目标
2026-05-21 15:18:52 [INFO] 保存分割和检测结果到: C:\code\show\Scrap_Steel_In_Field\photos\segmentation\segment_20260521_151852.jpg
2026-05-21 15:18:52 [INFO] JSON结果保存到: C:\code\show\Scrap_Steel_In_Field\photos\segmentation_result.json
2026-05-21 15:18:52 [INFO] 类别统计：{1: 399897, 2: 30996, 3: 72, 4: 9900, 5: 61848, 6: 49428, 7: 34308, 8: 17892, 9: 41712, 10: 88308, 11: 288, 12: 120142, 13: 15178, 15: 10440}
2026-05-21 15:18:52 [INFO] 面积统计：{1: np.float64(399897.0), 2: np.float64(30996.0), 3: np.float64(72.0), 4: np.float64(9900.0), 5: np.float64(61848.0), 6: np.float64(49428.0), 7: np.float64(34308.0), 8: np.float64(17892.0), 9: np.float64(41712.0), 10: np.float64(88308.0), 11: np.float64(288.0), 12: np.float64(120142.0), 13: np.float64(15178.0), 15: np.float64(10440.0)}
2026-05-21 15:18:52 [INFO] 分割成功
2026-05-21 15:18:52 [INFO] 引擎上下文已释放
2026-05-21 15:18:52 [INFO] TensorRT 引擎已释放
2026-05-21 15:18:52 [INFO] 全局 CUDA 资源已释放
2026-05-21 15:18:52 [INFO] 分割系统资源已释放
2026-05-21 15:18:56 [INFO] CUDA 初始化成功
2026-05-21 15:18:56 [INFO] 引擎加载成功: scrap_steel.engine
2026-05-21 15:18:56 [INFO] 分割系统初始化成功
2026-05-21 15:18:56 [INFO] 图像预处理完成，原始尺寸: (2160, 3840)
2026-05-21 15:18:56 [INFO] 开始执行分割...
2026-05-21 15:18:56 [DEBUG] 处理后的检测结果形状: (1, 8400, 6)
2026-05-21 15:18:56 [DEBUG] 示例检测结果: [[-4.04104614e+00 -3.28971004e+00  3.88223419e+01  1.55931673e+01
   4.37537082e-08  5.00000000e+00]
 [-6.26251602e+00 -3.01954651e+00  4.41631050e+01  2.99282951e+01
   9.69694014e-09  9.00000000e+00]
 [-3.60387421e+00 -3.57701206e+00  4.56614151e+01  3.05496521e+01
   4.24319069e-09  9.00000000e+00]]
2026-05-21 15:18:56 [DEBUG] 处理后检测输出形状: (0, 52)
2026-05-21 15:18:56 [DEBUG] 有效检测数量: 0
2026-05-21 15:18:56 [DEBUG] 检测输出为空
2026-05-21 15:18:57 [INFO] 掩码中检测到的类别: [0, 1, 2, 3, 4, 5, 6, 7, 8, 9, 10, 11, 12, 13, 15]
2026-05-21 15:18:57 [INFO] 分割完成，检测到 0 个物体
2026-05-21 15:18:57 [INFO] 从分割掩码中提取检测结果
2026-05-21 15:18:57 [INFO] 从掩码中提取了 562 个检测框
2026-05-21 15:18:57 [INFO] 检测到车兜区域，将过滤区域外的目标
2026-05-21 15:18:57 [INFO] 车兜区域过滤: 562 -> 172 个目标
