2026-05-21 15:51:31 [INFO] CUDA 初始化成功
2026-05-21 15:51:31 [INFO] 引擎加载成功: scrap_steel.engine
2026-05-21 15:51:31 [INFO] 分割系统初始化成功
2026-05-21 15:51:34 [INFO] 引擎加载成功: scrap_steel.engine
2026-05-21 15:51:34 [INFO] 分割系统初始化成功
2026-05-21 15:51:34 [INFO] 图像预处理完成，原始尺寸: (2160, 3840)
2026-05-21 15:51:34 [INFO] 开始执行分割...
2026-05-21 15:51:34 [ERROR] 推理过程发生异常: explicit_context_dependent failed: invalid device context - no currently active context?
2026-05-21 15:51:34 [INFO] 分割完成，检测到 0 个物体
2026-05-21 15:51:34 [ERROR] 分割失败: 未能生成有效的分割掩码
2026-05-21 15:51:34 [INFO] 引擎上下文已释放
2026-05-21 15:51:34 [INFO] TensorRT 引擎已释放
2026-05-21 15:51:34 [INFO] 全局 CUDA 资源已释放
2026-05-21 15:51:34 [INFO] 分割系统资源已释放
2026-05-21 15:51:42 [INFO] CUDA 初始化成功
2026-05-21 15:51:42 [INFO] 引擎加载成功: scrap_steel.engine
2026-05-21 15:51:42 [INFO] 分割系统初始化成功
2026-05-21 15:51:42 [INFO] 图像预处理完成，原始尺寸: (2160, 3840)
2026-05-21 15:51:42 [INFO] 开始执行分割...
2026-05-21 15:51:42 [DEBUG] 处理后的检测结果形状: (1, 8400, 6)
2026-05-21 15:51:42 [DEBUG] 示例检测结果: [[-4.03828812e+00 -3.30384016e+00  3.89517860e+01  1.56260300e+01
   4.55113920e-08  5.00000000e+00]
 [-6.33369827e+00 -3.02838326e+00  4.43667564e+01  3.00201092e+01
   1.00525455e-08  9.00000000e+00]
 [-3.65903473e+00 -3.59722996e+00  4.56839828e+01  3.06162949e+01
   4.35992575e-09  9.00000000e+00]]
2026-05-21 15:51:42 [DEBUG] 处理后检测输出形状: (0, 52)
2026-05-21 15:51:42 [DEBUG] 有效检测数量: 0
2026-05-21 15:51:42 [DEBUG] 检测输出为空
2026-05-21 15:51:42 [INFO] 掩码中检测到的类别: [0, 1, 2, 3, 4, 5, 6, 7, 8, 9, 10, 11, 12, 13, 15]
2026-05-21 15:51:42 [INFO] 分割完成，检测到 0 个物体
2026-05-21 15:51:42 [INFO] 从分割掩码中提取检测结果
2026-05-21 15:51:42 [INFO] 从掩码中提取了 545 个检测框
2026-05-21 15:51:42 [INFO] 检测到车兜区域，将过滤区域外的目标
2026-05-21 15:51:42 [INFO] 车兜区域过滤: 545 -> 168 个目标
2026-05-21 15:51:43 [INFO] 保存分割和检测结果到: C:\code\show\Scrap_Steel_In_Field\photos\segmentation\segment_20260521_155142.jpg
2026-05-21 15:51:43 [INFO] JSON结果保存到: C:\code\show\Scrap_Steel_In_Field\photos\segmentation_result.json
2026-05-21 15:51:43 [INFO] 类别统计：{0: 15, 1: 22, 2: 14, 3: 0, 4: 8, 5: 21, 6: 13, 7: 13, 8: 14, 9: 11, 10: 11, 11: 1, 12: 9, 13: 12, 14: 0, 15: 4}
2026-05-21 15:51:43 [INFO] 面积统计：{1: np.float64(13885164.0), 2: np.float64(1253232.0), 3: np.float64(9072.0), 4: np.float64(422496.0), 5: np.float64(2239488.0), 6: np.float64(1759968.0), 7: np.float64(984960.0), 8: np.float64(775188.0), 9: np.float64(1480032.0), 10: np.float64(3142800.0), 11: np.float64(9072.0), 12: np.float64(4430952.0), 13: np.float64(575964.0), 15: np.float64(318816.0)}
2026-05-21 15:51:43 [INFO] 分割成功
2026-05-21 15:51:43 [INFO] 引擎上下文已释放
2026-05-21 15:51:43 [INFO] TensorRT 引擎已释放
2026-05-21 15:51:43 [INFO] 全局 CUDA 资源已释放
2026-05-21 15:51:43 [INFO] 分割系统资源已释放
2026-05-21 15:51:47 [INFO] CUDA 初始化成功
2026-05-21 15:51:47 [INFO] 引擎加载成功: scrap_steel.engine
2026-05-21 15:51:47 [INFO] 分割系统初始化成功
2026-05-21 15:51:47 [INFO] 图像预处理完成，原始尺寸: (2160, 3840)
2026-05-21 15:51:47 [INFO] 开始执行分割...
2026-05-21 15:51:47 [DEBUG] 处理后的检测结果形状: (1, 8400, 6)
2026-05-21 15:51:47 [DEBUG] 示例检测结果: [[-3.97631073e+00 -3.25032806e+00  3.89257050e+01  1.55064278e+01
   4.55113920e-08  5.00000000e+00]
 [-6.27877426e+00 -2.98309326e+00  4.43485527e+01  2.99509392e+01
   1.01442694e-08  9.00000000e+00]
 [-3.61671448e+00 -3.54610825e+00  4.56920357e+01  3.06326218e+01
   4.35358061e-09  9.00000000e+00]]
2026-05-21 15:51:47 [DEBUG] 处理后检测输出形状: (0, 52)
2026-05-21 15:51:47 [DEBUG] 有效检测数量: 0
2026-05-21 15:51:47 [DEBUG] 检测输出为空
2026-05-21 15:51:47 [INFO] 掩码中检测到的类别: [0, 1, 2, 3, 4, 5, 6, 7, 8, 9, 10, 11, 12, 13, 15]
2026-05-21 15:51:47 [INFO] 分割完成，检测到 0 个物体
2026-05-21 15:51:47 [INFO] 从分割掩码中提取检测结果
2026-05-21 15:51:47 [INFO] 从掩码中提取了 548 个检测框
2026-05-21 15:51:47 [INFO] 检测到车兜区域，将过滤区域外的目标
2026-05-21 15:51:47 [INFO] 车兜区域过滤: 548 -> 193 个目标
2026-05-21 15:51:48 [INFO] 保存分割和检测结果到: C:\code\show\Scrap_Steel_In_Field\photos\segmentation\segment_20260521_155147.jpg
2026-05-21 15:51:48 [INFO] JSON结果保存到: C:\code\show\Scrap_Steel_In_Field\photos\segmentation_result.json
2026-05-21 15:51:48 [INFO] 类别统计：{0: 18, 1: 24, 2: 16, 3: 1, 4: 9, 5: 24, 6: 15, 7: 17, 8: 19, 9: 13, 10: 10, 11: 1, 12: 6, 13: 15, 14: 0, 15: 5}
2026-05-21 15:51:48 [INFO] 面积统计：{1: np.float64(13314996.0), 2: np.float64(1336176.0), 3: np.float64(50544.0), 4: np.float64(423792.0), 5: np.float64(2262816.0), 6: np.float64(1730160.0), 7: np.float64(973296.0), 8: np.float64(777960.0), 9: np.float64(1620252.0), 10: np.float64(3044304.0), 11: np.float64(14256.0), 12: np.float64(4449996.0), 13: np.float64(600696.0), 15: np.float64(286416.0)}
2026-05-21 15:51:48 [INFO] 分割成功
2026-05-21 15:51:48 [INFO] 引擎上下文已释放
2026-05-21 15:51:48 [INFO] TensorRT 引擎已释放
2026-05-21 15:51:48 [INFO] 全局 CUDA 资源已释放
2026-05-21 15:51:48 [INFO] 分割系统资源已释放
2026-05-21 15:51:52 [INFO] CUDA 初始化成功
2026-05-21 15:51:52 [INFO] 引擎加载成功: scrap_steel.engine
2026-05-21 15:51:52 [INFO] 分割系统初始化成功
2026-05-21 15:51:52 [INFO] 图像预处理完成，原始尺寸: (2160, 3840)
2026-05-21 15:51:52 [INFO] 开始执行分割...
2026-05-21 15:51:52 [DEBUG] 处理后的检测结果形状: (1, 8400, 6)
2026-05-21 15:51:52 [DEBUG] 示例检测结果: [[-3.99040604e+00 -3.26537323e+00  3.89099770e+01  1.55082264e+01
   4.44462103e-08  5.00000000e+00]
 [-6.25427628e+00 -2.98210049e+00  4.43046761e+01  2.98819580e+01
   1.00707602e-08  9.00000000e+00]
 [-3.62100220e+00 -3.53525162e+00  4.56690750e+01  3.05384369e+01
   4.30559055e-09  9.00000000e+00]]
2026-05-21 15:51:52 [DEBUG] 处理后检测输出形状: (0, 52)
2026-05-21 15:51:52 [DEBUG] 有效检测数量: 0
2026-05-21 15:51:52 [DEBUG] 检测输出为空
2026-05-21 15:51:52 [INFO] 掩码中检测到的类别: [0, 1, 2, 3, 4, 5, 6, 7, 8, 9, 10, 11, 12, 13, 15]
2026-05-21 15:51:52 [INFO] 分割完成，检测到 0 个物体
2026-05-21 15:51:52 [INFO] 从分割掩码中提取检测结果
2026-05-21 15:51:53 [INFO] 从掩码中提取了 528 个检测框
2026-05-21 15:51:53 [INFO] 检测到车兜区域，将过滤区域外的目标
2026-05-21 15:51:53 [INFO] 车兜区域过滤: 528 -> 172 个目标
2026-05-21 15:51:53 [INFO] 保存分割和检测结果到: C:\code\show\Scrap_Steel_In_Field\photos\segmentation\segment_20260521_155153.jpg
2026-05-21 15:51:53 [INFO] JSON结果保存到: C:\code\show\Scrap_Steel_In_Field\photos\segmentation_result.json
2026-05-21 15:51:53 [INFO] 类别统计：{0: 11, 1: 23, 2: 16, 3: 1, 4: 8, 5: 24, 6: 12, 7: 15, 8: 17, 9: 14, 10: 9, 11: 0, 12: 6, 13: 9, 14: 0, 15: 7}
2026-05-21 15:51:53 [INFO] 面积统计：{1: np.float64(13730436.0), 2: np.float64(1184544.0), 3: np.float64(9072.0), 4: np.float64(404352.0), 5: np.float64(2337984.0), 6: np.float64(1547424.0), 7: np.float64(1032912.0), 8: np.float64(785376.0), 9: np.float64(1445040.0), 10: np.float64(3210192.0), 11: np.float64(7776.0), 12: np.float64(4315896.0), 13: np.float64(613764.0), 15: np.float64(358992.0)}
2026-05-21 15:51:53 [INFO] 分割成功
2026-05-21 15:51:53 [INFO] 引擎上下文已释放
2026-05-21 15:51:53 [INFO] TensorRT 引擎已释放
2026-05-21 15:51:53 [INFO] 全局 CUDA 资源已释放
2026-05-21 15:51:53 [INFO] 分割系统资源已释放
2026-05-21 15:51:57 [INFO] CUDA 初始化成功
2026-05-21 15:51:57 [INFO] 引擎加载成功: scrap_steel.engine
2026-05-21 15:51:57 [INFO] 分割系统初始化成功
2026-05-21 15:51:57 [INFO] 图像预处理完成，原始尺寸: (2160, 3840)
2026-05-21 15:51:57 [INFO] 开始执行分割...
2026-05-21 15:51:57 [DEBUG] 处理后的检测结果形状: (1, 8400, 6)
2026-05-21 15:51:57 [DEBUG] 示例检测结果: [[-3.99524689e+00 -3.26257133e+00  3.88410492e+01  1.55488510e+01
   4.44462103e-08  5.00000000e+00]
 [-6.23733139e+00 -2.99207306e+00  4.42137260e+01  2.99653397e+01
   9.91897764e-09  9.00000000e+00]
 [-3.59423828e+00 -3.57621288e+00  4.56464996e+01  3.06258583e+01
   4.27200675e-09  9.00000000e+00]]
2026-05-21 15:51:57 [DEBUG] 处理后检测输出形状: (0, 52)
2026-05-21 15:51:57 [DEBUG] 有效检测数量: 0
2026-05-21 15:51:57 [DEBUG] 检测输出为空
2026-05-21 15:51:57 [INFO] 掩码中检测到的类别: [0, 1, 2, 3, 4, 5, 6, 7, 8, 9, 10, 11, 12, 13, 15]
2026-05-21 15:51:57 [INFO] 分割完成，检测到 0 个物体
2026-05-21 15:51:57 [INFO] 从分割掩码中提取检测结果
2026-05-21 15:51:58 [INFO] 从掩码中提取了 532 个检测框
2026-05-21 15:51:58 [INFO] 检测到车兜区域，将过滤区域外的目标
2026-05-21 15:51:58 [INFO] 车兜区域过滤: 532 -> 182 个目标
2026-05-21 15:51:58 [INFO] 保存分割和检测结果到: C:\code\show\Scrap_Steel_In_Field\photos\segmentation\segment_20260521_155158.jpg
2026-05-21 15:51:58 [INFO] JSON结果保存到: C:\code\show\Scrap_Steel_In_Field\photos\segmentation_result.json
2026-05-21 15:51:58 [INFO] 类别统计：{0: 11, 1: 27, 2: 16, 3: 1, 4: 4, 5: 20, 6: 13, 7: 15, 8: 19, 9: 18, 10: 12, 11: 2, 12: 7, 13: 12, 14: 0, 15: 5}
2026-05-21 15:51:58 [INFO] 面积统计：{1: np.float64(13588524.0), 2: np.float64(1154736.0), 3: np.float64(10368.0), 4: np.float64(383616.0), 5: np.float64(2512944.0), 6: np.float64(1604448.0), 7: np.float64(1102896.0), 8: np.float64(660960.0), 9: np.float64(1703340.0), 10: np.float64(2921184.0), 11: np.float64(19440.0), 12: np.float64(4261176.0), 13: np.float64(591120.0), 15: np.float64(377136.0)}
2026-05-21 15:51:58 [INFO] 分割成功
2026-05-21 15:51:58 [INFO] 引擎上下文已释放
2026-05-21 15:51:58 [INFO] TensorRT 引擎已释放
2026-05-21 15:51:58 [INFO] 全局 CUDA 资源已释放
2026-05-21 15:51:58 [INFO] 分割系统资源已释放
2026-05-21 15:52:03 [INFO] CUDA 初始化成功
2026-05-21 15:52:03 [INFO] 引擎加载成功: scrap_steel.engine
2026-05-21 15:52:03 [INFO] 分割系统初始化成功
2026-05-21 15:52:03 [INFO] 图像预处理完成，原始尺寸: (2160, 3840)
2026-05-21 15:52:03 [INFO] 开始执行分割...
2026-05-21 15:52:03 [DEBUG] 处理后的检测结果形状: (1, 8400, 6)
2026-05-21 15:52:03 [DEBUG] 示例检测结果: [[-4.00465393e+00 -3.28532314e+00  3.88843307e+01  1.55715284e+01
   4.51518680e-08  5.00000000e+00]
 [-6.28352737e+00 -3.01853943e+00  4.42935600e+01  3.00031357e+01
   1.00256230e-08  9.00000000e+00]
 [-3.62905502e+00 -3.58792496e+00  4.56927567e+01  3.06726418e+01
   4.30296332e-09  9.00000000e+00]]
2026-05-21 15:52:03 [DEBUG] 处理后检测输出形状: (0, 52)
2026-05-21 15:52:03 [DEBUG] 有效检测数量: 0
2026-05-21 15:52:03 [DEBUG] 检测输出为空
2026-05-21 15:52:03 [INFO] 掩码中检测到的类别: [0, 1, 2, 3, 4, 5, 6, 7, 8, 9, 10, 11, 12, 13, 15]
2026-05-21 15:52:03 [INFO] 分割完成，检测到 0 个物体
2026-05-21 15:52:03 [INFO] 从分割掩码中提取检测结果
2026-05-21 15:52:03 [INFO] 从掩码中提取了 540 个检测框
2026-05-21 15:52:03 [INFO] 检测到车兜区域，将过滤区域外的目标
2026-05-21 15:52:03 [INFO] 车兜区域过滤: 540 -> 175 个目标
2026-05-21 15:52:05 [INFO] 保存分割和检测结果到: C:\code\show\Scrap_Steel_In_Field\photos\segmentation\segment_20260521_155203.jpg
2026-05-21 15:52:05 [INFO] JSON结果保存到: C:\code\show\Scrap_Steel_In_Field\photos\segmentation_result.json
2026-05-21 15:52:05 [INFO] 类别统计：{0: 12, 1: 22, 2: 15, 3: 0, 4: 9, 5: 20, 6: 15, 7: 13, 8: 16, 9: 13, 10: 10, 11: 3, 12: 9, 13: 13, 14: 0, 15: 5}
2026-05-21 15:52:05 [INFO] 面积统计：{1: np.float64(13941828.0), 2: np.float64(1143072.0), 3: np.float64(5184.0), 4: np.float64(404352.0), 5: np.float64(2199312.0), 6: np.float64(1522800.0), 7: np.float64(1032912.0), 8: np.float64(742608.0), 9: np.float64(1491696.0), 10: np.float64(3036528.0), 11: np.float64(40176.0), 12: np.float64(4433976.0), 13: np.float64(577440.0), 15: np.float64(370656.0)}
2026-05-21 15:52:05 [INFO] 分割成功
2026-05-21 15:52:05 [INFO] 引擎上下文已释放
2026-05-21 15:52:05 [INFO] TensorRT 引擎已释放
2026-05-21 15:52:05 [INFO] 全局 CUDA 资源已释放
2026-05-21 15:52:05 [INFO] 分割系统资源已释放
2026-05-21 15:52:09 [INFO] CUDA 初始化成功
2026-05-21 15:52:09 [INFO] 引擎加载成功: scrap_steel.engine
2026-05-21 15:52:09 [INFO] 分割系统初始化成功
2026-05-21 15:52:09 [INFO] 图像预处理完成，原始尺寸: (2160, 3840)
2026-05-21 15:52:09 [INFO] 开始执行分割...
2026-05-21 15:52:09 [DEBUG] 处理后的检测结果形状: (1, 8400, 6)
2026-05-21 15:52:09 [DEBUG] 示例检测结果: [[-4.02181625e+00 -3.26310921e+00  3.88587608e+01  1.54554577e+01
   4.46192772e-08  5.00000000e+00]
 [-6.30155182e+00 -2.99259377e+00  4.42601738e+01  2.98773212e+01
   9.95297356e-09  9.00000000e+00]
 [-3.64284515e+00 -3.57246399e+00  4.56331329e+01  3.05476952e+01
   4.24105018e-09  9.00000000e+00]]
2026-05-21 15:52:09 [DEBUG] 处理后检测输出形状: (0, 52)
2026-05-21 15:52:09 [DEBUG] 有效检测数量: 0
2026-05-21 15:52:09 [DEBUG] 检测输出为空
2026-05-21 15:52:09 [INFO] 掩码中检测到的类别: [0, 1, 2, 3, 4, 5, 6, 7, 8, 9, 10, 11, 12, 13, 15]
2026-05-21 15:52:09 [INFO] 分割完成，检测到 0 个物体
2026-05-21 15:52:09 [INFO] 从分割掩码中提取检测结果
2026-05-21 15:52:09 [INFO] 从掩码中提取了 525 个检测框
2026-05-21 15:52:09 [INFO] 检测到车兜区域，将过滤区域外的目标
2026-05-21 15:52:09 [INFO] 车兜区域过滤: 525 -> 172 个目标
2026-05-21 15:52:10 [INFO] 保存分割和检测结果到: C:\code\show\Scrap_Steel_In_Field\photos\segmentation\segment_20260521_155209.jpg
2026-05-21 15:52:10 [INFO] JSON结果保存到: C:\code\show\Scrap_Steel_In_Field\photos\segmentation_result.json
2026-05-21 15:52:10 [INFO] 类别统计：{0: 7, 1: 25, 2: 17, 3: 0, 4: 9, 5: 24, 6: 14, 7: 13, 8: 15, 9: 18, 10: 8, 11: 1, 12: 6, 13: 10, 14: 0, 15: 5}
2026-05-21 15:52:10 [INFO] 面积统计：{1: np.float64(13475664.0), 2: np.float64(1154736.0), 3: np.float64(1296.0), 4: np.float64(360288.0), 5: np.float64(2201904.0), 6: np.float64(1792368.0), 7: np.float64(1056240.0), 8: np.float64(708912.0), 9: np.float64(1570968.0), 10: np.float64(3158352.0), 11: np.float64(11664.0), 12: np.float64(4539132.0), 13: np.float64(619524.0), 15: np.float64(340848.0)}
2026-05-21 15:52:10 [INFO] 分割成功
2026-05-21 15:52:10 [INFO] 引擎上下文已释放
2026-05-21 15:52:10 [INFO] TensorRT 引擎已释放
2026-05-21 15:52:10 [INFO] 全局 CUDA 资源已释放
2026-05-21 15:52:10 [INFO] 分割系统资源已释放
2026-05-21 15:52:14 [INFO] CUDA 初始化成功
2026-05-21 15:52:14 [INFO] 引擎加载成功: scrap_steel.engine
2026-05-21 15:52:14 [INFO] 分割系统初始化成功
2026-05-21 15:52:14 [INFO] 图像预处理完成，原始尺寸: (2160, 3840)
2026-05-21 15:52:14 [INFO] 开始执行分割...
2026-05-21 15:52:14 [DEBUG] 处理后的检测结果形状: (1, 8400, 6)
2026-05-21 15:52:14 [DEBUG] 示例检测结果: [[-3.97671509e+00 -3.22537899e+00  3.88080139e+01  1.53354883e+01
   4.53339091e-08  5.00000000e+00]
 [-6.27161789e+00 -2.96845436e+00  4.43396339e+01  2.98540211e+01
   1.02177786e-08  9.00000000e+00]
 [-3.66959381e+00 -3.58776569e+00  4.57214050e+01  3.06597404e+01
   4.44922588e-09  9.00000000e+00]]
2026-05-21 15:52:14 [DEBUG] 处理后检测输出形状: (0, 52)
2026-05-21 15:52:14 [DEBUG] 有效检测数量: 0
2026-05-21 15:52:14 [DEBUG] 检测输出为空
2026-05-21 15:52:14 [INFO] 掩码中检测到的类别: [0, 1, 2, 3, 4, 5, 6, 7, 8, 9, 10, 11, 12, 13, 15]
2026-05-21 15:52:14 [INFO] 分割完成，检测到 0 个物体
2026-05-21 15:52:14 [INFO] 从分割掩码中提取检测结果
2026-05-21 15:52:14 [INFO] 从掩码中提取了 517 个检测框
2026-05-21 15:52:14 [INFO] 检测到车兜区域，将过滤区域外的目标
2026-05-21 15:52:14 [INFO] 车兜区域过滤: 517 -> 167 个目标
2026-05-21 15:52:15 [INFO] 保存分割和检测结果到: C:\code\show\Scrap_Steel_In_Field\photos\segmentation\segment_20260521_155214.jpg
2026-05-21 15:52:15 [INFO] JSON结果保存到: C:\code\show\Scrap_Steel_In_Field\photos\segmentation_result.json
2026-05-21 15:52:15 [INFO] 类别统计：{0: 1, 1: 25, 2: 18, 3: 2, 4: 5, 5: 24, 6: 12, 7: 16, 8: 15, 9: 14, 10: 9, 11: 2, 12: 8, 13: 12, 14: 0, 15: 4}
2026-05-21 15:52:15 [INFO] 面积统计：{1: np.float64(13548852.0), 2: np.float64(1198800.0), 3: np.float64(34992.0), 4: np.float64(403056.0), 5: np.float64(2466288.0), 6: np.float64(1625184.0), 7: np.float64(1009584.0), 8: np.float64(819792.0), 9: np.float64(1531872.0), 10: np.float64(3005424.0), 11: np.float64(22032.0), 12: np.float64(4178952.0), 13: np.float64(640224.0), 15: np.float64(342144.0)}
2026-05-21 15:52:15 [INFO] 分割成功
2026-05-21 15:52:15 [INFO] 引擎上下文已释放
2026-05-21 15:52:15 [INFO] TensorRT 引擎已释放
2026-05-21 15:52:15 [INFO] 全局 CUDA 资源已释放
2026-05-21 15:52:15 [INFO] 分割系统资源已释放
2026-05-21 15:52:20 [INFO] CUDA 初始化成功
2026-05-21 15:52:20 [INFO] 引擎加载成功: scrap_steel.engine
2026-05-21 15:52:20 [INFO] 分割系统初始化成功
2026-05-21 15:52:20 [INFO] 图像预处理完成，原始尺寸: (2160, 3840)
2026-05-21 15:52:20 [INFO] 开始执行分割...
2026-05-21 15:52:20 [DEBUG] 处理后的检测结果形状: (1, 8400, 6)
2026-05-21 15:52:20 [DEBUG] 示例检测结果: [[-3.97586060e+00 -3.25004005e+00  3.89155769e+01  1.54260178e+01
   4.55113920e-08  5.00000000e+00]
 [-6.26163101e+00 -2.97233295e+00  4.43207054e+01  2.98444443e+01
   1.01839817e-08  9.00000000e+00]
 [-3.63541794e+00 -3.54464149e+00  4.56572495e+01  3.05795574e+01
   4.45247395e-09  9.00000000e+00]]
2026-05-21 15:52:20 [DEBUG] 处理后检测输出形状: (0, 52)
2026-05-21 15:52:20 [DEBUG] 有效检测数量: 0
2026-05-21 15:52:20 [DEBUG] 检测输出为空
2026-05-21 15:52:20 [INFO] 掩码中检测到的类别: [0, 1, 2, 3, 4, 5, 6, 7, 8, 9, 10, 11, 12, 13, 15]
2026-05-21 15:52:20 [INFO] 分割完成，检测到 0 个物体
2026-05-21 15:52:20 [INFO] 从分割掩码中提取检测结果
2026-05-21 15:52:21 [INFO] 从掩码中提取了 509 个检测框
2026-05-21 15:52:21 [INFO] 检测到车兜区域，将过滤区域外的目标
2026-05-21 15:52:21 [INFO] 车兜区域过滤: 509 -> 171 个目标
2026-05-21 15:52:21 [INFO] 保存分割和检测结果到: C:\code\show\Scrap_Steel_In_Field\photos\segmentation\segment_20260521_155221.jpg
2026-05-21 15:52:21 [INFO] JSON结果保存到: C:\code\show\Scrap_Steel_In_Field\photos\segmentation_result.json
2026-05-21 15:52:21 [INFO] 类别统计：{0: 1, 1: 26, 2: 18, 3: 0, 4: 8, 5: 21, 6: 14, 7: 17, 8: 17, 9: 11, 10: 11, 11: 2, 12: 8, 13: 11, 14: 0, 15: 6}
2026-05-21 15:52:21 [INFO] 面积统计：{1: np.float64(13302360.0), 2: np.float64(1264896.0), 3: np.float64(6480.0), 4: np.float64(414720.0), 5: np.float64(2444256.0), 6: np.float64(1739232.0), 7: np.float64(996624.0), 8: np.float64(773712.0), 9: np.float64(1460592.0), 10: np.float64(3122064.0), 11: np.float64(11664.0), 12: np.float64(4324572.0), 13: np.float64(648324.0), 15: np.float64(273456.0)}
2026-05-21 15:52:21 [INFO] 分割成功
2026-05-21 15:52:21 [INFO] 引擎上下文已释放
2026-05-21 15:52:21 [INFO] TensorRT 引擎已释放
2026-05-21 15:52:22 [INFO] 全局 CUDA 资源已释放
2026-05-21 15:52:22 [INFO] 分割系统资源已释放
2026-05-21 15:52:25 [INFO] CUDA 初始化成功
2026-05-21 15:52:25 [INFO] 引擎加载成功: scrap_steel.engine
2026-05-21 15:52:25 [INFO] 分割系统初始化成功
2026-05-21 15:52:25 [INFO] 图像预处理完成，原始尺寸: (2160, 3840)
2026-05-21 15:52:25 [INFO] 开始执行分割...
2026-05-21 15:52:25 [DEBUG] 处理后的检测结果形状: (1, 8400, 6)
2026-05-21 15:52:25 [DEBUG] 示例检测结果: [[-4.00799179e+00 -3.26342773e+00  3.89105721e+01  1.54298058e+01
   4.48029560e-08  5.00000000e+00]
 [-6.32887650e+00 -2.99684715e+00  4.43327217e+01  2.98815479e+01
   1.00707602e-08  9.00000000e+00]
 [-3.68203735e+00 -3.60233593e+00  4.56938171e+01  3.05589027e+01
   4.30559055e-09  9.00000000e+00]]
2026-05-21 15:52:25 [DEBUG] 处理后检测输出形状: (0, 52)
2026-05-21 15:52:25 [DEBUG] 有效检测数量: 0
2026-05-21 15:52:25 [DEBUG] 检测输出为空
2026-05-21 15:52:25 [INFO] 掩码中检测到的类别: [0, 1, 2, 3, 4, 5, 6, 7, 8, 9, 10, 11, 12, 13, 15]
2026-05-21 15:52:25 [INFO] 分割完成，检测到 0 个物体
2026-05-21 15:52:25 [INFO] 从分割掩码中提取检测结果
2026-05-21 15:52:26 [INFO] 从掩码中提取了 530 个检测框
2026-05-21 15:52:26 [INFO] 检测到车兜区域，将过滤区域外的目标
2026-05-21 15:52:26 [INFO] 车兜区域过滤: 530 -> 181 个目标
2026-05-21 15:52:26 [INFO] 保存分割和检测结果到: C:\code\show\Scrap_Steel_In_Field\photos\segmentation\segment_20260521_155226.jpg
2026-05-21 15:52:26 [INFO] JSON结果保存到: C:\code\show\Scrap_Steel_In_Field\photos\segmentation_result.json
2026-05-21 15:52:26 [INFO] 类别统计：{0: 9, 1: 29, 2: 17, 3: 1, 4: 11, 5: 21, 6: 15, 7: 12, 8: 18, 9: 15, 10: 9, 11: 1, 12: 7, 13: 10, 14: 0, 15: 6}
2026-05-21 15:52:26 [INFO] 面积统计：{1: np.float64(13033440.0), 2: np.float64(1237680.0), 3: np.float64(18144.0), 4: np.float64(483408.0), 5: np.float64(2257632.0), 6: np.float64(1600560.0), 7: np.float64(984960.0), 8: np.float64(852768.0), 9: np.float64(1446264.0), 10: np.float64(3045600.0), 11: np.float64(10368.0), 12: np.float64(4469184.0), 13: np.float64(556812.0), 15: np.float64(344736.0)}
2026-05-21 15:52:27 [INFO] 分割成功
2026-05-21 15:52:27 [INFO] 引擎上下文已释放
2026-05-21 15:52:27 [INFO] TensorRT 引擎已释放
2026-05-21 15:52:27 [INFO] 全局 CUDA 资源已释放
2026-05-21 15:52:27 [INFO] 分割系统资源已释放
2026-05-21 15:52:30 [INFO] CUDA 初始化成功
2026-05-21 15:52:30 [INFO] 引擎加载成功: scrap_steel.engine
2026-05-21 15:52:30 [INFO] 分割系统初始化成功
2026-05-21 15:52:30 [INFO] 图像预处理完成，原始尺寸: (2160, 3840)
2026-05-21 15:52:30 [INFO] 开始执行分割...
2026-05-21 15:52:30 [DEBUG] 处理后的检测结果形状: (1, 8400, 6)
2026-05-21 15:52:30 [DEBUG] 示例检测结果: [[-4.02494812e+00 -3.28501081e+00  3.88643227e+01  1.55630531e+01
   4.47923441e-08  5.00000000e+00]
 [-6.28060150e+00 -3.01668644e+00  4.42346039e+01  2.99514427e+01
   1.00648450e-08  9.00000000e+00]
 [-3.63433456e+00 -3.58775997e+00  4.56717720e+01  3.05528145e+01
   4.28867608e-09  9.00000000e+00]]
2026-05-21 15:52:30 [DEBUG] 处理后检测输出形状: (0, 52)
2026-05-21 15:52:30 [DEBUG] 有效检测数量: 0
2026-05-21 15:52:30 [DEBUG] 检测输出为空
2026-05-21 15:52:30 [INFO] 掩码中检测到的类别: [0, 1, 2, 3, 4, 5, 6, 7, 8, 9, 10, 11, 12, 13, 15]
2026-05-21 15:52:30 [INFO] 分割完成，检测到 0 个物体
2026-05-21 15:52:30 [INFO] 从分割掩码中提取检测结果
2026-05-21 15:52:31 [INFO] 从掩码中提取了 563 个检测框
2026-05-21 15:52:31 [INFO] 检测到车兜区域，将过滤区域外的目标
2026-05-21 15:52:31 [INFO] 车兜区域过滤: 563 -> 179 个目标
2026-05-21 15:52:31 [INFO] 保存分割和检测结果到: C:\code\show\Scrap_Steel_In_Field\photos\segmentation\segment_20260521_155231.jpg
2026-05-21 15:52:31 [INFO] JSON结果保存到: C:\code\show\Scrap_Steel_In_Field\photos\segmentation_result.json
2026-05-21 15:52:31 [INFO] 类别统计：{0: 14, 1: 23, 2: 17, 3: 2, 4: 6, 5: 20, 6: 11, 7: 13, 8: 16, 9: 14, 10: 10, 11: 2, 12: 13, 13: 12, 14: 0, 15: 6}
2026-05-21 15:52:31 [INFO] 面积统计：{1: np.float64(14332788.0), 2: np.float64(1378944.0), 3: np.float64(14544.0), 4: np.float64(431568.0), 5: np.float64(2238192.0), 6: np.float64(1656288.0), 7: np.float64(939600.0), 8: np.float64(787968.0), 9: np.float64(1687356.0), 10: np.float64(2987280.0), 11: np.float64(24624.0), 12: np.float64(4198212.0), 13: np.float64(606780.0), 15: np.float64(343440.0)}
2026-05-21 15:52:31 [INFO] 分割成功
2026-05-21 15:52:31 [INFO] 引擎上下文已释放
2026-05-21 15:52:31 [INFO] TensorRT 引擎已释放
2026-05-21 15:52:32 [INFO] 全局 CUDA 资源已释放
2026-05-21 15:52:32 [INFO] 分割系统资源已释放
2026-05-21 15:52:36 [INFO] CUDA 初始化成功
2026-05-21 15:52:36 [INFO] 引擎加载成功: scrap_steel.engine
2026-05-21 15:52:36 [INFO] 分割系统初始化成功
2026-05-21 15:52:36 [INFO] 图像预处理完成，原始尺寸: (2160, 3840)
2026-05-21 15:52:36 [INFO] 开始执行分割...
2026-05-21 15:52:36 [DEBUG] 处理后的检测结果形状: (1, 8400, 6)
2026-05-21 15:52:36 [DEBUG] 示例检测结果: [[-3.97962570e+00 -3.23132229e+00  3.87341499e+01  1.53360777e+01
   4.34148184e-08  5.00000000e+00]
 [-6.25449371e+00 -2.98460007e+00  4.42046700e+01  2.98017883e+01
   9.92374183e-09  9.00000000e+00]
 [-3.62941742e+00 -3.54599476e+00  4.56359711e+01  3.04842796e+01
   4.30773106e-09  9.00000000e+00]]
2026-05-21 15:52:36 [DEBUG] 处理后检测输出形状: (0, 52)
2026-05-21 15:52:36 [DEBUG] 有效检测数量: 0
2026-05-21 15:52:36 [DEBUG] 检测输出为空
2026-05-21 15:52:36 [INFO] 掩码中检测到的类别: [0, 1, 2, 3, 4, 5, 6, 7, 8, 9, 10, 11, 12, 13, 15]
2026-05-21 15:52:36 [INFO] 分割完成，检测到 0 个物体
2026-05-21 15:52:36 [INFO] 从分割掩码中提取检测结果
2026-05-21 15:52:36 [INFO] 从掩码中提取了 558 个检测框
2026-05-21 15:52:36 [INFO] 检测到车兜区域，将过滤区域外的目标
2026-05-21 15:52:36 [INFO] 车兜区域过滤: 558 -> 183 个目标
2026-05-21 15:52:37 [INFO] 保存分割和检测结果到: C:\code\show\Scrap_Steel_In_Field\photos\segmentation\segment_20260521_155236.jpg
2026-05-21 15:52:37 [INFO] JSON结果保存到: C:\code\show\Scrap_Steel_In_Field\photos\segmentation_result.json
2026-05-21 15:52:37 [INFO] 类别统计：{0: 16, 1: 22, 2: 14, 3: 1, 4: 8, 5: 21, 6: 15, 7: 16, 8: 18, 9: 12, 10: 10, 11: 3, 12: 9, 13: 14, 14: 0, 15: 4}
2026-05-21 15:52:37 [INFO] 面积统计：{1: np.float64(14027004.0), 2: np.float64(1194912.0), 3: np.float64(16848.0), 4: np.float64(410832.0), 5: np.float64(2337984.0), 6: np.float64(1635552.0), 7: np.float64(982368.0), 8: np.float64(745560.0), 9: np.float64(1453464.0), 10: np.float64(3100032.0), 11: np.float64(20736.0), 12: np.float64(4414860.0), 13: np.float64(619452.0), 15: np.float64(351216.0)}
2026-05-21 15:52:37 [INFO] 分割成功
2026-05-21 15:52:37 [INFO] 引擎上下文已释放
2026-05-21 15:52:37 [INFO] TensorRT 引擎已释放
2026-05-21 15:52:37 [INFO] 全局 CUDA 资源已释放
2026-05-21 15:52:37 [INFO] 分割系统资源已释放
2026-05-21 15:52:41 [INFO] CUDA 初始化成功
2026-05-21 15:52:41 [INFO] 引擎加载成功: scrap_steel.engine
2026-05-21 15:52:41 [INFO] 分割系统初始化成功
2026-05-21 15:52:41 [INFO] 图像预处理完成，原始尺寸: (2160, 3840)
2026-05-21 15:52:41 [INFO] 开始执行分割...
2026-05-21 15:52:41 [DEBUG] 处理后的检测结果形状: (1, 8400, 6)
2026-05-21 15:52:41 [DEBUG] 示例检测结果: [[-4.01188278e+00 -3.27533150e+00  3.87702599e+01  1.55657444e+01
   4.46119657e-08  5.00000000e+00]
 [-6.32765961e+00 -3.04399967e+00  4.42082901e+01  2.99229813e+01
   9.85023263e-09  9.00000000e+00]
 [-3.62126160e+00 -3.58827496e+00  4.56176453e+01  3.05037918e+01
   4.27628777e-09  9.00000000e+00]]
2026-05-21 15:52:41 [DEBUG] 处理后检测输出形状: (0, 52)
2026-05-21 15:52:41 [DEBUG] 有效检测数量: 0
2026-05-21 15:52:41 [DEBUG] 检测输出为空
2026-05-21 15:52:41 [INFO] 掩码中检测到的类别: [0, 1, 2, 3, 4, 5, 6, 7, 8, 9, 10, 11, 12, 13, 15]
2026-05-21 15:52:41 [INFO] 分割完成，检测到 0 个物体
2026-05-21 15:52:41 [INFO] 从分割掩码中提取检测结果
2026-05-21 15:52:41 [INFO] 从掩码中提取了 556 个检测框
2026-05-21 15:52:41 [INFO] 检测到车兜区域，将过滤区域外的目标
2026-05-21 15:52:41 [INFO] 车兜区域过滤: 556 -> 189 个目标
2026-05-21 15:52:42 [INFO] 保存分割和检测结果到: C:\code\show\Scrap_Steel_In_Field\photos\segmentation\segment_20260521_155241.jpg
2026-05-21 15:52:42 [INFO] JSON结果保存到: C:\code\show\Scrap_Steel_In_Field\photos\segmentation_result.json
2026-05-21 15:52:42 [INFO] 类别统计：{0: 17, 1: 26, 2: 19, 3: 1, 4: 8, 5: 18, 6: 17, 7: 15, 8: 17, 9: 14, 10: 11, 11: 1, 12: 7, 13: 13, 14: 0, 15: 5}
2026-05-21 15:52:42 [INFO] 面积统计：{1: np.float64(13742028.0), 2: np.float64(1253232.0), 3: np.float64(46656.0), 4: np.float64(358992.0), 5: np.float64(2310768.0), 6: np.float64(1767744.0), 7: np.float64(988848.0), 8: np.float64(753156.0), 9: np.float64(1473444.0), 10: np.float64(2935440.0), 11: np.float64(11664.0), 12: np.float64(4279644.0), 13: np.float64(598860.0), 15: np.float64(371952.0)}
2026-05-21 15:52:42 [INFO] 分割成功
2026-05-21 15:52:42 [INFO] 引擎上下文已释放
2026-05-21 15:52:42 [INFO] TensorRT 引擎已释放
2026-05-21 15:52:42 [INFO] 全局 CUDA 资源已释放
2026-05-21 15:52:42 [INFO] 分割系统资源已释放
2026-05-21 15:52:46 [INFO] CUDA 初始化成功
2026-05-21 15:52:46 [INFO] 引擎加载成功: scrap_steel.engine
2026-05-21 15:52:46 [INFO] 分割系统初始化成功
2026-05-21 15:52:46 [INFO] 图像预处理完成，原始尺寸: (2160, 3840)
2026-05-21 15:52:46 [INFO] 开始执行分割...
2026-05-21 15:52:46 [DEBUG] 处理后的检测结果形状: (1, 8400, 6)
2026-05-21 15:52:46 [DEBUG] 示例检测结果: [[-3.97230148e+00 -3.24207878e+00  3.90143127e+01  1.53832035e+01
   4.51597018e-08  5.00000000e+00]
 [-6.27325439e+00 -2.97002411e+00  4.43738937e+01  2.99109612e+01
   1.01377786e-08  9.00000000e+00]
 [-3.64550400e+00 -3.53098202e+00  4.56975822e+01  3.05763702e+01
   4.38035475e-09  9.00000000e+00]]
2026-05-21 15:52:46 [DEBUG] 处理后检测输出形状: (0, 52)
2026-05-21 15:52:46 [DEBUG] 有效检测数量: 0
2026-05-21 15:52:46 [DEBUG] 检测输出为空
2026-05-21 15:52:46 [INFO] 掩码中检测到的类别: [0, 1, 2, 3, 4, 5, 6, 7, 8, 9, 10, 11, 12, 13, 15]
2026-05-21 15:52:46 [INFO] 分割完成，检测到 0 个物体
2026-05-21 15:52:46 [INFO] 从分割掩码中提取检测结果
2026-05-21 15:52:46 [INFO] 从掩码中提取了 544 个检测框
2026-05-21 15:52:46 [INFO] 检测到车兜区域，将过滤区域外的目标
2026-05-21 15:52:46 [INFO] 车兜区域过滤: 544 -> 181 个目标
2026-05-21 15:52:47 [INFO] 保存分割和检测结果到: C:\code\show\Scrap_Steel_In_Field\photos\segmentation\segment_20260521_155246.jpg
2026-05-21 15:52:47 [INFO] JSON结果保存到: C:\code\show\Scrap_Steel_In_Field\photos\segmentation_result.json
2026-05-21 15:52:47 [INFO] 类别统计：{0: 12, 1: 25, 2: 16, 3: 1, 4: 8, 5: 25, 6: 16, 7: 16, 8: 16, 9: 14, 10: 9, 11: 3, 12: 4, 13: 11, 14: 0, 15: 5}
2026-05-21 15:52:47 [INFO] 面积统计：{1: np.float64(13614120.0), 2: np.float64(1267488.0), 3: np.float64(11664.0), 4: np.float64(399168.0), 5: np.float64(2234304.0), 6: np.float64(1757592.0), 7: np.float64(1104192.0), 8: np.float64(705024.0), 9: np.float64(1485864.0), 10: np.float64(3030048.0), 11: np.float64(33696.0), 12: np.float64(4327776.0), 13: np.float64(581112.0), 15: np.float64(410832.0)}
2026-05-21 15:52:47 [INFO] 分割成功
2026-05-21 15:52:47 [INFO] 引擎上下文已释放
2026-05-21 15:52:47 [INFO] TensorRT 引擎已释放
2026-05-21 15:52:47 [INFO] 全局 CUDA 资源已释放
2026-05-21 15:52:47 [INFO] 分割系统资源已释放
2026-05-21 15:52:51 [INFO] CUDA 初始化成功
2026-05-21 15:52:51 [INFO] 引擎加载成功: scrap_steel.engine
2026-05-21 15:52:51 [INFO] 分割系统初始化成功
2026-05-21 15:52:51 [INFO] 图像预处理完成，原始尺寸: (2160, 3840)
2026-05-21 15:52:51 [INFO] 开始执行分割...
2026-05-21 15:52:51 [DEBUG] 处理后的检测结果形状: (1, 8400, 6)
2026-05-21 15:52:51 [DEBUG] 示例检测结果: [[-4.00857925e+00 -3.27565098e+00  3.88947601e+01  1.55594549e+01
   4.44462103e-08  5.00000000e+00]
 [-6.26534653e+00 -3.00815010e+00  4.43022423e+01  2.99268017e+01
   9.99725103e-09  9.00000000e+00]
 [-3.63942719e+00 -3.58786297e+00  4.56661301e+01  3.05975914e+01
   4.30559055e-09  9.00000000e+00]]
2026-05-21 15:52:51 [DEBUG] 处理后检测输出形状: (0, 52)
2026-05-21 15:52:51 [DEBUG] 有效检测数量: 0
2026-05-21 15:52:51 [DEBUG] 检测输出为空
2026-05-21 15:52:51 [INFO] 掩码中检测到的类别: [0, 1, 2, 3, 4, 5, 6, 7, 8, 9, 10, 11, 12, 13, 15]
2026-05-21 15:52:51 [INFO] 分割完成，检测到 0 个物体
2026-05-21 15:52:51 [INFO] 从分割掩码中提取检测结果
2026-05-21 15:52:51 [INFO] 从掩码中提取了 515 个检测框
2026-05-21 15:52:51 [INFO] 检测到车兜区域，将过滤区域外的目标
2026-05-21 15:52:51 [INFO] 车兜区域过滤: 515 -> 169 个目标
2026-05-21 15:52:52 [INFO] 保存分割和检测结果到: C:\code\show\Scrap_Steel_In_Field\photos\segmentation\segment_20260521_155252.jpg
2026-05-21 15:52:52 [INFO] JSON结果保存到: C:\code\show\Scrap_Steel_In_Field\photos\segmentation_result.json
2026-05-21 15:52:52 [INFO] 类别统计：{0: 1, 1: 25, 2: 17, 3: 0, 4: 7, 5: 21, 6: 16, 7: 14, 8: 16, 9: 15, 10: 11, 11: 1, 12: 7, 13: 15, 14: 0, 15: 3}
2026-05-21 15:52:52 [INFO] 面积统计：{1: np.float64(13630968.0), 2: np.float64(1222128.0), 3: np.float64(3888.0), 4: np.float64(404352.0), 5: np.float64(2198016.0), 6: np.float64(1719792.0), 7: np.float64(1048464.0), 8: np.float64(756864.0), 9: np.float64(1538676.0), 10: np.float64(3062448.0), 11: np.float64(7776.0), 12: np.float64(4424184.0), 13: np.float64(555084.0), 15: np.float64(307152.0)}
2026-05-21 15:52:52 [INFO] 分割成功
2026-05-21 15:52:52 [INFO] 引擎上下文已释放
2026-05-21 15:52:52 [INFO] TensorRT 引擎已释放
2026-05-21 15:52:52 [INFO] 全局 CUDA 资源已释放
2026-05-21 15:52:52 [INFO] 分割系统资源已释放
2026-05-21 15:52:56 [INFO] CUDA 初始化成功
2026-05-21 15:52:56 [INFO] 引擎加载成功: scrap_steel.engine
2026-05-21 15:52:56 [INFO] 分割系统初始化成功
2026-05-21 15:52:56 [INFO] 图像预处理完成，原始尺寸: (2160, 3840)
2026-05-21 15:52:56 [INFO] 开始执行分割...
2026-05-21 15:52:56 [DEBUG] 处理后的检测结果形状: (1, 8400, 6)
2026-05-21 15:52:56 [DEBUG] 示例检测结果: [[-3.99568558e+00 -3.25582790e+00  3.88199692e+01  1.54261866e+01
   4.46192772e-08  5.00000000e+00]
 [-6.29906845e+00 -2.99641418e+00  4.42307510e+01  2.98668594e+01
   9.95811433e-09  9.00000000e+00]
 [-3.62565613e+00 -3.57522011e+00  4.56490784e+01  3.05597858e+01
   4.25759872e-09  9.00000000e+00]]
2026-05-21 15:52:56 [DEBUG] 处理后检测输出形状: (0, 52)
2026-05-21 15:52:56 [DEBUG] 有效检测数量: 0
2026-05-21 15:52:56 [DEBUG] 检测输出为空
2026-05-21 15:52:56 [INFO] 掩码中检测到的类别: [0, 1, 2, 3, 4, 5, 6, 7, 8, 9, 10, 11, 12, 13, 15]
2026-05-21 15:52:56 [INFO] 分割完成，检测到 0 个物体
2026-05-21 15:52:56 [INFO] 从分割掩码中提取检测结果
2026-05-21 15:52:56 [INFO] 从掩码中提取了 529 个检测框
2026-05-21 15:52:56 [INFO] 检测到车兜区域，将过滤区域外的目标
2026-05-21 15:52:56 [INFO] 车兜区域过滤: 529 -> 180 个目标
2026-05-21 15:52:57 [INFO] 保存分割和检测结果到: C:\code\show\Scrap_Steel_In_Field\photos\segmentation\segment_20260521_155257.jpg
2026-05-21 15:52:57 [INFO] JSON结果保存到: C:\code\show\Scrap_Steel_In_Field\photos\segmentation_result.json
2026-05-21 15:52:57 [INFO] 类别统计：{0: 5, 1: 25, 2: 18, 3: 1, 4: 11, 5: 23, 6: 12, 7: 15, 8: 17, 9: 14, 10: 10, 11: 1, 12: 11, 13: 13, 14: 0, 15: 4}
2026-05-21 15:52:57 [INFO] 面积统计：{1: np.float64(13190184.0), 2: np.float64(1083456.0), 3: np.float64(15552.0), 4: np.float64(448416.0), 5: np.float64(2319840.0), 6: np.float64(1588896.0), 7: np.float64(1066608.0), 8: np.float64(672624.0), 9: np.float64(1550016.0), 10: np.float64(3116880.0), 11: np.float64(12960.0), 12: np.float64(4466988.0), 13: np.float64(624060.0), 15: np.float64(324000.0)}
2026-05-21 15:52:57 [INFO] 分割成功
2026-05-21 15:52:57 [INFO] 引擎上下文已释放
2026-05-21 15:52:57 [INFO] TensorRT 引擎已释放
2026-05-21 15:52:57 [INFO] 全局 CUDA 资源已释放
2026-05-21 15:52:57 [INFO] 分割系统资源已释放
2026-05-21 15:53:01 [INFO] CUDA 初始化成功
2026-05-21 15:53:01 [INFO] 引擎加载成功: scrap_steel.engine
2026-05-21 15:53:01 [INFO] 分割系统初始化成功
2026-05-21 15:53:02 [INFO] 图像预处理完成，原始尺寸: (2160, 3840)
2026-05-21 15:53:02 [INFO] 开始执行分割...
2026-05-21 15:53:02 [DEBUG] 处理后的检测结果形状: (1, 8400, 6)
2026-05-21 15:53:02 [DEBUG] 示例检测结果: [[-4.05086899e+00 -3.27573013e+00  3.90209160e+01  1.55041409e+01
   4.47923441e-08  5.00000000e+00]
 [-6.37703705e+00 -3.01504326e+00  4.44075699e+01  2.99859180e+01
   1.00313358e-08  9.00000000e+00]
 [-3.67647934e+00 -3.58814049e+00  4.57286606e+01  3.06133022e+01
   4.30559055e-09  9.00000000e+00]]
2026-05-21 15:53:02 [DEBUG] 处理后检测输出形状: (0, 52)
2026-05-21 15:53:02 [DEBUG] 有效检测数量: 0
2026-05-21 15:53:02 [DEBUG] 检测输出为空
2026-05-21 15:53:02 [INFO] 掩码中检测到的类别: [0, 1, 2, 3, 4, 5, 6, 7, 8, 9, 10, 11, 12, 13, 15]
2026-05-21 15:53:02 [INFO] 分割完成，检测到 0 个物体
2026-05-21 15:53:02 [INFO] 从分割掩码中提取检测结果
2026-05-21 15:53:02 [INFO] 从掩码中提取了 552 个检测框
2026-05-21 15:53:02 [INFO] 检测到车兜区域，将过滤区域外的目标
2026-05-21 15:53:02 [INFO] 车兜区域过滤: 552 -> 184 个目标
2026-05-21 15:53:03 [INFO] 保存分割和检测结果到: C:\code\show\Scrap_Steel_In_Field\photos\segmentation\segment_20260521_155302.jpg
2026-05-21 15:53:03 [INFO] JSON结果保存到: C:\code\show\Scrap_Steel_In_Field\photos\segmentation_result.json
2026-05-21 15:53:03 [INFO] 类别统计：{0: 16, 1: 22, 2: 17, 3: 1, 4: 8, 5: 23, 6: 18, 7: 15, 8: 15, 9: 19, 10: 9, 11: 1, 12: 5, 13: 11, 14: 0, 15: 4}
2026-05-21 15:53:03 [INFO] 面积统计：{1: np.float64(13677516.0), 2: np.float64(1375056.0), 3: np.float64(40176.0), 4: np.float64(395280.0), 5: np.float64(2280960.0), 6: np.float64(1757376.0), 7: np.float64(940896.0), 8: np.float64(769824.0), 9: np.float64(1859760.0), 10: np.float64(3062448.0), 11: np.float64(16848.0), 12: np.float64(4244400.0), 13: np.float64(587736.0), 15: np.float64(326592.0)}
2026-05-21 15:53:03 [INFO] 分割成功
2026-05-21 15:53:03 [INFO] 引擎上下文已释放
2026-05-21 15:53:03 [INFO] TensorRT 引擎已释放
2026-05-21 15:53:03 [INFO] 全局 CUDA 资源已释放
2026-05-21 15:53:03 [INFO] 分割系统资源已释放
2026-05-21 15:53:06 [INFO] CUDA 初始化成功
2026-05-21 15:53:07 [INFO] 引擎加载成功: scrap_steel.engine
2026-05-21 15:53:07 [INFO] 分割系统初始化成功
2026-05-21 15:53:07 [INFO] 图像预处理完成，原始尺寸: (2160, 3840)
2026-05-21 15:53:07 [INFO] 开始执行分割...
2026-05-21 15:53:07 [DEBUG] 处理后的检测结果形状: (1, 8400, 6)
2026-05-21 15:53:07 [DEBUG] 示例检测结果: [[-3.97681808e+00 -3.25029278e+00  3.88616982e+01  1.54312201e+01
   4.51597018e-08  5.00000000e+00]
 [-6.22617340e+00 -2.97012997e+00  4.42084694e+01  2.99319763e+01
   9.98640104e-09  9.00000000e+00]
 [-3.61365128e+00 -3.55971718e+00  4.56518745e+01  3.06640911e+01
   4.34939817e-09  9.00000000e+00]]
2026-05-21 15:53:07 [DEBUG] 处理后检测输出形状: (0, 52)
2026-05-21 15:53:07 [DEBUG] 有效检测数量: 0
2026-05-21 15:53:07 [DEBUG] 检测输出为空
2026-05-21 15:53:07 [INFO] 掩码中检测到的类别: [0, 1, 2, 3, 4, 5, 6, 7, 8, 9, 10, 11, 12, 13, 15]
2026-05-21 15:53:07 [INFO] 分割完成，检测到 0 个物体
2026-05-21 15:53:07 [INFO] 从分割掩码中提取检测结果
2026-05-21 15:53:07 [INFO] 从掩码中提取了 536 个检测框
2026-05-21 15:53:07 [INFO] 检测到车兜区域，将过滤区域外的目标
2026-05-21 15:53:07 [INFO] 车兜区域过滤: 536 -> 174 个目标
2026-05-21 15:53:08 [INFO] 保存分割和检测结果到: C:\code\show\Scrap_Steel_In_Field\photos\segmentation\segment_20260521_155307.jpg
2026-05-21 15:53:08 [INFO] JSON结果保存到: C:\code\show\Scrap_Steel_In_Field\photos\segmentation_result.json
2026-05-21 15:53:08 [INFO] 类别统计：{0: 14, 1: 27, 2: 14, 3: 0, 4: 7, 5: 20, 6: 13, 7: 16, 8: 15, 9: 13, 10: 8, 11: 0, 12: 9, 13: 12, 14: 0, 15: 6}
2026-05-21 15:53:08 [INFO] 面积统计：{1: np.float64(13581432.0), 2: np.float64(1264896.0), 4: np.float64(374544.0), 5: np.float64(2339280.0), 6: np.float64(1700352.0), 7: np.float64(988848.0), 8: np.float64(760536.0), 9: np.float64(1468368.0), 10: np.float64(3032640.0), 11: np.float64(6480.0), 12: np.float64(4094028.0), 13: np.float64(630972.0), 15: np.float64(382320.0)}
2026-05-21 15:53:08 [INFO] 分割成功
2026-05-21 15:53:08 [INFO] 引擎上下文已释放
2026-05-21 15:53:08 [INFO] TensorRT 引擎已释放
2026-05-21 15:53:08 [INFO] 全局 CUDA 资源已释放
2026-05-21 15:53:08 [INFO] 分割系统资源已释放
2026-05-21 15:53:11 [INFO] CUDA 初始化成功
2026-05-21 15:53:11 [INFO] 引擎加载成功: scrap_steel.engine
2026-05-21 15:53:11 [INFO] 分割系统初始化成功
2026-05-21 15:53:12 [INFO] 图像预处理完成，原始尺寸: (2160, 3840)
2026-05-21 15:53:12 [INFO] 开始执行分割...
2026-05-21 15:53:12 [DEBUG] 处理后的检测结果形状: (1, 8400, 6)
2026-05-21 15:53:12 [DEBUG] 示例检测结果: [[-4.03601456e+00 -3.30699492e+00  3.89186821e+01  1.56178894e+01
   4.55113920e-08  5.00000000e+00]
 [-6.32516098e+00 -3.05370331e+00  4.42579956e+01  3.00341873e+01
   1.00587663e-08  9.00000000e+00]
 [-3.66919708e+00 -3.61540222e+00  4.56862030e+01  3.06430740e+01
   4.34939817e-09  9.00000000e+00]]
2026-05-21 15:53:12 [DEBUG] 处理后检测输出形状: (0, 52)
2026-05-21 15:53:12 [DEBUG] 有效检测数量: 0
2026-05-21 15:53:12 [DEBUG] 检测输出为空
2026-05-21 15:53:12 [INFO] 掩码中检测到的类别: [0, 1, 2, 3, 4, 5, 6, 7, 8, 9, 10, 11, 12, 13, 15]
2026-05-21 15:53:12 [INFO] 分割完成，检测到 0 个物体
2026-05-21 15:53:12 [INFO] 从分割掩码中提取检测结果
2026-05-21 15:53:12 [INFO] 从掩码中提取了 533 个检测框
2026-05-21 15:53:12 [INFO] 检测到车兜区域，将过滤区域外的目标
2026-05-21 15:53:12 [INFO] 车兜区域过滤: 533 -> 167 个目标
2026-05-21 15:53:13 [INFO] 保存分割和检测结果到: C:\code\show\Scrap_Steel_In_Field\photos\segmentation\segment_20260521_155312.jpg
2026-05-21 15:53:13 [INFO] JSON结果保存到: C:\code\show\Scrap_Steel_In_Field\photos\segmentation_result.json
2026-05-21 15:53:13 [INFO] 类别统计：{0: 6, 1: 27, 2: 17, 3: 0, 4: 7, 5: 21, 6: 10, 7: 17, 8: 16, 9: 13, 10: 8, 11: 1, 12: 6, 13: 11, 14: 0, 15: 7}
2026-05-21 15:53:13 [INFO] 面积统计：{1: np.float64(13610448.0), 2: np.float64(1154736.0), 3: np.float64(5184.0), 4: np.float64(416016.0), 5: np.float64(2417040.0), 6: np.float64(1597968.0), 7: np.float64(1146960.0), 8: np.float64(592272.0), 9: np.float64(1620000.0), 10: np.float64(3094848.0), 11: np.float64(7776.0), 12: np.float64(4076748.0), 13: np.float64(571284.0), 15: np.float64(384912.0)}
2026-05-21 15:53:13 [INFO] 分割成功
2026-05-21 15:53:13 [INFO] 引擎上下文已释放
2026-05-21 15:53:13 [INFO] TensorRT 引擎已释放
2026-05-21 15:53:13 [INFO] 全局 CUDA 资源已释放
2026-05-21 15:53:13 [INFO] 分割系统资源已释放
2026-05-21 15:53:17 [INFO] CUDA 初始化成功
2026-05-21 15:53:17 [INFO] 引擎加载成功: scrap_steel.engine
2026-05-21 15:53:17 [INFO] 分割系统初始化成功
2026-05-21 15:53:17 [INFO] 图像预处理完成，原始尺寸: (2160, 3840)
2026-05-21 15:53:17 [INFO] 开始执行分割...
2026-05-21 15:53:17 [DEBUG] 处理后的检测结果形状: (1, 8400, 6)
2026-05-21 15:53:17 [DEBUG] 示例检测结果: [[-4.00201035e+00 -3.24797153e+00  3.90625916e+01  1.53943586e+01
   4.55374334e-08  5.00000000e+00]
 [-6.31179047e+00 -2.96996117e+00  4.44239502e+01  2.99075489e+01
   1.02107123e-08  9.00000000e+00]
 [-3.66030121e+00 -3.55768776e+00  4.57327194e+01  3.06622448e+01
   4.39409842e-09  9.00000000e+00]]
2026-05-21 15:53:17 [DEBUG] 处理后检测输出形状: (0, 52)
2026-05-21 15:53:17 [DEBUG] 有效检测数量: 0
2026-05-21 15:53:17 [DEBUG] 检测输出为空
2026-05-21 15:53:17 [INFO] 掩码中检测到的类别: [0, 1, 2, 3, 4, 5, 6, 7, 8, 9, 10, 11, 12, 13, 15]
2026-05-21 15:53:17 [INFO] 分割完成，检测到 0 个物体
2026-05-21 15:53:17 [INFO] 从分割掩码中提取检测结果
2026-05-21 15:53:17 [INFO] 从掩码中提取了 529 个检测框
2026-05-21 15:53:17 [INFO] 检测到车兜区域，将过滤区域外的目标
2026-05-21 15:53:18 [INFO] 车兜区域过滤: 529 -> 179 个目标
2026-05-21 15:53:18 [INFO] 保存分割和检测结果到: C:\code\show\Scrap_Steel_In_Field\photos\segmentation\segment_20260521_155318.jpg
2026-05-21 15:53:18 [INFO] JSON结果保存到: C:\code\show\Scrap_Steel_In_Field\photos\segmentation_result.json
2026-05-21 15:53:18 [INFO] 类别统计：{0: 9, 1: 25, 2: 18, 3: 1, 4: 8, 5: 22, 6: 13, 7: 15, 8: 18, 9: 15, 10: 7, 11: 3, 12: 7, 13: 13, 14: 0, 15: 5}
2026-05-21 15:53:18 [INFO] 面积统计：{1: np.float64(14074128.0), 2: np.float64(1193616.0), 3: np.float64(31104.0), 4: np.float64(397872.0), 5: np.float64(2161728.0), 6: np.float64(1820880.0), 7: np.float64(917568.0), 8: np.float64(715392.0), 9: np.float64(1624320.0), 10: np.float64(3289248.0), 11: np.float64(20736.0), 12: np.float64(4220820.0), 13: np.float64(619272.0), 15: np.float64(396576.0)}
2026-05-21 15:53:18 [INFO] 分割成功
2026-05-21 15:53:18 [INFO] 引擎上下文已释放
2026-05-21 15:53:18 [INFO] TensorRT 引擎已释放
2026-05-21 15:53:18 [INFO] 全局 CUDA 资源已释放
2026-05-21 15:53:18 [INFO] 分割系统资源已释放
2026-05-21 15:53:22 [INFO] CUDA 初始化成功
2026-05-21 15:53:22 [INFO] 引擎加载成功: scrap_steel.engine
2026-05-21 15:53:22 [INFO] 分割系统初始化成功
2026-05-21 15:53:22 [INFO] 图像预处理完成，原始尺寸: (2160, 3840)
2026-05-21 15:53:22 [INFO] 开始执行分割...
2026-05-21 15:53:22 [DEBUG] 处理后的检测结果形状: (1, 8400, 6)
2026-05-21 15:53:22 [DEBUG] 示例检测结果: [[-4.03231049e+00 -3.27343607e+00  3.89733772e+01  1.55105877e+01
   4.44559412e-08  5.00000000e+00]
 [-6.32165527e+00 -3.00434685e+00  4.42927780e+01  3.00039501e+01
   9.98074157e-09  9.00000000e+00]
 [-3.64549637e+00 -3.57234383e+00  4.56911774e+01  3.06707211e+01
   4.31570513e-09  9.00000000e+00]]
2026-05-21 15:53:22 [DEBUG] 处理后检测输出形状: (0, 52)
2026-05-21 15:53:22 [DEBUG] 有效检测数量: 0
2026-05-21 15:53:22 [DEBUG] 检测输出为空
2026-05-21 15:53:22 [INFO] 掩码中检测到的类别: [0, 1, 2, 3, 4, 5, 6, 7, 8, 9, 10, 11, 12, 13, 15]
2026-05-21 15:53:22 [INFO] 分割完成，检测到 0 个物体
2026-05-21 15:53:22 [INFO] 从分割掩码中提取检测结果
2026-05-21 15:53:23 [INFO] 从掩码中提取了 523 个检测框
2026-05-21 15:53:23 [INFO] 检测到车兜区域，将过滤区域外的目标
2026-05-21 15:53:23 [INFO] 车兜区域过滤: 523 -> 161 个目标
2026-05-21 15:53:23 [INFO] 保存分割和检测结果到: C:\code\show\Scrap_Steel_In_Field\photos\segmentation\segment_20260521_155323.jpg
2026-05-21 15:53:23 [INFO] JSON结果保存到: C:\code\show\Scrap_Steel_In_Field\photos\segmentation_result.json
2026-05-21 15:53:23 [INFO] 类别统计：{0: 1, 1: 20, 2: 15, 3: 1, 4: 8, 5: 20, 6: 14, 7: 16, 8: 18, 9: 15, 10: 9, 11: 1, 12: 7, 13: 12, 14: 0, 15: 4}
2026-05-21 15:53:23 [INFO] 面积统计：{1: np.float64(14196600.0), 2: np.float64(1271376.0), 3: np.float64(50544.0), 4: np.float64(484704.0), 5: np.float64(2362608.0), 6: np.float64(1762560.0), 7: np.float64(1048464.0), 8: np.float64(691056.0), 9: np.float64(1731996.0), 10: np.float64(2963952.0), 11: np.float64(12960.0), 12: np.float64(4393656.0), 13: np.float64(519732.0), 15: np.float64(276048.0)}
2026-05-21 15:53:23 [INFO] 分割成功
2026-05-21 15:53:23 [INFO] 引擎上下文已释放
2026-05-21 15:53:23 [INFO] TensorRT 引擎已释放
2026-05-21 15:53:23 [INFO] 全局 CUDA 资源已释放
2026-05-21 15:53:23 [INFO] 分割系统资源已释放
2026-05-21 15:53:27 [INFO] CUDA 初始化成功
2026-05-21 15:53:27 [INFO] 引擎加载成功: scrap_steel.engine
2026-05-21 15:53:27 [INFO] 分割系统初始化成功
2026-05-21 15:53:27 [INFO] 图像预处理完成，原始尺寸: (2160, 3840)
2026-05-21 15:53:27 [INFO] 开始执行分割...
2026-05-21 15:53:27 [DEBUG] 处理后的检测结果形状: (1, 8400, 6)
2026-05-21 15:53:27 [DEBUG] 示例检测结果: [[-4.00786972e+00 -3.27453899e+00  3.89002953e+01  1.55167933e+01
   4.51597018e-08  5.00000000e+00]
 [-6.29703903e+00 -3.01871872e+00  4.42545967e+01  2.99009895e+01
   1.02177786e-08  9.00000000e+00]
 [-3.64682770e+00 -3.57318974e+00  4.56276474e+01  3.05174103e+01
   4.38359038e-09  9.00000000e+00]]
2026-05-21 15:53:27 [DEBUG] 处理后检测输出形状: (0, 52)
2026-05-21 15:53:27 [DEBUG] 有效检测数量: 0
2026-05-21 15:53:27 [DEBUG] 检测输出为空
2026-05-21 15:53:27 [INFO] 掩码中检测到的类别: [0, 1, 2, 3, 4, 5, 6, 7, 8, 9, 10, 11, 12, 13, 15]
2026-05-21 15:53:27 [INFO] 分割完成，检测到 0 个物体
2026-05-21 15:53:27 [INFO] 从分割掩码中提取检测结果
2026-05-21 15:53:28 [INFO] 从掩码中提取了 528 个检测框
2026-05-21 15:53:28 [INFO] 检测到车兜区域，将过滤区域外的目标
2026-05-21 15:53:28 [INFO] 车兜区域过滤: 528 -> 178 个目标
2026-05-21 15:53:28 [INFO] 保存分割和检测结果到: C:\code\show\Scrap_Steel_In_Field\photos\segmentation\segment_20260521_155328.jpg
2026-05-21 15:53:28 [INFO] JSON结果保存到: C:\code\show\Scrap_Steel_In_Field\photos\segmentation_result.json
2026-05-21 15:53:28 [INFO] 类别统计：{0: 12, 1: 24, 2: 15, 3: 1, 4: 7, 5: 24, 6: 12, 7: 14, 8: 21, 9: 15, 10: 10, 11: 0, 12: 6, 13: 14, 14: 0, 15: 3}
2026-05-21 15:53:28 [INFO] 面积统计：{1: np.float64(13595256.0), 2: np.float64(1268784.0), 3: np.float64(25920.0), 4: np.float64(408240.0), 5: np.float64(2432592.0), 6: np.float64(1793664.0), 7: np.float64(909792.0), 8: np.float64(756648.0), 9: np.float64(1443384.0), 10: np.float64(3036528.0), 11: np.float64(10368.0), 12: np.float64(4379112.0), 13: np.float64(590292.0), 15: np.float64(340848.0)}
2026-05-21 15:53:28 [INFO] 分割成功
2026-05-21 15:53:28 [INFO] 引擎上下文已释放
2026-05-21 15:53:28 [INFO] TensorRT 引擎已释放
2026-05-21 15:53:29 [INFO] 全局 CUDA 资源已释放
2026-05-21 15:53:29 [INFO] 分割系统资源已释放
2026-05-21 15:53:32 [INFO] CUDA 初始化成功
2026-05-21 15:53:32 [INFO] 引擎加载成功: scrap_steel.engine
2026-05-21 15:53:32 [INFO] 分割系统初始化成功
2026-05-21 15:53:32 [INFO] 图像预处理完成，原始尺寸: (2160, 3840)
2026-05-21 15:53:32 [INFO] 开始执行分割...
2026-05-21 15:53:32 [DEBUG] 处理后的检测结果形状: (1, 8400, 6)
2026-05-21 15:53:32 [DEBUG] 示例检测结果: [[-4.02232742e+00 -3.28172970e+00  3.89415627e+01  1.55617533e+01
   4.51518680e-08  5.00000000e+00]
 [-6.32920456e+00 -2.99364948e+00  4.43644142e+01  2.99406929e+01
   1.01442694e-08  9.00000000e+00]
 [-3.67012787e+00 -3.57219124e+00  4.56864624e+01  3.05929699e+01
   4.41778258e-09  9.00000000e+00]]
2026-05-21 15:53:32 [DEBUG] 处理后检测输出形状: (0, 52)
2026-05-21 15:53:32 [DEBUG] 有效检测数量: 0
2026-05-21 15:53:32 [DEBUG] 检测输出为空
2026-05-21 15:53:32 [INFO] 掩码中检测到的类别: [0, 1, 2, 3, 4, 5, 6, 7, 8, 9, 10, 11, 12, 13, 15]
2026-05-21 15:53:32 [INFO] 分割完成，检测到 0 个物体
2026-05-21 15:53:32 [INFO] 从分割掩码中提取检测结果
2026-05-21 15:53:33 [INFO] 从掩码中提取了 511 个检测框
2026-05-21 15:53:33 [INFO] 检测到车兜区域，将过滤区域外的目标
2026-05-21 15:53:33 [INFO] 车兜区域过滤: 511 -> 164 个目标
2026-05-21 15:53:34 [INFO] 保存分割和检测结果到: C:\code\show\Scrap_Steel_In_Field\photos\segmentation\segment_20260521_155333.jpg
2026-05-21 15:53:34 [INFO] JSON结果保存到: C:\code\show\Scrap_Steel_In_Field\photos\segmentation_result.json
2026-05-21 15:53:34 [INFO] 类别统计：{0: 1, 1: 26, 2: 16, 3: 0, 4: 8, 5: 21, 6: 12, 7: 13, 8: 20, 9: 15, 10: 10, 11: 0, 12: 5, 13: 13, 14: 0, 15: 4}
2026-05-21 15:53:34 [INFO] 面积统计：{1: np.float64(13276512.0), 2: np.float64(1082160.0), 3: np.float64(9072.0), 4: np.float64(373248.0), 5: np.float64(2520720.0), 6: np.float64(1604448.0), 7: np.float64(885168.0), 8: np.float64(838872.0), 9: np.float64(1493496.0), 10: np.float64(3022272.0), 11: np.float64(9072.0), 12: np.float64(4515732.0), 13: np.float64(618624.0), 15: np.float64(299376.0)}
2026-05-21 15:53:34 [INFO] 分割成功
2026-05-21 15:53:34 [INFO] 引擎上下文已释放
2026-05-21 15:53:34 [INFO] TensorRT 引擎已释放
2026-05-21 15:53:34 [INFO] 全局 CUDA 资源已释放
2026-05-21 15:53:34 [INFO] 分割系统资源已释放
2026-05-21 15:53:37 [INFO] CUDA 初始化成功
2026-05-21 15:53:38 [INFO] 引擎加载成功: scrap_steel.engine
2026-05-21 15:53:38 [INFO] 分割系统初始化成功
2026-05-21 15:53:38 [INFO] 图像预处理完成，原始尺寸: (2160, 3840)
2026-05-21 15:53:38 [INFO] 开始执行分割...
2026-05-21 15:53:38 [DEBUG] 处理后的检测结果形状: (1, 8400, 6)
2026-05-21 15:53:38 [DEBUG] 示例检测结果: [[-4.00472641e+00 -3.26295185e+00  3.90270538e+01  1.54773607e+01
   4.49774120e-08  5.00000000e+00]
 [-6.30850220e+00 -2.99336243e+00  4.43651314e+01  2.99061356e+01
   1.00256230e-08  9.00000000e+00]
 [-3.63955307e+00 -3.54397678e+00  4.57020836e+01  3.06116486e+01
   4.41778258e-09  9.00000000e+00]]
2026-05-21 15:53:38 [DEBUG] 处理后检测输出形状: (0, 52)
2026-05-21 15:53:38 [DEBUG] 有效检测数量: 0
2026-05-21 15:53:38 [DEBUG] 检测输出为空
2026-05-21 15:53:38 [INFO] 掩码中检测到的类别: [0, 1, 2, 3, 4, 5, 6, 7, 8, 9, 10, 11, 12, 13, 15]
2026-05-21 15:53:38 [INFO] 分割完成，检测到 0 个物体
2026-05-21 15:53:38 [INFO] 从分割掩码中提取检测结果
2026-05-21 15:53:38 [INFO] 从掩码中提取了 517 个检测框
2026-05-21 15:53:38 [INFO] 检测到车兜区域，将过滤区域外的目标
2026-05-21 15:53:38 [INFO] 车兜区域过滤: 517 -> 163 个目标
2026-05-21 15:53:39 [INFO] 保存分割和检测结果到: C:\code\show\Scrap_Steel_In_Field\photos\segmentation\segment_20260521_155338.jpg
2026-05-21 15:53:39 [INFO] JSON结果保存到: C:\code\show\Scrap_Steel_In_Field\photos\segmentation_result.json
2026-05-21 15:53:39 [INFO] 类别统计：{0: 1, 1: 21, 2: 15, 3: 0, 4: 7, 5: 21, 6: 12, 7: 15, 8: 18, 9: 14, 10: 12, 11: 1, 12: 6, 13: 13, 14: 0, 15: 7}
2026-05-21 15:53:39 [INFO] 面积统计：{1: np.float64(14490864.0), 2: np.float64(1188432.0), 3: np.float64(10368.0), 4: np.float64(425088.0), 5: np.float64(2402784.0), 6: np.float64(1864944.0), 7: np.float64(865728.0), 8: np.float64(685008.0), 9: np.float64(1583712.0), 10: np.float64(2991168.0), 11: np.float64(11664.0), 12: np.float64(4423860.0), 13: np.float64(589428.0), 15: np.float64(336960.0)}
2026-05-21 15:53:39 [INFO] 分割成功
2026-05-21 15:53:39 [INFO] 引擎上下文已释放
2026-05-21 15:53:39 [INFO] TensorRT 引擎已释放
2026-05-21 15:53:39 [INFO] 全局 CUDA 资源已释放
2026-05-21 15:53:39 [INFO] 分割系统资源已释放
2026-05-21 15:53:42 [INFO] CUDA 初始化成功
2026-05-21 15:53:43 [INFO] 引擎加载成功: scrap_steel.engine
2026-05-21 15:53:43 [INFO] 分割系统初始化成功
2026-05-21 15:53:43 [INFO] 图像预处理完成，原始尺寸: (2160, 3840)
2026-05-21 15:53:43 [INFO] 开始执行分割...
2026-05-21 15:53:43 [DEBUG] 处理后的检测结果形状: (1, 8400, 6)
2026-05-21 15:53:43 [DEBUG] 示例检测结果: [[-3.97934341e+00 -3.25932884e+00  3.88050194e+01  1.54510784e+01
   4.60770906e-08  5.00000000e+00]
 [-6.30971146e+00 -2.99279594e+00  4.43293266e+01  2.99412441e+01
   1.02912878e-08  9.00000000e+00]
 [-3.67974472e+00 -3.59863663e+00  4.57269859e+01  3.06745987e+01
   4.44599024e-09  9.00000000e+00]]
2026-05-21 15:53:43 [DEBUG] 处理后检测输出形状: (0, 52)
2026-05-21 15:53:43 [DEBUG] 有效检测数量: 0
2026-05-21 15:53:43 [DEBUG] 检测输出为空
2026-05-21 15:53:43 [INFO] 掩码中检测到的类别: [0, 1, 2, 3, 4, 5, 6, 7, 8, 9, 10, 11, 12, 13, 15]
2026-05-21 15:53:43 [INFO] 分割完成，检测到 0 个物体
2026-05-21 15:53:43 [INFO] 从分割掩码中提取检测结果
2026-05-21 15:53:43 [INFO] 从掩码中提取了 502 个检测框
2026-05-21 15:53:43 [INFO] 检测到车兜区域，将过滤区域外的目标
2026-05-21 15:53:43 [INFO] 车兜区域过滤: 502 -> 164 个目标
2026-05-21 15:53:44 [INFO] 保存分割和检测结果到: C:\code\show\Scrap_Steel_In_Field\photos\segmentation\segment_20260521_155343.jpg
2026-05-21 15:53:44 [INFO] JSON结果保存到: C:\code\show\Scrap_Steel_In_Field\photos\segmentation_result.json
2026-05-21 15:53:44 [INFO] 类别统计：{0: 1, 1: 24, 2: 14, 3: 2, 4: 6, 5: 22, 6: 12, 7: 14, 8: 15, 9: 17, 10: 10, 11: 2, 12: 9, 13: 10, 14: 0, 15: 6}
2026-05-21 15:53:44 [INFO] 面积统计：{1: np.float64(13356612.0), 2: np.float64(1513728.0), 3: np.float64(18324.0), 4: np.float64(403056.0), 5: np.float64(2282256.0), 6: np.float64(1688688.0), 7: np.float64(920160.0), 8: np.float64(722052.0), 9: np.float64(1589256.0), 10: np.float64(3124656.0), 11: np.float64(24624.0), 12: np.float64(4126752.0), 13: np.float64(614916.0), 15: np.float64(333072.0)}
2026-05-21 15:53:44 [INFO] 分割成功
2026-05-21 15:53:44 [INFO] 引擎上下文已释放
2026-05-21 15:53:44 [INFO] TensorRT 引擎已释放
2026-05-21 15:53:44 [INFO] 全局 CUDA 资源已释放
2026-05-21 15:53:44 [INFO] 分割系统资源已释放
2026-05-21 15:53:47 [INFO] CUDA 初始化成功
2026-05-21 15:53:48 [INFO] 引擎加载成功: scrap_steel.engine
2026-05-21 15:53:48 [INFO] 分割系统初始化成功
2026-05-21 15:53:48 [INFO] 图像预处理完成，原始尺寸: (2160, 3840)
2026-05-21 15:53:48 [INFO] 开始执行分割...
2026-05-21 15:53:48 [DEBUG] 处理后的检测结果形状: (1, 8400, 6)
2026-05-21 15:53:48 [DEBUG] 示例检测结果: [[-4.00899124e+00 -3.26865053e+00  3.89206161e+01  1.54601364e+01
   4.39196555e-08  5.00000000e+00]
 [-6.28691864e+00 -2.99544334e+00  4.42800674e+01  2.99031506e+01
   9.96259075e-09  9.00000000e+00]
 [-3.63178635e+00 -3.57777405e+00  4.57180977e+01  3.05773354e+01
   4.27628777e-09  9.00000000e+00]]
2026-05-21 15:53:48 [DEBUG] 处理后检测输出形状: (0, 52)
2026-05-21 15:53:48 [DEBUG] 有效检测数量: 0
2026-05-21 15:53:48 [DEBUG] 检测输出为空
2026-05-21 15:53:48 [INFO] 掩码中检测到的类别: [0, 1, 2, 3, 4, 5, 6, 7, 8, 9, 10, 11, 12, 13, 15]
2026-05-21 15:53:48 [INFO] 分割完成，检测到 0 个物体
2026-05-21 15:53:48 [INFO] 从分割掩码中提取检测结果
2026-05-21 15:53:48 [INFO] 从掩码中提取了 530 个检测框
2026-05-21 15:53:48 [INFO] 检测到车兜区域，将过滤区域外的目标
2026-05-21 15:53:48 [INFO] 车兜区域过滤: 530 -> 179 个目标
2026-05-21 15:53:49 [INFO] 保存分割和检测结果到: C:\code\show\Scrap_Steel_In_Field\photos\segmentation\segment_20260521_155348.jpg
2026-05-21 15:53:49 [INFO] JSON结果保存到: C:\code\show\Scrap_Steel_In_Field\photos\segmentation_result.json
2026-05-21 15:53:49 [INFO] 类别统计：{0: 1, 1: 22, 2: 20, 3: 1, 4: 10, 5: 21, 6: 12, 7: 16, 8: 19, 9: 19, 10: 11, 11: 1, 12: 7, 13: 14, 14: 0, 15: 5}
2026-05-21 15:53:49 [INFO] 面积统计：{1: np.float64(14057388.0), 2: np.float64(1135296.0), 3: np.float64(18144.0), 4: np.float64(456192.0), 5: np.float64(2257632.0), 6: np.float64(1774224.0), 7: np.float64(1001808.0), 8: np.float64(738504.0), 9: np.float64(1549080.0), 10: np.float64(3072816.0), 11: np.float64(10368.0), 12: np.float64(4182120.0), 13: np.float64(629172.0), 15: np.float64(339552.0)}
2026-05-21 15:53:49 [INFO] 分割成功
2026-05-21 15:53:49 [INFO] 引擎上下文已释放
2026-05-21 15:53:49 [INFO] TensorRT 引擎已释放
2026-05-21 15:53:50 [INFO] 全局 CUDA 资源已释放
2026-05-21 15:53:50 [INFO] 分割系统资源已释放
2026-05-21 15:53:53 [INFO] CUDA 初始化成功
2026-05-21 15:53:54 [INFO] 引擎加载成功: scrap_steel.engine
2026-05-21 15:53:54 [INFO] 分割系统初始化成功
2026-05-21 15:53:54 [INFO] 图像预处理完成，原始尺寸: (2160, 3840)
2026-05-21 15:53:54 [INFO] 开始执行分割...
2026-05-21 15:53:54 [DEBUG] 处理后的检测结果形状: (1, 8400, 6)
2026-05-21 15:53:54 [DEBUG] 示例检测结果: [[-4.00582886e+00 -3.27919388e+00  3.88855324e+01  1.56044350e+01
   4.62563321e-08  5.00000000e+00]
 [-6.30713654e+00 -3.02623463e+00  4.43147888e+01  3.01110115e+01
   1.00525455e-08  9.00000000e+00]
 [-3.64357758e+00 -3.61299992e+00  4.57190475e+01  3.07657089e+01
   4.34642189e-09  9.00000000e+00]]
2026-05-21 15:53:54 [DEBUG] 处理后检测输出形状: (0, 52)
2026-05-21 15:53:54 [DEBUG] 有效检测数量: 0
2026-05-21 15:53:54 [DEBUG] 检测输出为空
2026-05-21 15:53:54 [INFO] 掩码中检测到的类别: [0, 1, 2, 3, 4, 5, 6, 7, 8, 9, 10, 11, 12, 13, 15]
2026-05-21 15:53:54 [INFO] 分割完成，检测到 0 个物体
2026-05-21 15:53:54 [INFO] 从分割掩码中提取检测结果
2026-05-21 15:53:54 [INFO] 从掩码中提取了 511 个检测框
2026-05-21 15:53:54 [INFO] 检测到车兜区域，将过滤区域外的目标
2026-05-21 15:53:54 [INFO] 车兜区域过滤: 511 -> 161 个目标
2026-05-21 15:53:55 [INFO] 保存分割和检测结果到: C:\code\show\Scrap_Steel_In_Field\photos\segmentation\segment_20260521_155354.jpg
2026-05-21 15:53:55 [INFO] JSON结果保存到: C:\code\show\Scrap_Steel_In_Field\photos\segmentation_result.json
2026-05-21 15:53:55 [INFO] 类别统计：{0: 1, 1: 27, 2: 15, 3: 1, 4: 6, 5: 20, 6: 16, 7: 13, 8: 16, 9: 11, 10: 11, 11: 1, 12: 8, 13: 10, 14: 0, 15: 5}
2026-05-21 15:53:55 [INFO] 面积统计：{1: np.float64(12706668.0), 2: np.float64(1289520.0), 3: np.float64(36288.0), 4: np.float64(334368.0), 5: np.float64(2319840.0), 6: np.float64(1645920.0), 7: np.float64(1041984.0), 8: np.float64(705024.0), 9: np.float64(1445112.0), 10: np.float64(3001536.0), 11: np.float64(10368.0), 12: np.float64(4529628.0), 13: np.float64(615780.0), 15: np.float64(353808.0)}
2026-05-21 15:53:55 [INFO] 分割成功
2026-05-21 15:53:55 [INFO] 引擎上下文已释放
2026-05-21 15:53:55 [INFO] TensorRT 引擎已释放
2026-05-21 15:53:55 [INFO] 全局 CUDA 资源已释放
2026-05-21 15:53:55 [INFO] 分割系统资源已释放
2026-05-21 15:53:59 [INFO] CUDA 初始化成功
2026-05-21 15:53:59 [INFO] 引擎加载成功: scrap_steel.engine
2026-05-21 15:53:59 [INFO] 分割系统初始化成功
2026-05-21 15:53:59 [INFO] 图像预处理完成，原始尺寸: (2160, 3840)
2026-05-21 15:53:59 [INFO] 开始执行分割...
2026-05-21 15:53:59 [DEBUG] 处理后的检测结果形状: (1, 8400, 6)
2026-05-21 15:53:59 [DEBUG] 示例检测结果: [[-3.99205399e+00 -3.26137543e+00  3.87602882e+01  1.56053371e+01
   4.47923441e-08  5.00000000e+00]
 [-6.23394394e+00 -2.99435234e+00  4.42534599e+01  2.99703045e+01
   9.99725103e-09  9.00000000e+00]
 [-3.58642578e+00 -3.54802132e+00  4.56337585e+01  3.05599232e+01
   4.32225988e-09  9.00000000e+00]]
2026-05-21 15:53:59 [DEBUG] 处理后检测输出形状: (0, 52)
2026-05-21 15:53:59 [DEBUG] 有效检测数量: 0
2026-05-21 15:53:59 [DEBUG] 检测输出为空
2026-05-21 15:53:59 [INFO] 掩码中检测到的类别: [0, 1, 2, 3, 4, 5, 6, 7, 8, 9, 10, 11, 12, 13, 15]
2026-05-21 15:53:59 [INFO] 分割完成，检测到 0 个物体
2026-05-21 15:53:59 [INFO] 从分割掩码中提取检测结果
2026-05-21 15:54:00 [INFO] 从掩码中提取了 507 个检测框
2026-05-21 15:54:00 [INFO] 检测到车兜区域，将过滤区域外的目标
2026-05-21 15:54:00 [INFO] 车兜区域过滤: 507 -> 164 个目标
2026-05-21 15:54:00 [INFO] 保存分割和检测结果到: C:\code\show\Scrap_Steel_In_Field\photos\segmentation\segment_20260521_155400.jpg
2026-05-21 15:54:00 [INFO] JSON结果保存到: C:\code\show\Scrap_Steel_In_Field\photos\segmentation_result.json
2026-05-21 15:54:00 [INFO] 类别统计：{0: 1, 1: 25, 2: 14, 3: 0, 4: 6, 5: 21, 6: 13, 7: 15, 8: 16, 9: 16, 10: 11, 11: 0, 12: 7, 13: 15, 14: 0, 15: 4}
2026-05-21 15:54:00 [INFO] 面积统计：{1: np.float64(13611636.0), 2: np.float64(1179360.0), 3: np.float64(5184.0), 4: np.float64(506736.0), 5: np.float64(2240784.0), 6: np.float64(1574640.0), 7: np.float64(1069200.0), 8: np.float64(730944.0), 9: np.float64(1671336.0), 10: np.float64(3033936.0), 12: np.float64(4529988.0), 13: np.float64(589680.0), 15: np.float64(390096.0)}
2026-05-21 15:54:00 [INFO] 分割成功
2026-05-21 15:54:00 [INFO] 引擎上下文已释放
2026-05-21 15:54:00 [INFO] TensorRT 引擎已释放
2026-05-21 15:54:00 [INFO] 全局 CUDA 资源已释放
2026-05-21 15:54:00 [INFO] 分割系统资源已释放
2026-05-21 15:54:05 [INFO] CUDA 初始化成功
2026-05-21 15:54:05 [INFO] 引擎加载成功: scrap_steel.engine
2026-05-21 15:54:05 [INFO] 分割系统初始化成功
2026-05-21 15:54:05 [INFO] 图像预处理完成，原始尺寸: (2160, 3840)
2026-05-21 15:54:05 [INFO] 开始执行分割...
2026-05-21 15:54:05 [DEBUG] 处理后的检测结果形状: (1, 8400, 6)
2026-05-21 15:54:05 [DEBUG] 示例检测结果: [[-4.03680038e+00 -3.29670715e+00  3.88702888e+01  1.55644836e+01
   4.46192772e-08  5.00000000e+00]
 [-6.32382202e+00 -3.04185104e+00  4.42737312e+01  3.00668068e+01
   9.98640104e-09  9.00000000e+00]
 [-3.66951370e+00 -3.62796211e+00  4.57003975e+01  3.07408199e+01
   4.28201208e-09  9.00000000e+00]]
2026-05-21 15:54:05 [DEBUG] 处理后检测输出形状: (0, 52)
2026-05-21 15:54:05 [DEBUG] 有效检测数量: 0
2026-05-21 15:54:05 [DEBUG] 检测输出为空
2026-05-21 15:54:05 [INFO] 掩码中检测到的类别: [0, 1, 2, 3, 4, 5, 6, 7, 8, 9, 10, 11, 12, 13, 15]
2026-05-21 15:54:05 [INFO] 分割完成，检测到 0 个物体
2026-05-21 15:54:05 [INFO] 从分割掩码中提取检测结果
2026-05-21 15:54:06 [INFO] 从掩码中提取了 559 个检测框
2026-05-21 15:54:06 [INFO] 检测到车兜区域，将过滤区域外的目标
2026-05-21 15:54:06 [INFO] 车兜区域过滤: 559 -> 184 个目标
2026-05-21 15:54:06 [INFO] 保存分割和检测结果到: C:\code\show\Scrap_Steel_In_Field\photos\segmentation\segment_20260521_155406.jpg
2026-05-21 15:54:06 [INFO] JSON结果保存到: C:\code\show\Scrap_Steel_In_Field\photos\segmentation_result.json
2026-05-21 15:54:06 [INFO] 类别统计：{0: 15, 1: 25, 2: 16, 3: 0, 4: 7, 5: 22, 6: 14, 7: 15, 8: 20, 9: 14, 10: 9, 11: 3, 12: 6, 13: 13, 14: 0, 15: 5}
2026-05-21 15:54:06 [INFO] 面积统计：{1: np.float64(13362696.0), 2: np.float64(1430784.0), 4: np.float64(377136.0), 5: np.float64(2362608.0), 6: np.float64(1552608.0), 7: np.float64(1111968.0), 8: np.float64(745380.0), 9: np.float64(1518696.0), 10: np.float64(3259440.0), 11: np.float64(25920.0), 12: np.float64(4380300.0), 13: np.float64(644400.0), 15: np.float64(399168.0)}
2026-05-21 15:54:06 [INFO] 分割成功
2026-05-21 15:54:06 [INFO] 引擎上下文已释放
2026-05-21 15:54:06 [INFO] TensorRT 引擎已释放
2026-05-21 15:54:06 [INFO] 全局 CUDA 资源已释放
2026-05-21 15:54:06 [INFO] 分割系统资源已释放
2026-05-21 15:54:10 [INFO] CUDA 初始化成功
2026-05-21 15:54:10 [INFO] 引擎加载成功: scrap_steel.engine
2026-05-21 15:54:10 [INFO] 分割系统初始化成功
2026-05-21 15:54:10 [INFO] 图像预处理完成，原始尺寸: (2160, 3840)
2026-05-21 15:54:10 [INFO] 开始执行分割...
2026-05-21 15:54:10 [DEBUG] 处理后的检测结果形状: (1, 8400, 6)
2026-05-21 15:54:10 [DEBUG] 示例检测结果: [[-4.01056671e+00 -3.26595974e+00  3.87768021e+01  1.54538450e+01
   4.49774120e-08  5.00000000e+00]
 [-6.28293991e+00 -3.03115463e+00  4.42061844e+01  2.99421005e+01
   9.98640104e-09  9.00000000e+00]
 [-3.63647079e+00 -3.60452652e+00  4.56536598e+01  3.05934906e+01
   4.30296332e-09  9.00000000e+00]]
2026-05-21 15:54:10 [DEBUG] 处理后检测输出形状: (0, 52)
2026-05-21 15:54:10 [DEBUG] 有效检测数量: 0
2026-05-21 15:54:10 [DEBUG] 检测输出为空
2026-05-21 15:54:10 [INFO] 掩码中检测到的类别: [0, 1, 2, 3, 4, 5, 6, 7, 8, 9, 10, 11, 12, 13, 15]
2026-05-21 15:54:10 [INFO] 分割完成，检测到 0 个物体
2026-05-21 15:54:10 [INFO] 从分割掩码中提取检测结果
2026-05-21 15:54:11 [INFO] 从掩码中提取了 536 个检测框
2026-05-21 15:54:11 [INFO] 检测到车兜区域，将过滤区域外的目标
2026-05-21 15:54:11 [INFO] 车兜区域过滤: 536 -> 169 个目标
2026-05-21 15:54:11 [INFO] 保存分割和检测结果到: C:\code\show\Scrap_Steel_In_Field\photos\segmentation\segment_20260521_155411.jpg
2026-05-21 15:54:11 [INFO] JSON结果保存到: C:\code\show\Scrap_Steel_In_Field\photos\segmentation_result.json
2026-05-21 15:54:11 [INFO] 类别统计：{0: 13, 1: 22, 2: 18, 3: 1, 4: 7, 5: 20, 6: 15, 7: 13, 8: 15, 9: 14, 10: 8, 11: 1, 12: 5, 13: 11, 14: 0, 15: 6}
2026-05-21 15:54:11 [INFO] 面积统计：{1: np.float64(13858020.0), 2: np.float64(1324512.0), 3: np.float64(23328.0), 4: np.float64(287712.0), 5: np.float64(2437776.0), 6: np.float64(1565568.0), 7: np.float64(917568.0), 8: np.float64(743904.0), 9: np.float64(1677924.0), 10: np.float64(3163536.0), 11: np.float64(19440.0), 12: np.float64(4136328.0), 13: np.float64(613188.0), 15: np.float64(358992.0)}
2026-05-21 15:54:11 [INFO] 分割成功
2026-05-21 15:54:11 [INFO] 引擎上下文已释放
2026-05-21 15:54:11 [INFO] TensorRT 引擎已释放
2026-05-21 15:54:11 [INFO] 全局 CUDA 资源已释放
2026-05-21 15:54:11 [INFO] 分割系统资源已释放
2026-05-21 15:54:15 [INFO] CUDA 初始化成功
2026-05-21 15:54:15 [INFO] 引擎加载成功: scrap_steel.engine
2026-05-21 15:54:15 [INFO] 分割系统初始化成功
2026-05-21 15:54:15 [INFO] 图像预处理完成，原始尺寸: (2160, 3840)
2026-05-21 15:54:15 [INFO] 开始执行分割...
2026-05-21 15:54:15 [DEBUG] 处理后的检测结果形状: (1, 8400, 6)
2026-05-21 15:54:15 [DEBUG] 示例检测结果: [[-4.00215149e+00 -3.28299713e+00  3.90291100e+01  1.56222420e+01
   4.62515857e-08  5.00000000e+00]
 [-6.30527115e+00 -3.00382233e+00  4.43632088e+01  3.00713501e+01
   1.01961533e-08  9.00000000e+00]
 [-3.63649750e+00 -3.58370495e+00  4.56902161e+01  3.06858406e+01
   4.34296599e-09  9.00000000e+00]]
2026-05-21 15:54:15 [DEBUG] 处理后检测输出形状: (0, 52)
2026-05-21 15:54:15 [DEBUG] 有效检测数量: 0
2026-05-21 15:54:15 [DEBUG] 检测输出为空
2026-05-21 15:54:15 [INFO] 掩码中检测到的类别: [0, 1, 2, 3, 4, 5, 6, 7, 8, 9, 10, 11, 12, 13, 15]
2026-05-21 15:54:15 [INFO] 分割完成，检测到 0 个物体
2026-05-21 15:54:15 [INFO] 从分割掩码中提取检测结果
2026-05-21 15:54:16 [INFO] 从掩码中提取了 542 个检测框
2026-05-21 15:54:16 [INFO] 检测到车兜区域，将过滤区域外的目标
2026-05-21 15:54:16 [INFO] 车兜区域过滤: 542 -> 183 个目标
2026-05-21 15:54:16 [INFO] 保存分割和检测结果到: C:\code\show\Scrap_Steel_In_Field\photos\segmentation\segment_20260521_155416.jpg
2026-05-21 15:54:16 [INFO] JSON结果保存到: C:\code\show\Scrap_Steel_In_Field\photos\segmentation_result.json
2026-05-21 15:54:16 [INFO] 类别统计：{0: 14, 1: 26, 2: 17, 3: 1, 4: 7, 5: 20, 6: 13, 7: 13, 8: 18, 9: 14, 10: 12, 11: 2, 12: 9, 13: 13, 14: 0, 15: 4}
2026-05-21 15:54:16 [INFO] 面积统计：{1: np.float64(13263156.0), 2: np.float64(1279152.0), 3: np.float64(46656.0), 4: np.float64(330480.0), 5: np.float64(2459808.0), 6: np.float64(1550016.0), 7: np.float64(922752.0), 8: np.float64(733536.0), 9: np.float64(1344096.0), 10: np.float64(3155760.0), 11: np.float64(19440.0), 12: np.float64(4515084.0), 13: np.float64(598572.0), 15: np.float64(344736.0)}
2026-05-21 15:54:16 [INFO] 分割成功
2026-05-21 15:54:16 [INFO] 引擎上下文已释放
2026-05-21 15:54:16 [INFO] TensorRT 引擎已释放
2026-05-21 15:54:16 [INFO] 全局 CUDA 资源已释放
2026-05-21 15:54:16 [INFO] 分割系统资源已释放
2026-05-21 15:54:21 [INFO] CUDA 初始化成功
2026-05-21 15:54:21 [INFO] 引擎加载成功: scrap_steel.engine
2026-05-21 15:54:21 [INFO] 分割系统初始化成功
2026-05-21 15:54:21 [INFO] 图像预处理完成，原始尺寸: (2160, 3840)
2026-05-21 15:54:21 [INFO] 开始执行分割...
2026-05-21 15:54:21 [DEBUG] 处理后的检测结果形状: (1, 8400, 6)
2026-05-21 15:54:21 [DEBUG] 示例检测结果: [[-3.99244690e+00 -3.27291393e+00  3.88093643e+01  1.55781946e+01
   4.49774120e-08  5.00000000e+00]
 [-6.25146484e+00 -2.99299812e+00  4.42480087e+01  2.99950657e+01
   9.98640104e-09  9.00000000e+00]
 [-3.63468933e+00 -3.56046009e+00  4.56329575e+01  3.05968437e+01
   4.28617319e-09  9.00000000e+00]]
2026-05-21 15:54:21 [DEBUG] 处理后检测输出形状: (0, 52)
2026-05-21 15:54:21 [DEBUG] 有效检测数量: 0
2026-05-21 15:54:21 [DEBUG] 检测输出为空
2026-05-21 15:54:21 [INFO] 掩码中检测到的类别: [0, 1, 2, 3, 4, 5, 6, 7, 8, 9, 10, 11, 12, 13, 15]
2026-05-21 15:54:21 [INFO] 分割完成，检测到 0 个物体
2026-05-21 15:54:21 [INFO] 从分割掩码中提取检测结果
2026-05-21 15:54:21 [INFO] 从掩码中提取了 494 个检测框
2026-05-21 15:54:21 [INFO] 检测到车兜区域，将过滤区域外的目标
2026-05-21 15:54:21 [INFO] 车兜区域过滤: 494 -> 153 个目标
2026-05-21 15:54:22 [INFO] 保存分割和检测结果到: C:\code\show\Scrap_Steel_In_Field\photos\segmentation\segment_20260521_155421.jpg
2026-05-21 15:54:22 [INFO] JSON结果保存到: C:\code\show\Scrap_Steel_In_Field\photos\segmentation_result.json
2026-05-21 15:54:22 [INFO] 类别统计：{0: 1, 1: 22, 2: 14, 3: 1, 4: 8, 5: 21, 6: 13, 7: 12, 8: 15, 9: 14, 10: 7, 11: 1, 12: 6, 13: 13, 14: 0, 15: 5}
2026-05-21 15:54:22 [INFO] 面积统计：{1: np.float64(13168368.0), 2: np.float64(1432080.0), 3: np.float64(60912.0), 4: np.float64(430272.0), 5: np.float64(2334096.0), 6: np.float64(1596672.0), 7: np.float64(914976.0), 8: np.float64(783144.0), 9: np.float64(1517940.0), 10: np.float64(3019680.0), 11: np.float64(10368.0), 12: np.float64(4567716.0), 13: np.float64(623880.0), 15: np.float64(285120.0)}
2026-05-21 15:54:22 [INFO] 分割成功
2026-05-21 15:54:22 [INFO] 引擎上下文已释放
2026-05-21 15:54:22 [INFO] TensorRT 引擎已释放
2026-05-21 15:54:22 [INFO] 全局 CUDA 资源已释放
2026-05-21 15:54:22 [INFO] 分割系统资源已释放
2026-05-21 15:54:26 [INFO] CUDA 初始化成功
2026-05-21 15:54:26 [INFO] 引擎加载成功: scrap_steel.engine
2026-05-21 15:54:26 [INFO] 分割系统初始化成功
2026-05-21 15:54:26 [INFO] 图像预处理完成，原始尺寸: (2160, 3840)
2026-05-21 15:54:26 [INFO] 开始执行分割...
2026-05-21 15:54:26 [DEBUG] 处理后的检测结果形状: (1, 8400, 6)
2026-05-21 15:54:26 [DEBUG] 示例检测结果: [[-4.00888824e+00 -3.25223446e+00  3.88994179e+01  1.54618654e+01
   4.44462103e-08  5.00000000e+00]
 [-6.27569580e+00 -2.99564362e+00  4.42658043e+01  2.99009590e+01
   1.00648450e-08  9.00000000e+00]
 [-3.62800598e+00 -3.58877754e+00  4.56744080e+01  3.05878124e+01
   4.30296332e-09  9.00000000e+00]]
2026-05-21 15:54:26 [DEBUG] 处理后检测输出形状: (0, 52)
2026-05-21 15:54:26 [DEBUG] 有效检测数量: 0
2026-05-21 15:54:26 [DEBUG] 检测输出为空
2026-05-21 15:54:26 [INFO] 掩码中检测到的类别: [0, 1, 2, 3, 4, 5, 6, 7, 8, 9, 10, 11, 12, 13, 15]
2026-05-21 15:54:26 [INFO] 分割完成，检测到 0 个物体
2026-05-21 15:54:26 [INFO] 从分割掩码中提取检测结果
2026-05-21 15:54:26 [INFO] 从掩码中提取了 535 个检测框
2026-05-21 15:54:26 [INFO] 检测到车兜区域，将过滤区域外的目标
2026-05-21 15:54:26 [INFO] 车兜区域过滤: 535 -> 171 个目标
2026-05-21 15:54:27 [INFO] 保存分割和检测结果到: C:\code\show\Scrap_Steel_In_Field\photos\segmentation\segment_20260521_155426.jpg
2026-05-21 15:54:27 [INFO] JSON结果保存到: C:\code\show\Scrap_Steel_In_Field\photos\segmentation_result.json
2026-05-21 15:54:27 [INFO] 类别统计：{0: 10, 1: 27, 2: 17, 3: 0, 4: 5, 5: 24, 6: 15, 7: 12, 8: 15, 9: 14, 10: 11, 11: 2, 12: 4, 13: 11, 14: 0, 15: 4}
2026-05-21 15:54:27 [INFO] 面积统计：{1: np.float64(13360104.0), 2: np.float64(1397088.0), 3: np.float64(2592.0), 4: np.float64(436752.0), 5: np.float64(2319840.0), 6: np.float64(1717200.0), 7: np.float64(912384.0), 8: np.float64(742608.0), 9: np.float64(1438236.0), 10: np.float64(3167424.0), 11: np.float64(14256.0), 12: np.float64(4284540.0), 13: np.float64(597096.0), 15: np.float64(273456.0)}
2026-05-21 15:54:27 [INFO] 分割成功
2026-05-21 15:54:27 [INFO] 引擎上下文已释放
2026-05-21 15:54:27 [INFO] TensorRT 引擎已释放
2026-05-21 15:54:27 [INFO] 全局 CUDA 资源已释放
2026-05-21 15:54:27 [INFO] 分割系统资源已释放
2026-05-21 15:54:31 [INFO] CUDA 初始化成功
2026-05-21 15:54:31 [INFO] 引擎加载成功: scrap_steel.engine
2026-05-21 15:54:31 [INFO] 分割系统初始化成功
2026-05-21 15:54:31 [INFO] 图像预处理完成，原始尺寸: (2160, 3840)
2026-05-21 15:54:31 [INFO] 开始执行分割...
2026-05-21 15:54:31 [DEBUG] 处理后的检测结果形状: (1, 8400, 6)
2026-05-21 15:54:31 [DEBUG] 示例检测结果: [[-4.01055145e+00 -3.28562450e+00  3.88472900e+01  1.56674318e+01
   4.51478854e-08  5.00000000e+00]
 [-6.27653885e+00 -3.03202057e+00  4.42371902e+01  3.00576172e+01
   1.00313358e-08  9.00000000e+00]
 [-3.62768555e+00 -3.58867645e+00  4.56008377e+01  3.05831184e+01
   4.27439062e-09  9.00000000e+00]]
2026-05-21 15:54:31 [DEBUG] 处理后检测输出形状: (0, 52)
2026-05-21 15:54:31 [DEBUG] 有效检测数量: 0
2026-05-21 15:54:31 [DEBUG] 检测输出为空
2026-05-21 15:54:31 [INFO] 掩码中检测到的类别: [0, 1, 2, 3, 4, 5, 6, 7, 8, 9, 10, 11, 12, 13, 15]
2026-05-21 15:54:31 [INFO] 分割完成，检测到 0 个物体
2026-05-21 15:54:31 [INFO] 从分割掩码中提取检测结果
2026-05-21 15:54:32 [INFO] 从掩码中提取了 518 个检测框
2026-05-21 15:54:32 [INFO] 检测到车兜区域，将过滤区域外的目标
2026-05-21 15:54:32 [INFO] 车兜区域过滤: 518 -> 158 个目标
2026-05-21 15:54:32 [INFO] 保存分割和检测结果到: C:\code\show\Scrap_Steel_In_Field\photos\segmentation\segment_20260521_155432.jpg
2026-05-21 15:54:32 [INFO] JSON结果保存到: C:\code\show\Scrap_Steel_In_Field\photos\segmentation_result.json
2026-05-21 15:54:32 [INFO] 类别统计：{0: 1, 1: 22, 2: 19, 3: 1, 4: 6, 5: 21, 6: 11, 7: 12, 8: 18, 9: 12, 10: 10, 11: 1, 12: 6, 13: 14, 14: 0, 15: 4}
2026-05-21 15:54:32 [INFO] 面积统计：{1: np.float64(13819932.0), 2: np.float64(1079568.0), 3: np.float64(20736.0), 4: np.float64(344736.0), 5: np.float64(2407968.0), 6: np.float64(1737936.0), 7: np.float64(1064016.0), 8: np.float64(705024.0), 9: np.float64(1460736.0), 10: np.float64(3002832.0), 11: np.float64(14256.0), 12: np.float64(4209840.0), 13: np.float64(629532.0), 15: np.float64(321408.0)}
2026-05-21 15:54:32 [INFO] 分割成功
2026-05-21 15:54:32 [INFO] 引擎上下文已释放
2026-05-21 15:54:33 [INFO] TensorRT 引擎已释放
2026-05-21 15:54:33 [INFO] 全局 CUDA 资源已释放
2026-05-21 15:54:33 [INFO] 分割系统资源已释放
2026-05-21 15:54:36 [INFO] CUDA 初始化成功
2026-05-21 15:54:36 [INFO] 引擎加载成功: scrap_steel.engine
2026-05-21 15:54:36 [INFO] 分割系统初始化成功
2026-05-21 15:54:36 [INFO] 图像预处理完成，原始尺寸: (2160, 3840)
2026-05-21 15:54:36 [INFO] 开始执行分割...
2026-05-21 15:54:36 [DEBUG] 处理后的检测结果形状: (1, 8400, 6)
2026-05-21 15:54:36 [DEBUG] 示例检测结果: [[-4.00592422e+00 -3.26831341e+00  3.88625870e+01  1.54578028e+01
   4.40894681e-08  5.00000000e+00]
 [-6.29086304e+00 -2.98536110e+00  4.42898102e+01  2.99105778e+01
   1.00707602e-08  9.00000000e+00]
 [-3.62126923e+00 -3.56292629e+00  4.56938400e+01  3.05697136e+01
   4.33917435e-09  9.00000000e+00]]
2026-05-21 15:54:36 [DEBUG] 处理后检测输出形状: (0, 52)
2026-05-21 15:54:36 [DEBUG] 有效检测数量: 0
2026-05-21 15:54:36 [DEBUG] 检测输出为空
2026-05-21 15:54:36 [INFO] 掩码中检测到的类别: [0, 1, 2, 3, 4, 5, 6, 7, 8, 9, 10, 11, 12, 13, 15]
2026-05-21 15:54:36 [INFO] 分割完成，检测到 0 个物体
2026-05-21 15:54:36 [INFO] 从分割掩码中提取检测结果
2026-05-21 15:54:37 [INFO] 从掩码中提取了 543 个检测框
2026-05-21 15:54:37 [INFO] 检测到车兜区域，将过滤区域外的目标
2026-05-21 15:54:37 [INFO] 车兜区域过滤: 543 -> 187 个目标
2026-05-21 15:54:38 [INFO] 保存分割和检测结果到: C:\code\show\Scrap_Steel_In_Field\photos\segmentation\segment_20260521_155437.jpg
2026-05-21 15:54:38 [INFO] JSON结果保存到: C:\code\show\Scrap_Steel_In_Field\photos\segmentation_result.json
2026-05-21 15:54:38 [INFO] 类别统计：{0: 16, 1: 27, 2: 19, 3: 2, 4: 9, 5: 19, 6: 11, 7: 16, 8: 17, 9: 14, 10: 10, 11: 2, 12: 7, 13: 14, 14: 0, 15: 4}
2026-05-21 15:54:38 [INFO] 面积统计：{1: np.float64(13359888.0), 2: np.float64(1193616.0), 3: np.float64(20736.0), 4: np.float64(395280.0), 5: np.float64(2330208.0), 6: np.float64(1748304.0), 7: np.float64(996624.0), 8: np.float64(777600.0), 9: np.float64(1609164.0), 10: np.float64(2913408.0), 11: np.float64(18144.0), 12: np.float64(4438440.0), 13: np.float64(547956.0), 15: np.float64(364176.0)}
2026-05-21 15:54:38 [INFO] 分割成功
2026-05-21 15:54:38 [INFO] 引擎上下文已释放
2026-05-21 15:54:38 [INFO] TensorRT 引擎已释放
2026-05-21 15:54:38 [INFO] 全局 CUDA 资源已释放
2026-05-21 15:54:38 [INFO] 分割系统资源已释放
2026-05-21 15:54:41 [INFO] CUDA 初始化成功
2026-05-21 15:54:41 [INFO] 引擎加载成功: scrap_steel.engine
2026-05-21 15:54:41 [INFO] 分割系统初始化成功
2026-05-21 15:54:41 [INFO] 图像预处理完成，原始尺寸: (2160, 3840)
2026-05-21 15:54:41 [INFO] 开始执行分割...
2026-05-21 15:54:41 [DEBUG] 处理后的检测结果形状: (1, 8400, 6)
2026-05-21 15:54:41 [DEBUG] 示例检测结果: [[-4.00889587e+00 -3.27212906e+00  3.89346428e+01  1.55049400e+01
   4.60770906e-08  5.00000000e+00]
 [-6.29488373e+00 -3.01830292e+00  4.42477951e+01  2.99308739e+01
   1.02034967e-08  9.00000000e+00]
 [-3.66135788e+00 -3.61610126e+00  4.56486435e+01  3.05829697e+01
   4.39409842e-09  9.00000000e+00]]
2026-05-21 15:54:41 [DEBUG] 处理后检测输出形状: (0, 52)
2026-05-21 15:54:41 [DEBUG] 有效检测数量: 0
2026-05-21 15:54:41 [DEBUG] 检测输出为空
2026-05-21 15:54:41 [INFO] 掩码中检测到的类别: [0, 1, 2, 3, 4, 5, 6, 7, 8, 9, 10, 11, 12, 13, 15]
2026-05-21 15:54:41 [INFO] 分割完成，检测到 0 个物体
2026-05-21 15:54:41 [INFO] 从分割掩码中提取检测结果
2026-05-21 15:54:42 [INFO] 从掩码中提取了 558 个检测框
2026-05-21 15:54:42 [INFO] 检测到车兜区域，将过滤区域外的目标
2026-05-21 15:54:42 [INFO] 车兜区域过滤: 558 -> 181 个目标
2026-05-21 15:54:42 [INFO] 保存分割和检测结果到: C:\code\show\Scrap_Steel_In_Field\photos\segmentation\segment_20260521_155442.jpg
2026-05-21 15:54:42 [INFO] JSON结果保存到: C:\code\show\Scrap_Steel_In_Field\photos\segmentation_result.json
2026-05-21 15:54:42 [INFO] 类别统计：{0: 18, 1: 24, 2: 16, 3: 0, 4: 5, 5: 19, 6: 13, 7: 16, 8: 16, 9: 16, 10: 10, 11: 2, 12: 8, 13: 14, 14: 0, 15: 4}
2026-05-21 15:54:42 [INFO] 面积统计：{1: np.float64(13522356.0), 2: np.float64(1245456.0), 3: np.float64(7776.0), 4: np.float64(434160.0), 5: np.float64(2169504.0), 6: np.float64(1540944.0), 7: np.float64(1025136.0), 8: np.float64(850176.0), 9: np.float64(1525212.0), 10: np.float64(3168720.0), 11: np.float64(15552.0), 12: np.float64(4430592.0), 13: np.float64(583092.0), 15: np.float64(344736.0)}
2026-05-21 15:54:42 [INFO] 分割成功
2026-05-21 15:54:42 [INFO] 引擎上下文已释放
2026-05-21 15:54:42 [INFO] TensorRT 引擎已释放
2026-05-21 15:54:42 [INFO] 全局 CUDA 资源已释放
2026-05-21 15:54:42 [INFO] 分割系统资源已释放
2026-05-21 15:54:47 [INFO] CUDA 初始化成功
2026-05-21 15:54:47 [INFO] 引擎加载成功: scrap_steel.engine
2026-05-21 15:54:47 [INFO] 分割系统初始化成功
2026-05-21 15:54:47 [INFO] 图像预处理完成，原始尺寸: (2160, 3840)
2026-05-21 15:54:47 [INFO] 开始执行分割...
2026-05-21 15:54:47 [DEBUG] 处理后的检测结果形状: (1, 8400, 6)
2026-05-21 15:54:47 [DEBUG] 示例检测结果: [[-4.00632477e+00 -3.28566170e+00  3.89841957e+01  1.56216984e+01
   4.55113920e-08  5.00000000e+00]
 [-6.30163574e+00 -3.00438499e+00  4.43118515e+01  3.00035458e+01
   1.02107123e-08  9.00000000e+00]
 [-3.64852142e+00 -3.58641434e+00  4.57054672e+01  3.06781693e+01
   4.34939817e-09  9.00000000e+00]]
2026-05-21 15:54:47 [DEBUG] 处理后检测输出形状: (0, 52)
2026-05-21 15:54:47 [DEBUG] 有效检测数量: 0
2026-05-21 15:54:47 [DEBUG] 检测输出为空
2026-05-21 15:54:47 [INFO] 掩码中检测到的类别: [0, 1, 2, 3, 4, 5, 6, 7, 8, 9, 10, 11, 12, 13, 15]
2026-05-21 15:54:47 [INFO] 分割完成，检测到 0 个物体
2026-05-21 15:54:47 [INFO] 从分割掩码中提取检测结果
2026-05-21 15:54:47 [INFO] 从掩码中提取了 534 个检测框
2026-05-21 15:54:47 [INFO] 检测到车兜区域，将过滤区域外的目标
2026-05-21 15:54:47 [INFO] 车兜区域过滤: 534 -> 169 个目标
2026-05-21 15:54:48 [INFO] 保存分割和检测结果到: C:\code\show\Scrap_Steel_In_Field\photos\segmentation\segment_20260521_155447.jpg
2026-05-21 15:54:48 [INFO] JSON结果保存到: C:\code\show\Scrap_Steel_In_Field\photos\segmentation_result.json
2026-05-21 15:54:48 [INFO] 类别统计：{0: 14, 1: 23, 2: 16, 3: 1, 4: 5, 5: 20, 6: 11, 7: 16, 8: 15, 9: 14, 10: 10, 11: 0, 12: 6, 13: 14, 14: 0, 15: 4}
2026-05-21 15:54:48 [INFO] 面积统计：{1: np.float64(13953348.0), 2: np.float64(1145664.0), 3: np.float64(23328.0), 4: np.float64(382320.0), 5: np.float64(2520720.0), 6: np.float64(1585008.0), 7: np.float64(904608.0), 8: np.float64(662436.0), 9: np.float64(1508508.0), 10: np.float64(3189456.0), 11: np.float64(1296.0), 12: np.float64(4258656.0), 13: np.float64(656784.0), 15: np.float64(289008.0)}
2026-05-21 15:54:48 [INFO] 分割成功
2026-05-21 15:54:48 [INFO] 引擎上下文已释放
2026-05-21 15:54:48 [INFO] TensorRT 引擎已释放
2026-05-21 15:54:48 [INFO] 全局 CUDA 资源已释放
2026-05-21 15:54:48 [INFO] 分割系统资源已释放
2026-05-21 15:54:52 [INFO] CUDA 初始化成功
2026-05-21 15:54:52 [INFO] 引擎加载成功: scrap_steel.engine
2026-05-21 15:54:52 [INFO] 分割系统初始化成功
2026-05-21 15:54:52 [INFO] 图像预处理完成，原始尺寸: (2160, 3840)
2026-05-21 15:54:52 [INFO] 开始执行分割...
2026-05-21 15:54:52 [DEBUG] 处理后的检测结果形状: (1, 8400, 6)
2026-05-21 15:54:52 [DEBUG] 示例检测结果: [[-4.00189209e+00 -3.26825619e+00  3.88195267e+01  1.55675745e+01
   4.51518680e-08  5.00000000e+00]
 [-6.26213837e+00 -3.01486778e+00  4.42816162e+01  3.00585079e+01
   1.01045572e-08  9.00000000e+00]
 [-3.64226151e+00 -3.59907150e+00  4.56639214e+01  3.06858940e+01
   4.33679048e-09  9.00000000e+00]]
2026-05-21 15:54:52 [DEBUG] 处理后检测输出形状: (0, 52)
2026-05-21 15:54:52 [DEBUG] 有效检测数量: 0
2026-05-21 15:54:52 [DEBUG] 检测输出为空
2026-05-21 15:54:52 [INFO] 掩码中检测到的类别: [0, 1, 2, 3, 4, 5, 6, 7, 8, 9, 10, 11, 12, 13, 15]
2026-05-21 15:54:52 [INFO] 分割完成，检测到 0 个物体
2026-05-21 15:54:52 [INFO] 从分割掩码中提取检测结果
2026-05-21 15:54:53 [INFO] 从掩码中提取了 515 个检测框
2026-05-21 15:54:53 [INFO] 检测到车兜区域，将过滤区域外的目标
2026-05-21 15:54:53 [INFO] 车兜区域过滤: 515 -> 155 个目标
2026-05-21 15:54:53 [INFO] 保存分割和检测结果到: C:\code\show\Scrap_Steel_In_Field\photos\segmentation\segment_20260521_155453.jpg
2026-05-21 15:54:53 [INFO] JSON结果保存到: C:\code\show\Scrap_Steel_In_Field\photos\segmentation_result.json
2026-05-21 15:54:53 [INFO] 类别统计：{0: 1, 1: 27, 2: 14, 3: 0, 4: 7, 5: 22, 6: 12, 7: 12, 8: 17, 9: 15, 10: 7, 11: 1, 12: 6, 13: 10, 14: 0, 15: 4}
2026-05-21 15:54:53 [INFO] 面积统计：{1: np.float64(12436272.0), 2: np.float64(1261008.0), 3: np.float64(1296.0), 4: np.float64(401760.0), 5: np.float64(2576448.0), 6: np.float64(1412640.0), 7: np.float64(920160.0), 8: np.float64(650592.0), 9: np.float64(1521756.0), 10: np.float64(3132432.0), 11: np.float64(12960.0), 12: np.float64(4560336.0), 13: np.float64(532476.0), 15: np.float64(290304.0)}
2026-05-21 15:54:53 [INFO] 分割成功
2026-05-21 15:54:53 [INFO] 引擎上下文已释放
2026-05-21 15:54:53 [INFO] TensorRT 引擎已释放
2026-05-21 15:54:54 [INFO] 全局 CUDA 资源已释放
2026-05-21 15:54:54 [INFO] 分割系统资源已释放
2026-05-21 15:54:57 [INFO] CUDA 初始化成功
2026-05-21 15:54:57 [INFO] 引擎加载成功: scrap_steel.engine
2026-05-21 15:54:57 [INFO] 分割系统初始化成功
2026-05-21 15:54:57 [INFO] 图像预处理完成，原始尺寸: (2160, 3840)
2026-05-21 15:54:57 [INFO] 开始执行分割...
2026-05-21 15:54:57 [DEBUG] 处理后的检测结果形状: (1, 8400, 6)
2026-05-21 15:54:57 [DEBUG] 示例检测结果: [[-4.04603195e+00 -3.27337837e+00  3.87640991e+01  1.55563431e+01
   4.23814264e-08  5.00000000e+00]
 [-6.34725189e+00 -3.02975368e+00  4.40546494e+01  2.98042374e+01
   9.70771197e-09  9.00000000e+00]
 [-3.61695862e+00 -3.57828712e+00  4.55964432e+01  3.03996639e+01
   4.20047996e-09  9.00000000e+00]]
2026-05-21 15:54:57 [DEBUG] 处理后检测输出形状: (0, 52)
2026-05-21 15:54:57 [DEBUG] 有效检测数量: 0
2026-05-21 15:54:57 [DEBUG] 检测输出为空
2026-05-21 15:54:57 [INFO] 掩码中检测到的类别: [0, 1, 2, 3, 4, 5, 6, 7, 8, 9, 10, 11, 12, 13, 15]
2026-05-21 15:54:57 [INFO] 分割完成，检测到 0 个物体
2026-05-21 15:54:57 [INFO] 从分割掩码中提取检测结果
2026-05-21 15:54:58 [INFO] 从掩码中提取了 541 个检测框
2026-05-21 15:54:58 [INFO] 检测到车兜区域，将过滤区域外的目标
2026-05-21 15:54:58 [INFO] 车兜区域过滤: 541 -> 177 个目标
2026-05-21 15:54:58 [INFO] 保存分割和检测结果到: C:\code\show\Scrap_Steel_In_Field\photos\segmentation\segment_20260521_155458.jpg
2026-05-21 15:54:58 [INFO] JSON结果保存到: C:\code\show\Scrap_Steel_In_Field\photos\segmentation_result.json
2026-05-21 15:54:58 [INFO] 类别统计：{0: 10, 1: 25, 2: 17, 3: 1, 4: 9, 5: 20, 6: 12, 7: 14, 8: 17, 9: 12, 10: 10, 11: 1, 12: 10, 13: 13, 14: 0, 15: 6}
2026-05-21 15:54:58 [INFO] 面积统计：{1: np.float64(12977712.0), 2: np.float64(1330992.0), 3: np.float64(20736.0), 4: np.float64(423792.0), 5: np.float64(2262816.0), 6: np.float64(1719792.0), 7: np.float64(996624.0), 8: np.float64(787968.0), 9: np.float64(1575684.0), 10: np.float64(3008016.0), 11: np.float64(16848.0), 12: np.float64(4235472.0), 13: np.float64(596304.0), 15: np.float64(378432.0)}
2026-05-21 15:54:58 [INFO] 分割成功
2026-05-21 15:54:58 [INFO] 引擎上下文已释放
2026-05-21 15:54:59 [INFO] TensorRT 引擎已释放
2026-05-21 15:54:59 [INFO] 全局 CUDA 资源已释放
2026-05-21 15:54:59 [INFO] 分割系统资源已释放
2026-05-21 15:55:02 [INFO] CUDA 初始化成功
2026-05-21 15:55:02 [INFO] 引擎加载成功: scrap_steel.engine
2026-05-21 15:55:02 [INFO] 分割系统初始化成功
2026-05-21 15:55:02 [INFO] 图像预处理完成，原始尺寸: (2160, 3840)
2026-05-21 15:55:02 [INFO] 开始执行分割...
2026-05-21 15:55:02 [DEBUG] 处理后的检测结果形状: (1, 8400, 6)
2026-05-21 15:55:02 [DEBUG] 示例检测结果: [[-4.07505417e+00 -3.29099655e+00  3.88367920e+01  1.56390171e+01
   4.30375735e-08  5.00000000e+00]
 [-6.35110855e+00 -3.03122520e+00  4.41187706e+01  2.98426342e+01
   9.78142722e-09  9.00000000e+00]
 [-3.63398361e+00 -3.60545444e+00  4.57087784e+01  3.04710846e+01
   4.26560387e-09  9.00000000e+00]]
2026-05-21 15:55:02 [DEBUG] 处理后检测输出形状: (0, 52)
2026-05-21 15:55:02 [DEBUG] 有效检测数量: 0
2026-05-21 15:55:02 [DEBUG] 检测输出为空
2026-05-21 15:55:03 [INFO] 掩码中检测到的类别: [0, 1, 2, 3, 4, 5, 6, 7, 8, 9, 10, 11, 12, 13, 15]
2026-05-21 15:55:03 [INFO] 分割完成，检测到 0 个物体
2026-05-21 15:55:03 [INFO] 从分割掩码中提取检测结果
2026-05-21 15:55:03 [INFO] 从掩码中提取了 515 个检测框
2026-05-21 15:55:03 [INFO] 检测到车兜区域，将过滤区域外的目标
2026-05-21 15:55:03 [INFO] 车兜区域过滤: 515 -> 170 个目标
2026-05-21 15:55:04 [INFO] 保存分割和检测结果到: C:\code\show\Scrap_Steel_In_Field\photos\segmentation\segment_20260521_155503.jpg
2026-05-21 15:55:04 [INFO] JSON结果保存到: C:\code\show\Scrap_Steel_In_Field\photos\segmentation_result.json
2026-05-21 15:55:04 [INFO] 类别统计：{0: 1, 1: 25, 2: 15, 3: 0, 4: 8, 5: 22, 6: 18, 7: 17, 8: 17, 9: 13, 10: 9, 11: 0, 12: 6, 13: 13, 14: 0, 15: 6}
2026-05-21 15:55:04 [INFO] 面积统计：{1: np.float64(13687272.0), 2: np.float64(1259712.0), 3: np.float64(5184.0), 4: np.float64(387504.0), 5: np.float64(2300400.0), 6: np.float64(1671840.0), 7: np.float64(964224.0), 8: np.float64(716688.0), 9: np.float64(1659240.0), 10: np.float64(2974320.0), 11: np.float64(7776.0), 12: np.float64(4287168.0), 13: np.float64(616392.0), 15: np.float64(346032.0)}
2026-05-21 15:55:04 [INFO] 分割成功
2026-05-21 15:55:04 [INFO] 引擎上下文已释放
2026-05-21 15:55:04 [INFO] TensorRT 引擎已释放
2026-05-21 15:55:04 [INFO] 全局 CUDA 资源已释放
2026-05-21 15:55:04 [INFO] 分割系统资源已释放
2026-05-21 15:55:08 [INFO] CUDA 初始化成功
2026-05-21 15:55:08 [INFO] 引擎加载成功: scrap_steel.engine
2026-05-21 15:55:08 [INFO] 分割系统初始化成功
2026-05-21 15:55:08 [INFO] 图像预处理完成，原始尺寸: (2160, 3840)
2026-05-21 15:55:08 [INFO] 开始执行分割...
2026-05-21 15:55:08 [DEBUG] 处理后的检测结果形状: (1, 8400, 6)
2026-05-21 15:55:08 [DEBUG] 示例检测结果: [[-4.04325485e+00 -3.28732014e+00  3.86944580e+01  1.55991240e+01
   4.33786340e-08  5.00000000e+00]
 [-6.33168411e+00 -3.04255295e+00  4.41326065e+01  2.99002800e+01
   9.70510072e-09  9.00000000e+00]
 [-3.62455750e+00 -3.58869839e+00  4.56317749e+01  3.04929581e+01
   4.21479740e-09  9.00000000e+00]]
2026-05-21 15:55:08 [DEBUG] 处理后检测输出形状: (0, 52)
2026-05-21 15:55:08 [DEBUG] 有效检测数量: 0
2026-05-21 15:55:08 [DEBUG] 检测输出为空
2026-05-21 15:55:08 [INFO] 掩码中检测到的类别: [0, 1, 2, 3, 4, 5, 6, 7, 8, 9, 10, 11, 12, 13, 15]
2026-05-21 15:55:08 [INFO] 分割完成，检测到 0 个物体
2026-05-21 15:55:08 [INFO] 从分割掩码中提取检测结果
2026-05-21 15:55:08 [INFO] 从掩码中提取了 536 个检测框
2026-05-21 15:55:08 [INFO] 检测到车兜区域，将过滤区域外的目标
2026-05-21 15:55:08 [INFO] 车兜区域过滤: 536 -> 178 个目标
2026-05-21 15:55:09 [INFO] 保存分割和检测结果到: C:\code\show\Scrap_Steel_In_Field\photos\segmentation\segment_20260521_155508.jpg
2026-05-21 15:55:09 [INFO] JSON结果保存到: C:\code\show\Scrap_Steel_In_Field\photos\segmentation_result.json
2026-05-21 15:55:09 [INFO] 类别统计：{0: 16, 1: 25, 2: 15, 3: 0, 4: 8, 5: 19, 6: 12, 7: 17, 8: 18, 9: 13, 10: 9, 11: 2, 12: 5, 13: 14, 14: 0, 15: 5}
2026-05-21 15:55:09 [INFO] 面积统计：{1: np.float64(13290372.0), 2: np.float64(1192320.0), 3: np.float64(5184.0), 4: np.float64(384912.0), 5: np.float64(2492208.0), 6: np.float64(1578528.0), 7: np.float64(1180656.0), 8: np.float64(642816.0), 9: np.float64(1502604.0), 10: np.float64(3105216.0), 11: np.float64(18144.0), 12: np.float64(4477788.0), 13: np.float64(605700.0), 15: np.float64(340848.0)}
2026-05-21 15:55:09 [INFO] 分割成功
2026-05-21 15:55:09 [INFO] 引擎上下文已释放
2026-05-21 15:55:09 [INFO] TensorRT 引擎已释放
2026-05-21 15:55:09 [INFO] 全局 CUDA 资源已释放
2026-05-21 15:55:09 [INFO] 分割系统资源已释放
2026-05-21 15:55:13 [INFO] CUDA 初始化成功
2026-05-21 15:55:13 [INFO] 引擎加载成功: scrap_steel.engine
2026-05-21 15:55:13 [INFO] 分割系统初始化成功
2026-05-21 15:55:13 [INFO] 图像预处理完成，原始尺寸: (2160, 3840)
2026-05-21 15:55:13 [INFO] 开始执行分割...
2026-05-21 15:55:13 [DEBUG] 处理后的检测结果形状: (1, 8400, 6)
2026-05-21 15:55:13 [DEBUG] 示例检测结果: [[-3.99222946e+00 -3.25018978e+00  3.88127594e+01  1.54631929e+01
   4.56948825e-08  5.00000000e+00]
 [-6.28681946e+00 -3.00533390e+00  4.42559280e+01  2.99026680e+01
   1.03040989e-08  9.00000000e+00]
 [-3.64124298e+00 -3.58758163e+00  4.56591644e+01  3.05601845e+01
   4.45247395e-09  9.00000000e+00]]
2026-05-21 15:55:13 [DEBUG] 处理后检测输出形状: (0, 52)
2026-05-21 15:55:13 [DEBUG] 有效检测数量: 0
2026-05-21 15:55:13 [DEBUG] 检测输出为空
2026-05-21 15:55:13 [INFO] 掩码中检测到的类别: [0, 1, 2, 3, 4, 5, 6, 7, 8, 9, 10, 11, 12, 13, 15]
2026-05-21 15:55:13 [INFO] 分割完成，检测到 0 个物体
2026-05-21 15:55:13 [INFO] 从分割掩码中提取检测结果
2026-05-21 15:55:13 [INFO] 从掩码中提取了 494 个检测框
2026-05-21 15:55:13 [INFO] 检测到车兜区域，将过滤区域外的目标
2026-05-21 15:55:13 [INFO] 车兜区域过滤: 494 -> 163 个目标
2026-05-21 15:55:14 [INFO] 保存分割和检测结果到: C:\code\show\Scrap_Steel_In_Field\photos\segmentation\segment_20260521_155513.jpg
2026-05-21 15:55:14 [INFO] JSON结果保存到: C:\code\show\Scrap_Steel_In_Field\photos\segmentation_result.json
2026-05-21 15:55:14 [INFO] 类别统计：{0: 1, 1: 25, 2: 15, 3: 1, 4: 6, 5: 20, 6: 13, 7: 15, 8: 16, 9: 15, 10: 11, 11: 2, 12: 6, 13: 12, 14: 0, 15: 5}
2026-05-21 15:55:14 [INFO] 面积统计：{1: np.float64(13304160.0), 2: np.float64(1395792.0), 3: np.float64(9072.0), 4: np.float64(488592.0), 5: np.float64(2229120.0), 6: np.float64(1644624.0), 7: np.float64(1031616.0), 8: np.float64(688176.0), 9: np.float64(1675152.0), 10: np.float64(3035232.0), 11: np.float64(19440.0), 12: np.float64(4668300.0), 13: np.float64(599004.0), 15: np.float64(361584.0)}
2026-05-21 15:55:14 [INFO] 分割成功
2026-05-21 15:55:14 [INFO] 引擎上下文已释放
2026-05-21 15:55:14 [INFO] TensorRT 引擎已释放
2026-05-21 15:55:14 [INFO] 全局 CUDA 资源已释放
2026-05-21 15:55:14 [INFO] 分割系统资源已释放
2026-05-21 15:55:18 [INFO] CUDA 初始化成功
2026-05-21 15:55:18 [INFO] 引擎加载成功: scrap_steel.engine
2026-05-21 15:55:18 [INFO] 分割系统初始化成功
2026-05-21 15:55:18 [INFO] 图像预处理完成，原始尺寸: (2160, 3840)
2026-05-21 15:55:18 [INFO] 开始执行分割...
2026-05-21 15:55:18 [DEBUG] 处理后的检测结果形状: (1, 8400, 6)
2026-05-21 15:55:18 [DEBUG] 示例检测结果: [[-3.97864532e+00 -3.24889183e+00  3.88624954e+01  1.53426037e+01
   4.48029560e-08  5.00000000e+00]
 [-6.28863144e+00 -2.98285484e+00  4.43570366e+01  2.98168888e+01
   1.01442694e-08  9.00000000e+00]
 [-3.67277908e+00 -3.58710861e+00  4.57325058e+01  3.06163712e+01
   4.38359038e-09  9.00000000e+00]]
2026-05-21 15:55:18 [DEBUG] 处理后检测输出形状: (0, 52)
2026-05-21 15:55:18 [DEBUG] 有效检测数量: 0
2026-05-21 15:55:18 [DEBUG] 检测输出为空
2026-05-21 15:55:18 [INFO] 掩码中检测到的类别: [0, 1, 2, 3, 4, 5, 6, 7, 8, 9, 10, 11, 12, 13, 15]
2026-05-21 15:55:18 [INFO] 分割完成，检测到 0 个物体
2026-05-21 15:55:18 [INFO] 从分割掩码中提取检测结果
2026-05-21 15:55:18 [INFO] 从掩码中提取了 509 个检测框
2026-05-21 15:55:18 [INFO] 检测到车兜区域，将过滤区域外的目标
2026-05-21 15:55:18 [INFO] 车兜区域过滤: 509 -> 172 个目标
2026-05-21 15:55:19 [INFO] 保存分割和检测结果到: C:\code\show\Scrap_Steel_In_Field\photos\segmentation\segment_20260521_155518.jpg
2026-05-21 15:55:19 [INFO] JSON结果保存到: C:\code\show\Scrap_Steel_In_Field\photos\segmentation_result.json
2026-05-21 15:55:19 [INFO] 类别统计：{0: 12, 1: 23, 2: 17, 3: 0, 4: 9, 5: 20, 6: 13, 7: 15, 8: 16, 9: 15, 10: 11, 11: 0, 12: 6, 13: 11, 14: 0, 15: 4}
2026-05-21 15:55:19 [INFO] 面积统计：{1: np.float64(13642488.0), 2: np.float64(1316736.0), 3: np.float64(5184.0), 4: np.float64(300672.0), 5: np.float64(2266704.0), 6: np.float64(1630368.0), 7: np.float64(940896.0), 8: np.float64(754632.0), 9: np.float64(1558692.0), 10: np.float64(3179088.0), 11: np.float64(3888.0), 12: np.float64(4466304.0), 13: np.float64(573408.0), 15: np.float64(369360.0)}
2026-05-21 15:55:19 [INFO] 分割成功
2026-05-21 15:55:19 [INFO] 引擎上下文已释放
2026-05-21 15:55:19 [INFO] TensorRT 引擎已释放
2026-05-21 15:55:19 [INFO] 全局 CUDA 资源已释放
2026-05-21 15:55:19 [INFO] 分割系统资源已释放
2026-05-21 15:55:23 [INFO] CUDA 初始化成功
2026-05-21 15:55:23 [INFO] 引擎加载成功: scrap_steel.engine
2026-05-21 15:55:23 [INFO] 分割系统初始化成功
2026-05-21 15:55:23 [INFO] 图像预处理完成，原始尺寸: (2160, 3840)
2026-05-21 15:55:23 [INFO] 开始执行分割...
2026-05-21 15:55:23 [DEBUG] 处理后的检测结果形状: (1, 8400, 6)
2026-05-21 15:55:23 [DEBUG] 示例检测结果: [[-4.00487518e+00 -3.25992537e+00  3.89737206e+01  1.54627075e+01
   4.51597018e-08  5.00000000e+00]
 [-6.30247498e+00 -2.99289703e+00  4.43807259e+01  2.99619064e+01
   1.00587663e-08  9.00000000e+00]
 [-3.65039825e+00 -3.58707809e+00  4.57324600e+01  3.07125969e+01
   4.31570513e-09  9.00000000e+00]]
2026-05-21 15:55:23 [DEBUG] 处理后检测输出形状: (0, 52)
2026-05-21 15:55:23 [DEBUG] 有效检测数量: 0
2026-05-21 15:55:23 [DEBUG] 检测输出为空
2026-05-21 15:55:23 [INFO] 掩码中检测到的类别: [0, 1, 2, 3, 4, 5, 6, 7, 8, 9, 10, 11, 12, 13, 15]
2026-05-21 15:55:23 [INFO] 分割完成，检测到 0 个物体
2026-05-21 15:55:23 [INFO] 从分割掩码中提取检测结果
2026-05-21 15:55:23 [INFO] 从掩码中提取了 503 个检测框
2026-05-21 15:55:23 [INFO] 检测到车兜区域，将过滤区域外的目标
2026-05-21 15:55:23 [INFO] 车兜区域过滤: 503 -> 160 个目标
2026-05-21 15:55:24 [INFO] 保存分割和检测结果到: C:\code\show\Scrap_Steel_In_Field\photos\segmentation\segment_20260521_155523.jpg
2026-05-21 15:55:24 [INFO] JSON结果保存到: C:\code\show\Scrap_Steel_In_Field\photos\segmentation_result.json
2026-05-21 15:55:24 [INFO] 类别统计：{0: 1, 1: 25, 2: 14, 3: 1, 4: 8, 5: 21, 6: 16, 7: 14, 8: 18, 9: 12, 10: 8, 11: 1, 12: 5, 13: 11, 14: 0, 15: 5}
2026-05-21 15:55:24 [INFO] 面积统计：{1: np.float64(12997260.0), 2: np.float64(1211760.0), 3: np.float64(40176.0), 4: np.float64(430272.0), 5: np.float64(2280960.0), 6: np.float64(1509840.0), 7: np.float64(1071792.0), 8: np.float64(867384.0), 9: np.float64(1624788.0), 10: np.float64(3092256.0), 11: np.float64(10368.0), 12: np.float64(4488408.0), 13: np.float64(618624.0), 15: np.float64(320112.0)}
2026-05-21 15:55:24 [INFO] 分割成功
2026-05-21 15:55:24 [INFO] 引擎上下文已释放
2026-05-21 15:55:24 [INFO] TensorRT 引擎已释放
2026-05-21 15:55:24 [INFO] 全局 CUDA 资源已释放
2026-05-21 15:55:24 [INFO] 分割系统资源已释放
2026-05-21 15:55:28 [INFO] CUDA 初始化成功
2026-05-21 15:55:28 [INFO] 引擎加载成功: scrap_steel.engine
2026-05-21 15:55:28 [INFO] 分割系统初始化成功
2026-05-21 15:55:28 [INFO] 图像预处理完成，原始尺寸: (2160, 3840)
2026-05-21 15:55:28 [INFO] 开始执行分割...
2026-05-21 15:55:28 [DEBUG] 处理后的检测结果形状: (1, 8400, 6)
2026-05-21 15:55:28 [DEBUG] 示例检测结果: [[-4.02417755e+00 -3.27924681e+00  3.88342018e+01  1.54548378e+01
   4.35781651e-08  5.00000000e+00]
 [-6.31597137e+00 -3.03043747e+00  4.42582397e+01  2.99707603e+01
   9.92374183e-09  9.00000000e+00]
 [-3.63207245e+00 -3.58860779e+00  4.56326447e+01  3.06067657e+01
   4.27439062e-09  9.00000000e+00]]
2026-05-21 15:55:28 [DEBUG] 处理后检测输出形状: (0, 52)
2026-05-21 15:55:28 [DEBUG] 有效检测数量: 0
2026-05-21 15:55:28 [DEBUG] 检测输出为空
2026-05-21 15:55:28 [INFO] 掩码中检测到的类别: [0, 1, 2, 3, 4, 5, 6, 7, 8, 9, 10, 11, 12, 13, 15]
2026-05-21 15:55:28 [INFO] 分割完成，检测到 0 个物体
2026-05-21 15:55:28 [INFO] 从分割掩码中提取检测结果
2026-05-21 15:55:28 [INFO] 从掩码中提取了 557 个检测框
2026-05-21 15:55:28 [INFO] 检测到车兜区域，将过滤区域外的目标
2026-05-21 15:55:28 [INFO] 车兜区域过滤: 557 -> 170 个目标
2026-05-21 15:55:29 [INFO] 保存分割和检测结果到: C:\code\show\Scrap_Steel_In_Field\photos\segmentation\segment_20260521_155528.jpg
2026-05-21 15:55:29 [INFO] JSON结果保存到: C:\code\show\Scrap_Steel_In_Field\photos\segmentation_result.json
2026-05-21 15:55:29 [INFO] 类别统计：{0: 11, 1: 23, 2: 17, 3: 1, 4: 8, 5: 18, 6: 10, 7: 14, 8: 16, 9: 12, 10: 12, 11: 1, 12: 11, 13: 11, 14: 0, 15: 5}
2026-05-21 15:55:29 [INFO] 面积统计：{1: np.float64(14155632.0), 2: np.float64(1219536.0), 3: np.float64(45360.0), 4: np.float64(451008.0), 5: np.float64(2306880.0), 6: np.float64(1429488.0), 7: np.float64(892944.0), 8: np.float64(820548.0), 9: np.float64(1511820.0), 10: np.float64(3249072.0), 11: np.float64(14256.0), 12: np.float64(4242348.0), 13: np.float64(651708.0), 15: np.float64(373248.0)}
2026-05-21 15:55:29 [INFO] 分割成功
2026-05-21 15:55:29 [INFO] 引擎上下文已释放
2026-05-21 15:55:29 [INFO] TensorRT 引擎已释放
2026-05-21 15:55:29 [INFO] 全局 CUDA 资源已释放
2026-05-21 15:55:29 [INFO] 分割系统资源已释放
2026-05-21 15:55:33 [INFO] CUDA 初始化成功
2026-05-21 15:55:33 [INFO] 引擎加载成功: scrap_steel.engine
2026-05-21 15:55:33 [INFO] 分割系统初始化成功
2026-05-21 15:55:33 [INFO] 图像预处理完成，原始尺寸: (2160, 3840)
2026-05-21 15:55:33 [INFO] 开始执行分割...
2026-05-21 15:55:33 [DEBUG] 处理后的检测结果形状: (1, 8400, 6)
2026-05-21 15:55:33 [DEBUG] 示例检测结果: [[-4.00734711e+00 -3.28814697e+00  3.88445740e+01  1.55224018e+01
   4.44462103e-08  5.00000000e+00]
 [-6.28976440e+00 -3.03126431e+00  4.42813950e+01  2.99979248e+01
   9.95297356e-09  9.00000000e+00]
 [-3.64300156e+00 -3.60344887e+00  4.56774597e+01  3.06448650e+01
   4.27200675e-09  9.00000000e+00]]
2026-05-21 15:55:33 [DEBUG] 处理后检测输出形状: (0, 52)
2026-05-21 15:55:33 [DEBUG] 有效检测数量: 0
2026-05-21 15:55:33 [DEBUG] 检测输出为空
2026-05-21 15:55:33 [INFO] 掩码中检测到的类别: [0, 1, 2, 3, 4, 5, 6, 7, 8, 9, 10, 11, 12, 13, 15]
2026-05-21 15:55:33 [INFO] 分割完成，检测到 0 个物体
2026-05-21 15:55:33 [INFO] 从分割掩码中提取检测结果
2026-05-21 15:55:33 [INFO] 从掩码中提取了 524 个检测框
2026-05-21 15:55:33 [INFO] 检测到车兜区域，将过滤区域外的目标
2026-05-21 15:55:33 [INFO] 车兜区域过滤: 524 -> 163 个目标
2026-05-21 15:55:34 [INFO] 保存分割和检测结果到: C:\code\show\Scrap_Steel_In_Field\photos\segmentation\segment_20260521_155533.jpg
2026-05-21 15:55:34 [INFO] JSON结果保存到: C:\code\show\Scrap_Steel_In_Field\photos\segmentation_result.json
2026-05-21 15:55:34 [INFO] 类别统计：{0: 1, 1: 24, 2: 16, 3: 0, 4: 6, 5: 20, 6: 13, 7: 13, 8: 14, 9: 16, 10: 8, 11: 4, 12: 11, 13: 12, 14: 0, 15: 5}
2026-05-21 15:55:34 [INFO] 面积统计：{1: np.float64(13151232.0), 2: np.float64(1293408.0), 3: np.float64(5184.0), 4: np.float64(346032.0), 5: np.float64(2402784.0), 6: np.float64(1769040.0), 7: np.float64(916272.0), 8: np.float64(787968.0), 9: np.float64(1636200.0), 10: np.float64(3084480.0), 11: np.float64(27216.0), 12: np.float64(4569624.0), 13: np.float64(563364.0), 15: np.float64(403056.0)}
2026-05-21 15:55:34 [INFO] 分割成功
2026-05-21 15:55:34 [INFO] 引擎上下文已释放
2026-05-21 15:55:34 [INFO] TensorRT 引擎已释放
2026-05-21 15:55:34 [INFO] 全局 CUDA 资源已释放
2026-05-21 15:55:34 [INFO] 分割系统资源已释放
2026-05-21 15:55:38 [INFO] CUDA 初始化成功
2026-05-21 15:55:38 [INFO] 引擎加载成功: scrap_steel.engine
2026-05-21 15:55:38 [INFO] 分割系统初始化成功
2026-05-21 15:55:38 [INFO] 图像预处理完成，原始尺寸: (2160, 3840)
2026-05-21 15:55:38 [INFO] 开始执行分割...
2026-05-21 15:55:38 [DEBUG] 处理后的检测结果形状: (1, 8400, 6)
2026-05-21 15:55:38 [DEBUG] 示例检测结果: [[-3.99013901e+00 -3.26261377e+00  3.88266563e+01  1.54468517e+01
   4.40894681e-08  5.00000000e+00]
 [-6.27303314e+00 -2.99615097e+00  4.42353325e+01  2.98123932e+01
   9.96259075e-09  9.00000000e+00]
 [-3.63428116e+00 -3.56228733e+00  4.56496086e+01  3.05183945e+01
   4.29319869e-09  9.00000000e+00]]
2026-05-21 15:55:38 [DEBUG] 处理后检测输出形状: (0, 52)
2026-05-21 15:55:38 [DEBUG] 有效检测数量: 0
2026-05-21 15:55:38 [DEBUG] 检测输出为空
2026-05-21 15:55:38 [INFO] 掩码中检测到的类别: [0, 1, 2, 3, 4, 5, 6, 7, 8, 9, 10, 11, 12, 13, 15]
2026-05-21 15:55:38 [INFO] 分割完成，检测到 0 个物体
2026-05-21 15:55:38 [INFO] 从分割掩码中提取检测结果
2026-05-21 15:55:39 [INFO] 从掩码中提取了 519 个检测框
2026-05-21 15:55:39 [INFO] 检测到车兜区域，将过滤区域外的目标
2026-05-21 15:55:39 [INFO] 车兜区域过滤: 519 -> 165 个目标
2026-05-21 15:55:39 [INFO] 保存分割和检测结果到: C:\code\show\Scrap_Steel_In_Field\photos\segmentation\segment_20260521_155539.jpg
2026-05-21 15:55:39 [INFO] JSON结果保存到: C:\code\show\Scrap_Steel_In_Field\photos\segmentation_result.json
2026-05-21 15:55:39 [INFO] 类别统计：{0: 1, 1: 26, 2: 14, 3: 1, 4: 6, 5: 19, 6: 14, 7: 19, 8: 15, 9: 12, 10: 13, 11: 2, 12: 6, 13: 12, 14: 0, 15: 5}
2026-05-21 15:55:39 [INFO] 面积统计：{1: np.float64(13214628.0), 2: np.float64(1474848.0), 3: np.float64(6480.0), 4: np.float64(346032.0), 5: np.float64(2356128.0), 6: np.float64(1595376.0), 7: np.float64(913680.0), 8: np.float64(759456.0), 9: np.float64(1525428.0), 10: np.float64(3080592.0), 11: np.float64(10368.0), 12: np.float64(4468788.0), 13: np.float64(642564.0), 15: np.float64(343440.0)}
2026-05-21 15:55:39 [INFO] 分割成功
2026-05-21 15:55:39 [INFO] 引擎上下文已释放
2026-05-21 15:55:39 [INFO] TensorRT 引擎已释放
2026-05-21 15:55:39 [INFO] 全局 CUDA 资源已释放
2026-05-21 15:55:39 [INFO] 分割系统资源已释放
2026-05-21 15:55:43 [INFO] CUDA 初始化成功
2026-05-21 15:55:43 [INFO] 引擎加载成功: scrap_steel.engine
2026-05-21 15:55:43 [INFO] 分割系统初始化成功
2026-05-21 15:55:43 [INFO] 图像预处理完成，原始尺寸: (2160, 3840)
2026-05-21 15:55:43 [INFO] 开始执行分割...
2026-05-21 15:55:43 [DEBUG] 处理后的检测结果形状: (1, 8400, 6)
2026-05-21 15:55:43 [DEBUG] 示例检测结果: [[-3.97763062e+00 -3.26356697e+00  3.88739853e+01  1.53943539e+01
   4.49857680e-08  5.00000000e+00]
 [-6.26301956e+00 -3.00760460e+00  4.43526802e+01  2.99439373e+01
   1.01377786e-08  9.00000000e+00]
 [-3.63668060e+00 -3.57706928e+00  4.56777954e+01  3.05915565e+01
   4.27200675e-09  9.00000000e+00]]
2026-05-21 15:55:43 [DEBUG] 处理后检测输出形状: (0, 52)
2026-05-21 15:55:43 [DEBUG] 有效检测数量: 0
2026-05-21 15:55:43 [DEBUG] 检测输出为空
2026-05-21 15:55:43 [INFO] 掩码中检测到的类别: [0, 1, 2, 3, 4, 5, 6, 7, 8, 9, 10, 11, 12, 13, 15]
2026-05-21 15:55:43 [INFO] 分割完成，检测到 0 个物体
2026-05-21 15:55:43 [INFO] 从分割掩码中提取检测结果
2026-05-21 15:55:44 [INFO] 从掩码中提取了 544 个检测框
2026-05-21 15:55:44 [INFO] 检测到车兜区域，将过滤区域外的目标
2026-05-21 15:55:44 [INFO] 车兜区域过滤: 544 -> 166 个目标
2026-05-21 15:55:44 [INFO] 保存分割和检测结果到: C:\code\show\Scrap_Steel_In_Field\photos\segmentation\segment_20260521_155544.jpg
2026-05-21 15:55:44 [INFO] JSON结果保存到: C:\code\show\Scrap_Steel_In_Field\photos\segmentation_result.json
2026-05-21 15:55:44 [INFO] 类别统计：{0: 8, 1: 21, 2: 20, 3: 1, 4: 7, 5: 19, 6: 14, 7: 13, 8: 15, 9: 13, 10: 9, 11: 2, 12: 7, 13: 12, 14: 0, 15: 5}
2026-05-21 15:55:44 [INFO] 面积统计：{1: np.float64(13491540.0), 2: np.float64(1089936.0), 3: np.float64(42768.0), 4: np.float64(432864.0), 5: np.float64(2300400.0), 6: np.float64(1597968.0), 7: np.float64(905904.0), 8: np.float64(755748.0), 9: np.float64(1627776.0), 10: np.float64(3144096.0), 11: np.float64(14256.0), 12: np.float64(4610772.0), 13: np.float64(600012.0), 15: np.float64(331776.0)}
2026-05-21 15:55:44 [INFO] 分割成功
2026-05-21 15:55:44 [INFO] 引擎上下文已释放
2026-05-21 15:55:44 [INFO] TensorRT 引擎已释放
2026-05-21 15:55:44 [INFO] 全局 CUDA 资源已释放
2026-05-21 15:55:44 [INFO] 分割系统资源已释放
2026-05-21 15:55:49 [INFO] CUDA 初始化成功
2026-05-21 15:55:49 [INFO] 引擎加载成功: scrap_steel.engine
2026-05-21 15:55:49 [INFO] 分割系统初始化成功
2026-05-21 15:55:49 [INFO] 图像预处理完成，原始尺寸: (2160, 3840)
2026-05-21 15:55:49 [INFO] 开始执行分割...
2026-05-21 15:55:49 [DEBUG] 处理后的检测结果形状: (1, 8400, 6)
2026-05-21 15:55:49 [DEBUG] 示例检测结果: [[-4.00478745e+00 -3.28300285e+00  3.89407272e+01  1.55935421e+01
   4.58726390e-08  5.00000000e+00]
 [-6.29217529e+00 -3.00690746e+00  4.43529663e+01  3.00353279e+01
   1.02912878e-08  9.00000000e+00]
 [-3.65096283e+00 -3.61595440e+00  4.57428513e+01  3.07258224e+01
   4.38359038e-09  9.00000000e+00]]
2026-05-21 15:55:49 [DEBUG] 处理后检测输出形状: (0, 52)
2026-05-21 15:55:49 [DEBUG] 有效检测数量: 0
2026-05-21 15:55:49 [DEBUG] 检测输出为空
2026-05-21 15:55:49 [INFO] 掩码中检测到的类别: [0, 1, 2, 3, 4, 5, 6, 7, 8, 9, 10, 11, 12, 13, 15]
2026-05-21 15:55:49 [INFO] 分割完成，检测到 0 个物体
2026-05-21 15:55:49 [INFO] 从分割掩码中提取检测结果
2026-05-21 15:55:49 [INFO] 从掩码中提取了 539 个检测框
2026-05-21 15:55:49 [INFO] 检测到车兜区域，将过滤区域外的目标
2026-05-21 15:55:49 [INFO] 车兜区域过滤: 539 -> 178 个目标
2026-05-21 15:55:51 [INFO] 保存分割和检测结果到: C:\code\show\Scrap_Steel_In_Field\photos\segmentation\segment_20260521_155550.jpg
2026-05-21 15:55:51 [INFO] JSON结果保存到: C:\code\show\Scrap_Steel_In_Field\photos\segmentation_result.json
2026-05-21 15:55:51 [INFO] 类别统计：{0: 17, 1: 20, 2: 15, 3: 1, 4: 9, 5: 21, 6: 11, 7: 15, 8: 18, 9: 16, 10: 11, 11: 1, 12: 7, 13: 12, 14: 0, 15: 4}
2026-05-21 15:55:51 [INFO] 面积统计：{1: np.float64(13498272.0), 2: np.float64(1314144.0), 3: np.float64(37584.0), 4: np.float64(347328.0), 5: np.float64(2492208.0), 6: np.float64(1658880.0), 7: np.float64(1019952.0), 8: np.float64(660960.0), 9: np.float64(1542744.0), 10: np.float64(3190752.0), 11: np.float64(11664.0), 12: np.float64(4441932.0), 13: np.float64(624852.0), 15: np.float64(357696.0)}
2026-05-21 15:55:51 [INFO] 分割成功
2026-05-21 15:55:51 [INFO] 引擎上下文已释放
2026-05-21 15:55:51 [INFO] TensorRT 引擎已释放
2026-05-21 15:55:51 [INFO] 全局 CUDA 资源已释放
2026-05-21 15:55:51 [INFO] 分割系统资源已释放
2026-05-21 15:55:55 [INFO] CUDA 初始化成功
2026-05-21 15:55:55 [INFO] 引擎加载成功: scrap_steel.engine
2026-05-21 15:55:55 [INFO] 分割系统初始化成功
2026-05-21 15:55:55 [INFO] 图像预处理完成，原始尺寸: (2160, 3840)
2026-05-21 15:55:55 [INFO] 开始执行分割...
2026-05-21 15:55:55 [DEBUG] 处理后的检测结果形状: (1, 8400, 6)
2026-05-21 15:55:55 [DEBUG] 示例检测结果: [[-4.00731659e+00 -3.27356625e+00  3.88903389e+01  1.54537783e+01
   4.51518680e-08  5.00000000e+00]
 [-6.33150101e+00 -3.01798630e+00  4.43552322e+01  3.00178261e+01
   1.00648450e-08  9.00000000e+00]
 [-3.64907455e+00 -3.58707619e+00  4.56803322e+01  3.06985912e+01
   4.28617319e-09  9.00000000e+00]]
2026-05-21 15:55:55 [DEBUG] 处理后检测输出形状: (0, 52)
2026-05-21 15:55:55 [DEBUG] 有效检测数量: 0
2026-05-21 15:55:55 [DEBUG] 检测输出为空
2026-05-21 15:55:55 [INFO] 掩码中检测到的类别: [0, 1, 2, 3, 4, 5, 6, 7, 8, 9, 10, 11, 12, 13, 15]
2026-05-21 15:55:55 [INFO] 分割完成，检测到 0 个物体
2026-05-21 15:55:55 [INFO] 从分割掩码中提取检测结果
2026-05-21 15:55:55 [INFO] 从掩码中提取了 523 个检测框
2026-05-21 15:55:55 [INFO] 检测到车兜区域，将过滤区域外的目标
2026-05-21 15:55:55 [INFO] 车兜区域过滤: 523 -> 179 个目标
2026-05-21 15:55:56 [INFO] 保存分割和检测结果到: C:\code\show\Scrap_Steel_In_Field\photos\segmentation\segment_20260521_155555.jpg
2026-05-21 15:55:56 [INFO] JSON结果保存到: C:\code\show\Scrap_Steel_In_Field\photos\segmentation_result.json
2026-05-21 15:55:56 [INFO] 类别统计：{0: 10, 1: 25, 2: 18, 3: 0, 4: 9, 5: 18, 6: 16, 7: 14, 8: 16, 9: 17, 10: 10, 11: 2, 12: 7, 13: 12, 14: 0, 15: 5}
2026-05-21 15:55:56 [INFO] 面积统计：{1: np.float64(13256604.0), 2: np.float64(1263600.0), 3: np.float64(3888.0), 4: np.float64(414720.0), 5: np.float64(2244672.0), 6: np.float64(1911600.0), 7: np.float64(1022544.0), 8: np.float64(791640.0), 9: np.float64(1770912.0), 10: np.float64(2862864.0), 11: np.float64(16848.0), 12: np.float64(4744296.0), 13: np.float64(620136.0), 15: np.float64(325296.0)}
2026-05-21 15:55:56 [INFO] 分割成功
2026-05-21 15:55:56 [INFO] 引擎上下文已释放
2026-05-21 15:55:56 [INFO] TensorRT 引擎已释放
2026-05-21 15:55:56 [INFO] 全局 CUDA 资源已释放
2026-05-21 15:55:56 [INFO] 分割系统资源已释放
2026-05-21 15:56:00 [INFO] CUDA 初始化成功
2026-05-21 15:56:00 [INFO] 引擎加载成功: scrap_steel.engine
2026-05-21 15:56:00 [INFO] 分割系统初始化成功
2026-05-21 15:56:00 [INFO] 图像预处理完成，原始尺寸: (2160, 3840)
2026-05-21 15:56:00 [INFO] 开始执行分割...
2026-05-21 15:56:00 [DEBUG] 处理后的检测结果形状: (1, 8400, 6)
2026-05-21 15:56:00 [DEBUG] 示例检测结果: [[-4.04483414e+00 -3.29115868e+00  3.88041878e+01  1.56081944e+01
   4.40820713e-08  5.00000000e+00]
 [-6.31151581e+00 -3.04249763e+00  4.41542816e+01  2.98989620e+01
   9.77672343e-09  9.00000000e+00]
 [-3.62221527e+00 -3.61700726e+00  4.56748123e+01  3.05426216e+01
   4.21340118e-09  9.00000000e+00]]
2026-05-21 15:56:00 [DEBUG] 处理后检测输出形状: (0, 52)
2026-05-21 15:56:00 [DEBUG] 有效检测数量: 0
2026-05-21 15:56:00 [DEBUG] 检测输出为空
2026-05-21 15:56:00 [INFO] 掩码中检测到的类别: [0, 1, 2, 3, 4, 5, 6, 7, 8, 9, 10, 11, 12, 13, 15]
2026-05-21 15:56:00 [INFO] 分割完成，检测到 0 个物体
2026-05-21 15:56:00 [INFO] 从分割掩码中提取检测结果
2026-05-21 15:56:01 [INFO] 从掩码中提取了 516 个检测框
2026-05-21 15:56:01 [INFO] 检测到车兜区域，将过滤区域外的目标
2026-05-21 15:56:01 [INFO] 车兜区域过滤: 516 -> 173 个目标
2026-05-21 15:56:01 [INFO] 保存分割和检测结果到: C:\code\show\Scrap_Steel_In_Field\photos\segmentation\segment_20260521_155601.jpg
2026-05-21 15:56:01 [INFO] JSON结果保存到: C:\code\show\Scrap_Steel_In_Field\photos\segmentation_result.json
2026-05-21 15:56:01 [INFO] 类别统计：{0: 1, 1: 28, 2: 19, 3: 2, 4: 8, 5: 20, 6: 11, 7: 18, 8: 18, 9: 16, 10: 8, 11: 1, 12: 6, 13: 12, 14: 0, 15: 5}
2026-05-21 15:56:01 [INFO] 面积统计：{1: np.float64(14032980.0), 2: np.float64(1170288.0), 3: np.float64(12960.0), 4: np.float64(505440.0), 5: np.float64(2379456.0), 6: np.float64(1683504.0), 7: np.float64(1018656.0), 8: np.float64(689472.0), 9: np.float64(1603404.0), 10: np.float64(3144096.0), 11: np.float64(7776.0), 12: np.float64(4016664.0), 13: np.float64(615384.0), 15: np.float64(355104.0)}
2026-05-21 15:56:01 [INFO] 分割成功
2026-05-21 15:56:01 [INFO] 引擎上下文已释放
2026-05-21 15:56:01 [INFO] TensorRT 引擎已释放
2026-05-21 15:56:01 [INFO] 全局 CUDA 资源已释放
2026-05-21 15:56:01 [INFO] 分割系统资源已释放
